ACGCCTGACACGCGCT-1,0,0,0,2019,2602
TACCGATCCAACACTT-1,0,1,1,2272,2747
ATTAAAGCGGACGAGC-1,0,0,2,2019,2892
GATAAGGGACGATTAG-1,0,1,3,2271,3038
GTGCAAATCACCAATA-1,0,0,4,2018,3183
TGTTGGCTGGCGGAAG-1,0,1,5,2271,3328
GCATCCTCTCCTATTA-1,0,0,6,2018,3473
GCGAGGGACTGCTAGA-1,0,1,7,2270,3619
TGGTACCGGCACAGCC-1,0,0,8,2017,3764
GCGCGTTTAAATCGTA-1,0,1,9,2270,3909
TGCCTTGCCCTTACGG-1,0,0,10,2017,4054
GACGACTTTCCAAGAA-1,0,1,11,2269,4200
CCAGTGAGCTCCTTGT-1,0,0,12,2016,4345
ATACCCTGGCTCAAAT-1,0,1,13,2269,4490
GGGTTTCCGGCTTCCA-1,0,0,14,2016,4635
TAACCGTCCAGTTCAT-1,0,1,15,2268,4781
AAACAACGAATAGTTC-1,0,0,16,2015,4926
CAAGGGAGTGTATTTG-1,0,1,17,2268,5071
CCAAGCTTGATCTCCT-1,0,0,18,2015,5216
TTATTTCATCCCAAAC-1,0,1,19,2267,5362
GAGCGCTATGTCAGGC-1,0,0,20,2014,5507
TATGGCAGACTTTCGA-1,0,1,21,2267,5652
CTTCGTGCCCGCATCG-1,0,0,22,2014,5797
AAACGGGTTGGTATCC-1,0,1,23,2266,5943
TGCAAACCCACATCAA-1,0,0,24,2013,6088
GACGGGATGTCTTATG-1,0,1,25,2266,6233
GGCGAGCATCGAGGAC-1,0,0,26,2013,6378
CGCGTGCTATCAACGA-1,0,1,27,2265,6524
TGAAACCTCAACTCAC-1,0,0,28,2012,6669
CACATAAGGCGACCGT-1,0,1,29,2265,6814
TGACCCAACTCACATT-1,0,0,30,2012,6959
ATACGCCGATCTACCG-1,0,1,31,2264,7105
ACTTATCTGATCTATA-1,0,0,32,2011,7250
GTGTGAGCCGAGGTGC-1,0,1,33,2264,7395
GATGATTTGAAACTGG-1,0,0,34,2011,7540
GGGAACCACCTGTTTC-1,0,1,35,2263,7686
GTTCGTTGCGGACCAG-1,0,0,36,2011,7831
TGAGGTTGATCCCAAG-1,0,1,37,2263,7976
GATGCCACACTACAGC-1,0,0,38,2010,8121
AGGCAAAGAGGAATCA-1,0,1,39,2263,8267
AAGTAAGCTTCCAAAC-1,0,0,40,2010,8412
AACGTAGTCTACCCAT-1,0,1,41,2262,8557
GTTTGAGCGGTTATGT-1,0,0,42,2009,8702
GAAGCAAGGCAATGTT-1,0,1,43,2262,8848
TCACTCAGCGCATTAG-1,0,0,44,2009,8993
TACAATGAAACCAGCA-1,0,1,45,2261,9138
GTGCGCTTACAAATGA-1,0,0,46,2008,9283
GCACTCCCACAGTCCC-1,0,1,47,2261,9429
CGAAGACTGCCCGGGA-1,0,0,48,2008,9574
CAGGATCCGCCCGACC-1,0,1,49,2260,9719
CACGATTGGTCGTTAA-1,0,0,50,2007,9864
GGTTGTATCGTGAAAT-1,0,1,51,2260,10010
TCTTATGGGTAGTACC-1,0,0,52,2007,10155
TACAAGCTGTTCACTG-1,0,1,53,2259,10300
GTATCTTGTTGCTCAC-1,0,0,54,2006,10445
ATACCAGGTGAGCGAT-1,0,1,55,2259,10591
CCTAAACAGGGTCCGT-1,0,0,56,2006,10735
ATGGTGCTCAAAGCCA-1,0,1,57,2258,10881
CAAATGCGGAGTGTTC-1,0,0,58,2005,11026
CGTGCCCGACATTTGT-1,0,1,59,2258,11172
GTATCTCCCTAACTGT-1,0,0,60,2005,11316
ATTTGCCTAGTTACGA-1,0,1,61,2257,11462
ACGTCCTAAACGAGAT-1,0,0,62,2004,11607
CTGGGATCGCCCAGAT-1,0,1,63,2257,11753
CTGCAAATGGGCTCCA-1,0,0,64,2004,11897
CATTATAACAGGGTCC-1,0,1,65,2256,12043
ACCTTTCCTTTAGAAG-1,0,0,66,2003,12188
ATAGATTTGCAGTCGG-1,0,1,67,2256,12334
CTCGGGCATCGTCGGG-1,0,0,68,2003,12478
GTGGCGGGCCGTAGCT-1,0,1,69,2255,12624
CAACAGTGCCAAACGG-1,0,0,70,2002,12769
TGCGGGTATTGGGATC-1,0,1,71,2255,12915
GTCTCGCCAACACGCC-1,0,0,72,2002,13059
CTGGGCGGCCAAATGT-1,0,1,73,2254,13205
TAAAGGAGAAACTAGT-1,0,0,74,2001,13350
TCCCACGGAGGGAGCT-1,0,1,75,2254,13496
AGCTTCAATACTTTGA-1,0,0,76,2001,13640
TTCCACATTTCTCGTC-1,0,1,77,2253,13786
ACAAACCGACAAGGCG-1,0,0,78,2000,13931
AGACGGGATTGGTATA-1,0,1,79,2253,14077
AACCTAAAGCCGTCCG-1,0,0,80,2000,14221
TACAAATTGCGGAGGT-1,0,1,81,2252,14367
CCCGCTAGAGGGTTAA-1,0,0,82,1999,14512
CATTGCAAAGCATAAT-1,0,1,83,2252,14658
TGTACGCTATCAGCTT-1,0,0,84,1999,14802
TTCTTCGCAATAGAGC-1,0,1,85,2251,14948
TGTGATTCCAGCGCTT-1,1,0,86,1998,15093
ATTCAGGATCGCCTCT-1,1,1,87,2251,15239
GCCCATGGGTGCAATG-1,0,0,88,1998,15383
TTCCCGACGCTTCACT-1,0,1,89,2250,15529
AGCGGTTGAGATGTAC-1,0,0,90,1997,15674
GCTGTCTGTGATCGAC-1,0,1,91,2250,15819
AAAGACATGAAGTTTA-1,0,0,92,1997,15964
CAACAGAATAACGCTA-1,0,1,93,2249,16110
TGCGGTCTACGAGTAA-1,0,0,94,1997,16255
AAGACTCACGCCCACT-1,0,1,95,2249,16400
CTTTGAAACATATTCC-1,0,0,96,1996,16545
CTGGGCACTAGTCGGA-1,0,1,97,2249,16691
CGCCCTTACATCCACC-1,0,0,98,1996,16836
CACGACCACAGACTTT-1,0,1,99,2248,16981
CAATCCATTATCCGTT-1,0,0,100,1995,17126
GTGGCGTGCACCAGAG-1,0,1,101,2248,17272
CGGAGTCCTAACCTGG-1,0,0,102,1995,17417
GGTCCCATAACATAGA-1,0,1,103,2247,17562
ATCTCATAAACCTACC-1,0,0,104,1994,17707
TGCATGGCAGTCTTGC-1,0,1,105,2247,17853
TTGCAGGTCATGAAGT-1,0,0,106,1994,17998
AGCTGCATTTGAGGTG-1,0,1,107,2246,18143
TAATCAGGAATGCTGC-1,0,0,108,1993,18288
CCATCATAAGAACAGG-1,0,1,109,2246,18434
TCGTATCACCAAGCTA-1,0,0,110,1993,18579
ATTCAGATGAATCCCT-1,0,1,111,2245,18724
AAAGGTCAACGACATG-1,0,0,112,1992,18869
AGCTGCTGTGCCGAAT-1,0,1,113,2245,19015
CTAGCGCCAATCCTAC-1,0,0,114,1992,19160
GCTCGACCGAACTGAA-1,0,1,115,2244,19305
ACAGTGCAGCGCATTT-1,0,0,116,1991,19450
CGGCTGAAGGTTACGC-1,0,1,117,2244,19596
CACCTCTACGAGTGTG-1,0,0,118,1991,19741
ATACGACAGATGGGTA-1,0,1,119,2243,19886
ACTTCCTGTCGTGCGA-1,0,0,120,1990,20031
CGTAACGGAACGATCA-1,0,1,121,2243,20177
AAATCACTCCTAAACG-1,0,0,122,1990,20322
CTCCGAGTAAATCCGC-1,0,1,123,2242,20467
ACGCTAGTATCAGTGC-1,0,0,124,1989,20612
AGAGTGAACAGACACC-1,0,1,125,2242,20758
ACACCCGTAAATCTGT-1,0,0,126,1989,20903
GCTTTGCTGCCGGGTA-1,0,1,127,2241,21048
ACAGGAGGCGCAGCCG-1,0,2,0,2525,2603
AGGCAATACGGAGGAC-1,0,3,1,2777,2748
TGGTGTGACAGACGAT-1,0,2,2,2524,2893
ATCTATCGATGATCAA-1,0,3,3,2777,3039
CGGTAACAAGATACAT-1,0,2,4,2524,3184
TCGCCGGAGAGTCTTA-1,0,3,5,2776,3329
GGAGGAGTGTGTTTAT-1,0,2,6,2523,3474
TTAGGTGTGACTGGTC-1,0,3,7,2776,3620
CAGGGCTAACGAAACC-1,0,2,8,2523,3765
CCCGTGGGTTAATTGA-1,0,3,9,2775,3910
GACCGACCGCTAATAT-1,0,2,10,2522,4055
GGTATCAAGCATAGAA-1,0,3,11,2775,4201
TGCATGAGTAGATTCG-1,0,2,12,2522,4346
AATTCCAACTTGGTGA-1,1,3,13,2774,4491
TGCCGATGTCATCAAT-1,0,2,14,2521,4636
GCTGGGTCCGCTGTTA-1,1,3,15,2774,4782
TGAACACCCGAAGCAG-1,0,2,16,2521,4927
AACATTGGTCAGCCGT-1,1,3,17,2773,5072
GTGGGTCTTCTTTGCG-1,0,2,18,2520,5217
CATCGAATGGATCTCT-1,1,3,19,2773,5363
GCTACACTGTCCGAAC-1,0,2,20,2520,5508
CGGGTTGTAGCTTTGG-1,0,3,21,2772,5653
CCTAAGTGTCTAACCG-1,0,2,22,2519,5798
TCTGTGACTGACCGTT-1,0,3,23,2772,5944
TTATCATACTCGCAAA-1,0,2,24,2519,6089
AGCGTAGCGCTAGACC-1,0,3,25,2771,6234
TCCCTCCGAAATCGTT-1,0,2,26,2518,6379
AGGTCGCCACTTCGGT-1,0,3,27,2771,6525
CTAGCAACTAATTTAC-1,0,2,28,2518,6669
TTGCTAGCTACCAATC-1,0,3,29,2770,6815
GCCGGTTTGGGCGGAT-1,0,2,30,2517,6960
TGTAACTTGTCAACCT-1,0,3,31,2770,7106
CGAGATGTTGCCTATA-1,0,2,32,2517,7250
GTTACGAAATCCACGC-1,0,3,33,2769,7396
CTTGTCGTACGTGTCA-1,0,2,34,2516,7541
GCGTCCAGCTCGTGGC-1,0,3,35,2769,7687
CCCTTCTCGTACGCGA-1,0,2,36,2516,7831
CCAAAGTCCCGCTAAC-1,0,3,37,2768,7977
CCGCTTCGCGGTTAAC-1,0,2,38,2515,8122
GTTACGGCCCGACTGC-1,0,3,39,2768,8268
CCCGCTTGCCCTCGTC-1,0,2,40,2515,8412
TAGTGAGAAGTGGTTG-1,0,3,41,2767,8558
CGCTACCGCCCTATGA-1,0,2,42,2515,8703
AAACAATCTACTAGCA-1,0,3,43,2767,8849
GCGCGATGGGTCAAGT-1,0,2,44,2514,8993
ATAAACCATTGGACGG-1,0,3,45,2767,9139
TCGGGCACTTCTGGAT-1,0,2,46,2514,9284
TCTGTGGCTACATTTC-1,0,3,47,2766,9430
CTCTGTGCCTGCTATG-1,0,2,48,2513,9574
CACGACTAAAGTTCTG-1,0,3,49,2766,9720
GAGGAGTAATTCCTAC-1,0,2,50,2513,9865
AGAGGTATCTCGGTCC-1,0,3,51,2765,10011
GGCGTACCCTATATAA-1,0,2,52,2512,10155
GCCGGAAACACATCTT-1,0,3,53,2765,10301
AAATGTGGGTGCTCCT-1,0,2,54,2512,10446
ACCAGGAGTGTGATCT-1,0,3,55,2764,10592
TGTGGAGGAAGCTTAA-1,0,2,56,2511,10736
AAGGAGAACTTATAAG-1,0,3,57,2764,10882
CCCTCGGGAGCCTTGT-1,0,2,58,2511,11027
ACTGTTTAGTGTAGGC-1,0,3,59,2763,11172
CGTCAGTTTATCGTCT-1,0,2,60,2510,11317
GCGTGTATGTCGTATT-1,0,3,61,2763,11463
ACAATCGATCTTTATA-1,0,2,62,2510,11608
CAGCCCTCACAGGCAG-1,0,3,63,2762,11753
CGCGTCATATTAAACC-1,0,2,64,2509,11898
GAAGACTTCAATGCCG-1,0,3,65,2762,12044
TTGCGGCGACTCATGC-1,0,2,66,2509,12189
ACCAAACTAGAAATCC-1,0,3,67,2761,12334
TTACTGTTTCTCTACG-1,0,2,68,2508,12479
GACCAGGTCATTCATA-1,0,3,69,2761,12625
TTCTTCCCTTTGATAT-1,0,2,70,2508,12770
ACGCCCAGCTGTCGAT-1,0,3,71,2760,12915
AGTAGCGTGAACGAAC-1,0,2,72,2507,13060
CCTCGACCCACTGCCT-1,0,3,73,2760,13206
AGTTATTGAAAGGTAA-1,0,2,74,2507,13351
TCAGTTACGGAATGAT-1,0,3,75,2759,13496
GAATCTATACTCGGAC-1,0,2,76,2506,13641
TCGGCTAACTTCCCTT-1,0,3,77,2759,13787
ACGTGGTCGAATGTGC-1,0,2,78,2506,13932
ATATCGTGCCAGACCC-1,0,3,79,2758,14077
GTAGCTAGTAAGCGCG-1,0,2,80,2505,14222
ACGCTTAGTGTCTCTC-1,0,3,81,2758,14368
TCCGGCCTGCATCGAT-1,0,2,82,2505,14513
TAGTGGAACTCATACA-1,0,3,83,2757,14658
ATCATCTGCCCAGTGT-1,0,2,84,2504,14803
GTTATTAAATACGACC-1,0,3,85,2757,14949
GCGCTAAGTATGCATG-1,0,2,86,2504,15094
CCTGACGCAACCTTTA-1,0,3,87,2756,15239
CCCAAGAATGCACGGT-1,0,2,88,2503,15384
AACTGGGTTCGAGCCG-1,1,3,89,2756,15530
GGTTCCACCCGCTTCT-1,0,2,90,2503,15675
CATGCACGTGTTACTG-1,0,3,91,2755,15820
AGCGTTCCGATTTAAA-1,0,2,92,2502,15965
CCTACGCGACCTTACA-1,0,3,93,2755,16111
CGAATTACATGGTGTT-1,0,2,94,2502,16256
GAGGTCTTAGTGGGTC-1,0,3,95,2754,16401
GCCGCTAGATACGCAG-1,0,2,96,2501,16546
GTCACCTGTCTATGTC-1,0,3,97,2754,16692
CCGATTGGTCAATGAA-1,0,2,98,2501,16837
CCTGTGCGGATTGTAA-1,0,3,99,2753,16982
TTACGTAGCGCGTGCT-1,0,2,100,2501,17127
GGAGGCGAAGAACCGC-1,0,3,101,2753,17273
GGGTCACGTGCTTATG-1,0,2,102,2500,17418
GCTCCGGACGTTGATA-1,0,3,103,2753,17563
ATGTTTGTAAGATCAT-1,0,2,104,2500,17708
TGACCCAGCATTCCCG-1,0,3,105,2752,17854
TGGTCGTTTGATAGAT-1,0,2,106,2499,17999
TGTAATGCCTTCGGAC-1,0,3,107,2752,18144
TGCTCACACAACAACC-1,0,2,108,2499,18289
TACGATCCAAGCCACT-1,0,3,109,2751,18435
TTGTAACTTCATAGCG-1,0,2,110,2498,18580
AGATTCAAGCGGGTCG-1,0,3,111,2751,18725
CTCAGCAGACTGCCGA-1,0,2,112,2498,18870
GTAACATCAGCTCATC-1,0,3,113,2750,19016
ATGGAACAGAATAAAC-1,0,2,114,2497,19161
GGGCCTATACAACCGG-1,0,3,115,2750,19306
TCAAACAATTAGGACA-1,0,2,116,2497,19451
AAACCACTACACAGAT-1,0,3,117,2749,19597
AAACGACAGTCTTGCC-1,0,2,118,2496,19742
TTGAGGGTCGAACGCG-1,0,3,119,2749,19887
TGTTGATCACTGTTTA-1,0,2,120,2496,20032
AGGGTGTGCTACACGC-1,0,3,121,2748,20178
GTAGTTAGACAATATA-1,0,2,122,2495,20322
AATGGCCGCCAATGCG-1,0,3,123,2748,20468
TCGGCGGTATTAGATT-1,0,2,124,2495,20613
GGGTCACTGAGTAGTG-1,0,3,125,2747,20759
GAATTATGCAACCTAC-1,0,2,126,2494,20903
GATCTTAGTGAACGTG-1,0,3,127,2747,21049
CTAATGCGCCCAACAA-1,0,4,0,3030,2603
GCCACCCATTCCACTT-1,0,5,1,3283,2749
TACTCACAACGTAGTA-1,0,4,2,3030,2894
GTTCGGTGTGGATTTA-1,0,5,3,3282,3040
TCTTTCGGCGGGACAC-1,1,4,4,3029,3184
GGAGACATTCACGGGC-1,1,5,5,3282,3330
GGGATTATCTCACAAC-1,1,4,6,3029,3475
TAGAACGCCAGTAACG-1,1,5,7,3281,3621
ACGAGTCGCCGGCGTT-1,1,4,8,3028,3765
TGATGGGACTAAGTCA-1,1,5,9,3281,3911
TGCGAGAAACGTTACG-1,1,4,10,3028,4056
TCGCCTCGACCTGTTG-1,1,5,11,3280,4202
AACTCGATAAACACGT-1,1,4,12,3027,4346
AGGAAAGCCTCTGATG-1,1,5,13,3280,4492
GAAGGACTAAATTGAA-1,1,4,14,3027,4637
GTATCGGGACGAGCTG-1,1,5,15,3279,4783
CCTGTGCATAGGAGAC-1,1,4,16,3026,4927
CATACGGGTGCATGAT-1,1,5,17,3279,5073
CCACTAAACTGAATCG-1,1,4,18,3026,5218
AAATTGCGGCGGTTCT-1,1,5,19,3278,5364
AGTCCAGCGGGTACGT-1,1,4,20,3025,5508
CATTCAGGTCAGTGCG-1,1,5,21,3278,5654
CTAAAGTCCGAAGCTA-1,1,4,22,3025,5799
AATCAGACTGCAGGAC-1,1,5,23,3277,5945
AGTATCCATAATAACG-1,1,4,24,3024,6089
CTGGCTGCTAACGTAA-1,1,5,25,3277,6235
GTTCCAAGACAGCGAC-1,0,4,26,3024,6380
AAGACTAACCCGTTGT-1,1,5,27,3276,6526
GATTAATCCTGGCTCA-1,0,4,28,3023,6670
CGCGCAAGGAACTACA-1,1,5,29,3276,6816
CAGTAGCGAGGTAGTA-1,0,4,30,3023,6961
ACGGCGGGTTGCCCTG-1,1,5,31,3275,7106
CTAGGCGGCAGAGAAT-1,0,4,32,3022,7251
GTGCGCAGCTTGCTCC-1,0,5,33,3275,7397
TCACTATCGTGCAATC-1,0,4,34,3022,7542
TATGATTCTGCTTGGT-1,0,5,35,3274,7687
TAAGATTTAGCGGGAG-1,0,4,36,3021,7832
TTACGGTGTCACCGAG-1,0,5,37,3274,7978
CTACACTAGCTTGTTC-1,0,4,38,3021,8123
TGAGCAGTCGTGAAGT-1,0,5,39,3273,8268
CGCTGAGGACGTCCAA-1,0,4,40,3020,8413
GTGTATGACTTTAAAG-1,0,5,41,3273,8559
CTAAACGGGTGTAATC-1,0,4,42,3020,8704
TGTACTGTGCCAAAGT-1,0,5,43,3272,8849
GGCCACAAGCGATGGC-1,0,4,44,3019,8994
GTCAATTGTACTGAAG-1,0,5,45,3272,9140
AGGGACAGCACGGCGG-1,0,4,46,3019,9285
AGCTTATAGAGACCTG-1,0,5,47,3271,9430
AACTAGCGTATCGCAC-1,0,4,48,3019,9575
AACTTTAGCTGCTGAG-1,0,5,49,3271,9721
CCCAAGACAGAGTATG-1,0,4,50,3018,9866
GGCATCAACGAGCACG-1,0,5,51,3271,10011
ATGCATTCCGTGATGG-1,0,4,52,3018,10156
TTATAGATGCACATTA-1,0,5,53,3270,10302
GAACCATCTGGGAGAC-1,0,4,54,3017,10447
TGCTATACAAACGGAC-1,0,5,55,3270,10592
ACTTGCCATATTGTAC-1,0,4,56,3017,10737
TATTCCGGCAGTCCTA-1,0,5,57,3269,10883
GACGGACCGCGTTCCT-1,0,4,58,3016,11028
ATGTGTAGTTTAGTCA-1,0,5,59,3269,11173
ATACCAGCAAATTGCT-1,0,4,60,3016,11318
AAGTTTACTAATGGCA-1,0,5,61,3268,11464
CTCTCGATGTGCGCCT-1,0,4,62,3015,11609
GATTGACACTCTGCTC-1,0,5,63,3268,11754
TATCACAGCACGGGCA-1,0,4,64,3015,11899
ACCGTTCCCGCTCTGA-1,0,5,65,3267,12045
CCGCCACCACAATCCA-1,0,4,66,3014,12190
CATTCACTGACAGCTA-1,0,5,67,3267,12335
CGGCTGCAAGATTAAG-1,0,4,68,3014,12480
CATGAACCTCTTATCA-1,0,5,69,3266,12626
TTAATGCGAGGTAACT-1,0,4,70,3013,12771
AATAAGTCCTCGAGAC-1,0,5,71,3266,12916
ACCAGCCCGGTCTTTG-1,0,4,72,3013,13061
CTACGAACTAGGTCGA-1,0,5,73,3265,13207
ACATCTCAACGCGTAA-1,0,4,74,3012,13352
CACTACTCAGTTCTGT-1,0,5,75,3265,13497
CCGACTCGCATAGTCT-1,0,4,76,3012,13642
CATTTATCGTTCAAGA-1,0,5,77,3264,13788
CAAACGTGGTCTTGCG-1,0,4,78,3011,13933
TAGAAACCACTAAGTA-1,0,5,79,3264,14078
ACTGATTTAGTGATTC-1,0,4,80,3011,14223
TCGTATTTCGTCCGGA-1,0,5,81,3263,14369
CGGAAATTTCACATCC-1,0,4,82,3010,14514
ATCCACGCTAAATGTT-1,0,5,83,3263,14659
GTTCAATCTATGTCAA-1,0,4,84,3010,14804
ATAAAGGTCAAGTACG-1,0,5,85,3262,14950
CAACTCCAACGTTTAG-1,0,4,86,3009,15095
TAGGAACAGCCTCCAG-1,0,5,87,3262,15240
ATGGGAACGGAAGCGG-1,1,4,88,3009,15385
CACACGTTTCAATGGG-1,1,5,89,3261,15531
GGTGTTCTGTTTCTAC-1,0,4,90,3008,15675
AGTAACGTTCATCCTG-1,0,5,91,3261,15821
GTATAGTGGCCCATGT-1,0,4,92,3008,15966
TCTACACGTTCATGCA-1,0,5,93,3260,16112
AATCTGGGTAGACCCT-1,0,4,94,3007,16256
TCGGTTAGCCATGTAG-1,0,5,95,3260,16402
TGCCATGGCTTATAAG-1,0,4,96,3007,16547
TAAGTAAATGTGCCGC-1,0,5,97,3259,16693
GTGTCCGATAAGGCAT-1,0,4,98,3006,16837
TGGCACGAGCTCGAGT-1,0,5,99,3259,16983
ACCGGTCTGAGTACGG-1,0,4,100,3006,17128
GAACTTAGCGCCCGGT-1,0,5,101,3258,17274
AGTAGCTAGACGCCGA-1,0,4,102,3005,17418
ATAGGAATCTAAGCTT-1,0,5,103,3258,17564
CTTCCTGCATATTTAC-1,0,4,104,3005,17709
CAATATGTAGATTTAC-1,0,5,105,3257,17855
ACAAGGCCTACCAGCC-1,0,4,106,3005,17999
TTATAGTCCAAGGTGC-1,0,5,107,3257,18145
AAACGCCCGAGATCGG-1,0,4,108,3004,18290
CCTCGTTACGCCTGTT-1,0,5,109,3257,18436
GAACGGTGTAAAGCAG-1,0,4,110,3004,18580
ACGCATAAATGACATG-1,0,5,111,3256,18726
GGTTCGATGCTGAGTT-1,0,4,112,3003,18871
CTTTGGCAGACAGAGT-1,0,5,113,3256,19017
TTCGTGGGCTGGAAGC-1,0,4,114,3003,19161
CAAAGGTTAAATTCAG-1,0,5,115,3255,19307
GTTTGGCGTCAGGCAC-1,0,4,116,3002,19452
GCTTTCTATCTCAACT-1,0,5,117,3255,19598
TGCATCTCCGGATCTT-1,0,4,118,3002,19742
CTGAAACGGCCCTCAG-1,0,5,119,3254,19888
TAGCAGTAAATACGCG-1,0,4,120,3001,20033
CGGGCTACTTAAATTG-1,0,5,121,3254,20179
ATTATGCTCAGTATTG-1,0,4,122,3001,20323
TGATGCTCACGTAGTC-1,0,5,123,3253,20469
GTCTAAGATGCCCAGC-1,0,4,124,3000,20614
AACCCGATAGGGCTTC-1,0,5,125,3253,20759
CGCTATCGTGGCTTTA-1,0,4,126,3000,20904
CGTCTCTCGCCGAGGC-1,0,5,127,3252,21050
AGTGGGAGTATACACG-1,0,6,0,3536,2604
GGTCTTGGTGTTAACT-1,0,7,1,3788,2750
GGCTGGCAGCTTTATG-1,0,6,2,3535,2895
CGCCAATTATTGCGTT-1,1,7,3,3788,3040
GGTAACCGGCAAAGGT-1,1,6,4,3535,3185
TGGGACCATTGGGAGT-1,1,7,5,3787,3331
CTGCAGGTGCTCGGCC-1,1,6,6,3534,3476
CCGGTGCGAGTGATAG-1,1,7,7,3787,3621
GGGTACACTCTGGAGG-1,1,6,8,3534,3766
TAGCCAGAGGGTCCGG-1,1,7,9,3786,3912
CTTGTGAGGACAGCGG-1,1,6,10,3533,4057
GAAGGGCATAACCATG-1,1,7,11,3786,4202
CAACATGGCCTGATAA-1,1,6,12,3533,4347
CAATTTGACCGGGAAG-1,1,7,13,3785,4493
TCTGACTGTAATGGTT-1,1,6,14,3532,4638
TTCATAGCCTTGTAAC-1,1,7,15,3785,4783
TGGAAACGGAGTGAAC-1,1,6,16,3532,4928
ATCGCACGATTGTTCA-1,1,7,17,3784,5074
CGCCACCCGCATTAAC-1,1,6,18,3531,5219
TGGACCACGGCGTTGA-1,1,7,19,3784,5364
GTATATGTTACGGCGG-1,1,6,20,3531,5509
GTATTCTTACCGTGCT-1,1,7,21,3783,5655
TTCAGAGTAACCTGAC-1,1,6,22,3530,5800
GCGGTAACCCAAATGA-1,1,7,23,3783,5945
CTACGTGTTGCCACCA-1,1,6,24,3530,6090
CTAGATAAACTCCTCG-1,1,7,25,3782,6236
TCCATTAGTTGGATAG-1,1,6,26,3529,6381
CTGGCTCCTGCGGGAT-1,1,7,27,3782,6526
CAGTCTCTCGGCTAAT-1,1,6,28,3529,6671
GTATGACGTGGGAAAC-1,1,7,29,3781,6817
AGTCACTCCGCCTCAT-1,1,6,30,3528,6962
GCAGCGGTGGGCATTA-1,1,7,31,3781,7107
TATGGAGTTTCTCGTT-1,1,6,32,3528,7252
ACTCAACGAATGTATT-1,1,7,33,3780,7398
AACACGCGGCCGCGAA-1,1,6,34,3527,7543
CGATATTAGCCGCAGG-1,1,7,35,3780,7688
AGCGTCTGAACCCGCA-1,0,6,36,3527,7833
GATGTCCGGATCACAT-1,1,7,37,3779,7979
GGTCACGTTAGATTCA-1,0,6,38,3526,8124
TTAAGGATACGGAGGT-1,1,7,39,3779,8269
GTGCGGGACCATCGGC-1,0,6,40,3526,8414
CCATCTTGTTCACAAT-1,0,7,41,3778,8560
TCCGAGAAGGCTAAGC-1,0,6,42,3525,8705
TGGCGGTGTGCGATTG-1,0,7,43,3778,8850
ATCCTGCTGCAGATAG-1,0,6,44,3525,8995
TTATGCGTCCCGGTCC-1,0,7,45,3777,9141
CATAATGAGCGGGCGA-1,0,6,46,3524,9286
AGACATAGATCCTTCC-1,0,7,47,3777,9431
GGTGAAACCGGGAATG-1,0,6,48,3524,9576
AACTGGTGTGGGCCTT-1,0,7,49,3776,9722
GTAGCGCTGTTGTAGT-1,0,6,50,3523,9867
TTGTTTGTGTAAATTC-1,0,7,51,3776,10012
GGATCAAAGGACGAGG-1,0,6,52,3523,10157
CGTAGCGCCGACGTTG-1,0,7,53,3775,10303
CAAGTGAACTTTGGTT-1,0,6,54,3523,10448
GTAGACAACCGATGAA-1,0,7,55,3775,10593
CAATGGTCGGCCTGGG-1,0,6,56,3522,10738
ACAGATTAGGTTAGTG-1,0,7,57,3775,10884
GTTATCACCTTCTGAA-1,0,6,58,3522,11029
TGGTATCGGTCTGTAT-1,0,7,59,3774,11174
GGAATAACCTCAAGAA-1,0,6,60,3521,11319
ATTATCTCGACAGATC-1,0,7,61,3774,11465
CCGAGGGATGTTAGGC-1,0,6,62,3521,11609
TGAGATCAAATACTCA-1,0,7,63,3773,11755
AAACGAAGAACATACC-1,0,6,64,3520,11900
CTGGTCCTAACTTGGC-1,0,7,65,3773,12046
TGCACGAGTCGGCAGC-1,0,6,66,3520,12190
ATAGTCTTTGACGTGC-1,0,7,67,3772,12336
TGGAGCTAAAGTTCCC-1,0,6,68,3519,12481
GGGTGGTCCAGCCTGT-1,0,7,69,3772,12627
CATGCATGGAGACCCT-1,0,6,70,3519,12771
ACACGGCACTATGCAT-1,0,7,71,3771,12917
CCCTGGTATGGGCGGC-1,0,6,72,3518,13062
GGAGGATTGAAAGGAG-1,0,7,73,3771,13208
CCGCTGGTGCCATTCA-1,0,6,74,3518,13352
GTTAGAGTGTGCCGCT-1,0,7,75,3770,13498
TCGGAATGACCATCAA-1,0,6,76,3517,13643
TTCAATTAGCCATAAT-1,0,7,77,3770,13789
GATGTGTTGTCACAAG-1,0,6,78,3517,13933
TCTTTCTCTTAAGGAG-1,0,7,79,3769,14079
ACCCTTTAGTTCTCCA-1,0,6,80,3516,14224
ACCACAACTCAGAACA-1,0,7,81,3769,14370
TATGATAAATCTAACG-1,0,6,82,3516,14514
GATCCTCTTGCGCTTA-1,0,7,83,3768,14660
TTCTACCTTTATGTTG-1,0,6,84,3515,14805
GAAATACCTGCTGGCT-1,0,7,85,3768,14951
ATTCTGAGTATGAACT-1,0,6,86,3515,15095
GGATTAAGCTAAGGTC-1,0,7,87,3767,15241
AGTACGTGGCCTGTCT-1,0,6,88,3514,15386
TCAGGGTGCACGAAAC-1,0,7,89,3767,15532
AAATTTACCGAAATCC-1,0,6,90,3514,15676
TTGAGGCATTTAACTC-1,0,7,91,3766,15822
AACCAGTATCACTCTT-1,0,6,92,3513,15967
CACCGGAGATATCTCC-1,0,7,93,3766,16112
GACTGGGCGCCGCAAC-1,0,6,94,3513,16257
CACGTCTATGATGTGG-1,0,7,95,3765,16403
TTAAGACGAACGAACC-1,0,6,96,3512,16548
TGACCAGCTTCAAAGT-1,0,7,97,3765,16693
AGAGTTAGAGACCGAT-1,0,6,98,3512,16838
TTCGGACTGATGCCTT-1,0,7,99,3764,16984
CTCGAATGGAACGTAT-1,0,6,100,3511,17129
GGACGGCTTGCGCAAC-1,0,7,101,3764,17274
CTAAGTACAGGGCTAC-1,0,6,102,3511,17419
ACAAATTCAGATCTGA-1,0,7,103,3763,17565
CATGGAAATGGGACCA-1,0,6,104,3510,17710
GGTGGACCACGTGTTA-1,0,7,105,3763,17855
CACGACGTAATAGTAA-1,0,6,106,3510,18000
CGGGTTCGGCACGTAT-1,0,7,107,3762,18146
CTGGGCTATCCTTTGG-1,0,6,108,3509,18291
GTATTAGGGTTCGCGT-1,0,7,109,3762,18436
TCATTCGTATAATTTG-1,0,6,110,3509,18581
AATAGCAAGCCTCCTG-1,0,7,111,3761,18727
CATCTACCCGAGAACG-1,0,6,112,3509,18872
GCTTCAGTGGGATTAC-1,0,7,113,3761,19017
TCTGTGATGGAGGTTG-1,0,6,114,3508,19162
ATCCACTTTCAGACTA-1,0,7,115,3761,19308
ATGGTTACGAAACATG-1,0,6,116,3508,19453
GGCCCAATCTAGAGGG-1,0,7,117,3760,19598
GATGGTGAAATAACCC-1,0,6,118,3507,19743
AGAGGGACAATTGTCC-1,0,7,119,3760,19889
CGCGTACATTCTGGAA-1,0,6,120,3507,20034
CAAGAAACCCTAAACT-1,0,7,121,3759,20179
TTGGTGCGGTGTTGAA-1,0,6,122,3506,20324
GGTTCCCTAGTGTCTC-1,0,7,123,3759,20470
CGATAACCAATTTGAG-1,0,6,124,3506,20615
GCCCACTGGTCCACAA-1,0,7,125,3758,20760
GAGGGCCGGCAGAGTC-1,0,6,126,3505,20905
CGACACGGATGCCCAC-1,0,7,127,3758,21051
CTGTCTGTGGCTGGCT-1,0,8,0,4041,2605
ATATTATCCCGTATTT-1,1,9,1,4294,2751
GCGCTGGCGGAAAGTC-1,1,8,2,4041,2896
ATCTAACGTCCCTATG-1,1,9,3,4293,3041
GTCAGACAGCGTTGGA-1,1,8,4,4040,3186
GCCAGGCTTAGTGGTA-1,1,9,5,4293,3332
ATTCAAAGTACCTGTT-1,1,8,6,4040,3477
TGGACGTAGGCGAATC-1,1,9,7,4292,3622
ACACATTGACGCAACA-1,1,8,8,4039,3767
GATATCAGTATGTATC-1,1,9,9,4292,3913
TGGGCCTTGCCTGCAT-1,1,8,10,4039,4058
CAAAGTCAGGTTAGCT-1,1,9,11,4291,4203
GGATCCCTACCAGCTA-1,1,8,12,4038,4348
ATCGTCCAATCGAGTC-1,1,9,13,4291,4494
ACATGGCTCAATTTAG-1,1,8,14,4038,4639
AGGCCCAGTGACTGGT-1,1,9,15,4290,4784
GCTTCCAGCTTAGATT-1,1,8,16,4037,4929
TGCTTGAAACCATGCA-1,1,9,17,4290,5075
CAATATTGGACTAGTG-1,1,8,18,4037,5220
CGTGCTGGCCTAGTCG-1,1,9,19,4289,5365
CCTGCGATAGAACTGT-1,1,8,20,4036,5510
GGGTAATGCTGTGTTT-1,1,9,21,4289,5656
AACGCGAACGGCAACA-1,1,8,22,4036,5801
TGTCGGCATGGTGGAA-1,1,9,23,4288,5946
AGCGTACGAGAGCTAG-1,1,8,24,4035,6091
ATACTCTCGCCACTCT-1,1,9,25,4288,6237
AATCCATGCAAGGGTG-1,1,8,26,4035,6382
TTAAACAGAGTCCCGC-1,1,9,27,4287,6527
CCACAGCTGAAATCAT-1,1,8,28,4034,6672
CGGTTCCGGCTTCTTG-1,1,9,29,4287,6818
GACGTGAGACTCCATG-1,1,8,30,4034,6963
TCGTTGGCTCGTCAAT-1,1,9,31,4286,7108
GGTGAACGGGCTAGCC-1,1,8,32,4033,7253
GCACTGTGCAAATGTA-1,1,9,33,4286,7399
ACGAGAACCCATCACG-1,1,8,34,4033,7543
CCAGCTACGCCTCATA-1,1,9,35,4285,7689
TCCCGGTCAGGAATTT-1,1,8,36,4032,7834
TCGCATTCAATGACTT-1,1,9,37,4285,7980
CTGGTTCAACGCATCA-1,1,8,38,4032,8124
GGTGATTTCATCTTGT-1,1,9,39,4284,8270
CACCCTTTCCTCGCTC-1,1,8,40,4031,8415
CAACTTGTAGTGGGCA-1,1,9,41,4284,8561
AATATCAAGGTCGGAT-1,0,8,42,4031,8705
ACTCAGACCTGCTTCT-1,1,9,43,4283,8851
TTGGAGTCTCCCTTCT-1,0,8,44,4030,8996
GGATACTCATGAATTG-1,1,9,45,4283,9142
TGGGCACAAACAGAAC-1,0,8,46,4030,9286
GAGCCACGGTAGTAGG-1,1,9,47,4282,9432
TCGATAGGCTAGTCGC-1,0,8,48,4029,9577
TAACCGCCCGCAGTGC-1,1,9,49,4282,9723
GCCTATTTGCTACACA-1,0,8,50,4029,9867
TTGACGATTCAGCACG-1,0,9,51,4281,10013
TTAAACCGGTAGCGAC-1,0,8,52,4028,10158
ACCGAAAGGGCCCTGC-1,0,9,53,4281,10304
ACGTTCCGCGCTCCGT-1,0,8,54,4028,10448
ATACCAGGCTAATAGA-1,0,9,55,4280,10594
CGGCTTTGTATGATAA-1,0,8,56,4027,10739
CTTGACCCGAAAGATA-1,0,9,57,4280,10885
CGCAGAAACATTTGCG-1,0,8,58,4027,11029
GACCCGTCGCCGGCTA-1,0,9,59,4279,11175
AATCGGGACACTACGA-1,0,8,60,4027,11320
GTCACAAAGTTTCCAA-1,0,9,61,4279,11466
TATATTCGCGTCGATA-1,0,8,62,4026,11610
CCTCCCGACAATCCCT-1,0,9,63,4279,11756
CGACATGCGATCTTCT-1,0,8,64,4026,11901
AACACGACTGTACTGA-1,0,9,65,4278,12046
CCCAACCACACTAACA-1,0,8,66,4025,12191
CACCGCCGACCAGCGA-1,0,9,67,4278,12337
TGGTATCGCATCCCAA-1,0,8,68,4025,12482
CAGAGTGATTTAACGT-1,0,9,69,4277,12627
AACCCTGGTGGAACCA-1,0,8,70,4024,12772
GTCAGTTGTGCTCGTT-1,0,9,71,4277,12918
ATTGACGTAACTCGGT-1,0,8,72,4024,13063
GATGTCGGTCAACTGC-1,0,9,73,4276,13208
AGGGCAGCGGCGTGGT-1,0,8,74,4023,13353
ACATCGTTAACCTAGT-1,0,9,75,4276,13499
TCCATTGTGACCTCGT-1,0,8,76,4023,13644
TGTTTAATACTTCATC-1,0,9,77,4275,13789
TTGCTGGCCGGGCTTC-1,0,8,78,4022,13934
CATATTATTTGCCCTA-1,0,9,79,4275,14080
CTGCCTAGCCACCAAG-1,0,8,80,4022,14225
ACGAGATATTTGCTTA-1,0,9,81,4274,14370
GACTACAATTGCTCGT-1,0,8,82,4021,14515
AACGTGATGAAGGACA-1,0,9,83,4274,14661
ACTCTCTTATACACGA-1,0,8,84,4021,14806
CGCATCATGGCTTCAG-1,0,9,85,4273,14951
CGGCTCTTCGTCGAAC-1,0,8,86,4020,15096
ATTCTTCGTACTTATG-1,0,9,87,4273,15242
AGTGAGGGTTTCTGAC-1,0,8,88,4020,15387
GCCAGGCGTTCGCATG-1,0,9,89,4272,15532
GACTAACACAGCACCT-1,0,8,90,4019,15677
CAATGGAATCTACATA-1,0,9,91,4272,15823
GTGGTCAGCGAAGTAT-1,0,8,92,4019,15968
ATGGCTGGAAATGGCC-1,0,9,93,4271,16113
ATCAGGTCGCCATTGC-1,0,8,94,4018,16258
TATCACCATGTAAAGT-1,0,9,95,4271,16404
AGCGCTTATGGGCAAG-1,0,8,96,4018,16549
AAGCGGCGTCATGGGT-1,0,9,97,4270,16694
ACTAATACGTCAGGCG-1,0,8,98,4017,16839
GGCTGAGCATCGTAAG-1,0,9,99,4270,16985
CGGTTGGGTTCAAGTT-1,0,8,100,4017,17130
GACTGATTGGTCACAA-1,0,9,101,4269,17275
AGACGGGCCGATTTAA-1,0,8,102,4016,17420
ACCAGTGCCCGGTCAA-1,0,9,103,4269,17566
GTCCTTTAATGACTTC-1,0,8,104,4016,17711
CCTACAAGTCCGGAAT-1,0,9,105,4268,17856
GCCTGCTACACTGAGA-1,0,8,106,4015,18001
GACTCGGTCGGCGGAT-1,0,9,107,4268,18147
CTAGACATATATGTAG-1,0,8,108,4015,18292
TCGCCCAACTGACTCC-1,0,9,109,4267,18437
AAACTAACGTGGCGAC-1,0,8,110,4014,18582
AACTGAGGTCAGCGTC-1,0,9,111,4267,18728
ACAATGATTCTTCTAC-1,0,8,112,4014,18873
ATAAGTACCCGATTGT-1,0,9,113,4266,19018
ATTGGGAGTTCTGTAA-1,0,8,114,4013,19163
CGAACATAGTCAGAAA-1,0,9,115,4266,19309
TAGCTCAGATCCTAGT-1,0,8,116,4013,19454
GTGTCGTATTCACCTT-1,0,9,117,4265,19599
CTCACCGATCCAAACT-1,0,8,118,4013,19744
ATATGTGCACAAACCA-1,0,9,119,4265,19890
CAGTCCAACGCCTTCT-1,0,8,120,4012,20035
TCGTCCGGGTACACTC-1,0,9,121,4265,20180
GCAGAAACGTAATCCA-1,0,8,122,4012,20325
TTCGAGCCGGCGCTAC-1,0,9,123,4264,20471
GGAAGATAAGACTGTA-1,0,8,124,4011,20615
ATAAGCAAACACCGAG-1,0,9,125,4264,20761
GCATAAATTGAACGCC-1,0,8,126,4011,20906
CGCCGGTGTCGCAGTA-1,0,9,127,4263,21052
GACCTGGTCTGGGCGT-1,1,10,0,4546,2606
AGCCGCTTGATTAGCG-1,1,11,1,4799,2752
CCCGGCTAGGTGAGAA-1,1,10,2,4546,2896
CGAGCCGAGCACTCGA-1,1,11,3,4798,3042
TAGTGCTTGAATCCTT-1,1,10,4,4546,3187
CAACCGCACCTAGACA-1,1,11,5,4798,3333
ACCACTGTTCAAGAAG-1,1,10,6,4545,3477
AGATGCTATAACGAGC-1,1,11,7,4798,3623
AATTACTCGTACGCTC-1,1,10,8,4545,3768
CGTCAATCTTTAACAT-1,1,11,9,4797,3914
CCAAAGCAGTTGGTTG-1,1,10,10,4544,4058
CCATATTGGATCATGA-1,1,11,11,4797,4204
CGTACCGAAAGTCTAG-1,1,10,12,4544,4349
CTCGAGATCCAAAGCA-1,1,11,13,4796,4495
TGGATAGAGTAACAGA-1,1,10,14,4543,4639
TCACAGATCCTCAAAC-1,1,11,15,4796,4785
AGAGCTACGAAAGCAT-1,1,10,16,4543,4930
TGCGTGATTGGGTGTC-1,1,11,17,4795,5076
CACATGTTTGGACATG-1,1,10,18,4542,5220
TTCGCATCCGGAAGCA-1,1,11,19,4795,5366
CCCTAGTGTCAGGTGT-1,1,10,20,4542,5511
TTACCGCCTTAGGGAA-1,1,11,21,4794,5657
CCAGTCCATTATTCGA-1,1,10,22,4541,5801
CGTAAACGCTTGAGTG-1,1,11,23,4794,5947
ATTCCTTCCAGGCGGT-1,1,10,24,4541,6092
TTCCTTTCTGTGTTGC-1,1,11,25,4793,6238
AGTTGACATCGGCTGG-1,1,10,26,4540,6382
AACTCGATGGCGCAGT-1,1,11,27,4793,6528
GATAAGGCAGATGCAA-1,1,10,28,4540,6673
GGCTGGCTAGCTTAAA-1,1,11,29,4792,6819
CCTCATGCAGCTACGA-1,1,10,30,4539,6963
GACGCCTGTTGCAGGG-1,1,11,31,4792,7109
TAATTAGATGGATATG-1,1,10,32,4539,7254
GAGGGCATCGCGTATC-1,1,11,33,4791,7399
CTTGTGAGTCTTTGAC-1,1,10,34,4538,7544
TCAACACATTGGGTAA-1,1,11,35,4791,7690
ACTGTATACGCGAGCA-1,1,10,36,4538,7835
GTGAAACGTGCTCCAC-1,1,11,37,4790,7980
CGAGTGCTATAGTTCG-1,1,10,38,4537,8125
GTACTGCATGAAGCGT-1,1,11,39,4790,8271
GTAACTTGCGGCAGTC-1,1,10,40,4537,8416
GAATCGCCGGACACGG-1,1,11,41,4789,8561
GGGAGTAATGGCTGGC-1,1,10,42,4536,8706
CATGAACCGACATTTG-1,1,11,43,4789,8852
TCTGTCATACAAGAGC-1,1,10,44,4536,8997
GTCGTCAATTATAAGG-1,1,11,45,4788,9142
TAAAGAGCCCGAAACC-1,1,10,46,4535,9287
GTACTGAGGTCGTAAC-1,1,11,47,4788,9433
AAAGACCCAAGTCGCG-1,1,10,48,4535,9578
CGTCAGTGCGCACAAG-1,1,11,49,4787,9723
TGTATCCTTATTCCAT-1,1,10,50,4534,9868
ATTCTCGTCTCTTTAG-1,1,11,51,4787,10014
AAAGTCACTGATGTAA-1,1,10,52,4534,10159
TGTCTACAGTTTCTGT-1,1,11,53,4786,10304
TTAACGTCGCAAGACC-1,1,10,54,4533,10449
CTATGTCTATTGAAAC-1,1,11,55,4786,10595
TCGGGTGAAACTGCTA-1,0,10,56,4533,10740
TGTCCCGACATAGCAC-1,1,11,57,4785,10885
ACAGCATAGAGCCAGT-1,0,10,58,4532,11030
ATATTCCCACAGGTCA-1,0,11,59,4785,11176
TTGGATCGACTTCTGG-1,0,10,60,4532,11321
CACCATCGGAGGAGAC-1,0,11,61,4784,11466
TCGTTCGTTATTATGT-1,0,10,62,4531,11611
CTTAACTTCGAAGTAC-1,0,11,63,4784,11757
GCACAAGTGTCGGAAG-1,0,10,64,4531,11902
TACCAGCTAGGTTTAA-1,0,11,65,4783,12047
ACGTACAGATTTCTCT-1,0,10,66,4531,12192
AATTTGGTTCCAAAGA-1,0,11,67,4783,12338
GTAAGGATTTGTCGGA-1,0,10,68,4530,12483
CATCATCTACCCGGAC-1,0,11,69,4783,12628
ACGATGGATCCGATGC-1,0,10,70,4530,12773
CACTCAGCTCTTGAGG-1,0,11,71,4782,12919
TAGATCCGAAGTCGCA-1,0,10,72,4529,13064
TGAAACTTATGCAAGC-1,0,11,73,4782,13209
GCGATTCTGGAAGCAG-1,0,10,74,4529,13354
CAAACTATTGAGCTTC-1,0,11,75,4781,13500
TAGAATTAAGGGCAAC-1,0,10,76,4528,13645
CGAAACATAGATGGCA-1,0,11,77,4781,13790
GATGGTGCCCTAGGCA-1,0,10,78,4528,13935
CCCGCAGGGCCCAAAG-1,0,11,79,4780,14081
ACAGCGCACCCGCAGC-1,0,10,80,4527,14226
GGTAAATGTGCGTTAC-1,0,11,81,4780,14371
GTCCTTCTAGTGGGTT-1,0,10,82,4527,14516
GGAAGCTCGCTTACAG-1,0,11,83,4779,14662
CACCGATACACCGAGC-1,0,10,84,4526,14807
CAGCCGGGCCCTCTAT-1,0,11,85,4779,14952
CGGAGCTTATAACACC-1,0,10,86,4526,15097
ATTACAACTACCGGCC-1,0,11,87,4778,15243
TCCTCTGGCCCATTAG-1,0,10,88,4525,15388
CGGCACCGTTAGCGCC-1,0,11,89,4778,15533
TCGGTCCCTGACTCCA-1,0,10,90,4525,15678
TGGTTGGAGGATCCTG-1,0,11,91,4777,15824
CTGCGGTAGTCACGTG-1,0,10,92,4524,15969
GTGCCTCAGTGTACGG-1,0,11,93,4777,16114
ATCGTTCACTTTCGCC-1,0,10,94,4524,16259
ACTTACCGGGCGCGCA-1,0,11,95,4776,16405
CTAGACTGCATTTCGT-1,0,10,96,4523,16549
TTGCCGGTGATCCCTC-1,0,11,97,4776,16695
CTGTCACGCCAGGCGC-1,0,10,98,4523,16840
CGGTATAGGTATTAGC-1,0,11,99,4775,16986
CCAACGCTTGCCAGGG-1,0,10,100,4522,17130
CGTTGAGTAATTGCGT-1,0,11,101,4775,17276
TGTATTTACCTAATGC-1,0,10,102,4522,17421
TAAATGCCGTCTCATG-1,0,11,103,4774,17567
CGGTTTATGAAGGAAC-1,0,10,104,4521,17711
GCAAGATGTGTTCGCG-1,0,11,105,4774,17857
AAAGGTAAGCTGTACC-1,0,10,106,4521,18002
GTACGTCACGTATTAA-1,0,11,107,4773,18148
AGTACCTTCGAGTGCT-1,0,10,108,4520,18292
ATTGTGACTTCGCTGC-1,0,11,109,4773,18438
TGTATCAGACTGAAGC-1,0,10,110,4520,18583
GAGACCCTGCAACGCC-1,0,11,111,4772,18729
TGGGTGGGATGTCATT-1,0,10,112,4519,18873
GGCTAATGATTGAAAT-1,0,11,113,4772,19019
ATAACGTTACCTCCAC-1,0,10,114,4519,19164
TGCGAGATGGCGGCCA-1,0,11,115,4771,19310
CACACTTGTATTGCGA-1,0,10,116,4518,19454
GCTGGTGACTCGTAGT-1,0,11,117,4771,19600
CGACACCGCTTAAGGA-1,0,10,118,4518,19745
GTAACAACTGACCTTG-1,0,11,119,4770,19891
CAACTGAGGGTATGAC-1,0,10,120,4517,20035
CTAATTATGAAGCGTA-1,0,11,121,4770,20181
CCGATCTTAAGAGGCT-1,0,10,122,4517,20326
CGACTCGGTACACGGT-1,0,11,123,4769,20472
TGCTGCGTCAGAGTTA-1,0,10,124,4517,20616
AGAGTTGCAGGCCTCC-1,0,11,125,4769,20762
ACTGGCGAACCTGCGT-1,0,10,126,4516,20907
ACTAAGGACGCACACC-1,0,11,127,4769,21052
CGTCCAGATGGCTCCA-1,1,12,0,5052,2607
ACTATCGCCGGCTAAA-1,1,13,1,5304,2753
GATAGCGTACCACGCG-1,1,12,2,5051,2897
AGGACTTATAGGAGAA-1,1,13,3,5304,3043
TAGTCGGGATTCTTCG-1,1,12,4,5051,3188
ACCATTAAGGGTGTCA-1,1,13,5,5303,3333
TTAATGTGTTTGCAGG-1,1,12,6,5050,3478
TCCGCAGCCACCTAGC-1,1,13,7,5303,3624
GAGGAGATCCTCATGC-1,1,12,8,5050,3769
GGTCCTTCATACGACT-1,1,13,9,5302,3914
CCCTGTTGGCAAAGAC-1,1,12,10,5050,4059
GTGCCTAGCTATGCTT-1,1,13,11,5302,4205
GTCATCTCCTACAGCT-1,1,12,12,5049,4350
GCGAGAAACGGGAGTT-1,1,13,13,5302,4495
CGTCGCGGCGGGATTT-1,1,12,14,5049,4640
CATTGTGTGCTAGATC-1,1,13,15,5301,4786
CGCGGCAGTATTACGG-1,1,12,16,5048,4931
GAAATGGGATGTAAAC-1,1,13,17,5301,5076
CATTCCCTAAGTACAA-1,1,12,18,5048,5221
AGTTCTGCGTTGTATC-1,1,13,19,5300,5367
ACCCTATAGGACTGAG-1,1,12,20,5047,5512
TTAGATAGGTCGATAC-1,1,13,21,5300,5657
ATTGATAGCAACGAGA-1,1,12,22,5047,5802
TCTCGGCTCCAGGACT-1,1,13,23,5299,5948
CTTGAGGTTATCCCGA-1,1,12,24,5046,6093
AAGAAGGATCAGTTAG-1,1,13,25,5299,6238
GTACGACGGCGCTGCG-1,1,12,26,5046,6383
CTTATGTTGACTACCA-1,1,13,27,5298,6529
CGGCACTCAAGAAAGT-1,1,12,28,5045,6674
GTCAAAGTTTACATAG-1,1,13,29,5298,6819
CTCCTAAGTTATGTCT-1,1,12,30,5045,6964
ACTGTGCTAGTAGATC-1,1,13,31,5297,7110
GTTTGGCCGCTCAGCG-1,1,12,32,5044,7255
TTATCCAATCGAACTC-1,1,13,33,5297,7400
CCGTACCCAAGCGCCA-1,1,12,34,5044,7545
CATACAAAGCCGAACC-1,1,13,35,5296,7691
GGTCGGTAATTAGACA-1,1,12,36,5043,7836
AGCGGGAAGGGTCCAT-1,1,13,37,5296,7981
GCCCACCAAGGCTGTC-1,1,12,38,5043,8126
GTAGACGTCGTTACAT-1,1,13,39,5295,8272
GAGCATCATCCCTGGG-1,1,12,40,5042,8417
AGGTAACCTCCTATTC-1,1,13,41,5295,8562
GGTTTGAGTGCTGGAA-1,1,12,42,5042,8707
GCACTAGTCGCGCTAT-1,1,13,43,5294,8853
GGTAACTATGTATCTG-1,1,12,44,5041,8998
GCGGTCCCTAGACGCA-1,1,13,45,5294,9143
CGAGCGTTGATCAGCC-1,1,12,46,5041,9288
AATCCAAGGGCCTGAG-1,1,13,47,5293,9434
CCGTGCCCATGACGGC-1,1,12,48,5040,9579
GAAATTCACATCGCTG-1,1,13,49,5293,9724
CTCTGCGAAGCAAGCA-1,1,12,50,5040,9869
AGTAGGTAACATACAT-1,1,13,51,5292,10015
ATTGGGAATATCTTGG-1,1,12,52,5039,10160
TAGAGCTACGAAGAAC-1,1,13,53,5292,10305
TGCGGCATAGTTCAAC-1,1,12,54,5039,10450
CCGCCGGTCAACACAC-1,1,13,55,5291,10596
TCGTATAGTGCAATTA-1,1,12,56,5038,10741
TAGTTTATTCTTGCTT-1,1,13,57,5291,10886
GATATCTCATGCAATA-1,1,12,58,5038,11031
CGTTTAAGCGGAGCAC-1,1,13,59,5290,11177
CATGCTGGCTCCAATT-1,1,12,60,5037,11322
GAAACAGCCATGCAGT-1,1,13,61,5290,11467
AGTTTCGCAGGTCGGA-1,0,12,62,5037,11612
CTCATGGCTCACAATC-1,1,13,63,5289,11758
AACCGTTGTGTTTGCT-1,0,12,64,5036,11903
ACCCTTCATCTGCGAA-1,0,13,65,5289,12048
TGCGGTGAAATTTCAT-1,0,12,66,5036,12193
CAAATTGTCAGCAAGC-1,0,13,67,5288,12339
GAGGTACATCCATCTT-1,0,12,68,5035,12483
AAATGGCATGTCTTGT-1,0,13,69,5288,12629
TCATCCCAGAGGGTGG-1,0,12,70,5035,12774
CGTAGCGAATTGTCAG-1,0,13,71,5287,12920
CCTAGTTAGTCGCATG-1,0,12,72,5035,13064
GAAACTCTAATGAAGG-1,0,13,73,5287,13210
TTGTATCACACAGAAT-1,0,12,74,5034,13355
TTCAAGCCGAGCTGAG-1,0,13,75,5287,13501
AGGTACGATATTGCCA-1,0,12,76,5034,13645
TTAAGCCGACAACTTC-1,0,13,77,5286,13791
GTCTTAGTACAGCCGG-1,0,12,78,5033,13936
TGGGTAAGGTTCCCGC-1,0,13,79,5286,14082
CTACGCCATTTCCGAT-1,0,12,80,5033,14226
GACCGTCAGGTCGTGA-1,0,13,81,5285,14372
TAGTTAAGATAGGATA-1,0,12,82,5032,14517
GAATATTCGGAGTCCC-1,0,13,83,5285,14663
CAAACTACGATAGAGA-1,0,12,84,5032,14807
CAGGAAGACTTTATAT-1,0,13,85,5284,14953
TTCGTAATCCCAGCGG-1,0,12,86,5031,15098
GTGAGGAGCGGTTGAG-1,0,13,87,5284,15244
CAATCCCTATACCAGC-1,0,12,88,5031,15388
AGGGAAACGAGGTACT-1,0,13,89,5283,15534
TCCTGCCAACTGGAGA-1,0,12,90,5030,15679
AATTTGGGACATAGTA-1,0,13,91,5283,15825
AACTCCTAATCCCATG-1,0,12,92,5030,15969
GCTCATTACTGCATGT-1,0,13,93,5282,16115
TCTCGAACGAGGTCAC-1,0,12,94,5029,16260
TCACTACGACCAATGC-1,0,13,95,5282,16406
GTGATGCACAACATCT-1,0,12,96,5029,16550
CCGACGTAAACACAAC-1,0,13,97,5281,16696
TGGGATGCACTCATTC-1,0,12,98,5028,16841
TTCCATCATGCGGTGA-1,0,13,99,5281,16986
TGCACAGTGAAGTTAT-1,0,12,100,5028,17131
CTATTGTGTTTGGTCA-1,0,13,101,5280,17277
TGCGAGCCCTTCCGCG-1,0,12,102,5027,17422
TTGAAAGGTGTAAAGG-1,0,13,103,5280,17567
GGTGCAGAGCCTATCG-1,0,12,104,5027,17712
ACTATATGCTGTGTTC-1,0,13,105,5279,17858
TCCTGGCGCTGCCTGG-1,0,12,106,5026,18003
GAGCCGAGCGTTTATT-1,0,13,107,5279,18148
AGAATGCGGGTTCGGA-1,0,12,108,5026,18293
ATGCGACAATTGGTCC-1,0,13,109,5278,18439
TTCCGGCTCGACTTCT-1,0,12,110,5025,18584
TGATTATGGCACGCAG-1,0,13,111,5278,18729
GGTTTGACAAGAAGCT-1,0,12,112,5025,18874
GCAGCTATGGACAGGT-1,0,13,113,5277,19020
CACCATGATCGCAAAG-1,0,12,114,5024,19165
GTCGGAAGGATACCAG-1,0,13,115,5277,19310
GGCCCAGTTATCAGCA-1,0,12,116,5024,19455
GGGCCTATTTAAGTAT-1,0,13,117,5276,19601
GTTGTTACATTGCGCT-1,0,12,118,5023,19746
CAACTCCGTAACTTGC-1,0,13,119,5276,19891
GATCTTTGCTCAAAGA-1,0,12,120,5023,20036
TCGCTTAATTACGAAG-1,0,13,121,5275,20182
CGATCATTAGAGGCAC-1,0,12,122,5022,20327
TGTTCTCTACTCCCTA-1,0,13,123,5275,20472
GCTTAGGGAAGCGGTA-1,0,12,124,5022,20617
CAGGTTTAGTACTACA-1,0,13,125,5274,20763
AAGCGGAGTGCGCGCA-1,0,12,126,5021,20908
TCAGATGGAGACGTAG-1,0,13,127,5274,21053
TCGCACTAACGTTTGT-1,1,14,0,5557,2608
CACGTCGGGTTCTAGA-1,1,15,1,5810,2753
GGAGTACACATGAGCT-1,1,14,2,5557,2898
GTGTGTCGACGTCGCT-1,1,15,3,5809,3044
GAAGCTCTTTGCTTAG-1,1,14,4,5556,3189
ACACCGAGCGCTCTTT-1,1,15,5,5809,3334
CGTAATAATTACGAGT-1,1,14,6,5556,3479
CATCAACACCTACTAA-1,1,15,7,5808,3625
CCAAGTTTCTACAGAT-1,1,14,8,5555,3770
ACGGGTCATGTGACTT-1,1,15,9,5808,3915
AGTGTGCTAAGATCGC-1,1,14,10,5555,4060
GGCGGTTTGCCGGTGC-1,1,15,11,5807,4206
GTATAATCTCCCGGAT-1,1,14,12,5554,4351
TAGTCCGTATGCATAA-1,1,15,13,5807,4496
CACTTCGTCTTATCTC-1,1,14,14,5554,4641
CATCCGCAGGCCCGAA-1,1,15,15,5806,4787
CCCTGATGTAACTCGT-1,1,14,16,5554,4932
CCATAGTCAGTAACCC-1,1,15,17,5806,5077
CGGGCCATAGCCGCAC-1,1,14,18,5553,5222
CTCCGGCTTGTAGACA-1,1,15,19,5806,5368
AACTTGCGTTCTCGCG-1,1,14,20,5553,5513
AATGAGTTCGCATATG-1,1,15,21,5805,5658
CGAGGCCAGGCATTGG-1,1,14,22,5552,5803
TCTGCGTCCGGTTTCT-1,1,15,23,5805,5949
CAATCCTGCCGTGGAG-1,1,14,24,5552,6094
CTGAGCAAGTAACAAG-1,1,15,25,5804,6239
GGGTACCCACGGTCCT-1,1,14,26,5551,6384
ACGGAATTTAGCAAAT-1,1,15,27,5804,6530
GGGCGGTCCTATTGTC-1,1,14,28,5551,6675
ATGTTACGAGCAATAC-1,1,15,29,5803,6820
AACCATGGGATCGCTA-1,1,14,30,5550,6965
TCGCATCCCTAAGTGT-1,1,15,31,5803,7111
ACTTAGTACGACAAGA-1,1,14,32,5550,7256
GAGCTCTCGGACCTAA-1,1,15,33,5802,7401
TCTATTACGCTGGCGA-1,1,14,34,5549,7546
AGATACGACTTCATAT-1,1,15,35,5802,7692
CGCTATACCGCCCACT-1,1,14,36,5549,7836
CAGTGTCCGCAGAATG-1,1,15,37,5801,7982
CCATCCATACCAAGTC-1,1,14,38,5548,8127
AACCCAGAGACGGAGA-1,1,15,39,5801,8273
GAAGAACGGTGCAGGT-1,1,14,40,5548,8417
GATAAATCGGTGGATG-1,1,15,41,5800,8563
CAGCTCGTGCTTGTGT-1,1,14,42,5547,8708
GAGTACGGGTATACAA-1,1,15,43,5800,8854
CATCGCCCGCGGCCAA-1,1,14,44,5547,8998
TCTTACAGAGGTACCG-1,1,15,45,5799,9144
TGGAAGACGAACACCA-1,1,14,46,5546,9289
GTTGTCGTGTTAGTTG-1,1,15,47,5799,9435
CCAAGGAACAGAGAGG-1,1,14,48,5546,9579
CTGCACCTGGAACCGC-1,1,15,49,5798,9725
CGCTTTCATACCGGTG-1,1,14,50,5545,9870
GTTCTTCCCTCGATGT-1,1,15,51,5798,10016
ATTTAACTCGTATTAC-1,1,14,52,5545,10160
AACGATAGAAGGGCCG-1,1,15,53,5797,10306
TATCCTGCATGGGAAT-1,1,14,54,5544,10451
AGGCCCATTGTACAGG-1,1,15,55,5797,10597
CCGGCGCATATTGGAT-1,1,14,56,5544,10741
ATCTGTAATTGTACCC-1,1,15,57,5796,10887
GAGCGAGGGAGTACCG-1,1,14,58,5543,11032
TTATTAGGGAAGCATC-1,1,15,59,5796,11178
CTTCTTACGTCGTATA-1,1,14,60,5543,11322
GAAGTGCTGGATAGCT-1,1,15,61,5795,11468
GTGCAACAAATGTGGC-1,1,14,62,5542,11613
CATGCGTTAGACAGAA-1,1,15,63,5795,11759
ACACACTTTCTACACG-1,1,14,64,5542,11903
AGCCCTAAGCGAAGTT-1,1,15,65,5794,12049
ATTAATTCGGTCACTC-1,0,14,66,5541,12194
AACAGGAAATCGAATA-1,1,15,67,5794,12339
ACGTTTAGTTGTGATC-1,0,14,68,5541,12484
TCCTTCAGTGGTCGAA-1,1,15,69,5793,12630
CGAACGCCCAGTGCCG-1,0,14,70,5540,12775
CCTCGAAGTGGACGGG-1,0,15,71,5793,12920
CTCTGTTTGAGGATTC-1,0,14,72,5540,13065
TGGGCACGTTCTATGG-1,0,15,73,5792,13211
ACTATTCGTCCGTGGT-1,0,14,74,5539,13356
CCTCTGGCCTAGACGG-1,0,15,75,5792,13501
CCATAAACAACCCGAC-1,0,14,76,5539,13646
CATAGTACATTGAGAG-1,0,15,77,5791,13792
ATTTCATTATTTCGCG-1,0,14,78,5539,13937
CAACTATATCGAATGC-1,0,15,79,5791,14082
CTAGTATTCGGAATTA-1,0,14,80,5538,14227
GTGGAACCTACATGCG-1,0,15,81,5791,14373
CCTAAAGGCTGACGCT-1,0,14,82,5538,14518
CGTGACATTGGGTCGT-1,0,15,83,5790,14663
CCAATCGGTAGATCGA-1,0,14,84,5537,14808
ATTGTCGCAATACCTT-1,0,15,85,5790,14954
AAATTACACGACTCTG-1,0,14,86,5537,15099
CACTCCTCTCGGTCGG-1,0,15,87,5789,15244
AAATAACCATACGGGA-1,0,14,88,5536,15389
AGTTACTCTATCGTGG-1,0,15,89,5789,15535
CGTTAGCTCACAACTG-1,0,14,90,5536,15680
GAATGTATGGCAGGTC-1,0,15,91,5788,15825
GCAACCACCAGACCGG-1,0,14,92,5535,15970
TCACTCGTGCAACGGC-1,0,15,93,5788,16116
AAACAGAGCGACTCCT-1,0,14,94,5535,16261
CAGCCTCTCCTCAAGA-1,0,15,95,5787,16406
TTGCGTGAACGCTTAG-1,0,14,96,5534,16551
CCGCCTGCGAATTGGT-1,0,15,97,5787,16697
AGATGAGGGTTGCGAT-1,0,14,98,5534,16842
CGGTGGGCTCCAGCCT-1,0,15,99,5786,16987
GGCAGCGGTAATCCTA-1,0,14,100,5533,17132
GCTAGCAGGGAGTGGG-1,0,15,101,5786,17278
CTCAAGACATTAGCGC-1,0,14,102,5533,17423
CACGGCGCGCCAAAGG-1,0,15,103,5785,17568
TGCAATTTGGGCACGG-1,0,14,104,5532,17713
ATGCCAATCGCTCTGC-1,0,15,105,5785,17859
GCTGGACCCAAAGTGG-1,0,14,106,5532,18004
ATTCCTAAGACGTGGA-1,0,15,107,5784,18149
TCCGGAGGAAGGGCTG-1,0,14,108,5531,18294
TCGGTGACCGCTCCGG-1,0,15,109,5784,18440
TCCGAAGTAGTCACCA-1,0,14,110,5531,18585
CATGTAGGAGCGCCAA-1,0,15,111,5783,18730
CACAAGAAAGATATTA-1,0,14,112,5530,18875
AGGGTCAGTAACCCTA-1,0,15,113,5783,19021
TAAGCCCTTACGACCA-1,0,14,114,5530,19166
ATACCGTCATCCATAA-1,0,15,115,5782,19311
GGACGTCCATAGTTGG-1,0,14,116,5529,19456
CATCAAACTGGCGCCC-1,0,15,117,5782,19602
AAACGTGTTCGCCCTA-1,0,14,118,5529,19747
AAATTGGTGAGAAGCA-1,0,15,119,5781,19892
GGTCATTGTAGTCATA-1,0,14,120,5528,20037
TGCAGTGAGGCTCGGG-1,0,15,121,5781,20183
GAACATTAGTATGTTA-1,0,14,122,5528,20328
GGTTTGCGAACACGTA-1,0,15,123,5780,20473
ACACAAATATTCCTAG-1,0,14,124,5527,20618
TTGGGTTTATTCAGCG-1,0,15,125,5780,20764
ATTCGCAGAGGACACT-1,0,14,126,5527,20909
GATTTAGTGCGTACTG-1,0,15,127,5779,21054
TAGAAACACAATAGTG-1,1,16,0,6063,2609
CAGTAGATGATGTCCG-1,1,17,1,6315,2754
TCTTAACTCGGATGTA-1,1,16,2,6062,2899
TACATCTTGTTTCTTG-1,1,17,3,6315,3045
TTCATAGGGTGTCCAT-1,1,16,4,6062,3190
TGAAGTAGCTTACGGA-1,1,17,5,6314,3335
GCACAAGTGGATCATA-1,1,16,6,6061,3480
GGGCGAATTTCTCCAC-1,1,17,7,6314,3626
ATGTTCCTGCCCACCT-1,1,16,8,6061,3770
GCTCAACCTCTTAGAG-1,1,17,9,6313,3916
ATAGCTGCTCTTGTTA-1,1,16,10,6060,4061
CGTCAGCTATTTACTC-1,1,17,11,6313,4207
ATCTGATAGTGTCTTA-1,1,16,12,6060,4351
TGCACTATGTGAGTGC-1,1,17,13,6312,4497
CCGACAAACACATGAG-1,1,16,14,6059,4642
GCCTTGTATATGCAGT-1,1,17,15,6312,4788
ATAATACCGTTAGCCG-1,1,16,16,6059,4932
ACACTCCAATGTCACT-1,1,17,17,6311,5078
AGTTGCTGACTGATAT-1,1,16,18,6058,5223
GGCGCTCCTCATCAAT-1,1,17,19,6311,5369
TGCCTGACATCGGTCA-1,1,16,20,6058,5513
TTGGCCATCTTGCGCT-1,1,17,21,6310,5659
CAGTGGTTGCACATGA-1,1,16,22,6058,5804
AGAATTGTTTGACATA-1,1,17,23,6310,5950
AAATGCTCGTTACGTT-1,1,16,24,6057,6094
CACCTAATAGAGTCGT-1,1,17,25,6310,6240
CATTTCTAGCAGACTA-1,1,16,26,6057,6385
CCGAAAGTGGTGAGCA-1,1,17,27,6309,6531
AGTCAGCCACCGCCTG-1,1,16,28,6056,6675
TCATCACTCGAGCTCG-1,1,17,29,6309,6821
CTCAGGACTCACCTGT-1,1,16,30,6056,6966
CGGTGTACTTGATCCC-1,1,17,31,6308,7112
CCTACGGCTCAGTCGA-1,1,16,32,6055,7256
GTACTTGGGCACTTCT-1,1,17,33,6308,7402
TGATTTCCTCCTGACG-1,1,16,34,6055,7547
CCTCACCAATCTTGAC-1,1,17,35,6307,7693
GGTGAGATGCAGATAA-1,1,16,36,6054,7837
GCTAGTTTCATTGAGG-1,1,17,37,6307,7983
AGGACATCGCACGTCG-1,1,16,38,6054,8128
GTGGACGTGCTGAGAC-1,1,17,39,6306,8273
TAAGGAACTTGTGGGA-1,1,16,40,6053,8418
TCGCTGTGCGTAAATC-1,1,17,41,6306,8564
GCATCCCTAACTTTGA-1,1,16,42,6053,8709
CACCCACACGTCACCC-1,1,17,43,6305,8854
CCCTCATTCTGGAATT-1,1,16,44,6052,8999
AGGGCGTGATCGGCTA-1,1,17,45,6305,9145
GGTGCGGATAAGTGGC-1,1,16,46,6052,9290
TAATATTGAAATTCGC-1,1,17,47,6304,9435
CTTACACTGGGAAATA-1,1,16,48,6051,9580
ACCAAGAACGCGTGTC-1,1,17,49,6304,9726
GCCTTCAGCCCTACCG-1,1,16,50,6051,9871
GATGCTACAAGCGCCT-1,1,17,51,6303,10016
CCGGGACCCGCAGAGA-1,1,16,52,6050,10161
GTTCCAGTCTGACCAT-1,1,17,53,6303,10307
ATGATCGGGAATAGAC-1,1,16,54,6050,10452
TTGGATTGGGTACCAC-1,1,17,55,6302,10597
TACCTCACGCTTGTAC-1,1,16,56,6049,10742
CATGGCAGGAAGATCG-1,1,17,57,6302,10888
ATGACGCCGGCTCTAA-1,1,16,58,6049,11033
AGCGACATCCCATTCA-1,1,17,59,6301,11178
AGTAATGTCTTGCCGC-1,1,16,60,6048,11323
TTCTTAGTGGCTCAGA-1,1,17,61,6301,11469
CGTCTGGAAGGGCCCG-1,1,16,62,6048,11614
ACGTGCGCCTCGTGCA-1,1,17,63,6300,11759
AGAGCGGGCTAATCAT-1,1,16,64,6047,11904
GCGTCGAAATGTCGGT-1,1,17,65,6300,12050
AACTGATATTAGGCCT-1,1,16,66,6047,12195
CGAGCTGGGCTTTAGG-1,1,17,67,6299,12340
GGGTGTTTCAGCTATG-1,1,16,68,6046,12485
TTAATTTCAGACGCGG-1,1,17,69,6299,12631
ACTGCCGTCGTAACTC-1,1,16,70,6046,12776
GTGCACGAAAGTGACT-1,1,17,71,6298,12921
ATCTCCCTGCAATCTA-1,0,16,72,6045,13066
ACGCCAGATGATTTCT-1,1,17,73,6298,13212
AGCTATTTAATCCAAC-1,0,16,74,6045,13357
CCACGAGAAGAGAATC-1,0,17,75,6297,13502
GATTCCGCGTTTCCGT-1,0,16,76,6044,13647
GTCGGATGTAGCGCGC-1,0,17,77,6297,13793
TATTTATACCGAGTAG-1,0,16,78,6044,13938
GTAGGTGATCCGTGTA-1,0,17,79,6296,14083
AGTTAAGCGGTCCCGG-1,0,16,80,6044,14228
CTGGCGACATAAGTCC-1,0,17,81,6296,14374
TTGGCCTAGAATTTCG-1,0,16,82,6043,14519
GGCATATCGGTTCTGC-1,0,17,83,6296,14664
GGGCGTCCACTGGCTC-1,0,16,84,6043,14809
TTACCCATTGCCGGGT-1,0,17,85,6295,14955
TTAGACACGATCGTTG-1,0,16,86,6042,15100
GCGCTGATCCAGACTC-1,0,17,87,6295,15245
TTCGGCAACCCGCTGA-1,0,16,88,6042,15390
GATATTTCCTACATGG-1,0,17,89,6294,15536
CTGCGTTACGATATAA-1,0,16,90,6041,15681
TAATAAACAAGGAGAT-1,0,17,91,6294,15826
AACCTTTACGACGTCT-1,0,16,92,6041,15971
AGTCCCGCCTTTAATT-1,0,17,93,6293,16117
TGAGATTAGGCCCTAA-1,0,16,94,6040,16262
AGTGTATTGCGCATTG-1,0,17,95,6293,16407
GTTGGATTCAGTGGCT-1,0,16,96,6040,16552
TAAAGCTGCAATAGGG-1,0,17,97,6292,16698
AGTAGGAAGGAAGTTG-1,0,16,98,6039,16843
TATCACTTCGAGTAAC-1,0,17,99,6292,16988
TGATCTACGCTGATCT-1,0,16,100,6039,17133
GGATCATCCCGTACGC-1,0,17,101,6291,17279
TGACACTTCTCTTTGC-1,0,16,102,6038,17423
AGCCCTTCTAATCCGA-1,0,17,103,6291,17569
CACCGCGTCCACTCTA-1,0,16,104,6038,17714
TAATTGGAATCGGGAA-1,0,17,105,6290,17860
TCGTAAGCTCCGAGGA-1,0,16,106,6037,18004
TATATTACAAATGTCG-1,0,17,107,6290,18150
CGCGAGAGGGACTTGT-1,0,16,108,6037,18295
GGACCTACGGTAACGT-1,0,17,109,6289,18441
GAAATATGCTTGAATG-1,0,16,110,6036,18585
CCGTATTAGCGCAGTT-1,0,17,111,6289,18731
AGGCGTCTATGGACGG-1,0,16,112,6036,18876
AACATCGATACGTCTA-1,0,17,113,6288,19022
TGAATATGCTATAAAC-1,0,16,114,6035,19166
ACCAAACACCCAGCGA-1,0,17,115,6288,19312
TGGCTTGTACAAGCTT-1,0,16,116,6035,19457
GAATGAAGGTCTTCAG-1,0,17,117,6287,19603
AGATACCAGCACTTCA-1,0,16,118,6034,19747
GCGGTCCCGGTGAAGG-1,0,17,119,6287,19893
GAGGCATTTGCAGCAG-1,0,16,120,6034,20038
GGCAAGCCAGGGATAG-1,0,17,121,6286,20184
TCTACGGGCTCAGTTG-1,0,16,122,6033,20328
TCTGCGAATCGTTCGC-1,0,17,123,6286,20474
AGCTCGTTGATGGAAA-1,0,16,124,6033,20619
TGAATGAGATACAGCA-1,0,17,125,6285,20765
ACCCTTGCCTGGGTCG-1,0,16,126,6032,20909
GGCGAACCGTTCTGAT-1,0,17,127,6285,21055
GCGATGTCTGTGCTTG-1,1,18,0,6568,2609
ATTAACACCTGAGATA-1,1,19,1,6821,2755
GAAATCTGACCAAGTT-1,1,18,2,6568,2900
CCTGACAAACTCGCGC-1,1,19,3,6820,3046
ATGTCATTTCCCATTG-1,1,18,4,6567,3190
GCGGTGCGGAGCATCG-1,1,19,5,6820,3336
CGGAAAGCAAATGTGC-1,1,18,6,6567,3481
GCTGAGCAACGGTTCT-1,1,19,7,6819,3626
TCACTCTTCGTCTGTC-1,1,18,8,6566,3771
GATCTTCATTGTCCTC-1,1,19,9,6819,3917
ACTCGATGTATTTCAT-1,1,18,10,6566,4062
TGAAGAGCGGTCCTAG-1,1,19,11,6818,4207
TAAACGTCGTCAATGA-1,1,18,12,6565,4352
ACGTTATTGGTCACTC-1,1,19,13,6818,4498
ATAGCCTCAGTACCCA-1,1,18,14,6565,4643
CGGGAGTATACCGCCG-1,1,19,15,6817,4788
GTCCTACAGGCGGCTC-1,1,18,16,6564,4933
CGGATAAGCGGACATG-1,1,19,17,6817,5079
AACTTCTGCGTCTATC-1,1,18,18,6564,5224
GGGTTCAGACGAACAA-1,1,19,19,6816,5369
AGTCTGGACATCCTTG-1,1,18,20,6563,5514
TTGAACGAATCCTTTG-1,1,19,21,6816,5660
GAAATACTAAACGTTT-1,1,18,22,6563,5805
CCCGCGCAATGCACCC-1,1,19,23,6815,5950
TTCGGCTAGAGATGGT-1,1,18,24,6562,6095
GACACGAGTTAGAGGA-1,1,19,25,6815,6241
GAGGTCCCAAAGATCT-1,1,18,26,6562,6386
TAACTCCATGGAGGCT-1,1,19,27,6814,6531
CTTGTTTATGTAGCCA-1,1,18,28,6562,6676
GATGGCGCACACATTA-1,1,19,29,6814,6822
ATAATAGTGTAGGGAC-1,1,18,30,6561,6967
CGCTATTCAATGTATG-1,1,19,31,6814,7112
ATATTGCTGTCAAAGT-1,1,18,32,6561,7257
GGATTCAGTACGGTGG-1,1,19,33,6813,7403
TTCTTAGTGAACGGTG-1,1,18,34,6560,7548
AATGGTTCTCACAAGC-1,1,19,35,6813,7693
TATACACGCAAAGTAT-1,1,18,36,6560,7838
CTTCATAGCTCAAGAA-1,1,19,37,6812,7984
CAACGGTTCTTGATAC-1,1,18,38,6559,8129
ACACCCGAGAAATCCG-1,1,19,39,6812,8274
TCTATCATGCAGTTAC-1,1,18,40,6559,8419
CCCGCCATGCTCCCGT-1,1,19,41,6811,8565
CGCTTCCACTGAAATC-1,1,18,42,6558,8710
CACTGTCCAAGTGAGA-1,1,19,43,6811,8855
ATTACTAGCCTCTTGC-1,1,18,44,6558,9000
CATAGTAGCATAGTAG-1,1,19,45,6810,9146
CAACTCCTTGATCCCG-1,1,18,46,6557,9291
AAGTAGAAGACCGGGT-1,1,19,47,6810,9436
GCGGGAACCAGGCCCT-1,1,18,48,6557,9581
ATTAGATTGATAGCGG-1,1,19,49,6809,9727
CTCGGTCCGTAGCCTG-1,1,18,50,6556,9872
TGGCTTTGGGTAGACA-1,1,19,51,6809,10017
TATCCATATCATGCGA-1,1,18,52,6556,10162
GGAGTGCCGCCCTGGA-1,1,19,53,6808,10308
TGAGAATGCTTTACCG-1,1,18,54,6555,10453
TTAACCAACCCTCCCT-1,1,19,55,6808,10598
TGTTTCGGTACTTCTC-1,1,18,56,6555,10743
TTGCTGAAGGAACCAC-1,1,19,57,6807,10889
TATTTAGTCTAGATCG-1,1,18,58,6554,11034
CTCCGGCCTAATATGC-1,1,19,59,6807,11179
TTGTGGCCCTGACAGT-1,1,18,60,6554,11324
TCGCCGGTCGATCCGT-1,1,19,61,6806,11470
CCATAGGTTGGCGTGG-1,1,18,62,6553,11615
GAACGACCGAATGATA-1,1,19,63,6806,11760
TCCGATAATTGCCATA-1,1,18,64,6553,11905
CATTACGTCGGCCCGT-1,1,19,65,6805,12051
CAAGCACCAAATGCCT-1,1,18,66,6552,12196
TGCATGGATCGGATCT-1,1,19,67,6805,12341
GAAATCGCGCGCAACT-1,1,18,68,6552,12486
CTGAAAGAGATCCGAC-1,1,19,69,6804,12632
CACCTCGATGGTGGAC-1,1,18,70,6551,12776
ATTTGTTCCAGGGCTC-1,1,19,71,6804,12922
TGGGCCACAAGAGCGC-1,1,18,72,6551,13067
CCTTCTTGATCCAGTG-1,1,19,73,6803,13213
CCTCGCCAGCAAATTA-1,1,18,74,6550,13357
TTCATGGCGCAACAGG-1,1,19,75,6803,13503
TTAATCAGTACGTCAG-1,1,18,76,6550,13648
CCTATCTATATCGGAA-1,1,19,77,6802,13794
ATTATACTTTGCTCGT-1,0,18,78,6549,13938
ATGGATCCGGCGTCCG-1,1,19,79,6802,14084
CGCCCGCTTCCGTACA-1,0,18,80,6549,14229
GGATTCCGCTATACCC-1,0,19,81,6801,14375
CGGTCTATCAACCCGT-1,0,18,82,6548,14519
ATGCCGGTTGATGGGA-1,0,19,83,6801,14665
TCATGCAGGTTCTCAT-1,0,18,84,6548,14810
TGAGCTTTAATGACGC-1,0,19,85,6800,14956
TCCCTTAGATTACTCG-1,0,18,86,6548,15100
ATATCTCCCTCGTTAA-1,0,19,87,6800,15246
AGCTCTTCCCAGTGCA-1,0,18,88,6547,15391
TCGCTAAACCGCTATC-1,0,19,89,6800,15537
CACATTCTTTCGATGG-1,0,18,90,6547,15681
GATATGCGGTAGCCAA-1,0,19,91,6799,15827
CGTTTCACTTCGGGCG-1,0,18,92,6546,15972
CCAATTACGGGTCGAG-1,0,19,93,6799,16118
GCAGGTAGAGTATGGT-1,0,18,94,6546,16262
GTCGTATTGGCGTACA-1,0,19,95,6798,16408
GAAATTAGCACGGATA-1,0,18,96,6545,16553
AATGCACCAAGCAATG-1,0,19,97,6798,16699
AGGACGCTCGATGTTG-1,0,18,98,6545,16843
GGCTAAAGGGCGGGTC-1,0,19,99,6797,16989
CATCTATCCCGTGTCT-1,0,18,100,6544,17134
CAGTAACTATTTATTG-1,0,19,101,6797,17279
CATATACTACTGATAA-1,0,18,102,6544,17424
GCGTTCGGAGACCGGG-1,0,19,103,6796,17570
AAGTTCAGTCTGCGTA-1,0,18,104,6543,17715
CGAAGCTATAAATTCA-1,0,19,105,6796,17860
CGCGGTCACAAACCAA-1,0,18,106,6543,18005
GGGAATGAGCCCTCAC-1,0,19,107,6795,18151
ACGGAGCGCAAATTAC-1,0,18,108,6542,18296
CGTTCTTCGCACACCT-1,0,19,109,6795,18441
GAATAGCCCTGCGGTC-1,0,18,110,6542,18586
AATAGCTACCGCGTGC-1,0,19,111,6794,18732
CCGAGCTGTGCTTGTC-1,0,18,112,6541,18877
GATGACGATGATCGCG-1,0,19,113,6794,19022
GCCTATGCTGGGCCTT-1,0,18,114,6541,19167
TTACTGTCTAGAGCTC-1,0,19,115,6793,19313
AGCGGTTGCCGCTCTG-1,0,18,116,6540,19458
GCTTGCAGCACAATTG-1,0,19,117,6793,19603
CCGGAGGTCTTATGGT-1,0,18,118,6540,19748
ACAGTATACCGTGGGA-1,0,19,119,6792,19894
GGGATCCCAATACAAA-1,0,18,120,6539,20039
ATTACGACTCCACAGT-1,0,19,121,6792,20184
CTCACACGCAAGCCTA-1,0,18,122,6539,20329
CCAGATGTAAATGGGT-1,0,19,123,6791,20475
GAACTTGTGCACGGGA-1,0,18,124,6538,20620
AAGCCGCTTTACCTTG-1,0,19,125,6791,20765
TCCATTCCCACTAGAG-1,0,18,126,6538,20910
AGAGCGCTTGTAACGG-1,0,19,127,6790,21056
TGGGTTCCCGGACGGA-1,1,20,0,7074,2610
GCTGCGCCTCCCACGT-1,1,21,1,7326,2756
CTGTTGGCTCTTCTGA-1,1,20,2,7073,2901
TTGTTCTAGATACGCT-1,1,21,3,7326,3046
CCCTCAAGCTCTTAGT-1,1,20,4,7073,3191
TGGTCTAGCTTACATG-1,1,21,5,7325,3337
ATGCACCTTCCTTAAT-1,1,20,6,7072,3482
GGGATACGGTAATAAT-1,1,21,7,7325,3627
AGTTCACCGGTTGGAC-1,1,20,8,7072,3772
GACATACTGTCGCAGA-1,1,21,9,7324,3918
TGGACACCGTTGCTTG-1,1,20,10,7071,4063
TGCGATGCTAATGGCT-1,1,21,11,7324,4208
TTCTGTTTCCTGTCGC-1,1,20,12,7071,4353
CGTTGTAAACGTCAGG-1,1,21,13,7323,4499
GATCGGCGATAAGTCG-1,1,20,14,7070,4644
AGCCTTAAAGCGGAAG-1,1,21,15,7323,4789
TCCGTAACCACAATCC-1,1,20,16,7070,4934
GAATGCCGAAATGACC-1,1,21,17,7322,5080
TATACTCATGCGGCAA-1,1,20,18,7069,5225
TAGTGTCAGAAACGGC-1,1,21,19,7322,5370
CGTCATACCATATCCA-1,1,20,20,7069,5515
TAGTACCTTAGTGGTC-1,1,21,21,7321,5661
CTGGCGGGAATAAGTA-1,1,20,22,7068,5806
AGTGTGGTCTATTGTG-1,1,21,23,7321,5951
GCTATCGCGGCGCAAC-1,1,20,24,7068,6096
CAGTAATCCCTCCCAG-1,1,21,25,7320,6242
GTATTAAGGCGTCTAA-1,1,20,26,7067,6387
CTAATTTCAACAACAC-1,1,21,27,7320,6532
TTAGCAACATGGATGT-1,1,20,28,7067,6677
ATGCTCAGTGTTGCAT-1,1,21,29,7319,6823
GATGTTTGTGCGAGAT-1,1,20,30,7066,6968
CACTTCGCCACAGGCT-1,1,21,31,7319,7113
CTGTATGGTGTAGAAA-1,1,20,32,7066,7258
TACGTGCACTATGCTG-1,1,21,33,7318,7404
GTATCAGCTTGGGTTC-1,1,20,34,7066,7549
TAACAAAGGGAGAAGC-1,1,21,35,7318,7694
TTACATCGTGGCCTGG-1,1,20,36,7065,7839
TCTGAACCGGTCGGCT-1,1,21,37,7318,7985
GGCTCGTGCCACCAGC-1,1,20,38,7065,8130
TATAAGTGAGGATAGC-1,1,21,39,7317,8275
GCCCGCGCGTTTGACA-1,1,20,40,7064,8420
TGCTGGTTGGACAATT-1,1,21,41,7317,8566
GCCTAGCGATCTGACC-1,1,20,42,7064,8710
CCATGCTCTGCAGGAA-1,1,21,43,7316,8856
TATAAATCCACAAGCT-1,1,20,44,7063,9001
CGCTCGACATAATGAT-1,1,21,45,7316,9147
CCAATTGAATGTTAAT-1,1,20,46,7063,9291
GCTAATACCGAATGCC-1,1,21,47,7315,9437
TTCAACGACCCGACCG-1,1,20,48,7062,9582
TTCCTCGAGGGTGTCT-1,1,21,49,7315,9728
CAACGACCCGTTTACA-1,1,20,50,7062,9872
CTTGTACTTGTTGACT-1,1,21,51,7314,10018
TCTCTAATAGCTGGTA-1,1,20,52,7061,10163
ATTATGCCATAGGGAG-1,1,21,53,7314,10309
GACAACGCAGCTTACG-1,1,20,54,7061,10453
AGATGACTCGCCCACG-1,1,21,55,7313,10599
GTGCGGGTCTCCAAAT-1,1,20,56,7060,10744
GTACGAGATTGCGACA-1,1,21,57,7313,10890
GTATAGGACTCAGTAG-1,1,20,58,7060,11034
TTGCACGGAGCAGCAC-1,1,21,59,7312,11180
CACAGCTAGGGAGTGA-1,1,20,60,7059,11325
ATACTAGCATGACCCT-1,1,21,61,7312,11471
CCAAGACTTCTGCGAA-1,1,20,62,7059,11615
ACATAATAAGGCGGTG-1,1,21,63,7311,11761
TAATACACAGTAGTAT-1,1,20,64,7058,11906
TCTTGGTAACACCAAA-1,1,21,65,7311,12052
AACTGGGTCCCGACGT-1,1,20,66,7058,12196
ATCACTTCATCCTCGC-1,1,21,67,7310,12342
TGGAAGGATAAAGATG-1,1,20,68,7057,12487
CATGATGCACAATTCT-1,1,21,69,7310,12633
TGCCTGATCAAACGAT-1,1,20,70,7057,12777
ATAGGGATATCCTTGA-1,1,21,71,7309,12923
CACCTAATCAGTTTAC-1,1,20,72,7056,13068
TGTGACTACGCCAGTC-1,1,21,73,7309,13213
CCCGACCATAGTCCGC-1,1,20,74,7056,13358
CGCGCCCGACTTAATA-1,1,21,75,7308,13504
TGCCACCTGGCGAAAC-1,1,20,76,7055,13649
CTGCCAAGGTTGGAAG-1,1,21,77,7308,13794
TCTCCAACGTAGGTTA-1,1,20,78,7055,13939
TTCTTGGAGTAATGAG-1,1,21,79,7307,14085
GTCTCGATCTGCTTTC-1,1,20,80,7054,14230
TACTCTCCGAACAAAT-1,1,21,81,7307,14375
ATCACATTAGAATATC-1,1,20,82,7054,14520
TACGGGATGCTAGCAG-1,1,21,83,7306,14666
AGCTGAAGTAAACCAA-1,0,20,84,7053,14811
CATGGGTCGGGTGTGG-1,1,21,85,7306,14956
CACCCACGAGGCAATT-1,0,20,86,7053,15101
TGCCATTACTAAAGAA-1,0,21,87,7305,15247
CCGTTACGTTAGAACA-1,0,20,88,7052,15392
GCCAGGAGTAACCGAT-1,0,21,89,7305,15537
GGAAAGTGCCCATGCC-1,0,20,90,7052,15682
TCTTACCGGAACTCGT-1,0,21,91,7304,15828
TATGTCAAGACCGACT-1,0,20,92,7052,15973
CCTAACTAAGGCTCTA-1,0,21,93,7304,16118
GCGGTGAACTGCGCTC-1,0,20,94,7051,16263
CCTCGCGCGATATAGG-1,0,21,95,7304,16409
ATCGGCAAGCAGTCCA-1,0,20,96,7051,16554
AGATCGTGCATAAGAT-1,0,21,97,7303,16699
ATTCAGGACCTATTTC-1,0,20,98,7050,16844
AGCTAGAAGCAGAAGT-1,0,21,99,7303,16990
TTCGCTATCTGACGTG-1,0,20,100,7050,17135
TTCCGCAGAGAAATAT-1,0,21,101,7302,17280
CAGTACATTCTCTAAA-1,0,20,102,7049,17425
GTGAAGATTTCAAGTG-1,0,21,103,7302,17571
AACGCATGATCTGGGT-1,0,20,104,7049,17716
CCCAGAGGAGGGCGTA-1,0,21,105,7301,17861
GGAAACCTTGTTGAAT-1,0,20,106,7048,18006
GTGAAGCCGTATAGTC-1,0,21,107,7301,18152
GAGCTGTCGTCTCGGA-1,0,20,108,7048,18297
TGTCATTTGTTGGGAA-1,0,21,109,7300,18442
ACCAACACCACACACT-1,0,20,110,7047,18587
AAATGATTCGATCAGC-1,0,21,111,7300,18733
CTGCTTTATGTCCGCG-1,0,20,112,7047,18878
GCGAGAGGCCATGTAA-1,0,21,113,7299,19023
ATTGACCGGCGATGAC-1,0,20,114,7046,19168
ACCCTGGTAACGCCCT-1,0,21,115,7299,19314
GTTGGACCGCATCAGG-1,0,20,116,7046,19459
CGTTTACAAGGCAGCT-1,0,21,117,7298,19604
CGGTCCATGAGACTCC-1,0,20,118,7045,19749
GTTCGTCTGGGTCCCT-1,0,21,119,7298,19895
TGTACTACTCTCACGG-1,0,20,120,7045,20040
AGTGAAGATGGTGTCC-1,0,21,121,7297,20185
GAGGGCCATAATATTA-1,0,20,122,7044,20330
ACTCCCGTAGACTAGG-1,0,21,123,7297,20476
CGTCAAATGGTCGCAG-1,0,20,124,7044,20621
AAGTCTAGTAGCTGCC-1,0,21,125,7296,20766
AAGAAATCACCAGATT-1,0,20,126,7043,20911
GAGTGCACGGACAACA-1,0,21,127,7296,21057
GTTCAAATCAGATGTC-1,1,22,0,7579,2611
CATGGCTCCCTATGTC-1,1,23,1,7832,2757
GGCCACACGAAAGCCT-1,1,22,2,7579,2902
GAAGCCGGGTAAGCTC-1,1,23,3,7831,3047
TTGCGCTCTCTCGCTT-1,1,22,4,7578,3192
TACATGACCTTATCCG-1,1,23,5,7831,3338
GTCCTTCTACAACCCA-1,1,22,6,7578,3483
TATATGCTGGGTTGCC-1,1,23,7,7830,3628
GTTTATGGGATTTAGA-1,1,22,8,7577,3773
GGAACCCGAACAAGAA-1,1,23,9,7830,3919
AACGTTATCAGCACCT-1,1,22,10,7577,4063
CATCGTCCGGTTACTA-1,1,23,11,7829,4209
AGACAGCTCAGAATCC-1,1,22,12,7576,4354
GCAGATCCTCGCAAAT-1,1,23,13,7829,4500
GGGTCATGCGTACCAT-1,1,22,14,7576,4644
CTGGTCATTCCAATCC-1,1,23,15,7828,4790
TCAGGGCGCAAACTCG-1,1,22,16,7575,4935
GATGCCAGCAGAAGGC-1,1,23,17,7828,5081
GTTATTAACGTGGGAG-1,1,22,18,7575,5225
AATACAATGTTTCAGG-1,1,23,19,7827,5371
TTGCTGCACCTATCCA-1,1,22,20,7574,5516
CCAGAGACAAAGCCGG-1,1,23,21,7827,5662
CCGAAGTATATTGTTC-1,1,22,22,7574,5806
GCTAAACCTGAGGTGA-1,1,23,23,7826,5952
TCATACTTACAGATCC-1,1,22,24,7573,6097
CGAGCACTTCAAGTTT-1,1,23,25,7826,6243
TAGCAACCTGTCACAA-1,1,22,26,7573,6387
TGGGAAATGCCTTTCC-1,1,23,27,7825,6533
AGACCATGGGATACAA-1,1,22,28,7572,6678
TAAATGAATCCGTTTC-1,1,23,29,7825,6824
ACAACGGTCCCTGCGA-1,1,22,30,7572,6968
GTCACTCTCCAAATCT-1,1,23,31,7824,7114
TTCTACTTGCGAGGGC-1,1,22,32,7571,7259
CGCAATTACTTTCGGT-1,1,23,33,7824,7405
CTGTTCATCTCACGGG-1,1,22,34,7571,7549
TTCTTGTAACCTAATG-1,1,23,35,7823,7695
GCTTGATGATAATCAG-1,1,22,36,7570,7840
TTGGCTCGCATGAGAC-1,1,23,37,7823,7986
GCCCAGTTGGTATGCC-1,1,22,38,7570,8130
ATTCCTCCGCCAGTGC-1,1,23,39,7822,8276
TCGTCCGCTGGCGTCT-1,1,22,40,7570,8421
GGAGAAGTCATTGGCA-1,1,23,41,7822,8566
TTGTTAGCAAATTCGA-1,1,22,42,7569,8711
TCTAGCATCTTCGATG-1,1,23,43,7822,8857
TTCTAGGCCAATTGTG-1,1,22,44,7569,9002
TCACGGTCATCGCACA-1,1,23,45,7821,9147
ATGAAGCCAAGGAGCC-1,1,22,46,7568,9292
AATGACTGTCAGCCGG-1,1,23,47,7821,9438
CCAAACAGAACCCTCG-1,1,22,48,7568,9583
TATCGATGATTAAACG-1,1,23,49,7820,9728
GAACACACATCAACCA-1,1,22,50,7567,9873
CCCGTCAGCGTCTGAC-1,1,23,51,7820,10019
AGCATCGTCGATAATT-1,1,22,52,7567,10164
GACTAAGATCATGCAC-1,1,23,53,7819,10309
TAGGGTGTTTCAAGAG-1,1,22,54,7566,10454
TGGTTCGTAGCAAAGG-1,1,23,55,7819,10600
CTGTTCACTGCCTGTG-1,1,22,56,7566,10745
ATGTGCATCCGACGCA-1,1,23,57,7818,10890
TTGTCGTTCAGTTACC-1,1,22,58,7565,11035
CGGGATCAATGTAAGA-1,1,23,59,7818,11181
TTATCTGTATCATAAC-1,1,22,60,7565,11326
ATCGACTCTTTCCGTT-1,1,23,61,7817,11471
CTCATTTGATGGGCGG-1,1,22,62,7564,11616
GTAAGCGGGCAGTCAG-1,1,23,63,7817,11762
TCTATCGGTCGCAACA-1,1,22,64,7564,11907
AACGCGGTCTCCAGCC-1,1,23,65,7816,12052
ATTAATACTACGCGGG-1,1,22,66,7563,12197
CTTTAACTTTCAAAGG-1,1,23,67,7816,12343
CGTACCTGATAGGCCT-1,1,22,68,7563,12488
GAATGTTGGGTAATCT-1,1,23,69,7815,12633
TGCGGAGTAAAGGTGC-1,1,22,70,7562,12778
CCTGAATATTTACATA-1,1,23,71,7815,12924
TTGCTCCCATACCGGA-1,1,22,72,7562,13069
CCTCTAATCTGCCAAG-1,1,23,73,7814,13214
AGGTTGAGGCACGCTT-1,1,22,74,7561,13359
TCCCGTCAGTCCCGCA-1,1,23,75,7814,13505
TCCGATGACTGAGCTC-1,1,22,76,7561,13650
CAGCCTCCTGCAGAGG-1,1,23,77,7813,13795
CTTAGCCTTCCACATG-1,1,22,78,7560,13940
ATTAATGAACCAGTCG-1,1,23,79,7813,14086
ACGATACATAGAACTA-1,1,22,80,7560,14231
AGCCACTCCCGTGCTT-1,1,23,81,7812,14376
ATACGGGTTTCGATTG-1,1,22,82,7559,14521
CTGTCAAATGGCTCGG-1,1,23,83,7812,14667
GCTCGGAATTTAAAGC-1,1,22,84,7559,14812
TAGGCATGTTACGCCA-1,1,23,85,7811,14957
TGGCAACTCGCGCGCC-1,1,22,86,7558,15102
ATCAGTAGGCAGGGAT-1,1,23,87,7811,15248
TATCGATCTATGCATA-1,1,22,88,7558,15393
CGACTCAGGATGTTAT-1,1,23,89,7810,15538
GCCATATTGCACACAG-1,0,22,90,7557,15683
AATTCATAAGGGATCT-1,0,23,91,7810,15829
CGGTAGAGGTGCAGGT-1,0,22,92,7557,15974
AATGATGATACGCTAT-1,0,23,93,7809,16119
CTTGTGCTCACCGATT-1,0,22,94,7556,16264
TTCCAATCAGAGCTAG-1,0,23,95,7809,16410
CGATGGACCCTACGCC-1,0,22,96,7556,16555
GGTCGGATAAACGGCG-1,0,23,97,7808,16700
TTAGCTAATACGATCT-1,0,22,98,7556,16845
CTCGATATTTGCGAGC-1,0,23,99,7808,16991
ATTACTTACTGGGCAT-1,0,22,100,7555,17136
CTAGCCGATGTTATGA-1,0,23,101,7808,17281
TACTGCAATCAATTAC-1,0,22,102,7555,17426
TAGTCTGTGACGTTGC-1,0,23,103,7807,17572
CTCGTTTCTAATGTTT-1,0,22,104,7554,17716
TTCGTTCAACGAAGTT-1,0,23,105,7807,17862
CTGAATTTATTGCCAG-1,0,22,106,7554,18007
TGGAATATCCTTGACC-1,0,23,107,7806,18153
CAGATCATTTAAAGTC-1,0,22,108,7553,18297
CTCCTTTACGCAAGTC-1,0,23,109,7806,18443
TCCCAAACAGACAACG-1,0,22,110,7553,18588
ATCGCTGCGTGCAGCA-1,0,23,111,7805,18734
TTAGTTCAAGTGTTCG-1,0,22,112,7552,18878
AAACTCGTGATATAAG-1,0,23,113,7805,19024
TTAACGAACAAGCAGT-1,0,22,114,7552,19169
GTTATATCAGGAGCCA-1,0,23,115,7804,19315
CAAATTGGATTATGCC-1,0,22,116,7551,19459
CGAGGAGCTTCCATAT-1,0,23,117,7804,19605
GGAGACCAATGTGCTT-1,0,22,118,7551,19750
CATTGATGAACACGCC-1,0,23,119,7803,19896
GTCAATGCTATAATTT-1,0,22,120,7550,20040
ACCACCCTCTCTTCTA-1,0,23,121,7803,20186
TGGAGGGAAACACCTC-1,0,22,122,7550,20331
CACGGACGTGGATGGC-1,0,23,123,7802,20477
AACTTTCTCGATCATG-1,0,22,124,7549,20621
CGTATTGTTTCCTAAT-1,0,23,125,7802,20767
CCTACTGCGGCGGCCA-1,0,22,126,7549,20912
CTTAGGTCCCAATCGT-1,0,23,127,7801,21058
CGCAATCGATCATTAG-1,1,24,0,8085,2612
TGGTTATGCTTGCGGT-1,1,25,1,8337,2758
GGCTTGGCTCTCACCT-1,1,24,2,8084,2902
ATTGGTAGGATCCGCT-1,1,25,3,8337,3048
TCAGGGCGACTTCCTT-1,1,24,4,8084,3193
TCTGCAGATTCGAGTC-1,1,25,5,8336,3339
CTCTCGCTGTACTATG-1,1,24,6,8083,3483
AATAGTCGCGAGTCGG-1,1,25,7,8336,3629
AGTTACCCTTAAGACT-1,1,24,8,8083,3774
CTTAAATAAGACCCAT-1,1,25,9,8335,3920
GGTTGTGCTCTTGTCC-1,1,24,10,8082,4064
GTGAGTCTAAGACGGA-1,1,25,11,8335,4210
CGCGACACTGCGCAGC-1,1,24,12,8082,4355
GCTCGCGGTTCCGCTC-1,1,25,13,8334,4500
TTAACTCACGCGTGGA-1,1,24,14,8081,4645
GGAACGGCCTGCAGCC-1,1,25,15,8334,4791
GTAGAAACGGGTGGAG-1,1,24,16,8081,4936
TAATGAAAGACCCTTG-1,1,25,17,8333,5081
AGGCTTGCTAGACACC-1,1,24,18,8080,5226
TTGCGTAGTTTGAGGA-1,1,25,19,8333,5372
CGCCCTTGAAGGCTGA-1,1,24,20,8080,5517
CCCGGTGGAAGAACCT-1,1,25,21,8332,5662
TTAACACCTCGAACAT-1,1,24,22,8079,5807
GATTCCTATACGGCGC-1,1,25,23,8332,5953
TTACCCTAACAGTCCT-1,1,24,24,8079,6098
ACCCACCTACATGCTC-1,1,25,25,8331,6243
AAAGGGCAGCTTGAAT-1,1,24,26,8078,6388
CACACAGGGATAGATT-1,1,25,27,8331,6534
AGAGCGTACAAGCTCG-1,1,24,28,8078,6679
TCTTACGGCATCCGAC-1,1,25,29,8330,6824
GCCTATTCCGATATAG-1,1,24,30,8077,6969
GAAAGTGACTAACTGC-1,1,25,31,8330,7115
CCGGAATGGTTTCAGT-1,1,24,32,8077,7260
AGTATAATACTAGGCA-1,1,25,33,8329,7405
TAACTATCGAAGGTCC-1,1,24,34,8076,7550
ATGAGGAGTGTTAATC-1,1,25,35,8329,7696
TGTGTCGCGAGTTGCA-1,1,24,36,8076,7841
ATCCAACGCAGTCATA-1,1,25,37,8328,7986
AAGGCGCGTAAAGCTT-1,1,24,38,8075,8131
AGTCGGCCCAAACGAC-1,1,25,39,8328,8277
AACGTCAGACTAGTGG-1,1,24,40,8075,8422
ACTACCAGCTCTCTGG-1,1,25,41,8327,8567
GCAAGTGCACAGAGAA-1,1,24,42,8074,8712
ACACCTTAAGTAGGGC-1,1,25,43,8327,8858
TTCGACGGGAAGGGCG-1,1,24,44,8074,9003
TTCGCACTCGCGTGCT-1,1,25,45,8326,9148
TATTTGTTACCCTTTA-1,1,24,46,8074,9293
CGCTGTGACGCCGCAC-1,1,25,47,8326,9439
GTTGCACGGAGTTTCG-1,1,24,48,8073,9584
GTTTCCTGGAGGGTGA-1,1,25,49,8326,9729
ACACCCAGCATGCAGC-1,1,24,50,8073,9874
TCAACCATGTTCGGGC-1,1,25,51,8325,10020
TTACAACTACGCATCC-1,1,24,52,8072,10165
TCCGATGGTGCGACAT-1,1,25,53,8325,10310
GGGCGTACATTTATAT-1,1,24,54,8072,10455
AGCGACCAACGATATT-1,1,25,55,8324,10601
ACACAAAGACGGGTGG-1,1,24,56,8071,10746
ATCGCACGCCGGGAGA-1,1,25,57,8324,10891
GCTCTAAACCCTGACG-1,1,24,58,8071,11036
AATGCAACCGGGTACC-1,1,25,59,8323,11182
TCAAACAACCGCGTCG-1,1,24,60,8070,11327
TATGCTCCCTACTTAC-1,1,25,61,8323,11472
AAAGGGATGTAGCAAG-1,1,24,62,8070,11617
ACGATCATACATAGAG-1,1,25,63,8322,11763
TTGTTCAGTGTGCTAC-1,1,24,64,8069,11908
ATGCATGATCCAGGAT-1,1,25,65,8322,12053
AGTCTTCTCCTCAAAT-1,1,24,66,8069,12198
GATTCCCTTGTCGCAG-1,1,25,67,8321,12344
CTCGCACCTATATAGT-1,1,24,68,8068,12489
ACTCAATAAAGGCACG-1,1,25,69,8321,12634
AACCGAGCTTGGTCAT-1,1,24,70,8068,12779
TAAGGCAACATAAGAT-1,1,25,71,8320,12925
CACGCACAGCGCAGCT-1,1,24,72,8067,13070
GGTTTACAATCTCAAT-1,1,25,73,8320,13215
TGCAGGATCGGCAAAG-1,1,24,74,8067,13360
ATAACGGAGTCCAACG-1,1,25,75,8319,13506
AACGATATGTCAACTG-1,1,24,76,8066,13650
GACAACGACCATTGAA-1,1,25,77,8319,13796
TTGACCATGTTCTCCG-1,1,24,78,8066,13941
AGTACGGGCACCTGGC-1,1,25,79,8318,14087
CGCCATCCGATTATGA-1,1,24,80,8065,14231
AAGGTATCCTAATATA-1,1,25,81,8318,14377
TGTTGTCAAGAAGTCT-1,1,24,82,8065,14522
CAGTGAATAAATGACT-1,1,25,83,8317,14668
CACCTTGCGAAACTCG-1,1,24,84,8064,14812
CATTTAGCGGACCATG-1,1,25,85,8317,14958
CCAGTCTAGACGGCGC-1,1,24,86,8064,15103
TCGCTTTAAACGTTTG-1,1,25,87,8316,15249
GTGAAACGGCGCCACC-1,1,24,88,8063,15393
GGGCTCATCGAACCCA-1,1,25,89,8316,15539
TTGATGTGTAGTCCCG-1,1,24,90,8063,15684
CAGTAGCCCACGCGGT-1,1,25,91,8315,15830
AGCGCGGGTGCCAATG-1,1,24,92,8062,15974
TAATCGATCCGTACGT-1,1,25,93,8315,16120
AGTGGCGGCAATTTGA-1,0,24,94,8062,16265
CCTTTCAATGAAGAAA-1,0,25,95,8314,16411
CTCAGTCACGACAAAT-1,0,24,96,8061,16555
ATAGGCTAGCTTCGCA-1,0,25,97,8314,16701
CGGTTCAAGTAGGTGT-1,0,24,98,8061,16846
CAGTCGAGGATGCAAT-1,0,25,99,8313,16992
TATCACCCAACCGACC-1,0,24,100,8060,17136
AATGATGCGACTCCTG-1,0,25,101,8313,17282
TGGAACCACTGACACA-1,0,24,102,8060,17427
GCCAATAGGGCATCTC-1,0,25,103,8312,17573
TTCTTTGGTCGCGACG-1,0,24,104,8060,17717
ATTAGATTCCTCAGCA-1,0,25,105,8312,17863
CCGTGGAACGATCCAA-1,0,24,106,8059,18008
GGGTCGTGGCAAGTGT-1,0,25,107,8312,18153
TCGCTCGGCACCAGCG-1,0,24,108,8059,18298
ACGCAATCACTACAGC-1,0,25,109,8311,18444
CTCTAATGCATTGATC-1,0,24,110,8058,18589
GTCTCGACTAAGTTTG-1,0,25,111,8311,18734
TGGTTTAAACGTGGGT-1,0,24,112,8058,18879
CGCAGATCTTCACCCG-1,0,25,113,8310,19025
TCCAGATGTACGCCAA-1,0,24,114,8057,19170
CATTGCGGGTCAATTC-1,0,25,115,8310,19315
GACGTTCGTAAATACA-1,0,24,116,8057,19460
TACACCGTCGTTAGTC-1,0,25,117,8309,19606
ACGGGCGTATGCGACA-1,0,24,118,8056,19751
GAAGGCTACCATTGTT-1,0,25,119,8309,19896
TAAATCTTTACACCTC-1,0,24,120,8056,20041
AGTTTATGTAAAGACA-1,0,25,121,8308,20187
AGGAGACATCCACAGT-1,0,24,122,8055,20332
CAACCTGAACCTGCCA-1,0,25,123,8308,20477
AGTCCCTCGCAGAAAG-1,0,24,124,8055,20622
TGTATACGGATGATGA-1,0,25,125,8307,20768
TTGTGGTATAGGTATG-1,0,24,126,8054,20913
TCTGCACCATTAGTAA-1,0,25,127,8307,21058
AAATGTATCTTATCCC-1,1,26,0,8590,2613
ACTCTAAACCTGGGAT-1,1,27,1,8843,2758
GCTGGCAGGTGCCGTG-1,1,26,2,8590,2903
CTCATTCGTGAACATC-1,1,27,3,8842,3049
TCGCCGGATGGGCAAG-1,1,26,4,8589,3194
GGACTAAGTCAGGAGT-1,1,27,5,8842,3339
TATCAAAGGTCTGTAA-1,1,26,6,8589,3484
TTCAGTTTGTGGCAGC-1,1,27,7,8841,3630
TGTTCATAAATGTGCT-1,1,26,8,8588,3775
CTTAGCCCGGATAGTG-1,1,27,9,8841,3920
GATGCGAATGGTATTA-1,1,26,10,8588,4065
TCTAACTGTATGTAAA-1,1,27,11,8840,4211
TTAAACCTGGTTCCTT-1,1,26,12,8587,4356
GCTAAGTAAAGGCGAT-1,1,27,13,8840,4501
AGTTACCGCACATGGT-1,1,26,14,8587,4646
GACTGCGGCACGTGTA-1,1,27,15,8839,4792
TGGTGATCGTATTTGT-1,1,26,16,8586,4937
TTATCGCCTGCGAAGC-1,1,27,17,8839,5082
TGGAATTAGACGCTTT-1,1,26,18,8586,5227
TCGTCACACTGTTAGC-1,1,27,19,8838,5373
TTATGTTTGCGATAGA-1,1,26,20,8585,5518
GGTGCTGATCACAAAG-1,1,27,21,8838,5663
CATAGCCGCCCGGGAT-1,1,26,22,8585,5808
GGTTAGTTACGGCGCC-1,1,27,23,8837,5954
ATTCCCACATAAACAA-1,1,26,24,8584,6099
ATTCAGTAGCAGGGTC-1,1,27,25,8837,6244
CAGTTCCGCGGGTCGA-1,1,26,26,8584,6389
AAGAGATGAATCGGTA-1,1,27,27,8836,6535
CGCAATTCTACAATAA-1,1,26,28,8583,6680
TAACGCTTTGAGAGCG-1,1,27,29,8836,6825
AGGCTATGGTTAGCTT-1,1,26,30,8583,6970
GAGGAATGGAGAGGTT-1,1,27,31,8835,7116
TCCTCTACGAGATGGC-1,1,26,32,8582,7261
TTGATTATGCAGATGA-1,1,27,33,8835,7406
TCAGTACTGACCCGCG-1,1,26,34,8582,7551
TTATGACAAACTGGAT-1,1,27,35,8834,7697
GTAAGTAGGGTATACC-1,1,26,36,8581,7842
CGCAAACACGAGTTAC-1,1,27,37,8834,7987
TGGCCGTATATTGACC-1,1,26,38,8581,8132
ACTGTAGCACTTTGGA-1,1,27,39,8833,8278
GCTCTATGTTACGTGC-1,1,26,40,8580,8423
TGCGCGATTAACGGAG-1,1,27,41,8833,8568
GAATCGACATGGTCAC-1,1,26,42,8580,8713
GACTAAGTAGGCTCAC-1,1,27,43,8832,8859
ATCTTGACCTGCAACG-1,1,26,44,8579,9003
ATGCACTACCGCATTG-1,1,27,45,8832,9149
CAGATACTAACATAGT-1,1,26,46,8579,9294
GATCGACACTATCTGA-1,1,27,47,8831,9440
ATAGAGTACTGGGACA-1,1,26,48,8578,9584
CCTACTGCTTACACTT-1,1,27,49,8831,9730
CCTGCTATTTGAGAAG-1,1,26,50,8578,9875
CGCGTTCATGAAATAC-1,1,27,51,8830,10021
CATTATGCTTGTTGTG-1,1,26,52,8578,10165
CCAGGGACGTGGCCTC-1,1,27,53,8830,10311
TATGGATGTGCTACGC-1,1,26,54,8577,10456
GTACTAAGATTTGGAG-1,1,27,55,8830,10602
AGACCCGCCCTCCTCG-1,1,26,56,8577,10746
CGCATTAGCTAATAGG-1,1,27,57,8829,10892
GCTCTCGGGTACCGAA-1,1,26,58,8576,11037
CACCGCCAGAAGGTTT-1,1,27,59,8829,11183
TCCCAAAGACGAAGGA-1,1,26,60,8576,11327
ATGGATTGACCAAACG-1,1,27,61,8828,11473
GTCATGGACATGACTA-1,1,26,62,8575,11618
CTACTGCCACCTGACC-1,1,27,63,8828,11764
TTATATTTGGCAATCC-1,1,26,64,8575,11908
AGCACCAGTACTCACG-1,1,27,65,8827,12054
CATGGTCTAGATACCG-1,1,26,66,8574,12199
TCTACCGTCCACAAGC-1,1,27,67,8827,12345
CTAGTTGGGCCCGGTA-1,1,26,68,8574,12489
TCCCGCGTACTCCTGG-1,1,27,69,8826,12635
CAGAGCATGAGCTTGC-1,1,26,70,8573,12780
ACACGGGAACTTAGGG-1,1,27,71,8826,12926
GGCTCTGCTCCAACGC-1,1,26,72,8573,13070
AGAACGTGGTACATTC-1,1,27,73,8825,13216
CAATAAACCTTGGCCC-1,1,26,74,8572,13361
ACTTCGCCATACGCAC-1,1,27,75,8825,13507
ATCTGGTTAAGACTGT-1,1,26,76,8572,13651
TCGTAAGACGACATTG-1,1,27,77,8824,13797
GTGTACCTTGGCTACG-1,1,26,78,8571,13942
GCCCGTAATACCTTCT-1,1,27,79,8824,14087
CGGTCAAGTGGGAACC-1,1,26,80,8571,14232
TTGTAAGGCCAGTTGG-1,1,27,81,8823,14378
GGAGCACCAAGAACTA-1,1,26,82,8570,14523
TAATAGTGACGACCAG-1,1,27,83,8823,14668
CTAAATCCTATTCCGG-1,1,26,84,8570,14813
CGAGTTCTGTCCCACC-1,1,27,85,8822,14959
AGGCAGATGCGTAAAC-1,1,26,86,8569,15104
AAGGATGAGGGACCTC-1,1,27,87,8822,15249
AGAGAACCGTCTAGGA-1,1,26,88,8569,15394
GAGGGCGCAGCTCTGC-1,1,27,89,8821,15540
AAGATTGGCGGAACGT-1,1,26,90,8568,15685
CCAGTAGTCTGATCCA-1,1,27,91,8821,15830
AAGGGACAGATTCTGT-1,1,26,92,8568,15975
ATAGAGTTATCAACTT-1,1,27,93,8820,16121
AAATTACCTATCGATG-1,1,26,94,8567,16266
GATCCTAAATCGGGAC-1,1,27,95,8820,16411
TTACAGACCTAAATGA-1,0,26,96,8567,16556
CCTCACCTTAGCATCG-1,1,27,97,8819,16702
CATGCGACCAGTTTAA-1,0,26,98,8566,16847
AACATATCAACTGGTG-1,0,27,99,8819,16992
CTATAAGAGCCAATCG-1,0,26,100,8566,17137
AATATCGAGGGTTCTC-1,0,27,101,8818,17283
GTACTCCTGGGTATGC-1,0,26,102,8565,17428
ATAAGTAGGATTCAGA-1,0,27,103,8818,17573
AGGTCGCGGAGTTACT-1,0,26,104,8565,17718
CTAATTCTCAGATATT-1,0,27,105,8817,17864
GCCAACCATTTCCGGA-1,0,26,106,8564,18009
TGATCCCAGCATTAGT-1,0,27,107,8817,18154
CGTTGTAAGATTGATT-1,0,26,108,8564,18299
GAAACCATGGTGCGCT-1,0,27,109,8816,18445
AATCTATGCCGGAGCC-1,0,26,110,8564,18590
GACTCCCAGAATAAGG-1,0,27,111,8816,18735
TATGATCCGGCACGCC-1,0,26,112,8563,18880
CCGCTTGCTGACATGG-1,0,27,113,8816,19026
TGGTTAAGGGCGCTGG-1,0,26,114,8563,19171
TTGATAGTCAATACAT-1,0,27,115,8815,19316
GGTTTAATTGAGCAGG-1,0,26,116,8562,19461
CATTACATAGATTGTG-1,0,27,117,8815,19607
GGTACACCAGATTTAT-1,0,26,118,8562,19752
GGCCCGTATACCATGC-1,0,27,119,8814,19897
ATCTTTCGTATAACCA-1,0,26,120,8561,20042
GAGATGACAATCCTTA-1,0,27,121,8814,20188
AAAGCTTGCCTACATA-1,0,26,122,8561,20333
GAACGATAAGTTAAAG-1,0,27,123,8813,20478
TAATAGCTAAATGATG-1,0,26,124,8560,20623
TATGGCTAGGCTAATT-1,0,27,125,8813,20769
AGGAGAGTCTGGCTAC-1,0,26,126,8560,20914
TGCTCTGCCGGTTCAC-1,0,27,127,8812,21059
CCAATAGATTTCATCT-1,1,28,0,9096,2614
GGGCACGAATTGGCCG-1,1,29,1,9348,2759
TCGTTGACAGGGTCCC-1,1,28,2,9095,2904
ATCGTATTCCGAGAAC-1,1,29,3,9348,3050
GGGAATTCTGTCCAGT-1,1,28,4,9095,3195
ACGCGTTTCTTAAGAG-1,1,29,5,9347,3340
GAGAGCGCAGTCCCTG-1,1,28,6,9094,3485
GTCCTATTGTTGTGGT-1,1,29,7,9347,3631
CATCTGCAGGATCATT-1,1,28,8,9094,3776
GAGTCGACAGACCCTC-1,1,29,9,9346,3921
AAGTGCAAAGGTAGAC-1,1,28,10,9093,4066
AGGGTGGATAGTGCAT-1,1,29,11,9346,4212
TGATAGCGGGATTCTA-1,1,28,12,9093,4357
GTCAGTTTGGTAGTCG-1,1,29,13,9345,4502
GCATTCGAAATGAACA-1,1,28,14,9092,4647
AAAGACTGGGCGCTTT-1,1,29,15,9345,4793
TAACAATATTTGTTGC-1,1,28,16,9092,4937
CCAGCTTCCGCCCGCA-1,1,29,17,9344,5083
GATATGGATTACGCGG-1,1,28,18,9091,5228
AGAGCAGTTATGAGAC-1,1,29,19,9344,5374
TCACATCTTATCTGAT-1,1,28,20,9091,5518
TATGAAGACAGGTGCG-1,1,29,21,9343,5664
TACCTGCTGCACTGTG-1,1,28,22,9090,5809
TAGGTCCAAGTAAGGA-1,1,29,23,9343,5955
GAAACTCGTGCGATGC-1,1,28,24,9090,6099
AACAATTACTCTACGC-1,1,29,25,9342,6245
CCGCACGTGACCTCGG-1,1,28,26,9089,6390
AACTTGCCCGTATGCA-1,1,29,27,9342,6536
GGGTATGTATGCACTT-1,1,28,28,9089,6680
TTCGTACTCCAGAACG-1,1,29,29,9341,6826
GAATTTCTCGCTGCAG-1,1,28,30,9088,6971
AACAGGATGGGCCGCG-1,1,29,31,9341,7117
GACGTGTAGGGATTAT-1,1,28,32,9088,7261
TAGGTGAGCCCTACTC-1,1,29,33,9340,7407
CTAATTCGCACGCGCT-1,1,28,34,9087,7552
GAAGCTTGCTGACCGC-1,1,29,35,9340,7698
GGTTAGGCTTGGAGAA-1,1,28,36,9087,7842
ACAAGGACAAGAGGTT-1,1,29,37,9339,7988
AGGCCACCCGTTATGA-1,1,28,38,9086,8133
GTGGGCTTAGACACAC-1,1,29,39,9339,8279
CGTGTCCCATTCGCGA-1,1,28,40,9086,8423
TGGAGTGATGCGATGA-1,1,29,41,9338,8569
AACAACTGGTAGTTGC-1,1,28,42,9085,8714
CCTGGCTAGACCCGCC-1,1,29,43,9338,8860
CGCAATTAGGGTAATA-1,1,28,44,9085,9004
TCGAAATTTAGGACCA-1,1,29,45,9337,9150
AGACTAGCCTTCCAGA-1,1,28,46,9084,9295
TTGATCTAACTTTGTC-1,1,29,47,9337,9440
AAGGAGCGGTTGGTGC-1,1,28,48,9084,9585
ACTTGGGACCCGGTGG-1,1,29,49,9336,9731
TGATCTCCGGCGCCAG-1,1,28,50,9083,9876
CAGTTCAAATTGACAC-1,1,29,51,9336,10021
GTCCGGCTGAATTGCG-1,1,28,52,9083,10166
CTGGAAATGGATGCTT-1,1,29,53,9335,10312
TGATCGGTTTGACCCT-1,1,28,54,9082,10457
TAGAGTCTAAGCGAAC-1,1,29,55,9335,10602
GAGACTGATGGGTAGA-1,1,28,56,9082,10747
TAGCTAAGTCCGGGAG-1,1,29,57,9334,10893
GGGCGATATGTGTGAA-1,1,28,58,9082,11038
CTCGAGGTCGAACAGT-1,1,29,59,9334,11183
GATCCCTTTATACTGC-1,1,28,60,9081,11328
GTCATGCACCTCCGTT-1,1,29,61,9334,11474
ACTTTCCTATAGCTTC-1,1,28,62,9081,11619
TCGCTCGATATATTCC-1,1,29,63,9333,11764
ATAGGTTGGGCAGATG-1,1,28,64,9080,11909
CAATTAAGGGTGATGA-1,1,29,65,9333,12055
ACCGACTGAGTCCCAC-1,1,28,66,9080,12200
CCTGTCACCCGGGCTC-1,1,29,67,9332,12345
GATCGGTGGCCATAAC-1,1,28,68,9079,12490
CCTATGGGTTACCGTC-1,1,29,69,9332,12636
TTGGGACACTGCCCGC-1,1,28,70,9079,12781
CGAGGCTAAATATGGC-1,1,29,71,9331,12926
TCAGGGTGTAACGTAA-1,1,28,72,9078,13071
CGAGAGATGTGAACCT-1,1,29,73,9331,13217
TCGCTGGGCGGATTGT-1,1,28,74,9078,13362
AGATCTCAGGTGTGAT-1,1,29,75,9330,13507
TGGCCAAACTGAAGTA-1,1,28,76,9077,13652
GCTTCCGTCCCTAGAC-1,1,29,77,9330,13798
CAGCAGCCCGTTCCTT-1,1,28,78,9077,13943
TGTATAACAGATCCTG-1,1,29,79,9329,14088
CGCGGGAATTAGGCAG-1,1,28,80,9076,14233
TGCATGTGGTAATCTA-1,1,29,81,9329,14379
ACAATTTGAGCAGTGG-1,1,28,82,9076,14524
GAGCTAAGGGCATATC-1,1,29,83,9328,14669
CCAGATAGTTGAGTGA-1,1,28,84,9075,14814
CCACAATGTACGTCTT-1,1,29,85,9328,14960
CAATGGATCTCTACCA-1,1,28,86,9075,15105
TGTGGCAAAGCGTATG-1,1,29,87,9327,15250
TAAAGCGTTAGGAGAA-1,1,28,88,9074,15395
TCCGTTTAGCCTTGAA-1,1,29,89,9327,15541
CAGCTCGACAAGTTAA-1,1,28,90,9074,15686
GCCTATAGTGTCAGGG-1,1,29,91,9326,15831
ATAGACAACGGGACCT-1,1,28,92,9073,15976
CTACTATCTTTCAGAG-1,1,29,93,9326,16122
GCGCTGCTTTGCATTT-1,1,28,94,9073,16267
GCGCATCCAGTCAGCA-1,1,29,95,9325,16412
GACTCGCGGGAATGAC-1,1,28,96,9072,16557
CTGGTAACGAGCTCTT-1,1,29,97,9325,16703
TCCGGCCTAGCGTACA-1,1,28,98,9072,16848
TCTAGGTGGCGACGCT-1,1,29,99,9324,16993
ACGCTAGTGATACACT-1,0,28,100,9071,17138
ATCTGCACCTCTGCGA-1,1,29,101,9324,17284
CCTCACCTGAGGGAGC-1,0,28,102,9071,17429
AGTGAGCCTCGCCGCC-1,0,29,103,9323,17574
ACGAGTACGGATGCCC-1,0,28,104,9070,17719
GGTACCATTAAGACGG-1,0,29,105,9323,17865
TTCTGCTAGACTCCAA-1,0,28,106,9070,18010
TAACTATTACGCCAAA-1,0,29,107,9322,18155
GCATTCAAGGCAACGC-1,0,28,108,9069,18300
AGTACATCATTTATCA-1,0,29,109,9322,18446
GTCGTGTCTGGTCATC-1,0,28,110,9069,18590
AGTCTAAAGTATACTC-1,0,29,111,9321,18736
CGGCCCAACCTGTAGT-1,0,28,112,9068,18881
AGGGAGACATACTTCG-1,0,29,113,9321,19027
TCCCTAGATCAATAGG-1,0,28,114,9068,19171
TCCCGTCGCGTCATAG-1,0,29,115,9320,19317
CGCATCCATCAGCCAG-1,0,28,116,9068,19462
CTGCACCTAGTCCACA-1,0,29,117,9320,19608
CGAGGATCGGGAACGA-1,0,28,118,9067,19752
CAATGAGGTTCGACTA-1,0,29,119,9320,19898
TCTGACGGGCTAACCC-1,0,28,120,9067,20043
TTCTATGCCTTTCGCA-1,0,29,121,9319,20189
AGAGTATAGTGTTACG-1,0,28,122,9066,20333
CCATTGTTTCCTCCAT-1,0,29,123,9319,20479
CTCATCACTTAGTGAT-1,0,28,124,9066,20624
CCGAAGGGCGTACCGC-1,0,29,125,9318,20770
TCAAGCTGCCTTGAAA-1,0,28,126,9065,20914
CTCATTAACGTTGCCC-1,0,29,127,9318,21060
GTCTTCCTCACCTAAG-1,1,30,0,9601,2614
GGTGATGAAGGAAGTG-1,1,31,1,9853,2760
TCAATACAATTGCTGC-1,1,30,2,9601,2905
GCAACCCAAGTTGTTT-1,1,31,3,9853,3051
ATGAAGTGGACCCAGC-1,1,30,4,9600,3195
GAGAATCTCACGATCA-1,1,31,5,9853,3341
TATATCATTGATCAGT-1,1,30,6,9600,3486
AACTTTACGGGAGCTT-1,1,31,7,9852,3632
TTCTTGTGTCCATCAG-1,1,30,8,9599,3776
ACAATTTAGGAGGCTC-1,1,31,9,9852,3922
ATACTTGTTCTCGAGC-1,1,30,10,9599,4067
CACGGGATTGAGGGTT-1,1,31,11,9851,4213
GTTAATGTCTATCTTA-1,1,30,12,9598,4357
GCGTTATATTTGGAAC-1,1,31,13,9851,4503
CGTCAAGGCTATAAAT-1,1,30,14,9598,4648
TTAGCTCTGTAATCCG-1,1,31,15,9850,4794
AATGGTCCACCGTTCA-1,1,30,16,9597,4938
GTCATTGCATTGACCC-1,1,31,17,9850,5084
TGTCCGTGGCGCCTTT-1,1,30,18,9597,5229
TCAACTAACGTATAAC-1,1,31,19,9849,5374
TCCTCTCCAGTTGTCC-1,1,30,20,9596,5519
TGTGTTCGTATCCAAG-1,1,31,21,9849,5665
CCGCGTAGGTAAGGGC-1,1,30,22,9596,5810
CTGCGGGTGAAATGTT-1,1,31,23,9848,5955
TATCTACAGAGGTAAT-1,1,30,24,9595,6100
CTACTCTAGGCCCGGC-1,1,31,25,9848,6246
ACAAGCAGTGCCTAGC-1,1,30,26,9595,6391
TACAAGTCTCGTGCAT-1,1,31,27,9847,6536
TCGGAATGCGCTCTGA-1,1,30,28,9594,6681
TCGCGTCCAGAAGGTC-1,1,31,29,9847,6827
TATGGCCCGGCCTCGC-1,1,30,30,9594,6972
GCTGGCATATTCACCT-1,1,31,31,9846,7117
GTCAGAATAGTCTATG-1,1,30,32,9593,7262
GGCGTCCTATCCGCTG-1,1,31,33,9846,7408
CGGAGTTTGAGAGACA-1,1,30,34,9593,7553
AGCACTTAAGGACGCC-1,1,31,35,9845,7698
TCCACAATGGTTTACG-1,1,30,36,9592,7843
CCAACGATGCACTGAT-1,1,31,37,9845,7989
ATTTACAGTTTACTGG-1,1,30,38,9592,8134
CCCTGAAATGAGTTGA-1,1,31,39,9844,8279
CAAACGGTCGCACTTT-1,1,30,40,9591,8424
TGATTCGTCTATCACT-1,1,31,41,9844,8570
TCAGGTTCTTTGAGAA-1,1,30,42,9591,8715
CACGCAGCGAGGCTTT-1,1,31,43,9843,8860
TTAAGCGCCTGACCCA-1,1,30,44,9590,9005
CTTACACGGTATTCCA-1,1,31,45,9843,9151
AAGGCTGTGCTCATCG-1,1,30,46,9590,9296
GACCAGAGCCCTGTAG-1,1,31,47,9842,9441
TCCCAGGCTTAGCTAA-1,1,30,48,9589,9586
ATTGAAGATCTTAGTG-1,1,31,49,9842,9732
AGTTCCTACAGAATTA-1,1,30,50,9589,9877
GGGCTGGTTAGTCGCG-1,1,31,51,9841,10022
GAAATGGCGGTGTTAG-1,1,30,52,9588,10167
TACGAACACGACTTCA-1,1,31,53,9841,10313
ACCACAAGTTTCTATC-1,1,30,54,9588,10458
ATATTTAACCCTCAAG-1,1,31,55,9840,10603
GATCATTCCAAACATT-1,1,30,56,9587,10748
TCCAGGCGAGTACGGT-1,1,31,57,9840,10894
GTTTGACCAAATCCTA-1,1,30,58,9587,11039
CACAGCACCCACGGCA-1,1,31,59,9839,11184
TGCAAGAATGACGTAA-1,1,30,60,9586,11329
GCGAAGCCATACCCGT-1,1,31,61,9839,11475
TCCTTTCTTACGCTTA-1,1,30,62,9586,11620
GCTGCTCTCCGGACAC-1,1,31,63,9838,11765
ACTGTCTTCTTTAGAA-1,1,30,64,9586,11910
TCAAACTTAGATTGTT-1,1,31,65,9838,12056
CTATGTCACTAGCCCA-1,1,30,66,9585,12201
TGCGCAAAGCATTTGG-1,1,31,67,9838,12346
TTAATGTAGACCAGGT-1,1,30,68,9585,12491
GGCGGTAGGATCATTG-1,1,31,69,9837,12637
GGCAATAGTCAATGAG-1,1,30,70,9584,12782
ACACGAGACTCCTTCT-1,1,31,71,9837,12927
GACACAAGGGAAGAAA-1,1,30,72,9584,13072
TCAGCAAATGCATCTC-1,1,31,73,9836,13218
GAGATCTGTCACTCCG-1,1,30,74,9583,13363
ATGCCGGTCTTGCATA-1,1,31,75,9836,13508
TTGGGCGGCGGTTGCC-1,1,30,76,9583,13653
TTGTTGTGTGTCAAGA-1,1,31,77,9835,13799
ACTGTACGATACACAT-1,1,30,78,9582,13943
TCCACTTTATCTAGGT-1,1,31,79,9835,14089
GGTCTGAGAATCTGGA-1,1,30,80,9582,14234
TAGAAAGGTGGCGCTA-1,1,31,81,9834,14380
TATGTCTCATTGTGCC-1,1,30,82,9581,14524
GGATTTCACTTCTATA-1,1,31,83,9834,14670
TGAGTGGTCCGTGACG-1,1,30,84,9581,14815
CGCTTTCTTGCATTCG-1,1,31,85,9833,14961
ACCCAACGCCCGTGGC-1,1,30,86,9580,15105
GAACGTCTCATGGTCG-1,1,31,87,9833,15251
AGGGTTCCCTTTGGTT-1,1,30,88,9580,15396
GTAGCTTCCTCTTGTT-1,1,31,89,9832,15542
GCATGAGGGACGCGGC-1,1,30,90,9579,15686
CTACCCTAAGGTCATA-1,1,31,91,9832,15832
TCACCGCTCGGCACTC-1,1,30,92,9579,15977
GGCTCGCGTTGAGGTA-1,1,31,93,9831,16123
CTAACGAAACTTGCTG-1,1,30,94,9578,16267
TTAAACTCGAATTCAT-1,1,31,95,9831,16413
TACTTTACTGAGCCGG-1,1,30,96,9578,16558
GCTTGGATCGATTAGG-1,1,31,97,9830,16704
CGGTTATCCAACAGTG-1,1,30,98,9577,16848
CAGACCTGTAAGTGTT-1,1,31,99,9830,16994
GACGGTCAATAGAAGC-1,1,30,100,9577,17139
CTGACTGCGCAGCTCG-1,1,31,101,9829,17285
CCATACCTTTACTTGT-1,1,30,102,9576,17429
GTAATAAAGGGCTCCC-1,1,31,103,9829,17575
GTGAACTCCCATTCGA-1,1,30,104,9576,17720
GTGGTTACTTCTTTCG-1,1,31,105,9828,17866
TCAGAACCTCCACAGG-1,0,30,106,9575,18010
TCCCACTCTCTTCCGG-1,0,31,107,9828,18156
ATCTTGACTTGTCCAA-1,0,30,108,9575,18301
TCGGGAACGTGCCTAG-1,0,31,109,9827,18447
GTTAGCCGTAAATCAA-1,0,30,110,9574,18591
ATTTACTAAGTCCATT-1,0,31,111,9827,18737
GGGTGCATATGAAAGC-1,0,30,112,9574,18882
TCCGAATGGTCCTGAG-1,0,31,113,9826,19027
TGATGGCTGTTTCTGA-1,0,30,114,9573,19172
AAATAAGGTAGTGCCC-1,0,31,115,9826,19318
CCACTATCCGGGTCAC-1,0,30,116,9573,19463
ACACCACATAATTAGC-1,0,31,117,9825,19608
CGCGGTAAGTCTAGCT-1,0,30,118,9572,19753
GCGGGCATTACGATGC-1,0,31,119,9825,19899
AGGATTGCTTACGACA-1,0,30,120,9572,20044
CTCGGGATAACACCTA-1,0,31,121,9824,20189
GTCGTCTGGTTGGCTA-1,0,30,122,9572,20334
GCAATTAGTCGCACCG-1,0,31,123,9824,20480
GTGACCTAAAGAATAA-1,0,30,124,9571,20625
CTGAGCGAGACTTATT-1,0,31,125,9824,20770
CAAGACTCAGAAGCGC-1,0,30,126,9571,20915
ACTTCGCTAGCGAGTG-1,0,31,127,9823,21061
CCATACTCGCCTCTCC-1,1,32,0,10106,2615
ACGATACCTATCCTGA-1,1,33,1,10359,2761
CTCACCAGTACAAGTG-1,1,32,2,10106,2906
CGAAGACGGTGAGTGC-1,1,33,3,10358,3051
AAATTAATAAGCGCGA-1,1,32,4,10105,3196
GGGCCCTTATCTATAC-1,1,33,5,10358,3342
CTGCCCACGAAGCGTT-1,1,32,6,10105,3487
GGACAAGTTGCAGTGA-1,1,33,7,10357,3632
GTCCGAGAGCAATCAT-1,1,32,8,10105,3777
ATGGCAGCCGAGAAAC-1,1,33,9,10357,3923
CCTCGGATGCTACCTG-1,1,32,10,10104,4068
ATACGGTGAAGATGCA-1,1,33,11,10357,4213
ACATCAGCTGGGACGC-1,1,32,12,10104,4358
GGTTGTGTAGCCTGGC-1,1,33,13,10356,4504
CCTGCGTTCTACGCTT-1,1,32,14,10103,4649
GAACGTTAGGAAGACG-1,1,33,15,10356,4794
CTGATAGTGTATCTCA-1,1,32,16,10103,4939
TTCTGCGAGCGCCCTT-1,1,33,17,10355,5085
CTTTGGCGCTTTATAC-1,1,32,18,10102,5230
TCCGAACTTGGCTTAC-1,1,33,19,10355,5375
TAGATTCCTGGTTATT-1,1,32,20,10102,5520
CCGACAAAGGGAGTGC-1,1,33,21,10354,5666
CCATGGCCCTTGTACC-1,1,32,22,10101,5811
GAAATATCACCATCAG-1,1,33,23,10354,5956
ACGAAATGGGCGGCAC-1,1,32,24,10101,6101
GTGAGCGTGCTGCACT-1,1,33,25,10353,6247
CCGCGGGTACGAAGAA-1,1,32,26,10100,6392
TCCCTGGCTCGCTGGA-1,1,33,27,10353,6537
CAGCTTAGTAGGTAGC-1,1,32,28,10100,6682
CACGAAAGTTAGTCCC-1,1,33,29,10352,6828
ACCTAATCGACTTCCT-1,1,32,30,10099,6973
AAGTAGTGACGCGAGG-1,1,33,31,10352,7118
TCCGATTACATTGCCG-1,1,32,32,10099,7263
CCTCCGACAATTCAAG-1,1,33,33,10351,7409
GTTCACAGGAGTCTAG-1,1,32,34,10098,7554
CGAAGTTGCTCTGTGT-1,1,33,35,10351,7699
GTCGGATATCTCAGAC-1,1,32,36,10098,7844
CGCTCTCCGTAGATTA-1,1,33,37,10350,7990
CAAGCAACGTCGGAGT-1,1,32,38,10097,8135
CCATTCCCTGCCCACA-1,1,33,39,10350,8280
CTTTGGCTTTAGTAAA-1,1,32,40,10097,8425
GGCTATTAAGTTGTAT-1,1,33,41,10349,8571
CCATTAGCGATAATCC-1,1,32,42,10096,8716
TGTTCTTCCATTGACT-1,1,33,43,10349,8861
AGATAACTTCAGGGCC-1,1,32,44,10096,9006
ATAGACGAAGAGAAAG-1,1,33,45,10348,9152
GGCGGAGTAATATTAG-1,1,32,46,10095,9297
TGACCCACGTTAGACA-1,1,33,47,10348,9442
TCACAGGTTATTGGGC-1,1,32,48,10095,9587
TCACGCATTGTAGATC-1,1,33,49,10347,9733
TTGAAGAATTCCCAGG-1,1,32,50,10094,9877
AAATGGTCAATGTGCC-1,1,33,51,10347,10023
TAGTGCCCTCCAGAGT-1,1,32,52,10094,10168
GGTATTGCCGAGTTTA-1,1,33,53,10346,10314
CGTATTAAGAGATCTA-1,1,32,54,10093,10458
ACTGTCCAGGATTATA-1,1,33,55,10346,10604
CGGGCAGCTAAACCGC-1,1,32,56,10093,10749
TTGCTGATCATGTTCG-1,1,33,57,10345,10895
TATGGGTACGTATCGT-1,1,32,58,10092,11039
CAGCTCACTGAGACAT-1,1,33,59,10345,11185
GGGACTGCATAGATAG-1,1,32,60,10092,11330
ACGCATTCGTGAGTAC-1,1,33,61,10344,11476
CTCTGGACGCCTGGTG-1,1,32,62,10091,11620
AGGGTTTAGTTCGGGA-1,1,33,63,10344,11766
GGGAGAACTCACAGTA-1,1,32,64,10091,11911
ATCAATCTGGGCTGCA-1,1,33,65,10343,12057
TCTTCGATACCAATAA-1,1,32,66,10090,12201
ACGTAGATTGCTGATG-1,1,33,67,10343,12347
TCTTGATGCGTAGCGA-1,1,32,68,10090,12492
GGGCTGCCTAGGGCGA-1,1,33,69,10342,12638
CTCTCACAATCGATGA-1,1,32,70,10090,12782
CCAAGCGTAACTCGTA-1,1,33,71,10342,12928
ACAACAGCATGAGCTA-1,1,32,72,10089,13073
GTCCCAACGTAAAGTA-1,1,33,73,10342,13219
TCGGAGTACATGAGTA-1,1,32,74,10089,13363
GGGAGTTAATGAGGCG-1,1,33,75,10341,13509
CCGGGCGGTCTCGTCA-1,1,32,76,10088,13654
CCGTAAGTTGGTCCCA-1,1,33,77,10341,13800
GGAGGGCTTGGTTGGC-1,1,32,78,10088,13944
TCGGACGCCCAGCCCA-1,1,33,79,10340,14090
TCTGTGCCATCATAGT-1,1,32,80,10087,14235
GTACTGGAGTTAGACC-1,1,33,81,10340,14380
GGAATGCGCTAGCGTG-1,1,32,82,10087,14525
GTGTGAATAACTTAGG-1,1,33,83,10339,14671
GGTCGGCCAGGAGCTT-1,1,32,84,10086,14816
TAGCCGGCGGTCAGCG-1,1,33,85,10339,14961
CGGGTGTACCCATTTA-1,1,32,86,10086,15106
AGTGATTCAAGCAGGA-1,1,33,87,10338,15252
GTTGGATTGAGAACAC-1,1,32,88,10085,15397
CACACGCGCTGTCTTA-1,1,33,89,10338,15542
TAGACGCCCGTACCGG-1,1,32,90,10085,15687
GGTTTCAATCGGTCAG-1,1,33,91,10337,15833
AATCTGCGTTGGGACG-1,1,32,92,10084,15978
TTACGGATGGTTCGAG-1,1,33,93,10337,16123
CGGCAGGGTCGGGTTG-1,1,32,94,10084,16268
GCTTTCAGAGGAGGTG-1,1,33,95,10336,16414
TCTTCCCATGGGCACA-1,1,32,96,10083,16559
TACCGCGGACTTGCAG-1,1,33,97,10336,16704
AGAATTATGGATTCGA-1,1,32,98,10083,16849
ATTGATGAGTCCTAAC-1,1,33,99,10335,16995
TAGGTCGCCGGAACTG-1,1,32,100,10082,17140
TAACCTACCGTCCGAG-1,1,33,101,10335,17285
CTTAGTAGGCCTACAG-1,1,32,102,10082,17430
CTAGATGTGAGTGTAA-1,1,33,103,10334,17576
ACTCCCGAATTCGTTT-1,1,32,104,10081,17721
GTTCATCGTTTGGCTG-1,1,33,105,10334,17866
ACTTTACCCTCATGAA-1,1,32,106,10081,18011
GCGAGAGTTGCGTCCA-1,1,33,107,10333,18157
GTTCGGGCGTACCATT-1,1,32,108,10080,18302
CGACTTTGTATAGCCT-1,0,33,109,10333,18447
GCCATCGATGCTGCAT-1,0,32,110,10080,18592
GCATTTCCAAGGCTCC-1,0,33,111,10332,18738
ATGTAAGGCTGCTCTT-1,0,32,112,10079,18883
ACGTTCGCAATCAATT-1,0,33,113,10332,19028
GTGACGAGGGTGACCC-1,0,32,114,10079,19173
ATTATAGCTACTTTAC-1,0,33,115,10331,19319
CGTGTGTTAAACCCTG-1,0,32,116,10078,19464
TTGGTATGGCTTGTGT-1,0,33,117,10331,19609
CATTCCCATTCCGTCG-1,0,32,118,10078,19754
TGCCGAAAGCGTATTC-1,0,33,119,10330,19900
CAACACATCTCCTGCC-1,0,32,120,10077,20045
CTGCCTCATATGCAAC-1,0,33,121,10330,20190
TCCCGCCTATGTGCGT-1,0,32,122,10077,20335
GGTTACCCGACACTTT-1,0,33,123,10329,20481
CCAGCGGGATCACCAG-1,0,32,124,10076,20626
ATGTTTCGGCCCGGAG-1,0,33,125,10329,20771
GCGTCTAACCTCCTAA-1,0,32,126,10076,20916
ATCAGGTAGCTGACAG-1,0,33,127,10328,21062
GGTATGAAAGAACTGA-1,1,34,0,10612,2616
GTGGCCTAATATCATT-1,1,35,1,10864,2762
CCTGTGAAACCGTAAC-1,1,34,2,10611,2907
GGCAGAGAGATCGGGA-1,1,35,3,10864,3052
TAGCGTCGAATATTGA-1,1,34,4,10611,3197
CGCCGACTATTCGCTA-1,1,35,5,10863,3343
TCTGGCGCAAGCCGGG-1,1,34,6,10610,3488
AGTGGTTGCGTATAGG-1,1,35,7,10863,3633
ATCGGTTACCTAGTAA-1,1,34,8,10610,3778
CCTGCCCGTTGTCTAG-1,1,35,9,10862,3924
GCACACGCCCATGGTC-1,1,34,10,10609,4069
AGTACGGCCCGTATCG-1,1,35,11,10862,4214
TATCTAGCCTAAAGGA-1,1,34,12,10609,4359
CACTCGGTTAGGAGGA-1,1,35,13,10861,4505
ATGTTCGTCGACCCAC-1,1,34,14,10609,4650
TTCCTCTGCCCGAATA-1,1,35,15,10861,4795
TTACTATCGGCTTCTC-1,1,34,16,10608,4940
GCCGCATTAGTCCGGC-1,1,35,17,10861,5086
TAAGGGCTGGGAGAGG-1,1,34,18,10608,5230
TAAGCAGGCGACACGC-1,1,35,19,10860,5376
AGCACTACCGGCCTGT-1,1,34,20,10607,5521
GAAAGCCCTTTGGACC-1,1,35,21,10860,5667
GACCGACTGAAGCGTC-1,1,34,22,10607,5811
CGGTGAAGACTAAAGT-1,1,35,23,10859,5957
CCCTGCGCTACGCATA-1,1,34,24,10606,6102
TACTGGACAGCTCGGC-1,1,35,25,10859,6248
TTAGTAGGGCGGCGGG-1,1,34,26,10606,6392
GAGGCTATCAAAGTCG-1,1,35,27,10858,6538
TTACCATTGATTACCC-1,1,34,28,10605,6683
ATACCACGGGCAACTT-1,1,35,29,10858,6829
TGTCCTAAGTCACCGC-1,1,34,30,10605,6973
AGGTAGGTACAAAGCT-1,1,35,31,10857,7119
GGCATACAGGTAGCGG-1,1,34,32,10604,7264
TGTAGTGATCTATAAT-1,1,35,33,10857,7410
TCCCGGGTGTGCTGCT-1,1,34,34,10604,7554
TACGATGTTGATCATC-1,1,35,35,10856,7700
CCTCTCTCCCATCTAG-1,1,34,36,10603,7845
GCAGGACTATAGAATA-1,1,35,37,10856,7991
CTAGTGAAGGACAGGA-1,1,34,38,10603,8135
TACGAGAACTTCACGT-1,1,35,39,10855,8281
CGTTGTTTCAATTCCC-1,1,34,40,10602,8426
GCAAATATTACGCTTT-1,1,35,41,10855,8572
CCAATAGTGCCGTCGA-1,1,34,42,10602,8716
ATTGCTGCTCCTCCAT-1,1,35,43,10854,8862
GAGATCTGCTTGGCAT-1,1,34,44,10601,9007
GCCGAAATTCCTACGT-1,1,35,45,10854,9153
GGCACTCCACTGGGCA-1,1,34,46,10601,9297
GGGTCACCGTGACGGT-1,1,35,47,10853,9443
CACTTAATCAGACGGA-1,1,34,48,10600,9588
CGTTTCGCTCATTACA-1,1,35,49,10853,9734
ATAAAGGCTCGGTCGT-1,1,34,50,10600,9878
CACTAAAGTTGCCTAT-1,1,35,51,10852,10024
GTGCTCAAGTACTGTC-1,1,34,52,10599,10169
CCATGCCTGTTTAGTA-1,1,35,53,10852,10314
TCTAGTTATCAGAAGA-1,1,34,54,10599,10459
TTGTAATCCGTACTCG-1,1,35,55,10851,10605
TCCCAGCTTTAGTCTG-1,1,34,56,10598,10750
CTACGCACGGAGTACC-1,1,35,57,10851,10895
AAATTAACGGGTAGCT-1,1,34,58,10598,11040
CGGCCACGCACAAAGT-1,1,35,59,10850,11186
GAAGCGTGAGGAATTT-1,1,34,60,10597,11331
ATATCTTAGGGCCTTC-1,1,35,61,10850,11476
ACGCGGGCCAAGGACA-1,1,34,62,10597,11621
GCGAGTTCTGCAAAGA-1,1,35,63,10849,11767
TATTCGTGCCAGAATA-1,1,34,64,10596,11912
AGGGCTGCAGTTACAG-1,1,35,65,10849,12057
CTAGCATAGTATAATG-1,1,34,66,10596,12202
TAGGTTCGAGTTCGTC-1,1,35,67,10848,12348
GAATTATAGTGAAAGG-1,1,34,68,10595,12493
CTATCGGGTCTCAACA-1,1,35,69,10848,12638
GCGCTAATTGAATAGA-1,1,34,70,10595,12783
ATGCGACAGTCCCATT-1,1,35,71,10847,12929
GGTAGTGCTCGCACCA-1,1,34,72,10594,13074
AAGCTCGTGCCAAGTC-1,1,35,73,10847,13219
TATTCAATTCTAATCC-1,1,34,74,10594,13364
TTCAAAGTCTCTAGCC-1,1,35,75,10846,13510
TTGAATATGGACTTTC-1,1,34,76,10594,13655
AAGAGCTCTTTATCGG-1,1,35,77,10846,13800
TTACTCCGGCCGGGAA-1,1,34,78,10593,13945
AAACGAGACGGTTGAT-1,1,35,79,10846,14091
GCTAAGTAGTTTCTCT-1,1,34,80,10593,14236
ATAACGCCGGAGGGTC-1,1,35,81,10845,14381
GGATCCGGAATATACT-1,1,34,82,10592,14526
TGAAAGGACCTGACTC-1,1,35,83,10845,14672
TCCGCGGCAGCATCTG-1,1,34,84,10592,14817
TGCATATGTCTGTCAC-1,1,35,85,10844,14962
TGTAGGAGAAATTTCC-1,1,34,86,10591,15107
AGTGAGACTTCCAGTA-1,1,35,87,10844,15253
CCCAAACATGCTGCTC-1,1,34,88,10591,15398
GCTTATGAAGCAGGAA-1,1,35,89,10843,15543
TTCTAACCGAAGCTTA-1,1,34,90,10590,15688
GGATGTCCTTACCGCA-1,1,35,91,10843,15834
AGGGTGCTCTCGAGGG-1,1,34,92,10590,15979
AACTCTCAATAGAGCG-1,1,35,93,10842,16124
TCTGAATTCCGTACAA-1,1,34,94,10589,16269
GCGTGGTACTGGGTTA-1,1,35,95,10842,16415
CGTCGGATAGTGTTGA-1,1,34,96,10589,16560
ATATGTCTCCCTAGCC-1,1,35,97,10841,16705
TCTTTAAGACTATGAA-1,1,34,98,10588,16850
TCATTTAAGTCTCCGA-1,1,35,99,10841,16996
GATATTGAGATTGGCG-1,1,34,100,10588,17141
TGACATCGAGCGGACC-1,1,35,101,10840,17286
GCGTAAATGGCCATAA-1,1,34,102,10587,17431
ATTGTACAACTCGGCT-1,1,35,103,10840,17577
TACGCTATAGAAACCT-1,1,34,104,10587,17722
CACCCAAATCTTATGT-1,1,35,105,10839,17867
AGATGATGGAGTCTGG-1,1,34,106,10586,18012
CCACGGTGCCCGGTAG-1,1,35,107,10839,18158
TCAAGAAATACTAGCT-1,1,34,108,10586,18303
AGGTATAATTGATAGT-1,1,35,109,10838,18448
CAAGGTCCTATAGGCT-1,0,34,110,10585,18593
CCGGCACGACCGTTTC-1,0,35,111,10838,18739
ACCTCCGTTATTCACC-1,0,34,112,10585,18883
GCAGCCTATATCACAT-1,0,35,113,10837,19029
GGTATAGTGACACATA-1,0,34,114,10584,19174
AAATTCCAGGTCCAAA-1,0,35,115,10837,19320
TCTTTAGCAGGCGAAC-1,0,34,116,10584,19464
TATTGACATTTCTGCC-1,0,35,117,10836,19610
TCTGATCGGGTGCTAG-1,0,34,118,10583,19755
GGCCCGGAGCATGTCT-1,0,35,119,10836,19901
GGGCGCAGCGTTACTC-1,0,34,120,10583,20045
TTGGCGATCCGAATAT-1,0,35,121,10835,20191
CCACGTAAATTAGACT-1,0,34,122,10582,20336
TCTGATTGGAAATGGA-1,0,35,123,10835,20482
ATGGCGGAATAGTCGC-1,0,34,124,10582,20626
ATCGCTTTACGTCTCA-1,0,35,125,10834,20772
TACGTGCAAGGTTCCT-1,0,34,126,10581,20917
CAGGACAGCTGCCCTT-1,0,35,127,10834,21063
CAAACCAGGTCTGCAT-1,1,36,0,11117,2617
ACAAGCTATATGGAAG-1,1,37,1,11370,2763
TCGCCCACTGCGAGAG-1,1,36,2,11117,2907
AGCCGCAAATTCAAAT-1,1,37,3,11369,3053
TTAACGTTAAAGCCTG-1,1,36,4,11116,3198
CAGCGCCAACACGATA-1,1,37,5,11369,3344
ATCCAATGGTACCGAA-1,1,36,6,11116,3488
GTGCTGCAGATAAGGA-1,1,37,7,11368,3634
GGCCTTTGCAACTGGC-1,1,36,8,11115,3779
GTCGTACCTACGATTG-1,1,37,9,11368,3925
TAGAAATTCACGTATA-1,1,36,10,11115,4069
AGAATAAATCTTCAGG-1,1,37,11,11367,4215
CATTGCGAAATGGGCG-1,1,36,12,11114,4360
GTCTACTCAATTACAA-1,1,37,13,11367,4506
TGTAATGACCACAATA-1,1,36,14,11114,4650
AAAGTCGACCCTCAGT-1,1,37,15,11366,4796
TACTCGGCACGCCGGG-1,1,36,16,11113,4941
AGGTGTATCGCCATGA-1,1,37,17,11366,5087
TGTGCTTTACGTAAGA-1,1,36,18,11113,5231
AAACCTCATGAAGTTG-1,1,37,19,11365,5377
TATAGGGTACTCATGA-1,1,36,20,11113,5522
CCAGCTGATGGTACTT-1,1,37,21,11365,5667
AATATTGGAGTATTGA-1,1,36,22,11112,5812
GGCCCTCACCCACTTA-1,1,37,23,11365,5958
AACCAAGACTTCTCTG-1,1,36,24,11112,6103
TCGTATTACCCATTGC-1,1,37,25,11364,6248
ATTCGACGCCGGGCCT-1,1,36,26,11111,6393
GGCGCAGGACATCTTC-1,1,37,27,11364,6539
GTACTCCCTTATCGCT-1,1,36,28,11111,6684
TGGTCTGTTGGGCGTA-1,1,37,29,11363,6829
AATAACAACGCTCGGC-1,1,36,30,11110,6974
CATACCCGTACCCAGT-1,1,37,31,11363,7120
ACAATCCATTTAAACC-1,1,36,32,11110,7265
GTTACAATTGGTGACG-1,1,37,33,11362,7410
TTGCCCTGATCACGGG-1,1,36,34,11109,7555
CTAACCGCGCGCCCGT-1,1,37,35,11362,7701
CTAAAGAATGCCTACT-1,1,36,36,11109,7846
ACCCATCTTGAGGGTA-1,1,37,37,11361,7991
GATCTTTGCAGGGTAT-1,1,36,38,11108,8136
GGGTACTTCATGAACT-1,1,37,39,11361,8282
GCCGCTTGTGAGAAAC-1,1,36,40,11108,8427
CCTGTAAGACATGATA-1,1,37,41,11360,8572
CGACAGTTCGCGTTAT-1,1,36,42,11107,8717
ACGATGCATATGTTAT-1,1,37,43,11360,8863
TGTTCCGCTTCCATGA-1,1,36,44,11107,9008
GGATGACGCGAGTTTA-1,1,37,45,11359,9153
GAAGTTTCCACTCAAT-1,1,36,46,11106,9298
GCGAGGCCCGAGCAGA-1,1,37,47,11359,9444
CATACTATGTAATTGT-1,1,36,48,11106,9589
CCAATGTCACAGCAAG-1,1,37,49,11358,9734
GTTGGATTTGCGTTGG-1,1,36,50,11105,9879
GGGAGGATGCCCGAAA-1,1,37,51,11358,10025
GATCGCGGGCTCTCCA-1,1,36,52,11105,10170
GTTCGCCATAAGTGCC-1,1,37,53,11357,10315
AGATTATAGGACGTTT-1,1,36,54,11104,10460
TCGAGACCAACACCGT-1,1,37,55,11357,10606
TATGGGACCGAGCAGG-1,1,36,56,11104,10751
GATGCGTCCTGCATTC-1,1,37,57,11356,10896
TATGGTCTGAGTAACA-1,1,36,58,11103,11041
GCATAGAGCACTCAGG-1,1,37,59,11356,11187
CTTCATTGTCAGTGGA-1,1,36,60,11103,11332
GCAGATTAGGGATATC-1,1,37,61,11355,11477
CCTGTCGCCCGTAAAT-1,1,36,62,11102,11622
CAATTTCGTATAAGGG-1,1,37,63,11355,11768
GTACACTTACCTGAAG-1,1,36,64,11102,11913
CCAGCCTGGACCAATA-1,1,37,65,11354,12058
ATGGAGCAGGCCGTGA-1,1,36,66,11101,12203
GTCATTAGAGCGAACG-1,1,37,67,11354,12349
AAGACTGCAAGCTACT-1,1,36,68,11101,12494
CTAGTCACGTCTTAAG-1,1,37,69,11353,12639
ACTCTTGTATAGTAAC-1,1,36,70,11100,12784
ATTAGGCGATGCTTTC-1,1,37,71,11353,12930
TTCGGGACTAATCGCG-1,1,36,72,11100,13075
TGGACTGTTCGCTCAA-1,1,37,73,11352,13220
AACGTGCGAAAGTCTC-1,1,36,74,11099,13365
CCACCCAAGGAAAGTG-1,1,37,75,11352,13511
CCGCACAAAGACCAAC-1,1,36,76,11099,13656
GCGATTGTTAACGTTA-1,1,37,77,11351,13801
ACTCGTCAGTAATCCC-1,1,36,78,11098,13946
GGTGATAAGGAGCAGT-1,1,37,79,11351,14092
AAGAGGCATGGATCGC-1,1,36,80,11098,14237
CACGTTCGTGCTCTAG-1,1,37,81,11350,14382
CTATTTGGTTACGGAT-1,1,36,82,11098,14527
GTACAGAGGCAAGGGT-1,1,37,83,11350,14673
GGGCCGGCCGAAGTAC-1,1,36,84,11097,14817
CCTGAACGATATATTC-1,1,37,85,11350,14963
CCGGGCTGCTCCATAC-1,1,36,86,11097,15108
TACTTGTTAGTAGTCC-1,1,37,87,11349,15254
CCTAGGCGTAGCGATC-1,1,36,88,11096,15398
CTGGCGCACAGGTCTG-1,1,37,89,11349,15544
ACTTATACTTACCCGG-1,1,36,90,11096,15689
GAAGTCTCCCTAGCGA-1,1,37,91,11348,15835
ACCGATGGTAGCATCG-1,1,36,92,11095,15979
CGAGTTTATCGGACTG-1,1,37,93,11348,16125
CATAACGGACAGTCGT-1,1,36,94,11095,16270
TGACGATGCACTAGAA-1,1,37,95,11347,16416
TAGGGAGCTTGGGATG-1,1,36,96,11094,16560
AGGGTCGATGCGAACT-1,1,37,97,11347,16706
TATATCCCTGGGAGGA-1,1,36,98,11094,16851
CATCTTACACCACCTC-1,1,37,99,11346,16997
GTGCGACAGGGAGTGT-1,1,36,100,11093,17141
CCGATCTCAACCTTAT-1,1,37,101,11346,17287
ACGATCATCTTGTAAA-1,1,36,102,11093,17432
GAAAGAACAGCGTTAT-1,1,37,103,11345,17578
CTAGGTCTGAAGGAAT-1,1,36,104,11092,17722
ATATCAACCTACAGAG-1,1,37,105,11345,17868
AAATAGCTTAGACTTT-1,1,36,106,11092,18013
GCGACATGTAAACATC-1,1,37,107,11344,18159
ATAAGTAGGGCGACTC-1,1,36,108,11091,18303
GCGAGCGCATGCTCCC-1,1,37,109,11344,18449
AGGGACCGGCTGCGTT-1,1,36,110,11091,18594
CCTATGAAGTGGTGCC-1,0,37,111,11343,18740
GCTTACGTAGTTAGTA-1,0,36,112,11090,18884
CATACTTAGGCAATAC-1,0,37,113,11343,19030
CCTGTCCCTCACGTTA-1,0,36,114,11090,19175
CAATGTGCCAACCCTT-1,0,37,115,11342,19320
GTTAAGTTAGAGTGGG-1,0,36,116,11089,19465
CTGGGATACGCTACCC-1,0,37,117,11342,19611
AACCTGTCACGGAATT-1,0,36,118,11089,19756
ACTGCGGACACACCGT-1,0,37,119,11341,19901
CCGTGAGGCATTCATG-1,0,36,120,11088,20046
GCCCAGATGCTGGAGA-1,0,37,121,11341,20192
TCTGGCCGTTCAAGTT-1,0,36,122,11088,20337
ATACGAAGGCTTTCCA-1,0,37,123,11340,20482
GATCCGAATATAAGTG-1,0,36,124,11087,20627
GTGGAGCATGTCGGCC-1,0,37,125,11340,20773
ACTCTTCAGCTCCCGC-1,0,36,126,11087,20918
CCCGATAGCCTCGCCT-1,0,37,127,11339,21063
ACAGGTGTGTTGTTGC-1,1,38,0,11623,2618
TGAACTGCTATGACTT-1,1,39,1,11875,2763
TGACATATATGACGAT-1,1,38,2,11622,2908
AAGTCTTCTGTGGCCT-1,1,39,3,11875,3054
ACCAGACCATAACAAC-1,1,38,4,11622,3199
TGAGACGTACCTCTCA-1,1,39,5,11874,3344
GACCGTTACATGCGAC-1,1,38,6,11621,3489
GGTTCGGATTATACTA-1,1,39,7,11874,3635
CCTCCTGAGCCCACAT-1,1,38,8,11621,3780
CCGCGATTTGGTAGGT-1,1,39,9,11873,3925
AATCTCTACTGTGGTT-1,1,38,10,11620,4070
ACTTTGACTGCATCCT-1,1,39,11,11873,4216
CCCTGACTAACAAATT-1,1,38,12,11620,4361
ACGCTGTGAGGCGTAG-1,1,39,13,11872,4506
GCATACGAGGTCTTTA-1,1,38,14,11619,4651
TCGGGATTCAAACATA-1,1,39,15,11872,4797
GGGCCCTACGAAAGGG-1,1,38,16,11619,4942
CGCCAAGAAGCCGAGT-1,1,39,17,11871,5087
GGTACATCTGGGACGA-1,1,38,18,11618,5232
GGATGCTGGCGTTCCT-1,1,39,19,11871,5378
CCGATTCGAGGGACCC-1,1,38,20,11618,5523
CCACTGGTGGCTGGTT-1,1,39,21,11870,5668
GACAGGCACACACTAT-1,1,38,22,11617,5813
TCAACGCGACCGGCAG-1,1,39,23,11870,5959
CTACGACTAGCTATAA-1,1,38,24,11617,6104
CGGTTGACCTGGCATA-1,1,39,25,11869,6249
ATCCTGAATCGCTGCG-1,1,38,26,11617,6394
GTTTCATATCGTCGCT-1,1,39,27,11869,6540
ATAAATATTAGCAGCT-1,1,38,28,11616,6685
AAGAGGATGTACGCGA-1,1,39,29,11869,6830
TCCTGCGTTGATACTC-1,1,38,30,11616,6975
CGTGCATTGTCGACGC-1,1,39,31,11868,7121
CCGGGTTCGAGGTTAC-1,1,38,32,11615,7266
CCCAATTTCACAACTT-1,1,39,33,11868,7411
TGATTTATTAGCTGTG-1,1,38,34,11615,7556
TGGAAGAAGGGAACGT-1,1,39,35,11867,7702
GACGCTTGCTTCTAAA-1,1,38,36,11614,7847
GGGAACGGGAGGTTAG-1,1,39,37,11867,7992
GCGGCTCTGACGTACC-1,1,38,38,11614,8137
ACGTTAGATTTGCCCG-1,1,39,39,11866,8283
GAGAGGGCGCGAGGTT-1,1,38,40,11613,8428
GCGTCTCTGCATTGGG-1,1,39,41,11866,8573
GCAGCACACAGCCCAG-1,1,38,42,11613,8718
CAGGCCGTTTGGGTGT-1,1,39,43,11865,8864
AACTCAAGTTAATTGC-1,1,38,44,11612,9009
CTTCGTAGATAGGTGA-1,1,39,45,11865,9154
TGCAGAGTACCGAGCA-1,1,38,46,11612,9299
GAAGTGATTTATCGTG-1,1,39,47,11864,9445
CGCTACGGGACATTTA-1,1,38,48,11611,9590
CCACACTGAGATATTA-1,1,39,49,11864,9735
CGATCCGACCCAGTGC-1,1,38,50,11611,9880
CTGTACTTCTTAGCAT-1,1,39,51,11863,10026
ACTTATTAGGATCGGT-1,1,38,52,11610,10170
TAGTCCGCAGAGAATG-1,1,39,53,11863,10316
TTCACGAAAGGATCAC-1,1,38,54,11610,10461
TACATTTCTAACGTGC-1,1,39,55,11862,10607
ACCATATCCGCAATAA-1,1,38,56,11609,10751
CACTCAAGAGCTATGG-1,1,39,57,11862,10897
TGTACGAACAAATCCG-1,1,38,58,11609,11042
ATCATCCAATATTTGT-1,1,39,59,11861,11188
CGCTATTCTTAGGCTC-1,1,38,60,11608,11332
TGGCAGCAGTAATAGT-1,1,39,61,11861,11478
TCACGTGCCCGATTCA-1,1,38,62,11608,11623
CATACGGCGTCTGGGC-1,1,39,63,11860,11769
CACATGATTCAGCAAC-1,1,38,64,11607,11913
GCTAGTAGAGCTTGTA-1,1,39,65,11860,12059
TGCTGTTGAAGAACTC-1,1,38,66,11607,12204
CGGAGCATGGCGATCC-1,1,39,67,11859,12350
TAGCGTTGGGTCTTAC-1,1,38,68,11606,12494
GTAGCGGCTATACACT-1,1,39,69,11859,12640
TAACATACAATGTGGG-1,1,38,70,11606,12785
TCTTCGAATAGACGTT-1,1,39,71,11858,12931
GATCGTGACTGATATC-1,1,38,72,11605,13075
GATCCGGGAATTAACA-1,1,39,73,11858,13221
TTATATACGCTGTCAC-1,1,38,74,11605,13366
GTCGCGTAACCCGTTG-1,1,39,75,11857,13512
AGCTCTAGACGTTCCA-1,1,38,76,11604,13656
GTCAAGCGGACTCGGG-1,1,39,77,11857,13802
CGAGGGACTGCGGTCG-1,1,38,78,11604,13947
AATCGCCTCAGCGCCA-1,1,39,79,11856,14093
CTTGTTGCTGAGTCAA-1,1,38,80,11603,14237
GATATGAGACACTAAC-1,1,39,81,11856,14383
TTATGATCTTAACGAA-1,1,38,82,11603,14528
CGCCGCCCATGCCTGT-1,1,39,83,11855,14674
CTGGGATAAATAATGG-1,1,38,84,11602,14818
GTGCCCGTTCGGATTC-1,1,39,85,11855,14964
TTCAATACTCTGAATC-1,1,38,86,11602,15109
CGCACATGTCCACTAC-1,1,39,87,11854,15254
AGAAGAGCGCCGTTCC-1,1,38,88,11602,15399
GATAACTCGCACTGTG-1,1,39,89,11854,15545
AGTCGACGGTCTCAAG-1,1,38,90,11601,15690
GTGACCGCACACTACG-1,1,39,91,11854,15835
GTATGTGGGTCTAGTT-1,1,38,92,11601,15980
CTTGAGTTAGGGTAAT-1,1,39,93,11853,16126
TTAGCTGATTTGCCGT-1,1,38,94,11600,16271
GCTGTTGCTACCGAAC-1,1,39,95,11853,16416
TATTACCATCCTGCTT-1,1,38,96,11600,16561
TTGAATTCACGTGAGG-1,1,39,97,11852,16707
CCATCTCACCAGTGAA-1,1,38,98,11599,16852
CGCACGTGCGCTATCA-1,1,39,99,11852,16997
ACCCGGATGACGCATC-1,1,38,100,11599,17142
CGCTAGAGACCGCTGC-1,1,39,101,11851,17288
ATAGTTCCACCCACTC-1,1,38,102,11598,17433
GCAGACCCAGCACGTA-1,1,39,103,11851,17578
TAGACTACCTAGCGTT-1,1,38,104,11598,17723
GGTTCTACTCGTCTGA-1,1,39,105,11850,17869
GACTCACCCACGTGAG-1,1,38,106,11597,18014
AGCTCTTCGTAACCTT-1,1,39,107,11850,18159
ACTATCCAGGGCATGG-1,1,38,108,11597,18304
AAGGATCGATCGCTTG-1,1,39,109,11849,18450
ATATCGGTAGGGAGAT-1,1,38,110,11596,18595
TTCCAGACGAGATTTA-1,0,39,111,11849,18740
GACCGACGTGAAAGCA-1,0,38,112,11596,18885
CCTGGAAACGTTCTGC-1,0,39,113,11848,19031
CCGGTAATGGCTAGTC-1,0,38,114,11595,19176
GCCGTGGAAGAAATGT-1,0,39,115,11848,19321
GTCTTGAGGAGCAGTG-1,0,38,116,11595,19466
TCCCAAAGCCCTAAAT-1,0,39,117,11847,19612
TTGAGCGCCACGTGAT-1,0,38,118,11594,19757
TTGAGTCCCGCTGCTG-1,0,39,119,11847,19902
ATGGAACCTTTGCACA-1,0,38,120,11594,20047
GCTAGCACCTGGGCCA-1,0,39,121,11846,20193
CGCCGTCTACCCATCG-1,0,38,122,11593,20338
GATAGGTGTCCCGGGC-1,0,39,123,11846,20483
AGGTATGCGGACATTA-1,0,38,124,11593,20628
TTGGTTCGCTCAAAGG-1,0,39,125,11845,20774
TCTGGAGCGTAAGAGT-1,0,38,126,11592,20919
TGCCTAAATTTAATAG-1,0,39,127,11845,21064
TAATTTCCGTCCAGTA-1,0,40,0,12128,2619
TCCTTCAATCCCTACG-1,0,41,1,12381,2764
TACCTATCCCTAGAGG-1,1,40,2,12128,2909
GCATGGGTACTGACGC-1,0,41,3,12380,3055
GTCGGGAACATGGTAG-1,1,40,4,12127,3200
GCAAATGAGGACACTT-1,1,41,5,12380,3345
GAATGGGCTTATCGAC-1,1,40,6,12127,3490
TGGTCGTGCAAGGCAA-1,1,41,7,12379,3636
CACCACGCCACACAGA-1,1,40,8,12126,3781
GAACCTCGACCTACAC-1,1,41,9,12379,3926
CAATACGCTCTGAGGC-1,1,40,10,12126,4071
TGGTAAGCAGGATTGA-1,1,41,11,12378,4217
AGTGGCTCCGTCGGCC-1,1,40,12,12125,4362
GATCGGATAGAACCAT-1,1,41,13,12378,4507
GCTACAGTACGGACCG-1,1,40,14,12125,4652
TCTATTACTAGAGGAT-1,1,41,15,12377,4798
TTCAGGCGTCAAAGCC-1,1,40,16,12124,4943
AGACCGGGAAACCCTG-1,1,41,17,12377,5088
AGAGATCTCTAAAGCG-1,1,40,18,12124,5233
CCCTGCCCAATCCGCT-1,1,41,19,12376,5379
GTGGCGGTCCCAGCGT-1,1,40,20,12123,5524
GCATTGTAATTCATAT-1,1,41,21,12376,5669
CCGTTCCGAATCTCGG-1,1,40,22,12123,5814
AGCTTGATCTTAACTT-1,1,41,23,12375,5960
CCTGTACTCACGCCCA-1,1,40,24,12122,6104
AAGTGACGACCGAATT-1,1,41,25,12375,6250
CTCACTTGGCTGGTAA-1,1,40,26,12122,6395
CGCCTGGCCTACGTAA-1,1,41,27,12374,6541
CCCGTAAGTCTAGGCC-1,1,40,28,12121,6685
TTGGACATGTGGCTTA-1,1,41,29,12374,6831
ATTACGCGCTGGCAGG-1,1,40,30,12121,6976
ACGCGCTACACAGGGT-1,1,41,31,12373,7122
TACGTTTACCGGCAAT-1,1,40,32,12121,7266
CGAAACGCAATTCATG-1,1,41,33,12373,7412
TAGTCTAACAACGAGA-1,1,40,34,12120,7557
TTGCATGCTGATCACG-1,1,41,35,12373,7703
TCTGGGTAGCGCTCAT-1,1,40,36,12120,7847
ACATCGGTCAGCCGCG-1,1,41,37,12372,7993
AGATACCGGTGTTCAC-1,1,40,38,12119,8138
GATTACTGAATTTGGG-1,1,41,39,12372,8284
TCCAACTTTAAATTCT-1,1,40,40,12119,8428
TCCTAGCAAAGAAGCT-1,1,41,41,12371,8574
GTCTATCTGAGTTTCT-1,1,40,42,12118,8719
GATGTTCAATCCACGA-1,1,41,43,12371,8865
AGTTAAACACTTGCGA-1,1,40,44,12118,9009
AGCTCTTTACTCAGTT-1,1,41,45,12370,9155
ATCCAGGATTCGTGAA-1,1,40,46,12117,9300
AGTCAACACCACCATC-1,1,41,47,12370,9446
CGATACCTCGCGGACA-1,1,40,48,12117,9590
TACAACGCACAACTCA-1,1,41,49,12369,9736
AATTAAAGGTCGGCGT-1,1,40,50,12116,9881
TACGCAGTTCTTTCCT-1,1,41,51,12369,10027
GACCGTGCTGACGGTG-1,1,40,52,12116,10171
GGCAAATTACTTTACT-1,1,41,53,12368,10317
GGTACAAACATGCTAT-1,1,40,54,12115,10462
CGGGCCTTCTTTGTAA-1,1,41,55,12368,10607
CGTGAAGTTAATTCAC-1,1,40,56,12115,10752
ATAGTGAAGCGTTCTC-1,1,41,57,12367,10898
TACGCCATATTCTAAT-1,1,40,58,12114,11043
GCCGGGTTAGGGTCGC-1,1,41,59,12367,11188
TACATAGGCATACACC-1,1,40,60,12114,11333
GCCGATTGGCCAAGCT-1,1,41,61,12366,11479
CTGCCATGCATCACAT-1,1,40,62,12113,11624
TTATGAATGAAAGGGA-1,1,41,63,12366,11769
GCTGAGGCGTGAGTAT-1,1,40,64,12113,11914
GCGCCGTTCCACGATA-1,1,41,65,12365,12060
CGCATGGTGCGATGCT-1,1,40,66,12112,12205
AGGTTTCACACACCTT-1,1,41,67,12365,12350
CAAGGATCGCATGTTC-1,1,40,68,12112,12495
ACGTTAATGTCGAAGA-1,1,41,69,12364,12641
TCCAGAGCACCGGTTC-1,1,40,70,12111,12786
GATTCGACGGTTCACG-1,1,41,71,12364,12931
GTTTCTGCAGTCTCCC-1,1,40,72,12111,13076
GCTGCACGGTTTCTTA-1,1,41,73,12363,13222
CGTGCAGACTGGGACA-1,1,40,74,12110,13367
GTGTTACTATGCGTCC-1,1,41,75,12363,13512
TCCTCGGGCTGGGCTT-1,1,40,76,12110,13657
GTGAGGACACTTAAGG-1,1,41,77,12362,13803
ATACGCCGGCGAAACC-1,1,40,78,12109,13948
TCTGCCAGAAACTGCA-1,1,41,79,12362,14093
TTCTGCGGGTTAGCGG-1,1,40,80,12109,14238
CTCGGTACCACTGCTC-1,1,41,81,12361,14384
GTAAGTAACAGTCTGG-1,1,40,82,12108,14529
GTGCGTGTATATGAGC-1,1,41,83,12361,14674
ATTTGTCTTGGGAGCT-1,1,40,84,12108,14819
CCTCGGACCGGGATAG-1,1,41,85,12360,14965
TAGGTGCTCGCCTAGC-1,1,40,86,12107,15110
CTTTAGGAACACTGTT-1,1,41,87,12360,15255
TCGGGCCGTCGTGGTA-1,1,40,88,12107,15400
AGTGCTTGCACGAATA-1,1,41,89,12359,15546
TGCAGTTTCCTCCCAT-1,1,40,90,12107,15691
TGAGAGATTTACCACG-1,1,41,91,12359,15836
GAAACAGATGACCACC-1,1,40,92,12106,15981
AGCAACATATCTTATT-1,1,41,93,12359,16127
CAAGTGTGGTTGCAAA-1,1,40,94,12106,16272
GCCTCATCTGGAAATA-1,1,41,95,12358,16417
AACCCTACTGTCAATA-1,1,40,96,12105,16562
ACGTATTACTCCGATC-1,1,41,97,12358,16708
TCTGGGAACCTTTGAA-1,1,40,98,12105,16853
GCTCGCTCATGTCCAA-1,1,41,99,12357,16998
GCGCAAGAGCGCGCTG-1,1,40,100,12104,17143
TTGACGCTCCATGAGC-1,1,41,101,12357,17289
TATAGATGGTCGCAGT-1,1,40,102,12104,17434
TTACATGCCACAACTA-1,1,41,103,12356,17579
ACATGGCGCCAAAGTA-1,1,40,104,12103,17724
TATGGTTAGTGGGAGA-1,1,41,105,12356,17870
CATGACTTCGCTGAAT-1,1,40,106,12103,18015
ACCACCAATGTAACAA-1,1,41,107,12355,18160
TCTTAGAGCTCCAATT-1,1,40,108,12102,18305
CCACGAATTTAACCTC-1,1,41,109,12355,18451
TTCTTGCTAGCATCTC-1,1,40,110,12102,18596
ACACCTTACTACTTGC-1,1,41,111,12354,18741
AGTCGGTTGCGTGAGA-1,0,40,112,12101,18886
ACCTACAGTATGTGGT-1,0,41,113,12354,19032
GAGGATAAACAGTGCT-1,0,40,114,12101,19177
TTCCGGTATCTGTGTC-1,0,41,115,12353,19322
GGAGGCCGAAGTCGTC-1,0,40,116,12100,19467
TTCGCTAGGAAGTTGT-1,0,41,117,12353,19613
TAAAGACAACCCTTTA-1,0,40,118,12100,19757
GTTGCGCTAACATTAC-1,0,41,119,12352,19903
GCTGAACTCTCCAGGG-1,0,40,120,12099,20048
AGCCCTGTCGCACCGT-1,0,41,121,12352,20194
AGCGCTAGAGCGATGT-1,0,40,122,12099,20338
TGCGCCGTTAATAACG-1,0,41,123,12351,20484
TGACAACGCATGTCGC-1,0,40,124,12098,20629
CGTCTTGAGTGTGACG-1,0,41,125,12351,20775
GATAGGATTAATTACA-1,0,40,126,12098,20919
GATACCGTGTCGGAGT-1,0,41,127,12350,21065
TGTGTCGAAGTCGAGG-1,0,42,0,12634,2619
GGATCAGAGCCATCAG-1,0,43,1,12886,2765
GTCCCAATCATCCCGC-1,0,42,2,12633,2910
TGCCACACTAGAGGAA-1,0,43,3,12886,3056
TGAATTTCACTTGCCT-1,1,42,4,12633,3200
CTCAGATTGTGATAAG-1,0,43,5,12885,3346
CGGACGTTACTTGAAG-1,1,42,6,12632,3491
CCGCCTTGCGATGTCG-1,0,43,7,12885,3637
CCAGTCAAATCTCTTA-1,1,42,8,12632,3781
AAACAGCTTTCAGAAG-1,1,43,9,12884,3927
TAGCTGATGTGAAGCG-1,1,42,10,12631,4072
CTTATGCGCTCAGGGC-1,1,43,11,12884,4218
TGGCTCTTGTCGCGTA-1,1,42,12,12631,4362
TTGTGAGGCATGACGC-1,1,43,13,12883,4508
CATAAGCTCTCCGTCT-1,1,42,14,12630,4653
CCTTCTCAGCGTTCCT-1,1,43,15,12883,4799
TGCAGCTACGTACTTC-1,1,42,16,12630,4943
CTCTACACTGGCGATT-1,1,43,17,12882,5089
TGCAGATCGTCCTAGG-1,1,42,18,12629,5234
TGCCAAAGTCAGACTT-1,1,43,19,12882,5380
ACAATAGTCGTACGTT-1,1,42,20,12629,5524
CATGCCAACTCGCAAA-1,1,43,21,12881,5670
TGCAGAACTATATCGT-1,1,42,22,12628,5815
TCGTGTCACGCTGACA-1,1,43,23,12881,5961
TGATCAGGGAACTGCT-1,1,42,24,12628,6105
CTTGCAACCGCCTCCT-1,1,43,25,12880,6251
AGCCCATACATGTAAG-1,1,42,26,12627,6396
ATCCAATGGAGGGTCC-1,1,43,27,12880,6541
AAACCGGGTAGGTACC-1,1,42,28,12627,6686
GCAACCACGGCCGCGT-1,1,43,29,12879,6832
CGCTTATTCCCGGTCG-1,1,42,30,12626,6977
TTACTCTGGTACGTAC-1,1,43,31,12879,7122
GTGGTTTCCGCCTTTC-1,1,42,32,12626,7267
ATAGGCGGCTATAGAA-1,1,43,33,12878,7413
GTGCCATCACACGGTG-1,1,42,34,12625,7558
CCCAACATACGTCGCG-1,1,43,35,12878,7703
CGGTGCAGATAGAACG-1,1,42,36,12625,7848
GGGCGGGTTCCCTACG-1,1,43,37,12877,7994
TGAGCCATACAGTCTC-1,1,42,38,12625,8139
CTCCGCCCACATGAGG-1,1,43,39,12877,8284
GTTGAACCGGTTCCAT-1,1,42,40,12624,8429
TTGACTACCATATGGT-1,1,43,41,12877,8575
ACCATCGTATATGGTA-1,1,42,42,12624,8720
TGCGTAAGAACCTGAT-1,1,43,43,12876,8865
AGAAGGTTGCCGAATT-1,1,42,44,12623,9010
AGGACGACCCATTAGA-1,1,43,45,12876,9156
GGTGCTGGTACACATT-1,1,42,46,12623,9301
GCGCTATGCCGAGGCA-1,1,43,47,12875,9446
ACCCGGTTACACTTCC-1,1,42,48,12622,9591
TAACTCATCCGCGCGG-1,1,43,49,12875,9737
CACAATGAGCTGCTAT-1,1,42,50,12622,9882
GTTACTTTGGGCCTAG-1,1,43,51,12874,10027
GGGCCCGTCTTAAACA-1,1,42,52,12621,10172
GAAATTGTCTCTATAA-1,1,43,53,12874,10318
GGCGCATGAATTGATG-1,1,42,54,12621,10463
CATATAGGTACAGTCA-1,1,43,55,12873,10608
TCAACGAGGAGACAAA-1,1,42,56,12620,10753
TTGCACAATTCAGAAA-1,1,43,57,12873,10899
CATCGGACGGGTTAAT-1,1,42,58,12620,11044
ATTAAACATGCGGACC-1,1,43,59,12872,11189
TATCTACCACAGCGGG-1,1,42,60,12619,11334
CGAGACCCTAGAGTGT-1,1,43,61,12872,11480
ACATCGATCGTTTACC-1,1,42,62,12619,11625
ATCGACCCAATACAGA-1,1,43,63,12871,11770
GAATCTGAACATTCTC-1,1,42,64,12618,11915
AGTTCCTATTTATGTT-1,1,43,65,12871,12061
CAGTCTGTATACTGGG-1,1,42,66,12618,12206
GGAGACGACACCTTTG-1,1,43,67,12870,12351
CCTAAATTAACGGTTC-1,1,42,68,12617,12496
GCTACGACTTATTGGG-1,1,43,69,12870,12642
CTGTGCAGGGTAGGTC-1,1,42,70,12617,12787
ACGCCGCTAGACGACC-1,1,43,71,12869,12932
ACTTGACTCCCTCTTT-1,1,42,72,12616,13077
CGCCTCCCTCCTCTAT-1,1,43,73,12869,13223
CTAGATTTACGACGGC-1,1,42,74,12616,13368
GATGCTGTATTTCATC-1,1,43,75,12868,13513
TGCGTTTGTTGACACT-1,1,42,76,12615,13658
CGTGCCCTCCCGAAGA-1,1,43,77,12868,13804
ACTCTCTGACTTAGGT-1,1,42,78,12615,13949
CTGGGTAGGCAGTTAA-1,1,43,79,12867,14094
GTTTGGCCCAAGTTAT-1,1,42,80,12614,14239
GAATGTGGTCCGGATT-1,1,43,81,12867,14385
CCCAGTTAAGGCGCCG-1,1,42,82,12614,14530
CGGTACTAGAATCAAA-1,1,43,83,12866,14675
GCTTAATGTAACTAAC-1,1,42,84,12613,14820
AGGACAGTCGAATCCC-1,1,43,85,12866,14966
GACAGCCAGACCTGAC-1,1,42,86,12613,15110
GGCGAAATCTAACTTG-1,1,43,87,12865,15256
CTGGTAACACATAGAA-1,1,42,88,12612,15401
TAGCCATTTCAAAGTC-1,1,43,89,12865,15547
GGGATTTACCGCACCT-1,1,42,90,12612,15691
ATGCCATTTGCGACCA-1,1,43,91,12864,15837
GAATAGACGCGACCCA-1,1,42,92,12611,15982
TGTATGGCGCAGACAG-1,1,43,93,12864,16128
GGATGAAGATCGCTGA-1,1,42,94,12611,16272
CGACAATTTGATCTAA-1,1,43,95,12863,16418
AAAGTTGACTCCCGTA-1,1,42,96,12611,16563
CGCGGCTCAACTTGAA-1,1,43,97,12863,16709
CACGCGGAACTGTTGC-1,1,42,98,12610,16853
TCTTAGAGTGAACTCT-1,1,43,99,12863,16999
AGTCCATTGGCTGATG-1,1,42,100,12610,17144
TTAAGATAGGATTGAC-1,1,43,101,12862,17290
ACATCCTGGTAACTGT-1,1,42,102,12609,17434
CACCTTGGCGCCTTTG-1,1,43,103,12862,17580
GCTAGACCGTCTACTG-1,1,42,104,12609,17725
CGGCCCAGGTATATCC-1,1,43,105,12861,17871
GTCCATTACTGCTACG-1,1,42,106,12608,18015
GGGTTTAGGATAGGAT-1,1,43,107,12861,18161
TAATTAGGACATCCGT-1,1,42,108,12608,18306
GCTCCCAGTCGGTCCA-1,1,43,109,12860,18452
ATTCGTGCTATCTCTT-1,1,42,110,12607,18596
GTTAACTATGTTGTCA-1,1,43,111,12860,18742
GCTCCGCTCGCTTCAG-1,1,42,112,12607,18887
GCAACGGCTAGTTATG-1,0,43,113,12859,19033
AATCGCGCAGAGGACT-1,0,42,114,12606,19177
AGGTTACACCATGCCG-1,0,43,115,12859,19323
CGAGATTTCGCTCGGG-1,0,42,116,12606,19468
CGATAATACTCAGGTT-1,0,43,117,12858,19614
AAGGCAGGCTGTCTCC-1,0,42,118,12605,19758
GTAAGTCCACACTCTA-1,0,43,119,12858,19904
ATGAGGGCAGCGGCTA-1,0,42,120,12605,20049
GCCGCACTCCGTTTCA-1,0,43,121,12857,20194
GAGCACGGCGCCTCTT-1,0,42,122,12604,20339
ACAATTTGGCCATATT-1,0,43,123,12857,20485
CTGGTTCGCGAGCTAC-1,0,42,124,12604,20630
GACGGTCCTAGGGTGT-1,0,43,125,12856,20775
ACTCGCGATCTGACGC-1,0,42,126,12603,20920
GTGTACGAACCGTTCC-1,0,43,127,12856,21066
CTTTGACGTCGCTTCT-1,0,44,0,13139,2620
CGTTATCATACTTCCA-1,0,45,1,13392,2766
GCTATGCCAGCTTATG-1,0,44,2,13139,2911
CAGTCGGCCTAGATAT-1,0,45,3,13391,3056
CCCGTGAGGGCGGTGA-1,0,44,4,13138,3201
TCTCGTGTTACGAGGA-1,0,45,5,13391,3347
ACGTCTCGTTCCGGGA-1,0,44,6,13138,3492
CGAGAGCGCGTAGATA-1,0,45,7,13390,3637
GACAGATTTCTGGCTC-1,0,44,8,13137,3782
GGGCCTAAATGGGCTA-1,0,45,9,13390,3928
ACTTGTAGTCCCTTCA-1,1,44,10,13137,4073
CCCGAAGTTTCGCGAA-1,1,45,11,13389,4218
ACCATCCGCCAACTAG-1,1,44,12,13136,4363
TGCGAATATGGGATTT-1,1,45,13,13389,4509
TACATCCCTATCCCTG-1,1,44,14,13136,4654
GTGGGAAGACTGAATC-1,1,45,15,13388,4799
TCAACATCGACCGAGA-1,1,44,16,13135,4944
CTATGTGAGTCACGGC-1,1,45,17,13388,5090
CCGAACACTGGGCCTC-1,1,44,18,13135,5235
AAACTTGCAAACGTAT-1,1,45,19,13387,5380
AGGGCGAGCAGCTGAT-1,1,44,20,13134,5525
AACACGAGACGCGGCC-1,1,45,21,13387,5671
TGACGAATATTTCCCT-1,1,44,22,13134,5816
TCGGAGAGTATCGGGA-1,1,45,23,13386,5961
CAAATCTCTCACAAGG-1,1,44,24,13133,6106
AGGCCCTAGAACGCCA-1,1,45,25,13386,6252
TAGAGATCATGCAACT-1,1,44,26,13133,6397
TTGTTTCCATACAACT-1,1,45,27,13385,6542
GAGAGGTGCATTCTGG-1,1,44,28,13132,6687
GTGGACCAACCCGATT-1,1,45,29,13385,6833
CTGGGCCTGCTATATC-1,1,44,30,13132,6978
CATAGTCCACAAGAAC-1,1,45,31,13384,7123
TTGACATGAACGTGGA-1,1,44,32,13131,7268
GGTTACCACCCTCGGG-1,1,45,33,13384,7414
TACCGGTCGTTTCCAT-1,1,44,34,13131,7559
CGAGTACTAAAGAGGA-1,1,45,35,13383,7704
GCAAGAATTCCTTGGC-1,1,44,36,13130,7849
TCGCCGAAGTTGCGTC-1,1,45,37,13383,7995
TTGAGAGTACTGCTAA-1,1,44,38,13130,8140
GCCACAATTTAAGGAC-1,1,45,39,13382,8285
ATATTCAGTTAAACCT-1,1,44,40,13129,8430
TGAGTGCCTCTTAAAT-1,1,45,41,13382,8576
ATCAGACGGCACGCCG-1,1,44,42,13129,8721
GTGCGAAATCGAACAC-1,1,45,43,13381,8866
GTGCCGCTTCAAAGGT-1,1,44,44,13129,9011
GATACGATGGGAGTCA-1,1,45,45,13381,9157
GACACTGAGTTCAGTG-1,1,44,46,13128,9302
ATCCTGCGTGGAATGG-1,1,45,47,13381,9447
ATCCTACCTAAGCTCT-1,1,44,48,13128,9592
AGTGATATGAGTAGTT-1,1,45,49,13380,9738
ATGATGCAATGGTACA-1,1,44,50,13127,9883
GAAACCGAATTACCTT-1,1,45,51,13380,10028
AGTGACCTACTTTACG-1,1,44,52,13127,10173
CAAATGTCCTTCCGTG-1,1,45,53,13379,10319
TTACTGGGATATTTCA-1,1,44,54,13126,10464
CTTGCCCAGGCTCTAC-1,1,45,55,13379,10609
AAATCGTGTACCACAA-1,1,44,56,13126,10754
GTGATCATAGATCTGC-1,1,45,57,13378,10900
TGGCAGATTACGATCA-1,1,44,58,13125,11044
TCACCCTCTTAAGATT-1,1,45,59,13378,11190
CAGGATATATCGTTGT-1,1,44,60,13125,11335
CCTGACCACCGATGGT-1,1,45,61,13377,11481
CTAAAGGGAAATAGGA-1,1,44,62,13124,11625
CCGCTATCAGCACCAG-1,1,45,63,13377,11771
CTTTAGTGCTATTATT-1,1,44,64,13124,11916
CGGGAATTTATGTAAA-1,1,45,65,13376,12062
TACGACTGCCTCTTAG-1,1,44,66,13123,12206
AAACTGCTGGCTCCAA-1,1,45,67,13376,12352
GTACGTTTGCCCGTCA-1,1,44,68,13123,12497
GGCAAGGCGAAATAGC-1,1,45,69,13375,12643
GATCTTGGAGGGCATA-1,1,44,70,13122,12787
AGCGTGGTATTCTACT-1,1,45,71,13375,12933
CTAAGGGAATGATTGG-1,1,44,72,13122,13078
CATGGTAAGTAGCGTT-1,1,45,73,13374,13224
CGTTGAGCGACCGTCG-1,1,44,74,13121,13368
TGCCCGTACCGTTAAA-1,1,45,75,13374,13514
ACAAGGGCAGGCTCTG-1,1,44,76,13121,13659
GAGATCTTCCATGACA-1,1,45,77,13373,13805
AATGACGTAGGATGTC-1,1,44,78,13120,13949
GTGGTGGCCAAGTGAA-1,1,45,79,13373,14095
TCCCGTGTGCAATTTG-1,1,44,80,13120,14240
ACATCGTATGCAATGG-1,1,45,81,13372,14386
GCGAAACTTAACTGGA-1,1,44,82,13119,14530
AATTGAACGCTCTGGT-1,1,45,83,13372,14676
ACAAATGGTAGTGTTT-1,1,44,84,13119,14821
ATGGTCGCGTGGTTTC-1,1,45,85,13371,14967
TGTTATTGTATGTGGC-1,1,44,86,13118,15111
TTCCGGTTACCCACTT-1,1,45,87,13371,15257
GAGTGTGCGGTACCCA-1,1,44,88,13118,15402
CAAGATATTATAACGT-1,1,45,89,13370,15547
ACACACCAGGACCAGT-1,1,44,90,13117,15692
ATGGGCCTCGGCCTCT-1,1,45,91,13370,15838
AAGGTGATAAACCAGC-1,1,44,92,13117,15983
TCTTACTTATGCCTCT-1,1,45,93,13369,16128
AAAGTGTGATTTATCT-1,1,44,94,13116,16273
TGCTCCACAGTTCTTA-1,1,45,95,13369,16419
CTGGCTGATTCATCCT-1,1,44,96,13116,16564
TAAGGCTGAATCCCTC-1,1,45,97,13368,16709
TCTAGTGATATCGTGG-1,1,44,98,13115,16854
TCGAAGAACCGAGCAC-1,1,45,99,13368,17000
GACAAACATATGCAGG-1,1,44,100,13115,17145
AAGTCAATTGTCGTCA-1,1,45,101,13367,17290
AGTGAACAAACTTCTC-1,1,44,102,13115,17435
CATGATGGAAGTTAGC-1,1,45,103,13367,17581
AAGTGCCTTGACTGTA-1,1,44,104,13114,17726
ATCGCCAGTCAACATT-1,1,45,105,13367,17871
ACCGCGGTGGAAGTCG-1,1,44,106,13114,18016
TCTTCTATAACCCGCC-1,1,45,107,13366,18162
CACATTTCTTGTCAGA-1,1,44,108,13113,18307
TAGCGTCCCTCGATTG-1,1,45,109,13366,18452
GTTCGGATCGGGAACA-1,1,44,110,13113,18597
CAAACTCGCGACGCCG-1,1,45,111,13365,18743
GTCTTGTAGCTATTCA-1,1,44,112,13112,18888
TCTCGACGTATCGCCG-1,0,45,113,13365,19033
TTGCCAAGCAGAACCC-1,0,44,114,13112,19178
AAACCCGAACGAAATC-1,0,45,115,13364,19324
TTGAGCAGCCCACGGT-1,0,44,116,13111,19469
CGCCTTTAGCATGCTC-1,0,45,117,13364,19614
TGTGGCTCCCACCAAC-1,0,44,118,13111,19759
CCGCCGTTGAGGATAA-1,0,45,119,13363,19905
CAATACGAGAGTCTGA-1,0,44,120,13110,20050
CATCTAGTGAAGGGAA-1,0,45,121,13363,20195
GGTGGAGGTTGATACG-1,0,44,122,13110,20340
CCGCACACGAACGTGT-1,0,45,123,13362,20486
AGAACCCAGCGTGACA-1,0,44,124,13109,20631
GCGCTCGATCACCTGT-1,0,45,125,13362,20776
ATCATGGACTACCGAC-1,0,44,126,13109,20921
TACGCCGCCTCAGAAG-1,0,45,127,13361,21067
CGACCTACTAGACAAT-1,0,46,0,13645,2621
GAGTCTTGTAAAGGAC-1,0,47,1,13897,2767
AATATCCTAGCAAACT-1,0,46,2,13644,2912
CCCTAGGCAACAAGAG-1,0,47,3,13897,3057
ACAAAGAAGGTAGGCC-1,0,46,4,13644,3202
CCCTGGCTGTTCCTTC-1,0,47,5,13896,3348
TCGCCGCACCGCGTGA-1,0,46,6,13643,3493
TATAGCGCACGTTATC-1,0,47,7,13896,3638
TTATCTGACATTAGGA-1,0,46,8,13643,3783
AGTGGTGTTACCCGTG-1,0,47,9,13895,3929
GCCAAGAATACTTCTG-1,0,46,10,13642,4074
CCGGCGTGAGACTCTG-1,0,47,11,13895,4219
TTCCCGGCGCCAATAG-1,0,46,12,13642,4364
AAACAGGGTCTATATT-1,0,47,13,13894,4510
ACAGTAATACAACTTG-1,1,46,14,13641,4655
CGAACGGCCGGACAAC-1,1,47,15,13894,4800
GCAACACACTAGAACT-1,1,46,16,13641,4945
ACTCCCATTCCTAAAG-1,1,47,17,13893,5091
ACCTGCGTGTCATGTT-1,1,46,18,13640,5236
TACTTTCCGCACGCCA-1,1,47,19,13893,5381
AGGTCAGGTGAGAGTG-1,1,46,20,13640,5526
TCCTCCTAAGACATTC-1,1,47,21,13892,5672
ATGTGAAAGCCTAATG-1,1,46,22,13639,5817
AGTCGGCTCAACTTTA-1,1,47,23,13892,5962
CGATCTGTTGGAGGAC-1,1,46,24,13639,6107
ACGGGAGTGTCGGCCC-1,1,47,25,13891,6253
TTAACTTCAGGTAGGA-1,1,46,26,13638,6398
CCACGGAGCCATAAGA-1,1,47,27,13891,6543
CTTCTATGTTGAAGTA-1,1,46,28,13638,6688
CACCGTTGCGCGATAT-1,1,47,29,13890,6834
TCTAGCAATCTCCGCC-1,1,46,30,13637,6978
AGTTTGGCCAGACCTA-1,1,47,31,13890,7124
TTGTAAGGACCTAAGT-1,1,46,32,13637,7269
AAATTTGCGGGTGTGG-1,1,47,33,13889,7415
AAGTTCGGCCAACAGG-1,1,46,34,13636,7559
CCGCTTACCTCACTCT-1,1,47,35,13889,7705
ATCACGTGCTAATTAA-1,1,46,36,13636,7850
GGTGAAGTACAGGGAT-1,1,47,37,13888,7996
GCTGTATTACTGGCCC-1,1,46,38,13635,8140
AACGGCCATCTCCGGT-1,1,47,39,13888,8286
TAAGTAACATCTTGAC-1,1,46,40,13635,8431
TTCTTGAGCCGCGCTA-1,1,47,41,13887,8577
AGTGCGTAGCTCGTAA-1,1,46,42,13634,8721
GGGATGGTCGTAACCG-1,1,47,43,13887,8867
GTCTGGGCGGTCGAGA-1,1,46,44,13634,9012
CGGAACGTAAACATAG-1,1,47,45,13886,9158
TGCGACACCCTAGTGC-1,1,46,46,13633,9302
CAAACGAGTATCGCAG-1,1,47,47,13886,9448
TCAGTAGGGACTATAA-1,1,46,48,13633,9593
GCGGTTCCCTATCATG-1,1,47,49,13885,9739
GTGACTTCAGTAGTGC-1,1,46,50,13633,9883
CGTCACGTCCATTGGT-1,1,47,51,13885,10029
ATAAGTTACCGCGACG-1,1,46,52,13632,10174
CTGAATCCGAGACCTC-1,1,47,53,13885,10320
TACGACGCTTGCTGCG-1,1,46,54,13632,10464
GAATTCACCCGGGTGT-1,1,47,55,13884,10610
GGGTGACACCTTAACT-1,1,46,56,13631,10755
TGAGTAAATTAGCGTA-1,1,47,57,13884,10901
GAGTCCGCTTACCGGA-1,1,46,58,13631,11045
GGCGCGTTCGAGTTTA-1,1,47,59,13883,11191
ATTCATATACTGTCCA-1,1,46,60,13630,11336
ATAAACGGACCCGTAA-1,1,47,61,13883,11481
GTCGTACCATCTCGGG-1,1,46,62,13630,11626
ATAATAGCTGTTGAAT-1,1,47,63,13882,11772
TTCCGCGTGAGGCGAT-1,1,46,64,13629,11917
TACCGGCTCACTGCCC-1,1,47,65,13882,12062
GTATCTTTCATAACCA-1,1,46,66,13629,12207
GTTACCTACAACTTGC-1,1,47,67,13881,12353
TGACTATAATCCTTTC-1,1,46,68,13628,12498
AAATACCTATAAGCAT-1,1,47,69,13881,12643
TTATTAGAGCGTGTTC-1,1,46,70,13628,12788
ATGTGGACATCTTGAT-1,1,47,71,13880,12934
GTACGCTTCATTGCAC-1,1,46,72,13627,13079
CACATATTAGCAGGAT-1,1,47,73,13880,13224
CAAGAGGGCGGAGTAC-1,1,46,74,13627,13369
TCGCAAAGATGCATTT-1,1,47,75,13879,13515
GTCGTTATTCGCTTAT-1,1,46,76,13626,13660
TCGTGTACTATGGATG-1,1,47,77,13879,13805
GCGGAGAGGGAGAACG-1,1,46,78,13626,13950
TCACAGGGAATCGCAA-1,1,47,79,13878,14096
GACTGCACCAGCCCAG-1,1,46,80,13625,14241
TCCGCTGTCATCCCGG-1,1,47,81,13878,14386
AGATACTCAAGATCGA-1,1,46,82,13625,14531
ACTGAATGGCGAAAGT-1,1,47,83,13877,14677
TCCTACATCCACGGCC-1,1,46,84,13624,14822
TTCAGCCCTGGTCCAC-1,1,47,85,13877,14967
TTAGAGTTTAGAAGGA-1,1,46,86,13624,15112
GGTTAGCTATATGTCT-1,1,47,87,13876,15258
CTGGTTTCGAGCAAGA-1,1,46,88,13623,15403
TGGGCCCATACTAATT-1,1,47,89,13876,15548
ACTTATTTATGTGCCA-1,1,46,90,13623,15693
TTAGTTATTCGTGGCA-1,1,47,91,13875,15839
AACCGCTAAGGGATGC-1,1,46,92,13622,15984
ATACGTCCACTCCTGT-1,1,47,93,13875,16129
CGACACGCTCCGACAG-1,1,46,94,13622,16274
TCTGAACTCGTACCCG-1,1,47,95,13874,16420
AGGATATAGGGATTTA-1,1,46,96,13621,16565
GTGATCACTAACGCCT-1,1,47,97,13874,16710
ACCGGGCCTTTGTTGA-1,1,46,98,13621,16855
TTGACAGGAGCTCCCG-1,1,47,99,13873,17001
CTCTTCTATTGACTGG-1,1,46,100,13620,17146
CGTGGCCGAATATCTA-1,1,47,101,13873,17291
GGTTTAGCCTTTCTTG-1,1,46,102,13620,17436
TCAAGGTTACTACACC-1,1,47,103,13872,17582
TTGACTATTGTCCGGC-1,1,46,104,13619,17727
CGGGAATATAGTATAC-1,1,47,105,13872,17872
GCAACAGCAGTATGCG-1,1,46,106,13619,18017
ATCAAACACTGTTCCA-1,1,47,107,13871,18163
TGGGCAATAGTTGGGT-1,1,46,108,13619,18308
TGAATGTCAGCCGGCC-1,1,47,109,13871,18453
CGGCTCTAAAGCTGCA-1,1,46,110,13618,18598
GGACACAAGTTTACAC-1,1,47,111,13871,18744
CCGAGAAGTCGCATAA-1,1,46,112,13618,18889
AACTACCCGTTTGTCA-1,1,47,113,13870,19034
GCACAAACGAGGCGTG-1,0,46,114,13617,19179
CACACAGCTTGCGCTC-1,0,47,115,13870,19325
GTGCTTACATCAGCGC-1,0,46,116,13617,19470
GCAAACGTCGCCAGGT-1,0,47,117,13869,19615
GAATAGCATTTAGGGT-1,0,46,118,13616,19760
TACTGTTTCTCTGGTA-1,0,47,119,13869,19906
TCCTATCATAGGTAAC-1,0,46,120,13616,20051
TTCGGTGGAGACGCCC-1,0,47,121,13868,20196
TGTTGCCGTCGTCCCA-1,0,46,122,13615,20341
CCAACTTGATAGATCC-1,0,47,123,13868,20487
CAAAGGTCATCTGAAA-1,0,46,124,13615,20631
CTAGCTTAATGGTCCC-1,0,47,125,13867,20777
AGGCCACATTGGTTAC-1,0,46,126,13614,20922
TTAGGATGGGAGGGTA-1,0,47,127,13867,21068
TATGACCTTGCGCTGG-1,0,48,0,14150,2622
ATATACATGTATGGTA-1,0,49,1,14403,2768
TGTGTGACCATGAATC-1,0,48,2,14150,2912
CCCACTCCACGGTATC-1,0,49,3,14402,3058
GGGCAGACGTCACTGC-1,0,48,4,14149,3203
TCAAAGAGCTATCTGT-1,0,49,5,14402,3349
AGATGCATCCTGTGTC-1,0,48,6,14149,3493
GTGAAGTCACGACTCG-1,0,49,7,14401,3639
TGATTCAGGTCCCGCG-1,0,48,8,14148,3784
CGCCACAGGTCGCGAT-1,0,49,9,14401,3930
TTGAATCGTTGTATAA-1,0,48,10,14148,4074
TGGCCAATTTGGTACT-1,0,49,11,14400,4220
CGACCCTTAACGCCGG-1,0,48,12,14147,4365
TCGGCGTACTGCACAA-1,0,49,13,14400,4511
GAGTAAGGCCACGGGA-1,0,48,14,14147,4655
ATCAGCTCGTCCACTA-1,0,49,15,14399,4801
AGGATCACGCGATCTG-1,0,48,16,14146,4946
AAATGGCCCGTGCCCT-1,0,49,17,14399,5092
CAGTACCAGTTTACGT-1,0,48,18,14146,5236
GGTCGTAAGCTCGCAC-1,0,49,19,14398,5382
CGTTCATGGTGCGCGT-1,0,48,20,14145,5527
GACTACAAAGCGGTGG-1,1,49,21,14398,5673
CAGCTGGCGTAACCGT-1,1,48,22,14145,5817
ACTCGTAACCCGTCCT-1,1,49,23,14397,5963
CATATGTCAGGCTACG-1,1,48,24,14144,6108
GCCCGACTTCTTCCCG-1,1,49,25,14397,6254
CTGGCATCCGAATGAG-1,1,48,26,14144,6398
AAGTGCGTTAGAATCT-1,1,49,27,14396,6544
AGAAGTGATTCGTGAT-1,1,48,28,14143,6689
TACCTTAAGATTTCCC-1,1,49,29,14396,6834
AATGACAGCAATGTCT-1,1,48,30,14143,6979
TCAACGCAGGAAATAA-1,1,49,31,14395,7125
TATTCCTCCGCCCACT-1,1,48,32,14142,7270
ATCAAACGAAGGTTTG-1,1,49,33,14395,7415
TTGATTAGCTGTTTCT-1,1,48,34,14142,7560
CTGCTGAGGCCACGAA-1,1,49,35,14394,7706
CCGTGTTAAATTCCAT-1,1,48,36,14141,7851
CACGTCGGCAACCTCT-1,1,49,37,14394,7996
GTATTCTGAGAAACGA-1,1,48,38,14141,8141
CGGTGCGCGTTGGTCC-1,1,49,39,14393,8287
GTGATTCGCCGCTCAA-1,1,48,40,14140,8432
GCCCGCGCGTAAACGG-1,1,49,41,14393,8577
AACGTACTGTGGGTAC-1,1,48,42,14140,8722
GAGTATGCCCGCCTTG-1,1,49,43,14392,8868
TGATTCTGTCGCCGGT-1,1,48,44,14139,9013
GGGCGGCAAATGAATT-1,1,49,45,14392,9158
TTCCAATCTGGCTATC-1,1,48,46,14139,9303
GGAACCGTGTAAATTG-1,1,49,47,14391,9449
TTGGTCACACTCGTAA-1,1,48,48,14138,9594
CGAACCCGCATGCGTC-1,1,49,49,14391,9739
GGGCGTCACCACGTAA-1,1,48,50,14138,9884
TACCAGAAGTAGGTTC-1,1,49,51,14390,10030
TTGGATATCGTCTACG-1,1,48,52,14137,10175
TAGATATGGACTGGAA-1,1,49,53,14390,10320
GCGACGATAGTTGTAC-1,1,48,54,14137,10465
CTGGATTTACACTTGA-1,1,49,55,14389,10611
GTTATATTATCTCCCT-1,1,48,56,14137,10756
TATTCCACTCAGCTCG-1,1,49,57,14389,10901
CTGTTACCCAATCTAG-1,1,48,58,14136,11046
ACGCGAAGTCAGACGA-1,1,49,59,14389,11192
GATAGGTAACGTTGAC-1,1,48,60,14136,11337
TGTTCGTATTGCGGTG-1,1,49,61,14388,11482
GGTCAGTGGGTCCCAC-1,1,48,62,14135,11627
AATTCTAGAGTTAGGC-1,1,49,63,14388,11773
GTTTACGTTCCATCTG-1,1,48,64,14135,11918
AGACCCACCGCTGATC-1,1,49,65,14387,12063
TCTAGCATGCCCAGAA-1,1,48,66,14134,12208
CCCGCAGCGCGAACTA-1,1,49,67,14387,12354
CTCTATTTGGCTGCAG-1,1,48,68,14134,12499
TTCTGCCGCGCCTAGA-1,1,49,69,14386,12644
ACTCCCTAGAATAGTA-1,1,48,70,14133,12789
CCGAACCTTCCCGGCC-1,1,49,71,14386,12935
TCAGACGCTATAGAAG-1,1,48,72,14133,13080
CAGGCGCCATGCTAGG-1,1,49,73,14385,13225
CACTCGAGCTGAACAA-1,1,48,74,14132,13370
ACAAGGAAATCCGCCC-1,1,49,75,14385,13516
ACCACGTGCAGCTATA-1,1,48,76,14132,13661
ACGGCGACGATGGGAA-1,1,49,77,14384,13806
TTACTAAAGGACTTTA-1,1,48,78,14131,13951
GGCTGAAATAGCAAAG-1,1,49,79,14384,14097
TTAGACGAGTCACCTC-1,1,48,80,14131,14242
GTAGTCGCGGGAATCA-1,1,49,81,14383,14387
GCAAACCCTACATTAT-1,1,48,82,14130,14532
GTTAAAGTAGGACTGG-1,1,49,83,14383,14678
ACCCTCCCTTGCTATT-1,1,48,84,14130,14823
CATGTCTCATTTATGG-1,1,49,85,14382,14968
AATAGAATCTGTTTCA-1,1,48,86,14129,15113
TCTCATGAGATAGGGT-1,1,49,87,14382,15259
ATGACTATGCGACATT-1,1,48,88,14129,15404
CCTAACCCAAACAAGT-1,1,49,89,14381,15549
AGTCAAGATGACACTT-1,1,48,90,14128,15694
CGGGAGCTTCAGTGTA-1,1,49,91,14381,15840
CCACAGTACCCATCCT-1,1,48,92,14128,15984
GAGCGCGCACGAGTAG-1,1,49,93,14380,16130
ACCAGTGCGGGAGACG-1,1,48,94,14127,16275
TCCTTACGACGGTCCG-1,1,49,95,14380,16421
TAGTCGATCACGGGTT-1,1,48,96,14127,16565
AGACGAAGTGCCGGTC-1,1,49,97,14379,16711
CGCTGGTGACTACCCT-1,1,48,98,14126,16856
AGGCATTGTCGTAGGG-1,1,49,99,14379,17002
TGGTAGAATATATGGG-1,1,48,100,14126,17146
TTCTTATCCGCTGGGT-1,1,49,101,14378,17292
AGTTTGGCACGGGTTG-1,1,48,102,14125,17437
GCATCGGCCGTGTAGG-1,1,49,103,14378,17583
ATGCGAGTCCCACCAC-1,1,48,104,14125,17727
TCGGCGAACCCAAACC-1,1,49,105,14377,17873
AGAGTAAACTTCACTA-1,1,48,106,14124,18018
AAGCCGAAGCGGTTTA-1,1,49,107,14377,18164
CCCGAGTTTCTCCGTA-1,1,48,108,14124,18308
AATATCGAATCAATGC-1,1,49,109,14376,18454
GCGCCTCCCACTCCGA-1,1,48,110,14123,18599
CGTTAAACTAGTTAGG-1,1,49,111,14376,18745
TGAGTTAAAGACATTC-1,1,48,112,14123,18889
AACAGGTAGTATGGAT-1,1,49,113,14375,19035
GAACGCGGGTCACACG-1,0,48,114,14123,19180
TGTTTGAGATCGTCAG-1,0,49,115,14375,19326
ATCTCGTGAGCGAAAC-1,0,48,116,14122,19470
CTGAGAAAGTTCGGCG-1,0,49,117,14375,19616
ATTACCACACTGCCTG-1,0,48,118,14122,19761
CTGCTGTCTAACGAGC-1,0,49,119,14374,19907
CGTGGAAGCCTCGTAC-1,0,48,120,14121,20051
GGACTCACAAATTAGG-1,0,49,121,14374,20197
CTTTGCTGTCATGGAT-1,0,48,122,14121,20342
GGTGTTGGGCGTCTTA-1,0,49,123,14373,20487
TACCATGTATTGATTT-1,0,48,124,14120,20632
GGTCTCCAAGTAGTGC-1,0,49,125,14373,20778
ATCCTTCTGAAAGAAC-1,0,48,126,14120,20923
CCGGAAGTTATCAGTC-1,0,49,127,14372,21068
TTAGAGGGATATACAG-1,0,50,0,14656,2623
TTGTACACCTCGAACA-1,0,51,1,14908,2768
GTGGGTACTGAGCGTA-1,0,50,2,14655,2913
CTTAAGCAGCGAGCCG-1,0,51,3,14908,3059
GCATTGACTTGCGGAA-1,0,50,4,14655,3204
CCATAACCTGTGCAGT-1,0,51,5,14907,3349
GGGCTACTATTTCGTG-1,0,50,6,14654,3494
GGCGAGCGAAACGGCA-1,0,51,7,14907,3640
GGAGACCATCTACATA-1,0,50,8,14654,3785
AGACCAAACCACACCT-1,0,51,9,14906,3930
CGACGCATCCGTACCT-1,0,50,10,14653,4075
CCTAGGTAAAGGTAGC-1,0,51,11,14906,4221
AGCGGCGGTTAGCGGT-1,0,50,12,14653,4366
CTGGACGCAGTCCGGC-1,0,51,13,14905,4511
AGCCTAATACCCACGT-1,0,50,14,14652,4656
AATCTGGCTTTCTAGT-1,0,51,15,14905,4802
CACCCTTGGTGAGACC-1,0,50,16,14652,4947
GGATCTTGACTCAACC-1,0,51,17,14904,5092
ACGAGGATACCACTCT-1,0,50,18,14651,5237
GAGTTGATGGCAATTT-1,0,51,19,14904,5383
GTGGCAAACAGCGGCA-1,0,50,20,14651,5528
GATGTAACGAACCACC-1,0,51,21,14903,5673
AGCCGTGGCTAAATGT-1,0,50,22,14650,5818
CTCCCTCCTTTCGATC-1,0,51,23,14903,5964
TTGGAAGAATACAGTC-1,1,50,24,14650,6109
AGTTAAGTCAACCGCT-1,0,51,25,14902,6254
CTCATGGTAATTTGCG-1,0,50,26,14649,6399
AAAGTAGCATTGCTCA-1,1,51,27,14902,6545
TTGTGGTAGGAGGGAT-1,1,50,28,14649,6690
AGTCGTGGGCATTACG-1,1,51,29,14901,6835
ACCTAAGTACCTTTCA-1,1,50,30,14648,6980
GTAGAGGGAGACAAGT-1,1,51,31,14901,7126
GATCCTCGACACTGGC-1,1,50,32,14648,7271
CCTACATTCACAGACG-1,1,51,33,14900,7416
TTGACCGTGTTAATGA-1,1,50,34,14647,7561
TCTGTTACCCAGCATA-1,1,51,35,14900,7707
CTAACTGGTCCGGTTC-1,1,50,36,14647,7852
AGCGACAGGAACGGTC-1,1,51,37,14899,7997
TAATAGAACAGAGTTA-1,1,50,38,14646,8142
ACAGGTGGAGGTGAGG-1,1,51,39,14899,8288
TGCGAGAATATTACCC-1,1,50,40,14646,8433
TTGCGTCGGCCAACCG-1,1,51,41,14898,8578
AGGCTTCCCGAAGAAG-1,1,50,42,14645,8723
GCGGACCGCGTTGTGG-1,1,51,43,14898,8869
GTAATCTGATTCTTCG-1,1,50,44,14645,9014
CCGCGGAATGCGTCAC-1,1,51,45,14897,9159
TTCCACACAGATTTGA-1,1,50,46,14644,9304
CTTCTATTAATGCTAG-1,1,51,47,14897,9450
CATTTGAGTGGTACGT-1,1,50,48,14644,9595
TCACAGCAAACTCGAA-1,1,51,49,14896,9740
CAGACGAACCTGATAC-1,1,50,50,14643,9885
TAGCTAGAAGGCATGA-1,1,51,51,14896,10031
ATCCAGAGCAACAACC-1,1,50,52,14643,10176
TCCGGTTCGTCCGGTC-1,1,51,53,14895,10321
CGCGCATGTTTGATTG-1,1,50,54,14642,10466
TGGCGATCAAGTTATG-1,1,51,55,14895,10612
CCCTTTGACAGGTCTT-1,1,50,56,14642,10757
CAGAGACGGTCACCCA-1,1,51,57,14894,10902
TAGCTCGCCTGATAAC-1,1,50,58,14641,11047
TTGTGTTTCCCGAAAG-1,1,51,59,14894,11193
TATACACAGACGCCTT-1,1,50,60,14641,11338
ACATTAGTTTATATCC-1,1,51,61,14893,11483
CCATCGCAGTTAAACT-1,1,50,62,14641,11628
AATTAGCGCTGCAGCG-1,1,51,63,14893,11774
TCCGCTTATCCCATTA-1,1,50,64,14640,11918
GTTTGGGCTTGTGAGC-1,1,51,65,14893,12064
CTTGTCAACATTCGAG-1,1,50,66,14640,12209
GGACCAACAGGATAAC-1,1,51,67,14892,12355
AAGCTAGATCGAGTAA-1,1,50,68,14639,12499
TACCGTGCCTCGGACC-1,1,51,69,14892,12645
GTAGCCAAACATGGGA-1,1,50,70,14639,12790
TGCCAGTACGTGGAGA-1,1,51,71,14891,12936
ATAAGGTGGAGAACAT-1,1,50,72,14638,13080
CTTTAATATTGGTCGA-1,1,51,73,14891,13226
TGGTTCAACGGGTAAT-1,1,50,74,14638,13371
GCTGCTACTGCGTAGC-1,1,51,75,14890,13517
CTGCACAACTACATAT-1,1,50,76,14637,13661
ATATTCCACATAGTGA-1,1,51,77,14890,13807
TGGCAAACTAAATTAC-1,1,50,78,14637,13952
ACCGCAATAACTGCCT-1,1,51,79,14889,14098
TCGCACCAGGAGGCAG-1,1,50,80,14636,14242
ACTTCAGGCTGATCCC-1,1,51,81,14889,14388
ACAAATCGCACCGAAT-1,1,50,82,14636,14533
TCTGATGTATTCTGTC-1,1,51,83,14888,14679
CTTTACCGAATAGTAG-1,1,50,84,14635,14823
GCAGATCCATAAGACT-1,1,51,85,14888,14969
TTCCTCGGACTAACCA-1,1,50,86,14635,15114
TTATCCGGGATCTATA-1,1,51,87,14887,15260
CTGGAAGACACGGTGG-1,1,50,88,14634,15404
GTTCGTCTAAAGAACT-1,1,51,89,14887,15550
GTCTATTGGTTCCGGT-1,1,50,90,14634,15695
CTAGGCGCCCTATCAG-1,1,51,91,14886,15841
AACGGACGTACGTATA-1,1,50,92,14633,15985
AACACACGCTCGCCGC-1,1,51,93,14886,16131
GCTACTATAGTAGAGT-1,1,50,94,14633,16276
AGCATATCAATATGCT-1,1,51,95,14885,16421
CGAACAGTATGGGCGT-1,1,50,96,14632,16566
ACAATTGTGTCTCTTT-1,1,51,97,14885,16712
GATCGCTACCCGATTT-1,1,50,98,14632,16857
ATTGCGATCAGTAACT-1,1,51,99,14884,17002
CAGCAGTCCAGACTAT-1,1,50,100,14631,17147
AGAGGCTTCGGAAACC-1,1,51,101,14884,17293
AAACAAGTATCTCCCA-1,1,50,102,14631,17438
GGCAGCAAACCTATGC-1,1,51,103,14883,17583
ACTAGTTGCGATCGTC-1,1,50,104,14630,17728
TTGGACCATCTGGCAA-1,1,51,105,14883,17874
CCCTCCTCGCTCGTAT-1,1,50,106,14630,18019
GAGCGCAAATACTCCG-1,1,51,107,14882,18164
ATTACATGTCAGTCTT-1,1,50,108,14629,18309
TTGGGACGTAAGAGTT-1,1,51,109,14882,18455
CTTCGGCCAATTGTTT-1,1,50,110,14629,18600
AGACCGCTCCGCGGTT-1,1,51,111,14881,18745
GACCGCGTCTGACGTG-1,1,50,112,14628,18890
CCAAATAACAAGATTC-1,1,51,113,14881,19036
TCTTTAGAGTCTAACA-1,0,50,114,14628,19181
CTCCCAATGAGTCGCG-1,0,51,115,14880,19326
TAGTCTTTCCGAATTG-1,0,50,116,14627,19471
GAGTAAACCGGAAAGT-1,0,51,117,14880,19617
GATCTCGACGCTGTGG-1,0,50,118,14627,19762
CTGACATAGAAATAGA-1,0,51,119,14879,19907
TATACCGAGTGCCACA-1,0,50,120,14627,20052
TCCGAACGTTGCCGCT-1,0,51,121,14879,20198
GCAGAAGGTAATCTCC-1,0,50,122,14626,20343
GGTACTAAGTGCTTTG-1,0,51,123,14879,20488
CAGAATATTCGTTATC-1,0,50,124,14626,20633
TAATCAACCAAATGGG-1,0,51,125,14878,20779
TCTGCTTAGAACAAGC-1,0,50,126,14625,20924
AACTGAGTTATACTGA-1,0,51,127,14878,21069
CCTCAACGATCGCTGT-1,0,52,0,15161,2624
CGGTACGGCAAACCCA-1,0,53,1,15413,2769
CAGATGTTTGTCCCAA-1,0,52,2,15160,2914
GTTTGTTAGCCAAGTA-1,0,53,3,15413,3060
ACGTGACAAAGTAAGT-1,0,52,4,15160,3205
TTGTCACCGCGGTATC-1,0,53,5,15412,3350
GATCTAACCGTATTCA-1,0,52,6,15160,3495
ATGGAAATTTAAGGAG-1,0,53,7,15412,3641
ATTGATCACCACATTT-1,0,52,8,15159,3786
ACTGCTCGGAAGGATG-1,0,53,9,15412,3931
TCTAAAGAACAGTCTC-1,0,52,10,15159,4076
CTGGGTTGAGTTAAAG-1,0,53,11,15411,4222
CCCAGTAAACTTGGGA-1,0,52,12,15158,4367
AGATTCACAACCGATA-1,0,53,13,15411,4512
AGAAGGTACACTTCAC-1,0,52,14,15158,4657
GCAGGAACTTAGATCT-1,0,53,15,15410,4803
AATCTAGGTTTACTTG-1,0,52,16,15157,4948
CCCGGTGTATCGGAAT-1,0,53,17,15410,5093
TTATCCTCAAGGAATA-1,0,52,18,15157,5238
AGCATCATTTCGAAAG-1,0,53,19,15409,5384
CGCGAGTCTGCCGGGT-1,0,52,20,15156,5529
TGCGTCATGACTGAGC-1,0,53,21,15409,5674
GTATGAAATTTCACTC-1,0,52,22,15156,5819
TTGGTTGCGGTGCGCG-1,0,53,23,15408,5965
ACAGAACTGAGAACAA-1,0,52,24,15155,6110
CTACTATCATAGGTTT-1,0,53,25,15408,6255
CCTCTATCGATTAGCA-1,0,52,26,15155,6400
CCGTATCTCGTCGTAG-1,0,53,27,15407,6546
TCACGATGTCCGTGGA-1,0,52,28,15154,6691
TCAACAAAGATAATTC-1,0,53,29,15407,6836
ATGACGCGTTCTATCC-1,0,52,30,15154,6981
ATTTGCGCGAGTAGCT-1,0,53,31,15406,7127
TTCTTGGACGATCTGC-1,1,52,32,15153,7271
AGACGACGATGCCGCT-1,1,53,33,15406,7417
GGTCTCTGAATGGACT-1,1,52,34,15153,7562
GCTCAATCCGTTTATT-1,1,53,35,15405,7708
CCAGAAAGCAACTCAT-1,1,52,36,15152,7852
CACCGTTAGGGATCAC-1,1,53,37,15405,7998
AATAACACTAGAACAA-1,1,52,38,15152,8143
CACCCGGTTTGTGACT-1,1,53,39,15404,8289
CCACCAACTTTACTGT-1,1,52,40,15151,8433
AACTCTCAGTGTGCTC-1,1,53,41,15404,8579
AAACCGTTCGTCCAGG-1,1,52,42,15151,8724
CAGCGATTCCCTTCAA-1,1,53,43,15403,8870
GCTAGCTTGAATAGCT-1,1,52,44,15150,9014
TTGCGGCATCAGAAAG-1,1,53,45,15403,9160
AATAGAACAGAGTGGC-1,1,52,46,15150,9305
GCCATCGAGCTGCGTG-1,1,53,47,15402,9451
ACACTGATCAAGGTGT-1,1,52,48,15149,9595
ACCAACGCTTATTTAT-1,1,53,49,15402,9741
GACATCGATTTATAAC-1,1,52,50,15149,9886
CAGACACCGATCGCTG-1,1,53,51,15401,10032
CCAAGAAAGTGGGCGA-1,1,52,52,15148,10176
GGTAGACCGTTGGGCG-1,1,53,53,15401,10322
TCGTTAGGAGTCCCTA-1,1,52,54,15148,10467
ACGGCCAACATGGACT-1,1,53,55,15400,10613
GTGAGTGGTACAACGC-1,1,52,56,15147,10757
GAGACTTCGCGACCGA-1,1,53,57,15400,10903
GAAGTCAGTTGCACTA-1,1,52,58,15147,11048
GTTTGGTAGGGTCAAC-1,1,53,59,15399,11194
ACGGCACTTGCTTGGG-1,1,52,60,15146,11338
CCTCTGTACTATTCTA-1,1,53,61,15399,11484
CTATTCATGTGTCCCA-1,1,52,62,15146,11629
GCCCGATCTGTGGTCG-1,1,53,63,15398,11774
TTAGAAGAACATGACT-1,1,52,64,15145,11919
AGGATAAAGTCGGGAT-1,1,53,65,15398,12065
CGGCAAACATCGTGCG-1,1,52,66,15145,12210
CTAGTTACAACCCGGT-1,1,53,67,15397,12355
TTCGACAGAGCCCGTG-1,1,52,68,15145,12500
AAGCATACTCTCCTGA-1,1,53,69,15397,12646
GACGACGATCCGCGTT-1,1,52,70,15144,12791
GGTAGAAGACCGCCTG-1,1,53,71,15397,12936
GAGATGGGAGTCGACA-1,1,52,72,15144,13081
AACGATAATGCCGTAG-1,1,53,73,15396,13227
TGGTCCCACGCTACGG-1,1,52,74,15143,13372
CTGCTTGGCGATAGCT-1,1,53,75,15396,13517
ATCGGAGACAGACGGC-1,1,52,76,15143,13662
TAGCGTCCGGTGTGGT-1,1,53,77,15395,13808
GTTGAGTCCCGCCGGT-1,1,52,78,15142,13953
AAATAGGGTGCTATTG-1,1,53,79,15395,14098
AAGTGTTTGGAGACGG-1,1,52,80,15142,14243
AGCACTACCTCACCAG-1,1,53,81,15394,14389
TGCCTTGGCCAGGCAA-1,1,52,82,15141,14534
TCGTCTTAGGCGTTAA-1,1,53,83,15394,14679
TTCTGACCGGGCTCAA-1,1,52,84,15141,14824
CAGAACTTAGCCCTCT-1,1,53,85,15393,14970
AGCTCCTTCGCACATC-1,1,52,86,15140,15115
ACAGGCTTGCCCGACT-1,1,53,87,15393,15260
GCTATACGTCTCGGAC-1,1,52,88,15140,15405
GAGCCAGCTACCTGTG-1,1,53,89,15392,15551
TGCTAAGTGTCTATTT-1,1,52,90,15139,15696
GTCCTACGAATAGTCT-1,1,53,91,15392,15841
CAGTGTCGGCTGGCCC-1,1,52,92,15139,15986
CTATCGACGAAATACA-1,1,53,93,15391,16132
CATCATTACCCTGAGG-1,1,52,94,15138,16277
TAAGTTGCGACGTAGG-1,1,53,95,15391,16422
AGTGCACGCTTAAGAA-1,1,52,96,15138,16567
TGTGCCGGTGCCGGAA-1,1,53,97,15390,16713
AGGAGGCCTTCGCGCG-1,1,52,98,15137,16858
TCCGCGGCCCAATGAA-1,1,53,99,15390,17003
TCCGTTAAGCTAATAT-1,1,52,100,15137,17148
AAATCTAGCCCTGCTA-1,1,53,101,15389,17294
CGCAGGCGATCCAAAC-1,1,52,102,15136,17439
CCATATGGAAACTATA-1,1,53,103,15389,17584
CACCGTATCCCATCCG-1,1,52,104,15136,17729
GGTCAAGACTACTTCG-1,1,53,105,15388,17875
CCCGTTTCGCAGATGT-1,1,52,106,15135,18020
GTTATAATACGGTGAA-1,1,53,107,15388,18165
ACTTGTGGATGGAACG-1,1,52,108,15135,18310
GTTCGCTGAGACGTCT-1,1,53,109,15387,18456
GACACTGGAACCCGAT-1,1,52,110,15134,18601
CCCAGGTCTGAAGGCT-1,1,53,111,15387,18746
TCTCGAGGAGGTTCGC-1,1,52,112,15134,18891
ACTATCTGCCCGCGTA-1,1,53,113,15386,19037
CCTAAATTGTATCCTA-1,0,52,114,15133,19182
AGAAATTATGACTCGC-1,0,53,115,15386,19327
TCCAGCGCTATAAGCG-1,0,52,116,15133,19472
TCGTGTATTGGTCACG-1,0,53,117,15385,19618
CCACATACTGCACCCA-1,0,52,118,15132,19763
GTTGCGGACGGTCAGG-1,0,53,119,15385,19908
GTATTTAATGGCATAA-1,0,52,120,15132,20053
GTCGATAGGTGACTTT-1,0,53,121,15384,20199
AATAATCTTCGTATCG-1,0,52,122,15131,20344
ATTGTTCAACGATCCG-1,0,53,123,15384,20489
GTGCAGCGTAGAGTAG-1,0,52,124,15131,20634
TGTGGTAGGGTGCCTT-1,0,53,125,15383,20780
TGTGGACTATCTACGT-1,0,52,126,15131,20924
GGCGGGCTCTAAGAGT-1,0,53,127,15383,21070
TGTGCCAGAGGCAAAG-1,0,54,0,15666,2625
TGGCTTATGTATAATG-1,0,55,1,15919,2770
GCAAGCTGGAAACCGC-1,0,54,2,15666,2915
GATATCAAGCAGGAGC-1,0,55,3,15918,3061
CACCAATCATCCGTCT-1,0,54,4,15665,3205
CCACATGGCTCTTTAT-1,0,55,5,15918,3351
GTCCTACTCTACGGGC-1,0,54,6,15665,3496
CTCGAGACATACGATA-1,0,55,7,15917,3642
TATCAGTGGCGTAGTC-1,0,54,8,15664,3786
TGACAGGACAAGTCCA-1,0,55,9,15917,3932
TATTAACACCAAAGCA-1,0,54,10,15664,4077
TAGGCGATGAGGTCTC-1,0,55,11,15916,4223
CCGCCGGAACTTCTCG-1,0,54,12,15664,4367
GCCATTAGCCTCAAAC-1,0,55,13,15916,4513
GTTAGGCTACCCGTTT-1,0,54,14,15663,4658
GGGTATTCTAGCAAAC-1,0,55,15,15916,4804
GCCCTAGCCGTCGCGA-1,0,54,16,15663,4948
CAGATCCTGGTTTGAA-1,0,55,17,15915,5094
CTTCAGTGGTCGCCTA-1,0,54,18,15662,5239
GGGCAACCGCACGTGC-1,0,55,19,15915,5385
GACCCAATTATGATAC-1,0,54,20,15662,5529
GAAGCTCGGACCCGTC-1,0,55,21,15914,5675
CGTCGGGTCTAAGCGC-1,0,54,22,15661,5820
GAGGCCCGACTCCGCA-1,0,55,23,15914,5966
TTGCCATAGCCCGCTC-1,0,54,24,15661,6110
TAACATACACGCGATC-1,0,55,25,15913,6256
CCGACGGGCATGAGGT-1,0,54,26,15660,6401
AATGTGCCCGAGGTGT-1,0,55,27,15913,6547
AGCTGTAACCTCAATC-1,0,54,28,15660,6691
CGAGTGAAGGTACCAG-1,0,55,29,15912,6837
AGTCTCACAAGACTAC-1,0,54,30,15659,6982
AAATTGATAGTCCTTT-1,0,55,31,15912,7128
TAAGTCGCCGAGTATC-1,0,54,32,15659,7272
GCGGAGAAACTTCGCA-1,0,55,33,15911,7418
GGCAAAGGCGCCAATA-1,1,54,34,15658,7563
ATTTCCGGGTTCTGCG-1,0,55,35,15911,7708
TAAACCCAGGAGGGCA-1,1,54,36,15658,7853
TTCGGGCGCTAGTCTT-1,1,55,37,15910,7999
GTGGAGTCGGCGGTTG-1,1,54,38,15657,8144
GCACGCCTACTTAGAT-1,1,55,39,15910,8289
CAATATTCTTGACCTA-1,1,54,40,15657,8434
CGTTTGTGTAGAGGGT-1,1,55,41,15909,8580
CATAGCGTTGCCCACC-1,1,54,42,15656,8725
TGATACATTTAGCCGT-1,1,55,43,15909,8870
TTCCGGCCTTGAGGCT-1,1,54,44,15656,9015
CCTATACCGTCCTGTC-1,1,55,45,15908,9161
TCGTTGCTATCCGGTC-1,1,54,46,15655,9306
TGGCGACTGCTCCAAA-1,1,55,47,15908,9451
CAGAGGCGATGCATGA-1,1,54,48,15655,9596
TCACAGGAGAATAAGA-1,1,55,49,15907,9742
GGGTTAACATTTGAGT-1,1,54,50,15654,9887
GCGGGCGAGCCTTACC-1,1,55,51,15907,10032
TGCCAATGGGTACTCT-1,1,54,52,15654,10177
AGGGACTCTACGCGAC-1,1,55,53,15906,10323
GACGCCGTAAAGGCTA-1,1,54,54,15653,10468
AAAGGCTCTCGCGCCG-1,1,55,55,15906,10613
CTGGCTGGTTGTCAGT-1,1,54,56,15653,10758
ACATCCCGGCCATACG-1,1,55,57,15905,10904
CTCTTGTCCCGCTTGG-1,1,54,58,15652,11049
TACGCCTCCATTCCGA-1,1,55,59,15905,11194
CGGAGCAATTTAATCG-1,1,54,60,15652,11339
AACTAGGCTTGGGTGT-1,1,55,61,15904,11485
GCGTCGCCAGGGTGAT-1,1,54,62,15651,11630
GTTGGTCATGCTATCC-1,1,55,63,15904,11775
GCTGGCGGCGCATGCT-1,1,54,64,15651,11920
TGAGCGGAAAGTGTTC-1,1,55,65,15903,12066
CTTTCTGTGCGGGCTT-1,1,54,66,15650,12211
ATCTAATATCCTACGG-1,1,55,67,15903,12356
AACCTTTAAATACGGT-1,1,54,68,15650,12501
TTCACTCGAGCACCTA-1,1,55,69,15902,12647
CTGCACTCCAGTACAG-1,1,54,70,15649,12792
CCATTTCTACCTATTA-1,1,55,71,15902,12937
CAAGCGGCACATAATT-1,1,54,72,15649,13082
GTTAACATCACTTAAA-1,1,55,73,15901,13228
ATATAAATGTAGCTGC-1,1,54,74,15649,13373
GCCTCTATACATAGCA-1,1,55,75,15901,13518
GTGTCGTATAGCGTTC-1,1,54,76,15648,13663
ATACGTACTTAGCCAC-1,1,55,77,15901,13809
GCTATCATACTCATGG-1,1,54,78,15648,13954
TATCCAATTGGTTATC-1,1,55,79,15900,14099
TCTCCCTGGGCAGCGT-1,1,54,80,15647,14244
CCTATAATGAGTGCCC-1,1,55,81,15900,14390
CAATGCGAGAAGTATC-1,1,54,82,15647,14535
TACCAATAAAGTACCA-1,1,55,83,15899,14680
GCTAGGCACCACGGAG-1,1,54,84,15646,14825
GGTGGACTGCTCTGGC-1,1,55,85,15899,14971
TATTCCGAGCTGTTAT-1,1,54,86,15646,15116
TTGAGAAGTTTAGCAT-1,1,55,87,15898,15261
GTCCGGACCTGAAATT-1,1,54,88,15645,15406
CTGTGGTCGGGAGATA-1,1,55,89,15898,15552
CATGTAAGAGACATTT-1,1,54,90,15645,15697
CACGTTTCGTACACAC-1,1,55,91,15897,15842
CATCCTCTCAAAGATC-1,1,54,92,15644,15987
GATTAACCGAAAGCCC-1,1,55,93,15897,16133
AACGCTGTTGCTGAAA-1,1,54,94,15644,16278
TTCAGCTGGCGTGCCC-1,1,55,95,15896,16423
TAGAGGTTCTACTTGT-1,1,54,96,15643,16568
GTATCAAACGTTAGCT-1,1,55,97,15896,16714
AATCATGTAAAGACTC-1,1,54,98,15643,16858
AGTCACTAGCTCTCGA-1,1,55,99,15895,17004
GCGAAACGATCGGGAG-1,1,54,100,15642,17149
CATGGATTGTCTTCCG-1,1,55,101,15895,17295
ATTGGATTACAGCGTA-1,1,54,102,15642,17439
CACACACGCTAACGAG-1,1,55,103,15894,17585
CTATGGGAAGCGGAAT-1,1,54,104,15641,17730
TGCCTAATTGAAGATT-1,1,55,105,15894,17876
TGGCAATGGGACGGCG-1,1,54,106,15641,18020
ACCTCCGCCCTCGCTG-1,1,55,107,15893,18166
CGGCAATAAGATCGCC-1,1,54,108,15640,18311
CCTTGACCACTTTATT-1,1,55,109,15893,18457
TCATTTAGAAGTGTGA-1,1,54,110,15640,18601
CAGAATAACACACGGA-1,1,55,111,15892,18747
TCTGAGCAATTGACTG-1,1,54,112,15639,18892
CAACGTGGTGGAGTCT-1,1,55,113,15892,19038
CACAGTTCGCTTCCCA-1,1,54,114,15639,19182
TCTCTCGCCGCACATA-1,0,55,115,15891,19328
TGGGCAGGCCACCGCA-1,0,54,116,15638,19473
CTCCTGTTCAAGGCAG-1,0,55,117,15891,19619
TATTTGATTTGCACAG-1,0,54,118,15638,19763
GCCACTCCTTACGGTA-1,0,55,119,15890,19909
ACCGATATTTAATCAT-1,0,54,120,15637,20054
TTATTATCTGGAAGGC-1,0,55,121,15890,20200
TACATGCCGGAATTGT-1,0,54,122,15637,20344
GGCACTCAGCCGACCC-1,0,55,123,15889,20490
AAACCGGAAATGTTAA-1,0,54,124,15636,20635
AGACAGGCATCTCAGC-1,0,55,125,15889,20781
GTGGTGATGGTTTGTG-1,0,54,126,15636,20925
CCGATATGACGTAAGG-1,0,55,127,15888,21071
CATACACAAAGTCAGC-1,0,56,0,16172,2625
TGCCGTTCTTAATCGG-1,0,57,1,16424,2771
TCGAGTCTACGATTCG-1,0,56,2,16171,2916
ACTTCCAGTGGAAGCT-1,0,57,3,16424,3062
CAATTGGGCCGCACTC-1,0,56,4,16171,3206
AAATCGCGGAAGGAGT-1,0,57,5,16423,3352
ATATCAATTCCAGCCT-1,0,56,6,16170,3497
CTTTGTCGAATGCTCC-1,0,57,7,16423,3642
TGAGGCATGTACTGTG-1,0,56,8,16170,3787
TTCGCCGCTCGCGCTA-1,0,57,9,16422,3933
GACTCCTTCCAATTGA-1,0,56,10,16169,4078
ACCGAAGAGTCTGGTT-1,0,57,11,16422,4223
TGGCATGAAGTTTGGG-1,0,56,12,16169,4368
ACGAGGTTTACAACGT-1,0,57,13,16421,4514
AACCCATCCCATGATC-1,0,56,14,16168,4659
TCGACAACTGAACCCG-1,0,57,15,16421,4804
TATCTTGCAATACAAC-1,0,56,16,16168,4949
TATTATGTTTGCCTGC-1,0,57,17,16420,5095
GTCAAAGAAGTGGTGT-1,0,56,18,16168,5240
GGGACAGAGTTACTCC-1,0,57,19,16420,5385
AGCAACCGAAAGTAAT-1,0,56,20,16167,5530
CTCTCTAACTGCCTAG-1,0,57,21,16420,5676
ATACGGAACGTCGTTT-1,0,56,22,16167,5821
TCGGTCCCGACAATAG-1,0,57,23,16419,5966
CGCGCAAATGTCCAGA-1,0,56,24,16166,6111
TCTAATACTGCCTCAG-1,0,57,25,16419,6257
CTCGGTTGTCGGCCCT-1,0,56,26,16166,6402
GGTAACCGGGAGGATA-1,0,57,27,16418,6547
CAGGCGCACGGTGGTC-1,0,56,28,16165,6692
TCATCGATGGTCCCAA-1,0,57,29,16418,6838
CAAAGATTATTGGGCC-1,0,56,30,16165,6983
ACAATGAATACGGAGA-1,0,57,31,16417,7128
GCTCCTGACATACTGG-1,0,56,32,16164,7273
GATGACAAGTAGGGCA-1,0,57,33,16417,7419
TACGCCGAGGGTACCC-1,0,56,34,16164,7564
AAGCGTCCCTCATCGA-1,0,57,35,16416,7709
CACTCCTATGTAAGAT-1,0,56,36,16163,7854
TCGAGCCAGGCAGGCC-1,0,57,37,16416,8000
TCGTCAAGTACGCGCA-1,1,56,38,16163,8145
CCCGTAGCTGGGAAGA-1,0,57,39,16415,8290
ACCCTATGCCATATCG-1,1,56,40,16162,8435
GTGGTATAGTCTGCCG-1,1,57,41,16415,8581
CCGGTTTGTAATTGTG-1,1,56,42,16162,8726
GTCGCCGTTGTGTGTT-1,1,57,43,16414,8871
TACTGAACAGATTTAG-1,1,56,44,16161,9016
TATTAACCTGACCGCG-1,1,57,45,16414,9162
CTGTAGCCATCTCACT-1,1,56,46,16161,9307
TACTATGGTTCCTCAG-1,1,57,47,16413,9452
GAGTCAGACCAGAATC-1,1,56,48,16160,9597
TAAGGCATAACATCAA-1,1,57,49,16413,9743
CTTCCGCTCCGTGAAG-1,1,56,50,16160,9888
GGGCTATGATCGATGG-1,1,57,51,16412,10033
GGTCGGTCGTCCACAG-1,1,56,52,16159,10178
GGGACCCGTATATCTT-1,1,57,53,16412,10324
GAAAGCAGTGCACTTT-1,1,56,54,16159,10469
AGCGCATAATGAATCG-1,1,57,55,16411,10614
GCTGCTAAGTAGTCGA-1,1,56,56,16158,10759
AATAGTCCGTCCCGAC-1,1,57,57,16411,10905
AGCAGCCAGATGAATA-1,1,56,58,16158,11050
CCTCGCGCTGTGCGAT-1,1,57,59,16410,11195
TTGTGTATGCCACCAA-1,1,56,60,16157,11340
TGCTCGGCGAAACCCA-1,1,57,61,16410,11486
CGATTAAATATCTCCT-1,1,56,62,16157,11631
TGCCGTGGATCGTCCT-1,1,57,63,16409,11776
GTGGACGCATTTGTCC-1,1,56,64,16156,11921
ACCCGGAAACTCCCAG-1,1,57,65,16409,12067
CCGCATGTGGTACGAT-1,1,56,66,16156,12211
GCAAACCTTGGCCATA-1,1,57,67,16408,12357
ATTCACTGATGTTGGA-1,1,56,68,16155,12502
ACTCCCTAATGCTAAA-1,1,57,69,16408,12648
TCCTAAATTGGGAAGC-1,1,56,70,16155,12792
GAACAGATTACTAAAT-1,1,57,71,16407,12938
ATACAGGCCCTCCAAT-1,1,56,72,16154,13083
CGATTCGCCTGGCTGC-1,1,57,73,16407,13229
TCCGCCTGTCTACAAG-1,1,56,74,16154,13373
CACATCTCACCGACGA-1,1,57,75,16406,13519
CGTCGTCCTTCGCGAA-1,1,56,76,16153,13664
CGTTGAATACCGCGCT-1,1,57,77,16406,13810
ACCAATATGCAAGTTA-1,1,56,78,16153,13954
ACGGATGGTGCGGATA-1,1,57,79,16405,14100
CACCCTAACAAGATCT-1,1,56,80,16153,14245
AAGCTCTTTCATGGTG-1,1,57,81,16405,14391
CATGGGTATGCCTTAT-1,1,56,82,16152,14535
GCGCGTCATTGGTACA-1,1,57,83,16405,14681
TCTGAAGCACGTGGTC-1,1,56,84,16152,14826
AAGTTCACTCCAAGCT-1,1,57,85,16404,14972
TTGGACCTATAACAGT-1,1,56,86,16151,15116
ATCAGCCTCATGCTGC-1,1,57,87,16404,15262
AGTACTCTTATGCCCA-1,1,56,88,16151,15407
GCGCTTAAATAATTGG-1,1,57,89,16403,15553
TTGTGAACCTAATCCG-1,1,56,90,16150,15697
AGTCGTCGACCACCAA-1,1,57,91,16403,15843
TCCTTTAAATCCGCTT-1,1,56,92,16150,15988
ACTGAAACGCCGTTAG-1,1,57,93,16402,16134
GCACACACTGGTAGCC-1,1,56,94,16149,16278
TAAGGGCCTGTCCGAT-1,1,57,95,16402,16424
GCTAGAGTAGAGATGT-1,1,56,96,16149,16569
CACAGGGCCATATAGT-1,1,57,97,16401,16714
CCATGCCCTAGATTTC-1,1,56,98,16148,16859
TCGCGTAGCAGTGTCC-1,1,57,99,16401,17005
GACGAGGCTAATAAAC-1,1,56,100,16148,17150
CTACACTCGCAGATGG-1,1,57,101,16400,17295
ACGCATACGTTTACTA-1,1,56,102,16147,17440
GGAGCAACATTTCAAG-1,1,57,103,16400,17586
CGAGAGGGTAGCCGCG-1,1,56,104,16147,17731
TCGTGTTCGACCACAA-1,1,57,105,16399,17876
TCTACCCAATAGAGAG-1,1,56,106,16146,18021
ATAAACGTTGCACCAC-1,1,57,107,16399,18167
TCAACTGCAGAGTCAG-1,1,56,108,16146,18312
AGCTCCATATATGTTC-1,1,57,109,16398,18457
GTAACATCTAAGATAA-1,1,56,110,16145,18602
CCGACAATAGGCCGCC-1,1,57,111,16398,18748
ATGCTTAGGAGTTGAT-1,1,56,112,16145,18893
AACCCGAGCAGAATCG-1,1,57,113,16397,19038
CGGGTTTGTTAGGGCT-1,1,56,114,16144,19183
AGGCACGTGACTGTCC-1,1,57,115,16397,19329
GACAAGAGATGAGATT-1,0,56,116,16144,19474
AGCCCTTGGACATCCC-1,0,57,117,16396,19619
GCAGTTCGATCCGAGC-1,0,56,118,16143,19764
TCGAGGGCAACAGACG-1,0,57,119,16396,19910
ACTTTGTCGACGCACT-1,0,56,120,16143,20055
GAGTATCAAAGTTACA-1,0,57,121,16395,20200
CCAGGCTGGCGTCTGA-1,0,56,122,16142,20345
GGACTCTTCCGGTTGA-1,0,57,123,16395,20491
TCCCAGCACACGACAT-1,0,56,124,16142,20636
GCTCCATGAGTGCAGA-1,0,57,125,16394,20781
GCAGTGCGGGCGGATG-1,0,56,126,16141,20926
GCGTTCTGACTAAGCG-1,0,57,127,16394,21072
ATTTGGAGATTGCGGT-1,0,58,0,16677,2626
AAGGGTTTGATTTCAG-1,0,59,1,16930,2772
CCGGCCGCGAGCATAT-1,0,58,2,16677,2917
GAGTTCTGTGGGTGCT-1,0,59,3,16929,3062
AAACGAAGATGGAGTA-1,0,58,4,16676,3207
AATTACGAGACCCATC-1,0,59,5,16929,3353
CCTTTGAATTATGGCT-1,0,58,6,16676,3498
CATGGTATTAGTTTGT-1,0,59,7,16928,3643
AACGAAAGTCGTCCCA-1,0,58,8,16675,3788
ACATAAGTCGTGGTGA-1,0,59,9,16928,3934
GCACAACCTCGGGCGT-1,0,58,10,16675,4079
ATGCACGCGCTGTTCA-1,0,59,11,16927,4224
CGATGTTGTTATCTAC-1,0,58,12,16674,4369
GTCTCCTGCCAGTATG-1,0,59,13,16927,4515
GATGCCTTCTGCGGCA-1,0,58,14,16674,4660
ACCGGTCAGGTACACC-1,0,59,15,16926,4805
GTGGAGCGTTTACCGA-1,0,58,16,16673,4950
AGGCGGTTTGTCCCGC-1,0,59,17,16926,5096
TCCCTGGCGTATTAAC-1,0,58,18,16673,5241
AAACACCAATAACTGC-1,0,59,19,16925,5386
TGGACGCAATCCAGCC-1,0,58,20,16672,5531
GGAACCTTGACTCTGC-1,0,59,21,16925,5677
GTATCTCAGTCTTGAC-1,0,58,22,16672,5822
GCTGAATCTTCCAATC-1,0,59,23,16924,5967
AGATGCAAGACGTGCA-1,0,58,24,16672,6112
TTAAGGCCCGTACTTT-1,0,59,25,16924,6258
AGTATGCTGGAGACCA-1,0,58,26,16671,6403
GCGGCAAAGTATTGCC-1,0,59,27,16924,6548
GCGCAAATATATTCAA-1,0,58,28,16671,6693
GAAGAAACGATATTGT-1,0,59,29,16923,6839
GGACCTCTAGGCCGCC-1,0,58,30,16670,6984
AACAGCTGTGTGGCAA-1,0,59,31,16923,7129
TCGAATATCCCGCAGG-1,0,58,32,16670,7274
GCGACCCAACCATCTG-1,0,59,33,16922,7420
AGAGAAGGAGTACAAT-1,0,58,34,16669,7565
GGCTCCTCCACCTGTT-1,0,59,35,16922,7710
TCAGTGTATACGTCAT-1,0,58,36,16669,7855
ATTATTATGTCCGTCA-1,0,59,37,16921,8001
TTAGGTCATAACCGAC-1,0,58,38,16668,8145
AAGATGGCACCGGACC-1,0,59,39,16921,8291
CTACAAGAAATAACCC-1,1,58,40,16668,8436
ACTATTTCCGGGCCCA-1,0,59,41,16920,8582
TTGTTTCACATCCAGG-1,1,58,42,16667,8726
CGCTGTGTGGATGTTG-1,1,59,43,16920,8872
TCAACATAGCGCCCTA-1,1,58,44,16667,9017
GGCCGTTTGGGTTTCA-1,1,59,45,16919,9163
TACTCTTTCGTCTTCA-1,1,58,46,16666,9307
TTCGCGCGCCATACGA-1,1,59,47,16919,9453
CGGAAAGAATCAAACG-1,1,58,48,16666,9598
AGGCAGGGAGCGTACT-1,1,59,49,16918,9744
CCTTTAAGGGAGCACT-1,1,58,50,16665,9888
CGCCCAGCACGCCTAG-1,1,59,51,16918,10034
AGTATTTGGCACGACC-1,1,58,52,16665,10179
TATCCGCACCGTCGGG-1,1,59,53,16917,10325
ACCCGTGTCATCAGTA-1,1,58,54,16664,10469
CAACTGCTCATCCGAT-1,1,59,55,16917,10615
CCGGAGCGTACTTTCT-1,1,58,56,16664,10760
TACCGTAGGTTAACTA-1,1,59,57,16916,10906
TGAGGAGTGCCAGCTT-1,1,58,58,16663,11050
CCAGTCTTGTCATAGA-1,1,59,59,16916,11196
GGGCAGAGCAATCGTT-1,1,58,60,16663,11341
TACCAAATAGCCCAGA-1,1,59,61,16915,11487
TACCTACTCCCAGTAT-1,1,58,62,16662,11631
TGTGAGACTAGCCCAA-1,1,59,63,16915,11777
ATACCTAACCAAGAAA-1,1,58,64,16662,11922
GTCGGGAAGCAGAAAC-1,1,59,65,16914,12068
AATTAACGGATTTCCA-1,1,58,66,16661,12212
GAACCCTCTGTGTTCT-1,1,59,67,16914,12358
ATATAAAGCGCTCGTG-1,1,58,68,16661,12503
CCTGGTCGAATGTGGG-1,1,59,69,16913,12648
CTAGGTTCGGACGTGA-1,1,58,70,16660,12793
TCGGGAGACAGCGTAC-1,1,59,71,16913,12939
CATAAGAAGCTTGGCT-1,1,58,72,16660,13084
AAGCACCCTGCGTATC-1,1,59,73,16912,13229
AGTTTGCACCTGCCTC-1,1,58,74,16659,13374
GACTGCAAATCGAGCT-1,1,59,75,16912,13520
GTGTATATCAGCGGGC-1,1,58,76,16659,13665
CTTCAACTCCACTTGG-1,1,59,77,16911,13810
ACTTACGCATCCACGC-1,1,58,78,16658,13955
CATGAGATGCACTCTC-1,1,59,79,16911,14101
GAGCACCTGTGTCCAG-1,1,58,80,16658,14246
CGCGACCGCGACAGAT-1,1,59,81,16910,14391
GTCCCGCGACGTTATG-1,1,58,82,16657,14536
GCAGTGTGGCTATAGG-1,1,59,83,16910,14682
ATACTGCCTTACACCG-1,1,58,84,16657,14827
TACAGAAACGGTGGGC-1,1,59,85,16909,14972
GGCGCGGAGATCTTTC-1,1,58,86,16657,15117
CGTTAATGTCCCGACG-1,1,59,87,16909,15263
GCTAACTGAAGTCTGA-1,1,58,88,16656,15408
AGTGATAACCTGCGCG-1,1,59,89,16909,15553
TATGATCTTCTCTTTA-1,1,58,90,16656,15698
TGTACCTACACGAGGG-1,1,59,91,16908,15844
ATATCGTTCCTCGAAC-1,1,58,92,16655,15989
CGGCGCCATCAATCCC-1,1,59,93,16908,16134
CCTGTTTGAAGACACG-1,1,58,94,16655,16279
GCCACTCAGAGCGCGA-1,1,59,95,16907,16425
TCGGCTTGTATCGACG-1,1,58,96,16654,16570
TAGATGGTTCCTTACT-1,1,59,97,16907,16715
ATCGTTAGCTAGCGGA-1,1,58,98,16654,16860
ACAGCGACATTCTCAT-1,1,59,99,16906,17006
ATTCAACCATTTAAGG-1,1,58,100,16653,17151
CACTCTTCTGCTAGCC-1,1,59,101,16906,17296
CTAACTGATAATCGCC-1,1,58,102,16653,17441
TGATGTCAATTAAGTG-1,1,59,103,16905,17587
CGCCGTTCAGCATAGT-1,1,58,104,16652,17732
ATACTACCCGTACCAC-1,1,59,105,16905,17877
CCACTGTTTGGATTAA-1,1,58,106,16652,18022
CACTACGGGAGCTGCC-1,1,59,107,16904,18168
GACCAAACGTTGACTG-1,1,58,108,16651,18313
AAGAGGCCCTTTGGAA-1,1,59,109,16904,18458
ACACGTAGGCCACAAG-1,1,58,110,16651,18603
TACTCTTACTTTACTG-1,1,59,111,16903,18749
AGAGCCGCCGAGATTT-1,1,58,112,16650,18894
GGCCTGCTTCTCCCGA-1,1,59,113,16903,19039
TCAAGCGCGGACGGTA-1,1,58,114,16650,19184
ACACTGGGACAGTCGT-1,1,59,115,16902,19330
TGTGTAGTAGCACGTG-1,0,58,116,16649,19475
CTAGCCACAGGCGAGC-1,0,59,117,16902,19620
CTATCGCGTAGAGAAC-1,0,58,118,16649,19765
GTTCCCGTAAACATAT-1,0,59,119,16901,19911
TCTTTCCTTCGAGATA-1,0,58,120,16648,20056
ATATTGGAGAGGCCTT-1,0,59,121,16901,20201
AGGCGATAACTGGCGT-1,0,58,122,16648,20346
ACCCGGAGCACCACAA-1,0,59,123,16900,20492
TGAGCTCAACTGTATA-1,0,58,124,16647,20637
ACGACCCATGAGTTGC-1,0,59,125,16900,20782
CGGTCAGTCCATATTT-1,0,58,126,16647,20927
TCCGGCTGTCGGGTCG-1,0,59,127,16899,21073
ATTCCCGAAGGTACAG-1,0,60,0,17183,2627
CTAACAGCACAATAAC-1,0,61,1,17435,2773
TTGTGCGGAAGCGGAT-1,0,60,2,17182,2918
GGGCACTATTGACCAT-1,0,61,3,17435,3063
CCATAGAGGCTGCCAG-1,0,60,4,17182,3208
CCGAAGCATTGACCAA-1,0,61,5,17434,3354
TACTGAGGGAAGAAAG-1,0,60,6,17181,3498
TATGTAGAAACCCGGC-1,0,61,7,17434,3644
TGGTTAACTTACATTT-1,0,60,8,17181,3789
AGAACCCTCAATTGGG-1,0,61,9,17433,3935
CCTATATCGTGTCACG-1,0,60,10,17180,4079
ACGGCTGGATGTAGAA-1,0,61,11,17433,4225
CTCGCATTGCATAGCC-1,0,60,12,17180,4370
ACTTTGGTCGTGCTCC-1,0,61,13,17432,4516
GCTGGTTTAGGCCATA-1,0,60,14,17179,4660
TGTCGTTATCACATAT-1,0,61,15,17432,4806
ACACATGATCAAATCT-1,0,60,16,17179,4951
TATCCATCTCGGTTAG-1,0,61,17,17431,5097
CTCGTCGAGGGCTCAT-1,0,60,18,17178,5241
ATCAATGCCGTGGCTG-1,0,61,19,17431,5387
GAAACATAGGAAACAG-1,0,60,20,17178,5532
TAATAGGTCACCAGAA-1,0,61,21,17430,5678
CACCAGTCAGCATGCA-1,0,60,22,17177,5822
GAGCGCTGTTAGGTAA-1,0,61,23,17430,5968
CCCTATGTAGAGCAGA-1,0,60,24,17177,6113
GATCGCTATATCTCAG-1,0,61,25,17429,6259
AAGGGACTATGCATTC-1,0,60,26,17176,6403
CTCGGGTTCTCTGGCC-1,0,61,27,17429,6549
TATATATCGAGAAATG-1,0,60,28,17176,6694
ACCCGAGCGAAATTAC-1,0,61,29,17428,6840
TTGTTTCATTAGTCTA-1,0,60,30,17176,6984
ATGGGACCTGCTGAAC-1,0,61,31,17428,7130
TGCGACGGCCGAACGT-1,0,60,32,17175,7275
AGCTAACAAGCAATGT-1,0,61,33,17428,7421
CGTGTCTCGTTACGAC-1,0,60,34,17175,7565
CTAAATCCGGTGTACA-1,0,61,35,17427,7711
GAATAGTGCTCGATTA-1,0,60,36,17174,7856
AACAATACATTGTCGA-1,0,61,37,17427,8002
CACATCGTGCACGCGC-1,0,60,38,17174,8146
ACCGTGACCACGTGGG-1,0,61,39,17426,8292
CCCAATGAGATTTGCA-1,0,60,40,17173,8437
TCAGCAGTAGGCCCTG-1,0,61,41,17426,8582
CTACTCAAGGTATAGT-1,0,60,42,17173,8727
TAGTAGCTTATACCAG-1,0,61,43,17425,8873
ACGTTCGTTCAGGAAA-1,0,60,44,17172,9018
TTAGAATAAGGGTCGG-1,0,61,45,17425,9163
TTCTAGAAAGTCTTAT-1,1,60,46,17172,9308
CCTTCAGTTAAAGTGA-1,0,61,47,17424,9454
TAGCTAGTGATGATGG-1,1,60,48,17171,9599
AGCCCGGTAGCCTGTA-1,0,61,49,17424,9744
TACCTCAGTTGTCTGT-1,1,60,50,17171,9889
GACGGGTTGGCCCGTA-1,1,61,51,17423,10035
GAAACCTATACAAATG-1,1,60,52,17170,10180
TCCACCTCTAGCCTTT-1,1,61,53,17423,10325
AAGACCCAACTGAACA-1,1,60,54,17170,10470
CATACACGGTTCCCAC-1,1,61,55,17422,10616
ACTACGCGTTAGAATT-1,1,60,56,17169,10761
CTTGGCCAAGCTGGGA-1,1,61,57,17422,10906
TTACCCTAGGGATTGG-1,1,60,58,17169,11051
TTCGCACTGTACGACA-1,1,61,59,17421,11197
TAGGTGTTCCACAGAT-1,1,60,60,17168,11342
GAAGCCTGCACATTCC-1,1,61,61,17421,11487
GGCTTTCAATAAGGGT-1,1,60,62,17168,11632
TCCAGGGTATATACGA-1,1,61,63,17420,11778
CTCGCCGAATGTAGGG-1,1,60,64,17167,11923
AGGAAGCTGTCCGCCG-1,1,61,65,17420,12068
GTCTCAAGGCCCGGCT-1,1,60,66,17167,12213
ACCGACACATCTCCCA-1,1,61,67,17419,12359
TATACGCGTCATCACT-1,1,60,68,17166,12504
ATCTGGGCTGTTCTTG-1,1,61,69,17419,12649
TCAAATTTGAGACTCA-1,1,60,70,17166,12794
GTTAAGGGTGCGATGT-1,1,61,71,17418,12940
AGCAAAGGCCGCTAGT-1,1,60,72,17165,13085
TTATAGGTAATTGTCT-1,1,61,73,17418,13230
TTGTGCAGCCACGTCA-1,1,60,74,17165,13375
ACGGACTCTCAAAGCG-1,1,61,75,17417,13521
ATGCTCTGGCGCGGTA-1,1,60,76,17164,13666
ATAATCTTGGAGAACC-1,1,61,77,17417,13811
CTCATTGCTCTAACAA-1,1,60,78,17164,13956
TAGGTGACGATAACCT-1,1,61,79,17416,14102
CGGATCCTCAAGGACT-1,1,60,80,17163,14247
GGGCGTGGTTTCCCAG-1,1,61,81,17416,14392
TGGCTATGTGACATAC-1,1,60,82,17163,14537
CTTAGTGTAGTAGCAT-1,1,61,83,17415,14683
GGATTGCTGTGACTCC-1,1,60,84,17162,14828
ACTTCCATGCGGGACA-1,1,61,85,17415,14973
ACTCAAGTGCAAGGCT-1,1,60,86,17162,15118
ACAAGGATGCTTTAGG-1,1,61,87,17414,15264
TTGAACGACGTGCTGA-1,1,60,88,17161,15409
ATTCATCGTTGAGGCA-1,1,61,89,17414,15554
TGCAACCCATCTGCGG-1,1,60,90,17161,15699
AGTGCTAAACACAGCA-1,1,61,91,17413,15845
AACTCCAGAGCGTGTT-1,1,60,92,17161,15990
TCTCCACAAGTTGAAT-1,1,61,93,17413,16135
CTTTGCATCGCTCTTG-1,1,60,94,17160,16280
TCACAAACCGAGGTAC-1,1,61,95,17413,16426
CCGTAGGAAATCCCTG-1,1,60,96,17160,16571
AAACATTTCCCGGATT-1,1,61,97,17412,16716
GCCTCCGACAATTCAC-1,1,60,98,17159,16861
TCTGCATACCTTGCTT-1,1,61,99,17412,17007
ACCCATTTGTCCCTCT-1,1,60,100,17159,17151
CTGCAGAGAATCAGAG-1,1,61,101,17411,17297
GGAAACTAAATGGGCC-1,1,60,102,17158,17442
CAACCTACCGAGCAGT-1,1,61,103,17411,17588
CCGTAGGGTTGTTTAC-1,1,60,104,17158,17732
GGTTTGTGACCTGAGG-1,1,61,105,17410,17878
TAACCTAGGGAGTCCA-1,1,60,106,17157,18023
TTCCATCGACAGCGTG-1,1,61,107,17410,18169
ATCTCCCACGGAATAT-1,1,60,108,17157,18313
GTTTCAAACGAGTTGT-1,1,61,109,17409,18459
GGAACTTTGGCGATTA-1,1,60,110,17156,18604
CTGCAAGCACGTTCCG-1,1,61,111,17409,18750
CACAGTCCCGCTTCGC-1,1,60,112,17156,18894
TACGCTCGGTATTGGA-1,1,61,113,17408,19040
CTGGTAAAGTGTGGGC-1,1,60,114,17155,19185
CAACCAGTGGCCTACC-1,0,61,115,17408,19331
TCTTCGCGGTGAGAGG-1,0,60,116,17155,19475
TTCGGGTTGCCACGGG-1,0,61,117,17407,19621
ACCGATAGGCATAACC-1,0,60,118,17154,19766
CTTATAGATGGCTGTT-1,0,61,119,17407,19912
AGACGCCCACTTCGCC-1,0,60,120,17154,20056
AGGTCGCCTCCCAACA-1,0,61,121,17406,20202
CCTCACGTCAGCTAAT-1,0,60,122,17153,20347
CCACCTGTATGGAATA-1,0,61,123,17406,20493
GGACTCGAAGCTTTCA-1,0,60,124,17153,20637
AAGCCGGAGAGCAGGA-1,0,61,125,17405,20783
GCCTATCAGGTAAGAT-1,0,60,126,17152,20928
TCAGAGTGTGAGCATG-1,0,61,127,17405,21074
AAACATGGTGAGAGGA-1,0,62,0,17688,2628
ATCATTGTACCGCATT-1,0,63,1,17941,2774
TCAGCTTGAGCTTTCG-1,0,62,2,17688,2918
CCGCGCAAGATACCCA-1,0,63,3,17940,3064
CTATACTTAAAGCGAG-1,0,62,4,17687,3209
ACCGTCCACTGGGCCC-1,0,63,5,17940,3355
AAGACCAAATAACTCA-1,0,62,6,17687,3499
TGTTTCTGAAGCGTGC-1,0,63,7,17939,3645
TTCTCTTACAGGTGAT-1,0,62,8,17686,3790
AATTCATTGTCATGCA-1,0,63,9,17939,3935
GCCCGAGAGTCTAAAT-1,0,62,10,17686,4080
ATATAGAGTATTGGTC-1,0,63,11,17938,4226
TTGAAGGATGGGCGCC-1,0,62,12,17685,4371
TAGTACCACAACTTTC-1,0,63,13,17938,4516
ATCCCATCCACAGCGC-1,0,62,14,17685,4661
CTTAGGTATAGACCAG-1,0,63,15,17937,4807
TGACTCCGAATCATAC-1,0,62,16,17684,4952
ACTACATCCCGACAAG-1,0,63,17,17937,5097
TTGCCGCAGACCTACA-1,0,62,18,17684,5242
TAAGAGGGACAGGGAC-1,0,63,19,17936,5388
CGAATGAAGTCATTGC-1,0,62,20,17683,5533
AAGGGAACGACTGGCT-1,0,63,21,17936,5678
CGAATCTGCTCGACGC-1,0,62,22,17683,5823
ATCGTGGAAAGTCTGG-1,0,63,23,17935,5969
CCTATGGCTCCTAGTG-1,0,62,24,17682,6114
CGTCGCTTGGTTATAC-1,0,63,25,17935,6259
TGCTTAGAGAGAATGC-1,0,62,26,17682,6404
GATTGCTCCAGTTGCA-1,0,63,27,17934,6550
CGTGCTTCTACCTAAA-1,0,62,28,17681,6695
ACTCCAATATCATCAT-1,0,63,29,17934,6840
GCCGACCCACGACTGC-1,0,62,30,17681,6985
GAGGGTAGTAACAAAG-1,0,63,31,17933,7131
GGCCGAGACTCTGGTG-1,0,62,32,17680,7276
TATATAGGGCTTTACG-1,0,63,33,17933,7421
TGCCGGATGTACGAGC-1,0,62,34,17680,7566
AGGTAGATCGAGATAT-1,0,63,35,17932,7712
GATCAACATAAAGGGA-1,0,62,36,17680,7857
TAACAGCGTTTGTGCT-1,0,63,37,17932,8002
CTATAGGCGTTGATGT-1,0,62,38,17679,8147
GGTTTAATTACCATCG-1,0,63,39,17932,8293
CTCTTCTGGAAGTTAG-1,0,62,40,17679,8438
ATCTGACATGGAAGGA-1,0,63,41,17931,8583
TACGTACTAGTGCTGA-1,0,62,42,17678,8728
ATGACTATCAGCTGTG-1,0,63,43,17931,8874
CTTTGGGATTGTTGCA-1,0,62,44,17678,9019
AGACTGTTACCGGGTC-1,0,63,45,17930,9164
TCCTAACCGTCGGGCA-1,0,62,46,17677,9309
ACGCAAACTAATAGAT-1,0,63,47,17930,9455
AAGTGAGTCGGGTTTA-1,0,62,48,17677,9600
TAAAGCGGTATTTCCA-1,0,63,49,17929,9745
CTCCTCCAGCTCACAC-1,1,62,50,17676,9890
CGGTCCGTCGCAAGCC-1,0,63,51,17929,10036
CCTATATTTGTCCTGG-1,0,62,52,17676,10181
TCCAATAAAGGCTACC-1,0,63,53,17928,10326
AAAGGCTACGGACCAT-1,1,62,54,17675,10471
CGTGACCAGTCCTCTG-1,1,63,55,17928,10617
GATCTGCTATCTAAGG-1,1,62,56,17675,10762
CGAATGACGCATAATG-1,1,63,57,17927,10907
GCTCAATGTAATACCG-1,1,62,58,17674,11052
CTATGCCCGAATGCAA-1,1,63,59,17927,11198
CACAGGGCCGTTGTCA-1,1,62,60,17674,11343
TCAATACGCCGTCATG-1,1,63,61,17926,11488
AGCGGACACTTCGTAG-1,1,62,62,17673,11633
ATACGTTATGCACGGA-1,1,63,63,17926,11779
GAGTAGATACTAGTTG-1,1,62,64,17673,11924
CCAGCTCGAACGCATT-1,1,63,65,17925,12069
TGCTTCCCAAGCAGTA-1,1,62,66,17672,12214
GTAGACACGCCTGACT-1,1,63,67,17925,12360
CTCACATTTACTAAAT-1,1,62,68,17672,12505
GAATGCGAATCGGTTC-1,1,63,69,17924,12650
TAAGGCCCGTCACCCT-1,1,62,70,17671,12795
GAGTATGCGCGTGCAT-1,1,63,71,17924,12941
ATCCACATCGACAGAA-1,1,62,72,17671,13085
TAGACGAAACGCCAAT-1,1,63,73,17923,13231
CAGCAGTCTGTGCTGC-1,1,62,74,17670,13376
CTCACTGTGATACTTA-1,1,63,75,17923,13522
TTAATTGCTTTGGGTG-1,1,62,76,17670,13666
GTAGTCTACGATATTG-1,1,63,77,17922,13812
TTGCCGCTTTCTAGTA-1,1,62,78,17669,13957
GAACCTTTAACGATCC-1,1,63,79,17922,14103
TGGACCAATCTAAGAT-1,1,62,80,17669,14247
CTAGTAGAAAGGGATT-1,1,63,81,17921,14393
AACCTCGCTTTAGCCC-1,1,62,82,17668,14538
GAGTGTCAACCAGAAA-1,1,63,83,17921,14684
GTGATCCTTGTCATGA-1,1,62,84,17668,14828
CTCAACTAACCCGGAT-1,1,63,85,17920,14974
AGTGGCGTCTGAAGGT-1,1,62,86,17667,15119
GGGAAGGGCTTTCTCA-1,1,63,87,17920,15265
AGGCCTGAGAATCTCG-1,1,62,88,17667,15409
AGCCACAGGTTACCCG-1,1,63,89,17919,15555
TGCAATCTAACACGGT-1,1,62,90,17666,15700
GTTTGGGTTTCGCCCG-1,1,63,91,17919,15846
CCTATGTCCACTCCAC-1,1,62,92,17666,15990
CTGCCTTTCTAGTAAA-1,1,63,93,17918,16136
TTAGTAAACCTGCTCT-1,1,62,94,17665,16281
TTGTGGTGGTACTAAG-1,1,63,95,17918,16427
CCTCCTGTTGTGTCGT-1,1,62,96,17665,16571
ACAAAGCATGACCTAG-1,1,63,97,17917,16717
ATAGCAACTAGGGAAG-1,1,62,98,17665,16862
CCGCTCTTCCGAACTA-1,1,63,99,17917,17008
TAGAATAGCCGATGAA-1,1,62,100,17664,17152
GGTCTCCGTCCAGGTT-1,1,63,101,17917,17298
TAATTACGTCAGTAGA-1,1,62,102,17664,17443
TACGTAAAGCGGAGTG-1,1,63,103,17916,17588
GCTACAATCGAGGATA-1,1,62,104,17663,17733
TCAGCCAATCCGTAAA-1,1,63,105,17916,17879
ATCATAGCCCTATGTA-1,1,62,106,17663,18024
GAGGCCTGTTGATACA-1,1,63,107,17915,18169
ATATACGCTCGTGACG-1,1,62,108,17662,18314
CCCTTTAATGGAGTTC-1,1,63,109,17915,18460
TTACACGATCTGCGAC-1,1,62,110,17662,18605
TCGCATAAAGGGCGCA-1,1,63,111,17914,18750
TGTAGCCATCCCATTC-1,1,62,112,17661,18895
GGGTCTATCGCTTTCC-1,1,63,113,17914,19041
GGAGGGTCAAGTAAGA-1,1,62,114,17661,19186
TACGGCATGGACGCTA-1,0,63,115,17913,19331
CACGTCAATCAATGGA-1,0,62,116,17660,19476
CGCTTGGACGGATAGA-1,0,63,117,17913,19622
CGCGGTACGGTATACA-1,0,62,118,17660,19767
CCTACTCAACACGATT-1,0,63,119,17912,19912
CGTTTGGTGTTGTGGG-1,0,62,120,17659,20057
GTTGTTGCAAGATGGC-1,0,63,121,17912,20203
CATTCGTCGTAGCGGT-1,0,62,122,17659,20348
CAGCCTCGATAGCGGT-1,0,63,123,17911,20493
TCATAAGTCCAAGAAG-1,0,62,124,17658,20638
AAAGTGCCATCAATTA-1,0,63,125,17911,20784
GTTGCAGTCGACAACA-1,0,62,126,17658,20929
TAAATGGGCTACTGAG-1,0,63,127,17910,21074
GGACAAGCCATGATCG-1,0,64,0,18194,2629
TCCAATGCGTCGCCGC-1,0,65,1,18446,2774
AAAGAATGACCTTAGA-1,0,64,2,18193,2919
CCTATTATTCCGGCCG-1,0,65,3,18446,3065
CAGTAAGGGACGTCTC-1,0,64,4,18193,3210
GGGATGGACCCGCGTC-1,0,65,5,18445,3355
GACGCATACCCGTCGG-1,0,64,6,18192,3500
GGGCAGGATTTCTGTG-1,0,65,7,18445,3646
TATCTGAGCCGATATT-1,0,64,8,18192,3791
AATGTATGGCACTGTA-1,0,65,9,18444,3936
GCCTTTGTCAGTGGAC-1,0,64,10,18191,4081
AACCATAGGGTTGAAC-1,0,65,11,18444,4227
AAACTTAATTGCACGC-1,0,64,12,18191,4372
TAGGCGGCTGCAAAGA-1,0,65,13,18443,4517
TCCATCAATACTAATC-1,0,64,14,18190,4662
ACCTCGAACTTATGCT-1,0,65,15,18443,4808
ACAAACCATGCGTCCT-1,0,64,16,18190,4953
ACACCGGTCTGACCGC-1,0,65,17,18442,5098
ATGGCAGCATTACGAT-1,0,64,18,18189,5243
CTGGTGAATGGGCCTA-1,0,65,19,18442,5389
CACAGAGACGAGGACG-1,0,64,20,18189,5534
GCACAAACCCTAGATG-1,0,65,21,18441,5679
ACTATGTCCAGCTGCC-1,0,64,22,18188,5824
AAGCCGCCGTGAAATC-1,0,65,23,18441,5970
ATGGGTGTATACCTCC-1,0,64,24,18188,6115
TAAGCGCGAATCAAAT-1,0,65,25,18440,6260
AGCCCGGCATTAGAGG-1,0,64,26,18187,6405
GTGATCAAGCGTGCAC-1,0,65,27,18440,6551
CTGCCTTTAATACCTT-1,0,64,28,18187,6696
TACCTCCACACCAATG-1,0,65,29,18439,6841
GAGCATCAACAACTTG-1,0,64,30,18186,6986
CATACGAACTAGCTGG-1,0,65,31,18439,7132
GGGAACGGTTTCAGAT-1,0,64,32,18186,7277
AGGGTGCCGTTCTTTA-1,0,65,33,18438,7422
ACGACTGGTCATACTC-1,0,64,34,18185,7567
GGATCTTACTGCCCTT-1,0,65,35,18438,7713
TACTCCTCTAGTTGAC-1,0,64,36,18185,7858
GTAGCTCCGGGAGGCT-1,0,65,37,18437,8003
GGACTCGTGAGTGGTC-1,0,64,38,18184,8148
GTAGTTCGAAGGCGAA-1,0,65,39,18437,8294
CTCAAACCACTGCCCG-1,0,64,40,18184,8438
GAGGGAGTCAGATCGC-1,0,65,41,18436,8584
GCGTCCCTAAGACATA-1,0,64,42,18184,8729
TCTCTTACCGCGAACC-1,0,65,43,18436,8875
GGCTACTATACACTCC-1,0,64,44,18183,9019
CGTTGCCCGCGTGGGA-1,0,65,45,18436,9165
TATAGAGTCGCTTGAA-1,0,64,46,18183,9310
ATGTTGTAGTCTGTTT-1,0,65,47,18435,9456
AGTATACACAGCGACA-1,0,64,48,18182,9600
TGTGGTTGCTAAAGCT-1,0,65,49,18435,9746
TGATTCCCGGTTACCT-1,0,64,50,18182,9891
CACTGACGATTGTGGA-1,0,65,51,18434,10037
AACATTGTGACTCGAG-1,0,64,52,18181,10181
GTCCAATATTTAGCCT-1,0,65,53,18434,10327
GCTCTTTCCGCTAGTG-1,0,64,54,18181,10472
GGGTCAGGAGCTAGAT-1,0,65,55,18433,10618
AGGTGGTGACCTTCGC-1,1,64,56,18180,10762
CCCGGGTCGTTCAGGG-1,0,65,57,18433,10908
AGCCAAGCTTTGTGTC-1,1,64,58,18180,11053
TGTGGCGGGCTTCTGG-1,0,65,59,18432,11199
CGAGGGTATCCAGGTG-1,1,64,60,18179,11343
CGTTCAGACCCGCGAA-1,1,65,61,18432,11489
TCATATGAGCTTTGTT-1,1,64,62,18179,11634
AGTTGACGGTCCTTGC-1,1,65,63,18431,11780
ATAATTAGCTAAGTAG-1,1,64,64,18178,11924
GGTCTTGAGCGCTCTT-1,1,65,65,18431,12070
CGTTGTCGGCAATTGA-1,1,64,66,18178,12215
TCTTGCTCCCGATACT-1,1,65,67,18430,12361
AGCAGAAGGAGAAAGA-1,1,64,68,18177,12505
GAAGCCACTGATTATG-1,1,65,69,18430,12651
TGCTCTTGAGAGTTTG-1,1,64,70,18177,12796
GACATCCGTCGAACTG-1,1,65,71,18429,12942
AGATATAATACGACTA-1,1,64,72,18176,13086
TCGCTACTGGCTTTGA-1,1,65,73,18429,13232
GTGACAGCTTCCCACT-1,1,64,74,18176,13377
GTGACGCAGGTTTCAT-1,1,65,75,18428,13522
GGGAAGACGGTCTGTC-1,1,64,76,18175,13667
CGTCGCATGTGAGCCA-1,1,65,77,18428,13813
AGAAGGTTGTAGGTCG-1,1,64,78,18175,13958
GGCCGGCGTCTGCTAT-1,1,65,79,18427,14103
TTGACCAGGAACAACT-1,1,64,80,18174,14248
AGTCGTATAAAGCAGA-1,1,65,81,18427,14394
GGCGTAGGGAAAGCTG-1,1,64,82,18174,14539
AAACCTAAGCAGCCGG-1,1,65,83,18426,14684
ATTGCCTTTATGTTTG-1,1,64,84,18173,14829
CAGGCAGTCTTACCAG-1,1,65,85,18426,14975
AGCTAAGTACGCAGGC-1,1,64,86,18173,15120
AAATCCGATACACGCC-1,1,65,87,18425,15265
CGAGAGCTTTCACTAC-1,1,64,88,18172,15410
CGCCCAGCGTTTCACG-1,1,65,89,18425,15556
TTAAGTATTGTTATCC-1,1,64,90,18172,15701
AAACGGGCGTACGGGT-1,1,65,91,18424,15846
GTATCCTTTGGTAACC-1,1,64,92,18171,15991
CATAGTCAAATACATA-1,1,65,93,18424,16137
TCTATGCTATAACGAC-1,1,64,94,18171,16282
ACGTTCTGTACAAGTC-1,1,65,95,18423,16427
CGCGAAGTGGCATACT-1,1,64,96,18170,16572
ACCAACCGCACTCCAC-1,1,65,97,18423,16718
GTCATGCGCGAGGGCT-1,1,64,98,18170,16863
TAGGCTAAAGTGGCAC-1,1,65,99,18422,17008
TGGCTACACTCTACCT-1,1,64,100,18170,17153
TGTCCACGGCTCAACT-1,1,65,101,18422,17299
AATTGCAGCAATCGAC-1,1,64,102,18169,17444
GTCAACCAGGCCTATA-1,1,65,103,18422,17589
ATCTTATCGCACACCC-1,1,64,104,18169,17734
GTCTATTGCATGCTCG-1,1,65,105,18421,17880
GCACGTGGTTTACTTA-1,1,64,106,18168,18025
ATTCGCGCCTTGAGAG-1,1,65,107,18421,18170
AGCGATGCGCCTAATA-1,1,64,108,18168,18315
TCTATAGGTGGGTAAT-1,1,65,109,18420,18461
AGATACCAATAGAACC-1,1,64,110,18167,18606
CGTGTATGGGAGCTGA-1,1,65,111,18420,18751
ATGTACATGCGGTGAG-1,1,64,112,18167,18896
TTGGCTCAATATGTGT-1,0,65,113,18419,19042
GTTCGGAGCACTCAAC-1,0,64,114,18166,19187
TCCCTCTTCTCAAGGG-1,0,65,115,18419,19332
TTACGTATCTATGACA-1,0,64,116,18166,19477
CCCATATAGGTCGATT-1,0,65,117,18418,19623
GTCCACGTCGCATTCG-1,0,64,118,18165,19768
AATTGTGGTTGCCAAA-1,0,65,119,18418,19913
AGGAACGAACGACTTC-1,0,64,120,18165,20058
TAATTCCAATGCTTCA-1,0,65,121,18417,20204
AGGGCCCTAATGTTCT-1,0,64,122,18164,20349
AGGTGTTGCCGACCAC-1,0,65,123,18417,20494
CTGAGAGTAGAAATAC-1,0,64,124,18164,20639
TAGAAGAAGGGTTACA-1,0,65,125,18416,20785
GGTGACTGATAGAGAG-1,0,64,126,18163,20930
TACCCTCGGTAACCCT-1,0,65,127,18416,21075
TGTAAGACTGATAAGA-1,0,66,0,18699,2630
GTCACTCATGAGCGAT-1,0,67,1,18952,2775
CGGTTTACTGAACATT-1,0,66,2,18699,2920
GAGATCGATCTTACTC-1,0,67,3,18951,3066
TCTTTCATCCGTCCTT-1,0,66,4,18698,3211
TCGGATCTGGATGACC-1,0,67,5,18951,3356
GTCCTAGGATACCTTA-1,0,66,6,18698,3501
TGTACCCGACCCTAAT-1,0,67,7,18950,3647
AGGTTCTCCTTTCCGG-1,0,66,8,18697,3792
AATTGCGTGGATTACA-1,0,67,9,18950,3937
CGATAGCGATACAGTG-1,0,66,10,18697,4082
CGCCCTAATTGTTCAA-1,0,67,11,18949,4228
ATTATGAGACCCAATT-1,0,66,12,18696,4372
CCTCCTAGCTAGAGTC-1,0,67,13,18949,4518
CGAAGGGTTTCAGATT-1,0,66,14,18696,4663
CACAAGCTAAGAAAGG-1,0,67,15,18948,4809
CACCGGTAGAGACATT-1,0,66,16,18695,4953
ACTCATGGCAGCCTTC-1,0,67,17,18948,5099
CATCCAATATAGTTTG-1,0,66,18,18695,5244
CAGATATGAAGATGAC-1,0,67,19,18947,5390
GCAAAGGGCGTTAGCC-1,0,66,20,18694,5534
CTGTTGTTCAGTCGTA-1,0,67,21,18947,5680
AAAGGCCCTATAATAC-1,0,66,22,18694,5825
AACATTGAAGTTGATC-1,0,67,23,18946,5971
GCTAGCGATAGGTCTT-1,0,66,24,18693,6115
ATTGCCTATTAGACCG-1,0,67,25,18946,6261
GGGCGTTTACATTCAT-1,0,66,26,18693,6406
CCTCTACAAGGATTGG-1,0,67,27,18945,6552
AGTGACTGTGACACAA-1,0,66,28,18692,6696
AGCCCTCCCTGGTGGC-1,0,67,29,18945,6842
CGGTTGAGTATCCTTC-1,0,66,30,18692,6987
CATTATCCCATTAACG-1,0,67,31,18944,7133
AATGTGCTAATCTGAG-1,0,66,32,18691,7277
CTTAGTTGAGGAATCG-1,0,67,33,18944,7423
CTTCTGGGCGTACCTA-1,0,66,34,18691,7568
AGTCAAATGATGTGAT-1,0,67,35,18943,7714
TGAACAAGCAGGGACT-1,0,66,36,18690,7858
AATACCGGAGGGCTGT-1,0,67,37,18943,8004
GTTTGGTGATCGGTGC-1,0,66,38,18690,8149
GACTGCTGGTGAGAAA-1,0,67,39,18942,8295
CGATCCTCGCAACATA-1,0,66,40,18689,8439
CCAACCTTATGTAACT-1,0,67,41,18942,8585
CGTGGTACCCAAAGGC-1,0,66,42,18689,8730
AACCCGACAACCCGTG-1,0,67,43,18941,8875
TATGTAAAGTGCTTAA-1,0,66,44,18688,9020
GCAAGTGTAAAGCATG-1,0,67,45,18941,9166
GTAACTGCCCAAGGAG-1,0,66,46,18688,9311
GGTGCATAAATGATTA-1,0,67,47,18940,9456
TAGTCCCGGAGACCAC-1,0,66,48,18688,9601
CGGCCAGAGCGACCAT-1,0,67,49,18940,9747
TGAATGAGTGTTTCCC-1,0,66,50,18687,9892
TTCACTTCCTAGAACG-1,0,67,51,18940,10037
CGCTTAGTATTGATAC-1,0,66,52,18687,10182
AACGCGACCTTGGGCG-1,0,67,53,18939,10328
GTGCACCAGCTTCAAC-1,0,66,54,18686,10473
TTCTATTAAACGCAGC-1,0,67,55,18939,10618
TGGCAAGCACAAGTCG-1,0,66,56,18686,10763
ATCTGCTGTTATCGCC-1,0,67,57,18938,10909
AATTCCAAGCATGTAC-1,0,66,58,18685,11054
AAACGGTTGCGAACTG-1,0,67,59,18938,11199
GAAGGAGTCGAGTGCG-1,0,66,60,18685,11344
GGCAAGCCCATAGTGG-1,0,67,61,18937,11490
TGACCAAATCTTAAAC-1,0,66,62,18684,11635
TTCGGTACTGTAGAGG-1,1,67,63,18937,11780
ATGTACGATGACGTCG-1,1,66,64,18684,11925
ATCTAGCTTGTGAGGG-1,1,67,65,18936,12071
AGCGGGTCTGACACTC-1,1,66,66,18683,12216
GAGGTACGCGTGTCCC-1,1,67,67,18936,12361
GCACTGCCTACCTTTA-1,1,66,68,18683,12506
GGAGCGAGGCCTACTT-1,1,67,69,18935,12652
AAACTCGGTTCGCAAT-1,1,66,70,18682,12797
GGCGCTTCATTCCCTG-1,1,67,71,18935,12942
TGCTCGGTGGGTCACC-1,1,66,72,18682,13087
AAGCGCAGGGCTTTGA-1,1,67,73,18934,13233
GACCTTCCACGTCTAC-1,1,66,74,18681,13378
GTTAGCCCATGACATC-1,1,67,75,18934,13523
AATTCGATTCGAGGAT-1,1,66,76,18681,13668
AGTCTTTAAAGTGTCC-1,1,67,77,18933,13814
GACTAGGCCGTTAGGT-1,1,66,78,18680,13959
TCCAAGCCTAGACACA-1,1,67,79,18933,14104
GATTGGGAAAGGTTGT-1,1,66,80,18680,14249
GATGAGGAACCTTCGG-1,1,67,81,18932,14395
TGAATACCGACGCGTA-1,1,66,82,18679,14540
AATCGTGAGCCGAGCA-1,1,67,83,18932,14685
GCGAAGAATCTGACGG-1,1,66,84,18679,14830
GAACAACTGGGATGAA-1,1,67,85,18931,14976
TCGCCGACATATTCGC-1,1,66,86,18678,15121
CGTAGAGAGTAATTAT-1,1,67,87,18931,15266
CGATAGTCGTACTGCA-1,1,66,88,18678,15411
CGCATGCCGAATGCGT-1,1,67,89,18930,15557
CTCTAGCCCTCGGAAA-1,1,66,90,18677,15702
TCCAACTCAGCTATCT-1,1,67,91,18930,15847
GTCTAGTGAGCCGCTT-1,1,66,92,18677,15992
TACCGAATAATTGTAA-1,1,67,93,18929,16138
ATATAACACGGGCGCA-1,1,66,94,18676,16283
GCATGCTAATAACGAT-1,1,67,95,18929,16428
TCCGGGCTTGACGGGA-1,1,66,96,18676,16573
ATTATTCAGAGTCACT-1,1,67,97,18928,16719
TAGCAGTATGACTAAA-1,1,66,98,18675,16864
TATGAAGAATTAAGGT-1,1,67,99,18928,17009
CAAGGCCAGTGGTGCA-1,1,66,100,18675,17154
TGCGTACGGCTAATTG-1,1,67,101,18927,17300
CAGATAATGGGCGGGT-1,1,66,102,18674,17445
GAGAACGGTTCTGACT-1,1,67,103,18927,17590
CGCTTCGGTCTAAGAC-1,1,66,104,18674,17735
AGCATTACGAGGCAAG-1,1,67,105,18926,17881
AAGTTGTGATGTTATA-1,1,66,106,18674,18025
TTGCTCATAGTACGTG-1,1,67,107,18926,18171
TACTTAAACATGTACA-1,1,66,108,18673,18316
AGTGAGTCGAATTAAC-1,1,67,109,18926,18462
TAGGCCTATATAGTCT-1,1,66,110,18673,18606
ACTCGCCGTTCGATAA-1,0,67,111,18925,18752
GGTACGTTGCGGCCGG-1,0,66,112,18672,18897
TATTGCCGGGCTTGTA-1,0,67,113,18925,19043
GGTAAACTCTGCGCTG-1,0,66,114,18672,19187
TCCCTTGTCTGAAACT-1,0,67,115,18924,19333
CATGATCGCTTTGAGA-1,0,66,116,18671,19478
GGACGGGCGACCAACC-1,0,67,117,18924,19624
GAGAGGCCTATGTGTA-1,0,66,118,18671,19768
TCGTAACTCCCAAGAC-1,0,67,119,18923,19914
CGTATCTAGAACTAAG-1,0,66,120,18670,20059
GCACCTTCCCGAAGGT-1,0,67,121,18923,20205
TACCTCTTTACCATCC-1,0,66,122,18670,20349
TGACTCTAACTGGTAA-1,0,67,123,18922,20495
GAGAAACTGGATCCCA-1,0,66,124,18669,20640
ATCCGGACCAGCCTGA-1,0,67,125,18922,20786
TTATTTAGGTTCCTTA-1,0,66,126,18669,20930
CGAATTCCCGGTTCAA-1,0,67,127,18921,21076
TAGTTTGATCGGTCGC-1,0,68,0,19205,2630
AGTCGAAACGATTCAG-1,0,69,1,19457,2776
ACGTCGGGCAACTCGG-1,0,68,2,19204,2921
ACTTGCTCTATCTACC-1,0,69,3,19457,3067
ATTACGGGCTACGGTT-1,0,68,4,19204,3211
GCAAACGTAAGCGACC-1,0,69,5,19456,3357
TTCGGACTGGGCATGG-1,0,68,6,19203,3502
GGGCCATTCGTGCTGG-1,0,69,7,19456,3648
GAGTTGTCACCAGTCT-1,0,68,8,19203,3792
AGTAATTTGCAAGCGT-1,0,69,9,19455,3938
GTGGCCGGTTTCTCGG-1,0,68,10,19202,4083
ATCTTAGGGCATTAAT-1,0,69,11,19455,4229
CTACATATCGCGGGAC-1,0,68,12,19202,4373
ATGGTATTTACTGATT-1,0,69,13,19454,4519
CCGTCAACCTCTGGCG-1,0,68,14,19201,4664
GCTTCGACGTTCAATC-1,0,69,15,19454,4809
GACCGATTAAATATGT-1,0,68,16,19201,4954
GTCGAATTTGGGCGCT-1,0,69,17,19453,5100
TCACGGCCCAAGAGAG-1,0,68,18,19200,5245
CTACGATCCTATCCTA-1,0,69,19,19453,5390
TGCAGTGGTAGGGAAC-1,0,68,20,19200,5535
TTGCCTAATCCAAAGT-1,0,69,21,19452,5681
AGCGAGACGTGAAGGC-1,0,68,22,19199,5826
TTCTACCTCAATCGGT-1,0,69,23,19452,5971
TACGCTGCTGTGTTAA-1,0,68,24,19199,6116
TAGTCCTGCACTAAGC-1,0,69,25,19451,6262
AGCACACGTTTAGACT-1,0,68,26,19198,6407
GTTCGACAATTGTATA-1,0,69,27,19451,6552
CCATGTTCATCTATAT-1,0,68,28,19198,6697
CCCTCGATAATACACA-1,0,69,29,19450,6843
ACTGCCCGCCATTCTC-1,0,68,30,19197,6988
CTATATCCAGCCTGGC-1,0,69,31,19450,7133
CGCACGTCTGTTTATG-1,0,68,32,19197,7278
AATCAGGTTTCATTTA-1,0,69,33,19449,7424
AGAGAAACACCAGAAA-1,0,68,34,19196,7569
ACCCGATTGGTTCCGA-1,0,69,35,19449,7714
TACCAGGAATCCCGTC-1,0,68,36,19196,7859
AAGTGCTTCTCTATTG-1,0,69,37,19448,8005
TGCATGTGACCCATAG-1,0,68,38,19195,8150
TAGATTCAAAGTGCGG-1,0,69,39,19448,8295
AGGGTCAGAGCACTCG-1,0,68,40,19195,8440
GTGAGATAACCTTATA-1,0,69,41,19447,8586
GTGTCAGTGTACGTGG-1,0,68,42,19194,8731
CTGTAGTGAGGATCGA-1,0,69,43,19447,8876
GATAGTGCGAGTAAGT-1,0,68,44,19194,9021
AGGGTTCAGACGGTCC-1,0,69,45,19446,9167
GGACTCGACAGCGCAT-1,0,68,46,19193,9312
CACTCTCAAGCATCGA-1,0,69,47,19446,9457
GAGCGGAATGCGGTGT-1,0,68,48,19193,9602
CAGTTCGAGGACCCGA-1,0,69,49,19445,9748
CGTAACTTCGACACTT-1,0,68,50,19192,9893
TGATCACCACACTGAC-1,0,69,51,19445,10038
CATACTTCTTTCTCCG-1,0,68,52,19192,10183
CAAGTAAGTGATAGAC-1,0,69,53,19444,10329
AGCCCGCAACAAGCAG-1,0,68,54,19192,10474
GCTCCATGCAAAGCAA-1,0,69,55,19444,10619
TCGTACCGACGTCAAG-1,0,68,56,19191,10764
ATTATCGGAATGTACG-1,0,69,57,19444,10910
ACCTACTATAAATCTA-1,0,68,58,19191,11055
TATCCTATCAACTGGT-1,0,69,59,19443,11200
GCGCGGTCTAGTAACT-1,0,68,60,19190,11345
CCTTCGTATAGAATCC-1,0,69,61,19443,11491
TGGGCGATACAATAAG-1,0,68,62,19190,11636
TGACATGTAACGTGAC-1,0,69,63,19442,11781
TTGGGAAGACGAGCCG-1,0,68,64,19189,11926
GGTGTAAATCGATTGT-1,0,69,65,19442,12072
GAACTGTGGAGAGACA-1,0,68,66,19189,12217
TCCACATCGTATATTG-1,1,69,67,19441,12362
CCTATGGTCAAAGCTG-1,1,68,68,19188,12507
TCCTTGTCCTTTAATT-1,1,69,69,19441,12653
AAGTTTATGGGCCCAA-1,1,68,70,19188,12798
GTCCGGGTTCACATTA-1,1,69,71,19440,12943
ATGTAGCGCGCGTAGG-1,1,68,72,19187,13088
TACGGAAGCCAAACCA-1,1,69,73,19440,13234
GCCCTGAGGATGGGCT-1,1,68,74,19187,13378
CGGGCGATGGATCACG-1,1,69,75,19439,13524
TGCGGACTTGACTCCG-1,1,68,76,19186,13669
TAATACTAGAACAGAC-1,1,69,77,19439,13815
TCAAATTGTTGTGCCG-1,1,68,78,19186,13959
GGGCAGTCAACGCCAA-1,1,69,79,19438,14105
TCGCTGCCAATGCTGT-1,1,68,80,19185,14250
TACGTGGGCCCAGGGC-1,1,69,81,19438,14396
GCCTACGTTCTGTGCA-1,1,68,82,19185,14540
TTGCGTGTGTAGGCAT-1,1,69,83,19437,14686
TCCTAAAGATTCAGAC-1,1,68,84,19184,14831
TGGGTGCACAAGCCAT-1,1,69,85,19437,14977
GGGAGCGACCGTAGTG-1,1,68,86,19184,15121
CATAGAGGAGATACTA-1,1,69,87,19436,15267
CTTCGATTGCGCAAGC-1,1,68,88,19183,15412
GTGCCTGAGACCAAAC-1,1,69,89,19436,15558
TCATCCTCAGCTGCTT-1,1,68,90,19183,15702
TGCAACTACTGGTTGA-1,1,69,91,19435,15848
ATGTTGATTAGAGACT-1,1,68,92,19182,15993
GTTTCTAGAGGCGCGG-1,1,69,93,19435,16139
TACAAGGGCTTCTTTA-1,1,68,94,19182,16283
ACAGGCACGGATCCTT-1,1,69,95,19434,16429
CCCAAGTCATTACACT-1,1,68,96,19181,16574
ACTCTGACCTAATAGA-1,1,69,97,19434,16720
GGATGGCTTGAAGTAT-1,1,68,98,19181,16864
ACCCTCCCGTCAGGGC-1,1,69,99,19433,17010
AGCTTCTTCTCGAGCA-1,1,68,100,19180,17155
TTGCGCTTGATCAATA-1,1,69,101,19433,17301
TGGGTGTAATAGATTT-1,1,68,102,19180,17445
CATGGTTTATTAATCA-1,1,69,103,19432,17591
TTGCCTTCTCGCCGGG-1,1,68,104,19179,17736
TTAAAGTAAGTCGCCA-1,1,69,105,19432,17882
AGTTGGCAAGGCTAGA-1,1,68,106,19179,18026
CCGCACTTGCAATGAC-1,1,69,107,19431,18172
AATGTTGTCGTGAGAC-1,1,68,108,19178,18317
CCAAGGTTGCCCTTTC-1,0,69,109,19431,18462
TGTGACTAGAGTTTGC-1,0,68,110,19178,18607
TTGTGATCTGTTCAGT-1,0,69,111,19430,18753
GGAGTTGATTCTGTGT-1,0,68,112,19178,18898
GTAGTGAGCAACCTCA-1,0,69,113,19430,19043
AAGACATACGTGGTTT-1,0,68,114,19177,19188
CATCCCGAGATTCATA-1,0,69,115,19430,19334
GGCCGCAGGAACCGCA-1,0,68,116,19177,19479
CCAGAAACTGATGCGA-1,0,69,117,19429,19624
ACCCGTAGTCTAGTTG-1,0,68,118,19176,19769
AGGGTCTGGACGCAGT-1,0,69,119,19429,19915
TTGAAACCCTCATTCC-1,0,68,120,19176,20060
TCAATCCCGCGCCAAA-1,0,69,121,19428,20205
AGGACATCGGCACACT-1,0,68,122,19175,20350
GACAAGACGCCCGTGC-1,0,69,123,19428,20496
GAGTAAATTAAGAACC-1,0,68,124,19175,20641
TAAGTCGGTGAGCTAG-1,0,69,125,19427,20786
CTTACTGACTCCTCTG-1,0,68,126,19174,20931
TTAACTGATCGTTTGG-1,0,69,127,19427,21077
GGGCGATCCATAGGCC-1,0,70,0,19710,2631
CGTATTGTTTGGCGCC-1,0,71,1,19963,2777
CGCGTGGGCCTGTGTT-1,0,70,2,19710,2922
AAATCTGCCCGCGTCC-1,0,71,3,19962,3067
GCTGAAGGGTTCTTGG-1,0,70,4,19709,3212
TAATTGCGCTGATTAC-1,0,71,5,19962,3358
TCGCGCGTTTACATGA-1,0,70,6,19709,3503
TAACTGAAATACGCCT-1,0,71,7,19961,3648
CCTGTCGTGTATGAAG-1,0,70,8,19708,3793
CGGGAACGCCCTGCAT-1,0,71,9,19961,3939
AGTTGCGGTCCTCAAC-1,0,70,10,19708,4084
GGGTCCTTGGAAGAAG-1,0,71,11,19960,4229
CGGGAAGTACCGTGGC-1,0,70,12,19707,4374
ACGGTCACCGAGAACA-1,0,71,13,19960,4520
TAGACTCAGTTGGCCT-1,0,70,14,19707,4665
CCTTCCGCAACGCTGC-1,0,71,15,19959,4810
CAGTGTTAATCTCTCA-1,0,70,16,19706,4955
CAGGCCAGTACCACCT-1,0,71,17,19959,5101
GATCGCTGTGGTGCGT-1,0,70,18,19706,5246
GTATCTCGGGCGCTTT-1,0,71,19,19958,5391
CCGGGCTAAGAATTTC-1,0,70,20,19705,5536
CTTCACGCCCTGGTAC-1,0,71,21,19958,5682
CGGATGAATGCTGTGA-1,0,70,22,19705,5827
CTCTGCAGGCATTCTT-1,0,71,23,19957,5972
TCAAAGTCACGGCGTC-1,0,70,24,19704,6117
TGGGTTTCGGGCGTAC-1,0,71,25,19957,6263
TGCTATGGCAAAGGGA-1,0,70,26,19704,6408
TTCACGGTCGTCACGT-1,0,71,27,19956,6553
CGTAAAGCAAGAAATC-1,0,70,28,19703,6698
CTGATCCCTTTATGCA-1,0,71,29,19956,6844
GAGTATACCCTAATCA-1,0,70,30,19703,6989
CCACGGCAGGTGTAGG-1,0,71,31,19955,7134
ACGTACTTTGGCACGG-1,0,70,32,19702,7279
CCTGAGAATAAATGCA-1,0,71,33,19955,7425
TTGATGCCGCTCGTCG-1,0,70,34,19702,7570
GCCAGGAAAGAACACT-1,0,71,35,19954,7715
TCCGACCGCTAATCAA-1,0,70,36,19701,7860
TATATCAAAGTGATCT-1,0,71,37,19954,8006
CCTCGGTTTCCTTGCC-1,0,70,38,19701,8151
TAAATTTAGTAACACC-1,0,71,39,19953,8296
CTCGTTACGGCTACCA-1,0,70,40,19700,8441
GCCGTCGGTTTCGGGC-1,0,71,41,19953,8587
GTTCCGTCCGCCTGCA-1,0,70,42,19700,8732
CTAGGGATAGGGACAA-1,0,71,43,19952,8877
GTCCAGGCACGTGTGC-1,0,70,44,19699,9022
GAGGAATATCTCTTTG-1,0,71,45,19952,9168
CGTTCAAGGAAACGGA-1,0,70,46,19699,9312
GTGGGAACAAACCGGG-1,0,71,47,19951,9458
GGGCACGTAGTACTGT-1,0,70,48,19698,9603
ACTACAAAGAGAGGTG-1,0,71,49,19951,9749
GGTGTAGGTAAGTAAA-1,0,70,50,19698,9893
CCTGTTCAACCTCGGG-1,0,71,51,19950,10039
TGAGGTGTGTGGCGGA-1,0,70,52,19697,10184
ATTGTCTGTTTCATGT-1,0,71,53,19950,10330
GCCGGTCGTATCTCTC-1,0,70,54,19697,10474
ATATGGGATAGCAACT-1,0,71,55,19949,10620
GATAGAACCCGCTAGG-1,0,70,56,19696,10765
ATCCCATTTCCGTGGG-1,0,71,57,19949,10911
GATGCTACCTTCGATG-1,0,70,58,19696,11055
TGCAAAGTTCGTCTGT-1,0,71,59,19948,11201
GTTCAGTCGCCAAATG-1,0,70,60,19696,11346
GTCTCCGCCTCAATAC-1,0,71,61,19948,11492
AGTAGAAGGCGCCTCA-1,0,70,62,19695,11636
GTTGTAGATTTATGAG-1,0,71,63,19948,11782
CTATTTGCTTGGAGGA-1,0,70,64,19695,11927
AGCCATATAGTATGTG-1,0,71,65,19947,12073
TGTTCCGGCCTGAGCT-1,0,70,66,19694,12217
TGCCGTGGGACCCAAT-1,0,71,67,19947,12363
TTGCAAGAAGACTCCT-1,0,70,68,19694,12508
CCGCTCCAGGGCGATC-1,0,71,69,19946,12654
CAAACCCTCCGGCGGG-1,0,70,70,19693,12798
CGGACCTTTACGTCCC-1,0,71,71,19946,12944
ACGTAGGAGAGTCGCT-1,1,70,72,19693,13089
CTGCGACCTCGCCGAA-1,0,71,73,19945,13235
GGCCCAGCTGGTTTGC-1,1,70,74,19692,13379
GGATTAATCATGGACC-1,1,71,75,19945,13525
GAGATGGCTTTAATCA-1,1,70,76,19692,13670
AGTACAGAAGCTTATA-1,1,71,77,19944,13815
GCGGCTTTAGCAAGTT-1,1,70,78,19691,13960
ACCGAGTCTCCTTATT-1,1,71,79,19944,14106
GACCACACTTCCCTTT-1,1,70,80,19691,14251
TGTAGCCAATTCCGTT-1,1,71,81,19943,14396
CTCGTCTGTGCCTTCG-1,1,70,82,19690,14541
GGACTCTTTGACTAAG-1,1,71,83,19943,14687
TCATCGACGACCGTCG-1,1,70,84,19690,14832
TACTACGTGCAATGCG-1,1,71,85,19942,14977
CCCTACTTGAACAATG-1,1,70,86,19689,15122
GCAGCTGTCAACGCAT-1,1,71,87,19942,15268
ATCTACCATCTGCTCC-1,1,70,88,19689,15413
TCTCAAATCAATCGGG-1,1,71,89,19941,15558
ACTCCGGCCGACCACT-1,1,70,90,19688,15703
TACACCTCTTCGAATC-1,1,71,91,19941,15849
GTGGCTGTTTCTGTTC-1,1,70,92,19688,15994
ACGACTCTAGGGCCGA-1,1,71,93,19940,16139
TCGTTTACGCGACCCT-1,1,70,94,19687,16284
AGGATATCCGACTGCA-1,1,71,95,19940,16430
GACACTTCCAATTACC-1,1,70,96,19687,16575
ACGGTACAGTTCAATG-1,1,71,97,19939,16720
CTTGATGACCATCCAG-1,1,70,98,19686,16865
CTGGTAAAGACTTACA-1,1,71,99,19939,17011
CTTGCCCACCCACGCA-1,1,70,100,19686,17156
CATTACGCAGGAAGGG-1,1,71,101,19938,17301
GGACAACCATGAAGCC-1,1,70,102,19685,17446
GTTATCAAGCTATCGA-1,1,71,103,19938,17592
AGGTGCACGTCCACAT-1,1,70,104,19685,17737
AAAGAATGTGGACTAA-1,1,71,105,19937,17882
ACCAAGTCATCGGCAG-1,1,70,106,19684,18027
AGTAACTATAGCAGCC-1,0,71,107,19937,18173
GGGAAAGAATGCCAAC-1,0,70,108,19684,18318
AATCGGTATAGCCCTC-1,0,71,109,19936,18463
GGCACTGCGGTGGTTT-1,0,70,110,19683,18608
CGTCCTCATCGCGTGC-1,0,71,111,19936,18754
CTTAACTTACAGTATA-1,0,70,112,19683,18899
GTGAGTCGACTAATAG-1,0,71,113,19935,19044
TGTACTTCCGGGCATG-1,0,70,114,19682,19189
CACAAACCGCAGAACT-1,0,71,115,19935,19335
GCTTTACACAACTGGG-1,0,70,116,19682,19480
CACCGATGATGGGTAC-1,0,71,117,19934,19625
TCAATATACAGGAGGC-1,0,70,118,19682,19770
AACGACCTCCTAGCCG-1,0,71,119,19934,19916
GTTACCAAGGCGTACG-1,0,70,120,19681,20061
TAGCTCACTGTGTTTG-1,0,71,121,19934,20206
TCGGCAGGGTTAAGGG-1,0,70,122,19681,20351
TGTTAACAAAGTGACT-1,0,71,123,19933,20497
CAGAGCGATGGATGCT-1,0,70,124,19680,20642
CATAGTGGGCACGCCT-1,0,71,125,19933,20787
AAACGCTGGGCACGAC-1,0,70,126,19680,20932
TGTTCTCATACTATAG-1,0,71,127,19932,21078
TCCGCTGGGTCGATCG-1,0,72,0,20215,2632
TTAGCATCCCTCACGT-1,0,73,1,20468,2778
AGCCTTGTCACTGATA-1,0,72,2,20215,2923
GTTTCTTGTTAGAGCT-1,0,73,3,20467,3068
TCGGAGTCCTGGTTGC-1,0,72,4,20215,3213
ACGGGTTGTGACCTGT-1,0,73,5,20467,3359
TGACAGAAATCTTGCT-1,0,72,6,20214,3504
TAGCCATGATTGCCTA-1,0,73,7,20467,3649
CGAAGCCACAGCATGG-1,0,72,8,20214,3794
ACCCGTAGCAGAGAAT-1,0,73,9,20466,3940
AGCTTGATCAGGGTAG-1,0,72,10,20213,4085
CTATAAGTAGGGTTTG-1,0,73,11,20466,4230
TATAGTTAGGTGTACT-1,0,72,12,20213,4375
TACGCTGATAGTTGTA-1,0,73,13,20465,4521
TTCTCAATTGCTACAA-1,0,72,14,20212,4666
GTTGCCCTAACGGGTG-1,0,73,15,20465,4811
GACATTTCGCCCAGCC-1,0,72,16,20212,4956
GTAACTACGTAGACCT-1,0,73,17,20464,5102
CCAGTGTACAGACCGA-1,0,72,18,20211,5246
GCCCGATGCCCAGTTC-1,0,73,19,20464,5392
CGAACCTCTTTCCTAG-1,0,72,20,20211,5537
CATGCACATGAGAGGC-1,0,73,21,20463,5683
CCAAATCAAAGGGCAA-1,0,72,22,20210,5827
GTAGTTTAAGCACACG-1,0,73,23,20463,5973
TAAGTGAATAGTCTAC-1,0,72,24,20210,6118
GGTCCACGTCTATTTG-1,0,73,25,20462,6264
CCCTCAGATCGAGAAC-1,0,72,26,20209,6408
ACATTCGCGCGGAATA-1,0,73,27,20462,6554
CTATGAACACCTTGCC-1,0,72,28,20209,6699
CGAATGGTAGGTCGTC-1,0,73,29,20461,6845
TCGACATAGCGTAGCG-1,0,72,30,20208,6989
GACGTTGCTCGGCGGC-1,0,73,31,20461,7135
CTCGAGGCAAGTTTCA-1,0,72,32,20208,7280
GCTGGGAGCGCGTCAA-1,0,73,33,20460,7426
GACGATATCACTGGGT-1,0,72,34,20207,7570
CAGCTCTGGGCTCACT-1,0,73,35,20460,7716
TAGTCTGCGGCACATT-1,0,72,36,20207,7861
TGGTCGATATACCTCT-1,0,73,37,20459,8007
TTCAGTTCAAGAGGAG-1,0,72,38,20206,8151
GTCTGTAGGTTGAACA-1,0,73,39,20459,8297
GAGAGTCTCGGGAGAG-1,0,72,40,20206,8442
TTGTTTGTATTACACG-1,0,73,41,20458,8588
GCACAGCACGGGCCGA-1,0,72,42,20205,8732
AAACAGTGTTCCTGGG-1,0,73,43,20458,8878
TGGAGAATAATCGTCC-1,0,72,44,20205,9023
CGCCGCGTTCTGAACG-1,0,73,45,20457,9169
CATGCGTTGAGAGGAG-1,0,72,46,20204,9313
TACGCTCCTAGAACTG-1,0,73,47,20457,9459
CCTTGTGAACGTGGTT-1,0,72,48,20204,9604
TTAAAGGCGATGCTCG-1,0,73,49,20456,9749
TAAAGTGCACGTCTCG-1,0,72,50,20203,9894
TGTCCGCAAACAATTC-1,0,73,51,20456,10040
AGGCCTATCATACCAA-1,0,72,52,20203,10185
ACTGGGATGCCAGTGC-1,0,73,53,20455,10330
CGATCCACCATTGTTG-1,0,72,54,20202,10475
GGGCATGCATGTCGAG-1,0,73,55,20455,10621
TCCAGGCAGGACGATC-1,0,72,56,20202,10766
CAATGACCCTTAATTT-1,0,73,57,20454,10911
ATCAAGATCCCAGGAC-1,0,72,58,20201,11056
CTCAGAGCTAATGTCG-1,0,73,59,20454,11202
CTGCGATTTCGAGATT-1,0,72,60,20201,11347
ATGGTATTGGGAACCG-1,0,73,61,20453,11492
TAGGTTCTGCTGAGAA-1,0,72,62,20200,11637
GCCTGTCCCGGTGCAT-1,0,73,63,20453,11783
GGCCTGCTCTGATGTT-1,0,72,64,20200,11928
TAGAGGGAGTTTATCT-1,0,73,65,20452,12073
CTCTACATCCTGCGTG-1,0,72,66,20200,12218
ACACATTTCCGTAGAC-1,0,73,67,20452,12364
TGGGTGTTAAGTAGAA-1,0,72,68,20199,12509
GAGCTCAACATGAGCG-1,0,73,69,20452,12654
GCACACAGCTATTACC-1,0,72,70,20199,12799
GCGACGGTAGTCTCCT-1,0,73,71,20451,12945
GTATCAAGGTACTTCC-1,0,72,72,20198,13090
GGAAAGGGAATTGAGC-1,0,73,73,20451,13235
TACACAGCCGTGGTGC-1,0,72,74,20198,13380
CGGTTGGGCAGGGTCC-1,0,73,75,20450,13526
GCACGCCGATTCCCGC-1,0,72,76,20197,13671
CGCTTTCCGCCAAGGT-1,0,73,77,20450,13816
TGCCCGATAGTTAGAA-1,1,72,78,20197,13961
TCAGAACGGCGGTAAT-1,1,73,79,20449,14107
CCACTCAGATCCGCAA-1,1,72,80,20196,14252
GAAGGGTCATTAAGAC-1,1,73,81,20449,14397
GCGGTCTTGCTTTCAC-1,1,72,82,20196,14542
GGAAGGACACCGTATA-1,1,73,83,20448,14688
CGCGGGAATTCCTTTC-1,1,72,84,20195,14833
TCTATCCGATTGCACA-1,1,73,85,20448,14978
TACTCGTTTGAATCAA-1,1,72,86,20195,15123
GTCTGCCGACTCGACG-1,1,73,87,20447,15269
TACGGGTAATAACATA-1,1,72,88,20194,15414
CCAGTTCGGTAACTCA-1,1,73,89,20447,15559
CGTGCACACCACTGTA-1,1,72,90,20194,15704
CTTCAGTTGGACAACG-1,1,73,91,20446,15850
TGATCTATCACACTCT-1,1,72,92,20193,15995
TAGCAGATACTTAGGG-1,1,73,93,20446,16140
CACCGGGCATCACAAG-1,1,72,94,20193,16285
AGTGGCCCGCAAATGG-1,1,73,95,20445,16431
CTCGCTAGGTAAGCGA-1,1,72,96,20192,16576
GATAGATAGTACAGTC-1,1,73,97,20445,16721
CGAGACTACTGCTGCT-1,1,72,98,20192,16866
ACATTTGAAACCTAAC-1,1,73,99,20444,17012
GACACAGCCGGGACTG-1,1,72,100,20191,17157
ACGGAACACGAGTGCC-1,0,73,101,20444,17302
ACGCCAGTGCGTTTGC-1,1,72,102,20191,17447
GCACCTAGGCGAGTCC-1,0,73,103,20443,17593
TCACTATCCCTTCGGT-1,0,72,104,20190,17738
TGAGTGTAACAACGGG-1,0,73,105,20443,17883
ATTGGTTGTGCATTAC-1,0,72,106,20190,18028
CTGGCGATTTACATGT-1,0,73,107,20442,18174
TCCACCAAGACATAGG-1,0,72,108,20189,18318
AACGTCGCTGCACTTC-1,0,73,109,20442,18464
GTCTCCCGAGTCCCGT-1,0,72,110,20189,18609
AGCCCGCACTACAATG-1,0,73,111,20441,18755
GGCACGCTGCTACAGT-1,0,72,112,20188,18899
GCTTGAGTGACCTCTG-1,0,73,113,20441,19045
ATAGCCATAACAGTCA-1,0,72,114,20188,19190
TAGGAGGCTCGAGAAC-1,0,73,115,20440,19336
GTCGGGTGAAGTACCG-1,0,72,116,20187,19480
CACCCGCGTTTGACAC-1,0,73,117,20440,19626
TCTCAGGCTACTCGCT-1,0,72,118,20187,19771
TAGATTCTCTAGCAAA-1,0,73,119,20439,19917
CCCATTATTGTATCCT-1,0,72,120,20186,20061
GTTAATAGCGTCATTA-1,0,73,121,20439,20207
TACTCATTGACGCATC-1,0,72,122,20186,20352
TAGTGACAAGCTCTAC-1,0,73,123,20438,20498
ATCGCCGTGGTTCATG-1,0,72,124,20186,20642
CTGCTCTCAACACACC-1,0,73,125,20438,20788
GCATGACACAAAGGAA-1,0,72,126,20185,20933
CAACGATCGATCCAAT-1,0,73,127,20438,21079
ATACAGCGTCCACTGA-1,0,74,0,20721,2633
TCACGATTAATACGTT-1,0,75,1,20973,2779
CGTGAACTGACCCGAT-1,0,74,2,20720,2923
TCGATGTTACGGCCGT-1,0,75,3,20973,3069
GACCGGTGATACTCTC-1,0,74,4,20720,3214
TCTGTTTAGATTGTTC-1,0,75,5,20972,3360
GCTACTCGGACGCAGA-1,0,74,6,20719,3504
AAGAAAGTTTGATGGG-1,0,75,7,20972,3650
CGCCAGTAGTACCTTG-1,0,74,8,20719,3795
CTCCCTTGTATCAAGG-1,0,75,9,20971,3941
ACTTTATACACCACTT-1,0,74,10,20719,4085
AGATCTGGAGAGGATA-1,0,75,11,20971,4231
TCATCCATCTGATCAC-1,0,74,12,20718,4376
AGAACACGGCGATGGT-1,0,75,13,20971,4522
CCGCTCCGGATAAGCT-1,0,74,14,20718,4666
TGGTCGGGTACAGGGC-1,0,75,15,20970,4812
ACGGACGCAGCGACAA-1,0,74,16,20717,4957
ACATGCTTACGGCAGC-1,0,75,17,20970,5102
CAGGGAGATAGGCCAG-1,0,74,18,20717,5247
TCGCCACCCGGATTAC-1,0,75,19,20969,5393
TCTTGGTCAATGATAC-1,0,74,20,20716,5538
CATAGGGACACTTGTG-1,0,75,21,20969,5683
CACGAGCAAACCAGAC-1,0,74,22,20716,5828
GGGATATTGATCGCCA-1,0,75,23,20968,5974
TAATGTCGGTTCATGG-1,0,74,24,20715,6119
CGATTTGTCATTAATG-1,0,75,25,20968,6264
TTAAGATACCCAGAGA-1,0,74,26,20715,6409
CGACCGTTGGTATTCG-1,0,75,27,20967,6555
ACTACCATCCGAGGGC-1,0,74,28,20714,6700
TCTACGCACGATCTCC-1,0,75,29,20967,6845
AAGCCACTTGCAGGTA-1,0,74,30,20714,6990
ACGTTGTCGTTGAAAG-1,0,75,31,20966,7136
ACCGCTAGTCATTGGT-1,0,74,32,20713,7281
CATGAGTCCATCACGG-1,0,75,33,20966,7426
ATGTCTTGTTTGACTC-1,0,74,34,20713,7571
TCCCAAACATCCTCTA-1,0,75,35,20965,7717
CAACGCGATGAGCCAA-1,0,74,36,20712,7862
GACACCCAAAGACGCG-1,0,75,37,20965,8007
ACGTTCACTATGCCGC-1,0,74,38,20712,8152
ATGGACTGCTTAGTTG-1,0,75,39,20964,8298
CCATGGCAAACGCTCA-1,0,74,40,20711,8443
TTGTCTCGGCAAGATG-1,0,75,41,20964,8588
TTCGAACGAAACATGC-1,0,74,42,20711,8733
GGAAAGTCTTGATTGT-1,0,75,43,20963,8879
ATCATAGATCGACGAG-1,0,74,44,20710,9024
GATTAGAAACAAGCGT-1,0,75,45,20963,9169
GCTGCGAAGAATTATT-1,0,74,46,20710,9314
TTCCAGTGGGTTTCGT-1,0,75,47,20962,9460
GCTCATTGATCATATC-1,0,74,48,20709,9605
ATACGAGGTTTGTAAG-1,0,75,49,20962,9750
GTCTATACACGCATGG-1,0,74,50,20709,9895
GATTTGCGCTAACACC-1,0,75,51,20961,10041
TGGTGCCCTGCCTTAC-1,0,74,52,20708,10186
TCGAATCGCAGGGTAG-1,0,75,53,20961,10331
GGTAGGCCAATATCAC-1,0,74,54,20708,10476
CGTAAATAACAAAGGG-1,0,75,55,20960,10622
GACTCTAGAGTTCCAA-1,0,74,56,20707,10767
ACTTGTTACCGGATCA-1,0,75,57,20960,10912
GGCATTGAACATCTCA-1,0,74,58,20707,11057
AACCCGCTGTATTCCA-1,0,75,59,20959,11203
TAACAGGTTCCCTTAG-1,0,74,60,20706,11348
GTTCTTGTAACTCAAT-1,0,75,61,20959,11493
GATTCTGTTAATGAGT-1,0,74,62,20706,11638
GGACACCTCGGTGTTG-1,0,75,63,20958,11784
CGATCGAGAAGCACCA-1,0,74,64,20705,11929
CTGCTCTGACGGCAAA-1,0,75,65,20958,12074
CCCAGGAAGAATTCGA-1,0,74,66,20705,12219
TGTCGTGGGTATAGGC-1,0,75,67,20957,12365
ATATGTCTAGAGCGTG-1,0,74,68,20704,12510
GCGGGCAGACGGGTGA-1,0,75,69,20957,12655
CGAAGATCAGTTTCAT-1,0,74,70,20704,12800
ACGCCACTCGAAACAG-1,0,75,71,20956,12946
CTTAGATGTTTCATCC-1,0,74,72,20704,13091
GCGAATGGACTAGCGA-1,0,75,73,20956,13236
TAAATTGTGGGTAAAG-1,0,74,74,20703,13381
ATTTATACTGGTAAAG-1,0,75,75,20956,13527
GCGTCGTAACATGGTC-1,0,74,76,20703,13672
CGGTATGGGCACTCTG-1,0,75,77,20955,13817
CTATCACAACGCTGGA-1,0,74,78,20702,13962
ACCACACGGTTGATGG-1,0,75,79,20955,14108
TCAGCGCACGCCGTTT-1,0,74,80,20702,14252
AATGTTAAGACCCTGA-1,0,75,81,20954,14398
CTTACATAGATTTCTT-1,0,74,82,20701,14543
AACATAGCGTGTATCG-1,0,75,83,20954,14689
AGCAGTCGAAGCATGC-1,0,74,84,20701,14833
GTACTACGGCCTCGTT-1,0,75,85,20953,14979
TTGGCCAAATTGTATC-1,1,74,86,20700,15124
TCAGAGGACGCGTTAG-1,1,75,87,20953,15270
AGTAATCTAAGGGTGG-1,1,74,88,20700,15414
AATTATACCCAGCAAG-1,1,75,89,20952,15560
CCCTACCCACACCCAG-1,1,74,90,20699,15705
CTCTGTCCATGCACCA-1,1,75,91,20952,15851
TCGCCTCCTTCGGCTC-1,1,74,92,20699,15995
CCTGATTCGCGAAGAA-1,1,75,93,20951,16141
GACTTCAACGCATCAA-1,1,74,94,20698,16286
GCTTCCCGTAAGCTCC-1,0,75,95,20951,16432
AGAACTGTACTTTGTA-1,1,74,96,20698,16576
CCTTAAGTACGCAATT-1,0,75,97,20950,16722
GGCCAATTGTATAGAC-1,0,74,98,20697,16867
AGAATACAGGCTATCC-1,0,75,99,20950,17013
AATACCTGATGTGAAC-1,0,74,100,20697,17157
TAGAGTGTTCCGGGTA-1,0,75,101,20949,17303
GCTTCCATGTAACCGC-1,0,74,102,20696,17448
GGTTCGCATTTGCCGT-1,0,75,103,20949,17594
TCAATCCGGGAAGTTT-1,0,74,104,20696,17738
CCGGAAGTGCAATATG-1,0,75,105,20948,17884
CTCATAAATGTGTATA-1,0,74,106,20695,18029
GACGGGCATCGAATTT-1,0,75,107,20948,18175
GCTAAGCCCAGTATGC-1,0,74,108,20695,18319
GCTATAAGGGCCAGGA-1,0,75,109,20947,18465
GCGGATTACTTGTTCT-1,0,74,110,20694,18610
TACAACAGCGCATACA-1,0,75,111,20947,18755
TCTAACCTAGCCTGCG-1,0,74,112,20694,18900
TCTACCCGCATCATTT-1,0,75,113,20946,19046
GTCTTACCACGCCAAG-1,0,74,114,20693,19191
AATAACGTCGCGCCCA-1,0,75,115,20946,19336
CGTTTCGGTTATATGC-1,0,74,116,20693,19481
TACGCTGCACGGTCGT-1,0,75,117,20945,19627
CGTTAAATACGACCAG-1,0,74,118,20692,19772
TCGACTGACGATGGCT-1,0,75,119,20945,19917
ACGCTACTGAATGGGC-1,0,74,120,20692,20062
AAGGGTTAGCCATGCG-1,0,75,121,20944,20208
ACGTTTCGGTGCACTT-1,0,74,122,20691,20353
TTAACCCGAGGCGTGT-1,0,75,123,20944,20498
GCCCGTCAAGCCCAAT-1,0,74,124,20691,20643
ATTCGTCCCGAGGTTA-1,0,75,125,20943,20789
TCAAATTATGTTCGAC-1,0,74,126,20690,20934
AACGTTCTACCATTGT-1,0,75,127,20943,21079
CTGTCCTGCGCACTAC-1,0,76,0,21226,2634
GCCCAGCGACACAAAG-1,0,77,1,21479,2779
TATAGCTATTATCTCT-1,0,76,2,21226,2924
AAGCTATGGATTGACC-1,0,77,3,21478,3070
CCGAAACACGACCTCT-1,0,76,4,21225,3215
ATCAGAAGCTGGTTGC-1,0,77,5,21478,3360
TGAACCTGAATGTGAG-1,0,76,6,21225,3505
TCAGAGCATGTCAACG-1,0,77,7,21477,3651
ATACCCTCCCGGCCAA-1,0,76,8,21224,3796
GCCACCTTATTCGCGA-1,0,77,9,21477,3941
CAACGAGCTTATTATG-1,0,76,10,21224,4086
GATCCAACCTTTAAAC-1,0,77,11,21476,4232
TTGTGGAGACAGCCGG-1,0,76,12,21223,4377
AGATAATCACACCTAT-1,0,77,13,21476,4522
GGTTAGGGATGCTAAT-1,0,76,14,21223,4667
TCATGAAGCGCTGCAT-1,0,77,15,21475,4813
CCAGGCGAGATGGTCT-1,0,76,16,21223,4958
CGACTTGCCGGGAAAT-1,0,77,17,21475,5103
GTGCCAAACGTTTCGA-1,0,76,18,21222,5248
TGCTCAAAGGATGCAC-1,0,77,19,21475,5394
GCCTCAGGTACCGGTC-1,0,76,20,21222,5539
ACAAGTAATTGTAAGG-1,0,77,21,21474,5684
TTAGAGTATTGTCGAG-1,0,76,22,21221,5829
GTCATCCCAAACTCAC-1,0,77,23,21474,5975
CTCCTAGTAATCGTGA-1,0,76,24,21221,6120
CCCTCATCACAGAGTA-1,0,77,25,21473,6265
GGAAACAGAGCTTGGG-1,0,76,26,21220,6410
ACATCGCAATATTCGG-1,0,77,27,21473,6556
TTAGCCATAGGGCTCG-1,0,76,28,21220,6701
CGGATTCTGCCTTATG-1,0,77,29,21472,6846
TTGTTGGCAATGACTG-1,0,76,30,21219,6991
GGATCTACCGTTCGTC-1,0,77,31,21472,7137
GGTGGGATTAGGTCCC-1,0,76,32,21219,7282
AATAGGCACGACCCTT-1,0,77,33,21471,7427
GAGGTCCGTTCGCTGT-1,0,76,34,21218,7572
TGACAACTTAAAGGTG-1,0,77,35,21471,7718
AGCTAAGCTCCGTCCG-1,0,76,36,21218,7863
CTAGCCCGGGAGACGA-1,0,77,37,21470,8008
CCCAGATTCCCGTGAC-1,0,76,38,21217,8153
GCCCGTTCACACAATT-1,0,77,39,21470,8299
ACAAACTCCATCAGAG-1,0,76,40,21217,8444
GGTTCCGTACGACTAA-1,0,77,41,21469,8589
TTGCGGAAAGCTGCCC-1,0,76,42,21216,8734
GGAACTCGTGAATACG-1,0,77,43,21469,8880
GGTTACCGCTCCCTAC-1,0,76,44,21216,9025
AGCGACTTTGAAGACA-1,0,77,45,21468,9170
CCGTTTCCTTTCCGTG-1,0,76,46,21215,9315
TGGATGGCATCTTGGA-1,0,77,47,21468,9461
CAAGTCGTTGAAATCT-1,0,76,48,21215,9606
TGCAAACGTACTAGTT-1,0,77,49,21467,9751
GGCTGTCCTACTGCGG-1,0,76,50,21214,9896
TACTGCATGATTAAAT-1,0,77,51,21467,10042
CGGACCTCTGTAGTTA-1,0,76,52,21214,10186
CCCTAGCTCTAAGGTC-1,0,77,53,21466,10332
GTAACAGGTTAACGGC-1,0,76,54,21213,10477
CCCGCAAATAATCATC-1,0,77,55,21466,10623
AATCCCGCTCAGAGCC-1,0,76,56,21213,10767
AACGTCATCCGGCTTG-1,0,77,57,21465,10913
CTCGTGGCACTGAAAG-1,0,76,58,21212,11058
CTTTATCCGACGCATG-1,0,77,59,21465,11204
AAATGACTGATCAAAC-1,0,76,60,21212,11348
TTCGTGCATGTTATAG-1,0,77,61,21464,11494
ATCAAAGAGCCGTGGT-1,0,76,62,21211,11639
ATGTCATAATAAACGA-1,0,77,63,21464,11785
CTTAATCGACTTAGTA-1,0,76,64,21211,11929
CTAAAGGATGAGATAC-1,0,77,65,21463,12075
GTGCTATCCAGCTGGA-1,0,76,66,21210,12220
GACAGAGGTCTTCAGT-1,0,77,67,21463,12366
TCGATTTACGAAACGA-1,0,76,68,21210,12510
AGGCTTAAGTTGCACA-1,0,77,69,21462,12656
TAGGATCTTAACCGCA-1,0,76,70,21209,12801
GACTTTCGAGCGGTTC-1,0,77,71,21462,12947
CCCTGGGAGGGATCCT-1,0,76,72,21209,13091
TAGTAGTTGCCGGACA-1,0,77,73,21461,13237
GCCCTAAGTGCAGGAT-1,0,76,74,21208,13382
ACTTGGGCTTTCGCCA-1,0,77,75,21461,13528
CATGATACGGTGAAAC-1,0,76,76,21208,13672
TCCTGCAGCCGCCAAT-1,0,77,77,21460,13818
GTCCGTTAGAGGGCCT-1,0,76,78,21208,13963
GCTTTATTAAGTTACC-1,0,77,79,21460,14109
AATCGAGGTCTCAAGG-1,0,76,80,21207,14253
GTGCTGTTAGAACATA-1,0,77,81,21460,14399
GGCTTCTCGTGGGTGG-1,0,76,82,21207,14544
CCTACAGTTGAGGGAG-1,0,77,83,21459,14689
TATCCCTCGATCTGCA-1,0,76,84,21206,14834
CCGGTATCTGGCGACT-1,0,77,85,21459,14980
CTCTAACACCGGCAGC-1,1,76,86,21206,15125
CTTCATCACCAGGGCT-1,1,77,87,21458,15270
GGCTGGCAATCCCACG-1,1,76,88,21205,15415
CAAACCATAAGCGTAT-1,1,77,89,21458,15561
CATGTGGGCTCATCAC-1,1,76,90,21205,15706
CCCGTGACAGTGCCTT-1,1,77,91,21457,15851
GATTATCTTGCATTAT-1,1,76,92,21204,15996
GAGTCCACCAGGTTTA-1,0,77,93,21457,16142
TGTACTATCGCTCGTT-1,0,76,94,21204,16287
TTAGCGAATAGATAGG-1,0,77,95,21456,16432
ACATACAATCAAGCGG-1,0,76,96,21203,16577
ATTCGTGTACCCATTC-1,0,77,97,21456,16723
GCTAGCAACGCACCTA-1,0,76,98,21203,16868
ACCTCAGCGAGGCGCA-1,0,77,99,21455,17013
TCCGGGCCACTAACGG-1,0,76,100,21202,17158
TCCCAATATCGACGAC-1,0,77,101,21455,17304
GGATTGAAGTAGCCTC-1,0,76,102,21202,17449
GGCGCACAGTTTACCT-1,0,77,103,21454,17594
CCCGGCACGTGTCAGG-1,0,76,104,21201,17739
AGTAAGGGACAGAATC-1,0,77,105,21454,17885
TTGCGCACAACCACGT-1,0,76,106,21201,18030
CCTGCTACAACCATAC-1,0,77,107,21453,18175
CTGGGCTACTGGAGAG-1,0,76,108,21200,18320
AGCTACGAATGGTGGT-1,0,77,109,21453,18466
ATTCGTTTATCGTATT-1,0,76,110,21200,18611
GGCATTCCCTCCCTCG-1,0,77,111,21452,18756
AGTTATTCAGACTGTG-1,0,76,112,21199,18901
CCACTTTCCTTCTAGG-1,0,77,113,21452,19047
CGCAGTTCTATCTTTC-1,0,76,114,21199,19192
AGGAGCGTTTATTATC-1,0,77,115,21451,19337
GACAGGTAATCCGTGT-1,0,76,116,21198,19482
TTCCCAAAGTACTGAT-1,0,77,117,21451,19628
CTGCAGGGTGACGCTC-1,0,76,118,21198,19773
TCATGGAGGCCTTTGT-1,0,77,119,21450,19918
ATGGCCCGAAAGGTTA-1,0,76,120,21197,20063
CGTAATATGGCCCTTG-1,0,77,121,21450,20209
AGAGTCTTAATGAAAG-1,0,76,122,21197,20354
GAACGTTTGTATCCAC-1,0,77,123,21449,20499
ATTGAATTCCCTGTAG-1,0,76,124,21196,20644
TACCTCACCAATTGTA-1,0,77,125,21449,20790
AGTCGAATTAGCGTAA-1,0,76,126,21196,20935
TTGAAGTGCATCTACA-1,0,77,127,21448,21080
