ACGCCTGACACGCGCT-1,0,0,0,16809,2376
TACCGATCCAACACTT-1,0,1,1,16695,2573
ATTAAAGCGGACGAGC-1,0,0,2,16582,2376
GATAAGGGACGATTAG-1,0,1,3,16468,2573
GTGCAAATCACCAATA-1,0,0,4,16355,2375
TGTTGGCTGGCGGAAG-1,0,1,5,16241,2572
GCATCCTCTCCTATTA-1,0,0,6,16128,2374
GCGAGGGACTGCTAGA-1,0,1,7,16014,2571
TGGTACCGGCACAGCC-1,0,0,8,15901,2373
GCGCGTTTAAATCGTA-1,0,1,9,15787,2570
TGCCTTGCCCTTACGG-1,0,0,10,15674,2373
GACGACTTTCCAAGAA-1,0,1,11,15560,2570
CCAGTGAGCTCCTTGT-1,0,0,12,15447,2372
ATACCCTGGCTCAAAT-1,0,1,13,15333,2569
GGGTTTCCGGCTTCCA-1,0,0,14,15220,2371
TAACCGTCCAGTTCAT-1,0,1,15,15106,2568
AAACAACGAATAGTTC-1,0,0,16,14994,2370
CAAGGGAGTGTATTTG-1,0,1,17,14880,2567
CCAAGCTTGATCTCCT-1,0,0,18,14767,2370
TTATTTCATCCCAAAC-1,0,1,19,14653,2567
GAGCGCTATGTCAGGC-1,0,0,20,14540,2369
TATGGCAGACTTTCGA-1,0,1,21,14426,2566
CTTCGTGCCCGCATCG-1,0,0,22,14313,2368
AAACGGGTTGGTATCC-1,0,1,23,14199,2565
TGCAAACCCACATCAA-1,0,0,24,14086,2367
GACGGGATGTCTTATG-1,0,1,25,13972,2564
GGCGAGCATCGAGGAC-1,0,0,26,13859,2367
CGCGTGCTATCAACGA-1,0,1,27,13745,2564
TGAAACCTCAACTCAC-1,0,0,28,13632,2366
CACATAAGGCGACCGT-1,0,1,29,13518,2563
TGACCCAACTCACATT-1,0,0,30,13405,2365
ATACGCCGATCTACCG-1,0,1,31,13291,2562
ACTTATCTGATCTATA-1,0,0,32,13179,2364
GTGTGAGCCGAGGTGC-1,0,1,33,13064,2561
GATGATTTGAAACTGG-1,0,0,34,12952,2364
GGGAACCACCTGTTTC-1,0,1,35,12838,2561
GTTCGTTGCGGACCAG-1,0,0,36,12725,2363
TGAGGTTGATCCCAAG-1,0,1,37,12611,2560
GATGCCACACTACAGC-1,0,0,38,12498,2362
AGGCAAAGAGGAATCA-1,0,1,39,12384,2559
AAGTAAGCTTCCAAAC-1,0,0,40,12271,2361
AACGTAGTCTACCCAT-1,0,1,41,12157,2558
GTTTGAGCGGTTATGT-1,0,0,42,12044,2361
GAAGCAAGGCAATGTT-1,0,1,43,11930,2558
TCACTCAGCGCATTAG-1,0,0,44,11817,2360
TACAATGAAACCAGCA-1,0,1,45,11703,2557
GTGCGCTTACAAATGA-1,0,0,46,11590,2359
GCACTCCCACAGTCCC-1,0,1,47,11476,2556
CGAAGACTGCCCGGGA-1,0,0,48,11364,2358
CAGGATCCGCCCGACC-1,0,1,49,11249,2555
CACGATTGGTCGTTAA-1,0,0,50,11137,2358
GGTTGTATCGTGAAAT-1,0,1,51,11023,2555
TCTTATGGGTAGTACC-1,0,0,52,10910,2357
TACAAGCTGTTCACTG-1,0,1,53,10796,2554
GTATCTTGTTGCTCAC-1,0,0,54,10683,2356
ATACCAGGTGAGCGAT-1,0,1,55,10569,2553
CCTAAACAGGGTCCGT-1,0,0,56,10456,2355
ATGGTGCTCAAAGCCA-1,0,1,57,10342,2552
CAAATGCGGAGTGTTC-1,0,0,58,10229,2355
CGTGCCCGACATTTGT-1,0,1,59,10115,2552
GTATCTCCCTAACTGT-1,0,0,60,10002,2354
ATTTGCCTAGTTACGA-1,0,1,61,9888,2551
ACGTCCTAAACGAGAT-1,0,0,62,9775,2353
CTGGGATCGCCCAGAT-1,0,1,63,9661,2550
CTGCAAATGGGCTCCA-1,0,0,64,9549,2352
CATTATAACAGGGTCC-1,0,1,65,9434,2549
ACCTTTCCTTTAGAAG-1,0,0,66,9322,2352
ATAGATTTGCAGTCGG-1,0,1,67,9208,2549
CTCGGGCATCGTCGGG-1,0,0,68,9095,2351
GTGGCGGGCCGTAGCT-1,0,1,69,8981,2548
CAACAGTGCCAAACGG-1,0,0,70,8868,2350
TGCGGGTATTGGGATC-1,0,1,71,8754,2547
GTCTCGCCAACACGCC-1,0,0,72,8641,2349
CTGGGCGGCCAAATGT-1,0,1,73,8527,2546
TAAAGGAGAAACTAGT-1,0,0,74,8414,2349
TCCCACGGAGGGAGCT-1,0,1,75,8300,2546
AGCTTCAATACTTTGA-1,0,0,76,8187,2348
TTCCACATTTCTCGTC-1,0,1,77,8073,2545
ACAAACCGACAAGGCG-1,0,0,78,7960,2347
AGACGGGATTGGTATA-1,0,1,79,7846,2544
AACCTAAAGCCGTCCG-1,0,0,80,7734,2346
TACAAATTGCGGAGGT-1,0,1,81,7619,2543
CCCGCTAGAGGGTTAA-1,0,0,82,7507,2346
CATTGCAAAGCATAAT-1,0,1,83,7393,2543
TGTACGCTATCAGCTT-1,0,0,84,7280,2345
TTCTTCGCAATAGAGC-1,0,1,85,7166,2542
TGTGATTCCAGCGCTT-1,0,0,86,7053,2344
ATTCAGGATCGCCTCT-1,0,1,87,6939,2541
GCCCATGGGTGCAATG-1,0,0,88,6826,2343
TTCCCGACGCTTCACT-1,0,1,89,6712,2540
AGCGGTTGAGATGTAC-1,0,0,90,6599,2343
GCTGTCTGTGATCGAC-1,0,1,91,6485,2540
AAAGACATGAAGTTTA-1,0,0,92,6372,2342
CAACAGAATAACGCTA-1,0,1,93,6258,2539
TGCGGTCTACGAGTAA-1,0,0,94,6145,2341
AAGACTCACGCCCACT-1,0,1,95,6031,2538
CTTTGAAACATATTCC-1,0,0,96,5918,2340
CTGGGCACTAGTCGGA-1,0,1,97,5804,2537
CGCCCTTACATCCACC-1,0,0,98,5692,2340
CACGACCACAGACTTT-1,0,1,99,5578,2537
CAATCCATTATCCGTT-1,0,0,100,5465,2339
GTGGCGTGCACCAGAG-1,0,1,101,5351,2536
CGGAGTCCTAACCTGG-1,0,0,102,5238,2338
GGTCCCATAACATAGA-1,0,1,103,5124,2535
ATCTCATAAACCTACC-1,0,0,104,5011,2337
TGCATGGCAGTCTTGC-1,0,1,105,4897,2534
TTGCAGGTCATGAAGT-1,0,0,106,4784,2337
AGCTGCATTTGAGGTG-1,0,1,107,4670,2534
TAATCAGGAATGCTGC-1,0,0,108,4557,2336
CCATCATAAGAACAGG-1,0,1,109,4443,2533
TCGTATCACCAAGCTA-1,0,0,110,4330,2335
ATTCAGATGAATCCCT-1,0,1,111,4216,2532
AAAGGTCAACGACATG-1,0,0,112,4103,2334
AGCTGCTGTGCCGAAT-1,0,1,113,3989,2531
CTAGCGCCAATCCTAC-1,0,0,114,3877,2334
GCTCGACCGAACTGAA-1,0,1,115,3762,2531
ACAGTGCAGCGCATTT-1,0,0,116,3650,2333
CGGCTGAAGGTTACGC-1,0,1,117,3536,2530
CACCTCTACGAGTGTG-1,0,0,118,3423,2332
ATACGACAGATGGGTA-1,0,1,119,3309,2529
ACTTCCTGTCGTGCGA-1,0,0,120,3196,2331
CGTAACGGAACGATCA-1,0,1,121,3082,2528
AAATCACTCCTAAACG-1,0,0,122,2969,2331
CTCCGAGTAAATCCGC-1,0,1,123,2855,2528
ACGCTAGTATCAGTGC-1,0,0,124,2742,2330
AGAGTGAACAGACACC-1,0,1,125,2628,2527
ACACCCGTAAATCTGT-1,0,0,126,2515,2329
GCTTTGCTGCCGGGTA-1,0,1,127,2401,2526
ACAGGAGGCGCAGCCG-1,0,2,0,16807,2771
AGGCAATACGGAGGAC-1,0,3,1,16693,2968
TGGTGTGACAGACGAT-1,0,2,2,16580,2770
ATCTATCGATGATCAA-1,0,3,3,16466,2967
CGGTAACAAGATACAT-1,0,2,4,16354,2770
TCGCCGGAGAGTCTTA-1,0,3,5,16239,2967
GGAGGAGTGTGTTTAT-1,0,2,6,16127,2769
TTAGGTGTGACTGGTC-1,0,3,7,16013,2966
CAGGGCTAACGAAACC-1,0,2,8,15900,2768
CCCGTGGGTTAATTGA-1,0,3,9,15786,2965
GACCGACCGCTAATAT-1,0,2,10,15673,2767
GGTATCAAGCATAGAA-1,0,3,11,15559,2964
TGCATGAGTAGATTCG-1,0,2,12,15446,2767
AATTCCAACTTGGTGA-1,0,3,13,15332,2964
TGCCGATGTCATCAAT-1,0,2,14,15219,2766
GCTGGGTCCGCTGTTA-1,0,3,15,15105,2963
TGAACACCCGAAGCAG-1,0,2,16,14992,2765
AACATTGGTCAGCCGT-1,0,3,17,14878,2962
GTGGGTCTTCTTTGCG-1,0,2,18,14765,2764
CATCGAATGGATCTCT-1,0,3,19,14651,2961
GCTACACTGTCCGAAC-1,0,2,20,14539,2764
CGGGTTGTAGCTTTGG-1,0,3,21,14424,2961
CCTAAGTGTCTAACCG-1,0,2,22,14312,2763
TCTGTGACTGACCGTT-1,0,3,23,14198,2960
TTATCATACTCGCAAA-1,0,2,24,14085,2762
AGCGTAGCGCTAGACC-1,0,3,25,13971,2959
TCCCTCCGAAATCGTT-1,0,2,26,13858,2761
AGGTCGCCACTTCGGT-1,0,3,27,13744,2958
CTAGCAACTAATTTAC-1,0,2,28,13631,2761
TTGCTAGCTACCAATC-1,0,3,29,13517,2958
GCCGGTTTGGGCGGAT-1,0,2,30,13404,2760
TGTAACTTGTCAACCT-1,0,3,31,13290,2957
CGAGATGTTGCCTATA-1,0,2,32,13177,2759
GTTACGAAATCCACGC-1,0,3,33,13063,2956
CTTGTCGTACGTGTCA-1,0,2,34,12950,2758
GCGTCCAGCTCGTGGC-1,0,3,35,12836,2955
CCCTTCTCGTACGCGA-1,0,2,36,12724,2758
CCAAAGTCCCGCTAAC-1,0,3,37,12609,2955
CCGCTTCGCGGTTAAC-1,0,2,38,12497,2757
GTTACGGCCCGACTGC-1,0,3,39,12383,2954
CCCGCTTGCCCTCGTC-1,0,2,40,12270,2756
TAGTGAGAAGTGGTTG-1,0,3,41,12156,2953
CGCTACCGCCCTATGA-1,0,2,42,12043,2755
AAACAATCTACTAGCA-1,0,3,43,11929,2952
GCGCGATGGGTCAAGT-1,0,2,44,11816,2755
ATAAACCATTGGACGG-1,0,3,45,11702,2952
TCGGGCACTTCTGGAT-1,0,2,46,11589,2754
TCTGTGGCTACATTTC-1,0,3,47,11475,2951
CTCTGTGCCTGCTATG-1,0,2,48,11362,2753
CACGACTAAAGTTCTG-1,0,3,49,11248,2950
GAGGAGTAATTCCTAC-1,0,2,50,11135,2752
AGAGGTATCTCGGTCC-1,0,3,51,11021,2949
GGCGTACCCTATATAA-1,0,2,52,10908,2752
GCCGGAAACACATCTT-1,0,3,53,10794,2949
AAATGTGGGTGCTCCT-1,0,2,54,10682,2751
ACCAGGAGTGTGATCT-1,0,3,55,10568,2948
TGTGGAGGAAGCTTAA-1,0,2,56,10455,2750
AAGGAGAACTTATAAG-1,0,3,57,10341,2947
CCCTCGGGAGCCTTGT-1,0,2,58,10228,2749
ACTGTTTAGTGTAGGC-1,0,3,59,10114,2946
CGTCAGTTTATCGTCT-1,0,2,60,10001,2749
GCGTGTATGTCGTATT-1,0,3,61,9887,2946
ACAATCGATCTTTATA-1,0,2,62,9774,2748
CAGCCCTCACAGGCAG-1,0,3,63,9660,2945
CGCGTCATATTAAACC-1,0,2,64,9547,2747
GAAGACTTCAATGCCG-1,0,3,65,9433,2944
TTGCGGCGACTCATGC-1,0,2,66,9320,2746
ACCAAACTAGAAATCC-1,0,3,67,9206,2943
TTACTGTTTCTCTACG-1,0,2,68,9093,2746
GACCAGGTCATTCATA-1,0,3,69,8979,2943
TTCTTCCCTTTGATAT-1,0,2,70,8867,2745
ACGCCCAGCTGTCGAT-1,0,3,71,8753,2942
AGTAGCGTGAACGAAC-1,0,2,72,8640,2744
CCTCGACCCACTGCCT-1,0,3,73,8526,2941
AGTTATTGAAAGGTAA-1,0,2,74,8413,2743
TCAGTTACGGAATGAT-1,0,3,75,8299,2940
GAATCTATACTCGGAC-1,0,2,76,8186,2743
TCGGCTAACTTCCCTT-1,0,3,77,8072,2940
ACGTGGTCGAATGTGC-1,0,2,78,7959,2742
ATATCGTGCCAGACCC-1,0,3,79,7845,2939
GTAGCTAGTAAGCGCG-1,0,2,80,7732,2741
ACGCTTAGTGTCTCTC-1,0,3,81,7618,2938
TCCGGCCTGCATCGAT-1,0,2,82,7505,2740
TAGTGGAACTCATACA-1,0,3,83,7391,2937
ATCATCTGCCCAGTGT-1,0,2,84,7278,2740
GTTATTAAATACGACC-1,0,3,85,7164,2937
GCGCTAAGTATGCATG-1,0,2,86,7052,2739
CCTGACGCAACCTTTA-1,0,3,87,6937,2936
CCCAAGAATGCACGGT-1,0,2,88,6825,2738
AACTGGGTTCGAGCCG-1,0,3,89,6711,2935
GGTTCCACCCGCTTCT-1,0,2,90,6598,2737
CATGCACGTGTTACTG-1,0,3,91,6484,2934
AGCGTTCCGATTTAAA-1,0,2,92,6371,2737
CCTACGCGACCTTACA-1,0,3,93,6257,2934
CGAATTACATGGTGTT-1,0,2,94,6144,2736
GAGGTCTTAGTGGGTC-1,0,3,95,6030,2933
GCCGCTAGATACGCAG-1,0,2,96,5917,2735
GTCACCTGTCTATGTC-1,0,3,97,5803,2932
CCGATTGGTCAATGAA-1,0,2,98,5690,2734
CCTGTGCGGATTGTAA-1,0,3,99,5576,2931
TTACGTAGCGCGTGCT-1,0,2,100,5463,2734
GGAGGCGAAGAACCGC-1,0,3,101,5349,2931
GGGTCACGTGCTTATG-1,0,2,102,5237,2733
GCTCCGGACGTTGATA-1,0,3,103,5122,2930
ATGTTTGTAAGATCAT-1,0,2,104,5010,2732
TGACCCAGCATTCCCG-1,0,3,105,4896,2929
TGGTCGTTTGATAGAT-1,0,2,106,4783,2731
TGTAATGCCTTCGGAC-1,0,3,107,4669,2928
TGCTCACACAACAACC-1,0,2,108,4556,2731
TACGATCCAAGCCACT-1,0,3,109,4442,2928
TTGTAACTTCATAGCG-1,0,2,110,4329,2730
AGATTCAAGCGGGTCG-1,0,3,111,4215,2927
CTCAGCAGACTGCCGA-1,0,2,112,4102,2729
GTAACATCAGCTCATC-1,0,3,113,3988,2926
ATGGAACAGAATAAAC-1,0,2,114,3875,2728
GGGCCTATACAACCGG-1,0,3,115,3761,2925
TCAAACAATTAGGACA-1,0,2,116,3648,2728
AAACCACTACACAGAT-1,0,3,117,3534,2925
AAACGACAGTCTTGCC-1,0,2,118,3422,2727
TTGAGGGTCGAACGCG-1,0,3,119,3307,2924
TGTTGATCACTGTTTA-1,0,2,120,3195,2726
AGGGTGTGCTACACGC-1,0,3,121,3081,2923
GTAGTTAGACAATATA-1,0,2,122,2968,2725
AATGGCCGCCAATGCG-1,0,3,123,2854,2922
TCGGCGGTATTAGATT-1,0,2,124,2741,2725
GGGTCACTGAGTAGTG-1,0,3,125,2627,2922
GAATTATGCAACCTAC-1,0,2,126,2514,2724
GATCTTAGTGAACGTG-1,0,3,127,2400,2921
CTAATGCGCCCAACAA-1,0,4,0,16806,3166
GCCACCCATTCCACTT-1,0,5,1,16692,3363
TACTCACAACGTAGTA-1,0,4,2,16579,3165
GTTCGGTGTGGATTTA-1,0,5,3,16465,3362
TCTTTCGGCGGGACAC-1,0,4,4,16352,3164
GGAGACATTCACGGGC-1,0,5,5,16238,3361
GGGATTATCTCACAAC-1,0,4,6,16125,3164
TAGAACGCCAGTAACG-1,0,5,7,16011,3361
ACGAGTCGCCGGCGTT-1,0,4,8,15899,3163
TGATGGGACTAAGTCA-1,0,5,9,15784,3360
TGCGAGAAACGTTACG-1,0,4,10,15672,3162
TCGCCTCGACCTGTTG-1,0,5,11,15558,3359
AACTCGATAAACACGT-1,0,4,12,15445,3161
AGGAAAGCCTCTGATG-1,0,5,13,15331,3358
GAAGGACTAAATTGAA-1,0,4,14,15218,3161
GTATCGGGACGAGCTG-1,0,5,15,15104,3358
CCTGTGCATAGGAGAC-1,0,4,16,14991,3160
CATACGGGTGCATGAT-1,0,5,17,14877,3357
CCACTAAACTGAATCG-1,0,4,18,14764,3159
AAATTGCGGCGGTTCT-1,0,5,19,14650,3356
AGTCCAGCGGGTACGT-1,0,4,20,14537,3158
CATTCAGGTCAGTGCG-1,0,5,21,14423,3355
CTAAAGTCCGAAGCTA-1,0,4,22,14310,3158
AATCAGACTGCAGGAC-1,0,5,23,14196,3355
AGTATCCATAATAACG-1,0,4,24,14083,3157
CTGGCTGCTAACGTAA-1,0,5,25,13969,3354
GTTCCAAGACAGCGAC-1,0,4,26,13857,3156
AAGACTAACCCGTTGT-1,0,5,27,13743,3353
GATTAATCCTGGCTCA-1,0,4,28,13630,3155
CGCGCAAGGAACTACA-1,0,5,29,13516,3352
CAGTAGCGAGGTAGTA-1,0,4,30,13403,3155
ACGGCGGGTTGCCCTG-1,0,5,31,13289,3352
CTAGGCGGCAGAGAAT-1,0,4,32,13176,3154
GTGCGCAGCTTGCTCC-1,0,5,33,13062,3351
TCACTATCGTGCAATC-1,0,4,34,12949,3153
TATGATTCTGCTTGGT-1,0,5,35,12835,3350
TAAGATTTAGCGGGAG-1,0,4,36,12722,3152
TTACGGTGTCACCGAG-1,0,5,37,12608,3349
CTACACTAGCTTGTTC-1,0,4,38,12495,3152
TGAGCAGTCGTGAAGT-1,0,5,39,12381,3349
CGCTGAGGACGTCCAA-1,0,4,40,12268,3151
GTGTATGACTTTAAAG-1,0,5,41,12154,3348
CTAAACGGGTGTAATC-1,0,4,42,12042,3150
TGTACTGTGCCAAAGT-1,0,5,43,11927,3347
GGCCACAAGCGATGGC-1,0,4,44,11815,3149
GTCAATTGTACTGAAG-1,0,5,45,11701,3346
AGGGACAGCACGGCGG-1,0,4,46,11588,3149
AGCTTATAGAGACCTG-1,0,5,47,11474,3346
AACTAGCGTATCGCAC-1,0,4,48,11361,3148
AACTTTAGCTGCTGAG-1,0,5,49,11247,3345
CCCAAGACAGAGTATG-1,0,4,50,11134,3147
GGCATCAACGAGCACG-1,0,5,51,11020,3344
ATGCATTCCGTGATGG-1,0,4,52,10907,3146
TTATAGATGCACATTA-1,0,5,53,10793,3343
GAACCATCTGGGAGAC-1,0,4,54,10680,3146
TGCTATACAAACGGAC-1,0,5,55,10566,3343
ACTTGCCATATTGTAC-1,0,4,56,10453,3145
TATTCCGGCAGTCCTA-1,0,5,57,10339,3342
GACGGACCGCGTTCCT-1,0,4,58,10227,3144
ATGTGTAGTTTAGTCA-1,0,5,59,10112,3341
ATACCAGCAAATTGCT-1,0,4,60,10000,3143
AAGTTTACTAATGGCA-1,0,5,61,9886,3340
CTCTCGATGTGCGCCT-1,0,4,62,9773,3143
GATTGACACTCTGCTC-1,0,5,63,9659,3340
TATCACAGCACGGGCA-1,0,4,64,9546,3142
ACCGTTCCCGCTCTGA-1,0,5,65,9432,3339
CCGCCACCACAATCCA-1,0,4,66,9319,3141
CATTCACTGACAGCTA-1,0,5,67,9205,3338
CGGCTGCAAGATTAAG-1,0,4,68,9092,3140
CATGAACCTCTTATCA-1,0,5,69,8978,3337
TTAATGCGAGGTAACT-1,0,4,70,8865,3140
AATAAGTCCTCGAGAC-1,0,5,71,8751,3337
ACCAGCCCGGTCTTTG-1,0,4,72,8638,3139
CTACGAACTAGGTCGA-1,0,5,73,8524,3336
ACATCTCAACGCGTAA-1,0,4,74,8412,3138
CACTACTCAGTTCTGT-1,0,5,75,8297,3335
CCGACTCGCATAGTCT-1,0,4,76,8185,3137
CATTTATCGTTCAAGA-1,0,5,77,8071,3334
CAAACGTGGTCTTGCG-1,0,4,78,7958,3137
TAGAAACCACTAAGTA-1,0,5,79,7844,3334
ACTGATTTAGTGATTC-1,0,4,80,7731,3136
TCGTATTTCGTCCGGA-1,0,5,81,7617,3333
CGGAAATTTCACATCC-1,0,4,82,7504,3135
ATCCACGCTAAATGTT-1,0,5,83,7390,3332
GTTCAATCTATGTCAA-1,0,4,84,7277,3134
ATAAAGGTCAAGTACG-1,0,5,85,7163,3331
CAACTCCAACGTTTAG-1,0,4,86,7050,3134
TAGGAACAGCCTCCAG-1,0,5,87,6936,3331
ATGGGAACGGAAGCGG-1,0,4,88,6823,3133
CACACGTTTCAATGGG-1,0,5,89,6709,3330
GGTGTTCTGTTTCTAC-1,0,4,90,6597,3132
AGTAACGTTCATCCTG-1,0,5,91,6482,3329
GTATAGTGGCCCATGT-1,0,4,92,6370,3131
TCTACACGTTCATGCA-1,0,5,93,6256,3328
AATCTGGGTAGACCCT-1,0,4,94,6143,3131
TCGGTTAGCCATGTAG-1,0,5,95,6029,3328
TGCCATGGCTTATAAG-1,0,4,96,5916,3130
TAAGTAAATGTGCCGC-1,0,5,97,5802,3327
GTGTCCGATAAGGCAT-1,0,4,98,5689,3129
TGGCACGAGCTCGAGT-1,0,5,99,5575,3326
ACCGGTCTGAGTACGG-1,0,4,100,5462,3128
GAACTTAGCGCCCGGT-1,0,5,101,5348,3325
AGTAGCTAGACGCCGA-1,0,4,102,5235,3128
ATAGGAATCTAAGCTT-1,0,5,103,5121,3325
CTTCCTGCATATTTAC-1,0,4,104,5008,3127
CAATATGTAGATTTAC-1,0,5,105,4894,3324
ACAAGGCCTACCAGCC-1,0,4,106,4781,3126
TTATAGTCCAAGGTGC-1,0,5,107,4667,3323
AAACGCCCGAGATCGG-1,0,4,108,4555,3125
CCTCGTTACGCCTGTT-1,0,5,109,4441,3322
GAACGGTGTAAAGCAG-1,0,4,110,4328,3125
ACGCATAAATGACATG-1,0,5,111,4214,3322
GGTTCGATGCTGAGTT-1,0,4,112,4101,3124
CTTTGGCAGACAGAGT-1,0,5,113,3987,3321
TTCGTGGGCTGGAAGC-1,0,4,114,3874,3123
CAAAGGTTAAATTCAG-1,0,5,115,3760,3320
GTTTGGCGTCAGGCAC-1,0,4,116,3647,3122
GCTTTCTATCTCAACT-1,0,5,117,3533,3319
TGCATCTCCGGATCTT-1,0,4,118,3420,3122
CTGAAACGGCCCTCAG-1,0,5,119,3306,3319
TAGCAGTAAATACGCG-1,0,4,120,3193,3121
CGGGCTACTTAAATTG-1,0,5,121,3079,3318
ATTATGCTCAGTATTG-1,0,4,122,2966,3120
TGATGCTCACGTAGTC-1,0,5,123,2852,3317
GTCTAAGATGCCCAGC-1,0,4,124,2740,3119
AACCCGATAGGGCTTC-1,0,5,125,2625,3316
CGCTATCGTGGCTTTA-1,0,4,126,2513,3119
CGTCTCTCGCCGAGGC-1,0,5,127,2399,3316
AGTGGGAGTATACACG-1,0,6,0,16805,3561
GGTCTTGGTGTTAACT-1,0,7,1,16691,3758
GGCTGGCAGCTTTATG-1,0,6,2,16578,3560
CGCCAATTATTGCGTT-1,0,7,3,16464,3757
GGTAACCGGCAAAGGT-1,0,6,4,16351,3559
TGGGACCATTGGGAGT-1,0,7,5,16237,3756
CTGCAGGTGCTCGGCC-1,0,6,6,16124,3558
CCGGTGCGAGTGATAG-1,0,7,7,16010,3755
GGGTACACTCTGGAGG-1,0,6,8,15897,3558
TAGCCAGAGGGTCCGG-1,0,7,9,15783,3755
CTTGTGAGGACAGCGG-1,0,6,10,15670,3557
GAAGGGCATAACCATG-1,0,7,11,15556,3754
CAACATGGCCTGATAA-1,0,6,12,15443,3556
CAATTTGACCGGGAAG-1,0,7,13,15329,3753
TCTGACTGTAATGGTT-1,0,6,14,15217,3555
TTCATAGCCTTGTAAC-1,0,7,15,15102,3752
TGGAAACGGAGTGAAC-1,0,6,16,14990,3555
ATCGCACGATTGTTCA-1,0,7,17,14876,3752
CGCCACCCGCATTAAC-1,0,6,18,14763,3554
TGGACCACGGCGTTGA-1,0,7,19,14649,3751
GTATATGTTACGGCGG-1,0,6,20,14536,3553
GTATTCTTACCGTGCT-1,0,7,21,14422,3750
TTCAGAGTAACCTGAC-1,0,6,22,14309,3552
GCGGTAACCCAAATGA-1,0,7,23,14195,3749
CTACGTGTTGCCACCA-1,0,6,24,14082,3552
CTAGATAAACTCCTCG-1,0,7,25,13968,3749
TCCATTAGTTGGATAG-1,0,6,26,13855,3551
CTGGCTCCTGCGGGAT-1,0,7,27,13741,3748
CAGTCTCTCGGCTAAT-1,0,6,28,13628,3550
GTATGACGTGGGAAAC-1,0,7,29,13514,3747
AGTCACTCCGCCTCAT-1,0,6,30,13402,3549
GCAGCGGTGGGCATTA-1,0,7,31,13287,3746
TATGGAGTTTCTCGTT-1,0,6,32,13175,3549
ACTCAACGAATGTATT-1,0,7,33,13061,3746
AACACGCGGCCGCGAA-1,0,6,34,12948,3548
CGATATTAGCCGCAGG-1,0,7,35,12834,3745
AGCGTCTGAACCCGCA-1,0,6,36,12721,3547
GATGTCCGGATCACAT-1,0,7,37,12607,3744
GGTCACGTTAGATTCA-1,0,6,38,12494,3546
TTAAGGATACGGAGGT-1,0,7,39,12380,3743
GTGCGGGACCATCGGC-1,0,6,40,12267,3546
CCATCTTGTTCACAAT-1,0,7,41,12153,3743
TCCGAGAAGGCTAAGC-1,0,6,42,12040,3545
TGGCGGTGTGCGATTG-1,0,7,43,11926,3742
ATCCTGCTGCAGATAG-1,0,6,44,11813,3544
TTATGCGTCCCGGTCC-1,0,7,45,11699,3741
CATAATGAGCGGGCGA-1,0,6,46,11587,3543
AGACATAGATCCTTCC-1,0,7,47,11472,3740
GGTGAAACCGGGAATG-1,0,6,48,11360,3543
AACTGGTGTGGGCCTT-1,0,7,49,11246,3740
GTAGCGCTGTTGTAGT-1,0,6,50,11133,3542
TTGTTTGTGTAAATTC-1,0,7,51,11019,3739
GGATCAAAGGACGAGG-1,0,6,52,10906,3541
CGTAGCGCCGACGTTG-1,0,7,53,10792,3738
CAAGTGAACTTTGGTT-1,0,6,54,10679,3540
GTAGACAACCGATGAA-1,0,7,55,10565,3737
CAATGGTCGGCCTGGG-1,0,6,56,10452,3540
ACAGATTAGGTTAGTG-1,0,7,57,10338,3737
GTTATCACCTTCTGAA-1,0,6,58,10225,3539
TGGTATCGGTCTGTAT-1,0,7,59,10111,3736
GGAATAACCTCAAGAA-1,0,6,60,9998,3538
ATTATCTCGACAGATC-1,0,7,61,9884,3735
CCGAGGGATGTTAGGC-1,0,6,62,9771,3537
TGAGATCAAATACTCA-1,0,7,63,9657,3734
AAACGAAGAACATACC-1,0,6,64,9545,3537
CTGGTCCTAACTTGGC-1,0,7,65,9431,3734
TGCACGAGTCGGCAGC-1,0,6,66,9318,3536
ATAGTCTTTGACGTGC-1,0,7,67,9204,3733
TGGAGCTAAAGTTCCC-1,0,6,68,9091,3535
GGGTGGTCCAGCCTGT-1,0,7,69,8977,3732
CATGCATGGAGACCCT-1,0,6,70,8864,3534
ACACGGCACTATGCAT-1,0,7,71,8750,3731
CCCTGGTATGGGCGGC-1,0,6,72,8637,3534
GGAGGATTGAAAGGAG-1,0,7,73,8523,3731
CCGCTGGTGCCATTCA-1,0,6,74,8410,3533
GTTAGAGTGTGCCGCT-1,0,7,75,8296,3730
TCGGAATGACCATCAA-1,0,6,76,8183,3532
TTCAATTAGCCATAAT-1,0,7,77,8069,3729
GATGTGTTGTCACAAG-1,0,6,78,7956,3531
TCTTTCTCTTAAGGAG-1,0,7,79,7842,3728
ACCCTTTAGTTCTCCA-1,0,6,80,7730,3531
ACCACAACTCAGAACA-1,0,7,81,7615,3728
TATGATAAATCTAACG-1,0,6,82,7503,3530
GATCCTCTTGCGCTTA-1,0,7,83,7389,3727
TTCTACCTTTATGTTG-1,0,6,84,7276,3529
GAAATACCTGCTGGCT-1,0,7,85,7162,3726
ATTCTGAGTATGAACT-1,0,6,86,7049,3528
GGATTAAGCTAAGGTC-1,0,7,87,6935,3725
AGTACGTGGCCTGTCT-1,0,6,88,6822,3528
TCAGGGTGCACGAAAC-1,0,7,89,6708,3725
AAATTTACCGAAATCC-1,0,6,90,6595,3527
TTGAGGCATTTAACTC-1,0,7,91,6481,3724
AACCAGTATCACTCTT-1,0,6,92,6368,3526
CACCGGAGATATCTCC-1,0,7,93,6254,3723
GACTGGGCGCCGCAAC-1,0,6,94,6141,3525
CACGTCTATGATGTGG-1,0,7,95,6027,3722
TTAAGACGAACGAACC-1,0,6,96,5915,3525
TGACCAGCTTCAAAGT-1,0,7,97,5800,3722
AGAGTTAGAGACCGAT-1,0,6,98,5688,3524
TTCGGACTGATGCCTT-1,0,7,99,5574,3721
CTCGAATGGAACGTAT-1,0,6,100,5461,3523
GGACGGCTTGCGCAAC-1,0,7,101,5347,3720
CTAAGTACAGGGCTAC-1,0,6,102,5234,3522
ACAAATTCAGATCTGA-1,0,7,103,5120,3719
CATGGAAATGGGACCA-1,0,6,104,5007,3522
GGTGGACCACGTGTTA-1,0,7,105,4893,3719
CACGACGTAATAGTAA-1,0,6,106,4780,3521
CGGGTTCGGCACGTAT-1,0,7,107,4666,3718
CTGGGCTATCCTTTGG-1,0,6,108,4553,3520
GTATTAGGGTTCGCGT-1,0,7,109,4439,3717
TCATTCGTATAATTTG-1,0,6,110,4326,3519
AATAGCAAGCCTCCTG-1,0,7,111,4212,3716
CATCTACCCGAGAACG-1,0,6,112,4100,3519
GCTTCAGTGGGATTAC-1,0,7,113,3985,3716
TCTGTGATGGAGGTTG-1,0,6,114,3873,3518
ATCCACTTTCAGACTA-1,0,7,115,3759,3715
ATGGTTACGAAACATG-1,0,6,116,3646,3517
GGCCCAATCTAGAGGG-1,0,7,117,3532,3714
GATGGTGAAATAACCC-1,0,6,118,3419,3516
AGAGGGACAATTGTCC-1,0,7,119,3305,3713
CGCGTACATTCTGGAA-1,0,6,120,3192,3516
CAAGAAACCCTAAACT-1,0,7,121,3078,3713
TTGGTGCGGTGTTGAA-1,0,6,122,2965,3515
GGTTCCCTAGTGTCTC-1,0,7,123,2851,3712
CGATAACCAATTTGAG-1,0,6,124,2738,3514
GCCCACTGGTCCACAA-1,0,7,125,2624,3711
GAGGGCCGGCAGAGTC-1,0,6,126,2511,3513
CGACACGGATGCCCAC-1,0,7,127,2397,3710
CTGTCTGTGGCTGGCT-1,0,8,0,16803,3955
ATATTATCCCGTATTT-1,0,9,1,16689,4152
GCGCTGGCGGAAAGTC-1,0,8,2,16577,3955
ATCTAACGTCCCTATG-1,0,9,3,16462,4152
GTCAGACAGCGTTGGA-1,0,8,4,16350,3954
GCCAGGCTTAGTGGTA-1,0,9,5,16236,4151
ATTCAAAGTACCTGTT-1,0,8,6,16123,3953
TGGACGTAGGCGAATC-1,0,9,7,16009,4150
ACACATTGACGCAACA-1,0,8,8,15896,3952
GATATCAGTATGTATC-1,0,9,9,15782,4149
TGGGCCTTGCCTGCAT-1,0,8,10,15669,3952
CAAAGTCAGGTTAGCT-1,0,9,11,15555,4149
GGATCCCTACCAGCTA-1,0,8,12,15442,3951
ATCGTCCAATCGAGTC-1,0,9,13,15328,4148
ACATGGCTCAATTTAG-1,0,8,14,15215,3950
AGGCCCAGTGACTGGT-1,0,9,15,15101,4147
GCTTCCAGCTTAGATT-1,0,8,16,14988,3949
TGCTTGAAACCATGCA-1,0,9,17,14874,4146
CAATATTGGACTAGTG-1,0,8,18,14762,3949
CGTGCTGGCCTAGTCG-1,0,9,19,14647,4146
CCTGCGATAGAACTGT-1,0,8,20,14535,3948
GGGTAATGCTGTGTTT-1,0,9,21,14421,4145
AACGCGAACGGCAACA-1,0,8,22,14308,3947
TGTCGGCATGGTGGAA-1,0,9,23,14194,4144
AGCGTACGAGAGCTAG-1,0,8,24,14081,3946
ATACTCTCGCCACTCT-1,0,9,25,13967,4143
AATCCATGCAAGGGTG-1,0,8,26,13854,3946
TTAAACAGAGTCCCGC-1,0,9,27,13740,4143
CCACAGCTGAAATCAT-1,0,8,28,13627,3945
CGGTTCCGGCTTCTTG-1,0,9,29,13513,4142
GACGTGAGACTCCATG-1,0,8,30,13400,3944
TCGTTGGCTCGTCAAT-1,0,9,31,13286,4141
GGTGAACGGGCTAGCC-1,0,8,32,13173,3943
GCACTGTGCAAATGTA-1,0,9,33,13059,4140
ACGAGAACCCATCACG-1,0,8,34,12946,3943
CCAGCTACGCCTCATA-1,0,9,35,12832,4140
TCCCGGTCAGGAATTT-1,0,8,36,12720,3942
TCGCATTCAATGACTT-1,0,9,37,12606,4139
CTGGTTCAACGCATCA-1,0,8,38,12493,3941
GGTGATTTCATCTTGT-1,0,9,39,12379,4138
CACCCTTTCCTCGCTC-1,0,8,40,12266,3940
CAACTTGTAGTGGGCA-1,0,9,41,12152,4137
AATATCAAGGTCGGAT-1,0,8,42,12039,3940
ACTCAGACCTGCTTCT-1,0,9,43,11925,4137
TTGGAGTCTCCCTTCT-1,0,8,44,11812,3939
GGATACTCATGAATTG-1,0,9,45,11698,4136
TGGGCACAAACAGAAC-1,0,8,46,11585,3938
GAGCCACGGTAGTAGG-1,0,9,47,11471,4135
TCGATAGGCTAGTCGC-1,0,8,48,11358,3937
TAACCGCCCGCAGTGC-1,0,9,49,11244,4134
GCCTATTTGCTACACA-1,0,8,50,11131,3937
TTGACGATTCAGCACG-1,0,9,51,11017,4134
TTAAACCGGTAGCGAC-1,0,8,52,10905,3936
ACCGAAAGGGCCCTGC-1,0,9,53,10790,4133
ACGTTCCGCGCTCCGT-1,0,8,54,10678,3935
ATACCAGGCTAATAGA-1,0,9,55,10564,4132
CGGCTTTGTATGATAA-1,0,8,56,10451,3934
CTTGACCCGAAAGATA-1,0,9,57,10337,4131
CGCAGAAACATTTGCG-1,0,8,58,10224,3934
GACCCGTCGCCGGCTA-1,0,9,59,10110,4131
AATCGGGACACTACGA-1,0,8,60,9997,3933
GTCACAAAGTTTCCAA-1,0,9,61,9883,4130
TATATTCGCGTCGATA-1,0,8,62,9770,3932
CCTCCCGACAATCCCT-1,0,9,63,9656,4129
CGACATGCGATCTTCT-1,0,8,64,9543,3931
AACACGACTGTACTGA-1,0,9,65,9429,4128
CCCAACCACACTAACA-1,0,8,66,9316,3931
CACCGCCGACCAGCGA-1,0,9,67,9202,4128
TGGTATCGCATCCCAA-1,0,8,68,9090,3930
CAGAGTGATTTAACGT-1,0,9,69,8975,4127
AACCCTGGTGGAACCA-1,0,8,70,8863,3929
GTCAGTTGTGCTCGTT-1,0,9,71,8749,4126
ATTGACGTAACTCGGT-1,0,8,72,8636,3928
GATGTCGGTCAACTGC-1,0,9,73,8522,4125
AGGGCAGCGGCGTGGT-1,0,8,74,8409,3928
ACATCGTTAACCTAGT-1,0,9,75,8295,4125
TCCATTGTGACCTCGT-1,0,8,76,8182,3927
TGTTTAATACTTCATC-1,0,9,77,8068,4124
TTGCTGGCCGGGCTTC-1,0,8,78,7955,3926
CATATTATTTGCCCTA-1,0,9,79,7841,4123
CTGCCTAGCCACCAAG-1,0,8,80,7728,3925
ACGAGATATTTGCTTA-1,0,9,81,7614,4122
GACTACAATTGCTCGT-1,0,8,82,7501,3925
AACGTGATGAAGGACA-1,0,9,83,7387,4122
ACTCTCTTATACACGA-1,0,8,84,7275,3924
CGCATCATGGCTTCAG-1,0,9,85,7160,4121
CGGCTCTTCGTCGAAC-1,0,8,86,7048,3923
ATTCTTCGTACTTATG-1,0,9,87,6934,4120
AGTGAGGGTTTCTGAC-1,0,8,88,6821,3922
GCCAGGCGTTCGCATG-1,0,9,89,6707,4119
GACTAACACAGCACCT-1,0,8,90,6594,3922
CAATGGAATCTACATA-1,0,9,91,6480,4119
GTGGTCAGCGAAGTAT-1,0,8,92,6367,3921
ATGGCTGGAAATGGCC-1,0,9,93,6253,4118
ATCAGGTCGCCATTGC-1,0,8,94,6140,3920
TATCACCATGTAAAGT-1,0,9,95,6026,4117
AGCGCTTATGGGCAAG-1,0,8,96,5913,3919
AAGCGGCGTCATGGGT-1,0,9,97,5799,4116
ACTAATACGTCAGGCG-1,0,8,98,5686,3919
GGCTGAGCATCGTAAG-1,0,9,99,5572,4116
CGGTTGGGTTCAAGTT-1,0,8,100,5460,3918
GACTGATTGGTCACAA-1,0,9,101,5345,4115
AGACGGGCCGATTTAA-1,0,8,102,5233,3917
ACCAGTGCCCGGTCAA-1,0,9,103,5119,4114
GTCCTTTAATGACTTC-1,0,8,104,5006,3916
CCTACAAGTCCGGAAT-1,0,9,105,4892,4113
GCCTGCTACACTGAGA-1,0,8,106,4779,3916
GACTCGGTCGGCGGAT-1,0,9,107,4665,4113
CTAGACATATATGTAG-1,0,8,108,4552,3915
TCGCCCAACTGACTCC-1,0,9,109,4438,4112
AAACTAACGTGGCGAC-1,0,8,110,4325,3914
AACTGAGGTCAGCGTC-1,0,9,111,4211,4111
ACAATGATTCTTCTAC-1,0,8,112,4098,3913
ATAAGTACCCGATTGT-1,0,9,113,3984,4110
ATTGGGAGTTCTGTAA-1,0,8,114,3871,3913
CGAACATAGTCAGAAA-1,0,9,115,3757,4110
TAGCTCAGATCCTAGT-1,0,8,116,3644,3912
GTGTCGTATTCACCTT-1,0,9,117,3530,4109
CTCACCGATCCAAACT-1,0,8,118,3418,3911
ATATGTGCACAAACCA-1,0,9,119,3304,4108
CAGTCCAACGCCTTCT-1,0,8,120,3191,3910
TCGTCCGGGTACACTC-1,0,9,121,3077,4107
GCAGAAACGTAATCCA-1,0,8,122,2964,3910
TTCGAGCCGGCGCTAC-1,0,9,123,2850,4107
GGAAGATAAGACTGTA-1,0,8,124,2737,3909
ATAAGCAAACACCGAG-1,0,9,125,2623,4106
GCATAAATTGAACGCC-1,0,8,126,2510,3908
CGCCGGTGTCGCAGTA-1,0,9,127,2396,4105
GACCTGGTCTGGGCGT-1,0,10,0,16802,4350
AGCCGCTTGATTAGCG-1,0,11,1,16688,4547
CCCGGCTAGGTGAGAA-1,0,10,2,16575,4349
CGAGCCGAGCACTCGA-1,0,11,3,16461,4546
TAGTGCTTGAATCCTT-1,0,10,4,16348,4349
CAACCGCACCTAGACA-1,0,11,5,16234,4546
ACCACTGTTCAAGAAG-1,0,10,6,16121,4348
AGATGCTATAACGAGC-1,0,11,7,16007,4545
AATTACTCGTACGCTC-1,0,10,8,15895,4347
CGTCAATCTTTAACAT-1,0,11,9,15780,4544
CCAAAGCAGTTGGTTG-1,0,10,10,15668,4346
CCATATTGGATCATGA-1,0,11,11,15554,4543
CGTACCGAAAGTCTAG-1,0,10,12,15441,4346
CTCGAGATCCAAAGCA-1,0,11,13,15327,4543
TGGATAGAGTAACAGA-1,0,10,14,15214,4345
TCACAGATCCTCAAAC-1,0,11,15,15100,4542
AGAGCTACGAAAGCAT-1,0,10,16,14987,4344
TGCGTGATTGGGTGTC-1,0,11,17,14873,4541
CACATGTTTGGACATG-1,0,10,18,14760,4343
TTCGCATCCGGAAGCA-1,0,11,19,14646,4540
CCCTAGTGTCAGGTGT-1,0,10,20,14533,4343
TTACCGCCTTAGGGAA-1,0,11,21,14419,4540
CCAGTCCATTATTCGA-1,0,10,22,14306,4342
CGTAAACGCTTGAGTG-1,0,11,23,14192,4539
ATTCCTTCCAGGCGGT-1,0,10,24,14080,4341
TTCCTTTCTGTGTTGC-1,0,11,25,13965,4538
AGTTGACATCGGCTGG-1,0,10,26,13853,4340
AACTCGATGGCGCAGT-1,0,11,27,13739,4537
GATAAGGCAGATGCAA-1,0,10,28,13626,4340
GGCTGGCTAGCTTAAA-1,0,11,29,13512,4537
CCTCATGCAGCTACGA-1,0,10,30,13399,4339
GACGCCTGTTGCAGGG-1,0,11,31,13285,4536
TAATTAGATGGATATG-1,0,10,32,13172,4338
GAGGGCATCGCGTATC-1,0,11,33,13058,4535
CTTGTGAGTCTTTGAC-1,0,10,34,12945,4337
TCAACACATTGGGTAA-1,0,11,35,12831,4534
ACTGTATACGCGAGCA-1,0,10,36,12718,4337
GTGAAACGTGCTCCAC-1,0,11,37,12604,4534
CGAGTGCTATAGTTCG-1,0,10,38,12491,4336
GTACTGCATGAAGCGT-1,0,11,39,12377,4533
GTAACTTGCGGCAGTC-1,0,10,40,12265,4335
GAATCGCCGGACACGG-1,0,11,41,12150,4532
GGGAGTAATGGCTGGC-1,0,10,42,12038,4334
CATGAACCGACATTTG-1,0,11,43,11924,4531
TCTGTCATACAAGAGC-1,0,10,44,11811,4334
GTCGTCAATTATAAGG-1,0,11,45,11697,4531
TAAAGAGCCCGAAACC-1,0,10,46,11584,4333
GTACTGAGGTCGTAAC-1,0,11,47,11470,4530
AAAGACCCAAGTCGCG-1,0,10,48,11357,4332
CGTCAGTGCGCACAAG-1,0,11,49,11243,4529
TGTATCCTTATTCCAT-1,0,10,50,11130,4331
ATTCTCGTCTCTTTAG-1,0,11,51,11016,4528
AAAGTCACTGATGTAA-1,0,10,52,10903,4331
TGTCTACAGTTTCTGT-1,0,11,53,10789,4528
TTAACGTCGCAAGACC-1,0,10,54,10676,4330
CTATGTCTATTGAAAC-1,0,11,55,10562,4527
TCGGGTGAAACTGCTA-1,0,10,56,10450,4329
TGTCCCGACATAGCAC-1,0,11,57,10335,4526
ACAGCATAGAGCCAGT-1,0,10,58,10223,4328
ATATTCCCACAGGTCA-1,0,11,59,10109,4525
TTGGATCGACTTCTGG-1,0,10,60,9996,4328
CACCATCGGAGGAGAC-1,0,11,61,9882,4525
TCGTTCGTTATTATGT-1,0,10,62,9769,4327
CTTAACTTCGAAGTAC-1,0,11,63,9655,4524
GCACAAGTGTCGGAAG-1,0,10,64,9542,4326
TACCAGCTAGGTTTAA-1,0,11,65,9428,4523
ACGTACAGATTTCTCT-1,0,10,66,9315,4325
AATTTGGTTCCAAAGA-1,0,11,67,9201,4522
GTAAGGATTTGTCGGA-1,0,10,68,9088,4325
CATCATCTACCCGGAC-1,0,11,69,8974,4522
ACGATGGATCCGATGC-1,0,10,70,8861,4324
CACTCAGCTCTTGAGG-1,0,11,71,8747,4521
TAGATCCGAAGTCGCA-1,0,10,72,8634,4323
TGAAACTTATGCAAGC-1,0,11,73,8520,4520
GCGATTCTGGAAGCAG-1,0,10,74,8408,4322
CAAACTATTGAGCTTC-1,0,11,75,8294,4519
TAGAATTAAGGGCAAC-1,0,10,76,8181,4322
CGAAACATAGATGGCA-1,0,11,77,8067,4519
GATGGTGCCCTAGGCA-1,0,10,78,7954,4321
CCCGCAGGGCCCAAAG-1,0,11,79,7840,4518
ACAGCGCACCCGCAGC-1,0,10,80,7727,4320
GGTAAATGTGCGTTAC-1,0,11,81,7613,4517
GTCCTTCTAGTGGGTT-1,0,10,82,7500,4319
GGAAGCTCGCTTACAG-1,0,11,83,7386,4516
CACCGATACACCGAGC-1,0,10,84,7273,4319
CAGCCGGGCCCTCTAT-1,0,11,85,7159,4516
CGGAGCTTATAACACC-1,0,10,86,7046,4318
ATTACAACTACCGGCC-1,0,11,87,6932,4515
TCCTCTGGCCCATTAG-1,0,10,88,6819,4317
CGGCACCGTTAGCGCC-1,0,11,89,6705,4514
TCGGTCCCTGACTCCA-1,0,10,90,6593,4316
TGGTTGGAGGATCCTG-1,0,11,91,6478,4513
CTGCGGTAGTCACGTG-1,0,10,92,6366,4316
GTGCCTCAGTGTACGG-1,0,11,93,6252,4513
ATCGTTCACTTTCGCC-1,0,10,94,6139,4315
ACTTACCGGGCGCGCA-1,0,11,95,6025,4512
CTAGACTGCATTTCGT-1,0,10,96,5912,4314
TTGCCGGTGATCCCTC-1,0,11,97,5798,4511
CTGTCACGCCAGGCGC-1,0,10,98,5685,4313
CGGTATAGGTATTAGC-1,0,11,99,5571,4510
CCAACGCTTGCCAGGG-1,0,10,100,5458,4313
CGTTGAGTAATTGCGT-1,0,11,101,5344,4510
TGTATTTACCTAATGC-1,0,10,102,5231,4312
TAAATGCCGTCTCATG-1,0,11,103,5117,4509
CGGTTTATGAAGGAAC-1,0,10,104,5004,4311
GCAAGATGTGTTCGCG-1,0,11,105,4890,4508
AAAGGTAAGCTGTACC-1,0,10,106,4778,4310
GTACGTCACGTATTAA-1,0,11,107,4663,4507
AGTACCTTCGAGTGCT-1,0,10,108,4551,4310
ATTGTGACTTCGCTGC-1,0,11,109,4437,4507
TGTATCAGACTGAAGC-1,0,10,110,4324,4309
GAGACCCTGCAACGCC-1,0,11,111,4210,4506
TGGGTGGGATGTCATT-1,0,10,112,4097,4308
GGCTAATGATTGAAAT-1,0,11,113,3983,4505
ATAACGTTACCTCCAC-1,0,10,114,3870,4307
TGCGAGATGGCGGCCA-1,0,11,115,3756,4504
CACACTTGTATTGCGA-1,0,10,116,3643,4307
GCTGGTGACTCGTAGT-1,0,11,117,3529,4504
CGACACCGCTTAAGGA-1,0,10,118,3416,4306
GTAACAACTGACCTTG-1,0,11,119,3302,4503
CAACTGAGGGTATGAC-1,0,10,120,3189,4305
CTAATTATGAAGCGTA-1,0,11,121,3075,4502
CCGATCTTAAGAGGCT-1,0,10,122,2963,4304
CGACTCGGTACACGGT-1,0,11,123,2848,4501
TGCTGCGTCAGAGTTA-1,0,10,124,2736,4304
AGAGTTGCAGGCCTCC-1,0,11,125,2622,4501
ACTGGCGAACCTGCGT-1,0,10,126,2509,4303
ACTAAGGACGCACACC-1,0,11,127,2395,4500
CGTCCAGATGGCTCCA-1,0,12,0,16801,4745
ACTATCGCCGGCTAAA-1,0,13,1,16687,4942
GATAGCGTACCACGCG-1,0,12,2,16574,4744
AGGACTTATAGGAGAA-1,0,13,3,16460,4941
TAGTCGGGATTCTTCG-1,0,12,4,16347,4743
ACCATTAAGGGTGTCA-1,0,13,5,16233,4940
TTAATGTGTTTGCAGG-1,0,12,6,16120,4743
TCCGCAGCCACCTAGC-1,0,13,7,16006,4940
GAGGAGATCCTCATGC-1,0,12,8,15893,4742
GGTCCTTCATACGACT-1,0,13,9,15779,4939
CCCTGTTGGCAAAGAC-1,0,12,10,15666,4741
GTGCCTAGCTATGCTT-1,0,13,11,15552,4938
GTCATCTCCTACAGCT-1,0,12,12,15440,4740
GCGAGAAACGGGAGTT-1,0,13,13,15325,4937
CGTCGCGGCGGGATTT-1,0,12,14,15213,4740
CATTGTGTGCTAGATC-1,0,13,15,15099,4937
CGCGGCAGTATTACGG-1,0,12,16,14986,4739
GAAATGGGATGTAAAC-1,0,13,17,14872,4936
CATTCCCTAAGTACAA-1,0,12,18,14759,4738
AGTTCTGCGTTGTATC-1,0,13,19,14645,4935
ACCCTATAGGACTGAG-1,0,12,20,14532,4737
TTAGATAGGTCGATAC-1,0,13,21,14418,4934
ATTGATAGCAACGAGA-1,0,12,22,14305,4737
TCTCGGCTCCAGGACT-1,0,13,23,14191,4934
CTTGAGGTTATCCCGA-1,0,12,24,14078,4736
AAGAAGGATCAGTTAG-1,0,13,25,13964,4933
GTACGACGGCGCTGCG-1,0,12,26,13851,4735
CTTATGTTGACTACCA-1,0,13,27,13737,4932
CGGCACTCAAGAAAGT-1,0,12,28,13625,4734
GTCAAAGTTTACATAG-1,0,13,29,13510,4931
CTCCTAAGTTATGTCT-1,0,12,30,13398,4734
ACTGTGCTAGTAGATC-1,0,13,31,13284,4931
GTTTGGCCGCTCAGCG-1,0,12,32,13171,4733
TTATCCAATCGAACTC-1,0,13,33,13057,4930
CCGTACCCAAGCGCCA-1,0,12,34,12944,4732
CATACAAAGCCGAACC-1,0,13,35,12830,4929
GGTCGGTAATTAGACA-1,0,12,36,12717,4731
AGCGGGAAGGGTCCAT-1,0,13,37,12603,4928
GCCCACCAAGGCTGTC-1,0,12,38,12490,4731
GTAGACGTCGTTACAT-1,0,13,39,12376,4928
GAGCATCATCCCTGGG-1,0,12,40,12263,4730
AGGTAACCTCCTATTC-1,0,13,41,12149,4927
GGTTTGAGTGCTGGAA-1,0,12,42,12036,4729
GCACTAGTCGCGCTAT-1,0,13,43,11922,4926
GGTAACTATGTATCTG-1,0,12,44,11809,4728
GCGGTCCCTAGACGCA-1,0,13,45,11695,4925
CGAGCGTTGATCAGCC-1,0,12,46,11583,4728
AATCCAAGGGCCTGAG-1,0,13,47,11469,4925
CCGTGCCCATGACGGC-1,0,12,48,11356,4727
GAAATTCACATCGCTG-1,0,13,49,11242,4924
CTCTGCGAAGCAAGCA-1,0,12,50,11129,4726
AGTAGGTAACATACAT-1,0,13,51,11015,4923
ATTGGGAATATCTTGG-1,0,12,52,10902,4725
TAGAGCTACGAAGAAC-1,0,13,53,10788,4922
TGCGGCATAGTTCAAC-1,0,12,54,10675,4725
CCGCCGGTCAACACAC-1,0,13,55,10561,4922
TCGTATAGTGCAATTA-1,0,12,56,10448,4724
TAGTTTATTCTTGCTT-1,0,13,57,10334,4921
GATATCTCATGCAATA-1,0,12,58,10221,4723
CGTTTAAGCGGAGCAC-1,0,13,59,10107,4920
CATGCTGGCTCCAATT-1,0,12,60,9994,4722
GAAACAGCCATGCAGT-1,0,13,61,9880,4919
AGTTTCGCAGGTCGGA-1,0,12,62,9768,4722
CTCATGGCTCACAATC-1,0,13,63,9653,4919
AACCGTTGTGTTTGCT-1,0,12,64,9541,4721
ACCCTTCATCTGCGAA-1,0,13,65,9427,4918
TGCGGTGAAATTTCAT-1,0,12,66,9314,4720
CAAATTGTCAGCAAGC-1,0,13,67,9200,4917
GAGGTACATCCATCTT-1,0,12,68,9087,4719
AAATGGCATGTCTTGT-1,0,13,69,8973,4916
TCATCCCAGAGGGTGG-1,0,12,70,8860,4719
CGTAGCGAATTGTCAG-1,0,13,71,8746,4916
CCTAGTTAGTCGCATG-1,0,12,72,8633,4718
GAAACTCTAATGAAGG-1,0,13,73,8519,4915
TTGTATCACACAGAAT-1,0,12,74,8406,4717
TTCAAGCCGAGCTGAG-1,0,13,75,8292,4914
AGGTACGATATTGCCA-1,0,12,76,8179,4716
TTAAGCCGACAACTTC-1,0,13,77,8065,4913
GTCTTAGTACAGCCGG-1,0,12,78,7953,4716
TGGGTAAGGTTCCCGC-1,0,13,79,7838,4913
CTACGCCATTTCCGAT-1,0,12,80,7726,4715
GACCGTCAGGTCGTGA-1,0,13,81,7612,4912
TAGTTAAGATAGGATA-1,0,12,82,7499,4714
GAATATTCGGAGTCCC-1,0,13,83,7385,4911
CAAACTACGATAGAGA-1,0,12,84,7272,4713
CAGGAAGACTTTATAT-1,0,13,85,7158,4910
TTCGTAATCCCAGCGG-1,0,12,86,7045,4713
GTGAGGAGCGGTTGAG-1,0,13,87,6931,4910
CAATCCCTATACCAGC-1,0,12,88,6818,4712
AGGGAAACGAGGTACT-1,0,13,89,6704,4909
TCCTGCCAACTGGAGA-1,0,12,90,6591,4711
AATTTGGGACATAGTA-1,0,13,91,6477,4908
AACTCCTAATCCCATG-1,0,12,92,6364,4710
GCTCATTACTGCATGT-1,0,13,93,6250,4907
TCTCGAACGAGGTCAC-1,0,12,94,6138,4710
TCACTACGACCAATGC-1,0,13,95,6023,4907
GTGATGCACAACATCT-1,0,12,96,5911,4709
CCGACGTAAACACAAC-1,0,13,97,5797,4906
TGGGATGCACTCATTC-1,0,12,98,5684,4708
TTCCATCATGCGGTGA-1,0,13,99,5570,4905
TGCACAGTGAAGTTAT-1,0,12,100,5457,4707
CTATTGTGTTTGGTCA-1,0,13,101,5343,4904
TGCGAGCCCTTCCGCG-1,0,12,102,5230,4707
TTGAAAGGTGTAAAGG-1,0,13,103,5116,4904
GGTGCAGAGCCTATCG-1,0,12,104,5003,4706
ACTATATGCTGTGTTC-1,0,13,105,4889,4903
TCCTGGCGCTGCCTGG-1,0,12,106,4776,4705
GAGCCGAGCGTTTATT-1,0,13,107,4662,4902
AGAATGCGGGTTCGGA-1,0,12,108,4549,4704
ATGCGACAATTGGTCC-1,0,13,109,4435,4901
TTCCGGCTCGACTTCT-1,0,12,110,4323,4704
TGATTATGGCACGCAG-1,0,13,111,4208,4901
GGTTTGACAAGAAGCT-1,0,12,112,4096,4703
GCAGCTATGGACAGGT-1,0,13,113,3982,4900
CACCATGATCGCAAAG-1,0,12,114,3869,4702
GTCGGAAGGATACCAG-1,0,13,115,3755,4899
GGCCCAGTTATCAGCA-1,0,12,116,3642,4701
GGGCCTATTTAAGTAT-1,0,13,117,3528,4898
GTTGTTACATTGCGCT-1,0,12,118,3415,4701
CAACTCCGTAACTTGC-1,0,13,119,3301,4898
GATCTTTGCTCAAAGA-1,0,12,120,3188,4700
TCGCTTAATTACGAAG-1,0,13,121,3074,4897
CGATCATTAGAGGCAC-1,0,12,122,2961,4699
TGTTCTCTACTCCCTA-1,0,13,123,2847,4896
GCTTAGGGAAGCGGTA-1,0,12,124,2734,4698
CAGGTTTAGTACTACA-1,0,13,125,2620,4895
AAGCGGAGTGCGCGCA-1,0,12,126,2507,4698
TCAGATGGAGACGTAG-1,0,13,127,2393,4895
TCGCACTAACGTTTGT-1,0,14,0,16799,5140
CACGTCGGGTTCTAGA-1,0,15,1,16685,5337
GGAGTACACATGAGCT-1,0,14,2,16573,5139
GTGTGTCGACGTCGCT-1,0,15,3,16459,5336
GAAGCTCTTTGCTTAG-1,0,14,4,16346,5138
ACACCGAGCGCTCTTT-1,0,15,5,16232,5335
CGTAATAATTACGAGT-1,0,14,6,16119,5138
CATCAACACCTACTAA-1,0,15,7,16005,5335
CCAAGTTTCTACAGAT-1,0,14,8,15892,5137
ACGGGTCATGTGACTT-1,0,15,9,15778,5334
AGTGTGCTAAGATCGC-1,0,14,10,15665,5136
GGCGGTTTGCCGGTGC-1,0,15,11,15551,5333
GTATAATCTCCCGGAT-1,0,14,12,15438,5135
TAGTCCGTATGCATAA-1,0,15,13,15324,5332
CACTTCGTCTTATCTC-1,0,14,14,15211,5135
CATCCGCAGGCCCGAA-1,0,15,15,15097,5332
CCCTGATGTAACTCGT-1,0,14,16,14984,5134
CCATAGTCAGTAACCC-1,0,15,17,14870,5331
CGGGCCATAGCCGCAC-1,0,14,18,14758,5133
CTCCGGCTTGTAGACA-1,0,15,19,14643,5330
AACTTGCGTTCTCGCG-1,0,14,20,14531,5132
AATGAGTTCGCATATG-1,0,15,21,14417,5329
CGAGGCCAGGCATTGG-1,0,14,22,14304,5132
TCTGCGTCCGGTTTCT-1,0,15,23,14190,5329
CAATCCTGCCGTGGAG-1,0,14,24,14077,5131
CTGAGCAAGTAACAAG-1,0,15,25,13963,5328
GGGTACCCACGGTCCT-1,0,14,26,13850,5130
ACGGAATTTAGCAAAT-1,0,15,27,13736,5327
GGGCGGTCCTATTGTC-1,0,14,28,13623,5129
ATGTTACGAGCAATAC-1,0,15,29,13509,5326
AACCATGGGATCGCTA-1,0,14,30,13396,5128
TCGCATCCCTAAGTGT-1,0,15,31,13282,5326
ACTTAGTACGACAAGA-1,0,14,32,13169,5128
GAGCTCTCGGACCTAA-1,0,15,33,13055,5325
TCTATTACGCTGGCGA-1,0,14,34,12943,5127
AGATACGACTTCATAT-1,0,15,35,12828,5324
CGCTATACCGCCCACT-1,0,14,36,12716,5126
CAGTGTCCGCAGAATG-1,0,15,37,12602,5323
CCATCCATACCAAGTC-1,0,14,38,12489,5125
AACCCAGAGACGGAGA-1,0,15,39,12375,5323
GAAGAACGGTGCAGGT-1,0,14,40,12262,5125
GATAAATCGGTGGATG-1,0,15,41,12148,5322
CAGCTCGTGCTTGTGT-1,0,14,42,12035,5124
GAGTACGGGTATACAA-1,0,15,43,11921,5321
CATCGCCCGCGGCCAA-1,0,14,44,11808,5123
TCTTACAGAGGTACCG-1,0,15,45,11694,5320
TGGAAGACGAACACCA-1,0,14,46,11581,5122
GTTGTCGTGTTAGTTG-1,0,15,47,11467,5320
CCAAGGAACAGAGAGG-1,0,14,48,11354,5122
CTGCACCTGGAACCGC-1,0,15,49,11240,5319
CGCTTTCATACCGGTG-1,0,14,50,11128,5121
GTTCTTCCCTCGATGT-1,0,15,51,11013,5318
ATTTAACTCGTATTAC-1,0,14,52,10901,5120
AACGATAGAAGGGCCG-1,0,15,53,10787,5317
TATCCTGCATGGGAAT-1,0,14,54,10674,5119
AGGCCCATTGTACAGG-1,0,15,55,10560,5317
CCGGCGCATATTGGAT-1,0,14,56,10447,5119
ATCTGTAATTGTACCC-1,0,15,57,10333,5316
GAGCGAGGGAGTACCG-1,0,14,58,10220,5118
TTATTAGGGAAGCATC-1,0,15,59,10106,5315
CTTCTTACGTCGTATA-1,0,14,60,9993,5117
GAAGTGCTGGATAGCT-1,0,15,61,9879,5314
GTGCAACAAATGTGGC-1,0,14,62,9766,5116
CATGCGTTAGACAGAA-1,0,15,63,9652,5314
ACACACTTTCTACACG-1,0,14,64,9539,5116
AGCCCTAAGCGAAGTT-1,0,15,65,9425,5313
ATTAATTCGGTCACTC-1,0,14,66,9313,5115
AACAGGAAATCGAATA-1,0,15,67,9198,5312
ACGTTTAGTTGTGATC-1,0,14,68,9086,5114
TCCTTCAGTGGTCGAA-1,0,15,69,8972,5311
CGAACGCCCAGTGCCG-1,0,14,70,8859,5113
CCTCGAAGTGGACGGG-1,0,15,71,8745,5311
CTCTGTTTGAGGATTC-1,0,14,72,8632,5113
TGGGCACGTTCTATGG-1,0,15,73,8518,5310
ACTATTCGTCCGTGGT-1,0,14,74,8405,5112
CCTCTGGCCTAGACGG-1,0,15,75,8291,5309
CCATAAACAACCCGAC-1,0,14,76,8178,5111
CATAGTACATTGAGAG-1,0,15,77,8064,5308
ATTTCATTATTTCGCG-1,0,14,78,7951,5110
CAACTATATCGAATGC-1,0,15,79,7837,5308
CTAGTATTCGGAATTA-1,0,14,80,7724,5110
GTGGAACCTACATGCG-1,0,15,81,7610,5307
CCTAAAGGCTGACGCT-1,0,14,82,7497,5109
CGTGACATTGGGTCGT-1,0,15,83,7383,5306
CCAATCGGTAGATCGA-1,0,14,84,7271,5108
ATTGTCGCAATACCTT-1,0,15,85,7157,5305
AAATTACACGACTCTG-1,0,14,86,7044,5107
CACTCCTCTCGGTCGG-1,0,15,87,6930,5305
AAATAACCATACGGGA-1,0,14,88,6817,5107
AGTTACTCTATCGTGG-1,0,15,89,6703,5304
CGTTAGCTCACAACTG-1,0,14,90,6590,5106
GAATGTATGGCAGGTC-1,0,15,91,6476,5303
GCAACCACCAGACCGG-1,0,14,92,6363,5105
TCACTCGTGCAACGGC-1,0,15,93,6249,5302
AAACAGAGCGACTCCT-1,0,14,94,6136,5104
CAGCCTCTCCTCAAGA-1,0,15,95,6022,5301
TTGCGTGAACGCTTAG-1,0,14,96,5909,5104
CCGCCTGCGAATTGGT-1,0,15,97,5795,5301
AGATGAGGGTTGCGAT-1,0,14,98,5682,5103
CGGTGGGCTCCAGCCT-1,0,15,99,5568,5300
GGCAGCGGTAATCCTA-1,0,14,100,5456,5102
GCTAGCAGGGAGTGGG-1,0,15,101,5341,5299
CTCAAGACATTAGCGC-1,0,14,102,5229,5101
CACGGCGCGCCAAAGG-1,0,15,103,5115,5298
TGCAATTTGGGCACGG-1,0,14,104,5002,5101
ATGCCAATCGCTCTGC-1,0,15,105,4888,5298
GCTGGACCCAAAGTGG-1,0,14,106,4775,5100
ATTCCTAAGACGTGGA-1,0,15,107,4661,5297
TCCGGAGGAAGGGCTG-1,0,14,108,4548,5099
TCGGTGACCGCTCCGG-1,0,15,109,4434,5296
TCCGAAGTAGTCACCA-1,0,14,110,4321,5098
CATGTAGGAGCGCCAA-1,0,15,111,4207,5295
CACAAGAAAGATATTA-1,0,14,112,4094,5098
AGGGTCAGTAACCCTA-1,0,15,113,3980,5295
TAAGCCCTTACGACCA-1,0,14,114,3867,5097
ATACCGTCATCCATAA-1,0,15,115,3753,5294
GGACGTCCATAGTTGG-1,0,14,116,3641,5096
CATCAAACTGGCGCCC-1,0,15,117,3526,5293
AAACGTGTTCGCCCTA-1,0,14,118,3414,5095
AAATTGGTGAGAAGCA-1,0,15,119,3300,5292
GGTCATTGTAGTCATA-1,0,14,120,3187,5095
TGCAGTGAGGCTCGGG-1,0,15,121,3073,5292
GAACATTAGTATGTTA-1,0,14,122,2960,5094
GGTTTGCGAACACGTA-1,0,15,123,2846,5291
ACACAAATATTCCTAG-1,0,14,124,2733,5093
TTGGGTTTATTCAGCG-1,0,15,125,2619,5290
ATTCGCAGAGGACACT-1,0,14,126,2506,5092
GATTTAGTGCGTACTG-1,0,15,127,2392,5289
TAGAAACACAATAGTG-1,0,16,0,16798,5535
CAGTAGATGATGTCCG-1,0,17,1,16684,5732
TCTTAACTCGGATGTA-1,0,16,2,16571,5534
TACATCTTGTTTCTTG-1,0,17,3,16457,5731
TTCATAGGGTGTCCAT-1,0,16,4,16344,5533
TGAAGTAGCTTACGGA-1,0,17,5,16230,5730
GCACAAGTGGATCATA-1,0,16,6,16118,5532
GGGCGAATTTCTCCAC-1,0,17,7,16003,5729
ATGTTCCTGCCCACCT-1,0,16,8,15891,5532
GCTCAACCTCTTAGAG-1,0,17,9,15777,5729
ATAGCTGCTCTTGTTA-1,0,16,10,15664,5531
CGTCAGCTATTTACTC-1,0,17,11,15550,5728
ATCTGATAGTGTCTTA-1,0,16,12,15437,5530
TGCACTATGTGAGTGC-1,0,17,13,15323,5727
CCGACAAACACATGAG-1,0,16,14,15210,5529
GCCTTGTATATGCAGT-1,0,17,15,15096,5726
ATAATACCGTTAGCCG-1,0,16,16,14983,5529
ACACTCCAATGTCACT-1,0,17,17,14869,5726
AGTTGCTGACTGATAT-1,0,16,18,14756,5528
GGCGCTCCTCATCAAT-1,0,17,19,14642,5725
TGCCTGACATCGGTCA-1,0,16,20,14529,5527
TTGGCCATCTTGCGCT-1,0,17,21,14415,5724
CAGTGGTTGCACATGA-1,0,16,22,14303,5526
AGAATTGTTTGACATA-1,0,17,23,14188,5723
AAATGCTCGTTACGTT-1,0,16,24,14076,5526
CACCTAATAGAGTCGT-1,0,17,25,13962,5723
CATTTCTAGCAGACTA-1,0,16,26,13849,5525
CCGAAAGTGGTGAGCA-1,0,17,27,13735,5722
AGTCAGCCACCGCCTG-1,0,16,28,13622,5524
TCATCACTCGAGCTCG-1,0,17,29,13508,5721
CTCAGGACTCACCTGT-1,0,16,30,13395,5523
CGGTGTACTTGATCCC-1,0,17,31,13281,5720
CCTACGGCTCAGTCGA-1,0,16,32,13168,5523
GTACTTGGGCACTTCT-1,0,17,33,13054,5720
TGATTTCCTCCTGACG-1,0,16,34,12941,5522
CCTCACCAATCTTGAC-1,0,17,35,12827,5719
GGTGAGATGCAGATAA-1,0,16,36,12714,5521
GCTAGTTTCATTGAGG-1,0,17,37,12600,5718
AGGACATCGCACGTCG-1,0,16,38,12488,5520
GTGGACGTGCTGAGAC-1,0,17,39,12373,5717
TAAGGAACTTGTGGGA-1,0,16,40,12261,5520
TCGCTGTGCGTAAATC-1,0,17,41,12147,5717
GCATCCCTAACTTTGA-1,0,16,42,12034,5519
CACCCACACGTCACCC-1,0,17,43,11920,5716
CCCTCATTCTGGAATT-1,0,16,44,11807,5518
AGGGCGTGATCGGCTA-1,0,17,45,11693,5715
GGTGCGGATAAGTGGC-1,0,16,46,11580,5517
TAATATTGAAATTCGC-1,0,17,47,11466,5714
CTTACACTGGGAAATA-1,0,16,48,11353,5517
ACCAAGAACGCGTGTC-1,0,17,49,11239,5714
GCCTTCAGCCCTACCG-1,0,16,50,11126,5516
GATGCTACAAGCGCCT-1,0,17,51,11012,5713
CCGGGACCCGCAGAGA-1,0,16,52,10899,5515
GTTCCAGTCTGACCAT-1,0,17,53,10785,5712
ATGATCGGGAATAGAC-1,0,16,54,10672,5514
TTGGATTGGGTACCAC-1,0,17,55,10558,5711
TACCTCACGCTTGTAC-1,0,16,56,10446,5514
CATGGCAGGAAGATCG-1,0,17,57,10332,5711
ATGACGCCGGCTCTAA-1,0,16,58,10219,5513
AGCGACATCCCATTCA-1,0,17,59,10105,5710
AGTAATGTCTTGCCGC-1,0,16,60,9992,5512
TTCTTAGTGGCTCAGA-1,0,17,61,9878,5709
CGTCTGGAAGGGCCCG-1,0,16,62,9765,5511
ACGTGCGCCTCGTGCA-1,0,17,63,9651,5708
AGAGCGGGCTAATCAT-1,0,16,64,9538,5511
GCGTCGAAATGTCGGT-1,0,17,65,9424,5708
AACTGATATTAGGCCT-1,0,16,66,9311,5510
CGAGCTGGGCTTTAGG-1,0,17,67,9197,5707
GGGTGTTTCAGCTATG-1,0,16,68,9084,5509
TTAATTTCAGACGCGG-1,0,17,69,8970,5706
ACTGCCGTCGTAACTC-1,0,16,70,8857,5508
GTGCACGAAAGTGACT-1,0,17,71,8743,5705
ATCTCCCTGCAATCTA-1,0,16,72,8631,5508
ACGCCAGATGATTTCT-1,0,17,73,8516,5705
AGCTATTTAATCCAAC-1,0,16,74,8404,5507
CCACGAGAAGAGAATC-1,0,17,75,8290,5704
GATTCCGCGTTTCCGT-1,0,16,76,8177,5506
GTCGGATGTAGCGCGC-1,0,17,77,8063,5703
TATTTATACCGAGTAG-1,0,16,78,7950,5505
GTAGGTGATCCGTGTA-1,0,17,79,7836,5702
AGTTAAGCGGTCCCGG-1,0,16,80,7723,5505
CTGGCGACATAAGTCC-1,0,17,81,7609,5702
TTGGCCTAGAATTTCG-1,0,16,82,7496,5504
GGCATATCGGTTCTGC-1,0,17,83,7382,5701
GGGCGTCCACTGGCTC-1,0,16,84,7269,5503
TTACCCATTGCCGGGT-1,0,17,85,7155,5700
TTAGACACGATCGTTG-1,0,16,86,7042,5502
GCGCTGATCCAGACTC-1,0,17,87,6928,5699
TTCGGCAACCCGCTGA-1,0,16,88,6816,5502
GATATTTCCTACATGG-1,0,17,89,6701,5699
CTGCGTTACGATATAA-1,0,16,90,6589,5501
TAATAAACAAGGAGAT-1,0,17,91,6475,5698
AACCTTTACGACGTCT-1,0,16,92,6362,5500
AGTCCCGCCTTTAATT-1,0,17,93,6248,5697
TGAGATTAGGCCCTAA-1,0,16,94,6135,5499
AGTGTATTGCGCATTG-1,0,17,95,6021,5696
GTTGGATTCAGTGGCT-1,0,16,96,5908,5499
TAAAGCTGCAATAGGG-1,0,17,97,5794,5696
AGTAGGAAGGAAGTTG-1,0,16,98,5681,5498
TATCACTTCGAGTAAC-1,0,17,99,5567,5695
TGATCTACGCTGATCT-1,0,16,100,5454,5497
GGATCATCCCGTACGC-1,0,17,101,5340,5694
TGACACTTCTCTTTGC-1,0,16,102,5227,5496
AGCCCTTCTAATCCGA-1,0,17,103,5113,5693
CACCGCGTCCACTCTA-1,0,16,104,5001,5496
TAATTGGAATCGGGAA-1,0,17,105,4886,5693
TCGTAAGCTCCGAGGA-1,0,16,106,4774,5495
TATATTACAAATGTCG-1,0,17,107,4660,5692
CGCGAGAGGGACTTGT-1,0,16,108,4547,5494
GGACCTACGGTAACGT-1,0,17,109,4433,5691
GAAATATGCTTGAATG-1,0,16,110,4320,5493
CCGTATTAGCGCAGTT-1,0,17,111,4206,5690
AGGCGTCTATGGACGG-1,0,16,112,4093,5493
AACATCGATACGTCTA-1,0,17,113,3979,5690
TGAATATGCTATAAAC-1,0,16,114,3866,5492
ACCAAACACCCAGCGA-1,0,17,115,3752,5689
TGGCTTGTACAAGCTT-1,0,16,116,3639,5491
GAATGAAGGTCTTCAG-1,0,17,117,3525,5688
AGATACCAGCACTTCA-1,0,16,118,3412,5490
GCGGTCCCGGTGAAGG-1,0,17,119,3298,5687
GAGGCATTTGCAGCAG-1,0,16,120,3186,5490
GGCAAGCCAGGGATAG-1,0,17,121,3071,5687
TCTACGGGCTCAGTTG-1,0,16,122,2959,5489
TCTGCGAATCGTTCGC-1,0,17,123,2845,5686
AGCTCGTTGATGGAAA-1,0,16,124,2732,5488
TGAATGAGATACAGCA-1,0,17,125,2618,5685
ACCCTTGCCTGGGTCG-1,0,16,126,2505,5487
GGCGAACCGTTCTGAT-1,0,17,127,2391,5684
GCGATGTCTGTGCTTG-1,0,18,0,16797,5929
ATTAACACCTGAGATA-1,0,19,1,16683,6126
GAAATCTGACCAAGTT-1,0,18,2,16570,5929
CCTGACAAACTCGCGC-1,0,19,3,16456,6126
ATGTCATTTCCCATTG-1,0,18,4,16343,5928
GCGGTGCGGAGCATCG-1,0,19,5,16229,6125
CGGAAAGCAAATGTGC-1,0,18,6,16116,5927
GCTGAGCAACGGTTCT-1,0,19,7,16002,6124
TCACTCTTCGTCTGTC-1,0,18,8,15889,5926
GATCTTCATTGTCCTC-1,0,19,9,15775,6123
ACTCGATGTATTTCAT-1,0,18,10,15662,5926
TGAAGAGCGGTCCTAG-1,0,19,11,15548,6123
TAAACGTCGTCAATGA-1,0,18,12,15436,5925
ACGTTATTGGTCACTC-1,0,19,13,15322,6122
ATAGCCTCAGTACCCA-1,0,18,14,15209,5924
CGGGAGTATACCGCCG-1,0,19,15,15095,6121
GTCCTACAGGCGGCTC-1,0,18,16,14982,5923
CGGATAAGCGGACATG-1,0,19,17,14868,6120
AACTTCTGCGTCTATC-1,0,18,18,14755,5923
GGGTTCAGACGAACAA-1,0,19,19,14641,6120
AGTCTGGACATCCTTG-1,0,18,20,14528,5922
TTGAACGAATCCTTTG-1,0,19,21,14414,6119
GAAATACTAAACGTTT-1,0,18,22,14301,5921
CCCGCGCAATGCACCC-1,0,19,23,14187,6118
TTCGGCTAGAGATGGT-1,0,18,24,14074,5920
GACACGAGTTAGAGGA-1,0,19,25,13960,6117
GAGGTCCCAAAGATCT-1,0,18,26,13847,5920
TAACTCCATGGAGGCT-1,0,19,27,13733,6117
CTTGTTTATGTAGCCA-1,0,18,28,13621,5919
GATGGCGCACACATTA-1,0,19,29,13506,6116
ATAATAGTGTAGGGAC-1,0,18,30,13394,5918
CGCTATTCAATGTATG-1,0,19,31,13280,6115
ATATTGCTGTCAAAGT-1,0,18,32,13167,5917
GGATTCAGTACGGTGG-1,0,19,33,13053,6114
TTCTTAGTGAACGGTG-1,0,18,34,12940,5917
AATGGTTCTCACAAGC-1,0,19,35,12826,6114
TATACACGCAAAGTAT-1,0,18,36,12713,5916
CTTCATAGCTCAAGAA-1,0,19,37,12599,6113
CAACGGTTCTTGATAC-1,0,18,38,12486,5915
ACACCCGAGAAATCCG-1,0,19,39,12372,6112
TCTATCATGCAGTTAC-1,0,18,40,12259,5914
CCCGCCATGCTCCCGT-1,0,19,41,12145,6111
CGCTTCCACTGAAATC-1,0,18,42,12032,5914
CACTGTCCAAGTGAGA-1,0,19,43,11918,6111
ATTACTAGCCTCTTGC-1,0,18,44,11806,5913
CATAGTAGCATAGTAG-1,0,19,45,11691,6110
CAACTCCTTGATCCCG-1,0,18,46,11579,5912
AAGTAGAAGACCGGGT-1,0,19,47,11465,6109
GCGGGAACCAGGCCCT-1,0,18,48,11352,5911
ATTAGATTGATAGCGG-1,0,19,49,11238,6108
CTCGGTCCGTAGCCTG-1,0,18,50,11125,5911
TGGCTTTGGGTAGACA-1,0,19,51,11011,6108
TATCCATATCATGCGA-1,0,18,52,10898,5910
GGAGTGCCGCCCTGGA-1,0,19,53,10784,6107
TGAGAATGCTTTACCG-1,0,18,54,10671,5909
TTAACCAACCCTCCCT-1,0,19,55,10557,6106
TGTTTCGGTACTTCTC-1,0,18,56,10444,5908
TTGCTGAAGGAACCAC-1,0,19,57,10330,6105
TATTTAGTCTAGATCG-1,0,18,58,10217,5908
CTCCGGCCTAATATGC-1,0,19,59,10103,6105
TTGTGGCCCTGACAGT-1,0,18,60,9991,5907
TCGCCGGTCGATCCGT-1,0,19,61,9876,6104
CCATAGGTTGGCGTGG-1,0,18,62,9764,5906
GAACGACCGAATGATA-1,0,19,63,9650,6103
TCCGATAATTGCCATA-1,0,18,64,9537,5905
CATTACGTCGGCCCGT-1,0,19,65,9423,6102
CAAGCACCAAATGCCT-1,0,18,66,9310,5905
TGCATGGATCGGATCT-1,0,19,67,9196,6102
GAAATCGCGCGCAACT-1,0,18,68,9083,5904
CTGAAAGAGATCCGAC-1,0,19,69,8969,6101
CACCTCGATGGTGGAC-1,0,18,70,8856,5903
ATTTGTTCCAGGGCTC-1,0,19,71,8742,6100
TGGGCCACAAGAGCGC-1,0,18,72,8629,5902
CCTTCTTGATCCAGTG-1,0,19,73,8515,6099
CCTCGCCAGCAAATTA-1,0,18,74,8402,5902
TTCATGGCGCAACAGG-1,0,19,75,8288,6099
TTAATCAGTACGTCAG-1,0,18,76,8176,5901
CCTATCTATATCGGAA-1,0,19,77,8061,6098
ATTATACTTTGCTCGT-1,0,18,78,7949,5900
ATGGATCCGGCGTCCG-1,0,19,79,7835,6097
CGCCCGCTTCCGTACA-1,0,18,80,7722,5899
GGATTCCGCTATACCC-1,0,19,81,7608,6096
CGGTCTATCAACCCGT-1,0,18,82,7495,5899
ATGCCGGTTGATGGGA-1,0,19,83,7381,6096
TCATGCAGGTTCTCAT-1,0,18,84,7268,5898
TGAGCTTTAATGACGC-1,0,19,85,7154,6095
TCCCTTAGATTACTCG-1,0,18,86,7041,5897
ATATCTCCCTCGTTAA-1,0,19,87,6927,6094
AGCTCTTCCCAGTGCA-1,0,18,88,6814,5896
TCGCTAAACCGCTATC-1,0,19,89,6700,6093
CACATTCTTTCGATGG-1,0,18,90,6587,5896
GATATGCGGTAGCCAA-1,0,19,91,6473,6093
CGTTTCACTTCGGGCG-1,0,18,92,6360,5895
CCAATTACGGGTCGAG-1,0,19,93,6246,6092
GCAGGTAGAGTATGGT-1,0,18,94,6134,5894
GTCGTATTGGCGTACA-1,0,19,95,6020,6091
GAAATTAGCACGGATA-1,0,18,96,5907,5893
AATGCACCAAGCAATG-1,0,19,97,5793,6090
AGGACGCTCGATGTTG-1,0,18,98,5680,5893
GGCTAAAGGGCGGGTC-1,0,19,99,5566,6090
CATCTATCCCGTGTCT-1,0,18,100,5453,5892
CAGTAACTATTTATTG-1,0,19,101,5339,6089
CATATACTACTGATAA-1,0,18,102,5226,5891
GCGTTCGGAGACCGGG-1,0,19,103,5112,6088
AAGTTCAGTCTGCGTA-1,0,18,104,4999,5890
CGAAGCTATAAATTCA-1,0,19,105,4885,6087
CGCGGTCACAAACCAA-1,0,18,106,4772,5890
GGGAATGAGCCCTCAC-1,0,19,107,4658,6087
ACGGAGCGCAAATTAC-1,0,18,108,4545,5889
CGTTCTTCGCACACCT-1,0,19,109,4431,6086
GAATAGCCCTGCGGTC-1,0,18,110,4319,5888
AATAGCTACCGCGTGC-1,0,19,111,4204,6085
CCGAGCTGTGCTTGTC-1,0,18,112,4092,5887
GATGACGATGATCGCG-1,0,19,113,3978,6084
GCCTATGCTGGGCCTT-1,0,18,114,3865,5887
TTACTGTCTAGAGCTC-1,0,19,115,3751,6084
AGCGGTTGCCGCTCTG-1,0,18,116,3638,5886
GCTTGCAGCACAATTG-1,0,19,117,3524,6083
CCGGAGGTCTTATGGT-1,0,18,118,3411,5885
ACAGTATACCGTGGGA-1,0,19,119,3297,6082
GGGATCCCAATACAAA-1,0,18,120,3184,5884
ATTACGACTCCACAGT-1,0,19,121,3070,6081
CTCACACGCAAGCCTA-1,0,18,122,2957,5884
CCAGATGTAAATGGGT-1,0,19,123,2843,6081
GAACTTGTGCACGGGA-1,0,18,124,2730,5883
AAGCCGCTTTACCTTG-1,0,19,125,2616,6080
TCCATTCCCACTAGAG-1,0,18,126,2504,5882
AGAGCGCTTGTAACGG-1,0,19,127,2389,6079
TGGGTTCCCGGACGGA-1,0,20,0,16796,6324
GCTGCGCCTCCCACGT-1,0,21,1,16681,6521
CTGTTGGCTCTTCTGA-1,0,20,2,16569,6323
TTGTTCTAGATACGCT-1,0,21,3,16455,6520
CCCTCAAGCTCTTAGT-1,0,20,4,16342,6323
TGGTCTAGCTTACATG-1,0,21,5,16228,6520
ATGCACCTTCCTTAAT-1,0,20,6,16115,6322
GGGATACGGTAATAAT-1,0,21,7,16001,6519
AGTTCACCGGTTGGAC-1,0,20,8,15888,6321
GACATACTGTCGCAGA-1,0,21,9,15774,6518
TGGACACCGTTGCTTG-1,0,20,10,15661,6320
TGCGATGCTAATGGCT-1,0,21,11,15547,6517
TTCTGTTTCCTGTCGC-1,0,20,12,15434,6320
CGTTGTAAACGTCAGG-1,0,21,13,15320,6517
GATCGGCGATAAGTCG-1,0,20,14,15207,6319
AGCCTTAAAGCGGAAG-1,0,21,15,15093,6516
TCCGTAACCACAATCC-1,0,20,16,14981,6318
GAATGCCGAAATGACC-1,0,21,17,14866,6515
TATACTCATGCGGCAA-1,0,20,18,14754,6317
TAGTGTCAGAAACGGC-1,0,21,19,14640,6514
CGTCATACCATATCCA-1,0,20,20,14527,6317
TAGTACCTTAGTGGTC-1,0,21,21,14413,6514
CTGGCGGGAATAAGTA-1,0,20,22,14300,6316
AGTGTGGTCTATTGTG-1,0,21,23,14186,6513
GCTATCGCGGCGCAAC-1,0,20,24,14073,6315
CAGTAATCCCTCCCAG-1,0,21,25,13959,6512
GTATTAAGGCGTCTAA-1,0,20,26,13846,6314
CTAATTTCAACAACAC-1,0,21,27,13732,6511
TTAGCAACATGGATGT-1,0,20,28,13619,6314
ATGCTCAGTGTTGCAT-1,0,21,29,13505,6511
GATGTTTGTGCGAGAT-1,0,20,30,13392,6313
CACTTCGCCACAGGCT-1,0,21,31,13278,6510
CTGTATGGTGTAGAAA-1,0,20,32,13166,6312
TACGTGCACTATGCTG-1,0,21,33,13051,6509
GTATCAGCTTGGGTTC-1,0,20,34,12939,6311
TAACAAAGGGAGAAGC-1,0,21,35,12825,6508
TTACATCGTGGCCTGG-1,0,20,36,12712,6311
TCTGAACCGGTCGGCT-1,0,21,37,12598,6508
GGCTCGTGCCACCAGC-1,0,20,38,12485,6310
TATAAGTGAGGATAGC-1,0,21,39,12371,6507
GCCCGCGCGTTTGACA-1,0,20,40,12258,6309
TGCTGGTTGGACAATT-1,0,21,41,12144,6506
GCCTAGCGATCTGACC-1,0,20,42,12031,6308
CCATGCTCTGCAGGAA-1,0,21,43,11917,6505
TATAAATCCACAAGCT-1,0,20,44,11804,6308
CGCTCGACATAATGAT-1,0,21,45,11690,6505
CCAATTGAATGTTAAT-1,0,20,46,11577,6307
GCTAATACCGAATGCC-1,0,21,47,11463,6504
TTCAACGACCCGACCG-1,0,20,48,11351,6306
TTCCTCGAGGGTGTCT-1,0,21,49,11236,6503
CAACGACCCGTTTACA-1,0,20,50,11124,6305
CTTGTACTTGTTGACT-1,0,21,51,11010,6502
TCTCTAATAGCTGGTA-1,0,20,52,10897,6305
ATTATGCCATAGGGAG-1,0,21,53,10783,6502
GACAACGCAGCTTACG-1,0,20,54,10670,6304
AGATGACTCGCCCACG-1,0,21,55,10556,6501
GTGCGGGTCTCCAAAT-1,0,20,56,10443,6303
GTACGAGATTGCGACA-1,0,21,57,10329,6500
GTATAGGACTCAGTAG-1,0,20,58,10216,6302
TTGCACGGAGCAGCAC-1,0,21,59,10102,6499
CACAGCTAGGGAGTGA-1,0,20,60,9989,6302
ATACTAGCATGACCCT-1,0,21,61,9875,6499
CCAAGACTTCTGCGAA-1,0,20,62,9762,6301
ACATAATAAGGCGGTG-1,0,21,63,9648,6498
TAATACACAGTAGTAT-1,0,20,64,9535,6300
TCTTGGTAACACCAAA-1,0,21,65,9421,6497
AACTGGGTCCCGACGT-1,0,20,66,9309,6299
ATCACTTCATCCTCGC-1,0,21,67,9195,6496
TGGAAGGATAAAGATG-1,0,20,68,9082,6299
CATGATGCACAATTCT-1,0,21,69,8968,6496
TGCCTGATCAAACGAT-1,0,20,70,8855,6298
ATAGGGATATCCTTGA-1,0,21,71,8741,6495
CACCTAATCAGTTTAC-1,0,20,72,8628,6297
TGTGACTACGCCAGTC-1,0,21,73,8514,6494
CCCGACCATAGTCCGC-1,0,20,74,8401,6296
CGCGCCCGACTTAATA-1,0,21,75,8287,6493
TGCCACCTGGCGAAAC-1,0,20,76,8174,6296
CTGCCAAGGTTGGAAG-1,0,21,77,8060,6493
TCTCCAACGTAGGTTA-1,0,20,78,7947,6295
TTCTTGGAGTAATGAG-1,0,21,79,7833,6492
GTCTCGATCTGCTTTC-1,0,20,80,7720,6294
TACTCTCCGAACAAAT-1,0,21,81,7606,6491
ATCACATTAGAATATC-1,0,20,82,7494,6293
TACGGGATGCTAGCAG-1,0,21,83,7379,6490
AGCTGAAGTAAACCAA-1,0,20,84,7267,6293
CATGGGTCGGGTGTGG-1,0,21,85,7153,6490
CACCCACGAGGCAATT-1,0,20,86,7040,6292
TGCCATTACTAAAGAA-1,0,21,87,6926,6489
CCGTTACGTTAGAACA-1,0,20,88,6813,6291
GCCAGGAGTAACCGAT-1,0,21,89,6699,6488
GGAAAGTGCCCATGCC-1,0,20,90,6586,6290
TCTTACCGGAACTCGT-1,0,21,91,6472,6487
TATGTCAAGACCGACT-1,0,20,92,6359,6290
CCTAACTAAGGCTCTA-1,0,21,93,6245,6487
GCGGTGAACTGCGCTC-1,0,20,94,6132,6289
CCTCGCGCGATATAGG-1,0,21,95,6018,6486
ATCGGCAAGCAGTCCA-1,0,20,96,5905,6288
AGATCGTGCATAAGAT-1,0,21,97,5791,6485
ATTCAGGACCTATTTC-1,0,20,98,5679,6287
AGCTAGAAGCAGAAGT-1,0,21,99,5564,6484
TTCGCTATCTGACGTG-1,0,20,100,5452,6287
TTCCGCAGAGAAATAT-1,0,21,101,5338,6484
CAGTACATTCTCTAAA-1,0,20,102,5225,6286
GTGAAGATTTCAAGTG-1,0,21,103,5111,6483
AACGCATGATCTGGGT-1,0,20,104,4998,6285
CCCAGAGGAGGGCGTA-1,0,21,105,4884,6482
GGAAACCTTGTTGAAT-1,0,20,106,4771,6284
GTGAAGCCGTATAGTC-1,0,21,107,4657,6481
GAGCTGTCGTCTCGGA-1,0,20,108,4544,6284
TGTCATTTGTTGGGAA-1,0,21,109,4430,6481
ACCAACACCACACACT-1,0,20,110,4317,6283
AAATGATTCGATCAGC-1,0,21,111,4203,6480
CTGCTTTATGTCCGCG-1,0,20,112,4090,6282
GCGAGAGGCCATGTAA-1,0,21,113,3976,6479
ATTGACCGGCGATGAC-1,0,20,114,3864,6281
ACCCTGGTAACGCCCT-1,0,21,115,3749,6478
GTTGGACCGCATCAGG-1,0,20,116,3637,6281
CGTTTACAAGGCAGCT-1,0,21,117,3523,6478
CGGTCCATGAGACTCC-1,0,20,118,3410,6280
GTTCGTCTGGGTCCCT-1,0,21,119,3296,6477
TGTACTACTCTCACGG-1,0,20,120,3183,6279
AGTGAAGATGGTGTCC-1,0,21,121,3069,6476
GAGGGCCATAATATTA-1,0,20,122,2956,6278
ACTCCCGTAGACTAGG-1,0,21,123,2842,6475
CGTCAAATGGTCGCAG-1,0,20,124,2729,6278
AAGTCTAGTAGCTGCC-1,0,21,125,2615,6475
AAGAAATCACCAGATT-1,0,20,126,2502,6277
GAGTGCACGGACAACA-1,0,21,127,2388,6474
GTTCAAATCAGATGTC-1,0,22,0,16794,6719
CATGGCTCCCTATGTC-1,0,23,1,16680,6916
GGCCACACGAAAGCCT-1,0,22,2,16567,6718
GAAGCCGGGTAAGCTC-1,0,23,3,16453,6915
TTGCGCTCTCTCGCTT-1,0,22,4,16341,6717
TACATGACCTTATCCG-1,0,23,5,16226,6914
GTCCTTCTACAACCCA-1,0,22,6,16114,6717
TATATGCTGGGTTGCC-1,0,23,7,16000,6914
GTTTATGGGATTTAGA-1,0,22,8,15887,6716
GGAACCCGAACAAGAA-1,0,23,9,15773,6913
AACGTTATCAGCACCT-1,0,22,10,15660,6715
CATCGTCCGGTTACTA-1,0,23,11,15546,6912
AGACAGCTCAGAATCC-1,0,22,12,15433,6714
GCAGATCCTCGCAAAT-1,0,23,13,15319,6911
GGGTCATGCGTACCAT-1,0,22,14,15206,6714
CTGGTCATTCCAATCC-1,0,23,15,15092,6911
TCAGGGCGCAAACTCG-1,0,22,16,14979,6713
GATGCCAGCAGAAGGC-1,0,23,17,14865,6910
GTTATTAACGTGGGAG-1,0,22,18,14752,6712
AATACAATGTTTCAGG-1,0,23,19,14638,6909
TTGCTGCACCTATCCA-1,0,22,20,14525,6711
CCAGAGACAAAGCCGG-1,0,23,21,14411,6908
CCGAAGTATATTGTTC-1,0,22,22,14299,6711
GCTAAACCTGAGGTGA-1,0,23,23,14185,6908
TCATACTTACAGATCC-1,0,22,24,14072,6710
CGAGCACTTCAAGTTT-1,0,23,25,13958,6907
TAGCAACCTGTCACAA-1,0,22,26,13845,6709
TGGGAAATGCCTTTCC-1,0,23,27,13731,6906
AGACCATGGGATACAA-1,0,22,28,13618,6708
TAAATGAATCCGTTTC-1,0,23,29,13504,6905
ACAACGGTCCCTGCGA-1,0,22,30,13391,6708
GTCACTCTCCAAATCT-1,0,23,31,13277,6905
TTCTACTTGCGAGGGC-1,0,22,32,13164,6707
CGCAATTACTTTCGGT-1,0,23,33,13050,6904
CTGTTCATCTCACGGG-1,0,22,34,12937,6706
TTCTTGTAACCTAATG-1,0,23,35,12823,6903
GCTTGATGATAATCAG-1,0,22,36,12710,6705
TTGGCTCGCATGAGAC-1,0,23,37,12596,6902
GCCCAGTTGGTATGCC-1,0,22,38,12484,6705
ATTCCTCCGCCAGTGC-1,0,23,39,12369,6902
TCGTCCGCTGGCGTCT-1,0,22,40,12257,6704
GGAGAAGTCATTGGCA-1,0,23,41,12143,6901
TTGTTAGCAAATTCGA-1,0,22,42,12030,6703
TCTAGCATCTTCGATG-1,0,23,43,11916,6900
TTCTAGGCCAATTGTG-1,0,22,44,11803,6702
TCACGGTCATCGCACA-1,0,23,45,11689,6899
ATGAAGCCAAGGAGCC-1,0,22,46,11576,6702
AATGACTGTCAGCCGG-1,0,23,47,11462,6899
CCAAACAGAACCCTCG-1,0,22,48,11349,6701
TATCGATGATTAAACG-1,0,23,49,11235,6898
GAACACACATCAACCA-1,0,22,50,11122,6700
CCCGTCAGCGTCTGAC-1,0,23,51,11008,6897
AGCATCGTCGATAATT-1,0,22,52,10895,6699
GACTAAGATCATGCAC-1,0,23,53,10781,6896
TAGGGTGTTTCAAGAG-1,0,22,54,10669,6699
TGGTTCGTAGCAAAGG-1,0,23,55,10554,6896
CTGTTCACTGCCTGTG-1,0,22,56,10442,6698
ATGTGCATCCGACGCA-1,0,23,57,10328,6895
TTGTCGTTCAGTTACC-1,0,22,58,10215,6697
CGGGATCAATGTAAGA-1,0,23,59,10101,6894
TTATCTGTATCATAAC-1,0,22,60,9988,6696
ATCGACTCTTTCCGTT-1,0,23,61,9874,6893
CTCATTTGATGGGCGG-1,0,22,62,9761,6696
GTAAGCGGGCAGTCAG-1,0,23,63,9647,6893
TCTATCGGTCGCAACA-1,0,22,64,9534,6695
AACGCGGTCTCCAGCC-1,0,23,65,9420,6892
ATTAATACTACGCGGG-1,0,22,66,9307,6694
CTTTAACTTTCAAAGG-1,0,23,67,9193,6891
CGTACCTGATAGGCCT-1,0,22,68,9080,6693
GAATGTTGGGTAATCT-1,0,23,69,8966,6890
TGCGGAGTAAAGGTGC-1,0,22,70,8854,6693
CCTGAATATTTACATA-1,0,23,71,8739,6890
TTGCTCCCATACCGGA-1,0,22,72,8627,6692
CCTCTAATCTGCCAAG-1,0,23,73,8513,6889
AGGTTGAGGCACGCTT-1,0,22,74,8400,6691
TCCCGTCAGTCCCGCA-1,0,23,75,8286,6888
TCCGATGACTGAGCTC-1,0,22,76,8173,6690
CAGCCTCCTGCAGAGG-1,0,23,77,8059,6887
CTTAGCCTTCCACATG-1,0,22,78,7946,6690
ATTAATGAACCAGTCG-1,0,23,79,7832,6887
ACGATACATAGAACTA-1,0,22,80,7719,6689
AGCCACTCCCGTGCTT-1,0,23,81,7605,6886
ATACGGGTTTCGATTG-1,0,22,82,7492,6688
CTGTCAAATGGCTCGG-1,0,23,83,7378,6885
GCTCGGAATTTAAAGC-1,0,22,84,7265,6687
TAGGCATGTTACGCCA-1,0,23,85,7151,6884
TGGCAACTCGCGCGCC-1,0,22,86,7039,6687
ATCAGTAGGCAGGGAT-1,0,23,87,6924,6884
TATCGATCTATGCATA-1,0,22,88,6812,6686
CGACTCAGGATGTTAT-1,0,23,89,6698,6883
GCCATATTGCACACAG-1,0,22,90,6585,6685
AATTCATAAGGGATCT-1,0,23,91,6471,6882
CGGTAGAGGTGCAGGT-1,0,22,92,6358,6684
AATGATGATACGCTAT-1,0,23,93,6244,6881
CTTGTGCTCACCGATT-1,0,22,94,6131,6684
TTCCAATCAGAGCTAG-1,0,23,95,6017,6881
CGATGGACCCTACGCC-1,0,22,96,5904,6683
GGTCGGATAAACGGCG-1,0,23,97,5790,6880
TTAGCTAATACGATCT-1,0,22,98,5677,6682
CTCGATATTTGCGAGC-1,0,23,99,5563,6879
ATTACTTACTGGGCAT-1,0,22,100,5450,6681
CTAGCCGATGTTATGA-1,0,23,101,5336,6878
TACTGCAATCAATTAC-1,0,22,102,5223,6681
TAGTCTGTGACGTTGC-1,0,23,103,5109,6878
CTCGTTTCTAATGTTT-1,0,22,104,4997,6680
TTCGTTCAACGAAGTT-1,0,23,105,4883,6877
CTGAATTTATTGCCAG-1,0,22,106,4770,6679
TGGAATATCCTTGACC-1,0,23,107,4656,6876
CAGATCATTTAAAGTC-1,0,22,108,4543,6678
CTCCTTTACGCAAGTC-1,0,23,109,4429,6875
TCCCAAACAGACAACG-1,0,22,110,4316,6678
ATCGCTGCGTGCAGCA-1,0,23,111,4202,6875
TTAGTTCAAGTGTTCG-1,0,22,112,4089,6677
AAACTCGTGATATAAG-1,0,23,113,3975,6874
TTAACGAACAAGCAGT-1,0,22,114,3862,6676
GTTATATCAGGAGCCA-1,0,23,115,3748,6873
CAAATTGGATTATGCC-1,0,22,116,3635,6675
CGAGGAGCTTCCATAT-1,0,23,117,3521,6872
GGAGACCAATGTGCTT-1,0,22,118,3408,6675
CATTGATGAACACGCC-1,0,23,119,3294,6872
GTCAATGCTATAATTT-1,0,22,120,3182,6674
ACCACCCTCTCTTCTA-1,0,23,121,3067,6871
TGGAGGGAAACACCTC-1,0,22,122,2955,6673
CACGGACGTGGATGGC-1,0,23,123,2841,6870
AACTTTCTCGATCATG-1,0,22,124,2728,6672
CGTATTGTTTCCTAAT-1,0,23,125,2614,6869
CCTACTGCGGCGGCCA-1,0,22,126,2501,6672
CTTAGGTCCCAATCGT-1,0,23,127,2387,6869
CGCAATCGATCATTAG-1,0,24,0,16793,7114
TGGTTATGCTTGCGGT-1,0,25,1,16679,7311
GGCTTGGCTCTCACCT-1,0,24,2,16566,7113
ATTGGTAGGATCCGCT-1,0,25,3,16452,7310
TCAGGGCGACTTCCTT-1,0,24,4,16339,7112
TCTGCAGATTCGAGTC-1,0,25,5,16225,7309
CTCTCGCTGTACTATG-1,0,24,6,16112,7111
AATAGTCGCGAGTCGG-1,0,25,7,15998,7308
AGTTACCCTTAAGACT-1,0,24,8,15885,7111
CTTAAATAAGACCCAT-1,0,25,9,15771,7308
GGTTGTGCTCTTGTCC-1,0,24,10,15659,7110
GTGAGTCTAAGACGGA-1,0,25,11,15544,7307
CGCGACACTGCGCAGC-1,0,24,12,15432,7109
GCTCGCGGTTCCGCTC-1,0,25,13,15318,7306
TTAACTCACGCGTGGA-1,0,24,14,15205,7108
GGAACGGCCTGCAGCC-1,0,25,15,15091,7305
GTAGAAACGGGTGGAG-1,0,24,16,14978,7108
TAATGAAAGACCCTTG-1,0,25,17,14864,7305
AGGCTTGCTAGACACC-1,0,24,18,14751,7107
TTGCGTAGTTTGAGGA-1,0,25,19,14637,7304
CGCCCTTGAAGGCTGA-1,0,24,20,14524,7106
CCCGGTGGAAGAACCT-1,0,25,21,14410,7303
TTAACACCTCGAACAT-1,0,24,22,14297,7105
GATTCCTATACGGCGC-1,0,25,23,14183,7302
TTACCCTAACAGTCCT-1,0,24,24,14070,7105
ACCCACCTACATGCTC-1,0,25,25,13956,7302
AAAGGGCAGCTTGAAT-1,0,24,26,13844,7104
CACACAGGGATAGATT-1,0,25,27,13729,7301
AGAGCGTACAAGCTCG-1,0,24,28,13617,7103
TCTTACGGCATCCGAC-1,0,25,29,13503,7300
GCCTATTCCGATATAG-1,0,24,30,13390,7102
GAAAGTGACTAACTGC-1,0,25,31,13276,7299
CCGGAATGGTTTCAGT-1,0,24,32,13163,7102
AGTATAATACTAGGCA-1,0,25,33,13049,7299
TAACTATCGAAGGTCC-1,0,24,34,12936,7101
ATGAGGAGTGTTAATC-1,0,25,35,12822,7298
TGTGTCGCGAGTTGCA-1,0,24,36,12709,7100
ATCCAACGCAGTCATA-1,0,25,37,12595,7297
AAGGCGCGTAAAGCTT-1,0,24,38,12482,7099
AGTCGGCCCAAACGAC-1,0,25,39,12368,7296
AACGTCAGACTAGTGG-1,0,24,40,12255,7099
ACTACCAGCTCTCTGG-1,0,25,41,12141,7296
GCAAGTGCACAGAGAA-1,0,24,42,12029,7098
ACACCTTAAGTAGGGC-1,0,25,43,11914,7295
TTCGACGGGAAGGGCG-1,0,24,44,11802,7097
TTCGCACTCGCGTGCT-1,0,25,45,11688,7294
TATTTGTTACCCTTTA-1,0,24,46,11575,7096
CGCTGTGACGCCGCAC-1,0,25,47,11461,7293
GTTGCACGGAGTTTCG-1,0,24,48,11348,7096
GTTTCCTGGAGGGTGA-1,0,25,49,11234,7293
ACACCCAGCATGCAGC-1,0,24,50,11121,7095
TCAACCATGTTCGGGC-1,0,25,51,11007,7292
TTACAACTACGCATCC-1,0,24,52,10894,7094
TCCGATGGTGCGACAT-1,0,25,53,10780,7291
GGGCGTACATTTATAT-1,0,24,54,10667,7093
AGCGACCAACGATATT-1,0,25,55,10553,7290
ACACAAAGACGGGTGG-1,0,24,56,10440,7093
ATCGCACGCCGGGAGA-1,0,25,57,10326,7290
GCTCTAAACCCTGACG-1,0,24,58,10214,7092
AATGCAACCGGGTACC-1,0,25,59,10099,7289
TCAAACAACCGCGTCG-1,0,24,60,9987,7091
TATGCTCCCTACTTAC-1,0,25,61,9873,7288
AAAGGGATGTAGCAAG-1,0,24,62,9760,7090
ACGATCATACATAGAG-1,0,25,63,9646,7287
TTGTTCAGTGTGCTAC-1,0,24,64,9533,7090
ATGCATGATCCAGGAT-1,0,25,65,9419,7287
AGTCTTCTCCTCAAAT-1,0,24,66,9306,7089
GATTCCCTTGTCGCAG-1,1,25,67,9192,7286
CTCGCACCTATATAGT-1,0,24,68,9079,7088
ACTCAATAAAGGCACG-1,1,25,69,8965,7285
AACCGAGCTTGGTCAT-1,0,24,70,8852,7087
TAAGGCAACATAAGAT-1,1,25,71,8738,7284
CACGCACAGCGCAGCT-1,0,24,72,8625,7087
GGTTTACAATCTCAAT-1,1,25,73,8511,7284
TGCAGGATCGGCAAAG-1,0,24,74,8398,7086
ATAACGGAGTCCAACG-1,1,25,75,8284,7283
AACGATATGTCAACTG-1,0,24,76,8172,7085
GACAACGACCATTGAA-1,1,25,77,8058,7282
TTGACCATGTTCTCCG-1,0,24,78,7945,7084
AGTACGGGCACCTGGC-1,1,25,79,7831,7281
CGCCATCCGATTATGA-1,0,24,80,7718,7084
AAGGTATCCTAATATA-1,0,25,81,7604,7281
TGTTGTCAAGAAGTCT-1,0,24,82,7491,7083
CAGTGAATAAATGACT-1,0,25,83,7377,7280
CACCTTGCGAAACTCG-1,0,24,84,7264,7082
CATTTAGCGGACCATG-1,0,25,85,7150,7279
CCAGTCTAGACGGCGC-1,0,24,86,7037,7081
TCGCTTTAAACGTTTG-1,0,25,87,6923,7278
GTGAAACGGCGCCACC-1,0,24,88,6810,7081
GGGCTCATCGAACCCA-1,0,25,89,6696,7278
TTGATGTGTAGTCCCG-1,0,24,90,6583,7080
CAGTAGCCCACGCGGT-1,0,25,91,6469,7277
AGCGCGGGTGCCAATG-1,0,24,92,6357,7079
TAATCGATCCGTACGT-1,0,25,93,6242,7276
AGTGGCGGCAATTTGA-1,0,24,94,6130,7078
CCTTTCAATGAAGAAA-1,0,25,95,6016,7275
CTCAGTCACGACAAAT-1,0,24,96,5903,7078
ATAGGCTAGCTTCGCA-1,0,25,97,5789,7275
CGGTTCAAGTAGGTGT-1,0,24,98,5676,7077
CAGTCGAGGATGCAAT-1,0,25,99,5562,7274
TATCACCCAACCGACC-1,0,24,100,5449,7076
AATGATGCGACTCCTG-1,0,25,101,5335,7273
TGGAACCACTGACACA-1,0,24,102,5222,7075
GCCAATAGGGCATCTC-1,0,25,103,5108,7272
TTCTTTGGTCGCGACG-1,0,24,104,4995,7075
ATTAGATTCCTCAGCA-1,0,25,105,4881,7272
CCGTGGAACGATCCAA-1,0,24,106,4768,7074
GGGTCGTGGCAAGTGT-1,0,25,107,4654,7271
TCGCTCGGCACCAGCG-1,0,24,108,4542,7073
ACGCAATCACTACAGC-1,0,25,109,4427,7270
CTCTAATGCATTGATC-1,0,24,110,4315,7072
GTCTCGACTAAGTTTG-1,0,25,111,4201,7269
TGGTTTAAACGTGGGT-1,0,24,112,4088,7072
CGCAGATCTTCACCCG-1,0,25,113,3974,7269
TCCAGATGTACGCCAA-1,0,24,114,3861,7071
CATTGCGGGTCAATTC-1,0,25,115,3747,7268
GACGTTCGTAAATACA-1,0,24,116,3634,7070
TACACCGTCGTTAGTC-1,0,25,117,3520,7267
ACGGGCGTATGCGACA-1,0,24,118,3407,7069
GAAGGCTACCATTGTT-1,0,25,119,3293,7266
TAAATCTTTACACCTC-1,0,24,120,3180,7069
AGTTTATGTAAAGACA-1,0,25,121,3066,7266
AGGAGACATCCACAGT-1,0,24,122,2953,7068
CAACCTGAACCTGCCA-1,0,25,123,2839,7265
AGTCCCTCGCAGAAAG-1,0,24,124,2727,7067
TGTATACGGATGATGA-1,0,25,125,2612,7264
TTGTGGTATAGGTATG-1,0,24,126,2500,7066
TCTGCACCATTAGTAA-1,0,25,127,2386,7263
AAATGTATCTTATCCC-1,0,26,0,16792,7508
ACTCTAAACCTGGGAT-1,0,27,1,16678,7705
GCTGGCAGGTGCCGTG-1,0,26,2,16565,7508
CTCATTCGTGAACATC-1,0,27,3,16451,7705
TCGCCGGATGGGCAAG-1,0,26,4,16338,7507
GGACTAAGTCAGGAGT-1,0,27,5,16224,7704
TATCAAAGGTCTGTAA-1,0,26,6,16111,7506
TTCAGTTTGTGGCAGC-1,0,27,7,15997,7703
TGTTCATAAATGTGCT-1,0,26,8,15884,7505
CTTAGCCCGGATAGTG-1,0,27,9,15770,7702
GATGCGAATGGTATTA-1,0,26,10,15657,7505
TCTAACTGTATGTAAA-1,0,27,11,15543,7702
TTAAACCTGGTTCCTT-1,0,26,12,15430,7504
GCTAAGTAAAGGCGAT-1,0,27,13,15316,7701
AGTTACCGCACATGGT-1,0,26,14,15204,7503
GACTGCGGCACGTGTA-1,0,27,15,15089,7700
TGGTGATCGTATTTGT-1,0,26,16,14977,7502
TTATCGCCTGCGAAGC-1,0,27,17,14863,7699
TGGAATTAGACGCTTT-1,0,26,18,14750,7502
TCGTCACACTGTTAGC-1,0,27,19,14636,7699
TTATGTTTGCGATAGA-1,0,26,20,14523,7501
GGTGCTGATCACAAAG-1,0,27,21,14409,7698
CATAGCCGCCCGGGAT-1,0,26,22,14296,7500
GGTTAGTTACGGCGCC-1,0,27,23,14182,7697
ATTCCCACATAAACAA-1,0,26,24,14069,7499
ATTCAGTAGCAGGGTC-1,0,27,25,13955,7696
CAGTTCCGCGGGTCGA-1,0,26,26,13842,7499
AAGAGATGAATCGGTA-1,0,27,27,13728,7696
CGCAATTCTACAATAA-1,0,26,28,13615,7498
TAACGCTTTGAGAGCG-1,0,27,29,13501,7695
AGGCTATGGTTAGCTT-1,0,26,30,13388,7497
GAGGAATGGAGAGGTT-1,0,27,31,13274,7694
TCCTCTACGAGATGGC-1,0,26,32,13162,7496
TTGATTATGCAGATGA-1,0,27,33,13048,7693
TCAGTACTGACCCGCG-1,0,26,34,12935,7496
TTATGACAAACTGGAT-1,0,27,35,12821,7693
GTAAGTAGGGTATACC-1,0,26,36,12708,7495
CGCAAACACGAGTTAC-1,0,27,37,12594,7692
TGGCCGTATATTGACC-1,0,26,38,12481,7494
ACTGTAGCACTTTGGA-1,0,27,39,12367,7691
GCTCTATGTTACGTGC-1,0,26,40,12254,7493
TGCGCGATTAACGGAG-1,1,27,41,12140,7690
GAATCGACATGGTCAC-1,0,26,42,12027,7493
GACTAAGTAGGCTCAC-1,1,27,43,11913,7690
ATCTTGACCTGCAACG-1,0,26,44,11800,7492
ATGCACTACCGCATTG-1,1,27,45,11686,7689
CAGATACTAACATAGT-1,0,26,46,11573,7491
GATCGACACTATCTGA-1,1,27,47,11459,7688
ATAGAGTACTGGGACA-1,0,26,48,11347,7490
CCTACTGCTTACACTT-1,1,27,49,11232,7687
CCTGCTATTTGAGAAG-1,0,26,50,11120,7490
CGCGTTCATGAAATAC-1,1,27,51,11006,7687
CATTATGCTTGTTGTG-1,0,26,52,10893,7489
CCAGGGACGTGGCCTC-1,0,27,53,10779,7686
TATGGATGTGCTACGC-1,0,26,54,10666,7488
GTACTAAGATTTGGAG-1,0,27,55,10552,7685
AGACCCGCCCTCCTCG-1,0,26,56,10439,7487
CGCATTAGCTAATAGG-1,0,27,57,10325,7684
GCTCTCGGGTACCGAA-1,1,26,58,10212,7487
CACCGCCAGAAGGTTT-1,1,27,59,10098,7684
TCCCAAAGACGAAGGA-1,1,26,60,9985,7486
ATGGATTGACCAAACG-1,1,27,61,9871,7683
GTCATGGACATGACTA-1,1,26,62,9758,7485
CTACTGCCACCTGACC-1,1,27,63,9644,7682
TTATATTTGGCAATCC-1,1,26,64,9532,7484
AGCACCAGTACTCACG-1,1,27,65,9417,7681
CATGGTCTAGATACCG-1,1,26,66,9305,7484
TCTACCGTCCACAAGC-1,1,27,67,9191,7681
CTAGTTGGGCCCGGTA-1,1,26,68,9078,7483
TCCCGCGTACTCCTGG-1,1,27,69,8964,7680
CAGAGCATGAGCTTGC-1,1,26,70,8851,7482
ACACGGGAACTTAGGG-1,1,27,71,8737,7679
GGCTCTGCTCCAACGC-1,1,26,72,8624,7481
AGAACGTGGTACATTC-1,1,27,73,8510,7678
CAATAAACCTTGGCCC-1,1,26,74,8397,7481
ACTTCGCCATACGCAC-1,1,27,75,8283,7678
ATCTGGTTAAGACTGT-1,1,26,76,8170,7480
TCGTAAGACGACATTG-1,1,27,77,8056,7677
GTGTACCTTGGCTACG-1,1,26,78,7943,7479
GCCCGTAATACCTTCT-1,1,27,79,7829,7676
CGGTCAAGTGGGAACC-1,1,26,80,7717,7478
TTGTAAGGCCAGTTGG-1,1,27,81,7602,7675
GGAGCACCAAGAACTA-1,0,26,82,7490,7478
TAATAGTGACGACCAG-1,1,27,83,7376,7675
CTAAATCCTATTCCGG-1,0,26,84,7263,7477
CGAGTTCTGTCCCACC-1,0,27,85,7149,7674
AGGCAGATGCGTAAAC-1,0,26,86,7036,7476
AAGGATGAGGGACCTC-1,0,27,87,6922,7673
AGAGAACCGTCTAGGA-1,0,26,88,6809,7475
GAGGGCGCAGCTCTGC-1,0,27,89,6695,7672
AAGATTGGCGGAACGT-1,0,26,90,6582,7475
CCAGTAGTCTGATCCA-1,0,27,91,6468,7672
AAGGGACAGATTCTGT-1,0,26,92,6355,7474
ATAGAGTTATCAACTT-1,0,27,93,6241,7671
AAATTACCTATCGATG-1,0,26,94,6128,7473
GATCCTAAATCGGGAC-1,0,27,95,6014,7670
TTACAGACCTAAATGA-1,0,26,96,5902,7472
CCTCACCTTAGCATCG-1,0,27,97,5787,7669
CATGCGACCAGTTTAA-1,0,26,98,5675,7472
AACATATCAACTGGTG-1,0,27,99,5561,7669
CTATAAGAGCCAATCG-1,0,26,100,5448,7471
AATATCGAGGGTTCTC-1,0,27,101,5334,7668
GTACTCCTGGGTATGC-1,0,26,102,5221,7470
ATAAGTAGGATTCAGA-1,0,27,103,5107,7667
AGGTCGCGGAGTTACT-1,0,26,104,4994,7469
CTAATTCTCAGATATT-1,0,27,105,4880,7666
GCCAACCATTTCCGGA-1,0,26,106,4767,7469
TGATCCCAGCATTAGT-1,0,27,107,4653,7666
CGTTGTAAGATTGATT-1,0,26,108,4540,7468
GAAACCATGGTGCGCT-1,0,27,109,4426,7665
AATCTATGCCGGAGCC-1,0,26,110,4313,7467
GACTCCCAGAATAAGG-1,0,27,111,4199,7664
TATGATCCGGCACGCC-1,0,26,112,4086,7466
CCGCTTGCTGACATGG-1,0,27,113,3972,7663
TGGTTAAGGGCGCTGG-1,0,26,114,3860,7466
TTGATAGTCAATACAT-1,0,27,115,3746,7663
GGTTTAATTGAGCAGG-1,0,26,116,3633,7465
CATTACATAGATTGTG-1,0,27,117,3519,7662
GGTACACCAGATTTAT-1,0,26,118,3406,7464
GGCCCGTATACCATGC-1,0,27,119,3292,7661
ATCTTTCGTATAACCA-1,0,26,120,3179,7463
GAGATGACAATCCTTA-1,0,27,121,3065,7660
AAAGCTTGCCTACATA-1,0,26,122,2952,7463
GAACGATAAGTTAAAG-1,0,27,123,2838,7660
TAATAGCTAAATGATG-1,0,26,124,2725,7462
TATGGCTAGGCTAATT-1,0,27,125,2611,7659
AGGAGAGTCTGGCTAC-1,0,26,126,2498,7461
TGCTCTGCCGGTTCAC-1,0,27,127,2384,7658
CCAATAGATTTCATCT-1,0,28,0,16790,7903
GGGCACGAATTGGCCG-1,0,29,1,16676,8100
TCGTTGACAGGGTCCC-1,0,28,2,16563,7902
ATCGTATTCCGAGAAC-1,0,29,3,16449,8099
GGGAATTCTGTCCAGT-1,0,28,4,16337,7902
ACGCGTTTCTTAAGAG-1,0,29,5,16223,8099
GAGAGCGCAGTCCCTG-1,0,28,6,16110,7901
GTCCTATTGTTGTGGT-1,0,29,7,15996,8098
CATCTGCAGGATCATT-1,0,28,8,15883,7900
GAGTCGACAGACCCTC-1,0,29,9,15769,8097
AAGTGCAAAGGTAGAC-1,0,28,10,15656,7899
AGGGTGGATAGTGCAT-1,0,29,11,15542,8096
TGATAGCGGGATTCTA-1,0,28,12,15429,7899
GTCAGTTTGGTAGTCG-1,0,29,13,15315,8096
GCATTCGAAATGAACA-1,0,28,14,15202,7898
AAAGACTGGGCGCTTT-1,0,29,15,15088,8095
TAACAATATTTGTTGC-1,0,28,16,14975,7897
CCAGCTTCCGCCCGCA-1,0,29,17,14861,8094
GATATGGATTACGCGG-1,0,28,18,14748,7896
AGAGCAGTTATGAGAC-1,0,29,19,14634,8093
TCACATCTTATCTGAT-1,0,28,20,14522,7896
TATGAAGACAGGTGCG-1,0,29,21,14407,8093
TACCTGCTGCACTGTG-1,0,28,22,14295,7895
TAGGTCCAAGTAAGGA-1,0,29,23,14181,8092
GAAACTCGTGCGATGC-1,0,28,24,14068,7894
AACAATTACTCTACGC-1,0,29,25,13954,8091
CCGCACGTGACCTCGG-1,0,28,26,13841,7893
AACTTGCCCGTATGCA-1,0,29,27,13727,8090
GGGTATGTATGCACTT-1,0,28,28,13614,7893
TTCGTACTCCAGAACG-1,0,29,29,13500,8090
GAATTTCTCGCTGCAG-1,0,28,30,13387,7892
AACAGGATGGGCCGCG-1,0,29,31,13273,8089
GACGTGTAGGGATTAT-1,0,28,32,13160,7891
TAGGTGAGCCCTACTC-1,0,29,33,13046,8088
CTAATTCGCACGCGCT-1,0,28,34,12933,7890
GAAGCTTGCTGACCGC-1,0,29,35,12819,8087
GGTTAGGCTTGGAGAA-1,0,28,36,12707,7890
ACAAGGACAAGAGGTT-1,0,29,37,12592,8087
AGGCCACCCGTTATGA-1,0,28,38,12480,7889
GTGGGCTTAGACACAC-1,0,29,39,12366,8086
CGTGTCCCATTCGCGA-1,0,28,40,12253,7888
TGGAGTGATGCGATGA-1,0,29,41,12139,8085
AACAACTGGTAGTTGC-1,1,28,42,12026,7887
CCTGGCTAGACCCGCC-1,1,29,43,11912,8084
CGCAATTAGGGTAATA-1,1,28,44,11799,7887
TCGAAATTTAGGACCA-1,1,29,45,11685,8084
AGACTAGCCTTCCAGA-1,1,28,46,11572,7886
TTGATCTAACTTTGTC-1,1,29,47,11458,8083
AAGGAGCGGTTGGTGC-1,1,28,48,11345,7885
ACTTGGGACCCGGTGG-1,1,29,49,11231,8082
TGATCTCCGGCGCCAG-1,1,28,50,11118,7884
CAGTTCAAATTGACAC-1,1,29,51,11004,8081
GTCCGGCTGAATTGCG-1,1,28,52,10892,7884
CTGGAAATGGATGCTT-1,1,29,53,10777,8081
TGATCGGTTTGACCCT-1,1,28,54,10665,7883
TAGAGTCTAAGCGAAC-1,1,29,55,10551,8080
GAGACTGATGGGTAGA-1,1,28,56,10438,7882
TAGCTAAGTCCGGGAG-1,1,29,57,10324,8079
GGGCGATATGTGTGAA-1,1,28,58,10211,7881
CTCGAGGTCGAACAGT-1,1,29,59,10097,8078
GATCCCTTTATACTGC-1,1,28,60,9984,7881
GTCATGCACCTCCGTT-1,1,29,61,9870,8078
ACTTTCCTATAGCTTC-1,1,28,62,9757,7880
TCGCTCGATATATTCC-1,1,29,63,9643,8077
ATAGGTTGGGCAGATG-1,1,28,64,9530,7879
CAATTAAGGGTGATGA-1,1,29,65,9416,8076
ACCGACTGAGTCCCAC-1,1,28,66,9303,7878
CCTGTCACCCGGGCTC-1,1,29,67,9189,8075
GATCGGTGGCCATAAC-1,1,28,68,9076,7878
CCTATGGGTTACCGTC-1,1,29,69,8962,8075
TTGGGACACTGCCCGC-1,1,28,70,8850,7877
CGAGGCTAAATATGGC-1,1,29,71,8736,8074
TCAGGGTGTAACGTAA-1,1,28,72,8623,7876
CGAGAGATGTGAACCT-1,1,29,73,8509,8073
TCGCTGGGCGGATTGT-1,1,28,74,8396,7875
AGATCTCAGGTGTGAT-1,1,29,75,8282,8072
TGGCCAAACTGAAGTA-1,1,28,76,8169,7875
GCTTCCGTCCCTAGAC-1,1,29,77,8055,8072
CAGCAGCCCGTTCCTT-1,1,28,78,7942,7874
TGTATAACAGATCCTG-1,1,29,79,7828,8071
CGCGGGAATTAGGCAG-1,1,28,80,7715,7873
TGCATGTGGTAATCTA-1,1,29,81,7601,8070
ACAATTTGAGCAGTGG-1,1,28,82,7488,7872
GAGCTAAGGGCATATC-1,1,29,83,7374,8069
CCAGATAGTTGAGTGA-1,0,28,84,7261,7872
CCACAATGTACGTCTT-1,0,29,85,7147,8069
CAATGGATCTCTACCA-1,0,28,86,7035,7871
TGTGGCAAAGCGTATG-1,0,29,87,6921,8068
TAAAGCGTTAGGAGAA-1,0,28,88,6808,7870
TCCGTTTAGCCTTGAA-1,0,29,89,6694,8067
CAGCTCGACAAGTTAA-1,0,28,90,6581,7869
GCCTATAGTGTCAGGG-1,0,29,91,6467,8066
ATAGACAACGGGACCT-1,0,28,92,6354,7869
CTACTATCTTTCAGAG-1,0,29,93,6240,8066
GCGCTGCTTTGCATTT-1,0,28,94,6127,7868
GCGCATCCAGTCAGCA-1,0,29,95,6013,8065
GACTCGCGGGAATGAC-1,0,28,96,5900,7867
CTGGTAACGAGCTCTT-1,0,29,97,5786,8064
TCCGGCCTAGCGTACA-1,0,28,98,5673,7866
TCTAGGTGGCGACGCT-1,0,29,99,5559,8063
ACGCTAGTGATACACT-1,0,28,100,5446,7866
ATCTGCACCTCTGCGA-1,0,29,101,5332,8063
CCTCACCTGAGGGAGC-1,0,28,102,5220,7865
AGTGAGCCTCGCCGCC-1,0,29,103,5105,8062
ACGAGTACGGATGCCC-1,0,28,104,4993,7864
GGTACCATTAAGACGG-1,0,29,105,4879,8061
TTCTGCTAGACTCCAA-1,0,28,106,4766,7863
TAACTATTACGCCAAA-1,0,29,107,4652,8060
GCATTCAAGGCAACGC-1,0,28,108,4539,7863
AGTACATCATTTATCA-1,0,29,109,4425,8060
GTCGTGTCTGGTCATC-1,0,28,110,4312,7862
AGTCTAAAGTATACTC-1,0,29,111,4198,8059
CGGCCCAACCTGTAGT-1,0,28,112,4085,7861
AGGGAGACATACTTCG-1,0,29,113,3971,8058
TCCCTAGATCAATAGG-1,0,28,114,3858,7860
TCCCGTCGCGTCATAG-1,0,29,115,3744,8057
CGCATCCATCAGCCAG-1,0,28,116,3631,7860
CTGCACCTAGTCCACA-1,0,29,117,3517,8057
CGAGGATCGGGAACGA-1,0,28,118,3405,7859
CAATGAGGTTCGACTA-1,0,29,119,3290,8056
TCTGACGGGCTAACCC-1,0,28,120,3178,7858
TTCTATGCCTTTCGCA-1,0,29,121,3064,8055
AGAGTATAGTGTTACG-1,0,28,122,2951,7857
CCATTGTTTCCTCCAT-1,0,29,123,2837,8054
CTCATCACTTAGTGAT-1,0,28,124,2724,7857
CCGAAGGGCGTACCGC-1,0,29,125,2610,8054
TCAAGCTGCCTTGAAA-1,0,28,126,2497,7856
CTCATTAACGTTGCCC-1,0,29,127,2383,8053
GTCTTCCTCACCTAAG-1,0,30,0,16789,8298
GGTGATGAAGGAAGTG-1,0,31,1,16675,8495
TCAATACAATTGCTGC-1,0,30,2,16562,8297
GCAACCCAAGTTGTTT-1,0,31,3,16448,8494
ATGAAGTGGACCCAGC-1,0,30,4,16335,8296
GAGAATCTCACGATCA-1,0,31,5,16221,8493
TATATCATTGATCAGT-1,0,30,6,16108,8296
AACTTTACGGGAGCTT-1,0,31,7,15994,8493
TTCTTGTGTCCATCAG-1,0,30,8,15882,8295
ACAATTTAGGAGGCTC-1,0,31,9,15767,8492
ATACTTGTTCTCGAGC-1,0,30,10,15655,8294
CACGGGATTGAGGGTT-1,0,31,11,15541,8491
GTTAATGTCTATCTTA-1,0,30,12,15428,8293
GCGTTATATTTGGAAC-1,0,31,13,15314,8490
CGTCAAGGCTATAAAT-1,0,30,14,15201,8293
TTAGCTCTGTAATCCG-1,0,31,15,15087,8490
AATGGTCCACCGTTCA-1,0,30,16,14974,8292
GTCATTGCATTGACCC-1,0,31,17,14860,8489
TGTCCGTGGCGCCTTT-1,0,30,18,14747,8291
TCAACTAACGTATAAC-1,0,31,19,14633,8488
TCCTCTCCAGTTGTCC-1,0,30,20,14520,8290
TGTGTTCGTATCCAAG-1,0,31,21,14406,8487
CCGCGTAGGTAAGGGC-1,0,30,22,14293,8290
CTGCGGGTGAAATGTT-1,0,31,23,14179,8487
TATCTACAGAGGTAAT-1,0,30,24,14067,8289
CTACTCTAGGCCCGGC-1,0,31,25,13952,8486
ACAAGCAGTGCCTAGC-1,0,30,26,13840,8288
TACAAGTCTCGTGCAT-1,0,31,27,13726,8485
TCGGAATGCGCTCTGA-1,0,30,28,13613,8287
TCGCGTCCAGAAGGTC-1,0,31,29,13499,8484
TATGGCCCGGCCTCGC-1,0,30,30,13386,8287
GCTGGCATATTCACCT-1,0,31,31,13272,8484
GTCAGAATAGTCTATG-1,0,30,32,13159,8286
GGCGTCCTATCCGCTG-1,0,31,33,13045,8483
CGGAGTTTGAGAGACA-1,0,30,34,12932,8285
AGCACTTAAGGACGCC-1,0,31,35,12818,8482
TCCACAATGGTTTACG-1,0,30,36,12705,8284
CCAACGATGCACTGAT-1,0,31,37,12591,8481
ATTTACAGTTTACTGG-1,0,30,38,12478,8284
CCCTGAAATGAGTTGA-1,0,31,39,12364,8481
CAAACGGTCGCACTTT-1,0,30,40,12251,8283
TGATTCGTCTATCACT-1,0,31,41,12137,8480
TCAGGTTCTTTGAGAA-1,0,30,42,12025,8282
CACGCAGCGAGGCTTT-1,0,31,43,11911,8479
TTAAGCGCCTGACCCA-1,0,30,44,11798,8281
CTTACACGGTATTCCA-1,0,31,45,11684,8478
AAGGCTGTGCTCATCG-1,1,30,46,11571,8281
GACCAGAGCCCTGTAG-1,0,31,47,11457,8478
TCCCAGGCTTAGCTAA-1,1,30,48,11344,8280
ATTGAAGATCTTAGTG-1,1,31,49,11230,8477
AGTTCCTACAGAATTA-1,1,30,50,11117,8279
GGGCTGGTTAGTCGCG-1,1,31,51,11003,8476
GAAATGGCGGTGTTAG-1,1,30,52,10890,8278
TACGAACACGACTTCA-1,1,31,53,10776,8475
ACCACAAGTTTCTATC-1,1,30,54,10663,8278
ATATTTAACCCTCAAG-1,1,31,55,10549,8475
GATCATTCCAAACATT-1,1,30,56,10436,8277
TCCAGGCGAGTACGGT-1,1,31,57,10322,8474
GTTTGACCAAATCCTA-1,1,30,58,10210,8276
CACAGCACCCACGGCA-1,1,31,59,10095,8473
TGCAAGAATGACGTAA-1,1,30,60,9983,8275
GCGAAGCCATACCCGT-1,1,31,61,9869,8472
TCCTTTCTTACGCTTA-1,1,30,62,9756,8275
GCTGCTCTCCGGACAC-1,1,31,63,9642,8472
ACTGTCTTCTTTAGAA-1,1,30,64,9529,8274
TCAAACTTAGATTGTT-1,1,31,65,9415,8471
CTATGTCACTAGCCCA-1,1,30,66,9302,8273
TGCGCAAAGCATTTGG-1,1,31,67,9188,8470
TTAATGTAGACCAGGT-1,1,30,68,9075,8272
GGCGGTAGGATCATTG-1,1,31,69,8961,8469
GGCAATAGTCAATGAG-1,1,30,70,8848,8272
ACACGAGACTCCTTCT-1,1,31,71,8734,8469
GACACAAGGGAAGAAA-1,1,30,72,8621,8271
TCAGCAAATGCATCTC-1,1,31,73,8507,8468
GAGATCTGTCACTCCG-1,1,30,74,8395,8270
ATGCCGGTCTTGCATA-1,1,31,75,8280,8467
TTGGGCGGCGGTTGCC-1,1,30,76,8168,8269
TTGTTGTGTGTCAAGA-1,1,31,77,8054,8466
ACTGTACGATACACAT-1,1,30,78,7941,8269
TCCACTTTATCTAGGT-1,1,31,79,7827,8466
GGTCTGAGAATCTGGA-1,1,30,80,7714,8268
TAGAAAGGTGGCGCTA-1,1,31,81,7600,8465
TATGTCTCATTGTGCC-1,1,30,82,7487,8267
GGATTTCACTTCTATA-1,1,31,83,7373,8464
TGAGTGGTCCGTGACG-1,1,30,84,7260,8266
CGCTTTCTTGCATTCG-1,1,31,85,7146,8463
ACCCAACGCCCGTGGC-1,1,30,86,7033,8266
GAACGTCTCATGGTCG-1,1,31,87,6919,8463
AGGGTTCCCTTTGGTT-1,0,30,88,6806,8265
GTAGCTTCCTCTTGTT-1,0,31,89,6692,8462
GCATGAGGGACGCGGC-1,0,30,90,6580,8264
CTACCCTAAGGTCATA-1,0,31,91,6465,8461
TCACCGCTCGGCACTC-1,0,30,92,6353,8263
GGCTCGCGTTGAGGTA-1,0,31,93,6239,8460
CTAACGAAACTTGCTG-1,0,30,94,6126,8263
TTAAACTCGAATTCAT-1,0,31,95,6012,8460
TACTTTACTGAGCCGG-1,0,30,96,5899,8262
GCTTGGATCGATTAGG-1,0,31,97,5785,8459
CGGTTATCCAACAGTG-1,0,30,98,5672,8261
CAGACCTGTAAGTGTT-1,0,31,99,5558,8458
GACGGTCAATAGAAGC-1,0,30,100,5445,8260
CTGACTGCGCAGCTCG-1,0,31,101,5331,8457
CCATACCTTTACTTGT-1,0,30,102,5218,8260
GTAATAAAGGGCTCCC-1,0,31,103,5104,8457
GTGAACTCCCATTCGA-1,0,30,104,4991,8259
GTGGTTACTTCTTTCG-1,0,31,105,4877,8456
TCAGAACCTCCACAGG-1,0,30,106,4765,8258
TCCCACTCTCTTCCGG-1,0,31,107,4650,8455
ATCTTGACTTGTCCAA-1,0,30,108,4538,8257
TCGGGAACGTGCCTAG-1,0,31,109,4424,8454
GTTAGCCGTAAATCAA-1,0,30,110,4311,8257
ATTTACTAAGTCCATT-1,0,31,111,4197,8454
GGGTGCATATGAAAGC-1,0,30,112,4084,8256
TCCGAATGGTCCTGAG-1,0,31,113,3970,8453
TGATGGCTGTTTCTGA-1,0,30,114,3857,8255
AAATAAGGTAGTGCCC-1,0,31,115,3743,8452
CCACTATCCGGGTCAC-1,0,30,116,3630,8254
ACACCACATAATTAGC-1,0,31,117,3516,8451
CGCGGTAAGTCTAGCT-1,0,30,118,3403,8254
GCGGGCATTACGATGC-1,0,31,119,3289,8451
AGGATTGCTTACGACA-1,0,30,120,3176,8253
CTCGGGATAACACCTA-1,0,31,121,3062,8450
GTCGTCTGGTTGGCTA-1,0,30,122,2949,8252
GCAATTAGTCGCACCG-1,0,31,123,2835,8449
GTGACCTAAAGAATAA-1,0,30,124,2723,8251
CTGAGCGAGACTTATT-1,0,31,125,2609,8448
CAAGACTCAGAAGCGC-1,0,30,126,2496,8251
ACTTCGCTAGCGAGTG-1,0,31,127,2382,8448
CCATACTCGCCTCTCC-1,0,32,0,16788,8693
ACGATACCTATCCTGA-1,0,33,1,16674,8890
CTCACCAGTACAAGTG-1,0,32,2,16561,8692
CGAAGACGGTGAGTGC-1,0,33,3,16447,8889
AAATTAATAAGCGCGA-1,0,32,4,16334,8691
GGGCCCTTATCTATAC-1,0,33,5,16220,8888
CTGCCCACGAAGCGTT-1,0,32,6,16107,8690
GGACAAGTTGCAGTGA-1,0,33,7,15993,8887
GTCCGAGAGCAATCAT-1,0,32,8,15880,8690
ATGGCAGCCGAGAAAC-1,0,33,9,15766,8887
CCTCGGATGCTACCTG-1,0,32,10,15653,8689
ATACGGTGAAGATGCA-1,0,33,11,15539,8886
ACATCAGCTGGGACGC-1,0,32,12,15426,8688
GGTTGTGTAGCCTGGC-1,0,33,13,15312,8885
CCTGCGTTCTACGCTT-1,0,32,14,15200,8687
GAACGTTAGGAAGACG-1,0,33,15,15086,8884
CTGATAGTGTATCTCA-1,0,32,16,14973,8687
TTCTGCGAGCGCCCTT-1,0,33,17,14859,8884
CTTTGGCGCTTTATAC-1,0,32,18,14746,8686
TCCGAACTTGGCTTAC-1,0,33,19,14632,8883
TAGATTCCTGGTTATT-1,0,32,20,14519,8685
CCGACAAAGGGAGTGC-1,0,33,21,14405,8882
CCATGGCCCTTGTACC-1,0,32,22,14292,8684
GAAATATCACCATCAG-1,0,33,23,14178,8881
ACGAAATGGGCGGCAC-1,0,32,24,14065,8684
GTGAGCGTGCTGCACT-1,0,33,25,13951,8881
CCGCGGGTACGAAGAA-1,0,32,26,13838,8683
TCCCTGGCTCGCTGGA-1,0,33,27,13724,8880
CAGCTTAGTAGGTAGC-1,0,32,28,13611,8682
CACGAAAGTTAGTCCC-1,0,33,29,13497,8879
ACCTAATCGACTTCCT-1,0,32,30,13385,8681
AAGTAGTGACGCGAGG-1,0,33,31,13270,8878
TCCGATTACATTGCCG-1,0,32,32,13158,8681
CCTCCGACAATTCAAG-1,0,33,33,13044,8878
GTTCACAGGAGTCTAG-1,0,32,34,12931,8680
CGAAGTTGCTCTGTGT-1,0,33,35,12817,8877
GTCGGATATCTCAGAC-1,0,32,36,12704,8679
CGCTCTCCGTAGATTA-1,0,33,37,12590,8876
CAAGCAACGTCGGAGT-1,0,32,38,12477,8678
CCATTCCCTGCCCACA-1,0,33,39,12363,8875
CTTTGGCTTTAGTAAA-1,0,32,40,12250,8678
GGCTATTAAGTTGTAT-1,0,33,41,12136,8875
CCATTAGCGATAATCC-1,0,32,42,12023,8677
TGTTCTTCCATTGACT-1,0,33,43,11909,8874
AGATAACTTCAGGGCC-1,0,32,44,11796,8676
ATAGACGAAGAGAAAG-1,0,33,45,11682,8873
GGCGGAGTAATATTAG-1,0,32,46,11570,8675
TGACCCACGTTAGACA-1,0,33,47,11455,8872
TCACAGGTTATTGGGC-1,0,32,48,11343,8675
TCACGCATTGTAGATC-1,0,33,49,11229,8872
TTGAAGAATTCCCAGG-1,0,32,50,11116,8674
AAATGGTCAATGTGCC-1,0,33,51,11002,8871
TAGTGCCCTCCAGAGT-1,1,32,52,10889,8673
GGTATTGCCGAGTTTA-1,0,33,53,10775,8870
CGTATTAAGAGATCTA-1,1,32,54,10662,8672
ACTGTCCAGGATTATA-1,1,33,55,10548,8869
CGGGCAGCTAAACCGC-1,1,32,56,10435,8672
TTGCTGATCATGTTCG-1,1,33,57,10321,8869
TATGGGTACGTATCGT-1,1,32,58,10208,8671
CAGCTCACTGAGACAT-1,1,33,59,10094,8868
GGGACTGCATAGATAG-1,1,32,60,9981,8670
ACGCATTCGTGAGTAC-1,1,33,61,9867,8867
CTCTGGACGCCTGGTG-1,1,32,62,9755,8669
AGGGTTTAGTTCGGGA-1,1,33,63,9640,8866
GGGAGAACTCACAGTA-1,1,32,64,9528,8669
ATCAATCTGGGCTGCA-1,1,33,65,9414,8866
TCTTCGATACCAATAA-1,1,32,66,9301,8668
ACGTAGATTGCTGATG-1,1,33,67,9187,8865
TCTTGATGCGTAGCGA-1,1,32,68,9074,8667
GGGCTGCCTAGGGCGA-1,1,33,69,8960,8864
CTCTCACAATCGATGA-1,1,32,70,8847,8666
CCAAGCGTAACTCGTA-1,1,33,71,8733,8863
ACAACAGCATGAGCTA-1,1,32,72,8620,8666
GTCCCAACGTAAAGTA-1,1,33,73,8506,8863
TCGGAGTACATGAGTA-1,1,32,74,8393,8665
GGGAGTTAATGAGGCG-1,1,33,75,8279,8862
CCGGGCGGTCTCGTCA-1,1,32,76,8166,8664
CCGTAAGTTGGTCCCA-1,1,33,77,8052,8861
GGAGGGCTTGGTTGGC-1,1,32,78,7939,8663
TCGGACGCCCAGCCCA-1,1,33,79,7825,8860
TCTGTGCCATCATAGT-1,1,32,80,7713,8663
GTACTGGAGTTAGACC-1,1,33,81,7599,8860
GGAATGCGCTAGCGTG-1,1,32,82,7486,8662
GTGTGAATAACTTAGG-1,1,33,83,7372,8859
GGTCGGCCAGGAGCTT-1,1,32,84,7259,8661
TAGCCGGCGGTCAGCG-1,1,33,85,7145,8858
CGGGTGTACCCATTTA-1,1,32,86,7032,8660
AGTGATTCAAGCAGGA-1,1,33,87,6918,8857
GTTGGATTGAGAACAC-1,1,32,88,6805,8660
CACACGCGCTGTCTTA-1,1,33,89,6691,8857
TAGACGCCCGTACCGG-1,0,32,90,6578,8659
GGTTTCAATCGGTCAG-1,0,33,91,6464,8856
AATCTGCGTTGGGACG-1,0,32,92,6351,8658
TTACGGATGGTTCGAG-1,0,33,93,6237,8855
CGGCAGGGTCGGGTTG-1,0,32,94,6124,8657
GCTTTCAGAGGAGGTG-1,0,33,95,6010,8854
TCTTCCCATGGGCACA-1,0,32,96,5898,8657
TACCGCGGACTTGCAG-1,0,33,97,5784,8854
AGAATTATGGATTCGA-1,0,32,98,5671,8656
ATTGATGAGTCCTAAC-1,0,33,99,5557,8853
TAGGTCGCCGGAACTG-1,0,32,100,5444,8655
TAACCTACCGTCCGAG-1,0,33,101,5330,8852
CTTAGTAGGCCTACAG-1,0,32,102,5217,8654
CTAGATGTGAGTGTAA-1,0,33,103,5103,8851
ACTCCCGAATTCGTTT-1,0,32,104,4990,8654
GTTCATCGTTTGGCTG-1,0,33,105,4876,8851
ACTTTACCCTCATGAA-1,0,32,106,4763,8653
GCGAGAGTTGCGTCCA-1,0,33,107,4649,8850
GTTCGGGCGTACCATT-1,0,32,108,4536,8652
CGACTTTGTATAGCCT-1,0,33,109,4422,8849
GCCATCGATGCTGCAT-1,0,32,110,4309,8651
GCATTTCCAAGGCTCC-1,0,33,111,4195,8848
ATGTAAGGCTGCTCTT-1,0,32,112,4083,8651
ACGTTCGCAATCAATT-1,0,33,113,3968,8848
GTGACGAGGGTGACCC-1,0,32,114,3856,8650
ATTATAGCTACTTTAC-1,0,33,115,3742,8847
CGTGTGTTAAACCCTG-1,0,32,116,3629,8649
TTGGTATGGCTTGTGT-1,0,33,117,3515,8846
CATTCCCATTCCGTCG-1,0,32,118,3402,8648
TGCCGAAAGCGTATTC-1,0,33,119,3288,8845
CAACACATCTCCTGCC-1,0,32,120,3175,8648
CTGCCTCATATGCAAC-1,0,33,121,3061,8845
TCCCGCCTATGTGCGT-1,0,32,122,2948,8647
GGTTACCCGACACTTT-1,0,33,123,2834,8844
CCAGCGGGATCACCAG-1,0,32,124,2721,8646
ATGTTTCGGCCCGGAG-1,0,33,125,2607,8843
GCGTCTAACCTCCTAA-1,0,32,126,2494,8645
ATCAGGTAGCTGACAG-1,0,33,127,2380,8842
GGTATGAAAGAACTGA-1,0,34,0,16786,9087
GTGGCCTAATATCATT-1,0,35,1,16672,9284
CCTGTGAAACCGTAAC-1,0,34,2,16560,9087
GGCAGAGAGATCGGGA-1,0,35,3,16445,9284
TAGCGTCGAATATTGA-1,0,34,4,16333,9086
CGCCGACTATTCGCTA-1,0,35,5,16219,9283
TCTGGCGCAAGCCGGG-1,0,34,6,16106,9085
AGTGGTTGCGTATAGG-1,0,35,7,15992,9282
ATCGGTTACCTAGTAA-1,0,34,8,15879,9084
CCTGCCCGTTGTCTAG-1,0,35,9,15765,9281
GCACACGCCCATGGTC-1,0,34,10,15652,9084
AGTACGGCCCGTATCG-1,0,35,11,15538,9281
TATCTAGCCTAAAGGA-1,0,34,12,15425,9083
CACTCGGTTAGGAGGA-1,0,35,13,15311,9280
ATGTTCGTCGACCCAC-1,0,34,14,15198,9082
TTCCTCTGCCCGAATA-1,0,35,15,15084,9279
TTACTATCGGCTTCTC-1,0,34,16,14971,9081
GCCGCATTAGTCCGGC-1,0,35,17,14857,9278
TAAGGGCTGGGAGAGG-1,0,34,18,14745,9081
TAAGCAGGCGACACGC-1,0,35,19,14630,9278
AGCACTACCGGCCTGT-1,0,34,20,14518,9080
GAAAGCCCTTTGGACC-1,0,35,21,14404,9277
GACCGACTGAAGCGTC-1,0,34,22,14291,9079
CGGTGAAGACTAAAGT-1,0,35,23,14177,9276
CCCTGCGCTACGCATA-1,0,34,24,14064,9078
TACTGGACAGCTCGGC-1,0,35,25,13950,9275
TTAGTAGGGCGGCGGG-1,0,34,26,13837,9078
GAGGCTATCAAAGTCG-1,0,35,27,13723,9275
TTACCATTGATTACCC-1,0,34,28,13610,9077
ATACCACGGGCAACTT-1,0,35,29,13496,9274
TGTCCTAAGTCACCGC-1,0,34,30,13383,9076
AGGTAGGTACAAAGCT-1,0,35,31,13269,9273
GGCATACAGGTAGCGG-1,0,34,32,13156,9075
TGTAGTGATCTATAAT-1,0,35,33,13042,9272
TCCCGGGTGTGCTGCT-1,0,34,34,12930,9075
TACGATGTTGATCATC-1,0,35,35,12815,9272
CCTCTCTCCCATCTAG-1,0,34,36,12703,9074
GCAGGACTATAGAATA-1,0,35,37,12589,9271
CTAGTGAAGGACAGGA-1,0,34,38,12476,9073
TACGAGAACTTCACGT-1,0,35,39,12362,9270
CGTTGTTTCAATTCCC-1,0,34,40,12249,9072
GCAAATATTACGCTTT-1,0,35,41,12135,9269
CCAATAGTGCCGTCGA-1,0,34,42,12022,9072
ATTGCTGCTCCTCCAT-1,0,35,43,11908,9269
GAGATCTGCTTGGCAT-1,0,34,44,11795,9071
GCCGAAATTCCTACGT-1,0,35,45,11681,9268
GGCACTCCACTGGGCA-1,0,34,46,11568,9070
GGGTCACCGTGACGGT-1,0,35,47,11454,9267
CACTTAATCAGACGGA-1,0,34,48,11341,9069
CGTTTCGCTCATTACA-1,0,35,49,11227,9266
ATAAAGGCTCGGTCGT-1,0,34,50,11114,9069
CACTAAAGTTGCCTAT-1,0,35,51,11000,9266
GTGCTCAAGTACTGTC-1,0,34,52,10888,9068
CCATGCCTGTTTAGTA-1,0,35,53,10774,9265
TCTAGTTATCAGAAGA-1,0,34,54,10661,9067
TTGTAATCCGTACTCG-1,0,35,55,10547,9264
TCCCAGCTTTAGTCTG-1,0,34,56,10434,9066
CTACGCACGGAGTACC-1,0,35,57,10320,9263
AAATTAACGGGTAGCT-1,1,34,58,10207,9066
CGGCCACGCACAAAGT-1,0,35,59,10093,9263
GAAGCGTGAGGAATTT-1,1,34,60,9980,9065
ATATCTTAGGGCCTTC-1,0,35,61,9866,9262
ACGCGGGCCAAGGACA-1,1,34,62,9753,9064
GCGAGTTCTGCAAAGA-1,1,35,63,9639,9261
TATTCGTGCCAGAATA-1,1,34,64,9526,9063
AGGGCTGCAGTTACAG-1,1,35,65,9412,9260
CTAGCATAGTATAATG-1,1,34,66,9299,9063
TAGGTTCGAGTTCGTC-1,1,35,67,9185,9260
GAATTATAGTGAAAGG-1,1,34,68,9073,9062
CTATCGGGTCTCAACA-1,1,35,69,8958,9259
GCGCTAATTGAATAGA-1,1,34,70,8846,9061
ATGCGACAGTCCCATT-1,1,35,71,8732,9258
GGTAGTGCTCGCACCA-1,1,34,72,8619,9060
AAGCTCGTGCCAAGTC-1,1,35,73,8505,9257
TATTCAATTCTAATCC-1,1,34,74,8392,9060
TTCAAAGTCTCTAGCC-1,1,35,75,8278,9257
TTGAATATGGACTTTC-1,1,34,76,8165,9059
AAGAGCTCTTTATCGG-1,1,35,77,8051,9256
TTACTCCGGCCGGGAA-1,1,34,78,7938,9058
AAACGAGACGGTTGAT-1,1,35,79,7824,9255
GCTAAGTAGTTTCTCT-1,1,34,80,7711,9057
ATAACGCCGGAGGGTC-1,1,35,81,7597,9254
GGATCCGGAATATACT-1,1,34,82,7484,9057
TGAAAGGACCTGACTC-1,1,35,83,7370,9254
TCCGCGGCAGCATCTG-1,1,34,84,7258,9056
TGCATATGTCTGTCAC-1,1,35,85,7143,9253
TGTAGGAGAAATTTCC-1,1,34,86,7031,9055
AGTGAGACTTCCAGTA-1,1,35,87,6917,9252
CCCAAACATGCTGCTC-1,1,34,88,6804,9054
GCTTATGAAGCAGGAA-1,1,35,89,6690,9251
TTCTAACCGAAGCTTA-1,1,34,90,6577,9054
GGATGTCCTTACCGCA-1,1,35,91,6463,9251
AGGGTGCTCTCGAGGG-1,0,34,92,6350,9053
AACTCTCAATAGAGCG-1,0,35,93,6236,9250
TCTGAATTCCGTACAA-1,0,34,94,6123,9052
GCGTGGTACTGGGTTA-1,0,35,95,6009,9249
CGTCGGATAGTGTTGA-1,0,34,96,5896,9051
ATATGTCTCCCTAGCC-1,0,35,97,5782,9248
TCTTTAAGACTATGAA-1,0,34,98,5669,9051
TCATTTAAGTCTCCGA-1,0,35,99,5555,9248
GATATTGAGATTGGCG-1,0,34,100,5443,9050
TGACATCGAGCGGACC-1,0,35,101,5328,9247
GCGTAAATGGCCATAA-1,0,34,102,5216,9049
ATTGTACAACTCGGCT-1,0,35,103,5102,9246
TACGCTATAGAAACCT-1,0,34,104,4989,9048
CACCCAAATCTTATGT-1,0,35,105,4875,9245
AGATGATGGAGTCTGG-1,0,34,106,4762,9048
CCACGGTGCCCGGTAG-1,0,35,107,4648,9245
TCAAGAAATACTAGCT-1,0,34,108,4535,9047
AGGTATAATTGATAGT-1,0,35,109,4421,9244
CAAGGTCCTATAGGCT-1,0,34,110,4308,9046
CCGGCACGACCGTTTC-1,0,35,111,4194,9243
ACCTCCGTTATTCACC-1,0,34,112,4081,9045
GCAGCCTATATCACAT-1,0,35,113,3967,9242
GGTATAGTGACACATA-1,0,34,114,3854,9045
AAATTCCAGGTCCAAA-1,0,35,115,3740,9242
TCTTTAGCAGGCGAAC-1,0,34,116,3628,9044
TATTGACATTTCTGCC-1,0,35,117,3513,9241
TCTGATCGGGTGCTAG-1,0,34,118,3401,9043
GGCCCGGAGCATGTCT-1,0,35,119,3287,9240
GGGCGCAGCGTTACTC-1,0,34,120,3174,9042
TTGGCGATCCGAATAT-1,0,35,121,3060,9239
CCACGTAAATTAGACT-1,0,34,122,2947,9042
TCTGATTGGAAATGGA-1,0,35,123,2833,9239
ATGGCGGAATAGTCGC-1,0,34,124,2720,9041
ATCGCTTTACGTCTCA-1,0,35,125,2606,9238
TACGTGCAAGGTTCCT-1,0,34,126,2493,9040
CAGGACAGCTGCCCTT-1,0,35,127,2379,9237
CAAACCAGGTCTGCAT-1,0,36,0,16785,9482
ACAAGCTATATGGAAG-1,0,37,1,16671,9679
TCGCCCACTGCGAGAG-1,0,36,2,16558,9481
AGCCGCAAATTCAAAT-1,0,37,3,16444,9678
TTAACGTTAAAGCCTG-1,0,36,4,16331,9481
CAGCGCCAACACGATA-1,0,37,5,16217,9678
ATCCAATGGTACCGAA-1,0,36,6,16104,9480
GTGCTGCAGATAAGGA-1,0,37,7,15990,9677
GGCCTTTGCAACTGGC-1,0,36,8,15878,9479
GTCGTACCTACGATTG-1,0,37,9,15764,9676
TAGAAATTCACGTATA-1,0,36,10,15651,9478
AGAATAAATCTTCAGG-1,0,37,11,15537,9675
CATTGCGAAATGGGCG-1,0,36,12,15424,9478
GTCTACTCAATTACAA-1,0,37,13,15310,9675
TGTAATGACCACAATA-1,0,36,14,15197,9477
AAAGTCGACCCTCAGT-1,0,37,15,15083,9674
TACTCGGCACGCCGGG-1,0,36,16,14970,9476
AGGTGTATCGCCATGA-1,0,37,17,14856,9673
TGTGCTTTACGTAAGA-1,0,36,18,14743,9475
AAACCTCATGAAGTTG-1,0,37,19,14629,9672
TATAGGGTACTCATGA-1,0,36,20,14516,9475
CCAGCTGATGGTACTT-1,0,37,21,14402,9672
AATATTGGAGTATTGA-1,0,36,22,14289,9474
GGCCCTCACCCACTTA-1,0,37,23,14175,9671
AACCAAGACTTCTCTG-1,0,36,24,14063,9473
TCGTATTACCCATTGC-1,0,37,25,13949,9670
ATTCGACGCCGGGCCT-1,0,36,26,13836,9472
GGCGCAGGACATCTTC-1,0,37,27,13722,9669
GTACTCCCTTATCGCT-1,0,36,28,13609,9472
TGGTCTGTTGGGCGTA-1,0,37,29,13495,9669
AATAACAACGCTCGGC-1,0,36,30,13382,9471
CATACCCGTACCCAGT-1,0,37,31,13268,9668
ACAATCCATTTAAACC-1,0,36,32,13155,9470
GTTACAATTGGTGACG-1,0,37,33,13041,9667
TTGCCCTGATCACGGG-1,0,36,34,12928,9469
CTAACCGCGCGCCCGT-1,0,37,35,12814,9666
CTAAAGAATGCCTACT-1,0,36,36,12701,9469
ACCCATCTTGAGGGTA-1,0,37,37,12587,9666
GATCTTTGCAGGGTAT-1,0,36,38,12474,9468
GGGTACTTCATGAACT-1,0,37,39,12360,9665
GCCGCTTGTGAGAAAC-1,0,36,40,12248,9467
CCTGTAAGACATGATA-1,0,37,41,12133,9664
CGACAGTTCGCGTTAT-1,0,36,42,12021,9466
ACGATGCATATGTTAT-1,0,37,43,11907,9663
TGTTCCGCTTCCATGA-1,0,36,44,11794,9466
GGATGACGCGAGTTTA-1,0,37,45,11680,9663
GAAGTTTCCACTCAAT-1,0,36,46,11567,9465
GCGAGGCCCGAGCAGA-1,0,37,47,11453,9662
CATACTATGTAATTGT-1,0,36,48,11340,9464
CCAATGTCACAGCAAG-1,0,37,49,11226,9661
GTTGGATTTGCGTTGG-1,0,36,50,11113,9463
GGGAGGATGCCCGAAA-1,0,37,51,10999,9660
GATCGCGGGCTCTCCA-1,0,36,52,10886,9463
GTTCGCCATAAGTGCC-1,0,37,53,10772,9660
AGATTATAGGACGTTT-1,0,36,54,10659,9462
TCGAGACCAACACCGT-1,0,37,55,10545,9659
TATGGGACCGAGCAGG-1,0,36,56,10433,9461
GATGCGTCCTGCATTC-1,0,37,57,10318,9658
TATGGTCTGAGTAACA-1,0,36,58,10206,9460
GCATAGAGCACTCAGG-1,0,37,59,10092,9657
CTTCATTGTCAGTGGA-1,0,36,60,9979,9460
GCAGATTAGGGATATC-1,0,37,61,9865,9657
CCTGTCGCCCGTAAAT-1,0,36,62,9752,9459
CAATTTCGTATAAGGG-1,0,37,63,9638,9656
GTACACTTACCTGAAG-1,0,36,64,9525,9458
CCAGCCTGGACCAATA-1,0,37,65,9411,9655
ATGGAGCAGGCCGTGA-1,0,36,66,9298,9457
GTCATTAGAGCGAACG-1,0,37,67,9184,9654
AAGACTGCAAGCTACT-1,1,36,68,9071,9457
CTAGTCACGTCTTAAG-1,0,37,69,8957,9654
ACTCTTGTATAGTAAC-1,1,36,70,8844,9456
ATTAGGCGATGCTTTC-1,0,37,71,8730,9653
TTCGGGACTAATCGCG-1,1,36,72,8618,9455
TGGACTGTTCGCTCAA-1,0,37,73,8503,9652
AACGTGCGAAAGTCTC-1,0,36,74,8391,9454
CCACCCAAGGAAAGTG-1,0,37,75,8277,9651
CCGCACAAAGACCAAC-1,1,36,76,8164,9454
GCGATTGTTAACGTTA-1,1,37,77,8050,9651
ACTCGTCAGTAATCCC-1,1,36,78,7937,9453
GGTGATAAGGAGCAGT-1,1,37,79,7823,9650
AAGAGGCATGGATCGC-1,1,36,80,7710,9452
CACGTTCGTGCTCTAG-1,1,37,81,7596,9649
CTATTTGGTTACGGAT-1,1,36,82,7483,9451
GTACAGAGGCAAGGGT-1,1,37,83,7369,9648
GGGCCGGCCGAAGTAC-1,1,36,84,7256,9451
CCTGAACGATATATTC-1,1,37,85,7142,9648
CCGGGCTGCTCCATAC-1,1,36,86,7029,9450
TACTTGTTAGTAGTCC-1,1,37,87,6915,9647
CCTAGGCGTAGCGATC-1,1,36,88,6802,9449
CTGGCGCACAGGTCTG-1,1,37,89,6688,9646
ACTTATACTTACCCGG-1,1,36,90,6576,9448
GAAGTCTCCCTAGCGA-1,1,37,91,6462,9645
ACCGATGGTAGCATCG-1,1,36,92,6349,9448
CGAGTTTATCGGACTG-1,1,37,93,6235,9645
CATAACGGACAGTCGT-1,0,36,94,6122,9447
TGACGATGCACTAGAA-1,1,37,95,6008,9644
TAGGGAGCTTGGGATG-1,0,36,96,5895,9446
AGGGTCGATGCGAACT-1,1,37,97,5781,9643
TATATCCCTGGGAGGA-1,0,36,98,5668,9445
CATCTTACACCACCTC-1,0,37,99,5554,9642
GTGCGACAGGGAGTGT-1,0,36,100,5441,9445
CCGATCTCAACCTTAT-1,0,37,101,5327,9642
ACGATCATCTTGTAAA-1,0,36,102,5214,9444
GAAAGAACAGCGTTAT-1,0,37,103,5100,9641
CTAGGTCTGAAGGAAT-1,0,36,104,4987,9443
ATATCAACCTACAGAG-1,0,37,105,4873,9640
AAATAGCTTAGACTTT-1,0,36,106,4761,9442
GCGACATGTAAACATC-1,0,37,107,4647,9639
ATAAGTAGGGCGACTC-1,0,36,108,4534,9442
GCGAGCGCATGCTCCC-1,0,37,109,4420,9639
AGGGACCGGCTGCGTT-1,0,36,110,4307,9441
CCTATGAAGTGGTGCC-1,0,37,111,4193,9638
GCTTACGTAGTTAGTA-1,0,36,112,4080,9440
CATACTTAGGCAATAC-1,0,37,113,3966,9637
CCTGTCCCTCACGTTA-1,0,36,114,3853,9439
CAATGTGCCAACCCTT-1,0,37,115,3739,9636
GTTAAGTTAGAGTGGG-1,0,36,116,3626,9439
CTGGGATACGCTACCC-1,0,37,117,3512,9636
AACCTGTCACGGAATT-1,0,36,118,3399,9438
ACTGCGGACACACCGT-1,0,37,119,3285,9635
CCGTGAGGCATTCATG-1,0,36,120,3172,9437
GCCCAGATGCTGGAGA-1,0,37,121,3058,9634
TCTGGCCGTTCAAGTT-1,0,36,122,2946,9436
ATACGAAGGCTTTCCA-1,0,37,123,2831,9633
GATCCGAATATAAGTG-1,0,36,124,2719,9436
GTGGAGCATGTCGGCC-1,0,37,125,2605,9633
ACTCTTCAGCTCCCGC-1,0,36,126,2492,9435
CCCGATAGCCTCGCCT-1,0,37,127,2378,9632
ACAGGTGTGTTGTTGC-1,0,38,0,16784,9877
TGAACTGCTATGACTT-1,0,39,1,16670,10074
TGACATATATGACGAT-1,0,38,2,16557,9876
AAGTCTTCTGTGGCCT-1,0,39,3,16443,10073
ACCAGACCATAACAAC-1,0,38,4,16330,9875
TGAGACGTACCTCTCA-1,0,39,5,16216,10072
GACCGTTACATGCGAC-1,0,38,6,16103,9875
GGTTCGGATTATACTA-1,0,39,7,15989,10072
CCTCCTGAGCCCACAT-1,0,38,8,15876,9874
CCGCGATTTGGTAGGT-1,0,39,9,15762,10071
AATCTCTACTGTGGTT-1,0,38,10,15649,9873
ACTTTGACTGCATCCT-1,0,39,11,15535,10070
CCCTGACTAACAAATT-1,0,38,12,15423,9872
ACGCTGTGAGGCGTAG-1,0,39,13,15308,10069
GCATACGAGGTCTTTA-1,0,38,14,15196,9872
TCGGGATTCAAACATA-1,0,39,15,15082,10069
GGGCCCTACGAAAGGG-1,0,38,16,14969,9871
CGCCAAGAAGCCGAGT-1,0,39,17,14855,10068
GGTACATCTGGGACGA-1,0,38,18,14742,9870
GGATGCTGGCGTTCCT-1,0,39,19,14628,10067
CCGATTCGAGGGACCC-1,0,38,20,14515,9869
CCACTGGTGGCTGGTT-1,0,39,21,14401,10066
GACAGGCACACACTAT-1,0,38,22,14288,9869
TCAACGCGACCGGCAG-1,0,39,23,14174,10066
CTACGACTAGCTATAA-1,0,38,24,14061,9868
CGGTTGACCTGGCATA-1,0,39,25,13947,10065
ATCCTGAATCGCTGCG-1,0,38,26,13834,9867
GTTTCATATCGTCGCT-1,0,39,27,13720,10064
ATAAATATTAGCAGCT-1,0,38,28,13608,9866
AAGAGGATGTACGCGA-1,0,39,29,13493,10063
TCCTGCGTTGATACTC-1,0,38,30,13381,9866
CGTGCATTGTCGACGC-1,0,39,31,13267,10063
CCGGGTTCGAGGTTAC-1,0,38,32,13154,9865
CCCAATTTCACAACTT-1,0,39,33,13040,10062
TGATTTATTAGCTGTG-1,0,38,34,12927,9864
TGGAAGAAGGGAACGT-1,0,39,35,12813,10061
GACGCTTGCTTCTAAA-1,0,38,36,12700,9863
GGGAACGGGAGGTTAG-1,0,39,37,12586,10060
GCGGCTCTGACGTACC-1,0,38,38,12473,9863
ACGTTAGATTTGCCCG-1,0,39,39,12359,10060
GAGAGGGCGCGAGGTT-1,0,38,40,12246,9862
GCGTCTCTGCATTGGG-1,0,39,41,12132,10059
GCAGCACACAGCCCAG-1,0,38,42,12019,9861
CAGGCCGTTTGGGTGT-1,0,39,43,11905,10058
AACTCAAGTTAATTGC-1,0,38,44,11793,9860
CTTCGTAGATAGGTGA-1,0,39,45,11678,10057
TGCAGAGTACCGAGCA-1,0,38,46,11566,9860
GAAGTGATTTATCGTG-1,0,39,47,11452,10057
CGCTACGGGACATTTA-1,0,38,48,11339,9859
CCACACTGAGATATTA-1,0,39,49,11225,10056
CGATCCGACCCAGTGC-1,0,38,50,11112,9858
CTGTACTTCTTAGCAT-1,0,39,51,10998,10055
ACTTATTAGGATCGGT-1,0,38,52,10885,9857
TAGTCCGCAGAGAATG-1,0,39,53,10771,10054
TTCACGAAAGGATCAC-1,0,38,54,10658,9857
TACATTTCTAACGTGC-1,0,39,55,10544,10054
ACCATATCCGCAATAA-1,0,38,56,10431,9856
CACTCAAGAGCTATGG-1,0,39,57,10317,10053
TGTACGAACAAATCCG-1,0,38,58,10204,9855
ATCATCCAATATTTGT-1,0,39,59,10090,10052
CGCTATTCTTAGGCTC-1,0,38,60,9977,9854
TGGCAGCAGTAATAGT-1,0,39,61,9863,10051
TCACGTGCCCGATTCA-1,0,38,62,9751,9854
CATACGGCGTCTGGGC-1,0,39,63,9637,10051
CACATGATTCAGCAAC-1,0,38,64,9524,9853
GCTAGTAGAGCTTGTA-1,0,39,65,9410,10050
TGCTGTTGAAGAACTC-1,0,38,66,9297,9852
CGGAGCATGGCGATCC-1,0,39,67,9183,10049
TAGCGTTGGGTCTTAC-1,0,38,68,9070,9851
GTAGCGGCTATACACT-1,0,39,69,8956,10048
TAACATACAATGTGGG-1,0,38,70,8843,9851
TCTTCGAATAGACGTT-1,0,39,71,8729,10048
GATCGTGACTGATATC-1,0,38,72,8616,9850
GATCCGGGAATTAACA-1,0,39,73,8502,10047
TTATATACGCTGTCAC-1,0,38,74,8389,9849
GTCGCGTAACCCGTTG-1,0,39,75,8275,10046
AGCTCTAGACGTTCCA-1,0,38,76,8162,9848
GTCAAGCGGACTCGGG-1,0,39,77,8048,10045
CGAGGGACTGCGGTCG-1,0,38,78,7936,9848
AATCGCCTCAGCGCCA-1,0,39,79,7821,10045
CTTGTTGCTGAGTCAA-1,0,38,80,7709,9847
GATATGAGACACTAAC-1,0,39,81,7595,10044
TTATGATCTTAACGAA-1,0,38,82,7482,9846
CGCCGCCCATGCCTGT-1,0,39,83,7368,10043
CTGGGATAAATAATGG-1,0,38,84,7255,9845
GTGCCCGTTCGGATTC-1,0,39,85,7141,10042
TTCAATACTCTGAATC-1,0,38,86,7028,9845
CGCACATGTCCACTAC-1,0,39,87,6914,10042
AGAAGAGCGCCGTTCC-1,0,38,88,6801,9844
GATAACTCGCACTGTG-1,0,39,89,6687,10041
AGTCGACGGTCTCAAG-1,0,38,90,6574,9843
GTGACCGCACACTACG-1,0,39,91,6460,10040
GTATGTGGGTCTAGTT-1,0,38,92,6347,9842
CTTGAGTTAGGGTAAT-1,0,39,93,6233,10039
TTAGCTGATTTGCCGT-1,1,38,94,6121,9842
GCTGTTGCTACCGAAC-1,0,39,95,6006,10039
TATTACCATCCTGCTT-1,0,38,96,5894,9841
TTGAATTCACGTGAGG-1,0,39,97,5780,10038
CCATCTCACCAGTGAA-1,0,38,98,5667,9840
CGCACGTGCGCTATCA-1,0,39,99,5553,10037
ACCCGGATGACGCATC-1,0,38,100,5440,9839
CGCTAGAGACCGCTGC-1,0,39,101,5326,10036
ATAGTTCCACCCACTC-1,0,38,102,5213,9839
GCAGACCCAGCACGTA-1,0,39,103,5099,10036
TAGACTACCTAGCGTT-1,0,38,104,4986,9838
GGTTCTACTCGTCTGA-1,0,39,105,4872,10035
GACTCACCCACGTGAG-1,0,38,106,4759,9837
AGCTCTTCGTAACCTT-1,0,39,107,4645,10034
ACTATCCAGGGCATGG-1,0,38,108,4532,9836
AAGGATCGATCGCTTG-1,0,39,109,4418,10033
ATATCGGTAGGGAGAT-1,0,38,110,4306,9836
TTCCAGACGAGATTTA-1,0,39,111,4191,10033
GACCGACGTGAAAGCA-1,0,38,112,4079,9835
CCTGGAAACGTTCTGC-1,0,39,113,3965,10032
CCGGTAATGGCTAGTC-1,0,38,114,3852,9834
GCCGTGGAAGAAATGT-1,0,39,115,3738,10031
GTCTTGAGGAGCAGTG-1,0,38,116,3625,9833
TCCCAAAGCCCTAAAT-1,0,39,117,3511,10030
TTGAGCGCCACGTGAT-1,0,38,118,3398,9833
TTGAGTCCCGCTGCTG-1,0,39,119,3284,10030
ATGGAACCTTTGCACA-1,0,38,120,3171,9832
GCTAGCACCTGGGCCA-1,0,39,121,3057,10029
CGCCGTCTACCCATCG-1,0,38,122,2944,9831
GATAGGTGTCCCGGGC-1,0,39,123,2830,10028
AGGTATGCGGACATTA-1,0,38,124,2717,9830
TTGGTTCGCTCAAAGG-1,0,39,125,2603,10027
TCTGGAGCGTAAGAGT-1,0,38,126,2491,9830
TGCCTAAATTTAATAG-1,0,39,127,2376,10027
TAATTTCCGTCCAGTA-1,0,40,0,16783,10272
TCCTTCAATCCCTACG-1,0,41,1,16668,10469
TACCTATCCCTAGAGG-1,0,40,2,16556,10271
GCATGGGTACTGACGC-1,0,41,3,16442,10468
GTCGGGAACATGGTAG-1,0,40,4,16329,10270
GCAAATGAGGACACTT-1,0,41,5,16215,10467
GAATGGGCTTATCGAC-1,0,40,6,16102,10269
TGGTCGTGCAAGGCAA-1,0,41,7,15988,10466
CACCACGCCACACAGA-1,0,40,8,15875,10269
GAACCTCGACCTACAC-1,0,41,9,15761,10466
CAATACGCTCTGAGGC-1,0,40,10,15648,10268
TGGTAAGCAGGATTGA-1,0,41,11,15534,10465
AGTGGCTCCGTCGGCC-1,0,40,12,15421,10267
GATCGGATAGAACCAT-1,0,41,13,15307,10464
GCTACAGTACGGACCG-1,0,40,14,15194,10266
TCTATTACTAGAGGAT-1,0,41,15,15080,10463
TTCAGGCGTCAAAGCC-1,0,40,16,14967,10266
AGACCGGGAAACCCTG-1,0,41,17,14853,10463
AGAGATCTCTAAAGCG-1,0,40,18,14741,10265
CCCTGCCCAATCCGCT-1,0,41,19,14627,10462
GTGGCGGTCCCAGCGT-1,0,40,20,14514,10264
GCATTGTAATTCATAT-1,0,41,21,14400,10461
CCGTTCCGAATCTCGG-1,0,40,22,14287,10263
AGCTTGATCTTAACTT-1,0,41,23,14173,10460
CCTGTACTCACGCCCA-1,0,40,24,14060,10263
AAGTGACGACCGAATT-1,0,41,25,13946,10460
CTCACTTGGCTGGTAA-1,0,40,26,13833,10262
CGCCTGGCCTACGTAA-1,0,41,27,13719,10459
CCCGTAAGTCTAGGCC-1,0,40,28,13606,10261
TTGGACATGTGGCTTA-1,0,41,29,13492,10458
ATTACGCGCTGGCAGG-1,0,40,30,13379,10260
ACGCGCTACACAGGGT-1,0,41,31,13265,10457
TACGTTTACCGGCAAT-1,0,40,32,13152,10260
CGAAACGCAATTCATG-1,0,41,33,13038,10457
TAGTCTAACAACGAGA-1,0,40,34,12926,10259
TTGCATGCTGATCACG-1,0,41,35,12812,10456
TCTGGGTAGCGCTCAT-1,0,40,36,12699,10258
ACATCGGTCAGCCGCG-1,0,41,37,12585,10455
AGATACCGGTGTTCAC-1,0,40,38,12472,10257
GATTACTGAATTTGGG-1,0,41,39,12358,10454
TCCAACTTTAAATTCT-1,0,40,40,12245,10257
TCCTAGCAAAGAAGCT-1,0,41,41,12131,10454
GTCTATCTGAGTTTCT-1,0,40,42,12018,10256
GATGTTCAATCCACGA-1,0,41,43,11904,10453
AGTTAAACACTTGCGA-1,0,40,44,11791,10255
AGCTCTTTACTCAGTT-1,0,41,45,11677,10452
ATCCAGGATTCGTGAA-1,0,40,46,11564,10254
AGTCAACACCACCATC-1,0,41,47,11450,10451
CGATACCTCGCGGACA-1,0,40,48,11337,10254
TACAACGCACAACTCA-1,0,41,49,11223,10451
AATTAAAGGTCGGCGT-1,0,40,50,11111,10253
TACGCAGTTCTTTCCT-1,0,41,51,10996,10450
GACCGTGCTGACGGTG-1,0,40,52,10884,10252
GGCAAATTACTTTACT-1,0,41,53,10770,10449
GGTACAAACATGCTAT-1,0,40,54,10657,10251
CGGGCCTTCTTTGTAA-1,0,41,55,10543,10448
CGTGAAGTTAATTCAC-1,0,40,56,10430,10251
ATAGTGAAGCGTTCTC-1,0,41,57,10316,10448
TACGCCATATTCTAAT-1,0,40,58,10203,10250
GCCGGGTTAGGGTCGC-1,0,41,59,10089,10447
TACATAGGCATACACC-1,0,40,60,9976,10249
GCCGATTGGCCAAGCT-1,0,41,61,9862,10446
CTGCCATGCATCACAT-1,0,40,62,9749,10248
TTATGAATGAAAGGGA-1,0,41,63,9635,10445
GCTGAGGCGTGAGTAT-1,0,40,64,9522,10248
GCGCCGTTCCACGATA-1,0,41,65,9408,10445
CGCATGGTGCGATGCT-1,0,40,66,9296,10247
AGGTTTCACACACCTT-1,0,41,67,9181,10444
CAAGGATCGCATGTTC-1,0,40,68,9069,10246
ACGTTAATGTCGAAGA-1,0,41,69,8955,10443
TCCAGAGCACCGGTTC-1,0,40,70,8842,10245
GATTCGACGGTTCACG-1,0,41,71,8728,10442
GTTTCTGCAGTCTCCC-1,0,40,72,8615,10245
GCTGCACGGTTTCTTA-1,0,41,73,8501,10442
CGTGCAGACTGGGACA-1,0,40,74,8388,10244
GTGTTACTATGCGTCC-1,0,41,75,8274,10441
TCCTCGGGCTGGGCTT-1,0,40,76,8161,10243
GTGAGGACACTTAAGG-1,0,41,77,8047,10440
ATACGCCGGCGAAACC-1,0,40,78,7934,10242
TCTGCCAGAAACTGCA-1,0,41,79,7820,10439
TTCTGCGGGTTAGCGG-1,0,40,80,7707,10242
CTCGGTACCACTGCTC-1,0,41,81,7593,10439
GTAAGTAACAGTCTGG-1,0,40,82,7481,10241
GTGCGTGTATATGAGC-1,0,41,83,7366,10438
ATTTGTCTTGGGAGCT-1,0,40,84,7254,10240
CCTCGGACCGGGATAG-1,0,41,85,7140,10437
TAGGTGCTCGCCTAGC-1,0,40,86,7027,10239
CTTTAGGAACACTGTT-1,0,41,87,6913,10436
TCGGGCCGTCGTGGTA-1,0,40,88,6800,10239
AGTGCTTGCACGAATA-1,0,41,89,6686,10436
TGCAGTTTCCTCCCAT-1,0,40,90,6573,10238
TGAGAGATTTACCACG-1,0,41,91,6459,10435
GAAACAGATGACCACC-1,0,40,92,6346,10237
AGCAACATATCTTATT-1,0,41,93,6232,10434
CAAGTGTGGTTGCAAA-1,0,40,94,6119,10236
GCCTCATCTGGAAATA-1,0,41,95,6005,10433
AACCCTACTGTCAATA-1,0,40,96,5892,10236
ACGTATTACTCCGATC-1,0,41,97,5778,10433
TCTGGGAACCTTTGAA-1,0,40,98,5665,10235
GCTCGCTCATGTCCAA-1,0,41,99,5551,10432
GCGCAAGAGCGCGCTG-1,0,40,100,5439,10234
TTGACGCTCCATGAGC-1,0,41,101,5325,10431
TATAGATGGTCGCAGT-1,0,40,102,5212,10233
TTACATGCCACAACTA-1,0,41,103,5098,10430
ACATGGCGCCAAAGTA-1,0,40,104,4985,10233
TATGGTTAGTGGGAGA-1,0,41,105,4871,10430
CATGACTTCGCTGAAT-1,0,40,106,4758,10232
ACCACCAATGTAACAA-1,0,41,107,4644,10429
TCTTAGAGCTCCAATT-1,0,40,108,4531,10231
CCACGAATTTAACCTC-1,0,41,109,4417,10428
TTCTTGCTAGCATCTC-1,0,40,110,4304,10230
ACACCTTACTACTTGC-1,0,41,111,4190,10427
AGTCGGTTGCGTGAGA-1,0,40,112,4077,10230
ACCTACAGTATGTGGT-1,0,41,113,3963,10427
GAGGATAAACAGTGCT-1,0,40,114,3850,10229
TTCCGGTATCTGTGTC-1,0,41,115,3736,10426
GGAGGCCGAAGTCGTC-1,0,40,116,3624,10228
TTCGCTAGGAAGTTGT-1,0,41,117,3510,10425
TAAAGACAACCCTTTA-1,0,40,118,3397,10227
GTTGCGCTAACATTAC-1,0,41,119,3283,10424
GCTGAACTCTCCAGGG-1,0,40,120,3170,10227
AGCCCTGTCGCACCGT-1,0,41,121,3056,10424
AGCGCTAGAGCGATGT-1,0,40,122,2943,10226
TGCGCCGTTAATAACG-1,0,41,123,2829,10423
TGACAACGCATGTCGC-1,0,40,124,2716,10225
CGTCTTGAGTGTGACG-1,0,41,125,2602,10422
GATAGGATTAATTACA-1,0,40,126,2489,10224
GATACCGTGTCGGAGT-1,0,41,127,2375,10421
TGTGTCGAAGTCGAGG-1,0,42,0,16781,10667
GGATCAGAGCCATCAG-1,0,43,1,16667,10864
GTCCCAATCATCCCGC-1,0,42,2,16554,10666
TGCCACACTAGAGGAA-1,0,43,3,16440,10863
TGAATTTCACTTGCCT-1,0,42,4,16327,10665
CTCAGATTGTGATAAG-1,0,43,5,16213,10862
CGGACGTTACTTGAAG-1,0,42,6,16101,10664
CCGCCTTGCGATGTCG-1,0,43,7,15986,10861
CCAGTCAAATCTCTTA-1,0,42,8,15874,10664
AAACAGCTTTCAGAAG-1,0,43,9,15760,10861
TAGCTGATGTGAAGCG-1,0,42,10,15647,10663
CTTATGCGCTCAGGGC-1,0,43,11,15533,10860
TGGCTCTTGTCGCGTA-1,0,42,12,15420,10662
TTGTGAGGCATGACGC-1,0,43,13,15306,10859
CATAAGCTCTCCGTCT-1,0,42,14,15193,10661
CCTTCTCAGCGTTCCT-1,0,43,15,15079,10858
TGCAGCTACGTACTTC-1,0,42,16,14966,10661
CTCTACACTGGCGATT-1,0,43,17,14852,10858
TGCAGATCGTCCTAGG-1,0,42,18,14739,10660
TGCCAAAGTCAGACTT-1,0,43,19,14625,10857
ACAATAGTCGTACGTT-1,0,42,20,14512,10659
CATGCCAACTCGCAAA-1,0,43,21,14398,10856
TGCAGAACTATATCGT-1,0,42,22,14286,10658
TCGTGTCACGCTGACA-1,0,43,23,14171,10855
TGATCAGGGAACTGCT-1,0,42,24,14059,10657
CTTGCAACCGCCTCCT-1,0,43,25,13945,10855
AGCCCATACATGTAAG-1,0,42,26,13832,10657
ATCCAATGGAGGGTCC-1,0,43,27,13718,10854
AAACCGGGTAGGTACC-1,0,42,28,13605,10656
GCAACCACGGCCGCGT-1,0,43,29,13491,10853
CGCTTATTCCCGGTCG-1,0,42,30,13378,10655
TTACTCTGGTACGTAC-1,0,43,31,13264,10852
GTGGTTTCCGCCTTTC-1,0,42,32,13151,10654
ATAGGCGGCTATAGAA-1,0,43,33,13037,10852
GTGCCATCACACGGTG-1,0,42,34,12924,10654
CCCAACATACGTCGCG-1,0,43,35,12810,10851
CGGTGCAGATAGAACG-1,0,42,36,12697,10653
GGGCGGGTTCCCTACG-1,0,43,37,12583,10850
TGAGCCATACAGTCTC-1,0,42,38,12471,10652
CTCCGCCCACATGAGG-1,0,43,39,12356,10849
GTTGAACCGGTTCCAT-1,0,42,40,12244,10651
TTGACTACCATATGGT-1,0,43,41,12130,10849
ACCATCGTATATGGTA-1,0,42,42,12017,10651
TGCGTAAGAACCTGAT-1,0,43,43,11903,10848
AGAAGGTTGCCGAATT-1,0,42,44,11790,10650
AGGACGACCCATTAGA-1,0,43,45,11676,10847
GGTGCTGGTACACATT-1,0,42,46,11563,10649
GCGCTATGCCGAGGCA-1,0,43,47,11449,10846
ACCCGGTTACACTTCC-1,0,42,48,11336,10648
TAACTCATCCGCGCGG-1,0,43,49,11222,10846
CACAATGAGCTGCTAT-1,0,42,50,11109,10648
GTTACTTTGGGCCTAG-1,0,43,51,10995,10845
GGGCCCGTCTTAAACA-1,0,42,52,10882,10647
GAAATTGTCTCTATAA-1,0,43,53,10768,10844
GGCGCATGAATTGATG-1,0,42,54,10656,10646
CATATAGGTACAGTCA-1,0,43,55,10541,10843
TCAACGAGGAGACAAA-1,0,42,56,10429,10645
TTGCACAATTCAGAAA-1,0,43,57,10315,10843
CATCGGACGGGTTAAT-1,0,42,58,10202,10645
ATTAAACATGCGGACC-1,0,43,59,10088,10842
TATCTACCACAGCGGG-1,0,42,60,9975,10644
CGAGACCCTAGAGTGT-1,0,43,61,9861,10841
ACATCGATCGTTTACC-1,0,42,62,9748,10643
ATCGACCCAATACAGA-1,0,43,63,9634,10840
GAATCTGAACATTCTC-1,0,42,64,9521,10642
AGTTCCTATTTATGTT-1,0,43,65,9407,10840
CAGTCTGTATACTGGG-1,0,42,66,9294,10642
GGAGACGACACCTTTG-1,0,43,67,9180,10839
CCTAAATTAACGGTTC-1,0,42,68,9067,10641
GCTACGACTTATTGGG-1,0,43,69,8953,10838
CTGTGCAGGGTAGGTC-1,0,42,70,8840,10640
ACGCCGCTAGACGACC-1,0,43,71,8726,10837
ACTTGACTCCCTCTTT-1,0,42,72,8614,10639
CGCCTCCCTCCTCTAT-1,0,43,73,8500,10837
CTAGATTTACGACGGC-1,0,42,74,8387,10639
GATGCTGTATTTCATC-1,0,43,75,8273,10836
TGCGTTTGTTGACACT-1,0,42,76,8160,10638
CGTGCCCTCCCGAAGA-1,0,43,77,8046,10835
ACTCTCTGACTTAGGT-1,0,42,78,7933,10637
CTGGGTAGGCAGTTAA-1,0,43,79,7819,10834
GTTTGGCCCAAGTTAT-1,0,42,80,7706,10636
GAATGTGGTCCGGATT-1,0,43,81,7592,10834
CCCAGTTAAGGCGCCG-1,0,42,82,7479,10636
CGGTACTAGAATCAAA-1,0,43,83,7365,10833
GCTTAATGTAACTAAC-1,0,42,84,7252,10635
AGGACAGTCGAATCCC-1,0,43,85,7138,10832
GACAGCCAGACCTGAC-1,0,42,86,7025,10634
GGCGAAATCTAACTTG-1,0,43,87,6911,10831
CTGGTAACACATAGAA-1,0,42,88,6799,10633
TAGCCATTTCAAAGTC-1,0,43,89,6684,10831
GGGATTTACCGCACCT-1,0,42,90,6572,10633
ATGCCATTTGCGACCA-1,0,43,91,6458,10830
GAATAGACGCGACCCA-1,0,42,92,6345,10632
TGTATGGCGCAGACAG-1,0,43,93,6231,10829
GGATGAAGATCGCTGA-1,0,42,94,6118,10631
CGACAATTTGATCTAA-1,0,43,95,6004,10828
AAAGTTGACTCCCGTA-1,0,42,96,5891,10630
CGCGGCTCAACTTGAA-1,0,43,97,5777,10827
CACGCGGAACTGTTGC-1,0,42,98,5664,10630
TCTTAGAGTGAACTCT-1,0,43,99,5550,10827
AGTCCATTGGCTGATG-1,0,42,100,5437,10629
TTAAGATAGGATTGAC-1,0,43,101,5323,10826
ACATCCTGGTAACTGT-1,0,42,102,5210,10628
CACCTTGGCGCCTTTG-1,0,43,103,5096,10825
GCTAGACCGTCTACTG-1,0,42,104,4984,10627
CGGCCCAGGTATATCC-1,0,43,105,4869,10824
GTCCATTACTGCTACG-1,0,42,106,4757,10627
GGGTTTAGGATAGGAT-1,0,43,107,4643,10824
TAATTAGGACATCCGT-1,0,42,108,4530,10626
GCTCCCAGTCGGTCCA-1,0,43,109,4416,10823
ATTCGTGCTATCTCTT-1,0,42,110,4303,10625
GTTAACTATGTTGTCA-1,0,43,111,4189,10822
GCTCCGCTCGCTTCAG-1,0,42,112,4076,10624
GCAACGGCTAGTTATG-1,0,43,113,3962,10821
AATCGCGCAGAGGACT-1,0,42,114,3849,10624
AGGTTACACCATGCCG-1,0,43,115,3735,10821
CGAGATTTCGCTCGGG-1,0,42,116,3622,10623
CGATAATACTCAGGTT-1,0,43,117,3508,10820
AAGGCAGGCTGTCTCC-1,0,42,118,3395,10622
GTAAGTCCACACTCTA-1,0,43,119,3281,10819
ATGAGGGCAGCGGCTA-1,0,42,120,3169,10621
GCCGCACTCCGTTTCA-1,0,43,121,3054,10818
GAGCACGGCGCCTCTT-1,0,42,122,2942,10621
ACAATTTGGCCATATT-1,0,43,123,2828,10818
CTGGTTCGCGAGCTAC-1,0,42,124,2715,10620
GACGGTCCTAGGGTGT-1,0,43,125,2601,10817
ACTCGCGATCTGACGC-1,0,42,126,2488,10619
GTGTACGAACCGTTCC-1,0,43,127,2374,10816
CTTTGACGTCGCTTCT-1,0,44,0,16780,11061
CGTTATCATACTTCCA-1,0,45,1,16666,11258
GCTATGCCAGCTTATG-1,0,44,2,16553,11061
CAGTCGGCCTAGATAT-1,0,45,3,16439,11258
CCCGTGAGGGCGGTGA-1,0,44,4,16326,11060
TCTCGTGTTACGAGGA-1,0,45,5,16212,11257
ACGTCTCGTTCCGGGA-1,0,44,6,16099,11059
CGAGAGCGCGTAGATA-1,0,45,7,15985,11256
GACAGATTTCTGGCTC-1,0,44,8,15872,11058
GGGCCTAAATGGGCTA-1,0,45,9,15758,11255
ACTTGTAGTCCCTTCA-1,0,44,10,15646,11058
CCCGAAGTTTCGCGAA-1,0,45,11,15531,11255
ACCATCCGCCAACTAG-1,0,44,12,15419,11057
TGCGAATATGGGATTT-1,0,45,13,15305,11254
TACATCCCTATCCCTG-1,0,44,14,15192,11056
GTGGGAAGACTGAATC-1,0,45,15,15078,11253
TCAACATCGACCGAGA-1,0,44,16,14965,11055
CTATGTGAGTCACGGC-1,0,45,17,14851,11252
CCGAACACTGGGCCTC-1,0,44,18,14738,11055
AAACTTGCAAACGTAT-1,0,45,19,14624,11252
AGGGCGAGCAGCTGAT-1,0,44,20,14511,11054
AACACGAGACGCGGCC-1,0,45,21,14397,11251
TGACGAATATTTCCCT-1,0,44,22,14284,11053
TCGGAGAGTATCGGGA-1,0,45,23,14170,11250
CAAATCTCTCACAAGG-1,0,44,24,14057,11052
AGGCCCTAGAACGCCA-1,0,45,25,13943,11249
TAGAGATCATGCAACT-1,0,44,26,13830,11052
TTGTTTCCATACAACT-1,0,45,27,13716,11249
GAGAGGTGCATTCTGG-1,0,44,28,13604,11051
GTGGACCAACCCGATT-1,0,45,29,13490,11248
CTGGGCCTGCTATATC-1,0,44,30,13377,11050
CATAGTCCACAAGAAC-1,0,45,31,13263,11247
TTGACATGAACGTGGA-1,0,44,32,13150,11049
GGTTACCACCCTCGGG-1,0,45,33,13036,11246
TACCGGTCGTTTCCAT-1,0,44,34,12923,11049
CGAGTACTAAAGAGGA-1,0,45,35,12809,11246
GCAAGAATTCCTTGGC-1,0,44,36,12696,11048
TCGCCGAAGTTGCGTC-1,0,45,37,12582,11245
TTGAGAGTACTGCTAA-1,0,44,38,12469,11047
GCCACAATTTAAGGAC-1,0,45,39,12355,11244
ATATTCAGTTAAACCT-1,0,44,40,12242,11046
TGAGTGCCTCTTAAAT-1,0,45,41,12128,11243
ATCAGACGGCACGCCG-1,0,44,42,12015,11046
GTGCGAAATCGAACAC-1,0,45,43,11901,11243
GTGCCGCTTCAAAGGT-1,0,44,44,11789,11045
GATACGATGGGAGTCA-1,0,45,45,11675,11242
GACACTGAGTTCAGTG-1,0,44,46,11562,11044
ATCCTGCGTGGAATGG-1,0,45,47,11448,11241
ATCCTACCTAAGCTCT-1,0,44,48,11335,11043
AGTGATATGAGTAGTT-1,0,45,49,11221,11240
ATGATGCAATGGTACA-1,0,44,50,11108,11043
GAAACCGAATTACCTT-1,0,45,51,10994,11240
AGTGACCTACTTTACG-1,0,44,52,10881,11042
CAAATGTCCTTCCGTG-1,0,45,53,10767,11239
TTACTGGGATATTTCA-1,0,44,54,10654,11041
CTTGCCCAGGCTCTAC-1,0,45,55,10540,11238
AAATCGTGTACCACAA-1,0,44,56,10427,11040
GTGATCATAGATCTGC-1,0,45,57,10313,11237
TGGCAGATTACGATCA-1,0,44,58,10200,11040
TCACCCTCTTAAGATT-1,0,45,59,10086,11237
CAGGATATATCGTTGT-1,0,44,60,9974,11039
CCTGACCACCGATGGT-1,0,45,61,9859,11236
CTAAAGGGAAATAGGA-1,0,44,62,9747,11038
CCGCTATCAGCACCAG-1,0,45,63,9633,11235
CTTTAGTGCTATTATT-1,0,44,64,9520,11037
CGGGAATTTATGTAAA-1,0,45,65,9406,11234
TACGACTGCCTCTTAG-1,0,44,66,9293,11037
AAACTGCTGGCTCCAA-1,0,45,67,9179,11234
GTACGTTTGCCCGTCA-1,0,44,68,9066,11036
GGCAAGGCGAAATAGC-1,0,45,69,8952,11233
GATCTTGGAGGGCATA-1,0,44,70,8839,11035
AGCGTGGTATTCTACT-1,0,45,71,8725,11232
CTAAGGGAATGATTGG-1,0,44,72,8612,11034
CATGGTAAGTAGCGTT-1,0,45,73,8498,11231
CGTTGAGCGACCGTCG-1,0,44,74,8385,11034
TGCCCGTACCGTTAAA-1,0,45,75,8271,11231
ACAAGGGCAGGCTCTG-1,0,44,76,8159,11033
GAGATCTTCCATGACA-1,0,45,77,8044,11230
AATGACGTAGGATGTC-1,0,44,78,7932,11032
GTGGTGGCCAAGTGAA-1,0,45,79,7818,11229
TCCCGTGTGCAATTTG-1,0,44,80,7705,11031
ACATCGTATGCAATGG-1,0,45,81,7591,11228
GCGAAACTTAACTGGA-1,0,44,82,7478,11031
AATTGAACGCTCTGGT-1,0,45,83,7364,11228
ACAAATGGTAGTGTTT-1,0,44,84,7251,11030
ATGGTCGCGTGGTTTC-1,0,45,85,7137,11227
TGTTATTGTATGTGGC-1,0,44,86,7024,11029
TTCCGGTTACCCACTT-1,0,45,87,6910,11226
GAGTGTGCGGTACCCA-1,0,44,88,6797,11028
CAAGATATTATAACGT-1,0,45,89,6683,11225
ACACACCAGGACCAGT-1,0,44,90,6570,11028
ATGGGCCTCGGCCTCT-1,0,45,91,6456,11225
AAGGTGATAAACCAGC-1,0,44,92,6344,11027
TCTTACTTATGCCTCT-1,0,45,93,6229,11224
AAAGTGTGATTTATCT-1,0,44,94,6117,11026
TGCTCCACAGTTCTTA-1,0,45,95,6003,11223
CTGGCTGATTCATCCT-1,0,44,96,5890,11025
TAAGGCTGAATCCCTC-1,0,45,97,5776,11222
TCTAGTGATATCGTGG-1,0,44,98,5663,11025
TCGAAGAACCGAGCAC-1,0,45,99,5549,11222
GACAAACATATGCAGG-1,0,44,100,5436,11024
AAGTCAATTGTCGTCA-1,0,45,101,5322,11221
AGTGAACAAACTTCTC-1,0,44,102,5209,11023
CATGATGGAAGTTAGC-1,0,45,103,5095,11220
AAGTGCCTTGACTGTA-1,0,44,104,4982,11022
ATCGCCAGTCAACATT-1,0,45,105,4868,11219
ACCGCGGTGGAAGTCG-1,0,44,106,4755,11022
TCTTCTATAACCCGCC-1,0,45,107,4641,11219
CACATTTCTTGTCAGA-1,0,44,108,4528,11021
TAGCGTCCCTCGATTG-1,0,45,109,4414,11218
GTTCGGATCGGGAACA-1,0,44,110,4302,11020
CAAACTCGCGACGCCG-1,0,45,111,4188,11217
GTCTTGTAGCTATTCA-1,0,44,112,4075,11019
TCTCGACGTATCGCCG-1,0,45,113,3961,11216
TTGCCAAGCAGAACCC-1,0,44,114,3848,11019
AAACCCGAACGAAATC-1,0,45,115,3734,11216
TTGAGCAGCCCACGGT-1,0,44,116,3621,11018
CGCCTTTAGCATGCTC-1,0,45,117,3507,11215
TGTGGCTCCCACCAAC-1,0,44,118,3394,11017
CCGCCGTTGAGGATAA-1,0,45,119,3280,11214
CAATACGAGAGTCTGA-1,0,44,120,3167,11016
CATCTAGTGAAGGGAA-1,0,45,121,3053,11213
GGTGGAGGTTGATACG-1,0,44,122,2940,11016
CCGCACACGAACGTGT-1,0,45,123,2826,11213
AGAACCCAGCGTGACA-1,0,44,124,2713,11015
GCGCTCGATCACCTGT-1,0,45,125,2599,11212
ATCATGGACTACCGAC-1,0,44,126,2487,11014
TACGCCGCCTCAGAAG-1,0,45,127,2373,11211
CGACCTACTAGACAAT-1,0,46,0,16779,11456
GAGTCTTGTAAAGGAC-1,0,47,1,16665,11653
AATATCCTAGCAAACT-1,0,46,2,16552,11455
CCCTAGGCAACAAGAG-1,0,47,3,16438,11652
ACAAAGAAGGTAGGCC-1,0,46,4,16325,11455
CCCTGGCTGTTCCTTC-1,0,47,5,16211,11652
TCGCCGCACCGCGTGA-1,0,46,6,16098,11454
TATAGCGCACGTTATC-1,0,47,7,15984,11651
TTATCTGACATTAGGA-1,0,46,8,15871,11453
AGTGGTGTTACCCGTG-1,0,47,9,15757,11650
GCCAAGAATACTTCTG-1,0,46,10,15644,11452
CCGGCGTGAGACTCTG-1,0,47,11,15530,11649
TTCCCGGCGCCAATAG-1,0,46,12,15417,11452
AAACAGGGTCTATATT-1,0,47,13,15303,11649
ACAGTAATACAACTTG-1,0,46,14,15190,11451
CGAACGGCCGGACAAC-1,0,47,15,15076,11648
GCAACACACTAGAACT-1,0,46,16,14964,11450
ACTCCCATTCCTAAAG-1,0,47,17,14849,11647
ACCTGCGTGTCATGTT-1,0,46,18,14737,11449
TACTTTCCGCACGCCA-1,0,47,19,14623,11646
AGGTCAGGTGAGAGTG-1,0,46,20,14510,11449
TCCTCCTAAGACATTC-1,0,47,21,14396,11646
ATGTGAAAGCCTAATG-1,0,46,22,14283,11448
AGTCGGCTCAACTTTA-1,0,47,23,14169,11645
CGATCTGTTGGAGGAC-1,0,46,24,14056,11447
ACGGGAGTGTCGGCCC-1,0,47,25,13942,11644
TTAACTTCAGGTAGGA-1,0,46,26,13829,11446
CCACGGAGCCATAAGA-1,0,47,27,13715,11643
CTTCTATGTTGAAGTA-1,0,46,28,13602,11446
CACCGTTGCGCGATAT-1,0,47,29,13488,11643
TCTAGCAATCTCCGCC-1,0,46,30,13375,11445
AGTTTGGCCAGACCTA-1,0,47,31,13261,11642
TTGTAAGGACCTAAGT-1,0,46,32,13149,11444
AAATTTGCGGGTGTGG-1,0,47,33,13034,11641
AAGTTCGGCCAACAGG-1,0,46,34,12922,11443
CCGCTTACCTCACTCT-1,0,47,35,12808,11640
ATCACGTGCTAATTAA-1,0,46,36,12695,11443
GGTGAAGTACAGGGAT-1,0,47,37,12581,11640
GCTGTATTACTGGCCC-1,0,46,38,12468,11442
AACGGCCATCTCCGGT-1,0,47,39,12354,11639
TAAGTAACATCTTGAC-1,0,46,40,12241,11441
TTCTTGAGCCGCGCTA-1,0,47,41,12127,11638
AGTGCGTAGCTCGTAA-1,0,46,42,12014,11440
GGGATGGTCGTAACCG-1,0,47,43,11900,11637
GTCTGGGCGGTCGAGA-1,0,46,44,11787,11440
CGGAACGTAAACATAG-1,0,47,45,11673,11637
TGCGACACCCTAGTGC-1,0,46,46,11560,11439
CAAACGAGTATCGCAG-1,0,47,47,11446,11636
TCAGTAGGGACTATAA-1,0,46,48,11334,11438
GCGGTTCCCTATCATG-1,0,47,49,11219,11635
GTGACTTCAGTAGTGC-1,0,46,50,11107,11437
CGTCACGTCCATTGGT-1,0,47,51,10993,11634
ATAAGTTACCGCGACG-1,0,46,52,10880,11437
CTGAATCCGAGACCTC-1,0,47,53,10766,11634
TACGACGCTTGCTGCG-1,0,46,54,10653,11436
GAATTCACCCGGGTGT-1,0,47,55,10539,11633
GGGTGACACCTTAACT-1,0,46,56,10426,11435
TGAGTAAATTAGCGTA-1,0,47,57,10312,11632
GAGTCCGCTTACCGGA-1,0,46,58,10199,11434
GGCGCGTTCGAGTTTA-1,0,47,59,10085,11631
ATTCATATACTGTCCA-1,0,46,60,9972,11434
ATAAACGGACCCGTAA-1,0,47,61,9858,11631
GTCGTACCATCTCGGG-1,0,46,62,9745,11433
ATAATAGCTGTTGAAT-1,0,47,63,9631,11630
TTCCGCGTGAGGCGAT-1,0,46,64,9519,11432
TACCGGCTCACTGCCC-1,0,47,65,9404,11629
GTATCTTTCATAACCA-1,0,46,66,9292,11431
GTTACCTACAACTTGC-1,0,47,67,9178,11628
TGACTATAATCCTTTC-1,0,46,68,9065,11431
AAATACCTATAAGCAT-1,0,47,69,8951,11628
TTATTAGAGCGTGTTC-1,0,46,70,8838,11430
ATGTGGACATCTTGAT-1,0,47,71,8724,11627
GTACGCTTCATTGCAC-1,0,46,72,8611,11429
CACATATTAGCAGGAT-1,0,47,73,8497,11626
CAAGAGGGCGGAGTAC-1,0,46,74,8384,11428
TCGCAAAGATGCATTT-1,0,47,75,8270,11625
GTCGTTATTCGCTTAT-1,0,46,76,8157,11428
TCGTGTACTATGGATG-1,0,47,77,8043,11625
GCGGAGAGGGAGAACG-1,0,46,78,7930,11427
TCACAGGGAATCGCAA-1,0,47,79,7816,11624
GACTGCACCAGCCCAG-1,0,46,80,7703,11426
TCCGCTGTCATCCCGG-1,0,47,81,7589,11623
AGATACTCAAGATCGA-1,0,46,82,7477,11425
ACTGAATGGCGAAAGT-1,0,47,83,7363,11622
TCCTACATCCACGGCC-1,0,46,84,7250,11425
TTCAGCCCTGGTCCAC-1,0,47,85,7136,11622
TTAGAGTTTAGAAGGA-1,0,46,86,7023,11424
GGTTAGCTATATGTCT-1,0,47,87,6909,11621
CTGGTTTCGAGCAAGA-1,0,46,88,6796,11423
TGGGCCCATACTAATT-1,0,47,89,6682,11620
ACTTATTTATGTGCCA-1,0,46,90,6569,11422
TTAGTTATTCGTGGCA-1,0,47,91,6455,11619
AACCGCTAAGGGATGC-1,0,46,92,6342,11422
ATACGTCCACTCCTGT-1,0,47,93,6228,11619
CGACACGCTCCGACAG-1,0,46,94,6115,11421
TCTGAACTCGTACCCG-1,0,47,95,6001,11618
AGGATATAGGGATTTA-1,0,46,96,5888,11420
GTGATCACTAACGCCT-1,0,47,97,5774,11617
ACCGGGCCTTTGTTGA-1,0,46,98,5662,11419
TTGACAGGAGCTCCCG-1,0,47,99,5547,11616
CTCTTCTATTGACTGG-1,0,46,100,5435,11419
CGTGGCCGAATATCTA-1,0,47,101,5321,11616
GGTTTAGCCTTTCTTG-1,0,46,102,5208,11418
TCAAGGTTACTACACC-1,0,47,103,5094,11615
TTGACTATTGTCCGGC-1,0,46,104,4981,11417
CGGGAATATAGTATAC-1,0,47,105,4867,11614
GCAACAGCAGTATGCG-1,0,46,106,4754,11416
ATCAAACACTGTTCCA-1,0,47,107,4640,11613
TGGGCAATAGTTGGGT-1,0,46,108,4527,11416
TGAATGTCAGCCGGCC-1,0,47,109,4413,11613
CGGCTCTAAAGCTGCA-1,0,46,110,4300,11415
GGACACAAGTTTACAC-1,0,47,111,4186,11612
CCGAGAAGTCGCATAA-1,0,46,112,4073,11414
AACTACCCGTTTGTCA-1,0,47,113,3959,11611
GCACAAACGAGGCGTG-1,0,46,114,3847,11413
CACACAGCTTGCGCTC-1,0,47,115,3732,11610
GTGCTTACATCAGCGC-1,0,46,116,3620,11413
GCAAACGTCGCCAGGT-1,0,47,117,3506,11610
GAATAGCATTTAGGGT-1,0,46,118,3393,11412
TACTGTTTCTCTGGTA-1,0,47,119,3279,11609
TCCTATCATAGGTAAC-1,0,46,120,3166,11411
TTCGGTGGAGACGCCC-1,0,47,121,3052,11608
TGTTGCCGTCGTCCCA-1,0,46,122,2939,11410
CCAACTTGATAGATCC-1,0,47,123,2825,11607
CAAAGGTCATCTGAAA-1,0,46,124,2712,11410
CTAGCTTAATGGTCCC-1,0,47,125,2598,11607
AGGCCACATTGGTTAC-1,0,46,126,2485,11409
TTAGGATGGGAGGGTA-1,0,47,127,2371,11606
TATGACCTTGCGCTGG-1,0,48,0,16777,11851
ATATACATGTATGGTA-1,0,49,1,16663,12048
TGTGTGACCATGAATC-1,0,48,2,16550,11850
CCCACTCCACGGTATC-1,0,49,3,16436,12047
GGGCAGACGTCACTGC-1,0,48,4,16324,11849
TCAAAGAGCTATCTGT-1,0,49,5,16209,12046
AGATGCATCCTGTGTC-1,0,48,6,16097,11849
GTGAAGTCACGACTCG-1,0,49,7,15983,12046
TGATTCAGGTCCCGCG-1,0,48,8,15870,11848
CGCCACAGGTCGCGAT-1,0,49,9,15756,12045
TTGAATCGTTGTATAA-1,0,48,10,15643,11847
TGGCCAATTTGGTACT-1,0,49,11,15529,12044
CGACCCTTAACGCCGG-1,0,48,12,15416,11846
TCGGCGTACTGCACAA-1,0,49,13,15302,12043
GAGTAAGGCCACGGGA-1,0,48,14,15189,11846
ATCAGCTCGTCCACTA-1,0,49,15,15075,12043
AGGATCACGCGATCTG-1,0,48,16,14962,11845
AAATGGCCCGTGCCCT-1,0,49,17,14848,12042
CAGTACCAGTTTACGT-1,0,48,18,14735,11844
GGTCGTAAGCTCGCAC-1,0,49,19,14621,12041
CGTTCATGGTGCGCGT-1,0,48,20,14509,11843
GACTACAAAGCGGTGG-1,0,49,21,14394,12040
CAGCTGGCGTAACCGT-1,0,48,22,14282,11843
ACTCGTAACCCGTCCT-1,0,49,23,14168,12040
CATATGTCAGGCTACG-1,0,48,24,14055,11842
GCCCGACTTCTTCCCG-1,0,49,25,13941,12039
CTGGCATCCGAATGAG-1,0,48,26,13828,11841
AAGTGCGTTAGAATCT-1,0,49,27,13714,12038
AGAAGTGATTCGTGAT-1,0,48,28,13601,11840
TACCTTAAGATTTCCC-1,0,49,29,13487,12037
AATGACAGCAATGTCT-1,0,48,30,13374,11840
TCAACGCAGGAAATAA-1,0,49,31,13260,12037
TATTCCTCCGCCCACT-1,0,48,32,13147,11839
ATCAAACGAAGGTTTG-1,0,49,33,13033,12036
TTGATTAGCTGTTTCT-1,0,48,34,12920,11838
CTGCTGAGGCCACGAA-1,0,49,35,12806,12035
CCGTGTTAAATTCCAT-1,0,48,36,12693,11837
CACGTCGGCAACCTCT-1,0,49,37,12579,12034
GTATTCTGAGAAACGA-1,0,48,38,12467,11837
CGGTGCGCGTTGGTCC-1,0,49,39,12353,12034
GTGATTCGCCGCTCAA-1,0,48,40,12240,11836
GCCCGCGCGTAAACGG-1,0,49,41,12126,12033
AACGTACTGTGGGTAC-1,0,48,42,12013,11835
GAGTATGCCCGCCTTG-1,0,49,43,11899,12032
TGATTCTGTCGCCGGT-1,0,48,44,11786,11834
GGGCGGCAAATGAATT-1,0,49,45,11672,12031
TTCCAATCTGGCTATC-1,0,48,46,11559,11834
GGAACCGTGTAAATTG-1,0,49,47,11445,12031
TTGGTCACACTCGTAA-1,0,48,48,11332,11833
CGAACCCGCATGCGTC-1,0,49,49,11218,12030
GGGCGTCACCACGTAA-1,0,48,50,11105,11832
TACCAGAAGTAGGTTC-1,0,49,51,10991,12029
TTGGATATCGTCTACG-1,0,48,52,10878,11831
TAGATATGGACTGGAA-1,0,49,53,10764,12028
GCGACGATAGTTGTAC-1,0,48,54,10652,11831
CTGGATTTACACTTGA-1,0,49,55,10537,12028
GTTATATTATCTCCCT-1,0,48,56,10425,11830
TATTCCACTCAGCTCG-1,0,49,57,10311,12027
CTGTTACCCAATCTAG-1,0,48,58,10198,11829
ACGCGAAGTCAGACGA-1,0,49,59,10084,12026
GATAGGTAACGTTGAC-1,0,48,60,9971,11828
TGTTCGTATTGCGGTG-1,0,49,61,9857,12025
GGTCAGTGGGTCCCAC-1,0,48,62,9744,11828
AATTCTAGAGTTAGGC-1,0,49,63,9630,12025
GTTTACGTTCCATCTG-1,0,48,64,9517,11827
AGACCCACCGCTGATC-1,0,49,65,9403,12024
TCTAGCATGCCCAGAA-1,0,48,66,9290,11826
CCCGCAGCGCGAACTA-1,0,49,67,9176,12023
CTCTATTTGGCTGCAG-1,0,48,68,9063,11825
TTCTGCCGCGCCTAGA-1,0,49,69,8949,12022
ACTCCCTAGAATAGTA-1,0,48,70,8837,11825
CCGAACCTTCCCGGCC-1,0,49,71,8722,12022
TCAGACGCTATAGAAG-1,0,48,72,8610,11824
CAGGCGCCATGCTAGG-1,0,49,73,8496,12021
CACTCGAGCTGAACAA-1,0,48,74,8383,11823
ACAAGGAAATCCGCCC-1,0,49,75,8269,12020
ACCACGTGCAGCTATA-1,0,48,76,8156,11822
ACGGCGACGATGGGAA-1,0,49,77,8042,12019
TTACTAAAGGACTTTA-1,0,48,78,7929,11822
GGCTGAAATAGCAAAG-1,0,49,79,7815,12019
TTAGACGAGTCACCTC-1,0,48,80,7702,11821
GTAGTCGCGGGAATCA-1,0,49,81,7588,12018
GCAAACCCTACATTAT-1,0,48,82,7475,11820
GTTAAAGTAGGACTGG-1,0,49,83,7361,12017
ACCCTCCCTTGCTATT-1,0,48,84,7248,11819
CATGTCTCATTTATGG-1,0,49,85,7134,12016
AATAGAATCTGTTTCA-1,0,48,86,7022,11819
TCTCATGAGATAGGGT-1,0,49,87,6907,12016
ATGACTATGCGACATT-1,0,48,88,6795,11818
CCTAACCCAAACAAGT-1,0,49,89,6681,12015
AGTCAAGATGACACTT-1,0,48,90,6568,11817
CGGGAGCTTCAGTGTA-1,0,49,91,6454,12014
CCACAGTACCCATCCT-1,0,48,92,6341,11816
GAGCGCGCACGAGTAG-1,0,49,93,6227,12013
ACCAGTGCGGGAGACG-1,0,48,94,6114,11816
TCCTTACGACGGTCCG-1,0,49,95,6000,12013
TAGTCGATCACGGGTT-1,0,48,96,5887,11815
AGACGAAGTGCCGGTC-1,0,49,97,5773,12012
CGCTGGTGACTACCCT-1,0,48,98,5660,11814
AGGCATTGTCGTAGGG-1,0,49,99,5546,12011
TGGTAGAATATATGGG-1,0,48,100,5433,11813
TTCTTATCCGCTGGGT-1,0,49,101,5319,12010
AGTTTGGCACGGGTTG-1,0,48,102,5207,11813
GCATCGGCCGTGTAGG-1,0,49,103,5092,12010
ATGCGAGTCCCACCAC-1,0,48,104,4980,11812
TCGGCGAACCCAAACC-1,0,49,105,4866,12009
AGAGTAAACTTCACTA-1,0,48,106,4753,11811
AAGCCGAAGCGGTTTA-1,0,49,107,4639,12008
CCCGAGTTTCTCCGTA-1,0,48,108,4526,11810
AATATCGAATCAATGC-1,0,49,109,4412,12007
GCGCCTCCCACTCCGA-1,0,48,110,4299,11810
CGTTAAACTAGTTAGG-1,0,49,111,4185,12007
TGAGTTAAAGACATTC-1,0,48,112,4072,11809
AACAGGTAGTATGGAT-1,0,49,113,3958,12006
GAACGCGGGTCACACG-1,0,48,114,3845,11808
TGTTTGAGATCGTCAG-1,0,49,115,3731,12005
ATCTCGTGAGCGAAAC-1,0,48,116,3618,11807
CTGAGAAAGTTCGGCG-1,0,49,117,3504,12004
ATTACCACACTGCCTG-1,0,48,118,3391,11807
CTGCTGTCTAACGAGC-1,0,49,119,3277,12004
CGTGGAAGCCTCGTAC-1,0,48,120,3165,11806
GGACTCACAAATTAGG-1,0,49,121,3051,12003
CTTTGCTGTCATGGAT-1,0,48,122,2938,11805
GGTGTTGGGCGTCTTA-1,0,49,123,2824,12002
TACCATGTATTGATTT-1,0,48,124,2711,11804
GGTCTCCAAGTAGTGC-1,0,49,125,2597,12001
ATCCTTCTGAAAGAAC-1,0,48,126,2484,11804
CCGGAAGTTATCAGTC-1,0,49,127,2370,12001
TTAGAGGGATATACAG-1,0,50,0,16776,12246
TTGTACACCTCGAACA-1,0,51,1,16662,12443
GTGGGTACTGAGCGTA-1,0,50,2,16549,12245
CTTAAGCAGCGAGCCG-1,0,51,3,16435,12442
GCATTGACTTGCGGAA-1,0,50,4,16322,12244
CCATAACCTGTGCAGT-1,0,51,5,16208,12441
GGGCTACTATTTCGTG-1,0,50,6,16095,12243
GGCGAGCGAAACGGCA-1,0,51,7,15981,12440
GGAGACCATCTACATA-1,0,50,8,15868,12243
AGACCAAACCACACCT-1,0,51,9,15754,12440
CGACGCATCCGTACCT-1,0,50,10,15642,12242
CCTAGGTAAAGGTAGC-1,0,51,11,15528,12439
AGCGGCGGTTAGCGGT-1,0,50,12,15415,12241
CTGGACGCAGTCCGGC-1,0,51,13,15301,12438
AGCCTAATACCCACGT-1,0,50,14,15188,12240
AATCTGGCTTTCTAGT-1,0,51,15,15074,12437
CACCCTTGGTGAGACC-1,0,50,16,14961,12240
GGATCTTGACTCAACC-1,0,51,17,14847,12437
ACGAGGATACCACTCT-1,0,50,18,14734,12239
GAGTTGATGGCAATTT-1,0,51,19,14620,12436
GTGGCAAACAGCGGCA-1,0,50,20,14507,12238
GATGTAACGAACCACC-1,0,51,21,14393,12435
AGCCGTGGCTAAATGT-1,0,50,22,14280,12237
CTCCCTCCTTTCGATC-1,0,51,23,14166,12434
TTGGAAGAATACAGTC-1,0,50,24,14053,12237
AGTTAAGTCAACCGCT-1,0,51,25,13939,12434
CTCATGGTAATTTGCG-1,0,50,26,13827,12236
AAAGTAGCATTGCTCA-1,0,51,27,13712,12433
TTGTGGTAGGAGGGAT-1,0,50,28,13600,12235
AGTCGTGGGCATTACG-1,0,51,29,13486,12432
ACCTAAGTACCTTTCA-1,0,50,30,13373,12234
GTAGAGGGAGACAAGT-1,0,51,31,13259,12431
GATCCTCGACACTGGC-1,0,50,32,13146,12234
CCTACATTCACAGACG-1,0,51,33,13032,12431
TTGACCGTGTTAATGA-1,0,50,34,12919,12233
TCTGTTACCCAGCATA-1,0,51,35,12805,12430
CTAACTGGTCCGGTTC-1,0,50,36,12692,12232
AGCGACAGGAACGGTC-1,0,51,37,12578,12429
TAATAGAACAGAGTTA-1,0,50,38,12465,12231
ACAGGTGGAGGTGAGG-1,0,51,39,12351,12428
TGCGAGAATATTACCC-1,0,50,40,12238,12231
TTGCGTCGGCCAACCG-1,0,51,41,12124,12428
AGGCTTCCCGAAGAAG-1,0,50,42,12012,12230
GCGGACCGCGTTGTGG-1,0,51,43,11897,12427
GTAATCTGATTCTTCG-1,0,50,44,11785,12229
CCGCGGAATGCGTCAC-1,0,51,45,11671,12426
TTCCACACAGATTTGA-1,0,50,46,11558,12228
CTTCTATTAATGCTAG-1,0,51,47,11444,12425
CATTTGAGTGGTACGT-1,0,50,48,11331,12228
TCACAGCAAACTCGAA-1,0,51,49,11217,12425
CAGACGAACCTGATAC-1,0,50,50,11104,12227
TAGCTAGAAGGCATGA-1,0,51,51,10990,12424
ATCCAGAGCAACAACC-1,0,50,52,10877,12226
TCCGGTTCGTCCGGTC-1,0,51,53,10763,12423
CGCGCATGTTTGATTG-1,0,50,54,10650,12225
TGGCGATCAAGTTATG-1,0,51,55,10536,12422
CCCTTTGACAGGTCTT-1,0,50,56,10423,12225
CAGAGACGGTCACCCA-1,0,51,57,10309,12422
TAGCTCGCCTGATAAC-1,0,50,58,10197,12224
TTGTGTTTCCCGAAAG-1,0,51,59,10082,12421
TATACACAGACGCCTT-1,0,50,60,9970,12223
ACATTAGTTTATATCC-1,0,51,61,9856,12420
CCATCGCAGTTAAACT-1,0,50,62,9743,12222
AATTAGCGCTGCAGCG-1,0,51,63,9629,12419
TCCGCTTATCCCATTA-1,0,50,64,9516,12222
GTTTGGGCTTGTGAGC-1,0,51,65,9402,12419
CTTGTCAACATTCGAG-1,0,50,66,9289,12221
GGACCAACAGGATAAC-1,0,51,67,9175,12418
AAGCTAGATCGAGTAA-1,0,50,68,9062,12220
TACCGTGCCTCGGACC-1,0,51,69,8948,12417
GTAGCCAAACATGGGA-1,0,50,70,8835,12219
TGCCAGTACGTGGAGA-1,0,51,71,8721,12416
ATAAGGTGGAGAACAT-1,0,50,72,8608,12219
CTTTAATATTGGTCGA-1,0,51,73,8494,12416
TGGTTCAACGGGTAAT-1,0,50,74,8382,12218
GCTGCTACTGCGTAGC-1,0,51,75,8267,12415
CTGCACAACTACATAT-1,0,50,76,8155,12217
ATATTCCACATAGTGA-1,0,51,77,8041,12414
TGGCAAACTAAATTAC-1,0,50,78,7928,12216
ACCGCAATAACTGCCT-1,0,51,79,7814,12413
TCGCACCAGGAGGCAG-1,0,50,80,7701,12216
ACTTCAGGCTGATCCC-1,0,51,81,7587,12413
ACAAATCGCACCGAAT-1,0,50,82,7474,12215
TCTGATGTATTCTGTC-1,0,51,83,7360,12412
CTTTACCGAATAGTAG-1,0,50,84,7247,12214
GCAGATCCATAAGACT-1,0,51,85,7133,12411
TTCCTCGGACTAACCA-1,0,50,86,7020,12213
TTATCCGGGATCTATA-1,0,51,87,6906,12410
CTGGAAGACACGGTGG-1,0,50,88,6793,12213
GTTCGTCTAAAGAACT-1,0,51,89,6679,12410
GTCTATTGGTTCCGGT-1,0,50,90,6566,12212
CTAGGCGCCCTATCAG-1,0,51,91,6452,12409
AACGGACGTACGTATA-1,0,50,92,6340,12211
AACACACGCTCGCCGC-1,0,51,93,6226,12408
GCTACTATAGTAGAGT-1,0,50,94,6113,12210
AGCATATCAATATGCT-1,0,51,95,5999,12407
CGAACAGTATGGGCGT-1,0,50,96,5886,12210
ACAATTGTGTCTCTTT-1,0,51,97,5772,12407
GATCGCTACCCGATTT-1,0,50,98,5659,12209
ATTGCGATCAGTAACT-1,0,51,99,5545,12406
CAGCAGTCCAGACTAT-1,0,50,100,5432,12208
AGAGGCTTCGGAAACC-1,0,51,101,5318,12405
AAACAAGTATCTCCCA-1,0,50,102,5205,12207
GGCAGCAAACCTATGC-1,0,51,103,5091,12404
ACTAGTTGCGATCGTC-1,0,50,104,4978,12207
TTGGACCATCTGGCAA-1,0,51,105,4864,12404
CCCTCCTCGCTCGTAT-1,0,50,106,4751,12206
GAGCGCAAATACTCCG-1,0,51,107,4637,12403
ATTACATGTCAGTCTT-1,0,50,108,4525,12205
TTGGGACGTAAGAGTT-1,0,51,109,4410,12402
CTTCGGCCAATTGTTT-1,0,50,110,4298,12204
AGACCGCTCCGCGGTT-1,0,51,111,4184,12401
GACCGCGTCTGACGTG-1,0,50,112,4071,12204
CCAAATAACAAGATTC-1,0,51,113,3957,12401
TCTTTAGAGTCTAACA-1,0,50,114,3844,12203
CTCCCAATGAGTCGCG-1,0,51,115,3730,12400
TAGTCTTTCCGAATTG-1,0,50,116,3617,12202
GAGTAAACCGGAAAGT-1,0,51,117,3503,12399
GATCTCGACGCTGTGG-1,0,50,118,3390,12201
CTGACATAGAAATAGA-1,0,51,119,3276,12398
TATACCGAGTGCCACA-1,0,50,120,3163,12201
TCCGAACGTTGCCGCT-1,0,51,121,3049,12398
GCAGAAGGTAATCTCC-1,0,50,122,2936,12200
GGTACTAAGTGCTTTG-1,0,51,123,2822,12397
CAGAATATTCGTTATC-1,0,50,124,2710,12199
TAATCAACCAAATGGG-1,0,51,125,2595,12396
TCTGCTTAGAACAAGC-1,0,50,126,2483,12198
AACTGAGTTATACTGA-1,0,51,127,2369,12395
CCTCAACGATCGCTGT-1,0,52,0,16775,12640
CGGTACGGCAAACCCA-1,0,53,1,16661,12837
CAGATGTTTGTCCCAA-1,0,52,2,16548,12640
GTTTGTTAGCCAAGTA-1,0,53,3,16434,12837
ACGTGACAAAGTAAGT-1,0,52,4,16321,12639
TTGTCACCGCGGTATC-1,0,53,5,16207,12836
GATCTAACCGTATTCA-1,0,52,6,16094,12638
ATGGAAATTTAAGGAG-1,0,53,7,15980,12835
ATTGATCACCACATTT-1,0,52,8,15867,12637
ACTGCTCGGAAGGATG-1,0,53,9,15753,12834
TCTAAAGAACAGTCTC-1,0,52,10,15640,12637
CTGGGTTGAGTTAAAG-1,0,53,11,15526,12834
CCCAGTAAACTTGGGA-1,0,52,12,15413,12636
AGATTCACAACCGATA-1,0,53,13,15299,12833
AGAAGGTACACTTCAC-1,0,52,14,15187,12635
GCAGGAACTTAGATCT-1,0,53,15,15072,12832
AATCTAGGTTTACTTG-1,0,52,16,14960,12634
CCCGGTGTATCGGAAT-1,0,53,17,14846,12831
TTATCCTCAAGGAATA-1,0,52,18,14733,12634
AGCATCATTTCGAAAG-1,0,53,19,14619,12831
CGCGAGTCTGCCGGGT-1,0,52,20,14506,12633
TGCGTCATGACTGAGC-1,0,53,21,14392,12830
GTATGAAATTTCACTC-1,0,52,22,14279,12632
TTGGTTGCGGTGCGCG-1,0,53,23,14165,12829
ACAGAACTGAGAACAA-1,0,52,24,14052,12631
CTACTATCATAGGTTT-1,0,53,25,13938,12828
CCTCTATCGATTAGCA-1,0,52,26,13825,12631
CCGTATCTCGTCGTAG-1,0,53,27,13711,12828
TCACGATGTCCGTGGA-1,0,52,28,13598,12630
TCAACAAAGATAATTC-1,0,53,29,13484,12827
ATGACGCGTTCTATCC-1,0,52,30,13372,12629
ATTTGCGCGAGTAGCT-1,0,53,31,13257,12826
TTCTTGGACGATCTGC-1,0,52,32,13145,12628
AGACGACGATGCCGCT-1,0,53,33,13031,12825
GGTCTCTGAATGGACT-1,0,52,34,12918,12628
GCTCAATCCGTTTATT-1,0,53,35,12804,12825
CCAGAAAGCAACTCAT-1,0,52,36,12691,12627
CACCGTTAGGGATCAC-1,0,53,37,12577,12824
AATAACACTAGAACAA-1,0,52,38,12464,12626
CACCCGGTTTGTGACT-1,0,53,39,12350,12823
CCACCAACTTTACTGT-1,0,52,40,12237,12625
AACTCTCAGTGTGCTC-1,0,53,41,12123,12822
AAACCGTTCGTCCAGG-1,0,52,42,12010,12625
CAGCGATTCCCTTCAA-1,0,53,43,11896,12822
GCTAGCTTGAATAGCT-1,0,52,44,11783,12624
TTGCGGCATCAGAAAG-1,0,53,45,11669,12821
AATAGAACAGAGTGGC-1,0,52,46,11556,12623
GCCATCGAGCTGCGTG-1,0,53,47,11442,12820
ACACTGATCAAGGTGT-1,0,52,48,11330,12622
ACCAACGCTTATTTAT-1,0,53,49,11216,12819
GACATCGATTTATAAC-1,0,52,50,11103,12622
CAGACACCGATCGCTG-1,0,53,51,10989,12819
CCAAGAAAGTGGGCGA-1,0,52,52,10876,12621
GGTAGACCGTTGGGCG-1,0,53,53,10762,12818
TCGTTAGGAGTCCCTA-1,0,52,54,10649,12620
ACGGCCAACATGGACT-1,0,53,55,10535,12817
GTGAGTGGTACAACGC-1,0,52,56,10422,12619
GAGACTTCGCGACCGA-1,0,53,57,10308,12816
GAAGTCAGTTGCACTA-1,0,52,58,10195,12619
GTTTGGTAGGGTCAAC-1,0,53,59,10081,12816
ACGGCACTTGCTTGGG-1,0,52,60,9968,12618
CCTCTGTACTATTCTA-1,0,53,61,9854,12815
CTATTCATGTGTCCCA-1,0,52,62,9741,12617
GCCCGATCTGTGGTCG-1,0,53,63,9627,12814
TTAGAAGAACATGACT-1,0,52,64,9515,12616
AGGATAAAGTCGGGAT-1,0,53,65,9400,12813
CGGCAAACATCGTGCG-1,0,52,66,9288,12616
CTAGTTACAACCCGGT-1,0,53,67,9174,12813
TTCGACAGAGCCCGTG-1,0,52,68,9061,12615
AAGCATACTCTCCTGA-1,0,53,69,8947,12812
GACGACGATCCGCGTT-1,0,52,70,8834,12614
GGTAGAAGACCGCCTG-1,0,53,71,8720,12811
GAGATGGGAGTCGACA-1,0,52,72,8607,12613
AACGATAATGCCGTAG-1,0,53,73,8493,12810
TGGTCCCACGCTACGG-1,0,52,74,8380,12613
CTGCTTGGCGATAGCT-1,0,53,75,8266,12810
ATCGGAGACAGACGGC-1,0,52,76,8153,12612
TAGCGTCCGGTGTGGT-1,0,53,77,8039,12809
GTTGAGTCCCGCCGGT-1,0,52,78,7926,12611
AAATAGGGTGCTATTG-1,0,53,79,7812,12808
AAGTGTTTGGAGACGG-1,0,52,80,7700,12610
AGCACTACCTCACCAG-1,0,53,81,7585,12807
TGCCTTGGCCAGGCAA-1,0,52,82,7473,12610
TCGTCTTAGGCGTTAA-1,0,53,83,7359,12807
TTCTGACCGGGCTCAA-1,0,52,84,7246,12609
CAGAACTTAGCCCTCT-1,0,53,85,7132,12806
AGCTCCTTCGCACATC-1,0,52,86,7019,12608
ACAGGCTTGCCCGACT-1,0,53,87,6905,12805
GCTATACGTCTCGGAC-1,0,52,88,6792,12607
GAGCCAGCTACCTGTG-1,0,53,89,6678,12804
TGCTAAGTGTCTATTT-1,0,52,90,6565,12607
GTCCTACGAATAGTCT-1,0,53,91,6451,12804
CAGTGTCGGCTGGCCC-1,0,52,92,6338,12606
CTATCGACGAAATACA-1,0,53,93,6224,12803
CATCATTACCCTGAGG-1,0,52,94,6111,12605
TAAGTTGCGACGTAGG-1,0,53,95,5997,12802
AGTGCACGCTTAAGAA-1,0,52,96,5885,12604
TGTGCCGGTGCCGGAA-1,0,53,97,5770,12801
AGGAGGCCTTCGCGCG-1,0,52,98,5658,12604
TCCGCGGCCCAATGAA-1,0,53,99,5544,12801
TCCGTTAAGCTAATAT-1,0,52,100,5431,12603
AAATCTAGCCCTGCTA-1,0,53,101,5317,12800
CGCAGGCGATCCAAAC-1,0,52,102,5204,12602
CCATATGGAAACTATA-1,0,53,103,5090,12799
CACCGTATCCCATCCG-1,0,52,104,4977,12601
GGTCAAGACTACTTCG-1,0,53,105,4863,12798
CCCGTTTCGCAGATGT-1,0,52,106,4750,12601
GTTATAATACGGTGAA-1,0,53,107,4636,12798
ACTTGTGGATGGAACG-1,0,52,108,4523,12600
GTTCGCTGAGACGTCT-1,0,53,109,4409,12797
GACACTGGAACCCGAT-1,0,52,110,4296,12599
CCCAGGTCTGAAGGCT-1,0,53,111,4182,12796
TCTCGAGGAGGTTCGC-1,0,52,112,4070,12598
ACTATCTGCCCGCGTA-1,0,53,113,3955,12795
CCTAAATTGTATCCTA-1,0,52,114,3843,12598
AGAAATTATGACTCGC-1,0,53,115,3729,12795
TCCAGCGCTATAAGCG-1,0,52,116,3616,12597
TCGTGTATTGGTCACG-1,0,53,117,3502,12794
CCACATACTGCACCCA-1,0,52,118,3389,12596
GTTGCGGACGGTCAGG-1,0,53,119,3275,12793
GTATTTAATGGCATAA-1,0,52,120,3162,12595
GTCGATAGGTGACTTT-1,0,53,121,3048,12792
AATAATCTTCGTATCG-1,0,52,122,2935,12595
ATTGTTCAACGATCCG-1,0,53,123,2821,12792
GTGCAGCGTAGAGTAG-1,0,52,124,2708,12594
TGTGGTAGGGTGCCTT-1,0,53,125,2594,12791
TGTGGACTATCTACGT-1,0,52,126,2481,12593
GGCGGGCTCTAAGAGT-1,0,53,127,2367,12790
TGTGCCAGAGGCAAAG-1,0,54,0,16773,13035
TGGCTTATGTATAATG-1,0,55,1,16659,13232
GCAAGCTGGAAACCGC-1,0,54,2,16547,13034
GATATCAAGCAGGAGC-1,0,55,3,16432,13231
CACCAATCATCCGTCT-1,0,54,4,16320,13034
CCACATGGCTCTTTAT-1,0,55,5,16206,13231
GTCCTACTCTACGGGC-1,0,54,6,16093,13033
CTCGAGACATACGATA-1,0,55,7,15979,13230
TATCAGTGGCGTAGTC-1,0,54,8,15866,13032
TGACAGGACAAGTCCA-1,0,55,9,15752,13229
TATTAACACCAAAGCA-1,0,54,10,15639,13031
TAGGCGATGAGGTCTC-1,0,55,11,15525,13228
CCGCCGGAACTTCTCG-1,0,54,12,15412,13031
GCCATTAGCCTCAAAC-1,0,55,13,15298,13228
GTTAGGCTACCCGTTT-1,0,54,14,15185,13030
GGGTATTCTAGCAAAC-1,0,55,15,15071,13227
GCCCTAGCCGTCGCGA-1,0,54,16,14958,13029
CAGATCCTGGTTTGAA-1,0,55,17,14844,13226
CTTCAGTGGTCGCCTA-1,0,54,18,14731,13028
GGGCAACCGCACGTGC-1,0,55,19,14617,13225
GACCCAATTATGATAC-1,0,54,20,14505,13028
GAAGCTCGGACCCGTC-1,0,55,21,14391,13225
CGTCGGGTCTAAGCGC-1,0,54,22,14278,13027
GAGGCCCGACTCCGCA-1,0,55,23,14164,13224
TTGCCATAGCCCGCTC-1,0,54,24,14051,13026
TAACATACACGCGATC-1,0,55,25,13937,13223
CCGACGGGCATGAGGT-1,0,54,26,13824,13025
AATGTGCCCGAGGTGT-1,0,55,27,13710,13222
AGCTGTAACCTCAATC-1,0,54,28,13597,13025
CGAGTGAAGGTACCAG-1,0,55,29,13483,13222
AGTCTCACAAGACTAC-1,0,54,30,13370,13024
AAATTGATAGTCCTTT-1,0,55,31,13256,13221
TAAGTCGCCGAGTATC-1,0,54,32,13143,13023
GCGGAGAAACTTCGCA-1,0,55,33,13029,13220
GGCAAAGGCGCCAATA-1,0,54,34,12916,13022
ATTTCCGGGTTCTGCG-1,0,55,35,12802,13219
TAAACCCAGGAGGGCA-1,0,54,36,12690,13022
TTCGGGCGCTAGTCTT-1,0,55,37,12575,13219
GTGGAGTCGGCGGTTG-1,0,54,38,12463,13021
GCACGCCTACTTAGAT-1,0,55,39,12349,13218
CAATATTCTTGACCTA-1,0,54,40,12236,13020
CGTTTGTGTAGAGGGT-1,0,55,41,12122,13217
CATAGCGTTGCCCACC-1,0,54,42,12009,13019
TGATACATTTAGCCGT-1,0,55,43,11895,13216
TTCCGGCCTTGAGGCT-1,0,54,44,11782,13019
CCTATACCGTCCTGTC-1,0,55,45,11668,13216
TCGTTGCTATCCGGTC-1,0,54,46,11555,13018
TGGCGACTGCTCCAAA-1,0,55,47,11441,13215
CAGAGGCGATGCATGA-1,0,54,48,11328,13017
TCACAGGAGAATAAGA-1,0,55,49,11214,13214
GGGTTAACATTTGAGT-1,0,54,50,11101,13016
GCGGGCGAGCCTTACC-1,0,55,51,10987,13213
TGCCAATGGGTACTCT-1,0,54,52,10875,13016
AGGGACTCTACGCGAC-1,0,55,53,10760,13213
GACGCCGTAAAGGCTA-1,0,54,54,10648,13015
AAAGGCTCTCGCGCCG-1,0,55,55,10534,13212
CTGGCTGGTTGTCAGT-1,0,54,56,10421,13014
ACATCCCGGCCATACG-1,0,55,57,10307,13211
CTCTTGTCCCGCTTGG-1,0,54,58,10194,13013
TACGCCTCCATTCCGA-1,0,55,59,10080,13210
CGGAGCAATTTAATCG-1,0,54,60,9967,13013
AACTAGGCTTGGGTGT-1,0,55,61,9853,13210
GCGTCGCCAGGGTGAT-1,0,54,62,9740,13012
GTTGGTCATGCTATCC-1,0,55,63,9626,13209
GCTGGCGGCGCATGCT-1,0,54,64,9513,13011
TGAGCGGAAAGTGTTC-1,0,55,65,9399,13208
CTTTCTGTGCGGGCTT-1,0,54,66,9286,13010
ATCTAATATCCTACGG-1,0,55,67,9172,13207
AACCTTTAAATACGGT-1,0,54,68,9060,13010
TTCACTCGAGCACCTA-1,0,55,69,8945,13207
CTGCACTCCAGTACAG-1,0,54,70,8833,13009
CCATTTCTACCTATTA-1,0,55,71,8719,13206
CAAGCGGCACATAATT-1,0,54,72,8606,13008
GTTAACATCACTTAAA-1,0,55,73,8492,13205
ATATAAATGTAGCTGC-1,0,54,74,8379,13007
GCCTCTATACATAGCA-1,0,55,75,8265,13204
GTGTCGTATAGCGTTC-1,0,54,76,8152,13007
ATACGTACTTAGCCAC-1,0,55,77,8038,13204
GCTATCATACTCATGG-1,0,54,78,7925,13006
TATCCAATTGGTTATC-1,0,55,79,7811,13203
TCTCCCTGGGCAGCGT-1,0,54,80,7698,13005
CCTATAATGAGTGCCC-1,0,55,81,7584,13202
CAATGCGAGAAGTATC-1,0,54,82,7471,13004
TACCAATAAAGTACCA-1,0,55,83,7357,13201
GCTAGGCACCACGGAG-1,0,54,84,7245,13004
GGTGGACTGCTCTGGC-1,0,55,85,7130,13201
TATTCCGAGCTGTTAT-1,0,54,86,7018,13003
TTGAGAAGTTTAGCAT-1,0,55,87,6904,13200
GTCCGGACCTGAAATT-1,0,54,88,6791,13002
CTGTGGTCGGGAGATA-1,0,55,89,6677,13199
CATGTAAGAGACATTT-1,0,54,90,6564,13001
CACGTTTCGTACACAC-1,0,55,91,6450,13198
CATCCTCTCAAAGATC-1,0,54,92,6337,13001
GATTAACCGAAAGCCC-1,0,55,93,6223,13198
AACGCTGTTGCTGAAA-1,0,54,94,6110,13000
TTCAGCTGGCGTGCCC-1,0,55,95,5996,13197
TAGAGGTTCTACTTGT-1,0,54,96,5883,12999
GTATCAAACGTTAGCT-1,0,55,97,5769,13196
AATCATGTAAAGACTC-1,0,54,98,5656,12998
AGTCACTAGCTCTCGA-1,0,55,99,5542,13195
GCGAAACGATCGGGAG-1,0,54,100,5429,12998
CATGGATTGTCTTCCG-1,0,55,101,5315,13195
ATTGGATTACAGCGTA-1,0,54,102,5203,12997
CACACACGCTAACGAG-1,0,55,103,5089,13194
CTATGGGAAGCGGAAT-1,0,54,104,4976,12996
TGCCTAATTGAAGATT-1,0,55,105,4862,13193
TGGCAATGGGACGGCG-1,0,54,106,4749,12995
ACCTCCGCCCTCGCTG-1,0,55,107,4635,13192
CGGCAATAAGATCGCC-1,0,54,108,4522,12995
CCTTGACCACTTTATT-1,0,55,109,4408,13192
TCATTTAGAAGTGTGA-1,0,54,110,4295,12994
CAGAATAACACACGGA-1,0,55,111,4181,13191
TCTGAGCAATTGACTG-1,0,54,112,4068,12993
CAACGTGGTGGAGTCT-1,0,55,113,3954,13190
CACAGTTCGCTTCCCA-1,0,54,114,3841,12992
TCTCTCGCCGCACATA-1,0,55,115,3727,13189
TGGGCAGGCCACCGCA-1,0,54,116,3614,12992
CTCCTGTTCAAGGCAG-1,0,55,117,3500,13189
TATTTGATTTGCACAG-1,0,54,118,3388,12991
GCCACTCCTTACGGTA-1,0,55,119,3273,13188
ACCGATATTTAATCAT-1,0,54,120,3161,12990
TTATTATCTGGAAGGC-1,0,55,121,3047,13187
TACATGCCGGAATTGT-1,0,54,122,2934,12989
GGCACTCAGCCGACCC-1,0,55,123,2820,13186
AAACCGGAAATGTTAA-1,0,54,124,2707,12989
AGACAGGCATCTCAGC-1,0,55,125,2593,13186
GTGGTGATGGTTTGTG-1,0,54,126,2480,12988
CCGATATGACGTAAGG-1,0,55,127,2366,13185
CATACACAAAGTCAGC-1,0,56,0,16772,13430
TGCCGTTCTTAATCGG-1,0,57,1,16658,13627
TCGAGTCTACGATTCG-1,0,56,2,16545,13429
ACTTCCAGTGGAAGCT-1,0,57,3,16431,13626
CAATTGGGCCGCACTC-1,0,56,4,16318,13428
AAATCGCGGAAGGAGT-1,0,57,5,16204,13625
ATATCAATTCCAGCCT-1,0,56,6,16091,13428
CTTTGTCGAATGCTCC-1,0,57,7,15977,13625
TGAGGCATGTACTGTG-1,0,56,8,15865,13427
TTCGCCGCTCGCGCTA-1,0,57,9,15750,13624
GACTCCTTCCAATTGA-1,0,56,10,15638,13426
ACCGAAGAGTCTGGTT-1,0,57,11,15524,13623
TGGCATGAAGTTTGGG-1,0,56,12,15411,13425
ACGAGGTTTACAACGT-1,0,57,13,15297,13622
AACCCATCCCATGATC-1,0,56,14,15184,13425
TCGACAACTGAACCCG-1,0,57,15,15070,13622
TATCTTGCAATACAAC-1,0,56,16,14957,13424
TATTATGTTTGCCTGC-1,0,57,17,14843,13621
GTCAAAGAAGTGGTGT-1,0,56,18,14730,13423
GGGACAGAGTTACTCC-1,0,57,19,14616,13620
AGCAACCGAAAGTAAT-1,0,56,20,14503,13422
CTCTCTAACTGCCTAG-1,0,57,21,14389,13619
ATACGGAACGTCGTTT-1,0,56,22,14276,13422
TCGGTCCCGACAATAG-1,0,57,23,14162,13619
CGCGCAAATGTCCAGA-1,0,56,24,14050,13421
TCTAATACTGCCTCAG-1,0,57,25,13935,13618
CTCGGTTGTCGGCCCT-1,0,56,26,13823,13420
GGTAACCGGGAGGATA-1,0,57,27,13709,13617
CAGGCGCACGGTGGTC-1,0,56,28,13596,13419
TCATCGATGGTCCCAA-1,0,57,29,13482,13616
CAAAGATTATTGGGCC-1,0,56,30,13369,13419
ACAATGAATACGGAGA-1,0,57,31,13255,13616
GCTCCTGACATACTGG-1,0,56,32,13142,13418
GATGACAAGTAGGGCA-1,0,57,33,13028,13615
TACGCCGAGGGTACCC-1,0,56,34,12915,13417
AAGCGTCCCTCATCGA-1,0,57,35,12801,13614
CACTCCTATGTAAGAT-1,0,56,36,12688,13416
TCGAGCCAGGCAGGCC-1,0,57,37,12574,13613
TCGTCAAGTACGCGCA-1,0,56,38,12461,13416
CCCGTAGCTGGGAAGA-1,0,57,39,12347,13613
ACCCTATGCCATATCG-1,0,56,40,12235,13415
GTGGTATAGTCTGCCG-1,0,57,41,12120,13612
CCGGTTTGTAATTGTG-1,0,56,42,12008,13414
GTCGCCGTTGTGTGTT-1,0,57,43,11894,13611
TACTGAACAGATTTAG-1,0,56,44,11781,13413
TATTAACCTGACCGCG-1,0,57,45,11667,13610
CTGTAGCCATCTCACT-1,0,56,46,11554,13413
TACTATGGTTCCTCAG-1,0,57,47,11440,13610
GAGTCAGACCAGAATC-1,0,56,48,11327,13412
TAAGGCATAACATCAA-1,0,57,49,11213,13609
CTTCCGCTCCGTGAAG-1,0,56,50,11100,13411
GGGCTATGATCGATGG-1,0,57,51,10986,13608
GGTCGGTCGTCCACAG-1,0,56,52,10873,13410
GGGACCCGTATATCTT-1,0,57,53,10759,13607
GAAAGCAGTGCACTTT-1,0,56,54,10646,13410
AGCGCATAATGAATCG-1,0,57,55,10532,13607
GCTGCTAAGTAGTCGA-1,0,56,56,10419,13409
AATAGTCCGTCCCGAC-1,0,57,57,10305,13606
AGCAGCCAGATGAATA-1,0,56,58,10193,13408
CCTCGCGCTGTGCGAT-1,0,57,59,10079,13605
TTGTGTATGCCACCAA-1,0,56,60,9966,13407
TGCTCGGCGAAACCCA-1,0,57,61,9852,13604
CGATTAAATATCTCCT-1,0,56,62,9739,13407
TGCCGTGGATCGTCCT-1,0,57,63,9625,13604
GTGGACGCATTTGTCC-1,0,56,64,9512,13406
ACCCGGAAACTCCCAG-1,0,57,65,9398,13603
CCGCATGTGGTACGAT-1,0,56,66,9285,13405
GCAAACCTTGGCCATA-1,0,57,67,9171,13602
ATTCACTGATGTTGGA-1,0,56,68,9058,13404
ACTCCCTAATGCTAAA-1,0,57,69,8944,13601
TCCTAAATTGGGAAGC-1,0,56,70,8831,13404
GAACAGATTACTAAAT-1,0,57,71,8717,13601
ATACAGGCCCTCCAAT-1,0,56,72,8604,13403
CGATTCGCCTGGCTGC-1,0,57,73,8490,13600
TCCGCCTGTCTACAAG-1,0,56,74,8378,13402
CACATCTCACCGACGA-1,0,57,75,8263,13599
CGTCGTCCTTCGCGAA-1,0,56,76,8151,13401
CGTTGAATACCGCGCT-1,0,57,77,8037,13598
ACCAATATGCAAGTTA-1,0,56,78,7924,13401
ACGGATGGTGCGGATA-1,0,57,79,7810,13598
CACCCTAACAAGATCT-1,0,56,80,7697,13400
AAGCTCTTTCATGGTG-1,0,57,81,7583,13597
CATGGGTATGCCTTAT-1,0,56,82,7470,13399
GCGCGTCATTGGTACA-1,0,57,83,7356,13596
TCTGAAGCACGTGGTC-1,0,56,84,7243,13398
AAGTTCACTCCAAGCT-1,0,57,85,7129,13595
TTGGACCTATAACAGT-1,0,56,86,7016,13398
ATCAGCCTCATGCTGC-1,0,57,87,6902,13595
AGTACTCTTATGCCCA-1,0,56,88,6789,13397
GCGCTTAAATAATTGG-1,0,57,89,6675,13594
TTGTGAACCTAATCCG-1,0,56,90,6563,13396
AGTCGTCGACCACCAA-1,0,57,91,6448,13593
TCCTTTAAATCCGCTT-1,0,56,92,6336,13395
ACTGAAACGCCGTTAG-1,0,57,93,6222,13592
GCACACACTGGTAGCC-1,0,56,94,6109,13395
TAAGGGCCTGTCCGAT-1,0,57,95,5995,13592
GCTAGAGTAGAGATGT-1,0,56,96,5882,13394
CACAGGGCCATATAGT-1,0,57,97,5768,13591
CCATGCCCTAGATTTC-1,0,56,98,5655,13393
TCGCGTAGCAGTGTCC-1,0,57,99,5541,13590
GACGAGGCTAATAAAC-1,0,56,100,5428,13392
CTACACTCGCAGATGG-1,0,57,101,5314,13589
ACGCATACGTTTACTA-1,0,56,102,5201,13392
GGAGCAACATTTCAAG-1,0,57,103,5087,13589
CGAGAGGGTAGCCGCG-1,0,56,104,4974,13391
TCGTGTTCGACCACAA-1,0,57,105,4860,13588
TCTACCCAATAGAGAG-1,0,56,106,4748,13390
ATAAACGTTGCACCAC-1,0,57,107,4633,13587
TCAACTGCAGAGTCAG-1,0,56,108,4521,13389
AGCTCCATATATGTTC-1,0,57,109,4407,13586
GTAACATCTAAGATAA-1,0,56,110,4294,13389
CCGACAATAGGCCGCC-1,0,57,111,4180,13586
ATGCTTAGGAGTTGAT-1,0,56,112,4067,13388
AACCCGAGCAGAATCG-1,0,57,113,3953,13585
CGGGTTTGTTAGGGCT-1,0,56,114,3840,13387
AGGCACGTGACTGTCC-1,0,57,115,3726,13584
GACAAGAGATGAGATT-1,0,56,116,3613,13386
AGCCCTTGGACATCCC-1,0,57,117,3499,13583
GCAGTTCGATCCGAGC-1,0,56,118,3386,13386
TCGAGGGCAACAGACG-1,0,57,119,3272,13583
ACTTTGTCGACGCACT-1,0,56,120,3159,13385
GAGTATCAAAGTTACA-1,0,57,121,3045,13582
CCAGGCTGGCGTCTGA-1,0,56,122,2933,13384
GGACTCTTCCGGTTGA-1,0,57,123,2818,13581
TCCCAGCACACGACAT-1,0,56,124,2706,13383
GCTCCATGAGTGCAGA-1,0,57,125,2592,13580
GCAGTGCGGGCGGATG-1,0,56,126,2479,13383
GCGTTCTGACTAAGCG-1,0,57,127,2365,13580
ATTTGGAGATTGCGGT-1,0,58,0,16771,13825
AAGGGTTTGATTTCAG-1,0,59,1,16657,14022
CCGGCCGCGAGCATAT-1,0,58,2,16544,13824
GAGTTCTGTGGGTGCT-1,0,59,3,16430,14021
AAACGAAGATGGAGTA-1,0,58,4,16317,13823
AATTACGAGACCCATC-1,0,59,5,16203,14020
CCTTTGAATTATGGCT-1,0,58,6,16090,13822
CATGGTATTAGTTTGT-1,0,59,7,15976,14019
AACGAAAGTCGTCCCA-1,0,58,8,15863,13822
ACATAAGTCGTGGTGA-1,0,59,9,15749,14019
GCACAACCTCGGGCGT-1,0,58,10,15636,13821
ATGCACGCGCTGTTCA-1,0,59,11,15522,14018
CGATGTTGTTATCTAC-1,0,58,12,15410,13820
GTCTCCTGCCAGTATG-1,0,59,13,15295,14017
GATGCCTTCTGCGGCA-1,0,58,14,15183,13819
ACCGGTCAGGTACACC-1,0,59,15,15069,14016
GTGGAGCGTTTACCGA-1,0,58,16,14956,13819
AGGCGGTTTGTCCCGC-1,0,59,17,14842,14016
TCCCTGGCGTATTAAC-1,0,58,18,14729,13818
AAACACCAATAACTGC-1,0,59,19,14615,14015
TGGACGCAATCCAGCC-1,0,58,20,14502,13817
GGAACCTTGACTCTGC-1,0,59,21,14388,14014
GTATCTCAGTCTTGAC-1,0,58,22,14275,13816
GCTGAATCTTCCAATC-1,0,59,23,14161,14013
AGATGCAAGACGTGCA-1,0,58,24,14048,13816
TTAAGGCCCGTACTTT-1,0,59,25,13934,14013
AGTATGCTGGAGACCA-1,0,58,26,13821,13815
GCGGCAAAGTATTGCC-1,0,59,27,13707,14012
GCGCAAATATATTCAA-1,0,58,28,13594,13814
GAAGAAACGATATTGT-1,0,59,29,13480,14011
GGACCTCTAGGCCGCC-1,0,58,30,13368,13813
AACAGCTGTGTGGCAA-1,0,59,31,13254,14010
TCGAATATCCCGCAGG-1,0,58,32,13141,13813
GCGACCCAACCATCTG-1,0,59,33,13027,14010
AGAGAAGGAGTACAAT-1,0,58,34,12914,13812
GGCTCCTCCACCTGTT-1,0,59,35,12800,14009
TCAGTGTATACGTCAT-1,0,58,36,12687,13811
ATTATTATGTCCGTCA-1,0,59,37,12573,14008
TTAGGTCATAACCGAC-1,0,58,38,12460,13810
AAGATGGCACCGGACC-1,0,59,39,12346,14007
CTACAAGAAATAACCC-1,0,58,40,12233,13810
ACTATTTCCGGGCCCA-1,0,59,41,12119,14007
TTGTTTCACATCCAGG-1,0,58,42,12006,13809
CGCTGTGTGGATGTTG-1,0,59,43,11892,14006
TCAACATAGCGCCCTA-1,0,58,44,11779,13808
GGCCGTTTGGGTTTCA-1,0,59,45,11665,14005
TACTCTTTCGTCTTCA-1,0,58,46,11553,13807
TTCGCGCGCCATACGA-1,0,59,47,11438,14004
CGGAAAGAATCAAACG-1,0,58,48,11326,13807
AGGCAGGGAGCGTACT-1,0,59,49,11212,14004
CCTTTAAGGGAGCACT-1,0,58,50,11099,13806
CGCCCAGCACGCCTAG-1,1,59,51,10985,14003
AGTATTTGGCACGACC-1,0,58,52,10872,13805
TATCCGCACCGTCGGG-1,1,59,53,10758,14002
ACCCGTGTCATCAGTA-1,0,58,54,10645,13804
CAACTGCTCATCCGAT-1,1,59,55,10531,14001
CCGGAGCGTACTTTCT-1,0,58,56,10418,13804
TACCGTAGGTTAACTA-1,0,59,57,10304,14001
TGAGGAGTGCCAGCTT-1,0,58,58,10191,13803
CCAGTCTTGTCATAGA-1,0,59,59,10077,14000
GGGCAGAGCAATCGTT-1,0,58,60,9964,13802
TACCAAATAGCCCAGA-1,0,59,61,9850,13999
TACCTACTCCCAGTAT-1,0,58,62,9738,13801
TGTGAGACTAGCCCAA-1,0,59,63,9623,13998
ATACCTAACCAAGAAA-1,0,58,64,9511,13801
GTCGGGAAGCAGAAAC-1,0,59,65,9397,13998
AATTAACGGATTTCCA-1,0,58,66,9284,13800
GAACCCTCTGTGTTCT-1,0,59,67,9170,13997
ATATAAAGCGCTCGTG-1,0,58,68,9057,13799
CCTGGTCGAATGTGGG-1,0,59,69,8943,13996
CTAGGTTCGGACGTGA-1,0,58,70,8830,13798
TCGGGAGACAGCGTAC-1,0,59,71,8716,13995
CATAAGAAGCTTGGCT-1,0,58,72,8603,13798
AAGCACCCTGCGTATC-1,0,59,73,8489,13995
AGTTTGCACCTGCCTC-1,0,58,74,8376,13797
GACTGCAAATCGAGCT-1,0,59,75,8262,13994
GTGTATATCAGCGGGC-1,0,58,76,8149,13796
CTTCAACTCCACTTGG-1,0,59,77,8035,13993
ACTTACGCATCCACGC-1,0,58,78,7923,13795
CATGAGATGCACTCTC-1,0,59,79,7808,13992
GAGCACCTGTGTCCAG-1,0,58,80,7696,13795
CGCGACCGCGACAGAT-1,0,59,81,7582,13992
GTCCCGCGACGTTATG-1,0,58,82,7469,13794
GCAGTGTGGCTATAGG-1,0,59,83,7355,13991
ATACTGCCTTACACCG-1,0,58,84,7242,13793
TACAGAAACGGTGGGC-1,0,59,85,7128,13990
GGCGCGGAGATCTTTC-1,0,58,86,7015,13792
CGTTAATGTCCCGACG-1,0,59,87,6901,13989
GCTAACTGAAGTCTGA-1,0,58,88,6788,13792
AGTGATAACCTGCGCG-1,0,59,89,6674,13989
TATGATCTTCTCTTTA-1,0,58,90,6561,13791
TGTACCTACACGAGGG-1,0,59,91,6447,13988
ATATCGTTCCTCGAAC-1,0,58,92,6334,13790
CGGCGCCATCAATCCC-1,0,59,93,6220,13987
CCTGTTTGAAGACACG-1,0,58,94,6108,13789
GCCACTCAGAGCGCGA-1,0,59,95,5993,13986
TCGGCTTGTATCGACG-1,0,58,96,5881,13789
TAGATGGTTCCTTACT-1,0,59,97,5767,13986
ATCGTTAGCTAGCGGA-1,0,58,98,5654,13788
ACAGCGACATTCTCAT-1,0,59,99,5540,13985
ATTCAACCATTTAAGG-1,0,58,100,5427,13787
CACTCTTCTGCTAGCC-1,0,59,101,5313,13984
CTAACTGATAATCGCC-1,0,58,102,5200,13786
TGATGTCAATTAAGTG-1,0,59,103,5086,13983
CGCCGTTCAGCATAGT-1,0,58,104,4973,13786
ATACTACCCGTACCAC-1,0,59,105,4859,13983
CCACTGTTTGGATTAA-1,0,58,106,4746,13785
CACTACGGGAGCTGCC-1,0,59,107,4632,13982
GACCAAACGTTGACTG-1,0,58,108,4519,13784
AAGAGGCCCTTTGGAA-1,0,59,109,4405,13981
ACACGTAGGCCACAAG-1,0,58,110,4292,13783
TACTCTTACTTTACTG-1,0,59,111,4178,13980
AGAGCCGCCGAGATTT-1,0,58,112,4066,13783
GGCCTGCTTCTCCCGA-1,0,59,113,3952,13980
TCAAGCGCGGACGGTA-1,0,58,114,3839,13782
ACACTGGGACAGTCGT-1,0,59,115,3725,13979
TGTGTAGTAGCACGTG-1,0,58,116,3612,13781
CTAGCCACAGGCGAGC-1,0,59,117,3498,13978
CTATCGCGTAGAGAAC-1,0,58,118,3385,13780
GTTCCCGTAAACATAT-1,0,59,119,3271,13977
TCTTTCCTTCGAGATA-1,0,58,120,3158,13780
ATATTGGAGAGGCCTT-1,0,59,121,3044,13977
AGGCGATAACTGGCGT-1,0,58,122,2931,13779
ACCCGGAGCACCACAA-1,0,59,123,2817,13976
TGAGCTCAACTGTATA-1,0,58,124,2704,13778
ACGACCCATGAGTTGC-1,0,59,125,2590,13975
CGGTCAGTCCATATTT-1,0,58,126,2477,13777
TCCGGCTGTCGGGTCG-1,0,59,127,2363,13974
ATTCCCGAAGGTACAG-1,0,60,0,16769,14219
CTAACAGCACAATAAC-1,0,61,1,16655,14416
TTGTGCGGAAGCGGAT-1,0,60,2,16543,14219
GGGCACTATTGACCAT-1,0,61,3,16428,14416
CCATAGAGGCTGCCAG-1,0,60,4,16316,14218
CCGAAGCATTGACCAA-1,0,61,5,16202,14415
TACTGAGGGAAGAAAG-1,0,60,6,16089,14217
TATGTAGAAACCCGGC-1,0,61,7,15975,14414
TGGTTAACTTACATTT-1,0,60,8,15862,14216
AGAACCCTCAATTGGG-1,0,61,9,15748,14413
CCTATATCGTGTCACG-1,0,60,10,15635,14216
ACGGCTGGATGTAGAA-1,0,61,11,15521,14413
CTCGCATTGCATAGCC-1,0,60,12,15408,14215
ACTTTGGTCGTGCTCC-1,0,61,13,15294,14412
GCTGGTTTAGGCCATA-1,0,60,14,15181,14214
TGTCGTTATCACATAT-1,0,61,15,15067,14411
ACACATGATCAAATCT-1,0,60,16,14954,14213
TATCCATCTCGGTTAG-1,0,61,17,14840,14410
CTCGTCGAGGGCTCAT-1,0,60,18,14728,14213
ATCAATGCCGTGGCTG-1,0,61,19,14613,14410
GAAACATAGGAAACAG-1,0,60,20,14501,14212
TAATAGGTCACCAGAA-1,0,61,21,14387,14409
CACCAGTCAGCATGCA-1,0,60,22,14274,14211
GAGCGCTGTTAGGTAA-1,0,61,23,14160,14408
CCCTATGTAGAGCAGA-1,0,60,24,14047,14210
GATCGCTATATCTCAG-1,0,61,25,13933,14407
AAGGGACTATGCATTC-1,0,60,26,13820,14210
CTCGGGTTCTCTGGCC-1,0,61,27,13706,14407
TATATATCGAGAAATG-1,0,60,28,13593,14209
ACCCGAGCGAAATTAC-1,0,61,29,13479,14406
TTGTTTCATTAGTCTA-1,0,60,30,13366,14208
ATGGGACCTGCTGAAC-1,1,61,31,13252,14405
TGCGACGGCCGAACGT-1,0,60,32,13139,14207
AGCTAACAAGCAATGT-1,1,61,33,13025,14404
CGTGTCTCGTTACGAC-1,1,60,34,12913,14207
CTAAATCCGGTGTACA-1,1,61,35,12798,14404
GAATAGTGCTCGATTA-1,1,60,36,12686,14206
AACAATACATTGTCGA-1,1,61,37,12572,14403
CACATCGTGCACGCGC-1,1,60,38,12459,14205
ACCGTGACCACGTGGG-1,1,61,39,12345,14402
CCCAATGAGATTTGCA-1,1,60,40,12232,14204
TCAGCAGTAGGCCCTG-1,1,61,41,12118,14401
CTACTCAAGGTATAGT-1,1,60,42,12005,14204
TAGTAGCTTATACCAG-1,1,61,43,11891,14401
ACGTTCGTTCAGGAAA-1,1,60,44,11778,14203
TTAGAATAAGGGTCGG-1,1,61,45,11664,14400
TTCTAGAAAGTCTTAT-1,1,60,46,11551,14202
CCTTCAGTTAAAGTGA-1,1,61,47,11437,14399
TAGCTAGTGATGATGG-1,1,60,48,11324,14201
AGCCCGGTAGCCTGTA-1,1,61,49,11210,14398
TACCTCAGTTGTCTGT-1,1,60,50,11098,14201
GACGGGTTGGCCCGTA-1,1,61,51,10983,14398
GAAACCTATACAAATG-1,1,60,52,10871,14200
TCCACCTCTAGCCTTT-1,0,61,53,10757,14397
AAGACCCAACTGAACA-1,1,60,54,10644,14199
CATACACGGTTCCCAC-1,0,61,55,10530,14396
ACTACGCGTTAGAATT-1,0,60,56,10417,14198
CTTGGCCAAGCTGGGA-1,0,61,57,10303,14395
TTACCCTAGGGATTGG-1,0,60,58,10190,14198
TTCGCACTGTACGACA-1,0,61,59,10076,14395
TAGGTGTTCCACAGAT-1,0,60,60,9963,14197
GAAGCCTGCACATTCC-1,0,61,61,9849,14394
GGCTTTCAATAAGGGT-1,0,60,62,9736,14196
TCCAGGGTATATACGA-1,0,61,63,9622,14393
CTCGCCGAATGTAGGG-1,0,60,64,9509,14195
AGGAAGCTGTCCGCCG-1,0,61,65,9395,14392
GTCTCAAGGCCCGGCT-1,0,60,66,9282,14195
ACCGACACATCTCCCA-1,0,61,67,9168,14392
TATACGCGTCATCACT-1,0,60,68,9056,14194
ATCTGGGCTGTTCTTG-1,0,61,69,8942,14391
TCAAATTTGAGACTCA-1,0,60,70,8829,14193
GTTAAGGGTGCGATGT-1,0,61,71,8715,14390
AGCAAAGGCCGCTAGT-1,0,60,72,8602,14192
TTATAGGTAATTGTCT-1,0,61,73,8488,14389
TTGTGCAGCCACGTCA-1,0,60,74,8375,14192
ACGGACTCTCAAAGCG-1,0,61,75,8261,14389
ATGCTCTGGCGCGGTA-1,0,60,76,8148,14191
ATAATCTTGGAGAACC-1,0,61,77,8034,14388
CTCATTGCTCTAACAA-1,0,60,78,7921,14190
TAGGTGACGATAACCT-1,0,61,79,7807,14387
CGGATCCTCAAGGACT-1,0,60,80,7694,14189
GGGCGTGGTTTCCCAG-1,0,61,81,7580,14386
TGGCTATGTGACATAC-1,0,60,82,7467,14189
CTTAGTGTAGTAGCAT-1,0,61,83,7353,14386
GGATTGCTGTGACTCC-1,0,60,84,7241,14188
ACTTCCATGCGGGACA-1,0,61,85,7126,14385
ACTCAAGTGCAAGGCT-1,0,60,86,7014,14187
ACAAGGATGCTTTAGG-1,0,61,87,6900,14384
TTGAACGACGTGCTGA-1,0,60,88,6787,14186
ATTCATCGTTGAGGCA-1,0,61,89,6673,14383
TGCAACCCATCTGCGG-1,0,60,90,6560,14186
AGTGCTAAACACAGCA-1,0,61,91,6446,14383
AACTCCAGAGCGTGTT-1,0,60,92,6333,14185
TCTCCACAAGTTGAAT-1,0,61,93,6219,14382
CTTTGCATCGCTCTTG-1,0,60,94,6106,14184
TCACAAACCGAGGTAC-1,0,61,95,5992,14381
CCGTAGGAAATCCCTG-1,0,60,96,5879,14183
AAACATTTCCCGGATT-1,0,61,97,5765,14380
GCCTCCGACAATTCAC-1,0,60,98,5652,14183
TCTGCATACCTTGCTT-1,0,61,99,5538,14380
ACCCATTTGTCCCTCT-1,0,60,100,5426,14182
CTGCAGAGAATCAGAG-1,0,61,101,5311,14379
GGAAACTAAATGGGCC-1,0,60,102,5199,14181
CAACCTACCGAGCAGT-1,0,61,103,5085,14378
CCGTAGGGTTGTTTAC-1,0,60,104,4972,14180
GGTTTGTGACCTGAGG-1,0,61,105,4858,14377
TAACCTAGGGAGTCCA-1,0,60,106,4745,14180
TTCCATCGACAGCGTG-1,0,61,107,4631,14377
ATCTCCCACGGAATAT-1,0,60,108,4518,14179
GTTTCAAACGAGTTGT-1,0,61,109,4404,14376
GGAACTTTGGCGATTA-1,0,60,110,4291,14178
CTGCAAGCACGTTCCG-1,0,61,111,4177,14375
CACAGTCCCGCTTCGC-1,0,60,112,4064,14177
TACGCTCGGTATTGGA-1,0,61,113,3950,14374
CTGGTAAAGTGTGGGC-1,0,60,114,3837,14177
CAACCAGTGGCCTACC-1,0,61,115,3723,14374
TCTTCGCGGTGAGAGG-1,0,60,116,3611,14176
TTCGGGTTGCCACGGG-1,0,61,117,3496,14373
ACCGATAGGCATAACC-1,0,60,118,3384,14175
CTTATAGATGGCTGTT-1,0,61,119,3270,14372
AGACGCCCACTTCGCC-1,0,60,120,3157,14174
AGGTCGCCTCCCAACA-1,0,61,121,3043,14371
CCTCACGTCAGCTAAT-1,0,60,122,2930,14174
CCACCTGTATGGAATA-1,0,61,123,2816,14371
GGACTCGAAGCTTTCA-1,0,60,124,2703,14173
AAGCCGGAGAGCAGGA-1,0,61,125,2589,14370
GCCTATCAGGTAAGAT-1,0,60,126,2476,14172
TCAGAGTGTGAGCATG-1,0,61,127,2362,14369
AAACATGGTGAGAGGA-1,0,62,0,16768,14614
ATCATTGTACCGCATT-1,0,63,1,16654,14811
TCAGCTTGAGCTTTCG-1,0,62,2,16541,14613
CCGCGCAAGATACCCA-1,0,63,3,16427,14810
CTATACTTAAAGCGAG-1,0,62,4,16314,14613
ACCGTCCACTGGGCCC-1,0,63,5,16200,14810
AAGACCAAATAACTCA-1,0,62,6,16088,14612
TGTTTCTGAAGCGTGC-1,0,63,7,15973,14809
TTCTCTTACAGGTGAT-1,0,62,8,15861,14611
AATTCATTGTCATGCA-1,0,63,9,15747,14808
GCCCGAGAGTCTAAAT-1,0,62,10,15634,14610
ATATAGAGTATTGGTC-1,0,63,11,15520,14807
TTGAAGGATGGGCGCC-1,0,62,12,15407,14610
TAGTACCACAACTTTC-1,0,63,13,15293,14807
ATCCCATCCACAGCGC-1,0,62,14,15180,14609
CTTAGGTATAGACCAG-1,0,63,15,15066,14806
TGACTCCGAATCATAC-1,0,62,16,14953,14608
ACTACATCCCGACAAG-1,0,63,17,14839,14805
TTGCCGCAGACCTACA-1,0,62,18,14726,14607
TAAGAGGGACAGGGAC-1,0,63,19,14612,14804
CGAATGAAGTCATTGC-1,0,62,20,14499,14607
AAGGGAACGACTGGCT-1,0,63,21,14385,14804
CGAATCTGCTCGACGC-1,0,62,22,14273,14606
ATCGTGGAAAGTCTGG-1,0,63,23,14158,14803
CCTATGGCTCCTAGTG-1,0,62,24,14046,14605
CGTCGCTTGGTTATAC-1,1,63,25,13932,14802
TGCTTAGAGAGAATGC-1,1,62,26,13819,14604
GATTGCTCCAGTTGCA-1,1,63,27,13705,14801
CGTGCTTCTACCTAAA-1,1,62,28,13592,14604
ACTCCAATATCATCAT-1,1,63,29,13478,14801
GCCGACCCACGACTGC-1,1,62,30,13365,14603
GAGGGTAGTAACAAAG-1,1,63,31,13251,14800
GGCCGAGACTCTGGTG-1,1,62,32,13138,14602
TATATAGGGCTTTACG-1,1,63,33,13024,14799
TGCCGGATGTACGAGC-1,1,62,34,12911,14601
AGGTAGATCGAGATAT-1,1,63,35,12797,14798
GATCAACATAAAGGGA-1,1,62,36,12684,14601
TAACAGCGTTTGTGCT-1,1,63,37,12570,14798
CTATAGGCGTTGATGT-1,1,62,38,12457,14600
GGTTTAATTACCATCG-1,1,63,39,12343,14797
CTCTTCTGGAAGTTAG-1,1,62,40,12231,14599
ATCTGACATGGAAGGA-1,1,63,41,12117,14796
TACGTACTAGTGCTGA-1,1,62,42,12004,14598
ATGACTATCAGCTGTG-1,1,63,43,11890,14795
CTTTGGGATTGTTGCA-1,1,62,44,11777,14598
AGACTGTTACCGGGTC-1,1,63,45,11663,14795
TCCTAACCGTCGGGCA-1,1,62,46,11550,14597
ACGCAAACTAATAGAT-1,1,63,47,11436,14794
AAGTGAGTCGGGTTTA-1,1,62,48,11323,14596
TAAAGCGGTATTTCCA-1,1,63,49,11209,14793
CTCCTCCAGCTCACAC-1,1,62,50,11096,14595
CGGTCCGTCGCAAGCC-1,0,63,51,10982,14792
CCTATATTTGTCCTGG-1,0,62,52,10869,14595
TCCAATAAAGGCTACC-1,0,63,53,10755,14792
AAAGGCTACGGACCAT-1,0,62,54,10642,14594
CGTGACCAGTCCTCTG-1,0,63,55,10528,14791
GATCTGCTATCTAAGG-1,0,62,56,10416,14593
CGAATGACGCATAATG-1,0,63,57,10301,14790
GCTCAATGTAATACCG-1,0,62,58,10189,14592
CTATGCCCGAATGCAA-1,0,63,59,10075,14789
CACAGGGCCGTTGTCA-1,0,62,60,9962,14592
TCAATACGCCGTCATG-1,0,63,61,9848,14789
AGCGGACACTTCGTAG-1,0,62,62,9735,14591
ATACGTTATGCACGGA-1,0,63,63,9621,14788
GAGTAGATACTAGTTG-1,0,62,64,9508,14590
CCAGCTCGAACGCATT-1,0,63,65,9394,14787
TGCTTCCCAAGCAGTA-1,0,62,66,9281,14589
GTAGACACGCCTGACT-1,0,63,67,9167,14786
CTCACATTTACTAAAT-1,0,62,68,9054,14589
GAATGCGAATCGGTTC-1,0,63,69,8940,14786
TAAGGCCCGTCACCCT-1,0,62,70,8827,14588
GAGTATGCGCGTGCAT-1,0,63,71,8713,14785
ATCCACATCGACAGAA-1,0,62,72,8601,14587
TAGACGAAACGCCAAT-1,0,63,73,8486,14784
CAGCAGTCTGTGCTGC-1,0,62,74,8374,14586
CTCACTGTGATACTTA-1,0,63,75,8260,14783
TTAATTGCTTTGGGTG-1,0,62,76,8147,14586
GTAGTCTACGATATTG-1,0,63,77,8033,14783
TTGCCGCTTTCTAGTA-1,0,62,78,7920,14585
GAACCTTTAACGATCC-1,0,63,79,7806,14782
TGGACCAATCTAAGAT-1,0,62,80,7693,14584
CTAGTAGAAAGGGATT-1,0,63,81,7579,14781
AACCTCGCTTTAGCCC-1,0,62,82,7466,14583
GAGTGTCAACCAGAAA-1,0,63,83,7352,14780
GTGATCCTTGTCATGA-1,0,62,84,7239,14583
CTCAACTAACCCGGAT-1,0,63,85,7125,14780
AGTGGCGTCTGAAGGT-1,0,62,86,7012,14582
GGGAAGGGCTTTCTCA-1,0,63,87,6898,14779
AGGCCTGAGAATCTCG-1,0,62,88,6786,14581
AGCCACAGGTTACCCG-1,0,63,89,6671,14778
TGCAATCTAACACGGT-1,0,62,90,6559,14580
GTTTGGGTTTCGCCCG-1,0,63,91,6445,14777
CCTATGTCCACTCCAC-1,0,62,92,6332,14580
CTGCCTTTCTAGTAAA-1,0,63,93,6218,14777
TTAGTAAACCTGCTCT-1,0,62,94,6105,14579
TTGTGGTGGTACTAAG-1,0,63,95,5991,14776
CCTCCTGTTGTGTCGT-1,0,62,96,5878,14578
ACAAAGCATGACCTAG-1,0,63,97,5764,14775
ATAGCAACTAGGGAAG-1,0,62,98,5651,14577
CCGCTCTTCCGAACTA-1,0,63,99,5537,14774
TAGAATAGCCGATGAA-1,0,62,100,5424,14577
GGTCTCCGTCCAGGTT-1,0,63,101,5310,14774
TAATTACGTCAGTAGA-1,0,62,102,5197,14576
TACGTAAAGCGGAGTG-1,0,63,103,5083,14773
GCTACAATCGAGGATA-1,0,62,104,4971,14575
TCAGCCAATCCGTAAA-1,0,63,105,4856,14772
ATCATAGCCCTATGTA-1,0,62,106,4744,14574
GAGGCCTGTTGATACA-1,0,63,107,4630,14771
ATATACGCTCGTGACG-1,0,62,108,4517,14574
CCCTTTAATGGAGTTC-1,0,63,109,4403,14771
TTACACGATCTGCGAC-1,0,62,110,4290,14573
TCGCATAAAGGGCGCA-1,0,63,111,4176,14770
TGTAGCCATCCCATTC-1,0,62,112,4063,14572
GGGTCTATCGCTTTCC-1,0,63,113,3949,14769
GGAGGGTCAAGTAAGA-1,0,62,114,3836,14571
TACGGCATGGACGCTA-1,0,63,115,3722,14768
CACGTCAATCAATGGA-1,0,62,116,3609,14571
CGCTTGGACGGATAGA-1,0,63,117,3495,14768
CGCGGTACGGTATACA-1,0,62,118,3382,14570
CCTACTCAACACGATT-1,0,63,119,3268,14767
CGTTTGGTGTTGTGGG-1,0,62,120,3155,14569
GTTGTTGCAAGATGGC-1,0,63,121,3041,14766
CATTCGTCGTAGCGGT-1,0,62,122,2929,14568
CAGCCTCGATAGCGGT-1,0,63,123,2815,14765
TCATAAGTCCAAGAAG-1,0,62,124,2702,14568
AAAGTGCCATCAATTA-1,0,63,125,2588,14765
GTTGCAGTCGACAACA-1,0,62,126,2475,14567
TAAATGGGCTACTGAG-1,0,63,127,2361,14764
GGACAAGCCATGATCG-1,0,64,0,16767,15009
TCCAATGCGTCGCCGC-1,0,65,1,16653,15206
AAAGAATGACCTTAGA-1,0,64,2,16540,15008
CCTATTATTCCGGCCG-1,0,65,3,16426,15205
CAGTAAGGGACGTCTC-1,0,64,4,16313,15007
GGGATGGACCCGCGTC-1,0,65,5,16199,15204
GACGCATACCCGTCGG-1,0,64,6,16086,15007
GGGCAGGATTTCTGTG-1,0,65,7,15972,15204
TATCTGAGCCGATATT-1,0,64,8,15859,15006
AATGTATGGCACTGTA-1,0,65,9,15745,15203
GCCTTTGTCAGTGGAC-1,0,64,10,15632,15005
AACCATAGGGTTGAAC-1,0,65,11,15518,15202
AAACTTAATTGCACGC-1,0,64,12,15406,15004
TAGGCGGCTGCAAAGA-1,0,65,13,15291,15201
TCCATCAATACTAATC-1,0,64,14,15179,15004
ACCTCGAACTTATGCT-1,0,65,15,15065,15201
ACAAACCATGCGTCCT-1,0,64,16,14952,15003
ACACCGGTCTGACCGC-1,0,65,17,14838,15200
ATGGCAGCATTACGAT-1,0,64,18,14725,15002
CTGGTGAATGGGCCTA-1,0,65,19,14611,15199
CACAGAGACGAGGACG-1,0,64,20,14498,15001
GCACAAACCCTAGATG-1,0,65,21,14384,15198
ACTATGTCCAGCTGCC-1,0,64,22,14271,15001
AAGCCGCCGTGAAATC-1,1,65,23,14157,15198
ATGGGTGTATACCTCC-1,1,64,24,14044,15000
TAAGCGCGAATCAAAT-1,1,65,25,13930,15197
AGCCCGGCATTAGAGG-1,1,64,26,13817,14999
GTGATCAAGCGTGCAC-1,1,65,27,13703,15196
CTGCCTTTAATACCTT-1,1,64,28,13591,14998
TACCTCCACACCAATG-1,1,65,29,13476,15195
GAGCATCAACAACTTG-1,1,64,30,13364,14998
CATACGAACTAGCTGG-1,1,65,31,13250,15195
GGGAACGGTTTCAGAT-1,1,64,32,13137,14997
AGGGTGCCGTTCTTTA-1,1,65,33,13023,15194
ACGACTGGTCATACTC-1,1,64,34,12910,14996
GGATCTTACTGCCCTT-1,1,65,35,12796,15193
TACTCCTCTAGTTGAC-1,1,64,36,12683,14995
GTAGCTCCGGGAGGCT-1,1,65,37,12569,15192
GGACTCGTGAGTGGTC-1,1,64,38,12456,14995
GTAGTTCGAAGGCGAA-1,1,65,39,12342,15192
CTCAAACCACTGCCCG-1,1,64,40,12229,14994
GAGGGAGTCAGATCGC-1,1,65,41,12115,15191
GCGTCCCTAAGACATA-1,1,64,42,12002,14993
TCTCTTACCGCGAACC-1,1,65,43,11888,15190
GGCTACTATACACTCC-1,1,64,44,11776,14992
CGTTGCCCGCGTGGGA-1,1,65,45,11661,15189
TATAGAGTCGCTTGAA-1,1,64,46,11549,14992
ATGTTGTAGTCTGTTT-1,1,65,47,11435,15189
AGTATACACAGCGACA-1,1,64,48,11322,14991
TGTGGTTGCTAAAGCT-1,0,65,49,11208,15188
TGATTCCCGGTTACCT-1,1,64,50,11095,14990
CACTGACGATTGTGGA-1,0,65,51,10981,15187
AACATTGTGACTCGAG-1,0,64,52,10868,14989
GTCCAATATTTAGCCT-1,0,65,53,10754,15186
GCTCTTTCCGCTAGTG-1,0,64,54,10641,14989
GGGTCAGGAGCTAGAT-1,0,65,55,10527,15186
AGGTGGTGACCTTCGC-1,0,64,56,10414,14988
CCCGGGTCGTTCAGGG-1,0,65,57,10300,15185
AGCCAAGCTTTGTGTC-1,0,64,58,10187,14987
TGTGGCGGGCTTCTGG-1,0,65,59,10073,15184
CGAGGGTATCCAGGTG-1,0,64,60,9961,14986
CGTTCAGACCCGCGAA-1,0,65,61,9846,15183
TCATATGAGCTTTGTT-1,0,64,62,9734,14986
AGTTGACGGTCCTTGC-1,0,65,63,9620,15183
ATAATTAGCTAAGTAG-1,0,64,64,9507,14985
GGTCTTGAGCGCTCTT-1,0,65,65,9393,15182
CGTTGTCGGCAATTGA-1,0,64,66,9280,14984
TCTTGCTCCCGATACT-1,0,65,67,9166,15181
AGCAGAAGGAGAAAGA-1,0,64,68,9053,14983
GAAGCCACTGATTATG-1,0,65,69,8939,15180
TGCTCTTGAGAGTTTG-1,0,64,70,8826,14983
GACATCCGTCGAACTG-1,0,65,71,8712,15180
AGATATAATACGACTA-1,0,64,72,8599,14982
TCGCTACTGGCTTTGA-1,0,65,73,8485,15179
GTGACAGCTTCCCACT-1,0,64,74,8372,14981
GTGACGCAGGTTTCAT-1,0,65,75,8258,15178
GGGAAGACGGTCTGTC-1,0,64,76,8145,14980
CGTCGCATGTGAGCCA-1,0,65,77,8031,15177
AGAAGGTTGTAGGTCG-1,0,64,78,7919,14980
GGCCGGCGTCTGCTAT-1,0,65,79,7805,15177
TTGACCAGGAACAACT-1,0,64,80,7692,14979
AGTCGTATAAAGCAGA-1,0,65,81,7578,15176
GGCGTAGGGAAAGCTG-1,0,64,82,7465,14978
AAACCTAAGCAGCCGG-1,0,65,83,7351,15175
ATTGCCTTTATGTTTG-1,0,64,84,7238,14977
CAGGCAGTCTTACCAG-1,0,65,85,7124,15174
AGCTAAGTACGCAGGC-1,0,64,86,7011,14977
AAATCCGATACACGCC-1,0,65,87,6897,15174
CGAGAGCTTTCACTAC-1,0,64,88,6784,14976
CGCCCAGCGTTTCACG-1,0,65,89,6670,15173
TTAAGTATTGTTATCC-1,0,64,90,6557,14975
AAACGGGCGTACGGGT-1,0,65,91,6443,15172
GTATCCTTTGGTAACC-1,0,64,92,6330,14974
CATAGTCAAATACATA-1,0,65,93,6216,15171
TCTATGCTATAACGAC-1,0,64,94,6104,14974
ACGTTCTGTACAAGTC-1,0,65,95,5989,15171
CGCGAAGTGGCATACT-1,0,64,96,5877,14973
ACCAACCGCACTCCAC-1,0,65,97,5763,15170
GTCATGCGCGAGGGCT-1,0,64,98,5650,14972
TAGGCTAAAGTGGCAC-1,0,65,99,5536,15169
TGGCTACACTCTACCT-1,0,64,100,5423,14971
TGTCCACGGCTCAACT-1,0,65,101,5309,15168
AATTGCAGCAATCGAC-1,0,64,102,5196,14971
GTCAACCAGGCCTATA-1,0,65,103,5082,15168
ATCTTATCGCACACCC-1,0,64,104,4969,14970
GTCTATTGCATGCTCG-1,0,65,105,4855,15167
GCACGTGGTTTACTTA-1,0,64,106,4742,14969
ATTCGCGCCTTGAGAG-1,0,65,107,4628,15166
AGCGATGCGCCTAATA-1,0,64,108,4515,14968
TCTATAGGTGGGTAAT-1,0,65,109,4401,15165
AGATACCAATAGAACC-1,0,64,110,4289,14968
CGTGTATGGGAGCTGA-1,0,65,111,4174,15165
ATGTACATGCGGTGAG-1,0,64,112,4062,14967
TTGGCTCAATATGTGT-1,0,65,113,3948,15164
GTTCGGAGCACTCAAC-1,0,64,114,3835,14966
TCCCTCTTCTCAAGGG-1,0,65,115,3721,15163
TTACGTATCTATGACA-1,0,64,116,3608,14965
CCCATATAGGTCGATT-1,0,65,117,3494,15162
GTCCACGTCGCATTCG-1,0,64,118,3381,14965
AATTGTGGTTGCCAAA-1,0,65,119,3267,15162
AGGAACGAACGACTTC-1,0,64,120,3154,14964
TAATTCCAATGCTTCA-1,0,65,121,3040,15161
AGGGCCCTAATGTTCT-1,0,64,122,2927,14963
AGGTGTTGCCGACCAC-1,0,65,123,2813,15160
CTGAGAGTAGAAATAC-1,0,64,124,2700,14962
TAGAAGAAGGGTTACA-1,0,65,125,2586,15159
GGTGACTGATAGAGAG-1,0,64,126,2474,14962
TACCCTCGGTAACCCT-1,0,65,127,2359,15159
TGTAAGACTGATAAGA-1,0,66,0,16766,15404
GTCACTCATGAGCGAT-1,0,67,1,16651,15601
CGGTTTACTGAACATT-1,0,66,2,16539,15403
GAGATCGATCTTACTC-1,0,67,3,16425,15600
TCTTTCATCCGTCCTT-1,0,66,4,16312,15402
TCGGATCTGGATGACC-1,0,67,5,16198,15599
GTCCTAGGATACCTTA-1,0,66,6,16085,15401
TGTACCCGACCCTAAT-1,0,67,7,15971,15598
AGGTTCTCCTTTCCGG-1,0,66,8,15858,15401
AATTGCGTGGATTACA-1,0,67,9,15744,15598
CGATAGCGATACAGTG-1,0,66,10,15631,15400
CGCCCTAATTGTTCAA-1,0,67,11,15517,15597
ATTATGAGACCCAATT-1,0,66,12,15404,15399
CCTCCTAGCTAGAGTC-1,0,67,13,15290,15596
CGAAGGGTTTCAGATT-1,0,66,14,15177,15398
CACAAGCTAAGAAAGG-1,0,67,15,15063,15595
CACCGGTAGAGACATT-1,0,66,16,14951,15398
ACTCATGGCAGCCTTC-1,0,67,17,14836,15595
CATCCAATATAGTTTG-1,0,66,18,14724,15397
CAGATATGAAGATGAC-1,0,67,19,14610,15594
GCAAAGGGCGTTAGCC-1,0,66,20,14497,15396
CTGTTGTTCAGTCGTA-1,1,67,21,14383,15593
AAAGGCCCTATAATAC-1,1,66,22,14270,15395
AACATTGAAGTTGATC-1,1,67,23,14156,15592
GCTAGCGATAGGTCTT-1,1,66,24,14043,15395
ATTGCCTATTAGACCG-1,1,67,25,13929,15592
GGGCGTTTACATTCAT-1,1,66,26,13816,15394
CCTCTACAAGGATTGG-1,1,67,27,13702,15591
AGTGACTGTGACACAA-1,1,66,28,13589,15393
AGCCCTCCCTGGTGGC-1,1,67,29,13475,15590
CGGTTGAGTATCCTTC-1,1,66,30,13362,15392
CATTATCCCATTAACG-1,1,67,31,13248,15589
AATGTGCTAATCTGAG-1,1,66,32,13136,15392
CTTAGTTGAGGAATCG-1,1,67,33,13021,15589
CTTCTGGGCGTACCTA-1,1,66,34,12909,15391
AGTCAAATGATGTGAT-1,1,67,35,12795,15588
TGAACAAGCAGGGACT-1,1,66,36,12682,15390
AATACCGGAGGGCTGT-1,1,67,37,12568,15587
GTTTGGTGATCGGTGC-1,1,66,38,12455,15389
GACTGCTGGTGAGAAA-1,1,67,39,12341,15586
CGATCCTCGCAACATA-1,1,66,40,12228,15389
CCAACCTTATGTAACT-1,1,67,41,12114,15586
CGTGGTACCCAAAGGC-1,1,66,42,12001,15388
AACCCGACAACCCGTG-1,1,67,43,11887,15585
TATGTAAAGTGCTTAA-1,1,66,44,11774,15387
GCAAGTGTAAAGCATG-1,1,67,45,11660,15584
GTAACTGCCCAAGGAG-1,1,66,46,11547,15386
GGTGCATAAATGATTA-1,0,67,47,11433,15583
TAGTCCCGGAGACCAC-1,0,66,48,11320,15386
CGGCCAGAGCGACCAT-1,0,67,49,11206,15583
TGAATGAGTGTTTCCC-1,0,66,50,11094,15385
TTCACTTCCTAGAACG-1,0,67,51,10980,15582
CGCTTAGTATTGATAC-1,0,66,52,10867,15384
AACGCGACCTTGGGCG-1,0,67,53,10753,15581
GTGCACCAGCTTCAAC-1,0,66,54,10640,15383
TTCTATTAAACGCAGC-1,0,67,55,10526,15580
TGGCAAGCACAAGTCG-1,0,66,56,10413,15383
ATCTGCTGTTATCGCC-1,0,67,57,10299,15580
AATTCCAAGCATGTAC-1,0,66,58,10186,15382
AAACGGTTGCGAACTG-1,0,67,59,10072,15579
GAAGGAGTCGAGTGCG-1,0,66,60,9959,15381
GGCAAGCCCATAGTGG-1,0,67,61,9845,15578
TGACCAAATCTTAAAC-1,0,66,62,9732,15380
TTCGGTACTGTAGAGG-1,0,67,63,9618,15577
ATGTACGATGACGTCG-1,0,66,64,9505,15380
ATCTAGCTTGTGAGGG-1,0,67,65,9391,15577
AGCGGGTCTGACACTC-1,0,66,66,9279,15379
GAGGTACGCGTGTCCC-1,0,67,67,9164,15576
GCACTGCCTACCTTTA-1,0,66,68,9052,15378
GGAGCGAGGCCTACTT-1,0,67,69,8938,15575
AAACTCGGTTCGCAAT-1,0,66,70,8825,15377
GGCGCTTCATTCCCTG-1,0,67,71,8711,15574
TGCTCGGTGGGTCACC-1,0,66,72,8598,15377
AAGCGCAGGGCTTTGA-1,0,67,73,8484,15574
GACCTTCCACGTCTAC-1,0,66,74,8371,15376
GTTAGCCCATGACATC-1,0,67,75,8257,15573
AATTCGATTCGAGGAT-1,0,66,76,8144,15375
AGTCTTTAAAGTGTCC-1,0,67,77,8030,15572
GACTAGGCCGTTAGGT-1,0,66,78,7917,15374
TCCAAGCCTAGACACA-1,0,67,79,7803,15571
GATTGGGAAAGGTTGT-1,0,66,80,7690,15374
GATGAGGAACCTTCGG-1,0,67,81,7576,15571
TGAATACCGACGCGTA-1,0,66,82,7464,15373
AATCGTGAGCCGAGCA-1,0,67,83,7349,15570
GCGAAGAATCTGACGG-1,0,66,84,7237,15372
GAACAACTGGGATGAA-1,0,67,85,7123,15569
TCGCCGACATATTCGC-1,0,66,86,7010,15371
CGTAGAGAGTAATTAT-1,0,67,87,6896,15568
CGATAGTCGTACTGCA-1,0,66,88,6783,15371
CGCATGCCGAATGCGT-1,0,67,89,6669,15568
CTCTAGCCCTCGGAAA-1,0,66,90,6556,15370
TCCAACTCAGCTATCT-1,0,67,91,6442,15567
GTCTAGTGAGCCGCTT-1,0,66,92,6329,15369
TACCGAATAATTGTAA-1,0,67,93,6215,15566
ATATAACACGGGCGCA-1,0,66,94,6102,15368
GCATGCTAATAACGAT-1,0,67,95,5988,15565
TCCGGGCTTGACGGGA-1,0,66,96,5875,15368
ATTATTCAGAGTCACT-1,0,67,97,5761,15565
TAGCAGTATGACTAAA-1,0,66,98,5649,15367
TATGAAGAATTAAGGT-1,0,67,99,5534,15564
CAAGGCCAGTGGTGCA-1,0,66,100,5422,15366
TGCGTACGGCTAATTG-1,0,67,101,5308,15563
CAGATAATGGGCGGGT-1,0,66,102,5195,15365
GAGAACGGTTCTGACT-1,0,67,103,5081,15562
CGCTTCGGTCTAAGAC-1,0,66,104,4968,15365
AGCATTACGAGGCAAG-1,0,67,105,4854,15562
AAGTTGTGATGTTATA-1,0,66,106,4741,15364
TTGCTCATAGTACGTG-1,0,67,107,4627,15561
TACTTAAACATGTACA-1,0,66,108,4514,15363
AGTGAGTCGAATTAAC-1,0,67,109,4400,15560
TAGGCCTATATAGTCT-1,0,66,110,4287,15362
ACTCGCCGTTCGATAA-1,0,67,111,4173,15559
GGTACGTTGCGGCCGG-1,0,66,112,4060,15362
TATTGCCGGGCTTGTA-1,0,67,113,3946,15559
GGTAAACTCTGCGCTG-1,0,66,114,3834,15361
TCCCTTGTCTGAAACT-1,0,67,115,3719,15558
CATGATCGCTTTGAGA-1,0,66,116,3607,15360
GGACGGGCGACCAACC-1,0,67,117,3493,15557
GAGAGGCCTATGTGTA-1,0,66,118,3380,15359
TCGTAACTCCCAAGAC-1,0,67,119,3266,15556
CGTATCTAGAACTAAG-1,0,66,120,3153,15359
GCACCTTCCCGAAGGT-1,0,67,121,3039,15556
TACCTCTTTACCATCC-1,0,66,122,2926,15358
TGACTCTAACTGGTAA-1,0,67,123,2812,15555
GAGAAACTGGATCCCA-1,0,66,124,2699,15357
ATCCGGACCAGCCTGA-1,0,67,125,2585,15554
TTATTTAGGTTCCTTA-1,0,66,126,2472,15356
CGAATTCCCGGTTCAA-1,0,67,127,2358,15553
TAGTTTGATCGGTCGC-1,0,68,0,16764,15798
AGTCGAAACGATTCAG-1,0,69,1,16650,15995
ACGTCGGGCAACTCGG-1,0,68,2,16537,15798
ACTTGCTCTATCTACC-1,0,69,3,16423,15995
ATTACGGGCTACGGTT-1,0,68,4,16310,15797
GCAAACGTAAGCGACC-1,0,69,5,16196,15994
TTCGGACTGGGCATGG-1,0,68,6,16084,15796
GGGCCATTCGTGCTGG-1,0,69,7,15970,15993
GAGTTGTCACCAGTCT-1,0,68,8,15857,15795
AGTAATTTGCAAGCGT-1,0,69,9,15743,15992
GTGGCCGGTTTCTCGG-1,0,68,10,15630,15795
ATCTTAGGGCATTAAT-1,0,69,11,15516,15992
CTACATATCGCGGGAC-1,0,68,12,15403,15794
ATGGTATTTACTGATT-1,0,69,13,15289,15991
CCGTCAACCTCTGGCG-1,0,68,14,15176,15793
GCTTCGACGTTCAATC-1,0,69,15,15062,15990
GACCGATTAAATATGT-1,0,68,16,14949,15792
GTCGAATTTGGGCGCT-1,0,69,17,14835,15989
TCACGGCCCAAGAGAG-1,0,68,18,14722,15792
CTACGATCCTATCCTA-1,1,69,19,14608,15989
TGCAGTGGTAGGGAAC-1,1,68,20,14495,15791
TTGCCTAATCCAAAGT-1,1,69,21,14381,15988
AGCGAGACGTGAAGGC-1,1,68,22,14269,15790
TTCTACCTCAATCGGT-1,1,69,23,14154,15987
TACGCTGCTGTGTTAA-1,1,68,24,14042,15789
TAGTCCTGCACTAAGC-1,1,69,25,13928,15986
AGCACACGTTTAGACT-1,1,68,26,13815,15789
GTTCGACAATTGTATA-1,1,69,27,13701,15986
CCATGTTCATCTATAT-1,1,68,28,13588,15788
CCCTCGATAATACACA-1,1,69,29,13474,15985
ACTGCCCGCCATTCTC-1,1,68,30,13361,15787
CTATATCCAGCCTGGC-1,1,69,31,13247,15984
CGCACGTCTGTTTATG-1,1,68,32,13134,15786
AATCAGGTTTCATTTA-1,1,69,33,13020,15983
AGAGAAACACCAGAAA-1,1,68,34,12907,15786
ACCCGATTGGTTCCGA-1,1,69,35,12793,15983
TACCAGGAATCCCGTC-1,1,68,36,12680,15785
AAGTGCTTCTCTATTG-1,1,69,37,12566,15982
TGCATGTGACCCATAG-1,1,68,38,12454,15784
TAGATTCAAAGTGCGG-1,1,69,39,12339,15981
AGGGTCAGAGCACTCG-1,1,68,40,12227,15783
GTGAGATAACCTTATA-1,1,69,41,12113,15980
GTGTCAGTGTACGTGG-1,1,68,42,12000,15783
CTGTAGTGAGGATCGA-1,0,69,43,11886,15980
GATAGTGCGAGTAAGT-1,0,68,44,11773,15782
AGGGTTCAGACGGTCC-1,0,69,45,11659,15979
GGACTCGACAGCGCAT-1,0,68,46,11546,15781
CACTCTCAAGCATCGA-1,0,69,47,11432,15978
GAGCGGAATGCGGTGT-1,0,68,48,11319,15780
CAGTTCGAGGACCCGA-1,0,69,49,11205,15977
CGTAACTTCGACACTT-1,0,68,50,11092,15780
TGATCACCACACTGAC-1,0,69,51,10978,15977
CATACTTCTTTCTCCG-1,0,68,52,10865,15779
CAAGTAAGTGATAGAC-1,0,69,53,10751,15976
AGCCCGCAACAAGCAG-1,0,68,54,10639,15778
GCTCCATGCAAAGCAA-1,0,69,55,10524,15975
TCGTACCGACGTCAAG-1,0,68,56,10412,15777
ATTATCGGAATGTACG-1,0,69,57,10298,15974
ACCTACTATAAATCTA-1,0,68,58,10185,15777
TATCCTATCAACTGGT-1,0,69,59,10071,15974
GCGCGGTCTAGTAACT-1,0,68,60,9958,15776
CCTTCGTATAGAATCC-1,0,69,61,9844,15973
TGGGCGATACAATAAG-1,0,68,62,9731,15775
TGACATGTAACGTGAC-1,0,69,63,9617,15972
TTGGGAAGACGAGCCG-1,0,68,64,9504,15774
GGTGTAAATCGATTGT-1,0,69,65,9390,15971
GAACTGTGGAGAGACA-1,0,68,66,9277,15774
TCCACATCGTATATTG-1,0,69,67,9163,15971
CCTATGGTCAAAGCTG-1,0,68,68,9050,15773
TCCTTGTCCTTTAATT-1,0,69,69,8936,15970
AAGTTTATGGGCCCAA-1,0,68,70,8824,15772
GTCCGGGTTCACATTA-1,0,69,71,8709,15969
ATGTAGCGCGCGTAGG-1,0,68,72,8597,15771
TACGGAAGCCAAACCA-1,0,69,73,8483,15968
GCCCTGAGGATGGGCT-1,0,68,74,8370,15771
CGGGCGATGGATCACG-1,0,69,75,8256,15968
TGCGGACTTGACTCCG-1,0,68,76,8143,15770
TAATACTAGAACAGAC-1,0,69,77,8029,15967
TCAAATTGTTGTGCCG-1,0,68,78,7916,15769
GGGCAGTCAACGCCAA-1,0,69,79,7802,15966
TCGCTGCCAATGCTGT-1,0,68,80,7689,15768
TACGTGGGCCCAGGGC-1,0,69,81,7575,15965
GCCTACGTTCTGTGCA-1,0,68,82,7462,15768
TTGCGTGTGTAGGCAT-1,0,69,83,7348,15965
TCCTAAAGATTCAGAC-1,0,68,84,7235,15767
TGGGTGCACAAGCCAT-1,0,69,85,7121,15964
GGGAGCGACCGTAGTG-1,0,68,86,7008,15766
CATAGAGGAGATACTA-1,0,69,87,6894,15963
CTTCGATTGCGCAAGC-1,0,68,88,6782,15765
GTGCCTGAGACCAAAC-1,0,69,89,6668,15962
TCATCCTCAGCTGCTT-1,0,68,90,6555,15765
TGCAACTACTGGTTGA-1,0,69,91,6441,15962
ATGTTGATTAGAGACT-1,0,68,92,6328,15764
GTTTCTAGAGGCGCGG-1,0,69,93,6214,15961
TACAAGGGCTTCTTTA-1,0,68,94,6101,15763
ACAGGCACGGATCCTT-1,0,69,95,5987,15960
CCCAAGTCATTACACT-1,0,68,96,5874,15762
ACTCTGACCTAATAGA-1,0,69,97,5760,15959
GGATGGCTTGAAGTAT-1,0,68,98,5647,15762
ACCCTCCCGTCAGGGC-1,0,69,99,5533,15959
AGCTTCTTCTCGAGCA-1,0,68,100,5420,15761
TTGCGCTTGATCAATA-1,0,69,101,5306,15958
TGGGTGTAATAGATTT-1,0,68,102,5193,15760
CATGGTTTATTAATCA-1,0,69,103,5079,15957
TTGCCTTCTCGCCGGG-1,0,68,104,4967,15759
TTAAAGTAAGTCGCCA-1,0,69,105,4852,15956
AGTTGGCAAGGCTAGA-1,0,68,106,4740,15759
CCGCACTTGCAATGAC-1,0,69,107,4626,15956
AATGTTGTCGTGAGAC-1,0,68,108,4513,15758
CCAAGGTTGCCCTTTC-1,0,69,109,4399,15955
TGTGACTAGAGTTTGC-1,0,68,110,4286,15757
TTGTGATCTGTTCAGT-1,0,69,111,4172,15954
GGAGTTGATTCTGTGT-1,0,68,112,4059,15756
GTAGTGAGCAACCTCA-1,0,69,113,3945,15953
AAGACATACGTGGTTT-1,0,68,114,3832,15756
CATCCCGAGATTCATA-1,0,69,115,3718,15953
GGCCGCAGGAACCGCA-1,0,68,116,3605,15755
CCAGAAACTGATGCGA-1,0,69,117,3491,15952
ACCCGTAGTCTAGTTG-1,0,68,118,3378,15754
AGGGTCTGGACGCAGT-1,0,69,119,3264,15951
TTGAAACCCTCATTCC-1,0,68,120,3152,15753
TCAATCCCGCGCCAAA-1,0,69,121,3037,15950
AGGACATCGGCACACT-1,0,68,122,2925,15753
GACAAGACGCCCGTGC-1,0,69,123,2811,15950
GAGTAAATTAAGAACC-1,0,68,124,2698,15752
TAAGTCGGTGAGCTAG-1,0,69,125,2584,15949
CTTACTGACTCCTCTG-1,0,68,126,2471,15751
TTAACTGATCGTTTGG-1,0,69,127,2357,15948
GGGCGATCCATAGGCC-1,0,70,0,16763,16193
CGTATTGTTTGGCGCC-1,0,71,1,16649,16390
CGCGTGGGCCTGTGTT-1,0,70,2,16536,16193
AAATCTGCCCGCGTCC-1,0,71,3,16422,16390
GCTGAAGGGTTCTTGG-1,0,70,4,16309,16192
TAATTGCGCTGATTAC-1,0,71,5,16195,16389
TCGCGCGTTTACATGA-1,0,70,6,16082,16191
TAACTGAAATACGCCT-1,0,71,7,15968,16388
CCTGTCGTGTATGAAG-1,0,70,8,15855,16190
CGGGAACGCCCTGCAT-1,0,71,9,15741,16387
AGTTGCGGTCCTCAAC-1,0,70,10,15629,16190
GGGTCCTTGGAAGAAG-1,0,71,11,15514,16387
CGGGAAGTACCGTGGC-1,0,70,12,15402,16189
ACGGTCACCGAGAACA-1,0,71,13,15288,16386
TAGACTCAGTTGGCCT-1,0,70,14,15175,16188
CCTTCCGCAACGCTGC-1,1,71,15,15061,16385
CAGTGTTAATCTCTCA-1,0,70,16,14948,16187
CAGGCCAGTACCACCT-1,1,71,17,14834,16384
GATCGCTGTGGTGCGT-1,1,70,18,14721,16187
GTATCTCGGGCGCTTT-1,1,71,19,14607,16384
CCGGGCTAAGAATTTC-1,1,70,20,14494,16186
CTTCACGCCCTGGTAC-1,1,71,21,14380,16383
CGGATGAATGCTGTGA-1,1,70,22,14267,16185
CTCTGCAGGCATTCTT-1,1,71,23,14153,16382
TCAAAGTCACGGCGTC-1,1,70,24,14040,16184
TGGGTTTCGGGCGTAC-1,1,71,25,13926,16381
TGCTATGGCAAAGGGA-1,1,70,26,13814,16183
TTCACGGTCGTCACGT-1,1,71,27,13699,16381
CGTAAAGCAAGAAATC-1,1,70,28,13587,16183
CTGATCCCTTTATGCA-1,1,71,29,13473,16380
GAGTATACCCTAATCA-1,1,70,30,13360,16182
CCACGGCAGGTGTAGG-1,1,71,31,13246,16379
ACGTACTTTGGCACGG-1,1,70,32,13133,16181
CCTGAGAATAAATGCA-1,1,71,33,13019,16378
TTGATGCCGCTCGTCG-1,1,70,34,12906,16180
GCCAGGAAAGAACACT-1,1,71,35,12792,16378
TCCGACCGCTAATCAA-1,1,70,36,12679,16180
TATATCAAAGTGATCT-1,1,71,37,12565,16377
CCTCGGTTTCCTTGCC-1,1,70,38,12452,16179
TAAATTTAGTAACACC-1,0,71,39,12338,16376
CTCGTTACGGCTACCA-1,0,70,40,12225,16178
GCCGTCGGTTTCGGGC-1,0,71,41,12111,16375
GTTCCGTCCGCCTGCA-1,0,70,42,11999,16177
CTAGGGATAGGGACAA-1,0,71,43,11884,16375
GTCCAGGCACGTGTGC-1,0,70,44,11772,16177
GAGGAATATCTCTTTG-1,0,71,45,11658,16374
CGTTCAAGGAAACGGA-1,0,70,46,11545,16176
GTGGGAACAAACCGGG-1,0,71,47,11431,16373
GGGCACGTAGTACTGT-1,0,70,48,11318,16175
ACTACAAAGAGAGGTG-1,0,71,49,11204,16372
GGTGTAGGTAAGTAAA-1,0,70,50,11091,16174
CCTGTTCAACCTCGGG-1,0,71,51,10977,16372
TGAGGTGTGTGGCGGA-1,0,70,52,10864,16174
ATTGTCTGTTTCATGT-1,0,71,53,10750,16371
GCCGGTCGTATCTCTC-1,0,70,54,10637,16173
ATATGGGATAGCAACT-1,0,71,55,10523,16370
GATAGAACCCGCTAGG-1,0,70,56,10410,16172
ATCCCATTTCCGTGGG-1,0,71,57,10296,16369
GATGCTACCTTCGATG-1,0,70,58,10183,16171
TGCAAAGTTCGTCTGT-1,0,71,59,10069,16369
GTTCAGTCGCCAAATG-1,0,70,60,9957,16171
GTCTCCGCCTCAATAC-1,0,71,61,9843,16368
AGTAGAAGGCGCCTCA-1,0,70,62,9730,16170
GTTGTAGATTTATGAG-1,0,71,63,9616,16367
CTATTTGCTTGGAGGA-1,0,70,64,9503,16169
AGCCATATAGTATGTG-1,0,71,65,9389,16366
TGTTCCGGCCTGAGCT-1,0,70,66,9276,16168
TGCCGTGGGACCCAAT-1,0,71,67,9162,16366
TTGCAAGAAGACTCCT-1,0,70,68,9049,16168
CCGCTCCAGGGCGATC-1,0,71,69,8935,16365
CAAACCCTCCGGCGGG-1,0,70,70,8822,16167
CGGACCTTTACGTCCC-1,0,71,71,8708,16364
ACGTAGGAGAGTCGCT-1,0,70,72,8595,16166
CTGCGACCTCGCCGAA-1,0,71,73,8481,16363
GGCCCAGCTGGTTTGC-1,0,70,74,8368,16165
GGATTAATCATGGACC-1,0,71,75,8254,16363
GAGATGGCTTTAATCA-1,0,70,76,8142,16165
AGTACAGAAGCTTATA-1,0,71,77,8027,16362
GCGGCTTTAGCAAGTT-1,0,70,78,7915,16164
ACCGAGTCTCCTTATT-1,0,71,79,7801,16361
GACCACACTTCCCTTT-1,0,70,80,7688,16163
TGTAGCCAATTCCGTT-1,0,71,81,7574,16360
CTCGTCTGTGCCTTCG-1,0,70,82,7461,16162
GGACTCTTTGACTAAG-1,0,71,83,7347,16360
TCATCGACGACCGTCG-1,0,70,84,7234,16162
TACTACGTGCAATGCG-1,0,71,85,7120,16359
CCCTACTTGAACAATG-1,0,70,86,7007,16161
GCAGCTGTCAACGCAT-1,0,71,87,6893,16358
ATCTACCATCTGCTCC-1,0,70,88,6780,16160
TCTCAAATCAATCGGG-1,0,71,89,6666,16357
ACTCCGGCCGACCACT-1,0,70,90,6553,16159
TACACCTCTTCGAATC-1,0,71,91,6439,16356
GTGGCTGTTTCTGTTC-1,0,70,92,6327,16159
ACGACTCTAGGGCCGA-1,0,71,93,6212,16356
TCGTTTACGCGACCCT-1,0,70,94,6100,16158
AGGATATCCGACTGCA-1,0,71,95,5986,16355
GACACTTCCAATTACC-1,0,70,96,5873,16157
ACGGTACAGTTCAATG-1,0,71,97,5759,16354
CTTGATGACCATCCAG-1,0,70,98,5646,16156
CTGGTAAAGACTTACA-1,0,71,99,5532,16353
CTTGCCCACCCACGCA-1,0,70,100,5419,16156
CATTACGCAGGAAGGG-1,0,71,101,5305,16353
GGACAACCATGAAGCC-1,0,70,102,5192,16155
GTTATCAAGCTATCGA-1,0,71,103,5078,16352
AGGTGCACGTCCACAT-1,0,70,104,4965,16154
AAAGAATGTGGACTAA-1,0,71,105,4851,16351
ACCAAGTCATCGGCAG-1,0,70,106,4738,16153
AGTAACTATAGCAGCC-1,0,71,107,4624,16350
GGGAAAGAATGCCAAC-1,0,70,108,4512,16153
AATCGGTATAGCCCTC-1,0,71,109,4397,16350
GGCACTGCGGTGGTTT-1,0,70,110,4285,16152
CGTCCTCATCGCGTGC-1,0,71,111,4171,16349
CTTAACTTACAGTATA-1,0,70,112,4058,16151
GTGAGTCGACTAATAG-1,0,71,113,3944,16348
TGTACTTCCGGGCATG-1,0,70,114,3831,16150
CACAAACCGCAGAACT-1,0,71,115,3717,16347
GCTTTACACAACTGGG-1,0,70,116,3604,16150
CACCGATGATGGGTAC-1,0,71,117,3490,16347
TCAATATACAGGAGGC-1,0,70,118,3377,16149
AACGACCTCCTAGCCG-1,0,71,119,3263,16346
GTTACCAAGGCGTACG-1,0,70,120,3150,16148
TAGCTCACTGTGTTTG-1,0,71,121,3036,16345
TCGGCAGGGTTAAGGG-1,0,70,122,2923,16147
TGTTAACAAAGTGACT-1,0,71,123,2809,16344
CAGAGCGATGGATGCT-1,0,70,124,2696,16147
CATAGTGGGCACGCCT-1,0,71,125,2582,16344
AAACGCTGGGCACGAC-1,0,70,126,2470,16146
TGTTCTCATACTATAG-1,0,71,127,2356,16343
TCCGCTGGGTCGATCG-1,0,72,0,16762,16588
TTAGCATCCCTCACGT-1,0,73,1,16648,16785
AGCCTTGTCACTGATA-1,0,72,2,16535,16587
GTTTCTTGTTAGAGCT-1,0,73,3,16421,16784
TCGGAGTCCTGGTTGC-1,0,72,4,16308,16587
ACGGGTTGTGACCTGT-1,0,73,5,16194,16784
TGACAGAAATCTTGCT-1,0,72,6,16081,16586
TAGCCATGATTGCCTA-1,0,73,7,15967,16783
CGAAGCCACAGCATGG-1,0,72,8,15854,16585
ACCCGTAGCAGAGAAT-1,0,73,9,15740,16782
AGCTTGATCAGGGTAG-1,0,72,10,15627,16584
CTATAAGTAGGGTTTG-1,0,73,11,15513,16781
TATAGTTAGGTGTACT-1,0,72,12,15400,16584
TACGCTGATAGTTGTA-1,1,73,13,15286,16781
TTCTCAATTGCTACAA-1,1,72,14,15173,16583
GTTGCCCTAACGGGTG-1,1,73,15,15059,16780
GACATTTCGCCCAGCC-1,1,72,16,14947,16582
GTAACTACGTAGACCT-1,1,73,17,14833,16779
CCAGTGTACAGACCGA-1,1,72,18,14720,16581
GCCCGATGCCCAGTTC-1,1,73,19,14606,16778
CGAACCTCTTTCCTAG-1,1,72,20,14493,16581
CATGCACATGAGAGGC-1,1,73,21,14379,16778
CCAAATCAAAGGGCAA-1,1,72,22,14266,16580
GTAGTTTAAGCACACG-1,1,73,23,14152,16777
TAAGTGAATAGTCTAC-1,1,72,24,14039,16579
GGTCCACGTCTATTTG-1,1,73,25,13925,16776
CCCTCAGATCGAGAAC-1,1,72,26,13812,16578
ACATTCGCGCGGAATA-1,1,73,27,13698,16775
CTATGAACACCTTGCC-1,1,72,28,13585,16578
CGAATGGTAGGTCGTC-1,1,73,29,13471,16775
TCGACATAGCGTAGCG-1,1,72,30,13358,16577
GACGTTGCTCGGCGGC-1,1,73,31,13244,16774
CTCGAGGCAAGTTTCA-1,1,72,32,13132,16576
GCTGGGAGCGCGTCAA-1,1,73,33,13017,16773
GACGATATCACTGGGT-1,1,72,34,12905,16575
CAGCTCTGGGCTCACT-1,0,73,35,12791,16772
TAGTCTGCGGCACATT-1,0,72,36,12678,16575
TGGTCGATATACCTCT-1,0,73,37,12564,16772
TTCAGTTCAAGAGGAG-1,0,72,38,12451,16574
GTCTGTAGGTTGAACA-1,0,73,39,12337,16771
GAGAGTCTCGGGAGAG-1,0,72,40,12224,16573
TTGTTTGTATTACACG-1,0,73,41,12110,16770
GCACAGCACGGGCCGA-1,0,72,42,11997,16572
AAACAGTGTTCCTGGG-1,0,73,43,11883,16769
TGGAGAATAATCGTCC-1,0,72,44,11770,16572
CGCCGCGTTCTGAACG-1,0,73,45,11656,16769
CATGCGTTGAGAGGAG-1,0,72,46,11543,16571
TACGCTCCTAGAACTG-1,0,73,47,11429,16768
CCTTGTGAACGTGGTT-1,0,72,48,11317,16570
TTAAAGGCGATGCTCG-1,0,73,49,11202,16767
TAAAGTGCACGTCTCG-1,0,72,50,11090,16569
TGTCCGCAAACAATTC-1,0,73,51,10976,16766
AGGCCTATCATACCAA-1,0,72,52,10863,16569
ACTGGGATGCCAGTGC-1,0,73,53,10749,16766
CGATCCACCATTGTTG-1,0,72,54,10636,16568
GGGCATGCATGTCGAG-1,0,73,55,10522,16765
TCCAGGCAGGACGATC-1,0,72,56,10409,16567
CAATGACCCTTAATTT-1,0,73,57,10295,16764
ATCAAGATCCCAGGAC-1,0,72,58,10182,16566
CTCAGAGCTAATGTCG-1,0,73,59,10068,16763
CTGCGATTTCGAGATT-1,0,72,60,9955,16566
ATGGTATTGGGAACCG-1,0,73,61,9841,16763
TAGGTTCTGCTGAGAA-1,0,72,62,9728,16565
GCCTGTCCCGGTGCAT-1,0,73,63,9614,16762
GGCCTGCTCTGATGTT-1,0,72,64,9502,16564
TAGAGGGAGTTTATCT-1,0,73,65,9387,16761
CTCTACATCCTGCGTG-1,0,72,66,9275,16563
ACACATTTCCGTAGAC-1,0,73,67,9161,16760
TGGGTGTTAAGTAGAA-1,0,72,68,9048,16563
GAGCTCAACATGAGCG-1,0,73,69,8934,16760
GCACACAGCTATTACC-1,0,72,70,8821,16562
GCGACGGTAGTCTCCT-1,0,73,71,8707,16759
GTATCAAGGTACTTCC-1,0,72,72,8594,16561
GGAAAGGGAATTGAGC-1,0,73,73,8480,16758
TACACAGCCGTGGTGC-1,0,72,74,8367,16560
CGGTTGGGCAGGGTCC-1,0,73,75,8253,16757
GCACGCCGATTCCCGC-1,0,72,76,8140,16560
CGCTTTCCGCCAAGGT-1,0,73,77,8026,16757
TGCCCGATAGTTAGAA-1,0,72,78,7913,16559
TCAGAACGGCGGTAAT-1,0,73,79,7799,16756
CCACTCAGATCCGCAA-1,0,72,80,7687,16558
GAAGGGTCATTAAGAC-1,0,73,81,7572,16755
GCGGTCTTGCTTTCAC-1,0,72,82,7460,16557
GGAAGGACACCGTATA-1,0,73,83,7346,16754
CGCGGGAATTCCTTTC-1,0,72,84,7233,16557
TCTATCCGATTGCACA-1,0,73,85,7119,16754
TACTCGTTTGAATCAA-1,0,72,86,7006,16556
GTCTGCCGACTCGACG-1,0,73,87,6892,16753
TACGGGTAATAACATA-1,0,72,88,6779,16555
CCAGTTCGGTAACTCA-1,0,73,89,6665,16752
CGTGCACACCACTGTA-1,0,72,90,6552,16554
CTTCAGTTGGACAACG-1,0,73,91,6438,16751
TGATCTATCACACTCT-1,0,72,92,6325,16554
TAGCAGATACTTAGGG-1,0,73,93,6211,16751
CACCGGGCATCACAAG-1,0,72,94,6098,16553
AGTGGCCCGCAAATGG-1,0,73,95,5984,16750
CTCGCTAGGTAAGCGA-1,0,72,96,5871,16552
GATAGATAGTACAGTC-1,0,73,97,5757,16749
CGAGACTACTGCTGCT-1,0,72,98,5645,16551
ACATTTGAAACCTAAC-1,0,73,99,5531,16748
GACACAGCCGGGACTG-1,0,72,100,5418,16551
ACGGAACACGAGTGCC-1,0,73,101,5304,16748
ACGCCAGTGCGTTTGC-1,0,72,102,5191,16550
GCACCTAGGCGAGTCC-1,0,73,103,5077,16747
TCACTATCCCTTCGGT-1,0,72,104,4964,16549
TGAGTGTAACAACGGG-1,0,73,105,4850,16746
ATTGGTTGTGCATTAC-1,0,72,106,4737,16548
CTGGCGATTTACATGT-1,0,73,107,4623,16745
TCCACCAAGACATAGG-1,0,72,108,4510,16548
AACGTCGCTGCACTTC-1,0,73,109,4396,16745
GTCTCCCGAGTCCCGT-1,0,72,110,4283,16547
AGCCCGCACTACAATG-1,0,73,111,4169,16744
GGCACGCTGCTACAGT-1,0,72,112,4056,16546
GCTTGAGTGACCTCTG-1,0,73,113,3942,16743
ATAGCCATAACAGTCA-1,0,72,114,3830,16545
TAGGAGGCTCGAGAAC-1,0,73,115,3715,16742
GTCGGGTGAAGTACCG-1,0,72,116,3603,16545
CACCCGCGTTTGACAC-1,0,73,117,3489,16742
TCTCAGGCTACTCGCT-1,0,72,118,3376,16544
TAGATTCTCTAGCAAA-1,0,73,119,3262,16741
CCCATTATTGTATCCT-1,0,72,120,3149,16543
GTTAATAGCGTCATTA-1,0,73,121,3035,16740
TACTCATTGACGCATC-1,0,72,122,2922,16542
TAGTGACAAGCTCTAC-1,0,73,123,2808,16739
ATCGCCGTGGTTCATG-1,0,72,124,2695,16542
CTGCTCTCAACACACC-1,0,73,125,2581,16739
GCATGACACAAAGGAA-1,0,72,126,2468,16541
CAACGATCGATCCAAT-1,0,73,127,2354,16738
ATACAGCGTCCACTGA-1,0,74,0,16760,16983
TCACGATTAATACGTT-1,0,75,1,16646,17180
CGTGAACTGACCCGAT-1,0,74,2,16533,16982
TCGATGTTACGGCCGT-1,0,75,3,16419,17179
GACCGGTGATACTCTC-1,0,74,4,16307,16981
TCTGTTTAGATTGTTC-1,0,75,5,16192,17178
GCTACTCGGACGCAGA-1,0,74,6,16080,16981
AAGAAAGTTTGATGGG-1,0,75,7,15966,17178
CGCCAGTAGTACCTTG-1,0,74,8,15853,16980
CTCCCTTGTATCAAGG-1,0,75,9,15739,17177
ACTTTATACACCACTT-1,0,74,10,15626,16979
AGATCTGGAGAGGATA-1,0,75,11,15512,17176
TCATCCATCTGATCAC-1,0,74,12,15399,16978
AGAACACGGCGATGGT-1,1,75,13,15285,17175
CCGCTCCGGATAAGCT-1,1,74,14,15172,16978
TGGTCGGGTACAGGGC-1,1,75,15,15058,17175
ACGGACGCAGCGACAA-1,1,74,16,14945,16977
ACATGCTTACGGCAGC-1,1,75,17,14831,17174
CAGGGAGATAGGCCAG-1,1,74,18,14718,16976
TCGCCACCCGGATTAC-1,1,75,19,14604,17173
TCTTGGTCAATGATAC-1,1,74,20,14492,16975
CATAGGGACACTTGTG-1,1,75,21,14377,17172
CACGAGCAAACCAGAC-1,1,74,22,14265,16975
GGGATATTGATCGCCA-1,1,75,23,14151,17172
TAATGTCGGTTCATGG-1,1,74,24,14038,16974
CGATTTGTCATTAATG-1,1,75,25,13924,17171
TTAAGATACCCAGAGA-1,1,74,26,13811,16973
CGACCGTTGGTATTCG-1,1,75,27,13697,17170
ACTACCATCCGAGGGC-1,1,74,28,13584,16972
TCTACGCACGATCTCC-1,1,75,29,13470,17169
AAGCCACTTGCAGGTA-1,1,74,30,13357,16972
ACGTTGTCGTTGAAAG-1,0,75,31,13243,17169
ACCGCTAGTCATTGGT-1,0,74,32,13130,16971
CATGAGTCCATCACGG-1,0,75,33,13016,17168
ATGTCTTGTTTGACTC-1,0,74,34,12903,16970
TCCCAAACATCCTCTA-1,0,75,35,12789,17167
CAACGCGATGAGCCAA-1,0,74,36,12677,16969
GACACCCAAAGACGCG-1,0,75,37,12562,17166
ACGTTCACTATGCCGC-1,0,74,38,12450,16969
ATGGACTGCTTAGTTG-1,0,75,39,12336,17166
CCATGGCAAACGCTCA-1,0,74,40,12223,16968
TTGTCTCGGCAAGATG-1,0,75,41,12109,17165
TTCGAACGAAACATGC-1,0,74,42,11996,16967
GGAAAGTCTTGATTGT-1,0,75,43,11882,17164
ATCATAGATCGACGAG-1,0,74,44,11769,16966
GATTAGAAACAAGCGT-1,0,75,45,11655,17163
GCTGCGAAGAATTATT-1,0,74,46,11542,16966
TTCCAGTGGGTTTCGT-1,0,75,47,11428,17163
GCTCATTGATCATATC-1,0,74,48,11315,16965
ATACGAGGTTTGTAAG-1,0,75,49,11201,17162
GTCTATACACGCATGG-1,0,74,50,11088,16964
GATTTGCGCTAACACC-1,0,75,51,10974,17161
TGGTGCCCTGCCTTAC-1,0,74,52,10861,16963
TCGAATCGCAGGGTAG-1,0,75,53,10747,17160
GGTAGGCCAATATCAC-1,0,74,54,10635,16963
CGTAAATAACAAAGGG-1,0,75,55,10521,17160
GACTCTAGAGTTCCAA-1,0,74,56,10408,16962
ACTTGTTACCGGATCA-1,0,75,57,10294,17159
GGCATTGAACATCTCA-1,0,74,58,10181,16961
AACCCGCTGTATTCCA-1,0,75,59,10067,17158
TAACAGGTTCCCTTAG-1,0,74,60,9954,16960
GTTCTTGTAACTCAAT-1,0,75,61,9840,17157
GATTCTGTTAATGAGT-1,0,74,62,9727,16960
GGACACCTCGGTGTTG-1,0,75,63,9613,17157
CGATCGAGAAGCACCA-1,0,74,64,9500,16959
CTGCTCTGACGGCAAA-1,0,75,65,9386,17156
CCCAGGAAGAATTCGA-1,0,74,66,9273,16958
TGTCGTGGGTATAGGC-1,0,75,67,9159,17155
ATATGTCTAGAGCGTG-1,0,74,68,9046,16957
GCGGGCAGACGGGTGA-1,0,75,69,8932,17154
CGAAGATCAGTTTCAT-1,0,74,70,8820,16957
ACGCCACTCGAAACAG-1,0,75,71,8706,17154
CTTAGATGTTTCATCC-1,0,74,72,8593,16956
GCGAATGGACTAGCGA-1,0,75,73,8479,17153
TAAATTGTGGGTAAAG-1,0,74,74,8366,16955
ATTTATACTGGTAAAG-1,0,75,75,8252,17152
GCGTCGTAACATGGTC-1,0,74,76,8139,16954
CGGTATGGGCACTCTG-1,0,75,77,8025,17151
CTATCACAACGCTGGA-1,0,74,78,7912,16954
ACCACACGGTTGATGG-1,0,75,79,7798,17151
TCAGCGCACGCCGTTT-1,0,74,80,7685,16953
AATGTTAAGACCCTGA-1,0,75,81,7571,17150
CTTACATAGATTTCTT-1,0,74,82,7458,16952
AACATAGCGTGTATCG-1,0,75,83,7344,17149
AGCAGTCGAAGCATGC-1,0,74,84,7231,16951
GTACTACGGCCTCGTT-1,0,75,85,7117,17148
TTGGCCAAATTGTATC-1,0,74,86,7005,16951
TCAGAGGACGCGTTAG-1,0,75,87,6890,17148
AGTAATCTAAGGGTGG-1,0,74,88,6778,16950
AATTATACCCAGCAAG-1,0,75,89,6664,17147
CCCTACCCACACCCAG-1,0,74,90,6551,16949
CTCTGTCCATGCACCA-1,0,75,91,6437,17146
TCGCCTCCTTCGGCTC-1,0,74,92,6324,16948
CCTGATTCGCGAAGAA-1,0,75,93,6210,17145
GACTTCAACGCATCAA-1,0,74,94,6097,16948
GCTTCCCGTAAGCTCC-1,0,75,95,5983,17145
AGAACTGTACTTTGTA-1,0,74,96,5870,16947
CCTTAAGTACGCAATT-1,0,75,97,5756,17144
GGCCAATTGTATAGAC-1,0,74,98,5643,16946
AGAATACAGGCTATCC-1,0,75,99,5529,17143
AATACCTGATGTGAAC-1,0,74,100,5416,16945
TAGAGTGTTCCGGGTA-1,0,75,101,5302,17142
GCTTCCATGTAACCGC-1,0,74,102,5190,16945
GGTTCGCATTTGCCGT-1,0,75,103,5075,17142
TCAATCCGGGAAGTTT-1,0,74,104,4963,16944
CCGGAAGTGCAATATG-1,0,75,105,4849,17141
CTCATAAATGTGTATA-1,0,74,106,4736,16943
GACGGGCATCGAATTT-1,0,75,107,4622,17140
GCTAAGCCCAGTATGC-1,0,74,108,4509,16942
GCTATAAGGGCCAGGA-1,0,75,109,4395,17139
GCGGATTACTTGTTCT-1,0,74,110,4282,16942
TACAACAGCGCATACA-1,0,75,111,4168,17139
TCTAACCTAGCCTGCG-1,0,74,112,4055,16941
TCTACCCGCATCATTT-1,0,75,113,3941,17138
GTCTTACCACGCCAAG-1,0,74,114,3828,16940
AATAACGTCGCGCCCA-1,0,75,115,3714,17137
CGTTTCGGTTATATGC-1,0,74,116,3601,16939
TACGCTGCACGGTCGT-1,0,75,117,3487,17136
CGTTAAATACGACCAG-1,0,74,118,3375,16939
TCGACTGACGATGGCT-1,0,75,119,3260,17136
ACGCTACTGAATGGGC-1,0,74,120,3148,16938
AAGGGTTAGCCATGCG-1,0,75,121,3034,17135
ACGTTTCGGTGCACTT-1,0,74,122,2921,16937
TTAACCCGAGGCGTGT-1,0,75,123,2807,17134
GCCCGTCAAGCCCAAT-1,0,74,124,2694,16936
ATTCGTCCCGAGGTTA-1,0,75,125,2580,17133
TCAAATTATGTTCGAC-1,0,74,126,2467,16936
AACGTTCTACCATTGT-1,0,75,127,2353,17133
CTGTCCTGCGCACTAC-1,0,76,0,16759,17378
GCCCAGCGACACAAAG-1,0,77,1,16645,17575
TATAGCTATTATCTCT-1,0,76,2,16532,17377
AAGCTATGGATTGACC-1,0,77,3,16418,17574
CCGAAACACGACCTCT-1,0,76,4,16305,17376
ATCAGAAGCTGGTTGC-1,0,77,5,16191,17573
TGAACCTGAATGTGAG-1,0,76,6,16078,17375
TCAGAGCATGTCAACG-1,0,77,7,15964,17572
ATACCCTCCCGGCCAA-1,0,76,8,15852,17375
GCCACCTTATTCGCGA-1,0,77,9,15737,17572
CAACGAGCTTATTATG-1,0,76,10,15625,17374
GATCCAACCTTTAAAC-1,1,77,11,15511,17571
TTGTGGAGACAGCCGG-1,1,76,12,15398,17373
AGATAATCACACCTAT-1,1,77,13,15284,17570
GGTTAGGGATGCTAAT-1,1,76,14,15171,17372
TCATGAAGCGCTGCAT-1,1,77,15,15057,17569
CCAGGCGAGATGGTCT-1,1,76,16,14944,17372
CGACTTGCCGGGAAAT-1,1,77,17,14830,17569
GTGCCAAACGTTTCGA-1,1,76,18,14717,17371
TGCTCAAAGGATGCAC-1,1,77,19,14603,17568
GCCTCAGGTACCGGTC-1,1,76,20,14490,17370
ACAAGTAATTGTAAGG-1,1,77,21,14376,17567
TTAGAGTATTGTCGAG-1,1,76,22,14263,17369
GTCATCCCAAACTCAC-1,0,77,23,14149,17566
CTCCTAGTAATCGTGA-1,1,76,24,14036,17369
CCCTCATCACAGAGTA-1,0,77,25,13922,17566
GGAAACAGAGCTTGGG-1,1,76,26,13810,17368
ACATCGCAATATTCGG-1,0,77,27,13696,17565
TTAGCCATAGGGCTCG-1,0,76,28,13583,17367
CGGATTCTGCCTTATG-1,0,77,29,13469,17564
TTGTTGGCAATGACTG-1,0,76,30,13356,17366
GGATCTACCGTTCGTC-1,0,77,31,13242,17563
GGTGGGATTAGGTCCC-1,0,76,32,13129,17366
AATAGGCACGACCCTT-1,0,77,33,13015,17563
GAGGTCCGTTCGCTGT-1,0,76,34,12902,17365
TGACAACTTAAAGGTG-1,0,77,35,12788,17562
AGCTAAGCTCCGTCCG-1,0,76,36,12675,17364
CTAGCCCGGGAGACGA-1,0,77,37,12561,17561
CCCAGATTCCCGTGAC-1,0,76,38,12448,17363
GCCCGTTCACACAATT-1,0,77,39,12334,17560
ACAAACTCCATCAGAG-1,0,76,40,12221,17363
GGTTCCGTACGACTAA-1,0,77,41,12107,17560
TTGCGGAAAGCTGCCC-1,0,76,42,11995,17362
GGAACTCGTGAATACG-1,0,77,43,11880,17559
GGTTACCGCTCCCTAC-1,0,76,44,11768,17361
AGCGACTTTGAAGACA-1,0,77,45,11654,17558
CCGTTTCCTTTCCGTG-1,0,76,46,11541,17360
TGGATGGCATCTTGGA-1,0,77,47,11427,17557
CAAGTCGTTGAAATCT-1,0,76,48,11314,17360
TGCAAACGTACTAGTT-1,0,77,49,11200,17557
GGCTGTCCTACTGCGG-1,0,76,50,11087,17359
TACTGCATGATTAAAT-1,0,77,51,10973,17556
CGGACCTCTGTAGTTA-1,0,76,52,10860,17358
CCCTAGCTCTAAGGTC-1,0,77,53,10746,17555
GTAACAGGTTAACGGC-1,0,76,54,10633,17357
CCCGCAAATAATCATC-1,0,77,55,10519,17554
AATCCCGCTCAGAGCC-1,0,76,56,10406,17357
AACGTCATCCGGCTTG-1,0,77,57,10292,17554
CTCGTGGCACTGAAAG-1,0,76,58,10180,17356
CTTTATCCGACGCATG-1,0,77,59,10065,17553
AAATGACTGATCAAAC-1,0,76,60,9953,17355
TTCGTGCATGTTATAG-1,0,77,61,9839,17552
ATCAAAGAGCCGTGGT-1,0,76,62,9726,17354
ATGTCATAATAAACGA-1,0,77,63,9612,17551
CTTAATCGACTTAGTA-1,0,76,64,9499,17354
CTAAAGGATGAGATAC-1,0,77,65,9385,17551
GTGCTATCCAGCTGGA-1,0,76,66,9272,17353
GACAGAGGTCTTCAGT-1,0,77,67,9158,17550
TCGATTTACGAAACGA-1,0,76,68,9045,17352
AGGCTTAAGTTGCACA-1,0,77,69,8931,17549
TAGGATCTTAACCGCA-1,0,76,70,8818,17351
GACTTTCGAGCGGTTC-1,0,77,71,8704,17548
CCCTGGGAGGGATCCT-1,0,76,72,8591,17351
TAGTAGTTGCCGGACA-1,0,77,73,8477,17548
GCCCTAAGTGCAGGAT-1,0,76,74,8365,17350
ACTTGGGCTTTCGCCA-1,0,77,75,8250,17547
CATGATACGGTGAAAC-1,0,76,76,8138,17349
TCCTGCAGCCGCCAAT-1,0,77,77,8024,17546
GTCCGTTAGAGGGCCT-1,0,76,78,7911,17348
GCTTTATTAAGTTACC-1,0,77,79,7797,17545
AATCGAGGTCTCAAGG-1,0,76,80,7684,17348
GTGCTGTTAGAACATA-1,0,77,81,7570,17545
GGCTTCTCGTGGGTGG-1,0,76,82,7457,17347
CCTACAGTTGAGGGAG-1,0,77,83,7343,17544
TATCCCTCGATCTGCA-1,0,76,84,7230,17346
CCGGTATCTGGCGACT-1,0,77,85,7116,17543
CTCTAACACCGGCAGC-1,0,76,86,7003,17345
CTTCATCACCAGGGCT-1,0,77,87,6889,17542
GGCTGGCAATCCCACG-1,0,76,88,6776,17345
CAAACCATAAGCGTAT-1,0,77,89,6662,17542
CATGTGGGCTCATCAC-1,0,76,90,6550,17344
CCCGTGACAGTGCCTT-1,0,77,91,6435,17541
GATTATCTTGCATTAT-1,0,76,92,6323,17343
GAGTCCACCAGGTTTA-1,0,77,93,6209,17540
TGTACTATCGCTCGTT-1,0,76,94,6096,17342
TTAGCGAATAGATAGG-1,0,77,95,5982,17539
ACATACAATCAAGCGG-1,0,76,96,5869,17342
ATTCGTGTACCCATTC-1,0,77,97,5755,17539
GCTAGCAACGCACCTA-1,0,76,98,5642,17341
ACCTCAGCGAGGCGCA-1,0,77,99,5528,17538
TCCGGGCCACTAACGG-1,0,76,100,5415,17340
TCCCAATATCGACGAC-1,0,77,101,5301,17537
GGATTGAAGTAGCCTC-1,0,76,102,5188,17339
GGCGCACAGTTTACCT-1,0,77,103,5074,17536
CCCGGCACGTGTCAGG-1,0,76,104,4961,17339
AGTAAGGGACAGAATC-1,0,77,105,4847,17536
TTGCGCACAACCACGT-1,0,76,106,4734,17338
CCTGCTACAACCATAC-1,0,77,107,4620,17535
CTGGGCTACTGGAGAG-1,0,76,108,4508,17337
AGCTACGAATGGTGGT-1,0,77,109,4394,17534
ATTCGTTTATCGTATT-1,0,76,110,4281,17336
GGCATTCCCTCCCTCG-1,0,77,111,4167,17533
AGTTATTCAGACTGTG-1,0,76,112,4054,17336
CCACTTTCCTTCTAGG-1,0,77,113,3940,17533
CGCAGTTCTATCTTTC-1,0,76,114,3827,17335
AGGAGCGTTTATTATC-1,0,77,115,3713,17532
GACAGGTAATCCGTGT-1,0,76,116,3600,17334
TTCCCAAAGTACTGAT-1,0,77,117,3486,17531
CTGCAGGGTGACGCTC-1,0,76,118,3373,17333
TCATGGAGGCCTTTGT-1,0,77,119,3259,17530
ATGGCCCGAAAGGTTA-1,0,76,120,3146,17333
CGTAATATGGCCCTTG-1,0,77,121,3032,17530
AGAGTCTTAATGAAAG-1,0,76,122,2919,17332
GAACGTTTGTATCCAC-1,0,77,123,2805,17529
ATTGAATTCCCTGTAG-1,0,76,124,2693,17331
TACCTCACCAATTGTA-1,0,77,125,2578,17528
AGTCGAATTAGCGTAA-1,0,76,126,2466,17330
TTGAAGTGCATCTACA-1,0,77,127,2352,17527
