ACGCCTGACACGCGCT-1,0,0,0,16512,1673
TACCGATCCAACACTT-1,0,1,1,16398,1870
ATTAAAGCGGACGAGC-1,0,0,2,16285,1673
GATAAGGGACGATTAG-1,0,1,3,16171,1870
GTGCAAATCACCAATA-1,0,0,4,16058,1672
TGTTGGCTGGCGGAAG-1,0,1,5,15944,1869
GCATCCTCTCCTATTA-1,0,0,6,15831,1671
GCGAGGGACTGCTAGA-1,0,1,7,15717,1868
TGGTACCGGCACAGCC-1,0,0,8,15605,1670
GCGCGTTTAAATCGTA-1,0,1,9,15490,1867
TGCCTTGCCCTTACGG-1,0,0,10,15378,1669
GACGACTTTCCAAGAA-1,0,1,11,15263,1866
CCAGTGAGCTCCTTGT-1,0,0,12,15151,1668
ATACCCTGGCTCAAAT-1,0,1,13,15037,1865
GGGTTTCCGGCTTCCA-1,0,0,14,14924,1667
TAACCGTCCAGTTCAT-1,0,1,15,14810,1864
AAACAACGAATAGTTC-1,0,0,16,14697,1666
CAAGGGAGTGTATTTG-1,0,1,17,14583,1863
CCAAGCTTGATCTCCT-1,0,0,18,14470,1666
TTATTTCATCCCAAAC-1,0,1,19,14356,1863
GAGCGCTATGTCAGGC-1,0,0,20,14243,1665
TATGGCAGACTTTCGA-1,0,1,21,14129,1862
CTTCGTGCCCGCATCG-1,0,0,22,14016,1664
AAACGGGTTGGTATCC-1,0,1,23,13902,1861
TGCAAACCCACATCAA-1,0,0,24,13789,1663
GACGGGATGTCTTATG-1,0,1,25,13675,1860
GGCGAGCATCGAGGAC-1,0,0,26,13562,1662
CGCGTGCTATCAACGA-1,0,1,27,13448,1859
TGAAACCTCAACTCAC-1,0,0,28,13335,1661
CACATAAGGCGACCGT-1,0,1,29,13221,1858
TGACCCAACTCACATT-1,0,0,30,13108,1660
ATACGCCGATCTACCG-1,0,1,31,12994,1857
ACTTATCTGATCTATA-1,0,0,32,12882,1660
GTGTGAGCCGAGGTGC-1,0,1,33,12767,1857
GATGATTTGAAACTGG-1,0,0,34,12655,1659
GGGAACCACCTGTTTC-1,0,1,35,12540,1856
GTTCGTTGCGGACCAG-1,0,0,36,12428,1658
TGAGGTTGATCCCAAG-1,0,1,37,12313,1855
GATGCCACACTACAGC-1,0,0,38,12201,1657
AGGCAAAGAGGAATCA-1,0,1,39,12087,1854
AAGTAAGCTTCCAAAC-1,0,0,40,11974,1656
AACGTAGTCTACCCAT-1,0,1,41,11860,1853
GTTTGAGCGGTTATGT-1,0,0,42,11747,1655
GAAGCAAGGCAATGTT-1,0,1,43,11633,1852
TCACTCAGCGCATTAG-1,0,0,44,11520,1654
TACAATGAAACCAGCA-1,0,1,45,11406,1851
GTGCGCTTACAAATGA-1,0,0,46,11293,1654
GCACTCCCACAGTCCC-1,0,1,47,11179,1851
CGAAGACTGCCCGGGA-1,0,0,48,11066,1653
CAGGATCCGCCCGACC-1,0,1,49,10952,1850
CACGATTGGTCGTTAA-1,0,0,50,10839,1652
GGTTGTATCGTGAAAT-1,0,1,51,10725,1849
TCTTATGGGTAGTACC-1,0,0,52,10612,1651
TACAAGCTGTTCACTG-1,0,1,53,10498,1848
GTATCTTGTTGCTCAC-1,0,0,54,10385,1650
ATACCAGGTGAGCGAT-1,0,1,55,10271,1847
CCTAAACAGGGTCCGT-1,0,0,56,10159,1649
ATGGTGCTCAAAGCCA-1,0,1,57,10044,1846
CAAATGCGGAGTGTTC-1,0,0,58,9932,1648
CGTGCCCGACATTTGT-1,0,1,59,9817,1845
GTATCTCCCTAACTGT-1,0,0,60,9705,1648
ATTTGCCTAGTTACGA-1,0,1,61,9590,1845
ACGTCCTAAACGAGAT-1,0,0,62,9478,1647
CTGGGATCGCCCAGAT-1,0,1,63,9364,1844
CTGCAAATGGGCTCCA-1,0,0,64,9251,1646
CATTATAACAGGGTCC-1,0,1,65,9137,1843
ACCTTTCCTTTAGAAG-1,0,0,66,9024,1645
ATAGATTTGCAGTCGG-1,0,1,67,8910,1842
CTCGGGCATCGTCGGG-1,0,0,68,8797,1644
GTGGCGGGCCGTAGCT-1,0,1,69,8683,1841
CAACAGTGCCAAACGG-1,0,0,70,8570,1643
TGCGGGTATTGGGATC-1,0,1,71,8456,1840
GTCTCGCCAACACGCC-1,0,0,72,8343,1642
CTGGGCGGCCAAATGT-1,0,1,73,8229,1839
TAAAGGAGAAACTAGT-1,0,0,74,8116,1642
TCCCACGGAGGGAGCT-1,0,1,75,8002,1838
AGCTTCAATACTTTGA-1,0,0,76,7889,1641
TTCCACATTTCTCGTC-1,0,1,77,7775,1838
ACAAACCGACAAGGCG-1,0,0,78,7662,1640
AGACGGGATTGGTATA-1,0,1,79,7548,1837
AACCTAAAGCCGTCCG-1,0,0,80,7436,1639
TACAAATTGCGGAGGT-1,0,1,81,7321,1836
CCCGCTAGAGGGTTAA-1,0,0,82,7209,1638
CATTGCAAAGCATAAT-1,0,1,83,7094,1835
TGTACGCTATCAGCTT-1,0,0,84,6982,1637
TTCTTCGCAATAGAGC-1,0,1,85,6867,1834
TGTGATTCCAGCGCTT-1,0,0,86,6755,1636
ATTCAGGATCGCCTCT-1,0,1,87,6641,1833
GCCCATGGGTGCAATG-1,0,0,88,6528,1635
TTCCCGACGCTTCACT-1,0,1,89,6414,1832
AGCGGTTGAGATGTAC-1,0,0,90,6301,1635
GCTGTCTGTGATCGAC-1,0,1,91,6187,1832
AAAGACATGAAGTTTA-1,0,0,92,6074,1634
CAACAGAATAACGCTA-1,0,1,93,5960,1831
TGCGGTCTACGAGTAA-1,0,0,94,5847,1633
AAGACTCACGCCCACT-1,0,1,95,5733,1830
CTTTGAAACATATTCC-1,0,0,96,5620,1632
CTGGGCACTAGTCGGA-1,0,1,97,5506,1829
CGCCCTTACATCCACC-1,0,0,98,5393,1631
CACGACCACAGACTTT-1,0,1,99,5279,1828
CAATCCATTATCCGTT-1,0,0,100,5166,1630
GTGGCGTGCACCAGAG-1,0,1,101,5052,1827
CGGAGTCCTAACCTGG-1,0,0,102,4939,1629
GGTCCCATAACATAGA-1,0,1,103,4825,1826
ATCTCATAAACCTACC-1,0,0,104,4712,1629
TGCATGGCAGTCTTGC-1,0,1,105,4598,1826
TTGCAGGTCATGAAGT-1,0,0,106,4486,1628
AGCTGCATTTGAGGTG-1,0,1,107,4371,1825
TAATCAGGAATGCTGC-1,0,0,108,4259,1627
CCATCATAAGAACAGG-1,0,1,109,4144,1824
TCGTATCACCAAGCTA-1,0,0,110,4032,1626
ATTCAGATGAATCCCT-1,0,1,111,3918,1823
AAAGGTCAACGACATG-1,0,0,112,3805,1625
AGCTGCTGTGCCGAAT-1,0,1,113,3691,1822
CTAGCGCCAATCCTAC-1,0,0,114,3578,1624
GCTCGACCGAACTGAA-1,0,1,115,3464,1821
ACAGTGCAGCGCATTT-1,0,0,116,3351,1623
CGGCTGAAGGTTACGC-1,0,1,117,3237,1820
CACCTCTACGAGTGTG-1,0,0,118,3124,1623
ATACGACAGATGGGTA-1,0,1,119,3010,1820
ACTTCCTGTCGTGCGA-1,0,0,120,2897,1622
CGTAACGGAACGATCA-1,0,1,121,2783,1819
AAATCACTCCTAAACG-1,0,0,122,2670,1621
CTCCGAGTAAATCCGC-1,0,1,123,2556,1818
ACGCTAGTATCAGTGC-1,0,0,124,2443,1620
AGAGTGAACAGACACC-1,0,1,125,2329,1817
ACACCCGTAAATCTGT-1,0,0,126,2216,1619
GCTTTGCTGCCGGGTA-1,0,1,127,2102,1816
ACAGGAGGCGCAGCCG-1,0,2,0,16511,2068
AGGCAATACGGAGGAC-1,0,3,1,16397,2265
TGGTGTGACAGACGAT-1,0,2,2,16284,2067
ATCTATCGATGATCAA-1,0,3,3,16170,2264
CGGTAACAAGATACAT-1,0,2,4,16057,2066
TCGCCGGAGAGTCTTA-1,0,3,5,15943,2263
GGAGGAGTGTGTTTAT-1,0,2,6,15830,2066
TTAGGTGTGACTGGTC-1,0,3,7,15716,2263
CAGGGCTAACGAAACC-1,0,2,8,15603,2065
CCCGTGGGTTAATTGA-1,0,3,9,15489,2262
GACCGACCGCTAATAT-1,0,2,10,15376,2064
GGTATCAAGCATAGAA-1,0,3,11,15262,2261
TGCATGAGTAGATTCG-1,0,2,12,15149,2063
AATTCCAACTTGGTGA-1,0,3,13,15035,2260
TGCCGATGTCATCAAT-1,0,2,14,14922,2062
GCTGGGTCCGCTGTTA-1,0,3,15,14808,2259
TGAACACCCGAAGCAG-1,0,2,16,14695,2061
AACATTGGTCAGCCGT-1,0,3,17,14581,2258
GTGGGTCTTCTTTGCG-1,0,2,18,14468,2060
CATCGAATGGATCTCT-1,0,3,19,14354,2257
GCTACACTGTCCGAAC-1,0,2,20,14242,2060
CGGGTTGTAGCTTTGG-1,0,3,21,14127,2257
CCTAAGTGTCTAACCG-1,0,2,22,14015,2059
TCTGTGACTGACCGTT-1,0,3,23,13900,2256
TTATCATACTCGCAAA-1,0,2,24,13788,2058
AGCGTAGCGCTAGACC-1,0,3,25,13674,2255
TCCCTCCGAAATCGTT-1,0,2,26,13561,2057
AGGTCGCCACTTCGGT-1,0,3,27,13447,2254
CTAGCAACTAATTTAC-1,0,2,28,13334,2056
TTGCTAGCTACCAATC-1,0,3,29,13220,2253
GCCGGTTTGGGCGGAT-1,0,2,30,13107,2055
TGTAACTTGTCAACCT-1,0,3,31,12993,2252
CGAGATGTTGCCTATA-1,0,2,32,12880,2054
GTTACGAAATCCACGC-1,0,3,33,12766,2251
CTTGTCGTACGTGTCA-1,0,2,34,12653,2054
GCGTCCAGCTCGTGGC-1,0,3,35,12539,2251
CCCTTCTCGTACGCGA-1,0,2,36,12426,2053
CCAAAGTCCCGCTAAC-1,0,3,37,12312,2250
CCGCTTCGCGGTTAAC-1,0,2,38,12199,2052
GTTACGGCCCGACTGC-1,0,3,39,12085,2249
CCCGCTTGCCCTCGTC-1,0,2,40,11972,2051
TAGTGAGAAGTGGTTG-1,0,3,41,11858,2248
CGCTACCGCCCTATGA-1,0,2,42,11745,2050
AAACAATCTACTAGCA-1,0,3,43,11631,2247
GCGCGATGGGTCAAGT-1,0,2,44,11519,2049
ATAAACCATTGGACGG-1,0,3,45,11404,2246
TCGGGCACTTCTGGAT-1,0,2,46,11292,2048
TCTGTGGCTACATTTC-1,0,3,47,11177,2245
CTCTGTGCCTGCTATG-1,0,2,48,11065,2048
CACGACTAAAGTTCTG-1,0,3,49,10950,2245
GAGGAGTAATTCCTAC-1,0,2,50,10838,2047
AGAGGTATCTCGGTCC-1,0,3,51,10724,2244
GGCGTACCCTATATAA-1,0,2,52,10611,2046
GCCGGAAACACATCTT-1,0,3,53,10497,2243
AAATGTGGGTGCTCCT-1,0,2,54,10384,2045
ACCAGGAGTGTGATCT-1,0,3,55,10270,2242
TGTGGAGGAAGCTTAA-1,0,2,56,10157,2044
AAGGAGAACTTATAAG-1,0,3,57,10043,2241
CCCTCGGGAGCCTTGT-1,0,2,58,9930,2043
ACTGTTTAGTGTAGGC-1,0,3,59,9816,2240
CGTCAGTTTATCGTCT-1,0,2,60,9703,2042
GCGTGTATGTCGTATT-1,0,3,61,9589,2239
ACAATCGATCTTTATA-1,0,2,62,9476,2042
CAGCCCTCACAGGCAG-1,0,3,63,9362,2238
CGCGTCATATTAAACC-1,0,2,64,9249,2041
GAAGACTTCAATGCCG-1,0,3,65,9135,2238
TTGCGGCGACTCATGC-1,0,2,66,9022,2040
ACCAAACTAGAAATCC-1,0,3,67,8908,2237
TTACTGTTTCTCTACG-1,0,2,68,8796,2039
GACCAGGTCATTCATA-1,0,3,69,8681,2236
TTCTTCCCTTTGATAT-1,0,2,70,8569,2038
ACGCCCAGCTGTCGAT-1,0,3,71,8454,2235
AGTAGCGTGAACGAAC-1,0,2,72,8342,2037
CCTCGACCCACTGCCT-1,0,3,73,8227,2234
AGTTATTGAAAGGTAA-1,0,2,74,8115,2036
TCAGTTACGGAATGAT-1,0,3,75,8001,2233
GAATCTATACTCGGAC-1,0,2,76,7888,2035
TCGGCTAACTTCCCTT-1,0,3,77,7774,2232
ACGTGGTCGAATGTGC-1,0,2,78,7661,2035
ATATCGTGCCAGACCC-1,0,3,79,7547,2232
GTAGCTAGTAAGCGCG-1,0,2,80,7434,2034
ACGCTTAGTGTCTCTC-1,0,3,81,7320,2231
TCCGGCCTGCATCGAT-1,0,2,82,7207,2033
TAGTGGAACTCATACA-1,0,3,83,7093,2230
ATCATCTGCCCAGTGT-1,0,2,84,6980,2032
GTTATTAAATACGACC-1,0,3,85,6866,2229
GCGCTAAGTATGCATG-1,0,2,86,6753,2031
CCTGACGCAACCTTTA-1,0,3,87,6639,2228
CCCAAGAATGCACGGT-1,0,2,88,6526,2030
AACTGGGTTCGAGCCG-1,0,3,89,6412,2227
GGTTCCACCCGCTTCT-1,0,2,90,6299,2029
CATGCACGTGTTACTG-1,0,3,91,6185,2226
AGCGTTCCGATTTAAA-1,0,2,92,6072,2029
CCTACGCGACCTTACA-1,0,3,93,5958,2226
CGAATTACATGGTGTT-1,0,2,94,5846,2028
GAGGTCTTAGTGGGTC-1,0,3,95,5731,2225
GCCGCTAGATACGCAG-1,0,2,96,5619,2027
GTCACCTGTCTATGTC-1,0,3,97,5504,2224
CCGATTGGTCAATGAA-1,0,2,98,5392,2026
CCTGTGCGGATTGTAA-1,0,3,99,5278,2223
TTACGTAGCGCGTGCT-1,0,2,100,5165,2025
GGAGGCGAAGAACCGC-1,0,3,101,5051,2222
GGGTCACGTGCTTATG-1,0,2,102,4938,2024
GCTCCGGACGTTGATA-1,0,3,103,4824,2221
ATGTTTGTAAGATCAT-1,0,2,104,4711,2023
TGACCCAGCATTCCCG-1,0,3,105,4597,2220
TGGTCGTTTGATAGAT-1,0,2,106,4484,2023
TGTAATGCCTTCGGAC-1,0,3,107,4370,2220
TGCTCACACAACAACC-1,0,2,108,4257,2022
TACGATCCAAGCCACT-1,0,3,109,4143,2219
TTGTAACTTCATAGCG-1,0,2,110,4030,2021
AGATTCAAGCGGGTCG-1,0,3,111,3916,2218
CTCAGCAGACTGCCGA-1,0,2,112,3803,2020
GTAACATCAGCTCATC-1,0,3,113,3689,2217
ATGGAACAGAATAAAC-1,0,2,114,3576,2019
GGGCCTATACAACCGG-1,0,3,115,3462,2216
TCAAACAATTAGGACA-1,0,2,116,3349,2018
AAACCACTACACAGAT-1,0,3,117,3235,2215
AAACGACAGTCTTGCC-1,0,2,118,3123,2017
TTGAGGGTCGAACGCG-1,0,3,119,3008,2214
TGTTGATCACTGTTTA-1,0,2,120,2896,2017
AGGGTGTGCTACACGC-1,0,3,121,2781,2214
GTAGTTAGACAATATA-1,0,2,122,2669,2016
AATGGCCGCCAATGCG-1,0,3,123,2555,2213
TCGGCGGTATTAGATT-1,0,2,124,2442,2015
GGGTCACTGAGTAGTG-1,0,3,125,2328,2212
GAATTATGCAACCTAC-1,0,2,126,2215,2014
GATCTTAGTGAACGTG-1,0,3,127,2101,2211
CTAATGCGCCCAACAA-1,0,4,0,16509,2463
GCCACCCATTCCACTT-1,0,5,1,16395,2660
TACTCACAACGTAGTA-1,0,4,2,16282,2462
GTTCGGTGTGGATTTA-1,0,5,3,16168,2659
TCTTTCGGCGGGACAC-1,0,4,4,16055,2461
GGAGACATTCACGGGC-1,0,5,5,15941,2658
GGGATTATCTCACAAC-1,0,4,6,15828,2460
TAGAACGCCAGTAACG-1,0,5,7,15714,2657
ACGAGTCGCCGGCGTT-1,0,4,8,15602,2460
TGATGGGACTAAGTCA-1,0,5,9,15487,2657
TGCGAGAAACGTTACG-1,0,4,10,15375,2459
TCGCCTCGACCTGTTG-1,0,5,11,15260,2656
AACTCGATAAACACGT-1,0,4,12,15148,2458
AGGAAAGCCTCTGATG-1,0,5,13,15034,2655
GAAGGACTAAATTGAA-1,0,4,14,14921,2457
GTATCGGGACGAGCTG-1,0,5,15,14807,2654
CCTGTGCATAGGAGAC-1,0,4,16,14694,2456
CATACGGGTGCATGAT-1,0,5,17,14580,2653
CCACTAAACTGAATCG-1,0,4,18,14467,2455
AAATTGCGGCGGTTCT-1,0,5,19,14353,2652
AGTCCAGCGGGTACGT-1,0,4,20,14240,2454
CATTCAGGTCAGTGCG-1,0,5,21,14126,2651
CTAAAGTCCGAAGCTA-1,0,4,22,14013,2454
AATCAGACTGCAGGAC-1,0,5,23,13899,2651
AGTATCCATAATAACG-1,0,4,24,13786,2453
CTGGCTGCTAACGTAA-1,0,5,25,13672,2650
GTTCCAAGACAGCGAC-1,0,4,26,13559,2452
AAGACTAACCCGTTGT-1,0,5,27,13445,2649
GATTAATCCTGGCTCA-1,0,4,28,13332,2451
CGCGCAAGGAACTACA-1,0,5,29,13218,2648
CAGTAGCGAGGTAGTA-1,0,4,30,13105,2450
ACGGCGGGTTGCCCTG-1,0,5,31,12991,2647
CTAGGCGGCAGAGAAT-1,0,4,32,12879,2449
GTGCGCAGCTTGCTCC-1,0,5,33,12764,2646
TCACTATCGTGCAATC-1,0,4,34,12652,2448
TATGATTCTGCTTGGT-1,0,5,35,12537,2645
TAAGATTTAGCGGGAG-1,0,4,36,12425,2448
TTACGGTGTCACCGAG-1,0,5,37,12311,2645
CTACACTAGCTTGTTC-1,0,4,38,12198,2447
TGAGCAGTCGTGAAGT-1,0,5,39,12084,2644
CGCTGAGGACGTCCAA-1,0,4,40,11971,2446
GTGTATGACTTTAAAG-1,0,5,41,11857,2643
CTAAACGGGTGTAATC-1,0,4,42,11744,2445
TGTACTGTGCCAAAGT-1,0,5,43,11630,2642
GGCCACAAGCGATGGC-1,0,4,44,11517,2444
GTCAATTGTACTGAAG-1,0,5,45,11403,2641
AGGGACAGCACGGCGG-1,0,4,46,11290,2443
AGCTTATAGAGACCTG-1,0,5,47,11176,2640
AACTAGCGTATCGCAC-1,0,4,48,11063,2442
AACTTTAGCTGCTGAG-1,0,5,49,10949,2639
CCCAAGACAGAGTATG-1,0,4,50,10836,2442
GGCATCAACGAGCACG-1,0,5,51,10722,2639
ATGCATTCCGTGATGG-1,0,4,52,10609,2441
TTATAGATGCACATTA-1,0,5,53,10495,2638
GAACCATCTGGGAGAC-1,0,4,54,10382,2440
TGCTATACAAACGGAC-1,0,5,55,10268,2637
ACTTGCCATATTGTAC-1,0,4,56,10156,2439
TATTCCGGCAGTCCTA-1,0,5,57,10041,2636
GACGGACCGCGTTCCT-1,0,4,58,9929,2438
ATGTGTAGTTTAGTCA-1,0,5,59,9814,2635
ATACCAGCAAATTGCT-1,0,4,60,9702,2437
AAGTTTACTAATGGCA-1,0,5,61,9587,2634
CTCTCGATGTGCGCCT-1,0,4,62,9475,2436
GATTGACACTCTGCTC-1,0,5,63,9361,2633
TATCACAGCACGGGCA-1,0,4,64,9248,2435
ACCGTTCCCGCTCTGA-1,0,5,65,9134,2632
CCGCCACCACAATCCA-1,0,4,66,9021,2435
CATTCACTGACAGCTA-1,0,5,67,8907,2632
CGGCTGCAAGATTAAG-1,0,4,68,8794,2434
CATGAACCTCTTATCA-1,0,5,69,8680,2631
TTAATGCGAGGTAACT-1,0,4,70,8567,2433
AATAAGTCCTCGAGAC-1,0,5,71,8453,2630
ACCAGCCCGGTCTTTG-1,0,4,72,8340,2432
CTACGAACTAGGTCGA-1,0,5,73,8226,2629
ACATCTCAACGCGTAA-1,0,4,74,8113,2431
CACTACTCAGTTCTGT-1,0,5,75,7999,2628
CCGACTCGCATAGTCT-1,0,4,76,7886,2430
CATTTATCGTTCAAGA-1,0,5,77,7772,2627
CAAACGTGGTCTTGCG-1,0,4,78,7659,2429
TAGAAACCACTAAGTA-1,0,5,79,7545,2626
ACTGATTTAGTGATTC-1,0,4,80,7433,2429
TCGTATTTCGTCCGGA-1,0,5,81,7318,2626
CGGAAATTTCACATCC-1,0,4,82,7206,2428
ATCCACGCTAAATGTT-1,0,5,83,7091,2625
GTTCAATCTATGTCAA-1,0,4,84,6979,2427
ATAAAGGTCAAGTACG-1,0,5,85,6864,2624
CAACTCCAACGTTTAG-1,0,4,86,6752,2426
TAGGAACAGCCTCCAG-1,0,5,87,6638,2623
ATGGGAACGGAAGCGG-1,0,4,88,6525,2425
CACACGTTTCAATGGG-1,1,5,89,6411,2622
GGTGTTCTGTTTCTAC-1,0,4,90,6298,2424
AGTAACGTTCATCCTG-1,1,5,91,6184,2621
GTATAGTGGCCCATGT-1,0,4,92,6071,2423
TCTACACGTTCATGCA-1,1,5,93,5957,2620
AATCTGGGTAGACCCT-1,1,4,94,5844,2423
TCGGTTAGCCATGTAG-1,1,5,95,5730,2620
TGCCATGGCTTATAAG-1,0,4,96,5617,2422
TAAGTAAATGTGCCGC-1,0,5,97,5503,2619
GTGTCCGATAAGGCAT-1,0,4,98,5390,2421
TGGCACGAGCTCGAGT-1,0,5,99,5276,2618
ACCGGTCTGAGTACGG-1,0,4,100,5163,2420
GAACTTAGCGCCCGGT-1,0,5,101,5049,2617
AGTAGCTAGACGCCGA-1,0,4,102,4936,2419
ATAGGAATCTAAGCTT-1,0,5,103,4822,2616
CTTCCTGCATATTTAC-1,0,4,104,4709,2418
CAATATGTAGATTTAC-1,0,5,105,4595,2615
ACAAGGCCTACCAGCC-1,0,4,106,4483,2417
TTATAGTCCAAGGTGC-1,0,5,107,4368,2614
AAACGCCCGAGATCGG-1,0,4,108,4256,2417
CCTCGTTACGCCTGTT-1,0,5,109,4141,2614
GAACGGTGTAAAGCAG-1,0,4,110,4029,2416
ACGCATAAATGACATG-1,0,5,111,3915,2613
GGTTCGATGCTGAGTT-1,0,4,112,3802,2415
CTTTGGCAGACAGAGT-1,0,5,113,3688,2612
TTCGTGGGCTGGAAGC-1,0,4,114,3575,2414
CAAAGGTTAAATTCAG-1,0,5,115,3461,2611
GTTTGGCGTCAGGCAC-1,0,4,116,3348,2413
GCTTTCTATCTCAACT-1,0,5,117,3234,2610
TGCATCTCCGGATCTT-1,0,4,118,3121,2412
CTGAAACGGCCCTCAG-1,0,5,119,3007,2609
TAGCAGTAAATACGCG-1,0,4,120,2894,2411
CGGGCTACTTAAATTG-1,0,5,121,2780,2608
ATTATGCTCAGTATTG-1,0,4,122,2667,2411
TGATGCTCACGTAGTC-1,0,5,123,2553,2607
GTCTAAGATGCCCAGC-1,0,4,124,2440,2410
AACCCGATAGGGCTTC-1,0,5,125,2326,2607
CGCTATCGTGGCTTTA-1,0,4,126,2213,2409
CGTCTCTCGCCGAGGC-1,0,5,127,2099,2606
AGTGGGAGTATACACG-1,0,6,0,16508,2858
GGTCTTGGTGTTAACT-1,0,7,1,16394,3055
GGCTGGCAGCTTTATG-1,0,6,2,16281,2857
CGCCAATTATTGCGTT-1,0,7,3,16167,3054
GGTAACCGGCAAAGGT-1,0,6,4,16054,2856
TGGGACCATTGGGAGT-1,0,7,5,15940,3053
CTGCAGGTGCTCGGCC-1,0,6,6,15827,2855
CCGGTGCGAGTGATAG-1,0,7,7,15713,3052
GGGTACACTCTGGAGG-1,0,6,8,15600,2854
TAGCCAGAGGGTCCGG-1,0,7,9,15486,3051
CTTGTGAGGACAGCGG-1,0,6,10,15373,2854
GAAGGGCATAACCATG-1,0,7,11,15259,3051
CAACATGGCCTGATAA-1,0,6,12,15146,2853
CAATTTGACCGGGAAG-1,0,7,13,15032,3050
TCTGACTGTAATGGTT-1,0,6,14,14919,2852
TTCATAGCCTTGTAAC-1,0,7,15,14805,3049
TGGAAACGGAGTGAAC-1,0,6,16,14692,2851
ATCGCACGATTGTTCA-1,0,7,17,14578,3048
CGCCACCCGCATTAAC-1,0,6,18,14465,2850
TGGACCACGGCGTTGA-1,0,7,19,14351,3047
GTATATGTTACGGCGG-1,0,6,20,14239,2849
GTATTCTTACCGTGCT-1,0,7,21,14124,3046
TTCAGAGTAACCTGAC-1,0,6,22,14012,2848
GCGGTAACCCAAATGA-1,0,7,23,13897,3045
CTACGTGTTGCCACCA-1,0,6,24,13785,2848
CTAGATAAACTCCTCG-1,0,7,25,13671,3045
TCCATTAGTTGGATAG-1,0,6,26,13558,2847
CTGGCTCCTGCGGGAT-1,0,7,27,13444,3044
CAGTCTCTCGGCTAAT-1,0,6,28,13331,2846
GTATGACGTGGGAAAC-1,0,7,29,13217,3043
AGTCACTCCGCCTCAT-1,0,6,30,13104,2845
GCAGCGGTGGGCATTA-1,0,7,31,12990,3042
TATGGAGTTTCTCGTT-1,0,6,32,12877,2844
ACTCAACGAATGTATT-1,0,7,33,12763,3041
AACACGCGGCCGCGAA-1,0,6,34,12650,2843
CGATATTAGCCGCAGG-1,0,7,35,12536,3040
AGCGTCTGAACCCGCA-1,0,6,36,12423,2842
GATGTCCGGATCACAT-1,0,7,37,12309,3039
GGTCACGTTAGATTCA-1,0,6,38,12196,2842
TTAAGGATACGGAGGT-1,0,7,39,12082,3039
GTGCGGGACCATCGGC-1,0,6,40,11969,2841
CCATCTTGTTCACAAT-1,0,7,41,11855,3038
TCCGAGAAGGCTAAGC-1,0,6,42,11742,2840
TGGCGGTGTGCGATTG-1,0,7,43,11628,3037
ATCCTGCTGCAGATAG-1,0,6,44,11516,2839
TTATGCGTCCCGGTCC-1,0,7,45,11401,3036
CATAATGAGCGGGCGA-1,0,6,46,11289,2838
AGACATAGATCCTTCC-1,0,7,47,11174,3035
GGTGAAACCGGGAATG-1,0,6,48,11062,2837
AACTGGTGTGGGCCTT-1,0,7,49,10947,3034
GTAGCGCTGTTGTAGT-1,0,6,50,10835,2836
TTGTTTGTGTAAATTC-1,0,7,51,10721,3033
GGATCAAAGGACGAGG-1,0,6,52,10608,2835
CGTAGCGCCGACGTTG-1,0,7,53,10494,3032
CAAGTGAACTTTGGTT-1,0,6,54,10381,2835
GTAGACAACCGATGAA-1,0,7,55,10267,3032
CAATGGTCGGCCTGGG-1,0,6,56,10154,2834
ACAGATTAGGTTAGTG-1,0,7,57,10040,3031
GTTATCACCTTCTGAA-1,0,6,58,9927,2833
TGGTATCGGTCTGTAT-1,0,7,59,9813,3030
GGAATAACCTCAAGAA-1,0,6,60,9700,2832
ATTATCTCGACAGATC-1,0,7,61,9586,3029
CCGAGGGATGTTAGGC-1,0,6,62,9473,2831
TGAGATCAAATACTCA-1,0,7,63,9359,3028
AAACGAAGAACATACC-1,0,6,64,9246,2830
CTGGTCCTAACTTGGC-1,0,7,65,9132,3027
TGCACGAGTCGGCAGC-1,0,6,66,9019,2829
ATAGTCTTTGACGTGC-1,0,7,67,8905,3026
TGGAGCTAAAGTTCCC-1,0,6,68,8793,2829
GGGTGGTCCAGCCTGT-1,0,7,69,8678,3026
CATGCATGGAGACCCT-1,0,6,70,8566,2828
ACACGGCACTATGCAT-1,0,7,71,8451,3025
CCCTGGTATGGGCGGC-1,0,6,72,8339,2827
GGAGGATTGAAAGGAG-1,0,7,73,8224,3024
CCGCTGGTGCCATTCA-1,0,6,74,8112,2826
GTTAGAGTGTGCCGCT-1,0,7,75,7998,3023
TCGGAATGACCATCAA-1,0,6,76,7885,2825
TTCAATTAGCCATAAT-1,0,7,77,7771,3022
GATGTGTTGTCACAAG-1,0,6,78,7658,2824
TCTTTCTCTTAAGGAG-1,0,7,79,7544,3021
ACCCTTTAGTTCTCCA-1,0,6,80,7431,2823
ACCACAACTCAGAACA-1,0,7,81,7317,3020
TATGATAAATCTAACG-1,0,6,82,7204,2823
GATCCTCTTGCGCTTA-1,0,7,83,7090,3020
TTCTACCTTTATGTTG-1,0,6,84,6977,2822
GAAATACCTGCTGGCT-1,0,7,85,6863,3019
ATTCTGAGTATGAACT-1,0,6,86,6750,2821
GGATTAAGCTAAGGTC-1,1,7,87,6636,3018
AGTACGTGGCCTGTCT-1,1,6,88,6523,2820
TCAGGGTGCACGAAAC-1,1,7,89,6409,3017
AAATTTACCGAAATCC-1,1,6,90,6296,2819
TTGAGGCATTTAACTC-1,1,7,91,6182,3016
AACCAGTATCACTCTT-1,1,6,92,6070,2818
CACCGGAGATATCTCC-1,1,7,93,5955,3015
GACTGGGCGCCGCAAC-1,1,6,94,5843,2817
CACGTCTATGATGTGG-1,1,7,95,5728,3014
TTAAGACGAACGAACC-1,1,6,96,5616,2817
TGACCAGCTTCAAAGT-1,1,7,97,5501,3014
AGAGTTAGAGACCGAT-1,0,6,98,5389,2816
TTCGGACTGATGCCTT-1,0,7,99,5275,3013
CTCGAATGGAACGTAT-1,0,6,100,5162,2815
GGACGGCTTGCGCAAC-1,0,7,101,5048,3012
CTAAGTACAGGGCTAC-1,0,6,102,4935,2814
ACAAATTCAGATCTGA-1,0,7,103,4821,3011
CATGGAAATGGGACCA-1,0,6,104,4708,2813
GGTGGACCACGTGTTA-1,0,7,105,4594,3010
CACGACGTAATAGTAA-1,0,6,106,4481,2812
CGGGTTCGGCACGTAT-1,0,7,107,4367,3009
CTGGGCTATCCTTTGG-1,0,6,108,4254,2811
GTATTAGGGTTCGCGT-1,0,7,109,4140,3008
TCATTCGTATAATTTG-1,0,6,110,4027,2811
AATAGCAAGCCTCCTG-1,0,7,111,3913,3007
CATCTACCCGAGAACG-1,0,6,112,3800,2810
GCTTCAGTGGGATTAC-1,0,7,113,3686,3007
TCTGTGATGGAGGTTG-1,0,6,114,3573,2809
ATCCACTTTCAGACTA-1,0,7,115,3459,3006
ATGGTTACGAAACATG-1,0,6,116,3346,2808
GGCCCAATCTAGAGGG-1,0,7,117,3232,3005
GATGGTGAAATAACCC-1,0,6,118,3120,2807
AGAGGGACAATTGTCC-1,0,7,119,3005,3004
CGCGTACATTCTGGAA-1,0,6,120,2893,2806
CAAGAAACCCTAAACT-1,0,7,121,2778,3003
TTGGTGCGGTGTTGAA-1,0,6,122,2666,2805
GGTTCCCTAGTGTCTC-1,0,7,123,2552,3002
CGATAACCAATTTGAG-1,0,6,124,2439,2804
GCCCACTGGTCCACAA-1,0,7,125,2325,3001
GAGGGCCGGCAGAGTC-1,0,6,126,2212,2804
CGACACGGATGCCCAC-1,0,7,127,2098,3001
CTGTCTGTGGCTGGCT-1,0,8,0,16506,3253
ATATTATCCCGTATTT-1,0,9,1,16392,3450
GCGCTGGCGGAAAGTC-1,0,8,2,16279,3252
ATCTAACGTCCCTATG-1,0,9,3,16165,3449
GTCAGACAGCGTTGGA-1,0,8,4,16052,3251
GCCAGGCTTAGTGGTA-1,0,9,5,15938,3448
ATTCAAAGTACCTGTT-1,0,8,6,15825,3250
TGGACGTAGGCGAATC-1,0,9,7,15711,3447
ACACATTGACGCAACA-1,0,8,8,15599,3249
GATATCAGTATGTATC-1,0,9,9,15484,3446
TGGGCCTTGCCTGCAT-1,0,8,10,15372,3248
CAAAGTCAGGTTAGCT-1,0,9,11,15257,3445
GGATCCCTACCAGCTA-1,0,8,12,15145,3248
ATCGTCCAATCGAGTC-1,0,9,13,15031,3445
ACATGGCTCAATTTAG-1,0,8,14,14918,3247
AGGCCCAGTGACTGGT-1,0,9,15,14804,3444
GCTTCCAGCTTAGATT-1,0,8,16,14691,3246
TGCTTGAAACCATGCA-1,0,9,17,14577,3443
CAATATTGGACTAGTG-1,0,8,18,14464,3245
CGTGCTGGCCTAGTCG-1,0,9,19,14350,3442
CCTGCGATAGAACTGT-1,0,8,20,14237,3244
GGGTAATGCTGTGTTT-1,0,9,21,14123,3441
AACGCGAACGGCAACA-1,0,8,22,14010,3243
TGTCGGCATGGTGGAA-1,0,9,23,13896,3440
AGCGTACGAGAGCTAG-1,0,8,24,13783,3242
ATACTCTCGCCACTCT-1,0,9,25,13669,3439
AATCCATGCAAGGGTG-1,0,8,26,13556,3242
TTAAACAGAGTCCCGC-1,0,9,27,13442,3439
CCACAGCTGAAATCAT-1,0,8,28,13329,3241
CGGTTCCGGCTTCTTG-1,0,9,29,13215,3438
GACGTGAGACTCCATG-1,0,8,30,13102,3240
TCGTTGGCTCGTCAAT-1,0,9,31,12988,3437
GGTGAACGGGCTAGCC-1,0,8,32,12876,3239
GCACTGTGCAAATGTA-1,0,9,33,12761,3436
ACGAGAACCCATCACG-1,0,8,34,12649,3238
CCAGCTACGCCTCATA-1,0,9,35,12534,3435
TCCCGGTCAGGAATTT-1,0,8,36,12422,3237
TCGCATTCAATGACTT-1,0,9,37,12308,3434
CTGGTTCAACGCATCA-1,0,8,38,12195,3236
GGTGATTTCATCTTGT-1,0,9,39,12081,3433
CACCCTTTCCTCGCTC-1,0,8,40,11968,3235
CAACTTGTAGTGGGCA-1,0,9,41,11854,3432
AATATCAAGGTCGGAT-1,0,8,42,11741,3235
ACTCAGACCTGCTTCT-1,0,9,43,11627,3432
TTGGAGTCTCCCTTCT-1,0,8,44,11514,3234
GGATACTCATGAATTG-1,0,9,45,11400,3431
TGGGCACAAACAGAAC-1,0,8,46,11287,3233
GAGCCACGGTAGTAGG-1,0,9,47,11173,3430
TCGATAGGCTAGTCGC-1,0,8,48,11060,3232
TAACCGCCCGCAGTGC-1,0,9,49,10946,3429
GCCTATTTGCTACACA-1,0,8,50,10833,3231
TTGACGATTCAGCACG-1,0,9,51,10719,3428
TTAAACCGGTAGCGAC-1,0,8,52,10606,3230
ACCGAAAGGGCCCTGC-1,0,9,53,10492,3427
ACGTTCCGCGCTCCGT-1,0,8,54,10379,3229
ATACCAGGCTAATAGA-1,0,9,55,10265,3426
CGGCTTTGTATGATAA-1,0,8,56,10153,3229
CTTGACCCGAAAGATA-1,0,9,57,10038,3426
CGCAGAAACATTTGCG-1,0,8,58,9926,3228
GACCCGTCGCCGGCTA-1,0,9,59,9811,3425
AATCGGGACACTACGA-1,0,8,60,9699,3227
GTCACAAAGTTTCCAA-1,0,9,61,9584,3424
TATATTCGCGTCGATA-1,0,8,62,9472,3226
CCTCCCGACAATCCCT-1,0,9,63,9358,3423
CGACATGCGATCTTCT-1,0,8,64,9245,3225
AACACGACTGTACTGA-1,0,9,65,9131,3422
CCCAACCACACTAACA-1,0,8,66,9018,3224
CACCGCCGACCAGCGA-1,0,9,67,8904,3421
TGGTATCGCATCCCAA-1,0,8,68,8791,3223
CAGAGTGATTTAACGT-1,0,9,69,8677,3420
AACCCTGGTGGAACCA-1,0,8,70,8564,3223
GTCAGTTGTGCTCGTT-1,0,9,71,8450,3420
ATTGACGTAACTCGGT-1,0,8,72,8337,3222
GATGTCGGTCAACTGC-1,0,9,73,8223,3419
AGGGCAGCGGCGTGGT-1,0,8,74,8110,3221
ACATCGTTAACCTAGT-1,0,9,75,7996,3418
TCCATTGTGACCTCGT-1,0,8,76,7883,3220
TGTTTAATACTTCATC-1,0,9,77,7769,3417
TTGCTGGCCGGGCTTC-1,0,8,78,7656,3219
CATATTATTTGCCCTA-1,0,9,79,7542,3416
CTGCCTAGCCACCAAG-1,0,8,80,7430,3218
ACGAGATATTTGCTTA-1,0,9,81,7315,3415
GACTACAATTGCTCGT-1,0,8,82,7203,3217
AACGTGATGAAGGACA-1,1,9,83,7088,3414
ACTCTCTTATACACGA-1,1,8,84,6976,3217
CGCATCATGGCTTCAG-1,1,9,85,6861,3414
CGGCTCTTCGTCGAAC-1,1,8,86,6749,3216
ATTCTTCGTACTTATG-1,1,9,87,6635,3413
AGTGAGGGTTTCTGAC-1,1,8,88,6522,3215
GCCAGGCGTTCGCATG-1,1,9,89,6408,3412
GACTAACACAGCACCT-1,1,8,90,6295,3214
CAATGGAATCTACATA-1,1,9,91,6181,3411
GTGGTCAGCGAAGTAT-1,1,8,92,6068,3213
ATGGCTGGAAATGGCC-1,1,9,93,5954,3410
ATCAGGTCGCCATTGC-1,1,8,94,5841,3212
TATCACCATGTAAAGT-1,1,9,95,5727,3409
AGCGCTTATGGGCAAG-1,1,8,96,5614,3211
AAGCGGCGTCATGGGT-1,1,9,97,5500,3408
ACTAATACGTCAGGCG-1,1,8,98,5387,3211
GGCTGAGCATCGTAAG-1,1,9,99,5273,3408
CGGTTGGGTTCAAGTT-1,0,8,100,5160,3210
GACTGATTGGTCACAA-1,0,9,101,5046,3407
AGACGGGCCGATTTAA-1,0,8,102,4933,3209
ACCAGTGCCCGGTCAA-1,0,9,103,4819,3406
GTCCTTTAATGACTTC-1,0,8,104,4706,3208
CCTACAAGTCCGGAAT-1,0,9,105,4592,3405
GCCTGCTACACTGAGA-1,0,8,106,4480,3207
GACTCGGTCGGCGGAT-1,0,9,107,4365,3404
CTAGACATATATGTAG-1,0,8,108,4253,3206
TCGCCCAACTGACTCC-1,0,9,109,4138,3403
AAACTAACGTGGCGAC-1,0,8,110,4026,3205
AACTGAGGTCAGCGTC-1,0,9,111,3912,3402
ACAATGATTCTTCTAC-1,0,8,112,3799,3204
ATAAGTACCCGATTGT-1,0,9,113,3685,3401
ATTGGGAGTTCTGTAA-1,0,8,114,3572,3204
CGAACATAGTCAGAAA-1,0,9,115,3458,3401
TAGCTCAGATCCTAGT-1,0,8,116,3345,3203
GTGTCGTATTCACCTT-1,0,9,117,3231,3400
CTCACCGATCCAAACT-1,0,8,118,3118,3202
ATATGTGCACAAACCA-1,0,9,119,3004,3399
CAGTCCAACGCCTTCT-1,0,8,120,2891,3201
TCGTCCGGGTACACTC-1,0,9,121,2777,3398
GCAGAAACGTAATCCA-1,0,8,122,2664,3200
TTCGAGCCGGCGCTAC-1,0,9,123,2550,3397
GGAAGATAAGACTGTA-1,0,8,124,2437,3199
ATAAGCAAACACCGAG-1,0,9,125,2323,3396
GCATAAATTGAACGCC-1,0,8,126,2210,3198
CGCCGGTGTCGCAGTA-1,0,9,127,2096,3395
GACCTGGTCTGGGCGT-1,0,10,0,16505,3648
AGCCGCTTGATTAGCG-1,0,11,1,16391,3845
CCCGGCTAGGTGAGAA-1,0,10,2,16278,3647
CGAGCCGAGCACTCGA-1,0,11,3,16164,3844
TAGTGCTTGAATCCTT-1,0,10,4,16051,3646
CAACCGCACCTAGACA-1,0,11,5,15937,3843
ACCACTGTTCAAGAAG-1,0,10,6,15824,3645
AGATGCTATAACGAGC-1,0,11,7,15710,3842
AATTACTCGTACGCTC-1,0,10,8,15597,3644
CGTCAATCTTTAACAT-1,0,11,9,15483,3841
CCAAAGCAGTTGGTTG-1,0,10,10,15370,3643
CCATATTGGATCATGA-1,0,11,11,15256,3840
CGTACCGAAAGTCTAG-1,0,10,12,15143,3642
CTCGAGATCCAAAGCA-1,0,11,13,15029,3839
TGGATAGAGTAACAGA-1,0,10,14,14916,3642
TCACAGATCCTCAAAC-1,0,11,15,14802,3839
AGAGCTACGAAAGCAT-1,0,10,16,14689,3641
TGCGTGATTGGGTGTC-1,0,11,17,14575,3838
CACATGTTTGGACATG-1,0,10,18,14462,3640
TTCGCATCCGGAAGCA-1,0,11,19,14348,3837
CCCTAGTGTCAGGTGT-1,0,10,20,14236,3639
TTACCGCCTTAGGGAA-1,0,11,21,14121,3836
CCAGTCCATTATTCGA-1,0,10,22,14009,3638
CGTAAACGCTTGAGTG-1,0,11,23,13894,3835
ATTCCTTCCAGGCGGT-1,0,10,24,13782,3637
TTCCTTTCTGTGTTGC-1,0,11,25,13668,3834
AGTTGACATCGGCTGG-1,0,10,26,13555,3636
AACTCGATGGCGCAGT-1,0,11,27,13441,3833
GATAAGGCAGATGCAA-1,0,10,28,13328,3636
GGCTGGCTAGCTTAAA-1,0,11,29,13214,3832
CCTCATGCAGCTACGA-1,0,10,30,13101,3635
GACGCCTGTTGCAGGG-1,0,11,31,12987,3832
TAATTAGATGGATATG-1,0,10,32,12874,3634
GAGGGCATCGCGTATC-1,0,11,33,12760,3831
CTTGTGAGTCTTTGAC-1,0,10,34,12647,3633
TCAACACATTGGGTAA-1,0,11,35,12533,3830
ACTGTATACGCGAGCA-1,0,10,36,12420,3632
GTGAAACGTGCTCCAC-1,0,11,37,12306,3829
CGAGTGCTATAGTTCG-1,0,10,38,12193,3631
GTACTGCATGAAGCGT-1,0,11,39,12079,3828
GTAACTTGCGGCAGTC-1,0,10,40,11966,3630
GAATCGCCGGACACGG-1,0,11,41,11852,3827
GGGAGTAATGGCTGGC-1,0,10,42,11739,3629
CATGAACCGACATTTG-1,0,11,43,11625,3826
TCTGTCATACAAGAGC-1,0,10,44,11513,3629
GTCGTCAATTATAAGG-1,0,11,45,11398,3826
TAAAGAGCCCGAAACC-1,0,10,46,11286,3628
GTACTGAGGTCGTAAC-1,0,11,47,11171,3825
AAAGACCCAAGTCGCG-1,0,10,48,11059,3627
CGTCAGTGCGCACAAG-1,0,11,49,10944,3824
TGTATCCTTATTCCAT-1,0,10,50,10832,3626
ATTCTCGTCTCTTTAG-1,0,11,51,10718,3823
AAAGTCACTGATGTAA-1,0,10,52,10605,3625
TGTCTACAGTTTCTGT-1,0,11,53,10491,3822
TTAACGTCGCAAGACC-1,0,10,54,10378,3624
CTATGTCTATTGAAAC-1,0,11,55,10264,3821
TCGGGTGAAACTGCTA-1,0,10,56,10151,3623
TGTCCCGACATAGCAC-1,0,11,57,10037,3820
ACAGCATAGAGCCAGT-1,0,10,58,9924,3623
ATATTCCCACAGGTCA-1,0,11,59,9810,3820
TTGGATCGACTTCTGG-1,0,10,60,9697,3622
CACCATCGGAGGAGAC-1,0,11,61,9583,3819
TCGTTCGTTATTATGT-1,0,10,62,9470,3621
CTTAACTTCGAAGTAC-1,0,11,63,9356,3818
GCACAAGTGTCGGAAG-1,0,10,64,9243,3620
TACCAGCTAGGTTTAA-1,0,11,65,9129,3817
ACGTACAGATTTCTCT-1,0,10,66,9016,3619
AATTTGGTTCCAAAGA-1,0,11,67,8902,3816
GTAAGGATTTGTCGGA-1,0,10,68,8790,3618
CATCATCTACCCGGAC-1,0,11,69,8675,3815
ACGATGGATCCGATGC-1,0,10,70,8563,3617
CACTCAGCTCTTGAGG-1,0,11,71,8448,3814
TAGATCCGAAGTCGCA-1,0,10,72,8336,3617
TGAAACTTATGCAAGC-1,0,11,73,8221,3814
GCGATTCTGGAAGCAG-1,0,10,74,8109,3616
CAAACTATTGAGCTTC-1,0,11,75,7995,3813
TAGAATTAAGGGCAAC-1,0,10,76,7882,3615
CGAAACATAGATGGCA-1,0,11,77,7768,3812
GATGGTGCCCTAGGCA-1,0,10,78,7655,3614
CCCGCAGGGCCCAAAG-1,0,11,79,7541,3811
ACAGCGCACCCGCAGC-1,0,10,80,7428,3613
GGTAAATGTGCGTTAC-1,1,11,81,7314,3810
GTCCTTCTAGTGGGTT-1,1,10,82,7201,3612
GGAAGCTCGCTTACAG-1,1,11,83,7087,3809
CACCGATACACCGAGC-1,1,10,84,6974,3611
CAGCCGGGCCCTCTAT-1,1,11,85,6860,3808
CGGAGCTTATAACACC-1,1,10,86,6747,3611
ATTACAACTACCGGCC-1,1,11,87,6633,3808
TCCTCTGGCCCATTAG-1,1,10,88,6520,3610
CGGCACCGTTAGCGCC-1,1,11,89,6406,3807
TCGGTCCCTGACTCCA-1,1,10,90,6293,3609
TGGTTGGAGGATCCTG-1,1,11,91,6179,3806
CTGCGGTAGTCACGTG-1,1,10,92,6067,3608
GTGCCTCAGTGTACGG-1,1,11,93,5952,3805
ATCGTTCACTTTCGCC-1,1,10,94,5840,3607
ACTTACCGGGCGCGCA-1,1,11,95,5725,3804
CTAGACTGCATTTCGT-1,1,10,96,5613,3606
TTGCCGGTGATCCCTC-1,1,11,97,5498,3803
CTGTCACGCCAGGCGC-1,1,10,98,5386,3605
CGGTATAGGTATTAGC-1,1,11,99,5272,3802
CCAACGCTTGCCAGGG-1,1,10,100,5159,3604
CGTTGAGTAATTGCGT-1,1,11,101,5045,3801
TGTATTTACCTAATGC-1,0,10,102,4932,3604
TAAATGCCGTCTCATG-1,0,11,103,4818,3801
CGGTTTATGAAGGAAC-1,0,10,104,4705,3603
GCAAGATGTGTTCGCG-1,0,11,105,4591,3800
AAAGGTAAGCTGTACC-1,0,10,106,4478,3602
GTACGTCACGTATTAA-1,0,11,107,4364,3799
AGTACCTTCGAGTGCT-1,0,10,108,4251,3601
ATTGTGACTTCGCTGC-1,0,11,109,4137,3798
TGTATCAGACTGAAGC-1,0,10,110,4024,3600
GAGACCCTGCAACGCC-1,0,11,111,3910,3797
TGGGTGGGATGTCATT-1,0,10,112,3797,3599
GGCTAATGATTGAAAT-1,0,11,113,3683,3796
ATAACGTTACCTCCAC-1,0,10,114,3570,3598
TGCGAGATGGCGGCCA-1,0,11,115,3456,3795
CACACTTGTATTGCGA-1,0,10,116,3343,3598
GCTGGTGACTCGTAGT-1,0,11,117,3229,3795
CGACACCGCTTAAGGA-1,0,10,118,3117,3597
GTAACAACTGACCTTG-1,0,11,119,3002,3794
CAACTGAGGGTATGAC-1,0,10,120,2890,3596
CTAATTATGAAGCGTA-1,0,11,121,2775,3793
CCGATCTTAAGAGGCT-1,0,10,122,2663,3595
CGACTCGGTACACGGT-1,0,11,123,2549,3792
TGCTGCGTCAGAGTTA-1,0,10,124,2436,3594
AGAGTTGCAGGCCTCC-1,0,11,125,2322,3791
ACTGGCGAACCTGCGT-1,0,10,126,2209,3593
ACTAAGGACGCACACC-1,0,11,127,2095,3790
CGTCCAGATGGCTCCA-1,0,12,0,16503,4042
ACTATCGCCGGCTAAA-1,0,13,1,16389,4239
GATAGCGTACCACGCG-1,0,12,2,16276,4042
AGGACTTATAGGAGAA-1,0,13,3,16162,4239
TAGTCGGGATTCTTCG-1,0,12,4,16049,4041
ACCATTAAGGGTGTCA-1,0,13,5,15935,4238
TTAATGTGTTTGCAGG-1,0,12,6,15822,4040
TCCGCAGCCACCTAGC-1,0,13,7,15708,4237
GAGGAGATCCTCATGC-1,0,12,8,15596,4039
GGTCCTTCATACGACT-1,0,13,9,15481,4236
CCCTGTTGGCAAAGAC-1,0,12,10,15369,4038
GTGCCTAGCTATGCTT-1,0,13,11,15254,4235
GTCATCTCCTACAGCT-1,0,12,12,15142,4037
GCGAGAAACGGGAGTT-1,0,13,13,15028,4234
CGTCGCGGCGGGATTT-1,0,12,14,14915,4036
CATTGTGTGCTAGATC-1,0,13,15,14801,4233
CGCGGCAGTATTACGG-1,0,12,16,14688,4036
GAAATGGGATGTAAAC-1,0,13,17,14574,4233
CATTCCCTAAGTACAA-1,0,12,18,14461,4035
AGTTCTGCGTTGTATC-1,0,13,19,14347,4232
ACCCTATAGGACTGAG-1,0,12,20,14234,4034
TTAGATAGGTCGATAC-1,0,13,21,14120,4231
ATTGATAGCAACGAGA-1,0,12,22,14007,4033
TCTCGGCTCCAGGACT-1,0,13,23,13893,4230
CTTGAGGTTATCCCGA-1,0,12,24,13780,4032
AAGAAGGATCAGTTAG-1,0,13,25,13666,4229
GTACGACGGCGCTGCG-1,0,12,26,13553,4031
CTTATGTTGACTACCA-1,0,13,27,13439,4228
CGGCACTCAAGAAAGT-1,0,12,28,13326,4030
GTCAAAGTTTACATAG-1,0,13,29,13212,4227
CTCCTAAGTTATGTCT-1,0,12,30,13099,4029
ACTGTGCTAGTAGATC-1,0,13,31,12985,4226
GTTTGGCCGCTCAGCG-1,0,12,32,12873,4029
TTATCCAATCGAACTC-1,0,13,33,12758,4226
CCGTACCCAAGCGCCA-1,0,12,34,12646,4028
CATACAAAGCCGAACC-1,0,13,35,12531,4225
GGTCGGTAATTAGACA-1,0,12,36,12419,4027
AGCGGGAAGGGTCCAT-1,0,13,37,12305,4224
GCCCACCAAGGCTGTC-1,0,12,38,12192,4026
GTAGACGTCGTTACAT-1,0,13,39,12078,4223
GAGCATCATCCCTGGG-1,0,12,40,11965,4025
AGGTAACCTCCTATTC-1,0,13,41,11851,4222
GGTTTGAGTGCTGGAA-1,0,12,42,11738,4024
GCACTAGTCGCGCTAT-1,0,13,43,11624,4221
GGTAACTATGTATCTG-1,0,12,44,11511,4023
GCGGTCCCTAGACGCA-1,0,13,45,11397,4220
CGAGCGTTGATCAGCC-1,0,12,46,11284,4023
AATCCAAGGGCCTGAG-1,0,13,47,11170,4220
CCGTGCCCATGACGGC-1,0,12,48,11057,4022
GAAATTCACATCGCTG-1,0,13,49,10943,4219
CTCTGCGAAGCAAGCA-1,0,12,50,10830,4021
AGTAGGTAACATACAT-1,0,13,51,10716,4218
ATTGGGAATATCTTGG-1,0,12,52,10603,4020
TAGAGCTACGAAGAAC-1,0,13,53,10489,4217
TGCGGCATAGTTCAAC-1,0,12,54,10376,4019
CCGCCGGTCAACACAC-1,0,13,55,10262,4216
TCGTATAGTGCAATTA-1,0,12,56,10150,4018
TAGTTTATTCTTGCTT-1,0,13,57,10035,4215
GATATCTCATGCAATA-1,0,12,58,9923,4017
CGTTTAAGCGGAGCAC-1,0,13,59,9808,4214
CATGCTGGCTCCAATT-1,0,12,60,9696,4017
GAAACAGCCATGCAGT-1,0,13,61,9581,4214
AGTTTCGCAGGTCGGA-1,0,12,62,9469,4016
CTCATGGCTCACAATC-1,0,13,63,9355,4213
AACCGTTGTGTTTGCT-1,0,12,64,9242,4015
ACCCTTCATCTGCGAA-1,0,13,65,9128,4212
TGCGGTGAAATTTCAT-1,0,12,66,9015,4014
CAAATTGTCAGCAAGC-1,0,13,67,8901,4211
GAGGTACATCCATCTT-1,0,12,68,8788,4013
AAATGGCATGTCTTGT-1,1,13,69,8674,4210
TCATCCCAGAGGGTGG-1,0,12,70,8561,4012
CGTAGCGAATTGTCAG-1,1,13,71,8447,4209
CCTAGTTAGTCGCATG-1,0,12,72,8334,4011
GAAACTCTAATGAAGG-1,1,13,73,8220,4208
TTGTATCACACAGAAT-1,0,12,74,8107,4011
TTCAAGCCGAGCTGAG-1,1,13,75,7993,4208
AGGTACGATATTGCCA-1,0,12,76,7880,4010
TTAAGCCGACAACTTC-1,1,13,77,7766,4207
GTCTTAGTACAGCCGG-1,1,12,78,7653,4009
TGGGTAAGGTTCCCGC-1,1,13,79,7539,4206
CTACGCCATTTCCGAT-1,1,12,80,7427,4008
GACCGTCAGGTCGTGA-1,1,13,81,7312,4205
TAGTTAAGATAGGATA-1,1,12,82,7200,4007
GAATATTCGGAGTCCC-1,1,13,83,7085,4204
CAAACTACGATAGAGA-1,1,12,84,6973,4006
CAGGAAGACTTTATAT-1,1,13,85,6858,4203
TTCGTAATCCCAGCGG-1,1,12,86,6746,4005
GTGAGGAGCGGTTGAG-1,1,13,87,6632,4202
CAATCCCTATACCAGC-1,1,12,88,6519,4004
AGGGAAACGAGGTACT-1,1,13,89,6405,4201
TCCTGCCAACTGGAGA-1,1,12,90,6292,4004
AATTTGGGACATAGTA-1,1,13,91,6178,4201
AACTCCTAATCCCATG-1,1,12,92,6065,4003
GCTCATTACTGCATGT-1,1,13,93,5951,4200
TCTCGAACGAGGTCAC-1,1,12,94,5838,4002
TCACTACGACCAATGC-1,1,13,95,5724,4199
GTGATGCACAACATCT-1,1,12,96,5611,4001
CCGACGTAAACACAAC-1,1,13,97,5497,4198
TGGGATGCACTCATTC-1,1,12,98,5384,4000
TTCCATCATGCGGTGA-1,1,13,99,5270,4197
TGCACAGTGAAGTTAT-1,1,12,100,5157,3999
CTATTGTGTTTGGTCA-1,1,13,101,5043,4196
TGCGAGCCCTTCCGCG-1,1,12,102,4930,3998
TTGAAAGGTGTAAAGG-1,1,13,103,4816,4195
GGTGCAGAGCCTATCG-1,0,12,104,4703,3998
ACTATATGCTGTGTTC-1,0,13,105,4589,4195
TCCTGGCGCTGCCTGG-1,0,12,106,4477,3997
GAGCCGAGCGTTTATT-1,0,13,107,4362,4194
AGAATGCGGGTTCGGA-1,0,12,108,4250,3996
ATGCGACAATTGGTCC-1,0,13,109,4135,4193
TTCCGGCTCGACTTCT-1,0,12,110,4023,3995
TGATTATGGCACGCAG-1,0,13,111,3909,4192
GGTTTGACAAGAAGCT-1,0,12,112,3796,3994
GCAGCTATGGACAGGT-1,0,13,113,3682,4191
CACCATGATCGCAAAG-1,0,12,114,3569,3993
GTCGGAAGGATACCAG-1,0,13,115,3455,4190
GGCCCAGTTATCAGCA-1,0,12,116,3342,3992
GGGCCTATTTAAGTAT-1,0,13,117,3228,4189
GTTGTTACATTGCGCT-1,0,12,118,3115,3992
CAACTCCGTAACTTGC-1,0,13,119,3001,4189
GATCTTTGCTCAAAGA-1,0,12,120,2888,3991
TCGCTTAATTACGAAG-1,0,13,121,2774,4188
CGATCATTAGAGGCAC-1,0,12,122,2661,3990
TGTTCTCTACTCCCTA-1,0,13,123,2547,4187
GCTTAGGGAAGCGGTA-1,0,12,124,2434,3989
CAGGTTTAGTACTACA-1,0,13,125,2320,4186
AAGCGGAGTGCGCGCA-1,0,12,126,2207,3988
TCAGATGGAGACGTAG-1,0,13,127,2093,4185
TCGCACTAACGTTTGT-1,0,14,0,16502,4437
CACGTCGGGTTCTAGA-1,0,15,1,16388,4634
GGAGTACACATGAGCT-1,0,14,2,16275,4436
GTGTGTCGACGTCGCT-1,0,15,3,16161,4633
GAAGCTCTTTGCTTAG-1,0,14,4,16048,4436
ACACCGAGCGCTCTTT-1,0,15,5,15934,4633
CGTAATAATTACGAGT-1,0,14,6,15821,4435
CATCAACACCTACTAA-1,0,15,7,15707,4632
CCAAGTTTCTACAGAT-1,0,14,8,15594,4434
ACGGGTCATGTGACTT-1,0,15,9,15480,4631
AGTGTGCTAAGATCGC-1,0,14,10,15367,4433
GGCGGTTTGCCGGTGC-1,0,15,11,15253,4630
GTATAATCTCCCGGAT-1,0,14,12,15140,4432
TAGTCCGTATGCATAA-1,0,15,13,15026,4629
CACTTCGTCTTATCTC-1,0,14,14,14913,4431
CATCCGCAGGCCCGAA-1,0,15,15,14799,4628
CCCTGATGTAACTCGT-1,0,14,16,14686,4430
CCATAGTCAGTAACCC-1,0,15,17,14572,4627
CGGGCCATAGCCGCAC-1,0,14,18,14459,4429
CTCCGGCTTGTAGACA-1,0,15,19,14345,4626
AACTTGCGTTCTCGCG-1,0,14,20,14233,4429
AATGAGTTCGCATATG-1,0,15,21,14118,4626
CGAGGCCAGGCATTGG-1,0,14,22,14006,4428
TCTGCGTCCGGTTTCT-1,0,15,23,13891,4625
CAATCCTGCCGTGGAG-1,0,14,24,13779,4427
CTGAGCAAGTAACAAG-1,0,15,25,13665,4624
GGGTACCCACGGTCCT-1,0,14,26,13552,4426
ACGGAATTTAGCAAAT-1,0,15,27,13438,4623
GGGCGGTCCTATTGTC-1,0,14,28,13325,4425
ATGTTACGAGCAATAC-1,0,15,29,13211,4622
AACCATGGGATCGCTA-1,0,14,30,13098,4424
TCGCATCCCTAAGTGT-1,0,15,31,12984,4621
ACTTAGTACGACAAGA-1,0,14,32,12871,4423
GAGCTCTCGGACCTAA-1,0,15,33,12757,4620
TCTATTACGCTGGCGA-1,0,14,34,12644,4423
AGATACGACTTCATAT-1,0,15,35,12530,4620
CGCTATACCGCCCACT-1,0,14,36,12417,4422
CAGTGTCCGCAGAATG-1,0,15,37,12303,4619
CCATCCATACCAAGTC-1,0,14,38,12190,4421
AACCCAGAGACGGAGA-1,0,15,39,12076,4618
GAAGAACGGTGCAGGT-1,0,14,40,11963,4420
GATAAATCGGTGGATG-1,0,15,41,11849,4617
CAGCTCGTGCTTGTGT-1,0,14,42,11736,4419
GAGTACGGGTATACAA-1,0,15,43,11622,4616
CATCGCCCGCGGCCAA-1,0,14,44,11510,4418
TCTTACAGAGGTACCG-1,0,15,45,11395,4615
TGGAAGACGAACACCA-1,0,14,46,11283,4417
GTTGTCGTGTTAGTTG-1,0,15,47,11168,4614
CCAAGGAACAGAGAGG-1,0,14,48,11056,4417
CTGCACCTGGAACCGC-1,0,15,49,10941,4614
CGCTTTCATACCGGTG-1,0,14,50,10829,4416
GTTCTTCCCTCGATGT-1,0,15,51,10715,4613
ATTTAACTCGTATTAC-1,0,14,52,10602,4415
AACGATAGAAGGGCCG-1,0,15,53,10488,4612
TATCCTGCATGGGAAT-1,0,14,54,10375,4414
AGGCCCATTGTACAGG-1,1,15,55,10261,4611
CCGGCGCATATTGGAT-1,1,14,56,10148,4413
ATCTGTAATTGTACCC-1,1,15,57,10034,4610
GAGCGAGGGAGTACCG-1,1,14,58,9921,4412
TTATTAGGGAAGCATC-1,1,15,59,9807,4609
CTTCTTACGTCGTATA-1,1,14,60,9694,4411
GAAGTGCTGGATAGCT-1,1,15,61,9580,4608
GTGCAACAAATGTGGC-1,1,14,62,9467,4411
CATGCGTTAGACAGAA-1,1,15,63,9353,4608
ACACACTTTCTACACG-1,1,14,64,9240,4410
AGCCCTAAGCGAAGTT-1,1,15,65,9126,4607
ATTAATTCGGTCACTC-1,1,14,66,9013,4409
AACAGGAAATCGAATA-1,1,15,67,8899,4606
ACGTTTAGTTGTGATC-1,1,14,68,8787,4408
TCCTTCAGTGGTCGAA-1,1,15,69,8672,4605
CGAACGCCCAGTGCCG-1,1,14,70,8560,4407
CCTCGAAGTGGACGGG-1,1,15,71,8445,4604
CTCTGTTTGAGGATTC-1,1,14,72,8333,4406
TGGGCACGTTCTATGG-1,1,15,73,8218,4603
ACTATTCGTCCGTGGT-1,1,14,74,8106,4405
CCTCTGGCCTAGACGG-1,1,15,75,7992,4602
CCATAAACAACCCGAC-1,1,14,76,7879,4405
CATAGTACATTGAGAG-1,1,15,77,7765,4601
ATTTCATTATTTCGCG-1,1,14,78,7652,4404
CAACTATATCGAATGC-1,1,15,79,7538,4601
CTAGTATTCGGAATTA-1,1,14,80,7425,4403
GTGGAACCTACATGCG-1,1,15,81,7311,4600
CCTAAAGGCTGACGCT-1,1,14,82,7198,4402
CGTGACATTGGGTCGT-1,1,15,83,7084,4599
CCAATCGGTAGATCGA-1,1,14,84,6971,4401
ATTGTCGCAATACCTT-1,1,15,85,6857,4598
AAATTACACGACTCTG-1,1,14,86,6744,4400
CACTCCTCTCGGTCGG-1,1,15,87,6630,4597
AAATAACCATACGGGA-1,1,14,88,6517,4399
AGTTACTCTATCGTGG-1,1,15,89,6403,4596
CGTTAGCTCACAACTG-1,1,14,90,6290,4398
GAATGTATGGCAGGTC-1,1,15,91,6176,4595
GCAACCACCAGACCGG-1,1,14,92,6064,4398
TCACTCGTGCAACGGC-1,1,15,93,5949,4595
AAACAGAGCGACTCCT-1,1,14,94,5837,4397
CAGCCTCTCCTCAAGA-1,1,15,95,5722,4594
TTGCGTGAACGCTTAG-1,1,14,96,5610,4396
CCGCCTGCGAATTGGT-1,1,15,97,5495,4593
AGATGAGGGTTGCGAT-1,1,14,98,5383,4395
CGGTGGGCTCCAGCCT-1,1,15,99,5269,4592
GGCAGCGGTAATCCTA-1,1,14,100,5156,4394
GCTAGCAGGGAGTGGG-1,1,15,101,5042,4591
CTCAAGACATTAGCGC-1,1,14,102,4929,4393
CACGGCGCGCCAAAGG-1,1,15,103,4815,4590
TGCAATTTGGGCACGG-1,0,14,104,4702,4392
ATGCCAATCGCTCTGC-1,0,15,105,4588,4589
GCTGGACCCAAAGTGG-1,0,14,106,4475,4392
ATTCCTAAGACGTGGA-1,0,15,107,4361,4589
TCCGGAGGAAGGGCTG-1,0,14,108,4248,4391
TCGGTGACCGCTCCGG-1,0,15,109,4134,4588
TCCGAAGTAGTCACCA-1,0,14,110,4021,4390
CATGTAGGAGCGCCAA-1,0,15,111,3907,4587
CACAAGAAAGATATTA-1,0,14,112,3794,4389
AGGGTCAGTAACCCTA-1,0,15,113,3680,4586
TAAGCCCTTACGACCA-1,0,14,114,3567,4388
ATACCGTCATCCATAA-1,0,15,115,3453,4585
GGACGTCCATAGTTGG-1,0,14,116,3340,4387
CATCAAACTGGCGCCC-1,0,15,117,3226,4584
AAACGTGTTCGCCCTA-1,0,14,118,3114,4386
AAATTGGTGAGAAGCA-1,0,15,119,2999,4583
GGTCATTGTAGTCATA-1,0,14,120,2887,4386
TGCAGTGAGGCTCGGG-1,0,15,121,2772,4583
GAACATTAGTATGTTA-1,0,14,122,2660,4385
GGTTTGCGAACACGTA-1,0,15,123,2546,4582
ACACAAATATTCCTAG-1,0,14,124,2433,4384
TTGGGTTTATTCAGCG-1,0,15,125,2319,4581
ATTCGCAGAGGACACT-1,0,14,126,2206,4383
GATTTAGTGCGTACTG-1,0,15,127,2092,4580
TAGAAACACAATAGTG-1,0,16,0,16500,4832
CAGTAGATGATGTCCG-1,0,17,1,16386,5029
TCTTAACTCGGATGTA-1,0,16,2,16273,4831
TACATCTTGTTTCTTG-1,0,17,3,16159,5028
TTCATAGGGTGTCCAT-1,0,16,4,16046,4830
TGAAGTAGCTTACGGA-1,0,17,5,15932,5027
GCACAAGTGGATCATA-1,0,16,6,15819,4829
GGGCGAATTTCTCCAC-1,0,17,7,15705,5026
ATGTTCCTGCCCACCT-1,0,16,8,15593,4829
GCTCAACCTCTTAGAG-1,0,17,9,15478,5026
ATAGCTGCTCTTGTTA-1,0,16,10,15366,4828
CGTCAGCTATTTACTC-1,0,17,11,15251,5025
ATCTGATAGTGTCTTA-1,0,16,12,15139,4827
TGCACTATGTGAGTGC-1,0,17,13,15025,5024
CCGACAAACACATGAG-1,0,16,14,14912,4826
GCCTTGTATATGCAGT-1,0,17,15,14798,5023
ATAATACCGTTAGCCG-1,0,16,16,14685,4825
ACACTCCAATGTCACT-1,0,17,17,14571,5022
AGTTGCTGACTGATAT-1,0,16,18,14458,4824
GGCGCTCCTCATCAAT-1,0,17,19,14344,5021
TGCCTGACATCGGTCA-1,0,16,20,14231,4823
TTGGCCATCTTGCGCT-1,0,17,21,14117,5020
CAGTGGTTGCACATGA-1,0,16,22,14004,4823
AGAATTGTTTGACATA-1,0,17,23,13890,5020
AAATGCTCGTTACGTT-1,0,16,24,13777,4822
CACCTAATAGAGTCGT-1,0,17,25,13663,5019
CATTTCTAGCAGACTA-1,0,16,26,13550,4821
CCGAAAGTGGTGAGCA-1,0,17,27,13436,5018
AGTCAGCCACCGCCTG-1,0,16,28,13323,4820
TCATCACTCGAGCTCG-1,0,17,29,13209,5017
CTCAGGACTCACCTGT-1,0,16,30,13096,4819
CGGTGTACTTGATCCC-1,0,17,31,12982,5016
CCTACGGCTCAGTCGA-1,0,16,32,12870,4818
GTACTTGGGCACTTCT-1,0,17,33,12755,5015
TGATTTCCTCCTGACG-1,0,16,34,12643,4817
CCTCACCAATCTTGAC-1,0,17,35,12528,5014
GGTGAGATGCAGATAA-1,0,16,36,12416,4817
GCTAGTTTCATTGAGG-1,0,17,37,12302,5014
AGGACATCGCACGTCG-1,0,16,38,12189,4816
GTGGACGTGCTGAGAC-1,0,17,39,12075,5013
TAAGGAACTTGTGGGA-1,0,16,40,11962,4815
TCGCTGTGCGTAAATC-1,0,17,41,11848,5012
GCATCCCTAACTTTGA-1,0,16,42,11735,4814
CACCCACACGTCACCC-1,0,17,43,11621,5011
CCCTCATTCTGGAATT-1,0,16,44,11508,4813
AGGGCGTGATCGGCTA-1,0,17,45,11394,5010
GGTGCGGATAAGTGGC-1,0,16,46,11281,4812
TAATATTGAAATTCGC-1,0,17,47,11167,5009
CTTACACTGGGAAATA-1,0,16,48,11054,4811
ACCAAGAACGCGTGTC-1,0,17,49,10940,5008
GCCTTCAGCCCTACCG-1,0,16,50,10827,4811
GATGCTACAAGCGCCT-1,1,17,51,10713,5008
CCGGGACCCGCAGAGA-1,1,16,52,10600,4810
GTTCCAGTCTGACCAT-1,1,17,53,10486,5007
ATGATCGGGAATAGAC-1,1,16,54,10373,4809
TTGGATTGGGTACCAC-1,1,17,55,10259,5006
TACCTCACGCTTGTAC-1,1,16,56,10147,4808
CATGGCAGGAAGATCG-1,1,17,57,10032,5005
ATGACGCCGGCTCTAA-1,1,16,58,9920,4807
AGCGACATCCCATTCA-1,1,17,59,9805,5004
AGTAATGTCTTGCCGC-1,1,16,60,9693,4806
TTCTTAGTGGCTCAGA-1,1,17,61,9578,5003
CGTCTGGAAGGGCCCG-1,1,16,62,9466,4805
ACGTGCGCCTCGTGCA-1,1,17,63,9352,5002
AGAGCGGGCTAATCAT-1,1,16,64,9239,4805
GCGTCGAAATGTCGGT-1,1,17,65,9125,5001
AACTGATATTAGGCCT-1,1,16,66,9012,4804
CGAGCTGGGCTTTAGG-1,1,17,67,8898,5001
GGGTGTTTCAGCTATG-1,1,16,68,8785,4803
TTAATTTCAGACGCGG-1,1,17,69,8671,5000
ACTGCCGTCGTAACTC-1,1,16,70,8558,4802
GTGCACGAAAGTGACT-1,1,17,71,8444,4999
ATCTCCCTGCAATCTA-1,1,16,72,8331,4801
ACGCCAGATGATTTCT-1,1,17,73,8217,4998
AGCTATTTAATCCAAC-1,1,16,74,8104,4800
CCACGAGAAGAGAATC-1,1,17,75,7990,4997
GATTCCGCGTTTCCGT-1,1,16,76,7877,4799
GTCGGATGTAGCGCGC-1,1,17,77,7763,4996
TATTTATACCGAGTAG-1,1,16,78,7650,4798
GTAGGTGATCCGTGTA-1,1,17,79,7536,4995
AGTTAAGCGGTCCCGG-1,1,16,80,7424,4798
CTGGCGACATAAGTCC-1,1,17,81,7309,4995
TTGGCCTAGAATTTCG-1,1,16,82,7197,4797
GGCATATCGGTTCTGC-1,1,17,83,7082,4994
GGGCGTCCACTGGCTC-1,1,16,84,6970,4796
TTACCCATTGCCGGGT-1,1,17,85,6855,4993
TTAGACACGATCGTTG-1,1,16,86,6743,4795
GCGCTGATCCAGACTC-1,1,17,87,6629,4992
TTCGGCAACCCGCTGA-1,1,16,88,6516,4794
GATATTTCCTACATGG-1,1,17,89,6402,4991
CTGCGTTACGATATAA-1,1,16,90,6289,4793
TAATAAACAAGGAGAT-1,1,17,91,6175,4990
AACCTTTACGACGTCT-1,1,16,92,6062,4792
AGTCCCGCCTTTAATT-1,1,17,93,5948,4989
TGAGATTAGGCCCTAA-1,1,16,94,5835,4792
AGTGTATTGCGCATTG-1,1,17,95,5721,4989
GTTGGATTCAGTGGCT-1,1,16,96,5608,4791
TAAAGCTGCAATAGGG-1,1,17,97,5494,4988
AGTAGGAAGGAAGTTG-1,1,16,98,5381,4790
TATCACTTCGAGTAAC-1,1,17,99,5267,4987
TGATCTACGCTGATCT-1,1,16,100,5154,4789
GGATCATCCCGTACGC-1,1,17,101,5040,4986
TGACACTTCTCTTTGC-1,1,16,102,4927,4788
AGCCCTTCTAATCCGA-1,1,17,103,4813,4985
CACCGCGTCCACTCTA-1,1,16,104,4700,4787
TAATTGGAATCGGGAA-1,0,17,105,4586,4984
TCGTAAGCTCCGAGGA-1,0,16,106,4474,4786
TATATTACAAATGTCG-1,0,17,107,4359,4983
CGCGAGAGGGACTTGT-1,0,16,108,4247,4786
GGACCTACGGTAACGT-1,0,17,109,4132,4983
GAAATATGCTTGAATG-1,0,16,110,4020,4785
CCGTATTAGCGCAGTT-1,0,17,111,3906,4982
AGGCGTCTATGGACGG-1,0,16,112,3793,4784
AACATCGATACGTCTA-1,0,17,113,3679,4981
TGAATATGCTATAAAC-1,0,16,114,3566,4783
ACCAAACACCCAGCGA-1,0,17,115,3452,4980
TGGCTTGTACAAGCTT-1,0,16,116,3339,4782
GAATGAAGGTCTTCAG-1,0,17,117,3225,4979
AGATACCAGCACTTCA-1,0,16,118,3112,4781
GCGGTCCCGGTGAAGG-1,0,17,119,2998,4978
GAGGCATTTGCAGCAG-1,0,16,120,2885,4780
GGCAAGCCAGGGATAG-1,0,17,121,2771,4977
TCTACGGGCTCAGTTG-1,0,16,122,2658,4780
TCTGCGAATCGTTCGC-1,0,17,123,2544,4977
AGCTCGTTGATGGAAA-1,0,16,124,2431,4779
TGAATGAGATACAGCA-1,0,17,125,2317,4976
ACCCTTGCCTGGGTCG-1,0,16,126,2204,4778
GGCGAACCGTTCTGAT-1,0,17,127,2090,4975
GCGATGTCTGTGCTTG-1,0,18,0,16499,5227
ATTAACACCTGAGATA-1,0,19,1,16385,5424
GAAATCTGACCAAGTT-1,0,18,2,16272,5226
CCTGACAAACTCGCGC-1,0,19,3,16158,5423
ATGTCATTTCCCATTG-1,0,18,4,16045,5225
GCGGTGCGGAGCATCG-1,0,19,5,15931,5422
CGGAAAGCAAATGTGC-1,0,18,6,15818,5224
GCTGAGCAACGGTTCT-1,0,19,7,15704,5421
TCACTCTTCGTCTGTC-1,0,18,8,15591,5223
GATCTTCATTGTCCTC-1,0,19,9,15477,5420
ACTCGATGTATTTCAT-1,0,18,10,15364,5223
TGAAGAGCGGTCCTAG-1,0,19,11,15250,5420
TAAACGTCGTCAATGA-1,0,18,12,15137,5222
ACGTTATTGGTCACTC-1,0,19,13,15023,5419
ATAGCCTCAGTACCCA-1,0,18,14,14910,5221
CGGGAGTATACCGCCG-1,0,19,15,14796,5418
GTCCTACAGGCGGCTC-1,0,18,16,14683,5220
CGGATAAGCGGACATG-1,0,19,17,14569,5417
AACTTCTGCGTCTATC-1,0,18,18,14456,5219
GGGTTCAGACGAACAA-1,0,19,19,14342,5416
AGTCTGGACATCCTTG-1,0,18,20,14230,5218
TTGAACGAATCCTTTG-1,0,19,21,14115,5415
GAAATACTAAACGTTT-1,0,18,22,14003,5217
CCCGCGCAATGCACCC-1,0,19,23,13888,5414
TTCGGCTAGAGATGGT-1,0,18,24,13776,5217
GACACGAGTTAGAGGA-1,0,19,25,13662,5414
GAGGTCCCAAAGATCT-1,0,18,26,13549,5216
TAACTCCATGGAGGCT-1,0,19,27,13435,5413
CTTGTTTATGTAGCCA-1,0,18,28,13322,5215
GATGGCGCACACATTA-1,0,19,29,13208,5412
ATAATAGTGTAGGGAC-1,0,18,30,13095,5214
CGCTATTCAATGTATG-1,0,19,31,12981,5411
ATATTGCTGTCAAAGT-1,0,18,32,12868,5213
GGATTCAGTACGGTGG-1,0,19,33,12754,5410
TTCTTAGTGAACGGTG-1,0,18,34,12641,5212
AATGGTTCTCACAAGC-1,0,19,35,12527,5409
TATACACGCAAAGTAT-1,0,18,36,12414,5211
CTTCATAGCTCAAGAA-1,0,19,37,12300,5408
CAACGGTTCTTGATAC-1,0,18,38,12187,5211
ACACCCGAGAAATCCG-1,0,19,39,12073,5408
TCTATCATGCAGTTAC-1,0,18,40,11960,5210
CCCGCCATGCTCCCGT-1,0,19,41,11846,5407
CGCTTCCACTGAAATC-1,0,18,42,11733,5209
CACTGTCCAAGTGAGA-1,0,19,43,11619,5406
ATTACTAGCCTCTTGC-1,0,18,44,11507,5208
CATAGTAGCATAGTAG-1,0,19,45,11392,5405
CAACTCCTTGATCCCG-1,0,18,46,11280,5207
AAGTAGAAGACCGGGT-1,0,19,47,11165,5404
GCGGGAACCAGGCCCT-1,0,18,48,11053,5206
ATTAGATTGATAGCGG-1,0,19,49,10938,5403
CTCGGTCCGTAGCCTG-1,1,18,50,10826,5205
TGGCTTTGGGTAGACA-1,1,19,51,10712,5402
TATCCATATCATGCGA-1,1,18,52,10599,5205
GGAGTGCCGCCCTGGA-1,1,19,53,10485,5402
TGAGAATGCTTTACCG-1,1,18,54,10372,5204
TTAACCAACCCTCCCT-1,1,19,55,10258,5401
TGTTTCGGTACTTCTC-1,1,18,56,10145,5203
TTGCTGAAGGAACCAC-1,1,19,57,10031,5400
TATTTAGTCTAGATCG-1,1,18,58,9918,5202
CTCCGGCCTAATATGC-1,1,19,59,9804,5399
TTGTGGCCCTGACAGT-1,1,18,60,9691,5201
TCGCCGGTCGATCCGT-1,1,19,61,9577,5398
CCATAGGTTGGCGTGG-1,1,18,62,9464,5200
GAACGACCGAATGATA-1,1,19,63,9350,5397
TCCGATAATTGCCATA-1,1,18,64,9237,5199
CATTACGTCGGCCCGT-1,1,19,65,9123,5396
CAAGCACCAAATGCCT-1,1,18,66,9010,5198
TGCATGGATCGGATCT-1,1,19,67,8896,5395
GAAATCGCGCGCAACT-1,1,18,68,8784,5198
CTGAAAGAGATCCGAC-1,1,19,69,8669,5395
CACCTCGATGGTGGAC-1,1,18,70,8557,5197
ATTTGTTCCAGGGCTC-1,1,19,71,8442,5394
TGGGCCACAAGAGCGC-1,1,18,72,8330,5196
CCTTCTTGATCCAGTG-1,1,19,73,8215,5393
CCTCGCCAGCAAATTA-1,1,18,74,8103,5195
TTCATGGCGCAACAGG-1,1,19,75,7989,5392
TTAATCAGTACGTCAG-1,1,18,76,7876,5194
CCTATCTATATCGGAA-1,1,19,77,7762,5391
ATTATACTTTGCTCGT-1,1,18,78,7649,5193
ATGGATCCGGCGTCCG-1,1,19,79,7535,5390
CGCCCGCTTCCGTACA-1,1,18,80,7422,5192
GGATTCCGCTATACCC-1,1,19,81,7308,5389
CGGTCTATCAACCCGT-1,1,18,82,7195,5192
ATGCCGGTTGATGGGA-1,1,19,83,7081,5389
TCATGCAGGTTCTCAT-1,1,18,84,6968,5191
TGAGCTTTAATGACGC-1,1,19,85,6854,5388
TCCCTTAGATTACTCG-1,1,18,86,6741,5190
ATATCTCCCTCGTTAA-1,1,19,87,6627,5387
AGCTCTTCCCAGTGCA-1,1,18,88,6514,5189
TCGCTAAACCGCTATC-1,1,19,89,6400,5386
CACATTCTTTCGATGG-1,1,18,90,6287,5188
GATATGCGGTAGCCAA-1,1,19,91,6173,5385
CGTTTCACTTCGGGCG-1,1,18,92,6061,5187
CCAATTACGGGTCGAG-1,1,19,93,5946,5384
GCAGGTAGAGTATGGT-1,1,18,94,5834,5186
GTCGTATTGGCGTACA-1,1,19,95,5719,5383
GAAATTAGCACGGATA-1,1,18,96,5607,5186
AATGCACCAAGCAATG-1,1,19,97,5492,5383
AGGACGCTCGATGTTG-1,1,18,98,5380,5185
GGCTAAAGGGCGGGTC-1,1,19,99,5266,5382
CATCTATCCCGTGTCT-1,1,18,100,5153,5184
CAGTAACTATTTATTG-1,1,19,101,5039,5381
CATATACTACTGATAA-1,1,18,102,4926,5183
GCGTTCGGAGACCGGG-1,1,19,103,4812,5380
AAGTTCAGTCTGCGTA-1,1,18,104,4699,5182
CGAAGCTATAAATTCA-1,0,19,105,4585,5379
CGCGGTCACAAACCAA-1,0,18,106,4472,5181
GGGAATGAGCCCTCAC-1,0,19,107,4358,5378
ACGGAGCGCAAATTAC-1,0,18,108,4245,5180
CGTTCTTCGCACACCT-1,0,19,109,4131,5377
GAATAGCCCTGCGGTC-1,0,18,110,4018,5180
AATAGCTACCGCGTGC-1,0,19,111,3904,5377
CCGAGCTGTGCTTGTC-1,0,18,112,3791,5179
GATGACGATGATCGCG-1,0,19,113,3677,5376
GCCTATGCTGGGCCTT-1,0,18,114,3564,5178
TTACTGTCTAGAGCTC-1,0,19,115,3450,5375
AGCGGTTGCCGCTCTG-1,0,18,116,3337,5177
GCTTGCAGCACAATTG-1,0,19,117,3223,5374
CCGGAGGTCTTATGGT-1,0,18,118,3111,5176
ACAGTATACCGTGGGA-1,0,19,119,2996,5373
GGGATCCCAATACAAA-1,0,18,120,2884,5175
ATTACGACTCCACAGT-1,0,19,121,2769,5372
CTCACACGCAAGCCTA-1,0,18,122,2657,5174
CCAGATGTAAATGGGT-1,0,19,123,2543,5371
GAACTTGTGCACGGGA-1,0,18,124,2430,5174
AAGCCGCTTTACCTTG-1,0,19,125,2316,5370
TCCATTCCCACTAGAG-1,0,18,126,2203,5173
AGAGCGCTTGTAACGG-1,0,19,127,2089,5370
TGGGTTCCCGGACGGA-1,0,20,0,16497,5622
GCTGCGCCTCCCACGT-1,0,21,1,16383,5819
CTGTTGGCTCTTCTGA-1,0,20,2,16270,5621
TTGTTCTAGATACGCT-1,0,21,3,16156,5818
CCCTCAAGCTCTTAGT-1,0,20,4,16043,5620
TGGTCTAGCTTACATG-1,0,21,5,15929,5817
ATGCACCTTCCTTAAT-1,0,20,6,15816,5619
GGGATACGGTAATAAT-1,0,21,7,15702,5816
AGTTCACCGGTTGGAC-1,0,20,8,15590,5618
GACATACTGTCGCAGA-1,0,21,9,15475,5815
TGGACACCGTTGCTTG-1,0,20,10,15363,5617
TGCGATGCTAATGGCT-1,0,21,11,15248,5814
TTCTGTTTCCTGTCGC-1,0,20,12,15136,5617
CGTTGTAAACGTCAGG-1,0,21,13,15022,5814
GATCGGCGATAAGTCG-1,0,20,14,14909,5616
AGCCTTAAAGCGGAAG-1,0,21,15,14795,5813
TCCGTAACCACAATCC-1,0,20,16,14682,5615
GAATGCCGAAATGACC-1,0,21,17,14568,5812
TATACTCATGCGGCAA-1,0,20,18,14455,5614
TAGTGTCAGAAACGGC-1,0,21,19,14341,5811
CGTCATACCATATCCA-1,0,20,20,14228,5613
TAGTACCTTAGTGGTC-1,0,21,21,14114,5810
CTGGCGGGAATAAGTA-1,0,20,22,14001,5612
AGTGTGGTCTATTGTG-1,0,21,23,13887,5809
GCTATCGCGGCGCAAC-1,0,20,24,13774,5611
CAGTAATCCCTCCCAG-1,0,21,25,13660,5808
GTATTAAGGCGTCTAA-1,0,20,26,13547,5611
CTAATTTCAACAACAC-1,0,21,27,13433,5808
TTAGCAACATGGATGT-1,0,20,28,13320,5610
ATGCTCAGTGTTGCAT-1,0,21,29,13206,5807
GATGTTTGTGCGAGAT-1,0,20,30,13093,5609
CACTTCGCCACAGGCT-1,0,21,31,12979,5806
CTGTATGGTGTAGAAA-1,0,20,32,12867,5608
TACGTGCACTATGCTG-1,0,21,33,12752,5805
GTATCAGCTTGGGTTC-1,0,20,34,12640,5607
TAACAAAGGGAGAAGC-1,0,21,35,12525,5804
TTACATCGTGGCCTGG-1,0,20,36,12413,5606
TCTGAACCGGTCGGCT-1,0,21,37,12299,5803
GGCTCGTGCCACCAGC-1,0,20,38,12186,5605
TATAAGTGAGGATAGC-1,0,21,39,12072,5802
GCCCGCGCGTTTGACA-1,0,20,40,11959,5605
TGCTGGTTGGACAATT-1,0,21,41,11845,5802
GCCTAGCGATCTGACC-1,0,20,42,11732,5604
CCATGCTCTGCAGGAA-1,0,21,43,11618,5801
TATAAATCCACAAGCT-1,0,20,44,11505,5603
CGCTCGACATAATGAT-1,0,21,45,11391,5800
CCAATTGAATGTTAAT-1,0,20,46,11278,5602
GCTAATACCGAATGCC-1,0,21,47,11164,5799
TTCAACGACCCGACCG-1,0,20,48,11051,5601
TTCCTCGAGGGTGTCT-1,1,21,49,10937,5798
CAACGACCCGTTTACA-1,1,20,50,10824,5600
CTTGTACTTGTTGACT-1,1,21,51,10710,5797
TCTCTAATAGCTGGTA-1,1,20,52,10597,5599
ATTATGCCATAGGGAG-1,1,21,53,10483,5796
GACAACGCAGCTTACG-1,1,20,54,10370,5598
AGATGACTCGCCCACG-1,1,21,55,10256,5795
GTGCGGGTCTCCAAAT-1,1,20,56,10144,5598
GTACGAGATTGCGACA-1,0,21,57,10029,5795
GTATAGGACTCAGTAG-1,1,20,58,9917,5597
TTGCACGGAGCAGCAC-1,0,21,59,9802,5794
CACAGCTAGGGAGTGA-1,1,20,60,9690,5596
ATACTAGCATGACCCT-1,1,21,61,9575,5793
CCAAGACTTCTGCGAA-1,1,20,62,9463,5595
ACATAATAAGGCGGTG-1,1,21,63,9349,5792
TAATACACAGTAGTAT-1,1,20,64,9236,5594
TCTTGGTAACACCAAA-1,1,21,65,9122,5791
AACTGGGTCCCGACGT-1,1,20,66,9009,5593
ATCACTTCATCCTCGC-1,1,21,67,8895,5790
TGGAAGGATAAAGATG-1,1,20,68,8782,5592
CATGATGCACAATTCT-1,1,21,69,8668,5789
TGCCTGATCAAACGAT-1,1,20,70,8555,5592
ATAGGGATATCCTTGA-1,1,21,71,8441,5789
CACCTAATCAGTTTAC-1,1,20,72,8328,5591
TGTGACTACGCCAGTC-1,1,21,73,8214,5788
CCCGACCATAGTCCGC-1,1,20,74,8101,5590
CGCGCCCGACTTAATA-1,1,21,75,7987,5787
TGCCACCTGGCGAAAC-1,1,20,76,7874,5589
CTGCCAAGGTTGGAAG-1,1,21,77,7760,5786
TCTCCAACGTAGGTTA-1,1,20,78,7647,5588
TTCTTGGAGTAATGAG-1,1,21,79,7533,5785
GTCTCGATCTGCTTTC-1,1,20,80,7421,5587
TACTCTCCGAACAAAT-1,1,21,81,7306,5784
ATCACATTAGAATATC-1,1,20,82,7194,5586
TACGGGATGCTAGCAG-1,1,21,83,7079,5783
AGCTGAAGTAAACCAA-1,1,20,84,6967,5586
CATGGGTCGGGTGTGG-1,1,21,85,6852,5783
CACCCACGAGGCAATT-1,1,20,86,6740,5585
TGCCATTACTAAAGAA-1,1,21,87,6626,5782
CCGTTACGTTAGAACA-1,1,20,88,6513,5584
GCCAGGAGTAACCGAT-1,1,21,89,6399,5781
GGAAAGTGCCCATGCC-1,1,20,90,6286,5583
TCTTACCGGAACTCGT-1,1,21,91,6172,5780
TATGTCAAGACCGACT-1,1,20,92,6059,5582
CCTAACTAAGGCTCTA-1,1,21,93,5945,5779
GCGGTGAACTGCGCTC-1,1,20,94,5832,5581
CCTCGCGCGATATAGG-1,1,21,95,5718,5778
ATCGGCAAGCAGTCCA-1,1,20,96,5605,5580
AGATCGTGCATAAGAT-1,1,21,97,5491,5777
ATTCAGGACCTATTTC-1,1,20,98,5378,5580
AGCTAGAAGCAGAAGT-1,1,21,99,5264,5777
TTCGCTATCTGACGTG-1,1,20,100,5151,5579
TTCCGCAGAGAAATAT-1,1,21,101,5037,5776
CAGTACATTCTCTAAA-1,1,20,102,4924,5578
GTGAAGATTTCAAGTG-1,1,21,103,4810,5775
AACGCATGATCTGGGT-1,1,20,104,4697,5577
CCCAGAGGAGGGCGTA-1,1,21,105,4583,5774
GGAAACCTTGTTGAAT-1,0,20,106,4471,5576
GTGAAGCCGTATAGTC-1,0,21,107,4356,5773
GAGCTGTCGTCTCGGA-1,0,20,108,4244,5575
TGTCATTTGTTGGGAA-1,0,21,109,4129,5772
ACCAACACCACACACT-1,0,20,110,4017,5574
AAATGATTCGATCAGC-1,0,21,111,3903,5771
CTGCTTTATGTCCGCG-1,0,20,112,3790,5574
GCGAGAGGCCATGTAA-1,0,21,113,3676,5770
ATTGACCGGCGATGAC-1,0,20,114,3563,5573
ACCCTGGTAACGCCCT-1,0,21,115,3449,5770
GTTGGACCGCATCAGG-1,0,20,116,3336,5572
CGTTTACAAGGCAGCT-1,0,21,117,3222,5769
CGGTCCATGAGACTCC-1,0,20,118,3109,5571
GTTCGTCTGGGTCCCT-1,0,21,119,2995,5768
TGTACTACTCTCACGG-1,0,20,120,2882,5570
AGTGAAGATGGTGTCC-1,0,21,121,2768,5767
GAGGGCCATAATATTA-1,0,20,122,2655,5569
ACTCCCGTAGACTAGG-1,0,21,123,2541,5766
CGTCAAATGGTCGCAG-1,0,20,124,2428,5568
AAGTCTAGTAGCTGCC-1,0,21,125,2314,5765
AAGAAATCACCAGATT-1,0,20,126,2201,5567
GAGTGCACGGACAACA-1,0,21,127,2087,5764
GTTCAAATCAGATGTC-1,0,22,0,16496,6017
CATGGCTCCCTATGTC-1,0,23,1,16382,6214
GGCCACACGAAAGCCT-1,0,22,2,16269,6016
GAAGCCGGGTAAGCTC-1,0,23,3,16155,6213
TTGCGCTCTCTCGCTT-1,0,22,4,16042,6015
TACATGACCTTATCCG-1,0,23,5,15928,6212
GTCCTTCTACAACCCA-1,0,22,6,15815,6014
TATATGCTGGGTTGCC-1,0,23,7,15701,6211
GTTTATGGGATTTAGA-1,0,22,8,15588,6013
GGAACCCGAACAAGAA-1,0,23,9,15474,6210
AACGTTATCAGCACCT-1,0,22,10,15361,6012
CATCGTCCGGTTACTA-1,0,23,11,15247,6209
AGACAGCTCAGAATCC-1,0,22,12,15134,6011
GCAGATCCTCGCAAAT-1,0,23,13,15020,6208
GGGTCATGCGTACCAT-1,0,22,14,14907,6011
CTGGTCATTCCAATCC-1,0,23,15,14793,6208
TCAGGGCGCAAACTCG-1,0,22,16,14680,6010
GATGCCAGCAGAAGGC-1,0,23,17,14566,6207
GTTATTAACGTGGGAG-1,0,22,18,14453,6009
AATACAATGTTTCAGG-1,0,23,19,14339,6206
TTGCTGCACCTATCCA-1,0,22,20,14227,6008
CCAGAGACAAAGCCGG-1,0,23,21,14112,6205
CCGAAGTATATTGTTC-1,0,22,22,14000,6007
GCTAAACCTGAGGTGA-1,0,23,23,13885,6204
TCATACTTACAGATCC-1,0,22,24,13773,6006
CGAGCACTTCAAGTTT-1,0,23,25,13659,6203
TAGCAACCTGTCACAA-1,0,22,26,13546,6005
TGGGAAATGCCTTTCC-1,0,23,27,13432,6202
AGACCATGGGATACAA-1,0,22,28,13319,6005
TAAATGAATCCGTTTC-1,0,23,29,13205,6202
ACAACGGTCCCTGCGA-1,0,22,30,13092,6004
GTCACTCTCCAAATCT-1,0,23,31,12978,6201
TTCTACTTGCGAGGGC-1,0,22,32,12865,6003
CGCAATTACTTTCGGT-1,0,23,33,12751,6200
CTGTTCATCTCACGGG-1,0,22,34,12638,6002
TTCTTGTAACCTAATG-1,0,23,35,12524,6199
GCTTGATGATAATCAG-1,0,22,36,12411,6001
TTGGCTCGCATGAGAC-1,0,23,37,12297,6198
GCCCAGTTGGTATGCC-1,0,22,38,12184,6000
ATTCCTCCGCCAGTGC-1,0,23,39,12070,6197
TCGTCCGCTGGCGTCT-1,0,22,40,11957,5999
GGAGAAGTCATTGGCA-1,0,23,41,11843,6196
TTGTTAGCAAATTCGA-1,0,22,42,11730,5999
TCTAGCATCTTCGATG-1,0,23,43,11616,6195
TTCTAGGCCAATTGTG-1,0,22,44,11504,5998
TCACGGTCATCGCACA-1,0,23,45,11389,6195
ATGAAGCCAAGGAGCC-1,0,22,46,11277,5997
AATGACTGTCAGCCGG-1,0,23,47,11162,6194
CCAAACAGAACCCTCG-1,0,22,48,11050,5996
TATCGATGATTAAACG-1,1,23,49,10936,6193
GAACACACATCAACCA-1,1,22,50,10823,5995
CCCGTCAGCGTCTGAC-1,1,23,51,10709,6192
AGCATCGTCGATAATT-1,1,22,52,10596,5994
GACTAAGATCATGCAC-1,1,23,53,10482,6191
TAGGGTGTTTCAAGAG-1,1,22,54,10369,5993
TGGTTCGTAGCAAAGG-1,1,23,55,10255,6190
CTGTTCACTGCCTGTG-1,1,22,56,10142,5992
ATGTGCATCCGACGCA-1,1,23,57,10028,6189
TTGTCGTTCAGTTACC-1,0,22,58,9915,5992
CGGGATCAATGTAAGA-1,0,23,59,9801,6189
TTATCTGTATCATAAC-1,0,22,60,9688,5991
ATCGACTCTTTCCGTT-1,0,23,61,9574,6188
CTCATTTGATGGGCGG-1,1,22,62,9461,5990
GTAAGCGGGCAGTCAG-1,1,23,63,9347,6187
TCTATCGGTCGCAACA-1,1,22,64,9234,5989
AACGCGGTCTCCAGCC-1,1,23,65,9120,6186
ATTAATACTACGCGGG-1,1,22,66,9007,5988
CTTTAACTTTCAAAGG-1,1,23,67,8893,6185
CGTACCTGATAGGCCT-1,1,22,68,8781,5987
GAATGTTGGGTAATCT-1,1,23,69,8666,6184
TGCGGAGTAAAGGTGC-1,1,22,70,8554,5986
CCTGAATATTTACATA-1,1,23,71,8439,6183
TTGCTCCCATACCGGA-1,1,22,72,8327,5986
CCTCTAATCTGCCAAG-1,1,23,73,8212,6183
AGGTTGAGGCACGCTT-1,1,22,74,8100,5985
TCCCGTCAGTCCCGCA-1,1,23,75,7986,6182
TCCGATGACTGAGCTC-1,1,22,76,7873,5984
CAGCCTCCTGCAGAGG-1,1,23,77,7759,6181
CTTAGCCTTCCACATG-1,1,22,78,7646,5983
ATTAATGAACCAGTCG-1,1,23,79,7532,6180
ACGATACATAGAACTA-1,1,22,80,7419,5982
AGCCACTCCCGTGCTT-1,1,23,81,7305,6179
ATACGGGTTTCGATTG-1,1,22,82,7192,5981
CTGTCAAATGGCTCGG-1,1,23,83,7078,6178
GCTCGGAATTTAAAGC-1,1,22,84,6965,5980
TAGGCATGTTACGCCA-1,1,23,85,6851,6177
TGGCAACTCGCGCGCC-1,1,22,86,6738,5980
ATCAGTAGGCAGGGAT-1,1,23,87,6624,6177
TATCGATCTATGCATA-1,1,22,88,6511,5979
CGACTCAGGATGTTAT-1,1,23,89,6397,6176
GCCATATTGCACACAG-1,1,22,90,6284,5978
AATTCATAAGGGATCT-1,1,23,91,6170,6175
CGGTAGAGGTGCAGGT-1,1,22,92,6058,5977
AATGATGATACGCTAT-1,1,23,93,5943,6174
CTTGTGCTCACCGATT-1,1,22,94,5831,5976
TTCCAATCAGAGCTAG-1,1,23,95,5716,6173
CGATGGACCCTACGCC-1,1,22,96,5604,5975
GGTCGGATAAACGGCG-1,1,23,97,5489,6172
TTAGCTAATACGATCT-1,1,22,98,5377,5974
CTCGATATTTGCGAGC-1,1,23,99,5263,6171
ATTACTTACTGGGCAT-1,1,22,100,5150,5974
CTAGCCGATGTTATGA-1,1,23,101,5036,6171
TACTGCAATCAATTAC-1,1,22,102,4923,5973
TAGTCTGTGACGTTGC-1,1,23,103,4809,6170
CTCGTTTCTAATGTTT-1,1,22,104,4696,5972
TTCGTTCAACGAAGTT-1,1,23,105,4582,6169
CTGAATTTATTGCCAG-1,1,22,106,4469,5971
TGGAATATCCTTGACC-1,0,23,107,4355,6168
CAGATCATTTAAAGTC-1,0,22,108,4242,5970
CTCCTTTACGCAAGTC-1,0,23,109,4128,6167
TCCCAAACAGACAACG-1,0,22,110,4015,5969
ATCGCTGCGTGCAGCA-1,0,23,111,3901,6166
TTAGTTCAAGTGTTCG-1,0,22,112,3788,5968
AAACTCGTGATATAAG-1,0,23,113,3674,6165
TTAACGAACAAGCAGT-1,0,22,114,3561,5967
GTTATATCAGGAGCCA-1,0,23,115,3447,6164
CAAATTGGATTATGCC-1,0,22,116,3334,5967
CGAGGAGCTTCCATAT-1,0,23,117,3220,6164
GGAGACCAATGTGCTT-1,0,22,118,3108,5966
CATTGATGAACACGCC-1,0,23,119,2993,6163
GTCAATGCTATAATTT-1,0,22,120,2881,5965
ACCACCCTCTCTTCTA-1,0,23,121,2766,6162
TGGAGGGAAACACCTC-1,0,22,122,2654,5964
CACGGACGTGGATGGC-1,0,23,123,2540,6161
AACTTTCTCGATCATG-1,0,22,124,2427,5963
CGTATTGTTTCCTAAT-1,0,23,125,2313,6160
CCTACTGCGGCGGCCA-1,0,22,126,2200,5962
CTTAGGTCCCAATCGT-1,0,23,127,2086,6159
CGCAATCGATCATTAG-1,0,24,0,16494,6411
TGGTTATGCTTGCGGT-1,0,25,1,16380,6608
GGCTTGGCTCTCACCT-1,0,24,2,16267,6411
ATTGGTAGGATCCGCT-1,0,25,3,16153,6608
TCAGGGCGACTTCCTT-1,0,24,4,16040,6410
TCTGCAGATTCGAGTC-1,0,25,5,15926,6607
CTCTCGCTGTACTATG-1,0,24,6,15813,6409
AATAGTCGCGAGTCGG-1,0,25,7,15699,6606
AGTTACCCTTAAGACT-1,0,24,8,15587,6408
CTTAAATAAGACCCAT-1,0,25,9,15472,6605
GGTTGTGCTCTTGTCC-1,0,24,10,15360,6407
GTGAGTCTAAGACGGA-1,0,25,11,15245,6604
CGCGACACTGCGCAGC-1,0,24,12,15133,6406
GCTCGCGGTTCCGCTC-1,0,25,13,15019,6603
TTAACTCACGCGTGGA-1,0,24,14,14906,6405
GGAACGGCCTGCAGCC-1,0,25,15,14792,6602
GTAGAAACGGGTGGAG-1,0,24,16,14679,6405
TAATGAAAGACCCTTG-1,0,25,17,14565,6602
AGGCTTGCTAGACACC-1,0,24,18,14452,6404
TTGCGTAGTTTGAGGA-1,0,25,19,14338,6601
CGCCCTTGAAGGCTGA-1,0,24,20,14225,6403
CCCGGTGGAAGAACCT-1,0,25,21,14111,6600
TTAACACCTCGAACAT-1,0,24,22,13998,6402
GATTCCTATACGGCGC-1,0,25,23,13884,6599
TTACCCTAACAGTCCT-1,0,24,24,13771,6401
ACCCACCTACATGCTC-1,0,25,25,13657,6598
AAAGGGCAGCTTGAAT-1,0,24,26,13544,6400
CACACAGGGATAGATT-1,0,25,27,13430,6597
AGAGCGTACAAGCTCG-1,0,24,28,13317,6399
TCTTACGGCATCCGAC-1,0,25,29,13203,6596
GCCTATTCCGATATAG-1,0,24,30,13090,6399
GAAAGTGACTAACTGC-1,0,25,31,12976,6595
CCGGAATGGTTTCAGT-1,0,24,32,12864,6398
AGTATAATACTAGGCA-1,0,25,33,12749,6595
TAACTATCGAAGGTCC-1,0,24,34,12637,6397
ATGAGGAGTGTTAATC-1,0,25,35,12522,6594
TGTGTCGCGAGTTGCA-1,0,24,36,12410,6396
ATCCAACGCAGTCATA-1,0,25,37,12296,6593
AAGGCGCGTAAAGCTT-1,0,24,38,12183,6395
AGTCGGCCCAAACGAC-1,0,25,39,12069,6592
AACGTCAGACTAGTGG-1,0,24,40,11956,6394
ACTACCAGCTCTCTGG-1,0,25,41,11842,6591
GCAAGTGCACAGAGAA-1,0,24,42,11729,6393
ACACCTTAAGTAGGGC-1,0,25,43,11615,6590
TTCGACGGGAAGGGCG-1,0,24,44,11502,6392
TTCGCACTCGCGTGCT-1,0,25,45,11388,6589
TATTTGTTACCCTTTA-1,0,24,46,11275,6392
CGCTGTGACGCCGCAC-1,0,25,47,11161,6589
GTTGCACGGAGTTTCG-1,0,24,48,11048,6391
GTTTCCTGGAGGGTGA-1,0,25,49,10934,6588
ACACCCAGCATGCAGC-1,1,24,50,10821,6390
TCAACCATGTTCGGGC-1,1,25,51,10707,6587
TTACAACTACGCATCC-1,1,24,52,10594,6389
TCCGATGGTGCGACAT-1,1,25,53,10480,6586
GGGCGTACATTTATAT-1,1,24,54,10367,6388
AGCGACCAACGATATT-1,1,25,55,10253,6585
ACACAAAGACGGGTGG-1,1,24,56,10141,6387
ATCGCACGCCGGGAGA-1,1,25,57,10026,6584
GCTCTAAACCCTGACG-1,1,24,58,9914,6386
AATGCAACCGGGTACC-1,1,25,59,9799,6583
TCAAACAACCGCGTCG-1,0,24,60,9687,6386
TATGCTCCCTACTTAC-1,0,25,61,9572,6583
AAAGGGATGTAGCAAG-1,0,24,62,9460,6385
ACGATCATACATAGAG-1,1,25,63,9346,6582
TTGTTCAGTGTGCTAC-1,1,24,64,9233,6384
ATGCATGATCCAGGAT-1,1,25,65,9119,6581
AGTCTTCTCCTCAAAT-1,1,24,66,9006,6383
GATTCCCTTGTCGCAG-1,1,25,67,8892,6580
CTCGCACCTATATAGT-1,1,24,68,8779,6382
ACTCAATAAAGGCACG-1,1,25,69,8665,6579
AACCGAGCTTGGTCAT-1,1,24,70,8552,6381
TAAGGCAACATAAGAT-1,1,25,71,8438,6578
CACGCACAGCGCAGCT-1,1,24,72,8325,6380
GGTTTACAATCTCAAT-1,1,25,73,8211,6577
TGCAGGATCGGCAAAG-1,1,24,74,8098,6380
ATAACGGAGTCCAACG-1,1,25,75,7984,6577
AACGATATGTCAACTG-1,1,24,76,7871,6379
GACAACGACCATTGAA-1,1,25,77,7757,6576
TTGACCATGTTCTCCG-1,1,24,78,7644,6378
AGTACGGGCACCTGGC-1,1,25,79,7530,6575
CGCCATCCGATTATGA-1,1,24,80,7418,6377
AAGGTATCCTAATATA-1,1,25,81,7303,6574
TGTTGTCAAGAAGTCT-1,1,24,82,7191,6376
CAGTGAATAAATGACT-1,1,25,83,7076,6573
CACCTTGCGAAACTCG-1,1,24,84,6964,6375
CATTTAGCGGACCATG-1,1,25,85,6849,6572
CCAGTCTAGACGGCGC-1,1,24,86,6737,6374
TCGCTTTAAACGTTTG-1,1,25,87,6623,6571
GTGAAACGGCGCCACC-1,1,24,88,6510,6374
GGGCTCATCGAACCCA-1,1,25,89,6396,6571
TTGATGTGTAGTCCCG-1,1,24,90,6283,6373
CAGTAGCCCACGCGGT-1,1,25,91,6169,6570
AGCGCGGGTGCCAATG-1,1,24,92,6056,6372
TAATCGATCCGTACGT-1,1,25,93,5942,6569
AGTGGCGGCAATTTGA-1,1,24,94,5829,6371
CCTTTCAATGAAGAAA-1,1,25,95,5715,6568
CTCAGTCACGACAAAT-1,1,24,96,5602,6370
ATAGGCTAGCTTCGCA-1,1,25,97,5488,6567
CGGTTCAAGTAGGTGT-1,1,24,98,5375,6369
CAGTCGAGGATGCAAT-1,1,25,99,5261,6566
TATCACCCAACCGACC-1,1,24,100,5148,6368
AATGATGCGACTCCTG-1,1,25,101,5034,6565
TGGAACCACTGACACA-1,1,24,102,4921,6367
GCCAATAGGGCATCTC-1,1,25,103,4807,6564
TTCTTTGGTCGCGACG-1,1,24,104,4694,6367
ATTAGATTCCTCAGCA-1,1,25,105,4580,6564
CCGTGGAACGATCCAA-1,1,24,106,4468,6366
GGGTCGTGGCAAGTGT-1,0,25,107,4353,6563
TCGCTCGGCACCAGCG-1,0,24,108,4241,6365
ACGCAATCACTACAGC-1,0,25,109,4126,6562
CTCTAATGCATTGATC-1,0,24,110,4014,6364
GTCTCGACTAAGTTTG-1,0,25,111,3900,6561
TGGTTTAAACGTGGGT-1,0,24,112,3787,6363
CGCAGATCTTCACCCG-1,0,25,113,3673,6560
TCCAGATGTACGCCAA-1,0,24,114,3560,6362
CATTGCGGGTCAATTC-1,0,25,115,3446,6559
GACGTTCGTAAATACA-1,0,24,116,3333,6361
TACACCGTCGTTAGTC-1,0,25,117,3219,6558
ACGGGCGTATGCGACA-1,0,24,118,3106,6361
GAAGGCTACCATTGTT-1,0,25,119,2992,6558
TAAATCTTTACACCTC-1,0,24,120,2879,6360
AGTTTATGTAAAGACA-1,0,25,121,2765,6557
AGGAGACATCCACAGT-1,0,24,122,2652,6359
CAACCTGAACCTGCCA-1,0,25,123,2538,6556
AGTCCCTCGCAGAAAG-1,0,24,124,2425,6358
TGTATACGGATGATGA-1,0,25,125,2311,6555
TTGTGGTATAGGTATG-1,0,24,126,2198,6357
TCTGCACCATTAGTAA-1,0,25,127,2084,6554
AAATGTATCTTATCCC-1,0,26,0,16493,6806
ACTCTAAACCTGGGAT-1,0,27,1,16379,7003
GCTGGCAGGTGCCGTG-1,0,26,2,16266,6805
CTCATTCGTGAACATC-1,0,27,3,16152,7002
TCGCCGGATGGGCAAG-1,0,26,4,16039,6805
GGACTAAGTCAGGAGT-1,0,27,5,15925,7002
TATCAAAGGTCTGTAA-1,0,26,6,15812,6804
TTCAGTTTGTGGCAGC-1,0,27,7,15698,7001
TGTTCATAAATGTGCT-1,0,26,8,15585,6803
CTTAGCCCGGATAGTG-1,0,27,9,15471,7000
GATGCGAATGGTATTA-1,0,26,10,15358,6802
TCTAACTGTATGTAAA-1,0,27,11,15244,6999
TTAAACCTGGTTCCTT-1,0,26,12,15131,6801
GCTAAGTAAAGGCGAT-1,0,27,13,15017,6998
AGTTACCGCACATGGT-1,0,26,14,14904,6800
GACTGCGGCACGTGTA-1,0,27,15,14790,6997
TGGTGATCGTATTTGT-1,0,26,16,14677,6799
TTATCGCCTGCGAAGC-1,0,27,17,14563,6996
TGGAATTAGACGCTTT-1,0,26,18,14450,6799
TCGTCACACTGTTAGC-1,0,27,19,14336,6996
TTATGTTTGCGATAGA-1,0,26,20,14224,6798
GGTGCTGATCACAAAG-1,0,27,21,14109,6995
CATAGCCGCCCGGGAT-1,0,26,22,13997,6797
GGTTAGTTACGGCGCC-1,0,27,23,13882,6994
ATTCCCACATAAACAA-1,0,26,24,13770,6796
ATTCAGTAGCAGGGTC-1,0,27,25,13656,6993
CAGTTCCGCGGGTCGA-1,0,26,26,13543,6795
AAGAGATGAATCGGTA-1,0,27,27,13429,6992
CGCAATTCTACAATAA-1,0,26,28,13316,6794
TAACGCTTTGAGAGCG-1,0,27,29,13202,6991
AGGCTATGGTTAGCTT-1,0,26,30,13089,6793
GAGGAATGGAGAGGTT-1,0,27,31,12975,6990
TCCTCTACGAGATGGC-1,0,26,32,12862,6792
TTGATTATGCAGATGA-1,0,27,33,12748,6989
TCAGTACTGACCCGCG-1,0,26,34,12635,6792
TTATGACAAACTGGAT-1,0,27,35,12521,6989
GTAAGTAGGGTATACC-1,0,26,36,12408,6791
CGCAAACACGAGTTAC-1,0,27,37,12294,6988
TGGCCGTATATTGACC-1,0,26,38,12181,6790
ACTGTAGCACTTTGGA-1,0,27,39,12067,6987
GCTCTATGTTACGTGC-1,0,26,40,11954,6789
TGCGCGATTAACGGAG-1,0,27,41,11840,6986
GAATCGACATGGTCAC-1,0,26,42,11727,6788
GACTAAGTAGGCTCAC-1,0,27,43,11613,6985
ATCTTGACCTGCAACG-1,0,26,44,11501,6787
ATGCACTACCGCATTG-1,0,27,45,11386,6984
CAGATACTAACATAGT-1,0,26,46,11274,6786
GATCGACACTATCTGA-1,0,27,47,11159,6983
ATAGAGTACTGGGACA-1,0,26,48,11047,6786
CCTACTGCTTACACTT-1,0,27,49,10933,6983
CCTGCTATTTGAGAAG-1,0,26,50,10820,6785
CGCGTTCATGAAATAC-1,1,27,51,10706,6982
CATTATGCTTGTTGTG-1,1,26,52,10593,6784
CCAGGGACGTGGCCTC-1,1,27,53,10479,6981
TATGGATGTGCTACGC-1,1,26,54,10366,6783
GTACTAAGATTTGGAG-1,1,27,55,10252,6980
AGACCCGCCCTCCTCG-1,1,26,56,10139,6782
CGCATTAGCTAATAGG-1,1,27,57,10025,6979
GCTCTCGGGTACCGAA-1,1,26,58,9912,6781
CACCGCCAGAAGGTTT-1,1,27,59,9798,6978
TCCCAAAGACGAAGGA-1,0,26,60,9685,6780
ATGGATTGACCAAACG-1,0,27,61,9571,6977
GTCATGGACATGACTA-1,0,26,62,9458,6780
CTACTGCCACCTGACC-1,0,27,63,9344,6977
TTATATTTGGCAATCC-1,0,26,64,9231,6779
AGCACCAGTACTCACG-1,0,27,65,9117,6976
CATGGTCTAGATACCG-1,1,26,66,9004,6778
TCTACCGTCCACAAGC-1,0,27,67,8890,6975
CTAGTTGGGCCCGGTA-1,1,26,68,8778,6777
TCCCGCGTACTCCTGG-1,1,27,69,8663,6974
CAGAGCATGAGCTTGC-1,1,26,70,8551,6776
ACACGGGAACTTAGGG-1,1,27,71,8436,6973
GGCTCTGCTCCAACGC-1,1,26,72,8324,6775
AGAACGTGGTACATTC-1,1,27,73,8209,6972
CAATAAACCTTGGCCC-1,1,26,74,8097,6774
ACTTCGCCATACGCAC-1,1,27,75,7983,6971
ATCTGGTTAAGACTGT-1,1,26,76,7870,6774
TCGTAAGACGACATTG-1,1,27,77,7756,6971
GTGTACCTTGGCTACG-1,1,26,78,7643,6773
GCCCGTAATACCTTCT-1,1,27,79,7529,6970
CGGTCAAGTGGGAACC-1,1,26,80,7416,6772
TTGTAAGGCCAGTTGG-1,1,27,81,7302,6969
GGAGCACCAAGAACTA-1,1,26,82,7189,6771
TAATAGTGACGACCAG-1,1,27,83,7075,6968
CTAAATCCTATTCCGG-1,1,26,84,6962,6770
CGAGTTCTGTCCCACC-1,1,27,85,6848,6967
AGGCAGATGCGTAAAC-1,1,26,86,6735,6769
AAGGATGAGGGACCTC-1,1,27,87,6621,6966
AGAGAACCGTCTAGGA-1,1,26,88,6508,6768
GAGGGCGCAGCTCTGC-1,1,27,89,6394,6965
AAGATTGGCGGAACGT-1,1,26,90,6281,6767
CCAGTAGTCTGATCCA-1,1,27,91,6167,6964
AAGGGACAGATTCTGT-1,1,26,92,6055,6767
ATAGAGTTATCAACTT-1,1,27,93,5940,6964
AAATTACCTATCGATG-1,1,26,94,5828,6766
GATCCTAAATCGGGAC-1,1,27,95,5713,6963
TTACAGACCTAAATGA-1,1,26,96,5601,6765
CCTCACCTTAGCATCG-1,1,27,97,5486,6962
CATGCGACCAGTTTAA-1,1,26,98,5374,6764
AACATATCAACTGGTG-1,1,27,99,5260,6961
CTATAAGAGCCAATCG-1,1,26,100,5147,6763
AATATCGAGGGTTCTC-1,1,27,101,5033,6960
GTACTCCTGGGTATGC-1,1,26,102,4920,6762
ATAAGTAGGATTCAGA-1,1,27,103,4806,6959
AGGTCGCGGAGTTACT-1,1,26,104,4693,6761
CTAATTCTCAGATATT-1,1,27,105,4579,6958
GCCAACCATTTCCGGA-1,1,26,106,4466,6761
TGATCCCAGCATTAGT-1,0,27,107,4352,6958
CGTTGTAAGATTGATT-1,0,26,108,4239,6760
GAAACCATGGTGCGCT-1,0,27,109,4125,6957
AATCTATGCCGGAGCC-1,0,26,110,4012,6759
GACTCCCAGAATAAGG-1,0,27,111,3898,6956
TATGATCCGGCACGCC-1,0,26,112,3785,6758
CCGCTTGCTGACATGG-1,0,27,113,3671,6955
TGGTTAAGGGCGCTGG-1,0,26,114,3558,6757
TTGATAGTCAATACAT-1,0,27,115,3444,6954
GGTTTAATTGAGCAGG-1,0,26,116,3331,6756
CATTACATAGATTGTG-1,0,27,117,3217,6953
GGTACACCAGATTTAT-1,0,26,118,3105,6755
GGCCCGTATACCATGC-1,0,27,119,2990,6952
ATCTTTCGTATAACCA-1,0,26,120,2878,6755
GAGATGACAATCCTTA-1,0,27,121,2763,6952
AAAGCTTGCCTACATA-1,0,26,122,2651,6754
GAACGATAAGTTAAAG-1,0,27,123,2537,6951
TAATAGCTAAATGATG-1,0,26,124,2424,6753
TATGGCTAGGCTAATT-1,0,27,125,2310,6950
AGGAGAGTCTGGCTAC-1,0,26,126,2197,6752
TGCTCTGCCGGTTCAC-1,0,27,127,2083,6949
CCAATAGATTTCATCT-1,0,28,0,16491,7201
GGGCACGAATTGGCCG-1,0,29,1,16377,7398
TCGTTGACAGGGTCCC-1,0,28,2,16264,7200
ATCGTATTCCGAGAAC-1,0,29,3,16150,7397
GGGAATTCTGTCCAGT-1,0,28,4,16037,7199
ACGCGTTTCTTAAGAG-1,0,29,5,15923,7396
GAGAGCGCAGTCCCTG-1,0,28,6,15810,7199
GTCCTATTGTTGTGGT-1,0,29,7,15696,7396
CATCTGCAGGATCATT-1,0,28,8,15584,7198
GAGTCGACAGACCCTC-1,0,29,9,15469,7395
AAGTGCAAAGGTAGAC-1,0,28,10,15357,7197
AGGGTGGATAGTGCAT-1,0,29,11,15242,7394
TGATAGCGGGATTCTA-1,0,28,12,15130,7196
GTCAGTTTGGTAGTCG-1,0,29,13,15016,7393
GCATTCGAAATGAACA-1,0,28,14,14903,7195
AAAGACTGGGCGCTTT-1,0,29,15,14789,7392
TAACAATATTTGTTGC-1,0,28,16,14676,7194
CCAGCTTCCGCCCGCA-1,0,29,17,14562,7391
GATATGGATTACGCGG-1,0,28,18,14449,7193
AGAGCAGTTATGAGAC-1,0,29,19,14335,7390
TCACATCTTATCTGAT-1,0,28,20,14222,7192
TATGAAGACAGGTGCG-1,0,29,21,14108,7389
TACCTGCTGCACTGTG-1,0,28,22,13995,7192
TAGGTCCAAGTAAGGA-1,0,29,23,13881,7389
GAAACTCGTGCGATGC-1,0,28,24,13768,7191
AACAATTACTCTACGC-1,0,29,25,13654,7388
CCGCACGTGACCTCGG-1,0,28,26,13541,7190
AACTTGCCCGTATGCA-1,0,29,27,13427,7387
GGGTATGTATGCACTT-1,0,28,28,13314,7189
TTCGTACTCCAGAACG-1,0,29,29,13200,7386
GAATTTCTCGCTGCAG-1,0,28,30,13087,7188
AACAGGATGGGCCGCG-1,0,29,31,12973,7385
GACGTGTAGGGATTAT-1,0,28,32,12861,7187
TAGGTGAGCCCTACTC-1,0,29,33,12746,7384
CTAATTCGCACGCGCT-1,0,28,34,12634,7186
GAAGCTTGCTGACCGC-1,0,29,35,12519,7383
GGTTAGGCTTGGAGAA-1,0,28,36,12407,7186
ACAAGGACAAGAGGTT-1,0,29,37,12293,7383
AGGCCACCCGTTATGA-1,0,28,38,12180,7185
GTGGGCTTAGACACAC-1,0,29,39,12066,7382
CGTGTCCCATTCGCGA-1,0,28,40,11953,7184
TGGAGTGATGCGATGA-1,0,29,41,11839,7381
AACAACTGGTAGTTGC-1,0,28,42,11726,7183
CCTGGCTAGACCCGCC-1,0,29,43,11612,7380
CGCAATTAGGGTAATA-1,0,28,44,11499,7182
TCGAAATTTAGGACCA-1,0,29,45,11385,7379
AGACTAGCCTTCCAGA-1,0,28,46,11272,7181
TTGATCTAACTTTGTC-1,0,29,47,11158,7378
AAGGAGCGGTTGGTGC-1,0,28,48,11045,7180
ACTTGGGACCCGGTGG-1,0,29,49,10931,7377
TGATCTCCGGCGCCAG-1,0,28,50,10818,7180
CAGTTCAAATTGACAC-1,1,29,51,10704,7377
GTCCGGCTGAATTGCG-1,1,28,52,10591,7179
CTGGAAATGGATGCTT-1,1,29,53,10477,7376
TGATCGGTTTGACCCT-1,1,28,54,10364,7178
TAGAGTCTAAGCGAAC-1,0,29,55,10250,7375
GAGACTGATGGGTAGA-1,1,28,56,10138,7177
TAGCTAAGTCCGGGAG-1,0,29,57,10023,7374
GGGCGATATGTGTGAA-1,0,28,58,9911,7176
CTCGAGGTCGAACAGT-1,0,29,59,9796,7373
GATCCCTTTATACTGC-1,0,28,60,9684,7175
GTCATGCACCTCCGTT-1,0,29,61,9569,7372
ACTTTCCTATAGCTTC-1,0,28,62,9457,7174
TCGCTCGATATATTCC-1,0,29,63,9343,7371
ATAGGTTGGGCAGATG-1,0,28,64,9230,7174
CAATTAAGGGTGATGA-1,0,29,65,9116,7371
ACCGACTGAGTCCCAC-1,0,28,66,9003,7173
CCTGTCACCCGGGCTC-1,0,29,67,8889,7370
GATCGGTGGCCATAAC-1,0,28,68,8776,7172
CCTATGGGTTACCGTC-1,0,29,69,8662,7369
TTGGGACACTGCCCGC-1,1,28,70,8549,7171
CGAGGCTAAATATGGC-1,1,29,71,8435,7368
TCAGGGTGTAACGTAA-1,1,28,72,8322,7170
CGAGAGATGTGAACCT-1,1,29,73,8208,7367
TCGCTGGGCGGATTGT-1,1,28,74,8095,7169
AGATCTCAGGTGTGAT-1,1,29,75,7981,7366
TGGCCAAACTGAAGTA-1,1,28,76,7868,7168
GCTTCCGTCCCTAGAC-1,1,29,77,7754,7365
CAGCAGCCCGTTCCTT-1,1,28,78,7641,7168
TGTATAACAGATCCTG-1,1,29,79,7527,7364
CGCGGGAATTAGGCAG-1,1,28,80,7415,7167
TGCATGTGGTAATCTA-1,1,29,81,7300,7364
ACAATTTGAGCAGTGG-1,1,28,82,7188,7166
GAGCTAAGGGCATATC-1,1,29,83,7073,7363
CCAGATAGTTGAGTGA-1,1,28,84,6961,7165
CCACAATGTACGTCTT-1,1,29,85,6846,7362
CAATGGATCTCTACCA-1,1,28,86,6734,7164
TGTGGCAAAGCGTATG-1,1,29,87,6620,7361
TAAAGCGTTAGGAGAA-1,1,28,88,6507,7163
TCCGTTTAGCCTTGAA-1,1,29,89,6393,7360
CAGCTCGACAAGTTAA-1,1,28,90,6280,7162
GCCTATAGTGTCAGGG-1,1,29,91,6166,7359
ATAGACAACGGGACCT-1,1,28,92,6053,7161
CTACTATCTTTCAGAG-1,1,29,93,5939,7358
GCGCTGCTTTGCATTT-1,1,28,94,5826,7161
GCGCATCCAGTCAGCA-1,1,29,95,5712,7358
GACTCGCGGGAATGAC-1,1,28,96,5599,7160
CTGGTAACGAGCTCTT-1,1,29,97,5485,7357
TCCGGCCTAGCGTACA-1,1,28,98,5372,7159
TCTAGGTGGCGACGCT-1,1,29,99,5258,7356
ACGCTAGTGATACACT-1,1,28,100,5145,7158
ATCTGCACCTCTGCGA-1,1,29,101,5031,7355
CCTCACCTGAGGGAGC-1,1,28,102,4918,7157
AGTGAGCCTCGCCGCC-1,1,29,103,4804,7354
ACGAGTACGGATGCCC-1,1,28,104,4692,7156
GGTACCATTAAGACGG-1,1,29,105,4577,7353
TTCTGCTAGACTCCAA-1,1,28,106,4465,7155
TAACTATTACGCCAAA-1,0,29,107,4350,7352
GCATTCAAGGCAACGC-1,0,28,108,4238,7155
AGTACATCATTTATCA-1,0,29,109,4123,7352
GTCGTGTCTGGTCATC-1,0,28,110,4011,7154
AGTCTAAAGTATACTC-1,0,29,111,3897,7351
CGGCCCAACCTGTAGT-1,0,28,112,3784,7153
AGGGAGACATACTTCG-1,0,29,113,3670,7350
TCCCTAGATCAATAGG-1,0,28,114,3557,7152
TCCCGTCGCGTCATAG-1,0,29,115,3443,7349
CGCATCCATCAGCCAG-1,0,28,116,3330,7151
CTGCACCTAGTCCACA-1,0,29,117,3216,7348
CGAGGATCGGGAACGA-1,0,28,118,3103,7150
CAATGAGGTTCGACTA-1,0,29,119,2989,7347
TCTGACGGGCTAACCC-1,0,28,120,2876,7149
TTCTATGCCTTTCGCA-1,0,29,121,2762,7346
AGAGTATAGTGTTACG-1,0,28,122,2649,7149
CCATTGTTTCCTCCAT-1,0,29,123,2535,7346
CTCATCACTTAGTGAT-1,0,28,124,2422,7148
CCGAAGGGCGTACCGC-1,0,29,125,2308,7345
TCAAGCTGCCTTGAAA-1,0,28,126,2195,7147
CTCATTAACGTTGCCC-1,0,29,127,2081,7344
GTCTTCCTCACCTAAG-1,0,30,0,16490,7596
GGTGATGAAGGAAGTG-1,0,31,1,16376,7793
TCAATACAATTGCTGC-1,0,30,2,16263,7595
GCAACCCAAGTTGTTT-1,0,31,3,16149,7792
ATGAAGTGGACCCAGC-1,0,30,4,16036,7594
GAGAATCTCACGATCA-1,0,31,5,15922,7791
TATATCATTGATCAGT-1,0,30,6,15809,7593
AACTTTACGGGAGCTT-1,0,31,7,15695,7790
TTCTTGTGTCCATCAG-1,0,30,8,15582,7592
ACAATTTAGGAGGCTC-1,0,31,9,15468,7789
ATACTTGTTCTCGAGC-1,0,30,10,15355,7592
CACGGGATTGAGGGTT-1,0,31,11,15241,7789
GTTAATGTCTATCTTA-1,0,30,12,15128,7591
GCGTTATATTTGGAAC-1,0,31,13,15014,7788
CGTCAAGGCTATAAAT-1,0,30,14,14901,7590
TTAGCTCTGTAATCCG-1,0,31,15,14787,7787
AATGGTCCACCGTTCA-1,0,30,16,14674,7589
GTCATTGCATTGACCC-1,0,31,17,14560,7786
TGTCCGTGGCGCCTTT-1,0,30,18,14447,7588
TCAACTAACGTATAAC-1,0,31,19,14333,7785
TCCTCTCCAGTTGTCC-1,0,30,20,14221,7587
TGTGTTCGTATCCAAG-1,0,31,21,14106,7784
CCGCGTAGGTAAGGGC-1,0,30,22,13994,7586
CTGCGGGTGAAATGTT-1,0,31,23,13879,7783
TATCTACAGAGGTAAT-1,0,30,24,13767,7586
CTACTCTAGGCCCGGC-1,0,31,25,13653,7783
ACAAGCAGTGCCTAGC-1,0,30,26,13540,7585
TACAAGTCTCGTGCAT-1,0,31,27,13426,7782
TCGGAATGCGCTCTGA-1,0,30,28,13313,7584
TCGCGTCCAGAAGGTC-1,0,31,29,13199,7781
TATGGCCCGGCCTCGC-1,0,30,30,13086,7583
GCTGGCATATTCACCT-1,0,31,31,12972,7780
GTCAGAATAGTCTATG-1,0,30,32,12859,7582
GGCGTCCTATCCGCTG-1,0,31,33,12745,7779
CGGAGTTTGAGAGACA-1,0,30,34,12632,7581
AGCACTTAAGGACGCC-1,1,31,35,12518,7778
TCCACAATGGTTTACG-1,0,30,36,12405,7580
CCAACGATGCACTGAT-1,0,31,37,12291,7777
ATTTACAGTTTACTGG-1,0,30,38,12178,7580
CCCTGAAATGAGTTGA-1,0,31,39,12064,7777
CAAACGGTCGCACTTT-1,0,30,40,11951,7579
TGATTCGTCTATCACT-1,0,31,41,11837,7776
TCAGGTTCTTTGAGAA-1,0,30,42,11724,7578
CACGCAGCGAGGCTTT-1,0,31,43,11610,7775
TTAAGCGCCTGACCCA-1,0,30,44,11498,7577
CTTACACGGTATTCCA-1,0,31,45,11383,7774
AAGGCTGTGCTCATCG-1,0,30,46,11271,7576
GACCAGAGCCCTGTAG-1,0,31,47,11156,7773
TCCCAGGCTTAGCTAA-1,0,30,48,11044,7575
ATTGAAGATCTTAGTG-1,0,31,49,10930,7772
AGTTCCTACAGAATTA-1,0,30,50,10817,7574
GGGCTGGTTAGTCGCG-1,0,31,51,10703,7771
GAAATGGCGGTGTTAG-1,1,30,52,10590,7574
TACGAACACGACTTCA-1,0,31,53,10476,7771
ACCACAAGTTTCTATC-1,1,30,54,10363,7573
ATATTTAACCCTCAAG-1,0,31,55,10249,7770
GATCATTCCAAACATT-1,0,30,56,10136,7572
TCCAGGCGAGTACGGT-1,0,31,57,10022,7769
GTTTGACCAAATCCTA-1,0,30,58,9909,7571
CACAGCACCCACGGCA-1,0,31,59,9795,7768
TGCAAGAATGACGTAA-1,0,30,60,9682,7570
GCGAAGCCATACCCGT-1,0,31,61,9568,7767
TCCTTTCTTACGCTTA-1,0,30,62,9455,7569
GCTGCTCTCCGGACAC-1,0,31,63,9341,7766
ACTGTCTTCTTTAGAA-1,0,30,64,9228,7568
TCAAACTTAGATTGTT-1,0,31,65,9114,7765
CTATGTCACTAGCCCA-1,0,30,66,9001,7568
TGCGCAAAGCATTTGG-1,0,31,67,8887,7765
TTAATGTAGACCAGGT-1,0,30,68,8775,7567
GGCGGTAGGATCATTG-1,0,31,69,8660,7764
GGCAATAGTCAATGAG-1,0,30,70,8548,7566
ACACGAGACTCCTTCT-1,0,31,71,8433,7763
GACACAAGGGAAGAAA-1,1,30,72,8321,7565
TCAGCAAATGCATCTC-1,0,31,73,8206,7762
GAGATCTGTCACTCCG-1,1,30,74,8094,7564
ATGCCGGTCTTGCATA-1,0,31,75,7980,7761
TTGGGCGGCGGTTGCC-1,1,30,76,7867,7563
TTGTTGTGTGTCAAGA-1,0,31,77,7753,7760
ACTGTACGATACACAT-1,1,30,78,7640,7562
TCCACTTTATCTAGGT-1,0,31,79,7526,7759
GGTCTGAGAATCTGGA-1,1,30,80,7413,7561
TAGAAAGGTGGCGCTA-1,0,31,81,7299,7758
TATGTCTCATTGTGCC-1,1,30,82,7186,7561
GGATTTCACTTCTATA-1,0,31,83,7072,7758
TGAGTGGTCCGTGACG-1,1,30,84,6959,7560
CGCTTTCTTGCATTCG-1,1,31,85,6845,7757
ACCCAACGCCCGTGGC-1,1,30,86,6732,7559
GAACGTCTCATGGTCG-1,1,31,87,6618,7756
AGGGTTCCCTTTGGTT-1,1,30,88,6505,7558
GTAGCTTCCTCTTGTT-1,1,31,89,6391,7755
GCATGAGGGACGCGGC-1,1,30,90,6278,7557
CTACCCTAAGGTCATA-1,1,31,91,6164,7754
TCACCGCTCGGCACTC-1,1,30,92,6052,7556
GGCTCGCGTTGAGGTA-1,1,31,93,5937,7753
CTAACGAAACTTGCTG-1,1,30,94,5825,7555
TTAAACTCGAATTCAT-1,1,31,95,5710,7752
TACTTTACTGAGCCGG-1,1,30,96,5598,7555
GCTTGGATCGATTAGG-1,1,31,97,5483,7752
CGGTTATCCAACAGTG-1,1,30,98,5371,7554
CAGACCTGTAAGTGTT-1,1,31,99,5257,7751
GACGGTCAATAGAAGC-1,1,30,100,5144,7553
CTGACTGCGCAGCTCG-1,1,31,101,5030,7750
CCATACCTTTACTTGT-1,1,30,102,4917,7552
GTAATAAAGGGCTCCC-1,1,31,103,4803,7749
GTGAACTCCCATTCGA-1,1,30,104,4690,7551
GTGGTTACTTCTTTCG-1,1,31,105,4576,7748
TCAGAACCTCCACAGG-1,1,30,106,4463,7550
TCCCACTCTCTTCCGG-1,0,31,107,4349,7747
ATCTTGACTTGTCCAA-1,0,30,108,4236,7549
TCGGGAACGTGCCTAG-1,0,31,109,4122,7746
GTTAGCCGTAAATCAA-1,0,30,110,4009,7549
ATTTACTAAGTCCATT-1,0,31,111,3895,7746
GGGTGCATATGAAAGC-1,0,30,112,3782,7548
TCCGAATGGTCCTGAG-1,0,31,113,3668,7745
TGATGGCTGTTTCTGA-1,0,30,114,3555,7547
AAATAAGGTAGTGCCC-1,0,31,115,3441,7744
CCACTATCCGGGTCAC-1,0,30,116,3328,7546
ACACCACATAATTAGC-1,0,31,117,3214,7743
CGCGGTAAGTCTAGCT-1,0,30,118,3102,7545
GCGGGCATTACGATGC-1,0,31,119,2987,7742
AGGATTGCTTACGACA-1,0,30,120,2875,7544
CTCGGGATAACACCTA-1,0,31,121,2760,7741
GTCGTCTGGTTGGCTA-1,0,30,122,2648,7543
GCAATTAGTCGCACCG-1,0,31,123,2534,7740
GTGACCTAAAGAATAA-1,0,30,124,2421,7543
CTGAGCGAGACTTATT-1,0,31,125,2307,7740
CAAGACTCAGAAGCGC-1,0,30,126,2194,7542
ACTTCGCTAGCGAGTG-1,0,31,127,2080,7739
CCATACTCGCCTCTCC-1,0,32,0,16488,7991
ACGATACCTATCCTGA-1,0,33,1,16374,8188
CTCACCAGTACAAGTG-1,0,32,2,16261,7990
CGAAGACGGTGAGTGC-1,0,33,3,16147,8187
AAATTAATAAGCGCGA-1,0,32,4,16034,7989
GGGCCCTTATCTATAC-1,0,33,5,15920,8186
CTGCCCACGAAGCGTT-1,0,32,6,15807,7988
GGACAAGTTGCAGTGA-1,0,33,7,15693,8185
GTCCGAGAGCAATCAT-1,0,32,8,15581,7987
ATGGCAGCCGAGAAAC-1,0,33,9,15466,8184
CCTCGGATGCTACCTG-1,0,32,10,15354,7986
ATACGGTGAAGATGCA-1,0,33,11,15239,8183
ACATCAGCTGGGACGC-1,0,32,12,15127,7986
GGTTGTGTAGCCTGGC-1,0,33,13,15013,8183
CCTGCGTTCTACGCTT-1,0,32,14,14900,7985
GAACGTTAGGAAGACG-1,0,33,15,14786,8182
CTGATAGTGTATCTCA-1,0,32,16,14673,7984
TTCTGCGAGCGCCCTT-1,0,33,17,14559,8181
CTTTGGCGCTTTATAC-1,0,32,18,14446,7983
TCCGAACTTGGCTTAC-1,0,33,19,14332,8180
TAGATTCCTGGTTATT-1,0,32,20,14219,7982
CCGACAAAGGGAGTGC-1,0,33,21,14105,8179
CCATGGCCCTTGTACC-1,0,32,22,13992,7981
GAAATATCACCATCAG-1,0,33,23,13878,8178
ACGAAATGGGCGGCAC-1,0,32,24,13765,7980
GTGAGCGTGCTGCACT-1,0,33,25,13651,8177
CCGCGGGTACGAAGAA-1,0,32,26,13538,7980
TCCCTGGCTCGCTGGA-1,0,33,27,13424,8177
CAGCTTAGTAGGTAGC-1,0,32,28,13311,7979
CACGAAAGTTAGTCCC-1,0,33,29,13197,8176
ACCTAATCGACTTCCT-1,0,32,30,13084,7978
AAGTAGTGACGCGAGG-1,0,33,31,12970,8175
TCCGATTACATTGCCG-1,0,32,32,12858,7977
CCTCCGACAATTCAAG-1,1,33,33,12743,8174
GTTCACAGGAGTCTAG-1,1,32,34,12631,7976
CGAAGTTGCTCTGTGT-1,1,33,35,12516,8173
GTCGGATATCTCAGAC-1,1,32,36,12404,7975
CGCTCTCCGTAGATTA-1,1,33,37,12290,8172
CAAGCAACGTCGGAGT-1,1,32,38,12177,7974
CCATTCCCTGCCCACA-1,1,33,39,12063,8171
CTTTGGCTTTAGTAAA-1,0,32,40,11950,7974
GGCTATTAAGTTGTAT-1,1,33,41,11836,8171
CCATTAGCGATAATCC-1,0,32,42,11723,7973
TGTTCTTCCATTGACT-1,1,33,43,11609,8170
AGATAACTTCAGGGCC-1,0,32,44,11496,7972
ATAGACGAAGAGAAAG-1,0,33,45,11382,8169
GGCGGAGTAATATTAG-1,0,32,46,11269,7971
TGACCCACGTTAGACA-1,0,33,47,11155,8168
TCACAGGTTATTGGGC-1,0,32,48,11042,7970
TCACGCATTGTAGATC-1,0,33,49,10928,8167
TTGAAGAATTCCCAGG-1,0,32,50,10815,7969
AAATGGTCAATGTGCC-1,0,33,51,10701,8166
TAGTGCCCTCCAGAGT-1,0,32,52,10588,7968
GGTATTGCCGAGTTTA-1,0,33,53,10474,8165
CGTATTAAGAGATCTA-1,0,32,54,10361,7968
ACTGTCCAGGATTATA-1,0,33,55,10247,8165
CGGGCAGCTAAACCGC-1,0,32,56,10135,7967
TTGCTGATCATGTTCG-1,0,33,57,10020,8164
TATGGGTACGTATCGT-1,0,32,58,9908,7966
CAGCTCACTGAGACAT-1,0,33,59,9793,8163
GGGACTGCATAGATAG-1,0,32,60,9681,7965
ACGCATTCGTGAGTAC-1,0,33,61,9566,8162
CTCTGGACGCCTGGTG-1,0,32,62,9454,7964
AGGGTTTAGTTCGGGA-1,0,33,63,9340,8161
GGGAGAACTCACAGTA-1,0,32,64,9227,7963
ATCAATCTGGGCTGCA-1,0,33,65,9113,8160
TCTTCGATACCAATAA-1,0,32,66,9000,7962
ACGTAGATTGCTGATG-1,0,33,67,8886,8159
TCTTGATGCGTAGCGA-1,0,32,68,8773,7961
GGGCTGCCTAGGGCGA-1,0,33,69,8659,8158
CTCTCACAATCGATGA-1,0,32,70,8546,7961
CCAAGCGTAACTCGTA-1,0,33,71,8432,8158
ACAACAGCATGAGCTA-1,0,32,72,8319,7960
GTCCCAACGTAAAGTA-1,0,33,73,8205,8157
TCGGAGTACATGAGTA-1,0,32,74,8092,7959
GGGAGTTAATGAGGCG-1,0,33,75,7978,8156
CCGGGCGGTCTCGTCA-1,0,32,76,7865,7958
CCGTAAGTTGGTCCCA-1,0,33,77,7751,8155
GGAGGGCTTGGTTGGC-1,0,32,78,7638,7957
TCGGACGCCCAGCCCA-1,0,33,79,7524,8154
TCTGTGCCATCATAGT-1,0,32,80,7412,7956
GTACTGGAGTTAGACC-1,0,33,81,7297,8153
GGAATGCGCTAGCGTG-1,0,32,82,7185,7955
GTGTGAATAACTTAGG-1,0,33,83,7070,8152
GGTCGGCCAGGAGCTT-1,0,32,84,6958,7955
TAGCCGGCGGTCAGCG-1,0,33,85,6843,8152
CGGGTGTACCCATTTA-1,0,32,86,6731,7954
AGTGATTCAAGCAGGA-1,0,33,87,6617,8151
GTTGGATTGAGAACAC-1,1,32,88,6504,7953
CACACGCGCTGTCTTA-1,1,33,89,6390,8150
TAGACGCCCGTACCGG-1,1,32,90,6277,7952
GGTTTCAATCGGTCAG-1,1,33,91,6163,8149
AATCTGCGTTGGGACG-1,1,32,92,6050,7951
TTACGGATGGTTCGAG-1,1,33,93,5936,8148
CGGCAGGGTCGGGTTG-1,1,32,94,5823,7950
GCTTTCAGAGGAGGTG-1,1,33,95,5709,8147
TCTTCCCATGGGCACA-1,1,32,96,5596,7949
TACCGCGGACTTGCAG-1,1,33,97,5482,8146
AGAATTATGGATTCGA-1,1,32,98,5369,7949
ATTGATGAGTCCTAAC-1,1,33,99,5255,8146
TAGGTCGCCGGAACTG-1,1,32,100,5142,7948
TAACCTACCGTCCGAG-1,1,33,101,5028,8145
CTTAGTAGGCCTACAG-1,1,32,102,4915,7947
CTAGATGTGAGTGTAA-1,1,33,103,4801,8144
ACTCCCGAATTCGTTT-1,1,32,104,4689,7946
GTTCATCGTTTGGCTG-1,1,33,105,4574,8143
ACTTTACCCTCATGAA-1,1,32,106,4462,7945
GCGAGAGTTGCGTCCA-1,0,33,107,4347,8142
GTTCGGGCGTACCATT-1,0,32,108,4235,7944
CGACTTTGTATAGCCT-1,0,33,109,4120,8141
GCCATCGATGCTGCAT-1,0,32,110,4008,7943
GCATTTCCAAGGCTCC-1,0,33,111,3894,8140
ATGTAAGGCTGCTCTT-1,0,32,112,3781,7943
ACGTTCGCAATCAATT-1,0,33,113,3667,8140
GTGACGAGGGTGACCC-1,0,32,114,3554,7942
ATTATAGCTACTTTAC-1,0,33,115,3440,8139
CGTGTGTTAAACCCTG-1,0,32,116,3327,7941
TTGGTATGGCTTGTGT-1,0,33,117,3213,8138
CATTCCCATTCCGTCG-1,0,32,118,3100,7940
TGCCGAAAGCGTATTC-1,0,33,119,2986,8137
CAACACATCTCCTGCC-1,0,32,120,2873,7939
CTGCCTCATATGCAAC-1,0,33,121,2759,8136
TCCCGCCTATGTGCGT-1,0,32,122,2646,7938
GGTTACCCGACACTTT-1,0,33,123,2532,8135
CCAGCGGGATCACCAG-1,0,32,124,2419,7937
ATGTTTCGGCCCGGAG-1,0,33,125,2305,8134
GCGTCTAACCTCCTAA-1,0,32,126,2192,7937
ATCAGGTAGCTGACAG-1,0,33,127,2078,8133
GGTATGAAAGAACTGA-1,0,34,0,16487,8386
GTGGCCTAATATCATT-1,0,35,1,16373,8583
CCTGTGAAACCGTAAC-1,0,34,2,16260,8385
GGCAGAGAGATCGGGA-1,0,35,3,16146,8582
TAGCGTCGAATATTGA-1,0,34,4,16033,8384
CGCCGACTATTCGCTA-1,0,35,5,15919,8581
TCTGGCGCAAGCCGGG-1,0,34,6,15806,8383
AGTGGTTGCGTATAGG-1,0,35,7,15692,8580
ATCGGTTACCTAGTAA-1,0,34,8,15579,8382
CCTGCCCGTTGTCTAG-1,0,35,9,15465,8579
GCACACGCCCATGGTC-1,0,34,10,15352,8381
AGTACGGCCCGTATCG-1,0,35,11,15238,8578
TATCTAGCCTAAAGGA-1,0,34,12,15125,8380
CACTCGGTTAGGAGGA-1,0,35,13,15011,8577
ATGTTCGTCGACCCAC-1,0,34,14,14898,8380
TTCCTCTGCCCGAATA-1,0,35,15,14784,8577
TTACTATCGGCTTCTC-1,0,34,16,14671,8379
GCCGCATTAGTCCGGC-1,0,35,17,14557,8576
TAAGGGCTGGGAGAGG-1,0,34,18,14444,8378
TAAGCAGGCGACACGC-1,0,35,19,14330,8575
AGCACTACCGGCCTGT-1,0,34,20,14218,8377
GAAAGCCCTTTGGACC-1,0,35,21,14103,8574
GACCGACTGAAGCGTC-1,0,34,22,13991,8376
CGGTGAAGACTAAAGT-1,0,35,23,13876,8573
CCCTGCGCTACGCATA-1,0,34,24,13764,8375
TACTGGACAGCTCGGC-1,0,35,25,13650,8572
TTAGTAGGGCGGCGGG-1,0,34,26,13537,8374
GAGGCTATCAAAGTCG-1,0,35,27,13423,8571
TTACCATTGATTACCC-1,0,34,28,13310,8374
ATACCACGGGCAACTT-1,0,35,29,13196,8571
TGTCCTAAGTCACCGC-1,0,34,30,13083,8373
AGGTAGGTACAAAGCT-1,0,35,31,12969,8570
GGCATACAGGTAGCGG-1,0,34,32,12856,8372
TGTAGTGATCTATAAT-1,1,35,33,12742,8569
TCCCGGGTGTGCTGCT-1,1,34,34,12629,8371
TACGATGTTGATCATC-1,1,35,35,12515,8568
CCTCTCTCCCATCTAG-1,1,34,36,12402,8370
GCAGGACTATAGAATA-1,1,35,37,12288,8567
CTAGTGAAGGACAGGA-1,1,34,38,12175,8369
TACGAGAACTTCACGT-1,1,35,39,12061,8566
CGTTGTTTCAATTCCC-1,1,34,40,11948,8368
GCAAATATTACGCTTT-1,1,35,41,11834,8565
CCAATAGTGCCGTCGA-1,1,34,42,11721,8368
ATTGCTGCTCCTCCAT-1,1,35,43,11607,8565
GAGATCTGCTTGGCAT-1,1,34,44,11495,8367
GCCGAAATTCCTACGT-1,1,35,45,11380,8564
GGCACTCCACTGGGCA-1,0,34,46,11268,8366
GGGTCACCGTGACGGT-1,1,35,47,11153,8563
CACTTAATCAGACGGA-1,0,34,48,11041,8365
CGTTTCGCTCATTACA-1,0,35,49,10927,8562
ATAAAGGCTCGGTCGT-1,0,34,50,10814,8364
CACTAAAGTTGCCTAT-1,0,35,51,10700,8561
GTGCTCAAGTACTGTC-1,0,34,52,10587,8363
CCATGCCTGTTTAGTA-1,0,35,53,10473,8560
TCTAGTTATCAGAAGA-1,0,34,54,10360,8362
TTGTAATCCGTACTCG-1,0,35,55,10246,8559
TCCCAGCTTTAGTCTG-1,0,34,56,10133,8361
CTACGCACGGAGTACC-1,0,35,57,10019,8558
AAATTAACGGGTAGCT-1,0,34,58,9906,8361
CGGCCACGCACAAAGT-1,0,35,59,9792,8558
GAAGCGTGAGGAATTT-1,0,34,60,9679,8360
ATATCTTAGGGCCTTC-1,0,35,61,9565,8557
ACGCGGGCCAAGGACA-1,0,34,62,9452,8359
GCGAGTTCTGCAAAGA-1,0,35,63,9338,8556
TATTCGTGCCAGAATA-1,0,34,64,9225,8358
AGGGCTGCAGTTACAG-1,0,35,65,9111,8555
CTAGCATAGTATAATG-1,0,34,66,8998,8357
TAGGTTCGAGTTCGTC-1,0,35,67,8884,8554
GAATTATAGTGAAAGG-1,0,34,68,8772,8356
CTATCGGGTCTCAACA-1,0,35,69,8657,8553
GCGCTAATTGAATAGA-1,0,34,70,8545,8355
ATGCGACAGTCCCATT-1,0,35,71,8430,8552
GGTAGTGCTCGCACCA-1,0,34,72,8318,8355
AAGCTCGTGCCAAGTC-1,0,35,73,8203,8552
TATTCAATTCTAATCC-1,0,34,74,8091,8354
TTCAAAGTCTCTAGCC-1,0,35,75,7977,8551
TTGAATATGGACTTTC-1,0,34,76,7864,8353
AAGAGCTCTTTATCGG-1,0,35,77,7750,8550
TTACTCCGGCCGGGAA-1,0,34,78,7637,8352
AAACGAGACGGTTGAT-1,0,35,79,7523,8549
GCTAAGTAGTTTCTCT-1,0,34,80,7410,8351
ATAACGCCGGAGGGTC-1,0,35,81,7296,8548
GGATCCGGAATATACT-1,0,34,82,7183,8350
TGAAAGGACCTGACTC-1,0,35,83,7069,8547
TCCGCGGCAGCATCTG-1,0,34,84,6956,8349
TGCATATGTCTGTCAC-1,0,35,85,6842,8546
TGTAGGAGAAATTTCC-1,0,34,86,6729,8349
AGTGAGACTTCCAGTA-1,0,35,87,6615,8546
CCCAAACATGCTGCTC-1,0,34,88,6502,8348
GCTTATGAAGCAGGAA-1,0,35,89,6388,8545
TTCTAACCGAAGCTTA-1,1,34,90,6275,8347
GGATGTCCTTACCGCA-1,0,35,91,6161,8544
AGGGTGCTCTCGAGGG-1,1,34,92,6049,8346
AACTCTCAATAGAGCG-1,1,35,93,5934,8543
TCTGAATTCCGTACAA-1,1,34,94,5822,8345
GCGTGGTACTGGGTTA-1,1,35,95,5707,8542
CGTCGGATAGTGTTGA-1,1,34,96,5595,8344
ATATGTCTCCCTAGCC-1,1,35,97,5480,8541
TCTTTAAGACTATGAA-1,1,34,98,5368,8343
TCATTTAAGTCTCCGA-1,1,35,99,5254,8540
GATATTGAGATTGGCG-1,1,34,100,5141,8343
TGACATCGAGCGGACC-1,1,35,101,5027,8540
GCGTAAATGGCCATAA-1,1,34,102,4914,8342
ATTGTACAACTCGGCT-1,1,35,103,4800,8539
TACGCTATAGAAACCT-1,1,34,104,4687,8341
CACCCAAATCTTATGT-1,1,35,105,4573,8538
AGATGATGGAGTCTGG-1,0,34,106,4460,8340
CCACGGTGCCCGGTAG-1,0,35,107,4346,8537
TCAAGAAATACTAGCT-1,0,34,108,4233,8339
AGGTATAATTGATAGT-1,0,35,109,4119,8536
CAAGGTCCTATAGGCT-1,0,34,110,4006,8338
CCGGCACGACCGTTTC-1,0,35,111,3892,8535
ACCTCCGTTATTCACC-1,0,34,112,3779,8337
GCAGCCTATATCACAT-1,0,35,113,3665,8534
GGTATAGTGACACATA-1,0,34,114,3552,8337
AAATTCCAGGTCCAAA-1,0,35,115,3438,8534
TCTTTAGCAGGCGAAC-1,0,34,116,3325,8336
TATTGACATTTCTGCC-1,0,35,117,3211,8533
TCTGATCGGGTGCTAG-1,0,34,118,3099,8335
GGCCCGGAGCATGTCT-1,0,35,119,2984,8532
GGGCGCAGCGTTACTC-1,0,34,120,2872,8334
TTGGCGATCCGAATAT-1,0,35,121,2757,8531
CCACGTAAATTAGACT-1,0,34,122,2645,8333
TCTGATTGGAAATGGA-1,0,35,123,2531,8530
ATGGCGGAATAGTCGC-1,0,34,124,2418,8332
ATCGCTTTACGTCTCA-1,0,35,125,2304,8529
TACGTGCAAGGTTCCT-1,0,34,126,2191,8331
CAGGACAGCTGCCCTT-1,0,35,127,2077,8528
CAAACCAGGTCTGCAT-1,0,36,0,16485,8780
ACAAGCTATATGGAAG-1,0,37,1,16371,8977
TCGCCCACTGCGAGAG-1,0,36,2,16258,8780
AGCCGCAAATTCAAAT-1,0,37,3,16144,8977
TTAACGTTAAAGCCTG-1,0,36,4,16031,8779
CAGCGCCAACACGATA-1,0,37,5,15917,8976
ATCCAATGGTACCGAA-1,0,36,6,15804,8778
GTGCTGCAGATAAGGA-1,0,37,7,15690,8975
GGCCTTTGCAACTGGC-1,0,36,8,15578,8777
GTCGTACCTACGATTG-1,0,37,9,15463,8974
TAGAAATTCACGTATA-1,0,36,10,15351,8776
AGAATAAATCTTCAGG-1,0,37,11,15236,8973
CATTGCGAAATGGGCG-1,0,36,12,15124,8775
GTCTACTCAATTACAA-1,0,37,13,15010,8972
TGTAATGACCACAATA-1,0,36,14,14897,8774
AAAGTCGACCCTCAGT-1,0,37,15,14783,8971
TACTCGGCACGCCGGG-1,0,36,16,14670,8774
AGGTGTATCGCCATGA-1,0,37,17,14556,8971
TGTGCTTTACGTAAGA-1,0,36,18,14443,8773
AAACCTCATGAAGTTG-1,0,37,19,14329,8970
TATAGGGTACTCATGA-1,0,36,20,14216,8772
CCAGCTGATGGTACTT-1,0,37,21,14102,8969
AATATTGGAGTATTGA-1,0,36,22,13989,8771
GGCCCTCACCCACTTA-1,0,37,23,13875,8968
AACCAAGACTTCTCTG-1,0,36,24,13762,8770
TCGTATTACCCATTGC-1,0,37,25,13648,8967
ATTCGACGCCGGGCCT-1,0,36,26,13535,8769
GGCGCAGGACATCTTC-1,0,37,27,13421,8966
GTACTCCCTTATCGCT-1,0,36,28,13308,8768
TGGTCTGTTGGGCGTA-1,0,37,29,13194,8965
AATAACAACGCTCGGC-1,0,36,30,13081,8768
CATACCCGTACCCAGT-1,0,37,31,12967,8965
ACAATCCATTTAAACC-1,0,36,32,12855,8767
GTTACAATTGGTGACG-1,1,37,33,12740,8964
TTGCCCTGATCACGGG-1,1,36,34,12628,8766
CTAACCGCGCGCCCGT-1,1,37,35,12513,8963
CTAAAGAATGCCTACT-1,1,36,36,12401,8765
ACCCATCTTGAGGGTA-1,1,37,37,12287,8962
GATCTTTGCAGGGTAT-1,1,36,38,12174,8764
GGGTACTTCATGAACT-1,1,37,39,12060,8961
GCCGCTTGTGAGAAAC-1,1,36,40,11947,8763
CCTGTAAGACATGATA-1,1,37,41,11833,8960
CGACAGTTCGCGTTAT-1,1,36,42,11720,8762
ACGATGCATATGTTAT-1,1,37,43,11606,8959
TGTTCCGCTTCCATGA-1,1,36,44,11493,8762
GGATGACGCGAGTTTA-1,1,37,45,11379,8958
GAAGTTTCCACTCAAT-1,1,36,46,11266,8761
GCGAGGCCCGAGCAGA-1,1,37,47,11152,8958
CATACTATGTAATTGT-1,1,36,48,11039,8760
CCAATGTCACAGCAAG-1,1,37,49,10925,8957
GTTGGATTTGCGTTGG-1,0,36,50,10812,8759
GGGAGGATGCCCGAAA-1,0,37,51,10698,8956
GATCGCGGGCTCTCCA-1,0,36,52,10585,8758
GTTCGCCATAAGTGCC-1,0,37,53,10471,8955
AGATTATAGGACGTTT-1,0,36,54,10358,8757
TCGAGACCAACACCGT-1,0,37,55,10244,8954
TATGGGACCGAGCAGG-1,0,36,56,10132,8756
GATGCGTCCTGCATTC-1,0,37,57,10017,8953
TATGGTCTGAGTAACA-1,0,36,58,9905,8755
GCATAGAGCACTCAGG-1,0,37,59,9790,8952
CTTCATTGTCAGTGGA-1,0,36,60,9678,8755
GCAGATTAGGGATATC-1,0,37,61,9563,8952
CCTGTCGCCCGTAAAT-1,0,36,62,9451,8754
CAATTTCGTATAAGGG-1,0,37,63,9337,8951
GTACACTTACCTGAAG-1,0,36,64,9224,8753
CCAGCCTGGACCAATA-1,0,37,65,9110,8950
ATGGAGCAGGCCGTGA-1,0,36,66,8997,8752
GTCATTAGAGCGAACG-1,0,37,67,8883,8949
AAGACTGCAAGCTACT-1,0,36,68,8770,8751
CTAGTCACGTCTTAAG-1,0,37,69,8656,8948
ACTCTTGTATAGTAAC-1,0,36,70,8543,8750
ATTAGGCGATGCTTTC-1,0,37,71,8429,8947
TTCGGGACTAATCGCG-1,0,36,72,8316,8749
TGGACTGTTCGCTCAA-1,0,37,73,8202,8946
AACGTGCGAAAGTCTC-1,0,36,74,8089,8749
CCACCCAAGGAAAGTG-1,0,37,75,7975,8946
CCGCACAAAGACCAAC-1,0,36,76,7862,8748
GCGATTGTTAACGTTA-1,0,37,77,7748,8945
ACTCGTCAGTAATCCC-1,0,36,78,7635,8747
GGTGATAAGGAGCAGT-1,0,37,79,7521,8944
AAGAGGCATGGATCGC-1,0,36,80,7409,8746
CACGTTCGTGCTCTAG-1,0,37,81,7294,8943
CTATTTGGTTACGGAT-1,0,36,82,7182,8745
GTACAGAGGCAAGGGT-1,0,37,83,7067,8942
GGGCCGGCCGAAGTAC-1,0,36,84,6955,8744
CCTGAACGATATATTC-1,0,37,85,6840,8941
CCGGGCTGCTCCATAC-1,0,36,86,6728,8743
TACTTGTTAGTAGTCC-1,0,37,87,6614,8940
CCTAGGCGTAGCGATC-1,0,36,88,6501,8743
CTGGCGCACAGGTCTG-1,0,37,89,6387,8940
ACTTATACTTACCCGG-1,0,36,90,6274,8742
GAAGTCTCCCTAGCGA-1,0,37,91,6160,8939
ACCGATGGTAGCATCG-1,0,36,92,6047,8741
CGAGTTTATCGGACTG-1,0,37,93,5933,8938
CATAACGGACAGTCGT-1,1,36,94,5820,8740
TGACGATGCACTAGAA-1,1,37,95,5706,8937
TAGGGAGCTTGGGATG-1,1,36,96,5593,8739
AGGGTCGATGCGAACT-1,1,37,97,5479,8936
TATATCCCTGGGAGGA-1,1,36,98,5366,8738
CATCTTACACCACCTC-1,1,37,99,5252,8935
GTGCGACAGGGAGTGT-1,1,36,100,5139,8737
CCGATCTCAACCTTAT-1,1,37,101,5025,8934
ACGATCATCTTGTAAA-1,1,36,102,4912,8737
GAAAGAACAGCGTTAT-1,1,37,103,4798,8934
CTAGGTCTGAAGGAAT-1,1,36,104,4686,8736
ATATCAACCTACAGAG-1,1,37,105,4571,8933
AAATAGCTTAGACTTT-1,0,36,106,4459,8735
GCGACATGTAAACATC-1,0,37,107,4344,8932
ATAAGTAGGGCGACTC-1,0,36,108,4232,8734
GCGAGCGCATGCTCCC-1,0,37,109,4117,8931
AGGGACCGGCTGCGTT-1,0,36,110,4005,8733
CCTATGAAGTGGTGCC-1,0,37,111,3891,8930
GCTTACGTAGTTAGTA-1,0,36,112,3778,8732
CATACTTAGGCAATAC-1,0,37,113,3664,8929
CCTGTCCCTCACGTTA-1,0,36,114,3551,8731
CAATGTGCCAACCCTT-1,0,37,115,3437,8928
GTTAAGTTAGAGTGGG-1,0,36,116,3324,8730
CTGGGATACGCTACCC-1,0,37,117,3210,8927
AACCTGTCACGGAATT-1,0,36,118,3097,8730
ACTGCGGACACACCGT-1,0,37,119,2983,8927
CCGTGAGGCATTCATG-1,0,36,120,2870,8729
GCCCAGATGCTGGAGA-1,0,37,121,2756,8926
TCTGGCCGTTCAAGTT-1,0,36,122,2643,8728
ATACGAAGGCTTTCCA-1,0,37,123,2529,8925
GATCCGAATATAAGTG-1,0,36,124,2416,8727
GTGGAGCATGTCGGCC-1,0,37,125,2302,8924
ACTCTTCAGCTCCCGC-1,0,36,126,2189,8726
CCCGATAGCCTCGCCT-1,0,37,127,2075,8923
ACAGGTGTGTTGTTGC-1,0,38,0,16484,9175
TGAACTGCTATGACTT-1,0,39,1,16370,9372
TGACATATATGACGAT-1,0,38,2,16257,9174
AAGTCTTCTGTGGCCT-1,0,39,3,16143,9371
ACCAGACCATAACAAC-1,0,38,4,16030,9174
TGAGACGTACCTCTCA-1,0,39,5,15916,9371
GACCGTTACATGCGAC-1,0,38,6,15803,9173
GGTTCGGATTATACTA-1,0,39,7,15689,9370
CCTCCTGAGCCCACAT-1,0,38,8,15576,9172
CCGCGATTTGGTAGGT-1,0,39,9,15462,9369
AATCTCTACTGTGGTT-1,0,38,10,15349,9171
ACTTTGACTGCATCCT-1,0,39,11,15235,9368
CCCTGACTAACAAATT-1,0,38,12,15122,9170
ACGCTGTGAGGCGTAG-1,0,39,13,15008,9367
GCATACGAGGTCTTTA-1,0,38,14,14895,9169
TCGGGATTCAAACATA-1,0,39,15,14781,9366
GGGCCCTACGAAAGGG-1,0,38,16,14668,9168
CGCCAAGAAGCCGAGT-1,0,39,17,14554,9365
GGTACATCTGGGACGA-1,0,38,18,14441,9168
GGATGCTGGCGTTCCT-1,0,39,19,14327,9365
CCGATTCGAGGGACCC-1,0,38,20,14215,9167
CCACTGGTGGCTGGTT-1,0,39,21,14100,9364
GACAGGCACACACTAT-1,0,38,22,13988,9166
TCAACGCGACCGGCAG-1,0,39,23,13873,9363
CTACGACTAGCTATAA-1,0,38,24,13761,9165
CGGTTGACCTGGCATA-1,0,39,25,13647,9362
ATCCTGAATCGCTGCG-1,0,38,26,13534,9164
GTTTCATATCGTCGCT-1,0,39,27,13420,9361
ATAAATATTAGCAGCT-1,0,38,28,13307,9163
AAGAGGATGTACGCGA-1,0,39,29,13193,9360
TCCTGCGTTGATACTC-1,0,38,30,13080,9162
CGTGCATTGTCGACGC-1,0,39,31,12966,9359
CCGGGTTCGAGGTTAC-1,1,38,32,12853,9162
CCCAATTTCACAACTT-1,1,39,33,12739,9358
TGATTTATTAGCTGTG-1,1,38,34,12626,9161
TGGAAGAAGGGAACGT-1,1,39,35,12512,9358
GACGCTTGCTTCTAAA-1,1,38,36,12399,9160
GGGAACGGGAGGTTAG-1,1,39,37,12285,9357
GCGGCTCTGACGTACC-1,1,38,38,12172,9159
ACGTTAGATTTGCCCG-1,1,39,39,12058,9356
GAGAGGGCGCGAGGTT-1,1,38,40,11945,9158
GCGTCTCTGCATTGGG-1,1,39,41,11831,9355
GCAGCACACAGCCCAG-1,1,38,42,11718,9157
CAGGCCGTTTGGGTGT-1,1,39,43,11604,9354
AACTCAAGTTAATTGC-1,1,38,44,11492,9156
CTTCGTAGATAGGTGA-1,1,39,45,11377,9353
TGCAGAGTACCGAGCA-1,1,38,46,11265,9155
GAAGTGATTTATCGTG-1,1,39,47,11150,9352
CGCTACGGGACATTTA-1,1,38,48,11038,9155
CCACACTGAGATATTA-1,1,39,49,10924,9352
CGATCCGACCCAGTGC-1,1,38,50,10811,9154
CTGTACTTCTTAGCAT-1,1,39,51,10697,9351
ACTTATTAGGATCGGT-1,1,38,52,10584,9153
TAGTCCGCAGAGAATG-1,1,39,53,10470,9350
TTCACGAAAGGATCAC-1,0,38,54,10357,9152
TACATTTCTAACGTGC-1,0,39,55,10243,9349
ACCATATCCGCAATAA-1,0,38,56,10130,9151
CACTCAAGAGCTATGG-1,0,39,57,10016,9348
TGTACGAACAAATCCG-1,0,38,58,9903,9150
ATCATCCAATATTTGT-1,0,39,59,9789,9347
CGCTATTCTTAGGCTC-1,0,38,60,9676,9149
TGGCAGCAGTAATAGT-1,0,39,61,9562,9346
TCACGTGCCCGATTCA-1,0,38,62,9449,9149
CATACGGCGTCTGGGC-1,0,39,63,9335,9346
CACATGATTCAGCAAC-1,0,38,64,9222,9148
GCTAGTAGAGCTTGTA-1,0,39,65,9108,9345
TGCTGTTGAAGAACTC-1,0,38,66,8995,9147
CGGAGCATGGCGATCC-1,0,39,67,8881,9344
TAGCGTTGGGTCTTAC-1,0,38,68,8769,9146
GTAGCGGCTATACACT-1,0,39,69,8654,9343
TAACATACAATGTGGG-1,0,38,70,8542,9145
TCTTCGAATAGACGTT-1,0,39,71,8427,9342
GATCGTGACTGATATC-1,0,38,72,8315,9144
GATCCGGGAATTAACA-1,0,39,73,8200,9341
TTATATACGCTGTCAC-1,0,38,74,8088,9143
GTCGCGTAACCCGTTG-1,0,39,75,7974,9340
AGCTCTAGACGTTCCA-1,0,38,76,7861,9143
GTCAAGCGGACTCGGG-1,0,39,77,7747,9340
CGAGGGACTGCGGTCG-1,0,38,78,7634,9142
AATCGCCTCAGCGCCA-1,0,39,79,7520,9339
CTTGTTGCTGAGTCAA-1,0,38,80,7407,9141
GATATGAGACACTAAC-1,0,39,81,7293,9338
TTATGATCTTAACGAA-1,0,38,82,7180,9140
CGCCGCCCATGCCTGT-1,0,39,83,7066,9337
CTGGGATAAATAATGG-1,0,38,84,6953,9139
GTGCCCGTTCGGATTC-1,0,39,85,6839,9336
TTCAATACTCTGAATC-1,0,38,86,6726,9138
CGCACATGTCCACTAC-1,0,39,87,6612,9335
AGAAGAGCGCCGTTCC-1,0,38,88,6499,9137
GATAACTCGCACTGTG-1,0,39,89,6385,9334
AGTCGACGGTCTCAAG-1,0,38,90,6272,9137
GTGACCGCACACTACG-1,0,39,91,6158,9334
GTATGTGGGTCTAGTT-1,0,38,92,6046,9136
CTTGAGTTAGGGTAAT-1,0,39,93,5931,9333
TTAGCTGATTTGCCGT-1,0,38,94,5819,9135
GCTGTTGCTACCGAAC-1,0,39,95,5704,9332
TATTACCATCCTGCTT-1,0,38,96,5592,9134
TTGAATTCACGTGAGG-1,0,39,97,5477,9331
CCATCTCACCAGTGAA-1,1,38,98,5365,9133
CGCACGTGCGCTATCA-1,0,39,99,5251,9330
ACCCGGATGACGCATC-1,1,38,100,5138,9132
CGCTAGAGACCGCTGC-1,0,39,101,5024,9329
ATAGTTCCACCCACTC-1,1,38,102,4911,9131
GCAGACCCAGCACGTA-1,0,39,103,4797,9328
TAGACTACCTAGCGTT-1,1,38,104,4684,9130
GGTTCTACTCGTCTGA-1,0,39,105,4570,9327
GACTCACCCACGTGAG-1,0,38,106,4457,9130
AGCTCTTCGTAACCTT-1,0,39,107,4343,9327
ACTATCCAGGGCATGG-1,0,38,108,4230,9129
AAGGATCGATCGCTTG-1,0,39,109,4116,9326
ATATCGGTAGGGAGAT-1,0,38,110,4003,9128
TTCCAGACGAGATTTA-1,0,39,111,3889,9325
GACCGACGTGAAAGCA-1,0,38,112,3776,9127
CCTGGAAACGTTCTGC-1,0,39,113,3662,9324
CCGGTAATGGCTAGTC-1,0,38,114,3549,9126
GCCGTGGAAGAAATGT-1,0,39,115,3435,9323
GTCTTGAGGAGCAGTG-1,0,38,116,3322,9125
TCCCAAAGCCCTAAAT-1,0,39,117,3208,9322
TTGAGCGCCACGTGAT-1,0,38,118,3096,9124
TTGAGTCCCGCTGCTG-1,0,39,119,2981,9321
ATGGAACCTTTGCACA-1,0,38,120,2869,9124
GCTAGCACCTGGGCCA-1,0,39,121,2754,9321
CGCCGTCTACCCATCG-1,0,38,122,2642,9123
GATAGGTGTCCCGGGC-1,0,39,123,2528,9320
AGGTATGCGGACATTA-1,0,38,124,2415,9122
TTGGTTCGCTCAAAGG-1,0,39,125,2301,9319
TCTGGAGCGTAAGAGT-1,0,38,126,2188,9121
TGCCTAAATTTAATAG-1,0,39,127,2074,9318
TAATTTCCGTCCAGTA-1,0,40,0,16482,9570
TCCTTCAATCCCTACG-1,0,41,1,16368,9767
TACCTATCCCTAGAGG-1,0,40,2,16255,9569
GCATGGGTACTGACGC-1,0,41,3,16141,9766
GTCGGGAACATGGTAG-1,0,40,4,16028,9568
GCAAATGAGGACACTT-1,0,41,5,15914,9765
GAATGGGCTTATCGAC-1,0,40,6,15801,9568
TGGTCGTGCAAGGCAA-1,0,41,7,15687,9765
CACCACGCCACACAGA-1,0,40,8,15575,9567
GAACCTCGACCTACAC-1,0,41,9,15460,9764
CAATACGCTCTGAGGC-1,0,40,10,15348,9566
TGGTAAGCAGGATTGA-1,0,41,11,15233,9763
AGTGGCTCCGTCGGCC-1,0,40,12,15121,9565
GATCGGATAGAACCAT-1,0,41,13,15007,9762
GCTACAGTACGGACCG-1,0,40,14,14894,9564
TCTATTACTAGAGGAT-1,0,41,15,14780,9761
TTCAGGCGTCAAAGCC-1,0,40,16,14667,9563
AGACCGGGAAACCCTG-1,0,41,17,14553,9760
AGAGATCTCTAAAGCG-1,0,40,18,14440,9562
CCCTGCCCAATCCGCT-1,0,41,19,14326,9759
GTGGCGGTCCCAGCGT-1,0,40,20,14213,9562
GCATTGTAATTCATAT-1,0,41,21,14099,9759
CCGTTCCGAATCTCGG-1,0,40,22,13986,9561
AGCTTGATCTTAACTT-1,0,41,23,13872,9758
CCTGTACTCACGCCCA-1,0,40,24,13759,9560
AAGTGACGACCGAATT-1,0,41,25,13645,9757
CTCACTTGGCTGGTAA-1,0,40,26,13532,9559
CGCCTGGCCTACGTAA-1,0,41,27,13418,9756
CCCGTAAGTCTAGGCC-1,0,40,28,13305,9558
TTGGACATGTGGCTTA-1,0,41,29,13191,9755
ATTACGCGCTGGCAGG-1,0,40,30,13078,9557
ACGCGCTACACAGGGT-1,1,41,31,12964,9754
TACGTTTACCGGCAAT-1,1,40,32,12852,9556
CGAAACGCAATTCATG-1,1,41,33,12737,9753
TAGTCTAACAACGAGA-1,1,40,34,12625,9555
TTGCATGCTGATCACG-1,1,41,35,12510,9752
TCTGGGTAGCGCTCAT-1,1,40,36,12398,9555
ACATCGGTCAGCCGCG-1,1,41,37,12284,9752
AGATACCGGTGTTCAC-1,1,40,38,12171,9554
GATTACTGAATTTGGG-1,1,41,39,12057,9751
TCCAACTTTAAATTCT-1,1,40,40,11944,9553
TCCTAGCAAAGAAGCT-1,1,41,41,11830,9750
GTCTATCTGAGTTTCT-1,1,40,42,11717,9552
GATGTTCAATCCACGA-1,1,41,43,11603,9749
AGTTAAACACTTGCGA-1,1,40,44,11490,9551
AGCTCTTTACTCAGTT-1,1,41,45,11376,9748
ATCCAGGATTCGTGAA-1,1,40,46,11263,9550
AGTCAACACCACCATC-1,1,41,47,11149,9747
CGATACCTCGCGGACA-1,1,40,48,11036,9549
TACAACGCACAACTCA-1,1,41,49,10922,9746
AATTAAAGGTCGGCGT-1,1,40,50,10809,9549
TACGCAGTTCTTTCCT-1,1,41,51,10695,9746
GACCGTGCTGACGGTG-1,1,40,52,10582,9548
GGCAAATTACTTTACT-1,1,41,53,10468,9745
GGTACAAACATGCTAT-1,1,40,54,10355,9547
CGGGCCTTCTTTGTAA-1,1,41,55,10241,9744
CGTGAAGTTAATTCAC-1,0,40,56,10129,9546
ATAGTGAAGCGTTCTC-1,1,41,57,10014,9743
TACGCCATATTCTAAT-1,0,40,58,9902,9545
GCCGGGTTAGGGTCGC-1,1,41,59,9787,9742
TACATAGGCATACACC-1,1,40,60,9675,9544
GCCGATTGGCCAAGCT-1,1,41,61,9560,9741
CTGCCATGCATCACAT-1,1,40,62,9448,9543
TTATGAATGAAAGGGA-1,1,41,63,9334,9740
GCTGAGGCGTGAGTAT-1,0,40,64,9221,9543
GCGCCGTTCCACGATA-1,1,41,65,9107,9740
CGCATGGTGCGATGCT-1,0,40,66,8994,9542
AGGTTTCACACACCTT-1,0,41,67,8880,9739
CAAGGATCGCATGTTC-1,0,40,68,8767,9541
ACGTTAATGTCGAAGA-1,0,41,69,8653,9738
TCCAGAGCACCGGTTC-1,0,40,70,8540,9540
GATTCGACGGTTCACG-1,0,41,71,8426,9737
GTTTCTGCAGTCTCCC-1,0,40,72,8313,9539
GCTGCACGGTTTCTTA-1,0,41,73,8199,9736
CGTGCAGACTGGGACA-1,0,40,74,8086,9538
GTGTTACTATGCGTCC-1,0,41,75,7972,9735
TCCTCGGGCTGGGCTT-1,0,40,76,7859,9537
GTGAGGACACTTAAGG-1,0,41,77,7745,9734
ATACGCCGGCGAAACC-1,0,40,78,7632,9537
TCTGCCAGAAACTGCA-1,0,41,79,7518,9734
TTCTGCGGGTTAGCGG-1,0,40,80,7406,9536
CTCGGTACCACTGCTC-1,0,41,81,7291,9733
GTAAGTAACAGTCTGG-1,0,40,82,7179,9535
GTGCGTGTATATGAGC-1,0,41,83,7064,9732
ATTTGTCTTGGGAGCT-1,0,40,84,6952,9534
CCTCGGACCGGGATAG-1,0,41,85,6837,9731
TAGGTGCTCGCCTAGC-1,0,40,86,6725,9533
CTTTAGGAACACTGTT-1,0,41,87,6611,9730
TCGGGCCGTCGTGGTA-1,0,40,88,6498,9532
AGTGCTTGCACGAATA-1,0,41,89,6384,9729
TGCAGTTTCCTCCCAT-1,0,40,90,6271,9531
TGAGAGATTTACCACG-1,0,41,91,6157,9728
GAAACAGATGACCACC-1,0,40,92,6044,9531
AGCAACATATCTTATT-1,0,41,93,5930,9727
CAAGTGTGGTTGCAAA-1,0,40,94,5817,9530
GCCTCATCTGGAAATA-1,0,41,95,5703,9727
AACCCTACTGTCAATA-1,0,40,96,5590,9529
ACGTATTACTCCGATC-1,0,41,97,5476,9726
TCTGGGAACCTTTGAA-1,0,40,98,5363,9528
GCTCGCTCATGTCCAA-1,0,41,99,5249,9725
GCGCAAGAGCGCGCTG-1,0,40,100,5136,9527
TTGACGCTCCATGAGC-1,0,41,101,5022,9724
TATAGATGGTCGCAGT-1,0,40,102,4909,9526
TTACATGCCACAACTA-1,0,41,103,4795,9723
ACATGGCGCCAAAGTA-1,0,40,104,4683,9525
TATGGTTAGTGGGAGA-1,0,41,105,4568,9722
CATGACTTCGCTGAAT-1,0,40,106,4456,9524
ACCACCAATGTAACAA-1,0,41,107,4341,9721
TCTTAGAGCTCCAATT-1,0,40,108,4229,9524
CCACGAATTTAACCTC-1,0,41,109,4114,9721
TTCTTGCTAGCATCTC-1,0,40,110,4002,9523
ACACCTTACTACTTGC-1,0,41,111,3888,9720
AGTCGGTTGCGTGAGA-1,0,40,112,3775,9522
ACCTACAGTATGTGGT-1,0,41,113,3661,9719
GAGGATAAACAGTGCT-1,0,40,114,3548,9521
TTCCGGTATCTGTGTC-1,0,41,115,3434,9718
GGAGGCCGAAGTCGTC-1,0,40,116,3321,9520
TTCGCTAGGAAGTTGT-1,0,41,117,3207,9717
TAAAGACAACCCTTTA-1,0,40,118,3094,9519
GTTGCGCTAACATTAC-1,0,41,119,2980,9716
GCTGAACTCTCCAGGG-1,0,40,120,2867,9518
AGCCCTGTCGCACCGT-1,0,41,121,2753,9715
AGCGCTAGAGCGATGT-1,0,40,122,2640,9518
TGCGCCGTTAATAACG-1,0,41,123,2526,9715
TGACAACGCATGTCGC-1,0,40,124,2413,9517
CGTCTTGAGTGTGACG-1,0,41,125,2299,9714
GATAGGATTAATTACA-1,0,40,126,2186,9516
GATACCGTGTCGGAGT-1,0,41,127,2072,9713
TGTGTCGAAGTCGAGG-1,0,42,0,16481,9965
GGATCAGAGCCATCAG-1,0,43,1,16367,10162
GTCCCAATCATCCCGC-1,0,42,2,16254,9964
TGCCACACTAGAGGAA-1,0,43,3,16140,10161
TGAATTTCACTTGCCT-1,0,42,4,16027,9963
CTCAGATTGTGATAAG-1,0,43,5,15913,10160
CGGACGTTACTTGAAG-1,0,42,6,15800,9962
CCGCCTTGCGATGTCG-1,0,43,7,15686,10159
CCAGTCAAATCTCTTA-1,0,42,8,15573,9962
AAACAGCTTTCAGAAG-1,0,43,9,15459,10159
TAGCTGATGTGAAGCG-1,0,42,10,15346,9961
CTTATGCGCTCAGGGC-1,0,43,11,15232,10158
TGGCTCTTGTCGCGTA-1,0,42,12,15119,9960
TTGTGAGGCATGACGC-1,0,43,13,15005,10157
CATAAGCTCTCCGTCT-1,0,42,14,14892,9959
CCTTCTCAGCGTTCCT-1,0,43,15,14778,10156
TGCAGCTACGTACTTC-1,0,42,16,14665,9958
CTCTACACTGGCGATT-1,0,43,17,14551,10155
TGCAGATCGTCCTAGG-1,0,42,18,14438,9957
TGCCAAAGTCAGACTT-1,0,43,19,14324,10154
ACAATAGTCGTACGTT-1,0,42,20,14212,9956
CATGCCAACTCGCAAA-1,0,43,21,14097,10153
TGCAGAACTATATCGT-1,0,42,22,13985,9955
TCGTGTCACGCTGACA-1,0,43,23,13870,10152
TGATCAGGGAACTGCT-1,0,42,24,13758,9955
CTTGCAACCGCCTCCT-1,0,43,25,13644,10152
AGCCCATACATGTAAG-1,0,42,26,13531,9954
ATCCAATGGAGGGTCC-1,0,43,27,13417,10151
AAACCGGGTAGGTACC-1,0,42,28,13304,9953
GCAACCACGGCCGCGT-1,0,43,29,13190,10150
CGCTTATTCCCGGTCG-1,0,42,30,13077,9952
TTACTCTGGTACGTAC-1,1,43,31,12963,10149
GTGGTTTCCGCCTTTC-1,1,42,32,12850,9951
ATAGGCGGCTATAGAA-1,1,43,33,12736,10148
GTGCCATCACACGGTG-1,1,42,34,12623,9950
CCCAACATACGTCGCG-1,1,43,35,12509,10147
CGGTGCAGATAGAACG-1,1,42,36,12396,9949
GGGCGGGTTCCCTACG-1,1,43,37,12282,10146
TGAGCCATACAGTCTC-1,1,42,38,12169,9949
CTCCGCCCACATGAGG-1,1,43,39,12055,10146
GTTGAACCGGTTCCAT-1,1,42,40,11942,9948
TTGACTACCATATGGT-1,1,43,41,11828,10145
ACCATCGTATATGGTA-1,1,42,42,11715,9947
TGCGTAAGAACCTGAT-1,1,43,43,11601,10144
AGAAGGTTGCCGAATT-1,1,42,44,11489,9946
AGGACGACCCATTAGA-1,1,43,45,11374,10143
GGTGCTGGTACACATT-1,1,42,46,11262,9945
GCGCTATGCCGAGGCA-1,1,43,47,11147,10142
ACCCGGTTACACTTCC-1,1,42,48,11035,9944
TAACTCATCCGCGCGG-1,1,43,49,10921,10141
CACAATGAGCTGCTAT-1,1,42,50,10808,9943
GTTACTTTGGGCCTAG-1,1,43,51,10694,10140
GGGCCCGTCTTAAACA-1,1,42,52,10581,9943
GAAATTGTCTCTATAA-1,1,43,53,10467,10140
GGCGCATGAATTGATG-1,1,42,54,10354,9942
CATATAGGTACAGTCA-1,1,43,55,10240,10139
TCAACGAGGAGACAAA-1,1,42,56,10127,9941
TTGCACAATTCAGAAA-1,1,43,57,10013,10138
CATCGGACGGGTTAAT-1,1,42,58,9900,9940
ATTAAACATGCGGACC-1,1,43,59,9786,10137
TATCTACCACAGCGGG-1,1,42,60,9673,9939
CGAGACCCTAGAGTGT-1,1,43,61,9559,10136
ACATCGATCGTTTACC-1,1,42,62,9446,9938
ATCGACCCAATACAGA-1,1,43,63,9332,10135
GAATCTGAACATTCTC-1,1,42,64,9219,9937
AGTTCCTATTTATGTT-1,1,43,65,9105,10134
CAGTCTGTATACTGGG-1,1,42,66,8992,9937
GGAGACGACACCTTTG-1,1,43,67,8878,10134
CCTAAATTAACGGTTC-1,0,42,68,8766,9936
GCTACGACTTATTGGG-1,0,43,69,8651,10133
CTGTGCAGGGTAGGTC-1,0,42,70,8539,9935
ACGCCGCTAGACGACC-1,0,43,71,8424,10132
ACTTGACTCCCTCTTT-1,0,42,72,8312,9934
CGCCTCCCTCCTCTAT-1,0,43,73,8197,10131
CTAGATTTACGACGGC-1,0,42,74,8085,9933
GATGCTGTATTTCATC-1,0,43,75,7971,10130
TGCGTTTGTTGACACT-1,0,42,76,7858,9932
CGTGCCCTCCCGAAGA-1,0,43,77,7744,10129
ACTCTCTGACTTAGGT-1,0,42,78,7631,9931
CTGGGTAGGCAGTTAA-1,0,43,79,7517,10128
GTTTGGCCCAAGTTAT-1,0,42,80,7404,9931
GAATGTGGTCCGGATT-1,0,43,81,7290,10127
CCCAGTTAAGGCGCCG-1,0,42,82,7177,9930
CGGTACTAGAATCAAA-1,0,43,83,7063,10127
GCTTAATGTAACTAAC-1,0,42,84,6950,9929
AGGACAGTCGAATCCC-1,0,43,85,6836,10126
GACAGCCAGACCTGAC-1,0,42,86,6723,9928
GGCGAAATCTAACTTG-1,0,43,87,6609,10125
CTGGTAACACATAGAA-1,0,42,88,6496,9927
TAGCCATTTCAAAGTC-1,0,43,89,6382,10124
GGGATTTACCGCACCT-1,0,42,90,6269,9926
ATGCCATTTGCGACCA-1,0,43,91,6155,10123
GAATAGACGCGACCCA-1,0,42,92,6043,9925
TGTATGGCGCAGACAG-1,0,43,93,5928,10122
GGATGAAGATCGCTGA-1,0,42,94,5816,9924
CGACAATTTGATCTAA-1,0,43,95,5701,10121
AAAGTTGACTCCCGTA-1,0,42,96,5589,9924
CGCGGCTCAACTTGAA-1,0,43,97,5474,10121
CACGCGGAACTGTTGC-1,0,42,98,5362,9923
TCTTAGAGTGAACTCT-1,0,43,99,5248,10120
AGTCCATTGGCTGATG-1,0,42,100,5135,9922
TTAAGATAGGATTGAC-1,0,43,101,5021,10119
ACATCCTGGTAACTGT-1,0,42,102,4908,9921
CACCTTGGCGCCTTTG-1,0,43,103,4794,10118
GCTAGACCGTCTACTG-1,0,42,104,4681,9920
CGGCCCAGGTATATCC-1,0,43,105,4567,10117
GTCCATTACTGCTACG-1,0,42,106,4454,9919
GGGTTTAGGATAGGAT-1,0,43,107,4340,10116
TAATTAGGACATCCGT-1,0,42,108,4227,9918
GCTCCCAGTCGGTCCA-1,0,43,109,4113,10115
ATTCGTGCTATCTCTT-1,0,42,110,4000,9918
GTTAACTATGTTGTCA-1,0,43,111,3886,10115
GCTCCGCTCGCTTCAG-1,0,42,112,3773,9917
GCAACGGCTAGTTATG-1,0,43,113,3659,10114
AATCGCGCAGAGGACT-1,0,42,114,3546,9916
AGGTTACACCATGCCG-1,0,43,115,3432,10113
CGAGATTTCGCTCGGG-1,0,42,116,3319,9915
CGATAATACTCAGGTT-1,0,43,117,3205,10112
AAGGCAGGCTGTCTCC-1,0,42,118,3093,9914
GTAAGTCCACACTCTA-1,0,43,119,2978,10111
ATGAGGGCAGCGGCTA-1,0,42,120,2866,9913
GCCGCACTCCGTTTCA-1,0,43,121,2751,10110
GAGCACGGCGCCTCTT-1,0,42,122,2639,9912
ACAATTTGGCCATATT-1,0,43,123,2525,10109
CTGGTTCGCGAGCTAC-1,0,42,124,2412,9912
GACGGTCCTAGGGTGT-1,0,43,125,2298,10109
ACTCGCGATCTGACGC-1,0,42,126,2185,9911
GTGTACGAACCGTTCC-1,0,43,127,2071,10108
CTTTGACGTCGCTTCT-1,0,44,0,16479,10360
CGTTATCATACTTCCA-1,0,45,1,16365,10557
GCTATGCCAGCTTATG-1,0,44,2,16252,10359
CAGTCGGCCTAGATAT-1,0,45,3,16138,10556
CCCGTGAGGGCGGTGA-1,0,44,4,16025,10358
TCTCGTGTTACGAGGA-1,0,45,5,15911,10555
ACGTCTCGTTCCGGGA-1,0,44,6,15799,10357
CGAGAGCGCGTAGATA-1,0,45,7,15684,10554
GACAGATTTCTGGCTC-1,0,44,8,15572,10356
GGGCCTAAATGGGCTA-1,0,45,9,15457,10553
ACTTGTAGTCCCTTCA-1,0,44,10,15345,10355
CCCGAAGTTTCGCGAA-1,0,45,11,15230,10552
ACCATCCGCCAACTAG-1,0,44,12,15118,10355
TGCGAATATGGGATTT-1,0,45,13,15004,10552
TACATCCCTATCCCTG-1,0,44,14,14891,10354
GTGGGAAGACTGAATC-1,0,45,15,14777,10551
TCAACATCGACCGAGA-1,0,44,16,14664,10353
CTATGTGAGTCACGGC-1,0,45,17,14550,10550
CCGAACACTGGGCCTC-1,0,44,18,14437,10352
AAACTTGCAAACGTAT-1,0,45,19,14323,10549
AGGGCGAGCAGCTGAT-1,0,44,20,14210,10351
AACACGAGACGCGGCC-1,0,45,21,14096,10548
TGACGAATATTTCCCT-1,0,44,22,13983,10350
TCGGAGAGTATCGGGA-1,0,45,23,13869,10547
CAAATCTCTCACAAGG-1,0,44,24,13756,10349
AGGCCCTAGAACGCCA-1,0,45,25,13642,10546
TAGAGATCATGCAACT-1,0,44,26,13529,10349
TTGTTTCCATACAACT-1,0,45,27,13415,10546
GAGAGGTGCATTCTGG-1,0,44,28,13302,10348
GTGGACCAACCCGATT-1,0,45,29,13188,10545
CTGGGCCTGCTATATC-1,0,44,30,13075,10347
CATAGTCCACAAGAAC-1,0,45,31,12961,10544
TTGACATGAACGTGGA-1,1,44,32,12849,10346
GGTTACCACCCTCGGG-1,1,45,33,12734,10543
TACCGGTCGTTTCCAT-1,1,44,34,12622,10345
CGAGTACTAAAGAGGA-1,1,45,35,12507,10542
GCAAGAATTCCTTGGC-1,1,44,36,12395,10344
TCGCCGAAGTTGCGTC-1,1,45,37,12281,10541
TTGAGAGTACTGCTAA-1,1,44,38,12168,10343
GCCACAATTTAAGGAC-1,1,45,39,12054,10540
ATATTCAGTTAAACCT-1,1,44,40,11941,10343
TGAGTGCCTCTTAAAT-1,1,45,41,11827,10540
ATCAGACGGCACGCCG-1,1,44,42,11714,10342
GTGCGAAATCGAACAC-1,1,45,43,11600,10539
GTGCCGCTTCAAAGGT-1,1,44,44,11487,10341
GATACGATGGGAGTCA-1,1,45,45,11373,10538
GACACTGAGTTCAGTG-1,1,44,46,11260,10340
ATCCTGCGTGGAATGG-1,1,45,47,11146,10537
ATCCTACCTAAGCTCT-1,1,44,48,11033,10339
AGTGATATGAGTAGTT-1,1,45,49,10919,10536
ATGATGCAATGGTACA-1,1,44,50,10806,10338
GAAACCGAATTACCTT-1,1,45,51,10692,10535
AGTGACCTACTTTACG-1,1,44,52,10579,10337
CAAATGTCCTTCCGTG-1,1,45,53,10465,10534
TTACTGGGATATTTCA-1,1,44,54,10352,10337
CTTGCCCAGGCTCTAC-1,1,45,55,10238,10534
AAATCGTGTACCACAA-1,1,44,56,10126,10336
GTGATCATAGATCTGC-1,1,45,57,10011,10533
TGGCAGATTACGATCA-1,1,44,58,9899,10335
TCACCCTCTTAAGATT-1,1,45,59,9784,10532
CAGGATATATCGTTGT-1,1,44,60,9672,10334
CCTGACCACCGATGGT-1,1,45,61,9558,10531
CTAAAGGGAAATAGGA-1,1,44,62,9445,10333
CCGCTATCAGCACCAG-1,1,45,63,9331,10530
CTTTAGTGCTATTATT-1,1,44,64,9218,10332
CGGGAATTTATGTAAA-1,1,45,65,9104,10529
TACGACTGCCTCTTAG-1,1,44,66,8991,10331
AAACTGCTGGCTCCAA-1,1,45,67,8877,10528
GTACGTTTGCCCGTCA-1,1,44,68,8764,10331
GGCAAGGCGAAATAGC-1,1,45,69,8650,10528
GATCTTGGAGGGCATA-1,0,44,70,8537,10330
AGCGTGGTATTCTACT-1,0,45,71,8423,10527
CTAAGGGAATGATTGG-1,0,44,72,8310,10329
CATGGTAAGTAGCGTT-1,0,45,73,8196,10526
CGTTGAGCGACCGTCG-1,0,44,74,8083,10328
TGCCCGTACCGTTAAA-1,0,45,75,7969,10525
ACAAGGGCAGGCTCTG-1,0,44,76,7856,10327
GAGATCTTCCATGACA-1,0,45,77,7742,10524
AATGACGTAGGATGTC-1,0,44,78,7629,10326
GTGGTGGCCAAGTGAA-1,0,45,79,7515,10523
TCCCGTGTGCAATTTG-1,0,44,80,7403,10325
ACATCGTATGCAATGG-1,0,45,81,7288,10522
GCGAAACTTAACTGGA-1,0,44,82,7176,10324
AATTGAACGCTCTGGT-1,0,45,83,7061,10521
ACAAATGGTAGTGTTT-1,0,44,84,6949,10324
ATGGTCGCGTGGTTTC-1,1,45,85,6834,10521
TGTTATTGTATGTGGC-1,0,44,86,6722,10323
TTCCGGTTACCCACTT-1,1,45,87,6608,10520
GAGTGTGCGGTACCCA-1,0,44,88,6495,10322
CAAGATATTATAACGT-1,0,45,89,6381,10519
ACACACCAGGACCAGT-1,0,44,90,6268,10321
ATGGGCCTCGGCCTCT-1,0,45,91,6154,10518
AAGGTGATAAACCAGC-1,0,44,92,6041,10320
TCTTACTTATGCCTCT-1,0,45,93,5927,10517
AAAGTGTGATTTATCT-1,0,44,94,5814,10319
TGCTCCACAGTTCTTA-1,0,45,95,5700,10516
CTGGCTGATTCATCCT-1,0,44,96,5587,10318
TAAGGCTGAATCCCTC-1,0,45,97,5473,10515
TCTAGTGATATCGTGG-1,0,44,98,5360,10318
TCGAAGAACCGAGCAC-1,0,45,99,5246,10515
GACAAACATATGCAGG-1,0,44,100,5133,10317
AAGTCAATTGTCGTCA-1,0,45,101,5019,10514
AGTGAACAAACTTCTC-1,0,44,102,4906,10316
CATGATGGAAGTTAGC-1,0,45,103,4792,10513
AAGTGCCTTGACTGTA-1,0,44,104,4680,10315
ATCGCCAGTCAACATT-1,0,45,105,4565,10512
ACCGCGGTGGAAGTCG-1,0,44,106,4453,10314
TCTTCTATAACCCGCC-1,0,45,107,4338,10511
CACATTTCTTGTCAGA-1,0,44,108,4226,10313
TAGCGTCCCTCGATTG-1,0,45,109,4111,10510
GTTCGGATCGGGAACA-1,0,44,110,3999,10312
CAAACTCGCGACGCCG-1,0,45,111,3885,10509
GTCTTGTAGCTATTCA-1,0,44,112,3772,10312
TCTCGACGTATCGCCG-1,0,45,113,3658,10509
TTGCCAAGCAGAACCC-1,0,44,114,3545,10311
AAACCCGAACGAAATC-1,0,45,115,3431,10508
TTGAGCAGCCCACGGT-1,0,44,116,3318,10310
CGCCTTTAGCATGCTC-1,0,45,117,3204,10507
TGTGGCTCCCACCAAC-1,0,44,118,3091,10309
CCGCCGTTGAGGATAA-1,0,45,119,2977,10506
CAATACGAGAGTCTGA-1,0,44,120,2864,10308
CATCTAGTGAAGGGAA-1,0,45,121,2750,10505
GGTGGAGGTTGATACG-1,0,44,122,2637,10307
CCGCACACGAACGTGT-1,0,45,123,2523,10504
AGAACCCAGCGTGACA-1,0,44,124,2410,10306
GCGCTCGATCACCTGT-1,0,45,125,2296,10503
ATCATGGACTACCGAC-1,0,44,126,2183,10306
TACGCCGCCTCAGAAG-1,0,45,127,2069,10503
CGACCTACTAGACAAT-1,0,46,0,16478,10755
GAGTCTTGTAAAGGAC-1,0,47,1,16364,10952
AATATCCTAGCAAACT-1,0,46,2,16251,10754
CCCTAGGCAACAAGAG-1,0,47,3,16137,10951
ACAAAGAAGGTAGGCC-1,0,46,4,16024,10753
CCCTGGCTGTTCCTTC-1,0,47,5,15910,10950
TCGCCGCACCGCGTGA-1,0,46,6,15797,10752
TATAGCGCACGTTATC-1,0,47,7,15683,10949
TTATCTGACATTAGGA-1,0,46,8,15570,10751
AGTGGTGTTACCCGTG-1,0,47,9,15456,10948
GCCAAGAATACTTCTG-1,0,46,10,15343,10750
CCGGCGTGAGACTCTG-1,0,47,11,15229,10947
TTCCCGGCGCCAATAG-1,0,46,12,15116,10749
AAACAGGGTCTATATT-1,0,47,13,15002,10946
ACAGTAATACAACTTG-1,0,46,14,14889,10749
CGAACGGCCGGACAAC-1,0,47,15,14775,10946
GCAACACACTAGAACT-1,0,46,16,14662,10748
ACTCCCATTCCTAAAG-1,0,47,17,14548,10945
ACCTGCGTGTCATGTT-1,0,46,18,14435,10747
TACTTTCCGCACGCCA-1,0,47,19,14321,10944
AGGTCAGGTGAGAGTG-1,0,46,20,14209,10746
TCCTCCTAAGACATTC-1,0,47,21,14094,10943
ATGTGAAAGCCTAATG-1,0,46,22,13982,10745
AGTCGGCTCAACTTTA-1,0,47,23,13867,10942
CGATCTGTTGGAGGAC-1,0,46,24,13755,10744
ACGGGAGTGTCGGCCC-1,0,47,25,13641,10941
TTAACTTCAGGTAGGA-1,0,46,26,13528,10743
CCACGGAGCCATAAGA-1,0,47,27,13414,10940
CTTCTATGTTGAAGTA-1,0,46,28,13301,10743
CACCGTTGCGCGATAT-1,0,47,29,13187,10940
TCTAGCAATCTCCGCC-1,0,46,30,13074,10742
AGTTTGGCCAGACCTA-1,0,47,31,12960,10939
TTGTAAGGACCTAAGT-1,1,46,32,12847,10741
AAATTTGCGGGTGTGG-1,1,47,33,12733,10938
AAGTTCGGCCAACAGG-1,1,46,34,12620,10740
CCGCTTACCTCACTCT-1,1,47,35,12506,10937
ATCACGTGCTAATTAA-1,1,46,36,12393,10739
GGTGAAGTACAGGGAT-1,1,47,37,12279,10936
GCTGTATTACTGGCCC-1,1,46,38,12166,10738
AACGGCCATCTCCGGT-1,1,47,39,12052,10935
TAAGTAACATCTTGAC-1,1,46,40,11939,10737
TTCTTGAGCCGCGCTA-1,1,47,41,11825,10934
AGTGCGTAGCTCGTAA-1,1,46,42,11712,10737
GGGATGGTCGTAACCG-1,1,47,43,11598,10934
GTCTGGGCGGTCGAGA-1,1,46,44,11486,10736
CGGAACGTAAACATAG-1,1,47,45,11371,10933
TGCGACACCCTAGTGC-1,1,46,46,11259,10735
CAAACGAGTATCGCAG-1,1,47,47,11144,10932
TCAGTAGGGACTATAA-1,1,46,48,11032,10734
GCGGTTCCCTATCATG-1,1,47,49,10918,10931
GTGACTTCAGTAGTGC-1,1,46,50,10805,10733
CGTCACGTCCATTGGT-1,1,47,51,10691,10930
ATAAGTTACCGCGACG-1,1,46,52,10578,10732
CTGAATCCGAGACCTC-1,1,47,53,10464,10929
TACGACGCTTGCTGCG-1,1,46,54,10351,10731
GAATTCACCCGGGTGT-1,1,47,55,10237,10928
GGGTGACACCTTAACT-1,1,46,56,10124,10731
TGAGTAAATTAGCGTA-1,1,47,57,10010,10928
GAGTCCGCTTACCGGA-1,1,46,58,9897,10730
GGCGCGTTCGAGTTTA-1,1,47,59,9783,10927
ATTCATATACTGTCCA-1,1,46,60,9670,10729
ATAAACGGACCCGTAA-1,1,47,61,9556,10926
GTCGTACCATCTCGGG-1,1,46,62,9443,10728
ATAATAGCTGTTGAAT-1,1,47,63,9329,10925
TTCCGCGTGAGGCGAT-1,1,46,64,9216,10727
TACCGGCTCACTGCCC-1,1,47,65,9102,10924
GTATCTTTCATAACCA-1,1,46,66,8989,10726
GTTACCTACAACTTGC-1,1,47,67,8875,10923
TGACTATAATCCTTTC-1,1,46,68,8763,10725
AAATACCTATAAGCAT-1,1,47,69,8648,10922
TTATTAGAGCGTGTTC-1,1,46,70,8536,10724
ATGTGGACATCTTGAT-1,1,47,71,8421,10921
GTACGCTTCATTGCAC-1,0,46,72,8309,10724
CACATATTAGCAGGAT-1,0,47,73,8194,10921
CAAGAGGGCGGAGTAC-1,0,46,74,8082,10723
TCGCAAAGATGCATTT-1,0,47,75,7968,10920
GTCGTTATTCGCTTAT-1,0,46,76,7855,10722
TCGTGTACTATGGATG-1,0,47,77,7741,10919
GCGGAGAGGGAGAACG-1,0,46,78,7628,10721
TCACAGGGAATCGCAA-1,0,47,79,7514,10918
GACTGCACCAGCCCAG-1,0,46,80,7401,10720
TCCGCTGTCATCCCGG-1,0,47,81,7287,10917
AGATACTCAAGATCGA-1,0,46,82,7174,10719
ACTGAATGGCGAAAGT-1,0,47,83,7060,10916
TCCTACATCCACGGCC-1,1,46,84,6947,10718
TTCAGCCCTGGTCCAC-1,1,47,85,6833,10915
TTAGAGTTTAGAAGGA-1,1,46,86,6720,10718
GGTTAGCTATATGTCT-1,1,47,87,6606,10915
CTGGTTTCGAGCAAGA-1,1,46,88,6493,10717
TGGGCCCATACTAATT-1,1,47,89,6379,10914
ACTTATTTATGTGCCA-1,0,46,90,6266,10716
TTAGTTATTCGTGGCA-1,0,47,91,6152,10913
AACCGCTAAGGGATGC-1,0,46,92,6040,10715
ATACGTCCACTCCTGT-1,0,47,93,5925,10912
CGACACGCTCCGACAG-1,0,46,94,5813,10714
TCTGAACTCGTACCCG-1,0,47,95,5698,10911
AGGATATAGGGATTTA-1,0,46,96,5586,10713
GTGATCACTAACGCCT-1,0,47,97,5471,10910
ACCGGGCCTTTGTTGA-1,0,46,98,5359,10712
TTGACAGGAGCTCCCG-1,0,47,99,5245,10909
CTCTTCTATTGACTGG-1,0,46,100,5132,10712
CGTGGCCGAATATCTA-1,0,47,101,5018,10909
GGTTTAGCCTTTCTTG-1,0,46,102,4905,10711
TCAAGGTTACTACACC-1,0,47,103,4791,10908
TTGACTATTGTCCGGC-1,0,46,104,4678,10710
CGGGAATATAGTATAC-1,0,47,105,4564,10907
GCAACAGCAGTATGCG-1,0,46,106,4451,10709
ATCAAACACTGTTCCA-1,0,47,107,4337,10906
TGGGCAATAGTTGGGT-1,0,46,108,4224,10708
TGAATGTCAGCCGGCC-1,0,47,109,4110,10905
CGGCTCTAAAGCTGCA-1,0,46,110,3997,10707
GGACACAAGTTTACAC-1,0,47,111,3883,10904
CCGAGAAGTCGCATAA-1,0,46,112,3770,10706
AACTACCCGTTTGTCA-1,0,47,113,3656,10903
GCACAAACGAGGCGTG-1,0,46,114,3543,10706
CACACAGCTTGCGCTC-1,0,47,115,3429,10903
GTGCTTACATCAGCGC-1,0,46,116,3317,10705
GCAAACGTCGCCAGGT-1,0,47,117,3202,10902
GAATAGCATTTAGGGT-1,0,46,118,3090,10704
TACTGTTTCTCTGGTA-1,0,47,119,2975,10901
TCCTATCATAGGTAAC-1,0,46,120,2863,10703
TTCGGTGGAGACGCCC-1,0,47,121,2748,10900
TGTTGCCGTCGTCCCA-1,0,46,122,2636,10702
CCAACTTGATAGATCC-1,0,47,123,2522,10899
CAAAGGTCATCTGAAA-1,0,46,124,2409,10701
CTAGCTTAATGGTCCC-1,0,47,125,2295,10898
AGGCCACATTGGTTAC-1,0,46,126,2182,10700
TTAGGATGGGAGGGTA-1,0,47,127,2068,10897
TATGACCTTGCGCTGG-1,0,48,0,16476,11149
ATATACATGTATGGTA-1,0,49,1,16362,11346
TGTGTGACCATGAATC-1,0,48,2,16249,11149
CCCACTCCACGGTATC-1,0,49,3,16135,11346
GGGCAGACGTCACTGC-1,0,48,4,16022,11148
TCAAAGAGCTATCTGT-1,0,49,5,15908,11345
AGATGCATCCTGTGTC-1,0,48,6,15796,11147
GTGAAGTCACGACTCG-1,0,49,7,15681,11344
TGATTCAGGTCCCGCG-1,0,48,8,15569,11146
CGCCACAGGTCGCGAT-1,0,49,9,15454,11343
TTGAATCGTTGTATAA-1,0,48,10,15342,11145
TGGCCAATTTGGTACT-1,0,49,11,15227,11342
CGACCCTTAACGCCGG-1,0,48,12,15115,11144
TCGGCGTACTGCACAA-1,0,49,13,15001,11341
GAGTAAGGCCACGGGA-1,0,48,14,14888,11143
ATCAGCTCGTCCACTA-1,0,49,15,14774,11340
AGGATCACGCGATCTG-1,0,48,16,14661,11143
AAATGGCCCGTGCCCT-1,0,49,17,14547,11340
CAGTACCAGTTTACGT-1,0,48,18,14434,11142
GGTCGTAAGCTCGCAC-1,0,49,19,14320,11339
CGTTCATGGTGCGCGT-1,0,48,20,14207,11141
GACTACAAAGCGGTGG-1,0,49,21,14093,11338
CAGCTGGCGTAACCGT-1,0,48,22,13980,11140
ACTCGTAACCCGTCCT-1,0,49,23,13866,11337
CATATGTCAGGCTACG-1,0,48,24,13753,11139
GCCCGACTTCTTCCCG-1,0,49,25,13639,11336
CTGGCATCCGAATGAG-1,0,48,26,13526,11138
AAGTGCGTTAGAATCT-1,0,49,27,13412,11335
AGAAGTGATTCGTGAT-1,0,48,28,13299,11137
TACCTTAAGATTTCCC-1,0,49,29,13185,11334
AATGACAGCAATGTCT-1,0,48,30,13072,11137
TCAACGCAGGAAATAA-1,0,49,31,12958,11334
TATTCCTCCGCCCACT-1,1,48,32,12846,11136
ATCAAACGAAGGTTTG-1,1,49,33,12731,11333
TTGATTAGCTGTTTCT-1,1,48,34,12619,11135
CTGCTGAGGCCACGAA-1,1,49,35,12504,11332
CCGTGTTAAATTCCAT-1,1,48,36,12392,11134
CACGTCGGCAACCTCT-1,1,49,37,12278,11331
GTATTCTGAGAAACGA-1,1,48,38,12165,11133
CGGTGCGCGTTGGTCC-1,1,49,39,12051,11330
GTGATTCGCCGCTCAA-1,1,48,40,11938,11132
GCCCGCGCGTAAACGG-1,1,49,41,11824,11329
AACGTACTGTGGGTAC-1,1,48,42,11711,11131
GAGTATGCCCGCCTTG-1,1,49,43,11597,11328
TGATTCTGTCGCCGGT-1,1,48,44,11484,11131
GGGCGGCAAATGAATT-1,1,49,45,11370,11328
TTCCAATCTGGCTATC-1,1,48,46,11257,11130
GGAACCGTGTAAATTG-1,1,49,47,11143,11327
TTGGTCACACTCGTAA-1,1,48,48,11030,11129
CGAACCCGCATGCGTC-1,1,49,49,10916,11326
GGGCGTCACCACGTAA-1,1,48,50,10803,11128
TACCAGAAGTAGGTTC-1,1,49,51,10689,11325
TTGGATATCGTCTACG-1,1,48,52,10576,11127
TAGATATGGACTGGAA-1,1,49,53,10462,11324
GCGACGATAGTTGTAC-1,1,48,54,10349,11126
CTGGATTTACACTTGA-1,1,49,55,10235,11323
GTTATATTATCTCCCT-1,1,48,56,10123,11125
TATTCCACTCAGCTCG-1,1,49,57,10008,11322
CTGTTACCCAATCTAG-1,1,48,58,9896,11124
ACGCGAAGTCAGACGA-1,1,49,59,9781,11321
GATAGGTAACGTTGAC-1,1,48,60,9669,11124
TGTTCGTATTGCGGTG-1,1,49,61,9555,11321
GGTCAGTGGGTCCCAC-1,1,48,62,9442,11123
AATTCTAGAGTTAGGC-1,1,49,63,9328,11320
GTTTACGTTCCATCTG-1,1,48,64,9215,11122
AGACCCACCGCTGATC-1,1,49,65,9101,11319
TCTAGCATGCCCAGAA-1,1,48,66,8988,11121
CCCGCAGCGCGAACTA-1,1,49,67,8874,11318
CTCTATTTGGCTGCAG-1,1,48,68,8761,11120
TTCTGCCGCGCCTAGA-1,1,49,69,8647,11317
ACTCCCTAGAATAGTA-1,1,48,70,8534,11119
CCGAACCTTCCCGGCC-1,1,49,71,8420,11316
TCAGACGCTATAGAAG-1,1,48,72,8307,11118
CAGGCGCCATGCTAGG-1,1,49,73,8193,11315
CACTCGAGCTGAACAA-1,0,48,74,8080,11118
ACAAGGAAATCCGCCC-1,1,49,75,7966,11315
ACCACGTGCAGCTATA-1,0,48,76,7853,11117
ACGGCGACGATGGGAA-1,0,49,77,7739,11314
TTACTAAAGGACTTTA-1,0,48,78,7626,11116
GGCTGAAATAGCAAAG-1,0,49,79,7512,11313
TTAGACGAGTCACCTC-1,0,48,80,7400,11115
GTAGTCGCGGGAATCA-1,0,49,81,7285,11312
GCAAACCCTACATTAT-1,0,48,82,7173,11114
GTTAAAGTAGGACTGG-1,0,49,83,7058,11311
ACCCTCCCTTGCTATT-1,0,48,84,6946,11113
CATGTCTCATTTATGG-1,0,49,85,6831,11310
AATAGAATCTGTTTCA-1,0,48,86,6719,11112
TCTCATGAGATAGGGT-1,0,49,87,6605,11309
ATGACTATGCGACATT-1,0,48,88,6492,11112
CCTAACCCAAACAAGT-1,0,49,89,6378,11309
AGTCAAGATGACACTT-1,0,48,90,6265,11111
CGGGAGCTTCAGTGTA-1,0,49,91,6151,11308
CCACAGTACCCATCCT-1,0,48,92,6038,11110
GAGCGCGCACGAGTAG-1,0,49,93,5924,11307
ACCAGTGCGGGAGACG-1,0,48,94,5811,11109
TCCTTACGACGGTCCG-1,0,49,95,5697,11306
TAGTCGATCACGGGTT-1,0,48,96,5584,11108
AGACGAAGTGCCGGTC-1,0,49,97,5470,11305
CGCTGGTGACTACCCT-1,0,48,98,5357,11107
AGGCATTGTCGTAGGG-1,0,49,99,5243,11304
TGGTAGAATATATGGG-1,0,48,100,5130,11106
TTCTTATCCGCTGGGT-1,0,49,101,5016,11303
AGTTTGGCACGGGTTG-1,0,48,102,4903,11106
GCATCGGCCGTGTAGG-1,0,49,103,4789,11303
ATGCGAGTCCCACCAC-1,0,48,104,4677,11105
TCGGCGAACCCAAACC-1,0,49,105,4562,11302
AGAGTAAACTTCACTA-1,0,48,106,4450,11104
AAGCCGAAGCGGTTTA-1,0,49,107,4335,11301
CCCGAGTTTCTCCGTA-1,0,48,108,4223,11103
AATATCGAATCAATGC-1,0,49,109,4108,11300
GCGCCTCCCACTCCGA-1,0,48,110,3996,11102
CGTTAAACTAGTTAGG-1,0,49,111,3882,11299
TGAGTTAAAGACATTC-1,0,48,112,3769,11101
AACAGGTAGTATGGAT-1,0,49,113,3655,11298
GAACGCGGGTCACACG-1,0,48,114,3542,11100
TGTTTGAGATCGTCAG-1,0,49,115,3428,11297
ATCTCGTGAGCGAAAC-1,0,48,116,3315,11100
CTGAGAAAGTTCGGCG-1,0,49,117,3201,11297
ATTACCACACTGCCTG-1,0,48,118,3088,11099
CTGCTGTCTAACGAGC-1,0,49,119,2974,11296
CGTGGAAGCCTCGTAC-1,0,48,120,2861,11098
GGACTCACAAATTAGG-1,0,49,121,2747,11295
CTTTGCTGTCATGGAT-1,0,48,122,2634,11097
GGTGTTGGGCGTCTTA-1,0,49,123,2520,11294
TACCATGTATTGATTT-1,0,48,124,2407,11096
GGTCTCCAAGTAGTGC-1,0,49,125,2293,11293
ATCCTTCTGAAAGAAC-1,0,48,126,2180,11095
CCGGAAGTTATCAGTC-1,0,49,127,2066,11292
TTAGAGGGATATACAG-1,0,50,0,16475,11544
TTGTACACCTCGAACA-1,0,51,1,16361,11741
GTGGGTACTGAGCGTA-1,0,50,2,16248,11543
CTTAAGCAGCGAGCCG-1,0,51,3,16134,11740
GCATTGACTTGCGGAA-1,0,50,4,16021,11543
CCATAACCTGTGCAGT-1,0,51,5,15907,11740
GGGCTACTATTTCGTG-1,0,50,6,15794,11542
GGCGAGCGAAACGGCA-1,0,51,7,15680,11739
GGAGACCATCTACATA-1,0,50,8,15567,11541
AGACCAAACCACACCT-1,0,51,9,15453,11738
CGACGCATCCGTACCT-1,0,50,10,15340,11540
CCTAGGTAAAGGTAGC-1,0,51,11,15226,11737
AGCGGCGGTTAGCGGT-1,0,50,12,15113,11539
CTGGACGCAGTCCGGC-1,0,51,13,14999,11736
AGCCTAATACCCACGT-1,0,50,14,14886,11538
AATCTGGCTTTCTAGT-1,0,51,15,14772,11735
CACCCTTGGTGAGACC-1,0,50,16,14659,11537
GGATCTTGACTCAACC-1,0,51,17,14545,11734
ACGAGGATACCACTCT-1,0,50,18,14432,11537
GAGTTGATGGCAATTT-1,0,51,19,14318,11734
GTGGCAAACAGCGGCA-1,0,50,20,14206,11536
GATGTAACGAACCACC-1,0,51,21,14091,11733
AGCCGTGGCTAAATGT-1,0,50,22,13979,11535
CTCCCTCCTTTCGATC-1,0,51,23,13864,11732
TTGGAAGAATACAGTC-1,0,50,24,13752,11534
AGTTAAGTCAACCGCT-1,0,51,25,13638,11731
CTCATGGTAATTTGCG-1,0,50,26,13525,11533
AAAGTAGCATTGCTCA-1,0,51,27,13411,11730
TTGTGGTAGGAGGGAT-1,0,50,28,13298,11532
AGTCGTGGGCATTACG-1,0,51,29,13184,11729
ACCTAAGTACCTTTCA-1,0,50,30,13071,11531
GTAGAGGGAGACAAGT-1,0,51,31,12957,11728
GATCCTCGACACTGGC-1,0,50,32,12844,11531
CCTACATTCACAGACG-1,1,51,33,12730,11728
TTGACCGTGTTAATGA-1,1,50,34,12617,11530
TCTGTTACCCAGCATA-1,1,51,35,12503,11727
CTAACTGGTCCGGTTC-1,1,50,36,12390,11529
AGCGACAGGAACGGTC-1,1,51,37,12276,11726
TAATAGAACAGAGTTA-1,1,50,38,12163,11528
ACAGGTGGAGGTGAGG-1,1,51,39,12049,11725
TGCGAGAATATTACCC-1,1,50,40,11936,11527
TTGCGTCGGCCAACCG-1,1,51,41,11822,11724
AGGCTTCCCGAAGAAG-1,1,50,42,11709,11526
GCGGACCGCGTTGTGG-1,1,51,43,11595,11723
GTAATCTGATTCTTCG-1,1,50,44,11483,11525
CCGCGGAATGCGTCAC-1,1,51,45,11368,11722
TTCCACACAGATTTGA-1,1,50,46,11256,11525
CTTCTATTAATGCTAG-1,1,51,47,11141,11721
CATTTGAGTGGTACGT-1,1,50,48,11029,11524
TCACAGCAAACTCGAA-1,1,51,49,10915,11721
CAGACGAACCTGATAC-1,1,50,50,10802,11523
TAGCTAGAAGGCATGA-1,1,51,51,10688,11720
ATCCAGAGCAACAACC-1,1,50,52,10575,11522
TCCGGTTCGTCCGGTC-1,1,51,53,10461,11719
CGCGCATGTTTGATTG-1,1,50,54,10348,11521
TGGCGATCAAGTTATG-1,1,51,55,10234,11718
CCCTTTGACAGGTCTT-1,1,50,56,10121,11520
CAGAGACGGTCACCCA-1,1,51,57,10007,11717
TAGCTCGCCTGATAAC-1,1,50,58,9894,11519
TTGTGTTTCCCGAAAG-1,1,51,59,9780,11716
TATACACAGACGCCTT-1,1,50,60,9667,11518
ACATTAGTTTATATCC-1,1,51,61,9553,11715
CCATCGCAGTTAAACT-1,1,50,62,9440,11518
AATTAGCGCTGCAGCG-1,1,51,63,9326,11715
TCCGCTTATCCCATTA-1,1,50,64,9213,11517
GTTTGGGCTTGTGAGC-1,1,51,65,9099,11714
CTTGTCAACATTCGAG-1,1,50,66,8986,11516
GGACCAACAGGATAAC-1,1,51,67,8872,11713
AAGCTAGATCGAGTAA-1,1,50,68,8760,11515
TACCGTGCCTCGGACC-1,1,51,69,8645,11712
GTAGCCAAACATGGGA-1,1,50,70,8533,11514
TGCCAGTACGTGGAGA-1,1,51,71,8418,11711
ATAAGGTGGAGAACAT-1,1,50,72,8306,11513
CTTTAATATTGGTCGA-1,1,51,73,8191,11710
TGGTTCAACGGGTAAT-1,1,50,74,8079,11512
GCTGCTACTGCGTAGC-1,1,51,75,7965,11709
CTGCACAACTACATAT-1,0,50,76,7852,11512
ATATTCCACATAGTGA-1,0,51,77,7738,11709
TGGCAAACTAAATTAC-1,0,50,78,7625,11511
ACCGCAATAACTGCCT-1,0,51,79,7511,11708
TCGCACCAGGAGGCAG-1,0,50,80,7398,11510
ACTTCAGGCTGATCCC-1,0,51,81,7284,11707
ACAAATCGCACCGAAT-1,0,50,82,7171,11509
TCTGATGTATTCTGTC-1,0,51,83,7057,11706
CTTTACCGAATAGTAG-1,0,50,84,6944,11508
GCAGATCCATAAGACT-1,0,51,85,6830,11705
TTCCTCGGACTAACCA-1,0,50,86,6717,11507
TTATCCGGGATCTATA-1,0,51,87,6603,11704
CTGGAAGACACGGTGG-1,0,50,88,6490,11506
GTTCGTCTAAAGAACT-1,0,51,89,6376,11703
GTCTATTGGTTCCGGT-1,0,50,90,6263,11506
CTAGGCGCCCTATCAG-1,0,51,91,6149,11703
AACGGACGTACGTATA-1,0,50,92,6037,11505
AACACACGCTCGCCGC-1,0,51,93,5922,11702
GCTACTATAGTAGAGT-1,0,50,94,5810,11504
AGCATATCAATATGCT-1,0,51,95,5695,11701
CGAACAGTATGGGCGT-1,0,50,96,5583,11503
ACAATTGTGTCTCTTT-1,0,51,97,5468,11700
GATCGCTACCCGATTT-1,0,50,98,5356,11502
ATTGCGATCAGTAACT-1,0,51,99,5242,11699
CAGCAGTCCAGACTAT-1,0,50,100,5129,11501
AGAGGCTTCGGAAACC-1,0,51,101,5015,11698
AAACAAGTATCTCCCA-1,0,50,102,4902,11500
GGCAGCAAACCTATGC-1,0,51,103,4788,11697
ACTAGTTGCGATCGTC-1,0,50,104,4675,11500
TTGGACCATCTGGCAA-1,0,51,105,4561,11697
CCCTCCTCGCTCGTAT-1,0,50,106,4448,11499
GAGCGCAAATACTCCG-1,0,51,107,4334,11696
ATTACATGTCAGTCTT-1,0,50,108,4221,11498
TTGGGACGTAAGAGTT-1,0,51,109,4107,11695
CTTCGGCCAATTGTTT-1,0,50,110,3994,11497
AGACCGCTCCGCGGTT-1,0,51,111,3880,11694
GACCGCGTCTGACGTG-1,0,50,112,3767,11496
CCAAATAACAAGATTC-1,0,51,113,3653,11693
TCTTTAGAGTCTAACA-1,0,50,114,3540,11495
CTCCCAATGAGTCGCG-1,0,51,115,3426,11692
TAGTCTTTCCGAATTG-1,0,50,116,3314,11494
GAGTAAACCGGAAAGT-1,0,51,117,3199,11691
GATCTCGACGCTGTGG-1,0,50,118,3087,11493
CTGACATAGAAATAGA-1,0,51,119,2972,11690
TATACCGAGTGCCACA-1,0,50,120,2860,11493
TCCGAACGTTGCCGCT-1,0,51,121,2745,11690
GCAGAAGGTAATCTCC-1,0,50,122,2633,11492
GGTACTAAGTGCTTTG-1,0,51,123,2519,11689
CAGAATATTCGTTATC-1,0,50,124,2406,11491
TAATCAACCAAATGGG-1,0,51,125,2292,11688
TCTGCTTAGAACAAGC-1,0,50,126,2179,11490
AACTGAGTTATACTGA-1,0,51,127,2065,11687
CCTCAACGATCGCTGT-1,0,52,0,16473,11939
CGGTACGGCAAACCCA-1,0,53,1,16359,12136
CAGATGTTTGTCCCAA-1,0,52,2,16246,11938
GTTTGTTAGCCAAGTA-1,0,53,3,16132,12135
ACGTGACAAAGTAAGT-1,0,52,4,16019,11937
TTGTCACCGCGGTATC-1,0,53,5,15905,12134
GATCTAACCGTATTCA-1,0,52,6,15793,11937
ATGGAAATTTAAGGAG-1,0,53,7,15678,12134
ATTGATCACCACATTT-1,0,52,8,15566,11936
ACTGCTCGGAAGGATG-1,0,53,9,15451,12133
TCTAAAGAACAGTCTC-1,0,52,10,15339,11935
CTGGGTTGAGTTAAAG-1,0,53,11,15224,12132
CCCAGTAAACTTGGGA-1,0,52,12,15112,11934
AGATTCACAACCGATA-1,0,53,13,14998,12131
AGAAGGTACACTTCAC-1,0,52,14,14885,11933
GCAGGAACTTAGATCT-1,0,53,15,14771,12130
AATCTAGGTTTACTTG-1,0,52,16,14658,11932
CCCGGTGTATCGGAAT-1,0,53,17,14544,12129
TTATCCTCAAGGAATA-1,0,52,18,14431,11931
AGCATCATTTCGAAAG-1,0,53,19,14317,12128
CGCGAGTCTGCCGGGT-1,0,52,20,14204,11931
TGCGTCATGACTGAGC-1,0,53,21,14090,12128
GTATGAAATTTCACTC-1,0,52,22,13977,11930
TTGGTTGCGGTGCGCG-1,0,53,23,13863,12127
ACAGAACTGAGAACAA-1,0,52,24,13750,11929
CTACTATCATAGGTTT-1,0,53,25,13636,12126
CCTCTATCGATTAGCA-1,0,52,26,13523,11928
CCGTATCTCGTCGTAG-1,0,53,27,13409,12125
TCACGATGTCCGTGGA-1,0,52,28,13296,11927
TCAACAAAGATAATTC-1,0,53,29,13182,12124
ATGACGCGTTCTATCC-1,0,52,30,13069,11926
ATTTGCGCGAGTAGCT-1,0,53,31,12955,12123
TTCTTGGACGATCTGC-1,0,52,32,12843,11925
AGACGACGATGCCGCT-1,0,53,33,12728,12122
GGTCTCTGAATGGACT-1,1,52,34,12616,11925
GCTCAATCCGTTTATT-1,1,53,35,12501,12122
CCAGAAAGCAACTCAT-1,1,52,36,12389,11924
CACCGTTAGGGATCAC-1,1,53,37,12275,12121
AATAACACTAGAACAA-1,1,52,38,12162,11923
CACCCGGTTTGTGACT-1,1,53,39,12048,12120
CCACCAACTTTACTGT-1,1,52,40,11935,11922
AACTCTCAGTGTGCTC-1,1,53,41,11821,12119
AAACCGTTCGTCCAGG-1,1,52,42,11708,11921
CAGCGATTCCCTTCAA-1,1,53,43,11594,12118
GCTAGCTTGAATAGCT-1,1,52,44,11481,11920
TTGCGGCATCAGAAAG-1,1,53,45,11367,12117
AATAGAACAGAGTGGC-1,1,52,46,11254,11919
GCCATCGAGCTGCGTG-1,1,53,47,11140,12116
ACACTGATCAAGGTGT-1,1,52,48,11027,11918
ACCAACGCTTATTTAT-1,1,53,49,10913,12115
GACATCGATTTATAAC-1,1,52,50,10800,11918
CAGACACCGATCGCTG-1,1,53,51,10686,12115
CCAAGAAAGTGGGCGA-1,1,52,52,10573,11917
GGTAGACCGTTGGGCG-1,1,53,53,10459,12114
TCGTTAGGAGTCCCTA-1,1,52,54,10346,11916
ACGGCCAACATGGACT-1,1,53,55,10232,12113
GTGAGTGGTACAACGC-1,1,52,56,10120,11915
GAGACTTCGCGACCGA-1,1,53,57,10005,12112
GAAGTCAGTTGCACTA-1,1,52,58,9893,11914
GTTTGGTAGGGTCAAC-1,1,53,59,9778,12111
ACGGCACTTGCTTGGG-1,1,52,60,9666,11913
CCTCTGTACTATTCTA-1,1,53,61,9552,12110
CTATTCATGTGTCCCA-1,1,52,62,9439,11912
GCCCGATCTGTGGTCG-1,1,53,63,9325,12109
TTAGAAGAACATGACT-1,1,52,64,9212,11912
AGGATAAAGTCGGGAT-1,1,53,65,9098,12109
CGGCAAACATCGTGCG-1,1,52,66,8985,11911
CTAGTTACAACCCGGT-1,1,53,67,8871,12108
TTCGACAGAGCCCGTG-1,1,52,68,8758,11910
AAGCATACTCTCCTGA-1,1,53,69,8644,12107
GACGACGATCCGCGTT-1,1,52,70,8531,11909
GGTAGAAGACCGCCTG-1,1,53,71,8417,12106
GAGATGGGAGTCGACA-1,1,52,72,8304,11908
AACGATAATGCCGTAG-1,1,53,73,8190,12105
TGGTCCCACGCTACGG-1,1,52,74,8077,11907
CTGCTTGGCGATAGCT-1,1,53,75,7963,12104
ATCGGAGACAGACGGC-1,1,52,76,7850,11906
TAGCGTCCGGTGTGGT-1,1,53,77,7736,12103
GTTGAGTCCCGCCGGT-1,1,52,78,7623,11906
AAATAGGGTGCTATTG-1,1,53,79,7509,12103
AAGTGTTTGGAGACGG-1,1,52,80,7397,11905
AGCACTACCTCACCAG-1,0,53,81,7282,12102
TGCCTTGGCCAGGCAA-1,0,52,82,7170,11904
TCGTCTTAGGCGTTAA-1,0,53,83,7055,12101
TTCTGACCGGGCTCAA-1,0,52,84,6943,11903
CAGAACTTAGCCCTCT-1,0,53,85,6828,12100
AGCTCCTTCGCACATC-1,0,52,86,6716,11902
ACAGGCTTGCCCGACT-1,0,53,87,6602,12099
GCTATACGTCTCGGAC-1,0,52,88,6489,11901
GAGCCAGCTACCTGTG-1,0,53,89,6375,12098
TGCTAAGTGTCTATTT-1,0,52,90,6262,11900
GTCCTACGAATAGTCT-1,0,53,91,6148,12097
CAGTGTCGGCTGGCCC-1,0,52,92,6035,11900
CTATCGACGAAATACA-1,0,53,93,5921,12097
CATCATTACCCTGAGG-1,0,52,94,5808,11899
TAAGTTGCGACGTAGG-1,0,53,95,5694,12096
AGTGCACGCTTAAGAA-1,0,52,96,5581,11898
TGTGCCGGTGCCGGAA-1,0,53,97,5467,12095
AGGAGGCCTTCGCGCG-1,0,52,98,5354,11897
TCCGCGGCCCAATGAA-1,0,53,99,5240,12094
TCCGTTAAGCTAATAT-1,0,52,100,5127,11896
AAATCTAGCCCTGCTA-1,0,53,101,5013,12093
CGCAGGCGATCCAAAC-1,0,52,102,4900,11895
CCATATGGAAACTATA-1,0,53,103,4786,12092
CACCGTATCCCATCCG-1,0,52,104,4674,11894
GGTCAAGACTACTTCG-1,0,53,105,4559,12091
CCCGTTTCGCAGATGT-1,0,52,106,4447,11893
GTTATAATACGGTGAA-1,0,53,107,4332,12090
ACTTGTGGATGGAACG-1,0,52,108,4220,11893
GTTCGCTGAGACGTCT-1,0,53,109,4105,12090
GACACTGGAACCCGAT-1,0,52,110,3993,11892
CCCAGGTCTGAAGGCT-1,0,53,111,3879,12089
TCTCGAGGAGGTTCGC-1,0,52,112,3766,11891
ACTATCTGCCCGCGTA-1,0,53,113,3652,12088
CCTAAATTGTATCCTA-1,0,52,114,3539,11890
AGAAATTATGACTCGC-1,0,53,115,3425,12087
TCCAGCGCTATAAGCG-1,0,52,116,3312,11889
TCGTGTATTGGTCACG-1,0,53,117,3198,12086
CCACATACTGCACCCA-1,0,52,118,3085,11888
GTTGCGGACGGTCAGG-1,0,53,119,2971,12085
GTATTTAATGGCATAA-1,0,52,120,2858,11887
GTCGATAGGTGACTTT-1,0,53,121,2744,12084
AATAATCTTCGTATCG-1,0,52,122,2631,11887
ATTGTTCAACGATCCG-1,0,53,123,2517,12084
GTGCAGCGTAGAGTAG-1,0,52,124,2404,11886
TGTGGTAGGGTGCCTT-1,0,53,125,2290,12083
TGTGGACTATCTACGT-1,0,52,126,2177,11885
GGCGGGCTCTAAGAGT-1,0,53,127,2063,12082
TGTGCCAGAGGCAAAG-1,0,54,0,16472,12334
TGGCTTATGTATAATG-1,0,55,1,16358,12531
GCAAGCTGGAAACCGC-1,0,54,2,16245,12333
GATATCAAGCAGGAGC-1,0,55,3,16131,12530
CACCAATCATCCGTCT-1,0,54,4,16018,12332
CCACATGGCTCTTTAT-1,0,55,5,15904,12529
GTCCTACTCTACGGGC-1,0,54,6,15791,12331
CTCGAGACATACGATA-1,0,55,7,15677,12528
TATCAGTGGCGTAGTC-1,0,54,8,15564,12331
TGACAGGACAAGTCCA-1,0,55,9,15450,12528
TATTAACACCAAAGCA-1,0,54,10,15337,12330
TAGGCGATGAGGTCTC-1,0,55,11,15223,12527
CCGCCGGAACTTCTCG-1,0,54,12,15110,12329
GCCATTAGCCTCAAAC-1,0,55,13,14996,12526
GTTAGGCTACCCGTTT-1,0,54,14,14883,12328
GGGTATTCTAGCAAAC-1,0,55,15,14769,12525
GCCCTAGCCGTCGCGA-1,0,54,16,14656,12327
CAGATCCTGGTTTGAA-1,0,55,17,14542,12524
CTTCAGTGGTCGCCTA-1,0,54,18,14429,12326
GGGCAACCGCACGTGC-1,0,55,19,14315,12523
GACCCAATTATGATAC-1,0,54,20,14203,12325
GAAGCTCGGACCCGTC-1,0,55,21,14088,12522
CGTCGGGTCTAAGCGC-1,0,54,22,13976,12325
GAGGCCCGACTCCGCA-1,0,55,23,13861,12522
TTGCCATAGCCCGCTC-1,0,54,24,13749,12324
TAACATACACGCGATC-1,0,55,25,13635,12521
CCGACGGGCATGAGGT-1,0,54,26,13522,12323
AATGTGCCCGAGGTGT-1,0,55,27,13408,12520
AGCTGTAACCTCAATC-1,0,54,28,13295,12322
CGAGTGAAGGTACCAG-1,0,55,29,13181,12519
AGTCTCACAAGACTAC-1,0,54,30,13068,12321
AAATTGATAGTCCTTT-1,0,55,31,12954,12518
TAAGTCGCCGAGTATC-1,0,54,32,12841,12320
GCGGAGAAACTTCGCA-1,0,55,33,12727,12517
GGCAAAGGCGCCAATA-1,1,54,34,12614,12319
ATTTCCGGGTTCTGCG-1,1,55,35,12500,12516
TAAACCCAGGAGGGCA-1,1,54,36,12387,12318
TTCGGGCGCTAGTCTT-1,1,55,37,12273,12515
GTGGAGTCGGCGGTTG-1,1,54,38,12160,12318
GCACGCCTACTTAGAT-1,1,55,39,12046,12515
CAATATTCTTGACCTA-1,1,54,40,11933,12317
CGTTTGTGTAGAGGGT-1,1,55,41,11819,12514
CATAGCGTTGCCCACC-1,1,54,42,11706,12316
TGATACATTTAGCCGT-1,1,55,43,11592,12513
TTCCGGCCTTGAGGCT-1,1,54,44,11480,12315
CCTATACCGTCCTGTC-1,1,55,45,11365,12512
TCGTTGCTATCCGGTC-1,1,54,46,11253,12314
TGGCGACTGCTCCAAA-1,1,55,47,11138,12511
CAGAGGCGATGCATGA-1,1,54,48,11026,12313
TCACAGGAGAATAAGA-1,1,55,49,10912,12510
GGGTTAACATTTGAGT-1,1,54,50,10799,12312
GCGGGCGAGCCTTACC-1,1,55,51,10685,12509
TGCCAATGGGTACTCT-1,1,54,52,10572,12312
AGGGACTCTACGCGAC-1,1,55,53,10458,12509
GACGCCGTAAAGGCTA-1,1,54,54,10345,12311
AAAGGCTCTCGCGCCG-1,1,55,55,10231,12508
CTGGCTGGTTGTCAGT-1,1,54,56,10118,12310
ACATCCCGGCCATACG-1,1,55,57,10004,12507
CTCTTGTCCCGCTTGG-1,1,54,58,9891,12309
TACGCCTCCATTCCGA-1,1,55,59,9777,12506
CGGAGCAATTTAATCG-1,1,54,60,9664,12308
AACTAGGCTTGGGTGT-1,1,55,61,9550,12505
GCGTCGCCAGGGTGAT-1,1,54,62,9437,12307
GTTGGTCATGCTATCC-1,1,55,63,9323,12504
GCTGGCGGCGCATGCT-1,1,54,64,9210,12306
TGAGCGGAAAGTGTTC-1,1,55,65,9096,12503
CTTTCTGTGCGGGCTT-1,1,54,66,8983,12306
ATCTAATATCCTACGG-1,1,55,67,8869,12503
AACCTTTAAATACGGT-1,1,54,68,8757,12305
TTCACTCGAGCACCTA-1,1,55,69,8642,12502
CTGCACTCCAGTACAG-1,1,54,70,8530,12304
CCATTTCTACCTATTA-1,1,55,71,8415,12501
CAAGCGGCACATAATT-1,1,54,72,8303,12303
GTTAACATCACTTAAA-1,1,55,73,8188,12500
ATATAAATGTAGCTGC-1,1,54,74,8076,12302
GCCTCTATACATAGCA-1,1,55,75,7962,12499
GTGTCGTATAGCGTTC-1,1,54,76,7849,12301
ATACGTACTTAGCCAC-1,1,55,77,7735,12498
GCTATCATACTCATGG-1,1,54,78,7622,12300
TATCCAATTGGTTATC-1,1,55,79,7508,12497
TCTCCCTGGGCAGCGT-1,1,54,80,7395,12300
CCTATAATGAGTGCCC-1,1,55,81,7281,12497
CAATGCGAGAAGTATC-1,0,54,82,7168,12299
TACCAATAAAGTACCA-1,0,55,83,7054,12496
GCTAGGCACCACGGAG-1,0,54,84,6941,12298
GGTGGACTGCTCTGGC-1,0,55,85,6827,12495
TATTCCGAGCTGTTAT-1,0,54,86,6714,12297
TTGAGAAGTTTAGCAT-1,0,55,87,6600,12494
GTCCGGACCTGAAATT-1,0,54,88,6487,12296
CTGTGGTCGGGAGATA-1,0,55,89,6373,12493
CATGTAAGAGACATTT-1,0,54,90,6260,12295
CACGTTTCGTACACAC-1,0,55,91,6146,12492
CATCCTCTCAAAGATC-1,0,54,92,6034,12294
GATTAACCGAAAGCCC-1,0,55,93,5919,12491
AACGCTGTTGCTGAAA-1,0,54,94,5807,12294
TTCAGCTGGCGTGCCC-1,0,55,95,5692,12490
TAGAGGTTCTACTTGT-1,0,54,96,5580,12293
GTATCAAACGTTAGCT-1,0,55,97,5465,12490
AATCATGTAAAGACTC-1,0,54,98,5353,12292
AGTCACTAGCTCTCGA-1,0,55,99,5239,12489
GCGAAACGATCGGGAG-1,0,54,100,5126,12291
CATGGATTGTCTTCCG-1,0,55,101,5012,12488
ATTGGATTACAGCGTA-1,0,54,102,4899,12290
CACACACGCTAACGAG-1,0,55,103,4785,12487
CTATGGGAAGCGGAAT-1,0,54,104,4672,12289
TGCCTAATTGAAGATT-1,0,55,105,4558,12486
TGGCAATGGGACGGCG-1,0,54,106,4445,12288
ACCTCCGCCCTCGCTG-1,0,55,107,4331,12485
CGGCAATAAGATCGCC-1,0,54,108,4218,12287
CCTTGACCACTTTATT-1,0,55,109,4104,12484
TCATTTAGAAGTGTGA-1,0,54,110,3991,12287
CAGAATAACACACGGA-1,0,55,111,3877,12484
TCTGAGCAATTGACTG-1,0,54,112,3764,12286
CAACGTGGTGGAGTCT-1,0,55,113,3650,12483
CACAGTTCGCTTCCCA-1,0,54,114,3537,12285
TCTCTCGCCGCACATA-1,0,55,115,3423,12482
TGGGCAGGCCACCGCA-1,0,54,116,3311,12284
CTCCTGTTCAAGGCAG-1,0,55,117,3196,12481
TATTTGATTTGCACAG-1,0,54,118,3084,12283
GCCACTCCTTACGGTA-1,0,55,119,2969,12480
ACCGATATTTAATCAT-1,0,54,120,2857,12282
TTATTATCTGGAAGGC-1,0,55,121,2742,12479
TACATGCCGGAATTGT-1,0,54,122,2630,12281
GGCACTCAGCCGACCC-1,0,55,123,2516,12478
AAACCGGAAATGTTAA-1,0,54,124,2403,12281
AGACAGGCATCTCAGC-1,0,55,125,2289,12478
GTGGTGATGGTTTGTG-1,0,54,126,2176,12280
CCGATATGACGTAAGG-1,0,55,127,2062,12477
CATACACAAAGTCAGC-1,0,56,0,16470,12729
TGCCGTTCTTAATCGG-1,0,57,1,16356,12926
TCGAGTCTACGATTCG-1,0,56,2,16243,12728
ACTTCCAGTGGAAGCT-1,0,57,3,16129,12925
CAATTGGGCCGCACTC-1,0,56,4,16016,12727
AAATCGCGGAAGGAGT-1,0,57,5,15902,12924
ATATCAATTCCAGCCT-1,0,56,6,15790,12726
CTTTGTCGAATGCTCC-1,0,57,7,15675,12923
TGAGGCATGTACTGTG-1,0,56,8,15563,12725
TTCGCCGCTCGCGCTA-1,0,57,9,15448,12922
GACTCCTTCCAATTGA-1,0,56,10,15336,12725
ACCGAAGAGTCTGGTT-1,0,57,11,15221,12922
TGGCATGAAGTTTGGG-1,0,56,12,15109,12724
ACGAGGTTTACAACGT-1,0,57,13,14995,12921
AACCCATCCCATGATC-1,0,56,14,14882,12723
TCGACAACTGAACCCG-1,0,57,15,14768,12920
TATCTTGCAATACAAC-1,0,56,16,14655,12722
TATTATGTTTGCCTGC-1,0,57,17,14541,12919
GTCAAAGAAGTGGTGT-1,0,56,18,14428,12721
GGGACAGAGTTACTCC-1,0,57,19,14314,12918
AGCAACCGAAAGTAAT-1,0,56,20,14201,12720
CTCTCTAACTGCCTAG-1,0,57,21,14087,12917
ATACGGAACGTCGTTT-1,0,56,22,13974,12719
TCGGTCCCGACAATAG-1,0,57,23,13860,12916
CGCGCAAATGTCCAGA-1,0,56,24,13747,12718
TCTAATACTGCCTCAG-1,0,57,25,13633,12915
CTCGGTTGTCGGCCCT-1,0,56,26,13520,12718
GGTAACCGGGAGGATA-1,0,57,27,13406,12915
CAGGCGCACGGTGGTC-1,0,56,28,13293,12717
TCATCGATGGTCCCAA-1,0,57,29,13179,12914
CAAAGATTATTGGGCC-1,0,56,30,13066,12716
ACAATGAATACGGAGA-1,0,57,31,12952,12913
GCTCCTGACATACTGG-1,0,56,32,12840,12715
GATGACAAGTAGGGCA-1,0,57,33,12725,12912
TACGCCGAGGGTACCC-1,0,56,34,12613,12714
AAGCGTCCCTCATCGA-1,1,57,35,12498,12911
CACTCCTATGTAAGAT-1,1,56,36,12386,12713
TCGAGCCAGGCAGGCC-1,1,57,37,12272,12910
TCGTCAAGTACGCGCA-1,1,56,38,12159,12712
CCCGTAGCTGGGAAGA-1,1,57,39,12045,12909
ACCCTATGCCATATCG-1,1,56,40,11932,12712
GTGGTATAGTCTGCCG-1,1,57,41,11818,12909
CCGGTTTGTAATTGTG-1,1,56,42,11705,12711
GTCGCCGTTGTGTGTT-1,1,57,43,11591,12908
TACTGAACAGATTTAG-1,1,56,44,11478,12710
TATTAACCTGACCGCG-1,1,57,45,11364,12907
CTGTAGCCATCTCACT-1,1,56,46,11251,12709
TACTATGGTTCCTCAG-1,1,57,47,11137,12906
GAGTCAGACCAGAATC-1,1,56,48,11024,12708
TAAGGCATAACATCAA-1,1,57,49,10910,12905
CTTCCGCTCCGTGAAG-1,1,56,50,10797,12707
GGGCTATGATCGATGG-1,1,57,51,10683,12904
GGTCGGTCGTCCACAG-1,1,56,52,10570,12706
GGGACCCGTATATCTT-1,1,57,53,10456,12903
GAAAGCAGTGCACTTT-1,1,56,54,10343,12706
AGCGCATAATGAATCG-1,1,57,55,10229,12903
GCTGCTAAGTAGTCGA-1,1,56,56,10117,12705
AATAGTCCGTCCCGAC-1,1,57,57,10002,12902
AGCAGCCAGATGAATA-1,1,56,58,9890,12704
CCTCGCGCTGTGCGAT-1,1,57,59,9775,12901
TTGTGTATGCCACCAA-1,1,56,60,9663,12703
TGCTCGGCGAAACCCA-1,1,57,61,9549,12900
CGATTAAATATCTCCT-1,1,56,62,9436,12702
TGCCGTGGATCGTCCT-1,1,57,63,9322,12899
GTGGACGCATTTGTCC-1,1,56,64,9209,12701
ACCCGGAAACTCCCAG-1,0,57,65,9095,12898
CCGCATGTGGTACGAT-1,1,56,66,8982,12700
GCAAACCTTGGCCATA-1,0,57,67,8868,12897
ATTCACTGATGTTGGA-1,1,56,68,8755,12700
ACTCCCTAATGCTAAA-1,0,57,69,8641,12897
TCCTAAATTGGGAAGC-1,1,56,70,8528,12699
GAACAGATTACTAAAT-1,0,57,71,8414,12896
ATACAGGCCCTCCAAT-1,1,56,72,8301,12698
CGATTCGCCTGGCTGC-1,0,57,73,8187,12895
TCCGCCTGTCTACAAG-1,1,56,74,8074,12697
CACATCTCACCGACGA-1,0,57,75,7960,12894
CGTCGTCCTTCGCGAA-1,1,56,76,7847,12696
CGTTGAATACCGCGCT-1,1,57,77,7733,12893
ACCAATATGCAAGTTA-1,1,56,78,7620,12695
ACGGATGGTGCGGATA-1,1,57,79,7506,12892
CACCCTAACAAGATCT-1,1,56,80,7394,12694
AAGCTCTTTCATGGTG-1,0,57,81,7279,12891
CATGGGTATGCCTTAT-1,1,56,82,7167,12694
GCGCGTCATTGGTACA-1,0,57,83,7052,12890
TCTGAAGCACGTGGTC-1,0,56,84,6940,12693
AAGTTCACTCCAAGCT-1,0,57,85,6825,12890
TTGGACCTATAACAGT-1,0,56,86,6713,12692
ATCAGCCTCATGCTGC-1,0,57,87,6599,12889
AGTACTCTTATGCCCA-1,0,56,88,6486,12691
GCGCTTAAATAATTGG-1,0,57,89,6372,12888
TTGTGAACCTAATCCG-1,0,56,90,6259,12690
AGTCGTCGACCACCAA-1,0,57,91,6145,12887
TCCTTTAAATCCGCTT-1,0,56,92,6032,12689
ACTGAAACGCCGTTAG-1,0,57,93,5918,12886
GCACACACTGGTAGCC-1,0,56,94,5805,12688
TAAGGGCCTGTCCGAT-1,0,57,95,5691,12885
GCTAGAGTAGAGATGT-1,0,56,96,5578,12687
CACAGGGCCATATAGT-1,0,57,97,5464,12884
CCATGCCCTAGATTTC-1,0,56,98,5351,12687
TCGCGTAGCAGTGTCC-1,0,57,99,5237,12884
GACGAGGCTAATAAAC-1,0,56,100,5124,12686
CTACACTCGCAGATGG-1,0,57,101,5010,12883
ACGCATACGTTTACTA-1,0,56,102,4897,12685
GGAGCAACATTTCAAG-1,0,57,103,4783,12882
CGAGAGGGTAGCCGCG-1,0,56,104,4671,12684
TCGTGTTCGACCACAA-1,0,57,105,4556,12881
TCTACCCAATAGAGAG-1,0,56,106,4444,12683
ATAAACGTTGCACCAC-1,0,57,107,4329,12880
TCAACTGCAGAGTCAG-1,0,56,108,4217,12682
AGCTCCATATATGTTC-1,0,57,109,4102,12879
GTAACATCTAAGATAA-1,0,56,110,3990,12681
CCGACAATAGGCCGCC-1,0,57,111,3876,12878
ATGCTTAGGAGTTGAT-1,0,56,112,3763,12681
AACCCGAGCAGAATCG-1,0,57,113,3649,12878
CGGGTTTGTTAGGGCT-1,0,56,114,3536,12680
AGGCACGTGACTGTCC-1,0,57,115,3422,12877
GACAAGAGATGAGATT-1,0,56,116,3309,12679
AGCCCTTGGACATCCC-1,0,57,117,3195,12876
GCAGTTCGATCCGAGC-1,0,56,118,3082,12678
TCGAGGGCAACAGACG-1,0,57,119,2968,12875
ACTTTGTCGACGCACT-1,0,56,120,2855,12677
GAGTATCAAAGTTACA-1,0,57,121,2741,12874
CCAGGCTGGCGTCTGA-1,0,56,122,2628,12676
GGACTCTTCCGGTTGA-1,0,57,123,2514,12873
TCCCAGCACACGACAT-1,0,56,124,2401,12675
GCTCCATGAGTGCAGA-1,0,57,125,2287,12872
GCAGTGCGGGCGGATG-1,0,56,126,2174,12675
GCGTTCTGACTAAGCG-1,0,57,127,2060,12872
ATTTGGAGATTGCGGT-1,0,58,0,16469,13124
AAGGGTTTGATTTCAG-1,0,59,1,16355,13321
CCGGCCGCGAGCATAT-1,0,58,2,16242,13123
GAGTTCTGTGGGTGCT-1,0,59,3,16128,13320
AAACGAAGATGGAGTA-1,0,58,4,16015,13122
AATTACGAGACCCATC-1,0,59,5,15901,13319
CCTTTGAATTATGGCT-1,0,58,6,15788,13121
CATGGTATTAGTTTGT-1,0,59,7,15674,13318
AACGAAAGTCGTCCCA-1,0,58,8,15561,13120
ACATAAGTCGTGGTGA-1,0,59,9,15447,13317
GCACAACCTCGGGCGT-1,0,58,10,15334,13119
ATGCACGCGCTGTTCA-1,0,59,11,15220,13316
CGATGTTGTTATCTAC-1,0,58,12,15107,13119
GTCTCCTGCCAGTATG-1,0,59,13,14993,13315
GATGCCTTCTGCGGCA-1,0,58,14,14880,13118
ACCGGTCAGGTACACC-1,0,59,15,14766,13315
GTGGAGCGTTTACCGA-1,0,58,16,14653,13117
AGGCGGTTTGTCCCGC-1,0,59,17,14539,13314
TCCCTGGCGTATTAAC-1,0,58,18,14426,13116
AAACACCAATAACTGC-1,0,59,19,14312,13313
TGGACGCAATCCAGCC-1,0,58,20,14200,13115
GGAACCTTGACTCTGC-1,0,59,21,14085,13312
GTATCTCAGTCTTGAC-1,0,58,22,13973,13114
GCTGAATCTTCCAATC-1,0,59,23,13858,13311
AGATGCAAGACGTGCA-1,0,58,24,13746,13113
TTAAGGCCCGTACTTT-1,0,59,25,13632,13310
AGTATGCTGGAGACCA-1,0,58,26,13519,13112
GCGGCAAAGTATTGCC-1,0,59,27,13405,13309
GCGCAAATATATTCAA-1,0,58,28,13292,13112
GAAGAAACGATATTGT-1,0,59,29,13178,13309
GGACCTCTAGGCCGCC-1,0,58,30,13065,13111
AACAGCTGTGTGGCAA-1,0,59,31,12951,13308
TCGAATATCCCGCAGG-1,0,58,32,12838,13110
GCGACCCAACCATCTG-1,0,59,33,12724,13307
AGAGAAGGAGTACAAT-1,0,58,34,12611,13109
GGCTCCTCCACCTGTT-1,0,59,35,12497,13306
TCAGTGTATACGTCAT-1,1,58,36,12384,13108
ATTATTATGTCCGTCA-1,1,59,37,12270,13305
TTAGGTCATAACCGAC-1,1,58,38,12157,13107
AAGATGGCACCGGACC-1,1,59,39,12043,13304
CTACAAGAAATAACCC-1,1,58,40,11930,13106
ACTATTTCCGGGCCCA-1,1,59,41,11816,13303
TTGTTTCACATCCAGG-1,1,58,42,11703,13106
CGCTGTGTGGATGTTG-1,1,59,43,11589,13303
TCAACATAGCGCCCTA-1,1,58,44,11477,13105
GGCCGTTTGGGTTTCA-1,1,59,45,11362,13302
TACTCTTTCGTCTTCA-1,1,58,46,11250,13104
TTCGCGCGCCATACGA-1,1,59,47,11135,13301
CGGAAAGAATCAAACG-1,1,58,48,11023,13103
AGGCAGGGAGCGTACT-1,1,59,49,10909,13300
CCTTTAAGGGAGCACT-1,1,58,50,10796,13102
CGCCCAGCACGCCTAG-1,1,59,51,10682,13299
AGTATTTGGCACGACC-1,1,58,52,10569,13101
TATCCGCACCGTCGGG-1,1,59,53,10455,13298
ACCCGTGTCATCAGTA-1,1,58,54,10342,13100
CAACTGCTCATCCGAT-1,1,59,55,10228,13297
CCGGAGCGTACTTTCT-1,1,58,56,10115,13100
TACCGTAGGTTAACTA-1,1,59,57,10001,13297
TGAGGAGTGCCAGCTT-1,1,58,58,9888,13099
CCAGTCTTGTCATAGA-1,0,59,59,9774,13296
GGGCAGAGCAATCGTT-1,1,58,60,9661,13098
TACCAAATAGCCCAGA-1,0,59,61,9547,13295
TACCTACTCCCAGTAT-1,0,58,62,9434,13097
TGTGAGACTAGCCCAA-1,0,59,63,9320,13294
ATACCTAACCAAGAAA-1,0,58,64,9207,13096
GTCGGGAAGCAGAAAC-1,0,59,65,9093,13293
AATTAACGGATTTCCA-1,0,58,66,8980,13095
GAACCCTCTGTGTTCT-1,0,59,67,8866,13292
ATATAAAGCGCTCGTG-1,0,58,68,8754,13094
CCTGGTCGAATGTGGG-1,0,59,69,8639,13291
CTAGGTTCGGACGTGA-1,0,58,70,8527,13094
TCGGGAGACAGCGTAC-1,0,59,71,8412,13291
CATAAGAAGCTTGGCT-1,0,58,72,8300,13093
AAGCACCCTGCGTATC-1,0,59,73,8185,13290
AGTTTGCACCTGCCTC-1,0,58,74,8073,13092
GACTGCAAATCGAGCT-1,0,59,75,7959,13289
GTGTATATCAGCGGGC-1,0,58,76,7846,13091
CTTCAACTCCACTTGG-1,0,59,77,7732,13288
ACTTACGCATCCACGC-1,0,58,78,7619,13090
CATGAGATGCACTCTC-1,0,59,79,7505,13287
GAGCACCTGTGTCCAG-1,0,58,80,7392,13089
CGCGACCGCGACAGAT-1,0,59,81,7278,13286
GTCCCGCGACGTTATG-1,0,58,82,7165,13088
GCAGTGTGGCTATAGG-1,0,59,83,7051,13285
ATACTGCCTTACACCG-1,0,58,84,6938,13087
TACAGAAACGGTGGGC-1,0,59,85,6824,13284
GGCGCGGAGATCTTTC-1,0,58,86,6711,13087
CGTTAATGTCCCGACG-1,0,59,87,6597,13284
GCTAACTGAAGTCTGA-1,0,58,88,6484,13086
AGTGATAACCTGCGCG-1,0,59,89,6370,13283
TATGATCTTCTCTTTA-1,0,58,90,6257,13085
TGTACCTACACGAGGG-1,0,59,91,6143,13282
ATATCGTTCCTCGAAC-1,0,58,92,6031,13084
CGGCGCCATCAATCCC-1,0,59,93,5916,13281
CCTGTTTGAAGACACG-1,0,58,94,5804,13083
GCCACTCAGAGCGCGA-1,0,59,95,5689,13280
TCGGCTTGTATCGACG-1,0,58,96,5577,13082
TAGATGGTTCCTTACT-1,0,59,97,5462,13279
ATCGTTAGCTAGCGGA-1,0,58,98,5350,13081
ACAGCGACATTCTCAT-1,0,59,99,5236,13278
ATTCAACCATTTAAGG-1,0,58,100,5123,13081
CACTCTTCTGCTAGCC-1,0,59,101,5009,13278
CTAACTGATAATCGCC-1,0,58,102,4896,13080
TGATGTCAATTAAGTG-1,0,59,103,4782,13277
CGCCGTTCAGCATAGT-1,0,58,104,4669,13079
ATACTACCCGTACCAC-1,0,59,105,4555,13276
CCACTGTTTGGATTAA-1,0,58,106,4442,13078
CACTACGGGAGCTGCC-1,0,59,107,4328,13275
GACCAAACGTTGACTG-1,0,58,108,4215,13077
AAGAGGCCCTTTGGAA-1,0,59,109,4101,13274
ACACGTAGGCCACAAG-1,0,58,110,3988,13076
TACTCTTACTTTACTG-1,0,59,111,3874,13273
AGAGCCGCCGAGATTT-1,0,58,112,3761,13075
GGCCTGCTTCTCCCGA-1,0,59,113,3647,13272
TCAAGCGCGGACGGTA-1,0,58,114,3534,13075
ACACTGGGACAGTCGT-1,0,59,115,3420,13272
TGTGTAGTAGCACGTG-1,0,58,116,3308,13074
CTAGCCACAGGCGAGC-1,0,59,117,3193,13271
CTATCGCGTAGAGAAC-1,0,58,118,3081,13073
GTTCCCGTAAACATAT-1,0,59,119,2966,13270
TCTTTCCTTCGAGATA-1,0,58,120,2854,13072
ATATTGGAGAGGCCTT-1,0,59,121,2739,13269
AGGCGATAACTGGCGT-1,0,58,122,2627,13071
ACCCGGAGCACCACAA-1,0,59,123,2513,13268
TGAGCTCAACTGTATA-1,0,58,124,2400,13070
ACGACCCATGAGTTGC-1,0,59,125,2286,13267
CGGTCAGTCCATATTT-1,0,58,126,2173,13069
TCCGGCTGTCGGGTCG-1,0,59,127,2059,13266
ATTCCCGAAGGTACAG-1,0,60,0,16467,13519
CTAACAGCACAATAAC-1,0,61,1,16353,13715
TTGTGCGGAAGCGGAT-1,0,60,2,16240,13518
GGGCACTATTGACCAT-1,0,61,3,16126,13715
CCATAGAGGCTGCCAG-1,0,60,4,16013,13517
CCGAAGCATTGACCAA-1,0,61,5,15899,13714
TACTGAGGGAAGAAAG-1,0,60,6,15787,13516
TATGTAGAAACCCGGC-1,0,61,7,15672,13713
TGGTTAACTTACATTT-1,0,60,8,15560,13515
AGAACCCTCAATTGGG-1,0,61,9,15445,13712
CCTATATCGTGTCACG-1,0,60,10,15333,13514
ACGGCTGGATGTAGAA-1,0,61,11,15218,13711
CTCGCATTGCATAGCC-1,0,60,12,15106,13513
ACTTTGGTCGTGCTCC-1,0,61,13,14992,13710
GCTGGTTTAGGCCATA-1,0,60,14,14879,13512
TGTCGTTATCACATAT-1,0,61,15,14765,13709
ACACATGATCAAATCT-1,0,60,16,14652,13512
TATCCATCTCGGTTAG-1,0,61,17,14538,13709
CTCGTCGAGGGCTCAT-1,0,60,18,14425,13511
ATCAATGCCGTGGCTG-1,0,61,19,14311,13708
GAAACATAGGAAACAG-1,0,60,20,14198,13510
TAATAGGTCACCAGAA-1,0,61,21,14084,13707
CACCAGTCAGCATGCA-1,0,60,22,13971,13509
GAGCGCTGTTAGGTAA-1,0,61,23,13857,13706
CCCTATGTAGAGCAGA-1,0,60,24,13744,13508
GATCGCTATATCTCAG-1,0,61,25,13630,13705
AAGGGACTATGCATTC-1,0,60,26,13517,13507
CTCGGGTTCTCTGGCC-1,0,61,27,13403,13704
TATATATCGAGAAATG-1,0,60,28,13290,13506
ACCCGAGCGAAATTAC-1,0,61,29,13176,13703
TTGTTTCATTAGTCTA-1,0,60,30,13063,13506
ATGGGACCTGCTGAAC-1,0,61,31,12949,13703
TGCGACGGCCGAACGT-1,0,60,32,12837,13505
AGCTAACAAGCAATGT-1,0,61,33,12722,13702
CGTGTCTCGTTACGAC-1,0,60,34,12610,13504
CTAAATCCGGTGTACA-1,0,61,35,12495,13701
GAATAGTGCTCGATTA-1,0,60,36,12383,13503
AACAATACATTGTCGA-1,0,61,37,12269,13700
CACATCGTGCACGCGC-1,1,60,38,12156,13502
ACCGTGACCACGTGGG-1,1,61,39,12042,13699
CCCAATGAGATTTGCA-1,1,60,40,11929,13501
TCAGCAGTAGGCCCTG-1,1,61,41,11815,13698
CTACTCAAGGTATAGT-1,1,60,42,11702,13500
TAGTAGCTTATACCAG-1,1,61,43,11588,13697
ACGTTCGTTCAGGAAA-1,1,60,44,11475,13500
TTAGAATAAGGGTCGG-1,1,61,45,11361,13697
TTCTAGAAAGTCTTAT-1,1,60,46,11248,13499
CCTTCAGTTAAAGTGA-1,1,61,47,11134,13696
TAGCTAGTGATGATGG-1,1,60,48,11021,13498
AGCCCGGTAGCCTGTA-1,1,61,49,10907,13695
TACCTCAGTTGTCTGT-1,1,60,50,10794,13497
GACGGGTTGGCCCGTA-1,1,61,51,10680,13694
GAAACCTATACAAATG-1,1,60,52,10567,13496
TCCACCTCTAGCCTTT-1,1,61,53,10453,13693
AAGACCCAACTGAACA-1,1,60,54,10340,13495
CATACACGGTTCCCAC-1,0,61,55,10226,13692
ACTACGCGTTAGAATT-1,0,60,56,10114,13494
CTTGGCCAAGCTGGGA-1,0,61,57,9999,13691
TTACCCTAGGGATTGG-1,0,60,58,9887,13494
TTCGCACTGTACGACA-1,0,61,59,9772,13691
TAGGTGTTCCACAGAT-1,0,60,60,9660,13493
GAAGCCTGCACATTCC-1,0,61,61,9546,13690
GGCTTTCAATAAGGGT-1,0,60,62,9433,13492
TCCAGGGTATATACGA-1,0,61,63,9319,13689
CTCGCCGAATGTAGGG-1,0,60,64,9206,13491
AGGAAGCTGTCCGCCG-1,0,61,65,9092,13688
GTCTCAAGGCCCGGCT-1,0,60,66,8979,13490
ACCGACACATCTCCCA-1,0,61,67,8865,13687
TATACGCGTCATCACT-1,0,60,68,8752,13489
ATCTGGGCTGTTCTTG-1,0,61,69,8638,13686
TCAAATTTGAGACTCA-1,0,60,70,8525,13488
GTTAAGGGTGCGATGT-1,0,61,71,8411,13685
AGCAAAGGCCGCTAGT-1,0,60,72,8298,13487
TTATAGGTAATTGTCT-1,0,61,73,8184,13684
TTGTGCAGCCACGTCA-1,0,60,74,8071,13487
ACGGACTCTCAAAGCG-1,0,61,75,7957,13684
ATGCTCTGGCGCGGTA-1,0,60,76,7844,13486
ATAATCTTGGAGAACC-1,0,61,77,7730,13683
CTCATTGCTCTAACAA-1,0,60,78,7617,13485
TAGGTGACGATAACCT-1,0,61,79,7503,13682
CGGATCCTCAAGGACT-1,0,60,80,7391,13484
GGGCGTGGTTTCCCAG-1,0,61,81,7276,13681
TGGCTATGTGACATAC-1,0,60,82,7164,13483
CTTAGTGTAGTAGCAT-1,0,61,83,7049,13680
GGATTGCTGTGACTCC-1,0,60,84,6937,13482
ACTTCCATGCGGGACA-1,0,61,85,6822,13679
ACTCAAGTGCAAGGCT-1,0,60,86,6710,13481
ACAAGGATGCTTTAGG-1,0,61,87,6596,13678
TTGAACGACGTGCTGA-1,0,60,88,6483,13481
ATTCATCGTTGAGGCA-1,0,61,89,6369,13678
TGCAACCCATCTGCGG-1,0,60,90,6256,13480
AGTGCTAAACACAGCA-1,0,61,91,6142,13677
AACTCCAGAGCGTGTT-1,0,60,92,6029,13479
TCTCCACAAGTTGAAT-1,0,61,93,5915,13676
CTTTGCATCGCTCTTG-1,0,60,94,5802,13478
TCACAAACCGAGGTAC-1,0,61,95,5688,13675
CCGTAGGAAATCCCTG-1,0,60,96,5575,13477
AAACATTTCCCGGATT-1,0,61,97,5461,13674
GCCTCCGACAATTCAC-1,0,60,98,5348,13476
TCTGCATACCTTGCTT-1,0,61,99,5234,13673
ACCCATTTGTCCCTCT-1,0,60,100,5121,13475
CTGCAGAGAATCAGAG-1,0,61,101,5007,13672
GGAAACTAAATGGGCC-1,0,60,102,4894,13475
CAACCTACCGAGCAGT-1,0,61,103,4780,13672
CCGTAGGGTTGTTTAC-1,0,60,104,4668,13474
GGTTTGTGACCTGAGG-1,0,61,105,4553,13671
TAACCTAGGGAGTCCA-1,0,60,106,4441,13473
TTCCATCGACAGCGTG-1,0,61,107,4326,13670
ATCTCCCACGGAATAT-1,0,60,108,4214,13472
GTTTCAAACGAGTTGT-1,0,61,109,4099,13669
GGAACTTTGGCGATTA-1,0,60,110,3987,13471
CTGCAAGCACGTTCCG-1,0,61,111,3873,13668
CACAGTCCCGCTTCGC-1,0,60,112,3760,13470
TACGCTCGGTATTGGA-1,0,61,113,3646,13667
CTGGTAAAGTGTGGGC-1,0,60,114,3533,13469
CAACCAGTGGCCTACC-1,0,61,115,3419,13666
TCTTCGCGGTGAGAGG-1,0,60,116,3306,13469
TTCGGGTTGCCACGGG-1,0,61,117,3192,13666
ACCGATAGGCATAACC-1,0,60,118,3079,13468
CTTATAGATGGCTGTT-1,0,61,119,2965,13665
AGACGCCCACTTCGCC-1,0,60,120,2852,13467
AGGTCGCCTCCCAACA-1,0,61,121,2738,13664
CCTCACGTCAGCTAAT-1,0,60,122,2625,13466
CCACCTGTATGGAATA-1,0,61,123,2511,13663
GGACTCGAAGCTTTCA-1,0,60,124,2398,13465
AAGCCGGAGAGCAGGA-1,0,61,125,2284,13662
GCCTATCAGGTAAGAT-1,0,60,126,2171,13464
TCAGAGTGTGAGCATG-1,0,61,127,2057,13661
AAACATGGTGAGAGGA-1,0,62,0,16466,13913
ATCATTGTACCGCATT-1,0,63,1,16352,14110
TCAGCTTGAGCTTTCG-1,0,62,2,16239,13912
CCGCGCAAGATACCCA-1,0,63,3,16125,14109
CTATACTTAAAGCGAG-1,0,62,4,16012,13912
ACCGTCCACTGGGCCC-1,0,63,5,15898,14109
AAGACCAAATAACTCA-1,0,62,6,15785,13911
TGTTTCTGAAGCGTGC-1,0,63,7,15671,14108
TTCTCTTACAGGTGAT-1,0,62,8,15558,13910
AATTCATTGTCATGCA-1,0,63,9,15444,14107
GCCCGAGAGTCTAAAT-1,0,62,10,15331,13909
ATATAGAGTATTGGTC-1,0,63,11,15217,14106
TTGAAGGATGGGCGCC-1,0,62,12,15104,13908
TAGTACCACAACTTTC-1,0,63,13,14990,14105
ATCCCATCCACAGCGC-1,0,62,14,14877,13907
CTTAGGTATAGACCAG-1,0,63,15,14763,14104
TGACTCCGAATCATAC-1,0,62,16,14650,13906
ACTACATCCCGACAAG-1,0,63,17,14536,14103
TTGCCGCAGACCTACA-1,0,62,18,14424,13906
TAAGAGGGACAGGGAC-1,0,63,19,14309,14103
CGAATGAAGTCATTGC-1,0,62,20,14197,13905
AAGGGAACGACTGGCT-1,0,63,21,14082,14102
CGAATCTGCTCGACGC-1,0,62,22,13970,13904
ATCGTGGAAAGTCTGG-1,0,63,23,13855,14101
CCTATGGCTCCTAGTG-1,0,62,24,13743,13903
CGTCGCTTGGTTATAC-1,0,63,25,13629,14100
TGCTTAGAGAGAATGC-1,0,62,26,13516,13902
GATTGCTCCAGTTGCA-1,0,63,27,13402,14099
CGTGCTTCTACCTAAA-1,0,62,28,13289,13901
ACTCCAATATCATCAT-1,0,63,29,13175,14098
GCCGACCCACGACTGC-1,0,62,30,13062,13900
GAGGGTAGTAACAAAG-1,0,63,31,12948,14097
GGCCGAGACTCTGGTG-1,0,62,32,12835,13900
TATATAGGGCTTTACG-1,0,63,33,12721,14097
TGCCGGATGTACGAGC-1,0,62,34,12608,13899
AGGTAGATCGAGATAT-1,0,63,35,12494,14096
GATCAACATAAAGGGA-1,0,62,36,12381,13898
TAACAGCGTTTGTGCT-1,0,63,37,12267,14095
CTATAGGCGTTGATGT-1,1,62,38,12154,13897
GGTTTAATTACCATCG-1,0,63,39,12040,14094
CTCTTCTGGAAGTTAG-1,1,62,40,11927,13896
ATCTGACATGGAAGGA-1,1,63,41,11813,14093
TACGTACTAGTGCTGA-1,1,62,42,11700,13895
ATGACTATCAGCTGTG-1,1,63,43,11586,14092
CTTTGGGATTGTTGCA-1,1,62,44,11474,13894
AGACTGTTACCGGGTC-1,1,63,45,11359,14091
TCCTAACCGTCGGGCA-1,1,62,46,11247,13894
ACGCAAACTAATAGAT-1,1,63,47,11132,14091
AAGTGAGTCGGGTTTA-1,1,62,48,11020,13893
TAAAGCGGTATTTCCA-1,1,63,49,10906,14090
CTCCTCCAGCTCACAC-1,1,62,50,10793,13892
CGGTCCGTCGCAAGCC-1,1,63,51,10679,14089
CCTATATTTGTCCTGG-1,1,62,52,10566,13891
TCCAATAAAGGCTACC-1,0,63,53,10452,14088
AAAGGCTACGGACCAT-1,0,62,54,10339,13890
CGTGACCAGTCCTCTG-1,0,63,55,10225,14087
GATCTGCTATCTAAGG-1,0,62,56,10112,13889
CGAATGACGCATAATG-1,0,63,57,9998,14086
GCTCAATGTAATACCG-1,0,62,58,9885,13888
CTATGCCCGAATGCAA-1,0,63,59,9771,14085
CACAGGGCCGTTGTCA-1,0,62,60,9658,13888
TCAATACGCCGTCATG-1,0,63,61,9544,14084
AGCGGACACTTCGTAG-1,0,62,62,9431,13887
ATACGTTATGCACGGA-1,0,63,63,9317,14084
GAGTAGATACTAGTTG-1,0,62,64,9204,13886
CCAGCTCGAACGCATT-1,0,63,65,9090,14083
TGCTTCCCAAGCAGTA-1,0,62,66,8977,13885
GTAGACACGCCTGACT-1,0,63,67,8863,14082
CTCACATTTACTAAAT-1,0,62,68,8751,13884
GAATGCGAATCGGTTC-1,0,63,69,8636,14081
TAAGGCCCGTCACCCT-1,0,62,70,8524,13883
GAGTATGCGCGTGCAT-1,0,63,71,8409,14080
ATCCACATCGACAGAA-1,0,62,72,8297,13882
TAGACGAAACGCCAAT-1,0,63,73,8183,14079
CAGCAGTCTGTGCTGC-1,0,62,74,8070,13881
CTCACTGTGATACTTA-1,0,63,75,7956,14078
TTAATTGCTTTGGGTG-1,0,62,76,7843,13881
GTAGTCTACGATATTG-1,0,63,77,7729,14078
TTGCCGCTTTCTAGTA-1,0,62,78,7616,13880
GAACCTTTAACGATCC-1,0,63,79,7502,14077
TGGACCAATCTAAGAT-1,0,62,80,7389,13879
CTAGTAGAAAGGGATT-1,0,63,81,7275,14076
AACCTCGCTTTAGCCC-1,0,62,82,7162,13878
GAGTGTCAACCAGAAA-1,0,63,83,7048,14075
GTGATCCTTGTCATGA-1,0,62,84,6935,13877
CTCAACTAACCCGGAT-1,0,63,85,6821,14074
AGTGGCGTCTGAAGGT-1,0,62,86,6708,13876
GGGAAGGGCTTTCTCA-1,0,63,87,6594,14073
AGGCCTGAGAATCTCG-1,0,62,88,6481,13875
AGCCACAGGTTACCCG-1,0,63,89,6367,14072
TGCAATCTAACACGGT-1,0,62,90,6254,13875
GTTTGGGTTTCGCCCG-1,0,63,91,6140,14072
CCTATGTCCACTCCAC-1,0,62,92,6028,13874
CTGCCTTTCTAGTAAA-1,0,63,93,5913,14071
TTAGTAAACCTGCTCT-1,0,62,94,5801,13873
TTGTGGTGGTACTAAG-1,0,63,95,5686,14070
CCTCCTGTTGTGTCGT-1,0,62,96,5574,13872
ACAAAGCATGACCTAG-1,0,63,97,5459,14069
ATAGCAACTAGGGAAG-1,0,62,98,5347,13871
CCGCTCTTCCGAACTA-1,0,63,99,5233,14068
TAGAATAGCCGATGAA-1,0,62,100,5120,13870
GGTCTCCGTCCAGGTT-1,0,63,101,5006,14067
TAATTACGTCAGTAGA-1,0,62,102,4893,13869
TACGTAAAGCGGAGTG-1,0,63,103,4779,14066
GCTACAATCGAGGATA-1,0,62,104,4666,13869
TCAGCCAATCCGTAAA-1,0,63,105,4552,14066
ATCATAGCCCTATGTA-1,0,62,106,4439,13868
GAGGCCTGTTGATACA-1,0,63,107,4325,14065
ATATACGCTCGTGACG-1,0,62,108,4212,13867
CCCTTTAATGGAGTTC-1,0,63,109,4098,14064
TTACACGATCTGCGAC-1,0,62,110,3985,13866
TCGCATAAAGGGCGCA-1,0,63,111,3871,14063
TGTAGCCATCCCATTC-1,0,62,112,3758,13865
GGGTCTATCGCTTTCC-1,0,63,113,3644,14062
GGAGGGTCAAGTAAGA-1,0,62,114,3531,13864
TACGGCATGGACGCTA-1,0,63,115,3417,14061
CACGTCAATCAATGGA-1,0,62,116,3305,13863
CGCTTGGACGGATAGA-1,0,63,117,3190,14060
CGCGGTACGGTATACA-1,0,62,118,3078,13863
CCTACTCAACACGATT-1,0,63,119,2963,14060
CGTTTGGTGTTGTGGG-1,0,62,120,2851,13862
GTTGTTGCAAGATGGC-1,0,63,121,2736,14059
CATTCGTCGTAGCGGT-1,0,62,122,2624,13861
CAGCCTCGATAGCGGT-1,0,63,123,2510,14058
TCATAAGTCCAAGAAG-1,0,62,124,2397,13860
AAAGTGCCATCAATTA-1,0,63,125,2283,14057
GTTGCAGTCGACAACA-1,0,62,126,2170,13859
TAAATGGGCTACTGAG-1,0,63,127,2056,14056
GGACAAGCCATGATCG-1,0,64,0,16464,14308
TCCAATGCGTCGCCGC-1,0,65,1,16350,14505
AAAGAATGACCTTAGA-1,0,64,2,16237,14307
CCTATTATTCCGGCCG-1,0,65,3,16123,14504
CAGTAAGGGACGTCTC-1,0,64,4,16010,14306
GGGATGGACCCGCGTC-1,0,65,5,15896,14503
GACGCATACCCGTCGG-1,0,64,6,15784,14306
GGGCAGGATTTCTGTG-1,0,65,7,15669,14503
TATCTGAGCCGATATT-1,0,64,8,15557,14305
AATGTATGGCACTGTA-1,0,65,9,15442,14502
GCCTTTGTCAGTGGAC-1,0,64,10,15330,14304
AACCATAGGGTTGAAC-1,0,65,11,15215,14501
AAACTTAATTGCACGC-1,0,64,12,15103,14303
TAGGCGGCTGCAAAGA-1,0,65,13,14989,14500
TCCATCAATACTAATC-1,0,64,14,14876,14302
ACCTCGAACTTATGCT-1,0,65,15,14762,14499
ACAAACCATGCGTCCT-1,0,64,16,14649,14301
ACACCGGTCTGACCGC-1,0,65,17,14535,14498
ATGGCAGCATTACGAT-1,0,64,18,14422,14300
CTGGTGAATGGGCCTA-1,0,65,19,14308,14497
CACAGAGACGAGGACG-1,0,64,20,14195,14300
GCACAAACCCTAGATG-1,0,65,21,14081,14497
ACTATGTCCAGCTGCC-1,0,64,22,13968,14299
AAGCCGCCGTGAAATC-1,0,65,23,13854,14496
ATGGGTGTATACCTCC-1,0,64,24,13741,14298
TAAGCGCGAATCAAAT-1,0,65,25,13627,14495
AGCCCGGCATTAGAGG-1,0,64,26,13514,14297
GTGATCAAGCGTGCAC-1,0,65,27,13400,14494
CTGCCTTTAATACCTT-1,0,64,28,13287,14296
TACCTCCACACCAATG-1,0,65,29,13173,14493
GAGCATCAACAACTTG-1,0,64,30,13060,14295
CATACGAACTAGCTGG-1,0,65,31,12946,14492
GGGAACGGTTTCAGAT-1,0,64,32,12834,14294
AGGGTGCCGTTCTTTA-1,0,65,33,12719,14491
ACGACTGGTCATACTC-1,0,64,34,12607,14294
GGATCTTACTGCCCTT-1,0,65,35,12492,14491
TACTCCTCTAGTTGAC-1,0,64,36,12380,14293
GTAGCTCCGGGAGGCT-1,0,65,37,12266,14490
GGACTCGTGAGTGGTC-1,0,64,38,12153,14292
GTAGTTCGAAGGCGAA-1,0,65,39,12039,14489
CTCAAACCACTGCCCG-1,0,64,40,11926,14291
GAGGGAGTCAGATCGC-1,0,65,41,11812,14488
GCGTCCCTAAGACATA-1,1,64,42,11699,14290
TCTCTTACCGCGAACC-1,1,65,43,11585,14487
GGCTACTATACACTCC-1,1,64,44,11472,14289
CGTTGCCCGCGTGGGA-1,1,65,45,11358,14486
TATAGAGTCGCTTGAA-1,1,64,46,11245,14288
ATGTTGTAGTCTGTTT-1,1,65,47,11131,14485
AGTATACACAGCGACA-1,1,64,48,11018,14288
TGTGGTTGCTAAAGCT-1,0,65,49,10904,14484
TGATTCCCGGTTACCT-1,0,64,50,10791,14287
CACTGACGATTGTGGA-1,0,65,51,10677,14484
AACATTGTGACTCGAG-1,0,64,52,10564,14286
GTCCAATATTTAGCCT-1,0,65,53,10450,14483
GCTCTTTCCGCTAGTG-1,0,64,54,10337,14285
GGGTCAGGAGCTAGAT-1,0,65,55,10223,14482
AGGTGGTGACCTTCGC-1,0,64,56,10111,14284
CCCGGGTCGTTCAGGG-1,0,65,57,9996,14481
AGCCAAGCTTTGTGTC-1,0,64,58,9884,14283
TGTGGCGGGCTTCTGG-1,0,65,59,9769,14480
CGAGGGTATCCAGGTG-1,0,64,60,9657,14282
CGTTCAGACCCGCGAA-1,0,65,61,9543,14479
TCATATGAGCTTTGTT-1,0,64,62,9430,14281
AGTTGACGGTCCTTGC-1,0,65,63,9316,14478
ATAATTAGCTAAGTAG-1,0,64,64,9203,14281
GGTCTTGAGCGCTCTT-1,0,65,65,9089,14478
CGTTGTCGGCAATTGA-1,0,64,66,8976,14280
TCTTGCTCCCGATACT-1,0,65,67,8862,14477
AGCAGAAGGAGAAAGA-1,0,64,68,8749,14279
GAAGCCACTGATTATG-1,0,65,69,8635,14476
TGCTCTTGAGAGTTTG-1,0,64,70,8522,14278
GACATCCGTCGAACTG-1,0,65,71,8408,14475
AGATATAATACGACTA-1,0,64,72,8295,14277
TCGCTACTGGCTTTGA-1,0,65,73,8181,14474
GTGACAGCTTCCCACT-1,0,64,74,8068,14276
GTGACGCAGGTTTCAT-1,0,65,75,7954,14473
GGGAAGACGGTCTGTC-1,0,64,76,7841,14275
CGTCGCATGTGAGCCA-1,0,65,77,7727,14472
AGAAGGTTGTAGGTCG-1,0,64,78,7614,14275
GGCCGGCGTCTGCTAT-1,0,65,79,7500,14472
TTGACCAGGAACAACT-1,0,64,80,7388,14274
AGTCGTATAAAGCAGA-1,0,65,81,7273,14471
GGCGTAGGGAAAGCTG-1,0,64,82,7161,14273
AAACCTAAGCAGCCGG-1,0,65,83,7046,14470
ATTGCCTTTATGTTTG-1,0,64,84,6934,14272
CAGGCAGTCTTACCAG-1,0,65,85,6819,14469
AGCTAAGTACGCAGGC-1,0,64,86,6707,14271
AAATCCGATACACGCC-1,0,65,87,6593,14468
CGAGAGCTTTCACTAC-1,0,64,88,6480,14270
CGCCCAGCGTTTCACG-1,0,65,89,6366,14467
TTAAGTATTGTTATCC-1,0,64,90,6253,14269
AAACGGGCGTACGGGT-1,0,65,91,6139,14466
GTATCCTTTGGTAACC-1,0,64,92,6026,14269
CATAGTCAAATACATA-1,0,65,93,5912,14466
TCTATGCTATAACGAC-1,0,64,94,5799,14268
ACGTTCTGTACAAGTC-1,0,65,95,5685,14465
CGCGAAGTGGCATACT-1,0,64,96,5572,14267
ACCAACCGCACTCCAC-1,0,65,97,5458,14464
GTCATGCGCGAGGGCT-1,0,64,98,5345,14266
TAGGCTAAAGTGGCAC-1,0,65,99,5231,14463
TGGCTACACTCTACCT-1,0,64,100,5118,14265
TGTCCACGGCTCAACT-1,0,65,101,5004,14462
AATTGCAGCAATCGAC-1,0,64,102,4891,14264
GTCAACCAGGCCTATA-1,0,65,103,4777,14461
ATCTTATCGCACACCC-1,0,64,104,4665,14263
GTCTATTGCATGCTCG-1,0,65,105,4550,14460
GCACGTGGTTTACTTA-1,0,64,106,4438,14263
ATTCGCGCCTTGAGAG-1,0,65,107,4323,14460
AGCGATGCGCCTAATA-1,0,64,108,4211,14262
TCTATAGGTGGGTAAT-1,0,65,109,4096,14459
AGATACCAATAGAACC-1,0,64,110,3984,14261
CGTGTATGGGAGCTGA-1,0,65,111,3870,14458
ATGTACATGCGGTGAG-1,0,64,112,3757,14260
TTGGCTCAATATGTGT-1,0,65,113,3643,14457
GTTCGGAGCACTCAAC-1,0,64,114,3530,14259
TCCCTCTTCTCAAGGG-1,0,65,115,3416,14456
TTACGTATCTATGACA-1,0,64,116,3303,14258
CCCATATAGGTCGATT-1,0,65,117,3189,14455
GTCCACGTCGCATTCG-1,0,64,118,3076,14257
AATTGTGGTTGCCAAA-1,0,65,119,2962,14454
AGGAACGAACGACTTC-1,0,64,120,2849,14256
TAATTCCAATGCTTCA-1,0,65,121,2735,14453
AGGGCCCTAATGTTCT-1,0,64,122,2622,14256
AGGTGTTGCCGACCAC-1,0,65,123,2508,14453
CTGAGAGTAGAAATAC-1,0,64,124,2395,14255
TAGAAGAAGGGTTACA-1,0,65,125,2281,14452
GGTGACTGATAGAGAG-1,0,64,126,2168,14254
TACCCTCGGTAACCCT-1,0,65,127,2054,14451
TGTAAGACTGATAAGA-1,0,66,0,16463,14703
GTCACTCATGAGCGAT-1,0,67,1,16349,14900
CGGTTTACTGAACATT-1,0,66,2,16236,14702
GAGATCGATCTTACTC-1,0,67,3,16122,14899
TCTTTCATCCGTCCTT-1,0,66,4,16009,14701
TCGGATCTGGATGACC-1,0,67,5,15895,14898
GTCCTAGGATACCTTA-1,0,66,6,15782,14700
TGTACCCGACCCTAAT-1,0,67,7,15668,14897
AGGTTCTCCTTTCCGG-1,0,66,8,15555,14700
AATTGCGTGGATTACA-1,0,67,9,15441,14897
CGATAGCGATACAGTG-1,0,66,10,15328,14699
CGCCCTAATTGTTCAA-1,0,67,11,15214,14896
ATTATGAGACCCAATT-1,0,66,12,15101,14698
CCTCCTAGCTAGAGTC-1,0,67,13,14987,14895
CGAAGGGTTTCAGATT-1,0,66,14,14874,14697
CACAAGCTAAGAAAGG-1,0,67,15,14760,14894
CACCGGTAGAGACATT-1,0,66,16,14647,14696
ACTCATGGCAGCCTTC-1,0,67,17,14533,14893
CATCCAATATAGTTTG-1,0,66,18,14421,14695
CAGATATGAAGATGAC-1,0,67,19,14306,14892
GCAAAGGGCGTTAGCC-1,0,66,20,14194,14694
CTGTTGTTCAGTCGTA-1,0,67,21,14079,14891
AAAGGCCCTATAATAC-1,0,66,22,13967,14694
AACATTGAAGTTGATC-1,0,67,23,13852,14891
GCTAGCGATAGGTCTT-1,0,66,24,13740,14693
ATTGCCTATTAGACCG-1,0,67,25,13626,14890
GGGCGTTTACATTCAT-1,0,66,26,13513,14692
CCTCTACAAGGATTGG-1,0,67,27,13399,14889
AGTGACTGTGACACAA-1,0,66,28,13286,14691
AGCCCTCCCTGGTGGC-1,0,67,29,13172,14888
CGGTTGAGTATCCTTC-1,0,66,30,13059,14690
CATTATCCCATTAACG-1,0,67,31,12945,14887
AATGTGCTAATCTGAG-1,0,66,32,12832,14689
CTTAGTTGAGGAATCG-1,0,67,33,12718,14886
CTTCTGGGCGTACCTA-1,0,66,34,12605,14688
AGTCAAATGATGTGAT-1,0,67,35,12491,14885
TGAACAAGCAGGGACT-1,0,66,36,12378,14688
AATACCGGAGGGCTGT-1,0,67,37,12264,14885
GTTTGGTGATCGGTGC-1,0,66,38,12151,14687
GACTGCTGGTGAGAAA-1,0,67,39,12037,14884
CGATCCTCGCAACATA-1,0,66,40,11924,14686
CCAACCTTATGTAACT-1,0,67,41,11810,14883
CGTGGTACCCAAAGGC-1,0,66,42,11697,14685
AACCCGACAACCCGTG-1,0,67,43,11583,14882
TATGTAAAGTGCTTAA-1,1,66,44,11471,14684
GCAAGTGTAAAGCATG-1,0,67,45,11356,14881
GTAACTGCCCAAGGAG-1,0,66,46,11244,14683
GGTGCATAAATGATTA-1,0,67,47,11129,14880
TAGTCCCGGAGACCAC-1,0,66,48,11017,14682
CGGCCAGAGCGACCAT-1,0,67,49,10903,14879
TGAATGAGTGTTTCCC-1,0,66,50,10790,14681
TTCACTTCCTAGAACG-1,0,67,51,10676,14878
CGCTTAGTATTGATAC-1,0,66,52,10563,14681
AACGCGACCTTGGGCG-1,0,67,53,10449,14878
GTGCACCAGCTTCAAC-1,0,66,54,10336,14680
TTCTATTAAACGCAGC-1,0,67,55,10222,14877
TGGCAAGCACAAGTCG-1,0,66,56,10109,14679
ATCTGCTGTTATCGCC-1,0,67,57,9995,14876
AATTCCAAGCATGTAC-1,0,66,58,9882,14678
AAACGGTTGCGAACTG-1,0,67,59,9768,14875
GAAGGAGTCGAGTGCG-1,0,66,60,9655,14677
GGCAAGCCCATAGTGG-1,0,67,61,9541,14874
TGACCAAATCTTAAAC-1,0,66,62,9428,14676
TTCGGTACTGTAGAGG-1,0,67,63,9314,14873
ATGTACGATGACGTCG-1,0,66,64,9201,14675
ATCTAGCTTGTGAGGG-1,0,67,65,9087,14872
AGCGGGTCTGACACTC-1,0,66,66,8974,14675
GAGGTACGCGTGTCCC-1,0,67,67,8860,14872
GCACTGCCTACCTTTA-1,0,66,68,8748,14674
GGAGCGAGGCCTACTT-1,0,67,69,8633,14871
AAACTCGGTTCGCAAT-1,0,66,70,8521,14673
GGCGCTTCATTCCCTG-1,0,67,71,8406,14870
TGCTCGGTGGGTCACC-1,0,66,72,8294,14672
AAGCGCAGGGCTTTGA-1,0,67,73,8180,14869
GACCTTCCACGTCTAC-1,0,66,74,8067,14671
GTTAGCCCATGACATC-1,0,67,75,7953,14868
AATTCGATTCGAGGAT-1,0,66,76,7840,14670
AGTCTTTAAAGTGTCC-1,0,67,77,7726,14867
GACTAGGCCGTTAGGT-1,0,66,78,7613,14669
TCCAAGCCTAGACACA-1,0,67,79,7499,14866
GATTGGGAAAGGTTGT-1,0,66,80,7386,14669
GATGAGGAACCTTCGG-1,0,67,81,7272,14866
TGAATACCGACGCGTA-1,0,66,82,7159,14668
AATCGTGAGCCGAGCA-1,0,67,83,7045,14865
GCGAAGAATCTGACGG-1,0,66,84,6932,14667
GAACAACTGGGATGAA-1,0,67,85,6818,14864
TCGCCGACATATTCGC-1,0,66,86,6705,14666
CGTAGAGAGTAATTAT-1,0,67,87,6591,14863
CGATAGTCGTACTGCA-1,0,66,88,6478,14665
CGCATGCCGAATGCGT-1,0,67,89,6364,14862
CTCTAGCCCTCGGAAA-1,0,66,90,6251,14664
TCCAACTCAGCTATCT-1,0,67,91,6137,14861
GTCTAGTGAGCCGCTT-1,0,66,92,6025,14663
TACCGAATAATTGTAA-1,0,67,93,5910,14860
ATATAACACGGGCGCA-1,0,66,94,5798,14663
GCATGCTAATAACGAT-1,0,67,95,5683,14860
TCCGGGCTTGACGGGA-1,0,66,96,5571,14662
ATTATTCAGAGTCACT-1,0,67,97,5456,14859
TAGCAGTATGACTAAA-1,0,66,98,5344,14661
TATGAAGAATTAAGGT-1,0,67,99,5230,14858
CAAGGCCAGTGGTGCA-1,0,66,100,5117,14660
TGCGTACGGCTAATTG-1,0,67,101,5003,14857
CAGATAATGGGCGGGT-1,0,66,102,4890,14659
GAGAACGGTTCTGACT-1,0,67,103,4776,14856
CGCTTCGGTCTAAGAC-1,0,66,104,4663,14658
AGCATTACGAGGCAAG-1,0,67,105,4549,14855
AAGTTGTGATGTTATA-1,0,66,106,4436,14657
TTGCTCATAGTACGTG-1,0,67,107,4322,14854
TACTTAAACATGTACA-1,0,66,108,4209,14657
AGTGAGTCGAATTAAC-1,0,67,109,4095,14853
TAGGCCTATATAGTCT-1,0,66,110,3982,14656
ACTCGCCGTTCGATAA-1,0,67,111,3868,14853
GGTACGTTGCGGCCGG-1,0,66,112,3755,14655
TATTGCCGGGCTTGTA-1,0,67,113,3641,14852
GGTAAACTCTGCGCTG-1,0,66,114,3528,14654
TCCCTTGTCTGAAACT-1,0,67,115,3414,14851
CATGATCGCTTTGAGA-1,0,66,116,3302,14653
GGACGGGCGACCAACC-1,0,67,117,3187,14850
GAGAGGCCTATGTGTA-1,0,66,118,3075,14652
TCGTAACTCCCAAGAC-1,0,67,119,2960,14849
CGTATCTAGAACTAAG-1,0,66,120,2848,14651
GCACCTTCCCGAAGGT-1,0,67,121,2733,14848
TACCTCTTTACCATCC-1,0,66,122,2621,14650
TGACTCTAACTGGTAA-1,0,67,123,2507,14847
GAGAAACTGGATCCCA-1,0,66,124,2394,14650
ATCCGGACCAGCCTGA-1,0,67,125,2280,14847
TTATTTAGGTTCCTTA-1,0,66,126,2167,14649
CGAATTCCCGGTTCAA-1,0,67,127,2053,14846
TAGTTTGATCGGTCGC-1,0,68,0,16461,15098
AGTCGAAACGATTCAG-1,0,69,1,16347,15295
ACGTCGGGCAACTCGG-1,0,68,2,16234,15097
ACTTGCTCTATCTACC-1,0,69,3,16120,15294
ATTACGGGCTACGGTT-1,0,68,4,16007,15096
GCAAACGTAAGCGACC-1,0,69,5,15893,15293
TTCGGACTGGGCATGG-1,0,68,6,15781,15095
GGGCCATTCGTGCTGG-1,0,69,7,15666,15292
GAGTTGTCACCAGTCT-1,0,68,8,15554,15094
AGTAATTTGCAAGCGT-1,0,69,9,15439,15291
GTGGCCGGTTTCTCGG-1,0,68,10,15327,15094
ATCTTAGGGCATTAAT-1,0,69,11,15212,15291
CTACATATCGCGGGAC-1,0,68,12,15100,15093
ATGGTATTTACTGATT-1,0,69,13,14986,15290
CCGTCAACCTCTGGCG-1,0,68,14,14873,15092
GCTTCGACGTTCAATC-1,0,69,15,14759,15289
GACCGATTAAATATGT-1,0,68,16,14646,15091
GTCGAATTTGGGCGCT-1,0,69,17,14532,15288
TCACGGCCCAAGAGAG-1,0,68,18,14419,15090
CTACGATCCTATCCTA-1,0,69,19,14305,15287
TGCAGTGGTAGGGAAC-1,0,68,20,14192,15089
TTGCCTAATCCAAAGT-1,0,69,21,14078,15286
AGCGAGACGTGAAGGC-1,0,68,22,13965,15088
TTCTACCTCAATCGGT-1,0,69,23,13851,15285
TACGCTGCTGTGTTAA-1,0,68,24,13738,15088
TAGTCCTGCACTAAGC-1,0,69,25,13624,15285
AGCACACGTTTAGACT-1,0,68,26,13511,15087
GTTCGACAATTGTATA-1,0,69,27,13397,15284
CCATGTTCATCTATAT-1,0,68,28,13284,15086
CCCTCGATAATACACA-1,0,69,29,13170,15283
ACTGCCCGCCATTCTC-1,0,68,30,13057,15085
CTATATCCAGCCTGGC-1,0,69,31,12943,15282
CGCACGTCTGTTTATG-1,0,68,32,12831,15084
AATCAGGTTTCATTTA-1,0,69,33,12716,15281
AGAGAAACACCAGAAA-1,0,68,34,12604,15083
ACCCGATTGGTTCCGA-1,0,69,35,12489,15280
TACCAGGAATCCCGTC-1,0,68,36,12377,15082
AAGTGCTTCTCTATTG-1,0,69,37,12263,15279
TGCATGTGACCCATAG-1,0,68,38,12150,15081
TAGATTCAAAGTGCGG-1,0,69,39,12036,15278
AGGGTCAGAGCACTCG-1,0,68,40,11923,15081
GTGAGATAACCTTATA-1,0,69,41,11809,15278
GTGTCAGTGTACGTGG-1,0,68,42,11696,15080
CTGTAGTGAGGATCGA-1,0,69,43,11582,15277
GATAGTGCGAGTAAGT-1,0,68,44,11469,15079
AGGGTTCAGACGGTCC-1,0,69,45,11355,15276
GGACTCGACAGCGCAT-1,0,68,46,11242,15078
CACTCTCAAGCATCGA-1,0,69,47,11128,15275
GAGCGGAATGCGGTGT-1,0,68,48,11015,15077
CAGTTCGAGGACCCGA-1,0,69,49,10901,15274
CGTAACTTCGACACTT-1,0,68,50,10788,15076
TGATCACCACACTGAC-1,0,69,51,10674,15273
CATACTTCTTTCTCCG-1,0,68,52,10561,15075
CAAGTAAGTGATAGAC-1,0,69,53,10447,15272
AGCCCGCAACAAGCAG-1,0,68,54,10334,15075
GCTCCATGCAAAGCAA-1,0,69,55,10220,15272
TCGTACCGACGTCAAG-1,0,68,56,10108,15074
ATTATCGGAATGTACG-1,0,69,57,9993,15271
ACCTACTATAAATCTA-1,0,68,58,9881,15073
TATCCTATCAACTGGT-1,0,69,59,9766,15270
GCGCGGTCTAGTAACT-1,0,68,60,9654,15072
CCTTCGTATAGAATCC-1,0,69,61,9540,15269
TGGGCGATACAATAAG-1,0,68,62,9427,15071
TGACATGTAACGTGAC-1,0,69,63,9313,15268
TTGGGAAGACGAGCCG-1,0,68,64,9200,15070
GGTGTAAATCGATTGT-1,0,69,65,9086,15267
GAACTGTGGAGAGACA-1,0,68,66,8973,15069
TCCACATCGTATATTG-1,0,69,67,8859,15266
CCTATGGTCAAAGCTG-1,0,68,68,8746,15069
TCCTTGTCCTTTAATT-1,0,69,69,8632,15266
AAGTTTATGGGCCCAA-1,0,68,70,8519,15068
GTCCGGGTTCACATTA-1,0,69,71,8405,15265
ATGTAGCGCGCGTAGG-1,0,68,72,8292,15067
TACGGAAGCCAAACCA-1,0,69,73,8178,15264
GCCCTGAGGATGGGCT-1,0,68,74,8065,15066
CGGGCGATGGATCACG-1,0,69,75,7951,15263
TGCGGACTTGACTCCG-1,0,68,76,7838,15065
TAATACTAGAACAGAC-1,0,69,77,7724,15262
TCAAATTGTTGTGCCG-1,0,68,78,7611,15064
GGGCAGTCAACGCCAA-1,0,69,79,7497,15261
TCGCTGCCAATGCTGT-1,0,68,80,7385,15063
TACGTGGGCCCAGGGC-1,0,69,81,7270,15260
GCCTACGTTCTGTGCA-1,0,68,82,7158,15063
TTGCGTGTGTAGGCAT-1,0,69,83,7043,15260
TCCTAAAGATTCAGAC-1,0,68,84,6931,15062
TGGGTGCACAAGCCAT-1,0,69,85,6816,15259
GGGAGCGACCGTAGTG-1,0,68,86,6704,15061
CATAGAGGAGATACTA-1,0,69,87,6590,15258
CTTCGATTGCGCAAGC-1,0,68,88,6477,15060
GTGCCTGAGACCAAAC-1,0,69,89,6363,15257
TCATCCTCAGCTGCTT-1,0,68,90,6250,15059
TGCAACTACTGGTTGA-1,0,69,91,6136,15256
ATGTTGATTAGAGACT-1,0,68,92,6023,15058
GTTTCTAGAGGCGCGG-1,0,69,93,5909,15255
TACAAGGGCTTCTTTA-1,0,68,94,5796,15057
ACAGGCACGGATCCTT-1,0,69,95,5682,15254
CCCAAGTCATTACACT-1,0,68,96,5569,15057
ACTCTGACCTAATAGA-1,0,69,97,5455,15253
GGATGGCTTGAAGTAT-1,0,68,98,5342,15056
ACCCTCCCGTCAGGGC-1,0,69,99,5228,15253
AGCTTCTTCTCGAGCA-1,0,68,100,5115,15055
TTGCGCTTGATCAATA-1,0,69,101,5001,15252
TGGGTGTAATAGATTT-1,0,68,102,4888,15054
CATGGTTTATTAATCA-1,0,69,103,4774,15251
TTGCCTTCTCGCCGGG-1,0,68,104,4662,15053
TTAAAGTAAGTCGCCA-1,0,69,105,4547,15250
AGTTGGCAAGGCTAGA-1,0,68,106,4435,15052
CCGCACTTGCAATGAC-1,0,69,107,4320,15249
AATGTTGTCGTGAGAC-1,0,68,108,4208,15051
CCAAGGTTGCCCTTTC-1,0,69,109,4093,15248
TGTGACTAGAGTTTGC-1,0,68,110,3981,15050
TTGTGATCTGTTCAGT-1,0,69,111,3867,15247
GGAGTTGATTCTGTGT-1,0,68,112,3754,15050
GTAGTGAGCAACCTCA-1,0,69,113,3640,15247
AAGACATACGTGGTTT-1,0,68,114,3527,15049
CATCCCGAGATTCATA-1,0,69,115,3413,15246
GGCCGCAGGAACCGCA-1,0,68,116,3300,15048
CCAGAAACTGATGCGA-1,0,69,117,3186,15245
ACCCGTAGTCTAGTTG-1,0,68,118,3073,15047
AGGGTCTGGACGCAGT-1,0,69,119,2959,15244
TTGAAACCCTCATTCC-1,0,68,120,2846,15046
TCAATCCCGCGCCAAA-1,0,69,121,2732,15243
AGGACATCGGCACACT-1,0,68,122,2619,15045
GACAAGACGCCCGTGC-1,0,69,123,2505,15242
GAGTAAATTAAGAACC-1,0,68,124,2392,15044
TAAGTCGGTGAGCTAG-1,0,69,125,2278,15241
CTTACTGACTCCTCTG-1,0,68,126,2165,15044
TTAACTGATCGTTTGG-1,0,69,127,2051,15241
GGGCGATCCATAGGCC-1,0,70,0,16460,15493
CGTATTGTTTGGCGCC-1,0,71,1,16346,15690
CGCGTGGGCCTGTGTT-1,0,70,2,16233,15492
AAATCTGCCCGCGTCC-1,0,71,3,16119,15689
GCTGAAGGGTTCTTGG-1,0,70,4,16006,15491
TAATTGCGCTGATTAC-1,0,71,5,15892,15688
TCGCGCGTTTACATGA-1,0,70,6,15779,15490
TAACTGAAATACGCCT-1,0,71,7,15665,15687
CCTGTCGTGTATGAAG-1,0,70,8,15552,15489
CGGGAACGCCCTGCAT-1,0,71,9,15438,15686
AGTTGCGGTCCTCAAC-1,0,70,10,15325,15488
GGGTCCTTGGAAGAAG-1,0,71,11,15211,15685
CGGGAAGTACCGTGGC-1,0,70,12,15098,15488
ACGGTCACCGAGAACA-1,0,71,13,14984,15685
TAGACTCAGTTGGCCT-1,0,70,14,14871,15487
CCTTCCGCAACGCTGC-1,0,71,15,14757,15684
CAGTGTTAATCTCTCA-1,0,70,16,14644,15486
CAGGCCAGTACCACCT-1,0,71,17,14530,15683
GATCGCTGTGGTGCGT-1,0,70,18,14418,15485
GTATCTCGGGCGCTTT-1,0,71,19,14303,15682
CCGGGCTAAGAATTTC-1,0,70,20,14191,15484
CTTCACGCCCTGGTAC-1,0,71,21,14076,15681
CGGATGAATGCTGTGA-1,0,70,22,13964,15483
CTCTGCAGGCATTCTT-1,0,71,23,13849,15680
TCAAAGTCACGGCGTC-1,0,70,24,13737,15482
TGGGTTTCGGGCGTAC-1,0,71,25,13623,15679
TGCTATGGCAAAGGGA-1,0,70,26,13510,15481
TTCACGGTCGTCACGT-1,0,71,27,13396,15678
CGTAAAGCAAGAAATC-1,0,70,28,13283,15481
CTGATCCCTTTATGCA-1,0,71,29,13169,15678
GAGTATACCCTAATCA-1,0,70,30,13056,15480
CCACGGCAGGTGTAGG-1,0,71,31,12942,15677
ACGTACTTTGGCACGG-1,0,70,32,12829,15479
CCTGAGAATAAATGCA-1,0,71,33,12715,15676
TTGATGCCGCTCGTCG-1,0,70,34,12602,15478
GCCAGGAAAGAACACT-1,0,71,35,12488,15675
TCCGACCGCTAATCAA-1,0,70,36,12375,15477
TATATCAAAGTGATCT-1,0,71,37,12261,15674
CCTCGGTTTCCTTGCC-1,0,70,38,12148,15476
TAAATTTAGTAACACC-1,0,71,39,12034,15673
CTCGTTACGGCTACCA-1,0,70,40,11921,15475
GCCGTCGGTTTCGGGC-1,0,71,41,11807,15672
GTTCCGTCCGCCTGCA-1,0,70,42,11694,15475
CTAGGGATAGGGACAA-1,0,71,43,11580,15672
GTCCAGGCACGTGTGC-1,0,70,44,11468,15474
GAGGAATATCTCTTTG-1,0,71,45,11353,15671
CGTTCAAGGAAACGGA-1,0,70,46,11241,15473
GTGGGAACAAACCGGG-1,0,71,47,11126,15670
GGGCACGTAGTACTGT-1,0,70,48,11014,15472
ACTACAAAGAGAGGTG-1,0,71,49,10900,15669
GGTGTAGGTAAGTAAA-1,0,70,50,10787,15471
CCTGTTCAACCTCGGG-1,0,71,51,10673,15668
TGAGGTGTGTGGCGGA-1,0,70,52,10560,15470
ATTGTCTGTTTCATGT-1,0,71,53,10446,15667
GCCGGTCGTATCTCTC-1,0,70,54,10333,15469
ATATGGGATAGCAACT-1,0,71,55,10219,15666
GATAGAACCCGCTAGG-1,0,70,56,10106,15469
ATCCCATTTCCGTGGG-1,0,71,57,9992,15666
GATGCTACCTTCGATG-1,0,70,58,9879,15468
TGCAAAGTTCGTCTGT-1,0,71,59,9765,15665
GTTCAGTCGCCAAATG-1,0,70,60,9652,15467
GTCTCCGCCTCAATAC-1,0,71,61,9538,15664
AGTAGAAGGCGCCTCA-1,0,70,62,9425,15466
GTTGTAGATTTATGAG-1,0,71,63,9311,15663
CTATTTGCTTGGAGGA-1,0,70,64,9198,15465
AGCCATATAGTATGTG-1,0,71,65,9084,15662
TGTTCCGGCCTGAGCT-1,0,70,66,8971,15464
TGCCGTGGGACCCAAT-1,0,71,67,8857,15661
TTGCAAGAAGACTCCT-1,0,70,68,8745,15463
CCGCTCCAGGGCGATC-1,0,71,69,8630,15660
CAAACCCTCCGGCGGG-1,0,70,70,8518,15463
CGGACCTTTACGTCCC-1,0,71,71,8403,15660
ACGTAGGAGAGTCGCT-1,0,70,72,8291,15462
CTGCGACCTCGCCGAA-1,0,71,73,8177,15659
GGCCCAGCTGGTTTGC-1,0,70,74,8064,15461
GGATTAATCATGGACC-1,0,71,75,7950,15658
GAGATGGCTTTAATCA-1,0,70,76,7837,15460
AGTACAGAAGCTTATA-1,0,71,77,7723,15657
GCGGCTTTAGCAAGTT-1,0,70,78,7610,15459
ACCGAGTCTCCTTATT-1,0,71,79,7496,15656
GACCACACTTCCCTTT-1,0,70,80,7383,15458
TGTAGCCAATTCCGTT-1,0,71,81,7269,15655
CTCGTCTGTGCCTTCG-1,0,70,82,7156,15457
GGACTCTTTGACTAAG-1,0,71,83,7042,15654
TCATCGACGACCGTCG-1,0,70,84,6929,15457
TACTACGTGCAATGCG-1,0,71,85,6815,15654
CCCTACTTGAACAATG-1,0,70,86,6702,15456
GCAGCTGTCAACGCAT-1,0,71,87,6588,15653
ATCTACCATCTGCTCC-1,0,70,88,6475,15455
TCTCAAATCAATCGGG-1,0,71,89,6361,15652
ACTCCGGCCGACCACT-1,0,70,90,6248,15454
TACACCTCTTCGAATC-1,0,71,91,6134,15651
GTGGCTGTTTCTGTTC-1,0,70,92,6022,15453
ACGACTCTAGGGCCGA-1,0,71,93,5907,15650
TCGTTTACGCGACCCT-1,0,70,94,5795,15452
AGGATATCCGACTGCA-1,0,71,95,5680,15649
GACACTTCCAATTACC-1,0,70,96,5568,15451
ACGGTACAGTTCAATG-1,0,71,97,5453,15648
CTTGATGACCATCCAG-1,0,70,98,5341,15450
CTGGTAAAGACTTACA-1,0,71,99,5227,15647
CTTGCCCACCCACGCA-1,0,70,100,5114,15450
CATTACGCAGGAAGGG-1,0,71,101,5000,15647
GGACAACCATGAAGCC-1,0,70,102,4887,15449
GTTATCAAGCTATCGA-1,0,71,103,4773,15646
AGGTGCACGTCCACAT-1,0,70,104,4660,15448
AAAGAATGTGGACTAA-1,0,71,105,4546,15645
ACCAAGTCATCGGCAG-1,0,70,106,4433,15447
AGTAACTATAGCAGCC-1,0,71,107,4319,15644
GGGAAAGAATGCCAAC-1,0,70,108,4206,15446
AATCGGTATAGCCCTC-1,0,71,109,4092,15643
GGCACTGCGGTGGTTT-1,0,70,110,3979,15445
CGTCCTCATCGCGTGC-1,0,71,111,3865,15642
CTTAACTTACAGTATA-1,0,70,112,3752,15444
GTGAGTCGACTAATAG-1,0,71,113,3638,15641
TGTACTTCCGGGCATG-1,0,70,114,3525,15444
CACAAACCGCAGAACT-1,0,71,115,3411,15641
GCTTTACACAACTGGG-1,0,70,116,3299,15443
CACCGATGATGGGTAC-1,0,71,117,3184,15640
TCAATATACAGGAGGC-1,0,70,118,3072,15442
AACGACCTCCTAGCCG-1,0,71,119,2957,15639
GTTACCAAGGCGTACG-1,0,70,120,2845,15441
TAGCTCACTGTGTTTG-1,0,71,121,2730,15638
TCGGCAGGGTTAAGGG-1,0,70,122,2618,15440
TGTTAACAAAGTGACT-1,0,71,123,2504,15637
CAGAGCGATGGATGCT-1,0,70,124,2391,15439
CATAGTGGGCACGCCT-1,0,71,125,2277,15636
AAACGCTGGGCACGAC-1,0,70,126,2164,15438
TGTTCTCATACTATAG-1,0,71,127,2050,15635
TCCGCTGGGTCGATCG-1,0,72,0,16458,15888
TTAGCATCCCTCACGT-1,0,73,1,16344,16085
AGCCTTGTCACTGATA-1,0,72,2,16231,15887
GTTTCTTGTTAGAGCT-1,0,73,3,16117,16084
TCGGAGTCCTGGTTGC-1,0,72,4,16004,15886
ACGGGTTGTGACCTGT-1,0,73,5,15890,16083
TGACAGAAATCTTGCT-1,0,72,6,15778,15885
TAGCCATGATTGCCTA-1,0,73,7,15663,16082
CGAAGCCACAGCATGG-1,0,72,8,15551,15884
ACCCGTAGCAGAGAAT-1,0,73,9,15436,16081
AGCTTGATCAGGGTAG-1,0,72,10,15324,15883
CTATAAGTAGGGTTTG-1,0,73,11,15209,16080
TATAGTTAGGTGTACT-1,0,72,12,15097,15882
TACGCTGATAGTTGTA-1,0,73,13,14983,16079
TTCTCAATTGCTACAA-1,0,72,14,14870,15882
GTTGCCCTAACGGGTG-1,0,73,15,14756,16078
GACATTTCGCCCAGCC-1,0,72,16,14643,15881
GTAACTACGTAGACCT-1,0,73,17,14529,16078
CCAGTGTACAGACCGA-1,0,72,18,14416,15880
GCCCGATGCCCAGTTC-1,0,73,19,14302,16077
CGAACCTCTTTCCTAG-1,0,72,20,14189,15879
CATGCACATGAGAGGC-1,0,73,21,14075,16076
CCAAATCAAAGGGCAA-1,0,72,22,13962,15878
GTAGTTTAAGCACACG-1,0,73,23,13848,16075
TAAGTGAATAGTCTAC-1,0,72,24,13735,15877
GGTCCACGTCTATTTG-1,0,73,25,13621,16074
CCCTCAGATCGAGAAC-1,0,72,26,13508,15876
ACATTCGCGCGGAATA-1,0,73,27,13394,16073
CTATGAACACCTTGCC-1,0,72,28,13281,15875
CGAATGGTAGGTCGTC-1,0,73,29,13167,16072
TCGACATAGCGTAGCG-1,0,72,30,13054,15875
GACGTTGCTCGGCGGC-1,0,73,31,12940,16072
CTCGAGGCAAGTTTCA-1,0,72,32,12828,15874
GCTGGGAGCGCGTCAA-1,0,73,33,12713,16071
GACGATATCACTGGGT-1,0,72,34,12601,15873
CAGCTCTGGGCTCACT-1,0,73,35,12486,16070
TAGTCTGCGGCACATT-1,0,72,36,12374,15872
TGGTCGATATACCTCT-1,0,73,37,12260,16069
TTCAGTTCAAGAGGAG-1,0,72,38,12147,15871
GTCTGTAGGTTGAACA-1,0,73,39,12033,16068
GAGAGTCTCGGGAGAG-1,0,72,40,11920,15870
TTGTTTGTATTACACG-1,0,73,41,11806,16067
GCACAGCACGGGCCGA-1,0,72,42,11693,15869
AAACAGTGTTCCTGGG-1,0,73,43,11579,16066
TGGAGAATAATCGTCC-1,0,72,44,11466,15869
CGCCGCGTTCTGAACG-1,0,73,45,11352,16066
CATGCGTTGAGAGGAG-1,0,72,46,11239,15868
TACGCTCCTAGAACTG-1,0,73,47,11125,16065
CCTTGTGAACGTGGTT-1,0,72,48,11012,15867
TTAAAGGCGATGCTCG-1,0,73,49,10898,16064
TAAAGTGCACGTCTCG-1,0,72,50,10785,15866
TGTCCGCAAACAATTC-1,0,73,51,10671,16063
AGGCCTATCATACCAA-1,0,72,52,10558,15865
ACTGGGATGCCAGTGC-1,0,73,53,10444,16062
CGATCCACCATTGTTG-1,0,72,54,10331,15864
GGGCATGCATGTCGAG-1,0,73,55,10217,16061
TCCAGGCAGGACGATC-1,0,72,56,10105,15863
CAATGACCCTTAATTT-1,0,73,57,9990,16060
ATCAAGATCCCAGGAC-1,0,72,58,9878,15863
CTCAGAGCTAATGTCG-1,0,73,59,9763,16060
CTGCGATTTCGAGATT-1,0,72,60,9651,15862
ATGGTATTGGGAACCG-1,0,73,61,9537,16059
TAGGTTCTGCTGAGAA-1,0,72,62,9424,15861
GCCTGTCCCGGTGCAT-1,0,73,63,9310,16058
GGCCTGCTCTGATGTT-1,0,72,64,9197,15860
TAGAGGGAGTTTATCT-1,0,73,65,9083,16057
CTCTACATCCTGCGTG-1,0,72,66,8970,15859
ACACATTTCCGTAGAC-1,0,73,67,8856,16056
TGGGTGTTAAGTAGAA-1,0,72,68,8743,15858
GAGCTCAACATGAGCG-1,0,73,69,8629,16055
GCACACAGCTATTACC-1,0,72,70,8516,15857
GCGACGGTAGTCTCCT-1,0,73,71,8402,16054
GTATCAAGGTACTTCC-1,0,72,72,8289,15857
GGAAAGGGAATTGAGC-1,0,73,73,8175,16054
TACACAGCCGTGGTGC-1,0,72,74,8062,15856
CGGTTGGGCAGGGTCC-1,0,73,75,7948,16053
GCACGCCGATTCCCGC-1,0,72,76,7835,15855
CGCTTTCCGCCAAGGT-1,0,73,77,7721,16052
TGCCCGATAGTTAGAA-1,0,72,78,7608,15854
TCAGAACGGCGGTAAT-1,0,73,79,7494,16051
CCACTCAGATCCGCAA-1,0,72,80,7382,15853
GAAGGGTCATTAAGAC-1,0,73,81,7267,16050
GCGGTCTTGCTTTCAC-1,0,72,82,7155,15852
GGAAGGACACCGTATA-1,0,73,83,7040,16049
CGCGGGAATTCCTTTC-1,0,72,84,6928,15851
TCTATCCGATTGCACA-1,0,73,85,6813,16048
TACTCGTTTGAATCAA-1,0,72,86,6701,15850
GTCTGCCGACTCGACG-1,0,73,87,6587,16047
TACGGGTAATAACATA-1,0,72,88,6474,15850
CCAGTTCGGTAACTCA-1,0,73,89,6360,16047
CGTGCACACCACTGTA-1,0,72,90,6247,15849
CTTCAGTTGGACAACG-1,0,73,91,6133,16046
TGATCTATCACACTCT-1,0,72,92,6020,15848
TAGCAGATACTTAGGG-1,0,73,93,5906,16045
CACCGGGCATCACAAG-1,0,72,94,5793,15847
AGTGGCCCGCAAATGG-1,0,73,95,5679,16044
CTCGCTAGGTAAGCGA-1,0,72,96,5566,15846
GATAGATAGTACAGTC-1,0,73,97,5452,16043
CGAGACTACTGCTGCT-1,0,72,98,5339,15845
ACATTTGAAACCTAAC-1,0,73,99,5225,16042
GACACAGCCGGGACTG-1,0,72,100,5112,15844
ACGGAACACGAGTGCC-1,0,73,101,4998,16041
ACGCCAGTGCGTTTGC-1,0,72,102,4885,15844
GCACCTAGGCGAGTCC-1,0,73,103,4771,16041
TCACTATCCCTTCGGT-1,0,72,104,4659,15843
TGAGTGTAACAACGGG-1,0,73,105,4544,16040
ATTGGTTGTGCATTAC-1,0,72,106,4432,15842
CTGGCGATTTACATGT-1,0,73,107,4317,16039
TCCACCAAGACATAGG-1,0,72,108,4205,15841
AACGTCGCTGCACTTC-1,0,73,109,4090,16038
GTCTCCCGAGTCCCGT-1,0,72,110,3978,15840
AGCCCGCACTACAATG-1,0,73,111,3864,16037
GGCACGCTGCTACAGT-1,0,72,112,3751,15839
GCTTGAGTGACCTCTG-1,0,73,113,3637,16036
ATAGCCATAACAGTCA-1,0,72,114,3524,15838
TAGGAGGCTCGAGAAC-1,0,73,115,3410,16035
GTCGGGTGAAGTACCG-1,0,72,116,3297,15838
CACCCGCGTTTGACAC-1,0,73,117,3183,16035
TCTCAGGCTACTCGCT-1,0,72,118,3070,15837
TAGATTCTCTAGCAAA-1,0,73,119,2956,16034
CCCATTATTGTATCCT-1,0,72,120,2843,15836
GTTAATAGCGTCATTA-1,0,73,121,2729,16033
TACTCATTGACGCATC-1,0,72,122,2616,15835
TAGTGACAAGCTCTAC-1,0,73,123,2502,16032
ATCGCCGTGGTTCATG-1,0,72,124,2389,15834
CTGCTCTCAACACACC-1,0,73,125,2275,16031
GCATGACACAAAGGAA-1,0,72,126,2162,15833
CAACGATCGATCCAAT-1,0,73,127,2048,16030
ATACAGCGTCCACTGA-1,0,74,0,16457,16282
TCACGATTAATACGTT-1,0,75,1,16343,16479
CGTGAACTGACCCGAT-1,0,74,2,16230,16282
TCGATGTTACGGCCGT-1,0,75,3,16116,16478
GACCGGTGATACTCTC-1,0,74,4,16003,16281
TCTGTTTAGATTGTTC-1,0,75,5,15889,16478
GCTACTCGGACGCAGA-1,0,74,6,15776,16280
AAGAAAGTTTGATGGG-1,0,75,7,15662,16477
CGCCAGTAGTACCTTG-1,0,74,8,15549,16279
CTCCCTTGTATCAAGG-1,0,75,9,15435,16476
ACTTTATACACCACTT-1,0,74,10,15322,16278
AGATCTGGAGAGGATA-1,0,75,11,15208,16475
TCATCCATCTGATCAC-1,0,74,12,15095,16277
AGAACACGGCGATGGT-1,0,75,13,14981,16474
CCGCTCCGGATAAGCT-1,0,74,14,14868,16276
TGGTCGGGTACAGGGC-1,0,75,15,14754,16473
ACGGACGCAGCGACAA-1,0,74,16,14641,16275
ACATGCTTACGGCAGC-1,0,75,17,14527,16472
CAGGGAGATAGGCCAG-1,0,74,18,14415,16275
TCGCCACCCGGATTAC-1,0,75,19,14300,16472
TCTTGGTCAATGATAC-1,0,74,20,14188,16274
CATAGGGACACTTGTG-1,0,75,21,14073,16471
CACGAGCAAACCAGAC-1,0,74,22,13961,16273
GGGATATTGATCGCCA-1,0,75,23,13846,16470
TAATGTCGGTTCATGG-1,0,74,24,13734,16272
CGATTTGTCATTAATG-1,0,75,25,13620,16469
TTAAGATACCCAGAGA-1,0,74,26,13507,16271
CGACCGTTGGTATTCG-1,0,75,27,13393,16468
ACTACCATCCGAGGGC-1,0,74,28,13280,16270
TCTACGCACGATCTCC-1,0,75,29,13166,16467
AAGCCACTTGCAGGTA-1,0,74,30,13053,16269
ACGTTGTCGTTGAAAG-1,0,75,31,12939,16466
ACCGCTAGTCATTGGT-1,0,74,32,12826,16269
CATGAGTCCATCACGG-1,0,75,33,12712,16466
ATGTCTTGTTTGACTC-1,0,74,34,12599,16268
TCCCAAACATCCTCTA-1,0,75,35,12485,16465
CAACGCGATGAGCCAA-1,0,74,36,12372,16267
GACACCCAAAGACGCG-1,0,75,37,12258,16464
ACGTTCACTATGCCGC-1,0,74,38,12145,16266
ATGGACTGCTTAGTTG-1,0,75,39,12031,16463
CCATGGCAAACGCTCA-1,0,74,40,11918,16265
TTGTCTCGGCAAGATG-1,0,75,41,11804,16462
TTCGAACGAAACATGC-1,0,74,42,11691,16264
GGAAAGTCTTGATTGT-1,0,75,43,11577,16461
ATCATAGATCGACGAG-1,0,74,44,11465,16263
GATTAGAAACAAGCGT-1,0,75,45,11350,16460
GCTGCGAAGAATTATT-1,0,74,46,11238,16263
TTCCAGTGGGTTTCGT-1,0,75,47,11123,16460
GCTCATTGATCATATC-1,0,74,48,11011,16262
ATACGAGGTTTGTAAG-1,0,75,49,10897,16459
GTCTATACACGCATGG-1,0,74,50,10784,16261
GATTTGCGCTAACACC-1,0,75,51,10670,16458
TGGTGCCCTGCCTTAC-1,0,74,52,10557,16260
TCGAATCGCAGGGTAG-1,0,75,53,10443,16457
GGTAGGCCAATATCAC-1,0,74,54,10330,16259
CGTAAATAACAAAGGG-1,0,75,55,10216,16456
GACTCTAGAGTTCCAA-1,0,74,56,10103,16258
ACTTGTTACCGGATCA-1,0,75,57,9989,16455
GGCATTGAACATCTCA-1,0,74,58,9876,16257
AACCCGCTGTATTCCA-1,0,75,59,9762,16454
TAACAGGTTCCCTTAG-1,0,74,60,9649,16257
GTTCTTGTAACTCAAT-1,0,75,61,9535,16454
GATTCTGTTAATGAGT-1,0,74,62,9422,16256
GGACACCTCGGTGTTG-1,0,75,63,9308,16453
CGATCGAGAAGCACCA-1,0,74,64,9195,16255
CTGCTCTGACGGCAAA-1,0,75,65,9081,16452
CCCAGGAAGAATTCGA-1,0,74,66,8968,16254
TGTCGTGGGTATAGGC-1,0,75,67,8854,16451
ATATGTCTAGAGCGTG-1,0,74,68,8742,16253
GCGGGCAGACGGGTGA-1,0,75,69,8627,16450
CGAAGATCAGTTTCAT-1,0,74,70,8515,16252
ACGCCACTCGAAACAG-1,0,75,71,8400,16449
CTTAGATGTTTCATCC-1,0,74,72,8288,16251
GCGAATGGACTAGCGA-1,0,75,73,8174,16448
TAAATTGTGGGTAAAG-1,0,74,74,8061,16250
ATTTATACTGGTAAAG-1,0,75,75,7947,16447
GCGTCGTAACATGGTC-1,0,74,76,7834,16250
CGGTATGGGCACTCTG-1,0,75,77,7720,16447
CTATCACAACGCTGGA-1,0,74,78,7607,16249
ACCACACGGTTGATGG-1,0,75,79,7493,16446
TCAGCGCACGCCGTTT-1,0,74,80,7380,16248
AATGTTAAGACCCTGA-1,0,75,81,7266,16445
CTTACATAGATTTCTT-1,0,74,82,7153,16247
AACATAGCGTGTATCG-1,0,75,83,7039,16444
AGCAGTCGAAGCATGC-1,0,74,84,6926,16246
GTACTACGGCCTCGTT-1,0,75,85,6812,16443
TTGGCCAAATTGTATC-1,0,74,86,6699,16245
TCAGAGGACGCGTTAG-1,0,75,87,6585,16442
AGTAATCTAAGGGTGG-1,0,74,88,6472,16244
AATTATACCCAGCAAG-1,0,75,89,6358,16441
CCCTACCCACACCCAG-1,0,74,90,6245,16244
CTCTGTCCATGCACCA-1,0,75,91,6131,16441
TCGCCTCCTTCGGCTC-1,0,74,92,6019,16243
CCTGATTCGCGAAGAA-1,0,75,93,5904,16440
GACTTCAACGCATCAA-1,0,74,94,5792,16242
GCTTCCCGTAAGCTCC-1,0,75,95,5677,16439
AGAACTGTACTTTGTA-1,0,74,96,5565,16241
CCTTAAGTACGCAATT-1,0,75,97,5450,16438
GGCCAATTGTATAGAC-1,0,74,98,5338,16240
AGAATACAGGCTATCC-1,0,75,99,5224,16437
AATACCTGATGTGAAC-1,0,74,100,5111,16239
TAGAGTGTTCCGGGTA-1,0,75,101,4997,16436
GCTTCCATGTAACCGC-1,0,74,102,4884,16238
GGTTCGCATTTGCCGT-1,0,75,103,4770,16435
TCAATCCGGGAAGTTT-1,0,74,104,4657,16238
CCGGAAGTGCAATATG-1,0,75,105,4543,16435
CTCATAAATGTGTATA-1,0,74,106,4430,16237
GACGGGCATCGAATTT-1,0,75,107,4316,16434
GCTAAGCCCAGTATGC-1,0,74,108,4203,16236
GCTATAAGGGCCAGGA-1,0,75,109,4089,16433
GCGGATTACTTGTTCT-1,0,74,110,3976,16235
TACAACAGCGCATACA-1,0,75,111,3862,16432
TCTAACCTAGCCTGCG-1,0,74,112,3749,16234
TCTACCCGCATCATTT-1,0,75,113,3635,16431
GTCTTACCACGCCAAG-1,0,74,114,3522,16233
AATAACGTCGCGCCCA-1,0,75,115,3408,16430
CGTTTCGGTTATATGC-1,0,74,116,3296,16232
TACGCTGCACGGTCGT-1,0,75,117,3181,16429
CGTTAAATACGACCAG-1,0,74,118,3069,16232
TCGACTGACGATGGCT-1,0,75,119,2954,16429
ACGCTACTGAATGGGC-1,0,74,120,2842,16231
AAGGGTTAGCCATGCG-1,0,75,121,2727,16428
ACGTTTCGGTGCACTT-1,0,74,122,2615,16230
TTAACCCGAGGCGTGT-1,0,75,123,2501,16427
GCCCGTCAAGCCCAAT-1,0,74,124,2388,16229
ATTCGTCCCGAGGTTA-1,0,75,125,2274,16426
TCAAATTATGTTCGAC-1,0,74,126,2161,16228
AACGTTCTACCATTGT-1,0,75,127,2047,16425
CTGTCCTGCGCACTAC-1,0,76,0,16455,16677
GCCCAGCGACACAAAG-1,0,77,1,16341,16874
TATAGCTATTATCTCT-1,0,76,2,16228,16676
AAGCTATGGATTGACC-1,0,77,3,16114,16873
CCGAAACACGACCTCT-1,0,76,4,16001,16675
ATCAGAAGCTGGTTGC-1,0,77,5,15887,16872
TGAACCTGAATGTGAG-1,0,76,6,15775,16675
TCAGAGCATGTCAACG-1,0,77,7,15660,16872
ATACCCTCCCGGCCAA-1,0,76,8,15548,16674
GCCACCTTATTCGCGA-1,0,77,9,15433,16871
CAACGAGCTTATTATG-1,0,76,10,15321,16673
GATCCAACCTTTAAAC-1,0,77,11,15206,16870
TTGTGGAGACAGCCGG-1,0,76,12,15094,16672
AGATAATCACACCTAT-1,0,77,13,14980,16869
GGTTAGGGATGCTAAT-1,0,76,14,14867,16671
TCATGAAGCGCTGCAT-1,0,77,15,14753,16868
CCAGGCGAGATGGTCT-1,0,76,16,14640,16670
CGACTTGCCGGGAAAT-1,0,77,17,14526,16867
GTGCCAAACGTTTCGA-1,0,76,18,14413,16669
TGCTCAAAGGATGCAC-1,0,77,19,14299,16866
GCCTCAGGTACCGGTC-1,0,76,20,14186,16669
ACAAGTAATTGTAAGG-1,0,77,21,14072,16866
TTAGAGTATTGTCGAG-1,0,76,22,13959,16668
GTCATCCCAAACTCAC-1,0,77,23,13845,16865
CTCCTAGTAATCGTGA-1,0,76,24,13732,16667
CCCTCATCACAGAGTA-1,0,77,25,13618,16864
GGAAACAGAGCTTGGG-1,0,76,26,13505,16666
ACATCGCAATATTCGG-1,0,77,27,13391,16863
TTAGCCATAGGGCTCG-1,0,76,28,13278,16665
CGGATTCTGCCTTATG-1,0,77,29,13164,16862
TTGTTGGCAATGACTG-1,0,76,30,13051,16664
GGATCTACCGTTCGTC-1,0,77,31,12937,16861
GGTGGGATTAGGTCCC-1,0,76,32,12825,16663
AATAGGCACGACCCTT-1,0,77,33,12710,16860
GAGGTCCGTTCGCTGT-1,0,76,34,12598,16663
TGACAACTTAAAGGTG-1,0,77,35,12483,16860
AGCTAAGCTCCGTCCG-1,0,76,36,12371,16662
CTAGCCCGGGAGACGA-1,0,77,37,12257,16859
CCCAGATTCCCGTGAC-1,0,76,38,12144,16661
GCCCGTTCACACAATT-1,0,77,39,12030,16858
ACAAACTCCATCAGAG-1,0,76,40,11917,16660
GGTTCCGTACGACTAA-1,0,77,41,11803,16857
TTGCGGAAAGCTGCCC-1,0,76,42,11690,16659
GGAACTCGTGAATACG-1,0,77,43,11576,16856
GGTTACCGCTCCCTAC-1,0,76,44,11463,16658
AGCGACTTTGAAGACA-1,0,77,45,11349,16855
CCGTTTCCTTTCCGTG-1,0,76,46,11236,16657
TGGATGGCATCTTGGA-1,0,77,47,11122,16854
CAAGTCGTTGAAATCT-1,0,76,48,11009,16657
TGCAAACGTACTAGTT-1,0,77,49,10895,16854
GGCTGTCCTACTGCGG-1,0,76,50,10782,16656
TACTGCATGATTAAAT-1,0,77,51,10668,16853
CGGACCTCTGTAGTTA-1,0,76,52,10555,16655
CCCTAGCTCTAAGGTC-1,0,77,53,10441,16852
GTAACAGGTTAACGGC-1,0,76,54,10328,16654
CCCGCAAATAATCATC-1,0,77,55,10214,16851
AATCCCGCTCAGAGCC-1,0,76,56,10102,16653
AACGTCATCCGGCTTG-1,0,77,57,9987,16850
CTCGTGGCACTGAAAG-1,0,76,58,9875,16652
CTTTATCCGACGCATG-1,0,77,59,9760,16849
AAATGACTGATCAAAC-1,0,76,60,9648,16651
TTCGTGCATGTTATAG-1,0,77,61,9534,16848
ATCAAAGAGCCGTGGT-1,0,76,62,9421,16651
ATGTCATAATAAACGA-1,0,77,63,9307,16847
CTTAATCGACTTAGTA-1,0,76,64,9194,16650
CTAAAGGATGAGATAC-1,0,77,65,9080,16847
GTGCTATCCAGCTGGA-1,0,76,66,8967,16649
GACAGAGGTCTTCAGT-1,0,77,67,8853,16846
TCGATTTACGAAACGA-1,0,76,68,8740,16648
AGGCTTAAGTTGCACA-1,0,77,69,8626,16845
TAGGATCTTAACCGCA-1,0,76,70,8513,16647
GACTTTCGAGCGGTTC-1,0,77,71,8399,16844
CCCTGGGAGGGATCCT-1,0,76,72,8286,16646
TAGTAGTTGCCGGACA-1,0,77,73,8172,16843
GCCCTAAGTGCAGGAT-1,0,76,74,8059,16645
ACTTGGGCTTTCGCCA-1,0,77,75,7945,16842
CATGATACGGTGAAAC-1,0,76,76,7832,16644
TCCTGCAGCCGCCAAT-1,0,77,77,7718,16841
GTCCGTTAGAGGGCCT-1,0,76,78,7605,16644
GCTTTATTAAGTTACC-1,0,77,79,7491,16841
AATCGAGGTCTCAAGG-1,0,76,80,7379,16643
GTGCTGTTAGAACATA-1,0,77,81,7264,16840
GGCTTCTCGTGGGTGG-1,0,76,82,7152,16642
CCTACAGTTGAGGGAG-1,0,77,83,7037,16839
TATCCCTCGATCTGCA-1,0,76,84,6925,16641
CCGGTATCTGGCGACT-1,0,77,85,6810,16838
CTCTAACACCGGCAGC-1,0,76,86,6698,16640
CTTCATCACCAGGGCT-1,0,77,87,6584,16837
GGCTGGCAATCCCACG-1,0,76,88,6471,16639
CAAACCATAAGCGTAT-1,0,77,89,6357,16836
CATGTGGGCTCATCAC-1,0,76,90,6244,16638
CCCGTGACAGTGCCTT-1,0,77,91,6130,16835
GATTATCTTGCATTAT-1,0,76,92,6017,16638
GAGTCCACCAGGTTTA-1,0,77,93,5903,16835
TGTACTATCGCTCGTT-1,0,76,94,5790,16637
TTAGCGAATAGATAGG-1,0,77,95,5676,16834
ACATACAATCAAGCGG-1,0,76,96,5563,16636
ATTCGTGTACCCATTC-1,0,77,97,5449,16833
GCTAGCAACGCACCTA-1,0,76,98,5336,16635
ACCTCAGCGAGGCGCA-1,0,77,99,5222,16832
TCCGGGCCACTAACGG-1,0,76,100,5109,16634
TCCCAATATCGACGAC-1,0,77,101,4995,16831
GGATTGAAGTAGCCTC-1,0,76,102,4882,16633
GGCGCACAGTTTACCT-1,0,77,103,4768,16830
CCCGGCACGTGTCAGG-1,0,76,104,4656,16632
AGTAAGGGACAGAATC-1,0,77,105,4541,16829
TTGCGCACAACCACGT-1,0,76,106,4429,16632
CCTGCTACAACCATAC-1,0,77,107,4314,16829
CTGGGCTACTGGAGAG-1,0,76,108,4202,16631
AGCTACGAATGGTGGT-1,0,77,109,4087,16828
ATTCGTTTATCGTATT-1,0,76,110,3975,16630
GGCATTCCCTCCCTCG-1,0,77,111,3861,16827
AGTTATTCAGACTGTG-1,0,76,112,3748,16629
CCACTTTCCTTCTAGG-1,0,77,113,3634,16826
CGCAGTTCTATCTTTC-1,0,76,114,3521,16628
AGGAGCGTTTATTATC-1,0,77,115,3407,16825
GACAGGTAATCCGTGT-1,0,76,116,3294,16627
TTCCCAAAGTACTGAT-1,0,77,117,3180,16824
CTGCAGGGTGACGCTC-1,0,76,118,3067,16626
TCATGGAGGCCTTTGT-1,0,77,119,2953,16823
ATGGCCCGAAAGGTTA-1,0,76,120,2840,16626
CGTAATATGGCCCTTG-1,0,77,121,2726,16823
AGAGTCTTAATGAAAG-1,0,76,122,2613,16625
GAACGTTTGTATCCAC-1,0,77,123,2499,16822
ATTGAATTCCCTGTAG-1,0,76,124,2386,16624
TACCTCACCAATTGTA-1,0,77,125,2272,16821
AGTCGAATTAGCGTAA-1,0,76,126,2159,16623
TTGAAGTGCATCTACA-1,0,77,127,2045,16820
