ACGCCTGACACGCGCT-1,0,0,0,8471,990
TACCGATCCAACACTT-1,0,1,1,8415,1087
ATTAAAGCGGACGAGC-1,0,0,2,8360,990
GATAAGGGACGATTAG-1,0,1,3,8304,1086
GTGCAAATCACCAATA-1,0,0,4,8249,989
TGTTGGCTGGCGGAAG-1,0,1,5,8193,1086
GCATCCTCTCCTATTA-1,0,0,6,8138,989
GCGAGGGACTGCTAGA-1,0,1,7,8082,1085
TGGTACCGGCACAGCC-1,0,0,8,8027,988
GCGCGTTTAAATCGTA-1,0,1,9,7971,1084
TGCCTTGCCCTTACGG-1,0,0,10,7916,988
GACGACTTTCCAAGAA-1,0,1,11,7860,1084
CCAGTGAGCTCCTTGT-1,0,0,12,7805,987
ATACCCTGGCTCAAAT-1,0,1,13,7749,1083
GGGTTTCCGGCTTCCA-1,0,0,14,7694,987
TAACCGTCCAGTTCAT-1,0,1,15,7638,1083
AAACAACGAATAGTTC-1,0,0,16,7583,986
CAAGGGAGTGTATTTG-1,0,1,17,7527,1082
CCAAGCTTGATCTCCT-1,0,0,18,7472,985
TTATTTCATCCCAAAC-1,0,1,19,7416,1082
GAGCGCTATGTCAGGC-1,0,0,20,7361,985
TATGGCAGACTTTCGA-1,0,1,21,7305,1081
CTTCGTGCCCGCATCG-1,0,0,22,7250,984
AAACGGGTTGGTATCC-1,0,1,23,7194,1081
TGCAAACCCACATCAA-1,0,0,24,7139,984
GACGGGATGTCTTATG-1,0,1,25,7083,1080
GGCGAGCATCGAGGAC-1,0,0,26,7028,983
CGCGTGCTATCAACGA-1,0,1,27,6972,1080
TGAAACCTCAACTCAC-1,0,0,28,6917,983
CACATAAGGCGACCGT-1,0,1,29,6861,1079
TGACCCAACTCACATT-1,0,0,30,6806,982
ATACGCCGATCTACCG-1,0,1,31,6750,1079
ACTTATCTGATCTATA-1,0,0,32,6695,982
GTGTGAGCCGAGGTGC-1,0,1,33,6639,1078
GATGATTTGAAACTGG-1,0,0,34,6584,981
GGGAACCACCTGTTTC-1,0,1,35,6528,1077
GTTCGTTGCGGACCAG-1,0,0,36,6472,981
TGAGGTTGATCCCAAG-1,0,1,37,6417,1077
GATGCCACACTACAGC-1,0,0,38,6361,980
AGGCAAAGAGGAATCA-1,0,1,39,6305,1076
AAGTAAGCTTCCAAAC-1,0,0,40,6250,980
AACGTAGTCTACCCAT-1,0,1,41,6194,1076
GTTTGAGCGGTTATGT-1,0,0,42,6139,979
GAAGCAAGGCAATGTT-1,0,1,43,6083,1075
TCACTCAGCGCATTAG-1,0,0,44,6028,978
TACAATGAAACCAGCA-1,0,1,45,5972,1075
GTGCGCTTACAAATGA-1,0,0,46,5917,978
GCACTCCCACAGTCCC-1,0,1,47,5861,1074
CGAAGACTGCCCGGGA-1,0,0,48,5806,977
CAGGATCCGCCCGACC-1,0,1,49,5750,1074
CACGATTGGTCGTTAA-1,0,0,50,5695,977
GGTTGTATCGTGAAAT-1,0,1,51,5639,1073
TCTTATGGGTAGTACC-1,0,0,52,5584,976
TACAAGCTGTTCACTG-1,0,1,53,5528,1073
GTATCTTGTTGCTCAC-1,0,0,54,5473,976
ATACCAGGTGAGCGAT-1,0,1,55,5417,1072
CCTAAACAGGGTCCGT-1,0,0,56,5362,975
ATGGTGCTCAAAGCCA-1,0,1,57,5306,1071
CAAATGCGGAGTGTTC-1,0,0,58,5251,975
CGTGCCCGACATTTGT-1,0,1,59,5195,1071
GTATCTCCCTAACTGT-1,0,0,60,5140,974
ATTTGCCTAGTTACGA-1,0,1,61,5084,1070
ACGTCCTAAACGAGAT-1,0,0,62,5029,974
CTGGGATCGCCCAGAT-1,0,1,63,4973,1070
CTGCAAATGGGCTCCA-1,0,0,64,4918,973
CATTATAACAGGGTCC-1,0,1,65,4862,1069
ACCTTTCCTTTAGAAG-1,0,0,66,4807,972
ATAGATTTGCAGTCGG-1,0,1,67,4751,1069
CTCGGGCATCGTCGGG-1,0,0,68,4696,972
GTGGCGGGCCGTAGCT-1,0,1,69,4640,1068
CAACAGTGCCAAACGG-1,0,0,70,4585,971
TGCGGGTATTGGGATC-1,0,1,71,4529,1068
GTCTCGCCAACACGCC-1,0,0,72,4474,971
CTGGGCGGCCAAATGT-1,0,1,73,4418,1067
TAAAGGAGAAACTAGT-1,0,0,74,4363,970
TCCCACGGAGGGAGCT-1,0,1,75,4307,1067
AGCTTCAATACTTTGA-1,0,0,76,4252,970
TTCCACATTTCTCGTC-1,0,1,77,4196,1066
ACAAACCGACAAGGCG-1,0,0,78,4141,969
AGACGGGATTGGTATA-1,0,1,79,4085,1066
AACCTAAAGCCGTCCG-1,0,0,80,4030,969
TACAAATTGCGGAGGT-1,0,1,81,3974,1065
CCCGCTAGAGGGTTAA-1,0,0,82,3919,968
CATTGCAAAGCATAAT-1,0,1,83,3863,1064
TGTACGCTATCAGCTT-1,0,0,84,3808,968
TTCTTCGCAATAGAGC-1,0,1,85,3752,1064
TGTGATTCCAGCGCTT-1,0,0,86,3697,967
ATTCAGGATCGCCTCT-1,0,1,87,3641,1063
GCCCATGGGTGCAATG-1,0,0,88,3586,967
TTCCCGACGCTTCACT-1,0,1,89,3530,1063
AGCGGTTGAGATGTAC-1,0,0,90,3475,966
GCTGTCTGTGATCGAC-1,0,1,91,3419,1062
AAAGACATGAAGTTTA-1,0,0,92,3364,965
CAACAGAATAACGCTA-1,0,1,93,3308,1062
TGCGGTCTACGAGTAA-1,0,0,94,3253,965
AAGACTCACGCCCACT-1,0,1,95,3197,1061
CTTTGAAACATATTCC-1,0,0,96,3142,964
CTGGGCACTAGTCGGA-1,0,1,97,3086,1061
CGCCCTTACATCCACC-1,0,0,98,3031,964
CACGACCACAGACTTT-1,0,1,99,2975,1060
CAATCCATTATCCGTT-1,0,0,100,2920,963
GTGGCGTGCACCAGAG-1,0,1,101,2864,1060
CGGAGTCCTAACCTGG-1,0,0,102,2809,963
GGTCCCATAACATAGA-1,0,1,103,2753,1059
ATCTCATAAACCTACC-1,0,0,104,2698,962
TGCATGGCAGTCTTGC-1,0,1,105,2642,1059
TTGCAGGTCATGAAGT-1,0,0,106,2587,962
AGCTGCATTTGAGGTG-1,0,1,107,2531,1058
TAATCAGGAATGCTGC-1,0,0,108,2476,961
CCATCATAAGAACAGG-1,0,1,109,2420,1057
TCGTATCACCAAGCTA-1,0,0,110,2365,961
ATTCAGATGAATCCCT-1,0,1,111,2309,1057
AAAGGTCAACGACATG-1,0,0,112,2254,960
AGCTGCTGTGCCGAAT-1,0,1,113,2198,1056
CTAGCGCCAATCCTAC-1,0,0,114,2143,960
GCTCGACCGAACTGAA-1,0,1,115,2087,1056
ACAGTGCAGCGCATTT-1,0,0,116,2032,959
CGGCTGAAGGTTACGC-1,0,1,117,1976,1055
CACCTCTACGAGTGTG-1,0,0,118,1921,958
ATACGACAGATGGGTA-1,0,1,119,1865,1055
ACTTCCTGTCGTGCGA-1,0,0,120,1810,958
CGTAACGGAACGATCA-1,0,1,121,1754,1054
AAATCACTCCTAAACG-1,0,0,122,1699,957
CTCCGAGTAAATCCGC-1,0,1,123,1643,1054
ACGCTAGTATCAGTGC-1,0,0,124,1588,957
AGAGTGAACAGACACC-1,0,1,125,1532,1053
ACACCCGTAAATCTGT-1,0,0,126,1477,956
GCTTTGCTGCCGGGTA-1,0,1,127,1421,1053
ACAGGAGGCGCAGCCG-1,0,2,0,8470,1183
AGGCAATACGGAGGAC-1,0,3,1,8414,1280
TGGTGTGACAGACGAT-1,0,2,2,8359,1183
ATCTATCGATGATCAA-1,0,3,3,8303,1279
CGGTAACAAGATACAT-1,0,2,4,8248,1182
TCGCCGGAGAGTCTTA-1,0,3,5,8192,1279
GGAGGAGTGTGTTTAT-1,0,2,6,8137,1182
TTAGGTGTGACTGGTC-1,0,3,7,8081,1278
CAGGGCTAACGAAACC-1,0,2,8,8026,1181
CCCGTGGGTTAATTGA-1,0,3,9,7970,1278
GACCGACCGCTAATAT-1,0,2,10,7915,1181
GGTATCAAGCATAGAA-1,0,3,11,7859,1277
TGCATGAGTAGATTCG-1,0,2,12,7804,1180
AATTCCAACTTGGTGA-1,0,3,13,7748,1277
TGCCGATGTCATCAAT-1,0,2,14,7693,1180
GCTGGGTCCGCTGTTA-1,0,3,15,7637,1276
TGAACACCCGAAGCAG-1,0,2,16,7582,1179
AACATTGGTCAGCCGT-1,0,3,17,7526,1275
GTGGGTCTTCTTTGCG-1,0,2,18,7471,1179
CATCGAATGGATCTCT-1,0,3,19,7415,1275
GCTACACTGTCCGAAC-1,0,2,20,7360,1178
CGGGTTGTAGCTTTGG-1,0,3,21,7304,1274
CCTAAGTGTCTAACCG-1,0,2,22,7249,1178
TCTGTGACTGACCGTT-1,0,3,23,7193,1274
TTATCATACTCGCAAA-1,0,2,24,7138,1177
AGCGTAGCGCTAGACC-1,0,3,25,7082,1273
TCCCTCCGAAATCGTT-1,0,2,26,7027,1176
AGGTCGCCACTTCGGT-1,0,3,27,6971,1273
CTAGCAACTAATTTAC-1,0,2,28,6916,1176
TTGCTAGCTACCAATC-1,0,3,29,6860,1272
GCCGGTTTGGGCGGAT-1,0,2,30,6805,1175
TGTAACTTGTCAACCT-1,0,3,31,6749,1272
CGAGATGTTGCCTATA-1,0,2,32,6694,1175
GTTACGAAATCCACGC-1,0,3,33,6638,1271
CTTGTCGTACGTGTCA-1,0,2,34,6583,1174
GCGTCCAGCTCGTGGC-1,0,3,35,6527,1271
CCCTTCTCGTACGCGA-1,0,2,36,6472,1174
CCAAAGTCCCGCTAAC-1,0,3,37,6416,1270
CCGCTTCGCGGTTAAC-1,0,2,38,6361,1173
GTTACGGCCCGACTGC-1,0,3,39,6305,1270
CCCGCTTGCCCTCGTC-1,0,2,40,6250,1173
TAGTGAGAAGTGGTTG-1,0,3,41,6194,1269
CGCTACCGCCCTATGA-1,0,2,42,6138,1172
AAACAATCTACTAGCA-1,0,3,43,6083,1268
GCGCGATGGGTCAAGT-1,0,2,44,6027,1172
ATAAACCATTGGACGG-1,0,3,45,5971,1268
TCGGGCACTTCTGGAT-1,0,2,46,5916,1171
TCTGTGGCTACATTTC-1,0,3,47,5860,1267
CTCTGTGCCTGCTATG-1,0,2,48,5805,1171
CACGACTAAAGTTCTG-1,0,3,49,5749,1267
GAGGAGTAATTCCTAC-1,0,2,50,5694,1170
AGAGGTATCTCGGTCC-1,0,3,51,5638,1266
GGCGTACCCTATATAA-1,0,2,52,5583,1169
GCCGGAAACACATCTT-1,0,3,53,5527,1266
AAATGTGGGTGCTCCT-1,0,2,54,5472,1169
ACCAGGAGTGTGATCT-1,0,3,55,5416,1265
TGTGGAGGAAGCTTAA-1,0,2,56,5361,1168
AAGGAGAACTTATAAG-1,0,3,57,5305,1265
CCCTCGGGAGCCTTGT-1,0,2,58,5250,1168
ACTGTTTAGTGTAGGC-1,0,3,59,5194,1264
CGTCAGTTTATCGTCT-1,0,2,60,5139,1167
GCGTGTATGTCGTATT-1,0,3,61,5083,1264
ACAATCGATCTTTATA-1,0,2,62,5028,1167
CAGCCCTCACAGGCAG-1,0,3,63,4972,1263
CGCGTCATATTAAACC-1,0,2,64,4917,1166
GAAGACTTCAATGCCG-1,0,3,65,4861,1263
TTGCGGCGACTCATGC-1,0,2,66,4806,1166
ACCAAACTAGAAATCC-1,0,3,67,4750,1262
TTACTGTTTCTCTACG-1,0,2,68,4695,1165
GACCAGGTCATTCATA-1,0,3,69,4639,1261
TTCTTCCCTTTGATAT-1,0,2,70,4584,1165
ACGCCCAGCTGTCGAT-1,0,3,71,4528,1261
AGTAGCGTGAACGAAC-1,0,2,72,4473,1164
CCTCGACCCACTGCCT-1,0,3,73,4417,1260
AGTTATTGAAAGGTAA-1,0,2,74,4362,1163
TCAGTTACGGAATGAT-1,0,3,75,4306,1260
GAATCTATACTCGGAC-1,0,2,76,4251,1163
TCGGCTAACTTCCCTT-1,0,3,77,4195,1259
ACGTGGTCGAATGTGC-1,0,2,78,4140,1162
ATATCGTGCCAGACCC-1,0,3,79,4084,1259
GTAGCTAGTAAGCGCG-1,0,2,80,4029,1162
ACGCTTAGTGTCTCTC-1,0,3,81,3973,1258
TCCGGCCTGCATCGAT-1,0,2,82,3918,1161
TAGTGGAACTCATACA-1,0,3,83,3862,1258
ATCATCTGCCCAGTGT-1,0,2,84,3807,1161
GTTATTAAATACGACC-1,0,3,85,3751,1257
GCGCTAAGTATGCATG-1,0,2,86,3696,1160
CCTGACGCAACCTTTA-1,0,3,87,3640,1257
CCCAAGAATGCACGGT-1,0,2,88,3585,1160
AACTGGGTTCGAGCCG-1,0,3,89,3529,1256
GGTTCCACCCGCTTCT-1,0,2,90,3474,1159
CATGCACGTGTTACTG-1,0,3,91,3418,1255
AGCGTTCCGATTTAAA-1,0,2,92,3363,1159
CCTACGCGACCTTACA-1,0,3,93,3307,1255
CGAATTACATGGTGTT-1,0,2,94,3252,1158
GAGGTCTTAGTGGGTC-1,0,3,95,3196,1254
GCCGCTAGATACGCAG-1,0,2,96,3141,1158
GTCACCTGTCTATGTC-1,0,3,97,3085,1254
CCGATTGGTCAATGAA-1,0,2,98,3030,1157
CCTGTGCGGATTGTAA-1,0,3,99,2974,1253
TTACGTAGCGCGTGCT-1,0,2,100,2919,1156
GGAGGCGAAGAACCGC-1,0,3,101,2863,1253
GGGTCACGTGCTTATG-1,0,2,102,2808,1156
GCTCCGGACGTTGATA-1,0,3,103,2752,1252
ATGTTTGTAAGATCAT-1,0,2,104,2697,1155
TGACCCAGCATTCCCG-1,0,3,105,2641,1252
TGGTCGTTTGATAGAT-1,0,2,106,2586,1155
TGTAATGCCTTCGGAC-1,0,3,107,2530,1251
TGCTCACACAACAACC-1,0,2,108,2475,1154
TACGATCCAAGCCACT-1,0,3,109,2419,1251
TTGTAACTTCATAGCG-1,0,2,110,2364,1154
AGATTCAAGCGGGTCG-1,0,3,111,2308,1250
CTCAGCAGACTGCCGA-1,0,2,112,2253,1153
GTAACATCAGCTCATC-1,0,3,113,2197,1250
ATGGAACAGAATAAAC-1,0,2,114,2142,1153
GGGCCTATACAACCGG-1,0,3,115,2086,1249
TCAAACAATTAGGACA-1,0,2,116,2031,1152
AAACCACTACACAGAT-1,0,3,117,1975,1248
AAACGACAGTCTTGCC-1,0,2,118,1920,1152
TTGAGGGTCGAACGCG-1,0,3,119,1864,1248
TGTTGATCACTGTTTA-1,0,2,120,1809,1151
AGGGTGTGCTACACGC-1,0,3,121,1753,1247
GTAGTTAGACAATATA-1,0,2,122,1698,1151
AATGGCCGCCAATGCG-1,0,3,123,1642,1247
TCGGCGGTATTAGATT-1,0,2,124,1587,1150
GGGTCACTGAGTAGTG-1,0,3,125,1531,1246
GAATTATGCAACCTAC-1,0,2,126,1476,1149
GATCTTAGTGAACGTG-1,0,3,127,1420,1246
CTAATGCGCCCAACAA-1,0,4,0,8469,1377
GCCACCCATTCCACTT-1,0,5,1,8413,1473
TACTCACAACGTAGTA-1,0,4,2,8358,1376
GTTCGGTGTGGATTTA-1,0,5,3,8302,1472
TCTTTCGGCGGGACAC-1,0,4,4,8247,1376
GGAGACATTCACGGGC-1,0,5,5,8191,1472
GGGATTATCTCACAAC-1,0,4,6,8136,1375
TAGAACGCCAGTAACG-1,0,5,7,8080,1471
ACGAGTCGCCGGCGTT-1,0,4,8,8025,1375
TGATGGGACTAAGTCA-1,0,5,9,7969,1471
TGCGAGAAACGTTACG-1,0,4,10,7914,1374
TCGCCTCGACCTGTTG-1,0,5,11,7858,1470
AACTCGATAAACACGT-1,0,4,12,7803,1373
AGGAAAGCCTCTGATG-1,0,5,13,7747,1470
GAAGGACTAAATTGAA-1,0,4,14,7692,1373
GTATCGGGACGAGCTG-1,0,5,15,7636,1469
CCTGTGCATAGGAGAC-1,0,4,16,7581,1372
CATACGGGTGCATGAT-1,0,5,17,7525,1469
CCACTAAACTGAATCG-1,0,4,18,7470,1372
AAATTGCGGCGGTTCT-1,0,5,19,7414,1468
AGTCCAGCGGGTACGT-1,0,4,20,7359,1371
CATTCAGGTCAGTGCG-1,0,5,21,7303,1468
CTAAAGTCCGAAGCTA-1,0,4,22,7248,1371
AATCAGACTGCAGGAC-1,0,5,23,7192,1467
AGTATCCATAATAACG-1,0,4,24,7137,1370
CTGGCTGCTAACGTAA-1,0,5,25,7081,1466
GTTCCAAGACAGCGAC-1,0,4,26,7026,1370
AAGACTAACCCGTTGT-1,0,5,27,6970,1466
GATTAATCCTGGCTCA-1,0,4,28,6915,1369
CGCGCAAGGAACTACA-1,0,5,29,6859,1465
CAGTAGCGAGGTAGTA-1,0,4,30,6804,1369
ACGGCGGGTTGCCCTG-1,0,5,31,6748,1465
CTAGGCGGCAGAGAAT-1,0,4,32,6693,1368
GTGCGCAGCTTGCTCC-1,0,5,33,6637,1464
TCACTATCGTGCAATC-1,0,4,34,6582,1367
TATGATTCTGCTTGGT-1,0,5,35,6526,1464
TAAGATTTAGCGGGAG-1,0,4,36,6471,1367
TTACGGTGTCACCGAG-1,0,5,37,6415,1463
CTACACTAGCTTGTTC-1,0,4,38,6360,1366
TGAGCAGTCGTGAAGT-1,0,5,39,6304,1463
CGCTGAGGACGTCCAA-1,0,4,40,6249,1366
GTGTATGACTTTAAAG-1,0,5,41,6193,1462
CTAAACGGGTGTAATC-1,0,4,42,6138,1365
TGTACTGTGCCAAAGT-1,0,5,43,6082,1462
GGCCACAAGCGATGGC-1,0,4,44,6027,1365
GTCAATTGTACTGAAG-1,0,5,45,5971,1461
AGGGACAGCACGGCGG-1,0,4,46,5916,1364
AGCTTATAGAGACCTG-1,0,5,47,5860,1461
AACTAGCGTATCGCAC-1,0,4,48,5804,1364
AACTTTAGCTGCTGAG-1,0,5,49,5749,1460
CCCAAGACAGAGTATG-1,0,4,50,5693,1363
GGCATCAACGAGCACG-1,0,5,51,5637,1459
ATGCATTCCGTGATGG-1,0,4,52,5582,1363
TTATAGATGCACATTA-1,0,5,53,5526,1459
GAACCATCTGGGAGAC-1,0,4,54,5471,1362
TGCTATACAAACGGAC-1,0,5,55,5415,1458
ACTTGCCATATTGTAC-1,0,4,56,5360,1362
TATTCCGGCAGTCCTA-1,0,5,57,5304,1458
GACGGACCGCGTTCCT-1,0,4,58,5249,1361
ATGTGTAGTTTAGTCA-1,0,5,59,5193,1457
ATACCAGCAAATTGCT-1,0,4,60,5138,1360
AAGTTTACTAATGGCA-1,0,5,61,5082,1457
CTCTCGATGTGCGCCT-1,0,4,62,5027,1360
GATTGACACTCTGCTC-1,0,5,63,4971,1456
TATCACAGCACGGGCA-1,0,4,64,4916,1359
ACCGTTCCCGCTCTGA-1,0,5,65,4860,1456
CCGCCACCACAATCCA-1,0,4,66,4805,1359
CATTCACTGACAGCTA-1,0,5,67,4749,1455
CGGCTGCAAGATTAAG-1,0,4,68,4694,1358
CATGAACCTCTTATCA-1,0,5,69,4638,1455
TTAATGCGAGGTAACT-1,0,4,70,4583,1358
AATAAGTCCTCGAGAC-1,0,5,71,4527,1454
ACCAGCCCGGTCTTTG-1,0,4,72,4472,1357
CTACGAACTAGGTCGA-1,0,5,73,4416,1454
ACATCTCAACGCGTAA-1,0,4,74,4361,1357
CACTACTCAGTTCTGT-1,0,5,75,4305,1453
CCGACTCGCATAGTCT-1,0,4,76,4250,1356
CATTTATCGTTCAAGA-1,0,5,77,4194,1452
CAAACGTGGTCTTGCG-1,0,4,78,4139,1356
TAGAAACCACTAAGTA-1,0,5,79,4083,1452
ACTGATTTAGTGATTC-1,0,4,80,4028,1355
TCGTATTTCGTCCGGA-1,0,5,81,3972,1451
CGGAAATTTCACATCC-1,0,4,82,3917,1355
ATCCACGCTAAATGTT-1,0,5,83,3861,1451
GTTCAATCTATGTCAA-1,0,4,84,3806,1354
ATAAAGGTCAAGTACG-1,0,5,85,3750,1450
CAACTCCAACGTTTAG-1,0,4,86,3695,1353
TAGGAACAGCCTCCAG-1,0,5,87,3639,1450
ATGGGAACGGAAGCGG-1,0,4,88,3584,1353
CACACGTTTCAATGGG-1,0,5,89,3528,1449
GGTGTTCTGTTTCTAC-1,0,4,90,3473,1352
AGTAACGTTCATCCTG-1,0,5,91,3417,1449
GTATAGTGGCCCATGT-1,0,4,92,3362,1352
TCTACACGTTCATGCA-1,0,5,93,3306,1448
AATCTGGGTAGACCCT-1,0,4,94,3251,1351
TCGGTTAGCCATGTAG-1,0,5,95,3195,1448
TGCCATGGCTTATAAG-1,0,4,96,3140,1351
TAAGTAAATGTGCCGC-1,0,5,97,3084,1447
GTGTCCGATAAGGCAT-1,0,4,98,3029,1350
TGGCACGAGCTCGAGT-1,0,5,99,2973,1446
ACCGGTCTGAGTACGG-1,0,4,100,2918,1350
GAACTTAGCGCCCGGT-1,0,5,101,2862,1446
AGTAGCTAGACGCCGA-1,0,4,102,2807,1349
ATAGGAATCTAAGCTT-1,0,5,103,2751,1445
CTTCCTGCATATTTAC-1,0,4,104,2696,1349
CAATATGTAGATTTAC-1,0,5,105,2640,1445
ACAAGGCCTACCAGCC-1,0,4,106,2585,1348
TTATAGTCCAAGGTGC-1,0,5,107,2529,1444
AAACGCCCGAGATCGG-1,0,4,108,2474,1347
CCTCGTTACGCCTGTT-1,0,5,109,2418,1444
GAACGGTGTAAAGCAG-1,0,4,110,2363,1347
ACGCATAAATGACATG-1,0,5,111,2307,1443
GGTTCGATGCTGAGTT-1,0,4,112,2252,1346
CTTTGGCAGACAGAGT-1,0,5,113,2196,1443
TTCGTGGGCTGGAAGC-1,0,4,114,2141,1346
CAAAGGTTAAATTCAG-1,0,5,115,2085,1442
GTTTGGCGTCAGGCAC-1,0,4,116,2030,1345
GCTTTCTATCTCAACT-1,0,5,117,1974,1442
TGCATCTCCGGATCTT-1,0,4,118,1919,1345
CTGAAACGGCCCTCAG-1,0,5,119,1863,1441
TAGCAGTAAATACGCG-1,0,4,120,1808,1344
CGGGCTACTTAAATTG-1,0,5,121,1752,1441
ATTATGCTCAGTATTG-1,0,4,122,1697,1344
TGATGCTCACGTAGTC-1,0,5,123,1641,1440
GTCTAAGATGCCCAGC-1,0,4,124,1586,1343
AACCCGATAGGGCTTC-1,0,5,125,1530,1439
CGCTATCGTGGCTTTA-1,0,4,126,1475,1343
CGTCTCTCGCCGAGGC-1,0,5,127,1419,1439
AGTGGGAGTATACACG-1,0,6,0,8468,1570
GGTCTTGGTGTTAACT-1,0,7,1,8412,1666
GGCTGGCAGCTTTATG-1,0,6,2,8357,1569
CGCCAATTATTGCGTT-1,0,7,3,8301,1666
GGTAACCGGCAAAGGT-1,0,6,4,8246,1569
TGGGACCATTGGGAGT-1,0,7,5,8190,1665
CTGCAGGTGCTCGGCC-1,0,6,6,8135,1568
CCGGTGCGAGTGATAG-1,0,7,7,8079,1665
GGGTACACTCTGGAGG-1,0,6,8,8024,1568
TAGCCAGAGGGTCCGG-1,0,7,9,7968,1664
CTTGTGAGGACAGCGG-1,0,6,10,7913,1567
GAAGGGCATAACCATG-1,0,7,11,7857,1663
CAACATGGCCTGATAA-1,0,6,12,7802,1567
CAATTTGACCGGGAAG-1,0,7,13,7746,1663
TCTGACTGTAATGGTT-1,0,6,14,7691,1566
TTCATAGCCTTGTAAC-1,0,7,15,7635,1662
TGGAAACGGAGTGAAC-1,0,6,16,7580,1566
ATCGCACGATTGTTCA-1,0,7,17,7524,1662
CGCCACCCGCATTAAC-1,0,6,18,7469,1565
TGGACCACGGCGTTGA-1,0,7,19,7413,1661
GTATATGTTACGGCGG-1,0,6,20,7358,1564
GTATTCTTACCGTGCT-1,0,7,21,7302,1661
TTCAGAGTAACCTGAC-1,0,6,22,7247,1564
GCGGTAACCCAAATGA-1,0,7,23,7191,1660
CTACGTGTTGCCACCA-1,0,6,24,7136,1563
CTAGATAAACTCCTCG-1,0,7,25,7080,1660
TCCATTAGTTGGATAG-1,0,6,26,7025,1563
CTGGCTCCTGCGGGAT-1,0,7,27,6969,1659
CAGTCTCTCGGCTAAT-1,0,6,28,6914,1562
GTATGACGTGGGAAAC-1,0,7,29,6858,1659
AGTCACTCCGCCTCAT-1,0,6,30,6803,1562
GCAGCGGTGGGCATTA-1,0,7,31,6747,1658
TATGGAGTTTCTCGTT-1,0,6,32,6692,1561
ACTCAACGAATGTATT-1,0,7,33,6636,1658
AACACGCGGCCGCGAA-1,0,6,34,6581,1561
CGATATTAGCCGCAGG-1,0,7,35,6525,1657
AGCGTCTGAACCCGCA-1,0,6,36,6470,1560
GATGTCCGGATCACAT-1,0,7,37,6414,1656
GGTCACGTTAGATTCA-1,0,6,38,6359,1560
TTAAGGATACGGAGGT-1,0,7,39,6303,1656
GTGCGGGACCATCGGC-1,0,6,40,6248,1559
CCATCTTGTTCACAAT-1,0,7,41,6192,1655
TCCGAGAAGGCTAAGC-1,0,6,42,6137,1558
TGGCGGTGTGCGATTG-1,0,7,43,6081,1655
ATCCTGCTGCAGATAG-1,0,6,44,6026,1558
TTATGCGTCCCGGTCC-1,0,7,45,5970,1654
CATAATGAGCGGGCGA-1,0,6,46,5915,1557
AGACATAGATCCTTCC-1,0,7,47,5859,1654
GGTGAAACCGGGAATG-1,0,6,48,5804,1557
AACTGGTGTGGGCCTT-1,0,7,49,5748,1653
GTAGCGCTGTTGTAGT-1,0,6,50,5693,1556
TTGTTTGTGTAAATTC-1,0,7,51,5637,1653
GGATCAAAGGACGAGG-1,0,6,52,5582,1556
CGTAGCGCCGACGTTG-1,0,7,53,5526,1652
CAAGTGAACTTTGGTT-1,0,6,54,5470,1555
GTAGACAACCGATGAA-1,0,7,55,5415,1652
CAATGGTCGGCCTGGG-1,0,6,56,5359,1555
ACAGATTAGGTTAGTG-1,0,7,57,5303,1651
GTTATCACCTTCTGAA-1,0,6,58,5248,1554
TGGTATCGGTCTGTAT-1,0,7,59,5192,1650
GGAATAACCTCAAGAA-1,0,6,60,5137,1554
ATTATCTCGACAGATC-1,0,7,61,5081,1650
CCGAGGGATGTTAGGC-1,0,6,62,5026,1553
TGAGATCAAATACTCA-1,0,7,63,4970,1649
AAACGAAGAACATACC-1,0,6,64,4915,1553
CTGGTCCTAACTTGGC-1,0,7,65,4859,1649
TGCACGAGTCGGCAGC-1,0,6,66,4804,1552
ATAGTCTTTGACGTGC-1,0,7,67,4748,1648
TGGAGCTAAAGTTCCC-1,0,6,68,4693,1551
GGGTGGTCCAGCCTGT-1,0,7,69,4637,1648
CATGCATGGAGACCCT-1,0,6,70,4582,1551
ACACGGCACTATGCAT-1,0,7,71,4526,1647
CCCTGGTATGGGCGGC-1,0,6,72,4471,1550
GGAGGATTGAAAGGAG-1,0,7,73,4415,1647
CCGCTGGTGCCATTCA-1,0,6,74,4360,1550
GTTAGAGTGTGCCGCT-1,0,7,75,4304,1646
TCGGAATGACCATCAA-1,0,6,76,4249,1549
TTCAATTAGCCATAAT-1,0,7,77,4193,1646
GATGTGTTGTCACAAG-1,0,6,78,4138,1549
TCTTTCTCTTAAGGAG-1,0,7,79,4082,1645
ACCCTTTAGTTCTCCA-1,0,6,80,4027,1548
ACCACAACTCAGAACA-1,0,7,81,3971,1645
TATGATAAATCTAACG-1,0,6,82,3916,1548
GATCCTCTTGCGCTTA-1,0,7,83,3860,1644
TTCTACCTTTATGTTG-1,0,6,84,3805,1547
GAAATACCTGCTGGCT-1,0,7,85,3749,1643
ATTCTGAGTATGAACT-1,0,6,86,3694,1547
GGATTAAGCTAAGGTC-1,0,7,87,3638,1643
AGTACGTGGCCTGTCT-1,0,6,88,3583,1546
TCAGGGTGCACGAAAC-1,0,7,89,3527,1642
AAATTTACCGAAATCC-1,0,6,90,3472,1546
TTGAGGCATTTAACTC-1,0,7,91,3416,1642
AACCAGTATCACTCTT-1,0,6,92,3361,1545
CACCGGAGATATCTCC-1,0,7,93,3305,1641
GACTGGGCGCCGCAAC-1,0,6,94,3250,1544
CACGTCTATGATGTGG-1,0,7,95,3194,1641
TTAAGACGAACGAACC-1,0,6,96,3139,1544
TGACCAGCTTCAAAGT-1,0,7,97,3083,1640
AGAGTTAGAGACCGAT-1,0,6,98,3028,1543
TTCGGACTGATGCCTT-1,0,7,99,2972,1640
CTCGAATGGAACGTAT-1,0,6,100,2917,1543
GGACGGCTTGCGCAAC-1,0,7,101,2861,1639
CTAAGTACAGGGCTAC-1,0,6,102,2806,1542
ACAAATTCAGATCTGA-1,0,7,103,2750,1639
CATGGAAATGGGACCA-1,0,6,104,2695,1542
GGTGGACCACGTGTTA-1,0,7,105,2639,1638
CACGACGTAATAGTAA-1,0,6,106,2584,1541
CGGGTTCGGCACGTAT-1,0,7,107,2528,1638
CTGGGCTATCCTTTGG-1,0,6,108,2473,1541
GTATTAGGGTTCGCGT-1,0,7,109,2417,1637
TCATTCGTATAATTTG-1,0,6,110,2362,1540
AATAGCAAGCCTCCTG-1,0,7,111,2306,1636
CATCTACCCGAGAACG-1,0,6,112,2251,1540
GCTTCAGTGGGATTAC-1,0,7,113,2195,1636
TCTGTGATGGAGGTTG-1,0,6,114,2140,1539
ATCCACTTTCAGACTA-1,0,7,115,2084,1635
ATGGTTACGAAACATG-1,0,6,116,2029,1538
GGCCCAATCTAGAGGG-1,0,7,117,1973,1635
GATGGTGAAATAACCC-1,0,6,118,1918,1538
AGAGGGACAATTGTCC-1,0,7,119,1862,1634
CGCGTACATTCTGGAA-1,0,6,120,1807,1537
CAAGAAACCCTAAACT-1,0,7,121,1751,1634
TTGGTGCGGTGTTGAA-1,0,6,122,1696,1537
GGTTCCCTAGTGTCTC-1,0,7,123,1640,1633
CGATAACCAATTTGAG-1,0,6,124,1585,1536
GCCCACTGGTCCACAA-1,0,7,125,1529,1633
GAGGGCCGGCAGAGTC-1,0,6,126,1474,1536
CGACACGGATGCCCAC-1,0,7,127,1418,1632
CTGTCTGTGGCTGGCT-1,0,8,0,8467,1763
ATATTATCCCGTATTT-1,0,9,1,8411,1859
GCGCTGGCGGAAAGTC-1,0,8,2,8356,1762
ATCTAACGTCCCTATG-1,0,9,3,8300,1859
GTCAGACAGCGTTGGA-1,0,8,4,8245,1762
GCCAGGCTTAGTGGTA-1,0,9,5,8189,1858
ATTCAAAGTACCTGTT-1,0,8,6,8134,1761
TGGACGTAGGCGAATC-1,0,9,7,8078,1858
ACACATTGACGCAACA-1,0,8,8,8023,1761
GATATCAGTATGTATC-1,0,9,9,7967,1857
TGGGCCTTGCCTGCAT-1,0,8,10,7912,1760
CAAAGTCAGGTTAGCT-1,0,9,11,7856,1857
GGATCCCTACCAGCTA-1,0,8,12,7801,1760
ATCGTCCAATCGAGTC-1,0,9,13,7745,1856
ACATGGCTCAATTTAG-1,0,8,14,7690,1759
AGGCCCAGTGACTGGT-1,0,9,15,7634,1856
GCTTCCAGCTTAGATT-1,0,8,16,7579,1759
TGCTTGAAACCATGCA-1,0,9,17,7523,1855
CAATATTGGACTAGTG-1,0,8,18,7468,1758
CGTGCTGGCCTAGTCG-1,0,9,19,7412,1854
CCTGCGATAGAACTGT-1,0,8,20,7357,1758
GGGTAATGCTGTGTTT-1,0,9,21,7301,1854
AACGCGAACGGCAACA-1,0,8,22,7246,1757
TGTCGGCATGGTGGAA-1,0,9,23,7190,1853
AGCGTACGAGAGCTAG-1,0,8,24,7135,1757
ATACTCTCGCCACTCT-1,0,9,25,7079,1853
AATCCATGCAAGGGTG-1,0,8,26,7024,1756
TTAAACAGAGTCCCGC-1,0,9,27,6968,1852
CCACAGCTGAAATCAT-1,0,8,28,6913,1755
CGGTTCCGGCTTCTTG-1,0,9,29,6857,1852
GACGTGAGACTCCATG-1,0,8,30,6802,1755
TCGTTGGCTCGTCAAT-1,0,9,31,6746,1851
GGTGAACGGGCTAGCC-1,0,8,32,6691,1754
GCACTGTGCAAATGTA-1,0,9,33,6635,1851
ACGAGAACCCATCACG-1,0,8,34,6580,1754
CCAGCTACGCCTCATA-1,0,9,35,6524,1850
TCCCGGTCAGGAATTT-1,0,8,36,6469,1753
TCGCATTCAATGACTT-1,0,9,37,6413,1850
CTGGTTCAACGCATCA-1,0,8,38,6358,1753
GGTGATTTCATCTTGT-1,0,9,39,6302,1849
CACCCTTTCCTCGCTC-1,0,8,40,6247,1752
CAACTTGTAGTGGGCA-1,0,9,41,6191,1849
AATATCAAGGTCGGAT-1,0,8,42,6136,1752
ACTCAGACCTGCTTCT-1,0,9,43,6080,1848
TTGGAGTCTCCCTTCT-1,0,8,44,6025,1751
GGATACTCATGAATTG-1,0,9,45,5969,1847
TGGGCACAAACAGAAC-1,0,8,46,5914,1751
GAGCCACGGTAGTAGG-1,0,9,47,5858,1847
TCGATAGGCTAGTCGC-1,0,8,48,5803,1750
TAACCGCCCGCAGTGC-1,0,9,49,5747,1846
GCCTATTTGCTACACA-1,0,8,50,5692,1750
TTGACGATTCAGCACG-1,0,9,51,5636,1846
TTAAACCGGTAGCGAC-1,0,8,52,5581,1749
ACCGAAAGGGCCCTGC-1,0,9,53,5525,1845
ACGTTCCGCGCTCCGT-1,0,8,54,5470,1748
ATACCAGGCTAATAGA-1,0,9,55,5414,1845
CGGCTTTGTATGATAA-1,0,8,56,5359,1748
CTTGACCCGAAAGATA-1,0,9,57,5303,1844
CGCAGAAACATTTGCG-1,0,8,58,5248,1747
GACCCGTCGCCGGCTA-1,0,9,59,5192,1844
AATCGGGACACTACGA-1,0,8,60,5136,1747
GTCACAAAGTTTCCAA-1,0,9,61,5081,1843
TATATTCGCGTCGATA-1,0,8,62,5025,1746
CCTCCCGACAATCCCT-1,0,9,63,4969,1843
CGACATGCGATCTTCT-1,0,8,64,4914,1746
AACACGACTGTACTGA-1,0,9,65,4858,1842
CCCAACCACACTAACA-1,0,8,66,4803,1745
CACCGCCGACCAGCGA-1,0,9,67,4747,1841
TGGTATCGCATCCCAA-1,0,8,68,4692,1745
CAGAGTGATTTAACGT-1,0,9,69,4636,1841
AACCCTGGTGGAACCA-1,0,8,70,4581,1744
GTCAGTTGTGCTCGTT-1,0,9,71,4525,1840
ATTGACGTAACTCGGT-1,0,8,72,4470,1744
GATGTCGGTCAACTGC-1,0,9,73,4414,1840
AGGGCAGCGGCGTGGT-1,0,8,74,4359,1743
ACATCGTTAACCTAGT-1,0,9,75,4303,1839
TCCATTGTGACCTCGT-1,0,8,76,4248,1742
TGTTTAATACTTCATC-1,0,9,77,4192,1839
TTGCTGGCCGGGCTTC-1,0,8,78,4137,1742
CATATTATTTGCCCTA-1,0,9,79,4081,1838
CTGCCTAGCCACCAAG-1,0,8,80,4026,1741
ACGAGATATTTGCTTA-1,0,9,81,3970,1838
GACTACAATTGCTCGT-1,0,8,82,3915,1741
AACGTGATGAAGGACA-1,0,9,83,3859,1837
ACTCTCTTATACACGA-1,0,8,84,3804,1740
CGCATCATGGCTTCAG-1,0,9,85,3748,1837
CGGCTCTTCGTCGAAC-1,0,8,86,3693,1740
ATTCTTCGTACTTATG-1,0,9,87,3637,1836
AGTGAGGGTTTCTGAC-1,0,8,88,3582,1739
GCCAGGCGTTCGCATG-1,0,9,89,3526,1836
GACTAACACAGCACCT-1,0,8,90,3471,1739
CAATGGAATCTACATA-1,0,9,91,3415,1835
GTGGTCAGCGAAGTAT-1,0,8,92,3360,1738
ATGGCTGGAAATGGCC-1,0,9,93,3304,1834
ATCAGGTCGCCATTGC-1,0,8,94,3249,1738
TATCACCATGTAAAGT-1,0,9,95,3193,1834
AGCGCTTATGGGCAAG-1,0,8,96,3138,1737
AAGCGGCGTCATGGGT-1,0,9,97,3082,1833
ACTAATACGTCAGGCG-1,0,8,98,3027,1737
GGCTGAGCATCGTAAG-1,0,9,99,2971,1833
CGGTTGGGTTCAAGTT-1,0,8,100,2916,1736
GACTGATTGGTCACAA-1,0,9,101,2860,1832
AGACGGGCCGATTTAA-1,0,8,102,2805,1735
ACCAGTGCCCGGTCAA-1,0,9,103,2749,1832
GTCCTTTAATGACTTC-1,0,8,104,2694,1735
CCTACAAGTCCGGAAT-1,0,9,105,2638,1831
GCCTGCTACACTGAGA-1,0,8,106,2583,1734
GACTCGGTCGGCGGAT-1,0,9,107,2527,1831
CTAGACATATATGTAG-1,0,8,108,2472,1734
TCGCCCAACTGACTCC-1,0,9,109,2416,1830
AAACTAACGTGGCGAC-1,0,8,110,2361,1733
AACTGAGGTCAGCGTC-1,0,9,111,2305,1830
ACAATGATTCTTCTAC-1,0,8,112,2250,1733
ATAAGTACCCGATTGT-1,0,9,113,2194,1829
ATTGGGAGTTCTGTAA-1,0,8,114,2139,1732
CGAACATAGTCAGAAA-1,0,9,115,2083,1829
TAGCTCAGATCCTAGT-1,0,8,116,2028,1732
GTGTCGTATTCACCTT-1,0,9,117,1972,1828
CTCACCGATCCAAACT-1,0,8,118,1917,1731
ATATGTGCACAAACCA-1,0,9,119,1861,1827
CAGTCCAACGCCTTCT-1,0,8,120,1806,1731
TCGTCCGGGTACACTC-1,0,9,121,1750,1827
GCAGAAACGTAATCCA-1,0,8,122,1695,1730
TTCGAGCCGGCGCTAC-1,0,9,123,1639,1826
GGAAGATAAGACTGTA-1,0,8,124,1584,1730
ATAAGCAAACACCGAG-1,0,9,125,1528,1826
GCATAAATTGAACGCC-1,0,8,126,1473,1729
CGCCGGTGTCGCAGTA-1,0,9,127,1417,1825
GACCTGGTCTGGGCGT-1,0,10,0,8466,1956
AGCCGCTTGATTAGCG-1,0,11,1,8410,2053
CCCGGCTAGGTGAGAA-1,0,10,2,8355,1956
CGAGCCGAGCACTCGA-1,0,11,3,8299,2052
TAGTGCTTGAATCCTT-1,0,10,4,8244,1955
CAACCGCACCTAGACA-1,0,11,5,8188,2051
ACCACTGTTCAAGAAG-1,0,10,6,8133,1955
AGATGCTATAACGAGC-1,0,11,7,8077,2051
AATTACTCGTACGCTC-1,0,10,8,8022,1954
CGTCAATCTTTAACAT-1,0,11,9,7966,2050
CCAAAGCAGTTGGTTG-1,0,10,10,7911,1953
CCATATTGGATCATGA-1,0,11,11,7855,2050
CGTACCGAAAGTCTAG-1,0,10,12,7800,1953
CTCGAGATCCAAAGCA-1,0,11,13,7744,2049
TGGATAGAGTAACAGA-1,0,10,14,7689,1952
TCACAGATCCTCAAAC-1,0,11,15,7633,2049
AGAGCTACGAAAGCAT-1,0,10,16,7578,1952
TGCGTGATTGGGTGTC-1,0,11,17,7522,2048
CACATGTTTGGACATG-1,0,10,18,7467,1951
TTCGCATCCGGAAGCA-1,0,11,19,7411,2048
CCCTAGTGTCAGGTGT-1,0,10,20,7356,1951
TTACCGCCTTAGGGAA-1,0,11,21,7300,2047
CCAGTCCATTATTCGA-1,0,10,22,7245,1950
CGTAAACGCTTGAGTG-1,0,11,23,7189,2047
ATTCCTTCCAGGCGGT-1,0,10,24,7134,1950
TTCCTTTCTGTGTTGC-1,0,11,25,7078,2046
AGTTGACATCGGCTGG-1,0,10,26,7023,1949
AACTCGATGGCGCAGT-1,0,11,27,6967,2045
GATAAGGCAGATGCAA-1,0,10,28,6912,1949
GGCTGGCTAGCTTAAA-1,0,11,29,6856,2045
CCTCATGCAGCTACGA-1,0,10,30,6801,1948
GACGCCTGTTGCAGGG-1,0,11,31,6745,2044
TAATTAGATGGATATG-1,0,10,32,6690,1948
GAGGGCATCGCGTATC-1,0,11,33,6634,2044
CTTGTGAGTCTTTGAC-1,0,10,34,6579,1947
TCAACACATTGGGTAA-1,0,11,35,6523,2043
ACTGTATACGCGAGCA-1,0,10,36,6468,1946
GTGAAACGTGCTCCAC-1,0,11,37,6412,2043
CGAGTGCTATAGTTCG-1,0,10,38,6357,1946
GTACTGCATGAAGCGT-1,0,11,39,6301,2042
GTAACTTGCGGCAGTC-1,0,10,40,6246,1945
GAATCGCCGGACACGG-1,0,11,41,6190,2042
GGGAGTAATGGCTGGC-1,0,10,42,6135,1945
CATGAACCGACATTTG-1,0,11,43,6079,2041
TCTGTCATACAAGAGC-1,0,10,44,6024,1944
GTCGTCAATTATAAGG-1,0,11,45,5968,2041
TAAAGAGCCCGAAACC-1,0,10,46,5913,1944
GTACTGAGGTCGTAAC-1,0,11,47,5857,2040
AAAGACCCAAGTCGCG-1,0,10,48,5802,1943
CGTCAGTGCGCACAAG-1,0,11,49,5746,2040
TGTATCCTTATTCCAT-1,0,10,50,5691,1943
ATTCTCGTCTCTTTAG-1,0,11,51,5635,2039
AAAGTCACTGATGTAA-1,0,10,52,5580,1942
TGTCTACAGTTTCTGT-1,0,11,53,5524,2038
TTAACGTCGCAAGACC-1,0,10,54,5469,1942
CTATGTCTATTGAAAC-1,0,11,55,5413,2038
TCGGGTGAAACTGCTA-1,0,10,56,5358,1941
TGTCCCGACATAGCAC-1,0,11,57,5302,2037
ACAGCATAGAGCCAGT-1,0,10,58,5247,1941
ATATTCCCACAGGTCA-1,0,11,59,5191,2037
TTGGATCGACTTCTGG-1,0,10,60,5136,1940
CACCATCGGAGGAGAC-1,0,11,61,5080,2036
TCGTTCGTTATTATGT-1,0,10,62,5025,1939
CTTAACTTCGAAGTAC-1,0,11,63,4969,2036
GCACAAGTGTCGGAAG-1,0,10,64,4914,1939
TACCAGCTAGGTTTAA-1,0,11,65,4858,2035
ACGTACAGATTTCTCT-1,0,10,66,4802,1938
AATTTGGTTCCAAAGA-1,0,11,67,4747,2035
GTAAGGATTTGTCGGA-1,0,10,68,4691,1938
CATCATCTACCCGGAC-1,0,11,69,4635,2034
ACGATGGATCCGATGC-1,0,10,70,4580,1937
CACTCAGCTCTTGAGG-1,0,11,71,4524,2034
TAGATCCGAAGTCGCA-1,0,10,72,4469,1937
TGAAACTTATGCAAGC-1,0,11,73,4413,2033
GCGATTCTGGAAGCAG-1,0,10,74,4358,1936
CAAACTATTGAGCTTC-1,0,11,75,4302,2033
TAGAATTAAGGGCAAC-1,0,10,76,4247,1936
CGAAACATAGATGGCA-1,0,11,77,4191,2032
GATGGTGCCCTAGGCA-1,0,10,78,4136,1935
CCCGCAGGGCCCAAAG-1,0,11,79,4080,2031
ACAGCGCACCCGCAGC-1,0,10,80,4025,1935
GGTAAATGTGCGTTAC-1,0,11,81,3969,2031
GTCCTTCTAGTGGGTT-1,0,10,82,3914,1934
GGAAGCTCGCTTACAG-1,0,11,83,3858,2030
CACCGATACACCGAGC-1,0,10,84,3803,1933
CAGCCGGGCCCTCTAT-1,0,11,85,3747,2030
CGGAGCTTATAACACC-1,0,10,86,3692,1933
ATTACAACTACCGGCC-1,0,11,87,3636,2029
TCCTCTGGCCCATTAG-1,0,10,88,3581,1932
CGGCACCGTTAGCGCC-1,0,11,89,3525,2029
TCGGTCCCTGACTCCA-1,0,10,90,3470,1932
TGGTTGGAGGATCCTG-1,0,11,91,3414,2028
CTGCGGTAGTCACGTG-1,0,10,92,3359,1931
GTGCCTCAGTGTACGG-1,0,11,93,3303,2028
ATCGTTCACTTTCGCC-1,0,10,94,3248,1931
ACTTACCGGGCGCGCA-1,0,11,95,3192,2027
CTAGACTGCATTTCGT-1,0,10,96,3137,1930
TTGCCGGTGATCCCTC-1,0,11,97,3081,2027
CTGTCACGCCAGGCGC-1,0,10,98,3026,1930
CGGTATAGGTATTAGC-1,0,11,99,2970,2026
CCAACGCTTGCCAGGG-1,0,10,100,2915,1929
CGTTGAGTAATTGCGT-1,0,11,101,2859,2025
TGTATTTACCTAATGC-1,0,10,102,2804,1929
TAAATGCCGTCTCATG-1,0,11,103,2748,2025
CGGTTTATGAAGGAAC-1,0,10,104,2693,1928
GCAAGATGTGTTCGCG-1,0,11,105,2637,2024
AAAGGTAAGCTGTACC-1,0,10,106,2582,1928
GTACGTCACGTATTAA-1,0,11,107,2526,2024
AGTACCTTCGAGTGCT-1,0,10,108,2471,1927
ATTGTGACTTCGCTGC-1,0,11,109,2415,2023
TGTATCAGACTGAAGC-1,0,10,110,2360,1926
GAGACCCTGCAACGCC-1,0,11,111,2304,2023
TGGGTGGGATGTCATT-1,0,10,112,2249,1926
GGCTAATGATTGAAAT-1,0,11,113,2193,2022
ATAACGTTACCTCCAC-1,0,10,114,2138,1925
TGCGAGATGGCGGCCA-1,0,11,115,2082,2022
CACACTTGTATTGCGA-1,0,10,116,2027,1925
GCTGGTGACTCGTAGT-1,0,11,117,1971,2021
CGACACCGCTTAAGGA-1,0,10,118,1916,1924
GTAACAACTGACCTTG-1,0,11,119,1860,2021
CAACTGAGGGTATGAC-1,0,10,120,1805,1924
CTAATTATGAAGCGTA-1,0,11,121,1749,2020
CCGATCTTAAGAGGCT-1,0,10,122,1694,1923
CGACTCGGTACACGGT-1,0,11,123,1638,2020
TGCTGCGTCAGAGTTA-1,0,10,124,1583,1923
AGAGTTGCAGGCCTCC-1,0,11,125,1527,2019
ACTGGCGAACCTGCGT-1,0,10,126,1472,1922
ACTAAGGACGCACACC-1,0,11,127,1416,2018
CGTCCAGATGGCTCCA-1,0,12,0,8465,2149
ACTATCGCCGGCTAAA-1,0,13,1,8409,2246
GATAGCGTACCACGCG-1,0,12,2,8354,2149
AGGACTTATAGGAGAA-1,0,13,3,8298,2245
TAGTCGGGATTCTTCG-1,0,12,4,8243,2148
ACCATTAAGGGTGTCA-1,0,13,5,8187,2245
TTAATGTGTTTGCAGG-1,0,12,6,8132,2148
TCCGCAGCCACCTAGC-1,0,13,7,8076,2244
GAGGAGATCCTCATGC-1,0,12,8,8021,2147
GGTCCTTCATACGACT-1,0,13,9,7965,2244
CCCTGTTGGCAAAGAC-1,0,12,10,7910,2147
GTGCCTAGCTATGCTT-1,0,13,11,7854,2243
GTCATCTCCTACAGCT-1,0,12,12,7799,2146
GCGAGAAACGGGAGTT-1,0,13,13,7743,2242
CGTCGCGGCGGGATTT-1,0,12,14,7688,2146
CATTGTGTGCTAGATC-1,0,13,15,7632,2242
CGCGGCAGTATTACGG-1,0,12,16,7577,2145
GAAATGGGATGTAAAC-1,0,13,17,7521,2241
CATTCCCTAAGTACAA-1,0,12,18,7466,2145
AGTTCTGCGTTGTATC-1,0,13,19,7410,2241
ACCCTATAGGACTGAG-1,0,12,20,7355,2144
TTAGATAGGTCGATAC-1,0,13,21,7299,2240
ATTGATAGCAACGAGA-1,0,12,22,7244,2143
TCTCGGCTCCAGGACT-1,0,13,23,7188,2240
CTTGAGGTTATCCCGA-1,0,12,24,7133,2143
AAGAAGGATCAGTTAG-1,0,13,25,7077,2239
GTACGACGGCGCTGCG-1,0,12,26,7022,2142
CTTATGTTGACTACCA-1,0,13,27,6966,2239
CGGCACTCAAGAAAGT-1,0,12,28,6911,2142
GTCAAAGTTTACATAG-1,0,13,29,6855,2238
CTCCTAAGTTATGTCT-1,0,12,30,6800,2141
ACTGTGCTAGTAGATC-1,0,13,31,6744,2238
GTTTGGCCGCTCAGCG-1,0,12,32,6689,2141
TTATCCAATCGAACTC-1,0,13,33,6633,2237
CCGTACCCAAGCGCCA-1,0,12,34,6578,2140
CATACAAAGCCGAACC-1,0,13,35,6522,2236
GGTCGGTAATTAGACA-1,0,12,36,6467,2140
AGCGGGAAGGGTCCAT-1,0,13,37,6411,2236
GCCCACCAAGGCTGTC-1,0,12,38,6356,2139
GTAGACGTCGTTACAT-1,0,13,39,6300,2235
GAGCATCATCCCTGGG-1,0,12,40,6245,2139
AGGTAACCTCCTATTC-1,0,13,41,6189,2235
GGTTTGAGTGCTGGAA-1,0,12,42,6134,2138
GCACTAGTCGCGCTAT-1,0,13,43,6078,2234
GGTAACTATGTATCTG-1,0,12,44,6023,2137
GCGGTCCCTAGACGCA-1,0,13,45,5967,2234
CGAGCGTTGATCAGCC-1,0,12,46,5912,2137
AATCCAAGGGCCTGAG-1,0,13,47,5856,2233
CCGTGCCCATGACGGC-1,0,12,48,5801,2136
GAAATTCACATCGCTG-1,0,13,49,5745,2233
CTCTGCGAAGCAAGCA-1,0,12,50,5690,2136
AGTAGGTAACATACAT-1,0,13,51,5634,2232
ATTGGGAATATCTTGG-1,0,12,52,5579,2135
TAGAGCTACGAAGAAC-1,0,13,53,5523,2232
TGCGGCATAGTTCAAC-1,0,12,54,5468,2135
CCGCCGGTCAACACAC-1,0,13,55,5412,2231
TCGTATAGTGCAATTA-1,0,12,56,5357,2134
TAGTTTATTCTTGCTT-1,0,13,57,5301,2231
GATATCTCATGCAATA-1,0,12,58,5246,2134
CGTTTAAGCGGAGCAC-1,0,13,59,5190,2230
CATGCTGGCTCCAATT-1,0,12,60,5135,2133
GAAACAGCCATGCAGT-1,0,13,61,5079,2229
AGTTTCGCAGGTCGGA-1,0,12,62,5024,2133
CTCATGGCTCACAATC-1,0,13,63,4968,2229
AACCGTTGTGTTTGCT-1,0,12,64,4913,2132
ACCCTTCATCTGCGAA-1,0,13,65,4857,2228
TGCGGTGAAATTTCAT-1,0,12,66,4802,2132
CAAATTGTCAGCAAGC-1,0,13,67,4746,2228
GAGGTACATCCATCTT-1,0,12,68,4691,2131
AAATGGCATGTCTTGT-1,0,13,69,4635,2227
TCATCCCAGAGGGTGG-1,0,12,70,4580,2130
CGTAGCGAATTGTCAG-1,0,13,71,4524,2227
CCTAGTTAGTCGCATG-1,0,12,72,4468,2130
GAAACTCTAATGAAGG-1,0,13,73,4413,2226
TTGTATCACACAGAAT-1,0,12,74,4357,2129
TTCAAGCCGAGCTGAG-1,0,13,75,4301,2226
AGGTACGATATTGCCA-1,0,12,76,4246,2129
TTAAGCCGACAACTTC-1,0,13,77,4190,2225
GTCTTAGTACAGCCGG-1,0,12,78,4135,2128
TGGGTAAGGTTCCCGC-1,0,13,79,4079,2225
CTACGCCATTTCCGAT-1,0,12,80,4024,2128
GACCGTCAGGTCGTGA-1,0,13,81,3968,2224
TAGTTAAGATAGGATA-1,0,12,82,3913,2127
GAATATTCGGAGTCCC-1,0,13,83,3857,2224
CAAACTACGATAGAGA-1,0,12,84,3802,2127
CAGGAAGACTTTATAT-1,0,13,85,3746,2223
TTCGTAATCCCAGCGG-1,0,12,86,3691,2126
GTGAGGAGCGGTTGAG-1,0,13,87,3635,2222
CAATCCCTATACCAGC-1,0,12,88,3580,2126
AGGGAAACGAGGTACT-1,0,13,89,3524,2222
TCCTGCCAACTGGAGA-1,0,12,90,3469,2125
AATTTGGGACATAGTA-1,0,13,91,3413,2221
AACTCCTAATCCCATG-1,0,12,92,3358,2125
GCTCATTACTGCATGT-1,0,13,93,3302,2221
TCTCGAACGAGGTCAC-1,0,12,94,3247,2124
TCACTACGACCAATGC-1,0,13,95,3191,2220
GTGATGCACAACATCT-1,0,12,96,3136,2123
CCGACGTAAACACAAC-1,0,13,97,3080,2220
TGGGATGCACTCATTC-1,0,12,98,3025,2123
TTCCATCATGCGGTGA-1,0,13,99,2969,2219
TGCACAGTGAAGTTAT-1,0,12,100,2914,2122
CTATTGTGTTTGGTCA-1,0,13,101,2858,2219
TGCGAGCCCTTCCGCG-1,0,12,102,2803,2122
TTGAAAGGTGTAAAGG-1,0,13,103,2747,2218
GGTGCAGAGCCTATCG-1,0,12,104,2692,2121
ACTATATGCTGTGTTC-1,0,13,105,2636,2218
TCCTGGCGCTGCCTGG-1,0,12,106,2581,2121
GAGCCGAGCGTTTATT-1,0,13,107,2525,2217
AGAATGCGGGTTCGGA-1,0,12,108,2470,2120
ATGCGACAATTGGTCC-1,0,13,109,2414,2216
TTCCGGCTCGACTTCT-1,0,12,110,2359,2120
TGATTATGGCACGCAG-1,0,13,111,2303,2216
GGTTTGACAAGAAGCT-1,0,12,112,2248,2119
GCAGCTATGGACAGGT-1,0,13,113,2192,2215
CACCATGATCGCAAAG-1,0,12,114,2137,2119
GTCGGAAGGATACCAG-1,0,13,115,2081,2215
GGCCCAGTTATCAGCA-1,0,12,116,2026,2118
GGGCCTATTTAAGTAT-1,0,13,117,1970,2214
GTTGTTACATTGCGCT-1,0,12,118,1915,2117
CAACTCCGTAACTTGC-1,0,13,119,1859,2214
GATCTTTGCTCAAAGA-1,0,12,120,1804,2117
TCGCTTAATTACGAAG-1,0,13,121,1748,2213
CGATCATTAGAGGCAC-1,0,12,122,1693,2116
TGTTCTCTACTCCCTA-1,0,13,123,1637,2213
GCTTAGGGAAGCGGTA-1,0,12,124,1582,2116
CAGGTTTAGTACTACA-1,0,13,125,1526,2212
AAGCGGAGTGCGCGCA-1,0,12,126,1471,2115
TCAGATGGAGACGTAG-1,0,13,127,1415,2212
TCGCACTAACGTTTGT-1,0,14,0,8464,2343
CACGTCGGGTTCTAGA-1,0,15,1,8408,2439
GGAGTACACATGAGCT-1,0,14,2,8353,2342
GTGTGTCGACGTCGCT-1,0,15,3,8297,2438
GAAGCTCTTTGCTTAG-1,0,14,4,8242,2341
ACACCGAGCGCTCTTT-1,0,15,5,8186,2438
CGTAATAATTACGAGT-1,0,14,6,8131,2341
CATCAACACCTACTAA-1,0,15,7,8075,2437
CCAAGTTTCTACAGAT-1,0,14,8,8020,2340
ACGGGTCATGTGACTT-1,0,15,9,7964,2437
AGTGTGCTAAGATCGC-1,0,14,10,7909,2340
GGCGGTTTGCCGGTGC-1,0,15,11,7853,2436
GTATAATCTCCCGGAT-1,0,14,12,7798,2339
TAGTCCGTATGCATAA-1,0,15,13,7742,2436
CACTTCGTCTTATCTC-1,0,14,14,7687,2339
CATCCGCAGGCCCGAA-1,0,15,15,7631,2435
CCCTGATGTAACTCGT-1,0,14,16,7576,2338
CCATAGTCAGTAACCC-1,0,15,17,7520,2435
CGGGCCATAGCCGCAC-1,0,14,18,7465,2338
CTCCGGCTTGTAGACA-1,0,15,19,7409,2434
AACTTGCGTTCTCGCG-1,0,14,20,7354,2337
AATGAGTTCGCATATG-1,0,15,21,7298,2433
CGAGGCCAGGCATTGG-1,0,14,22,7243,2337
TCTGCGTCCGGTTTCT-1,0,15,23,7187,2433
CAATCCTGCCGTGGAG-1,0,14,24,7132,2336
CTGAGCAAGTAACAAG-1,0,15,25,7076,2432
GGGTACCCACGGTCCT-1,0,14,26,7021,2336
ACGGAATTTAGCAAAT-1,0,15,27,6965,2432
GGGCGGTCCTATTGTC-1,0,14,28,6910,2335
ATGTTACGAGCAATAC-1,0,15,29,6854,2431
AACCATGGGATCGCTA-1,0,14,30,6799,2334
TCGCATCCCTAAGTGT-1,0,15,31,6743,2431
ACTTAGTACGACAAGA-1,0,14,32,6688,2334
GAGCTCTCGGACCTAA-1,0,15,33,6632,2430
TCTATTACGCTGGCGA-1,0,14,34,6577,2333
AGATACGACTTCATAT-1,0,15,35,6521,2430
CGCTATACCGCCCACT-1,0,14,36,6466,2333
CAGTGTCCGCAGAATG-1,0,15,37,6410,2429
CCATCCATACCAAGTC-1,0,14,38,6355,2332
AACCCAGAGACGGAGA-1,0,15,39,6299,2429
GAAGAACGGTGCAGGT-1,0,14,40,6244,2332
GATAAATCGGTGGATG-1,0,15,41,6188,2428
CAGCTCGTGCTTGTGT-1,0,14,42,6133,2331
GAGTACGGGTATACAA-1,0,15,43,6077,2428
CATCGCCCGCGGCCAA-1,0,14,44,6022,2331
TCTTACAGAGGTACCG-1,0,15,45,5966,2427
TGGAAGACGAACACCA-1,0,14,46,5911,2330
GTTGTCGTGTTAGTTG-1,0,15,47,5855,2426
CCAAGGAACAGAGAGG-1,0,14,48,5800,2330
CTGCACCTGGAACCGC-1,0,15,49,5744,2426
CGCTTTCATACCGGTG-1,0,14,50,5689,2329
GTTCTTCCCTCGATGT-1,0,15,51,5633,2425
ATTTAACTCGTATTAC-1,0,14,52,5578,2328
AACGATAGAAGGGCCG-1,0,15,53,5522,2425
TATCCTGCATGGGAAT-1,0,14,54,5467,2328
AGGCCCATTGTACAGG-1,0,15,55,5411,2424
CCGGCGCATATTGGAT-1,0,14,56,5356,2327
ATCTGTAATTGTACCC-1,0,15,57,5300,2424
GAGCGAGGGAGTACCG-1,0,14,58,5245,2327
TTATTAGGGAAGCATC-1,0,15,59,5189,2423
CTTCTTACGTCGTATA-1,0,14,60,5134,2326
GAAGTGCTGGATAGCT-1,0,15,61,5078,2423
GTGCAACAAATGTGGC-1,0,14,62,5023,2326
CATGCGTTAGACAGAA-1,0,15,63,4967,2422
ACACACTTTCTACACG-1,0,14,64,4912,2325
AGCCCTAAGCGAAGTT-1,0,15,65,4856,2422
ATTAATTCGGTCACTC-1,0,14,66,4801,2325
AACAGGAAATCGAATA-1,0,15,67,4745,2421
ACGTTTAGTTGTGATC-1,0,14,68,4690,2324
TCCTTCAGTGGTCGAA-1,0,15,69,4634,2420
CGAACGCCCAGTGCCG-1,0,14,70,4579,2324
CCTCGAAGTGGACGGG-1,0,15,71,4523,2420
CTCTGTTTGAGGATTC-1,0,14,72,4468,2323
TGGGCACGTTCTATGG-1,0,15,73,4412,2419
ACTATTCGTCCGTGGT-1,0,14,74,4357,2323
CCTCTGGCCTAGACGG-1,0,15,75,4301,2419
CCATAAACAACCCGAC-1,0,14,76,4246,2322
CATAGTACATTGAGAG-1,0,15,77,4190,2418
ATTTCATTATTTCGCG-1,0,14,78,4134,2321
CAACTATATCGAATGC-1,0,15,79,4079,2418
CTAGTATTCGGAATTA-1,0,14,80,4023,2321
GTGGAACCTACATGCG-1,0,15,81,3967,2417
CCTAAAGGCTGACGCT-1,0,14,82,3912,2320
CGTGACATTGGGTCGT-1,0,15,83,3856,2417
CCAATCGGTAGATCGA-1,0,14,84,3801,2320
ATTGTCGCAATACCTT-1,0,15,85,3745,2416
AAATTACACGACTCTG-1,0,14,86,3690,2319
CACTCCTCTCGGTCGG-1,0,15,87,3634,2416
AAATAACCATACGGGA-1,0,14,88,3579,2319
AGTTACTCTATCGTGG-1,0,15,89,3523,2415
CGTTAGCTCACAACTG-1,0,14,90,3468,2318
GAATGTATGGCAGGTC-1,0,15,91,3412,2415
GCAACCACCAGACCGG-1,0,14,92,3357,2318
TCACTCGTGCAACGGC-1,0,15,93,3301,2414
AAACAGAGCGACTCCT-1,0,14,94,3246,2317
CAGCCTCTCCTCAAGA-1,0,15,95,3190,2413
TTGCGTGAACGCTTAG-1,0,14,96,3135,2317
CCGCCTGCGAATTGGT-1,0,15,97,3079,2413
AGATGAGGGTTGCGAT-1,0,14,98,3024,2316
CGGTGGGCTCCAGCCT-1,0,15,99,2968,2412
GGCAGCGGTAATCCTA-1,0,14,100,2913,2316
GCTAGCAGGGAGTGGG-1,0,15,101,2857,2412
CTCAAGACATTAGCGC-1,0,14,102,2802,2315
CACGGCGCGCCAAAGG-1,0,15,103,2746,2411
TGCAATTTGGGCACGG-1,0,14,104,2691,2314
ATGCCAATCGCTCTGC-1,0,15,105,2635,2411
GCTGGACCCAAAGTGG-1,0,14,106,2580,2314
ATTCCTAAGACGTGGA-1,0,15,107,2524,2410
TCCGGAGGAAGGGCTG-1,0,14,108,2469,2313
TCGGTGACCGCTCCGG-1,0,15,109,2413,2410
TCCGAAGTAGTCACCA-1,0,14,110,2358,2313
CATGTAGGAGCGCCAA-1,0,15,111,2302,2409
CACAAGAAAGATATTA-1,0,14,112,2247,2312
AGGGTCAGTAACCCTA-1,0,15,113,2191,2409
TAAGCCCTTACGACCA-1,0,14,114,2136,2312
ATACCGTCATCCATAA-1,0,15,115,2080,2408
GGACGTCCATAGTTGG-1,0,14,116,2025,2311
CATCAAACTGGCGCCC-1,0,15,117,1969,2408
AAACGTGTTCGCCCTA-1,0,14,118,1914,2311
AAATTGGTGAGAAGCA-1,0,15,119,1858,2407
GGTCATTGTAGTCATA-1,0,14,120,1803,2310
TGCAGTGAGGCTCGGG-1,0,15,121,1747,2406
GAACATTAGTATGTTA-1,0,14,122,1692,2310
GGTTTGCGAACACGTA-1,0,15,123,1636,2406
ACACAAATATTCCTAG-1,0,14,124,1581,2309
TTGGGTTTATTCAGCG-1,0,15,125,1525,2405
ATTCGCAGAGGACACT-1,0,14,126,1470,2308
GATTTAGTGCGTACTG-1,0,15,127,1414,2405
TAGAAACACAATAGTG-1,0,16,0,8463,2536
CAGTAGATGATGTCCG-1,0,17,1,8407,2632
TCTTAACTCGGATGTA-1,0,16,2,8352,2535
TACATCTTGTTTCTTG-1,0,17,3,8296,2631
TTCATAGGGTGTCCAT-1,0,16,4,8241,2535
TGAAGTAGCTTACGGA-1,0,17,5,8185,2631
GCACAAGTGGATCATA-1,0,16,6,8130,2534
GGGCGAATTTCTCCAC-1,0,17,7,8074,2630
ATGTTCCTGCCCACCT-1,0,16,8,8019,2534
GCTCAACCTCTTAGAG-1,0,17,9,7963,2630
ATAGCTGCTCTTGTTA-1,0,16,10,7908,2533
CGTCAGCTATTTACTC-1,0,17,11,7852,2629
ATCTGATAGTGTCTTA-1,0,16,12,7797,2532
TGCACTATGTGAGTGC-1,0,17,13,7741,2629
CCGACAAACACATGAG-1,0,16,14,7686,2532
GCCTTGTATATGCAGT-1,0,17,15,7630,2628
ATAATACCGTTAGCCG-1,0,16,16,7575,2531
ACACTCCAATGTCACT-1,0,17,17,7519,2628
AGTTGCTGACTGATAT-1,0,16,18,7464,2531
GGCGCTCCTCATCAAT-1,0,17,19,7408,2627
TGCCTGACATCGGTCA-1,0,16,20,7353,2530
TTGGCCATCTTGCGCT-1,0,17,21,7297,2627
CAGTGGTTGCACATGA-1,0,16,22,7242,2530
AGAATTGTTTGACATA-1,0,17,23,7186,2626
AAATGCTCGTTACGTT-1,0,16,24,7131,2529
CACCTAATAGAGTCGT-1,0,17,25,7075,2626
CATTTCTAGCAGACTA-1,0,16,26,7020,2529
CCGAAAGTGGTGAGCA-1,0,17,27,6964,2625
AGTCAGCCACCGCCTG-1,0,16,28,6909,2528
TCATCACTCGAGCTCG-1,0,17,29,6853,2624
CTCAGGACTCACCTGT-1,0,16,30,6798,2528
CGGTGTACTTGATCCC-1,0,17,31,6742,2624
CCTACGGCTCAGTCGA-1,0,16,32,6687,2527
GTACTTGGGCACTTCT-1,0,17,33,6631,2623
TGATTTCCTCCTGACG-1,0,16,34,6576,2527
CCTCACCAATCTTGAC-1,0,17,35,6520,2623
GGTGAGATGCAGATAA-1,0,16,36,6465,2526
GCTAGTTTCATTGAGG-1,0,17,37,6409,2622
AGGACATCGCACGTCG-1,0,16,38,6354,2525
GTGGACGTGCTGAGAC-1,0,17,39,6298,2622
TAAGGAACTTGTGGGA-1,0,16,40,6243,2525
TCGCTGTGCGTAAATC-1,0,17,41,6187,2621
GCATCCCTAACTTTGA-1,0,16,42,6132,2524
CACCCACACGTCACCC-1,0,17,43,6076,2621
CCCTCATTCTGGAATT-1,0,16,44,6021,2524
AGGGCGTGATCGGCTA-1,0,17,45,5965,2620
GGTGCGGATAAGTGGC-1,0,16,46,5910,2523
TAATATTGAAATTCGC-1,0,17,47,5854,2620
CTTACACTGGGAAATA-1,0,16,48,5799,2523
ACCAAGAACGCGTGTC-1,0,17,49,5743,2619
GCCTTCAGCCCTACCG-1,0,16,50,5688,2522
GATGCTACAAGCGCCT-1,0,17,51,5632,2619
CCGGGACCCGCAGAGA-1,0,16,52,5577,2522
GTTCCAGTCTGACCAT-1,0,17,53,5521,2618
ATGATCGGGAATAGAC-1,0,16,54,5466,2521
TTGGATTGGGTACCAC-1,0,17,55,5410,2617
TACCTCACGCTTGTAC-1,0,16,56,5355,2521
CATGGCAGGAAGATCG-1,0,17,57,5299,2617
ATGACGCCGGCTCTAA-1,0,16,58,5244,2520
AGCGACATCCCATTCA-1,0,17,59,5188,2616
AGTAATGTCTTGCCGC-1,0,16,60,5133,2520
TTCTTAGTGGCTCAGA-1,0,17,61,5077,2616
CGTCTGGAAGGGCCCG-1,0,16,62,5022,2519
ACGTGCGCCTCGTGCA-1,0,17,63,4966,2615
AGAGCGGGCTAATCAT-1,0,16,64,4911,2518
GCGTCGAAATGTCGGT-1,0,17,65,4855,2615
AACTGATATTAGGCCT-1,0,16,66,4800,2518
CGAGCTGGGCTTTAGG-1,0,17,67,4744,2614
GGGTGTTTCAGCTATG-1,0,16,68,4689,2517
TTAATTTCAGACGCGG-1,0,17,69,4633,2614
ACTGCCGTCGTAACTC-1,0,16,70,4578,2517
GTGCACGAAAGTGACT-1,0,17,71,4522,2613
ATCTCCCTGCAATCTA-1,0,16,72,4467,2516
ACGCCAGATGATTTCT-1,0,17,73,4411,2613
AGCTATTTAATCCAAC-1,0,16,74,4356,2516
CCACGAGAAGAGAATC-1,0,17,75,4300,2612
GATTCCGCGTTTCCGT-1,0,16,76,4245,2515
GTCGGATGTAGCGCGC-1,0,17,77,4189,2611
TATTTATACCGAGTAG-1,0,16,78,4134,2515
GTAGGTGATCCGTGTA-1,0,17,79,4078,2611
AGTTAAGCGGTCCCGG-1,0,16,80,4023,2514
CTGGCGACATAAGTCC-1,0,17,81,3967,2610
TTGGCCTAGAATTTCG-1,0,16,82,3912,2514
GGCATATCGGTTCTGC-1,0,17,83,3856,2610
GGGCGTCCACTGGCTC-1,0,16,84,3800,2513
TTACCCATTGCCGGGT-1,0,17,85,3745,2609
TTAGACACGATCGTTG-1,0,16,86,3689,2512
GCGCTGATCCAGACTC-1,0,17,87,3633,2609
TTCGGCAACCCGCTGA-1,0,16,88,3578,2512
GATATTTCCTACATGG-1,0,17,89,3522,2608
CTGCGTTACGATATAA-1,0,16,90,3467,2511
TAATAAACAAGGAGAT-1,0,17,91,3411,2608
AACCTTTACGACGTCT-1,0,16,92,3356,2511
AGTCCCGCCTTTAATT-1,0,17,93,3300,2607
TGAGATTAGGCCCTAA-1,0,16,94,3245,2510
AGTGTATTGCGCATTG-1,0,17,95,3189,2607
GTTGGATTCAGTGGCT-1,0,16,96,3134,2510
TAAAGCTGCAATAGGG-1,0,17,97,3078,2606
AGTAGGAAGGAAGTTG-1,0,16,98,3023,2509
TATCACTTCGAGTAAC-1,0,17,99,2967,2606
TGATCTACGCTGATCT-1,0,16,100,2912,2509
GGATCATCCCGTACGC-1,0,17,101,2856,2605
TGACACTTCTCTTTGC-1,0,16,102,2801,2508
AGCCCTTCTAATCCGA-1,0,17,103,2745,2604
CACCGCGTCCACTCTA-1,0,16,104,2690,2508
TAATTGGAATCGGGAA-1,0,17,105,2634,2604
TCGTAAGCTCCGAGGA-1,0,16,106,2579,2507
TATATTACAAATGTCG-1,0,17,107,2523,2603
CGCGAGAGGGACTTGT-1,0,16,108,2468,2507
GGACCTACGGTAACGT-1,0,17,109,2412,2603
GAAATATGCTTGAATG-1,0,16,110,2357,2506
CCGTATTAGCGCAGTT-1,0,17,111,2301,2602
AGGCGTCTATGGACGG-1,0,16,112,2246,2505
AACATCGATACGTCTA-1,0,17,113,2190,2602
TGAATATGCTATAAAC-1,0,16,114,2135,2505
ACCAAACACCCAGCGA-1,0,17,115,2079,2601
TGGCTTGTACAAGCTT-1,0,16,116,2024,2504
GAATGAAGGTCTTCAG-1,0,17,117,1968,2601
AGATACCAGCACTTCA-1,0,16,118,1913,2504
GCGGTCCCGGTGAAGG-1,0,17,119,1857,2600
GAGGCATTTGCAGCAG-1,0,16,120,1802,2503
GGCAAGCCAGGGATAG-1,0,17,121,1746,2600
TCTACGGGCTCAGTTG-1,0,16,122,1691,2503
TCTGCGAATCGTTCGC-1,0,17,123,1635,2599
AGCTCGTTGATGGAAA-1,0,16,124,1580,2502
TGAATGAGATACAGCA-1,0,17,125,1524,2599
ACCCTTGCCTGGGTCG-1,0,16,126,1469,2502
GGCGAACCGTTCTGAT-1,0,17,127,1413,2598
GCGATGTCTGTGCTTG-1,0,18,0,8462,2729
ATTAACACCTGAGATA-1,0,19,1,8406,2825
GAAATCTGACCAAGTT-1,0,18,2,8351,2728
CCTGACAAACTCGCGC-1,0,19,3,8295,2825
ATGTCATTTCCCATTG-1,0,18,4,8240,2728
GCGGTGCGGAGCATCG-1,0,19,5,8184,2824
CGGAAAGCAAATGTGC-1,0,18,6,8129,2727
GCTGAGCAACGGTTCT-1,0,19,7,8073,2824
TCACTCTTCGTCTGTC-1,0,18,8,8018,2727
GATCTTCATTGTCCTC-1,0,19,9,7962,2823
ACTCGATGTATTTCAT-1,0,18,10,7907,2726
TGAAGAGCGGTCCTAG-1,0,19,11,7851,2823
TAAACGTCGTCAATGA-1,0,18,12,7796,2726
ACGTTATTGGTCACTC-1,0,19,13,7740,2822
ATAGCCTCAGTACCCA-1,0,18,14,7685,2725
CGGGAGTATACCGCCG-1,0,19,15,7629,2821
GTCCTACAGGCGGCTC-1,0,18,16,7574,2725
CGGATAAGCGGACATG-1,0,19,17,7518,2821
AACTTCTGCGTCTATC-1,0,18,18,7463,2724
GGGTTCAGACGAACAA-1,0,19,19,7407,2820
AGTCTGGACATCCTTG-1,0,18,20,7352,2723
TTGAACGAATCCTTTG-1,0,19,21,7296,2820
GAAATACTAAACGTTT-1,0,18,22,7241,2723
CCCGCGCAATGCACCC-1,0,19,23,7185,2819
TTCGGCTAGAGATGGT-1,0,18,24,7130,2722
GACACGAGTTAGAGGA-1,0,19,25,7074,2819
GAGGTCCCAAAGATCT-1,0,18,26,7019,2722
TAACTCCATGGAGGCT-1,0,19,27,6963,2818
CTTGTTTATGTAGCCA-1,0,18,28,6908,2721
GATGGCGCACACATTA-1,0,19,29,6852,2818
ATAATAGTGTAGGGAC-1,0,18,30,6797,2721
CGCTATTCAATGTATG-1,0,19,31,6741,2817
ATATTGCTGTCAAAGT-1,0,18,32,6686,2720
GGATTCAGTACGGTGG-1,0,19,33,6630,2817
TTCTTAGTGAACGGTG-1,0,18,34,6575,2720
AATGGTTCTCACAAGC-1,0,19,35,6519,2816
TATACACGCAAAGTAT-1,0,18,36,6464,2719
CTTCATAGCTCAAGAA-1,0,19,37,6408,2815
CAACGGTTCTTGATAC-1,0,18,38,6353,2719
ACACCCGAGAAATCCG-1,0,19,39,6297,2815
TCTATCATGCAGTTAC-1,0,18,40,6242,2718
CCCGCCATGCTCCCGT-1,0,19,41,6186,2814
CGCTTCCACTGAAATC-1,0,18,42,6131,2718
CACTGTCCAAGTGAGA-1,0,19,43,6075,2814
ATTACTAGCCTCTTGC-1,0,18,44,6020,2717
CATAGTAGCATAGTAG-1,0,19,45,5964,2813
CAACTCCTTGATCCCG-1,0,18,46,5909,2716
AAGTAGAAGACCGGGT-1,0,19,47,5853,2813
GCGGGAACCAGGCCCT-1,0,18,48,5798,2716
ATTAGATTGATAGCGG-1,0,19,49,5742,2812
CTCGGTCCGTAGCCTG-1,0,18,50,5687,2715
TGGCTTTGGGTAGACA-1,0,19,51,5631,2812
TATCCATATCATGCGA-1,0,18,52,5576,2715
GGAGTGCCGCCCTGGA-1,0,19,53,5520,2811
TGAGAATGCTTTACCG-1,0,18,54,5465,2714
TTAACCAACCCTCCCT-1,0,19,55,5409,2811
TGTTTCGGTACTTCTC-1,0,18,56,5354,2714
TTGCTGAAGGAACCAC-1,0,19,57,5298,2810
TATTTAGTCTAGATCG-1,0,18,58,5243,2713
CTCCGGCCTAATATGC-1,0,19,59,5187,2810
TTGTGGCCCTGACAGT-1,0,18,60,5132,2713
TCGCCGGTCGATCCGT-1,0,19,61,5076,2809
CCATAGGTTGGCGTGG-1,0,18,62,5021,2712
GAACGACCGAATGATA-1,0,19,63,4965,2808
TCCGATAATTGCCATA-1,0,18,64,4910,2712
CATTACGTCGGCCCGT-1,0,19,65,4854,2808
CAAGCACCAAATGCCT-1,0,18,66,4799,2711
TGCATGGATCGGATCT-1,0,19,67,4743,2807
GAAATCGCGCGCAACT-1,0,18,68,4688,2711
CTGAAAGAGATCCGAC-1,0,19,69,4632,2807
CACCTCGATGGTGGAC-1,0,18,70,4577,2710
ATTTGTTCCAGGGCTC-1,0,19,71,4521,2806
TGGGCCACAAGAGCGC-1,0,18,72,4466,2709
CCTTCTTGATCCAGTG-1,0,19,73,4410,2806
CCTCGCCAGCAAATTA-1,0,18,74,4355,2709
TTCATGGCGCAACAGG-1,0,19,75,4299,2805
TTAATCAGTACGTCAG-1,0,18,76,4244,2708
CCTATCTATATCGGAA-1,0,19,77,4188,2805
ATTATACTTTGCTCGT-1,0,18,78,4133,2708
ATGGATCCGGCGTCCG-1,0,19,79,4077,2804
CGCCCGCTTCCGTACA-1,0,18,80,4022,2707
GGATTCCGCTATACCC-1,0,19,81,3966,2804
CGGTCTATCAACCCGT-1,0,18,82,3911,2707
ATGCCGGTTGATGGGA-1,0,19,83,3855,2803
TCATGCAGGTTCTCAT-1,0,18,84,3800,2706
TGAGCTTTAATGACGC-1,0,19,85,3744,2803
TCCCTTAGATTACTCG-1,0,18,86,3689,2706
ATATCTCCCTCGTTAA-1,0,19,87,3633,2802
AGCTCTTCCCAGTGCA-1,0,18,88,3578,2705
TCGCTAAACCGCTATC-1,0,19,89,3522,2801
CACATTCTTTCGATGG-1,0,18,90,3466,2705
GATATGCGGTAGCCAA-1,0,19,91,3411,2801
CGTTTCACTTCGGGCG-1,0,18,92,3355,2704
CCAATTACGGGTCGAG-1,0,19,93,3299,2800
GCAGGTAGAGTATGGT-1,0,18,94,3244,2703
GTCGTATTGGCGTACA-1,0,19,95,3188,2800
GAAATTAGCACGGATA-1,0,18,96,3133,2703
AATGCACCAAGCAATG-1,0,19,97,3077,2799
AGGACGCTCGATGTTG-1,0,18,98,3022,2702
GGCTAAAGGGCGGGTC-1,0,19,99,2966,2799
CATCTATCCCGTGTCT-1,0,18,100,2911,2702
CAGTAACTATTTATTG-1,0,19,101,2855,2798
CATATACTACTGATAA-1,0,18,102,2800,2701
GCGTTCGGAGACCGGG-1,0,19,103,2744,2798
AAGTTCAGTCTGCGTA-1,0,18,104,2689,2701
CGAAGCTATAAATTCA-1,0,19,105,2633,2797
CGCGGTCACAAACCAA-1,0,18,106,2578,2700
GGGAATGAGCCCTCAC-1,0,19,107,2522,2797
ACGGAGCGCAAATTAC-1,0,18,108,2467,2700
CGTTCTTCGCACACCT-1,0,19,109,2411,2796
GAATAGCCCTGCGGTC-1,0,18,110,2356,2699
AATAGCTACCGCGTGC-1,0,19,111,2300,2795
CCGAGCTGTGCTTGTC-1,0,18,112,2245,2699
GATGACGATGATCGCG-1,0,19,113,2189,2795
GCCTATGCTGGGCCTT-1,0,18,114,2134,2698
TTACTGTCTAGAGCTC-1,0,19,115,2078,2794
AGCGGTTGCCGCTCTG-1,0,18,116,2023,2698
GCTTGCAGCACAATTG-1,0,19,117,1967,2794
CCGGAGGTCTTATGGT-1,0,18,118,1912,2697
ACAGTATACCGTGGGA-1,0,19,119,1856,2793
GGGATCCCAATACAAA-1,0,18,120,1801,2696
ATTACGACTCCACAGT-1,0,19,121,1745,2793
CTCACACGCAAGCCTA-1,0,18,122,1690,2696
CCAGATGTAAATGGGT-1,0,19,123,1634,2792
GAACTTGTGCACGGGA-1,0,18,124,1579,2695
AAGCCGCTTTACCTTG-1,0,19,125,1523,2792
TCCATTCCCACTAGAG-1,0,18,126,1468,2695
AGAGCGCTTGTAACGG-1,0,19,127,1412,2791
TGGGTTCCCGGACGGA-1,0,20,0,8461,2922
GCTGCGCCTCCCACGT-1,0,21,1,8405,3018
CTGTTGGCTCTTCTGA-1,0,20,2,8350,2922
TTGTTCTAGATACGCT-1,0,21,3,8294,3018
CCCTCAAGCTCTTAGT-1,0,20,4,8239,2921
TGGTCTAGCTTACATG-1,0,21,5,8183,3017
ATGCACCTTCCTTAAT-1,0,20,6,8128,2920
GGGATACGGTAATAAT-1,0,21,7,8072,3017
AGTTCACCGGTTGGAC-1,0,20,8,8017,2920
GACATACTGTCGCAGA-1,0,21,9,7961,3016
TGGACACCGTTGCTTG-1,0,20,10,7906,2919
TGCGATGCTAATGGCT-1,0,21,11,7850,3016
TTCTGTTTCCTGTCGC-1,0,20,12,7795,2919
CGTTGTAAACGTCAGG-1,0,21,13,7739,3015
GATCGGCGATAAGTCG-1,0,20,14,7684,2918
AGCCTTAAAGCGGAAG-1,0,21,15,7628,3015
TCCGTAACCACAATCC-1,0,20,16,7573,2918
GAATGCCGAAATGACC-1,0,21,17,7517,3014
TATACTCATGCGGCAA-1,0,20,18,7462,2917
TAGTGTCAGAAACGGC-1,0,21,19,7406,3014
CGTCATACCATATCCA-1,0,20,20,7351,2917
TAGTACCTTAGTGGTC-1,0,21,21,7295,3013
CTGGCGGGAATAAGTA-1,0,20,22,7240,2916
AGTGTGGTCTATTGTG-1,0,21,23,7184,3012
GCTATCGCGGCGCAAC-1,0,20,24,7129,2916
CAGTAATCCCTCCCAG-1,0,21,25,7073,3012
GTATTAAGGCGTCTAA-1,0,20,26,7018,2915
CTAATTTCAACAACAC-1,0,21,27,6962,3011
TTAGCAACATGGATGT-1,0,20,28,6907,2915
ATGCTCAGTGTTGCAT-1,0,21,29,6851,3011
GATGTTTGTGCGAGAT-1,0,20,30,6796,2914
CACTTCGCCACAGGCT-1,0,21,31,6740,3010
CTGTATGGTGTAGAAA-1,0,20,32,6685,2913
TACGTGCACTATGCTG-1,0,21,33,6629,3010
GTATCAGCTTGGGTTC-1,0,20,34,6574,2913
TAACAAAGGGAGAAGC-1,0,21,35,6518,3009
TTACATCGTGGCCTGG-1,0,20,36,6463,2912
TCTGAACCGGTCGGCT-1,0,21,37,6407,3009
GGCTCGTGCCACCAGC-1,0,20,38,6352,2912
TATAAGTGAGGATAGC-1,0,21,39,6296,3008
GCCCGCGCGTTTGACA-1,0,20,40,6241,2911
TGCTGGTTGGACAATT-1,0,21,41,6185,3008
GCCTAGCGATCTGACC-1,0,20,42,6130,2911
CCATGCTCTGCAGGAA-1,0,21,43,6074,3007
TATAAATCCACAAGCT-1,0,20,44,6019,2910
CGCTCGACATAATGAT-1,0,21,45,5963,3006
CCAATTGAATGTTAAT-1,0,20,46,5908,2910
GCTAATACCGAATGCC-1,0,21,47,5852,3006
TTCAACGACCCGACCG-1,0,20,48,5797,2909
TTCCTCGAGGGTGTCT-1,0,21,49,5741,3005
CAACGACCCGTTTACA-1,0,20,50,5686,2909
CTTGTACTTGTTGACT-1,0,21,51,5630,3005
TCTCTAATAGCTGGTA-1,0,20,52,5575,2908
ATTATGCCATAGGGAG-1,0,21,53,5519,3004
GACAACGCAGCTTACG-1,0,20,54,5464,2907
AGATGACTCGCCCACG-1,0,21,55,5408,3004
GTGCGGGTCTCCAAAT-1,0,20,56,5353,2907
GTACGAGATTGCGACA-1,0,21,57,5297,3003
GTATAGGACTCAGTAG-1,0,20,58,5242,2906
TTGCACGGAGCAGCAC-1,0,21,59,5186,3003
CACAGCTAGGGAGTGA-1,0,20,60,5131,2906
ATACTAGCATGACCCT-1,0,21,61,5075,3002
CCAAGACTTCTGCGAA-1,0,20,62,5020,2905
ACATAATAAGGCGGTG-1,0,21,63,4964,3002
TAATACACAGTAGTAT-1,0,20,64,4909,2905
TCTTGGTAACACCAAA-1,0,21,65,4853,3001
AACTGGGTCCCGACGT-1,0,20,66,4798,2904
ATCACTTCATCCTCGC-1,0,21,67,4742,3001
TGGAAGGATAAAGATG-1,0,20,68,4687,2904
CATGATGCACAATTCT-1,0,21,69,4631,3000
TGCCTGATCAAACGAT-1,0,20,70,4576,2903
ATAGGGATATCCTTGA-1,0,21,71,4520,2999
CACCTAATCAGTTTAC-1,0,20,72,4465,2903
TGTGACTACGCCAGTC-1,0,21,73,4409,2999
CCCGACCATAGTCCGC-1,0,20,74,4354,2902
CGCGCCCGACTTAATA-1,0,21,75,4298,2998
TGCCACCTGGCGAAAC-1,0,20,76,4243,2902
CTGCCAAGGTTGGAAG-1,0,21,77,4187,2998
TCTCCAACGTAGGTTA-1,0,20,78,4132,2901
TTCTTGGAGTAATGAG-1,0,21,79,4076,2997
GTCTCGATCTGCTTTC-1,0,20,80,4021,2900
TACTCTCCGAACAAAT-1,0,21,81,3965,2997
ATCACATTAGAATATC-1,0,20,82,3910,2900
TACGGGATGCTAGCAG-1,0,21,83,3854,2996
AGCTGAAGTAAACCAA-1,0,20,84,3799,2899
CATGGGTCGGGTGTGG-1,0,21,85,3743,2996
CACCCACGAGGCAATT-1,0,20,86,3688,2899
TGCCATTACTAAAGAA-1,0,21,87,3632,2995
CCGTTACGTTAGAACA-1,0,20,88,3577,2898
GCCAGGAGTAACCGAT-1,0,21,89,3521,2995
GGAAAGTGCCCATGCC-1,0,20,90,3466,2898
TCTTACCGGAACTCGT-1,0,21,91,3410,2994
TATGTCAAGACCGACT-1,0,20,92,3355,2897
CCTAACTAAGGCTCTA-1,0,21,93,3299,2994
GCGGTGAACTGCGCTC-1,0,20,94,3244,2897
CCTCGCGCGATATAGG-1,0,21,95,3188,2993
ATCGGCAAGCAGTCCA-1,0,20,96,3132,2896
AGATCGTGCATAAGAT-1,0,21,97,3077,2992
ATTCAGGACCTATTTC-1,0,20,98,3021,2896
AGCTAGAAGCAGAAGT-1,0,21,99,2965,2992
TTCGCTATCTGACGTG-1,0,20,100,2910,2895
TTCCGCAGAGAAATAT-1,0,21,101,2854,2991
CAGTACATTCTCTAAA-1,0,20,102,2799,2895
GTGAAGATTTCAAGTG-1,0,21,103,2743,2991
AACGCATGATCTGGGT-1,0,20,104,2688,2894
CCCAGAGGAGGGCGTA-1,0,21,105,2632,2990
GGAAACCTTGTTGAAT-1,0,20,106,2577,2893
GTGAAGCCGTATAGTC-1,0,21,107,2521,2990
GAGCTGTCGTCTCGGA-1,0,20,108,2466,2893
TGTCATTTGTTGGGAA-1,0,21,109,2410,2989
ACCAACACCACACACT-1,0,20,110,2355,2892
AAATGATTCGATCAGC-1,0,21,111,2299,2989
CTGCTTTATGTCCGCG-1,0,20,112,2244,2892
GCGAGAGGCCATGTAA-1,0,21,113,2188,2988
ATTGACCGGCGATGAC-1,0,20,114,2133,2891
ACCCTGGTAACGCCCT-1,0,21,115,2077,2988
GTTGGACCGCATCAGG-1,0,20,116,2022,2891
CGTTTACAAGGCAGCT-1,0,21,117,1966,2987
CGGTCCATGAGACTCC-1,0,20,118,1911,2890
GTTCGTCTGGGTCCCT-1,0,21,119,1855,2986
TGTACTACTCTCACGG-1,0,20,120,1800,2890
AGTGAAGATGGTGTCC-1,0,21,121,1744,2986
GAGGGCCATAATATTA-1,0,20,122,1689,2889
ACTCCCGTAGACTAGG-1,0,21,123,1633,2985
CGTCAAATGGTCGCAG-1,0,20,124,1578,2889
AAGTCTAGTAGCTGCC-1,0,21,125,1522,2985
AAGAAATCACCAGATT-1,0,20,126,1467,2888
GAGTGCACGGACAACA-1,0,21,127,1411,2984
GTTCAAATCAGATGTC-1,0,22,0,8461,3115
CATGGCTCCCTATGTC-1,0,23,1,8405,3212
GGCCACACGAAAGCCT-1,0,22,2,8349,3115
GAAGCCGGGTAAGCTC-1,0,23,3,8294,3211
TTGCGCTCTCTCGCTT-1,0,22,4,8238,3114
TACATGACCTTATCCG-1,0,23,5,8182,3210
GTCCTTCTACAACCCA-1,0,22,6,8127,3114
TATATGCTGGGTTGCC-1,0,23,7,8071,3210
GTTTATGGGATTTAGA-1,0,22,8,8016,3113
GGAACCCGAACAAGAA-1,0,23,9,7960,3209
AACGTTATCAGCACCT-1,0,22,10,7905,3113
CATCGTCCGGTTACTA-1,0,23,11,7849,3209
AGACAGCTCAGAATCC-1,0,22,12,7794,3112
GCAGATCCTCGCAAAT-1,0,23,13,7738,3208
GGGTCATGCGTACCAT-1,0,22,14,7683,3111
CTGGTCATTCCAATCC-1,0,23,15,7627,3208
TCAGGGCGCAAACTCG-1,0,22,16,7572,3111
GATGCCAGCAGAAGGC-1,0,23,17,7516,3207
GTTATTAACGTGGGAG-1,0,22,18,7461,3110
AATACAATGTTTCAGG-1,0,23,19,7405,3207
TTGCTGCACCTATCCA-1,0,22,20,7350,3110
CCAGAGACAAAGCCGG-1,0,23,21,7294,3206
CCGAAGTATATTGTTC-1,0,22,22,7239,3109
GCTAAACCTGAGGTGA-1,0,23,23,7183,3206
TCATACTTACAGATCC-1,0,22,24,7128,3109
CGAGCACTTCAAGTTT-1,0,23,25,7072,3205
TAGCAACCTGTCACAA-1,0,22,26,7017,3108
TGGGAAATGCCTTTCC-1,0,23,27,6961,3205
AGACCATGGGATACAA-1,0,22,28,6906,3108
TAAATGAATCCGTTTC-1,0,23,29,6850,3204
ACAACGGTCCCTGCGA-1,0,22,30,6795,3107
GTCACTCTCCAAATCT-1,0,23,31,6739,3203
TTCTACTTGCGAGGGC-1,0,22,32,6684,3107
CGCAATTACTTTCGGT-1,0,23,33,6628,3203
CTGTTCATCTCACGGG-1,0,22,34,6573,3106
TTCTTGTAACCTAATG-1,0,23,35,6517,3202
GCTTGATGATAATCAG-1,0,22,36,6462,3106
TTGGCTCGCATGAGAC-1,0,23,37,6406,3202
GCCCAGTTGGTATGCC-1,0,22,38,6351,3105
ATTCCTCCGCCAGTGC-1,0,23,39,6295,3201
TCGTCCGCTGGCGTCT-1,0,22,40,6240,3104
GGAGAAGTCATTGGCA-1,0,23,41,6184,3201
TTGTTAGCAAATTCGA-1,0,22,42,6129,3104
TCTAGCATCTTCGATG-1,0,23,43,6073,3200
TTCTAGGCCAATTGTG-1,0,22,44,6018,3103
TCACGGTCATCGCACA-1,0,23,45,5962,3200
ATGAAGCCAAGGAGCC-1,0,22,46,5907,3103
AATGACTGTCAGCCGG-1,0,23,47,5851,3199
CCAAACAGAACCCTCG-1,0,22,48,5796,3102
TATCGATGATTAAACG-1,0,23,49,5740,3199
GAACACACATCAACCA-1,0,22,50,5685,3102
CCCGTCAGCGTCTGAC-1,0,23,51,5629,3198
AGCATCGTCGATAATT-1,0,22,52,5574,3101
GACTAAGATCATGCAC-1,0,23,53,5518,3198
TAGGGTGTTTCAAGAG-1,0,22,54,5463,3101
TGGTTCGTAGCAAAGG-1,0,23,55,5407,3197
CTGTTCACTGCCTGTG-1,0,22,56,5352,3100
ATGTGCATCCGACGCA-1,0,23,57,5296,3196
TTGTCGTTCAGTTACC-1,0,22,58,5241,3100
CGGGATCAATGTAAGA-1,0,23,59,5185,3196
TTATCTGTATCATAAC-1,0,22,60,5130,3099
ATCGACTCTTTCCGTT-1,0,23,61,5074,3195
CTCATTTGATGGGCGG-1,0,22,62,5019,3098
GTAAGCGGGCAGTCAG-1,0,23,63,4963,3195
TCTATCGGTCGCAACA-1,0,22,64,4908,3098
AACGCGGTCTCCAGCC-1,0,23,65,4852,3194
ATTAATACTACGCGGG-1,0,22,66,4797,3097
CTTTAACTTTCAAAGG-1,0,23,67,4741,3194
CGTACCTGATAGGCCT-1,0,22,68,4686,3097
GAATGTTGGGTAATCT-1,0,23,69,4630,3193
TGCGGAGTAAAGGTGC-1,0,22,70,4575,3096
CCTGAATATTTACATA-1,0,23,71,4519,3193
TTGCTCCCATACCGGA-1,0,22,72,4464,3096
CCTCTAATCTGCCAAG-1,0,23,73,4408,3192
AGGTTGAGGCACGCTT-1,0,22,74,4353,3095
TCCCGTCAGTCCCGCA-1,0,23,75,4297,3192
TCCGATGACTGAGCTC-1,0,22,76,4242,3095
CAGCCTCCTGCAGAGG-1,0,23,77,4186,3191
CTTAGCCTTCCACATG-1,0,22,78,4131,3094
ATTAATGAACCAGTCG-1,0,23,79,4075,3190
ACGATACATAGAACTA-1,0,22,80,4020,3094
AGCCACTCCCGTGCTT-1,0,23,81,3964,3190
ATACGGGTTTCGATTG-1,0,22,82,3909,3093
CTGTCAAATGGCTCGG-1,0,23,83,3853,3189
GCTCGGAATTTAAAGC-1,0,22,84,3798,3093
TAGGCATGTTACGCCA-1,0,23,85,3742,3189
TGGCAACTCGCGCGCC-1,0,22,86,3687,3092
ATCAGTAGGCAGGGAT-1,0,23,87,3631,3188
TATCGATCTATGCATA-1,0,22,88,3576,3091
CGACTCAGGATGTTAT-1,0,23,89,3520,3188
GCCATATTGCACACAG-1,0,22,90,3465,3091
AATTCATAAGGGATCT-1,0,23,91,3409,3187
CGGTAGAGGTGCAGGT-1,0,22,92,3354,3090
AATGATGATACGCTAT-1,0,23,93,3298,3187
CTTGTGCTCACCGATT-1,0,22,94,3243,3090
TTCCAATCAGAGCTAG-1,0,23,95,3187,3186
CGATGGACCCTACGCC-1,0,22,96,3132,3089
GGTCGGATAAACGGCG-1,0,23,97,3076,3186
TTAGCTAATACGATCT-1,0,22,98,3021,3089
CTCGATATTTGCGAGC-1,0,23,99,2965,3185
ATTACTTACTGGGCAT-1,0,22,100,2909,3088
CTAGCCGATGTTATGA-1,0,23,101,2854,3185
TACTGCAATCAATTAC-1,0,22,102,2798,3088
TAGTCTGTGACGTTGC-1,0,23,103,2742,3184
CTCGTTTCTAATGTTT-1,0,22,104,2687,3087
TTCGTTCAACGAAGTT-1,0,23,105,2631,3183
CTGAATTTATTGCCAG-1,0,22,106,2576,3087
TGGAATATCCTTGACC-1,0,23,107,2520,3183
CAGATCATTTAAAGTC-1,0,22,108,2465,3086
CTCCTTTACGCAAGTC-1,0,23,109,2409,3182
TCCCAAACAGACAACG-1,0,22,110,2354,3086
ATCGCTGCGTGCAGCA-1,0,23,111,2298,3182
TTAGTTCAAGTGTTCG-1,0,22,112,2243,3085
AAACTCGTGATATAAG-1,0,23,113,2187,3181
TTAACGAACAAGCAGT-1,0,22,114,2132,3084
GTTATATCAGGAGCCA-1,0,23,115,2076,3181
CAAATTGGATTATGCC-1,0,22,116,2021,3084
CGAGGAGCTTCCATAT-1,0,23,117,1965,3180
GGAGACCAATGTGCTT-1,0,22,118,1910,3083
CATTGATGAACACGCC-1,0,23,119,1854,3180
GTCAATGCTATAATTT-1,0,22,120,1799,3083
ACCACCCTCTCTTCTA-1,0,23,121,1743,3179
TGGAGGGAAACACCTC-1,0,22,122,1688,3082
CACGGACGTGGATGGC-1,0,23,123,1632,3179
AACTTTCTCGATCATG-1,0,22,124,1577,3082
CGTATTGTTTCCTAAT-1,0,23,125,1521,3178
CCTACTGCGGCGGCCA-1,0,22,126,1466,3081
CTTAGGTCCCAATCGT-1,0,23,127,1410,3178
CGCAATCGATCATTAG-1,0,24,0,8460,3308
TGGTTATGCTTGCGGT-1,0,25,1,8404,3405
GGCTTGGCTCTCACCT-1,0,24,2,8349,3308
ATTGGTAGGATCCGCT-1,0,25,3,8293,3404
TCAGGGCGACTTCCTT-1,0,24,4,8238,3307
TCTGCAGATTCGAGTC-1,0,25,5,8182,3404
CTCTCGCTGTACTATG-1,0,24,6,8127,3307
AATAGTCGCGAGTCGG-1,0,25,7,8071,3403
AGTTACCCTTAAGACT-1,0,24,8,8015,3306
CTTAAATAAGACCCAT-1,0,25,9,7960,3403
GGTTGTGCTCTTGTCC-1,0,24,10,7904,3306
GTGAGTCTAAGACGGA-1,0,25,11,7848,3402
CGCGACACTGCGCAGC-1,0,24,12,7793,3305
GCTCGCGGTTCCGCTC-1,0,25,13,7737,3401
TTAACTCACGCGTGGA-1,0,24,14,7682,3305
GGAACGGCCTGCAGCC-1,0,25,15,7626,3401
GTAGAAACGGGTGGAG-1,0,24,16,7571,3304
TAATGAAAGACCCTTG-1,0,25,17,7515,3400
AGGCTTGCTAGACACC-1,0,24,18,7460,3304
TTGCGTAGTTTGAGGA-1,0,25,19,7404,3400
CGCCCTTGAAGGCTGA-1,0,24,20,7349,3303
CCCGGTGGAAGAACCT-1,0,25,21,7293,3399
TTAACACCTCGAACAT-1,0,24,22,7238,3302
GATTCCTATACGGCGC-1,0,25,23,7182,3399
TTACCCTAACAGTCCT-1,0,24,24,7127,3302
ACCCACCTACATGCTC-1,0,25,25,7071,3398
AAAGGGCAGCTTGAAT-1,0,24,26,7016,3301
CACACAGGGATAGATT-1,0,25,27,6960,3398
AGAGCGTACAAGCTCG-1,0,24,28,6905,3301
TCTTACGGCATCCGAC-1,0,25,29,6849,3397
GCCTATTCCGATATAG-1,0,24,30,6794,3300
GAAAGTGACTAACTGC-1,0,25,31,6738,3397
CCGGAATGGTTTCAGT-1,0,24,32,6683,3300
AGTATAATACTAGGCA-1,0,25,33,6627,3396
TAACTATCGAAGGTCC-1,0,24,34,6572,3299
ATGAGGAGTGTTAATC-1,0,25,35,6516,3396
TGTGTCGCGAGTTGCA-1,0,24,36,6461,3299
ATCCAACGCAGTCATA-1,0,25,37,6405,3395
AAGGCGCGTAAAGCTT-1,0,24,38,6350,3298
AGTCGGCCCAAACGAC-1,0,25,39,6294,3394
AACGTCAGACTAGTGG-1,0,24,40,6239,3298
ACTACCAGCTCTCTGG-1,0,25,41,6183,3394
GCAAGTGCACAGAGAA-1,0,24,42,6128,3297
ACACCTTAAGTAGGGC-1,0,25,43,6072,3393
TTCGACGGGAAGGGCG-1,0,24,44,6017,3297
TTCGCACTCGCGTGCT-1,0,25,45,5961,3393
TATTTGTTACCCTTTA-1,0,24,46,5906,3296
CGCTGTGACGCCGCAC-1,0,25,47,5850,3392
GTTGCACGGAGTTTCG-1,0,24,48,5795,3295
GTTTCCTGGAGGGTGA-1,0,25,49,5739,3392
ACACCCAGCATGCAGC-1,0,24,50,5684,3295
TCAACCATGTTCGGGC-1,0,25,51,5628,3391
TTACAACTACGCATCC-1,0,24,52,5573,3294
TCCGATGGTGCGACAT-1,0,25,53,5517,3391
GGGCGTACATTTATAT-1,0,24,54,5462,3294
AGCGACCAACGATATT-1,0,25,55,5406,3390
ACACAAAGACGGGTGG-1,0,24,56,5351,3293
ATCGCACGCCGGGAGA-1,0,25,57,5295,3390
GCTCTAAACCCTGACG-1,0,24,58,5240,3293
AATGCAACCGGGTACC-1,0,25,59,5184,3389
TCAAACAACCGCGTCG-1,0,24,60,5129,3292
TATGCTCCCTACTTAC-1,0,25,61,5073,3389
AAAGGGATGTAGCAAG-1,0,24,62,5018,3292
ACGATCATACATAGAG-1,0,25,63,4962,3388
TTGTTCAGTGTGCTAC-1,0,24,64,4907,3291
ATGCATGATCCAGGAT-1,0,25,65,4851,3387
AGTCTTCTCCTCAAAT-1,0,24,66,4796,3291
GATTCCCTTGTCGCAG-1,0,25,67,4740,3387
CTCGCACCTATATAGT-1,0,24,68,4685,3290
ACTCAATAAAGGCACG-1,0,25,69,4629,3386
AACCGAGCTTGGTCAT-1,0,24,70,4574,3289
TAAGGCAACATAAGAT-1,0,25,71,4518,3386
CACGCACAGCGCAGCT-1,0,24,72,4463,3289
GGTTTACAATCTCAAT-1,0,25,73,4407,3385
TGCAGGATCGGCAAAG-1,0,24,74,4352,3288
ATAACGGAGTCCAACG-1,0,25,75,4296,3385
AACGATATGTCAACTG-1,0,24,76,4241,3288
GACAACGACCATTGAA-1,0,25,77,4185,3384
TTGACCATGTTCTCCG-1,0,24,78,4130,3287
AGTACGGGCACCTGGC-1,0,25,79,4074,3384
CGCCATCCGATTATGA-1,0,24,80,4019,3287
AAGGTATCCTAATATA-1,0,25,81,3963,3383
TGTTGTCAAGAAGTCT-1,0,24,82,3908,3286
CAGTGAATAAATGACT-1,0,25,83,3852,3383
CACCTTGCGAAACTCG-1,0,24,84,3797,3286
CATTTAGCGGACCATG-1,0,25,85,3741,3382
CCAGTCTAGACGGCGC-1,0,24,86,3686,3285
TCGCTTTAAACGTTTG-1,0,25,87,3630,3381
GTGAAACGGCGCCACC-1,0,24,88,3575,3285
GGGCTCATCGAACCCA-1,0,25,89,3519,3381
TTGATGTGTAGTCCCG-1,0,24,90,3464,3284
CAGTAGCCCACGCGGT-1,0,25,91,3408,3380
AGCGCGGGTGCCAATG-1,0,24,92,3353,3284
TAATCGATCCGTACGT-1,0,25,93,3297,3380
AGTGGCGGCAATTTGA-1,0,24,94,3242,3283
CCTTTCAATGAAGAAA-1,0,25,95,3186,3379
CTCAGTCACGACAAAT-1,0,24,96,3131,3282
ATAGGCTAGCTTCGCA-1,0,25,97,3075,3379
CGGTTCAAGTAGGTGT-1,0,24,98,3020,3282
CAGTCGAGGATGCAAT-1,0,25,99,2964,3378
TATCACCCAACCGACC-1,0,24,100,2909,3281
AATGATGCGACTCCTG-1,0,25,101,2853,3378
TGGAACCACTGACACA-1,0,24,102,2798,3281
GCCAATAGGGCATCTC-1,0,25,103,2742,3377
TTCTTTGGTCGCGACG-1,0,24,104,2687,3280
ATTAGATTCCTCAGCA-1,0,25,105,2631,3377
CCGTGGAACGATCCAA-1,0,24,106,2575,3280
GGGTCGTGGCAAGTGT-1,0,25,107,2520,3376
TCGCTCGGCACCAGCG-1,0,24,108,2464,3279
ACGCAATCACTACAGC-1,0,25,109,2408,3376
CTCTAATGCATTGATC-1,0,24,110,2353,3279
GTCTCGACTAAGTTTG-1,0,25,111,2297,3375
TGGTTTAAACGTGGGT-1,0,24,112,2242,3278
CGCAGATCTTCACCCG-1,0,25,113,2186,3374
TCCAGATGTACGCCAA-1,0,24,114,2131,3278
CATTGCGGGTCAATTC-1,0,25,115,2075,3374
GACGTTCGTAAATACA-1,0,24,116,2020,3277
TACACCGTCGTTAGTC-1,0,25,117,1964,3373
ACGGGCGTATGCGACA-1,0,24,118,1909,3277
GAAGGCTACCATTGTT-1,0,25,119,1853,3373
TAAATCTTTACACCTC-1,0,24,120,1798,3276
AGTTTATGTAAAGACA-1,0,25,121,1742,3372
AGGAGACATCCACAGT-1,0,24,122,1687,3275
CAACCTGAACCTGCCA-1,0,25,123,1631,3372
AGTCCCTCGCAGAAAG-1,0,24,124,1576,3275
TGTATACGGATGATGA-1,0,25,125,1520,3371
TTGTGGTATAGGTATG-1,0,24,126,1465,3274
TCTGCACCATTAGTAA-1,0,25,127,1409,3371
AAATGTATCTTATCCC-1,0,26,0,8459,3502
ACTCTAAACCTGGGAT-1,0,27,1,8403,3598
GCTGGCAGGTGCCGTG-1,0,26,2,8348,3501
CTCATTCGTGAACATC-1,0,27,3,8292,3597
TCGCCGGATGGGCAAG-1,0,26,4,8237,3501
GGACTAAGTCAGGAGT-1,0,27,5,8181,3597
TATCAAAGGTCTGTAA-1,0,26,6,8126,3500
TTCAGTTTGTGGCAGC-1,0,27,7,8070,3596
TGTTCATAAATGTGCT-1,0,26,8,8015,3499
CTTAGCCCGGATAGTG-1,0,27,9,7959,3596
GATGCGAATGGTATTA-1,0,26,10,7904,3499
TCTAACTGTATGTAAA-1,0,27,11,7848,3595
TTAAACCTGGTTCCTT-1,0,26,12,7793,3498
GCTAAGTAAAGGCGAT-1,0,27,13,7737,3595
AGTTACCGCACATGGT-1,0,26,14,7681,3498
GACTGCGGCACGTGTA-1,0,27,15,7626,3594
TGGTGATCGTATTTGT-1,0,26,16,7570,3497
TTATCGCCTGCGAAGC-1,0,27,17,7514,3594
TGGAATTAGACGCTTT-1,0,26,18,7459,3497
TCGTCACACTGTTAGC-1,0,27,19,7403,3593
TTATGTTTGCGATAGA-1,0,26,20,7348,3496
GGTGCTGATCACAAAG-1,0,27,21,7292,3593
CATAGCCGCCCGGGAT-1,0,26,22,7237,3496
GGTTAGTTACGGCGCC-1,0,27,23,7181,3592
ATTCCCACATAAACAA-1,0,26,24,7126,3495
ATTCAGTAGCAGGGTC-1,0,27,25,7070,3591
CAGTTCCGCGGGTCGA-1,0,26,26,7015,3495
AAGAGATGAATCGGTA-1,0,27,27,6959,3591
CGCAATTCTACAATAA-1,0,26,28,6904,3494
TAACGCTTTGAGAGCG-1,0,27,29,6848,3590
AGGCTATGGTTAGCTT-1,0,26,30,6793,3493
GAGGAATGGAGAGGTT-1,0,27,31,6737,3590
TCCTCTACGAGATGGC-1,0,26,32,6682,3493
TTGATTATGCAGATGA-1,0,27,33,6626,3589
TCAGTACTGACCCGCG-1,0,26,34,6571,3492
TTATGACAAACTGGAT-1,0,27,35,6515,3589
GTAAGTAGGGTATACC-1,0,26,36,6460,3492
CGCAAACACGAGTTAC-1,0,27,37,6404,3588
TGGCCGTATATTGACC-1,0,26,38,6349,3491
ACTGTAGCACTTTGGA-1,0,27,39,6293,3588
GCTCTATGTTACGTGC-1,0,26,40,6238,3491
TGCGCGATTAACGGAG-1,0,27,41,6182,3587
GAATCGACATGGTCAC-1,0,26,42,6127,3490
GACTAAGTAGGCTCAC-1,0,27,43,6071,3587
ATCTTGACCTGCAACG-1,0,26,44,6016,3490
ATGCACTACCGCATTG-1,0,27,45,5960,3586
CAGATACTAACATAGT-1,0,26,46,5905,3489
GATCGACACTATCTGA-1,0,27,47,5849,3585
ATAGAGTACTGGGACA-1,0,26,48,5794,3489
CCTACTGCTTACACTT-1,0,27,49,5738,3585
CCTGCTATTTGAGAAG-1,0,26,50,5683,3488
CGCGTTCATGAAATAC-1,0,27,51,5627,3584
CATTATGCTTGTTGTG-1,0,26,52,5572,3488
CCAGGGACGTGGCCTC-1,0,27,53,5516,3584
TATGGATGTGCTACGC-1,0,26,54,5461,3487
GTACTAAGATTTGGAG-1,0,27,55,5405,3583
AGACCCGCCCTCCTCG-1,0,26,56,5350,3486
CGCATTAGCTAATAGG-1,0,27,57,5294,3583
GCTCTCGGGTACCGAA-1,0,26,58,5239,3486
CACCGCCAGAAGGTTT-1,0,27,59,5183,3582
TCCCAAAGACGAAGGA-1,0,26,60,5128,3485
ATGGATTGACCAAACG-1,0,27,61,5072,3582
GTCATGGACATGACTA-1,0,26,62,5017,3485
CTACTGCCACCTGACC-1,0,27,63,4961,3581
TTATATTTGGCAATCC-1,0,26,64,4906,3484
AGCACCAGTACTCACG-1,0,27,65,4850,3581
CATGGTCTAGATACCG-1,0,26,66,4795,3484
TCTACCGTCCACAAGC-1,0,27,67,4739,3580
CTAGTTGGGCCCGGTA-1,0,26,68,4684,3483
TCCCGCGTACTCCTGG-1,0,27,69,4628,3580
CAGAGCATGAGCTTGC-1,0,26,70,4573,3483
ACACGGGAACTTAGGG-1,0,27,71,4517,3579
GGCTCTGCTCCAACGC-1,0,26,72,4462,3482
AGAACGTGGTACATTC-1,0,27,73,4406,3578
CAATAAACCTTGGCCC-1,0,26,74,4351,3482
ACTTCGCCATACGCAC-1,0,27,75,4295,3578
ATCTGGTTAAGACTGT-1,0,26,76,4240,3481
TCGTAAGACGACATTG-1,0,27,77,4184,3577
GTGTACCTTGGCTACG-1,0,26,78,4129,3481
GCCCGTAATACCTTCT-1,0,27,79,4073,3577
CGGTCAAGTGGGAACC-1,0,26,80,4018,3480
TTGTAAGGCCAGTTGG-1,0,27,81,3962,3576
GGAGCACCAAGAACTA-1,0,26,82,3907,3479
TAATAGTGACGACCAG-1,0,27,83,3851,3576
CTAAATCCTATTCCGG-1,0,26,84,3796,3479
CGAGTTCTGTCCCACC-1,0,27,85,3740,3575
AGGCAGATGCGTAAAC-1,0,26,86,3685,3478
AAGGATGAGGGACCTC-1,0,27,87,3629,3575
AGAGAACCGTCTAGGA-1,0,26,88,3574,3478
GAGGGCGCAGCTCTGC-1,0,27,89,3518,3574
AAGATTGGCGGAACGT-1,0,26,90,3463,3477
CCAGTAGTCTGATCCA-1,0,27,91,3407,3574
AAGGGACAGATTCTGT-1,0,26,92,3352,3477
ATAGAGTTATCAACTT-1,0,27,93,3296,3573
AAATTACCTATCGATG-1,0,26,94,3241,3476
GATCCTAAATCGGGAC-1,0,27,95,3185,3573
TTACAGACCTAAATGA-1,0,26,96,3130,3476
CCTCACCTTAGCATCG-1,0,27,97,3074,3572
CATGCGACCAGTTTAA-1,0,26,98,3019,3475
AACATATCAACTGGTG-1,0,27,99,2963,3571
CTATAAGAGCCAATCG-1,0,26,100,2908,3475
AATATCGAGGGTTCTC-1,0,27,101,2852,3571
GTACTCCTGGGTATGC-1,0,26,102,2797,3474
ATAAGTAGGATTCAGA-1,0,27,103,2741,3570
AGGTCGCGGAGTTACT-1,0,26,104,2686,3473
CTAATTCTCAGATATT-1,0,27,105,2630,3570
GCCAACCATTTCCGGA-1,0,26,106,2575,3473
TGATCCCAGCATTAGT-1,0,27,107,2519,3569
CGTTGTAAGATTGATT-1,0,26,108,2464,3472
GAAACCATGGTGCGCT-1,0,27,109,2408,3569
AATCTATGCCGGAGCC-1,0,26,110,2353,3472
GACTCCCAGAATAAGG-1,0,27,111,2297,3568
TATGATCCGGCACGCC-1,0,26,112,2241,3471
CCGCTTGCTGACATGG-1,0,27,113,2186,3568
TGGTTAAGGGCGCTGG-1,0,26,114,2130,3471
TTGATAGTCAATACAT-1,0,27,115,2074,3567
GGTTTAATTGAGCAGG-1,0,26,116,2019,3470
CATTACATAGATTGTG-1,0,27,117,1963,3567
GGTACACCAGATTTAT-1,0,26,118,1908,3470
GGCCCGTATACCATGC-1,0,27,119,1852,3566
ATCTTTCGTATAACCA-1,0,26,120,1797,3469
GAGATGACAATCCTTA-1,0,27,121,1741,3565
AAAGCTTGCCTACATA-1,0,26,122,1686,3469
GAACGATAAGTTAAAG-1,0,27,123,1630,3565
TAATAGCTAAATGATG-1,0,26,124,1575,3468
TATGGCTAGGCTAATT-1,0,27,125,1519,3564
AGGAGAGTCTGGCTAC-1,0,26,126,1464,3468
TGCTCTGCCGGTTCAC-1,0,27,127,1408,3564
CCAATAGATTTCATCT-1,0,28,0,8458,3695
GGGCACGAATTGGCCG-1,0,29,1,8402,3791
TCGTTGACAGGGTCCC-1,0,28,2,8347,3694
ATCGTATTCCGAGAAC-1,0,29,3,8291,3791
GGGAATTCTGTCCAGT-1,0,28,4,8236,3694
ACGCGTTTCTTAAGAG-1,0,29,5,8180,3790
GAGAGCGCAGTCCCTG-1,0,28,6,8125,3693
GTCCTATTGTTGTGGT-1,0,29,7,8069,3789
CATCTGCAGGATCATT-1,0,28,8,8014,3693
GAGTCGACAGACCCTC-1,0,29,9,7958,3789
AAGTGCAAAGGTAGAC-1,0,28,10,7903,3692
AGGGTGGATAGTGCAT-1,0,29,11,7847,3788
TGATAGCGGGATTCTA-1,0,28,12,7792,3692
GTCAGTTTGGTAGTCG-1,0,29,13,7736,3788
GCATTCGAAATGAACA-1,0,28,14,7681,3691
AAAGACTGGGCGCTTT-1,0,29,15,7625,3787
TAACAATATTTGTTGC-1,0,28,16,7570,3690
CCAGCTTCCGCCCGCA-1,0,29,17,7514,3787
GATATGGATTACGCGG-1,0,28,18,7459,3690
AGAGCAGTTATGAGAC-1,0,29,19,7403,3786
TCACATCTTATCTGAT-1,0,28,20,7347,3689
TATGAAGACAGGTGCG-1,0,29,21,7292,3786
TACCTGCTGCACTGTG-1,0,28,22,7236,3689
TAGGTCCAAGTAAGGA-1,0,29,23,7180,3785
GAAACTCGTGCGATGC-1,0,28,24,7125,3688
AACAATTACTCTACGC-1,0,29,25,7069,3785
CCGCACGTGACCTCGG-1,0,28,26,7014,3688
AACTTGCCCGTATGCA-1,0,29,27,6958,3784
GGGTATGTATGCACTT-1,0,28,28,6903,3687
TTCGTACTCCAGAACG-1,0,29,29,6847,3784
GAATTTCTCGCTGCAG-1,0,28,30,6792,3687
AACAGGATGGGCCGCG-1,0,29,31,6736,3783
GACGTGTAGGGATTAT-1,0,28,32,6681,3686
TAGGTGAGCCCTACTC-1,0,29,33,6625,3782
CTAATTCGCACGCGCT-1,0,28,34,6570,3686
GAAGCTTGCTGACCGC-1,0,29,35,6514,3782
GGTTAGGCTTGGAGAA-1,0,28,36,6459,3685
ACAAGGACAAGAGGTT-1,0,29,37,6403,3781
AGGCCACCCGTTATGA-1,0,28,38,6348,3684
GTGGGCTTAGACACAC-1,0,29,39,6292,3781
CGTGTCCCATTCGCGA-1,0,28,40,6237,3684
TGGAGTGATGCGATGA-1,0,29,41,6181,3780
AACAACTGGTAGTTGC-1,0,28,42,6126,3683
CCTGGCTAGACCCGCC-1,0,29,43,6070,3780
CGCAATTAGGGTAATA-1,0,28,44,6015,3683
TCGAAATTTAGGACCA-1,0,29,45,5959,3779
AGACTAGCCTTCCAGA-1,0,28,46,5904,3682
TTGATCTAACTTTGTC-1,0,29,47,5848,3779
AAGGAGCGGTTGGTGC-1,0,28,48,5793,3682
ACTTGGGACCCGGTGG-1,0,29,49,5737,3778
TGATCTCCGGCGCCAG-1,0,28,50,5682,3681
CAGTTCAAATTGACAC-1,0,29,51,5626,3778
GTCCGGCTGAATTGCG-1,0,28,52,5571,3681
CTGGAAATGGATGCTT-1,0,29,53,5515,3777
TGATCGGTTTGACCCT-1,0,28,54,5460,3680
TAGAGTCTAAGCGAAC-1,0,29,55,5404,3776
GAGACTGATGGGTAGA-1,0,28,56,5349,3680
TAGCTAAGTCCGGGAG-1,0,29,57,5293,3776
GGGCGATATGTGTGAA-1,0,28,58,5238,3679
CTCGAGGTCGAACAGT-1,0,29,59,5182,3775
GATCCCTTTATACTGC-1,0,28,60,5127,3679
GTCATGCACCTCCGTT-1,0,29,61,5071,3775
ACTTTCCTATAGCTTC-1,0,28,62,5016,3678
TCGCTCGATATATTCC-1,0,29,63,4960,3774
ATAGGTTGGGCAGATG-1,0,28,64,4905,3677
CAATTAAGGGTGATGA-1,0,29,65,4849,3774
ACCGACTGAGTCCCAC-1,0,28,66,4794,3677
CCTGTCACCCGGGCTC-1,0,29,67,4738,3773
GATCGGTGGCCATAAC-1,0,28,68,4683,3676
CCTATGGGTTACCGTC-1,0,29,69,4627,3773
TTGGGACACTGCCCGC-1,0,28,70,4572,3676
CGAGGCTAAATATGGC-1,0,29,71,4516,3772
TCAGGGTGTAACGTAA-1,0,28,72,4461,3675
CGAGAGATGTGAACCT-1,0,29,73,4405,3772
TCGCTGGGCGGATTGT-1,0,28,74,4350,3675
AGATCTCAGGTGTGAT-1,0,29,75,4294,3771
TGGCCAAACTGAAGTA-1,0,28,76,4239,3674
GCTTCCGTCCCTAGAC-1,0,29,77,4183,3771
CAGCAGCCCGTTCCTT-1,1,28,78,4128,3674
TGTATAACAGATCCTG-1,1,29,79,4072,3770
CGCGGGAATTAGGCAG-1,1,28,80,4017,3673
TGCATGTGGTAATCTA-1,1,29,81,3961,3769
ACAATTTGAGCAGTGG-1,1,28,82,3906,3673
GAGCTAAGGGCATATC-1,1,29,83,3850,3769
CCAGATAGTTGAGTGA-1,0,28,84,3795,3672
CCACAATGTACGTCTT-1,1,29,85,3739,3768
CAATGGATCTCTACCA-1,0,28,86,3684,3672
TGTGGCAAAGCGTATG-1,0,29,87,3628,3768
TAAAGCGTTAGGAGAA-1,0,28,88,3573,3671
TCCGTTTAGCCTTGAA-1,0,29,89,3517,3767
CAGCTCGACAAGTTAA-1,0,28,90,3462,3670
GCCTATAGTGTCAGGG-1,0,29,91,3406,3767
ATAGACAACGGGACCT-1,0,28,92,3351,3670
CTACTATCTTTCAGAG-1,0,29,93,3295,3766
GCGCTGCTTTGCATTT-1,0,28,94,3240,3669
GCGCATCCAGTCAGCA-1,0,29,95,3184,3766
GACTCGCGGGAATGAC-1,0,28,96,3129,3669
CTGGTAACGAGCTCTT-1,0,29,97,3073,3765
TCCGGCCTAGCGTACA-1,0,28,98,3018,3668
TCTAGGTGGCGACGCT-1,0,29,99,2962,3765
ACGCTAGTGATACACT-1,0,28,100,2907,3668
ATCTGCACCTCTGCGA-1,0,29,101,2851,3764
CCTCACCTGAGGGAGC-1,0,28,102,2796,3667
AGTGAGCCTCGCCGCC-1,0,29,103,2740,3764
ACGAGTACGGATGCCC-1,0,28,104,2685,3667
GGTACCATTAAGACGG-1,0,29,105,2629,3763
TTCTGCTAGACTCCAA-1,0,28,106,2574,3666
TAACTATTACGCCAAA-1,0,29,107,2518,3762
GCATTCAAGGCAACGC-1,0,28,108,2463,3666
AGTACATCATTTATCA-1,0,29,109,2407,3762
GTCGTGTCTGGTCATC-1,0,28,110,2352,3665
AGTCTAAAGTATACTC-1,0,29,111,2296,3761
CGGCCCAACCTGTAGT-1,0,28,112,2241,3664
AGGGAGACATACTTCG-1,0,29,113,2185,3761
TCCCTAGATCAATAGG-1,0,28,114,2130,3664
TCCCGTCGCGTCATAG-1,0,29,115,2074,3760
CGCATCCATCAGCCAG-1,0,28,116,2019,3663
CTGCACCTAGTCCACA-1,0,29,117,1963,3760
CGAGGATCGGGAACGA-1,0,28,118,1907,3663
CAATGAGGTTCGACTA-1,0,29,119,1852,3759
TCTGACGGGCTAACCC-1,0,28,120,1796,3662
TTCTATGCCTTTCGCA-1,0,29,121,1740,3759
AGAGTATAGTGTTACG-1,0,28,122,1685,3662
CCATTGTTTCCTCCAT-1,0,29,123,1629,3758
CTCATCACTTAGTGAT-1,0,28,124,1574,3661
CCGAAGGGCGTACCGC-1,0,29,125,1518,3758
TCAAGCTGCCTTGAAA-1,0,28,126,1463,3661
CTCATTAACGTTGCCC-1,0,29,127,1407,3757
GTCTTCCTCACCTAAG-1,0,30,0,8457,3888
GGTGATGAAGGAAGTG-1,0,31,1,8401,3984
TCAATACAATTGCTGC-1,0,30,2,8346,3887
GCAACCCAAGTTGTTT-1,0,31,3,8290,3984
ATGAAGTGGACCCAGC-1,0,30,4,8235,3887
GAGAATCTCACGATCA-1,0,31,5,8179,3983
TATATCATTGATCAGT-1,0,30,6,8124,3886
AACTTTACGGGAGCTT-1,0,31,7,8068,3983
TTCTTGTGTCCATCAG-1,0,30,8,8013,3886
ACAATTTAGGAGGCTC-1,0,31,9,7957,3982
ATACTTGTTCTCGAGC-1,0,30,10,7902,3885
CACGGGATTGAGGGTT-1,0,31,11,7846,3982
GTTAATGTCTATCTTA-1,0,30,12,7791,3885
GCGTTATATTTGGAAC-1,0,31,13,7735,3981
CGTCAAGGCTATAAAT-1,0,30,14,7680,3884
TTAGCTCTGTAATCCG-1,0,31,15,7624,3980
AATGGTCCACCGTTCA-1,0,30,16,7569,3884
GTCATTGCATTGACCC-1,0,31,17,7513,3980
TGTCCGTGGCGCCTTT-1,0,30,18,7458,3883
TCAACTAACGTATAAC-1,0,31,19,7402,3979
TCCTCTCCAGTTGTCC-1,0,30,20,7347,3883
TGTGTTCGTATCCAAG-1,0,31,21,7291,3979
CCGCGTAGGTAAGGGC-1,0,30,22,7236,3882
CTGCGGGTGAAATGTT-1,0,31,23,7180,3978
TATCTACAGAGGTAAT-1,0,30,24,7125,3881
CTACTCTAGGCCCGGC-1,0,31,25,7069,3978
ACAAGCAGTGCCTAGC-1,0,30,26,7013,3881
TACAAGTCTCGTGCAT-1,0,31,27,6958,3977
TCGGAATGCGCTCTGA-1,0,30,28,6902,3880
TCGCGTCCAGAAGGTC-1,0,31,29,6846,3977
TATGGCCCGGCCTCGC-1,0,30,30,6791,3880
GCTGGCATATTCACCT-1,0,31,31,6735,3976
GTCAGAATAGTCTATG-1,0,30,32,6680,3879
GGCGTCCTATCCGCTG-1,0,31,33,6624,3976
CGGAGTTTGAGAGACA-1,0,30,34,6569,3879
AGCACTTAAGGACGCC-1,0,31,35,6513,3975
TCCACAATGGTTTACG-1,0,30,36,6458,3878
CCAACGATGCACTGAT-1,0,31,37,6402,3975
ATTTACAGTTTACTGG-1,0,30,38,6347,3878
CCCTGAAATGAGTTGA-1,0,31,39,6291,3974
CAAACGGTCGCACTTT-1,0,30,40,6236,3877
TGATTCGTCTATCACT-1,0,31,41,6180,3973
TCAGGTTCTTTGAGAA-1,0,30,42,6125,3877
CACGCAGCGAGGCTTT-1,0,31,43,6069,3973
TTAAGCGCCTGACCCA-1,0,30,44,6014,3876
CTTACACGGTATTCCA-1,0,31,45,5958,3972
AAGGCTGTGCTCATCG-1,0,30,46,5903,3876
GACCAGAGCCCTGTAG-1,0,31,47,5847,3972
TCCCAGGCTTAGCTAA-1,0,30,48,5792,3875
ATTGAAGATCTTAGTG-1,0,31,49,5736,3971
AGTTCCTACAGAATTA-1,0,30,50,5681,3874
GGGCTGGTTAGTCGCG-1,0,31,51,5625,3971
GAAATGGCGGTGTTAG-1,0,30,52,5570,3874
TACGAACACGACTTCA-1,0,31,53,5514,3970
ACCACAAGTTTCTATC-1,0,30,54,5459,3873
ATATTTAACCCTCAAG-1,0,31,55,5403,3970
GATCATTCCAAACATT-1,0,30,56,5348,3873
TCCAGGCGAGTACGGT-1,0,31,57,5292,3969
GTTTGACCAAATCCTA-1,0,30,58,5237,3872
CACAGCACCCACGGCA-1,0,31,59,5181,3969
TGCAAGAATGACGTAA-1,0,30,60,5126,3872
GCGAAGCCATACCCGT-1,0,31,61,5070,3968
TCCTTTCTTACGCTTA-1,0,30,62,5015,3871
GCTGCTCTCCGGACAC-1,0,31,63,4959,3968
ACTGTCTTCTTTAGAA-1,0,30,64,4904,3871
TCAAACTTAGATTGTT-1,0,31,65,4848,3967
CTATGTCACTAGCCCA-1,0,30,66,4793,3870
TGCGCAAAGCATTTGG-1,0,31,67,4737,3966
TTAATGTAGACCAGGT-1,0,30,68,4682,3870
GGCGGTAGGATCATTG-1,0,31,69,4626,3966
GGCAATAGTCAATGAG-1,0,30,70,4571,3869
ACACGAGACTCCTTCT-1,0,31,71,4515,3965
GACACAAGGGAAGAAA-1,0,30,72,4460,3868
TCAGCAAATGCATCTC-1,1,31,73,4404,3965
GAGATCTGTCACTCCG-1,0,30,74,4349,3868
ATGCCGGTCTTGCATA-1,1,31,75,4293,3964
TTGGGCGGCGGTTGCC-1,1,30,76,4238,3867
TTGTTGTGTGTCAAGA-1,1,31,77,4182,3964
ACTGTACGATACACAT-1,1,30,78,4127,3867
TCCACTTTATCTAGGT-1,1,31,79,4071,3963
GGTCTGAGAATCTGGA-1,1,30,80,4016,3866
TAGAAAGGTGGCGCTA-1,1,31,81,3960,3963
TATGTCTCATTGTGCC-1,1,30,82,3905,3866
GGATTTCACTTCTATA-1,1,31,83,3849,3962
TGAGTGGTCCGTGACG-1,1,30,84,3794,3865
CGCTTTCTTGCATTCG-1,1,31,85,3738,3962
ACCCAACGCCCGTGGC-1,1,30,86,3683,3865
GAACGTCTCATGGTCG-1,0,31,87,3627,3961
AGGGTTCCCTTTGGTT-1,0,30,88,3572,3864
GTAGCTTCCTCTTGTT-1,0,31,89,3516,3960
GCATGAGGGACGCGGC-1,0,30,90,3461,3864
CTACCCTAAGGTCATA-1,0,31,91,3405,3960
TCACCGCTCGGCACTC-1,0,30,92,3350,3863
GGCTCGCGTTGAGGTA-1,0,31,93,3294,3959
CTAACGAAACTTGCTG-1,0,30,94,3239,3863
TTAAACTCGAATTCAT-1,0,31,95,3183,3959
TACTTTACTGAGCCGG-1,0,30,96,3128,3862
GCTTGGATCGATTAGG-1,0,31,97,3072,3958
CGGTTATCCAACAGTG-1,0,30,98,3017,3861
CAGACCTGTAAGTGTT-1,0,31,99,2961,3958
GACGGTCAATAGAAGC-1,0,30,100,2906,3861
CTGACTGCGCAGCTCG-1,0,31,101,2850,3957
CCATACCTTTACTTGT-1,0,30,102,2795,3860
GTAATAAAGGGCTCCC-1,0,31,103,2739,3957
GTGAACTCCCATTCGA-1,0,30,104,2684,3860
GTGGTTACTTCTTTCG-1,0,31,105,2628,3956
TCAGAACCTCCACAGG-1,0,30,106,2573,3859
TCCCACTCTCTTCCGG-1,0,31,107,2517,3956
ATCTTGACTTGTCCAA-1,0,30,108,2462,3859
TCGGGAACGTGCCTAG-1,0,31,109,2406,3955
GTTAGCCGTAAATCAA-1,0,30,110,2351,3858
ATTTACTAAGTCCATT-1,0,31,111,2295,3955
GGGTGCATATGAAAGC-1,0,30,112,2240,3858
TCCGAATGGTCCTGAG-1,0,31,113,2184,3954
TGATGGCTGTTTCTGA-1,0,30,114,2129,3857
AAATAAGGTAGTGCCC-1,0,31,115,2073,3953
CCACTATCCGGGTCAC-1,0,30,116,2018,3857
ACACCACATAATTAGC-1,0,31,117,1962,3953
CGCGGTAAGTCTAGCT-1,0,30,118,1907,3856
GCGGGCATTACGATGC-1,0,31,119,1851,3952
AGGATTGCTTACGACA-1,0,30,120,1796,3856
CTCGGGATAACACCTA-1,0,31,121,1740,3952
GTCGTCTGGTTGGCTA-1,0,30,122,1685,3855
GCAATTAGTCGCACCG-1,0,31,123,1629,3951
GTGACCTAAAGAATAA-1,0,30,124,1573,3854
CTGAGCGAGACTTATT-1,0,31,125,1518,3951
CAAGACTCAGAAGCGC-1,0,30,126,1462,3854
ACTTCGCTAGCGAGTG-1,0,31,127,1406,3950
CCATACTCGCCTCTCC-1,0,32,0,8456,4081
ACGATACCTATCCTGA-1,0,33,1,8400,4177
CTCACCAGTACAAGTG-1,0,32,2,8345,4081
CGAAGACGGTGAGTGC-1,0,33,3,8289,4177
AAATTAATAAGCGCGA-1,0,32,4,8234,4080
GGGCCCTTATCTATAC-1,0,33,5,8178,4176
CTGCCCACGAAGCGTT-1,0,32,6,8123,4079
GGACAAGTTGCAGTGA-1,0,33,7,8067,4176
GTCCGAGAGCAATCAT-1,0,32,8,8012,4079
ATGGCAGCCGAGAAAC-1,0,33,9,7956,4175
CCTCGGATGCTACCTG-1,0,32,10,7901,4078
ATACGGTGAAGATGCA-1,0,33,11,7845,4175
ACATCAGCTGGGACGC-1,0,32,12,7790,4078
GGTTGTGTAGCCTGGC-1,0,33,13,7734,4174
CCTGCGTTCTACGCTT-1,0,32,14,7679,4077
GAACGTTAGGAAGACG-1,0,33,15,7623,4174
CTGATAGTGTATCTCA-1,0,32,16,7568,4077
TTCTGCGAGCGCCCTT-1,0,33,17,7512,4173
CTTTGGCGCTTTATAC-1,0,32,18,7457,4076
TCCGAACTTGGCTTAC-1,0,33,19,7401,4173
TAGATTCCTGGTTATT-1,0,32,20,7346,4076
CCGACAAAGGGAGTGC-1,0,33,21,7290,4172
CCATGGCCCTTGTACC-1,0,32,22,7235,4075
GAAATATCACCATCAG-1,0,33,23,7179,4171
ACGAAATGGGCGGCAC-1,0,32,24,7124,4075
GTGAGCGTGCTGCACT-1,0,33,25,7068,4171
CCGCGGGTACGAAGAA-1,0,32,26,7013,4074
TCCCTGGCTCGCTGGA-1,0,33,27,6957,4170
CAGCTTAGTAGGTAGC-1,0,32,28,6902,4074
CACGAAAGTTAGTCCC-1,0,33,29,6846,4170
ACCTAATCGACTTCCT-1,0,32,30,6791,4073
AAGTAGTGACGCGAGG-1,0,33,31,6735,4169
TCCGATTACATTGCCG-1,0,32,32,6679,4072
CCTCCGACAATTCAAG-1,0,33,33,6624,4169
GTTCACAGGAGTCTAG-1,0,32,34,6568,4072
CGAAGTTGCTCTGTGT-1,0,33,35,6512,4168
GTCGGATATCTCAGAC-1,0,32,36,6457,4071
CGCTCTCCGTAGATTA-1,0,33,37,6401,4168
CAAGCAACGTCGGAGT-1,0,32,38,6346,4071
CCATTCCCTGCCCACA-1,0,33,39,6290,4167
CTTTGGCTTTAGTAAA-1,0,32,40,6235,4070
GGCTATTAAGTTGTAT-1,0,33,41,6179,4167
CCATTAGCGATAATCC-1,0,32,42,6124,4070
TGTTCTTCCATTGACT-1,0,33,43,6068,4166
AGATAACTTCAGGGCC-1,0,32,44,6013,4069
ATAGACGAAGAGAAAG-1,0,33,45,5957,4166
GGCGGAGTAATATTAG-1,0,32,46,5902,4069
TGACCCACGTTAGACA-1,0,33,47,5846,4165
TCACAGGTTATTGGGC-1,0,32,48,5791,4068
TCACGCATTGTAGATC-1,0,33,49,5735,4164
TTGAAGAATTCCCAGG-1,0,32,50,5680,4068
AAATGGTCAATGTGCC-1,0,33,51,5624,4164
TAGTGCCCTCCAGAGT-1,0,32,52,5569,4067
GGTATTGCCGAGTTTA-1,0,33,53,5513,4163
CGTATTAAGAGATCTA-1,0,32,54,5458,4067
ACTGTCCAGGATTATA-1,0,33,55,5402,4163
CGGGCAGCTAAACCGC-1,0,32,56,5347,4066
TTGCTGATCATGTTCG-1,0,33,57,5291,4162
TATGGGTACGTATCGT-1,0,32,58,5236,4065
CAGCTCACTGAGACAT-1,0,33,59,5180,4162
GGGACTGCATAGATAG-1,0,32,60,5125,4065
ACGCATTCGTGAGTAC-1,0,33,61,5069,4161
CTCTGGACGCCTGGTG-1,0,32,62,5014,4064
AGGGTTTAGTTCGGGA-1,0,33,63,4958,4161
GGGAGAACTCACAGTA-1,0,32,64,4903,4064
ATCAATCTGGGCTGCA-1,1,33,65,4847,4160
TCTTCGATACCAATAA-1,0,32,66,4792,4063
ACGTAGATTGCTGATG-1,1,33,67,4736,4160
TCTTGATGCGTAGCGA-1,1,32,68,4681,4063
GGGCTGCCTAGGGCGA-1,1,33,69,4625,4159
CTCTCACAATCGATGA-1,1,32,70,4570,4062
CCAAGCGTAACTCGTA-1,1,33,71,4514,4159
ACAACAGCATGAGCTA-1,1,32,72,4459,4062
GTCCCAACGTAAAGTA-1,1,33,73,4403,4158
TCGGAGTACATGAGTA-1,1,32,74,4348,4061
GGGAGTTAATGAGGCG-1,1,33,75,4292,4157
CCGGGCGGTCTCGTCA-1,1,32,76,4237,4061
CCGTAAGTTGGTCCCA-1,1,33,77,4181,4157
GGAGGGCTTGGTTGGC-1,1,32,78,4126,4060
TCGGACGCCCAGCCCA-1,1,33,79,4070,4156
TCTGTGCCATCATAGT-1,1,32,80,4015,4059
GTACTGGAGTTAGACC-1,1,33,81,3959,4156
GGAATGCGCTAGCGTG-1,1,32,82,3904,4059
GTGTGAATAACTTAGG-1,1,33,83,3848,4155
GGTCGGCCAGGAGCTT-1,1,32,84,3793,4058
TAGCCGGCGGTCAGCG-1,1,33,85,3737,4155
CGGGTGTACCCATTTA-1,1,32,86,3682,4058
AGTGATTCAAGCAGGA-1,0,33,87,3626,4154
GTTGGATTGAGAACAC-1,0,32,88,3571,4057
CACACGCGCTGTCTTA-1,0,33,89,3515,4154
TAGACGCCCGTACCGG-1,0,32,90,3460,4057
GGTTTCAATCGGTCAG-1,0,33,91,3404,4153
AATCTGCGTTGGGACG-1,0,32,92,3349,4056
TTACGGATGGTTCGAG-1,0,33,93,3293,4153
CGGCAGGGTCGGGTTG-1,0,32,94,3238,4056
GCTTTCAGAGGAGGTG-1,0,33,95,3182,4152
TCTTCCCATGGGCACA-1,0,32,96,3127,4055
TACCGCGGACTTGCAG-1,0,33,97,3071,4151
AGAATTATGGATTCGA-1,0,32,98,3016,4055
ATTGATGAGTCCTAAC-1,0,33,99,2960,4151
TAGGTCGCCGGAACTG-1,0,32,100,2905,4054
TAACCTACCGTCCGAG-1,0,33,101,2849,4150
CTTAGTAGGCCTACAG-1,0,32,102,2794,4054
CTAGATGTGAGTGTAA-1,0,33,103,2738,4150
ACTCCCGAATTCGTTT-1,0,32,104,2683,4053
GTTCATCGTTTGGCTG-1,0,33,105,2627,4149
ACTTTACCCTCATGAA-1,0,32,106,2572,4052
GCGAGAGTTGCGTCCA-1,0,33,107,2516,4149
GTTCGGGCGTACCATT-1,0,32,108,2461,4052
CGACTTTGTATAGCCT-1,0,33,109,2405,4148
GCCATCGATGCTGCAT-1,0,32,110,2350,4051
GCATTTCCAAGGCTCC-1,0,33,111,2294,4148
ATGTAAGGCTGCTCTT-1,0,32,112,2239,4051
ACGTTCGCAATCAATT-1,0,33,113,2183,4147
GTGACGAGGGTGACCC-1,0,32,114,2128,4050
ATTATAGCTACTTTAC-1,0,33,115,2072,4147
CGTGTGTTAAACCCTG-1,0,32,116,2017,4050
TTGGTATGGCTTGTGT-1,0,33,117,1961,4146
CATTCCCATTCCGTCG-1,0,32,118,1906,4049
TGCCGAAAGCGTATTC-1,0,33,119,1850,4146
CAACACATCTCCTGCC-1,0,32,120,1795,4049
CTGCCTCATATGCAAC-1,0,33,121,1739,4145
TCCCGCCTATGTGCGT-1,0,32,122,1684,4048
GGTTACCCGACACTTT-1,0,33,123,1628,4144
CCAGCGGGATCACCAG-1,0,32,124,1573,4048
ATGTTTCGGCCCGGAG-1,0,33,125,1517,4144
GCGTCTAACCTCCTAA-1,0,32,126,1462,4047
ATCAGGTAGCTGACAG-1,0,33,127,1406,4143
GGTATGAAAGAACTGA-1,0,34,0,8455,4274
GTGGCCTAATATCATT-1,0,35,1,8399,4371
CCTGTGAAACCGTAAC-1,0,34,2,8344,4274
GGCAGAGAGATCGGGA-1,0,35,3,8288,4370
TAGCGTCGAATATTGA-1,0,34,4,8233,4273
CGCCGACTATTCGCTA-1,0,35,5,8177,4370
TCTGGCGCAAGCCGGG-1,0,34,6,8122,4273
AGTGGTTGCGTATAGG-1,0,35,7,8066,4369
ATCGGTTACCTAGTAA-1,0,34,8,8011,4272
CCTGCCCGTTGTCTAG-1,0,35,9,7955,4368
GCACACGCCCATGGTC-1,0,34,10,7900,4272
AGTACGGCCCGTATCG-1,0,35,11,7844,4368
TATCTAGCCTAAAGGA-1,0,34,12,7789,4271
CACTCGGTTAGGAGGA-1,0,35,13,7733,4367
ATGTTCGTCGACCCAC-1,0,34,14,7678,4271
TTCCTCTGCCCGAATA-1,0,35,15,7622,4367
TTACTATCGGCTTCTC-1,0,34,16,7567,4270
GCCGCATTAGTCCGGC-1,0,35,17,7511,4366
TAAGGGCTGGGAGAGG-1,0,34,18,7456,4269
TAAGCAGGCGACACGC-1,0,35,19,7400,4366
AGCACTACCGGCCTGT-1,0,34,20,7345,4269
GAAAGCCCTTTGGACC-1,0,35,21,7289,4365
GACCGACTGAAGCGTC-1,0,34,22,7234,4268
CGGTGAAGACTAAAGT-1,0,35,23,7178,4365
CCCTGCGCTACGCATA-1,0,34,24,7123,4268
TACTGGACAGCTCGGC-1,0,35,25,7067,4364
TTAGTAGGGCGGCGGG-1,0,34,26,7012,4267
GAGGCTATCAAAGTCG-1,0,35,27,6956,4364
TTACCATTGATTACCC-1,0,34,28,6901,4267
ATACCACGGGCAACTT-1,0,35,29,6845,4363
TGTCCTAAGTCACCGC-1,0,34,30,6790,4266
AGGTAGGTACAAAGCT-1,0,35,31,6734,4363
GGCATACAGGTAGCGG-1,0,34,32,6679,4266
TGTAGTGATCTATAAT-1,0,35,33,6623,4362
TCCCGGGTGTGCTGCT-1,0,34,34,6568,4265
TACGATGTTGATCATC-1,0,35,35,6512,4361
CCTCTCTCCCATCTAG-1,0,34,36,6457,4265
GCAGGACTATAGAATA-1,0,35,37,6401,4361
CTAGTGAAGGACAGGA-1,0,34,38,6345,4264
TACGAGAACTTCACGT-1,0,35,39,6290,4360
CGTTGTTTCAATTCCC-1,0,34,40,6234,4263
GCAAATATTACGCTTT-1,0,35,41,6178,4360
CCAATAGTGCCGTCGA-1,0,34,42,6123,4263
ATTGCTGCTCCTCCAT-1,0,35,43,6067,4359
GAGATCTGCTTGGCAT-1,0,34,44,6012,4262
GCCGAAATTCCTACGT-1,0,35,45,5956,4359
GGCACTCCACTGGGCA-1,0,34,46,5901,4262
GGGTCACCGTGACGGT-1,0,35,47,5845,4358
CACTTAATCAGACGGA-1,0,34,48,5790,4261
CGTTTCGCTCATTACA-1,0,35,49,5734,4358
ATAAAGGCTCGGTCGT-1,0,34,50,5679,4261
CACTAAAGTTGCCTAT-1,0,35,51,5623,4357
GTGCTCAAGTACTGTC-1,0,34,52,5568,4260
CCATGCCTGTTTAGTA-1,0,35,53,5512,4357
TCTAGTTATCAGAAGA-1,0,34,54,5457,4260
TTGTAATCCGTACTCG-1,0,35,55,5401,4356
TCCCAGCTTTAGTCTG-1,0,34,56,5346,4259
CTACGCACGGAGTACC-1,0,35,57,5290,4355
AAATTAACGGGTAGCT-1,0,34,58,5235,4259
CGGCCACGCACAAAGT-1,0,35,59,5179,4355
GAAGCGTGAGGAATTT-1,0,34,60,5124,4258
ATATCTTAGGGCCTTC-1,1,35,61,5068,4354
ACGCGGGCCAAGGACA-1,1,34,62,5013,4258
GCGAGTTCTGCAAAGA-1,1,35,63,4957,4354
TATTCGTGCCAGAATA-1,1,34,64,4902,4257
AGGGCTGCAGTTACAG-1,1,35,65,4846,4353
CTAGCATAGTATAATG-1,1,34,66,4791,4256
TAGGTTCGAGTTCGTC-1,1,35,67,4735,4353
GAATTATAGTGAAAGG-1,1,34,68,4680,4256
CTATCGGGTCTCAACA-1,1,35,69,4624,4352
GCGCTAATTGAATAGA-1,1,34,70,4569,4255
ATGCGACAGTCCCATT-1,1,35,71,4513,4352
GGTAGTGCTCGCACCA-1,1,34,72,4458,4255
AAGCTCGTGCCAAGTC-1,1,35,73,4402,4351
TATTCAATTCTAATCC-1,1,34,74,4347,4254
TTCAAAGTCTCTAGCC-1,1,35,75,4291,4351
TTGAATATGGACTTTC-1,1,34,76,4236,4254
AAGAGCTCTTTATCGG-1,1,35,77,4180,4350
TTACTCCGGCCGGGAA-1,1,34,78,4125,4253
AAACGAGACGGTTGAT-1,1,35,79,4069,4350
GCTAAGTAGTTTCTCT-1,1,34,80,4014,4253
ATAACGCCGGAGGGTC-1,1,35,81,3958,4349
GGATCCGGAATATACT-1,1,34,82,3903,4252
TGAAAGGACCTGACTC-1,1,35,83,3847,4348
TCCGCGGCAGCATCTG-1,1,34,84,3792,4252
TGCATATGTCTGTCAC-1,1,35,85,3736,4348
TGTAGGAGAAATTTCC-1,1,34,86,3681,4251
AGTGAGACTTCCAGTA-1,1,35,87,3625,4347
CCCAAACATGCTGCTC-1,0,34,88,3570,4251
GCTTATGAAGCAGGAA-1,0,35,89,3514,4347
TTCTAACCGAAGCTTA-1,0,34,90,3459,4250
GGATGTCCTTACCGCA-1,0,35,91,3403,4346
AGGGTGCTCTCGAGGG-1,0,34,92,3348,4249
AACTCTCAATAGAGCG-1,0,35,93,3292,4346
TCTGAATTCCGTACAA-1,0,34,94,3237,4249
GCGTGGTACTGGGTTA-1,0,35,95,3181,4345
CGTCGGATAGTGTTGA-1,0,34,96,3126,4248
ATATGTCTCCCTAGCC-1,0,35,97,3070,4345
TCTTTAAGACTATGAA-1,0,34,98,3015,4248
TCATTTAAGTCTCCGA-1,0,35,99,2959,4344
GATATTGAGATTGGCG-1,0,34,100,2904,4247
TGACATCGAGCGGACC-1,0,35,101,2848,4344
GCGTAAATGGCCATAA-1,0,34,102,2793,4247
ATTGTACAACTCGGCT-1,0,35,103,2737,4343
TACGCTATAGAAACCT-1,0,34,104,2682,4246
CACCCAAATCTTATGT-1,0,35,105,2626,4343
AGATGATGGAGTCTGG-1,0,34,106,2571,4246
CCACGGTGCCCGGTAG-1,0,35,107,2515,4342
TCAAGAAATACTAGCT-1,0,34,108,2460,4245
AGGTATAATTGATAGT-1,0,35,109,2404,4341
CAAGGTCCTATAGGCT-1,0,34,110,2349,4245
CCGGCACGACCGTTTC-1,0,35,111,2293,4341
ACCTCCGTTATTCACC-1,0,34,112,2238,4244
GCAGCCTATATCACAT-1,0,35,113,2182,4340
GGTATAGTGACACATA-1,0,34,114,2127,4243
AAATTCCAGGTCCAAA-1,0,35,115,2071,4340
TCTTTAGCAGGCGAAC-1,0,34,116,2016,4243
TATTGACATTTCTGCC-1,0,35,117,1960,4339
TCTGATCGGGTGCTAG-1,0,34,118,1905,4242
GGCCCGGAGCATGTCT-1,0,35,119,1849,4339
GGGCGCAGCGTTACTC-1,0,34,120,1794,4242
TTGGCGATCCGAATAT-1,0,35,121,1738,4338
CCACGTAAATTAGACT-1,0,34,122,1683,4241
TCTGATTGGAAATGGA-1,0,35,123,1627,4338
ATGGCGGAATAGTCGC-1,0,34,124,1572,4241
ATCGCTTTACGTCTCA-1,0,35,125,1516,4337
TACGTGCAAGGTTCCT-1,0,34,126,1461,4240
CAGGACAGCTGCCCTT-1,0,35,127,1405,4337
CAAACCAGGTCTGCAT-1,0,36,0,8454,4467
ACAAGCTATATGGAAG-1,0,37,1,8398,4564
TCGCCCACTGCGAGAG-1,0,36,2,8343,4467
AGCCGCAAATTCAAAT-1,0,37,3,8287,4563
TTAACGTTAAAGCCTG-1,0,36,4,8232,4466
CAGCGCCAACACGATA-1,0,37,5,8176,4563
ATCCAATGGTACCGAA-1,0,36,6,8121,4466
GTGCTGCAGATAAGGA-1,0,37,7,8065,4562
GGCCTTTGCAACTGGC-1,0,36,8,8010,4465
GTCGTACCTACGATTG-1,0,37,9,7954,4562
TAGAAATTCACGTATA-1,0,36,10,7899,4465
AGAATAAATCTTCAGG-1,0,37,11,7843,4561
CATTGCGAAATGGGCG-1,0,36,12,7788,4464
GTCTACTCAATTACAA-1,0,37,13,7732,4561
TGTAATGACCACAATA-1,0,36,14,7677,4464
AAAGTCGACCCTCAGT-1,0,37,15,7621,4560
TACTCGGCACGCCGGG-1,0,36,16,7566,4463
AGGTGTATCGCCATGA-1,0,37,17,7510,4559
TGTGCTTTACGTAAGA-1,0,36,18,7455,4463
AAACCTCATGAAGTTG-1,0,37,19,7399,4559
TATAGGGTACTCATGA-1,0,36,20,7344,4462
CCAGCTGATGGTACTT-1,0,37,21,7288,4558
AATATTGGAGTATTGA-1,0,36,22,7233,4462
GGCCCTCACCCACTTA-1,0,37,23,7177,4558
AACCAAGACTTCTCTG-1,0,36,24,7122,4461
TCGTATTACCCATTGC-1,0,37,25,7066,4557
ATTCGACGCCGGGCCT-1,0,36,26,7011,4460
GGCGCAGGACATCTTC-1,0,37,27,6955,4557
GTACTCCCTTATCGCT-1,0,36,28,6900,4460
TGGTCTGTTGGGCGTA-1,0,37,29,6844,4556
AATAACAACGCTCGGC-1,0,36,30,6789,4459
CATACCCGTACCCAGT-1,0,37,31,6733,4556
ACAATCCATTTAAACC-1,0,36,32,6678,4459
GTTACAATTGGTGACG-1,0,37,33,6622,4555
TTGCCCTGATCACGGG-1,0,36,34,6567,4458
CTAACCGCGCGCCCGT-1,0,37,35,6511,4555
CTAAAGAATGCCTACT-1,0,36,36,6456,4458
ACCCATCTTGAGGGTA-1,0,37,37,6400,4554
GATCTTTGCAGGGTAT-1,0,36,38,6345,4457
GGGTACTTCATGAACT-1,0,37,39,6289,4554
GCCGCTTGTGAGAAAC-1,0,36,40,6234,4457
CCTGTAAGACATGATA-1,0,37,41,6178,4553
CGACAGTTCGCGTTAT-1,0,36,42,6123,4456
ACGATGCATATGTTAT-1,0,37,43,6067,4552
TGTTCCGCTTCCATGA-1,0,36,44,6011,4456
GGATGACGCGAGTTTA-1,0,37,45,5956,4552
GAAGTTTCCACTCAAT-1,0,36,46,5900,4455
GCGAGGCCCGAGCAGA-1,0,37,47,5844,4551
CATACTATGTAATTGT-1,0,36,48,5789,4454
CCAATGTCACAGCAAG-1,0,37,49,5733,4551
GTTGGATTTGCGTTGG-1,0,36,50,5678,4454
GGGAGGATGCCCGAAA-1,0,37,51,5622,4550
GATCGCGGGCTCTCCA-1,0,36,52,5567,4453
GTTCGCCATAAGTGCC-1,0,37,53,5511,4550
AGATTATAGGACGTTT-1,0,36,54,5456,4453
TCGAGACCAACACCGT-1,0,37,55,5400,4549
TATGGGACCGAGCAGG-1,0,36,56,5345,4452
GATGCGTCCTGCATTC-1,0,37,57,5289,4549
TATGGTCTGAGTAACA-1,0,36,58,5234,4452
GCATAGAGCACTCAGG-1,1,37,59,5178,4548
CTTCATTGTCAGTGGA-1,1,36,60,5123,4451
GCAGATTAGGGATATC-1,1,37,61,5067,4548
CCTGTCGCCCGTAAAT-1,1,36,62,5012,4451
CAATTTCGTATAAGGG-1,1,37,63,4956,4547
GTACACTTACCTGAAG-1,1,36,64,4901,4450
CCAGCCTGGACCAATA-1,1,37,65,4845,4546
ATGGAGCAGGCCGTGA-1,1,36,66,4790,4450
GTCATTAGAGCGAACG-1,1,37,67,4734,4546
AAGACTGCAAGCTACT-1,1,36,68,4679,4449
CTAGTCACGTCTTAAG-1,1,37,69,4623,4545
ACTCTTGTATAGTAAC-1,1,36,70,4568,4449
ATTAGGCGATGCTTTC-1,1,37,71,4512,4545
TTCGGGACTAATCGCG-1,1,36,72,4457,4448
TGGACTGTTCGCTCAA-1,1,37,73,4401,4544
AACGTGCGAAAGTCTC-1,1,36,74,4346,4447
CCACCCAAGGAAAGTG-1,1,37,75,4290,4544
CCGCACAAAGACCAAC-1,1,36,76,4235,4447
GCGATTGTTAACGTTA-1,1,37,77,4179,4543
ACTCGTCAGTAATCCC-1,1,36,78,4124,4446
GGTGATAAGGAGCAGT-1,1,37,79,4068,4543
AAGAGGCATGGATCGC-1,1,36,80,4013,4446
CACGTTCGTGCTCTAG-1,1,37,81,3957,4542
CTATTTGGTTACGGAT-1,1,36,82,3902,4445
GTACAGAGGCAAGGGT-1,1,37,83,3846,4542
GGGCCGGCCGAAGTAC-1,1,36,84,3791,4445
CCTGAACGATATATTC-1,1,37,85,3735,4541
CCGGGCTGCTCCATAC-1,1,36,86,3680,4444
TACTTGTTAGTAGTCC-1,1,37,87,3624,4541
CCTAGGCGTAGCGATC-1,1,36,88,3569,4444
CTGGCGCACAGGTCTG-1,1,37,89,3513,4540
ACTTATACTTACCCGG-1,1,36,90,3458,4443
GAAGTCTCCCTAGCGA-1,1,37,91,3402,4539
ACCGATGGTAGCATCG-1,0,36,92,3347,4443
CGAGTTTATCGGACTG-1,0,37,93,3291,4539
CATAACGGACAGTCGT-1,0,36,94,3236,4442
TGACGATGCACTAGAA-1,0,37,95,3180,4538
TAGGGAGCTTGGGATG-1,0,36,96,3125,4442
AGGGTCGATGCGAACT-1,0,37,97,3069,4538
TATATCCCTGGGAGGA-1,0,36,98,3014,4441
CATCTTACACCACCTC-1,0,37,99,2958,4537
GTGCGACAGGGAGTGT-1,0,36,100,2903,4440
CCGATCTCAACCTTAT-1,0,37,101,2847,4537
ACGATCATCTTGTAAA-1,0,36,102,2792,4440
GAAAGAACAGCGTTAT-1,0,37,103,2736,4536
CTAGGTCTGAAGGAAT-1,0,36,104,2681,4439
ATATCAACCTACAGAG-1,0,37,105,2625,4536
AAATAGCTTAGACTTT-1,0,36,106,2570,4439
GCGACATGTAAACATC-1,0,37,107,2514,4535
ATAAGTAGGGCGACTC-1,0,36,108,2459,4438
GCGAGCGCATGCTCCC-1,0,37,109,2403,4535
AGGGACCGGCTGCGTT-1,0,36,110,2348,4438
CCTATGAAGTGGTGCC-1,0,37,111,2292,4534
GCTTACGTAGTTAGTA-1,0,36,112,2237,4437
CATACTTAGGCAATAC-1,0,37,113,2181,4534
CCTGTCCCTCACGTTA-1,0,36,114,2126,4437
CAATGTGCCAACCCTT-1,0,37,115,2070,4533
GTTAAGTTAGAGTGGG-1,0,36,116,2015,4436
CTGGGATACGCTACCC-1,0,37,117,1959,4532
AACCTGTCACGGAATT-1,0,36,118,1904,4436
ACTGCGGACACACCGT-1,0,37,119,1848,4532
CCGTGAGGCATTCATG-1,0,36,120,1793,4435
GCCCAGATGCTGGAGA-1,0,37,121,1737,4531
TCTGGCCGTTCAAGTT-1,0,36,122,1682,4434
ATACGAAGGCTTTCCA-1,0,37,123,1626,4531
GATCCGAATATAAGTG-1,0,36,124,1571,4434
GTGGAGCATGTCGGCC-1,0,37,125,1515,4530
ACTCTTCAGCTCCCGC-1,0,36,126,1460,4433
CCCGATAGCCTCGCCT-1,0,37,127,1404,4530
ACAGGTGTGTTGTTGC-1,0,38,0,8453,4661
TGAACTGCTATGACTT-1,0,39,1,8397,4757
TGACATATATGACGAT-1,0,38,2,8342,4660
AAGTCTTCTGTGGCCT-1,0,39,3,8286,4756
ACCAGACCATAACAAC-1,0,38,4,8231,4660
TGAGACGTACCTCTCA-1,0,39,5,8175,4756
GACCGTTACATGCGAC-1,0,38,6,8120,4659
GGTTCGGATTATACTA-1,0,39,7,8064,4755
CCTCCTGAGCCCACAT-1,0,38,8,8009,4658
CCGCGATTTGGTAGGT-1,0,39,9,7953,4755
AATCTCTACTGTGGTT-1,0,38,10,7898,4658
ACTTTGACTGCATCCT-1,0,39,11,7842,4754
CCCTGACTAACAAATT-1,0,38,12,7787,4657
ACGCTGTGAGGCGTAG-1,0,39,13,7731,4754
GCATACGAGGTCTTTA-1,0,38,14,7676,4657
TCGGGATTCAAACATA-1,0,39,15,7620,4753
GGGCCCTACGAAAGGG-1,0,38,16,7565,4656
CGCCAAGAAGCCGAGT-1,0,39,17,7509,4753
GGTACATCTGGGACGA-1,0,38,18,7454,4656
GGATGCTGGCGTTCCT-1,0,39,19,7398,4752
CCGATTCGAGGGACCC-1,0,38,20,7343,4655
CCACTGGTGGCTGGTT-1,0,39,21,7287,4752
GACAGGCACACACTAT-1,0,38,22,7232,4655
TCAACGCGACCGGCAG-1,0,39,23,7176,4751
CTACGACTAGCTATAA-1,0,38,24,7121,4654
CGGTTGACCTGGCATA-1,0,39,25,7065,4750
ATCCTGAATCGCTGCG-1,0,38,26,7010,4654
GTTTCATATCGTCGCT-1,0,39,27,6954,4750
ATAAATATTAGCAGCT-1,0,38,28,6899,4653
AAGAGGATGTACGCGA-1,0,39,29,6843,4749
TCCTGCGTTGATACTC-1,0,38,30,6788,4653
CGTGCATTGTCGACGC-1,0,39,31,6732,4749
CCGGGTTCGAGGTTAC-1,0,38,32,6677,4652
CCCAATTTCACAACTT-1,0,39,33,6621,4748
TGATTTATTAGCTGTG-1,0,38,34,6566,4651
TGGAAGAAGGGAACGT-1,0,39,35,6510,4748
GACGCTTGCTTCTAAA-1,0,38,36,6455,4651
GGGAACGGGAGGTTAG-1,0,39,37,6399,4747
GCGGCTCTGACGTACC-1,0,38,38,6344,4650
ACGTTAGATTTGCCCG-1,0,39,39,6288,4747
GAGAGGGCGCGAGGTT-1,0,38,40,6233,4650
GCGTCTCTGCATTGGG-1,0,39,41,6177,4746
GCAGCACACAGCCCAG-1,0,38,42,6122,4649
CAGGCCGTTTGGGTGT-1,0,39,43,6066,4746
AACTCAAGTTAATTGC-1,0,38,44,6011,4649
CTTCGTAGATAGGTGA-1,0,39,45,5955,4745
TGCAGAGTACCGAGCA-1,0,38,46,5900,4648
GAAGTGATTTATCGTG-1,0,39,47,5844,4745
CGCTACGGGACATTTA-1,0,38,48,5789,4648
CCACACTGAGATATTA-1,0,39,49,5733,4744
CGATCCGACCCAGTGC-1,0,38,50,5677,4647
CTGTACTTCTTAGCAT-1,0,39,51,5622,4743
ACTTATTAGGATCGGT-1,0,38,52,5566,4647
TAGTCCGCAGAGAATG-1,0,39,53,5510,4743
TTCACGAAAGGATCAC-1,0,38,54,5455,4646
TACATTTCTAACGTGC-1,0,39,55,5399,4742
ACCATATCCGCAATAA-1,0,38,56,5344,4646
CACTCAAGAGCTATGG-1,0,39,57,5288,4742
TGTACGAACAAATCCG-1,0,38,58,5233,4645
ATCATCCAATATTTGT-1,1,39,59,5177,4741
CGCTATTCTTAGGCTC-1,1,38,60,5122,4644
TGGCAGCAGTAATAGT-1,1,39,61,5066,4741
TCACGTGCCCGATTCA-1,1,38,62,5011,4644
CATACGGCGTCTGGGC-1,1,39,63,4955,4740
CACATGATTCAGCAAC-1,1,38,64,4900,4643
GCTAGTAGAGCTTGTA-1,1,39,65,4844,4740
TGCTGTTGAAGAACTC-1,1,38,66,4789,4643
CGGAGCATGGCGATCC-1,1,39,67,4733,4739
TAGCGTTGGGTCTTAC-1,1,38,68,4678,4642
GTAGCGGCTATACACT-1,1,39,69,4622,4739
TAACATACAATGTGGG-1,1,38,70,4567,4642
TCTTCGAATAGACGTT-1,1,39,71,4511,4738
GATCGTGACTGATATC-1,1,38,72,4456,4641
GATCCGGGAATTAACA-1,1,39,73,4400,4738
TTATATACGCTGTCAC-1,1,38,74,4345,4641
GTCGCGTAACCCGTTG-1,1,39,75,4289,4737
AGCTCTAGACGTTCCA-1,1,38,76,4234,4640
GTCAAGCGGACTCGGG-1,1,39,77,4178,4736
CGAGGGACTGCGGTCG-1,1,38,78,4123,4640
AATCGCCTCAGCGCCA-1,1,39,79,4067,4736
CTTGTTGCTGAGTCAA-1,1,38,80,4012,4639
GATATGAGACACTAAC-1,1,39,81,3956,4735
TTATGATCTTAACGAA-1,1,38,82,3901,4638
CGCCGCCCATGCCTGT-1,1,39,83,3845,4735
CTGGGATAAATAATGG-1,1,38,84,3790,4638
GTGCCCGTTCGGATTC-1,1,39,85,3734,4734
TTCAATACTCTGAATC-1,1,38,86,3679,4637
CGCACATGTCCACTAC-1,1,39,87,3623,4734
AGAAGAGCGCCGTTCC-1,1,38,88,3568,4637
GATAACTCGCACTGTG-1,1,39,89,3512,4733
AGTCGACGGTCTCAAG-1,1,38,90,3457,4636
GTGACCGCACACTACG-1,1,39,91,3401,4733
GTATGTGGGTCTAGTT-1,1,38,92,3346,4636
CTTGAGTTAGGGTAAT-1,1,39,93,3290,4732
TTAGCTGATTTGCCGT-1,1,38,94,3235,4635
GCTGTTGCTACCGAAC-1,0,39,95,3179,4732
TATTACCATCCTGCTT-1,0,38,96,3124,4635
TTGAATTCACGTGAGG-1,0,39,97,3068,4731
CCATCTCACCAGTGAA-1,0,38,98,3013,4634
CGCACGTGCGCTATCA-1,0,39,99,2957,4730
ACCCGGATGACGCATC-1,0,38,100,2902,4634
CGCTAGAGACCGCTGC-1,0,39,101,2846,4730
ATAGTTCCACCCACTC-1,0,38,102,2791,4633
GCAGACCCAGCACGTA-1,0,39,103,2735,4729
TAGACTACCTAGCGTT-1,0,38,104,2680,4633
GGTTCTACTCGTCTGA-1,0,39,105,2624,4729
GACTCACCCACGTGAG-1,0,38,106,2569,4632
AGCTCTTCGTAACCTT-1,0,39,107,2513,4728
ACTATCCAGGGCATGG-1,0,38,108,2458,4631
AAGGATCGATCGCTTG-1,0,39,109,2402,4728
ATATCGGTAGGGAGAT-1,0,38,110,2347,4631
TTCCAGACGAGATTTA-1,0,39,111,2291,4727
GACCGACGTGAAAGCA-1,0,38,112,2236,4630
CCTGGAAACGTTCTGC-1,0,39,113,2180,4727
CCGGTAATGGCTAGTC-1,0,38,114,2125,4630
GCCGTGGAAGAAATGT-1,0,39,115,2069,4726
GTCTTGAGGAGCAGTG-1,0,38,116,2014,4629
TCCCAAAGCCCTAAAT-1,0,39,117,1958,4726
TTGAGCGCCACGTGAT-1,0,38,118,1903,4629
TTGAGTCCCGCTGCTG-1,0,39,119,1847,4725
ATGGAACCTTTGCACA-1,0,38,120,1792,4628
GCTAGCACCTGGGCCA-1,0,39,121,1736,4725
CGCCGTCTACCCATCG-1,0,38,122,1681,4628
GATAGGTGTCCCGGGC-1,0,39,123,1625,4724
AGGTATGCGGACATTA-1,0,38,124,1570,4627
TTGGTTCGCTCAAAGG-1,0,39,125,1514,4723
TCTGGAGCGTAAGAGT-1,0,38,126,1459,4627
TGCCTAAATTTAATAG-1,0,39,127,1403,4723
TAATTTCCGTCCAGTA-1,0,40,0,8452,4854
TCCTTCAATCCCTACG-1,0,41,1,8396,4950
TACCTATCCCTAGAGG-1,0,40,2,8341,4853
GCATGGGTACTGACGC-1,0,41,3,8285,4950
GTCGGGAACATGGTAG-1,0,40,4,8230,4853
GCAAATGAGGACACTT-1,0,41,5,8174,4949
GAATGGGCTTATCGAC-1,0,40,6,8119,4852
TGGTCGTGCAAGGCAA-1,0,41,7,8063,4949
CACCACGCCACACAGA-1,0,40,8,8008,4852
GAACCTCGACCTACAC-1,0,41,9,7952,4948
CAATACGCTCTGAGGC-1,0,40,10,7897,4851
TGGTAAGCAGGATTGA-1,0,41,11,7841,4947
AGTGGCTCCGTCGGCC-1,0,40,12,7786,4851
GATCGGATAGAACCAT-1,0,41,13,7730,4947
GCTACAGTACGGACCG-1,0,40,14,7675,4850
TCTATTACTAGAGGAT-1,0,41,15,7619,4946
TTCAGGCGTCAAAGCC-1,0,40,16,7564,4849
AGACCGGGAAACCCTG-1,0,41,17,7508,4946
AGAGATCTCTAAAGCG-1,0,40,18,7453,4849
CCCTGCCCAATCCGCT-1,0,41,19,7397,4945
GTGGCGGTCCCAGCGT-1,0,40,20,7342,4848
GCATTGTAATTCATAT-1,0,41,21,7286,4945
CCGTTCCGAATCTCGG-1,0,40,22,7231,4848
AGCTTGATCTTAACTT-1,0,41,23,7175,4944
CCTGTACTCACGCCCA-1,0,40,24,7120,4847
AAGTGACGACCGAATT-1,0,41,25,7064,4944
CTCACTTGGCTGGTAA-1,0,40,26,7009,4847
CGCCTGGCCTACGTAA-1,0,41,27,6953,4943
CCCGTAAGTCTAGGCC-1,0,40,28,6898,4846
TTGGACATGTGGCTTA-1,0,41,29,6842,4943
ATTACGCGCTGGCAGG-1,0,40,30,6787,4846
ACGCGCTACACAGGGT-1,0,41,31,6731,4942
TACGTTTACCGGCAAT-1,0,40,32,6676,4845
CGAAACGCAATTCATG-1,0,41,33,6620,4941
TAGTCTAACAACGAGA-1,0,40,34,6565,4845
TTGCATGCTGATCACG-1,0,41,35,6509,4941
TCTGGGTAGCGCTCAT-1,0,40,36,6454,4844
ACATCGGTCAGCCGCG-1,0,41,37,6398,4940
AGATACCGGTGTTCAC-1,0,40,38,6343,4844
GATTACTGAATTTGGG-1,0,41,39,6287,4940
TCCAACTTTAAATTCT-1,0,40,40,6232,4843
TCCTAGCAAAGAAGCT-1,0,41,41,6176,4939
GTCTATCTGAGTTTCT-1,0,40,42,6121,4842
GATGTTCAATCCACGA-1,0,41,43,6065,4939
AGTTAAACACTTGCGA-1,0,40,44,6010,4842
AGCTCTTTACTCAGTT-1,0,41,45,5954,4938
ATCCAGGATTCGTGAA-1,0,40,46,5899,4841
AGTCAACACCACCATC-1,0,41,47,5843,4938
CGATACCTCGCGGACA-1,0,40,48,5788,4841
TACAACGCACAACTCA-1,0,41,49,5732,4937
AATTAAAGGTCGGCGT-1,0,40,50,5677,4840
TACGCAGTTCTTTCCT-1,0,41,51,5621,4937
GACCGTGCTGACGGTG-1,0,40,52,5566,4840
GGCAAATTACTTTACT-1,1,41,53,5510,4936
GGTACAAACATGCTAT-1,0,40,54,5455,4839
CGGGCCTTCTTTGTAA-1,1,41,55,5399,4936
CGTGAAGTTAATTCAC-1,1,40,56,5343,4839
ATAGTGAAGCGTTCTC-1,1,41,57,5288,4935
TACGCCATATTCTAAT-1,1,40,58,5232,4838
GCCGGGTTAGGGTCGC-1,1,41,59,5176,4934
TACATAGGCATACACC-1,1,40,60,5121,4838
GCCGATTGGCCAAGCT-1,1,41,61,5065,4934
CTGCCATGCATCACAT-1,1,40,62,5010,4837
TTATGAATGAAAGGGA-1,1,41,63,4954,4933
GCTGAGGCGTGAGTAT-1,1,40,64,4899,4837
GCGCCGTTCCACGATA-1,1,41,65,4843,4933
CGCATGGTGCGATGCT-1,1,40,66,4788,4836
AGGTTTCACACACCTT-1,1,41,67,4732,4932
CAAGGATCGCATGTTC-1,1,40,68,4677,4835
ACGTTAATGTCGAAGA-1,1,41,69,4621,4932
TCCAGAGCACCGGTTC-1,1,40,70,4566,4835
GATTCGACGGTTCACG-1,1,41,71,4510,4931
GTTTCTGCAGTCTCCC-1,1,40,72,4455,4834
GCTGCACGGTTTCTTA-1,1,41,73,4399,4931
CGTGCAGACTGGGACA-1,1,40,74,4344,4834
GTGTTACTATGCGTCC-1,1,41,75,4288,4930
TCCTCGGGCTGGGCTT-1,1,40,76,4233,4833
GTGAGGACACTTAAGG-1,1,41,77,4177,4930
ATACGCCGGCGAAACC-1,1,40,78,4122,4833
TCTGCCAGAAACTGCA-1,1,41,79,4066,4929
TTCTGCGGGTTAGCGG-1,1,40,80,4011,4832
CTCGGTACCACTGCTC-1,1,41,81,3955,4929
GTAAGTAACAGTCTGG-1,1,40,82,3900,4832
GTGCGTGTATATGAGC-1,1,41,83,3844,4928
ATTTGTCTTGGGAGCT-1,1,40,84,3789,4831
CCTCGGACCGGGATAG-1,1,41,85,3733,4927
TAGGTGCTCGCCTAGC-1,1,40,86,3678,4831
CTTTAGGAACACTGTT-1,1,41,87,3622,4927
TCGGGCCGTCGTGGTA-1,1,40,88,3567,4830
AGTGCTTGCACGAATA-1,1,41,89,3511,4926
TGCAGTTTCCTCCCAT-1,1,40,90,3456,4829
TGAGAGATTTACCACG-1,1,41,91,3400,4926
GAAACAGATGACCACC-1,1,40,92,3345,4829
AGCAACATATCTTATT-1,1,41,93,3289,4925
CAAGTGTGGTTGCAAA-1,1,40,94,3234,4828
GCCTCATCTGGAAATA-1,0,41,95,3178,4925
AACCCTACTGTCAATA-1,0,40,96,3123,4828
ACGTATTACTCCGATC-1,0,41,97,3067,4924
TCTGGGAACCTTTGAA-1,0,40,98,3012,4827
GCTCGCTCATGTCCAA-1,0,41,99,2956,4924
GCGCAAGAGCGCGCTG-1,0,40,100,2901,4827
TTGACGCTCCATGAGC-1,0,41,101,2845,4923
TATAGATGGTCGCAGT-1,0,40,102,2790,4826
TTACATGCCACAACTA-1,0,41,103,2734,4923
ACATGGCGCCAAAGTA-1,0,40,104,2679,4826
TATGGTTAGTGGGAGA-1,0,41,105,2623,4922
CATGACTTCGCTGAAT-1,0,40,106,2568,4825
ACCACCAATGTAACAA-1,0,41,107,2512,4921
TCTTAGAGCTCCAATT-1,0,40,108,2457,4825
CCACGAATTTAACCTC-1,0,41,109,2401,4921
TTCTTGCTAGCATCTC-1,0,40,110,2346,4824
ACACCTTACTACTTGC-1,0,41,111,2290,4920
AGTCGGTTGCGTGAGA-1,0,40,112,2235,4824
ACCTACAGTATGTGGT-1,0,41,113,2179,4920
GAGGATAAACAGTGCT-1,0,40,114,2124,4823
TTCCGGTATCTGTGTC-1,0,41,115,2068,4919
GGAGGCCGAAGTCGTC-1,0,40,116,2013,4822
TTCGCTAGGAAGTTGT-1,0,41,117,1957,4919
TAAAGACAACCCTTTA-1,0,40,118,1902,4822
GTTGCGCTAACATTAC-1,0,41,119,1846,4918
GCTGAACTCTCCAGGG-1,0,40,120,1791,4821
AGCCCTGTCGCACCGT-1,0,41,121,1735,4918
AGCGCTAGAGCGATGT-1,0,40,122,1680,4821
TGCGCCGTTAATAACG-1,0,41,123,1624,4917
TGACAACGCATGTCGC-1,0,40,124,1569,4820
CGTCTTGAGTGTGACG-1,0,41,125,1513,4917
GATAGGATTAATTACA-1,0,40,126,1458,4820
GATACCGTGTCGGAGT-1,0,41,127,1402,4916
TGTGTCGAAGTCGAGG-1,0,42,0,8451,5047
GGATCAGAGCCATCAG-1,0,43,1,8395,5143
GTCCCAATCATCCCGC-1,0,42,2,8340,5046
TGCCACACTAGAGGAA-1,0,43,3,8284,5143
TGAATTTCACTTGCCT-1,0,42,4,8229,5046
CTCAGATTGTGATAAG-1,0,43,5,8173,5142
CGGACGTTACTTGAAG-1,0,42,6,8118,5045
CCGCCTTGCGATGTCG-1,0,43,7,8062,5142
CCAGTCAAATCTCTTA-1,0,42,8,8007,5045
AAACAGCTTTCAGAAG-1,0,43,9,7951,5141
TAGCTGATGTGAAGCG-1,0,42,10,7896,5044
CTTATGCGCTCAGGGC-1,0,43,11,7840,5141
TGGCTCTTGTCGCGTA-1,0,42,12,7785,5044
TTGTGAGGCATGACGC-1,0,43,13,7729,5140
CATAAGCTCTCCGTCT-1,0,42,14,7674,5043
CCTTCTCAGCGTTCCT-1,0,43,15,7618,5140
TGCAGCTACGTACTTC-1,0,42,16,7563,5043
CTCTACACTGGCGATT-1,0,43,17,7507,5139
TGCAGATCGTCCTAGG-1,0,42,18,7452,5042
TGCCAAAGTCAGACTT-1,0,43,19,7396,5138
ACAATAGTCGTACGTT-1,0,42,20,7341,5042
CATGCCAACTCGCAAA-1,0,43,21,7285,5138
TGCAGAACTATATCGT-1,0,42,22,7230,5041
TCGTGTCACGCTGACA-1,0,43,23,7174,5137
TGATCAGGGAACTGCT-1,0,42,24,7119,5041
CTTGCAACCGCCTCCT-1,0,43,25,7063,5137
AGCCCATACATGTAAG-1,0,42,26,7008,5040
ATCCAATGGAGGGTCC-1,0,43,27,6952,5136
AAACCGGGTAGGTACC-1,0,42,28,6897,5039
GCAACCACGGCCGCGT-1,0,43,29,6841,5136
CGCTTATTCCCGGTCG-1,0,42,30,6786,5039
TTACTCTGGTACGTAC-1,0,43,31,6730,5135
GTGGTTTCCGCCTTTC-1,0,42,32,6675,5038
ATAGGCGGCTATAGAA-1,0,43,33,6619,5135
GTGCCATCACACGGTG-1,0,42,34,6564,5038
CCCAACATACGTCGCG-1,0,43,35,6508,5134
CGGTGCAGATAGAACG-1,0,42,36,6453,5037
GGGCGGGTTCCCTACG-1,0,43,37,6397,5134
TGAGCCATACAGTCTC-1,0,42,38,6342,5037
CTCCGCCCACATGAGG-1,0,43,39,6286,5133
GTTGAACCGGTTCCAT-1,0,42,40,6231,5036
TTGACTACCATATGGT-1,0,43,41,6175,5133
ACCATCGTATATGGTA-1,0,42,42,6120,5036
TGCGTAAGAACCTGAT-1,0,43,43,6064,5132
AGAAGGTTGCCGAATT-1,0,42,44,6009,5035
AGGACGACCCATTAGA-1,0,43,45,5953,5131
GGTGCTGGTACACATT-1,0,42,46,5898,5035
GCGCTATGCCGAGGCA-1,0,43,47,5842,5131
ACCCGGTTACACTTCC-1,0,42,48,5787,5034
TAACTCATCCGCGCGG-1,0,43,49,5731,5130
CACAATGAGCTGCTAT-1,0,42,50,5676,5033
GTTACTTTGGGCCTAG-1,0,43,51,5620,5130
GGGCCCGTCTTAAACA-1,0,42,52,5565,5033
GAAATTGTCTCTATAA-1,1,43,53,5509,5129
GGCGCATGAATTGATG-1,1,42,54,5454,5032
CATATAGGTACAGTCA-1,1,43,55,5398,5129
TCAACGAGGAGACAAA-1,1,42,56,5343,5032
TTGCACAATTCAGAAA-1,1,43,57,5287,5128
CATCGGACGGGTTAAT-1,1,42,58,5232,5031
ATTAAACATGCGGACC-1,1,43,59,5176,5128
TATCTACCACAGCGGG-1,1,42,60,5121,5031
CGAGACCCTAGAGTGT-1,1,43,61,5065,5127
ACATCGATCGTTTACC-1,1,42,62,5009,5030
ATCGACCCAATACAGA-1,1,43,63,4954,5127
GAATCTGAACATTCTC-1,1,42,64,4898,5030
AGTTCCTATTTATGTT-1,1,43,65,4842,5126
CAGTCTGTATACTGGG-1,1,42,66,4787,5029
GGAGACGACACCTTTG-1,1,43,67,4731,5125
CCTAAATTAACGGTTC-1,1,42,68,4676,5029
GCTACGACTTATTGGG-1,1,43,69,4620,5125
CTGTGCAGGGTAGGTC-1,1,42,70,4565,5028
ACGCCGCTAGACGACC-1,1,43,71,4509,5124
ACTTGACTCCCTCTTT-1,1,42,72,4454,5028
CGCCTCCCTCCTCTAT-1,1,43,73,4398,5124
CTAGATTTACGACGGC-1,1,42,74,4343,5027
GATGCTGTATTTCATC-1,1,43,75,4287,5123
TGCGTTTGTTGACACT-1,1,42,76,4232,5026
CGTGCCCTCCCGAAGA-1,1,43,77,4176,5123
ACTCTCTGACTTAGGT-1,1,42,78,4121,5026
CTGGGTAGGCAGTTAA-1,1,43,79,4065,5122
GTTTGGCCCAAGTTAT-1,1,42,80,4010,5025
GAATGTGGTCCGGATT-1,0,43,81,3954,5122
CCCAGTTAAGGCGCCG-1,1,42,82,3899,5025
CGGTACTAGAATCAAA-1,1,43,83,3843,5121
GCTTAATGTAACTAAC-1,1,42,84,3788,5024
AGGACAGTCGAATCCC-1,1,43,85,3732,5121
GACAGCCAGACCTGAC-1,1,42,86,3677,5024
GGCGAAATCTAACTTG-1,1,43,87,3621,5120
CTGGTAACACATAGAA-1,1,42,88,3566,5023
TAGCCATTTCAAAGTC-1,1,43,89,3510,5120
GGGATTTACCGCACCT-1,1,42,90,3455,5023
ATGCCATTTGCGACCA-1,1,43,91,3399,5119
GAATAGACGCGACCCA-1,1,42,92,3344,5022
TGTATGGCGCAGACAG-1,1,43,93,3288,5118
GGATGAAGATCGCTGA-1,1,42,94,3233,5022
CGACAATTTGATCTAA-1,1,43,95,3177,5118
AAAGTTGACTCCCGTA-1,0,42,96,3122,5021
CGCGGCTCAACTTGAA-1,0,43,97,3066,5117
CACGCGGAACTGTTGC-1,0,42,98,3011,5021
TCTTAGAGTGAACTCT-1,0,43,99,2955,5117
AGTCCATTGGCTGATG-1,0,42,100,2900,5020
TTAAGATAGGATTGAC-1,0,43,101,2844,5116
ACATCCTGGTAACTGT-1,0,42,102,2789,5019
CACCTTGGCGCCTTTG-1,0,43,103,2733,5116
GCTAGACCGTCTACTG-1,0,42,104,2678,5019
CGGCCCAGGTATATCC-1,0,43,105,2622,5115
GTCCATTACTGCTACG-1,0,42,106,2567,5018
GGGTTTAGGATAGGAT-1,0,43,107,2511,5115
TAATTAGGACATCCGT-1,0,42,108,2456,5018
GCTCCCAGTCGGTCCA-1,0,43,109,2400,5114
ATTCGTGCTATCTCTT-1,0,42,110,2345,5017
GTTAACTATGTTGTCA-1,0,43,111,2289,5114
GCTCCGCTCGCTTCAG-1,0,42,112,2234,5017
GCAACGGCTAGTTATG-1,0,43,113,2178,5113
AATCGCGCAGAGGACT-1,0,42,114,2123,5016
AGGTTACACCATGCCG-1,0,43,115,2067,5113
CGAGATTTCGCTCGGG-1,0,42,116,2012,5016
CGATAATACTCAGGTT-1,0,43,117,1956,5112
AAGGCAGGCTGTCTCC-1,0,42,118,1901,5015
GTAAGTCCACACTCTA-1,0,43,119,1845,5111
ATGAGGGCAGCGGCTA-1,0,42,120,1790,5015
GCCGCACTCCGTTTCA-1,0,43,121,1734,5111
GAGCACGGCGCCTCTT-1,0,42,122,1679,5014
ACAATTTGGCCATATT-1,0,43,123,1623,5110
CTGGTTCGCGAGCTAC-1,0,42,124,1568,5013
GACGGTCCTAGGGTGT-1,0,43,125,1512,5110
ACTCGCGATCTGACGC-1,0,42,126,1457,5013
GTGTACGAACCGTTCC-1,0,43,127,1401,5109
CTTTGACGTCGCTTCT-1,0,44,0,8450,5240
CGTTATCATACTTCCA-1,0,45,1,8394,5336
GCTATGCCAGCTTATG-1,0,44,2,8339,5240
CAGTCGGCCTAGATAT-1,0,45,3,8283,5336
CCCGTGAGGGCGGTGA-1,0,44,4,8228,5239
TCTCGTGTTACGAGGA-1,0,45,5,8172,5335
ACGTCTCGTTCCGGGA-1,0,44,6,8117,5239
CGAGAGCGCGTAGATA-1,0,45,7,8061,5335
GACAGATTTCTGGCTC-1,0,44,8,8006,5238
GGGCCTAAATGGGCTA-1,0,45,9,7950,5334
ACTTGTAGTCCCTTCA-1,0,44,10,7895,5237
CCCGAAGTTTCGCGAA-1,0,45,11,7839,5334
ACCATCCGCCAACTAG-1,0,44,12,7784,5237
TGCGAATATGGGATTT-1,0,45,13,7728,5333
TACATCCCTATCCCTG-1,0,44,14,7673,5236
GTGGGAAGACTGAATC-1,0,45,15,7617,5333
TCAACATCGACCGAGA-1,0,44,16,7562,5236
CTATGTGAGTCACGGC-1,0,45,17,7506,5332
CCGAACACTGGGCCTC-1,0,44,18,7451,5235
AAACTTGCAAACGTAT-1,0,45,19,7395,5332
AGGGCGAGCAGCTGAT-1,0,44,20,7340,5235
AACACGAGACGCGGCC-1,0,45,21,7284,5331
TGACGAATATTTCCCT-1,0,44,22,7229,5234
TCGGAGAGTATCGGGA-1,0,45,23,7173,5331
CAAATCTCTCACAAGG-1,0,44,24,7118,5234
AGGCCCTAGAACGCCA-1,0,45,25,7062,5330
TAGAGATCATGCAACT-1,0,44,26,7007,5233
TTGTTTCCATACAACT-1,0,45,27,6951,5329
GAGAGGTGCATTCTGG-1,0,44,28,6896,5233
GTGGACCAACCCGATT-1,0,45,29,6840,5329
CTGGGCCTGCTATATC-1,0,44,30,6785,5232
CATAGTCCACAAGAAC-1,0,45,31,6729,5328
TTGACATGAACGTGGA-1,0,44,32,6674,5232
GGTTACCACCCTCGGG-1,0,45,33,6618,5328
TACCGGTCGTTTCCAT-1,0,44,34,6563,5231
CGAGTACTAAAGAGGA-1,0,45,35,6507,5327
GCAAGAATTCCTTGGC-1,0,44,36,6452,5230
TCGCCGAAGTTGCGTC-1,0,45,37,6396,5327
TTGAGAGTACTGCTAA-1,0,44,38,6341,5230
GCCACAATTTAAGGAC-1,0,45,39,6285,5326
ATATTCAGTTAAACCT-1,0,44,40,6230,5229
TGAGTGCCTCTTAAAT-1,0,45,41,6174,5326
ATCAGACGGCACGCCG-1,0,44,42,6119,5229
GTGCGAAATCGAACAC-1,0,45,43,6063,5325
GTGCCGCTTCAAAGGT-1,0,44,44,6008,5228
GATACGATGGGAGTCA-1,0,45,45,5952,5325
GACACTGAGTTCAGTG-1,0,44,46,5897,5228
ATCCTGCGTGGAATGG-1,0,45,47,5841,5324
ATCCTACCTAAGCTCT-1,0,44,48,5786,5227
AGTGATATGAGTAGTT-1,0,45,49,5730,5324
ATGATGCAATGGTACA-1,0,44,50,5675,5227
GAAACCGAATTACCTT-1,0,45,51,5619,5323
AGTGACCTACTTTACG-1,1,44,52,5564,5226
CAAATGTCCTTCCGTG-1,1,45,53,5508,5322
TTACTGGGATATTTCA-1,1,44,54,5453,5226
CTTGCCCAGGCTCTAC-1,1,45,55,5397,5322
AAATCGTGTACCACAA-1,1,44,56,5342,5225
GTGATCATAGATCTGC-1,1,45,57,5286,5321
TGGCAGATTACGATCA-1,1,44,58,5231,5224
TCACCCTCTTAAGATT-1,1,45,59,5175,5321
CAGGATATATCGTTGT-1,1,44,60,5120,5224
CCTGACCACCGATGGT-1,1,45,61,5064,5320
CTAAAGGGAAATAGGA-1,1,44,62,5009,5223
CCGCTATCAGCACCAG-1,1,45,63,4953,5320
CTTTAGTGCTATTATT-1,1,44,64,4898,5223
CGGGAATTTATGTAAA-1,1,45,65,4842,5319
TACGACTGCCTCTTAG-1,1,44,66,4787,5222
AAACTGCTGGCTCCAA-1,1,45,67,4731,5319
GTACGTTTGCCCGTCA-1,1,44,68,4675,5222
GGCAAGGCGAAATAGC-1,1,45,69,4619,5318
GATCTTGGAGGGCATA-1,1,44,70,4564,5221
AGCGTGGTATTCTACT-1,1,45,71,4508,5318
CTAAGGGAATGATTGG-1,1,44,72,4453,5221
CATGGTAAGTAGCGTT-1,1,45,73,4397,5317
CGTTGAGCGACCGTCG-1,1,44,74,4342,5220
TGCCCGTACCGTTAAA-1,1,45,75,4286,5316
ACAAGGGCAGGCTCTG-1,1,44,76,4231,5220
GAGATCTTCCATGACA-1,1,45,77,4175,5316
AATGACGTAGGATGTC-1,1,44,78,4120,5219
GTGGTGGCCAAGTGAA-1,0,45,79,4064,5315
TCCCGTGTGCAATTTG-1,0,44,80,4009,5219
ACATCGTATGCAATGG-1,0,45,81,3953,5315
GCGAAACTTAACTGGA-1,1,44,82,3898,5218
AATTGAACGCTCTGGT-1,1,45,83,3842,5314
ACAAATGGTAGTGTTT-1,1,44,84,3787,5217
ATGGTCGCGTGGTTTC-1,1,45,85,3731,5314
TGTTATTGTATGTGGC-1,1,44,86,3676,5217
TTCCGGTTACCCACTT-1,1,45,87,3620,5313
GAGTGTGCGGTACCCA-1,1,44,88,3565,5216
CAAGATATTATAACGT-1,1,45,89,3509,5313
ACACACCAGGACCAGT-1,1,44,90,3454,5216
ATGGGCCTCGGCCTCT-1,1,45,91,3398,5312
AAGGTGATAAACCAGC-1,1,44,92,3343,5215
TCTTACTTATGCCTCT-1,1,45,93,3287,5312
AAAGTGTGATTTATCT-1,1,44,94,3232,5215
TGCTCCACAGTTCTTA-1,0,45,95,3176,5311
CTGGCTGATTCATCCT-1,0,44,96,3121,5214
TAAGGCTGAATCCCTC-1,0,45,97,3065,5311
TCTAGTGATATCGTGG-1,0,44,98,3010,5214
TCGAAGAACCGAGCAC-1,0,45,99,2954,5310
GACAAACATATGCAGG-1,0,44,100,2899,5213
AAGTCAATTGTCGTCA-1,0,45,101,2843,5309
AGTGAACAAACTTCTC-1,0,44,102,2788,5213
CATGATGGAAGTTAGC-1,0,45,103,2732,5309
AAGTGCCTTGACTGTA-1,0,44,104,2677,5212
ATCGCCAGTCAACATT-1,0,45,105,2621,5308
ACCGCGGTGGAAGTCG-1,0,44,106,2566,5212
TCTTCTATAACCCGCC-1,0,45,107,2510,5308
CACATTTCTTGTCAGA-1,0,44,108,2455,5211
TAGCGTCCCTCGATTG-1,0,45,109,2399,5307
GTTCGGATCGGGAACA-1,0,44,110,2344,5210
CAAACTCGCGACGCCG-1,0,45,111,2288,5307
GTCTTGTAGCTATTCA-1,0,44,112,2233,5210
TCTCGACGTATCGCCG-1,0,45,113,2177,5306
TTGCCAAGCAGAACCC-1,0,44,114,2122,5209
AAACCCGAACGAAATC-1,0,45,115,2066,5306
TTGAGCAGCCCACGGT-1,0,44,116,2011,5209
CGCCTTTAGCATGCTC-1,0,45,117,1955,5305
TGTGGCTCCCACCAAC-1,0,44,118,1900,5208
CCGCCGTTGAGGATAA-1,0,45,119,1844,5305
CAATACGAGAGTCTGA-1,0,44,120,1789,5208
CATCTAGTGAAGGGAA-1,0,45,121,1733,5304
GGTGGAGGTTGATACG-1,0,44,122,1678,5207
CCGCACACGAACGTGT-1,0,45,123,1622,5304
AGAACCCAGCGTGACA-1,0,44,124,1567,5207
GCGCTCGATCACCTGT-1,0,45,125,1511,5303
ATCATGGACTACCGAC-1,0,44,126,1456,5206
TACGCCGCCTCAGAAG-1,0,45,127,1400,5302
CGACCTACTAGACAAT-1,0,46,0,8449,5433
GAGTCTTGTAAAGGAC-1,0,47,1,8393,5530
AATATCCTAGCAAACT-1,0,46,2,8338,5433
CCCTAGGCAACAAGAG-1,0,47,3,8282,5529
ACAAAGAAGGTAGGCC-1,0,46,4,8227,5432
CCCTGGCTGTTCCTTC-1,0,47,5,8171,5529
TCGCCGCACCGCGTGA-1,0,46,6,8116,5432
TATAGCGCACGTTATC-1,0,47,7,8060,5528
TTATCTGACATTAGGA-1,0,46,8,8005,5431
AGTGGTGTTACCCGTG-1,0,47,9,7949,5528
GCCAAGAATACTTCTG-1,0,46,10,7894,5431
CCGGCGTGAGACTCTG-1,0,47,11,7838,5527
TTCCCGGCGCCAATAG-1,0,46,12,7783,5430
AAACAGGGTCTATATT-1,0,47,13,7727,5526
ACAGTAATACAACTTG-1,0,46,14,7672,5430
CGAACGGCCGGACAAC-1,0,47,15,7616,5526
GCAACACACTAGAACT-1,0,46,16,7561,5429
ACTCCCATTCCTAAAG-1,0,47,17,7505,5525
ACCTGCGTGTCATGTT-1,0,46,18,7450,5428
TACTTTCCGCACGCCA-1,0,47,19,7394,5525
AGGTCAGGTGAGAGTG-1,0,46,20,7339,5428
TCCTCCTAAGACATTC-1,0,47,21,7283,5524
ATGTGAAAGCCTAATG-1,0,46,22,7228,5427
AGTCGGCTCAACTTTA-1,0,47,23,7172,5524
CGATCTGTTGGAGGAC-1,0,46,24,7117,5427
ACGGGAGTGTCGGCCC-1,0,47,25,7061,5523
TTAACTTCAGGTAGGA-1,0,46,26,7006,5426
CCACGGAGCCATAAGA-1,0,47,27,6950,5523
CTTCTATGTTGAAGTA-1,0,46,28,6895,5426
CACCGTTGCGCGATAT-1,0,47,29,6839,5522
TCTAGCAATCTCCGCC-1,0,46,30,6784,5425
AGTTTGGCCAGACCTA-1,0,47,31,6728,5522
TTGTAAGGACCTAAGT-1,0,46,32,6673,5425
AAATTTGCGGGTGTGG-1,0,47,33,6617,5521
AAGTTCGGCCAACAGG-1,0,46,34,6562,5424
CCGCTTACCTCACTCT-1,0,47,35,6506,5520
ATCACGTGCTAATTAA-1,0,46,36,6451,5424
GGTGAAGTACAGGGAT-1,0,47,37,6395,5520
GCTGTATTACTGGCCC-1,0,46,38,6340,5423
AACGGCCATCTCCGGT-1,0,47,39,6284,5519
TAAGTAACATCTTGAC-1,0,46,40,6229,5423
TTCTTGAGCCGCGCTA-1,0,47,41,6173,5519
AGTGCGTAGCTCGTAA-1,0,46,42,6118,5422
GGGATGGTCGTAACCG-1,0,47,43,6062,5518
GTCTGGGCGGTCGAGA-1,0,46,44,6007,5421
CGGAACGTAAACATAG-1,0,47,45,5951,5518
TGCGACACCCTAGTGC-1,0,46,46,5896,5421
CAAACGAGTATCGCAG-1,0,47,47,5840,5517
TCAGTAGGGACTATAA-1,0,46,48,5785,5420
GCGGTTCCCTATCATG-1,1,47,49,5729,5517
GTGACTTCAGTAGTGC-1,0,46,50,5674,5420
CGTCACGTCCATTGGT-1,1,47,51,5618,5516
ATAAGTTACCGCGACG-1,1,46,52,5563,5419
CTGAATCCGAGACCTC-1,1,47,53,5507,5516
TACGACGCTTGCTGCG-1,1,46,54,5452,5419
GAATTCACCCGGGTGT-1,1,47,55,5396,5515
GGGTGACACCTTAACT-1,1,46,56,5341,5418
TGAGTAAATTAGCGTA-1,1,47,57,5285,5515
GAGTCCGCTTACCGGA-1,1,46,58,5230,5418
GGCGCGTTCGAGTTTA-1,1,47,59,5174,5514
ATTCATATACTGTCCA-1,1,46,60,5119,5417
ATAAACGGACCCGTAA-1,1,47,61,5063,5513
GTCGTACCATCTCGGG-1,1,46,62,5008,5417
ATAATAGCTGTTGAAT-1,1,47,63,4952,5513
TTCCGCGTGAGGCGAT-1,1,46,64,4897,5416
TACCGGCTCACTGCCC-1,1,47,65,4841,5512
GTATCTTTCATAACCA-1,1,46,66,4786,5416
GTTACCTACAACTTGC-1,1,47,67,4730,5512
TGACTATAATCCTTTC-1,1,46,68,4675,5415
AAATACCTATAAGCAT-1,1,47,69,4619,5511
TTATTAGAGCGTGTTC-1,1,46,70,4564,5414
ATGTGGACATCTTGAT-1,1,47,71,4508,5511
GTACGCTTCATTGCAC-1,1,46,72,4452,5414
CACATATTAGCAGGAT-1,1,47,73,4397,5510
CAAGAGGGCGGAGTAC-1,1,46,74,4341,5413
TCGCAAAGATGCATTT-1,1,47,75,4285,5510
GTCGTTATTCGCTTAT-1,1,46,76,4230,5413
TCGTGTACTATGGATG-1,1,47,77,4174,5509
GCGGAGAGGGAGAACG-1,1,46,78,4119,5412
TCACAGGGAATCGCAA-1,1,47,79,4063,5509
GACTGCACCAGCCCAG-1,0,46,80,4008,5412
TCCGCTGTCATCCCGG-1,0,47,81,3952,5508
AGATACTCAAGATCGA-1,0,46,82,3897,5411
ACTGAATGGCGAAAGT-1,1,47,83,3841,5508
TCCTACATCCACGGCC-1,0,46,84,3786,5411
TTCAGCCCTGGTCCAC-1,1,47,85,3730,5507
TTAGAGTTTAGAAGGA-1,1,46,86,3675,5410
GGTTAGCTATATGTCT-1,1,47,87,3619,5506
CTGGTTTCGAGCAAGA-1,1,46,88,3564,5410
TGGGCCCATACTAATT-1,1,47,89,3508,5506
ACTTATTTATGTGCCA-1,1,46,90,3453,5409
TTAGTTATTCGTGGCA-1,1,47,91,3397,5505
AACCGCTAAGGGATGC-1,1,46,92,3342,5408
ATACGTCCACTCCTGT-1,0,47,93,3286,5505
CGACACGCTCCGACAG-1,0,46,94,3231,5408
TCTGAACTCGTACCCG-1,0,47,95,3175,5504
AGGATATAGGGATTTA-1,0,46,96,3120,5407
GTGATCACTAACGCCT-1,0,47,97,3064,5504
ACCGGGCCTTTGTTGA-1,0,46,98,3009,5407
TTGACAGGAGCTCCCG-1,0,47,99,2953,5503
CTCTTCTATTGACTGG-1,0,46,100,2898,5406
CGTGGCCGAATATCTA-1,0,47,101,2842,5503
GGTTTAGCCTTTCTTG-1,0,46,102,2787,5406
TCAAGGTTACTACACC-1,0,47,103,2731,5502
TTGACTATTGTCCGGC-1,0,46,104,2676,5405
CGGGAATATAGTATAC-1,0,47,105,2620,5502
GCAACAGCAGTATGCG-1,0,46,106,2565,5405
ATCAAACACTGTTCCA-1,0,47,107,2509,5501
TGGGCAATAGTTGGGT-1,0,46,108,2454,5404
TGAATGTCAGCCGGCC-1,0,47,109,2398,5500
CGGCTCTAAAGCTGCA-1,0,46,110,2343,5404
GGACACAAGTTTACAC-1,0,47,111,2287,5500
CCGAGAAGTCGCATAA-1,0,46,112,2232,5403
AACTACCCGTTTGTCA-1,0,47,113,2176,5499
GCACAAACGAGGCGTG-1,0,46,114,2121,5403
CACACAGCTTGCGCTC-1,0,47,115,2065,5499
GTGCTTACATCAGCGC-1,0,46,116,2010,5402
GCAAACGTCGCCAGGT-1,0,47,117,1954,5498
GAATAGCATTTAGGGT-1,0,46,118,1899,5401
TACTGTTTCTCTGGTA-1,0,47,119,1843,5498
TCCTATCATAGGTAAC-1,0,46,120,1788,5401
TTCGGTGGAGACGCCC-1,0,47,121,1732,5497
TGTTGCCGTCGTCCCA-1,0,46,122,1677,5400
CCAACTTGATAGATCC-1,0,47,123,1621,5497
CAAAGGTCATCTGAAA-1,0,46,124,1566,5400
CTAGCTTAATGGTCCC-1,0,47,125,1510,5496
AGGCCACATTGGTTAC-1,0,46,126,1455,5399
TTAGGATGGGAGGGTA-1,0,47,127,1399,5496
TATGACCTTGCGCTGG-1,0,48,0,8448,5627
ATATACATGTATGGTA-1,0,49,1,8392,5723
TGTGTGACCATGAATC-1,0,48,2,8337,5626
CCCACTCCACGGTATC-1,0,49,3,8281,5722
GGGCAGACGTCACTGC-1,0,48,4,8226,5625
TCAAAGAGCTATCTGT-1,0,49,5,8170,5722
AGATGCATCCTGTGTC-1,0,48,6,8115,5625
GTGAAGTCACGACTCG-1,0,49,7,8059,5721
TGATTCAGGTCCCGCG-1,0,48,8,8004,5624
CGCCACAGGTCGCGAT-1,0,49,9,7948,5721
TTGAATCGTTGTATAA-1,0,48,10,7893,5624
TGGCCAATTTGGTACT-1,0,49,11,7837,5720
CGACCCTTAACGCCGG-1,0,48,12,7782,5623
TCGGCGTACTGCACAA-1,0,49,13,7726,5720
GAGTAAGGCCACGGGA-1,0,48,14,7671,5623
ATCAGCTCGTCCACTA-1,0,49,15,7615,5719
AGGATCACGCGATCTG-1,0,48,16,7560,5622
AAATGGCCCGTGCCCT-1,0,49,17,7504,5719
CAGTACCAGTTTACGT-1,0,48,18,7449,5622
GGTCGTAAGCTCGCAC-1,0,49,19,7393,5718
CGTTCATGGTGCGCGT-1,0,48,20,7338,5621
GACTACAAAGCGGTGG-1,0,49,21,7282,5717
CAGCTGGCGTAACCGT-1,0,48,22,7227,5621
ACTCGTAACCCGTCCT-1,0,49,23,7171,5717
CATATGTCAGGCTACG-1,0,48,24,7116,5620
GCCCGACTTCTTCCCG-1,0,49,25,7060,5716
CTGGCATCCGAATGAG-1,0,48,26,7005,5619
AAGTGCGTTAGAATCT-1,0,49,27,6949,5716
AGAAGTGATTCGTGAT-1,0,48,28,6894,5619
TACCTTAAGATTTCCC-1,0,49,29,6838,5715
AATGACAGCAATGTCT-1,0,48,30,6783,5618
TCAACGCAGGAAATAA-1,0,49,31,6727,5715
TATTCCTCCGCCCACT-1,0,48,32,6672,5618
ATCAAACGAAGGTTTG-1,0,49,33,6616,5714
TTGATTAGCTGTTTCT-1,0,48,34,6561,5617
CTGCTGAGGCCACGAA-1,0,49,35,6505,5714
CCGTGTTAAATTCCAT-1,0,48,36,6450,5617
CACGTCGGCAACCTCT-1,0,49,37,6394,5713
GTATTCTGAGAAACGA-1,0,48,38,6339,5616
CGGTGCGCGTTGGTCC-1,0,49,39,6283,5713
GTGATTCGCCGCTCAA-1,0,48,40,6228,5616
GCCCGCGCGTAAACGG-1,0,49,41,6172,5712
AACGTACTGTGGGTAC-1,0,48,42,6117,5615
GAGTATGCCCGCCTTG-1,0,49,43,6061,5711
TGATTCTGTCGCCGGT-1,0,48,44,6006,5615
GGGCGGCAAATGAATT-1,0,49,45,5950,5711
TTCCAATCTGGCTATC-1,0,48,46,5895,5614
GGAACCGTGTAAATTG-1,1,49,47,5839,5710
TTGGTCACACTCGTAA-1,1,48,48,5784,5614
CGAACCCGCATGCGTC-1,1,49,49,5728,5710
GGGCGTCACCACGTAA-1,1,48,50,5673,5613
TACCAGAAGTAGGTTC-1,1,49,51,5617,5709
TTGGATATCGTCTACG-1,1,48,52,5562,5612
TAGATATGGACTGGAA-1,1,49,53,5506,5709
GCGACGATAGTTGTAC-1,1,48,54,5451,5612
CTGGATTTACACTTGA-1,1,49,55,5395,5708
GTTATATTATCTCCCT-1,1,48,56,5340,5611
TATTCCACTCAGCTCG-1,1,49,57,5284,5708
CTGTTACCCAATCTAG-1,1,48,58,5229,5611
ACGCGAAGTCAGACGA-1,1,49,59,5173,5707
GATAGGTAACGTTGAC-1,1,48,60,5118,5610
TGTTCGTATTGCGGTG-1,1,49,61,5062,5707
GGTCAGTGGGTCCCAC-1,1,48,62,5007,5610
AATTCTAGAGTTAGGC-1,1,49,63,4951,5706
GTTTACGTTCCATCTG-1,1,48,64,4896,5609
AGACCCACCGCTGATC-1,1,49,65,4840,5706
TCTAGCATGCCCAGAA-1,1,48,66,4785,5609
CCCGCAGCGCGAACTA-1,1,49,67,4729,5705
CTCTATTTGGCTGCAG-1,1,48,68,4674,5608
TTCTGCCGCGCCTAGA-1,1,49,69,4618,5704
ACTCCCTAGAATAGTA-1,1,48,70,4563,5608
CCGAACCTTCCCGGCC-1,1,49,71,4507,5704
TCAGACGCTATAGAAG-1,1,48,72,4452,5607
CAGGCGCCATGCTAGG-1,1,49,73,4396,5703
CACTCGAGCTGAACAA-1,1,48,74,4341,5607
ACAAGGAAATCCGCCC-1,1,49,75,4285,5703
ACCACGTGCAGCTATA-1,1,48,76,4230,5606
ACGGCGACGATGGGAA-1,1,49,77,4174,5702
TTACTAAAGGACTTTA-1,1,48,78,4118,5605
GGCTGAAATAGCAAAG-1,1,49,79,4063,5702
TTAGACGAGTCACCTC-1,1,48,80,4007,5605
GTAGTCGCGGGAATCA-1,1,49,81,3951,5701
GCAAACCCTACATTAT-1,1,48,82,3896,5604
GTTAAAGTAGGACTGG-1,1,49,83,3840,5701
ACCCTCCCTTGCTATT-1,1,48,84,3785,5604
CATGTCTCATTTATGG-1,1,49,85,3729,5700
AATAGAATCTGTTTCA-1,1,48,86,3674,5603
TCTCATGAGATAGGGT-1,1,49,87,3618,5700
ATGACTATGCGACATT-1,1,48,88,3563,5603
CCTAACCCAAACAAGT-1,1,49,89,3507,5699
AGTCAAGATGACACTT-1,1,48,90,3452,5602
CGGGAGCTTCAGTGTA-1,0,49,91,3396,5699
CCACAGTACCCATCCT-1,0,48,92,3341,5602
GAGCGCGCACGAGTAG-1,0,49,93,3285,5698
ACCAGTGCGGGAGACG-1,0,48,94,3230,5601
TCCTTACGACGGTCCG-1,0,49,95,3174,5697
TAGTCGATCACGGGTT-1,0,48,96,3119,5601
AGACGAAGTGCCGGTC-1,0,49,97,3063,5697
CGCTGGTGACTACCCT-1,0,48,98,3008,5600
AGGCATTGTCGTAGGG-1,0,49,99,2952,5696
TGGTAGAATATATGGG-1,0,48,100,2897,5599
TTCTTATCCGCTGGGT-1,0,49,101,2841,5696
AGTTTGGCACGGGTTG-1,0,48,102,2786,5599
GCATCGGCCGTGTAGG-1,0,49,103,2730,5695
ATGCGAGTCCCACCAC-1,0,48,104,2675,5598
TCGGCGAACCCAAACC-1,0,49,105,2619,5695
AGAGTAAACTTCACTA-1,0,48,106,2564,5598
AAGCCGAAGCGGTTTA-1,0,49,107,2508,5694
CCCGAGTTTCTCCGTA-1,0,48,108,2453,5597
AATATCGAATCAATGC-1,0,49,109,2397,5694
GCGCCTCCCACTCCGA-1,0,48,110,2342,5597
CGTTAAACTAGTTAGG-1,0,49,111,2286,5693
TGAGTTAAAGACATTC-1,0,48,112,2231,5596
AACAGGTAGTATGGAT-1,0,49,113,2175,5693
GAACGCGGGTCACACG-1,0,48,114,2120,5596
TGTTTGAGATCGTCAG-1,0,49,115,2064,5692
ATCTCGTGAGCGAAAC-1,0,48,116,2009,5595
CTGAGAAAGTTCGGCG-1,0,49,117,1953,5691
ATTACCACACTGCCTG-1,0,48,118,1898,5595
CTGCTGTCTAACGAGC-1,0,49,119,1842,5691
CGTGGAAGCCTCGTAC-1,0,48,120,1787,5594
GGACTCACAAATTAGG-1,0,49,121,1731,5690
CTTTGCTGTCATGGAT-1,0,48,122,1676,5594
GGTGTTGGGCGTCTTA-1,0,49,123,1620,5690
TACCATGTATTGATTT-1,0,48,124,1565,5593
GGTCTCCAAGTAGTGC-1,0,49,125,1509,5689
ATCCTTCTGAAAGAAC-1,0,48,126,1454,5592
CCGGAAGTTATCAGTC-1,0,49,127,1398,5689
TTAGAGGGATATACAG-1,0,50,0,8447,5820
TTGTACACCTCGAACA-1,0,51,1,8391,5916
GTGGGTACTGAGCGTA-1,0,50,2,8336,5819
CTTAAGCAGCGAGCCG-1,0,51,3,8280,5915
GCATTGACTTGCGGAA-1,0,50,4,8225,5819
CCATAACCTGTGCAGT-1,0,51,5,8169,5915
GGGCTACTATTTCGTG-1,0,50,6,8114,5818
GGCGAGCGAAACGGCA-1,0,51,7,8058,5914
GGAGACCATCTACATA-1,0,50,8,8003,5818
AGACCAAACCACACCT-1,0,51,9,7947,5914
CGACGCATCCGTACCT-1,0,50,10,7892,5817
CCTAGGTAAAGGTAGC-1,0,51,11,7836,5913
AGCGGCGGTTAGCGGT-1,0,50,12,7781,5816
CTGGACGCAGTCCGGC-1,0,51,13,7725,5913
AGCCTAATACCCACGT-1,0,50,14,7670,5816
AATCTGGCTTTCTAGT-1,0,51,15,7614,5912
CACCCTTGGTGAGACC-1,0,50,16,7559,5815
GGATCTTGACTCAACC-1,0,51,17,7503,5912
ACGAGGATACCACTCT-1,0,50,18,7448,5815
GAGTTGATGGCAATTT-1,0,51,19,7392,5911
GTGGCAAACAGCGGCA-1,0,50,20,7337,5814
GATGTAACGAACCACC-1,0,51,21,7281,5911
AGCCGTGGCTAAATGT-1,0,50,22,7226,5814
CTCCCTCCTTTCGATC-1,0,51,23,7170,5910
TTGGAAGAATACAGTC-1,0,50,24,7115,5813
AGTTAAGTCAACCGCT-1,0,51,25,7059,5910
CTCATGGTAATTTGCG-1,0,50,26,7004,5813
AAAGTAGCATTGCTCA-1,0,51,27,6948,5909
TTGTGGTAGGAGGGAT-1,0,50,28,6893,5812
AGTCGTGGGCATTACG-1,0,51,29,6837,5908
ACCTAAGTACCTTTCA-1,0,50,30,6782,5812
GTAGAGGGAGACAAGT-1,0,51,31,6726,5908
GATCCTCGACACTGGC-1,0,50,32,6671,5811
CCTACATTCACAGACG-1,0,51,33,6615,5907
TTGACCGTGTTAATGA-1,0,50,34,6560,5811
TCTGTTACCCAGCATA-1,0,51,35,6504,5907
CTAACTGGTCCGGTTC-1,0,50,36,6449,5810
AGCGACAGGAACGGTC-1,0,51,37,6393,5906
TAATAGAACAGAGTTA-1,0,50,38,6338,5809
ACAGGTGGAGGTGAGG-1,0,51,39,6282,5906
TGCGAGAATATTACCC-1,0,50,40,6227,5809
TTGCGTCGGCCAACCG-1,1,51,41,6171,5905
AGGCTTCCCGAAGAAG-1,0,50,42,6116,5808
GCGGACCGCGTTGTGG-1,1,51,43,6060,5905
GTAATCTGATTCTTCG-1,0,50,44,6005,5808
CCGCGGAATGCGTCAC-1,1,51,45,5949,5904
TTCCACACAGATTTGA-1,1,50,46,5894,5807
CTTCTATTAATGCTAG-1,1,51,47,5838,5904
CATTTGAGTGGTACGT-1,1,50,48,5783,5807
TCACAGCAAACTCGAA-1,1,51,49,5727,5903
CAGACGAACCTGATAC-1,1,50,50,5672,5806
TAGCTAGAAGGCATGA-1,1,51,51,5616,5903
ATCCAGAGCAACAACC-1,1,50,52,5561,5806
TCCGGTTCGTCCGGTC-1,1,51,53,5505,5902
CGCGCATGTTTGATTG-1,1,50,54,5450,5805
TGGCGATCAAGTTATG-1,1,51,55,5394,5901
CCCTTTGACAGGTCTT-1,1,50,56,5339,5805
CAGAGACGGTCACCCA-1,1,51,57,5283,5901
TAGCTCGCCTGATAAC-1,1,50,58,5228,5804
TTGTGTTTCCCGAAAG-1,1,51,59,5172,5900
TATACACAGACGCCTT-1,1,50,60,5117,5803
ACATTAGTTTATATCC-1,1,51,61,5061,5900
CCATCGCAGTTAAACT-1,1,50,62,5006,5803
AATTAGCGCTGCAGCG-1,1,51,63,4950,5899
TCCGCTTATCCCATTA-1,1,50,64,4895,5802
GTTTGGGCTTGTGAGC-1,1,51,65,4839,5899
CTTGTCAACATTCGAG-1,1,50,66,4784,5802
GGACCAACAGGATAAC-1,1,51,67,4728,5898
AAGCTAGATCGAGTAA-1,1,50,68,4673,5801
TACCGTGCCTCGGACC-1,1,51,69,4617,5898
GTAGCCAAACATGGGA-1,1,50,70,4562,5801
TGCCAGTACGTGGAGA-1,1,51,71,4506,5897
ATAAGGTGGAGAACAT-1,1,50,72,4451,5800
CTTTAATATTGGTCGA-1,1,51,73,4395,5897
TGGTTCAACGGGTAAT-1,1,50,74,4340,5800
GCTGCTACTGCGTAGC-1,1,51,75,4284,5896
CTGCACAACTACATAT-1,1,50,76,4229,5799
ATATTCCACATAGTGA-1,1,51,77,4173,5895
TGGCAAACTAAATTAC-1,1,50,78,4118,5799
ACCGCAATAACTGCCT-1,1,51,79,4062,5895
TCGCACCAGGAGGCAG-1,1,50,80,4007,5798
ACTTCAGGCTGATCCC-1,1,51,81,3951,5894
ACAAATCGCACCGAAT-1,1,50,82,3896,5798
TCTGATGTATTCTGTC-1,1,51,83,3840,5894
CTTTACCGAATAGTAG-1,1,50,84,3784,5797
GCAGATCCATAAGACT-1,1,51,85,3729,5893
TTCCTCGGACTAACCA-1,1,50,86,3673,5796
TTATCCGGGATCTATA-1,1,51,87,3617,5893
CTGGAAGACACGGTGG-1,1,50,88,3562,5796
GTTCGTCTAAAGAACT-1,0,51,89,3506,5892
GTCTATTGGTTCCGGT-1,0,50,90,3451,5795
CTAGGCGCCCTATCAG-1,0,51,91,3395,5892
AACGGACGTACGTATA-1,0,50,92,3340,5795
AACACACGCTCGCCGC-1,0,51,93,3284,5891
GCTACTATAGTAGAGT-1,0,50,94,3229,5794
AGCATATCAATATGCT-1,0,51,95,3173,5891
CGAACAGTATGGGCGT-1,0,50,96,3118,5794
ACAATTGTGTCTCTTT-1,0,51,97,3062,5890
GATCGCTACCCGATTT-1,0,50,98,3007,5793
ATTGCGATCAGTAACT-1,0,51,99,2951,5890
CAGCAGTCCAGACTAT-1,0,50,100,2896,5793
AGAGGCTTCGGAAACC-1,0,51,101,2840,5889
AAACAAGTATCTCCCA-1,0,50,102,2785,5792
GGCAGCAAACCTATGC-1,0,51,103,2729,5888
ACTAGTTGCGATCGTC-1,0,50,104,2674,5792
TTGGACCATCTGGCAA-1,0,51,105,2618,5888
CCCTCCTCGCTCGTAT-1,0,50,106,2563,5791
GAGCGCAAATACTCCG-1,0,51,107,2507,5887
ATTACATGTCAGTCTT-1,0,50,108,2452,5791
TTGGGACGTAAGAGTT-1,0,51,109,2396,5887
CTTCGGCCAATTGTTT-1,0,50,110,2341,5790
AGACCGCTCCGCGGTT-1,0,51,111,2285,5886
GACCGCGTCTGACGTG-1,0,50,112,2230,5789
CCAAATAACAAGATTC-1,0,51,113,2174,5886
TCTTTAGAGTCTAACA-1,0,50,114,2119,5789
CTCCCAATGAGTCGCG-1,0,51,115,2063,5885
TAGTCTTTCCGAATTG-1,0,50,116,2008,5788
GAGTAAACCGGAAAGT-1,0,51,117,1952,5885
GATCTCGACGCTGTGG-1,0,50,118,1897,5788
CTGACATAGAAATAGA-1,0,51,119,1841,5884
TATACCGAGTGCCACA-1,0,50,120,1786,5787
TCCGAACGTTGCCGCT-1,0,51,121,1730,5884
GCAGAAGGTAATCTCC-1,0,50,122,1675,5787
GGTACTAAGTGCTTTG-1,0,51,123,1619,5883
CAGAATATTCGTTATC-1,0,50,124,1564,5786
TAATCAACCAAATGGG-1,0,51,125,1508,5883
TCTGCTTAGAACAAGC-1,0,50,126,1453,5786
AACTGAGTTATACTGA-1,0,51,127,1397,5882
CCTCAACGATCGCTGT-1,0,52,0,8446,6013
CGGTACGGCAAACCCA-1,0,53,1,8390,6109
CAGATGTTTGTCCCAA-1,0,52,2,8335,6012
GTTTGTTAGCCAAGTA-1,0,53,3,8279,6109
ACGTGACAAAGTAAGT-1,0,52,4,8224,6012
TTGTCACCGCGGTATC-1,0,53,5,8168,6108
GATCTAACCGTATTCA-1,0,52,6,8113,6011
ATGGAAATTTAAGGAG-1,0,53,7,8057,6108
ATTGATCACCACATTT-1,0,52,8,8002,6011
ACTGCTCGGAAGGATG-1,0,53,9,7946,6107
TCTAAAGAACAGTCTC-1,0,52,10,7891,6010
CTGGGTTGAGTTAAAG-1,0,53,11,7835,6106
CCCAGTAAACTTGGGA-1,0,52,12,7780,6010
AGATTCACAACCGATA-1,0,53,13,7724,6106
AGAAGGTACACTTCAC-1,0,52,14,7669,6009
GCAGGAACTTAGATCT-1,0,53,15,7613,6105
AATCTAGGTTTACTTG-1,0,52,16,7558,6009
CCCGGTGTATCGGAAT-1,0,53,17,7502,6105
TTATCCTCAAGGAATA-1,0,52,18,7447,6008
AGCATCATTTCGAAAG-1,0,53,19,7391,6104
CGCGAGTCTGCCGGGT-1,0,52,20,7336,6007
TGCGTCATGACTGAGC-1,0,53,21,7280,6104
GTATGAAATTTCACTC-1,0,52,22,7225,6007
TTGGTTGCGGTGCGCG-1,0,53,23,7169,6103
ACAGAACTGAGAACAA-1,0,52,24,7114,6006
CTACTATCATAGGTTT-1,0,53,25,7058,6103
CCTCTATCGATTAGCA-1,0,52,26,7003,6006
CCGTATCTCGTCGTAG-1,0,53,27,6947,6102
TCACGATGTCCGTGGA-1,0,52,28,6892,6005
TCAACAAAGATAATTC-1,0,53,29,6836,6102
ATGACGCGTTCTATCC-1,0,52,30,6781,6005
ATTTGCGCGAGTAGCT-1,0,53,31,6725,6101
TTCTTGGACGATCTGC-1,0,52,32,6670,6004
AGACGACGATGCCGCT-1,0,53,33,6614,6101
GGTCTCTGAATGGACT-1,0,52,34,6559,6004
GCTCAATCCGTTTATT-1,0,53,35,6503,6100
CCAGAAAGCAACTCAT-1,0,52,36,6448,6003
CACCGTTAGGGATCAC-1,0,53,37,6392,6099
AATAACACTAGAACAA-1,0,52,38,6337,6003
CACCCGGTTTGTGACT-1,0,53,39,6281,6099
CCACCAACTTTACTGT-1,0,52,40,6226,6002
AACTCTCAGTGTGCTC-1,0,53,41,6170,6098
AAACCGTTCGTCCAGG-1,1,52,42,6115,6002
CAGCGATTCCCTTCAA-1,0,53,43,6059,6098
GCTAGCTTGAATAGCT-1,1,52,44,6004,6001
TTGCGGCATCAGAAAG-1,1,53,45,5948,6097
AATAGAACAGAGTGGC-1,1,52,46,5893,6000
GCCATCGAGCTGCGTG-1,1,53,47,5837,6097
ACACTGATCAAGGTGT-1,1,52,48,5782,6000
ACCAACGCTTATTTAT-1,1,53,49,5726,6096
GACATCGATTTATAAC-1,1,52,50,5671,5999
CAGACACCGATCGCTG-1,1,53,51,5615,6096
CCAAGAAAGTGGGCGA-1,1,52,52,5560,5999
GGTAGACCGTTGGGCG-1,1,53,53,5504,6095
TCGTTAGGAGTCCCTA-1,1,52,54,5449,5998
ACGGCCAACATGGACT-1,1,53,55,5393,6095
GTGAGTGGTACAACGC-1,1,52,56,5338,5998
GAGACTTCGCGACCGA-1,1,53,57,5282,6094
GAAGTCAGTTGCACTA-1,1,52,58,5227,5997
GTTTGGTAGGGTCAAC-1,1,53,59,5171,6094
ACGGCACTTGCTTGGG-1,1,52,60,5116,5997
CCTCTGTACTATTCTA-1,1,53,61,5060,6093
CTATTCATGTGTCCCA-1,1,52,62,5005,5996
GCCCGATCTGTGGTCG-1,1,53,63,4949,6092
TTAGAAGAACATGACT-1,1,52,64,4894,5996
AGGATAAAGTCGGGAT-1,1,53,65,4838,6092
CGGCAAACATCGTGCG-1,1,52,66,4783,5995
CTAGTTACAACCCGGT-1,1,53,67,4727,6091
TTCGACAGAGCCCGTG-1,1,52,68,4672,5994
AAGCATACTCTCCTGA-1,1,53,69,4616,6091
GACGACGATCCGCGTT-1,1,52,70,4561,5994
GGTAGAAGACCGCCTG-1,1,53,71,4505,6090
GAGATGGGAGTCGACA-1,1,52,72,4450,5993
AACGATAATGCCGTAG-1,1,53,73,4394,6090
TGGTCCCACGCTACGG-1,1,52,74,4339,5993
CTGCTTGGCGATAGCT-1,1,53,75,4283,6089
ATCGGAGACAGACGGC-1,1,52,76,4228,5992
TAGCGTCCGGTGTGGT-1,1,53,77,4172,6089
GTTGAGTCCCGCCGGT-1,1,52,78,4117,5992
AAATAGGGTGCTATTG-1,1,53,79,4061,6088
AAGTGTTTGGAGACGG-1,1,52,80,4006,5991
AGCACTACCTCACCAG-1,1,53,81,3950,6088
TGCCTTGGCCAGGCAA-1,1,52,82,3895,5991
TCGTCTTAGGCGTTAA-1,1,53,83,3839,6087
TTCTGACCGGGCTCAA-1,1,52,84,3784,5990
CAGAACTTAGCCCTCT-1,0,53,85,3728,6086
AGCTCCTTCGCACATC-1,1,52,86,3673,5990
ACAGGCTTGCCCGACT-1,0,53,87,3617,6086
GCTATACGTCTCGGAC-1,0,52,88,3562,5989
GAGCCAGCTACCTGTG-1,0,53,89,3506,6085
TGCTAAGTGTCTATTT-1,0,52,90,3450,5989
GTCCTACGAATAGTCT-1,0,53,91,3395,6085
CAGTGTCGGCTGGCCC-1,0,52,92,3339,5988
CTATCGACGAAATACA-1,0,53,93,3283,6084
CATCATTACCCTGAGG-1,0,52,94,3228,5987
TAAGTTGCGACGTAGG-1,0,53,95,3172,6084
AGTGCACGCTTAAGAA-1,0,52,96,3117,5987
TGTGCCGGTGCCGGAA-1,0,53,97,3061,6083
AGGAGGCCTTCGCGCG-1,0,52,98,3006,5986
TCCGCGGCCCAATGAA-1,0,53,99,2950,6083
TCCGTTAAGCTAATAT-1,0,52,100,2895,5986
AAATCTAGCCCTGCTA-1,0,53,101,2839,6082
CGCAGGCGATCCAAAC-1,0,52,102,2784,5985
CCATATGGAAACTATA-1,0,53,103,2728,6082
CACCGTATCCCATCCG-1,0,52,104,2673,5985
GGTCAAGACTACTTCG-1,0,53,105,2617,6081
CCCGTTTCGCAGATGT-1,0,52,106,2562,5984
GTTATAATACGGTGAA-1,0,53,107,2506,6081
ACTTGTGGATGGAACG-1,0,52,108,2451,5984
GTTCGCTGAGACGTCT-1,0,53,109,2395,6080
GACACTGGAACCCGAT-1,0,52,110,2340,5983
CCCAGGTCTGAAGGCT-1,0,53,111,2284,6079
TCTCGAGGAGGTTCGC-1,0,52,112,2229,5983
ACTATCTGCCCGCGTA-1,0,53,113,2173,6079
CCTAAATTGTATCCTA-1,0,52,114,2118,5982
AGAAATTATGACTCGC-1,0,53,115,2062,6078
TCCAGCGCTATAAGCG-1,0,52,116,2007,5982
TCGTGTATTGGTCACG-1,0,53,117,1951,6078
CCACATACTGCACCCA-1,0,52,118,1896,5981
GTTGCGGACGGTCAGG-1,0,53,119,1840,6077
GTATTTAATGGCATAA-1,0,52,120,1785,5980
GTCGATAGGTGACTTT-1,0,53,121,1729,6077
AATAATCTTCGTATCG-1,0,52,122,1674,5980
ATTGTTCAACGATCCG-1,0,53,123,1618,6076
GTGCAGCGTAGAGTAG-1,0,52,124,1563,5979
TGTGGTAGGGTGCCTT-1,0,53,125,1507,6076
TGTGGACTATCTACGT-1,0,52,126,1452,5979
GGCGGGCTCTAAGAGT-1,0,53,127,1396,6075
TGTGCCAGAGGCAAAG-1,0,54,0,8445,6206
TGGCTTATGTATAATG-1,0,55,1,8389,6302
GCAAGCTGGAAACCGC-1,0,54,2,8334,6206
GATATCAAGCAGGAGC-1,0,55,3,8278,6302
CACCAATCATCCGTCT-1,0,54,4,8223,6205
CCACATGGCTCTTTAT-1,0,55,5,8167,6301
GTCCTACTCTACGGGC-1,0,54,6,8112,6204
CTCGAGACATACGATA-1,0,55,7,8056,6301
TATCAGTGGCGTAGTC-1,0,54,8,8001,6204
TGACAGGACAAGTCCA-1,0,55,9,7945,6300
TATTAACACCAAAGCA-1,0,54,10,7890,6203
TAGGCGATGAGGTCTC-1,0,55,11,7834,6300
CCGCCGGAACTTCTCG-1,0,54,12,7779,6203
GCCATTAGCCTCAAAC-1,0,55,13,7723,6299
GTTAGGCTACCCGTTT-1,0,54,14,7668,6202
GGGTATTCTAGCAAAC-1,0,55,15,7612,6299
GCCCTAGCCGTCGCGA-1,0,54,16,7557,6202
CAGATCCTGGTTTGAA-1,0,55,17,7501,6298
CTTCAGTGGTCGCCTA-1,0,54,18,7446,6201
GGGCAACCGCACGTGC-1,0,55,19,7390,6298
GACCCAATTATGATAC-1,0,54,20,7335,6201
GAAGCTCGGACCCGTC-1,0,55,21,7279,6297
CGTCGGGTCTAAGCGC-1,0,54,22,7224,6200
GAGGCCCGACTCCGCA-1,0,55,23,7168,6296
TTGCCATAGCCCGCTC-1,0,54,24,7113,6200
TAACATACACGCGATC-1,0,55,25,7057,6296
CCGACGGGCATGAGGT-1,0,54,26,7002,6199
AATGTGCCCGAGGTGT-1,0,55,27,6946,6295
AGCTGTAACCTCAATC-1,0,54,28,6891,6198
CGAGTGAAGGTACCAG-1,0,55,29,6835,6295
AGTCTCACAAGACTAC-1,0,54,30,6780,6198
AAATTGATAGTCCTTT-1,0,55,31,6724,6294
TAAGTCGCCGAGTATC-1,0,54,32,6669,6197
GCGGAGAAACTTCGCA-1,0,55,33,6613,6294
GGCAAAGGCGCCAATA-1,0,54,34,6558,6197
ATTTCCGGGTTCTGCG-1,0,55,35,6502,6293
TAAACCCAGGAGGGCA-1,0,54,36,6447,6196
TTCGGGCGCTAGTCTT-1,0,55,37,6391,6293
GTGGAGTCGGCGGTTG-1,0,54,38,6336,6196
GCACGCCTACTTAGAT-1,0,55,39,6280,6292
CAATATTCTTGACCTA-1,0,54,40,6225,6195
CGTTTGTGTAGAGGGT-1,0,55,41,6169,6292
CATAGCGTTGCCCACC-1,0,54,42,6114,6195
TGATACATTTAGCCGT-1,0,55,43,6058,6291
TTCCGGCCTTGAGGCT-1,0,54,44,6003,6194
CCTATACCGTCCTGTC-1,0,55,45,5947,6290
TCGTTGCTATCCGGTC-1,1,54,46,5892,6194
TGGCGACTGCTCCAAA-1,1,55,47,5836,6290
CAGAGGCGATGCATGA-1,1,54,48,5781,6193
TCACAGGAGAATAAGA-1,1,55,49,5725,6289
GGGTTAACATTTGAGT-1,1,54,50,5670,6193
GCGGGCGAGCCTTACC-1,1,55,51,5614,6289
TGCCAATGGGTACTCT-1,1,54,52,5559,6192
AGGGACTCTACGCGAC-1,1,55,53,5503,6288
GACGCCGTAAAGGCTA-1,1,54,54,5448,6191
AAAGGCTCTCGCGCCG-1,1,55,55,5392,6288
CTGGCTGGTTGTCAGT-1,1,54,56,5337,6191
ACATCCCGGCCATACG-1,1,55,57,5281,6287
CTCTTGTCCCGCTTGG-1,1,54,58,5226,6190
TACGCCTCCATTCCGA-1,1,55,59,5170,6287
CGGAGCAATTTAATCG-1,1,54,60,5115,6190
AACTAGGCTTGGGTGT-1,1,55,61,5059,6286
GCGTCGCCAGGGTGAT-1,1,54,62,5004,6189
GTTGGTCATGCTATCC-1,1,55,63,4948,6286
GCTGGCGGCGCATGCT-1,1,54,64,4893,6189
TGAGCGGAAAGTGTTC-1,1,55,65,4837,6285
CTTTCTGTGCGGGCTT-1,1,54,66,4782,6188
ATCTAATATCCTACGG-1,1,55,67,4726,6285
AACCTTTAAATACGGT-1,1,54,68,4671,6188
TTCACTCGAGCACCTA-1,1,55,69,4615,6284
CTGCACTCCAGTACAG-1,1,54,70,4560,6187
CCATTTCTACCTATTA-1,1,55,71,4504,6283
CAAGCGGCACATAATT-1,1,54,72,4449,6187
GTTAACATCACTTAAA-1,1,55,73,4393,6283
ATATAAATGTAGCTGC-1,1,54,74,4338,6186
GCCTCTATACATAGCA-1,1,55,75,4282,6282
GTGTCGTATAGCGTTC-1,1,54,76,4227,6186
ATACGTACTTAGCCAC-1,1,55,77,4171,6282
GCTATCATACTCATGG-1,1,54,78,4116,6185
TATCCAATTGGTTATC-1,1,55,79,4060,6281
TCTCCCTGGGCAGCGT-1,1,54,80,4005,6184
CCTATAATGAGTGCCC-1,0,55,81,3949,6281
CAATGCGAGAAGTATC-1,1,54,82,3894,6184
TACCAATAAAGTACCA-1,0,55,83,3838,6280
GCTAGGCACCACGGAG-1,0,54,84,3783,6183
GGTGGACTGCTCTGGC-1,0,55,85,3727,6280
TATTCCGAGCTGTTAT-1,0,54,86,3672,6183
TTGAGAAGTTTAGCAT-1,0,55,87,3616,6279
GTCCGGACCTGAAATT-1,0,54,88,3561,6182
CTGTGGTCGGGAGATA-1,0,55,89,3505,6279
CATGTAAGAGACATTT-1,0,54,90,3450,6182
CACGTTTCGTACACAC-1,0,55,91,3394,6278
CATCCTCTCAAAGATC-1,0,54,92,3339,6181
GATTAACCGAAAGCCC-1,0,55,93,3283,6278
AACGCTGTTGCTGAAA-1,0,54,94,3228,6181
TTCAGCTGGCGTGCCC-1,0,55,95,3172,6277
TAGAGGTTCTACTTGT-1,0,54,96,3116,6180
GTATCAAACGTTAGCT-1,0,55,97,3061,6276
AATCATGTAAAGACTC-1,0,54,98,3005,6180
AGTCACTAGCTCTCGA-1,0,55,99,2949,6276
GCGAAACGATCGGGAG-1,0,54,100,2894,6179
CATGGATTGTCTTCCG-1,0,55,101,2838,6275
ATTGGATTACAGCGTA-1,0,54,102,2783,6178
CACACACGCTAACGAG-1,0,55,103,2727,6275
CTATGGGAAGCGGAAT-1,0,54,104,2672,6178
TGCCTAATTGAAGATT-1,0,55,105,2616,6274
TGGCAATGGGACGGCG-1,0,54,106,2561,6177
ACCTCCGCCCTCGCTG-1,0,55,107,2505,6274
CGGCAATAAGATCGCC-1,0,54,108,2450,6177
CCTTGACCACTTTATT-1,0,55,109,2394,6273
TCATTTAGAAGTGTGA-1,0,54,110,2339,6176
CAGAATAACACACGGA-1,0,55,111,2283,6273
TCTGAGCAATTGACTG-1,0,54,112,2228,6176
CAACGTGGTGGAGTCT-1,0,55,113,2172,6272
CACAGTTCGCTTCCCA-1,0,54,114,2117,6175
TCTCTCGCCGCACATA-1,0,55,115,2061,6272
TGGGCAGGCCACCGCA-1,0,54,116,2006,6175
CTCCTGTTCAAGGCAG-1,0,55,117,1950,6271
TATTTGATTTGCACAG-1,0,54,118,1895,6174
GCCACTCCTTACGGTA-1,0,55,119,1839,6270
ACCGATATTTAATCAT-1,0,54,120,1784,6174
TTATTATCTGGAAGGC-1,0,55,121,1728,6270
TACATGCCGGAATTGT-1,0,54,122,1673,6173
GGCACTCAGCCGACCC-1,0,55,123,1617,6269
AAACCGGAAATGTTAA-1,0,54,124,1562,6173
AGACAGGCATCTCAGC-1,0,55,125,1506,6269
GTGGTGATGGTTTGTG-1,0,54,126,1451,6172
CCGATATGACGTAAGG-1,0,55,127,1395,6268
CATACACAAAGTCAGC-1,0,56,0,8445,6399
TGCCGTTCTTAATCGG-1,0,57,1,8389,6496
TCGAGTCTACGATTCG-1,0,56,2,8334,6399
ACTTCCAGTGGAAGCT-1,0,57,3,8278,6495
CAATTGGGCCGCACTC-1,0,56,4,8222,6398
AAATCGCGGAAGGAGT-1,0,57,5,8167,6494
ATATCAATTCCAGCCT-1,0,56,6,8111,6398
CTTTGTCGAATGCTCC-1,0,57,7,8055,6494
TGAGGCATGTACTGTG-1,0,56,8,8000,6397
TTCGCCGCTCGCGCTA-1,0,57,9,7944,6493
GACTCCTTCCAATTGA-1,0,56,10,7889,6397
ACCGAAGAGTCTGGTT-1,0,57,11,7833,6493
TGGCATGAAGTTTGGG-1,0,56,12,7778,6396
ACGAGGTTTACAACGT-1,0,57,13,7722,6492
AACCCATCCCATGATC-1,0,56,14,7667,6395
TCGACAACTGAACCCG-1,0,57,15,7611,6492
TATCTTGCAATACAAC-1,0,56,16,7556,6395
TATTATGTTTGCCTGC-1,0,57,17,7500,6491
GTCAAAGAAGTGGTGT-1,0,56,18,7445,6394
GGGACAGAGTTACTCC-1,0,57,19,7389,6491
AGCAACCGAAAGTAAT-1,0,56,20,7334,6394
CTCTCTAACTGCCTAG-1,0,57,21,7278,6490
ATACGGAACGTCGTTT-1,0,56,22,7223,6393
TCGGTCCCGACAATAG-1,0,57,23,7167,6490
CGCGCAAATGTCCAGA-1,0,56,24,7112,6393
TCTAATACTGCCTCAG-1,0,57,25,7056,6489
CTCGGTTGTCGGCCCT-1,0,56,26,7001,6392
GGTAACCGGGAGGATA-1,0,57,27,6945,6489
CAGGCGCACGGTGGTC-1,0,56,28,6890,6392
TCATCGATGGTCCCAA-1,0,57,29,6834,6488
CAAAGATTATTGGGCC-1,0,56,30,6779,6391
ACAATGAATACGGAGA-1,0,57,31,6723,6487
GCTCCTGACATACTGG-1,0,56,32,6668,6391
GATGACAAGTAGGGCA-1,0,57,33,6612,6487
TACGCCGAGGGTACCC-1,0,56,34,6557,6390
AAGCGTCCCTCATCGA-1,0,57,35,6501,6486
CACTCCTATGTAAGAT-1,0,56,36,6446,6389
TCGAGCCAGGCAGGCC-1,0,57,37,6390,6486
TCGTCAAGTACGCGCA-1,0,56,38,6335,6389
CCCGTAGCTGGGAAGA-1,0,57,39,6279,6485
ACCCTATGCCATATCG-1,0,56,40,6224,6388
GTGGTATAGTCTGCCG-1,0,57,41,6168,6485
CCGGTTTGTAATTGTG-1,0,56,42,6113,6388
GTCGCCGTTGTGTGTT-1,0,57,43,6057,6484
TACTGAACAGATTTAG-1,0,56,44,6002,6387
TATTAACCTGACCGCG-1,0,57,45,5946,6484
CTGTAGCCATCTCACT-1,0,56,46,5891,6387
TACTATGGTTCCTCAG-1,0,57,47,5835,6483
GAGTCAGACCAGAATC-1,1,56,48,5780,6386
TAAGGCATAACATCAA-1,1,57,49,5724,6483
CTTCCGCTCCGTGAAG-1,1,56,50,5669,6386
GGGCTATGATCGATGG-1,1,57,51,5613,6482
GGTCGGTCGTCCACAG-1,1,56,52,5558,6385
GGGACCCGTATATCTT-1,1,57,53,5502,6481
GAAAGCAGTGCACTTT-1,1,56,54,5447,6385
AGCGCATAATGAATCG-1,1,57,55,5391,6481
GCTGCTAAGTAGTCGA-1,1,56,56,5336,6384
AATAGTCCGTCCCGAC-1,1,57,57,5280,6480
AGCAGCCAGATGAATA-1,1,56,58,5225,6384
CCTCGCGCTGTGCGAT-1,1,57,59,5169,6480
TTGTGTATGCCACCAA-1,1,56,60,5114,6383
TGCTCGGCGAAACCCA-1,1,57,61,5058,6479
CGATTAAATATCTCCT-1,1,56,62,5003,6382
TGCCGTGGATCGTCCT-1,1,57,63,4947,6479
GTGGACGCATTTGTCC-1,1,56,64,4892,6382
ACCCGGAAACTCCCAG-1,1,57,65,4836,6478
CCGCATGTGGTACGAT-1,1,56,66,4781,6381
GCAAACCTTGGCCATA-1,1,57,67,4725,6478
ATTCACTGATGTTGGA-1,1,56,68,4670,6381
ACTCCCTAATGCTAAA-1,1,57,69,4614,6477
TCCTAAATTGGGAAGC-1,1,56,70,4559,6380
GAACAGATTACTAAAT-1,1,57,71,4503,6477
ATACAGGCCCTCCAAT-1,1,56,72,4448,6380
CGATTCGCCTGGCTGC-1,1,57,73,4392,6476
TCCGCCTGTCTACAAG-1,1,56,74,4337,6379
CACATCTCACCGACGA-1,1,57,75,4281,6476
CGTCGTCCTTCGCGAA-1,1,56,76,4226,6379
CGTTGAATACCGCGCT-1,0,57,77,4170,6475
ACCAATATGCAAGTTA-1,1,56,78,4115,6378
ACGGATGGTGCGGATA-1,0,57,79,4059,6474
CACCCTAACAAGATCT-1,0,56,80,4004,6378
AAGCTCTTTCATGGTG-1,0,57,81,3948,6474
CATGGGTATGCCTTAT-1,0,56,82,3893,6377
GCGCGTCATTGGTACA-1,0,57,83,3837,6473
TCTGAAGCACGTGGTC-1,0,56,84,3782,6377
AAGTTCACTCCAAGCT-1,0,57,85,3726,6473
TTGGACCTATAACAGT-1,0,56,86,3671,6376
ATCAGCCTCATGCTGC-1,0,57,87,3615,6472
AGTACTCTTATGCCCA-1,0,56,88,3560,6375
GCGCTTAAATAATTGG-1,0,57,89,3504,6472
TTGTGAACCTAATCCG-1,0,56,90,3449,6375
AGTCGTCGACCACCAA-1,0,57,91,3393,6471
TCCTTTAAATCCGCTT-1,0,56,92,3338,6374
ACTGAAACGCCGTTAG-1,0,57,93,3282,6471
GCACACACTGGTAGCC-1,0,56,94,3227,6374
TAAGGGCCTGTCCGAT-1,0,57,95,3171,6470
GCTAGAGTAGAGATGT-1,0,56,96,3116,6373
CACAGGGCCATATAGT-1,0,57,97,3060,6470
CCATGCCCTAGATTTC-1,0,56,98,3005,6373
TCGCGTAGCAGTGTCC-1,0,57,99,2949,6469
GACGAGGCTAATAAAC-1,0,56,100,2894,6372
CTACACTCGCAGATGG-1,0,57,101,2838,6469
ACGCATACGTTTACTA-1,0,56,102,2782,6372
GGAGCAACATTTCAAG-1,0,57,103,2727,6468
CGAGAGGGTAGCCGCG-1,0,56,104,2671,6371
TCGTGTTCGACCACAA-1,0,57,105,2615,6467
TCTACCCAATAGAGAG-1,0,56,106,2560,6371
ATAAACGTTGCACCAC-1,0,57,107,2504,6467
TCAACTGCAGAGTCAG-1,0,56,108,2449,6370
AGCTCCATATATGTTC-1,0,57,109,2393,6466
GTAACATCTAAGATAA-1,0,56,110,2338,6369
CCGACAATAGGCCGCC-1,0,57,111,2282,6466
ATGCTTAGGAGTTGAT-1,0,56,112,2227,6369
AACCCGAGCAGAATCG-1,0,57,113,2171,6465
CGGGTTTGTTAGGGCT-1,0,56,114,2116,6368
AGGCACGTGACTGTCC-1,0,57,115,2060,6465
GACAAGAGATGAGATT-1,0,56,116,2005,6368
AGCCCTTGGACATCCC-1,0,57,117,1949,6464
GCAGTTCGATCCGAGC-1,0,56,118,1894,6367
TCGAGGGCAACAGACG-1,0,57,119,1838,6464
ACTTTGTCGACGCACT-1,0,56,120,1783,6367
GAGTATCAAAGTTACA-1,0,57,121,1727,6463
CCAGGCTGGCGTCTGA-1,0,56,122,1672,6366
GGACTCTTCCGGTTGA-1,0,57,123,1616,6463
TCCCAGCACACGACAT-1,0,56,124,1561,6366
GCTCCATGAGTGCAGA-1,0,57,125,1505,6462
GCAGTGCGGGCGGATG-1,0,56,126,1450,6365
GCGTTCTGACTAAGCG-1,0,57,127,1394,6461
ATTTGGAGATTGCGGT-1,0,58,0,8444,6592
AAGGGTTTGATTTCAG-1,0,59,1,8388,6689
CCGGCCGCGAGCATAT-1,0,58,2,8333,6592
GAGTTCTGTGGGTGCT-1,0,59,3,8277,6688
AAACGAAGATGGAGTA-1,0,58,4,8222,6591
AATTACGAGACCCATC-1,0,59,5,8166,6688
CCTTTGAATTATGGCT-1,0,58,6,8111,6591
CATGGTATTAGTTTGT-1,0,59,7,8055,6687
AACGAAAGTCGTCCCA-1,0,58,8,8000,6590
ACATAAGTCGTGGTGA-1,0,59,9,7944,6687
GCACAACCTCGGGCGT-1,0,58,10,7888,6590
ATGCACGCGCTGTTCA-1,0,59,11,7833,6686
CGATGTTGTTATCTAC-1,0,58,12,7777,6589
GTCTCCTGCCAGTATG-1,0,59,13,7721,6685
GATGCCTTCTGCGGCA-1,0,58,14,7666,6589
ACCGGTCAGGTACACC-1,0,59,15,7610,6685
GTGGAGCGTTTACCGA-1,0,58,16,7555,6588
AGGCGGTTTGTCCCGC-1,0,59,17,7499,6684
TCCCTGGCGTATTAAC-1,0,58,18,7444,6588
AAACACCAATAACTGC-1,0,59,19,7388,6684
TGGACGCAATCCAGCC-1,0,58,20,7333,6587
GGAACCTTGACTCTGC-1,0,59,21,7277,6683
GTATCTCAGTCTTGAC-1,0,58,22,7222,6586
GCTGAATCTTCCAATC-1,0,59,23,7166,6683
AGATGCAAGACGTGCA-1,0,58,24,7111,6586
TTAAGGCCCGTACTTT-1,0,59,25,7055,6682
AGTATGCTGGAGACCA-1,0,58,26,7000,6585
GCGGCAAAGTATTGCC-1,0,59,27,6944,6682
GCGCAAATATATTCAA-1,0,58,28,6889,6585
GAAGAAACGATATTGT-1,0,59,29,6833,6681
GGACCTCTAGGCCGCC-1,0,58,30,6778,6584
AACAGCTGTGTGGCAA-1,0,59,31,6722,6681
TCGAATATCCCGCAGG-1,0,58,32,6667,6584
GCGACCCAACCATCTG-1,0,59,33,6611,6680
AGAGAAGGAGTACAAT-1,0,58,34,6556,6583
GGCTCCTCCACCTGTT-1,0,59,35,6500,6680
TCAGTGTATACGTCAT-1,0,58,36,6445,6583
ATTATTATGTCCGTCA-1,0,59,37,6389,6679
TTAGGTCATAACCGAC-1,0,58,38,6334,6582
AAGATGGCACCGGACC-1,0,59,39,6278,6678
CTACAAGAAATAACCC-1,0,58,40,6223,6582
ACTATTTCCGGGCCCA-1,0,59,41,6167,6678
TTGTTTCACATCCAGG-1,0,58,42,6112,6581
CGCTGTGTGGATGTTG-1,0,59,43,6056,6677
TCAACATAGCGCCCTA-1,0,58,44,6001,6581
GGCCGTTTGGGTTTCA-1,0,59,45,5945,6677
TACTCTTTCGTCTTCA-1,0,58,46,5890,6580
TTCGCGCGCCATACGA-1,0,59,47,5834,6676
CGGAAAGAATCAAACG-1,0,58,48,5779,6579
AGGCAGGGAGCGTACT-1,0,59,49,5723,6676
CCTTTAAGGGAGCACT-1,0,58,50,5668,6579
CGCCCAGCACGCCTAG-1,0,59,51,5612,6675
AGTATTTGGCACGACC-1,1,58,52,5557,6578
TATCCGCACCGTCGGG-1,1,59,53,5501,6675
ACCCGTGTCATCAGTA-1,1,58,54,5446,6578
CAACTGCTCATCCGAT-1,1,59,55,5390,6674
CCGGAGCGTACTTTCT-1,1,58,56,5335,6577
TACCGTAGGTTAACTA-1,1,59,57,5279,6674
TGAGGAGTGCCAGCTT-1,1,58,58,5224,6577
CCAGTCTTGTCATAGA-1,1,59,59,5168,6673
GGGCAGAGCAATCGTT-1,1,58,60,5113,6576
TACCAAATAGCCCAGA-1,1,59,61,5057,6673
TACCTACTCCCAGTAT-1,1,58,62,5002,6576
TGTGAGACTAGCCCAA-1,1,59,63,4946,6672
ATACCTAACCAAGAAA-1,1,58,64,4891,6575
GTCGGGAAGCAGAAAC-1,1,59,65,4835,6671
AATTAACGGATTTCCA-1,1,58,66,4780,6575
GAACCCTCTGTGTTCT-1,1,59,67,4724,6671
ATATAAAGCGCTCGTG-1,1,58,68,4669,6574
CCTGGTCGAATGTGGG-1,1,59,69,4613,6670
CTAGGTTCGGACGTGA-1,1,58,70,4558,6573
TCGGGAGACAGCGTAC-1,0,59,71,4502,6670
CATAAGAAGCTTGGCT-1,0,58,72,4447,6573
AAGCACCCTGCGTATC-1,0,59,73,4391,6669
AGTTTGCACCTGCCTC-1,0,58,74,4336,6572
GACTGCAAATCGAGCT-1,0,59,75,4280,6669
GTGTATATCAGCGGGC-1,0,58,76,4225,6572
CTTCAACTCCACTTGG-1,0,59,77,4169,6668
ACTTACGCATCCACGC-1,0,58,78,4114,6571
CATGAGATGCACTCTC-1,0,59,79,4058,6668
GAGCACCTGTGTCCAG-1,0,58,80,4003,6571
CGCGACCGCGACAGAT-1,0,59,81,3947,6667
GTCCCGCGACGTTATG-1,0,58,82,3892,6570
GCAGTGTGGCTATAGG-1,0,59,83,3836,6667
ATACTGCCTTACACCG-1,0,58,84,3781,6570
TACAGAAACGGTGGGC-1,0,59,85,3725,6666
GGCGCGGAGATCTTTC-1,0,58,86,3670,6569
CGTTAATGTCCCGACG-1,0,59,87,3614,6665
GCTAACTGAAGTCTGA-1,0,58,88,3559,6569
AGTGATAACCTGCGCG-1,0,59,89,3503,6665
TATGATCTTCTCTTTA-1,0,58,90,3448,6568
TGTACCTACACGAGGG-1,0,59,91,3392,6664
ATATCGTTCCTCGAAC-1,0,58,92,3337,6568
CGGCGCCATCAATCCC-1,0,59,93,3281,6664
CCTGTTTGAAGACACG-1,0,58,94,3226,6567
GCCACTCAGAGCGCGA-1,0,59,95,3170,6663
TCGGCTTGTATCGACG-1,0,58,96,3115,6566
TAGATGGTTCCTTACT-1,0,59,97,3059,6663
ATCGTTAGCTAGCGGA-1,0,58,98,3004,6566
ACAGCGACATTCTCAT-1,0,59,99,2948,6662
ATTCAACCATTTAAGG-1,0,58,100,2893,6565
CACTCTTCTGCTAGCC-1,0,59,101,2837,6662
CTAACTGATAATCGCC-1,0,58,102,2782,6565
TGATGTCAATTAAGTG-1,0,59,103,2726,6661
CGCCGTTCAGCATAGT-1,0,58,104,2671,6564
ATACTACCCGTACCAC-1,0,59,105,2615,6661
CCACTGTTTGGATTAA-1,0,58,106,2560,6564
CACTACGGGAGCTGCC-1,0,59,107,2504,6660
GACCAAACGTTGACTG-1,0,58,108,2448,6563
AAGAGGCCCTTTGGAA-1,0,59,109,2393,6660
ACACGTAGGCCACAAG-1,0,58,110,2337,6563
TACTCTTACTTTACTG-1,0,59,111,2281,6659
AGAGCCGCCGAGATTT-1,0,58,112,2226,6562
GGCCTGCTTCTCCCGA-1,0,59,113,2170,6658
TCAAGCGCGGACGGTA-1,0,58,114,2115,6562
ACACTGGGACAGTCGT-1,0,59,115,2059,6658
TGTGTAGTAGCACGTG-1,0,58,116,2004,6561
CTAGCCACAGGCGAGC-1,0,59,117,1948,6657
CTATCGCGTAGAGAAC-1,0,58,118,1893,6561
GTTCCCGTAAACATAT-1,0,59,119,1837,6657
TCTTTCCTTCGAGATA-1,0,58,120,1782,6560
ATATTGGAGAGGCCTT-1,0,59,121,1726,6656
AGGCGATAACTGGCGT-1,0,58,122,1671,6559
ACCCGGAGCACCACAA-1,0,59,123,1615,6656
TGAGCTCAACTGTATA-1,0,58,124,1560,6559
ACGACCCATGAGTTGC-1,0,59,125,1504,6655
CGGTCAGTCCATATTT-1,0,58,126,1449,6558
TCCGGCTGTCGGGTCG-1,0,59,127,1393,6655
ATTCCCGAAGGTACAG-1,0,60,0,8443,6786
CTAACAGCACAATAAC-1,0,61,1,8387,6882
TTGTGCGGAAGCGGAT-1,0,60,2,8332,6785
GGGCACTATTGACCAT-1,0,61,3,8276,6881
CCATAGAGGCTGCCAG-1,0,60,4,8221,6784
CCGAAGCATTGACCAA-1,0,61,5,8165,6881
TACTGAGGGAAGAAAG-1,0,60,6,8110,6784
TATGTAGAAACCCGGC-1,0,61,7,8054,6880
TGGTTAACTTACATTT-1,0,60,8,7999,6783
AGAACCCTCAATTGGG-1,0,61,9,7943,6880
CCTATATCGTGTCACG-1,0,60,10,7888,6783
ACGGCTGGATGTAGAA-1,0,61,11,7832,6879
CTCGCATTGCATAGCC-1,0,60,12,7777,6782
ACTTTGGTCGTGCTCC-1,0,61,13,7721,6879
GCTGGTTTAGGCCATA-1,0,60,14,7666,6782
TGTCGTTATCACATAT-1,0,61,15,7610,6878
ACACATGATCAAATCT-1,0,60,16,7554,6781
TATCCATCTCGGTTAG-1,0,61,17,7499,6878
CTCGTCGAGGGCTCAT-1,0,60,18,7443,6781
ATCAATGCCGTGGCTG-1,0,61,19,7387,6877
GAAACATAGGAAACAG-1,0,60,20,7332,6780
TAATAGGTCACCAGAA-1,0,61,21,7276,6876
CACCAGTCAGCATGCA-1,0,60,22,7221,6780
GAGCGCTGTTAGGTAA-1,0,61,23,7165,6876
CCCTATGTAGAGCAGA-1,0,60,24,7110,6779
GATCGCTATATCTCAG-1,0,61,25,7054,6875
AAGGGACTATGCATTC-1,0,60,26,6999,6779
CTCGGGTTCTCTGGCC-1,0,61,27,6943,6875
TATATATCGAGAAATG-1,0,60,28,6888,6778
ACCCGAGCGAAATTAC-1,0,61,29,6832,6874
TTGTTTCATTAGTCTA-1,0,60,30,6777,6777
ATGGGACCTGCTGAAC-1,0,61,31,6721,6874
TGCGACGGCCGAACGT-1,0,60,32,6666,6777
AGCTAACAAGCAATGT-1,0,61,33,6610,6873
CGTGTCTCGTTACGAC-1,0,60,34,6555,6776
CTAAATCCGGTGTACA-1,0,61,35,6499,6873
GAATAGTGCTCGATTA-1,0,60,36,6444,6776
AACAATACATTGTCGA-1,0,61,37,6388,6872
CACATCGTGCACGCGC-1,0,60,38,6333,6775
ACCGTGACCACGTGGG-1,0,61,39,6277,6872
CCCAATGAGATTTGCA-1,0,60,40,6222,6775
TCAGCAGTAGGCCCTG-1,0,61,41,6166,6871
CTACTCAAGGTATAGT-1,0,60,42,6111,6774
TAGTAGCTTATACCAG-1,0,61,43,6055,6871
ACGTTCGTTCAGGAAA-1,0,60,44,6000,6774
TTAGAATAAGGGTCGG-1,0,61,45,5944,6870
TTCTAGAAAGTCTTAT-1,0,60,46,5889,6773
CCTTCAGTTAAAGTGA-1,0,61,47,5833,6869
TAGCTAGTGATGATGG-1,0,60,48,5778,6773
AGCCCGGTAGCCTGTA-1,0,61,49,5722,6869
TACCTCAGTTGTCTGT-1,0,60,50,5667,6772
GACGGGTTGGCCCGTA-1,0,61,51,5611,6868
GAAACCTATACAAATG-1,0,60,52,5556,6772
TCCACCTCTAGCCTTT-1,0,61,53,5500,6868
AAGACCCAACTGAACA-1,1,60,54,5445,6771
CATACACGGTTCCCAC-1,0,61,55,5389,6867
ACTACGCGTTAGAATT-1,1,60,56,5334,6770
CTTGGCCAAGCTGGGA-1,1,61,57,5278,6867
TTACCCTAGGGATTGG-1,1,60,58,5223,6770
TTCGCACTGTACGACA-1,1,61,59,5167,6866
TAGGTGTTCCACAGAT-1,1,60,60,5112,6769
GAAGCCTGCACATTCC-1,1,61,61,5056,6866
GGCTTTCAATAAGGGT-1,1,60,62,5001,6769
TCCAGGGTATATACGA-1,0,61,63,4945,6865
CTCGCCGAATGTAGGG-1,1,60,64,4890,6768
AGGAAGCTGTCCGCCG-1,0,61,65,4834,6865
GTCTCAAGGCCCGGCT-1,1,60,66,4779,6768
ACCGACACATCTCCCA-1,0,61,67,4723,6864
TATACGCGTCATCACT-1,0,60,68,4668,6767
ATCTGGGCTGTTCTTG-1,0,61,69,4612,6864
TCAAATTTGAGACTCA-1,0,60,70,4557,6767
GTTAAGGGTGCGATGT-1,0,61,71,4501,6863
AGCAAAGGCCGCTAGT-1,0,60,72,4446,6766
TTATAGGTAATTGTCT-1,0,61,73,4390,6862
TTGTGCAGCCACGTCA-1,0,60,74,4335,6766
ACGGACTCTCAAAGCG-1,0,61,75,4279,6862
ATGCTCTGGCGCGGTA-1,0,60,76,4224,6765
ATAATCTTGGAGAACC-1,0,61,77,4168,6861
CTCATTGCTCTAACAA-1,0,60,78,4113,6764
TAGGTGACGATAACCT-1,0,61,79,4057,6861
CGGATCCTCAAGGACT-1,0,60,80,4002,6764
GGGCGTGGTTTCCCAG-1,0,61,81,3946,6860
TGGCTATGTGACATAC-1,0,60,82,3891,6763
CTTAGTGTAGTAGCAT-1,0,61,83,3835,6860
GGATTGCTGTGACTCC-1,0,60,84,3780,6763
ACTTCCATGCGGGACA-1,0,61,85,3724,6859
ACTCAAGTGCAAGGCT-1,0,60,86,3669,6762
ACAAGGATGCTTTAGG-1,0,61,87,3613,6859
TTGAACGACGTGCTGA-1,0,60,88,3558,6762
ATTCATCGTTGAGGCA-1,0,61,89,3502,6858
TGCAACCCATCTGCGG-1,0,60,90,3447,6761
AGTGCTAAACACAGCA-1,0,61,91,3391,6858
AACTCCAGAGCGTGTT-1,0,60,92,3336,6761
TCTCCACAAGTTGAAT-1,0,61,93,3280,6857
CTTTGCATCGCTCTTG-1,0,60,94,3225,6760
TCACAAACCGAGGTAC-1,0,61,95,3169,6856
CCGTAGGAAATCCCTG-1,0,60,96,3114,6760
AAACATTTCCCGGATT-1,0,61,97,3058,6856
GCCTCCGACAATTCAC-1,0,60,98,3003,6759
TCTGCATACCTTGCTT-1,0,61,99,2947,6855
ACCCATTTGTCCCTCT-1,0,60,100,2892,6759
CTGCAGAGAATCAGAG-1,0,61,101,2836,6855
GGAAACTAAATGGGCC-1,0,60,102,2781,6758
CAACCTACCGAGCAGT-1,0,61,103,2725,6854
CCGTAGGGTTGTTTAC-1,0,60,104,2670,6757
GGTTTGTGACCTGAGG-1,0,61,105,2614,6854
TAACCTAGGGAGTCCA-1,0,60,106,2559,6757
TTCCATCGACAGCGTG-1,0,61,107,2503,6853
ATCTCCCACGGAATAT-1,0,60,108,2448,6756
GTTTCAAACGAGTTGT-1,0,61,109,2392,6853
GGAACTTTGGCGATTA-1,0,60,110,2337,6756
CTGCAAGCACGTTCCG-1,0,61,111,2281,6852
CACAGTCCCGCTTCGC-1,0,60,112,2226,6755
TACGCTCGGTATTGGA-1,0,61,113,2170,6852
CTGGTAAAGTGTGGGC-1,0,60,114,2114,6755
CAACCAGTGGCCTACC-1,0,61,115,2059,6851
TCTTCGCGGTGAGAGG-1,0,60,116,2003,6754
TTCGGGTTGCCACGGG-1,0,61,117,1947,6851
ACCGATAGGCATAACC-1,0,60,118,1892,6754
CTTATAGATGGCTGTT-1,0,61,119,1836,6850
AGACGCCCACTTCGCC-1,0,60,120,1781,6753
AGGTCGCCTCCCAACA-1,0,61,121,1725,6849
CCTCACGTCAGCTAAT-1,0,60,122,1670,6753
CCACCTGTATGGAATA-1,0,61,123,1614,6849
GGACTCGAAGCTTTCA-1,0,60,124,1559,6752
AAGCCGGAGAGCAGGA-1,0,61,125,1503,6848
GCCTATCAGGTAAGAT-1,0,60,126,1448,6752
TCAGAGTGTGAGCATG-1,0,61,127,1392,6848
AAACATGGTGAGAGGA-1,0,62,0,8442,6979
ATCATTGTACCGCATT-1,0,63,1,8386,7075
TCAGCTTGAGCTTTCG-1,0,62,2,8331,6978
CCGCGCAAGATACCCA-1,0,63,3,8275,7075
CTATACTTAAAGCGAG-1,0,62,4,8220,6978
ACCGTCCACTGGGCCC-1,0,63,5,8164,7074
AAGACCAAATAACTCA-1,0,62,6,8109,6977
TGTTTCTGAAGCGTGC-1,0,63,7,8053,7073
TTCTCTTACAGGTGAT-1,0,62,8,7998,6977
AATTCATTGTCATGCA-1,0,63,9,7942,7073
GCCCGAGAGTCTAAAT-1,0,62,10,7887,6976
ATATAGAGTATTGGTC-1,0,63,11,7831,7072
TTGAAGGATGGGCGCC-1,0,62,12,7776,6976
TAGTACCACAACTTTC-1,0,63,13,7720,7072
ATCCCATCCACAGCGC-1,0,62,14,7665,6975
CTTAGGTATAGACCAG-1,0,63,15,7609,7071
TGACTCCGAATCATAC-1,0,62,16,7554,6974
ACTACATCCCGACAAG-1,0,63,17,7498,7071
TTGCCGCAGACCTACA-1,0,62,18,7443,6974
TAAGAGGGACAGGGAC-1,0,63,19,7387,7070
CGAATGAAGTCATTGC-1,0,62,20,7332,6973
AAGGGAACGACTGGCT-1,0,63,21,7276,7070
CGAATCTGCTCGACGC-1,0,62,22,7220,6973
ATCGTGGAAAGTCTGG-1,0,63,23,7165,7069
CCTATGGCTCCTAGTG-1,0,62,24,7109,6972
CGTCGCTTGGTTATAC-1,0,63,25,7053,7069
TGCTTAGAGAGAATGC-1,0,62,26,6998,6972
GATTGCTCCAGTTGCA-1,0,63,27,6942,7068
CGTGCTTCTACCTAAA-1,0,62,28,6887,6971
ACTCCAATATCATCAT-1,0,63,29,6831,7068
GCCGACCCACGACTGC-1,0,62,30,6776,6971
GAGGGTAGTAACAAAG-1,0,63,31,6720,7067
GGCCGAGACTCTGGTG-1,0,62,32,6665,6970
TATATAGGGCTTTACG-1,0,63,33,6609,7066
TGCCGGATGTACGAGC-1,0,62,34,6554,6970
AGGTAGATCGAGATAT-1,0,63,35,6498,7066
GATCAACATAAAGGGA-1,0,62,36,6443,6969
TAACAGCGTTTGTGCT-1,0,63,37,6387,7065
CTATAGGCGTTGATGT-1,0,62,38,6332,6968
GGTTTAATTACCATCG-1,0,63,39,6276,7065
CTCTTCTGGAAGTTAG-1,0,62,40,6221,6968
ATCTGACATGGAAGGA-1,0,63,41,6165,7064
TACGTACTAGTGCTGA-1,0,62,42,6110,6967
ATGACTATCAGCTGTG-1,0,63,43,6054,7064
CTTTGGGATTGTTGCA-1,0,62,44,5999,6967
AGACTGTTACCGGGTC-1,0,63,45,5943,7063
TCCTAACCGTCGGGCA-1,0,62,46,5888,6966
ACGCAAACTAATAGAT-1,0,63,47,5832,7063
AAGTGAGTCGGGTTTA-1,0,62,48,5777,6966
TAAAGCGGTATTTCCA-1,0,63,49,5721,7062
CTCCTCCAGCTCACAC-1,0,62,50,5666,6965
CGGTCCGTCGCAAGCC-1,0,63,51,5610,7062
CCTATATTTGTCCTGG-1,0,62,52,5555,6965
TCCAATAAAGGCTACC-1,0,63,53,5499,7061
AAAGGCTACGGACCAT-1,0,62,54,5444,6964
CGTGACCAGTCCTCTG-1,0,63,55,5388,7060
GATCTGCTATCTAAGG-1,0,62,56,5333,6964
CGAATGACGCATAATG-1,0,63,57,5277,7060
GCTCAATGTAATACCG-1,0,62,58,5222,6963
CTATGCCCGAATGCAA-1,0,63,59,5166,7059
CACAGGGCCGTTGTCA-1,0,62,60,5111,6963
TCAATACGCCGTCATG-1,0,63,61,5055,7059
AGCGGACACTTCGTAG-1,0,62,62,5000,6962
ATACGTTATGCACGGA-1,0,63,63,4944,7058
GAGTAGATACTAGTTG-1,0,62,64,4889,6961
CCAGCTCGAACGCATT-1,0,63,65,4833,7058
TGCTTCCCAAGCAGTA-1,0,62,66,4778,6961
GTAGACACGCCTGACT-1,0,63,67,4722,7057
CTCACATTTACTAAAT-1,0,62,68,4667,6960
GAATGCGAATCGGTTC-1,0,63,69,4611,7057
TAAGGCCCGTCACCCT-1,0,62,70,4556,6960
GAGTATGCGCGTGCAT-1,0,63,71,4500,7056
ATCCACATCGACAGAA-1,0,62,72,4445,6959
TAGACGAAACGCCAAT-1,0,63,73,4389,7056
CAGCAGTCTGTGCTGC-1,0,62,74,4334,6959
CTCACTGTGATACTTA-1,0,63,75,4278,7055
TTAATTGCTTTGGGTG-1,0,62,76,4223,6958
GTAGTCTACGATATTG-1,0,63,77,4167,7055
TTGCCGCTTTCTAGTA-1,0,62,78,4112,6958
GAACCTTTAACGATCC-1,0,63,79,4056,7054
TGGACCAATCTAAGAT-1,0,62,80,4001,6957
CTAGTAGAAAGGGATT-1,0,63,81,3945,7053
AACCTCGCTTTAGCCC-1,0,62,82,3890,6957
GAGTGTCAACCAGAAA-1,0,63,83,3834,7053
GTGATCCTTGTCATGA-1,0,62,84,3779,6956
CTCAACTAACCCGGAT-1,0,63,85,3723,7052
AGTGGCGTCTGAAGGT-1,0,62,86,3668,6956
GGGAAGGGCTTTCTCA-1,0,63,87,3612,7052
AGGCCTGAGAATCTCG-1,0,62,88,3557,6955
AGCCACAGGTTACCCG-1,0,63,89,3501,7051
TGCAATCTAACACGGT-1,0,62,90,3446,6954
GTTTGGGTTTCGCCCG-1,0,63,91,3390,7051
CCTATGTCCACTCCAC-1,0,62,92,3335,6954
CTGCCTTTCTAGTAAA-1,0,63,93,3279,7050
TTAGTAAACCTGCTCT-1,0,62,94,3224,6953
TTGTGGTGGTACTAAG-1,0,63,95,3168,7050
CCTCCTGTTGTGTCGT-1,0,62,96,3113,6953
ACAAAGCATGACCTAG-1,0,63,97,3057,7049
ATAGCAACTAGGGAAG-1,0,62,98,3002,6952
CCGCTCTTCCGAACTA-1,0,63,99,2946,7049
TAGAATAGCCGATGAA-1,0,62,100,2891,6952
GGTCTCCGTCCAGGTT-1,0,63,101,2835,7048
TAATTACGTCAGTAGA-1,0,62,102,2780,6951
TACGTAAAGCGGAGTG-1,0,63,103,2724,7048
GCTACAATCGAGGATA-1,0,62,104,2669,6951
TCAGCCAATCCGTAAA-1,0,63,105,2613,7047
ATCATAGCCCTATGTA-1,0,62,106,2558,6950
GAGGCCTGTTGATACA-1,0,63,107,2502,7046
ATATACGCTCGTGACG-1,0,62,108,2447,6950
CCCTTTAATGGAGTTC-1,0,63,109,2391,7046
TTACACGATCTGCGAC-1,0,62,110,2336,6949
TCGCATAAAGGGCGCA-1,0,63,111,2280,7045
TGTAGCCATCCCATTC-1,0,62,112,2225,6948
GGGTCTATCGCTTTCC-1,0,63,113,2169,7045
GGAGGGTCAAGTAAGA-1,0,62,114,2114,6948
TACGGCATGGACGCTA-1,0,63,115,2058,7044
CACGTCAATCAATGGA-1,0,62,116,2003,6947
CGCTTGGACGGATAGA-1,0,63,117,1947,7044
CGCGGTACGGTATACA-1,0,62,118,1892,6947
CCTACTCAACACGATT-1,0,63,119,1836,7043
CGTTTGGTGTTGTGGG-1,0,62,120,1780,6946
GTTGTTGCAAGATGGC-1,0,63,121,1725,7043
CATTCGTCGTAGCGGT-1,0,62,122,1669,6946
CAGCCTCGATAGCGGT-1,0,63,123,1613,7042
TCATAAGTCCAAGAAG-1,0,62,124,1558,6945
AAAGTGCCATCAATTA-1,0,63,125,1502,7042
GTTGCAGTCGACAACA-1,0,62,126,1447,6945
TAAATGGGCTACTGAG-1,0,63,127,1391,7041
GGACAAGCCATGATCG-1,0,64,0,8441,7172
TCCAATGCGTCGCCGC-1,0,65,1,8385,7268
AAAGAATGACCTTAGA-1,0,64,2,8330,7171
CCTATTATTCCGGCCG-1,0,65,3,8274,7268
CAGTAAGGGACGTCTC-1,0,64,4,8219,7171
GGGATGGACCCGCGTC-1,0,65,5,8163,7267
GACGCATACCCGTCGG-1,0,64,6,8108,7170
GGGCAGGATTTCTGTG-1,0,65,7,8052,7267
TATCTGAGCCGATATT-1,0,64,8,7997,7170
AATGTATGGCACTGTA-1,0,65,9,7941,7266
GCCTTTGTCAGTGGAC-1,0,64,10,7886,7169
AACCATAGGGTTGAAC-1,0,65,11,7830,7266
AAACTTAATTGCACGC-1,0,64,12,7775,7169
TAGGCGGCTGCAAAGA-1,0,65,13,7719,7265
TCCATCAATACTAATC-1,0,64,14,7664,7168
ACCTCGAACTTATGCT-1,0,65,15,7608,7264
ACAAACCATGCGTCCT-1,0,64,16,7553,7168
ACACCGGTCTGACCGC-1,0,65,17,7497,7264
ATGGCAGCATTACGAT-1,0,64,18,7442,7167
CTGGTGAATGGGCCTA-1,0,65,19,7386,7263
CACAGAGACGAGGACG-1,0,64,20,7331,7167
GCACAAACCCTAGATG-1,0,65,21,7275,7263
ACTATGTCCAGCTGCC-1,0,64,22,7220,7166
AAGCCGCCGTGAAATC-1,0,65,23,7164,7262
ATGGGTGTATACCTCC-1,0,64,24,7109,7165
TAAGCGCGAATCAAAT-1,0,65,25,7053,7262
AGCCCGGCATTAGAGG-1,0,64,26,6998,7165
GTGATCAAGCGTGCAC-1,0,65,27,6942,7261
CTGCCTTTAATACCTT-1,0,64,28,6886,7164
TACCTCCACACCAATG-1,0,65,29,6831,7261
GAGCATCAACAACTTG-1,0,64,30,6775,7164
CATACGAACTAGCTGG-1,0,65,31,6719,7260
GGGAACGGTTTCAGAT-1,0,64,32,6664,7163
AGGGTGCCGTTCTTTA-1,0,65,33,6608,7260
ACGACTGGTCATACTC-1,0,64,34,6553,7163
GGATCTTACTGCCCTT-1,0,65,35,6497,7259
TACTCCTCTAGTTGAC-1,0,64,36,6442,7162
GTAGCTCCGGGAGGCT-1,0,65,37,6386,7259
GGACTCGTGAGTGGTC-1,0,64,38,6331,7162
GTAGTTCGAAGGCGAA-1,0,65,39,6275,7258
CTCAAACCACTGCCCG-1,0,64,40,6220,7161
GAGGGAGTCAGATCGC-1,0,65,41,6164,7257
GCGTCCCTAAGACATA-1,0,64,42,6109,7161
TCTCTTACCGCGAACC-1,0,65,43,6053,7257
GGCTACTATACACTCC-1,0,64,44,5998,7160
CGTTGCCCGCGTGGGA-1,0,65,45,5942,7256
TATAGAGTCGCTTGAA-1,0,64,46,5887,7159
ATGTTGTAGTCTGTTT-1,0,65,47,5831,7256
AGTATACACAGCGACA-1,0,64,48,5776,7159
TGTGGTTGCTAAAGCT-1,0,65,49,5720,7255
TGATTCCCGGTTACCT-1,0,64,50,5665,7158
CACTGACGATTGTGGA-1,0,65,51,5609,7255
AACATTGTGACTCGAG-1,0,64,52,5554,7158
GTCCAATATTTAGCCT-1,0,65,53,5498,7254
GCTCTTTCCGCTAGTG-1,0,64,54,5443,7157
GGGTCAGGAGCTAGAT-1,0,65,55,5387,7254
AGGTGGTGACCTTCGC-1,0,64,56,5332,7157
CCCGGGTCGTTCAGGG-1,0,65,57,5276,7253
AGCCAAGCTTTGTGTC-1,0,64,58,5221,7156
TGTGGCGGGCTTCTGG-1,0,65,59,5165,7253
CGAGGGTATCCAGGTG-1,0,64,60,5110,7156
CGTTCAGACCCGCGAA-1,0,65,61,5054,7252
TCATATGAGCTTTGTT-1,0,64,62,4999,7155
AGTTGACGGTCCTTGC-1,0,65,63,4943,7251
ATAATTAGCTAAGTAG-1,0,64,64,4888,7155
GGTCTTGAGCGCTCTT-1,0,65,65,4832,7251
CGTTGTCGGCAATTGA-1,0,64,66,4777,7154
TCTTGCTCCCGATACT-1,0,65,67,4721,7250
AGCAGAAGGAGAAAGA-1,0,64,68,4666,7154
GAAGCCACTGATTATG-1,0,65,69,4610,7250
TGCTCTTGAGAGTTTG-1,0,64,70,4555,7153
GACATCCGTCGAACTG-1,0,65,71,4499,7249
AGATATAATACGACTA-1,0,64,72,4444,7152
TCGCTACTGGCTTTGA-1,0,65,73,4388,7249
GTGACAGCTTCCCACT-1,0,64,74,4333,7152
GTGACGCAGGTTTCAT-1,0,65,75,4277,7248
GGGAAGACGGTCTGTC-1,0,64,76,4222,7151
CGTCGCATGTGAGCCA-1,0,65,77,4166,7248
AGAAGGTTGTAGGTCG-1,0,64,78,4111,7151
GGCCGGCGTCTGCTAT-1,0,65,79,4055,7247
TTGACCAGGAACAACT-1,0,64,80,4000,7150
AGTCGTATAAAGCAGA-1,0,65,81,3944,7247
GGCGTAGGGAAAGCTG-1,0,64,82,3889,7150
AAACCTAAGCAGCCGG-1,0,65,83,3833,7246
ATTGCCTTTATGTTTG-1,0,64,84,3778,7149
CAGGCAGTCTTACCAG-1,0,65,85,3722,7246
AGCTAAGTACGCAGGC-1,0,64,86,3667,7149
AAATCCGATACACGCC-1,0,65,87,3611,7245
CGAGAGCTTTCACTAC-1,0,64,88,3556,7148
CGCCCAGCGTTTCACG-1,0,65,89,3500,7244
TTAAGTATTGTTATCC-1,0,64,90,3445,7148
AAACGGGCGTACGGGT-1,0,65,91,3389,7244
GTATCCTTTGGTAACC-1,0,64,92,3334,7147
CATAGTCAAATACATA-1,0,65,93,3278,7243
TCTATGCTATAACGAC-1,0,64,94,3223,7147
ACGTTCTGTACAAGTC-1,0,65,95,3167,7243
CGCGAAGTGGCATACT-1,0,64,96,3112,7146
ACCAACCGCACTCCAC-1,0,65,97,3056,7242
GTCATGCGCGAGGGCT-1,0,64,98,3001,7145
TAGGCTAAAGTGGCAC-1,0,65,99,2945,7242
TGGCTACACTCTACCT-1,0,64,100,2890,7145
TGTCCACGGCTCAACT-1,0,65,101,2834,7241
AATTGCAGCAATCGAC-1,0,64,102,2779,7144
GTCAACCAGGCCTATA-1,0,65,103,2723,7241
ATCTTATCGCACACCC-1,0,64,104,2668,7144
GTCTATTGCATGCTCG-1,0,65,105,2612,7240
GCACGTGGTTTACTTA-1,0,64,106,2557,7143
ATTCGCGCCTTGAGAG-1,0,65,107,2501,7240
AGCGATGCGCCTAATA-1,0,64,108,2446,7143
TCTATAGGTGGGTAAT-1,0,65,109,2390,7239
AGATACCAATAGAACC-1,0,64,110,2335,7142
CGTGTATGGGAGCTGA-1,0,65,111,2279,7239
ATGTACATGCGGTGAG-1,0,64,112,2224,7142
TTGGCTCAATATGTGT-1,0,65,113,2168,7238
GTTCGGAGCACTCAAC-1,0,64,114,2113,7141
TCCCTCTTCTCAAGGG-1,0,65,115,2057,7237
TTACGTATCTATGACA-1,0,64,116,2002,7141
CCCATATAGGTCGATT-1,0,65,117,1946,7237
GTCCACGTCGCATTCG-1,0,64,118,1891,7140
AATTGTGGTTGCCAAA-1,0,65,119,1835,7236
AGGAACGAACGACTTC-1,0,64,120,1780,7139
TAATTCCAATGCTTCA-1,0,65,121,1724,7236
AGGGCCCTAATGTTCT-1,0,64,122,1669,7139
AGGTGTTGCCGACCAC-1,0,65,123,1613,7235
CTGAGAGTAGAAATAC-1,0,64,124,1558,7138
TAGAAGAAGGGTTACA-1,0,65,125,1502,7235
GGTGACTGATAGAGAG-1,0,64,126,1446,7138
TACCCTCGGTAACCCT-1,0,65,127,1391,7234
TGTAAGACTGATAAGA-1,0,66,0,8440,7365
GTCACTCATGAGCGAT-1,0,67,1,8384,7461
CGGTTTACTGAACATT-1,0,66,2,8329,7365
GAGATCGATCTTACTC-1,0,67,3,8273,7461
TCTTTCATCCGTCCTT-1,0,66,4,8218,7364
TCGGATCTGGATGACC-1,0,67,5,8162,7460
GTCCTAGGATACCTTA-1,0,66,6,8107,7363
TGTACCCGACCCTAAT-1,0,67,7,8051,7460
AGGTTCTCCTTTCCGG-1,0,66,8,7996,7363
AATTGCGTGGATTACA-1,0,67,9,7940,7459
CGATAGCGATACAGTG-1,0,66,10,7885,7362
CGCCCTAATTGTTCAA-1,0,67,11,7829,7459
ATTATGAGACCCAATT-1,0,66,12,7774,7362
CCTCCTAGCTAGAGTC-1,0,67,13,7718,7458
CGAAGGGTTTCAGATT-1,0,66,14,7663,7361
CACAAGCTAAGAAAGG-1,0,67,15,7607,7458
CACCGGTAGAGACATT-1,0,66,16,7552,7361
ACTCATGGCAGCCTTC-1,0,67,17,7496,7457
CATCCAATATAGTTTG-1,0,66,18,7441,7360
CAGATATGAAGATGAC-1,0,67,19,7385,7457
GCAAAGGGCGTTAGCC-1,0,66,20,7330,7360
CTGTTGTTCAGTCGTA-1,0,67,21,7274,7456
AAAGGCCCTATAATAC-1,0,66,22,7219,7359
AACATTGAAGTTGATC-1,0,67,23,7163,7455
GCTAGCGATAGGTCTT-1,0,66,24,7108,7359
ATTGCCTATTAGACCG-1,0,67,25,7052,7455
GGGCGTTTACATTCAT-1,0,66,26,6997,7358
CCTCTACAAGGATTGG-1,0,67,27,6941,7454
AGTGACTGTGACACAA-1,0,66,28,6886,7358
AGCCCTCCCTGGTGGC-1,0,67,29,6830,7454
CGGTTGAGTATCCTTC-1,0,66,30,6775,7357
CATTATCCCATTAACG-1,0,67,31,6719,7453
AATGTGCTAATCTGAG-1,0,66,32,6664,7356
CTTAGTTGAGGAATCG-1,0,67,33,6608,7453
CTTCTGGGCGTACCTA-1,0,66,34,6552,7356
AGTCAAATGATGTGAT-1,0,67,35,6496,7452
TGAACAAGCAGGGACT-1,0,66,36,6441,7355
AATACCGGAGGGCTGT-1,0,67,37,6385,7452
GTTTGGTGATCGGTGC-1,0,66,38,6330,7355
GACTGCTGGTGAGAAA-1,0,67,39,6274,7451
CGATCCTCGCAACATA-1,0,66,40,6219,7354
CCAACCTTATGTAACT-1,0,67,41,6163,7451
CGTGGTACCCAAAGGC-1,0,66,42,6108,7354
AACCCGACAACCCGTG-1,0,67,43,6052,7450
TATGTAAAGTGCTTAA-1,0,66,44,5997,7353
GCAAGTGTAAAGCATG-1,0,67,45,5941,7450
GTAACTGCCCAAGGAG-1,0,66,46,5886,7353
GGTGCATAAATGATTA-1,0,67,47,5830,7449
TAGTCCCGGAGACCAC-1,0,66,48,5775,7352
CGGCCAGAGCGACCAT-1,0,67,49,5719,7448
TGAATGAGTGTTTCCC-1,0,66,50,5664,7352
TTCACTTCCTAGAACG-1,0,67,51,5608,7448
CGCTTAGTATTGATAC-1,0,66,52,5553,7351
AACGCGACCTTGGGCG-1,0,67,53,5497,7447
GTGCACCAGCTTCAAC-1,0,66,54,5442,7351
TTCTATTAAACGCAGC-1,0,67,55,5386,7447
TGGCAAGCACAAGTCG-1,0,66,56,5331,7350
ATCTGCTGTTATCGCC-1,0,67,57,5275,7446
AATTCCAAGCATGTAC-1,0,66,58,5220,7349
AAACGGTTGCGAACTG-1,0,67,59,5164,7446
GAAGGAGTCGAGTGCG-1,0,66,60,5109,7349
GGCAAGCCCATAGTGG-1,0,67,61,5053,7445
TGACCAAATCTTAAAC-1,0,66,62,4998,7348
TTCGGTACTGTAGAGG-1,0,67,63,4942,7445
ATGTACGATGACGTCG-1,0,66,64,4887,7348
ATCTAGCTTGTGAGGG-1,0,67,65,4831,7444
AGCGGGTCTGACACTC-1,0,66,66,4776,7347
GAGGTACGCGTGTCCC-1,0,67,67,4720,7444
GCACTGCCTACCTTTA-1,0,66,68,4665,7347
GGAGCGAGGCCTACTT-1,0,67,69,4609,7443
AAACTCGGTTCGCAAT-1,0,66,70,4554,7346
GGCGCTTCATTCCCTG-1,0,67,71,4498,7443
TGCTCGGTGGGTCACC-1,0,66,72,4443,7346
AAGCGCAGGGCTTTGA-1,0,67,73,4387,7442
GACCTTCCACGTCTAC-1,0,66,74,4332,7345
GTTAGCCCATGACATC-1,0,67,75,4276,7441
AATTCGATTCGAGGAT-1,0,66,76,4221,7345
AGTCTTTAAAGTGTCC-1,0,67,77,4165,7441
GACTAGGCCGTTAGGT-1,0,66,78,4110,7344
TCCAAGCCTAGACACA-1,0,67,79,4054,7440
GATTGGGAAAGGTTGT-1,0,66,80,3999,7343
GATGAGGAACCTTCGG-1,0,67,81,3943,7440
TGAATACCGACGCGTA-1,0,66,82,3888,7343
AATCGTGAGCCGAGCA-1,0,67,83,3832,7439
GCGAAGAATCTGACGG-1,0,66,84,3777,7342
GAACAACTGGGATGAA-1,0,67,85,3721,7439
TCGCCGACATATTCGC-1,0,66,86,3666,7342
CGTAGAGAGTAATTAT-1,0,67,87,3610,7438
CGATAGTCGTACTGCA-1,0,66,88,3555,7341
CGCATGCCGAATGCGT-1,0,67,89,3499,7438
CTCTAGCCCTCGGAAA-1,0,66,90,3444,7341
TCCAACTCAGCTATCT-1,0,67,91,3388,7437
GTCTAGTGAGCCGCTT-1,0,66,92,3333,7340
TACCGAATAATTGTAA-1,0,67,93,3277,7437
ATATAACACGGGCGCA-1,0,66,94,3222,7340
GCATGCTAATAACGAT-1,0,67,95,3166,7436
TCCGGGCTTGACGGGA-1,0,66,96,3111,7339
ATTATTCAGAGTCACT-1,0,67,97,3055,7435
TAGCAGTATGACTAAA-1,0,66,98,3000,7339
TATGAAGAATTAAGGT-1,0,67,99,2944,7435
CAAGGCCAGTGGTGCA-1,0,66,100,2889,7338
TGCGTACGGCTAATTG-1,0,67,101,2833,7434
CAGATAATGGGCGGGT-1,0,66,102,2778,7338
GAGAACGGTTCTGACT-1,0,67,103,2722,7434
CGCTTCGGTCTAAGAC-1,0,66,104,2667,7337
AGCATTACGAGGCAAG-1,0,67,105,2611,7433
AAGTTGTGATGTTATA-1,0,66,106,2556,7336
TTGCTCATAGTACGTG-1,0,67,107,2500,7433
TACTTAAACATGTACA-1,0,66,108,2445,7336
AGTGAGTCGAATTAAC-1,0,67,109,2389,7432
TAGGCCTATATAGTCT-1,0,66,110,2334,7335
ACTCGCCGTTCGATAA-1,0,67,111,2278,7432
GGTACGTTGCGGCCGG-1,0,66,112,2223,7335
TATTGCCGGGCTTGTA-1,0,67,113,2167,7431
GGTAAACTCTGCGCTG-1,0,66,114,2112,7334
TCCCTTGTCTGAAACT-1,0,67,115,2056,7431
CATGATCGCTTTGAGA-1,0,66,116,2001,7334
GGACGGGCGACCAACC-1,0,67,117,1945,7430
GAGAGGCCTATGTGTA-1,0,66,118,1890,7333
TCGTAACTCCCAAGAC-1,0,67,119,1834,7430
CGTATCTAGAACTAAG-1,0,66,120,1779,7333
GCACCTTCCCGAAGGT-1,0,67,121,1723,7429
TACCTCTTTACCATCC-1,0,66,122,1668,7332
TGACTCTAACTGGTAA-1,0,67,123,1612,7428
GAGAAACTGGATCCCA-1,0,66,124,1557,7332
ATCCGGACCAGCCTGA-1,0,67,125,1501,7428
TTATTTAGGTTCCTTA-1,0,66,126,1446,7331
CGAATTCCCGGTTCAA-1,0,67,127,1390,7427
TAGTTTGATCGGTCGC-1,0,68,0,8439,7558
AGTCGAAACGATTCAG-1,0,69,1,8383,7655
ACGTCGGGCAACTCGG-1,0,68,2,8328,7558
ACTTGCTCTATCTACC-1,0,69,3,8272,7654
ATTACGGGCTACGGTT-1,0,68,4,8217,7557
GCAAACGTAAGCGACC-1,0,69,5,8161,7654
TTCGGACTGGGCATGG-1,0,68,6,8106,7557
GGGCCATTCGTGCTGG-1,0,69,7,8050,7653
GAGTTGTCACCAGTCT-1,0,68,8,7995,7556
AGTAATTTGCAAGCGT-1,0,69,9,7939,7652
GTGGCCGGTTTCTCGG-1,0,68,10,7884,7556
ATCTTAGGGCATTAAT-1,0,69,11,7828,7652
CTACATATCGCGGGAC-1,0,68,12,7773,7555
ATGGTATTTACTGATT-1,0,69,13,7717,7651
CCGTCAACCTCTGGCG-1,0,68,14,7662,7554
GCTTCGACGTTCAATC-1,0,69,15,7606,7651
GACCGATTAAATATGT-1,0,68,16,7551,7554
GTCGAATTTGGGCGCT-1,0,69,17,7495,7650
TCACGGCCCAAGAGAG-1,0,68,18,7440,7553
CTACGATCCTATCCTA-1,0,69,19,7384,7650
TGCAGTGGTAGGGAAC-1,0,68,20,7329,7553
TTGCCTAATCCAAAGT-1,0,69,21,7273,7649
AGCGAGACGTGAAGGC-1,0,68,22,7218,7552
TTCTACCTCAATCGGT-1,0,69,23,7162,7649
TACGCTGCTGTGTTAA-1,0,68,24,7107,7552
TAGTCCTGCACTAAGC-1,0,69,25,7051,7648
AGCACACGTTTAGACT-1,0,68,26,6996,7551
GTTCGACAATTGTATA-1,0,69,27,6940,7648
CCATGTTCATCTATAT-1,0,68,28,6885,7551
CCCTCGATAATACACA-1,0,69,29,6829,7647
ACTGCCCGCCATTCTC-1,0,68,30,6774,7550
CTATATCCAGCCTGGC-1,0,69,31,6718,7646
CGCACGTCTGTTTATG-1,0,68,32,6663,7550
AATCAGGTTTCATTTA-1,0,69,33,6607,7646
AGAGAAACACCAGAAA-1,0,68,34,6552,7549
ACCCGATTGGTTCCGA-1,0,69,35,6496,7645
TACCAGGAATCCCGTC-1,0,68,36,6441,7549
AAGTGCTTCTCTATTG-1,0,69,37,6385,7645
TGCATGTGACCCATAG-1,0,68,38,6329,7548
TAGATTCAAAGTGCGG-1,0,69,39,6274,7644
AGGGTCAGAGCACTCG-1,0,68,40,6218,7547
GTGAGATAACCTTATA-1,0,69,41,6162,7644
GTGTCAGTGTACGTGG-1,0,68,42,6107,7547
CTGTAGTGAGGATCGA-1,0,69,43,6051,7643
GATAGTGCGAGTAAGT-1,0,68,44,5996,7546
AGGGTTCAGACGGTCC-1,0,69,45,5940,7643
GGACTCGACAGCGCAT-1,0,68,46,5885,7546
CACTCTCAAGCATCGA-1,0,69,47,5829,7642
GAGCGGAATGCGGTGT-1,0,68,48,5774,7545
CAGTTCGAGGACCCGA-1,0,69,49,5718,7642
CGTAACTTCGACACTT-1,0,68,50,5663,7545
TGATCACCACACTGAC-1,0,69,51,5607,7641
CATACTTCTTTCTCCG-1,0,68,52,5552,7544
CAAGTAAGTGATAGAC-1,0,69,53,5496,7641
AGCCCGCAACAAGCAG-1,0,68,54,5441,7544
GCTCCATGCAAAGCAA-1,0,69,55,5385,7640
TCGTACCGACGTCAAG-1,0,68,56,5330,7543
ATTATCGGAATGTACG-1,0,69,57,5274,7639
ACCTACTATAAATCTA-1,0,68,58,5219,7543
TATCCTATCAACTGGT-1,0,69,59,5163,7639
GCGCGGTCTAGTAACT-1,0,68,60,5108,7542
CCTTCGTATAGAATCC-1,0,69,61,5052,7638
TGGGCGATACAATAAG-1,0,68,62,4997,7542
TGACATGTAACGTGAC-1,0,69,63,4941,7638
TTGGGAAGACGAGCCG-1,0,68,64,4886,7541
GGTGTAAATCGATTGT-1,0,69,65,4830,7637
GAACTGTGGAGAGACA-1,0,68,66,4775,7540
TCCACATCGTATATTG-1,0,69,67,4719,7637
CCTATGGTCAAAGCTG-1,0,68,68,4664,7540
TCCTTGTCCTTTAATT-1,0,69,69,4608,7636
AAGTTTATGGGCCCAA-1,0,68,70,4553,7539
GTCCGGGTTCACATTA-1,0,69,71,4497,7636
ATGTAGCGCGCGTAGG-1,0,68,72,4442,7539
TACGGAAGCCAAACCA-1,0,69,73,4386,7635
GCCCTGAGGATGGGCT-1,0,68,74,4331,7538
CGGGCGATGGATCACG-1,0,69,75,4275,7635
TGCGGACTTGACTCCG-1,0,68,76,4220,7538
TAATACTAGAACAGAC-1,0,69,77,4164,7634
TCAAATTGTTGTGCCG-1,0,68,78,4109,7537
GGGCAGTCAACGCCAA-1,0,69,79,4053,7634
TCGCTGCCAATGCTGT-1,0,68,80,3998,7537
TACGTGGGCCCAGGGC-1,0,69,81,3942,7633
GCCTACGTTCTGTGCA-1,0,68,82,3887,7536
TTGCGTGTGTAGGCAT-1,0,69,83,3831,7632
TCCTAAAGATTCAGAC-1,0,68,84,3776,7536
TGGGTGCACAAGCCAT-1,0,69,85,3720,7632
GGGAGCGACCGTAGTG-1,0,68,86,3665,7535
CATAGAGGAGATACTA-1,0,69,87,3609,7631
CTTCGATTGCGCAAGC-1,0,68,88,3554,7534
GTGCCTGAGACCAAAC-1,0,69,89,3498,7631
TCATCCTCAGCTGCTT-1,0,68,90,3443,7534
TGCAACTACTGGTTGA-1,0,69,91,3387,7630
ATGTTGATTAGAGACT-1,0,68,92,3332,7533
GTTTCTAGAGGCGCGG-1,0,69,93,3276,7630
TACAAGGGCTTCTTTA-1,0,68,94,3221,7533
ACAGGCACGGATCCTT-1,0,69,95,3165,7629
CCCAAGTCATTACACT-1,0,68,96,3110,7532
ACTCTGACCTAATAGA-1,0,69,97,3054,7629
GGATGGCTTGAAGTAT-1,0,68,98,2999,7532
ACCCTCCCGTCAGGGC-1,0,69,99,2943,7628
AGCTTCTTCTCGAGCA-1,0,68,100,2888,7531
TTGCGCTTGATCAATA-1,0,69,101,2832,7628
TGGGTGTAATAGATTT-1,0,68,102,2777,7531
CATGGTTTATTAATCA-1,0,69,103,2721,7627
TTGCCTTCTCGCCGGG-1,0,68,104,2666,7530
TTAAAGTAAGTCGCCA-1,0,69,105,2610,7626
AGTTGGCAAGGCTAGA-1,0,68,106,2555,7530
CCGCACTTGCAATGAC-1,0,69,107,2499,7626
AATGTTGTCGTGAGAC-1,0,68,108,2444,7529
CCAAGGTTGCCCTTTC-1,0,69,109,2388,7625
TGTGACTAGAGTTTGC-1,0,68,110,2333,7529
TTGTGATCTGTTCAGT-1,0,69,111,2277,7625
GGAGTTGATTCTGTGT-1,0,68,112,2222,7528
GTAGTGAGCAACCTCA-1,0,69,113,2166,7624
AAGACATACGTGGTTT-1,0,68,114,2111,7527
CATCCCGAGATTCATA-1,0,69,115,2055,7624
GGCCGCAGGAACCGCA-1,0,68,116,2000,7527
CCAGAAACTGATGCGA-1,0,69,117,1944,7623
ACCCGTAGTCTAGTTG-1,0,68,118,1889,7526
AGGGTCTGGACGCAGT-1,0,69,119,1833,7623
TTGAAACCCTCATTCC-1,0,68,120,1778,7526
TCAATCCCGCGCCAAA-1,0,69,121,1722,7622
AGGACATCGGCACACT-1,0,68,122,1667,7525
GACAAGACGCCCGTGC-1,0,69,123,1611,7622
GAGTAAATTAAGAACC-1,0,68,124,1556,7525
TAAGTCGGTGAGCTAG-1,0,69,125,1500,7621
CTTACTGACTCCTCTG-1,0,68,126,1445,7524
TTAACTGATCGTTTGG-1,0,69,127,1389,7621
GGGCGATCCATAGGCC-1,0,70,0,8438,7751
CGTATTGTTTGGCGCC-1,0,71,1,8382,7848
CGCGTGGGCCTGTGTT-1,0,70,2,8327,7751
AAATCTGCCCGCGTCC-1,0,71,3,8271,7847
GCTGAAGGGTTCTTGG-1,0,70,4,8216,7750
TAATTGCGCTGATTAC-1,0,71,5,8160,7847
TCGCGCGTTTACATGA-1,0,70,6,8105,7750
TAACTGAAATACGCCT-1,0,71,7,8049,7846
CCTGTCGTGTATGAAG-1,0,70,8,7994,7749
CGGGAACGCCCTGCAT-1,0,71,9,7938,7846
AGTTGCGGTCCTCAAC-1,0,70,10,7883,7749
GGGTCCTTGGAAGAAG-1,0,71,11,7827,7845
CGGGAAGTACCGTGGC-1,0,70,12,7772,7748
ACGGTCACCGAGAACA-1,0,71,13,7716,7845
TAGACTCAGTTGGCCT-1,0,70,14,7661,7748
CCTTCCGCAACGCTGC-1,0,71,15,7605,7844
CAGTGTTAATCTCTCA-1,0,70,16,7550,7747
CAGGCCAGTACCACCT-1,0,71,17,7494,7843
GATCGCTGTGGTGCGT-1,0,70,18,7439,7747
GTATCTCGGGCGCTTT-1,0,71,19,7383,7843
CCGGGCTAAGAATTTC-1,0,70,20,7328,7746
CTTCACGCCCTGGTAC-1,0,71,21,7272,7842
CGGATGAATGCTGTGA-1,0,70,22,7217,7746
CTCTGCAGGCATTCTT-1,0,71,23,7161,7842
TCAAAGTCACGGCGTC-1,0,70,24,7106,7745
TGGGTTTCGGGCGTAC-1,0,71,25,7050,7841
TGCTATGGCAAAGGGA-1,0,70,26,6995,7744
TTCACGGTCGTCACGT-1,0,71,27,6939,7841
CGTAAAGCAAGAAATC-1,0,70,28,6884,7744
CTGATCCCTTTATGCA-1,0,71,29,6828,7840
GAGTATACCCTAATCA-1,0,70,30,6773,7743
CCACGGCAGGTGTAGG-1,0,71,31,6717,7840
ACGTACTTTGGCACGG-1,0,70,32,6662,7743
CCTGAGAATAAATGCA-1,0,71,33,6606,7839
TTGATGCCGCTCGTCG-1,0,70,34,6551,7742
GCCAGGAAAGAACACT-1,0,71,35,6495,7839
TCCGACCGCTAATCAA-1,0,70,36,6440,7742
TATATCAAAGTGATCT-1,0,71,37,6384,7838
CCTCGGTTTCCTTGCC-1,0,70,38,6329,7741
TAAATTTAGTAACACC-1,0,71,39,6273,7838
CTCGTTACGGCTACCA-1,0,70,40,6218,7741
GCCGTCGGTTTCGGGC-1,0,71,41,6162,7837
GTTCCGTCCGCCTGCA-1,0,70,42,6107,7740
CTAGGGATAGGGACAA-1,0,71,43,6051,7836
GTCCAGGCACGTGTGC-1,0,70,44,5995,7740
GAGGAATATCTCTTTG-1,0,71,45,5940,7836
CGTTCAAGGAAACGGA-1,0,70,46,5884,7739
GTGGGAACAAACCGGG-1,0,71,47,5828,7835
GGGCACGTAGTACTGT-1,0,70,48,5773,7738
ACTACAAAGAGAGGTG-1,0,71,49,5717,7835
GGTGTAGGTAAGTAAA-1,0,70,50,5662,7738
CCTGTTCAACCTCGGG-1,0,71,51,5606,7834
TGAGGTGTGTGGCGGA-1,0,70,52,5551,7737
ATTGTCTGTTTCATGT-1,0,71,53,5495,7834
GCCGGTCGTATCTCTC-1,0,70,54,5440,7737
ATATGGGATAGCAACT-1,0,71,55,5384,7833
GATAGAACCCGCTAGG-1,0,70,56,5329,7736
ATCCCATTTCCGTGGG-1,0,71,57,5273,7833
GATGCTACCTTCGATG-1,0,70,58,5218,7736
TGCAAAGTTCGTCTGT-1,0,71,59,5162,7832
GTTCAGTCGCCAAATG-1,0,70,60,5107,7735
GTCTCCGCCTCAATAC-1,0,71,61,5051,7832
AGTAGAAGGCGCCTCA-1,0,70,62,4996,7735
GTTGTAGATTTATGAG-1,0,71,63,4940,7831
CTATTTGCTTGGAGGA-1,0,70,64,4885,7734
AGCCATATAGTATGTG-1,0,71,65,4829,7830
TGTTCCGGCCTGAGCT-1,0,70,66,4774,7734
TGCCGTGGGACCCAAT-1,0,71,67,4718,7830
TTGCAAGAAGACTCCT-1,0,70,68,4663,7733
CCGCTCCAGGGCGATC-1,0,71,69,4607,7829
CAAACCCTCCGGCGGG-1,0,70,70,4552,7733
CGGACCTTTACGTCCC-1,0,71,71,4496,7829
ACGTAGGAGAGTCGCT-1,0,70,72,4441,7732
CTGCGACCTCGCCGAA-1,0,71,73,4385,7828
GGCCCAGCTGGTTTGC-1,0,70,74,4330,7731
GGATTAATCATGGACC-1,0,71,75,4274,7828
GAGATGGCTTTAATCA-1,0,70,76,4219,7731
AGTACAGAAGCTTATA-1,0,71,77,4163,7827
GCGGCTTTAGCAAGTT-1,0,70,78,4108,7730
ACCGAGTCTCCTTATT-1,0,71,79,4052,7827
GACCACACTTCCCTTT-1,0,70,80,3997,7730
TGTAGCCAATTCCGTT-1,0,71,81,3941,7826
CTCGTCTGTGCCTTCG-1,0,70,82,3886,7729
GGACTCTTTGACTAAG-1,0,71,83,3830,7826
TCATCGACGACCGTCG-1,0,70,84,3775,7729
TACTACGTGCAATGCG-1,0,71,85,3719,7825
CCCTACTTGAACAATG-1,0,70,86,3664,7728
GCAGCTGTCAACGCAT-1,0,71,87,3608,7825
ATCTACCATCTGCTCC-1,0,70,88,3553,7728
TCTCAAATCAATCGGG-1,0,71,89,3497,7824
ACTCCGGCCGACCACT-1,0,70,90,3442,7727
TACACCTCTTCGAATC-1,0,71,91,3386,7823
GTGGCTGTTTCTGTTC-1,0,70,92,3331,7727
ACGACTCTAGGGCCGA-1,0,71,93,3275,7823
TCGTTTACGCGACCCT-1,0,70,94,3220,7726
AGGATATCCGACTGCA-1,0,71,95,3164,7822
GACACTTCCAATTACC-1,0,70,96,3109,7726
ACGGTACAGTTCAATG-1,0,71,97,3053,7822
CTTGATGACCATCCAG-1,0,70,98,2998,7725
CTGGTAAAGACTTACA-1,0,71,99,2942,7821
CTTGCCCACCCACGCA-1,0,70,100,2887,7724
CATTACGCAGGAAGGG-1,0,71,101,2831,7821
GGACAACCATGAAGCC-1,0,70,102,2776,7724
GTTATCAAGCTATCGA-1,0,71,103,2720,7820
AGGTGCACGTCCACAT-1,0,70,104,2665,7723
AAAGAATGTGGACTAA-1,0,71,105,2609,7820
ACCAAGTCATCGGCAG-1,0,70,106,2554,7723
AGTAACTATAGCAGCC-1,0,71,107,2498,7819
GGGAAAGAATGCCAAC-1,0,70,108,2443,7722
AATCGGTATAGCCCTC-1,0,71,109,2387,7819
GGCACTGCGGTGGTTT-1,0,70,110,2332,7722
CGTCCTCATCGCGTGC-1,0,71,111,2276,7818
CTTAACTTACAGTATA-1,0,70,112,2221,7721
GTGAGTCGACTAATAG-1,0,71,113,2165,7818
TGTACTTCCGGGCATG-1,0,70,114,2110,7721
CACAAACCGCAGAACT-1,0,71,115,2054,7817
GCTTTACACAACTGGG-1,0,70,116,1999,7720
CACCGATGATGGGTAC-1,0,71,117,1943,7816
TCAATATACAGGAGGC-1,0,70,118,1888,7720
AACGACCTCCTAGCCG-1,0,71,119,1832,7816
GTTACCAAGGCGTACG-1,0,70,120,1777,7719
TAGCTCACTGTGTTTG-1,0,71,121,1721,7815
TCGGCAGGGTTAAGGG-1,0,70,122,1666,7718
TGTTAACAAAGTGACT-1,0,71,123,1610,7815
CAGAGCGATGGATGCT-1,0,70,124,1555,7718
CATAGTGGGCACGCCT-1,0,71,125,1499,7814
AAACGCTGGGCACGAC-1,0,70,126,1444,7717
TGTTCTCATACTATAG-1,0,71,127,1388,7814
TCCGCTGGGTCGATCG-1,0,72,0,8437,7945
TTAGCATCCCTCACGT-1,0,73,1,8381,8041
AGCCTTGTCACTGATA-1,0,72,2,8326,7944
GTTTCTTGTTAGAGCT-1,0,73,3,8270,8040
TCGGAGTCCTGGTTGC-1,0,72,4,8215,7944
ACGGGTTGTGACCTGT-1,0,73,5,8159,8040
TGACAGAAATCTTGCT-1,0,72,6,8104,7943
TAGCCATGATTGCCTA-1,0,73,7,8048,8039
CGAAGCCACAGCATGG-1,0,72,8,7993,7942
ACCCGTAGCAGAGAAT-1,0,73,9,7937,8039
AGCTTGATCAGGGTAG-1,0,72,10,7882,7942
CTATAAGTAGGGTTTG-1,0,73,11,7826,8038
TATAGTTAGGTGTACT-1,0,72,12,7771,7941
TACGCTGATAGTTGTA-1,0,73,13,7715,8038
TTCTCAATTGCTACAA-1,0,72,14,7660,7941
GTTGCCCTAACGGGTG-1,0,73,15,7604,8037
GACATTTCGCCCAGCC-1,0,72,16,7549,7940
GTAACTACGTAGACCT-1,0,73,17,7493,8037
CCAGTGTACAGACCGA-1,0,72,18,7438,7940
GCCCGATGCCCAGTTC-1,0,73,19,7382,8036
CGAACCTCTTTCCTAG-1,0,72,20,7327,7939
CATGCACATGAGAGGC-1,0,73,21,7271,8036
CCAAATCAAAGGGCAA-1,0,72,22,7216,7939
GTAGTTTAAGCACACG-1,0,73,23,7160,8035
TAAGTGAATAGTCTAC-1,0,72,24,7105,7938
GGTCCACGTCTATTTG-1,0,73,25,7049,8034
CCCTCAGATCGAGAAC-1,0,72,26,6994,7938
ACATTCGCGCGGAATA-1,0,73,27,6938,8034
CTATGAACACCTTGCC-1,0,72,28,6883,7937
CGAATGGTAGGTCGTC-1,0,73,29,6827,8033
TCGACATAGCGTAGCG-1,0,72,30,6772,7937
GACGTTGCTCGGCGGC-1,0,73,31,6716,8033
CTCGAGGCAAGTTTCA-1,0,72,32,6661,7936
GCTGGGAGCGCGTCAA-1,0,73,33,6605,8032
GACGATATCACTGGGT-1,0,72,34,6550,7935
CAGCTCTGGGCTCACT-1,0,73,35,6494,8032
TAGTCTGCGGCACATT-1,0,72,36,6439,7935
TGGTCGATATACCTCT-1,0,73,37,6383,8031
TTCAGTTCAAGAGGAG-1,0,72,38,6328,7934
GTCTGTAGGTTGAACA-1,0,73,39,6272,8031
GAGAGTCTCGGGAGAG-1,0,72,40,6217,7934
TTGTTTGTATTACACG-1,0,73,41,6161,8030
GCACAGCACGGGCCGA-1,0,72,42,6106,7933
AAACAGTGTTCCTGGG-1,0,73,43,6050,8030
TGGAGAATAATCGTCC-1,0,72,44,5995,7933
CGCCGCGTTCTGAACG-1,0,73,45,5939,8029
CATGCGTTGAGAGGAG-1,0,72,46,5884,7932
TACGCTCCTAGAACTG-1,0,73,47,5828,8029
CCTTGTGAACGTGGTT-1,0,72,48,5773,7932
TTAAAGGCGATGCTCG-1,0,73,49,5717,8028
TAAAGTGCACGTCTCG-1,0,72,50,5661,7931
TGTCCGCAAACAATTC-1,0,73,51,5606,8027
AGGCCTATCATACCAA-1,0,72,52,5550,7931
ACTGGGATGCCAGTGC-1,0,73,53,5494,8027
CGATCCACCATTGTTG-1,0,72,54,5439,7930
GGGCATGCATGTCGAG-1,0,73,55,5383,8026
TCCAGGCAGGACGATC-1,0,72,56,5328,7929
CAATGACCCTTAATTT-1,0,73,57,5272,8026
ATCAAGATCCCAGGAC-1,0,72,58,5217,7929
CTCAGAGCTAATGTCG-1,0,73,59,5161,8025
CTGCGATTTCGAGATT-1,0,72,60,5106,7928
ATGGTATTGGGAACCG-1,0,73,61,5050,8025
TAGGTTCTGCTGAGAA-1,0,72,62,4995,7928
GCCTGTCCCGGTGCAT-1,0,73,63,4939,8024
GGCCTGCTCTGATGTT-1,0,72,64,4884,7927
TAGAGGGAGTTTATCT-1,0,73,65,4828,8024
CTCTACATCCTGCGTG-1,0,72,66,4773,7927
ACACATTTCCGTAGAC-1,0,73,67,4717,8023
TGGGTGTTAAGTAGAA-1,0,72,68,4662,7926
GAGCTCAACATGAGCG-1,0,73,69,4606,8023
GCACACAGCTATTACC-1,0,72,70,4551,7926
GCGACGGTAGTCTCCT-1,0,73,71,4495,8022
GTATCAAGGTACTTCC-1,0,72,72,4440,7925
GGAAAGGGAATTGAGC-1,0,73,73,4384,8021
TACACAGCCGTGGTGC-1,0,72,74,4329,7925
CGGTTGGGCAGGGTCC-1,0,73,75,4273,8021
GCACGCCGATTCCCGC-1,0,72,76,4218,7924
CGCTTTCCGCCAAGGT-1,0,73,77,4162,8020
TGCCCGATAGTTAGAA-1,0,72,78,4107,7924
TCAGAACGGCGGTAAT-1,0,73,79,4051,8020
CCACTCAGATCCGCAA-1,0,72,80,3996,7923
GAAGGGTCATTAAGAC-1,0,73,81,3940,8019
GCGGTCTTGCTTTCAC-1,0,72,82,3885,7922
GGAAGGACACCGTATA-1,0,73,83,3829,8019
CGCGGGAATTCCTTTC-1,0,72,84,3774,7922
TCTATCCGATTGCACA-1,0,73,85,3718,8018
TACTCGTTTGAATCAA-1,0,72,86,3663,7921
GTCTGCCGACTCGACG-1,0,73,87,3607,8018
TACGGGTAATAACATA-1,0,72,88,3552,7921
CCAGTTCGGTAACTCA-1,0,73,89,3496,8017
CGTGCACACCACTGTA-1,0,72,90,3441,7920
CTTCAGTTGGACAACG-1,0,73,91,3385,8017
TGATCTATCACACTCT-1,0,72,92,3330,7920
TAGCAGATACTTAGGG-1,0,73,93,3274,8016
CACCGGGCATCACAAG-1,0,72,94,3219,7919
AGTGGCCCGCAAATGG-1,0,73,95,3163,8016
CTCGCTAGGTAAGCGA-1,0,72,96,3108,7919
GATAGATAGTACAGTC-1,0,73,97,3052,8015
CGAGACTACTGCTGCT-1,0,72,98,2997,7918
ACATTTGAAACCTAAC-1,0,73,99,2941,8014
GACACAGCCGGGACTG-1,0,72,100,2886,7918
ACGGAACACGAGTGCC-1,0,73,101,2830,8014
ACGCCAGTGCGTTTGC-1,0,72,102,2775,7917
GCACCTAGGCGAGTCC-1,0,73,103,2719,8013
TCACTATCCCTTCGGT-1,0,72,104,2664,7917
TGAGTGTAACAACGGG-1,0,73,105,2608,8013
ATTGGTTGTGCATTAC-1,0,72,106,2553,7916
CTGGCGATTTACATGT-1,0,73,107,2497,8012
TCCACCAAGACATAGG-1,0,72,108,2442,7915
AACGTCGCTGCACTTC-1,0,73,109,2386,8012
GTCTCCCGAGTCCCGT-1,0,72,110,2331,7915
AGCCCGCACTACAATG-1,0,73,111,2275,8011
GGCACGCTGCTACAGT-1,0,72,112,2220,7914
GCTTGAGTGACCTCTG-1,0,73,113,2164,8011
ATAGCCATAACAGTCA-1,0,72,114,2109,7914
TAGGAGGCTCGAGAAC-1,0,73,115,2053,8010
GTCGGGTGAAGTACCG-1,0,72,116,1998,7913
CACCCGCGTTTGACAC-1,0,73,117,1942,8010
TCTCAGGCTACTCGCT-1,0,72,118,1887,7913
TAGATTCTCTAGCAAA-1,0,73,119,1831,8009
CCCATTATTGTATCCT-1,0,72,120,1776,7912
GTTAATAGCGTCATTA-1,0,73,121,1720,8009
TACTCATTGACGCATC-1,0,72,122,1665,7912
TAGTGACAAGCTCTAC-1,0,73,123,1609,8008
ATCGCCGTGGTTCATG-1,0,72,124,1554,7911
CTGCTCTCAACACACC-1,0,73,125,1498,8007
GCATGACACAAAGGAA-1,0,72,126,1443,7911
CAACGATCGATCCAAT-1,0,73,127,1387,8007
ATACAGCGTCCACTGA-1,0,74,0,8436,8138
TCACGATTAATACGTT-1,0,75,1,8380,8234
CGTGAACTGACCCGAT-1,0,74,2,8325,8137
TCGATGTTACGGCCGT-1,0,75,3,8269,8234
GACCGGTGATACTCTC-1,0,74,4,8214,8137
TCTGTTTAGATTGTTC-1,0,75,5,8158,8233
GCTACTCGGACGCAGA-1,0,74,6,8103,8136
AAGAAAGTTTGATGGG-1,0,75,7,8047,8233
CGCCAGTAGTACCTTG-1,0,74,8,7992,8136
CTCCCTTGTATCAAGG-1,0,75,9,7936,8232
ACTTTATACACCACTT-1,0,74,10,7881,8135
AGATCTGGAGAGGATA-1,0,75,11,7825,8231
TCATCCATCTGATCAC-1,0,74,12,7770,8135
AGAACACGGCGATGGT-1,0,75,13,7714,8231
CCGCTCCGGATAAGCT-1,0,74,14,7659,8134
TGGTCGGGTACAGGGC-1,0,75,15,7603,8230
ACGGACGCAGCGACAA-1,0,74,16,7548,8133
ACATGCTTACGGCAGC-1,0,75,17,7492,8230
CAGGGAGATAGGCCAG-1,0,74,18,7437,8133
TCGCCACCCGGATTAC-1,0,75,19,7381,8229
TCTTGGTCAATGATAC-1,0,74,20,7326,8132
CATAGGGACACTTGTG-1,0,75,21,7270,8229
CACGAGCAAACCAGAC-1,0,74,22,7215,8132
GGGATATTGATCGCCA-1,0,75,23,7159,8228
TAATGTCGGTTCATGG-1,0,74,24,7104,8131
CGATTTGTCATTAATG-1,0,75,25,7048,8228
TTAAGATACCCAGAGA-1,0,74,26,6993,8131
CGACCGTTGGTATTCG-1,0,75,27,6937,8227
ACTACCATCCGAGGGC-1,0,74,28,6882,8130
TCTACGCACGATCTCC-1,0,75,29,6826,8227
AAGCCACTTGCAGGTA-1,0,74,30,6771,8130
ACGTTGTCGTTGAAAG-1,0,75,31,6715,8226
ACCGCTAGTCATTGGT-1,0,74,32,6660,8129
CATGAGTCCATCACGG-1,0,75,33,6604,8225
ATGTCTTGTTTGACTC-1,0,74,34,6549,8129
TCCCAAACATCCTCTA-1,0,75,35,6493,8225
CAACGCGATGAGCCAA-1,0,74,36,6438,8128
GACACCCAAAGACGCG-1,0,75,37,6382,8224
ACGTTCACTATGCCGC-1,0,74,38,6327,8128
ATGGACTGCTTAGTTG-1,0,75,39,6271,8224
CCATGGCAAACGCTCA-1,0,74,40,6216,8127
TTGTCTCGGCAAGATG-1,0,75,41,6160,8223
TTCGAACGAAACATGC-1,0,74,42,6105,8126
GGAAAGTCTTGATTGT-1,0,75,43,6049,8223
ATCATAGATCGACGAG-1,0,74,44,5994,8126
GATTAGAAACAAGCGT-1,0,75,45,5938,8222
GCTGCGAAGAATTATT-1,0,74,46,5883,8125
TTCCAGTGGGTTTCGT-1,0,75,47,5827,8222
GCTCATTGATCATATC-1,0,74,48,5772,8125
ATACGAGGTTTGTAAG-1,0,75,49,5716,8221
GTCTATACACGCATGG-1,0,74,50,5661,8124
GATTTGCGCTAACACC-1,0,75,51,5605,8221
TGGTGCCCTGCCTTAC-1,0,74,52,5550,8124
TCGAATCGCAGGGTAG-1,0,75,53,5494,8220
GGTAGGCCAATATCAC-1,0,74,54,5439,8123
CGTAAATAACAAAGGG-1,0,75,55,5383,8220
GACTCTAGAGTTCCAA-1,0,74,56,5327,8123
ACTTGTTACCGGATCA-1,0,75,57,5272,8219
GGCATTGAACATCTCA-1,0,74,58,5216,8122
AACCCGCTGTATTCCA-1,0,75,59,5160,8218
TAACAGGTTCCCTTAG-1,0,74,60,5105,8122
GTTCTTGTAACTCAAT-1,0,75,61,5049,8218
GATTCTGTTAATGAGT-1,0,74,62,4994,8121
GGACACCTCGGTGTTG-1,0,75,63,4938,8217
CGATCGAGAAGCACCA-1,0,74,64,4883,8121
CTGCTCTGACGGCAAA-1,0,75,65,4827,8217
CCCAGGAAGAATTCGA-1,0,74,66,4772,8120
TGTCGTGGGTATAGGC-1,0,75,67,4716,8216
ATATGTCTAGAGCGTG-1,0,74,68,4661,8119
GCGGGCAGACGGGTGA-1,0,75,69,4605,8216
CGAAGATCAGTTTCAT-1,0,74,70,4550,8119
ACGCCACTCGAAACAG-1,0,75,71,4494,8215
CTTAGATGTTTCATCC-1,0,74,72,4439,8118
GCGAATGGACTAGCGA-1,0,75,73,4383,8215
TAAATTGTGGGTAAAG-1,0,74,74,4328,8118
ATTTATACTGGTAAAG-1,0,75,75,4272,8214
GCGTCGTAACATGGTC-1,0,74,76,4217,8117
CGGTATGGGCACTCTG-1,0,75,77,4161,8214
CTATCACAACGCTGGA-1,0,74,78,4106,8117
ACCACACGGTTGATGG-1,0,75,79,4050,8213
TCAGCGCACGCCGTTT-1,0,74,80,3995,8116
AATGTTAAGACCCTGA-1,0,75,81,3939,8213
CTTACATAGATTTCTT-1,0,74,82,3884,8116
AACATAGCGTGTATCG-1,0,75,83,3828,8212
AGCAGTCGAAGCATGC-1,0,74,84,3773,8115
GTACTACGGCCTCGTT-1,0,75,85,3717,8211
TTGGCCAAATTGTATC-1,0,74,86,3662,8115
TCAGAGGACGCGTTAG-1,0,75,87,3606,8211
AGTAATCTAAGGGTGG-1,0,74,88,3551,8114
AATTATACCCAGCAAG-1,0,75,89,3495,8210
CCCTACCCACACCCAG-1,0,74,90,3440,8113
CTCTGTCCATGCACCA-1,0,75,91,3384,8210
TCGCCTCCTTCGGCTC-1,0,74,92,3329,8113
CCTGATTCGCGAAGAA-1,0,75,93,3273,8209
GACTTCAACGCATCAA-1,0,74,94,3218,8112
GCTTCCCGTAAGCTCC-1,0,75,95,3162,8209
AGAACTGTACTTTGTA-1,0,74,96,3107,8112
CCTTAAGTACGCAATT-1,0,75,97,3051,8208
GGCCAATTGTATAGAC-1,0,74,98,2996,8111
AGAATACAGGCTATCC-1,0,75,99,2940,8208
AATACCTGATGTGAAC-1,0,74,100,2885,8111
TAGAGTGTTCCGGGTA-1,0,75,101,2829,8207
GCTTCCATGTAACCGC-1,0,74,102,2774,8110
GGTTCGCATTTGCCGT-1,0,75,103,2718,8207
TCAATCCGGGAAGTTT-1,0,74,104,2663,8110
CCGGAAGTGCAATATG-1,0,75,105,2607,8206
CTCATAAATGTGTATA-1,0,74,106,2552,8109
GACGGGCATCGAATTT-1,0,75,107,2496,8205
GCTAAGCCCAGTATGC-1,0,74,108,2441,8109
GCTATAAGGGCCAGGA-1,0,75,109,2385,8205
GCGGATTACTTGTTCT-1,0,74,110,2330,8108
TACAACAGCGCATACA-1,0,75,111,2274,8204
TCTAACCTAGCCTGCG-1,0,74,112,2219,8108
TCTACCCGCATCATTT-1,0,75,113,2163,8204
GTCTTACCACGCCAAG-1,0,74,114,2108,8107
AATAACGTCGCGCCCA-1,0,75,115,2052,8203
CGTTTCGGTTATATGC-1,0,74,116,1997,8106
TACGCTGCACGGTCGT-1,0,75,117,1941,8203
CGTTAAATACGACCAG-1,0,74,118,1886,8106
TCGACTGACGATGGCT-1,0,75,119,1830,8202
ACGCTACTGAATGGGC-1,0,74,120,1775,8105
AAGGGTTAGCCATGCG-1,0,75,121,1719,8202
ACGTTTCGGTGCACTT-1,0,74,122,1664,8105
TTAACCCGAGGCGTGT-1,0,75,123,1608,8201
GCCCGTCAAGCCCAAT-1,0,74,124,1553,8104
ATTCGTCCCGAGGTTA-1,0,75,125,1497,8201
TCAAATTATGTTCGAC-1,0,74,126,1442,8104
AACGTTCTACCATTGT-1,0,75,127,1386,8200
CTGTCCTGCGCACTAC-1,0,76,0,8435,8331
GCCCAGCGACACAAAG-1,0,77,1,8379,8427
TATAGCTATTATCTCT-1,0,76,2,8324,8330
AAGCTATGGATTGACC-1,0,77,3,8268,8427
CCGAAACACGACCTCT-1,0,76,4,8213,8330
ATCAGAAGCTGGTTGC-1,0,77,5,8157,8426
TGAACCTGAATGTGAG-1,0,76,6,8102,8329
TCAGAGCATGTCAACG-1,0,77,7,8046,8426
ATACCCTCCCGGCCAA-1,0,76,8,7991,8329
GCCACCTTATTCGCGA-1,0,77,9,7935,8425
CAACGAGCTTATTATG-1,0,76,10,7880,8328
GATCCAACCTTTAAAC-1,0,77,11,7824,8425
TTGTGGAGACAGCCGG-1,0,76,12,7769,8328
AGATAATCACACCTAT-1,0,77,13,7713,8424
GGTTAGGGATGCTAAT-1,0,76,14,7658,8327
TCATGAAGCGCTGCAT-1,0,77,15,7602,8424
CCAGGCGAGATGGTCT-1,0,76,16,7547,8327
CGACTTGCCGGGAAAT-1,0,77,17,7491,8423
GTGCCAAACGTTTCGA-1,0,76,18,7436,8326
TGCTCAAAGGATGCAC-1,0,77,19,7380,8422
GCCTCAGGTACCGGTC-1,0,76,20,7325,8326
ACAAGTAATTGTAAGG-1,0,77,21,7269,8422
TTAGAGTATTGTCGAG-1,0,76,22,7214,8325
GTCATCCCAAACTCAC-1,0,77,23,7158,8421
CTCCTAGTAATCGTGA-1,0,76,24,7103,8324
CCCTCATCACAGAGTA-1,0,77,25,7047,8421
GGAAACAGAGCTTGGG-1,0,76,26,6992,8324
ACATCGCAATATTCGG-1,0,77,27,6936,8420
TTAGCCATAGGGCTCG-1,0,76,28,6881,8323
CGGATTCTGCCTTATG-1,0,77,29,6825,8420
TTGTTGGCAATGACTG-1,0,76,30,6770,8323
GGATCTACCGTTCGTC-1,0,77,31,6714,8419
GGTGGGATTAGGTCCC-1,0,76,32,6659,8322
AATAGGCACGACCCTT-1,0,77,33,6603,8419
GAGGTCCGTTCGCTGT-1,0,76,34,6548,8322
TGACAACTTAAAGGTG-1,0,77,35,6492,8418
AGCTAAGCTCCGTCCG-1,0,76,36,6437,8321
CTAGCCCGGGAGACGA-1,0,77,37,6381,8418
CCCAGATTCCCGTGAC-1,0,76,38,6326,8321
GCCCGTTCACACAATT-1,0,77,39,6270,8417
ACAAACTCCATCAGAG-1,0,76,40,6215,8320
GGTTCCGTACGACTAA-1,0,77,41,6159,8416
TTGCGGAAAGCTGCCC-1,0,76,42,6104,8320
GGAACTCGTGAATACG-1,0,77,43,6048,8416
GGTTACCGCTCCCTAC-1,0,76,44,5993,8319
AGCGACTTTGAAGACA-1,0,77,45,5937,8415
CCGTTTCCTTTCCGTG-1,0,76,46,5882,8319
TGGATGGCATCTTGGA-1,0,77,47,5826,8415
CAAGTCGTTGAAATCT-1,0,76,48,5771,8318
TGCAAACGTACTAGTT-1,0,77,49,5715,8414
GGCTGTCCTACTGCGG-1,0,76,50,5660,8317
TACTGCATGATTAAAT-1,0,77,51,5604,8414
CGGACCTCTGTAGTTA-1,0,76,52,5549,8317
CCCTAGCTCTAAGGTC-1,0,77,53,5493,8413
GTAACAGGTTAACGGC-1,0,76,54,5438,8316
CCCGCAAATAATCATC-1,0,77,55,5382,8413
AATCCCGCTCAGAGCC-1,0,76,56,5327,8316
AACGTCATCCGGCTTG-1,0,77,57,5271,8412
CTCGTGGCACTGAAAG-1,0,76,58,5216,8315
CTTTATCCGACGCATG-1,0,77,59,5160,8412
AAATGACTGATCAAAC-1,0,76,60,5105,8315
TTCGTGCATGTTATAG-1,0,77,61,5049,8411
ATCAAAGAGCCGTGGT-1,0,76,62,4993,8314
ATGTCATAATAAACGA-1,0,77,63,4938,8411
CTTAATCGACTTAGTA-1,0,76,64,4882,8314
CTAAAGGATGAGATAC-1,0,77,65,4826,8410
GTGCTATCCAGCTGGA-1,0,76,66,4771,8313
GACAGAGGTCTTCAGT-1,0,77,67,4715,8409
TCGATTTACGAAACGA-1,0,76,68,4660,8313
AGGCTTAAGTTGCACA-1,0,77,69,4604,8409
TAGGATCTTAACCGCA-1,0,76,70,4549,8312
GACTTTCGAGCGGTTC-1,0,77,71,4493,8408
CCCTGGGAGGGATCCT-1,0,76,72,4438,8312
TAGTAGTTGCCGGACA-1,0,77,73,4382,8408
GCCCTAAGTGCAGGAT-1,0,76,74,4327,8311
ACTTGGGCTTTCGCCA-1,0,77,75,4271,8407
CATGATACGGTGAAAC-1,0,76,76,4216,8310
TCCTGCAGCCGCCAAT-1,0,77,77,4160,8407
GTCCGTTAGAGGGCCT-1,0,76,78,4105,8310
GCTTTATTAAGTTACC-1,0,77,79,4049,8406
AATCGAGGTCTCAAGG-1,0,76,80,3994,8309
GTGCTGTTAGAACATA-1,0,77,81,3938,8406
GGCTTCTCGTGGGTGG-1,0,76,82,3883,8309
CCTACAGTTGAGGGAG-1,0,77,83,3827,8405
TATCCCTCGATCTGCA-1,0,76,84,3772,8308
CCGGTATCTGGCGACT-1,0,77,85,3716,8405
CTCTAACACCGGCAGC-1,0,76,86,3661,8308
CTTCATCACCAGGGCT-1,0,77,87,3605,8404
GGCTGGCAATCCCACG-1,0,76,88,3550,8307
CAAACCATAAGCGTAT-1,0,77,89,3494,8404
CATGTGGGCTCATCAC-1,0,76,90,3439,8307
CCCGTGACAGTGCCTT-1,0,77,91,3383,8403
GATTATCTTGCATTAT-1,0,76,92,3328,8306
GAGTCCACCAGGTTTA-1,0,77,93,3272,8402
TGTACTATCGCTCGTT-1,0,76,94,3217,8306
TTAGCGAATAGATAGG-1,0,77,95,3161,8402
ACATACAATCAAGCGG-1,0,76,96,3106,8305
ATTCGTGTACCCATTC-1,0,77,97,3050,8401
GCTAGCAACGCACCTA-1,0,76,98,2995,8304
ACCTCAGCGAGGCGCA-1,0,77,99,2939,8401
TCCGGGCCACTAACGG-1,0,76,100,2884,8304
TCCCAATATCGACGAC-1,0,77,101,2828,8400
GGATTGAAGTAGCCTC-1,0,76,102,2773,8303
GGCGCACAGTTTACCT-1,0,77,103,2717,8400
CCCGGCACGTGTCAGG-1,0,76,104,2662,8303
AGTAAGGGACAGAATC-1,0,77,105,2606,8399
TTGCGCACAACCACGT-1,0,76,106,2551,8302
CCTGCTACAACCATAC-1,0,77,107,2495,8399
CTGGGCTACTGGAGAG-1,0,76,108,2440,8302
AGCTACGAATGGTGGT-1,0,77,109,2384,8398
ATTCGTTTATCGTATT-1,0,76,110,2329,8301
GGCATTCCCTCCCTCG-1,0,77,111,2273,8398
AGTTATTCAGACTGTG-1,0,76,112,2218,8301
CCACTTTCCTTCTAGG-1,0,77,113,2162,8397
CGCAGTTCTATCTTTC-1,0,76,114,2107,8300
AGGAGCGTTTATTATC-1,0,77,115,2051,8396
GACAGGTAATCCGTGT-1,0,76,116,1996,8300
TTCCCAAAGTACTGAT-1,0,77,117,1940,8396
CTGCAGGGTGACGCTC-1,0,76,118,1885,8299
TCATGGAGGCCTTTGT-1,0,77,119,1829,8395
ATGGCCCGAAAGGTTA-1,0,76,120,1774,8299
CGTAATATGGCCCTTG-1,0,77,121,1718,8395
AGAGTCTTAATGAAAG-1,0,76,122,1663,8298
GAACGTTTGTATCCAC-1,0,77,123,1607,8394
ATTGAATTCCCTGTAG-1,0,76,124,1552,8297
TACCTCACCAATTGTA-1,0,77,125,1496,8394
AGTCGAATTAGCGTAA-1,0,76,126,1441,8297
TTGAAGTGCATCTACA-1,0,77,127,1385,8393
