ACGCCTGACACGCGCT-1,0,0,0,3449,5064
TACCGATCCAACACTT-1,0,1,1,3955,5355
ATTAAAGCGGACGAGC-1,0,0,2,3449,5646
GATAAGGGACGATTAG-1,0,1,3,3955,5936
GTGCAAATCACCAATA-1,0,0,4,3450,6227
TGTTGGCTGGCGGAAG-1,0,1,5,3956,6518
GCATCCTCTCCTATTA-1,0,0,6,3450,6809
GCGAGGGACTGCTAGA-1,0,1,7,3956,7100
TGGTACCGGCACAGCC-1,0,0,8,3450,7390
GCGCGTTTAAATCGTA-1,0,1,9,3956,7681
TGCCTTGCCCTTACGG-1,0,0,10,3450,7972
GACGACTTTCCAAGAA-1,0,1,11,3956,8263
CCAGTGAGCTCCTTGT-1,0,0,12,3450,8554
ATACCCTGGCTCAAAT-1,0,1,13,3956,8844
GGGTTTCCGGCTTCCA-1,0,0,14,3451,9135
TAACCGTCCAGTTCAT-1,0,1,15,3957,9426
AAACAACGAATAGTTC-1,0,0,16,3451,9717
CAAGGGAGTGTATTTG-1,0,1,17,3957,10007
CCAAGCTTGATCTCCT-1,0,0,18,3451,10298
TTATTTCATCCCAAAC-1,0,1,19,3957,10589
GAGCGCTATGTCAGGC-1,0,0,20,3451,10880
TATGGCAGACTTTCGA-1,0,1,21,3957,11171
CTTCGTGCCCGCATCG-1,0,0,22,3451,11461
AAACGGGTTGGTATCC-1,0,1,23,3958,11752
TGCAAACCCACATCAA-1,0,0,24,3452,12043
GACGGGATGTCTTATG-1,0,1,25,3958,12334
GGCGAGCATCGAGGAC-1,0,0,26,3452,12625
CGCGTGCTATCAACGA-1,0,1,27,3958,12915
TGAAACCTCAACTCAC-1,0,0,28,3452,13206
CACATAAGGCGACCGT-1,0,1,29,3958,13497
TGACCCAACTCACATT-1,0,0,30,3452,13788
ATACGCCGATCTACCG-1,0,1,31,3958,14078
ACTTATCTGATCTATA-1,0,0,32,3452,14369
GTGTGAGCCGAGGTGC-1,0,1,33,3959,14660
GATGATTTGAAACTGG-1,0,0,34,3453,14951
GGGAACCACCTGTTTC-1,0,1,35,3959,15242
GTTCGTTGCGGACCAG-1,0,0,36,3453,15533
TGAGGTTGATCCCAAG-1,0,1,37,3959,15823
GATGCCACACTACAGC-1,0,0,38,3453,16114
AGGCAAAGAGGAATCA-1,0,1,39,3959,16405
AAGTAAGCTTCCAAAC-1,0,0,40,3453,16696
AACGTAGTCTACCCAT-1,0,1,41,3959,16986
GTTTGAGCGGTTATGT-1,0,0,42,3453,17277
GAAGCAAGGCAATGTT-1,0,1,43,3960,17568
TCACTCAGCGCATTAG-1,0,0,44,3454,17859
TACAATGAAACCAGCA-1,0,1,45,3960,18149
GTGCGCTTACAAATGA-1,0,0,46,3454,18440
GCACTCCCACAGTCCC-1,0,1,47,3960,18731
CGAAGACTGCCCGGGA-1,0,0,48,3454,19022
CAGGATCCGCCCGACC-1,0,1,49,3960,19313
CACGATTGGTCGTTAA-1,0,0,50,3454,19604
GGTTGTATCGTGAAAT-1,0,1,51,3960,19894
TCTTATGGGTAGTACC-1,0,0,52,3455,20185
TACAAGCTGTTCACTG-1,0,1,53,3961,20476
GTATCTTGTTGCTCAC-1,0,0,54,3455,20767
ATACCAGGTGAGCGAT-1,0,1,55,3961,21057
CCTAAACAGGGTCCGT-1,0,0,56,3455,21348
ATGGTGCTCAAAGCCA-1,0,1,57,3961,21639
CAAATGCGGAGTGTTC-1,0,0,58,3455,21930
CGTGCCCGACATTTGT-1,0,1,59,3961,22220
GTATCTCCCTAACTGT-1,0,0,60,3455,22511
ATTTGCCTAGTTACGA-1,0,1,61,3961,22802
ACGTCCTAAACGAGAT-1,0,0,62,3456,23093
CTGGGATCGCCCAGAT-1,0,1,63,3962,23384
CTGCAAATGGGCTCCA-1,0,0,64,3456,23675
CATTATAACAGGGTCC-1,0,1,65,3962,23965
ACCTTTCCTTTAGAAG-1,0,0,66,3456,24256
ATAGATTTGCAGTCGG-1,0,1,67,3962,24547
CTCGGGCATCGTCGGG-1,0,0,68,3456,24838
GTGGCGGGCCGTAGCT-1,0,1,69,3962,25128
CAACAGTGCCAAACGG-1,0,0,70,3456,25419
TGCGGGTATTGGGATC-1,0,1,71,3962,25710
GTCTCGCCAACACGCC-1,0,0,72,3457,26001
CTGGGCGGCCAAATGT-1,0,1,73,3963,26291
TAAAGGAGAAACTAGT-1,0,0,74,3457,26582
TCCCACGGAGGGAGCT-1,0,1,75,3963,26873
AGCTTCAATACTTTGA-1,0,0,76,3457,27164
TTCCACATTTCTCGTC-1,0,1,77,3963,27455
ACAAACCGACAAGGCG-1,0,0,78,3457,27746
AGACGGGATTGGTATA-1,0,1,79,3963,28036
AACCTAAAGCCGTCCG-1,0,0,80,3457,28327
TACAAATTGCGGAGGT-1,0,1,81,3963,28618
CCCGCTAGAGGGTTAA-1,0,0,82,3458,28909
CATTGCAAAGCATAAT-1,0,1,83,3964,29199
TGTACGCTATCAGCTT-1,0,0,84,3458,29490
TTCTTCGCAATAGAGC-1,0,1,85,3964,29781
TGTGATTCCAGCGCTT-1,0,0,86,3458,30072
ATTCAGGATCGCCTCT-1,0,1,87,3964,30362
GCCCATGGGTGCAATG-1,0,0,88,3458,30653
TTCCCGACGCTTCACT-1,0,1,89,3964,30944
AGCGGTTGAGATGTAC-1,0,0,90,3458,31235
GCTGTCTGTGATCGAC-1,0,1,91,3964,31526
AAAGACATGAAGTTTA-1,0,0,92,3459,31817
CAACAGAATAACGCTA-1,0,1,93,3965,32107
TGCGGTCTACGAGTAA-1,0,0,94,3459,32398
AAGACTCACGCCCACT-1,0,1,95,3965,32689
CTTTGAAACATATTCC-1,0,0,96,3459,32980
CTGGGCACTAGTCGGA-1,0,1,97,3965,33270
CGCCCTTACATCCACC-1,0,0,98,3459,33561
CACGACCACAGACTTT-1,0,1,99,3965,33852
CAATCCATTATCCGTT-1,0,0,100,3459,34143
GTGGCGTGCACCAGAG-1,0,1,101,3965,34433
CGGAGTCCTAACCTGG-1,0,0,102,3460,34724
GGTCCCATAACATAGA-1,0,1,103,3966,35015
ATCTCATAAACCTACC-1,0,0,104,3460,35306
TGCATGGCAGTCTTGC-1,0,1,105,3966,35597
TTGCAGGTCATGAAGT-1,0,0,106,3460,35888
AGCTGCATTTGAGGTG-1,0,1,107,3966,36178
TAATCAGGAATGCTGC-1,0,0,108,3460,36469
CCATCATAAGAACAGG-1,0,1,109,3966,36760
TCGTATCACCAAGCTA-1,0,0,110,3460,37051
ATTCAGATGAATCCCT-1,0,1,111,3966,37341
AAAGGTCAACGACATG-1,0,0,112,3461,37632
AGCTGCTGTGCCGAAT-1,0,1,113,3967,37923
CTAGCGCCAATCCTAC-1,0,0,114,3461,38214
GCTCGACCGAACTGAA-1,0,1,115,3967,38504
ACAGTGCAGCGCATTT-1,0,0,116,3461,38795
CGGCTGAAGGTTACGC-1,0,1,117,3967,39086
CACCTCTACGAGTGTG-1,0,0,118,3461,39377
ATACGACAGATGGGTA-1,0,1,119,3967,39668
ACTTCCTGTCGTGCGA-1,0,0,120,3461,39959
CGTAACGGAACGATCA-1,0,1,121,3968,40249
AAATCACTCCTAAACG-1,0,0,122,3462,40540
CTCCGAGTAAATCCGC-1,0,1,123,3968,40831
ACGCTAGTATCAGTGC-1,0,0,124,3462,41122
AGAGTGAACAGACACC-1,0,1,125,3968,41412
ACACCCGTAAATCTGT-1,0,0,126,3462,41703
GCTTTGCTGCCGGGTA-1,0,1,127,3968,41994
ACAGGAGGCGCAGCCG-1,0,2,0,4461,5064
AGGCAATACGGAGGAC-1,0,3,1,4967,5354
TGGTGTGACAGACGAT-1,0,2,2,4461,5645
ATCTATCGATGATCAA-1,0,3,3,4967,5936
CGGTAACAAGATACAT-1,0,2,4,4462,6227
TCGCCGGAGAGTCTTA-1,0,3,5,4968,6518
GGAGGAGTGTGTTTAT-1,0,2,6,4462,6809
TTAGGTGTGACTGGTC-1,0,3,7,4968,7099
CAGGGCTAACGAAACC-1,0,2,8,4462,7390
CCCGTGGGTTAATTGA-1,0,3,9,4968,7681
GACCGACCGCTAATAT-1,0,2,10,4462,7972
GGTATCAAGCATAGAA-1,0,3,11,4968,8262
TGCATGAGTAGATTCG-1,0,2,12,4462,8553
AATTCCAACTTGGTGA-1,0,3,13,4968,8844
TGCCGATGTCATCAAT-1,0,2,14,4463,9135
GCTGGGTCCGCTGTTA-1,0,3,15,4969,9425
TGAACACCCGAAGCAG-1,0,2,16,4463,9716
AACATTGGTCAGCCGT-1,0,3,17,4969,10007
GTGGGTCTTCTTTGCG-1,0,2,18,4463,10298
CATCGAATGGATCTCT-1,0,3,19,4969,10589
GCTACACTGTCCGAAC-1,0,2,20,4463,10880
CGGGTTGTAGCTTTGG-1,0,3,21,4969,11170
CCTAAGTGTCTAACCG-1,0,2,22,4463,11461
TCTGTGACTGACCGTT-1,0,3,23,4969,11752
TTATCATACTCGCAAA-1,0,2,24,4464,12043
AGCGTAGCGCTAGACC-1,0,3,25,4970,12333
TCCCTCCGAAATCGTT-1,0,2,26,4464,12624
AGGTCGCCACTTCGGT-1,0,3,27,4970,12915
CTAGCAACTAATTTAC-1,0,2,28,4464,13206
TTGCTAGCTACCAATC-1,0,3,29,4970,13496
GCCGGTTTGGGCGGAT-1,0,2,30,4464,13787
TGTAACTTGTCAACCT-1,0,3,31,4970,14078
CGAGATGTTGCCTATA-1,0,2,32,4464,14369
GTTACGAAATCCACGC-1,0,3,33,4970,14660
CTTGTCGTACGTGTCA-1,0,2,34,4465,14951
GCGTCCAGCTCGTGGC-1,0,3,35,4971,15241
CCCTTCTCGTACGCGA-1,0,2,36,4465,15532
CCAAAGTCCCGCTAAC-1,0,3,37,4971,15823
CCGCTTCGCGGTTAAC-1,0,2,38,4465,16114
GTTACGGCCCGACTGC-1,0,3,39,4971,16404
CCCGCTTGCCCTCGTC-1,0,2,40,4465,16695
TAGTGAGAAGTGGTTG-1,0,3,41,4971,16986
CGCTACCGCCCTATGA-1,0,2,42,4465,17277
AAACAATCTACTAGCA-1,0,3,43,4971,17567
GCGCGATGGGTCAAGT-1,0,2,44,4466,17858
ATAAACCATTGGACGG-1,0,3,45,4972,18149
TCGGGCACTTCTGGAT-1,0,2,46,4466,18440
TCTGTGGCTACATTTC-1,0,3,47,4972,18731
CTCTGTGCCTGCTATG-1,0,2,48,4466,19022
CACGACTAAAGTTCTG-1,0,3,49,4972,19312
GAGGAGTAATTCCTAC-1,0,2,50,4466,19603
AGAGGTATCTCGGTCC-1,0,3,51,4972,19894
GGCGTACCCTATATAA-1,0,2,52,4466,20185
GCCGGAAACACATCTT-1,0,3,53,4973,20475
AAATGTGGGTGCTCCT-1,0,2,54,4467,20766
ACCAGGAGTGTGATCT-1,0,3,55,4973,21057
TGTGGAGGAAGCTTAA-1,0,2,56,4467,21348
AAGGAGAACTTATAAG-1,0,3,57,4973,21638
CCCTCGGGAGCCTTGT-1,0,2,58,4467,21929
ACTGTTTAGTGTAGGC-1,0,3,59,4973,22220
CGTCAGTTTATCGTCT-1,0,2,60,4467,22511
GCGTGTATGTCGTATT-1,0,3,61,4973,22802
ACAATCGATCTTTATA-1,0,2,62,4467,23093
CAGCCCTCACAGGCAG-1,0,3,63,4974,23383
CGCGTCATATTAAACC-1,0,2,64,4468,23674
GAAGACTTCAATGCCG-1,0,3,65,4974,23965
TTGCGGCGACTCATGC-1,0,2,66,4468,24256
ACCAAACTAGAAATCC-1,0,3,67,4974,24546
TTACTGTTTCTCTACG-1,0,2,68,4468,24837
GACCAGGTCATTCATA-1,0,3,69,4974,25128
TTCTTCCCTTTGATAT-1,0,2,70,4468,25419
ACGCCCAGCTGTCGAT-1,0,3,71,4974,25709
AGTAGCGTGAACGAAC-1,0,2,72,4468,26000
CCTCGACCCACTGCCT-1,0,3,73,4975,26291
AGTTATTGAAAGGTAA-1,0,2,74,4469,26582
TCAGTTACGGAATGAT-1,0,3,75,4975,26873
GAATCTATACTCGGAC-1,0,2,76,4469,27164
TCGGCTAACTTCCCTT-1,0,3,77,4975,27454
ACGTGGTCGAATGTGC-1,0,2,78,4469,27745
ATATCGTGCCAGACCC-1,0,3,79,4975,28036
GTAGCTAGTAAGCGCG-1,0,2,80,4469,28327
ACGCTTAGTGTCTCTC-1,0,3,81,4975,28617
TCCGGCCTGCATCGAT-1,0,2,82,4469,28908
TAGTGGAACTCATACA-1,0,3,83,4976,29199
ATCATCTGCCCAGTGT-1,0,2,84,4470,29490
GTTATTAAATACGACC-1,0,3,85,4976,29781
GCGCTAAGTATGCATG-1,0,2,86,4470,30071
CCTGACGCAACCTTTA-1,0,3,87,4976,30362
CCCAAGAATGCACGGT-1,0,2,88,4470,30653
AACTGGGTTCGAGCCG-1,0,3,89,4976,30944
GGTTCCACCCGCTTCT-1,0,2,90,4470,31235
CATGCACGTGTTACTG-1,0,3,91,4976,31525
AGCGTTCCGATTTAAA-1,0,2,92,4471,31816
CCTACGCGACCTTACA-1,0,3,93,4977,32107
CGAATTACATGGTGTT-1,0,2,94,4471,32398
GAGGTCTTAGTGGGTC-1,0,3,95,4977,32688
GCCGCTAGATACGCAG-1,0,2,96,4471,32979
GTCACCTGTCTATGTC-1,0,3,97,4977,33270
CCGATTGGTCAATGAA-1,0,2,98,4471,33561
CCTGTGCGGATTGTAA-1,0,3,99,4977,33852
TTACGTAGCGCGTGCT-1,0,2,100,4471,34142
GGAGGCGAAGAACCGC-1,0,3,101,4977,34433
GGGTCACGTGCTTATG-1,0,2,102,4472,34724
GCTCCGGACGTTGATA-1,0,3,103,4978,35015
ATGTTTGTAAGATCAT-1,1,2,104,4472,35306
TGACCCAGCATTCCCG-1,0,3,105,4978,35596
TGGTCGTTTGATAGAT-1,0,2,106,4472,35887
TGTAATGCCTTCGGAC-1,0,3,107,4978,36178
TGCTCACACAACAACC-1,0,2,108,4472,36469
TACGATCCAAGCCACT-1,0,3,109,4978,36759
TTGTAACTTCATAGCG-1,0,2,110,4472,37050
AGATTCAAGCGGGTCG-1,0,3,111,4978,37341
CTCAGCAGACTGCCGA-1,0,2,112,4473,37632
GTAACATCAGCTCATC-1,0,3,113,4979,37923
ATGGAACAGAATAAAC-1,0,2,114,4473,38213
GGGCCTATACAACCGG-1,0,3,115,4979,38504
TCAAACAATTAGGACA-1,0,2,116,4473,38795
AAACCACTACACAGAT-1,0,3,117,4979,39086
AAACGACAGTCTTGCC-1,0,2,118,4473,39377
TTGAGGGTCGAACGCG-1,0,3,119,4979,39667
TGTTGATCACTGTTTA-1,0,2,120,4473,39958
AGGGTGTGCTACACGC-1,0,3,121,4979,40249
GTAGTTAGACAATATA-1,0,2,122,4474,40540
AATGGCCGCCAATGCG-1,0,3,123,4980,40830
TCGGCGGTATTAGATT-1,0,2,124,4474,41121
GGGTCACTGAGTAGTG-1,0,3,125,4980,41412
GAATTATGCAACCTAC-1,0,2,126,4474,41703
GATCTTAGTGAACGTG-1,0,3,127,4980,41994
CTAATGCGCCCAACAA-1,0,4,0,5473,5063
GCCACCCATTCCACTT-1,0,5,1,5979,5354
TACTCACAACGTAGTA-1,0,4,2,5473,5645
GTTCGGTGTGGATTTA-1,0,5,3,5979,5936
TCTTTCGGCGGGACAC-1,0,4,4,5473,6227
GGAGACATTCACGGGC-1,0,5,5,5980,6517
GGGATTATCTCACAAC-1,0,4,6,5474,6808
TAGAACGCCAGTAACG-1,0,5,7,5980,7099
ACGAGTCGCCGGCGTT-1,0,4,8,5474,7390
TGATGGGACTAAGTCA-1,0,5,9,5980,7680
TGCGAGAAACGTTACG-1,0,4,10,5474,7971
TCGCCTCGACCTGTTG-1,0,5,11,5980,8262
AACTCGATAAACACGT-1,0,4,12,5474,8553
AGGAAAGCCTCTGATG-1,0,5,13,5980,8844
GAAGGACTAAATTGAA-1,0,4,14,5475,9134
GTATCGGGACGAGCTG-1,0,5,15,5981,9425
CCTGTGCATAGGAGAC-1,0,4,16,5475,9716
CATACGGGTGCATGAT-1,0,5,17,5981,10007
CCACTAAACTGAATCG-1,0,4,18,5475,10298
AAATTGCGGCGGTTCT-1,0,5,19,5981,10588
AGTCCAGCGGGTACGT-1,0,4,20,5475,10879
CATTCAGGTCAGTGCG-1,0,5,21,5981,11170
CTAAAGTCCGAAGCTA-1,0,4,22,5475,11461
AATCAGACTGCAGGAC-1,0,5,23,5981,11751
AGTATCCATAATAACG-1,0,4,24,5476,12042
CTGGCTGCTAACGTAA-1,0,5,25,5982,12333
GTTCCAAGACAGCGAC-1,0,4,26,5476,12624
AAGACTAACCCGTTGT-1,0,5,27,5982,12915
GATTAATCCTGGCTCA-1,0,4,28,5476,13206
CGCGCAAGGAACTACA-1,0,5,29,5982,13496
CAGTAGCGAGGTAGTA-1,0,4,30,5476,13787
ACGGCGGGTTGCCCTG-1,0,5,31,5982,14078
CTAGGCGGCAGAGAAT-1,0,4,32,5476,14369
GTGCGCAGCTTGCTCC-1,0,5,33,5982,14659
TCACTATCGTGCAATC-1,0,4,34,5477,14950
TATGATTCTGCTTGGT-1,0,5,35,5983,15241
TAAGATTTAGCGGGAG-1,0,4,36,5477,15532
TTACGGTGTCACCGAG-1,0,5,37,5983,15822
CTACACTAGCTTGTTC-1,0,4,38,5477,16113
TGAGCAGTCGTGAAGT-1,0,5,39,5983,16404
CGCTGAGGACGTCCAA-1,0,4,40,5477,16695
GTGTATGACTTTAAAG-1,0,5,41,5983,16986
CTAAACGGGTGTAATC-1,0,4,42,5477,17277
TGTACTGTGCCAAAGT-1,0,5,43,5983,17567
GGCCACAAGCGATGGC-1,0,4,44,5478,17858
GTCAATTGTACTGAAG-1,0,5,45,5984,18149
AGGGACAGCACGGCGG-1,0,4,46,5478,18440
AGCTTATAGAGACCTG-1,0,5,47,5984,18730
AACTAGCGTATCGCAC-1,0,4,48,5478,19021
AACTTTAGCTGCTGAG-1,0,5,49,5984,19312
CCCAAGACAGAGTATG-1,0,4,50,5478,19603
GGCATCAACGAGCACG-1,0,5,51,5984,19893
ATGCATTCCGTGATGG-1,0,4,52,5478,20184
TTATAGATGCACATTA-1,0,5,53,5984,20475
GAACCATCTGGGAGAC-1,0,4,54,5479,20766
TGCTATACAAACGGAC-1,0,5,55,5985,21057
ACTTGCCATATTGTAC-1,0,4,56,5479,21348
TATTCCGGCAGTCCTA-1,0,5,57,5985,21638
GACGGACCGCGTTCCT-1,0,4,58,5479,21929
ATGTGTAGTTTAGTCA-1,0,5,59,5985,22220
ATACCAGCAAATTGCT-1,0,4,60,5479,22511
AAGTTTACTAATGGCA-1,0,5,61,5985,22801
CTCTCGATGTGCGCCT-1,0,4,62,5479,23092
GATTGACACTCTGCTC-1,0,5,63,5985,23383
TATCACAGCACGGGCA-1,0,4,64,5480,23674
ACCGTTCCCGCTCTGA-1,0,5,65,5986,23964
CCGCCACCACAATCCA-1,0,4,66,5480,24255
CATTCACTGACAGCTA-1,0,5,67,5986,24546
CGGCTGCAAGATTAAG-1,0,4,68,5480,24837
CATGAACCTCTTATCA-1,0,5,69,5986,25128
TTAATGCGAGGTAACT-1,0,4,70,5480,25419
AATAAGTCCTCGAGAC-1,0,5,71,5986,25709
ACCAGCCCGGTCTTTG-1,0,4,72,5480,26000
CTACGAACTAGGTCGA-1,0,5,73,5986,26291
ACATCTCAACGCGTAA-1,0,4,74,5481,26582
CACTACTCAGTTCTGT-1,0,5,75,5987,26872
CCGACTCGCATAGTCT-1,0,4,76,5481,27163
CATTTATCGTTCAAGA-1,0,5,77,5987,27454
CAAACGTGGTCTTGCG-1,0,4,78,5481,27745
TAGAAACCACTAAGTA-1,0,5,79,5987,28035
ACTGATTTAGTGATTC-1,0,4,80,5481,28326
TCGTATTTCGTCCGGA-1,0,5,81,5987,28617
CGGAAATTTCACATCC-1,0,4,82,5481,28908
ATCCACGCTAAATGTT-1,0,5,83,5988,29199
GTTCAATCTATGTCAA-1,0,4,84,5482,29490
ATAAAGGTCAAGTACG-1,0,5,85,5988,29780
CAACTCCAACGTTTAG-1,0,4,86,5482,30071
TAGGAACAGCCTCCAG-1,0,5,87,5988,30362
ATGGGAACGGAAGCGG-1,0,4,88,5482,30653
CACACGTTTCAATGGG-1,0,5,89,5988,30943
GGTGTTCTGTTTCTAC-1,0,4,90,5482,31234
AGTAACGTTCATCCTG-1,0,5,91,5988,31525
GTATAGTGGCCCATGT-1,0,4,92,5482,31816
TCTACACGTTCATGCA-1,0,5,93,5989,32106
AATCTGGGTAGACCCT-1,0,4,94,5483,32397
TCGGTTAGCCATGTAG-1,0,5,95,5989,32688
TGCCATGGCTTATAAG-1,0,4,96,5483,32979
TAAGTAAATGTGCCGC-1,0,5,97,5989,33270
GTGTCCGATAAGGCAT-1,0,4,98,5483,33561
TGGCACGAGCTCGAGT-1,0,5,99,5989,33851
ACCGGTCTGAGTACGG-1,0,4,100,5483,34142
GAACTTAGCGCCCGGT-1,0,5,101,5989,34433
AGTAGCTAGACGCCGA-1,0,4,102,5483,34724
ATAGGAATCTAAGCTT-1,0,5,103,5990,35014
CTTCCTGCATATTTAC-1,0,4,104,5484,35305
CAATATGTAGATTTAC-1,0,5,105,5990,35596
ACAAGGCCTACCAGCC-1,0,4,106,5484,35887
TTATAGTCCAAGGTGC-1,0,5,107,5990,36177
AAACGCCCGAGATCGG-1,0,4,108,5484,36468
CCTCGTTACGCCTGTT-1,0,5,109,5990,36759
GAACGGTGTAAAGCAG-1,0,4,110,5484,37050
ACGCATAAATGACATG-1,0,5,111,5990,37341
GGTTCGATGCTGAGTT-1,0,4,112,5484,37632
CTTTGGCAGACAGAGT-1,0,5,113,5991,37922
TTCGTGGGCTGGAAGC-1,0,4,114,5485,38213
CAAAGGTTAAATTCAG-1,0,5,115,5991,38504
GTTTGGCGTCAGGCAC-1,0,4,116,5485,38795
GCTTTCTATCTCAACT-1,0,5,117,5991,39085
TGCATCTCCGGATCTT-1,0,4,118,5485,39376
CTGAAACGGCCCTCAG-1,0,5,119,5991,39667
TAGCAGTAAATACGCG-1,0,4,120,5485,39958
CGGGCTACTTAAATTG-1,0,5,121,5991,40248
ATTATGCTCAGTATTG-1,0,4,122,5486,40539
TGATGCTCACGTAGTC-1,0,5,123,5992,40830
GTCTAAGATGCCCAGC-1,0,4,124,5486,41121
AACCCGATAGGGCTTC-1,0,5,125,5992,41412
CGCTATCGTGGCTTTA-1,0,4,126,5486,41703
CGTCTCTCGCCGAGGC-1,0,5,127,5992,41993
AGTGGGAGTATACACG-1,0,6,0,6485,5063
GGTCTTGGTGTTAACT-1,0,7,1,6991,5354
GGCTGGCAGCTTTATG-1,0,6,2,6485,5645
CGCCAATTATTGCGTT-1,0,7,3,6991,5935
GGTAACCGGCAAAGGT-1,0,6,4,6485,6226
TGGGACCATTGGGAGT-1,0,7,5,6991,6517
CTGCAGGTGCTCGGCC-1,0,6,6,6486,6808
CCGGTGCGAGTGATAG-1,0,7,7,6992,7098
GGGTACACTCTGGAGG-1,0,6,8,6486,7389
TAGCCAGAGGGTCCGG-1,0,7,9,6992,7680
CTTGTGAGGACAGCGG-1,0,6,10,6486,7971
GAAGGGCATAACCATG-1,0,7,11,6992,8262
CAACATGGCCTGATAA-1,0,6,12,6486,8553
CAATTTGACCGGGAAG-1,0,7,13,6992,8843
TCTGACTGTAATGGTT-1,0,6,14,6486,9134
TTCATAGCCTTGTAAC-1,0,7,15,6993,9425
TGGAAACGGAGTGAAC-1,0,6,16,6487,9716
ATCGCACGATTGTTCA-1,0,7,17,6993,10006
CGCCACCCGCATTAAC-1,0,6,18,6487,10297
TGGACCACGGCGTTGA-1,0,7,19,6993,10588
GTATATGTTACGGCGG-1,0,6,20,6487,10879
GTATTCTTACCGTGCT-1,0,7,21,6993,11169
TTCAGAGTAACCTGAC-1,0,6,22,6487,11460
GCGGTAACCCAAATGA-1,0,7,23,6993,11751
CTACGTGTTGCCACCA-1,0,6,24,6487,12042
CTAGATAAACTCCTCG-1,0,7,25,6994,12333
TCCATTAGTTGGATAG-1,0,6,26,6488,12624
CTGGCTCCTGCGGGAT-1,0,7,27,6994,12914
CAGTCTCTCGGCTAAT-1,0,6,28,6488,13205
GTATGACGTGGGAAAC-1,0,7,29,6994,13496
AGTCACTCCGCCTCAT-1,0,6,30,6488,13787
GCAGCGGTGGGCATTA-1,0,7,31,6994,14077
TATGGAGTTTCTCGTT-1,0,6,32,6488,14368
ACTCAACGAATGTATT-1,0,7,33,6994,14659
AACACGCGGCCGCGAA-1,0,6,34,6488,14950
CGATATTAGCCGCAGG-1,0,7,35,6995,15240
AGCGTCTGAACCCGCA-1,0,6,36,6489,15531
GATGTCCGGATCACAT-1,0,7,37,6995,15822
GGTCACGTTAGATTCA-1,0,6,38,6489,16113
TTAAGGATACGGAGGT-1,0,7,39,6995,16404
GTGCGGGACCATCGGC-1,0,6,40,6489,16695
CCATCTTGTTCACAAT-1,0,7,41,6995,16985
TCCGAGAAGGCTAAGC-1,0,6,42,6489,17276
TGGCGGTGTGCGATTG-1,0,7,43,6995,17567
ATCCTGCTGCAGATAG-1,0,6,44,6489,17858
TTATGCGTCCCGGTCC-1,0,7,45,6996,18148
CATAATGAGCGGGCGA-1,0,6,46,6490,18439
AGACATAGATCCTTCC-1,0,7,47,6996,18730
GGTGAAACCGGGAATG-1,0,6,48,6490,19021
AACTGGTGTGGGCCTT-1,0,7,49,6996,19311
GTAGCGCTGTTGTAGT-1,0,6,50,6490,19602
TTGTTTGTGTAAATTC-1,0,7,51,6996,19893
GGATCAAAGGACGAGG-1,0,6,52,6490,20184
CGTAGCGCCGACGTTG-1,0,7,53,6996,20475
CAAGTGAACTTTGGTT-1,0,6,54,6491,20766
GTAGACAACCGATGAA-1,0,7,55,6997,21056
CAATGGTCGGCCTGGG-1,0,6,56,6491,21347
ACAGATTAGGTTAGTG-1,0,7,57,6997,21638
GTTATCACCTTCTGAA-1,0,6,58,6491,21929
TGGTATCGGTCTGTAT-1,0,7,59,6997,22219
GGAATAACCTCAAGAA-1,0,6,60,6491,22510
ATTATCTCGACAGATC-1,0,7,61,6997,22801
CCGAGGGATGTTAGGC-1,0,6,62,6491,23092
TGAGATCAAATACTCA-1,0,7,63,6997,23382
AAACGAAGAACATACC-1,0,6,64,6492,23673
CTGGTCCTAACTTGGC-1,0,7,65,6998,23964
TGCACGAGTCGGCAGC-1,0,6,66,6492,24255
ATAGTCTTTGACGTGC-1,0,7,67,6998,24546
TGGAGCTAAAGTTCCC-1,0,6,68,6492,24837
GGGTGGTCCAGCCTGT-1,0,7,69,6998,25127
CATGCATGGAGACCCT-1,0,6,70,6492,25418
ACACGGCACTATGCAT-1,0,7,71,6998,25709
CCCTGGTATGGGCGGC-1,0,6,72,6492,26000
GGAGGATTGAAAGGAG-1,0,7,73,6998,26290
CCGCTGGTGCCATTCA-1,0,6,74,6493,26581
GTTAGAGTGTGCCGCT-1,0,7,75,6999,26872
TCGGAATGACCATCAA-1,0,6,76,6493,27163
TTCAATTAGCCATAAT-1,0,7,77,6999,27454
GATGTGTTGTCACAAG-1,0,6,78,6493,27744
TCTTTCTCTTAAGGAG-1,0,7,79,6999,28035
ACCCTTTAGTTCTCCA-1,0,6,80,6493,28326
ACCACAACTCAGAACA-1,0,7,81,6999,28617
TATGATAAATCTAACG-1,0,6,82,6493,28908
GATCCTCTTGCGCTTA-1,0,7,83,6999,29198
TTCTACCTTTATGTTG-1,0,6,84,6494,29489
GAAATACCTGCTGGCT-1,0,7,85,7000,29780
ATTCTGAGTATGAACT-1,0,6,86,6494,30071
GGATTAAGCTAAGGTC-1,0,7,87,7000,30361
AGTACGTGGCCTGTCT-1,0,6,88,6494,30652
TCAGGGTGCACGAAAC-1,0,7,89,7000,30943
AAATTTACCGAAATCC-1,0,6,90,6494,31234
TTGAGGCATTTAACTC-1,0,7,91,7000,31525
AACCAGTATCACTCTT-1,0,6,92,6494,31815
CACCGGAGATATCTCC-1,0,7,93,7000,32106
GACTGGGCGCCGCAAC-1,0,6,94,6495,32397
CACGTCTATGATGTGG-1,0,7,95,7001,32688
TTAAGACGAACGAACC-1,0,6,96,6495,32979
TGACCAGCTTCAAAGT-1,0,7,97,7001,33269
AGAGTTAGAGACCGAT-1,0,6,98,6495,33560
TTCGGACTGATGCCTT-1,0,7,99,7001,33851
CTCGAATGGAACGTAT-1,0,6,100,6495,34142
GGACGGCTTGCGCAAC-1,0,7,101,7001,34432
CTAAGTACAGGGCTAC-1,0,6,102,6495,34723
ACAAATTCAGATCTGA-1,0,7,103,7001,35014
CATGGAAATGGGACCA-1,0,6,104,6496,35305
GGTGGACCACGTGTTA-1,0,7,105,7002,35596
CACGACGTAATAGTAA-1,0,6,106,6496,35886
CGGGTTCGGCACGTAT-1,0,7,107,7002,36177
CTGGGCTATCCTTTGG-1,0,6,108,6496,36468
GTATTAGGGTTCGCGT-1,0,7,109,7002,36759
TCATTCGTATAATTTG-1,0,6,110,6496,37050
AATAGCAAGCCTCCTG-1,0,7,111,7002,37340
CATCTACCCGAGAACG-1,0,6,112,6496,37631
GCTTCAGTGGGATTAC-1,0,7,113,7003,37922
TCTGTGATGGAGGTTG-1,0,6,114,6497,38213
ATCCACTTTCAGACTA-1,0,7,115,7003,38503
ATGGTTACGAAACATG-1,0,6,116,6497,38794
GGCCCAATCTAGAGGG-1,0,7,117,7003,39085
GATGGTGAAATAACCC-1,0,6,118,6497,39376
AGAGGGACAATTGTCC-1,0,7,119,7003,39667
CGCGTACATTCTGGAA-1,0,6,120,6497,39957
CAAGAAACCCTAAACT-1,0,7,121,7003,40248
TTGGTGCGGTGTTGAA-1,0,6,122,6497,40539
GGTTCCCTAGTGTCTC-1,0,7,123,7004,40830
CGATAACCAATTTGAG-1,0,6,124,6498,41121
GCCCACTGGTCCACAA-1,0,7,125,7004,41411
GAGGGCCGGCAGAGTC-1,0,6,126,6498,41702
CGACACGGATGCCCAC-1,0,7,127,7004,41993
CTGTCTGTGGCTGGCT-1,0,8,0,7497,5063
ATATTATCCCGTATTT-1,0,9,1,8003,5353
GCGCTGGCGGAAAGTC-1,0,8,2,7497,5644
ATCTAACGTCCCTATG-1,0,9,3,8003,5935
GTCAGACAGCGTTGGA-1,0,8,4,7497,6226
GCCAGGCTTAGTGGTA-1,0,9,5,8003,6517
ATTCAAAGTACCTGTT-1,0,8,6,7498,6807
TGGACGTAGGCGAATC-1,0,9,7,8004,7098
ACACATTGACGCAACA-1,0,8,8,7498,7389
GATATCAGTATGTATC-1,0,9,9,8004,7680
TGGGCCTTGCCTGCAT-1,0,8,10,7498,7971
CAAAGTCAGGTTAGCT-1,0,9,11,8004,8261
GGATCCCTACCAGCTA-1,0,8,12,7498,8552
ATCGTCCAATCGAGTC-1,0,9,13,8004,8843
ACATGGCTCAATTTAG-1,0,8,14,7498,9134
AGGCCCAGTGACTGGT-1,0,9,15,8004,9424
GCTTCCAGCTTAGATT-1,0,8,16,7499,9715
TGCTTGAAACCATGCA-1,0,9,17,8005,10006
CAATATTGGACTAGTG-1,0,8,18,7499,10297
CGTGCTGGCCTAGTCG-1,0,9,19,8005,10588
CCTGCGATAGAACTGT-1,0,8,20,7499,10879
GGGTAATGCTGTGTTT-1,0,9,21,8005,11169
AACGCGAACGGCAACA-1,0,8,22,7499,11460
TGTCGGCATGGTGGAA-1,0,9,23,8005,11751
AGCGTACGAGAGCTAG-1,0,8,24,7499,12042
ATACTCTCGCCACTCT-1,1,9,25,8005,12332
AATCCATGCAAGGGTG-1,0,8,26,7500,12623
TTAAACAGAGTCCCGC-1,1,9,27,8006,12914
CCACAGCTGAAATCAT-1,0,8,28,7500,13205
CGGTTCCGGCTTCTTG-1,1,9,29,8006,13495
GACGTGAGACTCCATG-1,0,8,30,7500,13786
TCGTTGGCTCGTCAAT-1,1,9,31,8006,14077
GGTGAACGGGCTAGCC-1,1,8,32,7500,14368
GCACTGTGCAAATGTA-1,1,9,33,8006,14659
ACGAGAACCCATCACG-1,1,8,34,7500,14950
CCAGCTACGCCTCATA-1,1,9,35,8006,15240
TCCCGGTCAGGAATTT-1,1,8,36,7501,15531
TCGCATTCAATGACTT-1,1,9,37,8007,15822
CTGGTTCAACGCATCA-1,1,8,38,7501,16113
GGTGATTTCATCTTGT-1,1,9,39,8007,16403
CACCCTTTCCTCGCTC-1,1,8,40,7501,16694
CAACTTGTAGTGGGCA-1,1,9,41,8007,16985
AATATCAAGGTCGGAT-1,1,8,42,7501,17276
ACTCAGACCTGCTTCT-1,1,9,43,8007,17566
TTGGAGTCTCCCTTCT-1,1,8,44,7501,17857
GGATACTCATGAATTG-1,1,9,45,8008,18148
TGGGCACAAACAGAAC-1,1,8,46,7502,18439
GAGCCACGGTAGTAGG-1,1,9,47,8008,18730
TCGATAGGCTAGTCGC-1,1,8,48,7502,19021
TAACCGCCCGCAGTGC-1,1,9,49,8008,19311
GCCTATTTGCTACACA-1,0,8,50,7502,19602
TTGACGATTCAGCACG-1,1,9,51,8008,19893
TTAAACCGGTAGCGAC-1,1,8,52,7502,20184
ACCGAAAGGGCCCTGC-1,0,9,53,8008,20474
ACGTTCCGCGCTCCGT-1,0,8,54,7502,20765
ATACCAGGCTAATAGA-1,0,9,55,8009,21056
CGGCTTTGTATGATAA-1,0,8,56,7503,21347
CTTGACCCGAAAGATA-1,0,9,57,8009,21637
CGCAGAAACATTTGCG-1,0,8,58,7503,21928
GACCCGTCGCCGGCTA-1,0,9,59,8009,22219
AATCGGGACACTACGA-1,0,8,60,7503,22510
GTCACAAAGTTTCCAA-1,0,9,61,8009,22801
TATATTCGCGTCGATA-1,0,8,62,7503,23092
CCTCCCGACAATCCCT-1,0,9,63,8009,23382
CGACATGCGATCTTCT-1,0,8,64,7503,23673
AACACGACTGTACTGA-1,0,9,65,8010,23964
CCCAACCACACTAACA-1,0,8,66,7504,24255
CACCGCCGACCAGCGA-1,0,9,67,8010,24545
TGGTATCGCATCCCAA-1,0,8,68,7504,24836
CAGAGTGATTTAACGT-1,0,9,69,8010,25127
AACCCTGGTGGAACCA-1,0,8,70,7504,25418
GTCAGTTGTGCTCGTT-1,0,9,71,8010,25708
ATTGACGTAACTCGGT-1,0,8,72,7504,25999
GATGTCGGTCAACTGC-1,0,9,73,8010,26290
AGGGCAGCGGCGTGGT-1,0,8,74,7504,26581
ACATCGTTAACCTAGT-1,0,9,75,8011,26872
TCCATTGTGACCTCGT-1,0,8,76,7505,27163
TGTTTAATACTTCATC-1,0,9,77,8011,27453
TTGCTGGCCGGGCTTC-1,0,8,78,7505,27744
CATATTATTTGCCCTA-1,0,9,79,8011,28035
CTGCCTAGCCACCAAG-1,0,8,80,7505,28326
ACGAGATATTTGCTTA-1,0,9,81,8011,28616
GACTACAATTGCTCGT-1,0,8,82,7505,28907
AACGTGATGAAGGACA-1,0,9,83,8011,29198
ACTCTCTTATACACGA-1,0,8,84,7506,29489
CGCATCATGGCTTCAG-1,0,9,85,8012,29779
CGGCTCTTCGTCGAAC-1,0,8,86,7506,30070
ATTCTTCGTACTTATG-1,0,9,87,8012,30361
AGTGAGGGTTTCTGAC-1,0,8,88,7506,30652
GCCAGGCGTTCGCATG-1,0,9,89,8012,30943
GACTAACACAGCACCT-1,0,8,90,7506,31234
CAATGGAATCTACATA-1,0,9,91,8012,31524
GTGGTCAGCGAAGTAT-1,0,8,92,7506,31815
ATGGCTGGAAATGGCC-1,0,9,93,8012,32106
ATCAGGTCGCCATTGC-1,0,8,94,7507,32397
TATCACCATGTAAAGT-1,0,9,95,8013,32687
AGCGCTTATGGGCAAG-1,0,8,96,7507,32978
AAGCGGCGTCATGGGT-1,0,9,97,8013,33269
ACTAATACGTCAGGCG-1,0,8,98,7507,33560
GGCTGAGCATCGTAAG-1,0,9,99,8013,33850
CGGTTGGGTTCAAGTT-1,0,8,100,7507,34141
GACTGATTGGTCACAA-1,0,9,101,8013,34432
AGACGGGCCGATTTAA-1,0,8,102,7507,34723
ACCAGTGCCCGGTCAA-1,0,9,103,8013,35014
GTCCTTTAATGACTTC-1,0,8,104,7508,35305
CCTACAAGTCCGGAAT-1,0,9,105,8014,35595
GCCTGCTACACTGAGA-1,0,8,106,7508,35886
GACTCGGTCGGCGGAT-1,0,9,107,8014,36177
CTAGACATATATGTAG-1,0,8,108,7508,36468
TCGCCCAACTGACTCC-1,0,9,109,8014,36758
AAACTAACGTGGCGAC-1,0,8,110,7508,37049
AACTGAGGTCAGCGTC-1,0,9,111,8014,37340
ACAATGATTCTTCTAC-1,0,8,112,7508,37631
ATAAGTACCCGATTGT-1,0,9,113,8014,37921
ATTGGGAGTTCTGTAA-1,0,8,114,7509,38212
CGAACATAGTCAGAAA-1,0,9,115,8015,38503
TAGCTCAGATCCTAGT-1,0,8,116,7509,38794
GTGTCGTATTCACCTT-1,0,9,117,8015,39085
CTCACCGATCCAAACT-1,0,8,118,7509,39376
ATATGTGCACAAACCA-1,0,9,119,8015,39666
CAGTCCAACGCCTTCT-1,0,8,120,7509,39957
TCGTCCGGGTACACTC-1,0,9,121,8015,40248
GCAGAAACGTAATCCA-1,0,8,122,7509,40539
TTCGAGCCGGCGCTAC-1,0,9,123,8015,40829
GGAAGATAAGACTGTA-1,0,8,124,7510,41120
ATAAGCAAACACCGAG-1,0,9,125,8016,41411
GCATAAATTGAACGCC-1,0,8,126,7510,41702
CGCCGGTGTCGCAGTA-1,0,9,127,8016,41992
GACCTGGTCTGGGCGT-1,0,10,0,8509,5062
AGCCGCTTGATTAGCG-1,0,11,1,9015,5353
CCCGGCTAGGTGAGAA-1,0,10,2,8509,5644
CGAGCCGAGCACTCGA-1,0,11,3,9015,5935
TAGTGCTTGAATCCTT-1,0,10,4,8509,6226
CAACCGCACCTAGACA-1,0,11,5,9015,6516
ACCACTGTTCAAGAAG-1,0,10,6,8509,6807
AGATGCTATAACGAGC-1,0,11,7,9016,7098
AATTACTCGTACGCTC-1,0,10,8,8510,7389
CGTCAATCTTTAACAT-1,0,11,9,9016,7679
CCAAAGCAGTTGGTTG-1,0,10,10,8510,7970
CCATATTGGATCATGA-1,0,11,11,9016,8261
CGTACCGAAAGTCTAG-1,0,10,12,8510,8552
CTCGAGATCCAAAGCA-1,0,11,13,9016,8842
TGGATAGAGTAACAGA-1,0,10,14,8510,9133
TCACAGATCCTCAAAC-1,0,11,15,9016,9424
AGAGCTACGAAAGCAT-1,0,10,16,8511,9715
TGCGTGATTGGGTGTC-1,0,11,17,9017,10006
CACATGTTTGGACATG-1,0,10,18,8511,10297
TTCGCATCCGGAAGCA-1,0,11,19,9017,10587
CCCTAGTGTCAGGTGT-1,0,10,20,8511,10878
TTACCGCCTTAGGGAA-1,0,11,21,9017,11169
CCAGTCCATTATTCGA-1,0,10,22,8511,11460
CGTAAACGCTTGAGTG-1,1,11,23,9017,11750
ATTCCTTCCAGGCGGT-1,1,10,24,8511,12041
TTCCTTTCTGTGTTGC-1,1,11,25,9017,12332
AGTTGACATCGGCTGG-1,1,10,26,8512,12623
AACTCGATGGCGCAGT-1,1,11,27,9018,12913
GATAAGGCAGATGCAA-1,1,10,28,8512,13204
GGCTGGCTAGCTTAAA-1,1,11,29,9018,13495
CCTCATGCAGCTACGA-1,1,10,30,8512,13786
GACGCCTGTTGCAGGG-1,1,11,31,9018,14077
TAATTAGATGGATATG-1,1,10,32,8512,14368
GAGGGCATCGCGTATC-1,1,11,33,9018,14658
CTTGTGAGTCTTTGAC-1,1,10,34,8512,14949
TCAACACATTGGGTAA-1,1,11,35,9018,15240
ACTGTATACGCGAGCA-1,1,10,36,8513,15531
GTGAAACGTGCTCCAC-1,1,11,37,9019,15821
CGAGTGCTATAGTTCG-1,1,10,38,8513,16112
GTACTGCATGAAGCGT-1,1,11,39,9019,16403
GTAACTTGCGGCAGTC-1,1,10,40,8513,16694
GAATCGCCGGACACGG-1,1,11,41,9019,16984
GGGAGTAATGGCTGGC-1,1,10,42,8513,17275
CATGAACCGACATTTG-1,1,11,43,9019,17566
TCTGTCATACAAGAGC-1,1,10,44,8513,17857
GTCGTCAATTATAAGG-1,1,11,45,9019,18148
TAAAGAGCCCGAAACC-1,1,10,46,8514,18439
GTACTGAGGTCGTAAC-1,1,11,47,9020,18729
AAAGACCCAAGTCGCG-1,1,10,48,8514,19020
CGTCAGTGCGCACAAG-1,1,11,49,9020,19311
TGTATCCTTATTCCAT-1,1,10,50,8514,19602
ATTCTCGTCTCTTTAG-1,1,11,51,9020,19892
AAAGTCACTGATGTAA-1,1,10,52,8514,20183
TGTCTACAGTTTCTGT-1,1,11,53,9020,20474
TTAACGTCGCAAGACC-1,0,10,54,8514,20765
CTATGTCTATTGAAAC-1,0,11,55,9020,21055
TCGGGTGAAACTGCTA-1,0,10,56,8515,21346
TGTCCCGACATAGCAC-1,0,11,57,9021,21637
ACAGCATAGAGCCAGT-1,0,10,58,8515,21928
ATATTCCCACAGGTCA-1,0,11,59,9021,22219
TTGGATCGACTTCTGG-1,0,10,60,8515,22510
CACCATCGGAGGAGAC-1,0,11,61,9021,22800
TCGTTCGTTATTATGT-1,0,10,62,8515,23091
CTTAACTTCGAAGTAC-1,0,11,63,9021,23382
GCACAAGTGTCGGAAG-1,0,10,64,8515,23673
TACCAGCTAGGTTTAA-1,0,11,65,9021,23963
ACGTACAGATTTCTCT-1,0,10,66,8516,24254
AATTTGGTTCCAAAGA-1,0,11,67,9022,24545
GTAAGGATTTGTCGGA-1,0,10,68,8516,24836
CATCATCTACCCGGAC-1,0,11,69,9022,25127
ACGATGGATCCGATGC-1,0,10,70,8516,25417
CACTCAGCTCTTGAGG-1,0,11,71,9022,25708
TAGATCCGAAGTCGCA-1,0,10,72,8516,25999
TGAAACTTATGCAAGC-1,0,11,73,9022,26290
GCGATTCTGGAAGCAG-1,0,10,74,8516,26581
CAAACTATTGAGCTTC-1,0,11,75,9022,26871
TAGAATTAAGGGCAAC-1,0,10,76,8517,27162
CGAAACATAGATGGCA-1,0,11,77,9023,27453
GATGGTGCCCTAGGCA-1,0,10,78,8517,27744
CCCGCAGGGCCCAAAG-1,0,11,79,9023,28034
ACAGCGCACCCGCAGC-1,0,10,80,8517,28325
GGTAAATGTGCGTTAC-1,0,11,81,9023,28616
GTCCTTCTAGTGGGTT-1,0,10,82,8517,28907
GGAAGCTCGCTTACAG-1,0,11,83,9023,29198
CACCGATACACCGAGC-1,0,10,84,8517,29488
CAGCCGGGCCCTCTAT-1,0,11,85,9024,29779
CGGAGCTTATAACACC-1,0,10,86,8518,30070
ATTACAACTACCGGCC-1,0,11,87,9024,30361
TCCTCTGGCCCATTAG-1,0,10,88,8518,30652
CGGCACCGTTAGCGCC-1,0,11,89,9024,30942
TCGGTCCCTGACTCCA-1,0,10,90,8518,31233
TGGTTGGAGGATCCTG-1,0,11,91,9024,31524
CTGCGGTAGTCACGTG-1,0,10,92,8518,31815
GTGCCTCAGTGTACGG-1,0,11,93,9024,32105
ATCGTTCACTTTCGCC-1,0,10,94,8518,32396
ACTTACCGGGCGCGCA-1,0,11,95,9025,32687
CTAGACTGCATTTCGT-1,0,10,96,8519,32978
TTGCCGGTGATCCCTC-1,0,11,97,9025,33269
CTGTCACGCCAGGCGC-1,0,10,98,8519,33559
CGGTATAGGTATTAGC-1,0,11,99,9025,33850
CCAACGCTTGCCAGGG-1,0,10,100,8519,34141
CGTTGAGTAATTGCGT-1,0,11,101,9025,34432
TGTATTTACCTAATGC-1,0,10,102,8519,34723
TAAATGCCGTCTCATG-1,0,11,103,9025,35013
CGGTTTATGAAGGAAC-1,0,10,104,8519,35304
GCAAGATGTGTTCGCG-1,0,11,105,9026,35595
AAAGGTAAGCTGTACC-1,0,10,106,8520,35886
GTACGTCACGTATTAA-1,0,11,107,9026,36176
AGTACCTTCGAGTGCT-1,0,10,108,8520,36467
ATTGTGACTTCGCTGC-1,0,11,109,9026,36758
TGTATCAGACTGAAGC-1,0,10,110,8520,37049
GAGACCCTGCAACGCC-1,0,11,111,9026,37340
TGGGTGGGATGTCATT-1,0,10,112,8520,37630
GGCTAATGATTGAAAT-1,0,11,113,9026,37921
ATAACGTTACCTCCAC-1,0,10,114,8521,38212
TGCGAGATGGCGGCCA-1,0,11,115,9027,38503
CACACTTGTATTGCGA-1,0,10,116,8521,38794
GCTGGTGACTCGTAGT-1,0,11,117,9027,39084
CGACACCGCTTAAGGA-1,0,10,118,8521,39375
GTAACAACTGACCTTG-1,0,11,119,9027,39666
CAACTGAGGGTATGAC-1,0,10,120,8521,39957
CTAATTATGAAGCGTA-1,0,11,121,9027,40247
CCGATCTTAAGAGGCT-1,0,10,122,8521,40538
CGACTCGGTACACGGT-1,0,11,123,9027,40829
TGCTGCGTCAGAGTTA-1,0,10,124,8522,41120
AGAGTTGCAGGCCTCC-1,0,11,125,9028,41411
ACTGGCGAACCTGCGT-1,0,10,126,8522,41701
ACTAAGGACGCACACC-1,0,11,127,9028,41992
CGTCCAGATGGCTCCA-1,0,12,0,9521,5062
ACTATCGCCGGCTAAA-1,0,13,1,10027,5353
GATAGCGTACCACGCG-1,0,12,2,9521,5644
AGGACTTATAGGAGAA-1,0,13,3,10027,5934
TAGTCGGGATTCTTCG-1,0,12,4,9521,6225
ACCATTAAGGGTGTCA-1,0,13,5,10027,6516
TTAATGTGTTTGCAGG-1,0,12,6,9521,6807
TCCGCAGCCACCTAGC-1,0,13,7,10028,7097
GAGGAGATCCTCATGC-1,0,12,8,9522,7388
GGTCCTTCATACGACT-1,0,13,9,10028,7679
CCCTGTTGGCAAAGAC-1,0,12,10,9522,7970
GTGCCTAGCTATGCTT-1,0,13,11,10028,8261
GTCATCTCCTACAGCT-1,0,12,12,9522,8552
GCGAGAAACGGGAGTT-1,0,13,13,10028,8842
CGTCGCGGCGGGATTT-1,0,12,14,9522,9133
CATTGTGTGCTAGATC-1,0,13,15,10028,9424
CGCGGCAGTATTACGG-1,0,12,16,9522,9715
GAAATGGGATGTAAAC-1,0,13,17,10029,10005
CATTCCCTAAGTACAA-1,0,12,18,9523,10296
AGTTCTGCGTTGTATC-1,0,13,19,10029,10587
ACCCTATAGGACTGAG-1,0,12,20,9523,10878
TTAGATAGGTCGATAC-1,1,13,21,10029,11168
ATTGATAGCAACGAGA-1,1,12,22,9523,11459
TCTCGGCTCCAGGACT-1,1,13,23,10029,11750
CTTGAGGTTATCCCGA-1,1,12,24,9523,12041
AAGAAGGATCAGTTAG-1,1,13,25,10029,12332
GTACGACGGCGCTGCG-1,1,12,26,9523,12623
CTTATGTTGACTACCA-1,1,13,27,10030,12913
CGGCACTCAAGAAAGT-1,1,12,28,9524,13204
GTCAAAGTTTACATAG-1,1,13,29,10030,13495
CTCCTAAGTTATGTCT-1,1,12,30,9524,13786
ACTGTGCTAGTAGATC-1,1,13,31,10030,14076
GTTTGGCCGCTCAGCG-1,1,12,32,9524,14367
TTATCCAATCGAACTC-1,1,13,33,10030,14658
CCGTACCCAAGCGCCA-1,1,12,34,9524,14949
CATACAAAGCCGAACC-1,1,13,35,10030,15239
GGTCGGTAATTAGACA-1,1,12,36,9524,15530
AGCGGGAAGGGTCCAT-1,1,13,37,10031,15821
GCCCACCAAGGCTGTC-1,1,12,38,9525,16112
GTAGACGTCGTTACAT-1,1,13,39,10031,16403
GAGCATCATCCCTGGG-1,1,12,40,9525,16694
AGGTAACCTCCTATTC-1,1,13,41,10031,16984
GGTTTGAGTGCTGGAA-1,1,12,42,9525,17275
GCACTAGTCGCGCTAT-1,1,13,43,10031,17566
GGTAACTATGTATCTG-1,1,12,44,9525,17857
GCGGTCCCTAGACGCA-1,1,13,45,10031,18147
CGAGCGTTGATCAGCC-1,1,12,46,9526,18438
AATCCAAGGGCCTGAG-1,1,13,47,10032,18729
CCGTGCCCATGACGGC-1,1,12,48,9526,19020
GAAATTCACATCGCTG-1,1,13,49,10032,19310
CTCTGCGAAGCAAGCA-1,1,12,50,9526,19601
AGTAGGTAACATACAT-1,1,13,51,10032,19892
ATTGGGAATATCTTGG-1,1,12,52,9526,20183
TAGAGCTACGAAGAAC-1,1,13,53,10032,20474
TGCGGCATAGTTCAAC-1,1,12,54,9526,20765
CCGCCGGTCAACACAC-1,1,13,55,10032,21055
TCGTATAGTGCAATTA-1,1,12,56,9527,21346
TAGTTTATTCTTGCTT-1,1,13,57,10033,21637
GATATCTCATGCAATA-1,1,12,58,9527,21928
CGTTTAAGCGGAGCAC-1,1,13,59,10033,22218
CATGCTGGCTCCAATT-1,0,12,60,9527,22509
GAAACAGCCATGCAGT-1,1,13,61,10033,22800
AGTTTCGCAGGTCGGA-1,1,12,62,9527,23091
CTCATGGCTCACAATC-1,1,13,63,10033,23381
AACCGTTGTGTTTGCT-1,0,12,64,9527,23672
ACCCTTCATCTGCGAA-1,1,13,65,10033,23963
TGCGGTGAAATTTCAT-1,0,12,66,9528,24254
CAAATTGTCAGCAAGC-1,0,13,67,10034,24545
GAGGTACATCCATCTT-1,0,12,68,9528,24836
AAATGGCATGTCTTGT-1,0,13,69,10034,25126
TCATCCCAGAGGGTGG-1,0,12,70,9528,25417
CGTAGCGAATTGTCAG-1,0,13,71,10034,25708
CCTAGTTAGTCGCATG-1,0,12,72,9528,25999
GAAACTCTAATGAAGG-1,0,13,73,10034,26289
TTGTATCACACAGAAT-1,0,12,74,9528,26580
TTCAAGCCGAGCTGAG-1,0,13,75,10034,26871
AGGTACGATATTGCCA-1,0,12,76,9529,27162
TTAAGCCGACAACTTC-1,0,13,77,10035,27452
GTCTTAGTACAGCCGG-1,1,12,78,9529,27743
TGGGTAAGGTTCCCGC-1,0,13,79,10035,28034
CTACGCCATTTCCGAT-1,0,12,80,9529,28325
GACCGTCAGGTCGTGA-1,0,13,81,10035,28616
TAGTTAAGATAGGATA-1,0,12,82,9529,28907
GAATATTCGGAGTCCC-1,0,13,83,10035,29197
CAAACTACGATAGAGA-1,0,12,84,9529,29488
CAGGAAGACTTTATAT-1,0,13,85,10035,29779
TTCGTAATCCCAGCGG-1,0,12,86,9530,30070
GTGAGGAGCGGTTGAG-1,0,13,87,10036,30360
CAATCCCTATACCAGC-1,0,12,88,9530,30651
AGGGAAACGAGGTACT-1,0,13,89,10036,30942
TCCTGCCAACTGGAGA-1,0,12,90,9530,31233
AATTTGGGACATAGTA-1,0,13,91,10036,31523
AACTCCTAATCCCATG-1,0,12,92,9530,31814
GCTCATTACTGCATGT-1,0,13,93,10036,32105
TCTCGAACGAGGTCAC-1,0,12,94,9530,32396
TCACTACGACCAATGC-1,0,13,95,10036,32687
GTGATGCACAACATCT-1,0,12,96,9531,32978
CCGACGTAAACACAAC-1,0,13,97,10037,33268
TGGGATGCACTCATTC-1,0,12,98,9531,33559
TTCCATCATGCGGTGA-1,0,13,99,10037,33850
TGCACAGTGAAGTTAT-1,0,12,100,9531,34141
CTATTGTGTTTGGTCA-1,0,13,101,10037,34431
TGCGAGCCCTTCCGCG-1,0,12,102,9531,34722
TTGAAAGGTGTAAAGG-1,0,13,103,10037,35013
GGTGCAGAGCCTATCG-1,0,12,104,9531,35304
ACTATATGCTGTGTTC-1,0,13,105,10037,35594
TCCTGGCGCTGCCTGG-1,0,12,106,9532,35885
GAGCCGAGCGTTTATT-1,0,13,107,10038,36176
AGAATGCGGGTTCGGA-1,0,12,108,9532,36467
ATGCGACAATTGGTCC-1,0,13,109,10038,36758
TTCCGGCTCGACTTCT-1,0,12,110,9532,37049
TGATTATGGCACGCAG-1,0,13,111,10038,37339
GGTTTGACAAGAAGCT-1,0,12,112,9532,37630
GCAGCTATGGACAGGT-1,0,13,113,10038,37921
CACCATGATCGCAAAG-1,0,12,114,9532,38212
GTCGGAAGGATACCAG-1,0,13,115,10039,38502
GGCCCAGTTATCAGCA-1,0,12,116,9533,38793
GGGCCTATTTAAGTAT-1,0,13,117,10039,39084
GTTGTTACATTGCGCT-1,0,12,118,9533,39375
CAACTCCGTAACTTGC-1,0,13,119,10039,39665
GATCTTTGCTCAAAGA-1,0,12,120,9533,39956
TCGCTTAATTACGAAG-1,0,13,121,10039,40247
CGATCATTAGAGGCAC-1,0,12,122,9533,40538
TGTTCTCTACTCCCTA-1,0,13,123,10039,40829
GCTTAGGGAAGCGGTA-1,0,12,124,9533,41120
CAGGTTTAGTACTACA-1,0,13,125,10040,41410
AAGCGGAGTGCGCGCA-1,0,12,126,9534,41701
TCAGATGGAGACGTAG-1,0,13,127,10040,41992
TCGCACTAACGTTTGT-1,0,14,0,10533,5062
CACGTCGGGTTCTAGA-1,0,15,1,11039,5352
GGAGTACACATGAGCT-1,0,14,2,10533,5643
GTGTGTCGACGTCGCT-1,0,15,3,11039,5934
GAAGCTCTTTGCTTAG-1,0,14,4,10533,6225
ACACCGAGCGCTCTTT-1,0,15,5,11039,6515
CGTAATAATTACGAGT-1,0,14,6,10533,6806
CATCAACACCTACTAA-1,0,15,7,11039,7097
CCAAGTTTCTACAGAT-1,0,14,8,10534,7388
ACGGGTCATGTGACTT-1,0,15,9,11040,7679
AGTGTGCTAAGATCGC-1,0,14,10,10534,7970
GGCGGTTTGCCGGTGC-1,0,15,11,11040,8260
GTATAATCTCCCGGAT-1,0,14,12,10534,8551
TAGTCCGTATGCATAA-1,0,15,13,11040,8842
CACTTCGTCTTATCTC-1,0,14,14,10534,9133
CATCCGCAGGCCCGAA-1,0,15,15,11040,9423
CCCTGATGTAACTCGT-1,0,14,16,10534,9714
CCATAGTCAGTAACCC-1,0,15,17,11040,10005
CGGGCCATAGCCGCAC-1,0,14,18,10535,10296
CTCCGGCTTGTAGACA-1,0,15,19,11041,10586
AACTTGCGTTCTCGCG-1,0,14,20,10535,10877
AATGAGTTCGCATATG-1,1,15,21,11041,11168
CGAGGCCAGGCATTGG-1,1,14,22,10535,11459
TCTGCGTCCGGTTTCT-1,1,15,23,11041,11750
CAATCCTGCCGTGGAG-1,1,14,24,10535,12041
CTGAGCAAGTAACAAG-1,1,15,25,11041,12331
GGGTACCCACGGTCCT-1,1,14,26,10535,12622
ACGGAATTTAGCAAAT-1,1,15,27,11041,12913
GGGCGGTCCTATTGTC-1,1,14,28,10536,13204
ATGTTACGAGCAATAC-1,1,15,29,11042,13494
AACCATGGGATCGCTA-1,1,14,30,10536,13785
TCGCATCCCTAAGTGT-1,1,15,31,11042,14076
ACTTAGTACGACAAGA-1,1,14,32,10536,14367
GAGCTCTCGGACCTAA-1,1,15,33,11042,14657
TCTATTACGCTGGCGA-1,1,14,34,10536,14948
AGATACGACTTCATAT-1,1,15,35,11042,15239
CGCTATACCGCCCACT-1,1,14,36,10536,15530
CAGTGTCCGCAGAATG-1,1,15,37,11042,15821
CCATCCATACCAAGTC-1,1,14,38,10537,16112
AACCCAGAGACGGAGA-1,1,15,39,11043,16402
GAAGAACGGTGCAGGT-1,1,14,40,10537,16693
GATAAATCGGTGGATG-1,1,15,41,11043,16984
CAGCTCGTGCTTGTGT-1,1,14,42,10537,17275
GAGTACGGGTATACAA-1,1,15,43,11043,17565
CATCGCCCGCGGCCAA-1,1,14,44,10537,17856
TCTTACAGAGGTACCG-1,1,15,45,11043,18147
TGGAAGACGAACACCA-1,1,14,46,10537,18438
GTTGTCGTGTTAGTTG-1,1,15,47,11044,18728
CCAAGGAACAGAGAGG-1,1,14,48,10538,19019
CTGCACCTGGAACCGC-1,1,15,49,11044,19310
CGCTTTCATACCGGTG-1,1,14,50,10538,19601
GTTCTTCCCTCGATGT-1,1,15,51,11044,19892
ATTTAACTCGTATTAC-1,1,14,52,10538,20183
AACGATAGAAGGGCCG-1,1,15,53,11044,20473
TATCCTGCATGGGAAT-1,1,14,54,10538,20764
AGGCCCATTGTACAGG-1,1,15,55,11044,21055
CCGGCGCATATTGGAT-1,1,14,56,10538,21346
ATCTGTAATTGTACCC-1,1,15,57,11045,21636
GAGCGAGGGAGTACCG-1,1,14,58,10539,21927
TTATTAGGGAAGCATC-1,1,15,59,11045,22218
CTTCTTACGTCGTATA-1,1,14,60,10539,22509
GAAGTGCTGGATAGCT-1,1,15,61,11045,22800
GTGCAACAAATGTGGC-1,1,14,62,10539,23090
CATGCGTTAGACAGAA-1,1,15,63,11045,23381
ACACACTTTCTACACG-1,1,14,64,10539,23672
AGCCCTAAGCGAAGTT-1,1,15,65,11045,23963
ATTAATTCGGTCACTC-1,1,14,66,10539,24254
AACAGGAAATCGAATA-1,1,15,67,11046,24544
ACGTTTAGTTGTGATC-1,1,14,68,10540,24835
TCCTTCAGTGGTCGAA-1,1,15,69,11046,25126
CGAACGCCCAGTGCCG-1,1,14,70,10540,25417
CCTCGAAGTGGACGGG-1,1,15,71,11046,25707
CTCTGTTTGAGGATTC-1,0,14,72,10540,25998
TGGGCACGTTCTATGG-1,1,15,73,11046,26289
ACTATTCGTCCGTGGT-1,0,14,74,10540,26580
CCTCTGGCCTAGACGG-1,0,15,75,11046,26871
CCATAAACAACCCGAC-1,0,14,76,10541,27161
CATAGTACATTGAGAG-1,0,15,77,11047,27452
ATTTCATTATTTCGCG-1,0,14,78,10541,27743
CAACTATATCGAATGC-1,0,15,79,11047,28034
CTAGTATTCGGAATTA-1,0,14,80,10541,28325
GTGGAACCTACATGCG-1,0,15,81,11047,28615
CCTAAAGGCTGACGCT-1,0,14,82,10541,28906
CGTGACATTGGGTCGT-1,0,15,83,11047,29197
CCAATCGGTAGATCGA-1,0,14,84,10541,29488
ATTGTCGCAATACCTT-1,0,15,85,11047,29778
AAATTACACGACTCTG-1,0,14,86,10542,30069
CACTCCTCTCGGTCGG-1,0,15,87,11048,30360
AAATAACCATACGGGA-1,0,14,88,10542,30651
AGTTACTCTATCGTGG-1,0,15,89,11048,30942
CGTTAGCTCACAACTG-1,0,14,90,10542,31232
GAATGTATGGCAGGTC-1,0,15,91,11048,31523
GCAACCACCAGACCGG-1,0,14,92,10542,31814
TCACTCGTGCAACGGC-1,0,15,93,11048,32105
AAACAGAGCGACTCCT-1,0,14,94,10542,32396
CAGCCTCTCCTCAAGA-1,0,15,95,11048,32686
TTGCGTGAACGCTTAG-1,0,14,96,10543,32977
CCGCCTGCGAATTGGT-1,0,15,97,11049,33268
AGATGAGGGTTGCGAT-1,0,14,98,10543,33559
CGGTGGGCTCCAGCCT-1,0,15,99,11049,33849
GGCAGCGGTAATCCTA-1,0,14,100,10543,34140
GCTAGCAGGGAGTGGG-1,0,15,101,11049,34431
CTCAAGACATTAGCGC-1,0,14,102,10543,34722
CACGGCGCGCCAAAGG-1,0,15,103,11049,35013
TGCAATTTGGGCACGG-1,0,14,104,10543,35303
ATGCCAATCGCTCTGC-1,0,15,105,11049,35594
GCTGGACCCAAAGTGG-1,0,14,106,10544,35885
ATTCCTAAGACGTGGA-1,0,15,107,11050,36176
TCCGGAGGAAGGGCTG-1,0,14,108,10544,36467
TCGGTGACCGCTCCGG-1,0,15,109,11050,36757
TCCGAAGTAGTCACCA-1,0,14,110,10544,37048
CATGTAGGAGCGCCAA-1,0,15,111,11050,37339
CACAAGAAAGATATTA-1,0,14,112,10544,37630
AGGGTCAGTAACCCTA-1,0,15,113,11050,37920
TAAGCCCTTACGACCA-1,0,14,114,10544,38211
ATACCGTCATCCATAA-1,0,15,115,11050,38502
GGACGTCCATAGTTGG-1,0,14,116,10545,38793
CATCAAACTGGCGCCC-1,0,15,117,11051,39084
AAACGTGTTCGCCCTA-1,0,14,118,10545,39374
AAATTGGTGAGAAGCA-1,0,15,119,11051,39665
GGTCATTGTAGTCATA-1,0,14,120,10545,39956
TGCAGTGAGGCTCGGG-1,0,15,121,11051,40247
GAACATTAGTATGTTA-1,0,14,122,10545,40538
GGTTTGCGAACACGTA-1,0,15,123,11051,40828
ACACAAATATTCCTAG-1,0,14,124,10545,41119
TTGGGTTTATTCAGCG-1,0,15,125,11051,41410
ATTCGCAGAGGACACT-1,0,14,126,10546,41701
GATTTAGTGCGTACTG-1,0,15,127,11052,41991
TAGAAACACAATAGTG-1,0,16,0,11545,5061
CAGTAGATGATGTCCG-1,0,17,1,12051,5352
TCTTAACTCGGATGTA-1,0,16,2,11545,5643
TACATCTTGTTTCTTG-1,0,17,3,12051,5934
TTCATAGGGTGTCCAT-1,0,16,4,11545,6225
TGAAGTAGCTTACGGA-1,0,17,5,12051,6515
GCACAAGTGGATCATA-1,0,16,6,11545,6806
GGGCGAATTTCTCCAC-1,0,17,7,12051,7097
ATGTTCCTGCCCACCT-1,0,16,8,11546,7388
GCTCAACCTCTTAGAG-1,0,17,9,12052,7678
ATAGCTGCTCTTGTTA-1,0,16,10,11546,7969
CGTCAGCTATTTACTC-1,0,17,11,12052,8260
ATCTGATAGTGTCTTA-1,0,16,12,11546,8551
TGCACTATGTGAGTGC-1,0,17,13,12052,8841
CCGACAAACACATGAG-1,0,16,14,11546,9132
GCCTTGTATATGCAGT-1,0,17,15,12052,9423
ATAATACCGTTAGCCG-1,0,16,16,11546,9714
ACACTCCAATGTCACT-1,0,17,17,12052,10005
AGTTGCTGACTGATAT-1,0,16,18,11547,10296
GGCGCTCCTCATCAAT-1,1,17,19,12053,10586
TGCCTGACATCGGTCA-1,1,16,20,11547,10877
TTGGCCATCTTGCGCT-1,1,17,21,12053,11168
CAGTGGTTGCACATGA-1,1,16,22,11547,11459
AGAATTGTTTGACATA-1,1,17,23,12053,11749
AAATGCTCGTTACGTT-1,1,16,24,11547,12040
CACCTAATAGAGTCGT-1,1,17,25,12053,12331
CATTTCTAGCAGACTA-1,1,16,26,11547,12622
CCGAAAGTGGTGAGCA-1,1,17,27,12053,12912
AGTCAGCCACCGCCTG-1,1,16,28,11548,13203
TCATCACTCGAGCTCG-1,1,17,29,12054,13494
CTCAGGACTCACCTGT-1,1,16,30,11548,13785
CGGTGTACTTGATCCC-1,1,17,31,12054,14076
CCTACGGCTCAGTCGA-1,1,16,32,11548,14367
GTACTTGGGCACTTCT-1,1,17,33,12054,14657
TGATTTCCTCCTGACG-1,1,16,34,11548,14948
CCTCACCAATCTTGAC-1,1,17,35,12054,15239
GGTGAGATGCAGATAA-1,1,16,36,11548,15530
GCTAGTTTCATTGAGG-1,1,17,37,12054,15820
AGGACATCGCACGTCG-1,1,16,38,11549,16111
GTGGACGTGCTGAGAC-1,1,17,39,12055,16402
TAAGGAACTTGTGGGA-1,1,16,40,11549,16693
TCGCTGTGCGTAAATC-1,1,17,41,12055,16983
GCATCCCTAACTTTGA-1,1,16,42,11549,17274
CACCCACACGTCACCC-1,1,17,43,12055,17565
CCCTCATTCTGGAATT-1,1,16,44,11549,17856
AGGGCGTGATCGGCTA-1,1,17,45,12055,18147
GGTGCGGATAAGTGGC-1,1,16,46,11549,18438
TAATATTGAAATTCGC-1,1,17,47,12055,18728
CTTACACTGGGAAATA-1,1,16,48,11550,19019
ACCAAGAACGCGTGTC-1,1,17,49,12056,19310
GCCTTCAGCCCTACCG-1,1,16,50,11550,19601
GATGCTACAAGCGCCT-1,1,17,51,12056,19891
CCGGGACCCGCAGAGA-1,1,16,52,11550,20182
GTTCCAGTCTGACCAT-1,1,17,53,12056,20473
ATGATCGGGAATAGAC-1,1,16,54,11550,20764
TTGGATTGGGTACCAC-1,1,17,55,12056,21054
TACCTCACGCTTGTAC-1,1,16,56,11550,21345
CATGGCAGGAAGATCG-1,1,17,57,12056,21636
ATGACGCCGGCTCTAA-1,1,16,58,11551,21927
AGCGACATCCCATTCA-1,1,17,59,12057,22218
AGTAATGTCTTGCCGC-1,1,16,60,11551,22509
TTCTTAGTGGCTCAGA-1,1,17,61,12057,22799
CGTCTGGAAGGGCCCG-1,1,16,62,11551,23090
ACGTGCGCCTCGTGCA-1,1,17,63,12057,23381
AGAGCGGGCTAATCAT-1,1,16,64,11551,23672
GCGTCGAAATGTCGGT-1,1,17,65,12057,23962
AACTGATATTAGGCCT-1,1,16,66,11551,24253
CGAGCTGGGCTTTAGG-1,1,17,67,12057,24544
GGGTGTTTCAGCTATG-1,1,16,68,11552,24835
TTAATTTCAGACGCGG-1,1,17,69,12058,25125
ACTGCCGTCGTAACTC-1,1,16,70,11552,25416
GTGCACGAAAGTGACT-1,1,17,71,12058,25707
ATCTCCCTGCAATCTA-1,1,16,72,11552,25998
ACGCCAGATGATTTCT-1,1,17,73,12058,26289
AGCTATTTAATCCAAC-1,1,16,74,11552,26580
CCACGAGAAGAGAATC-1,1,17,75,12058,26870
GATTCCGCGTTTCCGT-1,0,16,76,11552,27161
GTCGGATGTAGCGCGC-1,0,17,77,12059,27452
TATTTATACCGAGTAG-1,0,16,78,11553,27743
GTAGGTGATCCGTGTA-1,0,17,79,12059,28033
AGTTAAGCGGTCCCGG-1,0,16,80,11553,28324
CTGGCGACATAAGTCC-1,0,17,81,12059,28615
TTGGCCTAGAATTTCG-1,0,16,82,11553,28906
GGCATATCGGTTCTGC-1,0,17,83,12059,29196
GGGCGTCCACTGGCTC-1,0,16,84,11553,29487
TTACCCATTGCCGGGT-1,0,17,85,12059,29778
TTAGACACGATCGTTG-1,0,16,86,11553,30069
GCGCTGATCCAGACTC-1,0,17,87,12060,30360
TTCGGCAACCCGCTGA-1,0,16,88,11554,30651
GATATTTCCTACATGG-1,0,17,89,12060,30941
CTGCGTTACGATATAA-1,0,16,90,11554,31232
TAATAAACAAGGAGAT-1,0,17,91,12060,31523
AACCTTTACGACGTCT-1,0,16,92,11554,31814
AGTCCCGCCTTTAATT-1,0,17,93,12060,32104
TGAGATTAGGCCCTAA-1,0,16,94,11554,32395
AGTGTATTGCGCATTG-1,0,17,95,12060,32686
GTTGGATTCAGTGGCT-1,0,16,96,11554,32977
TAAAGCTGCAATAGGG-1,0,17,97,12061,33267
AGTAGGAAGGAAGTTG-1,0,16,98,11555,33558
TATCACTTCGAGTAAC-1,0,17,99,12061,33849
TGATCTACGCTGATCT-1,0,16,100,11555,34140
GGATCATCCCGTACGC-1,0,17,101,12061,34431
TGACACTTCTCTTTGC-1,0,16,102,11555,34722
AGCCCTTCTAATCCGA-1,0,17,103,12061,35012
CACCGCGTCCACTCTA-1,0,16,104,11555,35303
TAATTGGAATCGGGAA-1,0,17,105,12061,35594
TCGTAAGCTCCGAGGA-1,0,16,106,11556,35885
TATATTACAAATGTCG-1,0,17,107,12062,36175
CGCGAGAGGGACTTGT-1,0,16,108,11556,36466
GGACCTACGGTAACGT-1,0,17,109,12062,36757
GAAATATGCTTGAATG-1,0,16,110,11556,37048
CCGTATTAGCGCAGTT-1,0,17,111,12062,37338
AGGCGTCTATGGACGG-1,0,16,112,11556,37629
AACATCGATACGTCTA-1,0,17,113,12062,37920
TGAATATGCTATAAAC-1,0,16,114,11556,38211
ACCAAACACCCAGCGA-1,0,17,115,12062,38502
TGGCTTGTACAAGCTT-1,0,16,116,11557,38793
GAATGAAGGTCTTCAG-1,0,17,117,12063,39083
AGATACCAGCACTTCA-1,0,16,118,11557,39374
GCGGTCCCGGTGAAGG-1,0,17,119,12063,39665
GAGGCATTTGCAGCAG-1,0,16,120,11557,39956
GGCAAGCCAGGGATAG-1,0,17,121,12063,40246
TCTACGGGCTCAGTTG-1,0,16,122,11557,40537
TCTGCGAATCGTTCGC-1,0,17,123,12063,40828
AGCTCGTTGATGGAAA-1,0,16,124,11557,41119
TGAATGAGATACAGCA-1,0,17,125,12063,41409
ACCCTTGCCTGGGTCG-1,0,16,126,11558,41700
GGCGAACCGTTCTGAT-1,0,17,127,12064,41991
GCGATGTCTGTGCTTG-1,0,18,0,12557,5061
ATTAACACCTGAGATA-1,0,19,1,13063,5352
GAAATCTGACCAAGTT-1,0,18,2,12557,5643
CCTGACAAACTCGCGC-1,0,19,3,13063,5933
ATGTCATTTCCCATTG-1,0,18,4,12557,6224
GCGGTGCGGAGCATCG-1,0,19,5,13063,6515
CGGAAAGCAAATGTGC-1,0,18,6,12557,6806
GCTGAGCAACGGTTCT-1,0,19,7,13063,7096
TCACTCTTCGTCTGTC-1,0,18,8,12557,7387
GATCTTCATTGTCCTC-1,0,19,9,13064,7678
ACTCGATGTATTTCAT-1,0,18,10,12558,7969
TGAAGAGCGGTCCTAG-1,0,19,11,13064,8259
TAAACGTCGTCAATGA-1,0,18,12,12558,8550
ACGTTATTGGTCACTC-1,0,19,13,13064,8841
ATAGCCTCAGTACCCA-1,0,18,14,12558,9132
CGGGAGTATACCGCCG-1,0,19,15,13064,9423
GTCCTACAGGCGGCTC-1,1,18,16,12558,9714
CGGATAAGCGGACATG-1,1,19,17,13064,10004
AACTTCTGCGTCTATC-1,1,18,18,12558,10295
GGGTTCAGACGAACAA-1,1,19,19,13065,10586
AGTCTGGACATCCTTG-1,1,18,20,12559,10877
TTGAACGAATCCTTTG-1,1,19,21,13065,11167
GAAATACTAAACGTTT-1,1,18,22,12559,11458
CCCGCGCAATGCACCC-1,1,19,23,13065,11749
TTCGGCTAGAGATGGT-1,1,18,24,12559,12040
GACACGAGTTAGAGGA-1,1,19,25,13065,12330
GAGGTCCCAAAGATCT-1,1,18,26,12559,12621
TAACTCCATGGAGGCT-1,1,19,27,13065,12912
CTTGTTTATGTAGCCA-1,1,18,28,12559,13203
GATGGCGCACACATTA-1,1,19,29,13066,13494
ATAATAGTGTAGGGAC-1,1,18,30,12560,13785
CGCTATTCAATGTATG-1,1,19,31,13066,14075
ATATTGCTGTCAAAGT-1,1,18,32,12560,14366
GGATTCAGTACGGTGG-1,1,19,33,13066,14657
TTCTTAGTGAACGGTG-1,1,18,34,12560,14948
AATGGTTCTCACAAGC-1,1,19,35,13066,15238
TATACACGCAAAGTAT-1,1,18,36,12560,15529
CTTCATAGCTCAAGAA-1,1,19,37,13066,15820
CAACGGTTCTTGATAC-1,1,18,38,12561,16111
ACACCCGAGAAATCCG-1,1,19,39,13067,16401
TCTATCATGCAGTTAC-1,1,18,40,12561,16692
CCCGCCATGCTCCCGT-1,1,19,41,13067,16983
CGCTTCCACTGAAATC-1,1,18,42,12561,17274
CACTGTCCAAGTGAGA-1,1,19,43,13067,17565
ATTACTAGCCTCTTGC-1,1,18,44,12561,17856
CATAGTAGCATAGTAG-1,1,19,45,13067,18146
CAACTCCTTGATCCCG-1,1,18,46,12561,18437
AAGTAGAAGACCGGGT-1,1,19,47,13067,18728
GCGGGAACCAGGCCCT-1,1,18,48,12562,19019
ATTAGATTGATAGCGG-1,1,19,49,13068,19309
CTCGGTCCGTAGCCTG-1,1,18,50,12562,19600
TGGCTTTGGGTAGACA-1,1,19,51,13068,19891
TATCCATATCATGCGA-1,1,18,52,12562,20182
GGAGTGCCGCCCTGGA-1,1,19,53,13068,20473
TGAGAATGCTTTACCG-1,1,18,54,12562,20763
TTAACCAACCCTCCCT-1,1,19,55,13068,21054
TGTTTCGGTACTTCTC-1,1,18,56,12562,21345
TTGCTGAAGGAACCAC-1,1,19,57,13068,21636
TATTTAGTCTAGATCG-1,1,18,58,12563,21927
CTCCGGCCTAATATGC-1,1,19,59,13069,22217
TTGTGGCCCTGACAGT-1,1,18,60,12563,22508
TCGCCGGTCGATCCGT-1,1,19,61,13069,22799
CCATAGGTTGGCGTGG-1,1,18,62,12563,23090
GAACGACCGAATGATA-1,1,19,63,13069,23380
TCCGATAATTGCCATA-1,1,18,64,12563,23671
CATTACGTCGGCCCGT-1,1,19,65,13069,23962
CAAGCACCAAATGCCT-1,1,18,66,12563,24253
TGCATGGATCGGATCT-1,1,19,67,13069,24544
GAAATCGCGCGCAACT-1,1,18,68,12564,24834
CTGAAAGAGATCCGAC-1,1,19,69,13070,25125
CACCTCGATGGTGGAC-1,1,18,70,12564,25416
ATTTGTTCCAGGGCTC-1,1,19,71,13070,25707
TGGGCCACAAGAGCGC-1,1,18,72,12564,25998
CCTTCTTGATCCAGTG-1,1,19,73,13070,26288
CCTCGCCAGCAAATTA-1,1,18,74,12564,26579
TTCATGGCGCAACAGG-1,0,19,75,13070,26870
TTAATCAGTACGTCAG-1,0,18,76,12564,27161
CCTATCTATATCGGAA-1,0,19,77,13070,27451
ATTATACTTTGCTCGT-1,0,18,78,12565,27742
ATGGATCCGGCGTCCG-1,0,19,79,13071,28033
CGCCCGCTTCCGTACA-1,0,18,80,12565,28324
GGATTCCGCTATACCC-1,0,19,81,13071,28615
CGGTCTATCAACCCGT-1,0,18,82,12565,28905
ATGCCGGTTGATGGGA-1,0,19,83,13071,29196
TCATGCAGGTTCTCAT-1,0,18,84,12565,29487
TGAGCTTTAATGACGC-1,0,19,85,13071,29778
TCCCTTAGATTACTCG-1,0,18,86,12565,30069
ATATCTCCCTCGTTAA-1,0,19,87,13071,30359
AGCTCTTCCCAGTGCA-1,0,18,88,12566,30650
TCGCTAAACCGCTATC-1,0,19,89,13072,30941
CACATTCTTTCGATGG-1,0,18,90,12566,31232
GATATGCGGTAGCCAA-1,0,19,91,13072,31522
CGTTTCACTTCGGGCG-1,0,18,92,12566,31813
CCAATTACGGGTCGAG-1,0,19,93,13072,32104
GCAGGTAGAGTATGGT-1,0,18,94,12566,32395
GTCGTATTGGCGTACA-1,0,19,95,13072,32686
GAAATTAGCACGGATA-1,0,18,96,12566,32976
AATGCACCAAGCAATG-1,0,19,97,13072,33267
AGGACGCTCGATGTTG-1,0,18,98,12567,33558
GGCTAAAGGGCGGGTC-1,0,19,99,13073,33849
CATCTATCCCGTGTCT-1,0,18,100,12567,34140
CAGTAACTATTTATTG-1,0,19,101,13073,34430
CATATACTACTGATAA-1,0,18,102,12567,34721
GCGTTCGGAGACCGGG-1,0,19,103,13073,35012
AAGTTCAGTCTGCGTA-1,0,18,104,12567,35303
CGAAGCTATAAATTCA-1,0,19,105,13073,35593
CGCGGTCACAAACCAA-1,0,18,106,12567,35884
GGGAATGAGCCCTCAC-1,0,19,107,13074,36175
ACGGAGCGCAAATTAC-1,0,18,108,12568,36466
CGTTCTTCGCACACCT-1,0,19,109,13074,36757
GAATAGCCCTGCGGTC-1,0,18,110,12568,37047
AATAGCTACCGCGTGC-1,0,19,111,13074,37338
CCGAGCTGTGCTTGTC-1,0,18,112,12568,37629
GATGACGATGATCGCG-1,0,19,113,13074,37920
GCCTATGCTGGGCCTT-1,0,18,114,12568,38211
TTACTGTCTAGAGCTC-1,0,19,115,13074,38501
AGCGGTTGCCGCTCTG-1,0,18,116,12568,38792
GCTTGCAGCACAATTG-1,0,19,117,13075,39083
CCGGAGGTCTTATGGT-1,0,18,118,12569,39374
ACAGTATACCGTGGGA-1,0,19,119,13075,39664
GGGATCCCAATACAAA-1,0,18,120,12569,39955
ATTACGACTCCACAGT-1,0,19,121,13075,40246
CTCACACGCAAGCCTA-1,0,18,122,12569,40537
CCAGATGTAAATGGGT-1,0,19,123,13075,40828
GAACTTGTGCACGGGA-1,0,18,124,12569,41119
AAGCCGCTTTACCTTG-1,0,19,125,13075,41409
TCCATTCCCACTAGAG-1,0,18,126,12569,41700
AGAGCGCTTGTAACGG-1,0,19,127,13076,41991
TGGGTTCCCGGACGGA-1,0,20,0,13569,5061
GCTGCGCCTCCCACGT-1,0,21,1,14075,5351
CTGTTGGCTCTTCTGA-1,0,20,2,13569,5642
TTGTTCTAGATACGCT-1,0,21,3,14075,5933
CCCTCAAGCTCTTAGT-1,0,20,4,13569,6224
TGGTCTAGCTTACATG-1,0,21,5,14075,6514
ATGCACCTTCCTTAAT-1,0,20,6,13569,6805
GGGATACGGTAATAAT-1,0,21,7,14075,7096
AGTTCACCGGTTGGAC-1,0,20,8,13569,7387
GACATACTGTCGCAGA-1,0,21,9,14075,7678
TGGACACCGTTGCTTG-1,0,20,10,13570,7969
TGCGATGCTAATGGCT-1,0,21,11,14076,8259
TTCTGTTTCCTGTCGC-1,0,20,12,13570,8550
CGTTGTAAACGTCAGG-1,0,21,13,14076,8841
GATCGGCGATAAGTCG-1,0,20,14,13570,9132
AGCCTTAAAGCGGAAG-1,1,21,15,14076,9422
TCCGTAACCACAATCC-1,1,20,16,13570,9713
GAATGCCGAAATGACC-1,1,21,17,14076,10004
TATACTCATGCGGCAA-1,1,20,18,13570,10295
TAGTGTCAGAAACGGC-1,1,21,19,14076,10585
CGTCATACCATATCCA-1,1,20,20,13571,10876
TAGTACCTTAGTGGTC-1,1,21,21,14077,11167
CTGGCGGGAATAAGTA-1,1,20,22,13571,11458
AGTGTGGTCTATTGTG-1,1,21,23,14077,11749
GCTATCGCGGCGCAAC-1,1,20,24,13571,12040
CAGTAATCCCTCCCAG-1,1,21,25,14077,12330
GTATTAAGGCGTCTAA-1,1,20,26,13571,12621
CTAATTTCAACAACAC-1,1,21,27,14077,12912
TTAGCAACATGGATGT-1,1,20,28,13571,13203
ATGCTCAGTGTTGCAT-1,1,21,29,14077,13493
GATGTTTGTGCGAGAT-1,1,20,30,13572,13784
CACTTCGCCACAGGCT-1,1,21,31,14078,14075
CTGTATGGTGTAGAAA-1,1,20,32,13572,14366
TACGTGCACTATGCTG-1,1,21,33,14078,14656
GTATCAGCTTGGGTTC-1,1,20,34,13572,14947
TAACAAAGGGAGAAGC-1,1,21,35,14078,15238
TTACATCGTGGCCTGG-1,1,20,36,13572,15529
TCTGAACCGGTCGGCT-1,1,21,37,14078,15820
GGCTCGTGCCACCAGC-1,1,20,38,13572,16111
TATAAGTGAGGATAGC-1,1,21,39,14079,16401
GCCCGCGCGTTTGACA-1,1,20,40,13573,16692
TGCTGGTTGGACAATT-1,1,21,41,14079,16983
GCCTAGCGATCTGACC-1,1,20,42,13573,17274
CCATGCTCTGCAGGAA-1,1,21,43,14079,17564
TATAAATCCACAAGCT-1,1,20,44,13573,17855
CGCTCGACATAATGAT-1,1,21,45,14079,18146
CCAATTGAATGTTAAT-1,1,20,46,13573,18437
GCTAATACCGAATGCC-1,1,21,47,14079,18727
TTCAACGACCCGACCG-1,1,20,48,13573,19018
TTCCTCGAGGGTGTCT-1,1,21,49,14080,19309
CAACGACCCGTTTACA-1,1,20,50,13574,19600
CTTGTACTTGTTGACT-1,1,21,51,14080,19891
TCTCTAATAGCTGGTA-1,1,20,52,13574,20182
ATTATGCCATAGGGAG-1,1,21,53,14080,20472
GACAACGCAGCTTACG-1,1,20,54,13574,20763
AGATGACTCGCCCACG-1,1,21,55,14080,21054
GTGCGGGTCTCCAAAT-1,1,20,56,13574,21345
GTACGAGATTGCGACA-1,1,21,57,14080,21635
GTATAGGACTCAGTAG-1,1,20,58,13574,21926
TTGCACGGAGCAGCAC-1,1,21,59,14081,22217
CACAGCTAGGGAGTGA-1,1,20,60,13575,22508
ATACTAGCATGACCCT-1,1,21,61,14081,22798
CCAAGACTTCTGCGAA-1,1,20,62,13575,23089
ACATAATAAGGCGGTG-1,1,21,63,14081,23380
TAATACACAGTAGTAT-1,1,20,64,13575,23671
TCTTGGTAACACCAAA-1,1,21,65,14081,23962
AACTGGGTCCCGACGT-1,1,20,66,13575,24253
ATCACTTCATCCTCGC-1,1,21,67,14081,24543
TGGAAGGATAAAGATG-1,1,20,68,13575,24834
CATGATGCACAATTCT-1,1,21,69,14082,25125
TGCCTGATCAAACGAT-1,1,20,70,13576,25416
ATAGGGATATCCTTGA-1,1,21,71,14082,25706
CACCTAATCAGTTTAC-1,1,20,72,13576,25997
TGTGACTACGCCAGTC-1,1,21,73,14082,26288
CCCGACCATAGTCCGC-1,0,20,74,13576,26579
CGCGCCCGACTTAATA-1,0,21,75,14082,26869
TGCCACCTGGCGAAAC-1,0,20,76,13576,27160
CTGCCAAGGTTGGAAG-1,0,21,77,14082,27451
TCTCCAACGTAGGTTA-1,0,20,78,13577,27742
TTCTTGGAGTAATGAG-1,0,21,79,14083,28033
GTCTCGATCTGCTTTC-1,0,20,80,13577,28324
TACTCTCCGAACAAAT-1,0,21,81,14083,28614
ATCACATTAGAATATC-1,0,20,82,13577,28905
TACGGGATGCTAGCAG-1,0,21,83,14083,29196
AGCTGAAGTAAACCAA-1,0,20,84,13577,29487
CATGGGTCGGGTGTGG-1,0,21,85,14083,29777
CACCCACGAGGCAATT-1,0,20,86,13577,30068
TGCCATTACTAAAGAA-1,0,21,87,14083,30359
CCGTTACGTTAGAACA-1,0,20,88,13578,30650
GCCAGGAGTAACCGAT-1,0,21,89,14084,30940
GGAAAGTGCCCATGCC-1,0,20,90,13578,31231
TCTTACCGGAACTCGT-1,0,21,91,14084,31522
TATGTCAAGACCGACT-1,0,20,92,13578,31813
CCTAACTAAGGCTCTA-1,0,21,93,14084,32104
GCGGTGAACTGCGCTC-1,0,20,94,13578,32395
CCTCGCGCGATATAGG-1,0,21,95,14084,32685
ATCGGCAAGCAGTCCA-1,0,20,96,13578,32976
AGATCGTGCATAAGAT-1,0,21,97,14084,33267
ATTCAGGACCTATTTC-1,0,20,98,13579,33558
AGCTAGAAGCAGAAGT-1,0,21,99,14085,33848
TTCGCTATCTGACGTG-1,0,20,100,13579,34139
TTCCGCAGAGAAATAT-1,0,21,101,14085,34430
CAGTACATTCTCTAAA-1,0,20,102,13579,34721
GTGAAGATTTCAAGTG-1,0,21,103,14085,35011
AACGCATGATCTGGGT-1,0,20,104,13579,35302
CCCAGAGGAGGGCGTA-1,0,21,105,14085,35593
GGAAACCTTGTTGAAT-1,0,20,106,13579,35884
GTGAAGCCGTATAGTC-1,0,21,107,14085,36175
GAGCTGTCGTCTCGGA-1,0,20,108,13580,36466
TGTCATTTGTTGGGAA-1,0,21,109,14086,36756
ACCAACACCACACACT-1,0,20,110,13580,37047
AAATGATTCGATCAGC-1,0,21,111,14086,37338
CTGCTTTATGTCCGCG-1,0,20,112,13580,37629
GCGAGAGGCCATGTAA-1,0,21,113,14086,37919
ATTGACCGGCGATGAC-1,0,20,114,13580,38210
ACCCTGGTAACGCCCT-1,0,21,115,14086,38501
GTTGGACCGCATCAGG-1,0,20,116,13580,38792
CGTTTACAAGGCAGCT-1,0,21,117,14086,39082
CGGTCCATGAGACTCC-1,0,20,118,13581,39373
GTTCGTCTGGGTCCCT-1,0,21,119,14087,39664
TGTACTACTCTCACGG-1,0,20,120,13581,39955
AGTGAAGATGGTGTCC-1,0,21,121,14087,40246
GAGGGCCATAATATTA-1,0,20,122,13581,40537
ACTCCCGTAGACTAGG-1,0,21,123,14087,40827
CGTCAAATGGTCGCAG-1,0,20,124,13581,41118
AAGTCTAGTAGCTGCC-1,0,21,125,14087,41409
AAGAAATCACCAGATT-1,0,20,126,13581,41700
GAGTGCACGGACAACA-1,0,21,127,14087,41990
GTTCAAATCAGATGTC-1,0,22,0,14581,5060
CATGGCTCCCTATGTC-1,0,23,1,15087,5351
GGCCACACGAAAGCCT-1,0,22,2,14581,5642
GAAGCCGGGTAAGCTC-1,0,23,3,15087,5932
TTGCGCTCTCTCGCTT-1,0,22,4,14581,6223
TACATGACCTTATCCG-1,0,23,5,15087,6514
GTCCTTCTACAACCCA-1,0,22,6,14581,6805
TATATGCTGGGTTGCC-1,0,23,7,15087,7096
GTTTATGGGATTTAGA-1,0,22,8,14581,7387
GGAACCCGAACAAGAA-1,0,23,9,15087,7677
AACGTTATCAGCACCT-1,0,22,10,14582,7968
CATCGTCCGGTTACTA-1,0,23,11,15088,8259
AGACAGCTCAGAATCC-1,0,22,12,14582,8550
GCAGATCCTCGCAAAT-1,1,23,13,15088,8840
GGGTCATGCGTACCAT-1,1,22,14,14582,9131
CTGGTCATTCCAATCC-1,1,23,15,15088,9422
TCAGGGCGCAAACTCG-1,1,22,16,14582,9713
GATGCCAGCAGAAGGC-1,1,23,17,15088,10003
GTTATTAACGTGGGAG-1,1,22,18,14582,10294
AATACAATGTTTCAGG-1,1,23,19,15088,10585
TTGCTGCACCTATCCA-1,1,22,20,14583,10876
CCAGAGACAAAGCCGG-1,1,23,21,15089,11167
CCGAAGTATATTGTTC-1,1,22,22,14583,11458
GCTAAACCTGAGGTGA-1,1,23,23,15089,11748
TCATACTTACAGATCC-1,1,22,24,14583,12039
CGAGCACTTCAAGTTT-1,1,23,25,15089,12330
TAGCAACCTGTCACAA-1,1,22,26,14583,12621
TGGGAAATGCCTTTCC-1,1,23,27,15089,12911
AGACCATGGGATACAA-1,1,22,28,14583,13202
TAAATGAATCCGTTTC-1,1,23,29,15089,13493
ACAACGGTCCCTGCGA-1,1,22,30,14584,13784
GTCACTCTCCAAATCT-1,1,23,31,15090,14074
TTCTACTTGCGAGGGC-1,1,22,32,14584,14365
CGCAATTACTTTCGGT-1,1,23,33,15090,14656
CTGTTCATCTCACGGG-1,1,22,34,14584,14947
TTCTTGTAACCTAATG-1,1,23,35,15090,15238
GCTTGATGATAATCAG-1,1,22,36,14584,15529
TTGGCTCGCATGAGAC-1,1,23,37,15090,15819
GCCCAGTTGGTATGCC-1,1,22,38,14584,16110
ATTCCTCCGCCAGTGC-1,1,23,39,15090,16401
TCGTCCGCTGGCGTCT-1,1,22,40,14585,16692
GGAGAAGTCATTGGCA-1,1,23,41,15091,16982
TTGTTAGCAAATTCGA-1,1,22,42,14585,17273
TCTAGCATCTTCGATG-1,1,23,43,15091,17564
TTCTAGGCCAATTGTG-1,1,22,44,14585,17855
TCACGGTCATCGCACA-1,1,23,45,15091,18146
ATGAAGCCAAGGAGCC-1,1,22,46,14585,18436
AATGACTGTCAGCCGG-1,1,23,47,15091,18727
CCAAACAGAACCCTCG-1,1,22,48,14585,19018
TATCGATGATTAAACG-1,1,23,49,15091,19309
GAACACACATCAACCA-1,1,22,50,14586,19600
CCCGTCAGCGTCTGAC-1,1,23,51,15092,19890
AGCATCGTCGATAATT-1,1,22,52,14586,20181
GACTAAGATCATGCAC-1,1,23,53,15092,20472
TAGGGTGTTTCAAGAG-1,1,22,54,14586,20763
TGGTTCGTAGCAAAGG-1,1,23,55,15092,21053
CTGTTCACTGCCTGTG-1,1,22,56,14586,21344
ATGTGCATCCGACGCA-1,1,23,57,15092,21635
TTGTCGTTCAGTTACC-1,1,22,58,14586,21926
CGGGATCAATGTAAGA-1,1,23,59,15092,22217
TTATCTGTATCATAAC-1,1,22,60,14587,22507
ATCGACTCTTTCCGTT-1,1,23,61,15093,22798
CTCATTTGATGGGCGG-1,1,22,62,14587,23089
GTAAGCGGGCAGTCAG-1,1,23,63,15093,23380
TCTATCGGTCGCAACA-1,1,22,64,14587,23671
AACGCGGTCTCCAGCC-1,1,23,65,15093,23961
ATTAATACTACGCGGG-1,1,22,66,14587,24252
CTTTAACTTTCAAAGG-1,1,23,67,15093,24543
CGTACCTGATAGGCCT-1,1,22,68,14587,24834
GAATGTTGGGTAATCT-1,1,23,69,15094,25124
TGCGGAGTAAAGGTGC-1,1,22,70,14588,25415
CCTGAATATTTACATA-1,1,23,71,15094,25706
TTGCTCCCATACCGGA-1,1,22,72,14588,25997
CCTCTAATCTGCCAAG-1,1,23,73,15094,26288
AGGTTGAGGCACGCTT-1,1,22,74,14588,26578
TCCCGTCAGTCCCGCA-1,1,23,75,15094,26869
TCCGATGACTGAGCTC-1,0,22,76,14588,27160
CAGCCTCCTGCAGAGG-1,1,23,77,15094,27451
CTTAGCCTTCCACATG-1,0,22,78,14588,27742
ATTAATGAACCAGTCG-1,1,23,79,15095,28032
ACGATACATAGAACTA-1,0,22,80,14589,28323
AGCCACTCCCGTGCTT-1,0,23,81,15095,28614
ATACGGGTTTCGATTG-1,0,22,82,14589,28905
CTGTCAAATGGCTCGG-1,1,23,83,15095,29195
GCTCGGAATTTAAAGC-1,1,22,84,14589,29486
TAGGCATGTTACGCCA-1,1,23,85,15095,29777
TGGCAACTCGCGCGCC-1,0,22,86,14589,30068
ATCAGTAGGCAGGGAT-1,1,23,87,15095,30359
TATCGATCTATGCATA-1,0,22,88,14589,30649
CGACTCAGGATGTTAT-1,0,23,89,15096,30940
GCCATATTGCACACAG-1,0,22,90,14590,31231
AATTCATAAGGGATCT-1,0,23,91,15096,31522
CGGTAGAGGTGCAGGT-1,0,22,92,14590,31813
AATGATGATACGCTAT-1,0,23,93,15096,32103
CTTGTGCTCACCGATT-1,0,22,94,14590,32394
TTCCAATCAGAGCTAG-1,0,23,95,15096,32685
CGATGGACCCTACGCC-1,0,22,96,14590,32976
GGTCGGATAAACGGCG-1,0,23,97,15096,33266
TTAGCTAATACGATCT-1,0,22,98,14590,33557
CTCGATATTTGCGAGC-1,0,23,99,15097,33848
ATTACTTACTGGGCAT-1,0,22,100,14591,34139
CTAGCCGATGTTATGA-1,0,23,101,15097,34430
TACTGCAATCAATTAC-1,0,22,102,14591,34720
TAGTCTGTGACGTTGC-1,0,23,103,15097,35011
CTCGTTTCTAATGTTT-1,0,22,104,14591,35302
TTCGTTCAACGAAGTT-1,0,23,105,15097,35593
CTGAATTTATTGCCAG-1,0,22,106,14591,35884
TGGAATATCCTTGACC-1,0,23,107,15097,36174
CAGATCATTTAAAGTC-1,0,22,108,14592,36465
CTCCTTTACGCAAGTC-1,0,23,109,15098,36756
TCCCAAACAGACAACG-1,0,22,110,14592,37047
ATCGCTGCGTGCAGCA-1,0,23,111,15098,37337
TTAGTTCAAGTGTTCG-1,0,22,112,14592,37628
AAACTCGTGATATAAG-1,0,23,113,15098,37919
TTAACGAACAAGCAGT-1,0,22,114,14592,38210
GTTATATCAGGAGCCA-1,0,23,115,15098,38501
CAAATTGGATTATGCC-1,0,22,116,14592,38792
CGAGGAGCTTCCATAT-1,0,23,117,15098,39082
GGAGACCAATGTGCTT-1,0,22,118,14593,39373
CATTGATGAACACGCC-1,0,23,119,15099,39664
GTCAATGCTATAATTT-1,0,22,120,14593,39955
ACCACCCTCTCTTCTA-1,0,23,121,15099,40245
TGGAGGGAAACACCTC-1,0,22,122,14593,40536
CACGGACGTGGATGGC-1,0,23,123,15099,40827
AACTTTCTCGATCATG-1,0,22,124,14593,41118
CGTATTGTTTCCTAAT-1,0,23,125,15099,41408
CCTACTGCGGCGGCCA-1,0,22,126,14593,41699
CTTAGGTCCCAATCGT-1,0,23,127,15099,41990
CGCAATCGATCATTAG-1,0,24,0,15592,5060
TGGTTATGCTTGCGGT-1,0,25,1,16099,5351
GGCTTGGCTCTCACCT-1,0,24,2,15593,5642
ATTGGTAGGATCCGCT-1,0,25,3,16099,5932
TCAGGGCGACTTCCTT-1,0,24,4,15593,6223
TCTGCAGATTCGAGTC-1,0,25,5,16099,6514
CTCTCGCTGTACTATG-1,0,24,6,15593,6805
AATAGTCGCGAGTCGG-1,0,25,7,16099,7095
AGTTACCCTTAAGACT-1,0,24,8,15593,7386
CTTAAATAAGACCCAT-1,0,25,9,16099,7677
GGTTGTGCTCTTGTCC-1,0,24,10,15593,7968
GTGAGTCTAAGACGGA-1,1,25,11,16100,8258
CGCGACACTGCGCAGC-1,1,24,12,15594,8549
GCTCGCGGTTCCGCTC-1,1,25,13,16100,8840
TTAACTCACGCGTGGA-1,1,24,14,15594,9131
GGAACGGCCTGCAGCC-1,1,25,15,16100,9422
GTAGAAACGGGTGGAG-1,1,24,16,15594,9713
TAATGAAAGACCCTTG-1,1,25,17,16100,10003
AGGCTTGCTAGACACC-1,1,24,18,15594,10294
TTGCGTAGTTTGAGGA-1,1,25,19,16100,10585
CGCCCTTGAAGGCTGA-1,1,24,20,15594,10876
CCCGGTGGAAGAACCT-1,1,25,21,16101,11166
TTAACACCTCGAACAT-1,1,24,22,15595,11457
GATTCCTATACGGCGC-1,1,25,23,16101,11748
TTACCCTAACAGTCCT-1,1,24,24,15595,12039
ACCCACCTACATGCTC-1,1,25,25,16101,12329
AAAGGGCAGCTTGAAT-1,1,24,26,15595,12620
CACACAGGGATAGATT-1,1,25,27,16101,12911
AGAGCGTACAAGCTCG-1,1,24,28,15595,13202
TCTTACGGCATCCGAC-1,1,25,29,16101,13493
GCCTATTCCGATATAG-1,1,24,30,15595,13784
GAAAGTGACTAACTGC-1,1,25,31,16102,14074
CCGGAATGGTTTCAGT-1,1,24,32,15596,14365
AGTATAATACTAGGCA-1,1,25,33,16102,14656
TAACTATCGAAGGTCC-1,1,24,34,15596,14947
ATGAGGAGTGTTAATC-1,1,25,35,16102,15237
TGTGTCGCGAGTTGCA-1,1,24,36,15596,15528
ATCCAACGCAGTCATA-1,1,25,37,16102,15819
AAGGCGCGTAAAGCTT-1,1,24,38,15596,16110
AGTCGGCCCAAACGAC-1,1,25,39,16102,16400
AACGTCAGACTAGTGG-1,1,24,40,15597,16691
ACTACCAGCTCTCTGG-1,1,25,41,16103,16982
GCAAGTGCACAGAGAA-1,1,24,42,15597,17273
ACACCTTAAGTAGGGC-1,1,25,43,16103,17564
TTCGACGGGAAGGGCG-1,1,24,44,15597,17855
TTCGCACTCGCGTGCT-1,1,25,45,16103,18145
TATTTGTTACCCTTTA-1,1,24,46,15597,18436
CGCTGTGACGCCGCAC-1,1,25,47,16103,18727
GTTGCACGGAGTTTCG-1,1,24,48,15597,19018
GTTTCCTGGAGGGTGA-1,1,25,49,16103,19308
ACACCCAGCATGCAGC-1,1,24,50,15598,19599
TCAACCATGTTCGGGC-1,1,25,51,16104,19890
TTACAACTACGCATCC-1,1,24,52,15598,20181
TCCGATGGTGCGACAT-1,1,25,53,16104,20471
GGGCGTACATTTATAT-1,1,24,54,15598,20762
AGCGACCAACGATATT-1,1,25,55,16104,21053
ACACAAAGACGGGTGG-1,1,24,56,15598,21344
ATCGCACGCCGGGAGA-1,1,25,57,16104,21635
GCTCTAAACCCTGACG-1,1,24,58,15598,21926
AATGCAACCGGGTACC-1,1,25,59,16104,22216
TCAAACAACCGCGTCG-1,1,24,60,15599,22507
TATGCTCCCTACTTAC-1,1,25,61,16105,22798
AAAGGGATGTAGCAAG-1,1,24,62,15599,23089
ACGATCATACATAGAG-1,1,25,63,16105,23379
TTGTTCAGTGTGCTAC-1,1,24,64,15599,23670
ATGCATGATCCAGGAT-1,1,25,65,16105,23961
AGTCTTCTCCTCAAAT-1,1,24,66,15599,24252
GATTCCCTTGTCGCAG-1,1,25,67,16105,24542
CTCGCACCTATATAGT-1,1,24,68,15599,24833
ACTCAATAAAGGCACG-1,1,25,69,16105,25124
AACCGAGCTTGGTCAT-1,1,24,70,15600,25415
TAAGGCAACATAAGAT-1,1,25,71,16106,25706
CACGCACAGCGCAGCT-1,1,24,72,15600,25997
GGTTTACAATCTCAAT-1,1,25,73,16106,26287
TGCAGGATCGGCAAAG-1,1,24,74,15600,26578
ATAACGGAGTCCAACG-1,1,25,75,16106,26869
AACGATATGTCAACTG-1,1,24,76,15600,27160
GACAACGACCATTGAA-1,1,25,77,16106,27450
TTGACCATGTTCTCCG-1,1,24,78,15600,27741
AGTACGGGCACCTGGC-1,1,25,79,16106,28032
CGCCATCCGATTATGA-1,1,24,80,15601,28323
AAGGTATCCTAATATA-1,1,25,81,16107,28613
TGTTGTCAAGAAGTCT-1,1,24,82,15601,28904
CAGTGAATAAATGACT-1,1,25,83,16107,29195
CACCTTGCGAAACTCG-1,1,24,84,15601,29486
CATTTAGCGGACCATG-1,1,25,85,16107,29777
CCAGTCTAGACGGCGC-1,1,24,86,15601,30068
TCGCTTTAAACGTTTG-1,1,25,87,16107,30358
GTGAAACGGCGCCACC-1,1,24,88,15601,30649
GGGCTCATCGAACCCA-1,1,25,89,16107,30940
TTGATGTGTAGTCCCG-1,0,24,90,15602,31231
CAGTAGCCCACGCGGT-1,0,25,91,16108,31521
AGCGCGGGTGCCAATG-1,0,24,92,15602,31812
TAATCGATCCGTACGT-1,0,25,93,16108,32103
AGTGGCGGCAATTTGA-1,0,24,94,15602,32394
CCTTTCAATGAAGAAA-1,0,25,95,16108,32684
CTCAGTCACGACAAAT-1,0,24,96,15602,32975
ATAGGCTAGCTTCGCA-1,0,25,97,16108,33266
CGGTTCAAGTAGGTGT-1,0,24,98,15602,33557
CAGTCGAGGATGCAAT-1,0,25,99,16108,33848
TATCACCCAACCGACC-1,0,24,100,15603,34139
AATGATGCGACTCCTG-1,0,25,101,16109,34429
TGGAACCACTGACACA-1,0,24,102,15603,34720
GCCAATAGGGCATCTC-1,0,25,103,16109,35011
TTCTTTGGTCGCGACG-1,0,24,104,15603,35302
ATTAGATTCCTCAGCA-1,0,25,105,16109,35592
CCGTGGAACGATCCAA-1,0,24,106,15603,35883
GGGTCGTGGCAAGTGT-1,0,25,107,16109,36174
TCGCTCGGCACCAGCG-1,0,24,108,15603,36465
ACGCAATCACTACAGC-1,0,25,109,16110,36755
CTCTAATGCATTGATC-1,0,24,110,15604,37046
GTCTCGACTAAGTTTG-1,0,25,111,16110,37337
TGGTTTAAACGTGGGT-1,0,24,112,15604,37628
CGCAGATCTTCACCCG-1,0,25,113,16110,37919
TCCAGATGTACGCCAA-1,0,24,114,15604,38210
CATTGCGGGTCAATTC-1,0,25,115,16110,38500
GACGTTCGTAAATACA-1,0,24,116,15604,38791
TACACCGTCGTTAGTC-1,0,25,117,16110,39082
ACGGGCGTATGCGACA-1,0,24,118,15604,39373
GAAGGCTACCATTGTT-1,0,25,119,16111,39663
TAAATCTTTACACCTC-1,0,24,120,15605,39954
AGTTTATGTAAAGACA-1,0,25,121,16111,40245
AGGAGACATCCACAGT-1,0,24,122,15605,40536
CAACCTGAACCTGCCA-1,0,25,123,16111,40826
AGTCCCTCGCAGAAAG-1,0,24,124,15605,41117
TGTATACGGATGATGA-1,0,25,125,16111,41408
TTGTGGTATAGGTATG-1,0,24,126,15605,41699
TCTGCACCATTAGTAA-1,0,25,127,16111,41990
AAATGTATCTTATCCC-1,0,26,0,16604,5060
ACTCTAAACCTGGGAT-1,0,27,1,17110,5350
GCTGGCAGGTGCCGTG-1,0,26,2,16605,5641
CTCATTCGTGAACATC-1,0,27,3,17111,5932
TCGCCGGATGGGCAAG-1,0,26,4,16605,6223
GGACTAAGTCAGGAGT-1,0,27,5,17111,6513
TATCAAAGGTCTGTAA-1,0,26,6,16605,6804
TTCAGTTTGTGGCAGC-1,0,27,7,17111,7095
TGTTCATAAATGTGCT-1,0,26,8,16605,7386
CTTAGCCCGGATAGTG-1,1,27,9,17111,7676
GATGCGAATGGTATTA-1,1,26,10,16605,7967
TCTAACTGTATGTAAA-1,1,27,11,17111,8258
TTAAACCTGGTTCCTT-1,1,26,12,16606,8549
GCTAAGTAAAGGCGAT-1,1,27,13,17112,8840
AGTTACCGCACATGGT-1,1,26,14,16606,9131
GACTGCGGCACGTGTA-1,1,27,15,17112,9421
TGGTGATCGTATTTGT-1,1,26,16,16606,9712
TTATCGCCTGCGAAGC-1,1,27,17,17112,10003
TGGAATTAGACGCTTT-1,1,26,18,16606,10294
TCGTCACACTGTTAGC-1,1,27,19,17112,10584
TTATGTTTGCGATAGA-1,1,26,20,16606,10875
GGTGCTGATCACAAAG-1,1,27,21,17112,11166
CATAGCCGCCCGGGAT-1,1,26,22,16607,11457
GGTTAGTTACGGCGCC-1,1,27,23,17113,11747
ATTCCCACATAAACAA-1,1,26,24,16607,12038
ATTCAGTAGCAGGGTC-1,1,27,25,17113,12329
CAGTTCCGCGGGTCGA-1,1,26,26,16607,12620
AAGAGATGAATCGGTA-1,1,27,27,17113,12911
CGCAATTCTACAATAA-1,1,26,28,16607,13202
TAACGCTTTGAGAGCG-1,1,27,29,17113,13492
AGGCTATGGTTAGCTT-1,1,26,30,16607,13783
GAGGAATGGAGAGGTT-1,1,27,31,17114,14074
TCCTCTACGAGATGGC-1,1,26,32,16608,14365
TTGATTATGCAGATGA-1,1,27,33,17114,14655
TCAGTACTGACCCGCG-1,1,26,34,16608,14946
TTATGACAAACTGGAT-1,1,27,35,17114,15237
GTAAGTAGGGTATACC-1,1,26,36,16608,15528
CGCAAACACGAGTTAC-1,1,27,37,17114,15819
TGGCCGTATATTGACC-1,1,26,38,16608,16109
ACTGTAGCACTTTGGA-1,1,27,39,17114,16400
GCTCTATGTTACGTGC-1,1,26,40,16608,16691
TGCGCGATTAACGGAG-1,1,27,41,17115,16982
GAATCGACATGGTCAC-1,1,26,42,16609,17273
GACTAAGTAGGCTCAC-1,1,27,43,17115,17563
ATCTTGACCTGCAACG-1,1,26,44,16609,17854
ATGCACTACCGCATTG-1,1,27,45,17115,18145
CAGATACTAACATAGT-1,1,26,46,16609,18436
GATCGACACTATCTGA-1,1,27,47,17115,18726
ATAGAGTACTGGGACA-1,1,26,48,16609,19017
CCTACTGCTTACACTT-1,1,27,49,17115,19308
CCTGCTATTTGAGAAG-1,1,26,50,16609,19599
CGCGTTCATGAAATAC-1,1,27,51,17116,19890
CATTATGCTTGTTGTG-1,1,26,52,16610,20180
CCAGGGACGTGGCCTC-1,1,27,53,17116,20471
TATGGATGTGCTACGC-1,1,26,54,16610,20762
GTACTAAGATTTGGAG-1,1,27,55,17116,21053
AGACCCGCCCTCCTCG-1,1,26,56,16610,21344
CGCATTAGCTAATAGG-1,1,27,57,17116,21634
GCTCTCGGGTACCGAA-1,1,26,58,16610,21925
CACCGCCAGAAGGTTT-1,1,27,59,17116,22216
TCCCAAAGACGAAGGA-1,1,26,60,16610,22507
ATGGATTGACCAAACG-1,1,27,61,17117,22797
GTCATGGACATGACTA-1,1,26,62,16611,23088
CTACTGCCACCTGACC-1,1,27,63,17117,23379
TTATATTTGGCAATCC-1,1,26,64,16611,23670
AGCACCAGTACTCACG-1,1,27,65,17117,23961
CATGGTCTAGATACCG-1,1,26,66,16611,24251
TCTACCGTCCACAAGC-1,1,27,67,17117,24542
CTAGTTGGGCCCGGTA-1,1,26,68,16611,24833
TCCCGCGTACTCCTGG-1,1,27,69,17117,25124
CAGAGCATGAGCTTGC-1,1,26,70,16612,25415
ACACGGGAACTTAGGG-1,1,27,71,17118,25705
GGCTCTGCTCCAACGC-1,1,26,72,16612,25996
AGAACGTGGTACATTC-1,1,27,73,17118,26287
CAATAAACCTTGGCCC-1,1,26,74,16612,26578
ACTTCGCCATACGCAC-1,1,27,75,17118,26868
ATCTGGTTAAGACTGT-1,1,26,76,16612,27159
TCGTAAGACGACATTG-1,1,27,77,17118,27450
GTGTACCTTGGCTACG-1,1,26,78,16612,27741
GCCCGTAATACCTTCT-1,1,27,79,17118,28032
CGGTCAAGTGGGAACC-1,1,26,80,16613,28322
TTGTAAGGCCAGTTGG-1,1,27,81,17119,28613
GGAGCACCAAGAACTA-1,1,26,82,16613,28904
TAATAGTGACGACCAG-1,1,27,83,17119,29195
CTAAATCCTATTCCGG-1,1,26,84,16613,29486
CGAGTTCTGTCCCACC-1,1,27,85,17119,29776
AGGCAGATGCGTAAAC-1,1,26,86,16613,30067
AAGGATGAGGGACCTC-1,1,27,87,17119,30358
AGAGAACCGTCTAGGA-1,1,26,88,16613,30649
GAGGGCGCAGCTCTGC-1,1,27,89,17119,30939
AAGATTGGCGGAACGT-1,1,26,90,16614,31230
CCAGTAGTCTGATCCA-1,1,27,91,17120,31521
AAGGGACAGATTCTGT-1,1,26,92,16614,31812
ATAGAGTTATCAACTT-1,1,27,93,17120,32103
AAATTACCTATCGATG-1,1,26,94,16614,32393
GATCCTAAATCGGGAC-1,0,27,95,17120,32684
TTACAGACCTAAATGA-1,0,26,96,16614,32975
CCTCACCTTAGCATCG-1,0,27,97,17120,33266
CATGCGACCAGTTTAA-1,0,26,98,16614,33557
AACATATCAACTGGTG-1,0,27,99,17120,33847
CTATAAGAGCCAATCG-1,0,26,100,16615,34138
AATATCGAGGGTTCTC-1,0,27,101,17121,34429
GTACTCCTGGGTATGC-1,0,26,102,16615,34720
ATAAGTAGGATTCAGA-1,0,27,103,17121,35010
AGGTCGCGGAGTTACT-1,0,26,104,16615,35301
CTAATTCTCAGATATT-1,0,27,105,17121,35592
GCCAACCATTTCCGGA-1,0,26,106,16615,35883
TGATCCCAGCATTAGT-1,0,27,107,17121,36174
CGTTGTAAGATTGATT-1,0,26,108,16615,36465
GAAACCATGGTGCGCT-1,0,27,109,17121,36755
AATCTATGCCGGAGCC-1,0,26,110,16616,37046
GACTCCCAGAATAAGG-1,0,27,111,17122,37337
TATGATCCGGCACGCC-1,0,26,112,16616,37628
CCGCTTGCTGACATGG-1,0,27,113,17122,37918
TGGTTAAGGGCGCTGG-1,0,26,114,16616,38209
TTGATAGTCAATACAT-1,0,27,115,17122,38500
GGTTTAATTGAGCAGG-1,0,26,116,16616,38791
CATTACATAGATTGTG-1,0,27,117,17122,39081
GGTACACCAGATTTAT-1,0,26,118,16616,39372
GGCCCGTATACCATGC-1,0,27,119,17122,39663
ATCTTTCGTATAACCA-1,0,26,120,16617,39954
GAGATGACAATCCTTA-1,0,27,121,17123,40245
AAAGCTTGCCTACATA-1,0,26,122,16617,40536
GAACGATAAGTTAAAG-1,0,27,123,17123,40826
TAATAGCTAAATGATG-1,0,26,124,16617,41117
TATGGCTAGGCTAATT-1,0,27,125,17123,41408
AGGAGAGTCTGGCTAC-1,0,26,126,16617,41699
TGCTCTGCCGGTTCAC-1,0,27,127,17123,41989
CCAATAGATTTCATCT-1,0,28,0,17616,5059
GGGCACGAATTGGCCG-1,0,29,1,18122,5350
TCGTTGACAGGGTCCC-1,0,28,2,17617,5641
ATCGTATTCCGAGAAC-1,0,29,3,18123,5931
GGGAATTCTGTCCAGT-1,0,28,4,17617,6222
ACGCGTTTCTTAAGAG-1,0,29,5,18123,6513
GAGAGCGCAGTCCCTG-1,0,28,6,17617,6804
GTCCTATTGTTGTGGT-1,0,29,7,18123,7095
CATCTGCAGGATCATT-1,1,28,8,17617,7386
GAGTCGACAGACCCTC-1,1,29,9,18123,7676
AAGTGCAAAGGTAGAC-1,1,28,10,17617,7967
AGGGTGGATAGTGCAT-1,1,29,11,18123,8258
TGATAGCGGGATTCTA-1,1,28,12,17618,8549
GTCAGTTTGGTAGTCG-1,1,29,13,18124,8839
GCATTCGAAATGAACA-1,1,28,14,17618,9130
AAAGACTGGGCGCTTT-1,1,29,15,18124,9421
TAACAATATTTGTTGC-1,1,28,16,17618,9712
CCAGCTTCCGCCCGCA-1,1,29,17,18124,10002
GATATGGATTACGCGG-1,1,28,18,17618,10293
AGAGCAGTTATGAGAC-1,1,29,19,18124,10584
TCACATCTTATCTGAT-1,1,28,20,17618,10875
TATGAAGACAGGTGCG-1,1,29,21,18124,11166
TACCTGCTGCACTGTG-1,1,28,22,17619,11457
TAGGTCCAAGTAAGGA-1,1,29,23,18125,11747
GAAACTCGTGCGATGC-1,1,28,24,17619,12038
AACAATTACTCTACGC-1,1,29,25,18125,12329
CCGCACGTGACCTCGG-1,1,28,26,17619,12620
AACTTGCCCGTATGCA-1,1,29,27,18125,12910
GGGTATGTATGCACTT-1,1,28,28,17619,13201
TTCGTACTCCAGAACG-1,1,29,29,18125,13492
GAATTTCTCGCTGCAG-1,1,28,30,17619,13783
AACAGGATGGGCCGCG-1,1,29,31,18125,14073
GACGTGTAGGGATTAT-1,1,28,32,17620,14364
TAGGTGAGCCCTACTC-1,1,29,33,18126,14655
CTAATTCGCACGCGCT-1,1,28,34,17620,14946
GAAGCTTGCTGACCGC-1,1,29,35,18126,15237
GGTTAGGCTTGGAGAA-1,1,28,36,17620,15528
ACAAGGACAAGAGGTT-1,1,29,37,18126,15818
AGGCCACCCGTTATGA-1,1,28,38,17620,16109
GTGGGCTTAGACACAC-1,1,29,39,18126,16400
CGTGTCCCATTCGCGA-1,1,28,40,17620,16691
TGGAGTGATGCGATGA-1,1,29,41,18126,16981
AACAACTGGTAGTTGC-1,1,28,42,17621,17272
CCTGGCTAGACCCGCC-1,1,29,43,18127,17563
CGCAATTAGGGTAATA-1,1,28,44,17621,17854
TCGAAATTTAGGACCA-1,1,29,45,18127,18144
AGACTAGCCTTCCAGA-1,1,28,46,17621,18435
TTGATCTAACTTTGTC-1,1,29,47,18127,18726
AAGGAGCGGTTGGTGC-1,1,28,48,17621,19017
ACTTGGGACCCGGTGG-1,1,29,49,18127,19308
TGATCTCCGGCGCCAG-1,1,28,50,17621,19599
CAGTTCAAATTGACAC-1,1,29,51,18127,19889
GTCCGGCTGAATTGCG-1,1,28,52,17622,20180
CTGGAAATGGATGCTT-1,1,29,53,18128,20471
TGATCGGTTTGACCCT-1,1,28,54,17622,20762
TAGAGTCTAAGCGAAC-1,1,29,55,18128,21052
GAGACTGATGGGTAGA-1,1,28,56,17622,21343
TAGCTAAGTCCGGGAG-1,1,29,57,18128,21634
GGGCGATATGTGTGAA-1,1,28,58,17622,21925
CTCGAGGTCGAACAGT-1,1,29,59,18128,22215
GATCCCTTTATACTGC-1,1,28,60,17622,22506
GTCATGCACCTCCGTT-1,1,29,61,18128,22797
ACTTTCCTATAGCTTC-1,1,28,62,17623,23088
TCGCTCGATATATTCC-1,1,29,63,18129,23379
ATAGGTTGGGCAGATG-1,1,28,64,17623,23670
CAATTAAGGGTGATGA-1,1,29,65,18129,23960
ACCGACTGAGTCCCAC-1,1,28,66,17623,24251
CCTGTCACCCGGGCTC-1,1,29,67,18129,24542
GATCGGTGGCCATAAC-1,1,28,68,17623,24833
CCTATGGGTTACCGTC-1,1,29,69,18129,25123
TTGGGACACTGCCCGC-1,1,28,70,17623,25414
CGAGGCTAAATATGGC-1,1,29,71,18130,25705
TCAGGGTGTAACGTAA-1,1,28,72,17624,25996
CGAGAGATGTGAACCT-1,1,29,73,18130,26286
TCGCTGGGCGGATTGT-1,1,28,74,17624,26577
AGATCTCAGGTGTGAT-1,1,29,75,18130,26868
TGGCCAAACTGAAGTA-1,1,28,76,17624,27159
GCTTCCGTCCCTAGAC-1,1,29,77,18130,27450
CAGCAGCCCGTTCCTT-1,1,28,78,17624,27741
TGTATAACAGATCCTG-1,1,29,79,18130,28031
CGCGGGAATTAGGCAG-1,1,28,80,17624,28322
TGCATGTGGTAATCTA-1,1,29,81,18131,28613
ACAATTTGAGCAGTGG-1,1,28,82,17625,28904
GAGCTAAGGGCATATC-1,1,29,83,18131,29194
CCAGATAGTTGAGTGA-1,1,28,84,17625,29485
CCACAATGTACGTCTT-1,1,29,85,18131,29776
CAATGGATCTCTACCA-1,1,28,86,17625,30067
TGTGGCAAAGCGTATG-1,1,29,87,18131,30357
TAAAGCGTTAGGAGAA-1,1,28,88,17625,30648
TCCGTTTAGCCTTGAA-1,1,29,89,18131,30939
CAGCTCGACAAGTTAA-1,1,28,90,17625,31230
GCCTATAGTGTCAGGG-1,1,29,91,18132,31521
ATAGACAACGGGACCT-1,1,28,92,17626,31812
CTACTATCTTTCAGAG-1,1,29,93,18132,32102
GCGCTGCTTTGCATTT-1,1,28,94,17626,32393
GCGCATCCAGTCAGCA-1,1,29,95,18132,32684
GACTCGCGGGAATGAC-1,0,28,96,17626,32975
CTGGTAACGAGCTCTT-1,0,29,97,18132,33265
TCCGGCCTAGCGTACA-1,0,28,98,17626,33556
TCTAGGTGGCGACGCT-1,0,29,99,18132,33847
ACGCTAGTGATACACT-1,0,28,100,17627,34138
ATCTGCACCTCTGCGA-1,0,29,101,18133,34428
CCTCACCTGAGGGAGC-1,0,28,102,17627,34719
AGTGAGCCTCGCCGCC-1,0,29,103,18133,35010
ACGAGTACGGATGCCC-1,0,28,104,17627,35301
GGTACCATTAAGACGG-1,0,29,105,18133,35592
TTCTGCTAGACTCCAA-1,0,28,106,17627,35883
TAACTATTACGCCAAA-1,0,29,107,18133,36173
GCATTCAAGGCAACGC-1,0,28,108,17627,36464
AGTACATCATTTATCA-1,0,29,109,18133,36755
GTCGTGTCTGGTCATC-1,0,28,110,17628,37046
AGTCTAAAGTATACTC-1,0,29,111,18134,37336
CGGCCCAACCTGTAGT-1,0,28,112,17628,37627
AGGGAGACATACTTCG-1,0,29,113,18134,37918
TCCCTAGATCAATAGG-1,0,28,114,17628,38209
TCCCGTCGCGTCATAG-1,0,29,115,18134,38499
CGCATCCATCAGCCAG-1,0,28,116,17628,38790
CTGCACCTAGTCCACA-1,0,29,117,18134,39081
CGAGGATCGGGAACGA-1,0,28,118,17628,39372
CAATGAGGTTCGACTA-1,0,29,119,18134,39663
TCTGACGGGCTAACCC-1,0,28,120,17629,39954
TTCTATGCCTTTCGCA-1,0,29,121,18135,40244
AGAGTATAGTGTTACG-1,0,28,122,17629,40535
CCATTGTTTCCTCCAT-1,0,29,123,18135,40826
CTCATCACTTAGTGAT-1,0,28,124,17629,41117
CCGAAGGGCGTACCGC-1,0,29,125,18135,41407
TCAAGCTGCCTTGAAA-1,0,28,126,17629,41698
CTCATTAACGTTGCCC-1,0,29,127,18135,41989
GTCTTCCTCACCTAAG-1,0,30,0,18628,5059
GGTGATGAAGGAAGTG-1,0,31,1,19134,5349
TCAATACAATTGCTGC-1,0,30,2,18628,5640
GCAACCCAAGTTGTTT-1,0,31,3,19135,5931
ATGAAGTGGACCCAGC-1,0,30,4,18629,6222
GAGAATCTCACGATCA-1,0,31,5,19135,6513
TATATCATTGATCAGT-1,0,30,6,18629,6804
AACTTTACGGGAGCTT-1,1,31,7,19135,7094
TTCTTGTGTCCATCAG-1,1,30,8,18629,7385
ACAATTTAGGAGGCTC-1,1,31,9,19135,7676
ATACTTGTTCTCGAGC-1,1,30,10,18629,7967
CACGGGATTGAGGGTT-1,1,31,11,19135,8257
GTTAATGTCTATCTTA-1,1,30,12,18629,8548
GCGTTATATTTGGAAC-1,1,31,13,19136,8839
CGTCAAGGCTATAAAT-1,1,30,14,18630,9130
TTAGCTCTGTAATCCG-1,1,31,15,19136,9420
AATGGTCCACCGTTCA-1,1,30,16,18630,9711
GTCATTGCATTGACCC-1,1,31,17,19136,10002
TGTCCGTGGCGCCTTT-1,1,30,18,18630,10293
TCAACTAACGTATAAC-1,1,31,19,19136,10584
TCCTCTCCAGTTGTCC-1,1,30,20,18630,10875
TGTGTTCGTATCCAAG-1,1,31,21,19136,11165
CCGCGTAGGTAAGGGC-1,1,30,22,18630,11456
CTGCGGGTGAAATGTT-1,1,31,23,19137,11747
TATCTACAGAGGTAAT-1,1,30,24,18631,12038
CTACTCTAGGCCCGGC-1,1,31,25,19137,12328
ACAAGCAGTGCCTAGC-1,1,30,26,18631,12619
TACAAGTCTCGTGCAT-1,1,31,27,19137,12910
TCGGAATGCGCTCTGA-1,1,30,28,18631,13201
TCGCGTCCAGAAGGTC-1,1,31,29,19137,13492
TATGGCCCGGCCTCGC-1,1,30,30,18631,13782
GCTGGCATATTCACCT-1,1,31,31,19137,14073
GTCAGAATAGTCTATG-1,1,30,32,18632,14364
GGCGTCCTATCCGCTG-1,1,31,33,19138,14655
CGGAGTTTGAGAGACA-1,1,30,34,18632,14946
AGCACTTAAGGACGCC-1,1,31,35,19138,15236
TCCACAATGGTTTACG-1,1,30,36,18632,15527
CCAACGATGCACTGAT-1,1,31,37,19138,15818
ATTTACAGTTTACTGG-1,1,30,38,18632,16109
CCCTGAAATGAGTTGA-1,1,31,39,19138,16399
CAAACGGTCGCACTTT-1,1,30,40,18632,16690
TGATTCGTCTATCACT-1,1,31,41,19138,16981
TCAGGTTCTTTGAGAA-1,1,30,42,18633,17272
CACGCAGCGAGGCTTT-1,1,31,43,19139,17563
TTAAGCGCCTGACCCA-1,1,30,44,18633,17853
CTTACACGGTATTCCA-1,1,31,45,19139,18144
AAGGCTGTGCTCATCG-1,1,30,46,18633,18435
GACCAGAGCCCTGTAG-1,1,31,47,19139,18726
TCCCAGGCTTAGCTAA-1,1,30,48,18633,19017
ATTGAAGATCTTAGTG-1,1,31,49,19139,19307
AGTTCCTACAGAATTA-1,1,30,50,18633,19598
GGGCTGGTTAGTCGCG-1,1,31,51,19139,19889
GAAATGGCGGTGTTAG-1,1,30,52,18634,20180
TACGAACACGACTTCA-1,1,31,53,19140,20470
ACCACAAGTTTCTATC-1,1,30,54,18634,20761
ATATTTAACCCTCAAG-1,1,31,55,19140,21052
GATCATTCCAAACATT-1,1,30,56,18634,21343
TCCAGGCGAGTACGGT-1,1,31,57,19140,21634
GTTTGACCAAATCCTA-1,1,30,58,18634,21924
CACAGCACCCACGGCA-1,1,31,59,19140,22215
TGCAAGAATGACGTAA-1,1,30,60,18634,22506
GCGAAGCCATACCCGT-1,1,31,61,19140,22797
TCCTTTCTTACGCTTA-1,1,30,62,18635,23088
GCTGCTCTCCGGACAC-1,1,31,63,19141,23378
ACTGTCTTCTTTAGAA-1,1,30,64,18635,23669
TCAAACTTAGATTGTT-1,1,31,65,19141,23960
CTATGTCACTAGCCCA-1,1,30,66,18635,24251
TGCGCAAAGCATTTGG-1,1,31,67,19141,24541
TTAATGTAGACCAGGT-1,1,30,68,18635,24832
GGCGGTAGGATCATTG-1,1,31,69,19141,25123
GGCAATAGTCAATGAG-1,1,30,70,18635,25414
ACACGAGACTCCTTCT-1,1,31,71,19141,25705
GACACAAGGGAAGAAA-1,1,30,72,18636,25995
TCAGCAAATGCATCTC-1,1,31,73,19142,26286
GAGATCTGTCACTCCG-1,1,30,74,18636,26577
ATGCCGGTCTTGCATA-1,1,31,75,19142,26868
TTGGGCGGCGGTTGCC-1,1,30,76,18636,27159
TTGTTGTGTGTCAAGA-1,1,31,77,19142,27449
ACTGTACGATACACAT-1,1,30,78,18636,27740
TCCACTTTATCTAGGT-1,1,31,79,19142,28031
GGTCTGAGAATCTGGA-1,1,30,80,18636,28322
TAGAAAGGTGGCGCTA-1,1,31,81,19142,28612
TATGTCTCATTGTGCC-1,1,30,82,18637,28903
GGATTTCACTTCTATA-1,1,31,83,19143,29194
TGAGTGGTCCGTGACG-1,1,30,84,18637,29485
CGCTTTCTTGCATTCG-1,1,31,85,19143,29776
ACCCAACGCCCGTGGC-1,1,30,86,18637,30066
GAACGTCTCATGGTCG-1,1,31,87,19143,30357
AGGGTTCCCTTTGGTT-1,1,30,88,18637,30648
GTAGCTTCCTCTTGTT-1,1,31,89,19143,30939
GCATGAGGGACGCGGC-1,1,30,90,18637,31230
CTACCCTAAGGTCATA-1,1,31,91,19143,31520
TCACCGCTCGGCACTC-1,1,30,92,18638,31811
GGCTCGCGTTGAGGTA-1,1,31,93,19144,32102
CTAACGAAACTTGCTG-1,1,30,94,18638,32393
TTAAACTCGAATTCAT-1,1,31,95,19144,32683
TACTTTACTGAGCCGG-1,1,30,96,18638,32974
GCTTGGATCGATTAGG-1,1,31,97,19144,33265
CGGTTATCCAACAGTG-1,0,30,98,18638,33556
CAGACCTGTAAGTGTT-1,0,31,99,19144,33847
GACGGTCAATAGAAGC-1,0,30,100,18638,34138
CTGACTGCGCAGCTCG-1,0,31,101,19145,34428
CCATACCTTTACTTGT-1,0,30,102,18639,34719
GTAATAAAGGGCTCCC-1,0,31,103,19145,35010
GTGAACTCCCATTCGA-1,0,30,104,18639,35301
GTGGTTACTTCTTTCG-1,0,31,105,19145,35591
TCAGAACCTCCACAGG-1,0,30,106,18639,35882
TCCCACTCTCTTCCGG-1,0,31,107,19145,36173
ATCTTGACTTGTCCAA-1,0,30,108,18639,36464
TCGGGAACGTGCCTAG-1,0,31,109,19145,36754
GTTAGCCGTAAATCAA-1,0,30,110,18639,37045
ATTTACTAAGTCCATT-1,0,31,111,19146,37336
GGGTGCATATGAAAGC-1,0,30,112,18640,37627
TCCGAATGGTCCTGAG-1,0,31,113,19146,37918
TGATGGCTGTTTCTGA-1,0,30,114,18640,38209
AAATAAGGTAGTGCCC-1,0,31,115,19146,38499
CCACTATCCGGGTCAC-1,0,30,116,18640,38790
ACACCACATAATTAGC-1,0,31,117,19146,39081
CGCGGTAAGTCTAGCT-1,0,30,118,18640,39372
GCGGGCATTACGATGC-1,0,31,119,19146,39662
AGGATTGCTTACGACA-1,0,30,120,18640,39953
CTCGGGATAACACCTA-1,0,31,121,19147,40244
GTCGTCTGGTTGGCTA-1,0,30,122,18641,40535
GCAATTAGTCGCACCG-1,0,31,123,19147,40825
GTGACCTAAAGAATAA-1,0,30,124,18641,41116
CTGAGCGAGACTTATT-1,0,31,125,19147,41407
CAAGACTCAGAAGCGC-1,0,30,126,18641,41698
ACTTCGCTAGCGAGTG-1,0,31,127,19147,41989
CCATACTCGCCTCTCC-1,0,32,0,19640,5059
ACGATACCTATCCTGA-1,0,33,1,20146,5349
CTCACCAGTACAAGTG-1,0,32,2,19640,5640
CGAAGACGGTGAGTGC-1,0,33,3,20146,5931
AAATTAATAAGCGCGA-1,0,32,4,19641,6222
GGGCCCTTATCTATAC-1,1,33,5,20147,6512
CTGCCCACGAAGCGTT-1,1,32,6,19641,6803
GGACAAGTTGCAGTGA-1,1,33,7,20147,7094
GTCCGAGAGCAATCAT-1,1,32,8,19641,7385
ATGGCAGCCGAGAAAC-1,1,33,9,20147,7675
CCTCGGATGCTACCTG-1,1,32,10,19641,7966
ATACGGTGAAGATGCA-1,1,33,11,20147,8257
ACATCAGCTGGGACGC-1,1,32,12,19641,8548
GGTTGTGTAGCCTGGC-1,1,33,13,20147,8839
CCTGCGTTCTACGCTT-1,1,32,14,19642,9130
GAACGTTAGGAAGACG-1,1,33,15,20148,9420
CTGATAGTGTATCTCA-1,1,32,16,19642,9711
TTCTGCGAGCGCCCTT-1,1,33,17,20148,10002
CTTTGGCGCTTTATAC-1,1,32,18,19642,10293
TCCGAACTTGGCTTAC-1,1,33,19,20148,10583
TAGATTCCTGGTTATT-1,1,32,20,19642,10874
CCGACAAAGGGAGTGC-1,1,33,21,20148,11165
CCATGGCCCTTGTACC-1,1,32,22,19642,11456
GAAATATCACCATCAG-1,1,33,23,20148,11746
ACGAAATGGGCGGCAC-1,1,32,24,19643,12037
GTGAGCGTGCTGCACT-1,1,33,25,20149,12328
CCGCGGGTACGAAGAA-1,1,32,26,19643,12619
TCCCTGGCTCGCTGGA-1,1,33,27,20149,12910
CAGCTTAGTAGGTAGC-1,1,32,28,19643,13201
CACGAAAGTTAGTCCC-1,1,33,29,20149,13491
ACCTAATCGACTTCCT-1,1,32,30,19643,13782
AAGTAGTGACGCGAGG-1,1,33,31,20149,14073
TCCGATTACATTGCCG-1,1,32,32,19643,14364
CCTCCGACAATTCAAG-1,1,33,33,20150,14654
GTTCACAGGAGTCTAG-1,1,32,34,19644,14945
CGAAGTTGCTCTGTGT-1,1,33,35,20150,15236
GTCGGATATCTCAGAC-1,1,32,36,19644,15527
CGCTCTCCGTAGATTA-1,1,33,37,20150,15817
CAAGCAACGTCGGAGT-1,1,32,38,19644,16108
CCATTCCCTGCCCACA-1,1,33,39,20150,16399
CTTTGGCTTTAGTAAA-1,1,32,40,19644,16690
GGCTATTAAGTTGTAT-1,1,33,41,20150,16981
CCATTAGCGATAATCC-1,1,32,42,19644,17272
TGTTCTTCCATTGACT-1,1,33,43,20151,17562
AGATAACTTCAGGGCC-1,1,32,44,19645,17853
ATAGACGAAGAGAAAG-1,1,33,45,20151,18144
GGCGGAGTAATATTAG-1,1,32,46,19645,18435
TGACCCACGTTAGACA-1,1,33,47,20151,18725
TCACAGGTTATTGGGC-1,1,32,48,19645,19016
TCACGCATTGTAGATC-1,1,33,49,20151,19307
TTGAAGAATTCCCAGG-1,1,32,50,19645,19598
AAATGGTCAATGTGCC-1,1,33,51,20151,19888
TAGTGCCCTCCAGAGT-1,1,32,52,19645,20179
GGTATTGCCGAGTTTA-1,1,33,53,20152,20470
CGTATTAAGAGATCTA-1,1,32,54,19646,20761
ACTGTCCAGGATTATA-1,1,33,55,20152,21052
CGGGCAGCTAAACCGC-1,1,32,56,19646,21343
TTGCTGATCATGTTCG-1,1,33,57,20152,21633
TATGGGTACGTATCGT-1,1,32,58,19646,21924
CAGCTCACTGAGACAT-1,1,33,59,20152,22215
GGGACTGCATAGATAG-1,1,32,60,19646,22506
ACGCATTCGTGAGTAC-1,1,33,61,20152,22796
CTCTGGACGCCTGGTG-1,1,32,62,19647,23087
AGGGTTTAGTTCGGGA-1,1,33,63,20153,23378
GGGAGAACTCACAGTA-1,1,32,64,19647,23669
ATCAATCTGGGCTGCA-1,1,33,65,20153,23959
TCTTCGATACCAATAA-1,1,32,66,19647,24250
ACGTAGATTGCTGATG-1,1,33,67,20153,24541
TCTTGATGCGTAGCGA-1,1,32,68,19647,24832
GGGCTGCCTAGGGCGA-1,1,33,69,20153,25123
CTCTCACAATCGATGA-1,1,32,70,19647,25414
CCAAGCGTAACTCGTA-1,1,33,71,20153,25704
ACAACAGCATGAGCTA-1,1,32,72,19648,25995
GTCCCAACGTAAAGTA-1,1,33,73,20154,26286
TCGGAGTACATGAGTA-1,1,32,74,19648,26577
GGGAGTTAATGAGGCG-1,1,33,75,20154,26867
CCGGGCGGTCTCGTCA-1,1,32,76,19648,27158
CCGTAAGTTGGTCCCA-1,1,33,77,20154,27449
GGAGGGCTTGGTTGGC-1,1,32,78,19648,27740
TCGGACGCCCAGCCCA-1,1,33,79,20154,28030
TCTGTGCCATCATAGT-1,1,32,80,19648,28321
GTACTGGAGTTAGACC-1,1,33,81,20154,28612
GGAATGCGCTAGCGTG-1,1,32,82,19649,28903
GTGTGAATAACTTAGG-1,1,33,83,20155,29194
GGTCGGCCAGGAGCTT-1,1,32,84,19649,29485
TAGCCGGCGGTCAGCG-1,1,33,85,20155,29775
CGGGTGTACCCATTTA-1,1,32,86,19649,30066
AGTGATTCAAGCAGGA-1,1,33,87,20155,30357
GTTGGATTGAGAACAC-1,1,32,88,19649,30648
CACACGCGCTGTCTTA-1,1,33,89,20155,30938
TAGACGCCCGTACCGG-1,1,32,90,19649,31229
GGTTTCAATCGGTCAG-1,1,33,91,20155,31520
AATCTGCGTTGGGACG-1,1,32,92,19650,31811
TTACGGATGGTTCGAG-1,1,33,93,20156,32101
CGGCAGGGTCGGGTTG-1,1,32,94,19650,32392
GCTTTCAGAGGAGGTG-1,1,33,95,20156,32683
TCTTCCCATGGGCACA-1,1,32,96,19650,32974
TACCGCGGACTTGCAG-1,1,33,97,20156,33265
AGAATTATGGATTCGA-1,1,32,98,19650,33556
ATTGATGAGTCCTAAC-1,1,33,99,20156,33846
TAGGTCGCCGGAACTG-1,0,32,100,19650,34137
TAACCTACCGTCCGAG-1,1,33,101,20156,34428
CTTAGTAGGCCTACAG-1,0,32,102,19651,34719
CTAGATGTGAGTGTAA-1,0,33,103,20157,35009
ACTCCCGAATTCGTTT-1,0,32,104,19651,35300
GTTCATCGTTTGGCTG-1,0,33,105,20157,35591
ACTTTACCCTCATGAA-1,0,32,106,19651,35882
GCGAGAGTTGCGTCCA-1,0,33,107,20157,36172
GTTCGGGCGTACCATT-1,0,32,108,19651,36463
CGACTTTGTATAGCCT-1,0,33,109,20157,36754
GCCATCGATGCTGCAT-1,0,32,110,19651,37045
GCATTTCCAAGGCTCC-1,0,33,111,20157,37336
ATGTAAGGCTGCTCTT-1,0,32,112,19652,37627
ACGTTCGCAATCAATT-1,0,33,113,20158,37917
GTGACGAGGGTGACCC-1,0,32,114,19652,38208
ATTATAGCTACTTTAC-1,0,33,115,20158,38499
CGTGTGTTAAACCCTG-1,0,32,116,19652,38790
TTGGTATGGCTTGTGT-1,0,33,117,20158,39080
CATTCCCATTCCGTCG-1,0,32,118,19652,39371
TGCCGAAAGCGTATTC-1,0,33,119,20158,39662
CAACACATCTCCTGCC-1,0,32,120,19652,39953
CTGCCTCATATGCAAC-1,0,33,121,20158,40243
TCCCGCCTATGTGCGT-1,0,32,122,19653,40534
GGTTACCCGACACTTT-1,0,33,123,20159,40825
CCAGCGGGATCACCAG-1,0,32,124,19653,41116
ATGTTTCGGCCCGGAG-1,0,33,125,20159,41407
GCGTCTAACCTCCTAA-1,0,32,126,19653,41698
ATCAGGTAGCTGACAG-1,0,33,127,20159,41988
GGTATGAAAGAACTGA-1,0,34,0,20652,5058
GTGGCCTAATATCATT-1,0,35,1,21158,5349
CCTGTGAAACCGTAAC-1,0,34,2,20652,5640
GGCAGAGAGATCGGGA-1,0,35,3,21158,5930
TAGCGTCGAATATTGA-1,0,34,4,20653,6221
CGCCGACTATTCGCTA-1,1,35,5,21159,6512
TCTGGCGCAAGCCGGG-1,1,34,6,20653,6803
AGTGGTTGCGTATAGG-1,1,35,7,21159,7093
ATCGGTTACCTAGTAA-1,1,34,8,20653,7384
CCTGCCCGTTGTCTAG-1,1,35,9,21159,7675
GCACACGCCCATGGTC-1,1,34,10,20653,7966
AGTACGGCCCGTATCG-1,1,35,11,21159,8257
TATCTAGCCTAAAGGA-1,1,34,12,20653,8548
CACTCGGTTAGGAGGA-1,1,35,13,21159,8838
ATGTTCGTCGACCCAC-1,1,34,14,20654,9129
TTCCTCTGCCCGAATA-1,1,35,15,21160,9420
TTACTATCGGCTTCTC-1,1,34,16,20654,9711
GCCGCATTAGTCCGGC-1,1,35,17,21160,10001
TAAGGGCTGGGAGAGG-1,1,34,18,20654,10292
TAAGCAGGCGACACGC-1,1,35,19,21160,10583
AGCACTACCGGCCTGT-1,1,34,20,20654,10874
GAAAGCCCTTTGGACC-1,1,35,21,21160,11165
GACCGACTGAAGCGTC-1,1,34,22,20654,11455
CGGTGAAGACTAAAGT-1,1,35,23,21160,11746
CCCTGCGCTACGCATA-1,1,34,24,20655,12037
TACTGGACAGCTCGGC-1,1,35,25,21161,12328
TTAGTAGGGCGGCGGG-1,1,34,26,20655,12619
GAGGCTATCAAAGTCG-1,1,35,27,21161,12909
TTACCATTGATTACCC-1,1,34,28,20655,13200
ATACCACGGGCAACTT-1,1,35,29,21161,13491
TGTCCTAAGTCACCGC-1,1,34,30,20655,13782
AGGTAGGTACAAAGCT-1,1,35,31,21161,14072
GGCATACAGGTAGCGG-1,1,34,32,20655,14363
TGTAGTGATCTATAAT-1,1,35,33,21161,14654
TCCCGGGTGTGCTGCT-1,1,34,34,20656,14945
TACGATGTTGATCATC-1,1,35,35,21162,15236
CCTCTCTCCCATCTAG-1,1,34,36,20656,15526
GCAGGACTATAGAATA-1,1,35,37,21162,15817
CTAGTGAAGGACAGGA-1,1,34,38,20656,16108
TACGAGAACTTCACGT-1,1,35,39,21162,16399
CGTTGTTTCAATTCCC-1,1,34,40,20656,16690
GCAAATATTACGCTTT-1,1,35,41,21162,16980
CCAATAGTGCCGTCGA-1,1,34,42,20656,17271
ATTGCTGCTCCTCCAT-1,1,35,43,21162,17562
GAGATCTGCTTGGCAT-1,1,34,44,20657,17853
GCCGAAATTCCTACGT-1,1,35,45,21163,18143
GGCACTCCACTGGGCA-1,1,34,46,20657,18434
GGGTCACCGTGACGGT-1,1,35,47,21163,18725
CACTTAATCAGACGGA-1,1,34,48,20657,19016
CGTTTCGCTCATTACA-1,1,35,49,21163,19307
ATAAAGGCTCGGTCGT-1,1,34,50,20657,19597
CACTAAAGTTGCCTAT-1,1,35,51,21163,19888
GTGCTCAAGTACTGTC-1,1,34,52,20657,20179
CCATGCCTGTTTAGTA-1,1,35,53,21163,20470
TCTAGTTATCAGAAGA-1,1,34,54,20658,20761
TTGTAATCCGTACTCG-1,1,35,55,21164,21051
TCCCAGCTTTAGTCTG-1,1,34,56,20658,21342
CTACGCACGGAGTACC-1,1,35,57,21164,21633
AAATTAACGGGTAGCT-1,1,34,58,20658,21924
CGGCCACGCACAAAGT-1,1,35,59,21164,22214
GAAGCGTGAGGAATTT-1,1,34,60,20658,22505
ATATCTTAGGGCCTTC-1,1,35,61,21164,22796
ACGCGGGCCAAGGACA-1,1,34,62,20658,23087
GCGAGTTCTGCAAAGA-1,1,35,63,21165,23378
TATTCGTGCCAGAATA-1,1,34,64,20659,23668
AGGGCTGCAGTTACAG-1,1,35,65,21165,23959
CTAGCATAGTATAATG-1,1,34,66,20659,24250
TAGGTTCGAGTTCGTC-1,1,35,67,21165,24541
GAATTATAGTGAAAGG-1,1,34,68,20659,24832
CTATCGGGTCTCAACA-1,1,35,69,21165,25122
GCGCTAATTGAATAGA-1,1,34,70,20659,25413
ATGCGACAGTCCCATT-1,1,35,71,21165,25704
GGTAGTGCTCGCACCA-1,1,34,72,20659,25995
AAGCTCGTGCCAAGTC-1,1,35,73,21166,26285
TATTCAATTCTAATCC-1,1,34,74,20660,26576
TTCAAAGTCTCTAGCC-1,1,35,75,21166,26867
TTGAATATGGACTTTC-1,1,34,76,20660,27158
AAGAGCTCTTTATCGG-1,1,35,77,21166,27449
TTACTCCGGCCGGGAA-1,1,34,78,20660,27739
AAACGAGACGGTTGAT-1,1,35,79,21166,28030
GCTAAGTAGTTTCTCT-1,1,34,80,20660,28321
ATAACGCCGGAGGGTC-1,1,35,81,21166,28612
GGATCCGGAATATACT-1,1,34,82,20660,28903
TGAAAGGACCTGACTC-1,1,35,83,21167,29193
TCCGCGGCAGCATCTG-1,1,34,84,20661,29484
TGCATATGTCTGTCAC-1,1,35,85,21167,29775
TGTAGGAGAAATTTCC-1,1,34,86,20661,30066
AGTGAGACTTCCAGTA-1,1,35,87,21167,30356
CCCAAACATGCTGCTC-1,1,34,88,20661,30647
GCTTATGAAGCAGGAA-1,1,35,89,21167,30938
TTCTAACCGAAGCTTA-1,1,34,90,20661,31229
GGATGTCCTTACCGCA-1,1,35,91,21167,31520
AGGGTGCTCTCGAGGG-1,1,34,92,20661,31811
AACTCTCAATAGAGCG-1,1,35,93,21168,32101
TCTGAATTCCGTACAA-1,1,34,94,20662,32392
GCGTGGTACTGGGTTA-1,1,35,95,21168,32683
CGTCGGATAGTGTTGA-1,1,34,96,20662,32974
ATATGTCTCCCTAGCC-1,1,35,97,21168,33264
TCTTTAAGACTATGAA-1,1,34,98,20662,33555
TCATTTAAGTCTCCGA-1,1,35,99,21168,33846
GATATTGAGATTGGCG-1,1,34,100,20662,34137
TGACATCGAGCGGACC-1,1,35,101,21168,34427
GCGTAAATGGCCATAA-1,1,34,102,20663,34718
ATTGTACAACTCGGCT-1,1,35,103,21169,35009
TACGCTATAGAAACCT-1,0,34,104,20663,35300
CACCCAAATCTTATGT-1,0,35,105,21169,35591
AGATGATGGAGTCTGG-1,0,34,106,20663,35882
CCACGGTGCCCGGTAG-1,0,35,107,21169,36172
TCAAGAAATACTAGCT-1,0,34,108,20663,36463
AGGTATAATTGATAGT-1,0,35,109,21169,36754
CAAGGTCCTATAGGCT-1,0,34,110,20663,37045
CCGGCACGACCGTTTC-1,0,35,111,21169,37335
ACCTCCGTTATTCACC-1,0,34,112,20664,37626
GCAGCCTATATCACAT-1,0,35,113,21170,37917
GGTATAGTGACACATA-1,0,34,114,20664,38208
AAATTCCAGGTCCAAA-1,0,35,115,21170,38498
TCTTTAGCAGGCGAAC-1,0,34,116,20664,38789
TATTGACATTTCTGCC-1,0,35,117,21170,39080
TCTGATCGGGTGCTAG-1,0,34,118,20664,39371
GGCCCGGAGCATGTCT-1,0,35,119,21170,39662
GGGCGCAGCGTTACTC-1,0,34,120,20664,39953
TTGGCGATCCGAATAT-1,0,35,121,21170,40243
CCACGTAAATTAGACT-1,0,34,122,20665,40534
TCTGATTGGAAATGGA-1,0,35,123,21171,40825
ATGGCGGAATAGTCGC-1,0,34,124,20665,41116
ATCGCTTTACGTCTCA-1,0,35,125,21171,41406
TACGTGCAAGGTTCCT-1,0,34,126,20665,41697
CAGGACAGCTGCCCTT-1,0,35,127,21171,41988
CAAACCAGGTCTGCAT-1,0,36,0,21664,5058
ACAAGCTATATGGAAG-1,0,37,1,22170,5348
TCGCCCACTGCGAGAG-1,0,36,2,21664,5639
AGCCGCAAATTCAAAT-1,0,37,3,22170,5930
TTAACGTTAAAGCCTG-1,1,36,4,21664,6221
CAGCGCCAACACGATA-1,1,37,5,22171,6512
ATCCAATGGTACCGAA-1,1,36,6,21665,6803
GTGCTGCAGATAAGGA-1,1,37,7,22171,7093
GGCCTTTGCAACTGGC-1,1,36,8,21665,7384
GTCGTACCTACGATTG-1,1,37,9,22171,7675
TAGAAATTCACGTATA-1,1,36,10,21665,7966
AGAATAAATCTTCAGG-1,1,37,11,22171,8256
CATTGCGAAATGGGCG-1,1,36,12,21665,8547
GTCTACTCAATTACAA-1,1,37,13,22171,8838
TGTAATGACCACAATA-1,1,36,14,21665,9129
AAAGTCGACCCTCAGT-1,1,37,15,22172,9419
TACTCGGCACGCCGGG-1,1,36,16,21666,9710
AGGTGTATCGCCATGA-1,1,37,17,22172,10001
TGTGCTTTACGTAAGA-1,1,36,18,21666,10292
AAACCTCATGAAGTTG-1,1,37,19,22172,10583
TATAGGGTACTCATGA-1,1,36,20,21666,10874
CCAGCTGATGGTACTT-1,1,37,21,22172,11164
AATATTGGAGTATTGA-1,1,36,22,21666,11455
GGCCCTCACCCACTTA-1,1,37,23,22172,11746
AACCAAGACTTCTCTG-1,1,36,24,21667,12037
TCGTATTACCCATTGC-1,1,37,25,22173,12327
ATTCGACGCCGGGCCT-1,1,36,26,21667,12618
GGCGCAGGACATCTTC-1,1,37,27,22173,12909
GTACTCCCTTATCGCT-1,1,36,28,21667,13200
TGGTCTGTTGGGCGTA-1,1,37,29,22173,13490
AATAACAACGCTCGGC-1,1,36,30,21667,13781
CATACCCGTACCCAGT-1,1,37,31,22173,14072
ACAATCCATTTAAACC-1,1,36,32,21667,14363
GTTACAATTGGTGACG-1,1,37,33,22173,14654
TTGCCCTGATCACGGG-1,1,36,34,21668,14945
CTAACCGCGCGCCCGT-1,1,37,35,22174,15235
CTAAAGAATGCCTACT-1,1,36,36,21668,15526
ACCCATCTTGAGGGTA-1,1,37,37,22174,15817
GATCTTTGCAGGGTAT-1,1,36,38,21668,16108
GGGTACTTCATGAACT-1,1,37,39,22174,16398
GCCGCTTGTGAGAAAC-1,1,36,40,21668,16689
CCTGTAAGACATGATA-1,1,37,41,22174,16980
CGACAGTTCGCGTTAT-1,1,36,42,21668,17271
ACGATGCATATGTTAT-1,1,37,43,22174,17561
TGTTCCGCTTCCATGA-1,1,36,44,21669,17852
GGATGACGCGAGTTTA-1,1,37,45,22175,18143
GAAGTTTCCACTCAAT-1,1,36,46,21669,18434
GCGAGGCCCGAGCAGA-1,1,37,47,22175,18725
CATACTATGTAATTGT-1,1,36,48,21669,19016
CCAATGTCACAGCAAG-1,1,37,49,22175,19306
GTTGGATTTGCGTTGG-1,1,36,50,21669,19597
GGGAGGATGCCCGAAA-1,1,37,51,22175,19888
GATCGCGGGCTCTCCA-1,1,36,52,21669,20179
GTTCGCCATAAGTGCC-1,1,37,53,22175,20469
AGATTATAGGACGTTT-1,1,36,54,21670,20760
TCGAGACCAACACCGT-1,1,37,55,22176,21051
TATGGGACCGAGCAGG-1,1,36,56,21670,21342
GATGCGTCCTGCATTC-1,1,37,57,22176,21632
TATGGTCTGAGTAACA-1,1,36,58,21670,21923
GCATAGAGCACTCAGG-1,1,37,59,22176,22214
CTTCATTGTCAGTGGA-1,1,36,60,21670,22505
GCAGATTAGGGATATC-1,1,37,61,22176,22796
CCTGTCGCCCGTAAAT-1,1,36,62,21670,23087
CAATTTCGTATAAGGG-1,1,37,63,22176,23377
GTACACTTACCTGAAG-1,1,36,64,21671,23668
CCAGCCTGGACCAATA-1,1,37,65,22177,23959
ATGGAGCAGGCCGTGA-1,1,36,66,21671,24250
GTCATTAGAGCGAACG-1,1,37,67,22177,24540
AAGACTGCAAGCTACT-1,1,36,68,21671,24831
CTAGTCACGTCTTAAG-1,1,37,69,22177,25122
ACTCTTGTATAGTAAC-1,1,36,70,21671,25413
ATTAGGCGATGCTTTC-1,1,37,71,22177,25703
TTCGGGACTAATCGCG-1,1,36,72,21671,25994
TGGACTGTTCGCTCAA-1,1,37,73,22177,26285
AACGTGCGAAAGTCTC-1,1,36,74,21672,26576
CCACCCAAGGAAAGTG-1,1,37,75,22178,26867
CCGCACAAAGACCAAC-1,1,36,76,21672,27158
GCGATTGTTAACGTTA-1,1,37,77,22178,27448
ACTCGTCAGTAATCCC-1,1,36,78,21672,27739
GGTGATAAGGAGCAGT-1,1,37,79,22178,28030
AAGAGGCATGGATCGC-1,1,36,80,21672,28321
CACGTTCGTGCTCTAG-1,1,37,81,22178,28611
CTATTTGGTTACGGAT-1,1,36,82,21672,28902
GTACAGAGGCAAGGGT-1,1,37,83,22178,29193
GGGCCGGCCGAAGTAC-1,1,36,84,21673,29484
CCTGAACGATATATTC-1,1,37,85,22179,29774
CCGGGCTGCTCCATAC-1,1,36,86,21673,30065
TACTTGTTAGTAGTCC-1,1,37,87,22179,30356
CCTAGGCGTAGCGATC-1,1,36,88,21673,30647
CTGGCGCACAGGTCTG-1,1,37,89,22179,30938
ACTTATACTTACCCGG-1,1,36,90,21673,31229
GAAGTCTCCCTAGCGA-1,1,37,91,22179,31519
ACCGATGGTAGCATCG-1,1,36,92,21673,31810
CGAGTTTATCGGACTG-1,1,37,93,22180,32101
CATAACGGACAGTCGT-1,1,36,94,21674,32392
TGACGATGCACTAGAA-1,1,37,95,22180,32682
TAGGGAGCTTGGGATG-1,1,36,96,21674,32973
AGGGTCGATGCGAACT-1,1,37,97,22180,33264
TATATCCCTGGGAGGA-1,1,36,98,21674,33555
CATCTTACACCACCTC-1,1,37,99,22180,33845
GTGCGACAGGGAGTGT-1,1,36,100,21674,34136
CCGATCTCAACCTTAT-1,1,37,101,22180,34427
ACGATCATCTTGTAAA-1,1,36,102,21674,34718
GAAAGAACAGCGTTAT-1,1,37,103,22181,35009
CTAGGTCTGAAGGAAT-1,1,36,104,21675,35300
ATATCAACCTACAGAG-1,1,37,105,22181,35590
AAATAGCTTAGACTTT-1,0,36,106,21675,35881
GCGACATGTAAACATC-1,1,37,107,22181,36172
ATAAGTAGGGCGACTC-1,0,36,108,21675,36463
GCGAGCGCATGCTCCC-1,0,37,109,22181,36753
AGGGACCGGCTGCGTT-1,0,36,110,21675,37044
CCTATGAAGTGGTGCC-1,0,37,111,22181,37335
GCTTACGTAGTTAGTA-1,0,36,112,21675,37626
CATACTTAGGCAATAC-1,0,37,113,22182,37916
CCTGTCCCTCACGTTA-1,0,36,114,21676,38207
CAATGTGCCAACCCTT-1,0,37,115,22182,38498
GTTAAGTTAGAGTGGG-1,0,36,116,21676,38789
CTGGGATACGCTACCC-1,0,37,117,22182,39080
AACCTGTCACGGAATT-1,0,36,118,21676,39371
ACTGCGGACACACCGT-1,0,37,119,22182,39661
CCGTGAGGCATTCATG-1,0,36,120,21676,39952
GCCCAGATGCTGGAGA-1,0,37,121,22182,40243
TCTGGCCGTTCAAGTT-1,0,36,122,21676,40534
ATACGAAGGCTTTCCA-1,0,37,123,22183,40824
GATCCGAATATAAGTG-1,0,36,124,21677,41115
GTGGAGCATGTCGGCC-1,0,37,125,22183,41406
ACTCTTCAGCTCCCGC-1,0,36,126,21677,41697
CCCGATAGCCTCGCCT-1,0,37,127,22183,41987
ACAGGTGTGTTGTTGC-1,0,38,0,22676,5057
TGAACTGCTATGACTT-1,0,39,1,23182,5348
TGACATATATGACGAT-1,0,38,2,22676,5639
AAGTCTTCTGTGGCCT-1,0,39,3,23182,5930
ACCAGACCATAACAAC-1,1,38,4,22676,6221
TGAGACGTACCTCTCA-1,1,39,5,23182,6511
GACCGTTACATGCGAC-1,1,38,6,22677,6802
GGTTCGGATTATACTA-1,1,39,7,23183,7093
CCTCCTGAGCCCACAT-1,1,38,8,22677,7384
CCGCGATTTGGTAGGT-1,1,39,9,23183,7674
AATCTCTACTGTGGTT-1,1,38,10,22677,7965
ACTTTGACTGCATCCT-1,1,39,11,23183,8256
CCCTGACTAACAAATT-1,1,38,12,22677,8547
ACGCTGTGAGGCGTAG-1,1,39,13,23183,8838
GCATACGAGGTCTTTA-1,1,38,14,22677,9128
TCGGGATTCAAACATA-1,1,39,15,23183,9419
GGGCCCTACGAAAGGG-1,1,38,16,22678,9710
CGCCAAGAAGCCGAGT-1,1,39,17,23184,10001
GGTACATCTGGGACGA-1,1,38,18,22678,10292
GGATGCTGGCGTTCCT-1,1,39,19,23184,10582
CCGATTCGAGGGACCC-1,1,38,20,22678,10873
CCACTGGTGGCTGGTT-1,1,39,21,23184,11164
GACAGGCACACACTAT-1,1,38,22,22678,11455
TCAACGCGACCGGCAG-1,1,39,23,23184,11745
CTACGACTAGCTATAA-1,1,38,24,22678,12036
CGGTTGACCTGGCATA-1,1,39,25,23185,12327
ATCCTGAATCGCTGCG-1,1,38,26,22679,12618
GTTTCATATCGTCGCT-1,1,39,27,23185,12909
ATAAATATTAGCAGCT-1,1,38,28,22679,13199
AAGAGGATGTACGCGA-1,1,39,29,23185,13490
TCCTGCGTTGATACTC-1,1,38,30,22679,13781
CGTGCATTGTCGACGC-1,1,39,31,23185,14072
CCGGGTTCGAGGTTAC-1,1,38,32,22679,14363
CCCAATTTCACAACTT-1,1,39,33,23185,14653
TGATTTATTAGCTGTG-1,1,38,34,22679,14944
TGGAAGAAGGGAACGT-1,1,39,35,23186,15235
GACGCTTGCTTCTAAA-1,1,38,36,22680,15526
GGGAACGGGAGGTTAG-1,1,39,37,23186,15816
GCGGCTCTGACGTACC-1,1,38,38,22680,16107
ACGTTAGATTTGCCCG-1,1,39,39,23186,16398
GAGAGGGCGCGAGGTT-1,1,38,40,22680,16689
GCGTCTCTGCATTGGG-1,1,39,41,23186,16980
GCAGCACACAGCCCAG-1,1,38,42,22680,17270
CAGGCCGTTTGGGTGT-1,1,39,43,23186,17561
AACTCAAGTTAATTGC-1,1,38,44,22680,17852
CTTCGTAGATAGGTGA-1,1,39,45,23187,18143
TGCAGAGTACCGAGCA-1,1,38,46,22681,18434
GAAGTGATTTATCGTG-1,1,39,47,23187,18724
CGCTACGGGACATTTA-1,1,38,48,22681,19015
CCACACTGAGATATTA-1,1,39,49,23187,19306
CGATCCGACCCAGTGC-1,1,38,50,22681,19597
CTGTACTTCTTAGCAT-1,1,39,51,23187,19887
ACTTATTAGGATCGGT-1,1,38,52,22681,20178
TAGTCCGCAGAGAATG-1,1,39,53,23187,20469
TTCACGAAAGGATCAC-1,1,38,54,22681,20760
TACATTTCTAACGTGC-1,1,39,55,23188,21051
ACCATATCCGCAATAA-1,1,38,56,22682,21341
CACTCAAGAGCTATGG-1,1,39,57,23188,21632
TGTACGAACAAATCCG-1,1,38,58,22682,21923
ATCATCCAATATTTGT-1,1,39,59,23188,22214
CGCTATTCTTAGGCTC-1,1,38,60,22682,22505
TGGCAGCAGTAATAGT-1,1,39,61,23188,22795
TCACGTGCCCGATTCA-1,1,38,62,22682,23086
CATACGGCGTCTGGGC-1,1,39,63,23188,23377
CACATGATTCAGCAAC-1,1,38,64,22683,23668
GCTAGTAGAGCTTGTA-1,1,39,65,23189,23958
TGCTGTTGAAGAACTC-1,1,38,66,22683,24249
CGGAGCATGGCGATCC-1,1,39,67,23189,24540
TAGCGTTGGGTCTTAC-1,1,38,68,22683,24831
GTAGCGGCTATACACT-1,1,39,69,23189,25122
TAACATACAATGTGGG-1,1,38,70,22683,25412
TCTTCGAATAGACGTT-1,1,39,71,23189,25703
GATCGTGACTGATATC-1,1,38,72,22683,25994
GATCCGGGAATTAACA-1,0,39,73,23189,26285
TTATATACGCTGTCAC-1,1,38,74,22684,26576
GTCGCGTAACCCGTTG-1,1,39,75,23190,26866
AGCTCTAGACGTTCCA-1,1,38,76,22684,27157
GTCAAGCGGACTCGGG-1,1,39,77,23190,27448
CGAGGGACTGCGGTCG-1,1,38,78,22684,27739
AATCGCCTCAGCGCCA-1,1,39,79,23190,28029
CTTGTTGCTGAGTCAA-1,1,38,80,22684,28320
GATATGAGACACTAAC-1,1,39,81,23190,28611
TTATGATCTTAACGAA-1,1,38,82,22684,28902
CGCCGCCCATGCCTGT-1,1,39,83,23190,29193
CTGGGATAAATAATGG-1,1,38,84,22685,29484
GTGCCCGTTCGGATTC-1,1,39,85,23191,29774
TTCAATACTCTGAATC-1,1,38,86,22685,30065
CGCACATGTCCACTAC-1,1,39,87,23191,30356
AGAAGAGCGCCGTTCC-1,1,38,88,22685,30647
GATAACTCGCACTGTG-1,1,39,89,23191,30937
AGTCGACGGTCTCAAG-1,1,38,90,22685,31228
GTGACCGCACACTACG-1,1,39,91,23191,31519
GTATGTGGGTCTAGTT-1,1,38,92,22685,31810
CTTGAGTTAGGGTAAT-1,1,39,93,23191,32100
TTAGCTGATTTGCCGT-1,1,38,94,22686,32391
GCTGTTGCTACCGAAC-1,1,39,95,23192,32682
TATTACCATCCTGCTT-1,1,38,96,22686,32973
TTGAATTCACGTGAGG-1,1,39,97,23192,33264
CCATCTCACCAGTGAA-1,1,38,98,22686,33555
CGCACGTGCGCTATCA-1,1,39,99,23192,33845
ACCCGGATGACGCATC-1,1,38,100,22686,34136
CGCTAGAGACCGCTGC-1,1,39,101,23192,34427
ATAGTTCCACCCACTC-1,1,38,102,22686,34718
GCAGACCCAGCACGTA-1,1,39,103,23192,35008
TAGACTACCTAGCGTT-1,1,38,104,22687,35299
GGTTCTACTCGTCTGA-1,1,39,105,23193,35590
GACTCACCCACGTGAG-1,1,38,106,22687,35881
AGCTCTTCGTAACCTT-1,1,39,107,23193,36171
ACTATCCAGGGCATGG-1,0,38,108,22687,36462
AAGGATCGATCGCTTG-1,0,39,109,23193,36753
ATATCGGTAGGGAGAT-1,0,38,110,22687,37044
TTCCAGACGAGATTTA-1,0,39,111,23193,37335
GACCGACGTGAAAGCA-1,0,38,112,22687,37626
CCTGGAAACGTTCTGC-1,0,39,113,23193,37916
CCGGTAATGGCTAGTC-1,0,38,114,22688,38207
GCCGTGGAAGAAATGT-1,0,39,115,23194,38498
GTCTTGAGGAGCAGTG-1,0,38,116,22688,38789
TCCCAAAGCCCTAAAT-1,0,39,117,23194,39079
TTGAGCGCCACGTGAT-1,0,38,118,22688,39370
TTGAGTCCCGCTGCTG-1,0,39,119,23194,39661
ATGGAACCTTTGCACA-1,0,38,120,22688,39952
GCTAGCACCTGGGCCA-1,0,39,121,23194,40242
CGCCGTCTACCCATCG-1,0,38,122,22688,40533
GATAGGTGTCCCGGGC-1,0,39,123,23195,40824
AGGTATGCGGACATTA-1,0,38,124,22689,41115
TTGGTTCGCTCAAAGG-1,0,39,125,23195,41406
TCTGGAGCGTAAGAGT-1,0,38,126,22689,41697
TGCCTAAATTTAATAG-1,0,39,127,23195,41987
TAATTTCCGTCCAGTA-1,0,40,0,23688,5057
TCCTTCAATCCCTACG-1,0,41,1,24194,5348
TACCTATCCCTAGAGG-1,0,40,2,23688,5639
GCATGGGTACTGACGC-1,1,41,3,24194,5929
GTCGGGAACATGGTAG-1,1,40,4,23688,6220
GCAAATGAGGACACTT-1,1,41,5,24194,6511
GAATGGGCTTATCGAC-1,1,40,6,23689,6802
TGGTCGTGCAAGGCAA-1,1,41,7,24195,7092
CACCACGCCACACAGA-1,1,40,8,23689,7383
GAACCTCGACCTACAC-1,1,41,9,24195,7674
CAATACGCTCTGAGGC-1,1,40,10,23689,7965
TGGTAAGCAGGATTGA-1,1,41,11,24195,8256
AGTGGCTCCGTCGGCC-1,1,40,12,23689,8547
GATCGGATAGAACCAT-1,1,41,13,24195,8837
GCTACAGTACGGACCG-1,1,40,14,23689,9128
TCTATTACTAGAGGAT-1,1,41,15,24195,9419
TTCAGGCGTCAAAGCC-1,1,40,16,23690,9710
AGACCGGGAAACCCTG-1,1,41,17,24196,10000
AGAGATCTCTAAAGCG-1,1,40,18,23690,10291
CCCTGCCCAATCCGCT-1,1,41,19,24196,10582
GTGGCGGTCCCAGCGT-1,1,40,20,23690,10873
GCATTGTAATTCATAT-1,1,41,21,24196,11163
CCGTTCCGAATCTCGG-1,1,40,22,23690,11454
AGCTTGATCTTAACTT-1,1,41,23,24196,11745
CCTGTACTCACGCCCA-1,1,40,24,23690,12036
AAGTGACGACCGAATT-1,1,41,25,24196,12327
CTCACTTGGCTGGTAA-1,1,40,26,23691,12618
CGCCTGGCCTACGTAA-1,1,41,27,24197,12908
CCCGTAAGTCTAGGCC-1,1,40,28,23691,13199
TTGGACATGTGGCTTA-1,1,41,29,24197,13490
ATTACGCGCTGGCAGG-1,1,40,30,23691,13781
ACGCGCTACACAGGGT-1,1,41,31,24197,14071
TACGTTTACCGGCAAT-1,1,40,32,23691,14362
CGAAACGCAATTCATG-1,1,41,33,24197,14653
TAGTCTAACAACGAGA-1,1,40,34,23691,14944
TTGCATGCTGATCACG-1,1,41,35,24197,15234
TCTGGGTAGCGCTCAT-1,1,40,36,23692,15525
ACATCGGTCAGCCGCG-1,1,41,37,24198,15816
AGATACCGGTGTTCAC-1,1,40,38,23692,16107
GATTACTGAATTTGGG-1,1,41,39,24198,16398
TCCAACTTTAAATTCT-1,1,40,40,23692,16689
TCCTAGCAAAGAAGCT-1,1,41,41,24198,16979
GTCTATCTGAGTTTCT-1,1,40,42,23692,17270
GATGTTCAATCCACGA-1,1,41,43,24198,17561
AGTTAAACACTTGCGA-1,1,40,44,23692,17852
AGCTCTTTACTCAGTT-1,1,41,45,24198,18142
ATCCAGGATTCGTGAA-1,1,40,46,23693,18433
AGTCAACACCACCATC-1,1,41,47,24199,18724
CGATACCTCGCGGACA-1,1,40,48,23693,19015
TACAACGCACAACTCA-1,1,41,49,24199,19305
AATTAAAGGTCGGCGT-1,1,40,50,23693,19596
TACGCAGTTCTTTCCT-1,1,41,51,24199,19887
GACCGTGCTGACGGTG-1,1,40,52,23693,20178
GGCAAATTACTTTACT-1,1,41,53,24199,20469
GGTACAAACATGCTAT-1,1,40,54,23693,20760
CGGGCCTTCTTTGTAA-1,1,41,55,24200,21050
CGTGAAGTTAATTCAC-1,1,40,56,23694,21341
ATAGTGAAGCGTTCTC-1,1,41,57,24200,21632
TACGCCATATTCTAAT-1,1,40,58,23694,21923
GCCGGGTTAGGGTCGC-1,1,41,59,24200,22213
TACATAGGCATACACC-1,1,40,60,23694,22504
GCCGATTGGCCAAGCT-1,1,41,61,24200,22795
CTGCCATGCATCACAT-1,1,40,62,23694,23086
TTATGAATGAAAGGGA-1,1,41,63,24200,23376
GCTGAGGCGTGAGTAT-1,1,40,64,23694,23667
GCGCCGTTCCACGATA-1,1,41,65,24201,23958
CGCATGGTGCGATGCT-1,1,40,66,23695,24249
AGGTTTCACACACCTT-1,1,41,67,24201,24540
CAAGGATCGCATGTTC-1,1,40,68,23695,24831
ACGTTAATGTCGAAGA-1,1,41,69,24201,25121
TCCAGAGCACCGGTTC-1,1,40,70,23695,25412
GATTCGACGGTTCACG-1,1,41,71,24201,25703
GTTTCTGCAGTCTCCC-1,0,40,72,23695,25994
GCTGCACGGTTTCTTA-1,0,41,73,24201,26284
CGTGCAGACTGGGACA-1,0,40,74,23695,26575
GTGTTACTATGCGTCC-1,0,41,75,24202,26866
TCCTCGGGCTGGGCTT-1,1,40,76,23696,27157
GTGAGGACACTTAAGG-1,0,41,77,24202,27447
ATACGCCGGCGAAACC-1,1,40,78,23696,27738
TCTGCCAGAAACTGCA-1,1,41,79,24202,28029
TTCTGCGGGTTAGCGG-1,1,40,80,23696,28320
CTCGGTACCACTGCTC-1,1,41,81,24202,28611
GTAAGTAACAGTCTGG-1,1,40,82,23696,28902
GTGCGTGTATATGAGC-1,1,41,83,24202,29192
ATTTGTCTTGGGAGCT-1,1,40,84,23696,29483
CCTCGGACCGGGATAG-1,0,41,85,24203,29774
TAGGTGCTCGCCTAGC-1,1,40,86,23697,30065
CTTTAGGAACACTGTT-1,1,41,87,24203,30355
TCGGGCCGTCGTGGTA-1,1,40,88,23697,30646
AGTGCTTGCACGAATA-1,1,41,89,24203,30937
TGCAGTTTCCTCCCAT-1,1,40,90,23697,31228
TGAGAGATTTACCACG-1,1,41,91,24203,31518
GAAACAGATGACCACC-1,1,40,92,23697,31809
AGCAACATATCTTATT-1,1,41,93,24203,32100
CAAGTGTGGTTGCAAA-1,1,40,94,23698,32391
GCCTCATCTGGAAATA-1,1,41,95,24204,32682
AACCCTACTGTCAATA-1,1,40,96,23698,32973
ACGTATTACTCCGATC-1,1,41,97,24204,33263
TCTGGGAACCTTTGAA-1,1,40,98,23698,33554
GCTCGCTCATGTCCAA-1,1,41,99,24204,33845
GCGCAAGAGCGCGCTG-1,1,40,100,23698,34136
TTGACGCTCCATGAGC-1,1,41,101,24204,34426
TATAGATGGTCGCAGT-1,1,40,102,23698,34717
TTACATGCCACAACTA-1,1,41,103,24204,35008
ACATGGCGCCAAAGTA-1,1,40,104,23699,35299
TATGGTTAGTGGGAGA-1,1,41,105,24205,35589
CATGACTTCGCTGAAT-1,1,40,106,23699,35880
ACCACCAATGTAACAA-1,1,41,107,24205,36171
TCTTAGAGCTCCAATT-1,1,40,108,23699,36462
CCACGAATTTAACCTC-1,0,41,109,24205,36753
TTCTTGCTAGCATCTC-1,0,40,110,23699,37044
ACACCTTACTACTTGC-1,0,41,111,24205,37334
AGTCGGTTGCGTGAGA-1,0,40,112,23699,37625
ACCTACAGTATGTGGT-1,0,41,113,24205,37916
GAGGATAAACAGTGCT-1,0,40,114,23700,38207
TTCCGGTATCTGTGTC-1,0,41,115,24206,38497
GGAGGCCGAAGTCGTC-1,0,40,116,23700,38788
TTCGCTAGGAAGTTGT-1,0,41,117,24206,39079
TAAAGACAACCCTTTA-1,0,40,118,23700,39370
GTTGCGCTAACATTAC-1,0,41,119,24206,39660
GCTGAACTCTCCAGGG-1,0,40,120,23700,39951
AGCCCTGTCGCACCGT-1,0,41,121,24206,40242
AGCGCTAGAGCGATGT-1,0,40,122,23700,40533
TGCGCCGTTAATAACG-1,0,41,123,24206,40824
TGACAACGCATGTCGC-1,0,40,124,23701,41115
CGTCTTGAGTGTGACG-1,0,41,125,24207,41405
GATAGGATTAATTACA-1,0,40,126,23701,41696
GATACCGTGTCGGAGT-1,0,41,127,24207,41987
TGTGTCGAAGTCGAGG-1,0,42,0,24700,5057
GGATCAGAGCCATCAG-1,0,43,1,25206,5347
GTCCCAATCATCCCGC-1,1,42,2,24700,5638
TGCCACACTAGAGGAA-1,1,43,3,25206,5929
TGAATTTCACTTGCCT-1,1,42,4,24700,6220
CTCAGATTGTGATAAG-1,1,43,5,25206,6511
CGGACGTTACTTGAAG-1,1,42,6,24700,6801
CCGCCTTGCGATGTCG-1,1,43,7,25207,7092
CCAGTCAAATCTCTTA-1,1,42,8,24701,7383
AAACAGCTTTCAGAAG-1,1,43,9,25207,7674
TAGCTGATGTGAAGCG-1,1,42,10,24701,7965
CTTATGCGCTCAGGGC-1,1,43,11,25207,8255
TGGCTCTTGTCGCGTA-1,1,42,12,24701,8546
TTGTGAGGCATGACGC-1,1,43,13,25207,8837
CATAAGCTCTCCGTCT-1,1,42,14,24701,9128
CCTTCTCAGCGTTCCT-1,1,43,15,25207,9418
TGCAGCTACGTACTTC-1,1,42,16,24701,9709
CTCTACACTGGCGATT-1,1,43,17,25208,10000
TGCAGATCGTCCTAGG-1,1,42,18,24702,10291
TGCCAAAGTCAGACTT-1,1,43,19,25208,10582
ACAATAGTCGTACGTT-1,1,42,20,24702,10872
CATGCCAACTCGCAAA-1,1,43,21,25208,11163
TGCAGAACTATATCGT-1,1,42,22,24702,11454
TCGTGTCACGCTGACA-1,1,43,23,25208,11745
TGATCAGGGAACTGCT-1,1,42,24,24702,12036
CTTGCAACCGCCTCCT-1,1,43,25,25208,12326
AGCCCATACATGTAAG-1,1,42,26,24703,12617
ATCCAATGGAGGGTCC-1,1,43,27,25209,12908
AAACCGGGTAGGTACC-1,1,42,28,24703,13199
GCAACCACGGCCGCGT-1,1,43,29,25209,13489
CGCTTATTCCCGGTCG-1,1,42,30,24703,13780
TTACTCTGGTACGTAC-1,1,43,31,25209,14071
GTGGTTTCCGCCTTTC-1,1,42,32,24703,14362
ATAGGCGGCTATAGAA-1,1,43,33,25209,14653
GTGCCATCACACGGTG-1,1,42,34,24703,14943
CCCAACATACGTCGCG-1,1,43,35,25209,15234
CGGTGCAGATAGAACG-1,1,42,36,24704,15525
GGGCGGGTTCCCTACG-1,1,43,37,25210,15816
TGAGCCATACAGTCTC-1,1,42,38,24704,16107
CTCCGCCCACATGAGG-1,1,43,39,25210,16397
GTTGAACCGGTTCCAT-1,1,42,40,24704,16688
TTGACTACCATATGGT-1,1,43,41,25210,16979
ACCATCGTATATGGTA-1,1,42,42,24704,17270
TGCGTAAGAACCTGAT-1,1,43,43,25210,17560
AGAAGGTTGCCGAATT-1,1,42,44,24704,17851
AGGACGACCCATTAGA-1,1,43,45,25210,18142
GGTGCTGGTACACATT-1,1,42,46,24705,18433
GCGCTATGCCGAGGCA-1,1,43,47,25211,18724
ACCCGGTTACACTTCC-1,1,42,48,24705,19014
TAACTCATCCGCGCGG-1,1,43,49,25211,19305
CACAATGAGCTGCTAT-1,1,42,50,24705,19596
GTTACTTTGGGCCTAG-1,1,43,51,25211,19887
GGGCCCGTCTTAAACA-1,1,42,52,24705,20178
GAAATTGTCTCTATAA-1,1,43,53,25211,20468
GGCGCATGAATTGATG-1,1,42,54,24705,20759
CATATAGGTACAGTCA-1,1,43,55,25211,21050
TCAACGAGGAGACAAA-1,1,42,56,24706,21341
TTGCACAATTCAGAAA-1,1,43,57,25212,21631
CATCGGACGGGTTAAT-1,1,42,58,24706,21922
ATTAAACATGCGGACC-1,1,43,59,25212,22213
TATCTACCACAGCGGG-1,1,42,60,24706,22504
CGAGACCCTAGAGTGT-1,1,43,61,25212,22795
ACATCGATCGTTTACC-1,1,42,62,24706,23085
ATCGACCCAATACAGA-1,1,43,63,25212,23376
GAATCTGAACATTCTC-1,1,42,64,24706,23667
AGTTCCTATTTATGTT-1,1,43,65,25212,23958
CAGTCTGTATACTGGG-1,1,42,66,24707,24249
GGAGACGACACCTTTG-1,1,43,67,25213,24539
CCTAAATTAACGGTTC-1,1,42,68,24707,24830
GCTACGACTTATTGGG-1,1,43,69,25213,25121
CTGTGCAGGGTAGGTC-1,1,42,70,24707,25412
ACGCCGCTAGACGACC-1,1,43,71,25213,25702
ACTTGACTCCCTCTTT-1,1,42,72,24707,25993
CGCCTCCCTCCTCTAT-1,1,43,73,25213,26284
CTAGATTTACGACGGC-1,1,42,74,24707,26575
GATGCTGTATTTCATC-1,1,43,75,25213,26866
TGCGTTTGTTGACACT-1,1,42,76,24708,27157
CGTGCCCTCCCGAAGA-1,1,43,77,25214,27447
ACTCTCTGACTTAGGT-1,0,42,78,24708,27738
CTGGGTAGGCAGTTAA-1,1,43,79,25214,28029
GTTTGGCCCAAGTTAT-1,0,42,80,24708,28320
GAATGTGGTCCGGATT-1,0,43,81,25214,28610
CCCAGTTAAGGCGCCG-1,0,42,82,24708,28901
CGGTACTAGAATCAAA-1,0,43,83,25214,29192
GCTTAATGTAACTAAC-1,0,42,84,24708,29483
AGGACAGTCGAATCCC-1,0,43,85,25214,29773
GACAGCCAGACCTGAC-1,1,42,86,24709,30064
GGCGAAATCTAACTTG-1,1,43,87,25215,30355
CTGGTAACACATAGAA-1,1,42,88,24709,30646
TAGCCATTTCAAAGTC-1,1,43,89,25215,30937
GGGATTTACCGCACCT-1,1,42,90,24709,31228
ATGCCATTTGCGACCA-1,1,43,91,25215,31518
GAATAGACGCGACCCA-1,1,42,92,24709,31809
TGTATGGCGCAGACAG-1,1,43,93,25215,32100
GGATGAAGATCGCTGA-1,1,42,94,24709,32391
CGACAATTTGATCTAA-1,1,43,95,25216,32681
AAAGTTGACTCCCGTA-1,1,42,96,24710,32972
CGCGGCTCAACTTGAA-1,1,43,97,25216,33263
CACGCGGAACTGTTGC-1,1,42,98,24710,33554
TCTTAGAGTGAACTCT-1,1,43,99,25216,33844
AGTCCATTGGCTGATG-1,1,42,100,24710,34135
TTAAGATAGGATTGAC-1,1,43,101,25216,34426
ACATCCTGGTAACTGT-1,1,42,102,24710,34717
CACCTTGGCGCCTTTG-1,1,43,103,25216,35008
GCTAGACCGTCTACTG-1,1,42,104,24710,35299
CGGCCCAGGTATATCC-1,1,43,105,25217,35589
GTCCATTACTGCTACG-1,1,42,106,24711,35880
GGGTTTAGGATAGGAT-1,1,43,107,25217,36171
TAATTAGGACATCCGT-1,0,42,108,24711,36462
GCTCCCAGTCGGTCCA-1,0,43,109,25217,36752
ATTCGTGCTATCTCTT-1,0,42,110,24711,37043
GTTAACTATGTTGTCA-1,0,43,111,25217,37334
GCTCCGCTCGCTTCAG-1,0,42,112,24711,37625
GCAACGGCTAGTTATG-1,0,43,113,25217,37915
AATCGCGCAGAGGACT-1,0,42,114,24711,38206
AGGTTACACCATGCCG-1,0,43,115,25218,38497
CGAGATTTCGCTCGGG-1,0,42,116,24712,38788
CGATAATACTCAGGTT-1,0,43,117,25218,39079
AAGGCAGGCTGTCTCC-1,0,42,118,24712,39370
GTAAGTCCACACTCTA-1,0,43,119,25218,39660
ATGAGGGCAGCGGCTA-1,0,42,120,24712,39951
GCCGCACTCCGTTTCA-1,0,43,121,25218,40242
GAGCACGGCGCCTCTT-1,0,42,122,24712,40533
ACAATTTGGCCATATT-1,0,43,123,25218,40823
CTGGTTCGCGAGCTAC-1,0,42,124,24713,41114
GACGGTCCTAGGGTGT-1,0,43,125,25219,41405
ACTCGCGATCTGACGC-1,0,42,126,24713,41696
GTGTACGAACCGTTCC-1,0,43,127,25219,41986
CTTTGACGTCGCTTCT-1,0,44,0,25712,5056
CGTTATCATACTTCCA-1,1,45,1,26218,5347
GCTATGCCAGCTTATG-1,1,44,2,25712,5638
CAGTCGGCCTAGATAT-1,1,45,3,26218,5929
CCCGTGAGGGCGGTGA-1,1,44,4,25712,6220
TCTCGTGTTACGAGGA-1,1,45,5,26218,6510
ACGTCTCGTTCCGGGA-1,1,44,6,25712,6801
CGAGAGCGCGTAGATA-1,1,45,7,26218,7092
GACAGATTTCTGGCTC-1,1,44,8,25713,7383
GGGCCTAAATGGGCTA-1,1,45,9,26219,7673
ACTTGTAGTCCCTTCA-1,1,44,10,25713,7964
CCCGAAGTTTCGCGAA-1,1,45,11,26219,8255
ACCATCCGCCAACTAG-1,1,44,12,25713,8546
TGCGAATATGGGATTT-1,1,45,13,26219,8836
TACATCCCTATCCCTG-1,1,44,14,25713,9127
GTGGGAAGACTGAATC-1,1,45,15,26219,9418
TCAACATCGACCGAGA-1,1,44,16,25713,9709
CTATGTGAGTCACGGC-1,1,45,17,26220,10000
CCGAACACTGGGCCTC-1,1,44,18,25714,10291
AAACTTGCAAACGTAT-1,1,45,19,26220,10581
AGGGCGAGCAGCTGAT-1,1,44,20,25714,10872
AACACGAGACGCGGCC-1,1,45,21,26220,11163
TGACGAATATTTCCCT-1,1,44,22,25714,11454
TCGGAGAGTATCGGGA-1,1,45,23,26220,11744
CAAATCTCTCACAAGG-1,1,44,24,25714,12035
AGGCCCTAGAACGCCA-1,1,45,25,26220,12326
TAGAGATCATGCAACT-1,1,44,26,25714,12617
TTGTTTCCATACAACT-1,1,45,27,26221,12907
GAGAGGTGCATTCTGG-1,1,44,28,25715,13198
GTGGACCAACCCGATT-1,1,45,29,26221,13489
CTGGGCCTGCTATATC-1,1,44,30,25715,13780
CATAGTCCACAAGAAC-1,1,45,31,26221,14071
TTGACATGAACGTGGA-1,1,44,32,25715,14362
GGTTACCACCCTCGGG-1,1,45,33,26221,14652
TACCGGTCGTTTCCAT-1,1,44,34,25715,14943
CGAGTACTAAAGAGGA-1,1,45,35,26221,15234
GCAAGAATTCCTTGGC-1,1,44,36,25715,15525
TCGCCGAAGTTGCGTC-1,1,45,37,26222,15815
TTGAGAGTACTGCTAA-1,1,44,38,25716,16106
GCCACAATTTAAGGAC-1,1,45,39,26222,16397
ATATTCAGTTAAACCT-1,1,44,40,25716,16688
TGAGTGCCTCTTAAAT-1,1,45,41,26222,16978
ATCAGACGGCACGCCG-1,1,44,42,25716,17269
GTGCGAAATCGAACAC-1,1,45,43,26222,17560
GTGCCGCTTCAAAGGT-1,1,44,44,25716,17851
GATACGATGGGAGTCA-1,1,45,45,26222,18142
GACACTGAGTTCAGTG-1,1,44,46,25716,18433
ATCCTGCGTGGAATGG-1,1,45,47,26223,18723
ATCCTACCTAAGCTCT-1,1,44,48,25717,19014
AGTGATATGAGTAGTT-1,1,45,49,26223,19305
ATGATGCAATGGTACA-1,1,44,50,25717,19596
GAAACCGAATTACCTT-1,1,45,51,26223,19886
AGTGACCTACTTTACG-1,1,44,52,25717,20177
CAAATGTCCTTCCGTG-1,1,45,53,26223,20468
TTACTGGGATATTTCA-1,1,44,54,25717,20759
CTTGCCCAGGCTCTAC-1,1,45,55,26223,21049
AAATCGTGTACCACAA-1,1,44,56,25718,21340
GTGATCATAGATCTGC-1,1,45,57,26224,21631
TGGCAGATTACGATCA-1,1,44,58,25718,21922
TCACCCTCTTAAGATT-1,1,45,59,26224,22213
CAGGATATATCGTTGT-1,1,44,60,25718,22504
CCTGACCACCGATGGT-1,1,45,61,26224,22794
CTAAAGGGAAATAGGA-1,1,44,62,25718,23085
CCGCTATCAGCACCAG-1,1,45,63,26224,23376
CTTTAGTGCTATTATT-1,1,44,64,25718,23667
CGGGAATTTATGTAAA-1,1,45,65,26224,23957
TACGACTGCCTCTTAG-1,1,44,66,25719,24248
AAACTGCTGGCTCCAA-1,1,45,67,26225,24539
GTACGTTTGCCCGTCA-1,1,44,68,25719,24830
GGCAAGGCGAAATAGC-1,1,45,69,26225,25120
GATCTTGGAGGGCATA-1,1,44,70,25719,25411
AGCGTGGTATTCTACT-1,1,45,71,26225,25702
CTAAGGGAATGATTGG-1,1,44,72,25719,25993
CATGGTAAGTAGCGTT-1,1,45,73,26225,26284
CGTTGAGCGACCGTCG-1,1,44,74,25719,26575
TGCCCGTACCGTTAAA-1,1,45,75,26225,26865
ACAAGGGCAGGCTCTG-1,1,44,76,25720,27156
GAGATCTTCCATGACA-1,1,45,77,26226,27447
AATGACGTAGGATGTC-1,1,44,78,25720,27738
GTGGTGGCCAAGTGAA-1,1,45,79,26226,28028
TCCCGTGTGCAATTTG-1,1,44,80,25720,28319
ACATCGTATGCAATGG-1,1,45,81,26226,28610
GCGAAACTTAACTGGA-1,0,44,82,25720,28901
AATTGAACGCTCTGGT-1,1,45,83,26226,29191
ACAAATGGTAGTGTTT-1,0,44,84,25720,29482
ATGGTCGCGTGGTTTC-1,1,45,85,26226,29773
TGTTATTGTATGTGGC-1,1,44,86,25721,30064
TTCCGGTTACCCACTT-1,1,45,87,26227,30355
GAGTGTGCGGTACCCA-1,1,44,88,25721,30646
CAAGATATTATAACGT-1,1,45,89,26227,30936
ACACACCAGGACCAGT-1,1,44,90,25721,31227
ATGGGCCTCGGCCTCT-1,1,45,91,26227,31518
AAGGTGATAAACCAGC-1,1,44,92,25721,31809
TCTTACTTATGCCTCT-1,1,45,93,26227,32099
AAAGTGTGATTTATCT-1,1,44,94,25721,32390
TGCTCCACAGTTCTTA-1,1,45,95,26227,32681
CTGGCTGATTCATCCT-1,1,44,96,25722,32972
TAAGGCTGAATCCCTC-1,1,45,97,26228,33262
TCTAGTGATATCGTGG-1,1,44,98,25722,33553
TCGAAGAACCGAGCAC-1,1,45,99,26228,33844
GACAAACATATGCAGG-1,1,44,100,25722,34135
AAGTCAATTGTCGTCA-1,1,45,101,26228,34426
AGTGAACAAACTTCTC-1,1,44,102,25722,34717
CATGATGGAAGTTAGC-1,1,45,103,26228,35007
AAGTGCCTTGACTGTA-1,1,44,104,25722,35298
ATCGCCAGTCAACATT-1,1,45,105,26228,35589
ACCGCGGTGGAAGTCG-1,1,44,106,25723,35880
TCTTCTATAACCCGCC-1,1,45,107,26229,36170
CACATTTCTTGTCAGA-1,0,44,108,25723,36461
TAGCGTCCCTCGATTG-1,0,45,109,26229,36752
GTTCGGATCGGGAACA-1,0,44,110,25723,37043
CAAACTCGCGACGCCG-1,0,45,111,26229,37333
GTCTTGTAGCTATTCA-1,0,44,112,25723,37624
TCTCGACGTATCGCCG-1,0,45,113,26229,37915
TTGCCAAGCAGAACCC-1,0,44,114,25723,38206
AAACCCGAACGAAATC-1,0,45,115,26229,38497
TTGAGCAGCCCACGGT-1,0,44,116,25724,38788
CGCCTTTAGCATGCTC-1,0,45,117,26230,39078
TGTGGCTCCCACCAAC-1,0,44,118,25724,39369
CCGCCGTTGAGGATAA-1,0,45,119,26230,39660
CAATACGAGAGTCTGA-1,0,44,120,25724,39951
CATCTAGTGAAGGGAA-1,0,45,121,26230,40241
GGTGGAGGTTGATACG-1,0,44,122,25724,40532
CCGCACACGAACGTGT-1,0,45,123,26230,40823
AGAACCCAGCGTGACA-1,0,44,124,25724,41114
GCGCTCGATCACCTGT-1,0,45,125,26231,41405
ATCATGGACTACCGAC-1,0,44,126,25725,41695
TACGCCGCCTCAGAAG-1,0,45,127,26231,41986
CGACCTACTAGACAAT-1,0,46,0,26724,5056
GAGTCTTGTAAAGGAC-1,1,47,1,27230,5347
AATATCCTAGCAAACT-1,1,46,2,26724,5638
CCCTAGGCAACAAGAG-1,1,47,3,27230,5928
ACAAAGAAGGTAGGCC-1,1,46,4,26724,6219
CCCTGGCTGTTCCTTC-1,1,47,5,27230,6510
TCGCCGCACCGCGTGA-1,1,46,6,26724,6801
TATAGCGCACGTTATC-1,1,47,7,27230,7091
TTATCTGACATTAGGA-1,1,46,8,26725,7382
AGTGGTGTTACCCGTG-1,1,47,9,27231,7673
GCCAAGAATACTTCTG-1,1,46,10,26725,7964
CCGGCGTGAGACTCTG-1,1,47,11,27231,8255
TTCCCGGCGCCAATAG-1,1,46,12,26725,8545
AAACAGGGTCTATATT-1,1,47,13,27231,8836
ACAGTAATACAACTTG-1,1,46,14,26725,9127
CGAACGGCCGGACAAC-1,1,47,15,27231,9418
GCAACACACTAGAACT-1,1,46,16,26725,9709
ACTCCCATTCCTAAAG-1,1,47,17,27231,9999
ACCTGCGTGTCATGTT-1,1,46,18,26726,10290
TACTTTCCGCACGCCA-1,1,47,19,27232,10581
AGGTCAGGTGAGAGTG-1,1,46,20,26726,10872
TCCTCCTAAGACATTC-1,1,47,21,27232,11162
ATGTGAAAGCCTAATG-1,1,46,22,26726,11453
AGTCGGCTCAACTTTA-1,1,47,23,27232,11744
CGATCTGTTGGAGGAC-1,1,46,24,26726,12035
ACGGGAGTGTCGGCCC-1,1,47,25,27232,12326
TTAACTTCAGGTAGGA-1,1,46,26,26726,12616
CCACGGAGCCATAAGA-1,1,47,27,27232,12907
CTTCTATGTTGAAGTA-1,1,46,28,26727,13198
CACCGTTGCGCGATAT-1,1,47,29,27233,13489
TCTAGCAATCTCCGCC-1,1,46,30,26727,13780
AGTTTGGCCAGACCTA-1,1,47,31,27233,14070
TTGTAAGGACCTAAGT-1,1,46,32,26727,14361
AAATTTGCGGGTGTGG-1,1,47,33,27233,14652
AAGTTCGGCCAACAGG-1,1,46,34,26727,14943
CCGCTTACCTCACTCT-1,1,47,35,27233,15233
ATCACGTGCTAATTAA-1,1,46,36,26727,15524
GGTGAAGTACAGGGAT-1,1,47,37,27233,15815
GCTGTATTACTGGCCC-1,1,46,38,26728,16106
AACGGCCATCTCCGGT-1,1,47,39,27234,16397
TAAGTAACATCTTGAC-1,1,46,40,26728,16687
TTCTTGAGCCGCGCTA-1,1,47,41,27234,16978
AGTGCGTAGCTCGTAA-1,1,46,42,26728,17269
GGGATGGTCGTAACCG-1,1,47,43,27234,17560
GTCTGGGCGGTCGAGA-1,1,46,44,26728,17851
CGGAACGTAAACATAG-1,1,47,45,27234,18141
TGCGACACCCTAGTGC-1,1,46,46,26728,18432
CAAACGAGTATCGCAG-1,1,47,47,27234,18723
TCAGTAGGGACTATAA-1,1,46,48,26729,19014
GCGGTTCCCTATCATG-1,1,47,49,27235,19304
GTGACTTCAGTAGTGC-1,1,46,50,26729,19595
CGTCACGTCCATTGGT-1,1,47,51,27235,19886
ATAAGTTACCGCGACG-1,1,46,52,26729,20177
CTGAATCCGAGACCTC-1,1,47,53,27235,20468
TACGACGCTTGCTGCG-1,1,46,54,26729,20758
GAATTCACCCGGGTGT-1,1,47,55,27235,21049
GGGTGACACCTTAACT-1,1,46,56,26729,21340
TGAGTAAATTAGCGTA-1,1,47,57,27236,21631
GAGTCCGCTTACCGGA-1,1,46,58,26730,21922
GGCGCGTTCGAGTTTA-1,1,47,59,27236,22212
ATTCATATACTGTCCA-1,1,46,60,26730,22503
ATAAACGGACCCGTAA-1,1,47,61,27236,22794
GTCGTACCATCTCGGG-1,1,46,62,26730,23085
ATAATAGCTGTTGAAT-1,1,47,63,27236,23375
TTCCGCGTGAGGCGAT-1,1,46,64,26730,23666
TACCGGCTCACTGCCC-1,1,47,65,27236,23957
GTATCTTTCATAACCA-1,1,46,66,26730,24248
GTTACCTACAACTTGC-1,1,47,67,27237,24539
TGACTATAATCCTTTC-1,1,46,68,26731,24830
AAATACCTATAAGCAT-1,1,47,69,27237,25120
TTATTAGAGCGTGTTC-1,1,46,70,26731,25411
ATGTGGACATCTTGAT-1,1,47,71,27237,25702
GTACGCTTCATTGCAC-1,1,46,72,26731,25993
CACATATTAGCAGGAT-1,1,47,73,27237,26283
CAAGAGGGCGGAGTAC-1,1,46,74,26731,26574
TCGCAAAGATGCATTT-1,1,47,75,27237,26865
GTCGTTATTCGCTTAT-1,1,46,76,26731,27156
TCGTGTACTATGGATG-1,1,47,77,27238,27446
GCGGAGAGGGAGAACG-1,1,46,78,26732,27737
TCACAGGGAATCGCAA-1,1,47,79,27238,28028
GACTGCACCAGCCCAG-1,1,46,80,26732,28319
TCCGCTGTCATCCCGG-1,1,47,81,27238,28610
AGATACTCAAGATCGA-1,1,46,82,26732,28901
ACTGAATGGCGAAAGT-1,1,47,83,27238,29191
TCCTACATCCACGGCC-1,1,46,84,26732,29482
TTCAGCCCTGGTCCAC-1,1,47,85,27238,29773
TTAGAGTTTAGAAGGA-1,1,46,86,26733,30064
GGTTAGCTATATGTCT-1,1,47,87,27239,30354
CTGGTTTCGAGCAAGA-1,1,46,88,26733,30645
TGGGCCCATACTAATT-1,1,47,89,27239,30936
ACTTATTTATGTGCCA-1,1,46,90,26733,31227
TTAGTTATTCGTGGCA-1,1,47,91,27239,31517
AACCGCTAAGGGATGC-1,1,46,92,26733,31808
ATACGTCCACTCCTGT-1,1,47,93,27239,32099
CGACACGCTCCGACAG-1,1,46,94,26733,32390
TCTGAACTCGTACCCG-1,1,47,95,27239,32681
AGGATATAGGGATTTA-1,1,46,96,26734,32972
GTGATCACTAACGCCT-1,1,47,97,27240,33262
ACCGGGCCTTTGTTGA-1,1,46,98,26734,33553
TTGACAGGAGCTCCCG-1,1,47,99,27240,33844
CTCTTCTATTGACTGG-1,1,46,100,26734,34135
CGTGGCCGAATATCTA-1,1,47,101,27240,34425
GGTTTAGCCTTTCTTG-1,1,46,102,26734,34716
TCAAGGTTACTACACC-1,1,47,103,27240,35007
TTGACTATTGTCCGGC-1,1,46,104,26734,35298
CGGGAATATAGTATAC-1,1,47,105,27240,35588
GCAACAGCAGTATGCG-1,1,46,106,26735,35879
ATCAAACACTGTTCCA-1,1,47,107,27241,36170
TGGGCAATAGTTGGGT-1,0,46,108,26735,36461
TGAATGTCAGCCGGCC-1,0,47,109,27241,36752
CGGCTCTAAAGCTGCA-1,0,46,110,26735,37043
GGACACAAGTTTACAC-1,0,47,111,27241,37333
CCGAGAAGTCGCATAA-1,0,46,112,26735,37624
AACTACCCGTTTGTCA-1,0,47,113,27241,37915
GCACAAACGAGGCGTG-1,0,46,114,26735,38206
CACACAGCTTGCGCTC-1,0,47,115,27241,38496
GTGCTTACATCAGCGC-1,0,46,116,26736,38787
GCAAACGTCGCCAGGT-1,0,47,117,27242,39078
GAATAGCATTTAGGGT-1,0,46,118,26736,39369
TACTGTTTCTCTGGTA-1,0,47,119,27242,39659
TCCTATCATAGGTAAC-1,0,46,120,26736,39950
TTCGGTGGAGACGCCC-1,0,47,121,27242,40241
TGTTGCCGTCGTCCCA-1,0,46,122,26736,40532
CCAACTTGATAGATCC-1,0,47,123,27242,40823
CAAAGGTCATCTGAAA-1,0,46,124,26736,41114
CTAGCTTAATGGTCCC-1,0,47,125,27242,41404
AGGCCACATTGGTTAC-1,0,46,126,26737,41695
TTAGGATGGGAGGGTA-1,0,47,127,27243,41986
TATGACCTTGCGCTGG-1,1,48,0,27736,5056
ATATACATGTATGGTA-1,1,49,1,28242,5346
TGTGTGACCATGAATC-1,1,48,2,27736,5637
CCCACTCCACGGTATC-1,1,49,3,28242,5928
GGGCAGACGTCACTGC-1,1,48,4,27736,6219
TCAAAGAGCTATCTGT-1,1,49,5,28242,6509
AGATGCATCCTGTGTC-1,1,48,6,27736,6800
GTGAAGTCACGACTCG-1,1,49,7,28242,7091
TGATTCAGGTCCCGCG-1,1,48,8,27736,7382
CGCCACAGGTCGCGAT-1,1,49,9,28243,7673
TTGAATCGTTGTATAA-1,1,48,10,27737,7964
TGGCCAATTTGGTACT-1,1,49,11,28243,8254
CGACCCTTAACGCCGG-1,1,48,12,27737,8545
TCGGCGTACTGCACAA-1,1,49,13,28243,8836
GAGTAAGGCCACGGGA-1,1,48,14,27737,9127
ATCAGCTCGTCCACTA-1,1,49,15,28243,9417
AGGATCACGCGATCTG-1,1,48,16,27737,9708
AAATGGCCCGTGCCCT-1,1,49,17,28243,9999
CAGTACCAGTTTACGT-1,1,48,18,27738,10290
GGTCGTAAGCTCGCAC-1,1,49,19,28244,10580
CGTTCATGGTGCGCGT-1,1,48,20,27738,10871
GACTACAAAGCGGTGG-1,1,49,21,28244,11162
CAGCTGGCGTAACCGT-1,1,48,22,27738,11453
ACTCGTAACCCGTCCT-1,1,49,23,28244,11744
CATATGTCAGGCTACG-1,1,48,24,27738,12035
GCCCGACTTCTTCCCG-1,1,49,25,28244,12325
CTGGCATCCGAATGAG-1,1,48,26,27738,12616
AAGTGCGTTAGAATCT-1,1,49,27,28244,12907
AGAAGTGATTCGTGAT-1,1,48,28,27739,13198
TACCTTAAGATTTCCC-1,1,49,29,28245,13488
AATGACAGCAATGTCT-1,1,48,30,27739,13779
TCAACGCAGGAAATAA-1,1,49,31,28245,14070
TATTCCTCCGCCCACT-1,1,48,32,27739,14361
ATCAAACGAAGGTTTG-1,1,49,33,28245,14651
TTGATTAGCTGTTTCT-1,1,48,34,27739,14942
CTGCTGAGGCCACGAA-1,1,49,35,28245,15233
CCGTGTTAAATTCCAT-1,1,48,36,27739,15524
CACGTCGGCAACCTCT-1,1,49,37,28245,15815
GTATTCTGAGAAACGA-1,1,48,38,27740,16106
CGGTGCGCGTTGGTCC-1,1,49,39,28246,16396
GTGATTCGCCGCTCAA-1,1,48,40,27740,16687
GCCCGCGCGTAAACGG-1,1,49,41,28246,16978
AACGTACTGTGGGTAC-1,1,48,42,27740,17269
GAGTATGCCCGCCTTG-1,1,49,43,28246,17559
TGATTCTGTCGCCGGT-1,1,48,44,27740,17850
GGGCGGCAAATGAATT-1,1,49,45,28246,18141
TTCCAATCTGGCTATC-1,1,48,46,27740,18432
GGAACCGTGTAAATTG-1,1,49,47,28246,18722
TTGGTCACACTCGTAA-1,1,48,48,27741,19013
CGAACCCGCATGCGTC-1,1,49,49,28247,19304
GGGCGTCACCACGTAA-1,1,48,50,27741,19595
TACCAGAAGTAGGTTC-1,1,49,51,28247,19886
TTGGATATCGTCTACG-1,1,48,52,27741,20177
TAGATATGGACTGGAA-1,1,49,53,28247,20467
GCGACGATAGTTGTAC-1,1,48,54,27741,20758
CTGGATTTACACTTGA-1,1,49,55,28247,21049
GTTATATTATCTCCCT-1,1,48,56,27741,21340
TATTCCACTCAGCTCG-1,1,49,57,28247,21630
CTGTTACCCAATCTAG-1,1,48,58,27742,21921
ACGCGAAGTCAGACGA-1,1,49,59,28248,22212
GATAGGTAACGTTGAC-1,1,48,60,27742,22503
TGTTCGTATTGCGGTG-1,1,49,61,28248,22793
GGTCAGTGGGTCCCAC-1,1,48,62,27742,23084
AATTCTAGAGTTAGGC-1,1,49,63,28248,23375
GTTTACGTTCCATCTG-1,1,48,64,27742,23666
AGACCCACCGCTGATC-1,1,49,65,28248,23957
TCTAGCATGCCCAGAA-1,1,48,66,27742,24248
CCCGCAGCGCGAACTA-1,1,49,67,28248,24538
CTCTATTTGGCTGCAG-1,1,48,68,27743,24829
TTCTGCCGCGCCTAGA-1,1,49,69,28249,25120
ACTCCCTAGAATAGTA-1,1,48,70,27743,25411
CCGAACCTTCCCGGCC-1,1,49,71,28249,25701
TCAGACGCTATAGAAG-1,1,48,72,27743,25992
CAGGCGCCATGCTAGG-1,1,49,73,28249,26283
CACTCGAGCTGAACAA-1,1,48,74,27743,26574
ACAAGGAAATCCGCCC-1,1,49,75,28249,26864
ACCACGTGCAGCTATA-1,1,48,76,27743,27155
ACGGCGACGATGGGAA-1,1,49,77,28249,27446
TTACTAAAGGACTTTA-1,1,48,78,27744,27737
GGCTGAAATAGCAAAG-1,1,49,79,28250,28028
TTAGACGAGTCACCTC-1,1,48,80,27744,28319
GTAGTCGCGGGAATCA-1,1,49,81,28250,28609
GCAAACCCTACATTAT-1,1,48,82,27744,28900
GTTAAAGTAGGACTGG-1,1,49,83,28250,29191
ACCCTCCCTTGCTATT-1,1,48,84,27744,29482
CATGTCTCATTTATGG-1,1,49,85,28250,29772
AATAGAATCTGTTTCA-1,1,48,86,27744,30063
TCTCATGAGATAGGGT-1,1,49,87,28251,30354
ATGACTATGCGACATT-1,1,48,88,27745,30645
CCTAACCCAAACAAGT-1,1,49,89,28251,30935
AGTCAAGATGACACTT-1,1,48,90,27745,31226
CGGGAGCTTCAGTGTA-1,1,49,91,28251,31517
CCACAGTACCCATCCT-1,1,48,92,27745,31808
GAGCGCGCACGAGTAG-1,1,49,93,28251,32099
ACCAGTGCGGGAGACG-1,1,48,94,27745,32390
TCCTTACGACGGTCCG-1,1,49,95,28251,32680
TAGTCGATCACGGGTT-1,1,48,96,27745,32971
AGACGAAGTGCCGGTC-1,1,49,97,28252,33262
CGCTGGTGACTACCCT-1,1,48,98,27746,33553
AGGCATTGTCGTAGGG-1,1,49,99,28252,33843
TGGTAGAATATATGGG-1,1,48,100,27746,34134
TTCTTATCCGCTGGGT-1,1,49,101,28252,34425
AGTTTGGCACGGGTTG-1,1,48,102,27746,34716
GCATCGGCCGTGTAGG-1,1,49,103,28252,35006
ATGCGAGTCCCACCAC-1,1,48,104,27746,35297
TCGGCGAACCCAAACC-1,1,49,105,28252,35588
AGAGTAAACTTCACTA-1,1,48,106,27746,35879
AAGCCGAAGCGGTTTA-1,1,49,107,28253,36170
CCCGAGTTTCTCCGTA-1,1,48,108,27747,36461
AATATCGAATCAATGC-1,1,49,109,28253,36751
GCGCCTCCCACTCCGA-1,0,48,110,27747,37042
CGTTAAACTAGTTAGG-1,0,49,111,28253,37333
TGAGTTAAAGACATTC-1,0,48,112,27747,37624
AACAGGTAGTATGGAT-1,0,49,113,28253,37914
GAACGCGGGTCACACG-1,0,48,114,27747,38205
TGTTTGAGATCGTCAG-1,0,49,115,28253,38496
ATCTCGTGAGCGAAAC-1,0,48,116,27748,38787
CTGAGAAAGTTCGGCG-1,0,49,117,28254,39078
ATTACCACACTGCCTG-1,0,48,118,27748,39368
CTGCTGTCTAACGAGC-1,0,49,119,28254,39659
CGTGGAAGCCTCGTAC-1,0,48,120,27748,39950
GGACTCACAAATTAGG-1,0,49,121,28254,40241
CTTTGCTGTCATGGAT-1,0,48,122,27748,40532
GGTGTTGGGCGTCTTA-1,0,49,123,28254,40822
TACCATGTATTGATTT-1,0,48,124,27748,41113
GGTCTCCAAGTAGTGC-1,0,49,125,28254,41404
ATCCTTCTGAAAGAAC-1,0,48,126,27749,41695
CCGGAAGTTATCAGTC-1,0,49,127,28255,41985
TTAGAGGGATATACAG-1,1,50,0,28748,5055
TTGTACACCTCGAACA-1,1,51,1,29254,5346
GTGGGTACTGAGCGTA-1,1,50,2,28748,5637
CTTAAGCAGCGAGCCG-1,1,51,3,29254,5928
GCATTGACTTGCGGAA-1,1,50,4,28748,6218
CCATAACCTGTGCAGT-1,1,51,5,29254,6509
GGGCTACTATTTCGTG-1,1,50,6,28748,6800
GGCGAGCGAAACGGCA-1,1,51,7,29254,7091
GGAGACCATCTACATA-1,1,50,8,28748,7382
AGACCAAACCACACCT-1,1,51,9,29254,7672
CGACGCATCCGTACCT-1,1,50,10,28749,7963
CCTAGGTAAAGGTAGC-1,1,51,11,29255,8254
AGCGGCGGTTAGCGGT-1,1,50,12,28749,8545
CTGGACGCAGTCCGGC-1,1,51,13,29255,8835
AGCCTAATACCCACGT-1,1,50,14,28749,9126
AATCTGGCTTTCTAGT-1,1,51,15,29255,9417
CACCCTTGGTGAGACC-1,1,50,16,28749,9708
GGATCTTGACTCAACC-1,1,51,17,29255,9999
ACGAGGATACCACTCT-1,1,50,18,28749,10289
GAGTTGATGGCAATTT-1,1,51,19,29256,10580
GTGGCAAACAGCGGCA-1,1,50,20,28750,10871
GATGTAACGAACCACC-1,1,51,21,29256,11162
AGCCGTGGCTAAATGT-1,1,50,22,28750,11453
CTCCCTCCTTTCGATC-1,1,51,23,29256,11743
TTGGAAGAATACAGTC-1,1,50,24,28750,12034
AGTTAAGTCAACCGCT-1,1,51,25,29256,12325
CTCATGGTAATTTGCG-1,1,50,26,28750,12616
AAAGTAGCATTGCTCA-1,1,51,27,29256,12906
TTGTGGTAGGAGGGAT-1,1,50,28,28750,13197
AGTCGTGGGCATTACG-1,1,51,29,29257,13488
ACCTAAGTACCTTTCA-1,1,50,30,28751,13779
GTAGAGGGAGACAAGT-1,1,51,31,29257,14070
GATCCTCGACACTGGC-1,1,50,32,28751,14360
CCTACATTCACAGACG-1,1,51,33,29257,14651
TTGACCGTGTTAATGA-1,1,50,34,28751,14942
TCTGTTACCCAGCATA-1,1,51,35,29257,15233
CTAACTGGTCCGGTTC-1,1,50,36,28751,15524
AGCGACAGGAACGGTC-1,1,51,37,29257,15814
TAATAGAACAGAGTTA-1,1,50,38,28751,16105
ACAGGTGGAGGTGAGG-1,1,51,39,29258,16396
TGCGAGAATATTACCC-1,1,50,40,28752,16687
TTGCGTCGGCCAACCG-1,1,51,41,29258,16977
AGGCTTCCCGAAGAAG-1,1,50,42,28752,17268
GCGGACCGCGTTGTGG-1,1,51,43,29258,17559
GTAATCTGATTCTTCG-1,1,50,44,28752,17850
CCGCGGAATGCGTCAC-1,1,51,45,29258,18141
TTCCACACAGATTTGA-1,1,50,46,28752,18431
CTTCTATTAATGCTAG-1,1,51,47,29258,18722
CATTTGAGTGGTACGT-1,1,50,48,28753,19013
TCACAGCAAACTCGAA-1,1,51,49,29259,19304
CAGACGAACCTGATAC-1,1,50,50,28753,19595
TAGCTAGAAGGCATGA-1,1,51,51,29259,19885
ATCCAGAGCAACAACC-1,1,50,52,28753,20176
TCCGGTTCGTCCGGTC-1,1,51,53,29259,20467
CGCGCATGTTTGATTG-1,1,50,54,28753,20758
TGGCGATCAAGTTATG-1,1,51,55,29259,21048
CCCTTTGACAGGTCTT-1,1,50,56,28753,21339
CAGAGACGGTCACCCA-1,1,51,57,29259,21630
TAGCTCGCCTGATAAC-1,1,50,58,28754,21921
TTGTGTTTCCCGAAAG-1,1,51,59,29260,22212
TATACACAGACGCCTT-1,1,50,60,28754,22503
ACATTAGTTTATATCC-1,1,51,61,29260,22793
CCATCGCAGTTAAACT-1,1,50,62,28754,23084
AATTAGCGCTGCAGCG-1,1,51,63,29260,23375
TCCGCTTATCCCATTA-1,1,50,64,28754,23666
GTTTGGGCTTGTGAGC-1,1,51,65,29260,23956
CTTGTCAACATTCGAG-1,1,50,66,28754,24247
GGACCAACAGGATAAC-1,1,51,67,29260,24538
AAGCTAGATCGAGTAA-1,1,50,68,28755,24829
TACCGTGCCTCGGACC-1,1,51,69,29261,25119
GTAGCCAAACATGGGA-1,1,50,70,28755,25410
TGCCAGTACGTGGAGA-1,1,51,71,29261,25701
ATAAGGTGGAGAACAT-1,1,50,72,28755,25992
CTTTAATATTGGTCGA-1,1,51,73,29261,26283
TGGTTCAACGGGTAAT-1,1,50,74,28755,26574
GCTGCTACTGCGTAGC-1,1,51,75,29261,26864
CTGCACAACTACATAT-1,1,50,76,28755,27155
ATATTCCACATAGTGA-1,1,51,77,29261,27446
TGGCAAACTAAATTAC-1,1,50,78,28756,27737
ACCGCAATAACTGCCT-1,1,51,79,29262,28027
TCGCACCAGGAGGCAG-1,1,50,80,28756,28318
ACTTCAGGCTGATCCC-1,1,51,81,29262,28609
ACAAATCGCACCGAAT-1,1,50,82,28756,28900
TCTGATGTATTCTGTC-1,1,51,83,29262,29190
CTTTACCGAATAGTAG-1,1,50,84,28756,29481
GCAGATCCATAAGACT-1,1,51,85,29262,29772
TTCCTCGGACTAACCA-1,1,50,86,28756,30063
TTATCCGGGATCTATA-1,1,51,87,29262,30354
CTGGAAGACACGGTGG-1,1,50,88,28757,30645
GTTCGTCTAAAGAACT-1,1,51,89,29263,30935
GTCTATTGGTTCCGGT-1,1,50,90,28757,31226
CTAGGCGCCCTATCAG-1,1,51,91,29263,31517
AACGGACGTACGTATA-1,1,50,92,28757,31808
AACACACGCTCGCCGC-1,1,51,93,29263,32098
GCTACTATAGTAGAGT-1,1,50,94,28757,32389
AGCATATCAATATGCT-1,1,51,95,29263,32680
CGAACAGTATGGGCGT-1,1,50,96,28757,32971
ACAATTGTGTCTCTTT-1,1,51,97,29263,33261
GATCGCTACCCGATTT-1,1,50,98,28758,33552
ATTGCGATCAGTAACT-1,1,51,99,29264,33843
CAGCAGTCCAGACTAT-1,1,50,100,28758,34134
AGAGGCTTCGGAAACC-1,1,51,101,29264,34425
AAACAAGTATCTCCCA-1,1,50,102,28758,34716
GGCAGCAAACCTATGC-1,1,51,103,29264,35006
ACTAGTTGCGATCGTC-1,1,50,104,28758,35297
TTGGACCATCTGGCAA-1,1,51,105,29264,35588
CCCTCCTCGCTCGTAT-1,1,50,106,28758,35879
GAGCGCAAATACTCCG-1,1,51,107,29264,36169
ATTACATGTCAGTCTT-1,1,50,108,28759,36460
TTGGGACGTAAGAGTT-1,1,51,109,29265,36751
CTTCGGCCAATTGTTT-1,0,50,110,28759,37042
AGACCGCTCCGCGGTT-1,0,51,111,29265,37332
GACCGCGTCTGACGTG-1,0,50,112,28759,37623
CCAAATAACAAGATTC-1,0,51,113,29265,37914
TCTTTAGAGTCTAACA-1,0,50,114,28759,38205
CTCCCAATGAGTCGCG-1,0,51,115,29265,38496
TAGTCTTTCCGAATTG-1,0,50,116,28759,38787
GAGTAAACCGGAAAGT-1,0,51,117,29266,39077
GATCTCGACGCTGTGG-1,0,50,118,28760,39368
CTGACATAGAAATAGA-1,0,51,119,29266,39659
TATACCGAGTGCCACA-1,0,50,120,28760,39950
TCCGAACGTTGCCGCT-1,0,51,121,29266,40240
GCAGAAGGTAATCTCC-1,0,50,122,28760,40531
GGTACTAAGTGCTTTG-1,0,51,123,29266,40822
CAGAATATTCGTTATC-1,0,50,124,28760,41113
TAATCAACCAAATGGG-1,0,51,125,29266,41403
TCTGCTTAGAACAAGC-1,0,50,126,28760,41694
AACTGAGTTATACTGA-1,0,51,127,29267,41985
CCTCAACGATCGCTGT-1,0,52,0,29760,5055
CGGTACGGCAAACCCA-1,1,53,1,30266,5346
CAGATGTTTGTCCCAA-1,1,52,2,29760,5637
GTTTGTTAGCCAAGTA-1,1,53,3,30266,5927
ACGTGACAAAGTAAGT-1,1,52,4,29760,6218
TTGTCACCGCGGTATC-1,1,53,5,30266,6509
GATCTAACCGTATTCA-1,1,52,6,29760,6800
ATGGAAATTTAAGGAG-1,1,53,7,30266,7090
ATTGATCACCACATTT-1,1,52,8,29760,7381
ACTGCTCGGAAGGATG-1,1,53,9,30266,7672
TCTAAAGAACAGTCTC-1,1,52,10,29761,7963
CTGGGTTGAGTTAAAG-1,1,53,11,30267,8253
CCCAGTAAACTTGGGA-1,1,52,12,29761,8544
AGATTCACAACCGATA-1,1,53,13,30267,8835
AGAAGGTACACTTCAC-1,1,52,14,29761,9126
GCAGGAACTTAGATCT-1,1,53,15,30267,9417
AATCTAGGTTTACTTG-1,1,52,16,29761,9708
CCCGGTGTATCGGAAT-1,1,53,17,30267,9998
TTATCCTCAAGGAATA-1,1,52,18,29761,10289
AGCATCATTTCGAAAG-1,1,53,19,30267,10580
CGCGAGTCTGCCGGGT-1,1,52,20,29762,10871
TGCGTCATGACTGAGC-1,1,53,21,30268,11161
GTATGAAATTTCACTC-1,1,52,22,29762,11452
TTGGTTGCGGTGCGCG-1,1,53,23,30268,11743
ACAGAACTGAGAACAA-1,1,52,24,29762,12034
CTACTATCATAGGTTT-1,1,53,25,30268,12324
CCTCTATCGATTAGCA-1,1,52,26,29762,12615
CCGTATCTCGTCGTAG-1,1,53,27,30268,12906
TCACGATGTCCGTGGA-1,1,52,28,29762,13197
TCAACAAAGATAATTC-1,1,53,29,30268,13488
ATGACGCGTTCTATCC-1,1,52,30,29763,13779
ATTTGCGCGAGTAGCT-1,1,53,31,30269,14069
TTCTTGGACGATCTGC-1,1,52,32,29763,14360
AGACGACGATGCCGCT-1,1,53,33,30269,14651
GGTCTCTGAATGGACT-1,1,52,34,29763,14942
GCTCAATCCGTTTATT-1,1,53,35,30269,15232
CCAGAAAGCAACTCAT-1,1,52,36,29763,15523
CACCGTTAGGGATCAC-1,1,53,37,30269,15814
AATAACACTAGAACAA-1,1,52,38,29763,16105
CACCCGGTTTGTGACT-1,1,53,39,30269,16395
CCACCAACTTTACTGT-1,1,52,40,29764,16686
AACTCTCAGTGTGCTC-1,1,53,41,30270,16977
AAACCGTTCGTCCAGG-1,1,52,42,29764,17268
CAGCGATTCCCTTCAA-1,1,53,43,30270,17559
GCTAGCTTGAATAGCT-1,1,52,44,29764,17850
TTGCGGCATCAGAAAG-1,1,53,45,30270,18140
AATAGAACAGAGTGGC-1,1,52,46,29764,18431
GCCATCGAGCTGCGTG-1,1,53,47,30270,18722
ACACTGATCAAGGTGT-1,1,52,48,29764,19013
ACCAACGCTTATTTAT-1,1,53,49,30271,19303
GACATCGATTTATAAC-1,1,52,50,29765,19594
CAGACACCGATCGCTG-1,1,53,51,30271,19885
CCAAGAAAGTGGGCGA-1,1,52,52,29765,20176
GGTAGACCGTTGGGCG-1,1,53,53,30271,20466
TCGTTAGGAGTCCCTA-1,1,52,54,29765,20757
ACGGCCAACATGGACT-1,1,53,55,30271,21048
GTGAGTGGTACAACGC-1,1,52,56,29765,21339
GAGACTTCGCGACCGA-1,1,53,57,30271,21630
GAAGTCAGTTGCACTA-1,1,52,58,29765,21921
GTTTGGTAGGGTCAAC-1,1,53,59,30272,22211
ACGGCACTTGCTTGGG-1,1,52,60,29766,22502
CCTCTGTACTATTCTA-1,1,53,61,30272,22793
CTATTCATGTGTCCCA-1,1,52,62,29766,23084
GCCCGATCTGTGGTCG-1,1,53,63,30272,23374
TTAGAAGAACATGACT-1,1,52,64,29766,23665
AGGATAAAGTCGGGAT-1,1,53,65,30272,23956
CGGCAAACATCGTGCG-1,1,52,66,29766,24247
CTAGTTACAACCCGGT-1,1,53,67,30272,24537
TTCGACAGAGCCCGTG-1,1,52,68,29766,24828
AAGCATACTCTCCTGA-1,1,53,69,30273,25119
GACGACGATCCGCGTT-1,1,52,70,29767,25410
GGTAGAAGACCGCCTG-1,1,53,71,30273,25701
GAGATGGGAGTCGACA-1,1,52,72,29767,25992
AACGATAATGCCGTAG-1,1,53,73,30273,26282
TGGTCCCACGCTACGG-1,1,52,74,29767,26573
CTGCTTGGCGATAGCT-1,1,53,75,30273,26864
ATCGGAGACAGACGGC-1,1,52,76,29767,27155
TAGCGTCCGGTGTGGT-1,1,53,77,30273,27445
GTTGAGTCCCGCCGGT-1,1,52,78,29767,27736
AAATAGGGTGCTATTG-1,1,53,79,30274,28027
AAGTGTTTGGAGACGG-1,1,52,80,29768,28318
AGCACTACCTCACCAG-1,1,53,81,30274,28608
TGCCTTGGCCAGGCAA-1,1,52,82,29768,28899
TCGTCTTAGGCGTTAA-1,1,53,83,30274,29190
TTCTGACCGGGCTCAA-1,1,52,84,29768,29481
CAGAACTTAGCCCTCT-1,1,53,85,30274,29772
AGCTCCTTCGCACATC-1,1,52,86,29768,30063
ACAGGCTTGCCCGACT-1,1,53,87,30274,30353
GCTATACGTCTCGGAC-1,1,52,88,29769,30644
GAGCCAGCTACCTGTG-1,1,53,89,30275,30935
TGCTAAGTGTCTATTT-1,1,52,90,29769,31226
GTCCTACGAATAGTCT-1,1,53,91,30275,31516
CAGTGTCGGCTGGCCC-1,1,52,92,29769,31807
CTATCGACGAAATACA-1,1,53,93,30275,32098
CATCATTACCCTGAGG-1,1,52,94,29769,32389
TAAGTTGCGACGTAGG-1,1,53,95,30275,32679
AGTGCACGCTTAAGAA-1,1,52,96,29769,32970
TGTGCCGGTGCCGGAA-1,1,53,97,30275,33261
AGGAGGCCTTCGCGCG-1,1,52,98,29770,33552
TCCGCGGCCCAATGAA-1,1,53,99,30276,33843
TCCGTTAAGCTAATAT-1,1,52,100,29770,34134
AAATCTAGCCCTGCTA-1,1,53,101,30276,34424
CGCAGGCGATCCAAAC-1,1,52,102,29770,34715
CCATATGGAAACTATA-1,1,53,103,30276,35006
CACCGTATCCCATCCG-1,1,52,104,29770,35297
GGTCAAGACTACTTCG-1,1,53,105,30276,35587
CCCGTTTCGCAGATGT-1,1,52,106,29770,35878
GTTATAATACGGTGAA-1,1,53,107,30276,36169
ACTTGTGGATGGAACG-1,1,52,108,29771,36460
GTTCGCTGAGACGTCT-1,1,53,109,30277,36751
GACACTGGAACCCGAT-1,1,52,110,29771,37041
CCCAGGTCTGAAGGCT-1,1,53,111,30277,37332
TCTCGAGGAGGTTCGC-1,0,52,112,29771,37623
ACTATCTGCCCGCGTA-1,0,53,113,30277,37914
CCTAAATTGTATCCTA-1,0,52,114,29771,38205
AGAAATTATGACTCGC-1,0,53,115,30277,38495
TCCAGCGCTATAAGCG-1,0,52,116,29771,38786
TCGTGTATTGGTCACG-1,0,53,117,30277,39077
CCACATACTGCACCCA-1,0,52,118,29772,39368
GTTGCGGACGGTCAGG-1,0,53,119,30278,39658
GTATTTAATGGCATAA-1,0,52,120,29772,39949
GTCGATAGGTGACTTT-1,0,53,121,30278,40240
AATAATCTTCGTATCG-1,0,52,122,29772,40531
ATTGTTCAACGATCCG-1,0,53,123,30278,40822
GTGCAGCGTAGAGTAG-1,0,52,124,29772,41112
TGTGGTAGGGTGCCTT-1,0,53,125,30278,41403
TGTGGACTATCTACGT-1,0,52,126,29772,41694
GGCGGGCTCTAAGAGT-1,0,53,127,30278,41985
TGTGCCAGAGGCAAAG-1,1,54,0,30771,5055
TGGCTTATGTATAATG-1,1,55,1,31278,5345
GCAAGCTGGAAACCGC-1,1,54,2,30772,5636
GATATCAAGCAGGAGC-1,1,55,3,31278,5927
CACCAATCATCCGTCT-1,1,54,4,30772,6218
CCACATGGCTCTTTAT-1,1,55,5,31278,6508
GTCCTACTCTACGGGC-1,1,54,6,30772,6799
CTCGAGACATACGATA-1,1,55,7,31278,7090
TATCAGTGGCGTAGTC-1,1,54,8,30772,7381
TGACAGGACAAGTCCA-1,1,55,9,31278,7672
TATTAACACCAAAGCA-1,1,54,10,30773,7962
TAGGCGATGAGGTCTC-1,1,55,11,31279,8253
CCGCCGGAACTTCTCG-1,1,54,12,30773,8544
GCCATTAGCCTCAAAC-1,1,55,13,31279,8835
GTTAGGCTACCCGTTT-1,1,54,14,30773,9126
GGGTATTCTAGCAAAC-1,1,55,15,31279,9416
GCCCTAGCCGTCGCGA-1,1,54,16,30773,9707
CAGATCCTGGTTTGAA-1,1,55,17,31279,9998
CTTCAGTGGTCGCCTA-1,1,54,18,30773,10289
GGGCAACCGCACGTGC-1,1,55,19,31279,10579
GACCCAATTATGATAC-1,1,54,20,30774,10870
GAAGCTCGGACCCGTC-1,1,55,21,31280,11161
CGTCGGGTCTAAGCGC-1,1,54,22,30774,11452
GAGGCCCGACTCCGCA-1,1,55,23,31280,11743
TTGCCATAGCCCGCTC-1,1,54,24,30774,12033
TAACATACACGCGATC-1,1,55,25,31280,12324
CCGACGGGCATGAGGT-1,1,54,26,30774,12615
AATGTGCCCGAGGTGT-1,1,55,27,31280,12906
AGCTGTAACCTCAATC-1,1,54,28,30774,13197
CGAGTGAAGGTACCAG-1,1,55,29,31280,13487
AGTCTCACAAGACTAC-1,1,54,30,30775,13778
AAATTGATAGTCCTTT-1,1,55,31,31281,14069
TAAGTCGCCGAGTATC-1,1,54,32,30775,14360
GCGGAGAAACTTCGCA-1,1,55,33,31281,14650
GGCAAAGGCGCCAATA-1,1,54,34,30775,14941
ATTTCCGGGTTCTGCG-1,1,55,35,31281,15232
TAAACCCAGGAGGGCA-1,1,54,36,30775,15523
TTCGGGCGCTAGTCTT-1,1,55,37,31281,15814
GTGGAGTCGGCGGTTG-1,1,54,38,30775,16104
GCACGCCTACTTAGAT-1,1,55,39,31281,16395
CAATATTCTTGACCTA-1,1,54,40,30776,16686
CGTTTGTGTAGAGGGT-1,1,55,41,31282,16977
CATAGCGTTGCCCACC-1,1,54,42,30776,17268
TGATACATTTAGCCGT-1,1,55,43,31282,17558
TTCCGGCCTTGAGGCT-1,1,54,44,30776,17849
CCTATACCGTCCTGTC-1,1,55,45,31282,18140
TCGTTGCTATCCGGTC-1,1,54,46,30776,18431
TGGCGACTGCTCCAAA-1,1,55,47,31282,18721
CAGAGGCGATGCATGA-1,1,54,48,30776,19012
TCACAGGAGAATAAGA-1,1,55,49,31282,19303
GGGTTAACATTTGAGT-1,1,54,50,30777,19594
GCGGGCGAGCCTTACC-1,1,55,51,31283,19885
TGCCAATGGGTACTCT-1,1,54,52,30777,20176
AGGGACTCTACGCGAC-1,1,55,53,31283,20466
GACGCCGTAAAGGCTA-1,1,54,54,30777,20757
AAAGGCTCTCGCGCCG-1,1,55,55,31283,21048
CTGGCTGGTTGTCAGT-1,1,54,56,30777,21339
ACATCCCGGCCATACG-1,1,55,57,31283,21629
CTCTTGTCCCGCTTGG-1,1,54,58,30777,21920
TACGCCTCCATTCCGA-1,1,55,59,31283,22211
CGGAGCAATTTAATCG-1,1,54,60,30778,22502
AACTAGGCTTGGGTGT-1,1,55,61,31284,22792
GCGTCGCCAGGGTGAT-1,1,54,62,30778,23083
GTTGGTCATGCTATCC-1,1,55,63,31284,23374
GCTGGCGGCGCATGCT-1,1,54,64,30778,23665
TGAGCGGAAAGTGTTC-1,1,55,65,31284,23956
CTTTCTGTGCGGGCTT-1,1,54,66,30778,24247
ATCTAATATCCTACGG-1,1,55,67,31284,24537
AACCTTTAAATACGGT-1,1,54,68,30778,24828
TTCACTCGAGCACCTA-1,1,55,69,31284,25119
CTGCACTCCAGTACAG-1,1,54,70,30779,25410
CCATTTCTACCTATTA-1,1,55,71,31285,25700
CAAGCGGCACATAATT-1,1,54,72,30779,25991
GTTAACATCACTTAAA-1,1,55,73,31285,26282
ATATAAATGTAGCTGC-1,1,54,74,30779,26573
GCCTCTATACATAGCA-1,1,55,75,31285,26863
GTGTCGTATAGCGTTC-1,1,54,76,30779,27154
ATACGTACTTAGCCAC-1,1,55,77,31285,27445
GCTATCATACTCATGG-1,1,54,78,30779,27736
TATCCAATTGGTTATC-1,1,55,79,31286,28027
TCTCCCTGGGCAGCGT-1,1,54,80,30780,28318
CCTATAATGAGTGCCC-1,1,55,81,31286,28608
CAATGCGAGAAGTATC-1,1,54,82,30780,28899
TACCAATAAAGTACCA-1,1,55,83,31286,29190
GCTAGGCACCACGGAG-1,1,54,84,30780,29481
GGTGGACTGCTCTGGC-1,1,55,85,31286,29771
TATTCCGAGCTGTTAT-1,1,54,86,30780,30062
TTGAGAAGTTTAGCAT-1,1,55,87,31286,30353
GTCCGGACCTGAAATT-1,1,54,88,30780,30644
CTGTGGTCGGGAGATA-1,1,55,89,31287,30934
CATGTAAGAGACATTT-1,1,54,90,30781,31225
CACGTTTCGTACACAC-1,1,55,91,31287,31516
CATCCTCTCAAAGATC-1,1,54,92,30781,31807
GATTAACCGAAAGCCC-1,1,55,93,31287,32098
AACGCTGTTGCTGAAA-1,1,54,94,30781,32389
TTCAGCTGGCGTGCCC-1,1,55,95,31287,32679
TAGAGGTTCTACTTGT-1,1,54,96,30781,32970
GTATCAAACGTTAGCT-1,1,55,97,31287,33261
AATCATGTAAAGACTC-1,1,54,98,30781,33552
AGTCACTAGCTCTCGA-1,1,55,99,31288,33842
GCGAAACGATCGGGAG-1,1,54,100,30782,34133
CATGGATTGTCTTCCG-1,1,55,101,31288,34424
ATTGGATTACAGCGTA-1,1,54,102,30782,34715
CACACACGCTAACGAG-1,1,55,103,31288,35005
CTATGGGAAGCGGAAT-1,1,54,104,30782,35296
TGCCTAATTGAAGATT-1,1,55,105,31288,35587
TGGCAATGGGACGGCG-1,1,54,106,30782,35878
ACCTCCGCCCTCGCTG-1,1,55,107,31288,36169
CGGCAATAAGATCGCC-1,1,54,108,30782,36460
CCTTGACCACTTTATT-1,1,55,109,31289,36750
TCATTTAGAAGTGTGA-1,1,54,110,30783,37041
CAGAATAACACACGGA-1,1,55,111,31289,37332
TCTGAGCAATTGACTG-1,1,54,112,30783,37623
CAACGTGGTGGAGTCT-1,0,55,113,31289,37913
CACAGTTCGCTTCCCA-1,0,54,114,30783,38204
TCTCTCGCCGCACATA-1,0,55,115,31289,38495
TGGGCAGGCCACCGCA-1,0,54,116,30783,38786
CTCCTGTTCAAGGCAG-1,0,55,117,31289,39076
TATTTGATTTGCACAG-1,0,54,118,30784,39367
GCCACTCCTTACGGTA-1,0,55,119,31290,39658
ACCGATATTTAATCAT-1,0,54,120,30784,39949
TTATTATCTGGAAGGC-1,0,55,121,31290,40240
TACATGCCGGAATTGT-1,0,54,122,30784,40531
GGCACTCAGCCGACCC-1,0,55,123,31290,40821
AAACCGGAAATGTTAA-1,0,54,124,30784,41112
AGACAGGCATCTCAGC-1,0,55,125,31290,41403
GTGGTGATGGTTTGTG-1,0,54,126,30784,41694
CCGATATGACGTAAGG-1,0,55,127,31290,41984
CATACACAAAGTCAGC-1,1,56,0,31783,5054
TGCCGTTCTTAATCGG-1,1,57,1,32289,5345
TCGAGTCTACGATTCG-1,1,56,2,31784,5636
ACTTCCAGTGGAAGCT-1,1,57,3,32290,5926
CAATTGGGCCGCACTC-1,1,56,4,31784,6217
AAATCGCGGAAGGAGT-1,1,57,5,32290,6508
ATATCAATTCCAGCCT-1,1,56,6,31784,6799
CTTTGTCGAATGCTCC-1,1,57,7,32290,7090
TGAGGCATGTACTGTG-1,1,56,8,31784,7381
TTCGCCGCTCGCGCTA-1,1,57,9,32290,7671
GACTCCTTCCAATTGA-1,1,56,10,31784,7962
ACCGAAGAGTCTGGTT-1,1,57,11,32291,8253
TGGCATGAAGTTTGGG-1,1,56,12,31785,8544
ACGAGGTTTACAACGT-1,1,57,13,32291,8834
AACCCATCCCATGATC-1,1,56,14,31785,9125
TCGACAACTGAACCCG-1,1,57,15,32291,9416
TATCTTGCAATACAAC-1,1,56,16,31785,9707
TATTATGTTTGCCTGC-1,1,57,17,32291,9997
GTCAAAGAAGTGGTGT-1,1,56,18,31785,10288
GGGACAGAGTTACTCC-1,1,57,19,32291,10579
AGCAACCGAAAGTAAT-1,1,56,20,31785,10870
CTCTCTAACTGCCTAG-1,1,57,21,32292,11161
ATACGGAACGTCGTTT-1,1,56,22,31786,11452
TCGGTCCCGACAATAG-1,1,57,23,32292,11742
CGCGCAAATGTCCAGA-1,1,56,24,31786,12033
TCTAATACTGCCTCAG-1,1,57,25,32292,12324
CTCGGTTGTCGGCCCT-1,1,56,26,31786,12615
GGTAACCGGGAGGATA-1,1,57,27,32292,12905
CAGGCGCACGGTGGTC-1,1,56,28,31786,13196
TCATCGATGGTCCCAA-1,1,57,29,32292,13487
CAAAGATTATTGGGCC-1,1,56,30,31786,13778
ACAATGAATACGGAGA-1,1,57,31,32293,14068
GCTCCTGACATACTGG-1,1,56,32,31787,14359
GATGACAAGTAGGGCA-1,1,57,33,32293,14650
TACGCCGAGGGTACCC-1,1,56,34,31787,14941
AAGCGTCCCTCATCGA-1,1,57,35,32293,15232
CACTCCTATGTAAGAT-1,1,56,36,31787,15523
TCGAGCCAGGCAGGCC-1,1,57,37,32293,15813
TCGTCAAGTACGCGCA-1,1,56,38,31787,16104
CCCGTAGCTGGGAAGA-1,1,57,39,32293,16395
ACCCTATGCCATATCG-1,1,56,40,31787,16686
GTGGTATAGTCTGCCG-1,0,57,41,32294,16976
CCGGTTTGTAATTGTG-1,1,56,42,31788,17267
GTCGCCGTTGTGTGTT-1,0,57,43,32294,17558
TACTGAACAGATTTAG-1,1,56,44,31788,17849
TATTAACCTGACCGCG-1,0,57,45,32294,18139
CTGTAGCCATCTCACT-1,1,56,46,31788,18430
TACTATGGTTCCTCAG-1,0,57,47,32294,18721
GAGTCAGACCAGAATC-1,0,56,48,31788,19012
TAAGGCATAACATCAA-1,0,57,49,32294,19303
CTTCCGCTCCGTGAAG-1,0,56,50,31789,19594
GGGCTATGATCGATGG-1,0,57,51,32295,19884
GGTCGGTCGTCCACAG-1,0,56,52,31789,20175
GGGACCCGTATATCTT-1,0,57,53,32295,20466
GAAAGCAGTGCACTTT-1,0,56,54,31789,20757
AGCGCATAATGAATCG-1,1,57,55,32295,21047
GCTGCTAAGTAGTCGA-1,1,56,56,31789,21338
AATAGTCCGTCCCGAC-1,1,57,57,32295,21629
AGCAGCCAGATGAATA-1,1,56,58,31789,21920
CCTCGCGCTGTGCGAT-1,1,57,59,32295,22210
TTGTGTATGCCACCAA-1,1,56,60,31790,22501
TGCTCGGCGAAACCCA-1,1,57,61,32296,22792
CGATTAAATATCTCCT-1,1,56,62,31790,23083
TGCCGTGGATCGTCCT-1,1,57,63,32296,23374
GTGGACGCATTTGTCC-1,1,56,64,31790,23665
ACCCGGAAACTCCCAG-1,1,57,65,32296,23955
CCGCATGTGGTACGAT-1,1,56,66,31790,24246
GCAAACCTTGGCCATA-1,1,57,67,32296,24537
ATTCACTGATGTTGGA-1,1,56,68,31790,24828
ACTCCCTAATGCTAAA-1,1,57,69,32296,25118
TCCTAAATTGGGAAGC-1,1,56,70,31791,25409
GAACAGATTACTAAAT-1,1,57,71,32297,25700
ATACAGGCCCTCCAAT-1,1,56,72,31791,25991
CGATTCGCCTGGCTGC-1,1,57,73,32297,26281
TCCGCCTGTCTACAAG-1,1,56,74,31791,26572
CACATCTCACCGACGA-1,1,57,75,32297,26863
CGTCGTCCTTCGCGAA-1,1,56,76,31791,27154
CGTTGAATACCGCGCT-1,1,57,77,32297,27445
ACCAATATGCAAGTTA-1,1,56,78,31791,27736
ACGGATGGTGCGGATA-1,1,57,79,32297,28026
CACCCTAACAAGATCT-1,1,56,80,31792,28317
AAGCTCTTTCATGGTG-1,1,57,81,32298,28608
CATGGGTATGCCTTAT-1,1,56,82,31792,28899
GCGCGTCATTGGTACA-1,1,57,83,32298,29189
TCTGAAGCACGTGGTC-1,1,56,84,31792,29480
AAGTTCACTCCAAGCT-1,1,57,85,32298,29771
TTGGACCTATAACAGT-1,1,56,86,31792,30062
ATCAGCCTCATGCTGC-1,1,57,87,32298,30352
AGTACTCTTATGCCCA-1,1,56,88,31792,30643
GCGCTTAAATAATTGG-1,1,57,89,32298,30934
TTGTGAACCTAATCCG-1,1,56,90,31793,31225
AGTCGTCGACCACCAA-1,1,57,91,32299,31516
TCCTTTAAATCCGCTT-1,1,56,92,31793,31807
ACTGAAACGCCGTTAG-1,1,57,93,32299,32097
GCACACACTGGTAGCC-1,1,56,94,31793,32388
TAAGGGCCTGTCCGAT-1,1,57,95,32299,32679
GCTAGAGTAGAGATGT-1,1,56,96,31793,32970
CACAGGGCCATATAGT-1,1,57,97,32299,33260
CCATGCCCTAGATTTC-1,1,56,98,31793,33551
TCGCGTAGCAGTGTCC-1,1,57,99,32299,33842
GACGAGGCTAATAAAC-1,1,56,100,31794,34133
CTACACTCGCAGATGG-1,1,57,101,32300,34424
ACGCATACGTTTACTA-1,1,56,102,31794,34714
GGAGCAACATTTCAAG-1,1,57,103,32300,35005
CGAGAGGGTAGCCGCG-1,1,56,104,31794,35296
TCGTGTTCGACCACAA-1,1,57,105,32300,35587
TCTACCCAATAGAGAG-1,1,56,106,31794,35878
ATAAACGTTGCACCAC-1,1,57,107,32300,36168
TCAACTGCAGAGTCAG-1,1,56,108,31794,36459
AGCTCCATATATGTTC-1,1,57,109,32300,36750
GTAACATCTAAGATAA-1,1,56,110,31795,37041
CCGACAATAGGCCGCC-1,1,57,111,32301,37331
ATGCTTAGGAGTTGAT-1,1,56,112,31795,37622
AACCCGAGCAGAATCG-1,1,57,113,32301,37913
CGGGTTTGTTAGGGCT-1,0,56,114,31795,38204
AGGCACGTGACTGTCC-1,0,57,115,32301,38495
GACAAGAGATGAGATT-1,0,56,116,31795,38785
AGCCCTTGGACATCCC-1,0,57,117,32301,39076
GCAGTTCGATCCGAGC-1,0,56,118,31795,39367
TCGAGGGCAACAGACG-1,0,57,119,32302,39658
ACTTTGTCGACGCACT-1,0,56,120,31796,39949
GAGTATCAAAGTTACA-1,0,57,121,32302,40239
CCAGGCTGGCGTCTGA-1,0,56,122,31796,40530
GGACTCTTCCGGTTGA-1,0,57,123,32302,40821
TCCCAGCACACGACAT-1,0,56,124,31796,41112
GCTCCATGAGTGCAGA-1,0,57,125,32302,41402
GCAGTGCGGGCGGATG-1,0,56,126,31796,41693
GCGTTCTGACTAAGCG-1,0,57,127,32302,41984
ATTTGGAGATTGCGGT-1,1,58,0,32795,5054
AAGGGTTTGATTTCAG-1,1,59,1,33301,5345
CCGGCCGCGAGCATAT-1,1,58,2,32796,5635
GAGTTCTGTGGGTGCT-1,1,59,3,33302,5926
AAACGAAGATGGAGTA-1,1,58,4,32796,6217
AATTACGAGACCCATC-1,1,59,5,33302,6508
CCTTTGAATTATGGCT-1,1,58,6,32796,6799
CATGGTATTAGTTTGT-1,1,59,7,33302,7089
AACGAAAGTCGTCCCA-1,1,58,8,32796,7380
ACATAAGTCGTGGTGA-1,1,59,9,33302,7671
GCACAACCTCGGGCGT-1,1,58,10,32796,7962
ATGCACGCGCTGTTCA-1,1,59,11,33302,8252
CGATGTTGTTATCTAC-1,1,58,12,32797,8543
GTCTCCTGCCAGTATG-1,1,59,13,33303,8834
GATGCCTTCTGCGGCA-1,1,58,14,32797,9125
ACCGGTCAGGTACACC-1,1,59,15,33303,9416
GTGGAGCGTTTACCGA-1,1,58,16,32797,9706
AGGCGGTTTGTCCCGC-1,1,59,17,33303,9997
TCCCTGGCGTATTAAC-1,1,58,18,32797,10288
AAACACCAATAACTGC-1,1,59,19,33303,10579
TGGACGCAATCCAGCC-1,1,58,20,32797,10870
GGAACCTTGACTCTGC-1,1,59,21,33303,11160
GTATCTCAGTCTTGAC-1,1,58,22,32798,11451
GCTGAATCTTCCAATC-1,1,59,23,33304,11742
AGATGCAAGACGTGCA-1,1,58,24,32798,12033
TTAAGGCCCGTACTTT-1,1,59,25,33304,12323
AGTATGCTGGAGACCA-1,1,58,26,32798,12614
GCGGCAAAGTATTGCC-1,1,59,27,33304,12905
GCGCAAATATATTCAA-1,1,58,28,32798,13196
GAAGAAACGATATTGT-1,1,59,29,33304,13487
GGACCTCTAGGCCGCC-1,1,58,30,32798,13777
AACAGCTGTGTGGCAA-1,1,59,31,33304,14068
TCGAATATCCCGCAGG-1,1,58,32,32799,14359
GCGACCCAACCATCTG-1,1,59,33,33305,14650
AGAGAAGGAGTACAAT-1,1,58,34,32799,14941
GGCTCCTCCACCTGTT-1,1,59,35,33305,15231
TCAGTGTATACGTCAT-1,1,58,36,32799,15522
ATTATTATGTCCGTCA-1,1,59,37,33305,15813
TTAGGTCATAACCGAC-1,0,58,38,32799,16104
AAGATGGCACCGGACC-1,0,59,39,33305,16394
CTACAAGAAATAACCC-1,0,58,40,32799,16685
ACTATTTCCGGGCCCA-1,0,59,41,33306,16976
TTGTTTCACATCCAGG-1,0,58,42,32800,17267
CGCTGTGTGGATGTTG-1,0,59,43,33306,17558
TCAACATAGCGCCCTA-1,0,58,44,32800,17849
GGCCGTTTGGGTTTCA-1,0,59,45,33306,18139
TACTCTTTCGTCTTCA-1,0,58,46,32800,18430
TTCGCGCGCCATACGA-1,0,59,47,33306,18721
CGGAAAGAATCAAACG-1,0,58,48,32800,19012
AGGCAGGGAGCGTACT-1,0,59,49,33306,19302
CCTTTAAGGGAGCACT-1,0,58,50,32800,19593
CGCCCAGCACGCCTAG-1,0,59,51,33307,19884
AGTATTTGGCACGACC-1,0,58,52,32801,20175
TATCCGCACCGTCGGG-1,0,59,53,33307,20465
ACCCGTGTCATCAGTA-1,0,58,54,32801,20756
CAACTGCTCATCCGAT-1,0,59,55,33307,21047
CCGGAGCGTACTTTCT-1,0,58,56,32801,21338
TACCGTAGGTTAACTA-1,0,59,57,33307,21629
TGAGGAGTGCCAGCTT-1,0,58,58,32801,21920
CCAGTCTTGTCATAGA-1,0,59,59,33307,22210
GGGCAGAGCAATCGTT-1,1,58,60,32801,22501
TACCAAATAGCCCAGA-1,1,59,61,33308,22792
TACCTACTCCCAGTAT-1,1,58,62,32802,23083
TGTGAGACTAGCCCAA-1,1,59,63,33308,23373
ATACCTAACCAAGAAA-1,1,58,64,32802,23664
GTCGGGAAGCAGAAAC-1,1,59,65,33308,23955
AATTAACGGATTTCCA-1,1,58,66,32802,24246
GAACCCTCTGTGTTCT-1,1,59,67,33308,24536
ATATAAAGCGCTCGTG-1,1,58,68,32802,24827
CCTGGTCGAATGTGGG-1,1,59,69,33308,25118
CTAGGTTCGGACGTGA-1,1,58,70,32802,25409
TCGGGAGACAGCGTAC-1,1,59,71,33309,25700
CATAAGAAGCTTGGCT-1,1,58,72,32803,25991
AAGCACCCTGCGTATC-1,1,59,73,33309,26281
AGTTTGCACCTGCCTC-1,1,58,74,32803,26572
GACTGCAAATCGAGCT-1,1,59,75,33309,26863
GTGTATATCAGCGGGC-1,1,58,76,32803,27154
CTTCAACTCCACTTGG-1,1,59,77,33309,27444
ACTTACGCATCCACGC-1,1,58,78,32803,27735
CATGAGATGCACTCTC-1,1,59,79,33309,28026
GAGCACCTGTGTCCAG-1,1,58,80,32804,28317
CGCGACCGCGACAGAT-1,1,59,81,33310,28607
GTCCCGCGACGTTATG-1,1,58,82,32804,28898
GCAGTGTGGCTATAGG-1,1,59,83,33310,29189
ATACTGCCTTACACCG-1,1,58,84,32804,29480
TACAGAAACGGTGGGC-1,1,59,85,33310,29771
GGCGCGGAGATCTTTC-1,1,58,86,32804,30062
CGTTAATGTCCCGACG-1,1,59,87,33310,30352
GCTAACTGAAGTCTGA-1,1,58,88,32804,30643
AGTGATAACCTGCGCG-1,1,59,89,33310,30934
TATGATCTTCTCTTTA-1,1,58,90,32805,31225
TGTACCTACACGAGGG-1,1,59,91,33311,31515
ATATCGTTCCTCGAAC-1,1,58,92,32805,31806
CGGCGCCATCAATCCC-1,1,59,93,33311,32097
CCTGTTTGAAGACACG-1,1,58,94,32805,32388
GCCACTCAGAGCGCGA-1,1,59,95,33311,32678
TCGGCTTGTATCGACG-1,1,58,96,32805,32969
TAGATGGTTCCTTACT-1,1,59,97,33311,33260
ATCGTTAGCTAGCGGA-1,1,58,98,32805,33551
ACAGCGACATTCTCAT-1,1,59,99,33311,33842
ATTCAACCATTTAAGG-1,1,58,100,32806,34133
CACTCTTCTGCTAGCC-1,1,59,101,33312,34423
CTAACTGATAATCGCC-1,1,58,102,32806,34714
TGATGTCAATTAAGTG-1,1,59,103,33312,35005
CGCCGTTCAGCATAGT-1,1,58,104,32806,35296
ATACTACCCGTACCAC-1,1,59,105,33312,35586
CCACTGTTTGGATTAA-1,1,58,106,32806,35877
CACTACGGGAGCTGCC-1,1,59,107,33312,36168
GACCAAACGTTGACTG-1,1,58,108,32806,36459
AAGAGGCCCTTTGGAA-1,1,59,109,33312,36749
ACACGTAGGCCACAAG-1,1,58,110,32807,37040
TACTCTTACTTTACTG-1,1,59,111,33313,37331
AGAGCCGCCGAGATTT-1,1,58,112,32807,37622
GGCCTGCTTCTCCCGA-1,1,59,113,33313,37913
TCAAGCGCGGACGGTA-1,0,58,114,32807,38204
ACACTGGGACAGTCGT-1,0,59,115,33313,38494
TGTGTAGTAGCACGTG-1,0,58,116,32807,38785
CTAGCCACAGGCGAGC-1,0,59,117,33313,39076
CTATCGCGTAGAGAAC-1,0,58,118,32807,39367
GTTCCCGTAAACATAT-1,0,59,119,33313,39657
TCTTTCCTTCGAGATA-1,0,58,120,32808,39948
ATATTGGAGAGGCCTT-1,0,59,121,33314,40239
AGGCGATAACTGGCGT-1,0,58,122,32808,40530
ACCCGGAGCACCACAA-1,0,59,123,33314,40820
TGAGCTCAACTGTATA-1,0,58,124,32808,41111
ACGACCCATGAGTTGC-1,0,59,125,33314,41402
CGGTCAGTCCATATTT-1,0,58,126,32808,41693
TCCGGCTGTCGGGTCG-1,0,59,127,33314,41984
ATTCCCGAAGGTACAG-1,1,60,0,33807,5054
CTAACAGCACAATAAC-1,1,61,1,34313,5344
TTGTGCGGAAGCGGAT-1,1,60,2,33807,5635
GGGCACTATTGACCAT-1,1,61,3,34314,5926
CCATAGAGGCTGCCAG-1,1,60,4,33808,6217
CCGAAGCATTGACCAA-1,1,61,5,34314,6507
TACTGAGGGAAGAAAG-1,1,60,6,33808,6798
TATGTAGAAACCCGGC-1,1,61,7,34314,7089
TGGTTAACTTACATTT-1,1,60,8,33808,7380
AGAACCCTCAATTGGG-1,1,61,9,34314,7670
CCTATATCGTGTCACG-1,1,60,10,33808,7961
ACGGCTGGATGTAGAA-1,1,61,11,34314,8252
CTCGCATTGCATAGCC-1,1,60,12,33809,8543
ACTTTGGTCGTGCTCC-1,1,61,13,34315,8834
GCTGGTTTAGGCCATA-1,1,60,14,33809,9125
TGTCGTTATCACATAT-1,1,61,15,34315,9415
ACACATGATCAAATCT-1,1,60,16,33809,9706
TATCCATCTCGGTTAG-1,1,61,17,34315,9997
CTCGTCGAGGGCTCAT-1,1,60,18,33809,10288
ATCAATGCCGTGGCTG-1,1,61,19,34315,10578
GAAACATAGGAAACAG-1,1,60,20,33809,10869
TAATAGGTCACCAGAA-1,1,61,21,34315,11160
CACCAGTCAGCATGCA-1,1,60,22,33810,11451
GAGCGCTGTTAGGTAA-1,1,61,23,34316,11741
CCCTATGTAGAGCAGA-1,1,60,24,33810,12032
GATCGCTATATCTCAG-1,1,61,25,34316,12323
AAGGGACTATGCATTC-1,1,60,26,33810,12614
CTCGGGTTCTCTGGCC-1,1,61,27,34316,12905
TATATATCGAGAAATG-1,1,60,28,33810,13196
ACCCGAGCGAAATTAC-1,1,61,29,34316,13486
TTGTTTCATTAGTCTA-1,1,60,30,33810,13777
ATGGGACCTGCTGAAC-1,1,61,31,34316,14068
TGCGACGGCCGAACGT-1,1,60,32,33811,14359
AGCTAACAAGCAATGT-1,1,61,33,34317,14649
CGTGTCTCGTTACGAC-1,1,60,34,33811,14940
CTAAATCCGGTGTACA-1,1,61,35,34317,15231
GAATAGTGCTCGATTA-1,1,60,36,33811,15522
AACAATACATTGTCGA-1,1,61,37,34317,15812
CACATCGTGCACGCGC-1,1,60,38,33811,16103
ACCGTGACCACGTGGG-1,1,61,39,34317,16394
CCCAATGAGATTTGCA-1,0,60,40,33811,16685
TCAGCAGTAGGCCCTG-1,0,61,41,34317,16976
CTACTCAAGGTATAGT-1,0,60,42,33812,17267
TAGTAGCTTATACCAG-1,0,61,43,34318,17557
ACGTTCGTTCAGGAAA-1,0,60,44,33812,17848
TTAGAATAAGGGTCGG-1,0,61,45,34318,18139
TTCTAGAAAGTCTTAT-1,0,60,46,33812,18430
CCTTCAGTTAAAGTGA-1,1,61,47,34318,18720
TAGCTAGTGATGATGG-1,0,60,48,33812,19011
AGCCCGGTAGCCTGTA-1,0,61,49,34318,19302
TACCTCAGTTGTCTGT-1,0,60,50,33812,19593
GACGGGTTGGCCCGTA-1,0,61,51,34318,19883
GAAACCTATACAAATG-1,0,60,52,33813,20174
TCCACCTCTAGCCTTT-1,0,61,53,34319,20465
AAGACCCAACTGAACA-1,0,60,54,33813,20756
CATACACGGTTCCCAC-1,0,61,55,34319,21047
ACTACGCGTTAGAATT-1,0,60,56,33813,21338
CTTGGCCAAGCTGGGA-1,0,61,57,34319,21628
TTACCCTAGGGATTGG-1,0,60,58,33813,21919
TTCGCACTGTACGACA-1,0,61,59,34319,22210
TAGGTGTTCCACAGAT-1,0,60,60,33813,22501
GAAGCCTGCACATTCC-1,0,61,61,34319,22791
GGCTTTCAATAAGGGT-1,1,60,62,33814,23082
TCCAGGGTATATACGA-1,1,61,63,34320,23373
CTCGCCGAATGTAGGG-1,1,60,64,33814,23664
AGGAAGCTGTCCGCCG-1,1,61,65,34320,23954
GTCTCAAGGCCCGGCT-1,1,60,66,33814,24245
ACCGACACATCTCCCA-1,1,61,67,34320,24536
TATACGCGTCATCACT-1,1,60,68,33814,24827
ATCTGGGCTGTTCTTG-1,1,61,69,34320,25118
TCAAATTTGAGACTCA-1,1,60,70,33814,25409
GTTAAGGGTGCGATGT-1,1,61,71,34320,25699
AGCAAAGGCCGCTAGT-1,1,60,72,33815,25990
TTATAGGTAATTGTCT-1,1,61,73,34321,26281
TTGTGCAGCCACGTCA-1,1,60,74,33815,26572
ACGGACTCTCAAAGCG-1,1,61,75,34321,26862
ATGCTCTGGCGCGGTA-1,1,60,76,33815,27153
ATAATCTTGGAGAACC-1,1,61,77,34321,27444
CTCATTGCTCTAACAA-1,1,60,78,33815,27735
TAGGTGACGATAACCT-1,1,61,79,34321,28025
CGGATCCTCAAGGACT-1,1,60,80,33815,28316
GGGCGTGGTTTCCCAG-1,1,61,81,34322,28607
TGGCTATGTGACATAC-1,1,60,82,33816,28898
CTTAGTGTAGTAGCAT-1,1,61,83,34322,29189
GGATTGCTGTGACTCC-1,1,60,84,33816,29480
ACTTCCATGCGGGACA-1,1,61,85,34322,29770
ACTCAAGTGCAAGGCT-1,1,60,86,33816,30061
ACAAGGATGCTTTAGG-1,1,61,87,34322,30352
TTGAACGACGTGCTGA-1,1,60,88,33816,30643
ATTCATCGTTGAGGCA-1,1,61,89,34322,30933
TGCAACCCATCTGCGG-1,1,60,90,33816,31224
AGTGCTAAACACAGCA-1,1,61,91,34323,31515
AACTCCAGAGCGTGTT-1,1,60,92,33817,31806
TCTCCACAAGTTGAAT-1,1,61,93,34323,32097
CTTTGCATCGCTCTTG-1,1,60,94,33817,32387
TCACAAACCGAGGTAC-1,1,61,95,34323,32678
CCGTAGGAAATCCCTG-1,1,60,96,33817,32969
AAACATTTCCCGGATT-1,1,61,97,34323,33260
GCCTCCGACAATTCAC-1,1,60,98,33817,33551
TCTGCATACCTTGCTT-1,1,61,99,34323,33841
ACCCATTTGTCCCTCT-1,1,60,100,33817,34132
CTGCAGAGAATCAGAG-1,1,61,101,34324,34423
GGAAACTAAATGGGCC-1,1,60,102,33818,34714
CAACCTACCGAGCAGT-1,1,61,103,34324,35004
CCGTAGGGTTGTTTAC-1,1,60,104,33818,35295
GGTTTGTGACCTGAGG-1,1,61,105,34324,35586
TAACCTAGGGAGTCCA-1,1,60,106,33818,35877
TTCCATCGACAGCGTG-1,1,61,107,34324,36168
ATCTCCCACGGAATAT-1,1,60,108,33818,36458
GTTTCAAACGAGTTGT-1,1,61,109,34324,36749
GGAACTTTGGCGATTA-1,1,60,110,33819,37040
CTGCAAGCACGTTCCG-1,1,61,111,34325,37331
CACAGTCCCGCTTCGC-1,1,60,112,33819,37622
TACGCTCGGTATTGGA-1,0,61,113,34325,37912
CTGGTAAAGTGTGGGC-1,0,60,114,33819,38203
CAACCAGTGGCCTACC-1,0,61,115,34325,38494
TCTTCGCGGTGAGAGG-1,0,60,116,33819,38785
TTCGGGTTGCCACGGG-1,0,61,117,34325,39075
ACCGATAGGCATAACC-1,0,60,118,33819,39366
CTTATAGATGGCTGTT-1,0,61,119,34325,39657
AGACGCCCACTTCGCC-1,0,60,120,33820,39948
AGGTCGCCTCCCAACA-1,0,61,121,34326,40239
CCTCACGTCAGCTAAT-1,0,60,122,33820,40529
CCACCTGTATGGAATA-1,0,61,123,34326,40820
GGACTCGAAGCTTTCA-1,0,60,124,33820,41111
AAGCCGGAGAGCAGGA-1,0,61,125,34326,41402
GCCTATCAGGTAAGAT-1,0,60,126,33820,41693
TCAGAGTGTGAGCATG-1,0,61,127,34326,41983
AAACATGGTGAGAGGA-1,1,62,0,34819,5053
ATCATTGTACCGCATT-1,1,63,1,35325,5344
TCAGCTTGAGCTTTCG-1,1,62,2,34819,5635
CCGCGCAAGATACCCA-1,1,63,3,35326,5925
CTATACTTAAAGCGAG-1,1,62,4,34820,6216
ACCGTCCACTGGGCCC-1,1,63,5,35326,6507
AAGACCAAATAACTCA-1,1,62,6,34820,6798
TGTTTCTGAAGCGTGC-1,1,63,7,35326,7089
TTCTCTTACAGGTGAT-1,1,62,8,34820,7379
AATTCATTGTCATGCA-1,1,63,9,35326,7670
GCCCGAGAGTCTAAAT-1,1,62,10,34820,7961
ATATAGAGTATTGGTC-1,1,63,11,35326,8252
TTGAAGGATGGGCGCC-1,1,62,12,34820,8543
TAGTACCACAACTTTC-1,1,63,13,35327,8833
ATCCCATCCACAGCGC-1,1,62,14,34821,9124
CTTAGGTATAGACCAG-1,1,63,15,35327,9415
TGACTCCGAATCATAC-1,1,62,16,34821,9706
ACTACATCCCGACAAG-1,1,63,17,35327,9996
TTGCCGCAGACCTACA-1,1,62,18,34821,10287
TAAGAGGGACAGGGAC-1,1,63,19,35327,10578
CGAATGAAGTCATTGC-1,1,62,20,34821,10869
AAGGGAACGACTGGCT-1,1,63,21,35327,11160
CGAATCTGCTCGACGC-1,1,62,22,34821,11450
ATCGTGGAAAGTCTGG-1,1,63,23,35328,11741
CCTATGGCTCCTAGTG-1,1,62,24,34822,12032
CGTCGCTTGGTTATAC-1,1,63,25,35328,12323
TGCTTAGAGAGAATGC-1,1,62,26,34822,12614
GATTGCTCCAGTTGCA-1,1,63,27,35328,12904
CGTGCTTCTACCTAAA-1,1,62,28,34822,13195
ACTCCAATATCATCAT-1,1,63,29,35328,13486
GCCGACCCACGACTGC-1,1,62,30,34822,13777
GAGGGTAGTAACAAAG-1,1,63,31,35328,14067
GGCCGAGACTCTGGTG-1,1,62,32,34822,14358
TATATAGGGCTTTACG-1,1,63,33,35329,14649
TGCCGGATGTACGAGC-1,1,62,34,34823,14940
AGGTAGATCGAGATAT-1,1,63,35,35329,15231
GATCAACATAAAGGGA-1,1,62,36,34823,15522
TAACAGCGTTTGTGCT-1,1,63,37,35329,15812
CTATAGGCGTTGATGT-1,1,62,38,34823,16103
GGTTTAATTACCATCG-1,1,63,39,35329,16394
CTCTTCTGGAAGTTAG-1,1,62,40,34823,16685
ATCTGACATGGAAGGA-1,1,63,41,35329,16975
TACGTACTAGTGCTGA-1,0,62,42,34824,17266
ATGACTATCAGCTGTG-1,0,63,43,35330,17557
CTTTGGGATTGTTGCA-1,0,62,44,34824,17848
AGACTGTTACCGGGTC-1,1,63,45,35330,18138
TCCTAACCGTCGGGCA-1,0,62,46,34824,18429
ACGCAAACTAATAGAT-1,1,63,47,35330,18720
AAGTGAGTCGGGTTTA-1,1,62,48,34824,19011
TAAAGCGGTATTTCCA-1,0,63,49,35330,19302
CTCCTCCAGCTCACAC-1,0,62,50,34824,19593
CGGTCCGTCGCAAGCC-1,0,63,51,35330,19883
CCTATATTTGTCCTGG-1,0,62,52,34825,20174
TCCAATAAAGGCTACC-1,0,63,53,35331,20465
AAAGGCTACGGACCAT-1,0,62,54,34825,20756
CGTGACCAGTCCTCTG-1,0,63,55,35331,21046
GATCTGCTATCTAAGG-1,0,62,56,34825,21337
CGAATGACGCATAATG-1,0,63,57,35331,21628
GCTCAATGTAATACCG-1,0,62,58,34825,21919
CTATGCCCGAATGCAA-1,0,63,59,35331,22209
CACAGGGCCGTTGTCA-1,0,62,60,34825,22500
TCAATACGCCGTCATG-1,0,63,61,35331,22791
AGCGGACACTTCGTAG-1,1,62,62,34826,23082
ATACGTTATGCACGGA-1,1,63,63,35332,23373
GAGTAGATACTAGTTG-1,1,62,64,34826,23664
CCAGCTCGAACGCATT-1,1,63,65,35332,23954
TGCTTCCCAAGCAGTA-1,1,62,66,34826,24245
GTAGACACGCCTGACT-1,1,63,67,35332,24536
CTCACATTTACTAAAT-1,1,62,68,34826,24827
GAATGCGAATCGGTTC-1,1,63,69,35332,25117
TAAGGCCCGTCACCCT-1,1,62,70,34826,25408
GAGTATGCGCGTGCAT-1,1,63,71,35332,25699
ATCCACATCGACAGAA-1,1,62,72,34827,25990
TAGACGAAACGCCAAT-1,1,63,73,35333,26280
CAGCAGTCTGTGCTGC-1,1,62,74,34827,26571
CTCACTGTGATACTTA-1,1,63,75,35333,26862
TTAATTGCTTTGGGTG-1,1,62,76,34827,27153
GTAGTCTACGATATTG-1,1,63,77,35333,27444
TTGCCGCTTTCTAGTA-1,1,62,78,34827,27735
GAACCTTTAACGATCC-1,1,63,79,35333,28025
TGGACCAATCTAAGAT-1,1,62,80,34827,28316
CTAGTAGAAAGGGATT-1,1,63,81,35333,28607
AACCTCGCTTTAGCCC-1,1,62,82,34828,28898
GAGTGTCAACCAGAAA-1,1,63,83,35334,29188
GTGATCCTTGTCATGA-1,1,62,84,34828,29479
CTCAACTAACCCGGAT-1,1,63,85,35334,29770
AGTGGCGTCTGAAGGT-1,1,62,86,34828,30061
GGGAAGGGCTTTCTCA-1,1,63,87,35334,30351
AGGCCTGAGAATCTCG-1,1,62,88,34828,30642
AGCCACAGGTTACCCG-1,1,63,89,35334,30933
TGCAATCTAACACGGT-1,1,62,90,34828,31224
GTTTGGGTTTCGCCCG-1,1,63,91,35334,31515
CCTATGTCCACTCCAC-1,1,62,92,34829,31806
CTGCCTTTCTAGTAAA-1,1,63,93,35335,32096
TTAGTAAACCTGCTCT-1,1,62,94,34829,32387
TTGTGGTGGTACTAAG-1,1,63,95,35335,32678
CCTCCTGTTGTGTCGT-1,1,62,96,34829,32969
ACAAAGCATGACCTAG-1,1,63,97,35335,33259
ATAGCAACTAGGGAAG-1,1,62,98,34829,33550
CCGCTCTTCCGAACTA-1,1,63,99,35335,33841
TAGAATAGCCGATGAA-1,1,62,100,34829,34132
GGTCTCCGTCCAGGTT-1,1,63,101,35335,34422
TAATTACGTCAGTAGA-1,1,62,102,34830,34713
TACGTAAAGCGGAGTG-1,1,63,103,35336,35004
GCTACAATCGAGGATA-1,1,62,104,34830,35295
TCAGCCAATCCGTAAA-1,1,63,105,35336,35586
ATCATAGCCCTATGTA-1,1,62,106,34830,35877
GAGGCCTGTTGATACA-1,1,63,107,35336,36167
ATATACGCTCGTGACG-1,1,62,108,34830,36458
CCCTTTAATGGAGTTC-1,1,63,109,35336,36749
TTACACGATCTGCGAC-1,1,62,110,34830,37040
TCGCATAAAGGGCGCA-1,1,63,111,35337,37330
TGTAGCCATCCCATTC-1,1,62,112,34831,37621
GGGTCTATCGCTTTCC-1,0,63,113,35337,37912
GGAGGGTCAAGTAAGA-1,0,62,114,34831,38203
TACGGCATGGACGCTA-1,0,63,115,35337,38493
CACGTCAATCAATGGA-1,0,62,116,34831,38784
CGCTTGGACGGATAGA-1,0,63,117,35337,39075
CGCGGTACGGTATACA-1,0,62,118,34831,39366
CCTACTCAACACGATT-1,0,63,119,35337,39657
CGTTTGGTGTTGTGGG-1,0,62,120,34831,39948
GTTGTTGCAAGATGGC-1,0,63,121,35338,40238
CATTCGTCGTAGCGGT-1,0,62,122,34832,40529
CAGCCTCGATAGCGGT-1,0,63,123,35338,40820
TCATAAGTCCAAGAAG-1,0,62,124,34832,41111
AAAGTGCCATCAATTA-1,0,63,125,35338,41401
GTTGCAGTCGACAACA-1,0,62,126,34832,41692
TAAATGGGCTACTGAG-1,0,63,127,35338,41983
GGACAAGCCATGATCG-1,1,64,0,35831,5053
TCCAATGCGTCGCCGC-1,1,65,1,36337,5343
AAAGAATGACCTTAGA-1,1,64,2,35831,5634
CCTATTATTCCGGCCG-1,1,65,3,36337,5925
CAGTAAGGGACGTCTC-1,1,64,4,35832,6216
GGGATGGACCCGCGTC-1,1,65,5,36338,6507
GACGCATACCCGTCGG-1,1,64,6,35832,6798
GGGCAGGATTTCTGTG-1,1,65,7,36338,7088
TATCTGAGCCGATATT-1,1,64,8,35832,7379
AATGTATGGCACTGTA-1,1,65,9,36338,7670
GCCTTTGTCAGTGGAC-1,1,64,10,35832,7961
AACCATAGGGTTGAAC-1,1,65,11,36338,8251
AAACTTAATTGCACGC-1,1,64,12,35832,8542
TAGGCGGCTGCAAAGA-1,1,65,13,36338,8833
TCCATCAATACTAATC-1,1,64,14,35833,9124
ACCTCGAACTTATGCT-1,1,65,15,36339,9414
ACAAACCATGCGTCCT-1,1,64,16,35833,9705
ACACCGGTCTGACCGC-1,1,65,17,36339,9996
ATGGCAGCATTACGAT-1,1,64,18,35833,10287
CTGGTGAATGGGCCTA-1,1,65,19,36339,10578
CACAGAGACGAGGACG-1,1,64,20,35833,10869
GCACAAACCCTAGATG-1,1,65,21,36339,11159
ACTATGTCCAGCTGCC-1,1,64,22,35833,11450
AAGCCGCCGTGAAATC-1,1,65,23,36339,11741
ATGGGTGTATACCTCC-1,1,64,24,35834,12032
TAAGCGCGAATCAAAT-1,1,65,25,36340,12322
AGCCCGGCATTAGAGG-1,1,64,26,35834,12613
GTGATCAAGCGTGCAC-1,1,65,27,36340,12904
CTGCCTTTAATACCTT-1,1,64,28,35834,13195
TACCTCCACACCAATG-1,1,65,29,36340,13485
GAGCATCAACAACTTG-1,1,64,30,35834,13776
CATACGAACTAGCTGG-1,1,65,31,36340,14067
GGGAACGGTTTCAGAT-1,1,64,32,35834,14358
AGGGTGCCGTTCTTTA-1,1,65,33,36340,14649
ACGACTGGTCATACTC-1,1,64,34,35835,14940
GGATCTTACTGCCCTT-1,1,65,35,36341,15230
TACTCCTCTAGTTGAC-1,1,64,36,35835,15521
GTAGCTCCGGGAGGCT-1,1,65,37,36341,15812
GGACTCGTGAGTGGTC-1,1,64,38,35835,16103
GTAGTTCGAAGGCGAA-1,1,65,39,36341,16393
CTCAAACCACTGCCCG-1,1,64,40,35835,16684
GAGGGAGTCAGATCGC-1,0,65,41,36341,16975
GCGTCCCTAAGACATA-1,0,64,42,35835,17266
TCTCTTACCGCGAACC-1,0,65,43,36342,17556
GGCTACTATACACTCC-1,0,64,44,35836,17847
CGTTGCCCGCGTGGGA-1,0,65,45,36342,18138
TATAGAGTCGCTTGAA-1,0,64,46,35836,18429
ATGTTGTAGTCTGTTT-1,0,65,47,36342,18720
AGTATACACAGCGACA-1,0,64,48,35836,19011
TGTGGTTGCTAAAGCT-1,1,65,49,36342,19301
TGATTCCCGGTTACCT-1,0,64,50,35836,19592
CACTGACGATTGTGGA-1,1,65,51,36342,19883
AACATTGTGACTCGAG-1,0,64,52,35836,20174
GTCCAATATTTAGCCT-1,0,65,53,36343,20464
GCTCTTTCCGCTAGTG-1,0,64,54,35837,20755
GGGTCAGGAGCTAGAT-1,0,65,55,36343,21046
AGGTGGTGACCTTCGC-1,0,64,56,35837,21337
CCCGGGTCGTTCAGGG-1,0,65,57,36343,21627
AGCCAAGCTTTGTGTC-1,0,64,58,35837,21918
TGTGGCGGGCTTCTGG-1,0,65,59,36343,22209
CGAGGGTATCCAGGTG-1,0,64,60,35837,22500
CGTTCAGACCCGCGAA-1,0,65,61,36343,22791
TCATATGAGCTTTGTT-1,0,64,62,35837,23082
AGTTGACGGTCCTTGC-1,0,65,63,36344,23372
ATAATTAGCTAAGTAG-1,1,64,64,35838,23663
GGTCTTGAGCGCTCTT-1,1,65,65,36344,23954
CGTTGTCGGCAATTGA-1,1,64,66,35838,24245
TCTTGCTCCCGATACT-1,1,65,67,36344,24535
AGCAGAAGGAGAAAGA-1,1,64,68,35838,24826
GAAGCCACTGATTATG-1,1,65,69,36344,25117
TGCTCTTGAGAGTTTG-1,1,64,70,35838,25408
GACATCCGTCGAACTG-1,1,65,71,36344,25698
AGATATAATACGACTA-1,1,64,72,35839,25989
TCGCTACTGGCTTTGA-1,1,65,73,36345,26280
GTGACAGCTTCCCACT-1,1,64,74,35839,26571
GTGACGCAGGTTTCAT-1,1,65,75,36345,26862
GGGAAGACGGTCTGTC-1,1,64,76,35839,27153
CGTCGCATGTGAGCCA-1,1,65,77,36345,27443
AGAAGGTTGTAGGTCG-1,1,64,78,35839,27734
GGCCGGCGTCTGCTAT-1,1,65,79,36345,28025
TTGACCAGGAACAACT-1,1,64,80,35839,28316
AGTCGTATAAAGCAGA-1,1,65,81,36345,28606
GGCGTAGGGAAAGCTG-1,1,64,82,35840,28897
AAACCTAAGCAGCCGG-1,1,65,83,36346,29188
ATTGCCTTTATGTTTG-1,1,64,84,35840,29479
CAGGCAGTCTTACCAG-1,1,65,85,36346,29770
AGCTAAGTACGCAGGC-1,1,64,86,35840,30060
AAATCCGATACACGCC-1,1,65,87,36346,30351
CGAGAGCTTTCACTAC-1,1,64,88,35840,30642
CGCCCAGCGTTTCACG-1,1,65,89,36346,30933
TTAAGTATTGTTATCC-1,1,64,90,35840,31224
AAACGGGCGTACGGGT-1,1,65,91,36346,31514
GTATCCTTTGGTAACC-1,1,64,92,35841,31805
CATAGTCAAATACATA-1,1,65,93,36347,32096
TCTATGCTATAACGAC-1,1,64,94,35841,32387
ACGTTCTGTACAAGTC-1,1,65,95,36347,32677
CGCGAAGTGGCATACT-1,1,64,96,35841,32968
ACCAACCGCACTCCAC-1,1,65,97,36347,33259
GTCATGCGCGAGGGCT-1,1,64,98,35841,33550
TAGGCTAAAGTGGCAC-1,1,65,99,36347,33841
TGGCTACACTCTACCT-1,1,64,100,35841,34131
TGTCCACGGCTCAACT-1,1,65,101,36347,34422
AATTGCAGCAATCGAC-1,1,64,102,35842,34713
GTCAACCAGGCCTATA-1,1,65,103,36348,35004
ATCTTATCGCACACCC-1,1,64,104,35842,35295
GTCTATTGCATGCTCG-1,1,65,105,36348,35585
GCACGTGGTTTACTTA-1,1,64,106,35842,35876
ATTCGCGCCTTGAGAG-1,1,65,107,36348,36167
AGCGATGCGCCTAATA-1,1,64,108,35842,36458
TCTATAGGTGGGTAAT-1,1,65,109,36348,36748
AGATACCAATAGAACC-1,1,64,110,35842,37039
CGTGTATGGGAGCTGA-1,1,65,111,36348,37330
ATGTACATGCGGTGAG-1,0,64,112,35843,37621
TTGGCTCAATATGTGT-1,0,65,113,36349,37912
GTTCGGAGCACTCAAC-1,0,64,114,35843,38202
TCCCTCTTCTCAAGGG-1,0,65,115,36349,38493
TTACGTATCTATGACA-1,0,64,116,35843,38784
CCCATATAGGTCGATT-1,0,65,117,36349,39075
GTCCACGTCGCATTCG-1,0,64,118,35843,39366
AATTGTGGTTGCCAAA-1,0,65,119,36349,39656
AGGAACGAACGACTTC-1,0,64,120,35843,39947
TAATTCCAATGCTTCA-1,0,65,121,36349,40238
AGGGCCCTAATGTTCT-1,0,64,122,35844,40529
AGGTGTTGCCGACCAC-1,0,65,123,36350,40819
CTGAGAGTAGAAATAC-1,0,64,124,35844,41110
TAGAAGAAGGGTTACA-1,0,65,125,36350,41401
GGTGACTGATAGAGAG-1,0,64,126,35844,41692
TACCCTCGGTAACCCT-1,0,65,127,36350,41983
TGTAAGACTGATAAGA-1,1,66,0,36843,5052
GTCACTCATGAGCGAT-1,1,67,1,37349,5343
CGGTTTACTGAACATT-1,1,66,2,36843,5634
GAGATCGATCTTACTC-1,1,67,3,37349,5925
TCTTTCATCCGTCCTT-1,1,66,4,36844,6216
TCGGATCTGGATGACC-1,1,67,5,37350,6506
GTCCTAGGATACCTTA-1,1,66,6,36844,6797
TGTACCCGACCCTAAT-1,1,67,7,37350,7088
AGGTTCTCCTTTCCGG-1,1,66,8,36844,7379
AATTGCGTGGATTACA-1,1,67,9,37350,7669
CGATAGCGATACAGTG-1,1,66,10,36844,7960
CGCCCTAATTGTTCAA-1,1,67,11,37350,8251
ATTATGAGACCCAATT-1,1,66,12,36844,8542
CCTCCTAGCTAGAGTC-1,1,67,13,37350,8833
CGAAGGGTTTCAGATT-1,1,66,14,36845,9124
CACAAGCTAAGAAAGG-1,1,67,15,37351,9414
CACCGGTAGAGACATT-1,1,66,16,36845,9705
ACTCATGGCAGCCTTC-1,1,67,17,37351,9996
CATCCAATATAGTTTG-1,1,66,18,36845,10287
CAGATATGAAGATGAC-1,1,67,19,37351,10577
GCAAAGGGCGTTAGCC-1,1,66,20,36845,10868
CTGTTGTTCAGTCGTA-1,1,67,21,37351,11159
AAAGGCCCTATAATAC-1,1,66,22,36845,11450
AACATTGAAGTTGATC-1,1,67,23,37351,11740
GCTAGCGATAGGTCTT-1,1,66,24,36846,12031
ATTGCCTATTAGACCG-1,1,67,25,37352,12322
GGGCGTTTACATTCAT-1,1,66,26,36846,12613
CCTCTACAAGGATTGG-1,1,67,27,37352,12904
AGTGACTGTGACACAA-1,1,66,28,36846,13195
AGCCCTCCCTGGTGGC-1,1,67,29,37352,13485
CGGTTGAGTATCCTTC-1,1,66,30,36846,13776
CATTATCCCATTAACG-1,1,67,31,37352,14067
AATGTGCTAATCTGAG-1,1,66,32,36846,14358
CTTAGTTGAGGAATCG-1,1,67,33,37352,14648
CTTCTGGGCGTACCTA-1,1,66,34,36847,14939
AGTCAAATGATGTGAT-1,1,67,35,37353,15230
TGAACAAGCAGGGACT-1,1,66,36,36847,15521
AATACCGGAGGGCTGT-1,1,67,37,37353,15811
GTTTGGTGATCGGTGC-1,1,66,38,36847,16102
GACTGCTGGTGAGAAA-1,0,67,39,37353,16393
CGATCCTCGCAACATA-1,1,66,40,36847,16684
CCAACCTTATGTAACT-1,0,67,41,37353,16975
CGTGGTACCCAAAGGC-1,0,66,42,36847,17266
AACCCGACAACCCGTG-1,0,67,43,37353,17556
TATGTAAAGTGCTTAA-1,0,66,44,36848,17847
GCAAGTGTAAAGCATG-1,0,67,45,37354,18138
GTAACTGCCCAAGGAG-1,1,66,46,36848,18429
GGTGCATAAATGATTA-1,0,67,47,37354,18719
TAGTCCCGGAGACCAC-1,1,66,48,36848,19010
CGGCCAGAGCGACCAT-1,0,67,49,37354,19301
TGAATGAGTGTTTCCC-1,1,66,50,36848,19592
TTCACTTCCTAGAACG-1,0,67,51,37354,19882
CGCTTAGTATTGATAC-1,1,66,52,36848,20173
AACGCGACCTTGGGCG-1,0,67,53,37354,20464
GTGCACCAGCTTCAAC-1,0,66,54,36849,20755
TTCTATTAAACGCAGC-1,0,67,55,37355,21046
TGGCAAGCACAAGTCG-1,0,66,56,36849,21337
ATCTGCTGTTATCGCC-1,0,67,57,37355,21627
AATTCCAAGCATGTAC-1,0,66,58,36849,21918
AAACGGTTGCGAACTG-1,0,67,59,37355,22209
GAAGGAGTCGAGTGCG-1,0,66,60,36849,22500
GGCAAGCCCATAGTGG-1,0,67,61,37355,22790
TGACCAAATCTTAAAC-1,0,66,62,36849,23081
TTCGGTACTGTAGAGG-1,0,67,63,37355,23372
ATGTACGATGACGTCG-1,0,66,64,36850,23663
ATCTAGCTTGTGAGGG-1,0,67,65,37356,23953
AGCGGGTCTGACACTC-1,0,66,66,36850,24244
GAGGTACGCGTGTCCC-1,0,67,67,37356,24535
GCACTGCCTACCTTTA-1,1,66,68,36850,24826
GGAGCGAGGCCTACTT-1,0,67,69,37356,25117
AAACTCGGTTCGCAAT-1,1,66,70,36850,25408
GGCGCTTCATTCCCTG-1,0,67,71,37356,25698
TGCTCGGTGGGTCACC-1,1,66,72,36850,25989
AAGCGCAGGGCTTTGA-1,0,67,73,37357,26280
GACCTTCCACGTCTAC-1,0,66,74,36851,26571
GTTAGCCCATGACATC-1,0,67,75,37357,26861
AATTCGATTCGAGGAT-1,1,66,76,36851,27152
AGTCTTTAAAGTGTCC-1,1,67,77,37357,27443
GACTAGGCCGTTAGGT-1,1,66,78,36851,27734
TCCAAGCCTAGACACA-1,1,67,79,37357,28024
GATTGGGAAAGGTTGT-1,1,66,80,36851,28315
GATGAGGAACCTTCGG-1,1,67,81,37357,28606
TGAATACCGACGCGTA-1,1,66,82,36851,28897
AATCGTGAGCCGAGCA-1,1,67,83,37358,29188
GCGAAGAATCTGACGG-1,1,66,84,36852,29479
GAACAACTGGGATGAA-1,1,67,85,37358,29769
TCGCCGACATATTCGC-1,1,66,86,36852,30060
CGTAGAGAGTAATTAT-1,1,67,87,37358,30351
CGATAGTCGTACTGCA-1,1,66,88,36852,30642
CGCATGCCGAATGCGT-1,1,67,89,37358,30932
CTCTAGCCCTCGGAAA-1,1,66,90,36852,31223
TCCAACTCAGCTATCT-1,1,67,91,37358,31514
GTCTAGTGAGCCGCTT-1,1,66,92,36852,31805
TACCGAATAATTGTAA-1,1,67,93,37359,32095
ATATAACACGGGCGCA-1,1,66,94,36853,32386
GCATGCTAATAACGAT-1,1,67,95,37359,32677
TCCGGGCTTGACGGGA-1,1,66,96,36853,32968
ATTATTCAGAGTCACT-1,1,67,97,37359,33259
TAGCAGTATGACTAAA-1,1,66,98,36853,33550
TATGAAGAATTAAGGT-1,1,67,99,37359,33840
CAAGGCCAGTGGTGCA-1,1,66,100,36853,34131
TGCGTACGGCTAATTG-1,1,67,101,37359,34422
CAGATAATGGGCGGGT-1,1,66,102,36853,34713
GAGAACGGTTCTGACT-1,1,67,103,37360,35003
CGCTTCGGTCTAAGAC-1,1,66,104,36854,35294
AGCATTACGAGGCAAG-1,1,67,105,37360,35585
AAGTTGTGATGTTATA-1,1,66,106,36854,35876
TTGCTCATAGTACGTG-1,1,67,107,37360,36166
TACTTAAACATGTACA-1,1,66,108,36854,36457
AGTGAGTCGAATTAAC-1,1,67,109,37360,36748
TAGGCCTATATAGTCT-1,1,66,110,36854,37039
ACTCGCCGTTCGATAA-1,0,67,111,37360,37330
GGTACGTTGCGGCCGG-1,0,66,112,36855,37621
TATTGCCGGGCTTGTA-1,0,67,113,37361,37911
GGTAAACTCTGCGCTG-1,0,66,114,36855,38202
TCCCTTGTCTGAAACT-1,0,67,115,37361,38493
CATGATCGCTTTGAGA-1,0,66,116,36855,38784
GGACGGGCGACCAACC-1,0,67,117,37361,39074
GAGAGGCCTATGTGTA-1,0,66,118,36855,39365
TCGTAACTCCCAAGAC-1,0,67,119,37361,39656
CGTATCTAGAACTAAG-1,0,66,120,36855,39947
GCACCTTCCCGAAGGT-1,0,67,121,37361,40237
TACCTCTTTACCATCC-1,0,66,122,36856,40528
TGACTCTAACTGGTAA-1,0,67,123,37362,40819
GAGAAACTGGATCCCA-1,0,66,124,36856,41110
ATCCGGACCAGCCTGA-1,0,67,125,37362,41401
TTATTTAGGTTCCTTA-1,0,66,126,36856,41692
CGAATTCCCGGTTCAA-1,0,67,127,37362,41982
TAGTTTGATCGGTCGC-1,1,68,0,37855,5052
AGTCGAAACGATTCAG-1,1,69,1,38361,5343
ACGTCGGGCAACTCGG-1,1,68,2,37855,5634
ACTTGCTCTATCTACC-1,1,69,3,38361,5924
ATTACGGGCTACGGTT-1,1,68,4,37855,6215
GCAAACGTAAGCGACC-1,1,69,5,38362,6506
TTCGGACTGGGCATGG-1,1,68,6,37856,6797
GGGCCATTCGTGCTGG-1,1,69,7,38362,7087
GAGTTGTCACCAGTCT-1,1,68,8,37856,7378
AGTAATTTGCAAGCGT-1,1,69,9,38362,7669
GTGGCCGGTTTCTCGG-1,1,68,10,37856,7960
ATCTTAGGGCATTAAT-1,1,69,11,38362,8251
CTACATATCGCGGGAC-1,1,68,12,37856,8542
ATGGTATTTACTGATT-1,1,69,13,38362,8832
CCGTCAACCTCTGGCG-1,1,68,14,37856,9123
GCTTCGACGTTCAATC-1,1,69,15,38363,9414
GACCGATTAAATATGT-1,1,68,16,37857,9705
GTCGAATTTGGGCGCT-1,1,69,17,38363,9995
TCACGGCCCAAGAGAG-1,1,68,18,37857,10286
CTACGATCCTATCCTA-1,1,69,19,38363,10577
TGCAGTGGTAGGGAAC-1,1,68,20,37857,10868
TTGCCTAATCCAAAGT-1,1,69,21,38363,11158
AGCGAGACGTGAAGGC-1,1,68,22,37857,11449
TTCTACCTCAATCGGT-1,1,69,23,38363,11740
TACGCTGCTGTGTTAA-1,1,68,24,37857,12031
TAGTCCTGCACTAAGC-1,1,69,25,38364,12322
AGCACACGTTTAGACT-1,1,68,26,37858,12613
GTTCGACAATTGTATA-1,1,69,27,38364,12903
CCATGTTCATCTATAT-1,1,68,28,37858,13194
CCCTCGATAATACACA-1,1,69,29,38364,13485
ACTGCCCGCCATTCTC-1,1,68,30,37858,13776
CTATATCCAGCCTGGC-1,1,69,31,38364,14066
CGCACGTCTGTTTATG-1,1,68,32,37858,14357
AATCAGGTTTCATTTA-1,1,69,33,38364,14648
AGAGAAACACCAGAAA-1,1,68,34,37859,14939
ACCCGATTGGTTCCGA-1,1,69,35,38365,15229
TACCAGGAATCCCGTC-1,1,68,36,37859,15520
AAGTGCTTCTCTATTG-1,0,69,37,38365,15811
TGCATGTGACCCATAG-1,0,68,38,37859,16102
TAGATTCAAAGTGCGG-1,0,69,39,38365,16393
AGGGTCAGAGCACTCG-1,0,68,40,37859,16684
GTGAGATAACCTTATA-1,0,69,41,38365,16974
GTGTCAGTGTACGTGG-1,0,68,42,37859,17265
CTGTAGTGAGGATCGA-1,0,69,43,38365,17556
GATAGTGCGAGTAAGT-1,0,68,44,37860,17847
AGGGTTCAGACGGTCC-1,0,69,45,38366,18137
GGACTCGACAGCGCAT-1,0,68,46,37860,18428
CACTCTCAAGCATCGA-1,0,69,47,38366,18719
GAGCGGAATGCGGTGT-1,0,68,48,37860,19010
CAGTTCGAGGACCCGA-1,0,69,49,38366,19300
CGTAACTTCGACACTT-1,0,68,50,37860,19591
TGATCACCACACTGAC-1,0,69,51,38366,19882
CATACTTCTTTCTCCG-1,0,68,52,37860,20173
CAAGTAAGTGATAGAC-1,0,69,53,38366,20464
AGCCCGCAACAAGCAG-1,0,68,54,37861,20755
GCTCCATGCAAAGCAA-1,0,69,55,38367,21045
TCGTACCGACGTCAAG-1,0,68,56,37861,21336
ATTATCGGAATGTACG-1,0,69,57,38367,21627
ACCTACTATAAATCTA-1,0,68,58,37861,21918
TATCCTATCAACTGGT-1,0,69,59,38367,22208
GCGCGGTCTAGTAACT-1,0,68,60,37861,22499
CCTTCGTATAGAATCC-1,0,69,61,38367,22790
TGGGCGATACAATAAG-1,0,68,62,37861,23081
TGACATGTAACGTGAC-1,0,69,63,38367,23371
TTGGGAAGACGAGCCG-1,0,68,64,37862,23662
GGTGTAAATCGATTGT-1,0,69,65,38368,23953
GAACTGTGGAGAGACA-1,0,68,66,37862,24244
TCCACATCGTATATTG-1,0,69,67,38368,24535
CCTATGGTCAAAGCTG-1,0,68,68,37862,24826
TCCTTGTCCTTTAATT-1,0,69,69,38368,25116
AAGTTTATGGGCCCAA-1,0,68,70,37862,25407
GTCCGGGTTCACATTA-1,0,69,71,38368,25698
ATGTAGCGCGCGTAGG-1,0,68,72,37862,25989
TACGGAAGCCAAACCA-1,0,69,73,38368,26279
GCCCTGAGGATGGGCT-1,0,68,74,37863,26570
CGGGCGATGGATCACG-1,0,69,75,38369,26861
TGCGGACTTGACTCCG-1,0,68,76,37863,27152
TAATACTAGAACAGAC-1,0,69,77,38369,27443
TCAAATTGTTGTGCCG-1,1,68,78,37863,27733
GGGCAGTCAACGCCAA-1,1,69,79,38369,28024
TCGCTGCCAATGCTGT-1,1,68,80,37863,28315
TACGTGGGCCCAGGGC-1,1,69,81,38369,28606
GCCTACGTTCTGTGCA-1,1,68,82,37863,28897
TTGCGTGTGTAGGCAT-1,1,69,83,38369,29187
TCCTAAAGATTCAGAC-1,1,68,84,37864,29478
TGGGTGCACAAGCCAT-1,1,69,85,38370,29769
GGGAGCGACCGTAGTG-1,1,68,86,37864,30060
CATAGAGGAGATACTA-1,1,69,87,38370,30350
CTTCGATTGCGCAAGC-1,1,68,88,37864,30641
GTGCCTGAGACCAAAC-1,1,69,89,38370,30932
TCATCCTCAGCTGCTT-1,1,68,90,37864,31223
TGCAACTACTGGTTGA-1,1,69,91,38370,31514
ATGTTGATTAGAGACT-1,1,68,92,37864,31804
GTTTCTAGAGGCGCGG-1,1,69,93,38370,32095
TACAAGGGCTTCTTTA-1,1,68,94,37865,32386
ACAGGCACGGATCCTT-1,1,69,95,38371,32677
CCCAAGTCATTACACT-1,1,68,96,37865,32968
ACTCTGACCTAATAGA-1,1,69,97,38371,33258
GGATGGCTTGAAGTAT-1,1,68,98,37865,33549
ACCCTCCCGTCAGGGC-1,1,69,99,38371,33840
AGCTTCTTCTCGAGCA-1,1,68,100,37865,34131
TTGCGCTTGATCAATA-1,1,69,101,38371,34421
TGGGTGTAATAGATTT-1,1,68,102,37865,34712
CATGGTTTATTAATCA-1,1,69,103,38372,35003
TTGCCTTCTCGCCGGG-1,1,68,104,37866,35294
TTAAAGTAAGTCGCCA-1,1,69,105,38372,35585
AGTTGGCAAGGCTAGA-1,1,68,106,37866,35875
CCGCACTTGCAATGAC-1,1,69,107,38372,36166
AATGTTGTCGTGAGAC-1,1,68,108,37866,36457
CCAAGGTTGCCCTTTC-1,1,69,109,38372,36748
TGTGACTAGAGTTTGC-1,0,68,110,37866,37039
TTGTGATCTGTTCAGT-1,0,69,111,38372,37329
GGAGTTGATTCTGTGT-1,0,68,112,37866,37620
GTAGTGAGCAACCTCA-1,0,69,113,38373,37911
AAGACATACGTGGTTT-1,0,68,114,37867,38202
CATCCCGAGATTCATA-1,0,69,115,38373,38492
GGCCGCAGGAACCGCA-1,0,68,116,37867,38783
CCAGAAACTGATGCGA-1,0,69,117,38373,39074
ACCCGTAGTCTAGTTG-1,0,68,118,37867,39365
AGGGTCTGGACGCAGT-1,0,69,119,38373,39656
TTGAAACCCTCATTCC-1,0,68,120,37867,39946
TCAATCCCGCGCCAAA-1,0,69,121,38373,40237
AGGACATCGGCACACT-1,0,68,122,37867,40528
GACAAGACGCCCGTGC-1,0,69,123,38374,40819
GAGTAAATTAAGAACC-1,0,68,124,37868,41110
TAAGTCGGTGAGCTAG-1,0,69,125,38374,41400
CTTACTGACTCCTCTG-1,0,68,126,37868,41691
TTAACTGATCGTTTGG-1,0,69,127,38374,41982
GGGCGATCCATAGGCC-1,1,70,0,38867,5052
CGTATTGTTTGGCGCC-1,1,71,1,39373,5342
CGCGTGGGCCTGTGTT-1,1,70,2,38867,5633
AAATCTGCCCGCGTCC-1,1,71,3,39373,5924
GCTGAAGGGTTCTTGG-1,1,70,4,38867,6215
TAATTGCGCTGATTAC-1,1,71,5,39373,6506
TCGCGCGTTTACATGA-1,1,70,6,38868,6797
TAACTGAAATACGCCT-1,1,71,7,39374,7087
CCTGTCGTGTATGAAG-1,1,70,8,38868,7378
CGGGAACGCCCTGCAT-1,1,71,9,39374,7669
AGTTGCGGTCCTCAAC-1,1,70,10,38868,7960
GGGTCCTTGGAAGAAG-1,1,71,11,39374,8250
CGGGAAGTACCGTGGC-1,1,70,12,38868,8541
ACGGTCACCGAGAACA-1,1,71,13,39374,8832
TAGACTCAGTTGGCCT-1,1,70,14,38868,9123
CCTTCCGCAACGCTGC-1,1,71,15,39374,9413
CAGTGTTAATCTCTCA-1,1,70,16,38869,9704
CAGGCCAGTACCACCT-1,1,71,17,39375,9995
GATCGCTGTGGTGCGT-1,1,70,18,38869,10286
GTATCTCGGGCGCTTT-1,1,71,19,39375,10577
CCGGGCTAAGAATTTC-1,1,70,20,38869,10868
CTTCACGCCCTGGTAC-1,1,71,21,39375,11158
CGGATGAATGCTGTGA-1,1,70,22,38869,11449
CTCTGCAGGCATTCTT-1,1,71,23,39375,11740
TCAAAGTCACGGCGTC-1,1,70,24,38869,12031
TGGGTTTCGGGCGTAC-1,1,71,25,39375,12321
TGCTATGGCAAAGGGA-1,1,70,26,38870,12612
TTCACGGTCGTCACGT-1,1,71,27,39376,12903
CGTAAAGCAAGAAATC-1,1,70,28,38870,13194
CTGATCCCTTTATGCA-1,1,71,29,39376,13484
GAGTATACCCTAATCA-1,1,70,30,38870,13775
CCACGGCAGGTGTAGG-1,0,71,31,39376,14066
ACGTACTTTGGCACGG-1,1,70,32,38870,14357
CCTGAGAATAAATGCA-1,0,71,33,39376,14648
TTGATGCCGCTCGTCG-1,1,70,34,38870,14939
GCCAGGAAAGAACACT-1,0,71,35,39377,15229
TCCGACCGCTAATCAA-1,0,70,36,38871,15520
TATATCAAAGTGATCT-1,0,71,37,39377,15811
CCTCGGTTTCCTTGCC-1,0,70,38,38871,16102
TAAATTTAGTAACACC-1,0,71,39,39377,16392
CTCGTTACGGCTACCA-1,0,70,40,38871,16683
GCCGTCGGTTTCGGGC-1,0,71,41,39377,16974
GTTCCGTCCGCCTGCA-1,1,70,42,38871,17265
CTAGGGATAGGGACAA-1,1,71,43,39377,17555
GTCCAGGCACGTGTGC-1,1,70,44,38871,17846
GAGGAATATCTCTTTG-1,0,71,45,39378,18137
CGTTCAAGGAAACGGA-1,0,70,46,38872,18428
GTGGGAACAAACCGGG-1,0,71,47,39378,18719
GGGCACGTAGTACTGT-1,0,70,48,38872,19010
ACTACAAAGAGAGGTG-1,0,71,49,39378,19300
GGTGTAGGTAAGTAAA-1,0,70,50,38872,19591
CCTGTTCAACCTCGGG-1,1,71,51,39378,19882
TGAGGTGTGTGGCGGA-1,1,70,52,38872,20173
ATTGTCTGTTTCATGT-1,0,71,53,39378,20463
GCCGGTCGTATCTCTC-1,1,70,54,38872,20754
ATATGGGATAGCAACT-1,0,71,55,39379,21045
GATAGAACCCGCTAGG-1,1,70,56,38873,21336
ATCCCATTTCCGTGGG-1,0,71,57,39379,21626
GATGCTACCTTCGATG-1,0,70,58,38873,21917
TGCAAAGTTCGTCTGT-1,0,71,59,39379,22208
GTTCAGTCGCCAAATG-1,0,70,60,38873,22499
GTCTCCGCCTCAATAC-1,0,71,61,39379,22790
AGTAGAAGGCGCCTCA-1,0,70,62,38873,23081
GTTGTAGATTTATGAG-1,0,71,63,39379,23371
CTATTTGCTTGGAGGA-1,0,70,64,38873,23662
AGCCATATAGTATGTG-1,0,71,65,39380,23953
TGTTCCGGCCTGAGCT-1,0,70,66,38874,24244
TGCCGTGGGACCCAAT-1,0,71,67,39380,24534
TTGCAAGAAGACTCCT-1,0,70,68,38874,24825
CCGCTCCAGGGCGATC-1,0,71,69,39380,25116
CAAACCCTCCGGCGGG-1,0,70,70,38874,25407
CGGACCTTTACGTCCC-1,0,71,71,39380,25697
ACGTAGGAGAGTCGCT-1,0,70,72,38874,25988
CTGCGACCTCGCCGAA-1,0,71,73,39380,26279
GGCCCAGCTGGTTTGC-1,0,70,74,38875,26570
GGATTAATCATGGACC-1,0,71,75,39381,26861
GAGATGGCTTTAATCA-1,0,70,76,38875,27152
AGTACAGAAGCTTATA-1,0,71,77,39381,27442
GCGGCTTTAGCAAGTT-1,0,70,78,38875,27733
ACCGAGTCTCCTTATT-1,0,71,79,39381,28024
GACCACACTTCCCTTT-1,1,70,80,38875,28315
TGTAGCCAATTCCGTT-1,0,71,81,39381,28605
CTCGTCTGTGCCTTCG-1,1,70,82,38875,28896
GGACTCTTTGACTAAG-1,0,71,83,39381,29187
TCATCGACGACCGTCG-1,1,70,84,38876,29478
TACTACGTGCAATGCG-1,1,71,85,39382,29768
CCCTACTTGAACAATG-1,1,70,86,38876,30059
GCAGCTGTCAACGCAT-1,0,71,87,39382,30350
ATCTACCATCTGCTCC-1,1,70,88,38876,30641
TCTCAAATCAATCGGG-1,1,71,89,39382,30932
ACTCCGGCCGACCACT-1,1,70,90,38876,31223
TACACCTCTTCGAATC-1,1,71,91,39382,31513
GTGGCTGTTTCTGTTC-1,1,70,92,38876,31804
ACGACTCTAGGGCCGA-1,1,71,93,39382,32095
TCGTTTACGCGACCCT-1,1,70,94,38877,32386
AGGATATCCGACTGCA-1,1,71,95,39383,32676
GACACTTCCAATTACC-1,1,70,96,38877,32967
ACGGTACAGTTCAATG-1,1,71,97,39383,33258
CTTGATGACCATCCAG-1,1,70,98,38877,33549
CTGGTAAAGACTTACA-1,1,71,99,39383,33839
CTTGCCCACCCACGCA-1,1,70,100,38877,34130
CATTACGCAGGAAGGG-1,0,71,101,39383,34421
GGACAACCATGAAGCC-1,1,70,102,38877,34712
GTTATCAAGCTATCGA-1,0,71,103,39383,35003
AGGTGCACGTCCACAT-1,1,70,104,38878,35294
AAAGAATGTGGACTAA-1,0,71,105,39384,35584
ACCAAGTCATCGGCAG-1,1,70,106,38878,35875
AGTAACTATAGCAGCC-1,0,71,107,39384,36166
GGGAAAGAATGCCAAC-1,0,70,108,38878,36457
AATCGGTATAGCCCTC-1,0,71,109,39384,36747
GGCACTGCGGTGGTTT-1,0,70,110,38878,37038
CGTCCTCATCGCGTGC-1,0,71,111,39384,37329
CTTAACTTACAGTATA-1,0,70,112,38878,37620
GTGAGTCGACTAATAG-1,0,71,113,39384,37910
TGTACTTCCGGGCATG-1,0,70,114,38879,38201
CACAAACCGCAGAACT-1,0,71,115,39385,38492
GCTTTACACAACTGGG-1,0,70,116,38879,38783
CACCGATGATGGGTAC-1,0,71,117,39385,39074
TCAATATACAGGAGGC-1,0,70,118,38879,39365
AACGACCTCCTAGCCG-1,0,71,119,39385,39655
GTTACCAAGGCGTACG-1,0,70,120,38879,39946
TAGCTCACTGTGTTTG-1,0,71,121,39385,40237
TCGGCAGGGTTAAGGG-1,0,70,122,38879,40528
TGTTAACAAAGTGACT-1,0,71,123,39385,40818
CAGAGCGATGGATGCT-1,0,70,124,38880,41109
CATAGTGGGCACGCCT-1,0,71,125,39386,41400
AAACGCTGGGCACGAC-1,0,70,126,38880,41691
TGTTCTCATACTATAG-1,0,71,127,39386,41981
TCCGCTGGGTCGATCG-1,1,72,0,39879,5051
TTAGCATCCCTCACGT-1,1,73,1,40385,5342
AGCCTTGTCACTGATA-1,1,72,2,39879,5633
GTTTCTTGTTAGAGCT-1,1,73,3,40385,5924
TCGGAGTCCTGGTTGC-1,1,72,4,39879,6215
ACGGGTTGTGACCTGT-1,1,73,5,40385,6505
TGACAGAAATCTTGCT-1,1,72,6,39880,6796
TAGCCATGATTGCCTA-1,1,73,7,40386,7087
CGAAGCCACAGCATGG-1,1,72,8,39880,7378
ACCCGTAGCAGAGAAT-1,1,73,9,40386,7668
AGCTTGATCAGGGTAG-1,1,72,10,39880,7959
CTATAAGTAGGGTTTG-1,1,73,11,40386,8250
TATAGTTAGGTGTACT-1,1,72,12,39880,8541
TACGCTGATAGTTGTA-1,1,73,13,40386,8831
TTCTCAATTGCTACAA-1,1,72,14,39880,9122
GTTGCCCTAACGGGTG-1,1,73,15,40386,9413
GACATTTCGCCCAGCC-1,1,72,16,39881,9704
GTAACTACGTAGACCT-1,1,73,17,40387,9995
CCAGTGTACAGACCGA-1,1,72,18,39881,10286
GCCCGATGCCCAGTTC-1,1,73,19,40387,10576
CGAACCTCTTTCCTAG-1,1,72,20,39881,10867
CATGCACATGAGAGGC-1,1,73,21,40387,11158
CCAAATCAAAGGGCAA-1,1,72,22,39881,11449
GTAGTTTAAGCACACG-1,1,73,23,40387,11739
TAAGTGAATAGTCTAC-1,1,72,24,39881,12030
GGTCCACGTCTATTTG-1,1,73,25,40387,12321
CCCTCAGATCGAGAAC-1,1,72,26,39882,12612
ACATTCGCGCGGAATA-1,1,73,27,40388,12902
CTATGAACACCTTGCC-1,1,72,28,39882,13193
CGAATGGTAGGTCGTC-1,1,73,29,40388,13484
TCGACATAGCGTAGCG-1,1,72,30,39882,13775
GACGTTGCTCGGCGGC-1,1,73,31,40388,14066
CTCGAGGCAAGTTTCA-1,1,72,32,39882,14357
GCTGGGAGCGCGTCAA-1,0,73,33,40388,14647
GACGATATCACTGGGT-1,1,72,34,39882,14938
CAGCTCTGGGCTCACT-1,1,73,35,40388,15229
TAGTCTGCGGCACATT-1,0,72,36,39883,15520
TGGTCGATATACCTCT-1,1,73,37,40389,15810
TTCAGTTCAAGAGGAG-1,0,72,38,39883,16101
GTCTGTAGGTTGAACA-1,1,73,39,40389,16392
GAGAGTCTCGGGAGAG-1,1,72,40,39883,16683
TTGTTTGTATTACACG-1,1,73,41,40389,16973
GCACAGCACGGGCCGA-1,1,72,42,39883,17264
AAACAGTGTTCCTGGG-1,1,73,43,40389,17555
TGGAGAATAATCGTCC-1,1,72,44,39883,17846
CGCCGCGTTCTGAACG-1,0,73,45,40389,18137
CATGCGTTGAGAGGAG-1,0,72,46,39884,18428
TACGCTCCTAGAACTG-1,0,73,47,40390,18718
CCTTGTGAACGTGGTT-1,0,72,48,39884,19009
TTAAAGGCGATGCTCG-1,1,73,49,40390,19300
TAAAGTGCACGTCTCG-1,0,72,50,39884,19591
TGTCCGCAAACAATTC-1,0,73,51,40390,19881
AGGCCTATCATACCAA-1,0,72,52,39884,20172
ACTGGGATGCCAGTGC-1,0,73,53,40390,20463
CGATCCACCATTGTTG-1,0,72,54,39884,20754
GGGCATGCATGTCGAG-1,0,73,55,40390,21044
TCCAGGCAGGACGATC-1,0,72,56,39885,21335
CAATGACCCTTAATTT-1,1,73,57,40391,21626
ATCAAGATCCCAGGAC-1,0,72,58,39885,21917
CTCAGAGCTAATGTCG-1,0,73,59,40391,22208
CTGCGATTTCGAGATT-1,0,72,60,39885,22499
ATGGTATTGGGAACCG-1,1,73,61,40391,22789
TAGGTTCTGCTGAGAA-1,0,72,62,39885,23080
GCCTGTCCCGGTGCAT-1,1,73,63,40391,23371
GGCCTGCTCTGATGTT-1,1,72,64,39885,23662
TAGAGGGAGTTTATCT-1,1,73,65,40392,23952
CTCTACATCCTGCGTG-1,1,72,66,39886,24243
ACACATTTCCGTAGAC-1,1,73,67,40392,24534
TGGGTGTTAAGTAGAA-1,0,72,68,39886,24825
GAGCTCAACATGAGCG-1,1,73,69,40392,25116
GCACACAGCTATTACC-1,0,72,70,39886,25406
GCGACGGTAGTCTCCT-1,0,73,71,40392,25697
GTATCAAGGTACTTCC-1,0,72,72,39886,25988
GGAAAGGGAATTGAGC-1,1,73,73,40392,26279
TACACAGCCGTGGTGC-1,0,72,74,39886,26570
CGGTTGGGCAGGGTCC-1,0,73,75,40393,26860
GCACGCCGATTCCCGC-1,0,72,76,39887,27151
CGCTTTCCGCCAAGGT-1,0,73,77,40393,27442
TGCCCGATAGTTAGAA-1,0,72,78,39887,27733
TCAGAACGGCGGTAAT-1,0,73,79,40393,28023
CCACTCAGATCCGCAA-1,0,72,80,39887,28314
GAAGGGTCATTAAGAC-1,0,73,81,40393,28605
GCGGTCTTGCTTTCAC-1,0,72,82,39887,28896
GGAAGGACACCGTATA-1,0,73,83,40393,29187
CGCGGGAATTCCTTTC-1,0,72,84,39887,29477
TCTATCCGATTGCACA-1,0,73,85,40394,29768
TACTCGTTTGAATCAA-1,0,72,86,39888,30059
GTCTGCCGACTCGACG-1,0,73,87,40394,30350
TACGGGTAATAACATA-1,1,72,88,39888,30641
CCAGTTCGGTAACTCA-1,0,73,89,40394,30931
CGTGCACACCACTGTA-1,1,72,90,39888,31222
CTTCAGTTGGACAACG-1,0,73,91,40394,31513
TGATCTATCACACTCT-1,0,72,92,39888,31804
TAGCAGATACTTAGGG-1,0,73,93,40394,32094
CACCGGGCATCACAAG-1,0,72,94,39888,32385
AGTGGCCCGCAAATGG-1,0,73,95,40395,32676
CTCGCTAGGTAAGCGA-1,0,72,96,39889,32967
GATAGATAGTACAGTC-1,0,73,97,40395,33258
CGAGACTACTGCTGCT-1,0,72,98,39889,33548
ACATTTGAAACCTAAC-1,0,73,99,40395,33839
GACACAGCCGGGACTG-1,0,72,100,39889,34130
ACGGAACACGAGTGCC-1,0,73,101,40395,34421
ACGCCAGTGCGTTTGC-1,0,72,102,39889,34712
GCACCTAGGCGAGTCC-1,0,73,103,40395,35002
TCACTATCCCTTCGGT-1,0,72,104,39890,35293
TGAGTGTAACAACGGG-1,0,73,105,40396,35584
ATTGGTTGTGCATTAC-1,0,72,106,39890,35875
CTGGCGATTTACATGT-1,0,73,107,40396,36165
TCCACCAAGACATAGG-1,0,72,108,39890,36456
AACGTCGCTGCACTTC-1,0,73,109,40396,36747
GTCTCCCGAGTCCCGT-1,0,72,110,39890,37038
AGCCCGCACTACAATG-1,0,73,111,40396,37329
GGCACGCTGCTACAGT-1,0,72,112,39890,37619
GCTTGAGTGACCTCTG-1,0,73,113,40396,37910
ATAGCCATAACAGTCA-1,0,72,114,39891,38201
TAGGAGGCTCGAGAAC-1,0,73,115,40397,38492
GTCGGGTGAAGTACCG-1,0,72,116,39891,38783
CACCCGCGTTTGACAC-1,0,73,117,40397,39073
TCTCAGGCTACTCGCT-1,0,72,118,39891,39364
TAGATTCTCTAGCAAA-1,0,73,119,40397,39655
CCCATTATTGTATCCT-1,0,72,120,39891,39946
GTTAATAGCGTCATTA-1,0,73,121,40397,40236
TACTCATTGACGCATC-1,0,72,122,39891,40527
TAGTGACAAGCTCTAC-1,0,73,123,40397,40818
ATCGCCGTGGTTCATG-1,0,72,124,39892,41109
CTGCTCTCAACACACC-1,0,73,125,40398,41400
GCATGACACAAAGGAA-1,0,72,126,39892,41690
CAACGATCGATCCAAT-1,0,73,127,40398,41981
ATACAGCGTCCACTGA-1,1,74,0,40891,5051
TCACGATTAATACGTT-1,1,75,1,41397,5342
CGTGAACTGACCCGAT-1,1,74,2,40891,5633
TCGATGTTACGGCCGT-1,1,75,3,41397,5923
GACCGGTGATACTCTC-1,1,74,4,40891,6214
TCTGTTTAGATTGTTC-1,1,75,5,41397,6505
GCTACTCGGACGCAGA-1,1,74,6,40891,6796
AAGAAAGTTTGATGGG-1,1,75,7,41398,7086
CGCCAGTAGTACCTTG-1,1,74,8,40892,7377
CTCCCTTGTATCAAGG-1,1,75,9,41398,7668
ACTTTATACACCACTT-1,1,74,10,40892,7959
AGATCTGGAGAGGATA-1,1,75,11,41398,8250
TCATCCATCTGATCAC-1,1,74,12,40892,8541
AGAACACGGCGATGGT-1,1,75,13,41398,8831
CCGCTCCGGATAAGCT-1,1,74,14,40892,9122
TGGTCGGGTACAGGGC-1,0,75,15,41398,9413
ACGGACGCAGCGACAA-1,1,74,16,40892,9704
ACATGCTTACGGCAGC-1,0,75,17,41399,9994
CAGGGAGATAGGCCAG-1,1,74,18,40893,10285
TCGCCACCCGGATTAC-1,1,75,19,41399,10576
TCTTGGTCAATGATAC-1,1,74,20,40893,10867
CATAGGGACACTTGTG-1,1,75,21,41399,11157
CACGAGCAAACCAGAC-1,1,74,22,40893,11448
GGGATATTGATCGCCA-1,1,75,23,41399,11739
TAATGTCGGTTCATGG-1,1,74,24,40893,12030
CGATTTGTCATTAATG-1,1,75,25,41399,12321
TTAAGATACCCAGAGA-1,1,74,26,40893,12612
CGACCGTTGGTATTCG-1,1,75,27,41400,12902
ACTACCATCCGAGGGC-1,1,74,28,40894,13193
TCTACGCACGATCTCC-1,1,75,29,41400,13484
AAGCCACTTGCAGGTA-1,1,74,30,40894,13775
ACGTTGTCGTTGAAAG-1,1,75,31,41400,14065
ACCGCTAGTCATTGGT-1,0,74,32,40894,14356
CATGAGTCCATCACGG-1,0,75,33,41400,14647
ATGTCTTGTTTGACTC-1,0,74,34,40894,14938
TCCCAAACATCCTCTA-1,0,75,35,41400,15228
CAACGCGATGAGCCAA-1,1,74,36,40895,15519
GACACCCAAAGACGCG-1,0,75,37,41401,15810
ACGTTCACTATGCCGC-1,1,74,38,40895,16101
ATGGACTGCTTAGTTG-1,1,75,39,41401,16392
CCATGGCAAACGCTCA-1,1,74,40,40895,16683
TTGTCTCGGCAAGATG-1,1,75,41,41401,16973
TTCGAACGAAACATGC-1,1,74,42,40895,17264
GGAAAGTCTTGATTGT-1,0,75,43,41401,17555
ATCATAGATCGACGAG-1,1,74,44,40895,17846
GATTAGAAACAAGCGT-1,0,75,45,41401,18136
GCTGCGAAGAATTATT-1,1,74,46,40896,18427
TTCCAGTGGGTTTCGT-1,0,75,47,41402,18718
GCTCATTGATCATATC-1,1,74,48,40896,19009
ATACGAGGTTTGTAAG-1,0,75,49,41402,19299
GTCTATACACGCATGG-1,0,74,50,40896,19590
GATTTGCGCTAACACC-1,0,75,51,41402,19881
TGGTGCCCTGCCTTAC-1,1,74,52,40896,20172
TCGAATCGCAGGGTAG-1,0,75,53,41402,20463
GGTAGGCCAATATCAC-1,0,74,54,40896,20754
CGTAAATAACAAAGGG-1,0,75,55,41402,21044
GACTCTAGAGTTCCAA-1,1,74,56,40897,21335
ACTTGTTACCGGATCA-1,0,75,57,41403,21626
GGCATTGAACATCTCA-1,0,74,58,40897,21917
AACCCGCTGTATTCCA-1,0,75,59,41403,22207
TAACAGGTTCCCTTAG-1,0,74,60,40897,22498
GTTCTTGTAACTCAAT-1,0,75,61,41403,22789
GATTCTGTTAATGAGT-1,0,74,62,40897,23080
GGACACCTCGGTGTTG-1,0,75,63,41403,23370
CGATCGAGAAGCACCA-1,0,74,64,40897,23661
CTGCTCTGACGGCAAA-1,0,75,65,41403,23952
CCCAGGAAGAATTCGA-1,0,74,66,40898,24243
TGTCGTGGGTATAGGC-1,0,75,67,41404,24534
ATATGTCTAGAGCGTG-1,0,74,68,40898,24825
GCGGGCAGACGGGTGA-1,0,75,69,41404,25115
CGAAGATCAGTTTCAT-1,0,74,70,40898,25406
ACGCCACTCGAAACAG-1,0,75,71,41404,25697
CTTAGATGTTTCATCC-1,0,74,72,40898,25988
GCGAATGGACTAGCGA-1,0,75,73,41404,26278
TAAATTGTGGGTAAAG-1,0,74,74,40898,26569
ATTTATACTGGTAAAG-1,0,75,75,41404,26860
GCGTCGTAACATGGTC-1,0,74,76,40899,27151
CGGTATGGGCACTCTG-1,0,75,77,41405,27441
CTATCACAACGCTGGA-1,0,74,78,40899,27732
ACCACACGGTTGATGG-1,0,75,79,41405,28023
TCAGCGCACGCCGTTT-1,0,74,80,40899,28314
AATGTTAAGACCCTGA-1,0,75,81,41405,28605
CTTACATAGATTTCTT-1,0,74,82,40899,28896
AACATAGCGTGTATCG-1,0,75,83,41405,29186
AGCAGTCGAAGCATGC-1,0,74,84,40899,29477
GTACTACGGCCTCGTT-1,0,75,85,41405,29768
TTGGCCAAATTGTATC-1,0,74,86,40900,30059
TCAGAGGACGCGTTAG-1,0,75,87,41406,30349
AGTAATCTAAGGGTGG-1,0,74,88,40900,30640
AATTATACCCAGCAAG-1,0,75,89,41406,30931
CCCTACCCACACCCAG-1,0,74,90,40900,31222
CTCTGTCCATGCACCA-1,0,75,91,41406,31512
TCGCCTCCTTCGGCTC-1,0,74,92,40900,31803
CCTGATTCGCGAAGAA-1,0,75,93,41406,32094
GACTTCAACGCATCAA-1,0,74,94,40900,32385
GCTTCCCGTAAGCTCC-1,0,75,95,41406,32676
AGAACTGTACTTTGTA-1,0,74,96,40901,32967
CCTTAAGTACGCAATT-1,0,75,97,41407,33257
GGCCAATTGTATAGAC-1,0,74,98,40901,33548
AGAATACAGGCTATCC-1,0,75,99,41407,33839
AATACCTGATGTGAAC-1,0,74,100,40901,34130
TAGAGTGTTCCGGGTA-1,0,75,101,41407,34420
GCTTCCATGTAACCGC-1,0,74,102,40901,34711
GGTTCGCATTTGCCGT-1,0,75,103,41407,35002
TCAATCCGGGAAGTTT-1,0,74,104,40901,35293
CCGGAAGTGCAATATG-1,0,75,105,41408,35583
CTCATAAATGTGTATA-1,0,74,106,40902,35874
GACGGGCATCGAATTT-1,0,75,107,41408,36165
GCTAAGCCCAGTATGC-1,0,74,108,40902,36456
GCTATAAGGGCCAGGA-1,0,75,109,41408,36747
GCGGATTACTTGTTCT-1,0,74,110,40902,37038
TACAACAGCGCATACA-1,0,75,111,41408,37328
TCTAACCTAGCCTGCG-1,0,74,112,40902,37619
TCTACCCGCATCATTT-1,0,75,113,41408,37910
GTCTTACCACGCCAAG-1,0,74,114,40902,38201
AATAACGTCGCGCCCA-1,0,75,115,41409,38491
CGTTTCGGTTATATGC-1,0,74,116,40903,38782
TACGCTGCACGGTCGT-1,0,75,117,41409,39073
CGTTAAATACGACCAG-1,0,74,118,40903,39364
TCGACTGACGATGGCT-1,0,75,119,41409,39654
ACGCTACTGAATGGGC-1,0,74,120,40903,39945
AAGGGTTAGCCATGCG-1,0,75,121,41409,40236
ACGTTTCGGTGCACTT-1,0,74,122,40903,40527
TTAACCCGAGGCGTGT-1,0,75,123,41409,40818
GCCCGTCAAGCCCAAT-1,0,74,124,40903,41109
ATTCGTCCCGAGGTTA-1,0,75,125,41410,41399
TCAAATTATGTTCGAC-1,0,74,126,40904,41690
AACGTTCTACCATTGT-1,0,75,127,41410,41981
CTGTCCTGCGCACTAC-1,0,76,0,41903,5051
GCCCAGCGACACAAAG-1,0,77,1,42409,5341
TATAGCTATTATCTCT-1,0,76,2,41903,5632
AAGCTATGGATTGACC-1,0,77,3,42409,5923
CCGAAACACGACCTCT-1,1,76,4,41903,6214
ATCAGAAGCTGGTTGC-1,1,77,5,42409,6504
TGAACCTGAATGTGAG-1,1,76,6,41903,6795
TCAGAGCATGTCAACG-1,1,77,7,42409,7086
ATACCCTCCCGGCCAA-1,1,76,8,41904,7377
GCCACCTTATTCGCGA-1,1,77,9,42410,7668
CAACGAGCTTATTATG-1,1,76,10,41904,7959
GATCCAACCTTTAAAC-1,0,77,11,42410,8249
TTGTGGAGACAGCCGG-1,1,76,12,41904,8540
AGATAATCACACCTAT-1,0,77,13,42410,8831
GGTTAGGGATGCTAAT-1,1,76,14,41904,9122
TCATGAAGCGCTGCAT-1,0,77,15,42410,9412
CCAGGCGAGATGGTCT-1,0,76,16,41904,9703
CGACTTGCCGGGAAAT-1,0,77,17,42410,9994
GTGCCAAACGTTTCGA-1,0,76,18,41905,10285
TGCTCAAAGGATGCAC-1,0,77,19,42411,10575
GCCTCAGGTACCGGTC-1,1,76,20,41905,10866
ACAAGTAATTGTAAGG-1,0,77,21,42411,11157
TTAGAGTATTGTCGAG-1,0,76,22,41905,11448
GTCATCCCAAACTCAC-1,0,77,23,42411,11739
CTCCTAGTAATCGTGA-1,1,76,24,41905,12030
CCCTCATCACAGAGTA-1,1,77,25,42411,12320
GGAAACAGAGCTTGGG-1,1,76,26,41905,12611
ACATCGCAATATTCGG-1,0,77,27,42412,12902
TTAGCCATAGGGCTCG-1,1,76,28,41906,13193
CGGATTCTGCCTTATG-1,0,77,29,42412,13483
TTGTTGGCAATGACTG-1,1,76,30,41906,13774
GGATCTACCGTTCGTC-1,0,77,31,42412,14065
GGTGGGATTAGGTCCC-1,0,76,32,41906,14356
AATAGGCACGACCCTT-1,0,77,33,42412,14646
GAGGTCCGTTCGCTGT-1,0,76,34,41906,14937
TGACAACTTAAAGGTG-1,0,77,35,42412,15228
AGCTAAGCTCCGTCCG-1,1,76,36,41906,15519
CTAGCCCGGGAGACGA-1,0,77,37,42413,15810
CCCAGATTCCCGTGAC-1,0,76,38,41907,16101
GCCCGTTCACACAATT-1,0,77,39,42413,16391
ACAAACTCCATCAGAG-1,0,76,40,41907,16682
GGTTCCGTACGACTAA-1,0,77,41,42413,16973
TTGCGGAAAGCTGCCC-1,0,76,42,41907,17264
GGAACTCGTGAATACG-1,0,77,43,42413,17554
GGTTACCGCTCCCTAC-1,0,76,44,41907,17845
AGCGACTTTGAAGACA-1,0,77,45,42413,18136
CCGTTTCCTTTCCGTG-1,0,76,46,41907,18427
TGGATGGCATCTTGGA-1,0,77,47,42414,18717
CAAGTCGTTGAAATCT-1,0,76,48,41908,19008
TGCAAACGTACTAGTT-1,0,77,49,42414,19299
GGCTGTCCTACTGCGG-1,0,76,50,41908,19590
TACTGCATGATTAAAT-1,0,77,51,42414,19881
CGGACCTCTGTAGTTA-1,0,76,52,41908,20172
CCCTAGCTCTAAGGTC-1,0,77,53,42414,20462
GTAACAGGTTAACGGC-1,0,76,54,41908,20753
CCCGCAAATAATCATC-1,0,77,55,42414,21044
AATCCCGCTCAGAGCC-1,0,76,56,41908,21335
AACGTCATCCGGCTTG-1,0,77,57,42415,21625
CTCGTGGCACTGAAAG-1,0,76,58,41909,21916
CTTTATCCGACGCATG-1,0,77,59,42415,22207
AAATGACTGATCAAAC-1,0,76,60,41909,22498
TTCGTGCATGTTATAG-1,0,77,61,42415,22789
ATCAAAGAGCCGTGGT-1,0,76,62,41909,23079
ATGTCATAATAAACGA-1,0,77,63,42415,23370
CTTAATCGACTTAGTA-1,0,76,64,41909,23661
CTAAAGGATGAGATAC-1,0,77,65,42415,23952
GTGCTATCCAGCTGGA-1,0,76,66,41910,24243
GACAGAGGTCTTCAGT-1,0,77,67,42416,24533
TCGATTTACGAAACGA-1,0,76,68,41910,24824
AGGCTTAAGTTGCACA-1,0,77,69,42416,25115
TAGGATCTTAACCGCA-1,0,76,70,41910,25406
GACTTTCGAGCGGTTC-1,0,77,71,42416,25696
CCCTGGGAGGGATCCT-1,0,76,72,41910,25987
TAGTAGTTGCCGGACA-1,0,77,73,42416,26278
GCCCTAAGTGCAGGAT-1,0,76,74,41910,26569
ACTTGGGCTTTCGCCA-1,0,77,75,42416,26860
CATGATACGGTGAAAC-1,0,76,76,41911,27150
TCCTGCAGCCGCCAAT-1,0,77,77,42417,27441
GTCCGTTAGAGGGCCT-1,0,76,78,41911,27732
GCTTTATTAAGTTACC-1,0,77,79,42417,28023
AATCGAGGTCTCAAGG-1,0,76,80,41911,28314
GTGCTGTTAGAACATA-1,0,77,81,42417,28604
GGCTTCTCGTGGGTGG-1,0,76,82,41911,28895
CCTACAGTTGAGGGAG-1,0,77,83,42417,29186
TATCCCTCGATCTGCA-1,0,76,84,41911,29477
CCGGTATCTGGCGACT-1,0,77,85,42417,29767
CTCTAACACCGGCAGC-1,0,76,86,41912,30058
CTTCATCACCAGGGCT-1,0,77,87,42418,30349
GGCTGGCAATCCCACG-1,0,76,88,41912,30640
CAAACCATAAGCGTAT-1,0,77,89,42418,30931
CATGTGGGCTCATCAC-1,0,76,90,41912,31221
CCCGTGACAGTGCCTT-1,0,77,91,42418,31512
GATTATCTTGCATTAT-1,0,76,92,41912,31803
GAGTCCACCAGGTTTA-1,0,77,93,42418,32094
TGTACTATCGCTCGTT-1,0,76,94,41912,32385
TTAGCGAATAGATAGG-1,0,77,95,42418,32675
ACATACAATCAAGCGG-1,0,76,96,41913,32966
ATTCGTGTACCCATTC-1,0,77,97,42419,33257
GCTAGCAACGCACCTA-1,0,76,98,41913,33548
ACCTCAGCGAGGCGCA-1,0,77,99,42419,33838
TCCGGGCCACTAACGG-1,0,76,100,41913,34129
TCCCAATATCGACGAC-1,0,77,101,42419,34420
GGATTGAAGTAGCCTC-1,0,76,102,41913,34711
GGCGCACAGTTTACCT-1,0,77,103,42419,35002
CCCGGCACGTGTCAGG-1,0,76,104,41913,35292
AGTAAGGGACAGAATC-1,0,77,105,42419,35583
TTGCGCACAACCACGT-1,0,76,106,41914,35874
CCTGCTACAACCATAC-1,0,77,107,42420,36165
CTGGGCTACTGGAGAG-1,0,76,108,41914,36456
AGCTACGAATGGTGGT-1,0,77,109,42420,36746
ATTCGTTTATCGTATT-1,0,76,110,41914,37037
GGCATTCCCTCCCTCG-1,0,77,111,42420,37328
AGTTATTCAGACTGTG-1,0,76,112,41914,37619
CCACTTTCCTTCTAGG-1,0,77,113,42420,37909
CGCAGTTCTATCTTTC-1,0,76,114,41914,38200
AGGAGCGTTTATTATC-1,0,77,115,42420,38491
GACAGGTAATCCGTGT-1,0,76,116,41915,38782
TTCCCAAAGTACTGAT-1,0,77,117,42421,39073
CTGCAGGGTGACGCTC-1,0,76,118,41915,39363
TCATGGAGGCCTTTGT-1,0,77,119,42421,39654
ATGGCCCGAAAGGTTA-1,0,76,120,41915,39945
CGTAATATGGCCCTTG-1,0,77,121,42421,40236
AGAGTCTTAATGAAAG-1,0,76,122,41915,40527
GAACGTTTGTATCCAC-1,0,77,123,42421,40817
ATTGAATTCCCTGTAG-1,0,76,124,41915,41108
TACCTCACCAATTGTA-1,0,77,125,42421,41399
AGTCGAATTAGCGTAA-1,0,76,126,41916,41690
TTGAAGTGCATCTACA-1,0,77,127,42422,41980
