ACGCCTGACACGCGCT-1,0,0,0,8327,1045
TACCGATCCAACACTT-1,0,1,1,8272,1140
ATTAAAGCGGACGAGC-1,0,0,2,8218,1044
GATAAGGGACGATTAG-1,0,1,3,8163,1139
GTGCAAATCACCAATA-1,0,0,4,8108,1044
TGTTGGCTGGCGGAAG-1,0,1,5,8053,1139
GCATCCTCTCCTATTA-1,0,0,6,7999,1043
GCGAGGGACTGCTAGA-1,0,1,7,7944,1138
TGGTACCGGCACAGCC-1,0,0,8,7890,1043
GCGCGTTTAAATCGTA-1,0,1,9,7834,1138
TGCCTTGCCCTTACGG-1,0,0,10,7780,1042
GACGACTTTCCAAGAA-1,0,1,11,7725,1137
CCAGTGAGCTCCTTGT-1,0,0,12,7671,1042
ATACCCTGGCTCAAAT-1,0,1,13,7616,1137
GGGTTTCCGGCTTCCA-1,0,0,14,7561,1041
TAACCGTCCAGTTCAT-1,0,1,15,7506,1136
AAACAACGAATAGTTC-1,0,0,16,7452,1041
CAAGGGAGTGTATTTG-1,0,1,17,7397,1135
CCAAGCTTGATCTCCT-1,0,0,18,7343,1040
TTATTTCATCCCAAAC-1,0,1,19,7287,1135
GAGCGCTATGTCAGGC-1,0,0,20,7233,1039
TATGGCAGACTTTCGA-1,0,1,21,7178,1134
CTTCGTGCCCGCATCG-1,0,0,22,7124,1039
AAACGGGTTGGTATCC-1,0,1,23,7069,1134
TGCAAACCCACATCAA-1,0,0,24,7014,1038
GACGGGATGTCTTATG-1,0,1,25,6959,1133
GGCGAGCATCGAGGAC-1,0,0,26,6905,1038
CGCGTGCTATCAACGA-1,0,1,27,6850,1133
TGAAACCTCAACTCAC-1,0,0,28,6796,1037
CACATAAGGCGACCGT-1,0,1,29,6740,1132
TGACCCAACTCACATT-1,0,0,30,6686,1037
ATACGCCGATCTACCG-1,0,1,31,6631,1131
ACTTATCTGATCTATA-1,0,0,32,6577,1036
GTGTGAGCCGAGGTGC-1,0,1,33,6522,1131
GATGATTTGAAACTGG-1,0,0,34,6467,1035
GGGAACCACCTGTTTC-1,0,1,35,6412,1130
GTTCGTTGCGGACCAG-1,0,0,36,6358,1035
TGAGGTTGATCCCAAG-1,0,1,37,6303,1130
GATGCCACACTACAGC-1,0,0,38,6249,1034
AGGCAAAGAGGAATCA-1,0,1,39,6193,1129
AAGTAAGCTTCCAAAC-1,0,0,40,6139,1034
AACGTAGTCTACCCAT-1,0,1,41,6084,1129
GTTTGAGCGGTTATGT-1,0,0,42,6030,1033
GAAGCAAGGCAATGTT-1,0,1,43,5975,1128
TCACTCAGCGCATTAG-1,0,0,44,5920,1033
TACAATGAAACCAGCA-1,0,1,45,5865,1127
GTGCGCTTACAAATGA-1,0,0,46,5811,1032
GCACTCCCACAGTCCC-1,0,1,47,5756,1127
CGAAGACTGCCCGGGA-1,0,0,48,5702,1031
CAGGATCCGCCCGACC-1,0,1,49,5646,1126
CACGATTGGTCGTTAA-1,0,0,50,5592,1031
GGTTGTATCGTGAAAT-1,0,1,51,5537,1126
TCTTATGGGTAGTACC-1,0,0,52,5483,1030
TACAAGCTGTTCACTG-1,0,1,53,5428,1125
GTATCTTGTTGCTCAC-1,0,0,54,5373,1030
ATACCAGGTGAGCGAT-1,0,1,55,5318,1125
CCTAAACAGGGTCCGT-1,0,0,56,5264,1029
ATGGTGCTCAAAGCCA-1,0,1,57,5209,1124
CAAATGCGGAGTGTTC-1,0,0,58,5155,1029
CGTGCCCGACATTTGT-1,0,1,59,5099,1124
GTATCTCCCTAACTGT-1,0,0,60,5045,1028
ATTTGCCTAGTTACGA-1,0,1,61,4990,1123
ACGTCCTAAACGAGAT-1,0,0,62,4936,1028
CTGGGATCGCCCAGAT-1,0,1,63,4881,1122
CTGCAAATGGGCTCCA-1,0,0,64,4826,1027
CATTATAACAGGGTCC-1,0,1,65,4771,1122
ACCTTTCCTTTAGAAG-1,0,0,66,4717,1026
ATAGATTTGCAGTCGG-1,0,1,67,4662,1121
CTCGGGCATCGTCGGG-1,0,0,68,4608,1026
GTGGCGGGCCGTAGCT-1,0,1,69,4552,1121
CAACAGTGCCAAACGG-1,0,0,70,4498,1025
TGCGGGTATTGGGATC-1,0,1,71,4443,1120
GTCTCGCCAACACGCC-1,0,0,72,4389,1025
CTGGGCGGCCAAATGT-1,0,1,73,4334,1120
TAAAGGAGAAACTAGT-1,0,0,74,4280,1024
TCCCACGGAGGGAGCT-1,0,1,75,4224,1119
AGCTTCAATACTTTGA-1,0,0,76,4170,1024
TTCCACATTTCTCGTC-1,0,1,77,4115,1118
ACAAACCGACAAGGCG-1,0,0,78,4061,1023
AGACGGGATTGGTATA-1,0,1,79,4006,1118
AACCTAAAGCCGTCCG-1,0,0,80,3951,1022
TACAAATTGCGGAGGT-1,0,1,81,3896,1117
CCCGCTAGAGGGTTAA-1,0,0,82,3842,1022
CATTGCAAAGCATAAT-1,0,1,83,3787,1117
TGTACGCTATCAGCTT-1,0,0,84,3733,1021
TTCTTCGCAATAGAGC-1,0,1,85,3677,1116
TGTGATTCCAGCGCTT-1,0,0,86,3623,1021
ATTCAGGATCGCCTCT-1,0,1,87,3568,1116
GCCCATGGGTGCAATG-1,0,0,88,3514,1020
TTCCCGACGCTTCACT-1,0,1,89,3459,1115
AGCGGTTGAGATGTAC-1,0,0,90,3404,1020
GCTGTCTGTGATCGAC-1,0,1,91,3349,1115
AAAGACATGAAGTTTA-1,0,0,92,3295,1019
CAACAGAATAACGCTA-1,0,1,93,3240,1114
TGCGGTCTACGAGTAA-1,0,0,94,3186,1018
AAGACTCACGCCCACT-1,0,1,95,3130,1113
CTTTGAAACATATTCC-1,0,0,96,3076,1018
CTGGGCACTAGTCGGA-1,0,1,97,3021,1113
CGCCCTTACATCCACC-1,0,0,98,2967,1017
CACGACCACAGACTTT-1,0,1,99,2912,1112
CAATCCATTATCCGTT-1,0,0,100,2857,1017
GTGGCGTGCACCAGAG-1,0,1,101,2802,1112
CGGAGTCCTAACCTGG-1,0,0,102,2748,1016
GGTCCCATAACATAGA-1,0,1,103,2693,1111
ATCTCATAAACCTACC-1,0,0,104,2639,1016
TGCATGGCAGTCTTGC-1,0,1,105,2583,1111
TTGCAGGTCATGAAGT-1,0,0,106,2529,1015
AGCTGCATTTGAGGTG-1,0,1,107,2474,1110
TAATCAGGAATGCTGC-1,0,0,108,2420,1015
CCATCATAAGAACAGG-1,0,1,109,2365,1109
TCGTATCACCAAGCTA-1,0,0,110,2310,1014
ATTCAGATGAATCCCT-1,0,1,111,2255,1109
AAAGGTCAACGACATG-1,0,0,112,2201,1013
AGCTGCTGTGCCGAAT-1,0,1,113,2146,1108
CTAGCGCCAATCCTAC-1,0,0,114,2092,1013
GCTCGACCGAACTGAA-1,0,1,115,2036,1108
ACAGTGCAGCGCATTT-1,0,0,116,1982,1012
CGGCTGAAGGTTACGC-1,0,1,117,1927,1107
CACCTCTACGAGTGTG-1,0,0,118,1873,1012
ATACGACAGATGGGTA-1,0,1,119,1818,1107
ACTTCCTGTCGTGCGA-1,0,0,120,1763,1011
CGTAACGGAACGATCA-1,0,1,121,1708,1106
AAATCACTCCTAAACG-1,0,0,122,1654,1011
CTCCGAGTAAATCCGC-1,0,1,123,1599,1105
ACGCTAGTATCAGTGC-1,0,0,124,1545,1010
AGAGTGAACAGACACC-1,0,1,125,1489,1105
ACACCCGTAAATCTGT-1,0,0,126,1435,1009
GCTTTGCTGCCGGGTA-1,0,1,127,1380,1104
ACAGGAGGCGCAGCCG-1,0,2,0,8326,1235
AGGCAATACGGAGGAC-1,0,3,1,8271,1330
TGGTGTGACAGACGAT-1,0,2,2,8217,1235
ATCTATCGATGATCAA-1,0,3,3,8162,1330
CGGTAACAAGATACAT-1,0,2,4,8107,1234
TCGCCGGAGAGTCTTA-1,0,3,5,8052,1329
GGAGGAGTGTGTTTAT-1,0,2,6,7998,1234
TTAGGTGTGACTGGTC-1,0,3,7,7943,1329
CAGGGCTAACGAAACC-1,0,2,8,7889,1233
CCCGTGGGTTAATTGA-1,0,3,9,7833,1328
GACCGACCGCTAATAT-1,0,2,10,7779,1233
GGTATCAAGCATAGAA-1,0,3,11,7724,1327
TGCATGAGTAGATTCG-1,0,2,12,7670,1232
AATTCCAACTTGGTGA-1,0,3,13,7615,1327
TGCCGATGTCATCAAT-1,0,2,14,7560,1231
GCTGGGTCCGCTGTTA-1,0,3,15,7505,1326
TGAACACCCGAAGCAG-1,0,2,16,7451,1231
AACATTGGTCAGCCGT-1,0,3,17,7396,1326
GTGGGTCTTCTTTGCG-1,0,2,18,7342,1230
CATCGAATGGATCTCT-1,0,3,19,7286,1325
GCTACACTGTCCGAAC-1,0,2,20,7232,1230
CGGGTTGTAGCTTTGG-1,0,3,21,7177,1325
CCTAAGTGTCTAACCG-1,0,2,22,7123,1229
TCTGTGACTGACCGTT-1,0,3,23,7068,1324
TTATCATACTCGCAAA-1,0,2,24,7013,1229
AGCGTAGCGCTAGACC-1,0,3,25,6958,1323
TCCCTCCGAAATCGTT-1,0,2,26,6904,1228
AGGTCGCCACTTCGGT-1,0,3,27,6849,1323
CTAGCAACTAATTTAC-1,0,2,28,6795,1227
TTGCTAGCTACCAATC-1,0,3,29,6739,1322
GCCGGTTTGGGCGGAT-1,0,2,30,6685,1227
TGTAACTTGTCAACCT-1,0,3,31,6630,1322
CGAGATGTTGCCTATA-1,0,2,32,6576,1226
GTTACGAAATCCACGC-1,0,3,33,6521,1321
CTTGTCGTACGTGTCA-1,0,2,34,6466,1226
GCGTCCAGCTCGTGGC-1,0,3,35,6411,1321
CCCTTCTCGTACGCGA-1,0,2,36,6357,1225
CCAAAGTCCCGCTAAC-1,0,3,37,6302,1320
CCGCTTCGCGGTTAAC-1,0,2,38,6248,1225
GTTACGGCCCGACTGC-1,0,3,39,6192,1320
CCCGCTTGCCCTCGTC-1,0,2,40,6138,1224
TAGTGAGAAGTGGTTG-1,0,3,41,6083,1319
CGCTACCGCCCTATGA-1,0,2,42,6029,1224
AAACAATCTACTAGCA-1,0,3,43,5974,1318
GCGCGATGGGTCAAGT-1,0,2,44,5919,1223
ATAAACCATTGGACGG-1,0,3,45,5864,1318
TCGGGCACTTCTGGAT-1,0,2,46,5810,1222
TCTGTGGCTACATTTC-1,0,3,47,5755,1317
CTCTGTGCCTGCTATG-1,0,2,48,5701,1222
CACGACTAAAGTTCTG-1,0,3,49,5645,1317
GAGGAGTAATTCCTAC-1,0,2,50,5591,1221
AGAGGTATCTCGGTCC-1,0,3,51,5536,1316
GGCGTACCCTATATAA-1,0,2,52,5482,1221
GCCGGAAACACATCTT-1,0,3,53,5427,1316
AAATGTGGGTGCTCCT-1,0,2,54,5372,1220
ACCAGGAGTGTGATCT-1,0,3,55,5317,1315
TGTGGAGGAAGCTTAA-1,0,2,56,5263,1220
AAGGAGAACTTATAAG-1,0,3,57,5208,1314
CCCTCGGGAGCCTTGT-1,0,2,58,5154,1219
ACTGTTTAGTGTAGGC-1,0,3,59,5098,1314
CGTCAGTTTATCGTCT-1,0,2,60,5044,1218
GCGTGTATGTCGTATT-1,0,3,61,4989,1313
ACAATCGATCTTTATA-1,0,2,62,4935,1218
CAGCCCTCACAGGCAG-1,0,3,63,4880,1313
CGCGTCATATTAAACC-1,0,2,64,4825,1217
GAAGACTTCAATGCCG-1,0,3,65,4770,1312
TTGCGGCGACTCATGC-1,0,2,66,4716,1217
ACCAAACTAGAAATCC-1,0,3,67,4661,1312
TTACTGTTTCTCTACG-1,0,2,68,4607,1216
GACCAGGTCATTCATA-1,0,3,69,4552,1311
TTCTTCCCTTTGATAT-1,0,2,70,4497,1216
ACGCCCAGCTGTCGAT-1,0,3,71,4442,1310
AGTAGCGTGAACGAAC-1,0,2,72,4388,1215
CCTCGACCCACTGCCT-1,0,3,73,4333,1310
AGTTATTGAAAGGTAA-1,0,2,74,4279,1214
TCAGTTACGGAATGAT-1,0,3,75,4223,1309
GAATCTATACTCGGAC-1,0,2,76,4169,1214
TCGGCTAACTTCCCTT-1,0,3,77,4114,1309
ACGTGGTCGAATGTGC-1,0,2,78,4060,1213
ATATCGTGCCAGACCC-1,0,3,79,4005,1308
GTAGCTAGTAAGCGCG-1,0,2,80,3950,1213
ACGCTTAGTGTCTCTC-1,0,3,81,3895,1308
TCCGGCCTGCATCGAT-1,0,2,82,3841,1212
TAGTGGAACTCATACA-1,0,3,83,3786,1307
ATCATCTGCCCAGTGT-1,0,2,84,3732,1212
GTTATTAAATACGACC-1,0,3,85,3676,1307
GCGCTAAGTATGCATG-1,0,2,86,3622,1211
CCTGACGCAACCTTTA-1,0,3,87,3567,1306
CCCAAGAATGCACGGT-1,0,2,88,3513,1211
AACTGGGTTCGAGCCG-1,0,3,89,3458,1305
GGTTCCACCCGCTTCT-1,0,2,90,3403,1210
CATGCACGTGTTACTG-1,0,3,91,3348,1305
AGCGTTCCGATTTAAA-1,0,2,92,3294,1209
CCTACGCGACCTTACA-1,0,3,93,3239,1304
CGAATTACATGGTGTT-1,0,2,94,3185,1209
GAGGTCTTAGTGGGTC-1,0,3,95,3129,1304
GCCGCTAGATACGCAG-1,0,2,96,3075,1208
GTCACCTGTCTATGTC-1,0,3,97,3020,1303
CCGATTGGTCAATGAA-1,0,2,98,2966,1208
CCTGTGCGGATTGTAA-1,0,3,99,2911,1303
TTACGTAGCGCGTGCT-1,0,2,100,2856,1207
GGAGGCGAAGAACCGC-1,0,3,101,2801,1302
GGGTCACGTGCTTATG-1,0,2,102,2747,1207
GCTCCGGACGTTGATA-1,0,3,103,2692,1301
ATGTTTGTAAGATCAT-1,0,2,104,2638,1206
TGACCCAGCATTCCCG-1,0,3,105,2582,1301
TGGTCGTTTGATAGAT-1,0,2,106,2528,1205
TGTAATGCCTTCGGAC-1,0,3,107,2473,1300
TGCTCACACAACAACC-1,0,2,108,2419,1205
TACGATCCAAGCCACT-1,0,3,109,2364,1300
TTGTAACTTCATAGCG-1,0,2,110,2309,1204
AGATTCAAGCGGGTCG-1,0,3,111,2254,1299
CTCAGCAGACTGCCGA-1,0,2,112,2200,1204
GTAACATCAGCTCATC-1,0,3,113,2145,1299
ATGGAACAGAATAAAC-1,0,2,114,2091,1203
GGGCCTATACAACCGG-1,0,3,115,2035,1298
TCAAACAATTAGGACA-1,0,2,116,1981,1203
AAACCACTACACAGAT-1,0,3,117,1926,1298
AAACGACAGTCTTGCC-1,0,2,118,1872,1202
TTGAGGGTCGAACGCG-1,0,3,119,1817,1297
TGTTGATCACTGTTTA-1,0,2,120,1762,1201
AGGGTGTGCTACACGC-1,0,3,121,1707,1296
GTAGTTAGACAATATA-1,0,2,122,1653,1201
AATGGCCGCCAATGCG-1,0,3,123,1598,1296
TCGGCGGTATTAGATT-1,0,2,124,1544,1200
GGGTCACTGAGTAGTG-1,0,3,125,1488,1295
GAATTATGCAACCTAC-1,0,2,126,1434,1200
GATCTTAGTGAACGTG-1,0,3,127,1379,1295
CTAATGCGCCCAACAA-1,0,4,0,8325,1426
GCCACCCATTCCACTT-1,0,5,1,8270,1521
TACTCACAACGTAGTA-1,0,4,2,8216,1425
GTTCGGTGTGGATTTA-1,0,5,3,8161,1520
TCTTTCGGCGGGACAC-1,0,4,4,8106,1425
GGAGACATTCACGGGC-1,0,5,5,8051,1519
GGGATTATCTCACAAC-1,0,4,6,7997,1424
TAGAACGCCAGTAACG-1,0,5,7,7942,1519
ACGAGTCGCCGGCGTT-1,0,4,8,7888,1423
TGATGGGACTAAGTCA-1,0,5,9,7832,1518
TGCGAGAAACGTTACG-1,0,4,10,7778,1423
TCGCCTCGACCTGTTG-1,0,5,11,7723,1518
AACTCGATAAACACGT-1,0,4,12,7669,1422
AGGAAAGCCTCTGATG-1,0,5,13,7614,1517
GAAGGACTAAATTGAA-1,0,4,14,7559,1422
GTATCGGGACGAGCTG-1,0,5,15,7504,1517
CCTGTGCATAGGAGAC-1,0,4,16,7450,1421
CATACGGGTGCATGAT-1,0,5,17,7395,1516
CCACTAAACTGAATCG-1,0,4,18,7341,1421
AAATTGCGGCGGTTCT-1,0,5,19,7285,1516
AGTCCAGCGGGTACGT-1,0,4,20,7231,1420
CATTCAGGTCAGTGCG-1,0,5,21,7176,1515
CTAAAGTCCGAAGCTA-1,0,4,22,7122,1420
AATCAGACTGCAGGAC-1,0,5,23,7067,1514
AGTATCCATAATAACG-1,0,4,24,7012,1419
CTGGCTGCTAACGTAA-1,0,5,25,6957,1514
GTTCCAAGACAGCGAC-1,0,4,26,6903,1418
AAGACTAACCCGTTGT-1,0,5,27,6848,1513
GATTAATCCTGGCTCA-1,0,4,28,6794,1418
CGCGCAAGGAACTACA-1,0,5,29,6738,1513
CAGTAGCGAGGTAGTA-1,0,4,30,6684,1417
ACGGCGGGTTGCCCTG-1,0,5,31,6629,1512
CTAGGCGGCAGAGAAT-1,0,4,32,6575,1417
GTGCGCAGCTTGCTCC-1,0,5,33,6520,1512
TCACTATCGTGCAATC-1,0,4,34,6465,1416
TATGATTCTGCTTGGT-1,0,5,35,6410,1511
TAAGATTTAGCGGGAG-1,0,4,36,6356,1416
TTACGGTGTCACCGAG-1,0,5,37,6301,1510
CTACACTAGCTTGTTC-1,0,4,38,6247,1415
TGAGCAGTCGTGAAGT-1,0,5,39,6191,1510
CGCTGAGGACGTCCAA-1,0,4,40,6137,1414
GTGTATGACTTTAAAG-1,0,5,41,6082,1509
CTAAACGGGTGTAATC-1,0,4,42,6028,1414
TGTACTGTGCCAAAGT-1,0,5,43,5973,1509
GGCCACAAGCGATGGC-1,0,4,44,5918,1413
GTCAATTGTACTGAAG-1,0,5,45,5863,1508
AGGGACAGCACGGCGG-1,0,4,46,5809,1413
AGCTTATAGAGACCTG-1,0,5,47,5754,1508
AACTAGCGTATCGCAC-1,0,4,48,5700,1412
AACTTTAGCTGCTGAG-1,0,5,49,5644,1507
CCCAAGACAGAGTATG-1,0,4,50,5590,1412
GGCATCAACGAGCACG-1,0,5,51,5535,1506
ATGCATTCCGTGATGG-1,0,4,52,5481,1411
TTATAGATGCACATTA-1,0,5,53,5426,1506
GAACCATCTGGGAGAC-1,0,4,54,5371,1410
TGCTATACAAACGGAC-1,0,5,55,5316,1505
ACTTGCCATATTGTAC-1,0,4,56,5262,1410
TATTCCGGCAGTCCTA-1,0,5,57,5207,1505
GACGGACCGCGTTCCT-1,0,4,58,5153,1409
ATGTGTAGTTTAGTCA-1,0,5,59,5098,1504
ATACCAGCAAATTGCT-1,0,4,60,5043,1409
AAGTTTACTAATGGCA-1,0,5,61,4988,1504
CTCTCGATGTGCGCCT-1,0,4,62,4934,1408
GATTGACACTCTGCTC-1,0,5,63,4879,1503
TATCACAGCACGGGCA-1,0,4,64,4825,1408
ACCGTTCCCGCTCTGA-1,0,5,65,4769,1503
CCGCCACCACAATCCA-1,0,4,66,4715,1407
CATTCACTGACAGCTA-1,0,5,67,4660,1502
CGGCTGCAAGATTAAG-1,0,4,68,4606,1407
CATGAACCTCTTATCA-1,0,5,69,4551,1501
TTAATGCGAGGTAACT-1,0,4,70,4496,1406
AATAAGTCCTCGAGAC-1,0,5,71,4441,1501
ACCAGCCCGGTCTTTG-1,0,4,72,4387,1405
CTACGAACTAGGTCGA-1,0,5,73,4332,1500
ACATCTCAACGCGTAA-1,0,4,74,4278,1405
CACTACTCAGTTCTGT-1,0,5,75,4222,1500
CCGACTCGCATAGTCT-1,0,4,76,4168,1404
CATTTATCGTTCAAGA-1,0,5,77,4113,1499
CAAACGTGGTCTTGCG-1,0,4,78,4059,1404
TAGAAACCACTAAGTA-1,0,5,79,4004,1499
ACTGATTTAGTGATTC-1,0,4,80,3949,1403
TCGTATTTCGTCCGGA-1,0,5,81,3894,1498
CGGAAATTTCACATCC-1,0,4,82,3840,1403
ATCCACGCTAAATGTT-1,0,5,83,3785,1497
GTTCAATCTATGTCAA-1,0,4,84,3731,1402
ATAAAGGTCAAGTACG-1,0,5,85,3675,1497
CAACTCCAACGTTTAG-1,0,4,86,3621,1401
TAGGAACAGCCTCCAG-1,0,5,87,3566,1496
ATGGGAACGGAAGCGG-1,0,4,88,3512,1401
CACACGTTTCAATGGG-1,0,5,89,3457,1496
GGTGTTCTGTTTCTAC-1,0,4,90,3402,1400
AGTAACGTTCATCCTG-1,0,5,91,3347,1495
GTATAGTGGCCCATGT-1,0,4,92,3293,1400
TCTACACGTTCATGCA-1,0,5,93,3238,1495
AATCTGGGTAGACCCT-1,0,4,94,3184,1399
TCGGTTAGCCATGTAG-1,0,5,95,3128,1494
TGCCATGGCTTATAAG-1,0,4,96,3074,1399
TAAGTAAATGTGCCGC-1,0,5,97,3019,1494
GTGTCCGATAAGGCAT-1,0,4,98,2965,1398
TGGCACGAGCTCGAGT-1,0,5,99,2910,1493
ACCGGTCTGAGTACGG-1,0,4,100,2855,1397
GAACTTAGCGCCCGGT-1,0,5,101,2800,1492
AGTAGCTAGACGCCGA-1,0,4,102,2746,1397
ATAGGAATCTAAGCTT-1,0,5,103,2691,1492
CTTCCTGCATATTTAC-1,0,4,104,2637,1396
CAATATGTAGATTTAC-1,0,5,105,2581,1491
ACAAGGCCTACCAGCC-1,0,4,106,2527,1396
TTATAGTCCAAGGTGC-1,0,5,107,2472,1491
AAACGCCCGAGATCGG-1,0,4,108,2418,1395
CCTCGTTACGCCTGTT-1,0,5,109,2363,1490
GAACGGTGTAAAGCAG-1,0,4,110,2308,1395
ACGCATAAATGACATG-1,0,5,111,2253,1490
GGTTCGATGCTGAGTT-1,0,4,112,2199,1394
CTTTGGCAGACAGAGT-1,0,5,113,2144,1489
TTCGTGGGCTGGAAGC-1,0,4,114,2090,1394
CAAAGGTTAAATTCAG-1,0,5,115,2034,1488
GTTTGGCGTCAGGCAC-1,0,4,116,1980,1393
GCTTTCTATCTCAACT-1,0,5,117,1925,1488
TGCATCTCCGGATCTT-1,0,4,118,1871,1392
CTGAAACGGCCCTCAG-1,0,5,119,1816,1487
TAGCAGTAAATACGCG-1,0,4,120,1761,1392
CGGGCTACTTAAATTG-1,0,5,121,1706,1487
ATTATGCTCAGTATTG-1,0,4,122,1652,1391
TGATGCTCACGTAGTC-1,0,5,123,1597,1486
GTCTAAGATGCCCAGC-1,0,4,124,1543,1391
AACCCGATAGGGCTTC-1,0,5,125,1487,1486
CGCTATCGTGGCTTTA-1,0,4,126,1433,1390
CGTCTCTCGCCGAGGC-1,0,5,127,1378,1485
AGTGGGAGTATACACG-1,0,6,0,8324,1616
GGTCTTGGTGTTAACT-1,0,7,1,8269,1711
GGCTGGCAGCTTTATG-1,0,6,2,8215,1616
CGCCAATTATTGCGTT-1,0,7,3,8160,1710
GGTAACCGGCAAAGGT-1,0,6,4,8105,1615
TGGGACCATTGGGAGT-1,0,7,5,8050,1710
CTGCAGGTGCTCGGCC-1,0,6,6,7996,1614
CCGGTGCGAGTGATAG-1,0,7,7,7941,1709
GGGTACACTCTGGAGG-1,0,6,8,7887,1614
TAGCCAGAGGGTCCGG-1,0,7,9,7831,1709
CTTGTGAGGACAGCGG-1,0,6,10,7777,1613
GAAGGGCATAACCATG-1,0,7,11,7722,1708
CAACATGGCCTGATAA-1,0,6,12,7668,1613
CAATTTGACCGGGAAG-1,0,7,13,7613,1708
TCTGACTGTAATGGTT-1,0,6,14,7558,1612
TTCATAGCCTTGTAAC-1,0,7,15,7503,1707
TGGAAACGGAGTGAAC-1,0,6,16,7449,1612
ATCGCACGATTGTTCA-1,0,7,17,7394,1706
CGCCACCCGCATTAAC-1,0,6,18,7340,1611
TGGACCACGGCGTTGA-1,0,7,19,7284,1706
GTATATGTTACGGCGG-1,0,6,20,7230,1610
GTATTCTTACCGTGCT-1,0,7,21,7175,1705
TTCAGAGTAACCTGAC-1,0,6,22,7121,1610
GCGGTAACCCAAATGA-1,0,7,23,7066,1705
CTACGTGTTGCCACCA-1,0,6,24,7011,1609
CTAGATAAACTCCTCG-1,0,7,25,6956,1704
TCCATTAGTTGGATAG-1,0,6,26,6902,1609
CTGGCTCCTGCGGGAT-1,0,7,27,6847,1704
CAGTCTCTCGGCTAAT-1,0,6,28,6793,1608
GTATGACGTGGGAAAC-1,0,7,29,6737,1703
AGTCACTCCGCCTCAT-1,0,6,30,6683,1608
GCAGCGGTGGGCATTA-1,0,7,31,6628,1702
TATGGAGTTTCTCGTT-1,0,6,32,6574,1607
ACTCAACGAATGTATT-1,0,7,33,6519,1702
AACACGCGGCCGCGAA-1,0,6,34,6464,1606
CGATATTAGCCGCAGG-1,0,7,35,6409,1701
AGCGTCTGAACCCGCA-1,0,6,36,6355,1606
GATGTCCGGATCACAT-1,0,7,37,6300,1701
GGTCACGTTAGATTCA-1,0,6,38,6246,1605
TTAAGGATACGGAGGT-1,0,7,39,6190,1700
GTGCGGGACCATCGGC-1,0,6,40,6136,1605
CCATCTTGTTCACAAT-1,0,7,41,6081,1700
TCCGAGAAGGCTAAGC-1,0,6,42,6027,1604
TGGCGGTGTGCGATTG-1,0,7,43,5972,1699
ATCCTGCTGCAGATAG-1,0,6,44,5917,1604
TTATGCGTCCCGGTCC-1,0,7,45,5862,1699
CATAATGAGCGGGCGA-1,0,6,46,5808,1603
AGACATAGATCCTTCC-1,0,7,47,5753,1698
GGTGAAACCGGGAATG-1,0,6,48,5699,1603
AACTGGTGTGGGCCTT-1,0,7,49,5643,1697
GTAGCGCTGTTGTAGT-1,0,6,50,5589,1602
TTGTTTGTGTAAATTC-1,0,7,51,5534,1697
GGATCAAAGGACGAGG-1,0,6,52,5480,1601
CGTAGCGCCGACGTTG-1,0,7,53,5425,1696
CAAGTGAACTTTGGTT-1,0,6,54,5371,1601
GTAGACAACCGATGAA-1,0,7,55,5315,1696
CAATGGTCGGCCTGGG-1,0,6,56,5261,1600
ACAGATTAGGTTAGTG-1,0,7,57,5206,1695
GTTATCACCTTCTGAA-1,0,6,58,5152,1600
TGGTATCGGTCTGTAT-1,0,7,59,5097,1695
GGAATAACCTCAAGAA-1,0,6,60,5042,1599
ATTATCTCGACAGATC-1,0,7,61,4987,1694
CCGAGGGATGTTAGGC-1,0,6,62,4933,1599
TGAGATCAAATACTCA-1,0,7,63,4878,1693
AAACGAAGAACATACC-1,0,6,64,4824,1598
CTGGTCCTAACTTGGC-1,0,7,65,4768,1693
TGCACGAGTCGGCAGC-1,0,6,66,4714,1597
ATAGTCTTTGACGTGC-1,0,7,67,4659,1692
TGGAGCTAAAGTTCCC-1,0,6,68,4605,1597
GGGTGGTCCAGCCTGT-1,0,7,69,4550,1692
CATGCATGGAGACCCT-1,0,6,70,4495,1596
ACACGGCACTATGCAT-1,0,7,71,4440,1691
CCCTGGTATGGGCGGC-1,0,6,72,4386,1596
GGAGGATTGAAAGGAG-1,0,7,73,4331,1691
CCGCTGGTGCCATTCA-1,0,6,74,4277,1595
GTTAGAGTGTGCCGCT-1,0,7,75,4221,1690
TCGGAATGACCATCAA-1,0,6,76,4167,1595
TTCAATTAGCCATAAT-1,0,7,77,4112,1689
GATGTGTTGTCACAAG-1,0,6,78,4058,1594
TCTTTCTCTTAAGGAG-1,0,7,79,4003,1689
ACCCTTTAGTTCTCCA-1,0,6,80,3948,1593
ACCACAACTCAGAACA-1,0,7,81,3893,1688
TATGATAAATCTAACG-1,0,6,82,3839,1593
GATCCTCTTGCGCTTA-1,0,7,83,3784,1688
TTCTACCTTTATGTTG-1,0,6,84,3730,1592
GAAATACCTGCTGGCT-1,0,7,85,3674,1687
ATTCTGAGTATGAACT-1,0,6,86,3620,1592
GGATTAAGCTAAGGTC-1,0,7,87,3565,1687
AGTACGTGGCCTGTCT-1,0,6,88,3511,1591
TCAGGGTGCACGAAAC-1,0,7,89,3456,1686
AAATTTACCGAAATCC-1,0,6,90,3401,1591
TTGAGGCATTTAACTC-1,0,7,91,3346,1686
AACCAGTATCACTCTT-1,0,6,92,3292,1590
CACCGGAGATATCTCC-1,0,7,93,3237,1685
GACTGGGCGCCGCAAC-1,0,6,94,3183,1590
CACGTCTATGATGTGG-1,0,7,95,3127,1684
TTAAGACGAACGAACC-1,0,6,96,3073,1589
TGACCAGCTTCAAAGT-1,0,7,97,3018,1684
AGAGTTAGAGACCGAT-1,0,6,98,2964,1588
TTCGGACTGATGCCTT-1,0,7,99,2909,1683
CTCGAATGGAACGTAT-1,0,6,100,2854,1588
GGACGGCTTGCGCAAC-1,0,7,101,2799,1683
CTAAGTACAGGGCTAC-1,0,6,102,2745,1587
ACAAATTCAGATCTGA-1,0,7,103,2690,1682
CATGGAAATGGGACCA-1,0,6,104,2636,1587
GGTGGACCACGTGTTA-1,0,7,105,2580,1682
CACGACGTAATAGTAA-1,0,6,106,2526,1586
CGGGTTCGGCACGTAT-1,0,7,107,2471,1681
CTGGGCTATCCTTTGG-1,0,6,108,2417,1586
GTATTAGGGTTCGCGT-1,0,7,109,2362,1680
TCATTCGTATAATTTG-1,0,6,110,2307,1585
AATAGCAAGCCTCCTG-1,0,7,111,2252,1680
CATCTACCCGAGAACG-1,0,6,112,2198,1584
GCTTCAGTGGGATTAC-1,0,7,113,2143,1679
TCTGTGATGGAGGTTG-1,0,6,114,2089,1584
ATCCACTTTCAGACTA-1,0,7,115,2033,1679
ATGGTTACGAAACATG-1,0,6,116,1979,1583
GGCCCAATCTAGAGGG-1,0,7,117,1924,1678
GATGGTGAAATAACCC-1,0,6,118,1870,1583
AGAGGGACAATTGTCC-1,0,7,119,1815,1678
CGCGTACATTCTGGAA-1,0,6,120,1760,1582
CAAGAAACCCTAAACT-1,0,7,121,1705,1677
TTGGTGCGGTGTTGAA-1,0,6,122,1651,1582
GGTTCCCTAGTGTCTC-1,0,7,123,1596,1677
CGATAACCAATTTGAG-1,0,6,124,1542,1581
GCCCACTGGTCCACAA-1,0,7,125,1487,1676
GAGGGCCGGCAGAGTC-1,0,6,126,1432,1580
CGACACGGATGCCCAC-1,0,7,127,1377,1675
CTGTCTGTGGCTGGCT-1,0,8,0,8323,1806
ATATTATCCCGTATTT-1,0,9,1,8268,1901
GCGCTGGCGGAAAGTC-1,0,8,2,8214,1806
ATCTAACGTCCCTATG-1,0,9,3,8159,1901
GTCAGACAGCGTTGGA-1,0,8,4,8104,1805
GCCAGGCTTAGTGGTA-1,0,9,5,8049,1900
ATTCAAAGTACCTGTT-1,0,8,6,7995,1805
TGGACGTAGGCGAATC-1,0,9,7,7940,1900
ACACATTGACGCAACA-1,0,8,8,7886,1804
GATATCAGTATGTATC-1,0,9,9,7830,1899
TGGGCCTTGCCTGCAT-1,0,8,10,7776,1804
CAAAGTCAGGTTAGCT-1,0,9,11,7721,1898
GGATCCCTACCAGCTA-1,0,8,12,7667,1803
ATCGTCCAATCGAGTC-1,0,9,13,7612,1898
ACATGGCTCAATTTAG-1,0,8,14,7557,1802
AGGCCCAGTGACTGGT-1,0,9,15,7502,1897
GCTTCCAGCTTAGATT-1,0,8,16,7448,1802
TGCTTGAAACCATGCA-1,0,9,17,7393,1897
CAATATTGGACTAGTG-1,0,8,18,7339,1801
CGTGCTGGCCTAGTCG-1,0,9,19,7283,1896
CCTGCGATAGAACTGT-1,0,8,20,7229,1801
GGGTAATGCTGTGTTT-1,0,9,21,7174,1896
AACGCGAACGGCAACA-1,0,8,22,7120,1800
TGTCGGCATGGTGGAA-1,0,9,23,7065,1895
AGCGTACGAGAGCTAG-1,0,8,24,7010,1800
ATACTCTCGCCACTCT-1,0,9,25,6955,1895
AATCCATGCAAGGGTG-1,0,8,26,6901,1799
TTAAACAGAGTCCCGC-1,0,9,27,6846,1894
CCACAGCTGAAATCAT-1,0,8,28,6792,1799
CGGTTCCGGCTTCTTG-1,0,9,29,6736,1893
GACGTGAGACTCCATG-1,0,8,30,6682,1798
TCGTTGGCTCGTCAAT-1,0,9,31,6627,1893
GGTGAACGGGCTAGCC-1,0,8,32,6573,1797
GCACTGTGCAAATGTA-1,0,9,33,6518,1892
ACGAGAACCCATCACG-1,0,8,34,6463,1797
CCAGCTACGCCTCATA-1,0,9,35,6408,1892
TCCCGGTCAGGAATTT-1,0,8,36,6354,1796
TCGCATTCAATGACTT-1,0,9,37,6299,1891
CTGGTTCAACGCATCA-1,0,8,38,6245,1796
GGTGATTTCATCTTGT-1,0,9,39,6189,1891
CACCCTTTCCTCGCTC-1,0,8,40,6135,1795
CAACTTGTAGTGGGCA-1,0,9,41,6080,1890
AATATCAAGGTCGGAT-1,0,8,42,6026,1795
ACTCAGACCTGCTTCT-1,0,9,43,5971,1889
TTGGAGTCTCCCTTCT-1,0,8,44,5916,1794
GGATACTCATGAATTG-1,0,9,45,5861,1889
TGGGCACAAACAGAAC-1,0,8,46,5807,1793
GAGCCACGGTAGTAGG-1,0,9,47,5752,1888
TCGATAGGCTAGTCGC-1,0,8,48,5698,1793
TAACCGCCCGCAGTGC-1,0,9,49,5643,1888
GCCTATTTGCTACACA-1,0,8,50,5588,1792
TTGACGATTCAGCACG-1,0,9,51,5533,1887
TTAAACCGGTAGCGAC-1,0,8,52,5479,1792
ACCGAAAGGGCCCTGC-1,0,9,53,5424,1887
ACGTTCCGCGCTCCGT-1,0,8,54,5370,1791
ATACCAGGCTAATAGA-1,0,9,55,5314,1886
CGGCTTTGTATGATAA-1,0,8,56,5260,1791
CTTGACCCGAAAGATA-1,0,9,57,5205,1885
CGCAGAAACATTTGCG-1,0,8,58,5151,1790
GACCCGTCGCCGGCTA-1,0,9,59,5096,1885
AATCGGGACACTACGA-1,0,8,60,5041,1789
GTCACAAAGTTTCCAA-1,0,9,61,4986,1884
TATATTCGCGTCGATA-1,0,8,62,4932,1789
CCTCCCGACAATCCCT-1,0,9,63,4877,1884
CGACATGCGATCTTCT-1,0,8,64,4823,1788
AACACGACTGTACTGA-1,0,9,65,4767,1883
CCCAACCACACTAACA-1,0,8,66,4713,1788
CACCGCCGACCAGCGA-1,0,9,67,4658,1883
TGGTATCGCATCCCAA-1,0,8,68,4604,1787
CAGAGTGATTTAACGT-1,0,9,69,4549,1882
AACCCTGGTGGAACCA-1,0,8,70,4494,1787
GTCAGTTGTGCTCGTT-1,0,9,71,4439,1882
ATTGACGTAACTCGGT-1,0,8,72,4385,1786
GATGTCGGTCAACTGC-1,0,9,73,4330,1881
AGGGCAGCGGCGTGGT-1,0,8,74,4276,1786
ACATCGTTAACCTAGT-1,0,9,75,4220,1880
TCCATTGTGACCTCGT-1,0,8,76,4166,1785
TGTTTAATACTTCATC-1,0,9,77,4111,1880
TTGCTGGCCGGGCTTC-1,0,8,78,4057,1784
CATATTATTTGCCCTA-1,0,9,79,4002,1879
CTGCCTAGCCACCAAG-1,0,8,80,3947,1784
ACGAGATATTTGCTTA-1,0,9,81,3892,1879
GACTACAATTGCTCGT-1,0,8,82,3838,1783
AACGTGATGAAGGACA-1,0,9,83,3783,1878
ACTCTCTTATACACGA-1,0,8,84,3729,1783
CGCATCATGGCTTCAG-1,0,9,85,3673,1878
CGGCTCTTCGTCGAAC-1,0,8,86,3619,1782
ATTCTTCGTACTTATG-1,0,9,87,3564,1877
AGTGAGGGTTTCTGAC-1,0,8,88,3510,1782
GCCAGGCGTTCGCATG-1,0,9,89,3455,1876
GACTAACACAGCACCT-1,0,8,90,3400,1781
CAATGGAATCTACATA-1,0,9,91,3345,1876
GTGGTCAGCGAAGTAT-1,0,8,92,3291,1780
ATGGCTGGAAATGGCC-1,0,9,93,3236,1875
ATCAGGTCGCCATTGC-1,0,8,94,3182,1780
TATCACCATGTAAAGT-1,0,9,95,3126,1875
AGCGCTTATGGGCAAG-1,0,8,96,3072,1779
AAGCGGCGTCATGGGT-1,0,9,97,3017,1874
ACTAATACGTCAGGCG-1,0,8,98,2963,1779
GGCTGAGCATCGTAAG-1,0,9,99,2908,1874
CGGTTGGGTTCAAGTT-1,0,8,100,2853,1778
GACTGATTGGTCACAA-1,0,9,101,2798,1873
AGACGGGCCGATTTAA-1,0,8,102,2744,1778
ACCAGTGCCCGGTCAA-1,0,9,103,2689,1873
GTCCTTTAATGACTTC-1,0,8,104,2635,1777
CCTACAAGTCCGGAAT-1,0,9,105,2579,1872
GCCTGCTACACTGAGA-1,0,8,106,2525,1776
GACTCGGTCGGCGGAT-1,0,9,107,2470,1871
CTAGACATATATGTAG-1,0,8,108,2416,1776
TCGCCCAACTGACTCC-1,0,9,109,2361,1871
AAACTAACGTGGCGAC-1,0,8,110,2306,1775
AACTGAGGTCAGCGTC-1,0,9,111,2251,1870
ACAATGATTCTTCTAC-1,0,8,112,2197,1775
ATAAGTACCCGATTGT-1,0,9,113,2142,1870
ATTGGGAGTTCTGTAA-1,0,8,114,2088,1774
CGAACATAGTCAGAAA-1,0,9,115,2032,1869
TAGCTCAGATCCTAGT-1,0,8,116,1978,1774
GTGTCGTATTCACCTT-1,0,9,117,1923,1869
CTCACCGATCCAAACT-1,0,8,118,1869,1773
ATATGTGCACAAACCA-1,0,9,119,1814,1868
CAGTCCAACGCCTTCT-1,0,8,120,1759,1773
TCGTCCGGGTACACTC-1,0,9,121,1704,1867
GCAGAAACGTAATCCA-1,0,8,122,1650,1772
TTCGAGCCGGCGCTAC-1,0,9,123,1595,1867
GGAAGATAAGACTGTA-1,0,8,124,1541,1771
ATAAGCAAACACCGAG-1,0,9,125,1486,1866
GCATAAATTGAACGCC-1,0,8,126,1431,1771
CGCCGGTGTCGCAGTA-1,0,9,127,1376,1866
GACCTGGTCTGGGCGT-1,0,10,0,8322,1997
AGCCGCTTGATTAGCG-1,0,11,1,8267,2092
CCCGGCTAGGTGAGAA-1,0,10,2,8213,1996
CGAGCCGAGCACTCGA-1,0,11,3,8158,2091
TAGTGCTTGAATCCTT-1,0,10,4,8103,1996
CAACCGCACCTAGACA-1,0,11,5,8048,2091
ACCACTGTTCAAGAAG-1,0,10,6,7994,1995
AGATGCTATAACGAGC-1,0,11,7,7939,2090
AATTACTCGTACGCTC-1,0,10,8,7885,1994
CGTCAATCTTTAACAT-1,0,11,9,7829,2089
CCAAAGCAGTTGGTTG-1,0,10,10,7775,1994
CCATATTGGATCATGA-1,0,11,11,7720,2089
CGTACCGAAAGTCTAG-1,0,10,12,7666,1993
CTCGAGATCCAAAGCA-1,0,11,13,7611,2088
TGGATAGAGTAACAGA-1,0,10,14,7556,1993
TCACAGATCCTCAAAC-1,0,11,15,7501,2088
AGAGCTACGAAAGCAT-1,0,10,16,7447,1992
TGCGTGATTGGGTGTC-1,0,11,17,7392,2087
CACATGTTTGGACATG-1,0,10,18,7338,1992
TTCGCATCCGGAAGCA-1,0,11,19,7282,2087
CCCTAGTGTCAGGTGT-1,0,10,20,7228,1991
TTACCGCCTTAGGGAA-1,0,11,21,7173,2086
CCAGTCCATTATTCGA-1,0,10,22,7119,1991
CGTAAACGCTTGAGTG-1,0,11,23,7064,2085
ATTCCTTCCAGGCGGT-1,0,10,24,7009,1990
TTCCTTTCTGTGTTGC-1,0,11,25,6954,2085
AGTTGACATCGGCTGG-1,0,10,26,6900,1989
AACTCGATGGCGCAGT-1,0,11,27,6845,2084
GATAAGGCAGATGCAA-1,0,10,28,6791,1989
GGCTGGCTAGCTTAAA-1,0,11,29,6735,2084
CCTCATGCAGCTACGA-1,0,10,30,6681,1988
GACGCCTGTTGCAGGG-1,0,11,31,6626,2083
TAATTAGATGGATATG-1,0,10,32,6572,1988
GAGGGCATCGCGTATC-1,0,11,33,6517,2083
CTTGTGAGTCTTTGAC-1,0,10,34,6462,1987
TCAACACATTGGGTAA-1,0,11,35,6407,2082
ACTGTATACGCGAGCA-1,0,10,36,6353,1987
GTGAAACGTGCTCCAC-1,0,11,37,6298,2081
CGAGTGCTATAGTTCG-1,0,10,38,6244,1986
GTACTGCATGAAGCGT-1,0,11,39,6189,2081
GTAACTTGCGGCAGTC-1,0,10,40,6134,1985
GAATCGCCGGACACGG-1,0,11,41,6079,2080
GGGAGTAATGGCTGGC-1,0,10,42,6025,1985
CATGAACCGACATTTG-1,0,11,43,5970,2080
TCTGTCATACAAGAGC-1,0,10,44,5916,1984
GTCGTCAATTATAAGG-1,0,11,45,5860,2079
TAAAGAGCCCGAAACC-1,0,10,46,5806,1984
GTACTGAGGTCGTAAC-1,0,11,47,5751,2079
AAAGACCCAAGTCGCG-1,0,10,48,5697,1983
CGTCAGTGCGCACAAG-1,0,11,49,5642,2078
TGTATCCTTATTCCAT-1,0,10,50,5587,1983
ATTCTCGTCTCTTTAG-1,0,11,51,5532,2078
AAAGTCACTGATGTAA-1,0,10,52,5478,1982
TGTCTACAGTTTCTGT-1,0,11,53,5423,2077
TTAACGTCGCAAGACC-1,0,10,54,5369,1982
CTATGTCTATTGAAAC-1,0,11,55,5313,2076
TCGGGTGAAACTGCTA-1,0,10,56,5259,1981
TGTCCCGACATAGCAC-1,1,11,57,5204,2076
ACAGCATAGAGCCAGT-1,0,10,58,5150,1980
ATATTCCCACAGGTCA-1,1,11,59,5095,2075
TTGGATCGACTTCTGG-1,1,10,60,5040,1980
CACCATCGGAGGAGAC-1,1,11,61,4985,2075
TCGTTCGTTATTATGT-1,1,10,62,4931,1979
CTTAACTTCGAAGTAC-1,1,11,63,4876,2074
GCACAAGTGTCGGAAG-1,0,10,64,4822,1979
TACCAGCTAGGTTTAA-1,0,11,65,4766,2074
ACGTACAGATTTCTCT-1,0,10,66,4712,1978
AATTTGGTTCCAAAGA-1,0,11,67,4657,2073
GTAAGGATTTGTCGGA-1,0,10,68,4603,1978
CATCATCTACCCGGAC-1,0,11,69,4548,2072
ACGATGGATCCGATGC-1,0,10,70,4493,1977
CACTCAGCTCTTGAGG-1,0,11,71,4438,2072
TAGATCCGAAGTCGCA-1,0,10,72,4384,1976
TGAAACTTATGCAAGC-1,0,11,73,4329,2071
GCGATTCTGGAAGCAG-1,0,10,74,4275,1976
CAAACTATTGAGCTTC-1,0,11,75,4219,2071
TAGAATTAAGGGCAAC-1,0,10,76,4165,1975
CGAAACATAGATGGCA-1,0,11,77,4110,2070
GATGGTGCCCTAGGCA-1,0,10,78,4056,1975
CCCGCAGGGCCCAAAG-1,0,11,79,4001,2070
ACAGCGCACCCGCAGC-1,0,10,80,3946,1974
GGTAAATGTGCGTTAC-1,0,11,81,3891,2069
GTCCTTCTAGTGGGTT-1,0,10,82,3837,1974
GGAAGCTCGCTTACAG-1,0,11,83,3782,2068
CACCGATACACCGAGC-1,0,10,84,3728,1973
CAGCCGGGCCCTCTAT-1,0,11,85,3672,2068
CGGAGCTTATAACACC-1,0,10,86,3618,1972
ATTACAACTACCGGCC-1,0,11,87,3563,2067
TCCTCTGGCCCATTAG-1,0,10,88,3509,1972
CGGCACCGTTAGCGCC-1,0,11,89,3454,2067
TCGGTCCCTGACTCCA-1,0,10,90,3399,1971
TGGTTGGAGGATCCTG-1,0,11,91,3344,2066
CTGCGGTAGTCACGTG-1,0,10,92,3290,1971
GTGCCTCAGTGTACGG-1,0,11,93,3235,2066
ATCGTTCACTTTCGCC-1,0,10,94,3181,1970
ACTTACCGGGCGCGCA-1,0,11,95,3125,2065
CTAGACTGCATTTCGT-1,0,10,96,3071,1970
TTGCCGGTGATCCCTC-1,0,11,97,3016,2065
CTGTCACGCCAGGCGC-1,0,10,98,2962,1969
CGGTATAGGTATTAGC-1,0,11,99,2907,2064
CCAACGCTTGCCAGGG-1,0,10,100,2852,1969
CGTTGAGTAATTGCGT-1,0,11,101,2797,2063
TGTATTTACCTAATGC-1,0,10,102,2743,1968
TAAATGCCGTCTCATG-1,0,11,103,2688,2063
CGGTTTATGAAGGAAC-1,0,10,104,2634,1967
GCAAGATGTGTTCGCG-1,0,11,105,2578,2062
AAAGGTAAGCTGTACC-1,0,10,106,2524,1967
GTACGTCACGTATTAA-1,0,11,107,2469,2062
AGTACCTTCGAGTGCT-1,0,10,108,2415,1966
ATTGTGACTTCGCTGC-1,0,11,109,2360,2061
TGTATCAGACTGAAGC-1,0,10,110,2305,1966
GAGACCCTGCAACGCC-1,0,11,111,2250,2061
TGGGTGGGATGTCATT-1,0,10,112,2196,1965
GGCTAATGATTGAAAT-1,0,11,113,2141,2060
ATAACGTTACCTCCAC-1,0,10,114,2087,1965
TGCGAGATGGCGGCCA-1,0,11,115,2032,2059
CACACTTGTATTGCGA-1,0,10,116,1977,1964
GCTGGTGACTCGTAGT-1,0,11,117,1922,2059
CGACACCGCTTAAGGA-1,0,10,118,1868,1963
GTAACAACTGACCTTG-1,0,11,119,1813,2058
CAACTGAGGGTATGAC-1,0,10,120,1759,1963
CTAATTATGAAGCGTA-1,0,11,121,1703,2058
CCGATCTTAAGAGGCT-1,0,10,122,1649,1962
CGACTCGGTACACGGT-1,0,11,123,1594,2057
TGCTGCGTCAGAGTTA-1,0,10,124,1540,1962
AGAGTTGCAGGCCTCC-1,0,11,125,1485,2057
ACTGGCGAACCTGCGT-1,0,10,126,1430,1961
ACTAAGGACGCACACC-1,0,11,127,1375,2056
CGTCCAGATGGCTCCA-1,0,12,0,8321,2187
ACTATCGCCGGCTAAA-1,0,13,1,8266,2282
GATAGCGTACCACGCG-1,0,12,2,8212,2187
AGGACTTATAGGAGAA-1,0,13,3,8157,2281
TAGTCGGGATTCTTCG-1,0,12,4,8102,2186
ACCATTAAGGGTGTCA-1,0,13,5,8047,2281
TTAATGTGTTTGCAGG-1,0,12,6,7993,2185
TCCGCAGCCACCTAGC-1,0,13,7,7938,2280
GAGGAGATCCTCATGC-1,0,12,8,7884,2185
GGTCCTTCATACGACT-1,0,13,9,7828,2280
CCCTGTTGGCAAAGAC-1,0,12,10,7774,2184
GTGCCTAGCTATGCTT-1,0,13,11,7719,2279
GTCATCTCCTACAGCT-1,0,12,12,7665,2184
GCGAGAAACGGGAGTT-1,0,13,13,7610,2279
CGTCGCGGCGGGATTT-1,0,12,14,7555,2183
CATTGTGTGCTAGATC-1,0,13,15,7500,2278
CGCGGCAGTATTACGG-1,0,12,16,7446,2183
GAAATGGGATGTAAAC-1,0,13,17,7391,2277
CATTCCCTAAGTACAA-1,0,12,18,7337,2182
AGTTCTGCGTTGTATC-1,0,13,19,7281,2277
ACCCTATAGGACTGAG-1,0,12,20,7227,2181
TTAGATAGGTCGATAC-1,0,13,21,7172,2276
ATTGATAGCAACGAGA-1,0,12,22,7118,2181
TCTCGGCTCCAGGACT-1,0,13,23,7063,2276
CTTGAGGTTATCCCGA-1,0,12,24,7008,2180
AAGAAGGATCAGTTAG-1,0,13,25,6953,2275
GTACGACGGCGCTGCG-1,0,12,26,6899,2180
CTTATGTTGACTACCA-1,0,13,27,6844,2275
CGGCACTCAAGAAAGT-1,0,12,28,6790,2179
GTCAAAGTTTACATAG-1,0,13,29,6734,2274
CTCCTAAGTTATGTCT-1,0,12,30,6680,2179
ACTGTGCTAGTAGATC-1,0,13,31,6625,2274
GTTTGGCCGCTCAGCG-1,0,12,32,6571,2178
TTATCCAATCGAACTC-1,0,13,33,6516,2273
CCGTACCCAAGCGCCA-1,0,12,34,6461,2178
CATACAAAGCCGAACC-1,0,13,35,6406,2272
GGTCGGTAATTAGACA-1,0,12,36,6352,2177
AGCGGGAAGGGTCCAT-1,0,13,37,6297,2272
GCCCACCAAGGCTGTC-1,0,12,38,6243,2176
GTAGACGTCGTTACAT-1,0,13,39,6188,2271
GAGCATCATCCCTGGG-1,0,12,40,6133,2176
AGGTAACCTCCTATTC-1,0,13,41,6078,2271
GGTTTGAGTGCTGGAA-1,0,12,42,6024,2175
GCACTAGTCGCGCTAT-1,0,13,43,5969,2270
GGTAACTATGTATCTG-1,0,12,44,5915,2175
GCGGTCCCTAGACGCA-1,0,13,45,5859,2270
CGAGCGTTGATCAGCC-1,0,12,46,5805,2174
AATCCAAGGGCCTGAG-1,0,13,47,5750,2269
CCGTGCCCATGACGGC-1,0,12,48,5696,2174
GAAATTCACATCGCTG-1,0,13,49,5641,2268
CTCTGCGAAGCAAGCA-1,0,12,50,5586,2173
AGTAGGTAACATACAT-1,0,13,51,5531,2268
ATTGGGAATATCTTGG-1,0,12,52,5477,2172
TAGAGCTACGAAGAAC-1,0,13,53,5422,2267
TGCGGCATAGTTCAAC-1,0,12,54,5368,2172
CCGCCGGTCAACACAC-1,1,13,55,5312,2267
TCGTATAGTGCAATTA-1,1,12,56,5258,2171
TAGTTTATTCTTGCTT-1,1,13,57,5203,2266
GATATCTCATGCAATA-1,1,12,58,5149,2171
CGTTTAAGCGGAGCAC-1,1,13,59,5094,2266
CATGCTGGCTCCAATT-1,1,12,60,5039,2170
GAAACAGCCATGCAGT-1,1,13,61,4984,2265
AGTTTCGCAGGTCGGA-1,1,12,62,4930,2170
CTCATGGCTCACAATC-1,1,13,63,4875,2264
AACCGTTGTGTTTGCT-1,0,12,64,4821,2169
ACCCTTCATCTGCGAA-1,1,13,65,4765,2264
TGCGGTGAAATTTCAT-1,0,12,66,4711,2168
CAAATTGTCAGCAAGC-1,0,13,67,4656,2263
GAGGTACATCCATCTT-1,0,12,68,4602,2168
AAATGGCATGTCTTGT-1,0,13,69,4547,2263
TCATCCCAGAGGGTGG-1,0,12,70,4492,2167
CGTAGCGAATTGTCAG-1,0,13,71,4437,2262
CCTAGTTAGTCGCATG-1,0,12,72,4383,2167
GAAACTCTAATGAAGG-1,0,13,73,4328,2262
TTGTATCACACAGAAT-1,0,12,74,4274,2166
TTCAAGCCGAGCTGAG-1,0,13,75,4218,2261
AGGTACGATATTGCCA-1,0,12,76,4164,2166
TTAAGCCGACAACTTC-1,0,13,77,4109,2261
GTCTTAGTACAGCCGG-1,0,12,78,4055,2165
TGGGTAAGGTTCCCGC-1,0,13,79,4000,2260
CTACGCCATTTCCGAT-1,0,12,80,3945,2165
GACCGTCAGGTCGTGA-1,0,13,81,3890,2259
TAGTTAAGATAGGATA-1,0,12,82,3836,2164
GAATATTCGGAGTCCC-1,0,13,83,3781,2259
CAAACTACGATAGAGA-1,0,12,84,3727,2163
CAGGAAGACTTTATAT-1,0,13,85,3671,2258
TTCGTAATCCCAGCGG-1,0,12,86,3617,2163
GTGAGGAGCGGTTGAG-1,0,13,87,3562,2258
CAATCCCTATACCAGC-1,0,12,88,3508,2162
AGGGAAACGAGGTACT-1,0,13,89,3453,2257
TCCTGCCAACTGGAGA-1,0,12,90,3398,2162
AATTTGGGACATAGTA-1,0,13,91,3343,2257
AACTCCTAATCCCATG-1,0,12,92,3289,2161
GCTCATTACTGCATGT-1,0,13,93,3234,2256
TCTCGAACGAGGTCAC-1,0,12,94,3180,2161
TCACTACGACCAATGC-1,0,13,95,3124,2255
GTGATGCACAACATCT-1,0,12,96,3070,2160
CCGACGTAAACACAAC-1,0,13,97,3015,2255
TGGGATGCACTCATTC-1,0,12,98,2961,2159
TTCCATCATGCGGTGA-1,0,13,99,2906,2254
TGCACAGTGAAGTTAT-1,0,12,100,2851,2159
CTATTGTGTTTGGTCA-1,0,13,101,2796,2254
TGCGAGCCCTTCCGCG-1,0,12,102,2742,2158
TTGAAAGGTGTAAAGG-1,0,13,103,2687,2253
GGTGCAGAGCCTATCG-1,0,12,104,2633,2158
ACTATATGCTGTGTTC-1,0,13,105,2578,2253
TCCTGGCGCTGCCTGG-1,0,12,106,2523,2157
GAGCCGAGCGTTTATT-1,0,13,107,2468,2252
AGAATGCGGGTTCGGA-1,0,12,108,2414,2157
ATGCGACAATTGGTCC-1,0,13,109,2359,2251
TTCCGGCTCGACTTCT-1,0,12,110,2305,2156
TGATTATGGCACGCAG-1,0,13,111,2249,2251
GGTTTGACAAGAAGCT-1,0,12,112,2195,2155
GCAGCTATGGACAGGT-1,0,13,113,2140,2250
CACCATGATCGCAAAG-1,0,12,114,2086,2155
GTCGGAAGGATACCAG-1,0,13,115,2031,2250
GGCCCAGTTATCAGCA-1,0,12,116,1976,2154
GGGCCTATTTAAGTAT-1,0,13,117,1921,2249
GTTGTTACATTGCGCT-1,0,12,118,1867,2154
CAACTCCGTAACTTGC-1,0,13,119,1812,2249
GATCTTTGCTCAAAGA-1,0,12,120,1758,2153
TCGCTTAATTACGAAG-1,0,13,121,1702,2248
CGATCATTAGAGGCAC-1,0,12,122,1648,2153
TGTTCTCTACTCCCTA-1,0,13,123,1593,2248
GCTTAGGGAAGCGGTA-1,0,12,124,1539,2152
CAGGTTTAGTACTACA-1,0,13,125,1484,2247
AAGCGGAGTGCGCGCA-1,0,12,126,1429,2152
TCAGATGGAGACGTAG-1,0,13,127,1374,2246
TCGCACTAACGTTTGT-1,0,14,0,8320,2377
CACGTCGGGTTCTAGA-1,0,15,1,8265,2472
GGAGTACACATGAGCT-1,0,14,2,8211,2377
GTGTGTCGACGTCGCT-1,0,15,3,8156,2472
GAAGCTCTTTGCTTAG-1,0,14,4,8101,2376
ACACCGAGCGCTCTTT-1,0,15,5,8046,2471
CGTAATAATTACGAGT-1,0,14,6,7992,2376
CATCAACACCTACTAA-1,0,15,7,7937,2471
CCAAGTTTCTACAGAT-1,0,14,8,7883,2375
ACGGGTCATGTGACTT-1,0,15,9,7827,2470
AGTGTGCTAAGATCGC-1,0,14,10,7773,2375
GGCGGTTTGCCGGTGC-1,0,15,11,7718,2470
GTATAATCTCCCGGAT-1,0,14,12,7664,2374
TAGTCCGTATGCATAA-1,0,15,13,7609,2469
CACTTCGTCTTATCTC-1,0,14,14,7554,2373
CATCCGCAGGCCCGAA-1,0,15,15,7499,2468
CCCTGATGTAACTCGT-1,0,14,16,7445,2373
CCATAGTCAGTAACCC-1,0,15,17,7390,2468
CGGGCCATAGCCGCAC-1,0,14,18,7336,2372
CTCCGGCTTGTAGACA-1,0,15,19,7280,2467
AACTTGCGTTCTCGCG-1,0,14,20,7226,2372
AATGAGTTCGCATATG-1,0,15,21,7171,2467
CGAGGCCAGGCATTGG-1,0,14,22,7117,2371
TCTGCGTCCGGTTTCT-1,0,15,23,7062,2466
CAATCCTGCCGTGGAG-1,0,14,24,7007,2371
CTGAGCAAGTAACAAG-1,0,15,25,6952,2466
GGGTACCCACGGTCCT-1,0,14,26,6898,2370
ACGGAATTTAGCAAAT-1,0,15,27,6843,2465
GGGCGGTCCTATTGTC-1,0,14,28,6789,2370
ATGTTACGAGCAATAC-1,0,15,29,6734,2464
AACCATGGGATCGCTA-1,0,14,30,6679,2369
TCGCATCCCTAAGTGT-1,0,15,31,6624,2464
ACTTAGTACGACAAGA-1,0,14,32,6570,2368
GAGCTCTCGGACCTAA-1,0,15,33,6515,2463
TCTATTACGCTGGCGA-1,0,14,34,6461,2368
AGATACGACTTCATAT-1,0,15,35,6405,2463
CGCTATACCGCCCACT-1,0,14,36,6351,2367
CAGTGTCCGCAGAATG-1,0,15,37,6296,2462
CCATCCATACCAAGTC-1,0,14,38,6242,2367
AACCCAGAGACGGAGA-1,0,15,39,6187,2462
GAAGAACGGTGCAGGT-1,0,14,40,6132,2366
GATAAATCGGTGGATG-1,0,15,41,6077,2461
CAGCTCGTGCTTGTGT-1,0,14,42,6023,2366
GAGTACGGGTATACAA-1,0,15,43,5968,2460
CATCGCCCGCGGCCAA-1,0,14,44,5914,2365
TCTTACAGAGGTACCG-1,0,15,45,5858,2460
TGGAAGACGAACACCA-1,0,14,46,5804,2364
GTTGTCGTGTTAGTTG-1,0,15,47,5749,2459
CCAAGGAACAGAGAGG-1,0,14,48,5695,2364
CTGCACCTGGAACCGC-1,0,15,49,5640,2459
CGCTTTCATACCGGTG-1,0,14,50,5585,2363
GTTCTTCCCTCGATGT-1,0,15,51,5530,2458
ATTTAACTCGTATTAC-1,0,14,52,5476,2363
AACGATAGAAGGGCCG-1,1,15,53,5421,2458
TATCCTGCATGGGAAT-1,1,14,54,5367,2362
AGGCCCATTGTACAGG-1,1,15,55,5311,2457
CCGGCGCATATTGGAT-1,1,14,56,5257,2362
ATCTGTAATTGTACCC-1,1,15,57,5202,2457
GAGCGAGGGAGTACCG-1,1,14,58,5148,2361
TTATTAGGGAAGCATC-1,1,15,59,5093,2456
CTTCTTACGTCGTATA-1,1,14,60,5038,2361
GAAGTGCTGGATAGCT-1,1,15,61,4983,2455
GTGCAACAAATGTGGC-1,1,14,62,4929,2360
CATGCGTTAGACAGAA-1,1,15,63,4874,2455
ACACACTTTCTACACG-1,1,14,64,4820,2359
AGCCCTAAGCGAAGTT-1,1,15,65,4764,2454
ATTAATTCGGTCACTC-1,0,14,66,4710,2359
AACAGGAAATCGAATA-1,1,15,67,4655,2454
ACGTTTAGTTGTGATC-1,0,14,68,4601,2358
TCCTTCAGTGGTCGAA-1,1,15,69,4546,2453
CGAACGCCCAGTGCCG-1,0,14,70,4491,2358
CCTCGAAGTGGACGGG-1,0,15,71,4436,2453
CTCTGTTTGAGGATTC-1,0,14,72,4382,2357
TGGGCACGTTCTATGG-1,0,15,73,4327,2452
ACTATTCGTCCGTGGT-1,0,14,74,4273,2357
CCTCTGGCCTAGACGG-1,0,15,75,4217,2451
CCATAAACAACCCGAC-1,0,14,76,4163,2356
CATAGTACATTGAGAG-1,0,15,77,4108,2451
ATTTCATTATTTCGCG-1,0,14,78,4054,2355
CAACTATATCGAATGC-1,0,15,79,3999,2450
CTAGTATTCGGAATTA-1,0,14,80,3944,2355
GTGGAACCTACATGCG-1,0,15,81,3889,2450
CCTAAAGGCTGACGCT-1,0,14,82,3835,2354
CGTGACATTGGGTCGT-1,0,15,83,3780,2449
CCAATCGGTAGATCGA-1,0,14,84,3726,2354
ATTGTCGCAATACCTT-1,0,15,85,3670,2449
AAATTACACGACTCTG-1,0,14,86,3616,2353
CACTCCTCTCGGTCGG-1,0,15,87,3561,2448
AAATAACCATACGGGA-1,0,14,88,3507,2353
AGTTACTCTATCGTGG-1,0,15,89,3452,2447
CGTTAGCTCACAACTG-1,0,14,90,3397,2352
GAATGTATGGCAGGTC-1,0,15,91,3342,2447
GCAACCACCAGACCGG-1,0,14,92,3288,2351
TCACTCGTGCAACGGC-1,0,15,93,3233,2446
AAACAGAGCGACTCCT-1,0,14,94,3179,2351
CAGCCTCTCCTCAAGA-1,0,15,95,3123,2446
TTGCGTGAACGCTTAG-1,0,14,96,3069,2350
CCGCCTGCGAATTGGT-1,0,15,97,3014,2445
AGATGAGGGTTGCGAT-1,0,14,98,2960,2350
CGGTGGGCTCCAGCCT-1,0,15,99,2905,2445
GGCAGCGGTAATCCTA-1,0,14,100,2850,2349
GCTAGCAGGGAGTGGG-1,0,15,101,2795,2444
CTCAAGACATTAGCGC-1,0,14,102,2741,2349
CACGGCGCGCCAAAGG-1,0,15,103,2686,2444
TGCAATTTGGGCACGG-1,0,14,104,2632,2348
ATGCCAATCGCTCTGC-1,0,15,105,2577,2443
GCTGGACCCAAAGTGG-1,0,14,106,2522,2348
ATTCCTAAGACGTGGA-1,0,15,107,2467,2442
TCCGGAGGAAGGGCTG-1,0,14,108,2413,2347
TCGGTGACCGCTCCGG-1,0,15,109,2358,2442
TCCGAAGTAGTCACCA-1,0,14,110,2304,2346
CATGTAGGAGCGCCAA-1,0,15,111,2248,2441
CACAAGAAAGATATTA-1,0,14,112,2194,2346
AGGGTCAGTAACCCTA-1,0,15,113,2139,2441
TAAGCCCTTACGACCA-1,0,14,114,2085,2345
ATACCGTCATCCATAA-1,0,15,115,2030,2440
GGACGTCCATAGTTGG-1,0,14,116,1975,2345
CATCAAACTGGCGCCC-1,0,15,117,1920,2440
AAACGTGTTCGCCCTA-1,0,14,118,1866,2344
AAATTGGTGAGAAGCA-1,0,15,119,1811,2439
GGTCATTGTAGTCATA-1,0,14,120,1757,2344
TGCAGTGAGGCTCGGG-1,0,15,121,1701,2438
GAACATTAGTATGTTA-1,0,14,122,1647,2343
GGTTTGCGAACACGTA-1,0,15,123,1592,2438
ACACAAATATTCCTAG-1,0,14,124,1538,2342
TTGGGTTTATTCAGCG-1,0,15,125,1483,2437
ATTCGCAGAGGACACT-1,0,14,126,1428,2342
GATTTAGTGCGTACTG-1,0,15,127,1373,2437
TAGAAACACAATAGTG-1,0,16,0,8319,2568
CAGTAGATGATGTCCG-1,0,17,1,8264,2663
TCTTAACTCGGATGTA-1,0,16,2,8210,2567
TACATCTTGTTTCTTG-1,0,17,3,8155,2662
TTCATAGGGTGTCCAT-1,0,16,4,8100,2567
TGAAGTAGCTTACGGA-1,0,17,5,8045,2662
GCACAAGTGGATCATA-1,0,16,6,7991,2566
GGGCGAATTTCTCCAC-1,0,17,7,7936,2661
ATGTTCCTGCCCACCT-1,0,16,8,7882,2566
GCTCAACCTCTTAGAG-1,0,17,9,7826,2660
ATAGCTGCTCTTGTTA-1,0,16,10,7772,2565
CGTCAGCTATTTACTC-1,0,17,11,7717,2660
ATCTGATAGTGTCTTA-1,0,16,12,7663,2564
TGCACTATGTGAGTGC-1,0,17,13,7608,2659
CCGACAAACACATGAG-1,0,16,14,7553,2564
GCCTTGTATATGCAGT-1,0,17,15,7498,2659
ATAATACCGTTAGCCG-1,0,16,16,7444,2563
ACACTCCAATGTCACT-1,0,17,17,7389,2658
AGTTGCTGACTGATAT-1,0,16,18,7335,2563
GGCGCTCCTCATCAAT-1,0,17,19,7279,2658
TGCCTGACATCGGTCA-1,0,16,20,7225,2562
TTGGCCATCTTGCGCT-1,0,17,21,7170,2657
CAGTGGTTGCACATGA-1,0,16,22,7116,2562
AGAATTGTTTGACATA-1,0,17,23,7061,2656
AAATGCTCGTTACGTT-1,0,16,24,7007,2561
CACCTAATAGAGTCGT-1,0,17,25,6951,2656
CATTTCTAGCAGACTA-1,0,16,26,6897,2560
CCGAAAGTGGTGAGCA-1,0,17,27,6842,2655
AGTCAGCCACCGCCTG-1,0,16,28,6788,2560
TCATCACTCGAGCTCG-1,0,17,29,6733,2655
CTCAGGACTCACCTGT-1,0,16,30,6678,2559
CGGTGTACTTGATCCC-1,0,17,31,6623,2654
CCTACGGCTCAGTCGA-1,0,16,32,6569,2559
GTACTTGGGCACTTCT-1,0,17,33,6514,2654
TGATTTCCTCCTGACG-1,0,16,34,6460,2558
CCTCACCAATCTTGAC-1,0,17,35,6404,2653
GGTGAGATGCAGATAA-1,0,16,36,6350,2558
GCTAGTTTCATTGAGG-1,0,17,37,6295,2653
AGGACATCGCACGTCG-1,0,16,38,6241,2557
GTGGACGTGCTGAGAC-1,0,17,39,6186,2652
TAAGGAACTTGTGGGA-1,0,16,40,6131,2557
TCGCTGTGCGTAAATC-1,0,17,41,6076,2651
GCATCCCTAACTTTGA-1,0,16,42,6022,2556
CACCCACACGTCACCC-1,0,17,43,5967,2651
CCCTCATTCTGGAATT-1,0,16,44,5913,2555
AGGGCGTGATCGGCTA-1,0,17,45,5857,2650
GGTGCGGATAAGTGGC-1,0,16,46,5803,2555
TAATATTGAAATTCGC-1,0,17,47,5748,2650
CTTACACTGGGAAATA-1,0,16,48,5694,2554
ACCAAGAACGCGTGTC-1,0,17,49,5639,2649
GCCTTCAGCCCTACCG-1,0,16,50,5584,2554
GATGCTACAAGCGCCT-1,0,17,51,5529,2649
CCGGGACCCGCAGAGA-1,0,16,52,5475,2553
GTTCCAGTCTGACCAT-1,1,17,53,5420,2648
ATGATCGGGAATAGAC-1,1,16,54,5366,2553
TTGGATTGGGTACCAC-1,1,17,55,5310,2647
TACCTCACGCTTGTAC-1,1,16,56,5256,2552
CATGGCAGGAAGATCG-1,1,17,57,5201,2647
ATGACGCCGGCTCTAA-1,1,16,58,5147,2551
AGCGACATCCCATTCA-1,1,17,59,5092,2646
AGTAATGTCTTGCCGC-1,1,16,60,5037,2551
TTCTTAGTGGCTCAGA-1,1,17,61,4982,2646
CGTCTGGAAGGGCCCG-1,1,16,62,4928,2550
ACGTGCGCCTCGTGCA-1,1,17,63,4873,2645
AGAGCGGGCTAATCAT-1,1,16,64,4819,2550
GCGTCGAAATGTCGGT-1,1,17,65,4763,2645
AACTGATATTAGGCCT-1,1,16,66,4709,2549
CGAGCTGGGCTTTAGG-1,1,17,67,4654,2644
GGGTGTTTCAGCTATG-1,1,16,68,4600,2549
TTAATTTCAGACGCGG-1,1,17,69,4545,2643
ACTGCCGTCGTAACTC-1,1,16,70,4490,2548
GTGCACGAAAGTGACT-1,0,17,71,4435,2643
ATCTCCCTGCAATCTA-1,0,16,72,4381,2547
ACGCCAGATGATTTCT-1,0,17,73,4326,2642
AGCTATTTAATCCAAC-1,0,16,74,4272,2547
CCACGAGAAGAGAATC-1,0,17,75,4216,2642
GATTCCGCGTTTCCGT-1,0,16,76,4162,2546
GTCGGATGTAGCGCGC-1,0,17,77,4107,2641
TATTTATACCGAGTAG-1,0,16,78,4053,2546
GTAGGTGATCCGTGTA-1,0,17,79,3998,2641
AGTTAAGCGGTCCCGG-1,0,16,80,3943,2545
CTGGCGACATAAGTCC-1,0,17,81,3888,2640
TTGGCCTAGAATTTCG-1,0,16,82,3834,2545
GGCATATCGGTTCTGC-1,0,17,83,3779,2640
GGGCGTCCACTGGCTC-1,0,16,84,3725,2544
TTACCCATTGCCGGGT-1,0,17,85,3669,2639
TTAGACACGATCGTTG-1,0,16,86,3615,2544
GCGCTGATCCAGACTC-1,0,17,87,3560,2638
TTCGGCAACCCGCTGA-1,0,16,88,3506,2543
GATATTTCCTACATGG-1,0,17,89,3451,2638
CTGCGTTACGATATAA-1,0,16,90,3396,2542
TAATAAACAAGGAGAT-1,0,17,91,3341,2637
AACCTTTACGACGTCT-1,0,16,92,3287,2542
AGTCCCGCCTTTAATT-1,0,17,93,3232,2637
TGAGATTAGGCCCTAA-1,0,16,94,3178,2541
AGTGTATTGCGCATTG-1,0,17,95,3123,2636
GTTGGATTCAGTGGCT-1,0,16,96,3068,2541
TAAAGCTGCAATAGGG-1,0,17,97,3013,2636
AGTAGGAAGGAAGTTG-1,0,16,98,2959,2540
TATCACTTCGAGTAAC-1,0,17,99,2904,2635
TGATCTACGCTGATCT-1,0,16,100,2850,2540
GGATCATCCCGTACGC-1,0,17,101,2794,2634
TGACACTTCTCTTTGC-1,0,16,102,2740,2539
AGCCCTTCTAATCCGA-1,0,17,103,2685,2634
CACCGCGTCCACTCTA-1,0,16,104,2631,2538
TAATTGGAATCGGGAA-1,0,17,105,2576,2633
TCGTAAGCTCCGAGGA-1,0,16,106,2521,2538
TATATTACAAATGTCG-1,0,17,107,2466,2633
CGCGAGAGGGACTTGT-1,0,16,108,2412,2537
GGACCTACGGTAACGT-1,0,17,109,2357,2632
GAAATATGCTTGAATG-1,0,16,110,2303,2537
CCGTATTAGCGCAGTT-1,0,17,111,2247,2632
AGGCGTCTATGGACGG-1,0,16,112,2193,2536
AACATCGATACGTCTA-1,0,17,113,2138,2631
TGAATATGCTATAAAC-1,0,16,114,2084,2536
ACCAAACACCCAGCGA-1,0,17,115,2029,2630
TGGCTTGTACAAGCTT-1,0,16,116,1974,2535
GAATGAAGGTCTTCAG-1,0,17,117,1919,2630
AGATACCAGCACTTCA-1,0,16,118,1865,2534
GCGGTCCCGGTGAAGG-1,0,17,119,1810,2629
GAGGCATTTGCAGCAG-1,0,16,120,1756,2534
GGCAAGCCAGGGATAG-1,0,17,121,1700,2629
TCTACGGGCTCAGTTG-1,0,16,122,1646,2533
TCTGCGAATCGTTCGC-1,0,17,123,1591,2628
AGCTCGTTGATGGAAA-1,0,16,124,1537,2533
TGAATGAGATACAGCA-1,0,17,125,1482,2628
ACCCTTGCCTGGGTCG-1,0,16,126,1427,2532
GGCGAACCGTTCTGAT-1,0,17,127,1372,2627
GCGATGTCTGTGCTTG-1,0,18,0,8318,2758
ATTAACACCTGAGATA-1,0,19,1,8263,2853
GAAATCTGACCAAGTT-1,0,18,2,8209,2758
CCTGACAAACTCGCGC-1,0,19,3,8154,2852
ATGTCATTTCCCATTG-1,0,18,4,8099,2757
GCGGTGCGGAGCATCG-1,0,19,5,8044,2852
CGGAAAGCAAATGTGC-1,0,18,6,7990,2756
GCTGAGCAACGGTTCT-1,0,19,7,7935,2851
TCACTCTTCGTCTGTC-1,0,18,8,7881,2756
GATCTTCATTGTCCTC-1,0,19,9,7825,2851
ACTCGATGTATTTCAT-1,0,18,10,7771,2755
TGAAGAGCGGTCCTAG-1,0,19,11,7716,2850
TAAACGTCGTCAATGA-1,0,18,12,7662,2755
ACGTTATTGGTCACTC-1,0,19,13,7607,2850
ATAGCCTCAGTACCCA-1,0,18,14,7552,2754
CGGGAGTATACCGCCG-1,0,19,15,7497,2849
GTCCTACAGGCGGCTC-1,0,18,16,7443,2754
CGGATAAGCGGACATG-1,0,19,17,7388,2849
AACTTCTGCGTCTATC-1,0,18,18,7334,2753
GGGTTCAGACGAACAA-1,0,19,19,7279,2848
AGTCTGGACATCCTTG-1,0,18,20,7224,2752
TTGAACGAATCCTTTG-1,0,19,21,7169,2847
GAAATACTAAACGTTT-1,0,18,22,7115,2752
CCCGCGCAATGCACCC-1,0,19,23,7060,2847
TTCGGCTAGAGATGGT-1,0,18,24,7006,2751
GACACGAGTTAGAGGA-1,0,19,25,6950,2846
GAGGTCCCAAAGATCT-1,0,18,26,6896,2751
TAACTCCATGGAGGCT-1,0,19,27,6841,2846
CTTGTTTATGTAGCCA-1,0,18,28,6787,2750
GATGGCGCACACATTA-1,0,19,29,6732,2845
ATAATAGTGTAGGGAC-1,0,18,30,6677,2750
CGCTATTCAATGTATG-1,0,19,31,6622,2845
ATATTGCTGTCAAAGT-1,0,18,32,6568,2749
GGATTCAGTACGGTGG-1,0,19,33,6513,2844
TTCTTAGTGAACGGTG-1,0,18,34,6459,2749
AATGGTTCTCACAAGC-1,0,19,35,6403,2843
TATACACGCAAAGTAT-1,0,18,36,6349,2748
CTTCATAGCTCAAGAA-1,0,19,37,6294,2843
CAACGGTTCTTGATAC-1,0,18,38,6240,2747
ACACCCGAGAAATCCG-1,0,19,39,6185,2842
TCTATCATGCAGTTAC-1,0,18,40,6130,2747
CCCGCCATGCTCCCGT-1,0,19,41,6075,2842
CGCTTCCACTGAAATC-1,0,18,42,6021,2746
CACTGTCCAAGTGAGA-1,0,19,43,5966,2841
ATTACTAGCCTCTTGC-1,0,18,44,5912,2746
CATAGTAGCATAGTAG-1,0,19,45,5856,2841
CAACTCCTTGATCCCG-1,0,18,46,5802,2745
AAGTAGAAGACCGGGT-1,0,19,47,5747,2840
GCGGGAACCAGGCCCT-1,0,18,48,5693,2745
ATTAGATTGATAGCGG-1,0,19,49,5638,2839
CTCGGTCCGTAGCCTG-1,0,18,50,5583,2744
TGGCTTTGGGTAGACA-1,1,19,51,5528,2839
TATCCATATCATGCGA-1,1,18,52,5474,2743
GGAGTGCCGCCCTGGA-1,1,19,53,5419,2838
TGAGAATGCTTTACCG-1,1,18,54,5365,2743
TTAACCAACCCTCCCT-1,1,19,55,5309,2838
TGTTTCGGTACTTCTC-1,1,18,56,5255,2742
TTGCTGAAGGAACCAC-1,1,19,57,5200,2837
TATTTAGTCTAGATCG-1,1,18,58,5146,2742
CTCCGGCCTAATATGC-1,1,19,59,5091,2837
TTGTGGCCCTGACAGT-1,1,18,60,5036,2741
TCGCCGGTCGATCCGT-1,1,19,61,4981,2836
CCATAGGTTGGCGTGG-1,1,18,62,4927,2741
GAACGACCGAATGATA-1,1,19,63,4872,2836
TCCGATAATTGCCATA-1,1,18,64,4818,2740
CATTACGTCGGCCCGT-1,1,19,65,4762,2835
CAAGCACCAAATGCCT-1,1,18,66,4708,2740
TGCATGGATCGGATCT-1,1,19,67,4653,2834
GAAATCGCGCGCAACT-1,1,18,68,4599,2739
CTGAAAGAGATCCGAC-1,1,19,69,4544,2834
CACCTCGATGGTGGAC-1,0,18,70,4489,2738
ATTTGTTCCAGGGCTC-1,0,19,71,4434,2833
TGGGCCACAAGAGCGC-1,0,18,72,4380,2738
CCTTCTTGATCCAGTG-1,1,19,73,4325,2833
CCTCGCCAGCAAATTA-1,0,18,74,4271,2737
TTCATGGCGCAACAGG-1,1,19,75,4215,2832
TTAATCAGTACGTCAG-1,0,18,76,4161,2737
CCTATCTATATCGGAA-1,0,19,77,4106,2832
ATTATACTTTGCTCGT-1,0,18,78,4052,2736
ATGGATCCGGCGTCCG-1,0,19,79,3997,2831
CGCCCGCTTCCGTACA-1,0,18,80,3942,2736
GGATTCCGCTATACCC-1,0,19,81,3887,2830
CGGTCTATCAACCCGT-1,0,18,82,3833,2735
ATGCCGGTTGATGGGA-1,0,19,83,3778,2830
TCATGCAGGTTCTCAT-1,0,18,84,3724,2734
TGAGCTTTAATGACGC-1,0,19,85,3668,2829
TCCCTTAGATTACTCG-1,0,18,86,3614,2734
ATATCTCCCTCGTTAA-1,0,19,87,3559,2829
AGCTCTTCCCAGTGCA-1,0,18,88,3505,2733
TCGCTAAACCGCTATC-1,0,19,89,3450,2828
CACATTCTTTCGATGG-1,0,18,90,3396,2733
GATATGCGGTAGCCAA-1,0,19,91,3340,2828
CGTTTCACTTCGGGCG-1,0,18,92,3286,2732
CCAATTACGGGTCGAG-1,0,19,93,3231,2827
GCAGGTAGAGTATGGT-1,0,18,94,3177,2732
GTCGTATTGGCGTACA-1,0,19,95,3122,2826
GAAATTAGCACGGATA-1,0,18,96,3067,2731
AATGCACCAAGCAATG-1,0,19,97,3012,2826
AGGACGCTCGATGTTG-1,0,18,98,2958,2730
GGCTAAAGGGCGGGTC-1,0,19,99,2903,2825
CATCTATCCCGTGTCT-1,0,18,100,2849,2730
CAGTAACTATTTATTG-1,0,19,101,2793,2825
CATATACTACTGATAA-1,0,18,102,2739,2729
GCGTTCGGAGACCGGG-1,0,19,103,2684,2824
AAGTTCAGTCTGCGTA-1,0,18,104,2630,2729
CGAAGCTATAAATTCA-1,0,19,105,2575,2824
CGCGGTCACAAACCAA-1,0,18,106,2520,2728
GGGAATGAGCCCTCAC-1,0,19,107,2465,2823
ACGGAGCGCAAATTAC-1,0,18,108,2411,2728
CGTTCTTCGCACACCT-1,0,19,109,2356,2823
GAATAGCCCTGCGGTC-1,0,18,110,2302,2727
AATAGCTACCGCGTGC-1,0,19,111,2246,2822
CCGAGCTGTGCTTGTC-1,0,18,112,2192,2727
GATGACGATGATCGCG-1,0,19,113,2137,2821
GCCTATGCTGGGCCTT-1,0,18,114,2083,2726
TTACTGTCTAGAGCTC-1,0,19,115,2028,2821
AGCGGTTGCCGCTCTG-1,0,18,116,1973,2725
GCTTGCAGCACAATTG-1,0,19,117,1918,2820
CCGGAGGTCTTATGGT-1,0,18,118,1864,2725
ACAGTATACCGTGGGA-1,0,19,119,1809,2820
GGGATCCCAATACAAA-1,0,18,120,1755,2724
ATTACGACTCCACAGT-1,0,19,121,1699,2819
CTCACACGCAAGCCTA-1,0,18,122,1645,2724
CCAGATGTAAATGGGT-1,0,19,123,1590,2819
GAACTTGTGCACGGGA-1,0,18,124,1536,2723
AAGCCGCTTTACCTTG-1,0,19,125,1481,2818
TCCATTCCCACTAGAG-1,0,18,126,1426,2723
AGAGCGCTTGTAACGG-1,0,19,127,1371,2817
TGGGTTCCCGGACGGA-1,0,20,0,8317,2948
GCTGCGCCTCCCACGT-1,0,21,1,8262,3043
CTGTTGGCTCTTCTGA-1,0,20,2,8208,2948
TTGTTCTAGATACGCT-1,0,21,3,8153,3043
CCCTCAAGCTCTTAGT-1,0,20,4,8098,2947
TGGTCTAGCTTACATG-1,0,21,5,8043,3042
ATGCACCTTCCTTAAT-1,0,20,6,7989,2947
GGGATACGGTAATAAT-1,0,21,7,7934,3042
AGTTCACCGGTTGGAC-1,0,20,8,7880,2946
GACATACTGTCGCAGA-1,0,21,9,7825,3041
TGGACACCGTTGCTTG-1,0,20,10,7770,2946
TGCGATGCTAATGGCT-1,0,21,11,7715,3041
TTCTGTTTCCTGTCGC-1,0,20,12,7661,2945
CGTTGTAAACGTCAGG-1,0,21,13,7606,3040
GATCGGCGATAAGTCG-1,0,20,14,7552,2945
AGCCTTAAAGCGGAAG-1,0,21,15,7496,3039
TCCGTAACCACAATCC-1,0,20,16,7442,2944
GAATGCCGAAATGACC-1,0,21,17,7387,3039
TATACTCATGCGGCAA-1,0,20,18,7333,2943
TAGTGTCAGAAACGGC-1,0,21,19,7278,3038
CGTCATACCATATCCA-1,0,20,20,7223,2943
TAGTACCTTAGTGGTC-1,0,21,21,7168,3038
CTGGCGGGAATAAGTA-1,0,20,22,7114,2942
AGTGTGGTCTATTGTG-1,0,21,23,7059,3037
GCTATCGCGGCGCAAC-1,0,20,24,7005,2942
CAGTAATCCCTCCCAG-1,0,21,25,6949,3037
GTATTAAGGCGTCTAA-1,0,20,26,6895,2941
CTAATTTCAACAACAC-1,0,21,27,6840,3036
TTAGCAACATGGATGT-1,0,20,28,6786,2941
ATGCTCAGTGTTGCAT-1,0,21,29,6731,3035
GATGTTTGTGCGAGAT-1,0,20,30,6676,2940
CACTTCGCCACAGGCT-1,0,21,31,6621,3035
CTGTATGGTGTAGAAA-1,0,20,32,6567,2939
TACGTGCACTATGCTG-1,0,21,33,6512,3034
GTATCAGCTTGGGTTC-1,0,20,34,6458,2939
TAACAAAGGGAGAAGC-1,0,21,35,6402,3034
TTACATCGTGGCCTGG-1,0,20,36,6348,2938
TCTGAACCGGTCGGCT-1,0,21,37,6293,3033
GGCTCGTGCCACCAGC-1,0,20,38,6239,2938
TATAAGTGAGGATAGC-1,0,21,39,6184,3033
GCCCGCGCGTTTGACA-1,0,20,40,6129,2937
TGCTGGTTGGACAATT-1,0,21,41,6074,3032
GCCTAGCGATCTGACC-1,0,20,42,6020,2937
CCATGCTCTGCAGGAA-1,0,21,43,5965,3032
TATAAATCCACAAGCT-1,0,20,44,5911,2936
CGCTCGACATAATGAT-1,0,21,45,5855,3031
CCAATTGAATGTTAAT-1,0,20,46,5801,2936
GCTAATACCGAATGCC-1,0,21,47,5746,3030
TTCAACGACCCGACCG-1,0,20,48,5692,2935
TTCCTCGAGGGTGTCT-1,0,21,49,5637,3030
CAACGACCCGTTTACA-1,1,20,50,5582,2934
CTTGTACTTGTTGACT-1,1,21,51,5527,3029
TCTCTAATAGCTGGTA-1,1,20,52,5473,2934
ATTATGCCATAGGGAG-1,1,21,53,5418,3029
GACAACGCAGCTTACG-1,1,20,54,5364,2933
AGATGACTCGCCCACG-1,1,21,55,5308,3028
GTGCGGGTCTCCAAAT-1,1,20,56,5254,2933
GTACGAGATTGCGACA-1,1,21,57,5199,3028
GTATAGGACTCAGTAG-1,1,20,58,5145,2932
TTGCACGGAGCAGCAC-1,1,21,59,5090,3027
CACAGCTAGGGAGTGA-1,1,20,60,5035,2932
ATACTAGCATGACCCT-1,1,21,61,4980,3026
CCAAGACTTCTGCGAA-1,1,20,62,4926,2931
ACATAATAAGGCGGTG-1,1,21,63,4871,3026
TAATACACAGTAGTAT-1,1,20,64,4817,2930
TCTTGGTAACACCAAA-1,1,21,65,4761,3025
AACTGGGTCCCGACGT-1,1,20,66,4707,2930
ATCACTTCATCCTCGC-1,1,21,67,4652,3025
TGGAAGGATAAAGATG-1,1,20,68,4598,2929
CATGATGCACAATTCT-1,1,21,69,4543,3024
TGCCTGATCAAACGAT-1,1,20,70,4488,2929
ATAGGGATATCCTTGA-1,1,21,71,4433,3024
CACCTAATCAGTTTAC-1,1,20,72,4379,2928
TGTGACTACGCCAGTC-1,1,21,73,4324,3023
CCCGACCATAGTCCGC-1,1,20,74,4270,2928
CGCGCCCGACTTAATA-1,1,21,75,4214,3022
TGCCACCTGGCGAAAC-1,1,20,76,4160,2927
CTGCCAAGGTTGGAAG-1,1,21,77,4105,3022
TCTCCAACGTAGGTTA-1,1,20,78,4051,2926
TTCTTGGAGTAATGAG-1,1,21,79,3996,3021
GTCTCGATCTGCTTTC-1,0,20,80,3941,2926
TACTCTCCGAACAAAT-1,0,21,81,3886,3021
ATCACATTAGAATATC-1,0,20,82,3832,2925
TACGGGATGCTAGCAG-1,0,21,83,3777,3020
AGCTGAAGTAAACCAA-1,0,20,84,3723,2925
CATGGGTCGGGTGTGG-1,0,21,85,3668,3020
CACCCACGAGGCAATT-1,0,20,86,3613,2924
TGCCATTACTAAAGAA-1,0,21,87,3558,3019
CCGTTACGTTAGAACA-1,0,20,88,3504,2924
GCCAGGAGTAACCGAT-1,0,21,89,3449,3019
GGAAAGTGCCCATGCC-1,0,20,90,3395,2923
TCTTACCGGAACTCGT-1,0,21,91,3339,3018
TATGTCAAGACCGACT-1,0,20,92,3285,2923
CCTAACTAAGGCTCTA-1,0,21,93,3230,3017
GCGGTGAACTGCGCTC-1,0,20,94,3176,2922
CCTCGCGCGATATAGG-1,0,21,95,3121,3017
ATCGGCAAGCAGTCCA-1,0,20,96,3066,2921
AGATCGTGCATAAGAT-1,0,21,97,3011,3016
ATTCAGGACCTATTTC-1,0,20,98,2957,2921
AGCTAGAAGCAGAAGT-1,0,21,99,2902,3016
TTCGCTATCTGACGTG-1,0,20,100,2848,2920
TTCCGCAGAGAAATAT-1,0,21,101,2792,3015
CAGTACATTCTCTAAA-1,0,20,102,2738,2920
GTGAAGATTTCAAGTG-1,0,21,103,2683,3015
AACGCATGATCTGGGT-1,0,20,104,2629,2919
CCCAGAGGAGGGCGTA-1,0,21,105,2574,3014
GGAAACCTTGTTGAAT-1,0,20,106,2519,2919
GTGAAGCCGTATAGTC-1,0,21,107,2464,3013
GAGCTGTCGTCTCGGA-1,0,20,108,2410,2918
TGTCATTTGTTGGGAA-1,0,21,109,2355,3013
ACCAACACCACACACT-1,0,20,110,2301,2917
AAATGATTCGATCAGC-1,0,21,111,2245,3012
CTGCTTTATGTCCGCG-1,0,20,112,2191,2917
GCGAGAGGCCATGTAA-1,0,21,113,2136,3012
ATTGACCGGCGATGAC-1,0,20,114,2082,2916
ACCCTGGTAACGCCCT-1,0,21,115,2027,3011
GTTGGACCGCATCAGG-1,0,20,116,1972,2916
CGTTTACAAGGCAGCT-1,0,21,117,1917,3011
CGGTCCATGAGACTCC-1,0,20,118,1863,2915
GTTCGTCTGGGTCCCT-1,0,21,119,1808,3010
TGTACTACTCTCACGG-1,0,20,120,1754,2915
AGTGAAGATGGTGTCC-1,0,21,121,1698,3009
GAGGGCCATAATATTA-1,0,20,122,1644,2914
ACTCCCGTAGACTAGG-1,0,21,123,1589,3009
CGTCAAATGGTCGCAG-1,0,20,124,1535,2913
AAGTCTAGTAGCTGCC-1,0,21,125,1480,3008
AAGAAATCACCAGATT-1,0,20,126,1425,2913
GAGTGCACGGACAACA-1,0,21,127,1370,3008
GTTCAAATCAGATGTC-1,0,22,0,8316,3139
CATGGCTCCCTATGTC-1,0,23,1,8261,3234
GGCCACACGAAAGCCT-1,0,22,2,8207,3138
GAAGCCGGGTAAGCTC-1,0,23,3,8152,3233
TTGCGCTCTCTCGCTT-1,0,22,4,8098,3138
TACATGACCTTATCCG-1,0,23,5,8042,3233
GTCCTTCTACAACCCA-1,0,22,6,7988,3137
TATATGCTGGGTTGCC-1,0,23,7,7933,3232
GTTTATGGGATTTAGA-1,0,22,8,7879,3137
GGAACCCGAACAAGAA-1,0,23,9,7824,3231
AACGTTATCAGCACCT-1,0,22,10,7769,3136
CATCGTCCGGTTACTA-1,0,23,11,7714,3231
AGACAGCTCAGAATCC-1,0,22,12,7660,3135
GCAGATCCTCGCAAAT-1,0,23,13,7605,3230
GGGTCATGCGTACCAT-1,0,22,14,7551,3135
CTGGTCATTCCAATCC-1,0,23,15,7495,3230
TCAGGGCGCAAACTCG-1,0,22,16,7441,3134
GATGCCAGCAGAAGGC-1,0,23,17,7386,3229
GTTATTAACGTGGGAG-1,0,22,18,7332,3134
AATACAATGTTTCAGG-1,0,23,19,7277,3229
TTGCTGCACCTATCCA-1,0,22,20,7222,3133
CCAGAGACAAAGCCGG-1,0,23,21,7167,3228
CCGAAGTATATTGTTC-1,0,22,22,7113,3133
GCTAAACCTGAGGTGA-1,0,23,23,7058,3228
TCATACTTACAGATCC-1,0,22,24,7004,3132
CGAGCACTTCAAGTTT-1,0,23,25,6948,3227
TAGCAACCTGTCACAA-1,0,22,26,6894,3131
TGGGAAATGCCTTTCC-1,0,23,27,6839,3226
AGACCATGGGATACAA-1,0,22,28,6785,3131
TAAATGAATCCGTTTC-1,0,23,29,6730,3226
ACAACGGTCCCTGCGA-1,0,22,30,6675,3130
GTCACTCTCCAAATCT-1,0,23,31,6620,3225
TTCTACTTGCGAGGGC-1,0,22,32,6566,3130
CGCAATTACTTTCGGT-1,0,23,33,6511,3225
CTGTTCATCTCACGGG-1,0,22,34,6457,3129
TTCTTGTAACCTAATG-1,0,23,35,6401,3224
GCTTGATGATAATCAG-1,0,22,36,6347,3129
TTGGCTCGCATGAGAC-1,0,23,37,6292,3224
GCCCAGTTGGTATGCC-1,0,22,38,6238,3128
ATTCCTCCGCCAGTGC-1,0,23,39,6183,3223
TCGTCCGCTGGCGTCT-1,0,22,40,6128,3128
GGAGAAGTCATTGGCA-1,0,23,41,6073,3222
TTGTTAGCAAATTCGA-1,0,22,42,6019,3127
TCTAGCATCTTCGATG-1,0,23,43,5964,3222
TTCTAGGCCAATTGTG-1,0,22,44,5910,3126
TCACGGTCATCGCACA-1,0,23,45,5854,3221
ATGAAGCCAAGGAGCC-1,0,22,46,5800,3126
AATGACTGTCAGCCGG-1,0,23,47,5745,3221
CCAAACAGAACCCTCG-1,0,22,48,5691,3125
TATCGATGATTAAACG-1,0,23,49,5636,3220
GAACACACATCAACCA-1,1,22,50,5581,3125
CCCGTCAGCGTCTGAC-1,1,23,51,5526,3220
AGCATCGTCGATAATT-1,1,22,52,5472,3124
GACTAAGATCATGCAC-1,1,23,53,5417,3219
TAGGGTGTTTCAAGAG-1,1,22,54,5363,3124
TGGTTCGTAGCAAAGG-1,1,23,55,5307,3218
CTGTTCACTGCCTGTG-1,1,22,56,5253,3123
ATGTGCATCCGACGCA-1,1,23,57,5198,3218
TTGTCGTTCAGTTACC-1,1,22,58,5144,3122
CGGGATCAATGTAAGA-1,1,23,59,5089,3217
TTATCTGTATCATAAC-1,1,22,60,5034,3122
ATCGACTCTTTCCGTT-1,1,23,61,4979,3217
CTCATTTGATGGGCGG-1,1,22,62,4925,3121
GTAAGCGGGCAGTCAG-1,1,23,63,4870,3216
TCTATCGGTCGCAACA-1,1,22,64,4816,3121
AACGCGGTCTCCAGCC-1,1,23,65,4760,3216
ATTAATACTACGCGGG-1,1,22,66,4706,3120
CTTTAACTTTCAAAGG-1,1,23,67,4651,3215
CGTACCTGATAGGCCT-1,1,22,68,4597,3120
GAATGTTGGGTAATCT-1,1,23,69,4542,3215
TGCGGAGTAAAGGTGC-1,1,22,70,4487,3119
CCTGAATATTTACATA-1,1,23,71,4432,3214
TTGCTCCCATACCGGA-1,1,22,72,4378,3119
CCTCTAATCTGCCAAG-1,1,23,73,4323,3213
AGGTTGAGGCACGCTT-1,1,22,74,4269,3118
TCCCGTCAGTCCCGCA-1,1,23,75,4214,3213
TCCGATGACTGAGCTC-1,1,22,76,4159,3117
CAGCCTCCTGCAGAGG-1,1,23,77,4104,3212
CTTAGCCTTCCACATG-1,1,22,78,4050,3117
ATTAATGAACCAGTCG-1,1,23,79,3995,3212
ACGATACATAGAACTA-1,1,22,80,3941,3116
AGCCACTCCCGTGCTT-1,1,23,81,3885,3211
ATACGGGTTTCGATTG-1,0,22,82,3831,3116
CTGTCAAATGGCTCGG-1,0,23,83,3776,3211
GCTCGGAATTTAAAGC-1,0,22,84,3722,3115
TAGGCATGTTACGCCA-1,0,23,85,3667,3210
TGGCAACTCGCGCGCC-1,0,22,86,3612,3115
ATCAGTAGGCAGGGAT-1,0,23,87,3557,3209
TATCGATCTATGCATA-1,0,22,88,3503,3114
CGACTCAGGATGTTAT-1,0,23,89,3448,3209
GCCATATTGCACACAG-1,0,22,90,3394,3113
AATTCATAAGGGATCT-1,0,23,91,3338,3208
CGGTAGAGGTGCAGGT-1,0,22,92,3284,3113
AATGATGATACGCTAT-1,0,23,93,3229,3208
CTTGTGCTCACCGATT-1,0,22,94,3175,3112
TTCCAATCAGAGCTAG-1,0,23,95,3120,3207
CGATGGACCCTACGCC-1,0,22,96,3065,3112
GGTCGGATAAACGGCG-1,0,23,97,3010,3207
TTAGCTAATACGATCT-1,0,22,98,2956,3111
CTCGATATTTGCGAGC-1,0,23,99,2901,3206
ATTACTTACTGGGCAT-1,0,22,100,2847,3111
CTAGCCGATGTTATGA-1,0,23,101,2791,3205
TACTGCAATCAATTAC-1,0,22,102,2737,3110
TAGTCTGTGACGTTGC-1,0,23,103,2682,3205
CTCGTTTCTAATGTTT-1,0,22,104,2628,3109
TTCGTTCAACGAAGTT-1,0,23,105,2573,3204
CTGAATTTATTGCCAG-1,0,22,106,2518,3109
TGGAATATCCTTGACC-1,0,23,107,2463,3204
CAGATCATTTAAAGTC-1,0,22,108,2409,3108
CTCCTTTACGCAAGTC-1,0,23,109,2354,3203
TCCCAAACAGACAACG-1,0,22,110,2300,3108
ATCGCTGCGTGCAGCA-1,0,23,111,2244,3203
TTAGTTCAAGTGTTCG-1,0,22,112,2190,3107
AAACTCGTGATATAAG-1,0,23,113,2135,3202
TTAACGAACAAGCAGT-1,0,22,114,2081,3107
GTTATATCAGGAGCCA-1,0,23,115,2026,3202
CAAATTGGATTATGCC-1,0,22,116,1971,3106
CGAGGAGCTTCCATAT-1,0,23,117,1916,3201
GGAGACCAATGTGCTT-1,0,22,118,1862,3106
CATTGATGAACACGCC-1,0,23,119,1807,3200
GTCAATGCTATAATTT-1,0,22,120,1753,3105
ACCACCCTCTCTTCTA-1,0,23,121,1697,3200
TGGAGGGAAACACCTC-1,0,22,122,1643,3104
CACGGACGTGGATGGC-1,0,23,123,1588,3199
AACTTTCTCGATCATG-1,0,22,124,1534,3104
CGTATTGTTTCCTAAT-1,0,23,125,1479,3199
CCTACTGCGGCGGCCA-1,0,22,126,1424,3103
CTTAGGTCCCAATCGT-1,0,23,127,1369,3198
CGCAATCGATCATTAG-1,0,24,0,8315,3329
TGGTTATGCTTGCGGT-1,0,25,1,8260,3424
GGCTTGGCTCTCACCT-1,0,24,2,8206,3329
ATTGGTAGGATCCGCT-1,0,25,3,8151,3424
TCAGGGCGACTTCCTT-1,0,24,4,8097,3328
TCTGCAGATTCGAGTC-1,0,25,5,8041,3423
CTCTCGCTGTACTATG-1,0,24,6,7987,3327
AATAGTCGCGAGTCGG-1,0,25,7,7932,3422
AGTTACCCTTAAGACT-1,0,24,8,7878,3327
CTTAAATAAGACCCAT-1,0,25,9,7823,3422
GGTTGTGCTCTTGTCC-1,0,24,10,7768,3326
GTGAGTCTAAGACGGA-1,0,25,11,7713,3421
CGCGACACTGCGCAGC-1,0,24,12,7659,3326
GCTCGCGGTTCCGCTC-1,0,25,13,7604,3421
TTAACTCACGCGTGGA-1,0,24,14,7550,3325
GGAACGGCCTGCAGCC-1,0,25,15,7494,3420
GTAGAAACGGGTGGAG-1,0,24,16,7440,3325
TAATGAAAGACCCTTG-1,0,25,17,7385,3420
AGGCTTGCTAGACACC-1,0,24,18,7331,3324
TTGCGTAGTTTGAGGA-1,0,25,19,7276,3419
CGCCCTTGAAGGCTGA-1,0,24,20,7221,3324
CCCGGTGGAAGAACCT-1,0,25,21,7166,3418
TTAACACCTCGAACAT-1,0,24,22,7112,3323
GATTCCTATACGGCGC-1,0,25,23,7057,3418
TTACCCTAACAGTCCT-1,0,24,24,7003,3322
ACCCACCTACATGCTC-1,0,25,25,6947,3417
AAAGGGCAGCTTGAAT-1,0,24,26,6893,3322
CACACAGGGATAGATT-1,0,25,27,6838,3417
AGAGCGTACAAGCTCG-1,0,24,28,6784,3321
TCTTACGGCATCCGAC-1,0,25,29,6729,3416
GCCTATTCCGATATAG-1,0,24,30,6674,3321
GAAAGTGACTAACTGC-1,0,25,31,6619,3416
CCGGAATGGTTTCAGT-1,0,24,32,6565,3320
AGTATAATACTAGGCA-1,0,25,33,6510,3415
TAACTATCGAAGGTCC-1,0,24,34,6456,3320
ATGAGGAGTGTTAATC-1,0,25,35,6400,3414
TGTGTCGCGAGTTGCA-1,0,24,36,6346,3319
ATCCAACGCAGTCATA-1,0,25,37,6291,3414
AAGGCGCGTAAAGCTT-1,0,24,38,6237,3318
AGTCGGCCCAAACGAC-1,0,25,39,6182,3413
AACGTCAGACTAGTGG-1,0,24,40,6127,3318
ACTACCAGCTCTCTGG-1,0,25,41,6072,3413
GCAAGTGCACAGAGAA-1,0,24,42,6018,3317
ACACCTTAAGTAGGGC-1,0,25,43,5963,3412
TTCGACGGGAAGGGCG-1,0,24,44,5909,3317
TTCGCACTCGCGTGCT-1,0,25,45,5853,3412
TATTTGTTACCCTTTA-1,0,24,46,5799,3316
CGCTGTGACGCCGCAC-1,0,25,47,5744,3411
GTTGCACGGAGTTTCG-1,0,24,48,5690,3316
GTTTCCTGGAGGGTGA-1,0,25,49,5635,3411
ACACCCAGCATGCAGC-1,1,24,50,5580,3315
TCAACCATGTTCGGGC-1,1,25,51,5525,3410
TTACAACTACGCATCC-1,1,24,52,5471,3315
TCCGATGGTGCGACAT-1,1,25,53,5416,3409
GGGCGTACATTTATAT-1,1,24,54,5362,3314
AGCGACCAACGATATT-1,1,25,55,5306,3409
ACACAAAGACGGGTGG-1,1,24,56,5252,3313
ATCGCACGCCGGGAGA-1,1,25,57,5197,3408
GCTCTAAACCCTGACG-1,1,24,58,5143,3313
AATGCAACCGGGTACC-1,1,25,59,5088,3408
TCAAACAACCGCGTCG-1,1,24,60,5033,3312
TATGCTCCCTACTTAC-1,1,25,61,4978,3407
AAAGGGATGTAGCAAG-1,1,24,62,4924,3312
ACGATCATACATAGAG-1,1,25,63,4869,3407
TTGTTCAGTGTGCTAC-1,1,24,64,4815,3311
ATGCATGATCCAGGAT-1,1,25,65,4759,3406
AGTCTTCTCCTCAAAT-1,1,24,66,4705,3311
GATTCCCTTGTCGCAG-1,1,25,67,4650,3405
CTCGCACCTATATAGT-1,1,24,68,4596,3310
ACTCAATAAAGGCACG-1,1,25,69,4541,3405
AACCGAGCTTGGTCAT-1,1,24,70,4487,3309
TAAGGCAACATAAGAT-1,1,25,71,4431,3404
CACGCACAGCGCAGCT-1,1,24,72,4377,3309
GGTTTACAATCTCAAT-1,1,25,73,4322,3404
TGCAGGATCGGCAAAG-1,1,24,74,4268,3308
ATAACGGAGTCCAACG-1,1,25,75,4213,3403
AACGATATGTCAACTG-1,1,24,76,4158,3308
GACAACGACCATTGAA-1,1,25,77,4103,3403
TTGACCATGTTCTCCG-1,1,24,78,4049,3307
AGTACGGGCACCTGGC-1,1,25,79,3994,3402
CGCCATCCGATTATGA-1,1,24,80,3940,3307
AAGGTATCCTAATATA-1,0,25,81,3884,3401
TGTTGTCAAGAAGTCT-1,0,24,82,3830,3306
CAGTGAATAAATGACT-1,0,25,83,3775,3401
CACCTTGCGAAACTCG-1,0,24,84,3721,3305
CATTTAGCGGACCATG-1,1,25,85,3666,3400
CCAGTCTAGACGGCGC-1,0,24,86,3611,3305
TCGCTTTAAACGTTTG-1,0,25,87,3556,3400
GTGAAACGGCGCCACC-1,0,24,88,3502,3304
GGGCTCATCGAACCCA-1,0,25,89,3447,3399
TTGATGTGTAGTCCCG-1,0,24,90,3393,3304
CAGTAGCCCACGCGGT-1,0,25,91,3337,3399
AGCGCGGGTGCCAATG-1,0,24,92,3283,3303
TAATCGATCCGTACGT-1,0,25,93,3228,3398
AGTGGCGGCAATTTGA-1,0,24,94,3174,3303
CCTTTCAATGAAGAAA-1,0,25,95,3119,3398
CTCAGTCACGACAAAT-1,0,24,96,3064,3302
ATAGGCTAGCTTCGCA-1,0,25,97,3009,3397
CGGTTCAAGTAGGTGT-1,0,24,98,2955,3302
CAGTCGAGGATGCAAT-1,0,25,99,2900,3396
TATCACCCAACCGACC-1,0,24,100,2846,3301
AATGATGCGACTCCTG-1,0,25,101,2790,3396
TGGAACCACTGACACA-1,0,24,102,2736,3300
GCCAATAGGGCATCTC-1,0,25,103,2681,3395
TTCTTTGGTCGCGACG-1,0,24,104,2627,3300
ATTAGATTCCTCAGCA-1,0,25,105,2572,3395
CCGTGGAACGATCCAA-1,0,24,106,2517,3299
GGGTCGTGGCAAGTGT-1,0,25,107,2462,3394
TCGCTCGGCACCAGCG-1,0,24,108,2408,3299
ACGCAATCACTACAGC-1,0,25,109,2353,3394
CTCTAATGCATTGATC-1,0,24,110,2299,3298
GTCTCGACTAAGTTTG-1,0,25,111,2243,3393
TGGTTTAAACGTGGGT-1,0,24,112,2189,3298
CGCAGATCTTCACCCG-1,0,25,113,2134,3392
TCCAGATGTACGCCAA-1,0,24,114,2080,3297
CATTGCGGGTCAATTC-1,0,25,115,2025,3392
GACGTTCGTAAATACA-1,0,24,116,1970,3296
TACACCGTCGTTAGTC-1,0,25,117,1915,3391
ACGGGCGTATGCGACA-1,0,24,118,1861,3296
GAAGGCTACCATTGTT-1,0,25,119,1806,3391
TAAATCTTTACACCTC-1,0,24,120,1752,3295
AGTTTATGTAAAGACA-1,0,25,121,1696,3390
AGGAGACATCCACAGT-1,0,24,122,1642,3295
CAACCTGAACCTGCCA-1,0,25,123,1587,3390
AGTCCCTCGCAGAAAG-1,0,24,124,1533,3294
TGTATACGGATGATGA-1,0,25,125,1478,3389
TTGTGGTATAGGTATG-1,0,24,126,1423,3294
TCTGCACCATTAGTAA-1,0,25,127,1368,3388
AAATGTATCTTATCCC-1,0,26,0,8314,3520
ACTCTAAACCTGGGAT-1,0,27,1,8259,3614
GCTGGCAGGTGCCGTG-1,0,26,2,8205,3519
CTCATTCGTGAACATC-1,0,27,3,8150,3614
TCGCCGGATGGGCAAG-1,0,26,4,8096,3518
GGACTAAGTCAGGAGT-1,0,27,5,8040,3613
TATCAAAGGTCTGTAA-1,0,26,6,7986,3518
TTCAGTTTGTGGCAGC-1,0,27,7,7931,3613
TGTTCATAAATGTGCT-1,0,26,8,7877,3517
CTTAGCCCGGATAGTG-1,0,27,9,7822,3612
GATGCGAATGGTATTA-1,0,26,10,7767,3517
TCTAACTGTATGTAAA-1,0,27,11,7712,3612
TTAAACCTGGTTCCTT-1,0,26,12,7658,3516
GCTAAGTAAAGGCGAT-1,0,27,13,7603,3611
AGTTACCGCACATGGT-1,0,26,14,7549,3516
GACTGCGGCACGTGTA-1,0,27,15,7493,3610
TGGTGATCGTATTTGT-1,0,26,16,7439,3515
TTATCGCCTGCGAAGC-1,0,27,17,7384,3610
TGGAATTAGACGCTTT-1,0,26,18,7330,3514
TCGTCACACTGTTAGC-1,0,27,19,7275,3609
TTATGTTTGCGATAGA-1,0,26,20,7220,3514
GGTGCTGATCACAAAG-1,0,27,21,7165,3609
CATAGCCGCCCGGGAT-1,0,26,22,7111,3513
GGTTAGTTACGGCGCC-1,0,27,23,7056,3608
ATTCCCACATAAACAA-1,0,26,24,7002,3513
ATTCAGTAGCAGGGTC-1,0,27,25,6946,3608
CAGTTCCGCGGGTCGA-1,0,26,26,6892,3512
AAGAGATGAATCGGTA-1,0,27,27,6837,3607
CGCAATTCTACAATAA-1,0,26,28,6783,3512
TAACGCTTTGAGAGCG-1,0,27,29,6728,3607
AGGCTATGGTTAGCTT-1,0,26,30,6673,3511
GAGGAATGGAGAGGTT-1,0,27,31,6618,3606
TCCTCTACGAGATGGC-1,0,26,32,6564,3510
TTGATTATGCAGATGA-1,0,27,33,6509,3605
TCAGTACTGACCCGCG-1,0,26,34,6455,3510
TTATGACAAACTGGAT-1,0,27,35,6399,3605
GTAAGTAGGGTATACC-1,0,26,36,6345,3509
CGCAAACACGAGTTAC-1,0,27,37,6290,3604
TGGCCGTATATTGACC-1,0,26,38,6236,3509
ACTGTAGCACTTTGGA-1,0,27,39,6181,3604
GCTCTATGTTACGTGC-1,0,26,40,6126,3508
TGCGCGATTAACGGAG-1,0,27,41,6071,3603
GAATCGACATGGTCAC-1,0,26,42,6017,3508
GACTAAGTAGGCTCAC-1,0,27,43,5962,3603
ATCTTGACCTGCAACG-1,0,26,44,5908,3507
ATGCACTACCGCATTG-1,0,27,45,5852,3602
CAGATACTAACATAGT-1,0,26,46,5798,3507
GATCGACACTATCTGA-1,0,27,47,5743,3601
ATAGAGTACTGGGACA-1,0,26,48,5689,3506
CCTACTGCTTACACTT-1,1,27,49,5634,3601
CCTGCTATTTGAGAAG-1,1,26,50,5579,3505
CGCGTTCATGAAATAC-1,1,27,51,5524,3600
CATTATGCTTGTTGTG-1,1,26,52,5470,3505
CCAGGGACGTGGCCTC-1,1,27,53,5415,3600
TATGGATGTGCTACGC-1,1,26,54,5361,3504
GTACTAAGATTTGGAG-1,1,27,55,5305,3599
AGACCCGCCCTCCTCG-1,1,26,56,5251,3504
CGCATTAGCTAATAGG-1,1,27,57,5196,3599
GCTCTCGGGTACCGAA-1,1,26,58,5142,3503
CACCGCCAGAAGGTTT-1,1,27,59,5087,3598
TCCCAAAGACGAAGGA-1,1,26,60,5032,3503
ATGGATTGACCAAACG-1,1,27,61,4977,3597
GTCATGGACATGACTA-1,1,26,62,4923,3502
CTACTGCCACCTGACC-1,1,27,63,4868,3597
TTATATTTGGCAATCC-1,1,26,64,4814,3501
AGCACCAGTACTCACG-1,1,27,65,4759,3596
CATGGTCTAGATACCG-1,1,26,66,4704,3501
TCTACCGTCCACAAGC-1,1,27,67,4649,3596
CTAGTTGGGCCCGGTA-1,1,26,68,4595,3500
TCCCGCGTACTCCTGG-1,1,27,69,4540,3595
CAGAGCATGAGCTTGC-1,1,26,70,4486,3500
ACACGGGAACTTAGGG-1,1,27,71,4430,3595
GGCTCTGCTCCAACGC-1,1,26,72,4376,3499
AGAACGTGGTACATTC-1,1,27,73,4321,3594
CAATAAACCTTGGCCC-1,1,26,74,4267,3499
ACTTCGCCATACGCAC-1,1,27,75,4212,3594
ATCTGGTTAAGACTGT-1,1,26,76,4157,3498
TCGTAAGACGACATTG-1,1,27,77,4102,3593
GTGTACCTTGGCTACG-1,1,26,78,4048,3498
GCCCGTAATACCTTCT-1,1,27,79,3993,3592
CGGTCAAGTGGGAACC-1,1,26,80,3939,3497
TTGTAAGGCCAGTTGG-1,1,27,81,3883,3592
GGAGCACCAAGAACTA-1,1,26,82,3829,3496
TAATAGTGACGACCAG-1,1,27,83,3774,3591
CTAAATCCTATTCCGG-1,1,26,84,3720,3496
CGAGTTCTGTCCCACC-1,1,27,85,3665,3591
AGGCAGATGCGTAAAC-1,1,26,86,3610,3495
AAGGATGAGGGACCTC-1,1,27,87,3555,3590
AGAGAACCGTCTAGGA-1,0,26,88,3501,3495
GAGGGCGCAGCTCTGC-1,0,27,89,3446,3590
AAGATTGGCGGAACGT-1,0,26,90,3392,3494
CCAGTAGTCTGATCCA-1,0,27,91,3336,3589
AAGGGACAGATTCTGT-1,0,26,92,3282,3494
ATAGAGTTATCAACTT-1,0,27,93,3227,3588
AAATTACCTATCGATG-1,0,26,94,3173,3493
GATCCTAAATCGGGAC-1,0,27,95,3118,3588
TTACAGACCTAAATGA-1,0,26,96,3063,3492
CCTCACCTTAGCATCG-1,0,27,97,3008,3587
CATGCGACCAGTTTAA-1,0,26,98,2954,3492
AACATATCAACTGGTG-1,0,27,99,2899,3587
CTATAAGAGCCAATCG-1,0,26,100,2845,3491
AATATCGAGGGTTCTC-1,0,27,101,2789,3586
GTACTCCTGGGTATGC-1,0,26,102,2735,3491
ATAAGTAGGATTCAGA-1,0,27,103,2680,3586
AGGTCGCGGAGTTACT-1,0,26,104,2626,3490
CTAATTCTCAGATATT-1,0,27,105,2571,3585
GCCAACCATTTCCGGA-1,0,26,106,2516,3490
TGATCCCAGCATTAGT-1,0,27,107,2461,3584
CGTTGTAAGATTGATT-1,0,26,108,2407,3489
GAAACCATGGTGCGCT-1,0,27,109,2352,3584
AATCTATGCCGGAGCC-1,0,26,110,2298,3488
GACTCCCAGAATAAGG-1,0,27,111,2242,3583
TATGATCCGGCACGCC-1,0,26,112,2188,3488
CCGCTTGCTGACATGG-1,0,27,113,2133,3583
TGGTTAAGGGCGCTGG-1,0,26,114,2079,3487
TTGATAGTCAATACAT-1,0,27,115,2024,3582
GGTTTAATTGAGCAGG-1,0,26,116,1969,3487
CATTACATAGATTGTG-1,0,27,117,1914,3582
GGTACACCAGATTTAT-1,0,26,118,1860,3486
GGCCCGTATACCATGC-1,0,27,119,1805,3581
ATCTTTCGTATAACCA-1,0,26,120,1751,3486
GAGATGACAATCCTTA-1,0,27,121,1695,3581
AAAGCTTGCCTACATA-1,0,26,122,1641,3485
GAACGATAAGTTAAAG-1,0,27,123,1586,3580
TAATAGCTAAATGATG-1,0,26,124,1532,3485
TATGGCTAGGCTAATT-1,0,27,125,1477,3579
AGGAGAGTCTGGCTAC-1,0,26,126,1422,3484
TGCTCTGCCGGTTCAC-1,0,27,127,1367,3579
CCAATAGATTTCATCT-1,0,28,0,8313,3710
GGGCACGAATTGGCCG-1,0,29,1,8258,3805
TCGTTGACAGGGTCCC-1,0,28,2,8204,3709
ATCGTATTCCGAGAAC-1,0,29,3,8149,3804
GGGAATTCTGTCCAGT-1,0,28,4,8095,3709
ACGCGTTTCTTAAGAG-1,0,29,5,8039,3804
GAGAGCGCAGTCCCTG-1,0,28,6,7985,3708
GTCCTATTGTTGTGGT-1,0,29,7,7930,3803
CATCTGCAGGATCATT-1,0,28,8,7876,3708
GAGTCGACAGACCCTC-1,0,29,9,7821,3803
AAGTGCAAAGGTAGAC-1,0,28,10,7766,3707
AGGGTGGATAGTGCAT-1,0,29,11,7711,3802
TGATAGCGGGATTCTA-1,0,28,12,7657,3706
GTCAGTTTGGTAGTCG-1,0,29,13,7602,3801
GCATTCGAAATGAACA-1,0,28,14,7548,3706
AAAGACTGGGCGCTTT-1,0,29,15,7492,3801
TAACAATATTTGTTGC-1,0,28,16,7438,3705
CCAGCTTCCGCCCGCA-1,0,29,17,7383,3800
GATATGGATTACGCGG-1,0,28,18,7329,3705
AGAGCAGTTATGAGAC-1,0,29,19,7274,3800
TCACATCTTATCTGAT-1,0,28,20,7219,3704
TATGAAGACAGGTGCG-1,0,29,21,7164,3799
TACCTGCTGCACTGTG-1,0,28,22,7110,3704
TAGGTCCAAGTAAGGA-1,0,29,23,7055,3799
GAAACTCGTGCGATGC-1,0,28,24,7001,3703
AACAATTACTCTACGC-1,0,29,25,6945,3798
CCGCACGTGACCTCGG-1,0,28,26,6891,3703
AACTTGCCCGTATGCA-1,0,29,27,6836,3797
GGGTATGTATGCACTT-1,0,28,28,6782,3702
TTCGTACTCCAGAACG-1,0,29,29,6727,3797
GAATTTCTCGCTGCAG-1,0,28,30,6672,3701
AACAGGATGGGCCGCG-1,0,29,31,6617,3796
GACGTGTAGGGATTAT-1,0,28,32,6563,3701
TAGGTGAGCCCTACTC-1,0,29,33,6508,3796
CTAATTCGCACGCGCT-1,0,28,34,6454,3700
GAAGCTTGCTGACCGC-1,0,29,35,6398,3795
GGTTAGGCTTGGAGAA-1,0,28,36,6344,3700
ACAAGGACAAGAGGTT-1,0,29,37,6289,3795
AGGCCACCCGTTATGA-1,0,28,38,6235,3699
GTGGGCTTAGACACAC-1,0,29,39,6180,3794
CGTGTCCCATTCGCGA-1,0,28,40,6125,3699
TGGAGTGATGCGATGA-1,0,29,41,6070,3793
AACAACTGGTAGTTGC-1,0,28,42,6016,3698
CCTGGCTAGACCCGCC-1,0,29,43,5961,3793
CGCAATTAGGGTAATA-1,0,28,44,5907,3697
TCGAAATTTAGGACCA-1,0,29,45,5851,3792
AGACTAGCCTTCCAGA-1,0,28,46,5797,3697
TTGATCTAACTTTGTC-1,0,29,47,5742,3792
AAGGAGCGGTTGGTGC-1,0,28,48,5688,3696
ACTTGGGACCCGGTGG-1,1,29,49,5633,3791
TGATCTCCGGCGCCAG-1,1,28,50,5578,3696
CAGTTCAAATTGACAC-1,1,29,51,5523,3791
GTCCGGCTGAATTGCG-1,1,28,52,5469,3695
CTGGAAATGGATGCTT-1,1,29,53,5414,3790
TGATCGGTTTGACCCT-1,1,28,54,5360,3695
TAGAGTCTAAGCGAAC-1,1,29,55,5305,3790
GAGACTGATGGGTAGA-1,1,28,56,5250,3694
TAGCTAAGTCCGGGAG-1,1,29,57,5195,3789
GGGCGATATGTGTGAA-1,1,28,58,5141,3693
CTCGAGGTCGAACAGT-1,1,29,59,5086,3788
GATCCCTTTATACTGC-1,1,28,60,5032,3693
GTCATGCACCTCCGTT-1,1,29,61,4976,3788
ACTTTCCTATAGCTTC-1,1,28,62,4922,3692
TCGCTCGATATATTCC-1,1,29,63,4867,3787
ATAGGTTGGGCAGATG-1,1,28,64,4813,3692
CAATTAAGGGTGATGA-1,1,29,65,4758,3787
ACCGACTGAGTCCCAC-1,1,28,66,4703,3691
CCTGTCACCCGGGCTC-1,1,29,67,4648,3786
GATCGGTGGCCATAAC-1,1,28,68,4594,3691
CCTATGGGTTACCGTC-1,1,29,69,4539,3786
TTGGGACACTGCCCGC-1,1,28,70,4485,3690
CGAGGCTAAATATGGC-1,1,29,71,4429,3785
TCAGGGTGTAACGTAA-1,1,28,72,4375,3690
CGAGAGATGTGAACCT-1,1,29,73,4320,3784
TCGCTGGGCGGATTGT-1,1,28,74,4266,3689
AGATCTCAGGTGTGAT-1,1,29,75,4211,3784
TGGCCAAACTGAAGTA-1,1,28,76,4156,3688
GCTTCCGTCCCTAGAC-1,1,29,77,4101,3783
CAGCAGCCCGTTCCTT-1,1,28,78,4047,3688
TGTATAACAGATCCTG-1,1,29,79,3992,3783
CGCGGGAATTAGGCAG-1,1,28,80,3938,3687
TGCATGTGGTAATCTA-1,1,29,81,3882,3782
ACAATTTGAGCAGTGG-1,1,28,82,3828,3687
GAGCTAAGGGCATATC-1,1,29,83,3773,3782
CCAGATAGTTGAGTGA-1,1,28,84,3719,3686
CCACAATGTACGTCTT-1,1,29,85,3664,3781
CAATGGATCTCTACCA-1,1,28,86,3609,3686
TGTGGCAAAGCGTATG-1,0,29,87,3554,3780
TAAAGCGTTAGGAGAA-1,0,28,88,3500,3685
TCCGTTTAGCCTTGAA-1,0,29,89,3445,3780
CAGCTCGACAAGTTAA-1,0,28,90,3391,3684
GCCTATAGTGTCAGGG-1,0,29,91,3335,3779
ATAGACAACGGGACCT-1,0,28,92,3281,3684
CTACTATCTTTCAGAG-1,0,29,93,3226,3779
GCGCTGCTTTGCATTT-1,0,28,94,3172,3683
GCGCATCCAGTCAGCA-1,0,29,95,3117,3778
GACTCGCGGGAATGAC-1,0,28,96,3062,3683
CTGGTAACGAGCTCTT-1,0,29,97,3007,3778
TCCGGCCTAGCGTACA-1,0,28,98,2953,3682
TCTAGGTGGCGACGCT-1,0,29,99,2898,3777
ACGCTAGTGATACACT-1,0,28,100,2844,3682
ATCTGCACCTCTGCGA-1,0,29,101,2788,3777
CCTCACCTGAGGGAGC-1,0,28,102,2734,3681
AGTGAGCCTCGCCGCC-1,0,29,103,2679,3776
ACGAGTACGGATGCCC-1,0,28,104,2625,3681
GGTACCATTAAGACGG-1,0,29,105,2570,3775
TTCTGCTAGACTCCAA-1,0,28,106,2515,3680
TAACTATTACGCCAAA-1,0,29,107,2460,3775
GCATTCAAGGCAACGC-1,0,28,108,2406,3679
AGTACATCATTTATCA-1,0,29,109,2351,3774
GTCGTGTCTGGTCATC-1,0,28,110,2297,3679
AGTCTAAAGTATACTC-1,0,29,111,2241,3774
CGGCCCAACCTGTAGT-1,0,28,112,2187,3678
AGGGAGACATACTTCG-1,0,29,113,2132,3773
TCCCTAGATCAATAGG-1,0,28,114,2078,3678
TCCCGTCGCGTCATAG-1,0,29,115,2023,3773
CGCATCCATCAGCCAG-1,0,28,116,1968,3677
CTGCACCTAGTCCACA-1,0,29,117,1913,3772
CGAGGATCGGGAACGA-1,0,28,118,1859,3677
CAATGAGGTTCGACTA-1,0,29,119,1804,3771
TCTGACGGGCTAACCC-1,0,28,120,1750,3676
TTCTATGCCTTTCGCA-1,0,29,121,1694,3771
AGAGTATAGTGTTACG-1,0,28,122,1640,3675
CCATTGTTTCCTCCAT-1,0,29,123,1585,3770
CTCATCACTTAGTGAT-1,0,28,124,1531,3675
CCGAAGGGCGTACCGC-1,0,29,125,1476,3770
TCAAGCTGCCTTGAAA-1,0,28,126,1421,3674
CTCATTAACGTTGCCC-1,0,29,127,1366,3769
GTCTTCCTCACCTAAG-1,0,30,0,8312,3900
GGTGATGAAGGAAGTG-1,0,31,1,8257,3995
TCAATACAATTGCTGC-1,0,30,2,8203,3900
GCAACCCAAGTTGTTT-1,0,31,3,8148,3995
ATGAAGTGGACCCAGC-1,0,30,4,8094,3899
GAGAATCTCACGATCA-1,0,31,5,8038,3994
TATATCATTGATCAGT-1,0,30,6,7984,3899
AACTTTACGGGAGCTT-1,0,31,7,7929,3993
TTCTTGTGTCCATCAG-1,0,30,8,7875,3898
ACAATTTAGGAGGCTC-1,0,31,9,7820,3993
ATACTTGTTCTCGAGC-1,0,30,10,7765,3897
CACGGGATTGAGGGTT-1,0,31,11,7710,3992
GTTAATGTCTATCTTA-1,0,30,12,7656,3897
GCGTTATATTTGGAAC-1,0,31,13,7601,3992
CGTCAAGGCTATAAAT-1,0,30,14,7547,3896
TTAGCTCTGTAATCCG-1,0,31,15,7491,3991
AATGGTCCACCGTTCA-1,0,30,16,7437,3896
GTCATTGCATTGACCC-1,0,31,17,7382,3991
TGTCCGTGGCGCCTTT-1,0,30,18,7328,3895
TCAACTAACGTATAAC-1,0,31,19,7273,3990
TCCTCTCCAGTTGTCC-1,0,30,20,7218,3895
TGTGTTCGTATCCAAG-1,0,31,21,7163,3989
CCGCGTAGGTAAGGGC-1,0,30,22,7109,3894
CTGCGGGTGAAATGTT-1,0,31,23,7054,3989
TATCTACAGAGGTAAT-1,0,30,24,7000,3893
CTACTCTAGGCCCGGC-1,0,31,25,6944,3988
ACAAGCAGTGCCTAGC-1,0,30,26,6890,3893
TACAAGTCTCGTGCAT-1,0,31,27,6835,3988
TCGGAATGCGCTCTGA-1,0,30,28,6781,3892
TCGCGTCCAGAAGGTC-1,0,31,29,6726,3987
TATGGCCCGGCCTCGC-1,0,30,30,6671,3892
GCTGGCATATTCACCT-1,0,31,31,6616,3987
GTCAGAATAGTCTATG-1,0,30,32,6562,3891
GGCGTCCTATCCGCTG-1,0,31,33,6507,3986
CGGAGTTTGAGAGACA-1,0,30,34,6453,3891
AGCACTTAAGGACGCC-1,0,31,35,6397,3986
TCCACAATGGTTTACG-1,0,30,36,6343,3890
CCAACGATGCACTGAT-1,0,31,37,6288,3985
ATTTACAGTTTACTGG-1,0,30,38,6234,3889
CCCTGAAATGAGTTGA-1,0,31,39,6179,3984
CAAACGGTCGCACTTT-1,0,30,40,6124,3889
TGATTCGTCTATCACT-1,0,31,41,6069,3984
TCAGGTTCTTTGAGAA-1,0,30,42,6015,3888
CACGCAGCGAGGCTTT-1,0,31,43,5960,3983
TTAAGCGCCTGACCCA-1,0,30,44,5906,3888
CTTACACGGTATTCCA-1,0,31,45,5850,3983
AAGGCTGTGCTCATCG-1,0,30,46,5796,3887
GACCAGAGCCCTGTAG-1,1,31,47,5741,3982
TCCCAGGCTTAGCTAA-1,1,30,48,5687,3887
ATTGAAGATCTTAGTG-1,1,31,49,5632,3982
AGTTCCTACAGAATTA-1,1,30,50,5577,3886
GGGCTGGTTAGTCGCG-1,1,31,51,5522,3981
GAAATGGCGGTGTTAG-1,1,30,52,5468,3886
TACGAACACGACTTCA-1,1,31,53,5413,3980
ACCACAAGTTTCTATC-1,1,30,54,5359,3885
ATATTTAACCCTCAAG-1,1,31,55,5304,3980
GATCATTCCAAACATT-1,1,30,56,5249,3884
TCCAGGCGAGTACGGT-1,1,31,57,5194,3979
GTTTGACCAAATCCTA-1,1,30,58,5140,3884
CACAGCACCCACGGCA-1,1,31,59,5085,3979
TGCAAGAATGACGTAA-1,1,30,60,5031,3883
GCGAAGCCATACCCGT-1,1,31,61,4975,3978
TCCTTTCTTACGCTTA-1,1,30,62,4921,3883
GCTGCTCTCCGGACAC-1,1,31,63,4866,3978
ACTGTCTTCTTTAGAA-1,1,30,64,4812,3882
TCAAACTTAGATTGTT-1,1,31,65,4757,3977
CTATGTCACTAGCCCA-1,1,30,66,4702,3882
TGCGCAAAGCATTTGG-1,1,31,67,4647,3976
TTAATGTAGACCAGGT-1,1,30,68,4593,3881
GGCGGTAGGATCATTG-1,1,31,69,4538,3976
GGCAATAGTCAATGAG-1,1,30,70,4484,3880
ACACGAGACTCCTTCT-1,1,31,71,4428,3975
GACACAAGGGAAGAAA-1,1,30,72,4374,3880
TCAGCAAATGCATCTC-1,1,31,73,4319,3975
GAGATCTGTCACTCCG-1,1,30,74,4265,3879
ATGCCGGTCTTGCATA-1,1,31,75,4210,3974
TTGGGCGGCGGTTGCC-1,1,30,76,4155,3879
TTGTTGTGTGTCAAGA-1,1,31,77,4100,3974
ACTGTACGATACACAT-1,1,30,78,4046,3878
TCCACTTTATCTAGGT-1,1,31,79,3991,3973
GGTCTGAGAATCTGGA-1,1,30,80,3937,3878
TAGAAAGGTGGCGCTA-1,1,31,81,3881,3973
TATGTCTCATTGTGCC-1,1,30,82,3827,3877
GGATTTCACTTCTATA-1,1,31,83,3772,3972
TGAGTGGTCCGTGACG-1,1,30,84,3718,3877
CGCTTTCTTGCATTCG-1,0,31,85,3663,3971
ACCCAACGCCCGTGGC-1,0,30,86,3608,3876
GAACGTCTCATGGTCG-1,0,31,87,3553,3971
AGGGTTCCCTTTGGTT-1,0,30,88,3499,3875
GTAGCTTCCTCTTGTT-1,0,31,89,3444,3970
GCATGAGGGACGCGGC-1,0,30,90,3390,3875
CTACCCTAAGGTCATA-1,0,31,91,3334,3970
TCACCGCTCGGCACTC-1,0,30,92,3280,3874
GGCTCGCGTTGAGGTA-1,0,31,93,3225,3969
CTAACGAAACTTGCTG-1,0,30,94,3171,3874
TTAAACTCGAATTCAT-1,0,31,95,3116,3969
TACTTTACTGAGCCGG-1,0,30,96,3061,3873
GCTTGGATCGATTAGG-1,0,31,97,3006,3968
CGGTTATCCAACAGTG-1,0,30,98,2952,3873
CAGACCTGTAAGTGTT-1,0,31,99,2897,3967
GACGGTCAATAGAAGC-1,0,30,100,2843,3872
CTGACTGCGCAGCTCG-1,0,31,101,2787,3967
CCATACCTTTACTTGT-1,0,30,102,2733,3871
GTAATAAAGGGCTCCC-1,0,31,103,2678,3966
GTGAACTCCCATTCGA-1,0,30,104,2624,3871
GTGGTTACTTCTTTCG-1,0,31,105,2569,3966
TCAGAACCTCCACAGG-1,0,30,106,2514,3870
TCCCACTCTCTTCCGG-1,0,31,107,2459,3965
ATCTTGACTTGTCCAA-1,0,30,108,2405,3870
TCGGGAACGTGCCTAG-1,0,31,109,2350,3965
GTTAGCCGTAAATCAA-1,0,30,110,2296,3869
ATTTACTAAGTCCATT-1,0,31,111,2240,3964
GGGTGCATATGAAAGC-1,0,30,112,2186,3869
TCCGAATGGTCCTGAG-1,0,31,113,2131,3963
TGATGGCTGTTTCTGA-1,0,30,114,2077,3868
AAATAAGGTAGTGCCC-1,0,31,115,2022,3963
CCACTATCCGGGTCAC-1,0,30,116,1967,3867
ACACCACATAATTAGC-1,0,31,117,1912,3962
CGCGGTAAGTCTAGCT-1,0,30,118,1858,3867
GCGGGCATTACGATGC-1,0,31,119,1803,3962
AGGATTGCTTACGACA-1,0,30,120,1749,3866
CTCGGGATAACACCTA-1,0,31,121,1694,3961
GTCGTCTGGTTGGCTA-1,0,30,122,1639,3866
GCAATTAGTCGCACCG-1,0,31,123,1584,3961
GTGACCTAAAGAATAA-1,0,30,124,1530,3865
CTGAGCGAGACTTATT-1,0,31,125,1475,3960
CAAGACTCAGAAGCGC-1,0,30,126,1421,3865
ACTTCGCTAGCGAGTG-1,0,31,127,1365,3960
CCATACTCGCCTCTCC-1,0,32,0,8311,4091
ACGATACCTATCCTGA-1,0,33,1,8256,4185
CTCACCAGTACAAGTG-1,0,32,2,8202,4090
CGAAGACGGTGAGTGC-1,0,33,3,8147,4185
AAATTAATAAGCGCGA-1,0,32,4,8093,4089
GGGCCCTTATCTATAC-1,1,33,5,8037,4184
CTGCCCACGAAGCGTT-1,0,32,6,7983,4089
GGACAAGTTGCAGTGA-1,1,33,7,7928,4184
GTCCGAGAGCAATCAT-1,0,32,8,7874,4088
ATGGCAGCCGAGAAAC-1,1,33,9,7819,4183
CCTCGGATGCTACCTG-1,0,32,10,7764,4088
ATACGGTGAAGATGCA-1,1,33,11,7709,4183
ACATCAGCTGGGACGC-1,0,32,12,7655,4087
GGTTGTGTAGCCTGGC-1,0,33,13,7600,4182
CCTGCGTTCTACGCTT-1,0,32,14,7546,4087
GAACGTTAGGAAGACG-1,0,33,15,7490,4182
CTGATAGTGTATCTCA-1,0,32,16,7436,4086
TTCTGCGAGCGCCCTT-1,0,33,17,7381,4181
CTTTGGCGCTTTATAC-1,0,32,18,7327,4085
TCCGAACTTGGCTTAC-1,0,33,19,7272,4180
TAGATTCCTGGTTATT-1,0,32,20,7217,4085
CCGACAAAGGGAGTGC-1,0,33,21,7162,4180
CCATGGCCCTTGTACC-1,0,32,22,7108,4084
GAAATATCACCATCAG-1,0,33,23,7053,4179
ACGAAATGGGCGGCAC-1,0,32,24,6999,4084
GTGAGCGTGCTGCACT-1,0,33,25,6943,4179
CCGCGGGTACGAAGAA-1,0,32,26,6889,4083
TCCCTGGCTCGCTGGA-1,0,33,27,6834,4178
CAGCTTAGTAGGTAGC-1,0,32,28,6780,4083
CACGAAAGTTAGTCCC-1,0,33,29,6725,4178
ACCTAATCGACTTCCT-1,0,32,30,6670,4082
AAGTAGTGACGCGAGG-1,0,33,31,6615,4177
TCCGATTACATTGCCG-1,0,32,32,6561,4082
CCTCCGACAATTCAAG-1,0,33,33,6506,4176
GTTCACAGGAGTCTAG-1,0,32,34,6452,4081
CGAAGTTGCTCTGTGT-1,0,33,35,6396,4176
GTCGGATATCTCAGAC-1,0,32,36,6342,4080
CGCTCTCCGTAGATTA-1,0,33,37,6287,4175
CAAGCAACGTCGGAGT-1,0,32,38,6233,4080
CCATTCCCTGCCCACA-1,0,33,39,6178,4175
CTTTGGCTTTAGTAAA-1,0,32,40,6123,4079
GGCTATTAAGTTGTAT-1,0,33,41,6068,4174
CCATTAGCGATAATCC-1,0,32,42,6014,4079
TGTTCTTCCATTGACT-1,0,33,43,5959,4174
AGATAACTTCAGGGCC-1,0,32,44,5905,4078
ATAGACGAAGAGAAAG-1,0,33,45,5850,4173
GGCGGAGTAATATTAG-1,0,32,46,5795,4078
TGACCCACGTTAGACA-1,1,33,47,5740,4172
TCACAGGTTATTGGGC-1,1,32,48,5686,4077
TCACGCATTGTAGATC-1,1,33,49,5631,4172
TTGAAGAATTCCCAGG-1,1,32,50,5577,4076
AAATGGTCAATGTGCC-1,1,33,51,5521,4171
TAGTGCCCTCCAGAGT-1,1,32,52,5467,4076
GGTATTGCCGAGTTTA-1,1,33,53,5412,4171
CGTATTAAGAGATCTA-1,1,32,54,5358,4075
ACTGTCCAGGATTATA-1,1,33,55,5303,4170
CGGGCAGCTAAACCGC-1,1,32,56,5248,4075
TTGCTGATCATGTTCG-1,1,33,57,5193,4170
TATGGGTACGTATCGT-1,1,32,58,5139,4074
CAGCTCACTGAGACAT-1,1,33,59,5084,4169
GGGACTGCATAGATAG-1,1,32,60,5030,4074
ACGCATTCGTGAGTAC-1,1,33,61,4974,4169
CTCTGGACGCCTGGTG-1,1,32,62,4920,4073
AGGGTTTAGTTCGGGA-1,1,33,63,4865,4168
GGGAGAACTCACAGTA-1,1,32,64,4811,4072
ATCAATCTGGGCTGCA-1,1,33,65,4756,4167
TCTTCGATACCAATAA-1,1,32,66,4701,4072
ACGTAGATTGCTGATG-1,1,33,67,4646,4167
TCTTGATGCGTAGCGA-1,1,32,68,4592,4071
GGGCTGCCTAGGGCGA-1,1,33,69,4537,4166
CTCTCACAATCGATGA-1,1,32,70,4483,4071
CCAAGCGTAACTCGTA-1,1,33,71,4427,4166
ACAACAGCATGAGCTA-1,1,32,72,4373,4070
GTCCCAACGTAAAGTA-1,1,33,73,4318,4165
TCGGAGTACATGAGTA-1,1,32,74,4264,4070
GGGAGTTAATGAGGCG-1,1,33,75,4209,4165
CCGGGCGGTCTCGTCA-1,1,32,76,4154,4069
CCGTAAGTTGGTCCCA-1,1,33,77,4099,4164
GGAGGGCTTGGTTGGC-1,1,32,78,4045,4069
TCGGACGCCCAGCCCA-1,1,33,79,3990,4163
TCTGTGCCATCATAGT-1,1,32,80,3936,4068
GTACTGGAGTTAGACC-1,1,33,81,3880,4163
GGAATGCGCTAGCGTG-1,1,32,82,3826,4067
GTGTGAATAACTTAGG-1,0,33,83,3771,4162
GGTCGGCCAGGAGCTT-1,0,32,84,3717,4067
TAGCCGGCGGTCAGCG-1,0,33,85,3662,4162
CGGGTGTACCCATTTA-1,0,32,86,3607,4066
AGTGATTCAAGCAGGA-1,0,33,87,3552,4161
GTTGGATTGAGAACAC-1,0,32,88,3498,4066
CACACGCGCTGTCTTA-1,0,33,89,3443,4161
TAGACGCCCGTACCGG-1,0,32,90,3389,4065
GGTTTCAATCGGTCAG-1,0,33,91,3333,4160
AATCTGCGTTGGGACG-1,0,32,92,3279,4065
TTACGGATGGTTCGAG-1,0,33,93,3224,4159
CGGCAGGGTCGGGTTG-1,0,32,94,3170,4064
GCTTTCAGAGGAGGTG-1,0,33,95,3115,4159
TCTTCCCATGGGCACA-1,0,32,96,3060,4063
TACCGCGGACTTGCAG-1,0,33,97,3005,4158
AGAATTATGGATTCGA-1,0,32,98,2951,4063
ATTGATGAGTCCTAAC-1,0,33,99,2896,4158
TAGGTCGCCGGAACTG-1,0,32,100,2842,4062
TAACCTACCGTCCGAG-1,0,33,101,2786,4157
CTTAGTAGGCCTACAG-1,0,32,102,2732,4062
CTAGATGTGAGTGTAA-1,0,33,103,2677,4157
ACTCCCGAATTCGTTT-1,0,32,104,2623,4061
GTTCATCGTTTGGCTG-1,0,33,105,2568,4156
ACTTTACCCTCATGAA-1,0,32,106,2513,4061
GCGAGAGTTGCGTCCA-1,0,33,107,2458,4156
GTTCGGGCGTACCATT-1,0,32,108,2404,4060
CGACTTTGTATAGCCT-1,0,33,109,2349,4155
GCCATCGATGCTGCAT-1,0,32,110,2295,4060
GCATTTCCAAGGCTCC-1,0,33,111,2239,4154
ATGTAAGGCTGCTCTT-1,0,32,112,2185,4059
ACGTTCGCAATCAATT-1,0,33,113,2130,4154
GTGACGAGGGTGACCC-1,0,32,114,2076,4058
ATTATAGCTACTTTAC-1,0,33,115,2021,4153
CGTGTGTTAAACCCTG-1,0,32,116,1966,4058
TTGGTATGGCTTGTGT-1,0,33,117,1911,4153
CATTCCCATTCCGTCG-1,0,32,118,1857,4057
TGCCGAAAGCGTATTC-1,0,33,119,1802,4152
CAACACATCTCCTGCC-1,0,32,120,1748,4057
CTGCCTCATATGCAAC-1,0,33,121,1693,4152
TCCCGCCTATGTGCGT-1,0,32,122,1638,4056
GGTTACCCGACACTTT-1,0,33,123,1583,4151
CCAGCGGGATCACCAG-1,0,32,124,1529,4056
ATGTTTCGGCCCGGAG-1,0,33,125,1474,4150
GCGTCTAACCTCCTAA-1,0,32,126,1420,4055
ATCAGGTAGCTGACAG-1,0,33,127,1364,4150
GGTATGAAAGAACTGA-1,1,34,0,8310,4281
GTGGCCTAATATCATT-1,1,35,1,8255,4376
CCTGTGAAACCGTAAC-1,1,34,2,8201,4280
GGCAGAGAGATCGGGA-1,1,35,3,8146,4375
TAGCGTCGAATATTGA-1,1,34,4,8092,4280
CGCCGACTATTCGCTA-1,1,35,5,8036,4375
TCTGGCGCAAGCCGGG-1,1,34,6,7982,4279
AGTGGTTGCGTATAGG-1,1,35,7,7927,4374
ATCGGTTACCTAGTAA-1,1,34,8,7873,4279
CCTGCCCGTTGTCTAG-1,1,35,9,7818,4374
GCACACGCCCATGGTC-1,1,34,10,7763,4278
AGTACGGCCCGTATCG-1,1,35,11,7708,4373
TATCTAGCCTAAAGGA-1,1,34,12,7654,4278
CACTCGGTTAGGAGGA-1,1,35,13,7599,4372
ATGTTCGTCGACCCAC-1,1,34,14,7545,4277
TTCCTCTGCCCGAATA-1,0,35,15,7489,4372
TTACTATCGGCTTCTC-1,0,34,16,7435,4276
GCCGCATTAGTCCGGC-1,0,35,17,7380,4371
TAAGGGCTGGGAGAGG-1,0,34,18,7326,4276
TAAGCAGGCGACACGC-1,0,35,19,7271,4371
AGCACTACCGGCCTGT-1,0,34,20,7216,4275
GAAAGCCCTTTGGACC-1,0,35,21,7161,4370
GACCGACTGAAGCGTC-1,0,34,22,7107,4275
CGGTGAAGACTAAAGT-1,0,35,23,7052,4370
CCCTGCGCTACGCATA-1,0,34,24,6998,4274
TACTGGACAGCTCGGC-1,0,35,25,6942,4369
TTAGTAGGGCGGCGGG-1,0,34,26,6888,4274
GAGGCTATCAAAGTCG-1,0,35,27,6833,4368
TTACCATTGATTACCC-1,0,34,28,6779,4273
ATACCACGGGCAACTT-1,0,35,29,6724,4368
TGTCCTAAGTCACCGC-1,0,34,30,6669,4272
AGGTAGGTACAAAGCT-1,0,35,31,6614,4367
GGCATACAGGTAGCGG-1,0,34,32,6560,4272
TGTAGTGATCTATAAT-1,0,35,33,6505,4367
TCCCGGGTGTGCTGCT-1,0,34,34,6451,4271
TACGATGTTGATCATC-1,0,35,35,6395,4366
CCTCTCTCCCATCTAG-1,0,34,36,6341,4271
GCAGGACTATAGAATA-1,0,35,37,6286,4366
CTAGTGAAGGACAGGA-1,0,34,38,6232,4270
TACGAGAACTTCACGT-1,0,35,39,6177,4365
CGTTGTTTCAATTCCC-1,0,34,40,6123,4270
GCAAATATTACGCTTT-1,0,35,41,6067,4365
CCAATAGTGCCGTCGA-1,0,34,42,6013,4269
ATTGCTGCTCCTCCAT-1,0,35,43,5958,4364
GAGATCTGCTTGGCAT-1,0,34,44,5904,4268
GCCGAAATTCCTACGT-1,0,35,45,5849,4363
GGCACTCCACTGGGCA-1,0,34,46,5794,4268
GGGTCACCGTGACGGT-1,1,35,47,5739,4363
CACTTAATCAGACGGA-1,1,34,48,5685,4267
CGTTTCGCTCATTACA-1,1,35,49,5630,4362
ATAAAGGCTCGGTCGT-1,1,34,50,5576,4267
CACTAAAGTTGCCTAT-1,1,35,51,5520,4362
GTGCTCAAGTACTGTC-1,1,34,52,5466,4266
CCATGCCTGTTTAGTA-1,1,35,53,5411,4361
TCTAGTTATCAGAAGA-1,1,34,54,5357,4266
TTGTAATCCGTACTCG-1,1,35,55,5302,4361
TCCCAGCTTTAGTCTG-1,1,34,56,5247,4265
CTACGCACGGAGTACC-1,1,35,57,5192,4360
AAATTAACGGGTAGCT-1,1,34,58,5138,4265
CGGCCACGCACAAAGT-1,1,35,59,5083,4359
GAAGCGTGAGGAATTT-1,1,34,60,5029,4264
ATATCTTAGGGCCTTC-1,1,35,61,4973,4359
ACGCGGGCCAAGGACA-1,1,34,62,4919,4263
GCGAGTTCTGCAAAGA-1,1,35,63,4864,4358
TATTCGTGCCAGAATA-1,1,34,64,4810,4263
AGGGCTGCAGTTACAG-1,1,35,65,4755,4358
CTAGCATAGTATAATG-1,1,34,66,4700,4262
TAGGTTCGAGTTCGTC-1,1,35,67,4645,4357
GAATTATAGTGAAAGG-1,1,34,68,4591,4262
CTATCGGGTCTCAACA-1,1,35,69,4536,4357
GCGCTAATTGAATAGA-1,1,34,70,4482,4261
ATGCGACAGTCCCATT-1,1,35,71,4426,4356
GGTAGTGCTCGCACCA-1,1,34,72,4372,4261
AAGCTCGTGCCAAGTC-1,1,35,73,4317,4355
TATTCAATTCTAATCC-1,1,34,74,4263,4260
TTCAAAGTCTCTAGCC-1,1,35,75,4208,4355
TTGAATATGGACTTTC-1,1,34,76,4153,4259
AAGAGCTCTTTATCGG-1,0,35,77,4098,4354
TTACTCCGGCCGGGAA-1,1,34,78,4044,4259
AAACGAGACGGTTGAT-1,0,35,79,3989,4354
GCTAAGTAGTTTCTCT-1,1,34,80,3935,4258
ATAACGCCGGAGGGTC-1,0,35,81,3879,4353
GGATCCGGAATATACT-1,0,34,82,3825,4258
TGAAAGGACCTGACTC-1,0,35,83,3770,4353
TCCGCGGCAGCATCTG-1,0,34,84,3716,4257
TGCATATGTCTGTCAC-1,0,35,85,3661,4352
TGTAGGAGAAATTTCC-1,0,34,86,3606,4257
AGTGAGACTTCCAGTA-1,0,35,87,3551,4352
CCCAAACATGCTGCTC-1,0,34,88,3497,4256
GCTTATGAAGCAGGAA-1,0,35,89,3442,4351
TTCTAACCGAAGCTTA-1,0,34,90,3388,4256
GGATGTCCTTACCGCA-1,0,35,91,3332,4350
AGGGTGCTCTCGAGGG-1,0,34,92,3278,4255
AACTCTCAATAGAGCG-1,0,35,93,3223,4350
TCTGAATTCCGTACAA-1,0,34,94,3169,4254
GCGTGGTACTGGGTTA-1,0,35,95,3114,4349
CGTCGGATAGTGTTGA-1,0,34,96,3059,4254
ATATGTCTCCCTAGCC-1,0,35,97,3004,4349
TCTTTAAGACTATGAA-1,0,34,98,2950,4253
TCATTTAAGTCTCCGA-1,0,35,99,2895,4348
GATATTGAGATTGGCG-1,0,34,100,2841,4253
TGACATCGAGCGGACC-1,0,35,101,2785,4348
GCGTAAATGGCCATAA-1,0,34,102,2731,4252
ATTGTACAACTCGGCT-1,0,35,103,2676,4347
TACGCTATAGAAACCT-1,0,34,104,2622,4252
CACCCAAATCTTATGT-1,0,35,105,2567,4346
AGATGATGGAGTCTGG-1,0,34,106,2512,4251
CCACGGTGCCCGGTAG-1,0,35,107,2457,4346
TCAAGAAATACTAGCT-1,0,34,108,2403,4250
AGGTATAATTGATAGT-1,0,35,109,2348,4345
CAAGGTCCTATAGGCT-1,0,34,110,2294,4250
CCGGCACGACCGTTTC-1,0,35,111,2239,4345
ACCTCCGTTATTCACC-1,0,34,112,2184,4249
GCAGCCTATATCACAT-1,0,35,113,2129,4344
GGTATAGTGACACATA-1,0,34,114,2075,4249
AAATTCCAGGTCCAAA-1,0,35,115,2020,4344
TCTTTAGCAGGCGAAC-1,0,34,116,1966,4248
TATTGACATTTCTGCC-1,0,35,117,1910,4343
TCTGATCGGGTGCTAG-1,0,34,118,1856,4248
GGCCCGGAGCATGTCT-1,0,35,119,1801,4342
GGGCGCAGCGTTACTC-1,0,34,120,1747,4247
TTGGCGATCCGAATAT-1,0,35,121,1692,4342
CCACGTAAATTAGACT-1,0,34,122,1637,4246
TCTGATTGGAAATGGA-1,0,35,123,1582,4341
ATGGCGGAATAGTCGC-1,0,34,124,1528,4246
ATCGCTTTACGTCTCA-1,0,35,125,1473,4341
TACGTGCAAGGTTCCT-1,0,34,126,1419,4245
CAGGACAGCTGCCCTT-1,0,35,127,1363,4340
CAAACCAGGTCTGCAT-1,1,36,0,8309,4471
ACAAGCTATATGGAAG-1,1,37,1,8254,4566
TCGCCCACTGCGAGAG-1,1,36,2,8200,4471
AGCCGCAAATTCAAAT-1,1,37,3,8145,4566
TTAACGTTAAAGCCTG-1,1,36,4,8091,4470
CAGCGCCAACACGATA-1,1,37,5,8035,4565
ATCCAATGGTACCGAA-1,1,36,6,7981,4470
GTGCTGCAGATAAGGA-1,1,37,7,7926,4564
GGCCTTTGCAACTGGC-1,1,36,8,7872,4469
GTCGTACCTACGATTG-1,1,37,9,7817,4564
TAGAAATTCACGTATA-1,1,36,10,7762,4468
AGAATAAATCTTCAGG-1,1,37,11,7707,4563
CATTGCGAAATGGGCG-1,1,36,12,7653,4468
GTCTACTCAATTACAA-1,1,37,13,7598,4563
TGTAATGACCACAATA-1,1,36,14,7544,4467
AAAGTCGACCCTCAGT-1,1,37,15,7488,4562
TACTCGGCACGCCGGG-1,1,36,16,7434,4467
AGGTGTATCGCCATGA-1,1,37,17,7379,4562
TGTGCTTTACGTAAGA-1,1,36,18,7325,4466
AAACCTCATGAAGTTG-1,1,37,19,7270,4561
TATAGGGTACTCATGA-1,0,36,20,7215,4466
CCAGCTGATGGTACTT-1,0,37,21,7160,4561
AATATTGGAGTATTGA-1,0,36,22,7106,4465
GGCCCTCACCCACTTA-1,0,37,23,7051,4560
AACCAAGACTTCTCTG-1,0,36,24,6997,4464
TCGTATTACCCATTGC-1,0,37,25,6941,4559
ATTCGACGCCGGGCCT-1,0,36,26,6887,4464
GGCGCAGGACATCTTC-1,0,37,27,6832,4559
GTACTCCCTTATCGCT-1,0,36,28,6778,4463
TGGTCTGTTGGGCGTA-1,0,37,29,6723,4558
AATAACAACGCTCGGC-1,0,36,30,6668,4463
CATACCCGTACCCAGT-1,0,37,31,6613,4558
ACAATCCATTTAAACC-1,0,36,32,6559,4462
GTTACAATTGGTGACG-1,0,37,33,6504,4557
TTGCCCTGATCACGGG-1,0,36,34,6450,4462
CTAACCGCGCGCCCGT-1,0,37,35,6395,4557
CTAAAGAATGCCTACT-1,0,36,36,6340,4461
ACCCATCTTGAGGGTA-1,0,37,37,6285,4556
GATCTTTGCAGGGTAT-1,0,36,38,6231,4461
GGGTACTTCATGAACT-1,0,37,39,6176,4555
GCCGCTTGTGAGAAAC-1,0,36,40,6122,4460
CCTGTAAGACATGATA-1,0,37,41,6066,4555
CGACAGTTCGCGTTAT-1,0,36,42,6012,4459
ACGATGCATATGTTAT-1,0,37,43,5957,4554
TGTTCCGCTTCCATGA-1,0,36,44,5903,4459
GGATGACGCGAGTTTA-1,0,37,45,5848,4554
GAAGTTTCCACTCAAT-1,0,36,46,5793,4458
GCGAGGCCCGAGCAGA-1,1,37,47,5738,4553
CATACTATGTAATTGT-1,1,36,48,5684,4458
CCAATGTCACAGCAAG-1,1,37,49,5629,4553
GTTGGATTTGCGTTGG-1,1,36,50,5575,4457
GGGAGGATGCCCGAAA-1,1,37,51,5519,4552
GATCGCGGGCTCTCCA-1,1,36,52,5465,4457
GTTCGCCATAAGTGCC-1,1,37,53,5410,4551
AGATTATAGGACGTTT-1,1,36,54,5356,4456
TCGAGACCAACACCGT-1,1,37,55,5301,4551
TATGGGACCGAGCAGG-1,1,36,56,5246,4455
GATGCGTCCTGCATTC-1,1,37,57,5191,4550
TATGGTCTGAGTAACA-1,1,36,58,5137,4455
GCATAGAGCACTCAGG-1,1,37,59,5082,4550
CTTCATTGTCAGTGGA-1,1,36,60,5028,4454
GCAGATTAGGGATATC-1,1,37,61,4972,4549
CCTGTCGCCCGTAAAT-1,1,36,62,4918,4454
CAATTTCGTATAAGGG-1,1,37,63,4863,4549
GTACACTTACCTGAAG-1,1,36,64,4809,4453
CCAGCCTGGACCAATA-1,1,37,65,4754,4548
ATGGAGCAGGCCGTGA-1,1,36,66,4699,4453
GTCATTAGAGCGAACG-1,1,37,67,4644,4548
AAGACTGCAAGCTACT-1,1,36,68,4590,4452
CTAGTCACGTCTTAAG-1,1,37,69,4535,4547
ACTCTTGTATAGTAAC-1,1,36,70,4481,4451
ATTAGGCGATGCTTTC-1,1,37,71,4425,4546
TTCGGGACTAATCGCG-1,1,36,72,4371,4451
TGGACTGTTCGCTCAA-1,1,37,73,4316,4546
AACGTGCGAAAGTCTC-1,0,36,74,4262,4450
CCACCCAAGGAAAGTG-1,1,37,75,4207,4545
CCGCACAAAGACCAAC-1,0,36,76,4152,4450
GCGATTGTTAACGTTA-1,1,37,77,4097,4545
ACTCGTCAGTAATCCC-1,0,36,78,4043,4449
GGTGATAAGGAGCAGT-1,0,37,79,3988,4544
AAGAGGCATGGATCGC-1,0,36,80,3934,4449
CACGTTCGTGCTCTAG-1,0,37,81,3878,4544
CTATTTGGTTACGGAT-1,0,36,82,3824,4448
GTACAGAGGCAAGGGT-1,0,37,83,3769,4543
GGGCCGGCCGAAGTAC-1,0,36,84,3715,4448
CCTGAACGATATATTC-1,0,37,85,3660,4542
CCGGGCTGCTCCATAC-1,0,36,86,3605,4447
TACTTGTTAGTAGTCC-1,0,37,87,3550,4542
CCTAGGCGTAGCGATC-1,0,36,88,3496,4446
CTGGCGCACAGGTCTG-1,0,37,89,3441,4541
ACTTATACTTACCCGG-1,0,36,90,3387,4446
GAAGTCTCCCTAGCGA-1,0,37,91,3331,4541
ACCGATGGTAGCATCG-1,0,36,92,3277,4445
CGAGTTTATCGGACTG-1,0,37,93,3222,4540
CATAACGGACAGTCGT-1,0,36,94,3168,4445
TGACGATGCACTAGAA-1,0,37,95,3113,4540
TAGGGAGCTTGGGATG-1,0,36,96,3058,4444
AGGGTCGATGCGAACT-1,0,37,97,3003,4539
TATATCCCTGGGAGGA-1,0,36,98,2949,4444
CATCTTACACCACCTC-1,0,37,99,2894,4538
GTGCGACAGGGAGTGT-1,0,36,100,2840,4443
CCGATCTCAACCTTAT-1,0,37,101,2784,4538
ACGATCATCTTGTAAA-1,0,36,102,2730,4442
GAAAGAACAGCGTTAT-1,0,37,103,2675,4537
CTAGGTCTGAAGGAAT-1,0,36,104,2621,4442
ATATCAACCTACAGAG-1,0,37,105,2566,4537
AAATAGCTTAGACTTT-1,0,36,106,2512,4441
GCGACATGTAAACATC-1,0,37,107,2456,4536
ATAAGTAGGGCGACTC-1,0,36,108,2402,4441
GCGAGCGCATGCTCCC-1,0,37,109,2347,4536
AGGGACCGGCTGCGTT-1,0,36,110,2293,4440
CCTATGAAGTGGTGCC-1,0,37,111,2238,4535
GCTTACGTAGTTAGTA-1,0,36,112,2183,4440
CATACTTAGGCAATAC-1,0,37,113,2128,4535
CCTGTCCCTCACGTTA-1,0,36,114,2074,4439
CAATGTGCCAACCCTT-1,0,37,115,2019,4534
GTTAAGTTAGAGTGGG-1,0,36,116,1965,4439
CTGGGATACGCTACCC-1,0,37,117,1909,4533
AACCTGTCACGGAATT-1,0,36,118,1855,4438
ACTGCGGACACACCGT-1,0,37,119,1800,4533
CCGTGAGGCATTCATG-1,0,36,120,1746,4437
GCCCAGATGCTGGAGA-1,0,37,121,1691,4532
TCTGGCCGTTCAAGTT-1,0,36,122,1636,4437
ATACGAAGGCTTTCCA-1,0,37,123,1581,4532
GATCCGAATATAAGTG-1,0,36,124,1527,4436
GTGGAGCATGTCGGCC-1,0,37,125,1472,4531
ACTCTTCAGCTCCCGC-1,0,36,126,1418,4436
CCCGATAGCCTCGCCT-1,0,37,127,1362,4531
ACAGGTGTGTTGTTGC-1,1,38,0,8308,4662
TGAACTGCTATGACTT-1,1,39,1,8253,4756
TGACATATATGACGAT-1,1,38,2,8199,4661
AAGTCTTCTGTGGCCT-1,1,39,3,8144,4756
ACCAGACCATAACAAC-1,1,38,4,8090,4660
TGAGACGTACCTCTCA-1,1,39,5,8034,4755
GACCGTTACATGCGAC-1,1,38,6,7980,4660
GGTTCGGATTATACTA-1,1,39,7,7925,4755
CCTCCTGAGCCCACAT-1,1,38,8,7871,4659
CCGCGATTTGGTAGGT-1,1,39,9,7816,4754
AATCTCTACTGTGGTT-1,1,38,10,7761,4659
ACTTTGACTGCATCCT-1,1,39,11,7706,4754
CCCTGACTAACAAATT-1,1,38,12,7652,4658
ACGCTGTGAGGCGTAG-1,1,39,13,7597,4753
GCATACGAGGTCTTTA-1,1,38,14,7543,4658
TCGGGATTCAAACATA-1,1,39,15,7487,4753
GGGCCCTACGAAAGGG-1,1,38,16,7433,4657
CGCCAAGAAGCCGAGT-1,1,39,17,7378,4752
GGTACATCTGGGACGA-1,1,38,18,7324,4657
GGATGCTGGCGTTCCT-1,1,39,19,7269,4751
CCGATTCGAGGGACCC-1,1,38,20,7214,4656
CCACTGGTGGCTGGTT-1,1,39,21,7159,4751
GACAGGCACACACTAT-1,0,38,22,7105,4655
TCAACGCGACCGGCAG-1,0,39,23,7050,4750
CTACGACTAGCTATAA-1,0,38,24,6996,4655
CGGTTGACCTGGCATA-1,0,39,25,6941,4750
ATCCTGAATCGCTGCG-1,0,38,26,6886,4654
GTTTCATATCGTCGCT-1,0,39,27,6831,4749
ATAAATATTAGCAGCT-1,0,38,28,6777,4654
AAGAGGATGTACGCGA-1,0,39,29,6722,4749
TCCTGCGTTGATACTC-1,0,38,30,6668,4653
CGTGCATTGTCGACGC-1,0,39,31,6612,4748
CCGGGTTCGAGGTTAC-1,0,38,32,6558,4653
CCCAATTTCACAACTT-1,0,39,33,6503,4747
TGATTTATTAGCTGTG-1,0,38,34,6449,4652
TGGAAGAAGGGAACGT-1,0,39,35,6394,4747
GACGCTTGCTTCTAAA-1,0,38,36,6339,4651
GGGAACGGGAGGTTAG-1,0,39,37,6284,4746
GCGGCTCTGACGTACC-1,0,38,38,6230,4651
ACGTTAGATTTGCCCG-1,0,39,39,6175,4746
GAGAGGGCGCGAGGTT-1,0,38,40,6121,4650
GCGTCTCTGCATTGGG-1,0,39,41,6065,4745
GCAGCACACAGCCCAG-1,0,38,42,6011,4650
CAGGCCGTTTGGGTGT-1,0,39,43,5956,4745
AACTCAAGTTAATTGC-1,0,38,44,5902,4649
CTTCGTAGATAGGTGA-1,0,39,45,5847,4744
TGCAGAGTACCGAGCA-1,0,38,46,5792,4649
GAAGTGATTTATCGTG-1,1,39,47,5737,4744
CGCTACGGGACATTTA-1,1,38,48,5683,4648
CCACACTGAGATATTA-1,1,39,49,5628,4743
CGATCCGACCCAGTGC-1,1,38,50,5574,4647
CTGTACTTCTTAGCAT-1,1,39,51,5518,4742
ACTTATTAGGATCGGT-1,1,38,52,5464,4647
TAGTCCGCAGAGAATG-1,1,39,53,5409,4742
TTCACGAAAGGATCAC-1,1,38,54,5355,4646
TACATTTCTAACGTGC-1,1,39,55,5300,4741
ACCATATCCGCAATAA-1,1,38,56,5245,4646
CACTCAAGAGCTATGG-1,1,39,57,5190,4741
TGTACGAACAAATCCG-1,1,38,58,5136,4645
ATCATCCAATATTTGT-1,1,39,59,5081,4740
CGCTATTCTTAGGCTC-1,1,38,60,5027,4645
TGGCAGCAGTAATAGT-1,1,39,61,4971,4740
TCACGTGCCCGATTCA-1,1,38,62,4917,4644
CATACGGCGTCTGGGC-1,1,39,63,4862,4739
CACATGATTCAGCAAC-1,1,38,64,4808,4644
GCTAGTAGAGCTTGTA-1,1,39,65,4753,4738
TGCTGTTGAAGAACTC-1,1,38,66,4698,4643
CGGAGCATGGCGATCC-1,1,39,67,4643,4738
TAGCGTTGGGTCTTAC-1,1,38,68,4589,4642
GTAGCGGCTATACACT-1,1,39,69,4534,4737
TAACATACAATGTGGG-1,1,38,70,4480,4642
TCTTCGAATAGACGTT-1,0,39,71,4424,4737
GATCGTGACTGATATC-1,1,38,72,4370,4641
GATCCGGGAATTAACA-1,0,39,73,4315,4736
TTATATACGCTGTCAC-1,1,38,74,4261,4641
GTCGCGTAACCCGTTG-1,0,39,75,4206,4736
AGCTCTAGACGTTCCA-1,1,38,76,4151,4640
GTCAAGCGGACTCGGG-1,0,39,77,4096,4735
CGAGGGACTGCGGTCG-1,0,38,78,4042,4640
AATCGCCTCAGCGCCA-1,0,39,79,3987,4734
CTTGTTGCTGAGTCAA-1,0,38,80,3933,4639
GATATGAGACACTAAC-1,0,39,81,3877,4734
TTATGATCTTAACGAA-1,0,38,82,3823,4638
CGCCGCCCATGCCTGT-1,0,39,83,3768,4733
CTGGGATAAATAATGG-1,0,38,84,3714,4638
GTGCCCGTTCGGATTC-1,0,39,85,3659,4733
TTCAATACTCTGAATC-1,0,38,86,3604,4637
CGCACATGTCCACTAC-1,0,39,87,3549,4732
AGAAGAGCGCCGTTCC-1,0,38,88,3495,4637
GATAACTCGCACTGTG-1,0,39,89,3440,4732
AGTCGACGGTCTCAAG-1,0,38,90,3386,4636
GTGACCGCACACTACG-1,0,39,91,3330,4731
GTATGTGGGTCTAGTT-1,0,38,92,3276,4636
CTTGAGTTAGGGTAAT-1,0,39,93,3221,4731
TTAGCTGATTTGCCGT-1,0,38,94,3167,4635
GCTGTTGCTACCGAAC-1,0,39,95,3112,4730
TATTACCATCCTGCTT-1,0,38,96,3057,4635
TTGAATTCACGTGAGG-1,0,39,97,3002,4729
CCATCTCACCAGTGAA-1,0,38,98,2948,4634
CGCACGTGCGCTATCA-1,0,39,99,2893,4729
ACCCGGATGACGCATC-1,0,38,100,2839,4633
CGCTAGAGACCGCTGC-1,0,39,101,2784,4728
ATAGTTCCACCCACTC-1,0,38,102,2729,4633
GCAGACCCAGCACGTA-1,0,39,103,2674,4728
TAGACTACCTAGCGTT-1,0,38,104,2620,4632
GGTTCTACTCGTCTGA-1,0,39,105,2565,4727
GACTCACCCACGTGAG-1,0,38,106,2511,4632
AGCTCTTCGTAACCTT-1,0,39,107,2455,4727
ACTATCCAGGGCATGG-1,0,38,108,2401,4631
AAGGATCGATCGCTTG-1,0,39,109,2346,4726
ATATCGGTAGGGAGAT-1,0,38,110,2292,4631
TTCCAGACGAGATTTA-1,0,39,111,2237,4725
GACCGACGTGAAAGCA-1,0,38,112,2182,4630
CCTGGAAACGTTCTGC-1,0,39,113,2127,4725
CCGGTAATGGCTAGTC-1,0,38,114,2073,4629
GCCGTGGAAGAAATGT-1,0,39,115,2018,4724
GTCTTGAGGAGCAGTG-1,0,38,116,1964,4629
TCCCAAAGCCCTAAAT-1,0,39,117,1908,4724
TTGAGCGCCACGTGAT-1,0,38,118,1854,4628
TTGAGTCCCGCTGCTG-1,0,39,119,1799,4723
ATGGAACCTTTGCACA-1,0,38,120,1745,4628
GCTAGCACCTGGGCCA-1,0,39,121,1690,4723
CGCCGTCTACCCATCG-1,0,38,122,1635,4627
GATAGGTGTCCCGGGC-1,0,39,123,1580,4722
AGGTATGCGGACATTA-1,0,38,124,1526,4627
TTGGTTCGCTCAAAGG-1,0,39,125,1471,4721
TCTGGAGCGTAAGAGT-1,0,38,126,1417,4626
TGCCTAAATTTAATAG-1,0,39,127,1361,4721
TAATTTCCGTCCAGTA-1,1,40,0,8307,4852
TCCTTCAATCCCTACG-1,1,41,1,8252,4947
TACCTATCCCTAGAGG-1,1,40,2,8198,4851
GCATGGGTACTGACGC-1,1,41,3,8143,4946
GTCGGGAACATGGTAG-1,1,40,4,8089,4851
GCAAATGAGGACACTT-1,1,41,5,8033,4946
GAATGGGCTTATCGAC-1,1,40,6,7979,4850
TGGTCGTGCAAGGCAA-1,1,41,7,7924,4945
CACCACGCCACACAGA-1,1,40,8,7870,4850
GAACCTCGACCTACAC-1,1,41,9,7815,4945
CAATACGCTCTGAGGC-1,1,40,10,7760,4849
TGGTAAGCAGGATTGA-1,1,41,11,7705,4944
AGTGGCTCCGTCGGCC-1,1,40,12,7651,4849
GATCGGATAGAACCAT-1,1,41,13,7596,4943
GCTACAGTACGGACCG-1,1,40,14,7542,4848
TCTATTACTAGAGGAT-1,1,41,15,7486,4943
TTCAGGCGTCAAAGCC-1,1,40,16,7432,4847
AGACCGGGAAACCCTG-1,1,41,17,7377,4942
AGAGATCTCTAAAGCG-1,1,40,18,7323,4847
CCCTGCCCAATCCGCT-1,1,41,19,7268,4942
GTGGCGGTCCCAGCGT-1,1,40,20,7214,4846
GCATTGTAATTCATAT-1,1,41,21,7158,4941
CCGTTCCGAATCTCGG-1,1,40,22,7104,4846
AGCTTGATCTTAACTT-1,1,41,23,7049,4941
CCTGTACTCACGCCCA-1,0,40,24,6995,4845
AAGTGACGACCGAATT-1,0,41,25,6940,4940
CTCACTTGGCTGGTAA-1,0,40,26,6885,4845
CGCCTGGCCTACGTAA-1,0,41,27,6830,4940
CCCGTAAGTCTAGGCC-1,0,40,28,6776,4844
TTGGACATGTGGCTTA-1,0,41,29,6721,4939
ATTACGCGCTGGCAGG-1,0,40,30,6667,4843
ACGCGCTACACAGGGT-1,0,41,31,6611,4938
TACGTTTACCGGCAAT-1,0,40,32,6557,4843
CGAAACGCAATTCATG-1,0,41,33,6502,4938
TAGTCTAACAACGAGA-1,0,40,34,6448,4842
TTGCATGCTGATCACG-1,0,41,35,6393,4937
TCTGGGTAGCGCTCAT-1,0,40,36,6338,4842
ACATCGGTCAGCCGCG-1,0,41,37,6283,4937
AGATACCGGTGTTCAC-1,0,40,38,6229,4841
GATTACTGAATTTGGG-1,0,41,39,6174,4936
TCCAACTTTAAATTCT-1,0,40,40,6120,4841
TCCTAGCAAAGAAGCT-1,0,41,41,6064,4936
GTCTATCTGAGTTTCT-1,0,40,42,6010,4840
GATGTTCAATCCACGA-1,0,41,43,5955,4935
AGTTAAACACTTGCGA-1,0,40,44,5901,4840
AGCTCTTTACTCAGTT-1,0,41,45,5846,4934
ATCCAGGATTCGTGAA-1,0,40,46,5791,4839
AGTCAACACCACCATC-1,1,41,47,5736,4934
CGATACCTCGCGGACA-1,1,40,48,5682,4838
TACAACGCACAACTCA-1,1,41,49,5627,4933
AATTAAAGGTCGGCGT-1,1,40,50,5573,4838
TACGCAGTTCTTTCCT-1,1,41,51,5517,4933
GACCGTGCTGACGGTG-1,1,40,52,5463,4837
GGCAAATTACTTTACT-1,1,41,53,5408,4932
GGTACAAACATGCTAT-1,1,40,54,5354,4837
CGGGCCTTCTTTGTAA-1,1,41,55,5299,4932
CGTGAAGTTAATTCAC-1,1,40,56,5244,4836
ATAGTGAAGCGTTCTC-1,1,41,57,5189,4931
TACGCCATATTCTAAT-1,1,40,58,5135,4836
GCCGGGTTAGGGTCGC-1,1,41,59,5080,4930
TACATAGGCATACACC-1,1,40,60,5026,4835
GCCGATTGGCCAAGCT-1,1,41,61,4970,4930
CTGCCATGCATCACAT-1,1,40,62,4916,4834
TTATGAATGAAAGGGA-1,1,41,63,4861,4929
GCTGAGGCGTGAGTAT-1,1,40,64,4807,4834
GCGCCGTTCCACGATA-1,0,41,65,4752,4929
CGCATGGTGCGATGCT-1,1,40,66,4697,4833
AGGTTTCACACACCTT-1,1,41,67,4642,4928
CAAGGATCGCATGTTC-1,1,40,68,4588,4833
ACGTTAATGTCGAAGA-1,0,41,69,4533,4928
TCCAGAGCACCGGTTC-1,0,40,70,4479,4832
GATTCGACGGTTCACG-1,0,41,71,4423,4927
GTTTCTGCAGTCTCCC-1,0,40,72,4369,4832
GCTGCACGGTTTCTTA-1,0,41,73,4314,4927
CGTGCAGACTGGGACA-1,0,40,74,4260,4831
GTGTTACTATGCGTCC-1,0,41,75,4205,4926
TCCTCGGGCTGGGCTT-1,0,40,76,4150,4830
GTGAGGACACTTAAGG-1,0,41,77,4095,4925
ATACGCCGGCGAAACC-1,0,40,78,4041,4830
TCTGCCAGAAACTGCA-1,0,41,79,3986,4925
TTCTGCGGGTTAGCGG-1,0,40,80,3932,4829
CTCGGTACCACTGCTC-1,0,41,81,3876,4924
GTAAGTAACAGTCTGG-1,0,40,82,3822,4829
GTGCGTGTATATGAGC-1,0,41,83,3767,4924
ATTTGTCTTGGGAGCT-1,0,40,84,3713,4828
CCTCGGACCGGGATAG-1,0,41,85,3658,4923
TAGGTGCTCGCCTAGC-1,0,40,86,3603,4828
CTTTAGGAACACTGTT-1,0,41,87,3548,4923
TCGGGCCGTCGTGGTA-1,0,40,88,3494,4827
AGTGCTTGCACGAATA-1,0,41,89,3439,4922
TGCAGTTTCCTCCCAT-1,0,40,90,3385,4827
TGAGAGATTTACCACG-1,0,41,91,3330,4921
GAAACAGATGACCACC-1,0,40,92,3275,4826
AGCAACATATCTTATT-1,0,41,93,3220,4921
CAAGTGTGGTTGCAAA-1,0,40,94,3166,4825
GCCTCATCTGGAAATA-1,0,41,95,3111,4920
AACCCTACTGTCAATA-1,0,40,96,3057,4825
ACGTATTACTCCGATC-1,0,41,97,3001,4920
TCTGGGAACCTTTGAA-1,0,40,98,2947,4824
GCTCGCTCATGTCCAA-1,0,41,99,2892,4919
GCGCAAGAGCGCGCTG-1,0,40,100,2838,4824
TTGACGCTCCATGAGC-1,0,41,101,2783,4919
TATAGATGGTCGCAGT-1,0,40,102,2728,4823
TTACATGCCACAACTA-1,0,41,103,2673,4918
ACATGGCGCCAAAGTA-1,0,40,104,2619,4823
TATGGTTAGTGGGAGA-1,0,41,105,2564,4917
CATGACTTCGCTGAAT-1,0,40,106,2510,4822
ACCACCAATGTAACAA-1,0,41,107,2454,4917
TCTTAGAGCTCCAATT-1,0,40,108,2400,4821
CCACGAATTTAACCTC-1,0,41,109,2345,4916
TTCTTGCTAGCATCTC-1,0,40,110,2291,4821
ACACCTTACTACTTGC-1,0,41,111,2236,4916
AGTCGGTTGCGTGAGA-1,0,40,112,2181,4820
ACCTACAGTATGTGGT-1,0,41,113,2126,4915
GAGGATAAACAGTGCT-1,0,40,114,2072,4820
TTCCGGTATCTGTGTC-1,0,41,115,2017,4915
GGAGGCCGAAGTCGTC-1,0,40,116,1963,4819
TTCGCTAGGAAGTTGT-1,0,41,117,1907,4914
TAAAGACAACCCTTTA-1,0,40,118,1853,4819
GTTGCGCTAACATTAC-1,0,41,119,1798,4914
GCTGAACTCTCCAGGG-1,0,40,120,1744,4818
AGCCCTGTCGCACCGT-1,0,41,121,1689,4913
AGCGCTAGAGCGATGT-1,0,40,122,1634,4818
TGCGCCGTTAATAACG-1,0,41,123,1579,4912
TGACAACGCATGTCGC-1,0,40,124,1525,4817
CGTCTTGAGTGTGACG-1,0,41,125,1470,4912
GATAGGATTAATTACA-1,0,40,126,1416,4816
GATACCGTGTCGGAGT-1,0,41,127,1360,4911
TGTGTCGAAGTCGAGG-1,1,42,0,8306,5042
GGATCAGAGCCATCAG-1,1,43,1,8251,5137
GTCCCAATCATCCCGC-1,1,42,2,8197,5042
TGCCACACTAGAGGAA-1,1,43,3,8142,5137
TGAATTTCACTTGCCT-1,1,42,4,8088,5041
CTCAGATTGTGATAAG-1,1,43,5,8032,5136
CGGACGTTACTTGAAG-1,1,42,6,7978,5041
CCGCCTTGCGATGTCG-1,1,43,7,7923,5135
CCAGTCAAATCTCTTA-1,1,42,8,7869,5040
AAACAGCTTTCAGAAG-1,1,43,9,7814,5135
TAGCTGATGTGAAGCG-1,1,42,10,7759,5039
CTTATGCGCTCAGGGC-1,1,43,11,7704,5134
TGGCTCTTGTCGCGTA-1,1,42,12,7650,5039
TTGTGAGGCATGACGC-1,1,43,13,7595,5134
CATAAGCTCTCCGTCT-1,1,42,14,7541,5038
CCTTCTCAGCGTTCCT-1,1,43,15,7486,5133
TGCAGCTACGTACTTC-1,1,42,16,7431,5038
CTCTACACTGGCGATT-1,1,43,17,7376,5133
TGCAGATCGTCCTAGG-1,1,42,18,7322,5037
TGCCAAAGTCAGACTT-1,1,43,19,7267,5132
ACAATAGTCGTACGTT-1,1,42,20,7213,5037
CATGCCAACTCGCAAA-1,1,43,21,7157,5132
TGCAGAACTATATCGT-1,1,42,22,7103,5036
TCGTGTCACGCTGACA-1,0,43,23,7048,5131
TGATCAGGGAACTGCT-1,0,42,24,6994,5036
CTTGCAACCGCCTCCT-1,0,43,25,6939,5130
AGCCCATACATGTAAG-1,0,42,26,6884,5035
ATCCAATGGAGGGTCC-1,0,43,27,6829,5130
AAACCGGGTAGGTACC-1,0,42,28,6775,5034
GCAACCACGGCCGCGT-1,0,43,29,6720,5129
CGCTTATTCCCGGTCG-1,0,42,30,6666,5034
TTACTCTGGTACGTAC-1,0,43,31,6610,5129
GTGGTTTCCGCCTTTC-1,0,42,32,6556,5033
ATAGGCGGCTATAGAA-1,0,43,33,6501,5128
GTGCCATCACACGGTG-1,0,42,34,6447,5033
CCCAACATACGTCGCG-1,0,43,35,6392,5128
CGGTGCAGATAGAACG-1,0,42,36,6337,5032
GGGCGGGTTCCCTACG-1,0,43,37,6282,5127
TGAGCCATACAGTCTC-1,0,42,38,6228,5032
CTCCGCCCACATGAGG-1,0,43,39,6173,5126
GTTGAACCGGTTCCAT-1,0,42,40,6119,5031
TTGACTACCATATGGT-1,0,43,41,6063,5126
ACCATCGTATATGGTA-1,0,42,42,6009,5030
TGCGTAAGAACCTGAT-1,0,43,43,5954,5125
AGAAGGTTGCCGAATT-1,0,42,44,5900,5030
AGGACGACCCATTAGA-1,0,43,45,5845,5125
GGTGCTGGTACACATT-1,0,42,46,5790,5029
GCGCTATGCCGAGGCA-1,0,43,47,5735,5124
ACCCGGTTACACTTCC-1,1,42,48,5681,5029
TAACTCATCCGCGCGG-1,1,43,49,5626,5124
CACAATGAGCTGCTAT-1,1,42,50,5572,5028
GTTACTTTGGGCCTAG-1,1,43,51,5516,5123
GGGCCCGTCTTAAACA-1,1,42,52,5462,5028
GAAATTGTCTCTATAA-1,1,43,53,5407,5123
GGCGCATGAATTGATG-1,1,42,54,5353,5027
CATATAGGTACAGTCA-1,1,43,55,5298,5122
TCAACGAGGAGACAAA-1,1,42,56,5243,5026
TTGCACAATTCAGAAA-1,0,43,57,5188,5121
CATCGGACGGGTTAAT-1,1,42,58,5134,5026
ATTAAACATGCGGACC-1,0,43,59,5079,5121
TATCTACCACAGCGGG-1,0,42,60,5025,5025
CGAGACCCTAGAGTGT-1,0,43,61,4969,5120
ACATCGATCGTTTACC-1,0,42,62,4915,5025
ATCGACCCAATACAGA-1,0,43,63,4860,5120
GAATCTGAACATTCTC-1,0,42,64,4806,5024
AGTTCCTATTTATGTT-1,0,43,65,4751,5119
CAGTCTGTATACTGGG-1,0,42,66,4696,5024
GGAGACGACACCTTTG-1,0,43,67,4641,5119
CCTAAATTAACGGTTC-1,0,42,68,4587,5023
GCTACGACTTATTGGG-1,0,43,69,4532,5118
CTGTGCAGGGTAGGTC-1,0,42,70,4478,5023
ACGCCGCTAGACGACC-1,0,43,71,4422,5117
ACTTGACTCCCTCTTT-1,0,42,72,4368,5022
CGCCTCCCTCCTCTAT-1,0,43,73,4313,5117
CTAGATTTACGACGGC-1,0,42,74,4259,5021
GATGCTGTATTTCATC-1,0,43,75,4204,5116
TGCGTTTGTTGACACT-1,0,42,76,4149,5021
CGTGCCCTCCCGAAGA-1,0,43,77,4094,5116
ACTCTCTGACTTAGGT-1,0,42,78,4040,5020
CTGGGTAGGCAGTTAA-1,0,43,79,3985,5115
GTTTGGCCCAAGTTAT-1,0,42,80,3931,5020
GAATGTGGTCCGGATT-1,0,43,81,3875,5115
CCCAGTTAAGGCGCCG-1,0,42,82,3821,5019
CGGTACTAGAATCAAA-1,0,43,83,3766,5114
GCTTAATGTAACTAAC-1,0,42,84,3712,5019
AGGACAGTCGAATCCC-1,0,43,85,3657,5113
GACAGCCAGACCTGAC-1,0,42,86,3603,5018
GGCGAAATCTAACTTG-1,0,43,87,3547,5113
CTGGTAACACATAGAA-1,0,42,88,3493,5017
TAGCCATTTCAAAGTC-1,0,43,89,3438,5112
GGGATTTACCGCACCT-1,0,42,90,3384,5017
ATGCCATTTGCGACCA-1,0,43,91,3329,5112
GAATAGACGCGACCCA-1,0,42,92,3274,5016
TGTATGGCGCAGACAG-1,0,43,93,3219,5111
GGATGAAGATCGCTGA-1,0,42,94,3165,5016
CGACAATTTGATCTAA-1,0,43,95,3110,5111
AAAGTTGACTCCCGTA-1,0,42,96,3056,5015
CGCGGCTCAACTTGAA-1,0,43,97,3000,5110
CACGCGGAACTGTTGC-1,0,42,98,2946,5015
TCTTAGAGTGAACTCT-1,0,43,99,2891,5110
AGTCCATTGGCTGATG-1,0,42,100,2837,5014
TTAAGATAGGATTGAC-1,0,43,101,2782,5109
ACATCCTGGTAACTGT-1,0,42,102,2727,5013
CACCTTGGCGCCTTTG-1,0,43,103,2672,5108
GCTAGACCGTCTACTG-1,0,42,104,2618,5013
CGGCCCAGGTATATCC-1,0,43,105,2563,5108
GTCCATTACTGCTACG-1,0,42,106,2509,5012
GGGTTTAGGATAGGAT-1,0,43,107,2453,5107
TAATTAGGACATCCGT-1,0,42,108,2399,5012
GCTCCCAGTCGGTCCA-1,0,43,109,2344,5107
ATTCGTGCTATCTCTT-1,0,42,110,2290,5011
GTTAACTATGTTGTCA-1,0,43,111,2235,5106
GCTCCGCTCGCTTCAG-1,0,42,112,2180,5011
GCAACGGCTAGTTATG-1,0,43,113,2125,5106
AATCGCGCAGAGGACT-1,0,42,114,2071,5010
AGGTTACACCATGCCG-1,0,43,115,2016,5105
CGAGATTTCGCTCGGG-1,0,42,116,1962,5010
CGATAATACTCAGGTT-1,0,43,117,1906,5104
AAGGCAGGCTGTCTCC-1,0,42,118,1852,5009
GTAAGTCCACACTCTA-1,0,43,119,1797,5104
ATGAGGGCAGCGGCTA-1,0,42,120,1743,5008
GCCGCACTCCGTTTCA-1,0,43,121,1688,5103
GAGCACGGCGCCTCTT-1,0,42,122,1633,5008
ACAATTTGGCCATATT-1,0,43,123,1578,5103
CTGGTTCGCGAGCTAC-1,0,42,124,1524,5007
GACGGTCCTAGGGTGT-1,0,43,125,1469,5102
ACTCGCGATCTGACGC-1,0,42,126,1415,5007
GTGTACGAACCGTTCC-1,0,43,127,1359,5102
CTTTGACGTCGCTTCT-1,1,44,0,8305,5233
CGTTATCATACTTCCA-1,1,45,1,8250,5328
GCTATGCCAGCTTATG-1,1,44,2,8196,5232
CAGTCGGCCTAGATAT-1,1,45,3,8141,5327
CCCGTGAGGGCGGTGA-1,1,44,4,8087,5232
TCTCGTGTTACGAGGA-1,1,45,5,8032,5326
ACGTCTCGTTCCGGGA-1,1,44,6,7977,5231
CGAGAGCGCGTAGATA-1,1,45,7,7922,5326
GACAGATTTCTGGCTC-1,1,44,8,7868,5230
GGGCCTAAATGGGCTA-1,1,45,9,7813,5325
ACTTGTAGTCCCTTCA-1,1,44,10,7759,5230
CCCGAAGTTTCGCGAA-1,1,45,11,7703,5325
ACCATCCGCCAACTAG-1,1,44,12,7649,5229
TGCGAATATGGGATTT-1,1,45,13,7594,5324
TACATCCCTATCCCTG-1,1,44,14,7540,5229
GTGGGAAGACTGAATC-1,1,45,15,7485,5324
TCAACATCGACCGAGA-1,1,44,16,7430,5228
CTATGTGAGTCACGGC-1,1,45,17,7375,5323
CCGAACACTGGGCCTC-1,1,44,18,7321,5228
AAACTTGCAAACGTAT-1,0,45,19,7266,5322
AGGGCGAGCAGCTGAT-1,0,44,20,7212,5227
AACACGAGACGCGGCC-1,0,45,21,7156,5322
TGACGAATATTTCCCT-1,0,44,22,7102,5226
TCGGAGAGTATCGGGA-1,0,45,23,7047,5321
CAAATCTCTCACAAGG-1,0,44,24,6993,5226
AGGCCCTAGAACGCCA-1,0,45,25,6938,5321
TAGAGATCATGCAACT-1,0,44,26,6883,5225
TTGTTTCCATACAACT-1,0,45,27,6828,5320
GAGAGGTGCATTCTGG-1,0,44,28,6774,5225
GTGGACCAACCCGATT-1,0,45,29,6719,5320
CTGGGCCTGCTATATC-1,0,44,30,6665,5224
CATAGTCCACAAGAAC-1,0,45,31,6609,5319
TTGACATGAACGTGGA-1,0,44,32,6555,5224
GGTTACCACCCTCGGG-1,0,45,33,6500,5319
TACCGGTCGTTTCCAT-1,0,44,34,6446,5223
CGAGTACTAAAGAGGA-1,0,45,35,6391,5318
GCAAGAATTCCTTGGC-1,0,44,36,6336,5222
TCGCCGAAGTTGCGTC-1,0,45,37,6281,5317
TTGAGAGTACTGCTAA-1,0,44,38,6227,5222
GCCACAATTTAAGGAC-1,0,45,39,6172,5317
ATATTCAGTTAAACCT-1,0,44,40,6118,5221
TGAGTGCCTCTTAAAT-1,0,45,41,6062,5316
ATCAGACGGCACGCCG-1,0,44,42,6008,5221
GTGCGAAATCGAACAC-1,0,45,43,5953,5316
GTGCCGCTTCAAAGGT-1,0,44,44,5899,5220
GATACGATGGGAGTCA-1,0,45,45,5844,5315
GACACTGAGTTCAGTG-1,0,44,46,5789,5220
ATCCTGCGTGGAATGG-1,0,45,47,5734,5315
ATCCTACCTAAGCTCT-1,1,44,48,5680,5219
AGTGATATGAGTAGTT-1,1,45,49,5625,5314
ATGATGCAATGGTACA-1,1,44,50,5571,5219
GAAACCGAATTACCTT-1,1,45,51,5515,5313
AGTGACCTACTTTACG-1,1,44,52,5461,5218
CAAATGTCCTTCCGTG-1,1,45,53,5406,5313
TTACTGGGATATTTCA-1,1,44,54,5352,5217
CTTGCCCAGGCTCTAC-1,0,45,55,5297,5312
AAATCGTGTACCACAA-1,0,44,56,5242,5217
GTGATCATAGATCTGC-1,0,45,57,5187,5312
TGGCAGATTACGATCA-1,0,44,58,5133,5216
TCACCCTCTTAAGATT-1,0,45,59,5078,5311
CAGGATATATCGTTGT-1,0,44,60,5024,5216
CCTGACCACCGATGGT-1,0,45,61,4968,5311
CTAAAGGGAAATAGGA-1,0,44,62,4914,5215
CCGCTATCAGCACCAG-1,0,45,63,4859,5310
CTTTAGTGCTATTATT-1,0,44,64,4805,5215
CGGGAATTTATGTAAA-1,0,45,65,4750,5309
TACGACTGCCTCTTAG-1,0,44,66,4695,5214
AAACTGCTGGCTCCAA-1,0,45,67,4640,5309
GTACGTTTGCCCGTCA-1,0,44,68,4586,5213
GGCAAGGCGAAATAGC-1,0,45,69,4531,5308
GATCTTGGAGGGCATA-1,0,44,70,4477,5213
AGCGTGGTATTCTACT-1,0,45,71,4421,5308
CTAAGGGAATGATTGG-1,0,44,72,4367,5212
CATGGTAAGTAGCGTT-1,0,45,73,4312,5307
CGTTGAGCGACCGTCG-1,0,44,74,4258,5212
TGCCCGTACCGTTAAA-1,0,45,75,4203,5307
ACAAGGGCAGGCTCTG-1,0,44,76,4148,5211
GAGATCTTCCATGACA-1,0,45,77,4093,5306
AATGACGTAGGATGTC-1,0,44,78,4039,5211
GTGGTGGCCAAGTGAA-1,0,45,79,3984,5306
TCCCGTGTGCAATTTG-1,0,44,80,3930,5210
ACATCGTATGCAATGG-1,0,45,81,3875,5305
GCGAAACTTAACTGGA-1,0,44,82,3820,5209
AATTGAACGCTCTGGT-1,0,45,83,3765,5304
ACAAATGGTAGTGTTT-1,0,44,84,3711,5209
ATGGTCGCGTGGTTTC-1,0,45,85,3656,5304
TGTTATTGTATGTGGC-1,0,44,86,3602,5208
TTCCGGTTACCCACTT-1,0,45,87,3546,5303
GAGTGTGCGGTACCCA-1,0,44,88,3492,5208
CAAGATATTATAACGT-1,0,45,89,3437,5303
ACACACCAGGACCAGT-1,0,44,90,3383,5207
ATGGGCCTCGGCCTCT-1,0,45,91,3328,5302
AAGGTGATAAACCAGC-1,0,44,92,3273,5207
TCTTACTTATGCCTCT-1,0,45,93,3218,5302
AAAGTGTGATTTATCT-1,0,44,94,3164,5206
TGCTCCACAGTTCTTA-1,0,45,95,3109,5301
CTGGCTGATTCATCCT-1,0,44,96,3055,5206
TAAGGCTGAATCCCTC-1,0,45,97,2999,5300
TCTAGTGATATCGTGG-1,0,44,98,2945,5205
TCGAAGAACCGAGCAC-1,0,45,99,2890,5300
GACAAACATATGCAGG-1,0,44,100,2836,5204
AAGTCAATTGTCGTCA-1,0,45,101,2781,5299
AGTGAACAAACTTCTC-1,0,44,102,2726,5204
CATGATGGAAGTTAGC-1,0,45,103,2671,5299
AAGTGCCTTGACTGTA-1,0,44,104,2617,5203
ATCGCCAGTCAACATT-1,0,45,105,2562,5298
ACCGCGGTGGAAGTCG-1,0,44,106,2508,5203
TCTTCTATAACCCGCC-1,0,45,107,2452,5298
CACATTTCTTGTCAGA-1,0,44,108,2398,5202
TAGCGTCCCTCGATTG-1,0,45,109,2343,5297
GTTCGGATCGGGAACA-1,0,44,110,2289,5202
CAAACTCGCGACGCCG-1,0,45,111,2234,5296
GTCTTGTAGCTATTCA-1,0,44,112,2179,5201
TCTCGACGTATCGCCG-1,0,45,113,2124,5296
TTGCCAAGCAGAACCC-1,0,44,114,2070,5200
AAACCCGAACGAAATC-1,0,45,115,2015,5295
TTGAGCAGCCCACGGT-1,0,44,116,1961,5200
CGCCTTTAGCATGCTC-1,0,45,117,1905,5295
TGTGGCTCCCACCAAC-1,0,44,118,1851,5199
CCGCCGTTGAGGATAA-1,0,45,119,1796,5294
CAATACGAGAGTCTGA-1,0,44,120,1742,5199
CATCTAGTGAAGGGAA-1,0,45,121,1687,5294
GGTGGAGGTTGATACG-1,0,44,122,1632,5198
CCGCACACGAACGTGT-1,0,45,123,1577,5293
AGAACCCAGCGTGACA-1,0,44,124,1523,5198
GCGCTCGATCACCTGT-1,0,45,125,1468,5293
ATCATGGACTACCGAC-1,0,44,126,1414,5197
TACGCCGCCTCAGAAG-1,0,45,127,1358,5292
CGACCTACTAGACAAT-1,1,46,0,8304,5423
GAGTCTTGTAAAGGAC-1,1,47,1,8249,5518
AATATCCTAGCAAACT-1,1,46,2,8195,5422
CCCTAGGCAACAAGAG-1,1,47,3,8140,5517
ACAAAGAAGGTAGGCC-1,1,46,4,8086,5422
CCCTGGCTGTTCCTTC-1,1,47,5,8031,5517
TCGCCGCACCGCGTGA-1,1,46,6,7976,5421
TATAGCGCACGTTATC-1,1,47,7,7921,5516
TTATCTGACATTAGGA-1,1,46,8,7867,5421
AGTGGTGTTACCCGTG-1,1,47,9,7812,5516
GCCAAGAATACTTCTG-1,1,46,10,7758,5420
CCGGCGTGAGACTCTG-1,1,47,11,7702,5515
TTCCCGGCGCCAATAG-1,1,46,12,7648,5420
AAACAGGGTCTATATT-1,1,47,13,7593,5514
ACAGTAATACAACTTG-1,1,46,14,7539,5419
CGAACGGCCGGACAAC-1,1,47,15,7484,5514
GCAACACACTAGAACT-1,1,46,16,7429,5418
ACTCCCATTCCTAAAG-1,1,47,17,7374,5513
ACCTGCGTGTCATGTT-1,1,46,18,7320,5418
TACTTTCCGCACGCCA-1,1,47,19,7265,5513
AGGTCAGGTGAGAGTG-1,1,46,20,7211,5417
TCCTCCTAAGACATTC-1,0,47,21,7155,5512
ATGTGAAAGCCTAATG-1,0,46,22,7101,5417
AGTCGGCTCAACTTTA-1,0,47,23,7046,5512
CGATCTGTTGGAGGAC-1,0,46,24,6992,5416
ACGGGAGTGTCGGCCC-1,0,47,25,6937,5511
TTAACTTCAGGTAGGA-1,0,46,26,6882,5416
CCACGGAGCCATAAGA-1,0,47,27,6827,5511
CTTCTATGTTGAAGTA-1,0,46,28,6773,5415
CACCGTTGCGCGATAT-1,0,47,29,6718,5510
TCTAGCAATCTCCGCC-1,0,46,30,6664,5415
AGTTTGGCCAGACCTA-1,0,47,31,6608,5509
TTGTAAGGACCTAAGT-1,0,46,32,6554,5414
AAATTTGCGGGTGTGG-1,0,47,33,6499,5509
AAGTTCGGCCAACAGG-1,0,46,34,6445,5413
CCGCTTACCTCACTCT-1,0,47,35,6390,5508
ATCACGTGCTAATTAA-1,0,46,36,6335,5413
GGTGAAGTACAGGGAT-1,0,47,37,6280,5508
GCTGTATTACTGGCCC-1,0,46,38,6226,5412
AACGGCCATCTCCGGT-1,0,47,39,6171,5507
TAAGTAACATCTTGAC-1,0,46,40,6117,5412
TTCTTGAGCCGCGCTA-1,0,47,41,6061,5507
AGTGCGTAGCTCGTAA-1,0,46,42,6007,5411
GGGATGGTCGTAACCG-1,0,47,43,5952,5506
GTCTGGGCGGTCGAGA-1,0,46,44,5898,5411
CGGAACGTAAACATAG-1,0,47,45,5843,5505
TGCGACACCCTAGTGC-1,0,46,46,5788,5410
CAAACGAGTATCGCAG-1,0,47,47,5733,5505
TCAGTAGGGACTATAA-1,0,46,48,5679,5409
GCGGTTCCCTATCATG-1,0,47,49,5624,5504
GTGACTTCAGTAGTGC-1,0,46,50,5570,5409
CGTCACGTCCATTGGT-1,0,47,51,5514,5504
ATAAGTTACCGCGACG-1,1,46,52,5460,5408
CTGAATCCGAGACCTC-1,1,47,53,5405,5503
TACGACGCTTGCTGCG-1,1,46,54,5351,5408
GAATTCACCCGGGTGT-1,1,47,55,5296,5503
GGGTGACACCTTAACT-1,0,46,56,5241,5407
TGAGTAAATTAGCGTA-1,0,47,57,5186,5502
GAGTCCGCTTACCGGA-1,0,46,58,5132,5407
GGCGCGTTCGAGTTTA-1,0,47,59,5077,5502
ATTCATATACTGTCCA-1,0,46,60,5023,5406
ATAAACGGACCCGTAA-1,0,47,61,4967,5501
GTCGTACCATCTCGGG-1,0,46,62,4913,5405
ATAATAGCTGTTGAAT-1,0,47,63,4858,5500
TTCCGCGTGAGGCGAT-1,0,46,64,4804,5405
TACCGGCTCACTGCCC-1,0,47,65,4749,5500
GTATCTTTCATAACCA-1,0,46,66,4694,5404
GTTACCTACAACTTGC-1,0,47,67,4639,5499
TGACTATAATCCTTTC-1,0,46,68,4585,5404
AAATACCTATAAGCAT-1,0,47,69,4530,5499
TTATTAGAGCGTGTTC-1,0,46,70,4476,5403
ATGTGGACATCTTGAT-1,0,47,71,4421,5498
GTACGCTTCATTGCAC-1,0,46,72,4366,5403
CACATATTAGCAGGAT-1,0,47,73,4311,5498
CAAGAGGGCGGAGTAC-1,0,46,74,4257,5402
TCGCAAAGATGCATTT-1,0,47,75,4202,5497
GTCGTTATTCGCTTAT-1,0,46,76,4148,5402
TCGTGTACTATGGATG-1,0,47,77,4092,5496
GCGGAGAGGGAGAACG-1,0,46,78,4038,5401
TCACAGGGAATCGCAA-1,0,47,79,3983,5496
GACTGCACCAGCCCAG-1,0,46,80,3929,5400
TCCGCTGTCATCCCGG-1,0,47,81,3874,5495
AGATACTCAAGATCGA-1,0,46,82,3819,5400
ACTGAATGGCGAAAGT-1,0,47,83,3764,5495
TCCTACATCCACGGCC-1,0,46,84,3710,5399
TTCAGCCCTGGTCCAC-1,0,47,85,3655,5494
TTAGAGTTTAGAAGGA-1,0,46,86,3601,5399
GGTTAGCTATATGTCT-1,0,47,87,3545,5494
CTGGTTTCGAGCAAGA-1,0,46,88,3491,5398
TGGGCCCATACTAATT-1,0,47,89,3436,5493
ACTTATTTATGTGCCA-1,0,46,90,3382,5398
TTAGTTATTCGTGGCA-1,0,47,91,3327,5492
AACCGCTAAGGGATGC-1,0,46,92,3272,5397
ATACGTCCACTCCTGT-1,0,47,93,3217,5492
CGACACGCTCCGACAG-1,0,46,94,3163,5396
TCTGAACTCGTACCCG-1,0,47,95,3108,5491
AGGATATAGGGATTTA-1,0,46,96,3054,5396
GTGATCACTAACGCCT-1,0,47,97,2998,5491
ACCGGGCCTTTGTTGA-1,0,46,98,2944,5395
TTGACAGGAGCTCCCG-1,0,47,99,2889,5490
CTCTTCTATTGACTGG-1,0,46,100,2835,5395
CGTGGCCGAATATCTA-1,0,47,101,2780,5490
GGTTTAGCCTTTCTTG-1,0,46,102,2725,5394
TCAAGGTTACTACACC-1,0,47,103,2670,5489
TTGACTATTGTCCGGC-1,0,46,104,2616,5394
CGGGAATATAGTATAC-1,0,47,105,2561,5489
GCAACAGCAGTATGCG-1,0,46,106,2507,5393
ATCAAACACTGTTCCA-1,0,47,107,2451,5488
TGGGCAATAGTTGGGT-1,0,46,108,2397,5392
TGAATGTCAGCCGGCC-1,0,47,109,2342,5487
CGGCTCTAAAGCTGCA-1,0,46,110,2288,5392
GGACACAAGTTTACAC-1,0,47,111,2233,5487
CCGAGAAGTCGCATAA-1,0,46,112,2178,5391
AACTACCCGTTTGTCA-1,0,47,113,2123,5486
GCACAAACGAGGCGTG-1,0,46,114,2069,5391
CACACAGCTTGCGCTC-1,0,47,115,2014,5486
GTGCTTACATCAGCGC-1,0,46,116,1960,5390
GCAAACGTCGCCAGGT-1,0,47,117,1904,5485
GAATAGCATTTAGGGT-1,0,46,118,1850,5390
TACTGTTTCTCTGGTA-1,0,47,119,1795,5485
TCCTATCATAGGTAAC-1,0,46,120,1741,5389
TTCGGTGGAGACGCCC-1,0,47,121,1686,5484
TGTTGCCGTCGTCCCA-1,0,46,122,1631,5389
CCAACTTGATAGATCC-1,0,47,123,1576,5483
CAAAGGTCATCTGAAA-1,0,46,124,1522,5388
CTAGCTTAATGGTCCC-1,0,47,125,1467,5483
AGGCCACATTGGTTAC-1,0,46,126,1413,5387
TTAGGATGGGAGGGTA-1,0,47,127,1357,5482
TATGACCTTGCGCTGG-1,1,48,0,8304,5613
ATATACATGTATGGTA-1,1,49,1,8248,5708
TGTGTGACCATGAATC-1,1,48,2,8194,5613
CCCACTCCACGGTATC-1,1,49,3,8139,5708
GGGCAGACGTCACTGC-1,1,48,4,8085,5612
TCAAAGAGCTATCTGT-1,1,49,5,8030,5707
AGATGCATCCTGTGTC-1,1,48,6,7975,5612
GTGAAGTCACGACTCG-1,1,49,7,7920,5707
TGATTCAGGTCCCGCG-1,1,48,8,7866,5611
CGCCACAGGTCGCGAT-1,1,49,9,7811,5706
TTGAATCGTTGTATAA-1,1,48,10,7757,5611
TGGCCAATTTGGTACT-1,0,49,11,7701,5705
CGACCCTTAACGCCGG-1,1,48,12,7647,5610
TCGGCGTACTGCACAA-1,1,49,13,7592,5705
GAGTAAGGCCACGGGA-1,1,48,14,7538,5609
ATCAGCTCGTCCACTA-1,1,49,15,7483,5704
AGGATCACGCGATCTG-1,1,48,16,7428,5609
AAATGGCCCGTGCCCT-1,1,49,17,7373,5704
CAGTACCAGTTTACGT-1,1,48,18,7319,5608
GGTCGTAAGCTCGCAC-1,0,49,19,7264,5703
CGTTCATGGTGCGCGT-1,0,48,20,7210,5608
GACTACAAAGCGGTGG-1,0,49,21,7154,5703
CAGCTGGCGTAACCGT-1,0,48,22,7100,5607
ACTCGTAACCCGTCCT-1,0,49,23,7045,5702
CATATGTCAGGCTACG-1,0,48,24,6991,5607
GCCCGACTTCTTCCCG-1,0,49,25,6936,5701
CTGGCATCCGAATGAG-1,0,48,26,6881,5606
AAGTGCGTTAGAATCT-1,0,49,27,6826,5701
AGAAGTGATTCGTGAT-1,0,48,28,6772,5605
TACCTTAAGATTTCCC-1,0,49,29,6717,5700
AATGACAGCAATGTCT-1,0,48,30,6663,5605
TCAACGCAGGAAATAA-1,0,49,31,6607,5700
TATTCCTCCGCCCACT-1,0,48,32,6553,5604
ATCAAACGAAGGTTTG-1,0,49,33,6498,5699
TTGATTAGCTGTTTCT-1,0,48,34,6444,5604
CTGCTGAGGCCACGAA-1,0,49,35,6389,5699
CCGTGTTAAATTCCAT-1,0,48,36,6334,5603
CACGTCGGCAACCTCT-1,0,49,37,6279,5698
GTATTCTGAGAAACGA-1,0,48,38,6225,5603
CGGTGCGCGTTGGTCC-1,0,49,39,6170,5698
GTGATTCGCCGCTCAA-1,0,48,40,6116,5602
GCCCGCGCGTAAACGG-1,0,49,41,6060,5697
AACGTACTGTGGGTAC-1,0,48,42,6006,5601
GAGTATGCCCGCCTTG-1,0,49,43,5951,5696
TGATTCTGTCGCCGGT-1,0,48,44,5897,5601
GGGCGGCAAATGAATT-1,0,49,45,5842,5696
TTCCAATCTGGCTATC-1,0,48,46,5787,5600
GGAACCGTGTAAATTG-1,0,49,47,5732,5695
TTGGTCACACTCGTAA-1,0,48,48,5678,5600
CGAACCCGCATGCGTC-1,0,49,49,5623,5695
GGGCGTCACCACGTAA-1,0,48,50,5569,5599
TACCAGAAGTAGGTTC-1,0,49,51,5513,5694
TTGGATATCGTCTACG-1,0,48,52,5459,5599
TAGATATGGACTGGAA-1,0,49,53,5404,5694
GCGACGATAGTTGTAC-1,0,48,54,5350,5598
CTGGATTTACACTTGA-1,0,49,55,5295,5693
GTTATATTATCTCCCT-1,1,48,56,5240,5598
TATTCCACTCAGCTCG-1,0,49,57,5185,5692
CTGTTACCCAATCTAG-1,0,48,58,5131,5597
ACGCGAAGTCAGACGA-1,0,49,59,5076,5692
GATAGGTAACGTTGAC-1,0,48,60,5022,5596
TGTTCGTATTGCGGTG-1,0,49,61,4966,5691
GGTCAGTGGGTCCCAC-1,0,48,62,4912,5596
AATTCTAGAGTTAGGC-1,0,49,63,4857,5691
GTTTACGTTCCATCTG-1,0,48,64,4803,5595
AGACCCACCGCTGATC-1,0,49,65,4748,5690
TCTAGCATGCCCAGAA-1,0,48,66,4693,5595
CCCGCAGCGCGAACTA-1,0,49,67,4638,5690
CTCTATTTGGCTGCAG-1,0,48,68,4584,5594
TTCTGCCGCGCCTAGA-1,0,49,69,4529,5689
ACTCCCTAGAATAGTA-1,0,48,70,4475,5594
CCGAACCTTCCCGGCC-1,0,49,71,4420,5688
TCAGACGCTATAGAAG-1,0,48,72,4365,5593
CAGGCGCCATGCTAGG-1,0,49,73,4310,5688
CACTCGAGCTGAACAA-1,0,48,74,4256,5592
ACAAGGAAATCCGCCC-1,0,49,75,4201,5687
ACCACGTGCAGCTATA-1,0,48,76,4147,5592
ACGGCGACGATGGGAA-1,0,49,77,4091,5687
TTACTAAAGGACTTTA-1,0,48,78,4037,5591
GGCTGAAATAGCAAAG-1,0,49,79,3982,5686
TTAGACGAGTCACCTC-1,0,48,80,3928,5591
GTAGTCGCGGGAATCA-1,0,49,81,3873,5686
GCAAACCCTACATTAT-1,0,48,82,3818,5590
GTTAAAGTAGGACTGG-1,0,49,83,3763,5685
ACCCTCCCTTGCTATT-1,0,48,84,3709,5590
CATGTCTCATTTATGG-1,0,49,85,3654,5685
AATAGAATCTGTTTCA-1,0,48,86,3600,5589
TCTCATGAGATAGGGT-1,0,49,87,3544,5684
ATGACTATGCGACATT-1,0,48,88,3490,5588
CCTAACCCAAACAAGT-1,0,49,89,3435,5683
AGTCAAGATGACACTT-1,0,48,90,3381,5588
CGGGAGCTTCAGTGTA-1,0,49,91,3326,5683
CCACAGTACCCATCCT-1,0,48,92,3271,5587
GAGCGCGCACGAGTAG-1,0,49,93,3216,5682
ACCAGTGCGGGAGACG-1,0,48,94,3162,5587
TCCTTACGACGGTCCG-1,0,49,95,3107,5682
TAGTCGATCACGGGTT-1,0,48,96,3053,5586
AGACGAAGTGCCGGTC-1,0,49,97,2997,5681
CGCTGGTGACTACCCT-1,0,48,98,2943,5586
AGGCATTGTCGTAGGG-1,0,49,99,2888,5681
TGGTAGAATATATGGG-1,0,48,100,2834,5585
TTCTTATCCGCTGGGT-1,0,49,101,2779,5680
AGTTTGGCACGGGTTG-1,0,48,102,2724,5585
GCATCGGCCGTGTAGG-1,0,49,103,2669,5679
ATGCGAGTCCCACCAC-1,0,48,104,2615,5584
TCGGCGAACCCAAACC-1,0,49,105,2560,5679
AGAGTAAACTTCACTA-1,0,48,106,2506,5583
AAGCCGAAGCGGTTTA-1,0,49,107,2450,5678
CCCGAGTTTCTCCGTA-1,0,48,108,2396,5583
AATATCGAATCAATGC-1,0,49,109,2341,5678
GCGCCTCCCACTCCGA-1,0,48,110,2287,5582
CGTTAAACTAGTTAGG-1,0,49,111,2232,5677
TGAGTTAAAGACATTC-1,0,48,112,2177,5582
AACAGGTAGTATGGAT-1,0,49,113,2122,5677
GAACGCGGGTCACACG-1,0,48,114,2068,5581
TGTTTGAGATCGTCAG-1,0,49,115,2013,5676
ATCTCGTGAGCGAAAC-1,0,48,116,1959,5581
CTGAGAAAGTTCGGCG-1,0,49,117,1903,5675
ATTACCACACTGCCTG-1,0,48,118,1849,5580
CTGCTGTCTAACGAGC-1,0,49,119,1794,5675
CGTGGAAGCCTCGTAC-1,0,48,120,1740,5579
GGACTCACAAATTAGG-1,0,49,121,1685,5674
CTTTGCTGTCATGGAT-1,0,48,122,1630,5579
GGTGTTGGGCGTCTTA-1,0,49,123,1575,5674
TACCATGTATTGATTT-1,0,48,124,1521,5578
GGTCTCCAAGTAGTGC-1,0,49,125,1466,5673
ATCCTTCTGAAAGAAC-1,0,48,126,1412,5578
CCGGAAGTTATCAGTC-1,0,49,127,1356,5673
TTAGAGGGATATACAG-1,1,50,0,8303,5804
TTGTACACCTCGAACA-1,1,51,1,8247,5899
GTGGGTACTGAGCGTA-1,1,50,2,8193,5803
CTTAAGCAGCGAGCCG-1,1,51,3,8138,5898
GCATTGACTTGCGGAA-1,1,50,4,8084,5803
CCATAACCTGTGCAGT-1,1,51,5,8029,5897
GGGCTACTATTTCGTG-1,1,50,6,7974,5802
GGCGAGCGAAACGGCA-1,1,51,7,7919,5897
GGAGACCATCTACATA-1,1,50,8,7865,5801
AGACCAAACCACACCT-1,1,51,9,7810,5896
CGACGCATCCGTACCT-1,1,50,10,7756,5801
CCTAGGTAAAGGTAGC-1,1,51,11,7700,5896
AGCGGCGGTTAGCGGT-1,0,50,12,7646,5800
CTGGACGCAGTCCGGC-1,0,51,13,7591,5895
AGCCTAATACCCACGT-1,1,50,14,7537,5800
AATCTGGCTTTCTAGT-1,1,51,15,7482,5895
CACCCTTGGTGAGACC-1,1,50,16,7427,5799
GGATCTTGACTCAACC-1,1,51,17,7372,5894
ACGAGGATACCACTCT-1,1,50,18,7318,5799
GAGTTGATGGCAATTT-1,1,51,19,7263,5893
GTGGCAAACAGCGGCA-1,0,50,20,7209,5798
GATGTAACGAACCACC-1,0,51,21,7153,5893
AGCCGTGGCTAAATGT-1,0,50,22,7099,5797
CTCCCTCCTTTCGATC-1,0,51,23,7044,5892
TTGGAAGAATACAGTC-1,0,50,24,6990,5797
AGTTAAGTCAACCGCT-1,0,51,25,6935,5892
CTCATGGTAATTTGCG-1,0,50,26,6880,5796
AAAGTAGCATTGCTCA-1,0,51,27,6825,5891
TTGTGGTAGGAGGGAT-1,0,50,28,6771,5796
AGTCGTGGGCATTACG-1,0,51,29,6716,5891
ACCTAAGTACCTTTCA-1,0,50,30,6662,5795
GTAGAGGGAGACAAGT-1,0,51,31,6606,5890
GATCCTCGACACTGGC-1,0,50,32,6552,5795
CCTACATTCACAGACG-1,0,51,33,6497,5890
TTGACCGTGTTAATGA-1,0,50,34,6443,5794
TCTGTTACCCAGCATA-1,0,51,35,6388,5889
CTAACTGGTCCGGTTC-1,0,50,36,6333,5794
AGCGACAGGAACGGTC-1,0,51,37,6278,5888
TAATAGAACAGAGTTA-1,0,50,38,6224,5793
ACAGGTGGAGGTGAGG-1,0,51,39,6169,5888
TGCGAGAATATTACCC-1,0,50,40,6115,5792
TTGCGTCGGCCAACCG-1,0,51,41,6059,5887
AGGCTTCCCGAAGAAG-1,0,50,42,6005,5792
GCGGACCGCGTTGTGG-1,0,51,43,5950,5887
GTAATCTGATTCTTCG-1,0,50,44,5896,5791
CCGCGGAATGCGTCAC-1,0,51,45,5841,5886
TTCCACACAGATTTGA-1,0,50,46,5786,5791
CTTCTATTAATGCTAG-1,0,51,47,5731,5886
CATTTGAGTGGTACGT-1,0,50,48,5677,5790
TCACAGCAAACTCGAA-1,0,51,49,5622,5885
CAGACGAACCTGATAC-1,0,50,50,5568,5790
TAGCTAGAAGGCATGA-1,0,51,51,5512,5884
ATCCAGAGCAACAACC-1,0,50,52,5458,5789
TCCGGTTCGTCCGGTC-1,0,51,53,5403,5884
CGCGCATGTTTGATTG-1,0,50,54,5349,5788
TGGCGATCAAGTTATG-1,0,51,55,5294,5883
CCCTTTGACAGGTCTT-1,0,50,56,5239,5788
CAGAGACGGTCACCCA-1,0,51,57,5184,5883
TAGCTCGCCTGATAAC-1,0,50,58,5130,5787
TTGTGTTTCCCGAAAG-1,0,51,59,5075,5882
TATACACAGACGCCTT-1,0,50,60,5021,5787
ACATTAGTTTATATCC-1,0,51,61,4966,5882
CCATCGCAGTTAAACT-1,0,50,62,4911,5786
AATTAGCGCTGCAGCG-1,0,51,63,4856,5881
TCCGCTTATCCCATTA-1,0,50,64,4802,5786
GTTTGGGCTTGTGAGC-1,0,51,65,4747,5881
CTTGTCAACATTCGAG-1,0,50,66,4693,5785
GGACCAACAGGATAAC-1,0,51,67,4637,5880
AAGCTAGATCGAGTAA-1,0,50,68,4583,5784
TACCGTGCCTCGGACC-1,0,51,69,4528,5879
GTAGCCAAACATGGGA-1,0,50,70,4474,5784
TGCCAGTACGTGGAGA-1,0,51,71,4419,5879
ATAAGGTGGAGAACAT-1,0,50,72,4364,5783
CTTTAATATTGGTCGA-1,0,51,73,4309,5878
TGGTTCAACGGGTAAT-1,0,50,74,4255,5783
GCTGCTACTGCGTAGC-1,0,51,75,4200,5878
CTGCACAACTACATAT-1,0,50,76,4146,5782
ATATTCCACATAGTGA-1,0,51,77,4090,5877
TGGCAAACTAAATTAC-1,0,50,78,4036,5782
ACCGCAATAACTGCCT-1,0,51,79,3981,5877
TCGCACCAGGAGGCAG-1,0,50,80,3927,5781
ACTTCAGGCTGATCCC-1,0,51,81,3872,5876
ACAAATCGCACCGAAT-1,0,50,82,3817,5781
TCTGATGTATTCTGTC-1,0,51,83,3762,5875
CTTTACCGAATAGTAG-1,0,50,84,3708,5780
GCAGATCCATAAGACT-1,0,51,85,3653,5875
TTCCTCGGACTAACCA-1,0,50,86,3599,5779
TTATCCGGGATCTATA-1,0,51,87,3543,5874
CTGGAAGACACGGTGG-1,0,50,88,3489,5779
GTTCGTCTAAAGAACT-1,0,51,89,3434,5874
GTCTATTGGTTCCGGT-1,0,50,90,3380,5778
CTAGGCGCCCTATCAG-1,0,51,91,3325,5873
AACGGACGTACGTATA-1,0,50,92,3270,5778
AACACACGCTCGCCGC-1,0,51,93,3215,5873
GCTACTATAGTAGAGT-1,0,50,94,3161,5777
AGCATATCAATATGCT-1,0,51,95,3106,5872
CGAACAGTATGGGCGT-1,0,50,96,3052,5777
ACAATTGTGTCTCTTT-1,0,51,97,2996,5871
GATCGCTACCCGATTT-1,0,50,98,2942,5776
ATTGCGATCAGTAACT-1,0,51,99,2887,5871
CAGCAGTCCAGACTAT-1,0,50,100,2833,5775
AGAGGCTTCGGAAACC-1,0,51,101,2778,5870
AAACAAGTATCTCCCA-1,0,50,102,2723,5775
GGCAGCAAACCTATGC-1,0,51,103,2668,5870
ACTAGTTGCGATCGTC-1,0,50,104,2614,5774
TTGGACCATCTGGCAA-1,0,51,105,2559,5869
CCCTCCTCGCTCGTAT-1,0,50,106,2505,5774
GAGCGCAAATACTCCG-1,0,51,107,2449,5869
ATTACATGTCAGTCTT-1,0,50,108,2395,5773
TTGGGACGTAAGAGTT-1,0,51,109,2340,5868
CTTCGGCCAATTGTTT-1,0,50,110,2286,5773
AGACCGCTCCGCGGTT-1,0,51,111,2231,5868
GACCGCGTCTGACGTG-1,0,50,112,2176,5772
CCAAATAACAAGATTC-1,0,51,113,2121,5867
TCTTTAGAGTCTAACA-1,0,50,114,2067,5771
CTCCCAATGAGTCGCG-1,0,51,115,2012,5866
TAGTCTTTCCGAATTG-1,0,50,116,1958,5771
GAGTAAACCGGAAAGT-1,0,51,117,1902,5866
GATCTCGACGCTGTGG-1,0,50,118,1848,5770
CTGACATAGAAATAGA-1,0,51,119,1793,5865
TATACCGAGTGCCACA-1,0,50,120,1739,5770
TCCGAACGTTGCCGCT-1,0,51,121,1684,5865
GCAGAAGGTAATCTCC-1,0,50,122,1629,5769
GGTACTAAGTGCTTTG-1,0,51,123,1574,5864
CAGAATATTCGTTATC-1,0,50,124,1520,5769
TAATCAACCAAATGGG-1,0,51,125,1465,5864
TCTGCTTAGAACAAGC-1,0,50,126,1411,5768
AACTGAGTTATACTGA-1,0,51,127,1355,5863
CCTCAACGATCGCTGT-1,1,52,0,8302,5994
CGGTACGGCAAACCCA-1,1,53,1,8246,6089
CAGATGTTTGTCCCAA-1,1,52,2,8192,5993
GTTTGTTAGCCAAGTA-1,1,53,3,8137,6088
ACGTGACAAAGTAAGT-1,1,52,4,8083,5993
TTGTCACCGCGGTATC-1,1,53,5,8028,6088
GATCTAACCGTATTCA-1,1,52,6,7973,5992
ATGGAAATTTAAGGAG-1,1,53,7,7918,6087
ATTGATCACCACATTT-1,1,52,8,7864,5992
ACTGCTCGGAAGGATG-1,1,53,9,7809,6087
TCTAAAGAACAGTCTC-1,1,52,10,7755,5991
CTGGGTTGAGTTAAAG-1,1,53,11,7699,6086
CCCAGTAAACTTGGGA-1,1,52,12,7645,5991
AGATTCACAACCGATA-1,1,53,13,7590,6086
AGAAGGTACACTTCAC-1,0,52,14,7536,5990
GCAGGAACTTAGATCT-1,0,53,15,7481,6085
AATCTAGGTTTACTTG-1,1,52,16,7426,5990
CCCGGTGTATCGGAAT-1,0,53,17,7371,6084
TTATCCTCAAGGAATA-1,0,52,18,7317,5989
AGCATCATTTCGAAAG-1,0,53,19,7262,6084
CGCGAGTCTGCCGGGT-1,0,52,20,7208,5988
TGCGTCATGACTGAGC-1,0,53,21,7152,6083
GTATGAAATTTCACTC-1,0,52,22,7098,5988
TTGGTTGCGGTGCGCG-1,0,53,23,7043,6083
ACAGAACTGAGAACAA-1,0,52,24,6989,5987
CTACTATCATAGGTTT-1,0,53,25,6934,6082
CCTCTATCGATTAGCA-1,0,52,26,6879,5987
CCGTATCTCGTCGTAG-1,0,53,27,6824,6082
TCACGATGTCCGTGGA-1,0,52,28,6770,5986
TCAACAAAGATAATTC-1,0,53,29,6715,6081
ATGACGCGTTCTATCC-1,0,52,30,6661,5986
ATTTGCGCGAGTAGCT-1,0,53,31,6605,6080
TTCTTGGACGATCTGC-1,0,52,32,6551,5985
AGACGACGATGCCGCT-1,0,53,33,6496,6080
GGTCTCTGAATGGACT-1,0,52,34,6442,5984
GCTCAATCCGTTTATT-1,0,53,35,6387,6079
CCAGAAAGCAACTCAT-1,0,52,36,6332,5984
CACCGTTAGGGATCAC-1,0,53,37,6277,6079
AATAACACTAGAACAA-1,0,52,38,6223,5983
CACCCGGTTTGTGACT-1,0,53,39,6168,6078
CCACCAACTTTACTGT-1,0,52,40,6114,5983
AACTCTCAGTGTGCTC-1,0,53,41,6058,6078
AAACCGTTCGTCCAGG-1,0,52,42,6004,5982
CAGCGATTCCCTTCAA-1,0,53,43,5949,6077
GCTAGCTTGAATAGCT-1,0,52,44,5895,5982
TTGCGGCATCAGAAAG-1,0,53,45,5840,6077
AATAGAACAGAGTGGC-1,0,52,46,5785,5981
GCCATCGAGCTGCGTG-1,0,53,47,5730,6076
ACACTGATCAAGGTGT-1,0,52,48,5676,5980
ACCAACGCTTATTTAT-1,0,53,49,5621,6075
GACATCGATTTATAAC-1,0,52,50,5567,5980
CAGACACCGATCGCTG-1,0,53,51,5511,6075
CCAAGAAAGTGGGCGA-1,0,52,52,5457,5979
GGTAGACCGTTGGGCG-1,0,53,53,5402,6074
TCGTTAGGAGTCCCTA-1,0,52,54,5348,5979
ACGGCCAACATGGACT-1,0,53,55,5293,6074
GTGAGTGGTACAACGC-1,0,52,56,5239,5978
GAGACTTCGCGACCGA-1,0,53,57,5183,6073
GAAGTCAGTTGCACTA-1,0,52,58,5129,5978
GTTTGGTAGGGTCAAC-1,0,53,59,5074,6073
ACGGCACTTGCTTGGG-1,0,52,60,5020,5977
CCTCTGTACTATTCTA-1,0,53,61,4965,6072
CTATTCATGTGTCCCA-1,0,52,62,4910,5977
GCCCGATCTGTGGTCG-1,0,53,63,4855,6071
TTAGAAGAACATGACT-1,0,52,64,4801,5976
AGGATAAAGTCGGGAT-1,0,53,65,4746,6071
CGGCAAACATCGTGCG-1,0,52,66,4692,5975
CTAGTTACAACCCGGT-1,0,53,67,4636,6070
TTCGACAGAGCCCGTG-1,0,52,68,4582,5975
AAGCATACTCTCCTGA-1,0,53,69,4527,6070
GACGACGATCCGCGTT-1,0,52,70,4473,5974
GGTAGAAGACCGCCTG-1,0,53,71,4418,6069
GAGATGGGAGTCGACA-1,0,52,72,4363,5974
AACGATAATGCCGTAG-1,0,53,73,4308,6069
TGGTCCCACGCTACGG-1,0,52,74,4254,5973
CTGCTTGGCGATAGCT-1,0,53,75,4199,6068
ATCGGAGACAGACGGC-1,0,52,76,4145,5973
TAGCGTCCGGTGTGGT-1,0,53,77,4089,6067
GTTGAGTCCCGCCGGT-1,0,52,78,4035,5972
AAATAGGGTGCTATTG-1,0,53,79,3980,6067
AAGTGTTTGGAGACGG-1,0,52,80,3926,5971
AGCACTACCTCACCAG-1,0,53,81,3871,6066
TGCCTTGGCCAGGCAA-1,0,52,82,3816,5971
TCGTCTTAGGCGTTAA-1,0,53,83,3761,6066
TTCTGACCGGGCTCAA-1,0,52,84,3707,5970
CAGAACTTAGCCCTCT-1,0,53,85,3652,6065
AGCTCCTTCGCACATC-1,0,52,86,3598,5970
ACAGGCTTGCCCGACT-1,0,53,87,3542,6065
GCTATACGTCTCGGAC-1,0,52,88,3488,5969
GAGCCAGCTACCTGTG-1,0,53,89,3433,6064
TGCTAAGTGTCTATTT-1,0,52,90,3379,5969
GTCCTACGAATAGTCT-1,0,53,91,3324,6064
CAGTGTCGGCTGGCCC-1,0,52,92,3269,5968
CTATCGACGAAATACA-1,0,53,93,3214,6063
CATCATTACCCTGAGG-1,0,52,94,3160,5967
TAAGTTGCGACGTAGG-1,0,53,95,3105,6062
AGTGCACGCTTAAGAA-1,0,52,96,3051,5967
TGTGCCGGTGCCGGAA-1,0,53,97,2995,6062
AGGAGGCCTTCGCGCG-1,0,52,98,2941,5966
TCCGCGGCCCAATGAA-1,0,53,99,2886,6061
TCCGTTAAGCTAATAT-1,0,52,100,2832,5966
AAATCTAGCCCTGCTA-1,0,53,101,2777,6061
CGCAGGCGATCCAAAC-1,0,52,102,2722,5965
CCATATGGAAACTATA-1,0,53,103,2667,6060
CACCGTATCCCATCCG-1,0,52,104,2613,5965
GGTCAAGACTACTTCG-1,0,53,105,2558,6060
CCCGTTTCGCAGATGT-1,0,52,106,2504,5964
GTTATAATACGGTGAA-1,0,53,107,2448,6059
ACTTGTGGATGGAACG-1,0,52,108,2394,5964
GTTCGCTGAGACGTCT-1,0,53,109,2339,6058
GACACTGGAACCCGAT-1,0,52,110,2285,5963
CCCAGGTCTGAAGGCT-1,0,53,111,2230,6058
TCTCGAGGAGGTTCGC-1,0,52,112,2175,5962
ACTATCTGCCCGCGTA-1,0,53,113,2120,6057
CCTAAATTGTATCCTA-1,0,52,114,2066,5962
AGAAATTATGACTCGC-1,0,53,115,2011,6057
TCCAGCGCTATAAGCG-1,0,52,116,1957,5961
TCGTGTATTGGTCACG-1,0,53,117,1901,6056
CCACATACTGCACCCA-1,0,52,118,1847,5961
GTTGCGGACGGTCAGG-1,0,53,119,1792,6056
GTATTTAATGGCATAA-1,0,52,120,1738,5960
GTCGATAGGTGACTTT-1,0,53,121,1683,6055
AATAATCTTCGTATCG-1,0,52,122,1628,5960
ATTGTTCAACGATCCG-1,0,53,123,1573,6054
GTGCAGCGTAGAGTAG-1,0,52,124,1519,5959
TGTGGTAGGGTGCCTT-1,0,53,125,1464,6054
TGTGGACTATCTACGT-1,0,52,126,1410,5958
GGCGGGCTCTAAGAGT-1,0,53,127,1355,6053
TGTGCCAGAGGCAAAG-1,1,54,0,8301,6184
TGGCTTATGTATAATG-1,1,55,1,8245,6279
GCAAGCTGGAAACCGC-1,1,54,2,8191,6184
GATATCAAGCAGGAGC-1,1,55,3,8136,6279
CACCAATCATCCGTCT-1,1,54,4,8082,6183
CCACATGGCTCTTTAT-1,1,55,5,8027,6278
GTCCTACTCTACGGGC-1,1,54,6,7972,6183
CTCGAGACATACGATA-1,1,55,7,7917,6278
TATCAGTGGCGTAGTC-1,1,54,8,7863,6182
TGACAGGACAAGTCCA-1,1,55,9,7808,6277
TATTAACACCAAAGCA-1,1,54,10,7754,6182
TAGGCGATGAGGTCTC-1,1,55,11,7698,6276
CCGCCGGAACTTCTCG-1,1,54,12,7644,6181
GCCATTAGCCTCAAAC-1,1,55,13,7589,6276
GTTAGGCTACCCGTTT-1,1,54,14,7535,6180
GGGTATTCTAGCAAAC-1,1,55,15,7480,6275
GCCCTAGCCGTCGCGA-1,1,54,16,7425,6180
CAGATCCTGGTTTGAA-1,1,55,17,7370,6275
CTTCAGTGGTCGCCTA-1,0,54,18,7316,6179
GGGCAACCGCACGTGC-1,0,55,19,7261,6274
GACCCAATTATGATAC-1,0,54,20,7207,6179
GAAGCTCGGACCCGTC-1,0,55,21,7151,6274
CGTCGGGTCTAAGCGC-1,0,54,22,7097,6178
GAGGCCCGACTCCGCA-1,0,55,23,7042,6273
TTGCCATAGCCCGCTC-1,0,54,24,6988,6178
TAACATACACGCGATC-1,0,55,25,6933,6272
CCGACGGGCATGAGGT-1,0,54,26,6878,6177
AATGTGCCCGAGGTGT-1,0,55,27,6823,6272
AGCTGTAACCTCAATC-1,0,54,28,6769,6176
CGAGTGAAGGTACCAG-1,0,55,29,6714,6271
AGTCTCACAAGACTAC-1,0,54,30,6660,6176
AAATTGATAGTCCTTT-1,0,55,31,6604,6271
TAAGTCGCCGAGTATC-1,0,54,32,6550,6175
GCGGAGAAACTTCGCA-1,0,55,33,6495,6270
GGCAAAGGCGCCAATA-1,0,54,34,6441,6175
ATTTCCGGGTTCTGCG-1,0,55,35,6386,6270
TAAACCCAGGAGGGCA-1,0,54,36,6331,6174
TTCGGGCGCTAGTCTT-1,0,55,37,6276,6269
GTGGAGTCGGCGGTTG-1,0,54,38,6222,6174
GCACGCCTACTTAGAT-1,0,55,39,6167,6269
CAATATTCTTGACCTA-1,0,54,40,6113,6173
CGTTTGTGTAGAGGGT-1,0,55,41,6057,6268
CATAGCGTTGCCCACC-1,0,54,42,6003,6173
TGATACATTTAGCCGT-1,0,55,43,5948,6267
TTCCGGCCTTGAGGCT-1,0,54,44,5894,6172
CCTATACCGTCCTGTC-1,0,55,45,5839,6267
TCGTTGCTATCCGGTC-1,0,54,46,5784,6171
TGGCGACTGCTCCAAA-1,0,55,47,5729,6266
CAGAGGCGATGCATGA-1,0,54,48,5675,6171
TCACAGGAGAATAAGA-1,0,55,49,5620,6266
GGGTTAACATTTGAGT-1,0,54,50,5566,6170
GCGGGCGAGCCTTACC-1,0,55,51,5511,6265
TGCCAATGGGTACTCT-1,0,54,52,5456,6170
AGGGACTCTACGCGAC-1,0,55,53,5401,6265
GACGCCGTAAAGGCTA-1,0,54,54,5347,6169
AAAGGCTCTCGCGCCG-1,0,55,55,5292,6264
CTGGCTGGTTGTCAGT-1,0,54,56,5238,6169
ACATCCCGGCCATACG-1,0,55,57,5182,6263
CTCTTGTCCCGCTTGG-1,0,54,58,5128,6168
TACGCCTCCATTCCGA-1,0,55,59,5073,6263
CGGAGCAATTTAATCG-1,0,54,60,5019,6167
AACTAGGCTTGGGTGT-1,0,55,61,4964,6262
GCGTCGCCAGGGTGAT-1,0,54,62,4909,6167
GTTGGTCATGCTATCC-1,0,55,63,4854,6262
GCTGGCGGCGCATGCT-1,0,54,64,4800,6166
TGAGCGGAAAGTGTTC-1,0,55,65,4745,6261
CTTTCTGTGCGGGCTT-1,0,54,66,4691,6166
ATCTAATATCCTACGG-1,0,55,67,4635,6261
AACCTTTAAATACGGT-1,0,54,68,4581,6165
TTCACTCGAGCACCTA-1,0,55,69,4526,6260
CTGCACTCCAGTACAG-1,0,54,70,4472,6165
CCATTTCTACCTATTA-1,0,55,71,4417,6260
CAAGCGGCACATAATT-1,0,54,72,4362,6164
GTTAACATCACTTAAA-1,0,55,73,4307,6259
ATATAAATGTAGCTGC-1,0,54,74,4253,6163
GCCTCTATACATAGCA-1,0,55,75,4198,6258
GTGTCGTATAGCGTTC-1,0,54,76,4144,6163
ATACGTACTTAGCCAC-1,0,55,77,4088,6258
GCTATCATACTCATGG-1,0,54,78,4034,6162
TATCCAATTGGTTATC-1,0,55,79,3979,6257
TCTCCCTGGGCAGCGT-1,0,54,80,3925,6162
CCTATAATGAGTGCCC-1,0,55,81,3870,6257
CAATGCGAGAAGTATC-1,0,54,82,3815,6161
TACCAATAAAGTACCA-1,0,55,83,3760,6256
GCTAGGCACCACGGAG-1,0,54,84,3706,6161
GGTGGACTGCTCTGGC-1,0,55,85,3651,6256
TATTCCGAGCTGTTAT-1,0,54,86,3597,6160
TTGAGAAGTTTAGCAT-1,0,55,87,3541,6255
GTCCGGACCTGAAATT-1,0,54,88,3487,6160
CTGTGGTCGGGAGATA-1,0,55,89,3432,6254
CATGTAAGAGACATTT-1,0,54,90,3378,6159
CACGTTTCGTACACAC-1,0,55,91,3323,6254
CATCCTCTCAAAGATC-1,0,54,92,3268,6158
GATTAACCGAAAGCCC-1,0,55,93,3213,6253
AACGCTGTTGCTGAAA-1,0,54,94,3159,6158
TTCAGCTGGCGTGCCC-1,0,55,95,3104,6253
TAGAGGTTCTACTTGT-1,0,54,96,3050,6157
GTATCAAACGTTAGCT-1,0,55,97,2994,6252
AATCATGTAAAGACTC-1,0,54,98,2940,6157
AGTCACTAGCTCTCGA-1,0,55,99,2885,6252
GCGAAACGATCGGGAG-1,0,54,100,2831,6156
CATGGATTGTCTTCCG-1,0,55,101,2776,6251
ATTGGATTACAGCGTA-1,0,54,102,2721,6156
CACACACGCTAACGAG-1,0,55,103,2666,6250
CTATGGGAAGCGGAAT-1,0,54,104,2612,6155
TGCCTAATTGAAGATT-1,0,55,105,2557,6250
TGGCAATGGGACGGCG-1,0,54,106,2503,6154
ACCTCCGCCCTCGCTG-1,0,55,107,2447,6249
CGGCAATAAGATCGCC-1,0,54,108,2393,6154
CCTTGACCACTTTATT-1,0,55,109,2338,6249
TCATTTAGAAGTGTGA-1,0,54,110,2284,6153
CAGAATAACACACGGA-1,0,55,111,2229,6248
TCTGAGCAATTGACTG-1,0,54,112,2174,6153
CAACGTGGTGGAGTCT-1,0,55,113,2119,6248
CACAGTTCGCTTCCCA-1,0,54,114,2065,6152
TCTCTCGCCGCACATA-1,0,55,115,2010,6247
TGGGCAGGCCACCGCA-1,0,54,116,1956,6152
CTCCTGTTCAAGGCAG-1,0,55,117,1900,6247
TATTTGATTTGCACAG-1,0,54,118,1846,6151
GCCACTCCTTACGGTA-1,0,55,119,1791,6246
ACCGATATTTAATCAT-1,0,54,120,1737,6150
TTATTATCTGGAAGGC-1,0,55,121,1682,6245
TACATGCCGGAATTGT-1,0,54,122,1628,6150
GGCACTCAGCCGACCC-1,0,55,123,1572,6245
AAACCGGAAATGTTAA-1,0,54,124,1518,6149
AGACAGGCATCTCAGC-1,0,55,125,1463,6244
GTGGTGATGGTTTGTG-1,0,54,126,1409,6149
CCGATATGACGTAAGG-1,0,55,127,1354,6244
CATACACAAAGTCAGC-1,1,56,0,8300,6375
TGCCGTTCTTAATCGG-1,1,57,1,8244,6470
TCGAGTCTACGATTCG-1,1,56,2,8190,6374
ACTTCCAGTGGAAGCT-1,1,57,3,8135,6469
CAATTGGGCCGCACTC-1,1,56,4,8081,6374
AAATCGCGGAAGGAGT-1,1,57,5,8026,6468
ATATCAATTCCAGCCT-1,1,56,6,7971,6373
CTTTGTCGAATGCTCC-1,1,57,7,7916,6468
TGAGGCATGTACTGTG-1,1,56,8,7862,6372
TTCGCCGCTCGCGCTA-1,1,57,9,7807,6467
GACTCCTTCCAATTGA-1,1,56,10,7753,6372
ACCGAAGAGTCTGGTT-1,1,57,11,7697,6467
TGGCATGAAGTTTGGG-1,1,56,12,7643,6371
ACGAGGTTTACAACGT-1,1,57,13,7588,6466
AACCCATCCCATGATC-1,1,56,14,7534,6371
TCGACAACTGAACCCG-1,1,57,15,7479,6466
TATCTTGCAATACAAC-1,1,56,16,7424,6370
TATTATGTTTGCCTGC-1,0,57,17,7369,6465
GTCAAAGAAGTGGTGT-1,1,56,18,7315,6370
GGGACAGAGTTACTCC-1,0,57,19,7260,6465
AGCAACCGAAAGTAAT-1,0,56,20,7206,6369
CTCTCTAACTGCCTAG-1,0,57,21,7150,6464
ATACGGAACGTCGTTT-1,0,56,22,7096,6369
TCGGTCCCGACAATAG-1,0,57,23,7041,6463
CGCGCAAATGTCCAGA-1,0,56,24,6987,6368
TCTAATACTGCCTCAG-1,0,57,25,6932,6463
CTCGGTTGTCGGCCCT-1,0,56,26,6877,6367
GGTAACCGGGAGGATA-1,0,57,27,6822,6462
CAGGCGCACGGTGGTC-1,0,56,28,6768,6367
TCATCGATGGTCCCAA-1,0,57,29,6713,6462
CAAAGATTATTGGGCC-1,0,56,30,6659,6366
ACAATGAATACGGAGA-1,0,57,31,6603,6461
GCTCCTGACATACTGG-1,0,56,32,6549,6366
GATGACAAGTAGGGCA-1,0,57,33,6494,6461
TACGCCGAGGGTACCC-1,0,56,34,6440,6365
AAGCGTCCCTCATCGA-1,0,57,35,6385,6460
CACTCCTATGTAAGAT-1,0,56,36,6330,6365
TCGAGCCAGGCAGGCC-1,0,57,37,6275,6459
TCGTCAAGTACGCGCA-1,0,56,38,6221,6364
CCCGTAGCTGGGAAGA-1,0,57,39,6166,6459
ACCCTATGCCATATCG-1,0,56,40,6112,6363
GTGGTATAGTCTGCCG-1,0,57,41,6057,6458
CCGGTTTGTAATTGTG-1,0,56,42,6002,6363
GTCGCCGTTGTGTGTT-1,0,57,43,5947,6458
TACTGAACAGATTTAG-1,0,56,44,5893,6362
TATTAACCTGACCGCG-1,0,57,45,5838,6457
CTGTAGCCATCTCACT-1,0,56,46,5784,6362
TACTATGGTTCCTCAG-1,0,57,47,5728,6457
GAGTCAGACCAGAATC-1,0,56,48,5674,6361
TAAGGCATAACATCAA-1,0,57,49,5619,6456
CTTCCGCTCCGTGAAG-1,0,56,50,5565,6361
GGGCTATGATCGATGG-1,0,57,51,5510,6455
GGTCGGTCGTCCACAG-1,0,56,52,5455,6360
GGGACCCGTATATCTT-1,0,57,53,5400,6455
GAAAGCAGTGCACTTT-1,0,56,54,5346,6359
AGCGCATAATGAATCG-1,0,57,55,5291,6454
GCTGCTAAGTAGTCGA-1,0,56,56,5237,6359
AATAGTCCGTCCCGAC-1,0,57,57,5181,6454
AGCAGCCAGATGAATA-1,0,56,58,5127,6358
CCTCGCGCTGTGCGAT-1,0,57,59,5072,6453
TTGTGTATGCCACCAA-1,0,56,60,5018,6358
TGCTCGGCGAAACCCA-1,0,57,61,4963,6453
CGATTAAATATCTCCT-1,0,56,62,4908,6357
TGCCGTGGATCGTCCT-1,0,57,63,4853,6452
GTGGACGCATTTGTCC-1,0,56,64,4799,6357
ACCCGGAAACTCCCAG-1,0,57,65,4744,6452
CCGCATGTGGTACGAT-1,0,56,66,4690,6356
GCAAACCTTGGCCATA-1,0,57,67,4634,6451
ATTCACTGATGTTGGA-1,0,56,68,4580,6356
ACTCCCTAATGCTAAA-1,0,57,69,4525,6450
TCCTAAATTGGGAAGC-1,0,56,70,4471,6355
GAACAGATTACTAAAT-1,0,57,71,4416,6450
ATACAGGCCCTCCAAT-1,0,56,72,4361,6354
CGATTCGCCTGGCTGC-1,0,57,73,4306,6449
TCCGCCTGTCTACAAG-1,0,56,74,4252,6354
CACATCTCACCGACGA-1,0,57,75,4197,6449
CGTCGTCCTTCGCGAA-1,0,56,76,4143,6353
CGTTGAATACCGCGCT-1,0,57,77,4087,6448
ACCAATATGCAAGTTA-1,0,56,78,4033,6353
ACGGATGGTGCGGATA-1,0,57,79,3978,6448
CACCCTAACAAGATCT-1,0,56,80,3924,6352
AAGCTCTTTCATGGTG-1,0,57,81,3869,6447
CATGGGTATGCCTTAT-1,0,56,82,3814,6352
GCGCGTCATTGGTACA-1,0,57,83,3759,6446
TCTGAAGCACGTGGTC-1,0,56,84,3705,6351
AAGTTCACTCCAAGCT-1,0,57,85,3650,6446
TTGGACCTATAACAGT-1,0,56,86,3596,6350
ATCAGCCTCATGCTGC-1,0,57,87,3540,6445
AGTACTCTTATGCCCA-1,0,56,88,3486,6350
GCGCTTAAATAATTGG-1,0,57,89,3431,6445
TTGTGAACCTAATCCG-1,0,56,90,3377,6349
AGTCGTCGACCACCAA-1,0,57,91,3322,6444
TCCTTTAAATCCGCTT-1,0,56,92,3267,6349
ACTGAAACGCCGTTAG-1,0,57,93,3212,6444
GCACACACTGGTAGCC-1,0,56,94,3158,6348
TAAGGGCCTGTCCGAT-1,0,57,95,3103,6443
GCTAGAGTAGAGATGT-1,0,56,96,3049,6348
CACAGGGCCATATAGT-1,0,57,97,2993,6443
CCATGCCCTAGATTTC-1,0,56,98,2939,6347
TCGCGTAGCAGTGTCC-1,0,57,99,2884,6442
GACGAGGCTAATAAAC-1,0,56,100,2830,6346
CTACACTCGCAGATGG-1,0,57,101,2775,6441
ACGCATACGTTTACTA-1,0,56,102,2720,6346
GGAGCAACATTTCAAG-1,0,57,103,2665,6441
CGAGAGGGTAGCCGCG-1,0,56,104,2611,6345
TCGTGTTCGACCACAA-1,0,57,105,2556,6440
TCTACCCAATAGAGAG-1,0,56,106,2502,6345
ATAAACGTTGCACCAC-1,0,57,107,2446,6440
TCAACTGCAGAGTCAG-1,0,56,108,2392,6344
AGCTCCATATATGTTC-1,0,57,109,2337,6439
GTAACATCTAAGATAA-1,0,56,110,2283,6344
CCGACAATAGGCCGCC-1,0,57,111,2228,6439
ATGCTTAGGAGTTGAT-1,0,56,112,2173,6343
AACCCGAGCAGAATCG-1,0,57,113,2118,6438
CGGGTTTGTTAGGGCT-1,0,56,114,2064,6343
AGGCACGTGACTGTCC-1,0,57,115,2009,6437
GACAAGAGATGAGATT-1,0,56,116,1955,6342
AGCCCTTGGACATCCC-1,0,57,117,1900,6437
GCAGTTCGATCCGAGC-1,0,56,118,1845,6341
TCGAGGGCAACAGACG-1,0,57,119,1790,6436
ACTTTGTCGACGCACT-1,0,56,120,1736,6341
GAGTATCAAAGTTACA-1,0,57,121,1681,6436
CCAGGCTGGCGTCTGA-1,0,56,122,1627,6340
GGACTCTTCCGGTTGA-1,0,57,123,1571,6435
TCCCAGCACACGACAT-1,0,56,124,1517,6340
GCTCCATGAGTGCAGA-1,0,57,125,1462,6435
GCAGTGCGGGCGGATG-1,0,56,126,1408,6339
GCGTTCTGACTAAGCG-1,0,57,127,1353,6434
ATTTGGAGATTGCGGT-1,1,58,0,8299,6565
AAGGGTTTGATTTCAG-1,1,59,1,8243,6660
CCGGCCGCGAGCATAT-1,1,58,2,8189,6565
GAGTTCTGTGGGTGCT-1,1,59,3,8134,6659
AAACGAAGATGGAGTA-1,1,58,4,8080,6564
AATTACGAGACCCATC-1,1,59,5,8025,6659
CCTTTGAATTATGGCT-1,1,58,6,7970,6563
CATGGTATTAGTTTGT-1,1,59,7,7915,6658
AACGAAAGTCGTCCCA-1,1,58,8,7861,6563
ACATAAGTCGTGGTGA-1,1,59,9,7806,6658
GCACAACCTCGGGCGT-1,1,58,10,7752,6562
ATGCACGCGCTGTTCA-1,1,59,11,7696,6657
CGATGTTGTTATCTAC-1,1,58,12,7642,6562
GTCTCCTGCCAGTATG-1,1,59,13,7587,6657
GATGCCTTCTGCGGCA-1,1,58,14,7533,6561
ACCGGTCAGGTACACC-1,0,59,15,7478,6656
GTGGAGCGTTTACCGA-1,1,58,16,7423,6561
AGGCGGTTTGTCCCGC-1,0,59,17,7368,6655
TCCCTGGCGTATTAAC-1,0,58,18,7314,6560
AAACACCAATAACTGC-1,0,59,19,7259,6655
TGGACGCAATCCAGCC-1,0,58,20,7205,6559
GGAACCTTGACTCTGC-1,0,59,21,7149,6654
GTATCTCAGTCTTGAC-1,0,58,22,7095,6559
GCTGAATCTTCCAATC-1,0,59,23,7040,6654
AGATGCAAGACGTGCA-1,0,58,24,6986,6558
TTAAGGCCCGTACTTT-1,0,59,25,6931,6653
AGTATGCTGGAGACCA-1,0,58,26,6876,6558
GCGGCAAAGTATTGCC-1,0,59,27,6821,6653
GCGCAAATATATTCAA-1,0,58,28,6767,6557
GAAGAAACGATATTGT-1,0,59,29,6712,6652
GGACCTCTAGGCCGCC-1,0,58,30,6658,6557
AACAGCTGTGTGGCAA-1,0,59,31,6602,6651
TCGAATATCCCGCAGG-1,0,58,32,6548,6556
GCGACCCAACCATCTG-1,0,59,33,6493,6651
AGAGAAGGAGTACAAT-1,0,58,34,6439,6555
GGCTCCTCCACCTGTT-1,0,59,35,6384,6650
TCAGTGTATACGTCAT-1,0,58,36,6330,6555
ATTATTATGTCCGTCA-1,0,59,37,6274,6650
TTAGGTCATAACCGAC-1,0,58,38,6220,6554
AAGATGGCACCGGACC-1,0,59,39,6165,6649
CTACAAGAAATAACCC-1,0,58,40,6111,6554
ACTATTTCCGGGCCCA-1,0,59,41,6056,6649
TTGTTTCACATCCAGG-1,0,58,42,6001,6553
CGCTGTGTGGATGTTG-1,0,59,43,5946,6648
TCAACATAGCGCCCTA-1,0,58,44,5892,6553
GGCCGTTTGGGTTTCA-1,0,59,45,5837,6648
TACTCTTTCGTCTTCA-1,0,58,46,5783,6552
TTCGCGCGCCATACGA-1,0,59,47,5727,6647
CGGAAAGAATCAAACG-1,0,58,48,5673,6552
AGGCAGGGAGCGTACT-1,0,59,49,5618,6646
CCTTTAAGGGAGCACT-1,0,58,50,5564,6551
CGCCCAGCACGCCTAG-1,0,59,51,5509,6646
AGTATTTGGCACGACC-1,0,58,52,5454,6550
TATCCGCACCGTCGGG-1,0,59,53,5399,6645
ACCCGTGTCATCAGTA-1,0,58,54,5345,6550
CAACTGCTCATCCGAT-1,0,59,55,5290,6645
CCGGAGCGTACTTTCT-1,0,58,56,5236,6549
TACCGTAGGTTAACTA-1,0,59,57,5180,6644
TGAGGAGTGCCAGCTT-1,0,58,58,5126,6549
CCAGTCTTGTCATAGA-1,0,59,59,5071,6644
GGGCAGAGCAATCGTT-1,0,58,60,5017,6548
TACCAAATAGCCCAGA-1,0,59,61,4962,6643
TACCTACTCCCAGTAT-1,0,58,62,4907,6548
TGTGAGACTAGCCCAA-1,0,59,63,4852,6642
ATACCTAACCAAGAAA-1,0,58,64,4798,6547
GTCGGGAAGCAGAAAC-1,0,59,65,4743,6642
AATTAACGGATTTCCA-1,0,58,66,4689,6546
GAACCCTCTGTGTTCT-1,0,59,67,4633,6641
ATATAAAGCGCTCGTG-1,0,58,68,4579,6546
CCTGGTCGAATGTGGG-1,0,59,69,4524,6641
CTAGGTTCGGACGTGA-1,0,58,70,4470,6545
TCGGGAGACAGCGTAC-1,0,59,71,4415,6640
CATAAGAAGCTTGGCT-1,0,58,72,4360,6545
AAGCACCCTGCGTATC-1,0,59,73,4305,6640
AGTTTGCACCTGCCTC-1,0,58,74,4251,6544
GACTGCAAATCGAGCT-1,0,59,75,4196,6639
GTGTATATCAGCGGGC-1,0,58,76,4142,6544
CTTCAACTCCACTTGG-1,0,59,77,4086,6639
ACTTACGCATCCACGC-1,0,58,78,4032,6543
CATGAGATGCACTCTC-1,0,59,79,3977,6638
GAGCACCTGTGTCCAG-1,0,58,80,3923,6542
CGCGACCGCGACAGAT-1,0,59,81,3868,6637
GTCCCGCGACGTTATG-1,0,58,82,3813,6542
GCAGTGTGGCTATAGG-1,0,59,83,3758,6637
ATACTGCCTTACACCG-1,0,58,84,3704,6541
TACAGAAACGGTGGGC-1,0,59,85,3649,6636
GGCGCGGAGATCTTTC-1,0,58,86,3595,6541
CGTTAATGTCCCGACG-1,0,59,87,3539,6636
GCTAACTGAAGTCTGA-1,0,58,88,3485,6540
AGTGATAACCTGCGCG-1,0,59,89,3430,6635
TATGATCTTCTCTTTA-1,0,58,90,3376,6540
TGTACCTACACGAGGG-1,0,59,91,3321,6635
ATATCGTTCCTCGAAC-1,0,58,92,3266,6539
CGGCGCCATCAATCCC-1,0,59,93,3211,6634
CCTGTTTGAAGACACG-1,0,58,94,3157,6539
GCCACTCAGAGCGCGA-1,0,59,95,3102,6633
TCGGCTTGTATCGACG-1,0,58,96,3048,6538
TAGATGGTTCCTTACT-1,0,59,97,2992,6633
ATCGTTAGCTAGCGGA-1,0,58,98,2938,6537
ACAGCGACATTCTCAT-1,0,59,99,2883,6632
ATTCAACCATTTAAGG-1,0,58,100,2829,6537
CACTCTTCTGCTAGCC-1,0,59,101,2774,6632
CTAACTGATAATCGCC-1,0,58,102,2719,6536
TGATGTCAATTAAGTG-1,0,59,103,2664,6631
CGCCGTTCAGCATAGT-1,0,58,104,2610,6536
ATACTACCCGTACCAC-1,0,59,105,2555,6631
CCACTGTTTGGATTAA-1,0,58,106,2501,6535
CACTACGGGAGCTGCC-1,0,59,107,2446,6630
GACCAAACGTTGACTG-1,0,58,108,2391,6535
AAGAGGCCCTTTGGAA-1,0,59,109,2336,6629
ACACGTAGGCCACAAG-1,0,58,110,2282,6534
TACTCTTACTTTACTG-1,0,59,111,2227,6629
AGAGCCGCCGAGATTT-1,0,58,112,2173,6533
GGCCTGCTTCTCCCGA-1,0,59,113,2117,6628
TCAAGCGCGGACGGTA-1,0,58,114,2063,6533
ACACTGGGACAGTCGT-1,0,59,115,2008,6628
TGTGTAGTAGCACGTG-1,0,58,116,1954,6532
CTAGCCACAGGCGAGC-1,0,59,117,1899,6627
CTATCGCGTAGAGAAC-1,0,58,118,1844,6532
GTTCCCGTAAACATAT-1,0,59,119,1789,6627
TCTTTCCTTCGAGATA-1,0,58,120,1735,6531
ATATTGGAGAGGCCTT-1,0,59,121,1680,6626
AGGCGATAACTGGCGT-1,0,58,122,1626,6531
ACCCGGAGCACCACAA-1,0,59,123,1570,6626
TGAGCTCAACTGTATA-1,0,58,124,1516,6530
ACGACCCATGAGTTGC-1,0,59,125,1461,6625
CGGTCAGTCCATATTT-1,0,58,126,1407,6529
TCCGGCTGTCGGGTCG-1,0,59,127,1352,6624
ATTCCCGAAGGTACAG-1,0,60,0,8298,6755
CTAACAGCACAATAAC-1,0,61,1,8242,6850
TTGTGCGGAAGCGGAT-1,1,60,2,8188,6755
GGGCACTATTGACCAT-1,1,61,3,8133,6850
CCATAGAGGCTGCCAG-1,1,60,4,8079,6754
CCGAAGCATTGACCAA-1,1,61,5,8024,6849
TACTGAGGGAAGAAAG-1,1,60,6,7969,6754
TATGTAGAAACCCGGC-1,1,61,7,7914,6849
TGGTTAACTTACATTT-1,1,60,8,7860,6753
AGAACCCTCAATTGGG-1,1,61,9,7805,6848
CCTATATCGTGTCACG-1,1,60,10,7751,6753
ACGGCTGGATGTAGAA-1,1,61,11,7695,6847
CTCGCATTGCATAGCC-1,1,60,12,7641,6752
ACTTTGGTCGTGCTCC-1,1,61,13,7586,6847
GCTGGTTTAGGCCATA-1,0,60,14,7532,6751
TGTCGTTATCACATAT-1,0,61,15,7477,6846
ACACATGATCAAATCT-1,0,60,16,7422,6751
TATCCATCTCGGTTAG-1,0,61,17,7367,6846
CTCGTCGAGGGCTCAT-1,0,60,18,7313,6750
ATCAATGCCGTGGCTG-1,0,61,19,7258,6845
GAAACATAGGAAACAG-1,0,60,20,7204,6750
TAATAGGTCACCAGAA-1,0,61,21,7148,6845
CACCAGTCAGCATGCA-1,0,60,22,7094,6749
GAGCGCTGTTAGGTAA-1,0,61,23,7039,6844
CCCTATGTAGAGCAGA-1,0,60,24,6985,6749
GATCGCTATATCTCAG-1,0,61,25,6930,6844
AAGGGACTATGCATTC-1,0,60,26,6875,6748
CTCGGGTTCTCTGGCC-1,0,61,27,6820,6843
TATATATCGAGAAATG-1,0,60,28,6766,6748
ACCCGAGCGAAATTAC-1,0,61,29,6711,6842
TTGTTTCATTAGTCTA-1,0,60,30,6657,6747
ATGGGACCTGCTGAAC-1,0,61,31,6602,6842
TGCGACGGCCGAACGT-1,0,60,32,6547,6746
AGCTAACAAGCAATGT-1,0,61,33,6492,6841
CGTGTCTCGTTACGAC-1,0,60,34,6438,6746
CTAAATCCGGTGTACA-1,0,61,35,6383,6841
GAATAGTGCTCGATTA-1,0,60,36,6329,6745
AACAATACATTGTCGA-1,0,61,37,6273,6840
CACATCGTGCACGCGC-1,0,60,38,6219,6745
ACCGTGACCACGTGGG-1,0,61,39,6164,6840
CCCAATGAGATTTGCA-1,0,60,40,6110,6744
TCAGCAGTAGGCCCTG-1,0,61,41,6055,6839
CTACTCAAGGTATAGT-1,0,60,42,6000,6744
TAGTAGCTTATACCAG-1,0,61,43,5945,6838
ACGTTCGTTCAGGAAA-1,0,60,44,5891,6743
TTAGAATAAGGGTCGG-1,0,61,45,5836,6838
TTCTAGAAAGTCTTAT-1,0,60,46,5782,6742
CCTTCAGTTAAAGTGA-1,0,61,47,5726,6837
TAGCTAGTGATGATGG-1,0,60,48,5672,6742
AGCCCGGTAGCCTGTA-1,0,61,49,5617,6837
TACCTCAGTTGTCTGT-1,0,60,50,5563,6741
GACGGGTTGGCCCGTA-1,0,61,51,5508,6836
GAAACCTATACAAATG-1,0,60,52,5453,6741
TCCACCTCTAGCCTTT-1,0,61,53,5398,6836
AAGACCCAACTGAACA-1,0,60,54,5344,6740
CATACACGGTTCCCAC-1,0,61,55,5289,6835
ACTACGCGTTAGAATT-1,0,60,56,5235,6740
CTTGGCCAAGCTGGGA-1,0,61,57,5179,6834
TTACCCTAGGGATTGG-1,0,60,58,5125,6739
TTCGCACTGTACGACA-1,0,61,59,5070,6834
TAGGTGTTCCACAGAT-1,0,60,60,5016,6738
GAAGCCTGCACATTCC-1,0,61,61,4961,6833
GGCTTTCAATAAGGGT-1,0,60,62,4906,6738
TCCAGGGTATATACGA-1,0,61,63,4851,6833
CTCGCCGAATGTAGGG-1,0,60,64,4797,6737
AGGAAGCTGTCCGCCG-1,0,61,65,4742,6832
GTCTCAAGGCCCGGCT-1,0,60,66,4688,6737
ACCGACACATCTCCCA-1,0,61,67,4632,6832
TATACGCGTCATCACT-1,0,60,68,4578,6736
ATCTGGGCTGTTCTTG-1,0,61,69,4523,6831
TCAAATTTGAGACTCA-1,0,60,70,4469,6736
GTTAAGGGTGCGATGT-1,0,61,71,4414,6831
AGCAAAGGCCGCTAGT-1,0,60,72,4359,6735
TTATAGGTAATTGTCT-1,0,61,73,4304,6830
TTGTGCAGCCACGTCA-1,0,60,74,4250,6735
ACGGACTCTCAAAGCG-1,0,61,75,4195,6829
ATGCTCTGGCGCGGTA-1,0,60,76,4141,6734
ATAATCTTGGAGAACC-1,0,61,77,4085,6829
CTCATTGCTCTAACAA-1,0,60,78,4031,6733
TAGGTGACGATAACCT-1,0,61,79,3976,6828
CGGATCCTCAAGGACT-1,0,60,80,3922,6733
GGGCGTGGTTTCCCAG-1,0,61,81,3867,6828
TGGCTATGTGACATAC-1,0,60,82,3812,6732
CTTAGTGTAGTAGCAT-1,0,61,83,3757,6827
GGATTGCTGTGACTCC-1,0,60,84,3703,6732
ACTTCCATGCGGGACA-1,0,61,85,3648,6827
ACTCAAGTGCAAGGCT-1,0,60,86,3594,6731
ACAAGGATGCTTTAGG-1,0,61,87,3538,6826
TTGAACGACGTGCTGA-1,0,60,88,3484,6731
ATTCATCGTTGAGGCA-1,0,61,89,3429,6825
TGCAACCCATCTGCGG-1,0,60,90,3375,6730
AGTGCTAAACACAGCA-1,0,61,91,3320,6825
AACTCCAGAGCGTGTT-1,0,60,92,3265,6729
TCTCCACAAGTTGAAT-1,0,61,93,3210,6824
CTTTGCATCGCTCTTG-1,0,60,94,3156,6729
TCACAAACCGAGGTAC-1,0,61,95,3101,6824
CCGTAGGAAATCCCTG-1,0,60,96,3047,6728
AAACATTTCCCGGATT-1,0,61,97,2991,6823
GCCTCCGACAATTCAC-1,0,60,98,2937,6728
TCTGCATACCTTGCTT-1,0,61,99,2882,6823
ACCCATTTGTCCCTCT-1,0,60,100,2828,6727
CTGCAGAGAATCAGAG-1,0,61,101,2773,6822
GGAAACTAAATGGGCC-1,0,60,102,2718,6727
CAACCTACCGAGCAGT-1,0,61,103,2663,6822
CCGTAGGGTTGTTTAC-1,0,60,104,2609,6726
GGTTTGTGACCTGAGG-1,0,61,105,2554,6821
TAACCTAGGGAGTCCA-1,0,60,106,2500,6725
TTCCATCGACAGCGTG-1,0,61,107,2445,6820
ATCTCCCACGGAATAT-1,0,60,108,2390,6725
GTTTCAAACGAGTTGT-1,0,61,109,2335,6820
GGAACTTTGGCGATTA-1,0,60,110,2281,6724
CTGCAAGCACGTTCCG-1,0,61,111,2226,6819
CACAGTCCCGCTTCGC-1,0,60,112,2172,6724
TACGCTCGGTATTGGA-1,0,61,113,2116,6819
CTGGTAAAGTGTGGGC-1,0,60,114,2062,6723
CAACCAGTGGCCTACC-1,0,61,115,2007,6818
TCTTCGCGGTGAGAGG-1,0,60,116,1953,6723
TTCGGGTTGCCACGGG-1,0,61,117,1898,6818
ACCGATAGGCATAACC-1,0,60,118,1843,6722
CTTATAGATGGCTGTT-1,0,61,119,1788,6817
AGACGCCCACTTCGCC-1,0,60,120,1734,6722
AGGTCGCCTCCCAACA-1,0,61,121,1679,6816
CCTCACGTCAGCTAAT-1,0,60,122,1625,6721
CCACCTGTATGGAATA-1,0,61,123,1569,6816
GGACTCGAAGCTTTCA-1,0,60,124,1515,6720
AAGCCGGAGAGCAGGA-1,0,61,125,1460,6815
GCCTATCAGGTAAGAT-1,0,60,126,1406,6720
TCAGAGTGTGAGCATG-1,0,61,127,1351,6815
AAACATGGTGAGAGGA-1,0,62,0,8297,6946
ATCATTGTACCGCATT-1,0,63,1,8241,7041
TCAGCTTGAGCTTTCG-1,0,62,2,8187,6945
CCGCGCAAGATACCCA-1,0,63,3,8132,7040
CTATACTTAAAGCGAG-1,1,62,4,8078,6945
ACCGTCCACTGGGCCC-1,0,63,5,8023,7040
AAGACCAAATAACTCA-1,1,62,6,7968,6944
TGTTTCTGAAGCGTGC-1,1,63,7,7913,7039
TTCTCTTACAGGTGAT-1,1,62,8,7859,6944
AATTCATTGTCATGCA-1,1,63,9,7804,7038
GCCCGAGAGTCTAAAT-1,1,62,10,7750,6943
ATATAGAGTATTGGTC-1,1,63,11,7694,7038
TTGAAGGATGGGCGCC-1,1,62,12,7640,6942
TAGTACCACAACTTTC-1,1,63,13,7585,7037
ATCCCATCCACAGCGC-1,0,62,14,7531,6942
CTTAGGTATAGACCAG-1,1,63,15,7476,7037
TGACTCCGAATCATAC-1,0,62,16,7421,6941
ACTACATCCCGACAAG-1,0,63,17,7366,7036
TTGCCGCAGACCTACA-1,0,62,18,7312,6941
TAAGAGGGACAGGGAC-1,0,63,19,7257,7036
CGAATGAAGTCATTGC-1,0,62,20,7203,6940
AAGGGAACGACTGGCT-1,0,63,21,7148,7035
CGAATCTGCTCGACGC-1,0,62,22,7093,6940
ATCGTGGAAAGTCTGG-1,0,63,23,7038,7034
CCTATGGCTCCTAGTG-1,0,62,24,6984,6939
CGTCGCTTGGTTATAC-1,0,63,25,6929,7034
TGCTTAGAGAGAATGC-1,0,62,26,6875,6938
GATTGCTCCAGTTGCA-1,0,63,27,6819,7033
CGTGCTTCTACCTAAA-1,0,62,28,6765,6938
ACTCCAATATCATCAT-1,0,63,29,6710,7033
GCCGACCCACGACTGC-1,0,62,30,6656,6937
GAGGGTAGTAACAAAG-1,0,63,31,6601,7032
GGCCGAGACTCTGGTG-1,0,62,32,6546,6937
TATATAGGGCTTTACG-1,0,63,33,6491,7032
TGCCGGATGTACGAGC-1,0,62,34,6437,6936
AGGTAGATCGAGATAT-1,0,63,35,6382,7031
GATCAACATAAAGGGA-1,0,62,36,6328,6936
TAACAGCGTTTGTGCT-1,0,63,37,6272,7030
CTATAGGCGTTGATGT-1,0,62,38,6218,6935
GGTTTAATTACCATCG-1,0,63,39,6163,7030
CTCTTCTGGAAGTTAG-1,0,62,40,6109,6934
ATCTGACATGGAAGGA-1,0,63,41,6054,7029
TACGTACTAGTGCTGA-1,0,62,42,5999,6934
ATGACTATCAGCTGTG-1,0,63,43,5944,7029
CTTTGGGATTGTTGCA-1,0,62,44,5890,6933
AGACTGTTACCGGGTC-1,0,63,45,5835,7028
TCCTAACCGTCGGGCA-1,0,62,46,5781,6933
ACGCAAACTAATAGAT-1,0,63,47,5725,7028
AAGTGAGTCGGGTTTA-1,0,62,48,5671,6932
TAAAGCGGTATTTCCA-1,0,63,49,5616,7027
CTCCTCCAGCTCACAC-1,0,62,50,5562,6932
CGGTCCGTCGCAAGCC-1,0,63,51,5507,7027
CCTATATTTGTCCTGG-1,0,62,52,5452,6931
TCCAATAAAGGCTACC-1,0,63,53,5397,7026
AAAGGCTACGGACCAT-1,0,62,54,5343,6931
CGTGACCAGTCCTCTG-1,0,63,55,5288,7025
GATCTGCTATCTAAGG-1,0,62,56,5234,6930
CGAATGACGCATAATG-1,0,63,57,5178,7025
GCTCAATGTAATACCG-1,0,62,58,5124,6929
CTATGCCCGAATGCAA-1,0,63,59,5069,7024
CACAGGGCCGTTGTCA-1,0,62,60,5015,6929
TCAATACGCCGTCATG-1,0,63,61,4960,7024
AGCGGACACTTCGTAG-1,0,62,62,4905,6928
ATACGTTATGCACGGA-1,0,63,63,4850,7023
GAGTAGATACTAGTTG-1,0,62,64,4796,6928
CCAGCTCGAACGCATT-1,0,63,65,4741,7023
TGCTTCCCAAGCAGTA-1,0,62,66,4687,6927
GTAGACACGCCTGACT-1,0,63,67,4631,7022
CTCACATTTACTAAAT-1,0,62,68,4577,6927
GAATGCGAATCGGTTC-1,0,63,69,4522,7021
TAAGGCCCGTCACCCT-1,0,62,70,4468,6926
GAGTATGCGCGTGCAT-1,0,63,71,4413,7021
ATCCACATCGACAGAA-1,0,62,72,4358,6925
TAGACGAAACGCCAAT-1,0,63,73,4303,7020
CAGCAGTCTGTGCTGC-1,0,62,74,4249,6925
CTCACTGTGATACTTA-1,0,63,75,4194,7020
TTAATTGCTTTGGGTG-1,0,62,76,4140,6924
GTAGTCTACGATATTG-1,0,63,77,4084,7019
TTGCCGCTTTCTAGTA-1,0,62,78,4030,6924
GAACCTTTAACGATCC-1,0,63,79,3975,7019
TGGACCAATCTAAGAT-1,0,62,80,3921,6923
CTAGTAGAAAGGGATT-1,0,63,81,3866,7018
AACCTCGCTTTAGCCC-1,0,62,82,3811,6923
GAGTGTCAACCAGAAA-1,0,63,83,3756,7018
GTGATCCTTGTCATGA-1,0,62,84,3702,6922
CTCAACTAACCCGGAT-1,0,63,85,3647,7017
AGTGGCGTCTGAAGGT-1,0,62,86,3593,6921
GGGAAGGGCTTTCTCA-1,0,63,87,3537,7016
AGGCCTGAGAATCTCG-1,0,62,88,3483,6921
AGCCACAGGTTACCCG-1,0,63,89,3428,7016
TGCAATCTAACACGGT-1,0,62,90,3374,6920
GTTTGGGTTTCGCCCG-1,0,63,91,3319,7015
CCTATGTCCACTCCAC-1,0,62,92,3264,6920
CTGCCTTTCTAGTAAA-1,0,63,93,3209,7015
TTAGTAAACCTGCTCT-1,0,62,94,3155,6919
TTGTGGTGGTACTAAG-1,0,63,95,3100,7014
CCTCCTGTTGTGTCGT-1,0,62,96,3046,6919
ACAAAGCATGACCTAG-1,0,63,97,2991,7014
ATAGCAACTAGGGAAG-1,0,62,98,2936,6918
CCGCTCTTCCGAACTA-1,0,63,99,2881,7013
TAGAATAGCCGATGAA-1,0,62,100,2827,6918
GGTCTCCGTCCAGGTT-1,0,63,101,2772,7012
TAATTACGTCAGTAGA-1,0,62,102,2718,6917
TACGTAAAGCGGAGTG-1,0,63,103,2662,7012
GCTACAATCGAGGATA-1,0,62,104,2608,6916
TCAGCCAATCCGTAAA-1,0,63,105,2553,7011
ATCATAGCCCTATGTA-1,0,62,106,2499,6916
GAGGCCTGTTGATACA-1,0,63,107,2444,7011
ATATACGCTCGTGACG-1,0,62,108,2389,6915
CCCTTTAATGGAGTTC-1,0,63,109,2334,7010
TTACACGATCTGCGAC-1,0,62,110,2280,6915
TCGCATAAAGGGCGCA-1,0,63,111,2225,7010
TGTAGCCATCCCATTC-1,0,62,112,2171,6914
GGGTCTATCGCTTTCC-1,0,63,113,2115,7009
GGAGGGTCAAGTAAGA-1,0,62,114,2061,6914
TACGGCATGGACGCTA-1,0,63,115,2006,7008
CACGTCAATCAATGGA-1,0,62,116,1952,6913
CGCTTGGACGGATAGA-1,0,63,117,1897,7008
CGCGGTACGGTATACA-1,0,62,118,1842,6912
CCTACTCAACACGATT-1,0,63,119,1787,7007
CGTTTGGTGTTGTGGG-1,0,62,120,1733,6912
GTTGTTGCAAGATGGC-1,0,63,121,1678,7007
CATTCGTCGTAGCGGT-1,0,62,122,1624,6911
CAGCCTCGATAGCGGT-1,0,63,123,1568,7006
TCATAAGTCCAAGAAG-1,0,62,124,1514,6911
AAAGTGCCATCAATTA-1,0,63,125,1459,7006
GTTGCAGTCGACAACA-1,0,62,126,1405,6910
TAAATGGGCTACTGAG-1,0,63,127,1350,7005
GGACAAGCCATGATCG-1,0,64,0,8296,7136
TCCAATGCGTCGCCGC-1,0,65,1,8240,7231
AAAGAATGACCTTAGA-1,0,64,2,8186,7136
CCTATTATTCCGGCCG-1,0,65,3,8131,7230
CAGTAAGGGACGTCTC-1,0,64,4,8077,7135
GGGATGGACCCGCGTC-1,0,65,5,8022,7230
GACGCATACCCGTCGG-1,0,64,6,7967,7134
GGGCAGGATTTCTGTG-1,0,65,7,7912,7229
TATCTGAGCCGATATT-1,0,64,8,7858,7134
AATGTATGGCACTGTA-1,0,65,9,7803,7229
GCCTTTGTCAGTGGAC-1,1,64,10,7749,7133
AACCATAGGGTTGAAC-1,0,65,11,7693,7228
AAACTTAATTGCACGC-1,1,64,12,7639,7133
TAGGCGGCTGCAAAGA-1,0,65,13,7584,7228
TCCATCAATACTAATC-1,1,64,14,7530,7132
ACCTCGAACTTATGCT-1,0,65,15,7475,7227
ACAAACCATGCGTCCT-1,0,64,16,7420,7132
ACACCGGTCTGACCGC-1,0,65,17,7365,7226
ATGGCAGCATTACGAT-1,0,64,18,7311,7131
CTGGTGAATGGGCCTA-1,0,65,19,7256,7226
CACAGAGACGAGGACG-1,0,64,20,7202,7130
GCACAAACCCTAGATG-1,0,65,21,7147,7225
ACTATGTCCAGCTGCC-1,0,64,22,7092,7130
AAGCCGCCGTGAAATC-1,0,65,23,7037,7225
ATGGGTGTATACCTCC-1,0,64,24,6983,7129
TAAGCGCGAATCAAAT-1,0,65,25,6928,7224
AGCCCGGCATTAGAGG-1,0,64,26,6874,7129
GTGATCAAGCGTGCAC-1,0,65,27,6818,7224
CTGCCTTTAATACCTT-1,0,64,28,6764,7128
TACCTCCACACCAATG-1,0,65,29,6709,7223
GAGCATCAACAACTTG-1,0,64,30,6655,7128
CATACGAACTAGCTGG-1,0,65,31,6600,7223
GGGAACGGTTTCAGAT-1,0,64,32,6545,7127
AGGGTGCCGTTCTTTA-1,0,65,33,6490,7222
ACGACTGGTCATACTC-1,0,64,34,6436,7127
GGATCTTACTGCCCTT-1,0,65,35,6381,7221
TACTCCTCTAGTTGAC-1,0,64,36,6327,7126
GTAGCTCCGGGAGGCT-1,0,65,37,6271,7221
GGACTCGTGAGTGGTC-1,0,64,38,6217,7125
GTAGTTCGAAGGCGAA-1,0,65,39,6162,7220
CTCAAACCACTGCCCG-1,0,64,40,6108,7125
GAGGGAGTCAGATCGC-1,0,65,41,6053,7220
GCGTCCCTAAGACATA-1,0,64,42,5998,7124
TCTCTTACCGCGAACC-1,0,65,43,5943,7219
GGCTACTATACACTCC-1,0,64,44,5889,7124
CGTTGCCCGCGTGGGA-1,0,65,45,5834,7219
TATAGAGTCGCTTGAA-1,0,64,46,5780,7123
ATGTTGTAGTCTGTTT-1,0,65,47,5724,7218
AGTATACACAGCGACA-1,0,64,48,5670,7123
TGTGGTTGCTAAAGCT-1,0,65,49,5615,7217
TGATTCCCGGTTACCT-1,0,64,50,5561,7122
CACTGACGATTGTGGA-1,0,65,51,5506,7217
AACATTGTGACTCGAG-1,0,64,52,5451,7121
GTCCAATATTTAGCCT-1,0,65,53,5396,7216
GCTCTTTCCGCTAGTG-1,0,64,54,5342,7121
GGGTCAGGAGCTAGAT-1,0,65,55,5287,7216
AGGTGGTGACCTTCGC-1,0,64,56,5233,7120
CCCGGGTCGTTCAGGG-1,0,65,57,5177,7215
AGCCAAGCTTTGTGTC-1,0,64,58,5123,7120
TGTGGCGGGCTTCTGG-1,0,65,59,5068,7215
CGAGGGTATCCAGGTG-1,0,64,60,5014,7119
CGTTCAGACCCGCGAA-1,0,65,61,4959,7214
TCATATGAGCTTTGTT-1,0,64,62,4904,7119
AGTTGACGGTCCTTGC-1,0,65,63,4849,7213
ATAATTAGCTAAGTAG-1,0,64,64,4795,7118
GGTCTTGAGCGCTCTT-1,0,65,65,4740,7213
CGTTGTCGGCAATTGA-1,0,64,66,4686,7117
TCTTGCTCCCGATACT-1,0,65,67,4630,7212
AGCAGAAGGAGAAAGA-1,0,64,68,4576,7117
GAAGCCACTGATTATG-1,0,65,69,4521,7212
TGCTCTTGAGAGTTTG-1,0,64,70,4467,7116
GACATCCGTCGAACTG-1,0,65,71,4412,7211
AGATATAATACGACTA-1,0,64,72,4357,7116
TCGCTACTGGCTTTGA-1,0,65,73,4302,7211
GTGACAGCTTCCCACT-1,0,64,74,4248,7115
GTGACGCAGGTTTCAT-1,0,65,75,4193,7210
GGGAAGACGGTCTGTC-1,0,64,76,4139,7115
CGTCGCATGTGAGCCA-1,0,65,77,4083,7210
AGAAGGTTGTAGGTCG-1,0,64,78,4029,7114
GGCCGGCGTCTGCTAT-1,0,65,79,3974,7209
TTGACCAGGAACAACT-1,0,64,80,3920,7114
AGTCGTATAAAGCAGA-1,0,65,81,3865,7208
GGCGTAGGGAAAGCTG-1,0,64,82,3810,7113
AAACCTAAGCAGCCGG-1,0,65,83,3755,7208
ATTGCCTTTATGTTTG-1,0,64,84,3701,7112
CAGGCAGTCTTACCAG-1,0,65,85,3646,7207
AGCTAAGTACGCAGGC-1,0,64,86,3592,7112
AAATCCGATACACGCC-1,0,65,87,3537,7207
CGAGAGCTTTCACTAC-1,0,64,88,3482,7111
CGCCCAGCGTTTCACG-1,0,65,89,3427,7206
TTAAGTATTGTTATCC-1,0,64,90,3373,7111
AAACGGGCGTACGGGT-1,0,65,91,3318,7206
GTATCCTTTGGTAACC-1,0,64,92,3264,7110
CATAGTCAAATACATA-1,0,65,93,3208,7205
TCTATGCTATAACGAC-1,0,64,94,3154,7110
ACGTTCTGTACAAGTC-1,0,65,95,3099,7204
CGCGAAGTGGCATACT-1,0,64,96,3045,7109
ACCAACCGCACTCCAC-1,0,65,97,2990,7204
GTCATGCGCGAGGGCT-1,0,64,98,2935,7108
TAGGCTAAAGTGGCAC-1,0,65,99,2880,7203
TGGCTACACTCTACCT-1,0,64,100,2826,7108
TGTCCACGGCTCAACT-1,0,65,101,2771,7203
AATTGCAGCAATCGAC-1,0,64,102,2717,7107
GTCAACCAGGCCTATA-1,0,65,103,2661,7202
ATCTTATCGCACACCC-1,0,64,104,2607,7107
GTCTATTGCATGCTCG-1,0,65,105,2552,7202
GCACGTGGTTTACTTA-1,0,64,106,2498,7106
ATTCGCGCCTTGAGAG-1,0,65,107,2443,7201
AGCGATGCGCCTAATA-1,0,64,108,2388,7106
TCTATAGGTGGGTAAT-1,0,65,109,2333,7201
AGATACCAATAGAACC-1,0,64,110,2279,7105
CGTGTATGGGAGCTGA-1,0,65,111,2224,7200
ATGTACATGCGGTGAG-1,0,64,112,2170,7104
TTGGCTCAATATGTGT-1,0,65,113,2114,7199
GTTCGGAGCACTCAAC-1,0,64,114,2060,7104
TCCCTCTTCTCAAGGG-1,0,65,115,2005,7199
TTACGTATCTATGACA-1,0,64,116,1951,7103
CCCATATAGGTCGATT-1,0,65,117,1896,7198
GTCCACGTCGCATTCG-1,0,64,118,1841,7103
AATTGTGGTTGCCAAA-1,0,65,119,1786,7198
AGGAACGAACGACTTC-1,0,64,120,1732,7102
TAATTCCAATGCTTCA-1,0,65,121,1677,7197
AGGGCCCTAATGTTCT-1,0,64,122,1623,7102
AGGTGTTGCCGACCAC-1,0,65,123,1567,7197
CTGAGAGTAGAAATAC-1,0,64,124,1513,7101
TAGAAGAAGGGTTACA-1,0,65,125,1458,7196
GGTGACTGATAGAGAG-1,0,64,126,1404,7101
TACCCTCGGTAACCCT-1,0,65,127,1349,7195
TGTAAGACTGATAAGA-1,0,66,0,8295,7326
GTCACTCATGAGCGAT-1,0,67,1,8239,7421
CGGTTTACTGAACATT-1,0,66,2,8185,7326
GAGATCGATCTTACTC-1,0,67,3,8130,7421
TCTTTCATCCGTCCTT-1,0,66,4,8076,7325
TCGGATCTGGATGACC-1,0,67,5,8021,7420
GTCCTAGGATACCTTA-1,0,66,6,7966,7325
TGTACCCGACCCTAAT-1,0,67,7,7911,7420
AGGTTCTCCTTTCCGG-1,0,66,8,7857,7324
AATTGCGTGGATTACA-1,0,67,9,7802,7419
CGATAGCGATACAGTG-1,0,66,10,7748,7324
CGCCCTAATTGTTCAA-1,0,67,11,7693,7419
ATTATGAGACCCAATT-1,0,66,12,7638,7323
CCTCCTAGCTAGAGTC-1,0,67,13,7583,7418
CGAAGGGTTTCAGATT-1,0,66,14,7529,7323
CACAAGCTAAGAAAGG-1,0,67,15,7474,7417
CACCGGTAGAGACATT-1,0,66,16,7420,7322
ACTCATGGCAGCCTTC-1,0,67,17,7364,7417
CATCCAATATAGTTTG-1,0,66,18,7310,7321
CAGATATGAAGATGAC-1,0,67,19,7255,7416
GCAAAGGGCGTTAGCC-1,0,66,20,7201,7321
CTGTTGTTCAGTCGTA-1,0,67,21,7146,7416
AAAGGCCCTATAATAC-1,0,66,22,7091,7320
AACATTGAAGTTGATC-1,0,67,23,7036,7415
GCTAGCGATAGGTCTT-1,0,66,24,6982,7320
ATTGCCTATTAGACCG-1,0,67,25,6927,7415
GGGCGTTTACATTCAT-1,0,66,26,6873,7319
CCTCTACAAGGATTGG-1,0,67,27,6817,7414
AGTGACTGTGACACAA-1,0,66,28,6763,7319
AGCCCTCCCTGGTGGC-1,0,67,29,6708,7413
CGGTTGAGTATCCTTC-1,0,66,30,6654,7318
CATTATCCCATTAACG-1,0,67,31,6599,7413
AATGTGCTAATCTGAG-1,0,66,32,6544,7317
CTTAGTTGAGGAATCG-1,0,67,33,6489,7412
CTTCTGGGCGTACCTA-1,0,66,34,6435,7317
AGTCAAATGATGTGAT-1,0,67,35,6380,7412
TGAACAAGCAGGGACT-1,0,66,36,6326,7316
AATACCGGAGGGCTGT-1,0,67,37,6270,7411
GTTTGGTGATCGGTGC-1,0,66,38,6216,7316
GACTGCTGGTGAGAAA-1,0,67,39,6161,7411
CGATCCTCGCAACATA-1,0,66,40,6107,7315
CCAACCTTATGTAACT-1,0,67,41,6052,7410
CGTGGTACCCAAAGGC-1,0,66,42,5997,7315
AACCCGACAACCCGTG-1,0,67,43,5942,7409
TATGTAAAGTGCTTAA-1,0,66,44,5888,7314
GCAAGTGTAAAGCATG-1,0,67,45,5833,7409
GTAACTGCCCAAGGAG-1,0,66,46,5779,7313
GGTGCATAAATGATTA-1,0,67,47,5723,7408
TAGTCCCGGAGACCAC-1,0,66,48,5669,7313
CGGCCAGAGCGACCAT-1,0,67,49,5614,7408
TGAATGAGTGTTTCCC-1,0,66,50,5560,7312
TTCACTTCCTAGAACG-1,0,67,51,5505,7407
CGCTTAGTATTGATAC-1,0,66,52,5450,7312
AACGCGACCTTGGGCG-1,0,67,53,5395,7407
GTGCACCAGCTTCAAC-1,0,66,54,5341,7311
TTCTATTAAACGCAGC-1,0,67,55,5286,7406
TGGCAAGCACAAGTCG-1,0,66,56,5232,7311
ATCTGCTGTTATCGCC-1,0,67,57,5176,7406
AATTCCAAGCATGTAC-1,0,66,58,5122,7310
AAACGGTTGCGAACTG-1,0,67,59,5067,7405
GAAGGAGTCGAGTGCG-1,0,66,60,5013,7310
GGCAAGCCCATAGTGG-1,0,67,61,4958,7404
TGACCAAATCTTAAAC-1,0,66,62,4903,7309
TTCGGTACTGTAGAGG-1,0,67,63,4848,7404
ATGTACGATGACGTCG-1,0,66,64,4794,7308
ATCTAGCTTGTGAGGG-1,0,67,65,4739,7403
AGCGGGTCTGACACTC-1,0,66,66,4685,7308
GAGGTACGCGTGTCCC-1,0,67,67,4629,7403
GCACTGCCTACCTTTA-1,0,66,68,4575,7307
GGAGCGAGGCCTACTT-1,0,67,69,4520,7402
AAACTCGGTTCGCAAT-1,0,66,70,4466,7307
GGCGCTTCATTCCCTG-1,0,67,71,4411,7402
TGCTCGGTGGGTCACC-1,0,66,72,4356,7306
AAGCGCAGGGCTTTGA-1,0,67,73,4301,7401
GACCTTCCACGTCTAC-1,0,66,74,4247,7306
GTTAGCCCATGACATC-1,0,67,75,4192,7400
AATTCGATTCGAGGAT-1,0,66,76,4138,7305
AGTCTTTAAAGTGTCC-1,0,67,77,4082,7400
GACTAGGCCGTTAGGT-1,0,66,78,4028,7304
TCCAAGCCTAGACACA-1,0,67,79,3973,7399
GATTGGGAAAGGTTGT-1,0,66,80,3919,7304
GATGAGGAACCTTCGG-1,0,67,81,3864,7399
TGAATACCGACGCGTA-1,0,66,82,3809,7303
AATCGTGAGCCGAGCA-1,0,67,83,3754,7398
GCGAAGAATCTGACGG-1,0,66,84,3700,7303
GAACAACTGGGATGAA-1,0,67,85,3645,7398
TCGCCGACATATTCGC-1,0,66,86,3591,7302
CGTAGAGAGTAATTAT-1,0,67,87,3536,7397
CGATAGTCGTACTGCA-1,0,66,88,3481,7302
CGCATGCCGAATGCGT-1,0,67,89,3426,7397
CTCTAGCCCTCGGAAA-1,0,66,90,3372,7301
TCCAACTCAGCTATCT-1,0,67,91,3317,7396
GTCTAGTGAGCCGCTT-1,0,66,92,3263,7300
TACCGAATAATTGTAA-1,0,67,93,3207,7395
ATATAACACGGGCGCA-1,0,66,94,3153,7300
GCATGCTAATAACGAT-1,0,67,95,3098,7395
TCCGGGCTTGACGGGA-1,0,66,96,3044,7299
ATTATTCAGAGTCACT-1,0,67,97,2989,7394
TAGCAGTATGACTAAA-1,0,66,98,2934,7299
TATGAAGAATTAAGGT-1,0,67,99,2879,7394
CAAGGCCAGTGGTGCA-1,0,66,100,2825,7298
TGCGTACGGCTAATTG-1,0,67,101,2770,7393
CAGATAATGGGCGGGT-1,0,66,102,2716,7298
GAGAACGGTTCTGACT-1,0,67,103,2660,7393
CGCTTCGGTCTAAGAC-1,0,66,104,2606,7297
AGCATTACGAGGCAAG-1,0,67,105,2551,7392
AAGTTGTGATGTTATA-1,0,66,106,2497,7297
TTGCTCATAGTACGTG-1,0,67,107,2442,7391
TACTTAAACATGTACA-1,0,66,108,2387,7296
AGTGAGTCGAATTAAC-1,0,67,109,2332,7391
TAGGCCTATATAGTCT-1,0,66,110,2278,7295
ACTCGCCGTTCGATAA-1,0,67,111,2223,7390
GGTACGTTGCGGCCGG-1,0,66,112,2169,7295
TATTGCCGGGCTTGTA-1,0,67,113,2113,7390
GGTAAACTCTGCGCTG-1,0,66,114,2059,7294
TCCCTTGTCTGAAACT-1,0,67,115,2004,7389
CATGATCGCTTTGAGA-1,0,66,116,1950,7294
GGACGGGCGACCAACC-1,0,67,117,1895,7389
GAGAGGCCTATGTGTA-1,0,66,118,1840,7293
TCGTAACTCCCAAGAC-1,0,67,119,1785,7388
CGTATCTAGAACTAAG-1,0,66,120,1731,7293
GCACCTTCCCGAAGGT-1,0,67,121,1676,7387
TACCTCTTTACCATCC-1,0,66,122,1622,7292
TGACTCTAACTGGTAA-1,0,67,123,1566,7387
GAGAAACTGGATCCCA-1,0,66,124,1512,7291
ATCCGGACCAGCCTGA-1,0,67,125,1457,7386
TTATTTAGGTTCCTTA-1,0,66,126,1403,7291
CGAATTCCCGGTTCAA-1,0,67,127,1348,7386
TAGTTTGATCGGTCGC-1,0,68,0,8294,7517
AGTCGAAACGATTCAG-1,0,69,1,8239,7612
ACGTCGGGCAACTCGG-1,0,68,2,8184,7516
ACTTGCTCTATCTACC-1,0,69,3,8129,7611
ATTACGGGCTACGGTT-1,0,68,4,8075,7516
GCAAACGTAAGCGACC-1,0,69,5,8020,7611
TTCGGACTGGGCATGG-1,0,68,6,7966,7515
GGGCCATTCGTGCTGG-1,0,69,7,7910,7610
GAGTTGTCACCAGTCT-1,0,68,8,7856,7515
AGTAATTTGCAAGCGT-1,0,69,9,7801,7609
GTGGCCGGTTTCTCGG-1,0,68,10,7747,7514
ATCTTAGGGCATTAAT-1,0,69,11,7692,7609
CTACATATCGCGGGAC-1,0,68,12,7637,7513
ATGGTATTTACTGATT-1,0,69,13,7582,7608
CCGTCAACCTCTGGCG-1,0,68,14,7528,7513
GCTTCGACGTTCAATC-1,0,69,15,7473,7608
GACCGATTAAATATGT-1,0,68,16,7419,7512
GTCGAATTTGGGCGCT-1,0,69,17,7363,7607
TCACGGCCCAAGAGAG-1,0,68,18,7309,7512
CTACGATCCTATCCTA-1,0,69,19,7254,7607
TGCAGTGGTAGGGAAC-1,0,68,20,7200,7511
TTGCCTAATCCAAAGT-1,0,69,21,7145,7606
AGCGAGACGTGAAGGC-1,0,68,22,7090,7511
TTCTACCTCAATCGGT-1,0,69,23,7035,7605
TACGCTGCTGTGTTAA-1,0,68,24,6981,7510
TAGTCCTGCACTAAGC-1,0,69,25,6926,7605
AGCACACGTTTAGACT-1,0,68,26,6872,7509
GTTCGACAATTGTATA-1,0,69,27,6816,7604
CCATGTTCATCTATAT-1,0,68,28,6762,7509
CCCTCGATAATACACA-1,0,69,29,6707,7604
ACTGCCCGCCATTCTC-1,0,68,30,6653,7508
CTATATCCAGCCTGGC-1,0,69,31,6598,7603
CGCACGTCTGTTTATG-1,0,68,32,6543,7508
AATCAGGTTTCATTTA-1,0,69,33,6488,7603
AGAGAAACACCAGAAA-1,0,68,34,6434,7507
ACCCGATTGGTTCCGA-1,0,69,35,6379,7602
TACCAGGAATCCCGTC-1,0,68,36,6325,7507
AAGTGCTTCTCTATTG-1,0,69,37,6269,7602
TGCATGTGACCCATAG-1,0,68,38,6215,7506
TAGATTCAAAGTGCGG-1,0,69,39,6160,7601
AGGGTCAGAGCACTCG-1,0,68,40,6106,7506
GTGAGATAACCTTATA-1,0,69,41,6051,7600
GTGTCAGTGTACGTGG-1,0,68,42,5996,7505
CTGTAGTGAGGATCGA-1,0,69,43,5941,7600
GATAGTGCGAGTAAGT-1,0,68,44,5887,7504
AGGGTTCAGACGGTCC-1,0,69,45,5832,7599
GGACTCGACAGCGCAT-1,0,68,46,5778,7504
CACTCTCAAGCATCGA-1,0,69,47,5722,7599
GAGCGGAATGCGGTGT-1,0,68,48,5668,7503
CAGTTCGAGGACCCGA-1,0,69,49,5613,7598
CGTAACTTCGACACTT-1,0,68,50,5559,7503
TGATCACCACACTGAC-1,0,69,51,5504,7598
CATACTTCTTTCTCCG-1,0,68,52,5449,7502
CAAGTAAGTGATAGAC-1,0,69,53,5394,7597
AGCCCGCAACAAGCAG-1,0,68,54,5340,7502
GCTCCATGCAAAGCAA-1,0,69,55,5285,7596
TCGTACCGACGTCAAG-1,0,68,56,5231,7501
ATTATCGGAATGTACG-1,0,69,57,5175,7596
ACCTACTATAAATCTA-1,0,68,58,5121,7500
TATCCTATCAACTGGT-1,0,69,59,5066,7595
GCGCGGTCTAGTAACT-1,0,68,60,5012,7500
CCTTCGTATAGAATCC-1,0,69,61,4957,7595
TGGGCGATACAATAAG-1,0,68,62,4902,7499
TGACATGTAACGTGAC-1,0,69,63,4847,7594
TTGGGAAGACGAGCCG-1,0,68,64,4793,7499
GGTGTAAATCGATTGT-1,0,69,65,4738,7594
GAACTGTGGAGAGACA-1,0,68,66,4684,7498
TCCACATCGTATATTG-1,0,69,67,4628,7593
CCTATGGTCAAAGCTG-1,0,68,68,4574,7498
TCCTTGTCCTTTAATT-1,0,69,69,4519,7592
AAGTTTATGGGCCCAA-1,0,68,70,4465,7497
GTCCGGGTTCACATTA-1,0,69,71,4410,7592
ATGTAGCGCGCGTAGG-1,0,68,72,4355,7496
TACGGAAGCCAAACCA-1,0,69,73,4300,7591
GCCCTGAGGATGGGCT-1,0,68,74,4246,7496
CGGGCGATGGATCACG-1,0,69,75,4191,7591
TGCGGACTTGACTCCG-1,0,68,76,4137,7495
TAATACTAGAACAGAC-1,0,69,77,4082,7590
TCAAATTGTTGTGCCG-1,0,68,78,4027,7495
GGGCAGTCAACGCCAA-1,0,69,79,3972,7590
TCGCTGCCAATGCTGT-1,0,68,80,3918,7494
TACGTGGGCCCAGGGC-1,0,69,81,3863,7589
GCCTACGTTCTGTGCA-1,0,68,82,3809,7494
TTGCGTGTGTAGGCAT-1,0,69,83,3753,7589
TCCTAAAGATTCAGAC-1,0,68,84,3699,7493
TGGGTGCACAAGCCAT-1,0,69,85,3644,7588
GGGAGCGACCGTAGTG-1,0,68,86,3590,7493
CATAGAGGAGATACTA-1,0,69,87,3535,7587
CTTCGATTGCGCAAGC-1,0,68,88,3480,7492
GTGCCTGAGACCAAAC-1,0,69,89,3425,7587
TCATCCTCAGCTGCTT-1,0,68,90,3371,7491
TGCAACTACTGGTTGA-1,0,69,91,3316,7586
ATGTTGATTAGAGACT-1,0,68,92,3262,7491
GTTTCTAGAGGCGCGG-1,0,69,93,3206,7586
TACAAGGGCTTCTTTA-1,0,68,94,3152,7490
ACAGGCACGGATCCTT-1,0,69,95,3097,7585
CCCAAGTCATTACACT-1,0,68,96,3043,7490
ACTCTGACCTAATAGA-1,0,69,97,2988,7585
GGATGGCTTGAAGTAT-1,0,68,98,2933,7489
ACCCTCCCGTCAGGGC-1,0,69,99,2878,7584
AGCTTCTTCTCGAGCA-1,0,68,100,2824,7489
TTGCGCTTGATCAATA-1,0,69,101,2769,7583
TGGGTGTAATAGATTT-1,0,68,102,2715,7488
CATGGTTTATTAATCA-1,0,69,103,2659,7583
TTGCCTTCTCGCCGGG-1,0,68,104,2605,7487
TTAAAGTAAGTCGCCA-1,0,69,105,2550,7582
AGTTGGCAAGGCTAGA-1,0,68,106,2496,7487
CCGCACTTGCAATGAC-1,0,69,107,2441,7582
AATGTTGTCGTGAGAC-1,0,68,108,2386,7486
CCAAGGTTGCCCTTTC-1,0,69,109,2331,7581
TGTGACTAGAGTTTGC-1,0,68,110,2277,7486
TTGTGATCTGTTCAGT-1,0,69,111,2222,7581
GGAGTTGATTCTGTGT-1,0,68,112,2168,7485
GTAGTGAGCAACCTCA-1,0,69,113,2112,7580
AAGACATACGTGGTTT-1,0,68,114,2058,7485
CATCCCGAGATTCATA-1,0,69,115,2003,7580
GGCCGCAGGAACCGCA-1,0,68,116,1949,7484
CCAGAAACTGATGCGA-1,0,69,117,1894,7579
ACCCGTAGTCTAGTTG-1,0,68,118,1839,7483
AGGGTCTGGACGCAGT-1,0,69,119,1784,7578
TTGAAACCCTCATTCC-1,0,68,120,1730,7483
TCAATCCCGCGCCAAA-1,0,69,121,1675,7578
AGGACATCGGCACACT-1,0,68,122,1621,7482
GACAAGACGCCCGTGC-1,0,69,123,1565,7577
GAGTAAATTAAGAACC-1,0,68,124,1511,7482
TAAGTCGGTGAGCTAG-1,0,69,125,1456,7577
CTTACTGACTCCTCTG-1,0,68,126,1402,7481
TTAACTGATCGTTTGG-1,0,69,127,1347,7576
GGGCGATCCATAGGCC-1,0,70,0,8293,7707
CGTATTGTTTGGCGCC-1,0,71,1,8238,7802
CGCGTGGGCCTGTGTT-1,0,70,2,8183,7707
AAATCTGCCCGCGTCC-1,0,71,3,8128,7801
GCTGAAGGGTTCTTGG-1,0,70,4,8074,7706
TAATTGCGCTGATTAC-1,0,71,5,8019,7801
TCGCGCGTTTACATGA-1,0,70,6,7965,7705
TAACTGAAATACGCCT-1,0,71,7,7909,7800
CCTGTCGTGTATGAAG-1,0,70,8,7855,7705
CGGGAACGCCCTGCAT-1,0,71,9,7800,7800
AGTTGCGGTCCTCAAC-1,0,70,10,7746,7704
GGGTCCTTGGAAGAAG-1,0,71,11,7691,7799
CGGGAAGTACCGTGGC-1,0,70,12,7636,7704
ACGGTCACCGAGAACA-1,0,71,13,7581,7799
TAGACTCAGTTGGCCT-1,0,70,14,7527,7703
CCTTCCGCAACGCTGC-1,0,71,15,7472,7798
CAGTGTTAATCTCTCA-1,0,70,16,7418,7703
CAGGCCAGTACCACCT-1,0,71,17,7362,7798
GATCGCTGTGGTGCGT-1,0,70,18,7308,7702
GTATCTCGGGCGCTTT-1,0,71,19,7253,7797
CCGGGCTAAGAATTTC-1,0,70,20,7199,7702
CTTCACGCCCTGGTAC-1,0,71,21,7144,7796
CGGATGAATGCTGTGA-1,0,70,22,7089,7701
CTCTGCAGGCATTCTT-1,0,71,23,7034,7796
TCAAAGTCACGGCGTC-1,0,70,24,6980,7700
TGGGTTTCGGGCGTAC-1,0,71,25,6925,7795
TGCTATGGCAAAGGGA-1,0,70,26,6871,7700
TTCACGGTCGTCACGT-1,0,71,27,6815,7795
CGTAAAGCAAGAAATC-1,0,70,28,6761,7699
CTGATCCCTTTATGCA-1,0,71,29,6706,7794
GAGTATACCCTAATCA-1,0,70,30,6652,7699
CCACGGCAGGTGTAGG-1,0,71,31,6597,7794
ACGTACTTTGGCACGG-1,0,70,32,6542,7698
CCTGAGAATAAATGCA-1,0,71,33,6487,7793
TTGATGCCGCTCGTCG-1,0,70,34,6433,7698
GCCAGGAAAGAACACT-1,0,71,35,6378,7792
TCCGACCGCTAATCAA-1,0,70,36,6324,7697
TATATCAAAGTGATCT-1,0,71,37,6268,7792
CCTCGGTTTCCTTGCC-1,0,70,38,6214,7696
TAAATTTAGTAACACC-1,0,71,39,6159,7791
CTCGTTACGGCTACCA-1,0,70,40,6105,7696
GCCGTCGGTTTCGGGC-1,0,71,41,6050,7791
GTTCCGTCCGCCTGCA-1,0,70,42,5995,7695
CTAGGGATAGGGACAA-1,0,71,43,5940,7790
GTCCAGGCACGTGTGC-1,0,70,44,5886,7695
GAGGAATATCTCTTTG-1,0,71,45,5831,7790
CGTTCAAGGAAACGGA-1,0,70,46,5777,7694
GTGGGAACAAACCGGG-1,0,71,47,5721,7789
GGGCACGTAGTACTGT-1,0,70,48,5667,7694
ACTACAAAGAGAGGTG-1,0,71,49,5612,7788
GGTGTAGGTAAGTAAA-1,0,70,50,5558,7693
CCTGTTCAACCTCGGG-1,0,71,51,5503,7788
TGAGGTGTGTGGCGGA-1,0,70,52,5448,7692
ATTGTCTGTTTCATGT-1,0,71,53,5393,7787
GCCGGTCGTATCTCTC-1,0,70,54,5339,7692
ATATGGGATAGCAACT-1,0,71,55,5284,7787
GATAGAACCCGCTAGG-1,0,70,56,5230,7691
ATCCCATTTCCGTGGG-1,0,71,57,5174,7786
GATGCTACCTTCGATG-1,0,70,58,5120,7691
TGCAAAGTTCGTCTGT-1,0,71,59,5065,7786
GTTCAGTCGCCAAATG-1,0,70,60,5011,7690
GTCTCCGCCTCAATAC-1,0,71,61,4956,7785
AGTAGAAGGCGCCTCA-1,0,70,62,4901,7690
GTTGTAGATTTATGAG-1,0,71,63,4846,7785
CTATTTGCTTGGAGGA-1,0,70,64,4792,7689
AGCCATATAGTATGTG-1,0,71,65,4737,7784
TGTTCCGGCCTGAGCT-1,0,70,66,4683,7689
TGCCGTGGGACCCAAT-1,0,71,67,4627,7783
TTGCAAGAAGACTCCT-1,0,70,68,4573,7688
CCGCTCCAGGGCGATC-1,0,71,69,4518,7783
CAAACCCTCCGGCGGG-1,0,70,70,4464,7687
CGGACCTTTACGTCCC-1,0,71,71,4409,7782
ACGTAGGAGAGTCGCT-1,0,70,72,4355,7687
CTGCGACCTCGCCGAA-1,0,71,73,4299,7782
GGCCCAGCTGGTTTGC-1,0,70,74,4245,7686
GGATTAATCATGGACC-1,0,71,75,4190,7781
GAGATGGCTTTAATCA-1,0,70,76,4136,7686
AGTACAGAAGCTTATA-1,0,71,77,4081,7781
GCGGCTTTAGCAAGTT-1,0,70,78,4026,7685
ACCGAGTCTCCTTATT-1,0,71,79,3971,7780
GACCACACTTCCCTTT-1,0,70,80,3917,7685
TGTAGCCAATTCCGTT-1,0,71,81,3862,7779
CTCGTCTGTGCCTTCG-1,0,70,82,3808,7684
GGACTCTTTGACTAAG-1,0,71,83,3752,7779
TCATCGACGACCGTCG-1,0,70,84,3698,7683
TACTACGTGCAATGCG-1,0,71,85,3643,7778
CCCTACTTGAACAATG-1,0,70,86,3589,7683
GCAGCTGTCAACGCAT-1,0,71,87,3534,7778
ATCTACCATCTGCTCC-1,0,70,88,3479,7682
TCTCAAATCAATCGGG-1,0,71,89,3424,7777
ACTCCGGCCGACCACT-1,0,70,90,3370,7682
TACACCTCTTCGAATC-1,0,71,91,3315,7777
GTGGCTGTTTCTGTTC-1,0,70,92,3261,7681
ACGACTCTAGGGCCGA-1,0,71,93,3205,7776
TCGTTTACGCGACCCT-1,0,70,94,3151,7681
AGGATATCCGACTGCA-1,0,71,95,3096,7775
GACACTTCCAATTACC-1,0,70,96,3042,7680
ACGGTACAGTTCAATG-1,0,71,97,2987,7775
CTTGATGACCATCCAG-1,0,70,98,2932,7679
CTGGTAAAGACTTACA-1,0,71,99,2877,7774
CTTGCCCACCCACGCA-1,0,70,100,2823,7679
CATTACGCAGGAAGGG-1,0,71,101,2768,7774
GGACAACCATGAAGCC-1,0,70,102,2714,7678
GTTATCAAGCTATCGA-1,0,71,103,2658,7773
AGGTGCACGTCCACAT-1,0,70,104,2604,7678
AAAGAATGTGGACTAA-1,0,71,105,2549,7773
ACCAAGTCATCGGCAG-1,0,70,106,2495,7677
AGTAACTATAGCAGCC-1,0,71,107,2440,7772
GGGAAAGAATGCCAAC-1,0,70,108,2385,7677
AATCGGTATAGCCCTC-1,0,71,109,2330,7772
GGCACTGCGGTGGTTT-1,0,70,110,2276,7676
CGTCCTCATCGCGTGC-1,0,71,111,2221,7771
CTTAACTTACAGTATA-1,0,70,112,2167,7676
GTGAGTCGACTAATAG-1,0,71,113,2111,7770
TGTACTTCCGGGCATG-1,0,70,114,2057,7675
CACAAACCGCAGAACT-1,0,71,115,2002,7770
GCTTTACACAACTGGG-1,0,70,116,1948,7674
CACCGATGATGGGTAC-1,0,71,117,1893,7769
TCAATATACAGGAGGC-1,0,70,118,1838,7674
AACGACCTCCTAGCCG-1,0,71,119,1783,7769
GTTACCAAGGCGTACG-1,0,70,120,1729,7673
TAGCTCACTGTGTTTG-1,0,71,121,1674,7768
TCGGCAGGGTTAAGGG-1,0,70,122,1620,7673
TGTTAACAAAGTGACT-1,0,71,123,1564,7768
CAGAGCGATGGATGCT-1,0,70,124,1510,7672
CATAGTGGGCACGCCT-1,0,71,125,1455,7767
AAACGCTGGGCACGAC-1,0,70,126,1401,7672
TGTTCTCATACTATAG-1,0,71,127,1346,7766
TCCGCTGGGTCGATCG-1,0,72,0,8292,7897
TTAGCATCCCTCACGT-1,0,73,1,8237,7992
AGCCTTGTCACTGATA-1,0,72,2,8182,7897
GTTTCTTGTTAGAGCT-1,0,73,3,8127,7992
TCGGAGTCCTGGTTGC-1,0,72,4,8073,7896
ACGGGTTGTGACCTGT-1,0,73,5,8018,7991
TGACAGAAATCTTGCT-1,0,72,6,7964,7896
TAGCCATGATTGCCTA-1,0,73,7,7908,7991
CGAAGCCACAGCATGG-1,0,72,8,7854,7895
ACCCGTAGCAGAGAAT-1,0,73,9,7799,7990
AGCTTGATCAGGGTAG-1,0,72,10,7745,7895
CTATAAGTAGGGTTTG-1,0,73,11,7690,7990
TATAGTTAGGTGTACT-1,0,72,12,7635,7894
TACGCTGATAGTTGTA-1,0,73,13,7580,7989
TTCTCAATTGCTACAA-1,0,72,14,7526,7894
GTTGCCCTAACGGGTG-1,0,73,15,7471,7988
GACATTTCGCCCAGCC-1,0,72,16,7417,7893
GTAACTACGTAGACCT-1,0,73,17,7361,7988
CCAGTGTACAGACCGA-1,0,72,18,7307,7892
GCCCGATGCCCAGTTC-1,0,73,19,7252,7987
CGAACCTCTTTCCTAG-1,0,72,20,7198,7892
CATGCACATGAGAGGC-1,0,73,21,7143,7987
CCAAATCAAAGGGCAA-1,0,72,22,7088,7891
GTAGTTTAAGCACACG-1,0,73,23,7033,7986
TAAGTGAATAGTCTAC-1,0,72,24,6979,7891
GGTCCACGTCTATTTG-1,0,73,25,6924,7986
CCCTCAGATCGAGAAC-1,0,72,26,6870,7890
ACATTCGCGCGGAATA-1,0,73,27,6814,7985
CTATGAACACCTTGCC-1,0,72,28,6760,7890
CGAATGGTAGGTCGTC-1,0,73,29,6705,7984
TCGACATAGCGTAGCG-1,0,72,30,6651,7889
GACGTTGCTCGGCGGC-1,0,73,31,6596,7984
CTCGAGGCAAGTTTCA-1,0,72,32,6541,7888
GCTGGGAGCGCGTCAA-1,0,73,33,6486,7983
GACGATATCACTGGGT-1,0,72,34,6432,7888
CAGCTCTGGGCTCACT-1,0,73,35,6377,7983
TAGTCTGCGGCACATT-1,0,72,36,6323,7887
TGGTCGATATACCTCT-1,0,73,37,6267,7982
TTCAGTTCAAGAGGAG-1,0,72,38,6213,7887
GTCTGTAGGTTGAACA-1,0,73,39,6158,7982
GAGAGTCTCGGGAGAG-1,0,72,40,6104,7886
TTGTTTGTATTACACG-1,0,73,41,6049,7981
GCACAGCACGGGCCGA-1,0,72,42,5994,7886
AAACAGTGTTCCTGGG-1,0,73,43,5939,7981
TGGAGAATAATCGTCC-1,0,72,44,5885,7885
CGCCGCGTTCTGAACG-1,0,73,45,5830,7980
CATGCGTTGAGAGGAG-1,0,72,46,5776,7885
TACGCTCCTAGAACTG-1,0,73,47,5720,7979
CCTTGTGAACGTGGTT-1,0,72,48,5666,7884
TTAAAGGCGATGCTCG-1,0,73,49,5611,7979
TAAAGTGCACGTCTCG-1,0,72,50,5557,7883
TGTCCGCAAACAATTC-1,0,73,51,5502,7978
AGGCCTATCATACCAA-1,0,72,52,5447,7883
ACTGGGATGCCAGTGC-1,0,73,53,5392,7978
CGATCCACCATTGTTG-1,0,72,54,5338,7882
GGGCATGCATGTCGAG-1,0,73,55,5283,7977
TCCAGGCAGGACGATC-1,0,72,56,5229,7882
CAATGACCCTTAATTT-1,0,73,57,5173,7977
ATCAAGATCCCAGGAC-1,0,72,58,5119,7881
CTCAGAGCTAATGTCG-1,0,73,59,5064,7976
CTGCGATTTCGAGATT-1,0,72,60,5010,7881
ATGGTATTGGGAACCG-1,0,73,61,4955,7975
TAGGTTCTGCTGAGAA-1,0,72,62,4900,7880
GCCTGTCCCGGTGCAT-1,0,73,63,4845,7975
GGCCTGCTCTGATGTT-1,0,72,64,4791,7879
TAGAGGGAGTTTATCT-1,0,73,65,4736,7974
CTCTACATCCTGCGTG-1,0,72,66,4682,7879
ACACATTTCCGTAGAC-1,0,73,67,4627,7974
TGGGTGTTAAGTAGAA-1,0,72,68,4572,7878
GAGCTCAACATGAGCG-1,0,73,69,4517,7973
GCACACAGCTATTACC-1,0,72,70,4463,7878
GCGACGGTAGTCTCCT-1,0,73,71,4408,7973
GTATCAAGGTACTTCC-1,0,72,72,4354,7877
GGAAAGGGAATTGAGC-1,0,73,73,4298,7972
TACACAGCCGTGGTGC-1,0,72,74,4244,7877
CGGTTGGGCAGGGTCC-1,0,73,75,4189,7971
GCACGCCGATTCCCGC-1,0,72,76,4135,7876
CGCTTTCCGCCAAGGT-1,0,73,77,4080,7971
TGCCCGATAGTTAGAA-1,0,72,78,4025,7875
TCAGAACGGCGGTAAT-1,0,73,79,3970,7970
CCACTCAGATCCGCAA-1,0,72,80,3916,7875
GAAGGGTCATTAAGAC-1,0,73,81,3861,7970
GCGGTCTTGCTTTCAC-1,0,72,82,3807,7874
GGAAGGACACCGTATA-1,0,73,83,3751,7969
CGCGGGAATTCCTTTC-1,0,72,84,3697,7874
TCTATCCGATTGCACA-1,0,73,85,3642,7969
TACTCGTTTGAATCAA-1,0,72,86,3588,7873
GTCTGCCGACTCGACG-1,0,73,87,3533,7968
TACGGGTAATAACATA-1,0,72,88,3478,7873
CCAGTTCGGTAACTCA-1,0,73,89,3423,7968
CGTGCACACCACTGTA-1,0,72,90,3369,7872
CTTCAGTTGGACAACG-1,0,73,91,3314,7967
TGATCTATCACACTCT-1,0,72,92,3260,7872
TAGCAGATACTTAGGG-1,0,73,93,3204,7966
CACCGGGCATCACAAG-1,0,72,94,3150,7871
AGTGGCCCGCAAATGG-1,0,73,95,3095,7966
CTCGCTAGGTAAGCGA-1,0,72,96,3041,7870
GATAGATAGTACAGTC-1,0,73,97,2986,7965
CGAGACTACTGCTGCT-1,0,72,98,2931,7870
ACATTTGAAACCTAAC-1,0,73,99,2876,7965
GACACAGCCGGGACTG-1,0,72,100,2822,7869
ACGGAACACGAGTGCC-1,0,73,101,2767,7964
ACGCCAGTGCGTTTGC-1,0,72,102,2713,7869
GCACCTAGGCGAGTCC-1,0,73,103,2657,7964
TCACTATCCCTTCGGT-1,0,72,104,2603,7868
TGAGTGTAACAACGGG-1,0,73,105,2548,7963
ATTGGTTGTGCATTAC-1,0,72,106,2494,7868
CTGGCGATTTACATGT-1,0,73,107,2439,7962
TCCACCAAGACATAGG-1,0,72,108,2384,7867
AACGTCGCTGCACTTC-1,0,73,109,2329,7962
GTCTCCCGAGTCCCGT-1,0,72,110,2275,7866
AGCCCGCACTACAATG-1,0,73,111,2220,7961
GGCACGCTGCTACAGT-1,0,72,112,2166,7866
GCTTGAGTGACCTCTG-1,0,73,113,2110,7961
ATAGCCATAACAGTCA-1,0,72,114,2056,7865
TAGGAGGCTCGAGAAC-1,0,73,115,2001,7960
GTCGGGTGAAGTACCG-1,0,72,116,1947,7865
CACCCGCGTTTGACAC-1,0,73,117,1892,7960
TCTCAGGCTACTCGCT-1,0,72,118,1837,7864
TAGATTCTCTAGCAAA-1,0,73,119,1782,7959
CCCATTATTGTATCCT-1,0,72,120,1728,7864
GTTAATAGCGTCATTA-1,0,73,121,1673,7959
TACTCATTGACGCATC-1,0,72,122,1619,7863
TAGTGACAAGCTCTAC-1,0,73,123,1563,7958
ATCGCCGTGGTTCATG-1,0,72,124,1509,7862
CTGCTCTCAACACACC-1,0,73,125,1454,7957
GCATGACACAAAGGAA-1,0,72,126,1400,7862
CAACGATCGATCCAAT-1,0,73,127,1345,7957
ATACAGCGTCCACTGA-1,0,74,0,8291,8088
TCACGATTAATACGTT-1,0,75,1,8236,8183
CGTGAACTGACCCGAT-1,0,74,2,8181,8087
TCGATGTTACGGCCGT-1,0,75,3,8126,8182
GACCGGTGATACTCTC-1,0,74,4,8072,8087
TCTGTTTAGATTGTTC-1,0,75,5,8017,8182
GCTACTCGGACGCAGA-1,0,74,6,7963,8086
AAGAAAGTTTGATGGG-1,0,75,7,7907,8181
CGCCAGTAGTACCTTG-1,0,74,8,7853,8086
CTCCCTTGTATCAAGG-1,0,75,9,7798,8180
ACTTTATACACCACTT-1,0,74,10,7744,8085
AGATCTGGAGAGGATA-1,0,75,11,7689,8180
TCATCCATCTGATCAC-1,0,74,12,7634,8084
AGAACACGGCGATGGT-1,0,75,13,7579,8179
CCGCTCCGGATAAGCT-1,0,74,14,7525,8084
TGGTCGGGTACAGGGC-1,0,75,15,7470,8179
ACGGACGCAGCGACAA-1,0,74,16,7416,8083
ACATGCTTACGGCAGC-1,0,75,17,7360,8178
CAGGGAGATAGGCCAG-1,0,74,18,7306,8083
TCGCCACCCGGATTAC-1,0,75,19,7251,8178
TCTTGGTCAATGATAC-1,0,74,20,7197,8082
CATAGGGACACTTGTG-1,0,75,21,7142,8177
CACGAGCAAACCAGAC-1,0,74,22,7087,8082
GGGATATTGATCGCCA-1,0,75,23,7032,8177
TAATGTCGGTTCATGG-1,0,74,24,6978,8081
CGATTTGTCATTAATG-1,0,75,25,6923,8176
TTAAGATACCCAGAGA-1,0,74,26,6869,8081
CGACCGTTGGTATTCG-1,0,75,27,6813,8175
ACTACCATCCGAGGGC-1,0,74,28,6759,8080
TCTACGCACGATCTCC-1,0,75,29,6704,8175
AAGCCACTTGCAGGTA-1,0,74,30,6650,8079
ACGTTGTCGTTGAAAG-1,0,75,31,6595,8174
ACCGCTAGTCATTGGT-1,0,74,32,6540,8079
CATGAGTCCATCACGG-1,0,75,33,6485,8174
ATGTCTTGTTTGACTC-1,0,74,34,6431,8078
TCCCAAACATCCTCTA-1,0,75,35,6376,8173
CAACGCGATGAGCCAA-1,0,74,36,6322,8078
GACACCCAAAGACGCG-1,0,75,37,6266,8173
ACGTTCACTATGCCGC-1,0,74,38,6212,8077
ATGGACTGCTTAGTTG-1,0,75,39,6157,8172
CCATGGCAAACGCTCA-1,0,74,40,6103,8077
TTGTCTCGGCAAGATG-1,0,75,41,6048,8171
TTCGAACGAAACATGC-1,0,74,42,5993,8076
GGAAAGTCTTGATTGT-1,0,75,43,5938,8171
ATCATAGATCGACGAG-1,0,74,44,5884,8075
GATTAGAAACAAGCGT-1,0,75,45,5829,8170
GCTGCGAAGAATTATT-1,0,74,46,5775,8075
TTCCAGTGGGTTTCGT-1,0,75,47,5719,8170
GCTCATTGATCATATC-1,0,74,48,5665,8074
ATACGAGGTTTGTAAG-1,0,75,49,5610,8169
GTCTATACACGCATGG-1,0,74,50,5556,8074
GATTTGCGCTAACACC-1,0,75,51,5501,8169
TGGTGCCCTGCCTTAC-1,0,74,52,5446,8073
TCGAATCGCAGGGTAG-1,0,75,53,5391,8168
GGTAGGCCAATATCAC-1,0,74,54,5337,8073
CGTAAATAACAAAGGG-1,0,75,55,5282,8167
GACTCTAGAGTTCCAA-1,0,74,56,5228,8072
ACTTGTTACCGGATCA-1,0,75,57,5173,8167
GGCATTGAACATCTCA-1,0,74,58,5118,8071
AACCCGCTGTATTCCA-1,0,75,59,5063,8166
TAACAGGTTCCCTTAG-1,0,74,60,5009,8071
GTTCTTGTAACTCAAT-1,0,75,61,4954,8166
GATTCTGTTAATGAGT-1,0,74,62,4900,8070
GGACACCTCGGTGTTG-1,0,75,63,4844,8165
CGATCGAGAAGCACCA-1,0,74,64,4790,8070
CTGCTCTGACGGCAAA-1,0,75,65,4735,8165
CCCAGGAAGAATTCGA-1,0,74,66,4681,8069
TGTCGTGGGTATAGGC-1,0,75,67,4626,8164
ATATGTCTAGAGCGTG-1,0,74,68,4571,8069
GCGGGCAGACGGGTGA-1,0,75,69,4516,8164
CGAAGATCAGTTTCAT-1,0,74,70,4462,8068
ACGCCACTCGAAACAG-1,0,75,71,4407,8163
CTTAGATGTTTCATCC-1,0,74,72,4353,8068
GCGAATGGACTAGCGA-1,0,75,73,4297,8162
TAAATTGTGGGTAAAG-1,0,74,74,4243,8067
ATTTATACTGGTAAAG-1,0,75,75,4188,8162
GCGTCGTAACATGGTC-1,0,74,76,4134,8066
CGGTATGGGCACTCTG-1,0,75,77,4079,8161
CTATCACAACGCTGGA-1,0,74,78,4024,8066
ACCACACGGTTGATGG-1,0,75,79,3969,8161
TCAGCGCACGCCGTTT-1,0,74,80,3915,8065
AATGTTAAGACCCTGA-1,0,75,81,3860,8160
CTTACATAGATTTCTT-1,0,74,82,3806,8065
AACATAGCGTGTATCG-1,0,75,83,3750,8160
AGCAGTCGAAGCATGC-1,0,74,84,3696,8064
GTACTACGGCCTCGTT-1,0,75,85,3641,8159
TTGGCCAAATTGTATC-1,0,74,86,3587,8064
TCAGAGGACGCGTTAG-1,0,75,87,3532,8158
AGTAATCTAAGGGTGG-1,0,74,88,3477,8063
AATTATACCCAGCAAG-1,0,75,89,3422,8158
CCCTACCCACACCCAG-1,0,74,90,3368,8062
CTCTGTCCATGCACCA-1,0,75,91,3313,8157
TCGCCTCCTTCGGCTC-1,0,74,92,3259,8062
CCTGATTCGCGAAGAA-1,0,75,93,3203,8157
GACTTCAACGCATCAA-1,0,74,94,3149,8061
GCTTCCCGTAAGCTCC-1,0,75,95,3094,8156
AGAACTGTACTTTGTA-1,0,74,96,3040,8061
CCTTAAGTACGCAATT-1,0,75,97,2985,8156
GGCCAATTGTATAGAC-1,0,74,98,2930,8060
AGAATACAGGCTATCC-1,0,75,99,2875,8155
AATACCTGATGTGAAC-1,0,74,100,2821,8060
TAGAGTGTTCCGGGTA-1,0,75,101,2766,8154
GCTTCCATGTAACCGC-1,0,74,102,2712,8059
GGTTCGCATTTGCCGT-1,0,75,103,2656,8154
TCAATCCGGGAAGTTT-1,0,74,104,2602,8058
CCGGAAGTGCAATATG-1,0,75,105,2547,8153
CTCATAAATGTGTATA-1,0,74,106,2493,8058
GACGGGCATCGAATTT-1,0,75,107,2438,8153
GCTAAGCCCAGTATGC-1,0,74,108,2383,8057
GCTATAAGGGCCAGGA-1,0,75,109,2328,8152
GCGGATTACTTGTTCT-1,0,74,110,2274,8057
TACAACAGCGCATACA-1,0,75,111,2219,8152
TCTAACCTAGCCTGCG-1,0,74,112,2165,8056
TCTACCCGCATCATTT-1,0,75,113,2109,8151
GTCTTACCACGCCAAG-1,0,74,114,2055,8056
AATAACGTCGCGCCCA-1,0,75,115,2000,8151
CGTTTCGGTTATATGC-1,0,74,116,1946,8055
TACGCTGCACGGTCGT-1,0,75,117,1891,8150
CGTTAAATACGACCAG-1,0,74,118,1836,8055
TCGACTGACGATGGCT-1,0,75,119,1781,8149
ACGCTACTGAATGGGC-1,0,74,120,1727,8054
AAGGGTTAGCCATGCG-1,0,75,121,1672,8149
ACGTTTCGGTGCACTT-1,0,74,122,1618,8053
TTAACCCGAGGCGTGT-1,0,75,123,1562,8148
GCCCGTCAAGCCCAAT-1,0,74,124,1508,8053
ATTCGTCCCGAGGTTA-1,0,75,125,1453,8148
TCAAATTATGTTCGAC-1,0,74,126,1399,8052
AACGTTCTACCATTGT-1,0,75,127,1344,8147
CTGTCCTGCGCACTAC-1,0,76,0,8290,8278
GCCCAGCGACACAAAG-1,0,77,1,8235,8373
TATAGCTATTATCTCT-1,0,76,2,8180,8278
AAGCTATGGATTGACC-1,0,77,3,8125,8373
CCGAAACACGACCTCT-1,0,76,4,8071,8277
ATCAGAAGCTGGTTGC-1,0,77,5,8016,8372
TGAACCTGAATGTGAG-1,0,76,6,7962,8276
TCAGAGCATGTCAACG-1,0,77,7,7906,8371
ATACCCTCCCGGCCAA-1,0,76,8,7852,8276
GCCACCTTATTCGCGA-1,0,77,9,7797,8371
CAACGAGCTTATTATG-1,0,76,10,7743,8275
GATCCAACCTTTAAAC-1,0,77,11,7688,8370
TTGTGGAGACAGCCGG-1,0,76,12,7633,8275
AGATAATCACACCTAT-1,0,77,13,7578,8370
GGTTAGGGATGCTAAT-1,0,76,14,7524,8274
TCATGAAGCGCTGCAT-1,0,77,15,7469,8369
CCAGGCGAGATGGTCT-1,0,76,16,7415,8274
CGACTTGCCGGGAAAT-1,0,77,17,7359,8369
GTGCCAAACGTTTCGA-1,0,76,18,7305,8273
TGCTCAAAGGATGCAC-1,0,77,19,7250,8368
GCCTCAGGTACCGGTC-1,0,76,20,7196,8273
ACAAGTAATTGTAAGG-1,0,77,21,7141,8367
TTAGAGTATTGTCGAG-1,0,76,22,7086,8272
GTCATCCCAAACTCAC-1,0,77,23,7031,8367
CTCCTAGTAATCGTGA-1,0,76,24,6977,8271
CCCTCATCACAGAGTA-1,0,77,25,6922,8366
GGAAACAGAGCTTGGG-1,0,76,26,6868,8271
ACATCGCAATATTCGG-1,0,77,27,6812,8366
TTAGCCATAGGGCTCG-1,0,76,28,6758,8270
CGGATTCTGCCTTATG-1,0,77,29,6703,8365
TTGTTGGCAATGACTG-1,0,76,30,6649,8270
GGATCTACCGTTCGTC-1,0,77,31,6594,8365
GGTGGGATTAGGTCCC-1,0,76,32,6539,8269
AATAGGCACGACCCTT-1,0,77,33,6484,8364
GAGGTCCGTTCGCTGT-1,0,76,34,6430,8269
TGACAACTTAAAGGTG-1,0,77,35,6375,8363
AGCTAAGCTCCGTCCG-1,0,76,36,6321,8268
CTAGCCCGGGAGACGA-1,0,77,37,6265,8363
CCCAGATTCCCGTGAC-1,0,76,38,6211,8267
GCCCGTTCACACAATT-1,0,77,39,6156,8362
ACAAACTCCATCAGAG-1,0,76,40,6102,8267
GGTTCCGTACGACTAA-1,0,77,41,6047,8362
TTGCGGAAAGCTGCCC-1,0,76,42,5992,8266
GGAACTCGTGAATACG-1,0,77,43,5937,8361
GGTTACCGCTCCCTAC-1,0,76,44,5883,8266
AGCGACTTTGAAGACA-1,0,77,45,5828,8361
CCGTTTCCTTTCCGTG-1,0,76,46,5774,8265
TGGATGGCATCTTGGA-1,0,77,47,5718,8360
CAAGTCGTTGAAATCT-1,0,76,48,5664,8265
TGCAAACGTACTAGTT-1,0,77,49,5609,8360
GGCTGTCCTACTGCGG-1,0,76,50,5555,8264
TACTGCATGATTAAAT-1,0,77,51,5500,8359
CGGACCTCTGTAGTTA-1,0,76,52,5446,8264
CCCTAGCTCTAAGGTC-1,0,77,53,5390,8358
GTAACAGGTTAACGGC-1,0,76,54,5336,8263
CCCGCAAATAATCATC-1,0,77,55,5281,8358
AATCCCGCTCAGAGCC-1,0,76,56,5227,8262
AACGTCATCCGGCTTG-1,0,77,57,5172,8357
CTCGTGGCACTGAAAG-1,0,76,58,5117,8262
CTTTATCCGACGCATG-1,0,77,59,5062,8357
AAATGACTGATCAAAC-1,0,76,60,5008,8261
TTCGTGCATGTTATAG-1,0,77,61,4953,8356
ATCAAAGAGCCGTGGT-1,0,76,62,4899,8261
ATGTCATAATAAACGA-1,0,77,63,4843,8356
CTTAATCGACTTAGTA-1,0,76,64,4789,8260
CTAAAGGATGAGATAC-1,0,77,65,4734,8355
GTGCTATCCAGCTGGA-1,0,76,66,4680,8260
GACAGAGGTCTTCAGT-1,0,77,67,4625,8354
TCGATTTACGAAACGA-1,0,76,68,4570,8259
AGGCTTAAGTTGCACA-1,0,77,69,4515,8354
TAGGATCTTAACCGCA-1,0,76,70,4461,8258
GACTTTCGAGCGGTTC-1,0,77,71,4406,8353
CCCTGGGAGGGATCCT-1,0,76,72,4352,8258
TAGTAGTTGCCGGACA-1,0,77,73,4296,8353
GCCCTAAGTGCAGGAT-1,0,76,74,4242,8257
ACTTGGGCTTTCGCCA-1,0,77,75,4187,8352
CATGATACGGTGAAAC-1,0,76,76,4133,8257
TCCTGCAGCCGCCAAT-1,0,77,77,4078,8352
GTCCGTTAGAGGGCCT-1,0,76,78,4023,8256
GCTTTATTAAGTTACC-1,0,77,79,3968,8351
AATCGAGGTCTCAAGG-1,0,76,80,3914,8256
GTGCTGTTAGAACATA-1,0,77,81,3859,8350
GGCTTCTCGTGGGTGG-1,0,76,82,3805,8255
CCTACAGTTGAGGGAG-1,0,77,83,3749,8350
TATCCCTCGATCTGCA-1,0,76,84,3695,8254
CCGGTATCTGGCGACT-1,0,77,85,3640,8349
CTCTAACACCGGCAGC-1,0,76,86,3586,8254
CTTCATCACCAGGGCT-1,0,77,87,3531,8349
GGCTGGCAATCCCACG-1,0,76,88,3476,8253
CAAACCATAAGCGTAT-1,0,77,89,3421,8348
CATGTGGGCTCATCAC-1,0,76,90,3367,8253
CCCGTGACAGTGCCTT-1,0,77,91,3312,8348
GATTATCTTGCATTAT-1,0,76,92,3258,8252
GAGTCCACCAGGTTTA-1,0,77,93,3202,8347
TGTACTATCGCTCGTT-1,0,76,94,3148,8252
TTAGCGAATAGATAGG-1,0,77,95,3093,8347
ACATACAATCAAGCGG-1,0,76,96,3039,8251
ATTCGTGTACCCATTC-1,0,77,97,2984,8346
GCTAGCAACGCACCTA-1,0,76,98,2929,8251
ACCTCAGCGAGGCGCA-1,0,77,99,2874,8345
TCCGGGCCACTAACGG-1,0,76,100,2820,8250
TCCCAATATCGACGAC-1,0,77,101,2765,8345
GGATTGAAGTAGCCTC-1,0,76,102,2711,8249
GGCGCACAGTTTACCT-1,0,77,103,2655,8344
CCCGGCACGTGTCAGG-1,0,76,104,2601,8249
AGTAAGGGACAGAATC-1,0,77,105,2546,8344
TTGCGCACAACCACGT-1,0,76,106,2492,8248
CCTGCTACAACCATAC-1,0,77,107,2437,8343
CTGGGCTACTGGAGAG-1,0,76,108,2382,8248
AGCTACGAATGGTGGT-1,0,77,109,2327,8343
ATTCGTTTATCGTATT-1,0,76,110,2273,8247
GGCATTCCCTCCCTCG-1,0,77,111,2218,8342
AGTTATTCAGACTGTG-1,0,76,112,2164,8247
CCACTTTCCTTCTAGG-1,0,77,113,2108,8341
CGCAGTTCTATCTTTC-1,0,76,114,2054,8246
AGGAGCGTTTATTATC-1,0,77,115,1999,8341
GACAGGTAATCCGTGT-1,0,76,116,1945,8245
TTCCCAAAGTACTGAT-1,0,77,117,1890,8340
CTGCAGGGTGACGCTC-1,0,76,118,1835,8245
TCATGGAGGCCTTTGT-1,0,77,119,1780,8340
ATGGCCCGAAAGGTTA-1,0,76,120,1726,8244
CGTAATATGGCCCTTG-1,0,77,121,1671,8339
AGAGTCTTAATGAAAG-1,0,76,122,1617,8244
GAACGTTTGTATCCAC-1,0,77,123,1562,8339
ATTGAATTCCCTGTAG-1,0,76,124,1507,8243
TACCTCACCAATTGTA-1,0,77,125,1452,8338
AGTCGAATTAGCGTAA-1,0,76,126,1398,8243
TTGAAGTGCATCTACA-1,0,77,127,1343,8338
