ACGCCTGACACGCGCT-1,0,0,0,5819,5006
TACCGATCCAACACTT-1,0,1,1,6325,5296
ATTAAAGCGGACGAGC-1,0,0,2,5819,5587
GATAAGGGACGATTAG-1,0,1,3,6325,5878
GTGCAAATCACCAATA-1,0,0,4,5819,6169
TGTTGGCTGGCGGAAG-1,0,1,5,6326,6459
GCATCCTCTCCTATTA-1,0,0,6,5820,6750
GCGAGGGACTGCTAGA-1,0,1,7,6326,7041
TGGTACCGGCACAGCC-1,0,0,8,5820,7332
GCGCGTTTAAATCGTA-1,0,1,9,6327,7622
TGCCTTGCCCTTACGG-1,0,0,10,5821,7913
GACGACTTTCCAAGAA-1,0,1,11,6327,8204
CCAGTGAGCTCCTTGT-1,0,0,12,5821,8495
ATACCCTGGCTCAAAT-1,0,1,13,6327,8785
GGGTTTCCGGCTTCCA-1,0,0,14,5822,9076
TAACCGTCCAGTTCAT-1,0,1,15,6328,9367
AAACAACGAATAGTTC-1,0,0,16,5822,9658
CAAGGGAGTGTATTTG-1,0,1,17,6328,9948
CCAAGCTTGATCTCCT-1,0,0,18,5823,10240
TTATTTCATCCCAAAC-1,0,1,19,6329,10530
GAGCGCTATGTCAGGC-1,0,0,20,5823,10821
TATGGCAGACTTTCGA-1,0,1,21,6329,11111
CTTCGTGCCCGCATCG-1,0,0,22,5824,11403
AAACGGGTTGGTATCC-1,0,1,23,6330,11693
TGCAAACCCACATCAA-1,0,0,24,5824,11984
GACGGGATGTCTTATG-1,0,1,25,6330,12275
GGCGAGCATCGAGGAC-1,0,0,26,5824,12566
CGCGTGCTATCAACGA-1,0,1,27,6331,12856
TGAAACCTCAACTCAC-1,0,0,28,5825,13147
CACATAAGGCGACCGT-1,0,1,29,6331,13438
TGACCCAACTCACATT-1,0,0,30,5825,13729
ATACGCCGATCTACCG-1,0,1,31,6331,14019
ACTTATCTGATCTATA-1,0,0,32,5826,14310
GTGTGAGCCGAGGTGC-1,0,1,33,6332,14601
GATGATTTGAAACTGG-1,0,0,34,5826,14892
GGGAACCACCTGTTTC-1,0,1,35,6332,15182
GTTCGTTGCGGACCAG-1,0,0,36,5827,15473
TGAGGTTGATCCCAAG-1,0,1,37,6333,15764
GATGCCACACTACAGC-1,0,0,38,5827,16055
AGGCAAAGAGGAATCA-1,0,1,39,6333,16345
AAGTAAGCTTCCAAAC-1,0,0,40,5828,16636
AACGTAGTCTACCCAT-1,0,1,41,6334,16927
GTTTGAGCGGTTATGT-1,0,0,42,5828,17218
GAAGCAAGGCAATGTT-1,0,1,43,6334,17508
TCACTCAGCGCATTAG-1,0,0,44,5828,17800
TACAATGAAACCAGCA-1,0,1,45,6335,18090
GTGCGCTTACAAATGA-1,0,0,46,5829,18381
GCACTCCCACAGTCCC-1,0,1,47,6335,18671
CGAAGACTGCCCGGGA-1,0,0,48,5829,18963
CAGGATCCGCCCGACC-1,0,1,49,6335,19253
CACGATTGGTCGTTAA-1,0,0,50,5830,19544
GGTTGTATCGTGAAAT-1,0,1,51,6336,19835
TCTTATGGGTAGTACC-1,0,0,52,5830,20126
TACAAGCTGTTCACTG-1,0,1,53,6336,20416
GTATCTTGTTGCTCAC-1,0,0,54,5831,20707
ATACCAGGTGAGCGAT-1,0,1,55,6337,20998
CCTAAACAGGGTCCGT-1,0,0,56,5831,21289
ATGGTGCTCAAAGCCA-1,0,1,57,6337,21579
CAAATGCGGAGTGTTC-1,0,0,58,5832,21870
CGTGCCCGACATTTGT-1,0,1,59,6338,22161
GTATCTCCCTAACTGT-1,0,0,60,5832,22452
ATTTGCCTAGTTACGA-1,0,1,61,6338,22742
ACGTCCTAAACGAGAT-1,0,0,62,5832,23033
CTGGGATCGCCCAGAT-1,0,1,63,6339,23324
CTGCAAATGGGCTCCA-1,0,0,64,5833,23615
CATTATAACAGGGTCC-1,0,1,65,6339,23905
ACCTTTCCTTTAGAAG-1,0,0,66,5833,24197
ATAGATTTGCAGTCGG-1,0,1,67,6339,24487
CTCGGGCATCGTCGGG-1,0,0,68,5834,24778
GTGGCGGGCCGTAGCT-1,0,1,69,6340,25068
CAACAGTGCCAAACGG-1,0,0,70,5834,25360
TGCGGGTATTGGGATC-1,0,1,71,6340,25650
GTCTCGCCAACACGCC-1,0,0,72,5835,25941
CTGGGCGGCCAAATGT-1,0,1,73,6341,26232
TAAAGGAGAAACTAGT-1,0,0,74,5835,26523
TCCCACGGAGGGAGCT-1,0,1,75,6341,26813
AGCTTCAATACTTTGA-1,0,0,76,5836,27104
TTCCACATTTCTCGTC-1,0,1,77,6342,27395
ACAAACCGACAAGGCG-1,0,0,78,5836,27686
AGACGGGATTGGTATA-1,0,1,79,6342,27976
AACCTAAAGCCGTCCG-1,0,0,80,5836,28267
TACAAATTGCGGAGGT-1,0,1,81,6343,28558
CCCGCTAGAGGGTTAA-1,0,0,82,5837,28849
CATTGCAAAGCATAAT-1,0,1,83,6343,29139
TGTACGCTATCAGCTT-1,0,0,84,5837,29430
TTCTTCGCAATAGAGC-1,0,1,85,6344,29721
TGTGATTCCAGCGCTT-1,0,0,86,5838,30012
ATTCAGGATCGCCTCT-1,0,1,87,6344,30302
GCCCATGGGTGCAATG-1,0,0,88,5838,30593
TTCCCGACGCTTCACT-1,0,1,89,6344,30884
AGCGGTTGAGATGTAC-1,0,0,90,5839,31175
GCTGTCTGTGATCGAC-1,0,1,91,6345,31465
AAAGACATGAAGTTTA-1,0,0,92,5839,31757
CAACAGAATAACGCTA-1,0,1,93,6345,32047
TGCGGTCTACGAGTAA-1,0,0,94,5840,32338
AAGACTCACGCCCACT-1,0,1,95,6346,32629
CTTTGAAACATATTCC-1,0,0,96,5840,32920
CTGGGCACTAGTCGGA-1,0,1,97,6346,33210
CGCCCTTACATCCACC-1,0,0,98,5840,33501
CACGACCACAGACTTT-1,0,1,99,6347,33792
CAATCCATTATCCGTT-1,0,0,100,5841,34083
GTGGCGTGCACCAGAG-1,0,1,101,6347,34373
CGGAGTCCTAACCTGG-1,0,0,102,5841,34664
GGTCCCATAACATAGA-1,0,1,103,6348,34955
ATCTCATAAACCTACC-1,0,0,104,5842,35246
TGCATGGCAGTCTTGC-1,0,1,105,6348,35536
TTGCAGGTCATGAAGT-1,0,0,106,5842,35827
AGCTGCATTTGAGGTG-1,0,1,107,6348,36118
TAATCAGGAATGCTGC-1,0,0,108,5843,36409
CCATCATAAGAACAGG-1,0,1,109,6349,36699
TCGTATCACCAAGCTA-1,0,0,110,5843,36990
ATTCAGATGAATCCCT-1,0,1,111,6349,37281
AAAGGTCAACGACATG-1,0,0,112,5844,37572
AGCTGCTGTGCCGAAT-1,0,1,113,6350,37862
CTAGCGCCAATCCTAC-1,0,0,114,5844,38154
GCTCGACCGAACTGAA-1,0,1,115,6350,38444
ACAGTGCAGCGCATTT-1,0,0,116,5844,38735
CGGCTGAAGGTTACGC-1,0,1,117,6351,39025
CACCTCTACGAGTGTG-1,0,0,118,5845,39317
ATACGACAGATGGGTA-1,0,1,119,6351,39607
ACTTCCTGTCGTGCGA-1,0,0,120,5845,39898
CGTAACGGAACGATCA-1,0,1,121,6352,40189
AAATCACTCCTAAACG-1,0,0,122,5846,40480
CTCCGAGTAAATCCGC-1,0,1,123,6352,40770
ACGCTAGTATCAGTGC-1,0,0,124,5846,41061
AGAGTGAACAGACACC-1,0,1,125,6352,41352
ACACCCGTAAATCTGT-1,0,0,126,5847,41643
GCTTTGCTGCCGGGTA-1,0,1,127,6353,41933
ACAGGAGGCGCAGCCG-1,0,2,0,6830,5005
AGGCAATACGGAGGAC-1,0,3,1,7337,5295
TGGTGTGACAGACGAT-1,0,2,2,6831,5586
ATCTATCGATGATCAA-1,0,3,3,7337,5877
CGGTAACAAGATACAT-1,0,2,4,6831,6168
TCGCCGGAGAGTCTTA-1,0,3,5,7338,6458
GGAGGAGTGTGTTTAT-1,0,2,6,6832,6749
TTAGGTGTGACTGGTC-1,0,3,7,7338,7040
CAGGGCTAACGAAACC-1,0,2,8,6832,7331
CCCGTGGGTTAATTGA-1,0,3,9,7338,7621
GACCGACCGCTAATAT-1,0,2,10,6833,7913
GGTATCAAGCATAGAA-1,0,3,11,7339,8203
TGCATGAGTAGATTCG-1,0,2,12,6833,8494
AATTCCAACTTGGTGA-1,0,3,13,7339,8784
TGCCGATGTCATCAAT-1,0,2,14,6834,9076
GCTGGGTCCGCTGTTA-1,0,3,15,7340,9366
TGAACACCCGAAGCAG-1,0,2,16,6834,9657
AACATTGGTCAGCCGT-1,0,3,17,7340,9948
GTGGGTCTTCTTTGCG-1,0,2,18,6834,10239
CATCGAATGGATCTCT-1,0,3,19,7341,10529
GCTACACTGTCCGAAC-1,0,2,20,6835,10820
CGGGTTGTAGCTTTGG-1,0,3,21,7341,11111
CCTAAGTGTCTAACCG-1,0,2,22,6835,11402
TCTGTGACTGACCGTT-1,0,3,23,7342,11692
TTATCATACTCGCAAA-1,0,2,24,6836,11983
AGCGTAGCGCTAGACC-1,0,3,25,7342,12274
TCCCTCCGAAATCGTT-1,0,2,26,6836,12565
AGGTCGCCACTTCGGT-1,0,3,27,7342,12855
CTAGCAACTAATTTAC-1,0,2,28,6837,13146
TTGCTAGCTACCAATC-1,0,3,29,7343,13437
GCCGGTTTGGGCGGAT-1,0,2,30,6837,13728
TGTAACTTGTCAACCT-1,0,3,31,7343,14018
CGAGATGTTGCCTATA-1,0,2,32,6838,14310
GTTACGAAATCCACGC-1,0,3,33,7344,14600
CTTGTCGTACGTGTCA-1,0,2,34,6838,14891
GCGTCCAGCTCGTGGC-1,0,3,35,7344,15181
CCCTTCTCGTACGCGA-1,0,2,36,6839,15473
CCAAAGTCCCGCTAAC-1,0,3,37,7345,15763
CCGCTTCGCGGTTAAC-1,0,2,38,6839,16054
GTTACGGCCCGACTGC-1,0,3,39,7345,16345
CCCGCTTGCCCTCGTC-1,0,2,40,6839,16636
TAGTGAGAAGTGGTTG-1,0,3,41,7346,16926
CGCTACCGCCCTATGA-1,0,2,42,6840,17217
AAACAATCTACTAGCA-1,0,3,43,7346,17508
GCGCGATGGGTCAAGT-1,0,2,44,6840,17799
ATAAACCATTGGACGG-1,0,3,45,7346,18089
TCGGGCACTTCTGGAT-1,0,2,46,6841,18380
TCTGTGGCTACATTTC-1,0,3,47,7347,18671
CTCTGTGCCTGCTATG-1,0,2,48,6841,18962
CACGACTAAAGTTCTG-1,0,3,49,7347,19252
GAGGAGTAATTCCTAC-1,0,2,50,6842,19543
AGAGGTATCTCGGTCC-1,0,3,51,7348,19834
GGCGTACCCTATATAA-1,0,2,52,6842,20125
GCCGGAAACACATCTT-1,0,3,53,7348,20415
AAATGTGGGTGCTCCT-1,0,2,54,6843,20706
ACCAGGAGTGTGATCT-1,0,3,55,7349,20997
TGTGGAGGAAGCTTAA-1,0,2,56,6843,21288
AAGGAGAACTTATAAG-1,0,3,57,7349,21578
CCCTCGGGAGCCTTGT-1,0,2,58,6843,21870
ACTGTTTAGTGTAGGC-1,0,3,59,7350,22160
CGTCAGTTTATCGTCT-1,0,2,60,6844,22451
GCGTGTATGTCGTATT-1,0,3,61,7350,22742
ACAATCGATCTTTATA-1,0,2,62,6844,23033
CAGCCCTCACAGGCAG-1,0,3,63,7350,23323
CGCGTCATATTAAACC-1,0,2,64,6845,23614
GAAGACTTCAATGCCG-1,0,3,65,7351,23905
TTGCGGCGACTCATGC-1,0,2,66,6845,24196
ACCAAACTAGAAATCC-1,0,3,67,7351,24486
TTACTGTTTCTCTACG-1,0,2,68,6846,24777
GACCAGGTCATTCATA-1,0,3,69,7352,25068
TTCTTCCCTTTGATAT-1,0,2,70,6846,25359
ACGCCCAGCTGTCGAT-1,0,3,71,7352,25649
AGTAGCGTGAACGAAC-1,0,2,72,6847,25940
CCTCGACCCACTGCCT-1,0,3,73,7353,26231
AGTTATTGAAAGGTAA-1,0,2,74,6847,26522
TCAGTTACGGAATGAT-1,0,3,75,7353,26812
GAATCTATACTCGGAC-1,0,2,76,6847,27103
TCGGCTAACTTCCCTT-1,0,3,77,7354,27394
ACGTGGTCGAATGTGC-1,0,2,78,6848,27685
ATATCGTGCCAGACCC-1,0,3,79,7354,27975
GTAGCTAGTAAGCGCG-1,0,2,80,6848,28267
ACGCTTAGTGTCTCTC-1,0,3,81,7355,28557
TCCGGCCTGCATCGAT-1,0,2,82,6849,28848
TAGTGGAACTCATACA-1,0,3,83,7355,29138
ATCATCTGCCCAGTGT-1,0,2,84,6849,29430
GTTATTAAATACGACC-1,0,3,85,7355,29720
GCGCTAAGTATGCATG-1,0,2,86,6850,30011
CCTGACGCAACCTTTA-1,0,3,87,7356,30302
CCCAAGAATGCACGGT-1,0,2,88,6850,30593
AACTGGGTTCGAGCCG-1,0,3,89,7356,30883
GGTTCCACCCGCTTCT-1,0,2,90,6851,31174
CATGCACGTGTTACTG-1,0,3,91,7357,31465
AGCGTTCCGATTTAAA-1,0,2,92,6851,31756
CCTACGCGACCTTACA-1,0,3,93,7357,32046
CGAATTACATGGTGTT-1,0,2,94,6851,32337
GAGGTCTTAGTGGGTC-1,0,3,95,7358,32628
GCCGCTAGATACGCAG-1,0,2,96,6852,32919
GTCACCTGTCTATGTC-1,0,3,97,7358,33209
CCGATTGGTCAATGAA-1,0,2,98,6852,33500
CCTGTGCGGATTGTAA-1,0,3,99,7359,33791
TTACGTAGCGCGTGCT-1,0,2,100,6853,34082
GGAGGCGAAGAACCGC-1,0,3,101,7359,34372
GGGTCACGTGCTTATG-1,0,2,102,6853,34664
GCTCCGGACGTTGATA-1,0,3,103,7359,34954
ATGTTTGTAAGATCAT-1,0,2,104,6854,35245
TGACCCAGCATTCCCG-1,0,3,105,7360,35535
TGGTCGTTTGATAGAT-1,0,2,106,6854,35827
TGTAATGCCTTCGGAC-1,0,3,107,7360,36117
TGCTCACACAACAACC-1,0,2,108,6855,36408
TACGATCCAAGCCACT-1,0,3,109,7361,36699
TTGTAACTTCATAGCG-1,0,2,110,6855,36990
AGATTCAAGCGGGTCG-1,0,3,111,7361,37280
CTCAGCAGACTGCCGA-1,0,2,112,6855,37571
GTAACATCAGCTCATC-1,0,3,113,7362,37862
ATGGAACAGAATAAAC-1,0,2,114,6856,38153
GGGCCTATACAACCGG-1,0,3,115,7362,38443
TCAAACAATTAGGACA-1,0,2,116,6856,38734
AAACCACTACACAGAT-1,0,3,117,7363,39025
AAACGACAGTCTTGCC-1,0,2,118,6857,39316
TTGAGGGTCGAACGCG-1,0,3,119,7363,39606
TGTTGATCACTGTTTA-1,0,2,120,6857,39897
AGGGTGTGCTACACGC-1,0,3,121,7363,40188
GTAGTTAGACAATATA-1,0,2,122,6858,40479
AATGGCCGCCAATGCG-1,0,3,123,7364,40769
TCGGCGGTATTAGATT-1,0,2,124,6858,41060
GGGTCACTGAGTAGTG-1,0,3,125,7364,41351
GAATTATGCAACCTAC-1,0,2,126,6859,41642
GATCTTAGTGAACGTG-1,0,3,127,7365,41932
CTAATGCGCCCAACAA-1,0,4,0,7842,5004
GCCACCCATTCCACTT-1,0,5,1,8349,5294
TACTCACAACGTAGTA-1,0,4,2,7843,5586
GTTCGGTGTGGATTTA-1,0,5,3,8349,5876
TCTTTCGGCGGGACAC-1,0,4,4,7843,6167
GGAGACATTCACGGGC-1,0,5,5,8349,6458
GGGATTATCTCACAAC-1,0,4,6,7844,6749
TAGAACGCCAGTAACG-1,0,5,7,8350,7039
ACGAGTCGCCGGCGTT-1,0,4,8,7844,7330
TGATGGGACTAAGTCA-1,0,5,9,8350,7621
TGCGAGAAACGTTACG-1,0,4,10,7845,7912
TCGCCTCGACCTGTTG-1,0,5,11,8351,8202
AACTCGATAAACACGT-1,0,4,12,7845,8493
AGGAAAGCCTCTGATG-1,0,5,13,8351,8784
GAAGGACTAAATTGAA-1,0,4,14,7845,9075
GTATCGGGACGAGCTG-1,0,5,15,8352,9365
CCTGTGCATAGGAGAC-1,0,4,16,7846,9656
CATACGGGTGCATGAT-1,0,5,17,8352,9947
CCACTAAACTGAATCG-1,0,4,18,7846,10238
AAATTGCGGCGGTTCT-1,0,5,19,8353,10528
AGTCCAGCGGGTACGT-1,0,4,20,7847,10820
CATTCAGGTCAGTGCG-1,0,5,21,8353,11110
CTAAAGTCCGAAGCTA-1,0,4,22,7847,11401
AATCAGACTGCAGGAC-1,0,5,23,8353,11691
AGTATCCATAATAACG-1,0,4,24,7848,11983
CTGGCTGCTAACGTAA-1,0,5,25,8354,12273
GTTCCAAGACAGCGAC-1,0,4,26,7848,12564
AAGACTAACCCGTTGT-1,0,5,27,8354,12855
GATTAATCCTGGCTCA-1,0,4,28,7849,13146
CGCGCAAGGAACTACA-1,0,5,29,8355,13436
CAGTAGCGAGGTAGTA-1,0,4,30,7849,13727
ACGGCGGGTTGCCCTG-1,0,5,31,8355,14018
CTAGGCGGCAGAGAAT-1,0,4,32,7850,14309
GTGCGCAGCTTGCTCC-1,0,5,33,8356,14599
TCACTATCGTGCAATC-1,0,4,34,7850,14890
TATGATTCTGCTTGGT-1,0,5,35,8356,15181
TAAGATTTAGCGGGAG-1,0,4,36,7850,15472
TTACGGTGTCACCGAG-1,0,5,37,8357,15762
CTACACTAGCTTGTTC-1,0,4,38,7851,16053
TGAGCAGTCGTGAAGT-1,0,5,39,8357,16344
CGCTGAGGACGTCCAA-1,0,4,40,7851,16635
GTGTATGACTTTAAAG-1,0,5,41,8357,16925
CTAAACGGGTGTAATC-1,0,4,42,7852,17216
TGTACTGTGCCAAAGT-1,0,5,43,8358,17507
GGCCACAAGCGATGGC-1,0,4,44,7852,17798
GTCAATTGTACTGAAG-1,0,5,45,8358,18088
AGGGACAGCACGGCGG-1,0,4,46,7853,18380
AGCTTATAGAGACCTG-1,0,5,47,8359,18670
AACTAGCGTATCGCAC-1,0,4,48,7853,18961
AACTTTAGCTGCTGAG-1,0,5,49,8359,19251
CCCAAGACAGAGTATG-1,0,4,50,7854,19543
GGCATCAACGAGCACG-1,0,5,51,8360,19833
ATGCATTCCGTGATGG-1,0,4,52,7854,20124
TTATAGATGCACATTA-1,0,5,53,8360,20415
GAACCATCTGGGAGAC-1,0,4,54,7854,20706
TGCTATACAAACGGAC-1,0,5,55,8361,20996
ACTTGCCATATTGTAC-1,0,4,56,7855,21287
TATTCCGGCAGTCCTA-1,0,5,57,8361,21578
GACGGACCGCGTTCCT-1,0,4,58,7855,21869
ATGTGTAGTTTAGTCA-1,0,5,59,8361,22159
ATACCAGCAAATTGCT-1,0,4,60,7856,22450
AAGTTTACTAATGGCA-1,0,5,61,8362,22741
CTCTCGATGTGCGCCT-1,0,4,62,7856,23032
GATTGACACTCTGCTC-1,0,5,63,8362,23322
TATCACAGCACGGGCA-1,0,4,64,7857,23613
ACCGTTCCCGCTCTGA-1,0,5,65,8363,23904
CCGCCACCACAATCCA-1,0,4,66,7857,24195
CATTCACTGACAGCTA-1,0,5,67,8363,24485
CGGCTGCAAGATTAAG-1,0,4,68,7858,24777
CATGAACCTCTTATCA-1,0,5,69,8364,25067
TTAATGCGAGGTAACT-1,0,4,70,7858,25358
AATAAGTCCTCGAGAC-1,0,5,71,8364,25648
ACCAGCCCGGTCTTTG-1,0,4,72,7858,25940
CTACGAACTAGGTCGA-1,0,5,73,8365,26230
ACATCTCAACGCGTAA-1,0,4,74,7859,26521
CACTACTCAGTTCTGT-1,0,5,75,8365,26812
CCGACTCGCATAGTCT-1,0,4,76,7859,27103
CATTTATCGTTCAAGA-1,0,5,77,8365,27393
CAAACGTGGTCTTGCG-1,0,4,78,7860,27684
TAGAAACCACTAAGTA-1,0,5,79,8366,27975
ACTGATTTAGTGATTC-1,0,4,80,7860,28266
TCGTATTTCGTCCGGA-1,0,5,81,8366,28556
CGGAAATTTCACATCC-1,0,4,82,7861,28847
ATCCACGCTAAATGTT-1,0,5,83,8367,29138
GTTCAATCTATGTCAA-1,0,4,84,7861,29429
ATAAAGGTCAAGTACG-1,0,5,85,8367,29719
CAACTCCAACGTTTAG-1,0,4,86,7862,30010
TAGGAACAGCCTCCAG-1,0,5,87,8368,30301
ATGGGAACGGAAGCGG-1,0,4,88,7862,30592
CACACGTTTCAATGGG-1,0,5,89,8368,30882
GGTGTTCTGTTTCTAC-1,0,4,90,7862,31173
AGTAACGTTCATCCTG-1,0,5,91,8369,31464
GTATAGTGGCCCATGT-1,0,4,92,7863,31755
TCTACACGTTCATGCA-1,0,5,93,8369,32045
AATCTGGGTAGACCCT-1,0,4,94,7863,32337
TCGGTTAGCCATGTAG-1,0,5,95,8370,32627
TGCCATGGCTTATAAG-1,0,4,96,7864,32918
TAAGTAAATGTGCCGC-1,0,5,97,8370,33208
GTGTCCGATAAGGCAT-1,0,4,98,7864,33500
TGGCACGAGCTCGAGT-1,0,5,99,8370,33790
ACCGGTCTGAGTACGG-1,0,4,100,7865,34081
GAACTTAGCGCCCGGT-1,0,5,101,8371,34372
AGTAGCTAGACGCCGA-1,0,4,102,7865,34663
ATAGGAATCTAAGCTT-1,0,5,103,8371,34953
CTTCCTGCATATTTAC-1,0,4,104,7866,35244
CAATATGTAGATTTAC-1,0,5,105,8372,35535
ACAAGGCCTACCAGCC-1,0,4,106,7866,35826
TTATAGTCCAAGGTGC-1,0,5,107,8372,36116
AAACGCCCGAGATCGG-1,0,4,108,7866,36407
CCTCGTTACGCCTGTT-1,0,5,109,8373,36698
GAACGGTGTAAAGCAG-1,0,4,110,7867,36989
ACGCATAAATGACATG-1,0,5,111,8373,37279
GGTTCGATGCTGAGTT-1,0,4,112,7867,37570
CTTTGGCAGACAGAGT-1,0,5,113,8374,37861
TTCGTGGGCTGGAAGC-1,0,4,114,7868,38152
CAAAGGTTAAATTCAG-1,0,5,115,8374,38442
GTTTGGCGTCAGGCAC-1,0,4,116,7868,38734
GCTTTCTATCTCAACT-1,0,5,117,8374,39024
TGCATCTCCGGATCTT-1,0,4,118,7869,39315
CTGAAACGGCCCTCAG-1,0,5,119,8375,39605
TAGCAGTAAATACGCG-1,0,4,120,7869,39897
CGGGCTACTTAAATTG-1,0,5,121,8375,40187
ATTATGCTCAGTATTG-1,0,4,122,7870,40478
TGATGCTCACGTAGTC-1,0,5,123,8376,40769
GTCTAAGATGCCCAGC-1,0,4,124,7870,41060
AACCCGATAGGGCTTC-1,0,5,125,8376,41350
CGCTATCGTGGCTTTA-1,0,4,126,7870,41641
CGTCTCTCGCCGAGGC-1,0,5,127,8377,41932
AGTGGGAGTATACACG-1,0,6,0,8854,5003
GGTCTTGGTGTTAACT-1,0,7,1,9360,5294
GGCTGGCAGCTTTATG-1,0,6,2,8855,5585
CGCCAATTATTGCGTT-1,0,7,3,9361,5875
GGTAACCGGCAAAGGT-1,0,6,4,8855,6166
TGGGACCATTGGGAGT-1,0,7,5,9361,6457
CTGCAGGTGCTCGGCC-1,0,6,6,8856,6748
CCGGTGCGAGTGATAG-1,0,7,7,9362,7038
GGGTACACTCTGGAGG-1,0,6,8,8856,7329
TAGCCAGAGGGTCCGG-1,0,7,9,9362,7620
CTTGTGAGGACAGCGG-1,0,6,10,8856,7911
GAAGGGCATAACCATG-1,0,7,11,9363,8201
CAACATGGCCTGATAA-1,0,6,12,8857,8493
CAATTTGACCGGGAAG-1,0,7,13,9363,8783
TCTGACTGTAATGGTT-1,0,6,14,8857,9074
TTCATAGCCTTGTAAC-1,0,7,15,9364,9364
TGGAAACGGAGTGAAC-1,0,6,16,8858,9656
ATCGCACGATTGTTCA-1,0,7,17,9364,9946
CGCCACCCGCATTAAC-1,0,6,18,8858,10237
TGGACCACGGCGTTGA-1,0,7,19,9364,10528
GTATATGTTACGGCGG-1,0,6,20,8859,10819
GTATTCTTACCGTGCT-1,0,7,21,9365,11109
TTCAGAGTAACCTGAC-1,0,6,22,8859,11400
GCGGTAACCCAAATGA-1,0,7,23,9365,11691
CTACGTGTTGCCACCA-1,0,6,24,8860,11982
CTAGATAAACTCCTCG-1,0,7,25,9366,12272
TCCATTAGTTGGATAG-1,0,6,26,8860,12563
CTGGCTCCTGCGGGAT-1,0,7,27,9366,12854
CAGTCTCTCGGCTAAT-1,0,6,28,8860,13145
GTATGACGTGGGAAAC-1,0,7,29,9367,13435
AGTCACTCCGCCTCAT-1,0,6,30,8861,13726
GCAGCGGTGGGCATTA-1,0,7,31,9367,14017
TATGGAGTTTCTCGTT-1,0,6,32,8861,14308
ACTCAACGAATGTATT-1,0,7,33,9368,14598
AACACGCGGCCGCGAA-1,0,6,34,8862,14890
CGATATTAGCCGCAGG-1,0,7,35,9368,15180
AGCGTCTGAACCCGCA-1,0,6,36,8862,15471
GATGTCCGGATCACAT-1,0,7,37,9368,15761
GGTCACGTTAGATTCA-1,0,6,38,8863,16053
TTAAGGATACGGAGGT-1,0,7,39,9369,16343
GTGCGGGACCATCGGC-1,0,6,40,8863,16634
CCATCTTGTTCACAAT-1,0,7,41,9369,16925
TCCGAGAAGGCTAAGC-1,0,6,42,8864,17216
TGGCGGTGTGCGATTG-1,0,7,43,9370,17506
ATCCTGCTGCAGATAG-1,0,6,44,8864,17797
TTATGCGTCCCGGTCC-1,0,7,45,9370,18088
CATAATGAGCGGGCGA-1,0,6,46,8865,18379
AGACATAGATCCTTCC-1,0,7,47,9371,18669
GGTGAAACCGGGAATG-1,0,6,48,8865,18960
AACTGGTGTGGGCCTT-1,0,7,49,9371,19251
GTAGCGCTGTTGTAGT-1,0,6,50,8865,19542
TTGTTTGTGTAAATTC-1,0,7,51,9372,19832
GGATCAAAGGACGAGG-1,0,6,52,8866,20123
CGTAGCGCCGACGTTG-1,0,7,53,9372,20414
CAAGTGAACTTTGGTT-1,0,6,54,8866,20705
GTAGACAACCGATGAA-1,0,7,55,9372,20995
CAATGGTCGGCCTGGG-1,0,6,56,8867,21286
ACAGATTAGGTTAGTG-1,0,7,57,9373,21577
GTTATCACCTTCTGAA-1,0,6,58,8867,21868
TGGTATCGGTCTGTAT-1,0,7,59,9373,22158
GGAATAACCTCAAGAA-1,0,6,60,8868,22450
ATTATCTCGACAGATC-1,0,7,61,9374,22740
CCGAGGGATGTTAGGC-1,0,6,62,8868,23031
TGAGATCAAATACTCA-1,0,7,63,9374,23321
AAACGAAGAACATACC-1,0,6,64,8869,23613
CTGGTCCTAACTTGGC-1,0,7,65,9375,23903
TGCACGAGTCGGCAGC-1,0,6,66,8869,24194
ATAGTCTTTGACGTGC-1,0,7,67,9375,24485
TGGAGCTAAAGTTCCC-1,0,6,68,8869,24776
GGGTGGTCCAGCCTGT-1,0,7,69,9376,25066
CATGCATGGAGACCCT-1,0,6,70,8870,25357
ACACGGCACTATGCAT-1,0,7,71,9376,25648
CCCTGGTATGGGCGGC-1,0,6,72,8870,25939
GGAGGATTGAAAGGAG-1,0,7,73,9376,26229
CCGCTGGTGCCATTCA-1,0,6,74,8871,26520
GTTAGAGTGTGCCGCT-1,0,7,75,9377,26811
TCGGAATGACCATCAA-1,0,6,76,8871,27102
TTCAATTAGCCATAAT-1,0,7,77,9377,27392
GATGTGTTGTCACAAG-1,0,6,78,8872,27683
TCTTTCTCTTAAGGAG-1,0,7,79,9378,27974
ACCCTTTAGTTCTCCA-1,0,6,80,8872,28265
ACCACAACTCAGAACA-1,0,7,81,9378,28555
TATGATAAATCTAACG-1,0,6,82,8873,28847
GATCCTCTTGCGCTTA-1,0,7,83,9379,29137
TTCTACCTTTATGTTG-1,0,6,84,8873,29428
GAAATACCTGCTGGCT-1,0,7,85,9379,29718
ATTCTGAGTATGAACT-1,0,6,86,8873,30010
GGATTAAGCTAAGGTC-1,0,7,87,9380,30300
AGTACGTGGCCTGTCT-1,0,6,88,8874,30591
TCAGGGTGCACGAAAC-1,0,7,89,9380,30882
AAATTTACCGAAATCC-1,0,6,90,8874,31173
TTGAGGCATTTAACTC-1,0,7,91,9381,31463
AACCAGTATCACTCTT-1,0,6,92,8875,31754
CACCGGAGATATCTCC-1,0,7,93,9381,32045
GACTGGGCGCCGCAAC-1,0,6,94,8875,32336
CACGTCTATGATGTGG-1,0,7,95,9381,32626
TTAAGACGAACGAACC-1,0,6,96,8876,32917
TGACCAGCTTCAAAGT-1,0,7,97,9382,33208
AGAGTTAGAGACCGAT-1,0,6,98,8876,33499
TTCGGACTGATGCCTT-1,0,7,99,9382,33789
CTCGAATGGAACGTAT-1,0,6,100,8877,34080
GGACGGCTTGCGCAAC-1,0,7,101,9383,34371
CTAAGTACAGGGCTAC-1,0,6,102,8877,34662
ACAAATTCAGATCTGA-1,0,7,103,9383,34952
CATGGAAATGGGACCA-1,0,6,104,8877,35243
GGTGGACCACGTGTTA-1,0,7,105,9384,35534
CACGACGTAATAGTAA-1,0,6,106,8878,35825
CGGGTTCGGCACGTAT-1,0,7,107,9384,36115
CTGGGCTATCCTTTGG-1,0,6,108,8878,36407
GTATTAGGGTTCGCGT-1,0,7,109,9385,36697
TCATTCGTATAATTTG-1,0,6,110,8879,36988
AATAGCAAGCCTCCTG-1,0,7,111,9385,37279
CATCTACCCGAGAACG-1,0,6,112,8879,37570
GCTTCAGTGGGATTAC-1,0,7,113,9385,37860
TCTGTGATGGAGGTTG-1,0,6,114,8880,38151
ATCCACTTTCAGACTA-1,0,7,115,9386,38442
ATGGTTACGAAACATG-1,0,6,116,8880,38733
GGCCCAATCTAGAGGG-1,0,7,117,9386,39023
GATGGTGAAATAACCC-1,0,6,118,8881,39314
AGAGGGACAATTGTCC-1,0,7,119,9387,39605
CGCGTACATTCTGGAA-1,0,6,120,8881,39896
CAAGAAACCCTAAACT-1,0,7,121,9387,40186
TTGGTGCGGTGTTGAA-1,0,6,122,8881,40477
GGTTCCCTAGTGTCTC-1,0,7,123,9388,40768
CGATAACCAATTTGAG-1,0,6,124,8882,41059
GCCCACTGGTCCACAA-1,0,7,125,9388,41349
GAGGGCCGGCAGAGTC-1,0,6,126,8882,41640
CGACACGGATGCCCAC-1,0,7,127,9389,41931
CTGTCTGTGGCTGGCT-1,0,8,0,9866,5003
ATATTATCCCGTATTT-1,0,9,1,10372,5293
GCGCTGGCGGAAAGTC-1,0,8,2,9867,5584
ATCTAACGTCCCTATG-1,0,9,3,10373,5874
GTCAGACAGCGTTGGA-1,0,8,4,9867,6166
GCCAGGCTTAGTGGTA-1,0,9,5,10373,6456
ATTCAAAGTACCTGTT-1,0,8,6,9867,6747
TGGACGTAGGCGAATC-1,0,9,7,10374,7038
ACACATTGACGCAACA-1,0,8,8,9868,7329
GATATCAGTATGTATC-1,0,9,9,10374,7619
TGGGCCTTGCCTGCAT-1,0,8,10,9868,7910
CAAAGTCAGGTTAGCT-1,0,9,11,10375,8201
GGATCCCTACCAGCTA-1,0,8,12,9869,8492
ATCGTCCAATCGAGTC-1,0,9,13,10375,8782
ACATGGCTCAATTTAG-1,0,8,14,9869,9073
AGGCCCAGTGACTGGT-1,0,9,15,10375,9364
GCTTCCAGCTTAGATT-1,0,8,16,9870,9655
TGCTTGAAACCATGCA-1,0,9,17,10376,9945
CAATATTGGACTAGTG-1,0,8,18,9870,10236
CGTGCTGGCCTAGTCG-1,0,9,19,10376,10527
CCTGCGATAGAACTGT-1,0,8,20,9871,10818
GGGTAATGCTGTGTTT-1,0,9,21,10377,11108
AACGCGAACGGCAACA-1,0,8,22,9871,11399
TGTCGGCATGGTGGAA-1,0,9,23,10377,11690
AGCGTACGAGAGCTAG-1,0,8,24,9871,11981
ATACTCTCGCCACTCT-1,0,9,25,10378,12271
AATCCATGCAAGGGTG-1,0,8,26,9872,12563
TTAAACAGAGTCCCGC-1,0,9,27,10378,12853
CCACAGCTGAAATCAT-1,0,8,28,9872,13144
CGGTTCCGGCTTCTTG-1,0,9,29,10379,13434
GACGTGAGACTCCATG-1,0,8,30,9873,13726
TCGTTGGCTCGTCAAT-1,0,9,31,10379,14016
GGTGAACGGGCTAGCC-1,0,8,32,9873,14307
GCACTGTGCAAATGTA-1,0,9,33,10379,14598
ACGAGAACCCATCACG-1,0,8,34,9874,14889
CCAGCTACGCCTCATA-1,0,9,35,10380,15179
TCCCGGTCAGGAATTT-1,0,8,36,9874,15470
TCGCATTCAATGACTT-1,0,9,37,10380,15761
CTGGTTCAACGCATCA-1,0,8,38,9875,16052
GGTGATTTCATCTTGT-1,0,9,39,10381,16342
CACCCTTTCCTCGCTC-1,0,8,40,9875,16633
CAACTTGTAGTGGGCA-1,0,9,41,10381,16924
AATATCAAGGTCGGAT-1,0,8,42,9876,17215
ACTCAGACCTGCTTCT-1,0,9,43,10382,17505
TTGGAGTCTCCCTTCT-1,0,8,44,9876,17796
GGATACTCATGAATTG-1,0,9,45,10382,18087
TGGGCACAAACAGAAC-1,0,8,46,9876,18378
GAGCCACGGTAGTAGG-1,0,9,47,10383,18668
TCGATAGGCTAGTCGC-1,0,8,48,9877,18960
TAACCGCCCGCAGTGC-1,0,9,49,10383,19250
GCCTATTTGCTACACA-1,0,8,50,9877,19541
TTGACGATTCAGCACG-1,0,9,51,10383,19831
TTAAACCGGTAGCGAC-1,0,8,52,9878,20123
ACCGAAAGGGCCCTGC-1,0,9,53,10384,20413
ACGTTCCGCGCTCCGT-1,0,8,54,9878,20704
ATACCAGGCTAATAGA-1,0,9,55,10384,20995
CGGCTTTGTATGATAA-1,0,8,56,9879,21286
CTTGACCCGAAAGATA-1,0,9,57,10385,21576
CGCAGAAACATTTGCG-1,0,8,58,9879,21867
GACCCGTCGCCGGCTA-1,0,9,59,10385,22158
AATCGGGACACTACGA-1,0,8,60,9880,22449
GTCACAAAGTTTCCAA-1,0,9,61,10386,22739
TATATTCGCGTCGATA-1,0,8,62,9880,23030
CCTCCCGACAATCCCT-1,0,9,63,10386,23321
CGACATGCGATCTTCT-1,0,8,64,9880,23612
AACACGACTGTACTGA-1,0,9,65,10387,23902
CCCAACCACACTAACA-1,0,8,66,9881,24193
CACCGCCGACCAGCGA-1,0,9,67,10387,24484
TGGTATCGCATCCCAA-1,0,8,68,9881,24775
CAGAGTGATTTAACGT-1,0,9,69,10387,25065
AACCCTGGTGGAACCA-1,0,8,70,9882,25357
GTCAGTTGTGCTCGTT-1,0,9,71,10388,25647
ATTGACGTAACTCGGT-1,0,8,72,9882,25938
GATGTCGGTCAACTGC-1,0,9,73,10388,26228
AGGGCAGCGGCGTGGT-1,0,8,74,9883,26520
ACATCGTTAACCTAGT-1,0,9,75,10389,26810
TCCATTGTGACCTCGT-1,0,8,76,9883,27101
TGTTTAATACTTCATC-1,0,9,77,10389,27392
TTGCTGGCCGGGCTTC-1,0,8,78,9884,27683
CATATTATTTGCCCTA-1,0,9,79,10390,27973
CTGCCTAGCCACCAAG-1,0,8,80,9884,28264
ACGAGATATTTGCTTA-1,0,9,81,10390,28555
GACTACAATTGCTCGT-1,0,8,82,9884,28846
AACGTGATGAAGGACA-1,0,9,83,10391,29136
ACTCTCTTATACACGA-1,0,8,84,9885,29427
CGCATCATGGCTTCAG-1,0,9,85,10391,29718
CGGCTCTTCGTCGAAC-1,0,8,86,9885,30009
ATTCTTCGTACTTATG-1,0,9,87,10391,30299
AGTGAGGGTTTCTGAC-1,0,8,88,9886,30590
GCCAGGCGTTCGCATG-1,0,9,89,10392,30881
GACTAACACAGCACCT-1,0,8,90,9886,31172
CAATGGAATCTACATA-1,0,9,91,10392,31462
GTGGTCAGCGAAGTAT-1,0,8,92,9887,31753
ATGGCTGGAAATGGCC-1,0,9,93,10393,32044
ATCAGGTCGCCATTGC-1,0,8,94,9887,32335
TATCACCATGTAAAGT-1,0,9,95,10393,32625
AGCGCTTATGGGCAAG-1,0,8,96,9888,32917
AAGCGGCGTCATGGGT-1,0,9,97,10394,33207
ACTAATACGTCAGGCG-1,0,8,98,9888,33498
GGCTGAGCATCGTAAG-1,0,9,99,10394,33788
CGGTTGGGTTCAAGTT-1,0,8,100,9888,34080
GACTGATTGGTCACAA-1,0,9,101,10395,34370
AGACGGGCCGATTTAA-1,0,8,102,9889,34661
ACCAGTGCCCGGTCAA-1,0,9,103,10395,34952
GTCCTTTAATGACTTC-1,0,8,104,9889,35243
CCTACAAGTCCGGAAT-1,0,9,105,10396,35533
GCCTGCTACACTGAGA-1,0,8,106,9890,35824
GACTCGGTCGGCGGAT-1,0,9,107,10396,36115
CTAGACATATATGTAG-1,0,8,108,9890,36406
TCGCCCAACTGACTCC-1,0,9,109,10396,36696
AAACTAACGTGGCGAC-1,0,8,110,9891,36987
AACTGAGGTCAGCGTC-1,0,9,111,10397,37278
ACAATGATTCTTCTAC-1,0,8,112,9891,37569
ATAAGTACCCGATTGT-1,0,9,113,10397,37859
ATTGGGAGTTCTGTAA-1,0,8,114,9892,38150
CGAACATAGTCAGAAA-1,0,9,115,10398,38441
TAGCTCAGATCCTAGT-1,0,8,116,9892,38732
GTGTCGTATTCACCTT-1,0,9,117,10398,39022
CTCACCGATCCAAACT-1,0,8,118,9892,39314
ATATGTGCACAAACCA-1,0,9,119,10399,39604
CAGTCCAACGCCTTCT-1,0,8,120,9893,39895
TCGTCCGGGTACACTC-1,0,9,121,10399,40185
GCAGAAACGTAATCCA-1,0,8,122,9893,40477
TTCGAGCCGGCGCTAC-1,0,9,123,10400,40767
GGAAGATAAGACTGTA-1,0,8,124,9894,41058
ATAAGCAAACACCGAG-1,0,9,125,10400,41349
GCATAAATTGAACGCC-1,0,8,126,9894,41640
CGCCGGTGTCGCAGTA-1,0,9,127,10400,41930
GACCTGGTCTGGGCGT-1,0,10,0,10878,5002
AGCCGCTTGATTAGCG-1,0,11,1,11384,5292
CCCGGCTAGGTGAGAA-1,0,10,2,10878,5583
CGAGCCGAGCACTCGA-1,0,11,3,11385,5874
TAGTGCTTGAATCCTT-1,0,10,4,10879,6165
CAACCGCACCTAGACA-1,0,11,5,11385,6455
ACCACTGTTCAAGAAG-1,0,10,6,10879,6746
AGATGCTATAACGAGC-1,0,11,7,11386,7037
AATTACTCGTACGCTC-1,0,10,8,10880,7328
CGTCAATCTTTAACAT-1,0,11,9,11386,7618
CCAAAGCAGTTGGTTG-1,0,10,10,10880,7909
CCATATTGGATCATGA-1,0,11,11,11386,8200
CGTACCGAAAGTCTAG-1,0,10,12,10881,8491
CTCGAGATCCAAAGCA-1,0,11,13,11387,8781
TGGATAGAGTAACAGA-1,0,10,14,10881,9073
TCACAGATCCTCAAAC-1,0,11,15,11387,9363
AGAGCTACGAAAGCAT-1,0,10,16,10882,9654
TGCGTGATTGGGTGTC-1,0,11,17,11388,9944
CACATGTTTGGACATG-1,0,10,18,10882,10236
TTCGCATCCGGAAGCA-1,0,11,19,11388,10526
CCCTAGTGTCAGGTGT-1,0,10,20,10882,10817
TTACCGCCTTAGGGAA-1,0,11,21,11389,11108
CCAGTCCATTATTCGA-1,0,10,22,10883,11399
CGTAAACGCTTGAGTG-1,0,11,23,11389,11689
ATTCCTTCCAGGCGGT-1,0,10,24,10883,11980
TTCCTTTCTGTGTTGC-1,0,11,25,11390,12271
AGTTGACATCGGCTGG-1,0,10,26,10884,12562
AACTCGATGGCGCAGT-1,0,11,27,11390,12852
GATAAGGCAGATGCAA-1,0,10,28,10884,13143
GGCTGGCTAGCTTAAA-1,0,11,29,11390,13434
CCTCATGCAGCTACGA-1,0,10,30,10885,13725
GACGCCTGTTGCAGGG-1,0,11,31,11391,14015
TAATTAGATGGATATG-1,0,10,32,10885,14306
GAGGGCATCGCGTATC-1,0,11,33,11391,14597
CTTGTGAGTCTTTGAC-1,0,10,34,10886,14888
TCAACACATTGGGTAA-1,0,11,35,11392,15178
ACTGTATACGCGAGCA-1,0,10,36,10886,15470
GTGAAACGTGCTCCAC-1,0,11,37,11392,15760
CGAGTGCTATAGTTCG-1,0,10,38,10886,16051
GTACTGCATGAAGCGT-1,0,11,39,11393,16341
GTAACTTGCGGCAGTC-1,0,10,40,10887,16633
GAATCGCCGGACACGG-1,0,11,41,11393,16923
GGGAGTAATGGCTGGC-1,0,10,42,10887,17214
CATGAACCGACATTTG-1,0,11,43,11394,17505
TCTGTCATACAAGAGC-1,0,10,44,10888,17796
GTCGTCAATTATAAGG-1,0,11,45,11394,18086
TAAAGAGCCCGAAACC-1,0,10,46,10888,18377
GTACTGAGGTCGTAAC-1,0,11,47,11394,18668
AAAGACCCAAGTCGCG-1,0,10,48,10889,18959
CGTCAGTGCGCACAAG-1,0,11,49,11395,19249
TGTATCCTTATTCCAT-1,0,10,50,10889,19540
ATTCTCGTCTCTTTAG-1,0,11,51,11395,19831
AAAGTCACTGATGTAA-1,0,10,52,10890,20122
TGTCTACAGTTTCTGT-1,0,11,53,11396,20412
TTAACGTCGCAAGACC-1,0,10,54,10890,20703
CTATGTCTATTGAAAC-1,0,11,55,11396,20994
TCGGGTGAAACTGCTA-1,0,10,56,10891,21285
TGTCCCGACATAGCAC-1,0,11,57,11397,21575
ACAGCATAGAGCCAGT-1,0,10,58,10891,21866
ATATTCCCACAGGTCA-1,0,11,59,11397,22157
TTGGATCGACTTCTGG-1,0,10,60,10891,22448
CACCATCGGAGGAGAC-1,0,11,61,11398,22738
TCGTTCGTTATTATGT-1,0,10,62,10892,23030
CTTAACTTCGAAGTAC-1,0,11,63,11398,23320
GCACAAGTGTCGGAAG-1,0,10,64,10892,23611
TACCAGCTAGGTTTAA-1,0,11,65,11398,23901
ACGTACAGATTTCTCT-1,0,10,66,10893,24193
AATTTGGTTCCAAAGA-1,0,11,67,11399,24483
GTAAGGATTTGTCGGA-1,0,10,68,10893,24774
CATCATCTACCCGGAC-1,0,11,69,11399,25065
ACGATGGATCCGATGC-1,0,10,70,10894,25356
CACTCAGCTCTTGAGG-1,0,11,71,11400,25646
TAGATCCGAAGTCGCA-1,0,10,72,10894,25937
TGAAACTTATGCAAGC-1,0,11,73,11400,26228
GCGATTCTGGAAGCAG-1,0,10,74,10895,26519
CAAACTATTGAGCTTC-1,0,11,75,11401,26809
TAGAATTAAGGGCAAC-1,0,10,76,10895,27100
CGAAACATAGATGGCA-1,0,11,77,11401,27391
GATGGTGCCCTAGGCA-1,0,10,78,10895,27682
CCCGCAGGGCCCAAAG-1,0,11,79,11402,27972
ACAGCGCACCCGCAGC-1,0,10,80,10896,28263
GGTAAATGTGCGTTAC-1,0,11,81,11402,28554
GTCCTTCTAGTGGGTT-1,0,10,82,10896,28845
GGAAGCTCGCTTACAG-1,0,11,83,11402,29135
CACCGATACACCGAGC-1,0,10,84,10897,29427
CAGCCGGGCCCTCTAT-1,0,11,85,11403,29717
CGGAGCTTATAACACC-1,0,10,86,10897,30008
ATTACAACTACCGGCC-1,0,11,87,11403,30298
TCCTCTGGCCCATTAG-1,0,10,88,10898,30590
CGGCACCGTTAGCGCC-1,0,11,89,11404,30880
TCGGTCCCTGACTCCA-1,0,10,90,10898,31171
TGGTTGGAGGATCCTG-1,0,11,91,11404,31462
CTGCGGTAGTCACGTG-1,0,10,92,10899,31753
GTGCCTCAGTGTACGG-1,0,11,93,11405,32043
ATCGTTCACTTTCGCC-1,0,10,94,10899,32334
ACTTACCGGGCGCGCA-1,0,11,95,11405,32625
CTAGACTGCATTTCGT-1,0,10,96,10899,32916
TTGCCGGTGATCCCTC-1,0,11,97,11406,33206
CTGTCACGCCAGGCGC-1,0,10,98,10900,33497
CGGTATAGGTATTAGC-1,0,11,99,11406,33788
CCAACGCTTGCCAGGG-1,0,10,100,10900,34079
CGTTGAGTAATTGCGT-1,0,11,101,11407,34369
TGTATTTACCTAATGC-1,0,10,102,10901,34660
TAAATGCCGTCTCATG-1,0,11,103,11407,34951
CGGTTTATGAAGGAAC-1,0,10,104,10901,35242
GCAAGATGTGTTCGCG-1,0,11,105,11407,35532
AAAGGTAAGCTGTACC-1,0,10,106,10902,35823
GTACGTCACGTATTAA-1,0,11,107,11408,36114
AGTACCTTCGAGTGCT-1,0,10,108,10902,36405
ATTGTGACTTCGCTGC-1,0,11,109,11408,36695
TGTATCAGACTGAAGC-1,0,10,110,10903,36987
GAGACCCTGCAACGCC-1,0,11,111,11409,37277
TGGGTGGGATGTCATT-1,0,10,112,10903,37568
GGCTAATGATTGAAAT-1,0,11,113,11409,37858
ATAACGTTACCTCCAC-1,0,10,114,10903,38150
TGCGAGATGGCGGCCA-1,0,11,115,11410,38440
CACACTTGTATTGCGA-1,0,10,116,10904,38731
GCTGGTGACTCGTAGT-1,0,11,117,11410,39022
CGACACCGCTTAAGGA-1,0,10,118,10904,39313
GTAACAACTGACCTTG-1,0,11,119,11411,39603
CAACTGAGGGTATGAC-1,0,10,120,10905,39894
CTAATTATGAAGCGTA-1,0,11,121,11411,40185
CCGATCTTAAGAGGCT-1,0,10,122,10905,40476
CGACTCGGTACACGGT-1,0,11,123,11411,40766
TGCTGCGTCAGAGTTA-1,0,10,124,10906,41057
AGAGTTGCAGGCCTCC-1,0,11,125,11412,41348
ACTGGCGAACCTGCGT-1,0,10,126,10906,41639
ACTAAGGACGCACACC-1,0,11,127,11412,41929
CGTCCAGATGGCTCCA-1,0,12,0,11890,5001
ACTATCGCCGGCTAAA-1,0,13,1,12396,5291
GATAGCGTACCACGCG-1,0,12,2,11890,5583
AGGACTTATAGGAGAA-1,0,13,3,12396,5873
TAGTCGGGATTCTTCG-1,0,12,4,11891,6164
ACCATTAAGGGTGTCA-1,0,13,5,12397,6454
TTAATGTGTTTGCAGG-1,0,12,6,11891,6746
TCCGCAGCCACCTAGC-1,0,13,7,12397,7036
GAGGAGATCCTCATGC-1,0,12,8,11892,7327
GGTCCTTCATACGACT-1,0,13,9,12398,7618
CCCTGTTGGCAAAGAC-1,0,12,10,11892,7909
GTGCCTAGCTATGCTT-1,0,13,11,12398,8199
GTCATCTCCTACAGCT-1,0,12,12,11893,8490
GCGAGAAACGGGAGTT-1,0,13,13,12399,8781
CGTCGCGGCGGGATTT-1,0,12,14,11893,9072
CATTGTGTGCTAGATC-1,0,13,15,12399,9362
CGCGGCAGTATTACGG-1,0,12,16,11893,9653
GAAATGGGATGTAAAC-1,0,13,17,12400,9944
CATTCCCTAAGTACAA-1,0,12,18,11894,10235
AGTTCTGCGTTGTATC-1,0,13,19,12400,10525
ACCCTATAGGACTGAG-1,0,12,20,11894,10816
TTAGATAGGTCGATAC-1,1,13,21,12401,11107
ATTGATAGCAACGAGA-1,0,12,22,11895,11398
TCTCGGCTCCAGGACT-1,0,13,23,12401,11688
CTTGAGGTTATCCCGA-1,0,12,24,11895,11979
AAGAAGGATCAGTTAG-1,0,13,25,12401,12270
GTACGACGGCGCTGCG-1,0,12,26,11896,12561
CTTATGTTGACTACCA-1,0,13,27,12402,12851
CGGCACTCAAGAAAGT-1,0,12,28,11896,13143
GTCAAAGTTTACATAG-1,0,13,29,12402,13433
CTCCTAAGTTATGTCT-1,0,12,30,11897,13724
ACTGTGCTAGTAGATC-1,0,13,31,12403,14014
GTTTGGCCGCTCAGCG-1,0,12,32,11897,14306
TTATCCAATCGAACTC-1,0,13,33,12403,14596
CCGTACCCAAGCGCCA-1,0,12,34,11897,14887
CATACAAAGCCGAACC-1,0,13,35,12404,15178
GGTCGGTAATTAGACA-1,0,12,36,11898,15469
AGCGGGAAGGGTCCAT-1,0,13,37,12404,15759
GCCCACCAAGGCTGTC-1,0,12,38,11898,16050
GTAGACGTCGTTACAT-1,0,13,39,12405,16341
GAGCATCATCCCTGGG-1,0,12,40,11899,16632
AGGTAACCTCCTATTC-1,0,13,41,12405,16922
GGTTTGAGTGCTGGAA-1,0,12,42,11899,17213
GCACTAGTCGCGCTAT-1,0,13,43,12405,17504
GGTAACTATGTATCTG-1,0,12,44,11900,17795
GCGGTCCCTAGACGCA-1,0,13,45,12406,18085
CGAGCGTTGATCAGCC-1,0,12,46,11900,18376
AATCCAAGGGCCTGAG-1,0,13,47,12406,18667
CCGTGCCCATGACGGC-1,0,12,48,11901,18958
GAAATTCACATCGCTG-1,0,13,49,12407,19248
CTCTGCGAAGCAAGCA-1,0,12,50,11901,19540
AGTAGGTAACATACAT-1,0,13,51,12407,19830
ATTGGGAATATCTTGG-1,0,12,52,11902,20121
TAGAGCTACGAAGAAC-1,0,13,53,12408,20411
TGCGGCATAGTTCAAC-1,0,12,54,11902,20703
CCGCCGGTCAACACAC-1,0,13,55,12408,20993
TCGTATAGTGCAATTA-1,0,12,56,11902,21284
TAGTTTATTCTTGCTT-1,0,13,57,12409,21575
GATATCTCATGCAATA-1,0,12,58,11903,21866
CGTTTAAGCGGAGCAC-1,0,13,59,12409,22156
CATGCTGGCTCCAATT-1,0,12,60,11903,22447
GAAACAGCCATGCAGT-1,0,13,61,12409,22738
AGTTTCGCAGGTCGGA-1,0,12,62,11904,23029
CTCATGGCTCACAATC-1,0,13,63,12410,23319
AACCGTTGTGTTTGCT-1,0,12,64,11904,23610
ACCCTTCATCTGCGAA-1,0,13,65,12410,23901
TGCGGTGAAATTTCAT-1,0,12,66,11905,24192
CAAATTGTCAGCAAGC-1,0,13,67,12411,24482
GAGGTACATCCATCTT-1,0,12,68,11905,24773
AAATGGCATGTCTTGT-1,0,13,69,12411,25064
TCATCCCAGAGGGTGG-1,0,12,70,11906,25355
CGTAGCGAATTGTCAG-1,0,13,71,12412,25645
CCTAGTTAGTCGCATG-1,0,12,72,11906,25936
GAAACTCTAATGAAGG-1,0,13,73,12412,26227
TTGTATCACACAGAAT-1,0,12,74,11906,26518
TTCAAGCCGAGCTGAG-1,0,13,75,12413,26808
AGGTACGATATTGCCA-1,0,12,76,11907,27100
TTAAGCCGACAACTTC-1,0,13,77,12413,27390
GTCTTAGTACAGCCGG-1,0,12,78,11907,27681
TGGGTAAGGTTCCCGC-1,0,13,79,12413,27971
CTACGCCATTTCCGAT-1,0,12,80,11908,28263
GACCGTCAGGTCGTGA-1,0,13,81,12414,28553
TAGTTAAGATAGGATA-1,0,12,82,11908,28844
GAATATTCGGAGTCCC-1,0,13,83,12414,29135
CAAACTACGATAGAGA-1,0,12,84,11909,29426
CAGGAAGACTTTATAT-1,0,13,85,12415,29716
TTCGTAATCCCAGCGG-1,0,12,86,11909,30007
GTGAGGAGCGGTTGAG-1,0,13,87,12415,30298
CAATCCCTATACCAGC-1,0,12,88,11910,30589
AGGGAAACGAGGTACT-1,0,13,89,12416,30879
TCCTGCCAACTGGAGA-1,0,12,90,11910,31170
AATTTGGGACATAGTA-1,0,13,91,12416,31461
AACTCCTAATCCCATG-1,0,12,92,11910,31752
GCTCATTACTGCATGT-1,0,13,93,12417,32042
TCTCGAACGAGGTCAC-1,0,12,94,11911,32333
TCACTACGACCAATGC-1,0,13,95,12417,32624
GTGATGCACAACATCT-1,0,12,96,11911,32915
CCGACGTAAACACAAC-1,0,13,97,12417,33205
TGGGATGCACTCATTC-1,0,12,98,11912,33497
TTCCATCATGCGGTGA-1,0,13,99,12418,33787
TGCACAGTGAAGTTAT-1,0,12,100,11912,34078
CTATTGTGTTTGGTCA-1,0,13,101,12418,34368
TGCGAGCCCTTCCGCG-1,0,12,102,11913,34660
TTGAAAGGTGTAAAGG-1,0,13,103,12419,34950
GGTGCAGAGCCTATCG-1,0,12,104,11913,35241
ACTATATGCTGTGTTC-1,0,13,105,12419,35532
TCCTGGCGCTGCCTGG-1,0,12,106,11914,35823
GAGCCGAGCGTTTATT-1,0,13,107,12420,36113
AGAATGCGGGTTCGGA-1,0,12,108,11914,36404
ATGCGACAATTGGTCC-1,0,13,109,12420,36695
TTCCGGCTCGACTTCT-1,0,12,110,11914,36986
TGATTATGGCACGCAG-1,0,13,111,12421,37276
GGTTTGACAAGAAGCT-1,0,12,112,11915,37567
GCAGCTATGGACAGGT-1,0,13,113,12421,37858
CACCATGATCGCAAAG-1,0,12,114,11915,38149
GTCGGAAGGATACCAG-1,0,13,115,12422,38439
GGCCCAGTTATCAGCA-1,0,12,116,11916,38730
GGGCCTATTTAAGTAT-1,0,13,117,12422,39021
GTTGTTACATTGCGCT-1,0,12,118,11916,39312
CAACTCCGTAACTTGC-1,0,13,119,12422,39602
GATCTTTGCTCAAAGA-1,0,12,120,11917,39894
TCGCTTAATTACGAAG-1,0,13,121,12423,40184
CGATCATTAGAGGCAC-1,0,12,122,11917,40475
TGTTCTCTACTCCCTA-1,0,13,123,12423,40765
GCTTAGGGAAGCGGTA-1,0,12,124,11918,41057
CAGGTTTAGTACTACA-1,0,13,125,12424,41347
AAGCGGAGTGCGCGCA-1,0,12,126,11918,41638
TCAGATGGAGACGTAG-1,0,13,127,12424,41929
TCGCACTAACGTTTGT-1,0,14,0,12902,5000
CACGTCGGGTTCTAGA-1,0,15,1,13408,5291
GGAGTACACATGAGCT-1,0,14,2,12902,5582
GTGTGTCGACGTCGCT-1,0,15,3,13408,5872
GAAGCTCTTTGCTTAG-1,0,14,4,12903,6163
ACACCGAGCGCTCTTT-1,0,15,5,13409,6454
CGTAATAATTACGAGT-1,0,14,6,12903,6745
CATCAACACCTACTAA-1,0,15,7,13409,7035
CCAAGTTTCTACAGAT-1,0,14,8,12904,7326
ACGGGTCATGTGACTT-1,0,15,9,13410,7617
AGTGTGCTAAGATCGC-1,0,14,10,12904,7908
GGCGGTTTGCCGGTGC-1,0,15,11,13410,8198
GTATAATCTCCCGGAT-1,0,14,12,12904,8489
TAGTCCGTATGCATAA-1,0,15,13,13411,8780
CACTTCGTCTTATCTC-1,0,14,14,12905,9071
CATCCGCAGGCCCGAA-1,0,15,15,13411,9361
CCCTGATGTAACTCGT-1,0,14,16,12905,9653
CCATAGTCAGTAACCC-1,0,15,17,13412,9943
CGGGCCATAGCCGCAC-1,0,14,18,12906,10234
CTCCGGCTTGTAGACA-1,0,15,19,13412,10524
AACTTGCGTTCTCGCG-1,0,14,20,12906,10816
AATGAGTTCGCATATG-1,0,15,21,13412,11106
CGAGGCCAGGCATTGG-1,1,14,22,12907,11397
TCTGCGTCCGGTTTCT-1,1,15,23,13413,11688
CAATCCTGCCGTGGAG-1,1,14,24,12907,11979
CTGAGCAAGTAACAAG-1,1,15,25,13413,12269
GGGTACCCACGGTCCT-1,0,14,26,12908,12560
ACGGAATTTAGCAAAT-1,1,15,27,13414,12851
GGGCGGTCCTATTGTC-1,0,14,28,12908,13142
ATGTTACGAGCAATAC-1,0,15,29,13414,13432
AACCATGGGATCGCTA-1,0,14,30,12908,13723
TCGCATCCCTAAGTGT-1,0,15,31,13415,14014
ACTTAGTACGACAAGA-1,0,14,32,12909,14305
GAGCTCTCGGACCTAA-1,0,15,33,13415,14595
TCTATTACGCTGGCGA-1,0,14,34,12909,14886
AGATACGACTTCATAT-1,0,15,35,13416,15177
CGCTATACCGCCCACT-1,0,14,36,12910,15468
CAGTGTCCGCAGAATG-1,0,15,37,13416,15758
CCATCCATACCAAGTC-1,0,14,38,12910,16049
AACCCAGAGACGGAGA-1,0,15,39,13416,16340
GAAGAACGGTGCAGGT-1,0,14,40,12911,16631
GATAAATCGGTGGATG-1,0,15,41,13417,16921
CAGCTCGTGCTTGTGT-1,0,14,42,12911,17213
GAGTACGGGTATACAA-1,0,15,43,13417,17503
CATCGCCCGCGGCCAA-1,0,14,44,12912,17794
TCTTACAGAGGTACCG-1,0,15,45,13418,18085
TGGAAGACGAACACCA-1,0,14,46,12912,18376
GTTGTCGTGTTAGTTG-1,0,15,47,13418,18666
CCAAGGAACAGAGAGG-1,0,14,48,12912,18957
CTGCACCTGGAACCGC-1,0,15,49,13419,19248
CGCTTTCATACCGGTG-1,0,14,50,12913,19539
GTTCTTCCCTCGATGT-1,0,15,51,13419,19829
ATTTAACTCGTATTAC-1,0,14,52,12913,20120
AACGATAGAAGGGCCG-1,0,15,53,13420,20411
TATCCTGCATGGGAAT-1,0,14,54,12914,20702
AGGCCCATTGTACAGG-1,0,15,55,13420,20992
CCGGCGCATATTGGAT-1,0,14,56,12914,21283
ATCTGTAATTGTACCC-1,0,15,57,13420,21574
GAGCGAGGGAGTACCG-1,0,14,58,12915,21865
TTATTAGGGAAGCATC-1,0,15,59,13421,22155
CTTCTTACGTCGTATA-1,0,14,60,12915,22446
GAAGTGCTGGATAGCT-1,0,15,61,13421,22737
GTGCAACAAATGTGGC-1,0,14,62,12916,23028
CATGCGTTAGACAGAA-1,0,15,63,13422,23318
ACACACTTTCTACACG-1,0,14,64,12916,23610
AGCCCTAAGCGAAGTT-1,0,15,65,13422,23900
ATTAATTCGGTCACTC-1,0,14,66,12917,24191
AACAGGAAATCGAATA-1,0,15,67,13423,24481
ACGTTTAGTTGTGATC-1,0,14,68,12917,24773
TCCTTCAGTGGTCGAA-1,0,15,69,13423,25063
CGAACGCCCAGTGCCG-1,0,14,70,12917,25354
CCTCGAAGTGGACGGG-1,0,15,71,13424,25645
CTCTGTTTGAGGATTC-1,0,14,72,12918,25936
TGGGCACGTTCTATGG-1,0,15,73,13424,26226
ACTATTCGTCCGTGGT-1,0,14,74,12918,26517
CCTCTGGCCTAGACGG-1,0,15,75,13424,26808
CCATAAACAACCCGAC-1,0,14,76,12919,27099
CATAGTACATTGAGAG-1,0,15,77,13425,27389
ATTTCATTATTTCGCG-1,0,14,78,12919,27680
CAACTATATCGAATGC-1,0,15,79,13425,27971
CTAGTATTCGGAATTA-1,0,14,80,12920,28262
GTGGAACCTACATGCG-1,0,15,81,13426,28552
CCTAAAGGCTGACGCT-1,0,14,82,12920,28843
CGTGACATTGGGTCGT-1,0,15,83,13426,29134
CCAATCGGTAGATCGA-1,0,14,84,12921,29425
ATTGTCGCAATACCTT-1,0,15,85,13427,29715
AAATTACACGACTCTG-1,0,14,86,12921,30007
CACTCCTCTCGGTCGG-1,0,15,87,13427,30297
AAATAACCATACGGGA-1,0,14,88,12921,30588
AGTTACTCTATCGTGG-1,0,15,89,13428,30878
CGTTAGCTCACAACTG-1,0,14,90,12922,31170
GAATGTATGGCAGGTC-1,0,15,91,13428,31460
GCAACCACCAGACCGG-1,0,14,92,12922,31751
TCACTCGTGCAACGGC-1,0,15,93,13428,32042
AAACAGAGCGACTCCT-1,0,14,94,12923,32333
CAGCCTCTCCTCAAGA-1,0,15,95,13429,32623
TTGCGTGAACGCTTAG-1,0,14,96,12923,32914
CCGCCTGCGAATTGGT-1,0,15,97,13429,33205
AGATGAGGGTTGCGAT-1,0,14,98,12924,33496
CGGTGGGCTCCAGCCT-1,0,15,99,13430,33786
GGCAGCGGTAATCCTA-1,0,14,100,12924,34077
GCTAGCAGGGAGTGGG-1,0,15,101,13430,34368
CTCAAGACATTAGCGC-1,0,14,102,12925,34659
CACGGCGCGCCAAAGG-1,0,15,103,13431,34949
TGCAATTTGGGCACGG-1,0,14,104,12925,35240
ATGCCAATCGCTCTGC-1,0,15,105,13431,35531
GCTGGACCCAAAGTGG-1,0,14,106,12925,35822
ATTCCTAAGACGTGGA-1,0,15,107,13432,36112
TCCGGAGGAAGGGCTG-1,0,14,108,12926,36403
TCGGTGACCGCTCCGG-1,0,15,109,13432,36694
TCCGAAGTAGTCACCA-1,0,14,110,12926,36985
CATGTAGGAGCGCCAA-1,0,15,111,13433,37275
CACAAGAAAGATATTA-1,0,14,112,12927,37567
AGGGTCAGTAACCCTA-1,0,15,113,13433,37857
TAAGCCCTTACGACCA-1,0,14,114,12927,38148
ATACCGTCATCCATAA-1,0,15,115,13433,38438
GGACGTCCATAGTTGG-1,0,14,116,12928,38730
CATCAAACTGGCGCCC-1,0,15,117,13434,39020
AAACGTGTTCGCCCTA-1,0,14,118,12928,39311
AAATTGGTGAGAAGCA-1,0,15,119,13434,39602
GGTCATTGTAGTCATA-1,0,14,120,12929,39893
TGCAGTGAGGCTCGGG-1,0,15,121,13435,40183
GAACATTAGTATGTTA-1,0,14,122,12929,40474
GGTTTGCGAACACGTA-1,0,15,123,13435,40765
ACACAAATATTCCTAG-1,0,14,124,12929,41056
TTGGGTTTATTCAGCG-1,0,15,125,13436,41346
ATTCGCAGAGGACACT-1,0,14,126,12930,41637
GATTTAGTGCGTACTG-1,0,15,127,13436,41928
TAGAAACACAATAGTG-1,0,16,0,13914,4999
CAGTAGATGATGTCCG-1,0,17,1,14420,5290
TCTTAACTCGGATGTA-1,0,16,2,13914,5581
TACATCTTGTTTCTTG-1,0,17,3,14420,5871
TTCATAGGGTGTCCAT-1,0,16,4,13915,6163
TGAAGTAGCTTACGGA-1,0,17,5,14421,6453
GCACAAGTGGATCATA-1,0,16,6,13915,6744
GGGCGAATTTCTCCAC-1,0,17,7,14421,7034
ATGTTCCTGCCCACCT-1,0,16,8,13915,7326
GCTCAACCTCTTAGAG-1,0,17,9,14422,7616
ATAGCTGCTCTTGTTA-1,0,16,10,13916,7907
CGTCAGCTATTTACTC-1,0,17,11,14422,8198
ATCTGATAGTGTCTTA-1,0,16,12,13916,8489
TGCACTATGTGAGTGC-1,0,17,13,14422,8779
CCGACAAACACATGAG-1,0,16,14,13917,9070
GCCTTGTATATGCAGT-1,0,17,15,14423,9361
ATAATACCGTTAGCCG-1,0,16,16,13917,9652
ACACTCCAATGTCACT-1,0,17,17,14423,9942
AGTTGCTGACTGATAT-1,0,16,18,13918,10233
GGCGCTCCTCATCAAT-1,0,17,19,14424,10524
TGCCTGACATCGGTCA-1,0,16,20,13918,10815
TTGGCCATCTTGCGCT-1,0,17,21,14424,11105
CAGTGGTTGCACATGA-1,0,16,22,13919,11396
AGAATTGTTTGACATA-1,0,17,23,14425,11687
AAATGCTCGTTACGTT-1,1,16,24,13919,11978
CACCTAATAGAGTCGT-1,1,17,25,14425,12268
CATTTCTAGCAGACTA-1,1,16,26,13919,12559
CCGAAAGTGGTGAGCA-1,1,17,27,14426,12850
AGTCAGCCACCGCCTG-1,1,16,28,13920,13141
TCATCACTCGAGCTCG-1,1,17,29,14426,13431
CTCAGGACTCACCTGT-1,0,16,30,13920,13723
CGGTGTACTTGATCCC-1,1,17,31,14427,14013
CCTACGGCTCAGTCGA-1,0,16,32,13921,14304
GTACTTGGGCACTTCT-1,1,17,33,14427,14594
TGATTTCCTCCTGACG-1,0,16,34,13921,14886
CCTCACCAATCTTGAC-1,0,17,35,14427,15176
GGTGAGATGCAGATAA-1,0,16,36,13922,15467
GCTAGTTTCATTGAGG-1,0,17,37,14428,15758
AGGACATCGCACGTCG-1,0,16,38,13922,16049
GTGGACGTGCTGAGAC-1,0,17,39,14428,16339
TAAGGAACTTGTGGGA-1,0,16,40,13923,16630
TCGCTGTGCGTAAATC-1,0,17,41,14429,16921
GCATCCCTAACTTTGA-1,0,16,42,13923,17212
CACCCACACGTCACCC-1,0,17,43,14429,17502
CCCTCATTCTGGAATT-1,0,16,44,13923,17793
AGGGCGTGATCGGCTA-1,0,17,45,14430,18084
GGTGCGGATAAGTGGC-1,0,16,46,13924,18375
TAATATTGAAATTCGC-1,0,17,47,14430,18665
CTTACACTGGGAAATA-1,0,16,48,13924,18956
ACCAAGAACGCGTGTC-1,0,17,49,14431,19247
GCCTTCAGCCCTACCG-1,0,16,50,13925,19538
GATGCTACAAGCGCCT-1,0,17,51,14431,19828
CCGGGACCCGCAGAGA-1,0,16,52,13925,20120
GTTCCAGTCTGACCAT-1,0,17,53,14431,20410
ATGATCGGGAATAGAC-1,0,16,54,13926,20701
TTGGATTGGGTACCAC-1,0,17,55,14432,20991
TACCTCACGCTTGTAC-1,0,16,56,13926,21283
CATGGCAGGAAGATCG-1,0,17,57,14432,21573
ATGACGCCGGCTCTAA-1,0,16,58,13927,21864
AGCGACATCCCATTCA-1,0,17,59,14433,22155
AGTAATGTCTTGCCGC-1,0,16,60,13927,22446
TTCTTAGTGGCTCAGA-1,0,17,61,14433,22736
CGTCTGGAAGGGCCCG-1,0,16,62,13928,23027
ACGTGCGCCTCGTGCA-1,0,17,63,14434,23318
AGAGCGGGCTAATCAT-1,0,16,64,13928,23609
GCGTCGAAATGTCGGT-1,0,17,65,14434,23899
AACTGATATTAGGCCT-1,0,16,66,13928,24190
CGAGCTGGGCTTTAGG-1,0,17,67,14435,24481
GGGTGTTTCAGCTATG-1,0,16,68,13929,24772
TTAATTTCAGACGCGG-1,0,17,69,14435,25062
ACTGCCGTCGTAACTC-1,0,16,70,13929,25353
GTGCACGAAAGTGACT-1,0,17,71,14435,25644
ATCTCCCTGCAATCTA-1,0,16,72,13930,25935
ACGCCAGATGATTTCT-1,0,17,73,14436,26225
AGCTATTTAATCCAAC-1,0,16,74,13930,26516
CCACGAGAAGAGAATC-1,0,17,75,14436,26807
GATTCCGCGTTTCCGT-1,0,16,76,13931,27098
GTCGGATGTAGCGCGC-1,0,17,77,14437,27388
TATTTATACCGAGTAG-1,0,16,78,13931,27680
GTAGGTGATCCGTGTA-1,0,17,79,14437,27970
AGTTAAGCGGTCCCGG-1,0,16,80,13932,28261
CTGGCGACATAAGTCC-1,0,17,81,14438,28551
TTGGCCTAGAATTTCG-1,0,16,82,13932,28843
GGCATATCGGTTCTGC-1,0,17,83,14438,29133
GGGCGTCCACTGGCTC-1,0,16,84,13932,29424
TTACCCATTGCCGGGT-1,0,17,85,14439,29715
TTAGACACGATCGTTG-1,0,16,86,13933,30006
GCGCTGATCCAGACTC-1,0,17,87,14439,30296
TTCGGCAACCCGCTGA-1,0,16,88,13933,30587
GATATTTCCTACATGG-1,0,17,89,14439,30878
CTGCGTTACGATATAA-1,0,16,90,13934,31169
TAATAAACAAGGAGAT-1,0,17,91,14440,31459
AACCTTTACGACGTCT-1,0,16,92,13934,31750
AGTCCCGCCTTTAATT-1,0,17,93,14440,32041
TGAGATTAGGCCCTAA-1,0,16,94,13935,32332
AGTGTATTGCGCATTG-1,0,17,95,14441,32622
GTTGGATTCAGTGGCT-1,0,16,96,13935,32913
TAAAGCTGCAATAGGG-1,0,17,97,14441,33204
AGTAGGAAGGAAGTTG-1,0,16,98,13936,33495
TATCACTTCGAGTAAC-1,0,17,99,14442,33785
TGATCTACGCTGATCT-1,0,16,100,13936,34077
GGATCATCCCGTACGC-1,0,17,101,14442,34367
TGACACTTCTCTTTGC-1,0,16,102,13936,34658
AGCCCTTCTAATCCGA-1,0,17,103,14443,34948
CACCGCGTCCACTCTA-1,0,16,104,13937,35240
TAATTGGAATCGGGAA-1,0,17,105,14443,35530
TCGTAAGCTCCGAGGA-1,0,16,106,13937,35821
TATATTACAAATGTCG-1,0,17,107,14443,36112
CGCGAGAGGGACTTGT-1,0,16,108,13938,36403
GGACCTACGGTAACGT-1,0,17,109,14444,36693
GAAATATGCTTGAATG-1,0,16,110,13938,36984
CCGTATTAGCGCAGTT-1,0,17,111,14444,37275
AGGCGTCTATGGACGG-1,0,16,112,13939,37566
AACATCGATACGTCTA-1,0,17,113,14445,37856
TGAATATGCTATAAAC-1,0,16,114,13939,38147
ACCAAACACCCAGCGA-1,0,17,115,14445,38438
TGGCTTGTACAAGCTT-1,0,16,116,13940,38729
GAATGAAGGTCTTCAG-1,0,17,117,14446,39019
AGATACCAGCACTTCA-1,0,16,118,13940,39310
GCGGTCCCGGTGAAGG-1,0,17,119,14446,39601
GAGGCATTTGCAGCAG-1,0,16,120,13940,39892
GGCAAGCCAGGGATAG-1,0,17,121,14447,40182
TCTACGGGCTCAGTTG-1,0,16,122,13941,40473
TCTGCGAATCGTTCGC-1,0,17,123,14447,40764
AGCTCGTTGATGGAAA-1,0,16,124,13941,41055
TGAATGAGATACAGCA-1,0,17,125,14448,41345
ACCCTTGCCTGGGTCG-1,0,16,126,13942,41637
GGCGAACCGTTCTGAT-1,0,17,127,14448,41927
GCGATGTCTGTGCTTG-1,0,18,0,14926,4999
ATTAACACCTGAGATA-1,0,19,1,15432,5289
GAAATCTGACCAAGTT-1,0,18,2,14926,5580
CCTGACAAACTCGCGC-1,0,19,3,15432,5871
ATGTCATTTCCCATTG-1,0,18,4,14926,6162
GCGGTGCGGAGCATCG-1,0,19,5,15433,6452
CGGAAAGCAAATGTGC-1,0,18,6,14927,6743
GCTGAGCAACGGTTCT-1,0,19,7,15433,7034
TCACTCTTCGTCTGTC-1,0,18,8,14927,7325
GATCTTCATTGTCCTC-1,0,19,9,15433,7615
ACTCGATGTATTTCAT-1,0,18,10,14928,7906
TGAAGAGCGGTCCTAG-1,0,19,11,15434,8197
TAAACGTCGTCAATGA-1,0,18,12,14928,8488
ACGTTATTGGTCACTC-1,0,19,13,15434,8778
ATAGCCTCAGTACCCA-1,0,18,14,14929,9069
CGGGAGTATACCGCCG-1,0,19,15,15435,9360
GTCCTACAGGCGGCTC-1,0,18,16,14929,9651
CGGATAAGCGGACATG-1,0,19,17,15435,9941
AACTTCTGCGTCTATC-1,0,18,18,14930,10233
GGGTTCAGACGAACAA-1,0,19,19,15436,10523
AGTCTGGACATCCTTG-1,0,18,20,14930,10814
TTGAACGAATCCTTTG-1,0,19,21,15436,11104
GAAATACTAAACGTTT-1,0,18,22,14930,11396
CCCGCGCAATGCACCC-1,0,19,23,15437,11686
TTCGGCTAGAGATGGT-1,0,18,24,14931,11977
GACACGAGTTAGAGGA-1,0,19,25,15437,12268
GAGGTCCCAAAGATCT-1,1,18,26,14931,12559
TAACTCCATGGAGGCT-1,0,19,27,15438,12849
CTTGTTTATGTAGCCA-1,1,18,28,14932,13140
GATGGCGCACACATTA-1,1,19,29,15438,13431
ATAATAGTGTAGGGAC-1,1,18,30,14932,13722
CGCTATTCAATGTATG-1,1,19,31,15438,14012
ATATTGCTGTCAAAGT-1,1,18,32,14933,14303
GGATTCAGTACGGTGG-1,1,19,33,15439,14594
TTCTTAGTGAACGGTG-1,1,18,34,14933,14885
AATGGTTCTCACAAGC-1,1,19,35,15439,15175
TATACACGCAAAGTAT-1,1,18,36,14934,15466
CTTCATAGCTCAAGAA-1,1,19,37,15440,15757
CAACGGTTCTTGATAC-1,0,18,38,14934,16048
ACACCCGAGAAATCCG-1,1,19,39,15440,16338
TCTATCATGCAGTTAC-1,0,18,40,14934,16629
CCCGCCATGCTCCCGT-1,0,19,41,15441,16920
CGCTTCCACTGAAATC-1,0,18,42,14935,17211
CACTGTCCAAGTGAGA-1,0,19,43,15441,17501
ATTACTAGCCTCTTGC-1,0,18,44,14935,17793
CATAGTAGCATAGTAG-1,0,19,45,15442,18083
CAACTCCTTGATCCCG-1,0,18,46,14936,18374
AAGTAGAAGACCGGGT-1,0,19,47,15442,18664
GCGGGAACCAGGCCCT-1,0,18,48,14936,18956
ATTAGATTGATAGCGG-1,0,19,49,15442,19246
CTCGGTCCGTAGCCTG-1,0,18,50,14937,19537
TGGCTTTGGGTAGACA-1,0,19,51,15443,19828
TATCCATATCATGCGA-1,0,18,52,14937,20119
GGAGTGCCGCCCTGGA-1,0,19,53,15443,20409
TGAGAATGCTTTACCG-1,0,18,54,14938,20700
TTAACCAACCCTCCCT-1,0,19,55,15444,20991
TGTTTCGGTACTTCTC-1,0,18,56,14938,21282
TTGCTGAAGGAACCAC-1,0,19,57,15444,21572
TATTTAGTCTAGATCG-1,0,18,58,14938,21863
CTCCGGCCTAATATGC-1,0,19,59,15445,22154
TTGTGGCCCTGACAGT-1,0,18,60,14939,22445
TCGCCGGTCGATCCGT-1,0,19,61,15445,22735
CCATAGGTTGGCGTGG-1,0,18,62,14939,23026
GAACGACCGAATGATA-1,0,19,63,15446,23317
TCCGATAATTGCCATA-1,0,18,64,14940,23608
CATTACGTCGGCCCGT-1,0,19,65,15446,23898
CAAGCACCAAATGCCT-1,0,18,66,14940,24190
TGCATGGATCGGATCT-1,0,19,67,15446,24480
GAAATCGCGCGCAACT-1,0,18,68,14941,24771
CTGAAAGAGATCCGAC-1,0,19,69,15447,25061
CACCTCGATGGTGGAC-1,0,18,70,14941,25353
ATTTGTTCCAGGGCTC-1,0,19,71,15447,25643
TGGGCCACAAGAGCGC-1,0,18,72,14942,25934
CCTTCTTGATCCAGTG-1,0,19,73,15448,26225
CCTCGCCAGCAAATTA-1,0,18,74,14942,26516
TTCATGGCGCAACAGG-1,0,19,75,15448,26806
TTAATCAGTACGTCAG-1,0,18,76,14943,27097
CCTATCTATATCGGAA-1,0,19,77,15449,27388
ATTATACTTTGCTCGT-1,0,18,78,14943,27679
ATGGATCCGGCGTCCG-1,0,19,79,15449,27969
CGCCCGCTTCCGTACA-1,0,18,80,14943,28260
GGATTCCGCTATACCC-1,0,19,81,15450,28551
CGGTCTATCAACCCGT-1,0,18,82,14944,28842
ATGCCGGTTGATGGGA-1,0,19,83,15450,29132
TCATGCAGGTTCTCAT-1,0,18,84,14944,29423
TGAGCTTTAATGACGC-1,0,19,85,15450,29714
TCCCTTAGATTACTCG-1,0,18,86,14945,30005
ATATCTCCCTCGTTAA-1,0,19,87,15451,30295
AGCTCTTCCCAGTGCA-1,0,18,88,14945,30586
TCGCTAAACCGCTATC-1,0,19,89,15451,30877
CACATTCTTTCGATGG-1,0,18,90,14946,31168
GATATGCGGTAGCCAA-1,0,19,91,15452,31458
CGTTTCACTTCGGGCG-1,0,18,92,14946,31750
CCAATTACGGGTCGAG-1,0,19,93,15452,32040
GCAGGTAGAGTATGGT-1,0,18,94,14947,32331
GTCGTATTGGCGTACA-1,0,19,95,15453,32622
GAAATTAGCACGGATA-1,0,18,96,14947,32913
AATGCACCAAGCAATG-1,0,19,97,15453,33203
AGGACGCTCGATGTTG-1,0,18,98,14947,33494
GGCTAAAGGGCGGGTC-1,0,19,99,15454,33785
CATCTATCCCGTGTCT-1,0,18,100,14948,34076
CAGTAACTATTTATTG-1,0,19,101,15454,34366
CATATACTACTGATAA-1,0,18,102,14948,34657
GCGTTCGGAGACCGGG-1,0,19,103,15454,34948
AAGTTCAGTCTGCGTA-1,0,18,104,14949,35239
CGAAGCTATAAATTCA-1,0,19,105,15455,35529
CGCGGTCACAAACCAA-1,0,18,106,14949,35820
GGGAATGAGCCCTCAC-1,0,19,107,15455,36111
ACGGAGCGCAAATTAC-1,0,18,108,14950,36402
CGTTCTTCGCACACCT-1,0,19,109,15456,36692
GAATAGCCCTGCGGTC-1,0,18,110,14950,36983
AATAGCTACCGCGTGC-1,0,19,111,15456,37274
CCGAGCTGTGCTTGTC-1,0,18,112,14951,37565
GATGACGATGATCGCG-1,0,19,113,15457,37855
GCCTATGCTGGGCCTT-1,0,18,114,14951,38147
TTACTGTCTAGAGCTC-1,0,19,115,15457,38437
AGCGGTTGCCGCTCTG-1,0,18,116,14951,38728
GCTTGCAGCACAATTG-1,0,19,117,15458,39018
CCGGAGGTCTTATGGT-1,0,18,118,14952,39310
ACAGTATACCGTGGGA-1,0,19,119,15458,39600
GGGATCCCAATACAAA-1,0,18,120,14952,39891
ATTACGACTCCACAGT-1,0,19,121,15459,40182
CTCACACGCAAGCCTA-1,0,18,122,14953,40473
CCAGATGTAAATGGGT-1,0,19,123,15459,40763
GAACTTGTGCACGGGA-1,0,18,124,14953,41054
AAGCCGCTTTACCTTG-1,0,19,125,15459,41345
TCCATTCCCACTAGAG-1,0,18,126,14954,41636
AGAGCGCTTGTAACGG-1,0,19,127,15460,41926
TGGGTTCCCGGACGGA-1,0,20,0,15937,4998
GCTGCGCCTCCCACGT-1,0,21,1,16444,5288
CTGTTGGCTCTTCTGA-1,0,20,2,15938,5579
TTGTTCTAGATACGCT-1,0,21,3,16444,5870
CCCTCAAGCTCTTAGT-1,0,20,4,15938,6161
TGGTCTAGCTTACATG-1,0,21,5,16444,6451
ATGCACCTTCCTTAAT-1,0,20,6,15939,6742
GGGATACGGTAATAAT-1,0,21,7,16445,7033
AGTTCACCGGTTGGAC-1,0,20,8,15939,7324
GACATACTGTCGCAGA-1,0,21,9,16445,7614
TGGACACCGTTGCTTG-1,0,20,10,15940,7906
TGCGATGCTAATGGCT-1,0,21,11,16446,8196
TTCTGTTTCCTGTCGC-1,0,20,12,15940,8487
CGTTGTAAACGTCAGG-1,0,21,13,16446,8777
GATCGGCGATAAGTCG-1,0,20,14,15941,9069
AGCCTTAAAGCGGAAG-1,0,21,15,16447,9359
TCCGTAACCACAATCC-1,0,20,16,15941,9650
GAATGCCGAAATGACC-1,0,21,17,16447,9941
TATACTCATGCGGCAA-1,0,20,18,15941,10232
TAGTGTCAGAAACGGC-1,0,21,19,16448,10522
CGTCATACCATATCCA-1,0,20,20,15942,10813
TAGTACCTTAGTGGTC-1,0,21,21,16448,11104
CTGGCGGGAATAAGTA-1,0,20,22,15942,11395
AGTGTGGTCTATTGTG-1,0,21,23,16448,11685
GCTATCGCGGCGCAAC-1,0,20,24,15943,11976
CAGTAATCCCTCCCAG-1,0,21,25,16449,12267
GTATTAAGGCGTCTAA-1,0,20,26,15943,12558
CTAATTTCAACAACAC-1,0,21,27,16449,12848
TTAGCAACATGGATGT-1,0,20,28,15944,13139
ATGCTCAGTGTTGCAT-1,0,21,29,16450,13430
GATGTTTGTGCGAGAT-1,0,20,30,15944,13721
CACTTCGCCACAGGCT-1,0,21,31,16450,14011
CTGTATGGTGTAGAAA-1,1,20,32,15945,14303
TACGTGCACTATGCTG-1,1,21,33,16451,14593
GTATCAGCTTGGGTTC-1,1,20,34,15945,14884
TAACAAAGGGAGAAGC-1,1,21,35,16451,15174
TTACATCGTGGCCTGG-1,0,20,36,15945,15466
TCTGAACCGGTCGGCT-1,1,21,37,16452,15756
GGCTCGTGCCACCAGC-1,1,20,38,15946,16047
TATAAGTGAGGATAGC-1,1,21,39,16452,16338
GCCCGCGCGTTTGACA-1,1,20,40,15946,16629
TGCTGGTTGGACAATT-1,1,21,41,16453,16919
GCCTAGCGATCTGACC-1,1,20,42,15947,17210
CCATGCTCTGCAGGAA-1,1,21,43,16453,17501
TATAAATCCACAAGCT-1,0,20,44,15947,17792
CGCTCGACATAATGAT-1,1,21,45,16453,18082
CCAATTGAATGTTAAT-1,0,20,46,15948,18373
GCTAATACCGAATGCC-1,1,21,47,16454,18664
TTCAACGACCCGACCG-1,0,20,48,15948,18955
TTCCTCGAGGGTGTCT-1,1,21,49,16454,19245
CAACGACCCGTTTACA-1,1,20,50,15949,19536
CTTGTACTTGTTGACT-1,1,21,51,16455,19827
TCTCTAATAGCTGGTA-1,1,20,52,15949,20118
ATTATGCCATAGGGAG-1,1,21,53,16455,20408
GACAACGCAGCTTACG-1,0,20,54,15949,20700
AGATGACTCGCCCACG-1,1,21,55,16456,20990
GTGCGGGTCTCCAAAT-1,0,20,56,15950,21281
GTACGAGATTGCGACA-1,0,21,57,16456,21571
GTATAGGACTCAGTAG-1,0,20,58,15950,21863
TTGCACGGAGCAGCAC-1,0,21,59,16457,22153
CACAGCTAGGGAGTGA-1,0,20,60,15951,22444
ATACTAGCATGACCCT-1,0,21,61,16457,22735
CCAAGACTTCTGCGAA-1,0,20,62,15951,23026
ACATAATAAGGCGGTG-1,0,21,63,16457,23316
TAATACACAGTAGTAT-1,0,20,64,15952,23607
TCTTGGTAACACCAAA-1,0,21,65,16458,23898
AACTGGGTCCCGACGT-1,0,20,66,15952,24189
ATCACTTCATCCTCGC-1,0,21,67,16458,24479
TGGAAGGATAAAGATG-1,0,20,68,15953,24770
CATGATGCACAATTCT-1,0,21,69,16459,25061
TGCCTGATCAAACGAT-1,0,20,70,15953,25352
ATAGGGATATCCTTGA-1,0,21,71,16459,25642
CACCTAATCAGTTTAC-1,0,20,72,15954,25933
TGTGACTACGCCAGTC-1,0,21,73,16460,26224
CCCGACCATAGTCCGC-1,0,20,74,15954,26515
CGCGCCCGACTTAATA-1,0,21,75,16460,26805
TGCCACCTGGCGAAAC-1,0,20,76,15954,27096
CTGCCAAGGTTGGAAG-1,0,21,77,16461,27387
TCTCCAACGTAGGTTA-1,0,20,78,15955,27678
TTCTTGGAGTAATGAG-1,0,21,79,16461,27968
GTCTCGATCTGCTTTC-1,0,20,80,15955,28260
TACTCTCCGAACAAAT-1,0,21,81,16461,28550
ATCACATTAGAATATC-1,0,20,82,15956,28841
TACGGGATGCTAGCAG-1,0,21,83,16462,29131
AGCTGAAGTAAACCAA-1,0,20,84,15956,29423
CATGGGTCGGGTGTGG-1,0,21,85,16462,29713
CACCCACGAGGCAATT-1,0,20,86,15957,30004
TGCCATTACTAAAGAA-1,0,21,87,16463,30295
CCGTTACGTTAGAACA-1,0,20,88,15957,30586
GCCAGGAGTAACCGAT-1,0,21,89,16463,30876
GGAAAGTGCCCATGCC-1,0,20,90,15958,31167
TCTTACCGGAACTCGT-1,0,21,91,16464,31458
TATGTCAAGACCGACT-1,0,20,92,15958,31749
CCTAACTAAGGCTCTA-1,0,21,93,16464,32039
GCGGTGAACTGCGCTC-1,0,20,94,15958,32330
CCTCGCGCGATATAGG-1,0,21,95,16465,32621
ATCGGCAAGCAGTCCA-1,0,20,96,15959,32912
AGATCGTGCATAAGAT-1,0,21,97,16465,33202
ATTCAGGACCTATTTC-1,0,20,98,15959,33493
AGCTAGAAGCAGAAGT-1,0,21,99,16465,33784
TTCGCTATCTGACGTG-1,0,20,100,15960,34075
TTCCGCAGAGAAATAT-1,0,21,101,16466,34365
CAGTACATTCTCTAAA-1,0,20,102,15960,34657
GTGAAGATTTCAAGTG-1,0,21,103,16466,34947
AACGCATGATCTGGGT-1,0,20,104,15961,35238
CCCAGAGGAGGGCGTA-1,0,21,105,16467,35528
GGAAACCTTGTTGAAT-1,0,20,106,15961,35820
GTGAAGCCGTATAGTC-1,0,21,107,16467,36110
GAGCTGTCGTCTCGGA-1,0,20,108,15962,36401
TGTCATTTGTTGGGAA-1,0,21,109,16468,36692
ACCAACACCACACACT-1,0,20,110,15962,36983
AAATGATTCGATCAGC-1,0,21,111,16468,37273
CTGCTTTATGTCCGCG-1,0,20,112,15962,37564
GCGAGAGGCCATGTAA-1,0,21,113,16469,37855
ATTGACCGGCGATGAC-1,0,20,114,15963,38146
ACCCTGGTAACGCCCT-1,0,21,115,16469,38436
GTTGGACCGCATCAGG-1,0,20,116,15963,38727
CGTTTACAAGGCAGCT-1,0,21,117,16469,39018
CGGTCCATGAGACTCC-1,0,20,118,15964,39309
GTTCGTCTGGGTCCCT-1,0,21,119,16470,39599
TGTACTACTCTCACGG-1,0,20,120,15964,39890
AGTGAAGATGGTGTCC-1,0,21,121,16470,40181
GAGGGCCATAATATTA-1,0,20,122,15965,40472
ACTCCCGTAGACTAGG-1,0,21,123,16471,40762
CGTCAAATGGTCGCAG-1,0,20,124,15965,41053
AAGTCTAGTAGCTGCC-1,0,21,125,16471,41344
AAGAAATCACCAGATT-1,0,20,126,15966,41635
GAGTGCACGGACAACA-1,0,21,127,16472,41925
GTTCAAATCAGATGTC-1,0,22,0,16949,4997
CATGGCTCCCTATGTC-1,0,23,1,17455,5287
GGCCACACGAAAGCCT-1,0,22,2,16950,5579
GAAGCCGGGTAAGCTC-1,0,23,3,17456,5869
TTGCGCTCTCTCGCTT-1,0,22,4,16950,6160
TACATGACCTTATCCG-1,0,23,5,17456,6451
GTCCTTCTACAACCCA-1,0,22,6,16951,6742
TATATGCTGGGTTGCC-1,0,23,7,17457,7032
GTTTATGGGATTTAGA-1,0,22,8,16951,7323
GGAACCCGAACAAGAA-1,0,23,9,17457,7614
AACGTTATCAGCACCT-1,0,22,10,16952,7905
CATCGTCCGGTTACTA-1,0,23,11,17458,8195
AGACAGCTCAGAATCC-1,0,22,12,16952,8486
GCAGATCCTCGCAAAT-1,0,23,13,17458,8777
GGGTCATGCGTACCAT-1,0,22,14,16952,9068
CTGGTCATTCCAATCC-1,0,23,15,17459,9358
TCAGGGCGCAAACTCG-1,0,22,16,16953,9649
GATGCCAGCAGAAGGC-1,0,23,17,17459,9940
GTTATTAACGTGGGAG-1,0,22,18,16953,10231
AATACAATGTTTCAGG-1,0,23,19,17459,10521
TTGCTGCACCTATCCA-1,0,22,20,16954,10813
CCAGAGACAAAGCCGG-1,0,23,21,17460,11103
CCGAAGTATATTGTTC-1,0,22,22,16954,11394
GCTAAACCTGAGGTGA-1,0,23,23,17460,11684
TCATACTTACAGATCC-1,0,22,24,16955,11976
CGAGCACTTCAAGTTT-1,0,23,25,17461,12266
TAGCAACCTGTCACAA-1,0,22,26,16955,12557
TGGGAAATGCCTTTCC-1,0,23,27,17461,12848
AGACCATGGGATACAA-1,0,22,28,16956,13139
TAAATGAATCCGTTTC-1,0,23,29,17462,13429
ACAACGGTCCCTGCGA-1,0,22,30,16956,13720
GTCACTCTCCAAATCT-1,0,23,31,17462,14011
TTCTACTTGCGAGGGC-1,0,22,32,16956,14302
CGCAATTACTTTCGGT-1,0,23,33,17463,14592
CTGTTCATCTCACGGG-1,0,22,34,16957,14883
TTCTTGTAACCTAATG-1,0,23,35,17463,15174
GCTTGATGATAATCAG-1,0,22,36,16957,15465
TTGGCTCGCATGAGAC-1,0,23,37,17464,15755
GCCCAGTTGGTATGCC-1,1,22,38,16958,16046
ATTCCTCCGCCAGTGC-1,1,23,39,17464,16337
TCGTCCGCTGGCGTCT-1,1,22,40,16958,16628
GGAGAAGTCATTGGCA-1,1,23,41,17464,16918
TTGTTAGCAAATTCGA-1,1,22,42,16959,17209
TCTAGCATCTTCGATG-1,1,23,43,17465,17500
TTCTAGGCCAATTGTG-1,1,22,44,16959,17791
TCACGGTCATCGCACA-1,1,23,45,17465,18081
ATGAAGCCAAGGAGCC-1,1,22,46,16960,18373
AATGACTGTCAGCCGG-1,1,23,47,17466,18663
CCAAACAGAACCCTCG-1,1,22,48,16960,18954
TATCGATGATTAAACG-1,1,23,49,17466,19244
GAACACACATCAACCA-1,1,22,50,16960,19536
CCCGTCAGCGTCTGAC-1,1,23,51,17467,19826
AGCATCGTCGATAATT-1,1,22,52,16961,20117
GACTAAGATCATGCAC-1,1,23,53,17467,20408
TAGGGTGTTTCAAGAG-1,1,22,54,16961,20699
TGGTTCGTAGCAAAGG-1,1,23,55,17468,20989
CTGTTCACTGCCTGTG-1,1,22,56,16962,21280
ATGTGCATCCGACGCA-1,1,23,57,17468,21571
TTGTCGTTCAGTTACC-1,1,22,58,16962,21862
CGGGATCAATGTAAGA-1,1,23,59,17468,22152
TTATCTGTATCATAAC-1,0,22,60,16963,22443
ATCGACTCTTTCCGTT-1,0,23,61,17469,22734
CTCATTTGATGGGCGG-1,0,22,62,16963,23025
GTAAGCGGGCAGTCAG-1,0,23,63,17469,23315
TCTATCGGTCGCAACA-1,0,22,64,16964,23606
AACGCGGTCTCCAGCC-1,0,23,65,17470,23897
ATTAATACTACGCGGG-1,0,22,66,16964,24188
CTTTAACTTTCAAAGG-1,0,23,67,17470,24478
CGTACCTGATAGGCCT-1,0,22,68,16964,24770
GAATGTTGGGTAATCT-1,0,23,69,17471,25060
TGCGGAGTAAAGGTGC-1,0,22,70,16965,25351
CCTGAATATTTACATA-1,0,23,71,17471,25641
TTGCTCCCATACCGGA-1,0,22,72,16965,25933
CCTCTAATCTGCCAAG-1,0,23,73,17472,26223
AGGTTGAGGCACGCTT-1,0,22,74,16966,26514
TCCCGTCAGTCCCGCA-1,0,23,75,17472,26805
TCCGATGACTGAGCTC-1,0,22,76,16966,27096
CAGCCTCCTGCAGAGG-1,0,23,77,17472,27386
CTTAGCCTTCCACATG-1,0,22,78,16967,27677
ATTAATGAACCAGTCG-1,0,23,79,17473,27968
ACGATACATAGAACTA-1,0,22,80,16967,28259
AGCCACTCCCGTGCTT-1,0,23,81,17473,28549
ATACGGGTTTCGATTG-1,0,22,82,16968,28840
CTGTCAAATGGCTCGG-1,0,23,83,17474,29131
GCTCGGAATTTAAAGC-1,0,22,84,16968,29422
TAGGCATGTTACGCCA-1,0,23,85,17474,29712
TGGCAACTCGCGCGCC-1,0,22,86,16969,30003
ATCAGTAGGCAGGGAT-1,0,23,87,17475,30294
TATCGATCTATGCATA-1,0,22,88,16969,30585
CGACTCAGGATGTTAT-1,0,23,89,17475,30875
GCCATATTGCACACAG-1,0,22,90,16969,31166
AATTCATAAGGGATCT-1,0,23,91,17476,31457
CGGTAGAGGTGCAGGT-1,0,22,92,16970,31748
AATGATGATACGCTAT-1,0,23,93,17476,32038
CTTGTGCTCACCGATT-1,0,22,94,16970,32330
TTCCAATCAGAGCTAG-1,0,23,95,17476,32620
CGATGGACCCTACGCC-1,0,22,96,16971,32911
GGTCGGATAAACGGCG-1,0,23,97,17477,33201
TTAGCTAATACGATCT-1,0,22,98,16971,33493
CTCGATATTTGCGAGC-1,0,23,99,17477,33783
ATTACTTACTGGGCAT-1,0,22,100,16972,34074
CTAGCCGATGTTATGA-1,0,23,101,17478,34365
TACTGCAATCAATTAC-1,0,22,102,16972,34656
TAGTCTGTGACGTTGC-1,0,23,103,17478,34946
CTCGTTTCTAATGTTT-1,0,22,104,16973,35237
TTCGTTCAACGAAGTT-1,0,23,105,17479,35528
CTGAATTTATTGCCAG-1,0,22,106,16973,35819
TGGAATATCCTTGACC-1,0,23,107,17479,36109
CAGATCATTTAAAGTC-1,0,22,108,16973,36400
CTCCTTTACGCAAGTC-1,0,23,109,17480,36691
TCCCAAACAGACAACG-1,0,22,110,16974,36982
ATCGCTGCGTGCAGCA-1,0,23,111,17480,37272
TTAGTTCAAGTGTTCG-1,0,22,112,16974,37563
AAACTCGTGATATAAG-1,0,23,113,17480,37854
TTAACGAACAAGCAGT-1,0,22,114,16975,38145
GTTATATCAGGAGCCA-1,0,23,115,17481,38435
CAAATTGGATTATGCC-1,0,22,116,16975,38727
CGAGGAGCTTCCATAT-1,0,23,117,17481,39017
GGAGACCAATGTGCTT-1,0,22,118,16976,39308
CATTGATGAACACGCC-1,0,23,119,17482,39598
GTCAATGCTATAATTT-1,0,22,120,16976,39890
ACCACCCTCTCTTCTA-1,0,23,121,17482,40180
TGGAGGGAAACACCTC-1,0,22,122,16977,40471
CACGGACGTGGATGGC-1,0,23,123,17483,40762
AACTTTCTCGATCATG-1,0,22,124,16977,41053
CGTATTGTTTCCTAAT-1,0,23,125,17483,41343
CCTACTGCGGCGGCCA-1,0,22,126,16977,41634
CTTAGGTCCCAATCGT-1,0,23,127,17484,41925
CGCAATCGATCATTAG-1,0,24,0,17961,4996
TGGTTATGCTTGCGGT-1,0,25,1,18467,5287
GGCTTGGCTCTCACCT-1,0,24,2,17962,5578
ATTGGTAGGATCCGCT-1,0,25,3,18468,5868
TCAGGGCGACTTCCTT-1,0,24,4,17962,6159
TCTGCAGATTCGAGTC-1,0,25,5,18468,6450
CTCTCGCTGTACTATG-1,0,24,6,17963,6741
AATAGTCGCGAGTCGG-1,0,25,7,18469,7031
AGTTACCCTTAAGACT-1,0,24,8,17963,7322
CTTAAATAAGACCCAT-1,0,25,9,18469,7613
GGTTGTGCTCTTGTCC-1,0,24,10,17963,7904
GTGAGTCTAAGACGGA-1,0,25,11,18470,8194
CGCGACACTGCGCAGC-1,0,24,12,17964,8486
GCTCGCGGTTCCGCTC-1,0,25,13,18470,8776
TTAACTCACGCGTGGA-1,0,24,14,17964,9067
GGAACGGCCTGCAGCC-1,0,25,15,18470,9357
GTAGAAACGGGTGGAG-1,0,24,16,17965,9649
TAATGAAAGACCCTTG-1,0,25,17,18471,9939
AGGCTTGCTAGACACC-1,0,24,18,17965,10230
TTGCGTAGTTTGAGGA-1,0,25,19,18471,10521
CGCCCTTGAAGGCTGA-1,0,24,20,17966,10812
CCCGGTGGAAGAACCT-1,0,25,21,18472,11102
TTAACACCTCGAACAT-1,0,24,22,17966,11393
GATTCCTATACGGCGC-1,0,25,23,18472,11684
TTACCCTAACAGTCCT-1,0,24,24,17967,11975
ACCCACCTACATGCTC-1,0,25,25,18473,12265
AAAGGGCAGCTTGAAT-1,0,24,26,17967,12556
CACACAGGGATAGATT-1,0,25,27,18473,12847
AGAGCGTACAAGCTCG-1,0,24,28,17967,13138
TCTTACGGCATCCGAC-1,0,25,29,18474,13428
GCCTATTCCGATATAG-1,0,24,30,17968,13719
GAAAGTGACTAACTGC-1,0,25,31,18474,14010
CCGGAATGGTTTCAGT-1,0,24,32,17968,14301
AGTATAATACTAGGCA-1,0,25,33,18474,14591
TAACTATCGAAGGTCC-1,0,24,34,17969,14883
ATGAGGAGTGTTAATC-1,0,25,35,18475,15173
TGTGTCGCGAGTTGCA-1,0,24,36,17969,15464
ATCCAACGCAGTCATA-1,0,25,37,18475,15754
AAGGCGCGTAAAGCTT-1,0,24,38,17970,16046
AGTCGGCCCAAACGAC-1,0,25,39,18476,16336
AACGTCAGACTAGTGG-1,0,24,40,17970,16627
ACTACCAGCTCTCTGG-1,0,25,41,18476,16918
GCAAGTGCACAGAGAA-1,1,24,42,17971,17209
ACACCTTAAGTAGGGC-1,1,25,43,18477,17499
TTCGACGGGAAGGGCG-1,1,24,44,17971,17790
TTCGCACTCGCGTGCT-1,1,25,45,18477,18081
TATTTGTTACCCTTTA-1,1,24,46,17971,18372
CGCTGTGACGCCGCAC-1,1,25,47,18478,18662
GTTGCACGGAGTTTCG-1,1,24,48,17972,18953
GTTTCCTGGAGGGTGA-1,1,25,49,18478,19244
ACACCCAGCATGCAGC-1,1,24,50,17972,19535
TCAACCATGTTCGGGC-1,1,25,51,18479,19825
TTACAACTACGCATCC-1,1,24,52,17973,20116
TCCGATGGTGCGACAT-1,1,25,53,18479,20407
GGGCGTACATTTATAT-1,1,24,54,17973,20698
AGCGACCAACGATATT-1,1,25,55,18479,20988
ACACAAAGACGGGTGG-1,1,24,56,17974,21279
ATCGCACGCCGGGAGA-1,1,25,57,18480,21570
GCTCTAAACCCTGACG-1,1,24,58,17974,21861
AATGCAACCGGGTACC-1,1,25,59,18480,22151
TCAAACAACCGCGTCG-1,1,24,60,17975,22443
TATGCTCCCTACTTAC-1,1,25,61,18481,22733
AAAGGGATGTAGCAAG-1,1,24,62,17975,23024
ACGATCATACATAGAG-1,1,25,63,18481,23314
TTGTTCAGTGTGCTAC-1,0,24,64,17975,23606
ATGCATGATCCAGGAT-1,1,25,65,18482,23896
AGTCTTCTCCTCAAAT-1,0,24,66,17976,24187
GATTCCCTTGTCGCAG-1,0,25,67,18482,24478
CTCGCACCTATATAGT-1,0,24,68,17976,24769
ACTCAATAAAGGCACG-1,0,25,69,18483,25059
AACCGAGCTTGGTCAT-1,0,24,70,17977,25350
TAAGGCAACATAAGAT-1,0,25,71,18483,25641
CACGCACAGCGCAGCT-1,0,24,72,17977,25932
GGTTTACAATCTCAAT-1,0,25,73,18483,26222
TGCAGGATCGGCAAAG-1,0,24,74,17978,26513
ATAACGGAGTCCAACG-1,0,25,75,18484,26804
AACGATATGTCAACTG-1,0,24,76,17978,27095
GACAACGACCATTGAA-1,0,25,77,18484,27385
TTGACCATGTTCTCCG-1,0,24,78,17979,27676
AGTACGGGCACCTGGC-1,0,25,79,18485,27967
CGCCATCCGATTATGA-1,0,24,80,17979,28258
AAGGTATCCTAATATA-1,0,25,81,18485,28548
TGTTGTCAAGAAGTCT-1,0,24,82,17980,28840
CAGTGAATAAATGACT-1,0,25,83,18486,29130
CACCTTGCGAAACTCG-1,0,24,84,17980,29421
CATTTAGCGGACCATG-1,0,25,85,18486,29711
CCAGTCTAGACGGCGC-1,0,24,86,17980,30003
TCGCTTTAAACGTTTG-1,0,25,87,18487,30293
GTGAAACGGCGCCACC-1,0,24,88,17981,30584
GGGCTCATCGAACCCA-1,0,25,89,18487,30875
TTGATGTGTAGTCCCG-1,0,24,90,17981,31166
CAGTAGCCCACGCGGT-1,0,25,91,18487,31456
AGCGCGGGTGCCAATG-1,0,24,92,17982,31747
TAATCGATCCGTACGT-1,0,25,93,18488,32038
AGTGGCGGCAATTTGA-1,0,24,94,17982,32329
CCTTTCAATGAAGAAA-1,0,25,95,18488,32619
CTCAGTCACGACAAAT-1,0,24,96,17983,32910
ATAGGCTAGCTTCGCA-1,0,25,97,18489,33201
CGGTTCAAGTAGGTGT-1,0,24,98,17983,33492
CAGTCGAGGATGCAAT-1,0,25,99,18489,33782
TATCACCCAACCGACC-1,0,24,100,17984,34073
AATGATGCGACTCCTG-1,0,25,101,18490,34364
TGGAACCACTGACACA-1,0,24,102,17984,34655
GCCAATAGGGCATCTC-1,0,25,103,18490,34945
TTCTTTGGTCGCGACG-1,0,24,104,17984,35236
ATTAGATTCCTCAGCA-1,0,25,105,18491,35527
CCGTGGAACGATCCAA-1,0,24,106,17985,35818
GGGTCGTGGCAAGTGT-1,0,25,107,18491,36108
TCGCTCGGCACCAGCG-1,0,24,108,17985,36400
ACGCAATCACTACAGC-1,0,25,109,18491,36690
CTCTAATGCATTGATC-1,0,24,110,17986,36981
GTCTCGACTAAGTTTG-1,0,25,111,18492,37272
TGGTTTAAACGTGGGT-1,0,24,112,17986,37563
CGCAGATCTTCACCCG-1,0,25,113,18492,37853
TCCAGATGTACGCCAA-1,0,24,114,17987,38144
CATTGCGGGTCAATTC-1,0,25,115,18493,38435
GACGTTCGTAAATACA-1,0,24,116,17987,38726
TACACCGTCGTTAGTC-1,0,25,117,18493,39016
ACGGGCGTATGCGACA-1,0,24,118,17988,39307
GAAGGCTACCATTGTT-1,0,25,119,18494,39598
TAAATCTTTACACCTC-1,0,24,120,17988,39889
AGTTTATGTAAAGACA-1,0,25,121,18494,40179
AGGAGACATCCACAGT-1,0,24,122,17988,40470
CAACCTGAACCTGCCA-1,0,25,123,18495,40761
AGTCCCTCGCAGAAAG-1,0,24,124,17989,41052
TGTATACGGATGATGA-1,0,25,125,18495,41342
TTGTGGTATAGGTATG-1,0,24,126,17989,41633
TCTGCACCATTAGTAA-1,0,25,127,18495,41924
AAATGTATCTTATCCC-1,0,26,0,18973,4996
ACTCTAAACCTGGGAT-1,0,27,1,19479,5286
GCTGGCAGGTGCCGTG-1,0,26,2,18974,5577
CTCATTCGTGAACATC-1,0,27,3,19480,5867
TCGCCGGATGGGCAAG-1,0,26,4,18974,6159
GGACTAAGTCAGGAGT-1,0,27,5,19480,6449
TATCAAAGGTCTGTAA-1,0,26,6,18974,6740
TTCAGTTTGTGGCAGC-1,0,27,7,19481,7031
TGTTCATAAATGTGCT-1,0,26,8,18975,7322
CTTAGCCCGGATAGTG-1,0,27,9,19481,7612
GATGCGAATGGTATTA-1,0,26,10,18975,7903
TCTAACTGTATGTAAA-1,0,27,11,19481,8194
TTAAACCTGGTTCCTT-1,0,26,12,18976,8485
GCTAAGTAAAGGCGAT-1,0,27,13,19482,8775
AGTTACCGCACATGGT-1,0,26,14,18976,9066
GACTGCGGCACGTGTA-1,0,27,15,19482,9357
TGGTGATCGTATTTGT-1,0,26,16,18977,9648
TTATCGCCTGCGAAGC-1,0,27,17,19483,9938
TGGAATTAGACGCTTT-1,0,26,18,18977,10229
TCGTCACACTGTTAGC-1,0,27,19,19483,10520
TTATGTTTGCGATAGA-1,0,26,20,18978,10811
GGTGCTGATCACAAAG-1,0,27,21,19484,11101
CATAGCCGCCCGGGAT-1,0,26,22,18978,11392
GGTTAGTTACGGCGCC-1,0,27,23,19484,11683
ATTCCCACATAAACAA-1,0,26,24,18978,11974
ATTCAGTAGCAGGGTC-1,0,27,25,19485,12264
CAGTTCCGCGGGTCGA-1,0,26,26,18979,12556
AAGAGATGAATCGGTA-1,0,27,27,19485,12846
CGCAATTCTACAATAA-1,0,26,28,18979,13137
TAACGCTTTGAGAGCG-1,0,27,29,19485,13428
AGGCTATGGTTAGCTT-1,0,26,30,18980,13719
GAGGAATGGAGAGGTT-1,0,27,31,19486,14009
TCCTCTACGAGATGGC-1,0,26,32,18980,14300
TTGATTATGCAGATGA-1,0,27,33,19486,14591
TCAGTACTGACCCGCG-1,0,26,34,18981,14882
TTATGACAAACTGGAT-1,0,27,35,19487,15172
GTAAGTAGGGTATACC-1,0,26,36,18981,15463
CGCAAACACGAGTTAC-1,0,27,37,19487,15754
TGGCCGTATATTGACC-1,0,26,38,18982,16045
ACTGTAGCACTTTGGA-1,0,27,39,19488,16335
GCTCTATGTTACGTGC-1,0,26,40,18982,16626
TGCGCGATTAACGGAG-1,0,27,41,19488,16917
GAATCGACATGGTCAC-1,0,26,42,18982,17208
GACTAAGTAGGCTCAC-1,0,27,43,19489,17498
ATCTTGACCTGCAACG-1,0,26,44,18983,17789
ATGCACTACCGCATTG-1,0,27,45,19489,18080
CAGATACTAACATAGT-1,1,26,46,18983,18371
GATCGACACTATCTGA-1,1,27,47,19490,18661
ATAGAGTACTGGGACA-1,1,26,48,18984,18953
CCTACTGCTTACACTT-1,1,27,49,19490,19243
CCTGCTATTTGAGAAG-1,1,26,50,18984,19534
CGCGTTCATGAAATAC-1,1,27,51,19490,19824
CATTATGCTTGTTGTG-1,1,26,52,18985,20116
CCAGGGACGTGGCCTC-1,1,27,53,19491,20406
TATGGATGTGCTACGC-1,1,26,54,18985,20697
GTACTAAGATTTGGAG-1,1,27,55,19491,20988
AGACCCGCCCTCCTCG-1,1,26,56,18986,21279
CGCATTAGCTAATAGG-1,1,27,57,19492,21569
GCTCTCGGGTACCGAA-1,1,26,58,18986,21860
CACCGCCAGAAGGTTT-1,1,27,59,19492,22151
TCCCAAAGACGAAGGA-1,1,26,60,18986,22442
ATGGATTGACCAAACG-1,1,27,61,19493,22732
GTCATGGACATGACTA-1,1,26,62,18987,23023
CTACTGCCACCTGACC-1,1,27,63,19493,23314
TTATATTTGGCAATCC-1,1,26,64,18987,23605
AGCACCAGTACTCACG-1,1,27,65,19494,23895
CATGGTCTAGATACCG-1,1,26,66,18988,24186
TCTACCGTCCACAAGC-1,1,27,67,19494,24477
CTAGTTGGGCCCGGTA-1,1,26,68,18988,24768
TCCCGCGTACTCCTGG-1,1,27,69,19494,25058
CAGAGCATGAGCTTGC-1,1,26,70,18989,25350
ACACGGGAACTTAGGG-1,1,27,71,19495,25640
GGCTCTGCTCCAACGC-1,0,26,72,18989,25931
AGAACGTGGTACATTC-1,1,27,73,19495,26221
CAATAAACCTTGGCCC-1,0,26,74,18990,26513
ACTTCGCCATACGCAC-1,0,27,75,19496,26803
ATCTGGTTAAGACTGT-1,0,26,76,18990,27094
TCGTAAGACGACATTG-1,0,27,77,19496,27385
GTGTACCTTGGCTACG-1,0,26,78,18990,27676
GCCCGTAATACCTTCT-1,0,27,79,19497,27966
CGGTCAAGTGGGAACC-1,0,26,80,18991,28257
TTGTAAGGCCAGTTGG-1,0,27,81,19497,28548
GGAGCACCAAGAACTA-1,0,26,82,18991,28839
TAATAGTGACGACCAG-1,0,27,83,19498,29129
CTAAATCCTATTCCGG-1,0,26,84,18992,29420
CGAGTTCTGTCCCACC-1,0,27,85,19498,29711
AGGCAGATGCGTAAAC-1,0,26,86,18992,30002
AAGGATGAGGGACCTC-1,0,27,87,19498,30292
AGAGAACCGTCTAGGA-1,0,26,88,18993,30583
GAGGGCGCAGCTCTGC-1,0,27,89,19499,30874
AAGATTGGCGGAACGT-1,0,26,90,18993,31165
CCAGTAGTCTGATCCA-1,0,27,91,19499,31455
AAGGGACAGATTCTGT-1,0,26,92,18994,31746
ATAGAGTTATCAACTT-1,0,27,93,19500,32037
AAATTACCTATCGATG-1,0,26,94,18994,32328
GATCCTAAATCGGGAC-1,0,27,95,19500,32618
TTACAGACCTAAATGA-1,0,26,96,18995,32910
CCTCACCTTAGCATCG-1,0,27,97,19501,33200
CATGCGACCAGTTTAA-1,0,26,98,18995,33491
AACATATCAACTGGTG-1,0,27,99,19501,33781
CTATAAGAGCCAATCG-1,0,26,100,18995,34073
AATATCGAGGGTTCTC-1,0,27,101,19502,34363
GTACTCCTGGGTATGC-1,0,26,102,18996,34654
ATAAGTAGGATTCAGA-1,0,27,103,19502,34945
AGGTCGCGGAGTTACT-1,0,26,104,18996,35236
CTAATTCTCAGATATT-1,0,27,105,19502,35526
GCCAACCATTTCCGGA-1,0,26,106,18997,35817
TGATCCCAGCATTAGT-1,0,27,107,19503,36108
CGTTGTAAGATTGATT-1,0,26,108,18997,36399
GAAACCATGGTGCGCT-1,0,27,109,19503,36689
AATCTATGCCGGAGCC-1,0,26,110,18998,36980
GACTCCCAGAATAAGG-1,0,27,111,19504,37271
TATGATCCGGCACGCC-1,0,26,112,18998,37562
CCGCTTGCTGACATGG-1,0,27,113,19504,37852
TGGTTAAGGGCGCTGG-1,0,26,114,18999,38143
TTGATAGTCAATACAT-1,0,27,115,19505,38434
GGTTTAATTGAGCAGG-1,0,26,116,18999,38725
CATTACATAGATTGTG-1,0,27,117,19505,39015
GGTACACCAGATTTAT-1,0,26,118,18999,39307
GGCCCGTATACCATGC-1,0,27,119,19506,39597
ATCTTTCGTATAACCA-1,0,26,120,19000,39888
GAGATGACAATCCTTA-1,0,27,121,19506,40178
AAAGCTTGCCTACATA-1,0,26,122,19000,40470
GAACGATAAGTTAAAG-1,0,27,123,19506,40760
TAATAGCTAAATGATG-1,0,26,124,19001,41051
TATGGCTAGGCTAATT-1,0,27,125,19507,41342
AGGAGAGTCTGGCTAC-1,0,26,126,19001,41633
TGCTCTGCCGGTTCAC-1,0,27,127,19507,41923
CCAATAGATTTCATCT-1,0,28,0,19985,4995
GGGCACGAATTGGCCG-1,0,29,1,20491,5285
TCGTTGACAGGGTCCC-1,0,28,2,19985,5576
ATCGTATTCCGAGAAC-1,0,29,3,20492,5867
GGGAATTCTGTCCAGT-1,0,28,4,19986,6158
ACGCGTTTCTTAAGAG-1,0,29,5,20492,6448
GAGAGCGCAGTCCCTG-1,0,28,6,19986,6739
GTCCTATTGTTGTGGT-1,0,29,7,20492,7030
CATCTGCAGGATCATT-1,0,28,8,19987,7321
GAGTCGACAGACCCTC-1,0,29,9,20493,7611
AAGTGCAAAGGTAGAC-1,0,28,10,19987,7902
AGGGTGGATAGTGCAT-1,0,29,11,20493,8193
TGATAGCGGGATTCTA-1,0,28,12,19988,8484
GTCAGTTTGGTAGTCG-1,0,29,13,20494,8774
GCATTCGAAATGAACA-1,0,28,14,19988,9066
AAAGACTGGGCGCTTT-1,0,29,15,20494,9356
TAACAATATTTGTTGC-1,0,28,16,19989,9647
CCAGCTTCCGCCCGCA-1,0,29,17,20495,9937
GATATGGATTACGCGG-1,0,28,18,19989,10229
AGAGCAGTTATGAGAC-1,0,29,19,20495,10519
TCACATCTTATCTGAT-1,0,28,20,19989,10810
TATGAAGACAGGTGCG-1,0,29,21,20496,11101
TACCTGCTGCACTGTG-1,0,28,22,19990,11392
TAGGTCCAAGTAAGGA-1,0,29,23,20496,11682
GAAACTCGTGCGATGC-1,0,28,24,19990,11973
AACAATTACTCTACGC-1,0,29,25,20496,12264
CCGCACGTGACCTCGG-1,0,28,26,19991,12555
AACTTGCCCGTATGCA-1,0,29,27,20497,12845
GGGTATGTATGCACTT-1,0,28,28,19991,13136
TTCGTACTCCAGAACG-1,0,29,29,20497,13427
GAATTTCTCGCTGCAG-1,0,28,30,19992,13718
AACAGGATGGGCCGCG-1,0,29,31,20498,14008
GACGTGTAGGGATTAT-1,0,28,32,19992,14299
TAGGTGAGCCCTACTC-1,0,29,33,20498,14590
CTAATTCGCACGCGCT-1,0,28,34,19993,14881
GAAGCTTGCTGACCGC-1,0,29,35,20499,15171
GGTTAGGCTTGGAGAA-1,0,28,36,19993,15463
ACAAGGACAAGAGGTT-1,0,29,37,20499,15753
AGGCCACCCGTTATGA-1,0,28,38,19993,16044
GTGGGCTTAGACACAC-1,0,29,39,20500,16334
CGTGTCCCATTCGCGA-1,0,28,40,19994,16626
TGGAGTGATGCGATGA-1,0,29,41,20500,16916
AACAACTGGTAGTTGC-1,0,28,42,19994,17207
CCTGGCTAGACCCGCC-1,0,29,43,20501,17498
CGCAATTAGGGTAATA-1,0,28,44,19995,17789
TCGAAATTTAGGACCA-1,0,29,45,20501,18079
AGACTAGCCTTCCAGA-1,0,28,46,19995,18370
TTGATCTAACTTTGTC-1,0,29,47,20501,18661
AAGGAGCGGTTGGTGC-1,0,28,48,19996,18952
ACTTGGGACCCGGTGG-1,0,29,49,20502,19242
TGATCTCCGGCGCCAG-1,1,28,50,19996,19533
CAGTTCAAATTGACAC-1,0,29,51,20502,19824
GTCCGGCTGAATTGCG-1,1,28,52,19997,20115
CTGGAAATGGATGCTT-1,1,29,53,20503,20405
TGATCGGTTTGACCCT-1,1,28,54,19997,20696
TAGAGTCTAAGCGAAC-1,1,29,55,20503,20987
GAGACTGATGGGTAGA-1,1,28,56,19997,21278
TAGCTAAGTCCGGGAG-1,1,29,57,20504,21568
GGGCGATATGTGTGAA-1,1,28,58,19998,21859
CTCGAGGTCGAACAGT-1,1,29,59,20504,22150
GATCCCTTTATACTGC-1,1,28,60,19998,22441
GTCATGCACCTCCGTT-1,1,29,61,20505,22731
ACTTTCCTATAGCTTC-1,1,28,62,19999,23023
TCGCTCGATATATTCC-1,1,29,63,20505,23313
ATAGGTTGGGCAGATG-1,1,28,64,19999,23604
CAATTAAGGGTGATGA-1,1,29,65,20505,23894
ACCGACTGAGTCCCAC-1,1,28,66,20000,24186
CCTGTCACCCGGGCTC-1,1,29,67,20506,24476
GATCGGTGGCCATAAC-1,1,28,68,20000,24767
CCTATGGGTTACCGTC-1,1,29,69,20506,25058
TTGGGACACTGCCCGC-1,1,28,70,20001,25349
CGAGGCTAAATATGGC-1,1,29,71,20507,25639
TCAGGGTGTAACGTAA-1,1,28,72,20001,25930
CGAGAGATGTGAACCT-1,1,29,73,20507,26221
TCGCTGGGCGGATTGT-1,1,28,74,20001,26512
AGATCTCAGGTGTGAT-1,1,29,75,20508,26802
TGGCCAAACTGAAGTA-1,0,28,76,20002,27093
GCTTCCGTCCCTAGAC-1,0,29,77,20508,27384
CAGCAGCCCGTTCCTT-1,0,28,78,20002,27675
TGTATAACAGATCCTG-1,0,29,79,20509,27965
CGCGGGAATTAGGCAG-1,0,28,80,20003,28256
TGCATGTGGTAATCTA-1,0,29,81,20509,28547
ACAATTTGAGCAGTGG-1,0,28,82,20003,28838
GAGCTAAGGGCATATC-1,0,29,83,20509,29128
CCAGATAGTTGAGTGA-1,0,28,84,20004,29420
CCACAATGTACGTCTT-1,0,29,85,20510,29710
CAATGGATCTCTACCA-1,0,28,86,20004,30001
TGTGGCAAAGCGTATG-1,0,29,87,20510,30291
TAAAGCGTTAGGAGAA-1,0,28,88,20005,30583
TCCGTTTAGCCTTGAA-1,0,29,89,20511,30873
CAGCTCGACAAGTTAA-1,0,28,90,20005,31164
GCCTATAGTGTCAGGG-1,0,29,91,20511,31455
ATAGACAACGGGACCT-1,0,28,92,20006,31746
CTACTATCTTTCAGAG-1,0,29,93,20512,32036
GCGCTGCTTTGCATTT-1,0,28,94,20006,32327
GCGCATCCAGTCAGCA-1,0,29,95,20512,32618
GACTCGCGGGAATGAC-1,0,28,96,20006,32909
CTGGTAACGAGCTCTT-1,0,29,97,20513,33199
TCCGGCCTAGCGTACA-1,0,28,98,20007,33490
TCTAGGTGGCGACGCT-1,0,29,99,20513,33781
ACGCTAGTGATACACT-1,0,28,100,20007,34072
ATCTGCACCTCTGCGA-1,0,29,101,20513,34362
CCTCACCTGAGGGAGC-1,0,28,102,20008,34653
AGTGAGCCTCGCCGCC-1,0,29,103,20514,34944
ACGAGTACGGATGCCC-1,0,28,104,20008,35235
GGTACCATTAAGACGG-1,0,29,105,20514,35525
TTCTGCTAGACTCCAA-1,0,28,106,20009,35816
TAACTATTACGCCAAA-1,0,29,107,20515,36107
GCATTCAAGGCAACGC-1,0,28,108,20009,36398
AGTACATCATTTATCA-1,0,29,109,20515,36688
GTCGTGTCTGGTCATC-1,0,28,110,20010,36980
AGTCTAAAGTATACTC-1,0,29,111,20516,37270
CGGCCCAACCTGTAGT-1,0,28,112,20010,37561
AGGGAGACATACTTCG-1,0,29,113,20516,37851
TCCCTAGATCAATAGG-1,0,28,114,20010,38143
TCCCGTCGCGTCATAG-1,0,29,115,20517,38433
CGCATCCATCAGCCAG-1,0,28,116,20011,38724
CTGCACCTAGTCCACA-1,0,29,117,20517,39015
CGAGGATCGGGAACGA-1,0,28,118,20011,39306
CAATGAGGTTCGACTA-1,0,29,119,20517,39596
TCTGACGGGCTAACCC-1,0,28,120,20012,39887
TTCTATGCCTTTCGCA-1,0,29,121,20518,40178
AGAGTATAGTGTTACG-1,0,28,122,20012,40469
CCATTGTTTCCTCCAT-1,0,29,123,20518,40759
CTCATCACTTAGTGAT-1,0,28,124,20013,41050
CCGAAGGGCGTACCGC-1,0,29,125,20519,41341
TCAAGCTGCCTTGAAA-1,0,28,126,20013,41632
CTCATTAACGTTGCCC-1,0,29,127,20519,41922
GTCTTCCTCACCTAAG-1,0,30,0,20997,4994
GGTGATGAAGGAAGTG-1,0,31,1,21503,5284
TCAATACAATTGCTGC-1,0,30,2,20997,5576
GCAACCCAAGTTGTTT-1,0,31,3,21503,5866
ATGAAGTGGACCCAGC-1,0,30,4,20998,6157
GAGAATCTCACGATCA-1,0,31,5,21504,6447
TATATCATTGATCAGT-1,0,30,6,20998,6739
AACTTTACGGGAGCTT-1,0,31,7,21504,7029
TTCTTGTGTCCATCAG-1,0,30,8,20999,7320
ACAATTTAGGAGGCTC-1,0,31,9,21505,7611
ATACTTGTTCTCGAGC-1,0,30,10,20999,7902
CACGGGATTGAGGGTT-1,0,31,11,21505,8192
GTTAATGTCTATCTTA-1,0,30,12,21000,8483
GCGTTATATTTGGAAC-1,0,31,13,21506,8774
CGTCAAGGCTATAAAT-1,0,30,14,21000,9065
TTAGCTCTGTAATCCG-1,0,31,15,21506,9355
AATGGTCCACCGTTCA-1,0,30,16,21000,9646
GTCATTGCATTGACCC-1,0,31,17,21507,9937
TGTCCGTGGCGCCTTT-1,0,30,18,21001,10228
TCAACTAACGTATAAC-1,0,31,19,21507,10518
TCCTCTCCAGTTGTCC-1,0,30,20,21001,10809
TGTGTTCGTATCCAAG-1,0,31,21,21507,11100
CCGCGTAGGTAAGGGC-1,0,30,22,21002,11391
CTGCGGGTGAAATGTT-1,0,31,23,21508,11681
TATCTACAGAGGTAAT-1,0,30,24,21002,11972
CTACTCTAGGCCCGGC-1,0,31,25,21508,12263
ACAAGCAGTGCCTAGC-1,0,30,26,21003,12554
TACAAGTCTCGTGCAT-1,0,31,27,21509,12844
TCGGAATGCGCTCTGA-1,0,30,28,21003,13136
TCGCGTCCAGAAGGTC-1,0,31,29,21509,13426
TATGGCCCGGCCTCGC-1,0,30,30,21004,13717
GCTGGCATATTCACCT-1,0,31,31,21510,14007
GTCAGAATAGTCTATG-1,0,30,32,21004,14299
GGCGTCCTATCCGCTG-1,0,31,33,21510,14589
CGGAGTTTGAGAGACA-1,0,30,34,21004,14880
AGCACTTAAGGACGCC-1,0,31,35,21511,15171
TCCACAATGGTTTACG-1,0,30,36,21005,15462
CCAACGATGCACTGAT-1,0,31,37,21511,15752
ATTTACAGTTTACTGG-1,0,30,38,21005,16043
CCCTGAAATGAGTTGA-1,0,31,39,21511,16334
CAAACGGTCGCACTTT-1,0,30,40,21006,16625
TGATTCGTCTATCACT-1,0,31,41,21512,16915
TCAGGTTCTTTGAGAA-1,0,30,42,21006,17206
CACGCAGCGAGGCTTT-1,0,31,43,21512,17497
TTAAGCGCCTGACCCA-1,0,30,44,21007,17788
CTTACACGGTATTCCA-1,0,31,45,21513,18078
AAGGCTGTGCTCATCG-1,0,30,46,21007,18369
GACCAGAGCCCTGTAG-1,0,31,47,21513,18660
TCCCAGGCTTAGCTAA-1,0,30,48,21008,18951
ATTGAAGATCTTAGTG-1,0,31,49,21514,19241
AGTTCCTACAGAATTA-1,0,30,50,21008,19533
GGGCTGGTTAGTCGCG-1,0,31,51,21514,19823
GAAATGGCGGTGTTAG-1,0,30,52,21008,20114
TACGAACACGACTTCA-1,0,31,53,21515,20404
ACCACAAGTTTCTATC-1,0,30,54,21009,20696
ATATTTAACCCTCAAG-1,1,31,55,21515,20986
GATCATTCCAAACATT-1,1,30,56,21009,21277
TCCAGGCGAGTACGGT-1,1,31,57,21516,21568
GTTTGACCAAATCCTA-1,1,30,58,21010,21859
CACAGCACCCACGGCA-1,1,31,59,21516,22149
TGCAAGAATGACGTAA-1,1,30,60,21010,22440
GCGAAGCCATACCCGT-1,1,31,61,21516,22731
TCCTTTCTTACGCTTA-1,1,30,62,21011,23022
GCTGCTCTCCGGACAC-1,1,31,63,21517,23312
ACTGTCTTCTTTAGAA-1,1,30,64,21011,23603
TCAAACTTAGATTGTT-1,1,31,65,21517,23894
CTATGTCACTAGCCCA-1,1,30,66,21012,24185
TGCGCAAAGCATTTGG-1,1,31,67,21518,24475
TTAATGTAGACCAGGT-1,1,30,68,21012,24766
GGCGGTAGGATCATTG-1,1,31,69,21518,25057
GGCAATAGTCAATGAG-1,1,30,70,21012,25348
ACACGAGACTCCTTCT-1,1,31,71,21519,25638
GACACAAGGGAAGAAA-1,1,30,72,21013,25929
TCAGCAAATGCATCTC-1,1,31,73,21519,26220
GAGATCTGTCACTCCG-1,1,30,74,21013,26511
ATGCCGGTCTTGCATA-1,1,31,75,21520,26801
TTGGGCGGCGGTTGCC-1,1,30,76,21014,27093
TTGTTGTGTGTCAAGA-1,1,31,77,21520,27383
ACTGTACGATACACAT-1,1,30,78,21014,27674
TCCACTTTATCTAGGT-1,1,31,79,21520,27965
GGTCTGAGAATCTGGA-1,0,30,80,21015,28256
TAGAAAGGTGGCGCTA-1,0,31,81,21521,28546
TATGTCTCATTGTGCC-1,0,30,82,21015,28837
GGATTTCACTTCTATA-1,0,31,83,21521,29128
TGAGTGGTCCGTGACG-1,0,30,84,21016,29419
CGCTTTCTTGCATTCG-1,0,31,85,21522,29709
ACCCAACGCCCGTGGC-1,0,30,86,21016,30000
GAACGTCTCATGGTCG-1,0,31,87,21522,30291
AGGGTTCCCTTTGGTT-1,0,30,88,21016,30582
GTAGCTTCCTCTTGTT-1,0,31,89,21523,30872
GCATGAGGGACGCGGC-1,0,30,90,21017,31163
CTACCCTAAGGTCATA-1,0,31,91,21523,31454
TCACCGCTCGGCACTC-1,0,30,92,21017,31745
GGCTCGCGTTGAGGTA-1,0,31,93,21524,32035
CTAACGAAACTTGCTG-1,0,30,94,21018,32326
TTAAACTCGAATTCAT-1,0,31,95,21524,32617
TACTTTACTGAGCCGG-1,0,30,96,21018,32908
GCTTGGATCGATTAGG-1,0,31,97,21524,33198
CGGTTATCCAACAGTG-1,0,30,98,21019,33490
CAGACCTGTAAGTGTT-1,0,31,99,21525,33780
GACGGTCAATAGAAGC-1,0,30,100,21019,34071
CTGACTGCGCAGCTCG-1,0,31,101,21525,34361
CCATACCTTTACTTGT-1,0,30,102,21020,34653
GTAATAAAGGGCTCCC-1,0,31,103,21526,34943
GTGAACTCCCATTCGA-1,0,30,104,21020,35234
GTGGTTACTTCTTTCG-1,0,31,105,21526,35525
TCAGAACCTCCACAGG-1,0,30,106,21021,35816
TCCCACTCTCTTCCGG-1,0,31,107,21527,36106
ATCTTGACTTGTCCAA-1,0,30,108,21021,36397
TCGGGAACGTGCCTAG-1,0,31,109,21527,36688
GTTAGCCGTAAATCAA-1,0,30,110,21021,36979
ATTTACTAAGTCCATT-1,0,31,111,21528,37269
GGGTGCATATGAAAGC-1,0,30,112,21022,37560
TCCGAATGGTCCTGAG-1,0,31,113,21528,37851
TGATGGCTGTTTCTGA-1,0,30,114,21022,38142
AAATAAGGTAGTGCCC-1,0,31,115,21528,38432
CCACTATCCGGGTCAC-1,0,30,116,21023,38723
ACACCACATAATTAGC-1,0,31,117,21529,39014
CGCGGTAAGTCTAGCT-1,0,30,118,21023,39305
GCGGGCATTACGATGC-1,0,31,119,21529,39595
AGGATTGCTTACGACA-1,0,30,120,21024,39887
CTCGGGATAACACCTA-1,0,31,121,21530,40177
GTCGTCTGGTTGGCTA-1,0,30,122,21024,40468
GCAATTAGTCGCACCG-1,0,31,123,21530,40758
GTGACCTAAAGAATAA-1,0,30,124,21025,41050
CTGAGCGAGACTTATT-1,0,31,125,21531,41340
CAAGACTCAGAAGCGC-1,0,30,126,21025,41631
ACTTCGCTAGCGAGTG-1,0,31,127,21531,41922
CCATACTCGCCTCTCC-1,0,32,0,22009,4993
ACGATACCTATCCTGA-1,0,33,1,22515,5284
CTCACCAGTACAAGTG-1,0,32,2,22009,5575
CGAAGACGGTGAGTGC-1,0,33,3,22515,5865
AAATTAATAAGCGCGA-1,0,32,4,22010,6156
GGGCCCTTATCTATAC-1,0,33,5,22516,6447
CTGCCCACGAAGCGTT-1,0,32,6,22010,6738
GGACAAGTTGCAGTGA-1,0,33,7,22516,7028
GTCCGAGAGCAATCAT-1,0,32,8,22011,7319
ATGGCAGCCGAGAAAC-1,0,33,9,22517,7610
CCTCGGATGCTACCTG-1,0,32,10,22011,7901
ATACGGTGAAGATGCA-1,0,33,11,22517,8191
ACATCAGCTGGGACGC-1,0,32,12,22011,8482
GGTTGTGTAGCCTGGC-1,0,33,13,22518,8773
CCTGCGTTCTACGCTT-1,0,32,14,22012,9064
GAACGTTAGGAAGACG-1,0,33,15,22518,9354
CTGATAGTGTATCTCA-1,0,32,16,22012,9646
TTCTGCGAGCGCCCTT-1,0,33,17,22518,9936
CTTTGGCGCTTTATAC-1,0,32,18,22013,10227
TCCGAACTTGGCTTAC-1,0,33,19,22519,10517
TAGATTCCTGGTTATT-1,0,32,20,22013,10809
CCGACAAAGGGAGTGC-1,0,33,21,22519,11099
CCATGGCCCTTGTACC-1,0,32,22,22014,11390
GAAATATCACCATCAG-1,0,33,23,22520,11681
ACGAAATGGGCGGCAC-1,0,32,24,22014,11972
GTGAGCGTGCTGCACT-1,0,33,25,22520,12262
CCGCGGGTACGAAGAA-1,0,32,26,22015,12553
TCCCTGGCTCGCTGGA-1,0,33,27,22521,12844
CAGCTTAGTAGGTAGC-1,0,32,28,22015,13135
CACGAAAGTTAGTCCC-1,0,33,29,22521,13425
ACCTAATCGACTTCCT-1,0,32,30,22015,13716
AAGTAGTGACGCGAGG-1,0,33,31,22522,14007
TCCGATTACATTGCCG-1,0,32,32,22016,14298
CCTCCGACAATTCAAG-1,0,33,33,22522,14588
GTTCACAGGAGTCTAG-1,0,32,34,22016,14879
CGAAGTTGCTCTGTGT-1,0,33,35,22522,15170
GTCGGATATCTCAGAC-1,0,32,36,22017,15461
CGCTCTCCGTAGATTA-1,0,33,37,22523,15751
CAAGCAACGTCGGAGT-1,0,32,38,22017,16042
CCATTCCCTGCCCACA-1,0,33,39,22523,16333
CTTTGGCTTTAGTAAA-1,0,32,40,22018,16624
GGCTATTAAGTTGTAT-1,0,33,41,22524,16914
CCATTAGCGATAATCC-1,0,32,42,22018,17206
TGTTCTTCCATTGACT-1,0,33,43,22524,17496
AGATAACTTCAGGGCC-1,0,32,44,22019,17787
ATAGACGAAGAGAAAG-1,0,33,45,22525,18078
GGCGGAGTAATATTAG-1,0,32,46,22019,18369
TGACCCACGTTAGACA-1,0,33,47,22525,18659
TCACAGGTTATTGGGC-1,0,32,48,22019,18950
TCACGCATTGTAGATC-1,0,33,49,22526,19241
TTGAAGAATTCCCAGG-1,0,32,50,22020,19532
AAATGGTCAATGTGCC-1,0,33,51,22526,19822
TAGTGCCCTCCAGAGT-1,0,32,52,22020,20113
GGTATTGCCGAGTTTA-1,0,33,53,22527,20404
CGTATTAAGAGATCTA-1,0,32,54,22021,20695
ACTGTCCAGGATTATA-1,0,33,55,22527,20985
CGGGCAGCTAAACCGC-1,1,32,56,22021,21276
TTGCTGATCATGTTCG-1,0,33,57,22527,21567
TATGGGTACGTATCGT-1,1,32,58,22022,21858
CAGCTCACTGAGACAT-1,0,33,59,22528,22148
GGGACTGCATAGATAG-1,1,32,60,22022,22439
ACGCATTCGTGAGTAC-1,1,33,61,22528,22730
CTCTGGACGCCTGGTG-1,1,32,62,22023,23021
AGGGTTTAGTTCGGGA-1,1,33,63,22529,23311
GGGAGAACTCACAGTA-1,1,32,64,22023,23603
ATCAATCTGGGCTGCA-1,1,33,65,22529,23893
TCTTCGATACCAATAA-1,1,32,66,22023,24184
ACGTAGATTGCTGATG-1,1,33,67,22530,24474
TCTTGATGCGTAGCGA-1,1,32,68,22024,24766
GGGCTGCCTAGGGCGA-1,1,33,69,22530,25056
CTCTCACAATCGATGA-1,1,32,70,22024,25347
CCAAGCGTAACTCGTA-1,1,33,71,22531,25638
ACAACAGCATGAGCTA-1,1,32,72,22025,25929
GTCCCAACGTAAAGTA-1,1,33,73,22531,26219
TCGGAGTACATGAGTA-1,1,32,74,22025,26510
GGGAGTTAATGAGGCG-1,1,33,75,22531,26801
CCGGGCGGTCTCGTCA-1,1,32,76,22026,27092
CCGTAAGTTGGTCCCA-1,1,33,77,22532,27382
GGAGGGCTTGGTTGGC-1,1,32,78,22026,27673
TCGGACGCCCAGCCCA-1,1,33,79,22532,27964
TCTGTGCCATCATAGT-1,1,32,80,22027,28255
GTACTGGAGTTAGACC-1,1,33,81,22533,28545
GGAATGCGCTAGCGTG-1,1,32,82,22027,28836
GTGTGAATAACTTAGG-1,1,33,83,22533,29127
GGTCGGCCAGGAGCTT-1,0,32,84,22027,29418
TAGCCGGCGGTCAGCG-1,0,33,85,22534,29708
CGGGTGTACCCATTTA-1,0,32,86,22028,30000
AGTGATTCAAGCAGGA-1,0,33,87,22534,30290
GTTGGATTGAGAACAC-1,0,32,88,22028,30581
CACACGCGCTGTCTTA-1,0,33,89,22535,30871
TAGACGCCCGTACCGG-1,0,32,90,22029,31163
GGTTTCAATCGGTCAG-1,0,33,91,22535,31453
AATCTGCGTTGGGACG-1,0,32,92,22029,31744
TTACGGATGGTTCGAG-1,0,33,93,22535,32035
CGGCAGGGTCGGGTTG-1,0,32,94,22030,32326
GCTTTCAGAGGAGGTG-1,0,33,95,22536,32616
TCTTCCCATGGGCACA-1,0,32,96,22030,32907
TACCGCGGACTTGCAG-1,0,33,97,22536,33198
AGAATTATGGATTCGA-1,0,32,98,22031,33489
ATTGATGAGTCCTAAC-1,0,33,99,22537,33779
TAGGTCGCCGGAACTG-1,0,32,100,22031,34070
TAACCTACCGTCCGAG-1,0,33,101,22537,34361
CTTAGTAGGCCTACAG-1,0,32,102,22032,34652
CTAGATGTGAGTGTAA-1,0,33,103,22538,34942
ACTCCCGAATTCGTTT-1,0,32,104,22032,35233
GTTCATCGTTTGGCTG-1,0,33,105,22538,35524
ACTTTACCCTCATGAA-1,0,32,106,22032,35815
GCGAGAGTTGCGTCCA-1,0,33,107,22539,36105
GTTCGGGCGTACCATT-1,0,32,108,22033,36396
CGACTTTGTATAGCCT-1,0,33,109,22539,36687
GCCATCGATGCTGCAT-1,0,32,110,22033,36978
GCATTTCCAAGGCTCC-1,0,33,111,22539,37268
ATGTAAGGCTGCTCTT-1,0,32,112,22034,37560
ACGTTCGCAATCAATT-1,0,33,113,22540,37850
GTGACGAGGGTGACCC-1,0,32,114,22034,38141
ATTATAGCTACTTTAC-1,0,33,115,22540,38431
CGTGTGTTAAACCCTG-1,0,32,116,22035,38723
TTGGTATGGCTTGTGT-1,0,33,117,22541,39013
CATTCCCATTCCGTCG-1,0,32,118,22035,39304
TGCCGAAAGCGTATTC-1,0,33,119,22541,39595
CAACACATCTCCTGCC-1,0,32,120,22036,39886
CTGCCTCATATGCAAC-1,0,33,121,22542,40176
TCCCGCCTATGTGCGT-1,0,32,122,22036,40467
GGTTACCCGACACTTT-1,0,33,123,22542,40758
CCAGCGGGATCACCAG-1,0,32,124,22036,41049
ATGTTTCGGCCCGGAG-1,0,33,125,22543,41339
GCGTCTAACCTCCTAA-1,0,32,126,22037,41630
ATCAGGTAGCTGACAG-1,0,33,127,22543,41921
GGTATGAAAGAACTGA-1,0,34,0,23021,4992
GTGGCCTAATATCATT-1,0,35,1,23527,5283
CCTGTGAAACCGTAAC-1,0,34,2,23021,5574
GGCAGAGAGATCGGGA-1,0,35,3,23527,5864
TAGCGTCGAATATTGA-1,0,34,4,23021,6156
CGCCGACTATTCGCTA-1,0,35,5,23528,6446
TCTGGCGCAAGCCGGG-1,0,34,6,23022,6737
AGTGGTTGCGTATAGG-1,0,35,7,23528,7027
ATCGGTTACCTAGTAA-1,0,34,8,23022,7319
CCTGCCCGTTGTCTAG-1,0,35,9,23529,7609
GCACACGCCCATGGTC-1,0,34,10,23023,7900
AGTACGGCCCGTATCG-1,0,35,11,23529,8191
TATCTAGCCTAAAGGA-1,0,34,12,23023,8482
CACTCGGTTAGGAGGA-1,0,35,13,23529,8772
ATGTTCGTCGACCCAC-1,0,34,14,23024,9063
TTCCTCTGCCCGAATA-1,0,35,15,23530,9354
TTACTATCGGCTTCTC-1,0,34,16,23024,9645
GCCGCATTAGTCCGGC-1,0,35,17,23530,9935
TAAGGGCTGGGAGAGG-1,0,34,18,23025,10226
TAAGCAGGCGACACGC-1,0,35,19,23531,10517
AGCACTACCGGCCTGT-1,0,34,20,23025,10808
GAAAGCCCTTTGGACC-1,0,35,21,23531,11098
GACCGACTGAAGCGTC-1,0,34,22,23026,11389
CGGTGAAGACTAAAGT-1,0,35,23,23532,11680
CCCTGCGCTACGCATA-1,0,34,24,23026,11971
TACTGGACAGCTCGGC-1,0,35,25,23532,12261
TTAGTAGGGCGGCGGG-1,0,34,26,23026,12552
GAGGCTATCAAAGTCG-1,0,35,27,23533,12843
TTACCATTGATTACCC-1,0,34,28,23027,13134
ATACCACGGGCAACTT-1,0,35,29,23533,13424
TGTCCTAAGTCACCGC-1,0,34,30,23027,13716
AGGTAGGTACAAAGCT-1,0,35,31,23533,14006
GGCATACAGGTAGCGG-1,0,34,32,23028,14297
TGTAGTGATCTATAAT-1,0,35,33,23534,14587
TCCCGGGTGTGCTGCT-1,0,34,34,23028,14879
TACGATGTTGATCATC-1,0,35,35,23534,15169
CCTCTCTCCCATCTAG-1,0,34,36,23029,15460
GCAGGACTATAGAATA-1,0,35,37,23535,15751
CTAGTGAAGGACAGGA-1,0,34,38,23029,16042
TACGAGAACTTCACGT-1,0,35,39,23535,16332
CGTTGTTTCAATTCCC-1,0,34,40,23030,16623
GCAAATATTACGCTTT-1,0,35,41,23536,16914
CCAATAGTGCCGTCGA-1,0,34,42,23030,17205
ATTGCTGCTCCTCCAT-1,0,35,43,23536,17495
GAGATCTGCTTGGCAT-1,0,34,44,23030,17786
GCCGAAATTCCTACGT-1,0,35,45,23537,18077
GGCACTCCACTGGGCA-1,0,34,46,23031,18368
GGGTCACCGTGACGGT-1,0,35,47,23537,18658
CACTTAATCAGACGGA-1,0,34,48,23031,18949
CGTTTCGCTCATTACA-1,0,35,49,23537,19240
ATAAAGGCTCGGTCGT-1,0,34,50,23032,19531
CACTAAAGTTGCCTAT-1,0,35,51,23538,19821
GTGCTCAAGTACTGTC-1,0,34,52,23032,20113
CCATGCCTGTTTAGTA-1,0,35,53,23538,20403
TCTAGTTATCAGAAGA-1,0,34,54,23033,20694
TTGTAATCCGTACTCG-1,0,35,55,23539,20984
TCCCAGCTTTAGTCTG-1,0,34,56,23033,21276
CTACGCACGGAGTACC-1,0,35,57,23539,21566
AAATTAACGGGTAGCT-1,0,34,58,23034,21857
CGGCCACGCACAAAGT-1,0,35,59,23540,22148
GAAGCGTGAGGAATTT-1,0,34,60,23034,22439
ATATCTTAGGGCCTTC-1,0,35,61,23540,22729
ACGCGGGCCAAGGACA-1,0,34,62,23034,23020
GCGAGTTCTGCAAAGA-1,0,35,63,23541,23311
TATTCGTGCCAGAATA-1,1,34,64,23035,23602
AGGGCTGCAGTTACAG-1,1,35,65,23541,23892
CTAGCATAGTATAATG-1,1,34,66,23035,24183
TAGGTTCGAGTTCGTC-1,1,35,67,23542,24474
GAATTATAGTGAAAGG-1,1,34,68,23036,24765
CTATCGGGTCTCAACA-1,1,35,69,23542,25055
GCGCTAATTGAATAGA-1,1,34,70,23036,25346
ATGCGACAGTCCCATT-1,1,35,71,23542,25637
GGTAGTGCTCGCACCA-1,1,34,72,23037,25928
AAGCTCGTGCCAAGTC-1,1,35,73,23543,26218
TATTCAATTCTAATCC-1,1,34,74,23037,26509
TTCAAAGTCTCTAGCC-1,1,35,75,23543,26800
TTGAATATGGACTTTC-1,1,34,76,23038,27091
AAGAGCTCTTTATCGG-1,1,35,77,23544,27381
TTACTCCGGCCGGGAA-1,1,34,78,23038,27673
AAACGAGACGGTTGAT-1,1,35,79,23544,27963
GCTAAGTAGTTTCTCT-1,1,34,80,23038,28254
ATAACGCCGGAGGGTC-1,1,35,81,23545,28544
GGATCCGGAATATACT-1,1,34,82,23039,28836
TGAAAGGACCTGACTC-1,1,35,83,23545,29126
TCCGCGGCAGCATCTG-1,1,34,84,23039,29417
TGCATATGTCTGTCAC-1,1,35,85,23546,29708
TGTAGGAGAAATTTCC-1,1,34,86,23040,29999
AGTGAGACTTCCAGTA-1,1,35,87,23546,30289
CCCAAACATGCTGCTC-1,0,34,88,23040,30580
GCTTATGAAGCAGGAA-1,0,35,89,23546,30871
TTCTAACCGAAGCTTA-1,0,34,90,23041,31162
GGATGTCCTTACCGCA-1,0,35,91,23547,31452
AGGGTGCTCTCGAGGG-1,0,34,92,23041,31743
AACTCTCAATAGAGCG-1,0,35,93,23547,32034
TCTGAATTCCGTACAA-1,0,34,94,23042,32325
GCGTGGTACTGGGTTA-1,0,35,95,23548,32615
CGTCGGATAGTGTTGA-1,0,34,96,23042,32906
ATATGTCTCCCTAGCC-1,0,35,97,23548,33197
TCTTTAAGACTATGAA-1,0,34,98,23042,33488
TCATTTAAGTCTCCGA-1,0,35,99,23549,33778
GATATTGAGATTGGCG-1,0,34,100,23043,34070
TGACATCGAGCGGACC-1,0,35,101,23549,34360
GCGTAAATGGCCATAA-1,0,34,102,23043,34651
ATTGTACAACTCGGCT-1,0,35,103,23550,34941
TACGCTATAGAAACCT-1,0,34,104,23044,35233
CACCCAAATCTTATGT-1,0,35,105,23550,35523
AGATGATGGAGTCTGG-1,0,34,106,23044,35814
CCACGGTGCCCGGTAG-1,0,35,107,23550,36105
TCAAGAAATACTAGCT-1,0,34,108,23045,36396
AGGTATAATTGATAGT-1,0,35,109,23551,36686
CAAGGTCCTATAGGCT-1,0,34,110,23045,36977
CCGGCACGACCGTTTC-1,0,35,111,23551,37268
ACCTCCGTTATTCACC-1,0,34,112,23046,37559
GCAGCCTATATCACAT-1,0,35,113,23552,37849
GGTATAGTGACACATA-1,0,34,114,23046,38140
AAATTCCAGGTCCAAA-1,0,35,115,23552,38431
TCTTTAGCAGGCGAAC-1,0,34,116,23047,38722
TATTGACATTTCTGCC-1,0,35,117,23553,39012
TCTGATCGGGTGCTAG-1,0,34,118,23047,39303
GGCCCGGAGCATGTCT-1,0,35,119,23553,39594
GGGCGCAGCGTTACTC-1,0,34,120,23047,39885
TTGGCGATCCGAATAT-1,0,35,121,23554,40175
CCACGTAAATTAGACT-1,0,34,122,23048,40466
TCTGATTGGAAATGGA-1,0,35,123,23554,40757
ATGGCGGAATAGTCGC-1,0,34,124,23048,41048
ATCGCTTTACGTCTCA-1,0,35,125,23554,41338
TACGTGCAAGGTTCCT-1,0,34,126,23049,41630
CAGGACAGCTGCCCTT-1,0,35,127,23555,41920
CAAACCAGGTCTGCAT-1,0,36,0,24032,4992
ACAAGCTATATGGAAG-1,0,37,1,24539,5282
TCGCCCACTGCGAGAG-1,0,36,2,24033,5573
AGCCGCAAATTCAAAT-1,0,37,3,24539,5864
TTAACGTTAAAGCCTG-1,0,36,4,24033,6155
CAGCGCCAACACGATA-1,0,37,5,24540,6445
ATCCAATGGTACCGAA-1,0,36,6,24034,6736
GTGCTGCAGATAAGGA-1,0,37,7,24540,7027
GGCCTTTGCAACTGGC-1,0,36,8,24034,7318
GTCGTACCTACGATTG-1,0,37,9,24540,7608
TAGAAATTCACGTATA-1,0,36,10,24035,7899
AGAATAAATCTTCAGG-1,0,37,11,24541,8190
CATTGCGAAATGGGCG-1,0,36,12,24035,8481
GTCTACTCAATTACAA-1,0,37,13,24541,8771
TGTAATGACCACAATA-1,0,36,14,24036,9062
AAAGTCGACCCTCAGT-1,0,37,15,24542,9353
TACTCGGCACGCCGGG-1,0,36,16,24036,9644
AGGTGTATCGCCATGA-1,0,37,17,24542,9934
TGTGCTTTACGTAAGA-1,0,36,18,24037,10226
AAACCTCATGAAGTTG-1,0,37,19,24543,10516
TATAGGGTACTCATGA-1,0,36,20,24037,10807
CCAGCTGATGGTACTT-1,0,37,21,24543,11097
AATATTGGAGTATTGA-1,0,36,22,24037,11389
GGCCCTCACCCACTTA-1,0,37,23,24544,11679
AACCAAGACTTCTCTG-1,0,36,24,24038,11970
TCGTATTACCCATTGC-1,0,37,25,24544,12261
ATTCGACGCCGGGCCT-1,0,36,26,24038,12552
GGCGCAGGACATCTTC-1,0,37,27,24544,12842
GTACTCCCTTATCGCT-1,0,36,28,24039,13133
TGGTCTGTTGGGCGTA-1,0,37,29,24545,13424
AATAACAACGCTCGGC-1,0,36,30,24039,13715
CATACCCGTACCCAGT-1,0,37,31,24545,14005
ACAATCCATTTAAACC-1,0,36,32,24040,14296
GTTACAATTGGTGACG-1,0,37,33,24546,14587
TTGCCCTGATCACGGG-1,0,36,34,24040,14878
CTAACCGCGCGCCCGT-1,0,37,35,24546,15168
CTAAAGAATGCCTACT-1,0,36,36,24041,15459
ACCCATCTTGAGGGTA-1,0,37,37,24547,15750
GATCTTTGCAGGGTAT-1,0,36,38,24041,16041
GGGTACTTCATGAACT-1,0,37,39,24547,16331
GCCGCTTGTGAGAAAC-1,0,36,40,24041,16622
CCTGTAAGACATGATA-1,0,37,41,24548,16913
CGACAGTTCGCGTTAT-1,0,36,42,24042,17204
ACGATGCATATGTTAT-1,0,37,43,24548,17494
TGTTCCGCTTCCATGA-1,0,36,44,24042,17786
GGATGACGCGAGTTTA-1,0,37,45,24548,18076
GAAGTTTCCACTCAAT-1,0,36,46,24043,18367
GCGAGGCCCGAGCAGA-1,0,37,47,24549,18657
CATACTATGTAATTGT-1,0,36,48,24043,18949
CCAATGTCACAGCAAG-1,0,37,49,24549,19239
GTTGGATTTGCGTTGG-1,0,36,50,24044,19530
GGGAGGATGCCCGAAA-1,0,37,51,24550,19821
GATCGCGGGCTCTCCA-1,0,36,52,24044,20112
GTTCGCCATAAGTGCC-1,0,37,53,24550,20402
AGATTATAGGACGTTT-1,0,36,54,24045,20693
TCGAGACCAACACCGT-1,0,37,55,24551,20984
TATGGGACCGAGCAGG-1,0,36,56,24045,21275
GATGCGTCCTGCATTC-1,0,37,57,24551,21565
TATGGTCTGAGTAACA-1,0,36,58,24045,21856
GCATAGAGCACTCAGG-1,0,37,59,24552,22147
CTTCATTGTCAGTGGA-1,0,36,60,24046,22438
GCAGATTAGGGATATC-1,0,37,61,24552,22728
CCTGTCGCCCGTAAAT-1,0,36,62,24046,23019
CAATTTCGTATAAGGG-1,0,37,63,24553,23310
GTACACTTACCTGAAG-1,0,36,64,24047,23601
CCAGCCTGGACCAATA-1,0,37,65,24553,23891
ATGGAGCAGGCCGTGA-1,0,36,66,24047,24183
GTCATTAGAGCGAACG-1,0,37,67,24553,24473
AAGACTGCAAGCTACT-1,1,36,68,24048,24764
CTAGTCACGTCTTAAG-1,1,37,69,24554,25054
ACTCTTGTATAGTAAC-1,1,36,70,24048,25346
ATTAGGCGATGCTTTC-1,1,37,71,24554,25636
TTCGGGACTAATCGCG-1,1,36,72,24049,25927
TGGACTGTTCGCTCAA-1,1,37,73,24555,26218
AACGTGCGAAAGTCTC-1,1,36,74,24049,26509
CCACCCAAGGAAAGTG-1,1,37,75,24555,26799
CCGCACAAAGACCAAC-1,1,36,76,24049,27090
GCGATTGTTAACGTTA-1,1,37,77,24556,27381
ACTCGTCAGTAATCCC-1,1,36,78,24050,27672
GGTGATAAGGAGCAGT-1,1,37,79,24556,27962
AAGAGGCATGGATCGC-1,1,36,80,24050,28253
CACGTTCGTGCTCTAG-1,1,37,81,24557,28544
CTATTTGGTTACGGAT-1,1,36,82,24051,28835
GTACAGAGGCAAGGGT-1,1,37,83,24557,29125
GGGCCGGCCGAAGTAC-1,1,36,84,24051,29416
CCTGAACGATATATTC-1,1,37,85,24557,29707
CCGGGCTGCTCCATAC-1,1,36,86,24052,29998
TACTTGTTAGTAGTCC-1,1,37,87,24558,30288
CCTAGGCGTAGCGATC-1,1,36,88,24052,30579
CTGGCGCACAGGTCTG-1,1,37,89,24558,30870
ACTTATACTTACCCGG-1,0,36,90,24053,31161
GAAGTCTCCCTAGCGA-1,0,37,91,24559,31451
ACCGATGGTAGCATCG-1,0,36,92,24053,31743
CGAGTTTATCGGACTG-1,0,37,93,24559,32033
CATAACGGACAGTCGT-1,0,36,94,24053,32324
TGACGATGCACTAGAA-1,0,37,95,24560,32615
TAGGGAGCTTGGGATG-1,0,36,96,24054,32906
AGGGTCGATGCGAACT-1,0,37,97,24560,33196
TATATCCCTGGGAGGA-1,0,36,98,24054,33487
CATCTTACACCACCTC-1,0,37,99,24561,33778
GTGCGACAGGGAGTGT-1,0,36,100,24055,34069
CCGATCTCAACCTTAT-1,0,37,101,24561,34359
ACGATCATCTTGTAAA-1,0,36,102,24055,34650
GAAAGAACAGCGTTAT-1,0,37,103,24561,34941
CTAGGTCTGAAGGAAT-1,0,36,104,24056,35232
ATATCAACCTACAGAG-1,0,37,105,24562,35522
AAATAGCTTAGACTTT-1,0,36,106,24056,35813
GCGACATGTAAACATC-1,0,37,107,24562,36104
ATAAGTAGGGCGACTC-1,0,36,108,24057,36395
GCGAGCGCATGCTCCC-1,0,37,109,24563,36685
AGGGACCGGCTGCGTT-1,0,36,110,24057,36976
CCTATGAAGTGGTGCC-1,0,37,111,24563,37267
GCTTACGTAGTTAGTA-1,0,36,112,24058,37558
CATACTTAGGCAATAC-1,0,37,113,24564,37848
CCTGTCCCTCACGTTA-1,0,36,114,24058,38140
CAATGTGCCAACCCTT-1,0,37,115,24564,38430
GTTAAGTTAGAGTGGG-1,0,36,116,24058,38721
CTGGGATACGCTACCC-1,0,37,117,24565,39011
AACCTGTCACGGAATT-1,0,36,118,24059,39303
ACTGCGGACACACCGT-1,0,37,119,24565,39593
CCGTGAGGCATTCATG-1,0,36,120,24059,39884
GCCCAGATGCTGGAGA-1,0,37,121,24565,40175
TCTGGCCGTTCAAGTT-1,0,36,122,24060,40466
ATACGAAGGCTTTCCA-1,0,37,123,24566,40756
GATCCGAATATAAGTG-1,0,36,124,24060,41047
GTGGAGCATGTCGGCC-1,0,37,125,24566,41338
ACTCTTCAGCTCCCGC-1,0,36,126,24061,41629
CCCGATAGCCTCGCCT-1,0,37,127,24567,41919
ACAGGTGTGTTGTTGC-1,0,38,0,25044,4991
TGAACTGCTATGACTT-1,0,39,1,25551,5281
TGACATATATGACGAT-1,0,38,2,25045,5572
AAGTCTTCTGTGGCCT-1,0,39,3,25551,5863
ACCAGACCATAACAAC-1,0,38,4,25045,6154
TGAGACGTACCTCTCA-1,0,39,5,25551,6444
GACCGTTACATGCGAC-1,0,38,6,25046,6735
GGTTCGGATTATACTA-1,0,39,7,25552,7026
CCTCCTGAGCCCACAT-1,0,38,8,25046,7317
CCGCGATTTGGTAGGT-1,0,39,9,25552,7607
AATCTCTACTGTGGTT-1,0,38,10,25047,7899
ACTTTGACTGCATCCT-1,0,39,11,25553,8189
CCCTGACTAACAAATT-1,0,38,12,25047,8480
ACGCTGTGAGGCGTAG-1,0,39,13,25553,8771
GCATACGAGGTCTTTA-1,0,38,14,25047,9062
TCGGGATTCAAACATA-1,0,39,15,25554,9352
GGGCCCTACGAAAGGG-1,0,38,16,25048,9643
CGCCAAGAAGCCGAGT-1,0,39,17,25554,9934
GGTACATCTGGGACGA-1,0,38,18,25048,10225
GGATGCTGGCGTTCCT-1,0,39,19,25555,10515
CCGATTCGAGGGACCC-1,0,38,20,25049,10806
CCACTGGTGGCTGGTT-1,0,39,21,25555,11097
GACAGGCACACACTAT-1,0,38,22,25049,11388
TCAACGCGACCGGCAG-1,0,39,23,25555,11678
CTACGACTAGCTATAA-1,0,38,24,25050,11969
CGGTTGACCTGGCATA-1,0,39,25,25556,12260
ATCCTGAATCGCTGCG-1,0,38,26,25050,12551
GTTTCATATCGTCGCT-1,0,39,27,25556,12841
ATAAATATTAGCAGCT-1,0,38,28,25051,13132
AAGAGGATGTACGCGA-1,0,39,29,25557,13423
TCCTGCGTTGATACTC-1,0,38,30,25051,13714
CGTGCATTGTCGACGC-1,0,39,31,25557,14004
CCGGGTTCGAGGTTAC-1,0,38,32,25052,14296
CCCAATTTCACAACTT-1,0,39,33,25558,14586
TGATTTATTAGCTGTG-1,0,38,34,25052,14877
TGGAAGAAGGGAACGT-1,0,39,35,25558,15167
GACGCTTGCTTCTAAA-1,0,38,36,25052,15459
GGGAACGGGAGGTTAG-1,0,39,37,25559,15749
GCGGCTCTGACGTACC-1,0,38,38,25053,16040
ACGTTAGATTTGCCCG-1,0,39,39,25559,16331
GAGAGGGCGCGAGGTT-1,0,38,40,25053,16622
GCGTCTCTGCATTGGG-1,0,39,41,25559,16912
GCAGCACACAGCCCAG-1,0,38,42,25054,17203
CAGGCCGTTTGGGTGT-1,0,39,43,25560,17494
AACTCAAGTTAATTGC-1,0,38,44,25054,17785
CTTCGTAGATAGGTGA-1,0,39,45,25560,18075
TGCAGAGTACCGAGCA-1,0,38,46,25055,18366
GAAGTGATTTATCGTG-1,0,39,47,25561,18657
CGCTACGGGACATTTA-1,0,38,48,25055,18948
CCACACTGAGATATTA-1,0,39,49,25561,19238
CGATCCGACCCAGTGC-1,0,38,50,25056,19529
CTGTACTTCTTAGCAT-1,0,39,51,25562,19820
ACTTATTAGGATCGGT-1,0,38,52,25056,20111
TAGTCCGCAGAGAATG-1,0,39,53,25562,20401
TTCACGAAAGGATCAC-1,0,38,54,25056,20693
TACATTTCTAACGTGC-1,0,39,55,25563,20983
ACCATATCCGCAATAA-1,0,38,56,25057,21274
CACTCAAGAGCTATGG-1,0,39,57,25563,21564
TGTACGAACAAATCCG-1,0,38,58,25057,21856
ATCATCCAATATTTGT-1,0,39,59,25563,22146
CGCTATTCTTAGGCTC-1,0,38,60,25058,22437
TGGCAGCAGTAATAGT-1,0,39,61,25564,22728
TCACGTGCCCGATTCA-1,0,38,62,25058,23019
CATACGGCGTCTGGGC-1,0,39,63,25564,23309
CACATGATTCAGCAAC-1,0,38,64,25059,23600
GCTAGTAGAGCTTGTA-1,0,39,65,25565,23891
TGCTGTTGAAGAACTC-1,0,38,66,25059,24182
CGGAGCATGGCGATCC-1,0,39,67,25565,24472
TAGCGTTGGGTCTTAC-1,0,38,68,25060,24763
GTAGCGGCTATACACT-1,0,39,69,25566,25054
TAACATACAATGTGGG-1,1,38,70,25060,25345
TCTTCGAATAGACGTT-1,1,39,71,25566,25635
GATCGTGACTGATATC-1,1,38,72,25060,25926
GATCCGGGAATTAACA-1,1,39,73,25567,26217
TTATATACGCTGTCAC-1,1,38,74,25061,26508
GTCGCGTAACCCGTTG-1,1,39,75,25567,26798
AGCTCTAGACGTTCCA-1,1,38,76,25061,27089
GTCAAGCGGACTCGGG-1,1,39,77,25568,27380
CGAGGGACTGCGGTCG-1,1,38,78,25062,27671
AATCGCCTCAGCGCCA-1,1,39,79,25568,27961
CTTGTTGCTGAGTCAA-1,1,38,80,25062,28253
GATATGAGACACTAAC-1,1,39,81,25568,28543
TTATGATCTTAACGAA-1,1,38,82,25063,28834
CGCCGCCCATGCCTGT-1,1,39,83,25569,29124
CTGGGATAAATAATGG-1,1,38,84,25063,29416
GTGCCCGTTCGGATTC-1,1,39,85,25569,29706
TTCAATACTCTGAATC-1,1,38,86,25064,29997
CGCACATGTCCACTAC-1,1,39,87,25570,30288
AGAAGAGCGCCGTTCC-1,1,38,88,25064,30579
GATAACTCGCACTGTG-1,1,39,89,25570,30869
AGTCGACGGTCTCAAG-1,1,38,90,25064,31160
GTGACCGCACACTACG-1,1,39,91,25571,31451
GTATGTGGGTCTAGTT-1,0,38,92,25065,31742
CTTGAGTTAGGGTAAT-1,0,39,93,25571,32032
TTAGCTGATTTGCCGT-1,0,38,94,25065,32323
GCTGTTGCTACCGAAC-1,0,39,95,25572,32614
TATTACCATCCTGCTT-1,0,38,96,25066,32905
TTGAATTCACGTGAGG-1,0,39,97,25572,33195
CCATCTCACCAGTGAA-1,0,38,98,25066,33486
CGCACGTGCGCTATCA-1,0,39,99,25572,33777
ACCCGGATGACGCATC-1,0,38,100,25067,34068
CGCTAGAGACCGCTGC-1,0,39,101,25573,34358
ATAGTTCCACCCACTC-1,0,38,102,25067,34650
GCAGACCCAGCACGTA-1,0,39,103,25573,34940
TAGACTACCTAGCGTT-1,0,38,104,25068,35231
GGTTCTACTCGTCTGA-1,0,39,105,25574,35521
GACTCACCCACGTGAG-1,0,38,106,25068,35813
AGCTCTTCGTAACCTT-1,0,39,107,25574,36103
ACTATCCAGGGCATGG-1,0,38,108,25068,36394
AAGGATCGATCGCTTG-1,0,39,109,25575,36685
ATATCGGTAGGGAGAT-1,0,38,110,25069,36976
TTCCAGACGAGATTTA-1,0,39,111,25575,37266
GACCGACGTGAAAGCA-1,0,38,112,25069,37557
CCTGGAAACGTTCTGC-1,0,39,113,25576,37848
CCGGTAATGGCTAGTC-1,0,38,114,25070,38139
GCCGTGGAAGAAATGT-1,0,39,115,25576,38429
GTCTTGAGGAGCAGTG-1,0,38,116,25070,38720
TCCCAAAGCCCTAAAT-1,0,39,117,25576,39011
TTGAGCGCCACGTGAT-1,0,38,118,25071,39302
TTGAGTCCCGCTGCTG-1,0,39,119,25577,39592
ATGGAACCTTTGCACA-1,0,38,120,25071,39883
GCTAGCACCTGGGCCA-1,0,39,121,25577,40174
CGCCGTCTACCCATCG-1,0,38,122,25072,40465
GATAGGTGTCCCGGGC-1,0,39,123,25578,40755
AGGTATGCGGACATTA-1,0,38,124,25072,41046
TTGGTTCGCTCAAAGG-1,0,39,125,25578,41337
TCTGGAGCGTAAGAGT-1,0,38,126,25073,41628
TGCCTAAATTTAATAG-1,0,39,127,25579,41918
TAATTTCCGTCCAGTA-1,0,40,0,26056,4990
TCCTTCAATCCCTACG-1,0,41,1,26562,5280
TACCTATCCCTAGAGG-1,0,40,2,26057,5572
GCATGGGTACTGACGC-1,0,41,3,26563,5862
GTCGGGAACATGGTAG-1,0,40,4,26057,6153
GCAAATGAGGACACTT-1,0,41,5,26563,6444
GAATGGGCTTATCGAC-1,0,40,6,26058,6735
TGGTCGTGCAAGGCAA-1,0,41,7,26564,7025
CACCACGCCACACAGA-1,0,40,8,26058,7316
GAACCTCGACCTACAC-1,0,41,9,26564,7607
CAATACGCTCTGAGGC-1,0,40,10,26058,7898
TGGTAAGCAGGATTGA-1,0,41,11,26565,8188
AGTGGCTCCGTCGGCC-1,0,40,12,26059,8479
GATCGGATAGAACCAT-1,0,41,13,26565,8770
GCTACAGTACGGACCG-1,0,40,14,26059,9061
TCTATTACTAGAGGAT-1,0,41,15,26566,9351
TTCAGGCGTCAAAGCC-1,0,40,16,26060,9642
AGACCGGGAAACCCTG-1,0,41,17,26566,9933
AGAGATCTCTAAAGCG-1,0,40,18,26060,10224
CCCTGCCCAATCCGCT-1,0,41,19,26566,10514
GTGGCGGTCCCAGCGT-1,0,40,20,26061,10806
GCATTGTAATTCATAT-1,0,41,21,26567,11096
CCGTTCCGAATCTCGG-1,0,40,22,26061,11387
AGCTTGATCTTAACTT-1,0,41,23,26567,11677
CCTGTACTCACGCCCA-1,0,40,24,26062,11969
AAGTGACGACCGAATT-1,0,41,25,26568,12259
CTCACTTGGCTGGTAA-1,0,40,26,26062,12550
CGCCTGGCCTACGTAA-1,0,41,27,26568,12841
CCCGTAAGTCTAGGCC-1,0,40,28,26063,13132
TTGGACATGTGGCTTA-1,0,41,29,26569,13422
ATTACGCGCTGGCAGG-1,0,40,30,26063,13713
ACGCGCTACACAGGGT-1,0,41,31,26569,14004
TACGTTTACCGGCAAT-1,0,40,32,26063,14295
CGAAACGCAATTCATG-1,0,41,33,26570,14585
TAGTCTAACAACGAGA-1,0,40,34,26064,14876
TTGCATGCTGATCACG-1,0,41,35,26570,15167
TCTGGGTAGCGCTCAT-1,0,40,36,26064,15458
ACATCGGTCAGCCGCG-1,0,41,37,26570,15748
AGATACCGGTGTTCAC-1,0,40,38,26065,16039
GATTACTGAATTTGGG-1,0,41,39,26571,16330
TCCAACTTTAAATTCT-1,0,40,40,26065,16621
TCCTAGCAAAGAAGCT-1,0,41,41,26571,16911
GTCTATCTGAGTTTCT-1,0,40,42,26066,17202
GATGTTCAATCCACGA-1,0,41,43,26572,17493
AGTTAAACACTTGCGA-1,0,40,44,26066,17784
AGCTCTTTACTCAGTT-1,0,41,45,26572,18074
ATCCAGGATTCGTGAA-1,0,40,46,26067,18366
AGTCAACACCACCATC-1,0,41,47,26573,18656
CGATACCTCGCGGACA-1,0,40,48,26067,18947
TACAACGCACAACTCA-1,0,41,49,26573,19237
AATTAAAGGTCGGCGT-1,0,40,50,26067,19529
TACGCAGTTCTTTCCT-1,0,41,51,26574,19819
GACCGTGCTGACGGTG-1,0,40,52,26068,20110
GGCAAATTACTTTACT-1,0,41,53,26574,20401
GGTACAAACATGCTAT-1,0,40,54,26068,20692
CGGGCCTTCTTTGTAA-1,0,41,55,26574,20982
CGTGAAGTTAATTCAC-1,0,40,56,26069,21273
ATAGTGAAGCGTTCTC-1,0,41,57,26575,21564
TACGCCATATTCTAAT-1,0,40,58,26069,21855
GCCGGGTTAGGGTCGC-1,0,41,59,26575,22145
TACATAGGCATACACC-1,0,40,60,26070,22436
GCCGATTGGCCAAGCT-1,0,41,61,26576,22727
CTGCCATGCATCACAT-1,0,40,62,26070,23018
TTATGAATGAAAGGGA-1,0,41,63,26576,23308
GCTGAGGCGTGAGTAT-1,0,40,64,26071,23599
GCGCCGTTCCACGATA-1,0,41,65,26577,23890
CGCATGGTGCGATGCT-1,0,40,66,26071,24181
AGGTTTCACACACCTT-1,0,41,67,26577,24471
CAAGGATCGCATGTTC-1,0,40,68,26071,24763
ACGTTAATGTCGAAGA-1,0,41,69,26578,25053
TCCAGAGCACCGGTTC-1,0,40,70,26072,25344
GATTCGACGGTTCACG-1,1,41,71,26578,25634
GTTTCTGCAGTCTCCC-1,1,40,72,26072,25926
GCTGCACGGTTTCTTA-1,1,41,73,26579,26216
CGTGCAGACTGGGACA-1,1,40,74,26073,26507
GTGTTACTATGCGTCC-1,1,41,75,26579,26798
TCCTCGGGCTGGGCTT-1,1,40,76,26073,27089
GTGAGGACACTTAAGG-1,1,41,77,26579,27379
ATACGCCGGCGAAACC-1,1,40,78,26074,27670
TCTGCCAGAAACTGCA-1,1,41,79,26580,27961
TTCTGCGGGTTAGCGG-1,1,40,80,26074,28252
CTCGGTACCACTGCTC-1,1,41,81,26580,28542
GTAAGTAACAGTCTGG-1,1,40,82,26075,28833
GTGCGTGTATATGAGC-1,1,41,83,26581,29124
ATTTGTCTTGGGAGCT-1,1,40,84,26075,29415
CCTCGGACCGGGATAG-1,1,41,85,26581,29705
TAGGTGCTCGCCTAGC-1,1,40,86,26075,29996
CTTTAGGAACACTGTT-1,1,41,87,26582,30287
TCGGGCCGTCGTGGTA-1,1,40,88,26076,30578
AGTGCTTGCACGAATA-1,1,41,89,26582,30868
TGCAGTTTCCTCCCAT-1,1,40,90,26076,31159
TGAGAGATTTACCACG-1,1,41,91,26583,31450
GAAACAGATGACCACC-1,1,40,92,26077,31741
AGCAACATATCTTATT-1,1,41,93,26583,32031
CAAGTGTGGTTGCAAA-1,1,40,94,26077,32323
GCCTCATCTGGAAATA-1,1,41,95,26583,32613
AACCCTACTGTCAATA-1,1,40,96,26078,32904
ACGTATTACTCCGATC-1,1,41,97,26584,33194
TCTGGGAACCTTTGAA-1,0,40,98,26078,33486
GCTCGCTCATGTCCAA-1,0,41,99,26584,33776
GCGCAAGAGCGCGCTG-1,0,40,100,26079,34067
TTGACGCTCCATGAGC-1,0,41,101,26585,34358
TATAGATGGTCGCAGT-1,0,40,102,26079,34649
TTACATGCCACAACTA-1,0,41,103,26585,34939
ACATGGCGCCAAAGTA-1,0,40,104,26079,35230
TATGGTTAGTGGGAGA-1,0,41,105,26586,35521
CATGACTTCGCTGAAT-1,0,40,106,26080,35812
ACCACCAATGTAACAA-1,0,41,107,26586,36102
TCTTAGAGCTCCAATT-1,0,40,108,26080,36393
CCACGAATTTAACCTC-1,0,41,109,26587,36684
TTCTTGCTAGCATCTC-1,0,40,110,26081,36975
ACACCTTACTACTTGC-1,0,41,111,26587,37265
AGTCGGTTGCGTGAGA-1,0,40,112,26081,37556
ACCTACAGTATGTGGT-1,0,41,113,26587,37847
GAGGATAAACAGTGCT-1,0,40,114,26082,38138
TTCCGGTATCTGTGTC-1,0,41,115,26588,38428
GGAGGCCGAAGTCGTC-1,0,40,116,26082,38720
TTCGCTAGGAAGTTGT-1,0,41,117,26588,39010
TAAAGACAACCCTTTA-1,0,40,118,26083,39301
GTTGCGCTAACATTAC-1,0,41,119,26589,39591
GCTGAACTCTCCAGGG-1,0,40,120,26083,39883
AGCCCTGTCGCACCGT-1,0,41,121,26589,40173
AGCGCTAGAGCGATGT-1,0,40,122,26084,40464
TGCGCCGTTAATAACG-1,0,41,123,26590,40755
TGACAACGCATGTCGC-1,0,40,124,26084,41046
CGTCTTGAGTGTGACG-1,0,41,125,26590,41336
GATAGGATTAATTACA-1,0,40,126,26084,41627
GATACCGTGTCGGAGT-1,0,41,127,26591,41918
TGTGTCGAAGTCGAGG-1,0,42,0,27068,4989
GGATCAGAGCCATCAG-1,0,43,1,27574,5280
GTCCCAATCATCCCGC-1,0,42,2,27069,5571
TGCCACACTAGAGGAA-1,0,43,3,27575,5861
TGAATTTCACTTGCCT-1,0,42,4,27069,6152
CTCAGATTGTGATAAG-1,0,43,5,27575,6443
CGGACGTTACTTGAAG-1,0,42,6,27069,6734
CCGCCTTGCGATGTCG-1,0,43,7,27576,7024
CCAGTCAAATCTCTTA-1,0,42,8,27070,7315
AAACAGCTTTCAGAAG-1,0,43,9,27576,7606
TAGCTGATGTGAAGCG-1,0,42,10,27070,7897
CTTATGCGCTCAGGGC-1,0,43,11,27577,8187
TGGCTCTTGTCGCGTA-1,0,42,12,27071,8479
TTGTGAGGCATGACGC-1,0,43,13,27577,8769
CATAAGCTCTCCGTCT-1,0,42,14,27071,9060
CCTTCTCAGCGTTCCT-1,0,43,15,27577,9350
TGCAGCTACGTACTTC-1,0,42,16,27072,9642
CTCTACACTGGCGATT-1,0,43,17,27578,9932
TGCAGATCGTCCTAGG-1,0,42,18,27072,10223
TGCCAAAGTCAGACTT-1,0,43,19,27578,10514
ACAATAGTCGTACGTT-1,0,42,20,27073,10805
CATGCCAACTCGCAAA-1,0,43,21,27579,11095
TGCAGAACTATATCGT-1,0,42,22,27073,11386
TCGTGTCACGCTGACA-1,0,43,23,27579,11677
TGATCAGGGAACTGCT-1,0,42,24,27073,11968
CTTGCAACCGCCTCCT-1,0,43,25,27580,12258
AGCCCATACATGTAAG-1,0,42,26,27074,12549
ATCCAATGGAGGGTCC-1,0,43,27,27580,12840
AAACCGGGTAGGTACC-1,0,42,28,27074,13131
GCAACCACGGCCGCGT-1,0,43,29,27581,13421
CGCTTATTCCCGGTCG-1,0,42,30,27075,13712
TTACTCTGGTACGTAC-1,0,43,31,27581,14003
GTGGTTTCCGCCTTTC-1,0,42,32,27075,14294
ATAGGCGGCTATAGAA-1,0,43,33,27581,14584
GTGCCATCACACGGTG-1,0,42,34,27076,14876
CCCAACATACGTCGCG-1,0,43,35,27582,15166
CGGTGCAGATAGAACG-1,0,42,36,27076,15457
GGGCGGGTTCCCTACG-1,0,43,37,27582,15747
TGAGCCATACAGTCTC-1,0,42,38,27077,16039
CTCCGCCCACATGAGG-1,0,43,39,27583,16329
GTTGAACCGGTTCCAT-1,0,42,40,27077,16620
TTGACTACCATATGGT-1,0,43,41,27583,16911
ACCATCGTATATGGTA-1,0,42,42,27078,17202
TGCGTAAGAACCTGAT-1,0,43,43,27584,17492
AGAAGGTTGCCGAATT-1,0,42,44,27078,17783
AGGACGACCCATTAGA-1,0,43,45,27584,18074
GGTGCTGGTACACATT-1,0,42,46,27078,18365
GCGCTATGCCGAGGCA-1,0,43,47,27585,18655
ACCCGGTTACACTTCC-1,0,42,48,27079,18946
TAACTCATCCGCGCGG-1,0,43,49,27585,19237
CACAATGAGCTGCTAT-1,0,42,50,27079,19528
GTTACTTTGGGCCTAG-1,0,43,51,27585,19818
GGGCCCGTCTTAAACA-1,0,42,52,27080,20109
GAAATTGTCTCTATAA-1,0,43,53,27586,20400
GGCGCATGAATTGATG-1,0,42,54,27080,20691
CATATAGGTACAGTCA-1,0,43,55,27586,20981
TCAACGAGGAGACAAA-1,0,42,56,27081,21272
TTGCACAATTCAGAAA-1,0,43,57,27587,21563
CATCGGACGGGTTAAT-1,0,42,58,27081,21854
ATTAAACATGCGGACC-1,0,43,59,27587,22144
TATCTACCACAGCGGG-1,0,42,60,27082,22436
CGAGACCCTAGAGTGT-1,0,43,61,27588,22726
ACATCGATCGTTTACC-1,0,42,62,27082,23017
ATCGACCCAATACAGA-1,0,43,63,27588,23307
GAATCTGAACATTCTC-1,0,42,64,27082,23599
AGTTCCTATTTATGTT-1,0,43,65,27589,23889
CAGTCTGTATACTGGG-1,0,42,66,27083,24180
GGAGACGACACCTTTG-1,0,43,67,27589,24471
CCTAAATTAACGGTTC-1,0,42,68,27083,24762
GCTACGACTTATTGGG-1,0,43,69,27589,25052
CTGTGCAGGGTAGGTC-1,0,42,70,27084,25343
ACGCCGCTAGACGACC-1,0,43,71,27590,25634
ACTTGACTCCCTCTTT-1,1,42,72,27084,25925
CGCCTCCCTCCTCTAT-1,1,43,73,27590,26215
CTAGATTTACGACGGC-1,1,42,74,27085,26506
GATGCTGTATTTCATC-1,1,43,75,27591,26797
TGCGTTTGTTGACACT-1,1,42,76,27085,27088
CGTGCCCTCCCGAAGA-1,1,43,77,27591,27378
ACTCTCTGACTTAGGT-1,1,42,78,27086,27669
CTGGGTAGGCAGTTAA-1,1,43,79,27592,27960
GTTTGGCCCAAGTTAT-1,1,42,80,27086,28251
GAATGTGGTCCGGATT-1,1,43,81,27592,28541
CCCAGTTAAGGCGCCG-1,1,42,82,27086,28833
CGGTACTAGAATCAAA-1,1,43,83,27593,29123
GCTTAATGTAACTAAC-1,1,42,84,27087,29414
AGGACAGTCGAATCCC-1,1,43,85,27593,29704
GACAGCCAGACCTGAC-1,1,42,86,27087,29996
GGCGAAATCTAACTTG-1,1,43,87,27594,30286
CTGGTAACACATAGAA-1,1,42,88,27088,30577
TAGCCATTTCAAAGTC-1,1,43,89,27594,30868
GGGATTTACCGCACCT-1,1,42,90,27088,31159
ATGCCATTTGCGACCA-1,1,43,91,27594,31449
GAATAGACGCGACCCA-1,1,42,92,27089,31740
TGTATGGCGCAGACAG-1,1,43,93,27595,32031
GGATGAAGATCGCTGA-1,1,42,94,27089,32322
CGACAATTTGATCTAA-1,1,43,95,27595,32612
AAAGTTGACTCCCGTA-1,1,42,96,27090,32903
CGCGGCTCAACTTGAA-1,1,43,97,27596,33194
CACGCGGAACTGTTGC-1,0,42,98,27090,33485
TCTTAGAGTGAACTCT-1,1,43,99,27596,33775
AGTCCATTGGCTGATG-1,0,42,100,27090,34066
TTAAGATAGGATTGAC-1,0,43,101,27597,34357
ACATCCTGGTAACTGT-1,0,42,102,27091,34648
CACCTTGGCGCCTTTG-1,0,43,103,27597,34938
GCTAGACCGTCTACTG-1,0,42,104,27091,35230
CGGCCCAGGTATATCC-1,0,43,105,27598,35520
GTCCATTACTGCTACG-1,0,42,106,27092,35811
GGGTTTAGGATAGGAT-1,0,43,107,27598,36101
TAATTAGGACATCCGT-1,0,42,108,27092,36393
GCTCCCAGTCGGTCCA-1,0,43,109,27598,36683
ATTCGTGCTATCTCTT-1,0,42,110,27093,36974
GTTAACTATGTTGTCA-1,0,43,111,27599,37265
GCTCCGCTCGCTTCAG-1,0,42,112,27093,37556
GCAACGGCTAGTTATG-1,0,43,113,27599,37846
AATCGCGCAGAGGACT-1,0,42,114,27094,38137
AGGTTACACCATGCCG-1,0,43,115,27600,38428
CGAGATTTCGCTCGGG-1,0,42,116,27094,38719
CGATAATACTCAGGTT-1,0,43,117,27600,39009
AAGGCAGGCTGTCTCC-1,0,42,118,27094,39300
GTAAGTCCACACTCTA-1,0,43,119,27601,39591
ATGAGGGCAGCGGCTA-1,0,42,120,27095,39882
GCCGCACTCCGTTTCA-1,0,43,121,27601,40172
GAGCACGGCGCCTCTT-1,0,42,122,27095,40463
ACAATTTGGCCATATT-1,0,43,123,27602,40754
CTGGTTCGCGAGCTAC-1,0,42,124,27096,41045
GACGGTCCTAGGGTGT-1,0,43,125,27602,41335
ACTCGCGATCTGACGC-1,0,42,126,27096,41626
GTGTACGAACCGTTCC-1,0,43,127,27602,41917
CTTTGACGTCGCTTCT-1,0,44,0,28080,4989
CGTTATCATACTTCCA-1,0,45,1,28586,5279
GCTATGCCAGCTTATG-1,0,44,2,28080,5570
CAGTCGGCCTAGATAT-1,0,45,3,28587,5860
CCCGTGAGGGCGGTGA-1,0,44,4,28081,6152
TCTCGTGTTACGAGGA-1,0,45,5,28587,6442
ACGTCTCGTTCCGGGA-1,0,44,6,28081,6733
CGAGAGCGCGTAGATA-1,0,45,7,28588,7024
GACAGATTTCTGGCTC-1,0,44,8,28082,7315
GGGCCTAAATGGGCTA-1,0,45,9,28588,7605
ACTTGTAGTCCCTTCA-1,0,44,10,28082,7896
CCCGAAGTTTCGCGAA-1,0,45,11,28588,8187
ACCATCCGCCAACTAG-1,0,44,12,28083,8478
TGCGAATATGGGATTT-1,0,45,13,28589,8768
TACATCCCTATCCCTG-1,0,44,14,28083,9059
GTGGGAAGACTGAATC-1,0,45,15,28589,9350
TCAACATCGACCGAGA-1,0,44,16,28084,9641
CTATGTGAGTCACGGC-1,0,45,17,28590,9931
CCGAACACTGGGCCTC-1,0,44,18,28084,10222
AAACTTGCAAACGTAT-1,0,45,19,28590,10513
AGGGCGAGCAGCTGAT-1,0,44,20,28084,10804
AACACGAGACGCGGCC-1,0,45,21,28591,11094
TGACGAATATTTCCCT-1,0,44,22,28085,11385
TCGGAGAGTATCGGGA-1,0,45,23,28591,11676
CAAATCTCTCACAAGG-1,0,44,24,28085,11967
AGGCCCTAGAACGCCA-1,0,45,25,28592,12257
TAGAGATCATGCAACT-1,0,44,26,28086,12549
TTGTTTCCATACAACT-1,0,45,27,28592,12839
GAGAGGTGCATTCTGG-1,0,44,28,28086,13130
GTGGACCAACCCGATT-1,0,45,29,28592,13421
CTGGGCCTGCTATATC-1,0,44,30,28087,13712
CATAGTCCACAAGAAC-1,0,45,31,28593,14002
TTGACATGAACGTGGA-1,0,44,32,28087,14293
GGTTACCACCCTCGGG-1,0,45,33,28593,14584
TACCGGTCGTTTCCAT-1,0,44,34,28088,14875
CGAGTACTAAAGAGGA-1,0,45,35,28594,15165
GCAAGAATTCCTTGGC-1,0,44,36,28088,15456
TCGCCGAAGTTGCGTC-1,0,45,37,28594,15747
TTGAGAGTACTGCTAA-1,0,44,38,28089,16038
GCCACAATTTAAGGAC-1,0,45,39,28595,16328
ATATTCAGTTAAACCT-1,0,44,40,28089,16619
TGAGTGCCTCTTAAAT-1,0,45,41,28595,16910
ATCAGACGGCACGCCG-1,0,44,42,28089,17201
GTGCGAAATCGAACAC-1,0,45,43,28596,17491
GTGCCGCTTCAAAGGT-1,0,44,44,28090,17782
GATACGATGGGAGTCA-1,0,45,45,28596,18073
GACACTGAGTTCAGTG-1,0,44,46,28090,18364
ATCCTGCGTGGAATGG-1,0,45,47,28596,18654
ATCCTACCTAAGCTCT-1,0,44,48,28091,18946
AGTGATATGAGTAGTT-1,0,45,49,28597,19236
ATGATGCAATGGTACA-1,0,44,50,28091,19527
GAAACCGAATTACCTT-1,0,45,51,28597,19817
AGTGACCTACTTTACG-1,0,44,52,28092,20109
CAAATGTCCTTCCGTG-1,0,45,53,28598,20399
TTACTGGGATATTTCA-1,0,44,54,28092,20690
CTTGCCCAGGCTCTAC-1,0,45,55,28598,20981
AAATCGTGTACCACAA-1,0,44,56,28093,21272
GTGATCATAGATCTGC-1,0,45,57,28599,21562
TGGCAGATTACGATCA-1,0,44,58,28093,21853
TCACCCTCTTAAGATT-1,0,45,59,28599,22144
CAGGATATATCGTTGT-1,0,44,60,28093,22435
CCTGACCACCGATGGT-1,0,45,61,28600,22725
CTAAAGGGAAATAGGA-1,0,44,62,28094,23016
CCGCTATCAGCACCAG-1,0,45,63,28600,23307
CTTTAGTGCTATTATT-1,0,44,64,28094,23598
CGGGAATTTATGTAAA-1,0,45,65,28600,23888
TACGACTGCCTCTTAG-1,0,44,66,28095,24179
AAACTGCTGGCTCCAA-1,0,45,67,28601,24470
GTACGTTTGCCCGTCA-1,0,44,68,28095,24761
GGCAAGGCGAAATAGC-1,0,45,69,28601,25051
GATCTTGGAGGGCATA-1,0,44,70,28096,25343
AGCGTGGTATTCTACT-1,0,45,71,28602,25633
CTAAGGGAATGATTGG-1,0,44,72,28096,25924
CATGGTAAGTAGCGTT-1,0,45,73,28602,26214
CGTTGAGCGACCGTCG-1,1,44,74,28097,26506
TGCCCGTACCGTTAAA-1,1,45,75,28603,26796
ACAAGGGCAGGCTCTG-1,1,44,76,28097,27087
GAGATCTTCCATGACA-1,1,45,77,28603,27378
AATGACGTAGGATGTC-1,1,44,78,28097,27669
GTGGTGGCCAAGTGAA-1,1,45,79,28604,27959
TCCCGTGTGCAATTTG-1,1,44,80,28098,28250
ACATCGTATGCAATGG-1,1,45,81,28604,28541
GCGAAACTTAACTGGA-1,1,44,82,28098,28832
AATTGAACGCTCTGGT-1,1,45,83,28605,29122
ACAAATGGTAGTGTTT-1,1,44,84,28099,29413
ATGGTCGCGTGGTTTC-1,1,45,85,28605,29704
TGTTATTGTATGTGGC-1,1,44,86,28099,29995
TTCCGGTTACCCACTT-1,1,45,87,28605,30285
GAGTGTGCGGTACCCA-1,1,44,88,28100,30576
CAAGATATTATAACGT-1,1,45,89,28606,30867
ACACACCAGGACCAGT-1,1,44,90,28100,31158
ATGGGCCTCGGCCTCT-1,1,45,91,28606,31448
AAGGTGATAAACCAGC-1,1,44,92,28101,31739
TCTTACTTATGCCTCT-1,1,45,93,28607,32030
AAAGTGTGATTTATCT-1,1,44,94,28101,32321
TGCTCCACAGTTCTTA-1,1,45,95,28607,32611
CTGGCTGATTCATCCT-1,1,44,96,28101,32903
TAAGGCTGAATCCCTC-1,1,45,97,28608,33193
TCTAGTGATATCGTGG-1,1,44,98,28102,33484
TCGAAGAACCGAGCAC-1,1,45,99,28608,33774
GACAAACATATGCAGG-1,0,44,100,28102,34066
AAGTCAATTGTCGTCA-1,1,45,101,28609,34356
AGTGAACAAACTTCTC-1,0,44,102,28103,34647
CATGATGGAAGTTAGC-1,0,45,103,28609,34938
AAGTGCCTTGACTGTA-1,0,44,104,28103,35229
ATCGCCAGTCAACATT-1,0,45,105,28609,35519
ACCGCGGTGGAAGTCG-1,0,44,106,28104,35810
TCTTCTATAACCCGCC-1,0,45,107,28610,36101
CACATTTCTTGTCAGA-1,0,44,108,28104,36392
TAGCGTCCCTCGATTG-1,0,45,109,28610,36682
GTTCGGATCGGGAACA-1,0,44,110,28105,36973
CAAACTCGCGACGCCG-1,0,45,111,28611,37264
GTCTTGTAGCTATTCA-1,0,44,112,28105,37555
TCTCGACGTATCGCCG-1,0,45,113,28611,37845
TTGCCAAGCAGAACCC-1,0,44,114,28105,38136
AAACCCGAACGAAATC-1,0,45,115,28612,38427
TTGAGCAGCCCACGGT-1,0,44,116,28106,38718
CGCCTTTAGCATGCTC-1,0,45,117,28612,39008
TGTGGCTCCCACCAAC-1,0,44,118,28106,39300
CCGCCGTTGAGGATAA-1,0,45,119,28613,39590
CAATACGAGAGTCTGA-1,0,44,120,28107,39881
CATCTAGTGAAGGGAA-1,0,45,121,28613,40171
GGTGGAGGTTGATACG-1,0,44,122,28107,40463
CCGCACACGAACGTGT-1,0,45,123,28613,40753
AGAACCCAGCGTGACA-1,0,44,124,28108,41044
GCGCTCGATCACCTGT-1,0,45,125,28614,41335
ATCATGGACTACCGAC-1,0,44,126,28108,41626
TACGCCGCCTCAGAAG-1,0,45,127,28614,41916
CGACCTACTAGACAAT-1,0,46,0,29092,4988
GAGTCTTGTAAAGGAC-1,0,47,1,29598,5278
AATATCCTAGCAAACT-1,0,46,2,29092,5569
CCCTAGGCAACAAGAG-1,0,47,3,29599,5860
ACAAAGAAGGTAGGCC-1,0,46,4,29093,6151
CCCTGGCTGTTCCTTC-1,0,47,5,29599,6441
TCGCCGCACCGCGTGA-1,0,46,6,29093,6732
TATAGCGCACGTTATC-1,0,47,7,29599,7023
TTATCTGACATTAGGA-1,0,46,8,29094,7314
AGTGGTGTTACCCGTG-1,0,47,9,29600,7604
GCCAAGAATACTTCTG-1,0,46,10,29094,7895
CCGGCGTGAGACTCTG-1,0,47,11,29600,8186
TTCCCGGCGCCAATAG-1,0,46,12,29095,8477
AAACAGGGTCTATATT-1,0,47,13,29601,8767
ACAGTAATACAACTTG-1,0,46,14,29095,9059
CGAACGGCCGGACAAC-1,0,47,15,29601,9349
GCAACACACTAGAACT-1,0,46,16,29095,9640
ACTCCCATTCCTAAAG-1,0,47,17,29602,9930
ACCTGCGTGTCATGTT-1,0,46,18,29096,10222
TACTTTCCGCACGCCA-1,0,47,19,29602,10512
AGGTCAGGTGAGAGTG-1,0,46,20,29096,10803
TCCTCCTAAGACATTC-1,0,47,21,29603,11094
ATGTGAAAGCCTAATG-1,0,46,22,29097,11385
AGTCGGCTCAACTTTA-1,0,47,23,29603,11675
CGATCTGTTGGAGGAC-1,0,46,24,29097,11966
ACGGGAGTGTCGGCCC-1,0,47,25,29603,12257
TTAACTTCAGGTAGGA-1,0,46,26,29098,12548
CCACGGAGCCATAAGA-1,0,47,27,29604,12838
CTTCTATGTTGAAGTA-1,0,46,28,29098,13129
CACCGTTGCGCGATAT-1,0,47,29,29604,13420
TCTAGCAATCTCCGCC-1,0,46,30,29099,13711
AGTTTGGCCAGACCTA-1,0,47,31,29605,14001
TTGTAAGGACCTAAGT-1,0,46,32,29099,14292
AAATTTGCGGGTGTGG-1,0,47,33,29605,14583
AAGTTCGGCCAACAGG-1,0,46,34,29099,14874
CCGCTTACCTCACTCT-1,0,47,35,29606,15164
ATCACGTGCTAATTAA-1,0,46,36,29100,15456
GGTGAAGTACAGGGAT-1,0,47,37,29606,15746
GCTGTATTACTGGCCC-1,0,46,38,29100,16037
AACGGCCATCTCCGGT-1,0,47,39,29607,16327
TAAGTAACATCTTGAC-1,0,46,40,29101,16619
TTCTTGAGCCGCGCTA-1,0,47,41,29607,16909
AGTGCGTAGCTCGTAA-1,0,46,42,29101,17200
GGGATGGTCGTAACCG-1,0,47,43,29607,17491
GTCTGGGCGGTCGAGA-1,0,46,44,29102,17782
CGGAACGTAAACATAG-1,0,47,45,29608,18072
TGCGACACCCTAGTGC-1,0,46,46,29102,18363
CAAACGAGTATCGCAG-1,0,47,47,29608,18654
TCAGTAGGGACTATAA-1,0,46,48,29103,18945
GCGGTTCCCTATCATG-1,0,47,49,29609,19235
GTGACTTCAGTAGTGC-1,0,46,50,29103,19526
CGTCACGTCCATTGGT-1,0,47,51,29609,19817
ATAAGTTACCGCGACG-1,0,46,52,29104,20108
CTGAATCCGAGACCTC-1,0,47,53,29610,20398
TACGACGCTTGCTGCG-1,0,46,54,29104,20689
GAATTCACCCGGGTGT-1,0,47,55,29610,20980
GGGTGACACCTTAACT-1,0,46,56,29104,21271
TGAGTAAATTAGCGTA-1,0,47,57,29611,21561
GAGTCCGCTTACCGGA-1,0,46,58,29105,21852
GGCGCGTTCGAGTTTA-1,0,47,59,29611,22143
ATTCATATACTGTCCA-1,0,46,60,29105,22434
ATAAACGGACCCGTAA-1,0,47,61,29611,22724
GTCGTACCATCTCGGG-1,0,46,62,29106,23016
ATAATAGCTGTTGAAT-1,0,47,63,29612,23306
TTCCGCGTGAGGCGAT-1,0,46,64,29106,23597
TACCGGCTCACTGCCC-1,0,47,65,29612,23887
GTATCTTTCATAACCA-1,0,46,66,29107,24179
GTTACCTACAACTTGC-1,0,47,67,29613,24469
TGACTATAATCCTTTC-1,0,46,68,29107,24760
AAATACCTATAAGCAT-1,0,47,69,29613,25051
TTATTAGAGCGTGTTC-1,0,46,70,29108,25342
ATGTGGACATCTTGAT-1,0,47,71,29614,25632
GTACGCTTCATTGCAC-1,0,46,72,29108,25923
CACATATTAGCAGGAT-1,0,47,73,29614,26214
CAAGAGGGCGGAGTAC-1,0,46,74,29108,26505
TCGCAAAGATGCATTT-1,0,47,75,29615,26795
GTCGTTATTCGCTTAT-1,1,46,76,29109,27086
TCGTGTACTATGGATG-1,1,47,77,29615,27377
GCGGAGAGGGAGAACG-1,1,46,78,29109,27668
TCACAGGGAATCGCAA-1,1,47,79,29615,27958
GACTGCACCAGCCCAG-1,1,46,80,29110,28249
TCCGCTGTCATCCCGG-1,1,47,81,29616,28540
AGATACTCAAGATCGA-1,1,46,82,29110,28831
ACTGAATGGCGAAAGT-1,1,47,83,29616,29121
TCCTACATCCACGGCC-1,1,46,84,29111,29413
TTCAGCCCTGGTCCAC-1,1,47,85,29617,29703
TTAGAGTTTAGAAGGA-1,1,46,86,29111,29994
GGTTAGCTATATGTCT-1,1,47,87,29617,30284
CTGGTTTCGAGCAAGA-1,1,46,88,29112,30576
TGGGCCCATACTAATT-1,1,47,89,29618,30866
ACTTATTTATGTGCCA-1,1,46,90,29112,31157
TTAGTTATTCGTGGCA-1,1,47,91,29618,31448
AACCGCTAAGGGATGC-1,1,46,92,29112,31739
ATACGTCCACTCCTGT-1,1,47,93,29619,32029
CGACACGCTCCGACAG-1,1,46,94,29113,32320
TCTGAACTCGTACCCG-1,1,47,95,29619,32611
AGGATATAGGGATTTA-1,1,46,96,29113,32902
GTGATCACTAACGCCT-1,1,47,97,29620,33192
ACCGGGCCTTTGTTGA-1,1,46,98,29114,33483
TTGACAGGAGCTCCCG-1,1,47,99,29620,33774
CTCTTCTATTGACTGG-1,1,46,100,29114,34065
CGTGGCCGAATATCTA-1,1,47,101,29620,34355
GGTTTAGCCTTTCTTG-1,1,46,102,29115,34646
TCAAGGTTACTACACC-1,0,47,103,29621,34937
TTGACTATTGTCCGGC-1,0,46,104,29115,35228
CGGGAATATAGTATAC-1,0,47,105,29621,35518
GCAACAGCAGTATGCG-1,0,46,106,29116,35809
ATCAAACACTGTTCCA-1,0,47,107,29622,36100
TGGGCAATAGTTGGGT-1,0,46,108,29116,36391
TGAATGTCAGCCGGCC-1,0,47,109,29622,36681
CGGCTCTAAAGCTGCA-1,0,46,110,29116,36973
GGACACAAGTTTACAC-1,0,47,111,29623,37263
CCGAGAAGTCGCATAA-1,0,46,112,29117,37554
AACTACCCGTTTGTCA-1,0,47,113,29623,37844
GCACAAACGAGGCGTG-1,0,46,114,29117,38136
CACACAGCTTGCGCTC-1,0,47,115,29624,38426
GTGCTTACATCAGCGC-1,0,46,116,29118,38717
GCAAACGTCGCCAGGT-1,0,47,117,29624,39008
GAATAGCATTTAGGGT-1,0,46,118,29118,39299
TACTGTTTCTCTGGTA-1,0,47,119,29624,39589
TCCTATCATAGGTAAC-1,0,46,120,29119,39880
TTCGGTGGAGACGCCC-1,0,47,121,29625,40171
TGTTGCCGTCGTCCCA-1,0,46,122,29119,40462
CCAACTTGATAGATCC-1,0,47,123,29625,40752
CAAAGGTCATCTGAAA-1,0,46,124,29120,41043
CTAGCTTAATGGTCCC-1,0,47,125,29626,41334
AGGCCACATTGGTTAC-1,0,46,126,29120,41625
TTAGGATGGGAGGGTA-1,0,47,127,29626,41915
TATGACCTTGCGCTGG-1,0,48,0,30104,4987
ATATACATGTATGGTA-1,0,49,1,30610,5277
TGTGTGACCATGAATC-1,0,48,2,30104,5569
CCCACTCCACGGTATC-1,0,49,3,30610,5859
GGGCAGACGTCACTGC-1,0,48,4,30105,6150
TCAAAGAGCTATCTGT-1,0,49,5,30611,6440
AGATGCATCCTGTGTC-1,0,48,6,30105,6732
GTGAAGTCACGACTCG-1,0,49,7,30611,7022
TGATTCAGGTCCCGCG-1,0,48,8,30106,7313
CGCCACAGGTCGCGAT-1,0,49,9,30612,7604
TTGAATCGTTGTATAA-1,0,48,10,30106,7895
TGGCCAATTTGGTACT-1,0,49,11,30612,8185
CGACCCTTAACGCCGG-1,0,48,12,30106,8476
TCGGCGTACTGCACAA-1,0,49,13,30613,8767
GAGTAAGGCCACGGGA-1,0,48,14,30107,9058
ATCAGCTCGTCCACTA-1,0,49,15,30613,9348
AGGATCACGCGATCTG-1,0,48,16,30107,9639
AAATGGCCCGTGCCCT-1,0,49,17,30614,9930
CAGTACCAGTTTACGT-1,0,48,18,30108,10221
GGTCGTAAGCTCGCAC-1,0,49,19,30614,10511
CGTTCATGGTGCGCGT-1,0,48,20,30108,10802
GACTACAAAGCGGTGG-1,0,49,21,30614,11093
CAGCTGGCGTAACCGT-1,0,48,22,30109,11384
ACTCGTAACCCGTCCT-1,0,49,23,30615,11674
CATATGTCAGGCTACG-1,0,48,24,30109,11965
GCCCGACTTCTTCCCG-1,0,49,25,30615,12256
CTGGCATCCGAATGAG-1,0,48,26,30110,12547
AAGTGCGTTAGAATCT-1,0,49,27,30616,12837
AGAAGTGATTCGTGAT-1,0,48,28,30110,13129
TACCTTAAGATTTCCC-1,0,49,29,30616,13419
AATGACAGCAATGTCT-1,0,48,30,30110,13710
TCAACGCAGGAAATAA-1,0,49,31,30617,14000
TATTCCTCCGCCCACT-1,0,48,32,30111,14292
ATCAAACGAAGGTTTG-1,0,49,33,30617,14582
TTGATTAGCTGTTTCT-1,0,48,34,30111,14873
CTGCTGAGGCCACGAA-1,0,49,35,30618,15164
CCGTGTTAAATTCCAT-1,0,48,36,30112,15455
CACGTCGGCAACCTCT-1,0,49,37,30618,15745
GTATTCTGAGAAACGA-1,0,48,38,30112,16036
CGGTGCGCGTTGGTCC-1,0,49,39,30618,16327
GTGATTCGCCGCTCAA-1,0,48,40,30113,16618
GCCCGCGCGTAAACGG-1,0,49,41,30619,16908
AACGTACTGTGGGTAC-1,0,48,42,30113,17199
GAGTATGCCCGCCTTG-1,0,49,43,30619,17490
TGATTCTGTCGCCGGT-1,0,48,44,30114,17781
GGGCGGCAAATGAATT-1,0,49,45,30620,18071
TTCCAATCTGGCTATC-1,0,48,46,30114,18362
GGAACCGTGTAAATTG-1,0,49,47,30620,18653
TTGGTCACACTCGTAA-1,0,48,48,30115,18944
CGAACCCGCATGCGTC-1,0,49,49,30621,19234
GGGCGTCACCACGTAA-1,0,48,50,30115,19526
TACCAGAAGTAGGTTC-1,0,49,51,30621,19816
TTGGATATCGTCTACG-1,0,48,52,30115,20107
TAGATATGGACTGGAA-1,0,49,53,30622,20397
GCGACGATAGTTGTAC-1,0,48,54,30116,20689
CTGGATTTACACTTGA-1,0,49,55,30622,20979
GTTATATTATCTCCCT-1,0,48,56,30116,21270
TATTCCACTCAGCTCG-1,0,49,57,30622,21561
CTGTTACCCAATCTAG-1,0,48,58,30117,21852
ACGCGAAGTCAGACGA-1,0,49,59,30623,22142
GATAGGTAACGTTGAC-1,0,48,60,30117,22433
TGTTCGTATTGCGGTG-1,0,49,61,30623,22724
GGTCAGTGGGTCCCAC-1,0,48,62,30118,23015
AATTCTAGAGTTAGGC-1,0,49,63,30624,23305
GTTTACGTTCCATCTG-1,0,48,64,30118,23596
AGACCCACCGCTGATC-1,0,49,65,30624,23887
TCTAGCATGCCCAGAA-1,0,48,66,30119,24178
CCCGCAGCGCGAACTA-1,0,49,67,30625,24468
CTCTATTTGGCTGCAG-1,0,48,68,30119,24759
TTCTGCCGCGCCTAGA-1,0,49,69,30625,25050
ACTCCCTAGAATAGTA-1,0,48,70,30119,25341
CCGAACCTTCCCGGCC-1,0,49,71,30626,25631
TCAGACGCTATAGAAG-1,0,48,72,30120,25922
CAGGCGCCATGCTAGG-1,0,49,73,30626,26213
CACTCGAGCTGAACAA-1,0,48,74,30120,26504
ACAAGGAAATCCGCCC-1,0,49,75,30626,26794
ACCACGTGCAGCTATA-1,0,48,76,30121,27086
ACGGCGACGATGGGAA-1,0,49,77,30627,27376
TTACTAAAGGACTTTA-1,1,48,78,30121,27667
GGCTGAAATAGCAAAG-1,1,49,79,30627,27958
TTAGACGAGTCACCTC-1,1,48,80,30122,28249
GTAGTCGCGGGAATCA-1,1,49,81,30628,28539
GCAAACCCTACATTAT-1,1,48,82,30122,28830
GTTAAAGTAGGACTGG-1,1,49,83,30628,29121
ACCCTCCCTTGCTATT-1,1,48,84,30123,29412
CATGTCTCATTTATGG-1,1,49,85,30629,29702
AATAGAATCTGTTTCA-1,1,48,86,30123,29993
TCTCATGAGATAGGGT-1,1,49,87,30629,30284
ATGACTATGCGACATT-1,1,48,88,30123,30575
CCTAACCCAAACAAGT-1,1,49,89,30630,30865
AGTCAAGATGACACTT-1,1,48,90,30124,31156
CGGGAGCTTCAGTGTA-1,1,49,91,30630,31447
CCACAGTACCCATCCT-1,1,48,92,30124,31738
GAGCGCGCACGAGTAG-1,1,49,93,30631,32028
ACCAGTGCGGGAGACG-1,1,48,94,30125,32319
TCCTTACGACGGTCCG-1,1,49,95,30631,32610
TAGTCGATCACGGGTT-1,1,48,96,30125,32901
AGACGAAGTGCCGGTC-1,1,49,97,30631,33191
CGCTGGTGACTACCCT-1,1,48,98,30126,33483
AGGCATTGTCGTAGGG-1,1,49,99,30632,33773
TGGTAGAATATATGGG-1,1,48,100,30126,34064
TTCTTATCCGCTGGGT-1,1,49,101,30632,34354
AGTTTGGCACGGGTTG-1,1,48,102,30127,34646
GCATCGGCCGTGTAGG-1,1,49,103,30633,34936
ATGCGAGTCCCACCAC-1,1,48,104,30127,35227
TCGGCGAACCCAAACC-1,1,49,105,30633,35518
AGAGTAAACTTCACTA-1,1,48,106,30127,35809
AAGCCGAAGCGGTTTA-1,0,49,107,30634,36099
CCCGAGTTTCTCCGTA-1,0,48,108,30128,36390
AATATCGAATCAATGC-1,0,49,109,30634,36681
GCGCCTCCCACTCCGA-1,0,48,110,30128,36972
CGTTAAACTAGTTAGG-1,0,49,111,30635,37262
TGAGTTAAAGACATTC-1,0,48,112,30129,37553
AACAGGTAGTATGGAT-1,0,49,113,30635,37844
GAACGCGGGTCACACG-1,0,48,114,30129,38135
TGTTTGAGATCGTCAG-1,0,49,115,30635,38425
ATCTCGTGAGCGAAAC-1,0,48,116,30130,38716
CTGAGAAAGTTCGGCG-1,0,49,117,30636,39007
ATTACCACACTGCCTG-1,0,48,118,30130,39298
CTGCTGTCTAACGAGC-1,0,49,119,30636,39588
CGTGGAAGCCTCGTAC-1,0,48,120,30131,39880
GGACTCACAAATTAGG-1,0,49,121,30637,40170
CTTTGCTGTCATGGAT-1,0,48,122,30131,40461
GGTGTTGGGCGTCTTA-1,0,49,123,30637,40751
TACCATGTATTGATTT-1,0,48,124,30131,41043
GGTCTCCAAGTAGTGC-1,0,49,125,30638,41333
ATCCTTCTGAAAGAAC-1,0,48,126,30132,41624
CCGGAAGTTATCAGTC-1,0,49,127,30638,41915
TTAGAGGGATATACAG-1,0,50,0,31116,4986
TTGTACACCTCGAACA-1,0,51,1,31622,5277
GTGGGTACTGAGCGTA-1,0,50,2,31116,5568
CTTAAGCAGCGAGCCG-1,0,51,3,31622,5858
GCATTGACTTGCGGAA-1,0,50,4,31117,6149
CCATAACCTGTGCAGT-1,0,51,5,31623,6440
GGGCTACTATTTCGTG-1,0,50,6,31117,6731
GGCGAGCGAAACGGCA-1,0,51,7,31623,7021
GGAGACCATCTACATA-1,0,50,8,31117,7312
AGACCAAACCACACCT-1,0,51,9,31624,7603
CGACGCATCCGTACCT-1,0,50,10,31118,7894
CCTAGGTAAAGGTAGC-1,0,51,11,31624,8184
AGCGGCGGTTAGCGGT-1,0,50,12,31118,8475
CTGGACGCAGTCCGGC-1,0,51,13,31625,8766
AGCCTAATACCCACGT-1,0,50,14,31119,9057
AATCTGGCTTTCTAGT-1,0,51,15,31625,9347
CACCCTTGGTGAGACC-1,0,50,16,31119,9639
GGATCTTGACTCAACC-1,0,51,17,31625,9929
ACGAGGATACCACTCT-1,0,50,18,31120,10220
GAGTTGATGGCAATTT-1,0,51,19,31626,10510
GTGGCAAACAGCGGCA-1,0,50,20,31120,10802
GATGTAACGAACCACC-1,0,51,21,31626,11092
AGCCGTGGCTAAATGT-1,0,50,22,31121,11383
CTCCCTCCTTTCGATC-1,0,51,23,31627,11674
TTGGAAGAATACAGTC-1,0,50,24,31121,11965
AGTTAAGTCAACCGCT-1,0,51,25,31627,12255
CTCATGGTAATTTGCG-1,0,50,26,31121,12546
AAAGTAGCATTGCTCA-1,0,51,27,31628,12837
TTGTGGTAGGAGGGAT-1,0,50,28,31122,13128
AGTCGTGGGCATTACG-1,0,51,29,31628,13418
ACCTAAGTACCTTTCA-1,0,50,30,31122,13709
GTAGAGGGAGACAAGT-1,0,51,31,31629,14000
GATCCTCGACACTGGC-1,0,50,32,31123,14291
CCTACATTCACAGACG-1,0,51,33,31629,14581
TTGACCGTGTTAATGA-1,0,50,34,31123,14872
TCTGTTACCCAGCATA-1,0,51,35,31629,15163
CTAACTGGTCCGGTTC-1,0,50,36,31124,15454
AGCGACAGGAACGGTC-1,0,51,37,31630,15744
TAATAGAACAGAGTTA-1,0,50,38,31124,16036
ACAGGTGGAGGTGAGG-1,0,51,39,31630,16326
TGCGAGAATATTACCC-1,0,50,40,31125,16617
TTGCGTCGGCCAACCG-1,0,51,41,31631,16907
AGGCTTCCCGAAGAAG-1,0,50,42,31125,17199
GCGGACCGCGTTGTGG-1,0,51,43,31631,17489
GTAATCTGATTCTTCG-1,0,50,44,31125,17780
CCGCGGAATGCGTCAC-1,0,51,45,31632,18071
TTCCACACAGATTTGA-1,0,50,46,31126,18362
CTTCTATTAATGCTAG-1,0,51,47,31632,18652
CATTTGAGTGGTACGT-1,0,50,48,31126,18943
TCACAGCAAACTCGAA-1,0,51,49,31633,19234
CAGACGAACCTGATAC-1,0,50,50,31127,19525
TAGCTAGAAGGCATGA-1,0,51,51,31633,19815
ATCCAGAGCAACAACC-1,0,50,52,31127,20106
TCCGGTTCGTCCGGTC-1,0,51,53,31633,20397
CGCGCATGTTTGATTG-1,0,50,54,31128,20688
TGGCGATCAAGTTATG-1,0,51,55,31634,20978
CCCTTTGACAGGTCTT-1,0,50,56,31128,21269
CAGAGACGGTCACCCA-1,0,51,57,31634,21560
TAGCTCGCCTGATAAC-1,0,50,58,31129,21851
TTGTGTTTCCCGAAAG-1,0,51,59,31635,22141
TATACACAGACGCCTT-1,0,50,60,31129,22432
ACATTAGTTTATATCC-1,0,51,61,31635,22723
CCATCGCAGTTAAACT-1,0,50,62,31130,23014
AATTAGCGCTGCAGCG-1,0,51,63,31636,23304
TCCGCTTATCCCATTA-1,0,50,64,31130,23596
GTTTGGGCTTGTGAGC-1,0,51,65,31636,23886
CTTGTCAACATTCGAG-1,0,50,66,31130,24177
GGACCAACAGGATAAC-1,0,51,67,31637,24467
AAGCTAGATCGAGTAA-1,0,50,68,31131,24759
TACCGTGCCTCGGACC-1,0,51,69,31637,25049
GTAGCCAAACATGGGA-1,0,50,70,31131,25340
TGCCAGTACGTGGAGA-1,0,51,71,31637,25631
ATAAGGTGGAGAACAT-1,0,50,72,31132,25922
CTTTAATATTGGTCGA-1,0,51,73,31638,26212
TGGTTCAACGGGTAAT-1,0,50,74,31132,26503
GCTGCTACTGCGTAGC-1,0,51,75,31638,26794
CTGCACAACTACATAT-1,0,50,76,31133,27085
ATATTCCACATAGTGA-1,0,51,77,31639,27375
TGGCAAACTAAATTAC-1,1,50,78,31133,27666
ACCGCAATAACTGCCT-1,1,51,79,31639,27957
TCGCACCAGGAGGCAG-1,1,50,80,31134,28248
ACTTCAGGCTGATCCC-1,1,51,81,31640,28538
ACAAATCGCACCGAAT-1,1,50,82,31134,28829
TCTGATGTATTCTGTC-1,1,51,83,31640,29120
CTTTACCGAATAGTAG-1,1,50,84,31134,29411
GCAGATCCATAAGACT-1,1,51,85,31641,29701
TTCCTCGGACTAACCA-1,1,50,86,31135,29993
TTATCCGGGATCTATA-1,1,51,87,31641,30283
CTGGAAGACACGGTGG-1,1,50,88,31135,30574
GTTCGTCTAAAGAACT-1,1,51,89,31641,30864
GTCTATTGGTTCCGGT-1,1,50,90,31136,31156
CTAGGCGCCCTATCAG-1,1,51,91,31642,31446
AACGGACGTACGTATA-1,1,50,92,31136,31737
AACACACGCTCGCCGC-1,1,51,93,31642,32028
GCTACTATAGTAGAGT-1,1,50,94,31137,32319
AGCATATCAATATGCT-1,1,51,95,31643,32609
CGAACAGTATGGGCGT-1,1,50,96,31137,32900
ACAATTGTGTCTCTTT-1,1,51,97,31643,33191
GATCGCTACCCGATTT-1,1,50,98,31138,33482
ATTGCGATCAGTAACT-1,1,51,99,31644,33772
CAGCAGTCCAGACTAT-1,1,50,100,31138,34063
AGAGGCTTCGGAAACC-1,1,51,101,31644,34354
AAACAAGTATCTCCCA-1,1,50,102,31138,34645
GGCAGCAAACCTATGC-1,1,51,103,31645,34935
ACTAGTTGCGATCGTC-1,1,50,104,31139,35226
TTGGACCATCTGGCAA-1,1,51,105,31645,35517
CCCTCCTCGCTCGTAT-1,0,50,106,31139,35808
GAGCGCAAATACTCCG-1,1,51,107,31646,36098
ATTACATGTCAGTCTT-1,0,50,108,31140,36389
TTGGGACGTAAGAGTT-1,1,51,109,31646,36680
CTTCGGCCAATTGTTT-1,0,50,110,31140,36971
AGACCGCTCCGCGGTT-1,0,51,111,31646,37261
GACCGCGTCTGACGTG-1,0,50,112,31141,37553
CCAAATAACAAGATTC-1,0,51,113,31647,37843
TCTTTAGAGTCTAACA-1,0,50,114,31141,38134
CTCCCAATGAGTCGCG-1,0,51,115,31647,38424
TAGTCTTTCCGAATTG-1,0,50,116,31142,38716
GAGTAAACCGGAAAGT-1,0,51,117,31648,39006
GATCTCGACGCTGTGG-1,0,50,118,31142,39297
CTGACATAGAAATAGA-1,0,51,119,31648,39588
TATACCGAGTGCCACA-1,0,50,120,31142,39879
TCCGAACGTTGCCGCT-1,0,51,121,31649,40169
GCAGAAGGTAATCTCC-1,0,50,122,31143,40460
GGTACTAAGTGCTTTG-1,0,51,123,31649,40751
CAGAATATTCGTTATC-1,0,50,124,31143,41042
TAATCAACCAAATGGG-1,0,51,125,31650,41332
TCTGCTTAGAACAAGC-1,0,50,126,31144,41623
AACTGAGTTATACTGA-1,0,51,127,31650,41914
CCTCAACGATCGCTGT-1,0,52,0,32128,4985
CGGTACGGCAAACCCA-1,0,53,1,32634,5276
CAGATGTTTGTCCCAA-1,0,52,2,32128,5567
GTTTGTTAGCCAAGTA-1,0,53,3,32634,5857
ACGTGACAAAGTAAGT-1,0,52,4,32128,6149
TTGTCACCGCGGTATC-1,0,53,5,32635,6439
GATCTAACCGTATTCA-1,0,52,6,32129,6730
ATGGAAATTTAAGGAG-1,0,53,7,32635,7020
ATTGATCACCACATTT-1,0,52,8,32129,7312
ACTGCTCGGAAGGATG-1,0,53,9,32636,7602
TCTAAAGAACAGTCTC-1,0,52,10,32130,7893
CTGGGTTGAGTTAAAG-1,0,53,11,32636,8184
CCCAGTAAACTTGGGA-1,0,52,12,32130,8475
AGATTCACAACCGATA-1,0,53,13,32636,8765
AGAAGGTACACTTCAC-1,0,52,14,32131,9056
GCAGGAACTTAGATCT-1,0,53,15,32637,9347
AATCTAGGTTTACTTG-1,0,52,16,32131,9638
CCCGGTGTATCGGAAT-1,0,53,17,32637,9928
TTATCCTCAAGGAATA-1,0,52,18,32132,10219
AGCATCATTTCGAAAG-1,0,53,19,32638,10510
CGCGAGTCTGCCGGGT-1,0,52,20,32132,10801
TGCGTCATGACTGAGC-1,0,53,21,32638,11091
GTATGAAATTTCACTC-1,0,52,22,32132,11382
TTGGTTGCGGTGCGCG-1,0,53,23,32639,11673
ACAGAACTGAGAACAA-1,0,52,24,32133,11964
CTACTATCATAGGTTT-1,0,53,25,32639,12254
CCTCTATCGATTAGCA-1,0,52,26,32133,12545
CCGTATCTCGTCGTAG-1,0,53,27,32640,12836
TCACGATGTCCGTGGA-1,0,52,28,32134,13127
TCAACAAAGATAATTC-1,0,53,29,32640,13417
ATGACGCGTTCTATCC-1,0,52,30,32134,13709
ATTTGCGCGAGTAGCT-1,0,53,31,32640,13999
TTCTTGGACGATCTGC-1,0,52,32,32135,14290
AGACGACGATGCCGCT-1,0,53,33,32641,14580
GGTCTCTGAATGGACT-1,0,52,34,32135,14872
GCTCAATCCGTTTATT-1,0,53,35,32641,15162
CCAGAAAGCAACTCAT-1,0,52,36,32136,15453
CACCGTTAGGGATCAC-1,0,53,37,32642,15744
AATAACACTAGAACAA-1,0,52,38,32136,16035
CACCCGGTTTGTGACT-1,0,53,39,32642,16325
CCACCAACTTTACTGT-1,0,52,40,32136,16616
AACTCTCAGTGTGCTC-1,0,53,41,32643,16907
AAACCGTTCGTCCAGG-1,0,52,42,32137,17198
CAGCGATTCCCTTCAA-1,0,53,43,32643,17488
GCTAGCTTGAATAGCT-1,0,52,44,32137,17779
TTGCGGCATCAGAAAG-1,0,53,45,32644,18070
AATAGAACAGAGTGGC-1,0,52,46,32138,18361
GCCATCGAGCTGCGTG-1,0,53,47,32644,18651
ACACTGATCAAGGTGT-1,0,52,48,32138,18942
ACCAACGCTTATTTAT-1,0,53,49,32644,19233
GACATCGATTTATAAC-1,0,52,50,32139,19524
CAGACACCGATCGCTG-1,0,53,51,32645,19814
CCAAGAAAGTGGGCGA-1,0,52,52,32139,20106
GGTAGACCGTTGGGCG-1,0,53,53,32645,20396
TCGTTAGGAGTCCCTA-1,0,52,54,32140,20687
ACGGCCAACATGGACT-1,0,53,55,32646,20977
GTGAGTGGTACAACGC-1,0,52,56,32140,21269
GAGACTTCGCGACCGA-1,0,53,57,32646,21559
GAAGTCAGTTGCACTA-1,0,52,58,32141,21850
GTTTGGTAGGGTCAAC-1,0,53,59,32647,22141
ACGGCACTTGCTTGGG-1,0,52,60,32141,22432
CCTCTGTACTATTCTA-1,0,53,61,32647,22722
CTATTCATGTGTCCCA-1,0,52,62,32141,23013
GCCCGATCTGTGGTCG-1,0,53,63,32648,23304
TTAGAAGAACATGACT-1,0,52,64,32142,23595
AGGATAAAGTCGGGAT-1,0,53,65,32648,23885
CGGCAAACATCGTGCG-1,0,52,66,32142,24176
CTAGTTACAACCCGGT-1,0,53,67,32648,24467
TTCGACAGAGCCCGTG-1,0,52,68,32143,24758
AAGCATACTCTCCTGA-1,0,53,69,32649,25048
GACGACGATCCGCGTT-1,0,52,70,32143,25339
GGTAGAAGACCGCCTG-1,0,53,71,32649,25630
GAGATGGGAGTCGACA-1,0,52,72,32144,25921
AACGATAATGCCGTAG-1,0,53,73,32650,26211
TGGTCCCACGCTACGG-1,0,52,74,32144,26502
CTGCTTGGCGATAGCT-1,0,53,75,32650,26793
ATCGGAGACAGACGGC-1,0,52,76,32145,27084
TAGCGTCCGGTGTGGT-1,0,53,77,32651,27374
GTTGAGTCCCGCCGGT-1,1,52,78,32145,27666
AAATAGGGTGCTATTG-1,1,53,79,32651,27956
AAGTGTTTGGAGACGG-1,0,52,80,32145,28247
AGCACTACCTCACCAG-1,1,53,81,32652,28537
TGCCTTGGCCAGGCAA-1,1,52,82,32146,28829
TCGTCTTAGGCGTTAA-1,1,53,83,32652,29119
TTCTGACCGGGCTCAA-1,1,52,84,32146,29410
CAGAACTTAGCCCTCT-1,1,53,85,32652,29701
AGCTCCTTCGCACATC-1,1,52,86,32147,29992
ACAGGCTTGCCCGACT-1,1,53,87,32653,30282
GCTATACGTCTCGGAC-1,1,52,88,32147,30573
GAGCCAGCTACCTGTG-1,1,53,89,32653,30864
TGCTAAGTGTCTATTT-1,1,52,90,32148,31155
GTCCTACGAATAGTCT-1,1,53,91,32654,31445
CAGTGTCGGCTGGCCC-1,1,52,92,32148,31736
CTATCGACGAAATACA-1,1,53,93,32654,32027
CATCATTACCCTGAGG-1,1,52,94,32149,32318
TAAGTTGCGACGTAGG-1,1,53,95,32655,32608
AGTGCACGCTTAAGAA-1,1,52,96,32149,32899
TGTGCCGGTGCCGGAA-1,1,53,97,32655,33190
AGGAGGCCTTCGCGCG-1,1,52,98,32149,33481
TCCGCGGCCCAATGAA-1,1,53,99,32656,33771
TCCGTTAAGCTAATAT-1,1,52,100,32150,34063
AAATCTAGCCCTGCTA-1,1,53,101,32656,34353
CGCAGGCGATCCAAAC-1,1,52,102,32150,34644
CCATATGGAAACTATA-1,1,53,103,32657,34934
CACCGTATCCCATCCG-1,1,52,104,32151,35226
GGTCAAGACTACTTCG-1,1,53,105,32657,35516
CCCGTTTCGCAGATGT-1,1,52,106,32151,35807
GTTATAATACGGTGAA-1,1,53,107,32657,36098
ACTTGTGGATGGAACG-1,1,52,108,32152,36389
GTTCGCTGAGACGTCT-1,1,53,109,32658,36679
GACACTGGAACCCGAT-1,1,52,110,32152,36970
CCCAGGTCTGAAGGCT-1,1,53,111,32658,37261
TCTCGAGGAGGTTCGC-1,0,52,112,32153,37552
ACTATCTGCCCGCGTA-1,0,53,113,32659,37842
CCTAAATTGTATCCTA-1,0,52,114,32153,38133
AGAAATTATGACTCGC-1,0,53,115,32659,38424
TCCAGCGCTATAAGCG-1,0,52,116,32153,38715
TCGTGTATTGGTCACG-1,0,53,117,32660,39005
CCACATACTGCACCCA-1,0,52,118,32154,39296
GTTGCGGACGGTCAGG-1,0,53,119,32660,39587
GTATTTAATGGCATAA-1,0,52,120,32154,39878
GTCGATAGGTGACTTT-1,0,53,121,32661,40168
AATAATCTTCGTATCG-1,0,52,122,32155,40459
ATTGTTCAACGATCCG-1,0,53,123,32661,40750
GTGCAGCGTAGAGTAG-1,0,52,124,32155,41041
TGTGGTAGGGTGCCTT-1,0,53,125,32661,41331
TGTGGACTATCTACGT-1,0,52,126,32156,41623
GGCGGGCTCTAAGAGT-1,0,53,127,32662,41913
TGTGCCAGAGGCAAAG-1,0,54,0,33139,4985
TGGCTTATGTATAATG-1,0,55,1,33646,5275
GCAAGCTGGAAACCGC-1,0,54,2,33140,5566
GATATCAAGCAGGAGC-1,0,55,3,33646,5857
CACCAATCATCCGTCT-1,0,54,4,33140,6148
CCACATGGCTCTTTAT-1,0,55,5,33646,6438
GTCCTACTCTACGGGC-1,0,54,6,33141,6729
CTCGAGACATACGATA-1,0,55,7,33647,7020
TATCAGTGGCGTAGTC-1,0,54,8,33141,7311
TGACAGGACAAGTCCA-1,0,55,9,33647,7601
TATTAACACCAAAGCA-1,0,54,10,33142,7892
TAGGCGATGAGGTCTC-1,0,55,11,33648,8183
CCGCCGGAACTTCTCG-1,0,54,12,33142,8474
GCCATTAGCCTCAAAC-1,0,55,13,33648,8764
GTTAGGCTACCCGTTT-1,0,54,14,33143,9055
GGGTATTCTAGCAAAC-1,0,55,15,33649,9346
GCCCTAGCCGTCGCGA-1,0,54,16,33143,9637
CAGATCCTGGTTTGAA-1,0,55,17,33649,9927
CTTCAGTGGTCGCCTA-1,0,54,18,33143,10219
GGGCAACCGCACGTGC-1,0,55,19,33650,10509
GACCCAATTATGATAC-1,0,54,20,33144,10800
GAAGCTCGGACCCGTC-1,0,55,21,33650,11090
CGTCGGGTCTAAGCGC-1,0,54,22,33144,11382
GAGGCCCGACTCCGCA-1,0,55,23,33651,11672
TTGCCATAGCCCGCTC-1,0,54,24,33145,11963
TAACATACACGCGATC-1,0,55,25,33651,12254
CCGACGGGCATGAGGT-1,0,54,26,33145,12545
AATGTGCCCGAGGTGT-1,0,55,27,33651,12835
AGCTGTAACCTCAATC-1,0,54,28,33146,13126
CGAGTGAAGGTACCAG-1,0,55,29,33652,13417
AGTCTCACAAGACTAC-1,0,54,30,33146,13708
AAATTGATAGTCCTTT-1,0,55,31,33652,13998
TAAGTCGCCGAGTATC-1,0,54,32,33147,14289
GCGGAGAAACTTCGCA-1,0,55,33,33653,14580
GGCAAAGGCGCCAATA-1,0,54,34,33147,14871
ATTTCCGGGTTCTGCG-1,0,55,35,33653,15161
TAAACCCAGGAGGGCA-1,0,54,36,33147,15452
TTCGGGCGCTAGTCTT-1,0,55,37,33654,15743
GTGGAGTCGGCGGTTG-1,0,54,38,33148,16034
GCACGCCTACTTAGAT-1,0,55,39,33654,16324
CAATATTCTTGACCTA-1,0,54,40,33148,16615
CGTTTGTGTAGAGGGT-1,0,55,41,33655,16906
CATAGCGTTGCCCACC-1,0,54,42,33149,17197
TGATACATTTAGCCGT-1,0,55,43,33655,17487
TTCCGGCCTTGAGGCT-1,0,54,44,33149,17779
CCTATACCGTCCTGTC-1,0,55,45,33655,18069
TCGTTGCTATCCGGTC-1,0,54,46,33150,18360
TGGCGACTGCTCCAAA-1,0,55,47,33656,18650
CAGAGGCGATGCATGA-1,0,54,48,33150,18942
TCACAGGAGAATAAGA-1,0,55,49,33656,19232
GGGTTAACATTTGAGT-1,0,54,50,33151,19523
GCGGGCGAGCCTTACC-1,0,55,51,33657,19814
TGCCAATGGGTACTCT-1,0,54,52,33151,20105
AGGGACTCTACGCGAC-1,0,55,53,33657,20395
GACGCCGTAAAGGCTA-1,0,54,54,33151,20686
AAAGGCTCTCGCGCCG-1,0,55,55,33658,20977
CTGGCTGGTTGTCAGT-1,0,54,56,33152,21268
ACATCCCGGCCATACG-1,0,55,57,33658,21558
CTCTTGTCCCGCTTGG-1,0,54,58,33152,21849
TACGCCTCCATTCCGA-1,0,55,59,33659,22140
CGGAGCAATTTAATCG-1,0,54,60,33153,22431
AACTAGGCTTGGGTGT-1,0,55,61,33659,22721
GCGTCGCCAGGGTGAT-1,0,54,62,33153,23012
GTTGGTCATGCTATCC-1,0,55,63,33659,23303
GCTGGCGGCGCATGCT-1,0,54,64,33154,23594
TGAGCGGAAAGTGTTC-1,0,55,65,33660,23884
CTTTCTGTGCGGGCTT-1,0,54,66,33154,24176
ATCTAATATCCTACGG-1,0,55,67,33660,24466
AACCTTTAAATACGGT-1,0,54,68,33155,24757
TTCACTCGAGCACCTA-1,0,55,69,33661,25047
CTGCACTCCAGTACAG-1,0,54,70,33155,25339
CCATTTCTACCTATTA-1,0,55,71,33661,25629
CAAGCGGCACATAATT-1,0,54,72,33156,25920
GTTAACATCACTTAAA-1,0,55,73,33662,26211
ATATAAATGTAGCTGC-1,0,54,74,33156,26502
GCCTCTATACATAGCA-1,0,55,75,33662,26792
GTGTCGTATAGCGTTC-1,0,54,76,33156,27083
ATACGTACTTAGCCAC-1,0,55,77,33663,27374
GCTATCATACTCATGG-1,0,54,78,33157,27665
TATCCAATTGGTTATC-1,1,55,79,33663,27955
TCTCCCTGGGCAGCGT-1,1,54,80,33157,28246
CCTATAATGAGTGCCC-1,1,55,81,33663,28537
CAATGCGAGAAGTATC-1,1,54,82,33158,28828
TACCAATAAAGTACCA-1,1,55,83,33664,29118
GCTAGGCACCACGGAG-1,1,54,84,33158,29409
GGTGGACTGCTCTGGC-1,1,55,85,33664,29700
TATTCCGAGCTGTTAT-1,1,54,86,33159,29991
TTGAGAAGTTTAGCAT-1,1,55,87,33665,30281
GTCCGGACCTGAAATT-1,1,54,88,33159,30573
CTGTGGTCGGGAGATA-1,1,55,89,33665,30863
CATGTAAGAGACATTT-1,1,54,90,33160,31154
CACGTTTCGTACACAC-1,1,55,91,33666,31444
CATCCTCTCAAAGATC-1,1,54,92,33160,31736
GATTAACCGAAAGCCC-1,1,55,93,33666,32026
AACGCTGTTGCTGAAA-1,1,54,94,33160,32317
TTCAGCTGGCGTGCCC-1,1,55,95,33667,32608
TAGAGGTTCTACTTGT-1,1,54,96,33161,32899
GTATCAAACGTTAGCT-1,1,55,97,33667,33189
AATCATGTAAAGACTC-1,1,54,98,33161,33480
AGTCACTAGCTCTCGA-1,1,55,99,33667,33771
GCGAAACGATCGGGAG-1,1,54,100,33162,34062
CATGGATTGTCTTCCG-1,1,55,101,33668,34352
ATTGGATTACAGCGTA-1,1,54,102,33162,34643
CACACACGCTAACGAG-1,1,55,103,33668,34934
CTATGGGAAGCGGAAT-1,1,54,104,33163,35225
TGCCTAATTGAAGATT-1,1,55,105,33669,35515
TGGCAATGGGACGGCG-1,1,54,106,33163,35806
ACCTCCGCCCTCGCTG-1,1,55,107,33669,36097
CGGCAATAAGATCGCC-1,1,54,108,33164,36388
CCTTGACCACTTTATT-1,1,55,109,33670,36678
TCATTTAGAAGTGTGA-1,1,54,110,33164,36969
CAGAATAACACACGGA-1,1,55,111,33670,37260
TCTGAGCAATTGACTG-1,1,54,112,33164,37551
CAACGTGGTGGAGTCT-1,1,55,113,33671,37841
CACAGTTCGCTTCCCA-1,1,54,114,33165,38133
TCTCTCGCCGCACATA-1,0,55,115,33671,38423
TGGGCAGGCCACCGCA-1,0,54,116,33165,38714
CTCCTGTTCAAGGCAG-1,0,55,117,33672,39004
TATTTGATTTGCACAG-1,0,54,118,33166,39296
GCCACTCCTTACGGTA-1,0,55,119,33672,39586
ACCGATATTTAATCAT-1,0,54,120,33166,39877
TTATTATCTGGAAGGC-1,0,55,121,33672,40168
TACATGCCGGAATTGT-1,0,54,122,33167,40459
GGCACTCAGCCGACCC-1,0,55,123,33673,40749
AAACCGGAAATGTTAA-1,0,54,124,33167,41040
AGACAGGCATCTCAGC-1,0,55,125,33673,41331
GTGGTGATGGTTTGTG-1,0,54,126,33168,41622
CCGATATGACGTAAGG-1,0,55,127,33674,41912
CATACACAAAGTCAGC-1,0,56,0,34151,4984
TGCCGTTCTTAATCGG-1,0,57,1,34657,5274
TCGAGTCTACGATTCG-1,0,56,2,34152,5565
ACTTCCAGTGGAAGCT-1,0,57,3,34658,5856
CAATTGGGCCGCACTC-1,0,56,4,34152,6147
AAATCGCGGAAGGAGT-1,0,57,5,34658,6437
ATATCAATTCCAGCCT-1,0,56,6,34153,6728
CTTTGTCGAATGCTCC-1,0,57,7,34659,7019
TGAGGCATGTACTGTG-1,0,56,8,34153,7310
TTCGCCGCTCGCGCTA-1,0,57,9,34659,7600
GACTCCTTCCAATTGA-1,0,56,10,34154,7892
ACCGAAGAGTCTGGTT-1,0,57,11,34660,8182
TGGCATGAAGTTTGGG-1,0,56,12,34154,8473
ACGAGGTTTACAACGT-1,0,57,13,34660,8764
AACCCATCCCATGATC-1,0,56,14,34154,9055
TCGACAACTGAACCCG-1,0,57,15,34661,9345
TATCTTGCAATACAAC-1,0,56,16,34155,9636
TATTATGTTTGCCTGC-1,0,57,17,34661,9927
GTCAAAGAAGTGGTGT-1,0,56,18,34155,10218
GGGACAGAGTTACTCC-1,0,57,19,34662,10508
AGCAACCGAAAGTAAT-1,0,56,20,34156,10799
CTCTCTAACTGCCTAG-1,0,57,21,34662,11090
ATACGGAACGTCGTTT-1,0,56,22,34156,11381
TCGGTCCCGACAATAG-1,0,57,23,34662,11671
CGCGCAAATGTCCAGA-1,0,56,24,34157,11962
TCTAATACTGCCTCAG-1,0,57,25,34663,12253
CTCGGTTGTCGGCCCT-1,0,56,26,34157,12544
GGTAACCGGGAGGATA-1,0,57,27,34663,12834
CAGGCGCACGGTGGTC-1,0,56,28,34158,13125
TCATCGATGGTCCCAA-1,0,57,29,34664,13416
CAAAGATTATTGGGCC-1,0,56,30,34158,13707
ACAATGAATACGGAGA-1,0,57,31,34664,13997
GCTCCTGACATACTGG-1,0,56,32,34158,14289
GATGACAAGTAGGGCA-1,0,57,33,34665,14579
TACGCCGAGGGTACCC-1,0,56,34,34159,14870
AAGCGTCCCTCATCGA-1,0,57,35,34665,15160
CACTCCTATGTAAGAT-1,0,56,36,34159,15452
TCGAGCCAGGCAGGCC-1,0,57,37,34666,15742
TCGTCAAGTACGCGCA-1,0,56,38,34160,16033
CCCGTAGCTGGGAAGA-1,0,57,39,34666,16324
ACCCTATGCCATATCG-1,0,56,40,34160,16615
GTGGTATAGTCTGCCG-1,0,57,41,34666,16905
CCGGTTTGTAATTGTG-1,0,56,42,34161,17196
GTCGCCGTTGTGTGTT-1,0,57,43,34667,17487
TACTGAACAGATTTAG-1,0,56,44,34161,17778
TATTAACCTGACCGCG-1,0,57,45,34667,18068
CTGTAGCCATCTCACT-1,0,56,46,34162,18359
TACTATGGTTCCTCAG-1,0,57,47,34668,18650
GAGTCAGACCAGAATC-1,0,56,48,34162,18941
TAAGGCATAACATCAA-1,0,57,49,34668,19231
CTTCCGCTCCGTGAAG-1,0,56,50,34162,19522
GGGCTATGATCGATGG-1,0,57,51,34669,19813
GGTCGGTCGTCCACAG-1,0,56,52,34163,20104
GGGACCCGTATATCTT-1,0,57,53,34669,20394
GAAAGCAGTGCACTTT-1,0,56,54,34163,20686
AGCGCATAATGAATCG-1,0,57,55,34670,20976
GCTGCTAAGTAGTCGA-1,0,56,56,34164,21267
AATAGTCCGTCCCGAC-1,0,57,57,34670,21557
AGCAGCCAGATGAATA-1,0,56,58,34164,21849
CCTCGCGCTGTGCGAT-1,0,57,59,34670,22139
TTGTGTATGCCACCAA-1,0,56,60,34165,22430
TGCTCGGCGAAACCCA-1,0,57,61,34671,22721
CGATTAAATATCTCCT-1,0,56,62,34165,23012
TGCCGTGGATCGTCCT-1,0,57,63,34671,23302
GTGGACGCATTTGTCC-1,0,56,64,34166,23593
ACCCGGAAACTCCCAG-1,0,57,65,34672,23884
CCGCATGTGGTACGAT-1,0,56,66,34166,24175
GCAAACCTTGGCCATA-1,0,57,67,34672,24465
ATTCACTGATGTTGGA-1,0,56,68,34167,24756
ACTCCCTAATGCTAAA-1,0,57,69,34673,25047
TCCTAAATTGGGAAGC-1,0,56,70,34167,25338
GAACAGATTACTAAAT-1,0,57,71,34673,25628
ATACAGGCCCTCCAAT-1,0,56,72,34167,25919
CGATTCGCCTGGCTGC-1,0,57,73,34674,26210
TCCGCCTGTCTACAAG-1,0,56,74,34168,26501
CACATCTCACCGACGA-1,0,57,75,34674,26791
CGTCGTCCTTCGCGAA-1,0,56,76,34168,27082
CGTTGAATACCGCGCT-1,0,57,77,34674,27373
ACCAATATGCAAGTTA-1,0,56,78,34169,27664
ACGGATGGTGCGGATA-1,0,57,79,34675,27954
CACCCTAACAAGATCT-1,1,56,80,34169,28246
AAGCTCTTTCATGGTG-1,1,57,81,34675,28536
CATGGGTATGCCTTAT-1,1,56,82,34170,28827
GCGCGTCATTGGTACA-1,1,57,83,34676,29117
TCTGAAGCACGTGGTC-1,1,56,84,34170,29409
AAGTTCACTCCAAGCT-1,1,57,85,34676,29699
TTGGACCTATAACAGT-1,1,56,86,34171,29990
ATCAGCCTCATGCTGC-1,1,57,87,34677,30281
AGTACTCTTATGCCCA-1,1,56,88,34171,30572
GCGCTTAAATAATTGG-1,1,57,89,34677,30862
TTGTGAACCTAATCCG-1,1,56,90,34171,31153
AGTCGTCGACCACCAA-1,1,57,91,34678,31444
TCCTTTAAATCCGCTT-1,1,56,92,34172,31735
ACTGAAACGCCGTTAG-1,1,57,93,34678,32025
GCACACACTGGTAGCC-1,1,56,94,34172,32316
TAAGGGCCTGTCCGAT-1,1,57,95,34678,32607
GCTAGAGTAGAGATGT-1,1,56,96,34173,32898
CACAGGGCCATATAGT-1,1,57,97,34679,33188
CCATGCCCTAGATTTC-1,1,56,98,34173,33479
TCGCGTAGCAGTGTCC-1,1,57,99,34679,33770
GACGAGGCTAATAAAC-1,1,56,100,34174,34061
CTACACTCGCAGATGG-1,1,57,101,34680,34351
ACGCATACGTTTACTA-1,1,56,102,34174,34643
GGAGCAACATTTCAAG-1,1,57,103,34680,34933
CGAGAGGGTAGCCGCG-1,1,56,104,34175,35224
TCGTGTTCGACCACAA-1,1,57,105,34681,35514
TCTACCCAATAGAGAG-1,1,56,106,34175,35806
ATAAACGTTGCACCAC-1,1,57,107,34681,36096
TCAACTGCAGAGTCAG-1,1,56,108,34175,36387
AGCTCCATATATGTTC-1,1,57,109,34682,36678
GTAACATCTAAGATAA-1,1,56,110,34176,36969
CCGACAATAGGCCGCC-1,1,57,111,34682,37259
ATGCTTAGGAGTTGAT-1,1,56,112,34176,37550
AACCCGAGCAGAATCG-1,1,57,113,34683,37841
CGGGTTTGTTAGGGCT-1,1,56,114,34177,38132
AGGCACGTGACTGTCC-1,1,57,115,34683,38422
GACAAGAGATGAGATT-1,0,56,116,34177,38713
AGCCCTTGGACATCCC-1,0,57,117,34683,39004
GCAGTTCGATCCGAGC-1,0,56,118,34178,39295
TCGAGGGCAACAGACG-1,0,57,119,34684,39585
ACTTTGTCGACGCACT-1,0,56,120,34178,39876
GAGTATCAAAGTTACA-1,0,57,121,34684,40167
CCAGGCTGGCGTCTGA-1,0,56,122,34179,40458
GGACTCTTCCGGTTGA-1,0,57,123,34685,40748
TCCCAGCACACGACAT-1,0,56,124,34179,41039
GCTCCATGAGTGCAGA-1,0,57,125,34685,41330
GCAGTGCGGGCGGATG-1,0,56,126,34179,41621
GCGTTCTGACTAAGCG-1,0,57,127,34686,41911
ATTTGGAGATTGCGGT-1,0,58,0,35163,4983
AAGGGTTTGATTTCAG-1,0,59,1,35669,5273
CCGGCCGCGAGCATAT-1,0,58,2,35164,5565
GAGTTCTGTGGGTGCT-1,0,59,3,35670,5855
AAACGAAGATGGAGTA-1,0,58,4,35164,6146
AATTACGAGACCCATC-1,0,59,5,35670,6437
CCTTTGAATTATGGCT-1,0,58,6,35165,6728
CATGGTATTAGTTTGT-1,0,59,7,35671,7018
AACGAAAGTCGTCCCA-1,0,58,8,35165,7309
ACATAAGTCGTGGTGA-1,0,59,9,35671,7600
GCACAACCTCGGGCGT-1,0,58,10,35165,7891
ATGCACGCGCTGTTCA-1,0,59,11,35672,8181
CGATGTTGTTATCTAC-1,0,58,12,35166,8472
GTCTCCTGCCAGTATG-1,0,59,13,35672,8763
GATGCCTTCTGCGGCA-1,0,58,14,35166,9054
ACCGGTCAGGTACACC-1,0,59,15,35672,9344
GTGGAGCGTTTACCGA-1,0,58,16,35167,9635
AGGCGGTTTGTCCCGC-1,0,59,17,35673,9926
TCCCTGGCGTATTAAC-1,0,58,18,35167,10217
AAACACCAATAACTGC-1,0,59,19,35673,10507
TGGACGCAATCCAGCC-1,0,58,20,35168,10799
GGAACCTTGACTCTGC-1,0,59,21,35674,11089
GTATCTCAGTCTTGAC-1,0,58,22,35168,11380
GCTGAATCTTCCAATC-1,0,59,23,35674,11670
AGATGCAAGACGTGCA-1,0,58,24,35169,11962
TTAAGGCCCGTACTTT-1,0,59,25,35675,12252
AGTATGCTGGAGACCA-1,0,58,26,35169,12543
GCGGCAAAGTATTGCC-1,0,59,27,35675,12834
GCGCAAATATATTCAA-1,0,58,28,35169,13125
GAAGAAACGATATTGT-1,0,59,29,35676,13415
GGACCTCTAGGCCGCC-1,0,58,30,35170,13706
AACAGCTGTGTGGCAA-1,0,59,31,35676,13997
TCGAATATCCCGCAGG-1,0,58,32,35170,14288
GCGACCCAACCATCTG-1,0,59,33,35677,14578
AGAGAAGGAGTACAAT-1,0,58,34,35171,14869
GGCTCCTCCACCTGTT-1,0,59,35,35677,15160
TCAGTGTATACGTCAT-1,0,58,36,35171,15451
ATTATTATGTCCGTCA-1,0,59,37,35677,15741
TTAGGTCATAACCGAC-1,0,58,38,35172,16032
AAGATGGCACCGGACC-1,0,59,39,35678,16323
CTACAAGAAATAACCC-1,0,58,40,35172,16614
ACTATTTCCGGGCCCA-1,0,59,41,35678,16904
TTGTTTCACATCCAGG-1,0,58,42,35173,17195
CGCTGTGTGGATGTTG-1,0,59,43,35679,17486
TCAACATAGCGCCCTA-1,0,58,44,35173,17777
GGCCGTTTGGGTTTCA-1,0,59,45,35679,18067
TACTCTTTCGTCTTCA-1,0,58,46,35173,18359
TTCGCGCGCCATACGA-1,0,59,47,35680,18649
CGGAAAGAATCAAACG-1,0,58,48,35174,18940
AGGCAGGGAGCGTACT-1,0,59,49,35680,19230
CCTTTAAGGGAGCACT-1,0,58,50,35174,19522
CGCCCAGCACGCCTAG-1,0,59,51,35681,19812
AGTATTTGGCACGACC-1,0,58,52,35175,20103
TATCCGCACCGTCGGG-1,0,59,53,35681,20394
ACCCGTGTCATCAGTA-1,0,58,54,35175,20685
CAACTGCTCATCCGAT-1,0,59,55,35681,20975
CCGGAGCGTACTTTCT-1,0,58,56,35176,21266
TACCGTAGGTTAACTA-1,0,59,57,35682,21557
TGAGGAGTGCCAGCTT-1,0,58,58,35176,21848
CCAGTCTTGTCATAGA-1,0,59,59,35682,22138
GGGCAGAGCAATCGTT-1,0,58,60,35177,22429
TACCAAATAGCCCAGA-1,0,59,61,35683,22720
TACCTACTCCCAGTAT-1,0,58,62,35177,23011
TGTGAGACTAGCCCAA-1,0,59,63,35683,23301
ATACCTAACCAAGAAA-1,0,58,64,35178,23592
GTCGGGAAGCAGAAAC-1,0,59,65,35684,23883
AATTAACGGATTTCCA-1,0,58,66,35178,24174
GAACCCTCTGTGTTCT-1,0,59,67,35684,24464
ATATAAAGCGCTCGTG-1,0,58,68,35178,24756
CCTGGTCGAATGTGGG-1,0,59,69,35685,25046
CTAGGTTCGGACGTGA-1,0,58,70,35179,25337
TCGGGAGACAGCGTAC-1,0,59,71,35685,25627
CATAAGAAGCTTGGCT-1,0,58,72,35179,25919
AAGCACCCTGCGTATC-1,0,59,73,35685,26209
AGTTTGCACCTGCCTC-1,0,58,74,35180,26500
GACTGCAAATCGAGCT-1,0,59,75,35686,26791
GTGTATATCAGCGGGC-1,0,58,76,35180,27082
CTTCAACTCCACTTGG-1,0,59,77,35686,27372
ACTTACGCATCCACGC-1,0,58,78,35181,27663
CATGAGATGCACTCTC-1,0,59,79,35687,27954
GAGCACCTGTGTCCAG-1,1,58,80,35181,28245
CGCGACCGCGACAGAT-1,1,59,81,35687,28535
GTCCCGCGACGTTATG-1,1,58,82,35182,28826
GCAGTGTGGCTATAGG-1,1,59,83,35688,29117
ATACTGCCTTACACCG-1,1,58,84,35182,29408
TACAGAAACGGTGGGC-1,1,59,85,35688,29698
GGCGCGGAGATCTTTC-1,1,58,86,35182,29989
CGTTAATGTCCCGACG-1,1,59,87,35689,30280
GCTAACTGAAGTCTGA-1,1,58,88,35183,30571
AGTGATAACCTGCGCG-1,1,59,89,35689,30861
TATGATCTTCTCTTTA-1,1,58,90,35183,31152
TGTACCTACACGAGGG-1,1,59,91,35689,31443
ATATCGTTCCTCGAAC-1,1,58,92,35184,31734
CGGCGCCATCAATCCC-1,1,59,93,35690,32024
CCTGTTTGAAGACACG-1,1,58,94,35184,32316
GCCACTCAGAGCGCGA-1,1,59,95,35690,32606
TCGGCTTGTATCGACG-1,1,58,96,35185,32897
TAGATGGTTCCTTACT-1,1,59,97,35691,33187
ATCGTTAGCTAGCGGA-1,1,58,98,35185,33479
ACAGCGACATTCTCAT-1,1,59,99,35691,33769
ATTCAACCATTTAAGG-1,1,58,100,35186,34060
CACTCTTCTGCTAGCC-1,1,59,101,35692,34351
CTAACTGATAATCGCC-1,1,58,102,35186,34642
TGATGTCAATTAAGTG-1,1,59,103,35692,34932
CGCCGTTCAGCATAGT-1,1,58,104,35186,35223
ATACTACCCGTACCAC-1,1,59,105,35693,35514
CCACTGTTTGGATTAA-1,1,58,106,35187,35805
CACTACGGGAGCTGCC-1,1,59,107,35693,36095
GACCAAACGTTGACTG-1,1,58,108,35187,36386
AAGAGGCCCTTTGGAA-1,1,59,109,35693,36677
ACACGTAGGCCACAAG-1,1,58,110,35188,36968
TACTCTTACTTTACTG-1,1,59,111,35694,37258
AGAGCCGCCGAGATTT-1,1,58,112,35188,37549
GGCCTGCTTCTCCCGA-1,1,59,113,35694,37840
TCAAGCGCGGACGGTA-1,1,58,114,35189,38131
ACACTGGGACAGTCGT-1,1,59,115,35695,38421
TGTGTAGTAGCACGTG-1,1,58,116,35189,38713
CTAGCCACAGGCGAGC-1,1,59,117,35695,39003
CTATCGCGTAGAGAAC-1,0,58,118,35190,39294
GTTCCCGTAAACATAT-1,0,59,119,35696,39584
TCTTTCCTTCGAGATA-1,0,58,120,35190,39876
ATATTGGAGAGGCCTT-1,0,59,121,35696,40166
AGGCGATAACTGGCGT-1,0,58,122,35190,40457
ACCCGGAGCACCACAA-1,0,59,123,35697,40748
TGAGCTCAACTGTATA-1,0,58,124,35191,41039
ACGACCCATGAGTTGC-1,0,59,125,35697,41329
CGGTCAGTCCATATTT-1,0,58,126,35191,41620
TCCGGCTGTCGGGTCG-1,0,59,127,35698,41911
ATTCCCGAAGGTACAG-1,0,60,0,36175,4982
CTAACAGCACAATAAC-1,0,61,1,36681,5273
TTGTGCGGAAGCGGAT-1,0,60,2,36176,5564
GGGCACTATTGACCAT-1,0,61,3,36682,5854
CCATAGAGGCTGCCAG-1,0,60,4,36176,6145
CCGAAGCATTGACCAA-1,0,61,5,36682,6436
TACTGAGGGAAGAAAG-1,0,60,6,36176,6727
TATGTAGAAACCCGGC-1,0,61,7,36683,7017
TGGTTAACTTACATTT-1,0,60,8,36177,7308
AGAACCCTCAATTGGG-1,0,61,9,36683,7599
CCTATATCGTGTCACG-1,0,60,10,36177,7890
ACGGCTGGATGTAGAA-1,0,61,11,36683,8180
CTCGCATTGCATAGCC-1,0,60,12,36178,8472
ACTTTGGTCGTGCTCC-1,0,61,13,36684,8762
GCTGGTTTAGGCCATA-1,0,60,14,36178,9053
TGTCGTTATCACATAT-1,0,61,15,36684,9343
ACACATGATCAAATCT-1,0,60,16,36179,9635
TATCCATCTCGGTTAG-1,0,61,17,36685,9925
CTCGTCGAGGGCTCAT-1,0,60,18,36179,10216
ATCAATGCCGTGGCTG-1,0,61,19,36685,10507
GAAACATAGGAAACAG-1,0,60,20,36180,10798
TAATAGGTCACCAGAA-1,0,61,21,36686,11088
CACCAGTCAGCATGCA-1,0,60,22,36180,11379
GAGCGCTGTTAGGTAA-1,0,61,23,36686,11670
CCCTATGTAGAGCAGA-1,0,60,24,36180,11961
GATCGCTATATCTCAG-1,0,61,25,36687,12251
AAGGGACTATGCATTC-1,0,60,26,36181,12542
CTCGGGTTCTCTGGCC-1,0,61,27,36687,12833
TATATATCGAGAAATG-1,0,60,28,36181,13124
ACCCGAGCGAAATTAC-1,0,61,29,36688,13414
TTGTTTCATTAGTCTA-1,0,60,30,36182,13705
ATGGGACCTGCTGAAC-1,0,61,31,36688,13996
TGCGACGGCCGAACGT-1,0,60,32,36182,14287
AGCTAACAAGCAATGT-1,0,61,33,36688,14577
CGTGTCTCGTTACGAC-1,0,60,34,36183,14869
CTAAATCCGGTGTACA-1,0,61,35,36689,15159
GAATAGTGCTCGATTA-1,0,60,36,36183,15450
AACAATACATTGTCGA-1,0,61,37,36689,15740
CACATCGTGCACGCGC-1,0,60,38,36184,16032
ACCGTGACCACGTGGG-1,0,61,39,36690,16322
CCCAATGAGATTTGCA-1,0,60,40,36184,16613
TCAGCAGTAGGCCCTG-1,0,61,41,36690,16904
CTACTCAAGGTATAGT-1,0,60,42,36184,17195
TAGTAGCTTATACCAG-1,0,61,43,36691,17485
ACGTTCGTTCAGGAAA-1,0,60,44,36185,17776
TTAGAATAAGGGTCGG-1,0,61,45,36691,18067
TTCTAGAAAGTCTTAT-1,0,60,46,36185,18358
CCTTCAGTTAAAGTGA-1,0,61,47,36692,18648
TAGCTAGTGATGATGG-1,0,60,48,36186,18939
AGCCCGGTAGCCTGTA-1,0,61,49,36692,19230
TACCTCAGTTGTCTGT-1,0,60,50,36186,19521
GACGGGTTGGCCCGTA-1,0,61,51,36692,19811
GAAACCTATACAAATG-1,0,60,52,36187,20102
TCCACCTCTAGCCTTT-1,0,61,53,36693,20393
AAGACCCAACTGAACA-1,0,60,54,36187,20684
CATACACGGTTCCCAC-1,0,61,55,36693,20974
ACTACGCGTTAGAATT-1,0,60,56,36188,21265
CTTGGCCAAGCTGGGA-1,0,61,57,36694,21556
TTACCCTAGGGATTGG-1,0,60,58,36188,21847
TTCGCACTGTACGACA-1,0,61,59,36694,22137
TAGGTGTTCCACAGAT-1,0,60,60,36188,22429
GAAGCCTGCACATTCC-1,0,61,61,36695,22719
GGCTTTCAATAAGGGT-1,0,60,62,36189,23010
TCCAGGGTATATACGA-1,0,61,63,36695,23301
CTCGCCGAATGTAGGG-1,0,60,64,36189,23592
AGGAAGCTGTCCGCCG-1,0,61,65,36696,23882
GTCTCAAGGCCCGGCT-1,0,60,66,36190,24173
ACCGACACATCTCCCA-1,0,61,67,36696,24464
TATACGCGTCATCACT-1,0,60,68,36190,24755
ATCTGGGCTGTTCTTG-1,0,61,69,36696,25045
TCAAATTTGAGACTCA-1,0,60,70,36191,25336
GTTAAGGGTGCGATGT-1,0,61,71,36697,25627
AGCAAAGGCCGCTAGT-1,0,60,72,36191,25918
TTATAGGTAATTGTCT-1,0,61,73,36697,26208
TTGTGCAGCCACGTCA-1,0,60,74,36192,26499
ACGGACTCTCAAAGCG-1,0,61,75,36698,26790
ATGCTCTGGCGCGGTA-1,0,60,76,36192,27081
ATAATCTTGGAGAACC-1,0,61,77,36698,27371
CTCATTGCTCTAACAA-1,0,60,78,36193,27662
TAGGTGACGATAACCT-1,0,61,79,36699,27953
CGGATCCTCAAGGACT-1,1,60,80,36193,28244
GGGCGTGGTTTCCCAG-1,1,61,81,36699,28534
TGGCTATGTGACATAC-1,1,60,82,36193,28826
CTTAGTGTAGTAGCAT-1,1,61,83,36700,29116
GGATTGCTGTGACTCC-1,1,60,84,36194,29407
ACTTCCATGCGGGACA-1,1,61,85,36700,29697
ACTCAAGTGCAAGGCT-1,1,60,86,36194,29989
ACAAGGATGCTTTAGG-1,1,61,87,36700,30279
TTGAACGACGTGCTGA-1,1,60,88,36195,30570
ATTCATCGTTGAGGCA-1,1,61,89,36701,30861
TGCAACCCATCTGCGG-1,1,60,90,36195,31152
AGTGCTAAACACAGCA-1,1,61,91,36701,31442
AACTCCAGAGCGTGTT-1,1,60,92,36196,31733
TCTCCACAAGTTGAAT-1,1,61,93,36702,32024
CTTTGCATCGCTCTTG-1,1,60,94,36196,32315
TCACAAACCGAGGTAC-1,1,61,95,36702,32605
CCGTAGGAAATCCCTG-1,1,60,96,36197,32896
AAACATTTCCCGGATT-1,1,61,97,36703,33187
GCCTCCGACAATTCAC-1,1,60,98,36197,33478
TCTGCATACCTTGCTT-1,1,61,99,36703,33768
ACCCATTTGTCCCTCT-1,1,60,100,36197,34059
CTGCAGAGAATCAGAG-1,1,61,101,36704,34350
GGAAACTAAATGGGCC-1,1,60,102,36198,34641
CAACCTACCGAGCAGT-1,1,61,103,36704,34931
CCGTAGGGTTGTTTAC-1,1,60,104,36198,35223
GGTTTGTGACCTGAGG-1,1,61,105,36704,35513
TAACCTAGGGAGTCCA-1,1,60,106,36199,35804
TTCCATCGACAGCGTG-1,1,61,107,36705,36094
ATCTCCCACGGAATAT-1,1,60,108,36199,36386
GTTTCAAACGAGTTGT-1,1,61,109,36705,36676
GGAACTTTGGCGATTA-1,1,60,110,36200,36967
CTGCAAGCACGTTCCG-1,1,61,111,36706,37258
CACAGTCCCGCTTCGC-1,1,60,112,36200,37549
TACGCTCGGTATTGGA-1,1,61,113,36706,37839
CTGGTAAAGTGTGGGC-1,1,60,114,36201,38130
CAACCAGTGGCCTACC-1,1,61,115,36707,38421
TCTTCGCGGTGAGAGG-1,1,60,116,36201,38712
TTCGGGTTGCCACGGG-1,1,61,117,36707,39002
ACCGATAGGCATAACC-1,1,60,118,36201,39293
CTTATAGATGGCTGTT-1,0,61,119,36708,39584
AGACGCCCACTTCGCC-1,0,60,120,36202,39875
AGGTCGCCTCCCAACA-1,0,61,121,36708,40165
CCTCACGTCAGCTAAT-1,0,60,122,36202,40456
CCACCTGTATGGAATA-1,0,61,123,36709,40747
GGACTCGAAGCTTTCA-1,0,60,124,36203,41038
AAGCCGGAGAGCAGGA-1,0,61,125,36709,41328
GCCTATCAGGTAAGAT-1,0,60,126,36203,41619
TCAGAGTGTGAGCATG-1,0,61,127,36709,41910
AAACATGGTGAGAGGA-1,0,62,0,37187,4982
ATCATTGTACCGCATT-1,0,63,1,37693,5272
TCAGCTTGAGCTTTCG-1,0,62,2,37187,5563
CCGCGCAAGATACCCA-1,0,63,3,37694,5853
CTATACTTAAAGCGAG-1,0,62,4,37188,6145
ACCGTCCACTGGGCCC-1,0,63,5,37694,6435
AAGACCAAATAACTCA-1,0,62,6,37188,6726
TGTTTCTGAAGCGTGC-1,0,63,7,37694,7017
TTCTCTTACAGGTGAT-1,0,62,8,37189,7308
AATTCATTGTCATGCA-1,0,63,9,37695,7598
GCCCGAGAGTCTAAAT-1,0,62,10,37189,7889
ATATAGAGTATTGGTC-1,0,63,11,37695,8180
TTGAAGGATGGGCGCC-1,0,62,12,37190,8471
TAGTACCACAACTTTC-1,0,63,13,37696,8761
ATCCCATCCACAGCGC-1,0,62,14,37190,9052
CTTAGGTATAGACCAG-1,0,63,15,37696,9343
TGACTCCGAATCATAC-1,0,62,16,37191,9634
ACTACATCCCGACAAG-1,0,63,17,37697,9924
TTGCCGCAGACCTACA-1,0,62,18,37191,10215
TAAGAGGGACAGGGAC-1,0,63,19,37697,10506
CGAATGAAGTCATTGC-1,0,62,20,37191,10797
AAGGGAACGACTGGCT-1,0,63,21,37698,11087
CGAATCTGCTCGACGC-1,0,62,22,37192,11379
ATCGTGGAAAGTCTGG-1,0,63,23,37698,11669
CCTATGGCTCCTAGTG-1,0,62,24,37192,11960
CGTCGCTTGGTTATAC-1,0,63,25,37698,12250
TGCTTAGAGAGAATGC-1,0,62,26,37193,12542
GATTGCTCCAGTTGCA-1,0,63,27,37699,12832
CGTGCTTCTACCTAAA-1,0,62,28,37193,13123
ACTCCAATATCATCAT-1,0,63,29,37699,13414
GCCGACCCACGACTGC-1,0,62,30,37194,13705
GAGGGTAGTAACAAAG-1,0,63,31,37700,13995
GGCCGAGACTCTGGTG-1,0,62,32,37194,14286
TATATAGGGCTTTACG-1,0,63,33,37700,14577
TGCCGGATGTACGAGC-1,0,62,34,37195,14868
AGGTAGATCGAGATAT-1,0,63,35,37701,15158
GATCAACATAAAGGGA-1,0,62,36,37195,15449
TAACAGCGTTTGTGCT-1,0,63,37,37701,15740
CTATAGGCGTTGATGT-1,0,62,38,37195,16031
GGTTTAATTACCATCG-1,0,63,39,37702,16321
CTCTTCTGGAAGTTAG-1,0,62,40,37196,16612
ATCTGACATGGAAGGA-1,0,63,41,37702,16903
TACGTACTAGTGCTGA-1,0,62,42,37196,17194
ATGACTATCAGCTGTG-1,0,63,43,37703,17484
CTTTGGGATTGTTGCA-1,0,62,44,37197,17775
AGACTGTTACCGGGTC-1,0,63,45,37703,18066
TCCTAACCGTCGGGCA-1,0,62,46,37197,18357
ACGCAAACTAATAGAT-1,0,63,47,37703,18647
AAGTGAGTCGGGTTTA-1,0,62,48,37198,18939
TAAAGCGGTATTTCCA-1,0,63,49,37704,19229
CTCCTCCAGCTCACAC-1,0,62,50,37198,19520
CGGTCCGTCGCAAGCC-1,0,63,51,37704,19810
CCTATATTTGTCCTGG-1,0,62,52,37199,20102
TCCAATAAAGGCTACC-1,0,63,53,37705,20392
AAAGGCTACGGACCAT-1,0,62,54,37199,20683
CGTGACCAGTCCTCTG-1,0,63,55,37705,20974
GATCTGCTATCTAAGG-1,0,62,56,37199,21265
CGAATGACGCATAATG-1,0,63,57,37706,21555
GCTCAATGTAATACCG-1,0,62,58,37200,21846
CTATGCCCGAATGCAA-1,0,63,59,37706,22137
CACAGGGCCGTTGTCA-1,0,62,60,37200,22428
TCAATACGCCGTCATG-1,0,63,61,37707,22718
AGCGGACACTTCGTAG-1,0,62,62,37201,23009
ATACGTTATGCACGGA-1,0,63,63,37707,23300
GAGTAGATACTAGTTG-1,0,62,64,37201,23591
CCAGCTCGAACGCATT-1,0,63,65,37707,23881
TGCTTCCCAAGCAGTA-1,0,62,66,37202,24172
GTAGACACGCCTGACT-1,0,63,67,37708,24463
CTCACATTTACTAAAT-1,0,62,68,37202,24754
GAATGCGAATCGGTTC-1,0,63,69,37708,25044
TAAGGCCCGTCACCCT-1,0,62,70,37203,25336
GAGTATGCGCGTGCAT-1,0,63,71,37709,25626
ATCCACATCGACAGAA-1,0,62,72,37203,25917
TAGACGAAACGCCAAT-1,0,63,73,37709,26207
CAGCAGTCTGTGCTGC-1,0,62,74,37204,26499
CTCACTGTGATACTTA-1,0,63,75,37710,26789
TTAATTGCTTTGGGTG-1,0,62,76,37204,27080
GTAGTCTACGATATTG-1,0,63,77,37710,27371
TTGCCGCTTTCTAGTA-1,0,62,78,37204,27662
GAACCTTTAACGATCC-1,0,63,79,37711,27952
TGGACCAATCTAAGAT-1,0,62,80,37205,28243
CTAGTAGAAAGGGATT-1,0,63,81,37711,28534
AACCTCGCTTTAGCCC-1,1,62,82,37205,28825
GAGTGTCAACCAGAAA-1,1,63,83,37711,29115
GTGATCCTTGTCATGA-1,1,62,84,37206,29406
CTCAACTAACCCGGAT-1,1,63,85,37712,29697
AGTGGCGTCTGAAGGT-1,1,62,86,37206,29988
GGGAAGGGCTTTCTCA-1,1,63,87,37712,30278
AGGCCTGAGAATCTCG-1,1,62,88,37207,30569
AGCCACAGGTTACCCG-1,1,63,89,37713,30860
TGCAATCTAACACGGT-1,1,62,90,37207,31151
GTTTGGGTTTCGCCCG-1,1,63,91,37713,31441
CCTATGTCCACTCCAC-1,1,62,92,37208,31732
CTGCCTTTCTAGTAAA-1,1,63,93,37714,32023
TTAGTAAACCTGCTCT-1,1,62,94,37208,32314
TTGTGGTGGTACTAAG-1,1,63,95,37714,32604
CCTCCTGTTGTGTCGT-1,1,62,96,37208,32896
ACAAAGCATGACCTAG-1,1,63,97,37715,33186
ATAGCAACTAGGGAAG-1,1,62,98,37209,33477
CCGCTCTTCCGAACTA-1,1,63,99,37715,33767
TAGAATAGCCGATGAA-1,1,62,100,37209,34059
GGTCTCCGTCCAGGTT-1,1,63,101,37715,34349
TAATTACGTCAGTAGA-1,1,62,102,37210,34640
TACGTAAAGCGGAGTG-1,1,63,103,37716,34931
GCTACAATCGAGGATA-1,1,62,104,37210,35222
TCAGCCAATCCGTAAA-1,1,63,105,37716,35512
ATCATAGCCCTATGTA-1,1,62,106,37211,35803
GAGGCCTGTTGATACA-1,1,63,107,37717,36094
ATATACGCTCGTGACG-1,1,62,108,37211,36385
CCCTTTAATGGAGTTC-1,1,63,109,37717,36675
TTACACGATCTGCGAC-1,1,62,110,37212,36966
TCGCATAAAGGGCGCA-1,1,63,111,37718,37257
TGTAGCCATCCCATTC-1,1,62,112,37212,37548
GGGTCTATCGCTTTCC-1,1,63,113,37718,37838
GGAGGGTCAAGTAAGA-1,1,62,114,37212,38129
TACGGCATGGACGCTA-1,0,63,115,37719,38420
CACGTCAATCAATGGA-1,1,62,116,37213,38711
CGCTTGGACGGATAGA-1,1,63,117,37719,39001
CGCGGTACGGTATACA-1,1,62,118,37213,39293
CCTACTCAACACGATT-1,0,63,119,37719,39583
CGTTTGGTGTTGTGGG-1,0,62,120,37214,39874
GTTGTTGCAAGATGGC-1,0,63,121,37720,40164
CATTCGTCGTAGCGGT-1,0,62,122,37214,40456
CAGCCTCGATAGCGGT-1,0,63,123,37720,40746
TCATAAGTCCAAGAAG-1,0,62,124,37215,41037
AAAGTGCCATCAATTA-1,0,63,125,37721,41328
GTTGCAGTCGACAACA-1,0,62,126,37215,41619
TAAATGGGCTACTGAG-1,0,63,127,37721,41909
GGACAAGCCATGATCG-1,0,64,0,38199,4981
TCCAATGCGTCGCCGC-1,0,65,1,38705,5271
AAAGAATGACCTTAGA-1,0,64,2,38199,5562
CCTATTATTCCGGCCG-1,0,65,3,38705,5853
CAGTAAGGGACGTCTC-1,0,64,4,38200,6144
GGGATGGACCCGCGTC-1,0,65,5,38706,6434
GACGCATACCCGTCGG-1,0,64,6,38200,6725
GGGCAGGATTTCTGTG-1,0,65,7,38706,7016
TATCTGAGCCGATATT-1,0,64,8,38201,7307
AATGTATGGCACTGTA-1,0,65,9,38707,7597
GCCTTTGTCAGTGGAC-1,0,64,10,38201,7888
AACCATAGGGTTGAAC-1,0,65,11,38707,8179
AAACTTAATTGCACGC-1,0,64,12,38202,8470
TAGGCGGCTGCAAAGA-1,0,65,13,38708,8760
TCCATCAATACTAATC-1,0,64,14,38202,9052
ACCTCGAACTTATGCT-1,0,65,15,38708,9342
ACAAACCATGCGTCCT-1,0,64,16,38202,9633
ACACCGGTCTGACCGC-1,0,65,17,38709,9923
ATGGCAGCATTACGAT-1,0,64,18,38203,10215
CTGGTGAATGGGCCTA-1,0,65,19,38709,10505
CACAGAGACGAGGACG-1,0,64,20,38203,10796
GCACAAACCCTAGATG-1,0,65,21,38709,11087
ACTATGTCCAGCTGCC-1,0,64,22,38204,11378
AAGCCGCCGTGAAATC-1,0,65,23,38710,11668
ATGGGTGTATACCTCC-1,0,64,24,38204,11959
TAAGCGCGAATCAAAT-1,0,65,25,38710,12250
AGCCCGGCATTAGAGG-1,0,64,26,38205,12541
GTGATCAAGCGTGCAC-1,0,65,27,38711,12831
CTGCCTTTAATACCTT-1,0,64,28,38205,13122
TACCTCCACACCAATG-1,0,65,29,38711,13413
GAGCATCAACAACTTG-1,0,64,30,38206,13704
CATACGAACTAGCTGG-1,0,65,31,38712,13994
GGGAACGGTTTCAGAT-1,0,64,32,38206,14285
AGGGTGCCGTTCTTTA-1,0,65,33,38712,14576
ACGACTGGTCATACTC-1,0,64,34,38206,14867
GGATCTTACTGCCCTT-1,0,65,35,38713,15157
TACTCCTCTAGTTGAC-1,0,64,36,38207,15449
GTAGCTCCGGGAGGCT-1,0,65,37,38713,15739
GGACTCGTGAGTGGTC-1,0,64,38,38207,16030
GTAGTTCGAAGGCGAA-1,0,65,39,38714,16320
CTCAAACCACTGCCCG-1,0,64,40,38208,16612
GAGGGAGTCAGATCGC-1,0,65,41,38714,16902
GCGTCCCTAAGACATA-1,0,64,42,38208,17193
TCTCTTACCGCGAACC-1,0,65,43,38714,17484
GGCTACTATACACTCC-1,0,64,44,38209,17775
CGTTGCCCGCGTGGGA-1,0,65,45,38715,18065
TATAGAGTCGCTTGAA-1,0,64,46,38209,18356
ATGTTGTAGTCTGTTT-1,0,65,47,38715,18647
AGTATACACAGCGACA-1,0,64,48,38210,18938
TGTGGTTGCTAAAGCT-1,0,65,49,38716,19228
TGATTCCCGGTTACCT-1,0,64,50,38210,19519
CACTGACGATTGTGGA-1,0,65,51,38716,19810
AACATTGTGACTCGAG-1,0,64,52,38210,20101
GTCCAATATTTAGCCT-1,0,65,53,38717,20391
GCTCTTTCCGCTAGTG-1,0,64,54,38211,20682
GGGTCAGGAGCTAGAT-1,0,65,55,38717,20973
AGGTGGTGACCTTCGC-1,0,64,56,38211,21264
CCCGGGTCGTTCAGGG-1,0,65,57,38718,21554
AGCCAAGCTTTGTGTC-1,0,64,58,38212,21845
TGTGGCGGGCTTCTGG-1,0,65,59,38718,22136
CGAGGGTATCCAGGTG-1,0,64,60,38212,22427
CGTTCAGACCCGCGAA-1,0,65,61,38718,22717
TCATATGAGCTTTGTT-1,0,64,62,38213,23009
AGTTGACGGTCCTTGC-1,0,65,63,38719,23299
ATAATTAGCTAAGTAG-1,0,64,64,38213,23590
GGTCTTGAGCGCTCTT-1,0,65,65,38719,23880
CGTTGTCGGCAATTGA-1,0,64,66,38214,24172
TCTTGCTCCCGATACT-1,0,65,67,38720,24462
AGCAGAAGGAGAAAGA-1,0,64,68,38214,24753
GAAGCCACTGATTATG-1,0,65,69,38720,25044
TGCTCTTGAGAGTTTG-1,0,64,70,38214,25335
GACATCCGTCGAACTG-1,0,65,71,38721,25625
AGATATAATACGACTA-1,0,64,72,38215,25916
TCGCTACTGGCTTTGA-1,0,65,73,38721,26207
GTGACAGCTTCCCACT-1,0,64,74,38215,26498
GTGACGCAGGTTTCAT-1,0,65,75,38722,26788
GGGAAGACGGTCTGTC-1,0,64,76,38216,27079
CGTCGCATGTGAGCCA-1,0,65,77,38722,27370
AGAAGGTTGTAGGTCG-1,0,64,78,38216,27661
GGCCGGCGTCTGCTAT-1,0,65,79,38722,27951
TTGACCAGGAACAACT-1,0,64,80,38217,28242
AGTCGTATAAAGCAGA-1,0,65,81,38723,28533
GGCGTAGGGAAAGCTG-1,1,64,82,38217,28824
AAACCTAAGCAGCCGG-1,1,65,83,38723,29114
ATTGCCTTTATGTTTG-1,1,64,84,38218,29406
CAGGCAGTCTTACCAG-1,1,65,85,38724,29696
AGCTAAGTACGCAGGC-1,1,64,86,38218,29987
AAATCCGATACACGCC-1,1,65,87,38724,30277
CGAGAGCTTTCACTAC-1,1,64,88,38219,30569
CGCCCAGCGTTTCACG-1,1,65,89,38725,30859
TTAAGTATTGTTATCC-1,1,64,90,38219,31150
AAACGGGCGTACGGGT-1,1,65,91,38725,31441
GTATCCTTTGGTAACC-1,1,64,92,38219,31732
CATAGTCAAATACATA-1,1,65,93,38726,32022
TCTATGCTATAACGAC-1,1,64,94,38220,32313
ACGTTCTGTACAAGTC-1,1,65,95,38726,32604
CGCGAAGTGGCATACT-1,1,64,96,38220,32895
ACCAACCGCACTCCAC-1,1,65,97,38726,33185
GTCATGCGCGAGGGCT-1,1,64,98,38221,33476
TAGGCTAAAGTGGCAC-1,1,65,99,38727,33767
TGGCTACACTCTACCT-1,1,64,100,38221,34058
TGTCCACGGCTCAACT-1,1,65,101,38727,34348
AATTGCAGCAATCGAC-1,1,64,102,38222,34639
GTCAACCAGGCCTATA-1,1,65,103,38728,34930
ATCTTATCGCACACCC-1,1,64,104,38222,35221
GTCTATTGCATGCTCG-1,1,65,105,38728,35511
GCACGTGGTTTACTTA-1,1,64,106,38223,35802
ATTCGCGCCTTGAGAG-1,1,65,107,38729,36093
AGCGATGCGCCTAATA-1,1,64,108,38223,36384
TCTATAGGTGGGTAAT-1,1,65,109,38729,36674
AGATACCAATAGAACC-1,1,64,110,38223,36966
CGTGTATGGGAGCTGA-1,1,65,111,38730,37256
ATGTACATGCGGTGAG-1,1,64,112,38224,37547
TTGGCTCAATATGTGT-1,0,65,113,38730,37838
GTTCGGAGCACTCAAC-1,1,64,114,38224,38129
TCCCTCTTCTCAAGGG-1,0,65,115,38730,38419
TTACGTATCTATGACA-1,0,64,116,38225,38710
CCCATATAGGTCGATT-1,0,65,117,38731,39001
GTCCACGTCGCATTCG-1,0,64,118,38225,39292
AATTGTGGTTGCCAAA-1,0,65,119,38731,39582
AGGAACGAACGACTTC-1,0,64,120,38226,39873
TAATTCCAATGCTTCA-1,0,65,121,38732,40164
AGGGCCCTAATGTTCT-1,0,64,122,38226,40455
AGGTGTTGCCGACCAC-1,0,65,123,38732,40745
CTGAGAGTAGAAATAC-1,0,64,124,38227,41036
TAGAAGAAGGGTTACA-1,0,65,125,38733,41327
GGTGACTGATAGAGAG-1,0,64,126,38227,41618
TACCCTCGGTAACCCT-1,0,65,127,38733,41908
TGTAAGACTGATAAGA-1,0,66,0,39211,4980
GTCACTCATGAGCGAT-1,0,67,1,39717,5270
CGGTTTACTGAACATT-1,0,66,2,39211,5562
GAGATCGATCTTACTC-1,0,67,3,39717,5852
TCTTTCATCCGTCCTT-1,0,66,4,39212,6143
TCGGATCTGGATGACC-1,0,67,5,39718,6433
GTCCTAGGATACCTTA-1,0,66,6,39212,6725
TGTACCCGACCCTAAT-1,0,67,7,39718,7015
AGGTTCTCCTTTCCGG-1,0,66,8,39213,7306
AATTGCGTGGATTACA-1,0,67,9,39719,7597
CGATAGCGATACAGTG-1,0,66,10,39213,7888
CGCCCTAATTGTTCAA-1,0,67,11,39719,8178
ATTATGAGACCCAATT-1,0,66,12,39213,8469
CCTCCTAGCTAGAGTC-1,0,67,13,39720,8760
CGAAGGGTTTCAGATT-1,0,66,14,39214,9051
CACAAGCTAAGAAAGG-1,0,67,15,39720,9341
CACCGGTAGAGACATT-1,0,66,16,39214,9632
ACTCATGGCAGCCTTC-1,0,67,17,39720,9923
CATCCAATATAGTTTG-1,0,66,18,39215,10214
CAGATATGAAGATGAC-1,0,67,19,39721,10504
GCAAAGGGCGTTAGCC-1,0,66,20,39215,10795
CTGTTGTTCAGTCGTA-1,0,67,21,39721,11086
AAAGGCCCTATAATAC-1,0,66,22,39216,11377
AACATTGAAGTTGATC-1,0,67,23,39722,11667
GCTAGCGATAGGTCTT-1,0,66,24,39216,11958
ATTGCCTATTAGACCG-1,0,67,25,39722,12249
GGGCGTTTACATTCAT-1,0,66,26,39217,12540
CCTCTACAAGGATTGG-1,0,67,27,39723,12830
AGTGACTGTGACACAA-1,0,66,28,39217,13122
AGCCCTCCCTGGTGGC-1,0,67,29,39723,13412
CGGTTGAGTATCCTTC-1,0,66,30,39217,13703
CATTATCCCATTAACG-1,0,67,31,39724,13993
AATGTGCTAATCTGAG-1,0,66,32,39218,14285
CTTAGTTGAGGAATCG-1,0,67,33,39724,14575
CTTCTGGGCGTACCTA-1,0,66,34,39218,14866
AGTCAAATGATGTGAT-1,0,67,35,39724,15157
TGAACAAGCAGGGACT-1,0,66,36,39219,15448
AATACCGGAGGGCTGT-1,0,67,37,39725,15738
GTTTGGTGATCGGTGC-1,0,66,38,39219,16029
GACTGCTGGTGAGAAA-1,0,67,39,39725,16320
CGATCCTCGCAACATA-1,0,66,40,39220,16611
CCAACCTTATGTAACT-1,0,67,41,39726,16901
CGTGGTACCCAAAGGC-1,0,66,42,39220,17192
AACCCGACAACCCGTG-1,0,67,43,39726,17483
TATGTAAAGTGCTTAA-1,0,66,44,39221,17774
GCAAGTGTAAAGCATG-1,0,67,45,39727,18064
GTAACTGCCCAAGGAG-1,0,66,46,39221,18355
GGTGCATAAATGATTA-1,0,67,47,39727,18646
TAGTCCCGGAGACCAC-1,0,66,48,39221,18937
CGGCCAGAGCGACCAT-1,0,67,49,39728,19227
TGAATGAGTGTTTCCC-1,0,66,50,39222,19519
TTCACTTCCTAGAACG-1,0,67,51,39728,19809
CGCTTAGTATTGATAC-1,0,66,52,39222,20100
AACGCGACCTTGGGCG-1,0,67,53,39729,20390
GTGCACCAGCTTCAAC-1,0,66,54,39223,20682
TTCTATTAAACGCAGC-1,0,67,55,39729,20972
TGGCAAGCACAAGTCG-1,0,66,56,39223,21263
ATCTGCTGTTATCGCC-1,0,67,57,39729,21554
AATTCCAAGCATGTAC-1,0,66,58,39224,21845
AAACGGTTGCGAACTG-1,0,67,59,39730,22135
GAAGGAGTCGAGTGCG-1,0,66,60,39224,22426
GGCAAGCCCATAGTGG-1,0,67,61,39730,22717
TGACCAAATCTTAAAC-1,0,66,62,39225,23008
TTCGGTACTGTAGAGG-1,0,67,63,39731,23298
ATGTACGATGACGTCG-1,0,66,64,39225,23589
ATCTAGCTTGTGAGGG-1,0,67,65,39731,23880
AGCGGGTCTGACACTC-1,0,66,66,39225,24171
GAGGTACGCGTGTCCC-1,0,67,67,39732,24461
GCACTGCCTACCTTTA-1,0,66,68,39226,24752
GGAGCGAGGCCTACTT-1,0,67,69,39732,25043
AAACTCGGTTCGCAAT-1,0,66,70,39226,25334
GGCGCTTCATTCCCTG-1,0,67,71,39733,25624
TGCTCGGTGGGTCACC-1,0,66,72,39227,25915
AAGCGCAGGGCTTTGA-1,0,67,73,39733,26206
GACCTTCCACGTCTAC-1,0,66,74,39227,26497
GTTAGCCCATGACATC-1,0,67,75,39733,26787
AATTCGATTCGAGGAT-1,0,66,76,39228,27079
AGTCTTTAAAGTGTCC-1,0,67,77,39734,27369
GACTAGGCCGTTAGGT-1,0,66,78,39228,27660
TCCAAGCCTAGACACA-1,0,67,79,39734,27951
GATTGGGAAAGGTTGT-1,0,66,80,39229,28242
GATGAGGAACCTTCGG-1,0,67,81,39735,28532
TGAATACCGACGCGTA-1,0,66,82,39229,28823
AATCGTGAGCCGAGCA-1,0,67,83,39735,29114
GCGAAGAATCTGACGG-1,1,66,84,39230,29405
GAACAACTGGGATGAA-1,1,67,85,39736,29695
TCGCCGACATATTCGC-1,1,66,86,39230,29986
CGTAGAGAGTAATTAT-1,1,67,87,39736,30277
CGATAGTCGTACTGCA-1,1,66,88,39230,30568
CGCATGCCGAATGCGT-1,1,67,89,39737,30858
CTCTAGCCCTCGGAAA-1,1,66,90,39231,31149
TCCAACTCAGCTATCT-1,1,67,91,39737,31440
GTCTAGTGAGCCGCTT-1,1,66,92,39231,31731
TACCGAATAATTGTAA-1,1,67,93,39737,32021
ATATAACACGGGCGCA-1,1,66,94,39232,32312
GCATGCTAATAACGAT-1,1,67,95,39738,32603
TCCGGGCTTGACGGGA-1,1,66,96,39232,32894
ATTATTCAGAGTCACT-1,1,67,97,39738,33184
TAGCAGTATGACTAAA-1,1,66,98,39233,33476
TATGAAGAATTAAGGT-1,1,67,99,39739,33766
CAAGGCCAGTGGTGCA-1,1,66,100,39233,34057
TGCGTACGGCTAATTG-1,1,67,101,39739,34347
CAGATAATGGGCGGGT-1,1,66,102,39234,34639
GAGAACGGTTCTGACT-1,1,67,103,39740,34929
CGCTTCGGTCTAAGAC-1,1,66,104,39234,35220
AGCATTACGAGGCAAG-1,1,67,105,39740,35511
AAGTTGTGATGTTATA-1,1,66,106,39234,35802
TTGCTCATAGTACGTG-1,0,67,107,39741,36092
TACTTAAACATGTACA-1,1,66,108,39235,36383
AGTGAGTCGAATTAAC-1,1,67,109,39741,36674
TAGGCCTATATAGTCT-1,0,66,110,39235,36965
ACTCGCCGTTCGATAA-1,0,67,111,39741,37255
GGTACGTTGCGGCCGG-1,0,66,112,39236,37546
TATTGCCGGGCTTGTA-1,0,67,113,39742,37837
GGTAAACTCTGCGCTG-1,0,66,114,39236,38128
TCCCTTGTCTGAAACT-1,0,67,115,39742,38418
CATGATCGCTTTGAGA-1,0,66,116,39237,38709
GGACGGGCGACCAACC-1,0,67,117,39743,39000
GAGAGGCCTATGTGTA-1,0,66,118,39237,39291
TCGTAACTCCCAAGAC-1,0,67,119,39743,39581
CGTATCTAGAACTAAG-1,0,66,120,39238,39873
GCACCTTCCCGAAGGT-1,0,67,121,39744,40163
TACCTCTTTACCATCC-1,0,66,122,39238,40454
TGACTCTAACTGGTAA-1,0,67,123,39744,40744
GAGAAACTGGATCCCA-1,0,66,124,39238,41036
ATCCGGACCAGCCTGA-1,0,67,125,39745,41326
TTATTTAGGTTCCTTA-1,0,66,126,39239,41617
CGAATTCCCGGTTCAA-1,0,67,127,39745,41908
TAGTTTGATCGGTCGC-1,0,68,0,40223,4979
AGTCGAAACGATTCAG-1,0,69,1,40729,5270
ACGTCGGGCAACTCGG-1,0,68,2,40223,5561
ACTTGCTCTATCTACC-1,0,69,3,40729,5851
ATTACGGGCTACGGTT-1,0,68,4,40224,6142
GCAAACGTAAGCGACC-1,0,69,5,40730,6433
TTCGGACTGGGCATGG-1,0,68,6,40224,6724
GGGCCATTCGTGCTGG-1,0,69,7,40730,7014
GAGTTGTCACCAGTCT-1,0,68,8,40224,7305
AGTAATTTGCAAGCGT-1,0,69,9,40731,7596
GTGGCCGGTTTCTCGG-1,0,68,10,40225,7887
ATCTTAGGGCATTAAT-1,0,69,11,40731,8177
CTACATATCGCGGGAC-1,0,68,12,40225,8468
ATGGTATTTACTGATT-1,0,69,13,40731,8759
CCGTCAACCTCTGGCG-1,0,68,14,40226,9050
GCTTCGACGTTCAATC-1,0,69,15,40732,9340
GACCGATTAAATATGT-1,0,68,16,40226,9632
GTCGAATTTGGGCGCT-1,0,69,17,40732,9922
TCACGGCCCAAGAGAG-1,0,68,18,40227,10213
CTACGATCCTATCCTA-1,0,69,19,40733,10503
TGCAGTGGTAGGGAAC-1,0,68,20,40227,10795
TTGCCTAATCCAAAGT-1,0,69,21,40733,11085
AGCGAGACGTGAAGGC-1,0,68,22,40228,11376
TTCTACCTCAATCGGT-1,0,69,23,40734,11667
TACGCTGCTGTGTTAA-1,0,68,24,40228,11958
TAGTCCTGCACTAAGC-1,0,69,25,40734,12248
AGCACACGTTTAGACT-1,0,68,26,40228,12539
GTTCGACAATTGTATA-1,0,69,27,40735,12830
CCATGTTCATCTATAT-1,0,68,28,40229,13121
CCCTCGATAATACACA-1,0,69,29,40735,13411
ACTGCCCGCCATTCTC-1,0,68,30,40229,13702
CTATATCCAGCCTGGC-1,0,69,31,40735,13993
CGCACGTCTGTTTATG-1,0,68,32,40230,14284
AATCAGGTTTCATTTA-1,0,69,33,40736,14574
AGAGAAACACCAGAAA-1,0,68,34,40230,14865
ACCCGATTGGTTCCGA-1,0,69,35,40736,15156
TACCAGGAATCCCGTC-1,0,68,36,40231,15447
AAGTGCTTCTCTATTG-1,0,69,37,40737,15737
TGCATGTGACCCATAG-1,0,68,38,40231,16029
TAGATTCAAAGTGCGG-1,0,69,39,40737,16319
AGGGTCAGAGCACTCG-1,0,68,40,40232,16610
GTGAGATAACCTTATA-1,0,69,41,40738,16900
GTGTCAGTGTACGTGG-1,0,68,42,40232,17192
CTGTAGTGAGGATCGA-1,0,69,43,40738,17482
GATAGTGCGAGTAAGT-1,0,68,44,40232,17773
AGGGTTCAGACGGTCC-1,0,69,45,40739,18064
GGACTCGACAGCGCAT-1,0,68,46,40233,18355
CACTCTCAAGCATCGA-1,0,69,47,40739,18645
GAGCGGAATGCGGTGT-1,0,68,48,40233,18936
CAGTTCGAGGACCCGA-1,0,69,49,40740,19227
CGTAACTTCGACACTT-1,0,68,50,40234,19518
TGATCACCACACTGAC-1,0,69,51,40740,19808
CATACTTCTTTCTCCG-1,0,68,52,40234,20099
CAAGTAAGTGATAGAC-1,0,69,53,40740,20390
AGCCCGCAACAAGCAG-1,0,68,54,40235,20681
GCTCCATGCAAAGCAA-1,0,69,55,40741,20971
TCGTACCGACGTCAAG-1,0,68,56,40235,21262
ATTATCGGAATGTACG-1,0,69,57,40741,21553
ACCTACTATAAATCTA-1,0,68,58,40236,21844
TATCCTATCAACTGGT-1,0,69,59,40742,22134
GCGCGGTCTAGTAACT-1,0,68,60,40236,22425
CCTTCGTATAGAATCC-1,0,69,61,40742,22716
TGGGCGATACAATAAG-1,0,68,62,40236,23007
TGACATGTAACGTGAC-1,0,69,63,40743,23297
TTGGGAAGACGAGCCG-1,0,68,64,40237,23589
GGTGTAAATCGATTGT-1,0,69,65,40743,23879
GAACTGTGGAGAGACA-1,0,68,66,40237,24170
TCCACATCGTATATTG-1,0,69,67,40744,24460
CCTATGGTCAAAGCTG-1,0,68,68,40238,24752
TCCTTGTCCTTTAATT-1,0,69,69,40744,25042
AAGTTTATGGGCCCAA-1,0,68,70,40238,25333
GTCCGGGTTCACATTA-1,0,69,71,40744,25624
ATGTAGCGCGCGTAGG-1,0,68,72,40239,25915
TACGGAAGCCAAACCA-1,0,69,73,40745,26205
GCCCTGAGGATGGGCT-1,0,68,74,40239,26496
CGGGCGATGGATCACG-1,0,69,75,40745,26787
TGCGGACTTGACTCCG-1,0,68,76,40240,27078
TAATACTAGAACAGAC-1,0,69,77,40746,27368
TCAAATTGTTGTGCCG-1,0,68,78,40240,27659
GGGCAGTCAACGCCAA-1,0,69,79,40746,27950
TCGCTGCCAATGCTGT-1,0,68,80,40240,28241
TACGTGGGCCCAGGGC-1,0,69,81,40747,28531
GCCTACGTTCTGTGCA-1,0,68,82,40241,28822
TTGCGTGTGTAGGCAT-1,0,69,83,40747,29113
TCCTAAAGATTCAGAC-1,1,68,84,40241,29404
TGGGTGCACAAGCCAT-1,1,69,85,40748,29694
GGGAGCGACCGTAGTG-1,1,68,86,40242,29986
CATAGAGGAGATACTA-1,1,69,87,40748,30276
CTTCGATTGCGCAAGC-1,1,68,88,40242,30567
GTGCCTGAGACCAAAC-1,1,69,89,40748,30857
TCATCCTCAGCTGCTT-1,1,68,90,40243,31149
TGCAACTACTGGTTGA-1,1,69,91,40749,31439
ATGTTGATTAGAGACT-1,1,68,92,40243,31730
GTTTCTAGAGGCGCGG-1,1,69,93,40749,32021
TACAAGGGCTTCTTTA-1,1,68,94,40244,32312
ACAGGCACGGATCCTT-1,1,69,95,40750,32602
CCCAAGTCATTACACT-1,1,68,96,40244,32893
ACTCTGACCTAATAGA-1,1,69,97,40750,33184
GGATGGCTTGAAGTAT-1,1,68,98,40245,33475
ACCCTCCCGTCAGGGC-1,1,69,99,40751,33765
AGCTTCTTCTCGAGCA-1,1,68,100,40245,34056
TTGCGCTTGATCAATA-1,1,69,101,40751,34347
TGGGTGTAATAGATTT-1,1,68,102,40245,34638
CATGGTTTATTAATCA-1,1,69,103,40752,34928
TTGCCTTCTCGCCGGG-1,1,68,104,40246,35219
TTAAAGTAAGTCGCCA-1,0,69,105,40752,35510
AGTTGGCAAGGCTAGA-1,0,68,106,40246,35801
CCGCACTTGCAATGAC-1,0,69,107,40752,36091
AATGTTGTCGTGAGAC-1,0,68,108,40247,36382
CCAAGGTTGCCCTTTC-1,0,69,109,40753,36673
TGTGACTAGAGTTTGC-1,0,68,110,40247,36964
TTGTGATCTGTTCAGT-1,0,69,111,40753,37254
GGAGTTGATTCTGTGT-1,0,68,112,40248,37546
GTAGTGAGCAACCTCA-1,0,69,113,40754,37836
AAGACATACGTGGTTT-1,0,68,114,40248,38127
CATCCCGAGATTCATA-1,0,69,115,40754,38417
GGCCGCAGGAACCGCA-1,0,68,116,40249,38709
CCAGAAACTGATGCGA-1,0,69,117,40755,38999
ACCCGTAGTCTAGTTG-1,0,68,118,40249,39290
AGGGTCTGGACGCAGT-1,0,69,119,40755,39581
TTGAAACCCTCATTCC-1,0,68,120,40249,39872
TCAATCCCGCGCCAAA-1,0,69,121,40756,40162
AGGACATCGGCACACT-1,0,68,122,40250,40453
GACAAGACGCCCGTGC-1,0,69,123,40756,40744
GAGTAAATTAAGAACC-1,0,68,124,40250,41035
TAAGTCGGTGAGCTAG-1,0,69,125,40756,41325
CTTACTGACTCCTCTG-1,0,68,126,40251,41616
TTAACTGATCGTTTGG-1,0,69,127,40757,41907
GGGCGATCCATAGGCC-1,0,70,0,41235,4978
CGTATTGTTTGGCGCC-1,0,71,1,41741,5269
CGCGTGGGCCTGTGTT-1,0,70,2,41235,5560
AAATCTGCCCGCGTCC-1,0,71,3,41741,5850
GCTGAAGGGTTCTTGG-1,0,70,4,41235,6142
TAATTGCGCTGATTAC-1,0,71,5,41742,6432
TCGCGCGTTTACATGA-1,0,70,6,41236,6723
TAACTGAAATACGCCT-1,0,71,7,41742,7013
CCTGTCGTGTATGAAG-1,0,70,8,41236,7305
CGGGAACGCCCTGCAT-1,0,71,9,41742,7595
AGTTGCGGTCCTCAAC-1,0,70,10,41237,7886
GGGTCCTTGGAAGAAG-1,0,71,11,41743,8177
CGGGAAGTACCGTGGC-1,0,70,12,41237,8468
ACGGTCACCGAGAACA-1,0,71,13,41743,8758
TAGACTCAGTTGGCCT-1,0,70,14,41238,9049
CCTTCCGCAACGCTGC-1,0,71,15,41744,9340
CAGTGTTAATCTCTCA-1,0,70,16,41238,9631
CAGGCCAGTACCACCT-1,0,71,17,41744,9921
GATCGCTGTGGTGCGT-1,0,70,18,41239,10212
GTATCTCGGGCGCTTT-1,0,71,19,41745,10503
CCGGGCTAAGAATTTC-1,0,70,20,41239,10794
CTTCACGCCCTGGTAC-1,0,71,21,41745,11084
CGGATGAATGCTGTGA-1,0,70,22,41239,11375
CTCTGCAGGCATTCTT-1,0,71,23,41746,11666
TCAAAGTCACGGCGTC-1,0,70,24,41240,11957
TGGGTTTCGGGCGTAC-1,0,71,25,41746,12247
TGCTATGGCAAAGGGA-1,0,70,26,41240,12538
TTCACGGTCGTCACGT-1,0,71,27,41746,12829
CGTAAAGCAAGAAATC-1,0,70,28,41241,13120
CTGATCCCTTTATGCA-1,0,71,29,41747,13410
GAGTATACCCTAATCA-1,0,70,30,41241,13702
CCACGGCAGGTGTAGG-1,0,71,31,41747,13992
ACGTACTTTGGCACGG-1,0,70,32,41242,14283
CCTGAGAATAAATGCA-1,0,71,33,41748,14573
TTGATGCCGCTCGTCG-1,0,70,34,41242,14865
GCCAGGAAAGAACACT-1,0,71,35,41748,15155
TCCGACCGCTAATCAA-1,0,70,36,41243,15446
TATATCAAAGTGATCT-1,0,71,37,41749,15737
CCTCGGTTTCCTTGCC-1,0,70,38,41243,16028
TAAATTTAGTAACACC-1,0,71,39,41749,16318
CTCGTTACGGCTACCA-1,0,70,40,41243,16609
GCCGTCGGTTTCGGGC-1,0,71,41,41750,16900
GTTCCGTCCGCCTGCA-1,0,70,42,41244,17191
CTAGGGATAGGGACAA-1,0,71,43,41750,17481
GTCCAGGCACGTGTGC-1,0,70,44,41244,17772
GAGGAATATCTCTTTG-1,0,71,45,41750,18063
CGTTCAAGGAAACGGA-1,0,70,46,41245,18354
GTGGGAACAAACCGGG-1,0,71,47,41751,18644
GGGCACGTAGTACTGT-1,0,70,48,41245,18935
ACTACAAAGAGAGGTG-1,0,71,49,41751,19226
GGTGTAGGTAAGTAAA-1,0,70,50,41246,19517
CCTGTTCAACCTCGGG-1,0,71,51,41752,19807
TGAGGTGTGTGGCGGA-1,0,70,52,41246,20099
ATTGTCTGTTTCATGT-1,0,71,53,41752,20389
GCCGGTCGTATCTCTC-1,0,70,54,41247,20680
ATATGGGATAGCAACT-1,0,71,55,41753,20970
GATAGAACCCGCTAGG-1,0,70,56,41247,21262
ATCCCATTTCCGTGGG-1,0,71,57,41753,21552
GATGCTACCTTCGATG-1,0,70,58,41247,21843
TGCAAAGTTCGTCTGT-1,0,71,59,41754,22134
GTTCAGTCGCCAAATG-1,0,70,60,41248,22425
GTCTCCGCCTCAATAC-1,0,71,61,41754,22715
AGTAGAAGGCGCCTCA-1,0,70,62,41248,23006
GTTGTAGATTTATGAG-1,0,71,63,41755,23297
CTATTTGCTTGGAGGA-1,0,70,64,41249,23588
AGCCATATAGTATGTG-1,0,71,65,41755,23878
TGTTCCGGCCTGAGCT-1,0,70,66,41249,24169
TGCCGTGGGACCCAAT-1,0,71,67,41755,24460
TTGCAAGAAGACTCCT-1,0,70,68,41250,24751
CCGCTCCAGGGCGATC-1,0,71,69,41756,25041
CAAACCCTCCGGCGGG-1,0,70,70,41250,25332
CGGACCTTTACGTCCC-1,0,71,71,41756,25623
ACGTAGGAGAGTCGCT-1,0,70,72,41251,25914
CTGCGACCTCGCCGAA-1,0,71,73,41757,26204
GGCCCAGCTGGTTTGC-1,0,70,74,41251,26495
GGATTAATCATGGACC-1,0,71,75,41757,26786
GAGATGGCTTTAATCA-1,0,70,76,41251,27077
AGTACAGAAGCTTATA-1,0,71,77,41758,27367
GCGGCTTTAGCAAGTT-1,0,70,78,41252,27659
ACCGAGTCTCCTTATT-1,0,71,79,41758,27949
GACCACACTTCCCTTT-1,0,70,80,41252,28240
TGTAGCCAATTCCGTT-1,0,71,81,41759,28530
CTCGTCTGTGCCTTCG-1,0,70,82,41253,28822
GGACTCTTTGACTAAG-1,0,71,83,41759,29112
TCATCGACGACCGTCG-1,0,70,84,41253,29403
TACTACGTGCAATGCG-1,0,71,85,41759,29694
CCCTACTTGAACAATG-1,1,70,86,41254,29985
GCAGCTGTCAACGCAT-1,1,71,87,41760,30275
ATCTACCATCTGCTCC-1,1,70,88,41254,30566
TCTCAAATCAATCGGG-1,1,71,89,41760,30857
ACTCCGGCCGACCACT-1,1,70,90,41255,31148
TACACCTCTTCGAATC-1,1,71,91,41761,31438
GTGGCTGTTTCTGTTC-1,1,70,92,41255,31729
ACGACTCTAGGGCCGA-1,1,71,93,41761,32020
TCGTTTACGCGACCCT-1,1,70,94,41256,32311
AGGATATCCGACTGCA-1,1,71,95,41762,32601
GACACTTCCAATTACC-1,1,70,96,41256,32892
ACGGTACAGTTCAATG-1,1,71,97,41762,33183
CTTGATGACCATCCAG-1,1,70,98,41256,33474
CTGGTAAAGACTTACA-1,1,71,99,41763,33764
CTTGCCCACCCACGCA-1,0,70,100,41257,34056
CATTACGCAGGAAGGG-1,0,71,101,41763,34346
GGACAACCATGAAGCC-1,0,70,102,41257,34637
GTTATCAAGCTATCGA-1,0,71,103,41763,34927
AGGTGCACGTCCACAT-1,0,70,104,41258,35219
AAAGAATGTGGACTAA-1,0,71,105,41764,35509
ACCAAGTCATCGGCAG-1,0,70,106,41258,35800
AGTAACTATAGCAGCC-1,0,71,107,41764,36091
GGGAAAGAATGCCAAC-1,0,70,108,41259,36382
AATCGGTATAGCCCTC-1,0,71,109,41765,36672
GGCACTGCGGTGGTTT-1,0,70,110,41259,36963
CGTCCTCATCGCGTGC-1,0,71,111,41765,37254
CTTAACTTACAGTATA-1,0,70,112,41260,37545
GTGAGTCGACTAATAG-1,0,71,113,41766,37835
TGTACTTCCGGGCATG-1,0,70,114,41260,38126
CACAAACCGCAGAACT-1,0,71,115,41766,38417
GCTTTACACAACTGGG-1,0,70,116,41260,38708
CACCGATGATGGGTAC-1,0,71,117,41767,38998
TCAATATACAGGAGGC-1,0,70,118,41261,39289
AACGACCTCCTAGCCG-1,0,71,119,41767,39580
GTTACCAAGGCGTACG-1,0,70,120,41261,39871
TAGCTCACTGTGTTTG-1,0,71,121,41767,40161
TCGGCAGGGTTAAGGG-1,0,70,122,41262,40452
TGTTAACAAAGTGACT-1,0,71,123,41768,40743
CAGAGCGATGGATGCT-1,0,70,124,41262,41034
CATAGTGGGCACGCCT-1,0,71,125,41768,41324
AAACGCTGGGCACGAC-1,0,70,126,41263,41616
TGTTCTCATACTATAG-1,0,71,127,41769,41906
TCCGCTGGGTCGATCG-1,0,72,0,42246,4978
TTAGCATCCCTCACGT-1,0,73,1,42753,5268
AGCCTTGTCACTGATA-1,0,72,2,42247,5559
GTTTCTTGTTAGAGCT-1,0,73,3,42753,5850
TCGGAGTCCTGGTTGC-1,0,72,4,42247,6141
ACGGGTTGTGACCTGT-1,0,73,5,42753,6431
TGACAGAAATCTTGCT-1,0,72,6,42248,6722
TAGCCATGATTGCCTA-1,0,73,7,42754,7013
CGAAGCCACAGCATGG-1,0,72,8,42248,7304
ACCCGTAGCAGAGAAT-1,0,73,9,42754,7594
AGCTTGATCAGGGTAG-1,0,72,10,42249,7885
CTATAAGTAGGGTTTG-1,0,73,11,42755,8176
TATAGTTAGGTGTACT-1,0,72,12,42249,8467
TACGCTGATAGTTGTA-1,0,73,13,42755,8757
TTCTCAATTGCTACAA-1,0,72,14,42250,9048
GTTGCCCTAACGGGTG-1,0,73,15,42756,9339
GACATTTCGCCCAGCC-1,0,72,16,42250,9630
GTAACTACGTAGACCT-1,0,73,17,42756,9920
CCAGTGTACAGACCGA-1,0,72,18,42250,10212
GCCCGATGCCCAGTTC-1,0,73,19,42757,10502
CGAACCTCTTTCCTAG-1,0,72,20,42251,10793
CATGCACATGAGAGGC-1,0,73,21,42757,11083
CCAAATCAAAGGGCAA-1,0,72,22,42251,11375
GTAGTTTAAGCACACG-1,0,73,23,42757,11665
TAAGTGAATAGTCTAC-1,0,72,24,42252,11956
GGTCCACGTCTATTTG-1,0,73,25,42758,12247
CCCTCAGATCGAGAAC-1,0,72,26,42252,12538
ACATTCGCGCGGAATA-1,0,73,27,42758,12828
CTATGAACACCTTGCC-1,0,72,28,42253,13119
CGAATGGTAGGTCGTC-1,0,73,29,42759,13410
TCGACATAGCGTAGCG-1,0,72,30,42253,13701
GACGTTGCTCGGCGGC-1,0,73,31,42759,13991
CTCGAGGCAAGTTTCA-1,0,72,32,42254,14282
GCTGGGAGCGCGTCAA-1,0,73,33,42760,14573
GACGATATCACTGGGT-1,0,72,34,42254,14864
CAGCTCTGGGCTCACT-1,0,73,35,42760,15154
TAGTCTGCGGCACATT-1,0,72,36,42254,15445
TGGTCGATATACCTCT-1,0,73,37,42761,15736
TTCAGTTCAAGAGGAG-1,0,72,38,42255,16027
GTCTGTAGGTTGAACA-1,0,73,39,42761,16317
GAGAGTCTCGGGAGAG-1,0,72,40,42255,16608
TTGTTTGTATTACACG-1,0,73,41,42761,16899
GCACAGCACGGGCCGA-1,0,72,42,42256,17190
AAACAGTGTTCCTGGG-1,0,73,43,42762,17480
TGGAGAATAATCGTCC-1,0,72,44,42256,17772
CGCCGCGTTCTGAACG-1,0,73,45,42762,18062
CATGCGTTGAGAGGAG-1,0,72,46,42257,18353
TACGCTCCTAGAACTG-1,0,73,47,42763,18644
CCTTGTGAACGTGGTT-1,0,72,48,42257,18935
TTAAAGGCGATGCTCG-1,0,73,49,42763,19225
TAAAGTGCACGTCTCG-1,0,72,50,42258,19516
TGTCCGCAAACAATTC-1,0,73,51,42764,19807
AGGCCTATCATACCAA-1,0,72,52,42258,20098
ACTGGGATGCCAGTGC-1,0,73,53,42764,20388
CGATCCACCATTGTTG-1,0,72,54,42258,20679
GGGCATGCATGTCGAG-1,0,73,55,42765,20970
TCCAGGCAGGACGATC-1,0,72,56,42259,21261
CAATGACCCTTAATTT-1,0,73,57,42765,21551
ATCAAGATCCCAGGAC-1,0,72,58,42259,21842
CTCAGAGCTAATGTCG-1,0,73,59,42766,22133
CTGCGATTTCGAGATT-1,0,72,60,42260,22424
ATGGTATTGGGAACCG-1,0,73,61,42766,22714
TAGGTTCTGCTGAGAA-1,0,72,62,42260,23005
GCCTGTCCCGGTGCAT-1,0,73,63,42766,23296
GGCCTGCTCTGATGTT-1,0,72,64,42261,23587
TAGAGGGAGTTTATCT-1,0,73,65,42767,23877
CTCTACATCCTGCGTG-1,0,72,66,42261,24169
ACACATTTCCGTAGAC-1,0,73,67,42767,24459
TGGGTGTTAAGTAGAA-1,0,72,68,42262,24750
GAGCTCAACATGAGCG-1,0,73,69,42768,25040
GCACACAGCTATTACC-1,0,72,70,42262,25332
GCGACGGTAGTCTCCT-1,0,73,71,42768,25622
GTATCAAGGTACTTCC-1,0,72,72,42262,25913
GGAAAGGGAATTGAGC-1,0,73,73,42769,26204
TACACAGCCGTGGTGC-1,0,72,74,42263,26495
CGGTTGGGCAGGGTCC-1,0,73,75,42769,26785
GCACGCCGATTCCCGC-1,0,72,76,42263,27076
CGCTTTCCGCCAAGGT-1,0,73,77,42770,27367
TGCCCGATAGTTAGAA-1,0,72,78,42264,27658
TCAGAACGGCGGTAAT-1,0,73,79,42770,27948
CCACTCAGATCCGCAA-1,0,72,80,42264,28239
GAAGGGTCATTAAGAC-1,0,73,81,42770,28530
GCGGTCTTGCTTTCAC-1,0,72,82,42265,28821
GGAAGGACACCGTATA-1,0,73,83,42771,29111
CGCGGGAATTCCTTTC-1,0,72,84,42265,29402
TCTATCCGATTGCACA-1,0,73,85,42771,29693
TACTCGTTTGAATCAA-1,0,72,86,42266,29984
GTCTGCCGACTCGACG-1,0,73,87,42772,30274
TACGGGTAATAACATA-1,0,72,88,42266,30566
CCAGTTCGGTAACTCA-1,0,73,89,42772,30856
CGTGCACACCACTGTA-1,1,72,90,42266,31147
CTTCAGTTGGACAACG-1,1,73,91,42773,31437
TGATCTATCACACTCT-1,1,72,92,42267,31729
TAGCAGATACTTAGGG-1,1,73,93,42773,32019
CACCGGGCATCACAAG-1,1,72,94,42267,32310
AGTGGCCCGCAAATGG-1,0,73,95,42774,32601
CTCGCTAGGTAAGCGA-1,1,72,96,42268,32892
GATAGATAGTACAGTC-1,0,73,97,42774,33182
CGAGACTACTGCTGCT-1,0,72,98,42268,33473
ACATTTGAAACCTAAC-1,0,73,99,42774,33764
GACACAGCCGGGACTG-1,0,72,100,42269,34055
ACGGAACACGAGTGCC-1,0,73,101,42775,34345
ACGCCAGTGCGTTTGC-1,0,72,102,42269,34636
GCACCTAGGCGAGTCC-1,0,73,103,42775,34927
TCACTATCCCTTCGGT-1,0,72,104,42270,35218
TGAGTGTAACAACGGG-1,0,73,105,42776,35508
ATTGGTTGTGCATTAC-1,0,72,106,42270,35799
CTGGCGATTTACATGT-1,0,73,107,42776,36090
TCCACCAAGACATAGG-1,0,72,108,42271,36381
AACGTCGCTGCACTTC-1,0,73,109,42777,36671
GTCTCCCGAGTCCCGT-1,0,72,110,42271,36962
AGCCCGCACTACAATG-1,0,73,111,42777,37253
GGCACGCTGCTACAGT-1,0,72,112,42271,37544
GCTTGAGTGACCTCTG-1,0,73,113,42778,37834
ATAGCCATAACAGTCA-1,0,72,114,42272,38126
TAGGAGGCTCGAGAAC-1,0,73,115,42778,38416
GTCGGGTGAAGTACCG-1,0,72,116,42272,38707
CACCCGCGTTTGACAC-1,0,73,117,42778,38997
TCTCAGGCTACTCGCT-1,0,72,118,42273,39289
TAGATTCTCTAGCAAA-1,0,73,119,42779,39579
CCCATTATTGTATCCT-1,0,72,120,42273,39870
GTTAATAGCGTCATTA-1,0,73,121,42779,40161
TACTCATTGACGCATC-1,0,72,122,42274,40452
TAGTGACAAGCTCTAC-1,0,73,123,42780,40742
ATCGCCGTGGTTCATG-1,0,72,124,42274,41033
CTGCTCTCAACACACC-1,0,73,125,42780,41324
GCATGACACAAAGGAA-1,0,72,126,42275,41615
CAACGATCGATCCAAT-1,0,73,127,42781,41905
ATACAGCGTCCACTGA-1,0,74,0,43258,4977
TCACGATTAATACGTT-1,0,75,1,43764,5267
CGTGAACTGACCCGAT-1,0,74,2,43259,5558
TCGATGTTACGGCCGT-1,0,75,3,43765,5849
GACCGGTGATACTCTC-1,0,74,4,43259,6140
TCTGTTTAGATTGTTC-1,0,75,5,43765,6430
GCTACTCGGACGCAGA-1,0,74,6,43260,6721
AAGAAAGTTTGATGGG-1,0,75,7,43766,7012
CGCCAGTAGTACCTTG-1,0,74,8,43260,7303
CTCCCTTGTATCAAGG-1,0,75,9,43766,7593
ACTTTATACACCACTT-1,0,74,10,43261,7885
AGATCTGGAGAGGATA-1,0,75,11,43767,8175
TCATCCATCTGATCAC-1,0,74,12,43261,8466
AGAACACGGCGATGGT-1,0,75,13,43767,8757
CCGCTCCGGATAAGCT-1,0,74,14,43261,9048
TGGTCGGGTACAGGGC-1,0,75,15,43768,9338
ACGGACGCAGCGACAA-1,0,74,16,43262,9629
ACATGCTTACGGCAGC-1,0,75,17,43768,9920
CAGGGAGATAGGCCAG-1,0,74,18,43262,10211
TCGCCACCCGGATTAC-1,0,75,19,43768,10501
TCTTGGTCAATGATAC-1,0,74,20,43263,10792
CATAGGGACACTTGTG-1,0,75,21,43769,11083
CACGAGCAAACCAGAC-1,0,74,22,43263,11374
GGGATATTGATCGCCA-1,0,75,23,43769,11664
TAATGTCGGTTCATGG-1,0,74,24,43264,11955
CGATTTGTCATTAATG-1,0,75,25,43770,12246
TTAAGATACCCAGAGA-1,0,74,26,43264,12537
CGACCGTTGGTATTCG-1,0,75,27,43770,12827
ACTACCATCCGAGGGC-1,0,74,28,43265,13118
TCTACGCACGATCTCC-1,0,75,29,43771,13409
AAGCCACTTGCAGGTA-1,0,74,30,43265,13700
ACGTTGTCGTTGAAAG-1,0,75,31,43771,13990
ACCGCTAGTCATTGGT-1,0,74,32,43265,14282
CATGAGTCCATCACGG-1,0,75,33,43772,14572
ATGTCTTGTTTGACTC-1,0,74,34,43266,14863
TCCCAAACATCCTCTA-1,0,75,35,43772,15153
CAACGCGATGAGCCAA-1,0,74,36,43266,15445
GACACCCAAAGACGCG-1,0,75,37,43772,15735
ACGTTCACTATGCCGC-1,0,74,38,43267,16026
ATGGACTGCTTAGTTG-1,0,75,39,43773,16317
CCATGGCAAACGCTCA-1,0,74,40,43267,16608
TTGTCTCGGCAAGATG-1,0,75,41,43773,16898
TTCGAACGAAACATGC-1,0,74,42,43268,17189
GGAAAGTCTTGATTGT-1,0,75,43,43774,17480
ATCATAGATCGACGAG-1,0,74,44,43268,17771
GATTAGAAACAAGCGT-1,0,75,45,43774,18061
GCTGCGAAGAATTATT-1,0,74,46,43269,18352
TTCCAGTGGGTTTCGT-1,0,75,47,43775,18643
GCTCATTGATCATATC-1,0,74,48,43269,18934
ATACGAGGTTTGTAAG-1,0,75,49,43775,19224
GTCTATACACGCATGG-1,0,74,50,43269,19515
GATTTGCGCTAACACC-1,0,75,51,43776,19806
TGGTGCCCTGCCTTAC-1,0,74,52,43270,20097
TCGAATCGCAGGGTAG-1,0,75,53,43776,20387
GGTAGGCCAATATCAC-1,0,74,54,43270,20679
CGTAAATAACAAAGGG-1,0,75,55,43776,20969
GACTCTAGAGTTCCAA-1,0,74,56,43271,21260
ACTTGTTACCGGATCA-1,0,75,57,43777,21550
GGCATTGAACATCTCA-1,0,74,58,43271,21842
AACCCGCTGTATTCCA-1,0,75,59,43777,22132
TAACAGGTTCCCTTAG-1,0,74,60,43272,22423
GTTCTTGTAACTCAAT-1,0,75,61,43778,22714
GATTCTGTTAATGAGT-1,0,74,62,43272,23005
GGACACCTCGGTGTTG-1,0,75,63,43778,23295
CGATCGAGAAGCACCA-1,0,74,64,43273,23586
CTGCTCTGACGGCAAA-1,0,75,65,43779,23877
CCCAGGAAGAATTCGA-1,0,74,66,43273,24168
TGTCGTGGGTATAGGC-1,0,75,67,43779,24458
ATATGTCTAGAGCGTG-1,0,74,68,43273,24749
GCGGGCAGACGGGTGA-1,0,75,69,43780,25040
CGAAGATCAGTTTCAT-1,0,74,70,43274,25331
ACGCCACTCGAAACAG-1,0,75,71,43780,25621
CTTAGATGTTTCATCC-1,0,74,72,43274,25912
GCGAATGGACTAGCGA-1,0,75,73,43781,26203
TAAATTGTGGGTAAAG-1,0,74,74,43275,26494
ATTTATACTGGTAAAG-1,0,75,75,43781,26784
GCGTCGTAACATGGTC-1,0,74,76,43275,27075
CGGTATGGGCACTCTG-1,0,75,77,43781,27366
CTATCACAACGCTGGA-1,0,74,78,43276,27657
ACCACACGGTTGATGG-1,0,75,79,43782,27947
TCAGCGCACGCCGTTT-1,0,74,80,43276,28239
AATGTTAAGACCCTGA-1,0,75,81,43782,28529
CTTACATAGATTTCTT-1,0,74,82,43277,28820
AACATAGCGTGTATCG-1,0,75,83,43783,29110
AGCAGTCGAAGCATGC-1,0,74,84,43277,29402
GTACTACGGCCTCGTT-1,0,75,85,43783,29692
TTGGCCAAATTGTATC-1,0,74,86,43277,29983
TCAGAGGACGCGTTAG-1,0,75,87,43784,30274
AGTAATCTAAGGGTGG-1,0,74,88,43278,30565
AATTATACCCAGCAAG-1,0,75,89,43784,30855
CCCTACCCACACCCAG-1,0,74,90,43278,31146
CTCTGTCCATGCACCA-1,0,75,91,43785,31437
TCGCCTCCTTCGGCTC-1,0,74,92,43279,31728
CCTGATTCGCGAAGAA-1,0,75,93,43785,32018
GACTTCAACGCATCAA-1,0,74,94,43279,32309
GCTTCCCGTAAGCTCC-1,0,75,95,43785,32600
AGAACTGTACTTTGTA-1,0,74,96,43280,32891
CCTTAAGTACGCAATT-1,0,75,97,43786,33181
GGCCAATTGTATAGAC-1,0,74,98,43280,33472
AGAATACAGGCTATCC-1,0,75,99,43786,33763
AATACCTGATGTGAAC-1,0,74,100,43281,34054
TAGAGTGTTCCGGGTA-1,0,75,101,43787,34344
GCTTCCATGTAACCGC-1,0,74,102,43281,34636
GGTTCGCATTTGCCGT-1,0,75,103,43787,34926
TCAATCCGGGAAGTTT-1,0,74,104,43282,35217
CCGGAAGTGCAATATG-1,0,75,105,43788,35507
CTCATAAATGTGTATA-1,0,74,106,43282,35799
GACGGGCATCGAATTT-1,0,75,107,43788,36089
GCTAAGCCCAGTATGC-1,0,74,108,43282,36380
GCTATAAGGGCCAGGA-1,0,75,109,43789,36671
GCGGATTACTTGTTCT-1,0,74,110,43283,36962
TACAACAGCGCATACA-1,0,75,111,43789,37252
TCTAACCTAGCCTGCG-1,0,74,112,43283,37543
TCTACCCGCATCATTT-1,0,75,113,43789,37834
GTCTTACCACGCCAAG-1,0,74,114,43284,38125
AATAACGTCGCGCCCA-1,0,75,115,43790,38415
CGTTTCGGTTATATGC-1,0,74,116,43284,38706
TACGCTGCACGGTCGT-1,0,75,117,43790,38997
CGTTAAATACGACCAG-1,0,74,118,43285,39288
TCGACTGACGATGGCT-1,0,75,119,43791,39578
ACGCTACTGAATGGGC-1,0,74,120,43285,39869
AAGGGTTAGCCATGCG-1,0,75,121,43791,40160
ACGTTTCGGTGCACTT-1,0,74,122,43286,40451
TTAACCCGAGGCGTGT-1,0,75,123,43792,40741
GCCCGTCAAGCCCAAT-1,0,74,124,43286,41032
ATTCGTCCCGAGGTTA-1,0,75,125,43792,41323
TCAAATTATGTTCGAC-1,0,74,126,43286,41614
AACGTTCTACCATTGT-1,0,75,127,43793,41904
CTGTCCTGCGCACTAC-1,0,76,0,44270,4976
GCCCAGCGACACAAAG-1,0,77,1,44776,5266
TATAGCTATTATCTCT-1,0,76,2,44271,5558
AAGCTATGGATTGACC-1,0,77,3,44777,5848
CCGAAACACGACCTCT-1,0,76,4,44271,6139
ATCAGAAGCTGGTTGC-1,0,77,5,44777,6430
TGAACCTGAATGTGAG-1,0,76,6,44271,6721
TCAGAGCATGTCAACG-1,0,77,7,44778,7011
ATACCCTCCCGGCCAA-1,0,76,8,44272,7302
GCCACCTTATTCGCGA-1,0,77,9,44778,7593
CAACGAGCTTATTATG-1,0,76,10,44272,7884
GATCCAACCTTTAAAC-1,0,77,11,44779,8174
TTGTGGAGACAGCCGG-1,0,76,12,44273,8465
AGATAATCACACCTAT-1,0,77,13,44779,8756
GGTTAGGGATGCTAAT-1,0,76,14,44273,9047
TCATGAAGCGCTGCAT-1,0,77,15,44779,9337
CCAGGCGAGATGGTCT-1,0,76,16,44274,9628
CGACTTGCCGGGAAAT-1,0,77,17,44780,9919
GTGCCAAACGTTTCGA-1,0,76,18,44274,10210
TGCTCAAAGGATGCAC-1,0,77,19,44780,10500
GCCTCAGGTACCGGTC-1,0,76,20,44275,10792
ACAAGTAATTGTAAGG-1,0,77,21,44781,11082
TTAGAGTATTGTCGAG-1,0,76,22,44275,11373
GTCATCCCAAACTCAC-1,0,77,23,44781,11663
CTCCTAGTAATCGTGA-1,0,76,24,44276,11955
CCCTCATCACAGAGTA-1,0,77,25,44782,12245
GGAAACAGAGCTTGGG-1,0,76,26,44276,12536
ACATCGCAATATTCGG-1,0,77,27,44782,12827
TTAGCCATAGGGCTCG-1,0,76,28,44276,13118
CGGATTCTGCCTTATG-1,0,77,29,44783,13408
TTGTTGGCAATGACTG-1,0,76,30,44277,13699
GGATCTACCGTTCGTC-1,0,77,31,44783,13990
GGTGGGATTAGGTCCC-1,0,76,32,44277,14281
AATAGGCACGACCCTT-1,0,77,33,44783,14571
GAGGTCCGTTCGCTGT-1,0,76,34,44278,14862
TGACAACTTAAAGGTG-1,0,77,35,44784,15153
AGCTAAGCTCCGTCCG-1,0,76,36,44278,15444
CTAGCCCGGGAGACGA-1,0,77,37,44784,15734
CCCAGATTCCCGTGAC-1,0,76,38,44279,16025
GCCCGTTCACACAATT-1,0,77,39,44785,16316
ACAAACTCCATCAGAG-1,0,76,40,44279,16607
GGTTCCGTACGACTAA-1,0,77,41,44785,16897
TTGCGGAAAGCTGCCC-1,0,76,42,44280,17188
GGAACTCGTGAATACG-1,0,77,43,44786,17479
GGTTACCGCTCCCTAC-1,0,76,44,44280,17770
AGCGACTTTGAAGACA-1,0,77,45,44786,18060
CCGTTTCCTTTCCGTG-1,0,76,46,44280,18352
TGGATGGCATCTTGGA-1,0,77,47,44787,18642
CAAGTCGTTGAAATCT-1,0,76,48,44281,18933
TGCAAACGTACTAGTT-1,0,77,49,44787,19223
GGCTGTCCTACTGCGG-1,0,76,50,44281,19515
TACTGCATGATTAAAT-1,0,77,51,44787,19805
CGGACCTCTGTAGTTA-1,0,76,52,44282,20096
CCCTAGCTCTAAGGTC-1,0,77,53,44788,20387
GTAACAGGTTAACGGC-1,0,76,54,44282,20678
CCCGCAAATAATCATC-1,0,77,55,44788,20968
AATCCCGCTCAGAGCC-1,0,76,56,44283,21259
AACGTCATCCGGCTTG-1,0,77,57,44789,21550
CTCGTGGCACTGAAAG-1,0,76,58,44283,21841
CTTTATCCGACGCATG-1,0,77,59,44789,22131
AAATGACTGATCAAAC-1,0,76,60,44284,22422
TTCGTGCATGTTATAG-1,0,77,61,44790,22713
ATCAAAGAGCCGTGGT-1,0,76,62,44284,23004
ATGTCATAATAAACGA-1,0,77,63,44790,23294
CTTAATCGACTTAGTA-1,0,76,64,44284,23585
CTAAAGGATGAGATAC-1,0,77,65,44791,23876
GTGCTATCCAGCTGGA-1,0,76,66,44285,24167
GACAGAGGTCTTCAGT-1,0,77,67,44791,24457
TCGATTTACGAAACGA-1,0,76,68,44285,24749
AGGCTTAAGTTGCACA-1,0,77,69,44792,25039
TAGGATCTTAACCGCA-1,0,76,70,44286,25330
GACTTTCGAGCGGTTC-1,0,77,71,44792,25620
CCCTGGGAGGGATCCT-1,0,76,72,44286,25912
TAGTAGTTGCCGGACA-1,0,77,73,44792,26202
GCCCTAAGTGCAGGAT-1,0,76,74,44287,26493
ACTTGGGCTTTCGCCA-1,0,77,75,44793,26784
CATGATACGGTGAAAC-1,0,76,76,44287,27075
TCCTGCAGCCGCCAAT-1,0,77,77,44793,27365
GTCCGTTAGAGGGCCT-1,0,76,78,44288,27656
GCTTTATTAAGTTACC-1,0,77,79,44794,27947
AATCGAGGTCTCAAGG-1,0,76,80,44288,28238
GTGCTGTTAGAACATA-1,0,77,81,44794,28528
GGCTTCTCGTGGGTGG-1,0,76,82,44288,28819
CCTACAGTTGAGGGAG-1,0,77,83,44795,29110
TATCCCTCGATCTGCA-1,0,76,84,44289,29401
CCGGTATCTGGCGACT-1,0,77,85,44795,29691
CTCTAACACCGGCAGC-1,0,76,86,44289,29982
CTTCATCACCAGGGCT-1,0,77,87,44796,30273
GGCTGGCAATCCCACG-1,0,76,88,44290,30564
CAAACCATAAGCGTAT-1,0,77,89,44796,30854
CATGTGGGCTCATCAC-1,0,76,90,44290,31145
CCCGTGACAGTGCCTT-1,0,77,91,44796,31436
GATTATCTTGCATTAT-1,0,76,92,44291,31727
GAGTCCACCAGGTTTA-1,0,77,93,44797,32017
TGTACTATCGCTCGTT-1,0,76,94,44291,32309
TTAGCGAATAGATAGG-1,0,77,95,44797,32599
ACATACAATCAAGCGG-1,0,76,96,44292,32890
ATTCGTGTACCCATTC-1,0,77,97,44798,33181
GCTAGCAACGCACCTA-1,0,76,98,44292,33472
ACCTCAGCGAGGCGCA-1,0,77,99,44798,33762
TCCGGGCCACTAACGG-1,0,76,100,44292,34053
TCCCAATATCGACGAC-1,0,77,101,44799,34344
GGATTGAAGTAGCCTC-1,0,76,102,44293,34635
GGCGCACAGTTTACCT-1,0,77,103,44799,34925
CCCGGCACGTGTCAGG-1,0,76,104,44293,35216
AGTAAGGGACAGAATC-1,0,77,105,44800,35507
TTGCGCACAACCACGT-1,0,76,106,44294,35798
CCTGCTACAACCATAC-1,0,77,107,44800,36088
CTGGGCTACTGGAGAG-1,0,76,108,44294,36379
AGCTACGAATGGTGGT-1,0,77,109,44800,36670
ATTCGTTTATCGTATT-1,0,76,110,44295,36961
GGCATTCCCTCCCTCG-1,0,77,111,44801,37251
AGTTATTCAGACTGTG-1,0,76,112,44295,37542
CCACTTTCCTTCTAGG-1,0,77,113,44801,37833
CGCAGTTCTATCTTTC-1,0,76,114,44296,38124
AGGAGCGTTTATTATC-1,0,77,115,44802,38414
GACAGGTAATCCGTGT-1,0,76,116,44296,38706
TTCCCAAAGTACTGAT-1,0,77,117,44802,38996
CTGCAGGGTGACGCTC-1,0,76,118,44297,39287
TCATGGAGGCCTTTGT-1,0,77,119,44803,39577
ATGGCCCGAAAGGTTA-1,0,76,120,44297,39869
CGTAATATGGCCCTTG-1,0,77,121,44803,40159
AGAGTCTTAATGAAAG-1,0,76,122,44297,40450
GAACGTTTGTATCCAC-1,0,77,123,44804,40741
ATTGAATTCCCTGTAG-1,0,76,124,44298,41032
TACCTCACCAATTGTA-1,0,77,125,44804,41322
AGTCGAATTAGCGTAA-1,0,76,126,44298,41613
TTGAAGTGCATCTACA-1,0,77,127,44804,41904
