ACGCCTGACACGCGCT-1,0,0,0,17098,2291
TACCGATCCAACACTT-1,0,1,1,16984,2487
ATTAAAGCGGACGAGC-1,0,0,2,16872,2290
GATAAGGGACGATTAG-1,0,1,3,16759,2486
GTGCAAATCACCAATA-1,0,0,4,16647,2289
TGTTGGCTGGCGGAAG-1,0,1,5,16533,2485
GCATCCTCTCCTATTA-1,0,0,6,16421,2288
GCGAGGGACTGCTAGA-1,0,1,7,16307,2483
TGGTACCGGCACAGCC-1,0,0,8,16195,2286
GCGCGTTTAAATCGTA-1,0,1,9,16081,2482
TGCCTTGCCCTTACGG-1,0,0,10,15969,2285
GACGACTTTCCAAGAA-1,0,1,11,15855,2481
CCAGTGAGCTCCTTGT-1,0,0,12,15743,2284
ATACCCTGGCTCAAAT-1,0,1,13,15630,2480
GGGTTTCCGGCTTCCA-1,0,0,14,15518,2283
TAACCGTCCAGTTCAT-1,0,1,15,15404,2479
AAACAACGAATAGTTC-1,0,0,16,15292,2282
CAAGGGAGTGTATTTG-1,0,1,17,15178,2478
CCAAGCTTGATCTCCT-1,0,0,18,15066,2281
TTATTTCATCCCAAAC-1,0,1,19,14952,2477
GAGCGCTATGTCAGGC-1,0,0,20,14840,2280
TATGGCAGACTTTCGA-1,0,1,21,14726,2476
CTTCGTGCCCGCATCG-1,0,0,22,14614,2279
AAACGGGTTGGTATCC-1,0,1,23,14501,2475
TGCAAACCCACATCAA-1,0,0,24,14389,2278
GACGGGATGTCTTATG-1,0,1,25,14275,2474
GGCGAGCATCGAGGAC-1,0,0,26,14163,2277
CGCGTGCTATCAACGA-1,0,1,27,14049,2472
TGAAACCTCAACTCAC-1,0,0,28,13937,2275
CACATAAGGCGACCGT-1,0,1,29,13823,2471
TGACCCAACTCACATT-1,0,0,30,13711,2274
ATACGCCGATCTACCG-1,0,1,31,13597,2470
ACTTATCTGATCTATA-1,0,0,32,13485,2273
GTGTGAGCCGAGGTGC-1,0,1,33,13372,2469
GATGATTTGAAACTGG-1,0,0,34,13260,2272
GGGAACCACCTGTTTC-1,0,1,35,13146,2468
GTTCGTTGCGGACCAG-1,0,0,36,13034,2271
TGAGGTTGATCCCAAG-1,0,1,37,12920,2467
GATGCCACACTACAGC-1,0,0,38,12808,2270
AGGCAAAGAGGAATCA-1,0,1,39,12694,2466
AAGTAAGCTTCCAAAC-1,0,0,40,12582,2269
AACGTAGTCTACCCAT-1,0,1,41,12468,2465
GTTTGAGCGGTTATGT-1,0,0,42,12356,2268
GAAGCAAGGCAATGTT-1,0,1,43,12243,2464
TCACTCAGCGCATTAG-1,0,0,44,12131,2267
TACAATGAAACCAGCA-1,0,1,45,12017,2463
GTGCGCTTACAAATGA-1,0,0,46,11905,2266
GCACTCCCACAGTCCC-1,0,1,47,11791,2461
CGAAGACTGCCCGGGA-1,0,0,48,11679,2264
CAGGATCCGCCCGACC-1,0,1,49,11565,2460
CACGATTGGTCGTTAA-1,0,0,50,11453,2263
GGTTGTATCGTGAAAT-1,0,1,51,11339,2459
TCTTATGGGTAGTACC-1,0,0,52,11227,2262
TACAAGCTGTTCACTG-1,0,1,53,11114,2458
GTATCTTGTTGCTCAC-1,0,0,54,11002,2261
ATACCAGGTGAGCGAT-1,0,1,55,10888,2457
CCTAAACAGGGTCCGT-1,0,0,56,10776,2260
ATGGTGCTCAAAGCCA-1,0,1,57,10662,2456
CAAATGCGGAGTGTTC-1,0,0,58,10550,2259
CGTGCCCGACATTTGT-1,0,1,59,10436,2455
GTATCTCCCTAACTGT-1,0,0,60,10324,2258
ATTTGCCTAGTTACGA-1,0,1,61,10210,2454
ACGTCCTAAACGAGAT-1,0,0,62,10098,2257
CTGGGATCGCCCAGAT-1,0,1,63,9985,2453
CTGCAAATGGGCTCCA-1,0,0,64,9873,2256
CATTATAACAGGGTCC-1,0,1,65,9759,2452
ACCTTTCCTTTAGAAG-1,0,0,66,9647,2255
ATAGATTTGCAGTCGG-1,0,1,67,9533,2450
CTCGGGCATCGTCGGG-1,0,0,68,9421,2253
GTGGCGGGCCGTAGCT-1,0,1,69,9307,2449
CAACAGTGCCAAACGG-1,0,0,70,9195,2252
TGCGGGTATTGGGATC-1,0,1,71,9081,2448
GTCTCGCCAACACGCC-1,0,0,72,8969,2251
CTGGGCGGCCAAATGT-1,0,1,73,8856,2447
TAAAGGAGAAACTAGT-1,0,0,74,8744,2250
TCCCACGGAGGGAGCT-1,0,1,75,8630,2446
AGCTTCAATACTTTGA-1,0,0,76,8518,2249
TTCCACATTTCTCGTC-1,0,1,77,8404,2445
ACAAACCGACAAGGCG-1,0,0,78,8292,2248
AGACGGGATTGGTATA-1,0,1,79,8178,2444
AACCTAAAGCCGTCCG-1,0,0,80,8066,2247
TACAAATTGCGGAGGT-1,0,1,81,7952,2443
CCCGCTAGAGGGTTAA-1,0,0,82,7840,2246
CATTGCAAAGCATAAT-1,0,1,83,7727,2442
TGTACGCTATCAGCTT-1,0,0,84,7615,2245
TTCTTCGCAATAGAGC-1,0,1,85,7501,2441
TGTGATTCCAGCGCTT-1,0,0,86,7389,2244
ATTCAGGATCGCCTCT-1,0,1,87,7275,2440
GCCCATGGGTGCAATG-1,0,0,88,7163,2243
TTCCCGACGCTTCACT-1,0,1,89,7049,2438
AGCGGTTGAGATGTAC-1,0,0,90,6937,2241
GCTGTCTGTGATCGAC-1,0,1,91,6823,2437
AAAGACATGAAGTTTA-1,0,0,92,6711,2240
CAACAGAATAACGCTA-1,0,1,93,6598,2436
TGCGGTCTACGAGTAA-1,0,0,94,6486,2239
AAGACTCACGCCCACT-1,0,1,95,6372,2435
CTTTGAAACATATTCC-1,0,0,96,6260,2238
CTGGGCACTAGTCGGA-1,0,1,97,6146,2434
CGCCCTTACATCCACC-1,0,0,98,6034,2237
CACGACCACAGACTTT-1,0,1,99,5920,2433
CAATCCATTATCCGTT-1,0,0,100,5808,2236
GTGGCGTGCACCAGAG-1,0,1,101,5694,2432
CGGAGTCCTAACCTGG-1,0,0,102,5582,2235
GGTCCCATAACATAGA-1,0,1,103,5469,2431
ATCTCATAAACCTACC-1,0,0,104,5357,2234
TGCATGGCAGTCTTGC-1,0,1,105,5243,2430
TTGCAGGTCATGAAGT-1,0,0,106,5131,2233
AGCTGCATTTGAGGTG-1,0,1,107,5017,2429
TAATCAGGAATGCTGC-1,0,0,108,4905,2232
CCATCATAAGAACAGG-1,0,1,109,4791,2427
TCGTATCACCAAGCTA-1,0,0,110,4679,2230
ATTCAGATGAATCCCT-1,0,1,111,4565,2426
AAAGGTCAACGACATG-1,0,0,112,4453,2229
AGCTGCTGTGCCGAAT-1,0,1,113,4340,2425
CTAGCGCCAATCCTAC-1,0,0,114,4228,2228
GCTCGACCGAACTGAA-1,0,1,115,4114,2424
ACAGTGCAGCGCATTT-1,0,0,116,4002,2227
CGGCTGAAGGTTACGC-1,0,1,117,3888,2423
CACCTCTACGAGTGTG-1,0,0,118,3776,2226
ATACGACAGATGGGTA-1,0,1,119,3662,2422
ACTTCCTGTCGTGCGA-1,0,0,120,3550,2225
CGTAACGGAACGATCA-1,0,1,121,3436,2421
AAATCACTCCTAAACG-1,0,0,122,3324,2224
CTCCGAGTAAATCCGC-1,0,1,123,3211,2420
ACGCTAGTATCAGTGC-1,0,0,124,3099,2223
AGAGTGAACAGACACC-1,0,1,125,2985,2419
ACACCCGTAAATCTGT-1,0,0,126,2873,2222
GCTTTGCTGCCGGGTA-1,0,1,127,2759,2418
ACAGGAGGCGCAGCCG-1,0,2,0,17096,2684
AGGCAATACGGAGGAC-1,0,3,1,16982,2880
TGGTGTGACAGACGAT-1,0,2,2,16870,2683
ATCTATCGATGATCAA-1,0,3,3,16757,2879
CGGTAACAAGATACAT-1,0,2,4,16645,2682
TCGCCGGAGAGTCTTA-1,0,3,5,16531,2877
GGAGGAGTGTGTTTAT-1,0,2,6,16419,2680
TTAGGTGTGACTGGTC-1,0,3,7,16305,2876
CAGGGCTAACGAAACC-1,0,2,8,16193,2679
CCCGTGGGTTAATTGA-1,0,3,9,16079,2875
GACCGACCGCTAATAT-1,0,2,10,15967,2678
GGTATCAAGCATAGAA-1,0,3,11,15853,2874
TGCATGAGTAGATTCG-1,0,2,12,15742,2677
AATTCCAACTTGGTGA-1,0,3,13,15628,2873
TGCCGATGTCATCAAT-1,0,2,14,15516,2676
GCTGGGTCCGCTGTTA-1,0,3,15,15402,2872
TGAACACCCGAAGCAG-1,0,2,16,15290,2675
AACATTGGTCAGCCGT-1,0,3,17,15176,2871
GTGGGTCTTCTTTGCG-1,0,2,18,15064,2674
CATCGAATGGATCTCT-1,0,3,19,14950,2870
GCTACACTGTCCGAAC-1,0,2,20,14838,2673
CGGGTTGTAGCTTTGG-1,0,3,21,14724,2869
CCTAAGTGTCTAACCG-1,0,2,22,14613,2672
TCTGTGACTGACCGTT-1,0,3,23,14499,2868
TTATCATACTCGCAAA-1,0,2,24,14387,2671
AGCGTAGCGCTAGACC-1,0,3,25,14273,2866
TCCCTCCGAAATCGTT-1,0,2,26,14161,2669
AGGTCGCCACTTCGGT-1,0,3,27,14047,2865
CTAGCAACTAATTTAC-1,0,2,28,13935,2668
TTGCTAGCTACCAATC-1,0,3,29,13821,2864
GCCGGTTTGGGCGGAT-1,0,2,30,13709,2667
TGTAACTTGTCAACCT-1,0,3,31,13595,2863
CGAGATGTTGCCTATA-1,0,2,32,13484,2666
GTTACGAAATCCACGC-1,0,3,33,13370,2862
CTTGTCGTACGTGTCA-1,0,2,34,13258,2665
GCGTCCAGCTCGTGGC-1,0,3,35,13144,2861
CCCTTCTCGTACGCGA-1,0,2,36,13032,2664
CCAAAGTCCCGCTAAC-1,0,3,37,12918,2860
CCGCTTCGCGGTTAAC-1,0,2,38,12806,2663
GTTACGGCCCGACTGC-1,0,3,39,12692,2859
CCCGCTTGCCCTCGTC-1,0,2,40,12580,2662
TAGTGAGAAGTGGTTG-1,0,3,41,12466,2858
CGCTACCGCCCTATGA-1,0,2,42,12355,2661
AAACAATCTACTAGCA-1,0,3,43,12241,2857
GCGCGATGGGTCAAGT-1,0,2,44,12129,2660
ATAAACCATTGGACGG-1,0,3,45,12015,2855
TCGGGCACTTCTGGAT-1,0,2,46,11903,2658
TCTGTGGCTACATTTC-1,0,3,47,11789,2854
CTCTGTGCCTGCTATG-1,0,2,48,11677,2657
CACGACTAAAGTTCTG-1,0,3,49,11563,2853
GAGGAGTAATTCCTAC-1,0,2,50,11451,2656
AGAGGTATCTCGGTCC-1,0,3,51,11337,2852
GGCGTACCCTATATAA-1,0,2,52,11226,2655
GCCGGAAACACATCTT-1,0,3,53,11112,2851
AAATGTGGGTGCTCCT-1,0,2,54,11000,2654
ACCAGGAGTGTGATCT-1,0,3,55,10886,2850
TGTGGAGGAAGCTTAA-1,0,2,56,10774,2653
AAGGAGAACTTATAAG-1,0,3,57,10660,2849
CCCTCGGGAGCCTTGT-1,0,2,58,10548,2652
ACTGTTTAGTGTAGGC-1,0,3,59,10434,2848
CGTCAGTTTATCGTCT-1,0,2,60,10322,2651
GCGTGTATGTCGTATT-1,0,3,61,10208,2847
ACAATCGATCTTTATA-1,0,2,62,10097,2650
CAGCCCTCACAGGCAG-1,0,3,63,9983,2846
CGCGTCATATTAAACC-1,0,2,64,9871,2649
GAAGACTTCAATGCCG-1,0,3,65,9757,2844
TTGCGGCGACTCATGC-1,0,2,66,9645,2647
ACCAAACTAGAAATCC-1,0,3,67,9531,2843
TTACTGTTTCTCTACG-1,0,2,68,9419,2646
GACCAGGTCATTCATA-1,0,3,69,9305,2842
TTCTTCCCTTTGATAT-1,0,2,70,9193,2645
ACGCCCAGCTGTCGAT-1,0,3,71,9079,2841
AGTAGCGTGAACGAAC-1,0,2,72,8968,2644
CCTCGACCCACTGCCT-1,0,3,73,8854,2840
AGTTATTGAAAGGTAA-1,0,2,74,8742,2643
TCAGTTACGGAATGAT-1,0,3,75,8628,2839
GAATCTATACTCGGAC-1,0,2,76,8516,2642
TCGGCTAACTTCCCTT-1,0,3,77,8402,2838
ACGTGGTCGAATGTGC-1,0,2,78,8290,2641
ATATCGTGCCAGACCC-1,0,3,79,8176,2837
GTAGCTAGTAAGCGCG-1,0,2,80,8064,2640
ACGCTTAGTGTCTCTC-1,0,3,81,7950,2836
TCCGGCCTGCATCGAT-1,0,2,82,7839,2639
TAGTGGAACTCATACA-1,0,3,83,7725,2835
ATCATCTGCCCAGTGT-1,0,2,84,7613,2638
GTTATTAAATACGACC-1,0,3,85,7499,2833
GCGCTAAGTATGCATG-1,0,2,86,7387,2636
CCTGACGCAACCTTTA-1,0,3,87,7273,2832
CCCAAGAATGCACGGT-1,0,2,88,7161,2635
AACTGGGTTCGAGCCG-1,0,3,89,7047,2831
GGTTCCACCCGCTTCT-1,0,2,90,6935,2634
CATGCACGTGTTACTG-1,0,3,91,6821,2830
AGCGTTCCGATTTAAA-1,0,2,92,6710,2633
CCTACGCGACCTTACA-1,0,3,93,6596,2829
CGAATTACATGGTGTT-1,0,2,94,6484,2632
GAGGTCTTAGTGGGTC-1,0,3,95,6370,2828
GCCGCTAGATACGCAG-1,0,2,96,6258,2631
GTCACCTGTCTATGTC-1,0,3,97,6144,2827
CCGATTGGTCAATGAA-1,0,2,98,6032,2630
CCTGTGCGGATTGTAA-1,0,3,99,5918,2826
TTACGTAGCGCGTGCT-1,0,2,100,5806,2629
GGAGGCGAAGAACCGC-1,0,3,101,5692,2825
GGGTCACGTGCTTATG-1,0,2,102,5581,2628
GCTCCGGACGTTGATA-1,0,3,103,5467,2824
ATGTTTGTAAGATCAT-1,0,2,104,5355,2627
TGACCCAGCATTCCCG-1,0,3,105,5241,2823
TGGTCGTTTGATAGAT-1,0,2,106,5129,2626
TGTAATGCCTTCGGAC-1,0,3,107,5015,2821
TGCTCACACAACAACC-1,0,2,108,4903,2624
TACGATCCAAGCCACT-1,0,3,109,4789,2820
TTGTAACTTCATAGCG-1,0,2,110,4677,2623
AGATTCAAGCGGGTCG-1,0,3,111,4564,2819
CTCAGCAGACTGCCGA-1,0,2,112,4452,2622
GTAACATCAGCTCATC-1,0,3,113,4338,2818
ATGGAACAGAATAAAC-1,0,2,114,4226,2621
GGGCCTATACAACCGG-1,0,3,115,4112,2817
TCAAACAATTAGGACA-1,0,2,116,4000,2620
AAACCACTACACAGAT-1,0,3,117,3886,2816
AAACGACAGTCTTGCC-1,0,2,118,3774,2619
TTGAGGGTCGAACGCG-1,0,3,119,3660,2815
TGTTGATCACTGTTTA-1,0,2,120,3548,2618
AGGGTGTGCTACACGC-1,0,3,121,3435,2814
GTAGTTAGACAATATA-1,0,2,122,3323,2617
AATGGCCGCCAATGCG-1,0,3,123,3209,2813
TCGGCGGTATTAGATT-1,0,2,124,3097,2616
GGGTCACTGAGTAGTG-1,0,3,125,2983,2812
GAATTATGCAACCTAC-1,0,2,126,2871,2615
GATCTTAGTGAACGTG-1,0,3,127,2757,2810
CTAATGCGCCCAACAA-1,0,4,0,17094,3077
GCCACCCATTCCACTT-1,0,5,1,16981,3273
TACTCACAACGTAGTA-1,0,4,2,16869,3076
GTTCGGTGTGGATTTA-1,0,5,3,16755,3271
TCTTTCGGCGGGACAC-1,0,4,4,16643,3074
GGAGACATTCACGGGC-1,0,5,5,16529,3270
GGGATTATCTCACAAC-1,0,4,6,16417,3073
TAGAACGCCAGTAACG-1,0,5,7,16303,3269
ACGAGTCGCCGGCGTT-1,0,4,8,16191,3072
TGATGGGACTAAGTCA-1,0,5,9,16077,3268
TGCGAGAAACGTTACG-1,0,4,10,15965,3071
TCGCCTCGACCTGTTG-1,0,5,11,15852,3267
AACTCGATAAACACGT-1,0,4,12,15740,3070
AGGAAAGCCTCTGATG-1,0,5,13,15626,3266
GAAGGACTAAATTGAA-1,0,4,14,15514,3069
GTATCGGGACGAGCTG-1,0,5,15,15400,3265
CCTGTGCATAGGAGAC-1,0,4,16,15288,3068
CATACGGGTGCATGAT-1,0,5,17,15174,3264
CCACTAAACTGAATCG-1,0,4,18,15062,3067
AAATTGCGGCGGTTCT-1,0,5,19,14948,3263
AGTCCAGCGGGTACGT-1,0,4,20,14836,3066
CATTCAGGTCAGTGCG-1,0,5,21,14723,3262
CTAAAGTCCGAAGCTA-1,0,4,22,14611,3065
AATCAGACTGCAGGAC-1,0,5,23,14497,3260
AGTATCCATAATAACG-1,0,4,24,14385,3063
CTGGCTGCTAACGTAA-1,0,5,25,14271,3259
GTTCCAAGACAGCGAC-1,0,4,26,14159,3062
AAGACTAACCCGTTGT-1,0,5,27,14045,3258
GATTAATCCTGGCTCA-1,0,4,28,13933,3061
CGCGCAAGGAACTACA-1,0,5,29,13819,3257
CAGTAGCGAGGTAGTA-1,0,4,30,13707,3060
ACGGCGGGTTGCCCTG-1,0,5,31,13594,3256
CTAGGCGGCAGAGAAT-1,0,4,32,13482,3059
GTGCGCAGCTTGCTCC-1,0,5,33,13368,3255
TCACTATCGTGCAATC-1,0,4,34,13256,3058
TATGATTCTGCTTGGT-1,0,5,35,13142,3254
TAAGATTTAGCGGGAG-1,0,4,36,13030,3057
TTACGGTGTCACCGAG-1,0,5,37,12916,3253
CTACACTAGCTTGTTC-1,0,4,38,12804,3056
TGAGCAGTCGTGAAGT-1,0,5,39,12690,3252
CGCTGAGGACGTCCAA-1,0,4,40,12578,3055
GTGTATGACTTTAAAG-1,0,5,41,12465,3251
CTAAACGGGTGTAATC-1,0,4,42,12353,3054
TGTACTGTGCCAAAGT-1,0,5,43,12239,3249
GGCCACAAGCGATGGC-1,0,4,44,12127,3052
GTCAATTGTACTGAAG-1,0,5,45,12013,3248
AGGGACAGCACGGCGG-1,0,4,46,11901,3051
AGCTTATAGAGACCTG-1,0,5,47,11787,3247
AACTAGCGTATCGCAC-1,0,4,48,11675,3050
AACTTTAGCTGCTGAG-1,0,5,49,11561,3246
CCCAAGACAGAGTATG-1,0,4,50,11449,3049
GGCATCAACGAGCACG-1,0,5,51,11336,3245
ATGCATTCCGTGATGG-1,0,4,52,11224,3048
TTATAGATGCACATTA-1,0,5,53,11110,3244
GAACCATCTGGGAGAC-1,0,4,54,10998,3047
TGCTATACAAACGGAC-1,0,5,55,10884,3243
ACTTGCCATATTGTAC-1,0,4,56,10772,3046
TATTCCGGCAGTCCTA-1,0,5,57,10658,3242
GACGGACCGCGTTCCT-1,0,4,58,10546,3045
ATGTGTAGTTTAGTCA-1,0,5,59,10432,3241
ATACCAGCAAATTGCT-1,0,4,60,10320,3044
AAGTTTACTAATGGCA-1,0,5,61,10207,3240
CTCTCGATGTGCGCCT-1,0,4,62,10095,3043
GATTGACACTCTGCTC-1,0,5,63,9981,3238
TATCACAGCACGGGCA-1,0,4,64,9869,3041
ACCGTTCCCGCTCTGA-1,0,5,65,9755,3237
CCGCCACCACAATCCA-1,0,4,66,9643,3040
CATTCACTGACAGCTA-1,0,5,67,9529,3236
CGGCTGCAAGATTAAG-1,0,4,68,9417,3039
CATGAACCTCTTATCA-1,0,5,69,9303,3235
TTAATGCGAGGTAACT-1,0,4,70,9191,3038
AATAAGTCCTCGAGAC-1,0,5,71,9078,3234
ACCAGCCCGGTCTTTG-1,0,4,72,8966,3037
CTACGAACTAGGTCGA-1,0,5,73,8852,3233
ACATCTCAACGCGTAA-1,0,4,74,8740,3036
CACTACTCAGTTCTGT-1,0,5,75,8626,3232
CCGACTCGCATAGTCT-1,0,4,76,8514,3035
CATTTATCGTTCAAGA-1,0,5,77,8400,3231
CAAACGTGGTCTTGCG-1,0,4,78,8288,3034
TAGAAACCACTAAGTA-1,0,5,79,8174,3230
ACTGATTTAGTGATTC-1,0,4,80,8062,3033
TCGTATTTCGTCCGGA-1,0,5,81,7949,3229
CGGAAATTTCACATCC-1,0,4,82,7837,3032
ATCCACGCTAAATGTT-1,0,5,83,7723,3227
GTTCAATCTATGTCAA-1,0,4,84,7611,3030
ATAAAGGTCAAGTACG-1,0,5,85,7497,3226
CAACTCCAACGTTTAG-1,0,4,86,7385,3029
TAGGAACAGCCTCCAG-1,0,5,87,7271,3225
ATGGGAACGGAAGCGG-1,0,4,88,7159,3028
CACACGTTTCAATGGG-1,0,5,89,7045,3224
GGTGTTCTGTTTCTAC-1,0,4,90,6933,3027
AGTAACGTTCATCCTG-1,0,5,91,6820,3223
GTATAGTGGCCCATGT-1,0,4,92,6708,3026
TCTACACGTTCATGCA-1,0,5,93,6594,3222
AATCTGGGTAGACCCT-1,0,4,94,6482,3025
TCGGTTAGCCATGTAG-1,0,5,95,6368,3221
TGCCATGGCTTATAAG-1,0,4,96,6256,3024
TAAGTAAATGTGCCGC-1,0,5,97,6142,3220
GTGTCCGATAAGGCAT-1,0,4,98,6030,3023
TGGCACGAGCTCGAGT-1,0,5,99,5916,3219
ACCGGTCTGAGTACGG-1,0,4,100,5804,3022
GAACTTAGCGCCCGGT-1,0,5,101,5691,3218
AGTAGCTAGACGCCGA-1,0,4,102,5579,3021
ATAGGAATCTAAGCTT-1,0,5,103,5465,3216
CTTCCTGCATATTTAC-1,0,4,104,5353,3020
CAATATGTAGATTTAC-1,0,5,105,5239,3215
ACAAGGCCTACCAGCC-1,0,4,106,5127,3018
TTATAGTCCAAGGTGC-1,0,5,107,5013,3214
AAACGCCCGAGATCGG-1,0,4,108,4901,3017
CCTCGTTACGCCTGTT-1,0,5,109,4787,3213
GAACGGTGTAAAGCAG-1,0,4,110,4675,3016
ACGCATAAATGACATG-1,0,5,111,4562,3212
GGTTCGATGCTGAGTT-1,0,4,112,4450,3015
CTTTGGCAGACAGAGT-1,0,5,113,4336,3211
TTCGTGGGCTGGAAGC-1,0,4,114,4224,3014
CAAAGGTTAAATTCAG-1,0,5,115,4110,3210
GTTTGGCGTCAGGCAC-1,0,4,116,3998,3013
GCTTTCTATCTCAACT-1,0,5,117,3884,3209
TGCATCTCCGGATCTT-1,0,4,118,3772,3012
CTGAAACGGCCCTCAG-1,0,5,119,3658,3208
TAGCAGTAAATACGCG-1,0,4,120,3546,3011
CGGGCTACTTAAATTG-1,0,5,121,3433,3207
ATTATGCTCAGTATTG-1,0,4,122,3321,3010
TGATGCTCACGTAGTC-1,0,5,123,3207,3206
GTCTAAGATGCCCAGC-1,0,4,124,3095,3009
AACCCGATAGGGCTTC-1,0,5,125,2981,3204
CGCTATCGTGGCTTTA-1,0,4,126,2869,3007
CGTCTCTCGCCGAGGC-1,0,5,127,2755,3203
AGTGGGAGTATACACG-1,0,6,0,17092,3469
GGTCTTGGTGTTAACT-1,0,7,1,16979,3665
GGCTGGCAGCTTTATG-1,0,6,2,16867,3468
CGCCAATTATTGCGTT-1,0,7,3,16753,3664
GGTAACCGGCAAAGGT-1,0,6,4,16641,3467
TGGGACCATTGGGAGT-1,0,7,5,16527,3663
CTGCAGGTGCTCGGCC-1,0,6,6,16415,3466
CCGGTGCGAGTGATAG-1,0,7,7,16301,3662
GGGTACACTCTGGAGG-1,0,6,8,16189,3465
TAGCCAGAGGGTCCGG-1,0,7,9,16075,3661
CTTGTGAGGACAGCGG-1,0,6,10,15963,3464
GAAGGGCATAACCATG-1,0,7,11,15850,3660
CAACATGGCCTGATAA-1,0,6,12,15738,3463
CAATTTGACCGGGAAG-1,0,7,13,15624,3659
TCTGACTGTAATGGTT-1,0,6,14,15512,3462
TTCATAGCCTTGTAAC-1,0,7,15,15398,3658
TGGAAACGGAGTGAAC-1,0,6,16,15286,3461
ATCGCACGATTGTTCA-1,0,7,17,15172,3657
CGCCACCCGCATTAAC-1,0,6,18,15060,3460
TGGACCACGGCGTTGA-1,0,7,19,14946,3656
GTATATGTTACGGCGG-1,0,6,20,14834,3459
GTATTCTTACCGTGCT-1,0,7,21,14721,3654
TTCAGAGTAACCTGAC-1,0,6,22,14609,3457
GCGGTAACCCAAATGA-1,0,7,23,14495,3653
CTACGTGTTGCCACCA-1,0,6,24,14383,3456
CTAGATAAACTCCTCG-1,0,7,25,14269,3652
TCCATTAGTTGGATAG-1,0,6,26,14157,3455
CTGGCTCCTGCGGGAT-1,0,7,27,14043,3651
CAGTCTCTCGGCTAAT-1,0,6,28,13931,3454
GTATGACGTGGGAAAC-1,0,7,29,13817,3650
AGTCACTCCGCCTCAT-1,0,6,30,13705,3453
GCAGCGGTGGGCATTA-1,0,7,31,13592,3649
TATGGAGTTTCTCGTT-1,0,6,32,13480,3452
ACTCAACGAATGTATT-1,0,7,33,13366,3648
AACACGCGGCCGCGAA-1,0,6,34,13254,3451
CGATATTAGCCGCAGG-1,0,7,35,13140,3647
AGCGTCTGAACCCGCA-1,0,6,36,13028,3450
GATGTCCGGATCACAT-1,0,7,37,12914,3646
GGTCACGTTAGATTCA-1,0,6,38,12802,3449
TTAAGGATACGGAGGT-1,0,7,39,12688,3645
GTGCGGGACCATCGGC-1,0,6,40,12576,3448
CCATCTTGTTCACAAT-1,0,7,41,12463,3643
TCCGAGAAGGCTAAGC-1,0,6,42,12351,3446
TGGCGGTGTGCGATTG-1,0,7,43,12237,3642
ATCCTGCTGCAGATAG-1,0,6,44,12125,3445
TTATGCGTCCCGGTCC-1,0,7,45,12011,3641
CATAATGAGCGGGCGA-1,0,6,46,11899,3444
AGACATAGATCCTTCC-1,0,7,47,11785,3640
GGTGAAACCGGGAATG-1,0,6,48,11673,3443
AACTGGTGTGGGCCTT-1,0,7,49,11559,3639
GTAGCGCTGTTGTAGT-1,0,6,50,11448,3442
TTGTTTGTGTAAATTC-1,0,7,51,11334,3638
GGATCAAAGGACGAGG-1,0,6,52,11222,3441
CGTAGCGCCGACGTTG-1,0,7,53,11108,3637
CAAGTGAACTTTGGTT-1,0,6,54,10996,3440
GTAGACAACCGATGAA-1,0,7,55,10882,3636
CAATGGTCGGCCTGGG-1,0,6,56,10770,3439
ACAGATTAGGTTAGTG-1,0,7,57,10656,3635
GTTATCACCTTCTGAA-1,0,6,58,10544,3438
TGGTATCGGTCTGTAT-1,0,7,59,10430,3634
GGAATAACCTCAAGAA-1,0,6,60,10319,3437
ATTATCTCGACAGATC-1,0,7,61,10205,3632
CCGAGGGATGTTAGGC-1,0,6,62,10093,3435
TGAGATCAAATACTCA-1,0,7,63,9979,3631
AAACGAAGAACATACC-1,0,6,64,9867,3434
CTGGTCCTAACTTGGC-1,0,7,65,9753,3630
TGCACGAGTCGGCAGC-1,0,6,66,9641,3433
ATAGTCTTTGACGTGC-1,0,7,67,9527,3629
TGGAGCTAAAGTTCCC-1,0,6,68,9415,3432
GGGTGGTCCAGCCTGT-1,0,7,69,9301,3628
CATGCATGGAGACCCT-1,0,6,70,9190,3431
ACACGGCACTATGCAT-1,0,7,71,9076,3627
CCCTGGTATGGGCGGC-1,0,6,72,8964,3430
GGAGGATTGAAAGGAG-1,0,7,73,8850,3626
CCGCTGGTGCCATTCA-1,0,6,74,8738,3429
GTTAGAGTGTGCCGCT-1,0,7,75,8624,3625
TCGGAATGACCATCAA-1,0,6,76,8512,3428
TTCAATTAGCCATAAT-1,0,7,77,8398,3624
GATGTGTTGTCACAAG-1,0,6,78,8286,3427
TCTTTCTCTTAAGGAG-1,0,7,79,8172,3623
ACCCTTTAGTTCTCCA-1,0,6,80,8061,3426
ACCACAACTCAGAACA-1,0,7,81,7947,3621
TATGATAAATCTAACG-1,0,6,82,7835,3424
GATCCTCTTGCGCTTA-1,0,7,83,7721,3620
TTCTACCTTTATGTTG-1,0,6,84,7609,3423
GAAATACCTGCTGGCT-1,0,7,85,7495,3619
ATTCTGAGTATGAACT-1,0,6,86,7383,3422
GGATTAAGCTAAGGTC-1,0,7,87,7269,3618
AGTACGTGGCCTGTCT-1,0,6,88,7157,3421
TCAGGGTGCACGAAAC-1,0,7,89,7043,3617
AAATTTACCGAAATCC-1,0,6,90,6932,3420
TTGAGGCATTTAACTC-1,0,7,91,6818,3616
AACCAGTATCACTCTT-1,0,6,92,6706,3419
CACCGGAGATATCTCC-1,0,7,93,6592,3615
GACTGGGCGCCGCAAC-1,0,6,94,6480,3418
CACGTCTATGATGTGG-1,0,7,95,6366,3614
TTAAGACGAACGAACC-1,0,6,96,6254,3417
TGACCAGCTTCAAAGT-1,0,7,97,6140,3613
AGAGTTAGAGACCGAT-1,0,6,98,6028,3416
TTCGGACTGATGCCTT-1,0,7,99,5914,3612
CTCGAATGGAACGTAT-1,0,6,100,5803,3415
GGACGGCTTGCGCAAC-1,0,7,101,5689,3610
CTAAGTACAGGGCTAC-1,0,6,102,5577,3413
ACAAATTCAGATCTGA-1,0,7,103,5463,3609
CATGGAAATGGGACCA-1,0,6,104,5351,3412
GGTGGACCACGTGTTA-1,0,7,105,5237,3608
CACGACGTAATAGTAA-1,0,6,106,5125,3411
CGGGTTCGGCACGTAT-1,0,7,107,5011,3607
CTGGGCTATCCTTTGG-1,0,6,108,4899,3410
GTATTAGGGTTCGCGT-1,0,7,109,4785,3606
TCATTCGTATAATTTG-1,0,6,110,4674,3409
AATAGCAAGCCTCCTG-1,0,7,111,4560,3605
CATCTACCCGAGAACG-1,0,6,112,4448,3408
GCTTCAGTGGGATTAC-1,0,7,113,4334,3604
TCTGTGATGGAGGTTG-1,0,6,114,4222,3407
ATCCACTTTCAGACTA-1,0,7,115,4108,3603
ATGGTTACGAAACATG-1,0,6,116,3996,3406
GGCCCAATCTAGAGGG-1,0,7,117,3882,3602
GATGGTGAAATAACCC-1,0,6,118,3770,3405
AGAGGGACAATTGTCC-1,0,7,119,3656,3601
CGCGTACATTCTGGAA-1,0,6,120,3545,3404
CAAGAAACCCTAAACT-1,0,7,121,3431,3600
TTGGTGCGGTGTTGAA-1,0,6,122,3319,3403
GGTTCCCTAGTGTCTC-1,0,7,123,3205,3598
CGATAACCAATTTGAG-1,0,6,124,3093,3401
GCCCACTGGTCCACAA-1,0,7,125,2979,3597
GAGGGCCGGCAGAGTC-1,0,6,126,2867,3400
CGACACGGATGCCCAC-1,0,7,127,2753,3596
CTGTCTGTGGCTGGCT-1,0,8,0,17091,3862
ATATTATCCCGTATTT-1,0,9,1,16977,4058
GCGCTGGCGGAAAGTC-1,0,8,2,16865,3861
ATCTAACGTCCCTATG-1,0,9,3,16751,4057
GTCAGACAGCGTTGGA-1,0,8,4,16639,3860
GCCAGGCTTAGTGGTA-1,0,9,5,16525,4056
ATTCAAAGTACCTGTT-1,0,8,6,16413,3859
TGGACGTAGGCGAATC-1,0,9,7,16299,4055
ACACATTGACGCAACA-1,0,8,8,16187,3858
GATATCAGTATGTATC-1,0,9,9,16074,4054
TGGGCCTTGCCTGCAT-1,0,8,10,15962,3857
CAAAGTCAGGTTAGCT-1,0,9,11,15848,4053
GGATCCCTACCAGCTA-1,0,8,12,15736,3856
ATCGTCCAATCGAGTC-1,0,9,13,15622,4052
ACATGGCTCAATTTAG-1,0,8,14,15510,3855
AGGCCCAGTGACTGGT-1,0,9,15,15396,4051
GCTTCCAGCTTAGATT-1,0,8,16,15284,3854
TGCTTGAAACCATGCA-1,0,9,17,15170,4049
CAATATTGGACTAGTG-1,0,8,18,15058,3853
CGTGCTGGCCTAGTCG-1,0,9,19,14945,4048
CCTGCGATAGAACTGT-1,0,8,20,14833,3851
GGGTAATGCTGTGTTT-1,0,9,21,14719,4047
AACGCGAACGGCAACA-1,0,8,22,14607,3850
TGTCGGCATGGTGGAA-1,0,9,23,14493,4046
AGCGTACGAGAGCTAG-1,0,8,24,14381,3849
ATACTCTCGCCACTCT-1,0,9,25,14267,4045
AATCCATGCAAGGGTG-1,0,8,26,14155,3848
TTAAACAGAGTCCCGC-1,0,9,27,14041,4044
CCACAGCTGAAATCAT-1,0,8,28,13929,3847
CGGTTCCGGCTTCTTG-1,0,9,29,13816,4043
GACGTGAGACTCCATG-1,0,8,30,13704,3846
TCGTTGGCTCGTCAAT-1,0,9,31,13590,4042
GGTGAACGGGCTAGCC-1,0,8,32,13478,3845
GCACTGTGCAAATGTA-1,0,9,33,13364,4041
ACGAGAACCCATCACG-1,0,8,34,13252,3844
CCAGCTACGCCTCATA-1,0,9,35,13138,4040
TCCCGGTCAGGAATTT-1,0,8,36,13026,3843
TCGCATTCAATGACTT-1,0,9,37,12912,4039
CTGGTTCAACGCATCA-1,0,8,38,12800,3842
GGTGATTTCATCTTGT-1,0,9,39,12687,4037
CACCCTTTCCTCGCTC-1,0,8,40,12575,3840
CAACTTGTAGTGGGCA-1,0,9,41,12461,4036
AATATCAAGGTCGGAT-1,0,8,42,12349,3839
ACTCAGACCTGCTTCT-1,0,9,43,12235,4035
TTGGAGTCTCCCTTCT-1,0,8,44,12123,3838
GGATACTCATGAATTG-1,0,9,45,12009,4034
TGGGCACAAACAGAAC-1,0,8,46,11897,3837
GAGCCACGGTAGTAGG-1,0,9,47,11783,4033
TCGATAGGCTAGTCGC-1,0,8,48,11671,3836
TAACCGCCCGCAGTGC-1,0,9,49,11558,4032
GCCTATTTGCTACACA-1,0,8,50,11446,3835
TTGACGATTCAGCACG-1,0,9,51,11332,4031
TTAAACCGGTAGCGAC-1,0,8,52,11220,3834
ACCGAAAGGGCCCTGC-1,0,9,53,11106,4030
ACGTTCCGCGCTCCGT-1,0,8,54,10994,3833
ATACCAGGCTAATAGA-1,0,9,55,10880,4029
CGGCTTTGTATGATAA-1,0,8,56,10768,3832
CTTGACCCGAAAGATA-1,0,9,57,10654,4028
CGCAGAAACATTTGCG-1,0,8,58,10542,3831
GACCCGTCGCCGGCTA-1,0,9,59,10429,4026
AATCGGGACACTACGA-1,0,8,60,10317,3829
GTCACAAAGTTTCCAA-1,0,9,61,10203,4025
TATATTCGCGTCGATA-1,0,8,62,10091,3828
CCTCCCGACAATCCCT-1,0,9,63,9977,4024
CGACATGCGATCTTCT-1,0,8,64,9865,3827
AACACGACTGTACTGA-1,0,9,65,9751,4023
CCCAACCACACTAACA-1,0,8,66,9639,3826
CACCGCCGACCAGCGA-1,0,9,67,9525,4022
TGGTATCGCATCCCAA-1,0,8,68,9413,3825
CAGAGTGATTTAACGT-1,0,9,69,9300,4021
AACCCTGGTGGAACCA-1,0,8,70,9188,3824
GTCAGTTGTGCTCGTT-1,0,9,71,9074,4020
ATTGACGTAACTCGGT-1,0,8,72,8962,3823
GATGTCGGTCAACTGC-1,0,9,73,8848,4019
AGGGCAGCGGCGTGGT-1,0,8,74,8736,3822
ACATCGTTAACCTAGT-1,0,9,75,8622,4018
TCCATTGTGACCTCGT-1,0,8,76,8510,3821
TGTTTAATACTTCATC-1,0,9,77,8396,4017
TTGCTGGCCGGGCTTC-1,0,8,78,8284,3820
CATATTATTTGCCCTA-1,0,9,79,8171,4015
CTGCCTAGCCACCAAG-1,0,8,80,8059,3818
ACGAGATATTTGCTTA-1,0,9,81,7945,4014
GACTACAATTGCTCGT-1,0,8,82,7833,3817
AACGTGATGAAGGACA-1,0,9,83,7719,4013
ACTCTCTTATACACGA-1,0,8,84,7607,3816
CGCATCATGGCTTCAG-1,0,9,85,7493,4012
CGGCTCTTCGTCGAAC-1,0,8,86,7381,3815
ATTCTTCGTACTTATG-1,0,9,87,7267,4011
AGTGAGGGTTTCTGAC-1,0,8,88,7155,3814
GCCAGGCGTTCGCATG-1,0,9,89,7042,4010
GACTAACACAGCACCT-1,0,8,90,6930,3813
CAATGGAATCTACATA-1,0,9,91,6816,4009
GTGGTCAGCGAAGTAT-1,0,8,92,6704,3812
ATGGCTGGAAATGGCC-1,0,9,93,6590,4008
ATCAGGTCGCCATTGC-1,0,8,94,6478,3811
TATCACCATGTAAAGT-1,0,9,95,6364,4007
AGCGCTTATGGGCAAG-1,0,8,96,6252,3810
AAGCGGCGTCATGGGT-1,0,9,97,6138,4006
ACTAATACGTCAGGCG-1,0,8,98,6026,3809
GGCTGAGCATCGTAAG-1,0,9,99,5913,4004
CGGTTGGGTTCAAGTT-1,0,8,100,5801,3807
GACTGATTGGTCACAA-1,0,9,101,5687,4003
AGACGGGCCGATTTAA-1,0,8,102,5575,3806
ACCAGTGCCCGGTCAA-1,0,9,103,5461,4002
GTCCTTTAATGACTTC-1,0,8,104,5349,3805
CCTACAAGTCCGGAAT-1,0,9,105,5235,4001
GCCTGCTACACTGAGA-1,0,8,106,5123,3804
GACTCGGTCGGCGGAT-1,0,9,107,5009,4000
CTAGACATATATGTAG-1,0,8,108,4897,3803
TCGCCCAACTGACTCC-1,0,9,109,4784,3999
AAACTAACGTGGCGAC-1,0,8,110,4672,3802
AACTGAGGTCAGCGTC-1,0,9,111,4558,3998
ACAATGATTCTTCTAC-1,0,8,112,4446,3801
ATAAGTACCCGATTGT-1,0,9,113,4332,3997
ATTGGGAGTTCTGTAA-1,0,8,114,4220,3800
CGAACATAGTCAGAAA-1,0,9,115,4106,3996
TAGCTCAGATCCTAGT-1,0,8,116,3994,3799
GTGTCGTATTCACCTT-1,0,9,117,3880,3995
CTCACCGATCCAAACT-1,0,8,118,3768,3798
ATATGTGCACAAACCA-1,0,9,119,3655,3993
CAGTCCAACGCCTTCT-1,0,8,120,3543,3796
TCGTCCGGGTACACTC-1,0,9,121,3429,3992
GCAGAAACGTAATCCA-1,0,8,122,3317,3795
TTCGAGCCGGCGCTAC-1,0,9,123,3203,3991
GGAAGATAAGACTGTA-1,0,8,124,3091,3794
ATAAGCAAACACCGAG-1,0,9,125,2977,3990
GCATAAATTGAACGCC-1,0,8,126,2865,3793
CGCCGGTGTCGCAGTA-1,0,9,127,2751,3989
GACCTGGTCTGGGCGT-1,0,10,0,17089,4255
AGCCGCTTGATTAGCG-1,0,11,1,16975,4451
CCCGGCTAGGTGAGAA-1,0,10,2,16863,4254
CGAGCCGAGCACTCGA-1,0,11,3,16749,4450
TAGTGCTTGAATCCTT-1,0,10,4,16637,4253
CAACCGCACCTAGACA-1,0,11,5,16523,4449
ACCACTGTTCAAGAAG-1,0,10,6,16411,4252
AGATGCTATAACGAGC-1,0,11,7,16297,4448
AATTACTCGTACGCTC-1,0,10,8,16185,4251
CGTCAATCTTTAACAT-1,0,11,9,16072,4447
CCAAAGCAGTTGGTTG-1,0,10,10,15960,4250
CCATATTGGATCATGA-1,0,11,11,15846,4446
CGTACCGAAAGTCTAG-1,0,10,12,15734,4249
CTCGAGATCCAAAGCA-1,0,11,13,15620,4445
TGGATAGAGTAACAGA-1,0,10,14,15508,4248
TCACAGATCCTCAAAC-1,0,11,15,15394,4443
AGAGCTACGAAAGCAT-1,0,10,16,15282,4246
TGCGTGATTGGGTGTC-1,0,11,17,15168,4442
CACATGTTTGGACATG-1,0,10,18,15056,4245
TTCGCATCCGGAAGCA-1,0,11,19,14943,4441
CCCTAGTGTCAGGTGT-1,0,10,20,14831,4244
TTACCGCCTTAGGGAA-1,0,11,21,14717,4440
CCAGTCCATTATTCGA-1,0,10,22,14605,4243
CGTAAACGCTTGAGTG-1,0,11,23,14491,4439
ATTCCTTCCAGGCGGT-1,0,10,24,14379,4242
TTCCTTTCTGTGTTGC-1,0,11,25,14265,4438
AGTTGACATCGGCTGG-1,0,10,26,14153,4241
AACTCGATGGCGCAGT-1,0,11,27,14039,4437
GATAAGGCAGATGCAA-1,0,10,28,13927,4240
GGCTGGCTAGCTTAAA-1,0,11,29,13814,4436
CCTCATGCAGCTACGA-1,0,10,30,13702,4239
GACGCCTGTTGCAGGG-1,0,11,31,13588,4435
TAATTAGATGGATATG-1,0,10,32,13476,4238
GAGGGCATCGCGTATC-1,0,11,33,13362,4434
CTTGTGAGTCTTTGAC-1,0,10,34,13250,4237
TCAACACATTGGGTAA-1,0,11,35,13136,4433
ACTGTATACGCGAGCA-1,0,10,36,13024,4236
GTGAAACGTGCTCCAC-1,0,11,37,12910,4431
CGAGTGCTATAGTTCG-1,0,10,38,12798,4234
GTACTGCATGAAGCGT-1,0,11,39,12685,4430
GTAACTTGCGGCAGTC-1,0,10,40,12573,4233
GAATCGCCGGACACGG-1,0,11,41,12459,4429
GGGAGTAATGGCTGGC-1,0,10,42,12347,4232
CATGAACCGACATTTG-1,0,11,43,12233,4428
TCTGTCATACAAGAGC-1,0,10,44,12121,4231
GTCGTCAATTATAAGG-1,1,11,45,12007,4427
TAAAGAGCCCGAAACC-1,0,10,46,11895,4230
GTACTGAGGTCGTAAC-1,1,11,47,11781,4426
AAAGACCCAAGTCGCG-1,0,10,48,11669,4229
CGTCAGTGCGCACAAG-1,0,11,49,11556,4425
TGTATCCTTATTCCAT-1,0,10,50,11444,4228
ATTCTCGTCTCTTTAG-1,0,11,51,11330,4424
AAAGTCACTGATGTAA-1,0,10,52,11218,4227
TGTCTACAGTTTCTGT-1,0,11,53,11104,4423
TTAACGTCGCAAGACC-1,0,10,54,10992,4226
CTATGTCTATTGAAAC-1,0,11,55,10878,4422
TCGGGTGAAACTGCTA-1,0,10,56,10766,4225
TGTCCCGACATAGCAC-1,0,11,57,10652,4420
ACAGCATAGAGCCAGT-1,0,10,58,10540,4223
ATATTCCCACAGGTCA-1,0,11,59,10427,4419
TTGGATCGACTTCTGG-1,0,10,60,10315,4222
CACCATCGGAGGAGAC-1,0,11,61,10201,4418
TCGTTCGTTATTATGT-1,0,10,62,10089,4221
CTTAACTTCGAAGTAC-1,0,11,63,9975,4417
GCACAAGTGTCGGAAG-1,0,10,64,9863,4220
TACCAGCTAGGTTTAA-1,0,11,65,9749,4416
ACGTACAGATTTCTCT-1,0,10,66,9637,4219
AATTTGGTTCCAAAGA-1,0,11,67,9523,4415
GTAAGGATTTGTCGGA-1,0,10,68,9411,4218
CATCATCTACCCGGAC-1,0,11,69,9298,4414
ACGATGGATCCGATGC-1,0,10,70,9186,4217
CACTCAGCTCTTGAGG-1,0,11,71,9072,4413
TAGATCCGAAGTCGCA-1,0,10,72,8960,4216
TGAAACTTATGCAAGC-1,0,11,73,8846,4412
GCGATTCTGGAAGCAG-1,0,10,74,8734,4215
CAAACTATTGAGCTTC-1,0,11,75,8620,4411
TAGAATTAAGGGCAAC-1,0,10,76,8508,4214
CGAAACATAGATGGCA-1,0,11,77,8394,4409
GATGGTGCCCTAGGCA-1,0,10,78,8282,4212
CCCGCAGGGCCCAAAG-1,0,11,79,8169,4408
ACAGCGCACCCGCAGC-1,0,10,80,8057,4211
GGTAAATGTGCGTTAC-1,0,11,81,7943,4407
GTCCTTCTAGTGGGTT-1,0,10,82,7831,4210
GGAAGCTCGCTTACAG-1,0,11,83,7717,4406
CACCGATACACCGAGC-1,0,10,84,7605,4209
CAGCCGGGCCCTCTAT-1,0,11,85,7491,4405
CGGAGCTTATAACACC-1,0,10,86,7379,4208
ATTACAACTACCGGCC-1,0,11,87,7265,4404
TCCTCTGGCCCATTAG-1,0,10,88,7154,4207
CGGCACCGTTAGCGCC-1,0,11,89,7040,4403
TCGGTCCCTGACTCCA-1,0,10,90,6928,4206
TGGTTGGAGGATCCTG-1,0,11,91,6814,4402
CTGCGGTAGTCACGTG-1,0,10,92,6702,4205
GTGCCTCAGTGTACGG-1,0,11,93,6588,4401
ATCGTTCACTTTCGCC-1,0,10,94,6476,4204
ACTTACCGGGCGCGCA-1,0,11,95,6362,4400
CTAGACTGCATTTCGT-1,0,10,96,6250,4203
TTGCCGGTGATCCCTC-1,0,11,97,6136,4398
CTGTCACGCCAGGCGC-1,0,10,98,6025,4201
CGGTATAGGTATTAGC-1,0,11,99,5911,4397
CCAACGCTTGCCAGGG-1,0,10,100,5799,4200
CGTTGAGTAATTGCGT-1,0,11,101,5685,4396
TGTATTTACCTAATGC-1,0,10,102,5573,4199
TAAATGCCGTCTCATG-1,0,11,103,5459,4395
CGGTTTATGAAGGAAC-1,0,10,104,5347,4198
GCAAGATGTGTTCGCG-1,0,11,105,5233,4394
AAAGGTAAGCTGTACC-1,0,10,106,5121,4197
GTACGTCACGTATTAA-1,0,11,107,5007,4393
AGTACCTTCGAGTGCT-1,0,10,108,4896,4196
ATTGTGACTTCGCTGC-1,0,11,109,4782,4392
TGTATCAGACTGAAGC-1,0,10,110,4670,4195
GAGACCCTGCAACGCC-1,0,11,111,4556,4391
TGGGTGGGATGTCATT-1,0,10,112,4444,4194
GGCTAATGATTGAAAT-1,0,11,113,4330,4390
ATAACGTTACCTCCAC-1,0,10,114,4218,4193
TGCGAGATGGCGGCCA-1,0,11,115,4104,4389
CACACTTGTATTGCGA-1,0,10,116,3992,4192
GCTGGTGACTCGTAGT-1,0,11,117,3878,4387
CGACACCGCTTAAGGA-1,0,10,118,3767,4190
GTAACAACTGACCTTG-1,0,11,119,3653,4386
CAACTGAGGGTATGAC-1,0,10,120,3541,4189
CTAATTATGAAGCGTA-1,0,11,121,3427,4385
CCGATCTTAAGAGGCT-1,0,10,122,3315,4188
CGACTCGGTACACGGT-1,0,11,123,3201,4384
TGCTGCGTCAGAGTTA-1,0,10,124,3089,4187
AGAGTTGCAGGCCTCC-1,0,11,125,2975,4383
ACTGGCGAACCTGCGT-1,0,10,126,2863,4186
ACTAAGGACGCACACC-1,0,11,127,2749,4382
CGTCCAGATGGCTCCA-1,0,12,0,17087,4648
ACTATCGCCGGCTAAA-1,0,13,1,16973,4844
GATAGCGTACCACGCG-1,0,12,2,16861,4647
AGGACTTATAGGAGAA-1,0,13,3,16747,4843
TAGTCGGGATTCTTCG-1,0,12,4,16635,4646
ACCATTAAGGGTGTCA-1,0,13,5,16521,4842
TTAATGTGTTTGCAGG-1,0,12,6,16409,4645
TCCGCAGCCACCTAGC-1,0,13,7,16295,4841
GAGGAGATCCTCATGC-1,0,12,8,16184,4644
GGTCCTTCATACGACT-1,0,13,9,16070,4840
CCCTGTTGGCAAAGAC-1,0,12,10,15958,4643
GTGCCTAGCTATGCTT-1,0,13,11,15844,4839
GTCATCTCCTACAGCT-1,0,12,12,15732,4642
GCGAGAAACGGGAGTT-1,0,13,13,15618,4837
CGTCGCGGCGGGATTT-1,0,12,14,15506,4640
CATTGTGTGCTAGATC-1,0,13,15,15392,4836
CGCGGCAGTATTACGG-1,0,12,16,15280,4639
GAAATGGGATGTAAAC-1,0,13,17,15166,4835
CATTCCCTAAGTACAA-1,0,12,18,15055,4638
AGTTCTGCGTTGTATC-1,0,13,19,14941,4834
ACCCTATAGGACTGAG-1,0,12,20,14829,4637
TTAGATAGGTCGATAC-1,0,13,21,14715,4833
ATTGATAGCAACGAGA-1,0,12,22,14603,4636
TCTCGGCTCCAGGACT-1,0,13,23,14489,4832
CTTGAGGTTATCCCGA-1,0,12,24,14377,4635
AAGAAGGATCAGTTAG-1,0,13,25,14263,4831
GTACGACGGCGCTGCG-1,0,12,26,14151,4634
CTTATGTTGACTACCA-1,0,13,27,14038,4830
CGGCACTCAAGAAAGT-1,0,12,28,13926,4633
GTCAAAGTTTACATAG-1,0,13,29,13812,4829
CTCCTAAGTTATGTCT-1,0,12,30,13700,4632
ACTGTGCTAGTAGATC-1,0,13,31,13586,4828
GTTTGGCCGCTCAGCG-1,0,12,32,13474,4631
TTATCCAATCGAACTC-1,0,13,33,13360,4826
CCGTACCCAAGCGCCA-1,0,12,34,13248,4629
CATACAAAGCCGAACC-1,0,13,35,13134,4825
GGTCGGTAATTAGACA-1,0,12,36,13022,4628
AGCGGGAAGGGTCCAT-1,0,13,37,12909,4824
GCCCACCAAGGCTGTC-1,0,12,38,12797,4627
GTAGACGTCGTTACAT-1,0,13,39,12683,4823
GAGCATCATCCCTGGG-1,0,12,40,12571,4626
AGGTAACCTCCTATTC-1,0,13,41,12457,4822
GGTTTGAGTGCTGGAA-1,0,12,42,12345,4625
GCACTAGTCGCGCTAT-1,1,13,43,12231,4821
GGTAACTATGTATCTG-1,1,12,44,12119,4624
GCGGTCCCTAGACGCA-1,1,13,45,12005,4820
CGAGCGTTGATCAGCC-1,1,12,46,11893,4623
AATCCAAGGGCCTGAG-1,1,13,47,11780,4819
CCGTGCCCATGACGGC-1,1,12,48,11668,4622
GAAATTCACATCGCTG-1,1,13,49,11554,4818
CTCTGCGAAGCAAGCA-1,0,12,50,11442,4621
AGTAGGTAACATACAT-1,0,13,51,11328,4817
ATTGGGAATATCTTGG-1,0,12,52,11216,4620
TAGAGCTACGAAGAAC-1,0,13,53,11102,4816
TGCGGCATAGTTCAAC-1,0,12,54,10990,4619
CCGCCGGTCAACACAC-1,0,13,55,10876,4814
TCGTATAGTGCAATTA-1,0,12,56,10764,4617
TAGTTTATTCTTGCTT-1,0,13,57,10651,4813
GATATCTCATGCAATA-1,0,12,58,10539,4616
CGTTTAAGCGGAGCAC-1,0,13,59,10425,4812
CATGCTGGCTCCAATT-1,0,12,60,10313,4615
GAAACAGCCATGCAGT-1,0,13,61,10199,4811
AGTTTCGCAGGTCGGA-1,0,12,62,10087,4614
CTCATGGCTCACAATC-1,0,13,63,9973,4810
AACCGTTGTGTTTGCT-1,0,12,64,9861,4613
ACCCTTCATCTGCGAA-1,0,13,65,9747,4809
TGCGGTGAAATTTCAT-1,0,12,66,9635,4612
CAAATTGTCAGCAAGC-1,0,13,67,9522,4808
GAGGTACATCCATCTT-1,0,12,68,9410,4611
AAATGGCATGTCTTGT-1,0,13,69,9296,4807
TCATCCCAGAGGGTGG-1,0,12,70,9184,4610
CGTAGCGAATTGTCAG-1,0,13,71,9070,4806
CCTAGTTAGTCGCATG-1,0,12,72,8958,4609
GAAACTCTAATGAAGG-1,0,13,73,8844,4805
TTGTATCACACAGAAT-1,0,12,74,8732,4608
TTCAAGCCGAGCTGAG-1,0,13,75,8618,4803
AGGTACGATATTGCCA-1,0,12,76,8506,4606
TTAAGCCGACAACTTC-1,0,13,77,8393,4802
GTCTTAGTACAGCCGG-1,0,12,78,8281,4605
TGGGTAAGGTTCCCGC-1,0,13,79,8167,4801
CTACGCCATTTCCGAT-1,0,12,80,8055,4604
GACCGTCAGGTCGTGA-1,0,13,81,7941,4800
TAGTTAAGATAGGATA-1,0,12,82,7829,4603
GAATATTCGGAGTCCC-1,0,13,83,7715,4799
CAAACTACGATAGAGA-1,0,12,84,7603,4602
CAGGAAGACTTTATAT-1,0,13,85,7489,4798
TTCGTAATCCCAGCGG-1,0,12,86,7377,4601
GTGAGGAGCGGTTGAG-1,0,13,87,7264,4797
CAATCCCTATACCAGC-1,0,12,88,7152,4600
AGGGAAACGAGGTACT-1,0,13,89,7038,4796
TCCTGCCAACTGGAGA-1,0,12,90,6926,4599
AATTTGGGACATAGTA-1,0,13,91,6812,4795
AACTCCTAATCCCATG-1,0,12,92,6700,4598
GCTCATTACTGCATGT-1,0,13,93,6586,4794
TCTCGAACGAGGTCAC-1,0,12,94,6474,4597
TCACTACGACCAATGC-1,0,13,95,6360,4792
GTGATGCACAACATCT-1,0,12,96,6248,4595
CCGACGTAAACACAAC-1,0,13,97,6135,4791
TGGGATGCACTCATTC-1,0,12,98,6023,4594
TTCCATCATGCGGTGA-1,0,13,99,5909,4790
TGCACAGTGAAGTTAT-1,0,12,100,5797,4593
CTATTGTGTTTGGTCA-1,0,13,101,5683,4789
TGCGAGCCCTTCCGCG-1,0,12,102,5571,4592
TTGAAAGGTGTAAAGG-1,0,13,103,5457,4788
GGTGCAGAGCCTATCG-1,0,12,104,5345,4591
ACTATATGCTGTGTTC-1,0,13,105,5231,4787
TCCTGGCGCTGCCTGG-1,0,12,106,5119,4590
GAGCCGAGCGTTTATT-1,0,13,107,5006,4786
AGAATGCGGGTTCGGA-1,0,12,108,4894,4589
ATGCGACAATTGGTCC-1,0,13,109,4780,4785
TTCCGGCTCGACTTCT-1,0,12,110,4668,4588
TGATTATGGCACGCAG-1,0,13,111,4554,4784
GGTTTGACAAGAAGCT-1,0,12,112,4442,4587
GCAGCTATGGACAGGT-1,0,13,113,4328,4783
CACCATGATCGCAAAG-1,0,12,114,4216,4586
GTCGGAAGGATACCAG-1,0,13,115,4102,4781
GGCCCAGTTATCAGCA-1,0,12,116,3990,4584
GGGCCTATTTAAGTAT-1,0,13,117,3877,4780
GTTGTTACATTGCGCT-1,0,12,118,3765,4583
CAACTCCGTAACTTGC-1,0,13,119,3651,4779
GATCTTTGCTCAAAGA-1,0,12,120,3539,4582
TCGCTTAATTACGAAG-1,0,13,121,3425,4778
CGATCATTAGAGGCAC-1,0,12,122,3313,4581
TGTTCTCTACTCCCTA-1,0,13,123,3199,4777
GCTTAGGGAAGCGGTA-1,0,12,124,3087,4580
CAGGTTTAGTACTACA-1,0,13,125,2973,4776
AAGCGGAGTGCGCGCA-1,0,12,126,2861,4579
TCAGATGGAGACGTAG-1,0,13,127,2748,4775
TCGCACTAACGTTTGT-1,0,14,0,17085,5041
CACGTCGGGTTCTAGA-1,0,15,1,16971,5237
GGAGTACACATGAGCT-1,0,14,2,16859,5040
GTGTGTCGACGTCGCT-1,0,15,3,16745,5236
GAAGCTCTTTGCTTAG-1,0,14,4,16633,5039
ACACCGAGCGCTCTTT-1,0,15,5,16519,5235
CGTAATAATTACGAGT-1,0,14,6,16407,5038
CATCAACACCTACTAA-1,0,15,7,16294,5234
CCAAGTTTCTACAGAT-1,0,14,8,16182,5037
ACGGGTCATGTGACTT-1,0,15,9,16068,5233
AGTGTGCTAAGATCGC-1,0,14,10,15956,5036
GGCGGTTTGCCGGTGC-1,0,15,11,15842,5231
GTATAATCTCCCGGAT-1,0,14,12,15730,5034
TAGTCCGTATGCATAA-1,0,15,13,15616,5230
CACTTCGTCTTATCTC-1,0,14,14,15504,5033
CATCCGCAGGCCCGAA-1,0,15,15,15390,5229
CCCTGATGTAACTCGT-1,0,14,16,15278,5032
CCATAGTCAGTAACCC-1,0,15,17,15165,5228
CGGGCCATAGCCGCAC-1,0,14,18,15053,5031
CTCCGGCTTGTAGACA-1,0,15,19,14939,5227
AACTTGCGTTCTCGCG-1,0,14,20,14827,5030
AATGAGTTCGCATATG-1,0,15,21,14713,5226
CGAGGCCAGGCATTGG-1,0,14,22,14601,5029
TCTGCGTCCGGTTTCT-1,0,15,23,14487,5225
CAATCCTGCCGTGGAG-1,0,14,24,14375,5028
CTGAGCAAGTAACAAG-1,0,15,25,14261,5224
GGGTACCCACGGTCCT-1,0,14,26,14149,5027
ACGGAATTTAGCAAAT-1,0,15,27,14036,5223
GGGCGGTCCTATTGTC-1,0,14,28,13924,5026
ATGTTACGAGCAATAC-1,0,15,29,13810,5222
AACCATGGGATCGCTA-1,0,14,30,13698,5025
TCGCATCCCTAAGTGT-1,0,15,31,13584,5220
ACTTAGTACGACAAGA-1,0,14,32,13472,5023
GAGCTCTCGGACCTAA-1,0,15,33,13358,5219
TCTATTACGCTGGCGA-1,0,14,34,13246,5022
AGATACGACTTCATAT-1,0,15,35,13132,5218
CGCTATACCGCCCACT-1,0,14,36,13020,5021
CAGTGTCCGCAGAATG-1,0,15,37,12907,5217
CCATCCATACCAAGTC-1,0,14,38,12795,5020
AACCCAGAGACGGAGA-1,0,15,39,12681,5216
GAAGAACGGTGCAGGT-1,0,14,40,12569,5019
GATAAATCGGTGGATG-1,0,15,41,12455,5215
CAGCTCGTGCTTGTGT-1,0,14,42,12343,5018
GAGTACGGGTATACAA-1,1,15,43,12229,5214
CATCGCCCGCGGCCAA-1,1,14,44,12117,5017
TCTTACAGAGGTACCG-1,1,15,45,12003,5213
TGGAAGACGAACACCA-1,1,14,46,11891,5016
GTTGTCGTGTTAGTTG-1,1,15,47,11778,5212
CCAAGGAACAGAGAGG-1,1,14,48,11666,5015
CTGCACCTGGAACCGC-1,1,15,49,11552,5211
CGCTTTCATACCGGTG-1,1,14,50,11440,5014
GTTCTTCCCTCGATGT-1,1,15,51,11326,5209
ATTTAACTCGTATTAC-1,0,14,52,11214,5013
AACGATAGAAGGGCCG-1,0,15,53,11100,5208
TATCCTGCATGGGAAT-1,0,14,54,10988,5011
AGGCCCATTGTACAGG-1,0,15,55,10874,5207
CCGGCGCATATTGGAT-1,0,14,56,10762,5010
ATCTGTAATTGTACCC-1,0,15,57,10649,5206
GAGCGAGGGAGTACCG-1,0,14,58,10537,5009
TTATTAGGGAAGCATC-1,0,15,59,10423,5205
CTTCTTACGTCGTATA-1,0,14,60,10311,5008
GAAGTGCTGGATAGCT-1,0,15,61,10197,5204
GTGCAACAAATGTGGC-1,0,14,62,10085,5007
CATGCGTTAGACAGAA-1,0,15,63,9971,5203
ACACACTTTCTACACG-1,0,14,64,9859,5006
AGCCCTAAGCGAAGTT-1,0,15,65,9745,5202
ATTAATTCGGTCACTC-1,0,14,66,9633,5005
AACAGGAAATCGAATA-1,0,15,67,9520,5201
ACGTTTAGTTGTGATC-1,0,14,68,9408,5004
TCCTTCAGTGGTCGAA-1,0,15,69,9294,5200
CGAACGCCCAGTGCCG-1,0,14,70,9182,5003
CCTCGAAGTGGACGGG-1,0,15,71,9068,5199
CTCTGTTTGAGGATTC-1,0,14,72,8956,5002
TGGGCACGTTCTATGG-1,0,15,73,8842,5197
ACTATTCGTCCGTGGT-1,0,14,74,8730,5000
CCTCTGGCCTAGACGG-1,0,15,75,8616,5196
CCATAAACAACCCGAC-1,0,14,76,8504,4999
CATAGTACATTGAGAG-1,0,15,77,8391,5195
ATTTCATTATTTCGCG-1,0,14,78,8279,4998
CAACTATATCGAATGC-1,0,15,79,8165,5194
CTAGTATTCGGAATTA-1,0,14,80,8053,4997
GTGGAACCTACATGCG-1,0,15,81,7939,5193
CCTAAAGGCTGACGCT-1,0,14,82,7827,4996
CGTGACATTGGGTCGT-1,0,15,83,7713,5192
CCAATCGGTAGATCGA-1,0,14,84,7601,4995
ATTGTCGCAATACCTT-1,0,15,85,7487,5191
AAATTACACGACTCTG-1,0,14,86,7375,4994
CACTCCTCTCGGTCGG-1,0,15,87,7262,5190
AAATAACCATACGGGA-1,0,14,88,7150,4993
AGTTACTCTATCGTGG-1,0,15,89,7036,5189
CGTTAGCTCACAACTG-1,0,14,90,6924,4992
GAATGTATGGCAGGTC-1,0,15,91,6810,5188
GCAACCACCAGACCGG-1,0,14,92,6698,4991
TCACTCGTGCAACGGC-1,0,15,93,6584,5186
AAACAGAGCGACTCCT-1,0,14,94,6472,4989
CAGCCTCTCCTCAAGA-1,0,15,95,6358,5185
TTGCGTGAACGCTTAG-1,0,14,96,6246,4988
CCGCCTGCGAATTGGT-1,0,15,97,6133,5184
AGATGAGGGTTGCGAT-1,0,14,98,6021,4987
CGGTGGGCTCCAGCCT-1,0,15,99,5907,5183
GGCAGCGGTAATCCTA-1,0,14,100,5795,4986
GCTAGCAGGGAGTGGG-1,0,15,101,5681,5182
CTCAAGACATTAGCGC-1,0,14,102,5569,4985
CACGGCGCGCCAAAGG-1,0,15,103,5455,5181
TGCAATTTGGGCACGG-1,0,14,104,5343,4984
ATGCCAATCGCTCTGC-1,0,15,105,5229,5180
GCTGGACCCAAAGTGG-1,0,14,106,5117,4983
ATTCCTAAGACGTGGA-1,0,15,107,5004,5179
TCCGGAGGAAGGGCTG-1,0,14,108,4892,4982
TCGGTGACCGCTCCGG-1,0,15,109,4778,5178
TCCGAAGTAGTCACCA-1,0,14,110,4666,4981
CATGTAGGAGCGCCAA-1,0,15,111,4552,5177
CACAAGAAAGATATTA-1,0,14,112,4440,4980
AGGGTCAGTAACCCTA-1,0,15,113,4326,5175
TAAGCCCTTACGACCA-1,0,14,114,4214,4978
ATACCGTCATCCATAA-1,0,15,115,4100,5174
GGACGTCCATAGTTGG-1,0,14,116,3988,4977
CATCAAACTGGCGCCC-1,0,15,117,3875,5173
AAACGTGTTCGCCCTA-1,0,14,118,3763,4976
AAATTGGTGAGAAGCA-1,0,15,119,3649,5172
GGTCATTGTAGTCATA-1,0,14,120,3537,4975
TGCAGTGAGGCTCGGG-1,0,15,121,3423,5171
GAACATTAGTATGTTA-1,0,14,122,3311,4974
GGTTTGCGAACACGTA-1,0,15,123,3197,5170
ACACAAATATTCCTAG-1,0,14,124,3085,4973
TTGGGTTTATTCAGCG-1,0,15,125,2971,5169
ATTCGCAGAGGACACT-1,0,14,126,2860,4972
GATTTAGTGCGTACTG-1,0,15,127,2746,5168
TAGAAACACAATAGTG-1,0,16,0,17083,5434
CAGTAGATGATGTCCG-1,0,17,1,16969,5630
TCTTAACTCGGATGTA-1,0,16,2,16857,5433
TACATCTTGTTTCTTG-1,0,17,3,16743,5629
TTCATAGGGTGTCCAT-1,0,16,4,16631,5432
TGAAGTAGCTTACGGA-1,0,17,5,16517,5628
GCACAAGTGGATCATA-1,0,16,6,16406,5431
GGGCGAATTTCTCCAC-1,0,17,7,16292,5627
ATGTTCCTGCCCACCT-1,0,16,8,16180,5430
GCTCAACCTCTTAGAG-1,0,17,9,16066,5625
ATAGCTGCTCTTGTTA-1,0,16,10,15954,5428
CGTCAGCTATTTACTC-1,0,17,11,15840,5624
ATCTGATAGTGTCTTA-1,0,16,12,15728,5427
TGCACTATGTGAGTGC-1,0,17,13,15614,5623
CCGACAAACACATGAG-1,0,16,14,15502,5426
GCCTTGTATATGCAGT-1,0,17,15,15388,5622
ATAATACCGTTAGCCG-1,0,16,16,15277,5425
ACACTCCAATGTCACT-1,0,17,17,15163,5621
AGTTGCTGACTGATAT-1,0,16,18,15051,5424
GGCGCTCCTCATCAAT-1,0,17,19,14937,5620
TGCCTGACATCGGTCA-1,0,16,20,14825,5423
TTGGCCATCTTGCGCT-1,0,17,21,14711,5619
CAGTGGTTGCACATGA-1,0,16,22,14599,5422
AGAATTGTTTGACATA-1,0,17,23,14485,5618
AAATGCTCGTTACGTT-1,0,16,24,14373,5421
CACCTAATAGAGTCGT-1,0,17,25,14259,5617
CATTTCTAGCAGACTA-1,0,16,26,14148,5420
CCGAAAGTGGTGAGCA-1,0,17,27,14034,5616
AGTCAGCCACCGCCTG-1,0,16,28,13922,5419
TCATCACTCGAGCTCG-1,0,17,29,13808,5614
CTCAGGACTCACCTGT-1,0,16,30,13696,5417
CGGTGTACTTGATCCC-1,0,17,31,13582,5613
CCTACGGCTCAGTCGA-1,0,16,32,13470,5416
GTACTTGGGCACTTCT-1,0,17,33,13356,5612
TGATTTCCTCCTGACG-1,0,16,34,13244,5415
CCTCACCAATCTTGAC-1,0,17,35,13130,5611
GGTGAGATGCAGATAA-1,0,16,36,13019,5414
GCTAGTTTCATTGAGG-1,0,17,37,12905,5610
AGGACATCGCACGTCG-1,0,16,38,12793,5413
GTGGACGTGCTGAGAC-1,0,17,39,12679,5609
TAAGGAACTTGTGGGA-1,0,16,40,12567,5412
TCGCTGTGCGTAAATC-1,0,17,41,12453,5608
GCATCCCTAACTTTGA-1,0,16,42,12341,5411
CACCCACACGTCACCC-1,0,17,43,12227,5607
CCCTCATTCTGGAATT-1,1,16,44,12115,5410
AGGGCGTGATCGGCTA-1,1,17,45,12001,5606
GGTGCGGATAAGTGGC-1,1,16,46,11890,5409
TAATATTGAAATTCGC-1,1,17,47,11776,5605
CTTACACTGGGAAATA-1,1,16,48,11664,5408
ACCAAGAACGCGTGTC-1,1,17,49,11550,5603
GCCTTCAGCCCTACCG-1,1,16,50,11438,5406
GATGCTACAAGCGCCT-1,1,17,51,11324,5602
CCGGGACCCGCAGAGA-1,1,16,52,11212,5405
GTTCCAGTCTGACCAT-1,1,17,53,11098,5601
ATGATCGGGAATAGAC-1,0,16,54,10986,5404
TTGGATTGGGTACCAC-1,0,17,55,10872,5600
TACCTCACGCTTGTAC-1,0,16,56,10761,5403
CATGGCAGGAAGATCG-1,0,17,57,10647,5599
ATGACGCCGGCTCTAA-1,0,16,58,10535,5402
AGCGACATCCCATTCA-1,0,17,59,10421,5598
AGTAATGTCTTGCCGC-1,0,16,60,10309,5401
TTCTTAGTGGCTCAGA-1,0,17,61,10195,5597
CGTCTGGAAGGGCCCG-1,0,16,62,10083,5400
ACGTGCGCCTCGTGCA-1,0,17,63,9969,5596
AGAGCGGGCTAATCAT-1,0,16,64,9857,5399
GCGTCGAAATGTCGGT-1,0,17,65,9744,5595
AACTGATATTAGGCCT-1,0,16,66,9632,5398
CGAGCTGGGCTTTAGG-1,0,17,67,9518,5594
GGGTGTTTCAGCTATG-1,0,16,68,9406,5397
TTAATTTCAGACGCGG-1,0,17,69,9292,5593
ACTGCCGTCGTAACTC-1,0,16,70,9180,5396
GTGCACGAAAGTGACT-1,0,17,71,9066,5591
ATCTCCCTGCAATCTA-1,0,16,72,8954,5394
ACGCCAGATGATTTCT-1,0,17,73,8840,5590
AGCTATTTAATCCAAC-1,0,16,74,8728,5393
CCACGAGAAGAGAATC-1,0,17,75,8615,5589
GATTCCGCGTTTCCGT-1,0,16,76,8503,5392
GTCGGATGTAGCGCGC-1,0,17,77,8389,5588
TATTTATACCGAGTAG-1,0,16,78,8277,5391
GTAGGTGATCCGTGTA-1,0,17,79,8163,5587
AGTTAAGCGGTCCCGG-1,0,16,80,8051,5390
CTGGCGACATAAGTCC-1,0,17,81,7937,5586
TTGGCCTAGAATTTCG-1,0,16,82,7825,5389
GGCATATCGGTTCTGC-1,0,17,83,7711,5585
GGGCGTCCACTGGCTC-1,0,16,84,7599,5388
TTACCCATTGCCGGGT-1,0,17,85,7486,5584
TTAGACACGATCGTTG-1,0,16,86,7374,5387
GCGCTGATCCAGACTC-1,0,17,87,7260,5583
TTCGGCAACCCGCTGA-1,0,16,88,7148,5386
GATATTTCCTACATGG-1,0,17,89,7034,5582
CTGCGTTACGATATAA-1,0,16,90,6922,5385
TAATAAACAAGGAGAT-1,0,17,91,6808,5580
AACCTTTACGACGTCT-1,0,16,92,6696,5383
AGTCCCGCCTTTAATT-1,0,17,93,6582,5579
TGAGATTAGGCCCTAA-1,0,16,94,6470,5382
AGTGTATTGCGCATTG-1,0,17,95,6357,5578
GTTGGATTCAGTGGCT-1,0,16,96,6245,5381
TAAAGCTGCAATAGGG-1,0,17,97,6131,5577
AGTAGGAAGGAAGTTG-1,0,16,98,6019,5380
TATCACTTCGAGTAAC-1,0,17,99,5905,5576
TGATCTACGCTGATCT-1,0,16,100,5793,5379
GGATCATCCCGTACGC-1,0,17,101,5679,5575
TGACACTTCTCTTTGC-1,0,16,102,5567,5378
AGCCCTTCTAATCCGA-1,0,17,103,5453,5574
CACCGCGTCCACTCTA-1,0,16,104,5341,5377
TAATTGGAATCGGGAA-1,0,17,105,5228,5573
TCGTAAGCTCCGAGGA-1,0,16,106,5116,5376
TATATTACAAATGTCG-1,0,17,107,5002,5572
CGCGAGAGGGACTTGT-1,0,16,108,4890,5375
GGACCTACGGTAACGT-1,0,17,109,4776,5571
GAAATATGCTTGAATG-1,0,16,110,4664,5374
CCGTATTAGCGCAGTT-1,0,17,111,4550,5569
AGGCGTCTATGGACGG-1,0,16,112,4438,5372
AACATCGATACGTCTA-1,0,17,113,4324,5568
TGAATATGCTATAAAC-1,0,16,114,4212,5371
ACCAAACACCCAGCGA-1,0,17,115,4099,5567
TGGCTTGTACAAGCTT-1,0,16,116,3987,5370
GAATGAAGGTCTTCAG-1,0,17,117,3873,5566
AGATACCAGCACTTCA-1,0,16,118,3761,5369
GCGGTCCCGGTGAAGG-1,0,17,119,3647,5565
GAGGCATTTGCAGCAG-1,0,16,120,3535,5368
GGCAAGCCAGGGATAG-1,0,17,121,3421,5564
TCTACGGGCTCAGTTG-1,0,16,122,3309,5367
TCTGCGAATCGTTCGC-1,0,17,123,3195,5563
AGCTCGTTGATGGAAA-1,0,16,124,3083,5366
TGAATGAGATACAGCA-1,0,17,125,2970,5562
ACCCTTGCCTGGGTCG-1,0,16,126,2858,5365
GGCGAACCGTTCTGAT-1,0,17,127,2744,5561
GCGATGTCTGTGCTTG-1,0,18,0,17081,5827
ATTAACACCTGAGATA-1,0,19,1,16967,6023
GAAATCTGACCAAGTT-1,0,18,2,16855,5826
CCTGACAAACTCGCGC-1,0,19,3,16741,6022
ATGTCATTTCCCATTG-1,0,18,4,16629,5825
GCGGTGCGGAGCATCG-1,0,19,5,16516,6021
CGGAAAGCAAATGTGC-1,0,18,6,16404,5824
GCTGAGCAACGGTTCT-1,0,19,7,16290,6019
TCACTCTTCGTCTGTC-1,0,18,8,16178,5822
GATCTTCATTGTCCTC-1,0,19,9,16064,6018
ACTCGATGTATTTCAT-1,0,18,10,15952,5821
TGAAGAGCGGTCCTAG-1,0,19,11,15838,6017
TAAACGTCGTCAATGA-1,0,18,12,15726,5820
ACGTTATTGGTCACTC-1,0,19,13,15612,6016
ATAGCCTCAGTACCCA-1,0,18,14,15500,5819
CGGGAGTATACCGCCG-1,0,19,15,15387,6015
GTCCTACAGGCGGCTC-1,0,18,16,15275,5818
CGGATAAGCGGACATG-1,0,19,17,15161,6014
AACTTCTGCGTCTATC-1,0,18,18,15049,5817
GGGTTCAGACGAACAA-1,0,19,19,14935,6013
AGTCTGGACATCCTTG-1,0,18,20,14823,5816
TTGAACGAATCCTTTG-1,0,19,21,14709,6012
GAAATACTAAACGTTT-1,0,18,22,14597,5815
CCCGCGCAATGCACCC-1,0,19,23,14483,6011
TTCGGCTAGAGATGGT-1,0,18,24,14371,5814
GACACGAGTTAGAGGA-1,0,19,25,14258,6010
GAGGTCCCAAAGATCT-1,0,18,26,14146,5813
TAACTCCATGGAGGCT-1,0,19,27,14032,6008
CTTGTTTATGTAGCCA-1,0,18,28,13920,5811
GATGGCGCACACATTA-1,0,19,29,13806,6007
ATAATAGTGTAGGGAC-1,0,18,30,13694,5810
CGCTATTCAATGTATG-1,0,19,31,13580,6006
ATATTGCTGTCAAAGT-1,0,18,32,13468,5809
GGATTCAGTACGGTGG-1,0,19,33,13354,6005
TTCTTAGTGAACGGTG-1,0,18,34,13242,5808
AATGGTTCTCACAAGC-1,0,19,35,13129,6004
TATACACGCAAAGTAT-1,0,18,36,13017,5807
CTTCATAGCTCAAGAA-1,0,19,37,12903,6003
CAACGGTTCTTGATAC-1,0,18,38,12791,5806
ACACCCGAGAAATCCG-1,0,19,39,12677,6002
TCTATCATGCAGTTAC-1,0,18,40,12565,5805
CCCGCCATGCTCCCGT-1,0,19,41,12451,6001
CGCTTCCACTGAAATC-1,0,18,42,12339,5804
CACTGTCCAAGTGAGA-1,0,19,43,12225,6000
ATTACTAGCCTCTTGC-1,1,18,44,12113,5803
CATAGTAGCATAGTAG-1,1,19,45,12000,5999
CAACTCCTTGATCCCG-1,1,18,46,11888,5802
AAGTAGAAGACCGGGT-1,1,19,47,11774,5997
GCGGGAACCAGGCCCT-1,1,18,48,11662,5800
ATTAGATTGATAGCGG-1,1,19,49,11548,5996
CTCGGTCCGTAGCCTG-1,1,18,50,11436,5799
TGGCTTTGGGTAGACA-1,1,19,51,11322,5995
TATCCATATCATGCGA-1,1,18,52,11210,5798
GGAGTGCCGCCCTGGA-1,1,19,53,11096,5994
TGAGAATGCTTTACCG-1,1,18,54,10984,5797
TTAACCAACCCTCCCT-1,1,19,55,10871,5993
TGTTTCGGTACTTCTC-1,0,18,56,10759,5796
TTGCTGAAGGAACCAC-1,0,19,57,10645,5992
TATTTAGTCTAGATCG-1,0,18,58,10533,5795
CTCCGGCCTAATATGC-1,0,19,59,10419,5991
TTGTGGCCCTGACAGT-1,0,18,60,10307,5794
TCGCCGGTCGATCCGT-1,0,19,61,10193,5990
CCATAGGTTGGCGTGG-1,0,18,62,10081,5793
GAACGACCGAATGATA-1,0,19,63,9967,5989
TCCGATAATTGCCATA-1,0,18,64,9855,5792
CATTACGTCGGCCCGT-1,0,19,65,9742,5988
CAAGCACCAAATGCCT-1,0,18,66,9630,5791
TGCATGGATCGGATCT-1,0,19,67,9516,5986
GAAATCGCGCGCAACT-1,0,18,68,9404,5790
CTGAAAGAGATCCGAC-1,0,19,69,9290,5985
CACCTCGATGGTGGAC-1,0,18,70,9178,5788
ATTTGTTCCAGGGCTC-1,0,19,71,9064,5984
TGGGCCACAAGAGCGC-1,0,18,72,8952,5787
CCTTCTTGATCCAGTG-1,0,19,73,8838,5983
CCTCGCCAGCAAATTA-1,0,18,74,8726,5786
TTCATGGCGCAACAGG-1,0,19,75,8613,5982
TTAATCAGTACGTCAG-1,0,18,76,8501,5785
CCTATCTATATCGGAA-1,0,19,77,8387,5981
ATTATACTTTGCTCGT-1,0,18,78,8275,5784
ATGGATCCGGCGTCCG-1,0,19,79,8161,5980
CGCCCGCTTCCGTACA-1,0,18,80,8049,5783
GGATTCCGCTATACCC-1,0,19,81,7935,5979
CGGTCTATCAACCCGT-1,0,18,82,7823,5782
ATGCCGGTTGATGGGA-1,0,19,83,7709,5978
TCATGCAGGTTCTCAT-1,0,18,84,7597,5781
TGAGCTTTAATGACGC-1,0,19,85,7484,5977
TCCCTTAGATTACTCG-1,0,18,86,7372,5780
ATATCTCCCTCGTTAA-1,0,19,87,7258,5976
AGCTCTTCCCAGTGCA-1,0,18,88,7146,5779
TCGCTAAACCGCTATC-1,0,19,89,7032,5974
CACATTCTTTCGATGG-1,0,18,90,6920,5777
GATATGCGGTAGCCAA-1,0,19,91,6806,5973
CGTTTCACTTCGGGCG-1,0,18,92,6694,5776
CCAATTACGGGTCGAG-1,0,19,93,6580,5972
GCAGGTAGAGTATGGT-1,0,18,94,6468,5775
GTCGTATTGGCGTACA-1,0,19,95,6355,5971
GAAATTAGCACGGATA-1,0,18,96,6243,5774
AATGCACCAAGCAATG-1,0,19,97,6129,5970
AGGACGCTCGATGTTG-1,0,18,98,6017,5773
GGCTAAAGGGCGGGTC-1,0,19,99,5903,5969
CATCTATCCCGTGTCT-1,0,18,100,5791,5772
CAGTAACTATTTATTG-1,0,19,101,5677,5968
CATATACTACTGATAA-1,0,18,102,5565,5771
GCGTTCGGAGACCGGG-1,0,19,103,5451,5967
AAGTTCAGTCTGCGTA-1,0,18,104,5339,5770
CGAAGCTATAAATTCA-1,0,19,105,5226,5966
CGCGGTCACAAACCAA-1,0,18,106,5114,5769
GGGAATGAGCCCTCAC-1,0,19,107,5000,5965
ACGGAGCGCAAATTAC-1,0,18,108,4888,5768
CGTTCTTCGCACACCT-1,0,19,109,4774,5963
GAATAGCCCTGCGGTC-1,0,18,110,4662,5766
AATAGCTACCGCGTGC-1,0,19,111,4548,5962
CCGAGCTGTGCTTGTC-1,0,18,112,4436,5765
GATGACGATGATCGCG-1,0,19,113,4322,5961
GCCTATGCTGGGCCTT-1,0,18,114,4210,5764
TTACTGTCTAGAGCTC-1,0,19,115,4097,5960
AGCGGTTGCCGCTCTG-1,0,18,116,3985,5763
GCTTGCAGCACAATTG-1,0,19,117,3871,5959
CCGGAGGTCTTATGGT-1,0,18,118,3759,5762
ACAGTATACCGTGGGA-1,0,19,119,3645,5958
GGGATCCCAATACAAA-1,0,18,120,3533,5761
ATTACGACTCCACAGT-1,0,19,121,3419,5957
CTCACACGCAAGCCTA-1,0,18,122,3307,5760
CCAGATGTAAATGGGT-1,0,19,123,3193,5956
GAACTTGTGCACGGGA-1,0,18,124,3081,5759
AAGCCGCTTTACCTTG-1,0,19,125,2968,5955
TCCATTCCCACTAGAG-1,0,18,126,2856,5758
AGAGCGCTTGTAACGG-1,0,19,127,2742,5954
TGGGTTCCCGGACGGA-1,0,20,0,17079,6220
GCTGCGCCTCCCACGT-1,0,21,1,16965,6416
CTGTTGGCTCTTCTGA-1,0,20,2,16853,6219
TTGTTCTAGATACGCT-1,0,21,3,16739,6415
CCCTCAAGCTCTTAGT-1,0,20,4,16628,6218
TGGTCTAGCTTACATG-1,0,21,5,16514,6413
ATGCACCTTCCTTAAT-1,0,20,6,16402,6216
GGGATACGGTAATAAT-1,0,21,7,16288,6412
AGTTCACCGGTTGGAC-1,0,20,8,16176,6215
GACATACTGTCGCAGA-1,0,21,9,16062,6411
TGGACACCGTTGCTTG-1,0,20,10,15950,6214
TGCGATGCTAATGGCT-1,0,21,11,15836,6410
TTCTGTTTCCTGTCGC-1,0,20,12,15724,6213
CGTTGTAAACGTCAGG-1,0,21,13,15610,6409
GATCGGCGATAAGTCG-1,0,20,14,15499,6212
AGCCTTAAAGCGGAAG-1,0,21,15,15385,6408
TCCGTAACCACAATCC-1,0,20,16,15273,6211
GAATGCCGAAATGACC-1,0,21,17,15159,6407
TATACTCATGCGGCAA-1,0,20,18,15047,6210
TAGTGTCAGAAACGGC-1,0,21,19,14933,6406
CGTCATACCATATCCA-1,0,20,20,14821,6209
TAGTACCTTAGTGGTC-1,0,21,21,14707,6405
CTGGCGGGAATAAGTA-1,0,20,22,14595,6208
AGTGTGGTCTATTGTG-1,0,21,23,14481,6404
GCTATCGCGGCGCAAC-1,0,20,24,14370,6207
CAGTAATCCCTCCCAG-1,0,21,25,14256,6402
GTATTAAGGCGTCTAA-1,0,20,26,14144,6205
CTAATTTCAACAACAC-1,0,21,27,14030,6401
TTAGCAACATGGATGT-1,0,20,28,13918,6204
ATGCTCAGTGTTGCAT-1,0,21,29,13804,6400
GATGTTTGTGCGAGAT-1,0,20,30,13692,6203
CACTTCGCCACAGGCT-1,0,21,31,13578,6399
CTGTATGGTGTAGAAA-1,0,20,32,13466,6202
TACGTGCACTATGCTG-1,0,21,33,13352,6398
GTATCAGCTTGGGTTC-1,0,20,34,13241,6201
TAACAAAGGGAGAAGC-1,0,21,35,13127,6397
TTACATCGTGGCCTGG-1,0,20,36,13015,6200
TCTGAACCGGTCGGCT-1,0,21,37,12901,6396
GGCTCGTGCCACCAGC-1,0,20,38,12789,6199
TATAAGTGAGGATAGC-1,0,21,39,12675,6395
GCCCGCGCGTTTGACA-1,0,20,40,12563,6198
TGCTGGTTGGACAATT-1,0,21,41,12449,6394
GCCTAGCGATCTGACC-1,0,20,42,12337,6197
CCATGCTCTGCAGGAA-1,0,21,43,12223,6393
TATAAATCCACAAGCT-1,0,20,44,12112,6196
CGCTCGACATAATGAT-1,1,21,45,11998,6391
CCAATTGAATGTTAAT-1,1,20,46,11886,6194
GCTAATACCGAATGCC-1,1,21,47,11772,6390
TTCAACGACCCGACCG-1,1,20,48,11660,6193
TTCCTCGAGGGTGTCT-1,1,21,49,11546,6389
CAACGACCCGTTTACA-1,1,20,50,11434,6192
CTTGTACTTGTTGACT-1,1,21,51,11320,6388
TCTCTAATAGCTGGTA-1,1,20,52,11208,6191
ATTATGCCATAGGGAG-1,1,21,53,11094,6387
GACAACGCAGCTTACG-1,1,20,54,10983,6190
AGATGACTCGCCCACG-1,1,21,55,10869,6386
GTGCGGGTCTCCAAAT-1,1,20,56,10757,6189
GTACGAGATTGCGACA-1,1,21,57,10643,6385
GTATAGGACTCAGTAG-1,0,20,58,10531,6188
TTGCACGGAGCAGCAC-1,0,21,59,10417,6384
CACAGCTAGGGAGTGA-1,0,20,60,10305,6187
ATACTAGCATGACCCT-1,0,21,61,10191,6383
CCAAGACTTCTGCGAA-1,0,20,62,10079,6186
ACATAATAAGGCGGTG-1,0,21,63,9965,6382
TAATACACAGTAGTAT-1,0,20,64,9854,6185
TCTTGGTAACACCAAA-1,0,21,65,9740,6380
AACTGGGTCCCGACGT-1,0,20,66,9628,6183
ATCACTTCATCCTCGC-1,0,21,67,9514,6379
TGGAAGGATAAAGATG-1,0,20,68,9402,6182
CATGATGCACAATTCT-1,0,21,69,9288,6378
TGCCTGATCAAACGAT-1,0,20,70,9176,6181
ATAGGGATATCCTTGA-1,0,21,71,9062,6377
CACCTAATCAGTTTAC-1,0,20,72,8950,6180
TGTGACTACGCCAGTC-1,0,21,73,8836,6376
CCCGACCATAGTCCGC-1,0,20,74,8725,6179
CGCGCCCGACTTAATA-1,0,21,75,8611,6375
TGCCACCTGGCGAAAC-1,0,20,76,8499,6178
CTGCCAAGGTTGGAAG-1,0,21,77,8385,6374
TCTCCAACGTAGGTTA-1,0,20,78,8273,6177
TTCTTGGAGTAATGAG-1,0,21,79,8159,6373
GTCTCGATCTGCTTTC-1,0,20,80,8047,6176
TACTCTCCGAACAAAT-1,0,21,81,7933,6372
ATCACATTAGAATATC-1,0,20,82,7821,6175
TACGGGATGCTAGCAG-1,0,21,83,7707,6371
AGCTGAAGTAAACCAA-1,0,20,84,7596,6174
CATGGGTCGGGTGTGG-1,0,21,85,7482,6370
CACCCACGAGGCAATT-1,0,20,86,7370,6173
TGCCATTACTAAAGAA-1,0,21,87,7256,6368
CCGTTACGTTAGAACA-1,0,20,88,7144,6171
GCCAGGAGTAACCGAT-1,0,21,89,7030,6367
GGAAAGTGCCCATGCC-1,0,20,90,6918,6170
TCTTACCGGAACTCGT-1,0,21,91,6804,6366
TATGTCAAGACCGACT-1,0,20,92,6692,6169
CCTAACTAAGGCTCTA-1,0,21,93,6578,6365
GCGGTGAACTGCGCTC-1,0,20,94,6467,6168
CCTCGCGCGATATAGG-1,0,21,95,6353,6364
ATCGGCAAGCAGTCCA-1,0,20,96,6241,6167
AGATCGTGCATAAGAT-1,0,21,97,6127,6363
ATTCAGGACCTATTTC-1,0,20,98,6015,6166
AGCTAGAAGCAGAAGT-1,0,21,99,5901,6362
TTCGCTATCTGACGTG-1,0,20,100,5789,6165
TTCCGCAGAGAAATAT-1,0,21,101,5675,6361
CAGTACATTCTCTAAA-1,0,20,102,5563,6164
GTGAAGATTTCAAGTG-1,0,21,103,5450,6360
AACGCATGATCTGGGT-1,0,20,104,5338,6163
CCCAGAGGAGGGCGTA-1,0,21,105,5224,6359
GGAAACCTTGTTGAAT-1,0,20,106,5112,6162
GTGAAGCCGTATAGTC-1,0,21,107,4998,6357
GAGCTGTCGTCTCGGA-1,0,20,108,4886,6160
TGTCATTTGTTGGGAA-1,0,21,109,4772,6356
ACCAACACCACACACT-1,0,20,110,4660,6159
AAATGATTCGATCAGC-1,0,21,111,4546,6355
CTGCTTTATGTCCGCG-1,0,20,112,4434,6158
GCGAGAGGCCATGTAA-1,0,21,113,4321,6354
ATTGACCGGCGATGAC-1,0,20,114,4209,6157
ACCCTGGTAACGCCCT-1,0,21,115,4095,6353
GTTGGACCGCATCAGG-1,0,20,116,3983,6156
CGTTTACAAGGCAGCT-1,0,21,117,3869,6352
CGGTCCATGAGACTCC-1,0,20,118,3757,6155
GTTCGTCTGGGTCCCT-1,0,21,119,3643,6351
TGTACTACTCTCACGG-1,0,20,120,3531,6154
AGTGAAGATGGTGTCC-1,0,21,121,3417,6350
GAGGGCCATAATATTA-1,0,20,122,3305,6153
ACTCCCGTAGACTAGG-1,0,21,123,3192,6349
CGTCAAATGGTCGCAG-1,0,20,124,3080,6152
AAGTCTAGTAGCTGCC-1,0,21,125,2966,6348
AAGAAATCACCAGATT-1,0,20,126,2854,6151
GAGTGCACGGACAACA-1,0,21,127,2740,6346
GTTCAAATCAGATGTC-1,0,22,0,17077,6613
CATGGCTCCCTATGTC-1,0,23,1,16963,6809
GGCCACACGAAAGCCT-1,0,22,2,16851,6612
GAAGCCGGGTAAGCTC-1,0,23,3,16738,6807
TTGCGCTCTCTCGCTT-1,0,22,4,16626,6610
TACATGACCTTATCCG-1,0,23,5,16512,6806
GTCCTTCTACAACCCA-1,0,22,6,16400,6609
TATATGCTGGGTTGCC-1,0,23,7,16286,6805
GTTTATGGGATTTAGA-1,0,22,8,16174,6608
GGAACCCGAACAAGAA-1,0,23,9,16060,6804
AACGTTATCAGCACCT-1,0,22,10,15948,6607
CATCGTCCGGTTACTA-1,0,23,11,15834,6803
AGACAGCTCAGAATCC-1,0,22,12,15722,6606
GCAGATCCTCGCAAAT-1,0,23,13,15609,6802
GGGTCATGCGTACCAT-1,0,22,14,15497,6605
CTGGTCATTCCAATCC-1,0,23,15,15383,6801
TCAGGGCGCAAACTCG-1,0,22,16,15271,6604
GATGCCAGCAGAAGGC-1,0,23,17,15157,6800
GTTATTAACGTGGGAG-1,0,22,18,15045,6603
AATACAATGTTTCAGG-1,0,23,19,14931,6799
TTGCTGCACCTATCCA-1,0,22,20,14819,6602
CCAGAGACAAAGCCGG-1,0,23,21,14705,6798
CCGAAGTATATTGTTC-1,0,22,22,14593,6601
GCTAAACCTGAGGTGA-1,0,23,23,14480,6796
TCATACTTACAGATCC-1,0,22,24,14368,6599
CGAGCACTTCAAGTTT-1,0,23,25,14254,6795
TAGCAACCTGTCACAA-1,0,22,26,14142,6598
TGGGAAATGCCTTTCC-1,0,23,27,14028,6794
AGACCATGGGATACAA-1,0,22,28,13916,6597
TAAATGAATCCGTTTC-1,0,23,29,13802,6793
ACAACGGTCCCTGCGA-1,0,22,30,13690,6596
GTCACTCTCCAAATCT-1,0,23,31,13576,6792
TTCTACTTGCGAGGGC-1,0,22,32,13464,6595
CGCAATTACTTTCGGT-1,0,23,33,13351,6791
CTGTTCATCTCACGGG-1,0,22,34,13239,6594
TTCTTGTAACCTAATG-1,0,23,35,13125,6790
GCTTGATGATAATCAG-1,0,22,36,13013,6593
TTGGCTCGCATGAGAC-1,0,23,37,12899,6789
GCCCAGTTGGTATGCC-1,0,22,38,12787,6592
ATTCCTCCGCCAGTGC-1,0,23,39,12673,6788
TCGTCCGCTGGCGTCT-1,0,22,40,12561,6591
GGAGAAGTCATTGGCA-1,0,23,41,12447,6787
TTGTTAGCAAATTCGA-1,0,22,42,12335,6590
TCTAGCATCTTCGATG-1,0,23,43,12222,6785
TTCTAGGCCAATTGTG-1,0,22,44,12110,6588
TCACGGTCATCGCACA-1,0,23,45,11996,6784
ATGAAGCCAAGGAGCC-1,1,22,46,11884,6587
AATGACTGTCAGCCGG-1,1,23,47,11770,6783
CCAAACAGAACCCTCG-1,1,22,48,11658,6586
TATCGATGATTAAACG-1,1,23,49,11544,6782
GAACACACATCAACCA-1,1,22,50,11432,6585
CCCGTCAGCGTCTGAC-1,1,23,51,11318,6781
AGCATCGTCGATAATT-1,1,22,52,11206,6584
GACTAAGATCATGCAC-1,1,23,53,11093,6780
TAGGGTGTTTCAAGAG-1,1,22,54,10981,6583
TGGTTCGTAGCAAAGG-1,1,23,55,10867,6779
CTGTTCACTGCCTGTG-1,1,22,56,10755,6582
ATGTGCATCCGACGCA-1,1,23,57,10641,6778
TTGTCGTTCAGTTACC-1,0,22,58,10529,6581
CGGGATCAATGTAAGA-1,0,23,59,10415,6777
TTATCTGTATCATAAC-1,0,22,60,10303,6580
ATCGACTCTTTCCGTT-1,0,23,61,10189,6776
CTCATTTGATGGGCGG-1,0,22,62,10077,6579
GTAAGCGGGCAGTCAG-1,0,23,63,9964,6774
TCTATCGGTCGCAACA-1,0,22,64,9852,6577
AACGCGGTCTCCAGCC-1,0,23,65,9738,6773
ATTAATACTACGCGGG-1,0,22,66,9626,6576
CTTTAACTTTCAAAGG-1,0,23,67,9512,6772
CGTACCTGATAGGCCT-1,0,22,68,9400,6575
GAATGTTGGGTAATCT-1,0,23,69,9286,6771
TGCGGAGTAAAGGTGC-1,0,22,70,9174,6574
CCTGAATATTTACATA-1,0,23,71,9060,6770
TTGCTCCCATACCGGA-1,0,22,72,8948,6573
CCTCTAATCTGCCAAG-1,0,23,73,8835,6769
AGGTTGAGGCACGCTT-1,0,22,74,8723,6572
TCCCGTCAGTCCCGCA-1,0,23,75,8609,6768
TCCGATGACTGAGCTC-1,0,22,76,8497,6571
CAGCCTCCTGCAGAGG-1,0,23,77,8383,6767
CTTAGCCTTCCACATG-1,0,22,78,8271,6570
ATTAATGAACCAGTCG-1,0,23,79,8157,6766
ACGATACATAGAACTA-1,0,22,80,8045,6569
AGCCACTCCCGTGCTT-1,0,23,81,7931,6765
ATACGGGTTTCGATTG-1,0,22,82,7819,6568
CTGTCAAATGGCTCGG-1,0,23,83,7706,6763
GCTCGGAATTTAAAGC-1,0,22,84,7594,6566
TAGGCATGTTACGCCA-1,0,23,85,7480,6762
TGGCAACTCGCGCGCC-1,0,22,86,7368,6565
ATCAGTAGGCAGGGAT-1,0,23,87,7254,6761
TATCGATCTATGCATA-1,0,22,88,7142,6564
CGACTCAGGATGTTAT-1,0,23,89,7028,6760
GCCATATTGCACACAG-1,0,22,90,6916,6563
AATTCATAAGGGATCT-1,0,23,91,6802,6759
CGGTAGAGGTGCAGGT-1,0,22,92,6690,6562
AATGATGATACGCTAT-1,0,23,93,6577,6758
CTTGTGCTCACCGATT-1,0,22,94,6465,6561
TTCCAATCAGAGCTAG-1,0,23,95,6351,6757
CGATGGACCCTACGCC-1,0,22,96,6239,6560
GGTCGGATAAACGGCG-1,0,23,97,6125,6756
TTAGCTAATACGATCT-1,0,22,98,6013,6559
CTCGATATTTGCGAGC-1,0,23,99,5899,6755
ATTACTTACTGGGCAT-1,0,22,100,5787,6558
CTAGCCGATGTTATGA-1,0,23,101,5673,6754
TACTGCAATCAATTAC-1,0,22,102,5561,6557
TAGTCTGTGACGTTGC-1,0,23,103,5448,6753
CTCGTTTCTAATGTTT-1,0,22,104,5336,6556
TTCGTTCAACGAAGTT-1,0,23,105,5222,6751
CTGAATTTATTGCCAG-1,0,22,106,5110,6554
TGGAATATCCTTGACC-1,0,23,107,4996,6750
CAGATCATTTAAAGTC-1,0,22,108,4884,6553
CTCCTTTACGCAAGTC-1,0,23,109,4770,6749
TCCCAAACAGACAACG-1,0,22,110,4658,6552
ATCGCTGCGTGCAGCA-1,0,23,111,4544,6748
TTAGTTCAAGTGTTCG-1,0,22,112,4432,6551
AAACTCGTGATATAAG-1,0,23,113,4319,6747
TTAACGAACAAGCAGT-1,0,22,114,4207,6550
GTTATATCAGGAGCCA-1,0,23,115,4093,6746
CAAATTGGATTATGCC-1,0,22,116,3981,6549
CGAGGAGCTTCCATAT-1,0,23,117,3867,6745
GGAGACCAATGTGCTT-1,0,22,118,3755,6548
CATTGATGAACACGCC-1,0,23,119,3641,6744
GTCAATGCTATAATTT-1,0,22,120,3529,6547
ACCACCCTCTCTTCTA-1,0,23,121,3415,6743
TGGAGGGAAACACCTC-1,0,22,122,3303,6546
CACGGACGTGGATGGC-1,0,23,123,3190,6742
AACTTTCTCGATCATG-1,0,22,124,3078,6545
CGTATTGTTTCCTAAT-1,0,23,125,2964,6740
CCTACTGCGGCGGCCA-1,0,22,126,2852,6543
CTTAGGTCCCAATCGT-1,0,23,127,2738,6739
CGCAATCGATCATTAG-1,0,24,0,17075,7006
TGGTTATGCTTGCGGT-1,0,25,1,16961,7201
GGCTTGGCTCTCACCT-1,0,24,2,16849,7004
ATTGGTAGGATCCGCT-1,0,25,3,16736,7200
TCAGGGCGACTTCCTT-1,0,24,4,16624,7003
TCTGCAGATTCGAGTC-1,0,25,5,16510,7199
CTCTCGCTGTACTATG-1,0,24,6,16398,7002
AATAGTCGCGAGTCGG-1,0,25,7,16284,7198
AGTTACCCTTAAGACT-1,0,24,8,16172,7001
CTTAAATAAGACCCAT-1,0,25,9,16058,7197
GGTTGTGCTCTTGTCC-1,0,24,10,15946,7000
GTGAGTCTAAGACGGA-1,0,25,11,15832,7196
CGCGACACTGCGCAGC-1,0,24,12,15720,6999
GCTCGCGGTTCCGCTC-1,0,25,13,15607,7195
TTAACTCACGCGTGGA-1,0,24,14,15495,6998
GGAACGGCCTGCAGCC-1,0,25,15,15381,7194
GTAGAAACGGGTGGAG-1,0,24,16,15269,6997
TAATGAAAGACCCTTG-1,0,25,17,15155,7193
AGGCTTGCTAGACACC-1,0,24,18,15043,6996
TTGCGTAGTTTGAGGA-1,0,25,19,14929,7192
CGCCCTTGAAGGCTGA-1,0,24,20,14817,6995
CCCGGTGGAAGAACCT-1,0,25,21,14703,7190
TTAACACCTCGAACAT-1,0,24,22,14591,6993
GATTCCTATACGGCGC-1,0,25,23,14478,7189
TTACCCTAACAGTCCT-1,0,24,24,14366,6992
ACCCACCTACATGCTC-1,0,25,25,14252,7188
AAAGGGCAGCTTGAAT-1,0,24,26,14140,6991
CACACAGGGATAGATT-1,0,25,27,14026,7187
AGAGCGTACAAGCTCG-1,0,24,28,13914,6990
TCTTACGGCATCCGAC-1,0,25,29,13800,7186
GCCTATTCCGATATAG-1,0,24,30,13688,6989
GAAAGTGACTAACTGC-1,0,25,31,13574,7185
CCGGAATGGTTTCAGT-1,0,24,32,13462,6988
AGTATAATACTAGGCA-1,0,25,33,13349,7184
TAACTATCGAAGGTCC-1,0,24,34,13237,6987
ATGAGGAGTGTTAATC-1,0,25,35,13123,7183
TGTGTCGCGAGTTGCA-1,0,24,36,13011,6986
ATCCAACGCAGTCATA-1,0,25,37,12897,7182
AAGGCGCGTAAAGCTT-1,0,24,38,12785,6985
AGTCGGCCCAAACGAC-1,0,25,39,12671,7181
AACGTCAGACTAGTGG-1,0,24,40,12559,6984
ACTACCAGCTCTCTGG-1,0,25,41,12445,7179
GCAAGTGCACAGAGAA-1,0,24,42,12334,6982
ACACCTTAAGTAGGGC-1,0,25,43,12220,7178
TTCGACGGGAAGGGCG-1,0,24,44,12108,6981
TTCGCACTCGCGTGCT-1,0,25,45,11994,7177
TATTTGTTACCCTTTA-1,0,24,46,11882,6980
CGCTGTGACGCCGCAC-1,0,25,47,11768,7176
GTTGCACGGAGTTTCG-1,1,24,48,11656,6979
GTTTCCTGGAGGGTGA-1,1,25,49,11542,7175
ACACCCAGCATGCAGC-1,1,24,50,11430,6978
TCAACCATGTTCGGGC-1,1,25,51,11316,7174
TTACAACTACGCATCC-1,1,24,52,11205,6977
TCCGATGGTGCGACAT-1,1,25,53,11091,7173
GGGCGTACATTTATAT-1,1,24,54,10979,6976
AGCGACCAACGATATT-1,1,25,55,10865,7172
ACACAAAGACGGGTGG-1,1,24,56,10753,6975
ATCGCACGCCGGGAGA-1,1,25,57,10639,7171
GCTCTAAACCCTGACG-1,1,24,58,10527,6974
AATGCAACCGGGTACC-1,0,25,59,10413,7170
TCAAACAACCGCGTCG-1,0,24,60,10301,6973
TATGCTCCCTACTTAC-1,0,25,61,10187,7168
AAAGGGATGTAGCAAG-1,0,24,62,10076,6971
ACGATCATACATAGAG-1,0,25,63,9962,7167
TTGTTCAGTGTGCTAC-1,0,24,64,9850,6970
ATGCATGATCCAGGAT-1,0,25,65,9736,7166
AGTCTTCTCCTCAAAT-1,0,24,66,9624,6969
GATTCCCTTGTCGCAG-1,0,25,67,9510,7165
CTCGCACCTATATAGT-1,0,24,68,9398,6968
ACTCAATAAAGGCACG-1,0,25,69,9284,7164
AACCGAGCTTGGTCAT-1,0,24,70,9172,6967
TAAGGCAACATAAGAT-1,0,25,71,9058,7163
CACGCACAGCGCAGCT-1,0,24,72,8947,6966
GGTTTACAATCTCAAT-1,0,25,73,8833,7162
TGCAGGATCGGCAAAG-1,0,24,74,8721,6965
ATAACGGAGTCCAACG-1,0,25,75,8607,7161
AACGATATGTCAACTG-1,0,24,76,8495,6964
GACAACGACCATTGAA-1,0,25,77,8381,7160
TTGACCATGTTCTCCG-1,0,24,78,8269,6963
AGTACGGGCACCTGGC-1,0,25,79,8155,7159
CGCCATCCGATTATGA-1,0,24,80,8043,6962
AAGGTATCCTAATATA-1,0,25,81,7929,7157
TGTTGTCAAGAAGTCT-1,0,24,82,7818,6960
CAGTGAATAAATGACT-1,0,25,83,7704,7156
CACCTTGCGAAACTCG-1,0,24,84,7592,6959
CATTTAGCGGACCATG-1,0,25,85,7478,7155
CCAGTCTAGACGGCGC-1,0,24,86,7366,6958
TCGCTTTAAACGTTTG-1,0,25,87,7252,7154
GTGAAACGGCGCCACC-1,0,24,88,7140,6957
GGGCTCATCGAACCCA-1,0,25,89,7026,7153
TTGATGTGTAGTCCCG-1,0,24,90,6914,6956
CAGTAGCCCACGCGGT-1,0,25,91,6800,7152
AGCGCGGGTGCCAATG-1,0,24,92,6689,6955
TAATCGATCCGTACGT-1,0,25,93,6575,7151
AGTGGCGGCAATTTGA-1,0,24,94,6463,6954
CCTTTCAATGAAGAAA-1,0,25,95,6349,7150
CTCAGTCACGACAAAT-1,0,24,96,6237,6953
ATAGGCTAGCTTCGCA-1,0,25,97,6123,7149
CGGTTCAAGTAGGTGT-1,0,24,98,6011,6952
CAGTCGAGGATGCAAT-1,0,25,99,5897,7148
TATCACCCAACCGACC-1,0,24,100,5785,6951
AATGATGCGACTCCTG-1,0,25,101,5671,7146
TGGAACCACTGACACA-1,0,24,102,5560,6950
GCCAATAGGGCATCTC-1,0,25,103,5446,7145
TTCTTTGGTCGCGACG-1,0,24,104,5334,6948
ATTAGATTCCTCAGCA-1,0,25,105,5220,7144
CCGTGGAACGATCCAA-1,0,24,106,5108,6947
GGGTCGTGGCAAGTGT-1,0,25,107,4994,7143
TCGCTCGGCACCAGCG-1,0,24,108,4882,6946
ACGCAATCACTACAGC-1,0,25,109,4768,7142
CTCTAATGCATTGATC-1,0,24,110,4656,6945
GTCTCGACTAAGTTTG-1,0,25,111,4542,7141
TGGTTTAAACGTGGGT-1,0,24,112,4431,6944
CGCAGATCTTCACCCG-1,0,25,113,4317,7140
TCCAGATGTACGCCAA-1,0,24,114,4205,6943
CATTGCGGGTCAATTC-1,0,25,115,4091,7139
GACGTTCGTAAATACA-1,0,24,116,3979,6942
TACACCGTCGTTAGTC-1,0,25,117,3865,7138
ACGGGCGTATGCGACA-1,0,24,118,3753,6941
GAAGGCTACCATTGTT-1,0,25,119,3639,7137
TAAATCTTTACACCTC-1,0,24,120,3527,6940
AGTTTATGTAAAGACA-1,0,25,121,3413,7136
AGGAGACATCCACAGT-1,0,24,122,3302,6939
CAACCTGAACCTGCCA-1,0,25,123,3188,7134
AGTCCCTCGCAGAAAG-1,0,24,124,3076,6937
TGTATACGGATGATGA-1,0,25,125,2962,7133
TTGTGGTATAGGTATG-1,0,24,126,2850,6936
TCTGCACCATTAGTAA-1,0,25,127,2736,7132
AAATGTATCTTATCCC-1,0,26,0,17073,7398
ACTCTAAACCTGGGAT-1,0,27,1,16960,7594
GCTGGCAGGTGCCGTG-1,0,26,2,16848,7397
CTCATTCGTGAACATC-1,0,27,3,16734,7593
TCGCCGGATGGGCAAG-1,0,26,4,16622,7396
GGACTAAGTCAGGAGT-1,0,27,5,16508,7592
TATCAAAGGTCTGTAA-1,0,26,6,16396,7395
TTCAGTTTGTGGCAGC-1,0,27,7,16282,7591
TGTTCATAAATGTGCT-1,0,26,8,16170,7394
CTTAGCCCGGATAGTG-1,0,27,9,16056,7590
GATGCGAATGGTATTA-1,0,26,10,15944,7393
TCTAACTGTATGTAAA-1,0,27,11,15831,7589
TTAAACCTGGTTCCTT-1,0,26,12,15719,7392
GCTAAGTAAAGGCGAT-1,0,27,13,15605,7588
AGTTACCGCACATGGT-1,0,26,14,15493,7391
GACTGCGGCACGTGTA-1,0,27,15,15379,7587
TGGTGATCGTATTTGT-1,0,26,16,15267,7390
TTATCGCCTGCGAAGC-1,0,27,17,15153,7586
TGGAATTAGACGCTTT-1,0,26,18,15041,7389
TCGTCACACTGTTAGC-1,0,27,19,14927,7584
TTATGTTTGCGATAGA-1,0,26,20,14815,7387
GGTGCTGATCACAAAG-1,0,27,21,14702,7583
CATAGCCGCCCGGGAT-1,0,26,22,14590,7386
GGTTAGTTACGGCGCC-1,0,27,23,14476,7582
ATTCCCACATAAACAA-1,0,26,24,14364,7385
ATTCAGTAGCAGGGTC-1,0,27,25,14250,7581
CAGTTCCGCGGGTCGA-1,0,26,26,14138,7384
AAGAGATGAATCGGTA-1,0,27,27,14024,7580
CGCAATTCTACAATAA-1,0,26,28,13912,7383
TAACGCTTTGAGAGCG-1,0,27,29,13798,7579
AGGCTATGGTTAGCTT-1,0,26,30,13686,7382
GAGGAATGGAGAGGTT-1,0,27,31,13573,7578
TCCTCTACGAGATGGC-1,0,26,32,13461,7381
TTGATTATGCAGATGA-1,0,27,33,13347,7577
TCAGTACTGACCCGCG-1,0,26,34,13235,7380
TTATGACAAACTGGAT-1,0,27,35,13121,7576
GTAAGTAGGGTATACC-1,0,26,36,13009,7379
CGCAAACACGAGTTAC-1,0,27,37,12895,7575
TGGCCGTATATTGACC-1,0,26,38,12783,7378
ACTGTAGCACTTTGGA-1,0,27,39,12669,7573
GCTCTATGTTACGTGC-1,0,26,40,12557,7376
TGCGCGATTAACGGAG-1,0,27,41,12444,7572
GAATCGACATGGTCAC-1,0,26,42,12332,7375
GACTAAGTAGGCTCAC-1,0,27,43,12218,7571
ATCTTGACCTGCAACG-1,0,26,44,12106,7374
ATGCACTACCGCATTG-1,0,27,45,11992,7570
CAGATACTAACATAGT-1,0,26,46,11880,7373
GATCGACACTATCTGA-1,0,27,47,11766,7569
ATAGAGTACTGGGACA-1,0,26,48,11654,7372
CCTACTGCTTACACTT-1,0,27,49,11540,7568
CCTGCTATTTGAGAAG-1,1,26,50,11428,7371
CGCGTTCATGAAATAC-1,1,27,51,11315,7567
CATTATGCTTGTTGTG-1,1,26,52,11203,7370
CCAGGGACGTGGCCTC-1,1,27,53,11089,7566
TATGGATGTGCTACGC-1,1,26,54,10977,7369
GTACTAAGATTTGGAG-1,1,27,55,10863,7565
AGACCCGCCCTCCTCG-1,1,26,56,10751,7368
CGCATTAGCTAATAGG-1,1,27,57,10637,7564
GCTCTCGGGTACCGAA-1,1,26,58,10525,7367
CACCGCCAGAAGGTTT-1,1,27,59,10411,7562
TCCCAAAGACGAAGGA-1,0,26,60,10299,7365
ATGGATTGACCAAACG-1,0,27,61,10186,7561
GTCATGGACATGACTA-1,0,26,62,10074,7364
CTACTGCCACCTGACC-1,0,27,63,9960,7560
TTATATTTGGCAATCC-1,0,26,64,9848,7363
AGCACCAGTACTCACG-1,0,27,65,9734,7559
CATGGTCTAGATACCG-1,0,26,66,9622,7362
TCTACCGTCCACAAGC-1,0,27,67,9508,7558
CTAGTTGGGCCCGGTA-1,0,26,68,9396,7361
TCCCGCGTACTCCTGG-1,0,27,69,9282,7557
CAGAGCATGAGCTTGC-1,0,26,70,9170,7360
ACACGGGAACTTAGGG-1,0,27,71,9057,7556
GGCTCTGCTCCAACGC-1,0,26,72,8945,7359
AGAACGTGGTACATTC-1,0,27,73,8831,7555
CAATAAACCTTGGCCC-1,0,26,74,8719,7358
ACTTCGCCATACGCAC-1,0,27,75,8605,7554
ATCTGGTTAAGACTGT-1,0,26,76,8493,7357
TCGTAAGACGACATTG-1,0,27,77,8379,7553
GTGTACCTTGGCTACG-1,0,26,78,8267,7356
GCCCGTAATACCTTCT-1,0,27,79,8153,7551
CGGTCAAGTGGGAACC-1,0,26,80,8041,7354
TTGTAAGGCCAGTTGG-1,0,27,81,7928,7550
GGAGCACCAAGAACTA-1,0,26,82,7816,7353
TAATAGTGACGACCAG-1,0,27,83,7702,7549
CTAAATCCTATTCCGG-1,0,26,84,7590,7352
CGAGTTCTGTCCCACC-1,0,27,85,7476,7548
AGGCAGATGCGTAAAC-1,0,26,86,7364,7351
AAGGATGAGGGACCTC-1,0,27,87,7250,7547
AGAGAACCGTCTAGGA-1,0,26,88,7138,7350
GAGGGCGCAGCTCTGC-1,0,27,89,7024,7546
AAGATTGGCGGAACGT-1,0,26,90,6912,7349
CCAGTAGTCTGATCCA-1,0,27,91,6799,7545
AAGGGACAGATTCTGT-1,0,26,92,6687,7348
ATAGAGTTATCAACTT-1,0,27,93,6573,7544
AAATTACCTATCGATG-1,0,26,94,6461,7347
GATCCTAAATCGGGAC-1,0,27,95,6347,7543
TTACAGACCTAAATGA-1,0,26,96,6235,7346
CCTCACCTTAGCATCG-1,0,27,97,6121,7542
CATGCGACCAGTTTAA-1,0,26,98,6009,7345
AACATATCAACTGGTG-1,0,27,99,5895,7540
CTATAAGAGCCAATCG-1,0,26,100,5783,7343
AATATCGAGGGTTCTC-1,0,27,101,5670,7539
GTACTCCTGGGTATGC-1,0,26,102,5558,7342
ATAAGTAGGATTCAGA-1,0,27,103,5444,7538
AGGTCGCGGAGTTACT-1,0,26,104,5332,7341
CTAATTCTCAGATATT-1,0,27,105,5218,7537
GCCAACCATTTCCGGA-1,0,26,106,5106,7340
TGATCCCAGCATTAGT-1,0,27,107,4992,7536
CGTTGTAAGATTGATT-1,0,26,108,4880,7339
GAAACCATGGTGCGCT-1,0,27,109,4766,7535
AATCTATGCCGGAGCC-1,0,26,110,4654,7338
GACTCCCAGAATAAGG-1,0,27,111,4541,7534
TATGATCCGGCACGCC-1,0,26,112,4429,7337
CCGCTTGCTGACATGG-1,0,27,113,4315,7533
TGGTTAAGGGCGCTGG-1,0,26,114,4203,7336
TTGATAGTCAATACAT-1,0,27,115,4089,7532
GGTTTAATTGAGCAGG-1,0,26,116,3977,7335
CATTACATAGATTGTG-1,0,27,117,3863,7531
GGTACACCAGATTTAT-1,0,26,118,3751,7334
GGCCCGTATACCATGC-1,0,27,119,3637,7530
ATCTTTCGTATAACCA-1,0,26,120,3525,7333
GAGATGACAATCCTTA-1,0,27,121,3412,7528
AAAGCTTGCCTACATA-1,0,26,122,3300,7331
GAACGATAAGTTAAAG-1,0,27,123,3186,7527
TAATAGCTAAATGATG-1,0,26,124,3074,7330
TATGGCTAGGCTAATT-1,0,27,125,2960,7526
AGGAGAGTCTGGCTAC-1,0,26,126,2848,7329
TGCTCTGCCGGTTCAC-1,0,27,127,2734,7525
CCAATAGATTTCATCT-1,0,28,0,17071,7791
GGGCACGAATTGGCCG-1,0,29,1,16958,7987
TCGTTGACAGGGTCCC-1,0,28,2,16846,7790
ATCGTATTCCGAGAAC-1,0,29,3,16732,7986
GGGAATTCTGTCCAGT-1,0,28,4,16620,7789
ACGCGTTTCTTAAGAG-1,0,29,5,16506,7985
GAGAGCGCAGTCCCTG-1,0,28,6,16394,7788
GTCCTATTGTTGTGGT-1,0,29,7,16280,7984
CATCTGCAGGATCATT-1,0,28,8,16168,7787
GAGTCGACAGACCCTC-1,0,29,9,16054,7983
AAGTGCAAAGGTAGAC-1,0,28,10,15942,7786
AGGGTGGATAGTGCAT-1,0,29,11,15829,7982
TGATAGCGGGATTCTA-1,0,28,12,15717,7785
GTCAGTTTGGTAGTCG-1,0,29,13,15603,7981
GCATTCGAAATGAACA-1,0,28,14,15491,7784
AAAGACTGGGCGCTTT-1,0,29,15,15377,7979
TAACAATATTTGTTGC-1,0,28,16,15265,7783
CCAGCTTCCGCCCGCA-1,0,29,17,15151,7978
GATATGGATTACGCGG-1,0,28,18,15039,7781
AGAGCAGTTATGAGAC-1,0,29,19,14925,7977
TCACATCTTATCTGAT-1,0,28,20,14813,7780
TATGAAGACAGGTGCG-1,0,29,21,14700,7976
TACCTGCTGCACTGTG-1,0,28,22,14588,7779
TAGGTCCAAGTAAGGA-1,0,29,23,14474,7975
GAAACTCGTGCGATGC-1,0,28,24,14362,7778
AACAATTACTCTACGC-1,0,29,25,14248,7974
CCGCACGTGACCTCGG-1,0,28,26,14136,7777
AACTTGCCCGTATGCA-1,0,29,27,14022,7973
GGGTATGTATGCACTT-1,0,28,28,13910,7776
TTCGTACTCCAGAACG-1,0,29,29,13796,7972
GAATTTCTCGCTGCAG-1,0,28,30,13684,7775
AACAGGATGGGCCGCG-1,0,29,31,13571,7971
GACGTGTAGGGATTAT-1,0,28,32,13459,7774
TAGGTGAGCCCTACTC-1,0,29,33,13345,7970
CTAATTCGCACGCGCT-1,0,28,34,13233,7773
GAAGCTTGCTGACCGC-1,0,29,35,13119,7969
GGTTAGGCTTGGAGAA-1,0,28,36,13007,7772
ACAAGGACAAGAGGTT-1,0,29,37,12893,7967
AGGCCACCCGTTATGA-1,0,28,38,12781,7770
GTGGGCTTAGACACAC-1,0,29,39,12667,7966
CGTGTCCCATTCGCGA-1,0,28,40,12555,7769
TGGAGTGATGCGATGA-1,0,29,41,12442,7965
AACAACTGGTAGTTGC-1,0,28,42,12330,7768
CCTGGCTAGACCCGCC-1,0,29,43,12216,7964
CGCAATTAGGGTAATA-1,0,28,44,12104,7767
TCGAAATTTAGGACCA-1,0,29,45,11990,7963
AGACTAGCCTTCCAGA-1,0,28,46,11878,7766
TTGATCTAACTTTGTC-1,0,29,47,11764,7962
AAGGAGCGGTTGGTGC-1,0,28,48,11652,7765
ACTTGGGACCCGGTGG-1,0,29,49,11538,7961
TGATCTCCGGCGCCAG-1,0,28,50,11426,7764
CAGTTCAAATTGACAC-1,0,29,51,11313,7960
GTCCGGCTGAATTGCG-1,0,28,52,11201,7763
CTGGAAATGGATGCTT-1,0,29,53,11087,7959
TGATCGGTTTGACCCT-1,1,28,54,10975,7762
TAGAGTCTAAGCGAAC-1,1,29,55,10861,7958
GAGACTGATGGGTAGA-1,1,28,56,10749,7761
TAGCTAAGTCCGGGAG-1,1,29,57,10635,7956
GGGCGATATGTGTGAA-1,1,28,58,10523,7759
CTCGAGGTCGAACAGT-1,1,29,59,10409,7955
GATCCCTTTATACTGC-1,1,28,60,10297,7758
GTCATGCACCTCCGTT-1,0,29,61,10184,7954
ACTTTCCTATAGCTTC-1,0,28,62,10072,7757
TCGCTCGATATATTCC-1,0,29,63,9958,7953
ATAGGTTGGGCAGATG-1,0,28,64,9846,7756
CAATTAAGGGTGATGA-1,0,29,65,9732,7952
ACCGACTGAGTCCCAC-1,0,28,66,9620,7755
CCTGTCACCCGGGCTC-1,0,29,67,9506,7951
GATCGGTGGCCATAAC-1,0,28,68,9394,7754
CCTATGGGTTACCGTC-1,0,29,69,9280,7950
TTGGGACACTGCCCGC-1,0,28,70,9168,7753
CGAGGCTAAATATGGC-1,0,29,71,9055,7949
TCAGGGTGTAACGTAA-1,0,28,72,8943,7752
CGAGAGATGTGAACCT-1,0,29,73,8829,7948
TCGCTGGGCGGATTGT-1,0,28,74,8717,7751
AGATCTCAGGTGTGAT-1,0,29,75,8603,7947
TGGCCAAACTGAAGTA-1,0,28,76,8491,7750
GCTTCCGTCCCTAGAC-1,0,29,77,8377,7945
CAGCAGCCCGTTCCTT-1,0,28,78,8265,7748
TGTATAACAGATCCTG-1,0,29,79,8151,7944
CGCGGGAATTAGGCAG-1,0,28,80,8040,7747
TGCATGTGGTAATCTA-1,0,29,81,7926,7943
ACAATTTGAGCAGTGG-1,0,28,82,7814,7746
GAGCTAAGGGCATATC-1,0,29,83,7700,7942
CCAGATAGTTGAGTGA-1,0,28,84,7588,7745
CCACAATGTACGTCTT-1,0,29,85,7474,7941
CAATGGATCTCTACCA-1,0,28,86,7362,7744
TGTGGCAAAGCGTATG-1,0,29,87,7248,7940
TAAAGCGTTAGGAGAA-1,0,28,88,7136,7743
TCCGTTTAGCCTTGAA-1,0,29,89,7022,7939
CAGCTCGACAAGTTAA-1,0,28,90,6911,7742
GCCTATAGTGTCAGGG-1,0,29,91,6797,7938
ATAGACAACGGGACCT-1,0,28,92,6685,7741
CTACTATCTTTCAGAG-1,0,29,93,6571,7937
GCGCTGCTTTGCATTT-1,0,28,94,6459,7740
GCGCATCCAGTCAGCA-1,0,29,95,6345,7936
GACTCGCGGGAATGAC-1,0,28,96,6233,7739
CTGGTAACGAGCTCTT-1,0,29,97,6119,7934
TCCGGCCTAGCGTACA-1,0,28,98,6007,7737
TCTAGGTGGCGACGCT-1,0,29,99,5893,7933
ACGCTAGTGATACACT-1,0,28,100,5782,7736
ATCTGCACCTCTGCGA-1,0,29,101,5668,7932
CCTCACCTGAGGGAGC-1,0,28,102,5556,7735
AGTGAGCCTCGCCGCC-1,0,29,103,5442,7931
ACGAGTACGGATGCCC-1,0,28,104,5330,7734
GGTACCATTAAGACGG-1,0,29,105,5216,7930
TTCTGCTAGACTCCAA-1,0,28,106,5104,7733
TAACTATTACGCCAAA-1,0,29,107,4990,7929
GCATTCAAGGCAACGC-1,0,28,108,4878,7732
AGTACATCATTTATCA-1,0,29,109,4764,7928
GTCGTGTCTGGTCATC-1,0,28,110,4653,7731
AGTCTAAAGTATACTC-1,0,29,111,4539,7927
CGGCCCAACCTGTAGT-1,0,28,112,4427,7730
AGGGAGACATACTTCG-1,0,29,113,4313,7926
TCCCTAGATCAATAGG-1,0,28,114,4201,7729
TCCCGTCGCGTCATAG-1,0,29,115,4087,7925
CGCATCCATCAGCCAG-1,0,28,116,3975,7728
CTGCACCTAGTCCACA-1,0,29,117,3861,7923
CGAGGATCGGGAACGA-1,0,28,118,3749,7726
CAATGAGGTTCGACTA-1,0,29,119,3635,7922
TCTGACGGGCTAACCC-1,0,28,120,3524,7725
TTCTATGCCTTTCGCA-1,0,29,121,3410,7921
AGAGTATAGTGTTACG-1,0,28,122,3298,7724
CCATTGTTTCCTCCAT-1,0,29,123,3184,7920
CTCATCACTTAGTGAT-1,0,28,124,3072,7723
CCGAAGGGCGTACCGC-1,0,29,125,2958,7919
TCAAGCTGCCTTGAAA-1,0,28,126,2846,7722
CTCATTAACGTTGCCC-1,0,29,127,2732,7918
GTCTTCCTCACCTAAG-1,0,30,0,17070,8184
GGTGATGAAGGAAGTG-1,0,31,1,16956,8380
TCAATACAATTGCTGC-1,0,30,2,16844,8183
GCAACCCAAGTTGTTT-1,0,31,3,16730,8379
ATGAAGTGGACCCAGC-1,0,30,4,16618,8182
GAGAATCTCACGATCA-1,0,31,5,16504,8378
TATATCATTGATCAGT-1,0,30,6,16392,8181
AACTTTACGGGAGCTT-1,0,31,7,16278,8377
TTCTTGTGTCCATCAG-1,0,30,8,16166,8180
ACAATTTAGGAGGCTC-1,0,31,9,16052,8376
ATACTTGTTCTCGAGC-1,0,30,10,15941,8179
CACGGGATTGAGGGTT-1,0,31,11,15827,8375
GTTAATGTCTATCTTA-1,0,30,12,15715,8178
GCGTTATATTTGGAAC-1,0,31,13,15601,8373
CGTCAAGGCTATAAAT-1,0,30,14,15489,8176
TTAGCTCTGTAATCCG-1,0,31,15,15375,8372
AATGGTCCACCGTTCA-1,0,30,16,15263,8175
GTCATTGCATTGACCC-1,0,31,17,15149,8371
TGTCCGTGGCGCCTTT-1,0,30,18,15037,8174
TCAACTAACGTATAAC-1,0,31,19,14924,8370
TCCTCTCCAGTTGTCC-1,0,30,20,14812,8173
TGTGTTCGTATCCAAG-1,0,31,21,14698,8369
CCGCGTAGGTAAGGGC-1,0,30,22,14586,8172
CTGCGGGTGAAATGTT-1,0,31,23,14472,8368
TATCTACAGAGGTAAT-1,0,30,24,14360,8171
CTACTCTAGGCCCGGC-1,0,31,25,14246,8367
ACAAGCAGTGCCTAGC-1,0,30,26,14134,8170
TACAAGTCTCGTGCAT-1,0,31,27,14020,8366
TCGGAATGCGCTCTGA-1,0,30,28,13908,8169
TCGCGTCCAGAAGGTC-1,0,31,29,13795,8365
TATGGCCCGGCCTCGC-1,0,30,30,13683,8168
GCTGGCATATTCACCT-1,0,31,31,13569,8364
GTCAGAATAGTCTATG-1,0,30,32,13457,8167
GGCGTCCTATCCGCTG-1,0,31,33,13343,8363
CGGAGTTTGAGAGACA-1,0,30,34,13231,8166
AGCACTTAAGGACGCC-1,0,31,35,13117,8361
TCCACAATGGTTTACG-1,0,30,36,13005,8164
CCAACGATGCACTGAT-1,0,31,37,12891,8360
ATTTACAGTTTACTGG-1,0,30,38,12779,8163
CCCTGAAATGAGTTGA-1,0,31,39,12666,8359
CAAACGGTCGCACTTT-1,0,30,40,12554,8162
TGATTCGTCTATCACT-1,0,31,41,12440,8358
TCAGGTTCTTTGAGAA-1,0,30,42,12328,8161
CACGCAGCGAGGCTTT-1,0,31,43,12214,8357
TTAAGCGCCTGACCCA-1,0,30,44,12102,8160
CTTACACGGTATTCCA-1,0,31,45,11988,8356
AAGGCTGTGCTCATCG-1,0,30,46,11876,8159
GACCAGAGCCCTGTAG-1,0,31,47,11762,8355
TCCCAGGCTTAGCTAA-1,0,30,48,11650,8158
ATTGAAGATCTTAGTG-1,0,31,49,11537,8354
AGTTCCTACAGAATTA-1,0,30,50,11425,8157
GGGCTGGTTAGTCGCG-1,0,31,51,11311,8353
GAAATGGCGGTGTTAG-1,0,30,52,11199,8156
TACGAACACGACTTCA-1,0,31,53,11085,8352
ACCACAAGTTTCTATC-1,0,30,54,10973,8155
ATATTTAACCCTCAAG-1,0,31,55,10859,8350
GATCATTCCAAACATT-1,0,30,56,10747,8153
TCCAGGCGAGTACGGT-1,0,31,57,10633,8349
GTTTGACCAAATCCTA-1,1,30,58,10521,8152
CACAGCACCCACGGCA-1,0,31,59,10408,8348
TGCAAGAATGACGTAA-1,1,30,60,10296,8151
GCGAAGCCATACCCGT-1,0,31,61,10182,8347
TCCTTTCTTACGCTTA-1,0,30,62,10070,8150
GCTGCTCTCCGGACAC-1,0,31,63,9956,8346
ACTGTCTTCTTTAGAA-1,0,30,64,9844,8149
TCAAACTTAGATTGTT-1,0,31,65,9730,8345
CTATGTCACTAGCCCA-1,0,30,66,9618,8148
TGCGCAAAGCATTTGG-1,0,31,67,9504,8344
TTAATGTAGACCAGGT-1,0,30,68,9392,8147
GGCGGTAGGATCATTG-1,0,31,69,9279,8343
GGCAATAGTCAATGAG-1,0,30,70,9167,8146
ACACGAGACTCCTTCT-1,0,31,71,9053,8342
GACACAAGGGAAGAAA-1,0,30,72,8941,8145
TCAGCAAATGCATCTC-1,0,31,73,8827,8341
GAGATCTGTCACTCCG-1,0,30,74,8715,8144
ATGCCGGTCTTGCATA-1,0,31,75,8601,8339
TTGGGCGGCGGTTGCC-1,0,30,76,8489,8142
TTGTTGTGTGTCAAGA-1,0,31,77,8375,8338
ACTGTACGATACACAT-1,0,30,78,8263,8141
TCCACTTTATCTAGGT-1,0,31,79,8150,8337
GGTCTGAGAATCTGGA-1,0,30,80,8038,8140
TAGAAAGGTGGCGCTA-1,0,31,81,7924,8336
TATGTCTCATTGTGCC-1,0,30,82,7812,8139
GGATTTCACTTCTATA-1,0,31,83,7698,8335
TGAGTGGTCCGTGACG-1,0,30,84,7586,8138
CGCTTTCTTGCATTCG-1,0,31,85,7472,8334
ACCCAACGCCCGTGGC-1,0,30,86,7360,8137
GAACGTCTCATGGTCG-1,0,31,87,7246,8333
AGGGTTCCCTTTGGTT-1,0,30,88,7134,8136
GTAGCTTCCTCTTGTT-1,0,31,89,7021,8332
GCATGAGGGACGCGGC-1,0,30,90,6909,8135
CTACCCTAAGGTCATA-1,0,31,91,6795,8331
TCACCGCTCGGCACTC-1,0,30,92,6683,8134
GGCTCGCGTTGAGGTA-1,0,31,93,6569,8330
CTAACGAAACTTGCTG-1,0,30,94,6457,8133
TTAAACTCGAATTCAT-1,0,31,95,6343,8328
TACTTTACTGAGCCGG-1,0,30,96,6231,8131
GCTTGGATCGATTAGG-1,0,31,97,6117,8327
CGGTTATCCAACAGTG-1,0,30,98,6005,8130
CAGACCTGTAAGTGTT-1,0,31,99,5892,8326
GACGGTCAATAGAAGC-1,0,30,100,5780,8129
CTGACTGCGCAGCTCG-1,0,31,101,5666,8325
CCATACCTTTACTTGT-1,0,30,102,5554,8128
GTAATAAAGGGCTCCC-1,0,31,103,5440,8324
GTGAACTCCCATTCGA-1,0,30,104,5328,8127
GTGGTTACTTCTTTCG-1,0,31,105,5214,8323
TCAGAACCTCCACAGG-1,0,30,106,5102,8126
TCCCACTCTCTTCCGG-1,0,31,107,4988,8322
ATCTTGACTTGTCCAA-1,0,30,108,4876,8125
TCGGGAACGTGCCTAG-1,0,31,109,4763,8321
GTTAGCCGTAAATCAA-1,0,30,110,4651,8124
ATTTACTAAGTCCATT-1,0,31,111,4537,8320
GGGTGCATATGAAAGC-1,0,30,112,4425,8123
TCCGAATGGTCCTGAG-1,0,31,113,4311,8319
TGATGGCTGTTTCTGA-1,0,30,114,4199,8122
AAATAAGGTAGTGCCC-1,0,31,115,4085,8317
CCACTATCCGGGTCAC-1,0,30,116,3973,8120
ACACCACATAATTAGC-1,0,31,117,3859,8316
CGCGGTAAGTCTAGCT-1,0,30,118,3747,8119
GCGGGCATTACGATGC-1,0,31,119,3634,8315
AGGATTGCTTACGACA-1,0,30,120,3522,8118
CTCGGGATAACACCTA-1,0,31,121,3408,8314
GTCGTCTGGTTGGCTA-1,0,30,122,3296,8117
GCAATTAGTCGCACCG-1,0,31,123,3182,8313
GTGACCTAAAGAATAA-1,0,30,124,3070,8116
CTGAGCGAGACTTATT-1,0,31,125,2956,8312
CAAGACTCAGAAGCGC-1,0,30,126,2844,8115
ACTTCGCTAGCGAGTG-1,0,31,127,2730,8311
CCATACTCGCCTCTCC-1,0,32,0,17068,8577
ACGATACCTATCCTGA-1,0,33,1,16954,8773
CTCACCAGTACAAGTG-1,0,32,2,16842,8576
CGAAGACGGTGAGTGC-1,0,33,3,16728,8772
AAATTAATAAGCGCGA-1,0,32,4,16616,8575
GGGCCCTTATCTATAC-1,0,33,5,16502,8771
CTGCCCACGAAGCGTT-1,0,32,6,16390,8574
GGACAAGTTGCAGTGA-1,0,33,7,16276,8770
GTCCGAGAGCAATCAT-1,0,32,8,16164,8573
ATGGCAGCCGAGAAAC-1,0,33,9,16051,8769
CCTCGGATGCTACCTG-1,0,32,10,15939,8572
ATACGGTGAAGATGCA-1,0,33,11,15825,8767
ACATCAGCTGGGACGC-1,0,32,12,15713,8570
GGTTGTGTAGCCTGGC-1,0,33,13,15599,8766
CCTGCGTTCTACGCTT-1,0,32,14,15487,8569
GAACGTTAGGAAGACG-1,0,33,15,15373,8765
CTGATAGTGTATCTCA-1,0,32,16,15261,8568
TTCTGCGAGCGCCCTT-1,0,33,17,15147,8764
CTTTGGCGCTTTATAC-1,0,32,18,15035,8567
TCCGAACTTGGCTTAC-1,0,33,19,14922,8763
TAGATTCCTGGTTATT-1,0,32,20,14810,8566
CCGACAAAGGGAGTGC-1,0,33,21,14696,8762
CCATGGCCCTTGTACC-1,0,32,22,14584,8565
GAAATATCACCATCAG-1,0,33,23,14470,8761
ACGAAATGGGCGGCAC-1,0,32,24,14358,8564
GTGAGCGTGCTGCACT-1,0,33,25,14244,8760
CCGCGGGTACGAAGAA-1,0,32,26,14132,8563
TCCCTGGCTCGCTGGA-1,0,33,27,14018,8759
CAGCTTAGTAGGTAGC-1,0,32,28,13906,8562
CACGAAAGTTAGTCCC-1,0,33,29,13793,8758
ACCTAATCGACTTCCT-1,0,32,30,13681,8561
AAGTAGTGACGCGAGG-1,0,33,31,13567,8756
TCCGATTACATTGCCG-1,0,32,32,13455,8559
CCTCCGACAATTCAAG-1,0,33,33,13341,8755
GTTCACAGGAGTCTAG-1,0,32,34,13229,8558
CGAAGTTGCTCTGTGT-1,0,33,35,13115,8754
GTCGGATATCTCAGAC-1,0,32,36,13003,8557
CGCTCTCCGTAGATTA-1,0,33,37,12889,8753
CAAGCAACGTCGGAGT-1,0,32,38,12777,8556
CCATTCCCTGCCCACA-1,0,33,39,12664,8752
CTTTGGCTTTAGTAAA-1,0,32,40,12552,8555
GGCTATTAAGTTGTAT-1,0,33,41,12438,8751
CCATTAGCGATAATCC-1,0,32,42,12326,8554
TGTTCTTCCATTGACT-1,0,33,43,12212,8750
AGATAACTTCAGGGCC-1,0,32,44,12100,8553
ATAGACGAAGAGAAAG-1,0,33,45,11986,8749
GGCGGAGTAATATTAG-1,0,32,46,11874,8552
TGACCCACGTTAGACA-1,0,33,47,11760,8748
TCACAGGTTATTGGGC-1,0,32,48,11648,8551
TCACGCATTGTAGATC-1,0,33,49,11535,8747
TTGAAGAATTCCCAGG-1,0,32,50,11423,8550
AAATGGTCAATGTGCC-1,0,33,51,11309,8746
TAGTGCCCTCCAGAGT-1,0,32,52,11197,8549
GGTATTGCCGAGTTTA-1,0,33,53,11083,8744
CGTATTAAGAGATCTA-1,0,32,54,10971,8547
ACTGTCCAGGATTATA-1,0,33,55,10857,8743
CGGGCAGCTAAACCGC-1,0,32,56,10745,8546
TTGCTGATCATGTTCG-1,0,33,57,10631,8742
TATGGGTACGTATCGT-1,0,32,58,10519,8545
CAGCTCACTGAGACAT-1,0,33,59,10406,8741
GGGACTGCATAGATAG-1,0,32,60,10294,8544
ACGCATTCGTGAGTAC-1,0,33,61,10180,8740
CTCTGGACGCCTGGTG-1,0,32,62,10068,8543
AGGGTTTAGTTCGGGA-1,0,33,63,9954,8739
GGGAGAACTCACAGTA-1,0,32,64,9842,8542
ATCAATCTGGGCTGCA-1,0,33,65,9728,8738
TCTTCGATACCAATAA-1,0,32,66,9616,8541
ACGTAGATTGCTGATG-1,0,33,67,9502,8737
TCTTGATGCGTAGCGA-1,0,32,68,9390,8540
GGGCTGCCTAGGGCGA-1,0,33,69,9277,8736
CTCTCACAATCGATGA-1,0,32,70,9165,8539
CCAAGCGTAACTCGTA-1,0,33,71,9051,8735
ACAACAGCATGAGCTA-1,0,32,72,8939,8538
GTCCCAACGTAAAGTA-1,0,33,73,8825,8733
TCGGAGTACATGAGTA-1,0,32,74,8713,8536
GGGAGTTAATGAGGCG-1,0,33,75,8599,8732
CCGGGCGGTCTCGTCA-1,0,32,76,8487,8535
CCGTAAGTTGGTCCCA-1,0,33,77,8373,8731
GGAGGGCTTGGTTGGC-1,0,32,78,8261,8534
TCGGACGCCCAGCCCA-1,0,33,79,8148,8730
TCTGTGCCATCATAGT-1,0,32,80,8036,8533
GTACTGGAGTTAGACC-1,0,33,81,7922,8729
GGAATGCGCTAGCGTG-1,0,32,82,7810,8532
GTGTGAATAACTTAGG-1,0,33,83,7696,8728
GGTCGGCCAGGAGCTT-1,0,32,84,7584,8531
TAGCCGGCGGTCAGCG-1,0,33,85,7470,8727
CGGGTGTACCCATTTA-1,0,32,86,7358,8530
AGTGATTCAAGCAGGA-1,0,33,87,7244,8726
GTTGGATTGAGAACAC-1,0,32,88,7132,8529
CACACGCGCTGTCTTA-1,0,33,89,7019,8725
TAGACGCCCGTACCGG-1,0,32,90,6907,8528
GGTTTCAATCGGTCAG-1,0,33,91,6793,8724
AATCTGCGTTGGGACG-1,0,32,92,6681,8527
TTACGGATGGTTCGAG-1,0,33,93,6567,8722
CGGCAGGGTCGGGTTG-1,0,32,94,6455,8525
GCTTTCAGAGGAGGTG-1,0,33,95,6341,8721
TCTTCCCATGGGCACA-1,0,32,96,6229,8524
TACCGCGGACTTGCAG-1,0,33,97,6115,8720
AGAATTATGGATTCGA-1,0,32,98,6003,8523
ATTGATGAGTCCTAAC-1,0,33,99,5890,8719
TAGGTCGCCGGAACTG-1,0,32,100,5778,8522
TAACCTACCGTCCGAG-1,0,33,101,5664,8718
CTTAGTAGGCCTACAG-1,0,32,102,5552,8521
CTAGATGTGAGTGTAA-1,0,33,103,5438,8717
ACTCCCGAATTCGTTT-1,0,32,104,5326,8520
GTTCATCGTTTGGCTG-1,0,33,105,5212,8716
ACTTTACCCTCATGAA-1,0,32,106,5100,8519
GCGAGAGTTGCGTCCA-1,0,33,107,4986,8715
GTTCGGGCGTACCATT-1,0,32,108,4874,8518
CGACTTTGTATAGCCT-1,0,33,109,4761,8714
GCCATCGATGCTGCAT-1,0,32,110,4649,8517
GCATTTCCAAGGCTCC-1,0,33,111,4535,8713
ATGTAAGGCTGCTCTT-1,0,32,112,4423,8516
ACGTTCGCAATCAATT-1,0,33,113,4309,8711
GTGACGAGGGTGACCC-1,0,32,114,4197,8514
ATTATAGCTACTTTAC-1,0,33,115,4083,8710
CGTGTGTTAAACCCTG-1,0,32,116,3971,8513
TTGGTATGGCTTGTGT-1,0,33,117,3857,8709
CATTCCCATTCCGTCG-1,0,32,118,3746,8512
TGCCGAAAGCGTATTC-1,0,33,119,3632,8708
CAACACATCTCCTGCC-1,0,32,120,3520,8511
CTGCCTCATATGCAAC-1,0,33,121,3406,8707
TCCCGCCTATGTGCGT-1,0,32,122,3294,8510
GGTTACCCGACACTTT-1,0,33,123,3180,8706
CCAGCGGGATCACCAG-1,0,32,124,3068,8509
ATGTTTCGGCCCGGAG-1,0,33,125,2954,8705
GCGTCTAACCTCCTAA-1,0,32,126,2842,8508
ATCAGGTAGCTGACAG-1,0,33,127,2728,8704
GGTATGAAAGAACTGA-1,0,34,0,17066,8970
GTGGCCTAATATCATT-1,0,35,1,16952,9166
CCTGTGAAACCGTAAC-1,0,34,2,16840,8969
GGCAGAGAGATCGGGA-1,0,35,3,16726,9165
TAGCGTCGAATATTGA-1,0,34,4,16614,8968
CGCCGACTATTCGCTA-1,0,35,5,16500,9164
TCTGGCGCAAGCCGGG-1,0,34,6,16388,8967
AGTGGTTGCGTATAGG-1,0,35,7,16274,9163
ATCGGTTACCTAGTAA-1,0,34,8,16163,8966
CCTGCCCGTTGTCTAG-1,0,35,9,16049,9161
GCACACGCCCATGGTC-1,0,34,10,15937,8964
AGTACGGCCCGTATCG-1,0,35,11,15823,9160
TATCTAGCCTAAAGGA-1,0,34,12,15711,8963
CACTCGGTTAGGAGGA-1,0,35,13,15597,9159
ATGTTCGTCGACCCAC-1,0,34,14,15485,8962
TTCCTCTGCCCGAATA-1,0,35,15,15371,9158
TTACTATCGGCTTCTC-1,0,34,16,15259,8961
GCCGCATTAGTCCGGC-1,0,35,17,15145,9157
TAAGGGCTGGGAGAGG-1,0,34,18,15034,8960
TAAGCAGGCGACACGC-1,0,35,19,14920,9156
AGCACTACCGGCCTGT-1,0,34,20,14808,8959
GAAAGCCCTTTGGACC-1,0,35,21,14694,9155
GACCGACTGAAGCGTC-1,0,34,22,14582,8958
CGGTGAAGACTAAAGT-1,0,35,23,14468,9154
CCCTGCGCTACGCATA-1,0,34,24,14356,8957
TACTGGACAGCTCGGC-1,0,35,25,14242,9153
TTAGTAGGGCGGCGGG-1,0,34,26,14130,8956
GAGGCTATCAAAGTCG-1,0,35,27,14016,9152
TTACCATTGATTACCC-1,0,34,28,13905,8955
ATACCACGGGCAACTT-1,0,35,29,13791,9150
TGTCCTAAGTCACCGC-1,0,34,30,13679,8953
AGGTAGGTACAAAGCT-1,0,35,31,13565,9149
GGCATACAGGTAGCGG-1,0,34,32,13453,8952
TGTAGTGATCTATAAT-1,0,35,33,13339,9148
TCCCGGGTGTGCTGCT-1,0,34,34,13227,8951
TACGATGTTGATCATC-1,0,35,35,13113,9147
CCTCTCTCCCATCTAG-1,0,34,36,13001,8950
GCAGGACTATAGAATA-1,0,35,37,12887,9146
CTAGTGAAGGACAGGA-1,0,34,38,12776,8949
TACGAGAACTTCACGT-1,0,35,39,12662,9145
CGTTGTTTCAATTCCC-1,0,34,40,12550,8948
GCAAATATTACGCTTT-1,0,35,41,12436,9144
CCAATAGTGCCGTCGA-1,0,34,42,12324,8947
ATTGCTGCTCCTCCAT-1,0,35,43,12210,9143
GAGATCTGCTTGGCAT-1,0,34,44,12098,8946
GCCGAAATTCCTACGT-1,0,35,45,11984,9142
GGCACTCCACTGGGCA-1,0,34,46,11872,8945
GGGTCACCGTGACGGT-1,0,35,47,11758,9141
CACTTAATCAGACGGA-1,0,34,48,11647,8944
CGTTTCGCTCATTACA-1,0,35,49,11533,9139
ATAAAGGCTCGGTCGT-1,0,34,50,11421,8943
CACTAAAGTTGCCTAT-1,0,35,51,11307,9138
GTGCTCAAGTACTGTC-1,0,34,52,11195,8941
CCATGCCTGTTTAGTA-1,0,35,53,11081,9137
TCTAGTTATCAGAAGA-1,0,34,54,10969,8940
TTGTAATCCGTACTCG-1,0,35,55,10855,9136
TCCCAGCTTTAGTCTG-1,0,34,56,10743,8939
CTACGCACGGAGTACC-1,0,35,57,10630,9135
AAATTAACGGGTAGCT-1,0,34,58,10518,8938
CGGCCACGCACAAAGT-1,0,35,59,10404,9134
GAAGCGTGAGGAATTT-1,0,34,60,10292,8937
ATATCTTAGGGCCTTC-1,0,35,61,10178,9133
ACGCGGGCCAAGGACA-1,0,34,62,10066,8936
GCGAGTTCTGCAAAGA-1,0,35,63,9952,9132
TATTCGTGCCAGAATA-1,0,34,64,9840,8935
AGGGCTGCAGTTACAG-1,0,35,65,9726,9131
CTAGCATAGTATAATG-1,0,34,66,9614,8934
TAGGTTCGAGTTCGTC-1,0,35,67,9501,9130
GAATTATAGTGAAAGG-1,0,34,68,9389,8933
CTATCGGGTCTCAACA-1,0,35,69,9275,9129
GCGCTAATTGAATAGA-1,0,34,70,9163,8932
ATGCGACAGTCCCATT-1,0,35,71,9049,9127
GGTAGTGCTCGCACCA-1,0,34,72,8937,8930
AAGCTCGTGCCAAGTC-1,0,35,73,8823,9126
TATTCAATTCTAATCC-1,0,34,74,8711,8929
TTCAAAGTCTCTAGCC-1,0,35,75,8597,9125
TTGAATATGGACTTTC-1,0,34,76,8485,8928
AAGAGCTCTTTATCGG-1,0,35,77,8372,9124
TTACTCCGGCCGGGAA-1,0,34,78,8260,8927
AAACGAGACGGTTGAT-1,0,35,79,8146,9123
GCTAAGTAGTTTCTCT-1,0,34,80,8034,8926
ATAACGCCGGAGGGTC-1,0,35,81,7920,9122
GGATCCGGAATATACT-1,0,34,82,7808,8925
TGAAAGGACCTGACTC-1,0,35,83,7694,9121
TCCGCGGCAGCATCTG-1,0,34,84,7582,8924
TGCATATGTCTGTCAC-1,0,35,85,7468,9120
TGTAGGAGAAATTTCC-1,0,34,86,7356,8923
AGTGAGACTTCCAGTA-1,0,35,87,7243,9119
CCCAAACATGCTGCTC-1,0,34,88,7131,8922
GCTTATGAAGCAGGAA-1,0,35,89,7017,9118
TTCTAACCGAAGCTTA-1,0,34,90,6905,8921
GGATGTCCTTACCGCA-1,0,35,91,6791,9116
AGGGTGCTCTCGAGGG-1,0,34,92,6679,8919
AACTCTCAATAGAGCG-1,0,35,93,6565,9115
TCTGAATTCCGTACAA-1,0,34,94,6453,8918
GCGTGGTACTGGGTTA-1,0,35,95,6339,9114
CGTCGGATAGTGTTGA-1,0,34,96,6227,8917
ATATGTCTCCCTAGCC-1,0,35,97,6114,9113
TCTTTAAGACTATGAA-1,0,34,98,6002,8916
TCATTTAAGTCTCCGA-1,0,35,99,5888,9112
GATATTGAGATTGGCG-1,0,34,100,5776,8915
TGACATCGAGCGGACC-1,0,35,101,5662,9111
GCGTAAATGGCCATAA-1,0,34,102,5550,8914
ATTGTACAACTCGGCT-1,0,35,103,5436,9110
TACGCTATAGAAACCT-1,0,34,104,5324,8913
CACCCAAATCTTATGT-1,0,35,105,5210,9109
AGATGATGGAGTCTGG-1,0,34,106,5098,8912
CCACGGTGCCCGGTAG-1,0,35,107,4985,9108
TCAAGAAATACTAGCT-1,0,34,108,4873,8911
AGGTATAATTGATAGT-1,0,35,109,4759,9107
CAAGGTCCTATAGGCT-1,0,34,110,4647,8910
CCGGCACGACCGTTTC-1,0,35,111,4533,9105
ACCTCCGTTATTCACC-1,0,34,112,4421,8908
GCAGCCTATATCACAT-1,0,35,113,4307,9104
GGTATAGTGACACATA-1,0,34,114,4195,8907
AAATTCCAGGTCCAAA-1,0,35,115,4081,9103
TCTTTAGCAGGCGAAC-1,0,34,116,3969,8906
TATTGACATTTCTGCC-1,0,35,117,3856,9102
TCTGATCGGGTGCTAG-1,0,34,118,3744,8905
GGCCCGGAGCATGTCT-1,0,35,119,3630,9101
GGGCGCAGCGTTACTC-1,0,34,120,3518,8904
TTGGCGATCCGAATAT-1,0,35,121,3404,9100
CCACGTAAATTAGACT-1,0,34,122,3292,8903
TCTGATTGGAAATGGA-1,0,35,123,3178,9099
ATGGCGGAATAGTCGC-1,0,34,124,3066,8902
ATCGCTTTACGTCTCA-1,0,35,125,2952,9098
TACGTGCAAGGTTCCT-1,0,34,126,2840,8901
CAGGACAGCTGCCCTT-1,0,35,127,2727,9097
CAAACCAGGTCTGCAT-1,0,36,0,17064,9363
ACAAGCTATATGGAAG-1,0,37,1,16950,9559
TCGCCCACTGCGAGAG-1,0,36,2,16838,9362
AGCCGCAAATTCAAAT-1,0,37,3,16724,9558
TTAACGTTAAAGCCTG-1,0,36,4,16612,9361
CAGCGCCAACACGATA-1,0,37,5,16498,9557
ATCCAATGGTACCGAA-1,0,36,6,16386,9360
GTGCTGCAGATAAGGA-1,0,37,7,16273,9555
GGCCTTTGCAACTGGC-1,0,36,8,16161,9358
GTCGTACCTACGATTG-1,0,37,9,16047,9554
TAGAAATTCACGTATA-1,0,36,10,15935,9357
AGAATAAATCTTCAGG-1,0,37,11,15821,9553
CATTGCGAAATGGGCG-1,0,36,12,15709,9356
GTCTACTCAATTACAA-1,0,37,13,15595,9552
TGTAATGACCACAATA-1,0,36,14,15483,9355
AAAGTCGACCCTCAGT-1,0,37,15,15369,9551
TACTCGGCACGCCGGG-1,0,36,16,15257,9354
AGGTGTATCGCCATGA-1,0,37,17,15144,9550
TGTGCTTTACGTAAGA-1,0,36,18,15032,9353
AAACCTCATGAAGTTG-1,0,37,19,14918,9549
TATAGGGTACTCATGA-1,0,36,20,14806,9352
CCAGCTGATGGTACTT-1,0,37,21,14692,9548
AATATTGGAGTATTGA-1,0,36,22,14580,9351
GGCCCTCACCCACTTA-1,0,37,23,14466,9547
AACCAAGACTTCTCTG-1,0,36,24,14354,9350
TCGTATTACCCATTGC-1,0,37,25,14240,9546
ATTCGACGCCGGGCCT-1,0,36,26,14128,9349
GGCGCAGGACATCTTC-1,0,37,27,14015,9544
GTACTCCCTTATCGCT-1,0,36,28,13903,9347
TGGTCTGTTGGGCGTA-1,0,37,29,13789,9543
AATAACAACGCTCGGC-1,0,36,30,13677,9346
CATACCCGTACCCAGT-1,0,37,31,13563,9542
ACAATCCATTTAAACC-1,0,36,32,13451,9345
GTTACAATTGGTGACG-1,0,37,33,13337,9541
TTGCCCTGATCACGGG-1,0,36,34,13225,9344
CTAACCGCGCGCCCGT-1,0,37,35,13111,9540
CTAAAGAATGCCTACT-1,0,36,36,12999,9343
ACCCATCTTGAGGGTA-1,0,37,37,12886,9539
GATCTTTGCAGGGTAT-1,0,36,38,12774,9342
GGGTACTTCATGAACT-1,0,37,39,12660,9538
GCCGCTTGTGAGAAAC-1,0,36,40,12548,9341
CCTGTAAGACATGATA-1,0,37,41,12434,9537
CGACAGTTCGCGTTAT-1,0,36,42,12322,9340
ACGATGCATATGTTAT-1,0,37,43,12208,9536
TGTTCCGCTTCCATGA-1,0,36,44,12096,9339
GGATGACGCGAGTTTA-1,0,37,45,11982,9535
GAAGTTTCCACTCAAT-1,0,36,46,11870,9338
GCGAGGCCCGAGCAGA-1,0,37,47,11757,9533
CATACTATGTAATTGT-1,0,36,48,11645,9336
CCAATGTCACAGCAAG-1,0,37,49,11531,9532
GTTGGATTTGCGTTGG-1,0,36,50,11419,9335
GGGAGGATGCCCGAAA-1,0,37,51,11305,9531
GATCGCGGGCTCTCCA-1,0,36,52,11193,9334
GTTCGCCATAAGTGCC-1,0,37,53,11079,9530
AGATTATAGGACGTTT-1,0,36,54,10967,9333
TCGAGACCAACACCGT-1,0,37,55,10853,9529
TATGGGACCGAGCAGG-1,0,36,56,10741,9332
GATGCGTCCTGCATTC-1,0,37,57,10628,9528
TATGGTCTGAGTAACA-1,0,36,58,10516,9331
GCATAGAGCACTCAGG-1,0,37,59,10402,9527
CTTCATTGTCAGTGGA-1,0,36,60,10290,9330
GCAGATTAGGGATATC-1,0,37,61,10176,9526
CCTGTCGCCCGTAAAT-1,0,36,62,10064,9329
CAATTTCGTATAAGGG-1,0,37,63,9950,9525
GTACACTTACCTGAAG-1,0,36,64,9838,9328
CCAGCCTGGACCAATA-1,0,37,65,9724,9524
ATGGAGCAGGCCGTGA-1,0,36,66,9612,9327
GTCATTAGAGCGAACG-1,0,37,67,9499,9523
AAGACTGCAAGCTACT-1,0,36,68,9387,9326
CTAGTCACGTCTTAAG-1,0,37,69,9273,9521
ACTCTTGTATAGTAAC-1,0,36,70,9161,9324
ATTAGGCGATGCTTTC-1,0,37,71,9047,9520
TTCGGGACTAATCGCG-1,0,36,72,8935,9323
TGGACTGTTCGCTCAA-1,0,37,73,8821,9519
AACGTGCGAAAGTCTC-1,0,36,74,8709,9322
CCACCCAAGGAAAGTG-1,0,37,75,8595,9518
CCGCACAAAGACCAAC-1,0,36,76,8483,9321
GCGATTGTTAACGTTA-1,0,37,77,8370,9517
ACTCGTCAGTAATCCC-1,0,36,78,8258,9320
GGTGATAAGGAGCAGT-1,0,37,79,8144,9516
AAGAGGCATGGATCGC-1,0,36,80,8032,9319
CACGTTCGTGCTCTAG-1,0,37,81,7918,9515
CTATTTGGTTACGGAT-1,0,36,82,7806,9318
GTACAGAGGCAAGGGT-1,0,37,83,7692,9514
GGGCCGGCCGAAGTAC-1,0,36,84,7580,9317
CCTGAACGATATATTC-1,0,37,85,7466,9513
CCGGGCTGCTCCATAC-1,0,36,86,7354,9316
TACTTGTTAGTAGTCC-1,0,37,87,7241,9512
CCTAGGCGTAGCGATC-1,0,36,88,7129,9315
CTGGCGCACAGGTCTG-1,0,37,89,7015,9510
ACTTATACTTACCCGG-1,0,36,90,6903,9313
GAAGTCTCCCTAGCGA-1,0,37,91,6789,9509
ACCGATGGTAGCATCG-1,0,36,92,6677,9312
CGAGTTTATCGGACTG-1,0,37,93,6563,9508
CATAACGGACAGTCGT-1,0,36,94,6451,9311
TGACGATGCACTAGAA-1,0,37,95,6337,9507
TAGGGAGCTTGGGATG-1,0,36,96,6225,9310
AGGGTCGATGCGAACT-1,0,37,97,6112,9506
TATATCCCTGGGAGGA-1,0,36,98,6000,9309
CATCTTACACCACCTC-1,0,37,99,5886,9505
GTGCGACAGGGAGTGT-1,0,36,100,5774,9308
CCGATCTCAACCTTAT-1,0,37,101,5660,9504
ACGATCATCTTGTAAA-1,0,36,102,5548,9307
GAAAGAACAGCGTTAT-1,0,37,103,5434,9503
CTAGGTCTGAAGGAAT-1,0,36,104,5322,9306
ATATCAACCTACAGAG-1,0,37,105,5208,9502
AAATAGCTTAGACTTT-1,0,36,106,5096,9305
GCGACATGTAAACATC-1,0,37,107,4983,9501
ATAAGTAGGGCGACTC-1,0,36,108,4871,9304
GCGAGCGCATGCTCCC-1,0,37,109,4757,9499
AGGGACCGGCTGCGTT-1,0,36,110,4645,9302
CCTATGAAGTGGTGCC-1,0,37,111,4531,9498
GCTTACGTAGTTAGTA-1,0,36,112,4419,9301
CATACTTAGGCAATAC-1,0,37,113,4305,9497
CCTGTCCCTCACGTTA-1,0,36,114,4193,9300
CAATGTGCCAACCCTT-1,0,37,115,4079,9496
GTTAAGTTAGAGTGGG-1,0,36,116,3967,9299
CTGGGATACGCTACCC-1,0,37,117,3854,9495
AACCTGTCACGGAATT-1,0,36,118,3742,9298
ACTGCGGACACACCGT-1,0,37,119,3628,9494
CCGTGAGGCATTCATG-1,0,36,120,3516,9297
GCCCAGATGCTGGAGA-1,0,37,121,3402,9493
TCTGGCCGTTCAAGTT-1,0,36,122,3290,9296
ATACGAAGGCTTTCCA-1,0,37,123,3176,9492
GATCCGAATATAAGTG-1,0,36,124,3064,9295
GTGGAGCATGTCGGCC-1,0,37,125,2950,9491
ACTCTTCAGCTCCCGC-1,0,36,126,2838,9294
CCCGATAGCCTCGCCT-1,0,37,127,2725,9490
ACAGGTGTGTTGTTGC-1,0,38,0,17062,9756
TGAACTGCTATGACTT-1,0,39,1,16948,9952
TGACATATATGACGAT-1,0,38,2,16836,9755
AAGTCTTCTGTGGCCT-1,0,39,3,16722,9951
ACCAGACCATAACAAC-1,0,38,4,16610,9754
TGAGACGTACCTCTCA-1,0,39,5,16496,9949
GACCGTTACATGCGAC-1,0,38,6,16385,9752
GGTTCGGATTATACTA-1,0,39,7,16271,9948
CCTCCTGAGCCCACAT-1,0,38,8,16159,9751
CCGCGATTTGGTAGGT-1,0,39,9,16045,9947
AATCTCTACTGTGGTT-1,0,38,10,15933,9750
ACTTTGACTGCATCCT-1,0,39,11,15819,9946
CCCTGACTAACAAATT-1,0,38,12,15707,9749
ACGCTGTGAGGCGTAG-1,0,39,13,15593,9945
GCATACGAGGTCTTTA-1,0,38,14,15481,9748
TCGGGATTCAAACATA-1,0,39,15,15367,9944
GGGCCCTACGAAAGGG-1,0,38,16,15256,9747
CGCCAAGAAGCCGAGT-1,0,39,17,15142,9943
GGTACATCTGGGACGA-1,0,38,18,15030,9746
GGATGCTGGCGTTCCT-1,0,39,19,14916,9942
CCGATTCGAGGGACCC-1,0,38,20,14804,9745
CCACTGGTGGCTGGTT-1,0,39,21,14690,9941
GACAGGCACACACTAT-1,0,38,22,14578,9744
TCAACGCGACCGGCAG-1,0,39,23,14464,9940
CTACGACTAGCTATAA-1,0,38,24,14352,9743
CGGTTGACCTGGCATA-1,0,39,25,14238,9938
ATCCTGAATCGCTGCG-1,0,38,26,14127,9741
GTTTCATATCGTCGCT-1,0,39,27,14013,9937
ATAAATATTAGCAGCT-1,0,38,28,13901,9740
AAGAGGATGTACGCGA-1,0,39,29,13787,9936
TCCTGCGTTGATACTC-1,0,38,30,13675,9739
CGTGCATTGTCGACGC-1,0,39,31,13561,9935
CCGGGTTCGAGGTTAC-1,0,38,32,13449,9738
CCCAATTTCACAACTT-1,0,39,33,13335,9934
TGATTTATTAGCTGTG-1,0,38,34,13223,9737
TGGAAGAAGGGAACGT-1,0,39,35,13109,9933
GACGCTTGCTTCTAAA-1,0,38,36,12998,9736
GGGAACGGGAGGTTAG-1,0,39,37,12884,9932
GCGGCTCTGACGTACC-1,0,38,38,12772,9735
ACGTTAGATTTGCCCG-1,0,39,39,12658,9931
GAGAGGGCGCGAGGTT-1,0,38,40,12546,9734
GCGTCTCTGCATTGGG-1,0,39,41,12432,9930
GCAGCACACAGCCCAG-1,0,38,42,12320,9733
CAGGCCGTTTGGGTGT-1,0,39,43,12206,9929
AACTCAAGTTAATTGC-1,0,38,44,12094,9732
CTTCGTAGATAGGTGA-1,0,39,45,11980,9927
TGCAGAGTACCGAGCA-1,0,38,46,11869,9730
GAAGTGATTTATCGTG-1,0,39,47,11755,9926
CGCTACGGGACATTTA-1,0,38,48,11643,9729
CCACACTGAGATATTA-1,0,39,49,11529,9925
CGATCCGACCCAGTGC-1,0,38,50,11417,9728
CTGTACTTCTTAGCAT-1,0,39,51,11303,9924
ACTTATTAGGATCGGT-1,0,38,52,11191,9727
TAGTCCGCAGAGAATG-1,0,39,53,11077,9923
TTCACGAAAGGATCAC-1,0,38,54,10965,9726
TACATTTCTAACGTGC-1,0,39,55,10851,9922
ACCATATCCGCAATAA-1,0,38,56,10740,9725
CACTCAAGAGCTATGG-1,0,39,57,10626,9921
TGTACGAACAAATCCG-1,0,38,58,10514,9724
ATCATCCAATATTTGT-1,0,39,59,10400,9920
CGCTATTCTTAGGCTC-1,0,38,60,10288,9723
TGGCAGCAGTAATAGT-1,0,39,61,10174,9919
TCACGTGCCCGATTCA-1,0,38,62,10062,9722
CATACGGCGTCTGGGC-1,0,39,63,9948,9918
CACATGATTCAGCAAC-1,0,38,64,9836,9721
GCTAGTAGAGCTTGTA-1,0,39,65,9722,9916
TGCTGTTGAAGAACTC-1,0,38,66,9611,9719
CGGAGCATGGCGATCC-1,0,39,67,9497,9915
TAGCGTTGGGTCTTAC-1,0,38,68,9385,9718
GTAGCGGCTATACACT-1,0,39,69,9271,9914
TAACATACAATGTGGG-1,0,38,70,9159,9717
TCTTCGAATAGACGTT-1,0,39,71,9045,9913
GATCGTGACTGATATC-1,0,38,72,8933,9716
GATCCGGGAATTAACA-1,0,39,73,8819,9912
TTATATACGCTGTCAC-1,0,38,74,8707,9715
GTCGCGTAACCCGTTG-1,0,39,75,8593,9911
AGCTCTAGACGTTCCA-1,0,38,76,8482,9714
GTCAAGCGGACTCGGG-1,0,39,77,8368,9910
CGAGGGACTGCGGTCG-1,0,38,78,8256,9713
AATCGCCTCAGCGCCA-1,0,39,79,8142,9909
CTTGTTGCTGAGTCAA-1,0,38,80,8030,9712
GATATGAGACACTAAC-1,0,39,81,7916,9908
TTATGATCTTAACGAA-1,0,38,82,7804,9711
CGCCGCCCATGCCTGT-1,0,39,83,7690,9907
CTGGGATAAATAATGG-1,0,38,84,7578,9710
GTGCCCGTTCGGATTC-1,0,39,85,7464,9906
TTCAATACTCTGAATC-1,0,38,86,7353,9709
CGCACATGTCCACTAC-1,0,39,87,7239,9904
AGAAGAGCGCCGTTCC-1,0,38,88,7127,9707
GATAACTCGCACTGTG-1,0,39,89,7013,9903
AGTCGACGGTCTCAAG-1,0,38,90,6901,9706
GTGACCGCACACTACG-1,0,39,91,6787,9902
GTATGTGGGTCTAGTT-1,0,38,92,6675,9705
CTTGAGTTAGGGTAAT-1,0,39,93,6561,9901
TTAGCTGATTTGCCGT-1,0,38,94,6449,9704
GCTGTTGCTACCGAAC-1,0,39,95,6336,9900
TATTACCATCCTGCTT-1,0,38,96,6224,9703
TTGAATTCACGTGAGG-1,0,39,97,6110,9899
CCATCTCACCAGTGAA-1,0,38,98,5998,9702
CGCACGTGCGCTATCA-1,0,39,99,5884,9898
ACCCGGATGACGCATC-1,0,38,100,5772,9701
CGCTAGAGACCGCTGC-1,0,39,101,5658,9897
ATAGTTCCACCCACTC-1,0,38,102,5546,9700
GCAGACCCAGCACGTA-1,0,39,103,5432,9896
TAGACTACCTAGCGTT-1,0,38,104,5320,9699
GGTTCTACTCGTCTGA-1,0,39,105,5207,9895
GACTCACCCACGTGAG-1,0,38,106,5095,9698
AGCTCTTCGTAACCTT-1,0,39,107,4981,9893
ACTATCCAGGGCATGG-1,0,38,108,4869,9696
AAGGATCGATCGCTTG-1,0,39,109,4755,9892
ATATCGGTAGGGAGAT-1,0,38,110,4643,9695
TTCCAGACGAGATTTA-1,0,39,111,4529,9891
GACCGACGTGAAAGCA-1,0,38,112,4417,9694
CCTGGAAACGTTCTGC-1,0,39,113,4303,9890
CCGGTAATGGCTAGTC-1,0,38,114,4191,9693
GCCGTGGAAGAAATGT-1,0,39,115,4078,9889
GTCTTGAGGAGCAGTG-1,0,38,116,3966,9692
TCCCAAAGCCCTAAAT-1,0,39,117,3852,9888
TTGAGCGCCACGTGAT-1,0,38,118,3740,9691
TTGAGTCCCGCTGCTG-1,0,39,119,3626,9887
ATGGAACCTTTGCACA-1,0,38,120,3514,9690
GCTAGCACCTGGGCCA-1,0,39,121,3400,9886
CGCCGTCTACCCATCG-1,0,38,122,3288,9689
GATAGGTGTCCCGGGC-1,0,39,123,3174,9885
AGGTATGCGGACATTA-1,0,38,124,3062,9688
TTGGTTCGCTCAAAGG-1,0,39,125,2949,9884
TCTGGAGCGTAAGAGT-1,0,38,126,2837,9687
TGCCTAAATTTAATAG-1,0,39,127,2723,9882
TAATTTCCGTCCAGTA-1,0,40,0,17060,10149
TCCTTCAATCCCTACG-1,0,41,1,16946,10345
TACCTATCCCTAGAGG-1,0,40,2,16834,10148
GCATGGGTACTGACGC-1,0,41,3,16720,10343
GTCGGGAACATGGTAG-1,0,40,4,16608,10146
GCAAATGAGGACACTT-1,0,41,5,16495,10342
GAATGGGCTTATCGAC-1,0,40,6,16383,10145
TGGTCGTGCAAGGCAA-1,0,41,7,16269,10341
CACCACGCCACACAGA-1,0,40,8,16157,10144
GAACCTCGACCTACAC-1,0,41,9,16043,10340
CAATACGCTCTGAGGC-1,0,40,10,15931,10143
TGGTAAGCAGGATTGA-1,0,41,11,15817,10339
AGTGGCTCCGTCGGCC-1,0,40,12,15705,10142
GATCGGATAGAACCAT-1,0,41,13,15591,10338
GCTACAGTACGGACCG-1,0,40,14,15479,10141
TCTATTACTAGAGGAT-1,0,41,15,15366,10337
TTCAGGCGTCAAAGCC-1,0,40,16,15254,10140
AGACCGGGAAACCCTG-1,0,41,17,15140,10336
AGAGATCTCTAAAGCG-1,0,40,18,15028,10139
CCCTGCCCAATCCGCT-1,0,41,19,14914,10335
GTGGCGGTCCCAGCGT-1,0,40,20,14802,10138
GCATTGTAATTCATAT-1,0,41,21,14688,10334
CCGTTCCGAATCTCGG-1,0,40,22,14576,10137
AGCTTGATCTTAACTT-1,0,41,23,14462,10332
CCTGTACTCACGCCCA-1,0,40,24,14350,10135
AAGTGACGACCGAATT-1,0,41,25,14237,10331
CTCACTTGGCTGGTAA-1,0,40,26,14125,10134
CGCCTGGCCTACGTAA-1,0,41,27,14011,10330
CCCGTAAGTCTAGGCC-1,0,40,28,13899,10133
TTGGACATGTGGCTTA-1,0,41,29,13785,10329
ATTACGCGCTGGCAGG-1,0,40,30,13673,10132
ACGCGCTACACAGGGT-1,0,41,31,13559,10328
TACGTTTACCGGCAAT-1,0,40,32,13447,10131
CGAAACGCAATTCATG-1,0,41,33,13333,10327
TAGTCTAACAACGAGA-1,0,40,34,13221,10130
TTGCATGCTGATCACG-1,0,41,35,13108,10326
TCTGGGTAGCGCTCAT-1,0,40,36,12996,10129
ACATCGGTCAGCCGCG-1,0,41,37,12882,10325
AGATACCGGTGTTCAC-1,0,40,38,12770,10128
GATTACTGAATTTGGG-1,0,41,39,12656,10324
TCCAACTTTAAATTCT-1,0,40,40,12544,10127
TCCTAGCAAAGAAGCT-1,0,41,41,12430,10323
GTCTATCTGAGTTTCT-1,0,40,42,12318,10126
GATGTTCAATCCACGA-1,0,41,43,12204,10321
AGTTAAACACTTGCGA-1,0,40,44,12092,10124
AGCTCTTTACTCAGTT-1,0,41,45,11979,10320
ATCCAGGATTCGTGAA-1,0,40,46,11867,10123
AGTCAACACCACCATC-1,0,41,47,11753,10319
CGATACCTCGCGGACA-1,0,40,48,11641,10122
TACAACGCACAACTCA-1,0,41,49,11527,10318
AATTAAAGGTCGGCGT-1,0,40,50,11415,10121
TACGCAGTTCTTTCCT-1,0,41,51,11301,10317
GACCGTGCTGACGGTG-1,0,40,52,11189,10120
GGCAAATTACTTTACT-1,0,41,53,11075,10316
GGTACAAACATGCTAT-1,0,40,54,10963,10119
CGGGCCTTCTTTGTAA-1,0,41,55,10850,10315
CGTGAAGTTAATTCAC-1,0,40,56,10738,10118
ATAGTGAAGCGTTCTC-1,0,41,57,10624,10314
TACGCCATATTCTAAT-1,0,40,58,10512,10117
GCCGGGTTAGGGTCGC-1,0,41,59,10398,10313
TACATAGGCATACACC-1,0,40,60,10286,10116
GCCGATTGGCCAAGCT-1,0,41,61,10172,10312
CTGCCATGCATCACAT-1,0,40,62,10060,10115
TTATGAATGAAAGGGA-1,0,41,63,9946,10310
GCTGAGGCGTGAGTAT-1,0,40,64,9834,10113
GCGCCGTTCCACGATA-1,0,41,65,9721,10309
CGCATGGTGCGATGCT-1,0,40,66,9609,10112
AGGTTTCACACACCTT-1,0,41,67,9495,10308
CAAGGATCGCATGTTC-1,0,40,68,9383,10111
ACGTTAATGTCGAAGA-1,0,41,69,9269,10307
TCCAGAGCACCGGTTC-1,0,40,70,9157,10110
GATTCGACGGTTCACG-1,0,41,71,9043,10306
GTTTCTGCAGTCTCCC-1,0,40,72,8931,10109
GCTGCACGGTTTCTTA-1,0,41,73,8817,10305
CGTGCAGACTGGGACA-1,0,40,74,8705,10108
GTGTTACTATGCGTCC-1,0,41,75,8592,10304
TCCTCGGGCTGGGCTT-1,0,40,76,8480,10107
GTGAGGACACTTAAGG-1,0,41,77,8366,10303
ATACGCCGGCGAAACC-1,0,40,78,8254,10106
TCTGCCAGAAACTGCA-1,0,41,79,8140,10302
TTCTGCGGGTTAGCGG-1,0,40,80,8028,10105
CTCGGTACCACTGCTC-1,0,41,81,7914,10301
GTAAGTAACAGTCTGG-1,0,40,82,7802,10104
GTGCGTGTATATGAGC-1,0,41,83,7688,10299
ATTTGTCTTGGGAGCT-1,0,40,84,7576,10103
CCTCGGACCGGGATAG-1,0,41,85,7463,10298
TAGGTGCTCGCCTAGC-1,0,40,86,7351,10101
CTTTAGGAACACTGTT-1,0,41,87,7237,10297
TCGGGCCGTCGTGGTA-1,0,40,88,7125,10100
AGTGCTTGCACGAATA-1,0,41,89,7011,10296
TGCAGTTTCCTCCCAT-1,0,40,90,6899,10099
TGAGAGATTTACCACG-1,0,41,91,6785,10295
GAAACAGATGACCACC-1,0,40,92,6673,10098
AGCAACATATCTTATT-1,0,41,93,6559,10294
CAAGTGTGGTTGCAAA-1,0,40,94,6447,10097
GCCTCATCTGGAAATA-1,0,41,95,6334,10293
AACCCTACTGTCAATA-1,0,40,96,6222,10096
ACGTATTACTCCGATC-1,0,41,97,6108,10292
TCTGGGAACCTTTGAA-1,0,40,98,5996,10095
GCTCGCTCATGTCCAA-1,0,41,99,5882,10291
GCGCAAGAGCGCGCTG-1,0,40,100,5770,10094
TTGACGCTCCATGAGC-1,0,41,101,5656,10290
TATAGATGGTCGCAGT-1,0,40,102,5544,10093
TTACATGCCACAACTA-1,0,41,103,5430,10289
ACATGGCGCCAAAGTA-1,0,40,104,5318,10092
TATGGTTAGTGGGAGA-1,0,41,105,5205,10287
CATGACTTCGCTGAAT-1,0,40,106,5093,10090
ACCACCAATGTAACAA-1,0,41,107,4979,10286
TCTTAGAGCTCCAATT-1,0,40,108,4867,10089
CCACGAATTTAACCTC-1,0,41,109,4753,10285
TTCTTGCTAGCATCTC-1,0,40,110,4641,10088
ACACCTTACTACTTGC-1,0,41,111,4527,10284
AGTCGGTTGCGTGAGA-1,0,40,112,4415,10087
ACCTACAGTATGTGGT-1,0,41,113,4301,10283
GAGGATAAACAGTGCT-1,0,40,114,4189,10086
TTCCGGTATCTGTGTC-1,0,41,115,4076,10282
GGAGGCCGAAGTCGTC-1,0,40,116,3964,10085
TTCGCTAGGAAGTTGT-1,0,41,117,3850,10281
TAAAGACAACCCTTTA-1,0,40,118,3738,10084
GTTGCGCTAACATTAC-1,0,41,119,3624,10280
GCTGAACTCTCCAGGG-1,0,40,120,3512,10083
AGCCCTGTCGCACCGT-1,0,41,121,3398,10279
AGCGCTAGAGCGATGT-1,0,40,122,3286,10082
TGCGCCGTTAATAACG-1,0,41,123,3172,10278
TGACAACGCATGTCGC-1,0,40,124,3060,10081
CGTCTTGAGTGTGACG-1,0,41,125,2947,10276
GATAGGATTAATTACA-1,0,40,126,2835,10079
GATACCGTGTCGGAGT-1,0,41,127,2721,10275
TGTGTCGAAGTCGAGG-1,0,42,0,17058,10542
GGATCAGAGCCATCAG-1,0,43,1,16944,10737
GTCCCAATCATCCCGC-1,0,42,2,16832,10540
TGCCACACTAGAGGAA-1,0,43,3,16718,10736
TGAATTTCACTTGCCT-1,0,42,4,16606,10539
CTCAGATTGTGATAAG-1,0,43,5,16493,10735
CGGACGTTACTTGAAG-1,0,42,6,16381,10538
CCGCCTTGCGATGTCG-1,0,43,7,16267,10734
CCAGTCAAATCTCTTA-1,0,42,8,16155,10537
AAACAGCTTTCAGAAG-1,0,43,9,16041,10733
TAGCTGATGTGAAGCG-1,0,42,10,15929,10536
CTTATGCGCTCAGGGC-1,0,43,11,15815,10732
TGGCTCTTGTCGCGTA-1,0,42,12,15703,10535
TTGTGAGGCATGACGC-1,0,43,13,15589,10731
CATAAGCTCTCCGTCT-1,0,42,14,15477,10534
CCTTCTCAGCGTTCCT-1,0,43,15,15364,10730
TGCAGCTACGTACTTC-1,0,42,16,15252,10533
CTCTACACTGGCGATT-1,0,43,17,15138,10729
TGCAGATCGTCCTAGG-1,0,42,18,15026,10532
TGCCAAAGTCAGACTT-1,0,43,19,14912,10728
ACAATAGTCGTACGTT-1,0,42,20,14800,10531
CATGCCAACTCGCAAA-1,0,43,21,14686,10726
TGCAGAACTATATCGT-1,0,42,22,14574,10529
TCGTGTCACGCTGACA-1,0,43,23,14460,10725
TGATCAGGGAACTGCT-1,0,42,24,14348,10528
CTTGCAACCGCCTCCT-1,0,43,25,14235,10724
AGCCCATACATGTAAG-1,0,42,26,14123,10527
ATCCAATGGAGGGTCC-1,0,43,27,14009,10723
AAACCGGGTAGGTACC-1,0,42,28,13897,10526
GCAACCACGGCCGCGT-1,0,43,29,13783,10722
CGCTTATTCCCGGTCG-1,0,42,30,13671,10525
TTACTCTGGTACGTAC-1,0,43,31,13557,10721
GTGGTTTCCGCCTTTC-1,0,42,32,13445,10524
ATAGGCGGCTATAGAA-1,0,43,33,13331,10720
GTGCCATCACACGGTG-1,0,42,34,13220,10523
CCCAACATACGTCGCG-1,0,43,35,13106,10719
CGGTGCAGATAGAACG-1,0,42,36,12994,10522
GGGCGGGTTCCCTACG-1,0,43,37,12880,10718
TGAGCCATACAGTCTC-1,0,42,38,12768,10521
CTCCGCCCACATGAGG-1,0,43,39,12654,10717
GTTGAACCGGTTCCAT-1,0,42,40,12542,10520
TTGACTACCATATGGT-1,0,43,41,12428,10715
ACCATCGTATATGGTA-1,0,42,42,12316,10518
TGCGTAAGAACCTGAT-1,0,43,43,12202,10714
AGAAGGTTGCCGAATT-1,0,42,44,12091,10517
AGGACGACCCATTAGA-1,0,43,45,11977,10713
GGTGCTGGTACACATT-1,0,42,46,11865,10516
GCGCTATGCCGAGGCA-1,0,43,47,11751,10712
ACCCGGTTACACTTCC-1,0,42,48,11639,10515
TAACTCATCCGCGCGG-1,0,43,49,11525,10711
CACAATGAGCTGCTAT-1,0,42,50,11413,10514
GTTACTTTGGGCCTAG-1,0,43,51,11299,10710
GGGCCCGTCTTAAACA-1,0,42,52,11187,10513
GAAATTGTCTCTATAA-1,0,43,53,11073,10709
GGCGCATGAATTGATG-1,0,42,54,10962,10512
CATATAGGTACAGTCA-1,0,43,55,10848,10708
TCAACGAGGAGACAAA-1,0,42,56,10736,10511
TTGCACAATTCAGAAA-1,0,43,57,10622,10707
CATCGGACGGGTTAAT-1,0,42,58,10510,10510
ATTAAACATGCGGACC-1,0,43,59,10396,10706
TATCTACCACAGCGGG-1,0,42,60,10284,10509
CGAGACCCTAGAGTGT-1,0,43,61,10170,10704
ACATCGATCGTTTACC-1,0,42,62,10058,10507
ATCGACCCAATACAGA-1,0,43,63,9944,10703
GAATCTGAACATTCTC-1,0,42,64,9833,10506
AGTTCCTATTTATGTT-1,0,43,65,9719,10702
CAGTCTGTATACTGGG-1,0,42,66,9607,10505
GGAGACGACACCTTTG-1,0,43,67,9493,10701
CCTAAATTAACGGTTC-1,0,42,68,9381,10504
GCTACGACTTATTGGG-1,0,43,69,9267,10700
CTGTGCAGGGTAGGTC-1,0,42,70,9155,10503
ACGCCGCTAGACGACC-1,0,43,71,9041,10699
ACTTGACTCCCTCTTT-1,0,42,72,8929,10502
CGCCTCCCTCCTCTAT-1,0,43,73,8815,10698
CTAGATTTACGACGGC-1,0,42,74,8704,10501
GATGCTGTATTTCATC-1,0,43,75,8590,10697
TGCGTTTGTTGACACT-1,0,42,76,8478,10500
CGTGCCCTCCCGAAGA-1,0,43,77,8364,10696
ACTCTCTGACTTAGGT-1,0,42,78,8252,10499
CTGGGTAGGCAGTTAA-1,0,43,79,8138,10695
GTTTGGCCCAAGTTAT-1,0,42,80,8026,10498
GAATGTGGTCCGGATT-1,0,43,81,7912,10693
CCCAGTTAAGGCGCCG-1,0,42,82,7800,10496
CGGTACTAGAATCAAA-1,0,43,83,7686,10692
GCTTAATGTAACTAAC-1,0,42,84,7575,10495
AGGACAGTCGAATCCC-1,0,43,85,7461,10691
GACAGCCAGACCTGAC-1,0,42,86,7349,10494
GGCGAAATCTAACTTG-1,0,43,87,7235,10690
CTGGTAACACATAGAA-1,0,42,88,7123,10493
TAGCCATTTCAAAGTC-1,0,43,89,7009,10689
GGGATTTACCGCACCT-1,0,42,90,6897,10492
ATGCCATTTGCGACCA-1,0,43,91,6783,10688
GAATAGACGCGACCCA-1,0,42,92,6671,10491
TGTATGGCGCAGACAG-1,0,43,93,6557,10687
GGATGAAGATCGCTGA-1,0,42,94,6446,10490
CGACAATTTGATCTAA-1,0,43,95,6332,10686
AAAGTTGACTCCCGTA-1,0,42,96,6220,10489
CGCGGCTCAACTTGAA-1,0,43,97,6106,10685
CACGCGGAACTGTTGC-1,0,42,98,5994,10488
TCTTAGAGTGAACTCT-1,0,43,99,5880,10684
AGTCCATTGGCTGATG-1,0,42,100,5768,10487
TTAAGATAGGATTGAC-1,0,43,101,5654,10683
ACATCCTGGTAACTGT-1,0,42,102,5542,10486
CACCTTGGCGCCTTTG-1,0,43,103,5428,10681
GCTAGACCGTCTACTG-1,0,42,104,5317,10484
CGGCCCAGGTATATCC-1,0,43,105,5203,10680
GTCCATTACTGCTACG-1,0,42,106,5091,10483
GGGTTTAGGATAGGAT-1,0,43,107,4977,10679
TAATTAGGACATCCGT-1,0,42,108,4865,10482
GCTCCCAGTCGGTCCA-1,0,43,109,4751,10678
ATTCGTGCTATCTCTT-1,0,42,110,4639,10481
GTTAACTATGTTGTCA-1,0,43,111,4525,10677
GCTCCGCTCGCTTCAG-1,0,42,112,4413,10480
GCAACGGCTAGTTATG-1,0,43,113,4299,10676
AATCGCGCAGAGGACT-1,0,42,114,4188,10479
AGGTTACACCATGCCG-1,0,43,115,4074,10675
CGAGATTTCGCTCGGG-1,0,42,116,3962,10478
CGATAATACTCAGGTT-1,0,43,117,3848,10674
AAGGCAGGCTGTCTCC-1,0,42,118,3736,10477
GTAAGTCCACACTCTA-1,0,43,119,3622,10673
ATGAGGGCAGCGGCTA-1,0,42,120,3510,10476
GCCGCACTCCGTTTCA-1,0,43,121,3396,10672
GAGCACGGCGCCTCTT-1,0,42,122,3284,10475
ACAATTTGGCCATATT-1,0,43,123,3170,10670
CTGGTTCGCGAGCTAC-1,0,42,124,3059,10473
GACGGTCCTAGGGTGT-1,0,43,125,2945,10669
ACTCGCGATCTGACGC-1,0,42,126,2833,10472
GTGTACGAACCGTTCC-1,0,43,127,2719,10668
CTTTGACGTCGCTTCT-1,0,44,0,17056,10934
CGTTATCATACTTCCA-1,0,45,1,16942,11130
GCTATGCCAGCTTATG-1,0,44,2,16830,10933
CAGTCGGCCTAGATAT-1,0,45,3,16717,11129
CCCGTGAGGGCGGTGA-1,0,44,4,16605,10932
TCTCGTGTTACGAGGA-1,0,45,5,16491,11128
ACGTCTCGTTCCGGGA-1,0,44,6,16379,10931
CGAGAGCGCGTAGATA-1,0,45,7,16265,11127
GACAGATTTCTGGCTC-1,0,44,8,16153,10930
GGGCCTAAATGGGCTA-1,0,45,9,16039,11126
ACTTGTAGTCCCTTCA-1,0,44,10,15927,10929
CCCGAAGTTTCGCGAA-1,0,45,11,15813,11125
ACCATCCGCCAACTAG-1,0,44,12,15701,10928
TGCGAATATGGGATTT-1,0,45,13,15588,11124
TACATCCCTATCCCTG-1,0,44,14,15476,10927
GTGGGAAGACTGAATC-1,0,45,15,15362,11123
TCAACATCGACCGAGA-1,0,44,16,15250,10926
CTATGTGAGTCACGGC-1,0,45,17,15136,11122
CCGAACACTGGGCCTC-1,0,44,18,15024,10925
AAACTTGCAAACGTAT-1,0,45,19,14910,11120
AGGGCGAGCAGCTGAT-1,0,44,20,14798,10923
AACACGAGACGCGGCC-1,0,45,21,14684,11119
TGACGAATATTTCCCT-1,0,44,22,14572,10922
TCGGAGAGTATCGGGA-1,0,45,23,14459,11118
CAAATCTCTCACAAGG-1,0,44,24,14347,10921
AGGCCCTAGAACGCCA-1,0,45,25,14233,11117
TAGAGATCATGCAACT-1,0,44,26,14121,10920
TTGTTTCCATACAACT-1,0,45,27,14007,11116
GAGAGGTGCATTCTGG-1,0,44,28,13895,10919
GTGGACCAACCCGATT-1,0,45,29,13781,11115
CTGGGCCTGCTATATC-1,0,44,30,13669,10918
CATAGTCCACAAGAAC-1,0,45,31,13555,11114
TTGACATGAACGTGGA-1,0,44,32,13443,10917
GGTTACCACCCTCGGG-1,0,45,33,13330,11113
TACCGGTCGTTTCCAT-1,0,44,34,13218,10916
CGAGTACTAAAGAGGA-1,0,45,35,13104,11112
GCAAGAATTCCTTGGC-1,0,44,36,12992,10915
TCGCCGAAGTTGCGTC-1,0,45,37,12878,11111
TTGAGAGTACTGCTAA-1,0,44,38,12766,10914
GCCACAATTTAAGGAC-1,0,45,39,12652,11109
ATATTCAGTTAAACCT-1,0,44,40,12540,10912
TGAGTGCCTCTTAAAT-1,0,45,41,12426,11108
ATCAGACGGCACGCCG-1,0,44,42,12314,10911
GTGCGAAATCGAACAC-1,0,45,43,12201,11107
GTGCCGCTTCAAAGGT-1,0,44,44,12089,10910
GATACGATGGGAGTCA-1,0,45,45,11975,11106
GACACTGAGTTCAGTG-1,0,44,46,11863,10909
ATCCTGCGTGGAATGG-1,0,45,47,11749,11105
ATCCTACCTAAGCTCT-1,0,44,48,11637,10908
AGTGATATGAGTAGTT-1,0,45,49,11523,11104
ATGATGCAATGGTACA-1,0,44,50,11411,10907
GAAACCGAATTACCTT-1,0,45,51,11297,11103
AGTGACCTACTTTACG-1,0,44,52,11185,10906
CAAATGTCCTTCCGTG-1,0,45,53,11072,11102
TTACTGGGATATTTCA-1,0,44,54,10960,10905
CTTGCCCAGGCTCTAC-1,0,45,55,10846,11101
AAATCGTGTACCACAA-1,0,44,56,10734,10904
GTGATCATAGATCTGC-1,0,45,57,10620,11100
TGGCAGATTACGATCA-1,0,44,58,10508,10903
TCACCCTCTTAAGATT-1,0,45,59,10394,11098
CAGGATATATCGTTGT-1,0,44,60,10282,10901
CCTGACCACCGATGGT-1,0,45,61,10168,11097
CTAAAGGGAAATAGGA-1,0,44,62,10056,10900
CCGCTATCAGCACCAG-1,0,45,63,9943,11096
CTTTAGTGCTATTATT-1,0,44,64,9831,10899
CGGGAATTTATGTAAA-1,0,45,65,9717,11095
TACGACTGCCTCTTAG-1,0,44,66,9605,10898
AAACTGCTGGCTCCAA-1,0,45,67,9491,11094
GTACGTTTGCCCGTCA-1,0,44,68,9379,10897
GGCAAGGCGAAATAGC-1,0,45,69,9265,11093
GATCTTGGAGGGCATA-1,0,44,70,9153,10896
AGCGTGGTATTCTACT-1,0,45,71,9039,11092
CTAAGGGAATGATTGG-1,0,44,72,8927,10895
CATGGTAAGTAGCGTT-1,0,45,73,8814,11091
CGTTGAGCGACCGTCG-1,0,44,74,8702,10894
TGCCCGTACCGTTAAA-1,0,45,75,8588,11090
ACAAGGGCAGGCTCTG-1,0,44,76,8476,10893
GAGATCTTCCATGACA-1,0,45,77,8362,11089
AATGACGTAGGATGTC-1,0,44,78,8250,10892
GTGGTGGCCAAGTGAA-1,0,45,79,8136,11087
TCCCGTGTGCAATTTG-1,0,44,80,8024,10890
ACATCGTATGCAATGG-1,0,45,81,7910,11086
GCGAAACTTAACTGGA-1,0,44,82,7798,10889
AATTGAACGCTCTGGT-1,0,45,83,7685,11085
ACAAATGGTAGTGTTT-1,0,44,84,7573,10888
ATGGTCGCGTGGTTTC-1,0,45,85,7459,11084
TGTTATTGTATGTGGC-1,0,44,86,7347,10887
TTCCGGTTACCCACTT-1,0,45,87,7233,11083
GAGTGTGCGGTACCCA-1,0,44,88,7121,10886
CAAGATATTATAACGT-1,0,45,89,7007,11082
ACACACCAGGACCAGT-1,0,44,90,6895,10885
ATGGGCCTCGGCCTCT-1,0,45,91,6781,11081
AAGGTGATAAACCAGC-1,0,44,92,6669,10884
TCTTACTTATGCCTCT-1,0,45,93,6556,11080
AAAGTGTGATTTATCT-1,0,44,94,6444,10883
TGCTCCACAGTTCTTA-1,0,45,95,6330,11079
CTGGCTGATTCATCCT-1,0,44,96,6218,10882
TAAGGCTGAATCCCTC-1,0,45,97,6104,11078
TCTAGTGATATCGTGG-1,0,44,98,5992,10881
TCGAAGAACCGAGCAC-1,0,45,99,5878,11076
GACAAACATATGCAGG-1,0,44,100,5766,10879
AAGTCAATTGTCGTCA-1,0,45,101,5652,11075
AGTGAACAAACTTCTC-1,0,44,102,5540,10878
CATGATGGAAGTTAGC-1,0,45,103,5427,11074
AAGTGCCTTGACTGTA-1,0,44,104,5315,10877
ATCGCCAGTCAACATT-1,0,45,105,5201,11073
ACCGCGGTGGAAGTCG-1,0,44,106,5089,10876
TCTTCTATAACCCGCC-1,0,45,107,4975,11072
CACATTTCTTGTCAGA-1,0,44,108,4863,10875
TAGCGTCCCTCGATTG-1,0,45,109,4749,11071
GTTCGGATCGGGAACA-1,0,44,110,4637,10874
CAAACTCGCGACGCCG-1,0,45,111,4523,11070
GTCTTGTAGCTATTCA-1,0,44,112,4411,10873
TCTCGACGTATCGCCG-1,0,45,113,4298,11069
TTGCCAAGCAGAACCC-1,0,44,114,4186,10872
AAACCCGAACGAAATC-1,0,45,115,4072,11068
TTGAGCAGCCCACGGT-1,0,44,116,3960,10871
CGCCTTTAGCATGCTC-1,0,45,117,3846,11067
TGTGGCTCCCACCAAC-1,0,44,118,3734,10870
CCGCCGTTGAGGATAA-1,0,45,119,3620,11066
CAATACGAGAGTCTGA-1,0,44,120,3508,10869
CATCTAGTGAAGGGAA-1,0,45,121,3394,11064
GGTGGAGGTTGATACG-1,0,44,122,3282,10867
CCGCACACGAACGTGT-1,0,45,123,3169,11063
AGAACCCAGCGTGACA-1,0,44,124,3057,10866
GCGCTCGATCACCTGT-1,0,45,125,2943,11062
ATCATGGACTACCGAC-1,0,44,126,2831,10865
TACGCCGCCTCAGAAG-1,0,45,127,2717,11061
CGACCTACTAGACAAT-1,0,46,0,17054,11327
GAGTCTTGTAAAGGAC-1,0,47,1,16940,11523
AATATCCTAGCAAACT-1,0,46,2,16828,11326
CCCTAGGCAACAAGAG-1,0,47,3,16715,11522
ACAAAGAAGGTAGGCC-1,0,46,4,16603,11325
CCCTGGCTGTTCCTTC-1,0,47,5,16489,11521
TCGCCGCACCGCGTGA-1,0,46,6,16377,11324
TATAGCGCACGTTATC-1,0,47,7,16263,11520
TTATCTGACATTAGGA-1,0,46,8,16151,11323
AGTGGTGTTACCCGTG-1,0,47,9,16037,11519
GCCAAGAATACTTCTG-1,0,46,10,15925,11322
CCGGCGTGAGACTCTG-1,0,47,11,15811,11518
TTCCCGGCGCCAATAG-1,0,46,12,15699,11321
AAACAGGGTCTATATT-1,0,47,13,15586,11517
ACAGTAATACAACTTG-1,0,46,14,15474,11320
CGAACGGCCGGACAAC-1,0,47,15,15360,11516
GCAACACACTAGAACT-1,0,46,16,15248,11319
ACTCCCATTCCTAAAG-1,0,47,17,15134,11514
ACCTGCGTGTCATGTT-1,0,46,18,15022,11317
TACTTTCCGCACGCCA-1,0,47,19,14908,11513
AGGTCAGGTGAGAGTG-1,0,46,20,14796,11316
TCCTCCTAAGACATTC-1,0,47,21,14682,11512
ATGTGAAAGCCTAATG-1,0,46,22,14570,11315
AGTCGGCTCAACTTTA-1,0,47,23,14457,11511
CGATCTGTTGGAGGAC-1,0,46,24,14345,11314
ACGGGAGTGTCGGCCC-1,0,47,25,14231,11510
TTAACTTCAGGTAGGA-1,0,46,26,14119,11313
CCACGGAGCCATAAGA-1,0,47,27,14005,11509
CTTCTATGTTGAAGTA-1,0,46,28,13893,11312
CACCGTTGCGCGATAT-1,0,47,29,13779,11508
TCTAGCAATCTCCGCC-1,0,46,30,13667,11311
AGTTTGGCCAGACCTA-1,0,47,31,13553,11507
TTGTAAGGACCTAAGT-1,0,46,32,13441,11310
AAATTTGCGGGTGTGG-1,0,47,33,13328,11506
AAGTTCGGCCAACAGG-1,0,46,34,13216,11309
CCGCTTACCTCACTCT-1,0,47,35,13102,11505
ATCACGTGCTAATTAA-1,0,46,36,12990,11308
GGTGAAGTACAGGGAT-1,0,47,37,12876,11503
GCTGTATTACTGGCCC-1,0,46,38,12764,11306
AACGGCCATCTCCGGT-1,0,47,39,12650,11502
TAAGTAACATCTTGAC-1,0,46,40,12538,11305
TTCTTGAGCCGCGCTA-1,0,47,41,12424,11501
AGTGCGTAGCTCGTAA-1,0,46,42,12312,11304
GGGATGGTCGTAACCG-1,0,47,43,12199,11500
GTCTGGGCGGTCGAGA-1,0,46,44,12087,11303
CGGAACGTAAACATAG-1,0,47,45,11973,11499
TGCGACACCCTAGTGC-1,0,46,46,11861,11302
CAAACGAGTATCGCAG-1,0,47,47,11747,11498
TCAGTAGGGACTATAA-1,0,46,48,11635,11301
GCGGTTCCCTATCATG-1,0,47,49,11521,11497
GTGACTTCAGTAGTGC-1,0,46,50,11409,11300
CGTCACGTCCATTGGT-1,0,47,51,11295,11496
ATAAGTTACCGCGACG-1,0,46,52,11183,11299
CTGAATCCGAGACCTC-1,0,47,53,11070,11495
TACGACGCTTGCTGCG-1,0,46,54,10958,11298
GAATTCACCCGGGTGT-1,0,47,55,10844,11494
GGGTGACACCTTAACT-1,0,46,56,10732,11297
TGAGTAAATTAGCGTA-1,0,47,57,10618,11492
GAGTCCGCTTACCGGA-1,0,46,58,10506,11295
GGCGCGTTCGAGTTTA-1,0,47,59,10392,11491
ATTCATATACTGTCCA-1,0,46,60,10280,11294
ATAAACGGACCCGTAA-1,0,47,61,10166,11490
GTCGTACCATCTCGGG-1,0,46,62,10054,11293
ATAATAGCTGTTGAAT-1,0,47,63,9941,11489
TTCCGCGTGAGGCGAT-1,0,46,64,9829,11292
TACCGGCTCACTGCCC-1,0,47,65,9715,11488
GTATCTTTCATAACCA-1,0,46,66,9603,11291
GTTACCTACAACTTGC-1,0,47,67,9489,11487
TGACTATAATCCTTTC-1,0,46,68,9377,11290
AAATACCTATAAGCAT-1,0,47,69,9263,11486
TTATTAGAGCGTGTTC-1,0,46,70,9151,11289
ATGTGGACATCTTGAT-1,0,47,71,9037,11485
GTACGCTTCATTGCAC-1,0,46,72,8926,11288
CACATATTAGCAGGAT-1,0,47,73,8812,11484
CAAGAGGGCGGAGTAC-1,0,46,74,8700,11287
TCGCAAAGATGCATTT-1,0,47,75,8586,11483
GTCGTTATTCGCTTAT-1,0,46,76,8474,11286
TCGTGTACTATGGATG-1,0,47,77,8360,11481
GCGGAGAGGGAGAACG-1,0,46,78,8248,11284
TCACAGGGAATCGCAA-1,0,47,79,8134,11480
GACTGCACCAGCCCAG-1,0,46,80,8022,11283
TCCGCTGTCATCCCGG-1,0,47,81,7908,11479
AGATACTCAAGATCGA-1,0,46,82,7797,11282
ACTGAATGGCGAAAGT-1,0,47,83,7683,11478
TCCTACATCCACGGCC-1,0,46,84,7571,11281
TTCAGCCCTGGTCCAC-1,0,47,85,7457,11477
TTAGAGTTTAGAAGGA-1,0,46,86,7345,11280
GGTTAGCTATATGTCT-1,0,47,87,7231,11476
CTGGTTTCGAGCAAGA-1,0,46,88,7119,11279
TGGGCCCATACTAATT-1,0,47,89,7005,11475
ACTTATTTATGTGCCA-1,0,46,90,6893,11278
TTAGTTATTCGTGGCA-1,0,47,91,6779,11474
AACCGCTAAGGGATGC-1,0,46,92,6668,11277
ATACGTCCACTCCTGT-1,0,47,93,6554,11473
CGACACGCTCCGACAG-1,0,46,94,6442,11276
TCTGAACTCGTACCCG-1,0,47,95,6328,11472
AGGATATAGGGATTTA-1,0,46,96,6216,11275
GTGATCACTAACGCCT-1,0,47,97,6102,11470
ACCGGGCCTTTGTTGA-1,0,46,98,5990,11273
TTGACAGGAGCTCCCG-1,0,47,99,5876,11469
CTCTTCTATTGACTGG-1,0,46,100,5764,11272
CGTGGCCGAATATCTA-1,0,47,101,5650,11468
GGTTTAGCCTTTCTTG-1,0,46,102,5539,11271
TCAAGGTTACTACACC-1,0,47,103,5425,11467
TTGACTATTGTCCGGC-1,0,46,104,5313,11270
CGGGAATATAGTATAC-1,0,47,105,5199,11466
GCAACAGCAGTATGCG-1,0,46,106,5087,11269
ATCAAACACTGTTCCA-1,0,47,107,4973,11465
TGGGCAATAGTTGGGT-1,0,46,108,4861,11268
TGAATGTCAGCCGGCC-1,0,47,109,4747,11464
CGGCTCTAAAGCTGCA-1,0,46,110,4635,11267
GGACACAAGTTTACAC-1,0,47,111,4521,11463
CCGAGAAGTCGCATAA-1,0,46,112,4410,11266
AACTACCCGTTTGTCA-1,0,47,113,4296,11462
GCACAAACGAGGCGTG-1,0,46,114,4184,11265
CACACAGCTTGCGCTC-1,0,47,115,4070,11461
GTGCTTACATCAGCGC-1,0,46,116,3958,11264
GCAAACGTCGCCAGGT-1,0,47,117,3844,11460
GAATAGCATTTAGGGT-1,0,46,118,3732,11263
TACTGTTTCTCTGGTA-1,0,47,119,3618,11458
TCCTATCATAGGTAAC-1,0,46,120,3506,11261
TTCGGTGGAGACGCCC-1,0,47,121,3392,11457
TGTTGCCGTCGTCCCA-1,0,46,122,3281,11260
CCAACTTGATAGATCC-1,0,47,123,3167,11456
CAAAGGTCATCTGAAA-1,0,46,124,3055,11259
CTAGCTTAATGGTCCC-1,0,47,125,2941,11455
AGGCCACATTGGTTAC-1,0,46,126,2829,11258
TTAGGATGGGAGGGTA-1,0,47,127,2715,11454
TATGACCTTGCGCTGG-1,0,48,0,17052,11720
ATATACATGTATGGTA-1,0,49,1,16938,11916
TGTGTGACCATGAATC-1,0,48,2,16827,11719
CCCACTCCACGGTATC-1,0,49,3,16713,11915
GGGCAGACGTCACTGC-1,0,48,4,16601,11718
TCAAAGAGCTATCTGT-1,0,49,5,16487,11914
AGATGCATCCTGTGTC-1,0,48,6,16375,11717
GTGAAGTCACGACTCG-1,0,49,7,16261,11913
TGATTCAGGTCCCGCG-1,0,48,8,16149,11716
CGCCACAGGTCGCGAT-1,0,49,9,16035,11912
TTGAATCGTTGTATAA-1,0,48,10,15923,11715
TGGCCAATTTGGTACT-1,0,49,11,15809,11911
CGACCCTTAACGCCGG-1,0,48,12,15698,11714
TCGGCGTACTGCACAA-1,0,49,13,15584,11909
GAGTAAGGCCACGGGA-1,0,48,14,15472,11713
ATCAGCTCGTCCACTA-1,0,49,15,15358,11908
AGGATCACGCGATCTG-1,0,48,16,15246,11711
AAATGGCCCGTGCCCT-1,0,49,17,15132,11907
CAGTACCAGTTTACGT-1,0,48,18,15020,11710
GGTCGTAAGCTCGCAC-1,0,49,19,14906,11906
CGTTCATGGTGCGCGT-1,0,48,20,14794,11709
GACTACAAAGCGGTGG-1,0,49,21,14681,11905
CAGCTGGCGTAACCGT-1,0,48,22,14569,11708
ACTCGTAACCCGTCCT-1,0,49,23,14455,11904
CATATGTCAGGCTACG-1,0,48,24,14343,11707
GCCCGACTTCTTCCCG-1,0,49,25,14229,11903
CTGGCATCCGAATGAG-1,0,48,26,14117,11706
AAGTGCGTTAGAATCT-1,0,49,27,14003,11902
AGAAGTGATTCGTGAT-1,0,48,28,13891,11705
TACCTTAAGATTTCCC-1,0,49,29,13777,11901
AATGACAGCAATGTCT-1,0,48,30,13665,11704
TCAACGCAGGAAATAA-1,0,49,31,13552,11900
TATTCCTCCGCCCACT-1,0,48,32,13440,11703
ATCAAACGAAGGTTTG-1,0,49,33,13326,11899
TTGATTAGCTGTTTCT-1,0,48,34,13214,11702
CTGCTGAGGCCACGAA-1,0,49,35,13100,11897
CCGTGTTAAATTCCAT-1,0,48,36,12988,11700
CACGTCGGCAACCTCT-1,0,49,37,12874,11896
GTATTCTGAGAAACGA-1,0,48,38,12762,11699
CGGTGCGCGTTGGTCC-1,0,49,39,12648,11895
GTGATTCGCCGCTCAA-1,0,48,40,12536,11698
GCCCGCGCGTAAACGG-1,0,49,41,12423,11894
AACGTACTGTGGGTAC-1,0,48,42,12311,11697
GAGTATGCCCGCCTTG-1,0,49,43,12197,11893
TGATTCTGTCGCCGGT-1,0,48,44,12085,11696
GGGCGGCAAATGAATT-1,0,49,45,11971,11892
TTCCAATCTGGCTATC-1,0,48,46,11859,11695
GGAACCGTGTAAATTG-1,0,49,47,11745,11891
TTGGTCACACTCGTAA-1,0,48,48,11633,11694
CGAACCCGCATGCGTC-1,0,49,49,11519,11890
GGGCGTCACCACGTAA-1,0,48,50,11407,11693
TACCAGAAGTAGGTTC-1,0,49,51,11294,11889
TTGGATATCGTCTACG-1,0,48,52,11182,11692
TAGATATGGACTGGAA-1,0,49,53,11068,11888
GCGACGATAGTTGTAC-1,0,48,54,10956,11691
CTGGATTTACACTTGA-1,0,49,55,10842,11886
GTTATATTATCTCCCT-1,0,48,56,10730,11689
TATTCCACTCAGCTCG-1,0,49,57,10616,11885
CTGTTACCCAATCTAG-1,0,48,58,10504,11688
ACGCGAAGTCAGACGA-1,0,49,59,10390,11884
GATAGGTAACGTTGAC-1,0,48,60,10278,11687
TGTTCGTATTGCGGTG-1,0,49,61,10165,11883
GGTCAGTGGGTCCCAC-1,0,48,62,10053,11686
AATTCTAGAGTTAGGC-1,0,49,63,9939,11882
GTTTACGTTCCATCTG-1,0,48,64,9827,11685
AGACCCACCGCTGATC-1,0,49,65,9713,11881
TCTAGCATGCCCAGAA-1,0,48,66,9601,11684
CCCGCAGCGCGAACTA-1,0,49,67,9487,11880
CTCTATTTGGCTGCAG-1,0,48,68,9375,11683
TTCTGCCGCGCCTAGA-1,0,49,69,9261,11879
ACTCCCTAGAATAGTA-1,0,48,70,9149,11682
CCGAACCTTCCCGGCC-1,0,49,71,9036,11878
TCAGACGCTATAGAAG-1,0,48,72,8924,11681
CAGGCGCCATGCTAGG-1,0,49,73,8810,11877
CACTCGAGCTGAACAA-1,0,48,74,8698,11680
ACAAGGAAATCCGCCC-1,0,49,75,8584,11875
ACCACGTGCAGCTATA-1,0,48,76,8472,11678
ACGGCGACGATGGGAA-1,0,49,77,8358,11874
TTACTAAAGGACTTTA-1,0,48,78,8246,11677
GGCTGAAATAGCAAAG-1,0,49,79,8132,11873
TTAGACGAGTCACCTC-1,0,48,80,8020,11676
GTAGTCGCGGGAATCA-1,0,49,81,7907,11872
GCAAACCCTACATTAT-1,0,48,82,7795,11675
GTTAAAGTAGGACTGG-1,0,49,83,7681,11871
ACCCTCCCTTGCTATT-1,0,48,84,7569,11674
CATGTCTCATTTATGG-1,0,49,85,7455,11870
AATAGAATCTGTTTCA-1,0,48,86,7343,11673
TCTCATGAGATAGGGT-1,0,49,87,7229,11869
ATGACTATGCGACATT-1,0,48,88,7117,11672
CCTAACCCAAACAAGT-1,0,49,89,7003,11868
AGTCAAGATGACACTT-1,0,48,90,6891,11671
CGGGAGCTTCAGTGTA-1,0,49,91,6778,11867
CCACAGTACCCATCCT-1,0,48,92,6666,11670
GAGCGCGCACGAGTAG-1,0,49,93,6552,11866
ACCAGTGCGGGAGACG-1,0,48,94,6440,11669
TCCTTACGACGGTCCG-1,0,49,95,6326,11864
TAGTCGATCACGGGTT-1,0,48,96,6214,11667
AGACGAAGTGCCGGTC-1,0,49,97,6100,11863
CGCTGGTGACTACCCT-1,0,48,98,5988,11666
AGGCATTGTCGTAGGG-1,0,49,99,5874,11862
TGGTAGAATATATGGG-1,0,48,100,5762,11665
TTCTTATCCGCTGGGT-1,0,49,101,5649,11861
AGTTTGGCACGGGTTG-1,0,48,102,5537,11664
GCATCGGCCGTGTAGG-1,0,49,103,5423,11860
ATGCGAGTCCCACCAC-1,0,48,104,5311,11663
TCGGCGAACCCAAACC-1,0,49,105,5197,11859
AGAGTAAACTTCACTA-1,0,48,106,5085,11662
AAGCCGAAGCGGTTTA-1,0,49,107,4971,11858
CCCGAGTTTCTCCGTA-1,0,48,108,4859,11661
AATATCGAATCAATGC-1,0,49,109,4745,11857
GCGCCTCCCACTCCGA-1,0,48,110,4633,11660
CGTTAAACTAGTTAGG-1,0,49,111,4520,11856
TGAGTTAAAGACATTC-1,0,48,112,4408,11659
AACAGGTAGTATGGAT-1,0,49,113,4294,11855
GAACGCGGGTCACACG-1,0,48,114,4182,11658
TGTTTGAGATCGTCAG-1,0,49,115,4068,11853
ATCTCGTGAGCGAAAC-1,0,48,116,3956,11656
CTGAGAAAGTTCGGCG-1,0,49,117,3842,11852
ATTACCACACTGCCTG-1,0,48,118,3730,11655
CTGCTGTCTAACGAGC-1,0,49,119,3616,11851
CGTGGAAGCCTCGTAC-1,0,48,120,3504,11654
GGACTCACAAATTAGG-1,0,49,121,3391,11850
CTTTGCTGTCATGGAT-1,0,48,122,3279,11653
GGTGTTGGGCGTCTTA-1,0,49,123,3165,11849
TACCATGTATTGATTT-1,0,48,124,3053,11652
GGTCTCCAAGTAGTGC-1,0,49,125,2939,11848
ATCCTTCTGAAAGAAC-1,0,48,126,2827,11651
CCGGAAGTTATCAGTC-1,0,49,127,2713,11847
TTAGAGGGATATACAG-1,0,50,0,17050,12113
TTGTACACCTCGAACA-1,0,51,1,16937,12309
GTGGGTACTGAGCGTA-1,0,50,2,16825,12112
CTTAAGCAGCGAGCCG-1,0,51,3,16711,12308
GCATTGACTTGCGGAA-1,0,50,4,16599,12111
CCATAACCTGTGCAGT-1,0,51,5,16485,12307
GGGCTACTATTTCGTG-1,0,50,6,16373,12110
GGCGAGCGAAACGGCA-1,0,51,7,16259,12306
GGAGACCATCTACATA-1,0,50,8,16147,12109
AGACCAAACCACACCT-1,0,51,9,16033,12305
CGACGCATCCGTACCT-1,0,50,10,15921,12108
CCTAGGTAAAGGTAGC-1,0,51,11,15808,12303
AGCGGCGGTTAGCGGT-1,0,50,12,15696,12106
CTGGACGCAGTCCGGC-1,0,51,13,15582,12302
AGCCTAATACCCACGT-1,0,50,14,15470,12105
AATCTGGCTTTCTAGT-1,0,51,15,15356,12301
CACCCTTGGTGAGACC-1,0,50,16,15244,12104
GGATCTTGACTCAACC-1,0,51,17,15130,12300
ACGAGGATACCACTCT-1,0,50,18,15018,12103
GAGTTGATGGCAATTT-1,0,51,19,14904,12299
GTGGCAAACAGCGGCA-1,0,50,20,14792,12102
GATGTAACGAACCACC-1,0,51,21,14679,12298
AGCCGTGGCTAAATGT-1,0,50,22,14567,12101
CTCCCTCCTTTCGATC-1,0,51,23,14453,12297
TTGGAAGAATACAGTC-1,0,50,24,14341,12100
AGTTAAGTCAACCGCT-1,0,51,25,14227,12296
CTCATGGTAATTTGCG-1,0,50,26,14115,12099
AAAGTAGCATTGCTCA-1,0,51,27,14001,12295
TTGTGGTAGGAGGGAT-1,0,50,28,13889,12098
AGTCGTGGGCATTACG-1,0,51,29,13775,12294
ACCTAAGTACCTTTCA-1,0,50,30,13663,12097
GTAGAGGGAGACAAGT-1,0,51,31,13550,12293
GATCCTCGACACTGGC-1,0,50,32,13438,12096
CCTACATTCACAGACG-1,0,51,33,13324,12291
TTGACCGTGTTAATGA-1,0,50,34,13212,12094
TCTGTTACCCAGCATA-1,0,51,35,13098,12290
CTAACTGGTCCGGTTC-1,0,50,36,12986,12093
AGCGACAGGAACGGTC-1,0,51,37,12872,12289
TAATAGAACAGAGTTA-1,0,50,38,12760,12092
ACAGGTGGAGGTGAGG-1,0,51,39,12646,12288
TGCGAGAATATTACCC-1,0,50,40,12534,12091
TTGCGTCGGCCAACCG-1,0,51,41,12421,12287
AGGCTTCCCGAAGAAG-1,0,50,42,12309,12090
GCGGACCGCGTTGTGG-1,0,51,43,12195,12286
GTAATCTGATTCTTCG-1,0,50,44,12083,12089
CCGCGGAATGCGTCAC-1,0,51,45,11969,12285
TTCCACACAGATTTGA-1,0,50,46,11857,12088
CTTCTATTAATGCTAG-1,0,51,47,11743,12284
CATTTGAGTGGTACGT-1,0,50,48,11631,12087
TCACAGCAAACTCGAA-1,0,51,49,11517,12283
CAGACGAACCTGATAC-1,0,50,50,11405,12086
TAGCTAGAAGGCATGA-1,0,51,51,11292,12282
ATCCAGAGCAACAACC-1,0,50,52,11180,12085
TCCGGTTCGTCCGGTC-1,0,51,53,11066,12280
CGCGCATGTTTGATTG-1,0,50,54,10954,12083
TGGCGATCAAGTTATG-1,0,51,55,10840,12279
CCCTTTGACAGGTCTT-1,0,50,56,10728,12082
CAGAGACGGTCACCCA-1,0,51,57,10614,12278
TAGCTCGCCTGATAAC-1,0,50,58,10502,12081
TTGTGTTTCCCGAAAG-1,0,51,59,10388,12277
TATACACAGACGCCTT-1,0,50,60,10276,12080
ACATTAGTTTATATCC-1,0,51,61,10163,12276
CCATCGCAGTTAAACT-1,0,50,62,10051,12079
AATTAGCGCTGCAGCG-1,0,51,63,9937,12275
TCCGCTTATCCCATTA-1,0,50,64,9825,12078
GTTTGGGCTTGTGAGC-1,0,51,65,9711,12274
CTTGTCAACATTCGAG-1,0,50,66,9599,12077
GGACCAACAGGATAAC-1,0,51,67,9485,12273
AAGCTAGATCGAGTAA-1,0,50,68,9373,12076
TACCGTGCCTCGGACC-1,0,51,69,9259,12272
GTAGCCAAACATGGGA-1,0,50,70,9147,12075
TGCCAGTACGTGGAGA-1,0,51,71,9034,12271
ATAAGGTGGAGAACAT-1,0,50,72,8922,12074
CTTTAATATTGGTCGA-1,0,51,73,8808,12269
TGGTTCAACGGGTAAT-1,0,50,74,8696,12072
GCTGCTACTGCGTAGC-1,0,51,75,8582,12268
CTGCACAACTACATAT-1,0,50,76,8470,12071
ATATTCCACATAGTGA-1,0,51,77,8356,12267
TGGCAAACTAAATTAC-1,0,50,78,8244,12070
ACCGCAATAACTGCCT-1,0,51,79,8130,12266
TCGCACCAGGAGGCAG-1,0,50,80,8018,12069
ACTTCAGGCTGATCCC-1,0,51,81,7905,12265
ACAAATCGCACCGAAT-1,0,50,82,7793,12068
TCTGATGTATTCTGTC-1,0,51,83,7679,12264
CTTTACCGAATAGTAG-1,0,50,84,7567,12067
GCAGATCCATAAGACT-1,0,51,85,7453,12263
TTCCTCGGACTAACCA-1,0,50,86,7341,12066
TTATCCGGGATCTATA-1,0,51,87,7227,12262
CTGGAAGACACGGTGG-1,0,50,88,7115,12065
GTTCGTCTAAAGAACT-1,0,51,89,7001,12261
GTCTATTGGTTCCGGT-1,0,50,90,6889,12064
CTAGGCGCCCTATCAG-1,0,51,91,6776,12260
AACGGACGTACGTATA-1,0,50,92,6664,12063
AACACACGCTCGCCGC-1,0,51,93,6550,12258
GCTACTATAGTAGAGT-1,0,50,94,6438,12061
AGCATATCAATATGCT-1,0,51,95,6324,12257
CGAACAGTATGGGCGT-1,0,50,96,6212,12060
ACAATTGTGTCTCTTT-1,0,51,97,6098,12256
GATCGCTACCCGATTT-1,0,50,98,5986,12059
ATTGCGATCAGTAACT-1,0,51,99,5872,12255
CAGCAGTCCAGACTAT-1,0,50,100,5760,12058
AGAGGCTTCGGAAACC-1,0,51,101,5647,12254
AAACAAGTATCTCCCA-1,0,50,102,5535,12057
GGCAGCAAACCTATGC-1,0,51,103,5421,12253
ACTAGTTGCGATCGTC-1,0,50,104,5309,12056
TTGGACCATCTGGCAA-1,0,51,105,5195,12252
CCCTCCTCGCTCGTAT-1,0,50,106,5083,12055
GAGCGCAAATACTCCG-1,0,51,107,4969,12251
ATTACATGTCAGTCTT-1,0,50,108,4857,12054
TTGGGACGTAAGAGTT-1,0,51,109,4743,12250
CTTCGGCCAATTGTTT-1,0,50,110,4632,12053
AGACCGCTCCGCGGTT-1,0,51,111,4518,12249
GACCGCGTCTGACGTG-1,0,50,112,4406,12052
CCAAATAACAAGATTC-1,0,51,113,4292,12247
TCTTTAGAGTCTAACA-1,0,50,114,4180,12050
CTCCCAATGAGTCGCG-1,0,51,115,4066,12246
TAGTCTTTCCGAATTG-1,0,50,116,3954,12049
GAGTAAACCGGAAAGT-1,0,51,117,3840,12245
GATCTCGACGCTGTGG-1,0,50,118,3728,12048
CTGACATAGAAATAGA-1,0,51,119,3614,12244
TATACCGAGTGCCACA-1,0,50,120,3503,12047
TCCGAACGTTGCCGCT-1,0,51,121,3389,12243
GCAGAAGGTAATCTCC-1,0,50,122,3277,12046
GGTACTAAGTGCTTTG-1,0,51,123,3163,12242
CAGAATATTCGTTATC-1,0,50,124,3051,12045
TAATCAACCAAATGGG-1,0,51,125,2937,12241
TCTGCTTAGAACAAGC-1,0,50,126,2825,12044
AACTGAGTTATACTGA-1,0,51,127,2711,12240
CCTCAACGATCGCTGT-1,0,52,0,17049,12506
CGGTACGGCAAACCCA-1,0,53,1,16935,12702
CAGATGTTTGTCCCAA-1,0,52,2,16823,12505
GTTTGTTAGCCAAGTA-1,0,53,3,16709,12701
ACGTGACAAAGTAAGT-1,0,52,4,16597,12504
TTGTCACCGCGGTATC-1,0,53,5,16483,12700
GATCTAACCGTATTCA-1,0,52,6,16371,12503
ATGGAAATTTAAGGAG-1,0,53,7,16257,12699
ATTGATCACCACATTT-1,0,52,8,16145,12502
ACTGCTCGGAAGGATG-1,0,53,9,16031,12697
TCTAAAGAACAGTCTC-1,0,52,10,15920,12500
CTGGGTTGAGTTAAAG-1,0,53,11,15806,12696
CCCAGTAAACTTGGGA-1,0,52,12,15694,12499
AGATTCACAACCGATA-1,0,53,13,15580,12695
AGAAGGTACACTTCAC-1,0,52,14,15468,12498
GCAGGAACTTAGATCT-1,0,53,15,15354,12694
AATCTAGGTTTACTTG-1,0,52,16,15242,12497
CCCGGTGTATCGGAAT-1,0,53,17,15128,12693
TTATCCTCAAGGAATA-1,0,52,18,15016,12496
AGCATCATTTCGAAAG-1,0,53,19,14902,12692
CGCGAGTCTGCCGGGT-1,0,52,20,14791,12495
TGCGTCATGACTGAGC-1,0,53,21,14677,12691
GTATGAAATTTCACTC-1,0,52,22,14565,12494
TTGGTTGCGGTGCGCG-1,0,53,23,14451,12690
ACAGAACTGAGAACAA-1,0,52,24,14339,12493
CTACTATCATAGGTTT-1,0,53,25,14225,12689
CCTCTATCGATTAGCA-1,0,52,26,14113,12492
CCGTATCTCGTCGTAG-1,0,53,27,13999,12688
TCACGATGTCCGTGGA-1,0,52,28,13887,12491
TCAACAAAGATAATTC-1,0,53,29,13773,12686
ATGACGCGTTCTATCC-1,0,52,30,13662,12489
ATTTGCGCGAGTAGCT-1,0,53,31,13548,12685
TTCTTGGACGATCTGC-1,0,52,32,13436,12488
AGACGACGATGCCGCT-1,0,53,33,13322,12684
GGTCTCTGAATGGACT-1,0,52,34,13210,12487
GCTCAATCCGTTTATT-1,0,53,35,13096,12683
CCAGAAAGCAACTCAT-1,0,52,36,12984,12486
CACCGTTAGGGATCAC-1,0,53,37,12870,12682
AATAACACTAGAACAA-1,0,52,38,12758,12485
CACCCGGTTTGTGACT-1,0,53,39,12644,12681
CCACCAACTTTACTGT-1,0,52,40,12533,12484
AACTCTCAGTGTGCTC-1,0,53,41,12419,12680
AAACCGTTCGTCCAGG-1,0,52,42,12307,12483
CAGCGATTCCCTTCAA-1,0,53,43,12193,12679
GCTAGCTTGAATAGCT-1,0,52,44,12081,12482
TTGCGGCATCAGAAAG-1,0,53,45,11967,12678
AATAGAACAGAGTGGC-1,0,52,46,11855,12481
GCCATCGAGCTGCGTG-1,0,53,47,11741,12677
ACACTGATCAAGGTGT-1,0,52,48,11629,12480
ACCAACGCTTATTTAT-1,0,53,49,11515,12676
GACATCGATTTATAAC-1,0,52,50,11404,12479
CAGACACCGATCGCTG-1,0,53,51,11290,12674
CCAAGAAAGTGGGCGA-1,0,52,52,11178,12477
GGTAGACCGTTGGGCG-1,0,53,53,11064,12673
TCGTTAGGAGTCCCTA-1,0,52,54,10952,12476
ACGGCCAACATGGACT-1,0,53,55,10838,12672
GTGAGTGGTACAACGC-1,0,52,56,10726,12475
GAGACTTCGCGACCGA-1,0,53,57,10612,12671
GAAGTCAGTTGCACTA-1,0,52,58,10500,12474
GTTTGGTAGGGTCAAC-1,0,53,59,10387,12670
ACGGCACTTGCTTGGG-1,0,52,60,10275,12473
CCTCTGTACTATTCTA-1,0,53,61,10161,12669
CTATTCATGTGTCCCA-1,0,52,62,10049,12472
GCCCGATCTGTGGTCG-1,0,53,63,9935,12668
TTAGAAGAACATGACT-1,0,52,64,9823,12471
AGGATAAAGTCGGGAT-1,0,53,65,9709,12667
CGGCAAACATCGTGCG-1,0,52,66,9597,12470
CTAGTTACAACCCGGT-1,0,53,67,9483,12666
TTCGACAGAGCCCGTG-1,0,52,68,9371,12469
AAGCATACTCTCCTGA-1,0,53,69,9258,12665
GACGACGATCCGCGTT-1,0,52,70,9146,12468
GGTAGAAGACCGCCTG-1,0,53,71,9032,12663
GAGATGGGAGTCGACA-1,0,52,72,8920,12466
AACGATAATGCCGTAG-1,0,53,73,8806,12662
TGGTCCCACGCTACGG-1,0,52,74,8694,12465
CTGCTTGGCGATAGCT-1,0,53,75,8580,12661
ATCGGAGACAGACGGC-1,0,52,76,8468,12464
TAGCGTCCGGTGTGGT-1,0,53,77,8354,12660
GTTGAGTCCCGCCGGT-1,0,52,78,8242,12463
AAATAGGGTGCTATTG-1,0,53,79,8129,12659
AAGTGTTTGGAGACGG-1,0,52,80,8017,12462
AGCACTACCTCACCAG-1,0,53,81,7903,12658
TGCCTTGGCCAGGCAA-1,0,52,82,7791,12461
TCGTCTTAGGCGTTAA-1,0,53,83,7677,12657
TTCTGACCGGGCTCAA-1,0,52,84,7565,12460
CAGAACTTAGCCCTCT-1,0,53,85,7451,12656
AGCTCCTTCGCACATC-1,0,52,86,7339,12459
ACAGGCTTGCCCGACT-1,0,53,87,7225,12655
GCTATACGTCTCGGAC-1,0,52,88,7113,12458
GAGCCAGCTACCTGTG-1,0,53,89,7000,12654
TGCTAAGTGTCTATTT-1,0,52,90,6888,12457
GTCCTACGAATAGTCT-1,0,53,91,6774,12652
CAGTGTCGGCTGGCCC-1,0,52,92,6662,12455
CTATCGACGAAATACA-1,0,53,93,6548,12651
CATCATTACCCTGAGG-1,0,52,94,6436,12454
TAAGTTGCGACGTAGG-1,0,53,95,6322,12650
AGTGCACGCTTAAGAA-1,0,52,96,6210,12453
TGTGCCGGTGCCGGAA-1,0,53,97,6096,12649
AGGAGGCCTTCGCGCG-1,0,52,98,5984,12452
TCCGCGGCCCAATGAA-1,0,53,99,5871,12648
TCCGTTAAGCTAATAT-1,0,52,100,5759,12451
AAATCTAGCCCTGCTA-1,0,53,101,5645,12647
CGCAGGCGATCCAAAC-1,0,52,102,5533,12450
CCATATGGAAACTATA-1,0,53,103,5419,12646
CACCGTATCCCATCCG-1,0,52,104,5307,12449
GGTCAAGACTACTTCG-1,0,53,105,5193,12645
CCCGTTTCGCAGATGT-1,0,52,106,5081,12448
GTTATAATACGGTGAA-1,0,53,107,4967,12644
ACTTGTGGATGGAACG-1,0,52,108,4855,12447
GTTCGCTGAGACGTCT-1,0,53,109,4742,12643
GACACTGGAACCCGAT-1,0,52,110,4630,12446
CCCAGGTCTGAAGGCT-1,0,53,111,4516,12641
TCTCGAGGAGGTTCGC-1,0,52,112,4404,12444
ACTATCTGCCCGCGTA-1,0,53,113,4290,12640
CCTAAATTGTATCCTA-1,0,52,114,4178,12443
AGAAATTATGACTCGC-1,0,53,115,4064,12639
TCCAGCGCTATAAGCG-1,0,52,116,3952,12442
TCGTGTATTGGTCACG-1,0,53,117,3838,12638
CCACATACTGCACCCA-1,0,52,118,3726,12441
GTTGCGGACGGTCAGG-1,0,53,119,3613,12637
GTATTTAATGGCATAA-1,0,52,120,3501,12440
GTCGATAGGTGACTTT-1,0,53,121,3387,12636
AATAATCTTCGTATCG-1,0,52,122,3275,12439
ATTGTTCAACGATCCG-1,0,53,123,3161,12635
GTGCAGCGTAGAGTAG-1,0,52,124,3049,12438
TGTGGTAGGGTGCCTT-1,0,53,125,2935,12634
TGTGGACTATCTACGT-1,0,52,126,2823,12437
GGCGGGCTCTAAGAGT-1,0,53,127,2709,12633
TGTGCCAGAGGCAAAG-1,0,54,0,17047,12899
TGGCTTATGTATAATG-1,0,55,1,16933,13095
GCAAGCTGGAAACCGC-1,0,54,2,16821,12898
GATATCAAGCAGGAGC-1,0,55,3,16707,13094
CACCAATCATCCGTCT-1,0,54,4,16595,12897
CCACATGGCTCTTTAT-1,0,55,5,16481,13093
GTCCTACTCTACGGGC-1,0,54,6,16369,12896
CTCGAGACATACGATA-1,0,55,7,16255,13091
TATCAGTGGCGTAGTC-1,0,54,8,16143,12894
TGACAGGACAAGTCCA-1,0,55,9,16030,13090
TATTAACACCAAAGCA-1,0,54,10,15918,12893
TAGGCGATGAGGTCTC-1,0,55,11,15804,13089
CCGCCGGAACTTCTCG-1,0,54,12,15692,12892
GCCATTAGCCTCAAAC-1,0,55,13,15578,13088
GTTAGGCTACCCGTTT-1,0,54,14,15466,12891
GGGTATTCTAGCAAAC-1,0,55,15,15352,13087
GCCCTAGCCGTCGCGA-1,0,54,16,15240,12890
CAGATCCTGGTTTGAA-1,0,55,17,15126,13086
CTTCAGTGGTCGCCTA-1,0,54,18,15014,12889
GGGCAACCGCACGTGC-1,0,55,19,14901,13085
GACCCAATTATGATAC-1,0,54,20,14789,12888
GAAGCTCGGACCCGTC-1,0,55,21,14675,13084
CGTCGGGTCTAAGCGC-1,0,54,22,14563,12887
GAGGCCCGACTCCGCA-1,0,55,23,14449,13083
TTGCCATAGCCCGCTC-1,0,54,24,14337,12886
TAACATACACGCGATC-1,0,55,25,14223,13082
CCGACGGGCATGAGGT-1,0,54,26,14111,12885
AATGTGCCCGAGGTGT-1,0,55,27,13997,13080
AGCTGTAACCTCAATC-1,0,54,28,13885,12883
CGAGTGAAGGTACCAG-1,0,55,29,13772,13079
AGTCTCACAAGACTAC-1,0,54,30,13660,12882
AAATTGATAGTCCTTT-1,0,55,31,13546,13078
TAAGTCGCCGAGTATC-1,0,54,32,13434,12881
GCGGAGAAACTTCGCA-1,0,55,33,13320,13077
GGCAAAGGCGCCAATA-1,0,54,34,13208,12880
ATTTCCGGGTTCTGCG-1,0,55,35,13094,13076
TAAACCCAGGAGGGCA-1,0,54,36,12982,12879
TTCGGGCGCTAGTCTT-1,0,55,37,12868,13075
GTGGAGTCGGCGGTTG-1,0,54,38,12756,12878
GCACGCCTACTTAGAT-1,0,55,39,12643,13074
CAATATTCTTGACCTA-1,0,54,40,12531,12877
CGTTTGTGTAGAGGGT-1,0,55,41,12417,13073
CATAGCGTTGCCCACC-1,0,54,42,12305,12876
TGATACATTTAGCCGT-1,0,55,43,12191,13072
TTCCGGCCTTGAGGCT-1,0,54,44,12079,12875
CCTATACCGTCCTGTC-1,0,55,45,11965,13071
TCGTTGCTATCCGGTC-1,0,54,46,11853,12874
TGGCGACTGCTCCAAA-1,0,55,47,11739,13069
CAGAGGCGATGCATGA-1,0,54,48,11627,12873
TCACAGGAGAATAAGA-1,0,55,49,11514,13068
GGGTTAACATTTGAGT-1,0,54,50,11402,12871
GCGGGCGAGCCTTACC-1,0,55,51,11288,13067
TGCCAATGGGTACTCT-1,0,54,52,11176,12870
AGGGACTCTACGCGAC-1,0,55,53,11062,13066
GACGCCGTAAAGGCTA-1,0,54,54,10950,12869
AAAGGCTCTCGCGCCG-1,0,55,55,10836,13065
CTGGCTGGTTGTCAGT-1,0,54,56,10724,12868
ACATCCCGGCCATACG-1,0,55,57,10610,13064
CTCTTGTCCCGCTTGG-1,0,54,58,10498,12867
TACGCCTCCATTCCGA-1,0,55,59,10385,13063
CGGAGCAATTTAATCG-1,0,54,60,10273,12866
AACTAGGCTTGGGTGT-1,0,55,61,10159,13062
GCGTCGCCAGGGTGAT-1,0,54,62,10047,12865
GTTGGTCATGCTATCC-1,0,55,63,9933,13061
GCTGGCGGCGCATGCT-1,0,54,64,9821,12864
TGAGCGGAAAGTGTTC-1,0,55,65,9707,13060
CTTTCTGTGCGGGCTT-1,0,54,66,9595,12863
ATCTAATATCCTACGG-1,0,55,67,9481,13059
AACCTTTAAATACGGT-1,0,54,68,9369,12862
TTCACTCGAGCACCTA-1,0,55,69,9256,13057
CTGCACTCCAGTACAG-1,0,54,70,9144,12860
CCATTTCTACCTATTA-1,0,55,71,9030,13056
CAAGCGGCACATAATT-1,0,54,72,8918,12859
GTTAACATCACTTAAA-1,0,55,73,8804,13055
ATATAAATGTAGCTGC-1,0,54,74,8692,12858
GCCTCTATACATAGCA-1,0,55,75,8578,13054
GTGTCGTATAGCGTTC-1,0,54,76,8466,12857
ATACGTACTTAGCCAC-1,0,55,77,8352,13053
GCTATCATACTCATGG-1,0,54,78,8240,12856
TATCCAATTGGTTATC-1,0,55,79,8127,13052
TCTCCCTGGGCAGCGT-1,0,54,80,8015,12855
CCTATAATGAGTGCCC-1,0,55,81,7901,13051
CAATGCGAGAAGTATC-1,0,54,82,7789,12854
TACCAATAAAGTACCA-1,0,55,83,7675,13050
GCTAGGCACCACGGAG-1,0,54,84,7563,12853
GGTGGACTGCTCTGGC-1,0,55,85,7449,13049
TATTCCGAGCTGTTAT-1,0,54,86,7337,12852
TTGAGAAGTTTAGCAT-1,0,55,87,7223,13048
GTCCGGACCTGAAATT-1,0,54,88,7111,12851
CTGTGGTCGGGAGATA-1,0,55,89,6998,13046
CATGTAAGAGACATTT-1,0,54,90,6886,12849
CACGTTTCGTACACAC-1,0,55,91,6772,13045
CATCCTCTCAAAGATC-1,0,54,92,6660,12848
GATTAACCGAAAGCCC-1,0,55,93,6546,13044
AACGCTGTTGCTGAAA-1,0,54,94,6434,12847
TTCAGCTGGCGTGCCC-1,0,55,95,6320,13043
TAGAGGTTCTACTTGT-1,0,54,96,6208,12846
GTATCAAACGTTAGCT-1,0,55,97,6094,13042
AATCATGTAAAGACTC-1,0,54,98,5982,12845
AGTCACTAGCTCTCGA-1,0,55,99,5869,13041
GCGAAACGATCGGGAG-1,0,54,100,5757,12844
CATGGATTGTCTTCCG-1,0,55,101,5643,13040
ATTGGATTACAGCGTA-1,0,54,102,5531,12843
CACACACGCTAACGAG-1,0,55,103,5417,13039
CTATGGGAAGCGGAAT-1,0,54,104,5305,12842
TGCCTAATTGAAGATT-1,0,55,105,5191,13038
TGGCAATGGGACGGCG-1,0,54,106,5079,12841
ACCTCCGCCCTCGCTG-1,0,55,107,4965,13037
CGGCAATAAGATCGCC-1,0,54,108,4853,12840
CCTTGACCACTTTATT-1,0,55,109,4740,13035
TCATTTAGAAGTGTGA-1,0,54,110,4628,12838
CAGAATAACACACGGA-1,0,55,111,4514,13034
TCTGAGCAATTGACTG-1,0,54,112,4402,12837
CAACGTGGTGGAGTCT-1,0,55,113,4288,13033
CACAGTTCGCTTCCCA-1,0,54,114,4176,12836
TCTCTCGCCGCACATA-1,0,55,115,4062,13032
TGGGCAGGCCACCGCA-1,0,54,116,3950,12835
CTCCTGTTCAAGGCAG-1,0,55,117,3836,13031
TATTTGATTTGCACAG-1,0,54,118,3724,12834
GCCACTCCTTACGGTA-1,0,55,119,3611,13030
ACCGATATTTAATCAT-1,0,54,120,3499,12833
TTATTATCTGGAAGGC-1,0,55,121,3385,13029
TACATGCCGGAATTGT-1,0,54,122,3273,12832
GGCACTCAGCCGACCC-1,0,55,123,3159,13028
AAACCGGAAATGTTAA-1,0,54,124,3047,12831
AGACAGGCATCTCAGC-1,0,55,125,2933,13027
GTGGTGATGGTTTGTG-1,0,54,126,2821,12830
CCGATATGACGTAAGG-1,0,55,127,2707,13026
CATACACAAAGTCAGC-1,0,56,0,17045,13292
TGCCGTTCTTAATCGG-1,0,57,1,16931,13488
TCGAGTCTACGATTCG-1,0,56,2,16819,13291
ACTTCCAGTGGAAGCT-1,0,57,3,16705,13487
CAATTGGGCCGCACTC-1,0,56,4,16593,13290
AAATCGCGGAAGGAGT-1,0,57,5,16479,13485
ATATCAATTCCAGCCT-1,0,56,6,16367,13288
CTTTGTCGAATGCTCC-1,0,57,7,16253,13484
TGAGGCATGTACTGTG-1,0,56,8,16142,13287
TTCGCCGCTCGCGCTA-1,0,57,9,16028,13483
GACTCCTTCCAATTGA-1,0,56,10,15916,13286
ACCGAAGAGTCTGGTT-1,0,57,11,15802,13482
TGGCATGAAGTTTGGG-1,0,56,12,15690,13285
ACGAGGTTTACAACGT-1,0,57,13,15576,13481
AACCCATCCCATGATC-1,0,56,14,15464,13284
TCGACAACTGAACCCG-1,0,57,15,15350,13480
TATCTTGCAATACAAC-1,0,56,16,15238,13283
TATTATGTTTGCCTGC-1,0,57,17,15124,13479
GTCAAAGAAGTGGTGT-1,0,56,18,15013,13282
GGGACAGAGTTACTCC-1,0,57,19,14899,13478
AGCAACCGAAAGTAAT-1,0,56,20,14787,13281
CTCTCTAACTGCCTAG-1,0,57,21,14673,13477
ATACGGAACGTCGTTT-1,0,56,22,14561,13280
TCGGTCCCGACAATAG-1,0,57,23,14447,13476
CGCGCAAATGTCCAGA-1,0,56,24,14335,13279
TCTAATACTGCCTCAG-1,0,57,25,14221,13474
CTCGGTTGTCGGCCCT-1,0,56,26,14109,13277
GGTAACCGGGAGGATA-1,0,57,27,13995,13473
CAGGCGCACGGTGGTC-1,0,56,28,13884,13276
TCATCGATGGTCCCAA-1,0,57,29,13770,13472
CAAAGATTATTGGGCC-1,0,56,30,13658,13275
ACAATGAATACGGAGA-1,0,57,31,13544,13471
GCTCCTGACATACTGG-1,0,56,32,13432,13274
GATGACAAGTAGGGCA-1,0,57,33,13318,13470
TACGCCGAGGGTACCC-1,0,56,34,13206,13273
AAGCGTCCCTCATCGA-1,0,57,35,13092,13469
CACTCCTATGTAAGAT-1,0,56,36,12980,13272
TCGAGCCAGGCAGGCC-1,0,57,37,12866,13468
TCGTCAAGTACGCGCA-1,0,56,38,12755,13271
CCCGTAGCTGGGAAGA-1,0,57,39,12641,13467
ACCCTATGCCATATCG-1,0,56,40,12529,13270
GTGGTATAGTCTGCCG-1,0,57,41,12415,13466
CCGGTTTGTAATTGTG-1,0,56,42,12303,13269
GTCGCCGTTGTGTGTT-1,0,57,43,12189,13465
TACTGAACAGATTTAG-1,0,56,44,12077,13268
TATTAACCTGACCGCG-1,0,57,45,11963,13463
CTGTAGCCATCTCACT-1,0,56,46,11851,13266
TACTATGGTTCCTCAG-1,0,57,47,11737,13462
GAGTCAGACCAGAATC-1,0,56,48,11626,13265
TAAGGCATAACATCAA-1,0,57,49,11512,13461
CTTCCGCTCCGTGAAG-1,0,56,50,11400,13264
GGGCTATGATCGATGG-1,0,57,51,11286,13460
GGTCGGTCGTCCACAG-1,0,56,52,11174,13263
GGGACCCGTATATCTT-1,0,57,53,11060,13459
GAAAGCAGTGCACTTT-1,0,56,54,10948,13262
AGCGCATAATGAATCG-1,0,57,55,10834,13458
GCTGCTAAGTAGTCGA-1,0,56,56,10722,13261
AATAGTCCGTCCCGAC-1,0,57,57,10608,13457
AGCAGCCAGATGAATA-1,0,56,58,10497,13260
CCTCGCGCTGTGCGAT-1,0,57,59,10383,13456
TTGTGTATGCCACCAA-1,0,56,60,10271,13259
TGCTCGGCGAAACCCA-1,0,57,61,10157,13455
CGATTAAATATCTCCT-1,0,56,62,10045,13258
TGCCGTGGATCGTCCT-1,0,57,63,9931,13454
GTGGACGCATTTGTCC-1,0,56,64,9819,13257
ACCCGGAAACTCCCAG-1,0,57,65,9705,13453
CCGCATGTGGTACGAT-1,0,56,66,9593,13256
GCAAACCTTGGCCATA-1,0,57,67,9479,13451
ATTCACTGATGTTGGA-1,0,56,68,9368,13254
ACTCCCTAATGCTAAA-1,0,57,69,9254,13450
TCCTAAATTGGGAAGC-1,0,56,70,9142,13253
GAACAGATTACTAAAT-1,0,57,71,9028,13449
ATACAGGCCCTCCAAT-1,0,56,72,8916,13252
CGATTCGCCTGGCTGC-1,0,57,73,8802,13448
TCCGCCTGTCTACAAG-1,0,56,74,8690,13251
CACATCTCACCGACGA-1,0,57,75,8576,13447
CGTCGTCCTTCGCGAA-1,0,56,76,8464,13250
CGTTGAATACCGCGCT-1,0,57,77,8350,13446
ACCAATATGCAAGTTA-1,0,56,78,8239,13249
ACGGATGGTGCGGATA-1,0,57,79,8125,13445
CACCCTAACAAGATCT-1,0,56,80,8013,13248
AAGCTCTTTCATGGTG-1,0,57,81,7899,13444
CATGGGTATGCCTTAT-1,0,56,82,7787,13247
GCGCGTCATTGGTACA-1,0,57,83,7673,13443
TCTGAAGCACGTGGTC-1,0,56,84,7561,13246
AAGTTCACTCCAAGCT-1,0,57,85,7447,13442
TTGGACCTATAACAGT-1,0,56,86,7335,13245
ATCAGCCTCATGCTGC-1,0,57,87,7221,13440
AGTACTCTTATGCCCA-1,0,56,88,7110,13243
GCGCTTAAATAATTGG-1,0,57,89,6996,13439
TTGTGAACCTAATCCG-1,0,56,90,6884,13242
AGTCGTCGACCACCAA-1,0,57,91,6770,13438
TCCTTTAAATCCGCTT-1,0,56,92,6658,13241
ACTGAAACGCCGTTAG-1,0,57,93,6544,13437
GCACACACTGGTAGCC-1,0,56,94,6432,13240
TAAGGGCCTGTCCGAT-1,0,57,95,6318,13436
GCTAGAGTAGAGATGT-1,0,56,96,6206,13239
CACAGGGCCATATAGT-1,0,57,97,6093,13435
CCATGCCCTAGATTTC-1,0,56,98,5981,13238
TCGCGTAGCAGTGTCC-1,0,57,99,5867,13434
GACGAGGCTAATAAAC-1,0,56,100,5755,13237
CTACACTCGCAGATGG-1,0,57,101,5641,13433
ACGCATACGTTTACTA-1,0,56,102,5529,13236
GGAGCAACATTTCAAG-1,0,57,103,5415,13432
CGAGAGGGTAGCCGCG-1,0,56,104,5303,13235
TCGTGTTCGACCACAA-1,0,57,105,5189,13431
TCTACCCAATAGAGAG-1,0,56,106,5077,13234
ATAAACGTTGCACCAC-1,0,57,107,4964,13429
TCAACTGCAGAGTCAG-1,0,56,108,4852,13232
AGCTCCATATATGTTC-1,0,57,109,4738,13428
GTAACATCTAAGATAA-1,0,56,110,4626,13231
CCGACAATAGGCCGCC-1,0,57,111,4512,13427
ATGCTTAGGAGTTGAT-1,0,56,112,4400,13230
AACCCGAGCAGAATCG-1,0,57,113,4286,13426
CGGGTTTGTTAGGGCT-1,0,56,114,4174,13229
AGGCACGTGACTGTCC-1,0,57,115,4060,13425
GACAAGAGATGAGATT-1,0,56,116,3948,13228
AGCCCTTGGACATCCC-1,0,57,117,3835,13424
GCAGTTCGATCCGAGC-1,0,56,118,3723,13227
TCGAGGGCAACAGACG-1,0,57,119,3609,13423
ACTTTGTCGACGCACT-1,0,56,120,3497,13226
GAGTATCAAAGTTACA-1,0,57,121,3383,13422
CCAGGCTGGCGTCTGA-1,0,56,122,3271,13225
GGACTCTTCCGGTTGA-1,0,57,123,3157,13421
TCCCAGCACACGACAT-1,0,56,124,3045,13224
GCTCCATGAGTGCAGA-1,0,57,125,2931,13420
GCAGTGCGGGCGGATG-1,0,56,126,2819,13223
GCGTTCTGACTAAGCG-1,0,57,127,2706,13418
ATTTGGAGATTGCGGT-1,0,58,0,17043,13685
AAGGGTTTGATTTCAG-1,0,59,1,16929,13881
CCGGCCGCGAGCATAT-1,0,58,2,16817,13684
GAGTTCTGTGGGTGCT-1,0,59,3,16703,13879
AAACGAAGATGGAGTA-1,0,58,4,16591,13682
AATTACGAGACCCATC-1,0,59,5,16477,13878
CCTTTGAATTATGGCT-1,0,58,6,16365,13681
CATGGTATTAGTTTGT-1,0,59,7,16252,13877
AACGAAAGTCGTCCCA-1,0,58,8,16140,13680
ACATAAGTCGTGGTGA-1,0,59,9,16026,13876
GCACAACCTCGGGCGT-1,0,58,10,15914,13679
ATGCACGCGCTGTTCA-1,0,59,11,15800,13875
CGATGTTGTTATCTAC-1,0,58,12,15688,13678
GTCTCCTGCCAGTATG-1,0,59,13,15574,13874
GATGCCTTCTGCGGCA-1,0,58,14,15462,13677
ACCGGTCAGGTACACC-1,0,59,15,15348,13873
GTGGAGCGTTTACCGA-1,0,58,16,15236,13676
AGGCGGTTTGTCCCGC-1,0,59,17,15123,13872
TCCCTGGCGTATTAAC-1,0,58,18,15011,13675
AAACACCAATAACTGC-1,0,59,19,14897,13871
TGGACGCAATCCAGCC-1,0,58,20,14785,13674
GGAACCTTGACTCTGC-1,0,59,21,14671,13870
GTATCTCAGTCTTGAC-1,0,58,22,14559,13673
GCTGAATCTTCCAATC-1,0,59,23,14445,13868
AGATGCAAGACGTGCA-1,0,58,24,14333,13671
TTAAGGCCCGTACTTT-1,0,59,25,14219,13867
AGTATGCTGGAGACCA-1,0,58,26,14107,13670
GCGGCAAAGTATTGCC-1,0,59,27,13994,13866
GCGCAAATATATTCAA-1,0,58,28,13882,13669
GAAGAAACGATATTGT-1,0,59,29,13768,13865
GGACCTCTAGGCCGCC-1,0,58,30,13656,13668
AACAGCTGTGTGGCAA-1,0,59,31,13542,13864
TCGAATATCCCGCAGG-1,0,58,32,13430,13667
GCGACCCAACCATCTG-1,0,59,33,13316,13863
AGAGAAGGAGTACAAT-1,0,58,34,13204,13666
GGCTCCTCCACCTGTT-1,0,59,35,13090,13862
TCAGTGTATACGTCAT-1,0,58,36,12978,13665
ATTATTATGTCCGTCA-1,0,59,37,12865,13861
TTAGGTCATAACCGAC-1,0,58,38,12753,13664
AAGATGGCACCGGACC-1,0,59,39,12639,13860
CTACAAGAAATAACCC-1,0,58,40,12527,13663
ACTATTTCCGGGCCCA-1,0,59,41,12413,13859
TTGTTTCACATCCAGG-1,0,58,42,12301,13662
CGCTGTGTGGATGTTG-1,0,59,43,12187,13857
TCAACATAGCGCCCTA-1,0,58,44,12075,13660
GGCCGTTTGGGTTTCA-1,0,59,45,11961,13856
TACTCTTTCGTCTTCA-1,0,58,46,11849,13659
TTCGCGCGCCATACGA-1,0,59,47,11736,13855
CGGAAAGAATCAAACG-1,0,58,48,11624,13658
AGGCAGGGAGCGTACT-1,0,59,49,11510,13854
CCTTTAAGGGAGCACT-1,0,58,50,11398,13657
CGCCCAGCACGCCTAG-1,0,59,51,11284,13853
AGTATTTGGCACGACC-1,0,58,52,11172,13656
TATCCGCACCGTCGGG-1,0,59,53,11058,13852
ACCCGTGTCATCAGTA-1,0,58,54,10946,13655
CAACTGCTCATCCGAT-1,0,59,55,10832,13851
CCGGAGCGTACTTTCT-1,0,58,56,10720,13654
TACCGTAGGTTAACTA-1,0,59,57,10607,13850
TGAGGAGTGCCAGCTT-1,0,58,58,10495,13653
CCAGTCTTGTCATAGA-1,0,59,59,10381,13849
GGGCAGAGCAATCGTT-1,0,58,60,10269,13652
TACCAAATAGCCCAGA-1,0,59,61,10155,13848
TACCTACTCCCAGTAT-1,0,58,62,10043,13651
TGTGAGACTAGCCCAA-1,0,59,63,9929,13846
ATACCTAACCAAGAAA-1,0,58,64,9817,13649
GTCGGGAAGCAGAAAC-1,0,59,65,9703,13845
AATTAACGGATTTCCA-1,0,58,66,9591,13648
GAACCCTCTGTGTTCT-1,0,59,67,9478,13844
ATATAAAGCGCTCGTG-1,0,58,68,9366,13647
CCTGGTCGAATGTGGG-1,0,59,69,9252,13843
CTAGGTTCGGACGTGA-1,0,58,70,9140,13646
TCGGGAGACAGCGTAC-1,0,59,71,9026,13842
CATAAGAAGCTTGGCT-1,0,58,72,8914,13645
AAGCACCCTGCGTATC-1,0,59,73,8800,13841
AGTTTGCACCTGCCTC-1,0,58,74,8688,13644
GACTGCAAATCGAGCT-1,0,59,75,8574,13840
GTGTATATCAGCGGGC-1,0,58,76,8462,13643
CTTCAACTCCACTTGG-1,0,59,77,8349,13839
ACTTACGCATCCACGC-1,0,58,78,8237,13642
CATGAGATGCACTCTC-1,0,59,79,8123,13838
GAGCACCTGTGTCCAG-1,0,58,80,8011,13641
CGCGACCGCGACAGAT-1,0,59,81,7897,13837
GTCCCGCGACGTTATG-1,0,58,82,7785,13640
GCAGTGTGGCTATAGG-1,0,59,83,7671,13836
ATACTGCCTTACACCG-1,0,58,84,7559,13639
TACAGAAACGGTGGGC-1,0,59,85,7445,13834
GGCGCGGAGATCTTTC-1,0,58,86,7333,13637
CGTTAATGTCCCGACG-1,0,59,87,7220,13833
GCTAACTGAAGTCTGA-1,0,58,88,7108,13636
AGTGATAACCTGCGCG-1,0,59,89,6994,13832
TATGATCTTCTCTTTA-1,0,58,90,6882,13635
TGTACCTACACGAGGG-1,0,59,91,6768,13831
ATATCGTTCCTCGAAC-1,0,58,92,6656,13634
CGGCGCCATCAATCCC-1,0,59,93,6542,13830
CCTGTTTGAAGACACG-1,0,58,94,6430,13633
GCCACTCAGAGCGCGA-1,0,59,95,6316,13829
TCGGCTTGTATCGACG-1,0,58,96,6204,13632
TAGATGGTTCCTTACT-1,0,59,97,6091,13828
ATCGTTAGCTAGCGGA-1,0,58,98,5979,13631
ACAGCGACATTCTCAT-1,0,59,99,5865,13827
ATTCAACCATTTAAGG-1,0,58,100,5753,13630
CACTCTTCTGCTAGCC-1,0,59,101,5639,13826
CTAACTGATAATCGCC-1,0,58,102,5527,13629
TGATGTCAATTAAGTG-1,0,59,103,5413,13825
CGCCGTTCAGCATAGT-1,0,58,104,5301,13628
ATACTACCCGTACCAC-1,0,59,105,5187,13823
CCACTGTTTGGATTAA-1,0,58,106,5075,13626
CACTACGGGAGCTGCC-1,0,59,107,4962,13822
GACCAAACGTTGACTG-1,0,58,108,4850,13625
AAGAGGCCCTTTGGAA-1,0,59,109,4736,13821
ACACGTAGGCCACAAG-1,0,58,110,4624,13624
TACTCTTACTTTACTG-1,0,59,111,4510,13820
AGAGCCGCCGAGATTT-1,0,58,112,4398,13623
GGCCTGCTTCTCCCGA-1,0,59,113,4284,13819
TCAAGCGCGGACGGTA-1,0,58,114,4172,13622
ACACTGGGACAGTCGT-1,0,59,115,4058,13818
TGTGTAGTAGCACGTG-1,0,58,116,3946,13621
CTAGCCACAGGCGAGC-1,0,59,117,3833,13817
CTATCGCGTAGAGAAC-1,0,58,118,3721,13620
GTTCCCGTAAACATAT-1,0,59,119,3607,13816
TCTTTCCTTCGAGATA-1,0,58,120,3495,13619
ATATTGGAGAGGCCTT-1,0,59,121,3381,13815
AGGCGATAACTGGCGT-1,0,58,122,3269,13618
ACCCGGAGCACCACAA-1,0,59,123,3155,13814
TGAGCTCAACTGTATA-1,0,58,124,3043,13617
ACGACCCATGAGTTGC-1,0,59,125,2929,13812
CGGTCAGTCCATATTT-1,0,58,126,2817,13615
TCCGGCTGTCGGGTCG-1,0,59,127,2704,13811
ATTCCCGAAGGTACAG-1,0,60,0,17041,14078
CTAACAGCACAATAAC-1,0,61,1,16927,14273
TTGTGCGGAAGCGGAT-1,0,60,2,16815,14076
GGGCACTATTGACCAT-1,0,61,3,16701,14272
CCATAGAGGCTGCCAG-1,0,60,4,16589,14075
CCGAAGCATTGACCAA-1,0,61,5,16475,14271
TACTGAGGGAAGAAAG-1,0,60,6,16363,14074
TATGTAGAAACCCGGC-1,0,61,7,16250,14270
TGGTTAACTTACATTT-1,0,60,8,16138,14073
AGAACCCTCAATTGGG-1,0,61,9,16024,14269
CCTATATCGTGTCACG-1,0,60,10,15912,14072
ACGGCTGGATGTAGAA-1,0,61,11,15798,14268
CTCGCATTGCATAGCC-1,0,60,12,15686,14071
ACTTTGGTCGTGCTCC-1,0,61,13,15572,14267
GCTGGTTTAGGCCATA-1,0,60,14,15460,14070
TGTCGTTATCACATAT-1,0,61,15,15346,14266
ACACATGATCAAATCT-1,0,60,16,15234,14069
TATCCATCTCGGTTAG-1,0,61,17,15121,14265
CTCGTCGAGGGCTCAT-1,0,60,18,15009,14068
ATCAATGCCGTGGCTG-1,0,61,19,14895,14264
GAAACATAGGAAACAG-1,0,60,20,14783,14067
TAATAGGTCACCAGAA-1,0,61,21,14669,14262
CACCAGTCAGCATGCA-1,0,60,22,14557,14065
GAGCGCTGTTAGGTAA-1,0,61,23,14443,14261
CCCTATGTAGAGCAGA-1,0,60,24,14331,14064
GATCGCTATATCTCAG-1,0,61,25,14217,14260
AAGGGACTATGCATTC-1,0,60,26,14105,14063
CTCGGGTTCTCTGGCC-1,0,61,27,13992,14259
TATATATCGAGAAATG-1,0,60,28,13880,14062
ACCCGAGCGAAATTAC-1,0,61,29,13766,14258
TTGTTTCATTAGTCTA-1,0,60,30,13654,14061
ATGGGACCTGCTGAAC-1,0,61,31,13540,14257
TGCGACGGCCGAACGT-1,0,60,32,13428,14060
AGCTAACAAGCAATGT-1,0,61,33,13314,14256
CGTGTCTCGTTACGAC-1,0,60,34,13202,14059
CTAAATCCGGTGTACA-1,0,61,35,13088,14255
GAATAGTGCTCGATTA-1,0,60,36,12977,14058
AACAATACATTGTCGA-1,0,61,37,12863,14254
CACATCGTGCACGCGC-1,0,60,38,12751,14057
ACCGTGACCACGTGGG-1,0,61,39,12637,14253
CCCAATGAGATTTGCA-1,0,60,40,12525,14056
TCAGCAGTAGGCCCTG-1,0,61,41,12411,14251
CTACTCAAGGTATAGT-1,0,60,42,12299,14054
TAGTAGCTTATACCAG-1,0,61,43,12185,14250
ACGTTCGTTCAGGAAA-1,0,60,44,12073,14053
TTAGAATAAGGGTCGG-1,0,61,45,11959,14249
TTCTAGAAAGTCTTAT-1,0,60,46,11848,14052
CCTTCAGTTAAAGTGA-1,0,61,47,11734,14248
TAGCTAGTGATGATGG-1,0,60,48,11622,14051
AGCCCGGTAGCCTGTA-1,0,61,49,11508,14247
TACCTCAGTTGTCTGT-1,0,60,50,11396,14050
GACGGGTTGGCCCGTA-1,0,61,51,11282,14246
GAAACCTATACAAATG-1,0,60,52,11170,14049
TCCACCTCTAGCCTTT-1,0,61,53,11056,14245
AAGACCCAACTGAACA-1,0,60,54,10944,14048
CATACACGGTTCCCAC-1,0,61,55,10830,14244
ACTACGCGTTAGAATT-1,0,60,56,10719,14047
CTTGGCCAAGCTGGGA-1,0,61,57,10605,14243
TTACCCTAGGGATTGG-1,0,60,58,10493,14046
TTCGCACTGTACGACA-1,0,61,59,10379,14242
TAGGTGTTCCACAGAT-1,0,60,60,10267,14045
GAAGCCTGCACATTCC-1,0,61,61,10153,14240
GGCTTTCAATAAGGGT-1,0,60,62,10041,14043
TCCAGGGTATATACGA-1,0,61,63,9927,14239
CTCGCCGAATGTAGGG-1,0,60,64,9815,14042
AGGAAGCTGTCCGCCG-1,0,61,65,9701,14238
GTCTCAAGGCCCGGCT-1,0,60,66,9590,14041
ACCGACACATCTCCCA-1,0,61,67,9476,14237
TATACGCGTCATCACT-1,0,60,68,9364,14040
ATCTGGGCTGTTCTTG-1,0,61,69,9250,14236
TCAAATTTGAGACTCA-1,0,60,70,9138,14039
GTTAAGGGTGCGATGT-1,0,61,71,9024,14235
AGCAAAGGCCGCTAGT-1,0,60,72,8912,14038
TTATAGGTAATTGTCT-1,0,61,73,8798,14234
TTGTGCAGCCACGTCA-1,0,60,74,8686,14037
ACGGACTCTCAAAGCG-1,0,61,75,8572,14233
ATGCTCTGGCGCGGTA-1,0,60,76,8461,14036
ATAATCTTGGAGAACC-1,0,61,77,8347,14232
CTCATTGCTCTAACAA-1,0,60,78,8235,14035
TAGGTGACGATAACCT-1,0,61,79,8121,14231
CGGATCCTCAAGGACT-1,0,60,80,8009,14034
GGGCGTGGTTTCCCAG-1,0,61,81,7895,14229
TGGCTATGTGACATAC-1,0,60,82,7783,14033
CTTAGTGTAGTAGCAT-1,0,61,83,7669,14228
GGATTGCTGTGACTCC-1,0,60,84,7557,14031
ACTTCCATGCGGGACA-1,0,61,85,7443,14227
ACTCAAGTGCAAGGCT-1,0,60,86,7332,14030
ACAAGGATGCTTTAGG-1,0,61,87,7218,14226
TTGAACGACGTGCTGA-1,0,60,88,7106,14029
ATTCATCGTTGAGGCA-1,0,61,89,6992,14225
TGCAACCCATCTGCGG-1,0,60,90,6880,14028
AGTGCTAAACACAGCA-1,0,61,91,6766,14224
AACTCCAGAGCGTGTT-1,0,60,92,6654,14027
TCTCCACAAGTTGAAT-1,0,61,93,6540,14223
CTTTGCATCGCTCTTG-1,0,60,94,6428,14026
TCACAAACCGAGGTAC-1,0,61,95,6314,14222
CCGTAGGAAATCCCTG-1,0,60,96,6203,14025
AAACATTTCCCGGATT-1,0,61,97,6089,14221
GCCTCCGACAATTCAC-1,0,60,98,5977,14024
TCTGCATACCTTGCTT-1,0,61,99,5863,14220
ACCCATTTGTCCCTCT-1,0,60,100,5751,14023
CTGCAGAGAATCAGAG-1,0,61,101,5637,14219
GGAAACTAAATGGGCC-1,0,60,102,5525,14022
CAACCTACCGAGCAGT-1,0,61,103,5411,14217
CCGTAGGGTTGTTTAC-1,0,60,104,5299,14020
GGTTTGTGACCTGAGG-1,0,61,105,5185,14216
TAACCTAGGGAGTCCA-1,0,60,106,5074,14019
TTCCATCGACAGCGTG-1,0,61,107,4960,14215
ATCTCCCACGGAATAT-1,0,60,108,4848,14018
GTTTCAAACGAGTTGT-1,0,61,109,4734,14214
GGAACTTTGGCGATTA-1,0,60,110,4622,14017
CTGCAAGCACGTTCCG-1,0,61,111,4508,14213
CACAGTCCCGCTTCGC-1,0,60,112,4396,14016
TACGCTCGGTATTGGA-1,0,61,113,4282,14212
CTGGTAAAGTGTGGGC-1,0,60,114,4170,14015
CAACCAGTGGCCTACC-1,0,61,115,4056,14211
TCTTCGCGGTGAGAGG-1,0,60,116,3945,14014
TTCGGGTTGCCACGGG-1,0,61,117,3831,14210
ACCGATAGGCATAACC-1,0,60,118,3719,14013
CTTATAGATGGCTGTT-1,0,61,119,3605,14209
AGACGCCCACTTCGCC-1,0,60,120,3493,14012
AGGTCGCCTCCCAACA-1,0,61,121,3379,14208
CCTCACGTCAGCTAAT-1,0,60,122,3267,14011
CCACCTGTATGGAATA-1,0,61,123,3153,14206
GGACTCGAAGCTTTCA-1,0,60,124,3041,14009
AAGCCGGAGAGCAGGA-1,0,61,125,2927,14205
GCCTATCAGGTAAGAT-1,0,60,126,2816,14008
TCAGAGTGTGAGCATG-1,0,61,127,2702,14204
AAACATGGTGAGAGGA-1,0,62,0,17039,14470
ATCATTGTACCGCATT-1,0,63,1,16925,14666
TCAGCTTGAGCTTTCG-1,0,62,2,16813,14469
CCGCGCAAGATACCCA-1,0,63,3,16699,14665
CTATACTTAAAGCGAG-1,0,62,4,16587,14468
ACCGTCCACTGGGCCC-1,0,63,5,16474,14664
AAGACCAAATAACTCA-1,0,62,6,16362,14467
TGTTTCTGAAGCGTGC-1,0,63,7,16248,14663
TTCTCTTACAGGTGAT-1,0,62,8,16136,14466
AATTCATTGTCATGCA-1,0,63,9,16022,14662
GCCCGAGAGTCTAAAT-1,0,62,10,15910,14465
ATATAGAGTATTGGTC-1,0,63,11,15796,14661
TTGAAGGATGGGCGCC-1,0,62,12,15684,14464
TAGTACCACAACTTTC-1,0,63,13,15570,14660
ATCCCATCCACAGCGC-1,0,62,14,15458,14463
CTTAGGTATAGACCAG-1,0,63,15,15345,14659
TGACTCCGAATCATAC-1,0,62,16,15233,14462
ACTACATCCCGACAAG-1,0,63,17,15119,14658
TTGCCGCAGACCTACA-1,0,62,18,15007,14461
TAAGAGGGACAGGGAC-1,0,63,19,14893,14656
CGAATGAAGTCATTGC-1,0,62,20,14781,14459
AAGGGAACGACTGGCT-1,0,63,21,14667,14655
CGAATCTGCTCGACGC-1,0,62,22,14555,14458
ATCGTGGAAAGTCTGG-1,0,63,23,14441,14654
CCTATGGCTCCTAGTG-1,0,62,24,14329,14457
CGTCGCTTGGTTATAC-1,0,63,25,14216,14653
TGCTTAGAGAGAATGC-1,0,62,26,14104,14456
GATTGCTCCAGTTGCA-1,0,63,27,13990,14652
CGTGCTTCTACCTAAA-1,0,62,28,13878,14455
ACTCCAATATCATCAT-1,0,63,29,13764,14651
GCCGACCCACGACTGC-1,0,62,30,13652,14454
GAGGGTAGTAACAAAG-1,0,63,31,13538,14650
GGCCGAGACTCTGGTG-1,0,62,32,13426,14453
TATATAGGGCTTTACG-1,0,63,33,13312,14649
TGCCGGATGTACGAGC-1,0,62,34,13200,14452
AGGTAGATCGAGATAT-1,0,63,35,13087,14648
GATCAACATAAAGGGA-1,0,62,36,12975,14451
TAACAGCGTTTGTGCT-1,0,63,37,12861,14647
CTATAGGCGTTGATGT-1,0,62,38,12749,14450
GGTTTAATTACCATCG-1,0,63,39,12635,14645
CTCTTCTGGAAGTTAG-1,0,62,40,12523,14448
ATCTGACATGGAAGGA-1,0,63,41,12409,14644
TACGTACTAGTGCTGA-1,0,62,42,12297,14447
ATGACTATCAGCTGTG-1,0,63,43,12183,14643
CTTTGGGATTGTTGCA-1,0,62,44,12071,14446
AGACTGTTACCGGGTC-1,0,63,45,11958,14642
TCCTAACCGTCGGGCA-1,0,62,46,11846,14445
ACGCAAACTAATAGAT-1,0,63,47,11732,14641
AAGTGAGTCGGGTTTA-1,0,62,48,11620,14444
TAAAGCGGTATTTCCA-1,0,63,49,11506,14640
CTCCTCCAGCTCACAC-1,0,62,50,11394,14443
CGGTCCGTCGCAAGCC-1,0,63,51,11280,14639
CCTATATTTGTCCTGG-1,0,62,52,11168,14442
TCCAATAAAGGCTACC-1,0,63,53,11054,14638
AAAGGCTACGGACCAT-1,0,62,54,10942,14441
CGTGACCAGTCCTCTG-1,0,63,55,10829,14637
GATCTGCTATCTAAGG-1,0,62,56,10717,14440
CGAATGACGCATAATG-1,0,63,57,10603,14636
GCTCAATGTAATACCG-1,0,62,58,10491,14439
CTATGCCCGAATGCAA-1,0,63,59,10377,14634
CACAGGGCCGTTGTCA-1,0,62,60,10265,14437
TCAATACGCCGTCATG-1,0,63,61,10151,14633
AGCGGACACTTCGTAG-1,0,62,62,10039,14436
ATACGTTATGCACGGA-1,0,63,63,9925,14632
GAGTAGATACTAGTTG-1,0,62,64,9813,14435
CCAGCTCGAACGCATT-1,0,63,65,9700,14631
TGCTTCCCAAGCAGTA-1,0,62,66,9588,14434
GTAGACACGCCTGACT-1,0,63,67,9474,14630
CTCACATTTACTAAAT-1,0,62,68,9362,14433
GAATGCGAATCGGTTC-1,0,63,69,9248,14629
TAAGGCCCGTCACCCT-1,0,62,70,9136,14432
GAGTATGCGCGTGCAT-1,0,63,71,9022,14628
ATCCACATCGACAGAA-1,0,62,72,8910,14431
TAGACGAAACGCCAAT-1,0,63,73,8796,14627
CAGCAGTCTGTGCTGC-1,0,62,74,8684,14430
CTCACTGTGATACTTA-1,0,63,75,8571,14626
TTAATTGCTTTGGGTG-1,0,62,76,8459,14429
GTAGTCTACGATATTG-1,0,63,77,8345,14625
TTGCCGCTTTCTAGTA-1,0,62,78,8233,14428
GAACCTTTAACGATCC-1,0,63,79,8119,14623
TGGACCAATCTAAGAT-1,0,62,80,8007,14426
CTAGTAGAAAGGGATT-1,0,63,81,7893,14622
AACCTCGCTTTAGCCC-1,0,62,82,7781,14425
GAGTGTCAACCAGAAA-1,0,63,83,7667,14621
GTGATCCTTGTCATGA-1,0,62,84,7555,14424
CTCAACTAACCCGGAT-1,0,63,85,7442,14620
AGTGGCGTCTGAAGGT-1,0,62,86,7330,14423
GGGAAGGGCTTTCTCA-1,0,63,87,7216,14619
AGGCCTGAGAATCTCG-1,0,62,88,7104,14422
AGCCACAGGTTACCCG-1,0,63,89,6990,14618
TGCAATCTAACACGGT-1,0,62,90,6878,14421
GTTTGGGTTTCGCCCG-1,0,63,91,6764,14617
CCTATGTCCACTCCAC-1,0,62,92,6652,14420
CTGCCTTTCTAGTAAA-1,0,63,93,6538,14616
TTAGTAAACCTGCTCT-1,0,62,94,6426,14419
TTGTGGTGGTACTAAG-1,0,63,95,6313,14615
CCTCCTGTTGTGTCGT-1,0,62,96,6201,14418
ACAAAGCATGACCTAG-1,0,63,97,6087,14614
ATAGCAACTAGGGAAG-1,0,62,98,5975,14417
CCGCTCTTCCGAACTA-1,0,63,99,5861,14613
TAGAATAGCCGATGAA-1,0,62,100,5749,14416
GGTCTCCGTCCAGGTT-1,0,63,101,5635,14611
TAATTACGTCAGTAGA-1,0,62,102,5523,14414
TACGTAAAGCGGAGTG-1,0,63,103,5409,14610
GCTACAATCGAGGATA-1,0,62,104,5297,14413
TCAGCCAATCCGTAAA-1,0,63,105,5184,14609
ATCATAGCCCTATGTA-1,0,62,106,5072,14412
GAGGCCTGTTGATACA-1,0,63,107,4958,14608
ATATACGCTCGTGACG-1,0,62,108,4846,14411
CCCTTTAATGGAGTTC-1,0,63,109,4732,14607
TTACACGATCTGCGAC-1,0,62,110,4620,14410
TCGCATAAAGGGCGCA-1,0,63,111,4506,14606
TGTAGCCATCCCATTC-1,0,62,112,4394,14409
GGGTCTATCGCTTTCC-1,0,63,113,4280,14605
GGAGGGTCAAGTAAGA-1,0,62,114,4168,14408
TACGGCATGGACGCTA-1,0,63,115,4055,14604
CACGTCAATCAATGGA-1,0,62,116,3943,14407
CGCTTGGACGGATAGA-1,0,63,117,3829,14603
CGCGGTACGGTATACA-1,0,62,118,3717,14406
CCTACTCAACACGATT-1,0,63,119,3603,14602
CGTTTGGTGTTGTGGG-1,0,62,120,3491,14405
GTTGTTGCAAGATGGC-1,0,63,121,3377,14600
CATTCGTCGTAGCGGT-1,0,62,122,3265,14403
CAGCCTCGATAGCGGT-1,0,63,123,3151,14599
TCATAAGTCCAAGAAG-1,0,62,124,3039,14402
AAAGTGCCATCAATTA-1,0,63,125,2926,14598
GTTGCAGTCGACAACA-1,0,62,126,2814,14401
TAAATGGGCTACTGAG-1,0,63,127,2700,14597
GGACAAGCCATGATCG-1,0,64,0,17037,14863
TCCAATGCGTCGCCGC-1,0,65,1,16923,15059
AAAGAATGACCTTAGA-1,0,64,2,16811,14862
CCTATTATTCCGGCCG-1,0,65,3,16697,15058
CAGTAAGGGACGTCTC-1,0,64,4,16585,14861
GGGATGGACCCGCGTC-1,0,65,5,16472,15057
GACGCATACCCGTCGG-1,0,64,6,16360,14860
GGGCAGGATTTCTGTG-1,0,65,7,16246,15056
TATCTGAGCCGATATT-1,0,64,8,16134,14859
AATGTATGGCACTGTA-1,0,65,9,16020,15055
GCCTTTGTCAGTGGAC-1,0,64,10,15908,14858
AACCATAGGGTTGAAC-1,0,65,11,15794,15054
AAACTTAATTGCACGC-1,0,64,12,15682,14857
TAGGCGGCTGCAAAGA-1,0,65,13,15568,15053
TCCATCAATACTAATC-1,0,64,14,15456,14856
ACCTCGAACTTATGCT-1,0,65,15,15343,15052
ACAAACCATGCGTCCT-1,0,64,16,15231,14855
ACACCGGTCTGACCGC-1,0,65,17,15117,15050
ATGGCAGCATTACGAT-1,0,64,18,15005,14853
CTGGTGAATGGGCCTA-1,0,65,19,14891,15049
CACAGAGACGAGGACG-1,0,64,20,14779,14852
GCACAAACCCTAGATG-1,0,65,21,14665,15048
ACTATGTCCAGCTGCC-1,0,64,22,14553,14851
AAGCCGCCGTGAAATC-1,0,65,23,14439,15047
ATGGGTGTATACCTCC-1,0,64,24,14327,14850
TAAGCGCGAATCAAAT-1,0,65,25,14214,15046
AGCCCGGCATTAGAGG-1,0,64,26,14102,14849
GTGATCAAGCGTGCAC-1,0,65,27,13988,15045
CTGCCTTTAATACCTT-1,0,64,28,13876,14848
TACCTCCACACCAATG-1,0,65,29,13762,15044
GAGCATCAACAACTTG-1,0,64,30,13650,14847
CATACGAACTAGCTGG-1,0,65,31,13536,15043
GGGAACGGTTTCAGAT-1,0,64,32,13424,14846
AGGGTGCCGTTCTTTA-1,0,65,33,13310,15042
ACGACTGGTCATACTC-1,0,64,34,13198,14845
GGATCTTACTGCCCTT-1,0,65,35,13085,15041
TACTCCTCTAGTTGAC-1,0,64,36,12973,14844
GTAGCTCCGGGAGGCT-1,0,65,37,12859,15039
GGACTCGTGAGTGGTC-1,0,64,38,12747,14842
GTAGTTCGAAGGCGAA-1,0,65,39,12633,15038
CTCAAACCACTGCCCG-1,0,64,40,12521,14841
GAGGGAGTCAGATCGC-1,0,65,41,12407,15037
GCGTCCCTAAGACATA-1,0,64,42,12295,14840
TCTCTTACCGCGAACC-1,0,65,43,12181,15036
GGCTACTATACACTCC-1,0,64,44,12069,14839
CGTTGCCCGCGTGGGA-1,0,65,45,11956,15035
TATAGAGTCGCTTGAA-1,0,64,46,11844,14838
ATGTTGTAGTCTGTTT-1,0,65,47,11730,15034
AGTATACACAGCGACA-1,0,64,48,11618,14837
TGTGGTTGCTAAAGCT-1,0,65,49,11504,15033
TGATTCCCGGTTACCT-1,0,64,50,11392,14836
CACTGACGATTGTGGA-1,0,65,51,11278,15032
AACATTGTGACTCGAG-1,0,64,52,11166,14835
GTCCAATATTTAGCCT-1,0,65,53,11052,15031
GCTCTTTCCGCTAGTG-1,0,64,54,10940,14834
GGGTCAGGAGCTAGAT-1,0,65,55,10827,15030
AGGTGGTGACCTTCGC-1,0,64,56,10715,14833
CCCGGGTCGTTCAGGG-1,0,65,57,10601,15028
AGCCAAGCTTTGTGTC-1,0,64,58,10489,14831
TGTGGCGGGCTTCTGG-1,0,65,59,10375,15027
CGAGGGTATCCAGGTG-1,0,64,60,10263,14830
CGTTCAGACCCGCGAA-1,0,65,61,10149,15026
TCATATGAGCTTTGTT-1,0,64,62,10037,14829
AGTTGACGGTCCTTGC-1,0,65,63,9923,15025
ATAATTAGCTAAGTAG-1,0,64,64,9811,14828
GGTCTTGAGCGCTCTT-1,0,65,65,9698,15024
CGTTGTCGGCAATTGA-1,0,64,66,9586,14827
TCTTGCTCCCGATACT-1,0,65,67,9472,15023
AGCAGAAGGAGAAAGA-1,0,64,68,9360,14826
GAAGCCACTGATTATG-1,0,65,69,9246,15022
TGCTCTTGAGAGTTTG-1,0,64,70,9134,14825
GACATCCGTCGAACTG-1,0,65,71,9020,15021
AGATATAATACGACTA-1,0,64,72,8908,14824
TCGCTACTGGCTTTGA-1,0,65,73,8794,15020
GTGACAGCTTCCCACT-1,0,64,74,8683,14823
GTGACGCAGGTTTCAT-1,0,65,75,8569,15019
GGGAAGACGGTCTGTC-1,0,64,76,8457,14822
CGTCGCATGTGAGCCA-1,0,65,77,8343,15017
AGAAGGTTGTAGGTCG-1,0,64,78,8231,14820
GGCCGGCGTCTGCTAT-1,0,65,79,8117,15016
TTGACCAGGAACAACT-1,0,64,80,8005,14819
AGTCGTATAAAGCAGA-1,0,65,81,7891,15015
GGCGTAGGGAAAGCTG-1,0,64,82,7779,14818
AAACCTAAGCAGCCGG-1,0,65,83,7665,15014
ATTGCCTTTATGTTTG-1,0,64,84,7554,14817
CAGGCAGTCTTACCAG-1,0,65,85,7440,15013
AGCTAAGTACGCAGGC-1,0,64,86,7328,14816
AAATCCGATACACGCC-1,0,65,87,7214,15012
CGAGAGCTTTCACTAC-1,0,64,88,7102,14815
CGCCCAGCGTTTCACG-1,0,65,89,6988,15011
TTAAGTATTGTTATCC-1,0,64,90,6876,14814
AAACGGGCGTACGGGT-1,0,65,91,6762,15010
GTATCCTTTGGTAACC-1,0,64,92,6650,14813
CATAGTCAAATACATA-1,0,65,93,6536,15009
TCTATGCTATAACGAC-1,0,64,94,6425,14812
ACGTTCTGTACAAGTC-1,0,65,95,6311,15008
CGCGAAGTGGCATACT-1,0,64,96,6199,14811
ACCAACCGCACTCCAC-1,0,65,97,6085,15006
GTCATGCGCGAGGGCT-1,0,64,98,5973,14809
TAGGCTAAAGTGGCAC-1,0,65,99,5859,15005
TGGCTACACTCTACCT-1,0,64,100,5747,14808
TGTCCACGGCTCAACT-1,0,65,101,5633,15004
AATTGCAGCAATCGAC-1,0,64,102,5521,14807
GTCAACCAGGCCTATA-1,0,65,103,5407,15003
ATCTTATCGCACACCC-1,0,64,104,5296,14806
GTCTATTGCATGCTCG-1,0,65,105,5182,15002
GCACGTGGTTTACTTA-1,0,64,106,5070,14805
ATTCGCGCCTTGAGAG-1,0,65,107,4956,15001
AGCGATGCGCCTAATA-1,0,64,108,4844,14804
TCTATAGGTGGGTAAT-1,0,65,109,4730,15000
AGATACCAATAGAACC-1,0,64,110,4618,14803
CGTGTATGGGAGCTGA-1,0,65,111,4504,14999
ATGTACATGCGGTGAG-1,0,64,112,4392,14802
TTGGCTCAATATGTGT-1,0,65,113,4278,14998
GTTCGGAGCACTCAAC-1,0,64,114,4167,14801
TCCCTCTTCTCAAGGG-1,0,65,115,4053,14997
TTACGTATCTATGACA-1,0,64,116,3941,14800
CCCATATAGGTCGATT-1,0,65,117,3827,14996
GTCCACGTCGCATTCG-1,0,64,118,3715,14799
AATTGTGGTTGCCAAA-1,0,65,119,3601,14994
AGGAACGAACGACTTC-1,0,64,120,3489,14797
TAATTCCAATGCTTCA-1,0,65,121,3375,14993
AGGGCCCTAATGTTCT-1,0,64,122,3263,14796
AGGTGTTGCCGACCAC-1,0,65,123,3149,14992
CTGAGAGTAGAAATAC-1,0,64,124,3038,14795
TAGAAGAAGGGTTACA-1,0,65,125,2924,14991
GGTGACTGATAGAGAG-1,0,64,126,2812,14794
TACCCTCGGTAACCCT-1,0,65,127,2698,14990
TGTAAGACTGATAAGA-1,0,66,0,17035,15256
GTCACTCATGAGCGAT-1,0,67,1,16921,15452
CGGTTTACTGAACATT-1,0,66,2,16809,15255
GAGATCGATCTTACTC-1,0,67,3,16695,15451
TCTTTCATCCGTCCTT-1,0,66,4,16584,15254
TCGGATCTGGATGACC-1,0,67,5,16470,15450
GTCCTAGGATACCTTA-1,0,66,6,16358,15253
TGTACCCGACCCTAAT-1,0,67,7,16244,15449
AGGTTCTCCTTTCCGG-1,0,66,8,16132,15252
AATTGCGTGGATTACA-1,0,67,9,16018,15448
CGATAGCGATACAGTG-1,0,66,10,15906,15251
CGCCCTAATTGTTCAA-1,0,67,11,15792,15447
ATTATGAGACCCAATT-1,0,66,12,15680,15250
CCTCCTAGCTAGAGTC-1,0,67,13,15567,15446
CGAAGGGTTTCAGATT-1,0,66,14,15455,15249
CACAAGCTAAGAAAGG-1,0,67,15,15341,15444
CACCGGTAGAGACATT-1,0,66,16,15229,15247
ACTCATGGCAGCCTTC-1,0,67,17,15115,15443
CATCCAATATAGTTTG-1,0,66,18,15003,15246
CAGATATGAAGATGAC-1,0,67,19,14889,15442
GCAAAGGGCGTTAGCC-1,0,66,20,14777,15245
CTGTTGTTCAGTCGTA-1,0,67,21,14663,15441
AAAGGCCCTATAATAC-1,0,66,22,14551,15244
AACATTGAAGTTGATC-1,0,67,23,14438,15440
GCTAGCGATAGGTCTT-1,0,66,24,14326,15243
ATTGCCTATTAGACCG-1,0,67,25,14212,15439
GGGCGTTTACATTCAT-1,0,66,26,14100,15242
CCTCTACAAGGATTGG-1,0,67,27,13986,15438
AGTGACTGTGACACAA-1,0,66,28,13874,15241
AGCCCTCCCTGGTGGC-1,0,67,29,13760,15437
CGGTTGAGTATCCTTC-1,0,66,30,13648,15240
CATTATCCCATTAACG-1,0,67,31,13534,15436
AATGTGCTAATCTGAG-1,0,66,32,13422,15239
CTTAGTTGAGGAATCG-1,0,67,33,13309,15435
CTTCTGGGCGTACCTA-1,0,66,34,13197,15238
AGTCAAATGATGTGAT-1,0,67,35,13083,15433
TGAACAAGCAGGGACT-1,0,66,36,12971,15236
AATACCGGAGGGCTGT-1,0,67,37,12857,15432
GTTTGGTGATCGGTGC-1,0,66,38,12745,15235
GACTGCTGGTGAGAAA-1,0,67,39,12631,15431
CGATCCTCGCAACATA-1,0,66,40,12519,15234
CCAACCTTATGTAACT-1,0,67,41,12405,15430
CGTGGTACCCAAAGGC-1,0,66,42,12293,15233
AACCCGACAACCCGTG-1,0,67,43,12180,15429
TATGTAAAGTGCTTAA-1,0,66,44,12068,15232
GCAAGTGTAAAGCATG-1,0,67,45,11954,15428
GTAACTGCCCAAGGAG-1,0,66,46,11842,15231
GGTGCATAAATGATTA-1,0,67,47,11728,15427
TAGTCCCGGAGACCAC-1,0,66,48,11616,15230
CGGCCAGAGCGACCAT-1,0,67,49,11502,15426
TGAATGAGTGTTTCCC-1,0,66,50,11390,15229
TTCACTTCCTAGAACG-1,0,67,51,11276,15425
CGCTTAGTATTGATAC-1,0,66,52,11164,15228
AACGCGACCTTGGGCG-1,0,67,53,11051,15424
GTGCACCAGCTTCAAC-1,0,66,54,10939,15227
TTCTATTAAACGCAGC-1,0,67,55,10825,15422
TGGCAAGCACAAGTCG-1,0,66,56,10713,15225
ATCTGCTGTTATCGCC-1,0,67,57,10599,15421
AATTCCAAGCATGTAC-1,0,66,58,10487,15224
AAACGGTTGCGAACTG-1,0,67,59,10373,15420
GAAGGAGTCGAGTGCG-1,0,66,60,10261,15223
GGCAAGCCCATAGTGG-1,0,67,61,10147,15419
TGACCAAATCTTAAAC-1,0,66,62,10035,15222
TTCGGTACTGTAGAGG-1,0,67,63,9922,15418
ATGTACGATGACGTCG-1,0,66,64,9810,15221
ATCTAGCTTGTGAGGG-1,0,67,65,9696,15417
AGCGGGTCTGACACTC-1,0,66,66,9584,15220
GAGGTACGCGTGTCCC-1,0,67,67,9470,15416
GCACTGCCTACCTTTA-1,0,66,68,9358,15219
GGAGCGAGGCCTACTT-1,0,67,69,9244,15415
AAACTCGGTTCGCAAT-1,0,66,70,9132,15218
GGCGCTTCATTCCCTG-1,0,67,71,9018,15414
TGCTCGGTGGGTCACC-1,0,66,72,8906,15217
AAGCGCAGGGCTTTGA-1,0,67,73,8793,15413
GACCTTCCACGTCTAC-1,0,66,74,8681,15216
GTTAGCCCATGACATC-1,0,67,75,8567,15411
AATTCGATTCGAGGAT-1,0,66,76,8455,15214
AGTCTTTAAAGTGTCC-1,0,67,77,8341,15410
GACTAGGCCGTTAGGT-1,0,66,78,8229,15213
TCCAAGCCTAGACACA-1,0,67,79,8115,15409
GATTGGGAAAGGTTGT-1,0,66,80,8003,15212
GATGAGGAACCTTCGG-1,0,67,81,7889,15408
TGAATACCGACGCGTA-1,0,66,82,7777,15211
AATCGTGAGCCGAGCA-1,0,67,83,7664,15407
GCGAAGAATCTGACGG-1,0,66,84,7552,15210
GAACAACTGGGATGAA-1,0,67,85,7438,15406
TCGCCGACATATTCGC-1,0,66,86,7326,15209
CGTAGAGAGTAATTAT-1,0,67,87,7212,15405
CGATAGTCGTACTGCA-1,0,66,88,7100,15208
CGCATGCCGAATGCGT-1,0,67,89,6986,15404
CTCTAGCCCTCGGAAA-1,0,66,90,6874,15207
TCCAACTCAGCTATCT-1,0,67,91,6760,15403
GTCTAGTGAGCCGCTT-1,0,66,92,6648,15206
TACCGAATAATTGTAA-1,0,67,93,6535,15402
ATATAACACGGGCGCA-1,0,66,94,6423,15205
GCATGCTAATAACGAT-1,0,67,95,6309,15400
TCCGGGCTTGACGGGA-1,0,66,96,6197,15203
ATTATTCAGAGTCACT-1,0,67,97,6083,15399
TAGCAGTATGACTAAA-1,0,66,98,5971,15202
TATGAAGAATTAAGGT-1,0,67,99,5857,15398
CAAGGCCAGTGGTGCA-1,0,66,100,5745,15201
TGCGTACGGCTAATTG-1,0,67,101,5631,15397
CAGATAATGGGCGGGT-1,0,66,102,5519,15200
GAGAACGGTTCTGACT-1,0,67,103,5406,15396
CGCTTCGGTCTAAGAC-1,0,66,104,5294,15199
AGCATTACGAGGCAAG-1,0,67,105,5180,15395
AAGTTGTGATGTTATA-1,0,66,106,5068,15198
TTGCTCATAGTACGTG-1,0,67,107,4954,15394
TACTTAAACATGTACA-1,0,66,108,4842,15197
AGTGAGTCGAATTAAC-1,0,67,109,4728,15393
TAGGCCTATATAGTCT-1,0,66,110,4616,15196
ACTCGCCGTTCGATAA-1,0,67,111,4502,15392
GGTACGTTGCGGCCGG-1,0,66,112,4390,15195
TATTGCCGGGCTTGTA-1,0,67,113,4277,15391
GGTAAACTCTGCGCTG-1,0,66,114,4165,15194
TCCCTTGTCTGAAACT-1,0,67,115,4051,15389
CATGATCGCTTTGAGA-1,0,66,116,3939,15193
GGACGGGCGACCAACC-1,0,67,117,3825,15388
GAGAGGCCTATGTGTA-1,0,66,118,3713,15191
TCGTAACTCCCAAGAC-1,0,67,119,3599,15387
CGTATCTAGAACTAAG-1,0,66,120,3487,15190
GCACCTTCCCGAAGGT-1,0,67,121,3373,15386
TACCTCTTTACCATCC-1,0,66,122,3261,15189
TGACTCTAACTGGTAA-1,0,67,123,3148,15385
GAGAAACTGGATCCCA-1,0,66,124,3036,15188
ATCCGGACCAGCCTGA-1,0,67,125,2922,15384
TTATTTAGGTTCCTTA-1,0,66,126,2810,15187
CGAATTCCCGGTTCAA-1,0,67,127,2696,15383
TAGTTTGATCGGTCGC-1,0,68,0,17033,15649
AGTCGAAACGATTCAG-1,0,69,1,16919,15845
ACGTCGGGCAACTCGG-1,0,68,2,16807,15648
ACTTGCTCTATCTACC-1,0,69,3,16694,15844
ATTACGGGCTACGGTT-1,0,68,4,16582,15647
GCAAACGTAAGCGACC-1,0,69,5,16468,15843
TTCGGACTGGGCATGG-1,0,68,6,16356,15646
GGGCCATTCGTGCTGG-1,0,69,7,16242,15842
GAGTTGTCACCAGTCT-1,0,68,8,16130,15645
AGTAATTTGCAAGCGT-1,0,69,9,16016,15841
GTGGCCGGTTTCTCGG-1,0,68,10,15904,15644
ATCTTAGGGCATTAAT-1,0,69,11,15790,15839
CTACATATCGCGGGAC-1,0,68,12,15678,15642
ATGGTATTTACTGATT-1,0,69,13,15565,15838
CCGTCAACCTCTGGCG-1,0,68,14,15453,15641
GCTTCGACGTTCAATC-1,0,69,15,15339,15837
GACCGATTAAATATGT-1,0,68,16,15227,15640
GTCGAATTTGGGCGCT-1,0,69,17,15113,15836
TCACGGCCCAAGAGAG-1,0,68,18,15001,15639
CTACGATCCTATCCTA-1,0,69,19,14887,15835
TGCAGTGGTAGGGAAC-1,0,68,20,14775,15638
TTGCCTAATCCAAAGT-1,0,69,21,14661,15834
AGCGAGACGTGAAGGC-1,0,68,22,14549,15637
TTCTACCTCAATCGGT-1,0,69,23,14436,15833
TACGCTGCTGTGTTAA-1,0,68,24,14324,15636
TAGTCCTGCACTAAGC-1,0,69,25,14210,15832
AGCACACGTTTAGACT-1,0,68,26,14098,15635
GTTCGACAATTGTATA-1,0,69,27,13984,15831
CCATGTTCATCTATAT-1,0,68,28,13872,15634
CCCTCGATAATACACA-1,0,69,29,13758,15830
ACTGCCCGCCATTCTC-1,0,68,30,13646,15633
CTATATCCAGCCTGGC-1,0,69,31,13532,15829
CGCACGTCTGTTTATG-1,0,68,32,13420,15632
AATCAGGTTTCATTTA-1,0,69,33,13307,15827
AGAGAAACACCAGAAA-1,0,68,34,13195,15630
ACCCGATTGGTTCCGA-1,0,69,35,13081,15826
TACCAGGAATCCCGTC-1,0,68,36,12969,15629
AAGTGCTTCTCTATTG-1,0,69,37,12855,15825
TGCATGTGACCCATAG-1,0,68,38,12743,15628
TAGATTCAAAGTGCGG-1,0,69,39,12629,15824
AGGGTCAGAGCACTCG-1,0,68,40,12517,15627
GTGAGATAACCTTATA-1,0,69,41,12403,15823
GTGTCAGTGTACGTGG-1,0,68,42,12291,15626
CTGTAGTGAGGATCGA-1,0,69,43,12178,15822
GATAGTGCGAGTAAGT-1,0,68,44,12066,15625
AGGGTTCAGACGGTCC-1,0,69,45,11952,15821
GGACTCGACAGCGCAT-1,0,68,46,11840,15624
CACTCTCAAGCATCGA-1,0,69,47,11726,15820
GAGCGGAATGCGGTGT-1,0,68,48,11614,15623
CAGTTCGAGGACCCGA-1,0,69,49,11500,15819
CGTAACTTCGACACTT-1,0,68,50,11388,15622
TGATCACCACACTGAC-1,0,69,51,11274,15818
CATACTTCTTTCTCCG-1,0,68,52,11162,15621
CAAGTAAGTGATAGAC-1,0,69,53,11049,15816
AGCCCGCAACAAGCAG-1,0,68,54,10937,15619
GCTCCATGCAAAGCAA-1,0,69,55,10823,15815
TCGTACCGACGTCAAG-1,0,68,56,10711,15618
ATTATCGGAATGTACG-1,0,69,57,10597,15814
ACCTACTATAAATCTA-1,0,68,58,10485,15617
TATCCTATCAACTGGT-1,0,69,59,10371,15813
GCGCGGTCTAGTAACT-1,0,68,60,10259,15616
CCTTCGTATAGAATCC-1,0,69,61,10145,15812
TGGGCGATACAATAAG-1,0,68,62,10033,15615
TGACATGTAACGTGAC-1,0,69,63,9920,15811
TTGGGAAGACGAGCCG-1,0,68,64,9808,15614
GGTGTAAATCGATTGT-1,0,69,65,9694,15810
GAACTGTGGAGAGACA-1,0,68,66,9582,15613
TCCACATCGTATATTG-1,0,69,67,9468,15809
CCTATGGTCAAAGCTG-1,0,68,68,9356,15612
TCCTTGTCCTTTAATT-1,0,69,69,9242,15808
AAGTTTATGGGCCCAA-1,0,68,70,9130,15611
GTCCGGGTTCACATTA-1,0,69,71,9016,15807
ATGTAGCGCGCGTAGG-1,0,68,72,8904,15610
TACGGAAGCCAAACCA-1,0,69,73,8791,15805
GCCCTGAGGATGGGCT-1,0,68,74,8679,15608
CGGGCGATGGATCACG-1,0,69,75,8565,15804
TGCGGACTTGACTCCG-1,0,68,76,8453,15607
TAATACTAGAACAGAC-1,0,69,77,8339,15803
TCAAATTGTTGTGCCG-1,0,68,78,8227,15606
GGGCAGTCAACGCCAA-1,0,69,79,8113,15802
TCGCTGCCAATGCTGT-1,0,68,80,8001,15605
TACGTGGGCCCAGGGC-1,0,69,81,7887,15801
GCCTACGTTCTGTGCA-1,0,68,82,7775,15604
TTGCGTGTGTAGGCAT-1,0,69,83,7662,15800
TCCTAAAGATTCAGAC-1,0,68,84,7550,15603
TGGGTGCACAAGCCAT-1,0,69,85,7436,15799
GGGAGCGACCGTAGTG-1,0,68,86,7324,15602
CATAGAGGAGATACTA-1,0,69,87,7210,15798
CTTCGATTGCGCAAGC-1,0,68,88,7098,15601
GTGCCTGAGACCAAAC-1,0,69,89,6984,15797
TCATCCTCAGCTGCTT-1,0,68,90,6872,15600
TGCAACTACTGGTTGA-1,0,69,91,6758,15796
ATGTTGATTAGAGACT-1,0,68,92,6646,15599
GTTTCTAGAGGCGCGG-1,0,69,93,6533,15794
TACAAGGGCTTCTTTA-1,0,68,94,6421,15597
ACAGGCACGGATCCTT-1,0,69,95,6307,15793
CCCAAGTCATTACACT-1,0,68,96,6195,15596
ACTCTGACCTAATAGA-1,0,69,97,6081,15792
GGATGGCTTGAAGTAT-1,0,68,98,5969,15595
ACCCTCCCGTCAGGGC-1,0,69,99,5855,15791
AGCTTCTTCTCGAGCA-1,0,68,100,5743,15594
TTGCGCTTGATCAATA-1,0,69,101,5629,15790
TGGGTGTAATAGATTT-1,0,68,102,5517,15593
CATGGTTTATTAATCA-1,0,69,103,5404,15789
TTGCCTTCTCGCCGGG-1,0,68,104,5292,15592
TTAAAGTAAGTCGCCA-1,0,69,105,5178,15788
AGTTGGCAAGGCTAGA-1,0,68,106,5066,15591
CCGCACTTGCAATGAC-1,0,69,107,4952,15787
AATGTTGTCGTGAGAC-1,0,68,108,4840,15590
CCAAGGTTGCCCTTTC-1,0,69,109,4726,15786
TGTGACTAGAGTTTGC-1,0,68,110,4614,15589
TTGTGATCTGTTCAGT-1,0,69,111,4500,15785
GGAGTTGATTCTGTGT-1,0,68,112,4389,15588
GTAGTGAGCAACCTCA-1,0,69,113,4275,15783
AAGACATACGTGGTTT-1,0,68,114,4163,15586
CATCCCGAGATTCATA-1,0,69,115,4049,15782
GGCCGCAGGAACCGCA-1,0,68,116,3937,15585
CCAGAAACTGATGCGA-1,0,69,117,3823,15781
ACCCGTAGTCTAGTTG-1,0,68,118,3711,15584
AGGGTCTGGACGCAGT-1,0,69,119,3597,15780
TTGAAACCCTCATTCC-1,0,68,120,3485,15583
TCAATCCCGCGCCAAA-1,0,69,121,3371,15779
AGGACATCGGCACACT-1,0,68,122,3260,15582
GACAAGACGCCCGTGC-1,0,69,123,3146,15778
GAGTAAATTAAGAACC-1,0,68,124,3034,15581
TAAGTCGGTGAGCTAG-1,0,69,125,2920,15777
CTTACTGACTCCTCTG-1,0,68,126,2808,15580
TTAACTGATCGTTTGG-1,0,69,127,2694,15776
GGGCGATCCATAGGCC-1,0,70,0,17031,16042
CGTATTGTTTGGCGCC-1,0,71,1,16917,16238
CGCGTGGGCCTGTGTT-1,0,70,2,16806,16041
AAATCTGCCCGCGTCC-1,0,71,3,16692,16237
GCTGAAGGGTTCTTGG-1,0,70,4,16580,16040
TAATTGCGCTGATTAC-1,0,71,5,16466,16236
TCGCGCGTTTACATGA-1,0,70,6,16354,16039
TAACTGAAATACGCCT-1,0,71,7,16240,16235
CCTGTCGTGTATGAAG-1,0,70,8,16128,16038
CGGGAACGCCCTGCAT-1,0,71,9,16014,16233
AGTTGCGGTCCTCAAC-1,0,70,10,15902,16036
GGGTCCTTGGAAGAAG-1,0,71,11,15788,16232
CGGGAAGTACCGTGGC-1,0,70,12,15677,16035
ACGGTCACCGAGAACA-1,0,71,13,15563,16231
TAGACTCAGTTGGCCT-1,0,70,14,15451,16034
CCTTCCGCAACGCTGC-1,0,71,15,15337,16230
CAGTGTTAATCTCTCA-1,0,70,16,15225,16033
CAGGCCAGTACCACCT-1,0,71,17,15111,16229
GATCGCTGTGGTGCGT-1,0,70,18,14999,16032
GTATCTCGGGCGCTTT-1,0,71,19,14885,16228
CCGGGCTAAGAATTTC-1,0,70,20,14773,16031
CTTCACGCCCTGGTAC-1,0,71,21,14659,16227
CGGATGAATGCTGTGA-1,0,70,22,14548,16030
CTCTGCAGGCATTCTT-1,0,71,23,14434,16226
TCAAAGTCACGGCGTC-1,0,70,24,14322,16029
TGGGTTTCGGGCGTAC-1,0,71,25,14208,16225
TGCTATGGCAAAGGGA-1,0,70,26,14096,16028
TTCACGGTCGTCACGT-1,0,71,27,13982,16224
CGTAAAGCAAGAAATC-1,0,70,28,13870,16027
CTGATCCCTTTATGCA-1,0,71,29,13756,16222
GAGTATACCCTAATCA-1,0,70,30,13644,16026
CCACGGCAGGTGTAGG-1,0,71,31,13530,16221
ACGTACTTTGGCACGG-1,0,70,32,13419,16024
CCTGAGAATAAATGCA-1,0,71,33,13305,16220
TTGATGCCGCTCGTCG-1,0,70,34,13193,16023
GCCAGGAAAGAACACT-1,0,71,35,13079,16219
TCCGACCGCTAATCAA-1,0,70,36,12967,16022
TATATCAAAGTGATCT-1,0,71,37,12853,16218
CCTCGGTTTCCTTGCC-1,0,70,38,12741,16021
TAAATTTAGTAACACC-1,0,71,39,12627,16217
CTCGTTACGGCTACCA-1,0,70,40,12515,16020
GCCGTCGGTTTCGGGC-1,0,71,41,12401,16216
GTTCCGTCCGCCTGCA-1,0,70,42,12290,16019
CTAGGGATAGGGACAA-1,0,71,43,12176,16215
GTCCAGGCACGTGTGC-1,0,70,44,12064,16018
GAGGAATATCTCTTTG-1,0,71,45,11950,16214
CGTTCAAGGAAACGGA-1,0,70,46,11838,16017
GTGGGAACAAACCGGG-1,0,71,47,11724,16213
GGGCACGTAGTACTGT-1,0,70,48,11612,16016
ACTACAAAGAGAGGTG-1,0,71,49,11498,16212
GGTGTAGGTAAGTAAA-1,0,70,50,11386,16015
CCTGTTCAACCTCGGG-1,0,71,51,11273,16210
TGAGGTGTGTGGCGGA-1,0,70,52,11161,16013
ATTGTCTGTTTCATGT-1,0,71,53,11047,16209
GCCGGTCGTATCTCTC-1,0,70,54,10935,16012
ATATGGGATAGCAACT-1,0,71,55,10821,16208
GATAGAACCCGCTAGG-1,0,70,56,10709,16011
ATCCCATTTCCGTGGG-1,0,71,57,10595,16207
GATGCTACCTTCGATG-1,0,70,58,10483,16010
TGCAAAGTTCGTCTGT-1,0,71,59,10369,16206
GTTCAGTCGCCAAATG-1,0,70,60,10257,16009
GTCTCCGCCTCAATAC-1,0,71,61,10144,16205
AGTAGAAGGCGCCTCA-1,0,70,62,10032,16008
GTTGTAGATTTATGAG-1,0,71,63,9918,16204
CTATTTGCTTGGAGGA-1,0,70,64,9806,16007
AGCCATATAGTATGTG-1,0,71,65,9692,16203
TGTTCCGGCCTGAGCT-1,0,70,66,9580,16006
TGCCGTGGGACCCAAT-1,0,71,67,9466,16202
TTGCAAGAAGACTCCT-1,0,70,68,9354,16005
CCGCTCCAGGGCGATC-1,0,71,69,9240,16201
CAAACCCTCCGGCGGG-1,0,70,70,9128,16004
CGGACCTTTACGTCCC-1,0,71,71,9015,16199
ACGTAGGAGAGTCGCT-1,0,70,72,8903,16002
CTGCGACCTCGCCGAA-1,0,71,73,8789,16198
GGCCCAGCTGGTTTGC-1,0,70,74,8677,16001
GGATTAATCATGGACC-1,0,71,75,8563,16197
GAGATGGCTTTAATCA-1,0,70,76,8451,16000
AGTACAGAAGCTTATA-1,0,71,77,8337,16196
GCGGCTTTAGCAAGTT-1,0,70,78,8225,15999
ACCGAGTCTCCTTATT-1,0,71,79,8111,16195
GACCACACTTCCCTTT-1,0,70,80,7999,15998
TGTAGCCAATTCCGTT-1,0,71,81,7886,16194
CTCGTCTGTGCCTTCG-1,0,70,82,7774,15997
GGACTCTTTGACTAAG-1,0,71,83,7660,16193
TCATCGACGACCGTCG-1,0,70,84,7548,15996
TACTACGTGCAATGCG-1,0,71,85,7434,16192
CCCTACTTGAACAATG-1,0,70,86,7322,15995
GCAGCTGTCAACGCAT-1,0,71,87,7208,16191
ATCTACCATCTGCTCC-1,0,70,88,7096,15994
TCTCAAATCAATCGGG-1,0,71,89,6982,16190
ACTCCGGCCGACCACT-1,0,70,90,6870,15993
TACACCTCTTCGAATC-1,0,71,91,6757,16188
GTGGCTGTTTCTGTTC-1,0,70,92,6645,15991
ACGACTCTAGGGCCGA-1,0,71,93,6531,16187
TCGTTTACGCGACCCT-1,0,70,94,6419,15990
AGGATATCCGACTGCA-1,0,71,95,6305,16186
GACACTTCCAATTACC-1,0,70,96,6193,15989
ACGGTACAGTTCAATG-1,0,71,97,6079,16185
CTTGATGACCATCCAG-1,0,70,98,5967,15988
CTGGTAAAGACTTACA-1,0,71,99,5853,16184
CTTGCCCACCCACGCA-1,0,70,100,5741,15987
CATTACGCAGGAAGGG-1,0,71,101,5628,16183
GGACAACCATGAAGCC-1,0,70,102,5516,15986
GTTATCAAGCTATCGA-1,0,71,103,5402,16182
AGGTGCACGTCCACAT-1,0,70,104,5290,15985
AAAGAATGTGGACTAA-1,0,71,105,5176,16181
ACCAAGTCATCGGCAG-1,0,70,106,5064,15984
AGTAACTATAGCAGCC-1,0,71,107,4950,16180
GGGAAAGAATGCCAAC-1,0,70,108,4838,15983
AATCGGTATAGCCCTC-1,0,71,109,4724,16179
GGCACTGCGGTGGTTT-1,0,70,110,4612,15982
CGTCCTCATCGCGTGC-1,0,71,111,4499,16177
CTTAACTTACAGTATA-1,0,70,112,4387,15980
GTGAGTCGACTAATAG-1,0,71,113,4273,16176
TGTACTTCCGGGCATG-1,0,70,114,4161,15979
CACAAACCGCAGAACT-1,0,71,115,4047,16175
GCTTTACACAACTGGG-1,0,70,116,3935,15978
CACCGATGATGGGTAC-1,0,71,117,3821,16174
TCAATATACAGGAGGC-1,0,70,118,3709,15977
AACGACCTCCTAGCCG-1,0,71,119,3595,16173
GTTACCAAGGCGTACG-1,0,70,120,3483,15976
TAGCTCACTGTGTTTG-1,0,71,121,3370,16172
TCGGCAGGGTTAAGGG-1,0,70,122,3258,15975
TGTTAACAAAGTGACT-1,0,71,123,3144,16171
CAGAGCGATGGATGCT-1,0,70,124,3032,15974
CATAGTGGGCACGCCT-1,0,71,125,2918,16170
AAACGCTGGGCACGAC-1,0,70,126,2806,15973
TGTTCTCATACTATAG-1,0,71,127,2692,16169
TCCGCTGGGTCGATCG-1,0,72,0,17029,16435
TTAGCATCCCTCACGT-1,0,73,1,16916,16631
AGCCTTGTCACTGATA-1,0,72,2,16804,16434
GTTTCTTGTTAGAGCT-1,0,73,3,16690,16630
TCGGAGTCCTGGTTGC-1,0,72,4,16578,16433
ACGGGTTGTGACCTGT-1,0,73,5,16464,16629
TGACAGAAATCTTGCT-1,0,72,6,16352,16432
TAGCCATGATTGCCTA-1,0,73,7,16238,16627
CGAAGCCACAGCATGG-1,0,72,8,16126,16430
ACCCGTAGCAGAGAAT-1,0,73,9,16012,16626
AGCTTGATCAGGGTAG-1,0,72,10,15900,16429
CTATAAGTAGGGTTTG-1,0,73,11,15787,16625
TATAGTTAGGTGTACT-1,0,72,12,15675,16428
TACGCTGATAGTTGTA-1,0,73,13,15561,16624
TTCTCAATTGCTACAA-1,0,72,14,15449,16427
GTTGCCCTAACGGGTG-1,0,73,15,15335,16623
GACATTTCGCCCAGCC-1,0,72,16,15223,16426
GTAACTACGTAGACCT-1,0,73,17,15109,16622
CCAGTGTACAGACCGA-1,0,72,18,14997,16425
GCCCGATGCCCAGTTC-1,0,73,19,14883,16621
CGAACCTCTTTCCTAG-1,0,72,20,14771,16424
CATGCACATGAGAGGC-1,0,73,21,14658,16620
CCAAATCAAAGGGCAA-1,0,72,22,14546,16423
GTAGTTTAAGCACACG-1,0,73,23,14432,16619
TAAGTGAATAGTCTAC-1,0,72,24,14320,16422
GGTCCACGTCTATTTG-1,0,73,25,14206,16618
CCCTCAGATCGAGAAC-1,0,72,26,14094,16421
ACATTCGCGCGGAATA-1,0,73,27,13980,16616
CTATGAACACCTTGCC-1,0,72,28,13868,16419
CGAATGGTAGGTCGTC-1,0,73,29,13754,16615
TCGACATAGCGTAGCG-1,0,72,30,13642,16418
GACGTTGCTCGGCGGC-1,0,73,31,13529,16614
CTCGAGGCAAGTTTCA-1,0,72,32,13417,16417
GCTGGGAGCGCGTCAA-1,0,73,33,13303,16613
GACGATATCACTGGGT-1,0,72,34,13191,16416
CAGCTCTGGGCTCACT-1,0,73,35,13077,16612
TAGTCTGCGGCACATT-1,0,72,36,12965,16415
TGGTCGATATACCTCT-1,0,73,37,12851,16611
TTCAGTTCAAGAGGAG-1,0,72,38,12739,16414
GTCTGTAGGTTGAACA-1,0,73,39,12625,16610
GAGAGTCTCGGGAGAG-1,0,72,40,12513,16413
TTGTTTGTATTACACG-1,0,73,41,12400,16609
GCACAGCACGGGCCGA-1,0,72,42,12288,16412
AAACAGTGTTCCTGGG-1,0,73,43,12174,16608
TGGAGAATAATCGTCC-1,0,72,44,12062,16411
CGCCGCGTTCTGAACG-1,0,73,45,11948,16607
CATGCGTTGAGAGGAG-1,0,72,46,11836,16410
TACGCTCCTAGAACTG-1,0,73,47,11722,16606
CCTTGTGAACGTGGTT-1,0,72,48,11610,16409
TTAAAGGCGATGCTCG-1,0,73,49,11496,16604
TAAAGTGCACGTCTCG-1,0,72,50,11384,16407
TGTCCGCAAACAATTC-1,0,73,51,11271,16603
AGGCCTATCATACCAA-1,0,72,52,11159,16406
ACTGGGATGCCAGTGC-1,0,73,53,11045,16602
CGATCCACCATTGTTG-1,0,72,54,10933,16405
GGGCATGCATGTCGAG-1,0,73,55,10819,16601
TCCAGGCAGGACGATC-1,0,72,56,10707,16404
CAATGACCCTTAATTT-1,0,73,57,10593,16600
ATCAAGATCCCAGGAC-1,0,72,58,10481,16403
CTCAGAGCTAATGTCG-1,0,73,59,10367,16599
CTGCGATTTCGAGATT-1,0,72,60,10255,16402
ATGGTATTGGGAACCG-1,0,73,61,10142,16598
TAGGTTCTGCTGAGAA-1,0,72,62,10030,16401
GCCTGTCCCGGTGCAT-1,0,73,63,9916,16597
GGCCTGCTCTGATGTT-1,0,72,64,9804,16400
TAGAGGGAGTTTATCT-1,0,73,65,9690,16596
CTCTACATCCTGCGTG-1,0,72,66,9578,16399
ACACATTTCCGTAGAC-1,0,73,67,9464,16595
TGGGTGTTAAGTAGAA-1,0,72,68,9352,16398
GAGCTCAACATGAGCG-1,0,73,69,9238,16593
GCACACAGCTATTACC-1,0,72,70,9126,16396
GCGACGGTAGTCTCCT-1,0,73,71,9013,16592
GTATCAAGGTACTTCC-1,0,72,72,8901,16395
GGAAAGGGAATTGAGC-1,0,73,73,8787,16591
TACACAGCCGTGGTGC-1,0,72,74,8675,16394
CGGTTGGGCAGGGTCC-1,0,73,75,8561,16590
GCACGCCGATTCCCGC-1,0,72,76,8449,16393
CGCTTTCCGCCAAGGT-1,0,73,77,8335,16589
TGCCCGATAGTTAGAA-1,0,72,78,8223,16392
TCAGAACGGCGGTAAT-1,0,73,79,8109,16588
CCACTCAGATCCGCAA-1,0,72,80,7997,16391
GAAGGGTCATTAAGAC-1,0,73,81,7884,16587
GCGGTCTTGCTTTCAC-1,0,72,82,7772,16390
GGAAGGACACCGTATA-1,0,73,83,7658,16586
CGCGGGAATTCCTTTC-1,0,72,84,7546,16389
TCTATCCGATTGCACA-1,0,73,85,7432,16585
TACTCGTTTGAATCAA-1,0,72,86,7320,16388
GTCTGCCGACTCGACG-1,0,73,87,7206,16584
TACGGGTAATAACATA-1,0,72,88,7094,16387
CCAGTTCGGTAACTCA-1,0,73,89,6980,16582
CGTGCACACCACTGTA-1,0,72,90,6868,16385
CTTCAGTTGGACAACG-1,0,73,91,6755,16581
TGATCTATCACACTCT-1,0,72,92,6643,16384
TAGCAGATACTTAGGG-1,0,73,93,6529,16580
CACCGGGCATCACAAG-1,0,72,94,6417,16383
AGTGGCCCGCAAATGG-1,0,73,95,6303,16579
CTCGCTAGGTAAGCGA-1,0,72,96,6191,16382
GATAGATAGTACAGTC-1,0,73,97,6077,16578
CGAGACTACTGCTGCT-1,0,72,98,5965,16381
ACATTTGAAACCTAAC-1,0,73,99,5851,16577
GACACAGCCGGGACTG-1,0,72,100,5739,16380
ACGGAACACGAGTGCC-1,0,73,101,5626,16576
ACGCCAGTGCGTTTGC-1,0,72,102,5514,16379
GCACCTAGGCGAGTCC-1,0,73,103,5400,16575
TCACTATCCCTTCGGT-1,0,72,104,5288,16378
TGAGTGTAACAACGGG-1,0,73,105,5174,16574
ATTGGTTGTGCATTAC-1,0,72,106,5062,16377
CTGGCGATTTACATGT-1,0,73,107,4948,16573
TCCACCAAGACATAGG-1,0,72,108,4836,16376
AACGTCGCTGCACTTC-1,0,73,109,4722,16571
GTCTCCCGAGTCCCGT-1,0,72,110,4610,16374
AGCCCGCACTACAATG-1,0,73,111,4497,16570
GGCACGCTGCTACAGT-1,0,72,112,4385,16373
GCTTGAGTGACCTCTG-1,0,73,113,4271,16569
ATAGCCATAACAGTCA-1,0,72,114,4159,16372
TAGGAGGCTCGAGAAC-1,0,73,115,4045,16568
GTCGGGTGAAGTACCG-1,0,72,116,3933,16371
CACCCGCGTTTGACAC-1,0,73,117,3819,16567
TCTCAGGCTACTCGCT-1,0,72,118,3707,16370
TAGATTCTCTAGCAAA-1,0,73,119,3593,16566
CCCATTATTGTATCCT-1,0,72,120,3481,16369
GTTAATAGCGTCATTA-1,0,73,121,3368,16565
TACTCATTGACGCATC-1,0,72,122,3256,16368
TAGTGACAAGCTCTAC-1,0,73,123,3142,16564
ATCGCCGTGGTTCATG-1,0,72,124,3030,16367
CTGCTCTCAACACACC-1,0,73,125,2916,16563
GCATGACACAAAGGAA-1,0,72,126,2804,16366
CAACGATCGATCCAAT-1,0,73,127,2690,16562
ATACAGCGTCCACTGA-1,0,74,0,17028,16828
TCACGATTAATACGTT-1,0,75,1,16914,17024
CGTGAACTGACCCGAT-1,0,74,2,16802,16827
TCGATGTTACGGCCGT-1,0,75,3,16688,17023
GACCGGTGATACTCTC-1,0,74,4,16576,16826
TCTGTTTAGATTGTTC-1,0,75,5,16462,17021
GCTACTCGGACGCAGA-1,0,74,6,16350,16824
AAGAAAGTTTGATGGG-1,0,75,7,16236,17020
CGCCAGTAGTACCTTG-1,0,74,8,16124,16823
CTCCCTTGTATCAAGG-1,0,75,9,16010,17019
ACTTTATACACCACTT-1,0,74,10,15899,16822
AGATCTGGAGAGGATA-1,0,75,11,15785,17018
TCATCCATCTGATCAC-1,0,74,12,15673,16821
AGAACACGGCGATGGT-1,0,75,13,15559,17017
CCGCTCCGGATAAGCT-1,0,74,14,15447,16820
TGGTCGGGTACAGGGC-1,0,75,15,15333,17016
ACGGACGCAGCGACAA-1,0,74,16,15221,16819
ACATGCTTACGGCAGC-1,0,75,17,15107,17015
CAGGGAGATAGGCCAG-1,0,74,18,14995,16818
TCGCCACCCGGATTAC-1,0,75,19,14881,17014
TCTTGGTCAATGATAC-1,0,74,20,14770,16817
CATAGGGACACTTGTG-1,0,75,21,14656,17013
CACGAGCAAACCAGAC-1,0,74,22,14544,16816
GGGATATTGATCGCCA-1,0,75,23,14430,17012
TAATGTCGGTTCATGG-1,0,74,24,14318,16815
CGATTTGTCATTAATG-1,0,75,25,14204,17010
TTAAGATACCCAGAGA-1,0,74,26,14092,16813
CGACCGTTGGTATTCG-1,0,75,27,13978,17009
ACTACCATCCGAGGGC-1,0,74,28,13866,16812
TCTACGCACGATCTCC-1,0,75,29,13752,17008
AAGCCACTTGCAGGTA-1,0,74,30,13641,16811
ACGTTGTCGTTGAAAG-1,0,75,31,13527,17007
ACCGCTAGTCATTGGT-1,0,74,32,13415,16810
CATGAGTCCATCACGG-1,0,75,33,13301,17006
ATGTCTTGTTTGACTC-1,0,74,34,13189,16809
TCCCAAACATCCTCTA-1,0,75,35,13075,17005
CAACGCGATGAGCCAA-1,0,74,36,12963,16808
GACACCCAAAGACGCG-1,0,75,37,12849,17004
ACGTTCACTATGCCGC-1,0,74,38,12737,16807
ATGGACTGCTTAGTTG-1,0,75,39,12623,17003
CCATGGCAAACGCTCA-1,0,74,40,12512,16806
TTGTCTCGGCAAGATG-1,0,75,41,12398,17002
TTCGAACGAAACATGC-1,0,74,42,12286,16805
GGAAAGTCTTGATTGT-1,0,75,43,12172,17001
ATCATAGATCGACGAG-1,0,74,44,12060,16804
GATTAGAAACAAGCGT-1,0,75,45,11946,16999
GCTGCGAAGAATTATT-1,0,74,46,11834,16803
TTCCAGTGGGTTTCGT-1,0,75,47,11720,16998
GCTCATTGATCATATC-1,0,74,48,11608,16801
ATACGAGGTTTGTAAG-1,0,75,49,11494,16997
GTCTATACACGCATGG-1,0,74,50,11383,16800
GATTTGCGCTAACACC-1,0,75,51,11269,16996
TGGTGCCCTGCCTTAC-1,0,74,52,11157,16799
TCGAATCGCAGGGTAG-1,0,75,53,11043,16995
GGTAGGCCAATATCAC-1,0,74,54,10931,16798
CGTAAATAACAAAGGG-1,0,75,55,10817,16994
GACTCTAGAGTTCCAA-1,0,74,56,10705,16797
ACTTGTTACCGGATCA-1,0,75,57,10591,16993
GGCATTGAACATCTCA-1,0,74,58,10479,16796
AACCCGCTGTATTCCA-1,0,75,59,10365,16992
TAACAGGTTCCCTTAG-1,0,74,60,10254,16795
GTTCTTGTAACTCAAT-1,0,75,61,10140,16991
GATTCTGTTAATGAGT-1,0,74,62,10028,16794
GGACACCTCGGTGTTG-1,0,75,63,9914,16990
CGATCGAGAAGCACCA-1,0,74,64,9802,16793
CTGCTCTGACGGCAAA-1,0,75,65,9688,16989
CCCAGGAAGAATTCGA-1,0,74,66,9576,16792
TGTCGTGGGTATAGGC-1,0,75,67,9462,16987
ATATGTCTAGAGCGTG-1,0,74,68,9350,16790
GCGGGCAGACGGGTGA-1,0,75,69,9236,16986
CGAAGATCAGTTTCAT-1,0,74,70,9125,16789
ACGCCACTCGAAACAG-1,0,75,71,9011,16985
CTTAGATGTTTCATCC-1,0,74,72,8899,16788
GCGAATGGACTAGCGA-1,0,75,73,8785,16984
TAAATTGTGGGTAAAG-1,0,74,74,8673,16787
ATTTATACTGGTAAAG-1,0,75,75,8559,16983
GCGTCGTAACATGGTC-1,0,74,76,8447,16786
CGGTATGGGCACTCTG-1,0,75,77,8333,16982
CTATCACAACGCTGGA-1,0,74,78,8221,16785
ACCACACGGTTGATGG-1,0,75,79,8107,16981
TCAGCGCACGCCGTTT-1,0,74,80,7996,16784
AATGTTAAGACCCTGA-1,0,75,81,7882,16980
CTTACATAGATTTCTT-1,0,74,82,7770,16783
AACATAGCGTGTATCG-1,0,75,83,7656,16979
AGCAGTCGAAGCATGC-1,0,74,84,7544,16782
GTACTACGGCCTCGTT-1,0,75,85,7430,16978
TTGGCCAAATTGTATC-1,0,74,86,7318,16781
TCAGAGGACGCGTTAG-1,0,75,87,7204,16976
AGTAATCTAAGGGTGG-1,0,74,88,7092,16779
AATTATACCCAGCAAG-1,0,75,89,6979,16975
CCCTACCCACACCCAG-1,0,74,90,6867,16778
CTCTGTCCATGCACCA-1,0,75,91,6753,16974
TCGCCTCCTTCGGCTC-1,0,74,92,6641,16777
CCTGATTCGCGAAGAA-1,0,75,93,6527,16973
GACTTCAACGCATCAA-1,0,74,94,6415,16776
GCTTCCCGTAAGCTCC-1,0,75,95,6301,16972
AGAACTGTACTTTGTA-1,0,74,96,6189,16775
CCTTAAGTACGCAATT-1,0,75,97,6075,16971
GGCCAATTGTATAGAC-1,0,74,98,5963,16774
AGAATACAGGCTATCC-1,0,75,99,5850,16970
AATACCTGATGTGAAC-1,0,74,100,5738,16773
TAGAGTGTTCCGGGTA-1,0,75,101,5624,16969
GCTTCCATGTAACCGC-1,0,74,102,5512,16772
GGTTCGCATTTGCCGT-1,0,75,103,5398,16968
TCAATCCGGGAAGTTT-1,0,74,104,5286,16771
CCGGAAGTGCAATATG-1,0,75,105,5172,16967
CTCATAAATGTGTATA-1,0,74,106,5060,16770
GACGGGCATCGAATTT-1,0,75,107,4946,16965
GCTAAGCCCAGTATGC-1,0,74,108,4834,16768
GCTATAAGGGCCAGGA-1,0,75,109,4721,16964
GCGGATTACTTGTTCT-1,0,74,110,4609,16767
TACAACAGCGCATACA-1,0,75,111,4495,16963
TCTAACCTAGCCTGCG-1,0,74,112,4383,16766
TCTACCCGCATCATTT-1,0,75,113,4269,16962
GTCTTACCACGCCAAG-1,0,74,114,4157,16765
AATAACGTCGCGCCCA-1,0,75,115,4043,16961
CGTTTCGGTTATATGC-1,0,74,116,3931,16764
TACGCTGCACGGTCGT-1,0,75,117,3817,16960
CGTTAAATACGACCAG-1,0,74,118,3705,16763
TCGACTGACGATGGCT-1,0,75,119,3592,16959
ACGCTACTGAATGGGC-1,0,74,120,3480,16762
AAGGGTTAGCCATGCG-1,0,75,121,3366,16958
ACGTTTCGGTGCACTT-1,0,74,122,3254,16761
TTAACCCGAGGCGTGT-1,0,75,123,3140,16957
GCCCGTCAAGCCCAAT-1,0,74,124,3028,16760
ATTCGTCCCGAGGTTA-1,0,75,125,2914,16956
TCAAATTATGTTCGAC-1,0,74,126,2802,16759
AACGTTCTACCATTGT-1,0,75,127,2688,16954
CTGTCCTGCGCACTAC-1,0,76,0,17026,17221
GCCCAGCGACACAAAG-1,0,77,1,16912,17417
TATAGCTATTATCTCT-1,0,76,2,16800,17220
AAGCTATGGATTGACC-1,0,77,3,16686,17415
CCGAAACACGACCTCT-1,0,76,4,16574,17218
ATCAGAAGCTGGTTGC-1,0,77,5,16460,17414
TGAACCTGAATGTGAG-1,0,76,6,16348,17217
TCAGAGCATGTCAACG-1,0,77,7,16234,17413
ATACCCTCCCGGCCAA-1,0,76,8,16122,17216
GCCACCTTATTCGCGA-1,0,77,9,16009,17412
CAACGAGCTTATTATG-1,0,76,10,15897,17215
GATCCAACCTTTAAAC-1,0,77,11,15783,17411
TTGTGGAGACAGCCGG-1,0,76,12,15671,17214
AGATAATCACACCTAT-1,0,77,13,15557,17410
GGTTAGGGATGCTAAT-1,0,76,14,15445,17213
TCATGAAGCGCTGCAT-1,0,77,15,15331,17409
CCAGGCGAGATGGTCT-1,0,76,16,15219,17212
CGACTTGCCGGGAAAT-1,0,77,17,15105,17408
GTGCCAAACGTTTCGA-1,0,76,18,14993,17211
TGCTCAAAGGATGCAC-1,0,77,19,14880,17407
GCCTCAGGTACCGGTC-1,0,76,20,14768,17210
ACAAGTAATTGTAAGG-1,0,77,21,14654,17406
TTAGAGTATTGTCGAG-1,0,76,22,14542,17209
GTCATCCCAAACTCAC-1,0,77,23,14428,17404
CTCCTAGTAATCGTGA-1,0,76,24,14316,17207
CCCTCATCACAGAGTA-1,0,77,25,14202,17403
GGAAACAGAGCTTGGG-1,0,76,26,14090,17206
ACATCGCAATATTCGG-1,0,77,27,13976,17402
TTAGCCATAGGGCTCG-1,0,76,28,13864,17205
CGGATTCTGCCTTATG-1,0,77,29,13751,17401
TTGTTGGCAATGACTG-1,0,76,30,13639,17204
GGATCTACCGTTCGTC-1,0,77,31,13525,17400
GGTGGGATTAGGTCCC-1,0,76,32,13413,17203
AATAGGCACGACCCTT-1,0,77,33,13299,17399
GAGGTCCGTTCGCTGT-1,0,76,34,13187,17202
TGACAACTTAAAGGTG-1,0,77,35,13073,17398
AGCTAAGCTCCGTCCG-1,0,76,36,12961,17201
CTAGCCCGGGAGACGA-1,0,77,37,12847,17397
CCCAGATTCCCGTGAC-1,0,76,38,12735,17200
GCCCGTTCACACAATT-1,0,77,39,12622,17396
ACAAACTCCATCAGAG-1,0,76,40,12510,17199
GGTTCCGTACGACTAA-1,0,77,41,12396,17395
TTGCGGAAAGCTGCCC-1,0,76,42,12284,17198
GGAACTCGTGAATACG-1,0,77,43,12170,17393
GGTTACCGCTCCCTAC-1,0,76,44,12058,17196
AGCGACTTTGAAGACA-1,0,77,45,11944,17392
CCGTTTCCTTTCCGTG-1,0,76,46,11832,17195
TGGATGGCATCTTGGA-1,0,77,47,11718,17391
CAAGTCGTTGAAATCT-1,0,76,48,11606,17194
TGCAAACGTACTAGTT-1,0,77,49,11493,17390
GGCTGTCCTACTGCGG-1,0,76,50,11381,17193
TACTGCATGATTAAAT-1,0,77,51,11267,17389
CGGACCTCTGTAGTTA-1,0,76,52,11155,17192
CCCTAGCTCTAAGGTC-1,0,77,53,11041,17388
GTAACAGGTTAACGGC-1,0,76,54,10929,17191
CCCGCAAATAATCATC-1,0,77,55,10815,17387
AATCCCGCTCAGAGCC-1,0,76,56,10703,17190
AACGTCATCCGGCTTG-1,0,77,57,10589,17386
CTCGTGGCACTGAAAG-1,0,76,58,10477,17189
CTTTATCCGACGCATG-1,0,77,59,10364,17385
AAATGACTGATCAAAC-1,0,76,60,10252,17188
TTCGTGCATGTTATAG-1,0,77,61,10138,17384
ATCAAAGAGCCGTGGT-1,0,76,62,10026,17187
ATGTCATAATAAACGA-1,0,77,63,9912,17383
CTTAATCGACTTAGTA-1,0,76,64,9800,17186
CTAAAGGATGAGATAC-1,0,77,65,9686,17381
GTGCTATCCAGCTGGA-1,0,76,66,9574,17184
GACAGAGGTCTTCAGT-1,0,77,67,9460,17380
TCGATTTACGAAACGA-1,0,76,68,9348,17183
AGGCTTAAGTTGCACA-1,0,77,69,9235,17379
TAGGATCTTAACCGCA-1,0,76,70,9123,17182
GACTTTCGAGCGGTTC-1,0,77,71,9009,17378
CCCTGGGAGGGATCCT-1,0,76,72,8897,17181
TAGTAGTTGCCGGACA-1,0,77,73,8783,17377
GCCCTAAGTGCAGGAT-1,0,76,74,8671,17180
ACTTGGGCTTTCGCCA-1,0,77,75,8557,17376
CATGATACGGTGAAAC-1,0,76,76,8445,17179
TCCTGCAGCCGCCAAT-1,0,77,77,8331,17375
GTCCGTTAGAGGGCCT-1,0,76,78,8219,17178
GCTTTATTAAGTTACC-1,0,77,79,8106,17374
AATCGAGGTCTCAAGG-1,0,76,80,7994,17177
GTGCTGTTAGAACATA-1,0,77,81,7880,17373
GGCTTCTCGTGGGTGG-1,0,76,82,7768,17176
CCTACAGTTGAGGGAG-1,0,77,83,7654,17372
TATCCCTCGATCTGCA-1,0,76,84,7542,17175
CCGGTATCTGGCGACT-1,0,77,85,7428,17370
CTCTAACACCGGCAGC-1,0,76,86,7316,17173
CTTCATCACCAGGGCT-1,0,77,87,7202,17369
GGCTGGCAATCCCACG-1,0,76,88,7090,17172
CAAACCATAAGCGTAT-1,0,77,89,6977,17368
CATGTGGGCTCATCAC-1,0,76,90,6865,17171
CCCGTGACAGTGCCTT-1,0,77,91,6751,17367
GATTATCTTGCATTAT-1,0,76,92,6639,17170
GAGTCCACCAGGTTTA-1,0,77,93,6525,17366
TGTACTATCGCTCGTT-1,0,76,94,6413,17169
TTAGCGAATAGATAGG-1,0,77,95,6299,17365
ACATACAATCAAGCGG-1,0,76,96,6187,17168
ATTCGTGTACCCATTC-1,0,77,97,6073,17364
GCTAGCAACGCACCTA-1,0,76,98,5961,17167
ACCTCAGCGAGGCGCA-1,0,77,99,5848,17363
TCCGGGCCACTAACGG-1,0,76,100,5736,17166
TCCCAATATCGACGAC-1,0,77,101,5622,17362
GGATTGAAGTAGCCTC-1,0,76,102,5510,17165
GGCGCACAGTTTACCT-1,0,77,103,5396,17361
CCCGGCACGTGTCAGG-1,0,76,104,5284,17164
AGTAAGGGACAGAATC-1,0,77,105,5170,17359
TTGCGCACAACCACGT-1,0,76,106,5058,17162
CCTGCTACAACCATAC-1,0,77,107,4944,17358
CTGGGCTACTGGAGAG-1,0,76,108,4832,17161
AGCTACGAATGGTGGT-1,0,77,109,4719,17357
ATTCGTTTATCGTATT-1,0,76,110,4607,17160
GGCATTCCCTCCCTCG-1,0,77,111,4493,17356
AGTTATTCAGACTGTG-1,0,76,112,4381,17159
CCACTTTCCTTCTAGG-1,0,77,113,4267,17355
CGCAGTTCTATCTTTC-1,0,76,114,4155,17158
AGGAGCGTTTATTATC-1,0,77,115,4041,17354
GACAGGTAATCCGTGT-1,0,76,116,3929,17157
TTCCCAAAGTACTGAT-1,0,77,117,3815,17353
CTGCAGGGTGACGCTC-1,0,76,118,3703,17156
TCATGGAGGCCTTTGT-1,0,77,119,3590,17352
ATGGCCCGAAAGGTTA-1,0,76,120,3478,17155
CGTAATATGGCCCTTG-1,0,77,121,3364,17351
AGAGTCTTAATGAAAG-1,0,76,122,3252,17154
GAACGTTTGTATCCAC-1,0,77,123,3138,17350
ATTGAATTCCCTGTAG-1,0,76,124,3026,17153
TACCTCACCAATTGTA-1,0,77,125,2912,17348
AGTCGAATTAGCGTAA-1,0,76,126,2800,17151
TTGAAGTGCATCTACA-1,0,77,127,2686,17347
