ACGCCTGACACGCGCT-1,0,0,0,16738,1680
TACCGATCCAACACTT-1,0,1,1,16624,1877
ATTAAAGCGGACGAGC-1,0,0,2,16511,1680
GATAAGGGACGATTAG-1,0,1,3,16397,1876
GTGCAAATCACCAATA-1,0,0,4,16285,1679
TGTTGGCTGGCGGAAG-1,0,1,5,16171,1876
GCATCCTCTCCTATTA-1,0,0,6,16058,1678
GCGAGGGACTGCTAGA-1,0,1,7,15944,1875
TGGTACCGGCACAGCC-1,0,0,8,15832,1678
GCGCGTTTAAATCGTA-1,0,1,9,15718,1874
TGCCTTGCCCTTACGG-1,0,0,10,15605,1677
GACGACTTTCCAAGAA-1,0,1,11,15492,1874
CCAGTGAGCTCCTTGT-1,0,0,12,15379,1676
ATACCCTGGCTCAAAT-1,0,1,13,15265,1873
GGGTTTCCGGCTTCCA-1,0,0,14,15152,1676
TAACCGTCCAGTTCAT-1,0,1,15,15039,1872
AAACAACGAATAGTTC-1,0,0,16,14926,1675
CAAGGGAGTGTATTTG-1,0,1,17,14812,1872
CCAAGCTTGATCTCCT-1,0,0,18,14699,1675
TTATTTCATCCCAAAC-1,0,1,19,14586,1871
GAGCGCTATGTCAGGC-1,0,0,20,14473,1674
TATGGCAGACTTTCGA-1,0,1,21,14359,1871
CTTCGTGCCCGCATCG-1,0,0,22,14247,1673
AAACGGGTTGGTATCC-1,0,1,23,14133,1870
TGCAAACCCACATCAA-1,0,0,24,14020,1673
GACGGGATGTCTTATG-1,0,1,25,13906,1869
GGCGAGCATCGAGGAC-1,0,0,26,13794,1672
CGCGTGCTATCAACGA-1,0,1,27,13680,1869
TGAAACCTCAACTCAC-1,0,0,28,13567,1671
CACATAAGGCGACCGT-1,0,1,29,13453,1868
TGACCCAACTCACATT-1,0,0,30,13341,1671
ATACGCCGATCTACCG-1,0,1,31,13227,1867
ACTTATCTGATCTATA-1,0,0,32,13114,1670
GTGTGAGCCGAGGTGC-1,0,1,33,13000,1867
GATGATTTGAAACTGG-1,0,0,34,12888,1670
GGGAACCACCTGTTTC-1,0,1,35,12774,1866
GTTCGTTGCGGACCAG-1,0,0,36,12661,1669
TGAGGTTGATCCCAAG-1,0,1,37,12547,1866
GATGCCACACTACAGC-1,0,0,38,12435,1668
AGGCAAAGAGGAATCA-1,0,1,39,12321,1865
AAGTAAGCTTCCAAAC-1,0,0,40,12208,1668
AACGTAGTCTACCCAT-1,0,1,41,12095,1864
GTTTGAGCGGTTATGT-1,0,0,42,11982,1667
GAAGCAAGGCAATGTT-1,0,1,43,11868,1864
TCACTCAGCGCATTAG-1,0,0,44,11755,1666
TACAATGAAACCAGCA-1,0,1,45,11642,1863
GTGCGCTTACAAATGA-1,0,0,46,11529,1666
GCACTCCCACAGTCCC-1,0,1,47,11415,1862
CGAAGACTGCCCGGGA-1,0,0,48,11302,1665
CAGGATCCGCCCGACC-1,0,1,49,11189,1862
CACGATTGGTCGTTAA-1,0,0,50,11076,1665
GGTTGTATCGTGAAAT-1,0,1,51,10962,1861
TCTTATGGGTAGTACC-1,0,0,52,10850,1664
TACAAGCTGTTCACTG-1,0,1,53,10736,1861
GTATCTTGTTGCTCAC-1,0,0,54,10623,1663
ATACCAGGTGAGCGAT-1,0,1,55,10509,1860
CCTAAACAGGGTCCGT-1,0,0,56,10397,1663
ATGGTGCTCAAAGCCA-1,0,1,57,10283,1859
CAAATGCGGAGTGTTC-1,0,0,58,10170,1662
CGTGCCCGACATTTGT-1,0,1,59,10056,1859
GTATCTCCCTAACTGT-1,0,0,60,9944,1661
ATTTGCCTAGTTACGA-1,0,1,61,9830,1858
ACGTCCTAAACGAGAT-1,0,0,62,9717,1661
CTGGGATCGCCCAGAT-1,0,1,63,9603,1857
CTGCAAATGGGCTCCA-1,0,0,64,9491,1660
CATTATAACAGGGTCC-1,0,1,65,9377,1857
ACCTTTCCTTTAGAAG-1,0,0,66,9264,1660
ATAGATTTGCAGTCGG-1,0,1,67,9151,1856
CTCGGGCATCGTCGGG-1,0,0,68,9038,1659
GTGGCGGGCCGTAGCT-1,0,1,69,8924,1856
CAACAGTGCCAAACGG-1,0,0,70,8811,1658
TGCGGGTATTGGGATC-1,0,1,71,8698,1855
GTCTCGCCAACACGCC-1,0,0,72,8585,1658
CTGGGCGGCCAAATGT-1,0,1,73,8471,1854
TAAAGGAGAAACTAGT-1,0,0,74,8358,1657
TCCCACGGAGGGAGCT-1,0,1,75,8245,1854
AGCTTCAATACTTTGA-1,0,0,76,8132,1656
TTCCACATTTCTCGTC-1,0,1,77,8018,1853
ACAAACCGACAAGGCG-1,0,0,78,7905,1656
AGACGGGATTGGTATA-1,0,1,79,7792,1852
AACCTAAAGCCGTCCG-1,0,0,80,7679,1655
TACAAATTGCGGAGGT-1,0,1,81,7565,1852
CCCGCTAGAGGGTTAA-1,0,0,82,7453,1654
CATTGCAAAGCATAAT-1,0,1,83,7339,1851
TGTACGCTATCAGCTT-1,0,0,84,7226,1654
TTCTTCGCAATAGAGC-1,0,1,85,7112,1851
TGTGATTCCAGCGCTT-1,0,0,86,7000,1653
ATTCAGGATCGCCTCT-1,0,1,87,6886,1850
GCCCATGGGTGCAATG-1,0,0,88,6773,1653
TTCCCGACGCTTCACT-1,0,1,89,6659,1849
AGCGGTTGAGATGTAC-1,0,0,90,6547,1652
GCTGTCTGTGATCGAC-1,0,1,91,6433,1849
AAAGACATGAAGTTTA-1,0,0,92,6320,1651
CAACAGAATAACGCTA-1,0,1,93,6206,1848
TGCGGTCTACGAGTAA-1,0,0,94,6094,1651
AAGACTCACGCCCACT-1,0,1,95,5980,1847
CTTTGAAACATATTCC-1,0,0,96,5867,1650
CTGGGCACTAGTCGGA-1,0,1,97,5754,1847
CGCCCTTACATCCACC-1,0,0,98,5641,1649
CACGACCACAGACTTT-1,0,1,99,5527,1846
CAATCCATTATCCGTT-1,0,0,100,5414,1649
GTGGCGTGCACCAGAG-1,0,1,101,5301,1846
CGGAGTCCTAACCTGG-1,0,0,102,5188,1648
GGTCCCATAACATAGA-1,0,1,103,5074,1845
ATCTCATAAACCTACC-1,0,0,104,4961,1648
TGCATGGCAGTCTTGC-1,0,1,105,4848,1844
TTGCAGGTCATGAAGT-1,0,0,106,4735,1647
AGCTGCATTTGAGGTG-1,0,1,107,4621,1844
TAATCAGGAATGCTGC-1,0,0,108,4509,1646
CCATCATAAGAACAGG-1,0,1,109,4395,1843
TCGTATCACCAAGCTA-1,0,0,110,4282,1646
ATTCAGATGAATCCCT-1,0,1,111,4168,1842
AAAGGTCAACGACATG-1,0,0,112,4056,1645
AGCTGCTGTGCCGAAT-1,0,1,113,3942,1842
CTAGCGCCAATCCTAC-1,0,0,114,3829,1644
GCTCGACCGAACTGAA-1,0,1,115,3715,1841
ACAGTGCAGCGCATTT-1,0,0,116,3603,1644
CGGCTGAAGGTTACGC-1,0,1,117,3489,1841
CACCTCTACGAGTGTG-1,0,0,118,3376,1643
ATACGACAGATGGGTA-1,0,1,119,3262,1840
ACTTCCTGTCGTGCGA-1,0,0,120,3150,1643
CGTAACGGAACGATCA-1,0,1,121,3036,1839
AAATCACTCCTAAACG-1,0,0,122,2923,1642
CTCCGAGTAAATCCGC-1,0,1,123,2809,1839
ACGCTAGTATCAGTGC-1,0,0,124,2697,1641
AGAGTGAACAGACACC-1,0,1,125,2583,1838
ACACCCGTAAATCTGT-1,0,0,126,2470,1641
GCTTTGCTGCCGGGTA-1,0,1,127,2357,1837
ACAGGAGGCGCAGCCG-1,0,2,0,16737,2074
AGGCAATACGGAGGAC-1,0,3,1,16623,2271
TGGTGTGACAGACGAT-1,0,2,2,16510,2074
ATCTATCGATGATCAA-1,0,3,3,16396,2270
CGGTAACAAGATACAT-1,0,2,4,16284,2073
TCGCCGGAGAGTCTTA-1,0,3,5,16170,2270
GGAGGAGTGTGTTTAT-1,0,2,6,16057,2072
TTAGGTGTGACTGGTC-1,0,3,7,15943,2269
CAGGGCTAACGAAACC-1,0,2,8,15831,2072
CCCGTGGGTTAATTGA-1,0,3,9,15717,2268
GACCGACCGCTAATAT-1,0,2,10,15604,2071
GGTATCAAGCATAGAA-1,0,3,11,15490,2268
TGCATGAGTAGATTCG-1,0,2,12,15378,2070
AATTCCAACTTGGTGA-1,0,3,13,15264,2267
TGCCGATGTCATCAAT-1,0,2,14,15151,2070
GCTGGGTCCGCTGTTA-1,0,3,15,15038,2267
TGAACACCCGAAGCAG-1,0,2,16,14925,2069
AACATTGGTCAGCCGT-1,0,3,17,14811,2266
GTGGGTCTTCTTTGCG-1,0,2,18,14698,2069
CATCGAATGGATCTCT-1,0,3,19,14585,2265
GCTACACTGTCCGAAC-1,0,2,20,14472,2068
CGGGTTGTAGCTTTGG-1,0,3,21,14358,2265
CCTAAGTGTCTAACCG-1,0,2,22,14245,2067
TCTGTGACTGACCGTT-1,0,3,23,14132,2264
TTATCATACTCGCAAA-1,0,2,24,14019,2067
AGCGTAGCGCTAGACC-1,0,3,25,13905,2263
TCCCTCCGAAATCGTT-1,0,2,26,13793,2066
AGGTCGCCACTTCGGT-1,0,3,27,13679,2263
CTAGCAACTAATTTAC-1,0,2,28,13566,2065
TTGCTAGCTACCAATC-1,0,3,29,13452,2262
GCCGGTTTGGGCGGAT-1,0,2,30,13340,2065
TGTAACTTGTCAACCT-1,0,3,31,13226,2262
CGAGATGTTGCCTATA-1,0,2,32,13113,2064
GTTACGAAATCCACGC-1,0,3,33,12999,2261
CTTGTCGTACGTGTCA-1,0,2,34,12887,2064
GCGTCCAGCTCGTGGC-1,0,3,35,12773,2260
CCCTTCTCGTACGCGA-1,0,2,36,12660,2063
CCAAAGTCCCGCTAAC-1,0,3,37,12546,2260
CCGCTTCGCGGTTAAC-1,0,2,38,12434,2062
GTTACGGCCCGACTGC-1,0,3,39,12320,2259
CCCGCTTGCCCTCGTC-1,0,2,40,12207,2062
TAGTGAGAAGTGGTTG-1,0,3,41,12093,2258
CGCTACCGCCCTATGA-1,0,2,42,11981,2061
AAACAATCTACTAGCA-1,0,3,43,11867,2258
GCGCGATGGGTCAAGT-1,0,2,44,11754,2060
ATAAACCATTGGACGG-1,0,3,45,11641,2257
TCGGGCACTTCTGGAT-1,0,2,46,11528,2060
TCTGTGGCTACATTTC-1,0,3,47,11414,2257
CTCTGTGCCTGCTATG-1,0,2,48,11301,2059
CACGACTAAAGTTCTG-1,0,3,49,11188,2256
GAGGAGTAATTCCTAC-1,0,2,50,11075,2059
AGAGGTATCTCGGTCC-1,0,3,51,10961,2255
GGCGTACCCTATATAA-1,0,2,52,10848,2058
GCCGGAAACACATCTT-1,0,3,53,10735,2255
AAATGTGGGTGCTCCT-1,0,2,54,10622,2057
ACCAGGAGTGTGATCT-1,0,3,55,10508,2254
TGTGGAGGAAGCTTAA-1,0,2,56,10396,2057
AAGGAGAACTTATAAG-1,0,3,57,10282,2253
CCCTCGGGAGCCTTGT-1,0,2,58,10169,2056
ACTGTTTAGTGTAGGC-1,0,3,59,10055,2253
CGTCAGTTTATCGTCT-1,0,2,60,9943,2055
GCGTGTATGTCGTATT-1,0,3,61,9829,2252
ACAATCGATCTTTATA-1,0,2,62,9716,2055
CAGCCCTCACAGGCAG-1,0,3,63,9602,2252
CGCGTCATATTAAACC-1,0,2,64,9490,2054
GAAGACTTCAATGCCG-1,0,3,65,9376,2251
TTGCGGCGACTCATGC-1,0,2,66,9263,2054
ACCAAACTAGAAATCC-1,0,3,67,9149,2250
TTACTGTTTCTCTACG-1,0,2,68,9037,2053
GACCAGGTCATTCATA-1,0,3,69,8923,2250
TTCTTCCCTTTGATAT-1,0,2,70,8810,2052
ACGCCCAGCTGTCGAT-1,0,3,71,8696,2249
AGTAGCGTGAACGAAC-1,0,2,72,8584,2052
CCTCGACCCACTGCCT-1,0,3,73,8470,2248
AGTTATTGAAAGGTAA-1,0,2,74,8357,2051
TCAGTTACGGAATGAT-1,0,3,75,8244,2248
GAATCTATACTCGGAC-1,0,2,76,8131,2050
TCGGCTAACTTCCCTT-1,0,3,77,8017,2247
ACGTGGTCGAATGTGC-1,0,2,78,7904,2050
ATATCGTGCCAGACCC-1,0,3,79,7791,2247
GTAGCTAGTAAGCGCG-1,0,2,80,7678,2049
ACGCTTAGTGTCTCTC-1,0,3,81,7564,2246
TCCGGCCTGCATCGAT-1,0,2,82,7451,2049
TAGTGGAACTCATACA-1,0,3,83,7338,2245
ATCATCTGCCCAGTGT-1,0,2,84,7225,2048
GTTATTAAATACGACC-1,0,3,85,7111,2245
GCGCTAAGTATGCATG-1,0,2,86,6999,2047
CCTGACGCAACCTTTA-1,0,3,87,6885,2244
CCCAAGAATGCACGGT-1,0,2,88,6772,2047
AACTGGGTTCGAGCCG-1,0,3,89,6658,2243
GGTTCCACCCGCTTCT-1,0,2,90,6546,2046
CATGCACGTGTTACTG-1,0,3,91,6432,2243
AGCGTTCCGATTTAAA-1,0,2,92,6319,2045
CCTACGCGACCTTACA-1,0,3,93,6205,2242
CGAATTACATGGTGTT-1,0,2,94,6093,2045
GAGGTCTTAGTGGGTC-1,0,3,95,5979,2241
GCCGCTAGATACGCAG-1,0,2,96,5866,2044
GTCACCTGTCTATGTC-1,0,3,97,5752,2241
CCGATTGGTCAATGAA-1,0,2,98,5640,2044
CCTGTGCGGATTGTAA-1,0,3,99,5526,2240
TTACGTAGCGCGTGCT-1,0,2,100,5413,2043
GGAGGCGAAGAACCGC-1,0,3,101,5300,2240
GGGTCACGTGCTTATG-1,0,2,102,5187,2042
GCTCCGGACGTTGATA-1,0,3,103,5073,2239
ATGTTTGTAAGATCAT-1,0,2,104,4960,2042
TGACCCAGCATTCCCG-1,0,3,105,4847,2238
TGGTCGTTTGATAGAT-1,0,2,106,4734,2041
TGTAATGCCTTCGGAC-1,0,3,107,4620,2238
TGCTCACACAACAACC-1,0,2,108,4507,2040
TACGATCCAAGCCACT-1,0,3,109,4394,2237
TTGTAACTTCATAGCG-1,0,2,110,4281,2040
AGATTCAAGCGGGTCG-1,0,3,111,4167,2236
CTCAGCAGACTGCCGA-1,0,2,112,4054,2039
GTAACATCAGCTCATC-1,0,3,113,3941,2236
ATGGAACAGAATAAAC-1,0,2,114,3828,2039
GGGCCTATACAACCGG-1,0,3,115,3714,2235
TCAAACAATTAGGACA-1,0,2,116,3602,2038
AAACCACTACACAGAT-1,0,3,117,3488,2235
AAACGACAGTCTTGCC-1,0,2,118,3375,2037
TTGAGGGTCGAACGCG-1,0,3,119,3261,2234
TGTTGATCACTGTTTA-1,0,2,120,3149,2037
AGGGTGTGCTACACGC-1,0,3,121,3035,2233
GTAGTTAGACAATATA-1,0,2,122,2922,2036
AATGGCCGCCAATGCG-1,0,3,123,2808,2233
TCGGCGGTATTAGATT-1,0,2,124,2696,2035
GGGTCACTGAGTAGTG-1,0,3,125,2582,2232
GAATTATGCAACCTAC-1,0,2,126,2469,2035
GATCTTAGTGAACGTG-1,0,3,127,2355,2231
CTAATGCGCCCAACAA-1,0,4,0,16735,2468
GCCACCCATTCCACTT-1,0,5,1,16622,2665
TACTCACAACGTAGTA-1,0,4,2,16509,2468
GTTCGGTGTGGATTTA-1,0,5,3,16395,2664
TCTTTCGGCGGGACAC-1,0,4,4,16283,2467
GGAGACATTCACGGGC-1,0,5,5,16169,2664
GGGATTATCTCACAAC-1,0,4,6,16056,2466
TAGAACGCCAGTAACG-1,0,5,7,15942,2663
ACGAGTCGCCGGCGTT-1,0,4,8,15830,2466
TGATGGGACTAAGTCA-1,0,5,9,15716,2662
TGCGAGAAACGTTACG-1,0,4,10,15603,2465
TCGCCTCGACCTGTTG-1,0,5,11,15489,2662
AACTCGATAAACACGT-1,0,4,12,15377,2465
AGGAAAGCCTCTGATG-1,0,5,13,15263,2661
GAAGGACTAAATTGAA-1,0,4,14,15150,2464
GTATCGGGACGAGCTG-1,0,5,15,15036,2661
CCTGTGCATAGGAGAC-1,0,4,16,14924,2463
CATACGGGTGCATGAT-1,0,5,17,14810,2660
CCACTAAACTGAATCG-1,0,4,18,14697,2463
AAATTGCGGCGGTTCT-1,0,5,19,14583,2659
AGTCCAGCGGGTACGT-1,0,4,20,14471,2462
CATTCAGGTCAGTGCG-1,0,5,21,14357,2659
CTAAAGTCCGAAGCTA-1,0,4,22,14244,2461
AATCAGACTGCAGGAC-1,0,5,23,14131,2658
AGTATCCATAATAACG-1,0,4,24,14018,2461
CTGGCTGCTAACGTAA-1,0,5,25,13904,2657
GTTCCAAGACAGCGAC-1,0,4,26,13791,2460
AAGACTAACCCGTTGT-1,0,5,27,13678,2657
GATTAATCCTGGCTCA-1,0,4,28,13565,2459
CGCGCAAGGAACTACA-1,0,5,29,13451,2656
CAGTAGCGAGGTAGTA-1,0,4,30,13338,2459
ACGGCGGGTTGCCCTG-1,0,5,31,13225,2656
CTAGGCGGCAGAGAAT-1,0,4,32,13112,2458
GTGCGCAGCTTGCTCC-1,0,5,33,12998,2655
TCACTATCGTGCAATC-1,0,4,34,12886,2458
TATGATTCTGCTTGGT-1,0,5,35,12772,2654
TAAGATTTAGCGGGAG-1,0,4,36,12659,2457
TTACGGTGTCACCGAG-1,0,5,37,12545,2654
CTACACTAGCTTGTTC-1,0,4,38,12433,2456
TGAGCAGTCGTGAAGT-1,0,5,39,12319,2653
CGCTGAGGACGTCCAA-1,0,4,40,12206,2456
GTGTATGACTTTAAAG-1,0,5,41,12092,2652
CTAAACGGGTGTAATC-1,0,4,42,11980,2455
TGTACTGTGCCAAAGT-1,0,5,43,11866,2652
GGCCACAAGCGATGGC-1,0,4,44,11753,2454
GTCAATTGTACTGAAG-1,0,5,45,11639,2651
AGGGACAGCACGGCGG-1,0,4,46,11527,2454
AGCTTATAGAGACCTG-1,0,5,47,11413,2651
AACTAGCGTATCGCAC-1,0,4,48,11300,2453
AACTTTAGCTGCTGAG-1,0,5,49,11187,2650
CCCAAGACAGAGTATG-1,0,4,50,11074,2453
GGCATCAACGAGCACG-1,0,5,51,10960,2649
ATGCATTCCGTGATGG-1,0,4,52,10847,2452
TTATAGATGCACATTA-1,0,5,53,10734,2649
GAACCATCTGGGAGAC-1,0,4,54,10621,2451
TGCTATACAAACGGAC-1,0,5,55,10507,2648
ACTTGCCATATTGTAC-1,0,4,56,10394,2451
TATTCCGGCAGTCCTA-1,0,5,57,10281,2647
GACGGACCGCGTTCCT-1,0,4,58,10168,2450
ATGTGTAGTTTAGTCA-1,0,5,59,10054,2647
ATACCAGCAAATTGCT-1,0,4,60,9942,2449
AAGTTTACTAATGGCA-1,0,5,61,9828,2646
CTCTCGATGTGCGCCT-1,0,4,62,9715,2449
GATTGACACTCTGCTC-1,0,5,63,9601,2646
TATCACAGCACGGGCA-1,0,4,64,9489,2448
ACCGTTCCCGCTCTGA-1,0,5,65,9375,2645
CCGCCACCACAATCCA-1,0,4,66,9262,2448
CATTCACTGACAGCTA-1,0,5,67,9148,2644
CGGCTGCAAGATTAAG-1,0,4,68,9036,2447
CATGAACCTCTTATCA-1,0,5,69,8922,2644
TTAATGCGAGGTAACT-1,0,4,70,8809,2446
AATAAGTCCTCGAGAC-1,0,5,71,8695,2643
ACCAGCCCGGTCTTTG-1,0,4,72,8583,2446
CTACGAACTAGGTCGA-1,0,5,73,8469,2642
ACATCTCAACGCGTAA-1,0,4,74,8356,2445
CACTACTCAGTTCTGT-1,0,5,75,8242,2642
CCGACTCGCATAGTCT-1,0,4,76,8130,2444
CATTTATCGTTCAAGA-1,0,5,77,8016,2641
CAAACGTGGTCTTGCG-1,0,4,78,7903,2444
TAGAAACCACTAAGTA-1,0,5,79,7790,2641
ACTGATTTAGTGATTC-1,0,4,80,7677,2443
TCGTATTTCGTCCGGA-1,0,5,81,7563,2640
CGGAAATTTCACATCC-1,0,4,82,7450,2443
ATCCACGCTAAATGTT-1,0,5,83,7337,2639
GTTCAATCTATGTCAA-1,0,4,84,7224,2442
ATAAAGGTCAAGTACG-1,0,5,85,7110,2639
CAACTCCAACGTTTAG-1,0,4,86,6997,2441
TAGGAACAGCCTCCAG-1,0,5,87,6884,2638
ATGGGAACGGAAGCGG-1,0,4,88,6771,2441
CACACGTTTCAATGGG-1,0,5,89,6657,2637
GGTGTTCTGTTTCTAC-1,0,4,90,6545,2440
AGTAACGTTCATCCTG-1,0,5,91,6431,2637
GTATAGTGGCCCATGT-1,0,4,92,6318,2439
TCTACACGTTCATGCA-1,0,5,93,6204,2636
AATCTGGGTAGACCCT-1,0,4,94,6092,2439
TCGGTTAGCCATGTAG-1,0,5,95,5978,2636
TGCCATGGCTTATAAG-1,0,4,96,5865,2438
TAAGTAAATGTGCCGC-1,0,5,97,5751,2635
GTGTCCGATAAGGCAT-1,0,4,98,5639,2438
TGGCACGAGCTCGAGT-1,0,5,99,5525,2634
ACCGGTCTGAGTACGG-1,0,4,100,5412,2437
GAACTTAGCGCCCGGT-1,0,5,101,5298,2634
AGTAGCTAGACGCCGA-1,0,4,102,5186,2436
ATAGGAATCTAAGCTT-1,0,5,103,5072,2633
CTTCCTGCATATTTAC-1,0,4,104,4959,2436
CAATATGTAGATTTAC-1,0,5,105,4845,2632
ACAAGGCCTACCAGCC-1,0,4,106,4733,2435
TTATAGTCCAAGGTGC-1,0,5,107,4619,2632
AAACGCCCGAGATCGG-1,0,4,108,4506,2434
CCTCGTTACGCCTGTT-1,0,5,109,4393,2631
GAACGGTGTAAAGCAG-1,0,4,110,4280,2434
ACGCATAAATGACATG-1,0,5,111,4166,2631
GGTTCGATGCTGAGTT-1,0,4,112,4053,2433
CTTTGGCAGACAGAGT-1,0,5,113,3940,2630
TTCGTGGGCTGGAAGC-1,0,4,114,3827,2433
CAAAGGTTAAATTCAG-1,0,5,115,3713,2629
GTTTGGCGTCAGGCAC-1,0,4,116,3600,2432
GCTTTCTATCTCAACT-1,0,5,117,3487,2629
TGCATCTCCGGATCTT-1,0,4,118,3374,2431
CTGAAACGGCCCTCAG-1,0,5,119,3260,2628
TAGCAGTAAATACGCG-1,0,4,120,3148,2431
CGGGCTACTTAAATTG-1,0,5,121,3034,2627
ATTATGCTCAGTATTG-1,0,4,122,2921,2430
TGATGCTCACGTAGTC-1,0,5,123,2807,2627
GTCTAAGATGCCCAGC-1,0,4,124,2695,2429
AACCCGATAGGGCTTC-1,0,5,125,2581,2626
CGCTATCGTGGCTTTA-1,0,4,126,2468,2429
CGTCTCTCGCCGAGGC-1,0,5,127,2354,2626
AGTGGGAGTATACACG-1,0,6,0,16734,2862
GGTCTTGGTGTTAACT-1,0,7,1,16621,3059
GGCTGGCAGCTTTATG-1,0,6,2,16508,2862
CGCCAATTATTGCGTT-1,0,7,3,16394,3058
GGTAACCGGCAAAGGT-1,0,6,4,16281,2861
TGGGACCATTGGGAGT-1,0,7,5,16168,3058
CTGCAGGTGCTCGGCC-1,0,6,6,16055,2860
CCGGTGCGAGTGATAG-1,0,7,7,15941,3057
GGGTACACTCTGGAGG-1,0,6,8,15829,2860
TAGCCAGAGGGTCCGG-1,0,7,9,15715,3057
CTTGTGAGGACAGCGG-1,0,6,10,15602,2859
GAAGGGCATAACCATG-1,0,7,11,15488,3056
CAACATGGCCTGATAA-1,0,6,12,15376,2859
CAATTTGACCGGGAAG-1,0,7,13,15262,3055
TCTGACTGTAATGGTT-1,0,6,14,15149,2858
TTCATAGCCTTGTAAC-1,0,7,15,15035,3055
TGGAAACGGAGTGAAC-1,0,6,16,14923,2857
ATCGCACGATTGTTCA-1,0,7,17,14809,3054
CGCCACCCGCATTAAC-1,0,6,18,14696,2857
TGGACCACGGCGTTGA-1,0,7,19,14582,3053
GTATATGTTACGGCGG-1,0,6,20,14470,2856
GTATTCTTACCGTGCT-1,0,7,21,14356,3053
TTCAGAGTAACCTGAC-1,0,6,22,14243,2855
GCGGTAACCCAAATGA-1,0,7,23,14129,3052
CTACGTGTTGCCACCA-1,0,6,24,14017,2855
CTAGATAAACTCCTCG-1,0,7,25,13903,3052
TCCATTAGTTGGATAG-1,0,6,26,13790,2854
CTGGCTCCTGCGGGAT-1,0,7,27,13677,3051
CAGTCTCTCGGCTAAT-1,0,6,28,13564,2854
GTATGACGTGGGAAAC-1,0,7,29,13450,3050
AGTCACTCCGCCTCAT-1,0,6,30,13337,2853
GCAGCGGTGGGCATTA-1,0,7,31,13224,3050
TATGGAGTTTCTCGTT-1,0,6,32,13111,2852
ACTCAACGAATGTATT-1,0,7,33,12997,3049
AACACGCGGCCGCGAA-1,0,6,34,12884,2852
CGATATTAGCCGCAGG-1,0,7,35,12771,3048
AGCGTCTGAACCCGCA-1,0,6,36,12658,2851
GATGTCCGGATCACAT-1,0,7,37,12544,3048
GGTCACGTTAGATTCA-1,0,6,38,12432,2850
TTAAGGATACGGAGGT-1,0,7,39,12318,3047
GTGCGGGACCATCGGC-1,0,6,40,12205,2850
CCATCTTGTTCACAAT-1,0,7,41,12091,3046
TCCGAGAAGGCTAAGC-1,0,6,42,11979,2849
TGGCGGTGTGCGATTG-1,0,7,43,11865,3046
ATCCTGCTGCAGATAG-1,0,6,44,11752,2849
TTATGCGTCCCGGTCC-1,0,7,45,11638,3045
CATAATGAGCGGGCGA-1,0,6,46,11526,2848
AGACATAGATCCTTCC-1,0,7,47,11412,3045
GGTGAAACCGGGAATG-1,0,6,48,11299,2847
AACTGGTGTGGGCCTT-1,0,7,49,11185,3044
GTAGCGCTGTTGTAGT-1,0,6,50,11073,2847
TTGTTTGTGTAAATTC-1,0,7,51,10959,3043
GGATCAAAGGACGAGG-1,0,6,52,10846,2846
CGTAGCGCCGACGTTG-1,0,7,53,10732,3043
CAAGTGAACTTTGGTT-1,0,6,54,10620,2845
GTAGACAACCGATGAA-1,0,7,55,10506,3042
CAATGGTCGGCCTGGG-1,0,6,56,10393,2845
ACAGATTAGGTTAGTG-1,0,7,57,10280,3041
GTTATCACCTTCTGAA-1,0,6,58,10167,2844
TGGTATCGGTCTGTAT-1,0,7,59,10053,3041
GGAATAACCTCAAGAA-1,0,6,60,9940,2844
ATTATCTCGACAGATC-1,0,7,61,9827,3040
CCGAGGGATGTTAGGC-1,0,6,62,9714,2843
TGAGATCAAATACTCA-1,0,7,63,9600,3040
AAACGAAGAACATACC-1,0,6,64,9487,2842
CTGGTCCTAACTTGGC-1,0,7,65,9374,3039
TGCACGAGTCGGCAGC-1,0,6,66,9261,2842
ATAGTCTTTGACGTGC-1,0,7,67,9147,3038
TGGAGCTAAAGTTCCC-1,0,6,68,9035,2841
GGGTGGTCCAGCCTGT-1,0,7,69,8921,3038
CATGCATGGAGACCCT-1,0,6,70,8808,2840
ACACGGCACTATGCAT-1,0,7,71,8694,3037
CCCTGGTATGGGCGGC-1,0,6,72,8582,2840
GGAGGATTGAAAGGAG-1,0,7,73,8468,3036
CCGCTGGTGCCATTCA-1,0,6,74,8355,2839
GTTAGAGTGTGCCGCT-1,0,7,75,8241,3036
TCGGAATGACCATCAA-1,0,6,76,8129,2839
TTCAATTAGCCATAAT-1,0,7,77,8015,3035
GATGTGTTGTCACAAG-1,0,6,78,7902,2838
TCTTTCTCTTAAGGAG-1,0,7,79,7788,3035
ACCCTTTAGTTCTCCA-1,0,6,80,7676,2837
ACCACAACTCAGAACA-1,0,7,81,7562,3034
TATGATAAATCTAACG-1,0,6,82,7449,2837
GATCCTCTTGCGCTTA-1,0,7,83,7336,3033
TTCTACCTTTATGTTG-1,0,6,84,7223,2836
GAAATACCTGCTGGCT-1,0,7,85,7109,3033
ATTCTGAGTATGAACT-1,0,6,86,6996,2835
GGATTAAGCTAAGGTC-1,0,7,87,6883,3032
AGTACGTGGCCTGTCT-1,0,6,88,6770,2835
TCAGGGTGCACGAAAC-1,0,7,89,6656,3031
AAATTTACCGAAATCC-1,0,6,90,6543,2834
TTGAGGCATTTAACTC-1,0,7,91,6430,3031
AACCAGTATCACTCTT-1,0,6,92,6317,2834
CACCGGAGATATCTCC-1,0,7,93,6203,3030
GACTGGGCGCCGCAAC-1,0,6,94,6091,2833
CACGTCTATGATGTGG-1,0,7,95,5977,3030
TTAAGACGAACGAACC-1,0,6,96,5864,2832
TGACCAGCTTCAAAGT-1,0,7,97,5750,3029
AGAGTTAGAGACCGAT-1,0,6,98,5638,2832
TTCGGACTGATGCCTT-1,0,7,99,5524,3028
CTCGAATGGAACGTAT-1,0,6,100,5411,2831
GGACGGCTTGCGCAAC-1,0,7,101,5297,3028
CTAAGTACAGGGCTAC-1,0,6,102,5185,2830
ACAAATTCAGATCTGA-1,0,7,103,5071,3027
CATGGAAATGGGACCA-1,0,6,104,4958,2830
GGTGGACCACGTGTTA-1,0,7,105,4844,3026
CACGACGTAATAGTAA-1,0,6,106,4732,2829
CGGGTTCGGCACGTAT-1,0,7,107,4618,3026
CTGGGCTATCCTTTGG-1,0,6,108,4505,2829
GTATTAGGGTTCGCGT-1,0,7,109,4391,3025
TCATTCGTATAATTTG-1,0,6,110,4279,2828
AATAGCAAGCCTCCTG-1,0,7,111,4165,3025
CATCTACCCGAGAACG-1,0,6,112,4052,2827
GCTTCAGTGGGATTAC-1,0,7,113,3939,3024
TCTGTGATGGAGGTTG-1,0,6,114,3826,2827
ATCCACTTTCAGACTA-1,0,7,115,3712,3023
ATGGTTACGAAACATG-1,0,6,116,3599,2826
GGCCCAATCTAGAGGG-1,0,7,117,3486,3023
GATGGTGAAATAACCC-1,0,6,118,3373,2825
AGAGGGACAATTGTCC-1,0,7,119,3259,3022
CGCGTACATTCTGGAA-1,0,6,120,3146,2825
CAAGAAACCCTAAACT-1,0,7,121,3033,3021
TTGGTGCGGTGTTGAA-1,0,6,122,2920,2824
GGTTCCCTAGTGTCTC-1,0,7,123,2806,3021
CGATAACCAATTTGAG-1,0,6,124,2694,2823
GCCCACTGGTCCACAA-1,0,7,125,2580,3020
GAGGGCCGGCAGAGTC-1,0,6,126,2467,2823
CGACACGGATGCCCAC-1,0,7,127,2353,3020
CTGTCTGTGGCTGGCT-1,0,8,0,16733,3256
ATATTATCCCGTATTT-1,0,9,1,16620,3453
GCGCTGGCGGAAAGTC-1,0,8,2,16507,3256
ATCTAACGTCCCTATG-1,0,9,3,16393,3452
GTCAGACAGCGTTGGA-1,0,8,4,16280,3255
GCCAGGCTTAGTGGTA-1,0,9,5,16167,3452
ATTCAAAGTACCTGTT-1,0,8,6,16054,3254
TGGACGTAGGCGAATC-1,0,9,7,15940,3451
ACACATTGACGCAACA-1,0,8,8,15827,3254
GATATCAGTATGTATC-1,0,9,9,15714,3451
TGGGCCTTGCCTGCAT-1,0,8,10,15601,3253
CAAAGTCAGGTTAGCT-1,0,9,11,15487,3450
GGATCCCTACCAGCTA-1,0,8,12,15374,3253
ATCGTCCAATCGAGTC-1,0,9,13,15261,3449
ACATGGCTCAATTTAG-1,0,8,14,15148,3252
AGGCCCAGTGACTGGT-1,0,9,15,15034,3449
GCTTCCAGCTTAGATT-1,0,8,16,14922,3251
TGCTTGAAACCATGCA-1,0,9,17,14808,3448
CAATATTGGACTAGTG-1,0,8,18,14695,3251
CGTGCTGGCCTAGTCG-1,0,9,19,14581,3447
CCTGCGATAGAACTGT-1,0,8,20,14469,3250
GGGTAATGCTGTGTTT-1,0,9,21,14355,3447
AACGCGAACGGCAACA-1,0,8,22,14242,3249
TGTCGGCATGGTGGAA-1,0,9,23,14128,3446
AGCGTACGAGAGCTAG-1,0,8,24,14016,3249
ATACTCTCGCCACTCT-1,0,9,25,13902,3446
AATCCATGCAAGGGTG-1,0,8,26,13789,3248
TTAAACAGAGTCCCGC-1,0,9,27,13675,3445
CCACAGCTGAAATCAT-1,0,8,28,13563,3248
CGGTTCCGGCTTCTTG-1,0,9,29,13449,3444
GACGTGAGACTCCATG-1,0,8,30,13336,3247
TCGTTGGCTCGTCAAT-1,0,9,31,13223,3444
GGTGAACGGGCTAGCC-1,0,8,32,13110,3246
GCACTGTGCAAATGTA-1,0,9,33,12996,3443
ACGAGAACCCATCACG-1,0,8,34,12883,3246
CCAGCTACGCCTCATA-1,0,9,35,12770,3442
TCCCGGTCAGGAATTT-1,0,8,36,12657,3245
TCGCATTCAATGACTT-1,0,9,37,12543,3442
CTGGTTCAACGCATCA-1,0,8,38,12430,3244
GGTGATTTCATCTTGT-1,0,9,39,12317,3441
CACCCTTTCCTCGCTC-1,0,8,40,12204,3244
CAACTTGTAGTGGGCA-1,0,9,41,12090,3441
AATATCAAGGTCGGAT-1,0,8,42,11978,3243
ACTCAGACCTGCTTCT-1,0,9,43,11864,3440
TTGGAGTCTCCCTTCT-1,0,8,44,11751,3243
GGATACTCATGAATTG-1,0,9,45,11637,3439
TGGGCACAAACAGAAC-1,0,8,46,11525,3242
GAGCCACGGTAGTAGG-1,0,9,47,11411,3439
TCGATAGGCTAGTCGC-1,0,8,48,11298,3241
TAACCGCCCGCAGTGC-1,0,9,49,11184,3438
GCCTATTTGCTACACA-1,0,8,50,11072,3241
TTGACGATTCAGCACG-1,0,9,51,10958,3437
TTAAACCGGTAGCGAC-1,0,8,52,10845,3240
ACCGAAAGGGCCCTGC-1,0,9,53,10731,3437
ACGTTCCGCGCTCCGT-1,0,8,54,10619,3239
ATACCAGGCTAATAGA-1,0,9,55,10505,3436
CGGCTTTGTATGATAA-1,0,8,56,10392,3239
CTTGACCCGAAAGATA-1,0,9,57,10278,3436
CGCAGAAACATTTGCG-1,0,8,58,10166,3238
GACCCGTCGCCGGCTA-1,0,9,59,10052,3435
AATCGGGACACTACGA-1,0,8,60,9939,3238
GTCACAAAGTTTCCAA-1,0,9,61,9826,3434
TATATTCGCGTCGATA-1,0,8,62,9713,3237
CCTCCCGACAATCCCT-1,0,9,63,9599,3434
CGACATGCGATCTTCT-1,0,8,64,9486,3236
AACACGACTGTACTGA-1,0,9,65,9373,3433
CCCAACCACACTAACA-1,0,8,66,9260,3236
CACCGCCGACCAGCGA-1,0,9,67,9146,3432
TGGTATCGCATCCCAA-1,0,8,68,9033,3235
CAGAGTGATTTAACGT-1,0,9,69,8920,3432
AACCCTGGTGGAACCA-1,0,8,70,8807,3234
GTCAGTTGTGCTCGTT-1,0,9,71,8693,3431
ATTGACGTAACTCGGT-1,0,8,72,8581,3234
GATGTCGGTCAACTGC-1,0,9,73,8467,3431
AGGGCAGCGGCGTGGT-1,0,8,74,8354,3233
ACATCGTTAACCTAGT-1,0,9,75,8240,3430
TCCATTGTGACCTCGT-1,0,8,76,8128,3233
TGTTTAATACTTCATC-1,0,9,77,8014,3429
TTGCTGGCCGGGCTTC-1,0,8,78,7901,3232
CATATTATTTGCCCTA-1,0,9,79,7787,3429
CTGCCTAGCCACCAAG-1,0,8,80,7675,3231
ACGAGATATTTGCTTA-1,0,9,81,7561,3428
GACTACAATTGCTCGT-1,0,8,82,7448,3231
AACGTGATGAAGGACA-1,0,9,83,7334,3427
ACTCTCTTATACACGA-1,0,8,84,7222,3230
CGCATCATGGCTTCAG-1,0,9,85,7108,3427
CGGCTCTTCGTCGAAC-1,0,8,86,6995,3229
ATTCTTCGTACTTATG-1,0,9,87,6882,3426
AGTGAGGGTTTCTGAC-1,0,8,88,6769,3229
GCCAGGCGTTCGCATG-1,0,9,89,6655,3426
GACTAACACAGCACCT-1,0,8,90,6542,3228
CAATGGAATCTACATA-1,0,9,91,6429,3425
GTGGTCAGCGAAGTAT-1,0,8,92,6316,3228
ATGGCTGGAAATGGCC-1,0,9,93,6202,3424
ATCAGGTCGCCATTGC-1,0,8,94,6089,3227
TATCACCATGTAAAGT-1,0,9,95,5976,3424
AGCGCTTATGGGCAAG-1,0,8,96,5863,3226
AAGCGGCGTCATGGGT-1,0,9,97,5749,3423
ACTAATACGTCAGGCG-1,0,8,98,5636,3226
GGCTGAGCATCGTAAG-1,0,9,99,5523,3422
CGGTTGGGTTCAAGTT-1,0,8,100,5410,3225
GACTGATTGGTCACAA-1,0,9,101,5296,3422
AGACGGGCCGATTTAA-1,0,8,102,5184,3224
ACCAGTGCCCGGTCAA-1,0,9,103,5070,3421
GTCCTTTAATGACTTC-1,0,8,104,4957,3224
CCTACAAGTCCGGAAT-1,0,9,105,4843,3421
GCCTGCTACACTGAGA-1,0,8,106,4731,3223
GACTCGGTCGGCGGAT-1,0,9,107,4617,3420
CTAGACATATATGTAG-1,0,8,108,4504,3223
TCGCCCAACTGACTCC-1,0,9,109,4390,3419
AAACTAACGTGGCGAC-1,0,8,110,4278,3222
AACTGAGGTCAGCGTC-1,0,9,111,4164,3419
ACAATGATTCTTCTAC-1,0,8,112,4051,3221
ATAAGTACCCGATTGT-1,0,9,113,3937,3418
ATTGGGAGTTCTGTAA-1,0,8,114,3825,3221
CGAACATAGTCAGAAA-1,0,9,115,3711,3417
TAGCTCAGATCCTAGT-1,0,8,116,3598,3220
GTGTCGTATTCACCTT-1,0,9,117,3485,3417
CTCACCGATCCAAACT-1,0,8,118,3372,3219
ATATGTGCACAAACCA-1,0,9,119,3258,3416
CAGTCCAACGCCTTCT-1,0,8,120,3145,3219
TCGTCCGGGTACACTC-1,0,9,121,3032,3416
GCAGAAACGTAATCCA-1,0,8,122,2919,3218
TTCGAGCCGGCGCTAC-1,0,9,123,2805,3415
GGAAGATAAGACTGTA-1,0,8,124,2692,3218
ATAAGCAAACACCGAG-1,0,9,125,2579,3414
GCATAAATTGAACGCC-1,0,8,126,2466,3217
CGCCGGTGTCGCAGTA-1,0,9,127,2352,3414
GACCTGGTCTGGGCGT-1,0,10,0,16732,3650
AGCCGCTTGATTAGCG-1,0,11,1,16618,3847
CCCGGCTAGGTGAGAA-1,0,10,2,16506,3650
CGAGCCGAGCACTCGA-1,0,11,3,16392,3846
TAGTGCTTGAATCCTT-1,0,10,4,16279,3649
CAACCGCACCTAGACA-1,0,11,5,16165,3846
ACCACTGTTCAAGAAG-1,0,10,6,16053,3649
AGATGCTATAACGAGC-1,0,11,7,15939,3845
AATTACTCGTACGCTC-1,0,10,8,15826,3648
CGTCAATCTTTAACAT-1,0,11,9,15713,3845
CCAAAGCAGTTGGTTG-1,0,10,10,15600,3647
CCATATTGGATCATGA-1,0,11,11,15486,3844
CGTACCGAAAGTCTAG-1,0,10,12,15373,3647
CTCGAGATCCAAAGCA-1,0,11,13,15260,3843
TGGATAGAGTAACAGA-1,0,10,14,15147,3646
TCACAGATCCTCAAAC-1,0,11,15,15033,3843
AGAGCTACGAAAGCAT-1,0,10,16,14920,3645
TGCGTGATTGGGTGTC-1,0,11,17,14807,3842
CACATGTTTGGACATG-1,0,10,18,14694,3645
TTCGCATCCGGAAGCA-1,0,11,19,14580,3841
CCCTAGTGTCAGGTGT-1,0,10,20,14468,3644
TTACCGCCTTAGGGAA-1,0,11,21,14354,3841
CCAGTCCATTATTCGA-1,0,10,22,14241,3644
CGTAAACGCTTGAGTG-1,0,11,23,14127,3840
ATTCCTTCCAGGCGGT-1,0,10,24,14015,3643
TTCCTTTCTGTGTTGC-1,0,11,25,13901,3840
AGTTGACATCGGCTGG-1,0,10,26,13788,3642
AACTCGATGGCGCAGT-1,0,11,27,13674,3839
GATAAGGCAGATGCAA-1,0,10,28,13562,3642
GGCTGGCTAGCTTAAA-1,0,11,29,13448,3838
CCTCATGCAGCTACGA-1,0,10,30,13335,3641
GACGCCTGTTGCAGGG-1,0,11,31,13221,3838
TAATTAGATGGATATG-1,0,10,32,13109,3640
GAGGGCATCGCGTATC-1,0,11,33,12995,3837
CTTGTGAGTCTTTGAC-1,0,10,34,12882,3640
TCAACACATTGGGTAA-1,0,11,35,12769,3836
ACTGTATACGCGAGCA-1,0,10,36,12656,3639
GTGAAACGTGCTCCAC-1,0,11,37,12542,3836
CGAGTGCTATAGTTCG-1,0,10,38,12429,3639
GTACTGCATGAAGCGT-1,0,11,39,12316,3835
GTAACTTGCGGCAGTC-1,0,10,40,12203,3638
GAATCGCCGGACACGG-1,0,11,41,12089,3835
GGGAGTAATGGCTGGC-1,0,10,42,11976,3637
CATGAACCGACATTTG-1,0,11,43,11863,3834
TCTGTCATACAAGAGC-1,0,10,44,11750,3637
GTCGTCAATTATAAGG-1,0,11,45,11636,3833
TAAAGAGCCCGAAACC-1,0,10,46,11523,3636
GTACTGAGGTCGTAAC-1,0,11,47,11410,3833
AAAGACCCAAGTCGCG-1,0,10,48,11297,3635
CGTCAGTGCGCACAAG-1,0,11,49,11183,3832
TGTATCCTTATTCCAT-1,0,10,50,11071,3635
ATTCTCGTCTCTTTAG-1,0,11,51,10957,3831
AAAGTCACTGATGTAA-1,0,10,52,10844,3634
TGTCTACAGTTTCTGT-1,0,11,53,10730,3831
TTAACGTCGCAAGACC-1,0,10,54,10618,3634
CTATGTCTATTGAAAC-1,0,11,55,10504,3830
TCGGGTGAAACTGCTA-1,0,10,56,10391,3633
TGTCCCGACATAGCAC-1,0,11,57,10277,3830
ACAGCATAGAGCCAGT-1,0,10,58,10165,3632
ATATTCCCACAGGTCA-1,0,11,59,10051,3829
TTGGATCGACTTCTGG-1,0,10,60,9938,3632
CACCATCGGAGGAGAC-1,0,11,61,9824,3828
TCGTTCGTTATTATGT-1,0,10,62,9712,3631
CTTAACTTCGAAGTAC-1,0,11,63,9598,3828
GCACAAGTGTCGGAAG-1,0,10,64,9485,3630
TACCAGCTAGGTTTAA-1,0,11,65,9372,3827
ACGTACAGATTTCTCT-1,0,10,66,9259,3630
AATTTGGTTCCAAAGA-1,0,11,67,9145,3826
GTAAGGATTTGTCGGA-1,0,10,68,9032,3629
CATCATCTACCCGGAC-1,0,11,69,8919,3826
ACGATGGATCCGATGC-1,0,10,70,8806,3628
CACTCAGCTCTTGAGG-1,0,11,71,8692,3825
TAGATCCGAAGTCGCA-1,0,10,72,8579,3628
TGAAACTTATGCAAGC-1,0,11,73,8466,3825
GCGATTCTGGAAGCAG-1,0,10,74,8353,3627
CAAACTATTGAGCTTC-1,0,11,75,8239,3824
TAGAATTAAGGGCAAC-1,0,10,76,8127,3627
CGAAACATAGATGGCA-1,0,11,77,8013,3823
GATGGTGCCCTAGGCA-1,0,10,78,7900,3626
CCCGCAGGGCCCAAAG-1,0,11,79,7786,3823
ACAGCGCACCCGCAGC-1,0,10,80,7674,3625
GGTAAATGTGCGTTAC-1,0,11,81,7560,3822
GTCCTTCTAGTGGGTT-1,0,10,82,7447,3625
GGAAGCTCGCTTACAG-1,0,11,83,7333,3821
CACCGATACACCGAGC-1,0,10,84,7221,3624
CAGCCGGGCCCTCTAT-1,0,11,85,7107,3821
CGGAGCTTATAACACC-1,0,10,86,6994,3623
ATTACAACTACCGGCC-1,0,11,87,6880,3820
TCCTCTGGCCCATTAG-1,0,10,88,6768,3623
CGGCACCGTTAGCGCC-1,0,11,89,6654,3820
TCGGTCCCTGACTCCA-1,0,10,90,6541,3622
TGGTTGGAGGATCCTG-1,0,11,91,6427,3819
CTGCGGTAGTCACGTG-1,0,10,92,6315,3622
GTGCCTCAGTGTACGG-1,0,11,93,6201,3818
ATCGTTCACTTTCGCC-1,0,10,94,6088,3621
ACTTACCGGGCGCGCA-1,0,11,95,5975,3818
CTAGACTGCATTTCGT-1,0,10,96,5862,3620
TTGCCGGTGATCCCTC-1,0,11,97,5748,3817
CTGTCACGCCAGGCGC-1,0,10,98,5635,3620
CGGTATAGGTATTAGC-1,1,11,99,5522,3816
CCAACGCTTGCCAGGG-1,0,10,100,5409,3619
CGTTGAGTAATTGCGT-1,1,11,101,5295,3816
TGTATTTACCTAATGC-1,0,10,102,5182,3618
TAAATGCCGTCTCATG-1,0,11,103,5069,3815
CGGTTTATGAAGGAAC-1,0,10,104,4956,3618
GCAAGATGTGTTCGCG-1,0,11,105,4842,3815
AAAGGTAAGCTGTACC-1,0,10,106,4730,3617
GTACGTCACGTATTAA-1,0,11,107,4616,3814
AGTACCTTCGAGTGCT-1,0,10,108,4503,3617
ATTGTGACTTCGCTGC-1,0,11,109,4389,3813
TGTATCAGACTGAAGC-1,0,10,110,4277,3616
GAGACCCTGCAACGCC-1,0,11,111,4163,3813
TGGGTGGGATGTCATT-1,0,10,112,4050,3615
GGCTAATGATTGAAAT-1,0,11,113,3936,3812
ATAACGTTACCTCCAC-1,0,10,114,3824,3615
TGCGAGATGGCGGCCA-1,0,11,115,3710,3811
CACACTTGTATTGCGA-1,0,10,116,3597,3614
GCTGGTGACTCGTAGT-1,0,11,117,3483,3811
CGACACCGCTTAAGGA-1,0,10,118,3371,3613
GTAACAACTGACCTTG-1,0,11,119,3257,3810
CAACTGAGGGTATGAC-1,0,10,120,3144,3613
CTAATTATGAAGCGTA-1,0,11,121,3031,3810
CCGATCTTAAGAGGCT-1,0,10,122,2918,3612
CGACTCGGTACACGGT-1,0,11,123,2804,3809
TGCTGCGTCAGAGTTA-1,0,10,124,2691,3612
AGAGTTGCAGGCCTCC-1,0,11,125,2578,3808
ACTGGCGAACCTGCGT-1,0,10,126,2465,3611
ACTAAGGACGCACACC-1,0,11,127,2351,3808
CGTCCAGATGGCTCCA-1,0,12,0,16731,4044
ACTATCGCCGGCTAAA-1,0,13,1,16617,4241
GATAGCGTACCACGCG-1,0,12,2,16505,4044
AGGACTTATAGGAGAA-1,0,13,3,16391,4241
TAGTCGGGATTCTTCG-1,0,12,4,16278,4043
ACCATTAAGGGTGTCA-1,0,13,5,16164,4240
TTAATGTGTTTGCAGG-1,0,12,6,16052,4043
TCCGCAGCCACCTAGC-1,0,13,7,15938,4239
GAGGAGATCCTCATGC-1,0,12,8,15825,4042
GGTCCTTCATACGACT-1,0,13,9,15711,4239
CCCTGTTGGCAAAGAC-1,0,12,10,15599,4041
GTGCCTAGCTATGCTT-1,0,13,11,15485,4238
GTCATCTCCTACAGCT-1,0,12,12,15372,4041
GCGAGAAACGGGAGTT-1,0,13,13,15259,4237
CGTCGCGGCGGGATTT-1,0,12,14,15146,4040
CATTGTGTGCTAGATC-1,0,13,15,15032,4237
CGCGGCAGTATTACGG-1,0,12,16,14919,4039
GAAATGGGATGTAAAC-1,0,13,17,14806,4236
CATTCCCTAAGTACAA-1,0,12,18,14693,4039
AGTTCTGCGTTGTATC-1,0,13,19,14579,4236
ACCCTATAGGACTGAG-1,0,12,20,14466,4038
TTAGATAGGTCGATAC-1,0,13,21,14353,4235
ATTGATAGCAACGAGA-1,0,12,22,14240,4038
TCTCGGCTCCAGGACT-1,0,13,23,14126,4234
CTTGAGGTTATCCCGA-1,0,12,24,14014,4037
AAGAAGGATCAGTTAG-1,0,13,25,13900,4234
GTACGACGGCGCTGCG-1,0,12,26,13787,4036
CTTATGTTGACTACCA-1,0,13,27,13673,4233
CGGCACTCAAGAAAGT-1,0,12,28,13561,4036
GTCAAAGTTTACATAG-1,0,13,29,13447,4232
CTCCTAAGTTATGTCT-1,0,12,30,13334,4035
ACTGTGCTAGTAGATC-1,0,13,31,13220,4232
GTTTGGCCGCTCAGCG-1,0,12,32,13108,4034
TTATCCAATCGAACTC-1,0,13,33,12994,4231
CCGTACCCAAGCGCCA-1,0,12,34,12881,4034
CATACAAAGCCGAACC-1,0,13,35,12767,4231
GGTCGGTAATTAGACA-1,0,12,36,12655,4033
AGCGGGAAGGGTCCAT-1,0,13,37,12541,4230
GCCCACCAAGGCTGTC-1,0,12,38,12428,4033
GTAGACGTCGTTACAT-1,0,13,39,12314,4229
GAGCATCATCCCTGGG-1,0,12,40,12202,4032
AGGTAACCTCCTATTC-1,0,13,41,12088,4229
GGTTTGAGTGCTGGAA-1,0,12,42,11975,4031
GCACTAGTCGCGCTAT-1,0,13,43,11862,4228
GGTAACTATGTATCTG-1,0,12,44,11749,4031
GCGGTCCCTAGACGCA-1,0,13,45,11635,4227
CGAGCGTTGATCAGCC-1,0,12,46,11522,4030
AATCCAAGGGCCTGAG-1,0,13,47,11409,4227
CCGTGCCCATGACGGC-1,0,12,48,11296,4029
GAAATTCACATCGCTG-1,0,13,49,11182,4226
CTCTGCGAAGCAAGCA-1,0,12,50,11069,4029
AGTAGGTAACATACAT-1,0,13,51,10956,4226
ATTGGGAATATCTTGG-1,0,12,52,10843,4028
TAGAGCTACGAAGAAC-1,0,13,53,10729,4225
TGCGGCATAGTTCAAC-1,0,12,54,10617,4028
CCGCCGGTCAACACAC-1,0,13,55,10503,4224
TCGTATAGTGCAATTA-1,0,12,56,10390,4027
TAGTTTATTCTTGCTT-1,0,13,57,10276,4224
GATATCTCATGCAATA-1,0,12,58,10164,4026
CGTTTAAGCGGAGCAC-1,0,13,59,10050,4223
CATGCTGGCTCCAATT-1,0,12,60,9937,4026
GAAACAGCCATGCAGT-1,0,13,61,9823,4222
AGTTTCGCAGGTCGGA-1,0,12,62,9711,4025
CTCATGGCTCACAATC-1,0,13,63,9597,4222
AACCGTTGTGTTTGCT-1,0,12,64,9484,4024
ACCCTTCATCTGCGAA-1,0,13,65,9370,4221
TGCGGTGAAATTTCAT-1,0,12,66,9258,4024
CAAATTGTCAGCAAGC-1,0,13,67,9144,4221
GAGGTACATCCATCTT-1,0,12,68,9031,4023
AAATGGCATGTCTTGT-1,0,13,69,8918,4220
TCATCCCAGAGGGTGG-1,0,12,70,8805,4023
CGTAGCGAATTGTCAG-1,0,13,71,8691,4219
CCTAGTTAGTCGCATG-1,0,12,72,8578,4022
GAAACTCTAATGAAGG-1,0,13,73,8465,4219
TTGTATCACACAGAAT-1,0,12,74,8352,4021
TTCAAGCCGAGCTGAG-1,0,13,75,8238,4218
AGGTACGATATTGCCA-1,0,12,76,8125,4021
TTAAGCCGACAACTTC-1,0,13,77,8012,4217
GTCTTAGTACAGCCGG-1,0,12,78,7899,4020
TGGGTAAGGTTCCCGC-1,0,13,79,7785,4217
CTACGCCATTTCCGAT-1,0,12,80,7672,4019
GACCGTCAGGTCGTGA-1,0,13,81,7559,4216
TAGTTAAGATAGGATA-1,0,12,82,7446,4019
GAATATTCGGAGTCCC-1,0,13,83,7332,4216
CAAACTACGATAGAGA-1,0,12,84,7220,4018
CAGGAAGACTTTATAT-1,0,13,85,7106,4215
TTCGTAATCCCAGCGG-1,0,12,86,6993,4018
GTGAGGAGCGGTTGAG-1,0,13,87,6879,4214
CAATCCCTATACCAGC-1,0,12,88,6767,4017
AGGGAAACGAGGTACT-1,0,13,89,6653,4214
TCCTGCCAACTGGAGA-1,0,12,90,6540,4016
AATTTGGGACATAGTA-1,0,13,91,6426,4213
AACTCCTAATCCCATG-1,0,12,92,6314,4016
GCTCATTACTGCATGT-1,0,13,93,6200,4212
TCTCGAACGAGGTCAC-1,0,12,94,6087,4015
TCACTACGACCAATGC-1,0,13,95,5973,4212
GTGATGCACAACATCT-1,0,12,96,5861,4014
CCGACGTAAACACAAC-1,1,13,97,5747,4211
TGGGATGCACTCATTC-1,1,12,98,5634,4014
TTCCATCATGCGGTGA-1,1,13,99,5521,4210
TGCACAGTGAAGTTAT-1,1,12,100,5408,4013
CTATTGTGTTTGGTCA-1,1,13,101,5294,4210
TGCGAGCCCTTCCGCG-1,1,12,102,5181,4013
TTGAAAGGTGTAAAGG-1,1,13,103,5068,4209
GGTGCAGAGCCTATCG-1,0,12,104,4955,4012
ACTATATGCTGTGTTC-1,0,13,105,4841,4209
TCCTGGCGCTGCCTGG-1,0,12,106,4728,4011
GAGCCGAGCGTTTATT-1,0,13,107,4615,4208
AGAATGCGGGTTCGGA-1,0,12,108,4502,4011
ATGCGACAATTGGTCC-1,0,13,109,4388,4207
TTCCGGCTCGACTTCT-1,0,12,110,4276,4010
TGATTATGGCACGCAG-1,0,13,111,4162,4207
GGTTTGACAAGAAGCT-1,0,12,112,4049,4009
GCAGCTATGGACAGGT-1,0,13,113,3935,4206
CACCATGATCGCAAAG-1,0,12,114,3823,4009
GTCGGAAGGATACCAG-1,0,13,115,3709,4205
GGCCCAGTTATCAGCA-1,0,12,116,3596,4008
GGGCCTATTTAAGTAT-1,0,13,117,3482,4205
GTTGTTACATTGCGCT-1,0,12,118,3370,4008
CAACTCCGTAACTTGC-1,0,13,119,3256,4204
GATCTTTGCTCAAAGA-1,0,12,120,3143,4007
TCGCTTAATTACGAAG-1,0,13,121,3029,4204
CGATCATTAGAGGCAC-1,0,12,122,2917,4006
TGTTCTCTACTCCCTA-1,0,13,123,2803,4203
GCTTAGGGAAGCGGTA-1,0,12,124,2690,4006
CAGGTTTAGTACTACA-1,0,13,125,2576,4202
AAGCGGAGTGCGCGCA-1,0,12,126,2464,4005
TCAGATGGAGACGTAG-1,0,13,127,2350,4202
TCGCACTAACGTTTGT-1,0,14,0,16730,4439
CACGTCGGGTTCTAGA-1,0,15,1,16616,4635
GGAGTACACATGAGCT-1,0,14,2,16504,4438
GTGTGTCGACGTCGCT-1,0,15,3,16390,4635
GAAGCTCTTTGCTTAG-1,0,14,4,16277,4437
ACACCGAGCGCTCTTT-1,0,15,5,16163,4634
CGTAATAATTACGAGT-1,0,14,6,16051,4437
CATCAACACCTACTAA-1,0,15,7,15937,4633
CCAAGTTTCTACAGAT-1,0,14,8,15824,4436
ACGGGTCATGTGACTT-1,0,15,9,15710,4633
AGTGTGCTAAGATCGC-1,0,14,10,15598,4435
GGCGGTTTGCCGGTGC-1,0,15,11,15484,4632
GTATAATCTCCCGGAT-1,0,14,12,15371,4435
TAGTCCGTATGCATAA-1,0,15,13,15257,4631
CACTTCGTCTTATCTC-1,0,14,14,15145,4434
CATCCGCAGGCCCGAA-1,0,15,15,15031,4631
CCCTGATGTAACTCGT-1,0,14,16,14918,4433
CCATAGTCAGTAACCC-1,0,15,17,14805,4630
CGGGCCATAGCCGCAC-1,0,14,18,14692,4433
CTCCGGCTTGTAGACA-1,0,15,19,14578,4630
AACTTGCGTTCTCGCG-1,0,14,20,14465,4432
AATGAGTTCGCATATG-1,0,15,21,14352,4629
CGAGGCCAGGCATTGG-1,0,14,22,14239,4432
TCTGCGTCCGGTTTCT-1,0,15,23,14125,4628
CAATCCTGCCGTGGAG-1,0,14,24,14012,4431
CTGAGCAAGTAACAAG-1,0,15,25,13899,4628
GGGTACCCACGGTCCT-1,0,14,26,13786,4430
ACGGAATTTAGCAAAT-1,0,15,27,13672,4627
GGGCGGTCCTATTGTC-1,0,14,28,13560,4430
ATGTTACGAGCAATAC-1,0,15,29,13446,4626
AACCATGGGATCGCTA-1,0,14,30,13333,4429
TCGCATCCCTAAGTGT-1,0,15,31,13219,4626
ACTTAGTACGACAAGA-1,0,14,32,13107,4428
GAGCTCTCGGACCTAA-1,0,15,33,12993,4625
TCTATTACGCTGGCGA-1,0,14,34,12880,4428
AGATACGACTTCATAT-1,0,15,35,12766,4625
CGCTATACCGCCCACT-1,0,14,36,12654,4427
CAGTGTCCGCAGAATG-1,0,15,37,12540,4624
CCATCCATACCAAGTC-1,0,14,38,12427,4427
AACCCAGAGACGGAGA-1,0,15,39,12313,4623
GAAGAACGGTGCAGGT-1,0,14,40,12201,4426
GATAAATCGGTGGATG-1,0,15,41,12087,4623
CAGCTCGTGCTTGTGT-1,0,14,42,11974,4425
GAGTACGGGTATACAA-1,0,15,43,11860,4622
CATCGCCCGCGGCCAA-1,0,14,44,11748,4425
TCTTACAGAGGTACCG-1,0,15,45,11634,4621
TGGAAGACGAACACCA-1,0,14,46,11521,4424
GTTGTCGTGTTAGTTG-1,0,15,47,11408,4621
CCAAGGAACAGAGAGG-1,0,14,48,11295,4423
CTGCACCTGGAACCGC-1,0,15,49,11181,4620
CGCTTTCATACCGGTG-1,0,14,50,11068,4423
GTTCTTCCCTCGATGT-1,0,15,51,10955,4620
ATTTAACTCGTATTAC-1,0,14,52,10842,4422
AACGATAGAAGGGCCG-1,0,15,53,10728,4619
TATCCTGCATGGGAAT-1,0,14,54,10615,4422
AGGCCCATTGTACAGG-1,0,15,55,10502,4618
CCGGCGCATATTGGAT-1,0,14,56,10389,4421
ATCTGTAATTGTACCC-1,0,15,57,10275,4618
GAGCGAGGGAGTACCG-1,0,14,58,10163,4420
TTATTAGGGAAGCATC-1,0,15,59,10049,4617
CTTCTTACGTCGTATA-1,0,14,60,9936,4420
GAAGTGCTGGATAGCT-1,0,15,61,9822,4616
GTGCAACAAATGTGGC-1,0,14,62,9710,4419
CATGCGTTAGACAGAA-1,0,15,63,9596,4616
ACACACTTTCTACACG-1,0,14,64,9483,4418
AGCCCTAAGCGAAGTT-1,0,15,65,9369,4615
ATTAATTCGGTCACTC-1,0,14,66,9257,4418
AACAGGAAATCGAATA-1,0,15,67,9143,4615
ACGTTTAGTTGTGATC-1,0,14,68,9030,4417
TCCTTCAGTGGTCGAA-1,0,15,69,8916,4614
CGAACGCCCAGTGCCG-1,0,14,70,8804,4417
CCTCGAAGTGGACGGG-1,0,15,71,8690,4613
CTCTGTTTGAGGATTC-1,0,14,72,8577,4416
TGGGCACGTTCTATGG-1,0,15,73,8463,4613
ACTATTCGTCCGTGGT-1,0,14,74,8351,4415
CCTCTGGCCTAGACGG-1,0,15,75,8237,4612
CCATAAACAACCCGAC-1,0,14,76,8124,4415
CATAGTACATTGAGAG-1,0,15,77,8011,4611
ATTTCATTATTTCGCG-1,0,14,78,7898,4414
CAACTATATCGAATGC-1,0,15,79,7784,4611
CTAGTATTCGGAATTA-1,0,14,80,7671,4413
GTGGAACCTACATGCG-1,0,15,81,7558,4610
CCTAAAGGCTGACGCT-1,0,14,82,7445,4413
CGTGACATTGGGTCGT-1,0,15,83,7331,4610
CCAATCGGTAGATCGA-1,0,14,84,7218,4412
ATTGTCGCAATACCTT-1,0,15,85,7105,4609
AAATTACACGACTCTG-1,0,14,86,6992,4412
CACTCCTCTCGGTCGG-1,0,15,87,6878,4608
AAATAACCATACGGGA-1,0,14,88,6766,4411
AGTTACTCTATCGTGG-1,0,15,89,6652,4608
CGTTAGCTCACAACTG-1,0,14,90,6539,4410
GAATGTATGGCAGGTC-1,0,15,91,6425,4607
GCAACCACCAGACCGG-1,0,14,92,6313,4410
TCACTCGTGCAACGGC-1,0,15,93,6199,4606
AAACAGAGCGACTCCT-1,0,14,94,6086,4409
CAGCCTCTCCTCAAGA-1,1,15,95,5972,4606
TTGCGTGAACGCTTAG-1,1,14,96,5860,4408
CCGCCTGCGAATTGGT-1,1,15,97,5746,4605
AGATGAGGGTTGCGAT-1,1,14,98,5633,4408
CGGTGGGCTCCAGCCT-1,1,15,99,5519,4605
GGCAGCGGTAATCCTA-1,1,14,100,5407,4407
GCTAGCAGGGAGTGGG-1,1,15,101,5293,4604
CTCAAGACATTAGCGC-1,1,14,102,5180,4407
CACGGCGCGCCAAAGG-1,1,15,103,5067,4603
TGCAATTTGGGCACGG-1,0,14,104,4954,4406
ATGCCAATCGCTCTGC-1,0,15,105,4840,4603
GCTGGACCCAAAGTGG-1,0,14,106,4727,4405
ATTCCTAAGACGTGGA-1,0,15,107,4614,4602
TCCGGAGGAAGGGCTG-1,0,14,108,4501,4405
TCGGTGACCGCTCCGG-1,0,15,109,4387,4601
TCCGAAGTAGTCACCA-1,0,14,110,4274,4404
CATGTAGGAGCGCCAA-1,0,15,111,4161,4601
CACAAGAAAGATATTA-1,0,14,112,4048,4403
AGGGTCAGTAACCCTA-1,0,15,113,3934,4600
TAAGCCCTTACGACCA-1,0,14,114,3821,4403
ATACCGTCATCCATAA-1,0,15,115,3708,4600
GGACGTCCATAGTTGG-1,0,14,116,3595,4402
CATCAAACTGGCGCCC-1,0,15,117,3481,4599
AAACGTGTTCGCCCTA-1,0,14,118,3369,4402
AAATTGGTGAGAAGCA-1,0,15,119,3255,4598
GGTCATTGTAGTCATA-1,0,14,120,3142,4401
TGCAGTGAGGCTCGGG-1,0,15,121,3028,4598
GAACATTAGTATGTTA-1,0,14,122,2916,4400
GGTTTGCGAACACGTA-1,0,15,123,2802,4597
ACACAAATATTCCTAG-1,0,14,124,2689,4400
TTGGGTTTATTCAGCG-1,0,15,125,2575,4596
ATTCGCAGAGGACACT-1,0,14,126,2463,4399
GATTTAGTGCGTACTG-1,0,15,127,2349,4596
TAGAAACACAATAGTG-1,0,16,0,16729,4833
CAGTAGATGATGTCCG-1,0,17,1,16615,5029
TCTTAACTCGGATGTA-1,0,16,2,16502,4832
TACATCTTGTTTCTTG-1,0,17,3,16389,5029
TTCATAGGGTGTCCAT-1,0,16,4,16276,4831
TGAAGTAGCTTACGGA-1,0,17,5,16162,5028
GCACAAGTGGATCATA-1,0,16,6,16050,4831
GGGCGAATTTCTCCAC-1,0,17,7,15936,5027
ATGTTCCTGCCCACCT-1,0,16,8,15823,4830
GCTCAACCTCTTAGAG-1,0,17,9,15709,5027
ATAGCTGCTCTTGTTA-1,0,16,10,15597,4829
CGTCAGCTATTTACTC-1,0,17,11,15483,5026
ATCTGATAGTGTCTTA-1,0,16,12,15370,4829
TGCACTATGTGAGTGC-1,0,17,13,15256,5026
CCGACAAACACATGAG-1,0,16,14,15144,4828
GCCTTGTATATGCAGT-1,0,17,15,15030,5025
ATAATACCGTTAGCCG-1,0,16,16,14917,4828
ACACTCCAATGTCACT-1,0,17,17,14803,5024
AGTTGCTGACTGATAT-1,0,16,18,14691,4827
GGCGCTCCTCATCAAT-1,0,17,19,14577,5024
TGCCTGACATCGGTCA-1,0,16,20,14464,4826
TTGGCCATCTTGCGCT-1,0,17,21,14350,5023
CAGTGGTTGCACATGA-1,0,16,22,14238,4826
AGAATTGTTTGACATA-1,0,17,23,14124,5022
AAATGCTCGTTACGTT-1,0,16,24,14011,4825
CACCTAATAGAGTCGT-1,0,17,25,13898,5022
CATTTCTAGCAGACTA-1,0,16,26,13785,4824
CCGAAAGTGGTGAGCA-1,0,17,27,13671,5021
AGTCAGCCACCGCCTG-1,0,16,28,13558,4824
TCATCACTCGAGCTCG-1,0,17,29,13445,5021
CTCAGGACTCACCTGT-1,0,16,30,13332,4823
CGGTGTACTTGATCCC-1,0,17,31,13218,5020
CCTACGGCTCAGTCGA-1,0,16,32,13105,4823
GTACTTGGGCACTTCT-1,0,17,33,12992,5019
TGATTTCCTCCTGACG-1,0,16,34,12879,4822
CCTCACCAATCTTGAC-1,0,17,35,12765,5019
GGTGAGATGCAGATAA-1,0,16,36,12653,4821
GCTAGTTTCATTGAGG-1,0,17,37,12539,5018
AGGACATCGCACGTCG-1,0,16,38,12426,4821
GTGGACGTGCTGAGAC-1,0,17,39,12312,5017
TAAGGAACTTGTGGGA-1,0,16,40,12200,4820
TCGCTGTGCGTAAATC-1,0,17,41,12086,5017
GCATCCCTAACTTTGA-1,0,16,42,11973,4819
CACCCACACGTCACCC-1,0,17,43,11859,5016
CCCTCATTCTGGAATT-1,0,16,44,11747,4819
AGGGCGTGATCGGCTA-1,0,17,45,11633,5015
GGTGCGGATAAGTGGC-1,0,16,46,11520,4818
TAATATTGAAATTCGC-1,0,17,47,11406,5015
CTTACACTGGGAAATA-1,0,16,48,11294,4818
ACCAAGAACGCGTGTC-1,0,17,49,11180,5014
GCCTTCAGCCCTACCG-1,0,16,50,11067,4817
GATGCTACAAGCGCCT-1,0,17,51,10954,5014
CCGGGACCCGCAGAGA-1,0,16,52,10841,4816
GTTCCAGTCTGACCAT-1,0,17,53,10727,5013
ATGATCGGGAATAGAC-1,0,16,54,10614,4816
TTGGATTGGGTACCAC-1,0,17,55,10501,5012
TACCTCACGCTTGTAC-1,0,16,56,10388,4815
CATGGCAGGAAGATCG-1,0,17,57,10274,5012
ATGACGCCGGCTCTAA-1,0,16,58,10161,4814
AGCGACATCCCATTCA-1,0,17,59,10048,5011
AGTAATGTCTTGCCGC-1,0,16,60,9935,4814
TTCTTAGTGGCTCAGA-1,0,17,61,9821,5010
CGTCTGGAAGGGCCCG-1,0,16,62,9709,4813
ACGTGCGCCTCGTGCA-1,0,17,63,9595,5010
AGAGCGGGCTAATCAT-1,0,16,64,9482,4813
GCGTCGAAATGTCGGT-1,0,17,65,9368,5009
AACTGATATTAGGCCT-1,0,16,66,9256,4812
CGAGCTGGGCTTTAGG-1,0,17,67,9142,5009
GGGTGTTTCAGCTATG-1,0,16,68,9029,4811
TTAATTTCAGACGCGG-1,0,17,69,8915,5008
ACTGCCGTCGTAACTC-1,0,16,70,8803,4811
GTGCACGAAAGTGACT-1,0,17,71,8689,5007
ATCTCCCTGCAATCTA-1,0,16,72,8576,4810
ACGCCAGATGATTTCT-1,0,17,73,8462,5007
AGCTATTTAATCCAAC-1,0,16,74,8350,4809
CCACGAGAAGAGAATC-1,0,17,75,8236,5006
GATTCCGCGTTTCCGT-1,0,16,76,8123,4809
GTCGGATGTAGCGCGC-1,0,17,77,8009,5005
TATTTATACCGAGTAG-1,0,16,78,7897,4808
GTAGGTGATCCGTGTA-1,0,17,79,7783,5005
AGTTAAGCGGTCCCGG-1,0,16,80,7670,4808
CTGGCGACATAAGTCC-1,0,17,81,7557,5004
TTGGCCTAGAATTTCG-1,0,16,82,7444,4807
GGCATATCGGTTCTGC-1,0,17,83,7330,5004
GGGCGTCCACTGGCTC-1,0,16,84,7217,4806
TTACCCATTGCCGGGT-1,0,17,85,7104,5003
TTAGACACGATCGTTG-1,0,16,86,6991,4806
GCGCTGATCCAGACTC-1,0,17,87,6877,5002
TTCGGCAACCCGCTGA-1,0,16,88,6764,4805
GATATTTCCTACATGG-1,0,17,89,6651,5002
CTGCGTTACGATATAA-1,0,16,90,6538,4804
TAATAAACAAGGAGAT-1,0,17,91,6424,5001
AACCTTTACGACGTCT-1,0,16,92,6312,4804
AGTCCCGCCTTTAATT-1,1,17,93,6198,5000
TGAGATTAGGCCCTAA-1,1,16,94,6085,4803
AGTGTATTGCGCATTG-1,1,17,95,5971,5000
GTTGGATTCAGTGGCT-1,1,16,96,5859,4803
TAAAGCTGCAATAGGG-1,1,17,97,5745,4999
AGTAGGAAGGAAGTTG-1,1,16,98,5632,4802
TATCACTTCGAGTAAC-1,1,17,99,5518,4999
TGATCTACGCTGATCT-1,1,16,100,5406,4801
GGATCATCCCGTACGC-1,1,17,101,5292,4998
TGACACTTCTCTTTGC-1,1,16,102,5179,4801
AGCCCTTCTAATCCGA-1,1,17,103,5065,4997
CACCGCGTCCACTCTA-1,1,16,104,4953,4800
TAATTGGAATCGGGAA-1,0,17,105,4839,4997
TCGTAAGCTCCGAGGA-1,0,16,106,4726,4799
TATATTACAAATGTCG-1,0,17,107,4612,4996
CGCGAGAGGGACTTGT-1,0,16,108,4500,4799
GGACCTACGGTAACGT-1,0,17,109,4386,4995
GAAATATGCTTGAATG-1,0,16,110,4273,4798
CCGTATTAGCGCAGTT-1,0,17,111,4160,4995
AGGCGTCTATGGACGG-1,0,16,112,4047,4797
AACATCGATACGTCTA-1,0,17,113,3933,4994
TGAATATGCTATAAAC-1,0,16,114,3820,4797
ACCAAACACCCAGCGA-1,0,17,115,3707,4994
TGGCTTGTACAAGCTT-1,0,16,116,3594,4796
GAATGAAGGTCTTCAG-1,0,17,117,3480,4993
AGATACCAGCACTTCA-1,0,16,118,3367,4796
GCGGTCCCGGTGAAGG-1,0,17,119,3254,4992
GAGGCATTTGCAGCAG-1,0,16,120,3141,4795
GGCAAGCCAGGGATAG-1,0,17,121,3027,4992
TCTACGGGCTCAGTTG-1,0,16,122,2915,4794
TCTGCGAATCGTTCGC-1,0,17,123,2801,4991
AGCTCGTTGATGGAAA-1,0,16,124,2688,4794
TGAATGAGATACAGCA-1,0,17,125,2574,4990
ACCCTTGCCTGGGTCG-1,0,16,126,2462,4793
GGCGAACCGTTCTGAT-1,0,17,127,2348,4990
GCGATGTCTGTGCTTG-1,0,18,0,16728,5227
ATTAACACCTGAGATA-1,0,19,1,16614,5423
GAAATCTGACCAAGTT-1,0,18,2,16501,5226
CCTGACAAACTCGCGC-1,0,19,3,16388,5423
ATGTCATTTCCCATTG-1,0,18,4,16275,5225
GCGGTGCGGAGCATCG-1,0,19,5,16161,5422
CGGAAAGCAAATGTGC-1,0,18,6,16048,5225
GCTGAGCAACGGTTCT-1,0,19,7,15935,5421
TCACTCTTCGTCTGTC-1,0,18,8,15822,5224
GATCTTCATTGTCCTC-1,0,19,9,15708,5421
ACTCGATGTATTTCAT-1,0,18,10,15596,5223
TGAAGAGCGGTCCTAG-1,0,19,11,15482,5420
TAAACGTCGTCAATGA-1,0,18,12,15369,5223
ACGTTATTGGTCACTC-1,0,19,13,15255,5420
ATAGCCTCAGTACCCA-1,0,18,14,15143,5222
CGGGAGTATACCGCCG-1,0,19,15,15029,5419
GTCCTACAGGCGGCTC-1,0,18,16,14916,5222
CGGATAAGCGGACATG-1,0,19,17,14802,5418
AACTTCTGCGTCTATC-1,0,18,18,14690,5221
GGGTTCAGACGAACAA-1,0,19,19,14576,5418
AGTCTGGACATCCTTG-1,0,18,20,14463,5220
TTGAACGAATCCTTTG-1,0,19,21,14349,5417
GAAATACTAAACGTTT-1,0,18,22,14237,5220
CCCGCGCAATGCACCC-1,0,19,23,14123,5416
TTCGGCTAGAGATGGT-1,0,18,24,14010,5219
GACACGAGTTAGAGGA-1,0,19,25,13896,5416
GAGGTCCCAAAGATCT-1,0,18,26,13784,5218
TAACTCCATGGAGGCT-1,0,19,27,13670,5415
CTTGTTTATGTAGCCA-1,0,18,28,13557,5218
GATGGCGCACACATTA-1,0,19,29,13444,5415
ATAATAGTGTAGGGAC-1,0,18,30,13331,5217
CGCTATTCAATGTATG-1,0,19,31,13217,5414
ATATTGCTGTCAAAGT-1,0,18,32,13104,5217
GGATTCAGTACGGTGG-1,0,19,33,12991,5413
TTCTTAGTGAACGGTG-1,0,18,34,12878,5216
AATGGTTCTCACAAGC-1,0,19,35,12764,5413
TATACACGCAAAGTAT-1,0,18,36,12651,5215
CTTCATAGCTCAAGAA-1,0,19,37,12538,5412
CAACGGTTCTTGATAC-1,0,18,38,12425,5215
ACACCCGAGAAATCCG-1,0,19,39,12311,5411
TCTATCATGCAGTTAC-1,0,18,40,12199,5214
CCCGCCATGCTCCCGT-1,0,19,41,12085,5411
CGCTTCCACTGAAATC-1,0,18,42,11972,5213
CACTGTCCAAGTGAGA-1,0,19,43,11858,5410
ATTACTAGCCTCTTGC-1,0,18,44,11746,5213
CATAGTAGCATAGTAG-1,0,19,45,11632,5410
CAACTCCTTGATCCCG-1,0,18,46,11519,5212
AAGTAGAAGACCGGGT-1,0,19,47,11405,5409
GCGGGAACCAGGCCCT-1,0,18,48,11293,5212
ATTAGATTGATAGCGG-1,0,19,49,11179,5408
CTCGGTCCGTAGCCTG-1,0,18,50,11066,5211
TGGCTTTGGGTAGACA-1,0,19,51,10952,5408
TATCCATATCATGCGA-1,0,18,52,10840,5210
GGAGTGCCGCCCTGGA-1,0,19,53,10726,5407
TGAGAATGCTTTACCG-1,0,18,54,10613,5210
TTAACCAACCCTCCCT-1,0,19,55,10499,5406
TGTTTCGGTACTTCTC-1,0,18,56,10387,5209
TTGCTGAAGGAACCAC-1,0,19,57,10273,5406
TATTTAGTCTAGATCG-1,0,18,58,10160,5208
CTCCGGCCTAATATGC-1,0,19,59,10047,5405
TTGTGGCCCTGACAGT-1,0,18,60,9934,5208
TCGCCGGTCGATCCGT-1,0,19,61,9820,5405
CCATAGGTTGGCGTGG-1,0,18,62,9707,5207
GAACGACCGAATGATA-1,0,19,63,9594,5404
TCCGATAATTGCCATA-1,0,18,64,9481,5207
CATTACGTCGGCCCGT-1,0,19,65,9367,5403
CAAGCACCAAATGCCT-1,0,18,66,9254,5206
TGCATGGATCGGATCT-1,0,19,67,9141,5403
GAAATCGCGCGCAACT-1,0,18,68,9028,5205
CTGAAAGAGATCCGAC-1,0,19,69,8914,5402
CACCTCGATGGTGGAC-1,0,18,70,8802,5205
ATTTGTTCCAGGGCTC-1,0,19,71,8688,5401
TGGGCCACAAGAGCGC-1,0,18,72,8575,5204
CCTTCTTGATCCAGTG-1,0,19,73,8461,5401
CCTCGCCAGCAAATTA-1,0,18,74,8349,5203
TTCATGGCGCAACAGG-1,0,19,75,8235,5400
TTAATCAGTACGTCAG-1,0,18,76,8122,5203
CCTATCTATATCGGAA-1,0,19,77,8008,5400
ATTATACTTTGCTCGT-1,0,18,78,7896,5202
ATGGATCCGGCGTCCG-1,0,19,79,7782,5399
CGCCCGCTTCCGTACA-1,0,18,80,7669,5202
GGATTCCGCTATACCC-1,0,19,81,7555,5398
CGGTCTATCAACCCGT-1,0,18,82,7443,5201
ATGCCGGTTGATGGGA-1,0,19,83,7329,5398
TCATGCAGGTTCTCAT-1,0,18,84,7216,5200
TGAGCTTTAATGACGC-1,0,19,85,7103,5397
TCCCTTAGATTACTCG-1,0,18,86,6990,5200
ATATCTCCCTCGTTAA-1,0,19,87,6876,5396
AGCTCTTCCCAGTGCA-1,0,18,88,6763,5199
TCGCTAAACCGCTATC-1,0,19,89,6650,5396
CACATTCTTTCGATGG-1,0,18,90,6537,5198
GATATGCGGTAGCCAA-1,1,19,91,6423,5395
CGTTTCACTTCGGGCG-1,0,18,92,6310,5198
CCAATTACGGGTCGAG-1,1,19,93,6197,5395
GCAGGTAGAGTATGGT-1,1,18,94,6084,5197
GTCGTATTGGCGTACA-1,1,19,95,5970,5394
GAAATTAGCACGGATA-1,1,18,96,5858,5197
AATGCACCAAGCAATG-1,1,19,97,5744,5393
AGGACGCTCGATGTTG-1,1,18,98,5631,5196
GGCTAAAGGGCGGGTC-1,1,19,99,5517,5393
CATCTATCCCGTGTCT-1,1,18,100,5405,5195
CAGTAACTATTTATTG-1,1,19,101,5291,5392
CATATACTACTGATAA-1,1,18,102,5178,5195
GCGTTCGGAGACCGGG-1,1,19,103,5064,5391
AAGTTCAGTCTGCGTA-1,1,18,104,4952,5194
CGAAGCTATAAATTCA-1,1,19,105,4838,5391
CGCGGTCACAAACCAA-1,0,18,106,4725,5193
GGGAATGAGCCCTCAC-1,0,19,107,4611,5390
ACGGAGCGCAAATTAC-1,0,18,108,4499,5193
CGTTCTTCGCACACCT-1,0,19,109,4385,5390
GAATAGCCCTGCGGTC-1,0,18,110,4272,5192
AATAGCTACCGCGTGC-1,0,19,111,4158,5389
CCGAGCTGTGCTTGTC-1,0,18,112,4046,5192
GATGACGATGATCGCG-1,0,19,113,3932,5388
GCCTATGCTGGGCCTT-1,0,18,114,3819,5191
TTACTGTCTAGAGCTC-1,0,19,115,3706,5388
AGCGGTTGCCGCTCTG-1,0,18,116,3593,5190
GCTTGCAGCACAATTG-1,0,19,117,3479,5387
CCGGAGGTCTTATGGT-1,0,18,118,3366,5190
ACAGTATACCGTGGGA-1,0,19,119,3253,5386
GGGATCCCAATACAAA-1,0,18,120,3140,5189
ATTACGACTCCACAGT-1,0,19,121,3026,5386
CTCACACGCAAGCCTA-1,0,18,122,2913,5188
CCAGATGTAAATGGGT-1,0,19,123,2800,5385
GAACTTGTGCACGGGA-1,0,18,124,2687,5188
AAGCCGCTTTACCTTG-1,0,19,125,2573,5385
TCCATTCCCACTAGAG-1,0,18,126,2461,5187
AGAGCGCTTGTAACGG-1,0,19,127,2347,5384
TGGGTTCCCGGACGGA-1,0,20,0,16727,5621
GCTGCGCCTCCCACGT-1,0,21,1,16613,5817
CTGTTGGCTCTTCTGA-1,0,20,2,16500,5620
TTGTTCTAGATACGCT-1,0,21,3,16387,5817
CCCTCAAGCTCTTAGT-1,0,20,4,16274,5619
TGGTCTAGCTTACATG-1,0,21,5,16160,5816
ATGCACCTTCCTTAAT-1,0,20,6,16047,5619
GGGATACGGTAATAAT-1,0,21,7,15934,5815
AGTTCACCGGTTGGAC-1,0,20,8,15821,5618
GACATACTGTCGCAGA-1,0,21,9,15707,5815
TGGACACCGTTGCTTG-1,0,20,10,15594,5618
TGCGATGCTAATGGCT-1,0,21,11,15481,5814
TTCTGTTTCCTGTCGC-1,0,20,12,15368,5617
CGTTGTAAACGTCAGG-1,0,21,13,15254,5814
GATCGGCGATAAGTCG-1,0,20,14,15141,5616
AGCCTTAAAGCGGAAG-1,0,21,15,15028,5813
TCCGTAACCACAATCC-1,0,20,16,14915,5616
GAATGCCGAAATGACC-1,0,21,17,14801,5812
TATACTCATGCGGCAA-1,0,20,18,14689,5615
TAGTGTCAGAAACGGC-1,0,21,19,14575,5812
CGTCATACCATATCCA-1,0,20,20,14462,5614
TAGTACCTTAGTGGTC-1,0,21,21,14348,5811
CTGGCGGGAATAAGTA-1,0,20,22,14236,5614
AGTGTGGTCTATTGTG-1,0,21,23,14122,5810
GCTATCGCGGCGCAAC-1,0,20,24,14009,5613
CAGTAATCCCTCCCAG-1,0,21,25,13895,5810
GTATTAAGGCGTCTAA-1,0,20,26,13783,5613
CTAATTTCAACAACAC-1,0,21,27,13669,5809
TTAGCAACATGGATGT-1,0,20,28,13556,5612
ATGCTCAGTGTTGCAT-1,0,21,29,13442,5809
GATGTTTGTGCGAGAT-1,0,20,30,13330,5611
CACTTCGCCACAGGCT-1,0,21,31,13216,5808
CTGTATGGTGTAGAAA-1,0,20,32,13103,5611
TACGTGCACTATGCTG-1,0,21,33,12990,5807
GTATCAGCTTGGGTTC-1,0,20,34,12877,5610
TAACAAAGGGAGAAGC-1,0,21,35,12763,5807
TTACATCGTGGCCTGG-1,0,20,36,12650,5609
TCTGAACCGGTCGGCT-1,0,21,37,12537,5806
GGCTCGTGCCACCAGC-1,0,20,38,12424,5609
TATAAGTGAGGATAGC-1,0,21,39,12310,5805
GCCCGCGCGTTTGACA-1,0,20,40,12197,5608
TGCTGGTTGGACAATT-1,0,21,41,12084,5805
GCCTAGCGATCTGACC-1,0,20,42,11971,5608
CCATGCTCTGCAGGAA-1,0,21,43,11857,5804
TATAAATCCACAAGCT-1,0,20,44,11745,5607
CGCTCGACATAATGAT-1,0,21,45,11631,5804
CCAATTGAATGTTAAT-1,0,20,46,11518,5606
GCTAATACCGAATGCC-1,0,21,47,11404,5803
TTCAACGACCCGACCG-1,0,20,48,11292,5606
TTCCTCGAGGGTGTCT-1,0,21,49,11178,5802
CAACGACCCGTTTACA-1,0,20,50,11065,5605
CTTGTACTTGTTGACT-1,0,21,51,10951,5802
TCTCTAATAGCTGGTA-1,0,20,52,10839,5604
ATTATGCCATAGGGAG-1,0,21,53,10725,5801
GACAACGCAGCTTACG-1,0,20,54,10612,5604
AGATGACTCGCCCACG-1,0,21,55,10498,5800
GTGCGGGTCTCCAAAT-1,0,20,56,10386,5603
GTACGAGATTGCGACA-1,0,21,57,10272,5800
GTATAGGACTCAGTAG-1,0,20,58,10159,5603
TTGCACGGAGCAGCAC-1,0,21,59,10045,5799
CACAGCTAGGGAGTGA-1,0,20,60,9933,5602
ATACTAGCATGACCCT-1,0,21,61,9819,5799
CCAAGACTTCTGCGAA-1,0,20,62,9706,5601
ACATAATAAGGCGGTG-1,0,21,63,9593,5798
TAATACACAGTAGTAT-1,0,20,64,9480,5601
TCTTGGTAACACCAAA-1,1,21,65,9366,5797
AACTGGGTCCCGACGT-1,0,20,66,9253,5600
ATCACTTCATCCTCGC-1,1,21,67,9140,5797
TGGAAGGATAAAGATG-1,0,20,68,9027,5599
CATGATGCACAATTCT-1,1,21,69,8913,5796
TGCCTGATCAAACGAT-1,0,20,70,8800,5599
ATAGGGATATCCTTGA-1,1,21,71,8687,5795
CACCTAATCAGTTTAC-1,0,20,72,8574,5598
TGTGACTACGCCAGTC-1,1,21,73,8460,5795
CCCGACCATAGTCCGC-1,0,20,74,8348,5597
CGCGCCCGACTTAATA-1,1,21,75,8234,5794
TGCCACCTGGCGAAAC-1,1,20,76,8121,5597
CTGCCAAGGTTGGAAG-1,1,21,77,8007,5794
TCTCCAACGTAGGTTA-1,0,20,78,7895,5596
TTCTTGGAGTAATGAG-1,1,21,79,7781,5793
GTCTCGATCTGCTTTC-1,0,20,80,7668,5596
TACTCTCCGAACAAAT-1,1,21,81,7554,5792
ATCACATTAGAATATC-1,0,20,82,7442,5595
TACGGGATGCTAGCAG-1,1,21,83,7328,5792
AGCTGAAGTAAACCAA-1,0,20,84,7215,5594
CATGGGTCGGGTGTGG-1,1,21,85,7101,5791
CACCCACGAGGCAATT-1,0,20,86,6989,5594
TGCCATTACTAAAGAA-1,1,21,87,6875,5790
CCGTTACGTTAGAACA-1,1,20,88,6762,5593
GCCAGGAGTAACCGAT-1,1,21,89,6648,5790
GGAAAGTGCCCATGCC-1,1,20,90,6536,5592
TCTTACCGGAACTCGT-1,1,21,91,6422,5789
TATGTCAAGACCGACT-1,1,20,92,6309,5592
CCTAACTAAGGCTCTA-1,1,21,93,6196,5789
GCGGTGAACTGCGCTC-1,1,20,94,6083,5591
CCTCGCGCGATATAGG-1,1,21,95,5969,5788
ATCGGCAAGCAGTCCA-1,1,20,96,5856,5591
AGATCGTGCATAAGAT-1,1,21,97,5743,5787
ATTCAGGACCTATTTC-1,1,20,98,5630,5590
AGCTAGAAGCAGAAGT-1,1,21,99,5516,5787
TTCGCTATCTGACGTG-1,1,20,100,5403,5589
TTCCGCAGAGAAATAT-1,1,21,101,5290,5786
CAGTACATTCTCTAAA-1,1,20,102,5177,5589
GTGAAGATTTCAAGTG-1,1,21,103,5063,5785
AACGCATGATCTGGGT-1,1,20,104,4951,5588
CCCAGAGGAGGGCGTA-1,1,21,105,4837,5785
GGAAACCTTGTTGAAT-1,0,20,106,4724,5587
GTGAAGCCGTATAGTC-1,0,21,107,4610,5784
GAGCTGTCGTCTCGGA-1,0,20,108,4498,5587
TGTCATTTGTTGGGAA-1,0,21,109,4384,5784
ACCAACACCACACACT-1,0,20,110,4271,5586
AAATGATTCGATCAGC-1,0,21,111,4157,5783
CTGCTTTATGTCCGCG-1,0,20,112,4045,5586
GCGAGAGGCCATGTAA-1,0,21,113,3931,5782
ATTGACCGGCGATGAC-1,0,20,114,3818,5585
ACCCTGGTAACGCCCT-1,0,21,115,3704,5782
GTTGGACCGCATCAGG-1,0,20,116,3592,5584
CGTTTACAAGGCAGCT-1,0,21,117,3478,5781
CGGTCCATGAGACTCC-1,0,20,118,3365,5584
GTTCGTCTGGGTCCCT-1,0,21,119,3252,5780
TGTACTACTCTCACGG-1,0,20,120,3139,5583
AGTGAAGATGGTGTCC-1,0,21,121,3025,5780
GAGGGCCATAATATTA-1,0,20,122,2912,5582
ACTCCCGTAGACTAGG-1,0,21,123,2799,5779
CGTCAAATGGTCGCAG-1,0,20,124,2686,5582
AAGTCTAGTAGCTGCC-1,0,21,125,2572,5779
AAGAAATCACCAGATT-1,0,20,126,2459,5581
GAGTGCACGGACAACA-1,0,21,127,2346,5778
GTTCAAATCAGATGTC-1,0,22,0,16726,6015
CATGGCTCCCTATGTC-1,0,23,1,16612,6211
GGCCACACGAAAGCCT-1,0,22,2,16499,6014
GAAGCCGGGTAAGCTC-1,0,23,3,16385,6211
TTGCGCTCTCTCGCTT-1,0,22,4,16273,6013
TACATGACCTTATCCG-1,0,23,5,16159,6210
GTCCTTCTACAACCCA-1,0,22,6,16046,6013
TATATGCTGGGTTGCC-1,0,23,7,15932,6210
GTTTATGGGATTTAGA-1,0,22,8,15820,6012
GGAACCCGAACAAGAA-1,0,23,9,15706,6209
AACGTTATCAGCACCT-1,0,22,10,15593,6012
CATCGTCCGGTTACTA-1,0,23,11,15480,6208
AGACAGCTCAGAATCC-1,0,22,12,15367,6011
GCAGATCCTCGCAAAT-1,0,23,13,15253,6208
GGGTCATGCGTACCAT-1,0,22,14,15140,6010
CTGGTCATTCCAATCC-1,0,23,15,15027,6207
TCAGGGCGCAAACTCG-1,0,22,16,14914,6010
GATGCCAGCAGAAGGC-1,0,23,17,14800,6206
GTTATTAACGTGGGAG-1,0,22,18,14687,6009
AATACAATGTTTCAGG-1,0,23,19,14574,6206
TTGCTGCACCTATCCA-1,0,22,20,14461,6008
CCAGAGACAAAGCCGG-1,0,23,21,14347,6205
CCGAAGTATATTGTTC-1,0,22,22,14235,6008
GCTAAACCTGAGGTGA-1,0,23,23,14121,6205
TCATACTTACAGATCC-1,0,22,24,14008,6007
CGAGCACTTCAAGTTT-1,0,23,25,13894,6204
TAGCAACCTGTCACAA-1,0,22,26,13782,6007
TGGGAAATGCCTTTCC-1,0,23,27,13668,6203
AGACCATGGGATACAA-1,0,22,28,13555,6006
TAAATGAATCCGTTTC-1,0,23,29,13441,6203
ACAACGGTCCCTGCGA-1,0,22,30,13329,6005
GTCACTCTCCAAATCT-1,0,23,31,13215,6202
TTCTACTTGCGAGGGC-1,0,22,32,13102,6005
CGCAATTACTTTCGGT-1,0,23,33,12988,6201
CTGTTCATCTCACGGG-1,0,22,34,12876,6004
TTCTTGTAACCTAATG-1,0,23,35,12762,6201
GCTTGATGATAATCAG-1,0,22,36,12649,6003
TTGGCTCGCATGAGAC-1,0,23,37,12536,6200
GCCCAGTTGGTATGCC-1,0,22,38,12423,6003
ATTCCTCCGCCAGTGC-1,0,23,39,12309,6200
TCGTCCGCTGGCGTCT-1,0,22,40,12196,6002
GGAGAAGTCATTGGCA-1,0,23,41,12083,6199
TTGTTAGCAAATTCGA-1,0,22,42,11970,6002
TCTAGCATCTTCGATG-1,0,23,43,11856,6198
TTCTAGGCCAATTGTG-1,0,22,44,11743,6001
TCACGGTCATCGCACA-1,0,23,45,11630,6198
ATGAAGCCAAGGAGCC-1,0,22,46,11517,6000
AATGACTGTCAGCCGG-1,0,23,47,11403,6197
CCAAACAGAACCCTCG-1,0,22,48,11290,6000
TATCGATGATTAAACG-1,0,23,49,11177,6196
GAACACACATCAACCA-1,0,22,50,11064,5999
CCCGTCAGCGTCTGAC-1,0,23,51,10950,6196
AGCATCGTCGATAATT-1,0,22,52,10838,5998
GACTAAGATCATGCAC-1,0,23,53,10724,6195
TAGGGTGTTTCAAGAG-1,0,22,54,10611,5998
TGGTTCGTAGCAAAGG-1,0,23,55,10497,6195
CTGTTCACTGCCTGTG-1,0,22,56,10385,5997
ATGTGCATCCGACGCA-1,0,23,57,10271,6194
TTGTCGTTCAGTTACC-1,0,22,58,10158,5997
CGGGATCAATGTAAGA-1,0,23,59,10044,6193
TTATCTGTATCATAAC-1,0,22,60,9932,5996
ATCGACTCTTTCCGTT-1,0,23,61,9818,6193
CTCATTTGATGGGCGG-1,0,22,62,9705,5995
GTAAGCGGGCAGTCAG-1,0,23,63,9591,6192
TCTATCGGTCGCAACA-1,1,22,64,9479,5995
AACGCGGTCTCCAGCC-1,0,23,65,9365,6191
ATTAATACTACGCGGG-1,1,22,66,9252,5994
CTTTAACTTTCAAAGG-1,0,23,67,9139,6191
CGTACCTGATAGGCCT-1,1,22,68,9026,5993
GAATGTTGGGTAATCT-1,1,23,69,8912,6190
TGCGGAGTAAAGGTGC-1,1,22,70,8799,5993
CCTGAATATTTACATA-1,1,23,71,8686,6190
TTGCTCCCATACCGGA-1,1,22,72,8573,5992
CCTCTAATCTGCCAAG-1,1,23,73,8459,6189
AGGTTGAGGCACGCTT-1,1,22,74,8346,5992
TCCCGTCAGTCCCGCA-1,1,23,75,8233,6188
TCCGATGACTGAGCTC-1,1,22,76,8120,5991
CAGCCTCCTGCAGAGG-1,1,23,77,8006,6188
CTTAGCCTTCCACATG-1,1,22,78,7894,5990
ATTAATGAACCAGTCG-1,1,23,79,7780,6187
ACGATACATAGAACTA-1,1,22,80,7667,5990
AGCCACTCCCGTGCTT-1,1,23,81,7553,6186
ATACGGGTTTCGATTG-1,1,22,82,7441,5989
CTGTCAAATGGCTCGG-1,1,23,83,7327,6186
GCTCGGAATTTAAAGC-1,1,22,84,7214,5988
TAGGCATGTTACGCCA-1,1,23,85,7100,6185
TGGCAACTCGCGCGCC-1,1,22,86,6988,5988
ATCAGTAGGCAGGGAT-1,1,23,87,6874,6184
TATCGATCTATGCATA-1,1,22,88,6761,5987
CGACTCAGGATGTTAT-1,1,23,89,6647,6184
GCCATATTGCACACAG-1,1,22,90,6535,5987
AATTCATAAGGGATCT-1,1,23,91,6421,6183
CGGTAGAGGTGCAGGT-1,1,22,92,6308,5986
AATGATGATACGCTAT-1,1,23,93,6194,6183
CTTGTGCTCACCGATT-1,1,22,94,6082,5985
TTCCAATCAGAGCTAG-1,1,23,95,5968,6182
CGATGGACCCTACGCC-1,1,22,96,5855,5985
GGTCGGATAAACGGCG-1,1,23,97,5742,6181
TTAGCTAATACGATCT-1,1,22,98,5629,5984
CTCGATATTTGCGAGC-1,1,23,99,5515,6181
ATTACTTACTGGGCAT-1,1,22,100,5402,5983
CTAGCCGATGTTATGA-1,1,23,101,5289,6180
TACTGCAATCAATTAC-1,1,22,102,5176,5983
TAGTCTGTGACGTTGC-1,1,23,103,5062,6179
CTCGTTTCTAATGTTT-1,1,22,104,4949,5982
TTCGTTCAACGAAGTT-1,1,23,105,4836,6179
CTGAATTTATTGCCAG-1,0,22,106,4723,5982
TGGAATATCCTTGACC-1,0,23,107,4609,6178
CAGATCATTTAAAGTC-1,0,22,108,4497,5981
CTCCTTTACGCAAGTC-1,0,23,109,4383,6178
TCCCAAACAGACAACG-1,0,22,110,4270,5980
ATCGCTGCGTGCAGCA-1,0,23,111,4156,6177
TTAGTTCAAGTGTTCG-1,0,22,112,4044,5980
AAACTCGTGATATAAG-1,0,23,113,3930,6176
TTAACGAACAAGCAGT-1,0,22,114,3817,5979
GTTATATCAGGAGCCA-1,0,23,115,3703,6176
CAAATTGGATTATGCC-1,0,22,116,3591,5978
CGAGGAGCTTCCATAT-1,0,23,117,3477,6175
GGAGACCAATGTGCTT-1,0,22,118,3364,5978
CATTGATGAACACGCC-1,0,23,119,3250,6174
GTCAATGCTATAATTT-1,0,22,120,3138,5977
ACCACCCTCTCTTCTA-1,0,23,121,3024,6174
TGGAGGGAAACACCTC-1,0,22,122,2911,5977
CACGGACGTGGATGGC-1,0,23,123,2797,6173
AACTTTCTCGATCATG-1,0,22,124,2685,5976
CGTATTGTTTCCTAAT-1,0,23,125,2571,6173
CCTACTGCGGCGGCCA-1,0,22,126,2458,5975
CTTAGGTCCCAATCGT-1,0,23,127,2345,6172
CGCAATCGATCATTAG-1,0,24,0,16725,6409
TGGTTATGCTTGCGGT-1,0,25,1,16611,6605
GGCTTGGCTCTCACCT-1,0,24,2,16498,6408
ATTGGTAGGATCCGCT-1,0,25,3,16384,6605
TCAGGGCGACTTCCTT-1,0,24,4,16272,6408
TCTGCAGATTCGAGTC-1,0,25,5,16158,6604
CTCTCGCTGTACTATG-1,0,24,6,16045,6407
AATAGTCGCGAGTCGG-1,0,25,7,15931,6604
AGTTACCCTTAAGACT-1,0,24,8,15819,6406
CTTAAATAAGACCCAT-1,0,25,9,15705,6603
GGTTGTGCTCTTGTCC-1,0,24,10,15592,6406
GTGAGTCTAAGACGGA-1,0,25,11,15478,6602
CGCGACACTGCGCAGC-1,0,24,12,15366,6405
GCTCGCGGTTCCGCTC-1,0,25,13,15252,6602
TTAACTCACGCGTGGA-1,0,24,14,15139,6404
GGAACGGCCTGCAGCC-1,0,25,15,15026,6601
GTAGAAACGGGTGGAG-1,0,24,16,14913,6404
TAATGAAAGACCCTTG-1,0,25,17,14799,6600
AGGCTTGCTAGACACC-1,0,24,18,14686,6403
TTGCGTAGTTTGAGGA-1,0,25,19,14573,6600
CGCCCTTGAAGGCTGA-1,0,24,20,14460,6402
CCCGGTGGAAGAACCT-1,0,25,21,14346,6599
TTAACACCTCGAACAT-1,0,24,22,14233,6402
GATTCCTATACGGCGC-1,0,25,23,14120,6599
TTACCCTAACAGTCCT-1,0,24,24,14007,6401
ACCCACCTACATGCTC-1,0,25,25,13893,6598
AAAGGGCAGCTTGAAT-1,0,24,26,13781,6401
CACACAGGGATAGATT-1,0,25,27,13667,6597
AGAGCGTACAAGCTCG-1,0,24,28,13554,6400
TCTTACGGCATCCGAC-1,0,25,29,13440,6597
GCCTATTCCGATATAG-1,0,24,30,13328,6399
GAAAGTGACTAACTGC-1,0,25,31,13214,6596
CCGGAATGGTTTCAGT-1,0,24,32,13101,6399
AGTATAATACTAGGCA-1,0,25,33,12987,6595
TAACTATCGAAGGTCC-1,0,24,34,12875,6398
ATGAGGAGTGTTAATC-1,0,25,35,12761,6595
TGTGTCGCGAGTTGCA-1,0,24,36,12648,6397
ATCCAACGCAGTCATA-1,0,25,37,12534,6594
AAGGCGCGTAAAGCTT-1,0,24,38,12422,6397
AGTCGGCCCAAACGAC-1,0,25,39,12308,6594
AACGTCAGACTAGTGG-1,0,24,40,12195,6396
ACTACCAGCTCTCTGG-1,0,25,41,12081,6593
GCAAGTGCACAGAGAA-1,0,24,42,11969,6396
ACACCTTAAGTAGGGC-1,0,25,43,11855,6592
TTCGACGGGAAGGGCG-1,0,24,44,11742,6395
TTCGCACTCGCGTGCT-1,0,25,45,11629,6592
TATTTGTTACCCTTTA-1,0,24,46,11516,6394
CGCTGTGACGCCGCAC-1,0,25,47,11402,6591
GTTGCACGGAGTTTCG-1,0,24,48,11289,6394
GTTTCCTGGAGGGTGA-1,0,25,49,11176,6590
ACACCCAGCATGCAGC-1,0,24,50,11063,6393
TCAACCATGTTCGGGC-1,0,25,51,10949,6590
TTACAACTACGCATCC-1,0,24,52,10836,6392
TCCGATGGTGCGACAT-1,0,25,53,10723,6589
GGGCGTACATTTATAT-1,0,24,54,10610,6392
AGCGACCAACGATATT-1,0,25,55,10496,6589
ACACAAAGACGGGTGG-1,0,24,56,10384,6391
ATCGCACGCCGGGAGA-1,0,25,57,10270,6588
GCTCTAAACCCTGACG-1,0,24,58,10157,6391
AATGCAACCGGGTACC-1,0,25,59,10043,6587
TCAAACAACCGCGTCG-1,0,24,60,9931,6390
TATGCTCCCTACTTAC-1,0,25,61,9817,6587
AAAGGGATGTAGCAAG-1,0,24,62,9704,6389
ACGATCATACATAGAG-1,0,25,63,9590,6586
TTGTTCAGTGTGCTAC-1,0,24,64,9478,6389
ATGCATGATCCAGGAT-1,0,25,65,9364,6585
AGTCTTCTCCTCAAAT-1,0,24,66,9251,6388
GATTCCCTTGTCGCAG-1,0,25,67,9137,6585
CTCGCACCTATATAGT-1,0,24,68,9025,6387
ACTCAATAAAGGCACG-1,0,25,69,8911,6584
AACCGAGCTTGGTCAT-1,0,24,70,8798,6387
TAAGGCAACATAAGAT-1,0,25,71,8685,6584
CACGCACAGCGCAGCT-1,0,24,72,8572,6386
GGTTTACAATCTCAAT-1,1,25,73,8458,6583
TGCAGGATCGGCAAAG-1,1,24,74,8345,6386
ATAACGGAGTCCAACG-1,1,25,75,8232,6582
AACGATATGTCAACTG-1,1,24,76,8119,6385
GACAACGACCATTGAA-1,1,25,77,8005,6582
TTGACCATGTTCTCCG-1,1,24,78,7892,6384
AGTACGGGCACCTGGC-1,1,25,79,7779,6581
CGCCATCCGATTATGA-1,1,24,80,7666,6384
AAGGTATCCTAATATA-1,1,25,81,7552,6580
TGTTGTCAAGAAGTCT-1,1,24,82,7439,6383
CAGTGAATAAATGACT-1,1,25,83,7326,6580
CACCTTGCGAAACTCG-1,1,24,84,7213,6382
CATTTAGCGGACCATG-1,1,25,85,7099,6579
CCAGTCTAGACGGCGC-1,1,24,86,6987,6382
TCGCTTTAAACGTTTG-1,1,25,87,6873,6579
GTGAAACGGCGCCACC-1,1,24,88,6760,6381
GGGCTCATCGAACCCA-1,1,25,89,6646,6578
TTGATGTGTAGTCCCG-1,1,24,90,6534,6381
CAGTAGCCCACGCGGT-1,1,25,91,6420,6577
AGCGCGGGTGCCAATG-1,1,24,92,6307,6380
TAATCGATCCGTACGT-1,1,25,93,6193,6577
AGTGGCGGCAATTTGA-1,1,24,94,6081,6379
CCTTTCAATGAAGAAA-1,1,25,95,5967,6576
CTCAGTCACGACAAAT-1,1,24,96,5854,6379
ATAGGCTAGCTTCGCA-1,1,25,97,5740,6575
CGGTTCAAGTAGGTGT-1,1,24,98,5628,6378
CAGTCGAGGATGCAAT-1,1,25,99,5514,6575
TATCACCCAACCGACC-1,1,24,100,5401,6377
AATGATGCGACTCCTG-1,1,25,101,5288,6574
TGGAACCACTGACACA-1,1,24,102,5175,6377
GCCAATAGGGCATCTC-1,1,25,103,5061,6574
TTCTTTGGTCGCGACG-1,1,24,104,4948,6376
ATTAGATTCCTCAGCA-1,1,25,105,4835,6573
CCGTGGAACGATCCAA-1,0,24,106,4722,6376
GGGTCGTGGCAAGTGT-1,0,25,107,4608,6572
TCGCTCGGCACCAGCG-1,0,24,108,4495,6375
ACGCAATCACTACAGC-1,0,25,109,4382,6572
CTCTAATGCATTGATC-1,0,24,110,4269,6374
GTCTCGACTAAGTTTG-1,0,25,111,4155,6571
TGGTTTAAACGTGGGT-1,0,24,112,4043,6374
CGCAGATCTTCACCCG-1,0,25,113,3929,6570
TCCAGATGTACGCCAA-1,0,24,114,3816,6373
CATTGCGGGTCAATTC-1,0,25,115,3702,6570
GACGTTCGTAAATACA-1,0,24,116,3590,6372
TACACCGTCGTTAGTC-1,0,25,117,3476,6569
ACGGGCGTATGCGACA-1,0,24,118,3363,6372
GAAGGCTACCATTGTT-1,0,25,119,3249,6569
TAAATCTTTACACCTC-1,0,24,120,3137,6371
AGTTTATGTAAAGACA-1,0,25,121,3023,6568
AGGAGACATCCACAGT-1,0,24,122,2910,6371
CAACCTGAACCTGCCA-1,0,25,123,2796,6567
AGTCCCTCGCAGAAAG-1,0,24,124,2684,6370
TGTATACGGATGATGA-1,0,25,125,2570,6567
TTGTGGTATAGGTATG-1,0,24,126,2457,6369
TCTGCACCATTAGTAA-1,0,25,127,2343,6566
AAATGTATCTTATCCC-1,0,26,0,16723,6803
ACTCTAAACCTGGGAT-1,0,27,1,16610,7000
GCTGGCAGGTGCCGTG-1,0,26,2,16497,6802
CTCATTCGTGAACATC-1,0,27,3,16383,6999
TCGCCGGATGGGCAAG-1,0,26,4,16271,6802
GGACTAAGTCAGGAGT-1,0,27,5,16157,6998
TATCAAAGGTCTGTAA-1,0,26,6,16044,6801
TTCAGTTTGTGGCAGC-1,0,27,7,15930,6998
TGTTCATAAATGTGCT-1,0,26,8,15818,6800
CTTAGCCCGGATAGTG-1,0,27,9,15704,6997
GATGCGAATGGTATTA-1,0,26,10,15591,6800
TCTAACTGTATGTAAA-1,0,27,11,15477,6996
TTAAACCTGGTTCCTT-1,0,26,12,15365,6799
GCTAAGTAAAGGCGAT-1,0,27,13,15251,6996
AGTTACCGCACATGGT-1,0,26,14,15138,6798
GACTGCGGCACGTGTA-1,0,27,15,15024,6995
TGGTGATCGTATTTGT-1,0,26,16,14912,6798
TTATCGCCTGCGAAGC-1,0,27,17,14798,6995
TGGAATTAGACGCTTT-1,0,26,18,14685,6797
TCGTCACACTGTTAGC-1,0,27,19,14572,6994
TTATGTTTGCGATAGA-1,0,26,20,14459,6797
GGTGCTGATCACAAAG-1,0,27,21,14345,6993
CATAGCCGCCCGGGAT-1,0,26,22,14232,6796
GGTTAGTTACGGCGCC-1,0,27,23,14119,6993
ATTCCCACATAAACAA-1,0,26,24,14006,6795
ATTCAGTAGCAGGGTC-1,0,27,25,13892,6992
CAGTTCCGCGGGTCGA-1,0,26,26,13779,6795
AAGAGATGAATCGGTA-1,0,27,27,13666,6991
CGCAATTCTACAATAA-1,0,26,28,13553,6794
TAACGCTTTGAGAGCG-1,0,27,29,13439,6991
AGGCTATGGTTAGCTT-1,0,26,30,13327,6793
GAGGAATGGAGAGGTT-1,0,27,31,13213,6990
TCCTCTACGAGATGGC-1,0,26,32,13100,6793
TTGATTATGCAGATGA-1,0,27,33,12986,6989
TCAGTACTGACCCGCG-1,0,26,34,12874,6792
TTATGACAAACTGGAT-1,0,27,35,12760,6989
GTAAGTAGGGTATACC-1,0,26,36,12647,6792
CGCAAACACGAGTTAC-1,0,27,37,12533,6988
TGGCCGTATATTGACC-1,0,26,38,12421,6791
ACTGTAGCACTTTGGA-1,0,27,39,12307,6988
GCTCTATGTTACGTGC-1,0,26,40,12194,6790
TGCGCGATTAACGGAG-1,0,27,41,12080,6987
GAATCGACATGGTCAC-1,0,26,42,11968,6790
GACTAAGTAGGCTCAC-1,0,27,43,11854,6986
ATCTTGACCTGCAACG-1,0,26,44,11741,6789
ATGCACTACCGCATTG-1,0,27,45,11627,6986
CAGATACTAACATAGT-1,0,26,46,11515,6788
GATCGACACTATCTGA-1,0,27,47,11401,6985
ATAGAGTACTGGGACA-1,0,26,48,11288,6788
CCTACTGCTTACACTT-1,0,27,49,11175,6984
CCTGCTATTTGAGAAG-1,0,26,50,11062,6787
CGCGTTCATGAAATAC-1,0,27,51,10948,6984
CATTATGCTTGTTGTG-1,0,26,52,10835,6787
CCAGGGACGTGGCCTC-1,0,27,53,10722,6983
TATGGATGTGCTACGC-1,0,26,54,10609,6786
GTACTAAGATTTGGAG-1,0,27,55,10495,6983
AGACCCGCCCTCCTCG-1,0,26,56,10382,6785
CGCATTAGCTAATAGG-1,0,27,57,10269,6982
GCTCTCGGGTACCGAA-1,0,26,58,10156,6785
CACCGCCAGAAGGTTT-1,0,27,59,10042,6981
TCCCAAAGACGAAGGA-1,0,26,60,9930,6784
ATGGATTGACCAAACG-1,0,27,61,9816,6981
GTCATGGACATGACTA-1,0,26,62,9703,6783
CTACTGCCACCTGACC-1,0,27,63,9589,6980
TTATATTTGGCAATCC-1,0,26,64,9477,6783
AGCACCAGTACTCACG-1,0,27,65,9363,6979
CATGGTCTAGATACCG-1,0,26,66,9250,6782
TCTACCGTCCACAAGC-1,0,27,67,9136,6979
CTAGTTGGGCCCGGTA-1,0,26,68,9024,6782
TCCCGCGTACTCCTGG-1,1,27,69,8910,6978
CAGAGCATGAGCTTGC-1,0,26,70,8797,6781
ACACGGGAACTTAGGG-1,1,27,71,8683,6978
GGCTCTGCTCCAACGC-1,1,26,72,8571,6780
AGAACGTGGTACATTC-1,1,27,73,8457,6977
CAATAAACCTTGGCCC-1,1,26,74,8344,6780
ACTTCGCCATACGCAC-1,1,27,75,8230,6976
ATCTGGTTAAGACTGT-1,1,26,76,8118,6779
TCGTAAGACGACATTG-1,1,27,77,8004,6976
GTGTACCTTGGCTACG-1,1,26,78,7891,6778
GCCCGTAATACCTTCT-1,1,27,79,7778,6975
CGGTCAAGTGGGAACC-1,1,26,80,7665,6778
TTGTAAGGCCAGTTGG-1,1,27,81,7551,6974
GGAGCACCAAGAACTA-1,1,26,82,7438,6777
TAATAGTGACGACCAG-1,1,27,83,7325,6974
CTAAATCCTATTCCGG-1,1,26,84,7212,6777
CGAGTTCTGTCCCACC-1,1,27,85,7098,6973
AGGCAGATGCGTAAAC-1,1,26,86,6985,6776
AAGGATGAGGGACCTC-1,1,27,87,6872,6973
AGAGAACCGTCTAGGA-1,1,26,88,6759,6775
GAGGGCGCAGCTCTGC-1,1,27,89,6645,6972
AAGATTGGCGGAACGT-1,1,26,90,6533,6775
CCAGTAGTCTGATCCA-1,1,27,91,6419,6971
AAGGGACAGATTCTGT-1,1,26,92,6306,6774
ATAGAGTTATCAACTT-1,1,27,93,6192,6971
AAATTACCTATCGATG-1,1,26,94,6080,6773
GATCCTAAATCGGGAC-1,1,27,95,5966,6970
TTACAGACCTAAATGA-1,1,26,96,5853,6773
CCTCACCTTAGCATCG-1,1,27,97,5739,6969
CATGCGACCAGTTTAA-1,1,26,98,5627,6772
AACATATCAACTGGTG-1,1,27,99,5513,6969
CTATAAGAGCCAATCG-1,1,26,100,5400,6772
AATATCGAGGGTTCTC-1,1,27,101,5286,6968
GTACTCCTGGGTATGC-1,1,26,102,5174,6771
ATAAGTAGGATTCAGA-1,1,27,103,5060,6968
AGGTCGCGGAGTTACT-1,1,26,104,4947,6770
CTAATTCTCAGATATT-1,0,27,105,4834,6967
GCCAACCATTTCCGGA-1,0,26,106,4721,6770
TGATCCCAGCATTAGT-1,0,27,107,4607,6966
CGTTGTAAGATTGATT-1,0,26,108,4494,6769
GAAACCATGGTGCGCT-1,0,27,109,4381,6966
AATCTATGCCGGAGCC-1,0,26,110,4268,6768
GACTCCCAGAATAAGG-1,0,27,111,4154,6965
TATGATCCGGCACGCC-1,0,26,112,4041,6768
CCGCTTGCTGACATGG-1,0,27,113,3928,6964
TGGTTAAGGGCGCTGG-1,0,26,114,3815,6767
TTGATAGTCAATACAT-1,0,27,115,3701,6964
GGTTTAATTGAGCAGG-1,0,26,116,3588,6766
CATTACATAGATTGTG-1,0,27,117,3475,6963
GGTACACCAGATTTAT-1,0,26,118,3362,6766
GGCCCGTATACCATGC-1,0,27,119,3248,6963
ATCTTTCGTATAACCA-1,0,26,120,3136,6765
GAGATGACAATCCTTA-1,0,27,121,3022,6962
AAAGCTTGCCTACATA-1,0,26,122,2909,6765
GAACGATAAGTTAAAG-1,0,27,123,2795,6961
TAATAGCTAAATGATG-1,0,26,124,2683,6764
TATGGCTAGGCTAATT-1,0,27,125,2569,6961
AGGAGAGTCTGGCTAC-1,0,26,126,2456,6763
TGCTCTGCCGGTTCAC-1,0,27,127,2342,6960
CCAATAGATTTCATCT-1,0,28,0,16722,7197
GGGCACGAATTGGCCG-1,0,29,1,16609,7394
TCGTTGACAGGGTCCC-1,0,28,2,16496,7196
ATCGTATTCCGAGAAC-1,0,29,3,16382,7393
GGGAATTCTGTCCAGT-1,0,28,4,16269,7196
ACGCGTTTCTTAAGAG-1,0,29,5,16156,7392
GAGAGCGCAGTCCCTG-1,0,28,6,16043,7195
GTCCTATTGTTGTGGT-1,0,29,7,15929,7392
CATCTGCAGGATCATT-1,0,28,8,15817,7194
GAGTCGACAGACCCTC-1,0,29,9,15703,7391
AAGTGCAAAGGTAGAC-1,0,28,10,15590,7194
AGGGTGGATAGTGCAT-1,0,29,11,15476,7390
TGATAGCGGGATTCTA-1,0,28,12,15364,7193
GTCAGTTTGGTAGTCG-1,0,29,13,15250,7390
GCATTCGAAATGAACA-1,0,28,14,15137,7192
AAAGACTGGGCGCTTT-1,0,29,15,15023,7389
TAACAATATTTGTTGC-1,0,28,16,14911,7192
CCAGCTTCCGCCCGCA-1,0,29,17,14797,7389
GATATGGATTACGCGG-1,0,28,18,14684,7191
AGAGCAGTTATGAGAC-1,0,29,19,14570,7388
TCACATCTTATCTGAT-1,0,28,20,14458,7191
TATGAAGACAGGTGCG-1,0,29,21,14344,7387
TACCTGCTGCACTGTG-1,0,28,22,14231,7190
TAGGTCCAAGTAAGGA-1,0,29,23,14117,7387
GAAACTCGTGCGATGC-1,0,28,24,14005,7189
AACAATTACTCTACGC-1,0,29,25,13891,7386
CCGCACGTGACCTCGG-1,0,28,26,13778,7189
AACTTGCCCGTATGCA-1,0,29,27,13665,7385
GGGTATGTATGCACTT-1,0,28,28,13552,7188
TTCGTACTCCAGAACG-1,0,29,29,13438,7385
GAATTTCTCGCTGCAG-1,0,28,30,13325,7187
AACAGGATGGGCCGCG-1,0,29,31,13212,7384
GACGTGTAGGGATTAT-1,0,28,32,13099,7187
TAGGTGAGCCCTACTC-1,0,29,33,12985,7384
CTAATTCGCACGCGCT-1,0,28,34,12872,7186
GAAGCTTGCTGACCGC-1,0,29,35,12759,7383
GGTTAGGCTTGGAGAA-1,0,28,36,12646,7186
ACAAGGACAAGAGGTT-1,0,29,37,12532,7382
AGGCCACCCGTTATGA-1,0,28,38,12420,7185
GTGGGCTTAGACACAC-1,0,29,39,12306,7382
CGTGTCCCATTCGCGA-1,0,28,40,12193,7184
TGGAGTGATGCGATGA-1,0,29,41,12079,7381
AACAACTGGTAGTTGC-1,0,28,42,11967,7184
CCTGGCTAGACCCGCC-1,0,29,43,11853,7380
CGCAATTAGGGTAATA-1,0,28,44,11740,7183
TCGAAATTTAGGACCA-1,0,29,45,11626,7380
AGACTAGCCTTCCAGA-1,0,28,46,11514,7182
TTGATCTAACTTTGTC-1,0,29,47,11400,7379
AAGGAGCGGTTGGTGC-1,0,28,48,11287,7182
ACTTGGGACCCGGTGG-1,0,29,49,11173,7379
TGATCTCCGGCGCCAG-1,0,28,50,11061,7181
CAGTTCAAATTGACAC-1,0,29,51,10947,7378
GTCCGGCTGAATTGCG-1,0,28,52,10834,7181
CTGGAAATGGATGCTT-1,0,29,53,10721,7377
TGATCGGTTTGACCCT-1,0,28,54,10608,7180
TAGAGTCTAAGCGAAC-1,0,29,55,10494,7377
GAGACTGATGGGTAGA-1,0,28,56,10381,7179
TAGCTAAGTCCGGGAG-1,0,29,57,10268,7376
GGGCGATATGTGTGAA-1,0,28,58,10155,7179
CTCGAGGTCGAACAGT-1,0,29,59,10041,7375
GATCCCTTTATACTGC-1,0,28,60,9928,7178
GTCATGCACCTCCGTT-1,0,29,61,9815,7375
ACTTTCCTATAGCTTC-1,0,28,62,9702,7177
TCGCTCGATATATTCC-1,0,29,63,9588,7374
ATAGGTTGGGCAGATG-1,0,28,64,9476,7177
CAATTAAGGGTGATGA-1,0,29,65,9362,7374
ACCGACTGAGTCCCAC-1,0,28,66,9249,7176
CCTGTCACCCGGGCTC-1,0,29,67,9135,7373
GATCGGTGGCCATAAC-1,0,28,68,9023,7176
CCTATGGGTTACCGTC-1,1,29,69,8909,7372
TTGGGACACTGCCCGC-1,0,28,70,8796,7175
CGAGGCTAAATATGGC-1,1,29,71,8682,7372
TCAGGGTGTAACGTAA-1,1,28,72,8570,7174
CGAGAGATGTGAACCT-1,1,29,73,8456,7371
TCGCTGGGCGGATTGT-1,1,28,74,8343,7174
AGATCTCAGGTGTGAT-1,1,29,75,8229,7370
TGGCCAAACTGAAGTA-1,1,28,76,8117,7173
GCTTCCGTCCCTAGAC-1,1,29,77,8003,7370
CAGCAGCCCGTTCCTT-1,1,28,78,7890,7172
TGTATAACAGATCCTG-1,1,29,79,7776,7369
CGCGGGAATTAGGCAG-1,1,28,80,7664,7172
TGCATGTGGTAATCTA-1,1,29,81,7550,7369
ACAATTTGAGCAGTGG-1,1,28,82,7437,7171
GAGCTAAGGGCATATC-1,1,29,83,7324,7368
CCAGATAGTTGAGTGA-1,1,28,84,7211,7171
CCACAATGTACGTCTT-1,1,29,85,7097,7367
CAATGGATCTCTACCA-1,1,28,86,6984,7170
TGTGGCAAAGCGTATG-1,1,29,87,6871,7367
TAAAGCGTTAGGAGAA-1,1,28,88,6758,7169
TCCGTTTAGCCTTGAA-1,1,29,89,6644,7366
CAGCTCGACAAGTTAA-1,1,28,90,6531,7169
GCCTATAGTGTCAGGG-1,1,29,91,6418,7365
ATAGACAACGGGACCT-1,1,28,92,6305,7168
CTACTATCTTTCAGAG-1,1,29,93,6191,7365
GCGCTGCTTTGCATTT-1,1,28,94,6079,7167
GCGCATCCAGTCAGCA-1,1,29,95,5965,7364
GACTCGCGGGAATGAC-1,1,28,96,5852,7167
CTGGTAACGAGCTCTT-1,1,29,97,5738,7364
TCCGGCCTAGCGTACA-1,1,28,98,5626,7166
TCTAGGTGGCGACGCT-1,1,29,99,5512,7363
ACGCTAGTGATACACT-1,1,28,100,5399,7166
ATCTGCACCTCTGCGA-1,1,29,101,5285,7362
CCTCACCTGAGGGAGC-1,0,28,102,5173,7165
AGTGAGCCTCGCCGCC-1,1,29,103,5059,7362
ACGAGTACGGATGCCC-1,0,28,104,4946,7164
GGTACCATTAAGACGG-1,0,29,105,4832,7361
TTCTGCTAGACTCCAA-1,0,28,106,4720,7164
TAACTATTACGCCAAA-1,0,29,107,4606,7360
GCATTCAAGGCAACGC-1,0,28,108,4493,7163
AGTACATCATTTATCA-1,0,29,109,4379,7360
GTCGTGTCTGGTCATC-1,0,28,110,4267,7162
AGTCTAAAGTATACTC-1,0,29,111,4153,7359
CGGCCCAACCTGTAGT-1,0,28,112,4040,7162
AGGGAGACATACTTCG-1,0,29,113,3927,7359
TCCCTAGATCAATAGG-1,0,28,114,3814,7161
TCCCGTCGCGTCATAG-1,0,29,115,3700,7358
CGCATCCATCAGCCAG-1,0,28,116,3587,7161
CTGCACCTAGTCCACA-1,0,29,117,3474,7357
CGAGGATCGGGAACGA-1,0,28,118,3361,7160
CAATGAGGTTCGACTA-1,0,29,119,3247,7357
TCTGACGGGCTAACCC-1,0,28,120,3134,7159
TTCTATGCCTTTCGCA-1,0,29,121,3021,7356
AGAGTATAGTGTTACG-1,0,28,122,2908,7159
CCATTGTTTCCTCCAT-1,0,29,123,2794,7355
CTCATCACTTAGTGAT-1,0,28,124,2682,7158
CCGAAGGGCGTACCGC-1,0,29,125,2568,7355
TCAAGCTGCCTTGAAA-1,0,28,126,2455,7157
CTCATTAACGTTGCCC-1,0,29,127,2341,7354
GTCTTCCTCACCTAAG-1,0,30,0,16721,7591
GGTGATGAAGGAAGTG-1,0,31,1,16608,7788
TCAATACAATTGCTGC-1,0,30,2,16495,7590
GCAACCCAAGTTGTTT-1,0,31,3,16381,7787
ATGAAGTGGACCCAGC-1,0,30,4,16268,7590
GAGAATCTCACGATCA-1,0,31,5,16155,7786
TATATCATTGATCAGT-1,0,30,6,16042,7589
AACTTTACGGGAGCTT-1,0,31,7,15928,7786
TTCTTGTGTCCATCAG-1,0,30,8,15815,7588
ACAATTTAGGAGGCTC-1,0,31,9,15702,7785
ATACTTGTTCTCGAGC-1,0,30,10,15589,7588
CACGGGATTGAGGGTT-1,0,31,11,15475,7784
GTTAATGTCTATCTTA-1,0,30,12,15363,7587
GCGTTATATTTGGAAC-1,0,31,13,15249,7784
CGTCAAGGCTATAAAT-1,0,30,14,15136,7587
TTAGCTCTGTAATCCG-1,0,31,15,15022,7783
AATGGTCCACCGTTCA-1,0,30,16,14910,7586
GTCATTGCATTGACCC-1,0,31,17,14796,7783
TGTCCGTGGCGCCTTT-1,0,30,18,14683,7585
TCAACTAACGTATAAC-1,0,31,19,14569,7782
TCCTCTCCAGTTGTCC-1,0,30,20,14457,7585
TGTGTTCGTATCCAAG-1,0,31,21,14343,7781
CCGCGTAGGTAAGGGC-1,0,30,22,14230,7584
CTGCGGGTGAAATGTT-1,0,31,23,14116,7781
TATCTACAGAGGTAAT-1,0,30,24,14004,7583
CTACTCTAGGCCCGGC-1,0,31,25,13890,7780
ACAAGCAGTGCCTAGC-1,0,30,26,13777,7583
TACAAGTCTCGTGCAT-1,0,31,27,13663,7779
TCGGAATGCGCTCTGA-1,0,30,28,13551,7582
TCGCGTCCAGAAGGTC-1,0,31,29,13437,7779
TATGGCCCGGCCTCGC-1,0,30,30,13324,7582
GCTGGCATATTCACCT-1,0,31,31,13211,7778
GTCAGAATAGTCTATG-1,0,30,32,13098,7581
GGCGTCCTATCCGCTG-1,0,31,33,12984,7778
CGGAGTTTGAGAGACA-1,0,30,34,12871,7580
AGCACTTAAGGACGCC-1,0,31,35,12758,7777
TCCACAATGGTTTACG-1,0,30,36,12645,7580
CCAACGATGCACTGAT-1,0,31,37,12531,7776
ATTTACAGTTTACTGG-1,0,30,38,12418,7579
CCCTGAAATGAGTTGA-1,0,31,39,12305,7776
CAAACGGTCGCACTTT-1,0,30,40,12192,7578
TGATTCGTCTATCACT-1,0,31,41,12078,7775
TCAGGTTCTTTGAGAA-1,0,30,42,11966,7578
CACGCAGCGAGGCTTT-1,0,31,43,11852,7774
TTAAGCGCCTGACCCA-1,0,30,44,11739,7577
CTTACACGGTATTCCA-1,0,31,45,11625,7774
AAGGCTGTGCTCATCG-1,0,30,46,11513,7577
GACCAGAGCCCTGTAG-1,0,31,47,11399,7773
TCCCAGGCTTAGCTAA-1,0,30,48,11286,7576
ATTGAAGATCTTAGTG-1,0,31,49,11172,7773
AGTTCCTACAGAATTA-1,0,30,50,11060,7575
GGGCTGGTTAGTCGCG-1,0,31,51,10946,7772
GAAATGGCGGTGTTAG-1,0,30,52,10833,7575
TACGAACACGACTTCA-1,0,31,53,10719,7771
ACCACAAGTTTCTATC-1,0,30,54,10607,7574
ATATTTAACCCTCAAG-1,0,31,55,10493,7771
GATCATTCCAAACATT-1,0,30,56,10380,7573
TCCAGGCGAGTACGGT-1,0,31,57,10266,7770
GTTTGACCAAATCCTA-1,0,30,58,10154,7573
CACAGCACCCACGGCA-1,0,31,59,10040,7769
TGCAAGAATGACGTAA-1,0,30,60,9927,7572
GCGAAGCCATACCCGT-1,0,31,61,9814,7769
TCCTTTCTTACGCTTA-1,0,30,62,9701,7571
GCTGCTCTCCGGACAC-1,0,31,63,9587,7768
ACTGTCTTCTTTAGAA-1,0,30,64,9474,7571
TCAAACTTAGATTGTT-1,0,31,65,9361,7768
CTATGTCACTAGCCCA-1,0,30,66,9248,7570
TGCGCAAAGCATTTGG-1,1,31,67,9134,7767
TTAATGTAGACCAGGT-1,1,30,68,9021,7570
GGCGGTAGGATCATTG-1,1,31,69,8908,7766
GGCAATAGTCAATGAG-1,1,30,70,8795,7569
ACACGAGACTCCTTCT-1,1,31,71,8681,7766
GACACAAGGGAAGAAA-1,1,30,72,8569,7568
TCAGCAAATGCATCTC-1,1,31,73,8455,7765
GAGATCTGTCACTCCG-1,1,30,74,8342,7568
ATGCCGGTCTTGCATA-1,1,31,75,8228,7764
TTGGGCGGCGGTTGCC-1,1,30,76,8116,7567
TTGTTGTGTGTCAAGA-1,1,31,77,8002,7764
ACTGTACGATACACAT-1,1,30,78,7889,7566
TCCACTTTATCTAGGT-1,1,31,79,7775,7763
GGTCTGAGAATCTGGA-1,1,30,80,7663,7566
TAGAAAGGTGGCGCTA-1,1,31,81,7549,7763
TATGTCTCATTGTGCC-1,1,30,82,7436,7565
GGATTTCACTTCTATA-1,1,31,83,7322,7762
TGAGTGGTCCGTGACG-1,1,30,84,7210,7565
CGCTTTCTTGCATTCG-1,1,31,85,7096,7761
ACCCAACGCCCGTGGC-1,1,30,86,6983,7564
GAACGTCTCATGGTCG-1,1,31,87,6870,7761
AGGGTTCCCTTTGGTT-1,1,30,88,6757,7563
GTAGCTTCCTCTTGTT-1,1,31,89,6643,7760
GCATGAGGGACGCGGC-1,1,30,90,6530,7563
CTACCCTAAGGTCATA-1,1,31,91,6417,7759
TCACCGCTCGGCACTC-1,1,30,92,6304,7562
GGCTCGCGTTGAGGTA-1,1,31,93,6190,7759
CTAACGAAACTTGCTG-1,1,30,94,6077,7561
TTAAACTCGAATTCAT-1,1,31,95,5964,7758
TACTTTACTGAGCCGG-1,1,30,96,5851,7561
GCTTGGATCGATTAGG-1,1,31,97,5737,7758
CGGTTATCCAACAGTG-1,1,30,98,5625,7560
CAGACCTGTAAGTGTT-1,1,31,99,5511,7757
GACGGTCAATAGAAGC-1,1,30,100,5398,7560
CTGACTGCGCAGCTCG-1,1,31,101,5284,7756
CCATACCTTTACTTGT-1,1,30,102,5172,7559
GTAATAAAGGGCTCCC-1,0,31,103,5058,7756
GTGAACTCCCATTCGA-1,0,30,104,4945,7558
GTGGTTACTTCTTTCG-1,0,31,105,4831,7755
TCAGAACCTCCACAGG-1,0,30,106,4719,7558
TCCCACTCTCTTCCGG-1,0,31,107,4605,7754
ATCTTGACTTGTCCAA-1,0,30,108,4492,7557
TCGGGAACGTGCCTAG-1,0,31,109,4378,7754
GTTAGCCGTAAATCAA-1,0,30,110,4266,7556
ATTTACTAAGTCCATT-1,0,31,111,4152,7753
GGGTGCATATGAAAGC-1,0,30,112,4039,7556
TCCGAATGGTCCTGAG-1,0,31,113,3925,7753
TGATGGCTGTTTCTGA-1,0,30,114,3813,7555
AAATAAGGTAGTGCCC-1,0,31,115,3699,7752
CCACTATCCGGGTCAC-1,0,30,116,3586,7555
ACACCACATAATTAGC-1,0,31,117,3473,7751
CGCGGTAAGTCTAGCT-1,0,30,118,3360,7554
GCGGGCATTACGATGC-1,0,31,119,3246,7751
AGGATTGCTTACGACA-1,0,30,120,3133,7553
CTCGGGATAACACCTA-1,0,31,121,3020,7750
GTCGTCTGGTTGGCTA-1,0,30,122,2907,7553
GCAATTAGTCGCACCG-1,0,31,123,2793,7749
GTGACCTAAAGAATAA-1,0,30,124,2680,7552
CTGAGCGAGACTTATT-1,0,31,125,2567,7749
CAAGACTCAGAAGCGC-1,0,30,126,2454,7551
ACTTCGCTAGCGAGTG-1,0,31,127,2340,7748
CCATACTCGCCTCTCC-1,0,32,0,16720,7985
ACGATACCTATCCTGA-1,0,33,1,16606,8182
CTCACCAGTACAAGTG-1,0,32,2,16494,7984
CGAAGACGGTGAGTGC-1,0,33,3,16380,8181
AAATTAATAAGCGCGA-1,0,32,4,16267,7984
GGGCCCTTATCTATAC-1,0,33,5,16154,8180
CTGCCCACGAAGCGTT-1,0,32,6,16041,7983
GGACAAGTTGCAGTGA-1,0,33,7,15927,8180
GTCCGAGAGCAATCAT-1,0,32,8,15814,7982
ATGGCAGCCGAGAAAC-1,0,33,9,15701,8179
CCTCGGATGCTACCTG-1,0,32,10,15588,7982
ATACGGTGAAGATGCA-1,0,33,11,15474,8179
ACATCAGCTGGGACGC-1,0,32,12,15361,7981
GGTTGTGTAGCCTGGC-1,0,33,13,15248,8178
CCTGCGTTCTACGCTT-1,0,32,14,15135,7981
GAACGTTAGGAAGACG-1,0,33,15,15021,8177
CTGATAGTGTATCTCA-1,0,32,16,14908,7980
TTCTGCGAGCGCCCTT-1,0,33,17,14795,8177
CTTTGGCGCTTTATAC-1,0,32,18,14682,7979
TCCGAACTTGGCTTAC-1,0,33,19,14568,8176
TAGATTCCTGGTTATT-1,0,32,20,14456,7979
CCGACAAAGGGAGTGC-1,0,33,21,14342,8175
CCATGGCCCTTGTACC-1,0,32,22,14229,7978
GAAATATCACCATCAG-1,0,33,23,14115,8175
ACGAAATGGGCGGCAC-1,0,32,24,14003,7977
GTGAGCGTGCTGCACT-1,0,33,25,13889,8174
CCGCGGGTACGAAGAA-1,0,32,26,13776,7977
TCCCTGGCTCGCTGGA-1,0,33,27,13662,8174
CAGCTTAGTAGGTAGC-1,0,32,28,13550,7976
CACGAAAGTTAGTCCC-1,0,33,29,13436,8173
ACCTAATCGACTTCCT-1,0,32,30,13323,7976
AAGTAGTGACGCGAGG-1,0,33,31,13209,8172
TCCGATTACATTGCCG-1,0,32,32,13097,7975
CCTCCGACAATTCAAG-1,0,33,33,12983,8172
GTTCACAGGAGTCTAG-1,0,32,34,12870,7974
CGAAGTTGCTCTGTGT-1,0,33,35,12757,8171
GTCGGATATCTCAGAC-1,0,32,36,12644,7974
CGCTCTCCGTAGATTA-1,0,33,37,12530,8170
CAAGCAACGTCGGAGT-1,0,32,38,12417,7973
CCATTCCCTGCCCACA-1,0,33,39,12304,8170
CTTTGGCTTTAGTAAA-1,0,32,40,12191,7972
GGCTATTAAGTTGTAT-1,0,33,41,12077,8169
CCATTAGCGATAATCC-1,0,32,42,11964,7972
TGTTCTTCCATTGACT-1,0,33,43,11851,8169
AGATAACTTCAGGGCC-1,0,32,44,11738,7971
ATAGACGAAGAGAAAG-1,0,33,45,11624,8168
GGCGGAGTAATATTAG-1,0,32,46,11512,7971
TGACCCACGTTAGACA-1,0,33,47,11398,8167
TCACAGGTTATTGGGC-1,0,32,48,11285,7970
TCACGCATTGTAGATC-1,0,33,49,11171,8167
TTGAAGAATTCCCAGG-1,0,32,50,11059,7969
AAATGGTCAATGTGCC-1,0,33,51,10945,8166
TAGTGCCCTCCAGAGT-1,0,32,52,10832,7969
GGTATTGCCGAGTTTA-1,0,33,53,10718,8165
CGTATTAAGAGATCTA-1,0,32,54,10606,7968
ACTGTCCAGGATTATA-1,0,33,55,10492,8165
CGGGCAGCTAAACCGC-1,0,32,56,10379,7967
TTGCTGATCATGTTCG-1,0,33,57,10265,8164
TATGGGTACGTATCGT-1,0,32,58,10153,7967
CAGCTCACTGAGACAT-1,0,33,59,10039,8164
GGGACTGCATAGATAG-1,0,32,60,9926,7966
ACGCATTCGTGAGTAC-1,0,33,61,9812,8163
CTCTGGACGCCTGGTG-1,0,32,62,9700,7966
AGGGTTTAGTTCGGGA-1,0,33,63,9586,8162
GGGAGAACTCACAGTA-1,0,32,64,9473,7965
ATCAATCTGGGCTGCA-1,0,33,65,9360,8162
TCTTCGATACCAATAA-1,0,32,66,9247,7964
ACGTAGATTGCTGATG-1,0,33,67,9133,8161
TCTTGATGCGTAGCGA-1,1,32,68,9020,7964
GGGCTGCCTAGGGCGA-1,1,33,69,8907,8160
CTCTCACAATCGATGA-1,1,32,70,8794,7963
CCAAGCGTAACTCGTA-1,1,33,71,8680,8160
ACAACAGCATGAGCTA-1,1,32,72,8567,7962
GTCCCAACGTAAAGTA-1,1,33,73,8454,8159
TCGGAGTACATGAGTA-1,1,32,74,8341,7962
GGGAGTTAATGAGGCG-1,1,33,75,8227,8159
CCGGGCGGTCTCGTCA-1,1,32,76,8115,7961
CCGTAAGTTGGTCCCA-1,1,33,77,8001,8158
GGAGGGCTTGGTTGGC-1,1,32,78,7888,7961
TCGGACGCCCAGCCCA-1,1,33,79,7774,8157
TCTGTGCCATCATAGT-1,1,32,80,7662,7960
GTACTGGAGTTAGACC-1,1,33,81,7548,8157
GGAATGCGCTAGCGTG-1,1,32,82,7435,7959
GTGTGAATAACTTAGG-1,1,33,83,7321,8156
GGTCGGCCAGGAGCTT-1,1,32,84,7209,7959
TAGCCGGCGGTCAGCG-1,1,33,85,7095,8155
CGGGTGTACCCATTTA-1,1,32,86,6982,7958
AGTGATTCAAGCAGGA-1,1,33,87,6868,8155
GTTGGATTGAGAACAC-1,1,32,88,6756,7957
CACACGCGCTGTCTTA-1,1,33,89,6642,8154
TAGACGCCCGTACCGG-1,1,32,90,6529,7957
GGTTTCAATCGGTCAG-1,1,33,91,6415,8153
AATCTGCGTTGGGACG-1,1,32,92,6303,7956
TTACGGATGGTTCGAG-1,1,33,93,6189,8153
CGGCAGGGTCGGGTTG-1,1,32,94,6076,7956
GCTTTCAGAGGAGGTG-1,1,33,95,5963,8152
TCTTCCCATGGGCACA-1,1,32,96,5850,7955
TACCGCGGACTTGCAG-1,1,33,97,5736,8152
AGAATTATGGATTCGA-1,1,32,98,5623,7954
ATTGATGAGTCCTAAC-1,1,33,99,5510,8151
TAGGTCGCCGGAACTG-1,1,32,100,5397,7954
TAACCTACCGTCCGAG-1,0,33,101,5283,8150
CTTAGTAGGCCTACAG-1,0,32,102,5170,7953
CTAGATGTGAGTGTAA-1,0,33,103,5057,8150
ACTCCCGAATTCGTTT-1,0,32,104,4944,7952
GTTCATCGTTTGGCTG-1,0,33,105,4830,8149
ACTTTACCCTCATGAA-1,0,32,106,4718,7952
GCGAGAGTTGCGTCCA-1,0,33,107,4604,8148
GTTCGGGCGTACCATT-1,0,32,108,4491,7951
CGACTTTGTATAGCCT-1,0,33,109,4377,8148
GCCATCGATGCTGCAT-1,0,32,110,4265,7951
GCATTTCCAAGGCTCC-1,0,33,111,4151,8147
ATGTAAGGCTGCTCTT-1,0,32,112,4038,7950
ACGTTCGCAATCAATT-1,0,33,113,3924,8147
GTGACGAGGGTGACCC-1,0,32,114,3812,7949
ATTATAGCTACTTTAC-1,0,33,115,3698,8146
CGTGTGTTAAACCCTG-1,0,32,116,3585,7949
TTGGTATGGCTTGTGT-1,0,33,117,3471,8145
CATTCCCATTCCGTCG-1,0,32,118,3359,7948
TGCCGAAAGCGTATTC-1,0,33,119,3245,8145
CAACACATCTCCTGCC-1,0,32,120,3132,7947
CTGCCTCATATGCAAC-1,0,33,121,3019,8144
TCCCGCCTATGTGCGT-1,0,32,122,2906,7947
GGTTACCCGACACTTT-1,0,33,123,2792,8143
CCAGCGGGATCACCAG-1,0,32,124,2679,7946
ATGTTTCGGCCCGGAG-1,0,33,125,2566,8143
GCGTCTAACCTCCTAA-1,0,32,126,2453,7946
ATCAGGTAGCTGACAG-1,0,33,127,2339,8142
GGTATGAAAGAACTGA-1,0,34,0,16719,8379
GTGGCCTAATATCATT-1,0,35,1,16605,8576
CCTGTGAAACCGTAAC-1,0,34,2,16493,8378
GGCAGAGAGATCGGGA-1,0,35,3,16379,8575
TAGCGTCGAATATTGA-1,0,34,4,16266,8378
CGCCGACTATTCGCTA-1,0,35,5,16152,8574
TCTGGCGCAAGCCGGG-1,0,34,6,16040,8377
AGTGGTTGCGTATAGG-1,0,35,7,15926,8574
ATCGGTTACCTAGTAA-1,0,34,8,15813,8376
CCTGCCCGTTGTCTAG-1,0,35,9,15699,8573
GCACACGCCCATGGTC-1,0,34,10,15587,8376
AGTACGGCCCGTATCG-1,0,35,11,15473,8573
TATCTAGCCTAAAGGA-1,0,34,12,15360,8375
CACTCGGTTAGGAGGA-1,0,35,13,15247,8572
ATGTTCGTCGACCCAC-1,0,34,14,15134,8375
TTCCTCTGCCCGAATA-1,0,35,15,15020,8571
TTACTATCGGCTTCTC-1,0,34,16,14907,8374
GCCGCATTAGTCCGGC-1,0,35,17,14794,8571
TAAGGGCTGGGAGAGG-1,0,34,18,14681,8373
TAAGCAGGCGACACGC-1,0,35,19,14567,8570
AGCACTACCGGCCTGT-1,0,34,20,14454,8373
GAAAGCCCTTTGGACC-1,0,35,21,14341,8569
GACCGACTGAAGCGTC-1,0,34,22,14228,8372
CGGTGAAGACTAAAGT-1,0,35,23,14114,8569
CCCTGCGCTACGCATA-1,0,34,24,14002,8371
TACTGGACAGCTCGGC-1,0,35,25,13888,8568
TTAGTAGGGCGGCGGG-1,0,34,26,13775,8371
GAGGCTATCAAAGTCG-1,0,35,27,13661,8568
TTACCATTGATTACCC-1,0,34,28,13549,8370
ATACCACGGGCAACTT-1,0,35,29,13435,8567
TGTCCTAAGTCACCGC-1,0,34,30,13322,8370
AGGTAGGTACAAAGCT-1,0,35,31,13208,8566
GGCATACAGGTAGCGG-1,0,34,32,13096,8369
TGTAGTGATCTATAAT-1,0,35,33,12982,8566
TCCCGGGTGTGCTGCT-1,0,34,34,12869,8368
TACGATGTTGATCATC-1,0,35,35,12755,8565
CCTCTCTCCCATCTAG-1,0,34,36,12643,8368
GCAGGACTATAGAATA-1,0,35,37,12529,8564
CTAGTGAAGGACAGGA-1,0,34,38,12416,8367
TACGAGAACTTCACGT-1,0,35,39,12303,8564
CGTTGTTTCAATTCCC-1,0,34,40,12190,8366
GCAAATATTACGCTTT-1,0,35,41,12076,8563
CCAATAGTGCCGTCGA-1,0,34,42,11963,8366
ATTGCTGCTCCTCCAT-1,0,35,43,11850,8563
GAGATCTGCTTGGCAT-1,0,34,44,11737,8365
GCCGAAATTCCTACGT-1,0,35,45,11623,8562
GGCACTCCACTGGGCA-1,0,34,46,11510,8365
GGGTCACCGTGACGGT-1,0,35,47,11397,8561
CACTTAATCAGACGGA-1,0,34,48,11284,8364
CGTTTCGCTCATTACA-1,0,35,49,11170,8561
ATAAAGGCTCGGTCGT-1,0,34,50,11057,8363
CACTAAAGTTGCCTAT-1,0,35,51,10944,8560
GTGCTCAAGTACTGTC-1,0,34,52,10831,8363
CCATGCCTGTTTAGTA-1,0,35,53,10717,8559
TCTAGTTATCAGAAGA-1,0,34,54,10605,8362
TTGTAATCCGTACTCG-1,0,35,55,10491,8559
TCCCAGCTTTAGTCTG-1,0,34,56,10378,8361
CTACGCACGGAGTACC-1,0,35,57,10264,8558
AAATTAACGGGTAGCT-1,0,34,58,10152,8361
CGGCCACGCACAAAGT-1,0,35,59,10038,8558
GAAGCGTGAGGAATTT-1,0,34,60,9925,8360
ATATCTTAGGGCCTTC-1,0,35,61,9811,8557
ACGCGGGCCAAGGACA-1,0,34,62,9699,8360
GCGAGTTCTGCAAAGA-1,0,35,63,9585,8556
TATTCGTGCCAGAATA-1,0,34,64,9472,8359
AGGGCTGCAGTTACAG-1,0,35,65,9358,8556
CTAGCATAGTATAATG-1,0,34,66,9246,8358
TAGGTTCGAGTTCGTC-1,0,35,67,9132,8555
GAATTATAGTGAAAGG-1,1,34,68,9019,8358
CTATCGGGTCTCAACA-1,0,35,69,8906,8554
GCGCTAATTGAATAGA-1,1,34,70,8793,8357
ATGCGACAGTCCCATT-1,0,35,71,8679,8554
GGTAGTGCTCGCACCA-1,1,34,72,8566,8356
AAGCTCGTGCCAAGTC-1,0,35,73,8453,8553
TATTCAATTCTAATCC-1,1,34,74,8340,8356
TTCAAAGTCTCTAGCC-1,0,35,75,8226,8553
TTGAATATGGACTTTC-1,1,34,76,8113,8355
AAGAGCTCTTTATCGG-1,1,35,77,8000,8552
TTACTCCGGCCGGGAA-1,1,34,78,7887,8355
AAACGAGACGGTTGAT-1,1,35,79,7773,8551
GCTAAGTAGTTTCTCT-1,1,34,80,7661,8354
ATAACGCCGGAGGGTC-1,1,35,81,7547,8551
GGATCCGGAATATACT-1,1,34,82,7434,8353
TGAAAGGACCTGACTC-1,1,35,83,7320,8550
TCCGCGGCAGCATCTG-1,1,34,84,7208,8353
TGCATATGTCTGTCAC-1,1,35,85,7094,8549
TGTAGGAGAAATTTCC-1,1,34,86,6981,8352
AGTGAGACTTCCAGTA-1,1,35,87,6867,8549
CCCAAACATGCTGCTC-1,1,34,88,6755,8351
GCTTATGAAGCAGGAA-1,1,35,89,6641,8548
TTCTAACCGAAGCTTA-1,1,34,90,6528,8351
GGATGTCCTTACCGCA-1,1,35,91,6414,8548
AGGGTGCTCTCGAGGG-1,1,34,92,6302,8350
AACTCTCAATAGAGCG-1,1,35,93,6188,8547
TCTGAATTCCGTACAA-1,1,34,94,6075,8350
GCGTGGTACTGGGTTA-1,1,35,95,5961,8546
CGTCGGATAGTGTTGA-1,1,34,96,5849,8349
ATATGTCTCCCTAGCC-1,0,35,97,5735,8546
TCTTTAAGACTATGAA-1,1,34,98,5622,8348
TCATTTAAGTCTCCGA-1,0,35,99,5509,8545
GATATTGAGATTGGCG-1,0,34,100,5396,8348
TGACATCGAGCGGACC-1,0,35,101,5282,8544
GCGTAAATGGCCATAA-1,0,34,102,5169,8347
ATTGTACAACTCGGCT-1,0,35,103,5056,8544
TACGCTATAGAAACCT-1,0,34,104,4943,8346
CACCCAAATCTTATGT-1,0,35,105,4829,8543
AGATGATGGAGTCTGG-1,0,34,106,4716,8346
CCACGGTGCCCGGTAG-1,0,35,107,4603,8543
TCAAGAAATACTAGCT-1,0,34,108,4490,8345
AGGTATAATTGATAGT-1,0,35,109,4376,8542
CAAGGTCCTATAGGCT-1,0,34,110,4264,8345
CCGGCACGACCGTTTC-1,0,35,111,4150,8541
ACCTCCGTTATTCACC-1,0,34,112,4037,8344
GCAGCCTATATCACAT-1,0,35,113,3923,8541
GGTATAGTGACACATA-1,0,34,114,3811,8343
AAATTCCAGGTCCAAA-1,0,35,115,3697,8540
TCTTTAGCAGGCGAAC-1,0,34,116,3584,8343
TATTGACATTTCTGCC-1,0,35,117,3470,8539
TCTGATCGGGTGCTAG-1,0,34,118,3358,8342
GGCCCGGAGCATGTCT-1,0,35,119,3244,8539
GGGCGCAGCGTTACTC-1,0,34,120,3131,8341
TTGGCGATCCGAATAT-1,0,35,121,3017,8538
CCACGTAAATTAGACT-1,0,34,122,2905,8341
TCTGATTGGAAATGGA-1,0,35,123,2791,8538
ATGGCGGAATAGTCGC-1,0,34,124,2678,8340
ATCGCTTTACGTCTCA-1,0,35,125,2564,8537
TACGTGCAAGGTTCCT-1,0,34,126,2452,8340
CAGGACAGCTGCCCTT-1,0,35,127,2338,8536
CAAACCAGGTCTGCAT-1,0,36,0,16718,8773
ACAAGCTATATGGAAG-1,0,37,1,16604,8970
TCGCCCACTGCGAGAG-1,0,36,2,16492,8772
AGCCGCAAATTCAAAT-1,0,37,3,16378,8969
TTAACGTTAAAGCCTG-1,0,36,4,16265,8772
CAGCGCCAACACGATA-1,0,37,5,16151,8969
ATCCAATGGTACCGAA-1,0,36,6,16039,8771
GTGCTGCAGATAAGGA-1,0,37,7,15925,8968
GGCCTTTGCAACTGGC-1,0,36,8,15812,8771
GTCGTACCTACGATTG-1,0,37,9,15698,8967
TAGAAATTCACGTATA-1,0,36,10,15586,8770
AGAATAAATCTTCAGG-1,0,37,11,15472,8967
CATTGCGAAATGGGCG-1,0,36,12,15359,8769
GTCTACTCAATTACAA-1,0,37,13,15245,8966
TGTAATGACCACAATA-1,0,36,14,15133,8769
AAAGTCGACCCTCAGT-1,0,37,15,15019,8965
TACTCGGCACGCCGGG-1,0,36,16,14906,8768
AGGTGTATCGCCATGA-1,0,37,17,14793,8965
TGTGCTTTACGTAAGA-1,0,36,18,14680,8767
AAACCTCATGAAGTTG-1,0,37,19,14566,8964
TATAGGGTACTCATGA-1,0,36,20,14453,8767
CCAGCTGATGGTACTT-1,0,37,21,14340,8964
AATATTGGAGTATTGA-1,0,36,22,14227,8766
GGCCCTCACCCACTTA-1,0,37,23,14113,8963
AACCAAGACTTCTCTG-1,0,36,24,14000,8766
TCGTATTACCCATTGC-1,0,37,25,13887,8962
ATTCGACGCCGGGCCT-1,0,36,26,13774,8765
GGCGCAGGACATCTTC-1,0,37,27,13660,8962
GTACTCCCTTATCGCT-1,0,36,28,13548,8764
TGGTCTGTTGGGCGTA-1,0,37,29,13434,8961
AATAACAACGCTCGGC-1,0,36,30,13321,8764
CATACCCGTACCCAGT-1,0,37,31,13207,8960
ACAATCCATTTAAACC-1,0,36,32,13095,8763
GTTACAATTGGTGACG-1,0,37,33,12981,8960
TTGCCCTGATCACGGG-1,0,36,34,12868,8762
CTAACCGCGCGCCCGT-1,0,37,35,12754,8959
CTAAAGAATGCCTACT-1,0,36,36,12642,8762
ACCCATCTTGAGGGTA-1,0,37,37,12528,8958
GATCTTTGCAGGGTAT-1,0,36,38,12415,8761
GGGTACTTCATGAACT-1,0,37,39,12301,8958
GCCGCTTGTGAGAAAC-1,0,36,40,12189,8761
CCTGTAAGACATGATA-1,0,37,41,12075,8957
CGACAGTTCGCGTTAT-1,0,36,42,11962,8760
ACGATGCATATGTTAT-1,0,37,43,11848,8957
TGTTCCGCTTCCATGA-1,0,36,44,11736,8759
GGATGACGCGAGTTTA-1,0,37,45,11622,8956
GAAGTTTCCACTCAAT-1,0,36,46,11509,8759
GCGAGGCCCGAGCAGA-1,0,37,47,11396,8955
CATACTATGTAATTGT-1,0,36,48,11283,8758
CCAATGTCACAGCAAG-1,0,37,49,11169,8955
GTTGGATTTGCGTTGG-1,0,36,50,11056,8757
GGGAGGATGCCCGAAA-1,0,37,51,10943,8954
GATCGCGGGCTCTCCA-1,0,36,52,10830,8757
GTTCGCCATAAGTGCC-1,0,37,53,10716,8953
AGATTATAGGACGTTT-1,0,36,54,10603,8756
TCGAGACCAACACCGT-1,0,37,55,10490,8953
TATGGGACCGAGCAGG-1,0,36,56,10377,8756
GATGCGTCCTGCATTC-1,0,37,57,10263,8952
TATGGTCTGAGTAACA-1,0,36,58,10151,8755
GCATAGAGCACTCAGG-1,0,37,59,10037,8952
CTTCATTGTCAGTGGA-1,0,36,60,9924,8754
GCAGATTAGGGATATC-1,0,37,61,9810,8951
CCTGTCGCCCGTAAAT-1,0,36,62,9698,8754
CAATTTCGTATAAGGG-1,0,37,63,9584,8950
GTACACTTACCTGAAG-1,0,36,64,9471,8753
CCAGCCTGGACCAATA-1,0,37,65,9357,8950
ATGGAGCAGGCCGTGA-1,0,36,66,9245,8752
GTCATTAGAGCGAACG-1,0,37,67,9131,8949
AAGACTGCAAGCTACT-1,0,36,68,9018,8752
CTAGTCACGTCTTAAG-1,0,37,69,8904,8948
ACTCTTGTATAGTAAC-1,0,36,70,8792,8751
ATTAGGCGATGCTTTC-1,0,37,71,8678,8948
TTCGGGACTAATCGCG-1,0,36,72,8565,8751
TGGACTGTTCGCTCAA-1,0,37,73,8452,8947
AACGTGCGAAAGTCTC-1,0,36,74,8339,8750
CCACCCAAGGAAAGTG-1,0,37,75,8225,8947
CCGCACAAAGACCAAC-1,0,36,76,8112,8749
GCGATTGTTAACGTTA-1,0,37,77,7999,8946
ACTCGTCAGTAATCCC-1,0,36,78,7886,8749
GGTGATAAGGAGCAGT-1,0,37,79,7772,8945
AAGAGGCATGGATCGC-1,1,36,80,7659,8748
CACGTTCGTGCTCTAG-1,1,37,81,7546,8945
CTATTTGGTTACGGAT-1,1,36,82,7433,8747
GTACAGAGGCAAGGGT-1,1,37,83,7319,8944
GGGCCGGCCGAAGTAC-1,1,36,84,7206,8747
CCTGAACGATATATTC-1,1,37,85,7093,8943
CCGGGCTGCTCCATAC-1,1,36,86,6980,8746
TACTTGTTAGTAGTCC-1,1,37,87,6866,8943
CCTAGGCGTAGCGATC-1,1,36,88,6754,8746
CTGGCGCACAGGTCTG-1,1,37,89,6640,8942
ACTTATACTTACCCGG-1,1,36,90,6527,8745
GAAGTCTCCCTAGCGA-1,1,37,91,6413,8942
ACCGATGGTAGCATCG-1,1,36,92,6301,8744
CGAGTTTATCGGACTG-1,1,37,93,6187,8941
CATAACGGACAGTCGT-1,1,36,94,6074,8744
TGACGATGCACTAGAA-1,1,37,95,5960,8940
TAGGGAGCTTGGGATG-1,1,36,96,5848,8743
AGGGTCGATGCGAACT-1,0,37,97,5734,8940
TATATCCCTGGGAGGA-1,0,36,98,5621,8742
CATCTTACACCACCTC-1,0,37,99,5507,8939
GTGCGACAGGGAGTGT-1,0,36,100,5395,8742
CCGATCTCAACCTTAT-1,0,37,101,5281,8938
ACGATCATCTTGTAAA-1,0,36,102,5168,8741
GAAAGAACAGCGTTAT-1,0,37,103,5055,8938
CTAGGTCTGAAGGAAT-1,0,36,104,4942,8740
ATATCAACCTACAGAG-1,0,37,105,4828,8937
AAATAGCTTAGACTTT-1,0,36,106,4715,8740
GCGACATGTAAACATC-1,0,37,107,4602,8937
ATAAGTAGGGCGACTC-1,0,36,108,4489,8739
GCGAGCGCATGCTCCC-1,0,37,109,4375,8936
AGGGACCGGCTGCGTT-1,0,36,110,4262,8739
CCTATGAAGTGGTGCC-1,0,37,111,4149,8935
GCTTACGTAGTTAGTA-1,0,36,112,4036,8738
CATACTTAGGCAATAC-1,0,37,113,3922,8935
CCTGTCCCTCACGTTA-1,0,36,114,3810,8737
CAATGTGCCAACCCTT-1,0,37,115,3696,8934
GTTAAGTTAGAGTGGG-1,0,36,116,3583,8737
CTGGGATACGCTACCC-1,0,37,117,3469,8933
AACCTGTCACGGAATT-1,0,36,118,3357,8736
ACTGCGGACACACCGT-1,0,37,119,3243,8933
CCGTGAGGCATTCATG-1,0,36,120,3130,8735
GCCCAGATGCTGGAGA-1,0,37,121,3016,8932
TCTGGCCGTTCAAGTT-1,0,36,122,2904,8735
ATACGAAGGCTTTCCA-1,0,37,123,2790,8932
GATCCGAATATAAGTG-1,0,36,124,2677,8734
GTGGAGCATGTCGGCC-1,0,37,125,2563,8931
ACTCTTCAGCTCCCGC-1,0,36,126,2451,8734
CCCGATAGCCTCGCCT-1,0,37,127,2337,8930
ACAGGTGTGTTGTTGC-1,0,38,0,16717,9167
TGAACTGCTATGACTT-1,0,39,1,16603,9364
TGACATATATGACGAT-1,0,38,2,16490,9166
AAGTCTTCTGTGGCCT-1,0,39,3,16377,9363
ACCAGACCATAACAAC-1,0,38,4,16264,9166
TGAGACGTACCTCTCA-1,0,39,5,16150,9363
GACCGTTACATGCGAC-1,0,38,6,16038,9165
GGTTCGGATTATACTA-1,0,39,7,15924,9362
CCTCCTGAGCCCACAT-1,0,38,8,15811,9165
CCGCGATTTGGTAGGT-1,0,39,9,15697,9361
AATCTCTACTGTGGTT-1,0,38,10,15585,9164
ACTTTGACTGCATCCT-1,0,39,11,15471,9361
CCCTGACTAACAAATT-1,0,38,12,15358,9163
ACGCTGTGAGGCGTAG-1,0,39,13,15244,9360
GCATACGAGGTCTTTA-1,0,38,14,15132,9163
TCGGGATTCAAACATA-1,0,39,15,15018,9359
GGGCCCTACGAAAGGG-1,0,38,16,14905,9162
CGCCAAGAAGCCGAGT-1,0,39,17,14791,9359
GGTACATCTGGGACGA-1,0,38,18,14679,9161
GGATGCTGGCGTTCCT-1,0,39,19,14565,9358
CCGATTCGAGGGACCC-1,0,38,20,14452,9161
CCACTGGTGGCTGGTT-1,0,39,21,14339,9358
GACAGGCACACACTAT-1,0,38,22,14226,9160
TCAACGCGACCGGCAG-1,0,39,23,14112,9357
CTACGACTAGCTATAA-1,0,38,24,13999,9160
CGGTTGACCTGGCATA-1,0,39,25,13886,9356
ATCCTGAATCGCTGCG-1,0,38,26,13773,9159
GTTTCATATCGTCGCT-1,0,39,27,13659,9356
ATAAATATTAGCAGCT-1,0,38,28,13546,9158
AAGAGGATGTACGCGA-1,0,39,29,13433,9355
TCCTGCGTTGATACTC-1,0,38,30,13320,9158
CGTGCATTGTCGACGC-1,0,39,31,13206,9354
CCGGGTTCGAGGTTAC-1,0,38,32,13094,9157
CCCAATTTCACAACTT-1,0,39,33,12980,9354
TGATTTATTAGCTGTG-1,0,38,34,12867,9156
TGGAAGAAGGGAACGT-1,0,39,35,12753,9353
GACGCTTGCTTCTAAA-1,0,38,36,12641,9156
GGGAACGGGAGGTTAG-1,0,39,37,12527,9353
GCGGCTCTGACGTACC-1,0,38,38,12414,9155
ACGTTAGATTTGCCCG-1,0,39,39,12300,9352
GAGAGGGCGCGAGGTT-1,0,38,40,12188,9155
GCGTCTCTGCATTGGG-1,0,39,41,12074,9351
GCAGCACACAGCCCAG-1,0,38,42,11961,9154
CAGGCCGTTTGGGTGT-1,0,39,43,11847,9351
AACTCAAGTTAATTGC-1,0,38,44,11735,9153
CTTCGTAGATAGGTGA-1,0,39,45,11621,9350
TGCAGAGTACCGAGCA-1,0,38,46,11508,9153
GAAGTGATTTATCGTG-1,0,39,47,11394,9349
CGCTACGGGACATTTA-1,0,38,48,11282,9152
CCACACTGAGATATTA-1,0,39,49,11168,9349
CGATCCGACCCAGTGC-1,0,38,50,11055,9151
CTGTACTTCTTAGCAT-1,0,39,51,10942,9348
ACTTATTAGGATCGGT-1,0,38,52,10829,9151
TAGTCCGCAGAGAATG-1,0,39,53,10715,9348
TTCACGAAAGGATCAC-1,0,38,54,10602,9150
TACATTTCTAACGTGC-1,0,39,55,10489,9347
ACCATATCCGCAATAA-1,0,38,56,10376,9150
CACTCAAGAGCTATGG-1,0,39,57,10262,9346
TGTACGAACAAATCCG-1,0,38,58,10149,9149
ATCATCCAATATTTGT-1,0,39,59,10036,9346
CGCTATTCTTAGGCTC-1,0,38,60,9923,9148
TGGCAGCAGTAATAGT-1,0,39,61,9809,9345
TCACGTGCCCGATTCA-1,0,38,62,9697,9148
CATACGGCGTCTGGGC-1,0,39,63,9583,9344
CACATGATTCAGCAAC-1,0,38,64,9470,9147
GCTAGTAGAGCTTGTA-1,0,39,65,9356,9344
TGCTGTTGAAGAACTC-1,0,38,66,9244,9146
CGGAGCATGGCGATCC-1,0,39,67,9130,9343
TAGCGTTGGGTCTTAC-1,0,38,68,9017,9146
GTAGCGGCTATACACT-1,0,39,69,8903,9343
TAACATACAATGTGGG-1,0,38,70,8791,9145
TCTTCGAATAGACGTT-1,0,39,71,8677,9342
GATCGTGACTGATATC-1,0,38,72,8564,9145
GATCCGGGAATTAACA-1,0,39,73,8450,9341
TTATATACGCTGTCAC-1,0,38,74,8338,9144
GTCGCGTAACCCGTTG-1,0,39,75,8224,9341
AGCTCTAGACGTTCCA-1,0,38,76,8111,9143
GTCAAGCGGACTCGGG-1,0,39,77,7997,9340
CGAGGGACTGCGGTCG-1,0,38,78,7885,9143
AATCGCCTCAGCGCCA-1,0,39,79,7771,9339
CTTGTTGCTGAGTCAA-1,0,38,80,7658,9142
GATATGAGACACTAAC-1,0,39,81,7545,9339
TTATGATCTTAACGAA-1,1,38,82,7432,9141
CGCCGCCCATGCCTGT-1,1,39,83,7318,9338
CTGGGATAAATAATGG-1,1,38,84,7205,9141
GTGCCCGTTCGGATTC-1,1,39,85,7092,9338
TTCAATACTCTGAATC-1,1,38,86,6979,9140
CGCACATGTCCACTAC-1,1,39,87,6865,9337
AGAAGAGCGCCGTTCC-1,1,38,88,6752,9140
GATAACTCGCACTGTG-1,1,39,89,6639,9336
AGTCGACGGTCTCAAG-1,1,38,90,6526,9139
GTGACCGCACACTACG-1,1,39,91,6412,9336
GTATGTGGGTCTAGTT-1,1,38,92,6300,9138
CTTGAGTTAGGGTAAT-1,1,39,93,6186,9335
TTAGCTGATTTGCCGT-1,1,38,94,6073,9138
GCTGTTGCTACCGAAC-1,1,39,95,5959,9334
TATTACCATCCTGCTT-1,0,38,96,5847,9137
TTGAATTCACGTGAGG-1,0,39,97,5733,9334
CCATCTCACCAGTGAA-1,0,38,98,5620,9136
CGCACGTGCGCTATCA-1,0,39,99,5506,9333
ACCCGGATGACGCATC-1,0,38,100,5394,9136
CGCTAGAGACCGCTGC-1,0,39,101,5280,9333
ATAGTTCCACCCACTC-1,0,38,102,5167,9135
GCAGACCCAGCACGTA-1,0,39,103,5053,9332
TAGACTACCTAGCGTT-1,0,38,104,4941,9135
GGTTCTACTCGTCTGA-1,0,39,105,4827,9331
GACTCACCCACGTGAG-1,0,38,106,4714,9134
AGCTCTTCGTAACCTT-1,0,39,107,4601,9331
ACTATCCAGGGCATGG-1,0,38,108,4488,9133
AAGGATCGATCGCTTG-1,0,39,109,4374,9330
ATATCGGTAGGGAGAT-1,0,38,110,4261,9133
TTCCAGACGAGATTTA-1,0,39,111,4148,9329
GACCGACGTGAAAGCA-1,0,38,112,4035,9132
CCTGGAAACGTTCTGC-1,0,39,113,3921,9329
CCGGTAATGGCTAGTC-1,0,38,114,3808,9131
GCCGTGGAAGAAATGT-1,0,39,115,3695,9328
GTCTTGAGGAGCAGTG-1,0,38,116,3582,9131
TCCCAAAGCCCTAAAT-1,0,39,117,3468,9328
TTGAGCGCCACGTGAT-1,0,38,118,3355,9130
TTGAGTCCCGCTGCTG-1,0,39,119,3242,9327
ATGGAACCTTTGCACA-1,0,38,120,3129,9130
GCTAGCACCTGGGCCA-1,0,39,121,3015,9326
CGCCGTCTACCCATCG-1,0,38,122,2903,9129
GATAGGTGTCCCGGGC-1,0,39,123,2789,9326
AGGTATGCGGACATTA-1,0,38,124,2676,9128
TTGGTTCGCTCAAAGG-1,0,39,125,2562,9325
TCTGGAGCGTAAGAGT-1,0,38,126,2450,9128
TGCCTAAATTTAATAG-1,0,39,127,2336,9324
TAATTTCCGTCCAGTA-1,0,40,0,16716,9561
TCCTTCAATCCCTACG-1,0,41,1,16602,9758
TACCTATCCCTAGAGG-1,0,40,2,16489,9561
GCATGGGTACTGACGC-1,0,41,3,16376,9757
GTCGGGAACATGGTAG-1,0,40,4,16263,9560
GCAAATGAGGACACTT-1,0,41,5,16149,9757
GAATGGGCTTATCGAC-1,0,40,6,16036,9559
TGGTCGTGCAAGGCAA-1,0,41,7,15923,9756
CACCACGCCACACAGA-1,0,40,8,15810,9559
GAACCTCGACCTACAC-1,0,41,9,15696,9755
CAATACGCTCTGAGGC-1,0,40,10,15584,9558
TGGTAAGCAGGATTGA-1,0,41,11,15470,9755
AGTGGCTCCGTCGGCC-1,0,40,12,15357,9557
GATCGGATAGAACCAT-1,0,41,13,15243,9754
GCTACAGTACGGACCG-1,0,40,14,15131,9557
TCTATTACTAGAGGAT-1,0,41,15,15017,9753
TTCAGGCGTCAAAGCC-1,0,40,16,14904,9556
AGACCGGGAAACCCTG-1,0,41,17,14790,9753
AGAGATCTCTAAAGCG-1,0,40,18,14678,9556
CCCTGCCCAATCCGCT-1,0,41,19,14564,9752
GTGGCGGTCCCAGCGT-1,0,40,20,14451,9555
GCATTGTAATTCATAT-1,0,41,21,14337,9752
CCGTTCCGAATCTCGG-1,0,40,22,14225,9554
AGCTTGATCTTAACTT-1,0,41,23,14111,9751
CCTGTACTCACGCCCA-1,0,40,24,13998,9554
AAGTGACGACCGAATT-1,0,41,25,13884,9750
CTCACTTGGCTGGTAA-1,0,40,26,13772,9553
CGCCTGGCCTACGTAA-1,0,41,27,13658,9750
CCCGTAAGTCTAGGCC-1,0,40,28,13545,9552
TTGGACATGTGGCTTA-1,0,41,29,13432,9749
ATTACGCGCTGGCAGG-1,0,40,30,13319,9552
ACGCGCTACACAGGGT-1,0,41,31,13205,9748
TACGTTTACCGGCAAT-1,0,40,32,13092,9551
CGAAACGCAATTCATG-1,0,41,33,12979,9748
TAGTCTAACAACGAGA-1,0,40,34,12866,9551
TTGCATGCTGATCACG-1,0,41,35,12752,9747
TCTGGGTAGCGCTCAT-1,0,40,36,12639,9550
ACATCGGTCAGCCGCG-1,0,41,37,12526,9747
AGATACCGGTGTTCAC-1,0,40,38,12413,9549
GATTACTGAATTTGGG-1,0,41,39,12299,9746
TCCAACTTTAAATTCT-1,0,40,40,12187,9549
TCCTAGCAAAGAAGCT-1,0,41,41,12073,9745
GTCTATCTGAGTTTCT-1,0,40,42,11960,9548
GATGTTCAATCCACGA-1,0,41,43,11846,9745
AGTTAAACACTTGCGA-1,0,40,44,11734,9547
AGCTCTTTACTCAGTT-1,0,41,45,11620,9744
ATCCAGGATTCGTGAA-1,0,40,46,11507,9547
AGTCAACACCACCATC-1,0,41,47,11393,9743
CGATACCTCGCGGACA-1,0,40,48,11281,9546
TACAACGCACAACTCA-1,0,41,49,11167,9743
AATTAAAGGTCGGCGT-1,0,40,50,11054,9546
TACGCAGTTCTTTCCT-1,0,41,51,10940,9742
GACCGTGCTGACGGTG-1,0,40,52,10828,9545
GGCAAATTACTTTACT-1,0,41,53,10714,9742
GGTACAAACATGCTAT-1,0,40,54,10601,9544
CGGGCCTTCTTTGTAA-1,0,41,55,10488,9741
CGTGAAGTTAATTCAC-1,0,40,56,10375,9544
ATAGTGAAGCGTTCTC-1,0,41,57,10261,9740
TACGCCATATTCTAAT-1,0,40,58,10148,9543
GCCGGGTTAGGGTCGC-1,0,41,59,10035,9740
TACATAGGCATACACC-1,0,40,60,9922,9542
GCCGATTGGCCAAGCT-1,0,41,61,9808,9739
CTGCCATGCATCACAT-1,0,40,62,9695,9542
TTATGAATGAAAGGGA-1,0,41,63,9582,9738
GCTGAGGCGTGAGTAT-1,0,40,64,9469,9541
GCGCCGTTCCACGATA-1,0,41,65,9355,9738
CGCATGGTGCGATGCT-1,0,40,66,9243,9540
AGGTTTCACACACCTT-1,0,41,67,9129,9737
CAAGGATCGCATGTTC-1,0,40,68,9016,9540
ACGTTAATGTCGAAGA-1,0,41,69,8902,9737
TCCAGAGCACCGGTTC-1,0,40,70,8790,9539
GATTCGACGGTTCACG-1,0,41,71,8676,9736
GTTTCTGCAGTCTCCC-1,0,40,72,8563,9539
GCTGCACGGTTTCTTA-1,0,41,73,8449,9735
CGTGCAGACTGGGACA-1,0,40,74,8337,9538
GTGTTACTATGCGTCC-1,0,41,75,8223,9735
TCCTCGGGCTGGGCTT-1,0,40,76,8110,9537
GTGAGGACACTTAAGG-1,0,41,77,7996,9734
ATACGCCGGCGAAACC-1,0,40,78,7884,9537
TCTGCCAGAAACTGCA-1,0,41,79,7770,9733
TTCTGCGGGTTAGCGG-1,0,40,80,7657,9536
CTCGGTACCACTGCTC-1,0,41,81,7543,9733
GTAAGTAACAGTCTGG-1,1,40,82,7431,9535
GTGCGTGTATATGAGC-1,1,41,83,7317,9732
ATTTGTCTTGGGAGCT-1,1,40,84,7204,9535
CCTCGGACCGGGATAG-1,1,41,85,7091,9732
TAGGTGCTCGCCTAGC-1,1,40,86,6978,9534
CTTTAGGAACACTGTT-1,1,41,87,6864,9731
TCGGGCCGTCGTGGTA-1,1,40,88,6751,9534
AGTGCTTGCACGAATA-1,1,41,89,6638,9730
TGCAGTTTCCTCCCAT-1,1,40,90,6525,9533
TGAGAGATTTACCACG-1,1,41,91,6411,9730
GAAACAGATGACCACC-1,1,40,92,6298,9532
AGCAACATATCTTATT-1,1,41,93,6185,9729
CAAGTGTGGTTGCAAA-1,1,40,94,6072,9532
GCCTCATCTGGAAATA-1,0,41,95,5958,9728
AACCCTACTGTCAATA-1,0,40,96,5846,9531
ACGTATTACTCCGATC-1,0,41,97,5732,9728
TCTGGGAACCTTTGAA-1,0,40,98,5619,9530
GCTCGCTCATGTCCAA-1,0,41,99,5505,9727
GCGCAAGAGCGCGCTG-1,0,40,100,5393,9530
TTGACGCTCCATGAGC-1,0,41,101,5279,9727
TATAGATGGTCGCAGT-1,0,40,102,5166,9529
TTACATGCCACAACTA-1,0,41,103,5052,9726
ACATGGCGCCAAAGTA-1,0,40,104,4940,9529
TATGGTTAGTGGGAGA-1,0,41,105,4826,9725
CATGACTTCGCTGAAT-1,0,40,106,4713,9528
ACCACCAATGTAACAA-1,0,41,107,4599,9725
TCTTAGAGCTCCAATT-1,0,40,108,4487,9527
CCACGAATTTAACCTC-1,0,41,109,4373,9724
TTCTTGCTAGCATCTC-1,0,40,110,4260,9527
ACACCTTACTACTTGC-1,0,41,111,4146,9723
AGTCGGTTGCGTGAGA-1,0,40,112,4034,9526
ACCTACAGTATGTGGT-1,0,41,113,3920,9723
GAGGATAAACAGTGCT-1,0,40,114,3807,9525
TTCCGGTATCTGTGTC-1,0,41,115,3694,9722
GGAGGCCGAAGTCGTC-1,0,40,116,3581,9525
TTCGCTAGGAAGTTGT-1,0,41,117,3467,9722
TAAAGACAACCCTTTA-1,0,40,118,3354,9524
GTTGCGCTAACATTAC-1,0,41,119,3241,9721
GCTGAACTCTCCAGGG-1,0,40,120,3128,9524
AGCCCTGTCGCACCGT-1,0,41,121,3014,9720
AGCGCTAGAGCGATGT-1,0,40,122,2901,9523
TGCGCCGTTAATAACG-1,0,41,123,2788,9720
TGACAACGCATGTCGC-1,0,40,124,2675,9522
CGTCTTGAGTGTGACG-1,0,41,125,2561,9719
GATAGGATTAATTACA-1,0,40,126,2449,9522
GATACCGTGTCGGAGT-1,0,41,127,2335,9718
TGTGTCGAAGTCGAGG-1,0,42,0,16715,9955
GGATCAGAGCCATCAG-1,0,43,1,16601,10152
GTCCCAATCATCCCGC-1,0,42,2,16488,9955
TGCCACACTAGAGGAA-1,0,43,3,16375,10151
TGAATTTCACTTGCCT-1,0,42,4,16262,9954
CTCAGATTGTGATAAG-1,0,43,5,16148,10151
CGGACGTTACTTGAAG-1,0,42,6,16035,9953
CCGCCTTGCGATGTCG-1,0,43,7,15922,10150
CCAGTCAAATCTCTTA-1,0,42,8,15809,9953
AAACAGCTTTCAGAAG-1,0,43,9,15695,10149
TAGCTGATGTGAAGCG-1,0,42,10,15582,9952
CTTATGCGCTCAGGGC-1,0,43,11,15469,10149
TGGCTCTTGTCGCGTA-1,0,42,12,15356,9951
TTGTGAGGCATGACGC-1,0,43,13,15242,10148
CATAAGCTCTCCGTCT-1,0,42,14,15130,9951
CCTTCTCAGCGTTCCT-1,0,43,15,15016,10148
TGCAGCTACGTACTTC-1,0,42,16,14903,9950
CTCTACACTGGCGATT-1,0,43,17,14789,10147
TGCAGATCGTCCTAGG-1,0,42,18,14677,9950
TGCCAAAGTCAGACTT-1,0,43,19,14563,10146
ACAATAGTCGTACGTT-1,0,42,20,14450,9949
CATGCCAACTCGCAAA-1,0,43,21,14336,10146
TGCAGAACTATATCGT-1,0,42,22,14224,9948
TCGTGTCACGCTGACA-1,0,43,23,14110,10145
TGATCAGGGAACTGCT-1,0,42,24,13997,9948
CTTGCAACCGCCTCCT-1,0,43,25,13883,10144
AGCCCATACATGTAAG-1,0,42,26,13771,9947
ATCCAATGGAGGGTCC-1,0,43,27,13657,10144
AAACCGGGTAGGTACC-1,0,42,28,13544,9946
GCAACCACGGCCGCGT-1,0,43,29,13430,10143
CGCTTATTCCCGGTCG-1,0,42,30,13318,9946
TTACTCTGGTACGTAC-1,0,43,31,13204,10143
GTGGTTTCCGCCTTTC-1,0,42,32,13091,9945
ATAGGCGGCTATAGAA-1,0,43,33,12978,10142
GTGCCATCACACGGTG-1,0,42,34,12865,9945
CCCAACATACGTCGCG-1,0,43,35,12751,10141
CGGTGCAGATAGAACG-1,0,42,36,12638,9944
GGGCGGGTTCCCTACG-1,0,43,37,12525,10141
TGAGCCATACAGTCTC-1,0,42,38,12412,9943
CTCCGCCCACATGAGG-1,0,43,39,12298,10140
GTTGAACCGGTTCCAT-1,0,42,40,12185,9943
TTGACTACCATATGGT-1,0,43,41,12072,10139
ACCATCGTATATGGTA-1,0,42,42,11959,9942
TGCGTAAGAACCTGAT-1,0,43,43,11845,10139
AGAAGGTTGCCGAATT-1,0,42,44,11733,9941
AGGACGACCCATTAGA-1,0,43,45,11619,10138
GGTGCTGGTACACATT-1,0,42,46,11506,9941
GCGCTATGCCGAGGCA-1,0,43,47,11392,10138
ACCCGGTTACACTTCC-1,0,42,48,11280,9940
TAACTCATCCGCGCGG-1,0,43,49,11166,10137
CACAATGAGCTGCTAT-1,0,42,50,11053,9940
GTTACTTTGGGCCTAG-1,0,43,51,10939,10136
GGGCCCGTCTTAAACA-1,0,42,52,10827,9939
GAAATTGTCTCTATAA-1,0,43,53,10713,10136
GGCGCATGAATTGATG-1,0,42,54,10600,9938
CATATAGGTACAGTCA-1,0,43,55,10486,10135
TCAACGAGGAGACAAA-1,0,42,56,10374,9938
TTGCACAATTCAGAAA-1,0,43,57,10260,10134
CATCGGACGGGTTAAT-1,0,42,58,10147,9937
ATTAAACATGCGGACC-1,0,43,59,10033,10134
TATCTACCACAGCGGG-1,0,42,60,9921,9936
CGAGACCCTAGAGTGT-1,0,43,61,9807,10133
ACATCGATCGTTTACC-1,0,42,62,9694,9936
ATCGACCCAATACAGA-1,0,43,63,9581,10133
GAATCTGAACATTCTC-1,0,42,64,9468,9935
AGTTCCTATTTATGTT-1,0,43,65,9354,10132
CAGTCTGTATACTGGG-1,0,42,66,9241,9935
GGAGACGACACCTTTG-1,0,43,67,9128,10131
CCTAAATTAACGGTTC-1,0,42,68,9015,9934
GCTACGACTTATTGGG-1,0,43,69,8901,10131
CTGTGCAGGGTAGGTC-1,0,42,70,8788,9933
ACGCCGCTAGACGACC-1,0,43,71,8675,10130
ACTTGACTCCCTCTTT-1,0,42,72,8562,9933
CGCCTCCCTCCTCTAT-1,0,43,73,8448,10129
CTAGATTTACGACGGC-1,0,42,74,8336,9932
GATGCTGTATTTCATC-1,0,43,75,8222,10129
TGCGTTTGTTGACACT-1,0,42,76,8109,9931
CGTGCCCTCCCGAAGA-1,0,43,77,7995,10128
ACTCTCTGACTTAGGT-1,0,42,78,7883,9931
CTGGGTAGGCAGTTAA-1,0,43,79,7769,10127
GTTTGGCCCAAGTTAT-1,0,42,80,7656,9930
GAATGTGGTCCGGATT-1,0,43,81,7542,10127
CCCAGTTAAGGCGCCG-1,0,42,82,7430,9930
CGGTACTAGAATCAAA-1,0,43,83,7316,10126
GCTTAATGTAACTAAC-1,1,42,84,7203,9929
AGGACAGTCGAATCCC-1,1,43,85,7089,10126
GACAGCCAGACCTGAC-1,1,42,86,6977,9928
GGCGAAATCTAACTTG-1,1,43,87,6863,10125
CTGGTAACACATAGAA-1,1,42,88,6750,9928
TAGCCATTTCAAAGTC-1,1,43,89,6637,10124
GGGATTTACCGCACCT-1,1,42,90,6524,9927
ATGCCATTTGCGACCA-1,0,43,91,6410,10124
GAATAGACGCGACCCA-1,0,42,92,6297,9926
TGTATGGCGCAGACAG-1,0,43,93,6184,10123
GGATGAAGATCGCTGA-1,0,42,94,6071,9926
CGACAATTTGATCTAA-1,0,43,95,5957,10122
AAAGTTGACTCCCGTA-1,0,42,96,5844,9925
CGCGGCTCAACTTGAA-1,0,43,97,5731,10122
CACGCGGAACTGTTGC-1,0,42,98,5618,9925
TCTTAGAGTGAACTCT-1,0,43,99,5504,10121
AGTCCATTGGCTGATG-1,0,42,100,5392,9924
TTAAGATAGGATTGAC-1,0,43,101,5278,10121
ACATCCTGGTAACTGT-1,0,42,102,5165,9923
CACCTTGGCGCCTTTG-1,0,43,103,5051,10120
GCTAGACCGTCTACTG-1,0,42,104,4939,9923
CGGCCCAGGTATATCC-1,0,43,105,4825,10119
GTCCATTACTGCTACG-1,0,42,106,4712,9922
GGGTTTAGGATAGGAT-1,0,43,107,4598,10119
TAATTAGGACATCCGT-1,0,42,108,4486,9921
GCTCCCAGTCGGTCCA-1,0,43,109,4372,10118
ATTCGTGCTATCTCTT-1,0,42,110,4259,9921
GTTAACTATGTTGTCA-1,0,43,111,4145,10117
GCTCCGCTCGCTTCAG-1,0,42,112,4033,9920
GCAACGGCTAGTTATG-1,0,43,113,3919,10117
AATCGCGCAGAGGACT-1,0,42,114,3806,9920
AGGTTACACCATGCCG-1,0,43,115,3692,10116
CGAGATTTCGCTCGGG-1,0,42,116,3580,9919
CGATAATACTCAGGTT-1,0,43,117,3466,10116
AAGGCAGGCTGTCTCC-1,0,42,118,3353,9918
GTAAGTCCACACTCTA-1,0,43,119,3240,10115
ATGAGGGCAGCGGCTA-1,0,42,120,3127,9918
GCCGCACTCCGTTTCA-1,0,43,121,3013,10114
GAGCACGGCGCCTCTT-1,0,42,122,2900,9917
ACAATTTGGCCATATT-1,0,43,123,2787,10114
CTGGTTCGCGAGCTAC-1,0,42,124,2674,9916
GACGGTCCTAGGGTGT-1,0,43,125,2560,10113
ACTCGCGATCTGACGC-1,0,42,126,2447,9916
GTGTACGAACCGTTCC-1,0,43,127,2334,10112
CTTTGACGTCGCTTCT-1,0,44,0,16714,10349
CGTTATCATACTTCCA-1,0,45,1,16600,10546
GCTATGCCAGCTTATG-1,0,44,2,16487,10349
CAGTCGGCCTAGATAT-1,0,45,3,16373,10545
CCCGTGAGGGCGGTGA-1,0,44,4,16261,10348
TCTCGTGTTACGAGGA-1,0,45,5,16147,10545
ACGTCTCGTTCCGGGA-1,0,44,6,16034,10347
CGAGAGCGCGTAGATA-1,0,45,7,15921,10544
GACAGATTTCTGGCTC-1,0,44,8,15808,10347
GGGCCTAAATGGGCTA-1,0,45,9,15694,10543
ACTTGTAGTCCCTTCA-1,0,44,10,15581,10346
CCCGAAGTTTCGCGAA-1,0,45,11,15468,10543
ACCATCCGCCAACTAG-1,0,44,12,15355,10345
TGCGAATATGGGATTT-1,0,45,13,15241,10542
TACATCCCTATCCCTG-1,0,44,14,15128,10345
GTGGGAAGACTGAATC-1,0,45,15,15015,10542
TCAACATCGACCGAGA-1,0,44,16,14902,10344
CTATGTGAGTCACGGC-1,0,45,17,14788,10541
CCGAACACTGGGCCTC-1,0,44,18,14675,10344
AAACTTGCAAACGTAT-1,0,45,19,14562,10540
AGGGCGAGCAGCTGAT-1,0,44,20,14449,10343
AACACGAGACGCGGCC-1,0,45,21,14335,10540
TGACGAATATTTCCCT-1,0,44,22,14223,10342
TCGGAGAGTATCGGGA-1,0,45,23,14109,10539
CAAATCTCTCACAAGG-1,0,44,24,13996,10342
AGGCCCTAGAACGCCA-1,0,45,25,13882,10538
TAGAGATCATGCAACT-1,0,44,26,13770,10341
TTGTTTCCATACAACT-1,0,45,27,13656,10538
GAGAGGTGCATTCTGG-1,0,44,28,13543,10340
GTGGACCAACCCGATT-1,0,45,29,13429,10537
CTGGGCCTGCTATATC-1,0,44,30,13317,10340
CATAGTCCACAAGAAC-1,0,45,31,13203,10537
TTGACATGAACGTGGA-1,0,44,32,13090,10339
GGTTACCACCCTCGGG-1,0,45,33,12976,10536
TACCGGTCGTTTCCAT-1,0,44,34,12864,10339
CGAGTACTAAAGAGGA-1,0,45,35,12750,10535
GCAAGAATTCCTTGGC-1,0,44,36,12637,10338
TCGCCGAAGTTGCGTC-1,0,45,37,12524,10535
TTGAGAGTACTGCTAA-1,0,44,38,12411,10337
GCCACAATTTAAGGAC-1,0,45,39,12297,10534
ATATTCAGTTAAACCT-1,0,44,40,12184,10337
TGAGTGCCTCTTAAAT-1,0,45,41,12071,10533
ATCAGACGGCACGCCG-1,0,44,42,11958,10336
GTGCGAAATCGAACAC-1,0,45,43,11844,10533
GTGCCGCTTCAAAGGT-1,0,44,44,11731,10335
GATACGATGGGAGTCA-1,0,45,45,11618,10532
GACACTGAGTTCAGTG-1,0,44,46,11505,10335
ATCCTGCGTGGAATGG-1,0,45,47,11391,10532
ATCCTACCTAAGCTCT-1,0,44,48,11279,10334
AGTGATATGAGTAGTT-1,0,45,49,11165,10531
ATGATGCAATGGTACA-1,0,44,50,11052,10334
GAAACCGAATTACCTT-1,0,45,51,10938,10530
AGTGACCTACTTTACG-1,0,44,52,10826,10333
CAAATGTCCTTCCGTG-1,0,45,53,10712,10530
TTACTGGGATATTTCA-1,0,44,54,10599,10332
CTTGCCCAGGCTCTAC-1,0,45,55,10485,10529
AAATCGTGTACCACAA-1,0,44,56,10373,10332
GTGATCATAGATCTGC-1,0,45,57,10259,10528
TGGCAGATTACGATCA-1,0,44,58,10146,10331
TCACCCTCTTAAGATT-1,0,45,59,10032,10528
CAGGATATATCGTTGT-1,0,44,60,9920,10330
CCTGACCACCGATGGT-1,0,45,61,9806,10527
CTAAAGGGAAATAGGA-1,0,44,62,9693,10330
CCGCTATCAGCACCAG-1,0,45,63,9579,10527
CTTTAGTGCTATTATT-1,0,44,64,9467,10329
CGGGAATTTATGTAAA-1,0,45,65,9353,10526
TACGACTGCCTCTTAG-1,0,44,66,9240,10329
AAACTGCTGGCTCCAA-1,0,45,67,9127,10525
GTACGTTTGCCCGTCA-1,0,44,68,9014,10328
GGCAAGGCGAAATAGC-1,0,45,69,8900,10525
GATCTTGGAGGGCATA-1,0,44,70,8787,10327
AGCGTGGTATTCTACT-1,0,45,71,8674,10524
CTAAGGGAATGATTGG-1,0,44,72,8561,10327
CATGGTAAGTAGCGTT-1,0,45,73,8447,10523
CGTTGAGCGACCGTCG-1,0,44,74,8334,10326
TGCCCGTACCGTTAAA-1,0,45,75,8221,10523
ACAAGGGCAGGCTCTG-1,0,44,76,8108,10325
GAGATCTTCCATGACA-1,0,45,77,7994,10522
AATGACGTAGGATGTC-1,0,44,78,7882,10325
GTGGTGGCCAAGTGAA-1,0,45,79,7768,10522
TCCCGTGTGCAATTTG-1,0,44,80,7655,10324
ACATCGTATGCAATGG-1,0,45,81,7541,10521
GCGAAACTTAACTGGA-1,0,44,82,7429,10324
AATTGAACGCTCTGGT-1,0,45,83,7315,10520
ACAAATGGTAGTGTTT-1,0,44,84,7202,10323
ATGGTCGCGTGGTTTC-1,0,45,85,7088,10520
TGTTATTGTATGTGGC-1,1,44,86,6976,10322
TTCCGGTTACCCACTT-1,0,45,87,6862,10519
GAGTGTGCGGTACCCA-1,1,44,88,6749,10322
CAAGATATTATAACGT-1,0,45,89,6635,10518
ACACACCAGGACCAGT-1,0,44,90,6523,10321
ATGGGCCTCGGCCTCT-1,0,45,91,6409,10518
AAGGTGATAAACCAGC-1,0,44,92,6296,10320
TCTTACTTATGCCTCT-1,0,45,93,6182,10517
AAAGTGTGATTTATCT-1,0,44,94,6070,10320
TGCTCCACAGTTCTTA-1,0,45,95,5956,10517
CTGGCTGATTCATCCT-1,0,44,96,5843,10319
TAAGGCTGAATCCCTC-1,0,45,97,5730,10516
TCTAGTGATATCGTGG-1,0,44,98,5617,10319
TCGAAGAACCGAGCAC-1,0,45,99,5503,10515
GACAAACATATGCAGG-1,0,44,100,5390,10318
AAGTCAATTGTCGTCA-1,0,45,101,5277,10515
AGTGAACAAACTTCTC-1,0,44,102,5164,10317
CATGATGGAAGTTAGC-1,0,45,103,5050,10514
AAGTGCCTTGACTGTA-1,0,44,104,4937,10317
ATCGCCAGTCAACATT-1,0,45,105,4824,10513
ACCGCGGTGGAAGTCG-1,0,44,106,4711,10316
TCTTCTATAACCCGCC-1,0,45,107,4597,10513
CACATTTCTTGTCAGA-1,0,44,108,4485,10315
TAGCGTCCCTCGATTG-1,0,45,109,4371,10512
GTTCGGATCGGGAACA-1,0,44,110,4258,10315
CAAACTCGCGACGCCG-1,0,45,111,4144,10512
GTCTTGTAGCTATTCA-1,0,44,112,4032,10314
TCTCGACGTATCGCCG-1,0,45,113,3918,10511
TTGCCAAGCAGAACCC-1,0,44,114,3805,10314
AAACCCGAACGAAATC-1,0,45,115,3691,10510
TTGAGCAGCCCACGGT-1,0,44,116,3579,10313
CGCCTTTAGCATGCTC-1,0,45,117,3465,10510
TGTGGCTCCCACCAAC-1,0,44,118,3352,10312
CCGCCGTTGAGGATAA-1,0,45,119,3238,10509
CAATACGAGAGTCTGA-1,0,44,120,3126,10312
CATCTAGTGAAGGGAA-1,0,45,121,3012,10508
GGTGGAGGTTGATACG-1,0,44,122,2899,10311
CCGCACACGAACGTGT-1,0,45,123,2786,10508
AGAACCCAGCGTGACA-1,0,44,124,2673,10310
GCGCTCGATCACCTGT-1,0,45,125,2559,10507
ATCATGGACTACCGAC-1,0,44,126,2446,10310
TACGCCGCCTCAGAAG-1,0,45,127,2333,10507
CGACCTACTAGACAAT-1,0,46,0,16713,10743
GAGTCTTGTAAAGGAC-1,0,47,1,16599,10940
AATATCCTAGCAAACT-1,0,46,2,16486,10743
CCCTAGGCAACAAGAG-1,0,47,3,16372,10939
ACAAAGAAGGTAGGCC-1,0,46,4,16260,10742
CCCTGGCTGTTCCTTC-1,0,47,5,16146,10939
TCGCCGCACCGCGTGA-1,0,46,6,16033,10741
TATAGCGCACGTTATC-1,0,47,7,15919,10938
TTATCTGACATTAGGA-1,0,46,8,15807,10741
AGTGGTGTTACCCGTG-1,0,47,9,15693,10938
GCCAAGAATACTTCTG-1,0,46,10,15580,10740
CCGGCGTGAGACTCTG-1,0,47,11,15466,10937
TTCCCGGCGCCAATAG-1,0,46,12,15354,10740
AAACAGGGTCTATATT-1,0,47,13,15240,10936
ACAGTAATACAACTTG-1,0,46,14,15127,10739
CGAACGGCCGGACAAC-1,0,47,15,15014,10936
GCAACACACTAGAACT-1,0,46,16,14901,10738
ACTCCCATTCCTAAAG-1,0,47,17,14787,10935
ACCTGCGTGTCATGTT-1,0,46,18,14674,10738
TACTTTCCGCACGCCA-1,0,47,19,14561,10934
AGGTCAGGTGAGAGTG-1,0,46,20,14448,10737
TCCTCCTAAGACATTC-1,0,47,21,14334,10934
ATGTGAAAGCCTAATG-1,0,46,22,14221,10736
AGTCGGCTCAACTTTA-1,0,47,23,14108,10933
CGATCTGTTGGAGGAC-1,0,46,24,13995,10736
ACGGGAGTGTCGGCCC-1,0,47,25,13881,10932
TTAACTTCAGGTAGGA-1,0,46,26,13769,10735
CCACGGAGCCATAAGA-1,0,47,27,13655,10932
CTTCTATGTTGAAGTA-1,0,46,28,13542,10735
CACCGTTGCGCGATAT-1,0,47,29,13428,10931
TCTAGCAATCTCCGCC-1,0,46,30,13316,10734
AGTTTGGCCAGACCTA-1,0,47,31,13202,10931
TTGTAAGGACCTAAGT-1,0,46,32,13089,10733
AAATTTGCGGGTGTGG-1,0,47,33,12975,10930
AAGTTCGGCCAACAGG-1,0,46,34,12863,10733
CCGCTTACCTCACTCT-1,0,47,35,12749,10929
ATCACGTGCTAATTAA-1,0,46,36,12636,10732
GGTGAAGTACAGGGAT-1,0,47,37,12522,10929
GCTGTATTACTGGCCC-1,0,46,38,12410,10731
AACGGCCATCTCCGGT-1,0,47,39,12296,10928
TAAGTAACATCTTGAC-1,0,46,40,12183,10731
TTCTTGAGCCGCGCTA-1,0,47,41,12070,10927
AGTGCGTAGCTCGTAA-1,0,46,42,11957,10730
GGGATGGTCGTAACCG-1,0,47,43,11843,10927
GTCTGGGCGGTCGAGA-1,0,46,44,11730,10730
CGGAACGTAAACATAG-1,0,47,45,11617,10926
TGCGACACCCTAGTGC-1,0,46,46,11504,10729
CAAACGAGTATCGCAG-1,0,47,47,11390,10926
TCAGTAGGGACTATAA-1,0,46,48,11277,10728
GCGGTTCCCTATCATG-1,0,47,49,11164,10925
GTGACTTCAGTAGTGC-1,0,46,50,11051,10728
CGTCACGTCCATTGGT-1,0,47,51,10937,10924
ATAAGTTACCGCGACG-1,0,46,52,10824,10727
CTGAATCCGAGACCTC-1,0,47,53,10711,10924
TACGACGCTTGCTGCG-1,0,46,54,10598,10726
GAATTCACCCGGGTGT-1,0,47,55,10484,10923
GGGTGACACCTTAACT-1,0,46,56,10372,10726
TGAGTAAATTAGCGTA-1,0,47,57,10258,10922
GAGTCCGCTTACCGGA-1,0,46,58,10145,10725
GGCGCGTTCGAGTTTA-1,0,47,59,10031,10922
ATTCATATACTGTCCA-1,0,46,60,9919,10725
ATAAACGGACCCGTAA-1,0,47,61,9805,10921
GTCGTACCATCTCGGG-1,0,46,62,9692,10724
ATAATAGCTGTTGAAT-1,0,47,63,9578,10921
TTCCGCGTGAGGCGAT-1,0,46,64,9466,10723
TACCGGCTCACTGCCC-1,0,47,65,9352,10920
GTATCTTTCATAACCA-1,0,46,66,9239,10723
GTTACCTACAACTTGC-1,0,47,67,9125,10919
TGACTATAATCCTTTC-1,0,46,68,9013,10722
AAATACCTATAAGCAT-1,0,47,69,8899,10919
TTATTAGAGCGTGTTC-1,0,46,70,8786,10721
ATGTGGACATCTTGAT-1,0,47,71,8673,10918
GTACGCTTCATTGCAC-1,0,46,72,8560,10721
CACATATTAGCAGGAT-1,0,47,73,8446,10917
CAAGAGGGCGGAGTAC-1,0,46,74,8333,10720
TCGCAAAGATGCATTT-1,0,47,75,8220,10917
GTCGTTATTCGCTTAT-1,0,46,76,8107,10720
TCGTGTACTATGGATG-1,0,47,77,7993,10916
GCGGAGAGGGAGAACG-1,0,46,78,7880,10719
TCACAGGGAATCGCAA-1,0,47,79,7767,10916
GACTGCACCAGCCCAG-1,0,46,80,7654,10718
TCCGCTGTCATCCCGG-1,0,47,81,7540,10915
AGATACTCAAGATCGA-1,0,46,82,7428,10718
ACTGAATGGCGAAAGT-1,0,47,83,7314,10914
TCCTACATCCACGGCC-1,0,46,84,7201,10717
TTCAGCCCTGGTCCAC-1,0,47,85,7087,10914
TTAGAGTTTAGAAGGA-1,0,46,86,6975,10716
GGTTAGCTATATGTCT-1,0,47,87,6861,10913
CTGGTTTCGAGCAAGA-1,0,46,88,6748,10716
TGGGCCCATACTAATT-1,0,47,89,6634,10912
ACTTATTTATGTGCCA-1,0,46,90,6522,10715
TTAGTTATTCGTGGCA-1,0,47,91,6408,10912
AACCGCTAAGGGATGC-1,0,46,92,6295,10715
ATACGTCCACTCCTGT-1,0,47,93,6181,10911
CGACACGCTCCGACAG-1,0,46,94,6069,10714
TCTGAACTCGTACCCG-1,0,47,95,5955,10911
AGGATATAGGGATTTA-1,0,46,96,5842,10713
GTGATCACTAACGCCT-1,0,47,97,5728,10910
ACCGGGCCTTTGTTGA-1,0,46,98,5616,10713
TTGACAGGAGCTCCCG-1,0,47,99,5502,10909
CTCTTCTATTGACTGG-1,0,46,100,5389,10712
CGTGGCCGAATATCTA-1,0,47,101,5276,10909
GGTTTAGCCTTTCTTG-1,0,46,102,5163,10711
TCAAGGTTACTACACC-1,0,47,103,5049,10908
TTGACTATTGTCCGGC-1,0,46,104,4936,10711
CGGGAATATAGTATAC-1,0,47,105,4823,10907
GCAACAGCAGTATGCG-1,0,46,106,4710,10710
ATCAAACACTGTTCCA-1,0,47,107,4596,10907
TGGGCAATAGTTGGGT-1,0,46,108,4483,10709
TGAATGTCAGCCGGCC-1,0,47,109,4370,10906
CGGCTCTAAAGCTGCA-1,0,46,110,4257,10709
GGACACAAGTTTACAC-1,0,47,111,4143,10906
CCGAGAAGTCGCATAA-1,0,46,112,4031,10708
AACTACCCGTTTGTCA-1,0,47,113,3917,10905
GCACAAACGAGGCGTG-1,0,46,114,3804,10708
CACACAGCTTGCGCTC-1,0,47,115,3690,10904
GTGCTTACATCAGCGC-1,0,46,116,3578,10707
GCAAACGTCGCCAGGT-1,0,47,117,3464,10904
GAATAGCATTTAGGGT-1,0,46,118,3351,10706
TACTGTTTCTCTGGTA-1,0,47,119,3237,10903
TCCTATCATAGGTAAC-1,0,46,120,3125,10706
TTCGGTGGAGACGCCC-1,0,47,121,3011,10902
TGTTGCCGTCGTCCCA-1,0,46,122,2898,10705
CCAACTTGATAGATCC-1,0,47,123,2784,10902
CAAAGGTCATCTGAAA-1,0,46,124,2672,10704
CTAGCTTAATGGTCCC-1,0,47,125,2558,10901
AGGCCACATTGGTTAC-1,0,46,126,2445,10704
TTAGGATGGGAGGGTA-1,0,47,127,2331,10901
TATGACCTTGCGCTGG-1,0,48,0,16711,11137
ATATACATGTATGGTA-1,0,49,1,16598,11334
TGTGTGACCATGAATC-1,0,48,2,16485,11137
CCCACTCCACGGTATC-1,0,49,3,16371,11333
GGGCAGACGTCACTGC-1,0,48,4,16259,11136
TCAAAGAGCTATCTGT-1,0,49,5,16145,11333
AGATGCATCCTGTGTC-1,0,48,6,16032,11135
GTGAAGTCACGACTCG-1,0,49,7,15918,11332
TGATTCAGGTCCCGCG-1,0,48,8,15806,11135
CGCCACAGGTCGCGAT-1,0,49,9,15692,11332
TTGAATCGTTGTATAA-1,0,48,10,15579,11134
TGGCCAATTTGGTACT-1,0,49,11,15465,11331
CGACCCTTAACGCCGG-1,0,48,12,15353,11134
TCGGCGTACTGCACAA-1,0,49,13,15239,11330
GAGTAAGGCCACGGGA-1,0,48,14,15126,11133
ATCAGCTCGTCCACTA-1,0,49,15,15012,11330
AGGATCACGCGATCTG-1,0,48,16,14900,11132
AAATGGCCCGTGCCCT-1,0,49,17,14786,11329
CAGTACCAGTTTACGT-1,0,48,18,14673,11132
GGTCGTAAGCTCGCAC-1,0,49,19,14560,11328
CGTTCATGGTGCGCGT-1,0,48,20,14447,11131
GACTACAAAGCGGTGG-1,0,49,21,14333,11328
CAGCTGGCGTAACCGT-1,0,48,22,14220,11130
ACTCGTAACCCGTCCT-1,0,49,23,14107,11327
CATATGTCAGGCTACG-1,0,48,24,13994,11130
GCCCGACTTCTTCCCG-1,0,49,25,13880,11327
CTGGCATCCGAATGAG-1,0,48,26,13767,11129
AAGTGCGTTAGAATCT-1,0,49,27,13654,11326
AGAAGTGATTCGTGAT-1,0,48,28,13541,11129
TACCTTAAGATTTCCC-1,0,49,29,13427,11325
AATGACAGCAATGTCT-1,0,48,30,13315,11128
TCAACGCAGGAAATAA-1,0,49,31,13201,11325
TATTCCTCCGCCCACT-1,0,48,32,13088,11127
ATCAAACGAAGGTTTG-1,0,49,33,12974,11324
TTGATTAGCTGTTTCT-1,0,48,34,12862,11127
CTGCTGAGGCCACGAA-1,0,49,35,12748,11323
CCGTGTTAAATTCCAT-1,0,48,36,12635,11126
CACGTCGGCAACCTCT-1,0,49,37,12521,11323
GTATTCTGAGAAACGA-1,0,48,38,12409,11125
CGGTGCGCGTTGGTCC-1,0,49,39,12295,11322
GTGATTCGCCGCTCAA-1,0,48,40,12182,11125
GCCCGCGCGTAAACGG-1,0,49,41,12068,11322
AACGTACTGTGGGTAC-1,0,48,42,11956,11124
GAGTATGCCCGCCTTG-1,0,49,43,11842,11321
TGATTCTGTCGCCGGT-1,0,48,44,11729,11124
GGGCGGCAAATGAATT-1,0,49,45,11615,11320
TTCCAATCTGGCTATC-1,0,48,46,11503,11123
GGAACCGTGTAAATTG-1,0,49,47,11389,11320
TTGGTCACACTCGTAA-1,0,48,48,11276,11122
CGAACCCGCATGCGTC-1,0,49,49,11163,11319
GGGCGTCACCACGTAA-1,0,48,50,11050,11122
TACCAGAAGTAGGTTC-1,0,49,51,10936,11318
TTGGATATCGTCTACG-1,0,48,52,10823,11121
TAGATATGGACTGGAA-1,0,49,53,10710,11318
GCGACGATAGTTGTAC-1,0,48,54,10597,11120
CTGGATTTACACTTGA-1,0,49,55,10483,11317
GTTATATTATCTCCCT-1,0,48,56,10370,11120
TATTCCACTCAGCTCG-1,0,49,57,10257,11317
CTGTTACCCAATCTAG-1,0,48,58,10144,11119
ACGCGAAGTCAGACGA-1,0,49,59,10030,11316
GATAGGTAACGTTGAC-1,0,48,60,9918,11119
TGTTCGTATTGCGGTG-1,0,49,61,9804,11315
GGTCAGTGGGTCCCAC-1,0,48,62,9691,11118
AATTCTAGAGTTAGGC-1,0,49,63,9577,11315
GTTTACGTTCCATCTG-1,0,48,64,9465,11117
AGACCCACCGCTGATC-1,0,49,65,9351,11314
TCTAGCATGCCCAGAA-1,0,48,66,9238,11117
CCCGCAGCGCGAACTA-1,0,49,67,9124,11313
CTCTATTTGGCTGCAG-1,0,48,68,9012,11116
TTCTGCCGCGCCTAGA-1,0,49,69,8898,11313
ACTCCCTAGAATAGTA-1,0,48,70,8785,11115
CCGAACCTTCCCGGCC-1,0,49,71,8671,11312
TCAGACGCTATAGAAG-1,0,48,72,8559,11115
CAGGCGCCATGCTAGG-1,0,49,73,8445,11312
CACTCGAGCTGAACAA-1,0,48,74,8332,11114
ACAAGGAAATCCGCCC-1,0,49,75,8219,11311
ACCACGTGCAGCTATA-1,0,48,76,8106,11114
ACGGCGACGATGGGAA-1,0,49,77,7992,11310
TTACTAAAGGACTTTA-1,0,48,78,7879,11113
GGCTGAAATAGCAAAG-1,0,49,79,7766,11310
TTAGACGAGTCACCTC-1,0,48,80,7653,11112
GTAGTCGCGGGAATCA-1,0,49,81,7539,11309
GCAAACCCTACATTAT-1,0,48,82,7426,11112
GTTAAAGTAGGACTGG-1,0,49,83,7313,11308
ACCCTCCCTTGCTATT-1,0,48,84,7200,11111
CATGTCTCATTTATGG-1,0,49,85,7086,11308
AATAGAATCTGTTTCA-1,0,48,86,6973,11110
TCTCATGAGATAGGGT-1,0,49,87,6860,11307
ATGACTATGCGACATT-1,0,48,88,6747,11110
CCTAACCCAAACAAGT-1,0,49,89,6633,11307
AGTCAAGATGACACTT-1,0,48,90,6521,11109
CGGGAGCTTCAGTGTA-1,0,49,91,6407,11306
CCACAGTACCCATCCT-1,0,48,92,6294,11109
GAGCGCGCACGAGTAG-1,0,49,93,6180,11305
ACCAGTGCGGGAGACG-1,0,48,94,6068,11108
TCCTTACGACGGTCCG-1,0,49,95,5954,11305
TAGTCGATCACGGGTT-1,0,48,96,5841,11107
AGACGAAGTGCCGGTC-1,0,49,97,5727,11304
CGCTGGTGACTACCCT-1,0,48,98,5615,11107
AGGCATTGTCGTAGGG-1,0,49,99,5501,11303
TGGTAGAATATATGGG-1,0,48,100,5388,11106
TTCTTATCCGCTGGGT-1,0,49,101,5274,11303
AGTTTGGCACGGGTTG-1,0,48,102,5162,11105
GCATCGGCCGTGTAGG-1,0,49,103,5048,11302
ATGCGAGTCCCACCAC-1,0,48,104,4935,11105
TCGGCGAACCCAAACC-1,0,49,105,4822,11302
AGAGTAAACTTCACTA-1,0,48,106,4709,11104
AAGCCGAAGCGGTTTA-1,0,49,107,4595,11301
CCCGAGTTTCTCCGTA-1,0,48,108,4482,11104
AATATCGAATCAATGC-1,0,49,109,4369,11300
GCGCCTCCCACTCCGA-1,0,48,110,4256,11103
CGTTAAACTAGTTAGG-1,0,49,111,4142,11300
TGAGTTAAAGACATTC-1,0,48,112,4029,11102
AACAGGTAGTATGGAT-1,0,49,113,3916,11299
GAACGCGGGTCACACG-1,0,48,114,3803,11102
TGTTTGAGATCGTCAG-1,0,49,115,3689,11298
ATCTCGTGAGCGAAAC-1,0,48,116,3577,11101
CTGAGAAAGTTCGGCG-1,0,49,117,3463,11298
ATTACCACACTGCCTG-1,0,48,118,3350,11100
CTGCTGTCTAACGAGC-1,0,49,119,3236,11297
CGTGGAAGCCTCGTAC-1,0,48,120,3124,11100
GGACTCACAAATTAGG-1,0,49,121,3010,11296
CTTTGCTGTCATGGAT-1,0,48,122,2897,11099
GGTGTTGGGCGTCTTA-1,0,49,123,2783,11296
TACCATGTATTGATTT-1,0,48,124,2671,11099
GGTCTCCAAGTAGTGC-1,0,49,125,2557,11295
ATCCTTCTGAAAGAAC-1,0,48,126,2444,11098
CCGGAAGTTATCAGTC-1,0,49,127,2330,11295
TTAGAGGGATATACAG-1,0,50,0,16710,11531
TTGTACACCTCGAACA-1,0,51,1,16597,11728
GTGGGTACTGAGCGTA-1,0,50,2,16484,11531
CTTAAGCAGCGAGCCG-1,0,51,3,16370,11727
GCATTGACTTGCGGAA-1,0,50,4,16257,11530
CCATAACCTGTGCAGT-1,0,51,5,16144,11727
GGGCTACTATTTCGTG-1,0,50,6,16031,11530
GGCGAGCGAAACGGCA-1,0,51,7,15917,11726
GGAGACCATCTACATA-1,0,50,8,15805,11529
AGACCAAACCACACCT-1,0,51,9,15691,11726
CGACGCATCCGTACCT-1,0,50,10,15578,11528
CCTAGGTAAAGGTAGC-1,0,51,11,15464,11725
AGCGGCGGTTAGCGGT-1,0,50,12,15352,11528
CTGGACGCAGTCCGGC-1,0,51,13,15238,11724
AGCCTAATACCCACGT-1,0,50,14,15125,11527
AATCTGGCTTTCTAGT-1,0,51,15,15011,11724
CACCCTTGGTGAGACC-1,0,50,16,14899,11526
GGATCTTGACTCAACC-1,0,51,17,14785,11723
ACGAGGATACCACTCT-1,0,50,18,14672,11526
GAGTTGATGGCAATTT-1,0,51,19,14558,11722
GTGGCAAACAGCGGCA-1,0,50,20,14446,11525
GATGTAACGAACCACC-1,0,51,21,14332,11722
AGCCGTGGCTAAATGT-1,0,50,22,14219,11525
CTCCCTCCTTTCGATC-1,0,51,23,14106,11721
TTGGAAGAATACAGTC-1,0,50,24,13993,11524
AGTTAAGTCAACCGCT-1,0,51,25,13879,11721
CTCATGGTAATTTGCG-1,0,50,26,13766,11523
AAAGTAGCATTGCTCA-1,0,51,27,13653,11720
TTGTGGTAGGAGGGAT-1,0,50,28,13540,11523
AGTCGTGGGCATTACG-1,0,51,29,13426,11719
ACCTAAGTACCTTTCA-1,0,50,30,13313,11522
GTAGAGGGAGACAAGT-1,0,51,31,13200,11719
GATCCTCGACACTGGC-1,0,50,32,13087,11521
CCTACATTCACAGACG-1,0,51,33,12973,11718
TTGACCGTGTTAATGA-1,0,50,34,12860,11521
TCTGTTACCCAGCATA-1,0,51,35,12747,11717
CTAACTGGTCCGGTTC-1,0,50,36,12634,11520
AGCGACAGGAACGGTC-1,0,51,37,12520,11717
TAATAGAACAGAGTTA-1,0,50,38,12408,11520
ACAGGTGGAGGTGAGG-1,0,51,39,12294,11716
TGCGAGAATATTACCC-1,0,50,40,12181,11519
TTGCGTCGGCCAACCG-1,0,51,41,12067,11716
AGGCTTCCCGAAGAAG-1,0,50,42,11955,11518
GCGGACCGCGTTGTGG-1,0,51,43,11841,11715
GTAATCTGATTCTTCG-1,0,50,44,11728,11518
CCGCGGAATGCGTCAC-1,0,51,45,11614,11714
TTCCACACAGATTTGA-1,0,50,46,11502,11517
CTTCTATTAATGCTAG-1,0,51,47,11388,11714
CATTTGAGTGGTACGT-1,0,50,48,11275,11516
TCACAGCAAACTCGAA-1,0,51,49,11161,11713
CAGACGAACCTGATAC-1,0,50,50,11049,11516
TAGCTAGAAGGCATGA-1,0,51,51,10935,11712
ATCCAGAGCAACAACC-1,0,50,52,10822,11515
TCCGGTTCGTCCGGTC-1,0,51,53,10709,11712
CGCGCATGTTTGATTG-1,0,50,54,10596,11514
TGGCGATCAAGTTATG-1,0,51,55,10482,11711
CCCTTTGACAGGTCTT-1,0,50,56,10369,11514
CAGAGACGGTCACCCA-1,0,51,57,10256,11711
TAGCTCGCCTGATAAC-1,0,50,58,10143,11513
TTGTGTTTCCCGAAAG-1,0,51,59,10029,11710
TATACACAGACGCCTT-1,0,50,60,9916,11513
ACATTAGTTTATATCC-1,0,51,61,9803,11709
CCATCGCAGTTAAACT-1,0,50,62,9690,11512
AATTAGCGCTGCAGCG-1,0,51,63,9576,11709
TCCGCTTATCCCATTA-1,0,50,64,9464,11511
GTTTGGGCTTGTGAGC-1,0,51,65,9350,11708
CTTGTCAACATTCGAG-1,0,50,66,9237,11511
GGACCAACAGGATAAC-1,0,51,67,9123,11707
AAGCTAGATCGAGTAA-1,0,50,68,9011,11510
TACCGTGCCTCGGACC-1,0,51,69,8897,11707
GTAGCCAAACATGGGA-1,0,50,70,8784,11509
TGCCAGTACGTGGAGA-1,0,51,71,8670,11706
ATAAGGTGGAGAACAT-1,0,50,72,8558,11509
CTTTAATATTGGTCGA-1,0,51,73,8444,11706
TGGTTCAACGGGTAAT-1,0,50,74,8331,11508
GCTGCTACTGCGTAGC-1,0,51,75,8217,11705
CTGCACAACTACATAT-1,0,50,76,8105,11508
ATATTCCACATAGTGA-1,0,51,77,7991,11704
TGGCAAACTAAATTAC-1,0,50,78,7878,11507
ACCGCAATAACTGCCT-1,0,51,79,7764,11704
TCGCACCAGGAGGCAG-1,0,50,80,7652,11506
ACTTCAGGCTGATCCC-1,0,51,81,7538,11703
ACAAATCGCACCGAAT-1,0,50,82,7425,11506
TCTGATGTATTCTGTC-1,0,51,83,7312,11702
CTTTACCGAATAGTAG-1,0,50,84,7199,11505
GCAGATCCATAAGACT-1,0,51,85,7085,11702
TTCCTCGGACTAACCA-1,0,50,86,6972,11504
TTATCCGGGATCTATA-1,0,51,87,6859,11701
CTGGAAGACACGGTGG-1,0,50,88,6746,11504
GTTCGTCTAAAGAACT-1,0,51,89,6632,11701
GTCTATTGGTTCCGGT-1,0,50,90,6519,11503
CTAGGCGCCCTATCAG-1,0,51,91,6406,11700
AACGGACGTACGTATA-1,0,50,92,6293,11503
AACACACGCTCGCCGC-1,0,51,93,6179,11699
GCTACTATAGTAGAGT-1,0,50,94,6067,11502
AGCATATCAATATGCT-1,0,51,95,5953,11699
CGAACAGTATGGGCGT-1,0,50,96,5840,11501
ACAATTGTGTCTCTTT-1,0,51,97,5726,11698
GATCGCTACCCGATTT-1,0,50,98,5614,11501
ATTGCGATCAGTAACT-1,0,51,99,5500,11697
CAGCAGTCCAGACTAT-1,0,50,100,5387,11500
AGAGGCTTCGGAAACC-1,0,51,101,5273,11697
AAACAAGTATCTCCCA-1,0,50,102,5161,11499
GGCAGCAAACCTATGC-1,0,51,103,5047,11696
ACTAGTTGCGATCGTC-1,0,50,104,4934,11499
TTGGACCATCTGGCAA-1,0,51,105,4820,11696
CCCTCCTCGCTCGTAT-1,0,50,106,4708,11498
GAGCGCAAATACTCCG-1,0,51,107,4594,11695
ATTACATGTCAGTCTT-1,0,50,108,4481,11498
TTGGGACGTAAGAGTT-1,0,51,109,4368,11694
CTTCGGCCAATTGTTT-1,0,50,110,4255,11497
AGACCGCTCCGCGGTT-1,0,51,111,4141,11694
GACCGCGTCTGACGTG-1,0,50,112,4028,11496
CCAAATAACAAGATTC-1,0,51,113,3915,11693
TCTTTAGAGTCTAACA-1,0,50,114,3802,11496
CTCCCAATGAGTCGCG-1,0,51,115,3688,11692
TAGTCTTTCCGAATTG-1,0,50,116,3575,11495
GAGTAAACCGGAAAGT-1,0,51,117,3462,11692
GATCTCGACGCTGTGG-1,0,50,118,3349,11494
CTGACATAGAAATAGA-1,0,51,119,3235,11691
TATACCGAGTGCCACA-1,0,50,120,3122,11494
TCCGAACGTTGCCGCT-1,0,51,121,3009,11691
GCAGAAGGTAATCTCC-1,0,50,122,2896,11493
GGTACTAAGTGCTTTG-1,0,51,123,2782,11690
CAGAATATTCGTTATC-1,0,50,124,2670,11493
TAATCAACCAAATGGG-1,0,51,125,2556,11689
TCTGCTTAGAACAAGC-1,0,50,126,2443,11492
AACTGAGTTATACTGA-1,0,51,127,2329,11689
CCTCAACGATCGCTGT-1,0,52,0,16709,11925
CGGTACGGCAAACCCA-1,0,53,1,16596,12122
CAGATGTTTGTCCCAA-1,0,52,2,16483,11925
GTTTGTTAGCCAAGTA-1,0,53,3,16369,12122
ACGTGACAAAGTAAGT-1,0,52,4,16256,11924
TTGTCACCGCGGTATC-1,0,53,5,16143,12121
GATCTAACCGTATTCA-1,0,52,6,16030,11924
ATGGAAATTTAAGGAG-1,0,53,7,15916,12120
ATTGATCACCACATTT-1,0,52,8,15803,11923
ACTGCTCGGAAGGATG-1,0,53,9,15690,12120
TCTAAAGAACAGTCTC-1,0,52,10,15577,11922
CTGGGTTGAGTTAAAG-1,0,53,11,15463,12119
CCCAGTAAACTTGGGA-1,0,52,12,15351,11922
AGATTCACAACCGATA-1,0,53,13,15237,12118
AGAAGGTACACTTCAC-1,0,52,14,15124,11921
GCAGGAACTTAGATCT-1,0,53,15,15010,12118
AATCTAGGTTTACTTG-1,0,52,16,14898,11920
CCCGGTGTATCGGAAT-1,0,53,17,14784,12117
TTATCCTCAAGGAATA-1,0,52,18,14671,11920
AGCATCATTTCGAAAG-1,0,53,19,14557,12117
CGCGAGTCTGCCGGGT-1,0,52,20,14445,11919
TGCGTCATGACTGAGC-1,0,53,21,14331,12116
GTATGAAATTTCACTC-1,0,52,22,14218,11919
TTGGTTGCGGTGCGCG-1,0,53,23,14104,12115
ACAGAACTGAGAACAA-1,0,52,24,13992,11918
CTACTATCATAGGTTT-1,0,53,25,13878,12115
CCTCTATCGATTAGCA-1,0,52,26,13765,11917
CCGTATCTCGTCGTAG-1,0,53,27,13651,12114
TCACGATGTCCGTGGA-1,0,52,28,13539,11917
TCAACAAAGATAATTC-1,0,53,29,13425,12113
ATGACGCGTTCTATCC-1,0,52,30,13312,11916
ATTTGCGCGAGTAGCT-1,0,53,31,13199,12113
TTCTTGGACGATCTGC-1,0,52,32,13086,11915
AGACGACGATGCCGCT-1,0,53,33,12972,12112
GGTCTCTGAATGGACT-1,0,52,34,12859,11915
GCTCAATCCGTTTATT-1,0,53,35,12746,12112
CCAGAAAGCAACTCAT-1,0,52,36,12633,11914
CACCGTTAGGGATCAC-1,0,53,37,12519,12111
AATAACACTAGAACAA-1,0,52,38,12406,11914
CACCCGGTTTGTGACT-1,0,53,39,12293,12110
CCACCAACTTTACTGT-1,0,52,40,12180,11913
AACTCTCAGTGTGCTC-1,0,53,41,12066,12110
AAACCGTTCGTCCAGG-1,0,52,42,11954,11912
CAGCGATTCCCTTCAA-1,0,53,43,11840,12109
GCTAGCTTGAATAGCT-1,0,52,44,11727,11912
TTGCGGCATCAGAAAG-1,0,53,45,11613,12108
AATAGAACAGAGTGGC-1,0,52,46,11501,11911
GCCATCGAGCTGCGTG-1,1,53,47,11387,12108
ACACTGATCAAGGTGT-1,1,52,48,11274,11910
ACCAACGCTTATTTAT-1,1,53,49,11160,12107
GACATCGATTTATAAC-1,0,52,50,11048,11910
CAGACACCGATCGCTG-1,0,53,51,10934,12107
CCAAGAAAGTGGGCGA-1,0,52,52,10821,11909
GGTAGACCGTTGGGCG-1,0,53,53,10707,12106
TCGTTAGGAGTCCCTA-1,0,52,54,10595,11909
ACGGCCAACATGGACT-1,0,53,55,10481,12105
GTGAGTGGTACAACGC-1,0,52,56,10368,11908
GAGACTTCGCGACCGA-1,0,53,57,10255,12105
GAAGTCAGTTGCACTA-1,0,52,58,10142,11907
GTTTGGTAGGGTCAAC-1,0,53,59,10028,12104
ACGGCACTTGCTTGGG-1,0,52,60,9915,11907
CCTCTGTACTATTCTA-1,0,53,61,9802,12103
CTATTCATGTGTCCCA-1,0,52,62,9689,11906
GCCCGATCTGTGGTCG-1,0,53,63,9575,12103
TTAGAAGAACATGACT-1,0,52,64,9462,11905
AGGATAAAGTCGGGAT-1,0,53,65,9349,12102
CGGCAAACATCGTGCG-1,0,52,66,9236,11905
CTAGTTACAACCCGGT-1,0,53,67,9122,12102
TTCGACAGAGCCCGTG-1,0,52,68,9009,11904
AAGCATACTCTCCTGA-1,0,53,69,8896,12101
GACGACGATCCGCGTT-1,0,52,70,8783,11904
GGTAGAAGACCGCCTG-1,0,53,71,8669,12100
GAGATGGGAGTCGACA-1,0,52,72,8557,11903
AACGATAATGCCGTAG-1,0,53,73,8443,12100
TGGTCCCACGCTACGG-1,0,52,74,8330,11902
CTGCTTGGCGATAGCT-1,0,53,75,8216,12099
ATCGGAGACAGACGGC-1,0,52,76,8104,11902
TAGCGTCCGGTGTGGT-1,0,53,77,7990,12098
GTTGAGTCCCGCCGGT-1,0,52,78,7877,11901
AAATAGGGTGCTATTG-1,0,53,79,7763,12098
AAGTGTTTGGAGACGG-1,0,52,80,7651,11900
AGCACTACCTCACCAG-1,0,53,81,7537,12097
TGCCTTGGCCAGGCAA-1,0,52,82,7424,11900
TCGTCTTAGGCGTTAA-1,0,53,83,7310,12096
TTCTGACCGGGCTCAA-1,0,52,84,7198,11899
CAGAACTTAGCCCTCT-1,0,53,85,7084,12096
AGCTCCTTCGCACATC-1,0,52,86,6971,11899
ACAGGCTTGCCCGACT-1,0,53,87,6858,12095
GCTATACGTCTCGGAC-1,0,52,88,6745,11898
GAGCCAGCTACCTGTG-1,0,53,89,6631,12095
TGCTAAGTGTCTATTT-1,0,52,90,6518,11897
GTCCTACGAATAGTCT-1,0,53,91,6405,12094
CAGTGTCGGCTGGCCC-1,0,52,92,6292,11897
CTATCGACGAAATACA-1,0,53,93,6178,12093
CATCATTACCCTGAGG-1,0,52,94,6065,11896
TAAGTTGCGACGTAGG-1,0,53,95,5952,12093
AGTGCACGCTTAAGAA-1,0,52,96,5839,11895
TGTGCCGGTGCCGGAA-1,0,53,97,5725,12092
AGGAGGCCTTCGCGCG-1,0,52,98,5613,11895
TCCGCGGCCCAATGAA-1,0,53,99,5499,12091
TCCGTTAAGCTAATAT-1,0,52,100,5386,11894
AAATCTAGCCCTGCTA-1,0,53,101,5272,12091
CGCAGGCGATCCAAAC-1,0,52,102,5160,11894
CCATATGGAAACTATA-1,0,53,103,5046,12090
CACCGTATCCCATCCG-1,0,52,104,4933,11893
GGTCAAGACTACTTCG-1,0,53,105,4819,12090
CCCGTTTCGCAGATGT-1,0,52,106,4707,11892
GTTATAATACGGTGAA-1,0,53,107,4593,12089
ACTTGTGGATGGAACG-1,0,52,108,4480,11892
GTTCGCTGAGACGTCT-1,0,53,109,4366,12088
GACACTGGAACCCGAT-1,0,52,110,4254,11891
CCCAGGTCTGAAGGCT-1,0,53,111,4140,12088
TCTCGAGGAGGTTCGC-1,0,52,112,4027,11890
ACTATCTGCCCGCGTA-1,0,53,113,3913,12087
CCTAAATTGTATCCTA-1,0,52,114,3801,11890
AGAAATTATGACTCGC-1,0,53,115,3687,12086
TCCAGCGCTATAAGCG-1,0,52,116,3574,11889
TCGTGTATTGGTCACG-1,0,53,117,3461,12086
CCACATACTGCACCCA-1,0,52,118,3348,11889
GTTGCGGACGGTCAGG-1,0,53,119,3234,12085
GTATTTAATGGCATAA-1,0,52,120,3121,11888
GTCGATAGGTGACTTT-1,0,53,121,3008,12085
AATAATCTTCGTATCG-1,0,52,122,2895,11887
ATTGTTCAACGATCCG-1,0,53,123,2781,12084
GTGCAGCGTAGAGTAG-1,0,52,124,2668,11887
TGTGGTAGGGTGCCTT-1,0,53,125,2555,12083
TGTGGACTATCTACGT-1,0,52,126,2442,11886
GGCGGGCTCTAAGAGT-1,0,53,127,2328,12083
TGTGCCAGAGGCAAAG-1,0,54,0,16708,12319
TGGCTTATGTATAATG-1,0,55,1,16594,12516
GCAAGCTGGAAACCGC-1,0,54,2,16482,12319
GATATCAAGCAGGAGC-1,0,55,3,16368,12516
CACCAATCATCCGTCT-1,0,54,4,16255,12318
CCACATGGCTCTTTAT-1,0,55,5,16142,12515
GTCCTACTCTACGGGC-1,0,54,6,16029,12318
CTCGAGACATACGATA-1,0,55,7,15915,12514
TATCAGTGGCGTAGTC-1,0,54,8,15802,12317
TGACAGGACAAGTCCA-1,0,55,9,15689,12514
TATTAACACCAAAGCA-1,0,54,10,15576,12316
TAGGCGATGAGGTCTC-1,0,55,11,15462,12513
CCGCCGGAACTTCTCG-1,0,54,12,15349,12316
GCCATTAGCCTCAAAC-1,0,55,13,15236,12512
GTTAGGCTACCCGTTT-1,0,54,14,15123,12315
GGGTATTCTAGCAAAC-1,0,55,15,15009,12512
GCCCTAGCCGTCGCGA-1,0,54,16,14897,12314
CAGATCCTGGTTTGAA-1,0,55,17,14783,12511
CTTCAGTGGTCGCCTA-1,0,54,18,14670,12314
GGGCAACCGCACGTGC-1,0,55,19,14556,12511
GACCCAATTATGATAC-1,0,54,20,14444,12313
GAAGCTCGGACCCGTC-1,0,55,21,14330,12510
CGTCGGGTCTAAGCGC-1,0,54,22,14217,12313
GAGGCCCGACTCCGCA-1,0,55,23,14103,12509
TTGCCATAGCCCGCTC-1,0,54,24,13991,12312
TAACATACACGCGATC-1,0,55,25,13877,12509
CCGACGGGCATGAGGT-1,0,54,26,13764,12311
AATGTGCCCGAGGTGT-1,0,55,27,13650,12508
AGCTGTAACCTCAATC-1,0,54,28,13538,12311
CGAGTGAAGGTACCAG-1,0,55,29,13424,12507
AGTCTCACAAGACTAC-1,0,54,30,13311,12310
AAATTGATAGTCCTTT-1,0,55,31,13197,12507
TAAGTCGCCGAGTATC-1,0,54,32,13085,12309
GCGGAGAAACTTCGCA-1,0,55,33,12971,12506
GGCAAAGGCGCCAATA-1,0,54,34,12858,12309
ATTTCCGGGTTCTGCG-1,0,55,35,12745,12506
TAAACCCAGGAGGGCA-1,0,54,36,12632,12308
TTCGGGCGCTAGTCTT-1,0,55,37,12518,12505
GTGGAGTCGGCGGTTG-1,0,54,38,12405,12308
GCACGCCTACTTAGAT-1,0,55,39,12292,12504
CAATATTCTTGACCTA-1,0,54,40,12179,12307
CGTTTGTGTAGAGGGT-1,0,55,41,12065,12504
CATAGCGTTGCCCACC-1,0,54,42,11952,12306
TGATACATTTAGCCGT-1,1,55,43,11839,12503
TTCCGGCCTTGAGGCT-1,0,54,44,11726,12306
CCTATACCGTCCTGTC-1,0,55,45,11612,12502
TCGTTGCTATCCGGTC-1,0,54,46,11500,12305
TGGCGACTGCTCCAAA-1,1,55,47,11386,12502
CAGAGGCGATGCATGA-1,1,54,48,11273,12304
TCACAGGAGAATAAGA-1,1,55,49,11159,12501
GGGTTAACATTTGAGT-1,0,54,50,11047,12304
GCGGGCGAGCCTTACC-1,0,55,51,10933,12501
TGCCAATGGGTACTCT-1,0,54,52,10820,12303
AGGGACTCTACGCGAC-1,0,55,53,10706,12500
GACGCCGTAAAGGCTA-1,0,54,54,10594,12303
AAAGGCTCTCGCGCCG-1,0,55,55,10480,12499
CTGGCTGGTTGTCAGT-1,0,54,56,10367,12302
ACATCCCGGCCATACG-1,0,55,57,10253,12499
CTCTTGTCCCGCTTGG-1,0,54,58,10141,12301
TACGCCTCCATTCCGA-1,0,55,59,10027,12498
CGGAGCAATTTAATCG-1,0,54,60,9914,12301
AACTAGGCTTGGGTGT-1,0,55,61,9800,12497
GCGTCGCCAGGGTGAT-1,0,54,62,9688,12300
GTTGGTCATGCTATCC-1,0,55,63,9574,12497
GCTGGCGGCGCATGCT-1,0,54,64,9461,12299
TGAGCGGAAAGTGTTC-1,0,55,65,9348,12496
CTTTCTGTGCGGGCTT-1,0,54,66,9235,12299
ATCTAATATCCTACGG-1,0,55,67,9121,12496
AACCTTTAAATACGGT-1,0,54,68,9008,12298
TTCACTCGAGCACCTA-1,0,55,69,8895,12495
CTGCACTCCAGTACAG-1,0,54,70,8782,12298
CCATTTCTACCTATTA-1,0,55,71,8668,12494
CAAGCGGCACATAATT-1,0,54,72,8555,12297
GTTAACATCACTTAAA-1,0,55,73,8442,12494
ATATAAATGTAGCTGC-1,0,54,74,8329,12296
GCCTCTATACATAGCA-1,0,55,75,8215,12493
GTGTCGTATAGCGTTC-1,0,54,76,8103,12296
ATACGTACTTAGCCAC-1,0,55,77,7989,12492
GCTATCATACTCATGG-1,0,54,78,7876,12295
TATCCAATTGGTTATC-1,0,55,79,7762,12492
TCTCCCTGGGCAGCGT-1,0,54,80,7650,12294
CCTATAATGAGTGCCC-1,0,55,81,7536,12491
CAATGCGAGAAGTATC-1,0,54,82,7423,12294
TACCAATAAAGTACCA-1,0,55,83,7309,12491
GCTAGGCACCACGGAG-1,0,54,84,7197,12293
GGTGGACTGCTCTGGC-1,0,55,85,7083,12490
TATTCCGAGCTGTTAT-1,0,54,86,6970,12293
TTGAGAAGTTTAGCAT-1,0,55,87,6856,12489
GTCCGGACCTGAAATT-1,0,54,88,6744,12292
CTGTGGTCGGGAGATA-1,0,55,89,6630,12489
CATGTAAGAGACATTT-1,0,54,90,6517,12291
CACGTTTCGTACACAC-1,0,55,91,6404,12488
CATCCTCTCAAAGATC-1,0,54,92,6291,12291
GATTAACCGAAAGCCC-1,0,55,93,6177,12487
AACGCTGTTGCTGAAA-1,0,54,94,6064,12290
TTCAGCTGGCGTGCCC-1,0,55,95,5951,12487
TAGAGGTTCTACTTGT-1,0,54,96,5838,12289
GTATCAAACGTTAGCT-1,0,55,97,5724,12486
AATCATGTAAAGACTC-1,0,54,98,5611,12289
AGTCACTAGCTCTCGA-1,0,55,99,5498,12486
GCGAAACGATCGGGAG-1,0,54,100,5385,12288
CATGGATTGTCTTCCG-1,0,55,101,5271,12485
ATTGGATTACAGCGTA-1,0,54,102,5159,12288
CACACACGCTAACGAG-1,0,55,103,5045,12484
CTATGGGAAGCGGAAT-1,0,54,104,4932,12287
TGCCTAATTGAAGATT-1,0,55,105,4818,12484
TGGCAATGGGACGGCG-1,0,54,106,4706,12286
ACCTCCGCCCTCGCTG-1,0,55,107,4592,12483
CGGCAATAAGATCGCC-1,0,54,108,4479,12286
CCTTGACCACTTTATT-1,0,55,109,4365,12482
TCATTTAGAAGTGTGA-1,0,54,110,4253,12285
CAGAATAACACACGGA-1,0,55,111,4139,12482
TCTGAGCAATTGACTG-1,0,54,112,4026,12284
CAACGTGGTGGAGTCT-1,0,55,113,3912,12481
CACAGTTCGCTTCCCA-1,0,54,114,3800,12284
TCTCTCGCCGCACATA-1,0,55,115,3686,12481
TGGGCAGGCCACCGCA-1,0,54,116,3573,12283
CTCCTGTTCAAGGCAG-1,0,55,117,3459,12480
TATTTGATTTGCACAG-1,0,54,118,3347,12283
GCCACTCCTTACGGTA-1,0,55,119,3233,12479
ACCGATATTTAATCAT-1,0,54,120,3120,12282
TTATTATCTGGAAGGC-1,0,55,121,3007,12479
TACATGCCGGAATTGT-1,0,54,122,2894,12281
GGCACTCAGCCGACCC-1,0,55,123,2780,12478
AAACCGGAAATGTTAA-1,0,54,124,2667,12281
AGACAGGCATCTCAGC-1,0,55,125,2554,12477
GTGGTGATGGTTTGTG-1,0,54,126,2441,12280
CCGATATGACGTAAGG-1,0,55,127,2327,12477
CATACACAAAGTCAGC-1,0,56,0,16707,12714
TGCCGTTCTTAATCGG-1,0,57,1,16593,12910
TCGAGTCTACGATTCG-1,0,56,2,16481,12713
ACTTCCAGTGGAAGCT-1,0,57,3,16367,12910
CAATTGGGCCGCACTC-1,0,56,4,16254,12712
AAATCGCGGAAGGAGT-1,0,57,5,16140,12909
ATATCAATTCCAGCCT-1,0,56,6,16028,12712
CTTTGTCGAATGCTCC-1,0,57,7,15914,12908
TGAGGCATGTACTGTG-1,0,56,8,15801,12711
TTCGCCGCTCGCGCTA-1,0,57,9,15688,12908
GACTCCTTCCAATTGA-1,0,56,10,15575,12710
ACCGAAGAGTCTGGTT-1,0,57,11,15461,12907
TGGCATGAAGTTTGGG-1,0,56,12,15348,12710
ACGAGGTTTACAACGT-1,0,57,13,15235,12907
AACCCATCCCATGATC-1,0,56,14,15122,12709
TCGACAACTGAACCCG-1,0,57,15,15008,12906
TATCTTGCAATACAAC-1,0,56,16,14895,12709
TATTATGTTTGCCTGC-1,0,57,17,14782,12905
GTCAAAGAAGTGGTGT-1,0,56,18,14669,12708
GGGACAGAGTTACTCC-1,0,57,19,14555,12905
AGCAACCGAAAGTAAT-1,0,56,20,14442,12707
CTCTCTAACTGCCTAG-1,0,57,21,14329,12904
ATACGGAACGTCGTTT-1,0,56,22,14216,12707
TCGGTCCCGACAATAG-1,0,57,23,14102,12903
CGCGCAAATGTCCAGA-1,0,56,24,13990,12706
TCTAATACTGCCTCAG-1,0,57,25,13876,12903
CTCGGTTGTCGGCCCT-1,0,56,26,13763,12705
GGTAACCGGGAGGATA-1,0,57,27,13649,12902
CAGGCGCACGGTGGTC-1,0,56,28,13537,12705
TCATCGATGGTCCCAA-1,0,57,29,13423,12901
CAAAGATTATTGGGCC-1,0,56,30,13310,12704
ACAATGAATACGGAGA-1,0,57,31,13196,12901
GCTCCTGACATACTGG-1,0,56,32,13084,12704
GATGACAAGTAGGGCA-1,0,57,33,12970,12900
TACGCCGAGGGTACCC-1,0,56,34,12857,12703
AAGCGTCCCTCATCGA-1,0,57,35,12743,12900
CACTCCTATGTAAGAT-1,0,56,36,12631,12702
TCGAGCCAGGCAGGCC-1,0,57,37,12517,12899
TCGTCAAGTACGCGCA-1,0,56,38,12404,12702
CCCGTAGCTGGGAAGA-1,0,57,39,12291,12898
ACCCTATGCCATATCG-1,0,56,40,12178,12701
GTGGTATAGTCTGCCG-1,0,57,41,12064,12898
CCGGTTTGTAATTGTG-1,1,56,42,11951,12700
GTCGCCGTTGTGTGTT-1,1,57,43,11838,12897
TACTGAACAGATTTAG-1,1,56,44,11725,12700
TATTAACCTGACCGCG-1,1,57,45,11611,12896
CTGTAGCCATCTCACT-1,1,56,46,11498,12699
TACTATGGTTCCTCAG-1,1,57,47,11385,12896
GAGTCAGACCAGAATC-1,1,56,48,11272,12699
TAAGGCATAACATCAA-1,1,57,49,11158,12895
CTTCCGCTCCGTGAAG-1,1,56,50,11046,12698
GGGCTATGATCGATGG-1,1,57,51,10932,12895
GGTCGGTCGTCCACAG-1,0,56,52,10819,12697
GGGACCCGTATATCTT-1,1,57,53,10705,12894
GAAAGCAGTGCACTTT-1,0,56,54,10593,12697
AGCGCATAATGAATCG-1,1,57,55,10479,12893
GCTGCTAAGTAGTCGA-1,0,56,56,10366,12696
AATAGTCCGTCCCGAC-1,1,57,57,10252,12893
AGCAGCCAGATGAATA-1,0,56,58,10140,12695
CCTCGCGCTGTGCGAT-1,1,57,59,10026,12892
TTGTGTATGCCACCAA-1,0,56,60,9913,12695
TGCTCGGCGAAACCCA-1,1,57,61,9799,12891
CGATTAAATATCTCCT-1,0,56,62,9687,12694
TGCCGTGGATCGTCCT-1,1,57,63,9573,12891
GTGGACGCATTTGTCC-1,0,56,64,9460,12694
ACCCGGAAACTCCCAG-1,0,57,65,9346,12890
CCGCATGTGGTACGAT-1,0,56,66,9234,12693
GCAAACCTTGGCCATA-1,0,57,67,9120,12890
ATTCACTGATGTTGGA-1,0,56,68,9007,12692
ACTCCCTAATGCTAAA-1,0,57,69,8894,12889
TCCTAAATTGGGAAGC-1,0,56,70,8781,12692
GAACAGATTACTAAAT-1,0,57,71,8667,12888
ATACAGGCCCTCCAAT-1,0,56,72,8554,12691
CGATTCGCCTGGCTGC-1,0,57,73,8441,12888
TCCGCCTGTCTACAAG-1,0,56,74,8328,12690
CACATCTCACCGACGA-1,0,57,75,8214,12887
CGTCGTCCTTCGCGAA-1,0,56,76,8101,12690
CGTTGAATACCGCGCT-1,0,57,77,7988,12886
ACCAATATGCAAGTTA-1,0,56,78,7875,12689
ACGGATGGTGCGGATA-1,0,57,79,7761,12886
CACCCTAACAAGATCT-1,0,56,80,7649,12689
AAGCTCTTTCATGGTG-1,0,57,81,7535,12885
CATGGGTATGCCTTAT-1,0,56,82,7422,12688
GCGCGTCATTGGTACA-1,0,57,83,7308,12885
TCTGAAGCACGTGGTC-1,0,56,84,7196,12687
AAGTTCACTCCAAGCT-1,0,57,85,7082,12884
TTGGACCTATAACAGT-1,0,56,86,6969,12687
ATCAGCCTCATGCTGC-1,0,57,87,6855,12883
AGTACTCTTATGCCCA-1,0,56,88,6743,12686
GCGCTTAAATAATTGG-1,0,57,89,6629,12883
TTGTGAACCTAATCCG-1,0,56,90,6516,12685
AGTCGTCGACCACCAA-1,0,57,91,6402,12882
TCCTTTAAATCCGCTT-1,0,56,92,6290,12685
ACTGAAACGCCGTTAG-1,0,57,93,6176,12881
GCACACACTGGTAGCC-1,0,56,94,6063,12684
TAAGGGCCTGTCCGAT-1,0,57,95,5949,12881
GCTAGAGTAGAGATGT-1,0,56,96,5837,12683
CACAGGGCCATATAGT-1,0,57,97,5723,12880
CCATGCCCTAGATTTC-1,0,56,98,5610,12683
TCGCGTAGCAGTGTCC-1,0,57,99,5497,12880
GACGAGGCTAATAAAC-1,0,56,100,5384,12682
CTACACTCGCAGATGG-1,0,57,101,5270,12879
ACGCATACGTTTACTA-1,0,56,102,5157,12682
GGAGCAACATTTCAAG-1,0,57,103,5044,12878
CGAGAGGGTAGCCGCG-1,0,56,104,4931,12681
TCGTGTTCGACCACAA-1,0,57,105,4817,12878
TCTACCCAATAGAGAG-1,0,56,106,4704,12680
ATAAACGTTGCACCAC-1,0,57,107,4591,12877
TCAACTGCAGAGTCAG-1,0,56,108,4478,12680
AGCTCCATATATGTTC-1,0,57,109,4364,12876
GTAACATCTAAGATAA-1,0,56,110,4252,12679
CCGACAATAGGCCGCC-1,0,57,111,4138,12876
ATGCTTAGGAGTTGAT-1,0,56,112,4025,12678
AACCCGAGCAGAATCG-1,0,57,113,3911,12875
CGGGTTTGTTAGGGCT-1,0,56,114,3799,12678
AGGCACGTGACTGTCC-1,0,57,115,3685,12875
GACAAGAGATGAGATT-1,0,56,116,3572,12677
AGCCCTTGGACATCCC-1,0,57,117,3458,12874
GCAGTTCGATCCGAGC-1,0,56,118,3346,12677
TCGAGGGCAACAGACG-1,0,57,119,3232,12873
ACTTTGTCGACGCACT-1,0,56,120,3119,12676
GAGTATCAAAGTTACA-1,0,57,121,3005,12873
CCAGGCTGGCGTCTGA-1,0,56,122,2893,12675
GGACTCTTCCGGTTGA-1,0,57,123,2779,12872
TCCCAGCACACGACAT-1,0,56,124,2666,12675
GCTCCATGAGTGCAGA-1,0,57,125,2553,12871
GCAGTGCGGGCGGATG-1,0,56,126,2440,12674
GCGTTCTGACTAAGCG-1,0,57,127,2326,12871
ATTTGGAGATTGCGGT-1,0,58,0,16706,13108
AAGGGTTTGATTTCAG-1,0,59,1,16592,13304
CCGGCCGCGAGCATAT-1,0,58,2,16480,13107
GAGTTCTGTGGGTGCT-1,0,59,3,16366,13304
AAACGAAGATGGAGTA-1,0,58,4,16253,13106
AATTACGAGACCCATC-1,0,59,5,16139,13303
CCTTTGAATTATGGCT-1,0,58,6,16027,13106
CATGGTATTAGTTTGT-1,0,59,7,15913,13302
AACGAAAGTCGTCCCA-1,0,58,8,15800,13105
ACATAAGTCGTGGTGA-1,0,59,9,15686,13302
GCACAACCTCGGGCGT-1,0,58,10,15574,13104
ATGCACGCGCTGTTCA-1,0,59,11,15460,13301
CGATGTTGTTATCTAC-1,0,58,12,15347,13104
GTCTCCTGCCAGTATG-1,0,59,13,15233,13301
GATGCCTTCTGCGGCA-1,0,58,14,15121,13103
ACCGGTCAGGTACACC-1,0,59,15,15007,13300
GTGGAGCGTTTACCGA-1,0,58,16,14894,13103
AGGCGGTTTGTCCCGC-1,0,59,17,14781,13299
TCCCTGGCGTATTAAC-1,0,58,18,14668,13102
AAACACCAATAACTGC-1,0,59,19,14554,13299
TGGACGCAATCCAGCC-1,0,58,20,14441,13101
GGAACCTTGACTCTGC-1,0,59,21,14328,13298
GTATCTCAGTCTTGAC-1,0,58,22,14215,13101
GCTGAATCTTCCAATC-1,0,59,23,14101,13297
AGATGCAAGACGTGCA-1,0,58,24,13988,13100
TTAAGGCCCGTACTTT-1,0,59,25,13875,13297
AGTATGCTGGAGACCA-1,0,58,26,13762,13099
GCGGCAAAGTATTGCC-1,0,59,27,13648,13296
GCGCAAATATATTCAA-1,0,58,28,13536,13099
GAAGAAACGATATTGT-1,0,59,29,13422,13296
GGACCTCTAGGCCGCC-1,0,58,30,13309,13098
AACAGCTGTGTGGCAA-1,0,59,31,13195,13295
TCGAATATCCCGCAGG-1,0,58,32,13083,13098
GCGACCCAACCATCTG-1,0,59,33,12969,13294
AGAGAAGGAGTACAAT-1,0,58,34,12856,13097
GGCTCCTCCACCTGTT-1,0,59,35,12742,13294
TCAGTGTATACGTCAT-1,0,58,36,12630,13096
ATTATTATGTCCGTCA-1,0,59,37,12516,13293
TTAGGTCATAACCGAC-1,1,58,38,12403,13096
AAGATGGCACCGGACC-1,1,59,39,12289,13292
CTACAAGAAATAACCC-1,1,58,40,12177,13095
ACTATTTCCGGGCCCA-1,1,59,41,12063,13292
TTGTTTCACATCCAGG-1,1,58,42,11950,13094
CGCTGTGTGGATGTTG-1,1,59,43,11837,13291
TCAACATAGCGCCCTA-1,1,58,44,11724,13094
GGCCGTTTGGGTTTCA-1,1,59,45,11610,13291
TACTCTTTCGTCTTCA-1,1,58,46,11497,13093
TTCGCGCGCCATACGA-1,1,59,47,11384,13290
CGGAAAGAATCAAACG-1,1,58,48,11271,13093
AGGCAGGGAGCGTACT-1,1,59,49,11157,13289
CCTTTAAGGGAGCACT-1,1,58,50,11044,13092
CGCCCAGCACGCCTAG-1,1,59,51,10931,13289
AGTATTTGGCACGACC-1,1,58,52,10818,13091
TATCCGCACCGTCGGG-1,1,59,53,10704,13288
ACCCGTGTCATCAGTA-1,1,58,54,10591,13091
CAACTGCTCATCCGAT-1,1,59,55,10478,13287
CCGGAGCGTACTTTCT-1,1,58,56,10365,13090
TACCGTAGGTTAACTA-1,1,59,57,10251,13287
TGAGGAGTGCCAGCTT-1,1,58,58,10139,13089
CCAGTCTTGTCATAGA-1,1,59,59,10025,13286
GGGCAGAGCAATCGTT-1,1,58,60,9912,13089
TACCAAATAGCCCAGA-1,1,59,61,9798,13286
TACCTACTCCCAGTAT-1,1,58,62,9686,13088
TGTGAGACTAGCCCAA-1,1,59,63,9572,13285
ATACCTAACCAAGAAA-1,1,58,64,9459,13088
GTCGGGAAGCAGAAAC-1,1,59,65,9345,13284
AATTAACGGATTTCCA-1,1,58,66,9233,13087
GAACCCTCTGTGTTCT-1,1,59,67,9119,13284
ATATAAAGCGCTCGTG-1,1,58,68,9006,13086
CCTGGTCGAATGTGGG-1,1,59,69,8892,13283
CTAGGTTCGGACGTGA-1,1,58,70,8780,13086
TCGGGAGACAGCGTAC-1,1,59,71,8666,13282
CATAAGAAGCTTGGCT-1,0,58,72,8553,13085
AAGCACCCTGCGTATC-1,0,59,73,8440,13282
AGTTTGCACCTGCCTC-1,0,58,74,8327,13084
GACTGCAAATCGAGCT-1,0,59,75,8213,13281
GTGTATATCAGCGGGC-1,0,58,76,8100,13084
CTTCAACTCCACTTGG-1,0,59,77,7987,13281
ACTTACGCATCCACGC-1,0,58,78,7874,13083
CATGAGATGCACTCTC-1,0,59,79,7760,13280
GAGCACCTGTGTCCAG-1,0,58,80,7647,13083
CGCGACCGCGACAGAT-1,0,59,81,7534,13279
GTCCCGCGACGTTATG-1,0,58,82,7421,13082
GCAGTGTGGCTATAGG-1,0,59,83,7307,13279
ATACTGCCTTACACCG-1,0,58,84,7195,13081
TACAGAAACGGTGGGC-1,0,59,85,7081,13278
GGCGCGGAGATCTTTC-1,0,58,86,6968,13081
CGTTAATGTCCCGACG-1,0,59,87,6854,13277
GCTAACTGAAGTCTGA-1,0,58,88,6742,13080
AGTGATAACCTGCGCG-1,0,59,89,6628,13277
TATGATCTTCTCTTTA-1,0,58,90,6515,13079
TGTACCTACACGAGGG-1,0,59,91,6401,13276
ATATCGTTCCTCGAAC-1,0,58,92,6289,13079
CGGCGCCATCAATCCC-1,0,59,93,6175,13276
CCTGTTTGAAGACACG-1,0,58,94,6062,13078
GCCACTCAGAGCGCGA-1,0,59,95,5948,13275
TCGGCTTGTATCGACG-1,0,58,96,5836,13078
TAGATGGTTCCTTACT-1,0,59,97,5722,13274
ATCGTTAGCTAGCGGA-1,0,58,98,5609,13077
ACAGCGACATTCTCAT-1,0,59,99,5495,13274
ATTCAACCATTTAAGG-1,0,58,100,5383,13076
CACTCTTCTGCTAGCC-1,0,59,101,5269,13273
CTAACTGATAATCGCC-1,0,58,102,5156,13076
TGATGTCAATTAAGTG-1,0,59,103,5043,13272
CGCCGTTCAGCATAGT-1,0,58,104,4930,13075
ATACTACCCGTACCAC-1,0,59,105,4816,13272
CCACTGTTTGGATTAA-1,0,58,106,4703,13074
CACTACGGGAGCTGCC-1,0,59,107,4590,13271
GACCAAACGTTGACTG-1,0,58,108,4477,13074
AAGAGGCCCTTTGGAA-1,0,59,109,4363,13271
ACACGTAGGCCACAAG-1,0,58,110,4250,13073
TACTCTTACTTTACTG-1,0,59,111,4137,13270
AGAGCCGCCGAGATTT-1,0,58,112,4024,13073
GGCCTGCTTCTCCCGA-1,0,59,113,3910,13269
TCAAGCGCGGACGGTA-1,0,58,114,3798,13072
ACACTGGGACAGTCGT-1,0,59,115,3684,13269
TGTGTAGTAGCACGTG-1,0,58,116,3571,13071
CTAGCCACAGGCGAGC-1,0,59,117,3457,13268
CTATCGCGTAGAGAAC-1,0,58,118,3345,13071
GTTCCCGTAAACATAT-1,0,59,119,3231,13267
TCTTTCCTTCGAGATA-1,0,58,120,3118,13070
ATATTGGAGAGGCCTT-1,0,59,121,3004,13267
AGGCGATAACTGGCGT-1,0,58,122,2892,13069
ACCCGGAGCACCACAA-1,0,59,123,2778,13266
TGAGCTCAACTGTATA-1,0,58,124,2665,13069
ACGACCCATGAGTTGC-1,0,59,125,2551,13265
CGGTCAGTCCATATTT-1,0,58,126,2439,13068
TCCGGCTGTCGGGTCG-1,0,59,127,2325,13265
ATTCCCGAAGGTACAG-1,0,60,0,16705,13502
CTAACAGCACAATAAC-1,0,61,1,16591,13698
TTGTGCGGAAGCGGAT-1,0,60,2,16478,13501
GGGCACTATTGACCAT-1,0,61,3,16365,13698
CCATAGAGGCTGCCAG-1,0,60,4,16252,13500
CCGAAGCATTGACCAA-1,0,61,5,16138,13697
TACTGAGGGAAGAAAG-1,0,60,6,16026,13500
TATGTAGAAACCCGGC-1,0,61,7,15912,13696
TGGTTAACTTACATTT-1,0,60,8,15799,13499
AGAACCCTCAATTGGG-1,0,61,9,15685,13696
CCTATATCGTGTCACG-1,0,60,10,15573,13499
ACGGCTGGATGTAGAA-1,0,61,11,15459,13695
CTCGCATTGCATAGCC-1,0,60,12,15346,13498
ACTTTGGTCGTGCTCC-1,0,61,13,15232,13695
GCTGGTTTAGGCCATA-1,0,60,14,15120,13497
TGTCGTTATCACATAT-1,0,61,15,15006,13694
ACACATGATCAAATCT-1,0,60,16,14893,13497
TATCCATCTCGGTTAG-1,0,61,17,14779,13693
CTCGTCGAGGGCTCAT-1,0,60,18,14667,13496
ATCAATGCCGTGGCTG-1,0,61,19,14553,13693
GAAACATAGGAAACAG-1,0,60,20,14440,13495
TAATAGGTCACCAGAA-1,0,61,21,14327,13692
CACCAGTCAGCATGCA-1,0,60,22,14214,13495
GAGCGCTGTTAGGTAA-1,0,61,23,14100,13691
CCCTATGTAGAGCAGA-1,0,60,24,13987,13494
GATCGCTATATCTCAG-1,0,61,25,13874,13691
AAGGGACTATGCATTC-1,0,60,26,13761,13494
CTCGGGTTCTCTGGCC-1,0,61,27,13647,13690
TATATATCGAGAAATG-1,0,60,28,13534,13493
ACCCGAGCGAAATTAC-1,0,61,29,13421,13690
TTGTTTCATTAGTCTA-1,0,60,30,13308,13492
ATGGGACCTGCTGAAC-1,0,61,31,13194,13689
TGCGACGGCCGAACGT-1,0,60,32,13082,13492
AGCTAACAAGCAATGT-1,0,61,33,12968,13688
CGTGTCTCGTTACGAC-1,0,60,34,12855,13491
CTAAATCCGGTGTACA-1,0,61,35,12741,13688
GAATAGTGCTCGATTA-1,0,60,36,12629,13490
AACAATACATTGTCGA-1,0,61,37,12515,13687
CACATCGTGCACGCGC-1,0,60,38,12402,13490
ACCGTGACCACGTGGG-1,0,61,39,12288,13686
CCCAATGAGATTTGCA-1,1,60,40,12176,13489
TCAGCAGTAGGCCCTG-1,1,61,41,12062,13686
CTACTCAAGGTATAGT-1,1,60,42,11949,13489
TAGTAGCTTATACCAG-1,1,61,43,11835,13685
ACGTTCGTTCAGGAAA-1,1,60,44,11723,13488
TTAGAATAAGGGTCGG-1,1,61,45,11609,13685
TTCTAGAAAGTCTTAT-1,1,60,46,11496,13487
CCTTCAGTTAAAGTGA-1,1,61,47,11382,13684
TAGCTAGTGATGATGG-1,1,60,48,11270,13487
AGCCCGGTAGCCTGTA-1,1,61,49,11156,13683
TACCTCAGTTGTCTGT-1,1,60,50,11043,13486
GACGGGTTGGCCCGTA-1,1,61,51,10930,13683
GAAACCTATACAAATG-1,1,60,52,10817,13485
TCCACCTCTAGCCTTT-1,1,61,53,10703,13682
AAGACCCAACTGAACA-1,1,60,54,10590,13485
CATACACGGTTCCCAC-1,1,61,55,10477,13681
ACTACGCGTTAGAATT-1,1,60,56,10364,13484
CTTGGCCAAGCTGGGA-1,1,61,57,10250,13681
TTACCCTAGGGATTGG-1,1,60,58,10137,13483
TTCGCACTGTACGACA-1,1,61,59,10024,13680
TAGGTGTTCCACAGAT-1,1,60,60,9911,13483
GAAGCCTGCACATTCC-1,1,61,61,9797,13680
GGCTTTCAATAAGGGT-1,1,60,62,9685,13482
TCCAGGGTATATACGA-1,1,61,63,9571,13679
CTCGCCGAATGTAGGG-1,1,60,64,9458,13482
AGGAAGCTGTCCGCCG-1,1,61,65,9344,13678
GTCTCAAGGCCCGGCT-1,1,60,66,9232,13481
ACCGACACATCTCCCA-1,1,61,67,9118,13678
TATACGCGTCATCACT-1,1,60,68,9005,13480
ATCTGGGCTGTTCTTG-1,1,61,69,8891,13677
TCAAATTTGAGACTCA-1,1,60,70,8779,13480
GTTAAGGGTGCGATGT-1,1,61,71,8665,13676
AGCAAAGGCCGCTAGT-1,1,60,72,8552,13479
TTATAGGTAATTGTCT-1,1,61,73,8438,13676
TTGTGCAGCCACGTCA-1,0,60,74,8326,13478
ACGGACTCTCAAAGCG-1,0,61,75,8212,13675
ATGCTCTGGCGCGGTA-1,0,60,76,8099,13478
ATAATCTTGGAGAACC-1,0,61,77,7986,13675
CTCATTGCTCTAACAA-1,0,60,78,7873,13477
TAGGTGACGATAACCT-1,0,61,79,7759,13674
CGGATCCTCAAGGACT-1,0,60,80,7646,13477
GGGCGTGGTTTCCCAG-1,0,61,81,7533,13673
TGGCTATGTGACATAC-1,0,60,82,7420,13476
CTTAGTGTAGTAGCAT-1,0,61,83,7306,13673
GGATTGCTGTGACTCC-1,0,60,84,7193,13475
ACTTCCATGCGGGACA-1,0,61,85,7080,13672
ACTCAAGTGCAAGGCT-1,0,60,86,6967,13475
ACAAGGATGCTTTAGG-1,0,61,87,6853,13671
TTGAACGACGTGCTGA-1,0,60,88,6740,13474
ATTCATCGTTGAGGCA-1,0,61,89,6627,13671
TGCAACCCATCTGCGG-1,0,60,90,6514,13473
AGTGCTAAACACAGCA-1,0,61,91,6400,13670
AACTCCAGAGCGTGTT-1,0,60,92,6288,13473
TCTCCACAAGTTGAAT-1,0,61,93,6174,13670
CTTTGCATCGCTCTTG-1,0,60,94,6061,13472
TCACAAACCGAGGTAC-1,0,61,95,5947,13669
CCGTAGGAAATCCCTG-1,0,60,96,5835,13472
AAACATTTCCCGGATT-1,0,61,97,5721,13668
GCCTCCGACAATTCAC-1,0,60,98,5608,13471
TCTGCATACCTTGCTT-1,0,61,99,5494,13668
ACCCATTTGTCCCTCT-1,0,60,100,5382,13470
CTGCAGAGAATCAGAG-1,0,61,101,5268,13667
GGAAACTAAATGGGCC-1,0,60,102,5155,13470
CAACCTACCGAGCAGT-1,0,61,103,5041,13666
CCGTAGGGTTGTTTAC-1,0,60,104,4929,13469
GGTTTGTGACCTGAGG-1,0,61,105,4815,13666
TAACCTAGGGAGTCCA-1,0,60,106,4702,13468
TTCCATCGACAGCGTG-1,0,61,107,4589,13665
ATCTCCCACGGAATAT-1,0,60,108,4476,13468
GTTTCAAACGAGTTGT-1,0,61,109,4362,13665
GGAACTTTGGCGATTA-1,0,60,110,4249,13467
CTGCAAGCACGTTCCG-1,0,61,111,4136,13664
CACAGTCCCGCTTCGC-1,0,60,112,4023,13467
TACGCTCGGTATTGGA-1,0,61,113,3909,13663
CTGGTAAAGTGTGGGC-1,0,60,114,3796,13466
CAACCAGTGGCCTACC-1,0,61,115,3683,13663
TCTTCGCGGTGAGAGG-1,0,60,116,3570,13465
TTCGGGTTGCCACGGG-1,0,61,117,3456,13662
ACCGATAGGCATAACC-1,0,60,118,3344,13465
CTTATAGATGGCTGTT-1,0,61,119,3230,13661
AGACGCCCACTTCGCC-1,0,60,120,3117,13464
AGGTCGCCTCCCAACA-1,0,61,121,3003,13661
CCTCACGTCAGCTAAT-1,0,60,122,2891,13463
CCACCTGTATGGAATA-1,0,61,123,2777,13660
GGACTCGAAGCTTTCA-1,0,60,124,2664,13463
AAGCCGGAGAGCAGGA-1,0,61,125,2550,13660
GCCTATCAGGTAAGAT-1,0,60,126,2438,13462
TCAGAGTGTGAGCATG-1,0,61,127,2324,13659
AAACATGGTGAGAGGA-1,0,62,0,16704,13896
ATCATTGTACCGCATT-1,0,63,1,16590,14092
TCAGCTTGAGCTTTCG-1,0,62,2,16477,13895
CCGCGCAAGATACCCA-1,0,63,3,16364,14092
CTATACTTAAAGCGAG-1,0,62,4,16251,13894
ACCGTCCACTGGGCCC-1,0,63,5,16137,14091
AAGACCAAATAACTCA-1,0,62,6,16024,13894
TGTTTCTGAAGCGTGC-1,0,63,7,15911,14091
TTCTCTTACAGGTGAT-1,0,62,8,15798,13893
AATTCATTGTCATGCA-1,0,63,9,15684,14090
GCCCGAGAGTCTAAAT-1,0,62,10,15572,13893
ATATAGAGTATTGGTC-1,0,63,11,15458,14089
TTGAAGGATGGGCGCC-1,0,62,12,15345,13892
TAGTACCACAACTTTC-1,0,63,13,15231,14089
ATCCCATCCACAGCGC-1,0,62,14,15119,13891
CTTAGGTATAGACCAG-1,0,63,15,15005,14088
TGACTCCGAATCATAC-1,0,62,16,14892,13891
ACTACATCCCGACAAG-1,0,63,17,14778,14087
TTGCCGCAGACCTACA-1,0,62,18,14666,13890
TAAGAGGGACAGGGAC-1,0,63,19,14552,14087
CGAATGAAGTCATTGC-1,0,62,20,14439,13889
AAGGGAACGACTGGCT-1,0,63,21,14325,14086
CGAATCTGCTCGACGC-1,0,62,22,14213,13889
ATCGTGGAAAGTCTGG-1,0,63,23,14099,14086
CCTATGGCTCCTAGTG-1,0,62,24,13986,13888
CGTCGCTTGGTTATAC-1,0,63,25,13873,14085
TGCTTAGAGAGAATGC-1,0,62,26,13760,13888
GATTGCTCCAGTTGCA-1,0,63,27,13646,14084
CGTGCTTCTACCTAAA-1,0,62,28,13533,13887
ACTCCAATATCATCAT-1,0,63,29,13420,14084
GCCGACCCACGACTGC-1,0,62,30,13307,13886
GAGGGTAGTAACAAAG-1,0,63,31,13193,14083
GGCCGAGACTCTGGTG-1,0,62,32,13080,13886
TATATAGGGCTTTACG-1,0,63,33,12967,14082
TGCCGGATGTACGAGC-1,0,62,34,12854,13885
AGGTAGATCGAGATAT-1,0,63,35,12740,14082
GATCAACATAAAGGGA-1,0,62,36,12627,13884
TAACAGCGTTTGTGCT-1,0,63,37,12514,14081
CTATAGGCGTTGATGT-1,0,62,38,12401,13884
GGTTTAATTACCATCG-1,0,63,39,12287,14081
CTCTTCTGGAAGTTAG-1,0,62,40,12175,13883
ATCTGACATGGAAGGA-1,1,63,41,12061,14080
TACGTACTAGTGCTGA-1,1,62,42,11948,13883
ATGACTATCAGCTGTG-1,1,63,43,11834,14079
CTTTGGGATTGTTGCA-1,1,62,44,11722,13882
AGACTGTTACCGGGTC-1,1,63,45,11608,14079
TCCTAACCGTCGGGCA-1,1,62,46,11495,13881
ACGCAAACTAATAGAT-1,1,63,47,11381,14078
AAGTGAGTCGGGTTTA-1,1,62,48,11269,13881
TAAAGCGGTATTTCCA-1,1,63,49,11155,14077
CTCCTCCAGCTCACAC-1,1,62,50,11042,13880
CGGTCCGTCGCAAGCC-1,1,63,51,10928,14077
CCTATATTTGTCCTGG-1,1,62,52,10816,13879
TCCAATAAAGGCTACC-1,1,63,53,10702,14076
AAAGGCTACGGACCAT-1,1,62,54,10589,13879
CGTGACCAGTCCTCTG-1,1,63,55,10476,14076
GATCTGCTATCTAAGG-1,1,62,56,10363,13878
CGAATGACGCATAATG-1,1,63,57,10249,14075
GCTCAATGTAATACCG-1,1,62,58,10136,13878
CTATGCCCGAATGCAA-1,1,63,59,10023,14074
CACAGGGCCGTTGTCA-1,1,62,60,9910,13877
TCAATACGCCGTCATG-1,1,63,61,9796,14074
AGCGGACACTTCGTAG-1,1,62,62,9683,13876
ATACGTTATGCACGGA-1,1,63,63,9570,14073
GAGTAGATACTAGTTG-1,1,62,64,9457,13876
CCAGCTCGAACGCATT-1,1,63,65,9343,14072
TGCTTCCCAAGCAGTA-1,1,62,66,9231,13875
GTAGACACGCCTGACT-1,1,63,67,9117,14072
CTCACATTTACTAAAT-1,1,62,68,9004,13874
GAATGCGAATCGGTTC-1,1,63,69,8890,14071
TAAGGCCCGTCACCCT-1,1,62,70,8778,13874
GAGTATGCGCGTGCAT-1,1,63,71,8664,14070
ATCCACATCGACAGAA-1,1,62,72,8551,13873
TAGACGAAACGCCAAT-1,1,63,73,8437,14070
CAGCAGTCTGTGCTGC-1,0,62,74,8325,13873
CTCACTGTGATACTTA-1,0,63,75,8211,14069
TTAATTGCTTTGGGTG-1,0,62,76,8098,13872
GTAGTCTACGATATTG-1,0,63,77,7984,14069
TTGCCGCTTTCTAGTA-1,0,62,78,7872,13871
GAACCTTTAACGATCC-1,0,63,79,7758,14068
TGGACCAATCTAAGAT-1,0,62,80,7645,13871
CTAGTAGAAAGGGATT-1,0,63,81,7531,14067
AACCTCGCTTTAGCCC-1,0,62,82,7419,13870
GAGTGTCAACCAGAAA-1,0,63,83,7305,14067
GTGATCCTTGTCATGA-1,0,62,84,7192,13869
CTCAACTAACCCGGAT-1,0,63,85,7079,14066
AGTGGCGTCTGAAGGT-1,0,62,86,6966,13869
GGGAAGGGCTTTCTCA-1,0,63,87,6852,14065
AGGCCTGAGAATCTCG-1,0,62,88,6739,13868
AGCCACAGGTTACCCG-1,0,63,89,6626,14065
TGCAATCTAACACGGT-1,0,62,90,6513,13868
GTTTGGGTTTCGCCCG-1,0,63,91,6399,14064
CCTATGTCCACTCCAC-1,0,62,92,6286,13867
CTGCCTTTCTAGTAAA-1,0,63,93,6173,14064
TTAGTAAACCTGCTCT-1,0,62,94,6060,13866
TTGTGGTGGTACTAAG-1,0,63,95,5946,14063
CCTCCTGTTGTGTCGT-1,0,62,96,5834,13866
ACAAAGCATGACCTAG-1,0,63,97,5720,14062
ATAGCAACTAGGGAAG-1,0,62,98,5607,13865
CCGCTCTTCCGAACTA-1,0,63,99,5493,14062
TAGAATAGCCGATGAA-1,0,62,100,5381,13864
GGTCTCCGTCCAGGTT-1,0,63,101,5267,14061
TAATTACGTCAGTAGA-1,0,62,102,5154,13864
TACGTAAAGCGGAGTG-1,0,63,103,5040,14060
GCTACAATCGAGGATA-1,0,62,104,4928,13863
TCAGCCAATCCGTAAA-1,0,63,105,4814,14060
ATCATAGCCCTATGTA-1,0,62,106,4701,13863
GAGGCCTGTTGATACA-1,0,63,107,4587,14059
ATATACGCTCGTGACG-1,0,62,108,4475,13862
CCCTTTAATGGAGTTC-1,0,63,109,4361,14059
TTACACGATCTGCGAC-1,0,62,110,4248,13861
TCGCATAAAGGGCGCA-1,0,63,111,4135,14058
TGTAGCCATCCCATTC-1,0,62,112,4022,13861
GGGTCTATCGCTTTCC-1,0,63,113,3908,14057
GGAGGGTCAAGTAAGA-1,0,62,114,3795,13860
TACGGCATGGACGCTA-1,0,63,115,3682,14057
CACGTCAATCAATGGA-1,0,62,116,3569,13859
CGCTTGGACGGATAGA-1,0,63,117,3455,14056
CGCGGTACGGTATACA-1,0,62,118,3342,13859
CCTACTCAACACGATT-1,0,63,119,3229,14055
CGTTTGGTGTTGTGGG-1,0,62,120,3116,13858
GTTGTTGCAAGATGGC-1,0,63,121,3002,14055
CATTCGTCGTAGCGGT-1,0,62,122,2889,13858
CAGCCTCGATAGCGGT-1,0,63,123,2776,14054
TCATAAGTCCAAGAAG-1,0,62,124,2663,13857
AAAGTGCCATCAATTA-1,0,63,125,2549,14054
GTTGCAGTCGACAACA-1,0,62,126,2437,13856
TAAATGGGCTACTGAG-1,0,63,127,2323,14053
GGACAAGCCATGATCG-1,0,64,0,16703,14290
TCCAATGCGTCGCCGC-1,0,65,1,16589,14486
AAAGAATGACCTTAGA-1,0,64,2,16476,14289
CCTATTATTCCGGCCG-1,0,65,3,16363,14486
CAGTAAGGGACGTCTC-1,0,64,4,16250,14288
GGGATGGACCCGCGTC-1,0,65,5,16136,14485
GACGCATACCCGTCGG-1,0,64,6,16023,14288
GGGCAGGATTTCTGTG-1,0,65,7,15910,14485
TATCTGAGCCGATATT-1,0,64,8,15797,14287
AATGTATGGCACTGTA-1,0,65,9,15683,14484
GCCTTTGTCAGTGGAC-1,0,64,10,15570,14287
AACCATAGGGTTGAAC-1,0,65,11,15457,14483
AAACTTAATTGCACGC-1,0,64,12,15344,14286
TAGGCGGCTGCAAAGA-1,0,65,13,15230,14483
TCCATCAATACTAATC-1,0,64,14,15118,14285
ACCTCGAACTTATGCT-1,0,65,15,15004,14482
ACAAACCATGCGTCCT-1,0,64,16,14891,14285
ACACCGGTCTGACCGC-1,0,65,17,14777,14481
ATGGCAGCATTACGAT-1,0,64,18,14665,14284
CTGGTGAATGGGCCTA-1,0,65,19,14551,14481
CACAGAGACGAGGACG-1,0,64,20,14438,14283
GCACAAACCCTAGATG-1,0,65,21,14324,14480
ACTATGTCCAGCTGCC-1,0,64,22,14212,14283
AAGCCGCCGTGAAATC-1,0,65,23,14098,14480
ATGGGTGTATACCTCC-1,0,64,24,13985,14282
TAAGCGCGAATCAAAT-1,0,65,25,13871,14479
AGCCCGGCATTAGAGG-1,0,64,26,13759,14282
GTGATCAAGCGTGCAC-1,0,65,27,13645,14478
CTGCCTTTAATACCTT-1,0,64,28,13532,14281
TACCTCCACACCAATG-1,0,65,29,13418,14478
GAGCATCAACAACTTG-1,0,64,30,13306,14280
CATACGAACTAGCTGG-1,0,65,31,13192,14477
GGGAACGGTTTCAGAT-1,0,64,32,13079,14280
AGGGTGCCGTTCTTTA-1,0,65,33,12966,14476
ACGACTGGTCATACTC-1,0,64,34,12853,14279
GGATCTTACTGCCCTT-1,0,65,35,12739,14476
TACTCCTCTAGTTGAC-1,0,64,36,12626,14278
GTAGCTCCGGGAGGCT-1,0,65,37,12513,14475
GGACTCGTGAGTGGTC-1,0,64,38,12400,14278
GTAGTTCGAAGGCGAA-1,1,65,39,12286,14475
CTCAAACCACTGCCCG-1,1,64,40,12173,14277
GAGGGAGTCAGATCGC-1,1,65,41,12060,14474
GCGTCCCTAAGACATA-1,1,64,42,11947,14277
TCTCTTACCGCGAACC-1,1,65,43,11833,14473
GGCTACTATACACTCC-1,1,64,44,11721,14276
CGTTGCCCGCGTGGGA-1,1,65,45,11607,14473
TATAGAGTCGCTTGAA-1,1,64,46,11494,14275
ATGTTGTAGTCTGTTT-1,1,65,47,11380,14472
AGTATACACAGCGACA-1,1,64,48,11268,14275
TGTGGTTGCTAAAGCT-1,1,65,49,11154,14471
TGATTCCCGGTTACCT-1,1,64,50,11041,14274
CACTGACGATTGTGGA-1,1,65,51,10927,14471
AACATTGTGACTCGAG-1,1,64,52,10815,14273
GTCCAATATTTAGCCT-1,1,65,53,10701,14470
GCTCTTTCCGCTAGTG-1,1,64,54,10588,14273
GGGTCAGGAGCTAGAT-1,1,65,55,10474,14470
AGGTGGTGACCTTCGC-1,1,64,56,10362,14272
CCCGGGTCGTTCAGGG-1,1,65,57,10248,14469
AGCCAAGCTTTGTGTC-1,1,64,58,10135,14272
TGTGGCGGGCTTCTGG-1,1,65,59,10022,14468
CGAGGGTATCCAGGTG-1,1,64,60,9909,14271
CGTTCAGACCCGCGAA-1,1,65,61,9795,14468
TCATATGAGCTTTGTT-1,1,64,62,9682,14270
AGTTGACGGTCCTTGC-1,1,65,63,9569,14467
ATAATTAGCTAAGTAG-1,1,64,64,9456,14270
GGTCTTGAGCGCTCTT-1,1,65,65,9342,14466
CGTTGTCGGCAATTGA-1,1,64,66,9229,14269
TCTTGCTCCCGATACT-1,1,65,67,9116,14466
AGCAGAAGGAGAAAGA-1,1,64,68,9003,14268
GAAGCCACTGATTATG-1,1,65,69,8889,14465
TGCTCTTGAGAGTTTG-1,1,64,70,8776,14268
GACATCCGTCGAACTG-1,1,65,71,8663,14465
AGATATAATACGACTA-1,1,64,72,8550,14267
TCGCTACTGGCTTTGA-1,1,65,73,8436,14464
GTGACAGCTTCCCACT-1,0,64,74,8324,14267
GTGACGCAGGTTTCAT-1,0,65,75,8210,14463
GGGAAGACGGTCTGTC-1,0,64,76,8097,14266
CGTCGCATGTGAGCCA-1,0,65,77,7983,14463
AGAAGGTTGTAGGTCG-1,0,64,78,7871,14265
GGCCGGCGTCTGCTAT-1,0,65,79,7757,14462
TTGACCAGGAACAACT-1,0,64,80,7644,14265
AGTCGTATAAAGCAGA-1,0,65,81,7530,14461
GGCGTAGGGAAAGCTG-1,0,64,82,7418,14264
AAACCTAAGCAGCCGG-1,0,65,83,7304,14461
ATTGCCTTTATGTTTG-1,0,64,84,7191,14263
CAGGCAGTCTTACCAG-1,0,65,85,7077,14460
AGCTAAGTACGCAGGC-1,0,64,86,6965,14263
AAATCCGATACACGCC-1,0,65,87,6851,14460
CGAGAGCTTTCACTAC-1,0,64,88,6738,14262
CGCCCAGCGTTTCACG-1,0,65,89,6625,14459
TTAAGTATTGTTATCC-1,0,64,90,6512,14262
AAACGGGCGTACGGGT-1,0,65,91,6398,14458
GTATCCTTTGGTAACC-1,0,64,92,6285,14261
CATAGTCAAATACATA-1,0,65,93,6172,14458
TCTATGCTATAACGAC-1,0,64,94,6059,14260
ACGTTCTGTACAAGTC-1,0,65,95,5945,14457
CGCGAAGTGGCATACT-1,0,64,96,5832,14260
ACCAACCGCACTCCAC-1,0,65,97,5719,14456
GTCATGCGCGAGGGCT-1,0,64,98,5606,14259
TAGGCTAAAGTGGCAC-1,0,65,99,5492,14456
TGGCTACACTCTACCT-1,0,64,100,5380,14258
TGTCCACGGCTCAACT-1,0,65,101,5266,14455
AATTGCAGCAATCGAC-1,0,64,102,5153,14258
GTCAACCAGGCCTATA-1,0,65,103,5039,14455
ATCTTATCGCACACCC-1,0,64,104,4927,14257
GTCTATTGCATGCTCG-1,0,65,105,4813,14454
GCACGTGGTTTACTTA-1,0,64,106,4700,14257
ATTCGCGCCTTGAGAG-1,0,65,107,4586,14453
AGCGATGCGCCTAATA-1,0,64,108,4474,14256
TCTATAGGTGGGTAAT-1,0,65,109,4360,14453
AGATACCAATAGAACC-1,0,64,110,4247,14255
CGTGTATGGGAGCTGA-1,0,65,111,4133,14452
ATGTACATGCGGTGAG-1,0,64,112,4021,14255
TTGGCTCAATATGTGT-1,0,65,113,3907,14451
GTTCGGAGCACTCAAC-1,0,64,114,3794,14254
TCCCTCTTCTCAAGGG-1,0,65,115,3680,14451
TTACGTATCTATGACA-1,0,64,116,3568,14253
CCCATATAGGTCGATT-1,0,65,117,3454,14450
GTCCACGTCGCATTCG-1,0,64,118,3341,14253
AATTGTGGTTGCCAAA-1,0,65,119,3228,14450
AGGAACGAACGACTTC-1,0,64,120,3115,14252
TAATTCCAATGCTTCA-1,0,65,121,3001,14449
AGGGCCCTAATGTTCT-1,0,64,122,2888,14252
AGGTGTTGCCGACCAC-1,0,65,123,2775,14448
CTGAGAGTAGAAATAC-1,0,64,124,2662,14251
TAGAAGAAGGGTTACA-1,0,65,125,2548,14448
GGTGACTGATAGAGAG-1,0,64,126,2435,14250
TACCCTCGGTAACCCT-1,0,65,127,2322,14447
TGTAAGACTGATAAGA-1,0,66,0,16702,14684
GTCACTCATGAGCGAT-1,0,67,1,16588,14881
CGGTTTACTGAACATT-1,0,66,2,16475,14683
GAGATCGATCTTACTC-1,0,67,3,16361,14880
TCTTTCATCCGTCCTT-1,0,66,4,16249,14683
TCGGATCTGGATGACC-1,0,67,5,16135,14879
GTCCTAGGATACCTTA-1,0,66,6,16022,14682
TGTACCCGACCCTAAT-1,0,67,7,15909,14879
AGGTTCTCCTTTCCGG-1,0,66,8,15796,14681
AATTGCGTGGATTACA-1,0,67,9,15682,14878
CGATAGCGATACAGTG-1,0,66,10,15569,14681
CGCCCTAATTGTTCAA-1,0,67,11,15456,14877
ATTATGAGACCCAATT-1,0,66,12,15343,14680
CCTCCTAGCTAGAGTC-1,0,67,13,15229,14877
CGAAGGGTTTCAGATT-1,0,66,14,15116,14679
CACAAGCTAAGAAAGG-1,0,67,15,15003,14876
CACCGGTAGAGACATT-1,0,66,16,14890,14679
ACTCATGGCAGCCTTC-1,0,67,17,14776,14875
CATCCAATATAGTTTG-1,0,66,18,14664,14678
CAGATATGAAGATGAC-1,0,67,19,14550,14875
GCAAAGGGCGTTAGCC-1,0,66,20,14437,14678
CTGTTGTTCAGTCGTA-1,0,67,21,14323,14874
AAAGGCCCTATAATAC-1,0,66,22,14211,14677
AACATTGAAGTTGATC-1,0,67,23,14097,14874
GCTAGCGATAGGTCTT-1,0,66,24,13984,14676
ATTGCCTATTAGACCG-1,0,67,25,13870,14873
GGGCGTTTACATTCAT-1,0,66,26,13758,14676
CCTCTACAAGGATTGG-1,0,67,27,13644,14872
AGTGACTGTGACACAA-1,0,66,28,13531,14675
AGCCCTCCCTGGTGGC-1,0,67,29,13417,14872
CGGTTGAGTATCCTTC-1,0,66,30,13305,14674
CATTATCCCATTAACG-1,0,67,31,13191,14871
AATGTGCTAATCTGAG-1,0,66,32,13078,14674
CTTAGTTGAGGAATCG-1,0,67,33,12964,14870
CTTCTGGGCGTACCTA-1,0,66,34,12852,14673
AGTCAAATGATGTGAT-1,0,67,35,12738,14870
TGAACAAGCAGGGACT-1,0,66,36,12625,14673
AATACCGGAGGGCTGT-1,1,67,37,12512,14869
GTTTGGTGATCGGTGC-1,1,66,38,12399,14672
GACTGCTGGTGAGAAA-1,1,67,39,12285,14869
CGATCCTCGCAACATA-1,1,66,40,12172,14671
CCAACCTTATGTAACT-1,1,67,41,12059,14868
CGTGGTACCCAAAGGC-1,1,66,42,11946,14671
AACCCGACAACCCGTG-1,1,67,43,11832,14867
TATGTAAAGTGCTTAA-1,1,66,44,11719,14670
GCAAGTGTAAAGCATG-1,1,67,45,11606,14867
GTAACTGCCCAAGGAG-1,1,66,46,11493,14669
GGTGCATAAATGATTA-1,1,67,47,11379,14866
TAGTCCCGGAGACCAC-1,1,66,48,11267,14669
CGGCCAGAGCGACCAT-1,1,67,49,11153,14865
TGAATGAGTGTTTCCC-1,1,66,50,11040,14668
TTCACTTCCTAGAACG-1,1,67,51,10926,14865
CGCTTAGTATTGATAC-1,1,66,52,10814,14668
AACGCGACCTTGGGCG-1,1,67,53,10700,14864
GTGCACCAGCTTCAAC-1,1,66,54,10587,14667
TTCTATTAAACGCAGC-1,1,67,55,10473,14864
TGGCAAGCACAAGTCG-1,1,66,56,10361,14666
ATCTGCTGTTATCGCC-1,1,67,57,10247,14863
AATTCCAAGCATGTAC-1,1,66,58,10134,14666
AAACGGTTGCGAACTG-1,1,67,59,10020,14862
GAAGGAGTCGAGTGCG-1,1,66,60,9908,14665
GGCAAGCCCATAGTGG-1,1,67,61,9794,14862
TGACCAAATCTTAAAC-1,1,66,62,9681,14664
TTCGGTACTGTAGAGG-1,1,67,63,9567,14861
ATGTACGATGACGTCG-1,1,66,64,9455,14664
ATCTAGCTTGTGAGGG-1,1,67,65,9341,14860
AGCGGGTCTGACACTC-1,1,66,66,9228,14663
GAGGTACGCGTGTCCC-1,1,67,67,9115,14860
GCACTGCCTACCTTTA-1,1,66,68,9002,14663
GGAGCGAGGCCTACTT-1,1,67,69,8888,14859
AAACTCGGTTCGCAAT-1,1,66,70,8775,14662
GGCGCTTCATTCCCTG-1,1,67,71,8662,14859
TGCTCGGTGGGTCACC-1,1,66,72,8549,14661
AAGCGCAGGGCTTTGA-1,1,67,73,8435,14858
GACCTTCCACGTCTAC-1,1,66,74,8322,14661
GTTAGCCCATGACATC-1,1,67,75,8209,14857
AATTCGATTCGAGGAT-1,0,66,76,8096,14660
AGTCTTTAAAGTGTCC-1,0,67,77,7982,14857
GACTAGGCCGTTAGGT-1,0,66,78,7870,14659
TCCAAGCCTAGACACA-1,0,67,79,7756,14856
GATTGGGAAAGGTTGT-1,0,66,80,7643,14659
GATGAGGAACCTTCGG-1,0,67,81,7529,14855
TGAATACCGACGCGTA-1,0,66,82,7417,14658
AATCGTGAGCCGAGCA-1,0,67,83,7303,14855
GCGAAGAATCTGACGG-1,0,66,84,7190,14658
GAACAACTGGGATGAA-1,0,67,85,7076,14854
TCGCCGACATATTCGC-1,0,66,86,6964,14657
CGTAGAGAGTAATTAT-1,0,67,87,6850,14854
CGATAGTCGTACTGCA-1,0,66,88,6737,14656
CGCATGCCGAATGCGT-1,0,67,89,6623,14853
CTCTAGCCCTCGGAAA-1,0,66,90,6511,14656
TCCAACTCAGCTATCT-1,0,67,91,6397,14852
GTCTAGTGAGCCGCTT-1,0,66,92,6284,14655
TACCGAATAATTGTAA-1,0,67,93,6171,14852
ATATAACACGGGCGCA-1,0,66,94,6058,14654
GCATGCTAATAACGAT-1,0,67,95,5944,14851
TCCGGGCTTGACGGGA-1,0,66,96,5831,14654
ATTATTCAGAGTCACT-1,0,67,97,5718,14850
TAGCAGTATGACTAAA-1,0,66,98,5605,14653
TATGAAGAATTAAGGT-1,0,67,99,5491,14850
CAAGGCCAGTGGTGCA-1,0,66,100,5378,14652
TGCGTACGGCTAATTG-1,0,67,101,5265,14849
CAGATAATGGGCGGGT-1,0,66,102,5152,14652
GAGAACGGTTCTGACT-1,0,67,103,5038,14849
CGCTTCGGTCTAAGAC-1,0,66,104,4925,14651
AGCATTACGAGGCAAG-1,0,67,105,4812,14848
AAGTTGTGATGTTATA-1,0,66,106,4699,14651
TTGCTCATAGTACGTG-1,0,67,107,4585,14847
TACTTAAACATGTACA-1,0,66,108,4473,14650
AGTGAGTCGAATTAAC-1,0,67,109,4359,14847
TAGGCCTATATAGTCT-1,0,66,110,4246,14649
ACTCGCCGTTCGATAA-1,0,67,111,4132,14846
GGTACGTTGCGGCCGG-1,0,66,112,4020,14649
TATTGCCGGGCTTGTA-1,0,67,113,3906,14845
GGTAAACTCTGCGCTG-1,0,66,114,3793,14648
TCCCTTGTCTGAAACT-1,0,67,115,3679,14845
CATGATCGCTTTGAGA-1,0,66,116,3567,14647
GGACGGGCGACCAACC-1,0,67,117,3453,14844
GAGAGGCCTATGTGTA-1,0,66,118,3340,14647
TCGTAACTCCCAAGAC-1,0,67,119,3226,14844
CGTATCTAGAACTAAG-1,0,66,120,3114,14646
GCACCTTCCCGAAGGT-1,0,67,121,3000,14843
TACCTCTTTACCATCC-1,0,66,122,2887,14646
TGACTCTAACTGGTAA-1,0,67,123,2774,14842
GAGAAACTGGATCCCA-1,0,66,124,2661,14645
ATCCGGACCAGCCTGA-1,0,67,125,2547,14842
TTATTTAGGTTCCTTA-1,0,66,126,2434,14644
CGAATTCCCGGTTCAA-1,0,67,127,2321,14841
TAGTTTGATCGGTCGC-1,0,68,0,16701,15078
AGTCGAAACGATTCAG-1,0,69,1,16587,15275
ACGTCGGGCAACTCGG-1,0,68,2,16474,15077
ACTTGCTCTATCTACC-1,0,69,3,16360,15274
ATTACGGGCTACGGTT-1,0,68,4,16248,15077
GCAAACGTAAGCGACC-1,0,69,5,16134,15273
TTCGGACTGGGCATGG-1,0,68,6,16021,15076
GGGCCATTCGTGCTGG-1,0,69,7,15907,15273
GAGTTGTCACCAGTCT-1,0,68,8,15795,15075
AGTAATTTGCAAGCGT-1,0,69,9,15681,15272
GTGGCCGGTTTCTCGG-1,0,68,10,15568,15075
ATCTTAGGGCATTAAT-1,0,69,11,15455,15271
CTACATATCGCGGGAC-1,0,68,12,15342,15074
ATGGTATTTACTGATT-1,0,69,13,15228,15271
CCGTCAACCTCTGGCG-1,0,68,14,15115,15073
GCTTCGACGTTCAATC-1,0,69,15,15002,15270
GACCGATTAAATATGT-1,0,68,16,14889,15073
GTCGAATTTGGGCGCT-1,0,69,17,14775,15270
TCACGGCCCAAGAGAG-1,0,68,18,14662,15072
CTACGATCCTATCCTA-1,0,69,19,14549,15269
TGCAGTGGTAGGGAAC-1,0,68,20,14436,15072
TTGCCTAATCCAAAGT-1,0,69,21,14322,15268
AGCGAGACGTGAAGGC-1,0,68,22,14209,15071
TTCTACCTCAATCGGT-1,0,69,23,14096,15268
TACGCTGCTGTGTTAA-1,0,68,24,13983,15070
TAGTCCTGCACTAAGC-1,0,69,25,13869,15267
AGCACACGTTTAGACT-1,0,68,26,13757,15070
GTTCGACAATTGTATA-1,1,69,27,13643,15266
CCATGTTCATCTATAT-1,0,68,28,13530,15069
CCCTCGATAATACACA-1,1,69,29,13416,15266
ACTGCCCGCCATTCTC-1,0,68,30,13304,15068
CTATATCCAGCCTGGC-1,1,69,31,13190,15265
CGCACGTCTGTTTATG-1,0,68,32,13077,15068
AATCAGGTTTCATTTA-1,1,69,33,12963,15265
AGAGAAACACCAGAAA-1,0,68,34,12851,15067
ACCCGATTGGTTCCGA-1,1,69,35,12737,15264
TACCAGGAATCCCGTC-1,1,68,36,12624,15067
AAGTGCTTCTCTATTG-1,1,69,37,12510,15263
TGCATGTGACCCATAG-1,1,68,38,12398,15066
TAGATTCAAAGTGCGG-1,1,69,39,12284,15263
AGGGTCAGAGCACTCG-1,1,68,40,12171,15065
GTGAGATAACCTTATA-1,1,69,41,12058,15262
GTGTCAGTGTACGTGG-1,1,68,42,11945,15065
CTGTAGTGAGGATCGA-1,1,69,43,11831,15261
GATAGTGCGAGTAAGT-1,1,68,44,11718,15064
AGGGTTCAGACGGTCC-1,1,69,45,11605,15261
GGACTCGACAGCGCAT-1,1,68,46,11492,15063
CACTCTCAAGCATCGA-1,1,69,47,11378,15260
GAGCGGAATGCGGTGT-1,1,68,48,11265,15063
CAGTTCGAGGACCCGA-1,1,69,49,11152,15260
CGTAACTTCGACACTT-1,1,68,50,11039,15062
TGATCACCACACTGAC-1,1,69,51,10925,15259
CATACTTCTTTCTCCG-1,1,68,52,10813,15062
CAAGTAAGTGATAGAC-1,1,69,53,10699,15258
AGCCCGCAACAAGCAG-1,1,68,54,10586,15061
GCTCCATGCAAAGCAA-1,1,69,55,10472,15258
TCGTACCGACGTCAAG-1,1,68,56,10360,15060
ATTATCGGAATGTACG-1,1,69,57,10246,15257
ACCTACTATAAATCTA-1,1,68,58,10133,15060
TATCCTATCAACTGGT-1,1,69,59,10019,15256
GCGCGGTCTAGTAACT-1,1,68,60,9907,15059
CCTTCGTATAGAATCC-1,1,69,61,9793,15256
TGGGCGATACAATAAG-1,1,68,62,9680,15058
TGACATGTAACGTGAC-1,1,69,63,9566,15255
TTGGGAAGACGAGCCG-1,1,68,64,9454,15058
GGTGTAAATCGATTGT-1,1,69,65,9340,15255
GAACTGTGGAGAGACA-1,1,68,66,9227,15057
TCCACATCGTATATTG-1,1,69,67,9113,15254
CCTATGGTCAAAGCTG-1,1,68,68,9001,15057
TCCTTGTCCTTTAATT-1,1,69,69,8887,15253
AAGTTTATGGGCCCAA-1,1,68,70,8774,15056
GTCCGGGTTCACATTA-1,1,69,71,8661,15253
ATGTAGCGCGCGTAGG-1,1,68,72,8548,15055
TACGGAAGCCAAACCA-1,1,69,73,8434,15252
GCCCTGAGGATGGGCT-1,1,68,74,8321,15055
CGGGCGATGGATCACG-1,1,69,75,8208,15251
TGCGGACTTGACTCCG-1,1,68,76,8095,15054
TAATACTAGAACAGAC-1,1,69,77,7981,15251
TCAAATTGTTGTGCCG-1,1,68,78,7868,15053
GGGCAGTCAACGCCAA-1,1,69,79,7755,15250
TCGCTGCCAATGCTGT-1,1,68,80,7642,15053
TACGTGGGCCCAGGGC-1,1,69,81,7528,15250
GCCTACGTTCTGTGCA-1,0,68,82,7416,15052
TTGCGTGTGTAGGCAT-1,1,69,83,7302,15249
TCCTAAAGATTCAGAC-1,0,68,84,7189,15052
TGGGTGCACAAGCCAT-1,0,69,85,7075,15248
GGGAGCGACCGTAGTG-1,0,68,86,6963,15051
CATAGAGGAGATACTA-1,0,69,87,6849,15248
CTTCGATTGCGCAAGC-1,0,68,88,6736,15050
GTGCCTGAGACCAAAC-1,0,69,89,6622,15247
TCATCCTCAGCTGCTT-1,0,68,90,6510,15050
TGCAACTACTGGTTGA-1,0,69,91,6396,15246
ATGTTGATTAGAGACT-1,0,68,92,6283,15049
GTTTCTAGAGGCGCGG-1,0,69,93,6169,15246
TACAAGGGCTTCTTTA-1,0,68,94,6057,15048
ACAGGCACGGATCCTT-1,0,69,95,5943,15245
CCCAAGTCATTACACT-1,0,68,96,5830,15048
ACTCTGACCTAATAGA-1,0,69,97,5716,15245
GGATGGCTTGAAGTAT-1,0,68,98,5604,15047
ACCCTCCCGTCAGGGC-1,0,69,99,5490,15244
AGCTTCTTCTCGAGCA-1,0,68,100,5377,15047
TTGCGCTTGATCAATA-1,0,69,101,5264,15243
TGGGTGTAATAGATTT-1,0,68,102,5151,15046
CATGGTTTATTAATCA-1,0,69,103,5037,15243
TTGCCTTCTCGCCGGG-1,0,68,104,4924,15045
TTAAAGTAAGTCGCCA-1,0,69,105,4811,15242
AGTTGGCAAGGCTAGA-1,0,68,106,4698,15045
CCGCACTTGCAATGAC-1,0,69,107,4584,15241
AATGTTGTCGTGAGAC-1,0,68,108,4471,15044
CCAAGGTTGCCCTTTC-1,0,69,109,4358,15241
TGTGACTAGAGTTTGC-1,0,68,110,4245,15043
TTGTGATCTGTTCAGT-1,0,69,111,4131,15240
GGAGTTGATTCTGTGT-1,0,68,112,4019,15043
GTAGTGAGCAACCTCA-1,0,69,113,3905,15239
AAGACATACGTGGTTT-1,0,68,114,3792,15042
CATCCCGAGATTCATA-1,0,69,115,3678,15239
GGCCGCAGGAACCGCA-1,0,68,116,3566,15042
CCAGAAACTGATGCGA-1,0,69,117,3452,15238
ACCCGTAGTCTAGTTG-1,0,68,118,3339,15041
AGGGTCTGGACGCAGT-1,0,69,119,3225,15238
TTGAAACCCTCATTCC-1,0,68,120,3113,15040
TCAATCCCGCGCCAAA-1,0,69,121,2999,15237
AGGACATCGGCACACT-1,0,68,122,2886,15040
GACAAGACGCCCGTGC-1,0,69,123,2772,15236
GAGTAAATTAAGAACC-1,0,68,124,2660,15039
TAAGTCGGTGAGCTAG-1,0,69,125,2546,15236
CTTACTGACTCCTCTG-1,0,68,126,2433,15038
TTAACTGATCGTTTGG-1,0,69,127,2320,15235
GGGCGATCCATAGGCC-1,0,70,0,16700,15472
CGTATTGTTTGGCGCC-1,0,71,1,16586,15669
CGCGTGGGCCTGTGTT-1,0,70,2,16473,15471
AAATCTGCCCGCGTCC-1,0,71,3,16359,15668
GCTGAAGGGTTCTTGG-1,0,70,4,16247,15471
TAATTGCGCTGATTAC-1,0,71,5,16133,15667
TCGCGCGTTTACATGA-1,0,70,6,16020,15470
TAACTGAAATACGCCT-1,0,71,7,15906,15667
CCTGTCGTGTATGAAG-1,0,70,8,15794,15469
CGGGAACGCCCTGCAT-1,0,71,9,15680,15666
AGTTGCGGTCCTCAAC-1,0,70,10,15567,15469
GGGTCCTTGGAAGAAG-1,0,71,11,15453,15665
CGGGAAGTACCGTGGC-1,0,70,12,15341,15468
ACGGTCACCGAGAACA-1,0,71,13,15227,15665
TAGACTCAGTTGGCCT-1,0,70,14,15114,15468
CCTTCCGCAACGCTGC-1,0,71,15,15000,15664
CAGTGTTAATCTCTCA-1,0,70,16,14888,15467
CAGGCCAGTACCACCT-1,0,71,17,14774,15664
GATCGCTGTGGTGCGT-1,0,70,18,14661,15466
GTATCTCGGGCGCTTT-1,0,71,19,14548,15663
CCGGGCTAAGAATTTC-1,0,70,20,14435,15466
CTTCACGCCCTGGTAC-1,0,71,21,14321,15662
CGGATGAATGCTGTGA-1,1,70,22,14208,15465
CTCTGCAGGCATTCTT-1,1,71,23,14095,15662
TCAAAGTCACGGCGTC-1,1,70,24,13982,15464
TGGGTTTCGGGCGTAC-1,1,71,25,13868,15661
TGCTATGGCAAAGGGA-1,1,70,26,13755,15464
TTCACGGTCGTCACGT-1,1,71,27,13642,15660
CGTAAAGCAAGAAATC-1,1,70,28,13529,15463
CTGATCCCTTTATGCA-1,1,71,29,13415,15660
GAGTATACCCTAATCA-1,1,70,30,13303,15463
CCACGGCAGGTGTAGG-1,1,71,31,13189,15659
ACGTACTTTGGCACGG-1,1,70,32,13076,15462
CCTGAGAATAAATGCA-1,1,71,33,12962,15659
TTGATGCCGCTCGTCG-1,1,70,34,12850,15461
GCCAGGAAAGAACACT-1,1,71,35,12736,15658
TCCGACCGCTAATCAA-1,1,70,36,12623,15461
TATATCAAAGTGATCT-1,1,71,37,12509,15657
CCTCGGTTTCCTTGCC-1,1,70,38,12397,15460
TAAATTTAGTAACACC-1,1,71,39,12283,15657
CTCGTTACGGCTACCA-1,1,70,40,12170,15459
GCCGTCGGTTTCGGGC-1,1,71,41,12056,15656
GTTCCGTCCGCCTGCA-1,1,70,42,11944,15459
CTAGGGATAGGGACAA-1,1,71,43,11830,15655
GTCCAGGCACGTGTGC-1,1,70,44,11717,15458
GAGGAATATCTCTTTG-1,1,71,45,11604,15655
CGTTCAAGGAAACGGA-1,1,70,46,11491,15457
GTGGGAACAAACCGGG-1,1,71,47,11377,15654
GGGCACGTAGTACTGT-1,1,70,48,11264,15457
ACTACAAAGAGAGGTG-1,1,71,49,11151,15654
GGTGTAGGTAAGTAAA-1,1,70,50,11038,15456
CCTGTTCAACCTCGGG-1,1,71,51,10924,15653
TGAGGTGTGTGGCGGA-1,1,70,52,10811,15456
ATTGTCTGTTTCATGT-1,1,71,53,10698,15652
GCCGGTCGTATCTCTC-1,1,70,54,10585,15455
ATATGGGATAGCAACT-1,1,71,55,10471,15652
GATAGAACCCGCTAGG-1,1,70,56,10358,15454
ATCCCATTTCCGTGGG-1,1,71,57,10245,15651
GATGCTACCTTCGATG-1,1,70,58,10132,15454
TGCAAAGTTCGTCTGT-1,1,71,59,10018,15650
GTTCAGTCGCCAAATG-1,1,70,60,9906,15453
GTCTCCGCCTCAATAC-1,1,71,61,9792,15650
AGTAGAAGGCGCCTCA-1,1,70,62,9679,15452
GTTGTAGATTTATGAG-1,1,71,63,9565,15649
CTATTTGCTTGGAGGA-1,1,70,64,9453,15452
AGCCATATAGTATGTG-1,1,71,65,9339,15649
TGTTCCGGCCTGAGCT-1,1,70,66,9226,15451
TGCCGTGGGACCCAAT-1,1,71,67,9112,15648
TTGCAAGAAGACTCCT-1,1,70,68,9000,15451
CCGCTCCAGGGCGATC-1,1,71,69,8886,15647
CAAACCCTCCGGCGGG-1,1,70,70,8773,15450
CGGACCTTTACGTCCC-1,1,71,71,8659,15647
ACGTAGGAGAGTCGCT-1,1,70,72,8547,15449
CTGCGACCTCGCCGAA-1,1,71,73,8433,15646
GGCCCAGCTGGTTTGC-1,1,70,74,8320,15449
GGATTAATCATGGACC-1,1,71,75,8207,15645
GAGATGGCTTTAATCA-1,1,70,76,8094,15448
AGTACAGAAGCTTATA-1,1,71,77,7980,15645
GCGGCTTTAGCAAGTT-1,1,70,78,7867,15447
ACCGAGTCTCCTTATT-1,1,71,79,7754,15644
GACCACACTTCCCTTT-1,1,70,80,7641,15447
TGTAGCCAATTCCGTT-1,1,71,81,7527,15644
CTCGTCTGTGCCTTCG-1,1,70,82,7414,15446
GGACTCTTTGACTAAG-1,1,71,83,7301,15643
TCATCGACGACCGTCG-1,1,70,84,7188,15446
TACTACGTGCAATGCG-1,1,71,85,7074,15642
CCCTACTTGAACAATG-1,1,70,86,6962,15445
GCAGCTGTCAACGCAT-1,0,71,87,6848,15642
ATCTACCATCTGCTCC-1,0,70,88,6735,15444
TCTCAAATCAATCGGG-1,0,71,89,6621,15641
ACTCCGGCCGACCACT-1,0,70,90,6509,15444
TACACCTCTTCGAATC-1,0,71,91,6395,15640
GTGGCTGTTTCTGTTC-1,0,70,92,6282,15443
ACGACTCTAGGGCCGA-1,0,71,93,6168,15640
TCGTTTACGCGACCCT-1,0,70,94,6056,15442
AGGATATCCGACTGCA-1,0,71,95,5942,15639
GACACTTCCAATTACC-1,0,70,96,5829,15442
ACGGTACAGTTCAATG-1,0,71,97,5715,15639
CTTGATGACCATCCAG-1,0,70,98,5603,15441
CTGGTAAAGACTTACA-1,0,71,99,5489,15638
CTTGCCCACCCACGCA-1,0,70,100,5376,15441
CATTACGCAGGAAGGG-1,0,71,101,5262,15637
GGACAACCATGAAGCC-1,0,70,102,5150,15440
GTTATCAAGCTATCGA-1,0,71,103,5036,15637
AGGTGCACGTCCACAT-1,0,70,104,4923,15439
AAAGAATGTGGACTAA-1,0,71,105,4810,15636
ACCAAGTCATCGGCAG-1,0,70,106,4697,15439
AGTAACTATAGCAGCC-1,0,71,107,4583,15635
GGGAAAGAATGCCAAC-1,0,70,108,4470,15438
AATCGGTATAGCCCTC-1,0,71,109,4357,15635
GGCACTGCGGTGGTTT-1,0,70,110,4244,15437
CGTCCTCATCGCGTGC-1,0,71,111,4130,15634
CTTAACTTACAGTATA-1,0,70,112,4017,15437
GTGAGTCGACTAATAG-1,0,71,113,3904,15634
TGTACTTCCGGGCATG-1,0,70,114,3791,15436
CACAAACCGCAGAACT-1,0,71,115,3677,15633
GCTTTACACAACTGGG-1,0,70,116,3565,15436
CACCGATGATGGGTAC-1,0,71,117,3451,15632
TCAATATACAGGAGGC-1,0,70,118,3338,15435
AACGACCTCCTAGCCG-1,0,71,119,3224,15632
GTTACCAAGGCGTACG-1,0,70,120,3112,15434
TAGCTCACTGTGTTTG-1,0,71,121,2998,15631
TCGGCAGGGTTAAGGG-1,0,70,122,2885,15434
TGTTAACAAAGTGACT-1,0,71,123,2771,15630
CAGAGCGATGGATGCT-1,0,70,124,2659,15433
CATAGTGGGCACGCCT-1,0,71,125,2545,15630
AAACGCTGGGCACGAC-1,0,70,126,2432,15432
TGTTCTCATACTATAG-1,0,71,127,2318,15629
TCCGCTGGGTCGATCG-1,0,72,0,16698,15866
TTAGCATCCCTCACGT-1,0,73,1,16585,16063
AGCCTTGTCACTGATA-1,0,72,2,16472,15865
GTTTCTTGTTAGAGCT-1,0,73,3,16358,16062
TCGGAGTCCTGGTTGC-1,0,72,4,16245,15865
ACGGGTTGTGACCTGT-1,0,73,5,16132,16061
TGACAGAAATCTTGCT-1,0,72,6,16019,15864
TAGCCATGATTGCCTA-1,0,73,7,15905,16061
CGAAGCCACAGCATGG-1,0,72,8,15793,15863
ACCCGTAGCAGAGAAT-1,0,73,9,15679,16060
AGCTTGATCAGGGTAG-1,0,72,10,15566,15863
CTATAAGTAGGGTTTG-1,0,73,11,15452,16060
TATAGTTAGGTGTACT-1,0,72,12,15340,15862
TACGCTGATAGTTGTA-1,0,73,13,15226,16059
TTCTCAATTGCTACAA-1,0,72,14,15113,15862
GTTGCCCTAACGGGTG-1,0,73,15,14999,16058
GACATTTCGCCCAGCC-1,0,72,16,14887,15861
GTAACTACGTAGACCT-1,0,73,17,14773,16058
CCAGTGTACAGACCGA-1,0,72,18,14660,15860
GCCCGATGCCCAGTTC-1,0,73,19,14546,16057
CGAACCTCTTTCCTAG-1,0,72,20,14434,15860
CATGCACATGAGAGGC-1,0,73,21,14320,16056
CCAAATCAAAGGGCAA-1,0,72,22,14207,15859
GTAGTTTAAGCACACG-1,0,73,23,14094,16056
TAAGTGAATAGTCTAC-1,1,72,24,13981,15858
GGTCCACGTCTATTTG-1,1,73,25,13867,16055
CCCTCAGATCGAGAAC-1,1,72,26,13754,15858
ACATTCGCGCGGAATA-1,1,73,27,13641,16055
CTATGAACACCTTGCC-1,1,72,28,13528,15857
CGAATGGTAGGTCGTC-1,1,73,29,13414,16054
TCGACATAGCGTAGCG-1,1,72,30,13301,15857
GACGTTGCTCGGCGGC-1,1,73,31,13188,16053
CTCGAGGCAAGTTTCA-1,1,72,32,13075,15856
GCTGGGAGCGCGTCAA-1,1,73,33,12961,16053
GACGATATCACTGGGT-1,1,72,34,12849,15855
CAGCTCTGGGCTCACT-1,1,73,35,12735,16052
TAGTCTGCGGCACATT-1,1,72,36,12622,15855
TGGTCGATATACCTCT-1,1,73,37,12508,16051
TTCAGTTCAAGAGGAG-1,1,72,38,12396,15854
GTCTGTAGGTTGAACA-1,1,73,39,12282,16051
GAGAGTCTCGGGAGAG-1,1,72,40,12169,15853
TTGTTTGTATTACACG-1,1,73,41,12055,16050
GCACAGCACGGGCCGA-1,1,72,42,11943,15853
AAACAGTGTTCCTGGG-1,1,73,43,11829,16050
TGGAGAATAATCGTCC-1,1,72,44,11716,15852
CGCCGCGTTCTGAACG-1,1,73,45,11602,16049
CATGCGTTGAGAGGAG-1,1,72,46,11490,15852
TACGCTCCTAGAACTG-1,1,73,47,11376,16048
CCTTGTGAACGTGGTT-1,1,72,48,11263,15851
TTAAAGGCGATGCTCG-1,1,73,49,11149,16048
TAAAGTGCACGTCTCG-1,1,72,50,11037,15850
TGTCCGCAAACAATTC-1,1,73,51,10923,16047
AGGCCTATCATACCAA-1,1,72,52,10810,15850
ACTGGGATGCCAGTGC-1,1,73,53,10697,16046
CGATCCACCATTGTTG-1,1,72,54,10584,15849
GGGCATGCATGTCGAG-1,1,73,55,10470,16046
TCCAGGCAGGACGATC-1,1,72,56,10357,15848
CAATGACCCTTAATTT-1,1,73,57,10244,16045
ATCAAGATCCCAGGAC-1,1,72,58,10131,15848
CTCAGAGCTAATGTCG-1,1,73,59,10017,16045
CTGCGATTTCGAGATT-1,1,72,60,9904,15847
ATGGTATTGGGAACCG-1,1,73,61,9791,16044
TAGGTTCTGCTGAGAA-1,1,72,62,9678,15847
GCCTGTCCCGGTGCAT-1,1,73,63,9564,16043
GGCCTGCTCTGATGTT-1,1,72,64,9452,15846
TAGAGGGAGTTTATCT-1,1,73,65,9338,16043
CTCTACATCCTGCGTG-1,1,72,66,9225,15845
ACACATTTCCGTAGAC-1,1,73,67,9111,16042
TGGGTGTTAAGTAGAA-1,1,72,68,8999,15845
GAGCTCAACATGAGCG-1,1,73,69,8885,16041
GCACACAGCTATTACC-1,1,72,70,8772,15844
GCGACGGTAGTCTCCT-1,1,73,71,8658,16041
GTATCAAGGTACTTCC-1,1,72,72,8546,15843
GGAAAGGGAATTGAGC-1,1,73,73,8432,16040
TACACAGCCGTGGTGC-1,1,72,74,8319,15843
CGGTTGGGCAGGGTCC-1,1,73,75,8205,16039
GCACGCCGATTCCCGC-1,1,72,76,8093,15842
CGCTTTCCGCCAAGGT-1,1,73,77,7979,16039
TGCCCGATAGTTAGAA-1,1,72,78,7866,15842
TCAGAACGGCGGTAAT-1,1,73,79,7753,16038
CCACTCAGATCCGCAA-1,1,72,80,7640,15841
GAAGGGTCATTAAGAC-1,0,73,81,7526,16038
GCGGTCTTGCTTTCAC-1,1,72,82,7413,15840
GGAAGGACACCGTATA-1,0,73,83,7300,16037
CGCGGGAATTCCTTTC-1,0,72,84,7187,15840
TCTATCCGATTGCACA-1,0,73,85,7073,16036
TACTCGTTTGAATCAA-1,0,72,86,6960,15839
GTCTGCCGACTCGACG-1,0,73,87,6847,16036
TACGGGTAATAACATA-1,0,72,88,6734,15838
CCAGTTCGGTAACTCA-1,0,73,89,6620,16035
CGTGCACACCACTGTA-1,0,72,90,6507,15838
CTTCAGTTGGACAACG-1,0,73,91,6394,16034
TGATCTATCACACTCT-1,0,72,92,6281,15837
TAGCAGATACTTAGGG-1,0,73,93,6167,16034
CACCGGGCATCACAAG-1,0,72,94,6055,15837
AGTGGCCCGCAAATGG-1,0,73,95,5941,16033
CTCGCTAGGTAAGCGA-1,0,72,96,5828,15836
GATAGATAGTACAGTC-1,0,73,97,5714,16033
CGAGACTACTGCTGCT-1,0,72,98,5602,15835
ACATTTGAAACCTAAC-1,0,73,99,5488,16032
GACACAGCCGGGACTG-1,0,72,100,5375,15835
ACGGAACACGAGTGCC-1,0,73,101,5261,16031
ACGCCAGTGCGTTTGC-1,0,72,102,5149,15834
GCACCTAGGCGAGTCC-1,0,73,103,5035,16031
TCACTATCCCTTCGGT-1,0,72,104,4922,15833
TGAGTGTAACAACGGG-1,0,73,105,4808,16030
ATTGGTTGTGCATTAC-1,0,72,106,4696,15833
CTGGCGATTTACATGT-1,0,73,107,4582,16029
TCCACCAAGACATAGG-1,0,72,108,4469,15832
AACGTCGCTGCACTTC-1,0,73,109,4356,16029
GTCTCCCGAGTCCCGT-1,0,72,110,4243,15832
AGCCCGCACTACAATG-1,0,73,111,4129,16028
GGCACGCTGCTACAGT-1,0,72,112,4016,15831
GCTTGAGTGACCTCTG-1,0,73,113,3903,16028
ATAGCCATAACAGTCA-1,0,72,114,3790,15830
TAGGAGGCTCGAGAAC-1,0,73,115,3676,16027
GTCGGGTGAAGTACCG-1,0,72,116,3563,15830
CACCCGCGTTTGACAC-1,0,73,117,3450,16026
TCTCAGGCTACTCGCT-1,0,72,118,3337,15829
TAGATTCTCTAGCAAA-1,0,73,119,3223,16026
CCCATTATTGTATCCT-1,0,72,120,3111,15828
GTTAATAGCGTCATTA-1,0,73,121,2997,16025
TACTCATTGACGCATC-1,0,72,122,2884,15828
TAGTGACAAGCTCTAC-1,0,73,123,2770,16024
ATCGCCGTGGTTCATG-1,0,72,124,2658,15827
CTGCTCTCAACACACC-1,0,73,125,2544,16024
GCATGACACAAAGGAA-1,0,72,126,2431,15827
CAACGATCGATCCAAT-1,0,73,127,2317,16023
ATACAGCGTCCACTGA-1,0,74,0,16697,16260
TCACGATTAATACGTT-1,0,75,1,16584,16457
CGTGAACTGACCCGAT-1,0,74,2,16471,16259
TCGATGTTACGGCCGT-1,0,75,3,16357,16456
GACCGGTGATACTCTC-1,0,74,4,16244,16259
TCTGTTTAGATTGTTC-1,0,75,5,16131,16455
GCTACTCGGACGCAGA-1,0,74,6,16018,16258
AAGAAAGTTTGATGGG-1,0,75,7,15904,16455
CGCCAGTAGTACCTTG-1,0,74,8,15791,16257
CTCCCTTGTATCAAGG-1,0,75,9,15678,16454
ACTTTATACACCACTT-1,0,74,10,15565,16257
AGATCTGGAGAGGATA-1,0,75,11,15451,16454
TCATCCATCTGATCAC-1,0,74,12,15339,16256
AGAACACGGCGATGGT-1,0,75,13,15225,16453
CCGCTCCGGATAAGCT-1,0,74,14,15112,16256
TGGTCGGGTACAGGGC-1,0,75,15,14998,16452
ACGGACGCAGCGACAA-1,0,74,16,14886,16255
ACATGCTTACGGCAGC-1,0,75,17,14772,16452
CAGGGAGATAGGCCAG-1,0,74,18,14659,16254
TCGCCACCCGGATTAC-1,0,75,19,14545,16451
TCTTGGTCAATGATAC-1,0,74,20,14433,16254
CATAGGGACACTTGTG-1,0,75,21,14319,16450
CACGAGCAAACCAGAC-1,0,74,22,14206,16253
GGGATATTGATCGCCA-1,0,75,23,14092,16450
TAATGTCGGTTCATGG-1,0,74,24,13980,16252
CGATTTGTCATTAATG-1,0,75,25,13866,16449
TTAAGATACCCAGAGA-1,0,74,26,13753,16252
CGACCGTTGGTATTCG-1,0,75,27,13640,16449
ACTACCATCCGAGGGC-1,1,74,28,13527,16251
TCTACGCACGATCTCC-1,0,75,29,13413,16448
AAGCCACTTGCAGGTA-1,1,74,30,13300,16251
ACGTTGTCGTTGAAAG-1,1,75,31,13187,16447
ACCGCTAGTCATTGGT-1,1,74,32,13074,16250
CATGAGTCCATCACGG-1,1,75,33,12960,16447
ATGTCTTGTTTGACTC-1,1,74,34,12847,16249
TCCCAAACATCCTCTA-1,1,75,35,12734,16446
CAACGCGATGAGCCAA-1,1,74,36,12621,16249
GACACCCAAAGACGCG-1,1,75,37,12507,16445
ACGTTCACTATGCCGC-1,1,74,38,12394,16248
ATGGACTGCTTAGTTG-1,1,75,39,12281,16445
CCATGGCAAACGCTCA-1,1,74,40,12168,16247
TTGTCTCGGCAAGATG-1,1,75,41,12054,16444
TTCGAACGAAACATGC-1,1,74,42,11942,16247
GGAAAGTCTTGATTGT-1,1,75,43,11828,16444
ATCATAGATCGACGAG-1,1,74,44,11715,16246
GATTAGAAACAAGCGT-1,1,75,45,11601,16443
GCTGCGAAGAATTATT-1,1,74,46,11489,16246
TTCCAGTGGGTTTCGT-1,1,75,47,11375,16442
GCTCATTGATCATATC-1,1,74,48,11262,16245
ATACGAGGTTTGTAAG-1,1,75,49,11148,16442
GTCTATACACGCATGG-1,1,74,50,11036,16244
GATTTGCGCTAACACC-1,1,75,51,10922,16441
TGGTGCCCTGCCTTAC-1,1,74,52,10809,16244
TCGAATCGCAGGGTAG-1,1,75,53,10695,16440
GGTAGGCCAATATCAC-1,1,74,54,10583,16243
CGTAAATAACAAAGGG-1,1,75,55,10469,16440
GACTCTAGAGTTCCAA-1,1,74,56,10356,16242
ACTTGTTACCGGATCA-1,1,75,57,10243,16439
GGCATTGAACATCTCA-1,1,74,58,10130,16242
AACCCGCTGTATTCCA-1,1,75,59,10016,16439
TAACAGGTTCCCTTAG-1,1,74,60,9903,16241
GTTCTTGTAACTCAAT-1,1,75,61,9790,16438
GATTCTGTTAATGAGT-1,1,74,62,9677,16241
GGACACCTCGGTGTTG-1,0,75,63,9563,16437
CGATCGAGAAGCACCA-1,0,74,64,9450,16240
CTGCTCTGACGGCAAA-1,0,75,65,9337,16437
CCCAGGAAGAATTCGA-1,0,74,66,9224,16239
TGTCGTGGGTATAGGC-1,0,75,67,9110,16436
ATATGTCTAGAGCGTG-1,1,74,68,8998,16239
GCGGGCAGACGGGTGA-1,0,75,69,8884,16435
CGAAGATCAGTTTCAT-1,1,74,70,8771,16238
ACGCCACTCGAAACAG-1,0,75,71,8657,16435
CTTAGATGTTTCATCC-1,0,74,72,8545,16237
GCGAATGGACTAGCGA-1,0,75,73,8431,16434
TAAATTGTGGGTAAAG-1,1,74,74,8318,16237
ATTTATACTGGTAAAG-1,0,75,75,8204,16434
GCGTCGTAACATGGTC-1,0,74,76,8092,16236
CGGTATGGGCACTCTG-1,0,75,77,7978,16433
CTATCACAACGCTGGA-1,0,74,78,7865,16236
ACCACACGGTTGATGG-1,0,75,79,7751,16432
TCAGCGCACGCCGTTT-1,0,74,80,7639,16235
AATGTTAAGACCCTGA-1,0,75,81,7525,16432
CTTACATAGATTTCTT-1,0,74,82,7412,16234
AACATAGCGTGTATCG-1,0,75,83,7298,16431
AGCAGTCGAAGCATGC-1,0,74,84,7186,16234
GTACTACGGCCTCGTT-1,0,75,85,7072,16430
TTGGCCAAATTGTATC-1,0,74,86,6959,16233
TCAGAGGACGCGTTAG-1,0,75,87,6846,16430
AGTAATCTAAGGGTGG-1,0,74,88,6733,16232
AATTATACCCAGCAAG-1,0,75,89,6619,16429
CCCTACCCACACCCAG-1,0,74,90,6506,16232
CTCTGTCCATGCACCA-1,0,75,91,6393,16429
TCGCCTCCTTCGGCTC-1,0,74,92,6280,16231
CCTGATTCGCGAAGAA-1,0,75,93,6166,16428
GACTTCAACGCATCAA-1,0,74,94,6053,16231
GCTTCCCGTAAGCTCC-1,0,75,95,5940,16427
AGAACTGTACTTTGTA-1,0,74,96,5827,16230
CCTTAAGTACGCAATT-1,0,75,97,5713,16427
GGCCAATTGTATAGAC-1,0,74,98,5601,16229
AGAATACAGGCTATCC-1,0,75,99,5487,16426
AATACCTGATGTGAAC-1,0,74,100,5374,16229
TAGAGTGTTCCGGGTA-1,0,75,101,5260,16425
GCTTCCATGTAACCGC-1,0,74,102,5148,16228
GGTTCGCATTTGCCGT-1,0,75,103,5034,16425
TCAATCCGGGAAGTTT-1,0,74,104,4921,16227
CCGGAAGTGCAATATG-1,0,75,105,4807,16424
CTCATAAATGTGTATA-1,0,74,106,4695,16227
GACGGGCATCGAATTT-1,0,75,107,4581,16424
GCTAAGCCCAGTATGC-1,0,74,108,4468,16226
GCTATAAGGGCCAGGA-1,0,75,109,4354,16423
GCGGATTACTTGTTCT-1,0,74,110,4242,16226
TACAACAGCGCATACA-1,0,75,111,4128,16422
TCTAACCTAGCCTGCG-1,0,74,112,4015,16225
TCTACCCGCATCATTT-1,0,75,113,3902,16422
GTCTTACCACGCCAAG-1,0,74,114,3789,16224
AATAACGTCGCGCCCA-1,0,75,115,3675,16421
CGTTTCGGTTATATGC-1,0,74,116,3562,16224
TACGCTGCACGGTCGT-1,0,75,117,3449,16420
CGTTAAATACGACCAG-1,0,74,118,3336,16223
TCGACTGACGATGGCT-1,0,75,119,3222,16420
ACGCTACTGAATGGGC-1,0,74,120,3109,16222
AAGGGTTAGCCATGCG-1,0,75,121,2996,16419
ACGTTTCGGTGCACTT-1,0,74,122,2883,16222
TTAACCCGAGGCGTGT-1,0,75,123,2769,16419
GCCCGTCAAGCCCAAT-1,0,74,124,2656,16221
ATTCGTCCCGAGGTTA-1,0,75,125,2543,16418
TCAAATTATGTTCGAC-1,0,74,126,2430,16221
AACGTTCTACCATTGT-1,0,75,127,2316,16417
CTGTCCTGCGCACTAC-1,0,76,0,16696,16654
GCCCAGCGACACAAAG-1,0,77,1,16582,16851
TATAGCTATTATCTCT-1,0,76,2,16470,16653
AAGCTATGGATTGACC-1,0,77,3,16356,16850
CCGAAACACGACCTCT-1,0,76,4,16243,16653
ATCAGAAGCTGGTTGC-1,0,77,5,16130,16850
TGAACCTGAATGTGAG-1,0,76,6,16017,16652
TCAGAGCATGTCAACG-1,0,77,7,15903,16849
ATACCCTCCCGGCCAA-1,0,76,8,15790,16652
GCCACCTTATTCGCGA-1,0,77,9,15677,16848
CAACGAGCTTATTATG-1,0,76,10,15564,16651
GATCCAACCTTTAAAC-1,0,77,11,15450,16848
TTGTGGAGACAGCCGG-1,0,76,12,15337,16650
AGATAATCACACCTAT-1,0,77,13,15224,16847
GGTTAGGGATGCTAAT-1,0,76,14,15111,16650
TCATGAAGCGCTGCAT-1,0,77,15,14997,16846
CCAGGCGAGATGGTCT-1,0,76,16,14885,16649
CGACTTGCCGGGAAAT-1,0,77,17,14771,16846
GTGCCAAACGTTTCGA-1,0,76,18,14658,16648
TGCTCAAAGGATGCAC-1,0,77,19,14544,16845
GCCTCAGGTACCGGTC-1,0,76,20,14432,16648
ACAAGTAATTGTAAGG-1,0,77,21,14318,16844
TTAGAGTATTGTCGAG-1,0,76,22,14205,16647
GTCATCCCAAACTCAC-1,0,77,23,14091,16844
CTCCTAGTAATCGTGA-1,0,76,24,13979,16647
CCCTCATCACAGAGTA-1,0,77,25,13865,16843
GGAAACAGAGCTTGGG-1,0,76,26,13752,16646
ACATCGCAATATTCGG-1,0,77,27,13638,16843
TTAGCCATAGGGCTCG-1,0,76,28,13526,16645
CGGATTCTGCCTTATG-1,0,77,29,13412,16842
TTGTTGGCAATGACTG-1,0,76,30,13299,16645
GGATCTACCGTTCGTC-1,0,77,31,13185,16841
GGTGGGATTAGGTCCC-1,0,76,32,13073,16644
AATAGGCACGACCCTT-1,0,77,33,12959,16841
GAGGTCCGTTCGCTGT-1,0,76,34,12846,16643
TGACAACTTAAAGGTG-1,0,77,35,12733,16840
AGCTAAGCTCCGTCCG-1,1,76,36,12620,16643
CTAGCCCGGGAGACGA-1,0,77,37,12506,16839
CCCAGATTCCCGTGAC-1,1,76,38,12393,16642
GCCCGTTCACACAATT-1,0,77,39,12280,16839
ACAAACTCCATCAGAG-1,1,76,40,12167,16642
GGTTCCGTACGACTAA-1,1,77,41,12053,16838
TTGCGGAAAGCTGCCC-1,1,76,42,11940,16641
GGAACTCGTGAATACG-1,1,77,43,11827,16838
GGTTACCGCTCCCTAC-1,1,76,44,11714,16640
AGCGACTTTGAAGACA-1,1,77,45,11600,16837
CCGTTTCCTTTCCGTG-1,1,76,46,11488,16640
TGGATGGCATCTTGGA-1,1,77,47,11374,16836
CAAGTCGTTGAAATCT-1,1,76,48,11261,16639
TGCAAACGTACTAGTT-1,0,77,49,11147,16836
GGCTGTCCTACTGCGG-1,1,76,50,11035,16638
TACTGCATGATTAAAT-1,0,77,51,10921,16835
CGGACCTCTGTAGTTA-1,1,76,52,10808,16638
CCCTAGCTCTAAGGTC-1,0,77,53,10694,16834
GTAACAGGTTAACGGC-1,1,76,54,10582,16637
CCCGCAAATAATCATC-1,0,77,55,10468,16834
AATCCCGCTCAGAGCC-1,1,76,56,10355,16637
AACGTCATCCGGCTTG-1,0,77,57,10241,16833
CTCGTGGCACTGAAAG-1,1,76,58,10129,16636
CTTTATCCGACGCATG-1,0,77,59,10015,16833
AAATGACTGATCAAAC-1,1,76,60,9902,16635
TTCGTGCATGTTATAG-1,0,77,61,9789,16832
ATCAAAGAGCCGTGGT-1,0,76,62,9676,16635
ATGTCATAATAAACGA-1,0,77,63,9562,16831
CTTAATCGACTTAGTA-1,0,76,64,9449,16634
CTAAAGGATGAGATAC-1,0,77,65,9336,16831
GTGCTATCCAGCTGGA-1,0,76,66,9223,16633
GACAGAGGTCTTCAGT-1,0,77,67,9109,16830
TCGATTTACGAAACGA-1,0,76,68,8996,16633
AGGCTTAAGTTGCACA-1,0,77,69,8883,16829
TAGGATCTTAACCGCA-1,0,76,70,8770,16632
GACTTTCGAGCGGTTC-1,0,77,71,8656,16829
CCCTGGGAGGGATCCT-1,0,76,72,8543,16632
TAGTAGTTGCCGGACA-1,0,77,73,8430,16828
GCCCTAAGTGCAGGAT-1,0,76,74,8317,16631
ACTTGGGCTTTCGCCA-1,0,77,75,8203,16828
CATGATACGGTGAAAC-1,0,76,76,8091,16630
TCCTGCAGCCGCCAAT-1,0,77,77,7977,16827
GTCCGTTAGAGGGCCT-1,0,76,78,7864,16630
GCTTTATTAAGTTACC-1,0,77,79,7750,16826
AATCGAGGTCTCAAGG-1,0,76,80,7638,16629
GTGCTGTTAGAACATA-1,0,77,81,7524,16826
GGCTTCTCGTGGGTGG-1,0,76,82,7411,16628
CCTACAGTTGAGGGAG-1,0,77,83,7297,16825
TATCCCTCGATCTGCA-1,0,76,84,7185,16628
CCGGTATCTGGCGACT-1,0,77,85,7071,16824
CTCTAACACCGGCAGC-1,0,76,86,6958,16627
CTTCATCACCAGGGCT-1,0,77,87,6844,16824
GGCTGGCAATCCCACG-1,0,76,88,6732,16626
CAAACCATAAGCGTAT-1,0,77,89,6618,16823
CATGTGGGCTCATCAC-1,0,76,90,6505,16626
CCCGTGACAGTGCCTT-1,0,77,91,6392,16823
GATTATCTTGCATTAT-1,0,76,92,6279,16625
GAGTCCACCAGGTTTA-1,0,77,93,6165,16822
TGTACTATCGCTCGTT-1,0,76,94,6052,16625
TTAGCGAATAGATAGG-1,0,77,95,5939,16821
ACATACAATCAAGCGG-1,0,76,96,5826,16624
ATTCGTGTACCCATTC-1,0,77,97,5712,16821
GCTAGCAACGCACCTA-1,0,76,98,5599,16623
ACCTCAGCGAGGCGCA-1,0,77,99,5486,16820
TCCGGGCCACTAACGG-1,0,76,100,5373,16623
TCCCAATATCGACGAC-1,0,77,101,5259,16819
GGATTGAAGTAGCCTC-1,0,76,102,5147,16622
GGCGCACAGTTTACCT-1,0,77,103,5033,16819
CCCGGCACGTGTCAGG-1,0,76,104,4920,16621
AGTAAGGGACAGAATC-1,0,77,105,4806,16818
TTGCGCACAACCACGT-1,0,76,106,4694,16621
CCTGCTACAACCATAC-1,0,77,107,4580,16818
CTGGGCTACTGGAGAG-1,0,76,108,4467,16620
AGCTACGAATGGTGGT-1,0,77,109,4353,16817
ATTCGTTTATCGTATT-1,0,76,110,4241,16620
GGCATTCCCTCCCTCG-1,0,77,111,4127,16816
AGTTATTCAGACTGTG-1,0,76,112,4014,16619
CCACTTTCCTTCTAGG-1,0,77,113,3900,16816
CGCAGTTCTATCTTTC-1,0,76,114,3788,16618
AGGAGCGTTTATTATC-1,0,77,115,3674,16815
GACAGGTAATCCGTGT-1,0,76,116,3561,16618
TTCCCAAAGTACTGAT-1,0,77,117,3447,16814
CTGCAGGGTGACGCTC-1,0,76,118,3335,16617
TCATGGAGGCCTTTGT-1,0,77,119,3221,16814
ATGGCCCGAAAGGTTA-1,0,76,120,3108,16616
CGTAATATGGCCCTTG-1,0,77,121,2995,16813
AGAGTCTTAATGAAAG-1,0,76,122,2882,16616
GAACGTTTGTATCCAC-1,0,77,123,2768,16813
ATTGAATTCCCTGTAG-1,0,76,124,2655,16615
TACCTCACCAATTGTA-1,0,77,125,2542,16812
AGTCGAATTAGCGTAA-1,0,76,126,2429,16615
TTGAAGTGCATCTACA-1,0,77,127,2315,16811
