ACGCCTGACACGCGCT-1,0,0,0,1690,2093
TACCGATCCAACACTT-1,0,1,1,1942,2239
ATTAAAGCGGACGAGC-1,0,0,2,1690,2383
GATAAGGGACGATTAG-1,0,1,3,1942,2529
GTGCAAATCACCAATA-1,0,0,4,1689,2673
TGTTGGCTGGCGGAAG-1,0,1,5,1941,2819
GCATCCTCTCCTATTA-1,0,0,6,1689,2963
GCGAGGGACTGCTAGA-1,0,1,7,1941,3109
TGGTACCGGCACAGCC-1,0,0,8,1688,3253
GCGCGTTTAAATCGTA-1,0,1,9,1940,3399
TGCCTTGCCCTTACGG-1,0,0,10,1687,3544
GACGACTTTCCAAGAA-1,0,1,11,1939,3689
CCAGTGAGCTCCTTGT-1,0,0,12,1687,3834
ATACCCTGGCTCAAAT-1,0,1,13,1939,3979
GGGTTTCCGGCTTCCA-1,0,0,14,1686,4124
TAACCGTCCAGTTCAT-1,0,1,15,1938,4269
AAACAACGAATAGTTC-1,0,0,16,1686,4414
CAAGGGAGTGTATTTG-1,0,1,17,1938,4559
CCAAGCTTGATCTCCT-1,0,0,18,1685,4704
TTATTTCATCCCAAAC-1,0,1,19,1937,4849
GAGCGCTATGTCAGGC-1,0,0,20,1684,4994
TATGGCAGACTTTCGA-1,0,1,21,1936,5139
CTTCGTGCCCGCATCG-1,0,0,22,1684,5284
AAACGGGTTGGTATCC-1,0,1,23,1936,5429
TGCAAACCCACATCAA-1,0,0,24,1683,5574
GACGGGATGTCTTATG-1,0,1,25,1935,5719
GGCGAGCATCGAGGAC-1,0,0,26,1682,5864
CGCGTGCTATCAACGA-1,0,1,27,1935,6009
TGAAACCTCAACTCAC-1,0,0,28,1682,6154
CACATAAGGCGACCGT-1,0,1,29,1934,6300
TGACCCAACTCACATT-1,0,0,30,1681,6444
ATACGCCGATCTACCG-1,0,1,31,1933,6590
ACTTATCTGATCTATA-1,0,0,32,1681,6734
GTGTGAGCCGAGGTGC-1,0,1,33,1933,6880
GATGATTTGAAACTGG-1,0,0,34,1680,7024
GGGAACCACCTGTTTC-1,0,1,35,1932,7170
GTTCGTTGCGGACCAG-1,0,0,36,1679,7314
TGAGGTTGATCCCAAG-1,0,1,37,1931,7460
GATGCCACACTACAGC-1,0,0,38,1679,7604
AGGCAAAGAGGAATCA-1,0,1,39,1931,7750
AAGTAAGCTTCCAAAC-1,0,0,40,1678,7894
AACGTAGTCTACCCAT-1,0,1,41,1930,8040
GTTTGAGCGGTTATGT-1,0,0,42,1678,8184
GAAGCAAGGCAATGTT-1,0,1,43,1930,8330
TCACTCAGCGCATTAG-1,0,0,44,1677,8474
TACAATGAAACCAGCA-1,0,1,45,1929,8620
GTGCGCTTACAAATGA-1,0,0,46,1676,8764
GCACTCCCACAGTCCC-1,0,1,47,1928,8910
CGAAGACTGCCCGGGA-1,0,0,48,1676,9054
CAGGATCCGCCCGACC-1,0,1,49,1928,9200
CACGATTGGTCGTTAA-1,0,0,50,1675,9345
GGTTGTATCGTGAAAT-1,0,1,51,1927,9490
TCTTATGGGTAGTACC-1,0,0,52,1675,9635
TACAAGCTGTTCACTG-1,0,1,53,1927,9780
GTATCTTGTTGCTCAC-1,0,0,54,1674,9925
ATACCAGGTGAGCGAT-1,0,1,55,1926,10070
CCTAAACAGGGTCCGT-1,0,0,56,1673,10215
ATGGTGCTCAAAGCCA-1,0,1,57,1925,10360
CAAATGCGGAGTGTTC-1,0,0,58,1673,10505
CGTGCCCGACATTTGT-1,0,1,59,1925,10650
GTATCTCCCTAACTGT-1,0,0,60,1672,10795
ATTTGCCTAGTTACGA-1,0,1,61,1924,10940
ACGTCCTAAACGAGAT-1,0,0,62,1672,11085
CTGGGATCGCCCAGAT-1,0,1,63,1924,11230
CTGCAAATGGGCTCCA-1,0,0,64,1671,11375
CATTATAACAGGGTCC-1,0,1,65,1923,11520
ACCTTTCCTTTAGAAG-1,0,0,66,1670,11665
ATAGATTTGCAGTCGG-1,0,1,67,1922,11810
CTCGGGCATCGTCGGG-1,0,0,68,1670,11955
GTGGCGGGCCGTAGCT-1,0,1,69,1922,12101
CAACAGTGCCAAACGG-1,0,0,70,1669,12245
TGCGGGTATTGGGATC-1,0,1,71,1921,12391
GTCTCGCCAACACGCC-1,0,0,72,1668,12535
CTGGGCGGCCAAATGT-1,0,1,73,1921,12681
TAAAGGAGAAACTAGT-1,0,0,74,1668,12825
TCCCACGGAGGGAGCT-1,0,1,75,1920,12971
AGCTTCAATACTTTGA-1,0,0,76,1667,13115
TTCCACATTTCTCGTC-1,0,1,77,1919,13261
ACAAACCGACAAGGCG-1,0,0,78,1667,13405
AGACGGGATTGGTATA-1,0,1,79,1919,13551
AACCTAAAGCCGTCCG-1,0,0,80,1666,13695
TACAAATTGCGGAGGT-1,0,1,81,1918,13841
CCCGCTAGAGGGTTAA-1,0,0,82,1665,13985
CATTGCAAAGCATAAT-1,0,1,83,1917,14131
TGTACGCTATCAGCTT-1,0,0,84,1665,14275
TTCTTCGCAATAGAGC-1,0,1,85,1917,14421
TGTGATTCCAGCGCTT-1,0,0,86,1664,14565
ATTCAGGATCGCCTCT-1,0,1,87,1916,14711
GCCCATGGGTGCAATG-1,0,0,88,1664,14855
TTCCCGACGCTTCACT-1,0,1,89,1916,15001
AGCGGTTGAGATGTAC-1,0,0,90,1663,15145
GCTGTCTGTGATCGAC-1,0,1,91,1915,15291
AAAGACATGAAGTTTA-1,0,0,92,1662,15436
CAACAGAATAACGCTA-1,0,1,93,1914,15581
TGCGGTCTACGAGTAA-1,0,0,94,1662,15726
AAGACTCACGCCCACT-1,0,1,95,1914,15871
CTTTGAAACATATTCC-1,0,0,96,1661,16016
CTGGGCACTAGTCGGA-1,0,1,97,1913,16161
CGCCCTTACATCCACC-1,0,0,98,1661,16306
CACGACCACAGACTTT-1,0,1,99,1913,16451
CAATCCATTATCCGTT-1,0,0,100,1660,16596
GTGGCGTGCACCAGAG-1,0,1,101,1912,16741
CGGAGTCCTAACCTGG-1,0,0,102,1659,16886
GGTCCCATAACATAGA-1,0,1,103,1911,17031
ATCTCATAAACCTACC-1,0,0,104,1659,17176
TGCATGGCAGTCTTGC-1,0,1,105,1911,17321
TTGCAGGTCATGAAGT-1,0,0,106,1658,17466
AGCTGCATTTGAGGTG-1,0,1,107,1910,17611
TAATCAGGAATGCTGC-1,0,0,108,1658,17756
CCATCATAAGAACAGG-1,0,1,109,1910,17901
TCGTATCACCAAGCTA-1,0,0,110,1657,18046
ATTCAGATGAATCCCT-1,0,1,111,1909,18192
AAAGGTCAACGACATG-1,0,0,112,1656,18336
AGCTGCTGTGCCGAAT-1,0,1,113,1908,18482
CTAGCGCCAATCCTAC-1,0,0,114,1656,18626
GCTCGACCGAACTGAA-1,0,1,115,1908,18772
ACAGTGCAGCGCATTT-1,0,0,116,1655,18916
CGGCTGAAGGTTACGC-1,0,1,117,1907,19062
CACCTCTACGAGTGTG-1,0,0,118,1654,19206
ATACGACAGATGGGTA-1,0,1,119,1907,19352
ACTTCCTGTCGTGCGA-1,0,0,120,1654,19496
CGTAACGGAACGATCA-1,0,1,121,1906,19642
AAATCACTCCTAAACG-1,0,0,122,1653,19786
CTCCGAGTAAATCCGC-1,0,1,123,1905,19932
ACGCTAGTATCAGTGC-1,0,0,124,1653,20076
AGAGTGAACAGACACC-1,0,1,125,1905,20222
ACACCCGTAAATCTGT-1,0,0,126,1652,20366
GCTTTGCTGCCGGGTA-1,0,1,127,1904,20512
ACAGGAGGCGCAGCCG-1,0,2,0,2195,2094
AGGCAATACGGAGGAC-1,0,3,1,2447,2240
TGGTGTGACAGACGAT-1,0,2,2,2194,2384
ATCTATCGATGATCAA-1,0,3,3,2446,2530
CGGTAACAAGATACAT-1,0,2,4,2194,2674
TCGCCGGAGAGTCTTA-1,0,3,5,2446,2820
GGAGGAGTGTGTTTAT-1,0,2,6,2193,2965
TTAGGTGTGACTGGTC-1,0,3,7,2445,3110
CAGGGCTAACGAAACC-1,0,2,8,2193,3255
CCCGTGGGTTAATTGA-1,0,3,9,2445,3400
GACCGACCGCTAATAT-1,0,2,10,2192,3545
GGTATCAAGCATAGAA-1,0,3,11,2444,3690
TGCATGAGTAGATTCG-1,0,2,12,2191,3835
AATTCCAACTTGGTGA-1,0,3,13,2443,3980
TGCCGATGTCATCAAT-1,0,2,14,2191,4125
GCTGGGTCCGCTGTTA-1,0,3,15,2443,4270
TGAACACCCGAAGCAG-1,0,2,16,2190,4415
AACATTGGTCAGCCGT-1,0,3,17,2442,4560
GTGGGTCTTCTTTGCG-1,0,2,18,2190,4705
CATCGAATGGATCTCT-1,0,3,19,2442,4850
GCTACACTGTCCGAAC-1,0,2,20,2189,4995
CGGGTTGTAGCTTTGG-1,0,3,21,2441,5140
CCTAAGTGTCTAACCG-1,0,2,22,2188,5285
TCTGTGACTGACCGTT-1,0,3,23,2440,5430
TTATCATACTCGCAAA-1,0,2,24,2188,5575
AGCGTAGCGCTAGACC-1,0,3,25,2440,5720
TCCCTCCGAAATCGTT-1,0,2,26,2187,5865
AGGTCGCCACTTCGGT-1,0,3,27,2439,6011
CTAGCAACTAATTTAC-1,0,2,28,2187,6155
TTGCTAGCTACCAATC-1,0,3,29,2439,6301
GCCGGTTTGGGCGGAT-1,0,2,30,2186,6445
TGTAACTTGTCAACCT-1,0,3,31,2438,6591
CGAGATGTTGCCTATA-1,0,2,32,2185,6735
GTTACGAAATCCACGC-1,0,3,33,2437,6881
CTTGTCGTACGTGTCA-1,0,2,34,2185,7025
GCGTCCAGCTCGTGGC-1,0,3,35,2437,7171
CCCTTCTCGTACGCGA-1,0,2,36,2184,7315
CCAAAGTCCCGCTAAC-1,0,3,37,2436,7461
CCGCTTCGCGGTTAAC-1,0,2,38,2183,7605
GTTACGGCCCGACTGC-1,0,3,39,2436,7751
CCCGCTTGCCCTCGTC-1,0,2,40,2183,7895
TAGTGAGAAGTGGTTG-1,0,3,41,2435,8041
CGCTACCGCCCTATGA-1,0,2,42,2182,8185
AAACAATCTACTAGCA-1,0,3,43,2434,8331
GCGCGATGGGTCAAGT-1,0,2,44,2182,8475
ATAAACCATTGGACGG-1,0,3,45,2434,8621
TCGGGCACTTCTGGAT-1,0,2,46,2181,8765
TCTGTGGCTACATTTC-1,0,3,47,2433,8911
CTCTGTGCCTGCTATG-1,0,2,48,2180,9056
CACGACTAAAGTTCTG-1,0,3,49,2432,9201
GAGGAGTAATTCCTAC-1,0,2,50,2180,9346
AGAGGTATCTCGGTCC-1,0,3,51,2432,9491
GGCGTACCCTATATAA-1,0,2,52,2179,9636
GCCGGAAACACATCTT-1,0,3,53,2431,9781
AAATGTGGGTGCTCCT-1,0,2,54,2179,9926
ACCAGGAGTGTGATCT-1,0,3,55,2431,10071
TGTGGAGGAAGCTTAA-1,0,2,56,2178,10216
AAGGAGAACTTATAAG-1,0,3,57,2430,10361
CCCTCGGGAGCCTTGT-1,0,2,58,2177,10506
ACTGTTTAGTGTAGGC-1,0,3,59,2429,10651
CGTCAGTTTATCGTCT-1,0,2,60,2177,10796
GCGTGTATGTCGTATT-1,0,3,61,2429,10941
ACAATCGATCTTTATA-1,0,2,62,2176,11086
CAGCCCTCACAGGCAG-1,0,3,63,2428,11231
CGCGTCATATTAAACC-1,0,2,64,2176,11376
GAAGACTTCAATGCCG-1,0,3,65,2428,11521
TTGCGGCGACTCATGC-1,0,2,66,2175,11666
ACCAAACTAGAAATCC-1,0,3,67,2427,11812
TTACTGTTTCTCTACG-1,0,2,68,2174,11956
GACCAGGTCATTCATA-1,0,3,69,2426,12102
TTCTTCCCTTTGATAT-1,0,2,70,2174,12246
ACGCCCAGCTGTCGAT-1,0,3,71,2426,12392
AGTAGCGTGAACGAAC-1,0,2,72,2173,12536
CCTCGACCCACTGCCT-1,0,3,73,2425,12682
AGTTATTGAAAGGTAA-1,0,2,74,2173,12826
TCAGTTACGGAATGAT-1,0,3,75,2425,12972
GAATCTATACTCGGAC-1,0,2,76,2172,13116
TCGGCTAACTTCCCTT-1,0,3,77,2424,13262
ACGTGGTCGAATGTGC-1,0,2,78,2171,13406
ATATCGTGCCAGACCC-1,0,3,79,2423,13552
GTAGCTAGTAAGCGCG-1,0,2,80,2171,13696
ACGCTTAGTGTCTCTC-1,0,3,81,2423,13842
TCCGGCCTGCATCGAT-1,0,2,82,2170,13986
TAGTGGAACTCATACA-1,0,3,83,2422,14132
ATCATCTGCCCAGTGT-1,0,2,84,2170,14276
GTTATTAAATACGACC-1,0,3,85,2422,14422
GCGCTAAGTATGCATG-1,0,2,86,2169,14566
CCTGACGCAACCTTTA-1,0,3,87,2421,14712
CCCAAGAATGCACGGT-1,0,2,88,2168,14856
AACTGGGTTCGAGCCG-1,0,3,89,2420,15002
GGTTCCACCCGCTTCT-1,0,2,90,2168,15147
CATGCACGTGTTACTG-1,0,3,91,2420,15292
AGCGTTCCGATTTAAA-1,0,2,92,2167,15437
CCTACGCGACCTTACA-1,0,3,93,2419,15582
CGAATTACATGGTGTT-1,0,2,94,2166,15727
GAGGTCTTAGTGGGTC-1,0,3,95,2419,15872
GCCGCTAGATACGCAG-1,0,2,96,2166,16017
GTCACCTGTCTATGTC-1,0,3,97,2418,16162
CCGATTGGTCAATGAA-1,0,2,98,2165,16307
CCTGTGCGGATTGTAA-1,0,3,99,2417,16452
TTACGTAGCGCGTGCT-1,0,2,100,2165,16597
GGAGGCGAAGAACCGC-1,0,3,101,2417,16742
GGGTCACGTGCTTATG-1,0,2,102,2164,16887
GCTCCGGACGTTGATA-1,0,3,103,2416,17032
ATGTTTGTAAGATCAT-1,0,2,104,2163,17177
TGACCCAGCATTCCCG-1,0,3,105,2415,17322
TGGTCGTTTGATAGAT-1,0,2,106,2163,17467
TGTAATGCCTTCGGAC-1,0,3,107,2415,17612
TGCTCACACAACAACC-1,0,2,108,2162,17757
TACGATCCAAGCCACT-1,0,3,109,2414,17903
TTGTAACTTCATAGCG-1,0,2,110,2162,18047
AGATTCAAGCGGGTCG-1,0,3,111,2414,18193
CTCAGCAGACTGCCGA-1,0,2,112,2161,18337
GTAACATCAGCTCATC-1,0,3,113,2413,18483
ATGGAACAGAATAAAC-1,0,2,114,2160,18627
GGGCCTATACAACCGG-1,0,3,115,2412,18773
TCAAACAATTAGGACA-1,0,2,116,2160,18917
AAACCACTACACAGAT-1,0,3,117,2412,19063
AAACGACAGTCTTGCC-1,0,2,118,2159,19207
TTGAGGGTCGAACGCG-1,0,3,119,2411,19353
TGTTGATCACTGTTTA-1,0,2,120,2159,19497
AGGGTGTGCTACACGC-1,0,3,121,2411,19643
GTAGTTAGACAATATA-1,0,2,122,2158,19787
AATGGCCGCCAATGCG-1,0,3,123,2410,19933
TCGGCGGTATTAGATT-1,0,2,124,2157,20077
GGGTCACTGAGTAGTG-1,0,3,125,2409,20223
GAATTATGCAACCTAC-1,0,2,126,2157,20367
GATCTTAGTGAACGTG-1,0,3,127,2409,20513
CTAATGCGCCCAACAA-1,0,4,0,2700,2095
GCCACCCATTCCACTT-1,0,5,1,2952,2241
TACTCACAACGTAGTA-1,0,4,2,2699,2385
GTTCGGTGTGGATTTA-1,0,5,3,2951,2531
TCTTTCGGCGGGACAC-1,0,4,4,2699,2676
GGAGACATTCACGGGC-1,0,5,5,2951,2821
GGGATTATCTCACAAC-1,0,4,6,2698,2966
TAGAACGCCAGTAACG-1,0,5,7,2950,3111
ACGAGTCGCCGGCGTT-1,0,4,8,2697,3256
TGATGGGACTAAGTCA-1,0,5,9,2949,3401
TGCGAGAAACGTTACG-1,0,4,10,2697,3546
TCGCCTCGACCTGTTG-1,0,5,11,2949,3691
AACTCGATAAACACGT-1,0,4,12,2696,3836
AGGAAAGCCTCTGATG-1,0,5,13,2948,3981
GAAGGACTAAATTGAA-1,0,4,14,2695,4126
GTATCGGGACGAGCTG-1,0,5,15,2948,4271
CCTGTGCATAGGAGAC-1,0,4,16,2695,4416
CATACGGGTGCATGAT-1,0,5,17,2947,4561
CCACTAAACTGAATCG-1,0,4,18,2694,4706
AAATTGCGGCGGTTCT-1,0,5,19,2946,4851
AGTCCAGCGGGTACGT-1,0,4,20,2694,4996
CATTCAGGTCAGTGCG-1,0,5,21,2946,5141
CTAAAGTCCGAAGCTA-1,0,4,22,2693,5286
AATCAGACTGCAGGAC-1,0,5,23,2945,5432
AGTATCCATAATAACG-1,0,4,24,2692,5576
CTGGCTGCTAACGTAA-1,0,5,25,2944,5722
GTTCCAAGACAGCGAC-1,0,4,26,2692,5866
AAGACTAACCCGTTGT-1,0,5,27,2944,6012
GATTAATCCTGGCTCA-1,0,4,28,2691,6156
CGCGCAAGGAACTACA-1,0,5,29,2943,6302
CAGTAGCGAGGTAGTA-1,0,4,30,2691,6446
ACGGCGGGTTGCCCTG-1,0,5,31,2943,6592
CTAGGCGGCAGAGAAT-1,0,4,32,2690,6736
GTGCGCAGCTTGCTCC-1,0,5,33,2942,6882
TCACTATCGTGCAATC-1,0,4,34,2689,7026
TATGATTCTGCTTGGT-1,0,5,35,2941,7172
TAAGATTTAGCGGGAG-1,0,4,36,2689,7316
TTACGGTGTCACCGAG-1,0,5,37,2941,7462
CTACACTAGCTTGTTC-1,0,4,38,2688,7606
TGAGCAGTCGTGAAGT-1,0,5,39,2940,7752
CGCTGAGGACGTCCAA-1,0,4,40,2688,7896
GTGTATGACTTTAAAG-1,0,5,41,2940,8042
CTAAACGGGTGTAATC-1,0,4,42,2687,8186
TGTACTGTGCCAAAGT-1,0,5,43,2939,8332
GGCCACAAGCGATGGC-1,0,4,44,2686,8476
GTCAATTGTACTGAAG-1,0,5,45,2938,8622
AGGGACAGCACGGCGG-1,0,4,46,2686,8767
AGCTTATAGAGACCTG-1,0,5,47,2938,8912
AACTAGCGTATCGCAC-1,0,4,48,2685,9057
AACTTTAGCTGCTGAG-1,0,5,49,2937,9202
CCCAAGACAGAGTATG-1,0,4,50,2685,9347
GGCATCAACGAGCACG-1,0,5,51,2937,9492
ATGCATTCCGTGATGG-1,0,4,52,2684,9637
TTATAGATGCACATTA-1,0,5,53,2936,9782
GAACCATCTGGGAGAC-1,0,4,54,2683,9927
TGCTATACAAACGGAC-1,0,5,55,2935,10072
ACTTGCCATATTGTAC-1,0,4,56,2683,10217
TATTCCGGCAGTCCTA-1,0,5,57,2935,10362
GACGGACCGCGTTCCT-1,0,4,58,2682,10507
ATGTGTAGTTTAGTCA-1,0,5,59,2934,10652
ATACCAGCAAATTGCT-1,0,4,60,2681,10797
AAGTTTACTAATGGCA-1,0,5,61,2934,10942
CTCTCGATGTGCGCCT-1,0,4,62,2681,11087
GATTGACACTCTGCTC-1,0,5,63,2933,11232
TATCACAGCACGGGCA-1,0,4,64,2680,11377
ACCGTTCCCGCTCTGA-1,0,5,65,2932,11523
CCGCCACCACAATCCA-1,0,4,66,2680,11667
CATTCACTGACAGCTA-1,0,5,67,2932,11813
CGGCTGCAAGATTAAG-1,0,4,68,2679,11957
CATGAACCTCTTATCA-1,0,5,69,2931,12103
TTAATGCGAGGTAACT-1,0,4,70,2678,12247
AATAAGTCCTCGAGAC-1,0,5,71,2930,12393
ACCAGCCCGGTCTTTG-1,0,4,72,2678,12537
CTACGAACTAGGTCGA-1,0,5,73,2930,12683
ACATCTCAACGCGTAA-1,0,4,74,2677,12827
CACTACTCAGTTCTGT-1,0,5,75,2929,12973
CCGACTCGCATAGTCT-1,0,4,76,2677,13117
CATTTATCGTTCAAGA-1,0,5,77,2929,13263
CAAACGTGGTCTTGCG-1,0,4,78,2676,13407
TAGAAACCACTAAGTA-1,0,5,79,2928,13553
ACTGATTTAGTGATTC-1,0,4,80,2675,13697
TCGTATTTCGTCCGGA-1,0,5,81,2927,13843
CGGAAATTTCACATCC-1,0,4,82,2675,13987
ATCCACGCTAAATGTT-1,0,5,83,2927,14133
GTTCAATCTATGTCAA-1,0,4,84,2674,14277
ATAAAGGTCAAGTACG-1,0,5,85,2926,14423
CAACTCCAACGTTTAG-1,0,4,86,2674,14568
TAGGAACAGCCTCCAG-1,0,5,87,2926,14713
ATGGGAACGGAAGCGG-1,0,4,88,2673,14858
CACACGTTTCAATGGG-1,0,5,89,2925,15003
GGTGTTCTGTTTCTAC-1,0,4,90,2672,15148
AGTAACGTTCATCCTG-1,0,5,91,2924,15293
GTATAGTGGCCCATGT-1,0,4,92,2672,15438
TCTACACGTTCATGCA-1,0,5,93,2924,15583
AATCTGGGTAGACCCT-1,0,4,94,2671,15728
TCGGTTAGCCATGTAG-1,0,5,95,2923,15873
TGCCATGGCTTATAAG-1,0,4,96,2671,16018
TAAGTAAATGTGCCGC-1,0,5,97,2923,16163
GTGTCCGATAAGGCAT-1,0,4,98,2670,16308
TGGCACGAGCTCGAGT-1,0,5,99,2922,16453
ACCGGTCTGAGTACGG-1,0,4,100,2669,16598
GAACTTAGCGCCCGGT-1,0,5,101,2921,16743
AGTAGCTAGACGCCGA-1,0,4,102,2669,16888
ATAGGAATCTAAGCTT-1,0,5,103,2921,17033
CTTCCTGCATATTTAC-1,0,4,104,2668,17178
CAATATGTAGATTTAC-1,0,5,105,2920,17324
ACAAGGCCTACCAGCC-1,0,4,106,2667,17468
TTATAGTCCAAGGTGC-1,0,5,107,2920,17614
AAACGCCCGAGATCGG-1,0,4,108,2667,17758
CCTCGTTACGCCTGTT-1,0,5,109,2919,17904
GAACGGTGTAAAGCAG-1,0,4,110,2666,18048
ACGCATAAATGACATG-1,0,5,111,2918,18194
GGTTCGATGCTGAGTT-1,0,4,112,2666,18338
CTTTGGCAGACAGAGT-1,0,5,113,2918,18484
TTCGTGGGCTGGAAGC-1,0,4,114,2665,18628
CAAAGGTTAAATTCAG-1,0,5,115,2917,18774
GTTTGGCGTCAGGCAC-1,0,4,116,2664,18918
GCTTTCTATCTCAACT-1,0,5,117,2916,19064
TGCATCTCCGGATCTT-1,0,4,118,2664,19208
CTGAAACGGCCCTCAG-1,0,5,119,2916,19354
TAGCAGTAAATACGCG-1,0,4,120,2663,19498
CGGGCTACTTAAATTG-1,0,5,121,2915,19644
ATTATGCTCAGTATTG-1,0,4,122,2663,19788
TGATGCTCACGTAGTC-1,0,5,123,2915,19934
GTCTAAGATGCCCAGC-1,0,4,124,2662,20078
AACCCGATAGGGCTTC-1,0,5,125,2914,20224
CGCTATCGTGGCTTTA-1,0,4,126,2661,20368
CGTCTCTCGCCGAGGC-1,0,5,127,2913,20514
AGTGGGAGTATACACG-1,0,6,0,3204,2096
GGTCTTGGTGTTAACT-1,0,7,1,3456,2242
GGCTGGCAGCTTTATG-1,0,6,2,3204,2387
CGCCAATTATTGCGTT-1,0,7,3,3456,2532
GGTAACCGGCAAAGGT-1,0,6,4,3203,2677
TGGGACCATTGGGAGT-1,0,7,5,3455,2822
CTGCAGGTGCTCGGCC-1,0,6,6,3203,2967
CCGGTGCGAGTGATAG-1,0,7,7,3455,3112
GGGTACACTCTGGAGG-1,0,6,8,3202,3257
TAGCCAGAGGGTCCGG-1,0,7,9,3454,3402
CTTGTGAGGACAGCGG-1,0,6,10,3201,3547
GAAGGGCATAACCATG-1,0,7,11,3453,3692
CAACATGGCCTGATAA-1,0,6,12,3201,3837
CAATTTGACCGGGAAG-1,0,7,13,3453,3982
TCTGACTGTAATGGTT-1,0,6,14,3200,4127
TTCATAGCCTTGTAAC-1,0,7,15,3452,4272
TGGAAACGGAGTGAAC-1,0,6,16,3200,4417
ATCGCACGATTGTTCA-1,0,7,17,3452,4562
CGCCACCCGCATTAAC-1,0,6,18,3199,4707
TGGACCACGGCGTTGA-1,0,7,19,3451,4852
GTATATGTTACGGCGG-1,0,6,20,3198,4997
GTATTCTTACCGTGCT-1,0,7,21,3450,5143
TTCAGAGTAACCTGAC-1,0,6,22,3198,5287
GCGGTAACCCAAATGA-1,0,7,23,3450,5433
CTACGTGTTGCCACCA-1,0,6,24,3197,5577
CTAGATAAACTCCTCG-1,0,7,25,3449,5723
TCCATTAGTTGGATAG-1,0,6,26,3197,5867
CTGGCTCCTGCGGGAT-1,0,7,27,3449,6013
CAGTCTCTCGGCTAAT-1,0,6,28,3196,6157
GTATGACGTGGGAAAC-1,0,7,29,3448,6303
AGTCACTCCGCCTCAT-1,0,6,30,3195,6447
GCAGCGGTGGGCATTA-1,0,7,31,3447,6593
TATGGAGTTTCTCGTT-1,0,6,32,3195,6737
ACTCAACGAATGTATT-1,0,7,33,3447,6883
AACACGCGGCCGCGAA-1,0,6,34,3194,7027
CGATATTAGCCGCAGG-1,0,7,35,3446,7173
AGCGTCTGAACCCGCA-1,0,6,36,3193,7317
GATGTCCGGATCACAT-1,0,7,37,3446,7463
GGTCACGTTAGATTCA-1,0,6,38,3193,7607
TTAAGGATACGGAGGT-1,0,7,39,3445,7753
GTGCGGGACCATCGGC-1,0,6,40,3192,7897
CCATCTTGTTCACAAT-1,0,7,41,3444,8043
TCCGAGAAGGCTAAGC-1,0,6,42,3192,8187
TGGCGGTGTGCGATTG-1,0,7,43,3444,8333
ATCCTGCTGCAGATAG-1,0,6,44,3191,8478
TTATGCGTCCCGGTCC-1,0,7,45,3443,8623
CATAATGAGCGGGCGA-1,0,6,46,3190,8768
AGACATAGATCCTTCC-1,0,7,47,3442,8913
GGTGAAACCGGGAATG-1,0,6,48,3190,9058
AACTGGTGTGGGCCTT-1,0,7,49,3442,9203
GTAGCGCTGTTGTAGT-1,0,6,50,3189,9348
TTGTTTGTGTAAATTC-1,0,7,51,3441,9493
GGATCAAAGGACGAGG-1,0,6,52,3189,9638
CGTAGCGCCGACGTTG-1,0,7,53,3441,9783
CAAGTGAACTTTGGTT-1,0,6,54,3188,9928
GTAGACAACCGATGAA-1,0,7,55,3440,10073
CAATGGTCGGCCTGGG-1,0,6,56,3187,10218
ACAGATTAGGTTAGTG-1,0,7,57,3439,10363
GTTATCACCTTCTGAA-1,0,6,58,3187,10508
TGGTATCGGTCTGTAT-1,0,7,59,3439,10653
GGAATAACCTCAAGAA-1,0,6,60,3186,10798
ATTATCTCGACAGATC-1,0,7,61,3438,10943
CCGAGGGATGTTAGGC-1,0,6,62,3186,11088
TGAGATCAAATACTCA-1,0,7,63,3438,11234
AAACGAAGAACATACC-1,0,6,64,3185,11378
CTGGTCCTAACTTGGC-1,0,7,65,3437,11524
TGCACGAGTCGGCAGC-1,0,6,66,3184,11668
ATAGTCTTTGACGTGC-1,1,7,67,3436,11814
TGGAGCTAAAGTTCCC-1,0,6,68,3184,11958
GGGTGGTCCAGCCTGT-1,1,7,69,3436,12104
CATGCATGGAGACCCT-1,0,6,70,3183,12248
ACACGGCACTATGCAT-1,1,7,71,3435,12394
CCCTGGTATGGGCGGC-1,0,6,72,3183,12538
GGAGGATTGAAAGGAG-1,1,7,73,3435,12684
CCGCTGGTGCCATTCA-1,0,6,74,3182,12828
GTTAGAGTGTGCCGCT-1,1,7,75,3434,12974
TCGGAATGACCATCAA-1,0,6,76,3181,13118
TTCAATTAGCCATAAT-1,0,7,77,3433,13264
GATGTGTTGTCACAAG-1,0,6,78,3181,13408
TCTTTCTCTTAAGGAG-1,0,7,79,3433,13554
ACCCTTTAGTTCTCCA-1,0,6,80,3180,13698
ACCACAACTCAGAACA-1,0,7,81,3432,13844
TATGATAAATCTAACG-1,0,6,82,3179,13988
GATCCTCTTGCGCTTA-1,0,7,83,3432,14134
TTCTACCTTTATGTTG-1,0,6,84,3179,14279
GAAATACCTGCTGGCT-1,0,7,85,3431,14424
ATTCTGAGTATGAACT-1,0,6,86,3178,14569
GGATTAAGCTAAGGTC-1,0,7,87,3430,14714
AGTACGTGGCCTGTCT-1,0,6,88,3178,14859
TCAGGGTGCACGAAAC-1,0,7,89,3430,15004
AAATTTACCGAAATCC-1,0,6,90,3177,15149
TTGAGGCATTTAACTC-1,0,7,91,3429,15294
AACCAGTATCACTCTT-1,0,6,92,3176,15439
CACCGGAGATATCTCC-1,0,7,93,3428,15584
GACTGGGCGCCGCAAC-1,0,6,94,3176,15729
CACGTCTATGATGTGG-1,0,7,95,3428,15874
TTAAGACGAACGAACC-1,0,6,96,3175,16019
TGACCAGCTTCAAAGT-1,0,7,97,3427,16164
AGAGTTAGAGACCGAT-1,0,6,98,3175,16309
TTCGGACTGATGCCTT-1,0,7,99,3427,16454
CTCGAATGGAACGTAT-1,0,6,100,3174,16599
GGACGGCTTGCGCAAC-1,0,7,101,3426,16744
CTAAGTACAGGGCTAC-1,0,6,102,3173,16889
ACAAATTCAGATCTGA-1,0,7,103,3425,17035
CATGGAAATGGGACCA-1,0,6,104,3173,17179
GGTGGACCACGTGTTA-1,0,7,105,3425,17325
CACGACGTAATAGTAA-1,0,6,106,3172,17469
CGGGTTCGGCACGTAT-1,0,7,107,3424,17615
CTGGGCTATCCTTTGG-1,0,6,108,3172,17759
GTATTAGGGTTCGCGT-1,0,7,109,3424,17905
TCATTCGTATAATTTG-1,0,6,110,3171,18049
AATAGCAAGCCTCCTG-1,0,7,111,3423,18195
CATCTACCCGAGAACG-1,0,6,112,3170,18339
GCTTCAGTGGGATTAC-1,0,7,113,3422,18485
TCTGTGATGGAGGTTG-1,0,6,114,3170,18629
ATCCACTTTCAGACTA-1,0,7,115,3422,18775
ATGGTTACGAAACATG-1,0,6,116,3169,18919
GGCCCAATCTAGAGGG-1,0,7,117,3421,19065
GATGGTGAAATAACCC-1,0,6,118,3169,19209
AGAGGGACAATTGTCC-1,0,7,119,3421,19355
CGCGTACATTCTGGAA-1,0,6,120,3168,19499
CAAGAAACCCTAAACT-1,0,7,121,3420,19645
TTGGTGCGGTGTTGAA-1,0,6,122,3167,19789
GGTTCCCTAGTGTCTC-1,0,7,123,3419,19935
CGATAACCAATTTGAG-1,0,6,124,3167,20079
GCCCACTGGTCCACAA-1,0,7,125,3419,20225
GAGGGCCGGCAGAGTC-1,0,6,126,3166,20370
CGACACGGATGCCCAC-1,0,7,127,3418,20515
CTGTCTGTGGCTGGCT-1,0,8,0,3709,2098
ATATTATCCCGTATTT-1,0,9,1,3961,2243
GCGCTGGCGGAAAGTC-1,0,8,2,3709,2388
ATCTAACGTCCCTATG-1,0,9,3,3961,2533
GTCAGACAGCGTTGGA-1,0,8,4,3708,2678
GCCAGGCTTAGTGGTA-1,0,9,5,3960,2823
ATTCAAAGTACCTGTT-1,0,8,6,3707,2968
TGGACGTAGGCGAATC-1,0,9,7,3959,3113
ACACATTGACGCAACA-1,0,8,8,3707,3258
GATATCAGTATGTATC-1,0,9,9,3959,3403
TGGGCCTTGCCTGCAT-1,0,8,10,3706,3548
CAAAGTCAGGTTAGCT-1,0,9,11,3958,3693
GGATCCCTACCAGCTA-1,0,8,12,3705,3838
ATCGTCCAATCGAGTC-1,0,9,13,3957,3983
ACATGGCTCAATTTAG-1,0,8,14,3705,4128
AGGCCCAGTGACTGGT-1,0,9,15,3957,4273
GCTTCCAGCTTAGATT-1,0,8,16,3704,4418
TGCTTGAAACCATGCA-1,0,9,17,3956,4563
CAATATTGGACTAGTG-1,0,8,18,3704,4708
CGTGCTGGCCTAGTCG-1,0,9,19,3956,4854
CCTGCGATAGAACTGT-1,0,8,20,3703,4998
GGGTAATGCTGTGTTT-1,0,9,21,3955,5144
AACGCGAACGGCAACA-1,0,8,22,3702,5288
TGTCGGCATGGTGGAA-1,0,9,23,3954,5434
AGCGTACGAGAGCTAG-1,0,8,24,3702,5578
ATACTCTCGCCACTCT-1,0,9,25,3954,5724
AATCCATGCAAGGGTG-1,0,8,26,3701,5868
TTAAACAGAGTCCCGC-1,0,9,27,3953,6014
CCACAGCTGAAATCAT-1,0,8,28,3701,6158
CGGTTCCGGCTTCTTG-1,0,9,29,3953,6304
GACGTGAGACTCCATG-1,0,8,30,3700,6448
TCGTTGGCTCGTCAAT-1,0,9,31,3952,6594
GGTGAACGGGCTAGCC-1,0,8,32,3699,6738
GCACTGTGCAAATGTA-1,0,9,33,3951,6884
ACGAGAACCCATCACG-1,0,8,34,3699,7028
CCAGCTACGCCTCATA-1,0,9,35,3951,7174
TCCCGGTCAGGAATTT-1,0,8,36,3698,7318
TCGCATTCAATGACTT-1,0,9,37,3950,7464
CTGGTTCAACGCATCA-1,0,8,38,3698,7608
GGTGATTTCATCTTGT-1,0,9,39,3950,7754
CACCCTTTCCTCGCTC-1,0,8,40,3697,7899
CAACTTGTAGTGGGCA-1,0,9,41,3949,8044
AATATCAAGGTCGGAT-1,0,8,42,3696,8189
ACTCAGACCTGCTTCT-1,0,9,43,3948,8334
TTGGAGTCTCCCTTCT-1,0,8,44,3696,8479
GGATACTCATGAATTG-1,0,9,45,3948,8624
TGGGCACAAACAGAAC-1,0,8,46,3695,8769
GAGCCACGGTAGTAGG-1,0,9,47,3947,8914
TCGATAGGCTAGTCGC-1,0,8,48,3695,9059
TAACCGCCCGCAGTGC-1,0,9,49,3947,9204
GCCTATTTGCTACACA-1,0,8,50,3694,9349
TTGACGATTCAGCACG-1,0,9,51,3946,9494
TTAAACCGGTAGCGAC-1,0,8,52,3693,9639
ACCGAAAGGGCCCTGC-1,0,9,53,3945,9784
ACGTTCCGCGCTCCGT-1,0,8,54,3693,9929
ATACCAGGCTAATAGA-1,0,9,55,3945,10074
CGGCTTTGTATGATAA-1,0,8,56,3692,10219
CTTGACCCGAAAGATA-1,0,9,57,3944,10364
CGCAGAAACATTTGCG-1,0,8,58,3691,10509
GACCCGTCGCCGGCTA-1,0,9,59,3944,10654
AATCGGGACACTACGA-1,0,8,60,3691,10799
GTCACAAAGTTTCCAA-1,0,9,61,3943,10945
TATATTCGCGTCGATA-1,0,8,62,3690,11089
CCTCCCGACAATCCCT-1,1,9,63,3942,11235
CGACATGCGATCTTCT-1,1,8,64,3690,11379
AACACGACTGTACTGA-1,1,9,65,3942,11525
CCCAACCACACTAACA-1,1,8,66,3689,11669
CACCGCCGACCAGCGA-1,1,9,67,3941,11815
TGGTATCGCATCCCAA-1,1,8,68,3688,11959
CAGAGTGATTTAACGT-1,1,9,69,3940,12105
AACCCTGGTGGAACCA-1,1,8,70,3688,12249
GTCAGTTGTGCTCGTT-1,1,9,71,3940,12395
ATTGACGTAACTCGGT-1,1,8,72,3687,12539
GATGTCGGTCAACTGC-1,1,9,73,3939,12685
AGGGCAGCGGCGTGGT-1,1,8,74,3687,12829
ACATCGTTAACCTAGT-1,1,9,75,3939,12975
TCCATTGTGACCTCGT-1,1,8,76,3686,13119
TGTTTAATACTTCATC-1,1,9,77,3938,13265
TTGCTGGCCGGGCTTC-1,1,8,78,3685,13409
CATATTATTTGCCCTA-1,1,9,79,3937,13555
CTGCCTAGCCACCAAG-1,1,8,80,3685,13699
ACGAGATATTTGCTTA-1,0,9,81,3937,13845
GACTACAATTGCTCGT-1,0,8,82,3684,13990
AACGTGATGAAGGACA-1,0,9,83,3936,14135
ACTCTCTTATACACGA-1,0,8,84,3684,14280
CGCATCATGGCTTCAG-1,0,9,85,3936,14425
CGGCTCTTCGTCGAAC-1,0,8,86,3683,14570
ATTCTTCGTACTTATG-1,0,9,87,3935,14715
AGTGAGGGTTTCTGAC-1,0,8,88,3682,14860
GCCAGGCGTTCGCATG-1,0,9,89,3934,15005
GACTAACACAGCACCT-1,0,8,90,3682,15150
CAATGGAATCTACATA-1,0,9,91,3934,15295
GTGGTCAGCGAAGTAT-1,0,8,92,3681,15440
ATGGCTGGAAATGGCC-1,0,9,93,3933,15585
ATCAGGTCGCCATTGC-1,0,8,94,3681,15730
TATCACCATGTAAAGT-1,0,9,95,3933,15875
AGCGCTTATGGGCAAG-1,0,8,96,3680,16020
AAGCGGCGTCATGGGT-1,0,9,97,3932,16165
ACTAATACGTCAGGCG-1,0,8,98,3679,16310
GGCTGAGCATCGTAAG-1,0,9,99,3931,16455
CGGTTGGGTTCAAGTT-1,0,8,100,3679,16600
GACTGATTGGTCACAA-1,0,9,101,3931,16746
AGACGGGCCGATTTAA-1,0,8,102,3678,16890
ACCAGTGCCCGGTCAA-1,0,9,103,3930,17036
GTCCTTTAATGACTTC-1,0,8,104,3677,17180
CCTACAAGTCCGGAAT-1,0,9,105,3930,17326
GCCTGCTACACTGAGA-1,0,8,106,3677,17470
GACTCGGTCGGCGGAT-1,0,9,107,3929,17616
CTAGACATATATGTAG-1,0,8,108,3676,17760
TCGCCCAACTGACTCC-1,0,9,109,3928,17906
AAACTAACGTGGCGAC-1,0,8,110,3676,18050
AACTGAGGTCAGCGTC-1,0,9,111,3928,18196
ACAATGATTCTTCTAC-1,0,8,112,3675,18340
ATAAGTACCCGATTGT-1,0,9,113,3927,18486
ATTGGGAGTTCTGTAA-1,0,8,114,3674,18630
CGAACATAGTCAGAAA-1,0,9,115,3926,18776
TAGCTCAGATCCTAGT-1,0,8,116,3674,18920
GTGTCGTATTCACCTT-1,0,9,117,3926,19066
CTCACCGATCCAAACT-1,0,8,118,3673,19210
ATATGTGCACAAACCA-1,0,9,119,3925,19356
CAGTCCAACGCCTTCT-1,0,8,120,3673,19500
TCGTCCGGGTACACTC-1,0,9,121,3925,19646
GCAGAAACGTAATCCA-1,0,8,122,3672,19791
TTCGAGCCGGCGCTAC-1,0,9,123,3924,19936
GGAAGATAAGACTGTA-1,0,8,124,3671,20081
ATAAGCAAACACCGAG-1,0,9,125,3923,20226
GCATAAATTGAACGCC-1,0,8,126,3671,20371
CGCCGGTGTCGCAGTA-1,0,9,127,3923,20516
GACCTGGTCTGGGCGT-1,0,10,0,4214,2099
AGCCGCTTGATTAGCG-1,0,11,1,4466,2244
CCCGGCTAGGTGAGAA-1,0,10,2,4213,2389
CGAGCCGAGCACTCGA-1,0,11,3,4465,2534
TAGTGCTTGAATCCTT-1,0,10,4,4213,2679
CAACCGCACCTAGACA-1,0,11,5,4465,2824
ACCACTGTTCAAGAAG-1,0,10,6,4212,2969
AGATGCTATAACGAGC-1,0,11,7,4464,3114
AATTACTCGTACGCTC-1,0,10,8,4211,3259
CGTCAATCTTTAACAT-1,0,11,9,4463,3404
CCAAAGCAGTTGGTTG-1,0,10,10,4211,3549
CCATATTGGATCATGA-1,0,11,11,4463,3694
CGTACCGAAAGTCTAG-1,0,10,12,4210,3839
CTCGAGATCCAAAGCA-1,0,11,13,4462,3984
TGGATAGAGTAACAGA-1,0,10,14,4210,4129
TCACAGATCCTCAAAC-1,0,11,15,4462,4274
AGAGCTACGAAAGCAT-1,0,10,16,4209,4419
TGCGTGATTGGGTGTC-1,0,11,17,4461,4565
CACATGTTTGGACATG-1,0,10,18,4208,4709
TTCGCATCCGGAAGCA-1,0,11,19,4460,4855
CCCTAGTGTCAGGTGT-1,0,10,20,4208,4999
TTACCGCCTTAGGGAA-1,0,11,21,4460,5145
CCAGTCCATTATTCGA-1,0,10,22,4207,5289
CGTAAACGCTTGAGTG-1,0,11,23,4459,5435
ATTCCTTCCAGGCGGT-1,0,10,24,4206,5579
TTCCTTTCTGTGTTGC-1,0,11,25,4459,5725
AGTTGACATCGGCTGG-1,0,10,26,4206,5869
AACTCGATGGCGCAGT-1,0,11,27,4458,6015
GATAAGGCAGATGCAA-1,0,10,28,4205,6159
GGCTGGCTAGCTTAAA-1,0,11,29,4457,6305
CCTCATGCAGCTACGA-1,0,10,30,4205,6449
GACGCCTGTTGCAGGG-1,0,11,31,4457,6595
TAATTAGATGGATATG-1,0,10,32,4204,6739
GAGGGCATCGCGTATC-1,0,11,33,4456,6885
CTTGTGAGTCTTTGAC-1,0,10,34,4203,7029
TCAACACATTGGGTAA-1,0,11,35,4455,7175
ACTGTATACGCGAGCA-1,0,10,36,4203,7319
GTGAAACGTGCTCCAC-1,0,11,37,4455,7465
CGAGTGCTATAGTTCG-1,0,10,38,4202,7610
GTACTGCATGAAGCGT-1,0,11,39,4454,7755
GTAACTTGCGGCAGTC-1,0,10,40,4202,7900
GAATCGCCGGACACGG-1,0,11,41,4454,8045
GGGAGTAATGGCTGGC-1,0,10,42,4201,8190
CATGAACCGACATTTG-1,0,11,43,4453,8335
TCTGTCATACAAGAGC-1,0,10,44,4200,8480
GTCGTCAATTATAAGG-1,0,11,45,4452,8625
TAAAGAGCCCGAAACC-1,0,10,46,4200,8770
GTACTGAGGTCGTAAC-1,0,11,47,4452,8915
AAAGACCCAAGTCGCG-1,0,10,48,4199,9060
CGTCAGTGCGCACAAG-1,0,11,49,4451,9205
TGTATCCTTATTCCAT-1,0,10,50,4199,9350
ATTCTCGTCTCTTTAG-1,0,11,51,4451,9495
AAAGTCACTGATGTAA-1,0,10,52,4198,9640
TGTCTACAGTTTCTGT-1,0,11,53,4450,9785
TTAACGTCGCAAGACC-1,0,10,54,4197,9930
CTATGTCTATTGAAAC-1,0,11,55,4449,10075
TCGGGTGAAACTGCTA-1,0,10,56,4197,10220
TGTCCCGACATAGCAC-1,0,11,57,4449,10366
ACAGCATAGAGCCAGT-1,0,10,58,4196,10510
ATATTCCCACAGGTCA-1,0,11,59,4448,10656
TTGGATCGACTTCTGG-1,0,10,60,4196,10800
CACCATCGGAGGAGAC-1,1,11,61,4448,10946
TCGTTCGTTATTATGT-1,1,10,62,4195,11090
CTTAACTTCGAAGTAC-1,1,11,63,4447,11236
GCACAAGTGTCGGAAG-1,1,10,64,4194,11380
TACCAGCTAGGTTTAA-1,1,11,65,4446,11526
ACGTACAGATTTCTCT-1,1,10,66,4194,11670
AATTTGGTTCCAAAGA-1,1,11,67,4446,11816
GTAAGGATTTGTCGGA-1,1,10,68,4193,11960
CATCATCTACCCGGAC-1,1,11,69,4445,12106
ACGATGGATCCGATGC-1,1,10,70,4193,12250
CACTCAGCTCTTGAGG-1,1,11,71,4445,12396
TAGATCCGAAGTCGCA-1,1,10,72,4192,12540
TGAAACTTATGCAAGC-1,1,11,73,4444,12686
GCGATTCTGGAAGCAG-1,1,10,74,4191,12830
CAAACTATTGAGCTTC-1,1,11,75,4443,12976
TAGAATTAAGGGCAAC-1,1,10,76,4191,13120
CGAAACATAGATGGCA-1,1,11,77,4443,13266
GATGGTGCCCTAGGCA-1,1,10,78,4190,13410
CCCGCAGGGCCCAAAG-1,1,11,79,4442,13556
ACAGCGCACCCGCAGC-1,1,10,80,4189,13701
GGTAAATGTGCGTTAC-1,1,11,81,4441,13846
GTCCTTCTAGTGGGTT-1,1,10,82,4189,13991
GGAAGCTCGCTTACAG-1,1,11,83,4441,14136
CACCGATACACCGAGC-1,1,10,84,4188,14281
CAGCCGGGCCCTCTAT-1,1,11,85,4440,14426
CGGAGCTTATAACACC-1,0,10,86,4188,14571
ATTACAACTACCGGCC-1,0,11,87,4440,14716
TCCTCTGGCCCATTAG-1,0,10,88,4187,14861
CGGCACCGTTAGCGCC-1,0,11,89,4439,15006
TCGGTCCCTGACTCCA-1,0,10,90,4186,15151
TGGTTGGAGGATCCTG-1,0,11,91,4438,15296
CTGCGGTAGTCACGTG-1,0,10,92,4186,15441
GTGCCTCAGTGTACGG-1,0,11,93,4438,15586
ATCGTTCACTTTCGCC-1,0,10,94,4185,15731
ACTTACCGGGCGCGCA-1,0,11,95,4437,15876
CTAGACTGCATTTCGT-1,0,10,96,4185,16021
TTGCCGGTGATCCCTC-1,0,11,97,4437,16166
CTGTCACGCCAGGCGC-1,0,10,98,4184,16311
CGGTATAGGTATTAGC-1,0,11,99,4436,16457
CCAACGCTTGCCAGGG-1,0,10,100,4183,16601
CGTTGAGTAATTGCGT-1,0,11,101,4435,16747
TGTATTTACCTAATGC-1,0,10,102,4183,16891
TAAATGCCGTCTCATG-1,0,11,103,4435,17037
CGGTTTATGAAGGAAC-1,0,10,104,4182,17181
GCAAGATGTGTTCGCG-1,0,11,105,4434,17327
AAAGGTAAGCTGTACC-1,0,10,106,4182,17471
GTACGTCACGTATTAA-1,0,11,107,4434,17617
AGTACCTTCGAGTGCT-1,0,10,108,4181,17761
ATTGTGACTTCGCTGC-1,0,11,109,4433,17907
TGTATCAGACTGAAGC-1,0,10,110,4180,18051
GAGACCCTGCAACGCC-1,0,11,111,4432,18197
TGGGTGGGATGTCATT-1,0,10,112,4180,18341
GGCTAATGATTGAAAT-1,0,11,113,4432,18487
ATAACGTTACCTCCAC-1,0,10,114,4179,18631
TGCGAGATGGCGGCCA-1,0,11,115,4431,18777
CACACTTGTATTGCGA-1,0,10,116,4179,18921
GCTGGTGACTCGTAGT-1,0,11,117,4431,19067
CGACACCGCTTAAGGA-1,0,10,118,4178,19211
GTAACAACTGACCTTG-1,0,11,119,4430,19357
CAACTGAGGGTATGAC-1,0,10,120,4177,19502
CTAATTATGAAGCGTA-1,0,11,121,4429,19647
CCGATCTTAAGAGGCT-1,0,10,122,4177,19792
CGACTCGGTACACGGT-1,0,11,123,4429,19937
TGCTGCGTCAGAGTTA-1,0,10,124,4176,20082
AGAGTTGCAGGCCTCC-1,0,11,125,4428,20227
ACTGGCGAACCTGCGT-1,0,10,126,4175,20372
ACTAAGGACGCACACC-1,0,11,127,4428,20517
CGTCCAGATGGCTCCA-1,0,12,0,4718,2100
ACTATCGCCGGCTAAA-1,0,13,1,4971,2245
GATAGCGTACCACGCG-1,0,12,2,4718,2390
AGGACTTATAGGAGAA-1,0,13,3,4970,2535
TAGTCGGGATTCTTCG-1,0,12,4,4717,2680
ACCATTAAGGGTGTCA-1,0,13,5,4969,2825
TTAATGTGTTTGCAGG-1,0,12,6,4717,2970
TCCGCAGCCACCTAGC-1,0,13,7,4969,3115
GAGGAGATCCTCATGC-1,0,12,8,4716,3260
GGTCCTTCATACGACT-1,0,13,9,4968,3405
CCCTGTTGGCAAAGAC-1,0,12,10,4715,3550
GTGCCTAGCTATGCTT-1,0,13,11,4967,3695
GTCATCTCCTACAGCT-1,0,12,12,4715,3840
GCGAGAAACGGGAGTT-1,0,13,13,4967,3985
CGTCGCGGCGGGATTT-1,0,12,14,4714,4130
CATTGTGTGCTAGATC-1,0,13,15,4966,4276
CGCGGCAGTATTACGG-1,0,12,16,4714,4420
GAAATGGGATGTAAAC-1,0,13,17,4966,4566
CATTCCCTAAGTACAA-1,0,12,18,4713,4710
AGTTCTGCGTTGTATC-1,0,13,19,4965,4856
ACCCTATAGGACTGAG-1,0,12,20,4712,5000
TTAGATAGGTCGATAC-1,0,13,21,4964,5146
ATTGATAGCAACGAGA-1,0,12,22,4712,5290
TCTCGGCTCCAGGACT-1,0,13,23,4964,5436
CTTGAGGTTATCCCGA-1,0,12,24,4711,5580
AAGAAGGATCAGTTAG-1,0,13,25,4963,5726
GTACGACGGCGCTGCG-1,0,12,26,4711,5870
CTTATGTTGACTACCA-1,0,13,27,4963,6016
CGGCACTCAAGAAAGT-1,0,12,28,4710,6160
GTCAAAGTTTACATAG-1,0,13,29,4962,6306
CTCCTAAGTTATGTCT-1,0,12,30,4709,6450
ACTGTGCTAGTAGATC-1,0,13,31,4961,6596
GTTTGGCCGCTCAGCG-1,0,12,32,4709,6740
TTATCCAATCGAACTC-1,0,13,33,4961,6886
CCGTACCCAAGCGCCA-1,0,12,34,4708,7030
CATACAAAGCCGAACC-1,0,13,35,4960,7176
GGTCGGTAATTAGACA-1,0,12,36,4708,7321
AGCGGGAAGGGTCCAT-1,0,13,37,4960,7466
GCCCACCAAGGCTGTC-1,0,12,38,4707,7611
GTAGACGTCGTTACAT-1,0,13,39,4959,7756
GAGCATCATCCCTGGG-1,0,12,40,4706,7901
AGGTAACCTCCTATTC-1,0,13,41,4958,8046
GGTTTGAGTGCTGGAA-1,0,12,42,4706,8191
GCACTAGTCGCGCTAT-1,0,13,43,4958,8336
GGTAACTATGTATCTG-1,0,12,44,4705,8481
GCGGTCCCTAGACGCA-1,0,13,45,4957,8626
CGAGCGTTGATCAGCC-1,0,12,46,4704,8771
AATCCAAGGGCCTGAG-1,0,13,47,4957,8916
CCGTGCCCATGACGGC-1,0,12,48,4704,9061
GAAATTCACATCGCTG-1,0,13,49,4956,9206
CTCTGCGAAGCAAGCA-1,0,12,50,4703,9351
AGTAGGTAACATACAT-1,0,13,51,4955,9496
ATTGGGAATATCTTGG-1,0,12,52,4703,9641
TAGAGCTACGAAGAAC-1,0,13,53,4955,9786
TGCGGCATAGTTCAAC-1,0,12,54,4702,9931
CCGCCGGTCAACACAC-1,0,13,55,4954,10077
TCGTATAGTGCAATTA-1,0,12,56,4701,10221
TAGTTTATTCTTGCTT-1,0,13,57,4953,10367
GATATCTCATGCAATA-1,0,12,58,4701,10511
CGTTTAAGCGGAGCAC-1,0,13,59,4953,10657
CATGCTGGCTCCAATT-1,0,12,60,4700,10801
GAAACAGCCATGCAGT-1,0,13,61,4952,10947
AGTTTCGCAGGTCGGA-1,0,12,62,4700,11091
CTCATGGCTCACAATC-1,0,13,63,4952,11237
AACCGTTGTGTTTGCT-1,1,12,64,4699,11381
ACCCTTCATCTGCGAA-1,1,13,65,4951,11527
TGCGGTGAAATTTCAT-1,1,12,66,4698,11671
CAAATTGTCAGCAAGC-1,1,13,67,4950,11817
GAGGTACATCCATCTT-1,1,12,68,4698,11961
AAATGGCATGTCTTGT-1,1,13,69,4950,12107
TCATCCCAGAGGGTGG-1,1,12,70,4697,12251
CGTAGCGAATTGTCAG-1,1,13,71,4949,12397
CCTAGTTAGTCGCATG-1,1,12,72,4697,12541
GAAACTCTAATGAAGG-1,1,13,73,4949,12687
TTGTATCACACAGAAT-1,1,12,74,4696,12831
TTCAAGCCGAGCTGAG-1,1,13,75,4948,12977
AGGTACGATATTGCCA-1,1,12,76,4695,13121
TTAAGCCGACAACTTC-1,1,13,77,4947,13267
GTCTTAGTACAGCCGG-1,1,12,78,4695,13412
TGGGTAAGGTTCCCGC-1,0,13,79,4947,13557
CTACGCCATTTCCGAT-1,1,12,80,4694,13702
GACCGTCAGGTCGTGA-1,1,13,81,4946,13847
TAGTTAAGATAGGATA-1,1,12,82,4694,13992
GAATATTCGGAGTCCC-1,1,13,83,4946,14137
CAAACTACGATAGAGA-1,1,12,84,4693,14282
CAGGAAGACTTTATAT-1,1,13,85,4945,14427
TTCGTAATCCCAGCGG-1,1,12,86,4692,14572
GTGAGGAGCGGTTGAG-1,1,13,87,4944,14717
CAATCCCTATACCAGC-1,0,12,88,4692,14862
AGGGAAACGAGGTACT-1,0,13,89,4944,15007
TCCTGCCAACTGGAGA-1,0,12,90,4691,15152
AATTTGGGACATAGTA-1,0,13,91,4943,15297
AACTCCTAATCCCATG-1,0,12,92,4690,15442
GCTCATTACTGCATGT-1,0,13,93,4943,15587
TCTCGAACGAGGTCAC-1,0,12,94,4690,15732
TCACTACGACCAATGC-1,0,13,95,4942,15877
GTGATGCACAACATCT-1,0,12,96,4689,16022
CCGACGTAAACACAAC-1,0,13,97,4941,16168
TGGGATGCACTCATTC-1,0,12,98,4689,16312
TTCCATCATGCGGTGA-1,0,13,99,4941,16458
TGCACAGTGAAGTTAT-1,0,12,100,4688,16602
CTATTGTGTTTGGTCA-1,0,13,101,4940,16748
TGCGAGCCCTTCCGCG-1,0,12,102,4687,16892
TTGAAAGGTGTAAAGG-1,0,13,103,4939,17038
GGTGCAGAGCCTATCG-1,0,12,104,4687,17182
ACTATATGCTGTGTTC-1,0,13,105,4939,17328
TCCTGGCGCTGCCTGG-1,0,12,106,4686,17472
GAGCCGAGCGTTTATT-1,0,13,107,4938,17618
AGAATGCGGGTTCGGA-1,0,12,108,4686,17762
ATGCGACAATTGGTCC-1,0,13,109,4938,17908
TTCCGGCTCGACTTCT-1,0,12,110,4685,18052
TGATTATGGCACGCAG-1,0,13,111,4937,18198
GGTTTGACAAGAAGCT-1,0,12,112,4684,18342
GCAGCTATGGACAGGT-1,0,13,113,4936,18488
CACCATGATCGCAAAG-1,0,12,114,4684,18632
GTCGGAAGGATACCAG-1,0,13,115,4936,18778
GGCCCAGTTATCAGCA-1,0,12,116,4683,18922
GGGCCTATTTAAGTAT-1,0,13,117,4935,19068
GTTGTTACATTGCGCT-1,0,12,118,4683,19213
CAACTCCGTAACTTGC-1,0,13,119,4935,19358
GATCTTTGCTCAAAGA-1,0,12,120,4682,19503
TCGCTTAATTACGAAG-1,0,13,121,4934,19648
CGATCATTAGAGGCAC-1,0,12,122,4681,19793
TGTTCTCTACTCCCTA-1,0,13,123,4933,19938
GCTTAGGGAAGCGGTA-1,0,12,124,4681,20083
CAGGTTTAGTACTACA-1,0,13,125,4933,20228
AAGCGGAGTGCGCGCA-1,0,12,126,4680,20373
TCAGATGGAGACGTAG-1,0,13,127,4932,20518
TCGCACTAACGTTTGT-1,0,14,0,5223,2101
CACGTCGGGTTCTAGA-1,0,15,1,5475,2246
GGAGTACACATGAGCT-1,0,14,2,5223,2391
GTGTGTCGACGTCGCT-1,0,15,3,5475,2536
GAAGCTCTTTGCTTAG-1,0,14,4,5222,2681
ACACCGAGCGCTCTTT-1,0,15,5,5474,2826
CGTAATAATTACGAGT-1,0,14,6,5221,2971
CATCAACACCTACTAA-1,0,15,7,5473,3116
CCAAGTTTCTACAGAT-1,0,14,8,5221,3261
ACGGGTCATGTGACTT-1,0,15,9,5473,3406
AGTGTGCTAAGATCGC-1,0,14,10,5220,3551
GGCGGTTTGCCGGTGC-1,0,15,11,5472,3697
GTATAATCTCCCGGAT-1,0,14,12,5220,3841
TAGTCCGTATGCATAA-1,0,15,13,5472,3987
CACTTCGTCTTATCTC-1,0,14,14,5219,4131
CATCCGCAGGCCCGAA-1,0,15,15,5471,4277
CCCTGATGTAACTCGT-1,0,14,16,5218,4421
CCATAGTCAGTAACCC-1,0,15,17,5470,4567
CGGGCCATAGCCGCAC-1,0,14,18,5218,4711
CTCCGGCTTGTAGACA-1,0,15,19,5470,4857
AACTTGCGTTCTCGCG-1,0,14,20,5217,5001
AATGAGTTCGCATATG-1,0,15,21,5469,5147
CGAGGCCAGGCATTGG-1,0,14,22,5216,5291
TCTGCGTCCGGTTTCT-1,0,15,23,5469,5437
CAATCCTGCCGTGGAG-1,0,14,24,5216,5581
CTGAGCAAGTAACAAG-1,0,15,25,5468,5727
GGGTACCCACGGTCCT-1,0,14,26,5215,5871
ACGGAATTTAGCAAAT-1,0,15,27,5467,6017
GGGCGGTCCTATTGTC-1,0,14,28,5215,6161
ATGTTACGAGCAATAC-1,0,15,29,5467,6307
AACCATGGGATCGCTA-1,0,14,30,5214,6451
TCGCATCCCTAAGTGT-1,0,15,31,5466,6597
ACTTAGTACGACAAGA-1,0,14,32,5213,6741
GAGCTCTCGGACCTAA-1,0,15,33,5465,6887
TCTATTACGCTGGCGA-1,0,14,34,5213,7032
AGATACGACTTCATAT-1,0,15,35,5465,7177
CGCTATACCGCCCACT-1,0,14,36,5212,7322
CAGTGTCCGCAGAATG-1,0,15,37,5464,7467
CCATCCATACCAAGTC-1,0,14,38,5212,7612
AACCCAGAGACGGAGA-1,0,15,39,5464,7757
GAAGAACGGTGCAGGT-1,0,14,40,5211,7902
GATAAATCGGTGGATG-1,0,15,41,5463,8047
CAGCTCGTGCTTGTGT-1,0,14,42,5210,8192
GAGTACGGGTATACAA-1,0,15,43,5462,8337
CATCGCCCGCGGCCAA-1,0,14,44,5210,8482
TCTTACAGAGGTACCG-1,0,15,45,5462,8627
TGGAAGACGAACACCA-1,0,14,46,5209,8772
GTTGTCGTGTTAGTTG-1,0,15,47,5461,8917
CCAAGGAACAGAGAGG-1,0,14,48,5209,9062
CTGCACCTGGAACCGC-1,0,15,49,5461,9207
CGCTTTCATACCGGTG-1,0,14,50,5208,9352
GTTCTTCCCTCGATGT-1,0,15,51,5460,9497
ATTTAACTCGTATTAC-1,0,14,52,5207,9642
AACGATAGAAGGGCCG-1,1,15,53,5459,9788
TATCCTGCATGGGAAT-1,0,14,54,5207,9932
AGGCCCATTGTACAGG-1,1,15,55,5459,10078
CCGGCGCATATTGGAT-1,1,14,56,5206,10222
ATCTGTAATTGTACCC-1,1,15,57,5458,10368
GAGCGAGGGAGTACCG-1,1,14,58,5206,10512
TTATTAGGGAAGCATC-1,1,15,59,5458,10658
CTTCTTACGTCGTATA-1,1,14,60,5205,10802
GAAGTGCTGGATAGCT-1,1,15,61,5457,10948
GTGCAACAAATGTGGC-1,1,14,62,5204,11092
CATGCGTTAGACAGAA-1,1,15,63,5456,11238
ACACACTTTCTACACG-1,1,14,64,5204,11382
AGCCCTAAGCGAAGTT-1,1,15,65,5456,11528
ATTAATTCGGTCACTC-1,1,14,66,5203,11672
AACAGGAAATCGAATA-1,1,15,67,5455,11818
ACGTTTAGTTGTGATC-1,1,14,68,5202,11962
TCCTTCAGTGGTCGAA-1,1,15,69,5455,12108
CGAACGCCCAGTGCCG-1,1,14,70,5202,12252
CCTCGAAGTGGACGGG-1,1,15,71,5454,12398
CTCTGTTTGAGGATTC-1,1,14,72,5201,12542
TGGGCACGTTCTATGG-1,1,15,73,5453,12688
ACTATTCGTCCGTGGT-1,1,14,74,5201,12833
CCTCTGGCCTAGACGG-1,1,15,75,5453,12978
CCATAAACAACCCGAC-1,1,14,76,5200,13123
CATAGTACATTGAGAG-1,1,15,77,5452,13268
ATTTCATTATTTCGCG-1,1,14,78,5199,13413
CAACTATATCGAATGC-1,1,15,79,5451,13558
CTAGTATTCGGAATTA-1,0,14,80,5199,13703
GTGGAACCTACATGCG-1,0,15,81,5451,13848
CCTAAAGGCTGACGCT-1,1,14,82,5198,13993
CGTGACATTGGGTCGT-1,0,15,83,5450,14138
CCAATCGGTAGATCGA-1,1,14,84,5198,14283
ATTGTCGCAATACCTT-1,1,15,85,5450,14428
AAATTACACGACTCTG-1,1,14,86,5197,14573
CACTCCTCTCGGTCGG-1,1,15,87,5449,14718
AAATAACCATACGGGA-1,1,14,88,5196,14863
AGTTACTCTATCGTGG-1,1,15,89,5448,15008
CGTTAGCTCACAACTG-1,0,14,90,5196,15153
GAATGTATGGCAGGTC-1,0,15,91,5448,15298
GCAACCACCAGACCGG-1,0,14,92,5195,15443
TCACTCGTGCAACGGC-1,0,15,93,5447,15589
AAACAGAGCGACTCCT-1,0,14,94,5195,15733
CAGCCTCTCCTCAAGA-1,0,15,95,5447,15879
TTGCGTGAACGCTTAG-1,0,14,96,5194,16023
CCGCCTGCGAATTGGT-1,0,15,97,5446,16169
AGATGAGGGTTGCGAT-1,0,14,98,5193,16313
CGGTGGGCTCCAGCCT-1,0,15,99,5445,16459
GGCAGCGGTAATCCTA-1,0,14,100,5193,16603
GCTAGCAGGGAGTGGG-1,0,15,101,5445,16749
CTCAAGACATTAGCGC-1,0,14,102,5192,16893
CACGGCGCGCCAAAGG-1,0,15,103,5444,17039
TGCAATTTGGGCACGG-1,0,14,104,5192,17183
ATGCCAATCGCTCTGC-1,0,15,105,5444,17329
GCTGGACCCAAAGTGG-1,0,14,106,5191,17473
ATTCCTAAGACGTGGA-1,0,15,107,5443,17619
TCCGGAGGAAGGGCTG-1,0,14,108,5190,17763
TCGGTGACCGCTCCGG-1,0,15,109,5442,17909
TCCGAAGTAGTCACCA-1,0,14,110,5190,18053
CATGTAGGAGCGCCAA-1,0,15,111,5442,18199
CACAAGAAAGATATTA-1,0,14,112,5189,18343
AGGGTCAGTAACCCTA-1,0,15,113,5441,18489
TAAGCCCTTACGACCA-1,0,14,114,5188,18633
ATACCGTCATCCATAA-1,0,15,115,5441,18779
GGACGTCCATAGTTGG-1,0,14,116,5188,18924
CATCAAACTGGCGCCC-1,0,15,117,5440,19069
AAACGTGTTCGCCCTA-1,0,14,118,5187,19214
AAATTGGTGAGAAGCA-1,0,15,119,5439,19359
GGTCATTGTAGTCATA-1,0,14,120,5187,19504
TGCAGTGAGGCTCGGG-1,0,15,121,5439,19649
GAACATTAGTATGTTA-1,0,14,122,5186,19794
GGTTTGCGAACACGTA-1,0,15,123,5438,19939
ACACAAATATTCCTAG-1,0,14,124,5185,20084
TTGGGTTTATTCAGCG-1,0,15,125,5437,20229
ATTCGCAGAGGACACT-1,0,14,126,5185,20374
GATTTAGTGCGTACTG-1,0,15,127,5437,20519
TAGAAACACAATAGTG-1,0,16,0,5728,2102
CAGTAGATGATGTCCG-1,0,17,1,5980,2247
TCTTAACTCGGATGTA-1,0,16,2,5727,2392
TACATCTTGTTTCTTG-1,0,17,3,5979,2537
TTCATAGGGTGTCCAT-1,0,16,4,5727,2682
TGAAGTAGCTTACGGA-1,0,17,5,5979,2827
GCACAAGTGGATCATA-1,0,16,6,5726,2972
GGGCGAATTTCTCCAC-1,0,17,7,5978,3117
ATGTTCCTGCCCACCT-1,0,16,8,5725,3262
GCTCAACCTCTTAGAG-1,0,17,9,5977,3408
ATAGCTGCTCTTGTTA-1,0,16,10,5725,3552
CGTCAGCTATTTACTC-1,0,17,11,5977,3698
ATCTGATAGTGTCTTA-1,0,16,12,5724,3842
TGCACTATGTGAGTGC-1,0,17,13,5976,3988
CCGACAAACACATGAG-1,0,16,14,5724,4132
GCCTTGTATATGCAGT-1,0,17,15,5976,4278
ATAATACCGTTAGCCG-1,0,16,16,5723,4422
ACACTCCAATGTCACT-1,0,17,17,5975,4568
AGTTGCTGACTGATAT-1,0,16,18,5722,4712
GGCGCTCCTCATCAAT-1,0,17,19,5974,4858
TGCCTGACATCGGTCA-1,0,16,20,5722,5002
TTGGCCATCTTGCGCT-1,0,17,21,5974,5148
CAGTGGTTGCACATGA-1,0,16,22,5721,5292
AGAATTGTTTGACATA-1,0,17,23,5973,5438
AAATGCTCGTTACGTT-1,0,16,24,5721,5582
CACCTAATAGAGTCGT-1,0,17,25,5973,5728
CATTTCTAGCAGACTA-1,0,16,26,5720,5872
CCGAAAGTGGTGAGCA-1,0,17,27,5972,6018
AGTCAGCCACCGCCTG-1,0,16,28,5719,6162
TCATCACTCGAGCTCG-1,0,17,29,5971,6308
CTCAGGACTCACCTGT-1,0,16,30,5719,6452
CGGTGTACTTGATCCC-1,0,17,31,5971,6598
CCTACGGCTCAGTCGA-1,0,16,32,5718,6743
GTACTTGGGCACTTCT-1,0,17,33,5970,6888
TGATTTCCTCCTGACG-1,0,16,34,5718,7033
CCTCACCAATCTTGAC-1,0,17,35,5970,7178
GGTGAGATGCAGATAA-1,0,16,36,5717,7323
GCTAGTTTCATTGAGG-1,0,17,37,5969,7468
AGGACATCGCACGTCG-1,0,16,38,5716,7613
GTGGACGTGCTGAGAC-1,0,17,39,5968,7758
TAAGGAACTTGTGGGA-1,0,16,40,5716,7903
TCGCTGTGCGTAAATC-1,0,17,41,5968,8048
GCATCCCTAACTTTGA-1,0,16,42,5715,8193
CACCCACACGTCACCC-1,0,17,43,5967,8338
CCCTCATTCTGGAATT-1,0,16,44,5714,8483
AGGGCGTGATCGGCTA-1,1,17,45,5967,8628
GGTGCGGATAAGTGGC-1,0,16,46,5714,8773
TAATATTGAAATTCGC-1,1,17,47,5966,8918
CTTACACTGGGAAATA-1,0,16,48,5713,9063
ACCAAGAACGCGTGTC-1,1,17,49,5965,9208
GCCTTCAGCCCTACCG-1,1,16,50,5713,9353
GATGCTACAAGCGCCT-1,1,17,51,5965,9499
CCGGGACCCGCAGAGA-1,1,16,52,5712,9643
GTTCCAGTCTGACCAT-1,1,17,53,5964,9789
ATGATCGGGAATAGAC-1,1,16,54,5711,9933
TTGGATTGGGTACCAC-1,1,17,55,5963,10079
TACCTCACGCTTGTAC-1,1,16,56,5711,10223
CATGGCAGGAAGATCG-1,1,17,57,5963,10369
ATGACGCCGGCTCTAA-1,1,16,58,5710,10513
AGCGACATCCCATTCA-1,1,17,59,5962,10659
AGTAATGTCTTGCCGC-1,1,16,60,5710,10803
TTCTTAGTGGCTCAGA-1,1,17,61,5962,10949
CGTCTGGAAGGGCCCG-1,1,16,62,5709,11093
ACGTGCGCCTCGTGCA-1,1,17,63,5961,11239
AGAGCGGGCTAATCAT-1,1,16,64,5708,11383
GCGTCGAAATGTCGGT-1,1,17,65,5960,11529
AACTGATATTAGGCCT-1,1,16,66,5708,11673
CGAGCTGGGCTTTAGG-1,1,17,67,5960,11819
GGGTGTTTCAGCTATG-1,1,16,68,5707,11963
TTAATTTCAGACGCGG-1,1,17,69,5959,12109
ACTGCCGTCGTAACTC-1,1,16,70,5707,12253
GTGCACGAAAGTGACT-1,1,17,71,5959,12399
ATCTCCCTGCAATCTA-1,1,16,72,5706,12544
ACGCCAGATGATTTCT-1,1,17,73,5958,12689
AGCTATTTAATCCAAC-1,1,16,74,5705,12834
CCACGAGAAGAGAATC-1,1,17,75,5957,12979
GATTCCGCGTTTCCGT-1,1,16,76,5705,13124
GTCGGATGTAGCGCGC-1,1,17,77,5957,13269
TATTTATACCGAGTAG-1,1,16,78,5704,13414
GTAGGTGATCCGTGTA-1,1,17,79,5956,13559
AGTTAAGCGGTCCCGG-1,1,16,80,5704,13704
CTGGCGACATAAGTCC-1,1,17,81,5956,13849
TTGGCCTAGAATTTCG-1,0,16,82,5703,13994
GGCATATCGGTTCTGC-1,1,17,83,5955,14139
GGGCGTCCACTGGCTC-1,0,16,84,5702,14284
TTACCCATTGCCGGGT-1,1,17,85,5954,14429
TTAGACACGATCGTTG-1,1,16,86,5702,14574
GCGCTGATCCAGACTC-1,1,17,87,5954,14719
TTCGGCAACCCGCTGA-1,1,16,88,5701,14864
GATATTTCCTACATGG-1,1,17,89,5953,15009
CTGCGTTACGATATAA-1,1,16,90,5700,15154
TAATAAACAAGGAGAT-1,1,17,91,5953,15300
AACCTTTACGACGTCT-1,0,16,92,5700,15444
AGTCCCGCCTTTAATT-1,0,17,93,5952,15590
TGAGATTAGGCCCTAA-1,0,16,94,5699,15734
AGTGTATTGCGCATTG-1,0,17,95,5951,15880
GTTGGATTCAGTGGCT-1,0,16,96,5699,16024
TAAAGCTGCAATAGGG-1,0,17,97,5951,16170
AGTAGGAAGGAAGTTG-1,0,16,98,5698,16314
TATCACTTCGAGTAAC-1,0,17,99,5950,16460
TGATCTACGCTGATCT-1,0,16,100,5697,16604
GGATCATCCCGTACGC-1,0,17,101,5949,16750
TGACACTTCTCTTTGC-1,0,16,102,5697,16894
AGCCCTTCTAATCCGA-1,0,17,103,5949,17040
CACCGCGTCCACTCTA-1,0,16,104,5696,17184
TAATTGGAATCGGGAA-1,0,17,105,5948,17330
TCGTAAGCTCCGAGGA-1,0,16,106,5696,17474
TATATTACAAATGTCG-1,0,17,107,5948,17620
CGCGAGAGGGACTTGT-1,0,16,108,5695,17764
GGACCTACGGTAACGT-1,0,17,109,5947,17910
GAAATATGCTTGAATG-1,0,16,110,5694,18054
CCGTATTAGCGCAGTT-1,0,17,111,5946,18200
AGGCGTCTATGGACGG-1,0,16,112,5694,18344
AACATCGATACGTCTA-1,0,17,113,5946,18490
TGAATATGCTATAAAC-1,0,16,114,5693,18635
ACCAAACACCCAGCGA-1,0,17,115,5945,18780
TGGCTTGTACAAGCTT-1,0,16,116,5693,18925
GAATGAAGGTCTTCAG-1,0,17,117,5945,19070
AGATACCAGCACTTCA-1,0,16,118,5692,19215
GCGGTCCCGGTGAAGG-1,0,17,119,5944,19360
GAGGCATTTGCAGCAG-1,0,16,120,5691,19505
GGCAAGCCAGGGATAG-1,0,17,121,5943,19650
TCTACGGGCTCAGTTG-1,0,16,122,5691,19795
TCTGCGAATCGTTCGC-1,0,17,123,5943,19940
AGCTCGTTGATGGAAA-1,0,16,124,5690,20085
TGAATGAGATACAGCA-1,0,17,125,5942,20230
ACCCTTGCCTGGGTCG-1,0,16,126,5690,20375
GGCGAACCGTTCTGAT-1,0,17,127,5942,20520
GCGATGTCTGTGCTTG-1,0,18,0,6233,2103
ATTAACACCTGAGATA-1,0,19,1,6485,2248
GAAATCTGACCAAGTT-1,0,18,2,6232,2393
CCTGACAAACTCGCGC-1,0,19,3,6484,2538
ATGTCATTTCCCATTG-1,0,18,4,6231,2683
GCGGTGCGGAGCATCG-1,0,19,5,6483,2828
CGGAAAGCAAATGTGC-1,0,18,6,6231,2973
GCTGAGCAACGGTTCT-1,0,19,7,6483,3119
TCACTCTTCGTCTGTC-1,0,18,8,6230,3263
GATCTTCATTGTCCTC-1,0,19,9,6482,3409
ACTCGATGTATTTCAT-1,0,18,10,6229,3553
TGAAGAGCGGTCCTAG-1,0,19,11,6482,3699
TAAACGTCGTCAATGA-1,0,18,12,6229,3843
ACGTTATTGGTCACTC-1,0,19,13,6481,3989
ATAGCCTCAGTACCCA-1,0,18,14,6228,4133
CGGGAGTATACCGCCG-1,0,19,15,6480,4279
GTCCTACAGGCGGCTC-1,0,18,16,6228,4423
CGGATAAGCGGACATG-1,0,19,17,6480,4569
AACTTCTGCGTCTATC-1,0,18,18,6227,4713
GGGTTCAGACGAACAA-1,0,19,19,6479,4859
AGTCTGGACATCCTTG-1,0,18,20,6226,5003
TTGAACGAATCCTTTG-1,0,19,21,6478,5149
GAAATACTAAACGTTT-1,0,18,22,6226,5293
CCCGCGCAATGCACCC-1,0,19,23,6478,5439
TTCGGCTAGAGATGGT-1,0,18,24,6225,5583
GACACGAGTTAGAGGA-1,0,19,25,6477,5729
GAGGTCCCAAAGATCT-1,0,18,26,6225,5873
TAACTCCATGGAGGCT-1,0,19,27,6477,6019
CTTGTTTATGTAGCCA-1,0,18,28,6224,6164
GATGGCGCACACATTA-1,0,19,29,6476,6309
ATAATAGTGTAGGGAC-1,0,18,30,6223,6454
CGCTATTCAATGTATG-1,0,19,31,6475,6599
ATATTGCTGTCAAAGT-1,0,18,32,6223,6744
GGATTCAGTACGGTGG-1,0,19,33,6475,6889
TTCTTAGTGAACGGTG-1,0,18,34,6222,7034
AATGGTTCTCACAAGC-1,0,19,35,6474,7179
TATACACGCAAAGTAT-1,0,18,36,6222,7324
CTTCATAGCTCAAGAA-1,0,19,37,6474,7469
CAACGGTTCTTGATAC-1,0,18,38,6221,7614
ACACCCGAGAAATCCG-1,1,19,39,6473,7759
TCTATCATGCAGTTAC-1,0,18,40,6220,7904
CCCGCCATGCTCCCGT-1,0,19,41,6472,8049
CGCTTCCACTGAAATC-1,0,18,42,6220,8194
CACTGTCCAAGTGAGA-1,1,19,43,6472,8339
ATTACTAGCCTCTTGC-1,1,18,44,6219,8484
CATAGTAGCATAGTAG-1,1,19,45,6471,8629
CAACTCCTTGATCCCG-1,1,18,46,6219,8774
AAGTAGAAGACCGGGT-1,1,19,47,6471,8919
GCGGGAACCAGGCCCT-1,1,18,48,6218,9064
ATTAGATTGATAGCGG-1,1,19,49,6470,9210
CTCGGTCCGTAGCCTG-1,1,18,50,6217,9354
TGGCTTTGGGTAGACA-1,1,19,51,6469,9500
TATCCATATCATGCGA-1,1,18,52,6217,9644
GGAGTGCCGCCCTGGA-1,1,19,53,6469,9790
TGAGAATGCTTTACCG-1,1,18,54,6216,9934
TTAACCAACCCTCCCT-1,1,19,55,6468,10080
TGTTTCGGTACTTCTC-1,1,18,56,6215,10224
TTGCTGAAGGAACCAC-1,1,19,57,6468,10370
TATTTAGTCTAGATCG-1,1,18,58,6215,10514
CTCCGGCCTAATATGC-1,1,19,59,6467,10660
TTGTGGCCCTGACAGT-1,1,18,60,6214,10804
TCGCCGGTCGATCCGT-1,1,19,61,6466,10950
CCATAGGTTGGCGTGG-1,1,18,62,6214,11094
GAACGACCGAATGATA-1,1,19,63,6466,11240
TCCGATAATTGCCATA-1,1,18,64,6213,11384
CATTACGTCGGCCCGT-1,1,19,65,6465,11530
CAAGCACCAAATGCCT-1,1,18,66,6212,11674
TGCATGGATCGGATCT-1,1,19,67,6464,11820
GAAATCGCGCGCAACT-1,1,18,68,6212,11964
CTGAAAGAGATCCGAC-1,1,19,69,6464,12110
CACCTCGATGGTGGAC-1,1,18,70,6211,12255
ATTTGTTCCAGGGCTC-1,1,19,71,6463,12400
TGGGCCACAAGAGCGC-1,1,18,72,6211,12545
CCTTCTTGATCCAGTG-1,1,19,73,6463,12690
CCTCGCCAGCAAATTA-1,1,18,74,6210,12835
TTCATGGCGCAACAGG-1,1,19,75,6462,12980
TTAATCAGTACGTCAG-1,1,18,76,6209,13125
CCTATCTATATCGGAA-1,1,19,77,6461,13270
ATTATACTTTGCTCGT-1,1,18,78,6209,13415
ATGGATCCGGCGTCCG-1,1,19,79,6461,13560
CGCCCGCTTCCGTACA-1,1,18,80,6208,13705
GGATTCCGCTATACCC-1,1,19,81,6460,13850
CGGTCTATCAACCCGT-1,1,18,82,6208,13995
ATGCCGGTTGATGGGA-1,1,19,83,6460,14140
TCATGCAGGTTCTCAT-1,1,18,84,6207,14285
TGAGCTTTAATGACGC-1,1,19,85,6459,14430
TCCCTTAGATTACTCG-1,1,18,86,6206,14575
ATATCTCCCTCGTTAA-1,1,19,87,6458,14720
AGCTCTTCCCAGTGCA-1,1,18,88,6206,14865
TCGCTAAACCGCTATC-1,1,19,89,6458,15011
CACATTCTTTCGATGG-1,1,18,90,6205,15155
GATATGCGGTAGCCAA-1,1,19,91,6457,15301
CGTTTCACTTCGGGCG-1,1,18,92,6205,15445
CCAATTACGGGTCGAG-1,0,19,93,6457,15591
GCAGGTAGAGTATGGT-1,0,18,94,6204,15735
GTCGTATTGGCGTACA-1,0,19,95,6456,15881
GAAATTAGCACGGATA-1,0,18,96,6203,16025
AATGCACCAAGCAATG-1,0,19,97,6455,16171
AGGACGCTCGATGTTG-1,0,18,98,6203,16315
GGCTAAAGGGCGGGTC-1,0,19,99,6455,16461
CATCTATCCCGTGTCT-1,0,18,100,6202,16605
CAGTAACTATTTATTG-1,0,19,101,6454,16751
CATATACTACTGATAA-1,0,18,102,6202,16895
GCGTTCGGAGACCGGG-1,0,19,103,6454,17041
AAGTTCAGTCTGCGTA-1,0,18,104,6201,17185
CGAAGCTATAAATTCA-1,0,19,105,6453,17331
CGCGGTCACAAACCAA-1,0,18,106,6200,17475
GGGAATGAGCCCTCAC-1,0,19,107,6452,17621
ACGGAGCGCAAATTAC-1,0,18,108,6200,17765
CGTTCTTCGCACACCT-1,0,19,109,6452,17911
GAATAGCCCTGCGGTC-1,0,18,110,6199,18056
AATAGCTACCGCGTGC-1,0,19,111,6451,18201
CCGAGCTGTGCTTGTC-1,0,18,112,6198,18346
GATGACGATGATCGCG-1,0,19,113,6451,18491
GCCTATGCTGGGCCTT-1,0,18,114,6198,18636
TTACTGTCTAGAGCTC-1,0,19,115,6450,18781
AGCGGTTGCCGCTCTG-1,0,18,116,6197,18926
GCTTGCAGCACAATTG-1,0,19,117,6449,19071
CCGGAGGTCTTATGGT-1,0,18,118,6197,19216
ACAGTATACCGTGGGA-1,0,19,119,6449,19361
GGGATCCCAATACAAA-1,0,18,120,6196,19506
ATTACGACTCCACAGT-1,0,19,121,6448,19651
CTCACACGCAAGCCTA-1,0,18,122,6195,19796
CCAGATGTAAATGGGT-1,0,19,123,6447,19941
GAACTTGTGCACGGGA-1,0,18,124,6195,20086
AAGCCGCTTTACCTTG-1,0,19,125,6447,20231
TCCATTCCCACTAGAG-1,0,18,126,6194,20376
AGAGCGCTTGTAACGG-1,0,19,127,6446,20521
TGGGTTCCCGGACGGA-1,0,20,0,6737,2104
GCTGCGCCTCCCACGT-1,0,21,1,6989,2249
CTGTTGGCTCTTCTGA-1,0,20,2,6737,2394
TTGTTCTAGATACGCT-1,0,21,3,6989,2539
CCCTCAAGCTCTTAGT-1,0,20,4,6736,2684
TGGTCTAGCTTACATG-1,0,21,5,6988,2830
ATGCACCTTCCTTAAT-1,0,20,6,6735,2974
GGGATACGGTAATAAT-1,0,21,7,6987,3120
AGTTCACCGGTTGGAC-1,0,20,8,6735,3264
GACATACTGTCGCAGA-1,0,21,9,6987,3410
TGGACACCGTTGCTTG-1,0,20,10,6734,3554
TGCGATGCTAATGGCT-1,0,21,11,6986,3700
TTCTGTTTCCTGTCGC-1,0,20,12,6734,3844
CGTTGTAAACGTCAGG-1,0,21,13,6986,3990
GATCGGCGATAAGTCG-1,0,20,14,6733,4134
AGCCTTAAAGCGGAAG-1,0,21,15,6985,4280
TCCGTAACCACAATCC-1,0,20,16,6732,4424
GAATGCCGAAATGACC-1,0,21,17,6984,4570
TATACTCATGCGGCAA-1,0,20,18,6732,4714
TAGTGTCAGAAACGGC-1,0,21,19,6984,4860
CGTCATACCATATCCA-1,0,20,20,6731,5004
TAGTACCTTAGTGGTC-1,0,21,21,6983,5150
CTGGCGGGAATAAGTA-1,0,20,22,6731,5294
AGTGTGGTCTATTGTG-1,0,21,23,6983,5440
GCTATCGCGGCGCAAC-1,0,20,24,6730,5584
CAGTAATCCCTCCCAG-1,0,21,25,6982,5730
GTATTAAGGCGTCTAA-1,0,20,26,6729,5875
CTAATTTCAACAACAC-1,0,21,27,6981,6020
TTAGCAACATGGATGT-1,0,20,28,6729,6165
ATGCTCAGTGTTGCAT-1,0,21,29,6981,6310
GATGTTTGTGCGAGAT-1,0,20,30,6728,6455
CACTTCGCCACAGGCT-1,0,21,31,6980,6600
CTGTATGGTGTAGAAA-1,0,20,32,6727,6745
TACGTGCACTATGCTG-1,0,21,33,6980,6890
GTATCAGCTTGGGTTC-1,0,20,34,6727,7035
TAACAAAGGGAGAAGC-1,0,21,35,6979,7180
TTACATCGTGGCCTGG-1,0,20,36,6726,7325
TCTGAACCGGTCGGCT-1,0,21,37,6978,7470
GGCTCGTGCCACCAGC-1,0,20,38,6726,7615
TATAAGTGAGGATAGC-1,1,21,39,6978,7760
GCCCGCGCGTTTGACA-1,0,20,40,6725,7905
TGCTGGTTGGACAATT-1,1,21,41,6977,8050
GCCTAGCGATCTGACC-1,1,20,42,6724,8195
CCATGCTCTGCAGGAA-1,1,21,43,6976,8340
TATAAATCCACAAGCT-1,1,20,44,6724,8485
CGCTCGACATAATGAT-1,1,21,45,6976,8631
CCAATTGAATGTTAAT-1,1,20,46,6723,8775
GCTAATACCGAATGCC-1,1,21,47,6975,8921
TTCAACGACCCGACCG-1,1,20,48,6723,9065
TTCCTCGAGGGTGTCT-1,1,21,49,6975,9211
CAACGACCCGTTTACA-1,1,20,50,6722,9355
CTTGTACTTGTTGACT-1,1,21,51,6974,9501
TCTCTAATAGCTGGTA-1,1,20,52,6721,9645
ATTATGCCATAGGGAG-1,1,21,53,6973,9791
GACAACGCAGCTTACG-1,1,20,54,6721,9935
AGATGACTCGCCCACG-1,1,21,55,6973,10081
GTGCGGGTCTCCAAAT-1,1,20,56,6720,10225
GTACGAGATTGCGACA-1,1,21,57,6972,10371
GTATAGGACTCAGTAG-1,1,20,58,6720,10515
TTGCACGGAGCAGCAC-1,1,21,59,6972,10661
CACAGCTAGGGAGTGA-1,1,20,60,6719,10805
ATACTAGCATGACCCT-1,1,21,61,6971,10951
CCAAGACTTCTGCGAA-1,1,20,62,6718,11095
ACATAATAAGGCGGTG-1,1,21,63,6970,11241
TAATACACAGTAGTAT-1,1,20,64,6718,11385
TCTTGGTAACACCAAA-1,1,21,65,6970,11531
AACTGGGTCCCGACGT-1,1,20,66,6717,11675
ATCACTTCATCCTCGC-1,1,21,67,6969,11821
TGGAAGGATAAAGATG-1,1,20,68,6717,11966
CATGATGCACAATTCT-1,1,21,69,6969,12111
TGCCTGATCAAACGAT-1,1,20,70,6716,12256
ATAGGGATATCCTTGA-1,1,21,71,6968,12401
CACCTAATCAGTTTAC-1,1,20,72,6715,12546
TGTGACTACGCCAGTC-1,1,21,73,6967,12691
CCCGACCATAGTCCGC-1,1,20,74,6715,12836
CGCGCCCGACTTAATA-1,1,21,75,6967,12981
TGCCACCTGGCGAAAC-1,1,20,76,6714,13126
CTGCCAAGGTTGGAAG-1,1,21,77,6966,13271
TCTCCAACGTAGGTTA-1,1,20,78,6713,13416
TTCTTGGAGTAATGAG-1,1,21,79,6966,13561
GTCTCGATCTGCTTTC-1,1,20,80,6713,13706
TACTCTCCGAACAAAT-1,1,21,81,6965,13851
ATCACATTAGAATATC-1,1,20,82,6712,13996
TACGGGATGCTAGCAG-1,1,21,83,6964,14141
AGCTGAAGTAAACCAA-1,1,20,84,6712,14286
CATGGGTCGGGTGTGG-1,1,21,85,6964,14431
CACCCACGAGGCAATT-1,1,20,86,6711,14576
TGCCATTACTAAAGAA-1,1,21,87,6963,14722
CCGTTACGTTAGAACA-1,1,20,88,6710,14866
GCCAGGAGTAACCGAT-1,1,21,89,6962,15012
GGAAAGTGCCCATGCC-1,1,20,90,6710,15156
TCTTACCGGAACTCGT-1,1,21,91,6962,15302
TATGTCAAGACCGACT-1,1,20,92,6709,15446
CCTAACTAAGGCTCTA-1,1,21,93,6961,15592
GCGGTGAACTGCGCTC-1,0,20,94,6709,15736
CCTCGCGCGATATAGG-1,0,21,95,6961,15882
ATCGGCAAGCAGTCCA-1,0,20,96,6708,16026
AGATCGTGCATAAGAT-1,0,21,97,6960,16172
ATTCAGGACCTATTTC-1,0,20,98,6707,16316
AGCTAGAAGCAGAAGT-1,0,21,99,6959,16462
TTCGCTATCTGACGTG-1,0,20,100,6707,16606
TTCCGCAGAGAAATAT-1,0,21,101,6959,16752
CAGTACATTCTCTAAA-1,0,20,102,6706,16896
GTGAAGATTTCAAGTG-1,0,21,103,6958,17042
AACGCATGATCTGGGT-1,0,20,104,6706,17186
CCCAGAGGAGGGCGTA-1,0,21,105,6958,17332
GGAAACCTTGTTGAAT-1,0,20,106,6705,17476
GTGAAGCCGTATAGTC-1,0,21,107,6957,17622
GAGCTGTCGTCTCGGA-1,0,20,108,6704,17767
TGTCATTTGTTGGGAA-1,0,21,109,6956,17912
ACCAACACCACACACT-1,0,20,110,6704,18057
AAATGATTCGATCAGC-1,0,21,111,6956,18202
CTGCTTTATGTCCGCG-1,0,20,112,6703,18347
GCGAGAGGCCATGTAA-1,0,21,113,6955,18492
ATTGACCGGCGATGAC-1,0,20,114,6703,18637
ACCCTGGTAACGCCCT-1,0,21,115,6955,18782
GTTGGACCGCATCAGG-1,0,20,116,6702,18927
CGTTTACAAGGCAGCT-1,0,21,117,6954,19072
CGGTCCATGAGACTCC-1,0,20,118,6701,19217
GTTCGTCTGGGTCCCT-1,0,21,119,6953,19362
TGTACTACTCTCACGG-1,0,20,120,6701,19507
AGTGAAGATGGTGTCC-1,0,21,121,6953,19652
GAGGGCCATAATATTA-1,0,20,122,6700,19797
ACTCCCGTAGACTAGG-1,0,21,123,6952,19942
CGTCAAATGGTCGCAG-1,0,20,124,6700,20087
AAGTCTAGTAGCTGCC-1,0,21,125,6952,20232
AAGAAATCACCAGATT-1,0,20,126,6699,20377
GAGTGCACGGACAACA-1,0,21,127,6951,20523
GTTCAAATCAGATGTC-1,0,22,0,7242,2105
CATGGCTCCCTATGTC-1,0,23,1,7494,2250
GGCCACACGAAAGCCT-1,0,22,2,7241,2395
GAAGCCGGGTAAGCTC-1,0,23,3,7493,2541
TTGCGCTCTCTCGCTT-1,0,22,4,7241,2685
TACATGACCTTATCCG-1,0,23,5,7493,2831
GTCCTTCTACAACCCA-1,0,22,6,7240,2975
TATATGCTGGGTTGCC-1,0,23,7,7492,3121
GTTTATGGGATTTAGA-1,0,22,8,7239,3265
GGAACCCGAACAAGAA-1,0,23,9,7492,3411
AACGTTATCAGCACCT-1,0,22,10,7239,3555
CATCGTCCGGTTACTA-1,0,23,11,7491,3701
AGACAGCTCAGAATCC-1,0,22,12,7238,3845
GCAGATCCTCGCAAAT-1,0,23,13,7490,3991
GGGTCATGCGTACCAT-1,0,22,14,7238,4135
CTGGTCATTCCAATCC-1,0,23,15,7490,4281
TCAGGGCGCAAACTCG-1,0,22,16,7237,4425
GATGCCAGCAGAAGGC-1,0,23,17,7489,4571
GTTATTAACGTGGGAG-1,0,22,18,7236,4715
AATACAATGTTTCAGG-1,0,23,19,7488,4861
TTGCTGCACCTATCCA-1,0,22,20,7236,5005
CCAGAGACAAAGCCGG-1,0,23,21,7488,5151
CCGAAGTATATTGTTC-1,0,22,22,7235,5295
GCTAAACCTGAGGTGA-1,0,23,23,7487,5441
TCATACTTACAGATCC-1,0,22,24,7235,5586
CGAGCACTTCAAGTTT-1,0,23,25,7487,5731
TAGCAACCTGTCACAA-1,0,22,26,7234,5876
TGGGAAATGCCTTTCC-1,0,23,27,7486,6021
AGACCATGGGATACAA-1,0,22,28,7233,6166
TAAATGAATCCGTTTC-1,0,23,29,7485,6311
ACAACGGTCCCTGCGA-1,0,22,30,7233,6456
GTCACTCTCCAAATCT-1,0,23,31,7485,6601
TTCTACTTGCGAGGGC-1,0,22,32,7232,6746
CGCAATTACTTTCGGT-1,0,23,33,7484,6891
CTGTTCATCTCACGGG-1,0,22,34,7232,7036
TTCTTGTAACCTAATG-1,0,23,35,7484,7181
GCTTGATGATAATCAG-1,0,22,36,7231,7326
TTGGCTCGCATGAGAC-1,0,23,37,7483,7471
GCCCAGTTGGTATGCC-1,1,22,38,7230,7616
ATTCCTCCGCCAGTGC-1,1,23,39,7482,7761
TCGTCCGCTGGCGTCT-1,1,22,40,7230,7906
GGAGAAGTCATTGGCA-1,1,23,41,7482,8051
TTGTTAGCAAATTCGA-1,1,22,42,7229,8196
TCTAGCATCTTCGATG-1,1,23,43,7481,8342
TTCTAGGCCAATTGTG-1,1,22,44,7229,8486
TCACGGTCATCGCACA-1,1,23,45,7481,8632
ATGAAGCCAAGGAGCC-1,1,22,46,7228,8776
AATGACTGTCAGCCGG-1,1,23,47,7480,8922
CCAAACAGAACCCTCG-1,1,22,48,7227,9066
TATCGATGATTAAACG-1,1,23,49,7479,9212
GAACACACATCAACCA-1,1,22,50,7227,9356
CCCGTCAGCGTCTGAC-1,1,23,51,7479,9502
AGCATCGTCGATAATT-1,1,22,52,7226,9646
GACTAAGATCATGCAC-1,1,23,53,7478,9792
TAGGGTGTTTCAAGAG-1,1,22,54,7225,9936
TGGTTCGTAGCAAAGG-1,1,23,55,7478,10082
CTGTTCACTGCCTGTG-1,1,22,56,7225,10226
ATGTGCATCCGACGCA-1,1,23,57,7477,10372
TTGTCGTTCAGTTACC-1,1,22,58,7224,10516
CGGGATCAATGTAAGA-1,1,23,59,7476,10662
TTATCTGTATCATAAC-1,1,22,60,7224,10806
ATCGACTCTTTCCGTT-1,1,23,61,7476,10952
CTCATTTGATGGGCGG-1,1,22,62,7223,11096
GTAAGCGGGCAGTCAG-1,1,23,63,7475,11242
TCTATCGGTCGCAACA-1,1,22,64,7222,11386
AACGCGGTCTCCAGCC-1,1,23,65,7474,11532
ATTAATACTACGCGGG-1,1,22,66,7222,11677
CTTTAACTTTCAAAGG-1,1,23,67,7474,11822
CGTACCTGATAGGCCT-1,1,22,68,7221,11967
GAATGTTGGGTAATCT-1,1,23,69,7473,12112
TGCGGAGTAAAGGTGC-1,1,22,70,7221,12257
CCTGAATATTTACATA-1,1,23,71,7473,12402
TTGCTCCCATACCGGA-1,1,22,72,7220,12547
CCTCTAATCTGCCAAG-1,1,23,73,7472,12692
AGGTTGAGGCACGCTT-1,1,22,74,7219,12837
TCCCGTCAGTCCCGCA-1,1,23,75,7471,12982
TCCGATGACTGAGCTC-1,1,22,76,7219,13127
CAGCCTCCTGCAGAGG-1,1,23,77,7471,13272
CTTAGCCTTCCACATG-1,1,22,78,7218,13417
ATTAATGAACCAGTCG-1,1,23,79,7470,13562
ACGATACATAGAACTA-1,1,22,80,7218,13707
AGCCACTCCCGTGCTT-1,1,23,81,7470,13852
ATACGGGTTTCGATTG-1,1,22,82,7217,13997
CTGTCAAATGGCTCGG-1,1,23,83,7469,14142
GCTCGGAATTTAAAGC-1,1,22,84,7216,14287
TAGGCATGTTACGCCA-1,1,23,85,7468,14433
TGGCAACTCGCGCGCC-1,1,22,86,7216,14577
ATCAGTAGGCAGGGAT-1,1,23,87,7468,14723
TATCGATCTATGCATA-1,1,22,88,7215,14867
CGACTCAGGATGTTAT-1,1,23,89,7467,15013
GCCATATTGCACACAG-1,1,22,90,7215,15157
AATTCATAAGGGATCT-1,1,23,91,7467,15303
CGGTAGAGGTGCAGGT-1,1,22,92,7214,15447
AATGATGATACGCTAT-1,1,23,93,7466,15593
CTTGTGCTCACCGATT-1,0,22,94,7213,15737
TTCCAATCAGAGCTAG-1,0,23,95,7465,15883
CGATGGACCCTACGCC-1,0,22,96,7213,16027
GGTCGGATAAACGGCG-1,0,23,97,7465,16173
TTAGCTAATACGATCT-1,0,22,98,7212,16317
CTCGATATTTGCGAGC-1,0,23,99,7464,16463
ATTACTTACTGGGCAT-1,0,22,100,7211,16607
CTAGCCGATGTTATGA-1,0,23,101,7464,16753
TACTGCAATCAATTAC-1,0,22,102,7211,16897
TAGTCTGTGACGTTGC-1,0,23,103,7463,17043
CTCGTTTCTAATGTTT-1,0,22,104,7210,17187
TTCGTTCAACGAAGTT-1,0,23,105,7462,17333
CTGAATTTATTGCCAG-1,0,22,106,7210,17478
TGGAATATCCTTGACC-1,0,23,107,7462,17623
CAGATCATTTAAAGTC-1,0,22,108,7209,17768
CTCCTTTACGCAAGTC-1,0,23,109,7461,17913
TCCCAAACAGACAACG-1,0,22,110,7208,18058
ATCGCTGCGTGCAGCA-1,0,23,111,7460,18203
TTAGTTCAAGTGTTCG-1,0,22,112,7208,18348
AAACTCGTGATATAAG-1,0,23,113,7460,18493
TTAACGAACAAGCAGT-1,0,22,114,7207,18638
GTTATATCAGGAGCCA-1,0,23,115,7459,18783
CAAATTGGATTATGCC-1,0,22,116,7207,18928
CGAGGAGCTTCCATAT-1,0,23,117,7459,19073
GGAGACCAATGTGCTT-1,0,22,118,7206,19218
CATTGATGAACACGCC-1,0,23,119,7458,19363
GTCAATGCTATAATTT-1,0,22,120,7205,19508
ACCACCCTCTCTTCTA-1,0,23,121,7457,19653
TGGAGGGAAACACCTC-1,0,22,122,7205,19798
CACGGACGTGGATGGC-1,0,23,123,7457,19943
AACTTTCTCGATCATG-1,0,22,124,7204,20088
CGTATTGTTTCCTAAT-1,0,23,125,7456,20234
CCTACTGCGGCGGCCA-1,0,22,126,7204,20378
CTTAGGTCCCAATCGT-1,0,23,127,7456,20524
CGCAATCGATCATTAG-1,0,24,0,7747,2106
TGGTTATGCTTGCGGT-1,0,25,1,7999,2252
GGCTTGGCTCTCACCT-1,0,24,2,7746,2396
ATTGGTAGGATCCGCT-1,0,25,3,7998,2542
TCAGGGCGACTTCCTT-1,0,24,4,7745,2686
TCTGCAGATTCGAGTC-1,0,25,5,7997,2832
CTCTCGCTGTACTATG-1,0,24,6,7745,2976
AATAGTCGCGAGTCGG-1,0,25,7,7997,3122
AGTTACCCTTAAGACT-1,0,24,8,7744,3266
CTTAAATAAGACCCAT-1,0,25,9,7996,3412
GGTTGTGCTCTTGTCC-1,0,24,10,7744,3556
GTGAGTCTAAGACGGA-1,0,25,11,7996,3702
CGCGACACTGCGCAGC-1,0,24,12,7743,3846
GCTCGCGGTTCCGCTC-1,0,25,13,7995,3992
TTAACTCACGCGTGGA-1,0,24,14,7742,4136
GGAACGGCCTGCAGCC-1,0,25,15,7994,4282
GTAGAAACGGGTGGAG-1,0,24,16,7742,4426
TAATGAAAGACCCTTG-1,0,25,17,7994,4572
AGGCTTGCTAGACACC-1,0,24,18,7741,4716
TTGCGTAGTTTGAGGA-1,0,25,19,7993,4862
CGCCCTTGAAGGCTGA-1,0,24,20,7741,5006
CCCGGTGGAAGAACCT-1,0,25,21,7993,5152
TTAACACCTCGAACAT-1,0,24,22,7740,5297
GATTCCTATACGGCGC-1,0,25,23,7992,5442
TTACCCTAACAGTCCT-1,0,24,24,7739,5587
ACCCACCTACATGCTC-1,0,25,25,7991,5732
AAAGGGCAGCTTGAAT-1,0,24,26,7739,5877
CACACAGGGATAGATT-1,0,25,27,7991,6022
AGAGCGTACAAGCTCG-1,0,24,28,7738,6167
TCTTACGGCATCCGAC-1,0,25,29,7990,6312
GCCTATTCCGATATAG-1,0,24,30,7737,6457
GAAAGTGACTAACTGC-1,0,25,31,7990,6602
CCGGAATGGTTTCAGT-1,0,24,32,7737,6747
AGTATAATACTAGGCA-1,0,25,33,7989,6892
TAACTATCGAAGGTCC-1,0,24,34,7736,7037
ATGAGGAGTGTTAATC-1,0,25,35,7988,7182
TGTGTCGCGAGTTGCA-1,0,24,36,7736,7327
ATCCAACGCAGTCATA-1,0,25,37,7988,7472
AAGGCGCGTAAAGCTT-1,0,24,38,7735,7617
AGTCGGCCCAAACGAC-1,0,25,39,7987,7762
AACGTCAGACTAGTGG-1,1,24,40,7734,7907
ACTACCAGCTCTCTGG-1,1,25,41,7986,8053
GCAAGTGCACAGAGAA-1,1,24,42,7734,8197
ACACCTTAAGTAGGGC-1,1,25,43,7986,8343
TTCGACGGGAAGGGCG-1,1,24,44,7733,8487
TTCGCACTCGCGTGCT-1,1,25,45,7985,8633
TATTTGTTACCCTTTA-1,1,24,46,7733,8777
CGCTGTGACGCCGCAC-1,1,25,47,7985,8923
GTTGCACGGAGTTTCG-1,1,24,48,7732,9067
GTTTCCTGGAGGGTGA-1,1,25,49,7984,9213
ACACCCAGCATGCAGC-1,1,24,50,7731,9357
TCAACCATGTTCGGGC-1,1,25,51,7983,9503
TTACAACTACGCATCC-1,1,24,52,7731,9647
TCCGATGGTGCGACAT-1,1,25,53,7983,9793
GGGCGTACATTTATAT-1,1,24,54,7730,9937
AGCGACCAACGATATT-1,1,25,55,7982,10083
ACACAAAGACGGGTGG-1,1,24,56,7730,10227
ATCGCACGCCGGGAGA-1,1,25,57,7982,10373
GCTCTAAACCCTGACG-1,1,24,58,7729,10517
AATGCAACCGGGTACC-1,1,25,59,7981,10663
TCAAACAACCGCGTCG-1,1,24,60,7728,10807
TATGCTCCCTACTTAC-1,1,25,61,7980,10953
AAAGGGATGTAGCAAG-1,1,24,62,7728,11098
ACGATCATACATAGAG-1,1,25,63,7980,11243
TTGTTCAGTGTGCTAC-1,1,24,64,7727,11388
ATGCATGATCCAGGAT-1,1,25,65,7979,11533
AGTCTTCTCCTCAAAT-1,1,24,66,7727,11678
GATTCCCTTGTCGCAG-1,1,25,67,7979,11823
CTCGCACCTATATAGT-1,1,24,68,7726,11968
ACTCAATAAAGGCACG-1,1,25,69,7978,12113
AACCGAGCTTGGTCAT-1,1,24,70,7725,12258
TAAGGCAACATAAGAT-1,1,25,71,7977,12403
CACGCACAGCGCAGCT-1,1,24,72,7725,12548
GGTTTACAATCTCAAT-1,1,25,73,7977,12693
TGCAGGATCGGCAAAG-1,1,24,74,7724,12838
ATAACGGAGTCCAACG-1,1,25,75,7976,12983
AACGATATGTCAACTG-1,1,24,76,7723,13128
GACAACGACCATTGAA-1,1,25,77,7976,13273
TTGACCATGTTCTCCG-1,1,24,78,7723,13418
AGTACGGGCACCTGGC-1,1,25,79,7975,13563
CGCCATCCGATTATGA-1,1,24,80,7722,13708
AAGGTATCCTAATATA-1,1,25,81,7974,13854
TGTTGTCAAGAAGTCT-1,1,24,82,7722,13998
CAGTGAATAAATGACT-1,1,25,83,7974,14144
CACCTTGCGAAACTCG-1,1,24,84,7721,14288
CATTTAGCGGACCATG-1,1,25,85,7973,14434
CCAGTCTAGACGGCGC-1,1,24,86,7720,14578
TCGCTTTAAACGTTTG-1,1,25,87,7972,14724
GTGAAACGGCGCCACC-1,1,24,88,7720,14868
GGGCTCATCGAACCCA-1,1,25,89,7972,15014
TTGATGTGTAGTCCCG-1,1,24,90,7719,15158
CAGTAGCCCACGCGGT-1,1,25,91,7971,15304
AGCGCGGGTGCCAATG-1,1,24,92,7719,15448
TAATCGATCCGTACGT-1,1,25,93,7971,15594
AGTGGCGGCAATTTGA-1,0,24,94,7718,15738
CCTTTCAATGAAGAAA-1,0,25,95,7970,15884
CTCAGTCACGACAAAT-1,0,24,96,7717,16028
ATAGGCTAGCTTCGCA-1,0,25,97,7969,16174
CGGTTCAAGTAGGTGT-1,0,24,98,7717,16318
CAGTCGAGGATGCAAT-1,0,25,99,7969,16464
TATCACCCAACCGACC-1,0,24,100,7716,16608
AATGATGCGACTCCTG-1,0,25,101,7968,16754
TGGAACCACTGACACA-1,0,24,102,7716,16898
GCCAATAGGGCATCTC-1,0,25,103,7968,17044
TTCTTTGGTCGCGACG-1,0,24,104,7715,17189
ATTAGATTCCTCAGCA-1,0,25,105,7967,17334
CCGTGGAACGATCCAA-1,0,24,106,7714,17479
GGGTCGTGGCAAGTGT-1,0,25,107,7966,17624
TCGCTCGGCACCAGCG-1,0,24,108,7714,17769
ACGCAATCACTACAGC-1,0,25,109,7966,17914
CTCTAATGCATTGATC-1,0,24,110,7713,18059
GTCTCGACTAAGTTTG-1,0,25,111,7965,18204
TGGTTTAAACGTGGGT-1,0,24,112,7713,18349
CGCAGATCTTCACCCG-1,0,25,113,7965,18494
TCCAGATGTACGCCAA-1,0,24,114,7712,18639
CATTGCGGGTCAATTC-1,0,25,115,7964,18784
GACGTTCGTAAATACA-1,0,24,116,7711,18929
TACACCGTCGTTAGTC-1,0,25,117,7963,19074
ACGGGCGTATGCGACA-1,0,24,118,7711,19219
GAAGGCTACCATTGTT-1,0,25,119,7963,19364
TAAATCTTTACACCTC-1,0,24,120,7710,19509
AGTTTATGTAAAGACA-1,0,25,121,7962,19654
AGGAGACATCCACAGT-1,0,24,122,7709,19799
CAACCTGAACCTGCCA-1,0,25,123,7962,19945
AGTCCCTCGCAGAAAG-1,0,24,124,7709,20089
TGTATACGGATGATGA-1,0,25,125,7961,20235
TTGTGGTATAGGTATG-1,0,24,126,7708,20379
TCTGCACCATTAGTAA-1,0,25,127,7960,20525
AAATGTATCTTATCCC-1,0,26,0,8251,2107
ACTCTAAACCTGGGAT-1,0,27,1,8503,2253
GCTGGCAGGTGCCGTG-1,0,26,2,8251,2397
CTCATTCGTGAACATC-1,0,27,3,8503,2543
TCGCCGGATGGGCAAG-1,0,26,4,8250,2687
GGACTAAGTCAGGAGT-1,0,27,5,8502,2833
TATCAAAGGTCTGTAA-1,0,26,6,8249,2977
TTCAGTTTGTGGCAGC-1,0,27,7,8501,3123
TGTTCATAAATGTGCT-1,0,26,8,8249,3267
CTTAGCCCGGATAGTG-1,0,27,9,8501,3413
GATGCGAATGGTATTA-1,0,26,10,8248,3557
TCTAACTGTATGTAAA-1,0,27,11,8500,3703
TTAAACCTGGTTCCTT-1,0,26,12,8248,3847
GCTAAGTAAAGGCGAT-1,0,27,13,8500,3993
AGTTACCGCACATGGT-1,0,26,14,8247,4137
GACTGCGGCACGTGTA-1,0,27,15,8499,4283
TGGTGATCGTATTTGT-1,0,26,16,8246,4427
TTATCGCCTGCGAAGC-1,0,27,17,8498,4573
TGGAATTAGACGCTTT-1,0,26,18,8246,4717
TCGTCACACTGTTAGC-1,0,27,19,8498,4863
TTATGTTTGCGATAGA-1,0,26,20,8245,5008
GGTGCTGATCACAAAG-1,0,27,21,8497,5153
CATAGCCGCCCGGGAT-1,0,26,22,8245,5298
GGTTAGTTACGGCGCC-1,0,27,23,8497,5443
ATTCCCACATAAACAA-1,0,26,24,8244,5588
ATTCAGTAGCAGGGTC-1,0,27,25,8496,5733
CAGTTCCGCGGGTCGA-1,0,26,26,8243,5878
AAGAGATGAATCGGTA-1,0,27,27,8495,6023
CGCAATTCTACAATAA-1,0,26,28,8243,6168
TAACGCTTTGAGAGCG-1,0,27,29,8495,6313
AGGCTATGGTTAGCTT-1,0,26,30,8242,6458
GAGGAATGGAGAGGTT-1,0,27,31,8494,6603
TCCTCTACGAGATGGC-1,0,26,32,8242,6748
TTGATTATGCAGATGA-1,0,27,33,8494,6893
TCAGTACTGACCCGCG-1,0,26,34,8241,7038
TTATGACAAACTGGAT-1,0,27,35,8493,7183
GTAAGTAGGGTATACC-1,0,26,36,8240,7328
CGCAAACACGAGTTAC-1,0,27,37,8492,7473
TGGCCGTATATTGACC-1,0,26,38,8240,7618
ACTGTAGCACTTTGGA-1,1,27,39,8492,7764
GCTCTATGTTACGTGC-1,1,26,40,8239,7908
TGCGCGATTAACGGAG-1,1,27,41,8491,8054
GAATCGACATGGTCAC-1,1,26,42,8238,8198
GACTAAGTAGGCTCAC-1,1,27,43,8491,8344
ATCTTGACCTGCAACG-1,1,26,44,8238,8488
ATGCACTACCGCATTG-1,1,27,45,8490,8634
CAGATACTAACATAGT-1,1,26,46,8237,8778
GATCGACACTATCTGA-1,1,27,47,8489,8924
ATAGAGTACTGGGACA-1,1,26,48,8237,9068
CCTACTGCTTACACTT-1,1,27,49,8489,9214
CCTGCTATTTGAGAAG-1,1,26,50,8236,9358
CGCGTTCATGAAATAC-1,1,27,51,8488,9504
CATTATGCTTGTTGTG-1,1,26,52,8235,9648
CCAGGGACGTGGCCTC-1,1,27,53,8487,9794
TATGGATGTGCTACGC-1,1,26,54,8235,9938
GTACTAAGATTTGGAG-1,1,27,55,8487,10084
AGACCCGCCCTCCTCG-1,1,26,56,8234,10228
CGCATTAGCTAATAGG-1,1,27,57,8486,10374
GCTCTCGGGTACCGAA-1,1,26,58,8234,10518
CACCGCCAGAAGGTTT-1,1,27,59,8486,10664
TCCCAAAGACGAAGGA-1,1,26,60,8233,10809
ATGGATTGACCAAACG-1,1,27,61,8485,10954
GTCATGGACATGACTA-1,1,26,62,8232,11099
CTACTGCCACCTGACC-1,1,27,63,8484,11244
TTATATTTGGCAATCC-1,1,26,64,8232,11389
AGCACCAGTACTCACG-1,1,27,65,8484,11534
CATGGTCTAGATACCG-1,1,26,66,8231,11679
TCTACCGTCCACAAGC-1,1,27,67,8483,11824
CTAGTTGGGCCCGGTA-1,1,26,68,8231,11969
TCCCGCGTACTCCTGG-1,1,27,69,8483,12114
CAGAGCATGAGCTTGC-1,1,26,70,8230,12259
ACACGGGAACTTAGGG-1,1,27,71,8482,12404
GGCTCTGCTCCAACGC-1,1,26,72,8229,12549
AGAACGTGGTACATTC-1,1,27,73,8481,12694
CAATAAACCTTGGCCC-1,1,26,74,8229,12839
ACTTCGCCATACGCAC-1,1,27,75,8481,12984
ATCTGGTTAAGACTGT-1,1,26,76,8228,13129
TCGTAAGACGACATTG-1,1,27,77,8480,13274
GTGTACCTTGGCTACG-1,1,26,78,8228,13419
GCCCGTAATACCTTCT-1,1,27,79,8480,13565
CGGTCAAGTGGGAACC-1,1,26,80,8227,13709
TTGTAAGGCCAGTTGG-1,1,27,81,8479,13855
GGAGCACCAAGAACTA-1,1,26,82,8226,13999
TAATAGTGACGACCAG-1,1,27,83,8478,14145
CTAAATCCTATTCCGG-1,1,26,84,8226,14289
CGAGTTCTGTCCCACC-1,1,27,85,8478,14435
AGGCAGATGCGTAAAC-1,1,26,86,8225,14579
AAGGATGAGGGACCTC-1,1,27,87,8477,14725
AGAGAACCGTCTAGGA-1,1,26,88,8225,14869
GAGGGCGCAGCTCTGC-1,1,27,89,8477,15015
AAGATTGGCGGAACGT-1,1,26,90,8224,15159
CCAGTAGTCTGATCCA-1,1,27,91,8476,15305
AAGGGACAGATTCTGT-1,1,26,92,8223,15449
ATAGAGTTATCAACTT-1,0,27,93,8475,15595
AAATTACCTATCGATG-1,0,26,94,8223,15739
GATCCTAAATCGGGAC-1,0,27,95,8475,15885
TTACAGACCTAAATGA-1,0,26,96,8222,16029
CCTCACCTTAGCATCG-1,0,27,97,8474,16175
CATGCGACCAGTTTAA-1,0,26,98,8221,16319
AACATATCAACTGGTG-1,0,27,99,8474,16465
CTATAAGAGCCAATCG-1,0,26,100,8221,16609
AATATCGAGGGTTCTC-1,0,27,101,8473,16755
GTACTCCTGGGTATGC-1,0,26,102,8220,16900
ATAAGTAGGATTCAGA-1,0,27,103,8472,17045
AGGTCGCGGAGTTACT-1,0,26,104,8220,17190
CTAATTCTCAGATATT-1,0,27,105,8472,17335
GCCAACCATTTCCGGA-1,0,26,106,8219,17480
TGATCCCAGCATTAGT-1,0,27,107,8471,17625
CGTTGTAAGATTGATT-1,0,26,108,8218,17770
GAAACCATGGTGCGCT-1,0,27,109,8470,17915
AATCTATGCCGGAGCC-1,0,26,110,8218,18060
GACTCCCAGAATAAGG-1,0,27,111,8470,18205
TATGATCCGGCACGCC-1,0,26,112,8217,18350
CCGCTTGCTGACATGG-1,0,27,113,8469,18495
TGGTTAAGGGCGCTGG-1,0,26,114,8217,18640
TTGATAGTCAATACAT-1,0,27,115,8469,18785
GGTTTAATTGAGCAGG-1,0,26,116,8216,18930
CATTACATAGATTGTG-1,0,27,117,8468,19075
GGTACACCAGATTTAT-1,0,26,118,8215,19220
GGCCCGTATACCATGC-1,0,27,119,8467,19365
ATCTTTCGTATAACCA-1,0,26,120,8215,19510
GAGATGACAATCCTTA-1,0,27,121,8467,19656
AAAGCTTGCCTACATA-1,0,26,122,8214,19800
GAACGATAAGTTAAAG-1,0,27,123,8466,19946
TAATAGCTAAATGATG-1,0,26,124,8214,20090
TATGGCTAGGCTAATT-1,0,27,125,8466,20236
AGGAGAGTCTGGCTAC-1,0,26,126,8213,20380
TGCTCTGCCGGTTCAC-1,0,27,127,8465,20526
CCAATAGATTTCATCT-1,0,28,0,8756,2108
GGGCACGAATTGGCCG-1,0,29,1,9008,2254
TCGTTGACAGGGTCCC-1,0,28,2,8755,2398
ATCGTATTCCGAGAAC-1,0,29,3,9007,2544
GGGAATTCTGTCCAGT-1,0,28,4,8755,2688
ACGCGTTTCTTAAGAG-1,0,29,5,9007,2834
GAGAGCGCAGTCCCTG-1,0,28,6,8754,2978
GTCCTATTGTTGTGGT-1,0,29,7,9006,3124
CATCTGCAGGATCATT-1,0,28,8,8754,3268
GAGTCGACAGACCCTC-1,0,29,9,9006,3414
AAGTGCAAAGGTAGAC-1,0,28,10,8753,3558
AGGGTGGATAGTGCAT-1,0,29,11,9005,3704
TGATAGCGGGATTCTA-1,0,28,12,8752,3848
GTCAGTTTGGTAGTCG-1,0,29,13,9004,3994
GCATTCGAAATGAACA-1,0,28,14,8752,4138
AAAGACTGGGCGCTTT-1,0,29,15,9004,4284
TAACAATATTTGTTGC-1,0,28,16,8751,4429
CCAGCTTCCGCCCGCA-1,0,29,17,9003,4574
GATATGGATTACGCGG-1,0,28,18,8750,4719
AGAGCAGTTATGAGAC-1,0,29,19,9003,4864
TCACATCTTATCTGAT-1,0,28,20,8750,5009
TATGAAGACAGGTGCG-1,0,29,21,9002,5154
TACCTGCTGCACTGTG-1,0,28,22,8749,5299
TAGGTCCAAGTAAGGA-1,0,29,23,9001,5444
GAAACTCGTGCGATGC-1,0,28,24,8749,5589
AACAATTACTCTACGC-1,0,29,25,9001,5734
CCGCACGTGACCTCGG-1,0,28,26,8748,5879
AACTTGCCCGTATGCA-1,0,29,27,9000,6024
GGGTATGTATGCACTT-1,0,28,28,8747,6169
TTCGTACTCCAGAACG-1,0,29,29,8999,6314
GAATTTCTCGCTGCAG-1,0,28,30,8747,6459
AACAGGATGGGCCGCG-1,0,29,31,8999,6604
GACGTGTAGGGATTAT-1,0,28,32,8746,6749
TAGGTGAGCCCTACTC-1,0,29,33,8998,6894
CTAATTCGCACGCGCT-1,0,28,34,8746,7039
GAAGCTTGCTGACCGC-1,0,29,35,8998,7184
GGTTAGGCTTGGAGAA-1,0,28,36,8745,7329
ACAAGGACAAGAGGTT-1,0,29,37,8997,7475
AGGCCACCCGTTATGA-1,1,28,38,8744,7619
GTGGGCTTAGACACAC-1,1,29,39,8996,7765
CGTGTCCCATTCGCGA-1,1,28,40,8744,7909
TGGAGTGATGCGATGA-1,1,29,41,8996,8055
AACAACTGGTAGTTGC-1,1,28,42,8743,8199
CCTGGCTAGACCCGCC-1,1,29,43,8995,8345
CGCAATTAGGGTAATA-1,1,28,44,8743,8489
TCGAAATTTAGGACCA-1,1,29,45,8995,8635
AGACTAGCCTTCCAGA-1,1,28,46,8742,8779
TTGATCTAACTTTGTC-1,1,29,47,8994,8925
AAGGAGCGGTTGGTGC-1,1,28,48,8741,9069
ACTTGGGACCCGGTGG-1,1,29,49,8993,9215
TGATCTCCGGCGCCAG-1,1,28,50,8741,9359
CAGTTCAAATTGACAC-1,1,29,51,8993,9505
GTCCGGCTGAATTGCG-1,1,28,52,8740,9649
CTGGAAATGGATGCTT-1,1,29,53,8992,9795
TGATCGGTTTGACCCT-1,1,28,54,8740,9939
TAGAGTCTAAGCGAAC-1,1,29,55,8992,10085
GAGACTGATGGGTAGA-1,1,28,56,8739,10229
TAGCTAAGTCCGGGAG-1,1,29,57,8991,10375
GGGCGATATGTGTGAA-1,1,28,58,8738,10520
CTCGAGGTCGAACAGT-1,1,29,59,8990,10665
GATCCCTTTATACTGC-1,1,28,60,8738,10810
GTCATGCACCTCCGTT-1,1,29,61,8990,10955
ACTTTCCTATAGCTTC-1,1,28,62,8737,11100
TCGCTCGATATATTCC-1,1,29,63,8989,11245
ATAGGTTGGGCAGATG-1,1,28,64,8736,11390
CAATTAAGGGTGATGA-1,1,29,65,8989,11535
ACCGACTGAGTCCCAC-1,1,28,66,8736,11680
CCTGTCACCCGGGCTC-1,1,29,67,8988,11825
GATCGGTGGCCATAAC-1,1,28,68,8735,11970
CCTATGGGTTACCGTC-1,1,29,69,8987,12115
TTGGGACACTGCCCGC-1,1,28,70,8735,12260
CGAGGCTAAATATGGC-1,1,29,71,8987,12405
TCAGGGTGTAACGTAA-1,1,28,72,8734,12550
CGAGAGATGTGAACCT-1,1,29,73,8986,12695
TCGCTGGGCGGATTGT-1,1,28,74,8733,12840
AGATCTCAGGTGTGAT-1,1,29,75,8985,12985
TGGCCAAACTGAAGTA-1,1,28,76,8733,13130
GCTTCCGTCCCTAGAC-1,1,29,77,8985,13276
CAGCAGCCCGTTCCTT-1,1,28,78,8732,13420
TGTATAACAGATCCTG-1,1,29,79,8984,13566
CGCGGGAATTAGGCAG-1,1,28,80,8732,13710
TGCATGTGGTAATCTA-1,1,29,81,8984,13856
ACAATTTGAGCAGTGG-1,1,28,82,8731,14000
GAGCTAAGGGCATATC-1,1,29,83,8983,14146
CCAGATAGTTGAGTGA-1,1,28,84,8730,14290
CCACAATGTACGTCTT-1,1,29,85,8982,14436
CAATGGATCTCTACCA-1,1,28,86,8730,14580
TGTGGCAAAGCGTATG-1,1,29,87,8982,14726
TAAAGCGTTAGGAGAA-1,1,28,88,8729,14870
TCCGTTTAGCCTTGAA-1,1,29,89,8981,15016
CAGCTCGACAAGTTAA-1,1,28,90,8729,15160
GCCTATAGTGTCAGGG-1,1,29,91,8981,15306
ATAGACAACGGGACCT-1,1,28,92,8728,15450
CTACTATCTTTCAGAG-1,1,29,93,8980,15596
GCGCTGCTTTGCATTT-1,0,28,94,8727,15740
GCGCATCCAGTCAGCA-1,0,29,95,8979,15886
GACTCGCGGGAATGAC-1,0,28,96,8727,16030
CTGGTAACGAGCTCTT-1,0,29,97,8979,16176
TCCGGCCTAGCGTACA-1,0,28,98,8726,16321
TCTAGGTGGCGACGCT-1,0,29,99,8978,16466
ACGCTAGTGATACACT-1,0,28,100,8726,16611
ATCTGCACCTCTGCGA-1,0,29,101,8978,16756
CCTCACCTGAGGGAGC-1,0,28,102,8725,16901
AGTGAGCCTCGCCGCC-1,0,29,103,8977,17046
ACGAGTACGGATGCCC-1,0,28,104,8724,17191
GGTACCATTAAGACGG-1,0,29,105,8976,17336
TTCTGCTAGACTCCAA-1,0,28,106,8724,17481
TAACTATTACGCCAAA-1,0,29,107,8976,17626
GCATTCAAGGCAACGC-1,0,28,108,8723,17771
AGTACATCATTTATCA-1,0,29,109,8975,17916
GTCGTGTCTGGTCATC-1,0,28,110,8722,18061
AGTCTAAAGTATACTC-1,0,29,111,8975,18206
CGGCCCAACCTGTAGT-1,0,28,112,8722,18351
AGGGAGACATACTTCG-1,0,29,113,8974,18496
TCCCTAGATCAATAGG-1,0,28,114,8721,18641
TCCCGTCGCGTCATAG-1,0,29,115,8973,18786
CGCATCCATCAGCCAG-1,0,28,116,8721,18931
CTGCACCTAGTCCACA-1,0,29,117,8973,19076
CGAGGATCGGGAACGA-1,0,28,118,8720,19221
CAATGAGGTTCGACTA-1,0,29,119,8972,19367
TCTGACGGGCTAACCC-1,0,28,120,8719,19511
TTCTATGCCTTTCGCA-1,0,29,121,8971,19657
AGAGTATAGTGTTACG-1,0,28,122,8719,19801
CCATTGTTTCCTCCAT-1,0,29,123,8971,19947
CTCATCACTTAGTGAT-1,0,28,124,8718,20091
CCGAAGGGCGTACCGC-1,0,29,125,8970,20237
TCAAGCTGCCTTGAAA-1,0,28,126,8718,20381
CTCATTAACGTTGCCC-1,0,29,127,8970,20527
GTCTTCCTCACCTAAG-1,0,30,0,9261,2109
GGTGATGAAGGAAGTG-1,0,31,1,9513,2255
TCAATACAATTGCTGC-1,0,30,2,9260,2399
GCAACCCAAGTTGTTT-1,0,31,3,9512,2545
ATGAAGTGGACCCAGC-1,0,30,4,9259,2689
GAGAATCTCACGATCA-1,0,31,5,9511,2835
TATATCATTGATCAGT-1,0,30,6,9259,2979
AACTTTACGGGAGCTT-1,0,31,7,9511,3125
TTCTTGTGTCCATCAG-1,0,30,8,9258,3269
ACAATTTAGGAGGCTC-1,0,31,9,9510,3415
ATACTTGTTCTCGAGC-1,0,30,10,9258,3559
CACGGGATTGAGGGTT-1,0,31,11,9510,3705
GTTAATGTCTATCTTA-1,0,30,12,9257,3849
GCGTTATATTTGGAAC-1,0,31,13,9509,3995
CGTCAAGGCTATAAAT-1,0,30,14,9256,4140
TTAGCTCTGTAATCCG-1,0,31,15,9508,4285
AATGGTCCACCGTTCA-1,0,30,16,9256,4430
GTCATTGCATTGACCC-1,0,31,17,9508,4575
TGTCCGTGGCGCCTTT-1,0,30,18,9255,4720
TCAACTAACGTATAAC-1,0,31,19,9507,4865
TCCTCTCCAGTTGTCC-1,0,30,20,9255,5010
TGTGTTCGTATCCAAG-1,0,31,21,9507,5155
CCGCGTAGGTAAGGGC-1,0,30,22,9254,5300
CTGCGGGTGAAATGTT-1,0,31,23,9506,5445
TATCTACAGAGGTAAT-1,0,30,24,9253,5590
CTACTCTAGGCCCGGC-1,0,31,25,9505,5735
ACAAGCAGTGCCTAGC-1,0,30,26,9253,5880
TACAAGTCTCGTGCAT-1,0,31,27,9505,6025
TCGGAATGCGCTCTGA-1,0,30,28,9252,6170
TCGCGTCCAGAAGGTC-1,0,31,29,9504,6315
TATGGCCCGGCCTCGC-1,0,30,30,9252,6460
GCTGGCATATTCACCT-1,0,31,31,9504,6605
GTCAGAATAGTCTATG-1,0,30,32,9251,6750
GGCGTCCTATCCGCTG-1,0,31,33,9503,6896
CGGAGTTTGAGAGACA-1,0,30,34,9250,7040
AGCACTTAAGGACGCC-1,0,31,35,9502,7186
TCCACAATGGTTTACG-1,0,30,36,9250,7330
CCAACGATGCACTGAT-1,1,31,37,9502,7476
ATTTACAGTTTACTGG-1,1,30,38,9249,7620
CCCTGAAATGAGTTGA-1,1,31,39,9501,7766
CAAACGGTCGCACTTT-1,1,30,40,9248,7910
TGATTCGTCTATCACT-1,1,31,41,9501,8056
TCAGGTTCTTTGAGAA-1,1,30,42,9248,8200
CACGCAGCGAGGCTTT-1,1,31,43,9500,8346
TTAAGCGCCTGACCCA-1,1,30,44,9247,8490
CTTACACGGTATTCCA-1,1,31,45,9499,8636
AAGGCTGTGCTCATCG-1,1,30,46,9247,8780
GACCAGAGCCCTGTAG-1,1,31,47,9499,8926
TCCCAGGCTTAGCTAA-1,1,30,48,9246,9070
ATTGAAGATCTTAGTG-1,1,31,49,9498,9216
AGTTCCTACAGAATTA-1,1,30,50,9245,9360
GGGCTGGTTAGTCGCG-1,1,31,51,9497,9506
GAAATGGCGGTGTTAG-1,1,30,52,9245,9650
TACGAACACGACTTCA-1,1,31,53,9497,9796
ACCACAAGTTTCTATC-1,1,30,54,9244,9940
ATATTTAACCCTCAAG-1,1,31,55,9496,10086
GATCATTCCAAACATT-1,1,30,56,9244,10231
TCCAGGCGAGTACGGT-1,1,31,57,9496,10376
GTTTGACCAAATCCTA-1,1,30,58,9243,10521
CACAGCACCCACGGCA-1,1,31,59,9495,10666
TGCAAGAATGACGTAA-1,1,30,60,9242,10811
GCGAAGCCATACCCGT-1,1,31,61,9494,10956
TCCTTTCTTACGCTTA-1,1,30,62,9242,11101
GCTGCTCTCCGGACAC-1,1,31,63,9494,11246
ACTGTCTTCTTTAGAA-1,1,30,64,9241,11391
TCAAACTTAGATTGTT-1,1,31,65,9493,11536
CTATGTCACTAGCCCA-1,1,30,66,9241,11681
TGCGCAAAGCATTTGG-1,1,31,67,9493,11826
TTAATGTAGACCAGGT-1,1,30,68,9240,11971
GGCGGTAGGATCATTG-1,1,31,69,9492,12116
GGCAATAGTCAATGAG-1,1,30,70,9239,12261
ACACGAGACTCCTTCT-1,1,31,71,9491,12406
GACACAAGGGAAGAAA-1,1,30,72,9239,12551
TCAGCAAATGCATCTC-1,1,31,73,9491,12696
GAGATCTGTCACTCCG-1,1,30,74,9238,12841
ATGCCGGTCTTGCATA-1,1,31,75,9490,12987
TTGGGCGGCGGTTGCC-1,1,30,76,9238,13131
TTGTTGTGTGTCAAGA-1,1,31,77,9490,13277
ACTGTACGATACACAT-1,1,30,78,9237,13421
TCCACTTTATCTAGGT-1,1,31,79,9489,13567
GGTCTGAGAATCTGGA-1,1,30,80,9236,13711
TAGAAAGGTGGCGCTA-1,1,31,81,9488,13857
TATGTCTCATTGTGCC-1,1,30,82,9236,14001
GGATTTCACTTCTATA-1,1,31,83,9488,14147
TGAGTGGTCCGTGACG-1,1,30,84,9235,14291
CGCTTTCTTGCATTCG-1,1,31,85,9487,14437
ACCCAACGCCCGTGGC-1,1,30,86,9234,14581
GAACGTCTCATGGTCG-1,1,31,87,9487,14727
AGGGTTCCCTTTGGTT-1,1,30,88,9234,14871
GTAGCTTCCTCTTGTT-1,1,31,89,9486,15017
GCATGAGGGACGCGGC-1,1,30,90,9233,15161
CTACCCTAAGGTCATA-1,1,31,91,9485,15307
TCACCGCTCGGCACTC-1,1,30,92,9233,15451
GGCTCGCGTTGAGGTA-1,0,31,93,9485,15597
CTAACGAAACTTGCTG-1,0,30,94,9232,15741
TTAAACTCGAATTCAT-1,0,31,95,9484,15887
TACTTTACTGAGCCGG-1,0,30,96,9231,16032
GCTTGGATCGATTAGG-1,0,31,97,9483,16177
CGGTTATCCAACAGTG-1,0,30,98,9231,16322
CAGACCTGTAAGTGTT-1,0,31,99,9483,16467
GACGGTCAATAGAAGC-1,0,30,100,9230,16612
CTGACTGCGCAGCTCG-1,0,31,101,9482,16757
CCATACCTTTACTTGT-1,0,30,102,9230,16902
GTAATAAAGGGCTCCC-1,0,31,103,9482,17047
GTGAACTCCCATTCGA-1,0,30,104,9229,17192
GTGGTTACTTCTTTCG-1,0,31,105,9481,17337
TCAGAACCTCCACAGG-1,0,30,106,9228,17482
TCCCACTCTCTTCCGG-1,0,31,107,9480,17627
ATCTTGACTTGTCCAA-1,0,30,108,9228,17772
TCGGGAACGTGCCTAG-1,0,31,109,9480,17917
GTTAGCCGTAAATCAA-1,0,30,110,9227,18062
ATTTACTAAGTCCATT-1,0,31,111,9479,18207
GGGTGCATATGAAAGC-1,0,30,112,9227,18352
TCCGAATGGTCCTGAG-1,0,31,113,9479,18497
TGATGGCTGTTTCTGA-1,0,30,114,9226,18642
AAATAAGGTAGTGCCC-1,0,31,115,9478,18788
CCACTATCCGGGTCAC-1,0,30,116,9225,18932
ACACCACATAATTAGC-1,0,31,117,9477,19078
CGCGGTAAGTCTAGCT-1,0,30,118,9225,19222
GCGGGCATTACGATGC-1,0,31,119,9477,19368
AGGATTGCTTACGACA-1,0,30,120,9224,19512
CTCGGGATAACACCTA-1,0,31,121,9476,19658
GTCGTCTGGTTGGCTA-1,0,30,122,9224,19802
GCAATTAGTCGCACCG-1,0,31,123,9476,19948
GTGACCTAAAGAATAA-1,0,30,124,9223,20092
CTGAGCGAGACTTATT-1,0,31,125,9475,20238
CAAGACTCAGAAGCGC-1,0,30,126,9222,20382
ACTTCGCTAGCGAGTG-1,0,31,127,9474,20528
CCATACTCGCCTCTCC-1,0,32,0,9765,2110
ACGATACCTATCCTGA-1,0,33,1,10017,2256
CTCACCAGTACAAGTG-1,0,32,2,9765,2400
CGAAGACGGTGAGTGC-1,0,33,3,10017,2546
AAATTAATAAGCGCGA-1,0,32,4,9764,2690
GGGCCCTTATCTATAC-1,0,33,5,10016,2836
CTGCCCACGAAGCGTT-1,0,32,6,9764,2980
GGACAAGTTGCAGTGA-1,0,33,7,10016,3126
GTCCGAGAGCAATCAT-1,0,32,8,9763,3270
ATGGCAGCCGAGAAAC-1,0,33,9,10015,3416
CCTCGGATGCTACCTG-1,0,32,10,9762,3560
ATACGGTGAAGATGCA-1,0,33,11,10014,3706
ACATCAGCTGGGACGC-1,0,32,12,9762,3851
GGTTGTGTAGCCTGGC-1,0,33,13,10014,3996
CCTGCGTTCTACGCTT-1,0,32,14,9761,4141
GAACGTTAGGAAGACG-1,0,33,15,10013,4286
CTGATAGTGTATCTCA-1,0,32,16,9760,4431
TTCTGCGAGCGCCCTT-1,0,33,17,10012,4576
CTTTGGCGCTTTATAC-1,0,32,18,9760,4721
TCCGAACTTGGCTTAC-1,0,33,19,10012,4866
TAGATTCCTGGTTATT-1,0,32,20,9759,5011
CCGACAAAGGGAGTGC-1,0,33,21,10011,5156
CCATGGCCCTTGTACC-1,0,32,22,9759,5301
GAAATATCACCATCAG-1,0,33,23,10011,5446
ACGAAATGGGCGGCAC-1,0,32,24,9758,5591
GTGAGCGTGCTGCACT-1,0,33,25,10010,5736
CCGCGGGTACGAAGAA-1,0,32,26,9757,5881
TCCCTGGCTCGCTGGA-1,0,33,27,10009,6026
CAGCTTAGTAGGTAGC-1,0,32,28,9757,6171
CACGAAAGTTAGTCCC-1,0,33,29,10009,6316
ACCTAATCGACTTCCT-1,0,32,30,9756,6461
AAGTAGTGACGCGAGG-1,0,33,31,10008,6607
TCCGATTACATTGCCG-1,0,32,32,9756,6751
CCTCCGACAATTCAAG-1,0,33,33,10008,6897
GTTCACAGGAGTCTAG-1,0,32,34,9755,7041
CGAAGTTGCTCTGTGT-1,1,33,35,10007,7187
GTCGGATATCTCAGAC-1,0,32,36,9754,7331
CGCTCTCCGTAGATTA-1,1,33,37,10006,7477
CAAGCAACGTCGGAGT-1,1,32,38,9754,7621
CCATTCCCTGCCCACA-1,1,33,39,10006,7767
CTTTGGCTTTAGTAAA-1,1,32,40,9753,7911
GGCTATTAAGTTGTAT-1,1,33,41,10005,8057
CCATTAGCGATAATCC-1,1,32,42,9753,8201
TGTTCTTCCATTGACT-1,1,33,43,10005,8347
AGATAACTTCAGGGCC-1,1,32,44,9752,8491
ATAGACGAAGAGAAAG-1,1,33,45,10004,8637
GGCGGAGTAATATTAG-1,1,32,46,9751,8781
TGACCCACGTTAGACA-1,1,33,47,10003,8927
TCACAGGTTATTGGGC-1,1,32,48,9751,9071
TCACGCATTGTAGATC-1,1,33,49,10003,9217
TTGAAGAATTCCCAGG-1,1,32,50,9750,9361
AAATGGTCAATGTGCC-1,1,33,51,10002,9507
TAGTGCCCTCCAGAGT-1,1,32,52,9750,9651
GGTATTGCCGAGTTTA-1,1,33,53,10002,9797
CGTATTAAGAGATCTA-1,1,32,54,9749,9942
ACTGTCCAGGATTATA-1,1,33,55,10001,10087
CGGGCAGCTAAACCGC-1,1,32,56,9748,10232
TTGCTGATCATGTTCG-1,1,33,57,10000,10377
TATGGGTACGTATCGT-1,1,32,58,9748,10522
CAGCTCACTGAGACAT-1,1,33,59,10000,10667
GGGACTGCATAGATAG-1,1,32,60,9747,10812
ACGCATTCGTGAGTAC-1,1,33,61,9999,10957
CTCTGGACGCCTGGTG-1,1,32,62,9746,11102
AGGGTTTAGTTCGGGA-1,1,33,63,9999,11247
GGGAGAACTCACAGTA-1,1,32,64,9746,11392
ATCAATCTGGGCTGCA-1,1,33,65,9998,11537
TCTTCGATACCAATAA-1,1,32,66,9745,11682
ACGTAGATTGCTGATG-1,1,33,67,9997,11827
TCTTGATGCGTAGCGA-1,1,32,68,9745,11972
GGGCTGCCTAGGGCGA-1,1,33,69,9997,12117
CTCTCACAATCGATGA-1,1,32,70,9744,12262
CCAAGCGTAACTCGTA-1,1,33,71,9996,12407
ACAACAGCATGAGCTA-1,1,32,72,9743,12552
GTCCCAACGTAAAGTA-1,1,33,73,9995,12698
TCGGAGTACATGAGTA-1,1,32,74,9743,12842
GGGAGTTAATGAGGCG-1,1,33,75,9995,12988
CCGGGCGGTCTCGTCA-1,1,32,76,9742,13132
CCGTAAGTTGGTCCCA-1,1,33,77,9994,13278
GGAGGGCTTGGTTGGC-1,1,32,78,9742,13422
TCGGACGCCCAGCCCA-1,1,33,79,9994,13568
TCTGTGCCATCATAGT-1,1,32,80,9741,13712
GTACTGGAGTTAGACC-1,1,33,81,9993,13858
GGAATGCGCTAGCGTG-1,1,32,82,9740,14002
GTGTGAATAACTTAGG-1,1,33,83,9992,14148
GGTCGGCCAGGAGCTT-1,1,32,84,9740,14292
TAGCCGGCGGTCAGCG-1,1,33,85,9992,14438
CGGGTGTACCCATTTA-1,1,32,86,9739,14582
AGTGATTCAAGCAGGA-1,1,33,87,9991,14728
GTTGGATTGAGAACAC-1,1,32,88,9739,14872
CACACGCGCTGTCTTA-1,1,33,89,9991,15018
TAGACGCCCGTACCGG-1,1,32,90,9738,15162
GGTTTCAATCGGTCAG-1,1,33,91,9990,15308
AATCTGCGTTGGGACG-1,1,32,92,9737,15452
TTACGGATGGTTCGAG-1,1,33,93,9989,15598
CGGCAGGGTCGGGTTG-1,0,32,94,9737,15743
GCTTTCAGAGGAGGTG-1,0,33,95,9989,15888
TCTTCCCATGGGCACA-1,0,32,96,9736,16033
TACCGCGGACTTGCAG-1,0,33,97,9988,16178
AGAATTATGGATTCGA-1,0,32,98,9736,16323
ATTGATGAGTCCTAAC-1,0,33,99,9988,16468
TAGGTCGCCGGAACTG-1,0,32,100,9735,16613
TAACCTACCGTCCGAG-1,0,33,101,9987,16758
CTTAGTAGGCCTACAG-1,0,32,102,9734,16903
CTAGATGTGAGTGTAA-1,0,33,103,9986,17048
ACTCCCGAATTCGTTT-1,0,32,104,9734,17193
GTTCATCGTTTGGCTG-1,0,33,105,9986,17338
ACTTTACCCTCATGAA-1,0,32,106,9733,17483
GCGAGAGTTGCGTCCA-1,0,33,107,9985,17628
GTTCGGGCGTACCATT-1,0,32,108,9732,17773
CGACTTTGTATAGCCT-1,0,33,109,9985,17918
GCCATCGATGCTGCAT-1,0,32,110,9732,18063
GCATTTCCAAGGCTCC-1,0,33,111,9984,18208
ATGTAAGGCTGCTCTT-1,0,32,112,9731,18353
ACGTTCGCAATCAATT-1,0,33,113,9983,18499
GTGACGAGGGTGACCC-1,0,32,114,9731,18643
ATTATAGCTACTTTAC-1,0,33,115,9983,18789
CGTGTGTTAAACCCTG-1,0,32,116,9730,18933
TTGGTATGGCTTGTGT-1,0,33,117,9982,19079
CATTCCCATTCCGTCG-1,0,32,118,9729,19223
TGCCGAAAGCGTATTC-1,0,33,119,9981,19369
CAACACATCTCCTGCC-1,0,32,120,9729,19513
CTGCCTCATATGCAAC-1,0,33,121,9981,19659
TCCCGCCTATGTGCGT-1,0,32,122,9728,19803
GGTTACCCGACACTTT-1,0,33,123,9980,19949
CCAGCGGGATCACCAG-1,0,32,124,9728,20093
ATGTTTCGGCCCGGAG-1,0,33,125,9980,20239
GCGTCTAACCTCCTAA-1,0,32,126,9727,20383
ATCAGGTAGCTGACAG-1,0,33,127,9979,20529
GGTATGAAAGAACTGA-1,0,34,0,10270,2111
GTGGCCTAATATCATT-1,0,35,1,10522,2257
CCTGTGAAACCGTAAC-1,0,34,2,10269,2401
GGCAGAGAGATCGGGA-1,0,35,3,10521,2547
TAGCGTCGAATATTGA-1,0,34,4,10269,2691
CGCCGACTATTCGCTA-1,0,35,5,10521,2837
TCTGGCGCAAGCCGGG-1,0,34,6,10268,2981
AGTGGTTGCGTATAGG-1,0,35,7,10520,3127
ATCGGTTACCTAGTAA-1,0,34,8,10268,3271
CCTGCCCGTTGTCTAG-1,0,35,9,10520,3417
GCACACGCCCATGGTC-1,0,34,10,10267,3562
AGTACGGCCCGTATCG-1,0,35,11,10519,3707
TATCTAGCCTAAAGGA-1,0,34,12,10266,3852
CACTCGGTTAGGAGGA-1,0,35,13,10518,3997
ATGTTCGTCGACCCAC-1,0,34,14,10266,4142
TTCCTCTGCCCGAATA-1,0,35,15,10518,4287
TTACTATCGGCTTCTC-1,0,34,16,10265,4432
GCCGCATTAGTCCGGC-1,0,35,17,10517,4577
TAAGGGCTGGGAGAGG-1,0,34,18,10265,4722
TAAGCAGGCGACACGC-1,0,35,19,10517,4867
AGCACTACCGGCCTGT-1,0,34,20,10264,5012
GAAAGCCCTTTGGACC-1,0,35,21,10516,5157
GACCGACTGAAGCGTC-1,0,34,22,10263,5302
CGGTGAAGACTAAAGT-1,0,35,23,10515,5447
CCCTGCGCTACGCATA-1,0,34,24,10263,5592
TACTGGACAGCTCGGC-1,0,35,25,10515,5737
TTAGTAGGGCGGCGGG-1,0,34,26,10262,5882
GAGGCTATCAAAGTCG-1,0,35,27,10514,6027
TTACCATTGATTACCC-1,0,34,28,10261,6172
ATACCACGGGCAACTT-1,0,35,29,10514,6318
TGTCCTAAGTCACCGC-1,0,34,30,10261,6462
AGGTAGGTACAAAGCT-1,0,35,31,10513,6608
GGCATACAGGTAGCGG-1,0,34,32,10260,6752
TGTAGTGATCTATAAT-1,0,35,33,10512,6898
TCCCGGGTGTGCTGCT-1,0,34,34,10260,7042
TACGATGTTGATCATC-1,1,35,35,10512,7188
CCTCTCTCCCATCTAG-1,1,34,36,10259,7332
GCAGGACTATAGAATA-1,1,35,37,10511,7478
CTAGTGAAGGACAGGA-1,1,34,38,10258,7622
TACGAGAACTTCACGT-1,1,35,39,10510,7768
CGTTGTTTCAATTCCC-1,1,34,40,10258,7912
GCAAATATTACGCTTT-1,1,35,41,10510,8058
CCAATAGTGCCGTCGA-1,1,34,42,10257,8202
ATTGCTGCTCCTCCAT-1,1,35,43,10509,8348
GAGATCTGCTTGGCAT-1,1,34,44,10257,8492
GCCGAAATTCCTACGT-1,1,35,45,10509,8638
GGCACTCCACTGGGCA-1,1,34,46,10256,8782
GGGTCACCGTGACGGT-1,1,35,47,10508,8928
CACTTAATCAGACGGA-1,1,34,48,10255,9072
CGTTTCGCTCATTACA-1,1,35,49,10507,9218
ATAAAGGCTCGGTCGT-1,1,34,50,10255,9363
CACTAAAGTTGCCTAT-1,1,35,51,10507,9508
GTGCTCAAGTACTGTC-1,1,34,52,10254,9653
CCATGCCTGTTTAGTA-1,1,35,53,10506,9798
TCTAGTTATCAGAAGA-1,1,34,54,10254,9943
TTGTAATCCGTACTCG-1,1,35,55,10506,10088
TCCCAGCTTTAGTCTG-1,1,34,56,10253,10233
CTACGCACGGAGTACC-1,1,35,57,10505,10378
AAATTAACGGGTAGCT-1,1,34,58,10252,10523
CGGCCACGCACAAAGT-1,1,35,59,10504,10668
GAAGCGTGAGGAATTT-1,1,34,60,10252,10813
ATATCTTAGGGCCTTC-1,1,35,61,10504,10958
ACGCGGGCCAAGGACA-1,1,34,62,10251,11103
GCGAGTTCTGCAAAGA-1,1,35,63,10503,11248
TATTCGTGCCAGAATA-1,1,34,64,10251,11393
AGGGCTGCAGTTACAG-1,1,35,65,10503,11538
CTAGCATAGTATAATG-1,1,34,66,10250,11683
TAGGTTCGAGTTCGTC-1,1,35,67,10502,11828
GAATTATAGTGAAAGG-1,1,34,68,10249,11973
CTATCGGGTCTCAACA-1,1,35,69,10501,12119
GCGCTAATTGAATAGA-1,1,34,70,10249,12263
ATGCGACAGTCCCATT-1,1,35,71,10501,12409
GGTAGTGCTCGCACCA-1,1,34,72,10248,12553
AAGCTCGTGCCAAGTC-1,1,35,73,10500,12699
TATTCAATTCTAATCC-1,1,34,74,10248,12843
TTCAAAGTCTCTAGCC-1,1,35,75,10500,12989
TTGAATATGGACTTTC-1,1,34,76,10247,13133
AAGAGCTCTTTATCGG-1,1,35,77,10499,13279
TTACTCCGGCCGGGAA-1,1,34,78,10246,13423
AAACGAGACGGTTGAT-1,1,35,79,10498,13569
GCTAAGTAGTTTCTCT-1,1,34,80,10246,13713
ATAACGCCGGAGGGTC-1,1,35,81,10498,13859
GGATCCGGAATATACT-1,1,34,82,10245,14003
TGAAAGGACCTGACTC-1,1,35,83,10497,14149
TCCGCGGCAGCATCTG-1,1,34,84,10244,14293
TGCATATGTCTGTCAC-1,1,35,85,10496,14439
TGTAGGAGAAATTTCC-1,1,34,86,10244,14583
AGTGAGACTTCCAGTA-1,1,35,87,10496,14729
CCCAAACATGCTGCTC-1,1,34,88,10243,14873
GCTTATGAAGCAGGAA-1,1,35,89,10495,15019
TTCTAACCGAAGCTTA-1,1,34,90,10243,15163
GGATGTCCTTACCGCA-1,1,35,91,10495,15309
AGGGTGCTCTCGAGGG-1,1,34,92,10242,15454
AACTCTCAATAGAGCG-1,1,35,93,10494,15599
TCTGAATTCCGTACAA-1,0,34,94,10241,15744
GCGTGGTACTGGGTTA-1,0,35,95,10493,15889
CGTCGGATAGTGTTGA-1,0,34,96,10241,16034
ATATGTCTCCCTAGCC-1,0,35,97,10493,16179
TCTTTAAGACTATGAA-1,0,34,98,10240,16324
TCATTTAAGTCTCCGA-1,0,35,99,10492,16469
GATATTGAGATTGGCG-1,0,34,100,10240,16614
TGACATCGAGCGGACC-1,0,35,101,10492,16759
GCGTAAATGGCCATAA-1,0,34,102,10239,16904
ATTGTACAACTCGGCT-1,0,35,103,10491,17049
TACGCTATAGAAACCT-1,0,34,104,10238,17194
CACCCAAATCTTATGT-1,0,35,105,10490,17339
AGATGATGGAGTCTGG-1,0,34,106,10238,17484
CCACGGTGCCCGGTAG-1,0,35,107,10490,17629
TCAAGAAATACTAGCT-1,0,34,108,10237,17774
AGGTATAATTGATAGT-1,0,35,109,10489,17919
CAAGGTCCTATAGGCT-1,0,34,110,10237,18064
CCGGCACGACCGTTTC-1,0,35,111,10489,18210
ACCTCCGTTATTCACC-1,0,34,112,10236,18354
GCAGCCTATATCACAT-1,0,35,113,10488,18500
GGTATAGTGACACATA-1,0,34,114,10235,18644
AAATTCCAGGTCCAAA-1,0,35,115,10487,18790
TCTTTAGCAGGCGAAC-1,0,34,116,10235,18934
TATTGACATTTCTGCC-1,0,35,117,10487,19080
TCTGATCGGGTGCTAG-1,0,34,118,10234,19224
GGCCCGGAGCATGTCT-1,0,35,119,10486,19370
GGGCGCAGCGTTACTC-1,0,34,120,10234,19514
TTGGCGATCCGAATAT-1,0,35,121,10486,19660
CCACGTAAATTAGACT-1,0,34,122,10233,19804
TCTGATTGGAAATGGA-1,0,35,123,10485,19950
ATGGCGGAATAGTCGC-1,0,34,124,10232,20094
ATCGCTTTACGTCTCA-1,0,35,125,10484,20240
TACGTGCAAGGTTCCT-1,0,34,126,10232,20384
CAGGACAGCTGCCCTT-1,0,35,127,10484,20530
CAAACCAGGTCTGCAT-1,0,36,0,10775,2112
ACAAGCTATATGGAAG-1,0,37,1,11027,2258
TCGCCCACTGCGAGAG-1,0,36,2,10774,2402
AGCCGCAAATTCAAAT-1,0,37,3,11026,2548
TTAACGTTAAAGCCTG-1,0,36,4,10773,2692
CAGCGCCAACACGATA-1,0,37,5,11026,2838
ATCCAATGGTACCGAA-1,0,36,6,10773,2982
GTGCTGCAGATAAGGA-1,0,37,7,11025,3128
GGCCTTTGCAACTGGC-1,0,36,8,10772,3273
GTCGTACCTACGATTG-1,0,37,9,11024,3418
TAGAAATTCACGTATA-1,0,36,10,10772,3563
AGAATAAATCTTCAGG-1,0,37,11,11024,3708
CATTGCGAAATGGGCG-1,0,36,12,10771,3853
GTCTACTCAATTACAA-1,0,37,13,11023,3998
TGTAATGACCACAATA-1,0,36,14,10770,4143
AAAGTCGACCCTCAGT-1,0,37,15,11022,4288
TACTCGGCACGCCGGG-1,0,36,16,10770,4433
AGGTGTATCGCCATGA-1,0,37,17,11022,4578
TGTGCTTTACGTAAGA-1,0,36,18,10769,4723
AAACCTCATGAAGTTG-1,0,37,19,11021,4868
TATAGGGTACTCATGA-1,0,36,20,10769,5013
CCAGCTGATGGTACTT-1,0,37,21,11021,5158
AATATTGGAGTATTGA-1,0,36,22,10768,5303
GGCCCTCACCCACTTA-1,0,37,23,11020,5448
AACCAAGACTTCTCTG-1,0,36,24,10767,5593
TCGTATTACCCATTGC-1,0,37,25,11019,5738
ATTCGACGCCGGGCCT-1,0,36,26,10767,5883
GGCGCAGGACATCTTC-1,0,37,27,11019,6029
GTACTCCCTTATCGCT-1,0,36,28,10766,6173
TGGTCTGTTGGGCGTA-1,0,37,29,11018,6319
AATAACAACGCTCGGC-1,0,36,30,10766,6463
CATACCCGTACCCAGT-1,0,37,31,11018,6609
ACAATCCATTTAAACC-1,0,36,32,10765,6753
GTTACAATTGGTGACG-1,1,37,33,11017,6899
TTGCCCTGATCACGGG-1,1,36,34,10764,7043
CTAACCGCGCGCCCGT-1,1,37,35,11016,7189
CTAAAGAATGCCTACT-1,1,36,36,10764,7333
ACCCATCTTGAGGGTA-1,1,37,37,11016,7479
GATCTTTGCAGGGTAT-1,1,36,38,10763,7623
GGGTACTTCATGAACT-1,1,37,39,11015,7769
GCCGCTTGTGAGAAAC-1,1,36,40,10763,7913
CCTGTAAGACATGATA-1,1,37,41,11015,8059
CGACAGTTCGCGTTAT-1,1,36,42,10762,8203
ACGATGCATATGTTAT-1,1,37,43,11014,8349
TGTTCCGCTTCCATGA-1,1,36,44,10761,8493
GGATGACGCGAGTTTA-1,1,37,45,11013,8639
GAAGTTTCCACTCAAT-1,1,36,46,10761,8783
GCGAGGCCCGAGCAGA-1,1,37,47,11013,8929
CATACTATGTAATTGT-1,1,36,48,10760,9074
CCAATGTCACAGCAAG-1,1,37,49,11012,9219
GTTGGATTTGCGTTGG-1,1,36,50,10759,9364
GGGAGGATGCCCGAAA-1,1,37,51,11012,9509
GATCGCGGGCTCTCCA-1,1,36,52,10759,9654
GTTCGCCATAAGTGCC-1,1,37,53,11011,9799
AGATTATAGGACGTTT-1,1,36,54,10758,9944
TCGAGACCAACACCGT-1,1,37,55,11010,10089
TATGGGACCGAGCAGG-1,1,36,56,10758,10234
GATGCGTCCTGCATTC-1,1,37,57,11010,10379
TATGGTCTGAGTAACA-1,1,36,58,10757,10524
GCATAGAGCACTCAGG-1,1,37,59,11009,10669
CTTCATTGTCAGTGGA-1,1,36,60,10756,10814
GCAGATTAGGGATATC-1,1,37,61,11008,10959
CCTGTCGCCCGTAAAT-1,1,36,62,10756,11104
CAATTTCGTATAAGGG-1,1,37,63,11008,11249
GTACACTTACCTGAAG-1,1,36,64,10755,11394
CCAGCCTGGACCAATA-1,1,37,65,11007,11539
ATGGAGCAGGCCGTGA-1,1,36,66,10755,11684
GTCATTAGAGCGAACG-1,1,37,67,11007,11830
AAGACTGCAAGCTACT-1,1,36,68,10754,11974
CTAGTCACGTCTTAAG-1,1,37,69,11006,12120
ACTCTTGTATAGTAAC-1,1,36,70,10753,12264
ATTAGGCGATGCTTTC-1,1,37,71,11005,12410
TTCGGGACTAATCGCG-1,1,36,72,10753,12554
TGGACTGTTCGCTCAA-1,1,37,73,11005,12700
AACGTGCGAAAGTCTC-1,1,36,74,10752,12844
CCACCCAAGGAAAGTG-1,1,37,75,11004,12990
CCGCACAAAGACCAAC-1,1,36,76,10752,13134
GCGATTGTTAACGTTA-1,1,37,77,11004,13280
ACTCGTCAGTAATCCC-1,1,36,78,10751,13424
GGTGATAAGGAGCAGT-1,1,37,79,11003,13570
AAGAGGCATGGATCGC-1,1,36,80,10750,13714
CACGTTCGTGCTCTAG-1,1,37,81,11002,13860
CTATTTGGTTACGGAT-1,1,36,82,10750,14004
GTACAGAGGCAAGGGT-1,1,37,83,11002,14150
GGGCCGGCCGAAGTAC-1,1,36,84,10749,14294
CCTGAACGATATATTC-1,1,37,85,11001,14440
CCGGGCTGCTCCATAC-1,1,36,86,10749,14584
TACTTGTTAGTAGTCC-1,1,37,87,11001,14730
CCTAGGCGTAGCGATC-1,1,36,88,10748,14874
CTGGCGCACAGGTCTG-1,1,37,89,11000,15020
ACTTATACTTACCCGG-1,1,36,90,10747,15165
GAAGTCTCCCTAGCGA-1,1,37,91,10999,15310
ACCGATGGTAGCATCG-1,1,36,92,10747,15455
CGAGTTTATCGGACTG-1,1,37,93,10999,15600
CATAACGGACAGTCGT-1,1,36,94,10746,15745
TGACGATGCACTAGAA-1,0,37,95,10998,15890
TAGGGAGCTTGGGATG-1,0,36,96,10745,16035
AGGGTCGATGCGAACT-1,0,37,97,10998,16180
TATATCCCTGGGAGGA-1,0,36,98,10745,16325
CATCTTACACCACCTC-1,0,37,99,10997,16470
GTGCGACAGGGAGTGT-1,0,36,100,10744,16615
CCGATCTCAACCTTAT-1,0,37,101,10996,16760
ACGATCATCTTGTAAA-1,0,36,102,10744,16905
GAAAGAACAGCGTTAT-1,0,37,103,10996,17050
CTAGGTCTGAAGGAAT-1,0,36,104,10743,17195
ATATCAACCTACAGAG-1,0,37,105,10995,17340
AAATAGCTTAGACTTT-1,0,36,106,10742,17485
GCGACATGTAAACATC-1,0,37,107,10994,17630
ATAAGTAGGGCGACTC-1,0,36,108,10742,17775
GCGAGCGCATGCTCCC-1,0,37,109,10994,17921
AGGGACCGGCTGCGTT-1,0,36,110,10741,18065
CCTATGAAGTGGTGCC-1,0,37,111,10993,18211
GCTTACGTAGTTAGTA-1,0,36,112,10741,18355
CATACTTAGGCAATAC-1,0,37,113,10993,18501
CCTGTCCCTCACGTTA-1,0,36,114,10740,18645
CAATGTGCCAACCCTT-1,0,37,115,10992,18791
GTTAAGTTAGAGTGGG-1,0,36,116,10739,18935
CTGGGATACGCTACCC-1,0,37,117,10991,19081
AACCTGTCACGGAATT-1,0,36,118,10739,19225
ACTGCGGACACACCGT-1,0,37,119,10991,19371
CCGTGAGGCATTCATG-1,0,36,120,10738,19515
GCCCAGATGCTGGAGA-1,0,37,121,10990,19661
TCTGGCCGTTCAAGTT-1,0,36,122,10738,19805
ATACGAAGGCTTTCCA-1,0,37,123,10990,19951
GATCCGAATATAAGTG-1,0,36,124,10737,20095
GTGGAGCATGTCGGCC-1,0,37,125,10989,20241
ACTCTTCAGCTCCCGC-1,0,36,126,10736,20385
CCCGATAGCCTCGCCT-1,0,37,127,10988,20531
ACAGGTGTGTTGTTGC-1,0,38,0,11279,2113
TGAACTGCTATGACTT-1,0,39,1,11531,2259
TGACATATATGACGAT-1,0,38,2,11279,2403
AAGTCTTCTGTGGCCT-1,0,39,3,11531,2549
ACCAGACCATAACAAC-1,0,38,4,11278,2694
TGAGACGTACCTCTCA-1,0,39,5,11530,2839
GACCGTTACATGCGAC-1,0,38,6,11278,2984
GGTTCGGATTATACTA-1,0,39,7,11530,3129
CCTCCTGAGCCCACAT-1,0,38,8,11277,3274
CCGCGATTTGGTAGGT-1,0,39,9,11529,3419
AATCTCTACTGTGGTT-1,0,38,10,11276,3564
ACTTTGACTGCATCCT-1,0,39,11,11528,3709
CCCTGACTAACAAATT-1,0,38,12,11276,3854
ACGCTGTGAGGCGTAG-1,0,39,13,11528,3999
GCATACGAGGTCTTTA-1,0,38,14,11275,4144
TCGGGATTCAAACATA-1,0,39,15,11527,4289
GGGCCCTACGAAAGGG-1,0,38,16,11275,4434
CGCCAAGAAGCCGAGT-1,0,39,17,11527,4579
GGTACATCTGGGACGA-1,0,38,18,11274,4724
GGATGCTGGCGTTCCT-1,0,39,19,11526,4869
CCGATTCGAGGGACCC-1,0,38,20,11273,5014
CCACTGGTGGCTGGTT-1,0,39,21,11525,5159
GACAGGCACACACTAT-1,0,38,22,11273,5304
TCAACGCGACCGGCAG-1,0,39,23,11525,5449
CTACGACTAGCTATAA-1,0,38,24,11272,5594
CGGTTGACCTGGCATA-1,0,39,25,11524,5740
ATCCTGAATCGCTGCG-1,0,38,26,11271,5884
GTTTCATATCGTCGCT-1,0,39,27,11524,6030
ATAAATATTAGCAGCT-1,0,38,28,11271,6174
AAGAGGATGTACGCGA-1,0,39,29,11523,6320
TCCTGCGTTGATACTC-1,0,38,30,11270,6464
CGTGCATTGTCGACGC-1,0,39,31,11522,6610
CCGGGTTCGAGGTTAC-1,1,38,32,11270,6754
CCCAATTTCACAACTT-1,1,39,33,11522,6900
TGATTTATTAGCTGTG-1,1,38,34,11269,7044
TGGAAGAAGGGAACGT-1,1,39,35,11521,7190
GACGCTTGCTTCTAAA-1,1,38,36,11268,7334
GGGAACGGGAGGTTAG-1,1,39,37,11520,7480
GCGGCTCTGACGTACC-1,1,38,38,11268,7624
ACGTTAGATTTGCCCG-1,1,39,39,11520,7770
GAGAGGGCGCGAGGTT-1,1,38,40,11267,7914
GCGTCTCTGCATTGGG-1,1,39,41,11519,8060
GCAGCACACAGCCCAG-1,1,38,42,11267,8204
CAGGCCGTTTGGGTGT-1,1,39,43,11519,8350
AACTCAAGTTAATTGC-1,1,38,44,11266,8494
CTTCGTAGATAGGTGA-1,1,39,45,11518,8640
TGCAGAGTACCGAGCA-1,1,38,46,11265,8785
GAAGTGATTTATCGTG-1,1,39,47,11517,8930
CGCTACGGGACATTTA-1,1,38,48,11265,9075
CCACACTGAGATATTA-1,1,39,49,11517,9220
CGATCCGACCCAGTGC-1,1,38,50,11264,9365
CTGTACTTCTTAGCAT-1,1,39,51,11516,9510
ACTTATTAGGATCGGT-1,1,38,52,11264,9655
TAGTCCGCAGAGAATG-1,1,39,53,11516,9800
TTCACGAAAGGATCAC-1,1,38,54,11263,9945
TACATTTCTAACGTGC-1,1,39,55,11515,10090
ACCATATCCGCAATAA-1,1,38,56,11262,10235
CACTCAAGAGCTATGG-1,1,39,57,11514,10380
TGTACGAACAAATCCG-1,1,38,58,11262,10525
ATCATCCAATATTTGT-1,1,39,59,11514,10670
CGCTATTCTTAGGCTC-1,1,38,60,11261,10815
TGGCAGCAGTAATAGT-1,1,39,61,11513,10960
TCACGTGCCCGATTCA-1,1,38,62,11261,11105
CATACGGCGTCTGGGC-1,1,39,63,11513,11250
CACATGATTCAGCAAC-1,1,38,64,11260,11395
GCTAGTAGAGCTTGTA-1,1,39,65,11512,11541
TGCTGTTGAAGAACTC-1,1,38,66,11259,11685
CGGAGCATGGCGATCC-1,1,39,67,11511,11831
TAGCGTTGGGTCTTAC-1,1,38,68,11259,11975
GTAGCGGCTATACACT-1,1,39,69,11511,12121
TAACATACAATGTGGG-1,1,38,70,11258,12265
TCTTCGAATAGACGTT-1,1,39,71,11510,12411
GATCGTGACTGATATC-1,1,38,72,11257,12555
GATCCGGGAATTAACA-1,1,39,73,11510,12701
TTATATACGCTGTCAC-1,1,38,74,11257,12845
GTCGCGTAACCCGTTG-1,1,39,75,11509,12991
AGCTCTAGACGTTCCA-1,1,38,76,11256,13135
GTCAAGCGGACTCGGG-1,1,39,77,11508,13281
CGAGGGACTGCGGTCG-1,1,38,78,11256,13425
AATCGCCTCAGCGCCA-1,1,39,79,11508,13571
CTTGTTGCTGAGTCAA-1,1,38,80,11255,13715
GATATGAGACACTAAC-1,1,39,81,11507,13861
TTATGATCTTAACGAA-1,1,38,82,11254,14005
CGCCGCCCATGCCTGT-1,1,39,83,11506,14151
CTGGGATAAATAATGG-1,1,38,84,11254,14295
GTGCCCGTTCGGATTC-1,1,39,85,11506,14441
TTCAATACTCTGAATC-1,1,38,86,11253,14586
CGCACATGTCCACTAC-1,1,39,87,11505,14731
AGAAGAGCGCCGTTCC-1,1,38,88,11253,14876
GATAACTCGCACTGTG-1,1,39,89,11505,15021
AGTCGACGGTCTCAAG-1,1,38,90,11252,15166
GTGACCGCACACTACG-1,1,39,91,11504,15311
GTATGTGGGTCTAGTT-1,1,38,92,11251,15456
CTTGAGTTAGGGTAAT-1,1,39,93,11503,15601
TTAGCTGATTTGCCGT-1,1,38,94,11251,15746
GCTGTTGCTACCGAAC-1,1,39,95,11503,15891
TATTACCATCCTGCTT-1,0,38,96,11250,16036
TTGAATTCACGTGAGG-1,0,39,97,11502,16181
CCATCTCACCAGTGAA-1,0,38,98,11250,16326
CGCACGTGCGCTATCA-1,0,39,99,11502,16471
ACCCGGATGACGCATC-1,0,38,100,11249,16616
CGCTAGAGACCGCTGC-1,0,39,101,11501,16761
ATAGTTCCACCCACTC-1,0,38,102,11248,16906
GCAGACCCAGCACGTA-1,0,39,103,11500,17051
TAGACTACCTAGCGTT-1,0,38,104,11248,17196
GGTTCTACTCGTCTGA-1,0,39,105,11500,17341
GACTCACCCACGTGAG-1,0,38,106,11247,17486
AGCTCTTCGTAACCTT-1,0,39,107,11499,17632
ACTATCCAGGGCATGG-1,0,38,108,11247,17776
AAGGATCGATCGCTTG-1,0,39,109,11499,17922
ATATCGGTAGGGAGAT-1,0,38,110,11246,18066
TTCCAGACGAGATTTA-1,0,39,111,11498,18212
GACCGACGTGAAAGCA-1,0,38,112,11245,18356
CCTGGAAACGTTCTGC-1,0,39,113,11497,18502
CCGGTAATGGCTAGTC-1,0,38,114,11245,18646
GCCGTGGAAGAAATGT-1,0,39,115,11497,18792
GTCTTGAGGAGCAGTG-1,0,38,116,11244,18936
TCCCAAAGCCCTAAAT-1,0,39,117,11496,19082
TTGAGCGCCACGTGAT-1,0,38,118,11243,19226
TTGAGTCCCGCTGCTG-1,0,39,119,11496,19372
ATGGAACCTTTGCACA-1,0,38,120,11243,19516
GCTAGCACCTGGGCCA-1,0,39,121,11495,19662
CGCCGTCTACCCATCG-1,0,38,122,11242,19806
GATAGGTGTCCCGGGC-1,0,39,123,11494,19952
AGGTATGCGGACATTA-1,0,38,124,11242,20096
TTGGTTCGCTCAAAGG-1,0,39,125,11494,20242
TCTGGAGCGTAAGAGT-1,0,38,126,11241,20386
TGCCTAAATTTAATAG-1,0,39,127,11493,20532
TAATTTCCGTCCAGTA-1,0,40,0,11784,2114
TCCTTCAATCCCTACG-1,0,41,1,12036,2260
TACCTATCCCTAGAGG-1,0,40,2,11783,2405
GCATGGGTACTGACGC-1,0,41,3,12035,2550
GTCGGGAACATGGTAG-1,0,40,4,11783,2695
GCAAATGAGGACACTT-1,0,41,5,12035,2840
GAATGGGCTTATCGAC-1,0,40,6,11782,2985
TGGTCGTGCAAGGCAA-1,0,41,7,12034,3130
CACCACGCCACACAGA-1,0,40,8,11782,3275
GAACCTCGACCTACAC-1,0,41,9,12034,3420
CAATACGCTCTGAGGC-1,0,40,10,11781,3565
TGGTAAGCAGGATTGA-1,0,41,11,12033,3710
AGTGGCTCCGTCGGCC-1,0,40,12,11780,3855
GATCGGATAGAACCAT-1,0,41,13,12032,4000
GCTACAGTACGGACCG-1,0,40,14,11780,4145
TCTATTACTAGAGGAT-1,0,41,15,12032,4290
TTCAGGCGTCAAAGCC-1,0,40,16,11779,4435
AGACCGGGAAACCCTG-1,0,41,17,12031,4580
AGAGATCTCTAAAGCG-1,0,40,18,11779,4725
CCCTGCCCAATCCGCT-1,0,41,19,12031,4870
GTGGCGGTCCCAGCGT-1,0,40,20,11778,5015
GCATTGTAATTCATAT-1,0,41,21,12030,5161
CCGTTCCGAATCTCGG-1,0,40,22,11777,5305
AGCTTGATCTTAACTT-1,0,41,23,12029,5451
CCTGTACTCACGCCCA-1,0,40,24,11777,5595
AAGTGACGACCGAATT-1,0,41,25,12029,5741
CTCACTTGGCTGGTAA-1,0,40,26,11776,5885
CGCCTGGCCTACGTAA-1,0,41,27,12028,6031
CCCGTAAGTCTAGGCC-1,0,40,28,11776,6175
TTGGACATGTGGCTTA-1,0,41,29,12028,6321
ATTACGCGCTGGCAGG-1,0,40,30,11775,6465
ACGCGCTACACAGGGT-1,1,41,31,12027,6611
TACGTTTACCGGCAAT-1,1,40,32,11774,6755
CGAAACGCAATTCATG-1,1,41,33,12026,6901
TAGTCTAACAACGAGA-1,1,40,34,11774,7045
TTGCATGCTGATCACG-1,1,41,35,12026,7191
TCTGGGTAGCGCTCAT-1,1,40,36,11773,7335
ACATCGGTCAGCCGCG-1,1,41,37,12025,7481
AGATACCGGTGTTCAC-1,1,40,38,11773,7625
GATTACTGAATTTGGG-1,1,41,39,12025,7771
TCCAACTTTAAATTCT-1,1,40,40,11772,7915
TCCTAGCAAAGAAGCT-1,1,41,41,12024,8061
GTCTATCTGAGTTTCT-1,1,40,42,11771,8205
GATGTTCAATCCACGA-1,1,41,43,12023,8351
AGTTAAACACTTGCGA-1,1,40,44,11771,8496
AGCTCTTTACTCAGTT-1,1,41,45,12023,8641
ATCCAGGATTCGTGAA-1,1,40,46,11770,8786
AGTCAACACCACCATC-1,1,41,47,12022,8931
CGATACCTCGCGGACA-1,1,40,48,11769,9076
TACAACGCACAACTCA-1,1,41,49,12022,9221
AATTAAAGGTCGGCGT-1,1,40,50,11769,9366
TACGCAGTTCTTTCCT-1,1,41,51,12021,9511
GACCGTGCTGACGGTG-1,1,40,52,11768,9656
GGCAAATTACTTTACT-1,1,41,53,12020,9801
GGTACAAACATGCTAT-1,1,40,54,11768,9946
CGGGCCTTCTTTGTAA-1,1,41,55,12020,10091
CGTGAAGTTAATTCAC-1,1,40,56,11767,10236
ATAGTGAAGCGTTCTC-1,1,41,57,12019,10381
TACGCCATATTCTAAT-1,1,40,58,11766,10526
GCCGGGTTAGGGTCGC-1,1,41,59,12018,10671
TACATAGGCATACACC-1,1,40,60,11766,10816
GCCGATTGGCCAAGCT-1,1,41,61,12018,10961
CTGCCATGCATCACAT-1,1,40,62,11765,11106
TTATGAATGAAAGGGA-1,1,41,63,12017,11252
GCTGAGGCGTGAGTAT-1,1,40,64,11765,11396
GCGCCGTTCCACGATA-1,1,41,65,12017,11542
CGCATGGTGCGATGCT-1,1,40,66,11764,11686
AGGTTTCACACACCTT-1,1,41,67,12016,11832
CAAGGATCGCATGTTC-1,1,40,68,11763,11976
ACGTTAATGTCGAAGA-1,1,41,69,12015,12122
TCCAGAGCACCGGTTC-1,1,40,70,11763,12266
GATTCGACGGTTCACG-1,1,41,71,12015,12412
GTTTCTGCAGTCTCCC-1,1,40,72,11762,12556
GCTGCACGGTTTCTTA-1,1,41,73,12014,12702
CGTGCAGACTGGGACA-1,1,40,74,11762,12846
GTGTTACTATGCGTCC-1,1,41,75,12014,12992
TCCTCGGGCTGGGCTT-1,1,40,76,11761,13136
GTGAGGACACTTAAGG-1,1,41,77,12013,13282
ATACGCCGGCGAAACC-1,1,40,78,11760,13426
TCTGCCAGAAACTGCA-1,1,41,79,12012,13572
TTCTGCGGGTTAGCGG-1,1,40,80,11760,13716
CTCGGTACCACTGCTC-1,1,41,81,12012,13862
GTAAGTAACAGTCTGG-1,1,40,82,11759,14006
GTGCGTGTATATGAGC-1,1,41,83,12011,14152
ATTTGTCTTGGGAGCT-1,1,40,84,11759,14297
CCTCGGACCGGGATAG-1,1,41,85,12011,14442
TAGGTGCTCGCCTAGC-1,1,40,86,11758,14587
CTTTAGGAACACTGTT-1,1,41,87,12010,14732
TCGGGCCGTCGTGGTA-1,1,40,88,11757,14877
AGTGCTTGCACGAATA-1,1,41,89,12009,15022
TGCAGTTTCCTCCCAT-1,1,40,90,11757,15167
TGAGAGATTTACCACG-1,1,41,91,12009,15312
GAAACAGATGACCACC-1,1,40,92,11756,15457
AGCAACATATCTTATT-1,1,41,93,12008,15602
CAAGTGTGGTTGCAAA-1,1,40,94,11755,15747
GCCTCATCTGGAAATA-1,1,41,95,12008,15892
AACCCTACTGTCAATA-1,1,40,96,11755,16037
ACGTATTACTCCGATC-1,1,41,97,12007,16182
TCTGGGAACCTTTGAA-1,0,40,98,11754,16327
GCTCGCTCATGTCCAA-1,0,41,99,12006,16472
GCGCAAGAGCGCGCTG-1,0,40,100,11754,16617
TTGACGCTCCATGAGC-1,0,41,101,12006,16762
TATAGATGGTCGCAGT-1,0,40,102,11753,16907
TTACATGCCACAACTA-1,0,41,103,12005,17053
ACATGGCGCCAAAGTA-1,0,40,104,11752,17197
TATGGTTAGTGGGAGA-1,0,41,105,12004,17343
CATGACTTCGCTGAAT-1,0,40,106,11752,17487
ACCACCAATGTAACAA-1,0,41,107,12004,17633
TCTTAGAGCTCCAATT-1,0,40,108,11751,17777
CCACGAATTTAACCTC-1,0,41,109,12003,17923
TTCTTGCTAGCATCTC-1,0,40,110,11751,18067
ACACCTTACTACTTGC-1,0,41,111,12003,18213
AGTCGGTTGCGTGAGA-1,0,40,112,11750,18357
ACCTACAGTATGTGGT-1,0,41,113,12002,18503
GAGGATAAACAGTGCT-1,0,40,114,11749,18647
TTCCGGTATCTGTGTC-1,0,41,115,12001,18793
GGAGGCCGAAGTCGTC-1,0,40,116,11749,18937
TTCGCTAGGAAGTTGT-1,0,41,117,12001,19083
TAAAGACAACCCTTTA-1,0,40,118,11748,19227
GTTGCGCTAACATTAC-1,0,41,119,12000,19373
GCTGAACTCTCCAGGG-1,0,40,120,11748,19517
AGCCCTGTCGCACCGT-1,0,41,121,12000,19663
AGCGCTAGAGCGATGT-1,0,40,122,11747,19807
TGCGCCGTTAATAACG-1,0,41,123,11999,19953
TGACAACGCATGTCGC-1,0,40,124,11746,20097
CGTCTTGAGTGTGACG-1,0,41,125,11998,20243
GATAGGATTAATTACA-1,0,40,126,11746,20388
GATACCGTGTCGGAGT-1,0,41,127,11998,20533
TGTGTCGAAGTCGAGG-1,0,42,0,12289,2116
GGATCAGAGCCATCAG-1,0,43,1,12541,2261
GTCCCAATCATCCCGC-1,0,42,2,12288,2406
TGCCACACTAGAGGAA-1,0,43,3,12540,2551
TGAATTTCACTTGCCT-1,0,42,4,12288,2696
CTCAGATTGTGATAAG-1,0,43,5,12540,2841
CGGACGTTACTTGAAG-1,0,42,6,12287,2986
CCGCCTTGCGATGTCG-1,0,43,7,12539,3131
CCAGTCAAATCTCTTA-1,0,42,8,12286,3276
AAACAGCTTTCAGAAG-1,0,43,9,12538,3421
TAGCTGATGTGAAGCG-1,0,42,10,12286,3566
CTTATGCGCTCAGGGC-1,0,43,11,12538,3711
TGGCTCTTGTCGCGTA-1,0,42,12,12285,3856
TTGTGAGGCATGACGC-1,0,43,13,12537,4001
CATAAGCTCTCCGTCT-1,0,42,14,12284,4146
CCTTCTCAGCGTTCCT-1,0,43,15,12537,4291
TGCAGCTACGTACTTC-1,0,42,16,12284,4436
CTCTACACTGGCGATT-1,0,43,17,12536,4581
TGCAGATCGTCCTAGG-1,0,42,18,12283,4726
TGCCAAAGTCAGACTT-1,0,43,19,12535,4872
ACAATAGTCGTACGTT-1,0,42,20,12283,5016
CATGCCAACTCGCAAA-1,0,43,21,12535,5162
TGCAGAACTATATCGT-1,0,42,22,12282,5306
TCGTGTCACGCTGACA-1,0,43,23,12534,5452
TGATCAGGGAACTGCT-1,0,42,24,12281,5596
CTTGCAACCGCCTCCT-1,0,43,25,12533,5742
AGCCCATACATGTAAG-1,0,42,26,12281,5886
ATCCAATGGAGGGTCC-1,0,43,27,12533,6032
AAACCGGGTAGGTACC-1,0,42,28,12280,6176
GCAACCACGGCCGCGT-1,1,43,29,12532,6322
CGCTTATTCCCGGTCG-1,1,42,30,12280,6466
TTACTCTGGTACGTAC-1,1,43,31,12532,6612
GTGGTTTCCGCCTTTC-1,1,42,32,12279,6756
ATAGGCGGCTATAGAA-1,1,43,33,12531,6902
GTGCCATCACACGGTG-1,1,42,34,12278,7046
CCCAACATACGTCGCG-1,1,43,35,12530,7192
CGGTGCAGATAGAACG-1,1,42,36,12278,7336
GGGCGGGTTCCCTACG-1,1,43,37,12530,7482
TGAGCCATACAGTCTC-1,1,42,38,12277,7626
CTCCGCCCACATGAGG-1,1,43,39,12529,7772
GTTGAACCGGTTCCAT-1,1,42,40,12277,7916
TTGACTACCATATGGT-1,1,43,41,12529,8062
ACCATCGTATATGGTA-1,1,42,42,12276,8207
TGCGTAAGAACCTGAT-1,1,43,43,12528,8352
AGAAGGTTGCCGAATT-1,1,42,44,12275,8497
AGGACGACCCATTAGA-1,1,43,45,12527,8642
GGTGCTGGTACACATT-1,1,42,46,12275,8787
GCGCTATGCCGAGGCA-1,1,43,47,12527,8932
ACCCGGTTACACTTCC-1,1,42,48,12274,9077
TAACTCATCCGCGCGG-1,1,43,49,12526,9222
CACAATGAGCTGCTAT-1,1,42,50,12274,9367
GTTACTTTGGGCCTAG-1,1,43,51,12526,9512
GGGCCCGTCTTAAACA-1,1,42,52,12273,9657
GAAATTGTCTCTATAA-1,1,43,53,12525,9802
GGCGCATGAATTGATG-1,1,42,54,12272,9947
CATATAGGTACAGTCA-1,1,43,55,12524,10092
TCAACGAGGAGACAAA-1,1,42,56,12272,10237
TTGCACAATTCAGAAA-1,1,43,57,12524,10382
CATCGGACGGGTTAAT-1,1,42,58,12271,10527
ATTAAACATGCGGACC-1,1,43,59,12523,10672
TATCTACCACAGCGGG-1,1,42,60,12270,10817
CGAGACCCTAGAGTGT-1,1,43,61,12523,10963
ACATCGATCGTTTACC-1,1,42,62,12270,11107
ATCGACCCAATACAGA-1,1,43,63,12522,11253
GAATCTGAACATTCTC-1,1,42,64,12269,11397
AGTTCCTATTTATGTT-1,1,43,65,12521,11543
CAGTCTGTATACTGGG-1,1,42,66,12269,11687
GGAGACGACACCTTTG-1,1,43,67,12521,11833
CCTAAATTAACGGTTC-1,1,42,68,12268,11977
GCTACGACTTATTGGG-1,1,43,69,12520,12123
CTGTGCAGGGTAGGTC-1,1,42,70,12267,12267
ACGCCGCTAGACGACC-1,1,43,71,12519,12413
ACTTGACTCCCTCTTT-1,1,42,72,12267,12557
CGCCTCCCTCCTCTAT-1,1,43,73,12519,12703
CTAGATTTACGACGGC-1,1,42,74,12266,12847
GATGCTGTATTTCATC-1,1,43,75,12518,12993
TGCGTTTGTTGACACT-1,1,42,76,12266,13137
CGTGCCCTCCCGAAGA-1,1,43,77,12518,13283
ACTCTCTGACTTAGGT-1,1,42,78,12265,13427
CTGGGTAGGCAGTTAA-1,1,43,79,12517,13573
GTTTGGCCCAAGTTAT-1,1,42,80,12264,13717
GAATGTGGTCCGGATT-1,1,43,81,12516,13863
CCCAGTTAAGGCGCCG-1,1,42,82,12264,14008
CGGTACTAGAATCAAA-1,1,43,83,12516,14153
GCTTAATGTAACTAAC-1,1,42,84,12263,14298
AGGACAGTCGAATCCC-1,1,43,85,12515,14443
GACAGCCAGACCTGAC-1,1,42,86,12263,14588
GGCGAAATCTAACTTG-1,1,43,87,12515,14733
CTGGTAACACATAGAA-1,1,42,88,12262,14878
TAGCCATTTCAAAGTC-1,1,43,89,12514,15023
GGGATTTACCGCACCT-1,1,42,90,12261,15168
ATGCCATTTGCGACCA-1,1,43,91,12513,15313
GAATAGACGCGACCCA-1,1,42,92,12261,15458
TGTATGGCGCAGACAG-1,1,43,93,12513,15603
GGATGAAGATCGCTGA-1,1,42,94,12260,15748
CGACAATTTGATCTAA-1,1,43,95,12512,15893
AAAGTTGACTCCCGTA-1,1,42,96,12260,16038
CGCGGCTCAACTTGAA-1,1,43,97,12512,16183
CACGCGGAACTGTTGC-1,0,42,98,12259,16328
TCTTAGAGTGAACTCT-1,0,43,99,12511,16473
AGTCCATTGGCTGATG-1,0,42,100,12258,16618
TTAAGATAGGATTGAC-1,0,43,101,12510,16764
ACATCCTGGTAACTGT-1,0,42,102,12258,16908
CACCTTGGCGCCTTTG-1,0,43,103,12510,17054
GCTAGACCGTCTACTG-1,0,42,104,12257,17198
CGGCCCAGGTATATCC-1,0,43,105,12509,17344
GTCCATTACTGCTACG-1,0,42,106,12257,17488
GGGTTTAGGATAGGAT-1,0,43,107,12509,17634
TAATTAGGACATCCGT-1,0,42,108,12256,17778
GCTCCCAGTCGGTCCA-1,0,43,109,12508,17924
ATTCGTGCTATCTCTT-1,0,42,110,12255,18068
GTTAACTATGTTGTCA-1,0,43,111,12507,18214
GCTCCGCTCGCTTCAG-1,0,42,112,12255,18358
GCAACGGCTAGTTATG-1,0,43,113,12507,18504
AATCGCGCAGAGGACT-1,0,42,114,12254,18648
AGGTTACACCATGCCG-1,0,43,115,12506,18794
CGAGATTTCGCTCGGG-1,0,42,116,12253,18938
CGATAATACTCAGGTT-1,0,43,117,12506,19084
AAGGCAGGCTGTCTCC-1,0,42,118,12253,19228
GTAAGTCCACACTCTA-1,0,43,119,12505,19374
ATGAGGGCAGCGGCTA-1,0,42,120,12252,19518
GCCGCACTCCGTTTCA-1,0,43,121,12504,19664
GAGCACGGCGCCTCTT-1,0,42,122,12252,19808
ACAATTTGGCCATATT-1,0,43,123,12504,19954
CTGGTTCGCGAGCTAC-1,0,42,124,12251,20099
GACGGTCCTAGGGTGT-1,0,43,125,12503,20244
ACTCGCGATCTGACGC-1,0,42,126,12250,20389
GTGTACGAACCGTTCC-1,0,43,127,12502,20534
CTTTGACGTCGCTTCT-1,0,44,0,12793,2117
CGTTATCATACTTCCA-1,0,45,1,13045,2262
GCTATGCCAGCTTATG-1,0,44,2,12793,2407
CAGTCGGCCTAGATAT-1,0,45,3,13045,2552
CCCGTGAGGGCGGTGA-1,0,44,4,12792,2697
TCTCGTGTTACGAGGA-1,0,45,5,13044,2842
ACGTCTCGTTCCGGGA-1,0,44,6,12792,2987
CGAGAGCGCGTAGATA-1,0,45,7,13044,3132
GACAGATTTCTGGCTC-1,0,44,8,12791,3277
GGGCCTAAATGGGCTA-1,0,45,9,13043,3422
ACTTGTAGTCCCTTCA-1,0,44,10,12790,3567
CCCGAAGTTTCGCGAA-1,0,45,11,13042,3712
ACCATCCGCCAACTAG-1,0,44,12,12790,3857
TGCGAATATGGGATTT-1,0,45,13,13042,4002
TACATCCCTATCCCTG-1,0,44,14,12789,4147
GTGGGAAGACTGAATC-1,0,45,15,13041,4292
TCAACATCGACCGAGA-1,0,44,16,12789,4437
CTATGTGAGTCACGGC-1,0,45,17,13041,4583
CCGAACACTGGGCCTC-1,0,44,18,12788,4727
AAACTTGCAAACGTAT-1,0,45,19,13040,4873
AGGGCGAGCAGCTGAT-1,0,44,20,12787,5017
AACACGAGACGCGGCC-1,0,45,21,13039,5163
TGACGAATATTTCCCT-1,0,44,22,12787,5307
TCGGAGAGTATCGGGA-1,0,45,23,13039,5453
CAAATCTCTCACAAGG-1,0,44,24,12786,5597
AGGCCCTAGAACGCCA-1,1,45,25,13038,5743
TAGAGATCATGCAACT-1,0,44,26,12786,5887
TTGTTTCCATACAACT-1,1,45,27,13038,6033
GAGAGGTGCATTCTGG-1,1,44,28,12785,6177
GTGGACCAACCCGATT-1,1,45,29,13037,6323
CTGGGCCTGCTATATC-1,1,44,30,12784,6467
CATAGTCCACAAGAAC-1,1,45,31,13036,6613
TTGACATGAACGTGGA-1,1,44,32,12784,6757
GGTTACCACCCTCGGG-1,1,45,33,13036,6903
TACCGGTCGTTTCCAT-1,1,44,34,12783,7047
CGAGTACTAAAGAGGA-1,1,45,35,13035,7193
GCAAGAATTCCTTGGC-1,1,44,36,12782,7337
TCGCCGAAGTTGCGTC-1,1,45,37,13035,7483
TTGAGAGTACTGCTAA-1,1,44,38,12782,7628
GCCACAATTTAAGGAC-1,1,45,39,13034,7773
ATATTCAGTTAAACCT-1,1,44,40,12781,7918
TGAGTGCCTCTTAAAT-1,1,45,41,13033,8063
ATCAGACGGCACGCCG-1,1,44,42,12781,8208
GTGCGAAATCGAACAC-1,1,45,43,13033,8353
GTGCCGCTTCAAAGGT-1,1,44,44,12780,8498
GATACGATGGGAGTCA-1,1,45,45,13032,8643
GACACTGAGTTCAGTG-1,1,44,46,12779,8788
ATCCTGCGTGGAATGG-1,1,45,47,13031,8933
ATCCTACCTAAGCTCT-1,1,44,48,12779,9078
AGTGATATGAGTAGTT-1,1,45,49,13031,9223
ATGATGCAATGGTACA-1,1,44,50,12778,9368
GAAACCGAATTACCTT-1,1,45,51,13030,9513
AGTGACCTACTTTACG-1,1,44,52,12778,9658
CAAATGTCCTTCCGTG-1,1,45,53,13030,9803
TTACTGGGATATTTCA-1,1,44,54,12777,9948
CTTGCCCAGGCTCTAC-1,1,45,55,13029,10093
AAATCGTGTACCACAA-1,1,44,56,12776,10238
GTGATCATAGATCTGC-1,1,45,57,13028,10384
TGGCAGATTACGATCA-1,1,44,58,12776,10528
TCACCCTCTTAAGATT-1,1,45,59,13028,10674
CAGGATATATCGTTGT-1,1,44,60,12775,10818
CCTGACCACCGATGGT-1,1,45,61,13027,10964
CTAAAGGGAAATAGGA-1,1,44,62,12775,11108
CCGCTATCAGCACCAG-1,1,45,63,13027,11254
CTTTAGTGCTATTATT-1,1,44,64,12774,11398
CGGGAATTTATGTAAA-1,1,45,65,13026,11544
TACGACTGCCTCTTAG-1,1,44,66,12773,11688
AAACTGCTGGCTCCAA-1,1,45,67,13025,11834
GTACGTTTGCCCGTCA-1,1,44,68,12773,11978
GGCAAGGCGAAATAGC-1,1,45,69,13025,12124
GATCTTGGAGGGCATA-1,1,44,70,12772,12268
AGCGTGGTATTCTACT-1,1,45,71,13024,12414
CTAAGGGAATGATTGG-1,1,44,72,12772,12558
CATGGTAAGTAGCGTT-1,1,45,73,13024,12704
CGTTGAGCGACCGTCG-1,1,44,74,12771,12848
TGCCCGTACCGTTAAA-1,1,45,75,13023,12994
ACAAGGGCAGGCTCTG-1,1,44,76,12770,13138
GAGATCTTCCATGACA-1,1,45,77,13022,13284
AATGACGTAGGATGTC-1,1,44,78,12770,13428
GTGGTGGCCAAGTGAA-1,1,45,79,13022,13574
TCCCGTGTGCAATTTG-1,1,44,80,12769,13719
ACATCGTATGCAATGG-1,1,45,81,13021,13864
GCGAAACTTAACTGGA-1,1,44,82,12768,14009
AATTGAACGCTCTGGT-1,1,45,83,13021,14154
ACAAATGGTAGTGTTT-1,1,44,84,12768,14299
ATGGTCGCGTGGTTTC-1,1,45,85,13020,14444
TGTTATTGTATGTGGC-1,1,44,86,12767,14589
TTCCGGTTACCCACTT-1,1,45,87,13019,14734
GAGTGTGCGGTACCCA-1,1,44,88,12767,14879
CAAGATATTATAACGT-1,1,45,89,13019,15024
ACACACCAGGACCAGT-1,1,44,90,12766,15169
ATGGGCCTCGGCCTCT-1,1,45,91,13018,15314
AAGGTGATAAACCAGC-1,1,44,92,12765,15459
TCTTACTTATGCCTCT-1,1,45,93,13017,15604
AAAGTGTGATTTATCT-1,1,44,94,12765,15749
TGCTCCACAGTTCTTA-1,1,45,95,13017,15894
CTGGCTGATTCATCCT-1,1,44,96,12764,16039
TAAGGCTGAATCCCTC-1,1,45,97,13016,16184
TCTAGTGATATCGTGG-1,0,44,98,12764,16329
TCGAAGAACCGAGCAC-1,0,45,99,13016,16475
GACAAACATATGCAGG-1,0,44,100,12763,16619
AAGTCAATTGTCGTCA-1,0,45,101,13015,16765
AGTGAACAAACTTCTC-1,0,44,102,12762,16909
CATGATGGAAGTTAGC-1,0,45,103,13014,17055
AAGTGCCTTGACTGTA-1,0,44,104,12762,17199
ATCGCCAGTCAACATT-1,0,45,105,13014,17345
ACCGCGGTGGAAGTCG-1,0,44,106,12761,17489
TCTTCTATAACCCGCC-1,0,45,107,13013,17635
CACATTTCTTGTCAGA-1,0,44,108,12761,17779
TAGCGTCCCTCGATTG-1,0,45,109,13013,17925
GTTCGGATCGGGAACA-1,0,44,110,12760,18069
CAAACTCGCGACGCCG-1,0,45,111,13012,18215
GTCTTGTAGCTATTCA-1,0,44,112,12759,18359
TCTCGACGTATCGCCG-1,0,45,113,13011,18505
TTGCCAAGCAGAACCC-1,0,44,114,12759,18649
AAACCCGAACGAAATC-1,0,45,115,13011,18795
TTGAGCAGCCCACGGT-1,0,44,116,12758,18939
CGCCTTTAGCATGCTC-1,0,45,117,13010,19085
TGTGGCTCCCACCAAC-1,0,44,118,12758,19229
CCGCCGTTGAGGATAA-1,0,45,119,13010,19375
CAATACGAGAGTCTGA-1,0,44,120,12757,19520
CATCTAGTGAAGGGAA-1,0,45,121,13009,19665
GGTGGAGGTTGATACG-1,0,44,122,12756,19810
CCGCACACGAACGTGT-1,0,45,123,13008,19955
AGAACCCAGCGTGACA-1,0,44,124,12756,20100
GCGCTCGATCACCTGT-1,0,45,125,13008,20245
ATCATGGACTACCGAC-1,0,44,126,12755,20390
TACGCCGCCTCAGAAG-1,0,45,127,13007,20535
CGACCTACTAGACAAT-1,0,46,0,13298,2118
GAGTCTTGTAAAGGAC-1,0,47,1,13550,2263
AATATCCTAGCAAACT-1,0,46,2,13298,2408
CCCTAGGCAACAAGAG-1,0,47,3,13550,2553
ACAAAGAAGGTAGGCC-1,0,46,4,13297,2698
CCCTGGCTGTTCCTTC-1,0,47,5,13549,2843
TCGCCGCACCGCGTGA-1,0,46,6,13296,2988
TATAGCGCACGTTATC-1,0,47,7,13548,3133
TTATCTGACATTAGGA-1,0,46,8,13296,3278
AGTGGTGTTACCCGTG-1,0,47,9,13548,3423
GCCAAGAATACTTCTG-1,0,46,10,13295,3568
CCGGCGTGAGACTCTG-1,0,47,11,13547,3713
TTCCCGGCGCCAATAG-1,0,46,12,13294,3858
AAACAGGGTCTATATT-1,0,47,13,13547,4003
ACAGTAATACAACTTG-1,0,46,14,13294,4148
CGAACGGCCGGACAAC-1,0,47,15,13546,4294
GCAACACACTAGAACT-1,0,46,16,13293,4438
ACTCCCATTCCTAAAG-1,0,47,17,13545,4584
ACCTGCGTGTCATGTT-1,0,46,18,13293,4728
TACTTTCCGCACGCCA-1,0,47,19,13545,4874
AGGTCAGGTGAGAGTG-1,0,46,20,13292,5018
TCCTCCTAAGACATTC-1,0,47,21,13544,5164
ATGTGAAAGCCTAATG-1,0,46,22,13291,5308
AGTCGGCTCAACTTTA-1,1,47,23,13543,5454
CGATCTGTTGGAGGAC-1,1,46,24,13291,5598
ACGGGAGTGTCGGCCC-1,1,47,25,13543,5744
TTAACTTCAGGTAGGA-1,1,46,26,13290,5888
CCACGGAGCCATAAGA-1,1,47,27,13542,6034
CTTCTATGTTGAAGTA-1,1,46,28,13290,6178
CACCGTTGCGCGATAT-1,1,47,29,13542,6324
TCTAGCAATCTCCGCC-1,1,46,30,13289,6468
AGTTTGGCCAGACCTA-1,1,47,31,13541,6614
TTGTAAGGACCTAAGT-1,1,46,32,13288,6758
AAATTTGCGGGTGTGG-1,1,47,33,13540,6904
AAGTTCGGCCAACAGG-1,1,46,34,13288,7048
CCGCTTACCTCACTCT-1,1,47,35,13540,7194
ATCACGTGCTAATTAA-1,1,46,36,13287,7339
GGTGAAGTACAGGGAT-1,1,47,37,13539,7484
GCTGTATTACTGGCCC-1,1,46,38,13287,7629
AACGGCCATCTCCGGT-1,1,47,39,13539,7774
TAAGTAACATCTTGAC-1,1,46,40,13286,7919
TTCTTGAGCCGCGCTA-1,1,47,41,13538,8064
AGTGCGTAGCTCGTAA-1,1,46,42,13285,8209
GGGATGGTCGTAACCG-1,1,47,43,13537,8354
GTCTGGGCGGTCGAGA-1,1,46,44,13285,8499
CGGAACGTAAACATAG-1,1,47,45,13537,8644
TGCGACACCCTAGTGC-1,1,46,46,13284,8789
CAAACGAGTATCGCAG-1,1,47,47,13536,8934
TCAGTAGGGACTATAA-1,1,46,48,13284,9079
GCGGTTCCCTATCATG-1,1,47,49,13536,9224
GTGACTTCAGTAGTGC-1,1,46,50,13283,9369
CGTCACGTCCATTGGT-1,1,47,51,13535,9514
ATAAGTTACCGCGACG-1,1,46,52,13282,9659
CTGAATCCGAGACCTC-1,1,47,53,13534,9804
TACGACGCTTGCTGCG-1,1,46,54,13282,9949
GAATTCACCCGGGTGT-1,1,47,55,13534,10095
GGGTGACACCTTAACT-1,1,46,56,13281,10239
TGAGTAAATTAGCGTA-1,1,47,57,13533,10385
GAGTCCGCTTACCGGA-1,1,46,58,13280,10529
GGCGCGTTCGAGTTTA-1,1,47,59,13533,10675
ATTCATATACTGTCCA-1,1,46,60,13280,10819
ATAAACGGACCCGTAA-1,1,47,61,13532,10965
GTCGTACCATCTCGGG-1,1,46,62,13279,11109
ATAATAGCTGTTGAAT-1,1,47,63,13531,11255
TTCCGCGTGAGGCGAT-1,1,46,64,13279,11399
TACCGGCTCACTGCCC-1,1,47,65,13531,11545
GTATCTTTCATAACCA-1,1,46,66,13278,11689
GTTACCTACAACTTGC-1,1,47,67,13530,11835
TGACTATAATCCTTTC-1,1,46,68,13277,11979
AAATACCTATAAGCAT-1,1,47,69,13529,12125
TTATTAGAGCGTGTTC-1,1,46,70,13277,12269
ATGTGGACATCTTGAT-1,1,47,71,13529,12415
GTACGCTTCATTGCAC-1,1,46,72,13276,12559
CACATATTAGCAGGAT-1,1,47,73,13528,12705
CAAGAGGGCGGAGTAC-1,1,46,74,13276,12849
TCGCAAAGATGCATTT-1,1,47,75,13528,12995
GTCGTTATTCGCTTAT-1,1,46,76,13275,13139
TCGTGTACTATGGATG-1,1,47,77,13527,13285
GCGGAGAGGGAGAACG-1,1,46,78,13274,13430
TCACAGGGAATCGCAA-1,1,47,79,13526,13575
GACTGCACCAGCCCAG-1,1,46,80,13274,13720
TCCGCTGTCATCCCGG-1,1,47,81,13526,13865
AGATACTCAAGATCGA-1,1,46,82,13273,14010
ACTGAATGGCGAAAGT-1,1,47,83,13525,14155
TCCTACATCCACGGCC-1,1,46,84,13273,14300
TTCAGCCCTGGTCCAC-1,1,47,85,13525,14445
TTAGAGTTTAGAAGGA-1,1,46,86,13272,14590
GGTTAGCTATATGTCT-1,1,47,87,13524,14735
CTGGTTTCGAGCAAGA-1,1,46,88,13271,14880
TGGGCCCATACTAATT-1,1,47,89,13523,15025
ACTTATTTATGTGCCA-1,1,46,90,13271,15170
TTAGTTATTCGTGGCA-1,1,47,91,13523,15315
AACCGCTAAGGGATGC-1,1,46,92,13270,15460
ATACGTCCACTCCTGT-1,1,47,93,13522,15605
CGACACGCTCCGACAG-1,1,46,94,13270,15750
TCTGAACTCGTACCCG-1,1,47,95,13522,15895
AGGATATAGGGATTTA-1,1,46,96,13269,16040
GTGATCACTAACGCCT-1,1,47,97,13521,16186
ACCGGGCCTTTGTTGA-1,0,46,98,13268,16330
TTGACAGGAGCTCCCG-1,0,47,99,13520,16476
CTCTTCTATTGACTGG-1,0,46,100,13268,16620
CGTGGCCGAATATCTA-1,0,47,101,13520,16766
GGTTTAGCCTTTCTTG-1,0,46,102,13267,16910
TCAAGGTTACTACACC-1,0,47,103,13519,17056
TTGACTATTGTCCGGC-1,0,46,104,13266,17200
CGGGAATATAGTATAC-1,0,47,105,13519,17346
GCAACAGCAGTATGCG-1,0,46,106,13266,17490
ATCAAACACTGTTCCA-1,0,47,107,13518,17636
TGGGCAATAGTTGGGT-1,0,46,108,13265,17780
TGAATGTCAGCCGGCC-1,0,47,109,13517,17926
CGGCTCTAAAGCTGCA-1,0,46,110,13265,18070
GGACACAAGTTTACAC-1,0,47,111,13517,18216
CCGAGAAGTCGCATAA-1,0,46,112,13264,18360
AACTACCCGTTTGTCA-1,0,47,113,13516,18506
GCACAAACGAGGCGTG-1,0,46,114,13263,18650
CACACAGCTTGCGCTC-1,0,47,115,13515,18796
GTGCTTACATCAGCGC-1,0,46,116,13263,18940
GCAAACGTCGCCAGGT-1,0,47,117,13515,19086
GAATAGCATTTAGGGT-1,0,46,118,13262,19231
TACTGTTTCTCTGGTA-1,0,47,119,13514,19376
TCCTATCATAGGTAAC-1,0,46,120,13262,19521
TTCGGTGGAGACGCCC-1,0,47,121,13514,19666
TGTTGCCGTCGTCCCA-1,0,46,122,13261,19811
CCAACTTGATAGATCC-1,0,47,123,13513,19956
CAAAGGTCATCTGAAA-1,0,46,124,13260,20101
CTAGCTTAATGGTCCC-1,0,47,125,13512,20246
AGGCCACATTGGTTAC-1,0,46,126,13260,20391
TTAGGATGGGAGGGTA-1,0,47,127,13512,20536
TATGACCTTGCGCTGG-1,0,48,0,13803,2119
ATATACATGTATGGTA-1,0,49,1,14055,2264
TGTGTGACCATGAATC-1,0,48,2,13802,2409
CCCACTCCACGGTATC-1,0,49,3,14054,2554
GGGCAGACGTCACTGC-1,0,48,4,13802,2699
TCAAAGAGCTATCTGT-1,0,49,5,14054,2844
AGATGCATCCTGTGTC-1,0,48,6,13801,2989
GTGAAGTCACGACTCG-1,0,49,7,14053,3134
TGATTCAGGTCCCGCG-1,0,48,8,13800,3279
CGCCACAGGTCGCGAT-1,0,49,9,14052,3424
TTGAATCGTTGTATAA-1,0,48,10,13800,3569
TGGCCAATTTGGTACT-1,0,49,11,14052,3714
CGACCCTTAACGCCGG-1,0,48,12,13799,3859
TCGGCGTACTGCACAA-1,0,49,13,14051,4005
GAGTAAGGCCACGGGA-1,0,48,14,13799,4149
ATCAGCTCGTCCACTA-1,0,49,15,14051,4295
AGGATCACGCGATCTG-1,0,48,16,13798,4439
AAATGGCCCGTGCCCT-1,1,49,17,14050,4585
CAGTACCAGTTTACGT-1,0,48,18,13797,4729
GGTCGTAAGCTCGCAC-1,1,49,19,14049,4875
CGTTCATGGTGCGCGT-1,0,48,20,13797,5019
GACTACAAAGCGGTGG-1,1,49,21,14049,5165
CAGCTGGCGTAACCGT-1,1,48,22,13796,5309
ACTCGTAACCCGTCCT-1,1,49,23,14048,5455
CATATGTCAGGCTACG-1,1,48,24,13796,5599
GCCCGACTTCTTCCCG-1,1,49,25,14048,5745
CTGGCATCCGAATGAG-1,1,48,26,13795,5889
AAGTGCGTTAGAATCT-1,1,49,27,14047,6035
AGAAGTGATTCGTGAT-1,1,48,28,13794,6179
TACCTTAAGATTTCCC-1,1,49,29,14046,6325
AATGACAGCAATGTCT-1,1,48,30,13794,6469
TCAACGCAGGAAATAA-1,1,49,31,14046,6615
TATTCCTCCGCCCACT-1,1,48,32,13793,6759
ATCAAACGAAGGTTTG-1,1,49,33,14045,6905
TTGATTAGCTGTTTCT-1,1,48,34,13792,7050
CTGCTGAGGCCACGAA-1,1,49,35,14045,7195
CCGTGTTAAATTCCAT-1,1,48,36,13792,7340
CACGTCGGCAACCTCT-1,1,49,37,14044,7485
GTATTCTGAGAAACGA-1,1,48,38,13791,7630
CGGTGCGCGTTGGTCC-1,1,49,39,14043,7775
GTGATTCGCCGCTCAA-1,1,48,40,13791,7920
GCCCGCGCGTAAACGG-1,1,49,41,14043,8065
AACGTACTGTGGGTAC-1,1,48,42,13790,8210
GAGTATGCCCGCCTTG-1,1,49,43,14042,8355
TGATTCTGTCGCCGGT-1,1,48,44,13789,8500
GGGCGGCAAATGAATT-1,1,49,45,14041,8645
TTCCAATCTGGCTATC-1,1,48,46,13789,8790
GGAACCGTGTAAATTG-1,1,49,47,14041,8935
TTGGTCACACTCGTAA-1,1,48,48,13788,9080
CGAACCCGCATGCGTC-1,1,49,49,14040,9225
GGGCGTCACCACGTAA-1,1,48,50,13788,9370
TACCAGAAGTAGGTTC-1,1,49,51,14040,9515
TTGGATATCGTCTACG-1,1,48,52,13787,9660
TAGATATGGACTGGAA-1,1,49,53,14039,9806
GCGACGATAGTTGTAC-1,1,48,54,13786,9950
CTGGATTTACACTTGA-1,1,49,55,14038,10096
GTTATATTATCTCCCT-1,1,48,56,13786,10240
TATTCCACTCAGCTCG-1,1,49,57,14038,10386
CTGTTACCCAATCTAG-1,1,48,58,13785,10530
ACGCGAAGTCAGACGA-1,1,49,59,14037,10676
GATAGGTAACGTTGAC-1,1,48,60,13785,10820
TGTTCGTATTGCGGTG-1,1,49,61,14037,10966
GGTCAGTGGGTCCCAC-1,1,48,62,13784,11110
AATTCTAGAGTTAGGC-1,1,49,63,14036,11256
GTTTACGTTCCATCTG-1,1,48,64,13783,11400
AGACCCACCGCTGATC-1,1,49,65,14035,11546
TCTAGCATGCCCAGAA-1,1,48,66,13783,11690
CCCGCAGCGCGAACTA-1,1,49,67,14035,11836
CTCTATTTGGCTGCAG-1,1,48,68,13782,11980
TTCTGCCGCGCCTAGA-1,1,49,69,14034,12126
ACTCCCTAGAATAGTA-1,1,48,70,13782,12270
CCGAACCTTCCCGGCC-1,1,49,71,14034,12416
TCAGACGCTATAGAAG-1,1,48,72,13781,12560
CAGGCGCCATGCTAGG-1,1,49,73,14033,12706
CACTCGAGCTGAACAA-1,1,48,74,13780,12851
ACAAGGAAATCCGCCC-1,1,49,75,14032,12996
ACCACGTGCAGCTATA-1,1,48,76,13780,13141
ACGGCGACGATGGGAA-1,1,49,77,14032,13286
TTACTAAAGGACTTTA-1,1,48,78,13779,13431
GGCTGAAATAGCAAAG-1,1,49,79,14031,13576
TTAGACGAGTCACCTC-1,1,48,80,13778,13721
GTAGTCGCGGGAATCA-1,1,49,81,14031,13866
GCAAACCCTACATTAT-1,1,48,82,13778,14011
GTTAAAGTAGGACTGG-1,1,49,83,14030,14156
ACCCTCCCTTGCTATT-1,1,48,84,13777,14301
CATGTCTCATTTATGG-1,1,49,85,14029,14446
AATAGAATCTGTTTCA-1,1,48,86,13777,14591
TCTCATGAGATAGGGT-1,1,49,87,14029,14736
ATGACTATGCGACATT-1,1,48,88,13776,14881
CCTAACCCAAACAAGT-1,1,49,89,14028,15026
AGTCAAGATGACACTT-1,1,48,90,13775,15171
CGGGAGCTTCAGTGTA-1,1,49,91,14027,15316
CCACAGTACCCATCCT-1,1,48,92,13775,15461
GAGCGCGCACGAGTAG-1,1,49,93,14027,15606
ACCAGTGCGGGAGACG-1,1,48,94,13774,15751
TCCTTACGACGGTCCG-1,1,49,95,14026,15897
TAGTCGATCACGGGTT-1,1,48,96,13774,16041
AGACGAAGTGCCGGTC-1,1,49,97,14026,16187
CGCTGGTGACTACCCT-1,0,48,98,13773,16331
AGGCATTGTCGTAGGG-1,0,49,99,14025,16477
TGGTAGAATATATGGG-1,0,48,100,13772,16621
TTCTTATCCGCTGGGT-1,0,49,101,14024,16767
AGTTTGGCACGGGTTG-1,0,48,102,13772,16911
GCATCGGCCGTGTAGG-1,0,49,103,14024,17057
ATGCGAGTCCCACCAC-1,0,48,104,13771,17201
TCGGCGAACCCAAACC-1,0,49,105,14023,17347
AGAGTAAACTTCACTA-1,0,48,106,13771,17491
AAGCCGAAGCGGTTTA-1,0,49,107,14023,17637
CCCGAGTTTCTCCGTA-1,0,48,108,13770,17781
AATATCGAATCAATGC-1,0,49,109,14022,17927
GCGCCTCCCACTCCGA-1,0,48,110,13769,18071
CGTTAAACTAGTTAGG-1,0,49,111,14021,18217
TGAGTTAAAGACATTC-1,0,48,112,13769,18361
AACAGGTAGTATGGAT-1,0,49,113,14021,18507
GAACGCGGGTCACACG-1,0,48,114,13768,18651
TGTTTGAGATCGTCAG-1,0,49,115,14020,18797
ATCTCGTGAGCGAAAC-1,0,48,116,13768,18942
CTGAGAAAGTTCGGCG-1,0,49,117,14020,19087
ATTACCACACTGCCTG-1,0,48,118,13767,19232
CTGCTGTCTAACGAGC-1,0,49,119,14019,19377
CGTGGAAGCCTCGTAC-1,0,48,120,13766,19522
GGACTCACAAATTAGG-1,0,49,121,14018,19667
CTTTGCTGTCATGGAT-1,0,48,122,13766,19812
GGTGTTGGGCGTCTTA-1,0,49,123,14018,19957
TACCATGTATTGATTT-1,0,48,124,13765,20102
GGTCTCCAAGTAGTGC-1,0,49,125,14017,20247
ATCCTTCTGAAAGAAC-1,0,48,126,13764,20392
CCGGAAGTTATCAGTC-1,0,49,127,14017,20537
TTAGAGGGATATACAG-1,0,50,0,14307,2120
TTGTACACCTCGAACA-1,0,51,1,14560,2265
GTGGGTACTGAGCGTA-1,0,50,2,14307,2410
CTTAAGCAGCGAGCCG-1,0,51,3,14559,2555
GCATTGACTTGCGGAA-1,0,50,4,14306,2700
CCATAACCTGTGCAGT-1,0,51,5,14558,2845
GGGCTACTATTTCGTG-1,0,50,6,14306,2990
GGCGAGCGAAACGGCA-1,0,51,7,14558,3135
GGAGACCATCTACATA-1,0,50,8,14305,3280
AGACCAAACCACACCT-1,0,51,9,14557,3426
CGACGCATCCGTACCT-1,0,50,10,14304,3570
CCTAGGTAAAGGTAGC-1,0,51,11,14556,3716
AGCGGCGGTTAGCGGT-1,0,50,12,14304,3860
CTGGACGCAGTCCGGC-1,0,51,13,14556,4006
AGCCTAATACCCACGT-1,0,50,14,14303,4150
AATCTGGCTTTCTAGT-1,0,51,15,14555,4296
CACCCTTGGTGAGACC-1,0,50,16,14303,4440
GGATCTTGACTCAACC-1,0,51,17,14555,4586
ACGAGGATACCACTCT-1,0,50,18,14302,4730
GAGTTGATGGCAATTT-1,1,51,19,14554,4876
GTGGCAAACAGCGGCA-1,1,50,20,14301,5020
GATGTAACGAACCACC-1,1,51,21,14553,5166
AGCCGTGGCTAAATGT-1,1,50,22,14301,5310
CTCCCTCCTTTCGATC-1,1,51,23,14553,5456
TTGGAAGAATACAGTC-1,1,50,24,14300,5600
AGTTAAGTCAACCGCT-1,1,51,25,14552,5746
CTCATGGTAATTTGCG-1,1,50,26,14300,5890
AAAGTAGCATTGCTCA-1,1,51,27,14552,6036
TTGTGGTAGGAGGGAT-1,1,50,28,14299,6180
AGTCGTGGGCATTACG-1,1,51,29,14551,6326
ACCTAAGTACCTTTCA-1,1,50,30,14298,6470
GTAGAGGGAGACAAGT-1,1,51,31,14550,6616
GATCCTCGACACTGGC-1,1,50,32,14298,6761
CCTACATTCACAGACG-1,1,51,33,14550,6906
TTGACCGTGTTAATGA-1,1,50,34,14297,7051
TCTGTTACCCAGCATA-1,1,51,35,14549,7196
CTAACTGGTCCGGTTC-1,1,50,36,14297,7341
AGCGACAGGAACGGTC-1,1,51,37,14549,7486
TAATAGAACAGAGTTA-1,1,50,38,14296,7631
ACAGGTGGAGGTGAGG-1,1,51,39,14548,7776
TGCGAGAATATTACCC-1,1,50,40,14295,7921
TTGCGTCGGCCAACCG-1,1,51,41,14547,8066
AGGCTTCCCGAAGAAG-1,1,50,42,14295,8211
GCGGACCGCGTTGTGG-1,1,51,43,14547,8356
GTAATCTGATTCTTCG-1,1,50,44,14294,8501
CCGCGGAATGCGTCAC-1,1,51,45,14546,8646
TTCCACACAGATTTGA-1,1,50,46,14293,8791
CTTCTATTAATGCTAG-1,1,51,47,14546,8936
CATTTGAGTGGTACGT-1,1,50,48,14293,9081
TCACAGCAAACTCGAA-1,1,51,49,14545,9226
CAGACGAACCTGATAC-1,1,50,50,14292,9371
TAGCTAGAAGGCATGA-1,1,51,51,14544,9517
ATCCAGAGCAACAACC-1,1,50,52,14292,9661
TCCGGTTCGTCCGGTC-1,1,51,53,14544,9807
CGCGCATGTTTGATTG-1,1,50,54,14291,9951
TGGCGATCAAGTTATG-1,1,51,55,14543,10097
CCCTTTGACAGGTCTT-1,1,50,56,14290,10241
CAGAGACGGTCACCCA-1,1,51,57,14542,10387
TAGCTCGCCTGATAAC-1,1,50,58,14290,10531
TTGTGTTTCCCGAAAG-1,1,51,59,14542,10677
TATACACAGACGCCTT-1,1,50,60,14289,10821
ACATTAGTTTATATCC-1,1,51,61,14541,10967
CCATCGCAGTTAAACT-1,1,50,62,14289,11111
AATTAGCGCTGCAGCG-1,1,51,63,14541,11257
TCCGCTTATCCCATTA-1,1,50,64,14288,11401
GTTTGGGCTTGTGAGC-1,1,51,65,14540,11547
CTTGTCAACATTCGAG-1,1,50,66,14287,11691
GGACCAACAGGATAAC-1,1,51,67,14539,11837
AAGCTAGATCGAGTAA-1,1,50,68,14287,11981
TACCGTGCCTCGGACC-1,1,51,69,14539,12127
GTAGCCAAACATGGGA-1,1,50,70,14286,12271
TGCCAGTACGTGGAGA-1,1,51,71,14538,12417
ATAAGGTGGAGAACAT-1,1,50,72,14286,12562
CTTTAATATTGGTCGA-1,1,51,73,14538,12707
TGGTTCAACGGGTAAT-1,1,50,74,14285,12852
GCTGCTACTGCGTAGC-1,1,51,75,14537,12997
CTGCACAACTACATAT-1,1,50,76,14284,13142
ATATTCCACATAGTGA-1,1,51,77,14536,13287
TGGCAAACTAAATTAC-1,1,50,78,14284,13432
ACCGCAATAACTGCCT-1,1,51,79,14536,13577
TCGCACCAGGAGGCAG-1,1,50,80,14283,13722
ACTTCAGGCTGATCCC-1,1,51,81,14535,13867
ACAAATCGCACCGAAT-1,1,50,82,14283,14012
TCTGATGTATTCTGTC-1,1,51,83,14535,14157
CTTTACCGAATAGTAG-1,1,50,84,14282,14302
GCAGATCCATAAGACT-1,1,51,85,14534,14447
TTCCTCGGACTAACCA-1,1,50,86,14281,14592
TTATCCGGGATCTATA-1,1,51,87,14533,14737
CTGGAAGACACGGTGG-1,1,50,88,14281,14882
GTTCGTCTAAAGAACT-1,1,51,89,14533,15027
GTCTATTGGTTCCGGT-1,1,50,90,14280,15172
CTAGGCGCCCTATCAG-1,1,51,91,14532,15318
AACGGACGTACGTATA-1,1,50,92,14280,15462
AACACACGCTCGCCGC-1,1,51,93,14532,15608
GCTACTATAGTAGAGT-1,1,50,94,14279,15752
AGCATATCAATATGCT-1,1,51,95,14531,15898
CGAACAGTATGGGCGT-1,1,50,96,14278,16042
ACAATTGTGTCTCTTT-1,1,51,97,14530,16188
GATCGCTACCCGATTT-1,1,50,98,14278,16332
ATTGCGATCAGTAACT-1,1,51,99,14530,16478
CAGCAGTCCAGACTAT-1,0,50,100,14277,16622
AGAGGCTTCGGAAACC-1,0,51,101,14529,16768
AAACAAGTATCTCCCA-1,0,50,102,14276,16912
GGCAGCAAACCTATGC-1,0,51,103,14529,17058
ACTAGTTGCGATCGTC-1,0,50,104,14276,17202
TTGGACCATCTGGCAA-1,0,51,105,14528,17348
CCCTCCTCGCTCGTAT-1,0,50,106,14275,17492
GAGCGCAAATACTCCG-1,0,51,107,14527,17638
ATTACATGTCAGTCTT-1,0,50,108,14275,17782
TTGGGACGTAAGAGTT-1,0,51,109,14527,17928
CTTCGGCCAATTGTTT-1,0,50,110,14274,18072
AGACCGCTCCGCGGTT-1,0,51,111,14526,18218
GACCGCGTCTGACGTG-1,0,50,112,14273,18362
CCAAATAACAAGATTC-1,0,51,113,14525,18508
TCTTTAGAGTCTAACA-1,0,50,114,14273,18653
CTCCCAATGAGTCGCG-1,0,51,115,14525,18798
TAGTCTTTCCGAATTG-1,0,50,116,14272,18943
GAGTAAACCGGAAAGT-1,0,51,117,14524,19088
GATCTCGACGCTGTGG-1,0,50,118,14272,19233
CTGACATAGAAATAGA-1,0,51,119,14524,19378
TATACCGAGTGCCACA-1,0,50,120,14271,19523
TCCGAACGTTGCCGCT-1,0,51,121,14523,19668
GCAGAAGGTAATCTCC-1,0,50,122,14270,19813
GGTACTAAGTGCTTTG-1,0,51,123,14522,19958
CAGAATATTCGTTATC-1,0,50,124,14270,20103
TAATCAACCAAATGGG-1,0,51,125,14522,20248
TCTGCTTAGAACAAGC-1,0,50,126,14269,20393
AACTGAGTTATACTGA-1,0,51,127,14521,20538
CCTCAACGATCGCTGT-1,0,52,0,14812,2121
CGGTACGGCAAACCCA-1,0,53,1,15064,2266
CAGATGTTTGTCCCAA-1,0,52,2,14812,2411
GTTTGTTAGCCAAGTA-1,0,53,3,15064,2556
ACGTGACAAAGTAAGT-1,0,52,4,14811,2701
TTGTCACCGCGGTATC-1,0,53,5,15063,2846
GATCTAACCGTATTCA-1,0,52,6,14810,2991
ATGGAAATTTAAGGAG-1,0,53,7,15062,3137
ATTGATCACCACATTT-1,0,52,8,14810,3281
ACTGCTCGGAAGGATG-1,0,53,9,15062,3427
TCTAAAGAACAGTCTC-1,0,52,10,14809,3571
CTGGGTTGAGTTAAAG-1,0,53,11,15061,3717
CCCAGTAAACTTGGGA-1,0,52,12,14809,3861
AGATTCACAACCGATA-1,0,53,13,15061,4007
AGAAGGTACACTTCAC-1,0,52,14,14808,4151
GCAGGAACTTAGATCT-1,0,53,15,15060,4297
AATCTAGGTTTACTTG-1,0,52,16,14807,4441
CCCGGTGTATCGGAAT-1,0,53,17,15059,4587
TTATCCTCAAGGAATA-1,0,52,18,14807,4731
AGCATCATTTCGAAAG-1,1,53,19,15059,4877
CGCGAGTCTGCCGGGT-1,1,52,20,14806,5021
TGCGTCATGACTGAGC-1,1,53,21,15058,5167
GTATGAAATTTCACTC-1,1,52,22,14805,5311
TTGGTTGCGGTGCGCG-1,1,53,23,15058,5457
ACAGAACTGAGAACAA-1,1,52,24,14805,5601
CTACTATCATAGGTTT-1,1,53,25,15057,5747
CCTCTATCGATTAGCA-1,1,52,26,14804,5891
CCGTATCTCGTCGTAG-1,1,53,27,15056,6037
TCACGATGTCCGTGGA-1,1,52,28,14804,6181
TCAACAAAGATAATTC-1,1,53,29,15056,6327
ATGACGCGTTCTATCC-1,1,52,30,14803,6472
ATTTGCGCGAGTAGCT-1,1,53,31,15055,6617
TTCTTGGACGATCTGC-1,1,52,32,14802,6762
AGACGACGATGCCGCT-1,1,53,33,15054,6907
GGTCTCTGAATGGACT-1,1,52,34,14802,7052
GCTCAATCCGTTTATT-1,1,53,35,15054,7197
CCAGAAAGCAACTCAT-1,1,52,36,14801,7342
CACCGTTAGGGATCAC-1,1,53,37,15053,7487
AATAACACTAGAACAA-1,1,52,38,14801,7632
CACCCGGTTTGTGACT-1,1,53,39,15053,7777
CCACCAACTTTACTGT-1,1,52,40,14800,7922
AACTCTCAGTGTGCTC-1,1,53,41,15052,8067
AAACCGTTCGTCCAGG-1,1,52,42,14799,8212
CAGCGATTCCCTTCAA-1,1,53,43,15051,8357
GCTAGCTTGAATAGCT-1,1,52,44,14799,8502
TTGCGGCATCAGAAAG-1,1,53,45,15051,8647
AATAGAACAGAGTGGC-1,1,52,46,14798,8792
GCCATCGAGCTGCGTG-1,1,53,47,15050,8937
ACACTGATCAAGGTGT-1,1,52,48,14798,9082
ACCAACGCTTATTTAT-1,1,53,49,15050,9228
GACATCGATTTATAAC-1,1,52,50,14797,9372
CAGACACCGATCGCTG-1,1,53,51,15049,9518
CCAAGAAAGTGGGCGA-1,1,52,52,14796,9662
GGTAGACCGTTGGGCG-1,1,53,53,15048,9808
TCGTTAGGAGTCCCTA-1,1,52,54,14796,9952
ACGGCCAACATGGACT-1,1,53,55,15048,10098
GTGAGTGGTACAACGC-1,1,52,56,14795,10242
GAGACTTCGCGACCGA-1,1,53,57,15047,10388
GAAGTCAGTTGCACTA-1,1,52,58,14795,10532
GTTTGGTAGGGTCAAC-1,1,53,59,15047,10678
ACGGCACTTGCTTGGG-1,1,52,60,14794,10822
CCTCTGTACTATTCTA-1,1,53,61,15046,10968
CTATTCATGTGTCCCA-1,1,52,62,14793,11112
GCCCGATCTGTGGTCG-1,1,53,63,15045,11258
TTAGAAGAACATGACT-1,1,52,64,14793,11402
AGGATAAAGTCGGGAT-1,1,53,65,15045,11548
CGGCAAACATCGTGCG-1,1,52,66,14792,11692
CTAGTTACAACCCGGT-1,1,53,67,15044,11838
TTCGACAGAGCCCGTG-1,1,52,68,14791,11982
AAGCATACTCTCCTGA-1,1,53,69,15044,12128
GACGACGATCCGCGTT-1,1,52,70,14791,12273
GGTAGAAGACCGCCTG-1,1,53,71,15043,12418
GAGATGGGAGTCGACA-1,1,52,72,14790,12563
AACGATAATGCCGTAG-1,1,53,73,15042,12708
TGGTCCCACGCTACGG-1,1,52,74,14790,12853
CTGCTTGGCGATAGCT-1,1,53,75,15042,12998
ATCGGAGACAGACGGC-1,1,52,76,14789,13143
TAGCGTCCGGTGTGGT-1,1,53,77,15041,13288
GTTGAGTCCCGCCGGT-1,1,52,78,14788,13433
AAATAGGGTGCTATTG-1,1,53,79,15040,13578
AAGTGTTTGGAGACGG-1,1,52,80,14788,13723
AGCACTACCTCACCAG-1,1,53,81,15040,13868
TGCCTTGGCCAGGCAA-1,1,52,82,14787,14013
TCGTCTTAGGCGTTAA-1,1,53,83,15039,14158
TTCTGACCGGGCTCAA-1,1,52,84,14787,14303
CAGAACTTAGCCCTCT-1,1,53,85,15039,14448
AGCTCCTTCGCACATC-1,1,52,86,14786,14593
ACAGGCTTGCCCGACT-1,1,53,87,15038,14738
GCTATACGTCTCGGAC-1,1,52,88,14785,14883
GAGCCAGCTACCTGTG-1,1,53,89,15037,15029
TGCTAAGTGTCTATTT-1,1,52,90,14785,15173
GTCCTACGAATAGTCT-1,1,53,91,15037,15319
CAGTGTCGGCTGGCCC-1,1,52,92,14784,15463
CTATCGACGAAATACA-1,1,53,93,15036,15609
CATCATTACCCTGAGG-1,1,52,94,14784,15753
TAAGTTGCGACGTAGG-1,1,53,95,15036,15899
AGTGCACGCTTAAGAA-1,1,52,96,14783,16043
TGTGCCGGTGCCGGAA-1,1,53,97,15035,16189
AGGAGGCCTTCGCGCG-1,1,52,98,14782,16333
TCCGCGGCCCAATGAA-1,1,53,99,15034,16479
TCCGTTAAGCTAATAT-1,1,52,100,14782,16623
AAATCTAGCCCTGCTA-1,1,53,101,15034,16769
CGCAGGCGATCCAAAC-1,0,52,102,14781,16913
CCATATGGAAACTATA-1,0,53,103,15033,17059
CACCGTATCCCATCCG-1,0,52,104,14781,17203
GGTCAAGACTACTTCG-1,0,53,105,15033,17349
CCCGTTTCGCAGATGT-1,0,52,106,14780,17493
GTTATAATACGGTGAA-1,0,53,107,15032,17639
ACTTGTGGATGGAACG-1,0,52,108,14779,17783
GTTCGCTGAGACGTCT-1,0,53,109,15031,17929
GACACTGGAACCCGAT-1,0,52,110,14779,18073
CCCAGGTCTGAAGGCT-1,0,53,111,15031,18219
TCTCGAGGAGGTTCGC-1,0,52,112,14778,18364
ACTATCTGCCCGCGTA-1,0,53,113,15030,18509
CCTAAATTGTATCCTA-1,0,52,114,14777,18654
AGAAATTATGACTCGC-1,0,53,115,15030,18799
TCCAGCGCTATAAGCG-1,0,52,116,14777,18944
TCGTGTATTGGTCACG-1,0,53,117,15029,19089
CCACATACTGCACCCA-1,0,52,118,14776,19234
GTTGCGGACGGTCAGG-1,0,53,119,15028,19379
GTATTTAATGGCATAA-1,0,52,120,14776,19524
GTCGATAGGTGACTTT-1,0,53,121,15028,19669
AATAATCTTCGTATCG-1,0,52,122,14775,19814
ATTGTTCAACGATCCG-1,0,53,123,15027,19959
GTGCAGCGTAGAGTAG-1,0,52,124,14774,20104
TGTGGTAGGGTGCCTT-1,0,53,125,15026,20249
TGTGGACTATCTACGT-1,0,52,126,14774,20394
GGCGGGCTCTAAGAGT-1,0,53,127,15026,20539
TGTGCCAGAGGCAAAG-1,0,54,0,15317,2122
TGGCTTATGTATAATG-1,0,55,1,15569,2267
GCAAGCTGGAAACCGC-1,0,54,2,15316,2412
GATATCAAGCAGGAGC-1,0,55,3,15568,2557
CACCAATCATCCGTCT-1,0,54,4,15316,2702
CCACATGGCTCTTTAT-1,0,55,5,15568,2848
GTCCTACTCTACGGGC-1,0,54,6,15315,2992
CTCGAGACATACGATA-1,0,55,7,15567,3138
TATCAGTGGCGTAGTC-1,0,54,8,15314,3282
TGACAGGACAAGTCCA-1,0,55,9,15566,3428
TATTAACACCAAAGCA-1,0,54,10,15314,3572
TAGGCGATGAGGTCTC-1,0,55,11,15566,3718
CCGCCGGAACTTCTCG-1,0,54,12,15313,3862
GCCATTAGCCTCAAAC-1,0,55,13,15565,4008
GTTAGGCTACCCGTTT-1,0,54,14,15313,4152
GGGTATTCTAGCAAAC-1,0,55,15,15565,4298
GCCCTAGCCGTCGCGA-1,0,54,16,15312,4442
CAGATCCTGGTTTGAA-1,1,55,17,15564,4588
CTTCAGTGGTCGCCTA-1,1,54,18,15311,4732
GGGCAACCGCACGTGC-1,1,55,19,15563,4878
GACCCAATTATGATAC-1,1,54,20,15311,5022
GAAGCTCGGACCCGTC-1,1,55,21,15563,5168
CGTCGGGTCTAAGCGC-1,1,54,22,15310,5312
GAGGCCCGACTCCGCA-1,1,55,23,15562,5458
TTGCCATAGCCCGCTC-1,1,54,24,15310,5602
TAACATACACGCGATC-1,1,55,25,15562,5748
CCGACGGGCATGAGGT-1,1,54,26,15309,5893
AATGTGCCCGAGGTGT-1,1,55,27,15561,6038
AGCTGTAACCTCAATC-1,1,54,28,15308,6183
CGAGTGAAGGTACCAG-1,1,55,29,15560,6328
AGTCTCACAAGACTAC-1,1,54,30,15308,6473
AAATTGATAGTCCTTT-1,1,55,31,15560,6618
TAAGTCGCCGAGTATC-1,1,54,32,15307,6763
GCGGAGAAACTTCGCA-1,1,55,33,15559,6908
GGCAAAGGCGCCAATA-1,1,54,34,15307,7053
ATTTCCGGGTTCTGCG-1,1,55,35,15559,7198
TAAACCCAGGAGGGCA-1,1,54,36,15306,7343
TTCGGGCGCTAGTCTT-1,1,55,37,15558,7488
GTGGAGTCGGCGGTTG-1,1,54,38,15305,7633
GCACGCCTACTTAGAT-1,1,55,39,15557,7778
CAATATTCTTGACCTA-1,1,54,40,15305,7923
CGTTTGTGTAGAGGGT-1,1,55,41,15557,8068
CATAGCGTTGCCCACC-1,1,54,42,15304,8213
TGATACATTTAGCCGT-1,1,55,43,15556,8358
TTCCGGCCTTGAGGCT-1,1,54,44,15303,8503
CCTATACCGTCCTGTC-1,1,55,45,15556,8649
TCGTTGCTATCCGGTC-1,1,54,46,15303,8793
TGGCGACTGCTCCAAA-1,1,55,47,15555,8939
CAGAGGCGATGCATGA-1,1,54,48,15302,9083
TCACAGGAGAATAAGA-1,1,55,49,15554,9229
GGGTTAACATTTGAGT-1,1,54,50,15302,9373
GCGGGCGAGCCTTACC-1,1,55,51,15554,9519
TGCCAATGGGTACTCT-1,1,54,52,15301,9663
AGGGACTCTACGCGAC-1,1,55,53,15553,9809
GACGCCGTAAAGGCTA-1,1,54,54,15300,9953
AAAGGCTCTCGCGCCG-1,1,55,55,15552,10099
CTGGCTGGTTGTCAGT-1,1,54,56,15300,10243
ACATCCCGGCCATACG-1,1,55,57,15552,10389
CTCTTGTCCCGCTTGG-1,1,54,58,15299,10533
TACGCCTCCATTCCGA-1,1,55,59,15551,10679
CGGAGCAATTTAATCG-1,1,54,60,15299,10823
AACTAGGCTTGGGTGT-1,1,55,61,15551,10969
GCGTCGCCAGGGTGAT-1,1,54,62,15298,11113
GTTGGTCATGCTATCC-1,1,55,63,15550,11259
GCTGGCGGCGCATGCT-1,1,54,64,15297,11403
TGAGCGGAAAGTGTTC-1,1,55,65,15549,11549
CTTTCTGTGCGGGCTT-1,1,54,66,15297,11693
ATCTAATATCCTACGG-1,1,55,67,15549,11839
AACCTTTAAATACGGT-1,1,54,68,15296,11984
TTCACTCGAGCACCTA-1,1,55,69,15548,12129
CTGCACTCCAGTACAG-1,1,54,70,15296,12274
CCATTTCTACCTATTA-1,1,55,71,15548,12419
CAAGCGGCACATAATT-1,1,54,72,15295,12564
GTTAACATCACTTAAA-1,1,55,73,15547,12709
ATATAAATGTAGCTGC-1,1,54,74,15294,12854
GCCTCTATACATAGCA-1,1,55,75,15546,12999
GTGTCGTATAGCGTTC-1,1,54,76,15294,13144
ATACGTACTTAGCCAC-1,1,55,77,15546,13289
GCTATCATACTCATGG-1,1,54,78,15293,13434
TATCCAATTGGTTATC-1,1,55,79,15545,13579
TCTCCCTGGGCAGCGT-1,1,54,80,15293,13724
CCTATAATGAGTGCCC-1,1,55,81,15545,13869
CAATGCGAGAAGTATC-1,1,54,82,15292,14014
TACCAATAAAGTACCA-1,1,55,83,15544,14159
GCTAGGCACCACGGAG-1,1,54,84,15291,14304
GGTGGACTGCTCTGGC-1,1,55,85,15543,14449
TATTCCGAGCTGTTAT-1,1,54,86,15291,14594
TTGAGAAGTTTAGCAT-1,1,55,87,15543,14740
GTCCGGACCTGAAATT-1,1,54,88,15290,14884
CTGTGGTCGGGAGATA-1,1,55,89,15542,15030
CATGTAAGAGACATTT-1,1,54,90,15289,15174
CACGTTTCGTACACAC-1,1,55,91,15542,15320
CATCCTCTCAAAGATC-1,1,54,92,15289,15464
GATTAACCGAAAGCCC-1,1,55,93,15541,15610
AACGCTGTTGCTGAAA-1,1,54,94,15288,15754
TTCAGCTGGCGTGCCC-1,1,55,95,15540,15900
TAGAGGTTCTACTTGT-1,1,54,96,15288,16044
GTATCAAACGTTAGCT-1,1,55,97,15540,16190
AATCATGTAAAGACTC-1,1,54,98,15287,16334
AGTCACTAGCTCTCGA-1,1,55,99,15539,16480
GCGAAACGATCGGGAG-1,1,54,100,15286,16624
CATGGATTGTCTTCCG-1,1,55,101,15538,16770
ATTGGATTACAGCGTA-1,1,54,102,15286,16914
CACACACGCTAACGAG-1,1,55,103,15538,17060
CTATGGGAAGCGGAAT-1,0,54,104,15285,17204
TGCCTAATTGAAGATT-1,0,55,105,15537,17350
TGGCAATGGGACGGCG-1,0,54,106,15285,17494
ACCTCCGCCCTCGCTG-1,0,55,107,15537,17640
CGGCAATAAGATCGCC-1,0,54,108,15284,17785
CCTTGACCACTTTATT-1,0,55,109,15536,17930
TCATTTAGAAGTGTGA-1,0,54,110,15283,18075
CAGAATAACACACGGA-1,0,55,111,15535,18220
TCTGAGCAATTGACTG-1,0,54,112,15283,18365
CAACGTGGTGGAGTCT-1,0,55,113,15535,18510
CACAGTTCGCTTCCCA-1,0,54,114,15282,18655
TCTCTCGCCGCACATA-1,0,55,115,15534,18800
TGGGCAGGCCACCGCA-1,0,54,116,15282,18945
CTCCTGTTCAAGGCAG-1,0,55,117,15534,19090
TATTTGATTTGCACAG-1,0,54,118,15281,19235
GCCACTCCTTACGGTA-1,0,55,119,15533,19380
ACCGATATTTAATCAT-1,0,54,120,15280,19525
TTATTATCTGGAAGGC-1,0,55,121,15532,19670
TACATGCCGGAATTGT-1,0,54,122,15280,19815
GGCACTCAGCCGACCC-1,0,55,123,15532,19960
AAACCGGAAATGTTAA-1,0,54,124,15279,20105
AGACAGGCATCTCAGC-1,0,55,125,15531,20250
GTGGTGATGGTTTGTG-1,0,54,126,15279,20395
CCGATATGACGTAAGG-1,0,55,127,15531,20540
CATACACAAAGTCAGC-1,0,56,0,15822,2123
TGCCGTTCTTAATCGG-1,0,57,1,16074,2268
TCGAGTCTACGATTCG-1,0,56,2,15821,2413
ACTTCCAGTGGAAGCT-1,0,57,3,16073,2559
CAATTGGGCCGCACTC-1,0,56,4,15820,2703
AAATCGCGGAAGGAGT-1,0,57,5,16072,2849
ATATCAATTCCAGCCT-1,0,56,6,15820,2993
CTTTGTCGAATGCTCC-1,0,57,7,16072,3139
TGAGGCATGTACTGTG-1,0,56,8,15819,3283
TTCGCCGCTCGCGCTA-1,0,57,9,16071,3429
GACTCCTTCCAATTGA-1,0,56,10,15819,3573
ACCGAAGAGTCTGGTT-1,0,57,11,16071,3719
TGGCATGAAGTTTGGG-1,0,56,12,15818,3863
ACGAGGTTTACAACGT-1,0,57,13,16070,4009
AACCCATCCCATGATC-1,0,56,14,15817,4153
TCGACAACTGAACCCG-1,0,57,15,16069,4299
TATCTTGCAATACAAC-1,0,56,16,15817,4443
TATTATGTTTGCCTGC-1,1,57,17,16069,4589
GTCAAAGAAGTGGTGT-1,1,56,18,15816,4733
GGGACAGAGTTACTCC-1,1,57,19,16068,4879
AGCAACCGAAAGTAAT-1,1,56,20,15815,5023
CTCTCTAACTGCCTAG-1,1,57,21,16067,5169
ATACGGAACGTCGTTT-1,1,56,22,15815,5313
TCGGTCCCGACAATAG-1,1,57,23,16067,5459
CGCGCAAATGTCCAGA-1,1,56,24,15814,5604
TCTAATACTGCCTCAG-1,1,57,25,16066,5749
CTCGGTTGTCGGCCCT-1,1,56,26,15814,5894
GGTAACCGGGAGGATA-1,1,57,27,16066,6039
CAGGCGCACGGTGGTC-1,1,56,28,15813,6184
TCATCGATGGTCCCAA-1,1,57,29,16065,6329
CAAAGATTATTGGGCC-1,1,56,30,15812,6474
ACAATGAATACGGAGA-1,1,57,31,16064,6619
GCTCCTGACATACTGG-1,1,56,32,15812,6764
GATGACAAGTAGGGCA-1,1,57,33,16064,6909
TACGCCGAGGGTACCC-1,1,56,34,15811,7054
AAGCGTCCCTCATCGA-1,1,57,35,16063,7199
CACTCCTATGTAAGAT-1,1,56,36,15811,7344
TCGAGCCAGGCAGGCC-1,1,57,37,16063,7489
TCGTCAAGTACGCGCA-1,1,56,38,15810,7634
CCCGTAGCTGGGAAGA-1,1,57,39,16062,7779
ACCCTATGCCATATCG-1,1,56,40,15809,7924
GTGGTATAGTCTGCCG-1,1,57,41,16061,8069
CCGGTTTGTAATTGTG-1,1,56,42,15809,8214
GTCGCCGTTGTGTGTT-1,1,57,43,16061,8360
TACTGAACAGATTTAG-1,1,56,44,15808,8504
TATTAACCTGACCGCG-1,1,57,45,16060,8650
CTGTAGCCATCTCACT-1,1,56,46,15808,8794
TACTATGGTTCCTCAG-1,1,57,47,16060,8940
GAGTCAGACCAGAATC-1,1,56,48,15807,9084
TAAGGCATAACATCAA-1,1,57,49,16059,9230
CTTCCGCTCCGTGAAG-1,1,56,50,15806,9374
GGGCTATGATCGATGG-1,1,57,51,16058,9520
GGTCGGTCGTCCACAG-1,1,56,52,15806,9664
GGGACCCGTATATCTT-1,1,57,53,16058,9810
GAAAGCAGTGCACTTT-1,1,56,54,15805,9954
AGCGCATAATGAATCG-1,1,57,55,16057,10100
GCTGCTAAGTAGTCGA-1,1,56,56,15805,10244
AATAGTCCGTCCCGAC-1,1,57,57,16057,10390
AGCAGCCAGATGAATA-1,1,56,58,15804,10534
CCTCGCGCTGTGCGAT-1,1,57,59,16056,10680
TTGTGTATGCCACCAA-1,1,56,60,15803,10824
TGCTCGGCGAAACCCA-1,1,57,61,16055,10970
CGATTAAATATCTCCT-1,1,56,62,15803,11114
TGCCGTGGATCGTCCT-1,1,57,63,16055,11260
GTGGACGCATTTGTCC-1,1,56,64,15802,11404
ACCCGGAAACTCCCAG-1,1,57,65,16054,11550
CCGCATGTGGTACGAT-1,1,56,66,15801,11695
GCAAACCTTGGCCATA-1,1,57,67,16054,11840
ATTCACTGATGTTGGA-1,1,56,68,15801,11985
ACTCCCTAATGCTAAA-1,1,57,69,16053,12130
TCCTAAATTGGGAAGC-1,1,56,70,15800,12275
GAACAGATTACTAAAT-1,1,57,71,16052,12420
ATACAGGCCCTCCAAT-1,1,56,72,15800,12565
CGATTCGCCTGGCTGC-1,1,57,73,16052,12710
TCCGCCTGTCTACAAG-1,1,56,74,15799,12855
CACATCTCACCGACGA-1,1,57,75,16051,13000
CGTCGTCCTTCGCGAA-1,1,56,76,15798,13145
CGTTGAATACCGCGCT-1,1,57,77,16050,13290
ACCAATATGCAAGTTA-1,1,56,78,15798,13435
ACGGATGGTGCGGATA-1,1,57,79,16050,13580
CACCCTAACAAGATCT-1,1,56,80,15797,13725
AAGCTCTTTCATGGTG-1,1,57,81,16049,13870
CATGGGTATGCCTTAT-1,1,56,82,15797,14015
GCGCGTCATTGGTACA-1,1,57,83,16049,14160
TCTGAAGCACGTGGTC-1,1,56,84,15796,14305
AAGTTCACTCCAAGCT-1,1,57,85,16048,14451
TTGGACCTATAACAGT-1,1,56,86,15795,14595
ATCAGCCTCATGCTGC-1,1,57,87,16047,14741
AGTACTCTTATGCCCA-1,1,56,88,15795,14885
GCGCTTAAATAATTGG-1,1,57,89,16047,15031
TTGTGAACCTAATCCG-1,1,56,90,15794,15175
AGTCGTCGACCACCAA-1,1,57,91,16046,15321
TCCTTTAAATCCGCTT-1,1,56,92,15794,15465
ACTGAAACGCCGTTAG-1,1,57,93,16046,15611
GCACACACTGGTAGCC-1,1,56,94,15793,15755
TAAGGGCCTGTCCGAT-1,1,57,95,16045,15901
GCTAGAGTAGAGATGT-1,1,56,96,15792,16045
CACAGGGCCATATAGT-1,1,57,97,16044,16191
CCATGCCCTAGATTTC-1,1,56,98,15792,16335
TCGCGTAGCAGTGTCC-1,1,57,99,16044,16481
GACGAGGCTAATAAAC-1,1,56,100,15791,16625
CTACACTCGCAGATGG-1,1,57,101,16043,16771
ACGCATACGTTTACTA-1,1,56,102,15791,16915
GGAGCAACATTTCAAG-1,1,57,103,16043,17061
CGAGAGGGTAGCCGCG-1,1,56,104,15790,17205
TCGTGTTCGACCACAA-1,0,57,105,16042,17351
TCTACCCAATAGAGAG-1,0,56,106,15789,17496
ATAAACGTTGCACCAC-1,0,57,107,16041,17641
TCAACTGCAGAGTCAG-1,0,56,108,15789,17786
AGCTCCATATATGTTC-1,0,57,109,16041,17931
GTAACATCTAAGATAA-1,0,56,110,15788,18076
CCGACAATAGGCCGCC-1,0,57,111,16040,18221
ATGCTTAGGAGTTGAT-1,0,56,112,15787,18366
AACCCGAGCAGAATCG-1,0,57,113,16040,18511
CGGGTTTGTTAGGGCT-1,0,56,114,15787,18656
AGGCACGTGACTGTCC-1,0,57,115,16039,18801
GACAAGAGATGAGATT-1,0,56,116,15786,18946
AGCCCTTGGACATCCC-1,0,57,117,16038,19091
GCAGTTCGATCCGAGC-1,0,56,118,15786,19236
TCGAGGGCAACAGACG-1,0,57,119,16038,19381
ACTTTGTCGACGCACT-1,0,56,120,15785,19526
GAGTATCAAAGTTACA-1,0,57,121,16037,19671
CCAGGCTGGCGTCTGA-1,0,56,122,15784,19816
GGACTCTTCCGGTTGA-1,0,57,123,16036,19961
TCCCAGCACACGACAT-1,0,56,124,15784,20106
GCTCCATGAGTGCAGA-1,0,57,125,16036,20252
GCAGTGCGGGCGGATG-1,0,56,126,15783,20396
GCGTTCTGACTAAGCG-1,0,57,127,16035,20542
ATTTGGAGATTGCGGT-1,0,58,0,16326,2124
AAGGGTTTGATTTCAG-1,0,59,1,16578,2270
CCGGCCGCGAGCATAT-1,0,58,2,16326,2414
GAGTTCTGTGGGTGCT-1,0,59,3,16578,2560
AAACGAAGATGGAGTA-1,0,58,4,16325,2704
AATTACGAGACCCATC-1,0,59,5,16577,2850
CCTTTGAATTATGGCT-1,0,58,6,16324,2994
CATGGTATTAGTTTGT-1,0,59,7,16576,3140
AACGAAAGTCGTCCCA-1,0,58,8,16324,3284
ACATAAGTCGTGGTGA-1,0,59,9,16576,3430
GCACAACCTCGGGCGT-1,0,58,10,16323,3574
ATGCACGCGCTGTTCA-1,0,59,11,16575,3720
CGATGTTGTTATCTAC-1,0,58,12,16323,3864
GTCTCCTGCCAGTATG-1,0,59,13,16575,4010
GATGCCTTCTGCGGCA-1,0,58,14,16322,4154
ACCGGTCAGGTACACC-1,0,59,15,16574,4300
GTGGAGCGTTTACCGA-1,0,58,16,16321,4444
AGGCGGTTTGTCCCGC-1,1,59,17,16573,4590
TCCCTGGCGTATTAAC-1,1,58,18,16321,4734
AAACACCAATAACTGC-1,1,59,19,16573,4880
TGGACGCAATCCAGCC-1,1,58,20,16320,5024
GGAACCTTGACTCTGC-1,1,59,21,16572,5170
GTATCTCAGTCTTGAC-1,1,58,22,16320,5315
GCTGAATCTTCCAATC-1,1,59,23,16572,5460
AGATGCAAGACGTGCA-1,1,58,24,16319,5605
TTAAGGCCCGTACTTT-1,1,59,25,16571,5750
AGTATGCTGGAGACCA-1,1,58,26,16318,5895
GCGGCAAAGTATTGCC-1,1,59,27,16570,6040
GCGCAAATATATTCAA-1,1,58,28,16318,6185
GAAGAAACGATATTGT-1,1,59,29,16570,6330
GGACCTCTAGGCCGCC-1,1,58,30,16317,6475
AACAGCTGTGTGGCAA-1,1,59,31,16569,6620
TCGAATATCCCGCAGG-1,1,58,32,16316,6765
GCGACCCAACCATCTG-1,1,59,33,16569,6910
AGAGAAGGAGTACAAT-1,1,58,34,16316,7055
GGCTCCTCCACCTGTT-1,1,59,35,16568,7200
TCAGTGTATACGTCAT-1,1,58,36,16315,7345
ATTATTATGTCCGTCA-1,1,59,37,16567,7490
TTAGGTCATAACCGAC-1,1,58,38,16315,7635
AAGATGGCACCGGACC-1,1,59,39,16567,7780
CTACAAGAAATAACCC-1,1,58,40,16314,7925
ACTATTTCCGGGCCCA-1,1,59,41,16566,8071
TTGTTTCACATCCAGG-1,1,58,42,16313,8215
CGCTGTGTGGATGTTG-1,1,59,43,16565,8361
TCAACATAGCGCCCTA-1,1,58,44,16313,8505
GGCCGTTTGGGTTTCA-1,1,59,45,16565,8651
TACTCTTTCGTCTTCA-1,1,58,46,16312,8795
TTCGCGCGCCATACGA-1,1,59,47,16564,8941
CGGAAAGAATCAAACG-1,1,58,48,16312,9085
AGGCAGGGAGCGTACT-1,1,59,49,16564,9231
CCTTTAAGGGAGCACT-1,1,58,50,16311,9375
CGCCCAGCACGCCTAG-1,1,59,51,16563,9521
AGTATTTGGCACGACC-1,1,58,52,16310,9665
TATCCGCACCGTCGGG-1,1,59,53,16562,9811
ACCCGTGTCATCAGTA-1,1,58,54,16310,9955
CAACTGCTCATCCGAT-1,1,59,55,16562,10101
CCGGAGCGTACTTTCT-1,1,58,56,16309,10245
TACCGTAGGTTAACTA-1,1,59,57,16561,10391
TGAGGAGTGCCAGCTT-1,1,58,58,16309,10535
CCAGTCTTGTCATAGA-1,1,59,59,16561,10681
GGGCAGAGCAATCGTT-1,1,58,60,16308,10825
TACCAAATAGCCCAGA-1,1,59,61,16560,10971
TACCTACTCCCAGTAT-1,1,58,62,16307,11116
TGTGAGACTAGCCCAA-1,1,59,63,16559,11261
ATACCTAACCAAGAAA-1,1,58,64,16307,11406
GTCGGGAAGCAGAAAC-1,1,59,65,16559,11551
AATTAACGGATTTCCA-1,1,58,66,16306,11696
GAACCCTCTGTGTTCT-1,1,59,67,16558,11841
ATATAAAGCGCTCGTG-1,1,58,68,16306,11986
CCTGGTCGAATGTGGG-1,1,59,69,16558,12131
CTAGGTTCGGACGTGA-1,1,58,70,16305,12276
TCGGGAGACAGCGTAC-1,1,59,71,16557,12421
CATAAGAAGCTTGGCT-1,1,58,72,16304,12566
AAGCACCCTGCGTATC-1,1,59,73,16556,12711
AGTTTGCACCTGCCTC-1,1,58,74,16304,12856
GACTGCAAATCGAGCT-1,1,59,75,16556,13001
GTGTATATCAGCGGGC-1,1,58,76,16303,13146
CTTCAACTCCACTTGG-1,1,59,77,16555,13291
ACTTACGCATCCACGC-1,1,58,78,16303,13436
CATGAGATGCACTCTC-1,1,59,79,16555,13581
GAGCACCTGTGTCCAG-1,1,58,80,16302,13726
CGCGACCGCGACAGAT-1,1,59,81,16554,13871
GTCCCGCGACGTTATG-1,1,58,82,16301,14016
GCAGTGTGGCTATAGG-1,1,59,83,16553,14162
ATACTGCCTTACACCG-1,1,58,84,16301,14306
TACAGAAACGGTGGGC-1,1,59,85,16553,14452
GGCGCGGAGATCTTTC-1,1,58,86,16300,14596
CGTTAATGTCCCGACG-1,1,59,87,16552,14742
GCTAACTGAAGTCTGA-1,1,58,88,16299,14886
AGTGATAACCTGCGCG-1,1,59,89,16551,15032
TATGATCTTCTCTTTA-1,1,58,90,16299,15176
TGTACCTACACGAGGG-1,1,59,91,16551,15322
ATATCGTTCCTCGAAC-1,1,58,92,16298,15466
CGGCGCCATCAATCCC-1,1,59,93,16550,15612
CCTGTTTGAAGACACG-1,1,58,94,16298,15756
GCCACTCAGAGCGCGA-1,1,59,95,16550,15902
TCGGCTTGTATCGACG-1,1,58,96,16297,16046
TAGATGGTTCCTTACT-1,1,59,97,16549,16192
ATCGTTAGCTAGCGGA-1,1,58,98,16296,16336
ACAGCGACATTCTCAT-1,1,59,99,16548,16482
ATTCAACCATTTAAGG-1,1,58,100,16296,16626
CACTCTTCTGCTAGCC-1,1,59,101,16548,16772
CTAACTGATAATCGCC-1,1,58,102,16295,16916
TGATGTCAATTAAGTG-1,1,59,103,16547,17062
CGCCGTTCAGCATAGT-1,0,58,104,16295,17207
ATACTACCCGTACCAC-1,0,59,105,16547,17352
CCACTGTTTGGATTAA-1,0,58,106,16294,17497
CACTACGGGAGCTGCC-1,0,59,107,16546,17642
GACCAAACGTTGACTG-1,0,58,108,16293,17787
AAGAGGCCCTTTGGAA-1,0,59,109,16545,17932
ACACGTAGGCCACAAG-1,0,58,110,16293,18077
TACTCTTACTTTACTG-1,0,59,111,16545,18222
AGAGCCGCCGAGATTT-1,0,58,112,16292,18367
GGCCTGCTTCTCCCGA-1,0,59,113,16544,18512
TCAAGCGCGGACGGTA-1,0,58,114,16292,18657
ACACTGGGACAGTCGT-1,0,59,115,16544,18802
TGTGTAGTAGCACGTG-1,0,58,116,16291,18947
CTAGCCACAGGCGAGC-1,0,59,117,16543,19092
CTATCGCGTAGAGAAC-1,0,58,118,16290,19237
GTTCCCGTAAACATAT-1,0,59,119,16542,19382
TCTTTCCTTCGAGATA-1,0,58,120,16290,19527
ATATTGGAGAGGCCTT-1,0,59,121,16542,19672
AGGCGATAACTGGCGT-1,0,58,122,16289,19817
ACCCGGAGCACCACAA-1,0,59,123,16541,19963
TGAGCTCAACTGTATA-1,0,58,124,16289,20107
ACGACCCATGAGTTGC-1,0,59,125,16541,20253
CGGTCAGTCCATATTT-1,0,58,126,16288,20397
TCCGGCTGTCGGGTCG-1,0,59,127,16540,20543
ATTCCCGAAGGTACAG-1,0,60,0,16831,2125
CTAACAGCACAATAAC-1,0,61,1,17083,2271
TTGTGCGGAAGCGGAT-1,0,60,2,16830,2415
GGGCACTATTGACCAT-1,0,61,3,17082,2561
CCATAGAGGCTGCCAG-1,0,60,4,16830,2705
CCGAAGCATTGACCAA-1,0,61,5,17082,2851
TACTGAGGGAAGAAAG-1,0,60,6,16829,2995
TATGTAGAAACCCGGC-1,0,61,7,17081,3141
TGGTTAACTTACATTT-1,0,60,8,16828,3285
AGAACCCTCAATTGGG-1,0,61,9,17081,3431
CCTATATCGTGTCACG-1,0,60,10,16828,3575
ACGGCTGGATGTAGAA-1,0,61,11,17080,3721
CTCGCATTGCATAGCC-1,0,60,12,16827,3865
ACTTTGGTCGTGCTCC-1,0,61,13,17079,4011
GCTGGTTTAGGCCATA-1,0,60,14,16827,4155
TGTCGTTATCACATAT-1,0,61,15,17079,4301
ACACATGATCAAATCT-1,0,60,16,16826,4445
TATCCATCTCGGTTAG-1,1,61,17,17078,4591
CTCGTCGAGGGCTCAT-1,1,60,18,16825,4735
ATCAATGCCGTGGCTG-1,1,61,19,17077,4881
GAAACATAGGAAACAG-1,1,60,20,16825,5026
TAATAGGTCACCAGAA-1,1,61,21,17077,5171
CACCAGTCAGCATGCA-1,1,60,22,16824,5316
GAGCGCTGTTAGGTAA-1,1,61,23,17076,5461
CCCTATGTAGAGCAGA-1,1,60,24,16824,5606
GATCGCTATATCTCAG-1,1,61,25,17076,5751
AAGGGACTATGCATTC-1,1,60,26,16823,5896
CTCGGGTTCTCTGGCC-1,1,61,27,17075,6041
TATATATCGAGAAATG-1,1,60,28,16822,6186
ACCCGAGCGAAATTAC-1,1,61,29,17074,6331
TTGTTTCATTAGTCTA-1,1,60,30,16822,6476
ATGGGACCTGCTGAAC-1,1,61,31,17074,6621
TGCGACGGCCGAACGT-1,1,60,32,16821,6766
AGCTAACAAGCAATGT-1,1,61,33,17073,6911
CGTGTCTCGTTACGAC-1,1,60,34,16821,7056
CTAAATCCGGTGTACA-1,1,61,35,17073,7201
GAATAGTGCTCGATTA-1,1,60,36,16820,7346
AACAATACATTGTCGA-1,1,61,37,17072,7491
CACATCGTGCACGCGC-1,1,60,38,16819,7636
ACCGTGACCACGTGGG-1,1,61,39,17071,7782
CCCAATGAGATTTGCA-1,1,60,40,16819,7926
TCAGCAGTAGGCCCTG-1,1,61,41,17071,8072
CTACTCAAGGTATAGT-1,1,60,42,16818,8216
TAGTAGCTTATACCAG-1,1,61,43,17070,8362
ACGTTCGTTCAGGAAA-1,1,60,44,16818,8506
TTAGAATAAGGGTCGG-1,1,61,45,17070,8652
TTCTAGAAAGTCTTAT-1,1,60,46,16817,8796
CCTTCAGTTAAAGTGA-1,1,61,47,17069,8942
TAGCTAGTGATGATGG-1,1,60,48,16816,9086
AGCCCGGTAGCCTGTA-1,1,61,49,17068,9232
TACCTCAGTTGTCTGT-1,1,60,50,16816,9376
GACGGGTTGGCCCGTA-1,1,61,51,17068,9522
GAAACCTATACAAATG-1,1,60,52,16815,9666
TCCACCTCTAGCCTTT-1,1,61,53,17067,9812
AAGACCCAACTGAACA-1,1,60,54,16814,9956
CATACACGGTTCCCAC-1,1,61,55,17067,10102
ACTACGCGTTAGAATT-1,1,60,56,16814,10246
CTTGGCCAAGCTGGGA-1,1,61,57,17066,10392
TTACCCTAGGGATTGG-1,1,60,58,16813,10536
TTCGCACTGTACGACA-1,1,61,59,17065,10682
TAGGTGTTCCACAGAT-1,1,60,60,16813,10827
GAAGCCTGCACATTCC-1,1,61,61,17065,10972
GGCTTTCAATAAGGGT-1,1,60,62,16812,11117
TCCAGGGTATATACGA-1,1,61,63,17064,11262
CTCGCCGAATGTAGGG-1,1,60,64,16811,11407
AGGAAGCTGTCCGCCG-1,1,61,65,17063,11552
GTCTCAAGGCCCGGCT-1,1,60,66,16811,11697
ACCGACACATCTCCCA-1,1,61,67,17063,11842
TATACGCGTCATCACT-1,1,60,68,16810,11987
ATCTGGGCTGTTCTTG-1,1,61,69,17062,12132
TCAAATTTGAGACTCA-1,1,60,70,16810,12277
GTTAAGGGTGCGATGT-1,1,61,71,17062,12422
AGCAAAGGCCGCTAGT-1,1,60,72,16809,12567
TTATAGGTAATTGTCT-1,1,61,73,17061,12712
TTGTGCAGCCACGTCA-1,1,60,74,16808,12857
ACGGACTCTCAAAGCG-1,1,61,75,17060,13002
ATGCTCTGGCGCGGTA-1,1,60,76,16808,13147
ATAATCTTGGAGAACC-1,1,61,77,17060,13292
CTCATTGCTCTAACAA-1,1,60,78,16807,13437
TAGGTGACGATAACCT-1,1,61,79,17059,13583
CGGATCCTCAAGGACT-1,1,60,80,16807,13727
GGGCGTGGTTTCCCAG-1,1,61,81,17059,13873
TGGCTATGTGACATAC-1,1,60,82,16806,14017
CTTAGTGTAGTAGCAT-1,1,61,83,17058,14163
GGATTGCTGTGACTCC-1,1,60,84,16805,14307
ACTTCCATGCGGGACA-1,1,61,85,17057,14453
ACTCAAGTGCAAGGCT-1,1,60,86,16805,14597
ACAAGGATGCTTTAGG-1,1,61,87,17057,14743
TTGAACGACGTGCTGA-1,1,60,88,16804,14887
ATTCATCGTTGAGGCA-1,1,61,89,17056,15033
TGCAACCCATCTGCGG-1,1,60,90,16804,15177
AGTGCTAAACACAGCA-1,1,61,91,17056,15323
AACTCCAGAGCGTGTT-1,1,60,92,16803,15467
TCTCCACAAGTTGAAT-1,1,61,93,17055,15613
CTTTGCATCGCTCTTG-1,1,60,94,16802,15757
TCACAAACCGAGGTAC-1,1,61,95,17054,15903
CCGTAGGAAATCCCTG-1,1,60,96,16802,16047
AAACATTTCCCGGATT-1,1,61,97,17054,16193
GCCTCCGACAATTCAC-1,1,60,98,16801,16337
TCTGCATACCTTGCTT-1,1,61,99,17053,16483
ACCCATTTGTCCCTCT-1,1,60,100,16800,16627
CTGCAGAGAATCAGAG-1,1,61,101,17053,16773
GGAAACTAAATGGGCC-1,1,60,102,16800,16918
CAACCTACCGAGCAGT-1,1,61,103,17052,17063
CCGTAGGGTTGTTTAC-1,0,60,104,16799,17208
GGTTTGTGACCTGAGG-1,0,61,105,17051,17353
TAACCTAGGGAGTCCA-1,0,60,106,16799,17498
TTCCATCGACAGCGTG-1,0,61,107,17051,17643
ATCTCCCACGGAATAT-1,0,60,108,16798,17788
GTTTCAAACGAGTTGT-1,0,61,109,17050,17933
GGAACTTTGGCGATTA-1,0,60,110,16797,18078
CTGCAAGCACGTTCCG-1,0,61,111,17049,18223
CACAGTCCCGCTTCGC-1,0,60,112,16797,18368
TACGCTCGGTATTGGA-1,0,61,113,17049,18513
CTGGTAAAGTGTGGGC-1,0,60,114,16796,18658
CAACCAGTGGCCTACC-1,0,61,115,17048,18803
TCTTCGCGGTGAGAGG-1,0,60,116,16796,18948
TTCGGGTTGCCACGGG-1,0,61,117,17048,19093
ACCGATAGGCATAACC-1,0,60,118,16795,19238
CTTATAGATGGCTGTT-1,0,61,119,17047,19383
AGACGCCCACTTCGCC-1,0,60,120,16794,19528
AGGTCGCCTCCCAACA-1,0,61,121,17046,19674
CCTCACGTCAGCTAAT-1,0,60,122,16794,19818
CCACCTGTATGGAATA-1,0,61,123,17046,19964
GGACTCGAAGCTTTCA-1,0,60,124,16793,20108
AAGCCGGAGAGCAGGA-1,0,61,125,17045,20254
GCCTATCAGGTAAGAT-1,0,60,126,16793,20398
TCAGAGTGTGAGCATG-1,0,61,127,17045,20544
AAACATGGTGAGAGGA-1,0,62,0,17336,2126
ATCATTGTACCGCATT-1,0,63,1,17588,2272
TCAGCTTGAGCTTTCG-1,0,62,2,17335,2416
CCGCGCAAGATACCCA-1,0,63,3,17587,2562
CTATACTTAAAGCGAG-1,0,62,4,17334,2706
ACCGTCCACTGGGCCC-1,0,63,5,17586,2852
AAGACCAAATAACTCA-1,0,62,6,17334,2996
TGTTTCTGAAGCGTGC-1,0,63,7,17586,3142
TTCTCTTACAGGTGAT-1,0,62,8,17333,3286
AATTCATTGTCATGCA-1,0,63,9,17585,3432
GCCCGAGAGTCTAAAT-1,0,62,10,17333,3576
ATATAGAGTATTGGTC-1,0,63,11,17585,3722
TTGAAGGATGGGCGCC-1,0,62,12,17332,3866
TAGTACCACAACTTTC-1,0,63,13,17584,4012
ATCCCATCCACAGCGC-1,0,62,14,17331,4156
CTTAGGTATAGACCAG-1,0,63,15,17583,4302
TGACTCCGAATCATAC-1,0,62,16,17331,4447
ACTACATCCCGACAAG-1,0,63,17,17583,4592
TTGCCGCAGACCTACA-1,0,62,18,17330,4737
TAAGAGGGACAGGGAC-1,1,63,19,17582,4882
CGAATGAAGTCATTGC-1,1,62,20,17330,5027
AAGGGAACGACTGGCT-1,1,63,21,17582,5172
CGAATCTGCTCGACGC-1,1,62,22,17329,5317
ATCGTGGAAAGTCTGG-1,1,63,23,17581,5462
CCTATGGCTCCTAGTG-1,1,62,24,17328,5607
CGTCGCTTGGTTATAC-1,1,63,25,17580,5752
TGCTTAGAGAGAATGC-1,1,62,26,17328,5897
GATTGCTCCAGTTGCA-1,1,63,27,17580,6042
CGTGCTTCTACCTAAA-1,1,62,28,17327,6187
ACTCCAATATCATCAT-1,1,63,29,17579,6332
GCCGACCCACGACTGC-1,1,62,30,17326,6477
GAGGGTAGTAACAAAG-1,1,63,31,17579,6622
GGCCGAGACTCTGGTG-1,1,62,32,17326,6767
TATATAGGGCTTTACG-1,1,63,33,17578,6912
TGCCGGATGTACGAGC-1,1,62,34,17325,7057
AGGTAGATCGAGATAT-1,1,63,35,17577,7202
GATCAACATAAAGGGA-1,1,62,36,17325,7347
TAACAGCGTTTGTGCT-1,1,63,37,17577,7493
CTATAGGCGTTGATGT-1,1,62,38,17324,7637
GGTTTAATTACCATCG-1,1,63,39,17576,7783
CTCTTCTGGAAGTTAG-1,1,62,40,17323,7927
ATCTGACATGGAAGGA-1,1,63,41,17575,8073
TACGTACTAGTGCTGA-1,1,62,42,17323,8217
ATGACTATCAGCTGTG-1,1,63,43,17575,8363
CTTTGGGATTGTTGCA-1,1,62,44,17322,8507
AGACTGTTACCGGGTC-1,1,63,45,17574,8653
TCCTAACCGTCGGGCA-1,1,62,46,17322,8797
ACGCAAACTAATAGAT-1,1,63,47,17574,8943
AAGTGAGTCGGGTTTA-1,1,62,48,17321,9087
TAAAGCGGTATTTCCA-1,1,63,49,17573,9233
CTCCTCCAGCTCACAC-1,1,62,50,17320,9377
CGGTCCGTCGCAAGCC-1,1,63,51,17572,9523
CCTATATTTGTCCTGG-1,1,62,52,17320,9667
TCCAATAAAGGCTACC-1,1,63,53,17572,9813
AAAGGCTACGGACCAT-1,1,62,54,17319,9957
CGTGACCAGTCCTCTG-1,1,63,55,17571,10103
GATCTGCTATCTAAGG-1,1,62,56,17319,10247
CGAATGACGCATAATG-1,1,63,57,17571,10393
GCTCAATGTAATACCG-1,1,62,58,17318,10538
CTATGCCCGAATGCAA-1,1,63,59,17570,10683
CACAGGGCCGTTGTCA-1,1,62,60,17317,10828
TCAATACGCCGTCATG-1,1,63,61,17569,10973
AGCGGACACTTCGTAG-1,1,62,62,17317,11118
ATACGTTATGCACGGA-1,1,63,63,17569,11263
GAGTAGATACTAGTTG-1,1,62,64,17316,11408
CCAGCTCGAACGCATT-1,1,63,65,17568,11553
TGCTTCCCAAGCAGTA-1,1,62,66,17316,11698
GTAGACACGCCTGACT-1,1,63,67,17568,11843
CTCACATTTACTAAAT-1,1,62,68,17315,11988
GAATGCGAATCGGTTC-1,1,63,69,17567,12133
TAAGGCCCGTCACCCT-1,1,62,70,17314,12278
GAGTATGCGCGTGCAT-1,1,63,71,17566,12423
ATCCACATCGACAGAA-1,1,62,72,17314,12568
TAGACGAAACGCCAAT-1,1,63,73,17566,12713
CAGCAGTCTGTGCTGC-1,1,62,74,17313,12858
CTCACTGTGATACTTA-1,1,63,75,17565,13003
TTAATTGCTTTGGGTG-1,1,62,76,17312,13148
GTAGTCTACGATATTG-1,1,63,77,17565,13294
TTGCCGCTTTCTAGTA-1,1,62,78,17312,13438
GAACCTTTAACGATCC-1,1,63,79,17564,13584
TGGACCAATCTAAGAT-1,1,62,80,17311,13728
CTAGTAGAAAGGGATT-1,1,63,81,17563,13874
AACCTCGCTTTAGCCC-1,1,62,82,17311,14018
GAGTGTCAACCAGAAA-1,1,63,83,17563,14164
GTGATCCTTGTCATGA-1,1,62,84,17310,14308
CTCAACTAACCCGGAT-1,1,63,85,17562,14454
AGTGGCGTCTGAAGGT-1,1,62,86,17309,14598
GGGAAGGGCTTTCTCA-1,1,63,87,17561,14744
AGGCCTGAGAATCTCG-1,1,62,88,17309,14888
AGCCACAGGTTACCCG-1,1,63,89,17561,15034
TGCAATCTAACACGGT-1,1,62,90,17308,15178
GTTTGGGTTTCGCCCG-1,1,63,91,17560,15324
CCTATGTCCACTCCAC-1,1,62,92,17308,15468
CTGCCTTTCTAGTAAA-1,1,63,93,17560,15614
TTAGTAAACCTGCTCT-1,1,62,94,17307,15758
TTGTGGTGGTACTAAG-1,1,63,95,17559,15904
CCTCCTGTTGTGTCGT-1,1,62,96,17306,16048
ACAAAGCATGACCTAG-1,1,63,97,17558,16194
ATAGCAACTAGGGAAG-1,1,62,98,17306,16338
CCGCTCTTCCGAACTA-1,0,63,99,17558,16484
TAGAATAGCCGATGAA-1,0,62,100,17305,16629
GGTCTCCGTCCAGGTT-1,0,63,101,17557,16774
TAATTACGTCAGTAGA-1,1,62,102,17305,16919
TACGTAAAGCGGAGTG-1,0,63,103,17557,17064
GCTACAATCGAGGATA-1,0,62,104,17304,17209
TCAGCCAATCCGTAAA-1,0,63,105,17556,17354
ATCATAGCCCTATGTA-1,0,62,106,17303,17499
GAGGCCTGTTGATACA-1,0,63,107,17555,17644
ATATACGCTCGTGACG-1,0,62,108,17303,17789
CCCTTTAATGGAGTTC-1,0,63,109,17555,17934
TTACACGATCTGCGAC-1,0,62,110,17302,18079
TCGCATAAAGGGCGCA-1,0,63,111,17554,18224
TGTAGCCATCCCATTC-1,0,62,112,17302,18369
GGGTCTATCGCTTTCC-1,0,63,113,17554,18514
GGAGGGTCAAGTAAGA-1,0,62,114,17301,18659
TACGGCATGGACGCTA-1,0,63,115,17553,18804
CACGTCAATCAATGGA-1,0,62,116,17300,18949
CGCTTGGACGGATAGA-1,0,63,117,17552,19094
CGCGGTACGGTATACA-1,0,62,118,17300,19239
CCTACTCAACACGATT-1,0,63,119,17552,19385
CGTTTGGTGTTGTGGG-1,0,62,120,17299,19529
GTTGTTGCAAGATGGC-1,0,63,121,17551,19675
CATTCGTCGTAGCGGT-1,0,62,122,17298,19819
CAGCCTCGATAGCGGT-1,0,63,123,17551,19965
TCATAAGTCCAAGAAG-1,0,62,124,17298,20109
AAAGTGCCATCAATTA-1,0,63,125,17550,20255
GTTGCAGTCGACAACA-1,0,62,126,17297,20399
TAAATGGGCTACTGAG-1,0,63,127,17549,20545
GGACAAGCCATGATCG-1,0,64,0,17840,2127
TCCAATGCGTCGCCGC-1,0,65,1,18092,2273
AAAGAATGACCTTAGA-1,0,64,2,17840,2417
CCTATTATTCCGGCCG-1,0,65,3,18092,2563
CAGTAAGGGACGTCTC-1,0,64,4,17839,2707
GGGATGGACCCGCGTC-1,0,65,5,18091,2853
GACGCATACCCGTCGG-1,0,64,6,17838,2997
GGGCAGGATTTCTGTG-1,0,65,7,18090,3143
TATCTGAGCCGATATT-1,0,64,8,17838,3287
AATGTATGGCACTGTA-1,0,65,9,18090,3433
GCCTTTGTCAGTGGAC-1,0,64,10,17837,3577
AACCATAGGGTTGAAC-1,0,65,11,18089,3723
AAACTTAATTGCACGC-1,0,64,12,17837,3867
TAGGCGGCTGCAAAGA-1,0,65,13,18089,4013
TCCATCAATACTAATC-1,0,64,14,17836,4158
ACCTCGAACTTATGCT-1,0,65,15,18088,4303
ACAAACCATGCGTCCT-1,0,64,16,17835,4448
ACACCGGTCTGACCGC-1,0,65,17,18087,4593
ATGGCAGCATTACGAT-1,0,64,18,17835,4738
CTGGTGAATGGGCCTA-1,0,65,19,18087,4883
CACAGAGACGAGGACG-1,1,64,20,17834,5028
GCACAAACCCTAGATG-1,1,65,21,18086,5173
ACTATGTCCAGCTGCC-1,1,64,22,17834,5318
AAGCCGCCGTGAAATC-1,1,65,23,18086,5463
ATGGGTGTATACCTCC-1,1,64,24,17833,5608
TAAGCGCGAATCAAAT-1,1,65,25,18085,5753
AGCCCGGCATTAGAGG-1,1,64,26,17832,5898
GTGATCAAGCGTGCAC-1,1,65,27,18084,6043
CTGCCTTTAATACCTT-1,1,64,28,17832,6188
TACCTCCACACCAATG-1,1,65,29,18084,6333
GAGCATCAACAACTTG-1,1,64,30,17831,6478
CATACGAACTAGCTGG-1,1,65,31,18083,6623
GGGAACGGTTTCAGAT-1,1,64,32,17831,6768
AGGGTGCCGTTCTTTA-1,1,65,33,18083,6914
ACGACTGGTCATACTC-1,1,64,34,17830,7058
GGATCTTACTGCCCTT-1,1,65,35,18082,7204
TACTCCTCTAGTTGAC-1,1,64,36,17829,7348
GTAGCTCCGGGAGGCT-1,1,65,37,18081,7494
GGACTCGTGAGTGGTC-1,1,64,38,17829,7638
GTAGTTCGAAGGCGAA-1,1,65,39,18081,7784
CTCAAACCACTGCCCG-1,1,64,40,17828,7928
GAGGGAGTCAGATCGC-1,1,65,41,18080,8074
GCGTCCCTAAGACATA-1,1,64,42,17828,8218
TCTCTTACCGCGAACC-1,1,65,43,18080,8364
GGCTACTATACACTCC-1,1,64,44,17827,8508
CGTTGCCCGCGTGGGA-1,1,65,45,18079,8654
TATAGAGTCGCTTGAA-1,1,64,46,17826,8798
ATGTTGTAGTCTGTTT-1,1,65,47,18078,8944
AGTATACACAGCGACA-1,1,64,48,17826,9088
TGTGGTTGCTAAAGCT-1,1,65,49,18078,9234
TGATTCCCGGTTACCT-1,1,64,50,17825,9378
CACTGACGATTGTGGA-1,1,65,51,18077,9524
AACATTGTGACTCGAG-1,1,64,52,17824,9668
GTCCAATATTTAGCCT-1,1,65,53,18077,9814
GCTCTTTCCGCTAGTG-1,1,64,54,17824,9958
GGGTCAGGAGCTAGAT-1,1,65,55,18076,10104
AGGTGGTGACCTTCGC-1,1,64,56,17823,10249
CCCGGGTCGTTCAGGG-1,1,65,57,18075,10394
AGCCAAGCTTTGTGTC-1,1,64,58,17823,10539
TGTGGCGGGCTTCTGG-1,1,65,59,18075,10684
CGAGGGTATCCAGGTG-1,1,64,60,17822,10829
CGTTCAGACCCGCGAA-1,1,65,61,18074,10974
TCATATGAGCTTTGTT-1,1,64,62,17821,11119
AGTTGACGGTCCTTGC-1,1,65,63,18073,11264
ATAATTAGCTAAGTAG-1,1,64,64,17821,11409
GGTCTTGAGCGCTCTT-1,1,65,65,18073,11554
CGTTGTCGGCAATTGA-1,1,64,66,17820,11699
TCTTGCTCCCGATACT-1,1,65,67,18072,11844
AGCAGAAGGAGAAAGA-1,1,64,68,17820,11989
GAAGCCACTGATTATG-1,1,65,69,18072,12134
TGCTCTTGAGAGTTTG-1,1,64,70,17819,12279
GACATCCGTCGAACTG-1,1,65,71,18071,12424
AGATATAATACGACTA-1,1,64,72,17818,12569
TCGCTACTGGCTTTGA-1,1,65,73,18070,12714
GTGACAGCTTCCCACT-1,1,64,74,17818,12859
GTGACGCAGGTTTCAT-1,1,65,75,18070,13005
GGGAAGACGGTCTGTC-1,1,64,76,17817,13149
CGTCGCATGTGAGCCA-1,1,65,77,18069,13295
AGAAGGTTGTAGGTCG-1,1,64,78,17817,13439
GGCCGGCGTCTGCTAT-1,1,65,79,18069,13585
TTGACCAGGAACAACT-1,1,64,80,17816,13729
AGTCGTATAAAGCAGA-1,1,65,81,18068,13875
GGCGTAGGGAAAGCTG-1,1,64,82,17815,14019
AAACCTAAGCAGCCGG-1,1,65,83,18067,14165
ATTGCCTTTATGTTTG-1,1,64,84,17815,14309
CAGGCAGTCTTACCAG-1,1,65,85,18067,14455
AGCTAAGTACGCAGGC-1,1,64,86,17814,14599
AAATCCGATACACGCC-1,1,65,87,18066,14745
CGAGAGCTTTCACTAC-1,1,64,88,17814,14889
CGCCCAGCGTTTCACG-1,1,65,89,18066,15035
TTAAGTATTGTTATCC-1,1,64,90,17813,15179
AAACGGGCGTACGGGT-1,1,65,91,18065,15325
GTATCCTTTGGTAACC-1,1,64,92,17812,15469
CATAGTCAAATACATA-1,1,65,93,18064,15615
TCTATGCTATAACGAC-1,1,64,94,17812,15759
ACGTTCTGTACAAGTC-1,1,65,95,18064,15905
CGCGAAGTGGCATACT-1,1,64,96,17811,16050
ACCAACCGCACTCCAC-1,1,65,97,18063,16195
GTCATGCGCGAGGGCT-1,1,64,98,17810,16340
TAGGCTAAAGTGGCAC-1,0,65,99,18063,16485
TGGCTACACTCTACCT-1,0,64,100,17810,16630
TGTCCACGGCTCAACT-1,0,65,101,18062,16775
AATTGCAGCAATCGAC-1,0,64,102,17809,16920
GTCAACCAGGCCTATA-1,0,65,103,18061,17065
ATCTTATCGCACACCC-1,0,64,104,17809,17210
GTCTATTGCATGCTCG-1,0,65,105,18061,17355
GCACGTGGTTTACTTA-1,0,64,106,17808,17500
ATTCGCGCCTTGAGAG-1,0,65,107,18060,17645
AGCGATGCGCCTAATA-1,0,64,108,17807,17790
TCTATAGGTGGGTAAT-1,0,65,109,18059,17935
AGATACCAATAGAACC-1,0,64,110,17807,18080
CGTGTATGGGAGCTGA-1,0,65,111,18059,18225
ATGTACATGCGGTGAG-1,0,64,112,17806,18370
TTGGCTCAATATGTGT-1,0,65,113,18058,18515
GTTCGGAGCACTCAAC-1,0,64,114,17806,18660
TCCCTCTTCTCAAGGG-1,0,65,115,18058,18805
TTACGTATCTATGACA-1,0,64,116,17805,18950
CCCATATAGGTCGATT-1,0,65,117,18057,19096
GTCCACGTCGCATTCG-1,0,64,118,17804,19240
AATTGTGGTTGCCAAA-1,0,65,119,18056,19386
AGGAACGAACGACTTC-1,0,64,120,17804,19530
TAATTCCAATGCTTCA-1,0,65,121,18056,19676
AGGGCCCTAATGTTCT-1,0,64,122,17803,19820
AGGTGTTGCCGACCAC-1,0,65,123,18055,19966
CTGAGAGTAGAAATAC-1,0,64,124,17803,20110
TAGAAGAAGGGTTACA-1,0,65,125,18055,20256
GGTGACTGATAGAGAG-1,0,64,126,17802,20400
TACCCTCGGTAACCCT-1,0,65,127,18054,20546
TGTAAGACTGATAAGA-1,0,66,0,18345,2128
GTCACTCATGAGCGAT-1,0,67,1,18597,2274
CGGTTTACTGAACATT-1,0,66,2,18344,2418
GAGATCGATCTTACTC-1,0,67,3,18596,2564
TCTTTCATCCGTCCTT-1,0,66,4,18344,2708
TCGGATCTGGATGACC-1,0,67,5,18596,2854
GTCCTAGGATACCTTA-1,0,66,6,18343,2998
TGTACCCGACCCTAAT-1,0,67,7,18595,3144
AGGTTCTCCTTTCCGG-1,0,66,8,18343,3288
AATTGCGTGGATTACA-1,0,67,9,18595,3434
CGATAGCGATACAGTG-1,0,66,10,18342,3578
CGCCCTAATTGTTCAA-1,0,67,11,18594,3724
ATTATGAGACCCAATT-1,0,66,12,18341,3869
CCTCCTAGCTAGAGTC-1,0,67,13,18593,4014
CGAAGGGTTTCAGATT-1,0,66,14,18341,4159
CACAAGCTAAGAAAGG-1,0,67,15,18593,4304
CACCGGTAGAGACATT-1,0,66,16,18340,4449
ACTCATGGCAGCCTTC-1,0,67,17,18592,4594
CATCCAATATAGTTTG-1,0,66,18,18339,4739
CAGATATGAAGATGAC-1,0,67,19,18592,4884
GCAAAGGGCGTTAGCC-1,0,66,20,18339,5029
CTGTTGTTCAGTCGTA-1,0,67,21,18591,5174
AAAGGCCCTATAATAC-1,1,66,22,18338,5319
AACATTGAAGTTGATC-1,0,67,23,18590,5464
GCTAGCGATAGGTCTT-1,1,66,24,18338,5609
ATTGCCTATTAGACCG-1,1,67,25,18590,5754
GGGCGTTTACATTCAT-1,1,66,26,18337,5899
CCTCTACAAGGATTGG-1,1,67,27,18589,6044
AGTGACTGTGACACAA-1,1,66,28,18336,6189
AGCCCTCCCTGGTGGC-1,1,67,29,18588,6334
CGGTTGAGTATCCTTC-1,1,66,30,18336,6479
CATTATCCCATTAACG-1,1,67,31,18588,6625
AATGTGCTAATCTGAG-1,1,66,32,18335,6769
CTTAGTTGAGGAATCG-1,1,67,33,18587,6915
CTTCTGGGCGTACCTA-1,1,66,34,18335,7059
AGTCAAATGATGTGAT-1,1,67,35,18587,7205
TGAACAAGCAGGGACT-1,1,66,36,18334,7349
AATACCGGAGGGCTGT-1,1,67,37,18586,7495
GTTTGGTGATCGGTGC-1,1,66,38,18333,7639
GACTGCTGGTGAGAAA-1,1,67,39,18585,7785
CGATCCTCGCAACATA-1,1,66,40,18333,7929
CCAACCTTATGTAACT-1,1,67,41,18585,8075
CGTGGTACCCAAAGGC-1,1,66,42,18332,8219
AACCCGACAACCCGTG-1,1,67,43,18584,8365
TATGTAAAGTGCTTAA-1,1,66,44,18332,8509
GCAAGTGTAAAGCATG-1,1,67,45,18584,8655
GTAACTGCCCAAGGAG-1,1,66,46,18331,8799
GGTGCATAAATGATTA-1,1,67,47,18583,8945
TAGTCCCGGAGACCAC-1,1,66,48,18330,9089
CGGCCAGAGCGACCAT-1,1,67,49,18582,9235
TGAATGAGTGTTTCCC-1,1,66,50,18330,9379
TTCACTTCCTAGAACG-1,1,67,51,18582,9525
CGCTTAGTATTGATAC-1,1,66,52,18329,9669
AACGCGACCTTGGGCG-1,1,67,53,18581,9815
GTGCACCAGCTTCAAC-1,1,66,54,18329,9960
TTCTATTAAACGCAGC-1,1,67,55,18581,10105
TGGCAAGCACAAGTCG-1,1,66,56,18328,10250
ATCTGCTGTTATCGCC-1,1,67,57,18580,10395
AATTCCAAGCATGTAC-1,1,66,58,18327,10540
AAACGGTTGCGAACTG-1,1,67,59,18579,10685
GAAGGAGTCGAGTGCG-1,1,66,60,18327,10830
GGCAAGCCCATAGTGG-1,1,67,61,18579,10975
TGACCAAATCTTAAAC-1,1,66,62,18326,11120
TTCGGTACTGTAGAGG-1,1,67,63,18578,11265
ATGTACGATGACGTCG-1,1,66,64,18325,11410
ATCTAGCTTGTGAGGG-1,1,67,65,18578,11555
AGCGGGTCTGACACTC-1,1,66,66,18325,11700
GAGGTACGCGTGTCCC-1,1,67,67,18577,11845
GCACTGCCTACCTTTA-1,1,66,68,18324,11990
GGAGCGAGGCCTACTT-1,1,67,69,18576,12135
AAACTCGGTTCGCAAT-1,1,66,70,18324,12280
GGCGCTTCATTCCCTG-1,1,67,71,18576,12425
TGCTCGGTGGGTCACC-1,1,66,72,18323,12570
AAGCGCAGGGCTTTGA-1,1,67,73,18575,12716
GACCTTCCACGTCTAC-1,1,66,74,18322,12860
GTTAGCCCATGACATC-1,1,67,75,18574,13006
AATTCGATTCGAGGAT-1,1,66,76,18322,13150
AGTCTTTAAAGTGTCC-1,1,67,77,18574,13296
GACTAGGCCGTTAGGT-1,1,66,78,18321,13440
TCCAAGCCTAGACACA-1,1,67,79,18573,13586
GATTGGGAAAGGTTGT-1,1,66,80,18321,13730
GATGAGGAACCTTCGG-1,1,67,81,18573,13876
TGAATACCGACGCGTA-1,1,66,82,18320,14020
AATCGTGAGCCGAGCA-1,1,67,83,18572,14166
GCGAAGAATCTGACGG-1,1,66,84,18319,14310
GAACAACTGGGATGAA-1,1,67,85,18571,14456
TCGCCGACATATTCGC-1,1,66,86,18319,14600
CGTAGAGAGTAATTAT-1,1,67,87,18571,14746
CGATAGTCGTACTGCA-1,1,66,88,18318,14890
CGCATGCCGAATGCGT-1,1,67,89,18570,15036
CTCTAGCCCTCGGAAA-1,1,66,90,18318,15180
TCCAACTCAGCTATCT-1,1,67,91,18570,15326
GTCTAGTGAGCCGCTT-1,1,66,92,18317,15470
TACCGAATAATTGTAA-1,1,67,93,18569,15616
ATATAACACGGGCGCA-1,1,66,94,18316,15761
GCATGCTAATAACGAT-1,1,67,95,18568,15906
TCCGGGCTTGACGGGA-1,1,66,96,18316,16051
ATTATTCAGAGTCACT-1,0,67,97,18568,16196
TAGCAGTATGACTAAA-1,0,66,98,18315,16341
TATGAAGAATTAAGGT-1,0,67,99,18567,16486
CAAGGCCAGTGGTGCA-1,0,66,100,18315,16631
TGCGTACGGCTAATTG-1,0,67,101,18567,16776
CAGATAATGGGCGGGT-1,0,66,102,18314,16921
GAGAACGGTTCTGACT-1,0,67,103,18566,17066
CGCTTCGGTCTAAGAC-1,0,66,104,18313,17211
AGCATTACGAGGCAAG-1,0,67,105,18565,17356
AAGTTGTGATGTTATA-1,0,66,106,18313,17501
TTGCTCATAGTACGTG-1,0,67,107,18565,17646
TACTTAAACATGTACA-1,0,66,108,18312,17791
AGTGAGTCGAATTAAC-1,0,67,109,18564,17936
TAGGCCTATATAGTCT-1,0,66,110,18312,18081
ACTCGCCGTTCGATAA-1,0,67,111,18564,18226
GGTACGTTGCGGCCGG-1,0,66,112,18311,18371
TATTGCCGGGCTTGTA-1,0,67,113,18563,18517
GGTAAACTCTGCGCTG-1,0,66,114,18310,18661
TCCCTTGTCTGAAACT-1,0,67,115,18562,18807
CATGATCGCTTTGAGA-1,0,66,116,18310,18951
GGACGGGCGACCAACC-1,0,67,117,18562,19097
GAGAGGCCTATGTGTA-1,0,66,118,18309,19241
TCGTAACTCCCAAGAC-1,0,67,119,18561,19387
CGTATCTAGAACTAAG-1,0,66,120,18308,19531
GCACCTTCCCGAAGGT-1,0,67,121,18561,19677
TACCTCTTTACCATCC-1,0,66,122,18308,19821
TGACTCTAACTGGTAA-1,0,67,123,18560,19967
GAGAAACTGGATCCCA-1,0,66,124,18307,20111
ATCCGGACCAGCCTGA-1,0,67,125,18559,20257
TTATTTAGGTTCCTTA-1,0,66,126,18307,20401
CGAATTCCCGGTTCAA-1,0,67,127,18559,20547
TAGTTTGATCGGTCGC-1,0,68,0,18850,2129
AGTCGAAACGATTCAG-1,0,69,1,19102,2275
ACGTCGGGCAACTCGG-1,0,68,2,18849,2419
ACTTGCTCTATCTACC-1,0,69,3,19101,2565
ATTACGGGCTACGGTT-1,0,68,4,18848,2709
GCAAACGTAAGCGACC-1,0,69,5,19100,2855
TTCGGACTGGGCATGG-1,0,68,6,18848,2999
GGGCCATTCGTGCTGG-1,0,69,7,19100,3145
GAGTTGTCACCAGTCT-1,0,68,8,18847,3289
AGTAATTTGCAAGCGT-1,0,69,9,19099,3435
GTGGCCGGTTTCTCGG-1,0,68,10,18847,3580
ATCTTAGGGCATTAAT-1,0,69,11,19099,3725
CTACATATCGCGGGAC-1,0,68,12,18846,3870
ATGGTATTTACTGATT-1,0,69,13,19098,4015
CCGTCAACCTCTGGCG-1,0,68,14,18845,4160
GCTTCGACGTTCAATC-1,0,69,15,19097,4305
GACCGATTAAATATGT-1,0,68,16,18845,4450
GTCGAATTTGGGCGCT-1,0,69,17,19097,4595
TCACGGCCCAAGAGAG-1,0,68,18,18844,4740
CTACGATCCTATCCTA-1,0,69,19,19096,4885
TGCAGTGGTAGGGAAC-1,0,68,20,18844,5030
TTGCCTAATCCAAAGT-1,0,69,21,19096,5175
AGCGAGACGTGAAGGC-1,0,68,22,18843,5320
TTCTACCTCAATCGGT-1,0,69,23,19095,5465
TACGCTGCTGTGTTAA-1,0,68,24,18842,5610
TAGTCCTGCACTAAGC-1,0,69,25,19094,5755
AGCACACGTTTAGACT-1,1,68,26,18842,5900
GTTCGACAATTGTATA-1,1,69,27,19094,6045
CCATGTTCATCTATAT-1,1,68,28,18841,6190
CCCTCGATAATACACA-1,1,69,29,19093,6336
ACTGCCCGCCATTCTC-1,1,68,30,18841,6480
CTATATCCAGCCTGGC-1,1,69,31,19093,6626
CGCACGTCTGTTTATG-1,1,68,32,18840,6770
AATCAGGTTTCATTTA-1,1,69,33,19092,6916
AGAGAAACACCAGAAA-1,1,68,34,18839,7060
ACCCGATTGGTTCCGA-1,1,69,35,19091,7206
TACCAGGAATCCCGTC-1,1,68,36,18839,7350
AAGTGCTTCTCTATTG-1,1,69,37,19091,7496
TGCATGTGACCCATAG-1,1,68,38,18838,7640
TAGATTCAAAGTGCGG-1,1,69,39,19090,7786
AGGGTCAGAGCACTCG-1,1,68,40,18837,7930
GTGAGATAACCTTATA-1,1,69,41,19090,8076
GTGTCAGTGTACGTGG-1,1,68,42,18837,8220
CTGTAGTGAGGATCGA-1,1,69,43,19089,8366
GATAGTGCGAGTAAGT-1,1,68,44,18836,8510
AGGGTTCAGACGGTCC-1,1,69,45,19088,8656
GGACTCGACAGCGCAT-1,1,68,46,18836,8800
CACTCTCAAGCATCGA-1,1,69,47,19088,8946
GAGCGGAATGCGGTGT-1,1,68,48,18835,9090
CAGTTCGAGGACCCGA-1,1,69,49,19087,9236
CGTAACTTCGACACTT-1,1,68,50,18834,9381
TGATCACCACACTGAC-1,1,69,51,19086,9526
CATACTTCTTTCTCCG-1,1,68,52,18834,9671
CAAGTAAGTGATAGAC-1,1,69,53,19086,9816
AGCCCGCAACAAGCAG-1,1,68,54,18833,9961
GCTCCATGCAAAGCAA-1,1,69,55,19085,10106
TCGTACCGACGTCAAG-1,1,68,56,18833,10251
ATTATCGGAATGTACG-1,1,69,57,19085,10396
ACCTACTATAAATCTA-1,1,68,58,18832,10541
TATCCTATCAACTGGT-1,1,69,59,19084,10686
GCGCGGTCTAGTAACT-1,1,68,60,18831,10831
CCTTCGTATAGAATCC-1,1,69,61,19083,10976
TGGGCGATACAATAAG-1,1,68,62,18831,11121
TGACATGTAACGTGAC-1,1,69,63,19083,11266
TTGGGAAGACGAGCCG-1,1,68,64,18830,11411
GGTGTAAATCGATTGT-1,1,69,65,19082,11556
GAACTGTGGAGAGACA-1,1,68,66,18830,11701
TCCACATCGTATATTG-1,1,69,67,19082,11846
CCTATGGTCAAAGCTG-1,1,68,68,18829,11991
TCCTTGTCCTTTAATT-1,1,69,69,19081,12136
AAGTTTATGGGCCCAA-1,1,68,70,18828,12281
GTCCGGGTTCACATTA-1,1,69,71,19080,12427
ATGTAGCGCGCGTAGG-1,1,68,72,18828,12571
TACGGAAGCCAAACCA-1,1,69,73,19080,12717
GCCCTGAGGATGGGCT-1,1,68,74,18827,12861
CGGGCGATGGATCACG-1,1,69,75,19079,13007
TGCGGACTTGACTCCG-1,1,68,76,18827,13151
TAATACTAGAACAGAC-1,1,69,77,19079,13297
TCAAATTGTTGTGCCG-1,1,68,78,18826,13441
GGGCAGTCAACGCCAA-1,1,69,79,19078,13587
TCGCTGCCAATGCTGT-1,1,68,80,18825,13731
TACGTGGGCCCAGGGC-1,1,69,81,19077,13877
GCCTACGTTCTGTGCA-1,1,68,82,18825,14021
TTGCGTGTGTAGGCAT-1,1,69,83,19077,14167
TCCTAAAGATTCAGAC-1,1,68,84,18824,14311
TGGGTGCACAAGCCAT-1,1,69,85,19076,14457
GGGAGCGACCGTAGTG-1,1,68,86,18823,14601
CATAGAGGAGATACTA-1,1,69,87,19076,14747
CTTCGATTGCGCAAGC-1,1,68,88,18823,14891
GTGCCTGAGACCAAAC-1,1,69,89,19075,15037
TCATCCTCAGCTGCTT-1,1,68,90,18822,15181
TGCAACTACTGGTTGA-1,1,69,91,19074,15327
ATGTTGATTAGAGACT-1,1,68,92,18822,15472
GTTTCTAGAGGCGCGG-1,0,69,93,19074,15617
TACAAGGGCTTCTTTA-1,1,68,94,18821,15762
ACAGGCACGGATCCTT-1,0,69,95,19073,15907
CCCAAGTCATTACACT-1,0,68,96,18820,16052
ACTCTGACCTAATAGA-1,0,69,97,19072,16197
GGATGGCTTGAAGTAT-1,0,68,98,18820,16342
ACCCTCCCGTCAGGGC-1,0,69,99,19072,16487
AGCTTCTTCTCGAGCA-1,0,68,100,18819,16632
TTGCGCTTGATCAATA-1,0,69,101,19071,16777
TGGGTGTAATAGATTT-1,0,68,102,18819,16922
CATGGTTTATTAATCA-1,0,69,103,19071,17067
TTGCCTTCTCGCCGGG-1,0,68,104,18818,17212
TTAAAGTAAGTCGCCA-1,0,69,105,19070,17357
AGTTGGCAAGGCTAGA-1,0,68,106,18817,17502
CCGCACTTGCAATGAC-1,0,69,107,19069,17647
AATGTTGTCGTGAGAC-1,0,68,108,18817,17792
CCAAGGTTGCCCTTTC-1,0,69,109,19069,17937
TGTGACTAGAGTTTGC-1,0,68,110,18816,18082
TTGTGATCTGTTCAGT-1,0,69,111,19068,18228
GGAGTTGATTCTGTGT-1,0,68,112,18816,18372
GTAGTGAGCAACCTCA-1,0,69,113,19068,18518
AAGACATACGTGGTTT-1,0,68,114,18815,18662
CATCCCGAGATTCATA-1,0,69,115,19067,18808
GGCCGCAGGAACCGCA-1,0,68,116,18814,18952
CCAGAAACTGATGCGA-1,0,69,117,19066,19098
ACCCGTAGTCTAGTTG-1,0,68,118,18814,19242
AGGGTCTGGACGCAGT-1,0,69,119,19066,19388
TTGAAACCCTCATTCC-1,0,68,120,18813,19532
TCAATCCCGCGCCAAA-1,0,69,121,19065,19678
AGGACATCGGCACACT-1,0,68,122,18813,19822
GACAAGACGCCCGTGC-1,0,69,123,19065,19968
GAGTAAATTAAGAACC-1,0,68,124,18812,20112
TAAGTCGGTGAGCTAG-1,0,69,125,19064,20258
CTTACTGACTCCTCTG-1,0,68,126,18811,20402
TTAACTGATCGTTTGG-1,0,69,127,19063,20548
GGGCGATCCATAGGCC-1,0,70,0,19354,2130
CGTATTGTTTGGCGCC-1,0,71,1,19606,2276
CGCGTGGGCCTGTGTT-1,0,70,2,19354,2420
AAATCTGCCCGCGTCC-1,0,71,3,19606,2566
GCTGAAGGGTTCTTGG-1,0,70,4,19353,2710
TAATTGCGCTGATTAC-1,0,71,5,19605,2856
TCGCGCGTTTACATGA-1,0,70,6,19353,3000
TAACTGAAATACGCCT-1,0,71,7,19605,3146
CCTGTCGTGTATGAAG-1,0,70,8,19352,3291
CGGGAACGCCCTGCAT-1,0,71,9,19604,3436
AGTTGCGGTCCTCAAC-1,0,70,10,19351,3581
GGGTCCTTGGAAGAAG-1,0,71,11,19603,3726
CGGGAAGTACCGTGGC-1,0,70,12,19351,3871
ACGGTCACCGAGAACA-1,0,71,13,19603,4016
TAGACTCAGTTGGCCT-1,0,70,14,19350,4161
CCTTCCGCAACGCTGC-1,0,71,15,19602,4306
CAGTGTTAATCTCTCA-1,0,70,16,19349,4451
CAGGCCAGTACCACCT-1,0,71,17,19602,4596
GATCGCTGTGGTGCGT-1,0,70,18,19349,4741
GTATCTCGGGCGCTTT-1,0,71,19,19601,4886
CCGGGCTAAGAATTTC-1,0,70,20,19348,5031
CTTCACGCCCTGGTAC-1,0,71,21,19600,5176
CGGATGAATGCTGTGA-1,0,70,22,19348,5321
CTCTGCAGGCATTCTT-1,0,71,23,19600,5466
TCAAAGTCACGGCGTC-1,0,70,24,19347,5611
TGGGTTTCGGGCGTAC-1,0,71,25,19599,5756
TGCTATGGCAAAGGGA-1,0,70,26,19346,5901
TTCACGGTCGTCACGT-1,0,71,27,19598,6047
CGTAAAGCAAGAAATC-1,1,70,28,19346,6191
CTGATCCCTTTATGCA-1,1,71,29,19598,6337
GAGTATACCCTAATCA-1,1,70,30,19345,6481
CCACGGCAGGTGTAGG-1,1,71,31,19597,6627
ACGTACTTTGGCACGG-1,1,70,32,19345,6771
CCTGAGAATAAATGCA-1,1,71,33,19597,6917
TTGATGCCGCTCGTCG-1,1,70,34,19344,7061
GCCAGGAAAGAACACT-1,1,71,35,19596,7207
TCCGACCGCTAATCAA-1,1,70,36,19343,7351
TATATCAAAGTGATCT-1,1,71,37,19595,7497
CCTCGGTTTCCTTGCC-1,1,70,38,19343,7641
TAAATTTAGTAACACC-1,1,71,39,19595,7787
CTCGTTACGGCTACCA-1,1,70,40,19342,7931
GCCGTCGGTTTCGGGC-1,1,71,41,19594,8077
GTTCCGTCCGCCTGCA-1,1,70,42,19342,8221
CTAGGGATAGGGACAA-1,1,71,43,19594,8367
GTCCAGGCACGTGTGC-1,1,70,44,19341,8511
GAGGAATATCTCTTTG-1,1,71,45,19593,8657
CGTTCAAGGAAACGGA-1,1,70,46,19340,8801
GTGGGAACAAACCGGG-1,1,71,47,19592,8947
GGGCACGTAGTACTGT-1,1,70,48,19340,9092
ACTACAAAGAGAGGTG-1,1,71,49,19592,9237
GGTGTAGGTAAGTAAA-1,1,70,50,19339,9382
CCTGTTCAACCTCGGG-1,1,71,51,19591,9527
TGAGGTGTGTGGCGGA-1,1,70,52,19339,9672
ATTGTCTGTTTCATGT-1,1,71,53,19591,9817
GCCGGTCGTATCTCTC-1,1,70,54,19338,9962
ATATGGGATAGCAACT-1,1,71,55,19590,10107
GATAGAACCCGCTAGG-1,1,70,56,19337,10252
ATCCCATTTCCGTGGG-1,1,71,57,19589,10397
GATGCTACCTTCGATG-1,1,70,58,19337,10542
TGCAAAGTTCGTCTGT-1,1,71,59,19589,10687
GTTCAGTCGCCAAATG-1,1,70,60,19336,10832
GTCTCCGCCTCAATAC-1,1,71,61,19588,10977
AGTAGAAGGCGCCTCA-1,1,70,62,19335,11122
GTTGTAGATTTATGAG-1,1,71,63,19588,11267
CTATTTGCTTGGAGGA-1,1,70,64,19335,11412
AGCCATATAGTATGTG-1,1,71,65,19587,11557
TGTTCCGGCCTGAGCT-1,1,70,66,19334,11702
TGCCGTGGGACCCAAT-1,1,71,67,19586,11848
TTGCAAGAAGACTCCT-1,1,70,68,19334,11992
CCGCTCCAGGGCGATC-1,1,71,69,19586,12138
CAAACCCTCCGGCGGG-1,1,70,70,19333,12282
CGGACCTTTACGTCCC-1,1,71,71,19585,12428
ACGTAGGAGAGTCGCT-1,1,70,72,19332,12572
CTGCGACCTCGCCGAA-1,1,71,73,19584,12718
GGCCCAGCTGGTTTGC-1,1,70,74,19332,12862
GGATTAATCATGGACC-1,1,71,75,19584,13008
GAGATGGCTTTAATCA-1,1,70,76,19331,13152
AGTACAGAAGCTTATA-1,1,71,77,19583,13298
GCGGCTTTAGCAAGTT-1,1,70,78,19331,13442
ACCGAGTCTCCTTATT-1,1,71,79,19583,13588
GACCACACTTCCCTTT-1,1,70,80,19330,13732
TGTAGCCAATTCCGTT-1,1,71,81,19582,13878
CTCGTCTGTGCCTTCG-1,1,70,82,19329,14022
GGACTCTTTGACTAAG-1,1,71,83,19581,14168
TCATCGACGACCGTCG-1,1,70,84,19329,14312
TACTACGTGCAATGCG-1,1,71,85,19581,14458
CCCTACTTGAACAATG-1,1,70,86,19328,14602
GCAGCTGTCAACGCAT-1,1,71,87,19580,14748
ATCTACCATCTGCTCC-1,1,70,88,19328,14892
TCTCAAATCAATCGGG-1,0,71,89,19580,15038
ACTCCGGCCGACCACT-1,0,70,90,19327,15183
TACACCTCTTCGAATC-1,0,71,91,19579,15328
GTGGCTGTTTCTGTTC-1,0,70,92,19326,15473
ACGACTCTAGGGCCGA-1,0,71,93,19578,15618
TCGTTTACGCGACCCT-1,0,70,94,19326,15763
AGGATATCCGACTGCA-1,0,71,95,19578,15908
GACACTTCCAATTACC-1,0,70,96,19325,16053
ACGGTACAGTTCAATG-1,0,71,97,19577,16198
CTTGATGACCATCCAG-1,0,70,98,19325,16343
CTGGTAAAGACTTACA-1,0,71,99,19577,16488
CTTGCCCACCCACGCA-1,0,70,100,19324,16633
CATTACGCAGGAAGGG-1,0,71,101,19576,16778
GGACAACCATGAAGCC-1,0,70,102,19323,16923
GTTATCAAGCTATCGA-1,0,71,103,19575,17068
AGGTGCACGTCCACAT-1,0,70,104,19323,17213
AAAGAATGTGGACTAA-1,0,71,105,19575,17358
ACCAAGTCATCGGCAG-1,0,70,106,19322,17503
AGTAACTATAGCAGCC-1,0,71,107,19574,17648
GGGAAAGAATGCCAAC-1,0,70,108,19321,17793
AATCGGTATAGCCCTC-1,0,71,109,19574,17939
GGCACTGCGGTGGTTT-1,0,70,110,19321,18083
CGTCCTCATCGCGTGC-1,0,71,111,19573,18229
CTTAACTTACAGTATA-1,0,70,112,19320,18373
GTGAGTCGACTAATAG-1,0,71,113,19572,18519
TGTACTTCCGGGCATG-1,0,70,114,19320,18663
CACAAACCGCAGAACT-1,0,71,115,19572,18809
GCTTTACACAACTGGG-1,0,70,116,19319,18953
CACCGATGATGGGTAC-1,0,71,117,19571,19099
TCAATATACAGGAGGC-1,0,70,118,19318,19243
AACGACCTCCTAGCCG-1,0,71,119,19570,19389
GTTACCAAGGCGTACG-1,0,70,120,19318,19533
TAGCTCACTGTGTTTG-1,0,71,121,19570,19679
TCGGCAGGGTTAAGGG-1,0,70,122,19317,19823
TGTTAACAAAGTGACT-1,0,71,123,19569,19969
CAGAGCGATGGATGCT-1,0,70,124,19317,20113
CATAGTGGGCACGCCT-1,0,71,125,19569,20259
AAACGCTGGGCACGAC-1,0,70,126,19316,20403
TGTTCTCATACTATAG-1,0,71,127,19568,20549
TCCGCTGGGTCGATCG-1,0,72,0,19859,2131
TTAGCATCCCTCACGT-1,0,73,1,20111,2277
AGCCTTGTCACTGATA-1,0,72,2,19858,2421
GTTTCTTGTTAGAGCT-1,0,73,3,20110,2567
TCGGAGTCCTGGTTGC-1,0,72,4,19858,2712
ACGGGTTGTGACCTGT-1,0,73,5,20110,2857
TGACAGAAATCTTGCT-1,0,72,6,19857,3002
TAGCCATGATTGCCTA-1,0,73,7,20109,3147
CGAAGCCACAGCATGG-1,0,72,8,19857,3292
ACCCGTAGCAGAGAAT-1,0,73,9,20109,3437
AGCTTGATCAGGGTAG-1,0,72,10,19856,3582
CTATAAGTAGGGTTTG-1,0,73,11,20108,3727
TATAGTTAGGTGTACT-1,0,72,12,19855,3872
TACGCTGATAGTTGTA-1,0,73,13,20107,4017
TTCTCAATTGCTACAA-1,0,72,14,19855,4162
GTTGCCCTAACGGGTG-1,0,73,15,20107,4307
GACATTTCGCCCAGCC-1,0,72,16,19854,4452
GTAACTACGTAGACCT-1,0,73,17,20106,4597
CCAGTGTACAGACCGA-1,0,72,18,19854,4742
GCCCGATGCCCAGTTC-1,0,73,19,20106,4887
CGAACCTCTTTCCTAG-1,0,72,20,19853,5032
CATGCACATGAGAGGC-1,0,73,21,20105,5177
CCAAATCAAAGGGCAA-1,0,72,22,19852,5322
GTAGTTTAAGCACACG-1,0,73,23,20104,5467
TAAGTGAATAGTCTAC-1,0,72,24,19852,5612
GGTCCACGTCTATTTG-1,0,73,25,20104,5758
CCCTCAGATCGAGAAC-1,0,72,26,19851,5902
ACATTCGCGCGGAATA-1,0,73,27,20103,6048
CTATGAACACCTTGCC-1,0,72,28,19851,6192
CGAATGGTAGGTCGTC-1,0,73,29,20103,6338
TCGACATAGCGTAGCG-1,1,72,30,19850,6482
GACGTTGCTCGGCGGC-1,1,73,31,20102,6628
CTCGAGGCAAGTTTCA-1,1,72,32,19849,6772
GCTGGGAGCGCGTCAA-1,1,73,33,20101,6918
GACGATATCACTGGGT-1,1,72,34,19849,7062
CAGCTCTGGGCTCACT-1,1,73,35,20101,7208
TAGTCTGCGGCACATT-1,1,72,36,19848,7352
TGGTCGATATACCTCT-1,1,73,37,20100,7498
TTCAGTTCAAGAGGAG-1,1,72,38,19847,7642
GTCTGTAGGTTGAACA-1,1,73,39,20100,7788
GAGAGTCTCGGGAGAG-1,1,72,40,19847,7932
TTGTTTGTATTACACG-1,1,73,41,20099,8078
GCACAGCACGGGCCGA-1,1,72,42,19846,8222
AAACAGTGTTCCTGGG-1,1,73,43,20098,8368
TGGAGAATAATCGTCC-1,1,72,44,19846,8512
CGCCGCGTTCTGAACG-1,1,73,45,20098,8658
CATGCGTTGAGAGGAG-1,1,72,46,19845,8803
TACGCTCCTAGAACTG-1,1,73,47,20097,8948
CCTTGTGAACGTGGTT-1,1,72,48,19844,9093
TTAAAGGCGATGCTCG-1,1,73,49,20096,9238
TAAAGTGCACGTCTCG-1,1,72,50,19844,9383
TGTCCGCAAACAATTC-1,1,73,51,20096,9528
AGGCCTATCATACCAA-1,1,72,52,19843,9673
ACTGGGATGCCAGTGC-1,1,73,53,20095,9818
CGATCCACCATTGTTG-1,1,72,54,19843,9963
GGGCATGCATGTCGAG-1,1,73,55,20095,10108
TCCAGGCAGGACGATC-1,1,72,56,19842,10253
CAATGACCCTTAATTT-1,1,73,57,20094,10398
ATCAAGATCCCAGGAC-1,1,72,58,19841,10543
CTCAGAGCTAATGTCG-1,1,73,59,20093,10688
CTGCGATTTCGAGATT-1,1,72,60,19841,10833
ATGGTATTGGGAACCG-1,1,73,61,20093,10978
TAGGTTCTGCTGAGAA-1,1,72,62,19840,11123
GCCTGTCCCGGTGCAT-1,1,73,63,20092,11268
GGCCTGCTCTGATGTT-1,1,72,64,19840,11413
TAGAGGGAGTTTATCT-1,1,73,65,20092,11559
CTCTACATCCTGCGTG-1,1,72,66,19839,11703
ACACATTTCCGTAGAC-1,1,73,67,20091,11849
TGGGTGTTAAGTAGAA-1,1,72,68,19838,11993
GAGCTCAACATGAGCG-1,1,73,69,20090,12139
GCACACAGCTATTACC-1,1,72,70,19838,12283
GCGACGGTAGTCTCCT-1,1,73,71,20090,12429
GTATCAAGGTACTTCC-1,1,72,72,19837,12573
GGAAAGGGAATTGAGC-1,1,73,73,20089,12719
TACACAGCCGTGGTGC-1,1,72,74,19837,12863
CGGTTGGGCAGGGTCC-1,1,73,75,20089,13009
GCACGCCGATTCCCGC-1,1,72,76,19836,13153
CGCTTTCCGCCAAGGT-1,1,73,77,20088,13299
TGCCCGATAGTTAGAA-1,1,72,78,19835,13443
TCAGAACGGCGGTAAT-1,1,73,79,20087,13589
CCACTCAGATCCGCAA-1,1,72,80,19835,13733
GAAGGGTCATTAAGAC-1,1,73,81,20087,13879
GCGGTCTTGCTTTCAC-1,1,72,82,19834,14023
GGAAGGACACCGTATA-1,0,73,83,20086,14169
CGCGGGAATTCCTTTC-1,1,72,84,19833,14313
TCTATCCGATTGCACA-1,0,73,85,20086,14459
TACTCGTTTGAATCAA-1,0,72,86,19833,14603
GTCTGCCGACTCGACG-1,0,73,87,20085,14749
TACGGGTAATAACATA-1,0,72,88,19832,14894
CCAGTTCGGTAACTCA-1,0,73,89,20084,15039
CGTGCACACCACTGTA-1,0,72,90,19832,15184
CTTCAGTTGGACAACG-1,0,73,91,20084,15329
TGATCTATCACACTCT-1,0,72,92,19831,15474
TAGCAGATACTTAGGG-1,0,73,93,20083,15619
CACCGGGCATCACAAG-1,0,72,94,19830,15764
AGTGGCCCGCAAATGG-1,0,73,95,20082,15909
CTCGCTAGGTAAGCGA-1,0,72,96,19830,16054
GATAGATAGTACAGTC-1,0,73,97,20082,16199
CGAGACTACTGCTGCT-1,0,72,98,19829,16344
ACATTTGAAACCTAAC-1,0,73,99,20081,16489
GACACAGCCGGGACTG-1,0,72,100,19829,16634
ACGGAACACGAGTGCC-1,0,73,101,20081,16779
ACGCCAGTGCGTTTGC-1,0,72,102,19828,16924
GCACCTAGGCGAGTCC-1,0,73,103,20080,17069
TCACTATCCCTTCGGT-1,0,72,104,19827,17214
TGAGTGTAACAACGGG-1,0,73,105,20079,17359
ATTGGTTGTGCATTAC-1,0,72,106,19827,17504
CTGGCGATTTACATGT-1,0,73,107,20079,17650
TCCACCAAGACATAGG-1,0,72,108,19826,17794
AACGTCGCTGCACTTC-1,0,73,109,20078,17940
GTCTCCCGAGTCCCGT-1,0,72,110,19826,18084
AGCCCGCACTACAATG-1,0,73,111,20078,18230
GGCACGCTGCTACAGT-1,0,72,112,19825,18374
GCTTGAGTGACCTCTG-1,0,73,113,20077,18520
ATAGCCATAACAGTCA-1,0,72,114,19824,18664
TAGGAGGCTCGAGAAC-1,0,73,115,20076,18810
GTCGGGTGAAGTACCG-1,0,72,116,19824,18954
CACCCGCGTTTGACAC-1,0,73,117,20076,19100
TCTCAGGCTACTCGCT-1,0,72,118,19823,19244
TAGATTCTCTAGCAAA-1,0,73,119,20075,19390
CCCATTATTGTATCCT-1,0,72,120,19823,19534
GTTAATAGCGTCATTA-1,0,73,121,20075,19680
TACTCATTGACGCATC-1,0,72,122,19822,19824
TAGTGACAAGCTCTAC-1,0,73,123,20074,19970
ATCGCCGTGGTTCATG-1,0,72,124,19821,20114
CTGCTCTCAACACACC-1,0,73,125,20073,20260
GCATGACACAAAGGAA-1,0,72,126,19821,20404
CAACGATCGATCCAAT-1,0,73,127,20073,20550
ATACAGCGTCCACTGA-1,0,74,0,20364,2132
TCACGATTAATACGTT-1,0,75,1,20616,2278
CGTGAACTGACCCGAT-1,0,74,2,20363,2423
TCGATGTTACGGCCGT-1,0,75,3,20615,2568
GACCGGTGATACTCTC-1,0,74,4,20362,2713
TCTGTTTAGATTGTTC-1,0,75,5,20615,2858
GCTACTCGGACGCAGA-1,0,74,6,20362,3003
AAGAAAGTTTGATGGG-1,0,75,7,20614,3148
CGCCAGTAGTACCTTG-1,0,74,8,20361,3293
CTCCCTTGTATCAAGG-1,0,75,9,20613,3438
ACTTTATACACCACTT-1,0,74,10,20361,3583
AGATCTGGAGAGGATA-1,0,75,11,20613,3728
TCATCCATCTGATCAC-1,0,74,12,20360,3873
AGAACACGGCGATGGT-1,0,75,13,20612,4018
CCGCTCCGGATAAGCT-1,0,74,14,20359,4163
TGGTCGGGTACAGGGC-1,0,75,15,20611,4308
ACGGACGCAGCGACAA-1,0,74,16,20359,4453
ACATGCTTACGGCAGC-1,0,75,17,20611,4598
CAGGGAGATAGGCCAG-1,0,74,18,20358,4743
TCGCCACCCGGATTAC-1,0,75,19,20610,4888
TCTTGGTCAATGATAC-1,0,74,20,20358,5033
CATAGGGACACTTGTG-1,0,75,21,20610,5179
CACGAGCAAACCAGAC-1,0,74,22,20357,5323
GGGATATTGATCGCCA-1,0,75,23,20609,5469
TAATGTCGGTTCATGG-1,0,74,24,20356,5613
CGATTTGTCATTAATG-1,0,75,25,20608,5759
TTAAGATACCCAGAGA-1,0,74,26,20356,5903
CGACCGTTGGTATTCG-1,0,75,27,20608,6049
ACTACCATCCGAGGGC-1,0,74,28,20355,6193
TCTACGCACGATCTCC-1,0,75,29,20607,6339
AAGCCACTTGCAGGTA-1,0,74,30,20355,6483
ACGTTGTCGTTGAAAG-1,0,75,31,20607,6629
ACCGCTAGTCATTGGT-1,0,74,32,20354,6773
CATGAGTCCATCACGG-1,0,75,33,20606,6919
ATGTCTTGTTTGACTC-1,1,74,34,20353,7063
TCCCAAACATCCTCTA-1,1,75,35,20605,7209
CAACGCGATGAGCCAA-1,1,74,36,20353,7353
GACACCCAAAGACGCG-1,1,75,37,20605,7499
ACGTTCACTATGCCGC-1,1,74,38,20352,7643
ATGGACTGCTTAGTTG-1,1,75,39,20604,7789
CCATGGCAAACGCTCA-1,1,74,40,20352,7933
TTGTCTCGGCAAGATG-1,1,75,41,20604,8079
TTCGAACGAAACATGC-1,1,74,42,20351,8223
GGAAAGTCTTGATTGT-1,1,75,43,20603,8369
ATCATAGATCGACGAG-1,1,74,44,20350,8514
GATTAGAAACAAGCGT-1,1,75,45,20602,8659
GCTGCGAAGAATTATT-1,1,74,46,20350,8804
TTCCAGTGGGTTTCGT-1,1,75,47,20602,8949
GCTCATTGATCATATC-1,1,74,48,20349,9094
ATACGAGGTTTGTAAG-1,1,75,49,20601,9239
GTCTATACACGCATGG-1,1,74,50,20348,9384
GATTTGCGCTAACACC-1,1,75,51,20601,9529
TGGTGCCCTGCCTTAC-1,1,74,52,20348,9674
TCGAATCGCAGGGTAG-1,1,75,53,20600,9819
GGTAGGCCAATATCAC-1,1,74,54,20347,9964
CGTAAATAACAAAGGG-1,1,75,55,20599,10109
GACTCTAGAGTTCCAA-1,1,74,56,20347,10254
ACTTGTTACCGGATCA-1,1,75,57,20599,10399
GGCATTGAACATCTCA-1,1,74,58,20346,10544
AACCCGCTGTATTCCA-1,1,75,59,20598,10689
TAACAGGTTCCCTTAG-1,1,74,60,20345,10834
GTTCTTGTAACTCAAT-1,1,75,61,20597,10979
GATTCTGTTAATGAGT-1,1,74,62,20345,11124
GGACACCTCGGTGTTG-1,1,75,63,20597,11270
CGATCGAGAAGCACCA-1,1,74,64,20344,11414
CTGCTCTGACGGCAAA-1,1,75,65,20596,11560
CCCAGGAAGAATTCGA-1,1,74,66,20344,11704
TGTCGTGGGTATAGGC-1,1,75,67,20596,11850
ATATGTCTAGAGCGTG-1,1,74,68,20343,11994
GCGGGCAGACGGGTGA-1,1,75,69,20595,12140
CGAAGATCAGTTTCAT-1,1,74,70,20342,12284
ACGCCACTCGAAACAG-1,1,75,71,20594,12430
CTTAGATGTTTCATCC-1,1,74,72,20342,12574
GCGAATGGACTAGCGA-1,1,75,73,20594,12720
TAAATTGTGGGTAAAG-1,1,74,74,20341,12864
ATTTATACTGGTAAAG-1,1,75,75,20593,13010
GCGTCGTAACATGGTC-1,1,74,76,20341,13154
CGGTATGGGCACTCTG-1,1,75,77,20593,13300
CTATCACAACGCTGGA-1,1,74,78,20340,13444
ACCACACGGTTGATGG-1,0,75,79,20592,13590
TCAGCGCACGCCGTTT-1,0,74,80,20339,13734
AATGTTAAGACCCTGA-1,0,75,81,20591,13880
CTTACATAGATTTCTT-1,0,74,82,20339,14024
AACATAGCGTGTATCG-1,0,75,83,20591,14170
AGCAGTCGAAGCATGC-1,0,74,84,20338,14315
GTACTACGGCCTCGTT-1,0,75,85,20590,14460
TTGGCCAAATTGTATC-1,0,74,86,20338,14605
TCAGAGGACGCGTTAG-1,0,75,87,20590,14750
AGTAATCTAAGGGTGG-1,0,74,88,20337,14895
AATTATACCCAGCAAG-1,0,75,89,20589,15040
CCCTACCCACACCCAG-1,0,74,90,20336,15185
CTCTGTCCATGCACCA-1,0,75,91,20588,15330
TCGCCTCCTTCGGCTC-1,0,74,92,20336,15475
CCTGATTCGCGAAGAA-1,0,75,93,20588,15620
GACTTCAACGCATCAA-1,0,74,94,20335,15765
GCTTCCCGTAAGCTCC-1,0,75,95,20587,15910
AGAACTGTACTTTGTA-1,0,74,96,20335,16055
CCTTAAGTACGCAATT-1,0,75,97,20587,16200
GGCCAATTGTATAGAC-1,0,74,98,20334,16345
AGAATACAGGCTATCC-1,0,75,99,20586,16490
AATACCTGATGTGAAC-1,0,74,100,20333,16635
TAGAGTGTTCCGGGTA-1,0,75,101,20585,16780
GCTTCCATGTAACCGC-1,0,74,102,20333,16925
GGTTCGCATTTGCCGT-1,0,75,103,20585,17070
TCAATCCGGGAAGTTT-1,0,74,104,20332,17215
CCGGAAGTGCAATATG-1,0,75,105,20584,17361
CTCATAAATGTGTATA-1,0,74,106,20331,17505
GACGGGCATCGAATTT-1,0,75,107,20584,17651
GCTAAGCCCAGTATGC-1,0,74,108,20331,17795
GCTATAAGGGCCAGGA-1,0,75,109,20583,17941
GCGGATTACTTGTTCT-1,0,74,110,20330,18085
TACAACAGCGCATACA-1,0,75,111,20582,18231
TCTAACCTAGCCTGCG-1,0,74,112,20330,18375
TCTACCCGCATCATTT-1,0,75,113,20582,18521
GTCTTACCACGCCAAG-1,0,74,114,20329,18665
AATAACGTCGCGCCCA-1,0,75,115,20581,18811
CGTTTCGGTTATATGC-1,0,74,116,20328,18955
TACGCTGCACGGTCGT-1,0,75,117,20580,19101
CGTTAAATACGACCAG-1,0,74,118,20328,19245
TCGACTGACGATGGCT-1,0,75,119,20580,19391
ACGCTACTGAATGGGC-1,0,74,120,20327,19535
AAGGGTTAGCCATGCG-1,0,75,121,20579,19681
ACGTTTCGGTGCACTT-1,0,74,122,20327,19825
TTAACCCGAGGCGTGT-1,0,75,123,20579,19971
GCCCGTCAAGCCCAAT-1,0,74,124,20326,20115
ATTCGTCCCGAGGTTA-1,0,75,125,20578,20261
TCAAATTATGTTCGAC-1,0,74,126,20325,20406
AACGTTCTACCATTGT-1,0,75,127,20577,20551
CTGTCCTGCGCACTAC-1,0,76,0,20868,2134
GCCCAGCGACACAAAG-1,0,77,1,21120,2279
TATAGCTATTATCTCT-1,0,76,2,20868,2424
AAGCTATGGATTGACC-1,0,77,3,21120,2569
CCGAAACACGACCTCT-1,0,76,4,20867,2714
ATCAGAAGCTGGTTGC-1,0,77,5,21119,2859
TGAACCTGAATGTGAG-1,0,76,6,20867,3004
TCAGAGCATGTCAACG-1,0,77,7,21119,3149
ATACCCTCCCGGCCAA-1,0,76,8,20866,3294
GCCACCTTATTCGCGA-1,0,77,9,21118,3439
CAACGAGCTTATTATG-1,0,76,10,20865,3584
GATCCAACCTTTAAAC-1,0,77,11,21117,3729
TTGTGGAGACAGCCGG-1,0,76,12,20865,3874
AGATAATCACACCTAT-1,0,77,13,21117,4019
GGTTAGGGATGCTAAT-1,0,76,14,20864,4164
TCATGAAGCGCTGCAT-1,0,77,15,21116,4309
CCAGGCGAGATGGTCT-1,0,76,16,20864,4454
CGACTTGCCGGGAAAT-1,0,77,17,21116,4599
GTGCCAAACGTTTCGA-1,0,76,18,20863,4744
TGCTCAAAGGATGCAC-1,0,77,19,21115,4890
GCCTCAGGTACCGGTC-1,0,76,20,20862,5034
ACAAGTAATTGTAAGG-1,0,77,21,21114,5180
TTAGAGTATTGTCGAG-1,0,76,22,20862,5324
GTCATCCCAAACTCAC-1,0,77,23,21114,5470
CTCCTAGTAATCGTGA-1,0,76,24,20861,5614
CCCTCATCACAGAGTA-1,0,77,25,21113,5760
GGAAACAGAGCTTGGG-1,0,76,26,20860,5904
ACATCGCAATATTCGG-1,0,77,27,21113,6050
TTAGCCATAGGGCTCG-1,0,76,28,20860,6194
CGGATTCTGCCTTATG-1,0,77,29,21112,6340
TTGTTGGCAATGACTG-1,0,76,30,20859,6484
GGATCTACCGTTCGTC-1,0,77,31,21111,6630
GGTGGGATTAGGTCCC-1,0,76,32,20859,6774
AATAGGCACGACCCTT-1,0,77,33,21111,6920
GAGGTCCGTTCGCTGT-1,0,76,34,20858,7064
TGACAACTTAAAGGTG-1,0,77,35,21110,7210
AGCTAAGCTCCGTCCG-1,0,76,36,20857,7354
CTAGCCCGGGAGACGA-1,0,77,37,21109,7500
CCCAGATTCCCGTGAC-1,0,76,38,20857,7644
GCCCGTTCACACAATT-1,0,77,39,21109,7790
ACAAACTCCATCAGAG-1,0,76,40,20856,7934
GGTTCCGTACGACTAA-1,0,77,41,21108,8080
TTGCGGAAAGCTGCCC-1,1,76,42,20856,8225
GGAACTCGTGAATACG-1,0,77,43,21108,8370
GGTTACCGCTCCCTAC-1,1,76,44,20855,8515
AGCGACTTTGAAGACA-1,0,77,45,21107,8660
CCGTTTCCTTTCCGTG-1,1,76,46,20854,8805
TGGATGGCATCTTGGA-1,0,77,47,21106,8950
CAAGTCGTTGAAATCT-1,1,76,48,20854,9095
TGCAAACGTACTAGTT-1,1,77,49,21106,9240
GGCTGTCCTACTGCGG-1,1,76,50,20853,9385
TACTGCATGATTAAAT-1,1,77,51,21105,9530
CGGACCTCTGTAGTTA-1,1,76,52,20853,9675
CCCTAGCTCTAAGGTC-1,1,77,53,21105,9820
GTAACAGGTTAACGGC-1,1,76,54,20852,9965
CCCGCAAATAATCATC-1,1,77,55,21104,10110
AATCCCGCTCAGAGCC-1,1,76,56,20851,10255
AACGTCATCCGGCTTG-1,1,77,57,21103,10400
CTCGTGGCACTGAAAG-1,1,76,58,20851,10545
CTTTATCCGACGCATG-1,1,77,59,21103,10690
AAATGACTGATCAAAC-1,1,76,60,20850,10835
TTCGTGCATGTTATAG-1,1,77,61,21102,10981
ATCAAAGAGCCGTGGT-1,1,76,62,20850,11125
ATGTCATAATAAACGA-1,0,77,63,21102,11271
CTTAATCGACTTAGTA-1,1,76,64,20849,11415
CTAAAGGATGAGATAC-1,0,77,65,21101,11561
GTGCTATCCAGCTGGA-1,1,76,66,20848,11705
GACAGAGGTCTTCAGT-1,0,77,67,21100,11851
TCGATTTACGAAACGA-1,1,76,68,20848,11995
AGGCTTAAGTTGCACA-1,0,77,69,21100,12141
TAGGATCTTAACCGCA-1,1,76,70,20847,12285
GACTTTCGAGCGGTTC-1,0,77,71,21099,12431
CCCTGGGAGGGATCCT-1,0,76,72,20846,12575
TAGTAGTTGCCGGACA-1,0,77,73,21099,12721
GCCCTAAGTGCAGGAT-1,0,76,74,20846,12865
ACTTGGGCTTTCGCCA-1,0,77,75,21098,13011
CATGATACGGTGAAAC-1,0,76,76,20845,13155
TCCTGCAGCCGCCAAT-1,0,77,77,21097,13301
GTCCGTTAGAGGGCCT-1,0,76,78,20845,13445
GCTTTATTAAGTTACC-1,0,77,79,21097,13591
AATCGAGGTCTCAAGG-1,0,76,80,20844,13735
GTGCTGTTAGAACATA-1,0,77,81,21096,13881
GGCTTCTCGTGGGTGG-1,0,76,82,20843,14026
CCTACAGTTGAGGGAG-1,0,77,83,21095,14171
TATCCCTCGATCTGCA-1,0,76,84,20843,14316
CCGGTATCTGGCGACT-1,0,77,85,21095,14461
CTCTAACACCGGCAGC-1,0,76,86,20842,14606
CTTCATCACCAGGGCT-1,0,77,87,21094,14751
GGCTGGCAATCCCACG-1,0,76,88,20842,14896
CAAACCATAAGCGTAT-1,0,77,89,21094,15041
CATGTGGGCTCATCAC-1,0,76,90,20841,15186
CCCGTGACAGTGCCTT-1,0,77,91,21093,15331
GATTATCTTGCATTAT-1,0,76,92,20840,15476
GAGTCCACCAGGTTTA-1,0,77,93,21092,15621
TGTACTATCGCTCGTT-1,0,76,94,20840,15766
TTAGCGAATAGATAGG-1,0,77,95,21092,15911
ACATACAATCAAGCGG-1,0,76,96,20839,16056
ATTCGTGTACCCATTC-1,0,77,97,21091,16201
GCTAGCAACGCACCTA-1,0,76,98,20839,16346
ACCTCAGCGAGGCGCA-1,0,77,99,21091,16491
TCCGGGCCACTAACGG-1,0,76,100,20838,16636
TCCCAATATCGACGAC-1,0,77,101,21090,16782
GGATTGAAGTAGCCTC-1,0,76,102,20837,16926
GGCGCACAGTTTACCT-1,0,77,103,21089,17072
CCCGGCACGTGTCAGG-1,0,76,104,20837,17216
AGTAAGGGACAGAATC-1,0,77,105,21089,17362
TTGCGCACAACCACGT-1,0,76,106,20836,17506
CCTGCTACAACCATAC-1,0,77,107,21088,17652
CTGGGCTACTGGAGAG-1,0,76,108,20836,17796
AGCTACGAATGGTGGT-1,0,77,109,21088,17942
ATTCGTTTATCGTATT-1,0,76,110,20835,18086
GGCATTCCCTCCCTCG-1,0,77,111,21087,18232
AGTTATTCAGACTGTG-1,0,76,112,20834,18376
CCACTTTCCTTCTAGG-1,0,77,113,21086,18522
CGCAGTTCTATCTTTC-1,0,76,114,20834,18666
AGGAGCGTTTATTATC-1,0,77,115,21086,18812
GACAGGTAATCCGTGT-1,0,76,116,20833,18956
TTCCCAAAGTACTGAT-1,0,77,117,21085,19102
CTGCAGGGTGACGCTC-1,0,76,118,20832,19246
TCATGGAGGCCTTTGT-1,0,77,119,21085,19392
ATGGCCCGAAAGGTTA-1,0,76,120,20832,19536
CGTAATATGGCCCTTG-1,0,77,121,21084,19682
AGAGTCTTAATGAAAG-1,0,76,122,20831,19826
GAACGTTTGTATCCAC-1,0,77,123,21083,19972
ATTGAATTCCCTGTAG-1,0,76,124,20831,20117
TACCTCACCAATTGTA-1,0,77,125,21083,20262
AGTCGAATTAGCGTAA-1,0,76,126,20830,20407
TTGAAGTGCATCTACA-1,0,77,127,21082,20552
