ACGCCTGACACGCGCT-1,0,0,0,1702,2078
TACCGATCCAACACTT-1,0,1,1,1954,2223
ATTAAAGCGGACGAGC-1,0,0,2,1702,2368
GATAAGGGACGATTAG-1,0,1,3,1955,2512
GTGCAAATCACCAATA-1,0,0,4,1703,2658
TGTTGGCTGGCGGAAG-1,0,1,5,1955,2802
GCATCCTCTCCTATTA-1,0,0,6,1703,2947
GCGAGGGACTGCTAGA-1,0,1,7,1955,3092
TGGTACCGGCACAGCC-1,0,0,8,1704,3237
GCGCGTTTAAATCGTA-1,0,1,9,1956,3381
TGCCTTGCCCTTACGG-1,0,0,10,1704,3526
GACGACTTTCCAAGAA-1,0,1,11,1956,3671
CCAGTGAGCTCCTTGT-1,0,0,12,1704,3816
ATACCCTGGCTCAAAT-1,0,1,13,1957,3960
GGGTTTCCGGCTTCCA-1,0,0,14,1705,4106
TAACCGTCCAGTTCAT-1,0,1,15,1957,4250
AAACAACGAATAGTTC-1,0,0,16,1705,4395
CAAGGGAGTGTATTTG-1,0,1,17,1957,4540
CCAAGCTTGATCTCCT-1,0,0,18,1706,4685
TTATTTCATCCCAAAC-1,0,1,19,1958,4829
GAGCGCTATGTCAGGC-1,0,0,20,1706,4974
TATGGCAGACTTTCGA-1,0,1,21,1958,5119
CTTCGTGCCCGCATCG-1,0,0,22,1706,5264
AAACGGGTTGGTATCC-1,0,1,23,1959,5408
TGCAAACCCACATCAA-1,0,0,24,1707,5553
GACGGGATGTCTTATG-1,0,1,25,1959,5698
GGCGAGCATCGAGGAC-1,0,0,26,1707,5843
CGCGTGCTATCAACGA-1,0,1,27,1959,5988
TGAAACCTCAACTCAC-1,0,0,28,1708,6133
CACATAAGGCGACCGT-1,0,1,29,1960,6277
TGACCCAACTCACATT-1,0,0,30,1708,6422
ATACGCCGATCTACCG-1,0,1,31,1960,6567
ACTTATCTGATCTATA-1,0,0,32,1708,6712
GTGTGAGCCGAGGTGC-1,0,1,33,1961,6856
GATGATTTGAAACTGG-1,0,0,34,1709,7001
GGGAACCACCTGTTTC-1,0,1,35,1961,7146
GTTCGTTGCGGACCAG-1,0,0,36,1709,7291
TGAGGTTGATCCCAAG-1,0,1,37,1961,7435
GATGCCACACTACAGC-1,0,0,38,1710,7581
AGGCAAAGAGGAATCA-1,0,1,39,1962,7725
AAGTAAGCTTCCAAAC-1,0,0,40,1710,7870
AACGTAGTCTACCCAT-1,0,1,41,1962,8015
GTTTGAGCGGTTATGT-1,0,0,42,1710,8160
GAAGCAAGGCAATGTT-1,0,1,43,1963,8304
TCACTCAGCGCATTAG-1,0,0,44,1711,8449
TACAATGAAACCAGCA-1,0,1,45,1963,8594
GTGCGCTTACAAATGA-1,0,0,46,1711,8739
GCACTCCCACAGTCCC-1,0,1,47,1963,8883
CGAAGACTGCCCGGGA-1,0,0,48,1712,9029
CAGGATCCGCCCGACC-1,0,1,49,1964,9173
CACGATTGGTCGTTAA-1,0,0,50,1712,9318
GGTTGTATCGTGAAAT-1,0,1,51,1964,9463
TCTTATGGGTAGTACC-1,0,0,52,1712,9608
TACAAGCTGTTCACTG-1,0,1,53,1965,9752
GTATCTTGTTGCTCAC-1,0,0,54,1713,9897
ATACCAGGTGAGCGAT-1,0,1,55,1965,10042
CCTAAACAGGGTCCGT-1,0,0,56,1713,10187
ATGGTGCTCAAAGCCA-1,0,1,57,1965,10331
CAAATGCGGAGTGTTC-1,0,0,58,1714,10477
CGTGCCCGACATTTGT-1,0,1,59,1966,10621
GTATCTCCCTAACTGT-1,0,0,60,1714,10766
ATTTGCCTAGTTACGA-1,0,1,61,1966,10911
ACGTCCTAAACGAGAT-1,0,0,62,1714,11056
CTGGGATCGCCCAGAT-1,0,1,63,1967,11200
CTGCAAATGGGCTCCA-1,0,0,64,1715,11345
CATTATAACAGGGTCC-1,0,1,65,1967,11490
ACCTTTCCTTTAGAAG-1,0,0,66,1715,11635
ATAGATTTGCAGTCGG-1,0,1,67,1967,11779
CTCGGGCATCGTCGGG-1,0,0,68,1716,11925
GTGGCGGGCCGTAGCT-1,0,1,69,1968,12069
CAACAGTGCCAAACGG-1,0,0,70,1716,12214
TGCGGGTATTGGGATC-1,0,1,71,1968,12359
GTCTCGCCAACACGCC-1,0,0,72,1716,12504
CTGGGCGGCCAAATGT-1,0,1,73,1969,12648
TAAAGGAGAAACTAGT-1,0,0,74,1717,12793
TCCCACGGAGGGAGCT-1,0,1,75,1969,12938
AGCTTCAATACTTTGA-1,0,0,76,1717,13083
TTCCACATTTCTCGTC-1,0,1,77,1969,13227
ACAAACCGACAAGGCG-1,0,0,78,1718,13373
AGACGGGATTGGTATA-1,0,1,79,1970,13517
AACCTAAAGCCGTCCG-1,0,0,80,1718,13662
TACAAATTGCGGAGGT-1,0,1,81,1970,13807
CCCGCTAGAGGGTTAA-1,0,0,82,1719,13952
CATTGCAAAGCATAAT-1,0,1,83,1971,14096
TGTACGCTATCAGCTT-1,0,0,84,1719,14241
TTCTTCGCAATAGAGC-1,0,1,85,1971,14386
TGTGATTCCAGCGCTT-1,0,0,86,1719,14531
ATTCAGGATCGCCTCT-1,0,1,87,1971,14675
GCCCATGGGTGCAATG-1,0,0,88,1720,14820
TTCCCGACGCTTCACT-1,0,1,89,1972,14965
AGCGGTTGAGATGTAC-1,0,0,90,1720,15110
GCTGTCTGTGATCGAC-1,0,1,91,1972,15255
AAAGACATGAAGTTTA-1,0,0,92,1721,15400
CAACAGAATAACGCTA-1,0,1,93,1973,15544
TGCGGTCTACGAGTAA-1,0,0,94,1721,15689
AAGACTCACGCCCACT-1,0,1,95,1973,15834
CTTTGAAACATATTCC-1,0,0,96,1721,15979
CTGGGCACTAGTCGGA-1,0,1,97,1973,16123
CGCCCTTACATCCACC-1,0,0,98,1722,16268
CACGACCACAGACTTT-1,0,1,99,1974,16413
CAATCCATTATCCGTT-1,0,0,100,1722,16558
GTGGCGTGCACCAGAG-1,0,1,101,1974,16702
CGGAGTCCTAACCTGG-1,0,0,102,1723,16848
GGTCCCATAACATAGA-1,0,1,103,1975,16992
ATCTCATAAACCTACC-1,0,0,104,1723,17137
TGCATGGCAGTCTTGC-1,0,1,105,1975,17282
TTGCAGGTCATGAAGT-1,0,0,106,1723,17427
AGCTGCATTTGAGGTG-1,0,1,107,1975,17571
TAATCAGGAATGCTGC-1,0,0,108,1724,17716
CCATCATAAGAACAGG-1,0,1,109,1976,17861
TCGTATCACCAAGCTA-1,0,0,110,1724,18006
ATTCAGATGAATCCCT-1,0,1,111,1976,18150
AAAGGTCAACGACATG-1,0,0,112,1725,18296
AGCTGCTGTGCCGAAT-1,0,1,113,1977,18440
CTAGCGCCAATCCTAC-1,0,0,114,1725,18585
GCTCGACCGAACTGAA-1,0,1,115,1977,18730
ACAGTGCAGCGCATTT-1,0,0,116,1725,18875
CGGCTGAAGGTTACGC-1,0,1,117,1978,19019
CACCTCTACGAGTGTG-1,0,0,118,1726,19164
ATACGACAGATGGGTA-1,0,1,119,1978,19309
ACTTCCTGTCGTGCGA-1,0,0,120,1726,19454
CGTAACGGAACGATCA-1,0,1,121,1978,19598
AAATCACTCCTAAACG-1,0,0,122,1727,19744
CTCCGAGTAAATCCGC-1,0,1,123,1979,19888
ACGCTAGTATCAGTGC-1,0,0,124,1727,20033
AGAGTGAACAGACACC-1,0,1,125,1979,20178
ACACCCGTAAATCTGT-1,0,0,126,1727,20323
GCTTTGCTGCCGGGTA-1,0,1,127,1980,20467
ACAGGAGGCGCAGCCG-1,0,2,0,2206,2078
AGGCAATACGGAGGAC-1,0,3,1,2458,2222
TGGTGTGACAGACGAT-1,0,2,2,2206,2367
ATCTATCGATGATCAA-1,0,3,3,2458,2512
CGGTAACAAGATACAT-1,0,2,4,2207,2657
TCGCCGGAGAGTCTTA-1,0,3,5,2459,2801
GGAGGAGTGTGTTTAT-1,0,2,6,2207,2946
TTAGGTGTGACTGGTC-1,0,3,7,2459,3091
CAGGGCTAACGAAACC-1,0,2,8,2207,3236
CCCGTGGGTTAATTGA-1,0,3,9,2460,3380
GACCGACCGCTAATAT-1,0,2,10,2208,3526
GGTATCAAGCATAGAA-1,0,3,11,2460,3670
TGCATGAGTAGATTCG-1,0,2,12,2208,3815
AATTCCAACTTGGTGA-1,0,3,13,2460,3960
TGCCGATGTCATCAAT-1,0,2,14,2209,4105
GCTGGGTCCGCTGTTA-1,0,3,15,2461,4249
TGAACACCCGAAGCAG-1,0,2,16,2209,4394
AACATTGGTCAGCCGT-1,0,3,17,2461,4539
GTGGGTCTTCTTTGCG-1,0,2,18,2209,4684
CATCGAATGGATCTCT-1,0,3,19,2462,4828
GCTACACTGTCCGAAC-1,0,2,20,2210,4974
CGGGTTGTAGCTTTGG-1,0,3,21,2462,5118
CCTAAGTGTCTAACCG-1,0,2,22,2210,5263
TCTGTGACTGACCGTT-1,0,3,23,2462,5408
TTATCATACTCGCAAA-1,0,2,24,2211,5553
AGCGTAGCGCTAGACC-1,0,3,25,2463,5697
TCCCTCCGAAATCGTT-1,0,2,26,2211,5842
AGGTCGCCACTTCGGT-1,0,3,27,2463,5987
CTAGCAACTAATTTAC-1,0,2,28,2211,6132
TTGCTAGCTACCAATC-1,0,3,29,2464,6276
GCCGGTTTGGGCGGAT-1,0,2,30,2212,6422
TGTAACTTGTCAACCT-1,0,3,31,2464,6566
CGAGATGTTGCCTATA-1,0,2,32,2212,6711
GTTACGAAATCCACGC-1,0,3,33,2464,6856
CTTGTCGTACGTGTCA-1,0,2,34,2213,7001
GCGTCCAGCTCGTGGC-1,0,3,35,2465,7145
CCCTTCTCGTACGCGA-1,0,2,36,2213,7290
CCAAAGTCCCGCTAAC-1,0,3,37,2465,7435
CCGCTTCGCGGTTAAC-1,0,2,38,2214,7580
GTTACGGCCCGACTGC-1,0,3,39,2466,7724
CCCGCTTGCCCTCGTC-1,0,2,40,2214,7870
TAGTGAGAAGTGGTTG-1,0,3,41,2466,8014
CGCTACCGCCCTATGA-1,0,2,42,2214,8159
AAACAATCTACTAGCA-1,0,3,43,2466,8304
GCGCGATGGGTCAAGT-1,0,2,44,2215,8449
ATAAACCATTGGACGG-1,0,3,45,2467,8593
TCGGGCACTTCTGGAT-1,0,2,46,2215,8738
TCTGTGGCTACATTTC-1,0,3,47,2467,8883
CTCTGTGCCTGCTATG-1,0,2,48,2216,9028
CACGACTAAAGTTCTG-1,0,3,49,2468,9172
GAGGAGTAATTCCTAC-1,0,2,50,2216,9317
AGAGGTATCTCGGTCC-1,0,3,51,2468,9462
GGCGTACCCTATATAA-1,0,2,52,2216,9607
GCCGGAAACACATCTT-1,0,3,53,2468,9752
AAATGTGGGTGCTCCT-1,0,2,54,2217,9897
ACCAGGAGTGTGATCT-1,0,3,55,2469,10041
TGTGGAGGAAGCTTAA-1,0,2,56,2217,10186
AAGGAGAACTTATAAG-1,0,3,57,2469,10331
CCCTCGGGAGCCTTGT-1,0,2,58,2218,10476
ACTGTTTAGTGTAGGC-1,0,3,59,2470,10620
CGTCAGTTTATCGTCT-1,0,2,60,2218,10765
GCGTGTATGTCGTATT-1,0,3,61,2470,10910
ACAATCGATCTTTATA-1,0,2,62,2218,11055
CAGCCCTCACAGGCAG-1,0,3,63,2471,11199
CGCGTCATATTAAACC-1,0,2,64,2219,11345
GAAGACTTCAATGCCG-1,0,3,65,2471,11489
TTGCGGCGACTCATGC-1,0,2,66,2219,11634
ACCAAACTAGAAATCC-1,0,3,67,2471,11779
TTACTGTTTCTCTACG-1,0,2,68,2220,11924
GACCAGGTCATTCATA-1,0,3,69,2472,12068
TTCTTCCCTTTGATAT-1,0,2,70,2220,12213
ACGCCCAGCTGTCGAT-1,0,3,71,2472,12358
AGTAGCGTGAACGAAC-1,0,2,72,2220,12503
CCTCGACCCACTGCCT-1,0,3,73,2473,12647
AGTTATTGAAAGGTAA-1,0,2,74,2221,12793
TCAGTTACGGAATGAT-1,0,3,75,2473,12937
GAATCTATACTCGGAC-1,0,2,76,2221,13082
TCGGCTAACTTCCCTT-1,0,3,77,2473,13227
ACGTGGTCGAATGTGC-1,0,2,78,2222,13372
ATATCGTGCCAGACCC-1,0,3,79,2474,13516
GTAGCTAGTAAGCGCG-1,0,2,80,2222,13661
ACGCTTAGTGTCTCTC-1,0,3,81,2474,13806
TCCGGCCTGCATCGAT-1,0,2,82,2222,13951
TAGTGGAACTCATACA-1,0,3,83,2475,14095
ATCATCTGCCCAGTGT-1,0,2,84,2223,14241
GTTATTAAATACGACC-1,0,3,85,2475,14385
GCGCTAAGTATGCATG-1,0,2,86,2223,14530
CCTGACGCAACCTTTA-1,0,3,87,2475,14675
CCCAAGAATGCACGGT-1,0,2,88,2224,14820
AACTGGGTTCGAGCCG-1,0,3,89,2476,14964
GGTTCCACCCGCTTCT-1,0,2,90,2224,15109
CATGCACGTGTTACTG-1,0,3,91,2476,15254
AGCGTTCCGATTTAAA-1,0,2,92,2224,15399
CCTACGCGACCTTACA-1,0,3,93,2477,15543
CGAATTACATGGTGTT-1,0,2,94,2225,15689
GAGGTCTTAGTGGGTC-1,0,3,95,2477,15833
GCCGCTAGATACGCAG-1,0,2,96,2225,15978
GTCACCTGTCTATGTC-1,0,3,97,2477,16123
CCGATTGGTCAATGAA-1,0,2,98,2226,16268
CCTGTGCGGATTGTAA-1,0,3,99,2478,16412
TTACGTAGCGCGTGCT-1,0,2,100,2226,16557
GGAGGCGAAGAACCGC-1,0,3,101,2478,16702
GGGTCACGTGCTTATG-1,0,2,102,2226,16847
GCTCCGGACGTTGATA-1,0,3,103,2479,16991
ATGTTTGTAAGATCAT-1,0,2,104,2227,17137
TGACCCAGCATTCCCG-1,0,3,105,2479,17281
TGGTCGTTTGATAGAT-1,0,2,106,2227,17426
TGTAATGCCTTCGGAC-1,0,3,107,2479,17571
TGCTCACACAACAACC-1,0,2,108,2228,17716
TACGATCCAAGCCACT-1,0,3,109,2480,17860
TTGTAACTTCATAGCG-1,0,2,110,2228,18005
AGATTCAAGCGGGTCG-1,0,3,111,2480,18150
CTCAGCAGACTGCCGA-1,0,2,112,2228,18295
GTAACATCAGCTCATC-1,0,3,113,2481,18439
ATGGAACAGAATAAAC-1,0,2,114,2229,18584
GGGCCTATACAACCGG-1,0,3,115,2481,18729
TCAAACAATTAGGACA-1,0,2,116,2229,18874
AAACCACTACACAGAT-1,0,3,117,2481,19019
AAACGACAGTCTTGCC-1,0,2,118,2230,19164
TTGAGGGTCGAACGCG-1,0,3,119,2482,19308
TGTTGATCACTGTTTA-1,0,2,120,2230,19453
AGGGTGTGCTACACGC-1,0,3,121,2482,19598
GTAGTTAGACAATATA-1,0,2,122,2230,19743
AATGGCCGCCAATGCG-1,0,3,123,2483,19887
TCGGCGGTATTAGATT-1,0,2,124,2231,20032
GGGTCACTGAGTAGTG-1,0,3,125,2483,20177
GAATTATGCAACCTAC-1,0,2,126,2231,20322
GATCTTAGTGAACGTG-1,0,3,127,2483,20466
CTAATGCGCCCAACAA-1,0,4,0,2710,2077
GCCACCCATTCCACTT-1,0,5,1,2962,2221
TACTCACAACGTAGTA-1,0,4,2,2710,2367
GTTCGGTGTGGATTTA-1,0,5,3,2962,2511
TCTTTCGGCGGGACAC-1,0,4,4,2711,2656
GGAGACATTCACGGGC-1,0,5,5,2963,2801
GGGATTATCTCACAAC-1,0,4,6,2711,2946
TAGAACGCCAGTAACG-1,0,5,7,2963,3090
ACGAGTCGCCGGCGTT-1,0,4,8,2711,3235
TGATGGGACTAAGTCA-1,0,5,9,2963,3380
TGCGAGAAACGTTACG-1,0,4,10,2712,3525
TCGCCTCGACCTGTTG-1,0,5,11,2964,3669
AACTCGATAAACACGT-1,0,4,12,2712,3815
AGGAAAGCCTCTGATG-1,0,5,13,2964,3959
GAAGGACTAAATTGAA-1,0,4,14,2713,4104
GTATCGGGACGAGCTG-1,0,5,15,2965,4249
CCTGTGCATAGGAGAC-1,0,4,16,2713,4394
CATACGGGTGCATGAT-1,0,5,17,2965,4538
CCACTAAACTGAATCG-1,0,4,18,2713,4683
AAATTGCGGCGGTTCT-1,0,5,19,2966,4828
AGTCCAGCGGGTACGT-1,0,4,20,2714,4973
CATTCAGGTCAGTGCG-1,0,5,21,2966,5117
CTAAAGTCCGAAGCTA-1,0,4,22,2714,5262
AATCAGACTGCAGGAC-1,0,5,23,2966,5407
AGTATCCATAATAACG-1,0,4,24,2715,5552
CTGGCTGCTAACGTAA-1,0,5,25,2967,5697
GTTCCAAGACAGCGAC-1,0,4,26,2715,5842
AAGACTAACCCGTTGT-1,0,5,27,2967,5986
GATTAATCCTGGCTCA-1,0,4,28,2715,6131
CGCGCAAGGAACTACA-1,0,5,29,2968,6276
CAGTAGCGAGGTAGTA-1,0,4,30,2716,6421
ACGGCGGGTTGCCCTG-1,0,5,31,2968,6565
CTAGGCGGCAGAGAAT-1,0,4,32,2716,6710
GTGCGCAGCTTGCTCC-1,0,5,33,2968,6855
TCACTATCGTGCAATC-1,0,4,34,2717,7000
TATGATTCTGCTTGGT-1,0,5,35,2969,7144
TAAGATTTAGCGGGAG-1,0,4,36,2717,7290
TTACGGTGTCACCGAG-1,0,5,37,2969,7434
CTACACTAGCTTGTTC-1,0,4,38,2717,7579
TGAGCAGTCGTGAAGT-1,0,5,39,2970,7724
CGCTGAGGACGTCCAA-1,0,4,40,2718,7869
GTGTATGACTTTAAAG-1,0,5,41,2970,8013
CTAAACGGGTGTAATC-1,0,4,42,2718,8158
TGTACTGTGCCAAAGT-1,0,5,43,2970,8303
GGCCACAAGCGATGGC-1,0,4,44,2719,8448
GTCAATTGTACTGAAG-1,0,5,45,2971,8592
AGGGACAGCACGGCGG-1,0,4,46,2719,8738
AGCTTATAGAGACCTG-1,0,5,47,2971,8882
AACTAGCGTATCGCAC-1,0,4,48,2719,9027
AACTTTAGCTGCTGAG-1,0,5,49,2972,9172
CCCAAGACAGAGTATG-1,0,4,50,2720,9317
GGCATCAACGAGCACG-1,0,5,51,2972,9461
ATGCATTCCGTGATGG-1,0,4,52,2720,9606
TTATAGATGCACATTA-1,0,5,53,2972,9751
GAACCATCTGGGAGAC-1,0,4,54,2721,9896
TGCTATACAAACGGAC-1,0,5,55,2973,10040
ACTTGCCATATTGTAC-1,0,4,56,2721,10186
TATTCCGGCAGTCCTA-1,0,5,57,2973,10330
GACGGACCGCGTTCCT-1,0,4,58,2721,10475
ATGTGTAGTTTAGTCA-1,0,5,59,2974,10620
ATACCAGCAAATTGCT-1,0,4,60,2722,10765
AAGTTTACTAATGGCA-1,0,5,61,2974,10909
CTCTCGATGTGCGCCT-1,0,4,62,2722,11054
GATTGACACTCTGCTC-1,0,5,63,2974,11199
TATCACAGCACGGGCA-1,0,4,64,2723,11344
ACCGTTCCCGCTCTGA-1,0,5,65,2975,11488
CCGCCACCACAATCCA-1,0,4,66,2723,11634
CATTCACTGACAGCTA-1,0,5,67,2975,11778
CGGCTGCAAGATTAAG-1,0,4,68,2723,11923
CATGAACCTCTTATCA-1,0,5,69,2976,12068
TTAATGCGAGGTAACT-1,0,4,70,2724,12213
AATAAGTCCTCGAGAC-1,0,5,71,2976,12357
ACCAGCCCGGTCTTTG-1,0,4,72,2724,12502
CTACGAACTAGGTCGA-1,0,5,73,2976,12647
ACATCTCAACGCGTAA-1,0,4,74,2725,12792
CACTACTCAGTTCTGT-1,0,5,75,2977,12936
CCGACTCGCATAGTCT-1,0,4,76,2725,13082
CATTTATCGTTCAAGA-1,0,5,77,2977,13226
CAAACGTGGTCTTGCG-1,0,4,78,2725,13371
TAGAAACCACTAAGTA-1,0,5,79,2978,13516
ACTGATTTAGTGATTC-1,0,4,80,2726,13661
TCGTATTTCGTCCGGA-1,0,5,81,2978,13805
CGGAAATTTCACATCC-1,0,4,82,2726,13950
ATCCACGCTAAATGTT-1,0,5,83,2978,14095
GTTCAATCTATGTCAA-1,0,4,84,2727,14240
ATAAAGGTCAAGTACG-1,0,5,85,2979,14384
CAACTCCAACGTTTAG-1,0,4,86,2727,14529
TAGGAACAGCCTCCAG-1,0,5,87,2979,14674
ATGGGAACGGAAGCGG-1,0,4,88,2727,14819
CACACGTTTCAATGGG-1,0,5,89,2980,14964
GGTGTTCTGTTTCTAC-1,0,4,90,2728,15109
AGTAACGTTCATCCTG-1,0,5,91,2980,15253
GTATAGTGGCCCATGT-1,0,4,92,2728,15398
TCTACACGTTCATGCA-1,0,5,93,2980,15543
AATCTGGGTAGACCCT-1,0,4,94,2729,15688
TCGGTTAGCCATGTAG-1,0,5,95,2981,15832
TGCCATGGCTTATAAG-1,0,4,96,2729,15977
TAAGTAAATGTGCCGC-1,0,5,97,2981,16122
GTGTCCGATAAGGCAT-1,0,4,98,2730,16267
TGGCACGAGCTCGAGT-1,0,5,99,2982,16411
ACCGGTCTGAGTACGG-1,0,4,100,2730,16557
GAACTTAGCGCCCGGT-1,0,5,101,2982,16701
AGTAGCTAGACGCCGA-1,0,4,102,2730,16846
ATAGGAATCTAAGCTT-1,0,5,103,2982,16991
CTTCCTGCATATTTAC-1,0,4,104,2731,17136
CAATATGTAGATTTAC-1,0,5,105,2983,17280
ACAAGGCCTACCAGCC-1,0,4,106,2731,17425
TTATAGTCCAAGGTGC-1,0,5,107,2983,17570
AAACGCCCGAGATCGG-1,0,4,108,2732,17715
CCTCGTTACGCCTGTT-1,0,5,109,2984,17859
GAACGGTGTAAAGCAG-1,0,4,110,2732,18005
ACGCATAAATGACATG-1,0,5,111,2984,18149
GGTTCGATGCTGAGTT-1,0,4,112,2732,18294
CTTTGGCAGACAGAGT-1,0,5,113,2984,18439
TTCGTGGGCTGGAAGC-1,0,4,114,2733,18584
CAAAGGTTAAATTCAG-1,0,5,115,2985,18728
GTTTGGCGTCAGGCAC-1,0,4,116,2733,18873
GCTTTCTATCTCAACT-1,0,5,117,2985,19018
TGCATCTCCGGATCTT-1,0,4,118,2734,19163
CTGAAACGGCCCTCAG-1,0,5,119,2986,19307
TAGCAGTAAATACGCG-1,0,4,120,2734,19453
CGGGCTACTTAAATTG-1,0,5,121,2986,19597
ATTATGCTCAGTATTG-1,0,4,122,2734,19742
TGATGCTCACGTAGTC-1,0,5,123,2987,19887
GTCTAAGATGCCCAGC-1,0,4,124,2735,20032
AACCCGATAGGGCTTC-1,0,5,125,2987,20176
CGCTATCGTGGCTTTA-1,0,4,126,2735,20321
CGTCTCTCGCCGAGGC-1,0,5,127,2987,20466
AGTGGGAGTATACACG-1,0,6,0,3214,2076
GGTCTTGGTGTTAACT-1,0,7,1,3466,2221
GGCTGGCAGCTTTATG-1,0,6,2,3214,2366
CGCCAATTATTGCGTT-1,0,7,3,3466,2510
GGTAACCGGCAAAGGT-1,0,6,4,3214,2655
TGGGACCATTGGGAGT-1,0,7,5,3467,2800
CTGCAGGTGCTCGGCC-1,0,6,6,3215,2945
CCGGTGCGAGTGATAG-1,0,7,7,3467,3089
GGGTACACTCTGGAGG-1,0,6,8,3215,3235
TAGCCAGAGGGTCCGG-1,0,7,9,3467,3379
CTTGTGAGGACAGCGG-1,0,6,10,3216,3524
GAAGGGCATAACCATG-1,0,7,11,3468,3669
CAACATGGCCTGATAA-1,0,6,12,3216,3814
CAATTTGACCGGGAAG-1,0,7,13,3468,3958
TCTGACTGTAATGGTT-1,0,6,14,3216,4103
TTCATAGCCTTGTAAC-1,0,7,15,3469,4248
TGGAAACGGAGTGAAC-1,0,6,16,3217,4393
ATCGCACGATTGTTCA-1,0,7,17,3469,4537
CGCCACCCGCATTAAC-1,0,6,18,3217,4683
TGGACCACGGCGTTGA-1,0,7,19,3469,4827
GTATATGTTACGGCGG-1,0,6,20,3218,4972
GTATTCTTACCGTGCT-1,0,7,21,3470,5117
TTCAGAGTAACCTGAC-1,0,6,22,3218,5262
GCGGTAACCCAAATGA-1,0,7,23,3470,5406
CTACGTGTTGCCACCA-1,0,6,24,3218,5551
CTAGATAAACTCCTCG-1,0,7,25,3471,5696
TCCATTAGTTGGATAG-1,0,6,26,3219,5841
CTGGCTCCTGCGGGAT-1,0,7,27,3471,5985
CAGTCTCTCGGCTAAT-1,0,6,28,3219,6131
GTATGACGTGGGAAAC-1,0,7,29,3471,6275
AGTCACTCCGCCTCAT-1,0,6,30,3220,6420
GCAGCGGTGGGCATTA-1,0,7,31,3472,6565
TATGGAGTTTCTCGTT-1,0,6,32,3220,6710
ACTCAACGAATGTATT-1,0,7,33,3472,6854
AACACGCGGCCGCGAA-1,0,6,34,3220,6999
CGATATTAGCCGCAGG-1,0,7,35,3473,7144
AGCGTCTGAACCCGCA-1,0,6,36,3221,7289
GATGTCCGGATCACAT-1,0,7,37,3473,7433
GGTCACGTTAGATTCA-1,0,6,38,3221,7579
TTAAGGATACGGAGGT-1,0,7,39,3473,7723
GTGCGGGACCATCGGC-1,0,6,40,3222,7868
CCATCTTGTTCACAAT-1,0,7,41,3474,8013
TCCGAGAAGGCTAAGC-1,0,6,42,3222,8158
TGGCGGTGTGCGATTG-1,0,7,43,3474,8302
ATCCTGCTGCAGATAG-1,0,6,44,3223,8447
TTATGCGTCCCGGTCC-1,0,7,45,3475,8592
CATAATGAGCGGGCGA-1,0,6,46,3223,8737
AGACATAGATCCTTCC-1,0,7,47,3475,8881
GGTGAAACCGGGAATG-1,0,6,48,3223,9026
AACTGGTGTGGGCCTT-1,0,7,49,3475,9171
GTAGCGCTGTTGTAGT-1,0,6,50,3224,9316
TTGTTTGTGTAAATTC-1,0,7,51,3476,9461
GGATCAAAGGACGAGG-1,0,6,52,3224,9606
CGTAGCGCCGACGTTG-1,0,7,53,3476,9750
CAAGTGAACTTTGGTT-1,0,6,54,3225,9895
GTAGACAACCGATGAA-1,0,7,55,3477,10040
CAATGGTCGGCCTGGG-1,0,6,56,3225,10185
ACAGATTAGGTTAGTG-1,0,7,57,3477,10329
GTTATCACCTTCTGAA-1,0,6,58,3225,10474
TGGTATCGGTCTGTAT-1,0,7,59,3477,10619
GGAATAACCTCAAGAA-1,0,6,60,3226,10764
ATTATCTCGACAGATC-1,0,7,61,3478,10908
CCGAGGGATGTTAGGC-1,0,6,62,3226,11054
TGAGATCAAATACTCA-1,0,7,63,3478,11198
AAACGAAGAACATACC-1,0,6,64,3227,11343
CTGGTCCTAACTTGGC-1,0,7,65,3479,11488
TGCACGAGTCGGCAGC-1,0,6,66,3227,11633
ATAGTCTTTGACGTGC-1,0,7,67,3479,11777
TGGAGCTAAAGTTCCC-1,0,6,68,3227,11922
GGGTGGTCCAGCCTGT-1,0,7,69,3480,12067
CATGCATGGAGACCCT-1,0,6,70,3228,12212
ACACGGCACTATGCAT-1,0,7,71,3480,12356
CCCTGGTATGGGCGGC-1,0,6,72,3228,12502
GGAGGATTGAAAGGAG-1,0,7,73,3480,12646
CCGCTGGTGCCATTCA-1,0,6,74,3229,12791
GTTAGAGTGTGCCGCT-1,0,7,75,3481,12936
TCGGAATGACCATCAA-1,0,6,76,3229,13081
TTCAATTAGCCATAAT-1,0,7,77,3481,13225
GATGTGTTGTCACAAG-1,0,6,78,3229,13370
TCTTTCTCTTAAGGAG-1,0,7,79,3482,13515
ACCCTTTAGTTCTCCA-1,0,6,80,3230,13660
ACCACAACTCAGAACA-1,0,7,81,3482,13804
TATGATAAATCTAACG-1,0,6,82,3230,13950
GATCCTCTTGCGCTTA-1,0,7,83,3482,14094
TTCTACCTTTATGTTG-1,0,6,84,3231,14239
GAAATACCTGCTGGCT-1,0,7,85,3483,14384
ATTCTGAGTATGAACT-1,0,6,86,3231,14529
GGATTAAGCTAAGGTC-1,0,7,87,3483,14673
AGTACGTGGCCTGTCT-1,0,6,88,3231,14818
TCAGGGTGCACGAAAC-1,0,7,89,3484,14963
AAATTTACCGAAATCC-1,0,6,90,3232,15108
TTGAGGCATTTAACTC-1,0,7,91,3484,15252
AACCAGTATCACTCTT-1,0,6,92,3232,15398
CACCGGAGATATCTCC-1,0,7,93,3484,15542
GACTGGGCGCCGCAAC-1,0,6,94,3233,15687
CACGTCTATGATGTGG-1,0,7,95,3485,15832
TTAAGACGAACGAACC-1,0,6,96,3233,15977
TGACCAGCTTCAAAGT-1,0,7,97,3485,16121
AGAGTTAGAGACCGAT-1,0,6,98,3233,16266
TTCGGACTGATGCCTT-1,0,7,99,3486,16411
CTCGAATGGAACGTAT-1,0,6,100,3234,16556
GGACGGCTTGCGCAAC-1,0,7,101,3486,16700
CTAAGTACAGGGCTAC-1,0,6,102,3234,16846
ACAAATTCAGATCTGA-1,0,7,103,3486,16990
CATGGAAATGGGACCA-1,0,6,104,3235,17135
GGTGGACCACGTGTTA-1,0,7,105,3487,17280
CACGACGTAATAGTAA-1,0,6,106,3235,17425
CGGGTTCGGCACGTAT-1,0,7,107,3487,17569
CTGGGCTATCCTTTGG-1,0,6,108,3235,17714
GTATTAGGGTTCGCGT-1,0,7,109,3488,17859
TCATTCGTATAATTTG-1,0,6,110,3236,18004
AATAGCAAGCCTCCTG-1,0,7,111,3488,18148
CATCTACCCGAGAACG-1,0,6,112,3236,18293
GCTTCAGTGGGATTAC-1,0,7,113,3488,18438
TCTGTGATGGAGGTTG-1,0,6,114,3237,18583
ATCCACTTTCAGACTA-1,0,7,115,3489,18728
ATGGTTACGAAACATG-1,0,6,116,3237,18873
GGCCCAATCTAGAGGG-1,0,7,117,3489,19017
GATGGTGAAATAACCC-1,0,6,118,3237,19162
AGAGGGACAATTGTCC-1,0,7,119,3490,19307
CGCGTACATTCTGGAA-1,0,6,120,3238,19452
CAAGAAACCCTAAACT-1,0,7,121,3490,19596
TTGGTGCGGTGTTGAA-1,0,6,122,3238,19741
GGTTCCCTAGTGTCTC-1,0,7,123,3490,19886
CGATAACCAATTTGAG-1,0,6,124,3239,20031
GCCCACTGGTCCACAA-1,0,7,125,3491,20175
GAGGGCCGGCAGAGTC-1,0,6,126,3239,20321
CGACACGGATGCCCAC-1,0,7,127,3491,20465
CTGTCTGTGGCTGGCT-1,0,8,0,3718,2076
ATATTATCCCGTATTT-1,0,9,1,3970,2220
GCGCTGGCGGAAAGTC-1,0,8,2,3718,2365
ATCTAACGTCCCTATG-1,0,9,3,3970,2510
GTCAGACAGCGTTGGA-1,0,8,4,3718,2655
GCCAGGCTTAGTGGTA-1,0,9,5,3970,2799
ATTCAAAGTACCTGTT-1,0,8,6,3719,2944
TGGACGTAGGCGAATC-1,0,9,7,3971,3089
ACACATTGACGCAACA-1,0,8,8,3719,3234
GATATCAGTATGTATC-1,0,9,9,3971,3378
TGGGCCTTGCCTGCAT-1,0,8,10,3720,3524
CAAAGTCAGGTTAGCT-1,0,9,11,3972,3668
GGATCCCTACCAGCTA-1,0,8,12,3720,3813
ATCGTCCAATCGAGTC-1,0,9,13,3972,3958
ACATGGCTCAATTTAG-1,0,8,14,3720,4103
AGGCCCAGTGACTGGT-1,0,9,15,3972,4247
GCTTCCAGCTTAGATT-1,0,8,16,3721,4392
TGCTTGAAACCATGCA-1,0,9,17,3973,4537
CAATATTGGACTAGTG-1,0,8,18,3721,4682
CGTGCTGGCCTAGTCG-1,0,9,19,3973,4826
CCTGCGATAGAACTGT-1,0,8,20,3722,4971
GGGTAATGCTGTGTTT-1,0,9,21,3974,5116
AACGCGAACGGCAACA-1,0,8,22,3722,5261
TGTCGGCATGGTGGAA-1,0,9,23,3974,5406
AGCGTACGAGAGCTAG-1,0,8,24,3722,5551
ATACTCTCGCCACTCT-1,0,9,25,3975,5695
AATCCATGCAAGGGTG-1,0,8,26,3723,5840
TTAAACAGAGTCCCGC-1,0,9,27,3975,5985
CCACAGCTGAAATCAT-1,0,8,28,3723,6130
CGGTTCCGGCTTCTTG-1,0,9,29,3975,6274
GACGTGAGACTCCATG-1,0,8,30,3724,6419
TCGTTGGCTCGTCAAT-1,0,9,31,3976,6564
GGTGAACGGGCTAGCC-1,0,8,32,3724,6709
GCACTGTGCAAATGTA-1,0,9,33,3976,6853
ACGAGAACCCATCACG-1,0,8,34,3724,6999
CCAGCTACGCCTCATA-1,0,9,35,3977,7143
TCCCGGTCAGGAATTT-1,0,8,36,3725,7288
TCGCATTCAATGACTT-1,0,9,37,3977,7433
CTGGTTCAACGCATCA-1,0,8,38,3725,7578
GGTGATTTCATCTTGT-1,0,9,39,3977,7722
CACCCTTTCCTCGCTC-1,0,8,40,3726,7867
CAACTTGTAGTGGGCA-1,0,9,41,3978,8012
AATATCAAGGTCGGAT-1,0,8,42,3726,8157
ACTCAGACCTGCTTCT-1,0,9,43,3978,8301
TTGGAGTCTCCCTTCT-1,0,8,44,3726,8447
GGATACTCATGAATTG-1,0,9,45,3979,8591
TGGGCACAAACAGAAC-1,0,8,46,3727,8736
GAGCCACGGTAGTAGG-1,0,9,47,3979,8881
TCGATAGGCTAGTCGC-1,0,8,48,3727,9026
TAACCGCCCGCAGTGC-1,0,9,49,3979,9170
GCCTATTTGCTACACA-1,0,8,50,3728,9315
TTGACGATTCAGCACG-1,0,9,51,3980,9460
TTAAACCGGTAGCGAC-1,0,8,52,3728,9605
ACCGAAAGGGCCCTGC-1,0,9,53,3980,9749
ACGTTCCGCGCTCCGT-1,0,8,54,3728,9895
ATACCAGGCTAATAGA-1,0,9,55,3981,10039
CGGCTTTGTATGATAA-1,0,8,56,3729,10184
CTTGACCCGAAAGATA-1,0,9,57,3981,10329
CGCAGAAACATTTGCG-1,0,8,58,3729,10474
GACCCGTCGCCGGCTA-1,0,9,59,3981,10618
AATCGGGACACTACGA-1,0,8,60,3730,10763
GTCACAAAGTTTCCAA-1,0,9,61,3982,10908
TATATTCGCGTCGATA-1,0,8,62,3730,11053
CCTCCCGACAATCCCT-1,0,9,63,3982,11197
CGACATGCGATCTTCT-1,0,8,64,3730,11343
AACACGACTGTACTGA-1,0,9,65,3983,11487
CCCAACCACACTAACA-1,0,8,66,3731,11632
CACCGCCGACCAGCGA-1,0,9,67,3983,11777
TGGTATCGCATCCCAA-1,0,8,68,3731,11922
CAGAGTGATTTAACGT-1,0,9,69,3983,12066
AACCCTGGTGGAACCA-1,0,8,70,3732,12211
GTCAGTTGTGCTCGTT-1,0,9,71,3984,12356
ATTGACGTAACTCGGT-1,0,8,72,3732,12501
GATGTCGGTCAACTGC-1,0,9,73,3984,12645
AGGGCAGCGGCGTGGT-1,0,8,74,3732,12791
ACATCGTTAACCTAGT-1,0,9,75,3985,12935
TCCATTGTGACCTCGT-1,0,8,76,3733,13080
TGTTTAATACTTCATC-1,0,9,77,3985,13225
TTGCTGGCCGGGCTTC-1,0,8,78,3733,13370
CATATTATTTGCCCTA-1,0,9,79,3985,13514
CTGCCTAGCCACCAAG-1,0,8,80,3734,13659
ACGAGATATTTGCTTA-1,0,9,81,3986,13804
GACTACAATTGCTCGT-1,0,8,82,3734,13949
AACGTGATGAAGGACA-1,0,9,83,3986,14093
ACTCTCTTATACACGA-1,0,8,84,3734,14238
CGCATCATGGCTTCAG-1,0,9,85,3987,14383
CGGCTCTTCGTCGAAC-1,0,8,86,3735,14528
ATTCTTCGTACTTATG-1,0,9,87,3987,14673
AGTGAGGGTTTCTGAC-1,0,8,88,3735,14818
GCCAGGCGTTCGCATG-1,0,9,89,3987,14962
GACTAACACAGCACCT-1,0,8,90,3736,15107
CAATGGAATCTACATA-1,0,9,91,3988,15252
GTGGTCAGCGAAGTAT-1,0,8,92,3736,15397
ATGGCTGGAAATGGCC-1,0,9,93,3988,15541
ATCAGGTCGCCATTGC-1,0,8,94,3736,15686
TATCACCATGTAAAGT-1,0,9,95,3989,15831
AGCGCTTATGGGCAAG-1,0,8,96,3737,15976
AAGCGGCGTCATGGGT-1,0,9,97,3989,16120
ACTAATACGTCAGGCG-1,0,8,98,3737,16266
GGCTGAGCATCGTAAG-1,0,9,99,3989,16410
CGGTTGGGTTCAAGTT-1,0,8,100,3738,16555
GACTGATTGGTCACAA-1,0,9,101,3990,16700
AGACGGGCCGATTTAA-1,0,8,102,3738,16845
ACCAGTGCCCGGTCAA-1,0,9,103,3990,16989
GTCCTTTAATGACTTC-1,0,8,104,3739,17134
CCTACAAGTCCGGAAT-1,0,9,105,3991,17279
GCCTGCTACACTGAGA-1,0,8,106,3739,17424
GACTCGGTCGGCGGAT-1,0,9,107,3991,17568
CTAGACATATATGTAG-1,0,8,108,3739,17714
TCGCCCAACTGACTCC-1,0,9,109,3991,17858
AAACTAACGTGGCGAC-1,0,8,110,3740,18003
AACTGAGGTCAGCGTC-1,0,9,111,3992,18148
ACAATGATTCTTCTAC-1,0,8,112,3740,18293
ATAAGTACCCGATTGT-1,0,9,113,3992,18437
ATTGGGAGTTCTGTAA-1,0,8,114,3741,18582
CGAACATAGTCAGAAA-1,0,9,115,3993,18727
TAGCTCAGATCCTAGT-1,0,8,116,3741,18872
GTGTCGTATTCACCTT-1,0,9,117,3993,19016
CTCACCGATCCAAACT-1,0,8,118,3741,19162
ATATGTGCACAAACCA-1,1,9,119,3993,19306
CAGTCCAACGCCTTCT-1,0,8,120,3742,19451
TCGTCCGGGTACACTC-1,0,9,121,3994,19596
GCAGAAACGTAATCCA-1,0,8,122,3742,19741
TTCGAGCCGGCGCTAC-1,0,9,123,3994,19885
GGAAGATAAGACTGTA-1,0,8,124,3743,20030
ATAAGCAAACACCGAG-1,0,9,125,3995,20175
GCATAAATTGAACGCC-1,0,8,126,3743,20320
CGCCGGTGTCGCAGTA-1,0,9,127,3995,20464
GACCTGGTCTGGGCGT-1,0,10,0,4221,2075
AGCCGCTTGATTAGCG-1,0,11,1,4474,2219
CCCGGCTAGGTGAGAA-1,0,10,2,4222,2364
CGAGCCGAGCACTCGA-1,0,11,3,4474,2509
TAGTGCTTGAATCCTT-1,0,10,4,4222,2654
CAACCGCACCTAGACA-1,0,11,5,4474,2798
ACCACTGTTCAAGAAG-1,0,10,6,4223,2944
AGATGCTATAACGAGC-1,0,11,7,4475,3088
AATTACTCGTACGCTC-1,0,10,8,4223,3233
CGTCAATCTTTAACAT-1,0,11,9,4475,3378
CCAAAGCAGTTGGTTG-1,0,10,10,4223,3523
CCATATTGGATCATGA-1,0,11,11,4476,3667
CGTACCGAAAGTCTAG-1,0,10,12,4224,3812
CTCGAGATCCAAAGCA-1,0,11,13,4476,3957
TGGATAGAGTAACAGA-1,0,10,14,4224,4102
TCACAGATCCTCAAAC-1,0,11,15,4476,4246
AGAGCTACGAAAGCAT-1,0,10,16,4225,4392
TGCGTGATTGGGTGTC-1,0,11,17,4477,4536
CACATGTTTGGACATG-1,0,10,18,4225,4681
TTCGCATCCGGAAGCA-1,0,11,19,4477,4826
CCCTAGTGTCAGGTGT-1,0,10,20,4225,4971
TTACCGCCTTAGGGAA-1,0,11,21,4478,5115
CCAGTCCATTATTCGA-1,0,10,22,4226,5260
CGTAAACGCTTGAGTG-1,0,11,23,4478,5405
ATTCCTTCCAGGCGGT-1,0,10,24,4226,5550
TTCCTTTCTGTGTTGC-1,0,11,25,4478,5694
AGTTGACATCGGCTGG-1,0,10,26,4227,5840
AACTCGATGGCGCAGT-1,0,11,27,4479,5984
GATAAGGCAGATGCAA-1,0,10,28,4227,6129
GGCTGGCTAGCTTAAA-1,0,11,29,4479,6274
CCTCATGCAGCTACGA-1,0,10,30,4227,6419
GACGCCTGTTGCAGGG-1,0,11,31,4480,6563
TAATTAGATGGATATG-1,0,10,32,4228,6708
GAGGGCATCGCGTATC-1,0,11,33,4480,6853
CTTGTGAGTCTTTGAC-1,0,10,34,4228,6998
TCAACACATTGGGTAA-1,0,11,35,4480,7142
ACTGTATACGCGAGCA-1,0,10,36,4229,7288
GTGAAACGTGCTCCAC-1,0,11,37,4481,7432
CGAGTGCTATAGTTCG-1,0,10,38,4229,7577
GTACTGCATGAAGCGT-1,0,11,39,4481,7722
GTAACTTGCGGCAGTC-1,0,10,40,4229,7867
GAATCGCCGGACACGG-1,0,11,41,4482,8011
GGGAGTAATGGCTGGC-1,0,10,42,4230,8156
CATGAACCGACATTTG-1,0,11,43,4482,8301
TCTGTCATACAAGAGC-1,0,10,44,4230,8446
GTCGTCAATTATAAGG-1,0,11,45,4482,8590
TAAAGAGCCCGAAACC-1,0,10,46,4231,8735
GTACTGAGGTCGTAAC-1,0,11,47,4483,8880
AAAGACCCAAGTCGCG-1,0,10,48,4231,9025
CGTCAGTGCGCACAAG-1,0,11,49,4483,9170
TGTATCCTTATTCCAT-1,0,10,50,4232,9315
ATTCTCGTCTCTTTAG-1,0,11,51,4484,9459
AAAGTCACTGATGTAA-1,0,10,52,4232,9604
TGTCTACAGTTTCTGT-1,0,11,53,4484,9749
TTAACGTCGCAAGACC-1,0,10,54,4232,9894
CTATGTCTATTGAAAC-1,0,11,55,4484,10038
TCGGGTGAAACTGCTA-1,0,10,56,4233,10183
TGTCCCGACATAGCAC-1,0,11,57,4485,10328
ACAGCATAGAGCCAGT-1,0,10,58,4233,10473
ATATTCCCACAGGTCA-1,0,11,59,4485,10618
TTGGATCGACTTCTGG-1,0,10,60,4234,10763
CACCATCGGAGGAGAC-1,0,11,61,4486,10907
TCGTTCGTTATTATGT-1,0,10,62,4234,11052
CTTAACTTCGAAGTAC-1,0,11,63,4486,11197
GCACAAGTGTCGGAAG-1,0,10,64,4234,11342
TACCAGCTAGGTTTAA-1,0,11,65,4486,11486
ACGTACAGATTTCTCT-1,0,10,66,4235,11631
AATTTGGTTCCAAAGA-1,0,11,67,4487,11776
GTAAGGATTTGTCGGA-1,0,10,68,4235,11921
CATCATCTACCCGGAC-1,0,11,69,4487,12065
ACGATGGATCCGATGC-1,0,10,70,4236,12211
CACTCAGCTCTTGAGG-1,0,11,71,4488,12355
TAGATCCGAAGTCGCA-1,0,10,72,4236,12500
TGAAACTTATGCAAGC-1,0,11,73,4488,12645
GCGATTCTGGAAGCAG-1,0,10,74,4236,12790
CAAACTATTGAGCTTC-1,0,11,75,4488,12934
TAGAATTAAGGGCAAC-1,0,10,76,4237,13079
CGAAACATAGATGGCA-1,0,11,77,4489,13224
GATGGTGCCCTAGGCA-1,0,10,78,4237,13369
CCCGCAGGGCCCAAAG-1,0,11,79,4489,13513
ACAGCGCACCCGCAGC-1,0,10,80,4238,13659
GGTAAATGTGCGTTAC-1,0,11,81,4490,13803
GTCCTTCTAGTGGGTT-1,0,10,82,4238,13948
GGAAGCTCGCTTACAG-1,0,11,83,4490,14093
CACCGATACACCGAGC-1,0,10,84,4238,14238
CAGCCGGGCCCTCTAT-1,0,11,85,4491,14382
CGGAGCTTATAACACC-1,0,10,86,4239,14527
ATTACAACTACCGGCC-1,0,11,87,4491,14672
TCCTCTGGCCCATTAG-1,0,10,88,4239,14817
CGGCACCGTTAGCGCC-1,0,11,89,4491,14961
TCGGTCCCTGACTCCA-1,0,10,90,4240,15107
TGGTTGGAGGATCCTG-1,0,11,91,4492,15251
CTGCGGTAGTCACGTG-1,0,10,92,4240,15396
GTGCCTCAGTGTACGG-1,0,11,93,4492,15541
ATCGTTCACTTTCGCC-1,0,10,94,4240,15686
ACTTACCGGGCGCGCA-1,0,11,95,4493,15830
CTAGACTGCATTTCGT-1,0,10,96,4241,15975
TTGCCGGTGATCCCTC-1,0,11,97,4493,16120
CTGTCACGCCAGGCGC-1,0,10,98,4241,16265
CGGTATAGGTATTAGC-1,0,11,99,4493,16409
CCAACGCTTGCCAGGG-1,0,10,100,4242,16555
CGTTGAGTAATTGCGT-1,0,11,101,4494,16699
TGTATTTACCTAATGC-1,0,10,102,4242,16844
TAAATGCCGTCTCATG-1,0,11,103,4494,16989
CGGTTTATGAAGGAAC-1,0,10,104,4242,17134
GCAAGATGTGTTCGCG-1,0,11,105,4495,17278
AAAGGTAAGCTGTACC-1,0,10,106,4243,17423
GTACGTCACGTATTAA-1,0,11,107,4495,17568
AGTACCTTCGAGTGCT-1,0,10,108,4243,17713
ATTGTGACTTCGCTGC-1,0,11,109,4495,17857
TGTATCAGACTGAAGC-1,0,10,110,4244,18002
GAGACCCTGCAACGCC-1,0,11,111,4496,18147
TGGGTGGGATGTCATT-1,0,10,112,4244,18292
GGCTAATGATTGAAAT-1,0,11,113,4496,18437
ATAACGTTACCTCCAC-1,0,10,114,4244,18582
TGCGAGATGGCGGCCA-1,0,11,115,4497,18726
CACACTTGTATTGCGA-1,0,10,116,4245,18871
GCTGGTGACTCGTAGT-1,0,11,117,4497,19016
CGACACCGCTTAAGGA-1,0,10,118,4245,19161
GTAACAACTGACCTTG-1,0,11,119,4497,19305
CAACTGAGGGTATGAC-1,0,10,120,4246,19450
CTAATTATGAAGCGTA-1,0,11,121,4498,19595
CCGATCTTAAGAGGCT-1,0,10,122,4246,19740
CGACTCGGTACACGGT-1,1,11,123,4498,19884
TGCTGCGTCAGAGTTA-1,0,10,124,4246,20030
AGAGTTGCAGGCCTCC-1,0,11,125,4499,20174
ACTGGCGAACCTGCGT-1,0,10,126,4247,20319
ACTAAGGACGCACACC-1,0,11,127,4499,20464
CGTCCAGATGGCTCCA-1,0,12,0,4725,2074
ACTATCGCCGGCTAAA-1,0,13,1,4977,2219
GATAGCGTACCACGCG-1,0,12,2,4726,2364
AGGACTTATAGGAGAA-1,0,13,3,4978,2508
TAGTCGGGATTCTTCG-1,0,12,4,4726,2653
ACCATTAAGGGTGTCA-1,0,13,5,4978,2798
TTAATGTGTTTGCAGG-1,0,12,6,4727,2943
TCCGCAGCCACCTAGC-1,0,13,7,4979,3087
GAGGAGATCCTCATGC-1,0,12,8,4727,3233
GGTCCTTCATACGACT-1,0,13,9,4979,3377
CCCTGTTGGCAAAGAC-1,0,12,10,4727,3522
GTGCCTAGCTATGCTT-1,0,13,11,4979,3667
GTCATCTCCTACAGCT-1,0,12,12,4728,3812
GCGAGAAACGGGAGTT-1,0,13,13,4980,3956
CGTCGCGGCGGGATTT-1,0,12,14,4728,4101
CATTGTGTGCTAGATC-1,0,13,15,4980,4246
CGCGGCAGTATTACGG-1,0,12,16,4729,4391
GAAATGGGATGTAAAC-1,0,13,17,4981,4535
CATTCCCTAAGTACAA-1,0,12,18,4729,4680
AGTTCTGCGTTGTATC-1,0,13,19,4981,4825
ACCCTATAGGACTGAG-1,0,12,20,4729,4970
TTAGATAGGTCGATAC-1,0,13,21,4981,5115
ATTGATAGCAACGAGA-1,0,12,22,4730,5260
TCTCGGCTCCAGGACT-1,0,13,23,4982,5404
CTTGAGGTTATCCCGA-1,0,12,24,4730,5549
AAGAAGGATCAGTTAG-1,0,13,25,4982,5694
GTACGACGGCGCTGCG-1,0,12,26,4731,5839
CTTATGTTGACTACCA-1,0,13,27,4983,5983
CGGCACTCAAGAAAGT-1,0,12,28,4731,6128
GTCAAAGTTTACATAG-1,0,13,29,4983,6273
CTCCTAAGTTATGTCT-1,0,12,30,4731,6418
ACTGTGCTAGTAGATC-1,0,13,31,4984,6562
GTTTGGCCGCTCAGCG-1,0,12,32,4732,6708
TTATCCAATCGAACTC-1,0,13,33,4984,6852
CCGTACCCAAGCGCCA-1,0,12,34,4732,6997
CATACAAAGCCGAACC-1,0,13,35,4984,7142
GGTCGGTAATTAGACA-1,0,12,36,4733,7287
AGCGGGAAGGGTCCAT-1,0,13,37,4985,7431
GCCCACCAAGGCTGTC-1,0,12,38,4733,7576
GTAGACGTCGTTACAT-1,0,13,39,4985,7721
GAGCATCATCCCTGGG-1,0,12,40,4733,7866
AGGTAACCTCCTATTC-1,0,13,41,4986,8010
GGTTTGAGTGCTGGAA-1,0,12,42,4734,8156
GCACTAGTCGCGCTAT-1,0,13,43,4986,8300
GGTAACTATGTATCTG-1,0,12,44,4734,8445
GCGGTCCCTAGACGCA-1,0,13,45,4986,8590
CGAGCGTTGATCAGCC-1,0,12,46,4735,8735
AATCCAAGGGCCTGAG-1,0,13,47,4987,8879
CCGTGCCCATGACGGC-1,0,12,48,4735,9024
GAAATTCACATCGCTG-1,0,13,49,4987,9169
CTCTGCGAAGCAAGCA-1,0,12,50,4735,9314
AGTAGGTAACATACAT-1,0,13,51,4988,9458
ATTGGGAATATCTTGG-1,0,12,52,4736,9604
TAGAGCTACGAAGAAC-1,0,13,53,4988,9748
TGCGGCATAGTTCAAC-1,0,12,54,4736,9893
CCGCCGGTCAACACAC-1,0,13,55,4988,10038
TCGTATAGTGCAATTA-1,0,12,56,4737,10183
TAGTTTATTCTTGCTT-1,0,13,57,4989,10327
GATATCTCATGCAATA-1,0,12,58,4737,10472
CGTTTAAGCGGAGCAC-1,0,13,59,4989,10617
CATGCTGGCTCCAATT-1,0,12,60,4737,10762
GAAACAGCCATGCAGT-1,0,13,61,4990,10906
AGTTTCGCAGGTCGGA-1,0,12,62,4738,11052
CTCATGGCTCACAATC-1,0,13,63,4990,11196
AACCGTTGTGTTTGCT-1,0,12,64,4738,11341
ACCCTTCATCTGCGAA-1,0,13,65,4990,11486
TGCGGTGAAATTTCAT-1,0,12,66,4739,11631
CAAATTGTCAGCAAGC-1,0,13,67,4991,11775
GAGGTACATCCATCTT-1,0,12,68,4739,11920
AAATGGCATGTCTTGT-1,0,13,69,4991,12065
TCATCCCAGAGGGTGG-1,0,12,70,4739,12210
CGTAGCGAATTGTCAG-1,0,13,71,4992,12354
CCTAGTTAGTCGCATG-1,0,12,72,4740,12500
GAAACTCTAATGAAGG-1,0,13,73,4992,12644
TTGTATCACACAGAAT-1,0,12,74,4740,12789
TTCAAGCCGAGCTGAG-1,0,13,75,4992,12934
AGGTACGATATTGCCA-1,0,12,76,4741,13079
TTAAGCCGACAACTTC-1,0,13,77,4993,13223
GTCTTAGTACAGCCGG-1,0,12,78,4741,13368
TGGGTAAGGTTCCCGC-1,0,13,79,4993,13513
CTACGCCATTTCCGAT-1,0,12,80,4741,13658
GACCGTCAGGTCGTGA-1,0,13,81,4994,13802
TAGTTAAGATAGGATA-1,0,12,82,4742,13947
GAATATTCGGAGTCCC-1,0,13,83,4994,14092
CAAACTACGATAGAGA-1,0,12,84,4742,14237
CAGGAAGACTTTATAT-1,0,13,85,4994,14382
TTCGTAATCCCAGCGG-1,0,12,86,4743,14527
GTGAGGAGCGGTTGAG-1,0,13,87,4995,14671
CAATCCCTATACCAGC-1,0,12,88,4743,14816
AGGGAAACGAGGTACT-1,0,13,89,4995,14961
TCCTGCCAACTGGAGA-1,0,12,90,4743,15106
AATTTGGGACATAGTA-1,0,13,91,4996,15250
AACTCCTAATCCCATG-1,0,12,92,4744,15395
GCTCATTACTGCATGT-1,0,13,93,4996,15540
TCTCGAACGAGGTCAC-1,0,12,94,4744,15685
TCACTACGACCAATGC-1,0,13,95,4996,15829
GTGATGCACAACATCT-1,0,12,96,4745,15975
CCGACGTAAACACAAC-1,0,13,97,4997,16119
TGGGATGCACTCATTC-1,0,12,98,4745,16264
TTCCATCATGCGGTGA-1,0,13,99,4997,16409
TGCACAGTGAAGTTAT-1,0,12,100,4745,16554
CTATTGTGTTTGGTCA-1,0,13,101,4998,16698
TGCGAGCCCTTCCGCG-1,0,12,102,4746,16843
TTGAAAGGTGTAAAGG-1,0,13,103,4998,16988
GGTGCAGAGCCTATCG-1,0,12,104,4746,17133
ACTATATGCTGTGTTC-1,0,13,105,4998,17277
TCCTGGCGCTGCCTGG-1,0,12,106,4747,17423
GAGCCGAGCGTTTATT-1,0,13,107,4999,17567
AGAATGCGGGTTCGGA-1,0,12,108,4747,17712
ATGCGACAATTGGTCC-1,0,13,109,4999,17857
TTCCGGCTCGACTTCT-1,0,12,110,4748,18002
TGATTATGGCACGCAG-1,0,13,111,5000,18146
GGTTTGACAAGAAGCT-1,0,12,112,4748,18291
GCAGCTATGGACAGGT-1,0,13,113,5000,18436
CACCATGATCGCAAAG-1,0,12,114,4748,18581
GTCGGAAGGATACCAG-1,0,13,115,5000,18725
GGCCCAGTTATCAGCA-1,0,12,116,4749,18871
GGGCCTATTTAAGTAT-1,0,13,117,5001,19015
GTTGTTACATTGCGCT-1,0,12,118,4749,19160
CAACTCCGTAACTTGC-1,0,13,119,5001,19305
GATCTTTGCTCAAAGA-1,0,12,120,4750,19450
TCGCTTAATTACGAAG-1,0,13,121,5002,19594
CGATCATTAGAGGCAC-1,0,12,122,4750,19739
TGTTCTCTACTCCCTA-1,0,13,123,5002,19884
GCTTAGGGAAGCGGTA-1,0,12,124,4750,20029
CAGGTTTAGTACTACA-1,0,13,125,5002,20173
AAGCGGAGTGCGCGCA-1,0,12,126,4751,20319
TCAGATGGAGACGTAG-1,0,13,127,5003,20463
TCGCACTAACGTTTGT-1,0,14,0,5229,2073
CACGTCGGGTTCTAGA-1,0,15,1,5481,2218
GGAGTACACATGAGCT-1,0,14,2,5230,2363
GTGTGTCGACGTCGCT-1,0,15,3,5482,2507
GAAGCTCTTTGCTTAG-1,0,14,4,5230,2653
ACACCGAGCGCTCTTT-1,0,15,5,5482,2797
CGTAATAATTACGAGT-1,0,14,6,5230,2942
CATCAACACCTACTAA-1,0,15,7,5483,3087
CCAAGTTTCTACAGAT-1,0,14,8,5231,3232
ACGGGTCATGTGACTT-1,0,15,9,5483,3376
AGTGTGCTAAGATCGC-1,0,14,10,5231,3521
GGCGGTTTGCCGGTGC-1,0,15,11,5483,3666
GTATAATCTCCCGGAT-1,0,14,12,5232,3811
TAGTCCGTATGCATAA-1,0,15,13,5484,3955
CACTTCGTCTTATCTC-1,0,14,14,5232,4101
CATCCGCAGGCCCGAA-1,0,15,15,5484,4245
CCCTGATGTAACTCGT-1,0,14,16,5232,4390
CCATAGTCAGTAACCC-1,0,15,17,5485,4535
CGGGCCATAGCCGCAC-1,0,14,18,5233,4680
CTCCGGCTTGTAGACA-1,0,15,19,5485,4824
AACTTGCGTTCTCGCG-1,0,14,20,5233,4969
AATGAGTTCGCATATG-1,0,15,21,5485,5114
CGAGGCCAGGCATTGG-1,0,14,22,5234,5259
TCTGCGTCCGGTTTCT-1,0,15,23,5486,5403
CAATCCTGCCGTGGAG-1,0,14,24,5234,5549
CTGAGCAAGTAACAAG-1,0,15,25,5486,5693
GGGTACCCACGGTCCT-1,0,14,26,5234,5838
ACGGAATTTAGCAAAT-1,0,15,27,5487,5983
GGGCGGTCCTATTGTC-1,0,14,28,5235,6128
ATGTTACGAGCAATAC-1,0,15,29,5487,6272
AACCATGGGATCGCTA-1,0,14,30,5235,6417
TCGCATCCCTAAGTGT-1,0,15,31,5487,6562
ACTTAGTACGACAAGA-1,0,14,32,5236,6707
GAGCTCTCGGACCTAA-1,0,15,33,5488,6851
TCTATTACGCTGGCGA-1,0,14,34,5236,6997
AGATACGACTTCATAT-1,0,15,35,5488,7141
CGCTATACCGCCCACT-1,0,14,36,5236,7286
CAGTGTCCGCAGAATG-1,0,15,37,5489,7431
CCATCCATACCAAGTC-1,0,14,38,5237,7576
AACCCAGAGACGGAGA-1,0,15,39,5489,7720
GAAGAACGGTGCAGGT-1,0,14,40,5237,7865
GATAAATCGGTGGATG-1,0,15,41,5489,8010
CAGCTCGTGCTTGTGT-1,0,14,42,5238,8155
GAGTACGGGTATACAA-1,0,15,43,5490,8299
CATCGCCCGCGGCCAA-1,0,14,44,5238,8444
TCTTACAGAGGTACCG-1,0,15,45,5490,8589
TGGAAGACGAACACCA-1,0,14,46,5238,8734
GTTGTCGTGTTAGTTG-1,0,15,47,5491,8879
CCAAGGAACAGAGAGG-1,0,14,48,5239,9024
CTGCACCTGGAACCGC-1,0,15,49,5491,9168
CGCTTTCATACCGGTG-1,0,14,50,5239,9313
GTTCTTCCCTCGATGT-1,0,15,51,5491,9458
ATTTAACTCGTATTAC-1,0,14,52,5240,9603
AACGATAGAAGGGCCG-1,0,15,53,5492,9747
TATCCTGCATGGGAAT-1,0,14,54,5240,9892
AGGCCCATTGTACAGG-1,0,15,55,5492,10037
CCGGCGCATATTGGAT-1,0,14,56,5241,10182
ATCTGTAATTGTACCC-1,0,15,57,5493,10327
GAGCGAGGGAGTACCG-1,0,14,58,5241,10472
TTATTAGGGAAGCATC-1,0,15,59,5493,10616
CTTCTTACGTCGTATA-1,0,14,60,5241,10761
GAAGTGCTGGATAGCT-1,0,15,61,5493,10906
GTGCAACAAATGTGGC-1,0,14,62,5242,11051
CATGCGTTAGACAGAA-1,0,15,63,5494,11195
ACACACTTTCTACACG-1,0,14,64,5242,11340
AGCCCTAAGCGAAGTT-1,0,15,65,5494,11485
ATTAATTCGGTCACTC-1,0,14,66,5243,11630
AACAGGAAATCGAATA-1,0,15,67,5495,11774
ACGTTTAGTTGTGATC-1,0,14,68,5243,11920
TCCTTCAGTGGTCGAA-1,0,15,69,5495,12064
CGAACGCCCAGTGCCG-1,0,14,70,5243,12209
CCTCGAAGTGGACGGG-1,0,15,71,5495,12354
CTCTGTTTGAGGATTC-1,0,14,72,5244,12499
TGGGCACGTTCTATGG-1,0,15,73,5496,12643
ACTATTCGTCCGTGGT-1,0,14,74,5244,12788
CCTCTGGCCTAGACGG-1,0,15,75,5496,12933
CCATAAACAACCCGAC-1,0,14,76,5245,13078
CATAGTACATTGAGAG-1,0,15,77,5497,13222
ATTTCATTATTTCGCG-1,0,14,78,5245,13368
CAACTATATCGAATGC-1,1,15,79,5497,13512
CTAGTATTCGGAATTA-1,0,14,80,5245,13657
GTGGAACCTACATGCG-1,0,15,81,5497,13802
CCTAAAGGCTGACGCT-1,1,14,82,5246,13947
CGTGACATTGGGTCGT-1,0,15,83,5498,14091
CCAATCGGTAGATCGA-1,0,14,84,5246,14236
ATTGTCGCAATACCTT-1,0,15,85,5498,14381
AAATTACACGACTCTG-1,0,14,86,5247,14526
CACTCCTCTCGGTCGG-1,0,15,87,5499,14670
AAATAACCATACGGGA-1,0,14,88,5247,14816
AGTTACTCTATCGTGG-1,0,15,89,5499,14960
CGTTAGCTCACAACTG-1,0,14,90,5247,15105
GAATGTATGGCAGGTC-1,0,15,91,5500,15250
GCAACCACCAGACCGG-1,0,14,92,5248,15395
TCACTCGTGCAACGGC-1,0,15,93,5500,15539
AAACAGAGCGACTCCT-1,0,14,94,5248,15684
CAGCCTCTCCTCAAGA-1,0,15,95,5500,15829
TTGCGTGAACGCTTAG-1,0,14,96,5249,15974
CCGCCTGCGAATTGGT-1,0,15,97,5501,16118
AGATGAGGGTTGCGAT-1,0,14,98,5249,16264
CGGTGGGCTCCAGCCT-1,0,15,99,5501,16408
GGCAGCGGTAATCCTA-1,0,14,100,5249,16553
GCTAGCAGGGAGTGGG-1,0,15,101,5502,16698
CTCAAGACATTAGCGC-1,0,14,102,5250,16843
CACGGCGCGCCAAAGG-1,0,15,103,5502,16987
TGCAATTTGGGCACGG-1,0,14,104,5250,17132
ATGCCAATCGCTCTGC-1,0,15,105,5502,17277
GCTGGACCCAAAGTGG-1,0,14,106,5251,17422
ATTCCTAAGACGTGGA-1,0,15,107,5503,17566
TCCGGAGGAAGGGCTG-1,0,14,108,5251,17711
TCGGTGACCGCTCCGG-1,0,15,109,5503,17856
TCCGAAGTAGTCACCA-1,0,14,110,5251,18001
CATGTAGGAGCGCCAA-1,0,15,111,5504,18146
CACAAGAAAGATATTA-1,0,14,112,5252,18291
AGGGTCAGTAACCCTA-1,0,15,113,5504,18435
TAAGCCCTTACGACCA-1,0,14,114,5252,18580
ATACCGTCATCCATAA-1,0,15,115,5504,18725
GGACGTCCATAGTTGG-1,0,14,116,5253,18870
CATCAAACTGGCGCCC-1,0,15,117,5505,19014
AAACGTGTTCGCCCTA-1,0,14,118,5253,19159
AAATTGGTGAGAAGCA-1,0,15,119,5505,19304
GGTCATTGTAGTCATA-1,0,14,120,5253,19449
TGCAGTGAGGCTCGGG-1,1,15,121,5506,19593
GAACATTAGTATGTTA-1,0,14,122,5254,19739
GGTTTGCGAACACGTA-1,0,15,123,5506,19883
ACACAAATATTCCTAG-1,0,14,124,5254,20028
TTGGGTTTATTCAGCG-1,0,15,125,5506,20173
ATTCGCAGAGGACACT-1,0,14,126,5255,20318
GATTTAGTGCGTACTG-1,0,15,127,5507,20462
TAGAAACACAATAGTG-1,0,16,0,5733,2073
CAGTAGATGATGTCCG-1,0,17,1,5985,2217
TCTTAACTCGGATGTA-1,0,16,2,5733,2362
TACATCTTGTTTCTTG-1,0,17,3,5986,2507
TTCATAGGGTGTCCAT-1,0,16,4,5734,2652
TGAAGTAGCTTACGGA-1,0,17,5,5986,2796
GCACAAGTGGATCATA-1,0,16,6,5734,2942
GGGCGAATTTCTCCAC-1,0,17,7,5986,3086
ATGTTCCTGCCCACCT-1,0,16,8,5735,3231
GCTCAACCTCTTAGAG-1,0,17,9,5987,3376
ATAGCTGCTCTTGTTA-1,0,16,10,5735,3521
CGTCAGCTATTTACTC-1,0,17,11,5987,3665
ATCTGATAGTGTCTTA-1,0,16,12,5736,3810
TGCACTATGTGAGTGC-1,0,17,13,5988,3955
CCGACAAACACATGAG-1,0,16,14,5736,4100
GCCTTGTATATGCAGT-1,0,17,15,5988,4244
ATAATACCGTTAGCCG-1,0,16,16,5736,4389
ACACTCCAATGTCACT-1,0,17,17,5988,4534
AGTTGCTGACTGATAT-1,0,16,18,5737,4679
GGCGCTCCTCATCAAT-1,0,17,19,5989,4824
TGCCTGACATCGGTCA-1,0,16,20,5737,4969
TTGGCCATCTTGCGCT-1,0,17,21,5989,5113
CAGTGGTTGCACATGA-1,0,16,22,5738,5258
AGAATTGTTTGACATA-1,0,17,23,5990,5403
AAATGCTCGTTACGTT-1,0,16,24,5738,5548
CACCTAATAGAGTCGT-1,0,17,25,5990,5692
CATTTCTAGCAGACTA-1,0,16,26,5738,5837
CCGAAAGTGGTGAGCA-1,0,17,27,5990,5982
AGTCAGCCACCGCCTG-1,0,16,28,5739,6127
TCATCACTCGAGCTCG-1,0,17,29,5991,6271
CTCAGGACTCACCTGT-1,0,16,30,5739,6417
CGGTGTACTTGATCCC-1,0,17,31,5991,6561
CCTACGGCTCAGTCGA-1,0,16,32,5740,6706
GTACTTGGGCACTTCT-1,0,17,33,5992,6851
TGATTTCCTCCTGACG-1,0,16,34,5740,6996
CCTCACCAATCTTGAC-1,0,17,35,5992,7140
GGTGAGATGCAGATAA-1,0,16,36,5740,7285
GCTAGTTTCATTGAGG-1,0,17,37,5993,7430
AGGACATCGCACGTCG-1,0,16,38,5741,7575
GTGGACGTGCTGAGAC-1,0,17,39,5993,7719
TAAGGAACTTGTGGGA-1,0,16,40,5741,7865
TCGCTGTGCGTAAATC-1,0,17,41,5993,8009
GCATCCCTAACTTTGA-1,0,16,42,5742,8154
CACCCACACGTCACCC-1,0,17,43,5994,8299
CCCTCATTCTGGAATT-1,0,16,44,5742,8444
AGGGCGTGATCGGCTA-1,0,17,45,5994,8588
GGTGCGGATAAGTGGC-1,0,16,46,5742,8733
TAATATTGAAATTCGC-1,0,17,47,5995,8878
CTTACACTGGGAAATA-1,0,16,48,5743,9023
ACCAAGAACGCGTGTC-1,0,17,49,5995,9167
GCCTTCAGCCCTACCG-1,0,16,50,5743,9313
GATGCTACAAGCGCCT-1,0,17,51,5995,9457
CCGGGACCCGCAGAGA-1,0,16,52,5744,9602
GTTCCAGTCTGACCAT-1,0,17,53,5996,9747
ATGATCGGGAATAGAC-1,0,16,54,5744,9892
TTGGATTGGGTACCAC-1,0,17,55,5996,10036
TACCTCACGCTTGTAC-1,0,16,56,5744,10181
CATGGCAGGAAGATCG-1,0,17,57,5997,10326
ATGACGCCGGCTCTAA-1,0,16,58,5745,10471
AGCGACATCCCATTCA-1,0,17,59,5997,10615
AGTAATGTCTTGCCGC-1,0,16,60,5745,10761
TTCTTAGTGGCTCAGA-1,0,17,61,5997,10905
CGTCTGGAAGGGCCCG-1,0,16,62,5746,11050
ACGTGCGCCTCGTGCA-1,0,17,63,5998,11195
AGAGCGGGCTAATCAT-1,0,16,64,5746,11340
GCGTCGAAATGTCGGT-1,0,17,65,5998,11484
AACTGATATTAGGCCT-1,0,16,66,5746,11629
CGAGCTGGGCTTTAGG-1,0,17,67,5999,11774
GGGTGTTTCAGCTATG-1,1,16,68,5747,11919
TTAATTTCAGACGCGG-1,0,17,69,5999,12063
ACTGCCGTCGTAACTC-1,0,16,70,5747,12209
GTGCACGAAAGTGACT-1,0,17,71,5999,12353
ATCTCCCTGCAATCTA-1,0,16,72,5748,12498
ACGCCAGATGATTTCT-1,1,17,73,6000,12643
AGCTATTTAATCCAAC-1,0,16,74,5748,12788
CCACGAGAAGAGAATC-1,0,17,75,6000,12932
GATTCCGCGTTTCCGT-1,0,16,76,5748,13077
GTCGGATGTAGCGCGC-1,0,17,77,6001,13222
TATTTATACCGAGTAG-1,0,16,78,5749,13367
GTAGGTGATCCGTGTA-1,0,17,79,6001,13511
AGTTAAGCGGTCCCGG-1,0,16,80,5749,13656
CTGGCGACATAAGTCC-1,0,17,81,6001,13801
TTGGCCTAGAATTTCG-1,0,16,82,5750,13946
GGCATATCGGTTCTGC-1,0,17,83,6002,14091
GGGCGTCCACTGGCTC-1,0,16,84,5750,14236
TTACCCATTGCCGGGT-1,0,17,85,6002,14380
TTAGACACGATCGTTG-1,0,16,86,5750,14525
GCGCTGATCCAGACTC-1,0,17,87,6003,14670
TTCGGCAACCCGCTGA-1,0,16,88,5751,14815
GATATTTCCTACATGG-1,0,17,89,6003,14959
CTGCGTTACGATATAA-1,0,16,90,5751,15104
TAATAAACAAGGAGAT-1,0,17,91,6003,15249
AACCTTTACGACGTCT-1,0,16,92,5752,15394
AGTCCCGCCTTTAATT-1,0,17,93,6004,15538
TGAGATTAGGCCCTAA-1,0,16,94,5752,15684
AGTGTATTGCGCATTG-1,0,17,95,6004,15828
GTTGGATTCAGTGGCT-1,0,16,96,5752,15973
TAAAGCTGCAATAGGG-1,0,17,97,6005,16118
AGTAGGAAGGAAGTTG-1,0,16,98,5753,16263
TATCACTTCGAGTAAC-1,0,17,99,6005,16407
TGATCTACGCTGATCT-1,0,16,100,5753,16552
GGATCATCCCGTACGC-1,0,17,101,6005,16697
TGACACTTCTCTTTGC-1,0,16,102,5754,16842
AGCCCTTCTAATCCGA-1,0,17,103,6006,16986
CACCGCGTCCACTCTA-1,0,16,104,5754,17132
TAATTGGAATCGGGAA-1,0,17,105,6006,17276
TCGTAAGCTCCGAGGA-1,0,16,106,5754,17421
TATATTACAAATGTCG-1,0,17,107,6007,17566
CGCGAGAGGGACTTGT-1,0,16,108,5755,17711
GGACCTACGGTAACGT-1,0,17,109,6007,17855
GAAATATGCTTGAATG-1,0,16,110,5755,18000
CCGTATTAGCGCAGTT-1,0,17,111,6007,18145
AGGCGTCTATGGACGG-1,0,16,112,5756,18290
AACATCGATACGTCTA-1,0,17,113,6008,18434
TGAATATGCTATAAAC-1,0,16,114,5756,18580
ACCAAACACCCAGCGA-1,0,17,115,6008,18724
TGGCTTGTACAAGCTT-1,0,16,116,5757,18869
GAATGAAGGTCTTCAG-1,0,17,117,6009,19014
AGATACCAGCACTTCA-1,0,16,118,5757,19159
GCGGTCCCGGTGAAGG-1,0,17,119,6009,19303
GAGGCATTTGCAGCAG-1,0,16,120,5757,19448
GGCAAGCCAGGGATAG-1,0,17,121,6009,19593
TCTACGGGCTCAGTTG-1,0,16,122,5758,19738
TCTGCGAATCGTTCGC-1,0,17,123,6010,19882
AGCTCGTTGATGGAAA-1,0,16,124,5758,20028
TGAATGAGATACAGCA-1,0,17,125,6010,20172
ACCCTTGCCTGGGTCG-1,0,16,126,5759,20317
GGCGAACCGTTCTGAT-1,0,17,127,6011,20462
GCGATGTCTGTGCTTG-1,0,18,0,6237,2072
ATTAACACCTGAGATA-1,0,19,1,6489,2216
GAAATCTGACCAAGTT-1,0,18,2,6237,2362
CCTGACAAACTCGCGC-1,0,19,3,6490,2506
ATGTCATTTCCCATTG-1,0,18,4,6238,2651
GCGGTGCGGAGCATCG-1,0,19,5,6490,2796
CGGAAAGCAAATGTGC-1,0,18,6,6238,2941
GCTGAGCAACGGTTCT-1,0,19,7,6490,3085
TCACTCTTCGTCTGTC-1,0,18,8,6239,3230
GATCTTCATTGTCCTC-1,0,19,9,6491,3375
ACTCGATGTATTTCAT-1,0,18,10,6239,3520
TGAAGAGCGGTCCTAG-1,0,19,11,6491,3664
TAAACGTCGTCAATGA-1,0,18,12,6239,3810
ACGTTATTGGTCACTC-1,0,19,13,6492,3954
ATAGCCTCAGTACCCA-1,0,18,14,6240,4099
CGGGAGTATACCGCCG-1,0,19,15,6492,4244
GTCCTACAGGCGGCTC-1,0,18,16,6240,4389
CGGATAAGCGGACATG-1,0,19,17,6492,4533
AACTTCTGCGTCTATC-1,0,18,18,6241,4678
GGGTTCAGACGAACAA-1,0,19,19,6493,4823
AGTCTGGACATCCTTG-1,0,18,20,6241,4968
TTGAACGAATCCTTTG-1,0,19,21,6493,5112
GAAATACTAAACGTTT-1,0,18,22,6241,5258
CCCGCGCAATGCACCC-1,0,19,23,6494,5402
TTCGGCTAGAGATGGT-1,0,18,24,6242,5547
GACACGAGTTAGAGGA-1,0,19,25,6494,5692
GAGGTCCCAAAGATCT-1,0,18,26,6242,5837
TAACTCCATGGAGGCT-1,0,19,27,6494,5981
CTTGTTTATGTAGCCA-1,0,18,28,6243,6126
GATGGCGCACACATTA-1,0,19,29,6495,6271
ATAATAGTGTAGGGAC-1,0,18,30,6243,6416
CGCTATTCAATGTATG-1,0,19,31,6495,6560
ATATTGCTGTCAAAGT-1,0,18,32,6243,6706
GGATTCAGTACGGTGG-1,0,19,33,6496,6850
TTCTTAGTGAACGGTG-1,0,18,34,6244,6995
AATGGTTCTCACAAGC-1,0,19,35,6496,7140
TATACACGCAAAGTAT-1,0,18,36,6244,7285
CTTCATAGCTCAAGAA-1,0,19,37,6496,7429
CAACGGTTCTTGATAC-1,0,18,38,6245,7574
ACACCCGAGAAATCCG-1,0,19,39,6497,7719
TCTATCATGCAGTTAC-1,0,18,40,6245,7864
CCCGCCATGCTCCCGT-1,1,19,41,6497,8008
CGCTTCCACTGAAATC-1,0,18,42,6245,8153
CACTGTCCAAGTGAGA-1,1,19,43,6498,8298
ATTACTAGCCTCTTGC-1,0,18,44,6246,8443
CATAGTAGCATAGTAG-1,1,19,45,6498,8588
CAACTCCTTGATCCCG-1,0,18,46,6246,8733
AAGTAGAAGACCGGGT-1,0,19,47,6498,8877
GCGGGAACCAGGCCCT-1,1,18,48,6247,9022
ATTAGATTGATAGCGG-1,0,19,49,6499,9167
CTCGGTCCGTAGCCTG-1,0,18,50,6247,9312
TGGCTTTGGGTAGACA-1,0,19,51,6499,9456
TATCCATATCATGCGA-1,0,18,52,6247,9601
GGAGTGCCGCCCTGGA-1,0,19,53,6500,9746
TGAGAATGCTTTACCG-1,0,18,54,6248,9891
TTAACCAACCCTCCCT-1,0,19,55,6500,10036
TGTTTCGGTACTTCTC-1,0,18,56,6248,10181
TTGCTGAAGGAACCAC-1,0,19,57,6500,10325
TATTTAGTCTAGATCG-1,0,18,58,6249,10470
CTCCGGCCTAATATGC-1,0,19,59,6501,10615
TTGTGGCCCTGACAGT-1,0,18,60,6249,10760
TCGCCGGTCGATCCGT-1,0,19,61,6501,10904
CCATAGGTTGGCGTGG-1,0,18,62,6249,11049
GAACGACCGAATGATA-1,0,19,63,6502,11194
TCCGATAATTGCCATA-1,0,18,64,6250,11339
CATTACGTCGGCCCGT-1,0,19,65,6502,11483
CAAGCACCAAATGCCT-1,0,18,66,6250,11629
TGCATGGATCGGATCT-1,0,19,67,6502,11773
GAAATCGCGCGCAACT-1,0,18,68,6251,11918
CTGAAAGAGATCCGAC-1,0,19,69,6503,12063
CACCTCGATGGTGGAC-1,0,18,70,6251,12208
ATTTGTTCCAGGGCTC-1,0,19,71,6503,12352
TGGGCCACAAGAGCGC-1,0,18,72,6252,12497
CCTTCTTGATCCAGTG-1,0,19,73,6504,12642
CCTCGCCAGCAAATTA-1,0,18,74,6252,12787
TTCATGGCGCAACAGG-1,0,19,75,6504,12931
TTAATCAGTACGTCAG-1,0,18,76,6252,13077
CCTATCTATATCGGAA-1,0,19,77,6504,13221
ATTATACTTTGCTCGT-1,0,18,78,6253,13366
ATGGATCCGGCGTCCG-1,0,19,79,6505,13511
CGCCCGCTTCCGTACA-1,0,18,80,6253,13656
GGATTCCGCTATACCC-1,0,19,81,6505,13800
CGGTCTATCAACCCGT-1,0,18,82,6254,13945
ATGCCGGTTGATGGGA-1,0,19,83,6506,14090
TCATGCAGGTTCTCAT-1,0,18,84,6254,14235
TGAGCTTTAATGACGC-1,0,19,85,6506,14379
TCCCTTAGATTACTCG-1,0,18,86,6254,14525
ATATCTCCCTCGTTAA-1,0,19,87,6506,14669
AGCTCTTCCCAGTGCA-1,0,18,88,6255,14814
TCGCTAAACCGCTATC-1,0,19,89,6507,14959
CACATTCTTTCGATGG-1,0,18,90,6255,15104
GATATGCGGTAGCCAA-1,0,19,91,6507,15248
CGTTTCACTTCGGGCG-1,0,18,92,6256,15393
CCAATTACGGGTCGAG-1,0,19,93,6508,15538
GCAGGTAGAGTATGGT-1,0,18,94,6256,15683
GTCGTATTGGCGTACA-1,0,19,95,6508,15827
GAAATTAGCACGGATA-1,0,18,96,6256,15973
AATGCACCAAGCAATG-1,0,19,97,6509,16117
AGGACGCTCGATGTTG-1,0,18,98,6257,16262
GGCTAAAGGGCGGGTC-1,0,19,99,6509,16407
CATCTATCCCGTGTCT-1,0,18,100,6257,16552
CAGTAACTATTTATTG-1,0,19,101,6509,16696
CATATACTACTGATAA-1,0,18,102,6258,16841
GCGTTCGGAGACCGGG-1,0,19,103,6510,16986
AAGTTCAGTCTGCGTA-1,0,18,104,6258,17131
CGAAGCTATAAATTCA-1,0,19,105,6510,17275
CGCGGTCACAAACCAA-1,0,18,106,6258,17420
GGGAATGAGCCCTCAC-1,0,19,107,6511,17565
ACGGAGCGCAAATTAC-1,0,18,108,6259,17710
CGTTCTTCGCACACCT-1,0,19,109,6511,17855
GAATAGCCCTGCGGTC-1,0,18,110,6259,18000
AATAGCTACCGCGTGC-1,0,19,111,6511,18144
CCGAGCTGTGCTTGTC-1,0,18,112,6260,18289
GATGACGATGATCGCG-1,0,19,113,6512,18434
GCCTATGCTGGGCCTT-1,0,18,114,6260,18579
TTACTGTCTAGAGCTC-1,0,19,115,6512,18723
AGCGGTTGCCGCTCTG-1,0,18,116,6260,18868
GCTTGCAGCACAATTG-1,0,19,117,6513,19013
CCGGAGGTCTTATGGT-1,0,18,118,6261,19158
ACAGTATACCGTGGGA-1,0,19,119,6513,19302
GGGATCCCAATACAAA-1,0,18,120,6261,19448
ATTACGACTCCACAGT-1,0,19,121,6513,19592
CTCACACGCAAGCCTA-1,0,18,122,6262,19737
CCAGATGTAAATGGGT-1,0,19,123,6514,19882
GAACTTGTGCACGGGA-1,0,18,124,6262,20027
AAGCCGCTTTACCTTG-1,0,19,125,6514,20171
TCCATTCCCACTAGAG-1,0,18,126,6262,20316
AGAGCGCTTGTAACGG-1,0,19,127,6515,20461
TGGGTTCCCGGACGGA-1,0,20,0,6741,2071
GCTGCGCCTCCCACGT-1,0,21,1,6993,2216
CTGTTGGCTCTTCTGA-1,0,20,2,6741,2361
TTGTTCTAGATACGCT-1,0,21,3,6993,2505
CCCTCAAGCTCTTAGT-1,0,20,4,6742,2651
TGGTCTAGCTTACATG-1,0,21,5,6994,2795
ATGCACCTTCCTTAAT-1,0,20,6,6742,2940
GGGATACGGTAATAAT-1,0,21,7,6994,3085
AGTTCACCGGTTGGAC-1,0,20,8,6742,3230
GACATACTGTCGCAGA-1,0,21,9,6995,3374
TGGACACCGTTGCTTG-1,0,20,10,6743,3519
TGCGATGCTAATGGCT-1,0,21,11,6995,3664
TTCTGTTTCCTGTCGC-1,0,20,12,6743,3809
CGTTGTAAACGTCAGG-1,0,21,13,6995,3953
GATCGGCGATAAGTCG-1,0,20,14,6744,4098
AGCCTTAAAGCGGAAG-1,0,21,15,6996,4243
TCCGTAACCACAATCC-1,0,20,16,6744,4388
GAATGCCGAAATGACC-1,0,21,17,6996,4533
TATACTCATGCGGCAA-1,0,20,18,6745,4678
TAGTGTCAGAAACGGC-1,0,21,19,6997,4822
CGTCATACCATATCCA-1,0,20,20,6745,4967
TAGTACCTTAGTGGTC-1,0,21,21,6997,5112
CTGGCGGGAATAAGTA-1,0,20,22,6745,5257
AGTGTGGTCTATTGTG-1,0,21,23,6997,5401
GCTATCGCGGCGCAAC-1,0,20,24,6746,5546
CAGTAATCCCTCCCAG-1,0,21,25,6998,5691
GTATTAAGGCGTCTAA-1,0,20,26,6746,5836
CTAATTTCAACAACAC-1,0,21,27,6998,5980
TTAGCAACATGGATGT-1,0,20,28,6747,6126
ATGCTCAGTGTTGCAT-1,0,21,29,6999,6270
GATGTTTGTGCGAGAT-1,0,20,30,6747,6415
CACTTCGCCACAGGCT-1,1,21,31,6999,6560
CTGTATGGTGTAGAAA-1,0,20,32,6747,6705
TACGTGCACTATGCTG-1,1,21,33,6999,6849
GTATCAGCTTGGGTTC-1,0,20,34,6748,6994
TAACAAAGGGAGAAGC-1,1,21,35,7000,7139
TTACATCGTGGCCTGG-1,0,20,36,6748,7284
TCTGAACCGGTCGGCT-1,0,21,37,7000,7428
GGCTCGTGCCACCAGC-1,1,20,38,6749,7574
TATAAGTGAGGATAGC-1,1,21,39,7001,7718
GCCCGCGCGTTTGACA-1,1,20,40,6749,7863
TGCTGGTTGGACAATT-1,1,21,41,7001,8008
GCCTAGCGATCTGACC-1,1,20,42,6749,8153
CCATGCTCTGCAGGAA-1,1,21,43,7002,8297
TATAAATCCACAAGCT-1,1,20,44,6750,8442
CGCTCGACATAATGAT-1,1,21,45,7002,8587
CCAATTGAATGTTAAT-1,1,20,46,6750,8732
GCTAATACCGAATGCC-1,1,21,47,7002,8876
TTCAACGACCCGACCG-1,1,20,48,6751,9022
TTCCTCGAGGGTGTCT-1,1,21,49,7003,9166
CAACGACCCGTTTACA-1,0,20,50,6751,9311
CTTGTACTTGTTGACT-1,0,21,51,7003,9456
TCTCTAATAGCTGGTA-1,0,20,52,6751,9601
ATTATGCCATAGGGAG-1,0,21,53,7004,9745
GACAACGCAGCTTACG-1,0,20,54,6752,9890
AGATGACTCGCCCACG-1,0,21,55,7004,10035
GTGCGGGTCTCCAAAT-1,0,20,56,6752,10180
GTACGAGATTGCGACA-1,0,21,57,7004,10324
GTATAGGACTCAGTAG-1,0,20,58,6753,10470
TTGCACGGAGCAGCAC-1,1,21,59,7005,10614
CACAGCTAGGGAGTGA-1,0,20,60,6753,10759
ATACTAGCATGACCCT-1,1,21,61,7005,10904
CCAAGACTTCTGCGAA-1,0,20,62,6753,11049
ACATAATAAGGCGGTG-1,1,21,63,7006,11193
TAATACACAGTAGTAT-1,0,20,64,6754,11338
TCTTGGTAACACCAAA-1,1,21,65,7006,11483
AACTGGGTCCCGACGT-1,1,20,66,6754,11628
ATCACTTCATCCTCGC-1,1,21,67,7006,11772
TGGAAGGATAAAGATG-1,1,20,68,6755,11918
CATGATGCACAATTCT-1,1,21,69,7007,12062
TGCCTGATCAAACGAT-1,0,20,70,6755,12207
ATAGGGATATCCTTGA-1,1,21,71,7007,12352
CACCTAATCAGTTTAC-1,0,20,72,6755,12497
TGTGACTACGCCAGTC-1,0,21,73,7008,12641
CCCGACCATAGTCCGC-1,0,20,74,6756,12786
CGCGCCCGACTTAATA-1,0,21,75,7008,12931
TGCCACCTGGCGAAAC-1,0,20,76,6756,13076
CTGCCAAGGTTGGAAG-1,0,21,77,7008,13220
TCTCCAACGTAGGTTA-1,0,20,78,6757,13365
TTCTTGGAGTAATGAG-1,0,21,79,7009,13510
GTCTCGATCTGCTTTC-1,0,20,80,6757,13655
TACTCTCCGAACAAAT-1,0,21,81,7009,13800
ATCACATTAGAATATC-1,0,20,82,6757,13945
TACGGGATGCTAGCAG-1,0,21,83,7010,14089
AGCTGAAGTAAACCAA-1,0,20,84,6758,14234
CATGGGTCGGGTGTGG-1,0,21,85,7010,14379
CACCCACGAGGCAATT-1,0,20,86,6758,14524
TGCCATTACTAAAGAA-1,0,21,87,7010,14668
CCGTTACGTTAGAACA-1,0,20,88,6759,14813
GCCAGGAGTAACCGAT-1,0,21,89,7011,14958
GGAAAGTGCCCATGCC-1,0,20,90,6759,15103
TCTTACCGGAACTCGT-1,0,21,91,7011,15247
TATGTCAAGACCGACT-1,0,20,92,6759,15393
CCTAACTAAGGCTCTA-1,0,21,93,7012,15537
GCGGTGAACTGCGCTC-1,0,20,94,6760,15682
CCTCGCGCGATATAGG-1,0,21,95,7012,15827
ATCGGCAAGCAGTCCA-1,0,20,96,6760,15972
AGATCGTGCATAAGAT-1,0,21,97,7012,16116
ATTCAGGACCTATTTC-1,0,20,98,6761,16261
AGCTAGAAGCAGAAGT-1,0,21,99,7013,16406
TTCGCTATCTGACGTG-1,0,20,100,6761,16551
TTCCGCAGAGAAATAT-1,0,21,101,7013,16695
CAGTACATTCTCTAAA-1,0,20,102,6761,16841
GTGAAGATTTCAAGTG-1,0,21,103,7014,16985
AACGCATGATCTGGGT-1,0,20,104,6762,17130
CCCAGAGGAGGGCGTA-1,0,21,105,7014,17275
GGAAACCTTGTTGAAT-1,0,20,106,6762,17420
GTGAAGCCGTATAGTC-1,0,21,107,7014,17564
GAGCTGTCGTCTCGGA-1,0,20,108,6763,17709
TGTCATTTGTTGGGAA-1,0,21,109,7015,17854
ACCAACACCACACACT-1,0,20,110,6763,17999
AAATGATTCGATCAGC-1,0,21,111,7015,18143
CTGCTTTATGTCCGCG-1,0,20,112,6763,18289
GCGAGAGGCCATGTAA-1,0,21,113,7016,18433
ATTGACCGGCGATGAC-1,0,20,114,6764,18578
ACCCTGGTAACGCCCT-1,0,21,115,7016,18723
GTTGGACCGCATCAGG-1,0,20,116,6764,18868
CGTTTACAAGGCAGCT-1,0,21,117,7016,19012
CGGTCCATGAGACTCC-1,0,20,118,6765,19157
GTTCGTCTGGGTCCCT-1,0,21,119,7017,19302
TGTACTACTCTCACGG-1,0,20,120,6765,19447
AGTGAAGATGGTGTCC-1,0,21,121,7017,19591
GAGGGCCATAATATTA-1,0,20,122,6766,19737
ACTCCCGTAGACTAGG-1,0,21,123,7018,19881
CGTCAAATGGTCGCAG-1,0,20,124,6766,20026
AAGTCTAGTAGCTGCC-1,0,21,125,7018,20171
AAGAAATCACCAGATT-1,0,20,126,6766,20316
GAGTGCACGGACAACA-1,0,21,127,7018,20460
GTTCAAATCAGATGTC-1,0,22,0,7245,2071
CATGGCTCCCTATGTC-1,0,23,1,7497,2215
GGCCACACGAAAGCCT-1,0,22,2,7245,2360
GAAGCCGGGTAAGCTC-1,0,23,3,7497,2505
TTGCGCTCTCTCGCTT-1,0,22,4,7246,2650
TACATGACCTTATCCG-1,0,23,5,7498,2794
GTCCTTCTACAACCCA-1,0,22,6,7246,2939
TATATGCTGGGTTGCC-1,0,23,7,7498,3084
GTTTATGGGATTTAGA-1,0,22,8,7246,3229
GGAACCCGAACAAGAA-1,0,23,9,7499,3373
AACGTTATCAGCACCT-1,0,22,10,7247,3519
CATCGTCCGGTTACTA-1,0,23,11,7499,3663
AGACAGCTCAGAATCC-1,0,22,12,7247,3808
GCAGATCCTCGCAAAT-1,0,23,13,7499,3953
GGGTCATGCGTACCAT-1,0,22,14,7248,4098
CTGGTCATTCCAATCC-1,0,23,15,7500,4242
TCAGGGCGCAAACTCG-1,0,22,16,7248,4387
GATGCCAGCAGAAGGC-1,0,23,17,7500,4532
GTTATTAACGTGGGAG-1,0,22,18,7248,4677
AATACAATGTTTCAGG-1,0,23,19,7501,4821
TTGCTGCACCTATCCA-1,0,22,20,7249,4967
CCAGAGACAAAGCCGG-1,0,23,21,7501,5111
CCGAAGTATATTGTTC-1,0,22,22,7249,5256
GCTAAACCTGAGGTGA-1,1,23,23,7501,5401
TCATACTTACAGATCC-1,0,22,24,7250,5546
CGAGCACTTCAAGTTT-1,1,23,25,7502,5690
TAGCAACCTGTCACAA-1,0,22,26,7250,5835
TGGGAAATGCCTTTCC-1,1,23,27,7502,5980
AGACCATGGGATACAA-1,1,22,28,7250,6125
TAAATGAATCCGTTTC-1,1,23,29,7503,6269
ACAACGGTCCCTGCGA-1,1,22,30,7251,6415
GTCACTCTCCAAATCT-1,1,23,31,7503,6559
TTCTACTTGCGAGGGC-1,1,22,32,7251,6704
CGCAATTACTTTCGGT-1,1,23,33,7503,6849
CTGTTCATCTCACGGG-1,1,22,34,7252,6994
TTCTTGTAACCTAATG-1,1,23,35,7504,7138
GCTTGATGATAATCAG-1,1,22,36,7252,7283
TTGGCTCGCATGAGAC-1,1,23,37,7504,7428
GCCCAGTTGGTATGCC-1,0,22,38,7252,7573
ATTCCTCCGCCAGTGC-1,1,23,39,7505,7717
TCGTCCGCTGGCGTCT-1,1,22,40,7253,7862
GGAGAAGTCATTGGCA-1,0,23,41,7505,8007
TTGTTAGCAAATTCGA-1,1,22,42,7253,8152
TCTAGCATCTTCGATG-1,1,23,43,7505,8297
TTCTAGGCCAATTGTG-1,1,22,44,7254,8442
TCACGGTCATCGCACA-1,1,23,45,7506,8586
ATGAAGCCAAGGAGCC-1,1,22,46,7254,8731
AATGACTGTCAGCCGG-1,1,23,47,7506,8876
CCAAACAGAACCCTCG-1,0,22,48,7254,9021
TATCGATGATTAAACG-1,0,23,49,7507,9165
GAACACACATCAACCA-1,0,22,50,7255,9310
CCCGTCAGCGTCTGAC-1,0,23,51,7507,9455
AGCATCGTCGATAATT-1,0,22,52,7255,9600
GACTAAGATCATGCAC-1,0,23,53,7507,9745
TAGGGTGTTTCAAGAG-1,0,22,54,7256,9890
TGGTTCGTAGCAAAGG-1,0,23,55,7508,10034
CTGTTCACTGCCTGTG-1,1,22,56,7256,10179
ATGTGCATCCGACGCA-1,0,23,57,7508,10324
TTGTCGTTCAGTTACC-1,1,22,58,7256,10469
CGGGATCAATGTAAGA-1,1,23,59,7509,10613
TTATCTGTATCATAAC-1,1,22,60,7257,10758
ATCGACTCTTTCCGTT-1,1,23,61,7509,10903
CTCATTTGATGGGCGG-1,1,22,62,7257,11048
GTAAGCGGGCAGTCAG-1,1,23,63,7509,11192
TCTATCGGTCGCAACA-1,1,22,64,7258,11338
AACGCGGTCTCCAGCC-1,1,23,65,7510,11482
ATTAATACTACGCGGG-1,1,22,66,7258,11627
CTTTAACTTTCAAAGG-1,1,23,67,7510,11772
CGTACCTGATAGGCCT-1,1,22,68,7258,11917
GAATGTTGGGTAATCT-1,1,23,69,7511,12061
TGCGGAGTAAAGGTGC-1,1,22,70,7259,12206
CCTGAATATTTACATA-1,1,23,71,7511,12351
TTGCTCCCATACCGGA-1,1,22,72,7259,12496
CCTCTAATCTGCCAAG-1,1,23,73,7511,12640
AGGTTGAGGCACGCTT-1,1,22,74,7260,12786
TCCCGTCAGTCCCGCA-1,1,23,75,7512,12930
TCCGATGACTGAGCTC-1,0,22,76,7260,13075
CAGCCTCCTGCAGAGG-1,0,23,77,7512,13220
CTTAGCCTTCCACATG-1,0,22,78,7261,13365
ATTAATGAACCAGTCG-1,0,23,79,7513,13509
ACGATACATAGAACTA-1,0,22,80,7261,13654
AGCCACTCCCGTGCTT-1,0,23,81,7513,13799
ATACGGGTTTCGATTG-1,0,22,82,7261,13944
CTGTCAAATGGCTCGG-1,0,23,83,7513,14088
GCTCGGAATTTAAAGC-1,0,22,84,7262,14234
TAGGCATGTTACGCCA-1,0,23,85,7514,14378
TGGCAACTCGCGCGCC-1,0,22,86,7262,14523
ATCAGTAGGCAGGGAT-1,0,23,87,7514,14668
TATCGATCTATGCATA-1,0,22,88,7263,14813
CGACTCAGGATGTTAT-1,0,23,89,7515,14957
GCCATATTGCACACAG-1,0,22,90,7263,15102
AATTCATAAGGGATCT-1,0,23,91,7515,15247
CGGTAGAGGTGCAGGT-1,0,22,92,7263,15392
AATGATGATACGCTAT-1,0,23,93,7515,15536
CTTGTGCTCACCGATT-1,0,22,94,7264,15682
TTCCAATCAGAGCTAG-1,0,23,95,7516,15826
CGATGGACCCTACGCC-1,0,22,96,7264,15971
GGTCGGATAAACGGCG-1,0,23,97,7516,16116
TTAGCTAATACGATCT-1,0,22,98,7265,16261
CTCGATATTTGCGAGC-1,0,23,99,7517,16405
ATTACTTACTGGGCAT-1,0,22,100,7265,16550
CTAGCCGATGTTATGA-1,0,23,101,7517,16695
TACTGCAATCAATTAC-1,0,22,102,7265,16840
TAGTCTGTGACGTTGC-1,0,23,103,7518,16984
CTCGTTTCTAATGTTT-1,0,22,104,7266,17129
TTCGTTCAACGAAGTT-1,0,23,105,7518,17274
CTGAATTTATTGCCAG-1,0,22,106,7266,17419
TGGAATATCCTTGACC-1,0,23,107,7518,17564
CAGATCATTTAAAGTC-1,0,22,108,7267,17709
CTCCTTTACGCAAGTC-1,0,23,109,7519,17853
TCCCAAACAGACAACG-1,0,22,110,7267,17998
ATCGCTGCGTGCAGCA-1,0,23,111,7519,18143
TTAGTTCAAGTGTTCG-1,0,22,112,7267,18288
AAACTCGTGATATAAG-1,0,23,113,7520,18432
TTAACGAACAAGCAGT-1,0,22,114,7268,18577
GTTATATCAGGAGCCA-1,0,23,115,7520,18722
CAAATTGGATTATGCC-1,0,22,116,7268,18867
CGAGGAGCTTCCATAT-1,0,23,117,7520,19011
GGAGACCAATGTGCTT-1,0,22,118,7269,19157
CATTGATGAACACGCC-1,0,23,119,7521,19301
GTCAATGCTATAATTT-1,0,22,120,7269,19446
ACCACCCTCTCTTCTA-1,0,23,121,7521,19591
TGGAGGGAAACACCTC-1,0,22,122,7269,19736
CACGGACGTGGATGGC-1,0,23,123,7522,19880
AACTTTCTCGATCATG-1,0,22,124,7270,20025
CGTATTGTTTCCTAAT-1,0,23,125,7522,20170
CCTACTGCGGCGGCCA-1,0,22,126,7270,20315
CTTAGGTCCCAATCGT-1,0,23,127,7522,20459
CGCAATCGATCATTAG-1,0,24,0,7749,2070
TGGTTATGCTTGCGGT-1,0,25,1,8001,2214
GGCTTGGCTCTCACCT-1,0,24,2,7749,2360
ATTGGTAGGATCCGCT-1,0,25,3,8001,2504
TCAGGGCGACTTCCTT-1,0,24,4,7749,2649
TCTGCAGATTCGAGTC-1,0,25,5,8002,2794
CTCTCGCTGTACTATG-1,0,24,6,7750,2939
AATAGTCGCGAGTCGG-1,0,25,7,8002,3083
AGTTACCCTTAAGACT-1,0,24,8,7750,3228
CTTAAATAAGACCCAT-1,1,25,9,8002,3373
GGTTGTGCTCTTGTCC-1,1,24,10,7751,3518
GTGAGTCTAAGACGGA-1,1,25,11,8003,3662
CGCGACACTGCGCAGC-1,1,24,12,7751,3807
GCTCGCGGTTCCGCTC-1,1,25,13,8003,3952
TTAACTCACGCGTGGA-1,1,24,14,7751,4097
GGAACGGCCTGCAGCC-1,1,25,15,8004,4242
GTAGAAACGGGTGGAG-1,0,24,16,7752,4387
TAATGAAAGACCCTTG-1,1,25,17,8004,4531
AGGCTTGCTAGACACC-1,1,24,18,7752,4676
TTGCGTAGTTTGAGGA-1,1,25,19,8004,4821
CGCCCTTGAAGGCTGA-1,1,24,20,7753,4966
CCCGGTGGAAGAACCT-1,1,25,21,8005,5110
TTAACACCTCGAACAT-1,1,24,22,7753,5255
GATTCCTATACGGCGC-1,1,25,23,8005,5400
TTACCCTAACAGTCCT-1,1,24,24,7754,5545
ACCCACCTACATGCTC-1,1,25,25,8006,5689
AAAGGGCAGCTTGAAT-1,1,24,26,7754,5835
CACACAGGGATAGATT-1,1,25,27,8006,5979
AGAGCGTACAAGCTCG-1,1,24,28,7754,6124
TCTTACGGCATCCGAC-1,1,25,29,8006,6269
GCCTATTCCGATATAG-1,1,24,30,7755,6414
GAAAGTGACTAACTGC-1,1,25,31,8007,6558
CCGGAATGGTTTCAGT-1,1,24,32,7755,6703
AGTATAATACTAGGCA-1,1,25,33,8007,6848
TAACTATCGAAGGTCC-1,1,24,34,7756,6993
ATGAGGAGTGTTAATC-1,1,25,35,8008,7137
TGTGTCGCGAGTTGCA-1,1,24,36,7756,7283
ATCCAACGCAGTCATA-1,1,25,37,8008,7427
AAGGCGCGTAAAGCTT-1,1,24,38,7756,7572
AGTCGGCCCAAACGAC-1,1,25,39,8008,7717
AACGTCAGACTAGTGG-1,0,24,40,7757,7862
ACTACCAGCTCTCTGG-1,0,25,41,8009,8006
GCAAGTGCACAGAGAA-1,1,24,42,7757,8151
ACACCTTAAGTAGGGC-1,1,25,43,8009,8296
TTCGACGGGAAGGGCG-1,1,24,44,7758,8441
TTCGCACTCGCGTGCT-1,1,25,45,8010,8585
TATTTGTTACCCTTTA-1,1,24,46,7758,8731
CGCTGTGACGCCGCAC-1,0,25,47,8010,8875
GTTGCACGGAGTTTCG-1,1,24,48,7758,9020
GTTTCCTGGAGGGTGA-1,0,25,49,8010,9165
ACACCCAGCATGCAGC-1,1,24,50,7759,9310
TCAACCATGTTCGGGC-1,0,25,51,8011,9454
TTACAACTACGCATCC-1,0,24,52,7759,9599
TCCGATGGTGCGACAT-1,0,25,53,8011,9744
GGGCGTACATTTATAT-1,0,24,54,7760,9889
AGCGACCAACGATATT-1,0,25,55,8012,10033
ACACAAAGACGGGTGG-1,0,24,56,7760,10179
ATCGCACGCCGGGAGA-1,1,25,57,8012,10323
GCTCTAAACCCTGACG-1,1,24,58,7760,10468
AATGCAACCGGGTACC-1,1,25,59,8013,10613
TCAAACAACCGCGTCG-1,1,24,60,7761,10758
TATGCTCCCTACTTAC-1,1,25,61,8013,10902
AAAGGGATGTAGCAAG-1,1,24,62,7761,11047
ACGATCATACATAGAG-1,1,25,63,8013,11192
TTGTTCAGTGTGCTAC-1,1,24,64,7762,11337
ATGCATGATCCAGGAT-1,1,25,65,8014,11481
AGTCTTCTCCTCAAAT-1,1,24,66,7762,11627
GATTCCCTTGTCGCAG-1,1,25,67,8014,11771
CTCGCACCTATATAGT-1,1,24,68,7762,11916
ACTCAATAAAGGCACG-1,1,25,69,8015,12061
AACCGAGCTTGGTCAT-1,1,24,70,7763,12206
TAAGGCAACATAAGAT-1,1,25,71,8015,12350
CACGCACAGCGCAGCT-1,1,24,72,7763,12495
GGTTTACAATCTCAAT-1,1,25,73,8015,12640
TGCAGGATCGGCAAAG-1,1,24,74,7764,12785
ATAACGGAGTCCAACG-1,1,25,75,8016,12929
AACGATATGTCAACTG-1,1,24,76,7764,13074
GACAACGACCATTGAA-1,1,25,77,8016,13219
TTGACCATGTTCTCCG-1,1,24,78,7764,13364
AGTACGGGCACCTGGC-1,1,25,79,8017,13509
CGCCATCCGATTATGA-1,0,24,80,7765,13654
AAGGTATCCTAATATA-1,1,25,81,8017,13798
TGTTGTCAAGAAGTCT-1,0,24,82,7765,13943
CAGTGAATAAATGACT-1,0,25,83,8017,14088
CACCTTGCGAAACTCG-1,0,24,84,7766,14233
CATTTAGCGGACCATG-1,0,25,85,8018,14377
CCAGTCTAGACGGCGC-1,0,24,86,7766,14522
TCGCTTTAAACGTTTG-1,0,25,87,8018,14667
GTGAAACGGCGCCACC-1,0,24,88,7766,14812
GGGCTCATCGAACCCA-1,0,25,89,8019,14956
TTGATGTGTAGTCCCG-1,0,24,90,7767,15102
CAGTAGCCCACGCGGT-1,0,25,91,8019,15246
AGCGCGGGTGCCAATG-1,0,24,92,7767,15391
TAATCGATCCGTACGT-1,0,25,93,8019,15536
AGTGGCGGCAATTTGA-1,0,24,94,7768,15681
CCTTTCAATGAAGAAA-1,0,25,95,8020,15825
CTCAGTCACGACAAAT-1,0,24,96,7768,15970
ATAGGCTAGCTTCGCA-1,0,25,97,8020,16115
CGGTTCAAGTAGGTGT-1,0,24,98,7768,16260
CAGTCGAGGATGCAAT-1,0,25,99,8021,16404
TATCACCCAACCGACC-1,0,24,100,7769,16550
AATGATGCGACTCCTG-1,0,25,101,8021,16694
TGGAACCACTGACACA-1,0,24,102,7769,16839
GCCAATAGGGCATCTC-1,0,25,103,8021,16984
TTCTTTGGTCGCGACG-1,0,24,104,7770,17129
ATTAGATTCCTCAGCA-1,0,25,105,8022,17273
CCGTGGAACGATCCAA-1,0,24,106,7770,17418
GGGTCGTGGCAAGTGT-1,0,25,107,8022,17563
TCGCTCGGCACCAGCG-1,0,24,108,7770,17708
ACGCAATCACTACAGC-1,0,25,109,8023,17852
CTCTAATGCATTGATC-1,0,24,110,7771,17998
GTCTCGACTAAGTTTG-1,0,25,111,8023,18142
TGGTTTAAACGTGGGT-1,0,24,112,7771,18287
CGCAGATCTTCACCCG-1,0,25,113,8023,18432
TCCAGATGTACGCCAA-1,0,24,114,7772,18577
CATTGCGGGTCAATTC-1,0,25,115,8024,18721
GACGTTCGTAAATACA-1,0,24,116,7772,18866
TACACCGTCGTTAGTC-1,0,25,117,8024,19011
ACGGGCGTATGCGACA-1,0,24,118,7772,19156
GAAGGCTACCATTGTT-1,0,25,119,8025,19300
TAAATCTTTACACCTC-1,0,24,120,7773,19446
AGTTTATGTAAAGACA-1,0,25,121,8025,19590
AGGAGACATCCACAGT-1,0,24,122,7773,19735
CAACCTGAACCTGCCA-1,0,25,123,8025,19880
AGTCCCTCGCAGAAAG-1,0,24,124,7774,20025
TGTATACGGATGATGA-1,0,25,125,8026,20169
TTGTGGTATAGGTATG-1,0,24,126,7774,20314
TCTGCACCATTAGTAA-1,0,25,127,8026,20459
AAATGTATCTTATCCC-1,0,26,0,8253,2069
ACTCTAAACCTGGGAT-1,0,27,1,8505,2214
GCTGGCAGGTGCCGTG-1,0,26,2,8253,2359
CTCATTCGTGAACATC-1,0,27,3,8505,2503
TCGCCGGATGGGCAAG-1,0,26,4,8253,2648
GGACTAAGTCAGGAGT-1,0,27,5,8506,2793
TATCAAAGGTCTGTAA-1,0,26,6,8254,2938
TTCAGTTTGTGGCAGC-1,0,27,7,8506,3082
TGTTCATAAATGTGCT-1,0,26,8,8254,3228
CTTAGCCCGGATAGTG-1,0,27,9,8506,3372
GATGCGAATGGTATTA-1,1,26,10,8255,3517
TCTAACTGTATGTAAA-1,1,27,11,8507,3662
TTAAACCTGGTTCCTT-1,1,26,12,8255,3807
GCTAAGTAAAGGCGAT-1,1,27,13,8507,3951
AGTTACCGCACATGGT-1,1,26,14,8255,4096
GACTGCGGCACGTGTA-1,1,27,15,8508,4241
TGGTGATCGTATTTGT-1,1,26,16,8256,4386
TTATCGCCTGCGAAGC-1,1,27,17,8508,4530
TGGAATTAGACGCTTT-1,1,26,18,8256,4676
TCGTCACACTGTTAGC-1,1,27,19,8508,4820
TTATGTTTGCGATAGA-1,1,26,20,8257,4965
GGTGCTGATCACAAAG-1,1,27,21,8509,5110
CATAGCCGCCCGGGAT-1,1,26,22,8257,5255
GGTTAGTTACGGCGCC-1,1,27,23,8509,5399
ATTCCCACATAAACAA-1,1,26,24,8257,5544
ATTCAGTAGCAGGGTC-1,1,27,25,8510,5689
CAGTTCCGCGGGTCGA-1,1,26,26,8258,5834
AAGAGATGAATCGGTA-1,1,27,27,8510,5978
CGCAATTCTACAATAA-1,1,26,28,8258,6124
TAACGCTTTGAGAGCG-1,1,27,29,8510,6268
AGGCTATGGTTAGCTT-1,1,26,30,8259,6413
GAGGAATGGAGAGGTT-1,1,27,31,8511,6558
TCCTCTACGAGATGGC-1,1,26,32,8259,6703
TTGATTATGCAGATGA-1,1,27,33,8511,6847
TCAGTACTGACCCGCG-1,1,26,34,8259,6992
TTATGACAAACTGGAT-1,1,27,35,8512,7137
GTAAGTAGGGTATACC-1,1,26,36,8260,7282
CGCAAACACGAGTTAC-1,1,27,37,8512,7426
TGGCCGTATATTGACC-1,1,26,38,8260,7572
ACTGTAGCACTTTGGA-1,1,27,39,8512,7716
GCTCTATGTTACGTGC-1,1,26,40,8261,7861
TGCGCGATTAACGGAG-1,1,27,41,8513,8006
GAATCGACATGGTCAC-1,1,26,42,8261,8151
GACTAAGTAGGCTCAC-1,0,27,43,8513,8295
ATCTTGACCTGCAACG-1,1,26,44,8261,8440
ATGCACTACCGCATTG-1,0,27,45,8514,8585
CAGATACTAACATAGT-1,0,26,46,8262,8730
GATCGACACTATCTGA-1,1,27,47,8514,8874
ATAGAGTACTGGGACA-1,0,26,48,8262,9019
CCTACTGCTTACACTT-1,0,27,49,8514,9164
CCTGCTATTTGAGAAG-1,0,26,50,8263,9309
CGCGTTCATGAAATAC-1,1,27,51,8515,9454
CATTATGCTTGTTGTG-1,0,26,52,8263,9599
CCAGGGACGTGGCCTC-1,1,27,53,8515,9743
TATGGATGTGCTACGC-1,0,26,54,8263,9888
GTACTAAGATTTGGAG-1,1,27,55,8516,10033
AGACCCGCCCTCCTCG-1,1,26,56,8264,10178
CGCATTAGCTAATAGG-1,1,27,57,8516,10322
GCTCTCGGGTACCGAA-1,1,26,58,8264,10467
CACCGCCAGAAGGTTT-1,1,27,59,8516,10612
TCCCAAAGACGAAGGA-1,1,26,60,8265,10757
ATGGATTGACCAAACG-1,1,27,61,8517,10901
GTCATGGACATGACTA-1,1,26,62,8265,11047
CTACTGCCACCTGACC-1,1,27,63,8517,11191
TTATATTTGGCAATCC-1,1,26,64,8265,11336
AGCACCAGTACTCACG-1,1,27,65,8518,11481
CATGGTCTAGATACCG-1,1,26,66,8266,11626
TCTACCGTCCACAAGC-1,1,27,67,8518,11770
CTAGTTGGGCCCGGTA-1,1,26,68,8266,11915
TCCCGCGTACTCCTGG-1,1,27,69,8518,12060
CAGAGCATGAGCTTGC-1,1,26,70,8267,12205
ACACGGGAACTTAGGG-1,1,27,71,8519,12349
GGCTCTGCTCCAACGC-1,1,26,72,8267,12495
AGAACGTGGTACATTC-1,1,27,73,8519,12639
CAATAAACCTTGGCCC-1,1,26,74,8267,12784
ACTTCGCCATACGCAC-1,1,27,75,8520,12929
ATCTGGTTAAGACTGT-1,1,26,76,8268,13074
TCGTAAGACGACATTG-1,1,27,77,8520,13218
GTGTACCTTGGCTACG-1,1,26,78,8268,13363
GCCCGTAATACCTTCT-1,1,27,79,8520,13508
CGGTCAAGTGGGAACC-1,1,26,80,8269,13653
TTGTAAGGCCAGTTGG-1,1,27,81,8521,13797
GGAGCACCAAGAACTA-1,1,26,82,8269,13943
TAATAGTGACGACCAG-1,1,27,83,8521,14087
CTAAATCCTATTCCGG-1,0,26,84,8270,14232
CGAGTTCTGTCCCACC-1,0,27,85,8522,14377
AGGCAGATGCGTAAAC-1,0,26,86,8270,14522
AAGGATGAGGGACCTC-1,0,27,87,8522,14666
AGAGAACCGTCTAGGA-1,0,26,88,8270,14811
GAGGGCGCAGCTCTGC-1,0,27,89,8522,14956
AAGATTGGCGGAACGT-1,0,26,90,8271,15101
CCAGTAGTCTGATCCA-1,0,27,91,8523,15245
AAGGGACAGATTCTGT-1,0,26,92,8271,15391
ATAGAGTTATCAACTT-1,0,27,93,8523,15535
AAATTACCTATCGATG-1,0,26,94,8272,15680
GATCCTAAATCGGGAC-1,0,27,95,8524,15825
TTACAGACCTAAATGA-1,0,26,96,8272,15970
CCTCACCTTAGCATCG-1,0,27,97,8524,16114
CATGCGACCAGTTTAA-1,0,26,98,8272,16259
AACATATCAACTGGTG-1,0,27,99,8524,16404
CTATAAGAGCCAATCG-1,0,26,100,8273,16549
AATATCGAGGGTTCTC-1,0,27,101,8525,16693
GTACTCCTGGGTATGC-1,0,26,102,8273,16838
ATAAGTAGGATTCAGA-1,0,27,103,8525,16983
AGGTCGCGGAGTTACT-1,0,26,104,8274,17128
CTAATTCTCAGATATT-1,0,27,105,8526,17273
GCCAACCATTTCCGGA-1,0,26,106,8274,17418
TGATCCCAGCATTAGT-1,0,27,107,8526,17562
CGTTGTAAGATTGATT-1,0,26,108,8274,17707
GAAACCATGGTGCGCT-1,0,27,109,8527,17852
AATCTATGCCGGAGCC-1,0,26,110,8275,17997
GACTCCCAGAATAAGG-1,0,27,111,8527,18141
TATGATCCGGCACGCC-1,0,26,112,8275,18286
CCGCTTGCTGACATGG-1,0,27,113,8527,18431
TGGTTAAGGGCGCTGG-1,0,26,114,8276,18576
TTGATAGTCAATACAT-1,0,27,115,8528,18720
GGTTTAATTGAGCAGG-1,0,26,116,8276,18866
CATTACATAGATTGTG-1,0,27,117,8528,19010
GGTACACCAGATTTAT-1,0,26,118,8276,19155
GGCCCGTATACCATGC-1,0,27,119,8529,19300
ATCTTTCGTATAACCA-1,0,26,120,8277,19445
GAGATGACAATCCTTA-1,0,27,121,8529,19589
AAAGCTTGCCTACATA-1,0,26,122,8277,19734
GAACGATAAGTTAAAG-1,0,27,123,8529,19879
TAATAGCTAAATGATG-1,0,26,124,8278,20024
TATGGCTAGGCTAATT-1,0,27,125,8530,20168
AGGAGAGTCTGGCTAC-1,0,26,126,8278,20314
TGCTCTGCCGGTTCAC-1,0,27,127,8530,20458
CCAATAGATTTCATCT-1,0,28,0,8756,2069
GGGCACGAATTGGCCG-1,0,29,1,9009,2213
TCGTTGACAGGGTCCC-1,0,28,2,8757,2358
ATCGTATTCCGAGAAC-1,0,29,3,9009,2503
GGGAATTCTGTCCAGT-1,0,28,4,8757,2648
ACGCGTTTCTTAAGAG-1,0,29,5,9009,2792
GAGAGCGCAGTCCCTG-1,0,28,6,8758,2937
GTCCTATTGTTGTGGT-1,0,29,7,9010,3082
CATCTGCAGGATCATT-1,0,28,8,8758,3227
GAGTCGACAGACCCTC-1,1,29,9,9010,3371
AAGTGCAAAGGTAGAC-1,1,28,10,8758,3516
AGGGTGGATAGTGCAT-1,1,29,11,9011,3661
TGATAGCGGGATTCTA-1,1,28,12,8759,3806
GTCAGTTTGGTAGTCG-1,1,29,13,9011,3951
GCATTCGAAATGAACA-1,1,28,14,8759,4096
AAAGACTGGGCGCTTT-1,1,29,15,9011,4240
TAACAATATTTGTTGC-1,1,28,16,8760,4385
CCAGCTTCCGCCCGCA-1,1,29,17,9012,4530
GATATGGATTACGCGG-1,1,28,18,8760,4675
AGAGCAGTTATGAGAC-1,1,29,19,9012,4819
TCACATCTTATCTGAT-1,1,28,20,8760,4964
TATGAAGACAGGTGCG-1,1,29,21,9013,5109
TACCTGCTGCACTGTG-1,1,28,22,8761,5254
TAGGTCCAAGTAAGGA-1,1,29,23,9013,5398
GAAACTCGTGCGATGC-1,1,28,24,8761,5544
AACAATTACTCTACGC-1,1,29,25,9013,5688
CCGCACGTGACCTCGG-1,1,28,26,8762,5833
AACTTGCCCGTATGCA-1,1,29,27,9014,5978
GGGTATGTATGCACTT-1,1,28,28,8762,6123
TTCGTACTCCAGAACG-1,1,29,29,9014,6267
GAATTTCTCGCTGCAG-1,1,28,30,8763,6412
AACAGGATGGGCCGCG-1,1,29,31,9015,6557
GACGTGTAGGGATTAT-1,1,28,32,8763,6702
TAGGTGAGCCCTACTC-1,1,29,33,9015,6846
CTAATTCGCACGCGCT-1,1,28,34,8763,6992
GAAGCTTGCTGACCGC-1,0,29,35,9015,7136
GGTTAGGCTTGGAGAA-1,0,28,36,8764,7281
ACAAGGACAAGAGGTT-1,1,29,37,9016,7426
AGGCCACCCGTTATGA-1,1,28,38,8764,7571
GTGGGCTTAGACACAC-1,0,29,39,9016,7715
CGTGTCCCATTCGCGA-1,1,28,40,8765,7860
TGGAGTGATGCGATGA-1,0,29,41,9017,8005
AACAACTGGTAGTTGC-1,0,28,42,8765,8150
CCTGGCTAGACCCGCC-1,0,29,43,9017,8294
CGCAATTAGGGTAATA-1,0,28,44,8765,8440
TCGAAATTTAGGACCA-1,1,29,45,9017,8584
AGACTAGCCTTCCAGA-1,0,28,46,8766,8729
TTGATCTAACTTTGTC-1,1,29,47,9018,8874
AAGGAGCGGTTGGTGC-1,1,28,48,8766,9019
ACTTGGGACCCGGTGG-1,1,29,49,9018,9163
TGATCTCCGGCGCCAG-1,1,28,50,8767,9308
CAGTTCAAATTGACAC-1,1,29,51,9019,9453
GTCCGGCTGAATTGCG-1,0,28,52,8767,9598
CTGGAAATGGATGCTT-1,1,29,53,9019,9742
TGATCGGTTTGACCCT-1,1,28,54,8767,9888
TAGAGTCTAAGCGAAC-1,1,29,55,9019,10032
GAGACTGATGGGTAGA-1,1,28,56,8768,10177
TAGCTAAGTCCGGGAG-1,1,29,57,9020,10322
GGGCGATATGTGTGAA-1,1,28,58,8768,10467
CTCGAGGTCGAACAGT-1,1,29,59,9020,10611
GATCCCTTTATACTGC-1,1,28,60,8769,10756
GTCATGCACCTCCGTT-1,1,29,61,9021,10901
ACTTTCCTATAGCTTC-1,1,28,62,8769,11046
TCGCTCGATATATTCC-1,1,29,63,9021,11190
ATAGGTTGGGCAGATG-1,1,28,64,8769,11336
CAATTAAGGGTGATGA-1,1,29,65,9022,11480
ACCGACTGAGTCCCAC-1,1,28,66,8770,11625
CCTGTCACCCGGGCTC-1,1,29,67,9022,11770
GATCGGTGGCCATAAC-1,1,28,68,8770,11915
CCTATGGGTTACCGTC-1,1,29,69,9022,12059
TTGGGACACTGCCCGC-1,1,28,70,8771,12204
CGAGGCTAAATATGGC-1,1,29,71,9023,12349
TCAGGGTGTAACGTAA-1,1,28,72,8771,12494
CGAGAGATGTGAACCT-1,1,29,73,9023,12638
TCGCTGGGCGGATTGT-1,1,28,74,8771,12783
AGATCTCAGGTGTGAT-1,1,29,75,9024,12928
TGGCCAAACTGAAGTA-1,1,28,76,8772,13073
GCTTCCGTCCCTAGAC-1,1,29,77,9024,13218
CAGCAGCCCGTTCCTT-1,1,28,78,8772,13363
TGTATAACAGATCCTG-1,1,29,79,9024,13507
CGCGGGAATTAGGCAG-1,1,28,80,8773,13652
TGCATGTGGTAATCTA-1,1,29,81,9025,13797
ACAATTTGAGCAGTGG-1,1,28,82,8773,13942
GAGCTAAGGGCATATC-1,1,29,83,9025,14086
CCAGATAGTTGAGTGA-1,1,28,84,8773,14231
CCACAATGTACGTCTT-1,1,29,85,9026,14376
CAATGGATCTCTACCA-1,1,28,86,8774,14521
TGTGGCAAAGCGTATG-1,1,29,87,9026,14665
TAAAGCGTTAGGAGAA-1,0,28,88,8774,14811
TCCGTTTAGCCTTGAA-1,0,29,89,9026,14955
CAGCTCGACAAGTTAA-1,0,28,90,8775,15100
GCCTATAGTGTCAGGG-1,0,29,91,9027,15245
ATAGACAACGGGACCT-1,0,28,92,8775,15390
CTACTATCTTTCAGAG-1,0,29,93,9027,15534
GCGCTGCTTTGCATTT-1,0,28,94,8775,15679
GCGCATCCAGTCAGCA-1,0,29,95,9028,15824
GACTCGCGGGAATGAC-1,0,28,96,8776,15969
CTGGTAACGAGCTCTT-1,0,29,97,9028,16113
TCCGGCCTAGCGTACA-1,0,28,98,8776,16259
TCTAGGTGGCGACGCT-1,0,29,99,9028,16403
ACGCTAGTGATACACT-1,0,28,100,8777,16548
ATCTGCACCTCTGCGA-1,0,29,101,9029,16693
CCTCACCTGAGGGAGC-1,0,28,102,8777,16838
AGTGAGCCTCGCCGCC-1,0,29,103,9029,16982
ACGAGTACGGATGCCC-1,0,28,104,8777,17127
GGTACCATTAAGACGG-1,0,29,105,9030,17272
TTCTGCTAGACTCCAA-1,0,28,106,8778,17417
TAACTATTACGCCAAA-1,0,29,107,9030,17561
GCATTCAAGGCAACGC-1,0,28,108,8778,17707
AGTACATCATTTATCA-1,0,29,109,9030,17851
GTCGTGTCTGGTCATC-1,0,28,110,8779,17996
AGTCTAAAGTATACTC-1,0,29,111,9031,18141
CGGCCCAACCTGTAGT-1,0,28,112,8779,18286
AGGGAGACATACTTCG-1,0,29,113,9031,18430
TCCCTAGATCAATAGG-1,0,28,114,8779,18575
TCCCGTCGCGTCATAG-1,0,29,115,9032,18720
CGCATCCATCAGCCAG-1,0,28,116,8780,18865
CTGCACCTAGTCCACA-1,0,29,117,9032,19009
CGAGGATCGGGAACGA-1,0,28,118,8780,19155
CAATGAGGTTCGACTA-1,0,29,119,9032,19299
TCTGACGGGCTAACCC-1,0,28,120,8781,19444
TTCTATGCCTTTCGCA-1,0,29,121,9033,19589
AGAGTATAGTGTTACG-1,0,28,122,8781,19734
CCATTGTTTCCTCCAT-1,0,29,123,9033,19878
CTCATCACTTAGTGAT-1,0,28,124,8781,20023
CCGAAGGGCGTACCGC-1,0,29,125,9034,20168
TCAAGCTGCCTTGAAA-1,0,28,126,8782,20313
CTCATTAACGTTGCCC-1,0,29,127,9034,20457
GTCTTCCTCACCTAAG-1,0,30,0,9260,2068
GGTGATGAAGGAAGTG-1,0,31,1,9512,2212
TCAATACAATTGCTGC-1,0,30,2,9261,2357
GCAACCCAAGTTGTTT-1,0,31,3,9513,2502
ATGAAGTGGACCCAGC-1,0,30,4,9261,2647
GAGAATCTCACGATCA-1,0,31,5,9513,2791
TATATCATTGATCAGT-1,0,30,6,9262,2937
AACTTTACGGGAGCTT-1,1,31,7,9514,3081
TTCTTGTGTCCATCAG-1,0,30,8,9262,3226
ACAATTTAGGAGGCTC-1,1,31,9,9514,3371
ATACTTGTTCTCGAGC-1,0,30,10,9262,3516
CACGGGATTGAGGGTT-1,1,31,11,9515,3660
GTTAATGTCTATCTTA-1,1,30,12,9263,3805
GCGTTATATTTGGAAC-1,1,31,13,9515,3950
CGTCAAGGCTATAAAT-1,1,30,14,9263,4095
TTAGCTCTGTAATCCG-1,1,31,15,9515,4239
AATGGTCCACCGTTCA-1,1,30,16,9264,4385
GTCATTGCATTGACCC-1,1,31,17,9516,4529
TGTCCGTGGCGCCTTT-1,1,30,18,9264,4674
TCAACTAACGTATAAC-1,1,31,19,9516,4819
TCCTCTCCAGTTGTCC-1,1,30,20,9264,4964
TGTGTTCGTATCCAAG-1,1,31,21,9517,5108
CCGCGTAGGTAAGGGC-1,1,30,22,9265,5253
CTGCGGGTGAAATGTT-1,1,31,23,9517,5398
TATCTACAGAGGTAAT-1,1,30,24,9265,5543
CTACTCTAGGCCCGGC-1,1,31,25,9517,5687
ACAAGCAGTGCCTAGC-1,1,30,26,9266,5833
TACAAGTCTCGTGCAT-1,1,31,27,9518,5977
TCGGAATGCGCTCTGA-1,1,30,28,9266,6122
TCGCGTCCAGAAGGTC-1,0,31,29,9518,6267
TATGGCCCGGCCTCGC-1,1,30,30,9266,6412
GCTGGCATATTCACCT-1,1,31,31,9519,6556
GTCAGAATAGTCTATG-1,1,30,32,9267,6701
GGCGTCCTATCCGCTG-1,0,31,33,9519,6846
CGGAGTTTGAGAGACA-1,0,30,34,9267,6991
AGCACTTAAGGACGCC-1,0,31,35,9519,7135
TCCACAATGGTTTACG-1,0,30,36,9268,7281
CCAACGATGCACTGAT-1,0,31,37,9520,7425
ATTTACAGTTTACTGG-1,0,30,38,9268,7570
CCCTGAAATGAGTTGA-1,1,31,39,9520,7715
CAAACGGTCGCACTTT-1,1,30,40,9268,7860
TGATTCGTCTATCACT-1,0,31,41,9521,8004
TCAGGTTCTTTGAGAA-1,0,30,42,9269,8149
CACGCAGCGAGGCTTT-1,1,31,43,9521,8294
TTAAGCGCCTGACCCA-1,1,30,44,9269,8439
CTTACACGGTATTCCA-1,1,31,45,9521,8583
AAGGCTGTGCTCATCG-1,1,30,46,9270,8728
GACCAGAGCCCTGTAG-1,1,31,47,9522,8873
TCCCAGGCTTAGCTAA-1,1,30,48,9270,9018
ATTGAAGATCTTAGTG-1,1,31,49,9522,9163
AGTTCCTACAGAATTA-1,1,30,50,9270,9308
GGGCTGGTTAGTCGCG-1,1,31,51,9523,9452
GAAATGGCGGTGTTAG-1,1,30,52,9271,9597
TACGAACACGACTTCA-1,1,31,53,9523,9742
ACCACAAGTTTCTATC-1,1,30,54,9271,9887
ATATTTAACCCTCAAG-1,1,31,55,9523,10031
GATCATTCCAAACATT-1,1,30,56,9272,10176
TCCAGGCGAGTACGGT-1,1,31,57,9524,10321
GTTTGACCAAATCCTA-1,1,30,58,9272,10466
CACAGCACCCACGGCA-1,1,31,59,9524,10610
TGCAAGAATGACGTAA-1,1,30,60,9272,10756
GCGAAGCCATACCCGT-1,1,31,61,9525,10900
TCCTTTCTTACGCTTA-1,1,30,62,9273,11045
GCTGCTCTCCGGACAC-1,1,31,63,9525,11190
ACTGTCTTCTTTAGAA-1,1,30,64,9273,11335
TCAAACTTAGATTGTT-1,1,31,65,9525,11479
CTATGTCACTAGCCCA-1,1,30,66,9274,11624
TGCGCAAAGCATTTGG-1,1,31,67,9526,11769
TTAATGTAGACCAGGT-1,1,30,68,9274,11914
GGCGGTAGGATCATTG-1,1,31,69,9526,12058
GGCAATAGTCAATGAG-1,1,30,70,9274,12204
ACACGAGACTCCTTCT-1,1,31,71,9527,12348
GACACAAGGGAAGAAA-1,1,30,72,9275,12493
TCAGCAAATGCATCTC-1,1,31,73,9527,12638
GAGATCTGTCACTCCG-1,1,30,74,9275,12783
ATGCCGGTCTTGCATA-1,1,31,75,9527,12927
TTGGGCGGCGGTTGCC-1,1,30,76,9276,13072
TTGTTGTGTGTCAAGA-1,1,31,77,9528,13217
ACTGTACGATACACAT-1,1,30,78,9276,13362
TCCACTTTATCTAGGT-1,1,31,79,9528,13506
GGTCTGAGAATCTGGA-1,1,30,80,9276,13652
TAGAAAGGTGGCGCTA-1,1,31,81,9529,13796
TATGTCTCATTGTGCC-1,1,30,82,9277,13941
GGATTTCACTTCTATA-1,1,31,83,9529,14086
TGAGTGGTCCGTGACG-1,1,30,84,9277,14231
CGCTTTCTTGCATTCG-1,1,31,85,9529,14375
ACCCAACGCCCGTGGC-1,1,30,86,9278,14520
GAACGTCTCATGGTCG-1,1,31,87,9530,14665
AGGGTTCCCTTTGGTT-1,1,30,88,9278,14810
GTAGCTTCCTCTTGTT-1,1,31,89,9530,14954
GCATGAGGGACGCGGC-1,0,30,90,9279,15100
CTACCCTAAGGTCATA-1,1,31,91,9531,15244
TCACCGCTCGGCACTC-1,0,30,92,9279,15389
GGCTCGCGTTGAGGTA-1,0,31,93,9531,15534
CTAACGAAACTTGCTG-1,0,30,94,9279,15679
TTAAACTCGAATTCAT-1,0,31,95,9531,15823
TACTTTACTGAGCCGG-1,0,30,96,9280,15968
GCTTGGATCGATTAGG-1,0,31,97,9532,16113
CGGTTATCCAACAGTG-1,0,30,98,9280,16258
CAGACCTGTAAGTGTT-1,0,31,99,9532,16402
GACGGTCAATAGAAGC-1,0,30,100,9281,16547
CTGACTGCGCAGCTCG-1,0,31,101,9533,16692
CCATACCTTTACTTGT-1,0,30,102,9281,16837
GTAATAAAGGGCTCCC-1,0,31,103,9533,16982
GTGAACTCCCATTCGA-1,0,30,104,9281,17127
GTGGTTACTTCTTTCG-1,0,31,105,9533,17271
TCAGAACCTCCACAGG-1,0,30,106,9282,17416
TCCCACTCTCTTCCGG-1,0,31,107,9534,17561
ATCTTGACTTGTCCAA-1,0,30,108,9282,17706
TCGGGAACGTGCCTAG-1,0,31,109,9534,17850
GTTAGCCGTAAATCAA-1,0,30,110,9283,17995
ATTTACTAAGTCCATT-1,0,31,111,9535,18140
GGGTGCATATGAAAGC-1,0,30,112,9283,18285
TCCGAATGGTCCTGAG-1,0,31,113,9535,18429
TGATGGCTGTTTCTGA-1,0,30,114,9283,18575
AAATAAGGTAGTGCCC-1,0,31,115,9535,18719
CCACTATCCGGGTCAC-1,0,30,116,9284,18864
ACACCACATAATTAGC-1,0,31,117,9536,19009
CGCGGTAAGTCTAGCT-1,0,30,118,9284,19154
GCGGGCATTACGATGC-1,0,31,119,9536,19298
AGGATTGCTTACGACA-1,0,30,120,9285,19443
CTCGGGATAACACCTA-1,0,31,121,9537,19588
GTCGTCTGGTTGGCTA-1,0,30,122,9285,19733
GCAATTAGTCGCACCG-1,0,31,123,9537,19877
GTGACCTAAAGAATAA-1,0,30,124,9285,20023
CTGAGCGAGACTTATT-1,0,31,125,9538,20167
CAAGACTCAGAAGCGC-1,0,30,126,9286,20312
ACTTCGCTAGCGAGTG-1,0,31,127,9538,20457
CCATACTCGCCTCTCC-1,0,32,0,9764,2067
ACGATACCTATCCTGA-1,0,33,1,10016,2212
CTCACCAGTACAAGTG-1,0,32,2,9765,2357
CGAAGACGGTGAGTGC-1,0,33,3,10017,2501
AAATTAATAAGCGCGA-1,0,32,4,9765,2646
GGGCCCTTATCTATAC-1,0,33,5,10017,2791
CTGCCCACGAAGCGTT-1,1,32,6,9765,2936
GGACAAGTTGCAGTGA-1,1,33,7,10018,3080
GTCCGAGAGCAATCAT-1,1,32,8,9766,3225
ATGGCAGCCGAGAAAC-1,1,33,9,10018,3370
CCTCGGATGCTACCTG-1,1,32,10,9766,3515
ATACGGTGAAGATGCA-1,1,33,11,10018,3660
ACATCAGCTGGGACGC-1,1,32,12,9767,3805
GGTTGTGTAGCCTGGC-1,1,33,13,10019,3949
CCTGCGTTCTACGCTT-1,1,32,14,9767,4094
GAACGTTAGGAAGACG-1,1,33,15,10019,4239
CTGATAGTGTATCTCA-1,1,32,16,9767,4384
TTCTGCGAGCGCCCTT-1,1,33,17,10020,4528
CTTTGGCGCTTTATAC-1,1,32,18,9768,4673
TCCGAACTTGGCTTAC-1,1,33,19,10020,4818
TAGATTCCTGGTTATT-1,1,32,20,9768,4963
CCGACAAAGGGAGTGC-1,1,33,21,10020,5107
CCATGGCCCTTGTACC-1,1,32,22,9769,5253
GAAATATCACCATCAG-1,1,33,23,10021,5397
ACGAAATGGGCGGCAC-1,1,32,24,9769,5542
GTGAGCGTGCTGCACT-1,1,33,25,10021,5687
CCGCGGGTACGAAGAA-1,1,32,26,9769,5832
TCCCTGGCTCGCTGGA-1,0,33,27,10022,5976
CAGCTTAGTAGGTAGC-1,0,32,28,9770,6121
CACGAAAGTTAGTCCC-1,0,33,29,10022,6266
ACCTAATCGACTTCCT-1,0,32,30,9770,6411
AAGTAGTGACGCGAGG-1,0,33,31,10022,6555
TCCGATTACATTGCCG-1,0,32,32,9771,6701
CCTCCGACAATTCAAG-1,0,33,33,10023,6845
GTTCACAGGAGTCTAG-1,0,32,34,9771,6990
CGAAGTTGCTCTGTGT-1,0,33,35,10023,7135
GTCGGATATCTCAGAC-1,0,32,36,9771,7280
CGCTCTCCGTAGATTA-1,1,33,37,10024,7424
CAAGCAACGTCGGAGT-1,1,32,38,9772,7569
CCATTCCCTGCCCACA-1,1,33,39,10024,7714
CTTTGGCTTTAGTAAA-1,1,32,40,9772,7859
GGCTATTAAGTTGTAT-1,1,33,41,10024,8003
CCATTAGCGATAATCC-1,1,32,42,9773,8149
TGTTCTTCCATTGACT-1,1,33,43,10025,8293
AGATAACTTCAGGGCC-1,1,32,44,9773,8438
ATAGACGAAGAGAAAG-1,1,33,45,10025,8583
GGCGGAGTAATATTAG-1,1,32,46,9774,8728
TGACCCACGTTAGACA-1,1,33,47,10026,8872
TCACAGGTTATTGGGC-1,1,32,48,9774,9017
TCACGCATTGTAGATC-1,1,33,49,10026,9162
TTGAAGAATTCCCAGG-1,1,32,50,9774,9307
AAATGGTCAATGTGCC-1,1,33,51,10026,9451
TAGTGCCCTCCAGAGT-1,1,32,52,9775,9597
GGTATTGCCGAGTTTA-1,1,33,53,10027,9741
CGTATTAAGAGATCTA-1,1,32,54,9775,9886
ACTGTCCAGGATTATA-1,1,33,55,10027,10031
CGGGCAGCTAAACCGC-1,1,32,56,9776,10176
TTGCTGATCATGTTCG-1,1,33,57,10028,10320
TATGGGTACGTATCGT-1,1,32,58,9776,10465
CAGCTCACTGAGACAT-1,1,33,59,10028,10610
GGGACTGCATAGATAG-1,1,32,60,9776,10755
ACGCATTCGTGAGTAC-1,1,33,61,10028,10899
CTCTGGACGCCTGGTG-1,1,32,62,9777,11045
AGGGTTTAGTTCGGGA-1,1,33,63,10029,11189
GGGAGAACTCACAGTA-1,1,32,64,9777,11334
ATCAATCTGGGCTGCA-1,1,33,65,10029,11479
TCTTCGATACCAATAA-1,1,32,66,9778,11624
ACGTAGATTGCTGATG-1,1,33,67,10030,11768
TCTTGATGCGTAGCGA-1,1,32,68,9778,11913
GGGCTGCCTAGGGCGA-1,1,33,69,10030,12058
CTCTCACAATCGATGA-1,1,32,70,9778,12203
CCAAGCGTAACTCGTA-1,1,33,71,10031,12347
ACAACAGCATGAGCTA-1,1,32,72,9779,12492
GTCCCAACGTAAAGTA-1,1,33,73,10031,12637
TCGGAGTACATGAGTA-1,1,32,74,9779,12782
GGGAGTTAATGAGGCG-1,1,33,75,10031,12927
CCGGGCGGTCTCGTCA-1,1,32,76,9780,13072
CCGTAAGTTGGTCCCA-1,1,33,77,10032,13216
GGAGGGCTTGGTTGGC-1,1,32,78,9780,13361
TCGGACGCCCAGCCCA-1,1,33,79,10032,13506
TCTGTGCCATCATAGT-1,1,32,80,9780,13651
GTACTGGAGTTAGACC-1,1,33,81,10033,13795
GGAATGCGCTAGCGTG-1,1,32,82,9781,13940
GTGTGAATAACTTAGG-1,1,33,83,10033,14085
GGTCGGCCAGGAGCTT-1,1,32,84,9781,14230
TAGCCGGCGGTCAGCG-1,1,33,85,10033,14374
CGGGTGTACCCATTTA-1,1,32,86,9782,14520
AGTGATTCAAGCAGGA-1,1,33,87,10034,14664
GTTGGATTGAGAACAC-1,1,32,88,9782,14809
CACACGCGCTGTCTTA-1,1,33,89,10034,14954
TAGACGCCCGTACCGG-1,1,32,90,9782,15099
GGTTTCAATCGGTCAG-1,1,33,91,10035,15243
AATCTGCGTTGGGACG-1,1,32,92,9783,15388
TTACGGATGGTTCGAG-1,1,33,93,10035,15533
CGGCAGGGTCGGGTTG-1,0,32,94,9783,15678
GCTTTCAGAGGAGGTG-1,0,33,95,10035,15822
TCTTCCCATGGGCACA-1,0,32,96,9784,15968
TACCGCGGACTTGCAG-1,0,33,97,10036,16112
AGAATTATGGATTCGA-1,0,32,98,9784,16257
ATTGATGAGTCCTAAC-1,0,33,99,10036,16402
TAGGTCGCCGGAACTG-1,0,32,100,9784,16547
TAACCTACCGTCCGAG-1,0,33,101,10037,16691
CTTAGTAGGCCTACAG-1,0,32,102,9785,16836
CTAGATGTGAGTGTAA-1,0,33,103,10037,16981
ACTCCCGAATTCGTTT-1,0,32,104,9785,17126
GTTCATCGTTTGGCTG-1,0,33,105,10037,17270
ACTTTACCCTCATGAA-1,0,32,106,9786,17416
GCGAGAGTTGCGTCCA-1,0,33,107,10038,17560
GTTCGGGCGTACCATT-1,0,32,108,9786,17705
CGACTTTGTATAGCCT-1,0,33,109,10038,17850
GCCATCGATGCTGCAT-1,0,32,110,9786,17995
GCATTTCCAAGGCTCC-1,0,33,111,10039,18139
ATGTAAGGCTGCTCTT-1,0,32,112,9787,18284
ACGTTCGCAATCAATT-1,0,33,113,10039,18429
GTGACGAGGGTGACCC-1,0,32,114,9787,18574
ATTATAGCTACTTTAC-1,0,33,115,10039,18718
CGTGTGTTAAACCCTG-1,0,32,116,9788,18864
TTGGTATGGCTTGTGT-1,0,33,117,10040,19008
CATTCCCATTCCGTCG-1,0,32,118,9788,19153
TGCCGAAAGCGTATTC-1,0,33,119,10040,19298
CAACACATCTCCTGCC-1,0,32,120,9788,19443
CTGCCTCATATGCAAC-1,0,33,121,10041,19587
TCCCGCCTATGTGCGT-1,0,32,122,9789,19732
GGTTACCCGACACTTT-1,0,33,123,10041,19877
CCAGCGGGATCACCAG-1,0,32,124,9789,20022
ATGTTTCGGCCCGGAG-1,0,33,125,10041,20166
GCGTCTAACCTCCTAA-1,0,32,126,9790,20312
ATCAGGTAGCTGACAG-1,0,33,127,10042,20456
GGTATGAAAGAACTGA-1,0,34,0,10268,2066
GTGGCCTAATATCATT-1,0,35,1,10520,2211
CCTGTGAAACCGTAAC-1,1,34,2,10269,2356
GGCAGAGAGATCGGGA-1,1,35,3,10521,2500
TAGCGTCGAATATTGA-1,0,34,4,10269,2646
CGCCGACTATTCGCTA-1,0,35,5,10521,2790
TCTGGCGCAAGCCGGG-1,0,34,6,10269,2935
AGTGGTTGCGTATAGG-1,1,35,7,10521,3080
ATCGGTTACCTAGTAA-1,1,34,8,10270,3225
CCTGCCCGTTGTCTAG-1,1,35,9,10522,3369
GCACACGCCCATGGTC-1,1,34,10,10270,3514
AGTACGGCCCGTATCG-1,1,35,11,10522,3659
TATCTAGCCTAAAGGA-1,1,34,12,10271,3804
CACTCGGTTAGGAGGA-1,1,35,13,10523,3948
ATGTTCGTCGACCCAC-1,1,34,14,10271,4094
TTCCTCTGCCCGAATA-1,1,35,15,10523,4238
TTACTATCGGCTTCTC-1,1,34,16,10271,4383
GCCGCATTAGTCCGGC-1,1,35,17,10523,4528
TAAGGGCTGGGAGAGG-1,1,34,18,10272,4673
TAAGCAGGCGACACGC-1,1,35,19,10524,4817
AGCACTACCGGCCTGT-1,1,34,20,10272,4962
GAAAGCCCTTTGGACC-1,1,35,21,10524,5107
GACCGACTGAAGCGTC-1,1,34,22,10273,5252
CGGTGAAGACTAAAGT-1,1,35,23,10525,5396
CCCTGCGCTACGCATA-1,1,34,24,10273,5542
TACTGGACAGCTCGGC-1,0,35,25,10525,5686
TTAGTAGGGCGGCGGG-1,0,34,26,10273,5831
GAGGCTATCAAAGTCG-1,0,35,27,10526,5976
TTACCATTGATTACCC-1,0,34,28,10274,6121
ATACCACGGGCAACTT-1,0,35,29,10526,6265
TGTCCTAAGTCACCGC-1,0,34,30,10274,6410
AGGTAGGTACAAAGCT-1,0,35,31,10526,6555
GGCATACAGGTAGCGG-1,0,34,32,10275,6700
TGTAGTGATCTATAAT-1,0,35,33,10527,6844
TCCCGGGTGTGCTGCT-1,0,34,34,10275,6990
TACGATGTTGATCATC-1,0,35,35,10527,7134
CCTCTCTCCCATCTAG-1,0,34,36,10275,7279
GCAGGACTATAGAATA-1,1,35,37,10528,7424
CTAGTGAAGGACAGGA-1,1,34,38,10276,7569
TACGAGAACTTCACGT-1,1,35,39,10528,7713
CGTTGTTTCAATTCCC-1,1,34,40,10276,7858
GCAAATATTACGCTTT-1,1,35,41,10528,8003
CCAATAGTGCCGTCGA-1,1,34,42,10277,8148
ATTGCTGCTCCTCCAT-1,1,35,43,10529,8292
GAGATCTGCTTGGCAT-1,1,34,44,10277,8437
GCCGAAATTCCTACGT-1,1,35,45,10529,8582
GGCACTCCACTGGGCA-1,1,34,46,10277,8727
GGGTCACCGTGACGGT-1,1,35,47,10530,8872
CACTTAATCAGACGGA-1,1,34,48,10278,9017
CGTTTCGCTCATTACA-1,1,35,49,10530,9161
ATAAAGGCTCGGTCGT-1,1,34,50,10278,9306
CACTAAAGTTGCCTAT-1,1,35,51,10530,9451
GTGCTCAAGTACTGTC-1,1,34,52,10279,9596
CCATGCCTGTTTAGTA-1,1,35,53,10531,9740
TCTAGTTATCAGAAGA-1,1,34,54,10279,9885
TTGTAATCCGTACTCG-1,1,35,55,10531,10030
TCCCAGCTTTAGTCTG-1,1,34,56,10279,10175
CTACGCACGGAGTACC-1,1,35,57,10532,10319
AAATTAACGGGTAGCT-1,1,34,58,10280,10465
CGGCCACGCACAAAGT-1,1,35,59,10532,10609
GAAGCGTGAGGAATTT-1,1,34,60,10280,10754
ATATCTTAGGGCCTTC-1,1,35,61,10532,10899
ACGCGGGCCAAGGACA-1,1,34,62,10281,11044
GCGAGTTCTGCAAAGA-1,1,35,63,10533,11188
TATTCGTGCCAGAATA-1,1,34,64,10281,11333
AGGGCTGCAGTTACAG-1,1,35,65,10533,11478
CTAGCATAGTATAATG-1,1,34,66,10281,11623
TAGGTTCGAGTTCGTC-1,1,35,67,10534,11767
GAATTATAGTGAAAGG-1,1,34,68,10282,11913
CTATCGGGTCTCAACA-1,1,35,69,10534,12057
GCGCTAATTGAATAGA-1,1,34,70,10282,12202
ATGCGACAGTCCCATT-1,1,35,71,10534,12347
GGTAGTGCTCGCACCA-1,1,34,72,10283,12492
AAGCTCGTGCCAAGTC-1,1,35,73,10535,12636
TATTCAATTCTAATCC-1,1,34,74,10283,12781
TTCAAAGTCTCTAGCC-1,1,35,75,10535,12926
TTGAATATGGACTTTC-1,1,34,76,10283,13071
AAGAGCTCTTTATCGG-1,1,35,77,10536,13215
TTACTCCGGCCGGGAA-1,1,34,78,10284,13361
AAACGAGACGGTTGAT-1,1,35,79,10536,13505
GCTAAGTAGTTTCTCT-1,1,34,80,10284,13650
ATAACGCCGGAGGGTC-1,1,35,81,10536,13795
GGATCCGGAATATACT-1,1,34,82,10285,13940
TGAAAGGACCTGACTC-1,1,35,83,10537,14084
TCCGCGGCAGCATCTG-1,1,34,84,10285,14229
TGCATATGTCTGTCAC-1,1,35,85,10537,14374
TGTAGGAGAAATTTCC-1,1,34,86,10285,14519
AGTGAGACTTCCAGTA-1,1,35,87,10538,14663
CCCAAACATGCTGCTC-1,1,34,88,10286,14809
GCTTATGAAGCAGGAA-1,1,35,89,10538,14953
TTCTAACCGAAGCTTA-1,1,34,90,10286,15098
GGATGTCCTTACCGCA-1,1,35,91,10538,15243
AGGGTGCTCTCGAGGG-1,1,34,92,10287,15388
AACTCTCAATAGAGCG-1,1,35,93,10539,15532
TCTGAATTCCGTACAA-1,1,34,94,10287,15677
GCGTGGTACTGGGTTA-1,1,35,95,10539,15822
CGTCGGATAGTGTTGA-1,1,34,96,10288,15967
ATATGTCTCCCTAGCC-1,1,35,97,10540,16111
TCTTTAAGACTATGAA-1,0,34,98,10288,16256
TCATTTAAGTCTCCGA-1,1,35,99,10540,16401
GATATTGAGATTGGCG-1,0,34,100,10288,16546
TGACATCGAGCGGACC-1,1,35,101,10540,16691
GCGTAAATGGCCATAA-1,0,34,102,10289,16836
ATTGTACAACTCGGCT-1,0,35,103,10541,16980
TACGCTATAGAAACCT-1,0,34,104,10289,17125
CACCCAAATCTTATGT-1,0,35,105,10541,17270
AGATGATGGAGTCTGG-1,0,34,106,10290,17415
CCACGGTGCCCGGTAG-1,0,35,107,10542,17559
TCAAGAAATACTAGCT-1,0,34,108,10290,17704
AGGTATAATTGATAGT-1,0,35,109,10542,17849
CAAGGTCCTATAGGCT-1,0,34,110,10290,17994
CCGGCACGACCGTTTC-1,0,35,111,10542,18138
ACCTCCGTTATTCACC-1,0,34,112,10291,18284
GCAGCCTATATCACAT-1,0,35,113,10543,18428
GGTATAGTGACACATA-1,0,34,114,10291,18573
AAATTCCAGGTCCAAA-1,0,35,115,10543,18718
TCTTTAGCAGGCGAAC-1,0,34,116,10292,18863
TATTGACATTTCTGCC-1,0,35,117,10544,19007
TCTGATCGGGTGCTAG-1,0,34,118,10292,19152
GGCCCGGAGCATGTCT-1,0,35,119,10544,19297
GGGCGCAGCGTTACTC-1,0,34,120,10292,19442
TTGGCGATCCGAATAT-1,0,35,121,10544,19586
CCACGTAAATTAGACT-1,0,34,122,10293,19732
TCTGATTGGAAATGGA-1,0,35,123,10545,19876
ATGGCGGAATAGTCGC-1,0,34,124,10293,20021
ATCGCTTTACGTCTCA-1,0,35,125,10545,20166
TACGTGCAAGGTTCCT-1,0,34,126,10294,20311
CAGGACAGCTGCCCTT-1,0,35,127,10546,20455
CAAACCAGGTCTGCAT-1,0,36,0,10772,2066
ACAAGCTATATGGAAG-1,0,37,1,11024,2210
TCGCCCACTGCGAGAG-1,0,36,2,10772,2355
AGCCGCAAATTCAAAT-1,0,37,3,11025,2500
TTAACGTTAAAGCCTG-1,0,36,4,10773,2645
CAGCGCCAACACGATA-1,0,37,5,11025,2789
ATCCAATGGTACCGAA-1,0,36,6,10773,2934
GTGCTGCAGATAAGGA-1,0,37,7,11025,3079
GGCCTTTGCAACTGGC-1,1,36,8,10774,3224
GTCGTACCTACGATTG-1,1,37,9,11026,3369
TAGAAATTCACGTATA-1,1,36,10,10774,3514
AGAATAAATCTTCAGG-1,1,37,11,11026,3658
CATTGCGAAATGGGCG-1,1,36,12,10774,3803
GTCTACTCAATTACAA-1,1,37,13,11027,3948
TGTAATGACCACAATA-1,1,36,14,10775,4093
AAAGTCGACCCTCAGT-1,1,37,15,11027,4237
TACTCGGCACGCCGGG-1,1,36,16,10775,4382
AGGTGTATCGCCATGA-1,1,37,17,11027,4527
TGTGCTTTACGTAAGA-1,1,36,18,10776,4672
AAACCTCATGAAGTTG-1,0,37,19,11028,4817
TATAGGGTACTCATGA-1,1,36,20,10776,4962
CCAGCTGATGGTACTT-1,1,37,21,11028,5106
AATATTGGAGTATTGA-1,1,36,22,10776,5251
GGCCCTCACCCACTTA-1,1,37,23,11029,5396
AACCAAGACTTCTCTG-1,1,36,24,10777,5541
TCGTATTACCCATTGC-1,0,37,25,11029,5685
ATTCGACGCCGGGCCT-1,0,36,26,10777,5830
GGCGCAGGACATCTTC-1,0,37,27,11029,5975
GTACTCCCTTATCGCT-1,0,36,28,10778,6120
TGGTCTGTTGGGCGTA-1,0,37,29,11030,6264
AATAACAACGCTCGGC-1,0,36,30,10778,6410
CATACCCGTACCCAGT-1,0,37,31,11030,6554
ACAATCCATTTAAACC-1,0,36,32,10778,6699
GTTACAATTGGTGACG-1,0,37,33,11031,6844
TTGCCCTGATCACGGG-1,0,36,34,10779,6989
CTAACCGCGCGCCCGT-1,0,37,35,11031,7133
CTAAAGAATGCCTACT-1,1,36,36,10779,7278
ACCCATCTTGAGGGTA-1,1,37,37,11031,7423
GATCTTTGCAGGGTAT-1,1,36,38,10780,7568
GGGTACTTCATGAACT-1,1,37,39,11032,7712
GCCGCTTGTGAGAAAC-1,1,36,40,10780,7858
CCTGTAAGACATGATA-1,1,37,41,11032,8002
CGACAGTTCGCGTTAT-1,1,36,42,10780,8147
ACGATGCATATGTTAT-1,1,37,43,11033,8292
TGTTCCGCTTCCATGA-1,1,36,44,10781,8437
GGATGACGCGAGTTTA-1,1,37,45,11033,8581
GAAGTTTCCACTCAAT-1,1,36,46,10781,8726
GCGAGGCCCGAGCAGA-1,1,37,47,11033,8871
CATACTATGTAATTGT-1,1,36,48,10782,9016
CCAATGTCACAGCAAG-1,1,37,49,11034,9160
GTTGGATTTGCGTTGG-1,1,36,50,10782,9306
GGGAGGATGCCCGAAA-1,1,37,51,11034,9450
GATCGCGGGCTCTCCA-1,1,36,52,10783,9595
GTTCGCCATAAGTGCC-1,1,37,53,11035,9740
AGATTATAGGACGTTT-1,1,36,54,10783,9885
TCGAGACCAACACCGT-1,1,37,55,11035,10029
TATGGGACCGAGCAGG-1,1,36,56,10783,10174
GATGCGTCCTGCATTC-1,1,37,57,11035,10319
TATGGTCTGAGTAACA-1,1,36,58,10784,10464
GCATAGAGCACTCAGG-1,1,37,59,11036,10608
CTTCATTGTCAGTGGA-1,1,36,60,10784,10754
GCAGATTAGGGATATC-1,1,37,61,11036,10898
CCTGTCGCCCGTAAAT-1,1,36,62,10785,11043
CAATTTCGTATAAGGG-1,1,37,63,11037,11188
GTACACTTACCTGAAG-1,1,36,64,10785,11333
CCAGCCTGGACCAATA-1,1,37,65,11037,11477
ATGGAGCAGGCCGTGA-1,1,36,66,10785,11622
GTCATTAGAGCGAACG-1,1,37,67,11037,11767
AAGACTGCAAGCTACT-1,1,36,68,10786,11912
CTAGTCACGTCTTAAG-1,1,37,69,11038,12056
ACTCTTGTATAGTAAC-1,1,36,70,10786,12201
ATTAGGCGATGCTTTC-1,1,37,71,11038,12346
TTCGGGACTAATCGCG-1,1,36,72,10787,12491
TGGACTGTTCGCTCAA-1,1,37,73,11039,12636
AACGTGCGAAAGTCTC-1,1,36,74,10787,12781
CCACCCAAGGAAAGTG-1,1,37,75,11039,12925
CCGCACAAAGACCAAC-1,1,36,76,10787,13070
GCGATTGTTAACGTTA-1,1,37,77,11040,13215
ACTCGTCAGTAATCCC-1,1,36,78,10788,13360
GGTGATAAGGAGCAGT-1,1,37,79,11040,13504
AAGAGGCATGGATCGC-1,1,36,80,10788,13649
CACGTTCGTGCTCTAG-1,1,37,81,11040,13794
CTATTTGGTTACGGAT-1,1,36,82,10789,13939
GTACAGAGGCAAGGGT-1,1,37,83,11041,14083
GGGCCGGCCGAAGTAC-1,1,36,84,10789,14229
CCTGAACGATATATTC-1,1,37,85,11041,14373
CCGGGCTGCTCCATAC-1,1,36,86,10789,14518
TACTTGTTAGTAGTCC-1,1,37,87,11042,14663
CCTAGGCGTAGCGATC-1,1,36,88,10790,14808
CTGGCGCACAGGTCTG-1,1,37,89,11042,14952
ACTTATACTTACCCGG-1,1,36,90,10790,15097
GAAGTCTCCCTAGCGA-1,1,37,91,11042,15242
ACCGATGGTAGCATCG-1,1,36,92,10791,15387
CGAGTTTATCGGACTG-1,1,37,93,11043,15531
CATAACGGACAGTCGT-1,1,36,94,10791,15677
TGACGATGCACTAGAA-1,1,37,95,11043,15821
TAGGGAGCTTGGGATG-1,1,36,96,10791,15966
AGGGTCGATGCGAACT-1,1,37,97,11044,16111
TATATCCCTGGGAGGA-1,1,36,98,10792,16256
CATCTTACACCACCTC-1,1,37,99,11044,16400
GTGCGACAGGGAGTGT-1,1,36,100,10792,16545
CCGATCTCAACCTTAT-1,1,37,101,11044,16690
ACGATCATCTTGTAAA-1,1,36,102,10793,16835
GAAAGAACAGCGTTAT-1,1,37,103,11045,16979
CTAGGTCTGAAGGAAT-1,0,36,104,10793,17125
ATATCAACCTACAGAG-1,1,37,105,11045,17269
AAATAGCTTAGACTTT-1,0,36,106,10793,17414
GCGACATGTAAACATC-1,1,37,107,11046,17559
ATAAGTAGGGCGACTC-1,0,36,108,10794,17704
GCGAGCGCATGCTCCC-1,0,37,109,11046,17848
AGGGACCGGCTGCGTT-1,0,36,110,10794,17993
CCTATGAAGTGGTGCC-1,0,37,111,11046,18138
GCTTACGTAGTTAGTA-1,0,36,112,10795,18283
CATACTTAGGCAATAC-1,0,37,113,11047,18427
CCTGTCCCTCACGTTA-1,0,36,114,10795,18573
CAATGTGCCAACCCTT-1,0,37,115,11047,18717
GTTAAGTTAGAGTGGG-1,0,36,116,10795,18862
CTGGGATACGCTACCC-1,0,37,117,11048,19007
AACCTGTCACGGAATT-1,0,36,118,10796,19152
ACTGCGGACACACCGT-1,0,37,119,11048,19296
CCGTGAGGCATTCATG-1,0,36,120,10796,19441
GCCCAGATGCTGGAGA-1,0,37,121,11048,19586
TCTGGCCGTTCAAGTT-1,0,36,122,10797,19731
ATACGAAGGCTTTCCA-1,0,37,123,11049,19875
GATCCGAATATAAGTG-1,0,36,124,10797,20021
GTGGAGCATGTCGGCC-1,0,37,125,11049,20165
ACTCTTCAGCTCCCGC-1,0,36,126,10797,20310
CCCGATAGCCTCGCCT-1,0,37,127,11050,20455
ACAGGTGTGTTGTTGC-1,0,38,0,11276,2065
TGAACTGCTATGACTT-1,1,39,1,11528,2209
TGACATATATGACGAT-1,0,38,2,11276,2355
AAGTCTTCTGTGGCCT-1,0,39,3,11528,2499
ACCAGACCATAACAAC-1,0,38,4,11277,2644
TGAGACGTACCTCTCA-1,0,39,5,11529,2789
GACCGTTACATGCGAC-1,0,38,6,11277,2934
GGTTCGGATTATACTA-1,0,39,7,11529,3078
CCTCCTGAGCCCACAT-1,1,38,8,11278,3223
CCGCGATTTGGTAGGT-1,1,39,9,11530,3368
AATCTCTACTGTGGTT-1,1,38,10,11278,3513
ACTTTGACTGCATCCT-1,1,39,11,11530,3657
CCCTGACTAACAAATT-1,1,38,12,11278,3803
ACGCTGTGAGGCGTAG-1,1,39,13,11530,3947
GCATACGAGGTCTTTA-1,1,38,14,11279,4092
TCGGGATTCAAACATA-1,1,39,15,11531,4237
GGGCCCTACGAAAGGG-1,1,38,16,11279,4382
CGCCAAGAAGCCGAGT-1,1,39,17,11531,4526
GGTACATCTGGGACGA-1,1,38,18,11280,4671
GGATGCTGGCGTTCCT-1,1,39,19,11532,4816
CCGATTCGAGGGACCC-1,1,38,20,11280,4961
CCACTGGTGGCTGGTT-1,1,39,21,11532,5105
GACAGGCACACACTAT-1,1,38,22,11280,5251
TCAACGCGACCGGCAG-1,0,39,23,11532,5395
CTACGACTAGCTATAA-1,0,38,24,11281,5540
CGGTTGACCTGGCATA-1,0,39,25,11533,5685
ATCCTGAATCGCTGCG-1,0,38,26,11281,5830
GTTTCATATCGTCGCT-1,0,39,27,11533,5974
ATAAATATTAGCAGCT-1,0,38,28,11282,6119
AAGAGGATGTACGCGA-1,0,39,29,11534,6264
TCCTGCGTTGATACTC-1,0,38,30,11282,6409
CGTGCATTGTCGACGC-1,0,39,31,11534,6553
CCGGGTTCGAGGTTAC-1,0,38,32,11282,6699
CCCAATTTCACAACTT-1,1,39,33,11535,6843
TGATTTATTAGCTGTG-1,1,38,34,11283,6988
TGGAAGAAGGGAACGT-1,1,39,35,11535,7133
GACGCTTGCTTCTAAA-1,1,38,36,11283,7278
GGGAACGGGAGGTTAG-1,1,39,37,11535,7422
GCGGCTCTGACGTACC-1,1,38,38,11284,7567
ACGTTAGATTTGCCCG-1,1,39,39,11536,7712
GAGAGGGCGCGAGGTT-1,1,38,40,11284,7857
GCGTCTCTGCATTGGG-1,1,39,41,11536,8001
GCAGCACACAGCCCAG-1,1,38,42,11284,8146
CAGGCCGTTTGGGTGT-1,1,39,43,11537,8291
AACTCAAGTTAATTGC-1,1,38,44,11285,8436
CTTCGTAGATAGGTGA-1,1,39,45,11537,8581
TGCAGAGTACCGAGCA-1,1,38,46,11285,8726
GAAGTGATTTATCGTG-1,1,39,47,11537,8870
CGCTACGGGACATTTA-1,1,38,48,11286,9015
CCACACTGAGATATTA-1,1,39,49,11538,9160
CGATCCGACCCAGTGC-1,1,38,50,11286,9305
CTGTACTTCTTAGCAT-1,1,39,51,11538,9449
ACTTATTAGGATCGGT-1,1,38,52,11286,9594
TAGTCCGCAGAGAATG-1,1,39,53,11539,9739
TTCACGAAAGGATCAC-1,1,38,54,11287,9884
TACATTTCTAACGTGC-1,1,39,55,11539,10028
ACCATATCCGCAATAA-1,1,38,56,11287,10174
CACTCAAGAGCTATGG-1,1,39,57,11539,10318
TGTACGAACAAATCCG-1,1,38,58,11288,10463
ATCATCCAATATTTGT-1,1,39,59,11540,10608
CGCTATTCTTAGGCTC-1,1,38,60,11288,10753
TGGCAGCAGTAATAGT-1,1,39,61,11540,10897
TCACGTGCCCGATTCA-1,1,38,62,11288,11042
CATACGGCGTCTGGGC-1,1,39,63,11541,11187
CACATGATTCAGCAAC-1,1,38,64,11289,11332
GCTAGTAGAGCTTGTA-1,1,39,65,11541,11476
TGCTGTTGAAGAACTC-1,1,38,66,11289,11622
CGGAGCATGGCGATCC-1,1,39,67,11541,11766
TAGCGTTGGGTCTTAC-1,1,38,68,11290,11911
GTAGCGGCTATACACT-1,1,39,69,11542,12056
TAACATACAATGTGGG-1,1,38,70,11290,12201
TCTTCGAATAGACGTT-1,1,39,71,11542,12345
GATCGTGACTGATATC-1,1,38,72,11290,12490
GATCCGGGAATTAACA-1,1,39,73,11543,12635
TTATATACGCTGTCAC-1,1,38,74,11291,12780
GTCGCGTAACCCGTTG-1,1,39,75,11543,12924
AGCTCTAGACGTTCCA-1,1,38,76,11291,13070
GTCAAGCGGACTCGGG-1,1,39,77,11543,13214
CGAGGGACTGCGGTCG-1,1,38,78,11292,13359
AATCGCCTCAGCGCCA-1,1,39,79,11544,13504
CTTGTTGCTGAGTCAA-1,1,38,80,11292,13649
GATATGAGACACTAAC-1,1,39,81,11544,13793
TTATGATCTTAACGAA-1,1,38,82,11292,13938
CGCCGCCCATGCCTGT-1,1,39,83,11545,14083
CTGGGATAAATAATGG-1,1,38,84,11293,14228
GTGCCCGTTCGGATTC-1,1,39,85,11545,14372
TTCAATACTCTGAATC-1,1,38,86,11293,14518
CGCACATGTCCACTAC-1,1,39,87,11545,14662
AGAAGAGCGCCGTTCC-1,1,38,88,11294,14807
GATAACTCGCACTGTG-1,1,39,89,11546,14952
AGTCGACGGTCTCAAG-1,1,38,90,11294,15097
GTGACCGCACACTACG-1,1,39,91,11546,15241
GTATGTGGGTCTAGTT-1,1,38,92,11294,15386
CTTGAGTTAGGGTAAT-1,1,39,93,11547,15531
TTAGCTGATTTGCCGT-1,1,38,94,11295,15676
GCTGTTGCTACCGAAC-1,1,39,95,11547,15820
TATTACCATCCTGCTT-1,1,38,96,11295,15965
TTGAATTCACGTGAGG-1,1,39,97,11547,16110
CCATCTCACCAGTGAA-1,1,38,98,11296,16255
CGCACGTGCGCTATCA-1,1,39,99,11548,16400
ACCCGGATGACGCATC-1,1,38,100,11296,16545
CGCTAGAGACCGCTGC-1,1,39,101,11548,16689
ATAGTTCCACCCACTC-1,1,38,102,11296,16834
GCAGACCCAGCACGTA-1,1,39,103,11549,16979
TAGACTACCTAGCGTT-1,0,38,104,11297,17124
GGTTCTACTCGTCTGA-1,1,39,105,11549,17268
GACTCACCCACGTGAG-1,1,38,106,11297,17413
AGCTCTTCGTAACCTT-1,1,39,107,11549,17558
ACTATCCAGGGCATGG-1,1,38,108,11298,17703
AAGGATCGATCGCTTG-1,1,39,109,11550,17847
ATATCGGTAGGGAGAT-1,1,38,110,11298,17993
TTCCAGACGAGATTTA-1,1,39,111,11550,18137
GACCGACGTGAAAGCA-1,0,38,112,11299,18282
CCTGGAAACGTTCTGC-1,0,39,113,11551,18427
CCGGTAATGGCTAGTC-1,0,38,114,11299,18572
GCCGTGGAAGAAATGT-1,0,39,115,11551,18716
GTCTTGAGGAGCAGTG-1,0,38,116,11299,18861
TCCCAAAGCCCTAAAT-1,0,39,117,11551,19006
TTGAGCGCCACGTGAT-1,0,38,118,11300,19151
TTGAGTCCCGCTGCTG-1,0,39,119,11552,19295
ATGGAACCTTTGCACA-1,0,38,120,11300,19441
GCTAGCACCTGGGCCA-1,0,39,121,11552,19585
CGCCGTCTACCCATCG-1,0,38,122,11301,19730
GATAGGTGTCCCGGGC-1,0,39,123,11553,19875
AGGTATGCGGACATTA-1,0,38,124,11301,20020
TTGGTTCGCTCAAAGG-1,0,39,125,11553,20164
TCTGGAGCGTAAGAGT-1,0,38,126,11301,20309
TGCCTAAATTTAATAG-1,0,39,127,11553,20454
TAATTTCCGTCCAGTA-1,0,40,0,11780,2064
TCCTTCAATCCCTACG-1,0,41,1,12032,2209
TACCTATCCCTAGAGG-1,0,40,2,11780,2354
GCATGGGTACTGACGC-1,0,41,3,12032,2498
GTCGGGAACATGGTAG-1,0,40,4,11781,2643
GCAAATGAGGACACTT-1,0,41,5,12033,2788
GAATGGGCTTATCGAC-1,0,40,6,11781,2933
TGGTCGTGCAAGGCAA-1,0,41,7,12033,3078
CACCACGCCACACAGA-1,1,40,8,11781,3223
GAACCTCGACCTACAC-1,0,41,9,12034,3367
CAATACGCTCTGAGGC-1,1,40,10,11782,3512
TGGTAAGCAGGATTGA-1,1,41,11,12034,3657
AGTGGCTCCGTCGGCC-1,1,40,12,11782,3802
GATCGGATAGAACCAT-1,1,41,13,12034,3946
GCTACAGTACGGACCG-1,1,40,14,11783,4091
TCTATTACTAGAGGAT-1,1,41,15,12035,4236
TTCAGGCGTCAAAGCC-1,1,40,16,11783,4381
AGACCGGGAAACCCTG-1,0,41,17,12035,4526
AGAGATCTCTAAAGCG-1,1,40,18,11783,4671
CCCTGCCCAATCCGCT-1,0,41,19,12036,4815
GTGGCGGTCCCAGCGT-1,0,40,20,11784,4960
GCATTGTAATTCATAT-1,0,41,21,12036,5105
CCGTTCCGAATCTCGG-1,0,40,22,11784,5250
AGCTTGATCTTAACTT-1,0,41,23,12036,5394
CCTGTACTCACGCCCA-1,0,40,24,11785,5539
AAGTGACGACCGAATT-1,0,41,25,12037,5684
CTCACTTGGCTGGTAA-1,0,40,26,11785,5829
CGCCTGGCCTACGTAA-1,0,41,27,12037,5973
CCCGTAAGTCTAGGCC-1,0,40,28,11785,6119
TTGGACATGTGGCTTA-1,0,41,29,12038,6263
ATTACGCGCTGGCAGG-1,0,40,30,11786,6408
ACGCGCTACACAGGGT-1,1,41,31,12038,6553
TACGTTTACCGGCAAT-1,0,40,32,11786,6698
CGAAACGCAATTCATG-1,1,41,33,12038,6842
TAGTCTAACAACGAGA-1,1,40,34,11787,6987
TTGCATGCTGATCACG-1,1,41,35,12039,7132
TCTGGGTAGCGCTCAT-1,1,40,36,11787,7277
ACATCGGTCAGCCGCG-1,1,41,37,12039,7421
AGATACCGGTGTTCAC-1,1,40,38,11787,7567
GATTACTGAATTTGGG-1,1,41,39,12040,7711
TCCAACTTTAAATTCT-1,1,40,40,11788,7856
TCCTAGCAAAGAAGCT-1,1,41,41,12040,8001
GTCTATCTGAGTTTCT-1,1,40,42,11788,8146
GATGTTCAATCCACGA-1,1,41,43,12040,8290
AGTTAAACACTTGCGA-1,1,40,44,11789,8435
AGCTCTTTACTCAGTT-1,1,41,45,12041,8580
ATCCAGGATTCGTGAA-1,1,40,46,11789,8725
AGTCAACACCACCATC-1,1,41,47,12041,8869
CGATACCTCGCGGACA-1,1,40,48,11789,9015
TACAACGCACAACTCA-1,1,41,49,12042,9159
AATTAAAGGTCGGCGT-1,1,40,50,11790,9304
TACGCAGTTCTTTCCT-1,1,41,51,12042,9449
GACCGTGCTGACGGTG-1,1,40,52,11790,9594
GGCAAATTACTTTACT-1,1,41,53,12042,9738
GGTACAAACATGCTAT-1,1,40,54,11791,9883
CGGGCCTTCTTTGTAA-1,1,41,55,12043,10028
CGTGAAGTTAATTCAC-1,1,40,56,11791,10173
ATAGTGAAGCGTTCTC-1,1,41,57,12043,10317
TACGCCATATTCTAAT-1,1,40,58,11792,10463
GCCGGGTTAGGGTCGC-1,1,41,59,12044,10607
TACATAGGCATACACC-1,1,40,60,11792,10752
GCCGATTGGCCAAGCT-1,0,41,61,12044,10897
CTGCCATGCATCACAT-1,1,40,62,11792,11042
TTATGAATGAAAGGGA-1,1,41,63,12044,11186
GCTGAGGCGTGAGTAT-1,1,40,64,11793,11331
GCGCCGTTCCACGATA-1,1,41,65,12045,11476
CGCATGGTGCGATGCT-1,1,40,66,11793,11621
AGGTTTCACACACCTT-1,1,41,67,12045,11765
CAAGGATCGCATGTTC-1,1,40,68,11794,11910
ACGTTAATGTCGAAGA-1,1,41,69,12046,12055
TCCAGAGCACCGGTTC-1,1,40,70,11794,12200
GATTCGACGGTTCACG-1,1,41,71,12046,12345
GTTTCTGCAGTCTCCC-1,1,40,72,11794,12490
GCTGCACGGTTTCTTA-1,1,41,73,12046,12634
CGTGCAGACTGGGACA-1,1,40,74,11795,12779
GTGTTACTATGCGTCC-1,1,41,75,12047,12924
TCCTCGGGCTGGGCTT-1,1,40,76,11795,13069
GTGAGGACACTTAAGG-1,1,41,77,12047,13213
ATACGCCGGCGAAACC-1,1,40,78,11796,13358
TCTGCCAGAAACTGCA-1,1,41,79,12048,13503
TTCTGCGGGTTAGCGG-1,1,40,80,11796,13648
CTCGGTACCACTGCTC-1,1,41,81,12048,13792
GTAAGTAACAGTCTGG-1,1,40,82,11796,13938
GTGCGTGTATATGAGC-1,1,41,83,12049,14082
ATTTGTCTTGGGAGCT-1,1,40,84,11797,14227
CCTCGGACCGGGATAG-1,1,41,85,12049,14372
TAGGTGCTCGCCTAGC-1,1,40,86,11797,14517
CTTTAGGAACACTGTT-1,1,41,87,12049,14661
TCGGGCCGTCGTGGTA-1,1,40,88,11798,14806
AGTGCTTGCACGAATA-1,1,41,89,12050,14951
TGCAGTTTCCTCCCAT-1,1,40,90,11798,15096
TGAGAGATTTACCACG-1,1,41,91,12050,15240
GAAACAGATGACCACC-1,1,40,92,11798,15386
AGCAACATATCTTATT-1,1,41,93,12051,15530
CAAGTGTGGTTGCAAA-1,1,40,94,11799,15675
GCCTCATCTGGAAATA-1,1,41,95,12051,15820
AACCCTACTGTCAATA-1,1,40,96,11799,15965
ACGTATTACTCCGATC-1,1,41,97,12051,16109
TCTGGGAACCTTTGAA-1,1,40,98,11800,16254
GCTCGCTCATGTCCAA-1,1,41,99,12052,16399
GCGCAAGAGCGCGCTG-1,1,40,100,11800,16544
TTGACGCTCCATGAGC-1,1,41,101,12052,16688
TATAGATGGTCGCAGT-1,1,40,102,11800,16834
TTACATGCCACAACTA-1,1,41,103,12053,16978
ACATGGCGCCAAAGTA-1,1,40,104,11801,17123
TATGGTTAGTGGGAGA-1,1,41,105,12053,17268
CATGACTTCGCTGAAT-1,1,40,106,11801,17413
ACCACCAATGTAACAA-1,0,41,107,12053,17557
TCTTAGAGCTCCAATT-1,1,40,108,11802,17702
CCACGAATTTAACCTC-1,0,41,109,12054,17847
TTCTTGCTAGCATCTC-1,0,40,110,11802,17992
ACACCTTACTACTTGC-1,0,41,111,12054,18136
AGTCGGTTGCGTGAGA-1,1,40,112,11802,18282
ACCTACAGTATGTGGT-1,0,41,113,12055,18426
GAGGATAAACAGTGCT-1,0,40,114,11803,18571
TTCCGGTATCTGTGTC-1,0,41,115,12055,18716
GGAGGCCGAAGTCGTC-1,0,40,116,11803,18861
TTCGCTAGGAAGTTGT-1,0,41,117,12055,19005
TAAAGACAACCCTTTA-1,0,40,118,11804,19150
GTTGCGCTAACATTAC-1,0,41,119,12056,19295
GCTGAACTCTCCAGGG-1,0,40,120,11804,19440
AGCCCTGTCGCACCGT-1,0,41,121,12056,19584
AGCGCTAGAGCGATGT-1,0,40,122,11804,19730
TGCGCCGTTAATAACG-1,0,41,123,12057,19874
TGACAACGCATGTCGC-1,0,40,124,11805,20019
CGTCTTGAGTGTGACG-1,0,41,125,12057,20164
GATAGGATTAATTACA-1,0,40,126,11805,20309
GATACCGTGTCGGAGT-1,0,41,127,12057,20453
TGTGTCGAAGTCGAGG-1,0,42,0,12284,2064
GGATCAGAGCCATCAG-1,0,43,1,12536,2208
GTCCCAATCATCCCGC-1,0,42,2,12284,2353
TGCCACACTAGAGGAA-1,0,43,3,12536,2498
TGAATTTCACTTGCCT-1,0,42,4,12284,2643
CTCAGATTGTGATAAG-1,0,43,5,12537,2787
CGGACGTTACTTGAAG-1,0,42,6,12285,2932
CCGCCTTGCGATGTCG-1,0,43,7,12537,3077
CCAGTCAAATCTCTTA-1,0,42,8,12285,3222
AAACAGCTTTCAGAAG-1,0,43,9,12537,3366
TAGCTGATGTGAAGCG-1,0,42,10,12286,3512
CTTATGCGCTCAGGGC-1,0,43,11,12538,3656
TGGCTCTTGTCGCGTA-1,1,42,12,12286,3801
TTGTGAGGCATGACGC-1,0,43,13,12538,3946
CATAAGCTCTCCGTCT-1,1,42,14,12287,4091
CCTTCTCAGCGTTCCT-1,1,43,15,12539,4235
TGCAGCTACGTACTTC-1,1,42,16,12287,4380
CTCTACACTGGCGATT-1,0,43,17,12539,4525
TGCAGATCGTCCTAGG-1,1,42,18,12287,4670
TGCCAAAGTCAGACTT-1,0,43,19,12539,4814
ACAATAGTCGTACGTT-1,0,42,20,12288,4960
CATGCCAACTCGCAAA-1,0,43,21,12540,5104
TGCAGAACTATATCGT-1,0,42,22,12288,5249
TCGTGTCACGCTGACA-1,0,43,23,12540,5394
TGATCAGGGAACTGCT-1,0,42,24,12289,5539
CTTGCAACCGCCTCCT-1,0,43,25,12541,5683
AGCCCATACATGTAAG-1,0,42,26,12289,5828
ATCCAATGGAGGGTCC-1,0,43,27,12541,5973
AAACCGGGTAGGTACC-1,0,42,28,12289,6118
GCAACCACGGCCGCGT-1,1,43,29,12541,6262
CGCTTATTCCCGGTCG-1,1,42,30,12290,6408
TTACTCTGGTACGTAC-1,1,43,31,12542,6552
GTGGTTTCCGCCTTTC-1,1,42,32,12290,6697
ATAGGCGGCTATAGAA-1,1,43,33,12542,6842
GTGCCATCACACGGTG-1,1,42,34,12291,6987
CCCAACATACGTCGCG-1,1,43,35,12543,7131
CGGTGCAGATAGAACG-1,1,42,36,12291,7276
GGGCGGGTTCCCTACG-1,1,43,37,12543,7421
TGAGCCATACAGTCTC-1,1,42,38,12291,7566
CTCCGCCCACATGAGG-1,1,43,39,12544,7710
GTTGAACCGGTTCCAT-1,1,42,40,12292,7855
TTGACTACCATATGGT-1,1,43,41,12544,8000
ACCATCGTATATGGTA-1,1,42,42,12292,8145
TGCGTAAGAACCTGAT-1,1,43,43,12544,8290
AGAAGGTTGCCGAATT-1,1,42,44,12293,8435
AGGACGACCCATTAGA-1,1,43,45,12545,8579
GGTGCTGGTACACATT-1,1,42,46,12293,8724
GCGCTATGCCGAGGCA-1,1,43,47,12545,8869
ACCCGGTTACACTTCC-1,1,42,48,12293,9014
TAACTCATCCGCGCGG-1,1,43,49,12546,9158
CACAATGAGCTGCTAT-1,1,42,50,12294,9303
GTTACTTTGGGCCTAG-1,1,43,51,12546,9448
GGGCCCGTCTTAAACA-1,1,42,52,12294,9593
GAAATTGTCTCTATAA-1,1,43,53,12546,9737
GGCGCATGAATTGATG-1,1,42,54,12295,9883
CATATAGGTACAGTCA-1,1,43,55,12547,10027
TCAACGAGGAGACAAA-1,1,42,56,12295,10172
TTGCACAATTCAGAAA-1,1,43,57,12547,10317
CATCGGACGGGTTAAT-1,1,42,58,12295,10462
ATTAAACATGCGGACC-1,1,43,59,12548,10606
TATCTACCACAGCGGG-1,1,42,60,12296,10751
CGAGACCCTAGAGTGT-1,1,43,61,12548,10896
ACATCGATCGTTTACC-1,1,42,62,12296,11041
ATCGACCCAATACAGA-1,1,43,63,12548,11185
GAATCTGAACATTCTC-1,1,42,64,12297,11331
AGTTCCTATTTATGTT-1,1,43,65,12549,11475
CAGTCTGTATACTGGG-1,1,42,66,12297,11620
GGAGACGACACCTTTG-1,1,43,67,12549,11765
CCTAAATTAACGGTTC-1,1,42,68,12297,11910
GCTACGACTTATTGGG-1,1,43,69,12550,12054
CTGTGCAGGGTAGGTC-1,1,42,70,12298,12199
ACGCCGCTAGACGACC-1,1,43,71,12550,12344
ACTTGACTCCCTCTTT-1,1,42,72,12298,12489
CGCCTCCCTCCTCTAT-1,1,43,73,12550,12633
CTAGATTTACGACGGC-1,1,42,74,12299,12779
GATGCTGTATTTCATC-1,1,43,75,12551,12923
TGCGTTTGTTGACACT-1,1,42,76,12299,13068
CGTGCCCTCCCGAAGA-1,1,43,77,12551,13213
ACTCTCTGACTTAGGT-1,1,42,78,12299,13358
CTGGGTAGGCAGTTAA-1,1,43,79,12552,13502
GTTTGGCCCAAGTTAT-1,1,42,80,12300,13647
GAATGTGGTCCGGATT-1,1,43,81,12552,13792
CCCAGTTAAGGCGCCG-1,1,42,82,12300,13937
CGGTACTAGAATCAAA-1,1,43,83,12552,14081
GCTTAATGTAACTAAC-1,1,42,84,12301,14227
AGGACAGTCGAATCCC-1,1,43,85,12553,14371
GACAGCCAGACCTGAC-1,1,42,86,12301,14516
GGCGAAATCTAACTTG-1,1,43,87,12553,14661
CTGGTAACACATAGAA-1,1,42,88,12301,14806
TAGCCATTTCAAAGTC-1,1,43,89,12554,14950
GGGATTTACCGCACCT-1,1,42,90,12302,15095
ATGCCATTTGCGACCA-1,1,43,91,12554,15240
GAATAGACGCGACCCA-1,1,42,92,12302,15385
TGTATGGCGCAGACAG-1,1,43,93,12554,15529
GGATGAAGATCGCTGA-1,1,42,94,12303,15674
CGACAATTTGATCTAA-1,1,43,95,12555,15819
AAAGTTGACTCCCGTA-1,1,42,96,12303,15964
CGCGGCTCAACTTGAA-1,1,43,97,12555,16109
CACGCGGAACTGTTGC-1,1,42,98,12303,16254
TCTTAGAGTGAACTCT-1,1,43,99,12556,16398
AGTCCATTGGCTGATG-1,1,42,100,12304,16543
TTAAGATAGGATTGAC-1,0,43,101,12556,16688
ACATCCTGGTAACTGT-1,1,42,102,12304,16833
CACCTTGGCGCCTTTG-1,0,43,103,12556,16977
GCTAGACCGTCTACTG-1,1,42,104,12305,17122
CGGCCCAGGTATATCC-1,0,43,105,12557,17267
GTCCATTACTGCTACG-1,0,42,106,12305,17412
GGGTTTAGGATAGGAT-1,0,43,107,12557,17557
TAATTAGGACATCCGT-1,0,42,108,12305,17702
GCTCCCAGTCGGTCCA-1,0,43,109,12558,17846
ATTCGTGCTATCTCTT-1,0,42,110,12306,17991
GTTAACTATGTTGTCA-1,0,43,111,12558,18136
GCTCCGCTCGCTTCAG-1,0,42,112,12306,18281
GCAACGGCTAGTTATG-1,0,43,113,12558,18425
AATCGCGCAGAGGACT-1,0,42,114,12307,18570
AGGTTACACCATGCCG-1,0,43,115,12559,18715
CGAGATTTCGCTCGGG-1,0,42,116,12307,18860
CGATAATACTCAGGTT-1,0,43,117,12559,19004
AAGGCAGGCTGTCTCC-1,0,42,118,12308,19150
GTAAGTCCACACTCTA-1,0,43,119,12560,19294
ATGAGGGCAGCGGCTA-1,0,42,120,12308,19439
GCCGCACTCCGTTTCA-1,0,43,121,12560,19584
GAGCACGGCGCCTCTT-1,0,42,122,12308,19729
ACAATTTGGCCATATT-1,0,43,123,12560,19873
CTGGTTCGCGAGCTAC-1,0,42,124,12309,20018
GACGGTCCTAGGGTGT-1,0,43,125,12561,20163
ACTCGCGATCTGACGC-1,0,42,126,12309,20308
GTGTACGAACCGTTCC-1,0,43,127,12561,20452
CTTTGACGTCGCTTCT-1,0,44,0,12788,2063
CGTTATCATACTTCCA-1,0,45,1,13040,2207
GCTATGCCAGCTTATG-1,0,44,2,12788,2352
CAGTCGGCCTAGATAT-1,0,45,3,13040,2497
CCCGTGAGGGCGGTGA-1,0,44,4,12788,2642
TCTCGTGTTACGAGGA-1,0,45,5,13041,2787
ACGTCTCGTTCCGGGA-1,0,44,6,12789,2932
CGAGAGCGCGTAGATA-1,0,45,7,13041,3076
GACAGATTTCTGGCTC-1,0,44,8,12789,3221
GGGCCTAAATGGGCTA-1,0,45,9,13041,3366
ACTTGTAGTCCCTTCA-1,0,44,10,12790,3511
CCCGAAGTTTCGCGAA-1,0,45,11,13042,3655
ACCATCCGCCAACTAG-1,1,44,12,12790,3800
TGCGAATATGGGATTT-1,1,45,13,13042,3945
TACATCCCTATCCCTG-1,1,44,14,12790,4090
GTGGGAAGACTGAATC-1,0,45,15,13043,4235
TCAACATCGACCGAGA-1,1,44,16,12791,4380
CTATGTGAGTCACGGC-1,0,45,17,13043,4524
CCGAACACTGGGCCTC-1,1,44,18,12791,4669
AAACTTGCAAACGTAT-1,0,45,19,13043,4814
AGGGCGAGCAGCTGAT-1,0,44,20,12792,4959
AACACGAGACGCGGCC-1,0,45,21,13044,5103
TGACGAATATTTCCCT-1,0,44,22,12792,5248
TCGGAGAGTATCGGGA-1,0,45,23,13044,5393
CAAATCTCTCACAAGG-1,0,44,24,12792,5538
AGGCCCTAGAACGCCA-1,0,45,25,13045,5682
TAGAGATCATGCAACT-1,0,44,26,12793,5828
TTGTTTCCATACAACT-1,1,45,27,13045,5972
GAGAGGTGCATTCTGG-1,1,44,28,12793,6117
GTGGACCAACCCGATT-1,1,45,29,13045,6262
CTGGGCCTGCTATATC-1,1,44,30,12794,6407
CATAGTCCACAAGAAC-1,1,45,31,13046,6551
TTGACATGAACGTGGA-1,1,44,32,12794,6696
GGTTACCACCCTCGGG-1,1,45,33,13046,6841
TACCGGTCGTTTCCAT-1,1,44,34,12794,6986
CGAGTACTAAAGAGGA-1,1,45,35,13047,7130
GCAAGAATTCCTTGGC-1,1,44,36,12795,7276
TCGCCGAAGTTGCGTC-1,1,45,37,13047,7420
TTGAGAGTACTGCTAA-1,1,44,38,12795,7565
GCCACAATTTAAGGAC-1,1,45,39,13047,7710
ATATTCAGTTAAACCT-1,1,44,40,12796,7855
TGAGTGCCTCTTAAAT-1,1,45,41,13048,7999
ATCAGACGGCACGCCG-1,1,44,42,12796,8144
GTGCGAAATCGAACAC-1,1,45,43,13048,8289
GTGCCGCTTCAAAGGT-1,1,44,44,12796,8434
GATACGATGGGAGTCA-1,1,45,45,13049,8578
GACACTGAGTTCAGTG-1,1,44,46,12797,8724
ATCCTGCGTGGAATGG-1,1,45,47,13049,8868
ATCCTACCTAAGCTCT-1,1,44,48,12797,9013
AGTGATATGAGTAGTT-1,1,45,49,13049,9158
ATGATGCAATGGTACA-1,1,44,50,12798,9303
GAAACCGAATTACCTT-1,0,45,51,13050,9447
AGTGACCTACTTTACG-1,1,44,52,12798,9592
CAAATGTCCTTCCGTG-1,1,45,53,13050,9737
TTACTGGGATATTTCA-1,0,44,54,12798,9882
CTTGCCCAGGCTCTAC-1,1,45,55,13051,10026
AAATCGTGTACCACAA-1,1,44,56,12799,10172
GTGATCATAGATCTGC-1,1,45,57,13051,10316
TGGCAGATTACGATCA-1,1,44,58,12799,10461
TCACCCTCTTAAGATT-1,1,45,59,13051,10606
CAGGATATATCGTTGT-1,1,44,60,12800,10751
CCTGACCACCGATGGT-1,1,45,61,13052,10895
CTAAAGGGAAATAGGA-1,1,44,62,12800,11040
CCGCTATCAGCACCAG-1,1,45,63,13052,11185
CTTTAGTGCTATTATT-1,1,44,64,12801,11330
CGGGAATTTATGTAAA-1,1,45,65,13053,11474
TACGACTGCCTCTTAG-1,1,44,66,12801,11619
AAACTGCTGGCTCCAA-1,1,45,67,13053,11764
GTACGTTTGCCCGTCA-1,1,44,68,12801,11909
GGCAAGGCGAAATAGC-1,1,45,69,13053,12054
GATCTTGGAGGGCATA-1,1,44,70,12802,12199
AGCGTGGTATTCTACT-1,1,45,71,13054,12343
CTAAGGGAATGATTGG-1,1,44,72,12802,12488
CATGGTAAGTAGCGTT-1,1,45,73,13054,12633
CGTTGAGCGACCGTCG-1,1,44,74,12803,12778
TGCCCGTACCGTTAAA-1,1,45,75,13055,12922
ACAAGGGCAGGCTCTG-1,1,44,76,12803,13067
GAGATCTTCCATGACA-1,1,45,77,13055,13212
AATGACGTAGGATGTC-1,1,44,78,12803,13357
GTGGTGGCCAAGTGAA-1,1,45,79,13055,13501
TCCCGTGTGCAATTTG-1,1,44,80,12804,13647
ACATCGTATGCAATGG-1,1,45,81,13056,13791
GCGAAACTTAACTGGA-1,1,44,82,12804,13936
AATTGAACGCTCTGGT-1,1,45,83,13056,14081
ACAAATGGTAGTGTTT-1,1,44,84,12805,14226
ATGGTCGCGTGGTTTC-1,1,45,85,13057,14370
TGTTATTGTATGTGGC-1,1,44,86,12805,14515
TTCCGGTTACCCACTT-1,1,45,87,13057,14660
GAGTGTGCGGTACCCA-1,1,44,88,12805,14805
CAAGATATTATAACGT-1,0,45,89,13057,14949
ACACACCAGGACCAGT-1,1,44,90,12806,15095
ATGGGCCTCGGCCTCT-1,0,45,91,13058,15239
AAGGTGATAAACCAGC-1,1,44,92,12806,15384
TCTTACTTATGCCTCT-1,0,45,93,13058,15529
AAAGTGTGATTTATCT-1,0,44,94,12807,15674
TGCTCCACAGTTCTTA-1,0,45,95,13059,15818
CTGGCTGATTCATCCT-1,0,44,96,12807,15963
TAAGGCTGAATCCCTC-1,0,45,97,13059,16108
TCTAGTGATATCGTGG-1,0,44,98,12807,16253
TCGAAGAACCGAGCAC-1,0,45,99,13060,16397
GACAAACATATGCAGG-1,0,44,100,12808,16543
AAGTCAATTGTCGTCA-1,0,45,101,13060,16687
AGTGAACAAACTTCTC-1,0,44,102,12808,16832
CATGATGGAAGTTAGC-1,0,45,103,13060,16977
AAGTGCCTTGACTGTA-1,0,44,104,12809,17122
ATCGCCAGTCAACATT-1,0,45,105,13061,17266
ACCGCGGTGGAAGTCG-1,0,44,106,12809,17411
TCTTCTATAACCCGCC-1,0,45,107,13061,17556
CACATTTCTTGTCAGA-1,0,44,108,12809,17701
TAGCGTCCCTCGATTG-1,0,45,109,13062,17845
GTTCGGATCGGGAACA-1,0,44,110,12810,17991
CAAACTCGCGACGCCG-1,0,45,111,13062,18135
GTCTTGTAGCTATTCA-1,0,44,112,12810,18280
TCTCGACGTATCGCCG-1,0,45,113,13062,18425
TTGCCAAGCAGAACCC-1,0,44,114,12811,18570
AAACCCGAACGAAATC-1,0,45,115,13063,18714
TTGAGCAGCCCACGGT-1,0,44,116,12811,18859
CGCCTTTAGCATGCTC-1,0,45,117,13063,19004
TGTGGCTCCCACCAAC-1,0,44,118,12811,19149
CCGCCGTTGAGGATAA-1,0,45,119,13064,19293
CAATACGAGAGTCTGA-1,0,44,120,12812,19439
CATCTAGTGAAGGGAA-1,0,45,121,13064,19583
GGTGGAGGTTGATACG-1,0,44,122,12812,19728
CCGCACACGAACGTGT-1,0,45,123,13064,19873
AGAACCCAGCGTGACA-1,0,44,124,12813,20018
GCGCTCGATCACCTGT-1,0,45,125,13065,20162
ATCATGGACTACCGAC-1,0,44,126,12813,20307
TACGCCGCCTCAGAAG-1,0,45,127,13065,20452
CGACCTACTAGACAAT-1,0,46,0,13291,2062
GAGTCTTGTAAAGGAC-1,0,47,1,13544,2207
AATATCCTAGCAAACT-1,0,46,2,13292,2352
CCCTAGGCAACAAGAG-1,0,47,3,13544,2496
ACAAAGAAGGTAGGCC-1,0,46,4,13292,2641
CCCTGGCTGTTCCTTC-1,0,47,5,13544,2786
TCGCCGCACCGCGTGA-1,0,46,6,13293,2931
TATAGCGCACGTTATC-1,0,47,7,13545,3075
TTATCTGACATTAGGA-1,0,46,8,13293,3221
AGTGGTGTTACCCGTG-1,0,47,9,13545,3365
GCCAAGAATACTTCTG-1,0,46,10,13293,3510
CCGGCGTGAGACTCTG-1,0,47,11,13546,3655
TTCCCGGCGCCAATAG-1,1,46,12,13294,3800
AAACAGGGTCTATATT-1,1,47,13,13546,3944
ACAGTAATACAACTTG-1,1,46,14,13294,4089
CGAACGGCCGGACAAC-1,0,47,15,13546,4234
GCAACACACTAGAACT-1,1,46,16,13295,4379
ACTCCCATTCCTAAAG-1,1,47,17,13547,4523
ACCTGCGTGTCATGTT-1,0,46,18,13295,4669
TACTTTCCGCACGCCA-1,0,47,19,13547,4813
AGGTCAGGTGAGAGTG-1,0,46,20,13296,4958
TCCTCCTAAGACATTC-1,0,47,21,13548,5103
ATGTGAAAGCCTAATG-1,0,46,22,13296,5248
AGTCGGCTCAACTTTA-1,1,47,23,13548,5392
CGATCTGTTGGAGGAC-1,0,46,24,13296,5537
ACGGGAGTGTCGGCCC-1,0,47,25,13548,5682
TTAACTTCAGGTAGGA-1,0,46,26,13297,5827
CCACGGAGCCATAAGA-1,1,47,27,13549,5971
CTTCTATGTTGAAGTA-1,1,46,28,13297,6117
CACCGTTGCGCGATAT-1,1,47,29,13549,6261
TCTAGCAATCTCCGCC-1,1,46,30,13298,6406
AGTTTGGCCAGACCTA-1,1,47,31,13550,6551
TTGTAAGGACCTAAGT-1,1,46,32,13298,6696
AAATTTGCGGGTGTGG-1,1,47,33,13550,6840
AAGTTCGGCCAACAGG-1,1,46,34,13298,6985
CCGCTTACCTCACTCT-1,1,47,35,13550,7130
ATCACGTGCTAATTAA-1,1,46,36,13299,7275
GGTGAAGTACAGGGAT-1,1,47,37,13551,7419
GCTGTATTACTGGCCC-1,1,46,38,13299,7564
AACGGCCATCTCCGGT-1,1,47,39,13551,7709
TAAGTAACATCTTGAC-1,1,46,40,13300,7854
TTCTTGAGCCGCGCTA-1,1,47,41,13552,7999
AGTGCGTAGCTCGTAA-1,1,46,42,13300,8144
GGGATGGTCGTAACCG-1,1,47,43,13552,8288
GTCTGGGCGGTCGAGA-1,1,46,44,13300,8433
CGGAACGTAAACATAG-1,1,47,45,13553,8578
TGCGACACCCTAGTGC-1,1,46,46,13301,8723
CAAACGAGTATCGCAG-1,1,47,47,13553,8867
TCAGTAGGGACTATAA-1,1,46,48,13301,9012
GCGGTTCCCTATCATG-1,1,47,49,13553,9157
GTGACTTCAGTAGTGC-1,1,46,50,13302,9302
CGTCACGTCCATTGGT-1,1,47,51,13554,9446
ATAAGTTACCGCGACG-1,1,46,52,13302,9592
CTGAATCCGAGACCTC-1,0,47,53,13554,9736
TACGACGCTTGCTGCG-1,1,46,54,13302,9881
GAATTCACCCGGGTGT-1,1,47,55,13555,10026
GGGTGACACCTTAACT-1,1,46,56,13303,10171
TGAGTAAATTAGCGTA-1,1,47,57,13555,10315
GAGTCCGCTTACCGGA-1,1,46,58,13303,10460
GGCGCGTTCGAGTTTA-1,1,47,59,13555,10605
ATTCATATACTGTCCA-1,1,46,60,13304,10750
ATAAACGGACCCGTAA-1,1,47,61,13556,10894
GTCGTACCATCTCGGG-1,1,46,62,13304,11040
ATAATAGCTGTTGAAT-1,1,47,63,13556,11184
TTCCGCGTGAGGCGAT-1,1,46,64,13304,11329
TACCGGCTCACTGCCC-1,1,47,65,13557,11474
GTATCTTTCATAACCA-1,1,46,66,13305,11619
GTTACCTACAACTTGC-1,1,47,67,13557,11763
TGACTATAATCCTTTC-1,1,46,68,13305,11908
AAATACCTATAAGCAT-1,1,47,69,13557,12053
TTATTAGAGCGTGTTC-1,1,46,70,13306,12198
ATGTGGACATCTTGAT-1,1,47,71,13558,12342
GTACGCTTCATTGCAC-1,1,46,72,13306,12488
CACATATTAGCAGGAT-1,1,47,73,13558,12632
CAAGAGGGCGGAGTAC-1,1,46,74,13306,12777
TCGCAAAGATGCATTT-1,1,47,75,13559,12922
GTCGTTATTCGCTTAT-1,1,46,76,13307,13067
TCGTGTACTATGGATG-1,1,47,77,13559,13211
GCGGAGAGGGAGAACG-1,1,46,78,13307,13356
TCACAGGGAATCGCAA-1,1,47,79,13559,13501
GACTGCACCAGCCCAG-1,1,46,80,13308,13646
TCCGCTGTCATCCCGG-1,0,47,81,13560,13790
AGATACTCAAGATCGA-1,1,46,82,13308,13936
ACTGAATGGCGAAAGT-1,0,47,83,13560,14080
TCCTACATCCACGGCC-1,1,46,84,13308,14225
TTCAGCCCTGGTCCAC-1,0,47,85,13561,14370
TTAGAGTTTAGAAGGA-1,0,46,86,13309,14515
GGTTAGCTATATGTCT-1,0,47,87,13561,14659
CTGGTTTCGAGCAAGA-1,0,46,88,13309,14804
TGGGCCCATACTAATT-1,0,47,89,13561,14949
ACTTATTTATGTGCCA-1,0,46,90,13310,15094
TTAGTTATTCGTGGCA-1,0,47,91,13562,15238
AACCGCTAAGGGATGC-1,0,46,92,13310,15383
ATACGTCCACTCCTGT-1,0,47,93,13562,15528
CGACACGCTCCGACAG-1,0,46,94,13310,15673
TCTGAACTCGTACCCG-1,0,47,95,13563,15818
AGGATATAGGGATTTA-1,0,46,96,13311,15963
GTGATCACTAACGCCT-1,0,47,97,13563,16107
ACCGGGCCTTTGTTGA-1,0,46,98,13311,16252
TTGACAGGAGCTCCCG-1,0,47,99,13563,16397
CTCTTCTATTGACTGG-1,0,46,100,13312,16542
CGTGGCCGAATATCTA-1,0,47,101,13564,16686
GGTTTAGCCTTTCTTG-1,0,46,102,13312,16831
TCAAGGTTACTACACC-1,0,47,103,13564,16976
TTGACTATTGTCCGGC-1,0,46,104,13312,17121
CGGGAATATAGTATAC-1,0,47,105,13565,17266
GCAACAGCAGTATGCG-1,0,46,106,13313,17411
ATCAAACACTGTTCCA-1,0,47,107,13565,17555
TGGGCAATAGTTGGGT-1,0,46,108,13313,17700
TGAATGTCAGCCGGCC-1,0,47,109,13565,17845
CGGCTCTAAAGCTGCA-1,0,46,110,13314,17990
GGACACAAGTTTACAC-1,0,47,111,13566,18134
CCGAGAAGTCGCATAA-1,0,46,112,13314,18279
AACTACCCGTTTGTCA-1,0,47,113,13566,18424
GCACAAACGAGGCGTG-1,0,46,114,13314,18569
CACACAGCTTGCGCTC-1,0,47,115,13567,18713
GTGCTTACATCAGCGC-1,0,46,116,13315,18859
GCAAACGTCGCCAGGT-1,0,47,117,13567,19003
GAATAGCATTTAGGGT-1,0,46,118,13315,19148
TACTGTTTCTCTGGTA-1,0,47,119,13567,19293
TCCTATCATAGGTAAC-1,0,46,120,13316,19438
TTCGGTGGAGACGCCC-1,0,47,121,13568,19582
TGTTGCCGTCGTCCCA-1,0,46,122,13316,19727
CCAACTTGATAGATCC-1,0,47,123,13568,19872
CAAAGGTCATCTGAAA-1,0,46,124,13317,20017
CTAGCTTAATGGTCCC-1,0,47,125,13569,20161
AGGCCACATTGGTTAC-1,0,46,126,13317,20307
TTAGGATGGGAGGGTA-1,0,47,127,13569,20451
TATGACCTTGCGCTGG-1,0,48,0,13795,2061
ATATACATGTATGGTA-1,0,49,1,14048,2206
TGTGTGACCATGAATC-1,0,48,2,13796,2351
CCCACTCCACGGTATC-1,0,49,3,14048,2496
GGGCAGACGTCACTGC-1,0,48,4,13796,2641
TCAAAGAGCTATCTGT-1,0,49,5,14048,2785
AGATGCATCCTGTGTC-1,0,48,6,13797,2930
GTGAAGTCACGACTCG-1,0,49,7,14049,3075
TGATTCAGGTCCCGCG-1,0,48,8,13797,3220
CGCCACAGGTCGCGAT-1,1,49,9,14049,3364
TTGAATCGTTGTATAA-1,0,48,10,13797,3509
TGGCCAATTTGGTACT-1,0,49,11,14050,3654
CGACCCTTAACGCCGG-1,0,48,12,13798,3799
TCGGCGTACTGCACAA-1,0,49,13,14050,3944
GAGTAAGGCCACGGGA-1,0,48,14,13798,4089
ATCAGCTCGTCCACTA-1,1,49,15,14050,4233
AGGATCACGCGATCTG-1,1,48,16,13799,4378
AAATGGCCCGTGCCCT-1,1,49,17,14051,4523
CAGTACCAGTTTACGT-1,0,48,18,13799,4668
GGTCGTAAGCTCGCAC-1,0,49,19,14051,4812
CGTTCATGGTGCGCGT-1,0,48,20,13799,4957
GACTACAAAGCGGTGG-1,0,49,21,14052,5102
CAGCTGGCGTAACCGT-1,0,48,22,13800,5247
ACTCGTAACCCGTCCT-1,0,49,23,14052,5391
CATATGTCAGGCTACG-1,0,48,24,13800,5537
GCCCGACTTCTTCCCG-1,0,49,25,14052,5681
CTGGCATCCGAATGAG-1,1,48,26,13801,5826
AAGTGCGTTAGAATCT-1,1,49,27,14053,5971
AGAAGTGATTCGTGAT-1,1,48,28,13801,6116
TACCTTAAGATTTCCC-1,1,49,29,14053,6260
AATGACAGCAATGTCT-1,1,48,30,13801,6405
TCAACGCAGGAAATAA-1,1,49,31,14054,6550
TATTCCTCCGCCCACT-1,1,48,32,13802,6695
ATCAAACGAAGGTTTG-1,1,49,33,14054,6839
TTGATTAGCTGTTTCT-1,1,48,34,13802,6985
CTGCTGAGGCCACGAA-1,1,49,35,14054,7129
CCGTGTTAAATTCCAT-1,1,48,36,13803,7274
CACGTCGGCAACCTCT-1,1,49,37,14055,7419
GTATTCTGAGAAACGA-1,1,48,38,13803,7564
CGGTGCGCGTTGGTCC-1,1,49,39,14055,7708
GTGATTCGCCGCTCAA-1,1,48,40,13803,7853
GCCCGCGCGTAAACGG-1,1,49,41,14056,7998
AACGTACTGTGGGTAC-1,1,48,42,13804,8143
GAGTATGCCCGCCTTG-1,1,49,43,14056,8287
TGATTCTGTCGCCGGT-1,1,48,44,13804,8433
GGGCGGCAAATGAATT-1,1,49,45,14056,8577
TTCCAATCTGGCTATC-1,1,48,46,13805,8722
GGAACCGTGTAAATTG-1,1,49,47,14057,8867
TTGGTCACACTCGTAA-1,1,48,48,13805,9012
CGAACCCGCATGCGTC-1,1,49,49,14057,9156
GGGCGTCACCACGTAA-1,1,48,50,13805,9301
TACCAGAAGTAGGTTC-1,1,49,51,14058,9446
TTGGATATCGTCTACG-1,1,48,52,13806,9591
TAGATATGGACTGGAA-1,1,49,53,14058,9735
GCGACGATAGTTGTAC-1,1,48,54,13806,9881
CTGGATTTACACTTGA-1,1,49,55,14058,10025
GTTATATTATCTCCCT-1,1,48,56,13807,10170
TATTCCACTCAGCTCG-1,1,49,57,14059,10315
CTGTTACCCAATCTAG-1,1,48,58,13807,10460
ACGCGAAGTCAGACGA-1,1,49,59,14059,10604
GATAGGTAACGTTGAC-1,1,48,60,13807,10749
TGTTCGTATTGCGGTG-1,1,49,61,14060,10894
GGTCAGTGGGTCCCAC-1,1,48,62,13808,11039
AATTCTAGAGTTAGGC-1,1,49,63,14060,11183
GTTTACGTTCCATCTG-1,1,48,64,13808,11328
AGACCCACCGCTGATC-1,1,49,65,14060,11473
TCTAGCATGCCCAGAA-1,1,48,66,13809,11618
CCCGCAGCGCGAACTA-1,1,49,67,14061,11763
CTCTATTTGGCTGCAG-1,1,48,68,13809,11908
TTCTGCCGCGCCTAGA-1,1,49,69,14061,12052
ACTCCCTAGAATAGTA-1,1,48,70,13809,12197
CCGAACCTTCCCGGCC-1,1,49,71,14062,12342
TCAGACGCTATAGAAG-1,1,48,72,13810,12487
CAGGCGCCATGCTAGG-1,1,49,73,14062,12631
CACTCGAGCTGAACAA-1,1,48,74,13810,12776
ACAAGGAAATCCGCCC-1,1,49,75,14062,12921
ACCACGTGCAGCTATA-1,1,48,76,13811,13066
ACGGCGACGATGGGAA-1,0,49,77,14063,13210
TTACTAAAGGACTTTA-1,0,48,78,13811,13356
GGCTGAAATAGCAAAG-1,0,49,79,14063,13500
TTAGACGAGTCACCTC-1,0,48,80,13812,13645
GTAGTCGCGGGAATCA-1,0,49,81,14064,13790
GCAAACCCTACATTAT-1,0,48,82,13812,13935
GTTAAAGTAGGACTGG-1,0,49,83,14064,14079
ACCCTCCCTTGCTATT-1,0,48,84,13812,14224
CATGTCTCATTTATGG-1,0,49,85,14064,14369
AATAGAATCTGTTTCA-1,0,48,86,13813,14514
TCTCATGAGATAGGGT-1,0,49,87,14065,14658
ATGACTATGCGACATT-1,0,48,88,13813,14804
CCTAACCCAAACAAGT-1,0,49,89,14065,14948
AGTCAAGATGACACTT-1,0,48,90,13814,15093
CGGGAGCTTCAGTGTA-1,0,49,91,14066,15238
CCACAGTACCCATCCT-1,0,48,92,13814,15383
GAGCGCGCACGAGTAG-1,0,49,93,14066,15527
ACCAGTGCGGGAGACG-1,0,48,94,13814,15672
TCCTTACGACGGTCCG-1,0,49,95,14066,15817
TAGTCGATCACGGGTT-1,0,48,96,13815,15962
AGACGAAGTGCCGGTC-1,0,49,97,14067,16106
CGCTGGTGACTACCCT-1,0,48,98,13815,16252
AGGCATTGTCGTAGGG-1,0,49,99,14067,16396
TGGTAGAATATATGGG-1,0,48,100,13816,16541
TTCTTATCCGCTGGGT-1,0,49,101,14068,16686
AGTTTGGCACGGGTTG-1,0,48,102,13816,16831
GCATCGGCCGTGTAGG-1,0,49,103,14068,16975
ATGCGAGTCCCACCAC-1,0,48,104,13816,17120
TCGGCGAACCCAAACC-1,0,49,105,14069,17265
AGAGTAAACTTCACTA-1,0,48,106,13817,17410
AAGCCGAAGCGGTTTA-1,0,49,107,14069,17554
CCCGAGTTTCTCCGTA-1,0,48,108,13817,17700
AATATCGAATCAATGC-1,0,49,109,14069,17844
GCGCCTCCCACTCCGA-1,0,48,110,13818,17989
CGTTAAACTAGTTAGG-1,0,49,111,14070,18134
TGAGTTAAAGACATTC-1,0,48,112,13818,18279
AACAGGTAGTATGGAT-1,0,49,113,14070,18423
GAACGCGGGTCACACG-1,0,48,114,13818,18568
TGTTTGAGATCGTCAG-1,0,49,115,14071,18713
ATCTCGTGAGCGAAAC-1,0,48,116,13819,18858
CTGAGAAAGTTCGGCG-1,0,49,117,14071,19002
ATTACCACACTGCCTG-1,0,48,118,13819,19148
CTGCTGTCTAACGAGC-1,0,49,119,14071,19292
CGTGGAAGCCTCGTAC-1,0,48,120,13820,19437
GGACTCACAAATTAGG-1,0,49,121,14072,19582
CTTTGCTGTCATGGAT-1,0,48,122,13820,19727
GGTGTTGGGCGTCTTA-1,0,49,123,14072,19871
TACCATGTATTGATTT-1,0,48,124,13820,20016
GGTCTCCAAGTAGTGC-1,0,49,125,14073,20161
ATCCTTCTGAAAGAAC-1,0,48,126,13821,20306
CCGGAAGTTATCAGTC-1,0,49,127,14073,20450
TTAGAGGGATATACAG-1,0,50,0,14299,2061
TTGTACACCTCGAACA-1,0,51,1,14551,2205
GTGGGTACTGAGCGTA-1,0,50,2,14300,2350
CTTAAGCAGCGAGCCG-1,0,51,3,14552,2495
GCATTGACTTGCGGAA-1,0,50,4,14300,2640
CCATAACCTGTGCAGT-1,0,51,5,14552,2784
GGGCTACTATTTCGTG-1,0,50,6,14300,2930
GGCGAGCGAAACGGCA-1,0,51,7,14553,3074
GGAGACCATCTACATA-1,0,50,8,14301,3219
AGACCAAACCACACCT-1,0,51,9,14553,3364
CGACGCATCCGTACCT-1,1,50,10,14301,3509
CCTAGGTAAAGGTAGC-1,0,51,11,14553,3653
AGCGGCGGTTAGCGGT-1,0,50,12,14302,3798
CTGGACGCAGTCCGGC-1,0,51,13,14554,3943
AGCCTAATACCCACGT-1,0,50,14,14302,4088
AATCTGGCTTTCTAGT-1,1,51,15,14554,4232
CACCCTTGGTGAGACC-1,1,50,16,14302,4378
GGATCTTGACTCAACC-1,0,51,17,14555,4522
ACGAGGATACCACTCT-1,0,50,18,14303,4667
GAGTTGATGGCAATTT-1,0,51,19,14555,4812
GTGGCAAACAGCGGCA-1,0,50,20,14303,4957
GATGTAACGAACCACC-1,1,51,21,14555,5101
AGCCGTGGCTAAATGT-1,0,50,22,14304,5246
CTCCCTCCTTTCGATC-1,0,51,23,14556,5391
TTGGAAGAATACAGTC-1,0,50,24,14304,5536
AGTTAAGTCAACCGCT-1,0,51,25,14556,5680
CTCATGGTAATTTGCG-1,1,50,26,14305,5826
AAAGTAGCATTGCTCA-1,0,51,27,14557,5970
TTGTGGTAGGAGGGAT-1,1,50,28,14305,6115
AGTCGTGGGCATTACG-1,1,51,29,14557,6260
ACCTAAGTACCTTTCA-1,1,50,30,14305,6405
GTAGAGGGAGACAAGT-1,1,51,31,14557,6549
GATCCTCGACACTGGC-1,1,50,32,14306,6694
CCTACATTCACAGACG-1,1,51,33,14558,6839
TTGACCGTGTTAATGA-1,1,50,34,14306,6984
TCTGTTACCCAGCATA-1,1,51,35,14558,7128
CTAACTGGTCCGGTTC-1,1,50,36,14307,7273
AGCGACAGGAACGGTC-1,1,51,37,14559,7418
TAATAGAACAGAGTTA-1,1,50,38,14307,7563
ACAGGTGGAGGTGAGG-1,1,51,39,14559,7708
TGCGAGAATATTACCC-1,1,50,40,14307,7853
TTGCGTCGGCCAACCG-1,1,51,41,14559,7997
AGGCTTCCCGAAGAAG-1,1,50,42,14308,8142
GCGGACCGCGTTGTGG-1,1,51,43,14560,8287
GTAATCTGATTCTTCG-1,1,50,44,14308,8432
CCGCGGAATGCGTCAC-1,1,51,45,14560,8576
TTCCACACAGATTTGA-1,1,50,46,14309,8721
CTTCTATTAATGCTAG-1,1,51,47,14561,8866
CATTTGAGTGGTACGT-1,1,50,48,14309,9011
TCACAGCAAACTCGAA-1,1,51,49,14561,9155
CAGACGAACCTGATAC-1,1,50,50,14309,9301
TAGCTAGAAGGCATGA-1,0,51,51,14562,9445
ATCCAGAGCAACAACC-1,0,50,52,14310,9590
TCCGGTTCGTCCGGTC-1,0,51,53,14562,9735
CGCGCATGTTTGATTG-1,0,50,54,14310,9880
TGGCGATCAAGTTATG-1,0,51,55,14562,10024
CCCTTTGACAGGTCTT-1,1,50,56,14311,10169
CAGAGACGGTCACCCA-1,0,51,57,14563,10314
TAGCTCGCCTGATAAC-1,1,50,58,14311,10459
TTGTGTTTCCCGAAAG-1,0,51,59,14563,10603
TATACACAGACGCCTT-1,1,50,60,14311,10749
ACATTAGTTTATATCC-1,0,51,61,14564,10893
CCATCGCAGTTAAACT-1,1,50,62,14312,11038
AATTAGCGCTGCAGCG-1,1,51,63,14564,11183
TCCGCTTATCCCATTA-1,1,50,64,14312,11328
GTTTGGGCTTGTGAGC-1,1,51,65,14564,11472
CTTGTCAACATTCGAG-1,1,50,66,14313,11617
GGACCAACAGGATAAC-1,1,51,67,14565,11762
AAGCTAGATCGAGTAA-1,1,50,68,14313,11907
TACCGTGCCTCGGACC-1,0,51,69,14565,12051
GTAGCCAAACATGGGA-1,1,50,70,14313,12197
TGCCAGTACGTGGAGA-1,0,51,71,14566,12341
ATAAGGTGGAGAACAT-1,1,50,72,14314,12486
CTTTAATATTGGTCGA-1,0,51,73,14566,12631
TGGTTCAACGGGTAAT-1,1,50,74,14314,12776
GCTGCTACTGCGTAGC-1,0,51,75,14566,12920
CTGCACAACTACATAT-1,0,50,76,14315,13065
ATATTCCACATAGTGA-1,0,51,77,14567,13210
TGGCAAACTAAATTAC-1,0,50,78,14315,13355
ACCGCAATAACTGCCT-1,0,51,79,14567,13499
TCGCACCAGGAGGCAG-1,0,50,80,14315,13645
ACTTCAGGCTGATCCC-1,0,51,81,14568,13789
ACAAATCGCACCGAAT-1,0,50,82,14316,13934
TCTGATGTATTCTGTC-1,0,51,83,14568,14079
CTTTACCGAATAGTAG-1,0,50,84,14316,14224
GCAGATCCATAAGACT-1,0,51,85,14568,14368
TTCCTCGGACTAACCA-1,0,50,86,14317,14513
TTATCCGGGATCTATA-1,0,51,87,14569,14658
CTGGAAGACACGGTGG-1,0,50,88,14317,14803
GTTCGTCTAAAGAACT-1,0,51,89,14569,14947
GTCTATTGGTTCCGGT-1,0,50,90,14317,15092
CTAGGCGCCCTATCAG-1,0,51,91,14570,15237
AACGGACGTACGTATA-1,0,50,92,14318,15382
AACACACGCTCGCCGC-1,0,51,93,14570,15527
GCTACTATAGTAGAGT-1,0,50,94,14318,15672
AGCATATCAATATGCT-1,0,51,95,14570,15816
CGAACAGTATGGGCGT-1,0,50,96,14319,15961
ACAATTGTGTCTCTTT-1,0,51,97,14571,16106
GATCGCTACCCGATTT-1,0,50,98,14319,16251
ATTGCGATCAGTAACT-1,0,51,99,14571,16395
CAGCAGTCCAGACTAT-1,0,50,100,14319,16540
AGAGGCTTCGGAAACC-1,0,51,101,14572,16685
AAACAAGTATCTCCCA-1,0,50,102,14320,16830
GGCAGCAAACCTATGC-1,0,51,103,14572,16975
ACTAGTTGCGATCGTC-1,0,50,104,14320,17120
TTGGACCATCTGGCAA-1,0,51,105,14572,17264
CCCTCCTCGCTCGTAT-1,0,50,106,14321,17409
GAGCGCAAATACTCCG-1,0,51,107,14573,17554
ATTACATGTCAGTCTT-1,0,50,108,14321,17699
TTGGGACGTAAGAGTT-1,0,51,109,14573,17843
CTTCGGCCAATTGTTT-1,0,50,110,14321,17988
AGACCGCTCCGCGGTT-1,0,51,111,14574,18133
GACCGCGTCTGACGTG-1,0,50,112,14322,18278
CCAAATAACAAGATTC-1,0,51,113,14574,18422
TCTTTAGAGTCTAACA-1,0,50,114,14322,18568
CTCCCAATGAGTCGCG-1,0,51,115,14574,18712
TAGTCTTTCCGAATTG-1,0,50,116,14323,18857
GAGTAAACCGGAAAGT-1,0,51,117,14575,19002
GATCTCGACGCTGTGG-1,0,50,118,14323,19147
CTGACATAGAAATAGA-1,0,51,119,14575,19291
TATACCGAGTGCCACA-1,0,50,120,14323,19436
TCCGAACGTTGCCGCT-1,0,51,121,14576,19581
GCAGAAGGTAATCTCC-1,0,50,122,14324,19726
GGTACTAAGTGCTTTG-1,0,51,123,14576,19870
CAGAATATTCGTTATC-1,0,50,124,14324,20016
TAATCAACCAAATGGG-1,0,51,125,14576,20160
TCTGCTTAGAACAAGC-1,0,50,126,14325,20305
AACTGAGTTATACTGA-1,0,51,127,14577,20450
CCTCAACGATCGCTGT-1,0,52,0,14803,2060
CGGTACGGCAAACCCA-1,0,53,1,15055,2205
CAGATGTTTGTCCCAA-1,0,52,2,14804,2350
GTTTGTTAGCCAAGTA-1,0,53,3,15056,2494
ACGTGACAAAGTAAGT-1,0,52,4,14804,2639
TTGTCACCGCGGTATC-1,0,53,5,15056,2784
GATCTAACCGTATTCA-1,0,52,6,14804,2929
ATGGAAATTTAAGGAG-1,0,53,7,15057,3073
ATTGATCACCACATTT-1,0,52,8,14805,3218
ACTGCTCGGAAGGATG-1,0,53,9,15057,3363
TCTAAAGAACAGTCTC-1,0,52,10,14805,3508
CTGGGTTGAGTTAAAG-1,0,53,11,15057,3653
CCCAGTAAACTTGGGA-1,0,52,12,14806,3798
AGATTCACAACCGATA-1,0,53,13,15058,3942
AGAAGGTACACTTCAC-1,0,52,14,14806,4087
GCAGGAACTTAGATCT-1,1,53,15,15058,4232
AATCTAGGTTTACTTG-1,0,52,16,14806,4377
CCCGGTGTATCGGAAT-1,1,53,17,15059,4521
TTATCCTCAAGGAATA-1,0,52,18,14807,4666
AGCATCATTTCGAAAG-1,1,53,19,15059,4811
CGCGAGTCTGCCGGGT-1,1,52,20,14807,4956
TGCGTCATGACTGAGC-1,1,53,21,15059,5100
GTATGAAATTTCACTC-1,1,52,22,14808,5246
TTGGTTGCGGTGCGCG-1,1,53,23,15060,5390
ACAGAACTGAGAACAA-1,1,52,24,14808,5535
CTACTATCATAGGTTT-1,1,53,25,15060,5680
CCTCTATCGATTAGCA-1,1,52,26,14808,5825
CCGTATCTCGTCGTAG-1,1,53,27,15061,5969
TCACGATGTCCGTGGA-1,1,52,28,14809,6114
TCAACAAAGATAATTC-1,1,53,29,15061,6259
ATGACGCGTTCTATCC-1,0,52,30,14809,6404
ATTTGCGCGAGTAGCT-1,0,53,31,15061,6548
TTCTTGGACGATCTGC-1,0,52,32,14810,6694
AGACGACGATGCCGCT-1,1,53,33,15062,6838
GGTCTCTGAATGGACT-1,1,52,34,14810,6983
GCTCAATCCGTTTATT-1,1,53,35,15062,7128
CCAGAAAGCAACTCAT-1,1,52,36,14810,7273
CACCGTTAGGGATCAC-1,1,53,37,15063,7417
AATAACACTAGAACAA-1,1,52,38,14811,7562
CACCCGGTTTGTGACT-1,1,53,39,15063,7707
CCACCAACTTTACTGT-1,1,52,40,14811,7852
AACTCTCAGTGTGCTC-1,1,53,41,15063,7996
AAACCGTTCGTCCAGG-1,1,52,42,14812,8142
CAGCGATTCCCTTCAA-1,1,53,43,15064,8286
GCTAGCTTGAATAGCT-1,1,52,44,14812,8431
TTGCGGCATCAGAAAG-1,1,53,45,15064,8576
AATAGAACAGAGTGGC-1,1,52,46,14812,8721
GCCATCGAGCTGCGTG-1,1,53,47,15065,8865
ACACTGATCAAGGTGT-1,1,52,48,14813,9010
ACCAACGCTTATTTAT-1,0,53,49,15065,9155
GACATCGATTTATAAC-1,0,52,50,14813,9300
CAGACACCGATCGCTG-1,0,53,51,15065,9444
CCAAGAAAGTGGGCGA-1,0,52,52,14814,9590
GGTAGACCGTTGGGCG-1,0,53,53,15066,9734
TCGTTAGGAGTCCCTA-1,0,52,54,14814,9879
ACGGCCAACATGGACT-1,0,53,55,15066,10024
GTGAGTGGTACAACGC-1,0,52,56,14814,10169
GAGACTTCGCGACCGA-1,0,53,57,15067,10313
GAAGTCAGTTGCACTA-1,0,52,58,14815,10458
GTTTGGTAGGGTCAAC-1,0,53,59,15067,10603
ACGGCACTTGCTTGGG-1,0,52,60,14815,10748
CCTCTGTACTATTCTA-1,0,53,61,15067,10892
CTATTCATGTGTCCCA-1,0,52,62,14816,11037
GCCCGATCTGTGGTCG-1,0,53,63,15068,11182
TTAGAAGAACATGACT-1,0,52,64,14816,11327
AGGATAAAGTCGGGAT-1,0,53,65,15068,11472
CGGCAAACATCGTGCG-1,0,52,66,14816,11617
CTAGTTACAACCCGGT-1,0,53,67,15069,11761
TTCGACAGAGCCCGTG-1,0,52,68,14817,11906
AAGCATACTCTCCTGA-1,0,53,69,15069,12051
GACGACGATCCGCGTT-1,0,52,70,14817,12196
GGTAGAAGACCGCCTG-1,0,53,71,15069,12340
GAGATGGGAGTCGACA-1,0,52,72,14818,12485
AACGATAATGCCGTAG-1,0,53,73,15070,12630
TGGTCCCACGCTACGG-1,0,52,74,14818,12775
CTGCTTGGCGATAGCT-1,0,53,75,15070,12919
ATCGGAGACAGACGGC-1,0,52,76,14818,13065
TAGCGTCCGGTGTGGT-1,0,53,77,15071,13209
GTTGAGTCCCGCCGGT-1,0,52,78,14819,13354
AAATAGGGTGCTATTG-1,0,53,79,15071,13499
AAGTGTTTGGAGACGG-1,0,52,80,14819,13644
AGCACTACCTCACCAG-1,0,53,81,15071,13788
TGCCTTGGCCAGGCAA-1,0,52,82,14820,13933
TCGTCTTAGGCGTTAA-1,0,53,83,15072,14078
TTCTGACCGGGCTCAA-1,0,52,84,14820,14223
CAGAACTTAGCCCTCT-1,0,53,85,15072,14367
AGCTCCTTCGCACATC-1,0,52,86,14821,14513
ACAGGCTTGCCCGACT-1,0,53,87,15073,14657
GCTATACGTCTCGGAC-1,0,52,88,14821,14802
GAGCCAGCTACCTGTG-1,0,53,89,15073,14947
TGCTAAGTGTCTATTT-1,0,52,90,14821,15092
GTCCTACGAATAGTCT-1,0,53,91,15073,15236
CAGTGTCGGCTGGCCC-1,0,52,92,14822,15381
CTATCGACGAAATACA-1,0,53,93,15074,15526
CATCATTACCCTGAGG-1,0,52,94,14822,15671
TAAGTTGCGACGTAGG-1,0,53,95,15074,15815
AGTGCACGCTTAAGAA-1,0,52,96,14823,15961
TGTGCCGGTGCCGGAA-1,0,53,97,15075,16105
AGGAGGCCTTCGCGCG-1,0,52,98,14823,16250
TCCGCGGCCCAATGAA-1,0,53,99,15075,16395
TCCGTTAAGCTAATAT-1,0,52,100,14823,16540
AAATCTAGCCCTGCTA-1,0,53,101,15075,16684
CGCAGGCGATCCAAAC-1,0,52,102,14824,16829
CCATATGGAAACTATA-1,0,53,103,15076,16974
CACCGTATCCCATCCG-1,0,52,104,14824,17119
GGTCAAGACTACTTCG-1,0,53,105,15076,17263
CCCGTTTCGCAGATGT-1,0,52,106,14825,17409
GTTATAATACGGTGAA-1,0,53,107,15077,17553
ACTTGTGGATGGAACG-1,0,52,108,14825,17698
GTTCGCTGAGACGTCT-1,0,53,109,15077,17843
GACACTGGAACCCGAT-1,0,52,110,14825,17988
CCCAGGTCTGAAGGCT-1,0,53,111,15078,18132
TCTCGAGGAGGTTCGC-1,0,52,112,14826,18277
ACTATCTGCCCGCGTA-1,0,53,113,15078,18422
CCTAAATTGTATCCTA-1,0,52,114,14826,18567
AGAAATTATGACTCGC-1,0,53,115,15078,18711
TCCAGCGCTATAAGCG-1,0,52,116,14827,18857
TCGTGTATTGGTCACG-1,0,53,117,15079,19001
CCACATACTGCACCCA-1,0,52,118,14827,19146
GTTGCGGACGGTCAGG-1,0,53,119,15079,19291
GTATTTAATGGCATAA-1,0,52,120,14827,19436
GTCGATAGGTGACTTT-1,0,53,121,15080,19580
AATAATCTTCGTATCG-1,0,52,122,14828,19725
ATTGTTCAACGATCCG-1,0,53,123,15080,19870
GTGCAGCGTAGAGTAG-1,0,52,124,14828,20015
TGTGGTAGGGTGCCTT-1,0,53,125,15080,20159
TGTGGACTATCTACGT-1,0,52,126,14829,20304
GGCGGGCTCTAAGAGT-1,0,53,127,15081,20449
TGTGCCAGAGGCAAAG-1,0,54,0,15307,2059
TGGCTTATGTATAATG-1,0,55,1,15559,2204
GCAAGCTGGAAACCGC-1,0,54,2,15307,2349
GATATCAAGCAGGAGC-1,0,55,3,15560,2493
CACCAATCATCCGTCT-1,0,54,4,15308,2639
CCACATGGCTCTTTAT-1,0,55,5,15560,2783
GTCCTACTCTACGGGC-1,0,54,6,15308,2928
CTCGAGACATACGATA-1,0,55,7,15560,3073
TATCAGTGGCGTAGTC-1,1,54,8,15309,3218
TGACAGGACAAGTCCA-1,0,55,9,15561,3362
TATTAACACCAAAGCA-1,0,54,10,15309,3507
TAGGCGATGAGGTCTC-1,0,55,11,15561,3652
CCGCCGGAACTTCTCG-1,0,54,12,15309,3797
GCCATTAGCCTCAAAC-1,1,55,13,15562,3941
GTTAGGCTACCCGTTT-1,1,54,14,15310,4087
GGGTATTCTAGCAAAC-1,1,55,15,15562,4231
GCCCTAGCCGTCGCGA-1,1,54,16,15310,4376
CAGATCCTGGTTTGAA-1,1,55,17,15562,4521
CTTCAGTGGTCGCCTA-1,1,54,18,15311,4666
GGGCAACCGCACGTGC-1,1,55,19,15563,4810
GACCCAATTATGATAC-1,1,54,20,15311,4955
GAAGCTCGGACCCGTC-1,1,55,21,15563,5100
CGTCGGGTCTAAGCGC-1,1,54,22,15311,5245
GAGGCCCGACTCCGCA-1,1,55,23,15564,5389
TTGCCATAGCCCGCTC-1,1,54,24,15312,5535
TAACATACACGCGATC-1,1,55,25,15564,5679
CCGACGGGCATGAGGT-1,1,54,26,15312,5824
AATGTGCCCGAGGTGT-1,1,55,27,15564,5969
AGCTGTAACCTCAATC-1,1,54,28,15313,6114
CGAGTGAAGGTACCAG-1,1,55,29,15565,6258
AGTCTCACAAGACTAC-1,1,54,30,15313,6403
AAATTGATAGTCCTTT-1,1,55,31,15565,6548
TAAGTCGCCGAGTATC-1,1,54,32,15314,6693
GCGGAGAAACTTCGCA-1,1,55,33,15566,6837
GGCAAAGGCGCCAATA-1,1,54,34,15314,6982
ATTTCCGGGTTCTGCG-1,1,55,35,15566,7127
TAAACCCAGGAGGGCA-1,1,54,36,15314,7272
TTCGGGCGCTAGTCTT-1,1,55,37,15566,7417
GTGGAGTCGGCGGTTG-1,1,54,38,15315,7562
GCACGCCTACTTAGAT-1,1,55,39,15567,7706
CAATATTCTTGACCTA-1,1,54,40,15315,7851
CGTTTGTGTAGAGGGT-1,1,55,41,15567,7996
CATAGCGTTGCCCACC-1,1,54,42,15316,8141
TGATACATTTAGCCGT-1,0,55,43,15568,8285
TTCCGGCCTTGAGGCT-1,1,54,44,15316,8430
CCTATACCGTCCTGTC-1,0,55,45,15568,8575
TCGTTGCTATCCGGTC-1,0,54,46,15316,8720
TGGCGACTGCTCCAAA-1,0,55,47,15568,8864
CAGAGGCGATGCATGA-1,0,54,48,15317,9010
TCACAGGAGAATAAGA-1,0,55,49,15569,9154
GGGTTAACATTTGAGT-1,0,54,50,15317,9299
GCGGGCGAGCCTTACC-1,0,55,51,15569,9444
TGCCAATGGGTACTCT-1,0,54,52,15318,9589
AGGGACTCTACGCGAC-1,0,55,53,15570,9733
GACGCCGTAAAGGCTA-1,0,54,54,15318,9878
AAAGGCTCTCGCGCCG-1,0,55,55,15570,10023
CTGGCTGGTTGTCAGT-1,0,54,56,15318,10168
ACATCCCGGCCATACG-1,0,55,57,15570,10312
CTCTTGTCCCGCTTGG-1,0,54,58,15319,10458
TACGCCTCCATTCCGA-1,0,55,59,15571,10602
CGGAGCAATTTAATCG-1,0,54,60,15319,10747
AACTAGGCTTGGGTGT-1,0,55,61,15571,10892
GCGTCGCCAGGGTGAT-1,0,54,62,15320,11037
GTTGGTCATGCTATCC-1,0,55,63,15572,11181
GCTGGCGGCGCATGCT-1,0,54,64,15320,11326
TGAGCGGAAAGTGTTC-1,0,55,65,15572,11471
CTTTCTGTGCGGGCTT-1,0,54,66,15320,11616
ATCTAATATCCTACGG-1,0,55,67,15573,11760
AACCTTTAAATACGGT-1,0,54,68,15321,11906
TTCACTCGAGCACCTA-1,0,55,69,15573,12050
CTGCACTCCAGTACAG-1,0,54,70,15321,12195
CCATTTCTACCTATTA-1,0,55,71,15573,12340
CAAGCGGCACATAATT-1,0,54,72,15322,12485
GTTAACATCACTTAAA-1,0,55,73,15574,12629
ATATAAATGTAGCTGC-1,0,54,74,15322,12774
GCCTCTATACATAGCA-1,0,55,75,15574,12919
GTGTCGTATAGCGTTC-1,0,54,76,15322,13064
ATACGTACTTAGCCAC-1,0,55,77,15575,13208
GCTATCATACTCATGG-1,0,54,78,15323,13354
TATCCAATTGGTTATC-1,0,55,79,15575,13498
TCTCCCTGGGCAGCGT-1,0,54,80,15323,13643
CCTATAATGAGTGCCC-1,0,55,81,15575,13788
CAATGCGAGAAGTATC-1,0,54,82,15324,13933
TACCAATAAAGTACCA-1,0,55,83,15576,14077
GCTAGGCACCACGGAG-1,0,54,84,15324,14222
GGTGGACTGCTCTGGC-1,0,55,85,15576,14367
TATTCCGAGCTGTTAT-1,0,54,86,15324,14512
TTGAGAAGTTTAGCAT-1,0,55,87,15577,14656
GTCCGGACCTGAAATT-1,0,54,88,15325,14801
CTGTGGTCGGGAGATA-1,0,55,89,15577,14946
CATGTAAGAGACATTT-1,0,54,90,15325,15091
CACGTTTCGTACACAC-1,0,55,91,15577,15236
CATCCTCTCAAAGATC-1,0,54,92,15326,15381
GATTAACCGAAAGCCC-1,0,55,93,15578,15525
AACGCTGTTGCTGAAA-1,0,54,94,15326,15670
TTCAGCTGGCGTGCCC-1,0,55,95,15578,15815
TAGAGGTTCTACTTGT-1,0,54,96,15326,15960
GTATCAAACGTTAGCT-1,0,55,97,15579,16104
AATCATGTAAAGACTC-1,0,54,98,15327,16249
AGTCACTAGCTCTCGA-1,0,55,99,15579,16394
GCGAAACGATCGGGAG-1,0,54,100,15327,16539
CATGGATTGTCTTCCG-1,0,55,101,15579,16684
ATTGGATTACAGCGTA-1,0,54,102,15328,16829
CACACACGCTAACGAG-1,0,55,103,15580,16973
CTATGGGAAGCGGAAT-1,0,54,104,15328,17118
TGCCTAATTGAAGATT-1,0,55,105,15580,17263
TGGCAATGGGACGGCG-1,0,54,106,15328,17408
ACCTCCGCCCTCGCTG-1,0,55,107,15581,17552
CGGCAATAAGATCGCC-1,0,54,108,15329,17697
CCTTGACCACTTTATT-1,0,55,109,15581,17842
TCATTTAGAAGTGTGA-1,0,54,110,15329,17987
CAGAATAACACACGGA-1,0,55,111,15581,18131
TCTGAGCAATTGACTG-1,0,54,112,15330,18277
CAACGTGGTGGAGTCT-1,0,55,113,15582,18421
CACAGTTCGCTTCCCA-1,0,54,114,15330,18566
TCTCTCGCCGCACATA-1,0,55,115,15582,18711
TGGGCAGGCCACCGCA-1,0,54,116,15330,18856
CTCCTGTTCAAGGCAG-1,0,55,117,15583,19000
TATTTGATTTGCACAG-1,0,54,118,15331,19145
GCCACTCCTTACGGTA-1,0,55,119,15583,19290
ACCGATATTTAATCAT-1,0,54,120,15331,19435
TTATTATCTGGAAGGC-1,0,55,121,15583,19579
TACATGCCGGAATTGT-1,0,54,122,15332,19725
GGCACTCAGCCGACCC-1,0,55,123,15584,19869
AAACCGGAAATGTTAA-1,0,54,124,15332,20014
AGACAGGCATCTCAGC-1,0,55,125,15584,20159
GTGGTGATGGTTTGTG-1,0,54,126,15332,20304
CCGATATGACGTAAGG-1,0,55,127,15585,20448
CATACACAAAGTCAGC-1,0,56,0,15811,2059
TGCCGTTCTTAATCGG-1,0,57,1,16063,2203
TCGAGTCTACGATTCG-1,0,56,2,15811,2348
ACTTCCAGTGGAAGCT-1,0,57,3,16063,2493
CAATTGGGCCGCACTC-1,0,56,4,15812,2638
AAATCGCGGAAGGAGT-1,0,57,5,16064,2782
ATATCAATTCCAGCCT-1,0,56,6,15812,2927
CTTTGTCGAATGCTCC-1,0,57,7,16064,3072
TGAGGCATGTACTGTG-1,0,56,8,15813,3217
TTCGCCGCTCGCGCTA-1,0,57,9,16065,3362
GACTCCTTCCAATTGA-1,0,56,10,15813,3507
ACCGAAGAGTCTGGTT-1,0,57,11,16065,3651
TGGCATGAAGTTTGGG-1,1,56,12,15813,3796
ACGAGGTTTACAACGT-1,1,57,13,16066,3941
AACCCATCCCATGATC-1,1,56,14,15814,4086
TCGACAACTGAACCCG-1,1,57,15,16066,4230
TATCTTGCAATACAAC-1,1,56,16,15814,4375
TATTATGTTTGCCTGC-1,1,57,17,16066,4520
GTCAAAGAAGTGGTGT-1,1,56,18,15815,4665
GGGACAGAGTTACTCC-1,1,57,19,16067,4809
AGCAACCGAAAGTAAT-1,1,56,20,15815,4955
CTCTCTAACTGCCTAG-1,1,57,21,16067,5099
ATACGGAACGTCGTTT-1,1,56,22,15815,5244
TCGGTCCCGACAATAG-1,1,57,23,16068,5389
CGCGCAAATGTCCAGA-1,1,56,24,15816,5534
TCTAATACTGCCTCAG-1,1,57,25,16068,5678
CTCGGTTGTCGGCCCT-1,1,56,26,15816,5823
GGTAACCGGGAGGATA-1,1,57,27,16068,5968
CAGGCGCACGGTGGTC-1,1,56,28,15817,6113
TCATCGATGGTCCCAA-1,1,57,29,16069,6257
CAAAGATTATTGGGCC-1,1,56,30,15817,6403
ACAATGAATACGGAGA-1,1,57,31,16069,6547
GCTCCTGACATACTGG-1,1,56,32,15817,6692
GATGACAAGTAGGGCA-1,1,57,33,16070,6837
TACGCCGAGGGTACCC-1,1,56,34,15818,6982
AAGCGTCCCTCATCGA-1,0,57,35,16070,7126
CACTCCTATGTAAGAT-1,1,56,36,15818,7271
TCGAGCCAGGCAGGCC-1,0,57,37,16070,7416
TCGTCAAGTACGCGCA-1,1,56,38,15819,7561
CCCGTAGCTGGGAAGA-1,1,57,39,16071,7705
ACCCTATGCCATATCG-1,0,56,40,15819,7851
GTGGTATAGTCTGCCG-1,0,57,41,16071,7995
CCGGTTTGTAATTGTG-1,0,56,42,15819,8140
GTCGCCGTTGTGTGTT-1,0,57,43,16072,8285
TACTGAACAGATTTAG-1,0,56,44,15820,8430
TATTAACCTGACCGCG-1,0,57,45,16072,8574
CTGTAGCCATCTCACT-1,0,56,46,15820,8719
TACTATGGTTCCTCAG-1,0,57,47,16072,8864
GAGTCAGACCAGAATC-1,0,56,48,15821,9009
TAAGGCATAACATCAA-1,0,57,49,16073,9153
CTTCCGCTCCGTGAAG-1,0,56,50,15821,9299
GGGCTATGATCGATGG-1,0,57,51,16073,9443
GGTCGGTCGTCCACAG-1,0,56,52,15821,9588
GGGACCCGTATATCTT-1,0,57,53,16074,9733
GAAAGCAGTGCACTTT-1,0,56,54,15822,9878
AGCGCATAATGAATCG-1,0,57,55,16074,10022
GCTGCTAAGTAGTCGA-1,0,56,56,15822,10167
AATAGTCCGTCCCGAC-1,0,57,57,16074,10312
AGCAGCCAGATGAATA-1,0,56,58,15823,10457
CCTCGCGCTGTGCGAT-1,0,57,59,16075,10601
TTGTGTATGCCACCAA-1,0,56,60,15823,10746
TGCTCGGCGAAACCCA-1,0,57,61,16075,10891
CGATTAAATATCTCCT-1,0,56,62,15823,11036
TGCCGTGGATCGTCCT-1,0,57,63,16076,11181
GTGGACGCATTTGTCC-1,0,56,64,15824,11326
ACCCGGAAACTCCCAG-1,0,57,65,16076,11470
CCGCATGTGGTACGAT-1,0,56,66,15824,11615
GCAAACCTTGGCCATA-1,0,57,67,16076,11760
ATTCACTGATGTTGGA-1,0,56,68,15825,11905
ACTCCCTAATGCTAAA-1,0,57,69,16077,12049
TCCTAAATTGGGAAGC-1,0,56,70,15825,12194
GAACAGATTACTAAAT-1,0,57,71,16077,12339
ATACAGGCCCTCCAAT-1,0,56,72,15825,12484
CGATTCGCCTGGCTGC-1,0,57,73,16078,12628
TCCGCCTGTCTACAAG-1,0,56,74,15826,12774
CACATCTCACCGACGA-1,0,57,75,16078,12918
CGTCGTCCTTCGCGAA-1,0,56,76,15826,13063
CGTTGAATACCGCGCT-1,0,57,77,16078,13208
ACCAATATGCAAGTTA-1,0,56,78,15827,13353
ACGGATGGTGCGGATA-1,0,57,79,16079,13497
CACCCTAACAAGATCT-1,0,56,80,15827,13642
AAGCTCTTTCATGGTG-1,0,57,81,16079,13787
CATGGGTATGCCTTAT-1,0,56,82,15827,13932
GCGCGTCATTGGTACA-1,0,57,83,16080,14076
TCTGAAGCACGTGGTC-1,0,56,84,15828,14222
AAGTTCACTCCAAGCT-1,0,57,85,16080,14366
TTGGACCTATAACAGT-1,0,56,86,15828,14511
ATCAGCCTCATGCTGC-1,0,57,87,16080,14656
AGTACTCTTATGCCCA-1,0,56,88,15829,14801
GCGCTTAAATAATTGG-1,0,57,89,16081,14945
TTGTGAACCTAATCCG-1,0,56,90,15829,15090
AGTCGTCGACCACCAA-1,0,57,91,16081,15235
TCCTTTAAATCCGCTT-1,0,56,92,15830,15380
ACTGAAACGCCGTTAG-1,0,57,93,16082,15524
GCACACACTGGTAGCC-1,0,56,94,15830,15670
TAAGGGCCTGTCCGAT-1,0,57,95,16082,15814
GCTAGAGTAGAGATGT-1,0,56,96,15830,15959
CACAGGGCCATATAGT-1,0,57,97,16082,16104
CCATGCCCTAGATTTC-1,0,56,98,15831,16249
TCGCGTAGCAGTGTCC-1,0,57,99,16083,16393
GACGAGGCTAATAAAC-1,0,56,100,15831,16538
CTACACTCGCAGATGG-1,0,57,101,16083,16683
ACGCATACGTTTACTA-1,0,56,102,15832,16828
GGAGCAACATTTCAAG-1,0,57,103,16084,16972
CGAGAGGGTAGCCGCG-1,0,56,104,15832,17118
TCGTGTTCGACCACAA-1,0,57,105,16084,17262
TCTACCCAATAGAGAG-1,0,56,106,15832,17407
ATAAACGTTGCACCAC-1,0,57,107,16084,17552
TCAACTGCAGAGTCAG-1,0,56,108,15833,17697
AGCTCCATATATGTTC-1,0,57,109,16085,17841
GTAACATCTAAGATAA-1,0,56,110,15833,17986
CCGACAATAGGCCGCC-1,0,57,111,16085,18131
ATGCTTAGGAGTTGAT-1,0,56,112,15834,18276
AACCCGAGCAGAATCG-1,0,57,113,16086,18420
CGGGTTTGTTAGGGCT-1,0,56,114,15834,18566
AGGCACGTGACTGTCC-1,0,57,115,16086,18710
GACAAGAGATGAGATT-1,0,56,116,15834,18855
AGCCCTTGGACATCCC-1,0,57,117,16087,19000
GCAGTTCGATCCGAGC-1,0,56,118,15835,19145
TCGAGGGCAACAGACG-1,0,57,119,16087,19289
ACTTTGTCGACGCACT-1,0,56,120,15835,19434
GAGTATCAAAGTTACA-1,0,57,121,16087,19579
CCAGGCTGGCGTCTGA-1,0,56,122,15836,19724
GGACTCTTCCGGTTGA-1,0,57,123,16088,19868
TCCCAGCACACGACAT-1,0,56,124,15836,20013
GCTCCATGAGTGCAGA-1,0,57,125,16088,20158
GCAGTGCGGGCGGATG-1,0,56,126,15836,20303
GCGTTCTGACTAAGCG-1,0,57,127,16089,20448
ATTTGGAGATTGCGGT-1,0,58,0,16315,2058
AAGGGTTTGATTTCAG-1,0,59,1,16567,2202
CCGGCCGCGAGCATAT-1,0,58,2,16315,2348
GAGTTCTGTGGGTGCT-1,0,59,3,16567,2492
AAACGAAGATGGAGTA-1,0,58,4,16316,2637
AATTACGAGACCCATC-1,0,59,5,16568,2782
CCTTTGAATTATGGCT-1,0,58,6,16316,2927
CATGGTATTAGTTTGT-1,0,59,7,16568,3071
AACGAAAGTCGTCCCA-1,0,58,8,16316,3216
ACATAAGTCGTGGTGA-1,0,59,9,16569,3361
GCACAACCTCGGGCGT-1,0,58,10,16317,3506
ATGCACGCGCTGTTCA-1,0,59,11,16569,3650
CGATGTTGTTATCTAC-1,1,58,12,16317,3796
GTCTCCTGCCAGTATG-1,1,59,13,16569,3940
GATGCCTTCTGCGGCA-1,1,58,14,16318,4085
ACCGGTCAGGTACACC-1,1,59,15,16570,4230
GTGGAGCGTTTACCGA-1,1,58,16,16318,4375
AGGCGGTTTGTCCCGC-1,1,59,17,16570,4519
TCCCTGGCGTATTAAC-1,1,58,18,16318,4664
AAACACCAATAACTGC-1,1,59,19,16571,4809
TGGACGCAATCCAGCC-1,1,58,20,16319,4954
GGAACCTTGACTCTGC-1,1,59,21,16571,5098
GTATCTCAGTCTTGAC-1,1,58,22,16319,5244
GCTGAATCTTCCAATC-1,1,59,23,16571,5388
AGATGCAAGACGTGCA-1,1,58,24,16320,5533
TTAAGGCCCGTACTTT-1,1,59,25,16572,5678
AGTATGCTGGAGACCA-1,1,58,26,16320,5823
GCGGCAAAGTATTGCC-1,0,59,27,16572,5967
GCGCAAATATATTCAA-1,1,58,28,16320,6112
GAAGAAACGATATTGT-1,0,59,29,16573,6257
GGACCTCTAGGCCGCC-1,0,58,30,16321,6402
AACAGCTGTGTGGCAA-1,0,59,31,16573,6546
TCGAATATCCCGCAGG-1,0,58,32,16321,6691
GCGACCCAACCATCTG-1,0,59,33,16573,6836
AGAGAAGGAGTACAAT-1,0,58,34,16322,6981
GGCTCCTCCACCTGTT-1,0,59,35,16574,7126
TCAGTGTATACGTCAT-1,0,58,36,16322,7271
ATTATTATGTCCGTCA-1,0,59,37,16574,7415
TTAGGTCATAACCGAC-1,0,58,38,16323,7560
AAGATGGCACCGGACC-1,0,59,39,16575,7705
CTACAAGAAATAACCC-1,0,58,40,16323,7850
ACTATTTCCGGGCCCA-1,0,59,41,16575,7994
TTGTTTCACATCCAGG-1,0,58,42,16323,8139
CGCTGTGTGGATGTTG-1,0,59,43,16575,8284
TCAACATAGCGCCCTA-1,0,58,44,16324,8429
GGCCGTTTGGGTTTCA-1,0,59,45,16576,8573
TACTCTTTCGTCTTCA-1,0,58,46,16324,8719
TTCGCGCGCCATACGA-1,0,59,47,16576,8863
CGGAAAGAATCAAACG-1,0,58,48,16325,9008
AGGCAGGGAGCGTACT-1,0,59,49,16577,9153
CCTTTAAGGGAGCACT-1,0,58,50,16325,9298
CGCCCAGCACGCCTAG-1,0,59,51,16577,9442
AGTATTTGGCACGACC-1,0,58,52,16325,9587
TATCCGCACCGTCGGG-1,0,59,53,16577,9732
ACCCGTGTCATCAGTA-1,0,58,54,16326,9877
CAACTGCTCATCCGAT-1,0,59,55,16578,10021
CCGGAGCGTACTTTCT-1,0,58,56,16326,10167
TACCGTAGGTTAACTA-1,0,59,57,16578,10311
TGAGGAGTGCCAGCTT-1,0,58,58,16327,10456
CCAGTCTTGTCATAGA-1,0,59,59,16579,10601
GGGCAGAGCAATCGTT-1,0,58,60,16327,10746
TACCAAATAGCCCAGA-1,0,59,61,16579,10890
TACCTACTCCCAGTAT-1,0,58,62,16327,11035
TGTGAGACTAGCCCAA-1,0,59,63,16579,11180
ATACCTAACCAAGAAA-1,0,58,64,16328,11325
GTCGGGAAGCAGAAAC-1,0,59,65,16580,11469
AATTAACGGATTTCCA-1,0,58,66,16328,11615
GAACCCTCTGTGTTCT-1,0,59,67,16580,11759
ATATAAAGCGCTCGTG-1,0,58,68,16329,11904
CCTGGTCGAATGTGGG-1,0,59,69,16581,12049
CTAGGTTCGGACGTGA-1,0,58,70,16329,12194
TCGGGAGACAGCGTAC-1,0,59,71,16581,12338
CATAAGAAGCTTGGCT-1,0,58,72,16329,12483
AAGCACCCTGCGTATC-1,0,59,73,16582,12628
AGTTTGCACCTGCCTC-1,0,58,74,16330,12773
GACTGCAAATCGAGCT-1,0,59,75,16582,12917
GTGTATATCAGCGGGC-1,0,58,76,16330,13063
CTTCAACTCCACTTGG-1,0,59,77,16582,13207
ACTTACGCATCCACGC-1,0,58,78,16331,13352
CATGAGATGCACTCTC-1,0,59,79,16583,13497
GAGCACCTGTGTCCAG-1,0,58,80,16331,13642
CGCGACCGCGACAGAT-1,0,59,81,16583,13786
GTCCCGCGACGTTATG-1,0,58,82,16331,13931
GCAGTGTGGCTATAGG-1,0,59,83,16584,14076
ATACTGCCTTACACCG-1,0,58,84,16332,14221
TACAGAAACGGTGGGC-1,0,59,85,16584,14365
GGCGCGGAGATCTTTC-1,0,58,86,16332,14511
CGTTAATGTCCCGACG-1,0,59,87,16584,14655
GCTAACTGAAGTCTGA-1,0,58,88,16333,14800
AGTGATAACCTGCGCG-1,0,59,89,16585,14945
TATGATCTTCTCTTTA-1,0,58,90,16333,15090
TGTACCTACACGAGGG-1,0,59,91,16585,15234
ATATCGTTCCTCGAAC-1,0,58,92,16333,15379
CGGCGCCATCAATCCC-1,0,59,93,16586,15524
CCTGTTTGAAGACACG-1,0,58,94,16334,15669
GCCACTCAGAGCGCGA-1,0,59,95,16586,15813
TCGGCTTGTATCGACG-1,0,58,96,16334,15958
TAGATGGTTCCTTACT-1,0,59,97,16586,16103
ATCGTTAGCTAGCGGA-1,0,58,98,16335,16248
ACAGCGACATTCTCAT-1,0,59,99,16587,16393
ATTCAACCATTTAAGG-1,0,58,100,16335,16538
CACTCTTCTGCTAGCC-1,0,59,101,16587,16682
CTAACTGATAATCGCC-1,0,58,102,16335,16827
TGATGTCAATTAAGTG-1,0,59,103,16588,16972
CGCCGTTCAGCATAGT-1,0,58,104,16336,17117
ATACTACCCGTACCAC-1,0,59,105,16588,17261
CCACTGTTTGGATTAA-1,0,58,106,16336,17406
CACTACGGGAGCTGCC-1,0,59,107,16588,17551
GACCAAACGTTGACTG-1,0,58,108,16337,17696
AAGAGGCCCTTTGGAA-1,0,59,109,16589,17840
ACACGTAGGCCACAAG-1,0,58,110,16337,17986
TACTCTTACTTTACTG-1,0,59,111,16589,18130
AGAGCCGCCGAGATTT-1,0,58,112,16337,18275
GGCCTGCTTCTCCCGA-1,0,59,113,16590,18420
TCAAGCGCGGACGGTA-1,0,58,114,16338,18565
ACACTGGGACAGTCGT-1,0,59,115,16590,18709
TGTGTAGTAGCACGTG-1,0,58,116,16338,18854
CTAGCCACAGGCGAGC-1,0,59,117,16590,18999
CTATCGCGTAGAGAAC-1,0,58,118,16339,19144
GTTCCCGTAAACATAT-1,0,59,119,16591,19288
TCTTTCCTTCGAGATA-1,0,58,120,16339,19434
ATATTGGAGAGGCCTT-1,0,59,121,16591,19578
AGGCGATAACTGGCGT-1,0,58,122,16339,19723
ACCCGGAGCACCACAA-1,0,59,123,16592,19868
TGAGCTCAACTGTATA-1,0,58,124,16340,20013
ACGACCCATGAGTTGC-1,0,59,125,16592,20157
CGGTCAGTCCATATTT-1,0,58,126,16340,20302
TCCGGCTGTCGGGTCG-1,0,59,127,16592,20447
ATTCCCGAAGGTACAG-1,0,60,0,16819,2057
CTAACAGCACAATAAC-1,0,61,1,17071,2202
TTGTGCGGAAGCGGAT-1,0,60,2,16819,2347
GGGCACTATTGACCAT-1,0,61,3,17071,2491
CCATAGAGGCTGCCAG-1,0,60,4,16820,2636
CCGAAGCATTGACCAA-1,0,61,5,17072,2781
TACTGAGGGAAGAAAG-1,0,60,6,16820,2926
TATGTAGAAACCCGGC-1,0,61,7,17072,3071
TGGTTAACTTACATTT-1,0,60,8,16820,3216
AGAACCCTCAATTGGG-1,0,61,9,17072,3360
CCTATATCGTGTCACG-1,0,60,10,16821,3505
ACGGCTGGATGTAGAA-1,0,61,11,17073,3650
CTCGCATTGCATAGCC-1,0,60,12,16821,3795
ACTTTGGTCGTGCTCC-1,0,61,13,17073,3939
GCTGGTTTAGGCCATA-1,1,60,14,16822,4084
TGTCGTTATCACATAT-1,0,61,15,17074,4229
ACACATGATCAAATCT-1,1,60,16,16822,4374
TATCCATCTCGGTTAG-1,1,61,17,17074,4518
CTCGTCGAGGGCTCAT-1,1,60,18,16822,4664
ATCAATGCCGTGGCTG-1,1,61,19,17075,4808
GAAACATAGGAAACAG-1,1,60,20,16823,4953
TAATAGGTCACCAGAA-1,0,61,21,17075,5098
CACCAGTCAGCATGCA-1,1,60,22,16823,5243
GAGCGCTGTTAGGTAA-1,0,61,23,17075,5387
CCCTATGTAGAGCAGA-1,0,60,24,16824,5532
GATCGCTATATCTCAG-1,0,61,25,17076,5677
AAGGGACTATGCATTC-1,0,60,26,16824,5822
CTCGGGTTCTCTGGCC-1,0,61,27,17076,5966
TATATATCGAGAAATG-1,0,60,28,16824,6112
ACCCGAGCGAAATTAC-1,0,61,29,17077,6256
TTGTTTCATTAGTCTA-1,0,60,30,16825,6401
ATGGGACCTGCTGAAC-1,0,61,31,17077,6546
TGCGACGGCCGAACGT-1,0,60,32,16825,6691
AGCTAACAAGCAATGT-1,0,61,33,17077,6835
CGTGTCTCGTTACGAC-1,0,60,34,16826,6980
CTAAATCCGGTGTACA-1,0,61,35,17078,7125
GAATAGTGCTCGATTA-1,0,60,36,16826,7270
AACAATACATTGTCGA-1,0,61,37,17078,7414
CACATCGTGCACGCGC-1,0,60,38,16826,7560
ACCGTGACCACGTGGG-1,0,61,39,17079,7704
CCCAATGAGATTTGCA-1,0,60,40,16827,7849
TCAGCAGTAGGCCCTG-1,0,61,41,17079,7994
CTACTCAAGGTATAGT-1,0,60,42,16827,8139
TAGTAGCTTATACCAG-1,0,61,43,17079,8283
ACGTTCGTTCAGGAAA-1,0,60,44,16828,8428
TTAGAATAAGGGTCGG-1,0,61,45,17080,8573
TTCTAGAAAGTCTTAT-1,0,60,46,16828,8718
CCTTCAGTTAAAGTGA-1,0,61,47,17080,8862
TAGCTAGTGATGATGG-1,0,60,48,16828,9008
AGCCCGGTAGCCTGTA-1,0,61,49,17081,9152
TACCTCAGTTGTCTGT-1,0,60,50,16829,9297
GACGGGTTGGCCCGTA-1,0,61,51,17081,9442
GAAACCTATACAAATG-1,0,60,52,16829,9587
TCCACCTCTAGCCTTT-1,0,61,53,17081,9731
AAGACCCAACTGAACA-1,0,60,54,16830,9876
CATACACGGTTCCCAC-1,0,61,55,17082,10021
ACTACGCGTTAGAATT-1,0,60,56,16830,10166
CTTGGCCAAGCTGGGA-1,0,61,57,17082,10310
TTACCCTAGGGATTGG-1,0,60,58,16830,10455
TTCGCACTGTACGACA-1,0,61,59,17083,10600
TAGGTGTTCCACAGAT-1,0,60,60,16831,10745
GAAGCCTGCACATTCC-1,0,61,61,17083,10890
GGCTTTCAATAAGGGT-1,0,60,62,16831,11035
TCCAGGGTATATACGA-1,0,61,63,17083,11179
CTCGCCGAATGTAGGG-1,0,60,64,16832,11324
AGGAAGCTGTCCGCCG-1,0,61,65,17084,11469
GTCTCAAGGCCCGGCT-1,0,60,66,16832,11614
ACCGACACATCTCCCA-1,0,61,67,17084,11758
TATACGCGTCATCACT-1,0,60,68,16832,11903
ATCTGGGCTGTTCTTG-1,0,61,69,17085,12048
TCAAATTTGAGACTCA-1,0,60,70,16833,12193
GTTAAGGGTGCGATGT-1,0,61,71,17085,12337
AGCAAAGGCCGCTAGT-1,0,60,72,16833,12483
TTATAGGTAATTGTCT-1,0,61,73,17085,12627
TTGTGCAGCCACGTCA-1,0,60,74,16834,12772
ACGGACTCTCAAAGCG-1,0,61,75,17086,12917
ATGCTCTGGCGCGGTA-1,0,60,76,16834,13062
ATAATCTTGGAGAACC-1,0,61,77,17086,13206
CTCATTGCTCTAACAA-1,0,60,78,16834,13351
TAGGTGACGATAACCT-1,0,61,79,17087,13496
CGGATCCTCAAGGACT-1,0,60,80,16835,13641
GGGCGTGGTTTCCCAG-1,0,61,81,17087,13785
TGGCTATGTGACATAC-1,0,60,82,16835,13931
CTTAGTGTAGTAGCAT-1,0,61,83,17087,14075
GGATTGCTGTGACTCC-1,0,60,84,16836,14220
ACTTCCATGCGGGACA-1,0,61,85,17088,14365
ACTCAAGTGCAAGGCT-1,0,60,86,16836,14510
ACAAGGATGCTTTAGG-1,0,61,87,17088,14654
TTGAACGACGTGCTGA-1,0,60,88,16836,14799
ATTCATCGTTGAGGCA-1,0,61,89,17089,14944
TGCAACCCATCTGCGG-1,0,60,90,16837,15089
AGTGCTAAACACAGCA-1,0,61,91,17089,15233
AACTCCAGAGCGTGTT-1,0,60,92,16837,15379
TCTCCACAAGTTGAAT-1,0,61,93,17089,15523
CTTTGCATCGCTCTTG-1,0,60,94,16838,15668
TCACAAACCGAGGTAC-1,0,61,95,17090,15813
CCGTAGGAAATCCCTG-1,0,60,96,16838,15958
AAACATTTCCCGGATT-1,0,61,97,17090,16102
GCCTCCGACAATTCAC-1,0,60,98,16839,16247
TCTGCATACCTTGCTT-1,0,61,99,17091,16392
ACCCATTTGTCCCTCT-1,0,60,100,16839,16537
CTGCAGAGAATCAGAG-1,0,61,101,17091,16681
GGAAACTAAATGGGCC-1,0,60,102,16839,16827
CAACCTACCGAGCAGT-1,0,61,103,17091,16971
CCGTAGGGTTGTTTAC-1,0,60,104,16840,17116
GGTTTGTGACCTGAGG-1,0,61,105,17092,17261
TAACCTAGGGAGTCCA-1,0,60,106,16840,17406
TTCCATCGACAGCGTG-1,0,61,107,17092,17550
ATCTCCCACGGAATAT-1,0,60,108,16841,17695
GTTTCAAACGAGTTGT-1,0,61,109,17093,17840
GGAACTTTGGCGATTA-1,0,60,110,16841,17985
CTGCAAGCACGTTCCG-1,0,61,111,17093,18129
CACAGTCCCGCTTCGC-1,0,60,112,16841,18275
TACGCTCGGTATTGGA-1,0,61,113,17093,18419
CTGGTAAAGTGTGGGC-1,0,60,114,16842,18564
CAACCAGTGGCCTACC-1,0,61,115,17094,18709
TCTTCGCGGTGAGAGG-1,0,60,116,16842,18854
TTCGGGTTGCCACGGG-1,0,61,117,17094,18998
ACCGATAGGCATAACC-1,0,60,118,16843,19143
CTTATAGATGGCTGTT-1,0,61,119,17095,19288
AGACGCCCACTTCGCC-1,0,60,120,16843,19433
AGGTCGCCTCCCAACA-1,0,61,121,17095,19577
CCTCACGTCAGCTAAT-1,0,60,122,16843,19722
CCACCTGTATGGAATA-1,0,61,123,17095,19867
GGACTCGAAGCTTTCA-1,0,60,124,16844,20012
AAGCCGGAGAGCAGGA-1,0,61,125,17096,20157
GCCTATCAGGTAAGAT-1,0,60,126,16844,20302
TCAGAGTGTGAGCATG-1,0,61,127,17096,20446
AAACATGGTGAGAGGA-1,0,62,0,17323,2057
ATCATTGTACCGCATT-1,0,63,1,17575,2201
TCAGCTTGAGCTTTCG-1,0,62,2,17323,2346
CCGCGCAAGATACCCA-1,0,63,3,17575,2491
CTATACTTAAAGCGAG-1,0,62,4,17323,2636
ACCGTCCACTGGGCCC-1,0,63,5,17576,2780
AAGACCAAATAACTCA-1,0,62,6,17324,2925
TGTTTCTGAAGCGTGC-1,0,63,7,17576,3070
TTCTCTTACAGGTGAT-1,0,62,8,17324,3215
AATTCATTGTCATGCA-1,0,63,9,17576,3359
GCCCGAGAGTCTAAAT-1,0,62,10,17325,3505
ATATAGAGTATTGGTC-1,0,63,11,17577,3649
TTGAAGGATGGGCGCC-1,0,62,12,17325,3794
TAGTACCACAACTTTC-1,0,63,13,17577,3939
ATCCCATCCACAGCGC-1,0,62,14,17325,4084
CTTAGGTATAGACCAG-1,0,63,15,17578,4228
TGACTCCGAATCATAC-1,0,62,16,17326,4373
ACTACATCCCGACAAG-1,0,63,17,17578,4518
TTGCCGCAGACCTACA-1,0,62,18,17326,4663
TAAGAGGGACAGGGAC-1,0,63,19,17578,4807
CGAATGAAGTCATTGC-1,0,62,20,17327,4953
AAGGGAACGACTGGCT-1,0,63,21,17579,5097
CGAATCTGCTCGACGC-1,0,62,22,17327,5242
ATCGTGGAAAGTCTGG-1,0,63,23,17579,5387
CCTATGGCTCCTAGTG-1,0,62,24,17327,5532
CGTCGCTTGGTTATAC-1,0,63,25,17580,5676
TGCTTAGAGAGAATGC-1,0,62,26,17328,5821
GATTGCTCCAGTTGCA-1,0,63,27,17580,5966
CGTGCTTCTACCTAAA-1,0,62,28,17328,6111
ACTCCAATATCATCAT-1,0,63,29,17580,6255
GCCGACCCACGACTGC-1,0,62,30,17329,6400
GAGGGTAGTAACAAAG-1,0,63,31,17581,6545
GGCCGAGACTCTGGTG-1,0,62,32,17329,6690
TATATAGGGCTTTACG-1,0,63,33,17581,6835
TGCCGGATGTACGAGC-1,0,62,34,17329,6980
AGGTAGATCGAGATAT-1,0,63,35,17582,7124
GATCAACATAAAGGGA-1,0,62,36,17330,7269
TAACAGCGTTTGTGCT-1,0,63,37,17582,7414
CTATAGGCGTTGATGT-1,0,62,38,17330,7559
GGTTTAATTACCATCG-1,0,63,39,17582,7703
CTCTTCTGGAAGTTAG-1,0,62,40,17331,7848
ATCTGACATGGAAGGA-1,0,63,41,17583,7993
TACGTACTAGTGCTGA-1,0,62,42,17331,8138
ATGACTATCAGCTGTG-1,0,63,43,17583,8282
CTTTGGGATTGTTGCA-1,0,62,44,17331,8428
AGACTGTTACCGGGTC-1,0,63,45,17584,8572
TCCTAACCGTCGGGCA-1,0,62,46,17332,8717
ACGCAAACTAATAGAT-1,0,63,47,17584,8862
AAGTGAGTCGGGTTTA-1,0,62,48,17332,9007
TAAAGCGGTATTTCCA-1,0,63,49,17584,9151
CTCCTCCAGCTCACAC-1,0,62,50,17333,9296
CGGTCCGTCGCAAGCC-1,0,63,51,17585,9441
CCTATATTTGTCCTGG-1,0,62,52,17333,9586
TCCAATAAAGGCTACC-1,0,63,53,17585,9730
AAAGGCTACGGACCAT-1,0,62,54,17334,9876
CGTGACCAGTCCTCTG-1,0,63,55,17586,10020
GATCTGCTATCTAAGG-1,0,62,56,17334,10165
CGAATGACGCATAATG-1,0,63,57,17586,10310
GCTCAATGTAATACCG-1,0,62,58,17334,10455
CTATGCCCGAATGCAA-1,0,63,59,17586,10599
CACAGGGCCGTTGTCA-1,0,62,60,17335,10744
TCAATACGCCGTCATG-1,0,63,61,17587,10889
AGCGGACACTTCGTAG-1,0,62,62,17335,11034
ATACGTTATGCACGGA-1,0,63,63,17587,11178
GAGTAGATACTAGTTG-1,0,62,64,17336,11324
CCAGCTCGAACGCATT-1,0,63,65,17588,11468
TGCTTCCCAAGCAGTA-1,0,62,66,17336,11613
GTAGACACGCCTGACT-1,0,63,67,17588,11758
CTCACATTTACTAAAT-1,0,62,68,17336,11903
GAATGCGAATCGGTTC-1,0,63,69,17588,12047
TAAGGCCCGTCACCCT-1,0,62,70,17337,12192
GAGTATGCGCGTGCAT-1,0,63,71,17589,12337
ATCCACATCGACAGAA-1,0,62,72,17337,12482
TAGACGAAACGCCAAT-1,0,63,73,17589,12626
CAGCAGTCTGTGCTGC-1,0,62,74,17338,12772
CTCACTGTGATACTTA-1,0,63,75,17590,12916
TTAATTGCTTTGGGTG-1,0,62,76,17338,13061
GTAGTCTACGATATTG-1,0,63,77,17590,13206
TTGCCGCTTTCTAGTA-1,0,62,78,17338,13351
GAACCTTTAACGATCC-1,0,63,79,17591,13495
TGGACCAATCTAAGAT-1,0,62,80,17339,13640
CTAGTAGAAAGGGATT-1,0,63,81,17591,13785
AACCTCGCTTTAGCCC-1,0,62,82,17339,13930
GAGTGTCAACCAGAAA-1,0,63,83,17591,14074
GTGATCCTTGTCATGA-1,0,62,84,17340,14220
CTCAACTAACCCGGAT-1,0,63,85,17592,14364
AGTGGCGTCTGAAGGT-1,0,62,86,17340,14509
GGGAAGGGCTTTCTCA-1,0,63,87,17592,14654
AGGCCTGAGAATCTCG-1,0,62,88,17340,14799
AGCCACAGGTTACCCG-1,0,63,89,17593,14943
TGCAATCTAACACGGT-1,0,62,90,17341,15088
GTTTGGGTTTCGCCCG-1,0,63,91,17593,15233
CCTATGTCCACTCCAC-1,0,62,92,17341,15378
CTGCCTTTCTAGTAAA-1,0,63,93,17593,15522
TTAGTAAACCTGCTCT-1,0,62,94,17342,15667
TTGTGGTGGTACTAAG-1,0,63,95,17594,15812
CCTCCTGTTGTGTCGT-1,0,62,96,17342,15957
ACAAAGCATGACCTAG-1,0,63,97,17594,16102
ATAGCAACTAGGGAAG-1,0,62,98,17342,16247
CCGCTCTTCCGAACTA-1,0,63,99,17595,16391
TAGAATAGCCGATGAA-1,0,62,100,17343,16536
GGTCTCCGTCCAGGTT-1,0,63,101,17595,16681
TAATTACGTCAGTAGA-1,0,62,102,17343,16826
TACGTAAAGCGGAGTG-1,0,63,103,17595,16970
GCTACAATCGAGGATA-1,0,62,104,17344,17115
TCAGCCAATCCGTAAA-1,0,63,105,17596,17260
ATCATAGCCCTATGTA-1,0,62,106,17344,17405
GAGGCCTGTTGATACA-1,0,63,107,17596,17549
ATATACGCTCGTGACG-1,0,62,108,17344,17695
CCCTTTAATGGAGTTC-1,0,63,109,17597,17839
TTACACGATCTGCGAC-1,0,62,110,17345,17984
TCGCATAAAGGGCGCA-1,0,63,111,17597,18129
TGTAGCCATCCCATTC-1,0,62,112,17345,18274
GGGTCTATCGCTTTCC-1,0,63,113,17597,18418
GGAGGGTCAAGTAAGA-1,0,62,114,17346,18563
TACGGCATGGACGCTA-1,0,63,115,17598,18708
CACGTCAATCAATGGA-1,0,62,116,17346,18853
CGCTTGGACGGATAGA-1,0,63,117,17598,18997
CGCGGTACGGTATACA-1,0,62,118,17346,19143
CCTACTCAACACGATT-1,0,63,119,17599,19287
CGTTTGGTGTTGTGGG-1,0,62,120,17347,19432
GTTGTTGCAAGATGGC-1,0,63,121,17599,19577
CATTCGTCGTAGCGGT-1,0,62,122,17347,19722
CAGCCTCGATAGCGGT-1,0,63,123,17599,19866
TCATAAGTCCAAGAAG-1,0,62,124,17348,20011
AAAGTGCCATCAATTA-1,0,63,125,17600,20156
GTTGCAGTCGACAACA-1,0,62,126,17348,20301
TAAATGGGCTACTGAG-1,0,63,127,17600,20445
GGACAAGCCATGATCG-1,0,64,0,17827,2056
TCCAATGCGTCGCCGC-1,0,65,1,18079,2200
AAAGAATGACCTTAGA-1,0,64,2,17827,2345
CCTATTATTCCGGCCG-1,0,65,3,18079,2490
CAGTAAGGGACGTCTC-1,0,64,4,17827,2635
GGGATGGACCCGCGTC-1,0,65,5,18079,2780
GACGCATACCCGTCGG-1,0,64,6,17828,2925
GGGCAGGATTTCTGTG-1,0,65,7,18080,3069
TATCTGAGCCGATATT-1,0,64,8,17828,3214
AATGTATGGCACTGTA-1,0,65,9,18080,3359
GCCTTTGTCAGTGGAC-1,0,64,10,17829,3504
AACCATAGGGTTGAAC-1,0,65,11,18081,3648
AAACTTAATTGCACGC-1,0,64,12,17829,3793
TAGGCGGCTGCAAAGA-1,0,65,13,18081,3938
TCCATCAATACTAATC-1,0,64,14,17829,4083
ACCTCGAACTTATGCT-1,0,65,15,18081,4227
ACAAACCATGCGTCCT-1,0,64,16,17830,4373
ACACCGGTCTGACCGC-1,0,65,17,18082,4517
ATGGCAGCATTACGAT-1,0,64,18,17830,4662
CTGGTGAATGGGCCTA-1,0,65,19,18082,4807
CACAGAGACGAGGACG-1,0,64,20,17831,4952
GCACAAACCCTAGATG-1,0,65,21,18083,5096
ACTATGTCCAGCTGCC-1,0,64,22,17831,5241
AAGCCGCCGTGAAATC-1,0,65,23,18083,5386
ATGGGTGTATACCTCC-1,0,64,24,17831,5531
TAAGCGCGAATCAAAT-1,0,65,25,18084,5675
AGCCCGGCATTAGAGG-1,0,64,26,17832,5821
GTGATCAAGCGTGCAC-1,0,65,27,18084,5965
CTGCCTTTAATACCTT-1,0,64,28,17832,6110
TACCTCCACACCAATG-1,0,65,29,18084,6255
GAGCATCAACAACTTG-1,0,64,30,17833,6400
CATACGAACTAGCTGG-1,0,65,31,18085,6544
GGGAACGGTTTCAGAT-1,0,64,32,17833,6689
AGGGTGCCGTTCTTTA-1,0,65,33,18085,6834
ACGACTGGTCATACTC-1,0,64,34,17833,6979
GGATCTTACTGCCCTT-1,0,65,35,18086,7123
TACTCCTCTAGTTGAC-1,0,64,36,17834,7269
GTAGCTCCGGGAGGCT-1,0,65,37,18086,7413
GGACTCGTGAGTGGTC-1,0,64,38,17834,7558
GTAGTTCGAAGGCGAA-1,0,65,39,18086,7703
CTCAAACCACTGCCCG-1,0,64,40,17835,7848
GAGGGAGTCAGATCGC-1,0,65,41,18087,7992
GCGTCCCTAAGACATA-1,0,64,42,17835,8137
TCTCTTACCGCGAACC-1,0,65,43,18087,8282
GGCTACTATACACTCC-1,0,64,44,17835,8427
CGTTGCCCGCGTGGGA-1,0,65,45,18088,8571
TATAGAGTCGCTTGAA-1,0,64,46,17836,8717
ATGTTGTAGTCTGTTT-1,0,65,47,18088,8861
AGTATACACAGCGACA-1,0,64,48,17836,9006
TGTGGTTGCTAAAGCT-1,0,65,49,18088,9151
TGATTCCCGGTTACCT-1,0,64,50,17837,9296
CACTGACGATTGTGGA-1,0,65,51,18089,9440
AACATTGTGACTCGAG-1,0,64,52,17837,9585
GTCCAATATTTAGCCT-1,0,65,53,18089,9730
GCTCTTTCCGCTAGTG-1,0,64,54,17837,9875
GGGTCAGGAGCTAGAT-1,0,65,55,18090,10019
AGGTGGTGACCTTCGC-1,0,64,56,17838,10164
CCCGGGTCGTTCAGGG-1,0,65,57,18090,10309
AGCCAAGCTTTGTGTC-1,0,64,58,17838,10454
TGTGGCGGGCTTCTGG-1,0,65,59,18090,10599
CGAGGGTATCCAGGTG-1,0,64,60,17839,10744
CGTTCAGACCCGCGAA-1,0,65,61,18091,10888
TCATATGAGCTTTGTT-1,0,64,62,17839,11033
AGTTGACGGTCCTTGC-1,0,65,63,18091,11178
ATAATTAGCTAAGTAG-1,0,64,64,17839,11323
GGTCTTGAGCGCTCTT-1,0,65,65,18092,11467
CGTTGTCGGCAATTGA-1,0,64,66,17840,11612
TCTTGCTCCCGATACT-1,0,65,67,18092,11757
AGCAGAAGGAGAAAGA-1,0,64,68,17840,11902
GAAGCCACTGATTATG-1,0,65,69,18092,12046
TGCTCTTGAGAGTTTG-1,0,64,70,17841,12192
GACATCCGTCGAACTG-1,0,65,71,18093,12336
AGATATAATACGACTA-1,0,64,72,17841,12481
TCGCTACTGGCTTTGA-1,0,65,73,18093,12626
GTGACAGCTTCCCACT-1,0,64,74,17841,12771
GTGACGCAGGTTTCAT-1,0,65,75,18094,12915
GGGAAGACGGTCTGTC-1,0,64,76,17842,13060
CGTCGCATGTGAGCCA-1,0,65,77,18094,13205
AGAAGGTTGTAGGTCG-1,0,64,78,17842,13350
GGCCGGCGTCTGCTAT-1,0,65,79,18094,13494
TTGACCAGGAACAACT-1,0,64,80,17843,13640
AGTCGTATAAAGCAGA-1,0,65,81,18095,13784
GGCGTAGGGAAAGCTG-1,0,64,82,17843,13929
AAACCTAAGCAGCCGG-1,0,65,83,18095,14074
ATTGCCTTTATGTTTG-1,0,64,84,17843,14219
CAGGCAGTCTTACCAG-1,0,65,85,18096,14363
AGCTAAGTACGCAGGC-1,0,64,86,17844,14508
AAATCCGATACACGCC-1,0,65,87,18096,14653
CGAGAGCTTTCACTAC-1,0,64,88,17844,14798
CGCCCAGCGTTTCACG-1,0,65,89,18096,14942
TTAAGTATTGTTATCC-1,0,64,90,17845,15088
AAACGGGCGTACGGGT-1,0,65,91,18097,15232
GTATCCTTTGGTAACC-1,0,64,92,17845,15377
CATAGTCAAATACATA-1,0,65,93,18097,15522
TCTATGCTATAACGAC-1,0,64,94,17845,15667
ACGTTCTGTACAAGTC-1,0,65,95,18098,15811
CGCGAAGTGGCATACT-1,0,64,96,17846,15956
ACCAACCGCACTCCAC-1,0,65,97,18098,16101
GTCATGCGCGAGGGCT-1,0,64,98,17846,16246
TAGGCTAAAGTGGCAC-1,0,65,99,18098,16390
TGGCTACACTCTACCT-1,0,64,100,17847,16536
TGTCCACGGCTCAACT-1,0,65,101,18099,16680
AATTGCAGCAATCGAC-1,0,64,102,17847,16825
GTCAACCAGGCCTATA-1,0,65,103,18099,16970
ATCTTATCGCACACCC-1,0,64,104,17848,17115
GTCTATTGCATGCTCG-1,0,65,105,18100,17259
GCACGTGGTTTACTTA-1,0,64,106,17848,17404
ATTCGCGCCTTGAGAG-1,0,65,107,18100,17549
AGCGATGCGCCTAATA-1,0,64,108,17848,17694
TCTATAGGTGGGTAAT-1,0,65,109,18100,17838
AGATACCAATAGAACC-1,0,64,110,17849,17984
CGTGTATGGGAGCTGA-1,0,65,111,18101,18128
ATGTACATGCGGTGAG-1,0,64,112,17849,18273
TTGGCTCAATATGTGT-1,0,65,113,18101,18418
GTTCGGAGCACTCAAC-1,0,64,114,17850,18563
TCCCTCTTCTCAAGGG-1,0,65,115,18102,18707
TTACGTATCTATGACA-1,0,64,116,17850,18852
CCCATATAGGTCGATT-1,0,65,117,18102,18997
GTCCACGTCGCATTCG-1,0,64,118,17850,19142
AATTGTGGTTGCCAAA-1,0,65,119,18102,19286
AGGAACGAACGACTTC-1,0,64,120,17851,19431
TAATTCCAATGCTTCA-1,0,65,121,18103,19576
AGGGCCCTAATGTTCT-1,0,64,122,17851,19721
AGGTGTTGCCGACCAC-1,0,65,123,18103,19866
CTGAGAGTAGAAATAC-1,0,64,124,17852,20011
TAGAAGAAGGGTTACA-1,0,65,125,18104,20155
GGTGACTGATAGAGAG-1,0,64,126,17852,20300
TACCCTCGGTAACCCT-1,0,65,127,18104,20445
TGTAAGACTGATAAGA-1,0,66,0,18330,2055
GTCACTCATGAGCGAT-1,0,67,1,18583,2200
CGGTTTACTGAACATT-1,0,66,2,18331,2345
GAGATCGATCTTACTC-1,0,67,3,18583,2489
TCTTTCATCCGTCCTT-1,0,66,4,18331,2634
TCGGATCTGGATGACC-1,0,67,5,18583,2779
GTCCTAGGATACCTTA-1,0,66,6,18332,2924
TGTACCCGACCCTAAT-1,0,67,7,18584,3068
AGGTTCTCCTTTCCGG-1,0,66,8,18332,3214
AATTGCGTGGATTACA-1,0,67,9,18584,3358
CGATAGCGATACAGTG-1,0,66,10,18332,3503
CGCCCTAATTGTTCAA-1,0,67,11,18585,3648
ATTATGAGACCCAATT-1,0,66,12,18333,3793
CCTCCTAGCTAGAGTC-1,0,67,13,18585,3937
CGAAGGGTTTCAGATT-1,0,66,14,18333,4082
CACAAGCTAAGAAAGG-1,0,67,15,18585,4227
CACCGGTAGAGACATT-1,0,66,16,18334,4372
ACTCATGGCAGCCTTC-1,0,67,17,18586,4516
CATCCAATATAGTTTG-1,0,66,18,18334,4662
CAGATATGAAGATGAC-1,0,67,19,18586,4806
GCAAAGGGCGTTAGCC-1,0,66,20,18334,4951
CTGTTGTTCAGTCGTA-1,0,67,21,18587,5096
AAAGGCCCTATAATAC-1,0,66,22,18335,5241
AACATTGAAGTTGATC-1,0,67,23,18587,5385
GCTAGCGATAGGTCTT-1,0,66,24,18335,5530
ATTGCCTATTAGACCG-1,0,67,25,18587,5675
GGGCGTTTACATTCAT-1,0,66,26,18336,5820
CCTCTACAAGGATTGG-1,0,67,27,18588,5964
AGTGACTGTGACACAA-1,0,66,28,18336,6109
AGCCCTCCCTGGTGGC-1,0,67,29,18588,6254
CGGTTGAGTATCCTTC-1,0,66,30,18336,6399
CATTATCCCATTAACG-1,0,67,31,18589,6544
AATGTGCTAATCTGAG-1,0,66,32,18337,6689
CTTAGTTGAGGAATCG-1,0,67,33,18589,6833
CTTCTGGGCGTACCTA-1,0,66,34,18337,6978
AGTCAAATGATGTGAT-1,0,67,35,18589,7123
TGAACAAGCAGGGACT-1,0,66,36,18338,7268
AATACCGGAGGGCTGT-1,0,67,37,18590,7412
GTTTGGTGATCGGTGC-1,0,66,38,18338,7557
GACTGCTGGTGAGAAA-1,0,67,39,18590,7702
CGATCCTCGCAACATA-1,0,66,40,18338,7847
CCAACCTTATGTAACT-1,0,67,41,18591,7991
CGTGGTACCCAAAGGC-1,0,66,42,18339,8137
AACCCGACAACCCGTG-1,0,67,43,18591,8281
TATGTAAAGTGCTTAA-1,0,66,44,18339,8426
GCAAGTGTAAAGCATG-1,0,67,45,18591,8571
GTAACTGCCCAAGGAG-1,0,66,46,18340,8716
GGTGCATAAATGATTA-1,0,67,47,18592,8860
TAGTCCCGGAGACCAC-1,0,66,48,18340,9005
CGGCCAGAGCGACCAT-1,0,67,49,18592,9150
TGAATGAGTGTTTCCC-1,0,66,50,18340,9295
TTCACTTCCTAGAACG-1,0,67,51,18593,9439
CGCTTAGTATTGATAC-1,0,66,52,18341,9585
AACGCGACCTTGGGCG-1,0,67,53,18593,9729
GTGCACCAGCTTCAAC-1,0,66,54,18341,9874
TTCTATTAAACGCAGC-1,0,67,55,18593,10019
TGGCAAGCACAAGTCG-1,0,66,56,18342,10164
ATCTGCTGTTATCGCC-1,0,67,57,18594,10308
AATTCCAAGCATGTAC-1,0,66,58,18342,10453
AAACGGTTGCGAACTG-1,0,67,59,18594,10598
GAAGGAGTCGAGTGCG-1,0,66,60,18343,10743
GGCAAGCCCATAGTGG-1,0,67,61,18595,10887
TGACCAAATCTTAAAC-1,0,66,62,18343,11033
TTCGGTACTGTAGAGG-1,0,67,63,18595,11177
ATGTACGATGACGTCG-1,0,66,64,18343,11322
ATCTAGCTTGTGAGGG-1,0,67,65,18595,11467
AGCGGGTCTGACACTC-1,0,66,66,18344,11612
GAGGTACGCGTGTCCC-1,0,67,67,18596,11756
GCACTGCCTACCTTTA-1,0,66,68,18344,11901
GGAGCGAGGCCTACTT-1,0,67,69,18596,12046
AAACTCGGTTCGCAAT-1,0,66,70,18345,12191
GGCGCTTCATTCCCTG-1,0,67,71,18597,12335
TGCTCGGTGGGTCACC-1,0,66,72,18345,12481
AAGCGCAGGGCTTTGA-1,0,67,73,18597,12625
GACCTTCCACGTCTAC-1,0,66,74,18345,12770
GTTAGCCCATGACATC-1,0,67,75,18597,12915
AATTCGATTCGAGGAT-1,0,66,76,18346,13060
AGTCTTTAAAGTGTCC-1,0,67,77,18598,13204
GACTAGGCCGTTAGGT-1,0,66,78,18346,13349
TCCAAGCCTAGACACA-1,0,67,79,18598,13494
GATTGGGAAAGGTTGT-1,0,66,80,18347,13639
GATGAGGAACCTTCGG-1,0,67,81,18599,13783
TGAATACCGACGCGTA-1,0,66,82,18347,13929
AATCGTGAGCCGAGCA-1,0,67,83,18599,14073
GCGAAGAATCTGACGG-1,0,66,84,18347,14218
GAACAACTGGGATGAA-1,0,67,85,18600,14363
TCGCCGACATATTCGC-1,0,66,86,18348,14508
CGTAGAGAGTAATTAT-1,0,67,87,18600,14652
CGATAGTCGTACTGCA-1,0,66,88,18348,14797
CGCATGCCGAATGCGT-1,0,67,89,18600,14942
CTCTAGCCCTCGGAAA-1,0,66,90,18349,15087
TCCAACTCAGCTATCT-1,0,67,91,18601,15231
GTCTAGTGAGCCGCTT-1,0,66,92,18349,15376
TACCGAATAATTGTAA-1,0,67,93,18601,15521
ATATAACACGGGCGCA-1,0,66,94,18349,15666
GCATGCTAATAACGAT-1,0,67,95,18602,15811
TCCGGGCTTGACGGGA-1,0,66,96,18350,15956
ATTATTCAGAGTCACT-1,0,67,97,18602,16100
TAGCAGTATGACTAAA-1,0,66,98,18350,16245
TATGAAGAATTAAGGT-1,0,67,99,18602,16390
CAAGGCCAGTGGTGCA-1,0,66,100,18351,16535
TGCGTACGGCTAATTG-1,0,67,101,18603,16679
CAGATAATGGGCGGGT-1,0,66,102,18351,16824
GAGAACGGTTCTGACT-1,0,67,103,18603,16969
CGCTTCGGTCTAAGAC-1,0,66,104,18351,17114
AGCATTACGAGGCAAG-1,0,67,105,18604,17258
AAGTTGTGATGTTATA-1,0,66,106,18352,17404
TTGCTCATAGTACGTG-1,0,67,107,18604,17548
TACTTAAACATGTACA-1,0,66,108,18352,17693
AGTGAGTCGAATTAAC-1,0,67,109,18604,17838
TAGGCCTATATAGTCT-1,0,66,110,18353,17983
ACTCGCCGTTCGATAA-1,0,67,111,18605,18127
GGTACGTTGCGGCCGG-1,0,66,112,18353,18272
TATTGCCGGGCTTGTA-1,0,67,113,18605,18417
GGTAAACTCTGCGCTG-1,0,66,114,18353,18562
TCCCTTGTCTGAAACT-1,0,67,115,18606,18706
CATGATCGCTTTGAGA-1,0,66,116,18354,18852
GGACGGGCGACCAACC-1,0,67,117,18606,18996
GAGAGGCCTATGTGTA-1,0,66,118,18354,19141
TCGTAACTCCCAAGAC-1,0,67,119,18606,19286
CGTATCTAGAACTAAG-1,0,66,120,18355,19431
GCACCTTCCCGAAGGT-1,0,67,121,18607,19575
TACCTCTTTACCATCC-1,0,66,122,18355,19720
TGACTCTAACTGGTAA-1,0,67,123,18607,19865
GAGAAACTGGATCCCA-1,0,66,124,18355,20010
ATCCGGACCAGCCTGA-1,0,67,125,18608,20154
TTATTTAGGTTCCTTA-1,0,66,126,18356,20300
CGAATTCCCGGTTCAA-1,0,67,127,18608,20444
TAGTTTGATCGGTCGC-1,0,68,0,18834,2054
AGTCGAAACGATTCAG-1,0,69,1,19086,2199
ACGTCGGGCAACTCGG-1,0,68,2,18835,2344
ACTTGCTCTATCTACC-1,0,69,3,19087,2489
ATTACGGGCTACGGTT-1,0,68,4,18835,2634
GCAAACGTAAGCGACC-1,0,69,5,19087,2778
TTCGGACTGGGCATGG-1,0,68,6,18836,2923
GGGCCATTCGTGCTGG-1,0,69,7,19088,3068
GAGTTGTCACCAGTCT-1,0,68,8,18836,3213
AGTAATTTGCAAGCGT-1,0,69,9,19088,3357
GTGGCCGGTTTCTCGG-1,0,68,10,18836,3502
ATCTTAGGGCATTAAT-1,0,69,11,19088,3647
CTACATATCGCGGGAC-1,0,68,12,18837,3792
ATGGTATTTACTGATT-1,0,69,13,19089,3936
CCGTCAACCTCTGGCG-1,0,68,14,18837,4082
GCTTCGACGTTCAATC-1,0,69,15,19089,4226
GACCGATTAAATATGT-1,0,68,16,18838,4371
GTCGAATTTGGGCGCT-1,0,69,17,19090,4516
TCACGGCCCAAGAGAG-1,0,68,18,18838,4661
CTACGATCCTATCCTA-1,0,69,19,19090,4805
TGCAGTGGTAGGGAAC-1,0,68,20,18838,4950
TTGCCTAATCCAAAGT-1,0,69,21,19090,5095
AGCGAGACGTGAAGGC-1,0,68,22,18839,5240
TTCTACCTCAATCGGT-1,0,69,23,19091,5384
TACGCTGCTGTGTTAA-1,0,68,24,18839,5530
TAGTCCTGCACTAAGC-1,0,69,25,19091,5674
AGCACACGTTTAGACT-1,0,68,26,18840,5819
GTTCGACAATTGTATA-1,0,69,27,19092,5964
CCATGTTCATCTATAT-1,0,68,28,18840,6109
CCCTCGATAATACACA-1,0,69,29,19092,6253
ACTGCCCGCCATTCTC-1,0,68,30,18840,6398
CTATATCCAGCCTGGC-1,0,69,31,19092,6543
CGCACGTCTGTTTATG-1,0,68,32,18841,6688
AATCAGGTTTCATTTA-1,0,69,33,19093,6832
AGAGAAACACCAGAAA-1,0,68,34,18841,6978
ACCCGATTGGTTCCGA-1,0,69,35,19093,7122
TACCAGGAATCCCGTC-1,0,68,36,18842,7267
AAGTGCTTCTCTATTG-1,0,69,37,19094,7412
TGCATGTGACCCATAG-1,0,68,38,18842,7557
TAGATTCAAAGTGCGG-1,0,69,39,19094,7701
AGGGTCAGAGCACTCG-1,0,68,40,18842,7846
GTGAGATAACCTTATA-1,0,69,41,19095,7991
GTGTCAGTGTACGTGG-1,0,68,42,18843,8136
CTGTAGTGAGGATCGA-1,0,69,43,19095,8280
GATAGTGCGAGTAAGT-1,0,68,44,18843,8426
AGGGTTCAGACGGTCC-1,0,69,45,19095,8570
GGACTCGACAGCGCAT-1,0,68,46,18844,8715
CACTCTCAAGCATCGA-1,0,69,47,19096,8860
GAGCGGAATGCGGTGT-1,0,68,48,18844,9005
CAGTTCGAGGACCCGA-1,0,69,49,19096,9149
CGTAACTTCGACACTT-1,0,68,50,18844,9294
TGATCACCACACTGAC-1,0,69,51,19097,9439
CATACTTCTTTCTCCG-1,0,68,52,18845,9584
CAAGTAAGTGATAGAC-1,0,69,53,19097,9728
AGCCCGCAACAAGCAG-1,0,68,54,18845,9873
GCTCCATGCAAAGCAA-1,0,69,55,19097,10018
TCGTACCGACGTCAAG-1,0,68,56,18846,10163
ATTATCGGAATGTACG-1,0,69,57,19098,10308
ACCTACTATAAATCTA-1,0,68,58,18846,10453
TATCCTATCAACTGGT-1,0,69,59,19098,10597
GCGCGGTCTAGTAACT-1,0,68,60,18846,10742
CCTTCGTATAGAATCC-1,0,69,61,19099,10887
TGGGCGATACAATAAG-1,0,68,62,18847,11032
TGACATGTAACGTGAC-1,0,69,63,19099,11176
TTGGGAAGACGAGCCG-1,0,68,64,18847,11321
GGTGTAAATCGATTGT-1,0,69,65,19099,11466
GAACTGTGGAGAGACA-1,0,68,66,18848,11611
TCCACATCGTATATTG-1,0,69,67,19100,11756
CCTATGGTCAAAGCTG-1,0,68,68,18848,11901
TCCTTGTCCTTTAATT-1,0,69,69,19100,12045
AAGTTTATGGGCCCAA-1,0,68,70,18848,12190
GTCCGGGTTCACATTA-1,0,69,71,19101,12335
ATGTAGCGCGCGTAGG-1,0,68,72,18849,12480
TACGGAAGCCAAACCA-1,0,69,73,19101,12624
GCCCTGAGGATGGGCT-1,0,68,74,18849,12769
CGGGCGATGGATCACG-1,0,69,75,19101,12914
TGCGGACTTGACTCCG-1,0,68,76,18850,13059
TAATACTAGAACAGAC-1,0,69,77,19102,13203
TCAAATTGTTGTGCCG-1,0,68,78,18850,13349
GGGCAGTCAACGCCAA-1,0,69,79,19102,13493
TCGCTGCCAATGCTGT-1,0,68,80,18850,13638
TACGTGGGCCCAGGGC-1,0,69,81,19103,13783
GCCTACGTTCTGTGCA-1,0,68,82,18851,13928
TTGCGTGTGTAGGCAT-1,0,69,83,19103,14072
TCCTAAAGATTCAGAC-1,0,68,84,18851,14217
TGGGTGCACAAGCCAT-1,0,69,85,19103,14362
GGGAGCGACCGTAGTG-1,0,68,86,18852,14507
CATAGAGGAGATACTA-1,0,69,87,19104,14651
CTTCGATTGCGCAAGC-1,0,68,88,18852,14797
GTGCCTGAGACCAAAC-1,0,69,89,19104,14941
TCATCCTCAGCTGCTT-1,0,68,90,18852,15086
TGCAACTACTGGTTGA-1,0,69,91,19105,15231
ATGTTGATTAGAGACT-1,0,68,92,18853,15376
GTTTCTAGAGGCGCGG-1,0,69,93,19105,15520
TACAAGGGCTTCTTTA-1,0,68,94,18853,15665
ACAGGCACGGATCCTT-1,0,69,95,19105,15810
CCCAAGTCATTACACT-1,0,68,96,18854,15955
ACTCTGACCTAATAGA-1,0,69,97,19106,16099
GGATGGCTTGAAGTAT-1,0,68,98,18854,16245
ACCCTCCCGTCAGGGC-1,0,69,99,19106,16389
AGCTTCTTCTCGAGCA-1,0,68,100,18854,16534
TTGCGCTTGATCAATA-1,0,69,101,19107,16679
TGGGTGTAATAGATTT-1,0,68,102,18855,16824
CATGGTTTATTAATCA-1,0,69,103,19107,16968
TTGCCTTCTCGCCGGG-1,0,68,104,18855,17113
TTAAAGTAAGTCGCCA-1,0,69,105,19107,17258
AGTTGGCAAGGCTAGA-1,0,68,106,18856,17403
CCGCACTTGCAATGAC-1,0,69,107,19108,17547
AATGTTGTCGTGAGAC-1,0,68,108,18856,17693
CCAAGGTTGCCCTTTC-1,0,69,109,19108,17837
TGTGACTAGAGTTTGC-1,0,68,110,18856,17982
TTGTGATCTGTTCAGT-1,0,69,111,19109,18127
GGAGTTGATTCTGTGT-1,0,68,112,18857,18272
GTAGTGAGCAACCTCA-1,0,69,113,19109,18416
AAGACATACGTGGTTT-1,0,68,114,18857,18561
CATCCCGAGATTCATA-1,0,69,115,19109,18706
GGCCGCAGGAACCGCA-1,0,68,116,18858,18851
CCAGAAACTGATGCGA-1,0,69,117,19110,18995
ACCCGTAGTCTAGTTG-1,0,68,118,18858,19140
AGGGTCTGGACGCAGT-1,0,69,119,19110,19285
TTGAAACCCTCATTCC-1,0,68,120,18859,19430
TCAATCCCGCGCCAAA-1,0,69,121,19111,19575
AGGACATCGGCACACT-1,0,68,122,18859,19720
GACAAGACGCCCGTGC-1,0,69,123,19111,19864
GAGTAAATTAAGAACC-1,0,68,124,18859,20009
TAAGTCGGTGAGCTAG-1,0,69,125,19111,20154
CTTACTGACTCCTCTG-1,0,68,126,18860,20299
TTAACTGATCGTTTGG-1,0,69,127,19112,20443
GGGCGATCCATAGGCC-1,0,70,0,19338,2054
CGTATTGTTTGGCGCC-1,0,71,1,19590,2198
CGCGTGGGCCTGTGTT-1,0,70,2,19339,2343
AAATCTGCCCGCGTCC-1,0,71,3,19591,2488
GCTGAAGGGTTCTTGG-1,0,70,4,19339,2633
TAATTGCGCTGATTAC-1,0,71,5,19591,2777
TCGCGCGTTTACATGA-1,0,70,6,19339,2923
TAACTGAAATACGCCT-1,0,71,7,19592,3067
CCTGTCGTGTATGAAG-1,0,70,8,19340,3212
CGGGAACGCCCTGCAT-1,0,71,9,19592,3357
AGTTGCGGTCCTCAAC-1,0,70,10,19340,3502
GGGTCCTTGGAAGAAG-1,0,71,11,19592,3646
CGGGAAGTACCGTGGC-1,0,70,12,19341,3791
ACGGTCACCGAGAACA-1,0,71,13,19593,3936
TAGACTCAGTTGGCCT-1,0,70,14,19341,4081
CCTTCCGCAACGCTGC-1,0,71,15,19593,4225
CAGTGTTAATCTCTCA-1,0,70,16,19341,4371
CAGGCCAGTACCACCT-1,0,71,17,19594,4515
GATCGCTGTGGTGCGT-1,0,70,18,19342,4660
GTATCTCGGGCGCTTT-1,0,71,19,19594,4805
CCGGGCTAAGAATTTC-1,0,70,20,19342,4950
CTTCACGCCCTGGTAC-1,0,71,21,19594,5094
CGGATGAATGCTGTGA-1,0,70,22,19343,5239
CTCTGCAGGCATTCTT-1,0,71,23,19595,5384
TCAAAGTCACGGCGTC-1,0,70,24,19343,5529
TGGGTTTCGGGCGTAC-1,0,71,25,19595,5673
TGCTATGGCAAAGGGA-1,0,70,26,19343,5818
TTCACGGTCGTCACGT-1,0,71,27,19596,5963
CGTAAAGCAAGAAATC-1,0,70,28,19344,6108
CTGATCCCTTTATGCA-1,0,71,29,19596,6253
GAGTATACCCTAATCA-1,0,70,30,19344,6398
CCACGGCAGGTGTAGG-1,0,71,31,19596,6542
ACGTACTTTGGCACGG-1,0,70,32,19345,6687
CCTGAGAATAAATGCA-1,0,71,33,19597,6832
TTGATGCCGCTCGTCG-1,0,70,34,19345,6977
GCCAGGAAAGAACACT-1,0,71,35,19597,7121
TCCGACCGCTAATCAA-1,0,70,36,19345,7266
TATATCAAAGTGATCT-1,0,71,37,19598,7411
CCTCGGTTTCCTTGCC-1,0,70,38,19346,7556
TAAATTTAGTAACACC-1,0,71,39,19598,7700
CTCGTTACGGCTACCA-1,0,70,40,19346,7846
GCCGTCGGTTTCGGGC-1,0,71,41,19598,7990
GTTCCGTCCGCCTGCA-1,0,70,42,19347,8135
CTAGGGATAGGGACAA-1,0,71,43,19599,8280
GTCCAGGCACGTGTGC-1,0,70,44,19347,8425
GAGGAATATCTCTTTG-1,0,71,45,19599,8569
CGTTCAAGGAAACGGA-1,0,70,46,19347,8714
GTGGGAACAAACCGGG-1,0,71,47,19600,8859
GGGCACGTAGTACTGT-1,0,70,48,19348,9004
ACTACAAAGAGAGGTG-1,0,71,49,19600,9148
GGTGTAGGTAAGTAAA-1,0,70,50,19348,9294
CCTGTTCAACCTCGGG-1,0,71,51,19600,9438
TGAGGTGTGTGGCGGA-1,0,70,52,19349,9583
ATTGTCTGTTTCATGT-1,0,71,53,19601,9728
GCCGGTCGTATCTCTC-1,0,70,54,19349,9873
ATATGGGATAGCAACT-1,0,71,55,19601,10017
GATAGAACCCGCTAGG-1,0,70,56,19349,10162
ATCCCATTTCCGTGGG-1,0,71,57,19602,10307
GATGCTACCTTCGATG-1,0,70,58,19350,10452
TGCAAAGTTCGTCTGT-1,0,71,59,19602,10596
GTTCAGTCGCCAAATG-1,0,70,60,19350,10742
GTCTCCGCCTCAATAC-1,0,71,61,19602,10886
AGTAGAAGGCGCCTCA-1,0,70,62,19351,11031
GTTGTAGATTTATGAG-1,0,71,63,19603,11176
CTATTTGCTTGGAGGA-1,0,70,64,19351,11321
AGCCATATAGTATGTG-1,0,71,65,19603,11465
TGTTCCGGCCTGAGCT-1,0,70,66,19352,11610
TGCCGTGGGACCCAAT-1,0,71,67,19604,11755
TTGCAAGAAGACTCCT-1,0,70,68,19352,11900
CCGCTCCAGGGCGATC-1,0,71,69,19604,12044
CAAACCCTCCGGCGGG-1,0,70,70,19352,12190
CGGACCTTTACGTCCC-1,0,71,71,19604,12334
ACGTAGGAGAGTCGCT-1,0,70,72,19353,12479
CTGCGACCTCGCCGAA-1,0,71,73,19605,12624
GGCCCAGCTGGTTTGC-1,0,70,74,19353,12769
GGATTAATCATGGACC-1,0,71,75,19605,12913
GAGATGGCTTTAATCA-1,0,70,76,19354,13058
AGTACAGAAGCTTATA-1,0,71,77,19606,13203
GCGGCTTTAGCAAGTT-1,0,70,78,19354,13348
ACCGAGTCTCCTTATT-1,0,71,79,19606,13492
GACCACACTTCCCTTT-1,0,70,80,19354,13638
TGTAGCCAATTCCGTT-1,0,71,81,19606,13782
CTCGTCTGTGCCTTCG-1,0,70,82,19355,13927
GGACTCTTTGACTAAG-1,0,71,83,19607,14072
TCATCGACGACCGTCG-1,0,70,84,19355,14217
TACTACGTGCAATGCG-1,0,71,85,19607,14361
CCCTACTTGAACAATG-1,0,70,86,19356,14506
GCAGCTGTCAACGCAT-1,0,71,87,19608,14651
ATCTACCATCTGCTCC-1,0,70,88,19356,14796
TCTCAAATCAATCGGG-1,0,71,89,19608,14940
ACTCCGGCCGACCACT-1,0,70,90,19356,15085
TACACCTCTTCGAATC-1,0,71,91,19609,15230
GTGGCTGTTTCTGTTC-1,0,70,92,19357,15375
ACGACTCTAGGGCCGA-1,0,71,93,19609,15520
TCGTTTACGCGACCCT-1,0,70,94,19357,15665
AGGATATCCGACTGCA-1,0,71,95,19609,15809
GACACTTCCAATTACC-1,0,70,96,19358,15954
ACGGTACAGTTCAATG-1,0,71,97,19610,16099
CTTGATGACCATCCAG-1,0,70,98,19358,16244
CTGGTAAAGACTTACA-1,0,71,99,19610,16388
CTTGCCCACCCACGCA-1,0,70,100,19358,16533
CATTACGCAGGAAGGG-1,0,71,101,19611,16678
GGACAACCATGAAGCC-1,0,70,102,19359,16823
GTTATCAAGCTATCGA-1,0,71,103,19611,16967
AGGTGCACGTCCACAT-1,0,70,104,19359,17113
AAAGAATGTGGACTAA-1,0,71,105,19611,17257
ACCAAGTCATCGGCAG-1,0,70,106,19360,17402
AGTAACTATAGCAGCC-1,0,71,107,19612,17547
GGGAAAGAATGCCAAC-1,0,70,108,19360,17692
AATCGGTATAGCCCTC-1,0,71,109,19612,17836
GGCACTGCGGTGGTTT-1,0,70,110,19360,17981
CGTCCTCATCGCGTGC-1,0,71,111,19613,18126
CTTAACTTACAGTATA-1,0,70,112,19361,18271
GTGAGTCGACTAATAG-1,0,71,113,19613,18415
TGTACTTCCGGGCATG-1,0,70,114,19361,18561
CACAAACCGCAGAACT-1,0,71,115,19613,18705
GCTTTACACAACTGGG-1,0,70,116,19362,18850
CACCGATGATGGGTAC-1,0,71,117,19614,18995
TCAATATACAGGAGGC-1,0,70,118,19362,19140
AACGACCTCCTAGCCG-1,0,71,119,19614,19284
GTTACCAAGGCGTACG-1,0,70,120,19362,19429
TAGCTCACTGTGTTTG-1,0,71,121,19615,19574
TCGGCAGGGTTAAGGG-1,0,70,122,19363,19719
TGTTAACAAAGTGACT-1,0,71,123,19615,19863
CAGAGCGATGGATGCT-1,0,70,124,19363,20009
CATAGTGGGCACGCCT-1,0,71,125,19615,20153
AAACGCTGGGCACGAC-1,0,70,126,19364,20298
TGTTCTCATACTATAG-1,0,71,127,19616,20443
TCCGCTGGGTCGATCG-1,0,72,0,19842,2053
TTAGCATCCCTCACGT-1,0,73,1,20094,2198
AGCCTTGTCACTGATA-1,0,72,2,19842,2343
GTTTCTTGTTAGAGCT-1,0,73,3,20095,2487
TCGGAGTCCTGGTTGC-1,0,72,4,19843,2632
ACGGGTTGTGACCTGT-1,0,73,5,20095,2777
TGACAGAAATCTTGCT-1,0,72,6,19843,2922
TAGCCATGATTGCCTA-1,0,73,7,20095,3066
CGAAGCCACAGCATGG-1,0,72,8,19844,3211
ACCCGTAGCAGAGAAT-1,0,73,9,20096,3356
AGCTTGATCAGGGTAG-1,0,72,10,19844,3501
CTATAAGTAGGGTTTG-1,0,73,11,20096,3645
TATAGTTAGGTGTACT-1,0,72,12,19844,3791
TACGCTGATAGTTGTA-1,0,73,13,20097,3935
TTCTCAATTGCTACAA-1,0,72,14,19845,4080
GTTGCCCTAACGGGTG-1,0,73,15,20097,4225
GACATTTCGCCCAGCC-1,0,72,16,19845,4370
GTAACTACGTAGACCT-1,0,73,17,20097,4514
CCAGTGTACAGACCGA-1,0,72,18,19846,4659
GCCCGATGCCCAGTTC-1,0,73,19,20098,4804
CGAACCTCTTTCCTAG-1,0,72,20,19846,4949
CATGCACATGAGAGGC-1,0,73,21,20098,5093
CCAAATCAAAGGGCAA-1,0,72,22,19847,5239
GTAGTTTAAGCACACG-1,0,73,23,20099,5383
TAAGTGAATAGTCTAC-1,0,72,24,19847,5528
GGTCCACGTCTATTTG-1,0,73,25,20099,5673
CCCTCAGATCGAGAAC-1,0,72,26,19847,5818
ACATTCGCGCGGAATA-1,0,73,27,20099,5962
CTATGAACACCTTGCC-1,0,72,28,19848,6107
CGAATGGTAGGTCGTC-1,0,73,29,20100,6252
TCGACATAGCGTAGCG-1,0,72,30,19848,6397
GACGTTGCTCGGCGGC-1,0,73,31,20100,6541
CTCGAGGCAAGTTTCA-1,0,72,32,19849,6687
GCTGGGAGCGCGTCAA-1,0,73,33,20101,6831
GACGATATCACTGGGT-1,0,72,34,19849,6976
CAGCTCTGGGCTCACT-1,0,73,35,20101,7121
TAGTCTGCGGCACATT-1,0,72,36,19849,7266
TGGTCGATATACCTCT-1,0,73,37,20101,7410
TTCAGTTCAAGAGGAG-1,0,72,38,19850,7555
GTCTGTAGGTTGAACA-1,0,73,39,20102,7700
GAGAGTCTCGGGAGAG-1,0,72,40,19850,7845
TTGTTTGTATTACACG-1,0,73,41,20102,7989
GCACAGCACGGGCCGA-1,0,72,42,19851,8135
AAACAGTGTTCCTGGG-1,0,73,43,20103,8279
TGGAGAATAATCGTCC-1,0,72,44,19851,8424
CGCCGCGTTCTGAACG-1,0,73,45,20103,8569
CATGCGTTGAGAGGAG-1,0,72,46,19851,8714
TACGCTCCTAGAACTG-1,0,73,47,20104,8858
CCTTGTGAACGTGGTT-1,0,72,48,19852,9003
TTAAAGGCGATGCTCG-1,0,73,49,20104,9148
TAAAGTGCACGTCTCG-1,0,72,50,19852,9293
TGTCCGCAAACAATTC-1,0,73,51,20104,9437
AGGCCTATCATACCAA-1,0,72,52,19853,9582
ACTGGGATGCCAGTGC-1,0,73,53,20105,9727
CGATCCACCATTGTTG-1,0,72,54,19853,9872
GGGCATGCATGTCGAG-1,0,73,55,20105,10017
TCCAGGCAGGACGATC-1,0,72,56,19853,10162
CAATGACCCTTAATTT-1,0,73,57,20106,10306
ATCAAGATCCCAGGAC-1,0,72,58,19854,10451
CTCAGAGCTAATGTCG-1,0,73,59,20106,10596
CTGCGATTTCGAGATT-1,0,72,60,19854,10741
ATGGTATTGGGAACCG-1,0,73,61,20106,10885
TAGGTTCTGCTGAGAA-1,0,72,62,19855,11030
GCCTGTCCCGGTGCAT-1,0,73,63,20107,11175
GGCCTGCTCTGATGTT-1,0,72,64,19855,11320
TAGAGGGAGTTTATCT-1,0,73,65,20107,11465
CTCTACATCCTGCGTG-1,0,72,66,19855,11610
ACACATTTCCGTAGAC-1,0,73,67,20108,11754
TGGGTGTTAAGTAGAA-1,0,72,68,19856,11899
GAGCTCAACATGAGCG-1,0,73,69,20108,12044
GCACACAGCTATTACC-1,0,72,70,19856,12189
GCGACGGTAGTCTCCT-1,0,73,71,20108,12333
GTATCAAGGTACTTCC-1,0,72,72,19857,12478
GGAAAGGGAATTGAGC-1,0,73,73,20109,12623
TACACAGCCGTGGTGC-1,0,72,74,19857,12768
CGGTTGGGCAGGGTCC-1,0,73,75,20109,12912
GCACGCCGATTCCCGC-1,0,72,76,19857,13058
CGCTTTCCGCCAAGGT-1,0,73,77,20110,13202
TGCCCGATAGTTAGAA-1,0,72,78,19858,13347
TCAGAACGGCGGTAAT-1,0,73,79,20110,13492
CCACTCAGATCCGCAA-1,0,72,80,19858,13637
GAAGGGTCATTAAGAC-1,0,73,81,20110,13781
GCGGTCTTGCTTTCAC-1,0,72,82,19859,13926
GGAAGGACACCGTATA-1,0,73,83,20111,14071
CGCGGGAATTCCTTTC-1,0,72,84,19859,14216
TCTATCCGATTGCACA-1,0,73,85,20111,14360
TACTCGTTTGAATCAA-1,0,72,86,19859,14506
GTCTGCCGACTCGACG-1,0,73,87,20112,14650
TACGGGTAATAACATA-1,0,72,88,19860,14795
CCAGTTCGGTAACTCA-1,0,73,89,20112,14940
CGTGCACACCACTGTA-1,0,72,90,19860,15085
CTTCAGTTGGACAACG-1,0,73,91,20112,15229
TGATCTATCACACTCT-1,0,72,92,19861,15374
TAGCAGATACTTAGGG-1,0,73,93,20113,15519
CACCGGGCATCACAAG-1,0,72,94,19861,15664
AGTGGCCCGCAAATGG-1,0,73,95,20113,15808
CTCGCTAGGTAAGCGA-1,0,72,96,19861,15954
GATAGATAGTACAGTC-1,0,73,97,20114,16098
CGAGACTACTGCTGCT-1,0,72,98,19862,16243
ACATTTGAAACCTAAC-1,0,73,99,20114,16388
GACACAGCCGGGACTG-1,0,72,100,19862,16533
ACGGAACACGAGTGCC-1,0,73,101,20114,16677
ACGCCAGTGCGTTTGC-1,0,72,102,19863,16822
GCACCTAGGCGAGTCC-1,0,73,103,20115,16967
TCACTATCCCTTCGGT-1,0,72,104,19863,17112
TGAGTGTAACAACGGG-1,0,73,105,20115,17256
ATTGGTTGTGCATTAC-1,0,72,106,19863,17402
CTGGCGATTTACATGT-1,0,73,107,20116,17546
TCCACCAAGACATAGG-1,0,72,108,19864,17691
AACGTCGCTGCACTTC-1,0,73,109,20116,17836
GTCTCCCGAGTCCCGT-1,0,72,110,19864,17981
AGCCCGCACTACAATG-1,0,73,111,20116,18125
GGCACGCTGCTACAGT-1,0,72,112,19865,18270
GCTTGAGTGACCTCTG-1,0,73,113,20117,18415
ATAGCCATAACAGTCA-1,0,72,114,19865,18560
TAGGAGGCTCGAGAAC-1,0,73,115,20117,18704
GTCGGGTGAAGTACCG-1,0,72,116,19865,18849
CACCCGCGTTTGACAC-1,0,73,117,20118,18994
TCTCAGGCTACTCGCT-1,0,72,118,19866,19139
TAGATTCTCTAGCAAA-1,0,73,119,20118,19284
CCCATTATTGTATCCT-1,0,72,120,19866,19429
GTTAATAGCGTCATTA-1,0,73,121,20118,19573
TACTCATTGACGCATC-1,0,72,122,19867,19718
TAGTGACAAGCTCTAC-1,0,73,123,20119,19863
ATCGCCGTGGTTCATG-1,0,72,124,19867,20008
CTGCTCTCAACACACC-1,0,73,125,20119,20152
GCATGACACAAAGGAA-1,0,72,126,19868,20297
CAACGATCGATCCAAT-1,0,73,127,20120,20442
ATACAGCGTCCACTGA-1,0,74,0,20346,2052
TCACGATTAATACGTT-1,0,75,1,20598,2197
CGTGAACTGACCCGAT-1,0,74,2,20346,2342
TCGATGTTACGGCCGT-1,0,75,3,20599,2486
GACCGGTGATACTCTC-1,0,74,4,20347,2632
TCTGTTTAGATTGTTC-1,0,75,5,20599,2776
GCTACTCGGACGCAGA-1,0,74,6,20347,2921
AAGAAAGTTTGATGGG-1,0,75,7,20599,3066
CGCCAGTAGTACCTTG-1,0,74,8,20348,3211
CTCCCTTGTATCAAGG-1,0,75,9,20600,3355
ACTTTATACACCACTT-1,0,74,10,20348,3500
AGATCTGGAGAGGATA-1,0,75,11,20600,3645
TCATCCATCTGATCAC-1,0,74,12,20348,3790
AGAACACGGCGATGGT-1,0,75,13,20601,3934
CCGCTCCGGATAAGCT-1,0,74,14,20349,4080
TGGTCGGGTACAGGGC-1,0,75,15,20601,4224
ACGGACGCAGCGACAA-1,0,74,16,20349,4369
ACATGCTTACGGCAGC-1,0,75,17,20601,4514
CAGGGAGATAGGCCAG-1,0,74,18,20350,4659
TCGCCACCCGGATTAC-1,0,75,19,20602,4803
TCTTGGTCAATGATAC-1,0,74,20,20350,4948
CATAGGGACACTTGTG-1,0,75,21,20602,5093
CACGAGCAAACCAGAC-1,0,74,22,20350,5238
GGGATATTGATCGCCA-1,0,75,23,20603,5382
TAATGTCGGTTCATGG-1,0,74,24,20351,5527
CGATTTGTCATTAATG-1,0,75,25,20603,5672
TTAAGATACCCAGAGA-1,0,74,26,20351,5817
CGACCGTTGGTATTCG-1,0,75,27,20603,5962
ACTACCATCCGAGGGC-1,0,74,28,20352,6107
TCTACGCACGATCTCC-1,0,75,29,20604,6251
AAGCCACTTGCAGGTA-1,0,74,30,20352,6396
ACGTTGTCGTTGAAAG-1,0,75,31,20604,6541
ACCGCTAGTCATTGGT-1,0,74,32,20352,6686
CATGAGTCCATCACGG-1,0,75,33,20605,6830
ATGTCTTGTTTGACTC-1,0,74,34,20353,6975
TCCCAAACATCCTCTA-1,0,75,35,20605,7120
CAACGCGATGAGCCAA-1,0,74,36,20353,7265
GACACCCAAAGACGCG-1,0,75,37,20605,7409
ACGTTCACTATGCCGC-1,0,74,38,20354,7555
ATGGACTGCTTAGTTG-1,0,75,39,20606,7699
CCATGGCAAACGCTCA-1,0,74,40,20354,7844
TTGTCTCGGCAAGATG-1,0,75,41,20606,7989
TTCGAACGAAACATGC-1,0,74,42,20354,8134
GGAAAGTCTTGATTGT-1,0,75,43,20607,8278
ATCATAGATCGACGAG-1,0,74,44,20355,8423
GATTAGAAACAAGCGT-1,0,75,45,20607,8568
GCTGCGAAGAATTATT-1,0,74,46,20355,8713
TTCCAGTGGGTTTCGT-1,0,75,47,20607,8857
GCTCATTGATCATATC-1,0,74,48,20356,9003
ATACGAGGTTTGTAAG-1,0,75,49,20608,9147
GTCTATACACGCATGG-1,0,74,50,20356,9292
GATTTGCGCTAACACC-1,0,75,51,20608,9437
TGGTGCCCTGCCTTAC-1,0,74,52,20356,9582
TCGAATCGCAGGGTAG-1,0,75,53,20609,9726
GGTAGGCCAATATCAC-1,0,74,54,20357,9871
CGTAAATAACAAAGGG-1,0,75,55,20609,10016
GACTCTAGAGTTCCAA-1,0,74,56,20357,10161
ACTTGTTACCGGATCA-1,0,75,57,20609,10305
GGCATTGAACATCTCA-1,0,74,58,20358,10451
AACCCGCTGTATTCCA-1,0,75,59,20610,10595
TAACAGGTTCCCTTAG-1,0,74,60,20358,10740
GTTCTTGTAACTCAAT-1,0,75,61,20610,10885
GATTCTGTTAATGAGT-1,0,74,62,20358,11030
GGACACCTCGGTGTTG-1,0,75,63,20611,11174
CGATCGAGAAGCACCA-1,0,74,64,20359,11319
CTGCTCTGACGGCAAA-1,0,75,65,20611,11464
CCCAGGAAGAATTCGA-1,0,74,66,20359,11609
TGTCGTGGGTATAGGC-1,0,75,67,20611,11753
ATATGTCTAGAGCGTG-1,0,74,68,20360,11899
GCGGGCAGACGGGTGA-1,0,75,69,20612,12043
CGAAGATCAGTTTCAT-1,0,74,70,20360,12188
ACGCCACTCGAAACAG-1,0,75,71,20612,12333
CTTAGATGTTTCATCC-1,0,74,72,20361,12478
GCGAATGGACTAGCGA-1,0,75,73,20613,12622
TAAATTGTGGGTAAAG-1,0,74,74,20361,12767
ATTTATACTGGTAAAG-1,0,75,75,20613,12912
GCGTCGTAACATGGTC-1,0,74,76,20361,13057
CGGTATGGGCACTCTG-1,0,75,77,20613,13201
CTATCACAACGCTGGA-1,0,74,78,20362,13347
ACCACACGGTTGATGG-1,0,75,79,20614,13491
TCAGCGCACGCCGTTT-1,0,74,80,20362,13636
AATGTTAAGACCCTGA-1,0,75,81,20614,13781
CTTACATAGATTTCTT-1,0,74,82,20363,13926
AACATAGCGTGTATCG-1,0,75,83,20615,14070
AGCAGTCGAAGCATGC-1,0,74,84,20363,14215
GTACTACGGCCTCGTT-1,0,75,85,20615,14360
TTGGCCAAATTGTATC-1,0,74,86,20363,14505
TCAGAGGACGCGTTAG-1,0,75,87,20615,14649
AGTAATCTAAGGGTGG-1,0,74,88,20364,14794
AATTATACCCAGCAAG-1,0,75,89,20616,14939
CCCTACCCACACCCAG-1,0,74,90,20364,15084
CTCTGTCCATGCACCA-1,0,75,91,20616,15229
TCGCCTCCTTCGGCTC-1,0,74,92,20365,15374
CCTGATTCGCGAAGAA-1,0,75,93,20617,15518
GACTTCAACGCATCAA-1,0,74,94,20365,15663
GCTTCCCGTAAGCTCC-1,0,75,95,20617,15808
AGAACTGTACTTTGTA-1,0,74,96,20365,15953
CCTTAAGTACGCAATT-1,0,75,97,20617,16097
GGCCAATTGTATAGAC-1,0,74,98,20366,16242
AGAATACAGGCTATCC-1,0,75,99,20618,16387
AATACCTGATGTGAAC-1,0,74,100,20366,16532
TAGAGTGTTCCGGGTA-1,0,75,101,20618,16676
GCTTCCATGTAACCGC-1,0,74,102,20367,16822
GGTTCGCATTTGCCGT-1,0,75,103,20619,16966
TCAATCCGGGAAGTTT-1,0,74,104,20367,17111
CCGGAAGTGCAATATG-1,0,75,105,20619,17256
CTCATAAATGTGTATA-1,0,74,106,20367,17401
GACGGGCATCGAATTT-1,0,75,107,20620,17545
GCTAAGCCCAGTATGC-1,0,74,108,20368,17690
GCTATAAGGGCCAGGA-1,0,75,109,20620,17835
GCGGATTACTTGTTCT-1,0,74,110,20368,17980
TACAACAGCGCATACA-1,0,75,111,20620,18124
TCTAACCTAGCCTGCG-1,0,74,112,20369,18270
TCTACCCGCATCATTT-1,0,75,113,20621,18414
GTCTTACCACGCCAAG-1,0,74,114,20369,18559
AATAACGTCGCGCCCA-1,0,75,115,20621,18704
CGTTTCGGTTATATGC-1,0,74,116,20369,18849
TACGCTGCACGGTCGT-1,0,75,117,20622,18993
CGTTAAATACGACCAG-1,0,74,118,20370,19138
TCGACTGACGATGGCT-1,0,75,119,20622,19283
ACGCTACTGAATGGGC-1,0,74,120,20370,19428
AAGGGTTAGCCATGCG-1,0,75,121,20622,19572
ACGTTTCGGTGCACTT-1,0,74,122,20371,19718
TTAACCCGAGGCGTGT-1,0,75,123,20623,19862
GCCCGTCAAGCCCAAT-1,0,74,124,20371,20007
ATTCGTCCCGAGGTTA-1,0,75,125,20623,20152
TCAAATTATGTTCGAC-1,0,74,126,20371,20297
AACGTTCTACCATTGT-1,0,75,127,20624,20441
CTGTCCTGCGCACTAC-1,0,76,0,20850,2052
GCCCAGCGACACAAAG-1,0,77,1,21102,2196
TATAGCTATTATCTCT-1,0,76,2,20850,2341
AAGCTATGGATTGACC-1,0,77,3,21102,2486
CCGAAACACGACCTCT-1,0,76,4,20851,2631
ATCAGAAGCTGGTTGC-1,0,77,5,21103,2775
TGAACCTGAATGTGAG-1,0,76,6,20851,2920
TCAGAGCATGTCAACG-1,0,77,7,21103,3065
ATACCCTCCCGGCCAA-1,0,76,8,20851,3210
GCCACCTTATTCGCGA-1,0,77,9,21104,3354
CAACGAGCTTATTATG-1,0,76,10,20852,3500
GATCCAACCTTTAAAC-1,0,77,11,21104,3644
TTGTGGAGACAGCCGG-1,0,76,12,20852,3789
AGATAATCACACCTAT-1,0,77,13,21104,3934
GGTTAGGGATGCTAAT-1,0,76,14,20853,4079
TCATGAAGCGCTGCAT-1,0,77,15,21105,4223
CCAGGCGAGATGGTCT-1,0,76,16,20853,4368
CGACTTGCCGGGAAAT-1,0,77,17,21105,4513
GTGCCAAACGTTTCGA-1,0,76,18,20853,4658
TGCTCAAAGGATGCAC-1,0,77,19,21106,4802
GCCTCAGGTACCGGTC-1,0,76,20,20854,4948
ACAAGTAATTGTAAGG-1,0,77,21,21106,5092
TTAGAGTATTGTCGAG-1,0,76,22,20854,5237
GTCATCCCAAACTCAC-1,0,77,23,21106,5382
CTCCTAGTAATCGTGA-1,0,76,24,20855,5527
CCCTCATCACAGAGTA-1,0,77,25,21107,5671
GGAAACAGAGCTTGGG-1,0,76,26,20855,5816
ACATCGCAATATTCGG-1,0,77,27,21107,5961
TTAGCCATAGGGCTCG-1,0,76,28,20856,6106
CGGATTCTGCCTTATG-1,0,77,29,21108,6250
TTGTTGGCAATGACTG-1,0,76,30,20856,6396
GGATCTACCGTTCGTC-1,0,77,31,21108,6540
GGTGGGATTAGGTCCC-1,0,76,32,20856,6685
AATAGGCACGACCCTT-1,0,77,33,21108,6830
GAGGTCCGTTCGCTGT-1,0,76,34,20857,6975
TGACAACTTAAAGGTG-1,0,77,35,21109,7119
AGCTAAGCTCCGTCCG-1,0,76,36,20857,7264
CTAGCCCGGGAGACGA-1,0,77,37,21109,7409
CCCAGATTCCCGTGAC-1,0,76,38,20858,7554
GCCCGTTCACACAATT-1,0,77,39,21110,7698
ACAAACTCCATCAGAG-1,0,76,40,20858,7844
GGTTCCGTACGACTAA-1,0,77,41,21110,7988
TTGCGGAAAGCTGCCC-1,0,76,42,20858,8133
GGAACTCGTGAATACG-1,0,77,43,21110,8278
GGTTACCGCTCCCTAC-1,0,76,44,20859,8423
AGCGACTTTGAAGACA-1,0,77,45,21111,8567
CCGTTTCCTTTCCGTG-1,0,76,46,20859,8712
TGGATGGCATCTTGGA-1,0,77,47,21111,8857
CAAGTCGTTGAAATCT-1,0,76,48,20860,9002
TGCAAACGTACTAGTT-1,0,77,49,21112,9146
GGCTGTCCTACTGCGG-1,0,76,50,20860,9291
TACTGCATGATTAAAT-1,0,77,51,21112,9436
CGGACCTCTGTAGTTA-1,0,76,52,20860,9581
CCCTAGCTCTAAGGTC-1,0,77,53,21113,9726
GTAACAGGTTAACGGC-1,0,76,54,20861,9871
CCCGCAAATAATCATC-1,0,77,55,21113,10015
AATCCCGCTCAGAGCC-1,0,76,56,20861,10160
AACGTCATCCGGCTTG-1,0,77,57,21113,10305
CTCGTGGCACTGAAAG-1,0,76,58,20862,10450
CTTTATCCGACGCATG-1,0,77,59,21114,10594
AAATGACTGATCAAAC-1,0,76,60,20862,10739
TTCGTGCATGTTATAG-1,0,77,61,21114,10884
ATCAAAGAGCCGTGGT-1,0,76,62,20862,11029
ATGTCATAATAAACGA-1,0,77,63,21115,11174
CTTAATCGACTTAGTA-1,0,76,64,20863,11319
CTAAAGGATGAGATAC-1,0,77,65,21115,11463
GTGCTATCCAGCTGGA-1,0,76,66,20863,11608
GACAGAGGTCTTCAGT-1,0,77,67,21115,11753
TCGATTTACGAAACGA-1,0,76,68,20864,11898
AGGCTTAAGTTGCACA-1,0,77,69,21116,12042
TAGGATCTTAACCGCA-1,0,76,70,20864,12187
GACTTTCGAGCGGTTC-1,0,77,71,21116,12332
CCCTGGGAGGGATCCT-1,0,76,72,20864,12477
TAGTAGTTGCCGGACA-1,0,77,73,21117,12621
GCCCTAAGTGCAGGAT-1,0,76,74,20865,12767
ACTTGGGCTTTCGCCA-1,0,77,75,21117,12911
CATGATACGGTGAAAC-1,0,76,76,20865,13056
TCCTGCAGCCGCCAAT-1,0,77,77,21117,13201
GTCCGTTAGAGGGCCT-1,0,76,78,20866,13346
GCTTTATTAAGTTACC-1,0,77,79,21118,13490
AATCGAGGTCTCAAGG-1,0,76,80,20866,13635
GTGCTGTTAGAACATA-1,0,77,81,21118,13780
GGCTTCTCGTGGGTGG-1,0,76,82,20866,13925
CCTACAGTTGAGGGAG-1,0,77,83,21119,14069
TATCCCTCGATCTGCA-1,0,76,84,20867,14215
CCGGTATCTGGCGACT-1,0,77,85,21119,14359
CTCTAACACCGGCAGC-1,0,76,86,20867,14504
CTTCATCACCAGGGCT-1,0,77,87,21119,14649
GGCTGGCAATCCCACG-1,0,76,88,20868,14794
CAAACCATAAGCGTAT-1,0,77,89,21120,14938
CATGTGGGCTCATCAC-1,0,76,90,20868,15083
CCCGTGACAGTGCCTT-1,0,77,91,21120,15228
GATTATCTTGCATTAT-1,0,76,92,20868,15373
GAGTCCACCAGGTTTA-1,0,77,93,21121,15517
TGTACTATCGCTCGTT-1,0,76,94,20869,15663
TTAGCGAATAGATAGG-1,0,77,95,21121,15807
ACATACAATCAAGCGG-1,0,76,96,20869,15952
ATTCGTGTACCCATTC-1,0,77,97,21121,16097
GCTAGCAACGCACCTA-1,0,76,98,20870,16242
ACCTCAGCGAGGCGCA-1,0,77,99,21122,16386
TCCGGGCCACTAACGG-1,0,76,100,20870,16531
TCCCAATATCGACGAC-1,0,77,101,21122,16676
GGATTGAAGTAGCCTC-1,0,76,102,20870,16821
GGCGCACAGTTTACCT-1,0,77,103,21123,16965
CCCGGCACGTGTCAGG-1,0,76,104,20871,17111
AGTAAGGGACAGAATC-1,0,77,105,21123,17255
TTGCGCACAACCACGT-1,1,76,106,20871,17400
CCTGCTACAACCATAC-1,0,77,107,21123,17545
CTGGGCTACTGGAGAG-1,0,76,108,20872,17690
AGCTACGAATGGTGGT-1,0,77,109,21124,17834
ATTCGTTTATCGTATT-1,0,76,110,20872,17979
GGCATTCCCTCCCTCG-1,0,77,111,21124,18124
AGTTATTCAGACTGTG-1,0,76,112,20872,18269
CCACTTTCCTTCTAGG-1,0,77,113,21125,18413
CGCAGTTCTATCTTTC-1,0,76,114,20873,18558
AGGAGCGTTTATTATC-1,0,77,115,21125,18703
GACAGGTAATCCGTGT-1,0,76,116,20873,18848
TTCCCAAAGTACTGAT-1,0,77,117,21125,18993
CTGCAGGGTGACGCTC-1,0,76,118,20874,19138
TCATGGAGGCCTTTGT-1,0,77,119,21126,19282
ATGGCCCGAAAGGTTA-1,0,76,120,20874,19427
CGTAATATGGCCCTTG-1,0,77,121,21126,19572
AGAGTCTTAATGAAAG-1,0,76,122,20874,19717
GAACGTTTGTATCCAC-1,0,77,123,21127,19861
ATTGAATTCCCTGTAG-1,0,76,124,20875,20006
TACCTCACCAATTGTA-1,0,77,125,21127,20151
AGTCGAATTAGCGTAA-1,0,76,126,20875,20296
TTGAAGTGCATCTACA-1,0,77,127,21127,20440
