ACGCCTGACACGCGCT-1,0,0,0,16600,1931
TACCGATCCAACACTT-1,0,1,1,16486,2128
ATTAAAGCGGACGAGC-1,0,0,2,16374,1930
GATAAGGGACGATTAG-1,0,1,3,16260,2127
GTGCAAATCACCAATA-1,0,0,4,16148,1929
TGTTGGCTGGCGGAAG-1,0,1,5,16034,2126
GCATCCTCTCCTATTA-1,0,0,6,15922,1929
GCGAGGGACTGCTAGA-1,0,1,7,15808,2125
TGGTACCGGCACAGCC-1,0,0,8,15695,1928
GCGCGTTTAAATCGTA-1,0,1,9,15581,2124
TGCCTTGCCCTTACGG-1,0,0,10,15469,1927
GACGACTTTCCAAGAA-1,0,1,11,15355,2123
CCAGTGAGCTCCTTGT-1,0,0,12,15243,1926
ATACCCTGGCTCAAAT-1,0,1,13,15129,2122
GGGTTTCCGGCTTCCA-1,0,0,14,15017,1925
TAACCGTCCAGTTCAT-1,0,1,15,14903,2121
AAACAACGAATAGTTC-1,0,0,16,14790,1924
CAAGGGAGTGTATTTG-1,0,1,17,14676,2121
CCAAGCTTGATCTCCT-1,0,0,18,14564,1923
TTATTTCATCCCAAAC-1,0,1,19,14450,2120
GAGCGCTATGTCAGGC-1,0,0,20,14338,1922
TATGGCAGACTTTCGA-1,0,1,21,14224,2119
CTTCGTGCCCGCATCG-1,0,0,22,14111,1921
AAACGGGTTGGTATCC-1,0,1,23,13998,2118
TGCAAACCCACATCAA-1,0,0,24,13885,1921
GACGGGATGTCTTATG-1,0,1,25,13771,2117
GGCGAGCATCGAGGAC-1,0,0,26,13659,1920
CGCGTGCTATCAACGA-1,0,1,27,13545,2116
TGAAACCTCAACTCAC-1,0,0,28,13433,1919
CACATAAGGCGACCGT-1,0,1,29,13319,2115
TGACCCAACTCACATT-1,0,0,30,13206,1918
ATACGCCGATCTACCG-1,0,1,31,13092,2114
ACTTATCTGATCTATA-1,0,0,32,12980,1917
GTGTGAGCCGAGGTGC-1,0,1,33,12866,2113
GATGATTTGAAACTGG-1,0,0,34,12754,1916
GGGAACCACCTGTTTC-1,0,1,35,12640,2113
GTTCGTTGCGGACCAG-1,0,0,36,12528,1915
TGAGGTTGATCCCAAG-1,0,1,37,12414,2112
GATGCCACACTACAGC-1,0,0,38,12301,1914
AGGCAAAGAGGAATCA-1,0,1,39,12187,2111
AAGTAAGCTTCCAAAC-1,0,0,40,12075,1914
AACGTAGTCTACCCAT-1,0,1,41,11961,2110
GTTTGAGCGGTTATGT-1,0,0,42,11849,1913
GAAGCAAGGCAATGTT-1,0,1,43,11735,2109
TCACTCAGCGCATTAG-1,0,0,44,11622,1912
TACAATGAAACCAGCA-1,0,1,45,11509,2108
GTGCGCTTACAAATGA-1,0,0,46,11396,1911
GCACTCCCACAGTCCC-1,0,1,47,11282,2107
CGAAGACTGCCCGGGA-1,0,0,48,11170,1910
CAGGATCCGCCCGACC-1,0,1,49,11056,2106
CACGATTGGTCGTTAA-1,0,0,50,10944,1909
GGTTGTATCGTGAAAT-1,0,1,51,10830,2106
TCTTATGGGTAGTACC-1,0,0,52,10717,1908
TACAAGCTGTTCACTG-1,0,1,53,10604,2105
GTATCTTGTTGCTCAC-1,0,0,54,10491,1907
ATACCAGGTGAGCGAT-1,0,1,55,10377,2104
CCTAAACAGGGTCCGT-1,0,0,56,10265,1906
ATGGTGCTCAAAGCCA-1,0,1,57,10151,2103
CAAATGCGGAGTGTTC-1,0,0,58,10039,1906
CGTGCCCGACATTTGT-1,0,1,59,9925,2102
GTATCTCCCTAACTGT-1,0,0,60,9812,1905
ATTTGCCTAGTTACGA-1,0,1,61,9698,2101
ACGTCCTAAACGAGAT-1,0,0,62,9586,1904
CTGGGATCGCCCAGAT-1,0,1,63,9472,2100
CTGCAAATGGGCTCCA-1,0,0,64,9360,1903
CATTATAACAGGGTCC-1,0,1,65,9246,2099
ACCTTTCCTTTAGAAG-1,0,0,66,9134,1902
ATAGATTTGCAGTCGG-1,0,1,67,9020,2098
CTCGGGCATCGTCGGG-1,0,0,68,8907,1901
GTGGCGGGCCGTAGCT-1,0,1,69,8793,2098
CAACAGTGCCAAACGG-1,0,0,70,8681,1900
TGCGGGTATTGGGATC-1,0,1,71,8567,2097
GTCTCGCCAACACGCC-1,0,0,72,8455,1899
CTGGGCGGCCAAATGT-1,0,1,73,8341,2096
TAAAGGAGAAACTAGT-1,0,0,74,8228,1898
TCCCACGGAGGGAGCT-1,0,1,75,8115,2095
AGCTTCAATACTTTGA-1,0,0,76,8002,1898
TTCCACATTTCTCGTC-1,0,1,77,7888,2094
ACAAACCGACAAGGCG-1,0,0,78,7776,1897
AGACGGGATTGGTATA-1,0,1,79,7662,2093
AACCTAAAGCCGTCCG-1,0,0,80,7550,1896
TACAAATTGCGGAGGT-1,0,1,81,7436,2092
CCCGCTAGAGGGTTAA-1,0,0,82,7323,1895
CATTGCAAAGCATAAT-1,0,1,83,7209,2091
TGTACGCTATCAGCTT-1,0,0,84,7097,1894
TTCTTCGCAATAGAGC-1,0,1,85,6983,2090
TGTGATTCCAGCGCTT-1,0,0,86,6871,1893
ATTCAGGATCGCCTCT-1,0,1,87,6757,2090
GCCCATGGGTGCAATG-1,0,0,88,6645,1892
TTCCCGACGCTTCACT-1,0,1,89,6531,2089
AGCGGTTGAGATGTAC-1,1,0,90,6418,1891
GCTGTCTGTGATCGAC-1,1,1,91,6304,2088
AAAGACATGAAGTTTA-1,1,0,92,6192,1891
CAACAGAATAACGCTA-1,1,1,93,6078,2087
TGCGGTCTACGAGTAA-1,1,0,94,5966,1890
AAGACTCACGCCCACT-1,1,1,95,5852,2086
CTTTGAAACATATTCC-1,0,0,96,5740,1889
CTGGGCACTAGTCGGA-1,0,1,97,5626,2085
CGCCCTTACATCCACC-1,0,0,98,5513,1888
CACGACCACAGACTTT-1,0,1,99,5399,2084
CAATCCATTATCCGTT-1,0,0,100,5287,1887
GTGGCGTGCACCAGAG-1,0,1,101,5173,2083
CGGAGTCCTAACCTGG-1,0,0,102,5061,1886
GGTCCCATAACATAGA-1,0,1,103,4947,2082
ATCTCATAAACCTACC-1,0,0,104,4834,1885
TGCATGGCAGTCTTGC-1,0,1,105,4721,2082
TTGCAGGTCATGAAGT-1,0,0,106,4608,1884
AGCTGCATTTGAGGTG-1,0,1,107,4494,2081
TAATCAGGAATGCTGC-1,0,0,108,4382,1883
CCATCATAAGAACAGG-1,0,1,109,4268,2080
TCGTATCACCAAGCTA-1,0,0,110,4156,1883
ATTCAGATGAATCCCT-1,0,1,111,4042,2079
AAAGGTCAACGACATG-1,0,0,112,3929,1882
AGCTGCTGTGCCGAAT-1,0,1,113,3815,2078
CTAGCGCCAATCCTAC-1,0,0,114,3703,1881
GCTCGACCGAACTGAA-1,0,1,115,3589,2077
ACAGTGCAGCGCATTT-1,0,0,116,3477,1880
CGGCTGAAGGTTACGC-1,0,1,117,3363,2076
CACCTCTACGAGTGTG-1,0,0,118,3251,1879
ATACGACAGATGGGTA-1,0,1,119,3137,2075
ACTTCCTGTCGTGCGA-1,0,0,120,3024,1878
CGTAACGGAACGATCA-1,0,1,121,2910,2075
AAATCACTCCTAAACG-1,0,0,122,2798,1877
CTCCGAGTAAATCCGC-1,0,1,123,2684,2074
ACGCTAGTATCAGTGC-1,0,0,124,2572,1876
AGAGTGAACAGACACC-1,0,1,125,2458,2073
ACACCCGTAAATCTGT-1,0,0,126,2346,1875
GCTTTGCTGCCGGGTA-1,0,1,127,2232,2072
ACAGGAGGCGCAGCCG-1,0,2,0,16599,2325
AGGCAATACGGAGGAC-1,0,3,1,16485,2521
TGGTGTGACAGACGAT-1,0,2,2,16373,2324
ATCTATCGATGATCAA-1,0,3,3,16259,2520
CGGTAACAAGATACAT-1,0,2,4,16146,2323
TCGCCGGAGAGTCTTA-1,0,3,5,16032,2520
GGAGGAGTGTGTTTAT-1,0,2,6,15920,2322
TTAGGTGTGACTGGTC-1,0,3,7,15806,2519
CAGGGCTAACGAAACC-1,0,2,8,15694,2321
CCCGTGGGTTAATTGA-1,0,3,9,15580,2518
GACCGACCGCTAATAT-1,0,2,10,15468,2320
GGTATCAAGCATAGAA-1,0,3,11,15354,2517
TGCATGAGTAGATTCG-1,0,2,12,15241,2320
AATTCCAACTTGGTGA-1,0,3,13,15127,2516
TGCCGATGTCATCAAT-1,0,2,14,15015,2319
GCTGGGTCCGCTGTTA-1,0,3,15,14901,2515
TGAACACCCGAAGCAG-1,0,2,16,14789,2318
AACATTGGTCAGCCGT-1,0,3,17,14675,2514
GTGGGTCTTCTTTGCG-1,0,2,18,14562,2317
CATCGAATGGATCTCT-1,0,3,19,14449,2513
GCTACACTGTCCGAAC-1,0,2,20,14336,2316
CGGGTTGTAGCTTTGG-1,0,3,21,14222,2512
CCTAAGTGTCTAACCG-1,0,2,22,14110,2315
TCTGTGACTGACCGTT-1,0,3,23,13996,2512
TTATCATACTCGCAAA-1,0,2,24,13884,2314
AGCGTAGCGCTAGACC-1,0,3,25,13770,2511
TCCCTCCGAAATCGTT-1,0,2,26,13657,2313
AGGTCGCCACTTCGGT-1,0,3,27,13543,2510
CTAGCAACTAATTTAC-1,0,2,28,13431,2313
TTGCTAGCTACCAATC-1,0,3,29,13317,2509
GCCGGTTTGGGCGGAT-1,0,2,30,13205,2312
TGTAACTTGTCAACCT-1,0,3,31,13091,2508
CGAGATGTTGCCTATA-1,0,2,32,12979,2311
GTTACGAAATCCACGC-1,0,3,33,12865,2507
CTTGTCGTACGTGTCA-1,0,2,34,12752,2310
GCGTCCAGCTCGTGGC-1,0,3,35,12638,2506
CCCTTCTCGTACGCGA-1,0,2,36,12526,2309
CCAAAGTCCCGCTAAC-1,0,3,37,12412,2505
CCGCTTCGCGGTTAAC-1,0,2,38,12300,2308
GTTACGGCCCGACTGC-1,0,3,39,12186,2505
CCCGCTTGCCCTCGTC-1,0,2,40,12073,2307
TAGTGAGAAGTGGTTG-1,0,3,41,11960,2504
CGCTACCGCCCTATGA-1,0,2,42,11847,2306
AAACAATCTACTAGCA-1,0,3,43,11733,2503
GCGCGATGGGTCAAGT-1,0,2,44,11621,2305
ATAAACCATTGGACGG-1,0,3,45,11507,2502
TCGGGCACTTCTGGAT-1,0,2,46,11395,2305
TCTGTGGCTACATTTC-1,0,3,47,11281,2501
CTCTGTGCCTGCTATG-1,0,2,48,11168,2304
CACGACTAAAGTTCTG-1,0,3,49,11055,2500
GAGGAGTAATTCCTAC-1,0,2,50,10942,2303
AGAGGTATCTCGGTCC-1,0,3,51,10828,2499
GGCGTACCCTATATAA-1,0,2,52,10716,2302
GCCGGAAACACATCTT-1,0,3,53,10602,2498
AAATGTGGGTGCTCCT-1,0,2,54,10490,2301
ACCAGGAGTGTGATCT-1,0,3,55,10376,2497
TGTGGAGGAAGCTTAA-1,0,2,56,10263,2300
AAGGAGAACTTATAAG-1,0,3,57,10149,2497
CCCTCGGGAGCCTTGT-1,0,2,58,10037,2299
ACTGTTTAGTGTAGGC-1,0,3,59,9923,2496
CGTCAGTTTATCGTCT-1,0,2,60,9811,2298
GCGTGTATGTCGTATT-1,0,3,61,9697,2495
ACAATCGATCTTTATA-1,0,2,62,9585,2297
CAGCCCTCACAGGCAG-1,0,3,63,9471,2494
CGCGTCATATTAAACC-1,0,2,64,9358,2297
GAAGACTTCAATGCCG-1,0,3,65,9244,2493
TTGCGGCGACTCATGC-1,0,2,66,9132,2296
ACCAAACTAGAAATCC-1,0,3,67,9018,2492
TTACTGTTTCTCTACG-1,0,2,68,8906,2295
GACCAGGTCATTCATA-1,0,3,69,8792,2491
TTCTTCCCTTTGATAT-1,0,2,70,8679,2294
ACGCCCAGCTGTCGAT-1,0,3,71,8566,2490
AGTAGCGTGAACGAAC-1,0,2,72,8453,2293
CCTCGACCCACTGCCT-1,0,3,73,8339,2489
AGTTATTGAAAGGTAA-1,0,2,74,8227,2292
TCAGTTACGGAATGAT-1,0,3,75,8113,2489
GAATCTATACTCGGAC-1,0,2,76,8001,2291
TCGGCTAACTTCCCTT-1,0,3,77,7887,2488
ACGTGGTCGAATGTGC-1,0,2,78,7774,2290
ATATCGTGCCAGACCC-1,0,3,79,7660,2487
GTAGCTAGTAAGCGCG-1,0,2,80,7548,2290
ACGCTTAGTGTCTCTC-1,0,3,81,7434,2486
TCCGGCCTGCATCGAT-1,0,2,82,7322,2289
TAGTGGAACTCATACA-1,0,3,83,7208,2485
ATCATCTGCCCAGTGT-1,0,2,84,7096,2288
GTTATTAAATACGACC-1,0,3,85,6982,2484
GCGCTAAGTATGCATG-1,0,2,86,6869,2287
CCTGACGCAACCTTTA-1,1,3,87,6755,2483
CCCAAGAATGCACGGT-1,1,2,88,6643,2286
AACTGGGTTCGAGCCG-1,1,3,89,6529,2482
GGTTCCACCCGCTTCT-1,1,2,90,6417,2285
CATGCACGTGTTACTG-1,1,3,91,6303,2482
AGCGTTCCGATTTAAA-1,1,2,92,6191,2284
CCTACGCGACCTTACA-1,1,3,93,6077,2481
CGAATTACATGGTGTT-1,1,2,94,5964,2283
GAGGTCTTAGTGGGTC-1,1,3,95,5850,2480
GCCGCTAGATACGCAG-1,1,2,96,5738,2282
GTCACCTGTCTATGTC-1,1,3,97,5624,2479
CCGATTGGTCAATGAA-1,0,2,98,5512,2282
CCTGTGCGGATTGTAA-1,0,3,99,5398,2478
TTACGTAGCGCGTGCT-1,0,2,100,5285,2281
GGAGGCGAAGAACCGC-1,0,3,101,5172,2477
GGGTCACGTGCTTATG-1,0,2,102,5059,2280
GCTCCGGACGTTGATA-1,0,3,103,4945,2476
ATGTTTGTAAGATCAT-1,0,2,104,4833,2279
TGACCCAGCATTCCCG-1,0,3,105,4719,2475
TGGTCGTTTGATAGAT-1,0,2,106,4607,2278
TGTAATGCCTTCGGAC-1,0,3,107,4493,2474
TGCTCACACAACAACC-1,0,2,108,4380,2277
TACGATCCAAGCCACT-1,0,3,109,4266,2474
TTGTAACTTCATAGCG-1,0,2,110,4154,2276
AGATTCAAGCGGGTCG-1,0,3,111,4040,2473
CTCAGCAGACTGCCGA-1,0,2,112,3928,2275
GTAACATCAGCTCATC-1,0,3,113,3814,2472
ATGGAACAGAATAAAC-1,0,2,114,3702,2274
GGGCCTATACAACCGG-1,0,3,115,3588,2471
TCAAACAATTAGGACA-1,0,2,116,3475,2274
AAACCACTACACAGAT-1,0,3,117,3361,2470
AAACGACAGTCTTGCC-1,0,2,118,3249,2273
TTGAGGGTCGAACGCG-1,0,3,119,3135,2469
TGTTGATCACTGTTTA-1,0,2,120,3023,2272
AGGGTGTGCTACACGC-1,0,3,121,2909,2468
GTAGTTAGACAATATA-1,0,2,122,2797,2271
AATGGCCGCCAATGCG-1,0,3,123,2683,2467
TCGGCGGTATTAGATT-1,0,2,124,2570,2270
GGGTCACTGAGTAGTG-1,0,3,125,2456,2466
GAATTATGCAACCTAC-1,0,2,126,2344,2269
GATCTTAGTGAACGTG-1,0,3,127,2230,2466
CTAATGCGCCCAACAA-1,0,4,0,16597,2719
GCCACCCATTCCACTT-1,0,5,1,16483,2915
TACTCACAACGTAGTA-1,0,4,2,16371,2718
GTTCGGTGTGGATTTA-1,0,5,3,16257,2914
TCTTTCGGCGGGACAC-1,0,4,4,16145,2717
GGAGACATTCACGGGC-1,0,5,5,16031,2913
GGGATTATCTCACAAC-1,0,4,6,15918,2716
TAGAACGCCAGTAACG-1,0,5,7,15805,2912
ACGAGTCGCCGGCGTT-1,0,4,8,15692,2715
TGATGGGACTAAGTCA-1,0,5,9,15578,2911
TGCGAGAAACGTTACG-1,0,4,10,15466,2714
TCGCCTCGACCTGTTG-1,0,5,11,15352,2911
AACTCGATAAACACGT-1,0,4,12,15240,2713
AGGAAAGCCTCTGATG-1,0,5,13,15126,2910
GAAGGACTAAATTGAA-1,0,4,14,15013,2712
GTATCGGGACGAGCTG-1,0,5,15,14900,2909
CCTGTGCATAGGAGAC-1,0,4,16,14787,2712
CATACGGGTGCATGAT-1,0,5,17,14673,2908
CCACTAAACTGAATCG-1,0,4,18,14561,2711
AAATTGCGGCGGTTCT-1,0,5,19,14447,2907
AGTCCAGCGGGTACGT-1,0,4,20,14335,2710
CATTCAGGTCAGTGCG-1,0,5,21,14221,2906
CTAAAGTCCGAAGCTA-1,0,4,22,14108,2709
AATCAGACTGCAGGAC-1,0,5,23,13994,2905
AGTATCCATAATAACG-1,0,4,24,13882,2708
CTGGCTGCTAACGTAA-1,0,5,25,13768,2904
GTTCCAAGACAGCGAC-1,0,4,26,13656,2707
AAGACTAACCCGTTGT-1,0,5,27,13542,2904
GATTAATCCTGGCTCA-1,0,4,28,13430,2706
CGCGCAAGGAACTACA-1,0,5,29,13316,2903
CAGTAGCGAGGTAGTA-1,0,4,30,13203,2705
ACGGCGGGTTGCCCTG-1,0,5,31,13089,2902
CTAGGCGGCAGAGAAT-1,0,4,32,12977,2704
GTGCGCAGCTTGCTCC-1,0,5,33,12863,2901
TCACTATCGTGCAATC-1,0,4,34,12751,2704
TATGATTCTGCTTGGT-1,0,5,35,12637,2900
TAAGATTTAGCGGGAG-1,0,4,36,12524,2703
TTACGGTGTCACCGAG-1,0,5,37,12411,2899
CTACACTAGCTTGTTC-1,0,4,38,12298,2702
TGAGCAGTCGTGAAGT-1,0,5,39,12184,2898
CGCTGAGGACGTCCAA-1,0,4,40,12072,2701
GTGTATGACTTTAAAG-1,0,5,41,11958,2897
CTAAACGGGTGTAATC-1,0,4,42,11846,2700
TGTACTGTGCCAAAGT-1,0,5,43,11732,2896
GGCCACAAGCGATGGC-1,0,4,44,11619,2699
GTCAATTGTACTGAAG-1,0,5,45,11506,2896
AGGGACAGCACGGCGG-1,0,4,46,11393,2698
AGCTTATAGAGACCTG-1,0,5,47,11279,2895
AACTAGCGTATCGCAC-1,0,4,48,11167,2697
AACTTTAGCTGCTGAG-1,0,5,49,11053,2894
CCCAAGACAGAGTATG-1,0,4,50,10941,2697
GGCATCAACGAGCACG-1,0,5,51,10827,2893
ATGCATTCCGTGATGG-1,0,4,52,10714,2696
TTATAGATGCACATTA-1,0,5,53,10600,2892
GAACCATCTGGGAGAC-1,0,4,54,10488,2695
TGCTATACAAACGGAC-1,0,5,55,10374,2891
ACTTGCCATATTGTAC-1,0,4,56,10262,2694
TATTCCGGCAGTCCTA-1,0,5,57,10148,2890
GACGGACCGCGTTCCT-1,0,4,58,10036,2693
ATGTGTAGTTTAGTCA-1,0,5,59,9922,2889
ATACCAGCAAATTGCT-1,0,4,60,9809,2692
AAGTTTACTAATGGCA-1,0,5,61,9695,2888
CTCTCGATGTGCGCCT-1,0,4,62,9583,2691
GATTGACACTCTGCTC-1,0,5,63,9469,2888
TATCACAGCACGGGCA-1,0,4,64,9357,2690
ACCGTTCCCGCTCTGA-1,0,5,65,9243,2887
CCGCCACCACAATCCA-1,0,4,66,9130,2689
CATTCACTGACAGCTA-1,0,5,67,9017,2886
CGGCTGCAAGATTAAG-1,0,4,68,8904,2689
CATGAACCTCTTATCA-1,0,5,69,8790,2885
TTAATGCGAGGTAACT-1,0,4,70,8678,2688
AATAAGTCCTCGAGAC-1,0,5,71,8564,2884
ACCAGCCCGGTCTTTG-1,0,4,72,8452,2687
CTACGAACTAGGTCGA-1,0,5,73,8338,2883
ACATCTCAACGCGTAA-1,0,4,74,8225,2686
CACTACTCAGTTCTGT-1,0,5,75,8111,2882
CCGACTCGCATAGTCT-1,0,4,76,7999,2685
CATTTATCGTTCAAGA-1,0,5,77,7885,2881
CAAACGTGGTCTTGCG-1,0,4,78,7773,2684
TAGAAACCACTAAGTA-1,0,5,79,7659,2881
ACTGATTTAGTGATTC-1,0,4,80,7547,2683
TCGTATTTCGTCCGGA-1,0,5,81,7433,2880
CGGAAATTTCACATCC-1,0,4,82,7320,2682
ATCCACGCTAAATGTT-1,1,5,83,7206,2879
GTTCAATCTATGTCAA-1,1,4,84,7094,2681
ATAAAGGTCAAGTACG-1,1,5,85,6980,2878
CAACTCCAACGTTTAG-1,1,4,86,6868,2681
TAGGAACAGCCTCCAG-1,1,5,87,6754,2877
ATGGGAACGGAAGCGG-1,1,4,88,6642,2680
CACACGTTTCAATGGG-1,1,5,89,6528,2876
GGTGTTCTGTTTCTAC-1,1,4,90,6415,2679
AGTAACGTTCATCCTG-1,1,5,91,6301,2875
GTATAGTGGCCCATGT-1,1,4,92,6189,2678
TCTACACGTTCATGCA-1,1,5,93,6075,2874
AATCTGGGTAGACCCT-1,1,4,94,5963,2677
TCGGTTAGCCATGTAG-1,1,5,95,5849,2873
TGCCATGGCTTATAAG-1,1,4,96,5736,2676
TAAGTAAATGTGCCGC-1,1,5,97,5623,2873
GTGTCCGATAAGGCAT-1,1,4,98,5510,2675
TGGCACGAGCTCGAGT-1,0,5,99,5396,2872
ACCGGTCTGAGTACGG-1,0,4,100,5284,2674
GAACTTAGCGCCCGGT-1,0,5,101,5170,2871
AGTAGCTAGACGCCGA-1,0,4,102,5058,2673
ATAGGAATCTAAGCTT-1,0,5,103,4944,2870
CTTCCTGCATATTTAC-1,0,4,104,4831,2673
CAATATGTAGATTTAC-1,0,5,105,4717,2869
ACAAGGCCTACCAGCC-1,0,4,106,4605,2672
TTATAGTCCAAGGTGC-1,0,5,107,4491,2868
AAACGCCCGAGATCGG-1,0,4,108,4379,2671
CCTCGTTACGCCTGTT-1,0,5,109,4265,2867
GAACGGTGTAAAGCAG-1,0,4,110,4153,2670
ACGCATAAATGACATG-1,0,5,111,4039,2866
GGTTCGATGCTGAGTT-1,0,4,112,3926,2669
CTTTGGCAGACAGAGT-1,0,5,113,3812,2865
TTCGTGGGCTGGAAGC-1,0,4,114,3700,2668
CAAAGGTTAAATTCAG-1,0,5,115,3586,2865
GTTTGGCGTCAGGCAC-1,0,4,116,3474,2667
GCTTTCTATCTCAACT-1,0,5,117,3360,2864
TGCATCTCCGGATCTT-1,0,4,118,3248,2666
CTGAAACGGCCCTCAG-1,0,5,119,3134,2863
TAGCAGTAAATACGCG-1,0,4,120,3021,2666
CGGGCTACTTAAATTG-1,0,5,121,2907,2862
ATTATGCTCAGTATTG-1,0,4,122,2795,2665
TGATGCTCACGTAGTC-1,0,5,123,2681,2861
GTCTAAGATGCCCAGC-1,0,4,124,2569,2664
AACCCGATAGGGCTTC-1,0,5,125,2455,2860
CGCTATCGTGGCTTTA-1,0,4,126,2342,2663
CGTCTCTCGCCGAGGC-1,0,5,127,2229,2859
AGTGGGAGTATACACG-1,0,6,0,16596,3112
GGTCTTGGTGTTAACT-1,0,7,1,16482,3309
GGCTGGCAGCTTTATG-1,0,6,2,16369,3111
CGCCAATTATTGCGTT-1,0,7,3,16256,3308
GGTAACCGGCAAAGGT-1,0,6,4,16143,3111
TGGGACCATTGGGAGT-1,0,7,5,16029,3307
CTGCAGGTGCTCGGCC-1,0,6,6,15917,3110
CCGGTGCGAGTGATAG-1,0,7,7,15803,3306
GGGTACACTCTGGAGG-1,0,6,8,15691,3109
TAGCCAGAGGGTCCGG-1,0,7,9,15577,3305
CTTGTGAGGACAGCGG-1,0,6,10,15464,3108
GAAGGGCATAACCATG-1,0,7,11,15351,3304
CAACATGGCCTGATAA-1,0,6,12,15238,3107
CAATTTGACCGGGAAG-1,0,7,13,15124,3303
TCTGACTGTAATGGTT-1,0,6,14,15012,3106
TTCATAGCCTTGTAAC-1,0,7,15,14898,3303
TGGAAACGGAGTGAAC-1,0,6,16,14786,3105
ATCGCACGATTGTTCA-1,0,7,17,14672,3302
CGCCACCCGCATTAAC-1,0,6,18,14559,3104
TGGACCACGGCGTTGA-1,0,7,19,14445,3301
GTATATGTTACGGCGG-1,0,6,20,14333,3103
GTATTCTTACCGTGCT-1,0,7,21,14219,3300
TTCAGAGTAACCTGAC-1,0,6,22,14107,3103
GCGGTAACCCAAATGA-1,0,7,23,13993,3299
CTACGTGTTGCCACCA-1,0,6,24,13881,3102
CTAGATAAACTCCTCG-1,0,7,25,13767,3298
TCCATTAGTTGGATAG-1,0,6,26,13654,3101
CTGGCTCCTGCGGGAT-1,0,7,27,13540,3297
CAGTCTCTCGGCTAAT-1,0,6,28,13428,3100
GTATGACGTGGGAAAC-1,0,7,29,13314,3296
AGTCACTCCGCCTCAT-1,0,6,30,13202,3099
GCAGCGGTGGGCATTA-1,0,7,31,13088,3295
TATGGAGTTTCTCGTT-1,0,6,32,12975,3098
ACTCAACGAATGTATT-1,0,7,33,12862,3295
AACACGCGGCCGCGAA-1,0,6,34,12749,3097
CGATATTAGCCGCAGG-1,0,7,35,12635,3294
AGCGTCTGAACCCGCA-1,0,6,36,12523,3096
GATGTCCGGATCACAT-1,0,7,37,12409,3293
GGTCACGTTAGATTCA-1,0,6,38,12297,3096
TTAAGGATACGGAGGT-1,0,7,39,12183,3292
GTGCGGGACCATCGGC-1,0,6,40,12070,3095
CCATCTTGTTCACAAT-1,0,7,41,11957,3291
TCCGAGAAGGCTAAGC-1,0,6,42,11844,3094
TGGCGGTGTGCGATTG-1,0,7,43,11730,3290
ATCCTGCTGCAGATAG-1,0,6,44,11618,3093
TTATGCGTCCCGGTCC-1,0,7,45,11504,3289
CATAATGAGCGGGCGA-1,0,6,46,11392,3092
AGACATAGATCCTTCC-1,0,7,47,11278,3288
GGTGAAACCGGGAATG-1,0,6,48,11165,3091
AACTGGTGTGGGCCTT-1,0,7,49,11051,3288
GTAGCGCTGTTGTAGT-1,0,6,50,10939,3090
TTGTTTGTGTAAATTC-1,0,7,51,10825,3287
GGATCAAAGGACGAGG-1,0,6,52,10713,3089
CGTAGCGCCGACGTTG-1,0,7,53,10599,3286
CAAGTGAACTTTGGTT-1,0,6,54,10487,3088
GTAGACAACCGATGAA-1,0,7,55,10373,3285
CAATGGTCGGCCTGGG-1,0,6,56,10260,3088
ACAGATTAGGTTAGTG-1,0,7,57,10146,3284
GTTATCACCTTCTGAA-1,0,6,58,10034,3087
TGGTATCGGTCTGTAT-1,0,7,59,9920,3283
GGAATAACCTCAAGAA-1,0,6,60,9808,3086
ATTATCTCGACAGATC-1,0,7,61,9694,3282
CCGAGGGATGTTAGGC-1,0,6,62,9581,3085
TGAGATCAAATACTCA-1,0,7,63,9468,3281
AAACGAAGAACATACC-1,0,6,64,9355,3084
CTGGTCCTAACTTGGC-1,0,7,65,9241,3280
TGCACGAGTCGGCAGC-1,0,6,66,9129,3083
ATAGTCTTTGACGTGC-1,0,7,67,9015,3280
TGGAGCTAAAGTTCCC-1,0,6,68,8903,3082
GGGTGGTCCAGCCTGT-1,0,7,69,8789,3279
CATGCATGGAGACCCT-1,0,6,70,8676,3081
ACACGGCACTATGCAT-1,0,7,71,8562,3278
CCCTGGTATGGGCGGC-1,0,6,72,8450,3080
GGAGGATTGAAAGGAG-1,0,7,73,8336,3277
CCGCTGGTGCCATTCA-1,0,6,74,8224,3080
GTTAGAGTGTGCCGCT-1,0,7,75,8110,3276
TCGGAATGACCATCAA-1,0,6,76,7998,3079
TTCAATTAGCCATAAT-1,1,7,77,7884,3275
GATGTGTTGTCACAAG-1,1,6,78,7771,3078
TCTTTCTCTTAAGGAG-1,1,7,79,7657,3274
ACCCTTTAGTTCTCCA-1,1,6,80,7545,3077
ACCACAACTCAGAACA-1,1,7,81,7431,3273
TATGATAAATCTAACG-1,1,6,82,7319,3076
GATCCTCTTGCGCTTA-1,1,7,83,7205,3272
TTCTACCTTTATGTTG-1,1,6,84,7093,3075
GAAATACCTGCTGGCT-1,1,7,85,6979,3272
ATTCTGAGTATGAACT-1,1,6,86,6866,3074
GGATTAAGCTAAGGTC-1,1,7,87,6752,3271
AGTACGTGGCCTGTCT-1,1,6,88,6640,3073
TCAGGGTGCACGAAAC-1,1,7,89,6526,3270
AAATTTACCGAAATCC-1,1,6,90,6414,3073
TTGAGGCATTTAACTC-1,1,7,91,6300,3269
AACCAGTATCACTCTT-1,1,6,92,6187,3072
CACCGGAGATATCTCC-1,1,7,93,6074,3268
GACTGGGCGCCGCAAC-1,1,6,94,5961,3071
CACGTCTATGATGTGG-1,1,7,95,5847,3267
TTAAGACGAACGAACC-1,1,6,96,5735,3070
TGACCAGCTTCAAAGT-1,1,7,97,5621,3266
AGAGTTAGAGACCGAT-1,1,6,98,5509,3069
TTCGGACTGATGCCTT-1,0,7,99,5395,3265
CTCGAATGGAACGTAT-1,0,6,100,5282,3068
GGACGGCTTGCGCAAC-1,0,7,101,5168,3264
CTAAGTACAGGGCTAC-1,0,6,102,5056,3067
ACAAATTCAGATCTGA-1,0,7,103,4942,3264
CATGGAAATGGGACCA-1,0,6,104,4830,3066
GGTGGACCACGTGTTA-1,0,7,105,4716,3263
CACGACGTAATAGTAA-1,0,6,106,4604,3065
CGGGTTCGGCACGTAT-1,0,7,107,4490,3262
CTGGGCTATCCTTTGG-1,0,6,108,4377,3065
GTATTAGGGTTCGCGT-1,0,7,109,4263,3261
TCATTCGTATAATTTG-1,0,6,110,4151,3064
AATAGCAAGCCTCCTG-1,0,7,111,4037,3260
CATCTACCCGAGAACG-1,0,6,112,3925,3063
GCTTCAGTGGGATTAC-1,0,7,113,3811,3259
TCTGTGATGGAGGTTG-1,0,6,114,3699,3062
ATCCACTTTCAGACTA-1,0,7,115,3585,3258
ATGGTTACGAAACATG-1,0,6,116,3472,3061
GGCCCAATCTAGAGGG-1,0,7,117,3358,3257
GATGGTGAAATAACCC-1,0,6,118,3246,3060
AGAGGGACAATTGTCC-1,0,7,119,3132,3257
CGCGTACATTCTGGAA-1,0,6,120,3020,3059
CAAGAAACCCTAAACT-1,0,7,121,2906,3256
TTGGTGCGGTGTTGAA-1,0,6,122,2793,3058
GGTTCCCTAGTGTCTC-1,0,7,123,2680,3255
CGATAACCAATTTGAG-1,0,6,124,2567,3057
GCCCACTGGTCCACAA-1,0,7,125,2453,3254
GAGGGCCGGCAGAGTC-1,0,6,126,2341,3057
CGACACGGATGCCCAC-1,0,7,127,2227,3253
CTGTCTGTGGCTGGCT-1,0,8,0,16594,3506
ATATTATCCCGTATTT-1,0,9,1,16480,3702
GCGCTGGCGGAAAGTC-1,0,8,2,16368,3505
ATCTAACGTCCCTATG-1,0,9,3,16254,3702
GTCAGACAGCGTTGGA-1,0,8,4,16142,3504
GCCAGGCTTAGTGGTA-1,0,9,5,16028,3701
ATTCAAAGTACCTGTT-1,0,8,6,15915,3503
TGGACGTAGGCGAATC-1,0,9,7,15802,3700
ACACATTGACGCAACA-1,0,8,8,15689,3502
GATATCAGTATGTATC-1,0,9,9,15575,3699
TGGGCCTTGCCTGCAT-1,0,8,10,15463,3502
CAAAGTCAGGTTAGCT-1,0,9,11,15349,3698
GGATCCCTACCAGCTA-1,0,8,12,15237,3501
ATCGTCCAATCGAGTC-1,0,9,13,15123,3697
ACATGGCTCAATTTAG-1,0,8,14,15010,3500
AGGCCCAGTGACTGGT-1,0,9,15,14896,3696
GCTTCCAGCTTAGATT-1,0,8,16,14784,3499
TGCTTGAAACCATGCA-1,0,9,17,14670,3695
CAATATTGGACTAGTG-1,0,8,18,14558,3498
CGTGCTGGCCTAGTCG-1,0,9,19,14444,3694
CCTGCGATAGAACTGT-1,0,8,20,14332,3497
GGGTAATGCTGTGTTT-1,0,9,21,14218,3694
AACGCGAACGGCAACA-1,0,8,22,14105,3496
TGTCGGCATGGTGGAA-1,0,9,23,13991,3693
AGCGTACGAGAGCTAG-1,0,8,24,13879,3495
ATACTCTCGCCACTCT-1,0,9,25,13765,3692
AATCCATGCAAGGGTG-1,0,8,26,13653,3495
TTAAACAGAGTCCCGC-1,0,9,27,13539,3691
CCACAGCTGAAATCAT-1,0,8,28,13426,3494
CGGTTCCGGCTTCTTG-1,0,9,29,13313,3690
GACGTGAGACTCCATG-1,0,8,30,13200,3493
TCGTTGGCTCGTCAAT-1,0,9,31,13086,3689
GGTGAACGGGCTAGCC-1,0,8,32,12974,3492
GCACTGTGCAAATGTA-1,0,9,33,12860,3688
ACGAGAACCCATCACG-1,0,8,34,12748,3491
CCAGCTACGCCTCATA-1,0,9,35,12634,3687
TCCCGGTCAGGAATTT-1,0,8,36,12521,3490
TCGCATTCAATGACTT-1,0,9,37,12407,3687
CTGGTTCAACGCATCA-1,0,8,38,12295,3489
GGTGATTTCATCTTGT-1,0,9,39,12181,3686
CACCCTTTCCTCGCTC-1,0,8,40,12069,3488
CAACTTGTAGTGGGCA-1,0,9,41,11955,3685
AATATCAAGGTCGGAT-1,0,8,42,11843,3487
ACTCAGACCTGCTTCT-1,0,9,43,11729,3684
TTGGAGTCTCCCTTCT-1,0,8,44,11616,3487
GGATACTCATGAATTG-1,0,9,45,11502,3683
TGGGCACAAACAGAAC-1,0,8,46,11390,3486
GAGCCACGGTAGTAGG-1,0,9,47,11276,3682
TCGATAGGCTAGTCGC-1,0,8,48,11164,3485
TAACCGCCCGCAGTGC-1,0,9,49,11050,3681
GCCTATTTGCTACACA-1,0,8,50,10938,3484
TTGACGATTCAGCACG-1,0,9,51,10824,3680
TTAAACCGGTAGCGAC-1,0,8,52,10711,3483
ACCGAAAGGGCCCTGC-1,0,9,53,10597,3679
ACGTTCCGCGCTCCGT-1,0,8,54,10485,3482
ATACCAGGCTAATAGA-1,0,9,55,10371,3679
CGGCTTTGTATGATAA-1,0,8,56,10259,3481
CTTGACCCGAAAGATA-1,0,9,57,10145,3678
CGCAGAAACATTTGCG-1,0,8,58,10032,3480
GACCCGTCGCCGGCTA-1,0,9,59,9919,3677
AATCGGGACACTACGA-1,0,8,60,9806,3479
GTCACAAAGTTTCCAA-1,0,9,61,9692,3676
TATATTCGCGTCGATA-1,0,8,62,9580,3479
CCTCCCGACAATCCCT-1,0,9,63,9466,3675
CGACATGCGATCTTCT-1,0,8,64,9354,3478
AACACGACTGTACTGA-1,0,9,65,9240,3674
CCCAACCACACTAACA-1,0,8,66,9127,3477
CACCGCCGACCAGCGA-1,0,9,67,9013,3673
TGGTATCGCATCCCAA-1,0,8,68,8901,3476
CAGAGTGATTTAACGT-1,0,9,69,8787,3672
AACCCTGGTGGAACCA-1,0,8,70,8675,3475
GTCAGTTGTGCTCGTT-1,0,9,71,8561,3671
ATTGACGTAACTCGGT-1,0,8,72,8449,3474
GATGTCGGTCAACTGC-1,0,9,73,8335,3671
AGGGCAGCGGCGTGGT-1,0,8,74,8222,3473
ACATCGTTAACCTAGT-1,1,9,75,8108,3670
TCCATTGTGACCTCGT-1,1,8,76,7996,3472
TGTTTAATACTTCATC-1,1,9,77,7882,3669
TTGCTGGCCGGGCTTC-1,1,8,78,7770,3472
CATATTATTTGCCCTA-1,1,9,79,7656,3668
CTGCCTAGCCACCAAG-1,1,8,80,7544,3471
ACGAGATATTTGCTTA-1,1,9,81,7430,3667
GACTACAATTGCTCGT-1,1,8,82,7317,3470
AACGTGATGAAGGACA-1,1,9,83,7203,3666
ACTCTCTTATACACGA-1,1,8,84,7091,3469
CGCATCATGGCTTCAG-1,1,9,85,6977,3665
CGGCTCTTCGTCGAAC-1,1,8,86,6865,3468
ATTCTTCGTACTTATG-1,1,9,87,6751,3664
AGTGAGGGTTTCTGAC-1,1,8,88,6638,3467
GCCAGGCGTTCGCATG-1,1,9,89,6525,3664
GACTAACACAGCACCT-1,1,8,90,6412,3466
CAATGGAATCTACATA-1,1,9,91,6298,3663
GTGGTCAGCGAAGTAT-1,1,8,92,6186,3465
ATGGCTGGAAATGGCC-1,1,9,93,6072,3662
ATCAGGTCGCCATTGC-1,1,8,94,5960,3464
TATCACCATGTAAAGT-1,1,9,95,5846,3661
AGCGCTTATGGGCAAG-1,1,8,96,5733,3464
AAGCGGCGTCATGGGT-1,1,9,97,5619,3660
ACTAATACGTCAGGCG-1,1,8,98,5507,3463
GGCTGAGCATCGTAAG-1,1,9,99,5393,3659
CGGTTGGGTTCAAGTT-1,0,8,100,5281,3462
GACTGATTGGTCACAA-1,0,9,101,5167,3658
AGACGGGCCGATTTAA-1,0,8,102,5055,3461
ACCAGTGCCCGGTCAA-1,0,9,103,4941,3657
GTCCTTTAATGACTTC-1,0,8,104,4828,3460
CCTACAAGTCCGGAAT-1,0,9,105,4714,3656
GCCTGCTACACTGAGA-1,0,8,106,4602,3459
GACTCGGTCGGCGGAT-1,0,9,107,4488,3656
CTAGACATATATGTAG-1,0,8,108,4376,3458
TCGCCCAACTGACTCC-1,0,9,109,4262,3655
AAACTAACGTGGCGAC-1,0,8,110,4149,3457
AACTGAGGTCAGCGTC-1,0,9,111,4036,3654
ACAATGATTCTTCTAC-1,0,8,112,3923,3456
ATAAGTACCCGATTGT-1,0,9,113,3809,3653
ATTGGGAGTTCTGTAA-1,0,8,114,3697,3456
CGAACATAGTCAGAAA-1,0,9,115,3583,3652
TAGCTCAGATCCTAGT-1,0,8,116,3471,3455
GTGTCGTATTCACCTT-1,0,9,117,3357,3651
CTCACCGATCCAAACT-1,0,8,118,3244,3454
ATATGTGCACAAACCA-1,0,9,119,3131,3650
CAGTCCAACGCCTTCT-1,0,8,120,3018,3453
TCGTCCGGGTACACTC-1,0,9,121,2904,3649
GCAGAAACGTAATCCA-1,0,8,122,2792,3452
TTCGAGCCGGCGCTAC-1,0,9,123,2678,3648
GGAAGATAAGACTGTA-1,0,8,124,2566,3451
ATAAGCAAACACCGAG-1,0,9,125,2452,3648
GCATAAATTGAACGCC-1,0,8,126,2339,3450
CGCCGGTGTCGCAGTA-1,0,9,127,2225,3647
GACCTGGTCTGGGCGT-1,0,10,0,16593,3900
AGCCGCTTGATTAGCG-1,0,11,1,16479,4096
CCCGGCTAGGTGAGAA-1,0,10,2,16366,3899
CGAGCCGAGCACTCGA-1,0,11,3,16253,4095
TAGTGCTTGAATCCTT-1,0,10,4,16140,3898
CAACCGCACCTAGACA-1,0,11,5,16026,4094
ACCACTGTTCAAGAAG-1,0,10,6,15914,3897
AGATGCTATAACGAGC-1,0,11,7,15800,4093
AATTACTCGTACGCTC-1,0,10,8,15688,3896
CGTCAATCTTTAACAT-1,0,11,9,15574,4093
CCAAAGCAGTTGGTTG-1,0,10,10,15461,3895
CCATATTGGATCATGA-1,0,11,11,15347,4092
CGTACCGAAAGTCTAG-1,0,10,12,15235,3894
CTCGAGATCCAAAGCA-1,0,11,13,15121,4091
TGGATAGAGTAACAGA-1,0,10,14,15009,3894
TCACAGATCCTCAAAC-1,0,11,15,14895,4090
AGAGCTACGAAAGCAT-1,0,10,16,14783,3893
TGCGTGATTGGGTGTC-1,0,11,17,14669,4089
CACATGTTTGGACATG-1,0,10,18,14556,3892
TTCGCATCCGGAAGCA-1,0,11,19,14442,4088
CCCTAGTGTCAGGTGT-1,0,10,20,14330,3891
TTACCGCCTTAGGGAA-1,0,11,21,14216,4087
CCAGTCCATTATTCGA-1,0,10,22,14104,3890
CGTAAACGCTTGAGTG-1,0,11,23,13990,4086
ATTCCTTCCAGGCGGT-1,0,10,24,13877,3889
TTCCTTTCTGTGTTGC-1,0,11,25,13764,4086
AGTTGACATCGGCTGG-1,0,10,26,13651,3888
AACTCGATGGCGCAGT-1,0,11,27,13537,4085
GATAAGGCAGATGCAA-1,0,10,28,13425,3887
GGCTGGCTAGCTTAAA-1,0,11,29,13311,4084
CCTCATGCAGCTACGA-1,0,10,30,13199,3886
GACGCCTGTTGCAGGG-1,0,11,31,13085,4083
TAATTAGATGGATATG-1,0,10,32,12972,3886
GAGGGCATCGCGTATC-1,0,11,33,12858,4082
CTTGTGAGTCTTTGAC-1,0,10,34,12746,3885
TCAACACATTGGGTAA-1,0,11,35,12632,4081
ACTGTATACGCGAGCA-1,0,10,36,12520,3884
GTGAAACGTGCTCCAC-1,0,11,37,12406,4080
CGAGTGCTATAGTTCG-1,0,10,38,12294,3883
GTACTGCATGAAGCGT-1,0,11,39,12180,4079
GTAACTTGCGGCAGTC-1,0,10,40,12067,3882
GAATCGCCGGACACGG-1,0,11,41,11953,4078
GGGAGTAATGGCTGGC-1,0,10,42,11841,3881
CATGAACCGACATTTG-1,0,11,43,11727,4078
TCTGTCATACAAGAGC-1,0,10,44,11615,3880
GTCGTCAATTATAAGG-1,0,11,45,11501,4077
TAAAGAGCCCGAAACC-1,0,10,46,11389,3879
GTACTGAGGTCGTAAC-1,0,11,47,11275,4076
AAAGACCCAAGTCGCG-1,0,10,48,11162,3879
CGTCAGTGCGCACAAG-1,0,11,49,11048,4075
TGTATCCTTATTCCAT-1,0,10,50,10936,3878
ATTCTCGTCTCTTTAG-1,0,11,51,10822,4074
AAAGTCACTGATGTAA-1,0,10,52,10710,3877
TGTCTACAGTTTCTGT-1,0,11,53,10596,4073
TTAACGTCGCAAGACC-1,0,10,54,10483,3876
CTATGTCTATTGAAAC-1,0,11,55,10370,4072
TCGGGTGAAACTGCTA-1,0,10,56,10257,3875
TGTCCCGACATAGCAC-1,0,11,57,10143,4071
ACAGCATAGAGCCAGT-1,0,10,58,10031,3874
ATATTCCCACAGGTCA-1,0,11,59,9917,4070
TTGGATCGACTTCTGG-1,0,10,60,9805,3873
CACCATCGGAGGAGAC-1,0,11,61,9691,4070
TCGTTCGTTATTATGT-1,0,10,62,9578,3872
CTTAACTTCGAAGTAC-1,0,11,63,9464,4069
GCACAAGTGTCGGAAG-1,0,10,64,9352,3871
TACCAGCTAGGTTTAA-1,1,11,65,9238,4068
ACGTACAGATTTCTCT-1,0,10,66,9126,3871
AATTTGGTTCCAAAGA-1,1,11,67,9012,4067
GTAAGGATTTGTCGGA-1,0,10,68,8900,3870
CATCATCTACCCGGAC-1,1,11,69,8786,4066
ACGATGGATCCGATGC-1,1,10,70,8673,3869
CACTCAGCTCTTGAGG-1,1,11,71,8559,4065
TAGATCCGAAGTCGCA-1,1,10,72,8447,3868
TGAAACTTATGCAAGC-1,1,11,73,8333,4064
GCGATTCTGGAAGCAG-1,1,10,74,8221,3867
CAAACTATTGAGCTTC-1,1,11,75,8107,4063
TAGAATTAAGGGCAAC-1,1,10,76,7995,3866
CGAAACATAGATGGCA-1,1,11,77,7881,4063
GATGGTGCCCTAGGCA-1,1,10,78,7768,3865
CCCGCAGGGCCCAAAG-1,1,11,79,7654,4062
ACAGCGCACCCGCAGC-1,1,10,80,7542,3864
GGTAAATGTGCGTTAC-1,1,11,81,7428,4061
GTCCTTCTAGTGGGTT-1,1,10,82,7316,3863
GGAAGCTCGCTTACAG-1,1,11,83,7202,4060
CACCGATACACCGAGC-1,1,10,84,7089,3863
CAGCCGGGCCCTCTAT-1,1,11,85,6976,4059
CGGAGCTTATAACACC-1,1,10,86,6863,3862
ATTACAACTACCGGCC-1,1,11,87,6749,4058
TCCTCTGGCCCATTAG-1,1,10,88,6637,3861
CGGCACCGTTAGCGCC-1,1,11,89,6523,4057
TCGGTCCCTGACTCCA-1,1,10,90,6411,3860
TGGTTGGAGGATCCTG-1,1,11,91,6297,4056
CTGCGGTAGTCACGTG-1,1,10,92,6184,3859
GTGCCTCAGTGTACGG-1,1,11,93,6070,4055
ATCGTTCACTTTCGCC-1,1,10,94,5958,3858
ACTTACCGGGCGCGCA-1,1,11,95,5844,4055
CTAGACTGCATTTCGT-1,1,10,96,5732,3857
TTGCCGGTGATCCCTC-1,1,11,97,5618,4054
CTGTCACGCCAGGCGC-1,1,10,98,5506,3856
CGGTATAGGTATTAGC-1,1,11,99,5392,4053
CCAACGCTTGCCAGGG-1,0,10,100,5279,3856
CGTTGAGTAATTGCGT-1,0,11,101,5165,4052
TGTATTTACCTAATGC-1,0,10,102,5053,3855
TAAATGCCGTCTCATG-1,0,11,103,4939,4051
CGGTTTATGAAGGAAC-1,0,10,104,4827,3854
GCAAGATGTGTTCGCG-1,0,11,105,4713,4050
AAAGGTAAGCTGTACC-1,0,10,106,4600,3853
GTACGTCACGTATTAA-1,0,11,107,4487,4049
AGTACCTTCGAGTGCT-1,0,10,108,4374,3852
ATTGTGACTTCGCTGC-1,0,11,109,4260,4048
TGTATCAGACTGAAGC-1,0,10,110,4148,3851
GAGACCCTGCAACGCC-1,0,11,111,4034,4047
TGGGTGGGATGTCATT-1,0,10,112,3922,3850
GGCTAATGATTGAAAT-1,0,11,113,3808,4047
ATAACGTTACCTCCAC-1,0,10,114,3695,3849
TGCGAGATGGCGGCCA-1,0,11,115,3582,4046
CACACTTGTATTGCGA-1,0,10,116,3469,3848
GCTGGTGACTCGTAGT-1,0,11,117,3355,4045
CGACACCGCTTAAGGA-1,0,10,118,3243,3848
GTAACAACTGACCTTG-1,0,11,119,3129,4044
CAACTGAGGGTATGAC-1,0,10,120,3017,3847
CTAATTATGAAGCGTA-1,0,11,121,2903,4043
CCGATCTTAAGAGGCT-1,0,10,122,2790,3846
CGACTCGGTACACGGT-1,0,11,123,2676,4042
TGCTGCGTCAGAGTTA-1,0,10,124,2564,3845
AGAGTTGCAGGCCTCC-1,0,11,125,2450,4041
ACTGGCGAACCTGCGT-1,0,10,126,2338,3844
ACTAAGGACGCACACC-1,0,11,127,2224,4040
CGTCCAGATGGCTCCA-1,0,12,0,16591,4293
ACTATCGCCGGCTAAA-1,0,13,1,16477,4490
GATAGCGTACCACGCG-1,0,12,2,16365,4293
AGGACTTATAGGAGAA-1,0,13,3,16251,4489
TAGTCGGGATTCTTCG-1,0,12,4,16139,4292
ACCATTAAGGGTGTCA-1,0,13,5,16025,4488
TTAATGTGTTTGCAGG-1,0,12,6,15912,4291
TCCGCAGCCACCTAGC-1,0,13,7,15798,4487
GAGGAGATCCTCATGC-1,0,12,8,15686,4290
GGTCCTTCATACGACT-1,0,13,9,15572,4486
CCCTGTTGGCAAAGAC-1,0,12,10,15460,4289
GTGCCTAGCTATGCTT-1,0,13,11,15346,4485
GTCATCTCCTACAGCT-1,0,12,12,15234,4288
GCGAGAAACGGGAGTT-1,0,13,13,15120,4485
CGTCGCGGCGGGATTT-1,0,12,14,15007,4287
CATTGTGTGCTAGATC-1,0,13,15,14893,4484
CGCGGCAGTATTACGG-1,0,12,16,14781,4286
GAAATGGGATGTAAAC-1,0,13,17,14667,4483
CATTCCCTAAGTACAA-1,0,12,18,14555,4285
AGTTCTGCGTTGTATC-1,0,13,19,14441,4482
ACCCTATAGGACTGAG-1,0,12,20,14328,4285
TTAGATAGGTCGATAC-1,0,13,21,14215,4481
ATTGATAGCAACGAGA-1,0,12,22,14102,4284
TCTCGGCTCCAGGACT-1,0,13,23,13988,4480
CTTGAGGTTATCCCGA-1,0,12,24,13876,4283
AAGAAGGATCAGTTAG-1,0,13,25,13762,4479
GTACGACGGCGCTGCG-1,0,12,26,13650,4282
CTTATGTTGACTACCA-1,0,13,27,13536,4478
CGGCACTCAAGAAAGT-1,0,12,28,13423,4281
GTCAAAGTTTACATAG-1,0,13,29,13309,4477
CTCCTAAGTTATGTCT-1,0,12,30,13197,4280
ACTGTGCTAGTAGATC-1,0,13,31,13083,4477
GTTTGGCCGCTCAGCG-1,0,12,32,12971,4279
TTATCCAATCGAACTC-1,0,13,33,12857,4476
CCGTACCCAAGCGCCA-1,0,12,34,12745,4278
CATACAAAGCCGAACC-1,0,13,35,12631,4475
GGTCGGTAATTAGACA-1,0,12,36,12518,4278
AGCGGGAAGGGTCCAT-1,0,13,37,12404,4474
GCCCACCAAGGCTGTC-1,0,12,38,12292,4277
GTAGACGTCGTTACAT-1,0,13,39,12178,4473
GAGCATCATCCCTGGG-1,0,12,40,12066,4276
AGGTAACCTCCTATTC-1,0,13,41,11952,4472
GGTTTGAGTGCTGGAA-1,0,12,42,11840,4275
GCACTAGTCGCGCTAT-1,0,13,43,11726,4471
GGTAACTATGTATCTG-1,0,12,44,11613,4274
GCGGTCCCTAGACGCA-1,0,13,45,11499,4470
CGAGCGTTGATCAGCC-1,0,12,46,11387,4273
AATCCAAGGGCCTGAG-1,0,13,47,11273,4470
CCGTGCCCATGACGGC-1,0,12,48,11161,4272
GAAATTCACATCGCTG-1,0,13,49,11047,4469
CTCTGCGAAGCAAGCA-1,0,12,50,10934,4271
AGTAGGTAACATACAT-1,0,13,51,10821,4468
ATTGGGAATATCTTGG-1,0,12,52,10708,4270
TAGAGCTACGAAGAAC-1,0,13,53,10594,4467
TGCGGCATAGTTCAAC-1,0,12,54,10482,4270
CCGCCGGTCAACACAC-1,0,13,55,10368,4466
TCGTATAGTGCAATTA-1,0,12,56,10256,4269
TAGTTTATTCTTGCTT-1,0,13,57,10142,4465
GATATCTCATGCAATA-1,0,12,58,10029,4268
CGTTTAAGCGGAGCAC-1,0,13,59,9915,4464
CATGCTGGCTCCAATT-1,0,12,60,9803,4267
GAAACAGCCATGCAGT-1,0,13,61,9689,4463
AGTTTCGCAGGTCGGA-1,0,12,62,9577,4266
CTCATGGCTCACAATC-1,1,13,63,9463,4462
AACCGTTGTGTTTGCT-1,1,12,64,9351,4265
ACCCTTCATCTGCGAA-1,1,13,65,9237,4462
TGCGGTGAAATTTCAT-1,1,12,66,9124,4264
CAAATTGTCAGCAAGC-1,1,13,67,9010,4461
GAGGTACATCCATCTT-1,1,12,68,8898,4263
AAATGGCATGTCTTGT-1,1,13,69,8784,4460
TCATCCCAGAGGGTGG-1,1,12,70,8672,4262
CGTAGCGAATTGTCAG-1,1,13,71,8558,4459
CCTAGTTAGTCGCATG-1,1,12,72,8446,4262
GAAACTCTAATGAAGG-1,1,13,73,8332,4458
TTGTATCACACAGAAT-1,1,12,74,8219,4261
TTCAAGCCGAGCTGAG-1,1,13,75,8105,4457
AGGTACGATATTGCCA-1,1,12,76,7993,4260
TTAAGCCGACAACTTC-1,1,13,77,7879,4456
GTCTTAGTACAGCCGG-1,1,12,78,7767,4259
TGGGTAAGGTTCCCGC-1,1,13,79,7653,4455
CTACGCCATTTCCGAT-1,1,12,80,7540,4258
GACCGTCAGGTCGTGA-1,1,13,81,7427,4454
TAGTTAAGATAGGATA-1,1,12,82,7314,4257
GAATATTCGGAGTCCC-1,1,13,83,7200,4454
CAAACTACGATAGAGA-1,1,12,84,7088,4256
CAGGAAGACTTTATAT-1,1,13,85,6974,4453
TTCGTAATCCCAGCGG-1,1,12,86,6862,4255
GTGAGGAGCGGTTGAG-1,1,13,87,6748,4452
CAATCCCTATACCAGC-1,1,12,88,6635,4255
AGGGAAACGAGGTACT-1,1,13,89,6521,4451
TCCTGCCAACTGGAGA-1,1,12,90,6409,4254
AATTTGGGACATAGTA-1,1,13,91,6295,4450
AACTCCTAATCCCATG-1,1,12,92,6183,4253
GCTCATTACTGCATGT-1,1,13,93,6069,4449
TCTCGAACGAGGTCAC-1,1,12,94,5957,4252
TCACTACGACCAATGC-1,1,13,95,5843,4448
GTGATGCACAACATCT-1,1,12,96,5730,4251
CCGACGTAAACACAAC-1,1,13,97,5616,4447
TGGGATGCACTCATTC-1,1,12,98,5504,4250
TTCCATCATGCGGTGA-1,1,13,99,5390,4447
TGCACAGTGAAGTTAT-1,0,12,100,5278,4249
CTATTGTGTTTGGTCA-1,0,13,101,5164,4446
TGCGAGCCCTTCCGCG-1,0,12,102,5051,4248
TTGAAAGGTGTAAAGG-1,0,13,103,4938,4445
GGTGCAGAGCCTATCG-1,0,12,104,4825,4247
ACTATATGCTGTGTTC-1,0,13,105,4711,4444
TCCTGGCGCTGCCTGG-1,0,12,106,4599,4247
GAGCCGAGCGTTTATT-1,0,13,107,4485,4443
AGAATGCGGGTTCGGA-1,0,12,108,4373,4246
ATGCGACAATTGGTCC-1,0,13,109,4259,4442
TTCCGGCTCGACTTCT-1,0,12,110,4146,4245
TGATTATGGCACGCAG-1,0,13,111,4033,4441
GGTTTGACAAGAAGCT-1,0,12,112,3920,4244
GCAGCTATGGACAGGT-1,0,13,113,3806,4440
CACCATGATCGCAAAG-1,0,12,114,3694,4243
GTCGGAAGGATACCAG-1,0,13,115,3580,4439
GGCCCAGTTATCAGCA-1,0,12,116,3468,4242
GGGCCTATTTAAGTAT-1,0,13,117,3354,4439
GTTGTTACATTGCGCT-1,0,12,118,3241,4241
CAACTCCGTAACTTGC-1,0,13,119,3127,4438
GATCTTTGCTCAAAGA-1,0,12,120,3015,4240
TCGCTTAATTACGAAG-1,0,13,121,2901,4437
CGATCATTAGAGGCAC-1,0,12,122,2789,4239
TGTTCTCTACTCCCTA-1,0,13,123,2675,4436
GCTTAGGGAAGCGGTA-1,0,12,124,2563,4239
CAGGTTTAGTACTACA-1,0,13,125,2449,4435
AAGCGGAGTGCGCGCA-1,0,12,126,2336,4238
TCAGATGGAGACGTAG-1,0,13,127,2222,4434
TCGCACTAACGTTTGT-1,0,14,0,16590,4687
CACGTCGGGTTCTAGA-1,0,15,1,16476,4884
GGAGTACACATGAGCT-1,0,14,2,16363,4686
GTGTGTCGACGTCGCT-1,0,15,3,16249,4883
GAAGCTCTTTGCTTAG-1,0,14,4,16137,4685
ACACCGAGCGCTCTTT-1,0,15,5,16023,4882
CGTAATAATTACGAGT-1,0,14,6,15911,4684
CATCAACACCTACTAA-1,0,15,7,15797,4881
CCAAGTTTCTACAGAT-1,0,14,8,15685,4684
ACGGGTCATGTGACTT-1,0,15,9,15571,4880
AGTGTGCTAAGATCGC-1,0,14,10,15458,4683
GGCGGTTTGCCGGTGC-1,0,15,11,15344,4879
GTATAATCTCCCGGAT-1,0,14,12,15232,4682
TAGTCCGTATGCATAA-1,0,15,13,15118,4878
CACTTCGTCTTATCTC-1,0,14,14,15006,4681
CATCCGCAGGCCCGAA-1,0,15,15,14892,4877
CCCTGATGTAACTCGT-1,0,14,16,14779,4680
CCATAGTCAGTAACCC-1,0,15,17,14666,4876
CGGGCCATAGCCGCAC-1,0,14,18,14553,4679
CTCCGGCTTGTAGACA-1,0,15,19,14439,4876
AACTTGCGTTCTCGCG-1,0,14,20,14327,4678
AATGAGTTCGCATATG-1,0,15,21,14213,4875
CGAGGCCAGGCATTGG-1,0,14,22,14101,4677
TCTGCGTCCGGTTTCT-1,0,15,23,13987,4874
CAATCCTGCCGTGGAG-1,0,14,24,13874,4677
CTGAGCAAGTAACAAG-1,0,15,25,13760,4873
GGGTACCCACGGTCCT-1,0,14,26,13648,4676
ACGGAATTTAGCAAAT-1,0,15,27,13534,4872
GGGCGGTCCTATTGTC-1,0,14,28,13422,4675
ATGTTACGAGCAATAC-1,0,15,29,13308,4871
AACCATGGGATCGCTA-1,0,14,30,13196,4674
TCGCATCCCTAAGTGT-1,0,15,31,13082,4870
ACTTAGTACGACAAGA-1,0,14,32,12969,4673
GAGCTCTCGGACCTAA-1,0,15,33,12855,4869
TCTATTACGCTGGCGA-1,0,14,34,12743,4672
AGATACGACTTCATAT-1,0,15,35,12629,4869
CGCTATACCGCCCACT-1,0,14,36,12517,4671
CAGTGTCCGCAGAATG-1,0,15,37,12403,4868
CCATCCATACCAAGTC-1,0,14,38,12291,4670
AACCCAGAGACGGAGA-1,0,15,39,12177,4867
GAAGAACGGTGCAGGT-1,0,14,40,12064,4669
GATAAATCGGTGGATG-1,0,15,41,11950,4866
CAGCTCGTGCTTGTGT-1,0,14,42,11838,4669
GAGTACGGGTATACAA-1,0,15,43,11724,4865
CATCGCCCGCGGCCAA-1,0,14,44,11612,4668
TCTTACAGAGGTACCG-1,0,15,45,11498,4864
TGGAAGACGAACACCA-1,0,14,46,11385,4667
GTTGTCGTGTTAGTTG-1,0,15,47,11272,4863
CCAAGGAACAGAGAGG-1,0,14,48,11159,4666
CTGCACCTGGAACCGC-1,0,15,49,11045,4862
CGCTTTCATACCGGTG-1,0,14,50,10933,4665
GTTCTTCCCTCGATGT-1,0,15,51,10819,4861
ATTTAACTCGTATTAC-1,0,14,52,10707,4664
AACGATAGAAGGGCCG-1,0,15,53,10593,4861
TATCCTGCATGGGAAT-1,0,14,54,10480,4663
AGGCCCATTGTACAGG-1,0,15,55,10366,4860
CCGGCGCATATTGGAT-1,0,14,56,10254,4662
ATCTGTAATTGTACCC-1,0,15,57,10140,4859
GAGCGAGGGAGTACCG-1,0,14,58,10028,4661
TTATTAGGGAAGCATC-1,0,15,59,9914,4858
CTTCTTACGTCGTATA-1,0,14,60,9802,4661
GAAGTGCTGGATAGCT-1,1,15,61,9688,4857
GTGCAACAAATGTGGC-1,1,14,62,9575,4660
CATGCGTTAGACAGAA-1,1,15,63,9461,4856
ACACACTTTCTACACG-1,1,14,64,9349,4659
AGCCCTAAGCGAAGTT-1,1,15,65,9235,4855
ATTAATTCGGTCACTC-1,1,14,66,9123,4658
AACAGGAAATCGAATA-1,1,15,67,9009,4854
ACGTTTAGTTGTGATC-1,1,14,68,8897,4657
TCCTTCAGTGGTCGAA-1,1,15,69,8783,4853
CGAACGCCCAGTGCCG-1,1,14,70,8670,4656
CCTCGAAGTGGACGGG-1,1,15,71,8556,4853
CTCTGTTTGAGGATTC-1,1,14,72,8444,4655
TGGGCACGTTCTATGG-1,1,15,73,8330,4852
ACTATTCGTCCGTGGT-1,1,14,74,8218,4654
CCTCTGGCCTAGACGG-1,1,15,75,8104,4851
CCATAAACAACCCGAC-1,1,14,76,7991,4654
CATAGTACATTGAGAG-1,1,15,77,7878,4850
ATTTCATTATTTCGCG-1,1,14,78,7765,4653
CAACTATATCGAATGC-1,1,15,79,7651,4849
CTAGTATTCGGAATTA-1,1,14,80,7539,4652
GTGGAACCTACATGCG-1,1,15,81,7425,4848
CCTAAAGGCTGACGCT-1,1,14,82,7313,4651
CGTGACATTGGGTCGT-1,1,15,83,7199,4847
CCAATCGGTAGATCGA-1,1,14,84,7086,4650
ATTGTCGCAATACCTT-1,1,15,85,6972,4846
AAATTACACGACTCTG-1,1,14,86,6860,4649
CACTCCTCTCGGTCGG-1,1,15,87,6746,4846
AAATAACCATACGGGA-1,1,14,88,6634,4648
AGTTACTCTATCGTGG-1,1,15,89,6520,4845
CGTTAGCTCACAACTG-1,1,14,90,6408,4647
GAATGTATGGCAGGTC-1,1,15,91,6294,4844
GCAACCACCAGACCGG-1,1,14,92,6181,4646
TCACTCGTGCAACGGC-1,1,15,93,6067,4843
AAACAGAGCGACTCCT-1,1,14,94,5955,4646
CAGCCTCTCCTCAAGA-1,1,15,95,5841,4842
TTGCGTGAACGCTTAG-1,1,14,96,5729,4645
CCGCCTGCGAATTGGT-1,1,15,97,5615,4841
AGATGAGGGTTGCGAT-1,1,14,98,5502,4644
CGGTGGGCTCCAGCCT-1,1,15,99,5389,4840
GGCAGCGGTAATCCTA-1,1,14,100,5276,4643
GCTAGCAGGGAGTGGG-1,0,15,101,5162,4839
CTCAAGACATTAGCGC-1,0,14,102,5050,4642
CACGGCGCGCCAAAGG-1,0,15,103,4936,4838
TGCAATTTGGGCACGG-1,0,14,104,4824,4641
ATGCCAATCGCTCTGC-1,0,15,105,4710,4838
GCTGGACCCAAAGTGG-1,0,14,106,4597,4640
ATTCCTAAGACGTGGA-1,0,15,107,4484,4837
TCCGGAGGAAGGGCTG-1,0,14,108,4371,4639
TCGGTGACCGCTCCGG-1,0,15,109,4257,4836
TCCGAAGTAGTCACCA-1,0,14,110,4145,4638
CATGTAGGAGCGCCAA-1,0,15,111,4031,4835
CACAAGAAAGATATTA-1,0,14,112,3919,4638
AGGGTCAGTAACCCTA-1,0,15,113,3805,4834
TAAGCCCTTACGACCA-1,0,14,114,3692,4637
ATACCGTCATCCATAA-1,0,15,115,3578,4833
GGACGTCCATAGTTGG-1,0,14,116,3466,4636
CATCAAACTGGCGCCC-1,0,15,117,3352,4832
AAACGTGTTCGCCCTA-1,0,14,118,3240,4635
AAATTGGTGAGAAGCA-1,0,15,119,3126,4831
GGTCATTGTAGTCATA-1,0,14,120,3014,4634
TGCAGTGAGGCTCGGG-1,0,15,121,2900,4830
GAACATTAGTATGTTA-1,0,14,122,2787,4633
GGTTTGCGAACACGTA-1,0,15,123,2673,4830
ACACAAATATTCCTAG-1,0,14,124,2561,4632
TTGGGTTTATTCAGCG-1,0,15,125,2447,4829
ATTCGCAGAGGACACT-1,0,14,126,2335,4631
GATTTAGTGCGTACTG-1,0,15,127,2221,4828
TAGAAACACAATAGTG-1,0,16,0,16588,5081
CAGTAGATGATGTCCG-1,0,17,1,16474,5277
TCTTAACTCGGATGTA-1,0,16,2,16362,5080
TACATCTTGTTTCTTG-1,0,17,3,16248,5276
TTCATAGGGTGTCCAT-1,0,16,4,16136,5079
TGAAGTAGCTTACGGA-1,0,17,5,16022,5275
GCACAAGTGGATCATA-1,0,16,6,15909,5078
GGGCGAATTTCTCCAC-1,0,17,7,15795,5275
ATGTTCCTGCCCACCT-1,0,16,8,15683,5077
GCTCAACCTCTTAGAG-1,0,17,9,15569,5274
ATAGCTGCTCTTGTTA-1,0,16,10,15457,5076
CGTCAGCTATTTACTC-1,0,17,11,15343,5273
ATCTGATAGTGTCTTA-1,0,16,12,15230,5076
TGCACTATGTGAGTGC-1,0,17,13,15117,5272
CCGACAAACACATGAG-1,0,16,14,15004,5075
GCCTTGTATATGCAGT-1,0,17,15,14890,5271
ATAATACCGTTAGCCG-1,0,16,16,14778,5074
ACACTCCAATGTCACT-1,0,17,17,14664,5270
AGTTGCTGACTGATAT-1,0,16,18,14552,5073
GGCGCTCCTCATCAAT-1,0,17,19,14438,5269
TGCCTGACATCGGTCA-1,0,16,20,14325,5072
TTGGCCATCTTGCGCT-1,0,17,21,14211,5268
CAGTGGTTGCACATGA-1,0,16,22,14099,5071
AGAATTGTTTGACATA-1,0,17,23,13985,5268
AAATGCTCGTTACGTT-1,0,16,24,13873,5070
CACCTAATAGAGTCGT-1,0,17,25,13759,5267
CATTTCTAGCAGACTA-1,0,16,26,13647,5069
CCGAAAGTGGTGAGCA-1,0,17,27,13533,5266
AGTCAGCCACCGCCTG-1,0,16,28,13420,5068
TCATCACTCGAGCTCG-1,0,17,29,13306,5265
CTCAGGACTCACCTGT-1,0,16,30,13194,5068
CGGTGTACTTGATCCC-1,0,17,31,13080,5264
CCTACGGCTCAGTCGA-1,0,16,32,12968,5067
GTACTTGGGCACTTCT-1,0,17,33,12854,5263
TGATTTCCTCCTGACG-1,0,16,34,12742,5066
CCTCACCAATCTTGAC-1,0,17,35,12628,5262
GGTGAGATGCAGATAA-1,0,16,36,12515,5065
GCTAGTTTCATTGAGG-1,0,17,37,12401,5261
AGGACATCGCACGTCG-1,0,16,38,12289,5064
GTGGACGTGCTGAGAC-1,0,17,39,12175,5260
TAAGGAACTTGTGGGA-1,0,16,40,12063,5063
TCGCTGTGCGTAAATC-1,0,17,41,11949,5260
GCATCCCTAACTTTGA-1,0,16,42,11836,5062
CACCCACACGTCACCC-1,0,17,43,11723,5259
CCCTCATTCTGGAATT-1,0,16,44,11610,5061
AGGGCGTGATCGGCTA-1,0,17,45,11496,5258
GGTGCGGATAAGTGGC-1,0,16,46,11384,5061
TAATATTGAAATTCGC-1,0,17,47,11270,5257
CTTACACTGGGAAATA-1,0,16,48,11158,5060
ACCAAGAACGCGTGTC-1,0,17,49,11044,5256
GCCTTCAGCCCTACCG-1,0,16,50,10931,5059
GATGCTACAAGCGCCT-1,0,17,51,10817,5255
CCGGGACCCGCAGAGA-1,0,16,52,10705,5058
GTTCCAGTCTGACCAT-1,0,17,53,10591,5254
ATGATCGGGAATAGAC-1,0,16,54,10479,5057
TTGGATTGGGTACCAC-1,0,17,55,10365,5253
TACCTCACGCTTGTAC-1,0,16,56,10253,5056
CATGGCAGGAAGATCG-1,0,17,57,10139,5252
ATGACGCCGGCTCTAA-1,0,16,58,10026,5055
AGCGACATCCCATTCA-1,0,17,59,9912,5252
AGTAATGTCTTGCCGC-1,1,16,60,9800,5054
TTCTTAGTGGCTCAGA-1,1,17,61,9686,5251
CGTCTGGAAGGGCCCG-1,1,16,62,9574,5053
ACGTGCGCCTCGTGCA-1,1,17,63,9460,5250
AGAGCGGGCTAATCAT-1,1,16,64,9347,5053
GCGTCGAAATGTCGGT-1,1,17,65,9234,5249
AACTGATATTAGGCCT-1,1,16,66,9121,5052
CGAGCTGGGCTTTAGG-1,1,17,67,9007,5248
GGGTGTTTCAGCTATG-1,1,16,68,8895,5051
TTAATTTCAGACGCGG-1,1,17,69,8781,5247
ACTGCCGTCGTAACTC-1,1,16,70,8669,5050
GTGCACGAAAGTGACT-1,1,17,71,8555,5246
ATCTCCCTGCAATCTA-1,1,16,72,8442,5049
ACGCCAGATGATTTCT-1,1,17,73,8329,5245
AGCTATTTAATCCAAC-1,1,16,74,8216,5048
CCACGAGAAGAGAATC-1,0,17,75,8102,5245
GATTCCGCGTTTCCGT-1,1,16,76,7990,5047
GTCGGATGTAGCGCGC-1,1,17,77,7876,5244
TATTTATACCGAGTAG-1,1,16,78,7764,5046
GTAGGTGATCCGTGTA-1,1,17,79,7650,5243
AGTTAAGCGGTCCCGG-1,1,16,80,7537,5045
CTGGCGACATAAGTCC-1,0,17,81,7423,5242
TTGGCCTAGAATTTCG-1,1,16,82,7311,5045
GGCATATCGGTTCTGC-1,1,17,83,7197,5241
GGGCGTCCACTGGCTC-1,1,16,84,7085,5044
TTACCCATTGCCGGGT-1,1,17,85,6971,5240
TTAGACACGATCGTTG-1,1,16,86,6859,5043
GCGCTGATCCAGACTC-1,1,17,87,6745,5239
TTCGGCAACCCGCTGA-1,1,16,88,6632,5042
GATATTTCCTACATGG-1,1,17,89,6518,5238
CTGCGTTACGATATAA-1,1,16,90,6406,5041
TAATAAACAAGGAGAT-1,1,17,91,6292,5237
AACCTTTACGACGTCT-1,1,16,92,6180,5040
AGTCCCGCCTTTAATT-1,1,17,93,6066,5237
TGAGATTAGGCCCTAA-1,1,16,94,5953,5039
AGTGTATTGCGCATTG-1,1,17,95,5840,5236
GTTGGATTCAGTGGCT-1,1,16,96,5727,5038
TAAAGCTGCAATAGGG-1,1,17,97,5613,5235
AGTAGGAAGGAAGTTG-1,1,16,98,5501,5038
TATCACTTCGAGTAAC-1,1,17,99,5387,5234
TGATCTACGCTGATCT-1,1,16,100,5275,5037
GGATCATCCCGTACGC-1,0,17,101,5161,5233
TGACACTTCTCTTTGC-1,0,16,102,5048,5036
AGCCCTTCTAATCCGA-1,0,17,103,4935,5232
CACCGCGTCCACTCTA-1,0,16,104,4822,5035
TAATTGGAATCGGGAA-1,0,17,105,4708,5231
TCGTAAGCTCCGAGGA-1,0,16,106,4596,5034
TATATTACAAATGTCG-1,0,17,107,4482,5230
CGCGAGAGGGACTTGT-1,0,16,108,4370,5033
GGACCTACGGTAACGT-1,0,17,109,4256,5229
GAAATATGCTTGAATG-1,0,16,110,4143,5032
CCGTATTAGCGCAGTT-1,0,17,111,4029,5229
AGGCGTCTATGGACGG-1,0,16,112,3917,5031
AACATCGATACGTCTA-1,0,17,113,3803,5228
TGAATATGCTATAAAC-1,0,16,114,3691,5030
ACCAAACACCCAGCGA-1,0,17,115,3577,5227
TGGCTTGTACAAGCTT-1,0,16,116,3465,5030
GAATGAAGGTCTTCAG-1,0,17,117,3351,5226
AGATACCAGCACTTCA-1,0,16,118,3238,5029
GCGGTCCCGGTGAAGG-1,0,17,119,3124,5225
GAGGCATTTGCAGCAG-1,0,16,120,3012,5028
GGCAAGCCAGGGATAG-1,0,17,121,2898,5224
TCTACGGGCTCAGTTG-1,0,16,122,2786,5027
TCTGCGAATCGTTCGC-1,0,17,123,2672,5223
AGCTCGTTGATGGAAA-1,0,16,124,2559,5026
TGAATGAGATACAGCA-1,0,17,125,2446,5222
ACCCTTGCCTGGGTCG-1,0,16,126,2333,5025
GGCGAACCGTTCTGAT-1,0,17,127,2219,5222
GCGATGTCTGTGCTTG-1,0,18,0,16587,5475
ATTAACACCTGAGATA-1,0,19,1,16473,5671
GAAATCTGACCAAGTT-1,0,18,2,16360,5474
CCTGACAAACTCGCGC-1,0,19,3,16246,5670
ATGTCATTTCCCATTG-1,0,18,4,16134,5473
GCGGTGCGGAGCATCG-1,0,19,5,16020,5669
CGGAAAGCAAATGTGC-1,0,18,6,15908,5472
GCTGAGCAACGGTTCT-1,0,19,7,15794,5668
TCACTCTTCGTCTGTC-1,0,18,8,15681,5471
GATCTTCATTGTCCTC-1,0,19,9,15568,5667
ACTCGATGTATTTCAT-1,0,18,10,15455,5470
TGAAGAGCGGTCCTAG-1,0,19,11,15341,5667
TAAACGTCGTCAATGA-1,0,18,12,15229,5469
ACGTTATTGGTCACTC-1,0,19,13,15115,5666
ATAGCCTCAGTACCCA-1,0,18,14,15003,5468
CGGGAGTATACCGCCG-1,0,19,15,14889,5665
GTCCTACAGGCGGCTC-1,0,18,16,14776,5467
CGGATAAGCGGACATG-1,0,19,17,14662,5664
AACTTCTGCGTCTATC-1,0,18,18,14550,5467
GGGTTCAGACGAACAA-1,0,19,19,14436,5663
AGTCTGGACATCCTTG-1,0,18,20,14324,5466
TTGAACGAATCCTTTG-1,0,19,21,14210,5662
GAAATACTAAACGTTT-1,0,18,22,14098,5465
CCCGCGCAATGCACCC-1,0,19,23,13984,5661
TTCGGCTAGAGATGGT-1,0,18,24,13871,5464
GACACGAGTTAGAGGA-1,0,19,25,13757,5660
GAGGTCCCAAAGATCT-1,0,18,26,13645,5463
TAACTCCATGGAGGCT-1,0,19,27,13531,5659
CTTGTTTATGTAGCCA-1,0,18,28,13419,5462
GATGGCGCACACATTA-1,0,19,29,13305,5659
ATAATAGTGTAGGGAC-1,0,18,30,13193,5461
CGCTATTCAATGTATG-1,0,19,31,13079,5658
ATATTGCTGTCAAAGT-1,0,18,32,12966,5460
GGATTCAGTACGGTGG-1,0,19,33,12852,5657
TTCTTAGTGAACGGTG-1,0,18,34,12740,5460
AATGGTTCTCACAAGC-1,0,19,35,12626,5656
TATACACGCAAAGTAT-1,0,18,36,12514,5459
CTTCATAGCTCAAGAA-1,0,19,37,12400,5655
CAACGGTTCTTGATAC-1,0,18,38,12287,5458
ACACCCGAGAAATCCG-1,0,19,39,12174,5654
TCTATCATGCAGTTAC-1,0,18,40,12061,5457
CCCGCCATGCTCCCGT-1,0,19,41,11947,5653
CGCTTCCACTGAAATC-1,0,18,42,11835,5456
CACTGTCCAAGTGAGA-1,0,19,43,11721,5652
ATTACTAGCCTCTTGC-1,0,18,44,11609,5455
CATAGTAGCATAGTAG-1,0,19,45,11495,5652
CAACTCCTTGATCCCG-1,0,18,46,11382,5454
AAGTAGAAGACCGGGT-1,0,19,47,11268,5651
GCGGGAACCAGGCCCT-1,0,18,48,11156,5453
ATTAGATTGATAGCGG-1,0,19,49,11042,5650
CTCGGTCCGTAGCCTG-1,0,18,50,10930,5452
TGGCTTTGGGTAGACA-1,0,19,51,10816,5649
TATCCATATCATGCGA-1,0,18,52,10704,5452
GGAGTGCCGCCCTGGA-1,0,19,53,10590,5648
TGAGAATGCTTTACCG-1,0,18,54,10477,5451
TTAACCAACCCTCCCT-1,0,19,55,10363,5647
TGTTTCGGTACTTCTC-1,0,18,56,10251,5450
TTGCTGAAGGAACCAC-1,0,19,57,10137,5646
TATTTAGTCTAGATCG-1,0,18,58,10025,5449
CTCCGGCCTAATATGC-1,1,19,59,9911,5645
TTGTGGCCCTGACAGT-1,1,18,60,9798,5448
TCGCCGGTCGATCCGT-1,1,19,61,9685,5644
CCATAGGTTGGCGTGG-1,1,18,62,9572,5447
GAACGACCGAATGATA-1,1,19,63,9458,5644
TCCGATAATTGCCATA-1,1,18,64,9346,5446
CATTACGTCGGCCCGT-1,1,19,65,9232,5643
CAAGCACCAAATGCCT-1,1,18,66,9120,5445
TGCATGGATCGGATCT-1,1,19,67,9006,5642
GAAATCGCGCGCAACT-1,1,18,68,8893,5444
CTGAAAGAGATCCGAC-1,1,19,69,8780,5641
CACCTCGATGGTGGAC-1,1,18,70,8667,5444
ATTTGTTCCAGGGCTC-1,1,19,71,8553,5640
TGGGCCACAAGAGCGC-1,1,18,72,8441,5443
CCTTCTTGATCCAGTG-1,1,19,73,8327,5639
CCTCGCCAGCAAATTA-1,1,18,74,8215,5442
TTCATGGCGCAACAGG-1,1,19,75,8101,5638
TTAATCAGTACGTCAG-1,0,18,76,7988,5441
CCTATCTATATCGGAA-1,1,19,77,7874,5637
ATTATACTTTGCTCGT-1,1,18,78,7762,5440
ATGGATCCGGCGTCCG-1,1,19,79,7648,5636
CGCCCGCTTCCGTACA-1,0,18,80,7536,5439
GGATTCCGCTATACCC-1,0,19,81,7422,5636
CGGTCTATCAACCCGT-1,0,18,82,7310,5438
ATGCCGGTTGATGGGA-1,1,19,83,7196,5635
TCATGCAGGTTCTCAT-1,1,18,84,7083,5437
TGAGCTTTAATGACGC-1,1,19,85,6969,5634
TCCCTTAGATTACTCG-1,1,18,86,6857,5437
ATATCTCCCTCGTTAA-1,1,19,87,6743,5633
AGCTCTTCCCAGTGCA-1,1,18,88,6631,5436
TCGCTAAACCGCTATC-1,1,19,89,6517,5632
CACATTCTTTCGATGG-1,1,18,90,6404,5435
GATATGCGGTAGCCAA-1,1,19,91,6291,5631
CGTTTCACTTCGGGCG-1,1,18,92,6178,5434
CCAATTACGGGTCGAG-1,1,19,93,6064,5630
GCAGGTAGAGTATGGT-1,1,18,94,5952,5433
GTCGTATTGGCGTACA-1,1,19,95,5838,5629
GAAATTAGCACGGATA-1,1,18,96,5726,5432
AATGCACCAAGCAATG-1,1,19,97,5612,5629
AGGACGCTCGATGTTG-1,1,18,98,5499,5431
GGCTAAAGGGCGGGTC-1,1,19,99,5386,5628
CATCTATCCCGTGTCT-1,1,18,100,5273,5430
CAGTAACTATTTATTG-1,0,19,101,5159,5627
CATATACTACTGATAA-1,0,18,102,5047,5429
GCGTTCGGAGACCGGG-1,0,19,103,4933,5626
AAGTTCAGTCTGCGTA-1,0,18,104,4821,5429
CGAAGCTATAAATTCA-1,0,19,105,4707,5625
CGCGGTCACAAACCAA-1,0,18,106,4594,5428
GGGAATGAGCCCTCAC-1,0,19,107,4480,5624
ACGGAGCGCAAATTAC-1,0,18,108,4368,5427
CGTTCTTCGCACACCT-1,0,19,109,4254,5623
GAATAGCCCTGCGGTC-1,0,18,110,4142,5426
AATAGCTACCGCGTGC-1,0,19,111,4028,5622
CCGAGCTGTGCTTGTC-1,0,18,112,3916,5425
GATGACGATGATCGCG-1,0,19,113,3802,5621
GCCTATGCTGGGCCTT-1,0,18,114,3689,5424
TTACTGTCTAGAGCTC-1,0,19,115,3575,5621
AGCGGTTGCCGCTCTG-1,0,18,116,3463,5423
GCTTGCAGCACAATTG-1,0,19,117,3349,5620
CCGGAGGTCTTATGGT-1,0,18,118,3237,5422
ACAGTATACCGTGGGA-1,0,19,119,3123,5619
GGGATCCCAATACAAA-1,0,18,120,3010,5421
ATTACGACTCCACAGT-1,0,19,121,2897,5618
CTCACACGCAAGCCTA-1,0,18,122,2784,5421
CCAGATGTAAATGGGT-1,0,19,123,2670,5617
GAACTTGTGCACGGGA-1,0,18,124,2558,5420
AAGCCGCTTTACCTTG-1,0,19,125,2444,5616
TCCATTCCCACTAGAG-1,0,18,126,2332,5419
AGAGCGCTTGTAACGG-1,0,19,127,2218,5615
TGGGTTCCCGGACGGA-1,0,20,0,16585,5868
GCTGCGCCTCCCACGT-1,0,21,1,16471,6065
CTGTTGGCTCTTCTGA-1,0,20,2,16359,5867
TTGTTCTAGATACGCT-1,0,21,3,16245,6064
CCCTCAAGCTCTTAGT-1,0,20,4,16132,5867
TGGTCTAGCTTACATG-1,0,21,5,16019,6063
ATGCACCTTCCTTAAT-1,0,20,6,15906,5866
GGGATACGGTAATAAT-1,0,21,7,15792,6062
AGTTCACCGGTTGGAC-1,0,20,8,15680,5865
GACATACTGTCGCAGA-1,0,21,9,15566,6061
TGGACACCGTTGCTTG-1,0,20,10,15454,5864
TGCGATGCTAATGGCT-1,0,21,11,15340,6060
TTCTGTTTCCTGTCGC-1,0,20,12,15227,5863
CGTTGTAAACGTCAGG-1,0,21,13,15113,6059
GATCGGCGATAAGTCG-1,0,20,14,15001,5862
AGCCTTAAAGCGGAAG-1,0,21,15,14887,6058
TCCGTAACCACAATCC-1,0,20,16,14775,5861
GAATGCCGAAATGACC-1,0,21,17,14661,6058
TATACTCATGCGGCAA-1,0,20,18,14549,5860
TAGTGTCAGAAACGGC-1,0,21,19,14435,6057
CGTCATACCATATCCA-1,0,20,20,14322,5859
TAGTACCTTAGTGGTC-1,0,21,21,14208,6056
CTGGCGGGAATAAGTA-1,0,20,22,14096,5859
AGTGTGGTCTATTGTG-1,0,21,23,13982,6055
GCTATCGCGGCGCAAC-1,0,20,24,13870,5858
CAGTAATCCCTCCCAG-1,0,21,25,13756,6054
GTATTAAGGCGTCTAA-1,0,20,26,13644,5857
CTAATTTCAACAACAC-1,0,21,27,13530,6053
TTAGCAACATGGATGT-1,0,20,28,13417,5856
ATGCTCAGTGTTGCAT-1,0,21,29,13303,6052
GATGTTTGTGCGAGAT-1,0,20,30,13191,5855
CACTTCGCCACAGGCT-1,0,21,31,13077,6051
CTGTATGGTGTAGAAA-1,0,20,32,12965,5854
TACGTGCACTATGCTG-1,0,21,33,12851,6051
GTATCAGCTTGGGTTC-1,0,20,34,12738,5853
TAACAAAGGGAGAAGC-1,0,21,35,12625,6050
TTACATCGTGGCCTGG-1,0,20,36,12512,5852
TCTGAACCGGTCGGCT-1,0,21,37,12398,6049
GGCTCGTGCCACCAGC-1,0,20,38,12286,5851
TATAAGTGAGGATAGC-1,0,21,39,12172,6048
GCCCGCGCGTTTGACA-1,0,20,40,12060,5851
TGCTGGTTGGACAATT-1,0,21,41,11946,6047
GCCTAGCGATCTGACC-1,0,20,42,11833,5850
CCATGCTCTGCAGGAA-1,0,21,43,11719,6046
TATAAATCCACAAGCT-1,0,20,44,11607,5849
CGCTCGACATAATGAT-1,0,21,45,11493,6045
CCAATTGAATGTTAAT-1,0,20,46,11381,5848
GCTAATACCGAATGCC-1,0,21,47,11267,6044
TTCAACGACCCGACCG-1,0,20,48,11155,5847
TTCCTCGAGGGTGTCT-1,0,21,49,11041,6043
CAACGACCCGTTTACA-1,0,20,50,10928,5846
CTTGTACTTGTTGACT-1,0,21,51,10814,6043
TCTCTAATAGCTGGTA-1,0,20,52,10702,5845
ATTATGCCATAGGGAG-1,0,21,53,10588,6042
GACAACGCAGCTTACG-1,0,20,54,10476,5844
AGATGACTCGCCCACG-1,0,21,55,10362,6041
GTGCGGGTCTCCAAAT-1,0,20,56,10249,5843
GTACGAGATTGCGACA-1,1,21,57,10136,6040
GTATAGGACTCAGTAG-1,1,20,58,10023,5843
TTGCACGGAGCAGCAC-1,1,21,59,9909,6039
CACAGCTAGGGAGTGA-1,1,20,60,9797,5842
ATACTAGCATGACCCT-1,1,21,61,9683,6038
CCAAGACTTCTGCGAA-1,1,20,62,9571,5841
ACATAATAAGGCGGTG-1,1,21,63,9457,6037
TAATACACAGTAGTAT-1,1,20,64,9344,5840
TCTTGGTAACACCAAA-1,1,21,65,9231,6036
AACTGGGTCCCGACGT-1,1,20,66,9118,5839
ATCACTTCATCCTCGC-1,1,21,67,9004,6035
TGGAAGGATAAAGATG-1,1,20,68,8892,5838
CATGATGCACAATTCT-1,1,21,69,8778,6035
TGCCTGATCAAACGAT-1,1,20,70,8666,5837
ATAGGGATATCCTTGA-1,1,21,71,8552,6034
CACCTAATCAGTTTAC-1,1,20,72,8439,5836
TGTGACTACGCCAGTC-1,1,21,73,8325,6033
CCCGACCATAGTCCGC-1,1,20,74,8213,5836
CGCGCCCGACTTAATA-1,1,21,75,8099,6032
TGCCACCTGGCGAAAC-1,1,20,76,7987,5835
CTGCCAAGGTTGGAAG-1,0,21,77,7873,6031
TCTCCAACGTAGGTTA-1,0,20,78,7761,5834
TTCTTGGAGTAATGAG-1,1,21,79,7647,6030
GTCTCGATCTGCTTTC-1,1,20,80,7534,5833
TACTCTCCGAACAAAT-1,1,21,81,7420,6029
ATCACATTAGAATATC-1,1,20,82,7308,5832
TACGGGATGCTAGCAG-1,1,21,83,7194,6028
AGCTGAAGTAAACCAA-1,1,20,84,7082,5831
CATGGGTCGGGTGTGG-1,0,21,85,6968,6028
CACCCACGAGGCAATT-1,1,20,86,6855,5830
TGCCATTACTAAAGAA-1,1,21,87,6742,6027
CCGTTACGTTAGAACA-1,1,20,88,6629,5829
GCCAGGAGTAACCGAT-1,1,21,89,6515,6026
GGAAAGTGCCCATGCC-1,1,20,90,6403,5828
TCTTACCGGAACTCGT-1,1,21,91,6289,6025
TATGTCAAGACCGACT-1,1,20,92,6177,5828
CCTAACTAAGGCTCTA-1,1,21,93,6063,6024
GCGGTGAACTGCGCTC-1,1,20,94,5950,5827
CCTCGCGCGATATAGG-1,1,21,95,5836,6023
ATCGGCAAGCAGTCCA-1,1,20,96,5724,5826
AGATCGTGCATAAGAT-1,1,21,97,5610,6022
ATTCAGGACCTATTTC-1,1,20,98,5498,5825
AGCTAGAAGCAGAAGT-1,1,21,99,5384,6021
TTCGCTATCTGACGTG-1,1,20,100,5272,5824
TTCCGCAGAGAAATAT-1,0,21,101,5158,6020
CAGTACATTCTCTAAA-1,0,20,102,5045,5823
GTGAAGATTTCAAGTG-1,0,21,103,4931,6020
AACGCATGATCTGGGT-1,0,20,104,4819,5822
CCCAGAGGAGGGCGTA-1,0,21,105,4705,6019
GGAAACCTTGTTGAAT-1,0,20,106,4593,5821
GTGAAGCCGTATAGTC-1,0,21,107,4479,6018
GAGCTGTCGTCTCGGA-1,0,20,108,4367,5820
TGTCATTTGTTGGGAA-1,0,21,109,4253,6017
ACCAACACCACACACT-1,0,20,110,4140,5820
AAATGATTCGATCAGC-1,0,21,111,4026,6016
CTGCTTTATGTCCGCG-1,0,20,112,3914,5819
GCGAGAGGCCATGTAA-1,0,21,113,3800,6015
ATTGACCGGCGATGAC-1,0,20,114,3688,5818
ACCCTGGTAACGCCCT-1,0,21,115,3574,6014
GTTGGACCGCATCAGG-1,0,20,116,3461,5817
CGTTTACAAGGCAGCT-1,0,21,117,3348,6013
CGGTCCATGAGACTCC-1,0,20,118,3235,5816
GTTCGTCTGGGTCCCT-1,0,21,119,3121,6012
TGTACTACTCTCACGG-1,0,20,120,3009,5815
AGTGAAGATGGTGTCC-1,0,21,121,2895,6012
GAGGGCCATAATATTA-1,0,20,122,2783,5814
ACTCCCGTAGACTAGG-1,0,21,123,2669,6011
CGTCAAATGGTCGCAG-1,0,20,124,2556,5813
AAGTCTAGTAGCTGCC-1,0,21,125,2442,6010
AAGAAATCACCAGATT-1,0,20,126,2330,5813
GAGTGCACGGACAACA-1,0,21,127,2216,6009
GTTCAAATCAGATGTC-1,0,22,0,16583,6262
CATGGCTCCCTATGTC-1,0,23,1,16470,6458
GGCCACACGAAAGCCT-1,0,22,2,16357,6261
GAAGCCGGGTAAGCTC-1,0,23,3,16243,6458
TTGCGCTCTCTCGCTT-1,0,22,4,16131,6260
TACATGACCTTATCCG-1,0,23,5,16017,6457
GTCCTTCTACAACCCA-1,0,22,6,15905,6259
TATATGCTGGGTTGCC-1,0,23,7,15791,6456
GTTTATGGGATTTAGA-1,0,22,8,15678,6258
GGAACCCGAACAAGAA-1,0,23,9,15564,6455
AACGTTATCAGCACCT-1,0,22,10,15452,6258
CATCGTCCGGTTACTA-1,0,23,11,15338,6454
AGACAGCTCAGAATCC-1,0,22,12,15226,6257
GCAGATCCTCGCAAAT-1,0,23,13,15112,6453
GGGTCATGCGTACCAT-1,0,22,14,15000,6256
CTGGTCATTCCAATCC-1,0,23,15,14886,6452
TCAGGGCGCAAACTCG-1,0,22,16,14773,6255
GATGCCAGCAGAAGGC-1,0,23,17,14659,6451
GTTATTAACGTGGGAG-1,0,22,18,14547,6254
AATACAATGTTTCAGG-1,0,23,19,14433,6450
TTGCTGCACCTATCCA-1,0,22,20,14321,6253
CCAGAGACAAAGCCGG-1,0,23,21,14207,6450
CCGAAGTATATTGTTC-1,0,22,22,14095,6252
GCTAAACCTGAGGTGA-1,0,23,23,13981,6449
TCATACTTACAGATCC-1,0,22,24,13868,6251
CGAGCACTTCAAGTTT-1,0,23,25,13754,6448
TAGCAACCTGTCACAA-1,0,22,26,13642,6250
TGGGAAATGCCTTTCC-1,0,23,27,13528,6447
AGACCATGGGATACAA-1,0,22,28,13416,6250
TAAATGAATCCGTTTC-1,0,23,29,13302,6446
ACAACGGTCCCTGCGA-1,0,22,30,13189,6249
GTCACTCTCCAAATCT-1,0,23,31,13076,6445
TTCTACTTGCGAGGGC-1,0,22,32,12963,6248
CGCAATTACTTTCGGT-1,0,23,33,12849,6444
CTGTTCATCTCACGGG-1,0,22,34,12737,6247
TTCTTGTAACCTAATG-1,0,23,35,12623,6443
GCTTGATGATAATCAG-1,0,22,36,12511,6246
TTGGCTCGCATGAGAC-1,0,23,37,12397,6442
GCCCAGTTGGTATGCC-1,0,22,38,12284,6245
ATTCCTCCGCCAGTGC-1,0,23,39,12170,6442
TCGTCCGCTGGCGTCT-1,0,22,40,12058,6244
GGAGAAGTCATTGGCA-1,0,23,41,11944,6441
TTGTTAGCAAATTCGA-1,0,22,42,11832,6243
TCTAGCATCTTCGATG-1,0,23,43,11718,6440
TTCTAGGCCAATTGTG-1,0,22,44,11606,6243
TCACGGTCATCGCACA-1,0,23,45,11492,6439
ATGAAGCCAAGGAGCC-1,0,22,46,11379,6242
AATGACTGTCAGCCGG-1,0,23,47,11265,6438
CCAAACAGAACCCTCG-1,0,22,48,11153,6241
TATCGATGATTAAACG-1,0,23,49,11039,6437
GAACACACATCAACCA-1,0,22,50,10927,6240
CCCGTCAGCGTCTGAC-1,0,23,51,10813,6436
AGCATCGTCGATAATT-1,0,22,52,10700,6239
GACTAAGATCATGCAC-1,0,23,53,10587,6435
TAGGGTGTTTCAAGAG-1,0,22,54,10474,6238
TGGTTCGTAGCAAAGG-1,0,23,55,10360,6434
CTGTTCACTGCCTGTG-1,0,22,56,10248,6237
ATGTGCATCCGACGCA-1,0,23,57,10134,6434
TTGTCGTTCAGTTACC-1,1,22,58,10022,6236
CGGGATCAATGTAAGA-1,1,23,59,9908,6433
TTATCTGTATCATAAC-1,1,22,60,9795,6235
ATCGACTCTTTCCGTT-1,1,23,61,9682,6432
CTCATTTGATGGGCGG-1,1,22,62,9569,6235
GTAAGCGGGCAGTCAG-1,1,23,63,9455,6431
TCTATCGGTCGCAACA-1,1,22,64,9343,6234
AACGCGGTCTCCAGCC-1,1,23,65,9229,6430
ATTAATACTACGCGGG-1,1,22,66,9117,6233
CTTTAACTTTCAAAGG-1,1,23,67,9003,6429
CGTACCTGATAGGCCT-1,1,22,68,8890,6232
GAATGTTGGGTAATCT-1,1,23,69,8776,6428
TGCGGAGTAAAGGTGC-1,1,22,70,8664,6231
CCTGAATATTTACATA-1,1,23,71,8550,6427
TTGCTCCCATACCGGA-1,1,22,72,8438,6230
CCTCTAATCTGCCAAG-1,1,23,73,8324,6427
AGGTTGAGGCACGCTT-1,1,22,74,8212,6229
TCCCGTCAGTCCCGCA-1,1,23,75,8098,6426
TCCGATGACTGAGCTC-1,1,22,76,7985,6228
CAGCCTCCTGCAGAGG-1,1,23,77,7871,6425
CTTAGCCTTCCACATG-1,1,22,78,7759,6227
ATTAATGAACCAGTCG-1,1,23,79,7645,6424
ACGATACATAGAACTA-1,1,22,80,7533,6227
AGCCACTCCCGTGCTT-1,1,23,81,7419,6423
ATACGGGTTTCGATTG-1,1,22,82,7306,6226
CTGTCAAATGGCTCGG-1,1,23,83,7193,6422
GCTCGGAATTTAAAGC-1,0,22,84,7080,6225
TAGGCATGTTACGCCA-1,1,23,85,6966,6421
TGGCAACTCGCGCGCC-1,0,22,86,6854,6224
ATCAGTAGGCAGGGAT-1,1,23,87,6740,6420
TATCGATCTATGCATA-1,1,22,88,6628,6223
CGACTCAGGATGTTAT-1,1,23,89,6514,6419
GCCATATTGCACACAG-1,1,22,90,6401,6222
AATTCATAAGGGATCT-1,1,23,91,6287,6419
CGGTAGAGGTGCAGGT-1,1,22,92,6175,6221
AATGATGATACGCTAT-1,1,23,93,6061,6418
CTTGTGCTCACCGATT-1,1,22,94,5949,6220
TTCCAATCAGAGCTAG-1,1,23,95,5835,6417
CGATGGACCCTACGCC-1,1,22,96,5723,6220
GGTCGGATAAACGGCG-1,1,23,97,5609,6416
TTAGCTAATACGATCT-1,1,22,98,5496,6219
CTCGATATTTGCGAGC-1,1,23,99,5382,6415
ATTACTTACTGGGCAT-1,1,22,100,5270,6218
CTAGCCGATGTTATGA-1,1,23,101,5156,6414
TACTGCAATCAATTAC-1,0,22,102,5044,6217
TAGTCTGTGACGTTGC-1,0,23,103,4930,6413
CTCGTTTCTAATGTTT-1,0,22,104,4818,6216
TTCGTTCAACGAAGTT-1,0,23,105,4704,6412
CTGAATTTATTGCCAG-1,0,22,106,4591,6215
TGGAATATCCTTGACC-1,0,23,107,4477,6411
CAGATCATTTAAAGTC-1,0,22,108,4365,6214
CTCCTTTACGCAAGTC-1,0,23,109,4251,6411
TCCCAAACAGACAACG-1,0,22,110,4139,6213
ATCGCTGCGTGCAGCA-1,0,23,111,4025,6410
TTAGTTCAAGTGTTCG-1,0,22,112,3912,6212
AAACTCGTGATATAAG-1,0,23,113,3799,6409
TTAACGAACAAGCAGT-1,0,22,114,3686,6212
GTTATATCAGGAGCCA-1,0,23,115,3572,6408
CAAATTGGATTATGCC-1,0,22,116,3460,6211
CGAGGAGCTTCCATAT-1,0,23,117,3346,6407
GGAGACCAATGTGCTT-1,0,22,118,3234,6210
CATTGATGAACACGCC-1,0,23,119,3120,6406
GTCAATGCTATAATTT-1,0,22,120,3007,6209
ACCACCCTCTCTTCTA-1,0,23,121,2893,6405
TGGAGGGAAACACCTC-1,0,22,122,2781,6208
CACGGACGTGGATGGC-1,0,23,123,2667,6404
AACTTTCTCGATCATG-1,0,22,124,2555,6207
CGTATTGTTTCCTAAT-1,0,23,125,2441,6404
CCTACTGCGGCGGCCA-1,0,22,126,2329,6206
CTTAGGTCCCAATCGT-1,0,23,127,2215,6403
CGCAATCGATCATTAG-1,0,24,0,16582,6656
TGGTTATGCTTGCGGT-1,0,25,1,16468,6852
GGCTTGGCTCTCACCT-1,0,24,2,16356,6655
ATTGGTAGGATCCGCT-1,0,25,3,16242,6851
TCAGGGCGACTTCCTT-1,0,24,4,16129,6654
TCTGCAGATTCGAGTC-1,0,25,5,16015,6850
CTCTCGCTGTACTATG-1,0,24,6,15903,6653
AATAGTCGCGAGTCGG-1,0,25,7,15789,6849
AGTTACCCTTAAGACT-1,0,24,8,15677,6652
CTTAAATAAGACCCAT-1,0,25,9,15563,6849
GGTTGTGCTCTTGTCC-1,0,24,10,15451,6651
GTGAGTCTAAGACGGA-1,0,25,11,15337,6848
CGCGACACTGCGCAGC-1,0,24,12,15224,6650
GCTCGCGGTTCCGCTC-1,0,25,13,15110,6847
TTAACTCACGCGTGGA-1,0,24,14,14998,6649
GGAACGGCCTGCAGCC-1,0,25,15,14884,6846
GTAGAAACGGGTGGAG-1,0,24,16,14772,6649
TAATGAAAGACCCTTG-1,0,25,17,14658,6845
AGGCTTGCTAGACACC-1,0,24,18,14545,6648
TTGCGTAGTTTGAGGA-1,0,25,19,14432,6844
CGCCCTTGAAGGCTGA-1,0,24,20,14319,6647
CCCGGTGGAAGAACCT-1,0,25,21,14205,6843
TTAACACCTCGAACAT-1,0,24,22,14093,6646
GATTCCTATACGGCGC-1,0,25,23,13979,6842
TTACCCTAACAGTCCT-1,0,24,24,13867,6645
ACCCACCTACATGCTC-1,0,25,25,13753,6841
AAAGGGCAGCTTGAAT-1,0,24,26,13640,6644
CACACAGGGATAGATT-1,0,25,27,13527,6841
AGAGCGTACAAGCTCG-1,0,24,28,13414,6643
TCTTACGGCATCCGAC-1,0,25,29,13300,6840
GCCTATTCCGATATAG-1,0,24,30,13188,6642
GAAAGTGACTAACTGC-1,0,25,31,13074,6839
CCGGAATGGTTTCAGT-1,0,24,32,12962,6642
AGTATAATACTAGGCA-1,0,25,33,12848,6838
TAACTATCGAAGGTCC-1,0,24,34,12735,6641
ATGAGGAGTGTTAATC-1,0,25,35,12621,6837
TGTGTCGCGAGTTGCA-1,0,24,36,12509,6640
ATCCAACGCAGTCATA-1,0,25,37,12395,6836
AAGGCGCGTAAAGCTT-1,0,24,38,12283,6639
AGTCGGCCCAAACGAC-1,0,25,39,12169,6835
AACGTCAGACTAGTGG-1,0,24,40,12057,6638
ACTACCAGCTCTCTGG-1,0,25,41,11943,6834
GCAAGTGCACAGAGAA-1,0,24,42,11830,6637
ACACCTTAAGTAGGGC-1,0,25,43,11716,6834
TTCGACGGGAAGGGCG-1,0,24,44,11604,6636
TTCGCACTCGCGTGCT-1,0,25,45,11490,6833
TATTTGTTACCCTTTA-1,0,24,46,11378,6635
CGCTGTGACGCCGCAC-1,0,25,47,11264,6832
GTTGCACGGAGTTTCG-1,0,24,48,11151,6634
GTTTCCTGGAGGGTGA-1,0,25,49,11038,6831
ACACCCAGCATGCAGC-1,0,24,50,10925,6634
TCAACCATGTTCGGGC-1,0,25,51,10811,6830
TTACAACTACGCATCC-1,0,24,52,10699,6633
TCCGATGGTGCGACAT-1,0,25,53,10585,6829
GGGCGTACATTTATAT-1,0,24,54,10473,6632
AGCGACCAACGATATT-1,0,25,55,10359,6828
ACACAAAGACGGGTGG-1,0,24,56,10246,6631
ATCGCACGCCGGGAGA-1,0,25,57,10133,6827
GCTCTAAACCCTGACG-1,0,24,58,10020,6630
AATGCAACCGGGTACC-1,1,25,59,9906,6826
TCAAACAACCGCGTCG-1,1,24,60,9794,6629
TATGCTCCCTACTTAC-1,1,25,61,9680,6826
AAAGGGATGTAGCAAG-1,1,24,62,9568,6628
ACGATCATACATAGAG-1,1,25,63,9454,6825
TTGTTCAGTGTGCTAC-1,1,24,64,9341,6627
ATGCATGATCCAGGAT-1,1,25,65,9227,6824
AGTCTTCTCCTCAAAT-1,1,24,66,9115,6626
GATTCCCTTGTCGCAG-1,1,25,67,9001,6823
CTCGCACCTATATAGT-1,1,24,68,8889,6626
ACTCAATAAAGGCACG-1,1,25,69,8775,6822
AACCGAGCTTGGTCAT-1,1,24,70,8663,6625
TAAGGCAACATAAGAT-1,1,25,71,8549,6821
CACGCACAGCGCAGCT-1,1,24,72,8436,6624
GGTTTACAATCTCAAT-1,1,25,73,8322,6820
TGCAGGATCGGCAAAG-1,1,24,74,8210,6623
ATAACGGAGTCCAACG-1,1,25,75,8096,6819
AACGATATGTCAACTG-1,1,24,76,7984,6622
GACAACGACCATTGAA-1,1,25,77,7870,6818
TTGACCATGTTCTCCG-1,1,24,78,7757,6621
AGTACGGGCACCTGGC-1,1,25,79,7644,6818
CGCCATCCGATTATGA-1,1,24,80,7531,6620
AAGGTATCCTAATATA-1,1,25,81,7417,6817
TGTTGTCAAGAAGTCT-1,1,24,82,7305,6619
CAGTGAATAAATGACT-1,1,25,83,7191,6816
CACCTTGCGAAACTCG-1,1,24,84,7079,6619
CATTTAGCGGACCATG-1,1,25,85,6965,6815
CCAGTCTAGACGGCGC-1,1,24,86,6852,6618
TCGCTTTAAACGTTTG-1,1,25,87,6738,6814
GTGAAACGGCGCCACC-1,1,24,88,6626,6617
GGGCTCATCGAACCCA-1,1,25,89,6512,6813
TTGATGTGTAGTCCCG-1,1,24,90,6400,6616
CAGTAGCCCACGCGGT-1,1,25,91,6286,6812
AGCGCGGGTGCCAATG-1,1,24,92,6174,6615
TAATCGATCCGTACGT-1,1,25,93,6060,6811
AGTGGCGGCAATTTGA-1,1,24,94,5947,6614
CCTTTCAATGAAGAAA-1,1,25,95,5833,6811
CTCAGTCACGACAAAT-1,1,24,96,5721,6613
ATAGGCTAGCTTCGCA-1,1,25,97,5607,6810
CGGTTCAAGTAGGTGT-1,1,24,98,5495,6612
CAGTCGAGGATGCAAT-1,1,25,99,5381,6809
TATCACCCAACCGACC-1,1,24,100,5269,6611
AATGATGCGACTCCTG-1,0,25,101,5155,6808
TGGAACCACTGACACA-1,0,24,102,5042,6611
GCCAATAGGGCATCTC-1,0,25,103,4928,6807
TTCTTTGGTCGCGACG-1,0,24,104,4816,6610
ATTAGATTCCTCAGCA-1,0,25,105,4702,6806
CCGTGGAACGATCCAA-1,0,24,106,4590,6609
GGGTCGTGGCAAGTGT-1,0,25,107,4476,6805
TCGCTCGGCACCAGCG-1,0,24,108,4363,6608
ACGCAATCACTACAGC-1,0,25,109,4250,6804
CTCTAATGCATTGATC-1,0,24,110,4137,6607
GTCTCGACTAAGTTTG-1,0,25,111,4023,6803
TGGTTTAAACGTGGGT-1,0,24,112,3911,6606
CGCAGATCTTCACCCG-1,0,25,113,3797,6803
TCCAGATGTACGCCAA-1,0,24,114,3685,6605
CATTGCGGGTCAATTC-1,0,25,115,3571,6802
GACGTTCGTAAATACA-1,0,24,116,3458,6604
TACACCGTCGTTAGTC-1,0,25,117,3344,6801
ACGGGCGTATGCGACA-1,0,24,118,3232,6603
GAAGGCTACCATTGTT-1,0,25,119,3118,6800
TAAATCTTTACACCTC-1,0,24,120,3006,6603
AGTTTATGTAAAGACA-1,0,25,121,2892,6799
AGGAGACATCCACAGT-1,0,24,122,2780,6602
CAACCTGAACCTGCCA-1,0,25,123,2666,6798
AGTCCCTCGCAGAAAG-1,0,24,124,2553,6601
TGTATACGGATGATGA-1,0,25,125,2439,6797
TTGTGGTATAGGTATG-1,0,24,126,2327,6600
TCTGCACCATTAGTAA-1,0,25,127,2213,6796
AAATGTATCTTATCCC-1,0,26,0,16580,7049
ACTCTAAACCTGGGAT-1,0,27,1,16466,7246
GCTGGCAGGTGCCGTG-1,0,26,2,16354,7049
CTCATTCGTGAACATC-1,0,27,3,16240,7245
TCGCCGGATGGGCAAG-1,0,26,4,16128,7048
GGACTAAGTCAGGAGT-1,0,27,5,16014,7244
TATCAAAGGTCTGTAA-1,0,26,6,15902,7047
TTCAGTTTGTGGCAGC-1,0,27,7,15788,7243
TGTTCATAAATGTGCT-1,0,26,8,15675,7046
CTTAGCCCGGATAGTG-1,0,27,9,15561,7242
GATGCGAATGGTATTA-1,0,26,10,15449,7045
TCTAACTGTATGTAAA-1,0,27,11,15335,7241
TTAAACCTGGTTCCTT-1,0,26,12,15223,7044
GCTAAGTAAAGGCGAT-1,0,27,13,15109,7240
AGTTACCGCACATGGT-1,0,26,14,14996,7043
GACTGCGGCACGTGTA-1,0,27,15,14883,7240
TGGTGATCGTATTTGT-1,0,26,16,14770,7042
TTATCGCCTGCGAAGC-1,0,27,17,14656,7239
TGGAATTAGACGCTTT-1,0,26,18,14544,7041
TCGTCACACTGTTAGC-1,0,27,19,14430,7238
TTATGTTTGCGATAGA-1,0,26,20,14318,7041
GGTGCTGATCACAAAG-1,0,27,21,14204,7237
CATAGCCGCCCGGGAT-1,0,26,22,14091,7040
GGTTAGTTACGGCGCC-1,0,27,23,13978,7236
ATTCCCACATAAACAA-1,0,26,24,13865,7039
ATTCAGTAGCAGGGTC-1,0,27,25,13751,7235
CAGTTCCGCGGGTCGA-1,0,26,26,13639,7038
AAGAGATGAATCGGTA-1,0,27,27,13525,7234
CGCAATTCTACAATAA-1,0,26,28,13413,7037
TAACGCTTTGAGAGCG-1,0,27,29,13299,7233
AGGCTATGGTTAGCTT-1,0,26,30,13186,7036
GAGGAATGGAGAGGTT-1,0,27,31,13072,7233
TCCTCTACGAGATGGC-1,0,26,32,12960,7035
TTGATTATGCAGATGA-1,0,27,33,12846,7232
TCAGTACTGACCCGCG-1,0,26,34,12734,7034
TTATGACAAACTGGAT-1,0,27,35,12620,7231
GTAAGTAGGGTATACC-1,0,26,36,12508,7033
CGCAAACACGAGTTAC-1,0,27,37,12394,7230
TGGCCGTATATTGACC-1,0,26,38,12281,7033
ACTGTAGCACTTTGGA-1,0,27,39,12167,7229
GCTCTATGTTACGTGC-1,0,26,40,12055,7032
TGCGCGATTAACGGAG-1,0,27,41,11941,7228
GAATCGACATGGTCAC-1,0,26,42,11829,7031
GACTAAGTAGGCTCAC-1,0,27,43,11715,7227
ATCTTGACCTGCAACG-1,0,26,44,11602,7030
ATGCACTACCGCATTG-1,0,27,45,11489,7226
CAGATACTAACATAGT-1,0,26,46,11376,7029
GATCGACACTATCTGA-1,0,27,47,11262,7225
ATAGAGTACTGGGACA-1,0,26,48,11150,7028
CCTACTGCTTACACTT-1,0,27,49,11036,7225
CCTGCTATTTGAGAAG-1,0,26,50,10924,7027
CGCGTTCATGAAATAC-1,0,27,51,10810,7224
CATTATGCTTGTTGTG-1,0,26,52,10697,7026
CCAGGGACGTGGCCTC-1,0,27,53,10584,7223
TATGGATGTGCTACGC-1,0,26,54,10471,7025
GTACTAAGATTTGGAG-1,0,27,55,10357,7222
AGACCCGCCCTCCTCG-1,0,26,56,10245,7025
CGCATTAGCTAATAGG-1,0,27,57,10131,7221
GCTCTCGGGTACCGAA-1,0,26,58,10019,7024
CACCGCCAGAAGGTTT-1,0,27,59,9905,7220
TCCCAAAGACGAAGGA-1,1,26,60,9792,7023
ATGGATTGACCAAACG-1,1,27,61,9678,7219
GTCATGGACATGACTA-1,1,26,62,9566,7022
CTACTGCCACCTGACC-1,1,27,63,9452,7218
TTATATTTGGCAATCC-1,1,26,64,9340,7021
AGCACCAGTACTCACG-1,1,27,65,9226,7217
CATGGTCTAGATACCG-1,1,26,66,9114,7020
TCTACCGTCCACAAGC-1,1,27,67,9000,7217
CTAGTTGGGCCCGGTA-1,1,26,68,8887,7019
TCCCGCGTACTCCTGG-1,1,27,69,8773,7216
CAGAGCATGAGCTTGC-1,1,26,70,8661,7018
ACACGGGAACTTAGGG-1,1,27,71,8547,7215
GGCTCTGCTCCAACGC-1,1,26,72,8435,7018
AGAACGTGGTACATTC-1,1,27,73,8321,7214
CAATAAACCTTGGCCC-1,1,26,74,8208,7017
ACTTCGCCATACGCAC-1,1,27,75,8095,7213
ATCTGGTTAAGACTGT-1,1,26,76,7982,7016
TCGTAAGACGACATTG-1,1,27,77,7868,7212
GTGTACCTTGGCTACG-1,1,26,78,7756,7015
GCCCGTAATACCTTCT-1,1,27,79,7642,7211
CGGTCAAGTGGGAACC-1,1,26,80,7530,7014
TTGTAAGGCCAGTTGG-1,1,27,81,7416,7210
GGAGCACCAAGAACTA-1,1,26,82,7303,7013
TAATAGTGACGACCAG-1,1,27,83,7189,7210
CTAAATCCTATTCCGG-1,1,26,84,7077,7012
CGAGTTCTGTCCCACC-1,1,27,85,6963,7209
AGGCAGATGCGTAAAC-1,1,26,86,6851,7011
AAGGATGAGGGACCTC-1,1,27,87,6737,7208
AGAGAACCGTCTAGGA-1,1,26,88,6625,7010
GAGGGCGCAGCTCTGC-1,1,27,89,6511,7207
AAGATTGGCGGAACGT-1,1,26,90,6398,7010
CCAGTAGTCTGATCCA-1,1,27,91,6284,7206
AAGGGACAGATTCTGT-1,1,26,92,6172,7009
ATAGAGTTATCAACTT-1,1,27,93,6058,7205
AAATTACCTATCGATG-1,1,26,94,5946,7008
GATCCTAAATCGGGAC-1,1,27,95,5832,7204
TTACAGACCTAAATGA-1,1,26,96,5720,7007
CCTCACCTTAGCATCG-1,1,27,97,5606,7203
CATGCGACCAGTTTAA-1,1,26,98,5493,7006
AACATATCAACTGGTG-1,1,27,99,5379,7202
CTATAAGAGCCAATCG-1,1,26,100,5267,7005
AATATCGAGGGTTCTC-1,0,27,101,5153,7202
GTACTCCTGGGTATGC-1,0,26,102,5041,7004
ATAAGTAGGATTCAGA-1,0,27,103,4927,7201
AGGTCGCGGAGTTACT-1,0,26,104,4814,7003
CTAATTCTCAGATATT-1,0,27,105,4701,7200
GCCAACCATTTCCGGA-1,0,26,106,4588,7002
TGATCCCAGCATTAGT-1,0,27,107,4474,7199
CGTTGTAAGATTGATT-1,0,26,108,4362,7002
GAAACCATGGTGCGCT-1,0,27,109,4248,7198
AATCTATGCCGGAGCC-1,0,26,110,4136,7001
GACTCCCAGAATAAGG-1,0,27,111,4022,7197
TATGATCCGGCACGCC-1,0,26,112,3909,7000
CCGCTTGCTGACATGG-1,0,27,113,3795,7196
TGGTTAAGGGCGCTGG-1,0,26,114,3683,6999
TTGATAGTCAATACAT-1,0,27,115,3569,7195
GGTTTAATTGAGCAGG-1,0,26,116,3457,6998
CATTACATAGATTGTG-1,0,27,117,3343,7194
GGTACACCAGATTTAT-1,0,26,118,3231,6997
GGCCCGTATACCATGC-1,0,27,119,3117,7194
ATCTTTCGTATAACCA-1,0,26,120,3004,6996
GAGATGACAATCCTTA-1,0,27,121,2890,7193
AAAGCTTGCCTACATA-1,0,26,122,2778,6995
GAACGATAAGTTAAAG-1,0,27,123,2664,7192
TAATAGCTAAATGATG-1,0,26,124,2552,6995
TATGGCTAGGCTAATT-1,0,27,125,2438,7191
AGGAGAGTCTGGCTAC-1,0,26,126,2325,6994
TGCTCTGCCGGTTCAC-1,0,27,127,2212,7190
CCAATAGATTTCATCT-1,0,28,0,16579,7443
GGGCACGAATTGGCCG-1,0,29,1,16465,7640
TCGTTGACAGGGTCCC-1,0,28,2,16353,7442
ATCGTATTCCGAGAAC-1,0,29,3,16239,7639
GGGAATTCTGTCCAGT-1,0,28,4,16126,7441
ACGCGTTTCTTAAGAG-1,0,29,5,16012,7638
GAGAGCGCAGTCCCTG-1,0,28,6,15900,7440
GTCCTATTGTTGTGGT-1,0,29,7,15786,7637
CATCTGCAGGATCATT-1,0,28,8,15674,7440
GAGTCGACAGACCCTC-1,0,29,9,15560,7636
AAGTGCAAAGGTAGAC-1,0,28,10,15447,7439
AGGGTGGATAGTGCAT-1,0,29,11,15334,7635
TGATAGCGGGATTCTA-1,0,28,12,15221,7438
GTCAGTTTGGTAGTCG-1,0,29,13,15107,7634
GCATTCGAAATGAACA-1,0,28,14,14995,7437
AAAGACTGGGCGCTTT-1,0,29,15,14881,7633
TAACAATATTTGTTGC-1,0,28,16,14769,7436
CCAGCTTCCGCCCGCA-1,0,29,17,14655,7632
GATATGGATTACGCGG-1,0,28,18,14542,7435
AGAGCAGTTATGAGAC-1,0,29,19,14429,7632
TCACATCTTATCTGAT-1,0,28,20,14316,7434
TATGAAGACAGGTGCG-1,0,29,21,14202,7631
TACCTGCTGCACTGTG-1,0,28,22,14090,7433
TAGGTCCAAGTAAGGA-1,0,29,23,13976,7630
GAAACTCGTGCGATGC-1,0,28,24,13864,7432
AACAATTACTCTACGC-1,0,29,25,13750,7629
CCGCACGTGACCTCGG-1,0,28,26,13637,7432
AACTTGCCCGTATGCA-1,0,29,27,13523,7628
GGGTATGTATGCACTT-1,0,28,28,13411,7431
TTCGTACTCCAGAACG-1,0,29,29,13297,7627
GAATTTCTCGCTGCAG-1,0,28,30,13185,7430
AACAGGATGGGCCGCG-1,0,29,31,13071,7626
GACGTGTAGGGATTAT-1,0,28,32,12959,7429
TAGGTGAGCCCTACTC-1,0,29,33,12845,7625
CTAATTCGCACGCGCT-1,0,28,34,12732,7428
GAAGCTTGCTGACCGC-1,0,29,35,12618,7624
GGTTAGGCTTGGAGAA-1,0,28,36,12506,7427
ACAAGGACAAGAGGTT-1,0,29,37,12392,7624
AGGCCACCCGTTATGA-1,0,28,38,12280,7426
GTGGGCTTAGACACAC-1,0,29,39,12166,7623
CGTGTCCCATTCGCGA-1,0,28,40,12053,7425
TGGAGTGATGCGATGA-1,0,29,41,11940,7622
AACAACTGGTAGTTGC-1,0,28,42,11827,7425
CCTGGCTAGACCCGCC-1,0,29,43,11713,7621
CGCAATTAGGGTAATA-1,0,28,44,11601,7424
TCGAAATTTAGGACCA-1,0,29,45,11487,7620
AGACTAGCCTTCCAGA-1,0,28,46,11375,7423
TTGATCTAACTTTGTC-1,0,29,47,11261,7619
AAGGAGCGGTTGGTGC-1,0,28,48,11148,7422
ACTTGGGACCCGGTGG-1,0,29,49,11034,7618
TGATCTCCGGCGCCAG-1,0,28,50,10922,7421
CAGTTCAAATTGACAC-1,0,29,51,10808,7617
GTCCGGCTGAATTGCG-1,0,28,52,10696,7420
CTGGAAATGGATGCTT-1,0,29,53,10582,7616
TGATCGGTTTGACCCT-1,0,28,54,10470,7419
TAGAGTCTAAGCGAAC-1,0,29,55,10356,7616
GAGACTGATGGGTAGA-1,0,28,56,10243,7418
TAGCTAAGTCCGGGAG-1,0,29,57,10129,7615
GGGCGATATGTGTGAA-1,0,28,58,10017,7417
CTCGAGGTCGAACAGT-1,0,29,59,9903,7614
GATCCCTTTATACTGC-1,0,28,60,9791,7417
GTCATGCACCTCCGTT-1,1,29,61,9677,7613
ACTTTCCTATAGCTTC-1,1,28,62,9565,7416
TCGCTCGATATATTCC-1,1,29,63,9451,7612
ATAGGTTGGGCAGATG-1,1,28,64,9338,7415
CAATTAAGGGTGATGA-1,1,29,65,9224,7611
ACCGACTGAGTCCCAC-1,1,28,66,9112,7414
CCTGTCACCCGGGCTC-1,1,29,67,8998,7610
GATCGGTGGCCATAAC-1,1,28,68,8886,7413
CCTATGGGTTACCGTC-1,1,29,69,8772,7609
TTGGGACACTGCCCGC-1,1,28,70,8659,7412
CGAGGCTAAATATGGC-1,1,29,71,8546,7609
TCAGGGTGTAACGTAA-1,1,28,72,8433,7411
CGAGAGATGTGAACCT-1,1,29,73,8319,7608
TCGCTGGGCGGATTGT-1,1,28,74,8207,7410
AGATCTCAGGTGTGAT-1,1,29,75,8093,7607
TGGCCAAACTGAAGTA-1,1,28,76,7981,7409
GCTTCCGTCCCTAGAC-1,1,29,77,7867,7606
CAGCAGCCCGTTCCTT-1,1,28,78,7754,7409
TGTATAACAGATCCTG-1,1,29,79,7640,7605
CGCGGGAATTAGGCAG-1,1,28,80,7528,7408
TGCATGTGGTAATCTA-1,1,29,81,7414,7604
ACAATTTGAGCAGTGG-1,1,28,82,7302,7407
GAGCTAAGGGCATATC-1,1,29,83,7188,7603
CCAGATAGTTGAGTGA-1,1,28,84,7076,7406
CCACAATGTACGTCTT-1,1,29,85,6962,7602
CAATGGATCTCTACCA-1,1,28,86,6849,7405
TGTGGCAAAGCGTATG-1,1,29,87,6735,7601
TAAAGCGTTAGGAGAA-1,1,28,88,6623,7404
TCCGTTTAGCCTTGAA-1,1,29,89,6509,7601
CAGCTCGACAAGTTAA-1,1,28,90,6397,7403
GCCTATAGTGTCAGGG-1,1,29,91,6283,7600
ATAGACAACGGGACCT-1,1,28,92,6171,7402
CTACTATCTTTCAGAG-1,1,29,93,6057,7599
GCGCTGCTTTGCATTT-1,1,28,94,5944,7402
GCGCATCCAGTCAGCA-1,1,29,95,5830,7598
GACTCGCGGGAATGAC-1,1,28,96,5718,7401
CTGGTAACGAGCTCTT-1,1,29,97,5604,7597
TCCGGCCTAGCGTACA-1,1,28,98,5492,7400
TCTAGGTGGCGACGCT-1,1,29,99,5378,7596
ACGCTAGTGATACACT-1,1,28,100,5265,7399
ATCTGCACCTCTGCGA-1,0,29,101,5152,7595
CCTCACCTGAGGGAGC-1,0,28,102,5039,7398
AGTGAGCCTCGCCGCC-1,0,29,103,4925,7594
ACGAGTACGGATGCCC-1,0,28,104,4813,7397
GGTACCATTAAGACGG-1,0,29,105,4699,7593
TTCTGCTAGACTCCAA-1,0,28,106,4587,7396
TAACTATTACGCCAAA-1,0,29,107,4473,7593
GCATTCAAGGCAACGC-1,0,28,108,4360,7395
AGTACATCATTTATCA-1,0,29,109,4246,7592
GTCGTGTCTGGTCATC-1,0,28,110,4134,7394
AGTCTAAAGTATACTC-1,0,29,111,4020,7591
CGGCCCAACCTGTAGT-1,0,28,112,3908,7394
AGGGAGACATACTTCG-1,0,29,113,3794,7590
TCCCTAGATCAATAGG-1,0,28,114,3682,7393
TCCCGTCGCGTCATAG-1,0,29,115,3568,7589
CGCATCCATCAGCCAG-1,0,28,116,3455,7392
CTGCACCTAGTCCACA-1,0,29,117,3341,7588
CGAGGATCGGGAACGA-1,0,28,118,3229,7391
CAATGAGGTTCGACTA-1,0,29,119,3115,7587
TCTGACGGGCTAACCC-1,0,28,120,3003,7390
TTCTATGCCTTTCGCA-1,0,29,121,2889,7586
AGAGTATAGTGTTACG-1,0,28,122,2776,7389
CCATTGTTTCCTCCAT-1,0,29,123,2663,7586
CTCATCACTTAGTGAT-1,0,28,124,2550,7388
CCGAAGGGCGTACCGC-1,0,29,125,2436,7585
TCAAGCTGCCTTGAAA-1,0,28,126,2324,7387
CTCATTAACGTTGCCC-1,0,29,127,2210,7584
GTCTTCCTCACCTAAG-1,0,30,0,16577,7837
GGTGATGAAGGAAGTG-1,0,31,1,16463,8033
TCAATACAATTGCTGC-1,0,30,2,16351,7836
GCAACCCAAGTTGTTT-1,0,31,3,16237,8032
ATGAAGTGGACCCAGC-1,0,30,4,16125,7835
GAGAATCTCACGATCA-1,0,31,5,16011,8031
TATATCATTGATCAGT-1,0,30,6,15898,7834
AACTTTACGGGAGCTT-1,0,31,7,15785,8031
TTCTTGTGTCCATCAG-1,0,30,8,15672,7833
ACAATTTAGGAGGCTC-1,0,31,9,15558,8030
ATACTTGTTCTCGAGC-1,0,30,10,15446,7832
CACGGGATTGAGGGTT-1,0,31,11,15332,8029
GTTAATGTCTATCTTA-1,0,30,12,15220,7831
GCGTTATATTTGGAAC-1,0,31,13,15106,8028
CGTCAAGGCTATAAAT-1,0,30,14,14993,7831
TTAGCTCTGTAATCCG-1,0,31,15,14880,8027
AATGGTCCACCGTTCA-1,0,30,16,14767,7830
GTCATTGCATTGACCC-1,0,31,17,14653,8026
TGTCCGTGGCGCCTTT-1,0,30,18,14541,7829
TCAACTAACGTATAAC-1,0,31,19,14427,8025
TCCTCTCCAGTTGTCC-1,0,30,20,14315,7828
TGTGTTCGTATCCAAG-1,0,31,21,14201,8024
CCGCGTAGGTAAGGGC-1,0,30,22,14088,7827
CTGCGGGTGAAATGTT-1,0,31,23,13974,8023
TATCTACAGAGGTAAT-1,0,30,24,13862,7826
CTACTCTAGGCCCGGC-1,0,31,25,13748,8023
ACAAGCAGTGCCTAGC-1,0,30,26,13636,7825
TACAAGTCTCGTGCAT-1,0,31,27,13522,8022
TCGGAATGCGCTCTGA-1,0,30,28,13410,7824
TCGCGTCCAGAAGGTC-1,0,31,29,13296,8021
TATGGCCCGGCCTCGC-1,0,30,30,13183,7824
GCTGGCATATTCACCT-1,0,31,31,13069,8020
GTCAGAATAGTCTATG-1,0,30,32,12957,7823
GGCGTCCTATCCGCTG-1,0,31,33,12843,8019
CGGAGTTTGAGAGACA-1,0,30,34,12731,7822
AGCACTTAAGGACGCC-1,0,31,35,12617,8018
TCCACAATGGTTTACG-1,0,30,36,12504,7821
CCAACGATGCACTGAT-1,0,31,37,12391,8017
ATTTACAGTTTACTGG-1,0,30,38,12278,7820
CCCTGAAATGAGTTGA-1,0,31,39,12164,8016
CAAACGGTCGCACTTT-1,0,30,40,12052,7819
TGATTCGTCTATCACT-1,0,31,41,11938,8016
TCAGGTTCTTTGAGAA-1,0,30,42,11826,7818
CACGCAGCGAGGCTTT-1,0,31,43,11712,8015
TTAAGCGCCTGACCCA-1,0,30,44,11599,7817
CTTACACGGTATTCCA-1,0,31,45,11485,8014
AAGGCTGTGCTCATCG-1,0,30,46,11373,7816
GACCAGAGCCCTGTAG-1,0,31,47,11259,8013
TCCCAGGCTTAGCTAA-1,0,30,48,11147,7816
ATTGAAGATCTTAGTG-1,0,31,49,11033,8012
AGTTCCTACAGAATTA-1,0,30,50,10921,7815
GGGCTGGTTAGTCGCG-1,0,31,51,10807,8011
GAAATGGCGGTGTTAG-1,0,30,52,10694,7814
TACGAACACGACTTCA-1,0,31,53,10580,8010
ACCACAAGTTTCTATC-1,0,30,54,10468,7813
ATATTTAACCCTCAAG-1,0,31,55,10354,8009
GATCATTCCAAACATT-1,0,30,56,10242,7812
TCCAGGCGAGTACGGT-1,0,31,57,10128,8008
GTTTGACCAAATCCTA-1,0,30,58,10016,7811
CACAGCACCCACGGCA-1,0,31,59,9902,8008
TGCAAGAATGACGTAA-1,0,30,60,9789,7810
GCGAAGCCATACCCGT-1,0,31,61,9675,8007
TCCTTTCTTACGCTTA-1,1,30,62,9563,7809
GCTGCTCTCCGGACAC-1,1,31,63,9449,8006
ACTGTCTTCTTTAGAA-1,1,30,64,9337,7808
TCAAACTTAGATTGTT-1,1,31,65,9223,8005
CTATGTCACTAGCCCA-1,1,30,66,9110,7808
TGCGCAAAGCATTTGG-1,1,31,67,8997,8004
TTAATGTAGACCAGGT-1,1,30,68,8884,7807
GGCGGTAGGATCATTG-1,1,31,69,8770,8003
GGCAATAGTCAATGAG-1,1,30,70,8658,7806
ACACGAGACTCCTTCT-1,1,31,71,8544,8002
GACACAAGGGAAGAAA-1,1,30,72,8432,7805
TCAGCAAATGCATCTC-1,1,31,73,8318,8001
GAGATCTGTCACTCCG-1,1,30,74,8205,7804
ATGCCGGTCTTGCATA-1,1,31,75,8091,8000
TTGGGCGGCGGTTGCC-1,1,30,76,7979,7803
TTGTTGTGTGTCAAGA-1,1,31,77,7865,8000
ACTGTACGATACACAT-1,1,30,78,7753,7802
TCCACTTTATCTAGGT-1,1,31,79,7639,7999
GGTCTGAGAATCTGGA-1,1,30,80,7527,7801
TAGAAAGGTGGCGCTA-1,1,31,81,7413,7998
TATGTCTCATTGTGCC-1,1,30,82,7300,7801
GGATTTCACTTCTATA-1,1,31,83,7186,7997
TGAGTGGTCCGTGACG-1,1,30,84,7074,7800
CGCTTTCTTGCATTCG-1,1,31,85,6960,7996
ACCCAACGCCCGTGGC-1,1,30,86,6848,7799
GAACGTCTCATGGTCG-1,1,31,87,6734,7995
AGGGTTCCCTTTGGTT-1,1,30,88,6622,7798
GTAGCTTCCTCTTGTT-1,1,31,89,6508,7994
GCATGAGGGACGCGGC-1,1,30,90,6395,7797
CTACCCTAAGGTCATA-1,1,31,91,6281,7993
TCACCGCTCGGCACTC-1,1,30,92,6169,7796
GGCTCGCGTTGAGGTA-1,1,31,93,6055,7993
CTAACGAAACTTGCTG-1,1,30,94,5943,7795
TTAAACTCGAATTCAT-1,1,31,95,5829,7992
TACTTTACTGAGCCGG-1,1,30,96,5716,7794
GCTTGGATCGATTAGG-1,1,31,97,5603,7991
CGGTTATCCAACAGTG-1,1,30,98,5490,7793
CAGACCTGTAAGTGTT-1,1,31,99,5376,7990
GACGGTCAATAGAAGC-1,1,30,100,5264,7793
CTGACTGCGCAGCTCG-1,0,31,101,5150,7989
CCATACCTTTACTTGT-1,0,30,102,5038,7792
GTAATAAAGGGCTCCC-1,0,31,103,4924,7988
GTGAACTCCCATTCGA-1,0,30,104,4811,7791
GTGGTTACTTCTTTCG-1,0,31,105,4697,7987
TCAGAACCTCCACAGG-1,0,30,106,4585,7790
TCCCACTCTCTTCCGG-1,0,31,107,4471,7986
ATCTTGACTTGTCCAA-1,0,30,108,4359,7789
TCGGGAACGTGCCTAG-1,0,31,109,4245,7985
GTTAGCCGTAAATCAA-1,0,30,110,4133,7788
ATTTACTAAGTCCATT-1,0,31,111,4019,7985
GGGTGCATATGAAAGC-1,0,30,112,3906,7787
TCCGAATGGTCCTGAG-1,0,31,113,3792,7984
TGATGGCTGTTTCTGA-1,0,30,114,3680,7786
AAATAAGGTAGTGCCC-1,0,31,115,3566,7983
CCACTATCCGGGTCAC-1,0,30,116,3454,7785
ACACCACATAATTAGC-1,0,31,117,3340,7982
CGCGGTAAGTCTAGCT-1,0,30,118,3227,7785
GCGGGCATTACGATGC-1,0,31,119,3114,7981
AGGATTGCTTACGACA-1,0,30,120,3001,7784
CTCGGGATAACACCTA-1,0,31,121,2887,7980
GTCGTCTGGTTGGCTA-1,0,30,122,2775,7783
GCAATTAGTCGCACCG-1,0,31,123,2661,7979
GTGACCTAAAGAATAA-1,0,30,124,2549,7782
CTGAGCGAGACTTATT-1,0,31,125,2435,7978
CAAGACTCAGAAGCGC-1,0,30,126,2322,7781
ACTTCGCTAGCGAGTG-1,0,31,127,2209,7977
CCATACTCGCCTCTCC-1,0,32,0,16576,8231
ACGATACCTATCCTGA-1,0,33,1,16462,8427
CTCACCAGTACAAGTG-1,0,32,2,16349,8230
CGAAGACGGTGAGTGC-1,0,33,3,16236,8426
AAATTAATAAGCGCGA-1,0,32,4,16123,8229
GGGCCCTTATCTATAC-1,0,33,5,16009,8425
CTGCCCACGAAGCGTT-1,0,32,6,15897,8228
GGACAAGTTGCAGTGA-1,0,33,7,15783,8424
GTCCGAGAGCAATCAT-1,0,32,8,15671,8227
ATGGCAGCCGAGAAAC-1,0,33,9,15557,8423
CCTCGGATGCTACCTG-1,0,32,10,15444,8226
ATACGGTGAAGATGCA-1,0,33,11,15331,8422
ACATCAGCTGGGACGC-1,0,32,12,15218,8225
GGTTGTGTAGCCTGGC-1,0,33,13,15104,8422
CCTGCGTTCTACGCTT-1,0,32,14,14992,8224
GAACGTTAGGAAGACG-1,0,33,15,14878,8421
CTGATAGTGTATCTCA-1,0,32,16,14766,8223
TTCTGCGAGCGCCCTT-1,0,33,17,14652,8420
CTTTGGCGCTTTATAC-1,0,32,18,14539,8223
TCCGAACTTGGCTTAC-1,0,33,19,14425,8419
TAGATTCCTGGTTATT-1,0,32,20,14313,8222
CCGACAAAGGGAGTGC-1,0,33,21,14199,8418
CCATGGCCCTTGTACC-1,0,32,22,14087,8221
GAAATATCACCATCAG-1,0,33,23,13973,8417
ACGAAATGGGCGGCAC-1,0,32,24,13861,8220
GTGAGCGTGCTGCACT-1,0,33,25,13747,8416
CCGCGGGTACGAAGAA-1,0,32,26,13634,8219
TCCCTGGCTCGCTGGA-1,0,33,27,13520,8415
CAGCTTAGTAGGTAGC-1,0,32,28,13408,8218
CACGAAAGTTAGTCCC-1,0,33,29,13294,8415
ACCTAATCGACTTCCT-1,0,32,30,13182,8217
AAGTAGTGACGCGAGG-1,0,33,31,13068,8414
TCCGATTACATTGCCG-1,0,32,32,12955,8216
CCTCCGACAATTCAAG-1,0,33,33,12842,8413
GTTCACAGGAGTCTAG-1,0,32,34,12729,8215
CGAAGTTGCTCTGTGT-1,0,33,35,12615,8412
GTCGGATATCTCAGAC-1,0,32,36,12503,8215
CGCTCTCCGTAGATTA-1,0,33,37,12389,8411
CAAGCAACGTCGGAGT-1,0,32,38,12277,8214
CCATTCCCTGCCCACA-1,0,33,39,12163,8410
CTTTGGCTTTAGTAAA-1,0,32,40,12050,8213
GGCTATTAAGTTGTAT-1,0,33,41,11936,8409
CCATTAGCGATAATCC-1,0,32,42,11824,8212
TGTTCTTCCATTGACT-1,0,33,43,11710,8408
AGATAACTTCAGGGCC-1,0,32,44,11598,8211
ATAGACGAAGAGAAAG-1,0,33,45,11484,8407
GGCGGAGTAATATTAG-1,0,32,46,11372,8210
TGACCCACGTTAGACA-1,0,33,47,11258,8407
TCACAGGTTATTGGGC-1,0,32,48,11145,8209
TCACGCATTGTAGATC-1,0,33,49,11031,8406
TTGAAGAATTCCCAGG-1,0,32,50,10919,8208
AAATGGTCAATGTGCC-1,0,33,51,10805,8405
TAGTGCCCTCCAGAGT-1,0,32,52,10693,8208
GGTATTGCCGAGTTTA-1,0,33,53,10579,8404
CGTATTAAGAGATCTA-1,0,32,54,10467,8207
ACTGTCCAGGATTATA-1,0,33,55,10353,8403
CGGGCAGCTAAACCGC-1,0,32,56,10240,8206
TTGCTGATCATGTTCG-1,0,33,57,10126,8402
TATGGGTACGTATCGT-1,0,32,58,10014,8205
CAGCTCACTGAGACAT-1,0,33,59,9900,8401
GGGACTGCATAGATAG-1,0,32,60,9788,8204
ACGCATTCGTGAGTAC-1,0,33,61,9674,8400
CTCTGGACGCCTGGTG-1,0,32,62,9561,8203
AGGGTTTAGTTCGGGA-1,0,33,63,9448,8399
GGGAGAACTCACAGTA-1,1,32,64,9335,8202
ATCAATCTGGGCTGCA-1,0,33,65,9221,8399
TCTTCGATACCAATAA-1,1,32,66,9109,8201
ACGTAGATTGCTGATG-1,1,33,67,8995,8398
TCTTGATGCGTAGCGA-1,1,32,68,8883,8200
GGGCTGCCTAGGGCGA-1,1,33,69,8769,8397
CTCTCACAATCGATGA-1,1,32,70,8656,8200
CCAAGCGTAACTCGTA-1,1,33,71,8542,8396
ACAACAGCATGAGCTA-1,1,32,72,8430,8199
GTCCCAACGTAAAGTA-1,1,33,73,8316,8395
TCGGAGTACATGAGTA-1,1,32,74,8204,8198
GGGAGTTAATGAGGCG-1,1,33,75,8090,8394
CCGGGCGGTCTCGTCA-1,1,32,76,7978,8197
CCGTAAGTTGGTCCCA-1,0,33,77,7864,8393
GGAGGGCTTGGTTGGC-1,1,32,78,7751,8196
TCGGACGCCCAGCCCA-1,0,33,79,7637,8392
TCTGTGCCATCATAGT-1,0,32,80,7525,8195
GTACTGGAGTTAGACC-1,0,33,81,7411,8392
GGAATGCGCTAGCGTG-1,1,32,82,7299,8194
GTGTGAATAACTTAGG-1,1,33,83,7185,8391
GGTCGGCCAGGAGCTT-1,1,32,84,7073,8193
TAGCCGGCGGTCAGCG-1,1,33,85,6959,8390
CGGGTGTACCCATTTA-1,1,32,86,6846,8192
AGTGATTCAAGCAGGA-1,1,33,87,6732,8389
GTTGGATTGAGAACAC-1,1,32,88,6620,8192
CACACGCGCTGTCTTA-1,1,33,89,6506,8388
TAGACGCCCGTACCGG-1,1,32,90,6394,8191
GGTTTCAATCGGTCAG-1,1,33,91,6280,8387
AATCTGCGTTGGGACG-1,1,32,92,6167,8190
TTACGGATGGTTCGAG-1,1,33,93,6054,8386
CGGCAGGGTCGGGTTG-1,1,32,94,5941,8189
GCTTTCAGAGGAGGTG-1,1,33,95,5827,8385
TCTTCCCATGGGCACA-1,1,32,96,5715,8188
TACCGCGGACTTGCAG-1,1,33,97,5601,8384
AGAATTATGGATTCGA-1,1,32,98,5489,8187
ATTGATGAGTCCTAAC-1,1,33,99,5375,8384
TAGGTCGCCGGAACTG-1,0,32,100,5262,8186
TAACCTACCGTCCGAG-1,0,33,101,5148,8383
CTTAGTAGGCCTACAG-1,0,32,102,5036,8185
CTAGATGTGAGTGTAA-1,0,33,103,4922,8382
ACTCCCGAATTCGTTT-1,0,32,104,4810,8184
GTTCATCGTTTGGCTG-1,0,33,105,4696,8381
ACTTTACCCTCATGAA-1,0,32,106,4584,8184
GCGAGAGTTGCGTCCA-1,0,33,107,4470,8380
GTTCGGGCGTACCATT-1,0,32,108,4357,8183
CGACTTTGTATAGCCT-1,0,33,109,4243,8379
GCCATCGATGCTGCAT-1,0,32,110,4131,8182
GCATTTCCAAGGCTCC-1,0,33,111,4017,8378
ATGTAAGGCTGCTCTT-1,0,32,112,3905,8181
ACGTTCGCAATCAATT-1,0,33,113,3791,8377
GTGACGAGGGTGACCC-1,0,32,114,3678,8180
ATTATAGCTACTTTAC-1,0,33,115,3565,8376
CGTGTGTTAAACCCTG-1,0,32,116,3452,8179
TTGGTATGGCTTGTGT-1,0,33,117,3338,8376
CATTCCCATTCCGTCG-1,0,32,118,3226,8178
TGCCGAAAGCGTATTC-1,0,33,119,3112,8375
CAACACATCTCCTGCC-1,0,32,120,3000,8177
CTGCCTCATATGCAAC-1,0,33,121,2886,8374
TCCCGCCTATGTGCGT-1,0,32,122,2773,8177
GGTTACCCGACACTTT-1,0,33,123,2660,8373
CCAGCGGGATCACCAG-1,0,32,124,2547,8176
ATGTTTCGGCCCGGAG-1,0,33,125,2433,8372
GCGTCTAACCTCCTAA-1,0,32,126,2321,8175
ATCAGGTAGCTGACAG-1,0,33,127,2207,8371
GGTATGAAAGAACTGA-1,0,34,0,16574,8624
GTGGCCTAATATCATT-1,0,35,1,16460,8821
CCTGTGAAACCGTAAC-1,0,34,2,16348,8623
GGCAGAGAGATCGGGA-1,0,35,3,16234,8820
TAGCGTCGAATATTGA-1,0,34,4,16122,8622
CGCCGACTATTCGCTA-1,0,35,5,16008,8819
TCTGGCGCAAGCCGGG-1,0,34,6,15895,8622
AGTGGTTGCGTATAGG-1,0,35,7,15782,8818
ATCGGTTACCTAGTAA-1,0,34,8,15669,8621
CCTGCCCGTTGTCTAG-1,0,35,9,15555,8817
GCACACGCCCATGGTC-1,0,34,10,15443,8620
AGTACGGCCCGTATCG-1,0,35,11,15329,8816
TATCTAGCCTAAAGGA-1,0,34,12,15217,8619
CACTCGGTTAGGAGGA-1,0,35,13,15103,8815
ATGTTCGTCGACCCAC-1,0,34,14,14990,8618
TTCCTCTGCCCGAATA-1,0,35,15,14876,8814
TTACTATCGGCTTCTC-1,0,34,16,14764,8617
GCCGCATTAGTCCGGC-1,0,35,17,14650,8814
TAAGGGCTGGGAGAGG-1,0,34,18,14538,8616
TAAGCAGGCGACACGC-1,0,35,19,14424,8813
AGCACTACCGGCCTGT-1,0,34,20,14312,8615
GAAAGCCCTTTGGACC-1,0,35,21,14198,8812
GACCGACTGAAGCGTC-1,0,34,22,14085,8614
CGGTGAAGACTAAAGT-1,0,35,23,13971,8811
CCCTGCGCTACGCATA-1,0,34,24,13859,8614
TACTGGACAGCTCGGC-1,0,35,25,13745,8810
TTAGTAGGGCGGCGGG-1,0,34,26,13633,8613
GAGGCTATCAAAGTCG-1,0,35,27,13519,8809
TTACCATTGATTACCC-1,0,34,28,13406,8612
ATACCACGGGCAACTT-1,0,35,29,13293,8808
TGTCCTAAGTCACCGC-1,0,34,30,13180,8611
AGGTAGGTACAAAGCT-1,0,35,31,13066,8807
GGCATACAGGTAGCGG-1,0,34,32,12954,8610
TGTAGTGATCTATAAT-1,0,35,33,12840,8806
TCCCGGGTGTGCTGCT-1,0,34,34,12728,8609
TACGATGTTGATCATC-1,0,35,35,12614,8806
CCTCTCTCCCATCTAG-1,0,34,36,12501,8608
GCAGGACTATAGAATA-1,0,35,37,12387,8805
CTAGTGAAGGACAGGA-1,0,34,38,12275,8607
TACGAGAACTTCACGT-1,0,35,39,12161,8804
CGTTGTTTCAATTCCC-1,0,34,40,12049,8607
GCAAATATTACGCTTT-1,0,35,41,11935,8803
CCAATAGTGCCGTCGA-1,0,34,42,11823,8606
ATTGCTGCTCCTCCAT-1,0,35,43,11709,8802
GAGATCTGCTTGGCAT-1,0,34,44,11596,8605
GCCGAAATTCCTACGT-1,0,35,45,11482,8801
GGCACTCCACTGGGCA-1,0,34,46,11370,8604
GGGTCACCGTGACGGT-1,0,35,47,11256,8800
CACTTAATCAGACGGA-1,0,34,48,11144,8603
CGTTTCGCTCATTACA-1,0,35,49,11030,8799
ATAAAGGCTCGGTCGT-1,0,34,50,10918,8602
CACTAAAGTTGCCTAT-1,0,35,51,10804,8799
GTGCTCAAGTACTGTC-1,0,34,52,10691,8601
CCATGCCTGTTTAGTA-1,0,35,53,10577,8798
TCTAGTTATCAGAAGA-1,0,34,54,10465,8600
TTGTAATCCGTACTCG-1,0,35,55,10351,8797
TCCCAGCTTTAGTCTG-1,0,34,56,10239,8599
CTACGCACGGAGTACC-1,0,35,57,10125,8796
AAATTAACGGGTAGCT-1,0,34,58,10012,8599
CGGCCACGCACAAAGT-1,0,35,59,9899,8795
GAAGCGTGAGGAATTT-1,0,34,60,9786,8598
ATATCTTAGGGCCTTC-1,0,35,61,9672,8794
ACGCGGGCCAAGGACA-1,0,34,62,9560,8597
GCGAGTTCTGCAAAGA-1,0,35,63,9446,8793
TATTCGTGCCAGAATA-1,0,34,64,9334,8596
AGGGCTGCAGTTACAG-1,0,35,65,9220,8792
CTAGCATAGTATAATG-1,0,34,66,9107,8595
TAGGTTCGAGTTCGTC-1,0,35,67,8993,8791
GAATTATAGTGAAAGG-1,0,34,68,8881,8594
CTATCGGGTCTCAACA-1,0,35,69,8767,8791
GCGCTAATTGAATAGA-1,0,34,70,8655,8593
ATGCGACAGTCCCATT-1,0,35,71,8541,8790
GGTAGTGCTCGCACCA-1,0,34,72,8429,8592
AAGCTCGTGCCAAGTC-1,0,35,73,8315,8789
TATTCAATTCTAATCC-1,0,34,74,8202,8591
TTCAAAGTCTCTAGCC-1,0,35,75,8088,8788
TTGAATATGGACTTTC-1,0,34,76,7976,8591
AAGAGCTCTTTATCGG-1,0,35,77,7862,8787
TTACTCCGGCCGGGAA-1,0,34,78,7750,8590
AAACGAGACGGTTGAT-1,0,35,79,7636,8786
GCTAAGTAGTTTCTCT-1,0,34,80,7523,8589
ATAACGCCGGAGGGTC-1,0,35,81,7410,8785
GGATCCGGAATATACT-1,0,34,82,7297,8588
TGAAAGGACCTGACTC-1,0,35,83,7183,8784
TCCGCGGCAGCATCTG-1,1,34,84,7071,8587
TGCATATGTCTGTCAC-1,1,35,85,6957,8783
TGTAGGAGAAATTTCC-1,1,34,86,6845,8586
AGTGAGACTTCCAGTA-1,1,35,87,6731,8783
CCCAAACATGCTGCTC-1,1,34,88,6618,8585
GCTTATGAAGCAGGAA-1,1,35,89,6505,8782
TTCTAACCGAAGCTTA-1,1,34,90,6392,8584
GGATGTCCTTACCGCA-1,1,35,91,6278,8781
AGGGTGCTCTCGAGGG-1,1,34,92,6166,8584
AACTCTCAATAGAGCG-1,1,35,93,6052,8780
TCTGAATTCCGTACAA-1,1,34,94,5940,8583
GCGTGGTACTGGGTTA-1,1,35,95,5826,8779
CGTCGGATAGTGTTGA-1,1,34,96,5713,8582
ATATGTCTCCCTAGCC-1,1,35,97,5599,8778
TCTTTAAGACTATGAA-1,1,34,98,5487,8581
TCATTTAAGTCTCCGA-1,1,35,99,5373,8777
GATATTGAGATTGGCG-1,0,34,100,5261,8580
TGACATCGAGCGGACC-1,0,35,101,5147,8776
GCGTAAATGGCCATAA-1,0,34,102,5035,8579
ATTGTACAACTCGGCT-1,0,35,103,4921,8775
TACGCTATAGAAACCT-1,0,34,104,4808,8578
CACCCAAATCTTATGT-1,0,35,105,4694,8775
AGATGATGGAGTCTGG-1,0,34,106,4582,8577
CCACGGTGCCCGGTAG-1,0,35,107,4468,8774
TCAAGAAATACTAGCT-1,0,34,108,4356,8576
AGGTATAATTGATAGT-1,0,35,109,4242,8773
CAAGGTCCTATAGGCT-1,0,34,110,4129,8576
CCGGCACGACCGTTTC-1,0,35,111,4016,8772
ACCTCCGTTATTCACC-1,0,34,112,3903,8575
GCAGCCTATATCACAT-1,0,35,113,3789,8771
GGTATAGTGACACATA-1,0,34,114,3677,8574
AAATTCCAGGTCCAAA-1,0,35,115,3563,8770
TCTTTAGCAGGCGAAC-1,0,34,116,3451,8573
TATTGACATTTCTGCC-1,0,35,117,3337,8769
TCTGATCGGGTGCTAG-1,0,34,118,3224,8572
GGCCCGGAGCATGTCT-1,0,35,119,3111,8768
GGGCGCAGCGTTACTC-1,0,34,120,2998,8571
TTGGCGATCCGAATAT-1,0,35,121,2884,8768
CCACGTAAATTAGACT-1,0,34,122,2772,8570
TCTGATTGGAAATGGA-1,0,35,123,2658,8767
ATGGCGGAATAGTCGC-1,0,34,124,2546,8569
ATCGCTTTACGTCTCA-1,0,35,125,2432,8766
TACGTGCAAGGTTCCT-1,0,34,126,2319,8568
CAGGACAGCTGCCCTT-1,0,35,127,2205,8765
CAAACCAGGTCTGCAT-1,0,36,0,16573,9018
ACAAGCTATATGGAAG-1,0,37,1,16459,9214
TCGCCCACTGCGAGAG-1,0,36,2,16346,9017
AGCCGCAAATTCAAAT-1,0,37,3,16232,9213
TTAACGTTAAAGCCTG-1,0,36,4,16120,9016
CAGCGCCAACACGATA-1,0,37,5,16006,9213
ATCCAATGGTACCGAA-1,0,36,6,15894,9015
GTGCTGCAGATAAGGA-1,0,37,7,15780,9212
GGCCTTTGCAACTGGC-1,0,36,8,15668,9014
GTCGTACCTACGATTG-1,0,37,9,15554,9211
TAGAAATTCACGTATA-1,0,36,10,15441,9013
AGAATAAATCTTCAGG-1,0,37,11,15327,9210
CATTGCGAAATGGGCG-1,0,36,12,15215,9013
GTCTACTCAATTACAA-1,0,37,13,15101,9209
TGTAATGACCACAATA-1,0,36,14,14989,9012
AAAGTCGACCCTCAGT-1,0,37,15,14875,9208
TACTCGGCACGCCGGG-1,0,36,16,14763,9011
AGGTGTATCGCCATGA-1,0,37,17,14649,9207
TGTGCTTTACGTAAGA-1,0,36,18,14536,9010
AAACCTCATGAAGTTG-1,0,37,19,14422,9206
TATAGGGTACTCATGA-1,0,36,20,14310,9009
CCAGCTGATGGTACTT-1,0,37,21,14196,9205
AATATTGGAGTATTGA-1,0,36,22,14084,9008
GGCCCTCACCCACTTA-1,0,37,23,13970,9205
AACCAAGACTTCTCTG-1,0,36,24,13857,9007
TCGTATTACCCATTGC-1,0,37,25,13744,9204
ATTCGACGCCGGGCCT-1,0,36,26,13631,9006
GGCGCAGGACATCTTC-1,0,37,27,13517,9203
GTACTCCCTTATCGCT-1,0,36,28,13405,9006
TGGTCTGTTGGGCGTA-1,0,37,29,13291,9202
AATAACAACGCTCGGC-1,0,36,30,13179,9005
CATACCCGTACCCAGT-1,0,37,31,13065,9201
ACAATCCATTTAAACC-1,0,36,32,12952,9004
GTTACAATTGGTGACG-1,0,37,33,12838,9200
TTGCCCTGATCACGGG-1,0,36,34,12726,9003
CTAACCGCGCGCCCGT-1,0,37,35,12612,9199
CTAAAGAATGCCTACT-1,0,36,36,12500,9002
ACCCATCTTGAGGGTA-1,0,37,37,12386,9198
GATCTTTGCAGGGTAT-1,0,36,38,12274,9001
GGGTACTTCATGAACT-1,0,37,39,12160,9198
GCCGCTTGTGAGAAAC-1,0,36,40,12047,9000
CCTGTAAGACATGATA-1,0,37,41,11933,9197
CGACAGTTCGCGTTAT-1,0,36,42,11821,8999
ACGATGCATATGTTAT-1,0,37,43,11707,9196
TGTTCCGCTTCCATGA-1,0,36,44,11595,8998
GGATGACGCGAGTTTA-1,0,37,45,11481,9195
GAAGTTTCCACTCAAT-1,0,36,46,11369,8998
GCGAGGCCCGAGCAGA-1,0,37,47,11255,9194
CATACTATGTAATTGT-1,0,36,48,11142,8997
CCAATGTCACAGCAAG-1,0,37,49,11028,9193
GTTGGATTTGCGTTGG-1,0,36,50,10916,8996
GGGAGGATGCCCGAAA-1,0,37,51,10802,9192
GATCGCGGGCTCTCCA-1,0,36,52,10690,8995
GTTCGCCATAAGTGCC-1,0,37,53,10576,9191
AGATTATAGGACGTTT-1,0,36,54,10463,8994
TCGAGACCAACACCGT-1,0,37,55,10350,9190
TATGGGACCGAGCAGG-1,0,36,56,10237,8993
GATGCGTCCTGCATTC-1,0,37,57,10123,9190
TATGGTCTGAGTAACA-1,0,36,58,10011,8992
GCATAGAGCACTCAGG-1,0,37,59,9897,9189
CTTCATTGTCAGTGGA-1,0,36,60,9785,8991
GCAGATTAGGGATATC-1,0,37,61,9671,9188
CCTGTCGCCCGTAAAT-1,0,36,62,9558,8990
CAATTTCGTATAAGGG-1,0,37,63,9444,9187
GTACACTTACCTGAAG-1,0,36,64,9332,8990
CCAGCCTGGACCAATA-1,0,37,65,9218,9186
ATGGAGCAGGCCGTGA-1,0,36,66,9106,8989
GTCATTAGAGCGAACG-1,0,37,67,8992,9185
AAGACTGCAAGCTACT-1,0,36,68,8880,8988
CTAGTCACGTCTTAAG-1,0,37,69,8766,9184
ACTCTTGTATAGTAAC-1,0,36,70,8653,8987
ATTAGGCGATGCTTTC-1,0,37,71,8539,9183
TTCGGGACTAATCGCG-1,0,36,72,8427,8986
TGGACTGTTCGCTCAA-1,0,37,73,8313,9182
AACGTGCGAAAGTCTC-1,0,36,74,8201,8985
CCACCCAAGGAAAGTG-1,0,37,75,8087,9182
CCGCACAAAGACCAAC-1,0,36,76,7974,8984
GCGATTGTTAACGTTA-1,0,37,77,7861,9181
ACTCGTCAGTAATCCC-1,0,36,78,7748,8983
GGTGATAAGGAGCAGT-1,0,37,79,7634,9180
AAGAGGCATGGATCGC-1,0,36,80,7522,8983
CACGTTCGTGCTCTAG-1,0,37,81,7408,9179
CTATTTGGTTACGGAT-1,0,36,82,7296,8982
GTACAGAGGCAAGGGT-1,0,37,83,7182,9178
GGGCCGGCCGAAGTAC-1,0,36,84,7069,8981
CCTGAACGATATATTC-1,0,37,85,6956,9177
CCGGGCTGCTCCATAC-1,0,36,86,6843,8980
TACTTGTTAGTAGTCC-1,0,37,87,6729,9176
CCTAGGCGTAGCGATC-1,1,36,88,6617,8979
CTGGCGCACAGGTCTG-1,1,37,89,6503,9175
ACTTATACTTACCCGG-1,1,36,90,6391,8978
GAAGTCTCCCTAGCGA-1,1,37,91,6277,9175
ACCGATGGTAGCATCG-1,1,36,92,6164,8977
CGAGTTTATCGGACTG-1,1,37,93,6050,9174
CATAACGGACAGTCGT-1,1,36,94,5938,8976
TGACGATGCACTAGAA-1,1,37,95,5824,9173
TAGGGAGCTTGGGATG-1,1,36,96,5712,8975
AGGGTCGATGCGAACT-1,1,37,97,5598,9172
TATATCCCTGGGAGGA-1,1,36,98,5486,8975
CATCTTACACCACCTC-1,0,37,99,5372,9171
GTGCGACAGGGAGTGT-1,0,36,100,5259,8974
CCGATCTCAACCTTAT-1,0,37,101,5145,9170
ACGATCATCTTGTAAA-1,0,36,102,5033,8973
GAAAGAACAGCGTTAT-1,0,37,103,4919,9169
CTAGGTCTGAAGGAAT-1,0,36,104,4807,8972
ATATCAACCTACAGAG-1,0,37,105,4693,9168
AAATAGCTTAGACTTT-1,0,36,106,4580,8971
GCGACATGTAAACATC-1,0,37,107,4467,9167
ATAAGTAGGGCGACTC-1,0,36,108,4354,8970
GCGAGCGCATGCTCCC-1,0,37,109,4240,9167
AGGGACCGGCTGCGTT-1,0,36,110,4128,8969
CCTATGAAGTGGTGCC-1,0,37,111,4014,9166
GCTTACGTAGTTAGTA-1,0,36,112,3902,8968
CATACTTAGGCAATAC-1,0,37,113,3788,9165
CCTGTCCCTCACGTTA-1,0,36,114,3675,8967
CAATGTGCCAACCCTT-1,0,37,115,3562,9164
GTTAAGTTAGAGTGGG-1,0,36,116,3449,8967
CTGGGATACGCTACCC-1,0,37,117,3335,9163
AACCTGTCACGGAATT-1,0,36,118,3223,8966
ACTGCGGACACACCGT-1,0,37,119,3109,9162
CCGTGAGGCATTCATG-1,0,36,120,2997,8965
GCCCAGATGCTGGAGA-1,0,37,121,2883,9161
TCTGGCCGTTCAAGTT-1,0,36,122,2770,8964
ATACGAAGGCTTTCCA-1,0,37,123,2656,9160
GATCCGAATATAAGTG-1,0,36,124,2544,8963
GTGGAGCATGTCGGCC-1,0,37,125,2430,9159
ACTCTTCAGCTCCCGC-1,0,36,126,2318,8962
CCCGATAGCCTCGCCT-1,0,37,127,2204,9159
ACAGGTGTGTTGTTGC-1,0,38,0,16571,9412
TGAACTGCTATGACTT-1,0,39,1,16457,9608
TGACATATATGACGAT-1,0,38,2,16345,9411
AAGTCTTCTGTGGCCT-1,0,39,3,16231,9607
ACCAGACCATAACAAC-1,0,38,4,16119,9410
TGAGACGTACCTCTCA-1,0,39,5,16005,9606
GACCGTTACATGCGAC-1,0,38,6,15892,9409
GGTTCGGATTATACTA-1,0,39,7,15778,9605
CCTCCTGAGCCCACAT-1,0,38,8,15666,9408
CCGCGATTTGGTAGGT-1,0,39,9,15552,9604
AATCTCTACTGTGGTT-1,0,38,10,15440,9407
ACTTTGACTGCATCCT-1,0,39,11,15326,9604
CCCTGACTAACAAATT-1,0,38,12,15214,9406
ACGCTGTGAGGCGTAG-1,0,39,13,15100,9603
GCATACGAGGTCTTTA-1,0,38,14,14987,9405
TCGGGATTCAAACATA-1,0,39,15,14873,9602
GGGCCCTACGAAAGGG-1,0,38,16,14761,9405
CGCCAAGAAGCCGAGT-1,0,39,17,14647,9601
GGTACATCTGGGACGA-1,0,38,18,14535,9404
GGATGCTGGCGTTCCT-1,0,39,19,14421,9600
CCGATTCGAGGGACCC-1,0,38,20,14308,9403
CCACTGGTGGCTGGTT-1,0,39,21,14195,9599
GACAGGCACACACTAT-1,0,38,22,14082,9402
TCAACGCGACCGGCAG-1,0,39,23,13968,9598
CTACGACTAGCTATAA-1,0,38,24,13856,9401
CGGTTGACCTGGCATA-1,0,39,25,13742,9597
ATCCTGAATCGCTGCG-1,0,38,26,13630,9400
GTTTCATATCGTCGCT-1,0,39,27,13516,9597
ATAAATATTAGCAGCT-1,0,38,28,13403,9399
AAGAGGATGTACGCGA-1,0,39,29,13289,9596
TCCTGCGTTGATACTC-1,0,38,30,13177,9398
CGTGCATTGTCGACGC-1,0,39,31,13063,9595
CCGGGTTCGAGGTTAC-1,0,38,32,12951,9397
CCCAATTTCACAACTT-1,0,39,33,12837,9594
TGATTTATTAGCTGTG-1,0,38,34,12725,9397
TGGAAGAAGGGAACGT-1,0,39,35,12611,9593
GACGCTTGCTTCTAAA-1,0,38,36,12498,9396
GGGAACGGGAGGTTAG-1,0,39,37,12384,9592
GCGGCTCTGACGTACC-1,0,38,38,12272,9395
ACGTTAGATTTGCCCG-1,0,39,39,12158,9591
GAGAGGGCGCGAGGTT-1,0,38,40,12046,9394
GCGTCTCTGCATTGGG-1,0,39,41,11932,9590
GCAGCACACAGCCCAG-1,0,38,42,11820,9393
CAGGCCGTTTGGGTGT-1,0,39,43,11706,9589
AACTCAAGTTAATTGC-1,0,38,44,11593,9392
CTTCGTAGATAGGTGA-1,0,39,45,11479,9589
TGCAGAGTACCGAGCA-1,0,38,46,11367,9391
GAAGTGATTTATCGTG-1,0,39,47,11253,9588
CGCTACGGGACATTTA-1,0,38,48,11141,9390
CCACACTGAGATATTA-1,0,39,49,11027,9587
CGATCCGACCCAGTGC-1,0,38,50,10914,9390
CTGTACTTCTTAGCAT-1,0,39,51,10801,9586
ACTTATTAGGATCGGT-1,0,38,52,10688,9389
TAGTCCGCAGAGAATG-1,0,39,53,10574,9585
TTCACGAAAGGATCAC-1,0,38,54,10462,9388
TACATTTCTAACGTGC-1,0,39,55,10348,9584
ACCATATCCGCAATAA-1,0,38,56,10236,9387
CACTCAAGAGCTATGG-1,0,39,57,10122,9583
TGTACGAACAAATCCG-1,0,38,58,10009,9386
ATCATCCAATATTTGT-1,0,39,59,9895,9582
CGCTATTCTTAGGCTC-1,0,38,60,9783,9385
TGGCAGCAGTAATAGT-1,0,39,61,9669,9581
TCACGTGCCCGATTCA-1,0,38,62,9557,9384
CATACGGCGTCTGGGC-1,0,39,63,9443,9581
CACATGATTCAGCAAC-1,0,38,64,9331,9383
GCTAGTAGAGCTTGTA-1,0,39,65,9217,9580
TGCTGTTGAAGAACTC-1,0,38,66,9104,9382
CGGAGCATGGCGATCC-1,0,39,67,8990,9579
TAGCGTTGGGTCTTAC-1,0,38,68,8878,9382
GTAGCGGCTATACACT-1,0,39,69,8764,9578
TAACATACAATGTGGG-1,0,38,70,8652,9381
TCTTCGAATAGACGTT-1,0,39,71,8538,9577
GATCGTGACTGATATC-1,0,38,72,8425,9380
GATCCGGGAATTAACA-1,0,39,73,8312,9576
TTATATACGCTGTCAC-1,0,38,74,8199,9379
GTCGCGTAACCCGTTG-1,0,39,75,8085,9575
AGCTCTAGACGTTCCA-1,0,38,76,7973,9378
GTCAAGCGGACTCGGG-1,0,39,77,7859,9574
CGAGGGACTGCGGTCG-1,0,38,78,7747,9377
AATCGCCTCAGCGCCA-1,0,39,79,7633,9574
CTTGTTGCTGAGTCAA-1,0,38,80,7520,9376
GATATGAGACACTAAC-1,0,39,81,7407,9573
TTATGATCTTAACGAA-1,0,38,82,7294,9375
CGCCGCCCATGCCTGT-1,0,39,83,7180,9572
CTGGGATAAATAATGG-1,0,38,84,7068,9374
GTGCCCGTTCGGATTC-1,0,39,85,6954,9571
TTCAATACTCTGAATC-1,0,38,86,6842,9374
CGCACATGTCCACTAC-1,0,39,87,6728,9570
AGAAGAGCGCCGTTCC-1,0,38,88,6615,9373
GATAACTCGCACTGTG-1,0,39,89,6501,9569
AGTCGACGGTCTCAAG-1,1,38,90,6389,9372
GTGACCGCACACTACG-1,1,39,91,6275,9568
GTATGTGGGTCTAGTT-1,1,38,92,6163,9371
CTTGAGTTAGGGTAAT-1,1,39,93,6049,9567
TTAGCTGATTTGCCGT-1,1,38,94,5937,9370
GCTGTTGCTACCGAAC-1,1,39,95,5823,9566
TATTACCATCCTGCTT-1,1,38,96,5710,9369
TTGAATTCACGTGAGG-1,0,39,97,5596,9566
CCATCTCACCAGTGAA-1,0,38,98,5484,9368
CGCACGTGCGCTATCA-1,0,39,99,5370,9565
ACCCGGATGACGCATC-1,0,38,100,5258,9367
CGCTAGAGACCGCTGC-1,0,39,101,5144,9564
ATAGTTCCACCCACTC-1,0,38,102,5031,9366
GCAGACCCAGCACGTA-1,0,39,103,4918,9563
TAGACTACCTAGCGTT-1,0,38,104,4805,9366
GGTTCTACTCGTCTGA-1,0,39,105,4691,9562
GACTCACCCACGTGAG-1,0,38,106,4579,9365
AGCTCTTCGTAACCTT-1,0,39,107,4465,9561
ACTATCCAGGGCATGG-1,0,38,108,4353,9364
AAGGATCGATCGCTTG-1,0,39,109,4239,9560
ATATCGGTAGGGAGAT-1,0,38,110,4126,9363
TTCCAGACGAGATTTA-1,0,39,111,4012,9559
GACCGACGTGAAAGCA-1,0,38,112,3900,9362
CCTGGAAACGTTCTGC-1,0,39,113,3786,9558
CCGGTAATGGCTAGTC-1,0,38,114,3674,9361
GCCGTGGAAGAAATGT-1,0,39,115,3560,9558
GTCTTGAGGAGCAGTG-1,0,38,116,3448,9360
TCCCAAAGCCCTAAAT-1,0,39,117,3334,9557
TTGAGCGCCACGTGAT-1,0,38,118,3221,9359
TTGAGTCCCGCTGCTG-1,0,39,119,3107,9556
ATGGAACCTTTGCACA-1,0,38,120,2995,9359
GCTAGCACCTGGGCCA-1,0,39,121,2881,9555
CGCCGTCTACCCATCG-1,0,38,122,2769,9358
GATAGGTGTCCCGGGC-1,0,39,123,2655,9554
AGGTATGCGGACATTA-1,0,38,124,2543,9357
TTGGTTCGCTCAAAGG-1,0,39,125,2429,9553
TCTGGAGCGTAAGAGT-1,0,38,126,2316,9356
TGCCTAAATTTAATAG-1,0,39,127,2202,9552
TAATTTCCGTCCAGTA-1,0,40,0,16570,9805
TCCTTCAATCCCTACG-1,0,41,1,16456,10002
TACCTATCCCTAGAGG-1,0,40,2,16343,9804
GCATGGGTACTGACGC-1,0,41,3,16229,10001
GTCGGGAACATGGTAG-1,0,40,4,16117,9804
GCAAATGAGGACACTT-1,0,41,5,16003,10000
GAATGGGCTTATCGAC-1,0,40,6,15891,9803
TGGTCGTGCAAGGCAA-1,0,41,7,15777,9999
CACCACGCCACACAGA-1,0,40,8,15665,9802
GAACCTCGACCTACAC-1,0,41,9,15551,9998
CAATACGCTCTGAGGC-1,0,40,10,15438,9801
TGGTAAGCAGGATTGA-1,0,41,11,15324,9997
AGTGGCTCCGTCGGCC-1,0,40,12,15212,9800
GATCGGATAGAACCAT-1,0,41,13,15098,9996
GCTACAGTACGGACCG-1,0,40,14,14986,9799
TCTATTACTAGAGGAT-1,0,41,15,14872,9996
TTCAGGCGTCAAAGCC-1,0,40,16,14759,9798
AGACCGGGAAACCCTG-1,0,41,17,14646,9995
AGAGATCTCTAAAGCG-1,0,40,18,14533,9797
CCCTGCCCAATCCGCT-1,0,41,19,14419,9994
GTGGCGGTCCCAGCGT-1,0,40,20,14307,9796
GCATTGTAATTCATAT-1,0,41,21,14193,9993
CCGTTCCGAATCTCGG-1,0,40,22,14081,9796
AGCTTGATCTTAACTT-1,0,41,23,13967,9992
CCTGTACTCACGCCCA-1,0,40,24,13854,9795
AAGTGACGACCGAATT-1,0,41,25,13740,9991
CTCACTTGGCTGGTAA-1,0,40,26,13628,9794
CGCCTGGCCTACGTAA-1,0,41,27,13514,9990
CCCGTAAGTCTAGGCC-1,0,40,28,13402,9793
TTGGACATGTGGCTTA-1,0,41,29,13288,9989
ATTACGCGCTGGCAGG-1,0,40,30,13176,9792
ACGCGCTACACAGGGT-1,0,41,31,13062,9988
TACGTTTACCGGCAAT-1,0,40,32,12949,9791
CGAAACGCAATTCATG-1,0,41,33,12835,9988
TAGTCTAACAACGAGA-1,0,40,34,12723,9790
TTGCATGCTGATCACG-1,0,41,35,12609,9987
TCTGGGTAGCGCTCAT-1,0,40,36,12497,9789
ACATCGGTCAGCCGCG-1,0,41,37,12383,9986
AGATACCGGTGTTCAC-1,0,40,38,12271,9789
GATTACTGAATTTGGG-1,0,41,39,12157,9985
TCCAACTTTAAATTCT-1,0,40,40,12044,9788
TCCTAGCAAAGAAGCT-1,0,41,41,11930,9984
GTCTATCTGAGTTTCT-1,0,40,42,11818,9787
GATGTTCAATCCACGA-1,0,41,43,11704,9983
AGTTAAACACTTGCGA-1,0,40,44,11592,9786
AGCTCTTTACTCAGTT-1,0,41,45,11478,9982
ATCCAGGATTCGTGAA-1,0,40,46,11365,9785
AGTCAACACCACCATC-1,0,41,47,11252,9981
CGATACCTCGCGGACA-1,0,40,48,11139,9784
TACAACGCACAACTCA-1,0,41,49,11025,9981
AATTAAAGGTCGGCGT-1,0,40,50,10913,9783
TACGCAGTTCTTTCCT-1,0,41,51,10799,9980
GACCGTGCTGACGGTG-1,0,40,52,10687,9782
GGCAAATTACTTTACT-1,0,41,53,10573,9979
GGTACAAACATGCTAT-1,0,40,54,10460,9781
CGGGCCTTCTTTGTAA-1,0,41,55,10346,9978
CGTGAAGTTAATTCAC-1,0,40,56,10234,9781
ATAGTGAAGCGTTCTC-1,0,41,57,10120,9977
TACGCCATATTCTAAT-1,0,40,58,10008,9780
GCCGGGTTAGGGTCGC-1,0,41,59,9894,9976
TACATAGGCATACACC-1,0,40,60,9782,9779
GCCGATTGGCCAAGCT-1,0,41,61,9668,9975
CTGCCATGCATCACAT-1,0,40,62,9555,9778
TTATGAATGAAAGGGA-1,0,41,63,9441,9974
GCTGAGGCGTGAGTAT-1,0,40,64,9329,9777
GCGCCGTTCCACGATA-1,0,41,65,9215,9973
CGCATGGTGCGATGCT-1,0,40,66,9103,9776
AGGTTTCACACACCTT-1,0,41,67,8989,9973
CAAGGATCGCATGTTC-1,0,40,68,8876,9775
ACGTTAATGTCGAAGA-1,0,41,69,8763,9972
TCCAGAGCACCGGTTC-1,0,40,70,8650,9774
GATTCGACGGTTCACG-1,0,41,71,8536,9971
GTTTCTGCAGTCTCCC-1,0,40,72,8424,9773
GCTGCACGGTTTCTTA-1,0,41,73,8310,9970
CGTGCAGACTGGGACA-1,0,40,74,8198,9773
GTGTTACTATGCGTCC-1,0,41,75,8084,9969
TCCTCGGGCTGGGCTT-1,0,40,76,7971,9772
GTGAGGACACTTAAGG-1,0,41,77,7858,9968
ATACGCCGGCGAAACC-1,0,40,78,7745,9771
TCTGCCAGAAACTGCA-1,0,41,79,7631,9967
TTCTGCGGGTTAGCGG-1,0,40,80,7519,9770
CTCGGTACCACTGCTC-1,0,41,81,7405,9966
GTAAGTAACAGTCTGG-1,0,40,82,7293,9769
GTGCGTGTATATGAGC-1,0,41,83,7179,9965
ATTTGTCTTGGGAGCT-1,0,40,84,7066,9768
CCTCGGACCGGGATAG-1,0,41,85,6952,9965
TAGGTGCTCGCCTAGC-1,0,40,86,6840,9767
CTTTAGGAACACTGTT-1,0,41,87,6726,9964
TCGGGCCGTCGTGGTA-1,0,40,88,6614,9766
AGTGCTTGCACGAATA-1,0,41,89,6500,9963
TGCAGTTTCCTCCCAT-1,0,40,90,6388,9766
TGAGAGATTTACCACG-1,0,41,91,6274,9962
GAAACAGATGACCACC-1,1,40,92,6161,9765
AGCAACATATCTTATT-1,0,41,93,6047,9961
CAAGTGTGGTTGCAAA-1,1,40,94,5935,9764
GCCTCATCTGGAAATA-1,0,41,95,5821,9960
AACCCTACTGTCAATA-1,0,40,96,5709,9763
ACGTATTACTCCGATC-1,0,41,97,5595,9959
TCTGGGAACCTTTGAA-1,0,40,98,5482,9762
GCTCGCTCATGTCCAA-1,0,41,99,5369,9958
GCGCAAGAGCGCGCTG-1,0,40,100,5256,9761
TTGACGCTCCATGAGC-1,0,41,101,5142,9957
TATAGATGGTCGCAGT-1,0,40,102,5030,9760
TTACATGCCACAACTA-1,0,41,103,4916,9957
ACATGGCGCCAAAGTA-1,0,40,104,4804,9759
TATGGTTAGTGGGAGA-1,0,41,105,4690,9956
CATGACTTCGCTGAAT-1,0,40,106,4577,9758
ACCACCAATGTAACAA-1,0,41,107,4463,9955
TCTTAGAGCTCCAATT-1,0,40,108,4351,9758
CCACGAATTTAACCTC-1,0,41,109,4237,9954
TTCTTGCTAGCATCTC-1,0,40,110,4125,9757
ACACCTTACTACTTGC-1,0,41,111,4011,9953
AGTCGGTTGCGTGAGA-1,0,40,112,3899,9756
ACCTACAGTATGTGGT-1,0,41,113,3785,9952
GAGGATAAACAGTGCT-1,0,40,114,3672,9755
TTCCGGTATCTGTGTC-1,0,41,115,3558,9951
GGAGGCCGAAGTCGTC-1,0,40,116,3446,9754
TTCGCTAGGAAGTTGT-1,0,41,117,3332,9950
TAAAGACAACCCTTTA-1,0,40,118,3220,9753
GTTGCGCTAACATTAC-1,0,41,119,3106,9950
GCTGAACTCTCCAGGG-1,0,40,120,2994,9752
AGCCCTGTCGCACCGT-1,0,41,121,2880,9949
AGCGCTAGAGCGATGT-1,0,40,122,2767,9751
TGCGCCGTTAATAACG-1,0,41,123,2653,9948
TGACAACGCATGTCGC-1,0,40,124,2541,9750
CGTCTTGAGTGTGACG-1,0,41,125,2427,9947
GATAGGATTAATTACA-1,0,40,126,2315,9750
GATACCGTGTCGGAGT-1,0,41,127,2201,9946
TGTGTCGAAGTCGAGG-1,0,42,0,16568,10199
GGATCAGAGCCATCAG-1,0,43,1,16454,10395
GTCCCAATCATCCCGC-1,0,42,2,16342,10198
TGCCACACTAGAGGAA-1,0,43,3,16228,10395
TGAATTTCACTTGCCT-1,0,42,4,16116,10197
CTCAGATTGTGATAAG-1,0,43,5,16002,10394
CGGACGTTACTTGAAG-1,0,42,6,15889,10196
CCGCCTTGCGATGTCG-1,0,43,7,15775,10393
CCAGTCAAATCTCTTA-1,0,42,8,15663,10195
AAACAGCTTTCAGAAG-1,0,43,9,15549,10392
TAGCTGATGTGAAGCG-1,0,42,10,15437,10195
CTTATGCGCTCAGGGC-1,0,43,11,15323,10391
TGGCTCTTGTCGCGTA-1,0,42,12,15210,10194
TTGTGAGGCATGACGC-1,0,43,13,15097,10390
CATAAGCTCTCCGTCT-1,0,42,14,14984,10193
CCTTCTCAGCGTTCCT-1,0,43,15,14870,10389
TGCAGCTACGTACTTC-1,0,42,16,14758,10192
CTCTACACTGGCGATT-1,0,43,17,14644,10388
TGCAGATCGTCCTAGG-1,0,42,18,14532,10191
TGCCAAAGTCAGACTT-1,0,43,19,14418,10387
ACAATAGTCGTACGTT-1,0,42,20,14305,10190
CATGCCAACTCGCAAA-1,0,43,21,14191,10387
TGCAGAACTATATCGT-1,0,42,22,14079,10189
TCGTGTCACGCTGACA-1,0,43,23,13965,10386
TGATCAGGGAACTGCT-1,0,42,24,13853,10188
CTTGCAACCGCCTCCT-1,0,43,25,13739,10385
AGCCCATACATGTAAG-1,0,42,26,13627,10188
ATCCAATGGAGGGTCC-1,1,43,27,13513,10384
AAACCGGGTAGGTACC-1,0,42,28,13400,10187
GCAACCACGGCCGCGT-1,1,43,29,13286,10383
CGCTTATTCCCGGTCG-1,1,42,30,13174,10186
TTACTCTGGTACGTAC-1,1,43,31,13060,10382
GTGGTTTCCGCCTTTC-1,1,42,32,12948,10185
ATAGGCGGCTATAGAA-1,1,43,33,12834,10381
GTGCCATCACACGGTG-1,0,42,34,12721,10184
CCCAACATACGTCGCG-1,1,43,35,12608,10380
CGGTGCAGATAGAACG-1,0,42,36,12495,10183
GGGCGGGTTCCCTACG-1,0,43,37,12381,10380
TGAGCCATACAGTCTC-1,0,42,38,12269,10182
CTCCGCCCACATGAGG-1,0,43,39,12155,10379
GTTGAACCGGTTCCAT-1,0,42,40,12043,10181
TTGACTACCATATGGT-1,0,43,41,11929,10378
ACCATCGTATATGGTA-1,0,42,42,11816,10180
TGCGTAAGAACCTGAT-1,0,43,43,11703,10377
AGAAGGTTGCCGAATT-1,0,42,44,11590,10180
AGGACGACCCATTAGA-1,0,43,45,11476,10376
GGTGCTGGTACACATT-1,0,42,46,11364,10179
GCGCTATGCCGAGGCA-1,0,43,47,11250,10375
ACCCGGTTACACTTCC-1,0,42,48,11138,10178
TAACTCATCCGCGCGG-1,0,43,49,11024,10374
CACAATGAGCTGCTAT-1,0,42,50,10911,10177
GTTACTTTGGGCCTAG-1,0,43,51,10797,10373
GGGCCCGTCTTAAACA-1,0,42,52,10685,10176
GAAATTGTCTCTATAA-1,0,43,53,10571,10372
GGCGCATGAATTGATG-1,0,42,54,10459,10175
CATATAGGTACAGTCA-1,0,43,55,10345,10372
TCAACGAGGAGACAAA-1,0,42,56,10233,10174
TTGCACAATTCAGAAA-1,0,43,57,10119,10371
CATCGGACGGGTTAAT-1,0,42,58,10006,10173
ATTAAACATGCGGACC-1,0,43,59,9892,10370
TATCTACCACAGCGGG-1,0,42,60,9780,10172
CGAGACCCTAGAGTGT-1,0,43,61,9666,10369
ACATCGATCGTTTACC-1,0,42,62,9554,10172
ATCGACCCAATACAGA-1,0,43,63,9440,10368
GAATCTGAACATTCTC-1,0,42,64,9327,10171
AGTTCCTATTTATGTT-1,0,43,65,9214,10367
CAGTCTGTATACTGGG-1,0,42,66,9101,10170
GGAGACGACACCTTTG-1,0,43,67,8987,10366
CCTAAATTAACGGTTC-1,0,42,68,8875,10169
GCTACGACTTATTGGG-1,0,43,69,8761,10365
CTGTGCAGGGTAGGTC-1,0,42,70,8649,10168
ACGCCGCTAGACGACC-1,0,43,71,8535,10364
ACTTGACTCCCTCTTT-1,0,42,72,8422,10167
CGCCTCCCTCCTCTAT-1,0,43,73,8309,10364
CTAGATTTACGACGGC-1,0,42,74,8196,10166
GATGCTGTATTTCATC-1,0,43,75,8082,10363
TGCGTTTGTTGACACT-1,0,42,76,7970,10165
CGTGCCCTCCCGAAGA-1,0,43,77,7856,10362
ACTCTCTGACTTAGGT-1,0,42,78,7744,10165
CTGGGTAGGCAGTTAA-1,0,43,79,7630,10361
GTTTGGCCCAAGTTAT-1,0,42,80,7517,10164
GAATGTGGTCCGGATT-1,0,43,81,7403,10360
CCCAGTTAAGGCGCCG-1,0,42,82,7291,10163
CGGTACTAGAATCAAA-1,0,43,83,7177,10359
GCTTAATGTAACTAAC-1,0,42,84,7065,10162
AGGACAGTCGAATCCC-1,0,43,85,6951,10358
GACAGCCAGACCTGAC-1,0,42,86,6839,10161
GGCGAAATCTAACTTG-1,0,43,87,6725,10357
CTGGTAACACATAGAA-1,0,42,88,6612,10160
TAGCCATTTCAAAGTC-1,0,43,89,6498,10357
GGGATTTACCGCACCT-1,0,42,90,6386,10159
ATGCCATTTGCGACCA-1,0,43,91,6272,10356
GAATAGACGCGACCCA-1,0,42,92,6160,10158
TGTATGGCGCAGACAG-1,0,43,93,6046,10355
GGATGAAGATCGCTGA-1,0,42,94,5933,10157
CGACAATTTGATCTAA-1,0,43,95,5820,10354
AAAGTTGACTCCCGTA-1,0,42,96,5707,10157
CGCGGCTCAACTTGAA-1,0,43,97,5593,10353
CACGCGGAACTGTTGC-1,0,42,98,5481,10156
TCTTAGAGTGAACTCT-1,0,43,99,5367,10352
AGTCCATTGGCTGATG-1,0,42,100,5255,10155
TTAAGATAGGATTGAC-1,0,43,101,5141,10351
ACATCCTGGTAACTGT-1,0,42,102,5028,10154
CACCTTGGCGCCTTTG-1,0,43,103,4914,10350
GCTAGACCGTCTACTG-1,0,42,104,4802,10153
CGGCCCAGGTATATCC-1,0,43,105,4688,10349
GTCCATTACTGCTACG-1,0,42,106,4576,10152
GGGTTTAGGATAGGAT-1,0,43,107,4462,10349
TAATTAGGACATCCGT-1,0,42,108,4350,10151
GCTCCCAGTCGGTCCA-1,0,43,109,4236,10348
ATTCGTGCTATCTCTT-1,0,42,110,4123,10150
GTTAACTATGTTGTCA-1,0,43,111,4009,10347
GCTCCGCTCGCTTCAG-1,0,42,112,3897,10149
GCAACGGCTAGTTATG-1,0,43,113,3783,10346
AATCGCGCAGAGGACT-1,0,42,114,3671,10149
AGGTTACACCATGCCG-1,0,43,115,3557,10345
CGAGATTTCGCTCGGG-1,0,42,116,3445,10148
CGATAATACTCAGGTT-1,0,43,117,3331,10344
AAGGCAGGCTGTCTCC-1,0,42,118,3218,10147
GTAAGTCCACACTCTA-1,0,43,119,3104,10343
ATGAGGGCAGCGGCTA-1,0,42,120,2992,10146
GCCGCACTCCGTTTCA-1,0,43,121,2878,10342
GAGCACGGCGCCTCTT-1,0,42,122,2766,10145
ACAATTTGGCCATATT-1,0,43,123,2652,10341
CTGGTTCGCGAGCTAC-1,0,42,124,2539,10144
GACGGTCCTAGGGTGT-1,0,43,125,2426,10341
ACTCGCGATCTGACGC-1,0,42,126,2313,10143
GTGTACGAACCGTTCC-1,0,43,127,2199,10340
CTTTGACGTCGCTTCT-1,0,44,0,16567,10593
CGTTATCATACTTCCA-1,0,45,1,16453,10789
GCTATGCCAGCTTATG-1,0,44,2,16340,10592
CAGTCGGCCTAGATAT-1,0,45,3,16226,10788
CCCGTGAGGGCGGTGA-1,0,44,4,16114,10591
TCTCGTGTTACGAGGA-1,0,45,5,16000,10787
ACGTCTCGTTCCGGGA-1,0,44,6,15888,10590
CGAGAGCGCGTAGATA-1,0,45,7,15774,10786
GACAGATTTCTGGCTC-1,0,44,8,15661,10589
GGGCCTAAATGGGCTA-1,0,45,9,15548,10786
ACTTGTAGTCCCTTCA-1,0,44,10,15435,10588
CCCGAAGTTTCGCGAA-1,0,45,11,15321,10785
ACCATCCGCCAACTAG-1,0,44,12,15209,10587
TGCGAATATGGGATTT-1,0,45,13,15095,10784
TACATCCCTATCCCTG-1,0,44,14,14983,10587
GTGGGAAGACTGAATC-1,0,45,15,14869,10783
TCAACATCGACCGAGA-1,0,44,16,14756,10586
CTATGTGAGTCACGGC-1,0,45,17,14642,10782
CCGAACACTGGGCCTC-1,0,44,18,14530,10585
AAACTTGCAAACGTAT-1,0,45,19,14416,10781
AGGGCGAGCAGCTGAT-1,0,44,20,14304,10584
AACACGAGACGCGGCC-1,0,45,21,14190,10780
TGACGAATATTTCCCT-1,0,44,22,14078,10583
TCGGAGAGTATCGGGA-1,0,45,23,13964,10779
CAAATCTCTCACAAGG-1,0,44,24,13851,10582
AGGCCCTAGAACGCCA-1,0,45,25,13737,10779
TAGAGATCATGCAACT-1,0,44,26,13625,10581
TTGTTTCCATACAACT-1,1,45,27,13511,10778
GAGAGGTGCATTCTGG-1,1,44,28,13399,10580
GTGGACCAACCCGATT-1,1,45,29,13285,10777
CTGGGCCTGCTATATC-1,1,44,30,13172,10579
CATAGTCCACAAGAAC-1,1,45,31,13059,10776
TTGACATGAACGTGGA-1,1,44,32,12946,10579
GGTTACCACCCTCGGG-1,1,45,33,12832,10775
TACCGGTCGTTTCCAT-1,1,44,34,12720,10578
CGAGTACTAAAGAGGA-1,1,45,35,12606,10774
GCAAGAATTCCTTGGC-1,1,44,36,12494,10577
TCGCCGAAGTTGCGTC-1,1,45,37,12380,10773
TTGAGAGTACTGCTAA-1,0,44,38,12267,10576
GCCACAATTTAAGGAC-1,1,45,39,12154,10772
ATATTCAGTTAAACCT-1,0,44,40,12041,10575
TGAGTGCCTCTTAAAT-1,0,45,41,11927,10771
ATCAGACGGCACGCCG-1,0,44,42,11815,10574
GTGCGAAATCGAACAC-1,0,45,43,11701,10771
GTGCCGCTTCAAAGGT-1,0,44,44,11589,10573
GATACGATGGGAGTCA-1,0,45,45,11475,10770
GACACTGAGTTCAGTG-1,0,44,46,11362,10572
ATCCTGCGTGGAATGG-1,0,45,47,11248,10769
ATCCTACCTAAGCTCT-1,0,44,48,11136,10572
AGTGATATGAGTAGTT-1,0,45,49,11022,10768
ATGATGCAATGGTACA-1,0,44,50,10910,10571
GAAACCGAATTACCTT-1,0,45,51,10796,10767
AGTGACCTACTTTACG-1,0,44,52,10684,10570
CAAATGTCCTTCCGTG-1,0,45,53,10570,10766
TTACTGGGATATTTCA-1,0,44,54,10457,10569
CTTGCCCAGGCTCTAC-1,0,45,55,10343,10765
AAATCGTGTACCACAA-1,0,44,56,10231,10568
GTGATCATAGATCTGC-1,0,45,57,10117,10764
TGGCAGATTACGATCA-1,0,44,58,10005,10567
TCACCCTCTTAAGATT-1,0,45,59,9891,10763
CAGGATATATCGTTGT-1,0,44,60,9778,10566
CCTGACCACCGATGGT-1,0,45,61,9665,10763
CTAAAGGGAAATAGGA-1,0,44,62,9552,10565
CCGCTATCAGCACCAG-1,0,45,63,9438,10762
CTTTAGTGCTATTATT-1,0,44,64,9326,10564
CGGGAATTTATGTAAA-1,0,45,65,9212,10761
TACGACTGCCTCTTAG-1,0,44,66,9100,10564
AAACTGCTGGCTCCAA-1,0,45,67,8986,10760
GTACGTTTGCCCGTCA-1,0,44,68,8873,10563
GGCAAGGCGAAATAGC-1,0,45,69,8760,10759
GATCTTGGAGGGCATA-1,0,44,70,8647,10562
AGCGTGGTATTCTACT-1,0,45,71,8533,10758
CTAAGGGAATGATTGG-1,0,44,72,8421,10561
CATGGTAAGTAGCGTT-1,0,45,73,8307,10757
CGTTGAGCGACCGTCG-1,0,44,74,8195,10560
TGCCCGTACCGTTAAA-1,0,45,75,8081,10756
ACAAGGGCAGGCTCTG-1,0,44,76,7968,10559
GAGATCTTCCATGACA-1,0,45,77,7854,10756
AATGACGTAGGATGTC-1,0,44,78,7742,10558
GTGGTGGCCAAGTGAA-1,0,45,79,7628,10755
TCCCGTGTGCAATTTG-1,0,44,80,7516,10557
ACATCGTATGCAATGG-1,0,45,81,7402,10754
GCGAAACTTAACTGGA-1,0,44,82,7290,10556
AATTGAACGCTCTGGT-1,0,45,83,7176,10753
ACAAATGGTAGTGTTT-1,0,44,84,7063,10556
ATGGTCGCGTGGTTTC-1,0,45,85,6949,10752
TGTTATTGTATGTGGC-1,0,44,86,6837,10555
TTCCGGTTACCCACTT-1,0,45,87,6723,10751
GAGTGTGCGGTACCCA-1,0,44,88,6611,10554
CAAGATATTATAACGT-1,0,45,89,6497,10750
ACACACCAGGACCAGT-1,0,44,90,6384,10553
ATGGGCCTCGGCCTCT-1,0,45,91,6271,10749
AAGGTGATAAACCAGC-1,0,44,92,6158,10552
TCTTACTTATGCCTCT-1,0,45,93,6044,10748
AAAGTGTGATTTATCT-1,0,44,94,5932,10551
TGCTCCACAGTTCTTA-1,0,45,95,5818,10748
CTGGCTGATTCATCCT-1,0,44,96,5706,10550
TAAGGCTGAATCCCTC-1,0,45,97,5592,10747
TCTAGTGATATCGTGG-1,0,44,98,5479,10549
TCGAAGAACCGAGCAC-1,0,45,99,5365,10746
GACAAACATATGCAGG-1,0,44,100,5253,10549
AAGTCAATTGTCGTCA-1,0,45,101,5139,10745
AGTGAACAAACTTCTC-1,0,44,102,5027,10548
CATGATGGAAGTTAGC-1,0,45,103,4913,10744
AAGTGCCTTGACTGTA-1,0,44,104,4801,10547
ATCGCCAGTCAACATT-1,0,45,105,4687,10743
ACCGCGGTGGAAGTCG-1,0,44,106,4574,10546
TCTTCTATAACCCGCC-1,0,45,107,4460,10742
CACATTTCTTGTCAGA-1,0,44,108,4348,10545
TAGCGTCCCTCGATTG-1,0,45,109,4234,10741
GTTCGGATCGGGAACA-1,0,44,110,4122,10544
CAAACTCGCGACGCCG-1,0,45,111,4008,10740
GTCTTGTAGCTATTCA-1,0,44,112,3896,10543
TCTCGACGTATCGCCG-1,0,45,113,3782,10740
TTGCCAAGCAGAACCC-1,0,44,114,3669,10542
AAACCCGAACGAAATC-1,0,45,115,3555,10739
TTGAGCAGCCCACGGT-1,0,44,116,3443,10541
CGCCTTTAGCATGCTC-1,0,45,117,3329,10738
TGTGGCTCCCACCAAC-1,0,44,118,3217,10541
CCGCCGTTGAGGATAA-1,0,45,119,3103,10737
CAATACGAGAGTCTGA-1,0,44,120,2990,10540
CATCTAGTGAAGGGAA-1,0,45,121,2877,10736
GGTGGAGGTTGATACG-1,0,44,122,2764,10539
CCGCACACGAACGTGT-1,0,45,123,2650,10735
AGAACCCAGCGTGACA-1,0,44,124,2538,10538
GCGCTCGATCACCTGT-1,0,45,125,2424,10734
ATCATGGACTACCGAC-1,0,44,126,2312,10537
TACGCCGCCTCAGAAG-1,0,45,127,2198,10733
CGACCTACTAGACAAT-1,0,46,0,16565,10986
GAGTCTTGTAAAGGAC-1,0,47,1,16451,11183
AATATCCTAGCAAACT-1,0,46,2,16339,10986
CCCTAGGCAACAAGAG-1,0,47,3,16225,11182
ACAAAGAAGGTAGGCC-1,0,46,4,16112,10985
CCCTGGCTGTTCCTTC-1,0,47,5,15999,11181
TCGCCGCACCGCGTGA-1,0,46,6,15886,10984
TATAGCGCACGTTATC-1,0,47,7,15772,11180
TTATCTGACATTAGGA-1,0,46,8,15660,10983
AGTGGTGTTACCCGTG-1,0,47,9,15546,11179
GCCAAGAATACTTCTG-1,0,46,10,15434,10982
CCGGCGTGAGACTCTG-1,0,47,11,15320,11178
TTCCCGGCGCCAATAG-1,0,46,12,15207,10981
AAACAGGGTCTATATT-1,0,47,13,15093,11178
ACAGTAATACAACTTG-1,0,46,14,14981,10980
CGAACGGCCGGACAAC-1,0,47,15,14867,11177
GCAACACACTAGAACT-1,0,46,16,14755,10979
ACTCCCATTCCTAAAG-1,1,47,17,14641,11176
ACCTGCGTGTCATGTT-1,0,46,18,14529,10978
TACTTTCCGCACGCCA-1,1,47,19,14415,11175
AGGTCAGGTGAGAGTG-1,0,46,20,14302,10978
TCCTCCTAAGACATTC-1,1,47,21,14188,11174
ATGTGAAAGCCTAATG-1,0,46,22,14076,10977
AGTCGGCTCAACTTTA-1,1,47,23,13962,11173
CGATCTGTTGGAGGAC-1,0,46,24,13850,10976
ACGGGAGTGTCGGCCC-1,0,47,25,13736,11172
TTAACTTCAGGTAGGA-1,0,46,26,13623,10975
CCACGGAGCCATAAGA-1,0,47,27,13510,11171
CTTCTATGTTGAAGTA-1,1,46,28,13397,10974
CACCGTTGCGCGATAT-1,1,47,29,13283,11170
TCTAGCAATCTCCGCC-1,1,46,30,13171,10973
AGTTTGGCCAGACCTA-1,1,47,31,13057,11170
TTGTAAGGACCTAAGT-1,1,46,32,12945,10972
AAATTTGCGGGTGTGG-1,1,47,33,12831,11169
AAGTTCGGCCAACAGG-1,1,46,34,12718,10971
CCGCTTACCTCACTCT-1,1,47,35,12605,11168
ATCACGTGCTAATTAA-1,1,46,36,12492,10971
GGTGAAGTACAGGGAT-1,1,47,37,12378,11167
GCTGTATTACTGGCCC-1,1,46,38,12266,10970
AACGGCCATCTCCGGT-1,1,47,39,12152,11166
TAAGTAACATCTTGAC-1,1,46,40,12040,10969
TTCTTGAGCCGCGCTA-1,1,47,41,11926,11165
AGTGCGTAGCTCGTAA-1,1,46,42,11813,10968
GGGATGGTCGTAACCG-1,1,47,43,11699,11164
GTCTGGGCGGTCGAGA-1,0,46,44,11587,10967
CGGAACGTAAACATAG-1,0,47,45,11473,11163
TGCGACACCCTAGTGC-1,0,46,46,11361,10966
CAAACGAGTATCGCAG-1,0,47,47,11247,11163
TCAGTAGGGACTATAA-1,0,46,48,11135,10965
GCGGTTCCCTATCATG-1,0,47,49,11021,11162
GTGACTTCAGTAGTGC-1,0,46,50,10908,10964
CGTCACGTCCATTGGT-1,0,47,51,10794,11161
ATAAGTTACCGCGACG-1,0,46,52,10682,10963
CTGAATCCGAGACCTC-1,0,47,53,10568,11160
TACGACGCTTGCTGCG-1,0,46,54,10456,10963
GAATTCACCCGGGTGT-1,0,47,55,10342,11159
GGGTGACACCTTAACT-1,0,46,56,10229,10962
TGAGTAAATTAGCGTA-1,0,47,57,10116,11158
GAGTCCGCTTACCGGA-1,0,46,58,10003,10961
GGCGCGTTCGAGTTTA-1,0,47,59,9889,11157
ATTCATATACTGTCCA-1,0,46,60,9777,10960
ATAAACGGACCCGTAA-1,0,47,61,9663,11156
GTCGTACCATCTCGGG-1,0,46,62,9551,10959
ATAATAGCTGTTGAAT-1,0,47,63,9437,11155
TTCCGCGTGAGGCGAT-1,0,46,64,9324,10958
TACCGGCTCACTGCCC-1,0,47,65,9210,11155
GTATCTTTCATAACCA-1,0,46,66,9098,10957
GTTACCTACAACTTGC-1,0,47,67,8984,11154
TGACTATAATCCTTTC-1,0,46,68,8872,10956
AAATACCTATAAGCAT-1,0,47,69,8758,11153
TTATTAGAGCGTGTTC-1,0,46,70,8646,10955
ATGTGGACATCTTGAT-1,0,47,71,8532,11152
GTACGCTTCATTGCAC-1,0,46,72,8419,10955
CACATATTAGCAGGAT-1,0,47,73,8305,11151
CAAGAGGGCGGAGTAC-1,0,46,74,8193,10954
TCGCAAAGATGCATTT-1,0,47,75,8079,11150
GTCGTTATTCGCTTAT-1,0,46,76,7967,10953
TCGTGTACTATGGATG-1,0,47,77,7853,11149
GCGGAGAGGGAGAACG-1,0,46,78,7741,10952
TCACAGGGAATCGCAA-1,0,47,79,7627,11148
GACTGCACCAGCCCAG-1,0,46,80,7514,10951
TCCGCTGTCATCCCGG-1,0,47,81,7400,11147
AGATACTCAAGATCGA-1,0,46,82,7288,10950
ACTGAATGGCGAAAGT-1,0,47,83,7174,11147
TCCTACATCCACGGCC-1,0,46,84,7062,10949
TTCAGCCCTGGTCCAC-1,0,47,85,6948,11146
TTAGAGTTTAGAAGGA-1,0,46,86,6835,10948
GGTTAGCTATATGTCT-1,0,47,87,6722,11145
CTGGTTTCGAGCAAGA-1,0,46,88,6609,10948
TGGGCCCATACTAATT-1,0,47,89,6495,11144
ACTTATTTATGTGCCA-1,0,46,90,6383,10947
TTAGTTATTCGTGGCA-1,0,47,91,6269,11143
AACCGCTAAGGGATGC-1,0,46,92,6157,10946
ATACGTCCACTCCTGT-1,0,47,93,6043,11142
CGACACGCTCCGACAG-1,0,46,94,5930,10945
TCTGAACTCGTACCCG-1,0,47,95,5816,11141
AGGATATAGGGATTTA-1,0,46,96,5704,10944
GTGATCACTAACGCCT-1,0,47,97,5590,11140
ACCGGGCCTTTGTTGA-1,0,46,98,5478,10943
TTGACAGGAGCTCCCG-1,0,47,99,5364,11140
CTCTTCTATTGACTGG-1,0,46,100,5252,10942
CGTGGCCGAATATCTA-1,0,47,101,5138,11139
GGTTTAGCCTTTCTTG-1,0,46,102,5025,10941
TCAAGGTTACTACACC-1,0,47,103,4911,11138
TTGACTATTGTCCGGC-1,0,46,104,4799,10940
CGGGAATATAGTATAC-1,0,47,105,4685,11137
GCAACAGCAGTATGCG-1,0,46,106,4573,10940
ATCAAACACTGTTCCA-1,0,47,107,4459,11136
TGGGCAATAGTTGGGT-1,0,46,108,4347,10939
TGAATGTCAGCCGGCC-1,0,47,109,4233,11135
CGGCTCTAAAGCTGCA-1,0,46,110,4120,10938
GGACACAAGTTTACAC-1,0,47,111,4006,11134
CCGAGAAGTCGCATAA-1,0,46,112,3894,10937
AACTACCCGTTTGTCA-1,0,47,113,3780,11133
GCACAAACGAGGCGTG-1,0,46,114,3668,10936
CACACAGCTTGCGCTC-1,0,47,115,3554,11132
GTGCTTACATCAGCGC-1,0,46,116,3441,10935
GCAAACGTCGCCAGGT-1,0,47,117,3328,11132
GAATAGCATTTAGGGT-1,0,46,118,3215,10934
TACTGTTTCTCTGGTA-1,0,47,119,3101,11131
TCCTATCATAGGTAAC-1,0,46,120,2989,10933
TTCGGTGGAGACGCCC-1,0,47,121,2875,11130
TGTTGCCGTCGTCCCA-1,0,46,122,2763,10932
CCAACTTGATAGATCC-1,0,47,123,2649,11129
CAAAGGTCATCTGAAA-1,0,46,124,2536,10932
CTAGCTTAATGGTCCC-1,0,47,125,2422,11128
AGGCCACATTGGTTAC-1,0,46,126,2310,10931
TTAGGATGGGAGGGTA-1,0,47,127,2196,11127
TATGACCTTGCGCTGG-1,0,48,0,16563,11380
ATATACATGTATGGTA-1,0,49,1,16450,11577
TGTGTGACCATGAATC-1,0,48,2,16337,11379
CCCACTCCACGGTATC-1,0,49,3,16223,11576
GGGCAGACGTCACTGC-1,0,48,4,16111,11378
TCAAAGAGCTATCTGT-1,0,49,5,15997,11575
AGATGCATCCTGTGTC-1,0,48,6,15885,11377
GTGAAGTCACGACTCG-1,1,49,7,15771,11574
TGATTCAGGTCCCGCG-1,1,48,8,15658,11377
CGCCACAGGTCGCGAT-1,1,49,9,15544,11573
TTGAATCGTTGTATAA-1,1,48,10,15432,11376
TGGCCAATTTGGTACT-1,1,49,11,15318,11572
CGACCCTTAACGCCGG-1,1,48,12,15206,11375
TCGGCGTACTGCACAA-1,1,49,13,15092,11571
GAGTAAGGCCACGGGA-1,1,48,14,14980,11374
ATCAGCTCGTCCACTA-1,1,49,15,14866,11570
AGGATCACGCGATCTG-1,1,48,16,14753,11373
AAATGGCCCGTGCCCT-1,1,49,17,14639,11569
CAGTACCAGTTTACGT-1,1,48,18,14527,11372
GGTCGTAAGCTCGCAC-1,1,49,19,14413,11569
CGTTCATGGTGCGCGT-1,1,48,20,14301,11371
GACTACAAAGCGGTGG-1,1,49,21,14187,11568
CAGCTGGCGTAACCGT-1,1,48,22,14074,11370
ACTCGTAACCCGTCCT-1,1,49,23,13961,11567
CATATGTCAGGCTACG-1,1,48,24,13848,11370
GCCCGACTTCTTCCCG-1,1,49,25,13734,11566
CTGGCATCCGAATGAG-1,0,48,26,13622,11369
AAGTGCGTTAGAATCT-1,0,49,27,13508,11565
AGAAGTGATTCGTGAT-1,1,48,28,13396,11368
TACCTTAAGATTTCCC-1,1,49,29,13282,11564
AATGACAGCAATGTCT-1,1,48,30,13169,11367
TCAACGCAGGAAATAA-1,1,49,31,13056,11563
TATTCCTCCGCCCACT-1,1,48,32,12943,11366
ATCAAACGAAGGTTTG-1,1,49,33,12829,11562
TTGATTAGCTGTTTCT-1,1,48,34,12717,11365
CTGCTGAGGCCACGAA-1,1,49,35,12603,11562
CCGTGTTAAATTCCAT-1,1,48,36,12491,11364
CACGTCGGCAACCTCT-1,1,49,37,12377,11561
GTATTCTGAGAAACGA-1,1,48,38,12264,11363
CGGTGCGCGTTGGTCC-1,1,49,39,12150,11560
GTGATTCGCCGCTCAA-1,1,48,40,12038,11362
GCCCGCGCGTAAACGG-1,1,49,41,11924,11559
AACGTACTGTGGGTAC-1,1,48,42,11812,11362
GAGTATGCCCGCCTTG-1,1,49,43,11698,11558
TGATTCTGTCGCCGGT-1,1,48,44,11586,11361
GGGCGGCAAATGAATT-1,0,49,45,11472,11557
TTCCAATCTGGCTATC-1,0,48,46,11359,11360
GGAACCGTGTAAATTG-1,0,49,47,11245,11556
TTGGTCACACTCGTAA-1,0,48,48,11133,11359
CGAACCCGCATGCGTC-1,0,49,49,11019,11555
GGGCGTCACCACGTAA-1,0,48,50,10907,11358
TACCAGAAGTAGGTTC-1,0,49,51,10793,11554
TTGGATATCGTCTACG-1,0,48,52,10680,11357
TAGATATGGACTGGAA-1,0,49,53,10567,11554
GCGACGATAGTTGTAC-1,0,48,54,10454,11356
CTGGATTTACACTTGA-1,0,49,55,10340,11553
GTTATATTATCTCCCT-1,0,48,56,10228,11355
TATTCCACTCAGCTCG-1,0,49,57,10114,11552
CTGTTACCCAATCTAG-1,0,48,58,10002,11354
ACGCGAAGTCAGACGA-1,0,49,59,9888,11551
GATAGGTAACGTTGAC-1,0,48,60,9775,11354
TGTTCGTATTGCGGTG-1,0,49,61,9661,11550
GGTCAGTGGGTCCCAC-1,0,48,62,9549,11353
AATTCTAGAGTTAGGC-1,0,49,63,9435,11549
GTTTACGTTCCATCTG-1,0,48,64,9323,11352
AGACCCACCGCTGATC-1,0,49,65,9209,11548
TCTAGCATGCCCAGAA-1,0,48,66,9097,11351
CCCGCAGCGCGAACTA-1,0,49,67,8983,11547
CTCTATTTGGCTGCAG-1,0,48,68,8870,11350
TTCTGCCGCGCCTAGA-1,0,49,69,8756,11546
ACTCCCTAGAATAGTA-1,0,48,70,8644,11349
CCGAACCTTCCCGGCC-1,0,49,71,8530,11546
TCAGACGCTATAGAAG-1,0,48,72,8418,11348
CAGGCGCCATGCTAGG-1,0,49,73,8304,11545
CACTCGAGCTGAACAA-1,0,48,74,8192,11347
ACAAGGAAATCCGCCC-1,0,49,75,8078,11544
ACCACGTGCAGCTATA-1,0,48,76,7965,11347
ACGGCGACGATGGGAA-1,0,49,77,7851,11543
TTACTAAAGGACTTTA-1,0,48,78,7739,11346
GGCTGAAATAGCAAAG-1,0,49,79,7625,11542
TTAGACGAGTCACCTC-1,0,48,80,7513,11345
GTAGTCGCGGGAATCA-1,0,49,81,7399,11541
GCAAACCCTACATTAT-1,0,48,82,7286,11344
GTTAAAGTAGGACTGG-1,0,49,83,7173,11540
ACCCTCCCTTGCTATT-1,0,48,84,7060,11343
CATGTCTCATTTATGG-1,0,49,85,6946,11539
AATAGAATCTGTTTCA-1,0,48,86,6834,11342
TCTCATGAGATAGGGT-1,0,49,87,6720,11539
ATGACTATGCGACATT-1,0,48,88,6608,11341
CCTAACCCAAACAAGT-1,0,49,89,6494,11538
AGTCAAGATGACACTT-1,0,48,90,6381,11340
CGGGAGCTTCAGTGTA-1,0,49,91,6267,11537
CCACAGTACCCATCCT-1,0,48,92,6155,11339
GAGCGCGCACGAGTAG-1,0,49,93,6041,11536
ACCAGTGCGGGAGACG-1,0,48,94,5929,11339
TCCTTACGACGGTCCG-1,0,49,95,5815,11535
TAGTCGATCACGGGTT-1,0,48,96,5703,11338
AGACGAAGTGCCGGTC-1,0,49,97,5589,11534
CGCTGGTGACTACCCT-1,0,48,98,5476,11337
AGGCATTGTCGTAGGG-1,0,49,99,5362,11533
TGGTAGAATATATGGG-1,0,48,100,5250,11336
TTCTTATCCGCTGGGT-1,0,49,101,5136,11532
AGTTTGGCACGGGTTG-1,0,48,102,5024,11335
GCATCGGCCGTGTAGG-1,0,49,103,4910,11531
ATGCGAGTCCCACCAC-1,0,48,104,4798,11334
TCGGCGAACCCAAACC-1,0,49,105,4684,11531
AGAGTAAACTTCACTA-1,0,48,106,4571,11333
AAGCCGAAGCGGTTTA-1,0,49,107,4457,11530
CCCGAGTTTCTCCGTA-1,0,48,108,4345,11332
AATATCGAATCAATGC-1,0,49,109,4231,11529
GCGCCTCCCACTCCGA-1,0,48,110,4119,11331
CGTTAAACTAGTTAGG-1,0,49,111,4005,11528
TGAGTTAAAGACATTC-1,0,48,112,3892,11331
AACAGGTAGTATGGAT-1,0,49,113,3779,11527
GAACGCGGGTCACACG-1,0,48,114,3666,11330
TGTTTGAGATCGTCAG-1,0,49,115,3552,11526
ATCTCGTGAGCGAAAC-1,0,48,116,3440,11329
CTGAGAAAGTTCGGCG-1,0,49,117,3326,11525
ATTACCACACTGCCTG-1,0,48,118,3214,11328
CTGCTGTCTAACGAGC-1,0,49,119,3100,11524
CGTGGAAGCCTCGTAC-1,0,48,120,2987,11327
GGACTCACAAATTAGG-1,0,49,121,2873,11523
CTTTGCTGTCATGGAT-1,0,48,122,2761,11326
GGTGTTGGGCGTCTTA-1,0,49,123,2647,11523
TACCATGTATTGATTT-1,0,48,124,2535,11325
GGTCTCCAAGTAGTGC-1,0,49,125,2421,11522
ATCCTTCTGAAAGAAC-1,0,48,126,2309,11324
CCGGAAGTTATCAGTC-1,0,49,127,2195,11521
TTAGAGGGATATACAG-1,0,50,0,16562,11774
TTGTACACCTCGAACA-1,0,51,1,16448,11970
GTGGGTACTGAGCGTA-1,0,50,2,16336,11773
CTTAAGCAGCGAGCCG-1,0,51,3,16222,11969
GCATTGACTTGCGGAA-1,0,50,4,16109,11772
CCATAACCTGTGCAGT-1,0,51,5,15995,11968
GGGCTACTATTTCGTG-1,0,50,6,15883,11771
GGCGAGCGAAACGGCA-1,0,51,7,15769,11968
GGAGACCATCTACATA-1,1,50,8,15657,11770
AGACCAAACCACACCT-1,1,51,9,15543,11967
CGACGCATCCGTACCT-1,1,50,10,15431,11769
CCTAGGTAAAGGTAGC-1,1,51,11,15317,11966
AGCGGCGGTTAGCGGT-1,1,50,12,15204,11769
CTGGACGCAGTCCGGC-1,1,51,13,15090,11965
AGCCTAATACCCACGT-1,1,50,14,14978,11768
AATCTGGCTTTCTAGT-1,1,51,15,14864,11964
CACCCTTGGTGAGACC-1,1,50,16,14752,11767
GGATCTTGACTCAACC-1,1,51,17,14638,11963
ACGAGGATACCACTCT-1,1,50,18,14525,11766
GAGTTGATGGCAATTT-1,1,51,19,14412,11962
GTGGCAAACAGCGGCA-1,1,50,20,14299,11765
GATGTAACGAACCACC-1,1,51,21,14185,11961
AGCCGTGGCTAAATGT-1,1,50,22,14073,11764
CTCCCTCCTTTCGATC-1,1,51,23,13959,11961
TTGGAAGAATACAGTC-1,1,50,24,13847,11763
AGTTAAGTCAACCGCT-1,1,51,25,13733,11960
CTCATGGTAATTTGCG-1,1,50,26,13620,11762
AAAGTAGCATTGCTCA-1,1,51,27,13507,11959
TTGTGGTAGGAGGGAT-1,1,50,28,13394,11761
AGTCGTGGGCATTACG-1,1,51,29,13280,11958
ACCTAAGTACCTTTCA-1,1,50,30,13168,11761
GTAGAGGGAGACAAGT-1,1,51,31,13054,11957
GATCCTCGACACTGGC-1,1,50,32,12942,11760
CCTACATTCACAGACG-1,1,51,33,12828,11956
TTGACCGTGTTAATGA-1,1,50,34,12715,11759
TCTGTTACCCAGCATA-1,1,51,35,12601,11955
CTAACTGGTCCGGTTC-1,1,50,36,12489,11758
AGCGACAGGAACGGTC-1,1,51,37,12375,11954
TAATAGAACAGAGTTA-1,1,50,38,12263,11757
ACAGGTGGAGGTGAGG-1,1,51,39,12149,11953
TGCGAGAATATTACCC-1,1,50,40,12037,11756
TTGCGTCGGCCAACCG-1,1,51,41,11923,11953
AGGCTTCCCGAAGAAG-1,1,50,42,11810,11755
GCGGACCGCGTTGTGG-1,1,51,43,11696,11952
GTAATCTGATTCTTCG-1,0,50,44,11584,11754
CCGCGGAATGCGTCAC-1,0,51,45,11470,11951
TTCCACACAGATTTGA-1,1,50,46,11358,11754
CTTCTATTAATGCTAG-1,1,51,47,11244,11950
CATTTGAGTGGTACGT-1,0,50,48,11131,11753
TCACAGCAAACTCGAA-1,1,51,49,11018,11949
CAGACGAACCTGATAC-1,0,50,50,10905,11752
TAGCTAGAAGGCATGA-1,1,51,51,10791,11948
ATCCAGAGCAACAACC-1,0,50,52,10679,11751
TCCGGTTCGTCCGGTC-1,1,51,53,10565,11947
CGCGCATGTTTGATTG-1,0,50,54,10453,11750
TGGCGATCAAGTTATG-1,1,51,55,10339,11946
CCCTTTGACAGGTCTT-1,0,50,56,10226,11749
CAGAGACGGTCACCCA-1,0,51,57,10112,11945
TAGCTCGCCTGATAAC-1,0,50,58,10000,11748
TTGTGTTTCCCGAAAG-1,0,51,59,9886,11945
TATACACAGACGCCTT-1,0,50,60,9774,11747
ACATTAGTTTATATCC-1,0,51,61,9660,11944
CCATCGCAGTTAAACT-1,0,50,62,9548,11746
AATTAGCGCTGCAGCG-1,0,51,63,9434,11943
TCCGCTTATCCCATTA-1,0,50,64,9321,11746
GTTTGGGCTTGTGAGC-1,0,51,65,9207,11942
CTTGTCAACATTCGAG-1,0,50,66,9095,11745
GGACCAACAGGATAAC-1,0,51,67,8981,11941
AAGCTAGATCGAGTAA-1,0,50,68,8869,11744
TACCGTGCCTCGGACC-1,0,51,69,8755,11940
GTAGCCAAACATGGGA-1,0,50,70,8643,11743
TGCCAGTACGTGGAGA-1,0,51,71,8529,11939
ATAAGGTGGAGAACAT-1,0,50,72,8416,11742
CTTTAATATTGGTCGA-1,0,51,73,8302,11938
TGGTTCAACGGGTAAT-1,0,50,74,8190,11741
GCTGCTACTGCGTAGC-1,0,51,75,8076,11938
CTGCACAACTACATAT-1,0,50,76,7964,11740
ATATTCCACATAGTGA-1,0,51,77,7850,11937
TGGCAAACTAAATTAC-1,0,50,78,7737,11739
ACCGCAATAACTGCCT-1,0,51,79,7624,11936
TCGCACCAGGAGGCAG-1,0,50,80,7511,11738
ACTTCAGGCTGATCCC-1,0,51,81,7397,11935
ACAAATCGCACCGAAT-1,0,50,82,7285,11738
TCTGATGTATTCTGTC-1,0,51,83,7171,11934
CTTTACCGAATAGTAG-1,0,50,84,7059,11737
GCAGATCCATAAGACT-1,0,51,85,6945,11933
TTCCTCGGACTAACCA-1,0,50,86,6832,11736
TTATCCGGGATCTATA-1,0,51,87,6718,11932
CTGGAAGACACGGTGG-1,0,50,88,6606,11735
GTTCGTCTAAAGAACT-1,0,51,89,6492,11931
GTCTATTGGTTCCGGT-1,0,50,90,6380,11734
CTAGGCGCCCTATCAG-1,0,51,91,6266,11930
AACGGACGTACGTATA-1,0,50,92,6154,11733
AACACACGCTCGCCGC-1,0,51,93,6040,11930
GCTACTATAGTAGAGT-1,0,50,94,5927,11732
AGCATATCAATATGCT-1,0,51,95,5813,11929
CGAACAGTATGGGCGT-1,0,50,96,5701,11731
ACAATTGTGTCTCTTT-1,0,51,97,5587,11928
GATCGCTACCCGATTT-1,0,50,98,5475,11731
ATTGCGATCAGTAACT-1,0,51,99,5361,11927
CAGCAGTCCAGACTAT-1,0,50,100,5249,11730
AGAGGCTTCGGAAACC-1,0,51,101,5135,11926
AAACAAGTATCTCCCA-1,0,50,102,5022,11729
GGCAGCAAACCTATGC-1,0,51,103,4908,11925
ACTAGTTGCGATCGTC-1,0,50,104,4796,11728
TTGGACCATCTGGCAA-1,0,51,105,4682,11924
CCCTCCTCGCTCGTAT-1,0,50,106,4570,11727
GAGCGCAAATACTCCG-1,0,51,107,4456,11923
ATTACATGTCAGTCTT-1,0,50,108,4343,11726
TTGGGACGTAAGAGTT-1,0,51,109,4230,11922
CTTCGGCCAATTGTTT-1,0,50,110,4117,11725
AGACCGCTCCGCGGTT-1,0,51,111,4003,11922
GACCGCGTCTGACGTG-1,0,50,112,3891,11724
CCAAATAACAAGATTC-1,0,51,113,3777,11921
TCTTTAGAGTCTAACA-1,0,50,114,3665,11723
CTCCCAATGAGTCGCG-1,0,51,115,3551,11920
TAGTCTTTCCGAATTG-1,0,50,116,3438,11723
GAGTAAACCGGAAAGT-1,0,51,117,3324,11919
GATCTCGACGCTGTGG-1,0,50,118,3212,11722
CTGACATAGAAATAGA-1,0,51,119,3098,11918
TATACCGAGTGCCACA-1,0,50,120,2986,11721
TCCGAACGTTGCCGCT-1,0,51,121,2872,11917
GCAGAAGGTAATCTCC-1,0,50,122,2760,11720
GGTACTAAGTGCTTTG-1,0,51,123,2646,11916
CAGAATATTCGTTATC-1,0,50,124,2533,11719
TAATCAACCAAATGGG-1,0,51,125,2419,11915
TCTGCTTAGAACAAGC-1,0,50,126,2307,11718
AACTGAGTTATACTGA-1,0,51,127,2193,11915
CCTCAACGATCGCTGT-1,0,52,0,16560,12168
CGGTACGGCAAACCCA-1,0,53,1,16446,12364
CAGATGTTTGTCCCAA-1,0,52,2,16334,12167
GTTTGTTAGCCAAGTA-1,0,53,3,16220,12363
ACGTGACAAAGTAAGT-1,0,52,4,16108,12166
TTGTCACCGCGGTATC-1,0,53,5,15994,12362
GATCTAACCGTATTCA-1,0,52,6,15882,12165
ATGGAAATTTAAGGAG-1,0,53,7,15768,12361
ATTGATCACCACATTT-1,0,52,8,15655,12164
ACTGCTCGGAAGGATG-1,0,53,9,15541,12360
TCTAAAGAACAGTCTC-1,1,52,10,15429,12163
CTGGGTTGAGTTAAAG-1,1,53,11,15315,12360
CCCAGTAAACTTGGGA-1,1,52,12,15203,12162
AGATTCACAACCGATA-1,1,53,13,15089,12359
AGAAGGTACACTTCAC-1,1,52,14,14976,12161
GCAGGAACTTAGATCT-1,1,53,15,14863,12358
AATCTAGGTTTACTTG-1,1,52,16,14750,12160
CCCGGTGTATCGGAAT-1,1,53,17,14636,12357
TTATCCTCAAGGAATA-1,1,52,18,14524,12160
AGCATCATTTCGAAAG-1,1,53,19,14410,12356
CGCGAGTCTGCCGGGT-1,1,52,20,14298,12159
TGCGTCATGACTGAGC-1,1,53,21,14184,12355
GTATGAAATTTCACTC-1,1,52,22,14071,12158
TTGGTTGCGGTGCGCG-1,1,53,23,13958,12354
ACAGAACTGAGAACAA-1,1,52,24,13845,12157
CTACTATCATAGGTTT-1,1,53,25,13731,12353
CCTCTATCGATTAGCA-1,1,52,26,13619,12156
CCGTATCTCGTCGTAG-1,1,53,27,13505,12352
TCACGATGTCCGTGGA-1,1,52,28,13393,12155
TCAACAAAGATAATTC-1,1,53,29,13279,12352
ATGACGCGTTCTATCC-1,1,52,30,13166,12154
ATTTGCGCGAGTAGCT-1,1,53,31,13052,12351
TTCTTGGACGATCTGC-1,1,52,32,12940,12153
AGACGACGATGCCGCT-1,1,53,33,12826,12350
GGTCTCTGAATGGACT-1,1,52,34,12714,12153
GCTCAATCCGTTTATT-1,1,53,35,12600,12349
CCAGAAAGCAACTCAT-1,1,52,36,12488,12152
CACCGTTAGGGATCAC-1,1,53,37,12374,12348
AATAACACTAGAACAA-1,0,52,38,12261,12151
CACCCGGTTTGTGACT-1,0,53,39,12147,12347
CCACCAACTTTACTGT-1,0,52,40,12035,12150
AACTCTCAGTGTGCTC-1,0,53,41,11921,12346
AAACCGTTCGTCCAGG-1,0,52,42,11809,12149
CAGCGATTCCCTTCAA-1,0,53,43,11695,12345
GCTAGCTTGAATAGCT-1,0,52,44,11582,12148
TTGCGGCATCAGAAAG-1,0,53,45,11469,12345
AATAGAACAGAGTGGC-1,0,52,46,11356,12147
GCCATCGAGCTGCGTG-1,0,53,47,11242,12344
ACACTGATCAAGGTGT-1,0,52,48,11130,12146
ACCAACGCTTATTTAT-1,0,53,49,11016,12343
GACATCGATTTATAAC-1,0,52,50,10904,12145
CAGACACCGATCGCTG-1,0,53,51,10790,12342
CCAAGAAAGTGGGCGA-1,0,52,52,10677,12145
GGTAGACCGTTGGGCG-1,0,53,53,10563,12341
TCGTTAGGAGTCCCTA-1,0,52,54,10451,12144
ACGGCCAACATGGACT-1,0,53,55,10337,12340
GTGAGTGGTACAACGC-1,1,52,56,10225,12143
GAGACTTCGCGACCGA-1,1,53,57,10111,12339
GAAGTCAGTTGCACTA-1,0,52,58,9999,12142
GTTTGGTAGGGTCAAC-1,0,53,59,9885,12338
ACGGCACTTGCTTGGG-1,0,52,60,9772,12141
CCTCTGTACTATTCTA-1,0,53,61,9658,12337
CTATTCATGTGTCCCA-1,0,52,62,9546,12140
GCCCGATCTGTGGTCG-1,0,53,63,9432,12337
TTAGAAGAACATGACT-1,0,52,64,9320,12139
AGGATAAAGTCGGGAT-1,0,53,65,9206,12336
CGGCAAACATCGTGCG-1,0,52,66,9094,12138
CTAGTTACAACCCGGT-1,0,53,67,8980,12335
TTCGACAGAGCCCGTG-1,0,52,68,8867,12137
AAGCATACTCTCCTGA-1,0,53,69,8753,12334
GACGACGATCCGCGTT-1,0,52,70,8641,12137
GGTAGAAGACCGCCTG-1,0,53,71,8527,12333
GAGATGGGAGTCGACA-1,0,52,72,8415,12136
AACGATAATGCCGTAG-1,0,53,73,8301,12332
TGGTCCCACGCTACGG-1,0,52,74,8188,12135
CTGCTTGGCGATAGCT-1,0,53,75,8075,12331
ATCGGAGACAGACGGC-1,0,52,76,7962,12134
TAGCGTCCGGTGTGGT-1,0,53,77,7848,12330
GTTGAGTCCCGCCGGT-1,0,52,78,7736,12133
AAATAGGGTGCTATTG-1,0,53,79,7622,12329
AAGTGTTTGGAGACGG-1,0,52,80,7510,12132
AGCACTACCTCACCAG-1,0,53,81,7396,12329
TGCCTTGGCCAGGCAA-1,0,52,82,7283,12131
TCGTCTTAGGCGTTAA-1,0,53,83,7169,12328
TTCTGACCGGGCTCAA-1,0,52,84,7057,12130
CAGAACTTAGCCCTCT-1,0,53,85,6943,12327
AGCTCCTTCGCACATC-1,0,52,86,6831,12130
ACAGGCTTGCCCGACT-1,0,53,87,6717,12326
GCTATACGTCTCGGAC-1,0,52,88,6605,12129
GAGCCAGCTACCTGTG-1,0,53,89,6491,12325
TGCTAAGTGTCTATTT-1,0,52,90,6378,12128
GTCCTACGAATAGTCT-1,0,53,91,6264,12324
CAGTGTCGGCTGGCCC-1,0,52,92,6152,12127
CTATCGACGAAATACA-1,0,53,93,6038,12323
CATCATTACCCTGAGG-1,0,52,94,5926,12126
TAAGTTGCGACGTAGG-1,0,53,95,5812,12322
AGTGCACGCTTAAGAA-1,0,52,96,5700,12125
TGTGCCGGTGCCGGAA-1,0,53,97,5586,12322
AGGAGGCCTTCGCGCG-1,0,52,98,5473,12124
TCCGCGGCCCAATGAA-1,0,53,99,5359,12321
TCCGTTAAGCTAATAT-1,0,52,100,5247,12123
AAATCTAGCCCTGCTA-1,0,53,101,5133,12320
CGCAGGCGATCCAAAC-1,0,52,102,5021,12122
CCATATGGAAACTATA-1,0,53,103,4907,12319
CACCGTATCCCATCCG-1,0,52,104,4794,12122
GGTCAAGACTACTTCG-1,0,53,105,4681,12318
CCCGTTTCGCAGATGT-1,0,52,106,4568,12121
GTTATAATACGGTGAA-1,0,53,107,4454,12317
ACTTGTGGATGGAACG-1,0,52,108,4342,12120
GTTCGCTGAGACGTCT-1,0,53,109,4228,12316
GACACTGGAACCCGAT-1,0,52,110,4116,12119
CCCAGGTCTGAAGGCT-1,0,53,111,4002,12315
TCTCGAGGAGGTTCGC-1,0,52,112,3889,12118
ACTATCTGCCCGCGTA-1,0,53,113,3775,12314
CCTAAATTGTATCCTA-1,0,52,114,3663,12117
AGAAATTATGACTCGC-1,0,53,115,3549,12314
TCCAGCGCTATAAGCG-1,0,52,116,3437,12116
TCGTGTATTGGTCACG-1,0,53,117,3323,12313
CCACATACTGCACCCA-1,0,52,118,3211,12115
GTTGCGGACGGTCAGG-1,0,53,119,3097,12312
GTATTTAATGGCATAA-1,0,52,120,2984,12114
GTCGATAGGTGACTTT-1,0,53,121,2870,12311
AATAATCTTCGTATCG-1,0,52,122,2758,12114
ATTGTTCAACGATCCG-1,0,53,123,2644,12310
GTGCAGCGTAGAGTAG-1,0,52,124,2532,12113
TGTGGTAGGGTGCCTT-1,0,53,125,2418,12309
TGTGGACTATCTACGT-1,0,52,126,2305,12112
GGCGGGCTCTAAGAGT-1,0,53,127,2192,12308
TGTGCCAGAGGCAAAG-1,0,54,0,16559,12561
TGGCTTATGTATAATG-1,0,55,1,16445,12758
GCAAGCTGGAAACCGC-1,0,54,2,16333,12560
GATATCAAGCAGGAGC-1,0,55,3,16219,12757
CACCAATCATCCGTCT-1,0,54,4,16106,12560
CCACATGGCTCTTTAT-1,0,55,5,15992,12756
GTCCTACTCTACGGGC-1,0,54,6,15880,12559
CTCGAGACATACGATA-1,0,55,7,15766,12755
TATCAGTGGCGTAGTC-1,0,54,8,15654,12558
TGACAGGACAAGTCCA-1,0,55,9,15540,12754
TATTAACACCAAAGCA-1,0,54,10,15427,12557
TAGGCGATGAGGTCTC-1,0,55,11,15314,12753
CCGCCGGAACTTCTCG-1,1,54,12,15201,12556
GCCATTAGCCTCAAAC-1,1,55,13,15087,12752
GTTAGGCTACCCGTTT-1,1,54,14,14975,12555
GGGTATTCTAGCAAAC-1,1,55,15,14861,12751
GCCCTAGCCGTCGCGA-1,1,54,16,14749,12554
CAGATCCTGGTTTGAA-1,1,55,17,14635,12751
CTTCAGTGGTCGCCTA-1,1,54,18,14522,12553
GGGCAACCGCACGTGC-1,1,55,19,14408,12750
GACCCAATTATGATAC-1,1,54,20,14296,12552
GAAGCTCGGACCCGTC-1,1,55,21,14182,12749
CGTCGGGTCTAAGCGC-1,1,54,22,14070,12552
GAGGCCCGACTCCGCA-1,1,55,23,13956,12748
TTGCCATAGCCCGCTC-1,1,54,24,13844,12551
TAACATACACGCGATC-1,1,55,25,13730,12747
CCGACGGGCATGAGGT-1,1,54,26,13617,12550
AATGTGCCCGAGGTGT-1,1,55,27,13503,12746
AGCTGTAACCTCAATC-1,1,54,28,13391,12549
CGAGTGAAGGTACCAG-1,1,55,29,13277,12745
AGTCTCACAAGACTAC-1,1,54,30,13165,12548
AAATTGATAGTCCTTT-1,1,55,31,13051,12744
TAAGTCGCCGAGTATC-1,1,54,32,12939,12547
GCGGAGAAACTTCGCA-1,1,55,33,12825,12744
GGCAAAGGCGCCAATA-1,1,54,34,12712,12546
ATTTCCGGGTTCTGCG-1,1,55,35,12598,12743
TAAACCCAGGAGGGCA-1,1,54,36,12486,12545
TTCGGGCGCTAGTCTT-1,1,55,37,12372,12742
GTGGAGTCGGCGGTTG-1,0,54,38,12260,12544
GCACGCCTACTTAGAT-1,0,55,39,12146,12741
CAATATTCTTGACCTA-1,0,54,40,12033,12544
CGTTTGTGTAGAGGGT-1,0,55,41,11920,12740
CATAGCGTTGCCCACC-1,0,54,42,11807,12543
TGATACATTTAGCCGT-1,0,55,43,11693,12739
TTCCGGCCTTGAGGCT-1,0,54,44,11581,12542
CCTATACCGTCCTGTC-1,0,55,45,11467,12738
TCGTTGCTATCCGGTC-1,0,54,46,11355,12541
TGGCGACTGCTCCAAA-1,0,55,47,11241,12737
CAGAGGCGATGCATGA-1,0,54,48,11128,12540
TCACAGGAGAATAAGA-1,0,55,49,11014,12736
GGGTTAACATTTGAGT-1,0,54,50,10902,12539
GCGGGCGAGCCTTACC-1,0,55,51,10788,12736
TGCCAATGGGTACTCT-1,0,54,52,10676,12538
AGGGACTCTACGCGAC-1,1,55,53,10562,12735
GACGCCGTAAAGGCTA-1,0,54,54,10450,12537
AAAGGCTCTCGCGCCG-1,1,55,55,10336,12734
CTGGCTGGTTGTCAGT-1,1,54,56,10223,12536
ACATCCCGGCCATACG-1,1,55,57,10109,12733
CTCTTGTCCCGCTTGG-1,1,54,58,9997,12536
TACGCCTCCATTCCGA-1,1,55,59,9883,12732
CGGAGCAATTTAATCG-1,0,54,60,9771,12535
AACTAGGCTTGGGTGT-1,1,55,61,9657,12731
GCGTCGCCAGGGTGAT-1,0,54,62,9545,12534
GTTGGTCATGCTATCC-1,0,55,63,9431,12730
GCTGGCGGCGCATGCT-1,0,54,64,9318,12533
TGAGCGGAAAGTGTTC-1,0,55,65,9204,12729
CTTTCTGTGCGGGCTT-1,0,54,66,9092,12532
ATCTAATATCCTACGG-1,0,55,67,8978,12728
AACCTTTAAATACGGT-1,0,54,68,8866,12531
TTCACTCGAGCACCTA-1,0,55,69,8752,12728
CTGCACTCCAGTACAG-1,0,54,70,8639,12530
CCATTTCTACCTATTA-1,0,55,71,8526,12727
CAAGCGGCACATAATT-1,0,54,72,8413,12529
GTTAACATCACTTAAA-1,0,55,73,8299,12726
ATATAAATGTAGCTGC-1,0,54,74,8187,12529
GCCTCTATACATAGCA-1,0,55,75,8073,12725
GTGTCGTATAGCGTTC-1,0,54,76,7961,12528
ATACGTACTTAGCCAC-1,0,55,77,7847,12724
GCTATCATACTCATGG-1,0,54,78,7734,12527
TATCCAATTGGTTATC-1,0,55,79,7620,12723
TCTCCCTGGGCAGCGT-1,0,54,80,7508,12526
CCTATAATGAGTGCCC-1,0,55,81,7394,12722
CAATGCGAGAAGTATC-1,0,54,82,7282,12525
TACCAATAAAGTACCA-1,0,55,83,7168,12721
GCTAGGCACCACGGAG-1,0,54,84,7056,12524
GGTGGACTGCTCTGGC-1,0,55,85,6942,12721
TATTCCGAGCTGTTAT-1,0,54,86,6829,12523
TTGAGAAGTTTAGCAT-1,0,55,87,6715,12720
GTCCGGACCTGAAATT-1,0,54,88,6603,12522
CTGTGGTCGGGAGATA-1,0,55,89,6489,12719
CATGTAAGAGACATTT-1,0,54,90,6377,12521
CACGTTTCGTACACAC-1,0,55,91,6263,12718
CATCCTCTCAAAGATC-1,0,54,92,6150,12521
GATTAACCGAAAGCCC-1,0,55,93,6037,12717
AACGCTGTTGCTGAAA-1,0,54,94,5924,12520
TTCAGCTGGCGTGCCC-1,0,55,95,5810,12716
TAGAGGTTCTACTTGT-1,0,54,96,5698,12519
GTATCAAACGTTAGCT-1,0,55,97,5584,12715
AATCATGTAAAGACTC-1,0,54,98,5472,12518
AGTCACTAGCTCTCGA-1,0,55,99,5358,12714
GCGAAACGATCGGGAG-1,0,54,100,5245,12517
CATGGATTGTCTTCCG-1,0,55,101,5132,12713
ATTGGATTACAGCGTA-1,0,54,102,5019,12516
CACACACGCTAACGAG-1,0,55,103,4905,12713
CTATGGGAAGCGGAAT-1,0,54,104,4793,12515
TGCCTAATTGAAGATT-1,0,55,105,4679,12712
TGGCAATGGGACGGCG-1,0,54,106,4567,12514
ACCTCCGCCCTCGCTG-1,0,55,107,4453,12711
CGGCAATAAGATCGCC-1,0,54,108,4340,12513
CCTTGACCACTTTATT-1,0,55,109,4226,12710
TCATTTAGAAGTGTGA-1,0,54,110,4114,12513
CAGAATAACACACGGA-1,0,55,111,4000,12709
TCTGAGCAATTGACTG-1,0,54,112,3888,12512
CAACGTGGTGGAGTCT-1,0,55,113,3774,12708
CACAGTTCGCTTCCCA-1,0,54,114,3662,12511
TCTCTCGCCGCACATA-1,0,55,115,3548,12707
TGGGCAGGCCACCGCA-1,0,54,116,3435,12510
CTCCTGTTCAAGGCAG-1,0,55,117,3321,12706
TATTTGATTTGCACAG-1,0,54,118,3209,12509
GCCACTCCTTACGGTA-1,0,55,119,3095,12705
ACCGATATTTAATCAT-1,0,54,120,2983,12508
TTATTATCTGGAAGGC-1,0,55,121,2869,12705
TACATGCCGGAATTGT-1,0,54,122,2756,12507
GGCACTCAGCCGACCC-1,0,55,123,2643,12704
AAACCGGAAATGTTAA-1,0,54,124,2530,12506
AGACAGGCATCTCAGC-1,0,55,125,2416,12703
GTGGTGATGGTTTGTG-1,0,54,126,2304,12506
CCGATATGACGTAAGG-1,0,55,127,2190,12702
CATACACAAAGTCAGC-1,0,56,0,16557,12955
TGCCGTTCTTAATCGG-1,0,57,1,16443,13151
TCGAGTCTACGATTCG-1,0,56,2,16331,12954
ACTTCCAGTGGAAGCT-1,0,57,3,16217,13151
CAATTGGGCCGCACTC-1,0,56,4,16105,12953
AAATCGCGGAAGGAGT-1,0,57,5,15991,13150
ATATCAATTCCAGCCT-1,0,56,6,15878,12952
CTTTGTCGAATGCTCC-1,0,57,7,15765,13149
TGAGGCATGTACTGTG-1,0,56,8,15652,12951
TTCGCCGCTCGCGCTA-1,0,57,9,15538,13148
GACTCCTTCCAATTGA-1,0,56,10,15426,12951
ACCGAAGAGTCTGGTT-1,0,57,11,15312,13147
TGGCATGAAGTTTGGG-1,0,56,12,15200,12950
ACGAGGTTTACAACGT-1,0,57,13,15086,13146
AACCCATCCCATGATC-1,0,56,14,14973,12949
TCGACAACTGAACCCG-1,0,57,15,14859,13145
TATCTTGCAATACAAC-1,1,56,16,14747,12948
TATTATGTTTGCCTGC-1,0,57,17,14633,13144
GTCAAAGAAGTGGTGT-1,1,56,18,14521,12947
GGGACAGAGTTACTCC-1,1,57,19,14407,13143
AGCAACCGAAAGTAAT-1,1,56,20,14295,12946
CTCTCTAACTGCCTAG-1,1,57,21,14181,13143
ATACGGAACGTCGTTT-1,1,56,22,14068,12945
TCGGTCCCGACAATAG-1,1,57,23,13954,13142
CGCGCAAATGTCCAGA-1,1,56,24,13842,12944
TCTAATACTGCCTCAG-1,1,57,25,13728,13141
CTCGGTTGTCGGCCCT-1,1,56,26,13616,12943
GGTAACCGGGAGGATA-1,1,57,27,13502,13140
CAGGCGCACGGTGGTC-1,1,56,28,13390,12943
TCATCGATGGTCCCAA-1,1,57,29,13276,13139
CAAAGATTATTGGGCC-1,1,56,30,13163,12942
ACAATGAATACGGAGA-1,1,57,31,13049,13138
GCTCCTGACATACTGG-1,1,56,32,12937,12941
GATGACAAGTAGGGCA-1,1,57,33,12823,13137
TACGCCGAGGGTACCC-1,1,56,34,12711,12940
AAGCGTCCCTCATCGA-1,1,57,35,12597,13136
CACTCCTATGTAAGAT-1,1,56,36,12484,12939
TCGAGCCAGGCAGGCC-1,1,57,37,12371,13135
TCGTCAAGTACGCGCA-1,1,56,38,12258,12938
CCCGTAGCTGGGAAGA-1,1,57,39,12144,13135
ACCCTATGCCATATCG-1,1,56,40,12032,12937
GTGGTATAGTCTGCCG-1,1,57,41,11918,13134
CCGGTTTGTAATTGTG-1,1,56,42,11806,12936
GTCGCCGTTGTGTGTT-1,1,57,43,11692,13133
TACTGAACAGATTTAG-1,1,56,44,11579,12936
TATTAACCTGACCGCG-1,1,57,45,11465,13132
CTGTAGCCATCTCACT-1,1,56,46,11353,12935
TACTATGGTTCCTCAG-1,1,57,47,11239,13131
GAGTCAGACCAGAATC-1,1,56,48,11127,12934
TAAGGCATAACATCAA-1,1,57,49,11013,13130
CTTCCGCTCCGTGAAG-1,1,56,50,10901,12933
GGGCTATGATCGATGG-1,1,57,51,10787,13129
GGTCGGTCGTCCACAG-1,1,56,52,10674,12932
GGGACCCGTATATCTT-1,1,57,53,10560,13128
GAAAGCAGTGCACTTT-1,1,56,54,10448,12931
AGCGCATAATGAATCG-1,1,57,55,10334,13127
GCTGCTAAGTAGTCGA-1,1,56,56,10222,12930
AATAGTCCGTCCCGAC-1,1,57,57,10108,13127
AGCAGCCAGATGAATA-1,1,56,58,9996,12929
CCTCGCGCTGTGCGAT-1,1,57,59,9882,13126
TTGTGTATGCCACCAA-1,1,56,60,9769,12928
TGCTCGGCGAAACCCA-1,1,57,61,9655,13125
CGATTAAATATCTCCT-1,1,56,62,9543,12928
TGCCGTGGATCGTCCT-1,1,57,63,9429,13124
GTGGACGCATTTGTCC-1,0,56,64,9317,12927
ACCCGGAAACTCCCAG-1,0,57,65,9203,13123
CCGCATGTGGTACGAT-1,0,56,66,9090,12926
GCAAACCTTGGCCATA-1,0,57,67,8977,13122
ATTCACTGATGTTGGA-1,0,56,68,8864,12925
ACTCCCTAATGCTAAA-1,0,57,69,8750,13121
TCCTAAATTGGGAAGC-1,0,56,70,8638,12924
GAACAGATTACTAAAT-1,0,57,71,8524,13120
ATACAGGCCCTCCAAT-1,0,56,72,8412,12923
CGATTCGCCTGGCTGC-1,0,57,73,8298,13120
TCCGCCTGTCTACAAG-1,0,56,74,8185,12922
CACATCTCACCGACGA-1,0,57,75,8071,13119
CGTCGTCCTTCGCGAA-1,0,56,76,7959,12921
CGTTGAATACCGCGCT-1,0,57,77,7845,13118
ACCAATATGCAAGTTA-1,0,56,78,7733,12920
ACGGATGGTGCGGATA-1,0,57,79,7619,13117
CACCCTAACAAGATCT-1,0,56,80,7507,12920
AAGCTCTTTCATGGTG-1,0,57,81,7393,13116
CATGGGTATGCCTTAT-1,0,56,82,7280,12919
GCGCGTCATTGGTACA-1,0,57,83,7166,13115
TCTGAAGCACGTGGTC-1,0,56,84,7054,12918
AAGTTCACTCCAAGCT-1,0,57,85,6940,13114
TTGGACCTATAACAGT-1,0,56,86,6828,12917
ATCAGCCTCATGCTGC-1,0,57,87,6714,13113
AGTACTCTTATGCCCA-1,0,56,88,6601,12916
GCGCTTAAATAATTGG-1,0,57,89,6488,13112
TTGTGAACCTAATCCG-1,0,56,90,6375,12915
AGTCGTCGACCACCAA-1,0,57,91,6261,13112
TCCTTTAAATCCGCTT-1,0,56,92,6149,12914
ACTGAAACGCCGTTAG-1,0,57,93,6035,13111
GCACACACTGGTAGCC-1,0,56,94,5923,12913
TAAGGGCCTGTCCGAT-1,0,57,95,5809,13110
GCTAGAGTAGAGATGT-1,0,56,96,5696,12913
CACAGGGCCATATAGT-1,0,57,97,5583,13109
CCATGCCCTAGATTTC-1,0,56,98,5470,12912
TCGCGTAGCAGTGTCC-1,0,57,99,5356,13108
GACGAGGCTAATAAAC-1,0,56,100,5244,12911
CTACACTCGCAGATGG-1,0,57,101,5130,13107
ACGCATACGTTTACTA-1,0,56,102,5018,12910
GGAGCAACATTTCAAG-1,0,57,103,4904,13106
CGAGAGGGTAGCCGCG-1,0,56,104,4791,12909
TCGTGTTCGACCACAA-1,0,57,105,4677,13105
TCTACCCAATAGAGAG-1,0,56,106,4565,12908
ATAAACGTTGCACCAC-1,0,57,107,4451,13104
TCAACTGCAGAGTCAG-1,0,56,108,4339,12907
AGCTCCATATATGTTC-1,0,57,109,4225,13104
GTAACATCTAAGATAA-1,0,56,110,4113,12906
CCGACAATAGGCCGCC-1,0,57,111,3999,13103
ATGCTTAGGAGTTGAT-1,0,56,112,3886,12905
AACCCGAGCAGAATCG-1,0,57,113,3772,13102
CGGGTTTGTTAGGGCT-1,0,56,114,3660,12905
AGGCACGTGACTGTCC-1,0,57,115,3546,13101
GACAAGAGATGAGATT-1,0,56,116,3434,12904
AGCCCTTGGACATCCC-1,0,57,117,3320,13100
GCAGTTCGATCCGAGC-1,0,56,118,3207,12903
TCGAGGGCAACAGACG-1,0,57,119,3094,13099
ACTTTGTCGACGCACT-1,0,56,120,2981,12902
GAGTATCAAAGTTACA-1,0,57,121,2867,13098
CCAGGCTGGCGTCTGA-1,0,56,122,2755,12901
GGACTCTTCCGGTTGA-1,0,57,123,2641,13097
TCCCAGCACACGACAT-1,0,56,124,2529,12900
GCTCCATGAGTGCAGA-1,0,57,125,2415,13097
GCAGTGCGGGCGGATG-1,0,56,126,2302,12899
GCGTTCTGACTAAGCG-1,0,57,127,2189,13096
ATTTGGAGATTGCGGT-1,0,58,0,16556,13349
AAGGGTTTGATTTCAG-1,0,59,1,16442,13545
CCGGCCGCGAGCATAT-1,0,58,2,16329,13348
GAGTTCTGTGGGTGCT-1,0,59,3,16216,13544
AAACGAAGATGGAGTA-1,0,58,4,16103,13347
AATTACGAGACCCATC-1,0,59,5,15989,13543
CCTTTGAATTATGGCT-1,0,58,6,15877,13346
CATGGTATTAGTTTGT-1,0,59,7,15763,13542
AACGAAAGTCGTCCCA-1,0,58,8,15651,13345
ACATAAGTCGTGGTGA-1,0,59,9,15537,13542
GCACAACCTCGGGCGT-1,0,58,10,15424,13344
ATGCACGCGCTGTTCA-1,0,59,11,15310,13541
CGATGTTGTTATCTAC-1,0,58,12,15198,13343
GTCTCCTGCCAGTATG-1,0,59,13,15084,13540
GATGCCTTCTGCGGCA-1,0,58,14,14972,13342
ACCGGTCAGGTACACC-1,0,59,15,14858,13539
GTGGAGCGTTTACCGA-1,0,58,16,14746,13342
AGGCGGTTTGTCCCGC-1,0,59,17,14632,13538
TCCCTGGCGTATTAAC-1,0,58,18,14519,13341
AAACACCAATAACTGC-1,0,59,19,14405,13537
TGGACGCAATCCAGCC-1,0,58,20,14293,13340
GGAACCTTGACTCTGC-1,0,59,21,14179,13536
GTATCTCAGTCTTGAC-1,1,58,22,14067,13339
GCTGAATCTTCCAATC-1,0,59,23,13953,13535
AGATGCAAGACGTGCA-1,1,58,24,13841,13338
TTAAGGCCCGTACTTT-1,1,59,25,13727,13534
AGTATGCTGGAGACCA-1,1,58,26,13614,13337
GCGGCAAAGTATTGCC-1,1,59,27,13500,13534
GCGCAAATATATTCAA-1,1,58,28,13388,13336
GAAGAAACGATATTGT-1,1,59,29,13274,13533
GGACCTCTAGGCCGCC-1,1,58,30,13162,13335
AACAGCTGTGTGGCAA-1,1,59,31,13048,13532
TCGAATATCCCGCAGG-1,1,58,32,12935,13335
GCGACCCAACCATCTG-1,1,59,33,12822,13531
AGAGAAGGAGTACAAT-1,1,58,34,12709,13334
GGCTCCTCCACCTGTT-1,1,59,35,12595,13530
TCAGTGTATACGTCAT-1,1,58,36,12483,13333
ATTATTATGTCCGTCA-1,1,59,37,12369,13529
TTAGGTCATAACCGAC-1,1,58,38,12257,13332
AAGATGGCACCGGACC-1,1,59,39,12143,13528
CTACAAGAAATAACCC-1,1,58,40,12030,13331
ACTATTTCCGGGCCCA-1,1,59,41,11916,13527
TTGTTTCACATCCAGG-1,1,58,42,11804,13330
CGCTGTGTGGATGTTG-1,1,59,43,11690,13527
TCAACATAGCGCCCTA-1,1,58,44,11578,13329
GGCCGTTTGGGTTTCA-1,1,59,45,11464,13526
TACTCTTTCGTCTTCA-1,1,58,46,11352,13328
TTCGCGCGCCATACGA-1,1,59,47,11238,13525
CGGAAAGAATCAAACG-1,1,58,48,11125,13327
AGGCAGGGAGCGTACT-1,1,59,49,11011,13524
CCTTTAAGGGAGCACT-1,1,58,50,10899,13327
CGCCCAGCACGCCTAG-1,1,59,51,10785,13523
AGTATTTGGCACGACC-1,1,58,52,10673,13326
TATCCGCACCGTCGGG-1,1,59,53,10559,13522
ACCCGTGTCATCAGTA-1,1,58,54,10447,13325
CAACTGCTCATCCGAT-1,1,59,55,10333,13521
CCGGAGCGTACTTTCT-1,1,58,56,10220,13324
TACCGTAGGTTAACTA-1,1,59,57,10106,13520
TGAGGAGTGCCAGCTT-1,1,58,58,9994,13323
CCAGTCTTGTCATAGA-1,1,59,59,9880,13519
GGGCAGAGCAATCGTT-1,1,58,60,9768,13322
TACCAAATAGCCCAGA-1,1,59,61,9654,13519
TACCTACTCCCAGTAT-1,1,58,62,9541,13321
TGTGAGACTAGCCCAA-1,1,59,63,9428,13518
ATACCTAACCAAGAAA-1,1,58,64,9315,13320
GTCGGGAAGCAGAAAC-1,0,59,65,9201,13517
AATTAACGGATTTCCA-1,0,58,66,9089,13319
GAACCCTCTGTGTTCT-1,0,59,67,8975,13516
ATATAAAGCGCTCGTG-1,0,58,68,8863,13319
CCTGGTCGAATGTGGG-1,0,59,69,8749,13515
CTAGGTTCGGACGTGA-1,0,58,70,8636,13318
TCGGGAGACAGCGTAC-1,0,59,71,8522,13514
CATAAGAAGCTTGGCT-1,0,58,72,8410,13317
AAGCACCCTGCGTATC-1,0,59,73,8296,13513
AGTTTGCACCTGCCTC-1,0,58,74,8184,13316
GACTGCAAATCGAGCT-1,0,59,75,8070,13512
GTGTATATCAGCGGGC-1,0,58,76,7958,13315
CTTCAACTCCACTTGG-1,0,59,77,7844,13511
ACTTACGCATCCACGC-1,0,58,78,7731,13314
CATGAGATGCACTCTC-1,0,59,79,7617,13511
GAGCACCTGTGTCCAG-1,0,58,80,7505,13313
CGCGACCGCGACAGAT-1,0,59,81,7391,13510
GTCCCGCGACGTTATG-1,0,58,82,7279,13312
GCAGTGTGGCTATAGG-1,0,59,83,7165,13509
ATACTGCCTTACACCG-1,0,58,84,7052,13312
TACAGAAACGGTGGGC-1,0,59,85,6939,13508
GGCGCGGAGATCTTTC-1,0,58,86,6826,13311
CGTTAATGTCCCGACG-1,0,59,87,6712,13507
GCTAACTGAAGTCTGA-1,0,58,88,6600,13310
AGTGATAACCTGCGCG-1,0,59,89,6486,13506
TATGATCTTCTCTTTA-1,0,58,90,6374,13309
TGTACCTACACGAGGG-1,0,59,91,6260,13505
ATATCGTTCCTCGAAC-1,0,58,92,6147,13308
CGGCGCCATCAATCCC-1,0,59,93,6034,13504
CCTGTTTGAAGACACG-1,0,58,94,5921,13307
GCCACTCAGAGCGCGA-1,0,59,95,5807,13504
TCGGCTTGTATCGACG-1,0,58,96,5695,13306
TAGATGGTTCCTTACT-1,0,59,97,5581,13503
ATCGTTAGCTAGCGGA-1,0,58,98,5469,13305
ACAGCGACATTCTCAT-1,0,59,99,5355,13502
ATTCAACCATTTAAGG-1,0,58,100,5242,13304
CACTCTTCTGCTAGCC-1,0,59,101,5128,13501
CTAACTGATAATCGCC-1,0,58,102,5016,13304
TGATGTCAATTAAGTG-1,0,59,103,4902,13500
CGCCGTTCAGCATAGT-1,0,58,104,4790,13303
ATACTACCCGTACCAC-1,0,59,105,4676,13499
CCACTGTTTGGATTAA-1,0,58,106,4564,13302
CACTACGGGAGCTGCC-1,0,59,107,4450,13498
GACCAAACGTTGACTG-1,0,58,108,4337,13301
AAGAGGCCCTTTGGAA-1,0,59,109,4223,13497
ACACGTAGGCCACAAG-1,0,58,110,4111,13300
TACTCTTACTTTACTG-1,0,59,111,3997,13496
AGAGCCGCCGAGATTT-1,0,58,112,3885,13299
GGCCTGCTTCTCCCGA-1,0,59,113,3771,13496
TCAAGCGCGGACGGTA-1,0,58,114,3658,13298
ACACTGGGACAGTCGT-1,0,59,115,3545,13495
TGTGTAGTAGCACGTG-1,0,58,116,3432,13297
CTAGCCACAGGCGAGC-1,0,59,117,3318,13494
CTATCGCGTAGAGAAC-1,0,58,118,3206,13296
GTTCCCGTAAACATAT-1,0,59,119,3092,13493
TCTTTCCTTCGAGATA-1,0,58,120,2980,13296
ATATTGGAGAGGCCTT-1,0,59,121,2866,13492
AGGCGATAACTGGCGT-1,0,58,122,2753,13295
ACCCGGAGCACCACAA-1,0,59,123,2639,13491
TGAGCTCAACTGTATA-1,0,58,124,2527,13294
ACGACCCATGAGTTGC-1,0,59,125,2413,13490
CGGTCAGTCCATATTT-1,0,58,126,2301,13293
TCCGGCTGTCGGGTCG-1,0,59,127,2187,13489
ATTCCCGAAGGTACAG-1,0,60,0,16554,13742
CTAACAGCACAATAAC-1,0,61,1,16440,13939
TTGTGCGGAAGCGGAT-1,0,60,2,16328,13742
GGGCACTATTGACCAT-1,0,61,3,16214,13938
CCATAGAGGCTGCCAG-1,0,60,4,16102,13741
CCGAAGCATTGACCAA-1,0,61,5,15988,13937
TACTGAGGGAAGAAAG-1,0,60,6,15875,13740
TATGTAGAAACCCGGC-1,0,61,7,15761,13936
TGGTTAACTTACATTT-1,0,60,8,15649,13739
AGAACCCTCAATTGGG-1,0,61,9,15535,13935
CCTATATCGTGTCACG-1,0,60,10,15423,13738
ACGGCTGGATGTAGAA-1,0,61,11,15309,13934
CTCGCATTGCATAGCC-1,0,60,12,15197,13737
ACTTTGGTCGTGCTCC-1,0,61,13,15083,13933
GCTGGTTTAGGCCATA-1,0,60,14,14970,13736
TGTCGTTATCACATAT-1,0,61,15,14856,13933
ACACATGATCAAATCT-1,0,60,16,14744,13735
TATCCATCTCGGTTAG-1,0,61,17,14630,13932
CTCGTCGAGGGCTCAT-1,0,60,18,14518,13734
ATCAATGCCGTGGCTG-1,0,61,19,14404,13931
GAAACATAGGAAACAG-1,0,60,20,14292,13734
TAATAGGTCACCAGAA-1,0,61,21,14178,13930
CACCAGTCAGCATGCA-1,0,60,22,14065,13733
GAGCGCTGTTAGGTAA-1,0,61,23,13951,13929
CCCTATGTAGAGCAGA-1,0,60,24,13839,13732
GATCGCTATATCTCAG-1,0,61,25,13725,13928
AAGGGACTATGCATTC-1,0,60,26,13613,13731
CTCGGGTTCTCTGGCC-1,0,61,27,13499,13927
TATATATCGAGAAATG-1,1,60,28,13386,13730
ACCCGAGCGAAATTAC-1,0,61,29,13273,13926
TTGTTTCATTAGTCTA-1,1,60,30,13160,13729
ATGGGACCTGCTGAAC-1,1,61,31,13046,13926
TGCGACGGCCGAACGT-1,1,60,32,12934,13728
AGCTAACAAGCAATGT-1,1,61,33,12820,13925
CGTGTCTCGTTACGAC-1,1,60,34,12708,13727
CTAAATCCGGTGTACA-1,1,61,35,12594,13924
GAATAGTGCTCGATTA-1,1,60,36,12481,13726
AACAATACATTGTCGA-1,1,61,37,12367,13923
CACATCGTGCACGCGC-1,1,60,38,12255,13726
ACCGTGACCACGTGGG-1,1,61,39,12141,13922
CCCAATGAGATTTGCA-1,1,60,40,12029,13725
TCAGCAGTAGGCCCTG-1,1,61,41,11915,13921
CTACTCAAGGTATAGT-1,1,60,42,11803,13724
TAGTAGCTTATACCAG-1,1,61,43,11689,13920
ACGTTCGTTCAGGAAA-1,1,60,44,11576,13723
TTAGAATAAGGGTCGG-1,1,61,45,11462,13919
TTCTAGAAAGTCTTAT-1,1,60,46,11350,13722
CCTTCAGTTAAAGTGA-1,1,61,47,11236,13918
TAGCTAGTGATGATGG-1,1,60,48,11124,13721
AGCCCGGTAGCCTGTA-1,1,61,49,11010,13918
TACCTCAGTTGTCTGT-1,1,60,50,10898,13720
GACGGGTTGGCCCGTA-1,1,61,51,10784,13917
GAAACCTATACAAATG-1,1,60,52,10671,13719
TCCACCTCTAGCCTTT-1,1,61,53,10557,13916
AAGACCCAACTGAACA-1,1,60,54,10445,13718
CATACACGGTTCCCAC-1,1,61,55,10331,13915
ACTACGCGTTAGAATT-1,1,60,56,10219,13718
CTTGGCCAAGCTGGGA-1,1,61,57,10105,13914
TTACCCTAGGGATTGG-1,1,60,58,9992,13717
TTCGCACTGTACGACA-1,1,61,59,9879,13913
TAGGTGTTCCACAGAT-1,1,60,60,9766,13716
GAAGCCTGCACATTCC-1,1,61,61,9652,13912
GGCTTTCAATAAGGGT-1,1,60,62,9540,13715
TCCAGGGTATATACGA-1,1,61,63,9426,13911
CTCGCCGAATGTAGGG-1,0,60,64,9314,13714
AGGAAGCTGTCCGCCG-1,0,61,65,9200,13910
GTCTCAAGGCCCGGCT-1,0,60,66,9087,13713
ACCGACACATCTCCCA-1,0,61,67,8973,13910
TATACGCGTCATCACT-1,0,60,68,8861,13712
ATCTGGGCTGTTCTTG-1,0,61,69,8747,13909
TCAAATTTGAGACTCA-1,0,60,70,8635,13711
GTTAAGGGTGCGATGT-1,0,61,71,8521,13908
AGCAAAGGCCGCTAGT-1,0,60,72,8409,13711
TTATAGGTAATTGTCT-1,0,61,73,8295,13907
TTGTGCAGCCACGTCA-1,0,60,74,8182,13710
ACGGACTCTCAAAGCG-1,0,61,75,8068,13906
ATGCTCTGGCGCGGTA-1,0,60,76,7956,13709
ATAATCTTGGAGAACC-1,0,61,77,7842,13905
CTCATTGCTCTAACAA-1,0,60,78,7730,13708
TAGGTGACGATAACCT-1,0,61,79,7616,13904
CGGATCCTCAAGGACT-1,0,60,80,7503,13707
GGGCGTGGTTTCCCAG-1,0,61,81,7390,13903
TGGCTATGTGACATAC-1,0,60,82,7277,13706
CTTAGTGTAGTAGCAT-1,0,61,83,7163,13903
GGATTGCTGTGACTCC-1,0,60,84,7051,13705
ACTTCCATGCGGGACA-1,0,61,85,6937,13902
ACTCAAGTGCAAGGCT-1,0,60,86,6825,13704
ACAAGGATGCTTTAGG-1,0,61,87,6711,13901
TTGAACGACGTGCTGA-1,0,60,88,6598,13703
ATTCATCGTTGAGGCA-1,0,61,89,6485,13900
TGCAACCCATCTGCGG-1,0,60,90,6372,13703
AGTGCTAAACACAGCA-1,0,61,91,6258,13899
AACTCCAGAGCGTGTT-1,0,60,92,6146,13702
TCTCCACAAGTTGAAT-1,0,61,93,6032,13898
CTTTGCATCGCTCTTG-1,0,60,94,5920,13701
TCACAAACCGAGGTAC-1,0,61,95,5806,13897
CCGTAGGAAATCCCTG-1,0,60,96,5693,13700
AAACATTTCCCGGATT-1,0,61,97,5579,13896
GCCTCCGACAATTCAC-1,0,60,98,5467,13699
TCTGCATACCTTGCTT-1,0,61,99,5353,13895
ACCCATTTGTCCCTCT-1,0,60,100,5241,13698
CTGCAGAGAATCAGAG-1,0,61,101,5127,13895
GGAAACTAAATGGGCC-1,0,60,102,5015,13697
CAACCTACCGAGCAGT-1,0,61,103,4901,13894
CCGTAGGGTTGTTTAC-1,0,60,104,4788,13696
GGTTTGTGACCTGAGG-1,0,61,105,4674,13893
TAACCTAGGGAGTCCA-1,0,60,106,4562,13695
TTCCATCGACAGCGTG-1,0,61,107,4448,13892
ATCTCCCACGGAATAT-1,0,60,108,4336,13695
GTTTCAAACGAGTTGT-1,0,61,109,4222,13891
GGAACTTTGGCGATTA-1,0,60,110,4109,13694
CTGCAAGCACGTTCCG-1,0,61,111,3996,13890
CACAGTCCCGCTTCGC-1,0,60,112,3883,13693
TACGCTCGGTATTGGA-1,0,61,113,3769,13889
CTGGTAAAGTGTGGGC-1,0,60,114,3657,13692
CAACCAGTGGCCTACC-1,0,61,115,3543,13888
TCTTCGCGGTGAGAGG-1,0,60,116,3431,13691
TTCGGGTTGCCACGGG-1,0,61,117,3317,13887
ACCGATAGGCATAACC-1,0,60,118,3204,13690
CTTATAGATGGCTGTT-1,0,61,119,3090,13887
AGACGCCCACTTCGCC-1,0,60,120,2978,13689
AGGTCGCCTCCCAACA-1,0,61,121,2864,13886
CCTCACGTCAGCTAAT-1,0,60,122,2752,13688
CCACCTGTATGGAATA-1,0,61,123,2638,13885
GGACTCGAAGCTTTCA-1,0,60,124,2526,13688
AAGCCGGAGAGCAGGA-1,0,61,125,2412,13884
GCCTATCAGGTAAGAT-1,0,60,126,2299,13687
TCAGAGTGTGAGCATG-1,0,61,127,2185,13883
AAACATGGTGAGAGGA-1,0,62,0,16553,14136
ATCATTGTACCGCATT-1,0,63,1,16439,14333
TCAGCTTGAGCTTTCG-1,0,62,2,16326,14135
CCGCGCAAGATACCCA-1,0,63,3,16212,14332
CTATACTTAAAGCGAG-1,0,62,4,16100,14134
ACCGTCCACTGGGCCC-1,0,63,5,15986,14331
AAGACCAAATAACTCA-1,0,62,6,15874,14133
TGTTTCTGAAGCGTGC-1,0,63,7,15760,14330
TTCTCTTACAGGTGAT-1,0,62,8,15648,14133
AATTCATTGTCATGCA-1,0,63,9,15534,14329
GCCCGAGAGTCTAAAT-1,0,62,10,15421,14132
ATATAGAGTATTGGTC-1,0,63,11,15307,14328
TTGAAGGATGGGCGCC-1,0,62,12,15195,14131
TAGTACCACAACTTTC-1,0,63,13,15081,14327
ATCCCATCCACAGCGC-1,0,62,14,14969,14130
CTTAGGTATAGACCAG-1,0,63,15,14855,14326
TGACTCCGAATCATAC-1,0,62,16,14743,14129
ACTACATCCCGACAAG-1,0,63,17,14629,14325
TTGCCGCAGACCTACA-1,0,62,18,14516,14128
TAAGAGGGACAGGGAC-1,0,63,19,14402,14325
CGAATGAAGTCATTGC-1,0,62,20,14290,14127
AAGGGAACGACTGGCT-1,0,63,21,14176,14324
CGAATCTGCTCGACGC-1,0,62,22,14064,14126
ATCGTGGAAAGTCTGG-1,0,63,23,13950,14323
CCTATGGCTCCTAGTG-1,0,62,24,13837,14125
CGTCGCTTGGTTATAC-1,0,63,25,13724,14322
TGCTTAGAGAGAATGC-1,0,62,26,13611,14125
GATTGCTCCAGTTGCA-1,0,63,27,13497,14321
CGTGCTTCTACCTAAA-1,0,62,28,13385,14124
ACTCCAATATCATCAT-1,0,63,29,13271,14320
GCCGACCCACGACTGC-1,0,62,30,13159,14123
GAGGGTAGTAACAAAG-1,0,63,31,13045,14319
GGCCGAGACTCTGGTG-1,1,62,32,12932,14122
TATATAGGGCTTTACG-1,0,63,33,12818,14318
TGCCGGATGTACGAGC-1,1,62,34,12706,14121
AGGTAGATCGAGATAT-1,1,63,35,12592,14317
GATCAACATAAAGGGA-1,1,62,36,12480,14120
TAACAGCGTTTGTGCT-1,1,63,37,12366,14317
CTATAGGCGTTGATGT-1,1,62,38,12254,14119
GGTTTAATTACCATCG-1,1,63,39,12140,14316
CTCTTCTGGAAGTTAG-1,1,62,40,12027,14118
ATCTGACATGGAAGGA-1,1,63,41,11913,14315
TACGTACTAGTGCTGA-1,1,62,42,11801,14118
ATGACTATCAGCTGTG-1,1,63,43,11687,14314
CTTTGGGATTGTTGCA-1,1,62,44,11575,14117
AGACTGTTACCGGGTC-1,1,63,45,11461,14313
TCCTAACCGTCGGGCA-1,1,62,46,11348,14116
ACGCAAACTAATAGAT-1,1,63,47,11235,14312
AAGTGAGTCGGGTTTA-1,1,62,48,11122,14115
TAAAGCGGTATTTCCA-1,1,63,49,11008,14311
CTCCTCCAGCTCACAC-1,1,62,50,10896,14114
CGGTCCGTCGCAAGCC-1,1,63,51,10782,14310
CCTATATTTGTCCTGG-1,1,62,52,10670,14113
TCCAATAAAGGCTACC-1,1,63,53,10556,14309
AAAGGCTACGGACCAT-1,1,62,54,10443,14112
CGTGACCAGTCCTCTG-1,1,63,55,10330,14309
GATCTGCTATCTAAGG-1,1,62,56,10217,14111
CGAATGACGCATAATG-1,1,63,57,10103,14308
GCTCAATGTAATACCG-1,1,62,58,9991,14110
CTATGCCCGAATGCAA-1,1,63,59,9877,14307
CACAGGGCCGTTGTCA-1,1,62,60,9765,14110
TCAATACGCCGTCATG-1,1,63,61,9651,14306
AGCGGACACTTCGTAG-1,1,62,62,9538,14109
ATACGTTATGCACGGA-1,1,63,63,9424,14305
GAGTAGATACTAGTTG-1,0,62,64,9312,14108
CCAGCTCGAACGCATT-1,0,63,65,9198,14304
TGCTTCCCAAGCAGTA-1,0,62,66,9086,14107
GTAGACACGCCTGACT-1,0,63,67,8972,14303
CTCACATTTACTAAAT-1,0,62,68,8860,14106
GAATGCGAATCGGTTC-1,0,63,69,8746,14302
TAAGGCCCGTCACCCT-1,0,62,70,8633,14105
GAGTATGCGCGTGCAT-1,0,63,71,8519,14302
ATCCACATCGACAGAA-1,0,62,72,8407,14104
TAGACGAAACGCCAAT-1,0,63,73,8293,14301
CAGCAGTCTGTGCTGC-1,0,62,74,8181,14103
CTCACTGTGATACTTA-1,0,63,75,8067,14300
TTAATTGCTTTGGGTG-1,0,62,76,7954,14102
GTAGTCTACGATATTG-1,0,63,77,7841,14299
TTGCCGCTTTCTAGTA-1,0,62,78,7728,14102
GAACCTTTAACGATCC-1,0,63,79,7614,14298
TGGACCAATCTAAGAT-1,0,62,80,7502,14101
CTAGTAGAAAGGGATT-1,0,63,81,7388,14297
AACCTCGCTTTAGCCC-1,0,62,82,7276,14100
GAGTGTCAACCAGAAA-1,0,63,83,7162,14296
GTGATCCTTGTCATGA-1,0,62,84,7049,14099
CTCAACTAACCCGGAT-1,0,63,85,6936,14295
AGTGGCGTCTGAAGGT-1,0,62,86,6823,14098
GGGAAGGGCTTTCTCA-1,0,63,87,6709,14294
AGGCCTGAGAATCTCG-1,0,62,88,6597,14097
AGCCACAGGTTACCCG-1,0,63,89,6483,14294
TGCAATCTAACACGGT-1,0,62,90,6371,14096
GTTTGGGTTTCGCCCG-1,0,63,91,6257,14293
CCTATGTCCACTCCAC-1,0,62,92,6144,14095
CTGCCTTTCTAGTAAA-1,0,63,93,6030,14292
TTAGTAAACCTGCTCT-1,0,62,94,5918,14095
TTGTGGTGGTACTAAG-1,0,63,95,5804,14291
CCTCCTGTTGTGTCGT-1,0,62,96,5692,14094
ACAAAGCATGACCTAG-1,0,63,97,5578,14290
ATAGCAACTAGGGAAG-1,0,62,98,5466,14093
CCGCTCTTCCGAACTA-1,0,63,99,5352,14289
TAGAATAGCCGATGAA-1,0,62,100,5239,14092
GGTCTCCGTCCAGGTT-1,0,63,101,5125,14288
TAATTACGTCAGTAGA-1,0,62,102,5013,14091
TACGTAAAGCGGAGTG-1,0,63,103,4899,14287
GCTACAATCGAGGATA-1,0,62,104,4787,14090
TCAGCCAATCCGTAAA-1,0,63,105,4673,14286
ATCATAGCCCTATGTA-1,0,62,106,4560,14089
GAGGCCTGTTGATACA-1,0,63,107,4447,14286
ATATACGCTCGTGACG-1,0,62,108,4334,14088
CCCTTTAATGGAGTTC-1,0,63,109,4220,14285
TTACACGATCTGCGAC-1,0,62,110,4108,14087
TCGCATAAAGGGCGCA-1,0,63,111,3994,14284
TGTAGCCATCCCATTC-1,0,62,112,3882,14087
GGGTCTATCGCTTTCC-1,0,63,113,3768,14283
GGAGGGTCAAGTAAGA-1,0,62,114,3655,14086
TACGGCATGGACGCTA-1,0,63,115,3541,14282
CACGTCAATCAATGGA-1,0,62,116,3429,14085
CGCTTGGACGGATAGA-1,0,63,117,3315,14281
CGCGGTACGGTATACA-1,0,62,118,3203,14084
CCTACTCAACACGATT-1,0,63,119,3089,14280
CGTTTGGTGTTGTGGG-1,0,62,120,2977,14083
GTTGTTGCAAGATGGC-1,0,63,121,2863,14279
CATTCGTCGTAGCGGT-1,0,62,122,2750,14082
CAGCCTCGATAGCGGT-1,0,63,123,2636,14279
TCATAAGTCCAAGAAG-1,0,62,124,2524,14081
AAAGTGCCATCAATTA-1,0,63,125,2410,14278
GTTGCAGTCGACAACA-1,0,62,126,2298,14080
TAAATGGGCTACTGAG-1,0,63,127,2184,14277
GGACAAGCCATGATCG-1,0,64,0,16551,14530
TCCAATGCGTCGCCGC-1,0,65,1,16437,14726
AAAGAATGACCTTAGA-1,0,64,2,16325,14529
CCTATTATTCCGGCCG-1,0,65,3,16211,14725
CAGTAAGGGACGTCTC-1,0,64,4,16099,14528
GGGATGGACCCGCGTC-1,0,65,5,15985,14724
GACGCATACCCGTCGG-1,0,64,6,15872,14527
GGGCAGGATTTCTGTG-1,0,65,7,15758,14724
TATCTGAGCCGATATT-1,0,64,8,15646,14526
AATGTATGGCACTGTA-1,0,65,9,15532,14723
GCCTTTGTCAGTGGAC-1,0,64,10,15420,14525
AACCATAGGGTTGAAC-1,0,65,11,15306,14722
AAACTTAATTGCACGC-1,0,64,12,15194,14524
TAGGCGGCTGCAAAGA-1,0,65,13,15080,14721
TCCATCAATACTAATC-1,0,64,14,14967,14524
ACCTCGAACTTATGCT-1,0,65,15,14853,14720
ACAAACCATGCGTCCT-1,0,64,16,14741,14523
ACACCGGTCTGACCGC-1,0,65,17,14627,14719
ATGGCAGCATTACGAT-1,0,64,18,14515,14522
CTGGTGAATGGGCCTA-1,0,65,19,14401,14718
CACAGAGACGAGGACG-1,0,64,20,14288,14521
GCACAAACCCTAGATG-1,0,65,21,14175,14717
ACTATGTCCAGCTGCC-1,0,64,22,14062,14520
AAGCCGCCGTGAAATC-1,0,65,23,13948,14716
ATGGGTGTATACCTCC-1,0,64,24,13836,14519
TAAGCGCGAATCAAAT-1,0,65,25,13722,14716
AGCCCGGCATTAGAGG-1,0,64,26,13610,14518
GTGATCAAGCGTGCAC-1,0,65,27,13496,14715
CTGCCTTTAATACCTT-1,0,64,28,13383,14517
TACCTCCACACCAATG-1,0,65,29,13269,14714
GAGCATCAACAACTTG-1,0,64,30,13157,14517
CATACGAACTAGCTGG-1,0,65,31,13043,14713
GGGAACGGTTTCAGAT-1,0,64,32,12931,14516
AGGGTGCCGTTCTTTA-1,0,65,33,12817,14712
ACGACTGGTCATACTC-1,0,64,34,12705,14515
GGATCTTACTGCCCTT-1,0,65,35,12591,14711
TACTCCTCTAGTTGAC-1,0,64,36,12478,14514
GTAGCTCCGGGAGGCT-1,0,65,37,12364,14710
GGACTCGTGAGTGGTC-1,1,64,38,12252,14513
GTAGTTCGAAGGCGAA-1,0,65,39,12138,14709
CTCAAACCACTGCCCG-1,1,64,40,12026,14512
GAGGGAGTCAGATCGC-1,1,65,41,11912,14709
GCGTCCCTAAGACATA-1,1,64,42,11799,14511
TCTCTTACCGCGAACC-1,1,65,43,11686,14708
GGCTACTATACACTCC-1,1,64,44,11573,14510
CGTTGCCCGCGTGGGA-1,1,65,45,11459,14707
TATAGAGTCGCTTGAA-1,1,64,46,11347,14509
ATGTTGTAGTCTGTTT-1,1,65,47,11233,14706
AGTATACACAGCGACA-1,1,64,48,11121,14509
TGTGGTTGCTAAAGCT-1,1,65,49,11007,14705
TGATTCCCGGTTACCT-1,1,64,50,10894,14508
CACTGACGATTGTGGA-1,1,65,51,10781,14704
AACATTGTGACTCGAG-1,1,64,52,10668,14507
GTCCAATATTTAGCCT-1,1,65,53,10554,14703
GCTCTTTCCGCTAGTG-1,1,64,54,10442,14506
GGGTCAGGAGCTAGAT-1,1,65,55,10328,14702
AGGTGGTGACCTTCGC-1,1,64,56,10216,14505
CCCGGGTCGTTCAGGG-1,1,65,57,10102,14701
AGCCAAGCTTTGTGTC-1,1,64,58,9989,14504
TGTGGCGGGCTTCTGG-1,1,65,59,9875,14701
CGAGGGTATCCAGGTG-1,1,64,60,9763,14503
CGTTCAGACCCGCGAA-1,1,65,61,9649,14700
TCATATGAGCTTTGTT-1,1,64,62,9537,14502
AGTTGACGGTCCTTGC-1,1,65,63,9423,14699
ATAATTAGCTAAGTAG-1,1,64,64,9311,14501
GGTCTTGAGCGCTCTT-1,1,65,65,9197,14698
CGTTGTCGGCAATTGA-1,0,64,66,9084,14501
TCTTGCTCCCGATACT-1,0,65,67,8970,14697
AGCAGAAGGAGAAAGA-1,0,64,68,8858,14500
GAAGCCACTGATTATG-1,0,65,69,8744,14696
TGCTCTTGAGAGTTTG-1,0,64,70,8632,14499
GACATCCGTCGAACTG-1,0,65,71,8518,14695
AGATATAATACGACTA-1,0,64,72,8405,14498
TCGCTACTGGCTTTGA-1,0,65,73,8292,14694
GTGACAGCTTCCCACT-1,0,64,74,8179,14497
GTGACGCAGGTTTCAT-1,0,65,75,8065,14693
GGGAAGACGGTCTGTC-1,0,64,76,7953,14496
CGTCGCATGTGAGCCA-1,0,65,77,7839,14693
AGAAGGTTGTAGGTCG-1,0,64,78,7727,14495
GGCCGGCGTCTGCTAT-1,0,65,79,7613,14692
TTGACCAGGAACAACT-1,0,64,80,7500,14494
AGTCGTATAAAGCAGA-1,0,65,81,7387,14691
GGCGTAGGGAAAGCTG-1,0,64,82,7274,14494
AAACCTAAGCAGCCGG-1,0,65,83,7160,14690
ATTGCCTTTATGTTTG-1,0,64,84,7048,14493
CAGGCAGTCTTACCAG-1,0,65,85,6934,14689
AGCTAAGTACGCAGGC-1,0,64,86,6822,14492
AAATCCGATACACGCC-1,0,65,87,6708,14688
CGAGAGCTTTCACTAC-1,0,64,88,6595,14491
CGCCCAGCGTTTCACG-1,0,65,89,6481,14687
TTAAGTATTGTTATCC-1,0,64,90,6369,14490
AAACGGGCGTACGGGT-1,0,65,91,6255,14686
GTATCCTTTGGTAACC-1,0,64,92,6143,14489
CATAGTCAAATACATA-1,0,65,93,6029,14686
TCTATGCTATAACGAC-1,0,64,94,5917,14488
ACGTTCTGTACAAGTC-1,0,65,95,5803,14685
CGCGAAGTGGCATACT-1,0,64,96,5690,14487
ACCAACCGCACTCCAC-1,0,65,97,5576,14684
GTCATGCGCGAGGGCT-1,0,64,98,5464,14486
TAGGCTAAAGTGGCAC-1,0,65,99,5350,14683
TGGCTACACTCTACCT-1,0,64,100,5238,14486
TGTCCACGGCTCAACT-1,0,65,101,5124,14682
AATTGCAGCAATCGAC-1,0,64,102,5011,14485
GTCAACCAGGCCTATA-1,0,65,103,4898,14681
ATCTTATCGCACACCC-1,0,64,104,4785,14484
GTCTATTGCATGCTCG-1,0,65,105,4671,14680
GCACGTGGTTTACTTA-1,0,64,106,4559,14483
ATTCGCGCCTTGAGAG-1,0,65,107,4445,14679
AGCGATGCGCCTAATA-1,0,64,108,4333,14482
TCTATAGGTGGGTAAT-1,0,65,109,4219,14678
AGATACCAATAGAACC-1,0,64,110,4106,14481
CGTGTATGGGAGCTGA-1,0,65,111,3992,14678
ATGTACATGCGGTGAG-1,0,64,112,3880,14480
TTGGCTCAATATGTGT-1,0,65,113,3766,14677
GTTCGGAGCACTCAAC-1,0,64,114,3654,14479
TCCCTCTTCTCAAGGG-1,0,65,115,3540,14676
TTACGTATCTATGACA-1,0,64,116,3428,14478
CCCATATAGGTCGATT-1,0,65,117,3314,14675
GTCCACGTCGCATTCG-1,0,64,118,3201,14478
AATTGTGGTTGCCAAA-1,0,65,119,3087,14674
AGGAACGAACGACTTC-1,0,64,120,2975,14477
TAATTCCAATGCTTCA-1,0,65,121,2861,14673
AGGGCCCTAATGTTCT-1,0,64,122,2749,14476
AGGTGTTGCCGACCAC-1,0,65,123,2635,14672
CTGAGAGTAGAAATAC-1,0,64,124,2523,14475
TAGAAGAAGGGTTACA-1,0,65,125,2409,14671
GGTGACTGATAGAGAG-1,0,64,126,2296,14474
TACCCTCGGTAACCCT-1,0,65,127,2182,14670
TGTAAGACTGATAAGA-1,0,66,0,16550,14924
GTCACTCATGAGCGAT-1,0,67,1,16436,15120
CGGTTTACTGAACATT-1,0,66,2,16323,14923
GAGATCGATCTTACTC-1,0,67,3,16209,15119
TCTTTCATCCGTCCTT-1,0,66,4,16097,14922
TCGGATCTGGATGACC-1,0,67,5,15983,15118
GTCCTAGGATACCTTA-1,0,66,6,15871,14921
TGTACCCGACCCTAAT-1,0,67,7,15757,15117
AGGTTCTCCTTTCCGG-1,0,66,8,15645,14920
AATTGCGTGGATTACA-1,0,67,9,15531,15116
CGATAGCGATACAGTG-1,0,66,10,15418,14919
CGCCCTAATTGTTCAA-1,0,67,11,15304,15115
ATTATGAGACCCAATT-1,0,66,12,15192,14918
CCTCCTAGCTAGAGTC-1,0,67,13,15078,15115
CGAAGGGTTTCAGATT-1,0,66,14,14966,14917
CACAAGCTAAGAAAGG-1,0,67,15,14852,15114
CACCGGTAGAGACATT-1,0,66,16,14739,14916
ACTCATGGCAGCCTTC-1,0,67,17,14626,15113
CATCCAATATAGTTTG-1,0,66,18,14513,14916
CAGATATGAAGATGAC-1,0,67,19,14399,15112
GCAAAGGGCGTTAGCC-1,0,66,20,14287,14915
CTGTTGTTCAGTCGTA-1,0,67,21,14173,15111
AAAGGCCCTATAATAC-1,0,66,22,14061,14914
AACATTGAAGTTGATC-1,0,67,23,13947,15110
GCTAGCGATAGGTCTT-1,0,66,24,13834,14913
ATTGCCTATTAGACCG-1,0,67,25,13720,15109
GGGCGTTTACATTCAT-1,0,66,26,13608,14912
CCTCTACAAGGATTGG-1,0,67,27,13494,15108
AGTGACTGTGACACAA-1,0,66,28,13382,14911
AGCCCTCCCTGGTGGC-1,0,67,29,13268,15108
CGGTTGAGTATCCTTC-1,0,66,30,13156,14910
CATTATCCCATTAACG-1,0,67,31,13042,15107
AATGTGCTAATCTGAG-1,0,66,32,12929,14909
CTTAGTTGAGGAATCG-1,0,67,33,12815,15106
CTTCTGGGCGTACCTA-1,0,66,34,12703,14908
AGTCAAATGATGTGAT-1,0,67,35,12589,15105
TGAACAAGCAGGGACT-1,0,66,36,12477,14908
AATACCGGAGGGCTGT-1,0,67,37,12363,15104
GTTTGGTGATCGGTGC-1,0,66,38,12250,14907
GACTGCTGGTGAGAAA-1,0,67,39,12137,15103
CGATCCTCGCAACATA-1,0,66,40,12024,14906
CCAACCTTATGTAACT-1,0,67,41,11910,15102
CGTGGTACCCAAAGGC-1,0,66,42,11798,14905
AACCCGACAACCCGTG-1,0,67,43,11684,15101
TATGTAAAGTGCTTAA-1,0,66,44,11572,14904
GCAAGTGTAAAGCATG-1,0,67,45,11458,15100
GTAACTGCCCAAGGAG-1,1,66,46,11345,14903
GGTGCATAAATGATTA-1,0,67,47,11232,15100
TAGTCCCGGAGACCAC-1,1,66,48,11119,14902
CGGCCAGAGCGACCAT-1,1,67,49,11005,15099
TGAATGAGTGTTTCCC-1,1,66,50,10893,14901
TTCACTTCCTAGAACG-1,1,67,51,10779,15098
CGCTTAGTATTGATAC-1,1,66,52,10667,14901
AACGCGACCTTGGGCG-1,1,67,53,10553,15097
GTGCACCAGCTTCAAC-1,1,66,54,10440,14900
TTCTATTAAACGCAGC-1,1,67,55,10326,15096
TGGCAAGCACAAGTCG-1,1,66,56,10214,14899
ATCTGCTGTTATCGCC-1,1,67,57,10100,15095
AATTCCAAGCATGTAC-1,1,66,58,9988,14898
AAACGGTTGCGAACTG-1,1,67,59,9874,15094
GAAGGAGTCGAGTGCG-1,1,66,60,9762,14897
GGCAAGCCCATAGTGG-1,1,67,61,9648,15093
TGACCAAATCTTAAAC-1,1,66,62,9535,14896
TTCGGTACTGTAGAGG-1,1,67,63,9421,15092
ATGTACGATGACGTCG-1,1,66,64,9309,14895
ATCTAGCTTGTGAGGG-1,1,67,65,9195,15092
AGCGGGTCTGACACTC-1,1,66,66,9083,14894
GAGGTACGCGTGTCCC-1,0,67,67,8969,15091
GCACTGCCTACCTTTA-1,0,66,68,8856,14893
GGAGCGAGGCCTACTT-1,0,67,69,8743,15090
AAACTCGGTTCGCAAT-1,0,66,70,8630,14893
GGCGCTTCATTCCCTG-1,0,67,71,8516,15089
TGCTCGGTGGGTCACC-1,0,66,72,8404,14892
AAGCGCAGGGCTTTGA-1,0,67,73,8290,15088
GACCTTCCACGTCTAC-1,0,66,74,8178,14891
GTTAGCCCATGACATC-1,0,67,75,8064,15087
AATTCGATTCGAGGAT-1,0,66,76,7951,14890
AGTCTTTAAAGTGTCC-1,0,67,77,7837,15086
GACTAGGCCGTTAGGT-1,0,66,78,7725,14889
TCCAAGCCTAGACACA-1,0,67,79,7611,15085
GATTGGGAAAGGTTGT-1,0,66,80,7499,14888
GATGAGGAACCTTCGG-1,0,67,81,7385,15085
TGAATACCGACGCGTA-1,0,66,82,7273,14887
AATCGTGAGCCGAGCA-1,0,67,83,7159,15084
GCGAAGAATCTGACGG-1,0,66,84,7046,14886
GAACAACTGGGATGAA-1,0,67,85,6932,15083
TCGCCGACATATTCGC-1,0,66,86,6820,14885
CGTAGAGAGTAATTAT-1,0,67,87,6706,15082
CGATAGTCGTACTGCA-1,0,66,88,6594,14885
CGCATGCCGAATGCGT-1,0,67,89,6480,15081
CTCTAGCCCTCGGAAA-1,0,66,90,6368,14884
TCCAACTCAGCTATCT-1,0,67,91,6254,15080
GTCTAGTGAGCCGCTT-1,0,66,92,6141,14883
TACCGAATAATTGTAA-1,0,67,93,6027,15079
ATATAACACGGGCGCA-1,0,66,94,5915,14882
GCATGCTAATAACGAT-1,0,67,95,5801,15078
TCCGGGCTTGACGGGA-1,0,66,96,5689,14881
ATTATTCAGAGTCACT-1,0,67,97,5575,15077
TAGCAGTATGACTAAA-1,0,66,98,5462,14880
TATGAAGAATTAAGGT-1,0,67,99,5349,15077
CAAGGCCAGTGGTGCA-1,0,66,100,5236,14879
TGCGTACGGCTAATTG-1,0,67,101,5122,15076
CAGATAATGGGCGGGT-1,0,66,102,5010,14878
GAGAACGGTTCTGACT-1,0,67,103,4896,15075
CGCTTCGGTCTAAGAC-1,0,66,104,4784,14877
AGCATTACGAGGCAAG-1,0,67,105,4670,15074
AAGTTGTGATGTTATA-1,0,66,106,4557,14877
TTGCTCATAGTACGTG-1,0,67,107,4443,15073
TACTTAAACATGTACA-1,0,66,108,4331,14876
AGTGAGTCGAATTAAC-1,0,67,109,4217,15072
TAGGCCTATATAGTCT-1,0,66,110,4105,14875
ACTCGCCGTTCGATAA-1,0,67,111,3991,15071
GGTACGTTGCGGCCGG-1,0,66,112,3879,14874
TATTGCCGGGCTTGTA-1,0,67,113,3765,15070
GGTAAACTCTGCGCTG-1,0,66,114,3652,14873
TCCCTTGTCTGAAACT-1,0,67,115,3538,15069
CATGATCGCTTTGAGA-1,0,66,116,3426,14872
GGACGGGCGACCAACC-1,0,67,117,3312,15069
GAGAGGCCTATGTGTA-1,0,66,118,3200,14871
TCGTAACTCCCAAGAC-1,0,67,119,3086,15068
CGTATCTAGAACTAAG-1,0,66,120,2974,14870
GCACCTTCCCGAAGGT-1,0,67,121,2860,15067
TACCTCTTTACCATCC-1,0,66,122,2747,14870
TGACTCTAACTGGTAA-1,0,67,123,2633,15066
GAGAAACTGGATCCCA-1,0,66,124,2521,14869
ATCCGGACCAGCCTGA-1,0,67,125,2407,15065
TTATTTAGGTTCCTTA-1,0,66,126,2295,14868
CGAATTCCCGGTTCAA-1,0,67,127,2181,15064
TAGTTTGATCGGTCGC-1,0,68,0,16548,15317
AGTCGAAACGATTCAG-1,0,69,1,16434,15514
ACGTCGGGCAACTCGG-1,0,68,2,16322,15316
ACTTGCTCTATCTACC-1,0,69,3,16208,15513
ATTACGGGCTACGGTT-1,0,68,4,16096,15315
GCAAACGTAAGCGACC-1,0,69,5,15982,15512
TTCGGACTGGGCATGG-1,0,68,6,15869,15315
GGGCCATTCGTGCTGG-1,0,69,7,15755,15511
GAGTTGTCACCAGTCT-1,0,68,8,15643,15314
AGTAATTTGCAAGCGT-1,0,69,9,15529,15510
GTGGCCGGTTTCTCGG-1,0,68,10,15417,15313
ATCTTAGGGCATTAAT-1,0,69,11,15303,15509
CTACATATCGCGGGAC-1,0,68,12,15190,15312
ATGGTATTTACTGATT-1,0,69,13,15077,15508
CCGTCAACCTCTGGCG-1,0,68,14,14964,15311
GCTTCGACGTTCAATC-1,0,69,15,14850,15507
GACCGATTAAATATGT-1,0,68,16,14738,15310
GTCGAATTTGGGCGCT-1,0,69,17,14624,15507
TCACGGCCCAAGAGAG-1,0,68,18,14512,15309
CTACGATCCTATCCTA-1,0,69,19,14398,15506
TGCAGTGGTAGGGAAC-1,0,68,20,14285,15308
TTGCCTAATCCAAAGT-1,0,69,21,14171,15505
AGCGAGACGTGAAGGC-1,0,68,22,14059,15307
TTCTACCTCAATCGGT-1,0,69,23,13945,15504
TACGCTGCTGTGTTAA-1,0,68,24,13833,15307
TAGTCCTGCACTAAGC-1,0,69,25,13719,15503
AGCACACGTTTAGACT-1,0,68,26,13607,15306
GTTCGACAATTGTATA-1,0,69,27,13493,15502
CCATGTTCATCTATAT-1,0,68,28,13380,15305
CCCTCGATAATACACA-1,0,69,29,13266,15501
ACTGCCCGCCATTCTC-1,0,68,30,13154,15304
CTATATCCAGCCTGGC-1,0,69,31,13040,15500
CGCACGTCTGTTTATG-1,0,68,32,12928,15303
AATCAGGTTTCATTTA-1,0,69,33,12814,15499
AGAGAAACACCAGAAA-1,0,68,34,12701,15302
ACCCGATTGGTTCCGA-1,0,69,35,12588,15499
TACCAGGAATCCCGTC-1,0,68,36,12475,15301
AAGTGCTTCTCTATTG-1,0,69,37,12361,15498
TGCATGTGACCCATAG-1,0,68,38,12249,15300
TAGATTCAAAGTGCGG-1,0,69,39,12135,15497
AGGGTCAGAGCACTCG-1,0,68,40,12023,15300
GTGAGATAACCTTATA-1,0,69,41,11909,15496
GTGTCAGTGTACGTGG-1,0,68,42,11796,15299
CTGTAGTGAGGATCGA-1,0,69,43,11683,15495
GATAGTGCGAGTAAGT-1,0,68,44,11570,15298
AGGGTTCAGACGGTCC-1,0,69,45,11456,15494
GGACTCGACAGCGCAT-1,0,68,46,11344,15297
CACTCTCAAGCATCGA-1,0,69,47,11230,15493
GAGCGGAATGCGGTGT-1,0,68,48,11118,15296
CAGTTCGAGGACCCGA-1,0,69,49,11004,15492
CGTAACTTCGACACTT-1,0,68,50,10891,15295
TGATCACCACACTGAC-1,0,69,51,10777,15492
CATACTTCTTTCTCCG-1,1,68,52,10665,15294
CAAGTAAGTGATAGAC-1,0,69,53,10551,15491
AGCCCGCAACAAGCAG-1,1,68,54,10439,15293
GCTCCATGCAAAGCAA-1,0,69,55,10325,15490
TCGTACCGACGTCAAG-1,1,68,56,10213,15292
ATTATCGGAATGTACG-1,1,69,57,10099,15489
ACCTACTATAAATCTA-1,1,68,58,9986,15292
TATCCTATCAACTGGT-1,1,69,59,9872,15488
GCGCGGTCTAGTAACT-1,1,68,60,9760,15291
CCTTCGTATAGAATCC-1,1,69,61,9646,15487
TGGGCGATACAATAAG-1,1,68,62,9534,15290
TGACATGTAACGTGAC-1,1,69,63,9420,15486
TTGGGAAGACGAGCCG-1,1,68,64,9307,15289
GGTGTAAATCGATTGT-1,1,69,65,9194,15485
GAACTGTGGAGAGACA-1,1,68,66,9081,15288
TCCACATCGTATATTG-1,1,69,67,8967,15484
CCTATGGTCAAAGCTG-1,0,68,68,8855,15287
TCCTTGTCCTTTAATT-1,0,69,69,8741,15484
AAGTTTATGGGCCCAA-1,0,68,70,8629,15286
GTCCGGGTTCACATTA-1,0,69,71,8515,15483
ATGTAGCGCGCGTAGG-1,0,68,72,8402,15285
TACGGAAGCCAAACCA-1,0,69,73,8288,15482
GCCCTGAGGATGGGCT-1,0,68,74,8176,15284
CGGGCGATGGATCACG-1,0,69,75,8062,15481
TGCGGACTTGACTCCG-1,0,68,76,7950,15284
TAATACTAGAACAGAC-1,0,69,77,7836,15480
TCAAATTGTTGTGCCG-1,0,68,78,7724,15283
GGGCAGTCAACGCCAA-1,0,69,79,7610,15479
TCGCTGCCAATGCTGT-1,0,68,80,7497,15282
TACGTGGGCCCAGGGC-1,0,69,81,7383,15478
GCCTACGTTCTGTGCA-1,0,68,82,7271,15281
TTGCGTGTGTAGGCAT-1,0,69,83,7157,15477
TCCTAAAGATTCAGAC-1,0,68,84,7045,15280
TGGGTGCACAAGCCAT-1,0,69,85,6931,15476
GGGAGCGACCGTAGTG-1,0,68,86,6819,15279
CATAGAGGAGATACTA-1,0,69,87,6705,15476
CTTCGATTGCGCAAGC-1,0,68,88,6592,15278
GTGCCTGAGACCAAAC-1,0,69,89,6478,15475
TCATCCTCAGCTGCTT-1,0,68,90,6366,15277
TGCAACTACTGGTTGA-1,0,69,91,6252,15474
ATGTTGATTAGAGACT-1,0,68,92,6140,15277
GTTTCTAGAGGCGCGG-1,0,69,93,6026,15473
TACAAGGGCTTCTTTA-1,0,68,94,5913,15276
ACAGGCACGGATCCTT-1,0,69,95,5800,15472
CCCAAGTCATTACACT-1,0,68,96,5687,15275
ACTCTGACCTAATAGA-1,0,69,97,5573,15471
GGATGGCTTGAAGTAT-1,0,68,98,5461,15274
ACCCTCCCGTCAGGGC-1,0,69,99,5347,15470
AGCTTCTTCTCGAGCA-1,0,68,100,5235,15273
TTGCGCTTGATCAATA-1,0,69,101,5121,15469
TGGGTGTAATAGATTT-1,0,68,102,5008,15272
CATGGTTTATTAATCA-1,0,69,103,4894,15468
TTGCCTTCTCGCCGGG-1,0,68,104,4782,15271
TTAAAGTAAGTCGCCA-1,0,69,105,4668,15468
AGTTGGCAAGGCTAGA-1,0,68,106,4556,15270
CCGCACTTGCAATGAC-1,0,69,107,4442,15467
AATGTTGTCGTGAGAC-1,0,68,108,4330,15269
CCAAGGTTGCCCTTTC-1,0,69,109,4216,15466
TGTGACTAGAGTTTGC-1,0,68,110,4103,15269
TTGTGATCTGTTCAGT-1,0,69,111,3989,15465
GGAGTTGATTCTGTGT-1,0,68,112,3877,15268
GTAGTGAGCAACCTCA-1,0,69,113,3763,15464
AAGACATACGTGGTTT-1,0,68,114,3651,15267
CATCCCGAGATTCATA-1,0,69,115,3537,15463
GGCCGCAGGAACCGCA-1,0,68,116,3425,15266
CCAGAAACTGATGCGA-1,0,69,117,3311,15462
ACCCGTAGTCTAGTTG-1,0,68,118,3198,15265
AGGGTCTGGACGCAGT-1,0,69,119,3084,15461
TTGAAACCCTCATTCC-1,0,68,120,2972,15264
TCAATCCCGCGCCAAA-1,0,69,121,2858,15461
AGGACATCGGCACACT-1,0,68,122,2746,15263
GACAAGACGCCCGTGC-1,0,69,123,2632,15460
GAGTAAATTAAGAACC-1,0,68,124,2519,15262
TAAGTCGGTGAGCTAG-1,0,69,125,2406,15459
CTTACTGACTCCTCTG-1,0,68,126,2293,15261
TTAACTGATCGTTTGG-1,0,69,127,2179,15458
GGGCGATCCATAGGCC-1,0,70,0,16546,15711
CGTATTGTTTGGCGCC-1,0,71,1,16433,15907
CGCGTGGGCCTGTGTT-1,0,70,2,16320,15710
AAATCTGCCCGCGTCC-1,0,71,3,16206,15906
GCTGAAGGGTTCTTGG-1,0,70,4,16094,15709
TAATTGCGCTGATTAC-1,0,71,5,15980,15906
TCGCGCGTTTACATGA-1,0,70,6,15868,15708
TAACTGAAATACGCCT-1,0,71,7,15754,15905
CCTGTCGTGTATGAAG-1,0,70,8,15641,15707
CGGGAACGCCCTGCAT-1,0,71,9,15528,15904
AGTTGCGGTCCTCAAC-1,0,70,10,15415,15706
GGGTCCTTGGAAGAAG-1,0,71,11,15301,15903
CGGGAAGTACCGTGGC-1,0,70,12,15189,15706
ACGGTCACCGAGAACA-1,0,71,13,15075,15902
TAGACTCAGTTGGCCT-1,0,70,14,14963,15705
CCTTCCGCAACGCTGC-1,0,71,15,14849,15901
CAGTGTTAATCTCTCA-1,0,70,16,14736,15704
CAGGCCAGTACCACCT-1,0,71,17,14622,15900
GATCGCTGTGGTGCGT-1,0,70,18,14510,15703
GTATCTCGGGCGCTTT-1,0,71,19,14396,15899
CCGGGCTAAGAATTTC-1,0,70,20,14284,15702
CTTCACGCCCTGGTAC-1,0,71,21,14170,15898
CGGATGAATGCTGTGA-1,0,70,22,14058,15701
CTCTGCAGGCATTCTT-1,0,71,23,13944,15898
TCAAAGTCACGGCGTC-1,0,70,24,13831,15700
TGGGTTTCGGGCGTAC-1,0,71,25,13717,15897
TGCTATGGCAAAGGGA-1,0,70,26,13605,15699
TTCACGGTCGTCACGT-1,0,71,27,13491,15896
CGTAAAGCAAGAAATC-1,0,70,28,13379,15699
CTGATCCCTTTATGCA-1,0,71,29,13265,15895
GAGTATACCCTAATCA-1,0,70,30,13152,15698
CCACGGCAGGTGTAGG-1,0,71,31,13039,15894
ACGTACTTTGGCACGG-1,0,70,32,12926,15697
CCTGAGAATAAATGCA-1,0,71,33,12812,15893
TTGATGCCGCTCGTCG-1,0,70,34,12700,15696
GCCAGGAAAGAACACT-1,0,71,35,12586,15892
TCCGACCGCTAATCAA-1,0,70,36,12474,15695
TATATCAAAGTGATCT-1,0,71,37,12360,15891
CCTCGGTTTCCTTGCC-1,0,70,38,12247,15694
TAAATTTAGTAACACC-1,0,71,39,12134,15891
CTCGTTACGGCTACCA-1,0,70,40,12021,15693
GCCGTCGGTTTCGGGC-1,0,71,41,11907,15890
GTTCCGTCCGCCTGCA-1,0,70,42,11795,15692
CTAGGGATAGGGACAA-1,0,71,43,11681,15889
GTCCAGGCACGTGTGC-1,0,70,44,11569,15691
GAGGAATATCTCTTTG-1,0,71,45,11455,15888
CGTTCAAGGAAACGGA-1,0,70,46,11342,15691
GTGGGAACAAACCGGG-1,0,71,47,11228,15887
GGGCACGTAGTACTGT-1,0,70,48,11116,15690
ACTACAAAGAGAGGTG-1,0,71,49,11002,15886
GGTGTAGGTAAGTAAA-1,0,70,50,10890,15689
CCTGTTCAACCTCGGG-1,0,71,51,10776,15885
TGAGGTGTGTGGCGGA-1,0,70,52,10664,15688
ATTGTCTGTTTCATGT-1,0,71,53,10550,15884
GCCGGTCGTATCTCTC-1,0,70,54,10437,15687
ATATGGGATAGCAACT-1,0,71,55,10323,15883
GATAGAACCCGCTAGG-1,0,70,56,10211,15686
ATCCCATTTCCGTGGG-1,0,71,57,10097,15883
GATGCTACCTTCGATG-1,0,70,58,9985,15685
TGCAAAGTTCGTCTGT-1,0,71,59,9871,15882
GTTCAGTCGCCAAATG-1,0,70,60,9758,15684
GTCTCCGCCTCAATAC-1,0,71,61,9645,15881
AGTAGAAGGCGCCTCA-1,0,70,62,9532,15683
GTTGTAGATTTATGAG-1,0,71,63,9418,15880
CTATTTGCTTGGAGGA-1,0,70,64,9306,15683
AGCCATATAGTATGTG-1,0,71,65,9192,15879
TGTTCCGGCCTGAGCT-1,0,70,66,9080,15682
TGCCGTGGGACCCAAT-1,0,71,67,8966,15878
TTGCAAGAAGACTCCT-1,0,70,68,8853,15681
CCGCTCCAGGGCGATC-1,0,71,69,8739,15877
CAAACCCTCCGGCGGG-1,0,70,70,8627,15680
CGGACCTTTACGTCCC-1,0,71,71,8513,15876
ACGTAGGAGAGTCGCT-1,0,70,72,8401,15679
CTGCGACCTCGCCGAA-1,0,71,73,8287,15875
GGCCCAGCTGGTTTGC-1,0,70,74,8175,15678
GGATTAATCATGGACC-1,0,71,75,8061,15875
GAGATGGCTTTAATCA-1,0,70,76,7948,15677
AGTACAGAAGCTTATA-1,0,71,77,7834,15874
GCGGCTTTAGCAAGTT-1,0,70,78,7722,15676
ACCGAGTCTCCTTATT-1,0,71,79,7608,15873
GACCACACTTCCCTTT-1,0,70,80,7496,15676
TGTAGCCAATTCCGTT-1,0,71,81,7382,15872
CTCGTCTGTGCCTTCG-1,0,70,82,7270,15675
GGACTCTTTGACTAAG-1,0,71,83,7156,15871
TCATCGACGACCGTCG-1,0,70,84,7043,15674
TACTACGTGCAATGCG-1,0,71,85,6929,15870
CCCTACTTGAACAATG-1,0,70,86,6817,15673
GCAGCTGTCAACGCAT-1,0,71,87,6703,15869
ATCTACCATCTGCTCC-1,0,70,88,6591,15672
TCTCAAATCAATCGGG-1,0,71,89,6477,15868
ACTCCGGCCGACCACT-1,0,70,90,6364,15671
TACACCTCTTCGAATC-1,0,71,91,6251,15868
GTGGCTGTTTCTGTTC-1,0,70,92,6138,15670
ACGACTCTAGGGCCGA-1,0,71,93,6024,15867
TCGTTTACGCGACCCT-1,0,70,94,5912,15669
AGGATATCCGACTGCA-1,0,71,95,5798,15866
GACACTTCCAATTACC-1,0,70,96,5686,15668
ACGGTACAGTTCAATG-1,0,71,97,5572,15865
CTTGATGACCATCCAG-1,0,70,98,5459,15668
CTGGTAAAGACTTACA-1,0,71,99,5345,15864
CTTGCCCACCCACGCA-1,0,70,100,5233,15667
CATTACGCAGGAAGGG-1,0,71,101,5119,15863
GGACAACCATGAAGCC-1,0,70,102,5007,15666
GTTATCAAGCTATCGA-1,0,71,103,4893,15862
AGGTGCACGTCCACAT-1,0,70,104,4781,15665
AAAGAATGTGGACTAA-1,0,71,105,4667,15861
ACCAAGTCATCGGCAG-1,0,70,106,4554,15664
AGTAACTATAGCAGCC-1,0,71,107,4440,15860
GGGAAAGAATGCCAAC-1,0,70,108,4328,15663
AATCGGTATAGCCCTC-1,0,71,109,4214,15860
GGCACTGCGGTGGTTT-1,0,70,110,4102,15662
CGTCCTCATCGCGTGC-1,0,71,111,3988,15859
CTTAACTTACAGTATA-1,0,70,112,3876,15661
GTGAGTCGACTAATAG-1,0,71,113,3762,15858
TGTACTTCCGGGCATG-1,0,70,114,3649,15660
CACAAACCGCAGAACT-1,0,71,115,3535,15857
GCTTTACACAACTGGG-1,0,70,116,3423,15660
CACCGATGATGGGTAC-1,0,71,117,3309,15856
TCAATATACAGGAGGC-1,0,70,118,3197,15659
AACGACCTCCTAGCCG-1,0,71,119,3083,15855
GTTACCAAGGCGTACG-1,0,70,120,2970,15658
TAGCTCACTGTGTTTG-1,0,71,121,2857,15854
TCGGCAGGGTTAAGGG-1,0,70,122,2744,15657
TGTTAACAAAGTGACT-1,0,71,123,2630,15853
CAGAGCGATGGATGCT-1,0,70,124,2518,15656
CATAGTGGGCACGCCT-1,0,71,125,2404,15852
AAACGCTGGGCACGAC-1,0,70,126,2292,15655
TGTTCTCATACTATAG-1,0,71,127,2178,15852
TCCGCTGGGTCGATCG-1,0,72,0,16545,16105
TTAGCATCCCTCACGT-1,0,73,1,16431,16301
AGCCTTGTCACTGATA-1,0,72,2,16319,16104
GTTTCTTGTTAGAGCT-1,0,73,3,16205,16300
TCGGAGTCCTGGTTGC-1,0,72,4,16092,16103
ACGGGTTGTGACCTGT-1,0,73,5,15979,16299
TGACAGAAATCTTGCT-1,0,72,6,15866,16102
TAGCCATGATTGCCTA-1,0,73,7,15752,16298
CGAAGCCACAGCATGG-1,0,72,8,15640,16101
ACCCGTAGCAGAGAAT-1,0,73,9,15526,16297
AGCTTGATCAGGGTAG-1,0,72,10,15414,16100
CTATAAGTAGGGTTTG-1,0,73,11,15300,16297
TATAGTTAGGTGTACT-1,0,72,12,15187,16099
TACGCTGATAGTTGTA-1,0,73,13,15073,16296
TTCTCAATTGCTACAA-1,0,72,14,14961,16098
GTTGCCCTAACGGGTG-1,0,73,15,14847,16295
GACATTTCGCCCAGCC-1,0,72,16,14735,16098
GTAACTACGTAGACCT-1,0,73,17,14621,16294
CCAGTGTACAGACCGA-1,0,72,18,14509,16097
GCCCGATGCCCAGTTC-1,0,73,19,14395,16293
CGAACCTCTTTCCTAG-1,0,72,20,14282,16096
CATGCACATGAGAGGC-1,0,73,21,14168,16292
CCAAATCAAAGGGCAA-1,0,72,22,14056,16095
GTAGTTTAAGCACACG-1,0,73,23,13942,16291
TAAGTGAATAGTCTAC-1,0,72,24,13830,16094
GGTCCACGTCTATTTG-1,0,73,25,13716,16290
CCCTCAGATCGAGAAC-1,0,72,26,13603,16093
ACATTCGCGCGGAATA-1,0,73,27,13490,16290
CTATGAACACCTTGCC-1,0,72,28,13377,16092
CGAATGGTAGGTCGTC-1,0,73,29,13263,16289
TCGACATAGCGTAGCG-1,0,72,30,13151,16091
GACGTTGCTCGGCGGC-1,0,73,31,13037,16288
CTCGAGGCAAGTTTCA-1,0,72,32,12925,16090
GCTGGGAGCGCGTCAA-1,0,73,33,12811,16287
GACGATATCACTGGGT-1,0,72,34,12698,16090
CAGCTCTGGGCTCACT-1,0,73,35,12585,16286
TAGTCTGCGGCACATT-1,0,72,36,12472,16089
TGGTCGATATACCTCT-1,0,73,37,12358,16285
TTCAGTTCAAGAGGAG-1,0,72,38,12246,16088
GTCTGTAGGTTGAACA-1,0,73,39,12132,16284
GAGAGTCTCGGGAGAG-1,0,72,40,12020,16087
TTGTTTGTATTACACG-1,0,73,41,11906,16283
GCACAGCACGGGCCGA-1,0,72,42,11793,16086
AAACAGTGTTCCTGGG-1,0,73,43,11679,16282
TGGAGAATAATCGTCC-1,0,72,44,11567,16085
CGCCGCGTTCTGAACG-1,0,73,45,11453,16282
CATGCGTTGAGAGGAG-1,0,72,46,11341,16084
TACGCTCCTAGAACTG-1,0,73,47,11227,16281
CCTTGTGAACGTGGTT-1,0,72,48,11115,16083
TTAAAGGCGATGCTCG-1,0,73,49,11001,16280
TAAAGTGCACGTCTCG-1,0,72,50,10888,16083
TGTCCGCAAACAATTC-1,0,73,51,10774,16279
AGGCCTATCATACCAA-1,0,72,52,10662,16082
ACTGGGATGCCAGTGC-1,0,73,53,10548,16278
CGATCCACCATTGTTG-1,0,72,54,10436,16081
GGGCATGCATGTCGAG-1,0,73,55,10322,16277
TCCAGGCAGGACGATC-1,0,72,56,10209,16080
CAATGACCCTTAATTT-1,0,73,57,10096,16276
ATCAAGATCCCAGGAC-1,0,72,58,9983,16079
CTCAGAGCTAATGTCG-1,0,73,59,9869,16275
CTGCGATTTCGAGATT-1,0,72,60,9757,16078
ATGGTATTGGGAACCG-1,0,73,61,9643,16274
TAGGTTCTGCTGAGAA-1,0,72,62,9531,16077
GCCTGTCCCGGTGCAT-1,0,73,63,9417,16274
GGCCTGCTCTGATGTT-1,0,72,64,9304,16076
TAGAGGGAGTTTATCT-1,0,73,65,9190,16273
CTCTACATCCTGCGTG-1,0,72,66,9078,16075
ACACATTTCCGTAGAC-1,0,73,67,8964,16272
TGGGTGTTAAGTAGAA-1,0,72,68,8852,16075
GAGCTCAACATGAGCG-1,0,73,69,8738,16271
GCACACAGCTATTACC-1,0,72,70,8626,16074
GCGACGGTAGTCTCCT-1,0,73,71,8512,16270
GTATCAAGGTACTTCC-1,0,72,72,8399,16073
GGAAAGGGAATTGAGC-1,0,73,73,8285,16269
TACACAGCCGTGGTGC-1,0,72,74,8173,16072
CGGTTGGGCAGGGTCC-1,0,73,75,8059,16268
GCACGCCGATTCCCGC-1,0,72,76,7947,16071
CGCTTTCCGCCAAGGT-1,0,73,77,7833,16267
TGCCCGATAGTTAGAA-1,0,72,78,7721,16070
TCAGAACGGCGGTAAT-1,0,73,79,7607,16267
CCACTCAGATCCGCAA-1,0,72,80,7494,16069
GAAGGGTCATTAAGAC-1,0,73,81,7380,16266
GCGGTCTTGCTTTCAC-1,0,72,82,7268,16068
GGAAGGACACCGTATA-1,0,73,83,7154,16265
CGCGGGAATTCCTTTC-1,0,72,84,7042,16067
TCTATCCGATTGCACA-1,0,73,85,6928,16264
TACTCGTTTGAATCAA-1,0,72,86,6815,16067
GTCTGCCGACTCGACG-1,0,73,87,6702,16263
TACGGGTAATAACATA-1,0,72,88,6589,16066
CCAGTTCGGTAACTCA-1,0,73,89,6475,16262
CGTGCACACCACTGTA-1,0,72,90,6363,16065
CTTCAGTTGGACAACG-1,0,73,91,6249,16261
TGATCTATCACACTCT-1,0,72,92,6137,16064
TAGCAGATACTTAGGG-1,0,73,93,6023,16260
CACCGGGCATCACAAG-1,0,72,94,5910,16063
AGTGGCCCGCAAATGG-1,0,73,95,5796,16259
CTCGCTAGGTAAGCGA-1,0,72,96,5684,16062
GATAGATAGTACAGTC-1,0,73,97,5570,16259
CGAGACTACTGCTGCT-1,0,72,98,5458,16061
ACATTTGAAACCTAAC-1,0,73,99,5344,16258
GACACAGCCGGGACTG-1,0,72,100,5232,16060
ACGGAACACGAGTGCC-1,0,73,101,5118,16257
ACGCCAGTGCGTTTGC-1,0,72,102,5005,16059
GCACCTAGGCGAGTCC-1,0,73,103,4891,16256
TCACTATCCCTTCGGT-1,0,72,104,4779,16059
TGAGTGTAACAACGGG-1,0,73,105,4665,16255
ATTGGTTGTGCATTAC-1,0,72,106,4553,16058
CTGGCGATTTACATGT-1,0,73,107,4439,16254
TCCACCAAGACATAGG-1,0,72,108,4326,16057
AACGTCGCTGCACTTC-1,0,73,109,4213,16253
GTCTCCCGAGTCCCGT-1,0,72,110,4100,16056
AGCCCGCACTACAATG-1,0,73,111,3986,16252
GGCACGCTGCTACAGT-1,0,72,112,3874,16055
GCTTGAGTGACCTCTG-1,0,73,113,3760,16251
ATAGCCATAACAGTCA-1,0,72,114,3648,16054
TAGGAGGCTCGAGAAC-1,0,73,115,3534,16251
GTCGGGTGAAGTACCG-1,0,72,116,3421,16053
CACCCGCGTTTGACAC-1,0,73,117,3308,16250
TCTCAGGCTACTCGCT-1,0,72,118,3195,16052
TAGATTCTCTAGCAAA-1,0,73,119,3081,16249
CCCATTATTGTATCCT-1,0,72,120,2969,16052
GTTAATAGCGTCATTA-1,0,73,121,2855,16248
TACTCATTGACGCATC-1,0,72,122,2743,16051
TAGTGACAAGCTCTAC-1,0,73,123,2629,16247
ATCGCCGTGGTTCATG-1,0,72,124,2516,16050
CTGCTCTCAACACACC-1,0,73,125,2402,16246
GCATGACACAAAGGAA-1,0,72,126,2290,16049
CAACGATCGATCCAAT-1,0,73,127,2176,16245
ATACAGCGTCCACTGA-1,0,74,0,16543,16498
TCACGATTAATACGTT-1,0,75,1,16430,16695
CGTGAACTGACCCGAT-1,0,74,2,16317,16497
TCGATGTTACGGCCGT-1,0,75,3,16203,16694
GACCGGTGATACTCTC-1,0,74,4,16091,16497
TCTGTTTAGATTGTTC-1,0,75,5,15977,16693
GCTACTCGGACGCAGA-1,0,74,6,15865,16496
AAGAAAGTTTGATGGG-1,0,75,7,15751,16692
CGCCAGTAGTACCTTG-1,0,74,8,15638,16495
CTCCCTTGTATCAAGG-1,0,75,9,15524,16691
ACTTTATACACCACTT-1,0,74,10,15412,16494
AGATCTGGAGAGGATA-1,0,75,11,15298,16690
TCATCCATCTGATCAC-1,0,74,12,15186,16493
AGAACACGGCGATGGT-1,0,75,13,15072,16689
CCGCTCCGGATAAGCT-1,0,74,14,14960,16492
TGGTCGGGTACAGGGC-1,0,75,15,14846,16689
ACGGACGCAGCGACAA-1,0,74,16,14733,16491
ACATGCTTACGGCAGC-1,0,75,17,14619,16688
CAGGGAGATAGGCCAG-1,0,74,18,14507,16490
TCGCCACCCGGATTAC-1,0,75,19,14393,16687
TCTTGGTCAATGATAC-1,0,74,20,14281,16489
CATAGGGACACTTGTG-1,0,75,21,14167,16686
CACGAGCAAACCAGAC-1,0,74,22,14054,16489
GGGATATTGATCGCCA-1,0,75,23,13941,16685
TAATGTCGGTTCATGG-1,0,74,24,13828,16488
CGATTTGTCATTAATG-1,0,75,25,13714,16684
TTAAGATACCCAGAGA-1,0,74,26,13602,16487
CGACCGTTGGTATTCG-1,0,75,27,13488,16683
ACTACCATCCGAGGGC-1,0,74,28,13376,16486
TCTACGCACGATCTCC-1,0,75,29,13262,16682
AAGCCACTTGCAGGTA-1,0,74,30,13149,16485
ACGTTGTCGTTGAAAG-1,0,75,31,13035,16681
ACCGCTAGTCATTGGT-1,0,74,32,12923,16484
CATGAGTCCATCACGG-1,0,75,33,12809,16681
ATGTCTTGTTTGACTC-1,0,74,34,12697,16483
TCCCAAACATCCTCTA-1,0,75,35,12583,16680
CAACGCGATGAGCCAA-1,0,74,36,12471,16482
GACACCCAAAGACGCG-1,0,75,37,12357,16679
ACGTTCACTATGCCGC-1,0,74,38,12244,16482
ATGGACTGCTTAGTTG-1,0,75,39,12130,16678
CCATGGCAAACGCTCA-1,0,74,40,12018,16481
TTGTCTCGGCAAGATG-1,0,75,41,11904,16677
TTCGAACGAAACATGC-1,0,74,42,11792,16480
GGAAAGTCTTGATTGT-1,0,75,43,11678,16676
ATCATAGATCGACGAG-1,0,74,44,11566,16479
GATTAGAAACAAGCGT-1,0,75,45,11452,16675
GCTGCGAAGAATTATT-1,0,74,46,11339,16478
TTCCAGTGGGTTTCGT-1,0,75,47,11225,16674
GCTCATTGATCATATC-1,0,74,48,11113,16477
ATACGAGGTTTGTAAG-1,0,75,49,10999,16674
GTCTATACACGCATGG-1,0,74,50,10887,16476
GATTTGCGCTAACACC-1,0,75,51,10773,16673
TGGTGCCCTGCCTTAC-1,0,74,52,10660,16475
TCGAATCGCAGGGTAG-1,0,75,53,10547,16672
GGTAGGCCAATATCAC-1,0,74,54,10434,16474
CGTAAATAACAAAGGG-1,0,75,55,10320,16671
GACTCTAGAGTTCCAA-1,0,74,56,10208,16474
ACTTGTTACCGGATCA-1,0,75,57,10094,16670
GGCATTGAACATCTCA-1,0,74,58,9982,16473
AACCCGCTGTATTCCA-1,0,75,59,9868,16669
TAACAGGTTCCCTTAG-1,0,74,60,9755,16472
GTTCTTGTAACTCAAT-1,0,75,61,9641,16668
GATTCTGTTAATGAGT-1,0,74,62,9529,16471
GGACACCTCGGTGTTG-1,0,75,63,9415,16667
CGATCGAGAAGCACCA-1,0,74,64,9303,16470
CTGCTCTGACGGCAAA-1,0,75,65,9189,16666
CCCAGGAAGAATTCGA-1,0,74,66,9077,16469
TGTCGTGGGTATAGGC-1,0,75,67,8963,16666
ATATGTCTAGAGCGTG-1,0,74,68,8850,16468
GCGGGCAGACGGGTGA-1,0,75,69,8736,16665
CGAAGATCAGTTTCAT-1,0,74,70,8624,16467
ACGCCACTCGAAACAG-1,0,75,71,8510,16664
CTTAGATGTTTCATCC-1,0,74,72,8398,16466
GCGAATGGACTAGCGA-1,0,75,73,8284,16663
TAAATTGTGGGTAAAG-1,0,74,74,8172,16466
ATTTATACTGGTAAAG-1,0,75,75,8058,16662
GCGTCGTAACATGGTC-1,0,74,76,7945,16465
CGGTATGGGCACTCTG-1,0,75,77,7831,16661
CTATCACAACGCTGGA-1,0,74,78,7719,16464
ACCACACGGTTGATGG-1,0,75,79,7605,16660
TCAGCGCACGCCGTTT-1,0,74,80,7493,16463
AATGTTAAGACCCTGA-1,0,75,81,7379,16659
CTTACATAGATTTCTT-1,0,74,82,7266,16462
AACATAGCGTGTATCG-1,0,75,83,7153,16658
AGCAGTCGAAGCATGC-1,0,74,84,7040,16461
GTACTACGGCCTCGTT-1,0,75,85,6926,16658
TTGGCCAAATTGTATC-1,0,74,86,6814,16460
TCAGAGGACGCGTTAG-1,0,75,87,6700,16657
AGTAATCTAAGGGTGG-1,0,74,88,6588,16459
AATTATACCCAGCAAG-1,0,75,89,6474,16656
CCCTACCCACACCCAG-1,0,74,90,6361,16459
CTCTGTCCATGCACCA-1,0,75,91,6247,16655
TCGCCTCCTTCGGCTC-1,0,74,92,6135,16458
CCTGATTCGCGAAGAA-1,0,75,93,6021,16654
GACTTCAACGCATCAA-1,0,74,94,5909,16457
GCTTCCCGTAAGCTCC-1,0,75,95,5795,16653
AGAACTGTACTTTGTA-1,0,74,96,5683,16456
CCTTAAGTACGCAATT-1,0,75,97,5569,16652
GGCCAATTGTATAGAC-1,0,74,98,5456,16455
AGAATACAGGCTATCC-1,0,75,99,5342,16651
AATACCTGATGTGAAC-1,0,74,100,5230,16454
TAGAGTGTTCCGGGTA-1,0,75,101,5116,16650
GCTTCCATGTAACCGC-1,0,74,102,5004,16453
GGTTCGCATTTGCCGT-1,0,75,103,4890,16650
TCAATCCGGGAAGTTT-1,0,74,104,4777,16452
CCGGAAGTGCAATATG-1,0,75,105,4664,16649
CTCATAAATGTGTATA-1,0,74,106,4551,16451
GACGGGCATCGAATTT-1,0,75,107,4437,16648
GCTAAGCCCAGTATGC-1,0,74,108,4325,16451
GCTATAAGGGCCAGGA-1,0,75,109,4211,16647
GCGGATTACTTGTTCT-1,0,74,110,4099,16450
TACAACAGCGCATACA-1,0,75,111,3985,16646
TCTAACCTAGCCTGCG-1,0,74,112,3872,16449
TCTACCCGCATCATTT-1,0,75,113,3759,16645
GTCTTACCACGCCAAG-1,0,74,114,3646,16448
AATAACGTCGCGCCCA-1,0,75,115,3532,16644
CGTTTCGGTTATATGC-1,0,74,116,3420,16447
TACGCTGCACGGTCGT-1,0,75,117,3306,16643
CGTTAAATACGACCAG-1,0,74,118,3194,16446
TCGACTGACGATGGCT-1,0,75,119,3080,16643
ACGCTACTGAATGGGC-1,0,74,120,2967,16445
AAGGGTTAGCCATGCG-1,0,75,121,2853,16642
ACGTTTCGGTGCACTT-1,0,74,122,2741,16444
TTAACCCGAGGCGTGT-1,0,75,123,2627,16641
GCCCGTCAAGCCCAAT-1,0,74,124,2515,16443
ATTCGTCCCGAGGTTA-1,0,75,125,2401,16640
TCAAATTATGTTCGAC-1,0,74,126,2289,16443
AACGTTCTACCATTGT-1,0,75,127,2175,16639
CTGTCCTGCGCACTAC-1,0,76,0,16542,16892
GCCCAGCGACACAAAG-1,0,77,1,16428,17088
TATAGCTATTATCTCT-1,0,76,2,16316,16891
AAGCTATGGATTGACC-1,0,77,3,16202,17088
CCGAAACACGACCTCT-1,0,76,4,16089,16890
ATCAGAAGCTGGTTGC-1,0,77,5,15975,17087
TGAACCTGAATGTGAG-1,0,76,6,15863,16889
TCAGAGCATGTCAACG-1,0,77,7,15749,17086
ATACCCTCCCGGCCAA-1,0,76,8,15637,16888
GCCACCTTATTCGCGA-1,0,77,9,15523,17085
CAACGAGCTTATTATG-1,0,76,10,15411,16888
GATCCAACCTTTAAAC-1,0,77,11,15297,17084
TTGTGGAGACAGCCGG-1,0,76,12,15184,16887
AGATAATCACACCTAT-1,0,77,13,15070,17083
GGTTAGGGATGCTAAT-1,0,76,14,14958,16886
TCATGAAGCGCTGCAT-1,0,77,15,14844,17082
CCAGGCGAGATGGTCT-1,0,76,16,14732,16885
CGACTTGCCGGGAAAT-1,0,77,17,14618,17081
GTGCCAAACGTTTCGA-1,0,76,18,14505,16884
TGCTCAAAGGATGCAC-1,0,77,19,14392,17080
GCCTCAGGTACCGGTC-1,0,76,20,14279,16883
ACAAGTAATTGTAAGG-1,0,77,21,14165,17080
TTAGAGTATTGTCGAG-1,0,76,22,14053,16882
GTCATCCCAAACTCAC-1,0,77,23,13939,17079
CTCCTAGTAATCGTGA-1,0,76,24,13827,16881
CCCTCATCACAGAGTA-1,0,77,25,13713,17078
GGAAACAGAGCTTGGG-1,0,76,26,13600,16881
ACATCGCAATATTCGG-1,0,77,27,13486,17077
TTAGCCATAGGGCTCG-1,0,76,28,13374,16880
CGGATTCTGCCTTATG-1,0,77,29,13260,17076
TTGTTGGCAATGACTG-1,0,76,30,13148,16879
GGATCTACCGTTCGTC-1,0,77,31,13034,17075
GGTGGGATTAGGTCCC-1,0,76,32,12922,16878
AATAGGCACGACCCTT-1,0,77,33,12808,17074
GAGGTCCGTTCGCTGT-1,0,76,34,12695,16877
TGACAACTTAAAGGTG-1,0,77,35,12581,17073
AGCTAAGCTCCGTCCG-1,0,76,36,12469,16876
CTAGCCCGGGAGACGA-1,0,77,37,12355,17073
CCCAGATTCCCGTGAC-1,0,76,38,12243,16875
GCCCGTTCACACAATT-1,0,77,39,12129,17072
ACAAACTCCATCAGAG-1,0,76,40,12017,16874
GGTTCCGTACGACTAA-1,0,77,41,11903,17071
TTGCGGAAAGCTGCCC-1,0,76,42,11790,16873
GGAACTCGTGAATACG-1,0,77,43,11676,17070
GGTTACCGCTCCCTAC-1,0,76,44,11564,16873
AGCGACTTTGAAGACA-1,0,77,45,11450,17069
CCGTTTCCTTTCCGTG-1,0,76,46,11338,16872
TGGATGGCATCTTGGA-1,0,77,47,11224,17068
CAAGTCGTTGAAATCT-1,0,76,48,11111,16871
TGCAAACGTACTAGTT-1,0,77,49,10998,17067
GGCTGTCCTACTGCGG-1,0,76,50,10885,16870
TACTGCATGATTAAAT-1,0,77,51,10771,17066
CGGACCTCTGTAGTTA-1,0,76,52,10659,16869
CCCTAGCTCTAAGGTC-1,0,77,53,10545,17065
GTAACAGGTTAACGGC-1,0,76,54,10433,16868
CCCGCAAATAATCATC-1,0,77,55,10319,17065
AATCCCGCTCAGAGCC-1,0,76,56,10206,16867
AACGTCATCCGGCTTG-1,0,77,57,10092,17064
CTCGTGGCACTGAAAG-1,0,76,58,9980,16866
CTTTATCCGACGCATG-1,0,77,59,9866,17063
AAATGACTGATCAAAC-1,0,76,60,9754,16865
TTCGTGCATGTTATAG-1,0,77,61,9640,17062
ATCAAAGAGCCGTGGT-1,0,76,62,9528,16865
ATGTCATAATAAACGA-1,0,77,63,9414,17061
CTTAATCGACTTAGTA-1,0,76,64,9301,16864
CTAAAGGATGAGATAC-1,0,77,65,9187,17060
GTGCTATCCAGCTGGA-1,0,76,66,9075,16863
GACAGAGGTCTTCAGT-1,0,77,67,8961,17059
TCGATTTACGAAACGA-1,0,76,68,8849,16862
AGGCTTAAGTTGCACA-1,0,77,69,8735,17058
TAGGATCTTAACCGCA-1,0,76,70,8623,16861
GACTTTCGAGCGGTTC-1,0,77,71,8509,17057
CCCTGGGAGGGATCCT-1,0,76,72,8396,16860
TAGTAGTTGCCGGACA-1,0,77,73,8282,17057
GCCCTAAGTGCAGGAT-1,0,76,74,8170,16859
ACTTGGGCTTTCGCCA-1,0,77,75,8056,17056
CATGATACGGTGAAAC-1,0,76,76,7944,16858
TCCTGCAGCCGCCAAT-1,0,77,77,7830,17055
GTCCGTTAGAGGGCCT-1,0,76,78,7717,16858
GCTTTATTAAGTTACC-1,0,77,79,7604,17054
AATCGAGGTCTCAAGG-1,0,76,80,7491,16857
GTGCTGTTAGAACATA-1,0,77,81,7377,17053
GGCTTCTCGTGGGTGG-1,0,76,82,7265,16856
CCTACAGTTGAGGGAG-1,0,77,83,7151,17052
TATCCCTCGATCTGCA-1,0,76,84,7039,16855
CCGGTATCTGGCGACT-1,0,77,85,6925,17051
CTCTAACACCGGCAGC-1,0,76,86,6812,16854
CTTCATCACCAGGGCT-1,0,77,87,6698,17050
GGCTGGCAATCCCACG-1,0,76,88,6586,16853
CAAACCATAAGCGTAT-1,0,77,89,6472,17050
CATGTGGGCTCATCAC-1,0,76,90,6360,16852
CCCGTGACAGTGCCTT-1,0,77,91,6246,17049
GATTATCTTGCATTAT-1,0,76,92,6134,16851
GAGTCCACCAGGTTTA-1,0,77,93,6020,17048
TGTACTATCGCTCGTT-1,0,76,94,5907,16850
TTAGCGAATAGATAGG-1,0,77,95,5793,17047
ACATACAATCAAGCGG-1,0,76,96,5681,16850
ATTCGTGTACCCATTC-1,0,77,97,5567,17046
GCTAGCAACGCACCTA-1,0,76,98,5455,16849
ACCTCAGCGAGGCGCA-1,0,77,99,5341,17045
TCCGGGCCACTAACGG-1,0,76,100,5228,16848
TCCCAATATCGACGAC-1,0,77,101,5115,17044
GGATTGAAGTAGCCTC-1,0,76,102,5002,16847
GGCGCACAGTTTACCT-1,0,77,103,4888,17043
CCCGGCACGTGTCAGG-1,0,76,104,4776,16846
AGTAAGGGACAGAATC-1,0,77,105,4662,17042
TTGCGCACAACCACGT-1,0,76,106,4550,16845
CCTGCTACAACCATAC-1,0,77,107,4436,17042
CTGGGCTACTGGAGAG-1,0,76,108,4323,16844
AGCTACGAATGGTGGT-1,0,77,109,4210,17041
ATTCGTTTATCGTATT-1,0,76,110,4097,16843
GGCATTCCCTCCCTCG-1,0,77,111,3983,17040
AGTTATTCAGACTGTG-1,0,76,112,3871,16842
CCACTTTCCTTCTAGG-1,0,77,113,3757,17039
CGCAGTTCTATCTTTC-1,0,76,114,3645,16842
AGGAGCGTTTATTATC-1,0,77,115,3531,17038
GACAGGTAATCCGTGT-1,0,76,116,3418,16841
TTCCCAAAGTACTGAT-1,0,77,117,3304,17037
CTGCAGGGTGACGCTC-1,0,76,118,3192,16840
TCATGGAGGCCTTTGT-1,0,77,119,3078,17036
ATGGCCCGAAAGGTTA-1,0,76,120,2966,16839
CGTAATATGGCCCTTG-1,0,77,121,2852,17035
AGAGTCTTAATGAAAG-1,0,76,122,2740,16838
GAACGTTTGTATCCAC-1,0,77,123,2626,17034
ATTGAATTCCCTGTAG-1,0,76,124,2513,16837
TACCTCACCAATTGTA-1,0,77,125,2399,17034
AGTCGAATTAGCGTAA-1,0,76,126,2287,16836
TTGAAGTGCATCTACA-1,0,77,127,2173,17033
