ACGCCTGACACGCGCT-1,0,0,0,2273,2082
TACCGATCCAACACTT-1,0,1,1,2525,2229
ATTAAAGCGGACGAGC-1,0,0,2,2271,2373
GATAAGGGACGATTAG-1,0,1,3,2523,2519
GTGCAAATCACCAATA-1,0,0,4,2269,2663
TGTTGGCTGGCGGAAG-1,0,1,5,2521,2810
GCATCCTCTCCTATTA-1,0,0,6,2268,2954
GCGAGGGACTGCTAGA-1,0,1,7,2520,3101
TGGTACCGGCACAGCC-1,0,0,8,2266,3245
GCGCGTTTAAATCGTA-1,0,1,9,2518,3391
TGCCTTGCCCTTACGG-1,0,0,10,2264,3535
GACGACTTTCCAAGAA-1,0,1,11,2516,3682
CCAGTGAGCTCCTTGT-1,0,0,12,2263,3826
ATACCCTGGCTCAAAT-1,0,1,13,2515,3973
GGGTTTCCGGCTTCCA-1,0,0,14,2261,4117
TAACCGTCCAGTTCAT-1,0,1,15,2513,4264
AAACAACGAATAGTTC-1,0,0,16,2259,4408
CAAGGGAGTGTATTTG-1,0,1,17,2511,4554
CCAAGCTTGATCTCCT-1,0,0,18,2258,4698
TTATTTCATCCCAAAC-1,0,1,19,2510,4845
GAGCGCTATGTCAGGC-1,0,0,20,2256,4989
TATGGCAGACTTTCGA-1,0,1,21,2508,5136
CTTCGTGCCCGCATCG-1,0,0,22,2254,5280
AAACGGGTTGGTATCC-1,0,1,23,2506,5427
TGCAAACCCACATCAA-1,0,0,24,2253,5570
GACGGGATGTCTTATG-1,0,1,25,2505,5717
GGCGAGCATCGAGGAC-1,0,0,26,2251,5861
CGCGTGCTATCAACGA-1,0,1,27,2503,6008
TGAAACCTCAACTCAC-1,0,0,28,2249,6152
CACATAAGGCGACCGT-1,0,1,29,2501,6299
TGACCCAACTCACATT-1,0,0,30,2248,6443
ATACGCCGATCTACCG-1,0,1,31,2500,6589
ACTTATCTGATCTATA-1,0,0,32,2246,6733
GTGTGAGCCGAGGTGC-1,0,1,33,2498,6880
GATGATTTGAAACTGG-1,0,0,34,2244,7024
GGGAACCACCTGTTTC-1,0,1,35,2496,7171
GTTCGTTGCGGACCAG-1,0,0,36,2243,7315
TGAGGTTGATCCCAAG-1,0,1,37,2495,7462
GATGCCACACTACAGC-1,0,0,38,2241,7605
AGGCAAAGAGGAATCA-1,0,1,39,2493,7752
AAGTAAGCTTCCAAAC-1,0,0,40,2239,7896
AACGTAGTCTACCCAT-1,0,1,41,2491,8043
GTTTGAGCGGTTATGT-1,0,0,42,2238,8187
GAAGCAAGGCAATGTT-1,0,1,43,2490,8334
TCACTCAGCGCATTAG-1,0,0,44,2236,8478
TACAATGAAACCAGCA-1,0,1,45,2488,8624
GTGCGCTTACAAATGA-1,0,0,46,2234,8768
GCACTCCCACAGTCCC-1,0,1,47,2486,8915
CGAAGACTGCCCGGGA-1,0,0,48,2233,9059
CAGGATCCGCCCGACC-1,0,1,49,2485,9206
CACGATTGGTCGTTAA-1,0,0,50,2231,9350
GGTTGTATCGTGAAAT-1,0,1,51,2483,9497
TCTTATGGGTAGTACC-1,0,0,52,2229,9640
TACAAGCTGTTCACTG-1,0,1,53,2481,9787
GTATCTTGTTGCTCAC-1,0,0,54,2228,9931
ATACCAGGTGAGCGAT-1,0,1,55,2480,10078
CCTAAACAGGGTCCGT-1,0,0,56,2226,10222
ATGGTGCTCAAAGCCA-1,0,1,57,2478,10369
CAAATGCGGAGTGTTC-1,0,0,58,2224,10513
CGTGCCCGACATTTGT-1,0,1,59,2476,10659
GTATCTCCCTAACTGT-1,0,0,60,2223,10803
ATTTGCCTAGTTACGA-1,0,1,61,2475,10950
ACGTCCTAAACGAGAT-1,0,0,62,2221,11094
CTGGGATCGCCCAGAT-1,0,1,63,2473,11241
CTGCAAATGGGCTCCA-1,0,0,64,2219,11385
CATTATAACAGGGTCC-1,0,1,65,2471,11532
ACCTTTCCTTTAGAAG-1,0,0,66,2218,11675
ATAGATTTGCAGTCGG-1,0,1,67,2470,11822
CTCGGGCATCGTCGGG-1,0,0,68,2216,11966
GTGGCGGGCCGTAGCT-1,0,1,69,2468,12113
CAACAGTGCCAAACGG-1,0,0,70,2214,12257
TGCGGGTATTGGGATC-1,0,1,71,2466,12404
GTCTCGCCAACACGCC-1,0,0,72,2213,12548
CTGGGCGGCCAAATGT-1,0,1,73,2465,12694
TAAAGGAGAAACTAGT-1,0,0,74,2211,12838
TCCCACGGAGGGAGCT-1,0,1,75,2463,12985
AGCTTCAATACTTTGA-1,0,0,76,2209,13129
TTCCACATTTCTCGTC-1,0,1,77,2461,13276
ACAAACCGACAAGGCG-1,0,0,78,2208,13420
AGACGGGATTGGTATA-1,0,1,79,2460,13567
AACCTAAAGCCGTCCG-1,0,0,80,2206,13711
TACAAATTGCGGAGGT-1,0,1,81,2458,13857
CCCGCTAGAGGGTTAA-1,0,0,82,2204,14001
CATTGCAAAGCATAAT-1,0,1,83,2456,14148
TGTACGCTATCAGCTT-1,0,0,84,2203,14292
TTCTTCGCAATAGAGC-1,0,1,85,2455,14439
TGTGATTCCAGCGCTT-1,0,0,86,2201,14583
ATTCAGGATCGCCTCT-1,0,1,87,2453,14729
GCCCATGGGTGCAATG-1,0,0,88,2199,14873
TTCCCGACGCTTCACT-1,0,1,89,2451,15020
AGCGGTTGAGATGTAC-1,0,0,90,2197,15164
GCTGTCTGTGATCGAC-1,0,1,91,2450,15311
AAAGACATGAAGTTTA-1,0,0,92,2196,15455
CAACAGAATAACGCTA-1,0,1,93,2448,15602
TGCGGTCTACGAGTAA-1,0,0,94,2194,15746
AAGACTCACGCCCACT-1,0,1,95,2446,15892
CTTTGAAACATATTCC-1,0,0,96,2192,16036
CTGGGCACTAGTCGGA-1,0,1,97,2445,16183
CGCCCTTACATCCACC-1,0,0,98,2191,16327
CACGACCACAGACTTT-1,0,1,99,2443,16474
CAATCCATTATCCGTT-1,0,0,100,2189,16618
GTGGCGTGCACCAGAG-1,0,1,101,2441,16765
CGGAGTCCTAACCTGG-1,0,0,102,2187,16908
GGTCCCATAACATAGA-1,0,1,103,2440,17055
ATCTCATAAACCTACC-1,0,0,104,2186,17199
TGCATGGCAGTCTTGC-1,0,1,105,2438,17346
TTGCAGGTCATGAAGT-1,0,0,106,2184,17490
AGCTGCATTTGAGGTG-1,0,1,107,2436,17637
TAATCAGGAATGCTGC-1,0,0,108,2182,17781
CCATCATAAGAACAGG-1,0,1,109,2435,17927
TCGTATCACCAAGCTA-1,0,0,110,2181,18071
ATTCAGATGAATCCCT-1,0,1,111,2433,18218
AAAGGTCAACGACATG-1,0,0,112,2179,18362
AGCTGCTGTGCCGAAT-1,0,1,113,2431,18509
CTAGCGCCAATCCTAC-1,0,0,114,2177,18653
GCTCGACCGAACTGAA-1,0,1,115,2430,18800
ACAGTGCAGCGCATTT-1,0,0,116,2176,18943
CGGCTGAAGGTTACGC-1,0,1,117,2428,19090
CACCTCTACGAGTGTG-1,0,0,118,2174,19234
ATACGACAGATGGGTA-1,0,1,119,2426,19381
ACTTCCTGTCGTGCGA-1,0,0,120,2172,19525
CGTAACGGAACGATCA-1,0,1,121,2425,19672
AAATCACTCCTAAACG-1,0,0,122,2171,19816
CTCCGAGTAAATCCGC-1,0,1,123,2423,19962
ACGCTAGTATCAGTGC-1,0,0,124,2169,20106
AGAGTGAACAGACACC-1,0,1,125,2421,20253
ACACCCGTAAATCTGT-1,0,0,126,2167,20397
GCTTTGCTGCCGGGTA-1,0,1,127,2420,20544
ACAGGAGGCGCAGCCG-1,0,2,0,2778,2085
AGGCAATACGGAGGAC-1,0,3,1,3031,2232
TGGTGTGACAGACGAT-1,0,2,2,2777,2375
ATCTATCGATGATCAA-1,0,3,3,3029,2522
CGGTAACAAGATACAT-1,0,2,4,2775,2666
TCGCCGGAGAGTCTTA-1,0,3,5,3027,2813
GGAGGAGTGTGTTTAT-1,0,2,6,2773,2957
TTAGGTGTGACTGGTC-1,0,3,7,3026,3104
CAGGGCTAACGAAACC-1,0,2,8,2772,3248
CCCGTGGGTTAATTGA-1,0,3,9,3024,3394
GACCGACCGCTAATAT-1,0,2,10,2770,3538
GGTATCAAGCATAGAA-1,0,3,11,3022,3685
TGCATGAGTAGATTCG-1,0,2,12,2768,3829
AATTCCAACTTGGTGA-1,0,3,13,3021,3976
TGCCGATGTCATCAAT-1,1,2,14,2767,4120
GCTGGGTCCGCTGTTA-1,0,3,15,3019,4267
TGAACACCCGAAGCAG-1,0,2,16,2765,4410
AACATTGGTCAGCCGT-1,0,3,17,3017,4557
GTGGGTCTTCTTTGCG-1,0,2,18,2763,4701
CATCGAATGGATCTCT-1,0,3,19,3016,4848
GCTACACTGTCCGAAC-1,0,2,20,2762,4992
CGGGTTGTAGCTTTGG-1,0,3,21,3014,5139
CCTAAGTGTCTAACCG-1,0,2,22,2760,5283
TCTGTGACTGACCGTT-1,0,3,23,3012,5429
TTATCATACTCGCAAA-1,0,2,24,2758,5573
AGCGTAGCGCTAGACC-1,0,3,25,3011,5720
TCCCTCCGAAATCGTT-1,0,2,26,2757,5864
AGGTCGCCACTTCGGT-1,0,3,27,3009,6011
CTAGCAACTAATTTAC-1,0,2,28,2755,6155
TTGCTAGCTACCAATC-1,0,3,29,3007,6302
GCCGGTTTGGGCGGAT-1,0,2,30,2753,6445
TGTAACTTGTCAACCT-1,0,3,31,3006,6592
CGAGATGTTGCCTATA-1,0,2,32,2752,6736
GTTACGAAATCCACGC-1,0,3,33,3004,6883
CTTGTCGTACGTGTCA-1,0,2,34,2750,7027
GCGTCCAGCTCGTGGC-1,0,3,35,3002,7174
CCCTTCTCGTACGCGA-1,0,2,36,2748,7318
CCAAAGTCCCGCTAAC-1,0,3,37,3001,7464
CCGCTTCGCGGTTAAC-1,0,2,38,2747,7608
GTTACGGCCCGACTGC-1,0,3,39,2999,7755
CCCGCTTGCCCTCGTC-1,0,2,40,2745,7899
TAGTGAGAAGTGGTTG-1,0,3,41,2997,8046
CGCTACCGCCCTATGA-1,0,2,42,2743,8190
AAACAATCTACTAGCA-1,0,3,43,2996,8337
GCGCGATGGGTCAAGT-1,0,2,44,2742,8480
ATAAACCATTGGACGG-1,0,3,45,2994,8627
TCGGGCACTTCTGGAT-1,0,2,46,2740,8771
TCTGTGGCTACATTTC-1,0,3,47,2992,8918
CTCTGTGCCTGCTATG-1,0,2,48,2738,9062
CACGACTAAAGTTCTG-1,0,3,49,2990,9209
GAGGAGTAATTCCTAC-1,0,2,50,2737,9353
AGAGGTATCTCGGTCC-1,0,3,51,2989,9499
GGCGTACCCTATATAA-1,0,2,52,2735,9643
GCCGGAAACACATCTT-1,0,3,53,2987,9790
AAATGTGGGTGCTCCT-1,0,2,54,2733,9934
ACCAGGAGTGTGATCT-1,0,3,55,2985,10081
TGTGGAGGAAGCTTAA-1,0,2,56,2732,10225
AAGGAGAACTTATAAG-1,0,3,57,2984,10372
CCCTCGGGAGCCTTGT-1,0,2,58,2730,10516
ACTGTTTAGTGTAGGC-1,0,3,59,2982,10662
CGTCAGTTTATCGTCT-1,0,2,60,2728,10806
GCGTGTATGTCGTATT-1,0,3,61,2980,10953
ACAATCGATCTTTATA-1,0,2,62,2727,11097
CAGCCCTCACAGGCAG-1,0,3,63,2979,11244
CGCGTCATATTAAACC-1,0,2,64,2725,11388
GAAGACTTCAATGCCG-1,0,3,65,2977,11534
TTGCGGCGACTCATGC-1,0,2,66,2723,11678
ACCAAACTAGAAATCC-1,0,3,67,2975,11825
TTACTGTTTCTCTACG-1,0,2,68,2722,11969
GACCAGGTCATTCATA-1,0,3,69,2974,12116
TTCTTCCCTTTGATAT-1,0,2,70,2720,12260
ACGCCCAGCTGTCGAT-1,0,3,71,2972,12407
AGTAGCGTGAACGAAC-1,0,2,72,2718,12551
CCTCGACCCACTGCCT-1,0,3,73,2970,12697
AGTTATTGAAAGGTAA-1,0,2,74,2717,12841
TCAGTTACGGAATGAT-1,0,3,75,2969,12988
GAATCTATACTCGGAC-1,0,2,76,2715,13132
TCGGCTAACTTCCCTT-1,0,3,77,2967,13279
ACGTGGTCGAATGTGC-1,0,2,78,2713,13423
ATATCGTGCCAGACCC-1,0,3,79,2965,13570
GTAGCTAGTAAGCGCG-1,0,2,80,2712,13713
ACGCTTAGTGTCTCTC-1,0,3,81,2964,13860
TCCGGCCTGCATCGAT-1,0,2,82,2710,14004
TAGTGGAACTCATACA-1,0,3,83,2962,14151
ATCATCTGCCCAGTGT-1,0,2,84,2708,14295
GTTATTAAATACGACC-1,0,3,85,2960,14442
GCGCTAAGTATGCATG-1,0,2,86,2707,14586
CCTGACGCAACCTTTA-1,0,3,87,2959,14732
CCCAAGAATGCACGGT-1,0,2,88,2705,14876
AACTGGGTTCGAGCCG-1,0,3,89,2957,15023
GGTTCCACCCGCTTCT-1,0,2,90,2703,15167
CATGCACGTGTTACTG-1,0,3,91,2955,15314
AGCGTTCCGATTTAAA-1,0,2,92,2702,15458
CCTACGCGACCTTACA-1,0,3,93,2954,15605
CGAATTACATGGTGTT-1,0,2,94,2700,15748
GAGGTCTTAGTGGGTC-1,0,3,95,2952,15895
GCCGCTAGATACGCAG-1,0,2,96,2698,16039
GTCACCTGTCTATGTC-1,0,3,97,2950,16186
CCGATTGGTCAATGAA-1,0,2,98,2697,16330
CCTGTGCGGATTGTAA-1,0,3,99,2949,16477
TTACGTAGCGCGTGCT-1,0,2,100,2695,16621
GGAGGCGAAGAACCGC-1,0,3,101,2947,16767
GGGTCACGTGCTTATG-1,0,2,102,2693,16911
GCTCCGGACGTTGATA-1,0,3,103,2945,17058
ATGTTTGTAAGATCAT-1,0,2,104,2692,17202
TGACCCAGCATTCCCG-1,0,3,105,2944,17349
TGGTCGTTTGATAGAT-1,0,2,106,2690,17493
TGTAATGCCTTCGGAC-1,0,3,107,2942,17640
TGCTCACACAACAACC-1,0,2,108,2688,17783
TACGATCCAAGCCACT-1,0,3,109,2940,17930
TTGTAACTTCATAGCG-1,0,2,110,2687,18074
AGATTCAAGCGGGTCG-1,0,3,111,2939,18221
CTCAGCAGACTGCCGA-1,0,2,112,2685,18365
GTAACATCAGCTCATC-1,0,3,113,2937,18512
ATGGAACAGAATAAAC-1,0,2,114,2683,18656
GGGCCTATACAACCGG-1,0,3,115,2935,18802
TCAAACAATTAGGACA-1,0,2,116,2682,18946
AAACCACTACACAGAT-1,0,3,117,2934,19093
AAACGACAGTCTTGCC-1,0,2,118,2680,19237
TTGAGGGTCGAACGCG-1,0,3,119,2932,19384
TGTTGATCACTGTTTA-1,0,2,120,2678,19528
AGGGTGTGCTACACGC-1,0,3,121,2930,19675
GTAGTTAGACAATATA-1,0,2,122,2677,19818
AATGGCCGCCAATGCG-1,0,3,123,2929,19965
TCGGCGGTATTAGATT-1,0,2,124,2675,20109
GGGTCACTGAGTAGTG-1,0,3,125,2927,20256
GAATTATGCAACCTAC-1,0,2,126,2673,20400
GATCTTAGTGAACGTG-1,0,3,127,2925,20547
CTAATGCGCCCAACAA-1,0,4,0,3284,2088
GCCACCCATTCCACTT-1,0,5,1,3536,2234
TACTCACAACGTAGTA-1,0,4,2,3283,2378
GTTCGGTGTGGATTTA-1,0,5,3,3535,2525
TCTTTCGGCGGGACAC-1,0,4,4,3281,2669
GGAGACATTCACGGGC-1,0,5,5,3533,2816
GGGATTATCTCACAAC-1,0,4,6,3279,2960
TAGAACGCCAGTAACG-1,0,5,7,3531,3107
ACGAGTCGCCGGCGTT-1,0,4,8,3278,3250
TGATGGGACTAAGTCA-1,0,5,9,3530,3397
TGCGAGAAACGTTACG-1,0,4,10,3276,3541
TCGCCTCGACCTGTTG-1,0,5,11,3528,3688
AACTCGATAAACACGT-1,0,4,12,3274,3832
AGGAAAGCCTCTGATG-1,0,5,13,3526,3979
GAAGGACTAAATTGAA-1,0,4,14,3273,4123
GTATCGGGACGAGCTG-1,0,5,15,3525,4269
CCTGTGCATAGGAGAC-1,0,4,16,3271,4413
CATACGGGTGCATGAT-1,0,5,17,3523,4560
CCACTAAACTGAATCG-1,0,4,18,3269,4704
AAATTGCGGCGGTTCT-1,0,5,19,3521,4851
AGTCCAGCGGGTACGT-1,0,4,20,3268,4995
CATTCAGGTCAGTGCG-1,0,5,21,3520,5142
CTAAAGTCCGAAGCTA-1,0,4,22,3266,5286
AATCAGACTGCAGGAC-1,0,5,23,3518,5432
AGTATCCATAATAACG-1,0,4,24,3264,5576
CTGGCTGCTAACGTAA-1,0,5,25,3516,5723
GTTCCAAGACAGCGAC-1,0,4,26,3263,5867
AAGACTAACCCGTTGT-1,0,5,27,3515,6014
GATTAATCCTGGCTCA-1,0,4,28,3261,6158
CGCGCAAGGAACTACA-1,0,5,29,3513,6304
CAGTAGCGAGGTAGTA-1,0,4,30,3259,6448
ACGGCGGGTTGCCCTG-1,0,5,31,3511,6595
CTAGGCGGCAGAGAAT-1,0,4,32,3258,6739
GTGCGCAGCTTGCTCC-1,0,5,33,3510,6886
TCACTATCGTGCAATC-1,0,4,34,3256,7030
TATGATTCTGCTTGGT-1,0,5,35,3508,7177
TAAGATTTAGCGGGAG-1,0,4,36,3254,7321
TTACGGTGTCACCGAG-1,0,5,37,3506,7467
CTACACTAGCTTGTTC-1,0,4,38,3253,7611
TGAGCAGTCGTGAAGT-1,0,5,39,3505,7758
CGCTGAGGACGTCCAA-1,0,4,40,3251,7902
GTGTATGACTTTAAAG-1,0,5,41,3503,8049
CTAAACGGGTGTAATC-1,0,4,42,3249,8193
TGTACTGTGCCAAAGT-1,0,5,43,3501,8339
GGCCACAAGCGATGGC-1,0,4,44,3248,8483
GTCAATTGTACTGAAG-1,0,5,45,3500,8630
AGGGACAGCACGGCGG-1,0,4,46,3246,8774
AGCTTATAGAGACCTG-1,0,5,47,3498,8921
AACTAGCGTATCGCAC-1,0,4,48,3244,9065
AACTTTAGCTGCTGAG-1,0,5,49,3496,9212
CCCAAGACAGAGTATG-1,0,4,50,3243,9356
GGCATCAACGAGCACG-1,0,5,51,3495,9502
ATGCATTCCGTGATGG-1,0,4,52,3241,9646
TTATAGATGCACATTA-1,0,5,53,3493,9793
GAACCATCTGGGAGAC-1,0,4,54,3239,9937
TGCTATACAAACGGAC-1,0,5,55,3491,10084
ACTTGCCATATTGTAC-1,0,4,56,3238,10228
TATTCCGGCAGTCCTA-1,0,5,57,3490,10375
GACGGACCGCGTTCCT-1,0,4,58,3236,10518
ATGTGTAGTTTAGTCA-1,0,5,59,3488,10665
ATACCAGCAAATTGCT-1,0,4,60,3234,10809
AAGTTTACTAATGGCA-1,0,5,61,3486,10956
CTCTCGATGTGCGCCT-1,0,4,62,3233,11100
GATTGACACTCTGCTC-1,0,5,63,3485,11247
TATCACAGCACGGGCA-1,0,4,64,3231,11391
ACCGTTCCCGCTCTGA-1,0,5,65,3483,11537
CCGCCACCACAATCCA-1,0,4,66,3229,11681
CATTCACTGACAGCTA-1,0,5,67,3481,11828
CGGCTGCAAGATTAAG-1,0,4,68,3228,11972
CATGAACCTCTTATCA-1,0,5,69,3480,12119
TTAATGCGAGGTAACT-1,0,4,70,3226,12263
AATAAGTCCTCGAGAC-1,0,5,71,3478,12410
ACCAGCCCGGTCTTTG-1,0,4,72,3224,12553
CTACGAACTAGGTCGA-1,0,5,73,3476,12700
ACATCTCAACGCGTAA-1,0,4,74,3223,12844
CACTACTCAGTTCTGT-1,0,5,75,3475,12991
CCGACTCGCATAGTCT-1,0,4,76,3221,13135
CATTTATCGTTCAAGA-1,0,5,77,3473,13282
CAAACGTGGTCTTGCG-1,0,4,78,3219,13426
TAGAAACCACTAAGTA-1,0,5,79,3471,13572
ACTGATTTAGTGATTC-1,0,4,80,3218,13716
TCGTATTTCGTCCGGA-1,0,5,81,3470,13863
CGGAAATTTCACATCC-1,0,4,82,3216,14007
ATCCACGCTAAATGTT-1,0,5,83,3468,14154
GTTCAATCTATGTCAA-1,0,4,84,3214,14298
ATAAAGGTCAAGTACG-1,0,5,85,3466,14445
CAACTCCAACGTTTAG-1,0,4,86,3213,14588
TAGGAACAGCCTCCAG-1,0,5,87,3465,14735
ATGGGAACGGAAGCGG-1,0,4,88,3211,14879
CACACGTTTCAATGGG-1,0,5,89,3463,15026
GGTGTTCTGTTTCTAC-1,0,4,90,3209,15170
AGTAACGTTCATCCTG-1,0,5,91,3461,15317
GTATAGTGGCCCATGT-1,0,4,92,3208,15461
TCTACACGTTCATGCA-1,0,5,93,3460,15607
AATCTGGGTAGACCCT-1,0,4,94,3206,15751
TCGGTTAGCCATGTAG-1,0,5,95,3458,15898
TGCCATGGCTTATAAG-1,0,4,96,3204,16042
TAAGTAAATGTGCCGC-1,0,5,97,3456,16189
GTGTCCGATAAGGCAT-1,0,4,98,3203,16333
TGGCACGAGCTCGAGT-1,0,5,99,3455,16480
ACCGGTCTGAGTACGG-1,0,4,100,3201,16624
GAACTTAGCGCCCGGT-1,0,5,101,3453,16770
AGTAGCTAGACGCCGA-1,0,4,102,3199,16914
ATAGGAATCTAAGCTT-1,0,5,103,3451,17061
CTTCCTGCATATTTAC-1,0,4,104,3198,17205
CAATATGTAGATTTAC-1,0,5,105,3450,17352
ACAAGGCCTACCAGCC-1,0,4,106,3196,17496
TTATAGTCCAAGGTGC-1,0,5,107,3448,17642
AAACGCCCGAGATCGG-1,0,4,108,3194,17786
CCTCGTTACGCCTGTT-1,0,5,109,3446,17933
GAACGGTGTAAAGCAG-1,0,4,110,3193,18077
ACGCATAAATGACATG-1,0,5,111,3445,18224
GGTTCGATGCTGAGTT-1,0,4,112,3191,18368
CTTTGGCAGACAGAGT-1,0,5,113,3443,18515
TTCGTGGGCTGGAAGC-1,0,4,114,3189,18659
CAAAGGTTAAATTCAG-1,0,5,115,3441,18805
GTTTGGCGTCAGGCAC-1,0,4,116,3187,18949
GCTTTCTATCTCAACT-1,1,5,117,3440,19096
TGCATCTCCGGATCTT-1,0,4,118,3186,19240
CTGAAACGGCCCTCAG-1,0,5,119,3438,19387
TAGCAGTAAATACGCG-1,0,4,120,3184,19531
CGGGCTACTTAAATTG-1,0,5,121,3436,19677
ATTATGCTCAGTATTG-1,0,4,122,3182,19821
TGATGCTCACGTAGTC-1,0,5,123,3435,19968
GTCTAAGATGCCCAGC-1,1,4,124,3181,20112
AACCCGATAGGGCTTC-1,0,5,125,3433,20259
CGCTATCGTGGCTTTA-1,0,4,126,3179,20403
CGTCTCTCGCCGAGGC-1,0,5,127,3431,20550
AGTGGGAGTATACACG-1,0,6,0,3790,2091
GGTCTTGGTGTTAACT-1,0,7,1,4042,2237
GGCTGGCAGCTTTATG-1,0,6,2,3788,2381
CGCCAATTATTGCGTT-1,0,7,3,4041,2528
GGTAACCGGCAAAGGT-1,0,6,4,3787,2672
TGGGACCATTGGGAGT-1,0,7,5,4039,2819
CTGCAGGTGCTCGGCC-1,0,6,6,3785,2963
CCGGTGCGAGTGATAG-1,0,7,7,4037,3109
GGGTACACTCTGGAGG-1,0,6,8,3783,3253
TAGCCAGAGGGTCCGG-1,0,7,9,4036,3400
CTTGTGAGGACAGCGG-1,0,6,10,3782,3544
GAAGGGCATAACCATG-1,0,7,11,4034,3691
CAACATGGCCTGATAA-1,0,6,12,3780,3835
CAATTTGACCGGGAAG-1,0,7,13,4032,3982
TCTGACTGTAATGGTT-1,0,6,14,3778,4126
TTCATAGCCTTGTAAC-1,0,7,15,4031,4272
TGGAAACGGAGTGAAC-1,0,6,16,3777,4416
ATCGCACGATTGTTCA-1,0,7,17,4029,4563
CGCCACCCGCATTAAC-1,0,6,18,3775,4707
TGGACCACGGCGTTGA-1,0,7,19,4027,4854
GTATATGTTACGGCGG-1,0,6,20,3773,4998
GTATTCTTACCGTGCT-1,0,7,21,4026,5145
TTCAGAGTAACCTGAC-1,0,6,22,3772,5288
GCGGTAACCCAAATGA-1,0,7,23,4024,5435
CTACGTGTTGCCACCA-1,0,6,24,3770,5579
CTAGATAAACTCCTCG-1,0,7,25,4022,5726
TCCATTAGTTGGATAG-1,0,6,26,3768,5870
CTGGCTCCTGCGGGAT-1,0,7,27,4021,6017
CAGTCTCTCGGCTAAT-1,0,6,28,3767,6161
GTATGACGTGGGAAAC-1,0,7,29,4019,6307
AGTCACTCCGCCTCAT-1,0,6,30,3765,6451
GCAGCGGTGGGCATTA-1,0,7,31,4017,6598
TATGGAGTTTCTCGTT-1,0,6,32,3763,6742
ACTCAACGAATGTATT-1,0,7,33,4016,6889
AACACGCGGCCGCGAA-1,0,6,34,3762,7033
CGATATTAGCCGCAGG-1,0,7,35,4014,7180
AGCGTCTGAACCCGCA-1,0,6,36,3760,7323
GATGTCCGGATCACAT-1,0,7,37,4012,7470
GGTCACGTTAGATTCA-1,0,6,38,3758,7614
TTAAGGATACGGAGGT-1,0,7,39,4011,7761
GTGCGGGACCATCGGC-1,0,6,40,3757,7905
CCATCTTGTTCACAAT-1,0,7,41,4009,8052
TCCGAGAAGGCTAAGC-1,0,6,42,3755,8196
TGGCGGTGTGCGATTG-1,0,7,43,4007,8342
ATCCTGCTGCAGATAG-1,0,6,44,3753,8486
TTATGCGTCCCGGTCC-1,0,7,45,4006,8633
CATAATGAGCGGGCGA-1,0,6,46,3752,8777
AGACATAGATCCTTCC-1,0,7,47,4004,8924
GGTGAAACCGGGAATG-1,0,6,48,3750,9068
AACTGGTGTGGGCCTT-1,0,7,49,4002,9215
GTAGCGCTGTTGTAGT-1,0,6,50,3748,9358
TTGTTTGTGTAAATTC-1,0,7,51,4001,9505
GGATCAAAGGACGAGG-1,0,6,52,3747,9649
CGTAGCGCCGACGTTG-1,0,7,53,3999,9796
CAAGTGAACTTTGGTT-1,0,6,54,3745,9940
GTAGACAACCGATGAA-1,0,7,55,3997,10087
CAATGGTCGGCCTGGG-1,0,6,56,3743,10231
ACAGATTAGGTTAGTG-1,0,7,57,3996,10377
GTTATCACCTTCTGAA-1,0,6,58,3742,10521
TGGTATCGGTCTGTAT-1,0,7,59,3994,10668
GGAATAACCTCAAGAA-1,0,6,60,3740,10812
ATTATCTCGACAGATC-1,0,7,61,3992,10959
CCGAGGGATGTTAGGC-1,0,6,62,3738,11103
TGAGATCAAATACTCA-1,0,7,63,3991,11250
AAACGAAGAACATACC-1,0,6,64,3737,11393
CTGGTCCTAACTTGGC-1,0,7,65,3989,11540
TGCACGAGTCGGCAGC-1,0,6,66,3735,11684
ATAGTCTTTGACGTGC-1,0,7,67,3987,11831
TGGAGCTAAAGTTCCC-1,0,6,68,3733,11975
GGGTGGTCCAGCCTGT-1,0,7,69,3985,12122
CATGCATGGAGACCCT-1,0,6,70,3732,12266
ACACGGCACTATGCAT-1,0,7,71,3984,12412
CCCTGGTATGGGCGGC-1,0,6,72,3730,12556
GGAGGATTGAAAGGAG-1,0,7,73,3982,12703
CCGCTGGTGCCATTCA-1,0,6,74,3728,12847
GTTAGAGTGTGCCGCT-1,0,7,75,3980,12994
TCGGAATGACCATCAA-1,0,6,76,3727,13138
TTCAATTAGCCATAAT-1,0,7,77,3979,13285
GATGTGTTGTCACAAG-1,0,6,78,3725,13429
TCTTTCTCTTAAGGAG-1,0,7,79,3977,13575
ACCCTTTAGTTCTCCA-1,0,6,80,3723,13719
ACCACAACTCAGAACA-1,0,7,81,3975,13866
TATGATAAATCTAACG-1,0,6,82,3722,14010
GATCCTCTTGCGCTTA-1,0,7,83,3974,14157
TTCTACCTTTATGTTG-1,0,6,84,3720,14301
GAAATACCTGCTGGCT-1,0,7,85,3972,14447
ATTCTGAGTATGAACT-1,0,6,86,3718,14591
GGATTAAGCTAAGGTC-1,0,7,87,3970,14738
AGTACGTGGCCTGTCT-1,0,6,88,3717,14882
TCAGGGTGCACGAAAC-1,0,7,89,3969,15029
AAATTTACCGAAATCC-1,0,6,90,3715,15173
TTGAGGCATTTAACTC-1,0,7,91,3967,15320
AACCAGTATCACTCTT-1,0,6,92,3713,15464
CACCGGAGATATCTCC-1,0,7,93,3965,15610
GACTGGGCGCCGCAAC-1,0,6,94,3712,15754
CACGTCTATGATGTGG-1,0,7,95,3964,15901
TTAAGACGAACGAACC-1,0,6,96,3710,16045
TGACCAGCTTCAAAGT-1,0,7,97,3962,16192
AGAGTTAGAGACCGAT-1,0,6,98,3708,16336
TTCGGACTGATGCCTT-1,0,7,99,3960,16482
CTCGAATGGAACGTAT-1,0,6,100,3707,16626
GGACGGCTTGCGCAAC-1,0,7,101,3959,16773
CTAAGTACAGGGCTAC-1,0,6,102,3705,16917
ACAAATTCAGATCTGA-1,0,7,103,3957,17064
CATGGAAATGGGACCA-1,0,6,104,3703,17208
GGTGGACCACGTGTTA-1,0,7,105,3955,17355
CACGACGTAATAGTAA-1,0,6,106,3702,17499
CGGGTTCGGCACGTAT-1,0,7,107,3954,17645
CTGGGCTATCCTTTGG-1,0,6,108,3700,17789
GTATTAGGGTTCGCGT-1,0,7,109,3952,17936
TCATTCGTATAATTTG-1,0,6,110,3698,18080
AATAGCAAGCCTCCTG-1,0,7,111,3950,18227
CATCTACCCGAGAACG-1,0,6,112,3697,18371
GCTTCAGTGGGATTAC-1,0,7,113,3949,18518
TCTGTGATGGAGGTTG-1,0,6,114,3695,18661
ATCCACTTTCAGACTA-1,0,7,115,3947,18808
ATGGTTACGAAACATG-1,0,6,116,3693,18952
GGCCCAATCTAGAGGG-1,0,7,117,3945,19099
GATGGTGAAATAACCC-1,0,6,118,3692,19243
AGAGGGACAATTGTCC-1,0,7,119,3944,19390
CGCGTACATTCTGGAA-1,0,6,120,3690,19534
CAAGAAACCCTAAACT-1,0,7,121,3942,19680
TTGGTGCGGTGTTGAA-1,0,6,122,3688,19824
GGTTCCCTAGTGTCTC-1,0,7,123,3940,19971
CGATAACCAATTTGAG-1,0,6,124,3687,20115
GCCCACTGGTCCACAA-1,0,7,125,3939,20262
GAGGGCCGGCAGAGTC-1,0,6,126,3685,20406
CGACACGGATGCCCAC-1,0,7,127,3937,20553
CTGTCTGTGGCTGGCT-1,0,8,0,4296,2093
ATATTATCCCGTATTT-1,0,9,1,4548,2240
GCGCTGGCGGAAAGTC-1,0,8,2,4294,2384
ATCTAACGTCCCTATG-1,0,9,3,4546,2531
GTCAGACAGCGTTGGA-1,0,8,4,4293,2675
GCCAGGCTTAGTGGTA-1,0,9,5,4545,2822
ATTCAAAGTACCTGTT-1,0,8,6,4291,2966
TGGACGTAGGCGAATC-1,0,9,7,4543,3112
ACACATTGACGCAACA-1,0,8,8,4289,3256
GATATCAGTATGTATC-1,0,9,9,4541,3403
TGGGCCTTGCCTGCAT-1,0,8,10,4288,3547
CAAAGTCAGGTTAGCT-1,0,9,11,4540,3694
GGATCCCTACCAGCTA-1,0,8,12,4286,3838
ATCGTCCAATCGAGTC-1,0,9,13,4538,3985
ACATGGCTCAATTTAG-1,0,8,14,4284,4128
AGGCCCAGTGACTGGT-1,0,9,15,4536,4275
GCTTCCAGCTTAGATT-1,0,8,16,4283,4419
TGCTTGAAACCATGCA-1,0,9,17,4535,4566
CAATATTGGACTAGTG-1,0,8,18,4281,4710
CGTGCTGGCCTAGTCG-1,0,9,19,4533,4857
CCTGCGATAGAACTGT-1,0,8,20,4279,5001
GGGTAATGCTGTGTTT-1,0,9,21,4531,5147
AACGCGAACGGCAACA-1,0,8,22,4278,5291
TGTCGGCATGGTGGAA-1,0,9,23,4530,5438
AGCGTACGAGAGCTAG-1,0,8,24,4276,5582
ATACTCTCGCCACTCT-1,0,9,25,4528,5729
AATCCATGCAAGGGTG-1,0,8,26,4274,5873
TTAAACAGAGTCCCGC-1,0,9,27,4526,6020
CCACAGCTGAAATCAT-1,0,8,28,4273,6163
CGGTTCCGGCTTCTTG-1,1,9,29,4525,6310
GACGTGAGACTCCATG-1,1,8,30,4271,6454
TCGTTGGCTCGTCAAT-1,1,9,31,4523,6601
GGTGAACGGGCTAGCC-1,1,8,32,4269,6745
GCACTGTGCAAATGTA-1,1,9,33,4521,6892
ACGAGAACCCATCACG-1,1,8,34,4268,7036
CCAGCTACGCCTCATA-1,1,9,35,4520,7182
TCCCGGTCAGGAATTT-1,1,8,36,4266,7326
TCGCATTCAATGACTT-1,1,9,37,4518,7473
CTGGTTCAACGCATCA-1,0,8,38,4264,7617
GGTGATTTCATCTTGT-1,0,9,39,4516,7764
CACCCTTTCCTCGCTC-1,0,8,40,4263,7908
CAACTTGTAGTGGGCA-1,0,9,41,4515,8055
AATATCAAGGTCGGAT-1,0,8,42,4261,8198
ACTCAGACCTGCTTCT-1,0,9,43,4513,8345
TTGGAGTCTCCCTTCT-1,0,8,44,4259,8489
GGATACTCATGAATTG-1,0,9,45,4511,8636
TGGGCACAAACAGAAC-1,0,8,46,4258,8780
GAGCCACGGTAGTAGG-1,0,9,47,4510,8927
TCGATAGGCTAGTCGC-1,0,8,48,4256,9071
TAACCGCCCGCAGTGC-1,0,9,49,4508,9217
GCCTATTTGCTACACA-1,0,8,50,4254,9361
TTGACGATTCAGCACG-1,0,9,51,4506,9508
TTAAACCGGTAGCGAC-1,0,8,52,4253,9652
ACCGAAAGGGCCCTGC-1,0,9,53,4505,9799
ACGTTCCGCGCTCCGT-1,0,8,54,4251,9943
ATACCAGGCTAATAGA-1,0,9,55,4503,10090
CGGCTTTGTATGATAA-1,0,8,56,4249,10234
CTTGACCCGAAAGATA-1,0,9,57,4501,10380
CGCAGAAACATTTGCG-1,0,8,58,4248,10524
GACCCGTCGCCGGCTA-1,0,9,59,4500,10671
AATCGGGACACTACGA-1,0,8,60,4246,10815
GTCACAAAGTTTCCAA-1,0,9,61,4498,10962
TATATTCGCGTCGATA-1,0,8,62,4244,11106
CCTCCCGACAATCCCT-1,0,9,63,4496,11252
CGACATGCGATCTTCT-1,0,8,64,4243,11396
AACACGACTGTACTGA-1,0,9,65,4495,11543
CCCAACCACACTAACA-1,0,8,66,4241,11687
CACCGCCGACCAGCGA-1,0,9,67,4493,11834
TGGTATCGCATCCCAA-1,0,8,68,4239,11978
CAGAGTGATTTAACGT-1,0,9,69,4491,12125
AACCCTGGTGGAACCA-1,0,8,70,4238,12269
GTCAGTTGTGCTCGTT-1,0,9,71,4490,12415
ATTGACGTAACTCGGT-1,0,8,72,4236,12559
GATGTCGGTCAACTGC-1,0,9,73,4488,12706
AGGGCAGCGGCGTGGT-1,0,8,74,4234,12850
ACATCGTTAACCTAGT-1,0,9,75,4486,12997
TCCATTGTGACCTCGT-1,0,8,76,4233,13141
TGTTTAATACTTCATC-1,0,9,77,4485,13288
TTGCTGGCCGGGCTTC-1,0,8,78,4231,13431
CATATTATTTGCCCTA-1,0,9,79,4483,13578
CTGCCTAGCCACCAAG-1,0,8,80,4229,13722
ACGAGATATTTGCTTA-1,0,9,81,4481,13869
GACTACAATTGCTCGT-1,0,8,82,4228,14013
AACGTGATGAAGGACA-1,0,9,83,4480,14160
ACTCTCTTATACACGA-1,0,8,84,4226,14304
CGCATCATGGCTTCAG-1,0,9,85,4478,14450
CGGCTCTTCGTCGAAC-1,0,8,86,4224,14594
ATTCTTCGTACTTATG-1,0,9,87,4476,14741
AGTGAGGGTTTCTGAC-1,0,8,88,4223,14885
GCCAGGCGTTCGCATG-1,0,9,89,4475,15032
GACTAACACAGCACCT-1,0,8,90,4221,15176
CAATGGAATCTACATA-1,0,9,91,4473,15323
GTGGTCAGCGAAGTAT-1,0,8,92,4219,15466
ATGGCTGGAAATGGCC-1,0,9,93,4471,15613
ATCAGGTCGCCATTGC-1,0,8,94,4218,15757
TATCACCATGTAAAGT-1,0,9,95,4470,15904
AGCGCTTATGGGCAAG-1,0,8,96,4216,16048
AAGCGGCGTCATGGGT-1,0,9,97,4468,16195
ACTAATACGTCAGGCG-1,0,8,98,4214,16339
GGCTGAGCATCGTAAG-1,0,9,99,4466,16485
CGGTTGGGTTCAAGTT-1,0,8,100,4213,16629
GACTGATTGGTCACAA-1,0,9,101,4465,16776
AGACGGGCCGATTTAA-1,0,8,102,4211,16920
ACCAGTGCCCGGTCAA-1,0,9,103,4463,17067
GTCCTTTAATGACTTC-1,0,8,104,4209,17211
CCTACAAGTCCGGAAT-1,0,9,105,4461,17358
GCCTGCTACACTGAGA-1,0,8,106,4208,17501
GACTCGGTCGGCGGAT-1,0,9,107,4460,17648
CTAGACATATATGTAG-1,0,8,108,4206,17792
TCGCCCAACTGACTCC-1,0,9,109,4458,17939
AAACTAACGTGGCGAC-1,0,8,110,4204,18083
AACTGAGGTCAGCGTC-1,0,9,111,4456,18230
ACAATGATTCTTCTAC-1,0,8,112,4203,18374
ATAAGTACCCGATTGT-1,0,9,113,4455,18520
ATTGGGAGTTCTGTAA-1,0,8,114,4201,18664
CGAACATAGTCAGAAA-1,0,9,115,4453,18811
TAGCTCAGATCCTAGT-1,0,8,116,4199,18955
GTGTCGTATTCACCTT-1,0,9,117,4451,19102
CTCACCGATCCAAACT-1,0,8,118,4198,19246
ATATGTGCACAAACCA-1,0,9,119,4450,19393
CAGTCCAACGCCTTCT-1,0,8,120,4196,19536
TCGTCCGGGTACACTC-1,0,9,121,4448,19683
GCAGAAACGTAATCCA-1,0,8,122,4194,19827
TTCGAGCCGGCGCTAC-1,0,9,123,4446,19974
GGAAGATAAGACTGTA-1,0,8,124,4193,20118
ATAAGCAAACACCGAG-1,0,9,125,4445,20265
GCATAAATTGAACGCC-1,0,8,126,4191,20409
CGCCGGTGTCGCAGTA-1,0,9,127,4443,20555
GACCTGGTCTGGGCGT-1,0,10,0,4802,2096
AGCCGCTTGATTAGCG-1,0,11,1,5054,2243
CCCGGCTAGGTGAGAA-1,0,10,2,4800,2387
CGAGCCGAGCACTCGA-1,0,11,3,5052,2534
TAGTGCTTGAATCCTT-1,0,10,4,4799,2678
CAACCGCACCTAGACA-1,0,11,5,5051,2825
ACCACTGTTCAAGAAG-1,0,10,6,4797,2968
AGATGCTATAACGAGC-1,0,11,7,5049,3115
AATTACTCGTACGCTC-1,0,10,8,4795,3259
CGTCAATCTTTAACAT-1,0,11,9,5047,3406
CCAAAGCAGTTGGTTG-1,0,10,10,4794,3550
CCATATTGGATCATGA-1,0,11,11,5046,3697
CGTACCGAAAGTCTAG-1,0,10,12,4792,3841
CTCGAGATCCAAAGCA-1,0,11,13,5044,3987
TGGATAGAGTAACAGA-1,0,10,14,4790,4131
TCACAGATCCTCAAAC-1,0,11,15,5042,4278
AGAGCTACGAAAGCAT-1,0,10,16,4789,4422
TGCGTGATTGGGTGTC-1,0,11,17,5041,4569
CACATGTTTGGACATG-1,0,10,18,4787,4713
TTCGCATCCGGAAGCA-1,0,11,19,5039,4860
CCCTAGTGTCAGGTGT-1,0,10,20,4785,5004
TTACCGCCTTAGGGAA-1,0,11,21,5037,5150
CCAGTCCATTATTCGA-1,0,10,22,4784,5294
CGTAAACGCTTGAGTG-1,0,11,23,5036,5441
ATTCCTTCCAGGCGGT-1,0,10,24,4782,5585
TTCCTTTCTGTGTTGC-1,0,11,25,5034,5732
AGTTGACATCGGCTGG-1,1,10,26,4780,5876
AACTCGATGGCGCAGT-1,1,11,27,5032,6022
GATAAGGCAGATGCAA-1,1,10,28,4778,6166
GGCTGGCTAGCTTAAA-1,1,11,29,5031,6313
CCTCATGCAGCTACGA-1,1,10,30,4777,6457
GACGCCTGTTGCAGGG-1,1,11,31,5029,6604
TAATTAGATGGATATG-1,1,10,32,4775,6748
GAGGGCATCGCGTATC-1,1,11,33,5027,6895
CTTGTGAGTCTTTGAC-1,1,10,34,4773,7039
TCAACACATTGGGTAA-1,1,11,35,5026,7185
ACTGTATACGCGAGCA-1,1,10,36,4772,7329
GTGAAACGTGCTCCAC-1,1,11,37,5024,7476
CGAGTGCTATAGTTCG-1,1,10,38,4770,7620
GTACTGCATGAAGCGT-1,1,11,39,5022,7767
GTAACTTGCGGCAGTC-1,0,10,40,4768,7911
GAATCGCCGGACACGG-1,1,11,41,5021,8057
GGGAGTAATGGCTGGC-1,0,10,42,4767,8201
CATGAACCGACATTTG-1,1,11,43,5019,8348
TCTGTCATACAAGAGC-1,0,10,44,4765,8492
GTCGTCAATTATAAGG-1,1,11,45,5017,8639
TAAAGAGCCCGAAACC-1,0,10,46,4763,8783
GTACTGAGGTCGTAAC-1,1,11,47,5016,8930
AAAGACCCAAGTCGCG-1,0,10,48,4762,9074
CGTCAGTGCGCACAAG-1,0,11,49,5014,9220
TGTATCCTTATTCCAT-1,0,10,50,4760,9364
ATTCTCGTCTCTTTAG-1,1,11,51,5012,9511
AAAGTCACTGATGTAA-1,0,10,52,4758,9655
TGTCTACAGTTTCTGT-1,1,11,53,5011,9802
TTAACGTCGCAAGACC-1,0,10,54,4757,9946
CTATGTCTATTGAAAC-1,1,11,55,5009,10093
TCGGGTGAAACTGCTA-1,0,10,56,4755,10236
TGTCCCGACATAGCAC-1,1,11,57,5007,10383
ACAGCATAGAGCCAGT-1,0,10,58,4753,10527
ATATTCCCACAGGTCA-1,0,11,59,5006,10674
TTGGATCGACTTCTGG-1,0,10,60,4752,10818
CACCATCGGAGGAGAC-1,0,11,61,5004,10965
TCGTTCGTTATTATGT-1,0,10,62,4750,11109
CTTAACTTCGAAGTAC-1,0,11,63,5002,11255
GCACAAGTGTCGGAAG-1,0,10,64,4748,11399
TACCAGCTAGGTTTAA-1,0,11,65,5001,11546
ACGTACAGATTTCTCT-1,0,10,66,4747,11690
AATTTGGTTCCAAAGA-1,0,11,67,4999,11837
GTAAGGATTTGTCGGA-1,0,10,68,4745,11981
CATCATCTACCCGGAC-1,0,11,69,4997,12128
ACGATGGATCCGATGC-1,0,10,70,4743,12271
CACTCAGCTCTTGAGG-1,0,11,71,4996,12418
TAGATCCGAAGTCGCA-1,0,10,72,4742,12562
TGAAACTTATGCAAGC-1,0,11,73,4994,12709
GCGATTCTGGAAGCAG-1,0,10,74,4740,12853
CAAACTATTGAGCTTC-1,0,11,75,4992,13000
TAGAATTAAGGGCAAC-1,0,10,76,4738,13144
CGAAACATAGATGGCA-1,0,11,77,4991,13290
GATGGTGCCCTAGGCA-1,0,10,78,4737,13434
CCCGCAGGGCCCAAAG-1,0,11,79,4989,13581
ACAGCGCACCCGCAGC-1,0,10,80,4735,13725
GGTAAATGTGCGTTAC-1,0,11,81,4987,13872
GTCCTTCTAGTGGGTT-1,0,10,82,4733,14016
GGAAGCTCGCTTACAG-1,0,11,83,4986,14163
CACCGATACACCGAGC-1,0,10,84,4732,14306
CAGCCGGGCCCTCTAT-1,0,11,85,4984,14453
CGGAGCTTATAACACC-1,0,10,86,4730,14597
ATTACAACTACCGGCC-1,0,11,87,4982,14744
TCCTCTGGCCCATTAG-1,0,10,88,4728,14888
CGGCACCGTTAGCGCC-1,0,11,89,4981,15035
TCGGTCCCTGACTCCA-1,0,10,90,4727,15179
TGGTTGGAGGATCCTG-1,0,11,91,4979,15325
CTGCGGTAGTCACGTG-1,0,10,92,4725,15469
GTGCCTCAGTGTACGG-1,0,11,93,4977,15616
ATCGTTCACTTTCGCC-1,0,10,94,4723,15760
ACTTACCGGGCGCGCA-1,0,11,95,4975,15907
CTAGACTGCATTTCGT-1,0,10,96,4722,16051
TTGCCGGTGATCCCTC-1,0,11,97,4974,16198
CTGTCACGCCAGGCGC-1,0,10,98,4720,16341
CGGTATAGGTATTAGC-1,0,11,99,4972,16488
CCAACGCTTGCCAGGG-1,0,10,100,4718,16632
CGTTGAGTAATTGCGT-1,0,11,101,4970,16779
TGTATTTACCTAATGC-1,0,10,102,4717,16923
TAAATGCCGTCTCATG-1,0,11,103,4969,17070
CGGTTTATGAAGGAAC-1,0,10,104,4715,17214
GCAAGATGTGTTCGCG-1,0,11,105,4967,17360
AAAGGTAAGCTGTACC-1,0,10,106,4713,17504
GTACGTCACGTATTAA-1,0,11,107,4965,17651
AGTACCTTCGAGTGCT-1,0,10,108,4712,17795
ATTGTGACTTCGCTGC-1,0,11,109,4964,17942
TGTATCAGACTGAAGC-1,0,10,110,4710,18086
GAGACCCTGCAACGCC-1,0,11,111,4962,18233
TGGGTGGGATGTCATT-1,0,10,112,4708,18377
GGCTAATGATTGAAAT-1,0,11,113,4960,18523
ATAACGTTACCTCCAC-1,0,10,114,4707,18667
TGCGAGATGGCGGCCA-1,0,11,115,4959,18814
CACACTTGTATTGCGA-1,0,10,116,4705,18958
GCTGGTGACTCGTAGT-1,0,11,117,4957,19105
CGACACCGCTTAAGGA-1,0,10,118,4703,19249
GTAACAACTGACCTTG-1,0,11,119,4955,19395
CAACTGAGGGTATGAC-1,0,10,120,4702,19539
CTAATTATGAAGCGTA-1,0,11,121,4954,19686
CCGATCTTAAGAGGCT-1,0,10,122,4700,19830
CGACTCGGTACACGGT-1,0,11,123,4952,19977
TGCTGCGTCAGAGTTA-1,0,10,124,4698,20121
AGAGTTGCAGGCCTCC-1,0,11,125,4950,20268
ACTGGCGAACCTGCGT-1,0,10,126,4697,20412
ACTAAGGACGCACACC-1,0,11,127,4949,20558
CGTCCAGATGGCTCCA-1,0,12,0,5308,2099
ACTATCGCCGGCTAAA-1,0,13,1,5560,2246
GATAGCGTACCACGCG-1,0,12,2,5306,2390
AGGACTTATAGGAGAA-1,0,13,3,5558,2537
TAGTCGGGATTCTTCG-1,0,12,4,5304,2681
ACCATTAAGGGTGTCA-1,0,13,5,5556,2827
TTAATGTGTTTGCAGG-1,0,12,6,5303,2971
TCCGCAGCCACCTAGC-1,0,13,7,5555,3118
GAGGAGATCCTCATGC-1,0,12,8,5301,3262
GGTCCTTCATACGACT-1,0,13,9,5553,3409
CCCTGTTGGCAAAGAC-1,0,12,10,5299,3553
GTGCCTAGCTATGCTT-1,0,13,11,5551,3700
GTCATCTCCTACAGCT-1,0,12,12,5298,3844
GCGAGAAACGGGAGTT-1,0,13,13,5550,3990
CGTCGCGGCGGGATTT-1,0,12,14,5296,4134
CATTGTGTGCTAGATC-1,0,13,15,5548,4281
CGCGGCAGTATTACGG-1,0,12,16,5294,4425
GAAATGGGATGTAAAC-1,0,13,17,5546,4572
CATTCCCTAAGTACAA-1,0,12,18,5293,4716
AGTTCTGCGTTGTATC-1,0,13,19,5545,4862
ACCCTATAGGACTGAG-1,0,12,20,5291,5006
TTAGATAGGTCGATAC-1,0,13,21,5543,5153
ATTGATAGCAACGAGA-1,0,12,22,5289,5297
TCTCGGCTCCAGGACT-1,0,13,23,5541,5444
CTTGAGGTTATCCCGA-1,0,12,24,5288,5588
AAGAAGGATCAGTTAG-1,1,13,25,5540,5735
GTACGACGGCGCTGCG-1,1,12,26,5286,5879
CTTATGTTGACTACCA-1,1,13,27,5538,6025
CGGCACTCAAGAAAGT-1,1,12,28,5284,6169
GTCAAAGTTTACATAG-1,1,13,29,5536,6316
CTCCTAAGTTATGTCT-1,1,12,30,5283,6460
ACTGTGCTAGTAGATC-1,1,13,31,5535,6607
GTTTGGCCGCTCAGCG-1,1,12,32,5281,6751
TTATCCAATCGAACTC-1,1,13,33,5533,6898
CCGTACCCAAGCGCCA-1,1,12,34,5279,7041
CATACAAAGCCGAACC-1,1,13,35,5531,7188
GGTCGGTAATTAGACA-1,1,12,36,5278,7332
AGCGGGAAGGGTCCAT-1,1,13,37,5530,7479
GCCCACCAAGGCTGTC-1,1,12,38,5276,7623
GTAGACGTCGTTACAT-1,1,13,39,5528,7770
GAGCATCATCCCTGGG-1,1,12,40,5274,7914
AGGTAACCTCCTATTC-1,1,13,41,5526,8060
GGTTTGAGTGCTGGAA-1,1,12,42,5273,8204
GCACTAGTCGCGCTAT-1,1,13,43,5525,8351
GGTAACTATGTATCTG-1,1,12,44,5271,8495
GCGGTCCCTAGACGCA-1,1,13,45,5523,8642
CGAGCGTTGATCAGCC-1,1,12,46,5269,8786
AATCCAAGGGCCTGAG-1,1,13,47,5521,8933
CCGTGCCCATGACGGC-1,1,12,48,5268,9076
GAAATTCACATCGCTG-1,1,13,49,5520,9223
CTCTGCGAAGCAAGCA-1,1,12,50,5266,9367
AGTAGGTAACATACAT-1,1,13,51,5518,9514
ATTGGGAATATCTTGG-1,1,12,52,5264,9658
TAGAGCTACGAAGAAC-1,1,13,53,5516,9805
TGCGGCATAGTTCAAC-1,1,12,54,5263,9949
CCGCCGGTCAACACAC-1,1,13,55,5515,10095
TCGTATAGTGCAATTA-1,1,12,56,5261,10239
TAGTTTATTCTTGCTT-1,1,13,57,5513,10386
GATATCTCATGCAATA-1,1,12,58,5259,10530
CGTTTAAGCGGAGCAC-1,1,13,59,5511,10677
CATGCTGGCTCCAATT-1,1,12,60,5258,10821
GAAACAGCCATGCAGT-1,1,13,61,5510,10968
AGTTTCGCAGGTCGGA-1,0,12,62,5256,11111
CTCATGGCTCACAATC-1,1,13,63,5508,11258
AACCGTTGTGTTTGCT-1,0,12,64,5254,11402
ACCCTTCATCTGCGAA-1,0,13,65,5506,11549
TGCGGTGAAATTTCAT-1,0,12,66,5253,11693
CAAATTGTCAGCAAGC-1,0,13,67,5505,11840
GAGGTACATCCATCTT-1,0,12,68,5251,11984
AAATGGCATGTCTTGT-1,0,13,69,5503,12130
TCATCCCAGAGGGTGG-1,0,12,70,5249,12274
CGTAGCGAATTGTCAG-1,0,13,71,5501,12421
CCTAGTTAGTCGCATG-1,0,12,72,5248,12565
GAAACTCTAATGAAGG-1,0,13,73,5500,12712
TTGTATCACACAGAAT-1,0,12,74,5246,12856
TTCAAGCCGAGCTGAG-1,0,13,75,5498,13003
AGGTACGATATTGCCA-1,0,12,76,5244,13147
TTAAGCCGACAACTTC-1,0,13,77,5496,13293
GTCTTAGTACAGCCGG-1,0,12,78,5243,13437
TGGGTAAGGTTCCCGC-1,0,13,79,5495,13584
CTACGCCATTTCCGAT-1,0,12,80,5241,13728
GACCGTCAGGTCGTGA-1,0,13,81,5493,13875
TAGTTAAGATAGGATA-1,0,12,82,5239,14019
GAATATTCGGAGTCCC-1,0,13,83,5491,14165
CAAACTACGATAGAGA-1,0,12,84,5238,14309
CAGGAAGACTTTATAT-1,0,13,85,5490,14456
TTCGTAATCCCAGCGG-1,0,12,86,5236,14600
GTGAGGAGCGGTTGAG-1,0,13,87,5488,14747
CAATCCCTATACCAGC-1,0,12,88,5234,14891
AGGGAAACGAGGTACT-1,0,13,89,5486,15038
TCCTGCCAACTGGAGA-1,0,12,90,5233,15182
AATTTGGGACATAGTA-1,0,13,91,5485,15328
AACTCCTAATCCCATG-1,0,12,92,5231,15472
GCTCATTACTGCATGT-1,0,13,93,5483,15619
TCTCGAACGAGGTCAC-1,0,12,94,5229,15763
TCACTACGACCAATGC-1,0,13,95,5481,15910
GTGATGCACAACATCT-1,0,12,96,5228,16054
CCGACGTAAACACAAC-1,0,13,97,5480,16200
TGGGATGCACTCATTC-1,0,12,98,5226,16344
TTCCATCATGCGGTGA-1,0,13,99,5478,16491
TGCACAGTGAAGTTAT-1,0,12,100,5224,16635
CTATTGTGTTTGGTCA-1,0,13,101,5476,16782
TGCGAGCCCTTCCGCG-1,0,12,102,5223,16926
TTGAAAGGTGTAAAGG-1,0,13,103,5475,17073
GGTGCAGAGCCTATCG-1,0,12,104,5221,17217
ACTATATGCTGTGTTC-1,0,13,105,5473,17363
TCCTGGCGCTGCCTGG-1,0,12,106,5219,17507
GAGCCGAGCGTTTATT-1,0,13,107,5471,17654
AGAATGCGGGTTCGGA-1,0,12,108,5218,17798
ATGCGACAATTGGTCC-1,0,13,109,5470,17945
TTCCGGCTCGACTTCT-1,0,12,110,5216,18089
TGATTATGGCACGCAG-1,0,13,111,5468,18236
GGTTTGACAAGAAGCT-1,0,12,112,5214,18379
GCAGCTATGGACAGGT-1,0,13,113,5466,18526
CACCATGATCGCAAAG-1,0,12,114,5213,18670
GTCGGAAGGATACCAG-1,0,13,115,5465,18817
GGCCCAGTTATCAGCA-1,0,12,116,5211,18961
GGGCCTATTTAAGTAT-1,0,13,117,5463,19108
GTTGTTACATTGCGCT-1,0,12,118,5209,19252
CAACTCCGTAACTTGC-1,0,13,119,5461,19398
GATCTTTGCTCAAAGA-1,0,12,120,5208,19542
TCGCTTAATTACGAAG-1,0,13,121,5460,19689
CGATCATTAGAGGCAC-1,0,12,122,5206,19833
TGTTCTCTACTCCCTA-1,0,13,123,5458,19980
GCTTAGGGAAGCGGTA-1,0,12,124,5204,20124
CAGGTTTAGTACTACA-1,0,13,125,5456,20271
AAGCGGAGTGCGCGCA-1,0,12,126,5203,20414
TCAGATGGAGACGTAG-1,0,13,127,5455,20561
TCGCACTAACGTTTGT-1,0,14,0,5814,2102
CACGTCGGGTTCTAGA-1,0,15,1,6066,2249
GGAGTACACATGAGCT-1,0,14,2,5812,2393
GTGTGTCGACGTCGCT-1,0,15,3,6064,2540
GAAGCTCTTTGCTTAG-1,0,14,4,5810,2684
ACACCGAGCGCTCTTT-1,0,15,5,6062,2830
CGTAATAATTACGAGT-1,0,14,6,5809,2974
CATCAACACCTACTAA-1,0,15,7,6061,3121
CCAAGTTTCTACAGAT-1,0,14,8,5807,3265
ACGGGTCATGTGACTT-1,0,15,9,6059,3412
AGTGTGCTAAGATCGC-1,0,14,10,5805,3556
GGCGGTTTGCCGGTGC-1,0,15,11,6057,3703
GTATAATCTCCCGGAT-1,0,14,12,5804,3846
TAGTCCGTATGCATAA-1,0,15,13,6056,3993
CACTTCGTCTTATCTC-1,0,14,14,5802,4137
CATCCGCAGGCCCGAA-1,0,15,15,6054,4284
CCCTGATGTAACTCGT-1,0,14,16,5800,4428
CCATAGTCAGTAACCC-1,1,15,17,6052,4575
CGGGCCATAGCCGCAC-1,0,14,18,5799,4719
CTCCGGCTTGTAGACA-1,1,15,19,6051,4865
AACTTGCGTTCTCGCG-1,0,14,20,5797,5009
AATGAGTTCGCATATG-1,1,15,21,6049,5156
CGAGGCCAGGCATTGG-1,1,14,22,5795,5300
TCTGCGTCCGGTTTCT-1,1,15,23,6047,5447
CAATCCTGCCGTGGAG-1,1,14,24,5794,5591
CTGAGCAAGTAACAAG-1,1,15,25,6046,5738
GGGTACCCACGGTCCT-1,1,14,26,5792,5881
ACGGAATTTAGCAAAT-1,1,15,27,6044,6028
GGGCGGTCCTATTGTC-1,1,14,28,5790,6172
ATGTTACGAGCAATAC-1,1,15,29,6042,6319
AACCATGGGATCGCTA-1,1,14,30,5789,6463
TCGCATCCCTAAGTGT-1,1,15,31,6041,6610
ACTTAGTACGACAAGA-1,1,14,32,5787,6754
GAGCTCTCGGACCTAA-1,1,15,33,6039,6900
TCTATTACGCTGGCGA-1,1,14,34,5785,7044
AGATACGACTTCATAT-1,1,15,35,6037,7191
CGCTATACCGCCCACT-1,1,14,36,5784,7335
CAGTGTCCGCAGAATG-1,1,15,37,6036,7482
CCATCCATACCAAGTC-1,1,14,38,5782,7626
AACCCAGAGACGGAGA-1,1,15,39,6034,7773
GAAGAACGGTGCAGGT-1,1,14,40,5780,7916
GATAAATCGGTGGATG-1,1,15,41,6032,8063
CAGCTCGTGCTTGTGT-1,1,14,42,5779,8207
GAGTACGGGTATACAA-1,1,15,43,6031,8354
CATCGCCCGCGGCCAA-1,1,14,44,5777,8498
TCTTACAGAGGTACCG-1,1,15,45,6029,8645
TGGAAGACGAACACCA-1,1,14,46,5775,8789
GTTGTCGTGTTAGTTG-1,1,15,47,6027,8935
CCAAGGAACAGAGAGG-1,1,14,48,5773,9079
CTGCACCTGGAACCGC-1,1,15,49,6026,9226
CGCTTTCATACCGGTG-1,1,14,50,5772,9370
GTTCTTCCCTCGATGT-1,1,15,51,6024,9517
ATTTAACTCGTATTAC-1,1,14,52,5770,9661
AACGATAGAAGGGCCG-1,1,15,53,6022,9808
TATCCTGCATGGGAAT-1,1,14,54,5768,9952
AGGCCCATTGTACAGG-1,1,15,55,6021,10098
CCGGCGCATATTGGAT-1,1,14,56,5767,10242
ATCTGTAATTGTACCC-1,1,15,57,6019,10389
GAGCGAGGGAGTACCG-1,1,14,58,5765,10533
TTATTAGGGAAGCATC-1,1,15,59,6017,10680
CTTCTTACGTCGTATA-1,1,14,60,5763,10824
GAAGTGCTGGATAGCT-1,1,15,61,6016,10970
GTGCAACAAATGTGGC-1,1,14,62,5762,11114
CATGCGTTAGACAGAA-1,1,15,63,6014,11261
ACACACTTTCTACACG-1,1,14,64,5760,11405
AGCCCTAAGCGAAGTT-1,1,15,65,6012,11552
ATTAATTCGGTCACTC-1,1,14,66,5758,11696
AACAGGAAATCGAATA-1,1,15,67,6011,11843
ACGTTTAGTTGTGATC-1,1,14,68,5757,11987
TCCTTCAGTGGTCGAA-1,1,15,69,6009,12133
CGAACGCCCAGTGCCG-1,1,14,70,5755,12277
CCTCGAAGTGGACGGG-1,1,15,71,6007,12424
CTCTGTTTGAGGATTC-1,0,14,72,5753,12568
TGGGCACGTTCTATGG-1,1,15,73,6006,12715
ACTATTCGTCCGTGGT-1,0,14,74,5752,12859
CCTCTGGCCTAGACGG-1,1,15,75,6004,13006
CCATAAACAACCCGAC-1,0,14,76,5750,13149
CATAGTACATTGAGAG-1,1,15,77,6002,13296
ATTTCATTATTTCGCG-1,0,14,78,5748,13440
CAACTATATCGAATGC-1,1,15,79,6001,13587
CTAGTATTCGGAATTA-1,0,14,80,5747,13731
GTGGAACCTACATGCG-1,0,15,81,5999,13878
CCTAAAGGCTGACGCT-1,0,14,82,5745,14022
CGTGACATTGGGTCGT-1,0,15,83,5997,14168
CCAATCGGTAGATCGA-1,0,14,84,5743,14312
ATTGTCGCAATACCTT-1,0,15,85,5996,14459
AAATTACACGACTCTG-1,0,14,86,5742,14603
CACTCCTCTCGGTCGG-1,0,15,87,5994,14750
AAATAACCATACGGGA-1,0,14,88,5740,14894
AGTTACTCTATCGTGG-1,0,15,89,5992,15041
CGTTAGCTCACAACTG-1,0,14,90,5738,15184
GAATGTATGGCAGGTC-1,0,15,91,5991,15331
GCAACCACCAGACCGG-1,0,14,92,5737,15475
TCACTCGTGCAACGGC-1,0,15,93,5989,15622
AAACAGAGCGACTCCT-1,0,14,94,5735,15766
CAGCCTCTCCTCAAGA-1,0,15,95,5987,15913
TTGCGTGAACGCTTAG-1,0,14,96,5733,16057
CCGCCTGCGAATTGGT-1,0,15,97,5986,16203
AGATGAGGGTTGCGAT-1,0,14,98,5732,16347
CGGTGGGCTCCAGCCT-1,0,15,99,5984,16494
GGCAGCGGTAATCCTA-1,0,14,100,5730,16638
GCTAGCAGGGAGTGGG-1,0,15,101,5982,16785
CTCAAGACATTAGCGC-1,0,14,102,5728,16929
CACGGCGCGCCAAAGG-1,0,15,103,5981,17076
TGCAATTTGGGCACGG-1,0,14,104,5727,17219
ATGCCAATCGCTCTGC-1,0,15,105,5979,17366
GCTGGACCCAAAGTGG-1,0,14,106,5725,17510
ATTCCTAAGACGTGGA-1,0,15,107,5977,17657
TCCGGAGGAAGGGCTG-1,0,14,108,5723,17801
TCGGTGACCGCTCCGG-1,0,15,109,5976,17948
TCCGAAGTAGTCACCA-1,0,14,110,5722,18092
CATGTAGGAGCGCCAA-1,0,15,111,5974,18238
CACAAGAAAGATATTA-1,0,14,112,5720,18382
AGGGTCAGTAACCCTA-1,0,15,113,5972,18529
TAAGCCCTTACGACCA-1,0,14,114,5718,18673
ATACCGTCATCCATAA-1,0,15,115,5970,18820
GGACGTCCATAGTTGG-1,0,14,116,5717,18964
CATCAAACTGGCGCCC-1,0,15,117,5969,19111
AAACGTGTTCGCCCTA-1,0,14,118,5715,19254
AAATTGGTGAGAAGCA-1,0,15,119,5967,19401
GGTCATTGTAGTCATA-1,0,14,120,5713,19545
TGCAGTGAGGCTCGGG-1,0,15,121,5965,19692
GAACATTAGTATGTTA-1,0,14,122,5712,19836
GGTTTGCGAACACGTA-1,0,15,123,5964,19983
ACACAAATATTCCTAG-1,0,14,124,5710,20127
TTGGGTTTATTCAGCG-1,0,15,125,5962,20273
ATTCGCAGAGGACACT-1,0,14,126,5708,20417
GATTTAGTGCGTACTG-1,0,15,127,5960,20564
TAGAAACACAATAGTG-1,0,16,0,6319,2105
CAGTAGATGATGTCCG-1,0,17,1,6572,2252
TCTTAACTCGGATGTA-1,0,16,2,6318,2396
TACATCTTGTTTCTTG-1,0,17,3,6570,2543
TTCATAGGGTGTCCAT-1,0,16,4,6316,2686
TGAAGTAGCTTACGGA-1,0,17,5,6568,2833
GCACAAGTGGATCATA-1,0,16,6,6314,2977
GGGCGAATTTCTCCAC-1,0,17,7,6566,3124
ATGTTCCTGCCCACCT-1,0,16,8,6313,3268
GCTCAACCTCTTAGAG-1,0,17,9,6565,3415
ATAGCTGCTCTTGTTA-1,0,16,10,6311,3559
CGTCAGCTATTTACTC-1,0,17,11,6563,3705
ATCTGATAGTGTCTTA-1,0,16,12,6309,3849
TGCACTATGTGAGTGC-1,0,17,13,6561,3996
CCGACAAACACATGAG-1,0,16,14,6308,4140
GCCTTGTATATGCAGT-1,1,17,15,6560,4287
ATAATACCGTTAGCCG-1,1,16,16,6306,4431
ACACTCCAATGTCACT-1,1,17,17,6558,4578
AGTTGCTGACTGATAT-1,1,16,18,6304,4721
GGCGCTCCTCATCAAT-1,1,17,19,6556,4868
TGCCTGACATCGGTCA-1,1,16,20,6303,5012
TTGGCCATCTTGCGCT-1,1,17,21,6555,5159
CAGTGGTTGCACATGA-1,1,16,22,6301,5303
AGAATTGTTTGACATA-1,1,17,23,6553,5450
AAATGCTCGTTACGTT-1,1,16,24,6299,5594
CACCTAATAGAGTCGT-1,1,17,25,6551,5740
CATTTCTAGCAGACTA-1,1,16,26,6298,5884
CCGAAAGTGGTGAGCA-1,1,17,27,6550,6031
AGTCAGCCACCGCCTG-1,1,16,28,6296,6175
TCATCACTCGAGCTCG-1,1,17,29,6548,6322
CTCAGGACTCACCTGT-1,1,16,30,6294,6466
CGGTGTACTTGATCCC-1,1,17,31,6546,6613
CCTACGGCTCAGTCGA-1,1,16,32,6293,6757
GTACTTGGGCACTTCT-1,1,17,33,6545,6903
TGATTTCCTCCTGACG-1,1,16,34,6291,7047
CCTCACCAATCTTGAC-1,1,17,35,6543,7194
GGTGAGATGCAGATAA-1,1,16,36,6289,7338
GCTAGTTTCATTGAGG-1,1,17,37,6541,7485
AGGACATCGCACGTCG-1,1,16,38,6288,7629
GTGGACGTGCTGAGAC-1,1,17,39,6540,7775
TAAGGAACTTGTGGGA-1,1,16,40,6286,7919
TCGCTGTGCGTAAATC-1,1,17,41,6538,8066
GCATCCCTAACTTTGA-1,1,16,42,6284,8210
CACCCACACGTCACCC-1,1,17,43,6536,8357
CCCTCATTCTGGAATT-1,1,16,44,6283,8501
AGGGCGTGATCGGCTA-1,1,17,45,6535,8648
GGTGCGGATAAGTGGC-1,1,16,46,6281,8792
TAATATTGAAATTCGC-1,1,17,47,6533,8938
CTTACACTGGGAAATA-1,1,16,48,6279,9082
ACCAAGAACGCGTGTC-1,1,17,49,6531,9229
GCCTTCAGCCCTACCG-1,1,16,50,6278,9373
GATGCTACAAGCGCCT-1,1,17,51,6530,9520
CCGGGACCCGCAGAGA-1,1,16,52,6276,9664
GTTCCAGTCTGACCAT-1,1,17,53,6528,9811
ATGATCGGGAATAGAC-1,1,16,54,6274,9954
TTGGATTGGGTACCAC-1,1,17,55,6526,10101
TACCTCACGCTTGTAC-1,1,16,56,6273,10245
CATGGCAGGAAGATCG-1,1,17,57,6525,10392
ATGACGCCGGCTCTAA-1,1,16,58,6271,10536
AGCGACATCCCATTCA-1,1,17,59,6523,10683
AGTAATGTCTTGCCGC-1,1,16,60,6269,10827
TTCTTAGTGGCTCAGA-1,1,17,61,6521,10973
CGTCTGGAAGGGCCCG-1,1,16,62,6268,11117
ACGTGCGCCTCGTGCA-1,1,17,63,6520,11264
AGAGCGGGCTAATCAT-1,1,16,64,6266,11408
GCGTCGAAATGTCGGT-1,1,17,65,6518,11555
AACTGATATTAGGCCT-1,1,16,66,6264,11699
CGAGCTGGGCTTTAGG-1,1,17,67,6516,11846
GGGTGTTTCAGCTATG-1,1,16,68,6263,11989
TTAATTTCAGACGCGG-1,1,17,69,6515,12136
ACTGCCGTCGTAACTC-1,1,16,70,6261,12280
GTGCACGAAAGTGACT-1,1,17,71,6513,12427
ATCTCCCTGCAATCTA-1,1,16,72,6259,12571
ACGCCAGATGATTTCT-1,1,17,73,6511,12718
AGCTATTTAATCCAAC-1,1,16,74,6258,12862
CCACGAGAAGAGAATC-1,1,17,75,6510,13008
GATTCCGCGTTTCCGT-1,1,16,76,6256,13152
GTCGGATGTAGCGCGC-1,1,17,77,6508,13299
TATTTATACCGAGTAG-1,1,16,78,6254,13443
GTAGGTGATCCGTGTA-1,1,17,79,6506,13590
AGTTAAGCGGTCCCGG-1,1,16,80,6253,13734
CTGGCGACATAAGTCC-1,1,17,81,6505,13881
TTGGCCTAGAATTTCG-1,1,16,82,6251,14024
GGCATATCGGTTCTGC-1,1,17,83,6503,14171
GGGCGTCCACTGGCTC-1,0,16,84,6249,14315
TTACCCATTGCCGGGT-1,0,17,85,6501,14462
TTAGACACGATCGTTG-1,0,16,86,6248,14606
GCGCTGATCCAGACTC-1,0,17,87,6500,14753
TTCGGCAACCCGCTGA-1,0,16,88,6246,14897
GATATTTCCTACATGG-1,0,17,89,6498,15043
CTGCGTTACGATATAA-1,0,16,90,6244,15187
TAATAAACAAGGAGAT-1,0,17,91,6496,15334
AACCTTTACGACGTCT-1,0,16,92,6243,15478
AGTCCCGCCTTTAATT-1,0,17,93,6495,15625
TGAGATTAGGCCCTAA-1,0,16,94,6241,15769
AGTGTATTGCGCATTG-1,0,17,95,6493,15916
GTTGGATTCAGTGGCT-1,0,16,96,6239,16059
TAAAGCTGCAATAGGG-1,0,17,97,6491,16206
AGTAGGAAGGAAGTTG-1,0,16,98,6238,16350
TATCACTTCGAGTAAC-1,0,17,99,6490,16497
TGATCTACGCTGATCT-1,0,16,100,6236,16641
GGATCATCCCGTACGC-1,0,17,101,6488,16788
TGACACTTCTCTTTGC-1,0,16,102,6234,16932
AGCCCTTCTAATCCGA-1,0,17,103,6486,17078
CACCGCGTCCACTCTA-1,0,16,104,6233,17222
TAATTGGAATCGGGAA-1,0,17,105,6485,17369
TCGTAAGCTCCGAGGA-1,0,16,106,6231,17513
TATATTACAAATGTCG-1,0,17,107,6483,17660
CGCGAGAGGGACTTGT-1,0,16,108,6229,17804
GGACCTACGGTAACGT-1,0,17,109,6481,17951
GAAATATGCTTGAATG-1,0,16,110,6228,18095
CCGTATTAGCGCAGTT-1,0,17,111,6480,18241
AGGCGTCTATGGACGG-1,0,16,112,6226,18385
AACATCGATACGTCTA-1,0,17,113,6478,18532
TGAATATGCTATAAAC-1,0,16,114,6224,18676
ACCAAACACCCAGCGA-1,0,17,115,6476,18823
TGGCTTGTACAAGCTT-1,0,16,116,6223,18967
GAATGAAGGTCTTCAG-1,0,17,117,6475,19113
AGATACCAGCACTTCA-1,0,16,118,6221,19257
GCGGTCCCGGTGAAGG-1,0,17,119,6473,19404
GAGGCATTTGCAGCAG-1,0,16,120,6219,19548
GGCAAGCCAGGGATAG-1,0,17,121,6471,19695
TCTACGGGCTCAGTTG-1,0,16,122,6218,19839
TCTGCGAATCGTTCGC-1,0,17,123,6470,19986
AGCTCGTTGATGGAAA-1,0,16,124,6216,20130
TGAATGAGATACAGCA-1,0,17,125,6468,20276
ACCCTTGCCTGGGTCG-1,0,16,126,6214,20420
GGCGAACCGTTCTGAT-1,0,17,127,6466,20567
GCGATGTCTGTGCTTG-1,0,18,0,6825,2108
ATTAACACCTGAGATA-1,0,19,1,7077,2255
GAAATCTGACCAAGTT-1,0,18,2,6824,2399
CCTGACAAACTCGCGC-1,0,19,3,7076,2545
ATGTCATTTCCCATTG-1,0,18,4,6822,2689
GCGGTGCGGAGCATCG-1,0,19,5,7074,2836
CGGAAAGCAAATGTGC-1,0,18,6,6820,2980
GCTGAGCAACGGTTCT-1,0,19,7,7072,3127
TCACTCTTCGTCTGTC-1,0,18,8,6819,3271
GATCTTCATTGTCCTC-1,0,19,9,7071,3418
ACTCGATGTATTTCAT-1,0,18,10,6817,3562
TGAAGAGCGGTCCTAG-1,0,19,11,7069,3708
TAAACGTCGTCAATGA-1,0,18,12,6815,3852
ACGTTATTGGTCACTC-1,1,19,13,7067,3999
ATAGCCTCAGTACCCA-1,1,18,14,6814,4143
CGGGAGTATACCGCCG-1,1,19,15,7066,4290
GTCCTACAGGCGGCTC-1,1,18,16,6812,4434
CGGATAAGCGGACATG-1,1,19,17,7064,4580
AACTTCTGCGTCTATC-1,1,18,18,6810,4724
GGGTTCAGACGAACAA-1,1,19,19,7062,4871
AGTCTGGACATCCTTG-1,1,18,20,6809,5015
TTGAACGAATCCTTTG-1,1,19,21,7061,5162
GAAATACTAAACGTTT-1,1,18,22,6807,5306
CCCGCGCAATGCACCC-1,1,19,23,7059,5453
TTCGGCTAGAGATGGT-1,1,18,24,6805,5597
GACACGAGTTAGAGGA-1,1,19,25,7057,5743
GAGGTCCCAAAGATCT-1,1,18,26,6804,5887
TAACTCCATGGAGGCT-1,1,19,27,7056,6034
CTTGTTTATGTAGCCA-1,1,18,28,6802,6178
GATGGCGCACACATTA-1,1,19,29,7054,6325
ATAATAGTGTAGGGAC-1,1,18,30,6800,6469
CGCTATTCAATGTATG-1,1,19,31,7052,6616
ATATTGCTGTCAAAGT-1,1,18,32,6799,6759
GGATTCAGTACGGTGG-1,1,19,33,7051,6906
TTCTTAGTGAACGGTG-1,1,18,34,6797,7050
AATGGTTCTCACAAGC-1,1,19,35,7049,7197
TATACACGCAAAGTAT-1,1,18,36,6795,7341
CTTCATAGCTCAAGAA-1,1,19,37,7047,7488
CAACGGTTCTTGATAC-1,1,18,38,6794,7632
ACACCCGAGAAATCCG-1,1,19,39,7046,7778
TCTATCATGCAGTTAC-1,1,18,40,6792,7922
CCCGCCATGCTCCCGT-1,1,19,41,7044,8069
CGCTTCCACTGAAATC-1,1,18,42,6790,8213
CACTGTCCAAGTGAGA-1,1,19,43,7042,8360
ATTACTAGCCTCTTGC-1,1,18,44,6789,8504
CATAGTAGCATAGTAG-1,1,19,45,7041,8651
CAACTCCTTGATCCCG-1,1,18,46,6787,8794
AAGTAGAAGACCGGGT-1,1,19,47,7039,8941
GCGGGAACCAGGCCCT-1,1,18,48,6785,9085
ATTAGATTGATAGCGG-1,1,19,49,7037,9232
CTCGGTCCGTAGCCTG-1,1,18,50,6784,9376
TGGCTTTGGGTAGACA-1,1,19,51,7036,9523
TATCCATATCATGCGA-1,1,18,52,6782,9667
GGAGTGCCGCCCTGGA-1,1,19,53,7034,9813
TGAGAATGCTTTACCG-1,1,18,54,6780,9957
TTAACCAACCCTCCCT-1,1,19,55,7032,10104
TGTTTCGGTACTTCTC-1,1,18,56,6779,10248
TTGCTGAAGGAACCAC-1,1,19,57,7031,10395
TATTTAGTCTAGATCG-1,1,18,58,6777,10539
CTCCGGCCTAATATGC-1,1,19,59,7029,10686
TTGTGGCCCTGACAGT-1,1,18,60,6775,10829
TCGCCGGTCGATCCGT-1,1,19,61,7027,10976
CCATAGGTTGGCGTGG-1,1,18,62,6774,11120
GAACGACCGAATGATA-1,1,19,63,7026,11267
TCCGATAATTGCCATA-1,1,18,64,6772,11411
CATTACGTCGGCCCGT-1,1,19,65,7024,11558
CAAGCACCAAATGCCT-1,1,18,66,6770,11702
TGCATGGATCGGATCT-1,1,19,67,7022,11848
GAAATCGCGCGCAACT-1,1,18,68,6769,11992
CTGAAAGAGATCCGAC-1,1,19,69,7021,12139
CACCTCGATGGTGGAC-1,1,18,70,6767,12283
ATTTGTTCCAGGGCTC-1,1,19,71,7019,12430
TGGGCCACAAGAGCGC-1,1,18,72,6765,12574
CCTTCTTGATCCAGTG-1,1,19,73,7017,12721
CCTCGCCAGCAAATTA-1,1,18,74,6763,12865
TTCATGGCGCAACAGG-1,1,19,75,7016,13011
TTAATCAGTACGTCAG-1,1,18,76,6762,13155
CCTATCTATATCGGAA-1,1,19,77,7014,13302
ATTATACTTTGCTCGT-1,1,18,78,6760,13446
ATGGATCCGGCGTCCG-1,1,19,79,7012,13593
CGCCCGCTTCCGTACA-1,1,18,80,6758,13737
GGATTCCGCTATACCC-1,1,19,81,7011,13883
CGGTCTATCAACCCGT-1,1,18,82,6757,14027
ATGCCGGTTGATGGGA-1,1,19,83,7009,14174
TCATGCAGGTTCTCAT-1,1,18,84,6755,14318
TGAGCTTTAATGACGC-1,0,19,85,7007,14465
TCCCTTAGATTACTCG-1,0,18,86,6753,14609
ATATCTCCCTCGTTAA-1,0,19,87,7006,14756
AGCTCTTCCCAGTGCA-1,0,18,88,6752,14900
TCGCTAAACCGCTATC-1,0,19,89,7004,15046
CACATTCTTTCGATGG-1,0,18,90,6750,15190
GATATGCGGTAGCCAA-1,0,19,91,7002,15337
CGTTTCACTTCGGGCG-1,0,18,92,6748,15481
CCAATTACGGGTCGAG-1,0,19,93,7001,15628
GCAGGTAGAGTATGGT-1,0,18,94,6747,15772
GTCGTATTGGCGTACA-1,0,19,95,6999,15918
GAAATTAGCACGGATA-1,0,18,96,6745,16062
AATGCACCAAGCAATG-1,0,19,97,6997,16209
AGGACGCTCGATGTTG-1,0,18,98,6743,16353
GGCTAAAGGGCGGGTC-1,0,19,99,6996,16500
CATCTATCCCGTGTCT-1,0,18,100,6742,16644
CAGTAACTATTTATTG-1,0,19,101,6994,16791
CATATACTACTGATAA-1,0,18,102,6740,16935
GCGTTCGGAGACCGGG-1,0,19,103,6992,17081
AAGTTCAGTCTGCGTA-1,0,18,104,6738,17225
CGAAGCTATAAATTCA-1,0,19,105,6991,17372
CGCGGTCACAAACCAA-1,0,18,106,6737,17516
GGGAATGAGCCCTCAC-1,0,19,107,6989,17663
ACGGAGCGCAAATTAC-1,0,18,108,6735,17807
CGTTCTTCGCACACCT-1,0,19,109,6987,17954
GAATAGCCCTGCGGTC-1,0,18,110,6733,18097
AATAGCTACCGCGTGC-1,0,19,111,6986,18244
CCGAGCTGTGCTTGTC-1,0,18,112,6732,18388
GATGACGATGATCGCG-1,0,19,113,6984,18535
GCCTATGCTGGGCCTT-1,0,18,114,6730,18679
TTACTGTCTAGAGCTC-1,0,19,115,6982,18826
AGCGGTTGCCGCTCTG-1,0,18,116,6728,18970
GCTTGCAGCACAATTG-1,0,19,117,6981,19116
CCGGAGGTCTTATGGT-1,0,18,118,6727,19260
ACAGTATACCGTGGGA-1,0,19,119,6979,19407
GGGATCCCAATACAAA-1,0,18,120,6725,19551
ATTACGACTCCACAGT-1,0,19,121,6977,19698
CTCACACGCAAGCCTA-1,0,18,122,6723,19842
CCAGATGTAAATGGGT-1,0,19,123,6976,19989
GAACTTGTGCACGGGA-1,0,18,124,6722,20132
AAGCCGCTTTACCTTG-1,0,19,125,6974,20279
TCCATTCCCACTAGAG-1,0,18,126,6720,20423
AGAGCGCTTGTAACGG-1,0,19,127,6972,20570
TGGGTTCCCGGACGGA-1,0,20,0,7331,2111
GCTGCGCCTCCCACGT-1,0,21,1,7583,2258
CTGTTGGCTCTTCTGA-1,0,20,2,7329,2402
TTGTTCTAGATACGCT-1,0,21,3,7582,2548
CCCTCAAGCTCTTAGT-1,0,20,4,7328,2692
TGGTCTAGCTTACATG-1,0,21,5,7580,2839
ATGCACCTTCCTTAAT-1,0,20,6,7326,2983
GGGATACGGTAATAAT-1,0,21,7,7578,3130
AGTTCACCGGTTGGAC-1,0,20,8,7324,3274
GACATACTGTCGCAGA-1,0,21,9,7577,3421
TGGACACCGTTGCTTG-1,0,20,10,7323,3564
TGCGATGCTAATGGCT-1,0,21,11,7575,3711
TTCTGTTTCCTGTCGC-1,0,20,12,7321,3855
CGTTGTAAACGTCAGG-1,1,21,13,7573,4002
GATCGGCGATAAGTCG-1,1,20,14,7319,4146
AGCCTTAAAGCGGAAG-1,1,21,15,7572,4293
TCCGTAACCACAATCC-1,1,20,16,7318,4437
GAATGCCGAAATGACC-1,1,21,17,7570,4583
TATACTCATGCGGCAA-1,1,20,18,7316,4727
TAGTGTCAGAAACGGC-1,1,21,19,7568,4874
CGTCATACCATATCCA-1,1,20,20,7314,5018
TAGTACCTTAGTGGTC-1,1,21,21,7567,5165
CTGGCGGGAATAAGTA-1,1,20,22,7313,5309
AGTGTGGTCTATTGTG-1,1,21,23,7565,5456
GCTATCGCGGCGCAAC-1,1,20,24,7311,5599
CAGTAATCCCTCCCAG-1,1,21,25,7563,5746
GTATTAAGGCGTCTAA-1,1,20,26,7309,5890
CTAATTTCAACAACAC-1,1,21,27,7561,6037
TTAGCAACATGGATGT-1,1,20,28,7308,6181
ATGCTCAGTGTTGCAT-1,1,21,29,7560,6328
GATGTTTGTGCGAGAT-1,1,20,30,7306,6472
CACTTCGCCACAGGCT-1,1,21,31,7558,6618
CTGTATGGTGTAGAAA-1,1,20,32,7304,6762
TACGTGCACTATGCTG-1,1,21,33,7556,6909
GTATCAGCTTGGGTTC-1,1,20,34,7303,7053
TAACAAAGGGAGAAGC-1,1,21,35,7555,7200
TTACATCGTGGCCTGG-1,1,20,36,7301,7344
TCTGAACCGGTCGGCT-1,1,21,37,7553,7491
GGCTCGTGCCACCAGC-1,1,20,38,7299,7634
TATAAGTGAGGATAGC-1,1,21,39,7551,7781
GCCCGCGCGTTTGACA-1,1,20,40,7298,7925
TGCTGGTTGGACAATT-1,1,21,41,7550,8072
GCCTAGCGATCTGACC-1,1,20,42,7296,8216
CCATGCTCTGCAGGAA-1,1,21,43,7548,8363
TATAAATCCACAAGCT-1,1,20,44,7294,8507
CGCTCGACATAATGAT-1,1,21,45,7546,8653
CCAATTGAATGTTAAT-1,1,20,46,7293,8797
GCTAATACCGAATGCC-1,1,21,47,7545,8944
TTCAACGACCCGACCG-1,1,20,48,7291,9088
TTCCTCGAGGGTGTCT-1,1,21,49,7543,9235
CAACGACCCGTTTACA-1,1,20,50,7289,9379
CTTGTACTTGTTGACT-1,1,21,51,7541,9526
TCTCTAATAGCTGGTA-1,1,20,52,7288,9670
ATTATGCCATAGGGAG-1,1,21,53,7540,9816
GACAACGCAGCTTACG-1,1,20,54,7286,9960
AGATGACTCGCCCACG-1,1,21,55,7538,10107
GTGCGGGTCTCCAAAT-1,1,20,56,7284,10251
GTACGAGATTGCGACA-1,1,21,57,7536,10398
GTATAGGACTCAGTAG-1,1,20,58,7283,10542
TTGCACGGAGCAGCAC-1,1,21,59,7535,10688
CACAGCTAGGGAGTGA-1,1,20,60,7281,10832
ATACTAGCATGACCCT-1,1,21,61,7533,10979
CCAAGACTTCTGCGAA-1,1,20,62,7279,11123
ACATAATAAGGCGGTG-1,1,21,63,7531,11270
TAATACACAGTAGTAT-1,1,20,64,7278,11414
TCTTGGTAACACCAAA-1,1,21,65,7530,11561
AACTGGGTCCCGACGT-1,1,20,66,7276,11705
ATCACTTCATCCTCGC-1,1,21,67,7528,11851
TGGAAGGATAAAGATG-1,1,20,68,7274,11995
CATGATGCACAATTCT-1,1,21,69,7526,12142
TGCCTGATCAAACGAT-1,1,20,70,7273,12286
ATAGGGATATCCTTGA-1,1,21,71,7525,12433
CACCTAATCAGTTTAC-1,1,20,72,7271,12577
TGTGACTACGCCAGTC-1,1,21,73,7523,12724
CCCGACCATAGTCCGC-1,1,20,74,7269,12867
CGCGCCCGACTTAATA-1,1,21,75,7521,13014
TGCCACCTGGCGAAAC-1,1,20,76,7268,13158
CTGCCAAGGTTGGAAG-1,1,21,77,7520,13305
TCTCCAACGTAGGTTA-1,1,20,78,7266,13449
TTCTTGGAGTAATGAG-1,1,21,79,7518,13596
GTCTCGATCTGCTTTC-1,1,20,80,7264,13740
TACTCTCCGAACAAAT-1,1,21,81,7516,13886
ATCACATTAGAATATC-1,1,20,82,7263,14030
TACGGGATGCTAGCAG-1,1,21,83,7515,14177
AGCTGAAGTAAACCAA-1,1,20,84,7261,14321
CATGGGTCGGGTGTGG-1,1,21,85,7513,14468
CACCCACGAGGCAATT-1,0,20,86,7259,14612
TGCCATTACTAAAGAA-1,1,21,87,7511,14759
CCGTTACGTTAGAACA-1,0,20,88,7258,14902
GCCAGGAGTAACCGAT-1,0,21,89,7510,15049
GGAAAGTGCCCATGCC-1,0,20,90,7256,15193
TCTTACCGGAACTCGT-1,0,21,91,7508,15340
TATGTCAAGACCGACT-1,0,20,92,7254,15484
CCTAACTAAGGCTCTA-1,0,21,93,7506,15631
GCGGTGAACTGCGCTC-1,0,20,94,7253,15775
CCTCGCGCGATATAGG-1,0,21,95,7505,15921
ATCGGCAAGCAGTCCA-1,0,20,96,7251,16065
AGATCGTGCATAAGAT-1,0,21,97,7503,16212
ATTCAGGACCTATTTC-1,0,20,98,7249,16356
AGCTAGAAGCAGAAGT-1,0,21,99,7501,16503
TTCGCTATCTGACGTG-1,0,20,100,7248,16647
TTCCGCAGAGAAATAT-1,0,21,101,7500,16794
CAGTACATTCTCTAAA-1,1,20,102,7246,16937
GTGAAGATTTCAAGTG-1,0,21,103,7498,17084
AACGCATGATCTGGGT-1,0,20,104,7244,17228
CCCAGAGGAGGGCGTA-1,0,21,105,7496,17375
GGAAACCTTGTTGAAT-1,0,20,106,7243,17519
GTGAAGCCGTATAGTC-1,0,21,107,7495,17666
GAGCTGTCGTCTCGGA-1,0,20,108,7241,17810
TGTCATTTGTTGGGAA-1,0,21,109,7493,17956
ACCAACACCACACACT-1,0,20,110,7239,18100
AAATGATTCGATCAGC-1,0,21,111,7491,18247
CTGCTTTATGTCCGCG-1,0,20,112,7238,18391
GCGAGAGGCCATGTAA-1,0,21,113,7490,18538
ATTGACCGGCGATGAC-1,0,20,114,7236,18682
ACCCTGGTAACGCCCT-1,0,21,115,7488,18829
GTTGGACCGCATCAGG-1,0,20,116,7234,18972
CGTTTACAAGGCAGCT-1,0,21,117,7486,19119
CGGTCCATGAGACTCC-1,0,20,118,7233,19263
GTTCGTCTGGGTCCCT-1,0,21,119,7485,19410
TGTACTACTCTCACGG-1,0,20,120,7231,19554
AGTGAAGATGGTGTCC-1,0,21,121,7483,19701
GAGGGCCATAATATTA-1,0,20,122,7229,19845
ACTCCCGTAGACTAGG-1,0,21,123,7481,19991
CGTCAAATGGTCGCAG-1,0,20,124,7228,20135
AAGTCTAGTAGCTGCC-1,0,21,125,7480,20282
AAGAAATCACCAGATT-1,0,20,126,7226,20426
GAGTGCACGGACAACA-1,0,21,127,7478,20573
GTTCAAATCAGATGTC-1,0,22,0,7837,2114
CATGGCTCCCTATGTC-1,0,23,1,8089,2261
GGCCACACGAAAGCCT-1,0,22,2,7835,2404
GAAGCCGGGTAAGCTC-1,0,23,3,8087,2551
TTGCGCTCTCTCGCTT-1,0,22,4,7834,2695
TACATGACCTTATCCG-1,0,23,5,8086,2842
GTCCTTCTACAACCCA-1,0,22,6,7832,2986
TATATGCTGGGTTGCC-1,0,23,7,8084,3133
GTTTATGGGATTTAGA-1,0,22,8,7830,3277
GGAACCCGAACAAGAA-1,0,23,9,8082,3423
AACGTTATCAGCACCT-1,0,22,10,7829,3567
CATCGTCCGGTTACTA-1,0,23,11,8081,3714
AGACAGCTCAGAATCC-1,0,22,12,7827,3858
GCAGATCCTCGCAAAT-1,1,23,13,8079,4005
GGGTCATGCGTACCAT-1,1,22,14,7825,4149
CTGGTCATTCCAATCC-1,1,23,15,8077,4296
TCAGGGCGCAAACTCG-1,1,22,16,7824,4439
GATGCCAGCAGAAGGC-1,1,23,17,8076,4586
GTTATTAACGTGGGAG-1,1,22,18,7822,4730
AATACAATGTTTCAGG-1,1,23,19,8074,4877
TTGCTGCACCTATCCA-1,1,22,20,7820,5021
CCAGAGACAAAGCCGG-1,1,23,21,8072,5168
CCGAAGTATATTGTTC-1,1,22,22,7819,5312
GCTAAACCTGAGGTGA-1,1,23,23,8071,5458
TCATACTTACAGATCC-1,1,22,24,7817,5602
CGAGCACTTCAAGTTT-1,1,23,25,8069,5749
TAGCAACCTGTCACAA-1,1,22,26,7815,5893
TGGGAAATGCCTTTCC-1,1,23,27,8067,6040
AGACCATGGGATACAA-1,1,22,28,7814,6184
TAAATGAATCCGTTTC-1,1,23,29,8066,6331
ACAACGGTCCCTGCGA-1,1,22,30,7812,6475
GTCACTCTCCAAATCT-1,1,23,31,8064,6621
TTCTACTTGCGAGGGC-1,1,22,32,7810,6765
CGCAATTACTTTCGGT-1,1,23,33,8062,6912
CTGTTCATCTCACGGG-1,1,22,34,7809,7056
TTCTTGTAACCTAATG-1,1,23,35,8061,7203
GCTTGATGATAATCAG-1,1,22,36,7807,7347
TTGGCTCGCATGAGAC-1,1,23,37,8059,7493
GCCCAGTTGGTATGCC-1,1,22,38,7805,7637
ATTCCTCCGCCAGTGC-1,1,23,39,8057,7784
TCGTCCGCTGGCGTCT-1,1,22,40,7804,7928
GGAGAAGTCATTGGCA-1,1,23,41,8056,8075
TTGTTAGCAAATTCGA-1,1,22,42,7802,8219
TCTAGCATCTTCGATG-1,1,23,43,8054,8366
TTCTAGGCCAATTGTG-1,1,22,44,7800,8510
TCACGGTCATCGCACA-1,1,23,45,8052,8656
ATGAAGCCAAGGAGCC-1,1,22,46,7799,8800
AATGACTGTCAGCCGG-1,1,23,47,8051,8947
CCAAACAGAACCCTCG-1,1,22,48,7797,9091
TATCGATGATTAAACG-1,1,23,49,8049,9238
GAACACACATCAACCA-1,1,22,50,7795,9382
CCCGTCAGCGTCTGAC-1,1,23,51,8047,9529
AGCATCGTCGATAATT-1,1,22,52,7794,9672
GACTAAGATCATGCAC-1,1,23,53,8046,9819
TAGGGTGTTTCAAGAG-1,1,22,54,7792,9963
TGGTTCGTAGCAAAGG-1,1,23,55,8044,10110
CTGTTCACTGCCTGTG-1,1,22,56,7790,10254
ATGTGCATCCGACGCA-1,1,23,57,8042,10401
TTGTCGTTCAGTTACC-1,1,22,58,7789,10545
CGGGATCAATGTAAGA-1,1,23,59,8041,10691
TTATCTGTATCATAAC-1,1,22,60,7787,10835
ATCGACTCTTTCCGTT-1,1,23,61,8039,10982
CTCATTTGATGGGCGG-1,1,22,62,7785,11126
GTAAGCGGGCAGTCAG-1,1,23,63,8037,11273
TCTATCGGTCGCAACA-1,1,22,64,7784,11417
AACGCGGTCTCCAGCC-1,1,23,65,8036,11564
ATTAATACTACGCGGG-1,1,22,66,7782,11707
CTTTAACTTTCAAAGG-1,1,23,67,8034,11854
CGTACCTGATAGGCCT-1,1,22,68,7780,11998
GAATGTTGGGTAATCT-1,1,23,69,8032,12145
TGCGGAGTAAAGGTGC-1,1,22,70,7779,12289
CCTGAATATTTACATA-1,1,23,71,8031,12436
TTGCTCCCATACCGGA-1,1,22,72,7777,12580
CCTCTAATCTGCCAAG-1,1,23,73,8029,12726
AGGTTGAGGCACGCTT-1,1,22,74,7775,12870
TCCCGTCAGTCCCGCA-1,1,23,75,8027,13017
TCCGATGACTGAGCTC-1,1,22,76,7774,13161
CAGCCTCCTGCAGAGG-1,1,23,77,8026,13308
CTTAGCCTTCCACATG-1,1,22,78,7772,13452
ATTAATGAACCAGTCG-1,1,23,79,8024,13599
ACGATACATAGAACTA-1,1,22,80,7770,13742
AGCCACTCCCGTGCTT-1,1,23,81,8022,13889
ATACGGGTTTCGATTG-1,1,22,82,7769,14033
CTGTCAAATGGCTCGG-1,1,23,83,8021,14180
GCTCGGAATTTAAAGC-1,1,22,84,7767,14324
TAGGCATGTTACGCCA-1,1,23,85,8019,14471
TGGCAACTCGCGCGCC-1,1,22,86,7765,14615
ATCAGTAGGCAGGGAT-1,1,23,87,8017,14761
TATCGATCTATGCATA-1,1,22,88,7764,14905
CGACTCAGGATGTTAT-1,1,23,89,8016,15052
GCCATATTGCACACAG-1,1,22,90,7762,15196
AATTCATAAGGGATCT-1,1,23,91,8014,15343
CGGTAGAGGTGCAGGT-1,0,22,92,7760,15487
AATGATGATACGCTAT-1,1,23,93,8012,15634
CTTGTGCTCACCGATT-1,1,22,94,7758,15777
TTCCAATCAGAGCTAG-1,1,23,95,8011,15924
CGATGGACCCTACGCC-1,0,22,96,7757,16068
GGTCGGATAAACGGCG-1,0,23,97,8009,16215
TTAGCTAATACGATCT-1,0,22,98,7755,16359
CTCGATATTTGCGAGC-1,0,23,99,8007,16506
ATTACTTACTGGGCAT-1,0,22,100,7753,16650
CTAGCCGATGTTATGA-1,0,23,101,8006,16796
TACTGCAATCAATTAC-1,0,22,102,7752,16940
TAGTCTGTGACGTTGC-1,0,23,103,8004,17087
CTCGTTTCTAATGTTT-1,0,22,104,7750,17231
TTCGTTCAACGAAGTT-1,0,23,105,8002,17378
CTGAATTTATTGCCAG-1,0,22,106,7748,17522
TGGAATATCCTTGACC-1,0,23,107,8001,17669
CAGATCATTTAAAGTC-1,0,22,108,7747,17813
CTCCTTTACGCAAGTC-1,0,23,109,7999,17959
TCCCAAACAGACAACG-1,0,22,110,7745,18103
ATCGCTGCGTGCAGCA-1,0,23,111,7997,18250
TTAGTTCAAGTGTTCG-1,0,22,112,7743,18394
AAACTCGTGATATAAG-1,0,23,113,7996,18541
TTAACGAACAAGCAGT-1,0,22,114,7742,18685
GTTATATCAGGAGCCA-1,0,23,115,7994,18831
CAAATTGGATTATGCC-1,0,22,116,7740,18975
CGAGGAGCTTCCATAT-1,0,23,117,7992,19122
GGAGACCAATGTGCTT-1,0,22,118,7738,19266
CATTGATGAACACGCC-1,0,23,119,7991,19413
GTCAATGCTATAATTT-1,0,22,120,7737,19557
ACCACCCTCTCTTCTA-1,0,23,121,7989,19704
TGGAGGGAAACACCTC-1,0,22,122,7735,19848
CACGGACGTGGATGGC-1,0,23,123,7987,19994
AACTTTCTCGATCATG-1,0,22,124,7733,20138
CGTATTGTTTCCTAAT-1,0,23,125,7986,20285
CCTACTGCGGCGGCCA-1,0,22,126,7732,20429
CTTAGGTCCCAATCGT-1,0,23,127,7984,20576
CGCAATCGATCATTAG-1,0,24,0,8343,2117
TGGTTATGCTTGCGGT-1,0,25,1,8595,2263
GGCTTGGCTCTCACCT-1,0,24,2,8341,2407
ATTGGTAGGATCCGCT-1,0,25,3,8593,2554
TCAGGGCGACTTCCTT-1,0,24,4,8339,2698
TCTGCAGATTCGAGTC-1,0,25,5,8592,2845
CTCTCGCTGTACTATG-1,0,24,6,8338,2989
AATAGTCGCGAGTCGG-1,0,25,7,8590,3136
AGTTACCCTTAAGACT-1,0,24,8,8336,3280
CTTAAATAAGACCCAT-1,0,25,9,8588,3426
GGTTGTGCTCTTGTCC-1,0,24,10,8334,3570
GTGAGTCTAAGACGGA-1,0,25,11,8587,3717
CGCGACACTGCGCAGC-1,1,24,12,8333,3861
GCTCGCGGTTCCGCTC-1,1,25,13,8585,4008
TTAACTCACGCGTGGA-1,1,24,14,8331,4152
GGAACGGCCTGCAGCC-1,1,25,15,8583,4298
GTAGAAACGGGTGGAG-1,1,24,16,8329,4442
TAATGAAAGACCCTTG-1,1,25,17,8582,4589
AGGCTTGCTAGACACC-1,1,24,18,8328,4733
TTGCGTAGTTTGAGGA-1,1,25,19,8580,4880
CGCCCTTGAAGGCTGA-1,1,24,20,8326,5024
CCCGGTGGAAGAACCT-1,1,25,21,8578,5171
TTAACACCTCGAACAT-1,1,24,22,8324,5315
GATTCCTATACGGCGC-1,1,25,23,8577,5461
TTACCCTAACAGTCCT-1,1,24,24,8323,5605
ACCCACCTACATGCTC-1,1,25,25,8575,5752
AAAGGGCAGCTTGAAT-1,1,24,26,8321,5896
CACACAGGGATAGATT-1,1,25,27,8573,6043
AGAGCGTACAAGCTCG-1,1,24,28,8319,6187
TCTTACGGCATCCGAC-1,1,25,29,8572,6334
GCCTATTCCGATATAG-1,1,24,30,8318,6477
GAAAGTGACTAACTGC-1,1,25,31,8570,6624
CCGGAATGGTTTCAGT-1,1,24,32,8316,6768
AGTATAATACTAGGCA-1,1,25,33,8568,6915
TAACTATCGAAGGTCC-1,1,24,34,8314,7059
ATGAGGAGTGTTAATC-1,1,25,35,8567,7206
TGTGTCGCGAGTTGCA-1,1,24,36,8313,7350
ATCCAACGCAGTCATA-1,1,25,37,8565,7496
AAGGCGCGTAAAGCTT-1,1,24,38,8311,7640
AGTCGGCCCAAACGAC-1,1,25,39,8563,7787
AACGTCAGACTAGTGG-1,1,24,40,8309,7931
ACTACCAGCTCTCTGG-1,1,25,41,8562,8078
GCAAGTGCACAGAGAA-1,1,24,42,8308,8222
ACACCTTAAGTAGGGC-1,1,25,43,8560,8369
TTCGACGGGAAGGGCG-1,1,24,44,8306,8512
TTCGCACTCGCGTGCT-1,1,25,45,8558,8659
TATTTGTTACCCTTTA-1,1,24,46,8304,8803
CGCTGTGACGCCGCAC-1,1,25,47,8557,8950
GTTGCACGGAGTTTCG-1,1,24,48,8303,9094
GTTTCCTGGAGGGTGA-1,1,25,49,8555,9241
ACACCCAGCATGCAGC-1,1,24,50,8301,9385
TCAACCATGTTCGGGC-1,1,25,51,8553,9531
TTACAACTACGCATCC-1,1,24,52,8299,9675
TCCGATGGTGCGACAT-1,1,25,53,8551,9822
GGGCGTACATTTATAT-1,1,24,54,8298,9966
AGCGACCAACGATATT-1,1,25,55,8550,10113
ACACAAAGACGGGTGG-1,1,24,56,8296,10257
ATCGCACGCCGGGAGA-1,1,25,57,8548,10404
GCTCTAAACCCTGACG-1,1,24,58,8294,10547
AATGCAACCGGGTACC-1,1,25,59,8546,10694
TCAAACAACCGCGTCG-1,1,24,60,8293,10838
TATGCTCCCTACTTAC-1,1,25,61,8545,10985
AAAGGGATGTAGCAAG-1,1,24,62,8291,11129
ACGATCATACATAGAG-1,1,25,63,8543,11276
TTGTTCAGTGTGCTAC-1,1,24,64,8289,11420
ATGCATGATCCAGGAT-1,1,25,65,8541,11566
AGTCTTCTCCTCAAAT-1,1,24,66,8288,11710
GATTCCCTTGTCGCAG-1,1,25,67,8540,11857
CTCGCACCTATATAGT-1,1,24,68,8286,12001
ACTCAATAAAGGCACG-1,1,25,69,8538,12148
AACCGAGCTTGGTCAT-1,1,24,70,8284,12292
TAAGGCAACATAAGAT-1,1,25,71,8536,12439
CACGCACAGCGCAGCT-1,1,24,72,8283,12582
GGTTTACAATCTCAAT-1,1,25,73,8535,12729
TGCAGGATCGGCAAAG-1,1,24,74,8281,12873
ATAACGGAGTCCAACG-1,1,25,75,8533,13020
AACGATATGTCAACTG-1,1,24,76,8279,13164
GACAACGACCATTGAA-1,1,25,77,8531,13311
TTGACCATGTTCTCCG-1,1,24,78,8278,13455
AGTACGGGCACCTGGC-1,1,25,79,8530,13601
CGCCATCCGATTATGA-1,1,24,80,8276,13745
AAGGTATCCTAATATA-1,1,25,81,8528,13892
TGTTGTCAAGAAGTCT-1,1,24,82,8274,14036
CAGTGAATAAATGACT-1,1,25,83,8526,14183
CACCTTGCGAAACTCG-1,1,24,84,8273,14327
CATTTAGCGGACCATG-1,1,25,85,8525,14474
CCAGTCTAGACGGCGC-1,1,24,86,8271,14618
TCGCTTTAAACGTTTG-1,1,25,87,8523,14764
GTGAAACGGCGCCACC-1,1,24,88,8269,14908
GGGCTCATCGAACCCA-1,1,25,89,8521,15055
TTGATGTGTAGTCCCG-1,1,24,90,8268,15199
CAGTAGCCCACGCGGT-1,1,25,91,8520,15346
AGCGCGGGTGCCAATG-1,1,24,92,8266,15490
TAATCGATCCGTACGT-1,1,25,93,8518,15636
AGTGGCGGCAATTTGA-1,1,24,94,8264,15780
CCTTTCAATGAAGAAA-1,1,25,95,8516,15927
CTCAGTCACGACAAAT-1,1,24,96,8263,16071
ATAGGCTAGCTTCGCA-1,1,25,97,8515,16218
CGGTTCAAGTAGGTGT-1,0,24,98,8261,16362
CAGTCGAGGATGCAAT-1,1,25,99,8513,16509
TATCACCCAACCGACC-1,0,24,100,8259,16653
AATGATGCGACTCCTG-1,0,25,101,8511,16799
TGGAACCACTGACACA-1,0,24,102,8258,16943
GCCAATAGGGCATCTC-1,0,25,103,8510,17090
TTCTTTGGTCGCGACG-1,0,24,104,8256,17234
ATTAGATTCCTCAGCA-1,0,25,105,8508,17381
CCGTGGAACGATCCAA-1,0,24,106,8254,17525
GGGTCGTGGCAAGTGT-1,0,25,107,8506,17672
TCGCTCGGCACCAGCG-1,0,24,108,8253,17815
ACGCAATCACTACAGC-1,0,25,109,8505,17962
CTCTAATGCATTGATC-1,0,24,110,8251,18106
GTCTCGACTAAGTTTG-1,0,25,111,8503,18253
TGGTTTAAACGTGGGT-1,0,24,112,8249,18397
CGCAGATCTTCACCCG-1,0,25,113,8501,18544
TCCAGATGTACGCCAA-1,0,24,114,8248,18688
CATTGCGGGTCAATTC-1,0,25,115,8500,18834
GACGTTCGTAAATACA-1,0,24,116,8246,18978
TACACCGTCGTTAGTC-1,0,25,117,8498,19125
ACGGGCGTATGCGACA-1,0,24,118,8244,19269
GAAGGCTACCATTGTT-1,0,25,119,8496,19416
TAAATCTTTACACCTC-1,0,24,120,8243,19560
AGTTTATGTAAAGACA-1,0,25,121,8495,19707
AGGAGACATCCACAGT-1,0,24,122,8241,19850
CAACCTGAACCTGCCA-1,0,25,123,8493,19997
AGTCCCTCGCAGAAAG-1,0,24,124,8239,20141
TGTATACGGATGATGA-1,0,25,125,8491,20288
TTGTGGTATAGGTATG-1,0,24,126,8238,20432
TCTGCACCATTAGTAA-1,0,25,127,8490,20579
AAATGTATCTTATCCC-1,0,26,0,8849,2120
ACTCTAAACCTGGGAT-1,0,27,1,9101,2266
GCTGGCAGGTGCCGTG-1,0,26,2,8847,2410
CTCATTCGTGAACATC-1,0,27,3,9099,2557
TCGCCGGATGGGCAAG-1,0,26,4,8845,2701
GGACTAAGTCAGGAGT-1,0,27,5,9097,2848
TATCAAAGGTCTGTAA-1,0,26,6,8844,2992
TTCAGTTTGTGGCAGC-1,0,27,7,9096,3139
TGTTCATAAATGTGCT-1,0,26,8,8842,3282
CTTAGCCCGGATAGTG-1,0,27,9,9094,3429
GATGCGAATGGTATTA-1,0,26,10,8840,3573
TCTAACTGTATGTAAA-1,1,27,11,9092,3720
TTAAACCTGGTTCCTT-1,1,26,12,8839,3864
GCTAAGTAAAGGCGAT-1,1,27,13,9091,4011
AGTTACCGCACATGGT-1,1,26,14,8837,4155
GACTGCGGCACGTGTA-1,1,27,15,9089,4301
TGGTGATCGTATTTGT-1,1,26,16,8835,4445
TTATCGCCTGCGAAGC-1,1,27,17,9087,4592
TGGAATTAGACGCTTT-1,1,26,18,8834,4736
TCGTCACACTGTTAGC-1,1,27,19,9086,4883
TTATGTTTGCGATAGA-1,1,26,20,8832,5027
GGTGCTGATCACAAAG-1,1,27,21,9084,5174
CATAGCCGCCCGGGAT-1,1,26,22,8830,5317
GGTTAGTTACGGCGCC-1,1,27,23,9082,5464
ATTCCCACATAAACAA-1,1,26,24,8829,5608
ATTCAGTAGCAGGGTC-1,1,27,25,9081,5755
CAGTTCCGCGGGTCGA-1,1,26,26,8827,5899
AAGAGATGAATCGGTA-1,1,27,27,9079,6046
CGCAATTCTACAATAA-1,1,26,28,8825,6190
TAACGCTTTGAGAGCG-1,1,27,29,9077,6336
AGGCTATGGTTAGCTT-1,1,26,30,8824,6480
GAGGAATGGAGAGGTT-1,1,27,31,9076,6627
TCCTCTACGAGATGGC-1,1,26,32,8822,6771
TTGATTATGCAGATGA-1,1,27,33,9074,6918
TCAGTACTGACCCGCG-1,1,26,34,8820,7062
TTATGACAAACTGGAT-1,1,27,35,9072,7209
GTAAGTAGGGTATACC-1,1,26,36,8819,7352
CGCAAACACGAGTTAC-1,1,27,37,9071,7499
TGGCCGTATATTGACC-1,1,26,38,8817,7643
ACTGTAGCACTTTGGA-1,1,27,39,9069,7790
GCTCTATGTTACGTGC-1,1,26,40,8815,7934
TGCGCGATTAACGGAG-1,1,27,41,9067,8081
GAATCGACATGGTCAC-1,1,26,42,8814,8225
GACTAAGTAGGCTCAC-1,1,27,43,9066,8371
ATCTTGACCTGCAACG-1,1,26,44,8812,8515
ATGCACTACCGCATTG-1,1,27,45,9064,8662
CAGATACTAACATAGT-1,1,26,46,8810,8806
GATCGACACTATCTGA-1,1,27,47,9062,8953
ATAGAGTACTGGGACA-1,1,26,48,8809,9097
CCTACTGCTTACACTT-1,1,27,49,9061,9244
CCTGCTATTTGAGAAG-1,1,26,50,8807,9388
CGCGTTCATGAAATAC-1,1,27,51,9059,9534
CATTATGCTTGTTGTG-1,1,26,52,8805,9678
CCAGGGACGTGGCCTC-1,1,27,53,9057,9825
TATGGATGTGCTACGC-1,1,26,54,8804,9969
GTACTAAGATTTGGAG-1,1,27,55,9056,10116
AGACCCGCCCTCCTCG-1,1,26,56,8802,10260
CGCATTAGCTAATAGG-1,1,27,57,9054,10406
GCTCTCGGGTACCGAA-1,1,26,58,8800,10550
CACCGCCAGAAGGTTT-1,1,27,59,9052,10697
TCCCAAAGACGAAGGA-1,1,26,60,8799,10841
ATGGATTGACCAAACG-1,1,27,61,9051,10988
GTCATGGACATGACTA-1,1,26,62,8797,11132
CTACTGCCACCTGACC-1,1,27,63,9049,11279
TTATATTTGGCAATCC-1,1,26,64,8795,11423
AGCACCAGTACTCACG-1,1,27,65,9047,11569
CATGGTCTAGATACCG-1,1,26,66,8794,11713
TCTACCGTCCACAAGC-1,1,27,67,9046,11860
CTAGTTGGGCCCGGTA-1,1,26,68,8792,12004
TCCCGCGTACTCCTGG-1,1,27,69,9044,12151
CAGAGCATGAGCTTGC-1,1,26,70,8790,12295
ACACGGGAACTTAGGG-1,1,27,71,9042,12441
GGCTCTGCTCCAACGC-1,1,26,72,8789,12585
AGAACGTGGTACATTC-1,1,27,73,9041,12732
CAATAAACCTTGGCCC-1,1,26,74,8787,12876
ACTTCGCCATACGCAC-1,1,27,75,9039,13023
ATCTGGTTAAGACTGT-1,1,26,76,8785,13167
TCGTAAGACGACATTG-1,1,27,77,9037,13314
GTGTACCTTGGCTACG-1,1,26,78,8784,13458
GCCCGTAATACCTTCT-1,1,27,79,9036,13604
CGGTCAAGTGGGAACC-1,1,26,80,8782,13748
TTGTAAGGCCAGTTGG-1,1,27,81,9034,13895
GGAGCACCAAGAACTA-1,1,26,82,8780,14039
TAATAGTGACGACCAG-1,1,27,83,9032,14186
CTAAATCCTATTCCGG-1,1,26,84,8779,14330
CGAGTTCTGTCCCACC-1,1,27,85,9031,14477
AGGCAGATGCGTAAAC-1,1,26,86,8777,14620
AAGGATGAGGGACCTC-1,1,27,87,9029,14767
AGAGAACCGTCTAGGA-1,1,26,88,8775,14911
GAGGGCGCAGCTCTGC-1,1,27,89,9027,15058
AAGATTGGCGGAACGT-1,1,26,90,8774,15202
CCAGTAGTCTGATCCA-1,1,27,91,9026,15349
AAGGGACAGATTCTGT-1,1,26,92,8772,15493
ATAGAGTTATCAACTT-1,1,27,93,9024,15639
AAATTACCTATCGATG-1,1,26,94,8770,15783
GATCCTAAATCGGGAC-1,1,27,95,9022,15930
TTACAGACCTAAATGA-1,1,26,96,8769,16074
CCTCACCTTAGCATCG-1,1,27,97,9021,16221
CATGCGACCAGTTTAA-1,1,26,98,8767,16365
AACATATCAACTGGTG-1,1,27,99,9019,16512
CTATAAGAGCCAATCG-1,1,26,100,8765,16655
AATATCGAGGGTTCTC-1,1,27,101,9017,16802
GTACTCCTGGGTATGC-1,0,26,102,8764,16946
ATAAGTAGGATTCAGA-1,0,27,103,9016,17093
AGGTCGCGGAGTTACT-1,0,26,104,8762,17237
CTAATTCTCAGATATT-1,0,27,105,9014,17384
GCCAACCATTTCCGGA-1,0,26,106,8760,17528
TGATCCCAGCATTAGT-1,0,27,107,9012,17674
CGTTGTAAGATTGATT-1,0,26,108,8759,17818
GAAACCATGGTGCGCT-1,0,27,109,9011,17965
AATCTATGCCGGAGCC-1,0,26,110,8757,18109
GACTCCCAGAATAAGG-1,0,27,111,9009,18256
TATGATCCGGCACGCC-1,0,26,112,8755,18400
CCGCTTGCTGACATGG-1,0,27,113,9007,18547
TGGTTAAGGGCGCTGG-1,0,26,114,8754,18690
TTGATAGTCAATACAT-1,0,27,115,9006,18837
GGTTTAATTGAGCAGG-1,0,26,116,8752,18981
CATTACATAGATTGTG-1,0,27,117,9004,19128
GGTACACCAGATTTAT-1,0,26,118,8750,19272
GGCCCGTATACCATGC-1,0,27,119,9002,19419
ATCTTTCGTATAACCA-1,0,26,120,8748,19563
GAGATGACAATCCTTA-1,0,27,121,9001,19709
AAAGCTTGCCTACATA-1,0,26,122,8747,19853
GAACGATAAGTTAAAG-1,0,27,123,8999,20000
TAATAGCTAAATGATG-1,0,26,124,8745,20144
TATGGCTAGGCTAATT-1,0,27,125,8997,20291
AGGAGAGTCTGGCTAC-1,0,26,126,8743,20435
TGCTCTGCCGGTTCAC-1,0,27,127,8996,20582
CCAATAGATTTCATCT-1,0,28,0,9355,2122
GGGCACGAATTGGCCG-1,0,29,1,9607,2269
TCGTTGACAGGGTCCC-1,0,28,2,9353,2413
ATCGTATTCCGAGAAC-1,0,29,3,9605,2560
GGGAATTCTGTCCAGT-1,0,28,4,9351,2704
ACGCGTTTCTTAAGAG-1,0,29,5,9603,2851
GAGAGCGCAGTCCCTG-1,0,28,6,9349,2995
GTCCTATTGTTGTGGT-1,0,29,7,9602,3141
CATCTGCAGGATCATT-1,0,28,8,9348,3285
GAGTCGACAGACCCTC-1,0,29,9,9600,3432
AAGTGCAAAGGTAGAC-1,1,28,10,9346,3576
AGGGTGGATAGTGCAT-1,1,29,11,9598,3723
TGATAGCGGGATTCTA-1,1,28,12,9344,3867
GTCAGTTTGGTAGTCG-1,1,29,13,9597,4014
GCATTCGAAATGAACA-1,1,28,14,9343,4157
AAAGACTGGGCGCTTT-1,1,29,15,9595,4304
TAACAATATTTGTTGC-1,1,28,16,9341,4448
CCAGCTTCCGCCCGCA-1,1,29,17,9593,4595
GATATGGATTACGCGG-1,1,28,18,9339,4739
AGAGCAGTTATGAGAC-1,1,29,19,9592,4886
TCACATCTTATCTGAT-1,1,28,20,9338,5030
TATGAAGACAGGTGCG-1,1,29,21,9590,5176
TACCTGCTGCACTGTG-1,1,28,22,9336,5320
TAGGTCCAAGTAAGGA-1,1,29,23,9588,5467
GAAACTCGTGCGATGC-1,1,28,24,9334,5611
AACAATTACTCTACGC-1,1,29,25,9587,5758
CCGCACGTGACCTCGG-1,1,28,26,9333,5902
AACTTGCCCGTATGCA-1,1,29,27,9585,6049
GGGTATGTATGCACTT-1,1,28,28,9331,6193
TTCGTACTCCAGAACG-1,1,29,29,9583,6339
GAATTTCTCGCTGCAG-1,1,28,30,9329,6483
AACAGGATGGGCCGCG-1,1,29,31,9582,6630
GACGTGTAGGGATTAT-1,1,28,32,9328,6774
TAGGTGAGCCCTACTC-1,1,29,33,9580,6921
CTAATTCGCACGCGCT-1,1,28,34,9326,7065
GAAGCTTGCTGACCGC-1,1,29,35,9578,7211
GGTTAGGCTTGGAGAA-1,1,28,36,9324,7355
ACAAGGACAAGAGGTT-1,1,29,37,9577,7502
AGGCCACCCGTTATGA-1,1,28,38,9323,7646
GTGGGCTTAGACACAC-1,1,29,39,9575,7793
CGTGTCCCATTCGCGA-1,1,28,40,9321,7937
TGGAGTGATGCGATGA-1,1,29,41,9573,8084
AACAACTGGTAGTTGC-1,1,28,42,9319,8228
CCTGGCTAGACCCGCC-1,1,29,43,9572,8374
CGCAATTAGGGTAATA-1,1,28,44,9318,8518
TCGAAATTTAGGACCA-1,1,29,45,9570,8665
AGACTAGCCTTCCAGA-1,1,28,46,9316,8809
TTGATCTAACTTTGTC-1,1,29,47,9568,8956
AAGGAGCGGTTGGTGC-1,1,28,48,9314,9100
ACTTGGGACCCGGTGG-1,1,29,49,9567,9247
TGATCTCCGGCGCCAG-1,1,28,50,9313,9390
CAGTTCAAATTGACAC-1,1,29,51,9565,9537
GTCCGGCTGAATTGCG-1,1,28,52,9311,9681
CTGGAAATGGATGCTT-1,1,29,53,9563,9828
TGATCGGTTTGACCCT-1,1,28,54,9309,9972
TAGAGTCTAAGCGAAC-1,1,29,55,9562,10119
GAGACTGATGGGTAGA-1,1,28,56,9308,10263
TAGCTAAGTCCGGGAG-1,1,29,57,9560,10409
GGGCGATATGTGTGAA-1,1,28,58,9306,10553
CTCGAGGTCGAACAGT-1,1,29,59,9558,10700
GATCCCTTTATACTGC-1,1,28,60,9304,10844
GTCATGCACCTCCGTT-1,1,29,61,9557,10991
ACTTTCCTATAGCTTC-1,1,28,62,9303,11135
TCGCTCGATATATTCC-1,1,29,63,9555,11282
ATAGGTTGGGCAGATG-1,1,28,64,9301,11425
CAATTAAGGGTGATGA-1,1,29,65,9553,11572
ACCGACTGAGTCCCAC-1,1,28,66,9299,11716
CCTGTCACCCGGGCTC-1,1,29,67,9552,11863
GATCGGTGGCCATAAC-1,1,28,68,9298,12007
CCTATGGGTTACCGTC-1,1,29,69,9550,12154
TTGGGACACTGCCCGC-1,1,28,70,9296,12298
CGAGGCTAAATATGGC-1,1,29,71,9548,12444
TCAGGGTGTAACGTAA-1,1,28,72,9294,12588
CGAGAGATGTGAACCT-1,1,29,73,9546,12735
TCGCTGGGCGGATTGT-1,1,28,74,9293,12879
AGATCTCAGGTGTGAT-1,1,29,75,9545,13026
TGGCCAAACTGAAGTA-1,1,28,76,9291,13170
GCTTCCGTCCCTAGAC-1,1,29,77,9543,13317
CAGCAGCCCGTTCCTT-1,1,28,78,9289,13460
TGTATAACAGATCCTG-1,1,29,79,9541,13607
CGCGGGAATTAGGCAG-1,1,28,80,9288,13751
TGCATGTGGTAATCTA-1,1,29,81,9540,13898
ACAATTTGAGCAGTGG-1,1,28,82,9286,14042
GAGCTAAGGGCATATC-1,1,29,83,9538,14189
CCAGATAGTTGAGTGA-1,1,28,84,9284,14333
CCACAATGTACGTCTT-1,1,29,85,9536,14479
CAATGGATCTCTACCA-1,1,28,86,9283,14623
TGTGGCAAAGCGTATG-1,1,29,87,9535,14770
TAAAGCGTTAGGAGAA-1,1,28,88,9281,14914
TCCGTTTAGCCTTGAA-1,1,29,89,9533,15061
CAGCTCGACAAGTTAA-1,1,28,90,9279,15205
GCCTATAGTGTCAGGG-1,1,29,91,9531,15352
ATAGACAACGGGACCT-1,1,28,92,9278,15495
CTACTATCTTTCAGAG-1,1,29,93,9530,15642
GCGCTGCTTTGCATTT-1,1,28,94,9276,15786
GCGCATCCAGTCAGCA-1,1,29,95,9528,15933
GACTCGCGGGAATGAC-1,1,28,96,9274,16077
CTGGTAACGAGCTCTT-1,1,29,97,9526,16224
TCCGGCCTAGCGTACA-1,1,28,98,9273,16368
TCTAGGTGGCGACGCT-1,1,29,99,9525,16514
ACGCTAGTGATACACT-1,1,28,100,9271,16658
ATCTGCACCTCTGCGA-1,1,29,101,9523,16805
CCTCACCTGAGGGAGC-1,0,28,102,9269,16949
AGTGAGCCTCGCCGCC-1,0,29,103,9521,17096
ACGAGTACGGATGCCC-1,0,28,104,9268,17240
GGTACCATTAAGACGG-1,0,29,105,9520,17387
TTCTGCTAGACTCCAA-1,0,28,106,9266,17531
TAACTATTACGCCAAA-1,0,29,107,9518,17677
GCATTCAAGGCAACGC-1,0,28,108,9264,17821
AGTACATCATTTATCA-1,0,29,109,9516,17968
GTCGTGTCTGGTCATC-1,0,28,110,9263,18112
AGTCTAAAGTATACTC-1,0,29,111,9515,18259
CGGCCCAACCTGTAGT-1,0,28,112,9261,18403
AGGGAGACATACTTCG-1,0,29,113,9513,18549
TCCCTAGATCAATAGG-1,0,28,114,9259,18693
TCCCGTCGCGTCATAG-1,0,29,115,9511,18840
CGCATCCATCAGCCAG-1,0,28,116,9258,18984
CTGCACCTAGTCCACA-1,0,29,117,9510,19131
CGAGGATCGGGAACGA-1,0,28,118,9256,19275
CAATGAGGTTCGACTA-1,0,29,119,9508,19422
TCTGACGGGCTAACCC-1,0,28,120,9254,19566
TTCTATGCCTTTCGCA-1,0,29,121,9506,19712
AGAGTATAGTGTTACG-1,0,28,122,9253,19856
CCATTGTTTCCTCCAT-1,0,29,123,9505,20003
CTCATCACTTAGTGAT-1,0,28,124,9251,20147
CCGAAGGGCGTACCGC-1,0,29,125,9503,20294
TCAAGCTGCCTTGAAA-1,0,28,126,9249,20438
CTCATTAACGTTGCCC-1,0,29,127,9501,20585
GTCTTCCTCACCTAAG-1,0,30,0,9860,2125
GGTGATGAAGGAAGTG-1,0,31,1,10112,2272
TCAATACAATTGCTGC-1,0,30,2,9859,2416
GCAACCCAAGTTGTTT-1,0,31,3,10111,2563
ATGAAGTGGACCCAGC-1,0,30,4,9857,2707
GAGAATCTCACGATCA-1,0,31,5,10109,2854
TATATCATTGATCAGT-1,0,30,6,9855,2998
AACTTTACGGGAGCTT-1,0,31,7,10107,3144
TTCTTGTGTCCATCAG-1,0,30,8,9854,3288
ACAATTTAGGAGGCTC-1,0,31,9,10106,3435
ATACTTGTTCTCGAGC-1,1,30,10,9852,3579
CACGGGATTGAGGGTT-1,1,31,11,10104,3726
GTTAATGTCTATCTTA-1,1,30,12,9850,3870
GCGTTATATTTGGAAC-1,1,31,13,10102,4016
CGTCAAGGCTATAAAT-1,1,30,14,9849,4160
TTAGCTCTGTAATCCG-1,1,31,15,10101,4307
AATGGTCCACCGTTCA-1,1,30,16,9847,4451
GTCATTGCATTGACCC-1,1,31,17,10099,4598
TGTCCGTGGCGCCTTT-1,1,30,18,9845,4742
TCAACTAACGTATAAC-1,1,31,19,10097,4889
TCCTCTCCAGTTGTCC-1,1,30,20,9844,5033
TGTGTTCGTATCCAAG-1,1,31,21,10096,5179
CCGCGTAGGTAAGGGC-1,1,30,22,9842,5323
CTGCGGGTGAAATGTT-1,1,31,23,10094,5470
TATCTACAGAGGTAAT-1,1,30,24,9840,5614
CTACTCTAGGCCCGGC-1,1,31,25,10092,5761
ACAAGCAGTGCCTAGC-1,1,30,26,9839,5905
TACAAGTCTCGTGCAT-1,1,31,27,10091,6052
TCGGAATGCGCTCTGA-1,1,30,28,9837,6195
TCGCGTCCAGAAGGTC-1,1,31,29,10089,6342
TATGGCCCGGCCTCGC-1,1,30,30,9835,6486
GCTGGCATATTCACCT-1,1,31,31,10087,6633
GTCAGAATAGTCTATG-1,1,30,32,9834,6777
GGCGTCCTATCCGCTG-1,1,31,33,10086,6924
CGGAGTTTGAGAGACA-1,1,30,34,9832,7068
AGCACTTAAGGACGCC-1,1,31,35,10084,7214
TCCACAATGGTTTACG-1,1,30,36,9830,7358
CCAACGATGCACTGAT-1,1,31,37,10082,7505
ATTTACAGTTTACTGG-1,1,30,38,9829,7649
CCCTGAAATGAGTTGA-1,1,31,39,10081,7796
CAAACGGTCGCACTTT-1,1,30,40,9827,7940
TGATTCGTCTATCACT-1,1,31,41,10079,8087
TCAGGTTCTTTGAGAA-1,1,30,42,9825,8230
CACGCAGCGAGGCTTT-1,1,31,43,10077,8377
TTAAGCGCCTGACCCA-1,1,30,44,9824,8521
CTTACACGGTATTCCA-1,1,31,45,10076,8668
AAGGCTGTGCTCATCG-1,1,30,46,9822,8812
GACCAGAGCCCTGTAG-1,1,31,47,10074,8959
TCCCAGGCTTAGCTAA-1,1,30,48,9820,9103
ATTGAAGATCTTAGTG-1,1,31,49,10072,9249
AGTTCCTACAGAATTA-1,1,30,50,9819,9393
GGGCTGGTTAGTCGCG-1,1,31,51,10071,9540
GAAATGGCGGTGTTAG-1,1,30,52,9817,9684
TACGAACACGACTTCA-1,1,31,53,10069,9831
ACCACAAGTTTCTATC-1,1,30,54,9815,9975
ATATTTAACCCTCAAG-1,1,31,55,10067,10122
GATCATTCCAAACATT-1,1,30,56,9814,10265
TCCAGGCGAGTACGGT-1,0,31,57,10066,10412
GTTTGACCAAATCCTA-1,1,30,58,9812,10556
CACAGCACCCACGGCA-1,1,31,59,10064,10703
TGCAAGAATGACGTAA-1,1,30,60,9810,10847
GCGAAGCCATACCCGT-1,1,31,61,10062,10994
TCCTTTCTTACGCTTA-1,1,30,62,9809,11138
GCTGCTCTCCGGACAC-1,1,31,63,10061,11284
ACTGTCTTCTTTAGAA-1,1,30,64,9807,11428
TCAAACTTAGATTGTT-1,1,31,65,10059,11575
CTATGTCACTAGCCCA-1,1,30,66,9805,11719
TGCGCAAAGCATTTGG-1,1,31,67,10057,11866
TTAATGTAGACCAGGT-1,1,30,68,9804,12010
GGCGGTAGGATCATTG-1,1,31,69,10056,12157
GGCAATAGTCAATGAG-1,1,30,70,9802,12300
ACACGAGACTCCTTCT-1,1,31,71,10054,12447
GACACAAGGGAAGAAA-1,1,30,72,9800,12591
TCAGCAAATGCATCTC-1,1,31,73,10052,12738
GAGATCTGTCACTCCG-1,1,30,74,9799,12882
ATGCCGGTCTTGCATA-1,1,31,75,10051,13029
TTGGGCGGCGGTTGCC-1,1,30,76,9797,13173
TTGTTGTGTGTCAAGA-1,1,31,77,10049,13319
ACTGTACGATACACAT-1,1,30,78,9795,13463
TCCACTTTATCTAGGT-1,1,31,79,10047,13610
GGTCTGAGAATCTGGA-1,1,30,80,9794,13754
TAGAAAGGTGGCGCTA-1,1,31,81,10046,13901
TATGTCTCATTGTGCC-1,1,30,82,9792,14045
GGATTTCACTTCTATA-1,1,31,83,10044,14192
TGAGTGGTCCGTGACG-1,1,30,84,9790,14336
CGCTTTCTTGCATTCG-1,1,31,85,10042,14482
ACCCAACGCCCGTGGC-1,1,30,86,9789,14626
GAACGTCTCATGGTCG-1,1,31,87,10041,14773
AGGGTTCCCTTTGGTT-1,1,30,88,9787,14917
GTAGCTTCCTCTTGTT-1,1,31,89,10039,15064
GCATGAGGGACGCGGC-1,1,30,90,9785,15208
CTACCCTAAGGTCATA-1,1,31,91,10037,15354
TCACCGCTCGGCACTC-1,1,30,92,9784,15498
GGCTCGCGTTGAGGTA-1,1,31,93,10036,15645
CTAACGAAACTTGCTG-1,1,30,94,9782,15789
TTAAACTCGAATTCAT-1,1,31,95,10034,15936
TACTTTACTGAGCCGG-1,1,30,96,9780,16080
GCTTGGATCGATTAGG-1,1,31,97,10032,16227
CGGTTATCCAACAGTG-1,1,30,98,9779,16371
CAGACCTGTAAGTGTT-1,1,31,99,10031,16517
GACGGTCAATAGAAGC-1,0,30,100,9777,16661
CTGACTGCGCAGCTCG-1,1,31,101,10029,16808
CCATACCTTTACTTGT-1,1,30,102,9775,16952
GTAATAAAGGGCTCCC-1,1,31,103,10027,17099
GTGAACTCCCATTCGA-1,0,30,104,9774,17243
GTGGTTACTTCTTTCG-1,1,31,105,10026,17390
TCAGAACCTCCACAGG-1,0,30,106,9772,17533
TCCCACTCTCTTCCGG-1,0,31,107,10024,17680
ATCTTGACTTGTCCAA-1,0,30,108,9770,17824
TCGGGAACGTGCCTAG-1,1,31,109,10022,17971
GTTAGCCGTAAATCAA-1,0,30,110,9769,18115
ATTTACTAAGTCCATT-1,0,31,111,10021,18262
GGGTGCATATGAAAGC-1,0,30,112,9767,18406
TCCGAATGGTCCTGAG-1,1,31,113,10019,18552
TGATGGCTGTTTCTGA-1,0,30,114,9765,18696
AAATAAGGTAGTGCCC-1,0,31,115,10017,18843
CCACTATCCGGGTCAC-1,0,30,116,9764,18987
ACACCACATAATTAGC-1,0,31,117,10016,19134
CGCGGTAAGTCTAGCT-1,0,30,118,9762,19278
GCGGGCATTACGATGC-1,0,31,119,10014,19425
AGGATTGCTTACGACA-1,0,30,120,9760,19568
CTCGGGATAACACCTA-1,0,31,121,10012,19715
GTCGTCTGGTTGGCTA-1,0,30,122,9759,19859
GCAATTAGTCGCACCG-1,0,31,123,10011,20006
GTGACCTAAAGAATAA-1,0,30,124,9757,20150
CTGAGCGAGACTTATT-1,0,31,125,10009,20297
CAAGACTCAGAAGCGC-1,0,30,126,9755,20441
ACTTCGCTAGCGAGTG-1,0,31,127,10007,20587
CCATACTCGCCTCTCC-1,0,32,0,10366,2128
ACGATACCTATCCTGA-1,0,33,1,10618,2275
CTCACCAGTACAAGTG-1,0,32,2,10365,2419
CGAAGACGGTGAGTGC-1,0,33,3,10617,2566
AAATTAATAAGCGCGA-1,0,32,4,10363,2710
GGGCCCTTATCTATAC-1,0,33,5,10615,2857
CTGCCCACGAAGCGTT-1,0,32,6,10361,3000
GGACAAGTTGCAGTGA-1,0,33,7,10613,3147
GTCCGAGAGCAATCAT-1,0,32,8,10360,3291
ATGGCAGCCGAGAAAC-1,0,33,9,10612,3438
CCTCGGATGCTACCTG-1,1,32,10,10358,3582
ATACGGTGAAGATGCA-1,1,33,11,10610,3729
ACATCAGCTGGGACGC-1,1,32,12,10356,3873
GGTTGTGTAGCCTGGC-1,1,33,13,10608,4019
CCTGCGTTCTACGCTT-1,1,32,14,10355,4163
GAACGTTAGGAAGACG-1,1,33,15,10607,4310
CTGATAGTGTATCTCA-1,1,32,16,10353,4454
TTCTGCGAGCGCCCTT-1,1,33,17,10605,4601
CTTTGGCGCTTTATAC-1,1,32,18,10351,4745
TCCGAACTTGGCTTAC-1,1,33,19,10603,4892
TAGATTCCTGGTTATT-1,1,32,20,10350,5035
CCGACAAAGGGAGTGC-1,1,33,21,10602,5182
CCATGGCCCTTGTACC-1,1,32,22,10348,5326
GAAATATCACCATCAG-1,1,33,23,10600,5473
ACGAAATGGGCGGCAC-1,1,32,24,10346,5617
GTGAGCGTGCTGCACT-1,1,33,25,10598,5764
CCGCGGGTACGAAGAA-1,1,32,26,10345,5908
TCCCTGGCTCGCTGGA-1,1,33,27,10597,6054
CAGCTTAGTAGGTAGC-1,1,32,28,10343,6198
CACGAAAGTTAGTCCC-1,1,33,29,10595,6345
ACCTAATCGACTTCCT-1,1,32,30,10341,6489
AAGTAGTGACGCGAGG-1,1,33,31,10593,6636
TCCGATTACATTGCCG-1,1,32,32,10339,6780
CCTCCGACAATTCAAG-1,1,33,33,10592,6927
GTTCACAGGAGTCTAG-1,1,32,34,10338,7070
CGAAGTTGCTCTGTGT-1,1,33,35,10590,7217
GTCGGATATCTCAGAC-1,1,32,36,10336,7361
CGCTCTCCGTAGATTA-1,1,33,37,10588,7508
CAAGCAACGTCGGAGT-1,1,32,38,10334,7652
CCATTCCCTGCCCACA-1,1,33,39,10587,7799
CTTTGGCTTTAGTAAA-1,1,32,40,10333,7943
GGCTATTAAGTTGTAT-1,1,33,41,10585,8089
CCATTAGCGATAATCC-1,1,32,42,10331,8233
TGTTCTTCCATTGACT-1,1,33,43,10583,8380
AGATAACTTCAGGGCC-1,1,32,44,10329,8524
ATAGACGAAGAGAAAG-1,1,33,45,10582,8671
GGCGGAGTAATATTAG-1,1,32,46,10328,8815
TGACCCACGTTAGACA-1,1,33,47,10580,8962
TCACAGGTTATTGGGC-1,1,32,48,10326,9106
TCACGCATTGTAGATC-1,1,33,49,10578,9252
TTGAAGAATTCCCAGG-1,1,32,50,10324,9396
AAATGGTCAATGTGCC-1,1,33,51,10577,9543
TAGTGCCCTCCAGAGT-1,1,32,52,10323,9687
GGTATTGCCGAGTTTA-1,1,33,53,10575,9834
CGTATTAAGAGATCTA-1,1,32,54,10321,9978
ACTGTCCAGGATTATA-1,1,33,55,10573,10124
CGGGCAGCTAAACCGC-1,0,32,56,10319,10268
TTGCTGATCATGTTCG-1,1,33,57,10572,10415
TATGGGTACGTATCGT-1,1,32,58,10318,10559
CAGCTCACTGAGACAT-1,1,33,59,10570,10706
GGGACTGCATAGATAG-1,1,32,60,10316,10850
ACGCATTCGTGAGTAC-1,1,33,61,10568,10997
CTCTGGACGCCTGGTG-1,1,32,62,10314,11141
AGGGTTTAGTTCGGGA-1,1,33,63,10567,11287
GGGAGAACTCACAGTA-1,1,32,64,10313,11431
ATCAATCTGGGCTGCA-1,1,33,65,10565,11578
TCTTCGATACCAATAA-1,1,32,66,10311,11722
ACGTAGATTGCTGATG-1,1,33,67,10563,11869
TCTTGATGCGTAGCGA-1,1,32,68,10309,12013
GGGCTGCCTAGGGCGA-1,1,33,69,10562,12159
CTCTCACAATCGATGA-1,1,32,70,10308,12303
CCAAGCGTAACTCGTA-1,1,33,71,10560,12450
ACAACAGCATGAGCTA-1,1,32,72,10306,12594
GTCCCAACGTAAAGTA-1,1,33,73,10558,12741
TCGGAGTACATGAGTA-1,1,32,74,10304,12885
GGGAGTTAATGAGGCG-1,1,33,75,10557,13032
CCGGGCGGTCTCGTCA-1,1,32,76,10303,13176
CCGTAAGTTGGTCCCA-1,1,33,77,10555,13322
GGAGGGCTTGGTTGGC-1,1,32,78,10301,13466
TCGGACGCCCAGCCCA-1,1,33,79,10553,13613
TCTGTGCCATCATAGT-1,1,32,80,10299,13757
GTACTGGAGTTAGACC-1,1,33,81,10552,13904
GGAATGCGCTAGCGTG-1,1,32,82,10298,14048
GTGTGAATAACTTAGG-1,1,33,83,10550,14195
GGTCGGCCAGGAGCTT-1,0,32,84,10296,14338
TAGCCGGCGGTCAGCG-1,1,33,85,10548,14485
CGGGTGTACCCATTTA-1,1,32,86,10294,14629
AGTGATTCAAGCAGGA-1,1,33,87,10547,14776
GTTGGATTGAGAACAC-1,1,32,88,10293,14920
CACACGCGCTGTCTTA-1,1,33,89,10545,15067
TAGACGCCCGTACCGG-1,1,32,90,10291,15211
GGTTTCAATCGGTCAG-1,1,33,91,10543,15357
AATCTGCGTTGGGACG-1,1,32,92,10289,15501
TTACGGATGGTTCGAG-1,1,33,93,10542,15648
CGGCAGGGTCGGGTTG-1,1,32,94,10288,15792
GCTTTCAGAGGAGGTG-1,1,33,95,10540,15939
TCTTCCCATGGGCACA-1,1,32,96,10286,16083
TACCGCGGACTTGCAG-1,1,33,97,10538,16230
AGAATTATGGATTCGA-1,1,32,98,10284,16373
ATTGATGAGTCCTAAC-1,1,33,99,10536,16520
TAGGTCGCCGGAACTG-1,1,32,100,10283,16664
TAACCTACCGTCCGAG-1,1,33,101,10535,16811
CTTAGTAGGCCTACAG-1,1,32,102,10281,16955
CTAGATGTGAGTGTAA-1,1,33,103,10533,17102
ACTCCCGAATTCGTTT-1,1,32,104,10279,17246
GTTCATCGTTTGGCTG-1,1,33,105,10531,17392
ACTTTACCCTCATGAA-1,1,32,106,10278,17536
GCGAGAGTTGCGTCCA-1,1,33,107,10530,17683
GTTCGGGCGTACCATT-1,0,32,108,10276,17827
CGACTTTGTATAGCCT-1,1,33,109,10528,17974
GCCATCGATGCTGCAT-1,0,32,110,10274,18118
GCATTTCCAAGGCTCC-1,0,33,111,10526,18265
ATGTAAGGCTGCTCTT-1,0,32,112,10273,18408
ACGTTCGCAATCAATT-1,0,33,113,10525,18555
GTGACGAGGGTGACCC-1,1,32,114,10271,18699
ATTATAGCTACTTTAC-1,0,33,115,10523,18846
CGTGTGTTAAACCCTG-1,0,32,116,10269,18990
TTGGTATGGCTTGTGT-1,0,33,117,10521,19137
CATTCCCATTCCGTCG-1,0,32,118,10268,19281
TGCCGAAAGCGTATTC-1,0,33,119,10520,19427
CAACACATCTCCTGCC-1,0,32,120,10266,19571
CTGCCTCATATGCAAC-1,0,33,121,10518,19718
TCCCGCCTATGTGCGT-1,0,32,122,10264,19862
GGTTACCCGACACTTT-1,0,33,123,10516,20009
CCAGCGGGATCACCAG-1,0,32,124,10263,20153
ATGTTTCGGCCCGGAG-1,0,33,125,10515,20300
GCGTCTAACCTCCTAA-1,0,32,126,10261,20443
ATCAGGTAGCTGACAG-1,0,33,127,10513,20590
GGTATGAAAGAACTGA-1,0,34,0,10872,2131
GTGGCCTAATATCATT-1,0,35,1,11124,2278
CCTGTGAAACCGTAAC-1,0,34,2,10870,2422
GGCAGAGAGATCGGGA-1,0,35,3,11122,2569
TAGCGTCGAATATTGA-1,0,34,4,10869,2713
CGCCGACTATTCGCTA-1,0,35,5,11121,2859
TCTGGCGCAAGCCGGG-1,0,34,6,10867,3003
AGTGGTTGCGTATAGG-1,0,35,7,11119,3150
ATCGGTTACCTAGTAA-1,0,34,8,10865,3294
CCTGCCCGTTGTCTAG-1,1,35,9,11117,3441
GCACACGCCCATGGTC-1,1,34,10,10864,3585
AGTACGGCCCGTATCG-1,1,35,11,11116,3732
TATCTAGCCTAAAGGA-1,1,34,12,10862,3875
CACTCGGTTAGGAGGA-1,1,35,13,11114,4022
ATGTTCGTCGACCCAC-1,1,34,14,10860,4166
TTCCTCTGCCCGAATA-1,1,35,15,11112,4313
TTACTATCGGCTTCTC-1,1,34,16,10859,4457
GCCGCATTAGTCCGGC-1,1,35,17,11111,4604
TAAGGGCTGGGAGAGG-1,1,34,18,10857,4748
TAAGCAGGCGACACGC-1,1,35,19,11109,4894
AGCACTACCGGCCTGT-1,1,34,20,10855,5038
GAAAGCCCTTTGGACC-1,1,35,21,11107,5185
GACCGACTGAAGCGTC-1,1,34,22,10854,5329
CGGTGAAGACTAAAGT-1,1,35,23,11106,5476
CCCTGCGCTACGCATA-1,1,34,24,10852,5620
TACTGGACAGCTCGGC-1,1,35,25,11104,5767
TTAGTAGGGCGGCGGG-1,1,34,26,10850,5911
GAGGCTATCAAAGTCG-1,1,35,27,11102,6057
TTACCATTGATTACCC-1,1,34,28,10849,6201
ATACCACGGGCAACTT-1,1,35,29,11101,6348
TGTCCTAAGTCACCGC-1,1,34,30,10847,6492
AGGTAGGTACAAAGCT-1,1,35,31,11099,6639
GGCATACAGGTAGCGG-1,1,34,32,10845,6783
TGTAGTGATCTATAAT-1,1,35,33,11097,6929
TCCCGGGTGTGCTGCT-1,1,34,34,10844,7073
TACGATGTTGATCATC-1,1,35,35,11096,7220
CCTCTCTCCCATCTAG-1,1,34,36,10842,7364
GCAGGACTATAGAATA-1,1,35,37,11094,7511
CTAGTGAAGGACAGGA-1,1,34,38,10840,7655
TACGAGAACTTCACGT-1,1,35,39,11092,7802
CGTTGTTTCAATTCCC-1,1,34,40,10839,7946
GCAAATATTACGCTTT-1,1,35,41,11091,8092
CCAATAGTGCCGTCGA-1,1,34,42,10837,8236
ATTGCTGCTCCTCCAT-1,1,35,43,11089,8383
GAGATCTGCTTGGCAT-1,1,34,44,10835,8527
GCCGAAATTCCTACGT-1,1,35,45,11087,8674
GGCACTCCACTGGGCA-1,1,34,46,10834,8818
GGGTCACCGTGACGGT-1,1,35,47,11086,8965
CACTTAATCAGACGGA-1,1,34,48,10832,9108
CGTTTCGCTCATTACA-1,1,35,49,11084,9255
ATAAAGGCTCGGTCGT-1,1,34,50,10830,9399
CACTAAAGTTGCCTAT-1,1,35,51,11082,9546
GTGCTCAAGTACTGTC-1,1,34,52,10829,9690
CCATGCCTGTTTAGTA-1,1,35,53,11081,9837
TCTAGTTATCAGAAGA-1,1,34,54,10827,9981
TTGTAATCCGTACTCG-1,1,35,55,11079,10127
TCCCAGCTTTAGTCTG-1,1,34,56,10825,10271
CTACGCACGGAGTACC-1,1,35,57,11077,10418
AAATTAACGGGTAGCT-1,1,34,58,10824,10562
CGGCCACGCACAAAGT-1,1,35,59,11076,10709
GAAGCGTGAGGAATTT-1,1,34,60,10822,10853
ATATCTTAGGGCCTTC-1,1,35,61,11074,11000
ACGCGGGCCAAGGACA-1,1,34,62,10820,11143
GCGAGTTCTGCAAAGA-1,1,35,63,11072,11290
TATTCGTGCCAGAATA-1,1,34,64,10819,11434
AGGGCTGCAGTTACAG-1,1,35,65,11071,11581
CTAGCATAGTATAATG-1,1,34,66,10817,11725
TAGGTTCGAGTTCGTC-1,1,35,67,11069,11872
GAATTATAGTGAAAGG-1,1,34,68,10815,12016
CTATCGGGTCTCAACA-1,1,35,69,11067,12162
GCGCTAATTGAATAGA-1,1,34,70,10814,12306
ATGCGACAGTCCCATT-1,1,35,71,11066,12453
GGTAGTGCTCGCACCA-1,1,34,72,10812,12597
AAGCTCGTGCCAAGTC-1,1,35,73,11064,12744
TATTCAATTCTAATCC-1,1,34,74,10810,12888
TTCAAAGTCTCTAGCC-1,1,35,75,11062,13035
TTGAATATGGACTTTC-1,1,34,76,10809,13178
AAGAGCTCTTTATCGG-1,1,35,77,11061,13325
TTACTCCGGCCGGGAA-1,1,34,78,10807,13469
AAACGAGACGGTTGAT-1,1,35,79,11059,13616
GCTAAGTAGTTTCTCT-1,1,34,80,10805,13760
ATAACGCCGGAGGGTC-1,1,35,81,11057,13907
GGATCCGGAATATACT-1,1,34,82,10804,14051
TGAAAGGACCTGACTC-1,1,35,83,11056,14197
TCCGCGGCAGCATCTG-1,1,34,84,10802,14341
TGCATATGTCTGTCAC-1,1,35,85,11054,14488
TGTAGGAGAAATTTCC-1,1,34,86,10800,14632
AGTGAGACTTCCAGTA-1,0,35,87,11052,14779
CCCAAACATGCTGCTC-1,1,34,88,10799,14923
GCTTATGAAGCAGGAA-1,0,35,89,11051,15070
TTCTAACCGAAGCTTA-1,0,34,90,10797,15213
GGATGTCCTTACCGCA-1,0,35,91,11049,15360
AGGGTGCTCTCGAGGG-1,1,34,92,10795,15504
AACTCTCAATAGAGCG-1,1,35,93,11047,15651
TCTGAATTCCGTACAA-1,1,34,94,10794,15795
GCGTGGTACTGGGTTA-1,1,35,95,11046,15942
CGTCGGATAGTGTTGA-1,1,34,96,10792,16086
ATATGTCTCCCTAGCC-1,1,35,97,11044,16232
TCTTTAAGACTATGAA-1,1,34,98,10790,16376
TCATTTAAGTCTCCGA-1,1,35,99,11042,16523
GATATTGAGATTGGCG-1,1,34,100,10789,16667
TGACATCGAGCGGACC-1,1,35,101,11041,16814
GCGTAAATGGCCATAA-1,1,34,102,10787,16958
ATTGTACAACTCGGCT-1,1,35,103,11039,17105
TACGCTATAGAAACCT-1,1,34,104,10785,17249
CACCCAAATCTTATGT-1,1,35,105,11037,17395
AGATGATGGAGTCTGG-1,1,34,106,10784,17539
CCACGGTGCCCGGTAG-1,1,35,107,11036,17686
TCAAGAAATACTAGCT-1,1,34,108,10782,17830
AGGTATAATTGATAGT-1,1,35,109,11034,17977
CAAGGTCCTATAGGCT-1,1,34,110,10780,18121
CCGGCACGACCGTTTC-1,1,35,111,11032,18267
ACCTCCGTTATTCACC-1,1,34,112,10779,18411
GCAGCCTATATCACAT-1,1,35,113,11031,18558
GGTATAGTGACACATA-1,1,34,114,10777,18702
AAATTCCAGGTCCAAA-1,1,35,115,11029,18849
TCTTTAGCAGGCGAAC-1,0,34,116,10775,18993
TATTGACATTTCTGCC-1,0,35,117,11027,19140
TCTGATCGGGTGCTAG-1,0,34,118,10774,19284
GGCCCGGAGCATGTCT-1,0,35,119,11026,19430
GGGCGCAGCGTTACTC-1,0,34,120,10772,19574
TTGGCGATCCGAATAT-1,0,35,121,11024,19721
CCACGTAAATTAGACT-1,0,34,122,10770,19865
TCTGATTGGAAATGGA-1,0,35,123,11022,20012
ATGGCGGAATAGTCGC-1,0,34,124,10769,20156
ATCGCTTTACGTCTCA-1,0,35,125,11021,20302
TACGTGCAAGGTTCCT-1,0,34,126,10767,20446
CAGGACAGCTGCCCTT-1,0,35,127,11019,20593
CAAACCAGGTCTGCAT-1,0,36,0,11378,2134
ACAAGCTATATGGAAG-1,0,37,1,11630,2281
TCGCCCACTGCGAGAG-1,0,36,2,11376,2425
AGCCGCAAATTCAAAT-1,0,37,3,11628,2572
TTAACGTTAAAGCCTG-1,0,36,4,11375,2716
CAGCGCCAACACGATA-1,0,37,5,11627,2862
ATCCAATGGTACCGAA-1,0,36,6,11373,3006
GTGCTGCAGATAAGGA-1,0,37,7,11625,3153
GGCCTTTGCAACTGGC-1,0,36,8,11371,3297
GTCGTACCTACGATTG-1,1,37,9,11623,3444
TAGAAATTCACGTATA-1,1,36,10,11370,3588
AGAATAAATCTTCAGG-1,1,37,11,11622,3734
CATTGCGAAATGGGCG-1,1,36,12,11368,3878
GTCTACTCAATTACAA-1,1,37,13,11620,4025
TGTAATGACCACAATA-1,1,36,14,11366,4169
AAAGTCGACCCTCAGT-1,1,37,15,11618,4316
TACTCGGCACGCCGGG-1,1,36,16,11365,4460
AGGTGTATCGCCATGA-1,1,37,17,11617,4607
TGTGCTTTACGTAAGA-1,1,36,18,11363,4751
AAACCTCATGAAGTTG-1,1,37,19,11615,4897
TATAGGGTACTCATGA-1,1,36,20,11361,5041
CCAGCTGATGGTACTT-1,1,37,21,11613,5188
AATATTGGAGTATTGA-1,1,36,22,11360,5332
GGCCCTCACCCACTTA-1,1,37,23,11612,5479
AACCAAGACTTCTCTG-1,1,36,24,11358,5623
TCGTATTACCCATTGC-1,1,37,25,11610,5770
ATTCGACGCCGGGCCT-1,1,36,26,11356,5913
GGCGCAGGACATCTTC-1,1,37,27,11608,6060
GTACTCCCTTATCGCT-1,1,36,28,11355,6204
TGGTCTGTTGGGCGTA-1,1,37,29,11607,6351
AATAACAACGCTCGGC-1,1,36,30,11353,6495
CATACCCGTACCCAGT-1,1,37,31,11605,6642
ACAATCCATTTAAACC-1,1,36,32,11351,6786
GTTACAATTGGTGACG-1,1,37,33,11603,6932
TTGCCCTGATCACGGG-1,1,36,34,11350,7076
CTAACCGCGCGCCCGT-1,1,37,35,11602,7223
CTAAAGAATGCCTACT-1,1,36,36,11348,7367
ACCCATCTTGAGGGTA-1,1,37,37,11600,7514
GATCTTTGCAGGGTAT-1,1,36,38,11346,7658
GGGTACTTCATGAACT-1,1,37,39,11598,7805
GCCGCTTGTGAGAAAC-1,1,36,40,11345,7948
CCTGTAAGACATGATA-1,1,37,41,11597,8095
CGACAGTTCGCGTTAT-1,1,36,42,11343,8239
ACGATGCATATGTTAT-1,1,37,43,11595,8386
TGTTCCGCTTCCATGA-1,1,36,44,11341,8530
GGATGACGCGAGTTTA-1,1,37,45,11593,8677
GAAGTTTCCACTCAAT-1,1,36,46,11340,8821
GCGAGGCCCGAGCAGA-1,1,37,47,11592,8967
CATACTATGTAATTGT-1,1,36,48,11338,9111
CCAATGTCACAGCAAG-1,1,37,49,11590,9258
GTTGGATTTGCGTTGG-1,1,36,50,11336,9402
GGGAGGATGCCCGAAA-1,1,37,51,11588,9549
GATCGCGGGCTCTCCA-1,1,36,52,11334,9693
GTTCGCCATAAGTGCC-1,1,37,53,11587,9840
AGATTATAGGACGTTT-1,1,36,54,11333,9983
TCGAGACCAACACCGT-1,1,37,55,11585,10130
TATGGGACCGAGCAGG-1,1,36,56,11331,10274
GATGCGTCCTGCATTC-1,1,37,57,11583,10421
TATGGTCTGAGTAACA-1,1,36,58,11329,10565
GCATAGAGCACTCAGG-1,1,37,59,11582,10712
CTTCATTGTCAGTGGA-1,1,36,60,11328,10856
GCAGATTAGGGATATC-1,1,37,61,11580,11002
CCTGTCGCCCGTAAAT-1,1,36,62,11326,11146
CAATTTCGTATAAGGG-1,1,37,63,11578,11293
GTACACTTACCTGAAG-1,1,36,64,11324,11437
CCAGCCTGGACCAATA-1,1,37,65,11577,11584
ATGGAGCAGGCCGTGA-1,1,36,66,11323,11728
GTCATTAGAGCGAACG-1,1,37,67,11575,11875
AAGACTGCAAGCTACT-1,1,36,68,11321,12018
CTAGTCACGTCTTAAG-1,1,37,69,11573,12165
ACTCTTGTATAGTAAC-1,1,36,70,11319,12309
ATTAGGCGATGCTTTC-1,1,37,71,11572,12456
TTCGGGACTAATCGCG-1,1,36,72,11318,12600
TGGACTGTTCGCTCAA-1,1,37,73,11570,12747
AACGTGCGAAAGTCTC-1,1,36,74,11316,12891
CCACCCAAGGAAAGTG-1,1,37,75,11568,13037
CCGCACAAAGACCAAC-1,1,36,76,11314,13181
GCGATTGTTAACGTTA-1,1,37,77,11567,13328
ACTCGTCAGTAATCCC-1,1,36,78,11313,13472
GGTGATAAGGAGCAGT-1,1,37,79,11565,13619
AAGAGGCATGGATCGC-1,1,36,80,11311,13763
CACGTTCGTGCTCTAG-1,1,37,81,11563,13910
CTATTTGGTTACGGAT-1,1,36,82,11309,14054
GTACAGAGGCAAGGGT-1,1,37,83,11562,14200
GGGCCGGCCGAAGTAC-1,1,36,84,11308,14344
CCTGAACGATATATTC-1,1,37,85,11560,14491
CCGGGCTGCTCCATAC-1,1,36,86,11306,14635
TACTTGTTAGTAGTCC-1,1,37,87,11558,14782
CCTAGGCGTAGCGATC-1,1,36,88,11304,14926
CTGGCGCACAGGTCTG-1,1,37,89,11557,15072
ACTTATACTTACCCGG-1,1,36,90,11303,15216
GAAGTCTCCCTAGCGA-1,1,37,91,11555,15363
ACCGATGGTAGCATCG-1,1,36,92,11301,15507
CGAGTTTATCGGACTG-1,1,37,93,11553,15654
CATAACGGACAGTCGT-1,1,36,94,11299,15798
TGACGATGCACTAGAA-1,1,37,95,11552,15945
TAGGGAGCTTGGGATG-1,1,36,96,11298,16089
AGGGTCGATGCGAACT-1,1,37,97,11550,16235
TATATCCCTGGGAGGA-1,1,36,98,11296,16379
CATCTTACACCACCTC-1,0,37,99,11548,16526
GTGCGACAGGGAGTGT-1,1,36,100,11294,16670
CCGATCTCAACCTTAT-1,1,37,101,11547,16817
ACGATCATCTTGTAAA-1,1,36,102,11293,16961
GAAAGAACAGCGTTAT-1,1,37,103,11545,17108
CTAGGTCTGAAGGAAT-1,1,36,104,11291,17251
ATATCAACCTACAGAG-1,1,37,105,11543,17398
AAATAGCTTAGACTTT-1,1,36,106,11289,17542
GCGACATGTAAACATC-1,1,37,107,11542,17689
ATAAGTAGGGCGACTC-1,1,36,108,11288,17833
GCGAGCGCATGCTCCC-1,1,37,109,11540,17980
AGGGACCGGCTGCGTT-1,1,36,110,11286,18124
CCTATGAAGTGGTGCC-1,1,37,111,11538,18270
GCTTACGTAGTTAGTA-1,1,36,112,11284,18414
CATACTTAGGCAATAC-1,1,37,113,11537,18561
CCTGTCCCTCACGTTA-1,1,36,114,11283,18705
CAATGTGCCAACCCTT-1,1,37,115,11535,18852
GTTAAGTTAGAGTGGG-1,1,36,116,11281,18996
CTGGGATACGCTACCC-1,1,37,117,11533,19143
AACCTGTCACGGAATT-1,1,36,118,11279,19286
ACTGCGGACACACCGT-1,1,37,119,11531,19433
CCGTGAGGCATTCATG-1,0,36,120,11278,19577
GCCCAGATGCTGGAGA-1,0,37,121,11530,19724
TCTGGCCGTTCAAGTT-1,0,36,122,11276,19868
ATACGAAGGCTTTCCA-1,0,37,123,11528,20015
GATCCGAATATAAGTG-1,0,36,124,11274,20159
GTGGAGCATGTCGGCC-1,0,37,125,11526,20305
ACTCTTCAGCTCCCGC-1,0,36,126,11273,20449
CCCGATAGCCTCGCCT-1,0,37,127,11525,20596
ACAGGTGTGTTGTTGC-1,0,38,0,11884,2137
TGAACTGCTATGACTT-1,0,39,1,12136,2284
TGACATATATGACGAT-1,0,38,2,11882,2428
AAGTCTTCTGTGGCCT-1,0,39,3,12134,2575
ACCAGACCATAACAAC-1,0,38,4,11880,2718
TGAGACGTACCTCTCA-1,0,39,5,12133,2865
GACCGTTACATGCGAC-1,0,38,6,11879,3009
GGTTCGGATTATACTA-1,0,39,7,12131,3156
CCTCCTGAGCCCACAT-1,0,38,8,11877,3300
CCGCGATTTGGTAGGT-1,1,39,9,12129,3447
AATCTCTACTGTGGTT-1,1,38,10,11875,3591
ACTTTGACTGCATCCT-1,1,39,11,12127,3737
CCCTGACTAACAAATT-1,1,38,12,11874,3881
ACGCTGTGAGGCGTAG-1,1,39,13,12126,4028
GCATACGAGGTCTTTA-1,1,38,14,11872,4172
TCGGGATTCAAACATA-1,1,39,15,12124,4319
GGGCCCTACGAAAGGG-1,1,38,16,11870,4463
CGCCAAGAAGCCGAGT-1,0,39,17,12122,4610
GGTACATCTGGGACGA-1,0,38,18,11869,4753
GGATGCTGGCGTTCCT-1,0,39,19,12121,4900
CCGATTCGAGGGACCC-1,0,38,20,11867,5044
CCACTGGTGGCTGGTT-1,0,39,21,12119,5191
GACAGGCACACACTAT-1,1,38,22,11865,5335
TCAACGCGACCGGCAG-1,1,39,23,12117,5482
CTACGACTAGCTATAA-1,1,38,24,11864,5626
CGGTTGACCTGGCATA-1,1,39,25,12116,5772
ATCCTGAATCGCTGCG-1,1,38,26,11862,5916
GTTTCATATCGTCGCT-1,1,39,27,12114,6063
ATAAATATTAGCAGCT-1,1,38,28,11860,6207
AAGAGGATGTACGCGA-1,1,39,29,12112,6354
TCCTGCGTTGATACTC-1,1,38,30,11859,6498
CGTGCATTGTCGACGC-1,1,39,31,12111,6645
CCGGGTTCGAGGTTAC-1,1,38,32,11857,6788
CCCAATTTCACAACTT-1,1,39,33,12109,6935
TGATTTATTAGCTGTG-1,1,38,34,11855,7079
TGGAAGAAGGGAACGT-1,1,39,35,12107,7226
GACGCTTGCTTCTAAA-1,1,38,36,11854,7370
GGGAACGGGAGGTTAG-1,1,39,37,12106,7517
GCGGCTCTGACGTACC-1,1,38,38,11852,7661
ACGTTAGATTTGCCCG-1,1,39,39,12104,7807
GAGAGGGCGCGAGGTT-1,1,38,40,11850,7951
GCGTCTCTGCATTGGG-1,1,39,41,12102,8098
GCAGCACACAGCCCAG-1,1,38,42,11849,8242
CAGGCCGTTTGGGTGT-1,1,39,43,12101,8389
AACTCAAGTTAATTGC-1,1,38,44,11847,8533
CTTCGTAGATAGGTGA-1,1,39,45,12099,8680
TGCAGAGTACCGAGCA-1,1,38,46,11845,8824
GAAGTGATTTATCGTG-1,1,39,47,12097,8970
CGCTACGGGACATTTA-1,1,38,48,11844,9114
CCACACTGAGATATTA-1,1,39,49,12096,9261
CGATCCGACCCAGTGC-1,1,38,50,11842,9405
CTGTACTTCTTAGCAT-1,1,39,51,12094,9552
ACTTATTAGGATCGGT-1,1,38,52,11840,9696
TAGTCCGCAGAGAATG-1,1,39,53,12092,9842
TTCACGAAAGGATCAC-1,1,38,54,11839,9986
TACATTTCTAACGTGC-1,1,39,55,12091,10133
ACCATATCCGCAATAA-1,1,38,56,11837,10277
CACTCAAGAGCTATGG-1,1,39,57,12089,10424
TGTACGAACAAATCCG-1,1,38,58,11835,10568
ATCATCCAATATTTGT-1,1,39,59,12087,10715
CGCTATTCTTAGGCTC-1,1,38,60,11834,10859
TGGCAGCAGTAATAGT-1,1,39,61,12086,11005
TCACGTGCCCGATTCA-1,1,38,62,11832,11149
CATACGGCGTCTGGGC-1,1,39,63,12084,11296
CACATGATTCAGCAAC-1,1,38,64,11830,11440
GCTAGTAGAGCTTGTA-1,1,39,65,12082,11587
TGCTGTTGAAGAACTC-1,1,38,66,11829,11731
CGGAGCATGGCGATCC-1,1,39,67,12081,11877
TAGCGTTGGGTCTTAC-1,1,38,68,11827,12021
GTAGCGGCTATACACT-1,1,39,69,12079,12168
TAACATACAATGTGGG-1,1,38,70,11825,12312
TCTTCGAATAGACGTT-1,1,39,71,12077,12459
GATCGTGACTGATATC-1,1,38,72,11824,12603
GATCCGGGAATTAACA-1,1,39,73,12076,12750
TTATATACGCTGTCAC-1,1,38,74,11822,12894
GTCGCGTAACCCGTTG-1,1,39,75,12074,13040
AGCTCTAGACGTTCCA-1,1,38,76,11820,13184
GTCAAGCGGACTCGGG-1,1,39,77,12072,13331
CGAGGGACTGCGGTCG-1,1,38,78,11819,13475
AATCGCCTCAGCGCCA-1,1,39,79,12071,13622
CTTGTTGCTGAGTCAA-1,1,38,80,11817,13766
GATATGAGACACTAAC-1,1,39,81,12069,13913
TTATGATCTTAACGAA-1,1,38,82,11815,14056
CGCCGCCCATGCCTGT-1,1,39,83,12067,14203
CTGGGATAAATAATGG-1,1,38,84,11814,14347
GTGCCCGTTCGGATTC-1,1,39,85,12066,14494
TTCAATACTCTGAATC-1,1,38,86,11812,14638
CGCACATGTCCACTAC-1,1,39,87,12064,14785
AGAAGAGCGCCGTTCC-1,1,38,88,11810,14929
GATAACTCGCACTGTG-1,1,39,89,12062,15075
AGTCGACGGTCTCAAG-1,1,38,90,11809,15219
GTGACCGCACACTACG-1,1,39,91,12061,15366
GTATGTGGGTCTAGTT-1,1,38,92,11807,15510
CTTGAGTTAGGGTAAT-1,1,39,93,12059,15657
TTAGCTGATTTGCCGT-1,1,38,94,11805,15801
GCTGTTGCTACCGAAC-1,0,39,95,12057,15948
TATTACCATCCTGCTT-1,0,38,96,11804,16091
TTGAATTCACGTGAGG-1,0,39,97,12056,16238
CCATCTCACCAGTGAA-1,0,38,98,11802,16382
CGCACGTGCGCTATCA-1,1,39,99,12054,16529
ACCCGGATGACGCATC-1,0,38,100,11800,16673
CGCTAGAGACCGCTGC-1,1,39,101,12052,16820
ATAGTTCCACCCACTC-1,1,38,102,11799,16964
GCAGACCCAGCACGTA-1,1,39,103,12051,17110
TAGACTACCTAGCGTT-1,1,38,104,11797,17254
GGTTCTACTCGTCTGA-1,1,39,105,12049,17401
GACTCACCCACGTGAG-1,1,38,106,11795,17545
AGCTCTTCGTAACCTT-1,1,39,107,12047,17692
ACTATCCAGGGCATGG-1,1,38,108,11794,17836
AAGGATCGATCGCTTG-1,1,39,109,12046,17983
ATATCGGTAGGGAGAT-1,1,38,110,11792,18126
TTCCAGACGAGATTTA-1,1,39,111,12044,18273
GACCGACGTGAAAGCA-1,1,38,112,11790,18417
CCTGGAAACGTTCTGC-1,1,39,113,12042,18564
CCGGTAATGGCTAGTC-1,1,38,114,11789,18708
GCCGTGGAAGAAATGT-1,1,39,115,12041,18855
GTCTTGAGGAGCAGTG-1,1,38,116,11787,18999
TCCCAAAGCCCTAAAT-1,1,39,117,12039,19145
TTGAGCGCCACGTGAT-1,1,38,118,11785,19289
TTGAGTCCCGCTGCTG-1,1,39,119,12037,19436
ATGGAACCTTTGCACA-1,0,38,120,11784,19580
GCTAGCACCTGGGCCA-1,0,39,121,12036,19727
CGCCGTCTACCCATCG-1,0,38,122,11782,19871
GATAGGTGTCCCGGGC-1,0,39,123,12034,20018
AGGTATGCGGACATTA-1,0,38,124,11780,20161
TTGGTTCGCTCAAAGG-1,0,39,125,12032,20308
TCTGGAGCGTAAGAGT-1,0,38,126,11779,20452
TGCCTAAATTTAATAG-1,0,39,127,12031,20599
TAATTTCCGTCCAGTA-1,0,40,0,12390,2140
TCCTTCAATCCCTACG-1,0,41,1,12642,2287
TACCTATCCCTAGAGG-1,0,40,2,12388,2431
GCATGGGTACTGACGC-1,0,41,3,12640,2577
GTCGGGAACATGGTAG-1,0,40,4,12386,2721
GCAAATGAGGACACTT-1,0,41,5,12638,2868
GAATGGGCTTATCGAC-1,0,40,6,12385,3012
TGGTCGTGCAAGGCAA-1,0,41,7,12637,3159
CACCACGCCACACAGA-1,1,40,8,12383,3303
GAACCTCGACCTACAC-1,1,41,9,12635,3450
CAATACGCTCTGAGGC-1,1,40,10,12381,3593
TGGTAAGCAGGATTGA-1,1,41,11,12633,3740
AGTGGCTCCGTCGGCC-1,1,40,12,12380,3884
GATCGGATAGAACCAT-1,1,41,13,12632,4031
GCTACAGTACGGACCG-1,1,40,14,12378,4175
TCTATTACTAGAGGAT-1,0,41,15,12630,4322
TTCAGGCGTCAAAGCC-1,0,40,16,12376,4466
AGACCGGGAAACCCTG-1,0,41,17,12628,4612
AGAGATCTCTAAAGCG-1,0,40,18,12375,4756
CCCTGCCCAATCCGCT-1,0,41,19,12627,4903
GTGGCGGTCCCAGCGT-1,0,40,20,12373,5047
GCATTGTAATTCATAT-1,0,41,21,12625,5194
CCGTTCCGAATCTCGG-1,0,40,22,12371,5338
AGCTTGATCTTAACTT-1,0,41,23,12623,5485
CCTGTACTCACGCCCA-1,1,40,24,12370,5629
AAGTGACGACCGAATT-1,1,41,25,12622,5775
CTCACTTGGCTGGTAA-1,1,40,26,12368,5919
CGCCTGGCCTACGTAA-1,1,41,27,12620,6066
CCCGTAAGTCTAGGCC-1,1,40,28,12366,6210
TTGGACATGTGGCTTA-1,1,41,29,12618,6357
ATTACGCGCTGGCAGG-1,1,40,30,12365,6501
ACGCGCTACACAGGGT-1,1,41,31,12617,6647
TACGTTTACCGGCAAT-1,1,40,32,12363,6791
CGAAACGCAATTCATG-1,1,41,33,12615,6938
TAGTCTAACAACGAGA-1,1,40,34,12361,7082
TTGCATGCTGATCACG-1,1,41,35,12613,7229
TCTGGGTAGCGCTCAT-1,1,40,36,12360,7373
ACATCGGTCAGCCGCG-1,1,41,37,12612,7520
AGATACCGGTGTTCAC-1,1,40,38,12358,7664
GATTACTGAATTTGGG-1,1,41,39,12610,7810
TCCAACTTTAAATTCT-1,1,40,40,12356,7954
TCCTAGCAAAGAAGCT-1,1,41,41,12608,8101
GTCTATCTGAGTTTCT-1,1,40,42,12355,8245
GATGTTCAATCCACGA-1,1,41,43,12607,8392
AGTTAAACACTTGCGA-1,1,40,44,12353,8536
AGCTCTTTACTCAGTT-1,1,41,45,12605,8682
ATCCAGGATTCGTGAA-1,1,40,46,12351,8826
AGTCAACACCACCATC-1,1,41,47,12603,8973
CGATACCTCGCGGACA-1,1,40,48,12350,9117
TACAACGCACAACTCA-1,1,41,49,12602,9264
AATTAAAGGTCGGCGT-1,1,40,50,12348,9408
TACGCAGTTCTTTCCT-1,1,41,51,12600,9555
GACCGTGCTGACGGTG-1,1,40,52,12346,9699
GGCAAATTACTTTACT-1,1,41,53,12598,9845
GGTACAAACATGCTAT-1,1,40,54,12345,9989
CGGGCCTTCTTTGTAA-1,1,41,55,12597,10136
CGTGAAGTTAATTCAC-1,1,40,56,12343,10280
ATAGTGAAGCGTTCTC-1,1,41,57,12595,10427
TACGCCATATTCTAAT-1,1,40,58,12341,10571
GCCGGGTTAGGGTCGC-1,1,41,59,12593,10718
TACATAGGCATACACC-1,1,40,60,12340,10861
GCCGATTGGCCAAGCT-1,1,41,61,12592,11008
CTGCCATGCATCACAT-1,1,40,62,12338,11152
TTATGAATGAAAGGGA-1,1,41,63,12590,11299
GCTGAGGCGTGAGTAT-1,1,40,64,12336,11443
GCGCCGTTCCACGATA-1,1,41,65,12588,11590
CGCATGGTGCGATGCT-1,1,40,66,12335,11734
AGGTTTCACACACCTT-1,1,41,67,12587,11880
CAAGGATCGCATGTTC-1,1,40,68,12333,12024
ACGTTAATGTCGAAGA-1,1,41,69,12585,12171
TCCAGAGCACCGGTTC-1,1,40,70,12331,12315
GATTCGACGGTTCACG-1,1,41,71,12583,12462
GTTTCTGCAGTCTCCC-1,1,40,72,12330,12606
GCTGCACGGTTTCTTA-1,1,41,73,12582,12753
CGTGCAGACTGGGACA-1,1,40,74,12328,12896
GTGTTACTATGCGTCC-1,1,41,75,12580,13043
TCCTCGGGCTGGGCTT-1,1,40,76,12326,13187
GTGAGGACACTTAAGG-1,1,41,77,12578,13334
ATACGCCGGCGAAACC-1,1,40,78,12324,13478
TCTGCCAGAAACTGCA-1,1,41,79,12577,13625
TTCTGCGGGTTAGCGG-1,1,40,80,12323,13769
CTCGGTACCACTGCTC-1,1,41,81,12575,13915
GTAAGTAACAGTCTGG-1,1,40,82,12321,14059
GTGCGTGTATATGAGC-1,1,41,83,12573,14206
ATTTGTCTTGGGAGCT-1,1,40,84,12319,14350
CCTCGGACCGGGATAG-1,1,41,85,12572,14497
TAGGTGCTCGCCTAGC-1,1,40,86,12318,14641
CTTTAGGAACACTGTT-1,1,41,87,12570,14788
TCGGGCCGTCGTGGTA-1,1,40,88,12316,14931
AGTGCTTGCACGAATA-1,1,41,89,12568,15078
TGCAGTTTCCTCCCAT-1,1,40,90,12314,15222
TGAGAGATTTACCACG-1,1,41,91,12567,15369
GAAACAGATGACCACC-1,1,40,92,12313,15513
AGCAACATATCTTATT-1,1,41,93,12565,15660
CAAGTGTGGTTGCAAA-1,0,40,94,12311,15804
GCCTCATCTGGAAATA-1,0,41,95,12563,15950
AACCCTACTGTCAATA-1,0,40,96,12309,16094
ACGTATTACTCCGATC-1,0,41,97,12562,16241
TCTGGGAACCTTTGAA-1,0,40,98,12308,16385
GCTCGCTCATGTCCAA-1,1,41,99,12560,16532
GCGCAAGAGCGCGCTG-1,1,40,100,12306,16676
TTGACGCTCCATGAGC-1,1,41,101,12558,16823
TATAGATGGTCGCAGT-1,1,40,102,12304,16967
TTACATGCCACAACTA-1,1,41,103,12557,17113
ACATGGCGCCAAAGTA-1,1,40,104,12303,17257
TATGGTTAGTGGGAGA-1,1,41,105,12555,17404
CATGACTTCGCTGAAT-1,1,40,106,12301,17548
ACCACCAATGTAACAA-1,1,41,107,12553,17695
TCTTAGAGCTCCAATT-1,1,40,108,12299,17839
CCACGAATTTAACCTC-1,1,41,109,12552,17985
TTCTTGCTAGCATCTC-1,1,40,110,12298,18129
ACACCTTACTACTTGC-1,1,41,111,12550,18276
AGTCGGTTGCGTGAGA-1,1,40,112,12296,18420
ACCTACAGTATGTGGT-1,1,41,113,12548,18567
GAGGATAAACAGTGCT-1,1,40,114,12294,18711
TTCCGGTATCTGTGTC-1,1,41,115,12547,18858
GGAGGCCGAAGTCGTC-1,1,40,116,12293,19002
TTCGCTAGGAAGTTGT-1,1,41,117,12545,19148
TAAAGACAACCCTTTA-1,1,40,118,12291,19292
GTTGCGCTAACATTAC-1,1,41,119,12543,19439
GCTGAACTCTCCAGGG-1,0,40,120,12289,19583
AGCCCTGTCGCACCGT-1,0,41,121,12542,19730
AGCGCTAGAGCGATGT-1,0,40,122,12288,19874
TGCGCCGTTAATAACG-1,0,41,123,12540,20020
TGACAACGCATGTCGC-1,0,40,124,12286,20164
CGTCTTGAGTGTGACG-1,0,41,125,12538,20311
GATAGGATTAATTACA-1,0,40,126,12284,20455
GATACCGTGTCGGAGT-1,0,41,127,12537,20602
TGTGTCGAAGTCGAGG-1,0,42,0,12895,2143
GGATCAGAGCCATCAG-1,0,43,1,13148,2290
GTCCCAATCATCCCGC-1,0,42,2,12894,2434
TGCCACACTAGAGGAA-1,0,43,3,13146,2580
TGAATTTCACTTGCCT-1,0,42,4,12892,2724
CTCAGATTGTGATAAG-1,0,43,5,13144,2871
CGGACGTTACTTGAAG-1,0,42,6,12890,3015
CCGCCTTGCGATGTCG-1,0,43,7,13143,3162
CCAGTCAAATCTCTTA-1,1,42,8,12889,3306
AAACAGCTTTCAGAAG-1,1,43,9,13141,3452
TAGCTGATGTGAAGCG-1,1,42,10,12887,3596
CTTATGCGCTCAGGGC-1,1,43,11,13139,3743
TGGCTCTTGTCGCGTA-1,1,42,12,12885,3887
TTGTGAGGCATGACGC-1,0,43,13,13138,4034
CATAAGCTCTCCGTCT-1,0,42,14,12884,4178
CCTTCTCAGCGTTCCT-1,0,43,15,13136,4325
TGCAGCTACGTACTTC-1,0,42,16,12882,4469
CTCTACACTGGCGATT-1,0,43,17,13134,4615
TGCAGATCGTCCTAGG-1,0,42,18,12880,4759
TGCCAAAGTCAGACTT-1,0,43,19,13133,4906
ACAATAGTCGTACGTT-1,0,42,20,12879,5050
CATGCCAACTCGCAAA-1,0,43,21,13131,5197
TGCAGAACTATATCGT-1,0,42,22,12877,5341
TCGTGTCACGCTGACA-1,0,43,23,13129,5488
TGATCAGGGAACTGCT-1,0,42,24,12875,5631
CTTGCAACCGCCTCCT-1,0,43,25,13128,5778
AGCCCATACATGTAAG-1,1,42,26,12874,5922
ATCCAATGGAGGGTCC-1,1,43,27,13126,6069
AAACCGGGTAGGTACC-1,1,42,28,12872,6213
GCAACCACGGCCGCGT-1,1,43,29,13124,6360
CGCTTATTCCCGGTCG-1,1,42,30,12870,6504
TTACTCTGGTACGTAC-1,1,43,31,13122,6650
GTGGTTTCCGCCTTTC-1,1,42,32,12869,6794
ATAGGCGGCTATAGAA-1,1,43,33,13121,6941
GTGCCATCACACGGTG-1,1,42,34,12867,7085
CCCAACATACGTCGCG-1,1,43,35,13119,7232
CGGTGCAGATAGAACG-1,1,42,36,12865,7376
GGGCGGGTTCCCTACG-1,1,43,37,13117,7523
TGAGCCATACAGTCTC-1,1,42,38,12864,7666
CTCCGCCCACATGAGG-1,1,43,39,13116,7813
GTTGAACCGGTTCCAT-1,1,42,40,12862,7957
TTGACTACCATATGGT-1,1,43,41,13114,8104
ACCATCGTATATGGTA-1,1,42,42,12860,8248
TGCGTAAGAACCTGAT-1,1,43,43,13112,8395
AGAAGGTTGCCGAATT-1,1,42,44,12859,8539
AGGACGACCCATTAGA-1,1,43,45,13111,8685
GGTGCTGGTACACATT-1,1,42,46,12857,8829
GCGCTATGCCGAGGCA-1,1,43,47,13109,8976
ACCCGGTTACACTTCC-1,1,42,48,12855,9120
TAACTCATCCGCGCGG-1,1,43,49,13107,9267
CACAATGAGCTGCTAT-1,1,42,50,12854,9411
GTTACTTTGGGCCTAG-1,1,43,51,13106,9558
GGGCCCGTCTTAAACA-1,1,42,52,12852,9701
GAAATTGTCTCTATAA-1,1,43,53,13104,9848
GGCGCATGAATTGATG-1,1,42,54,12850,9992
CATATAGGTACAGTCA-1,1,43,55,13102,10139
TCAACGAGGAGACAAA-1,1,42,56,12849,10283
TTGCACAATTCAGAAA-1,1,43,57,13101,10430
CATCGGACGGGTTAAT-1,1,42,58,12847,10574
ATTAAACATGCGGACC-1,1,43,59,13099,10720
TATCTACCACAGCGGG-1,1,42,60,12845,10864
CGAGACCCTAGAGTGT-1,1,43,61,13097,11011
ACATCGATCGTTTACC-1,1,42,62,12844,11155
ATCGACCCAATACAGA-1,1,43,63,13096,11302
GAATCTGAACATTCTC-1,1,42,64,12842,11446
AGTTCCTATTTATGTT-1,1,43,65,13094,11593
CAGTCTGTATACTGGG-1,1,42,66,12840,11736
GGAGACGACACCTTTG-1,1,43,67,13092,11883
CCTAAATTAACGGTTC-1,1,42,68,12839,12027
GCTACGACTTATTGGG-1,1,43,69,13091,12174
CTGTGCAGGGTAGGTC-1,1,42,70,12837,12318
ACGCCGCTAGACGACC-1,1,43,71,13089,12465
ACTTGACTCCCTCTTT-1,1,42,72,12835,12609
CGCCTCCCTCCTCTAT-1,1,43,73,13087,12755
CTAGATTTACGACGGC-1,1,42,74,12834,12899
GATGCTGTATTTCATC-1,1,43,75,13086,13046
TGCGTTTGTTGACACT-1,1,42,76,12832,13190
CGTGCCCTCCCGAAGA-1,1,43,77,13084,13337
ACTCTCTGACTTAGGT-1,1,42,78,12830,13481
CTGGGTAGGCAGTTAA-1,1,43,79,13082,13628
GTTTGGCCCAAGTTAT-1,1,42,80,12829,13772
GAATGTGGTCCGGATT-1,1,43,81,13081,13918
CCCAGTTAAGGCGCCG-1,1,42,82,12827,14062
CGGTACTAGAATCAAA-1,1,43,83,13079,14209
GCTTAATGTAACTAAC-1,1,42,84,12825,14353
AGGACAGTCGAATCCC-1,1,43,85,13077,14500
GACAGCCAGACCTGAC-1,1,42,86,12824,14644
GGCGAAATCTAACTTG-1,1,43,87,13076,14790
CTGGTAACACATAGAA-1,1,42,88,12822,14934
TAGCCATTTCAAAGTC-1,1,43,89,13074,15081
GGGATTTACCGCACCT-1,1,42,90,12820,15225
ATGCCATTTGCGACCA-1,1,43,91,13072,15372
GAATAGACGCGACCCA-1,1,42,92,12819,15516
TGTATGGCGCAGACAG-1,1,43,93,13071,15663
GGATGAAGATCGCTGA-1,1,42,94,12817,15807
CGACAATTTGATCTAA-1,1,43,95,13069,15953
AAAGTTGACTCCCGTA-1,1,42,96,12815,16097
CGCGGCTCAACTTGAA-1,1,43,97,13067,16244
CACGCGGAACTGTTGC-1,1,42,98,12814,16388
TCTTAGAGTGAACTCT-1,1,43,99,13066,16535
AGTCCATTGGCTGATG-1,1,42,100,12812,16679
TTAAGATAGGATTGAC-1,1,43,101,13064,16826
ACATCCTGGTAACTGT-1,1,42,102,12810,16969
CACCTTGGCGCCTTTG-1,1,43,103,13062,17116
GCTAGACCGTCTACTG-1,1,42,104,12809,17260
CGGCCCAGGTATATCC-1,1,43,105,13061,17407
GTCCATTACTGCTACG-1,1,42,106,12807,17551
GGGTTTAGGATAGGAT-1,1,43,107,13059,17698
TAATTAGGACATCCGT-1,1,42,108,12805,17842
GCTCCCAGTCGGTCCA-1,1,43,109,13057,17988
ATTCGTGCTATCTCTT-1,1,42,110,12804,18132
GTTAACTATGTTGTCA-1,1,43,111,13056,18279
GCTCCGCTCGCTTCAG-1,1,42,112,12802,18423
GCAACGGCTAGTTATG-1,1,43,113,13054,18570
AATCGCGCAGAGGACT-1,1,42,114,12800,18714
AGGTTACACCATGCCG-1,1,43,115,13052,18861
CGAGATTTCGCTCGGG-1,1,42,116,12799,19004
CGATAATACTCAGGTT-1,1,43,117,13051,19151
AAGGCAGGCTGTCTCC-1,1,42,118,12797,19295
GTAAGTCCACACTCTA-1,1,43,119,13049,19442
ATGAGGGCAGCGGCTA-1,0,42,120,12795,19586
GCCGCACTCCGTTTCA-1,0,43,121,13047,19733
GAGCACGGCGCCTCTT-1,0,42,122,12794,19877
ACAATTTGGCCATATT-1,0,43,123,13046,20023
CTGGTTCGCGAGCTAC-1,0,42,124,12792,20167
GACGGTCCTAGGGTGT-1,0,43,125,13044,20314
ACTCGCGATCTGACGC-1,0,42,126,12790,20458
GTGTACGAACCGTTCC-1,0,43,127,13042,20605
CTTTGACGTCGCTTCT-1,0,44,0,13401,2146
CGTTATCATACTTCCA-1,0,45,1,13653,2293
GCTATGCCAGCTTATG-1,0,44,2,13400,2436
CAGTCGGCCTAGATAT-1,0,45,3,13652,2583
CCCGTGAGGGCGGTGA-1,0,44,4,13398,2727
TCTCGTGTTACGAGGA-1,0,45,5,13650,2874
ACGTCTCGTTCCGGGA-1,0,44,6,13396,3018
CGAGAGCGCGTAGATA-1,0,45,7,13648,3165
GACAGATTTCTGGCTC-1,1,44,8,13395,3309
GGGCCTAAATGGGCTA-1,1,45,9,13647,3455
ACTTGTAGTCCCTTCA-1,1,44,10,13393,3599
CCCGAAGTTTCGCGAA-1,0,45,11,13645,3746
ACCATCCGCCAACTAG-1,0,44,12,13391,3890
TGCGAATATGGGATTT-1,0,45,13,13643,4037
TACATCCCTATCCCTG-1,0,44,14,13390,4181
GTGGGAAGACTGAATC-1,0,45,15,13642,4328
TCAACATCGACCGAGA-1,0,44,16,13388,4471
CTATGTGAGTCACGGC-1,0,45,17,13640,4618
CCGAACACTGGGCCTC-1,0,44,18,13386,4762
AAACTTGCAAACGTAT-1,0,45,19,13638,4909
AGGGCGAGCAGCTGAT-1,0,44,20,13385,5053
AACACGAGACGCGGCC-1,0,45,21,13637,5200
TGACGAATATTTCCCT-1,0,44,22,13383,5344
TCGGAGAGTATCGGGA-1,0,45,23,13635,5490
CAAATCTCTCACAAGG-1,0,44,24,13381,5634
AGGCCCTAGAACGCCA-1,0,45,25,13633,5781
TAGAGATCATGCAACT-1,0,44,26,13380,5925
TTGTTTCCATACAACT-1,0,45,27,13632,6072
GAGAGGTGCATTCTGG-1,0,44,28,13378,6216
GTGGACCAACCCGATT-1,0,45,29,13630,6363
CTGGGCCTGCTATATC-1,1,44,30,13376,6506
CATAGTCCACAAGAAC-1,1,45,31,13628,6653
TTGACATGAACGTGGA-1,1,44,32,13375,6797
GGTTACCACCCTCGGG-1,1,45,33,13627,6944
TACCGGTCGTTTCCAT-1,1,44,34,13373,7088
CGAGTACTAAAGAGGA-1,1,45,35,13625,7235
GCAAGAATTCCTTGGC-1,1,44,36,13371,7379
TCGCCGAAGTTGCGTC-1,1,45,37,13623,7525
TTGAGAGTACTGCTAA-1,1,44,38,13370,7669
GCCACAATTTAAGGAC-1,1,45,39,13622,7816
ATATTCAGTTAAACCT-1,1,44,40,13368,7960
TGAGTGCCTCTTAAAT-1,1,45,41,13620,8107
ATCAGACGGCACGCCG-1,1,44,42,13366,8251
GTGCGAAATCGAACAC-1,1,45,43,13618,8398
GTGCCGCTTCAAAGGT-1,1,44,44,13365,8541
GATACGATGGGAGTCA-1,1,45,45,13617,8688
GACACTGAGTTCAGTG-1,1,44,46,13363,8832
ATCCTGCGTGGAATGG-1,1,45,47,13615,8979
ATCCTACCTAAGCTCT-1,1,44,48,13361,9123
AGTGATATGAGTAGTT-1,1,45,49,13613,9270
ATGATGCAATGGTACA-1,1,44,50,13360,9414
GAAACCGAATTACCTT-1,1,45,51,13612,9560
AGTGACCTACTTTACG-1,1,44,52,13358,9704
CAAATGTCCTTCCGTG-1,1,45,53,13610,9851
TTACTGGGATATTTCA-1,1,44,54,13356,9995
CTTGCCCAGGCTCTAC-1,1,45,55,13608,10142
AAATCGTGTACCACAA-1,1,44,56,13355,10286
GTGATCATAGATCTGC-1,1,45,57,13607,10433
TGGCAGATTACGATCA-1,1,44,58,13353,10577
TCACCCTCTTAAGATT-1,1,45,59,13605,10723
CAGGATATATCGTTGT-1,1,44,60,13351,10867
CCTGACCACCGATGGT-1,1,45,61,13603,11014
CTAAAGGGAAATAGGA-1,1,44,62,13350,11158
CCGCTATCAGCACCAG-1,1,45,63,13602,11305
CTTTAGTGCTATTATT-1,1,44,64,13348,11449
CGGGAATTTATGTAAA-1,1,45,65,13600,11595
TACGACTGCCTCTTAG-1,1,44,66,13346,11739
AAACTGCTGGCTCCAA-1,1,45,67,13598,11886
GTACGTTTGCCCGTCA-1,1,44,68,13345,12030
GGCAAGGCGAAATAGC-1,1,45,69,13597,12177
GATCTTGGAGGGCATA-1,1,44,70,13343,12321
AGCGTGGTATTCTACT-1,1,45,71,13595,12468
CTAAGGGAATGATTGG-1,1,44,72,13341,12612
CATGGTAAGTAGCGTT-1,1,45,73,13593,12758
CGTTGAGCGACCGTCG-1,1,44,74,13340,12902
TGCCCGTACCGTTAAA-1,1,45,75,13592,13049
ACAAGGGCAGGCTCTG-1,1,44,76,13338,13193
GAGATCTTCCATGACA-1,1,45,77,13590,13340
AATGACGTAGGATGTC-1,1,44,78,13336,13484
GTGGTGGCCAAGTGAA-1,1,45,79,13588,13631
TCCCGTGTGCAATTTG-1,1,44,80,13335,13774
ACATCGTATGCAATGG-1,1,45,81,13587,13921
GCGAAACTTAACTGGA-1,1,44,82,13333,14065
AATTGAACGCTCTGGT-1,1,45,83,13585,14212
ACAAATGGTAGTGTTT-1,1,44,84,13331,14356
ATGGTCGCGTGGTTTC-1,1,45,85,13583,14503
TGTTATTGTATGTGGC-1,1,44,86,13330,14647
TTCCGGTTACCCACTT-1,1,45,87,13582,14793
GAGTGTGCGGTACCCA-1,1,44,88,13328,14937
CAAGATATTATAACGT-1,1,45,89,13580,15084
ACACACCAGGACCAGT-1,1,44,90,13326,15228
ATGGGCCTCGGCCTCT-1,1,45,91,13578,15375
AAGGTGATAAACCAGC-1,1,44,92,13325,15519
TCTTACTTATGCCTCT-1,1,45,93,13577,15666
AAAGTGTGATTTATCT-1,1,44,94,13323,15809
TGCTCCACAGTTCTTA-1,1,45,95,13575,15956
CTGGCTGATTCATCCT-1,1,44,96,13321,16100
TAAGGCTGAATCCCTC-1,1,45,97,13573,16247
TCTAGTGATATCGTGG-1,1,44,98,13319,16391
TCGAAGAACCGAGCAC-1,1,45,99,13572,16538
GACAAACATATGCAGG-1,1,44,100,13318,16682
AAGTCAATTGTCGTCA-1,1,45,101,13570,16828
AGTGAACAAACTTCTC-1,1,44,102,13316,16972
CATGATGGAAGTTAGC-1,1,45,103,13568,17119
AAGTGCCTTGACTGTA-1,1,44,104,13314,17263
ATCGCCAGTCAACATT-1,1,45,105,13567,17410
ACCGCGGTGGAAGTCG-1,1,44,106,13313,17554
TCTTCTATAACCCGCC-1,1,45,107,13565,17701
CACATTTCTTGTCAGA-1,1,44,108,13311,17844
TAGCGTCCCTCGATTG-1,1,45,109,13563,17991
GTTCGGATCGGGAACA-1,1,44,110,13309,18135
CAAACTCGCGACGCCG-1,1,45,111,13562,18282
GTCTTGTAGCTATTCA-1,1,44,112,13308,18426
TCTCGACGTATCGCCG-1,1,45,113,13560,18573
TTGCCAAGCAGAACCC-1,1,44,114,13306,18717
AAACCCGAACGAAATC-1,1,45,115,13558,18863
TTGAGCAGCCCACGGT-1,1,44,116,13304,19007
CGCCTTTAGCATGCTC-1,1,45,117,13557,19154
TGTGGCTCCCACCAAC-1,1,44,118,13303,19298
CCGCCGTTGAGGATAA-1,0,45,119,13555,19445
CAATACGAGAGTCTGA-1,0,44,120,13301,19589
CATCTAGTGAAGGGAA-1,0,45,121,13553,19736
GGTGGAGGTTGATACG-1,0,44,122,13299,19879
CCGCACACGAACGTGT-1,0,45,123,13552,20026
AGAACCCAGCGTGACA-1,0,44,124,13298,20170
GCGCTCGATCACCTGT-1,0,45,125,13550,20317
ATCATGGACTACCGAC-1,0,44,126,13296,20461
TACGCCGCCTCAGAAG-1,0,45,127,13548,20608
CGACCTACTAGACAAT-1,0,46,0,13907,2149
GAGTCTTGTAAAGGAC-1,0,47,1,14159,2295
AATATCCTAGCAAACT-1,0,46,2,13905,2439
CCCTAGGCAACAAGAG-1,0,47,3,14158,2586
ACAAAGAAGGTAGGCC-1,0,46,4,13904,2730
CCCTGGCTGTTCCTTC-1,0,47,5,14156,2877
TCGCCGCACCGCGTGA-1,0,46,6,13902,3021
TATAGCGCACGTTATC-1,1,47,7,14154,3168
TTATCTGACATTAGGA-1,1,46,8,13900,3311
AGTGGTGTTACCCGTG-1,1,47,9,14153,3458
GCCAAGAATACTTCTG-1,0,46,10,13899,3602
CCGGCGTGAGACTCTG-1,0,47,11,14151,3749
TTCCCGGCGCCAATAG-1,0,46,12,13897,3893
AAACAGGGTCTATATT-1,0,47,13,14149,4040
ACAGTAATACAACTTG-1,0,46,14,13895,4184
CGAACGGCCGGACAAC-1,0,47,15,14148,4330
GCAACACACTAGAACT-1,0,46,16,13894,4474
ACTCCCATTCCTAAAG-1,0,47,17,14146,4621
ACCTGCGTGTCATGTT-1,0,46,18,13892,4765
TACTTTCCGCACGCCA-1,0,47,19,14144,4912
AGGTCAGGTGAGAGTG-1,0,46,20,13890,5056
TCCTCCTAAGACATTC-1,0,47,21,14143,5203
ATGTGAAAGCCTAATG-1,0,46,22,13889,5347
AGTCGGCTCAACTTTA-1,0,47,23,14141,5493
CGATCTGTTGGAGGAC-1,0,46,24,13887,5637
ACGGGAGTGTCGGCCC-1,0,47,25,14139,5784
TTAACTTCAGGTAGGA-1,0,46,26,13885,5928
CCACGGAGCCATAAGA-1,0,47,27,14138,6075
CTTCTATGTTGAAGTA-1,0,46,28,13884,6219
CACCGTTGCGCGATAT-1,0,47,29,14136,6365
TCTAGCAATCTCCGCC-1,0,46,30,13882,6509
AGTTTGGCCAGACCTA-1,0,47,31,14134,6656
TTGTAAGGACCTAAGT-1,1,46,32,13880,6800
AAATTTGCGGGTGTGG-1,1,47,33,14133,6947
AAGTTCGGCCAACAGG-1,1,46,34,13879,7091
CCGCTTACCTCACTCT-1,1,47,35,14131,7238
ATCACGTGCTAATTAA-1,1,46,36,13877,7382
GGTGAAGTACAGGGAT-1,1,47,37,14129,7528
GCTGTATTACTGGCCC-1,1,46,38,13875,7672
AACGGCCATCTCCGGT-1,1,47,39,14128,7819
TAAGTAACATCTTGAC-1,1,46,40,13874,7963
TTCTTGAGCCGCGCTA-1,1,47,41,14126,8110
AGTGCGTAGCTCGTAA-1,1,46,42,13872,8254
GGGATGGTCGTAACCG-1,1,47,43,14124,8400
GTCTGGGCGGTCGAGA-1,1,46,44,13870,8544
CGGAACGTAAACATAG-1,1,47,45,14123,8691
TGCGACACCCTAGTGC-1,1,46,46,13869,8835
CAAACGAGTATCGCAG-1,1,47,47,14121,8982
TCAGTAGGGACTATAA-1,1,46,48,13867,9126
GCGGTTCCCTATCATG-1,1,47,49,14119,9273
GTGACTTCAGTAGTGC-1,1,46,50,13865,9417
CGTCACGTCCATTGGT-1,1,47,51,14118,9563
ATAAGTTACCGCGACG-1,1,46,52,13864,9707
CTGAATCCGAGACCTC-1,1,47,53,14116,9854
TACGACGCTTGCTGCG-1,1,46,54,13862,9998
GAATTCACCCGGGTGT-1,1,47,55,14114,10145
GGGTGACACCTTAACT-1,1,46,56,13860,10289
TGAGTAAATTAGCGTA-1,1,47,57,14112,10436
GAGTCCGCTTACCGGA-1,1,46,58,13859,10579
GGCGCGTTCGAGTTTA-1,1,47,59,14111,10726
ATTCATATACTGTCCA-1,1,46,60,13857,10870
ATAAACGGACCCGTAA-1,1,47,61,14109,11017
GTCGTACCATCTCGGG-1,1,46,62,13855,11161
ATAATAGCTGTTGAAT-1,1,47,63,14107,11308
TTCCGCGTGAGGCGAT-1,1,46,64,13854,11452
TACCGGCTCACTGCCC-1,1,47,65,14106,11598
GTATCTTTCATAACCA-1,1,46,66,13852,11742
GTTACCTACAACTTGC-1,1,47,67,14104,11889
TGACTATAATCCTTTC-1,1,46,68,13850,12033
AAATACCTATAAGCAT-1,1,47,69,14102,12180
TTATTAGAGCGTGTTC-1,1,46,70,13849,12324
ATGTGGACATCTTGAT-1,1,47,71,14101,12471
GTACGCTTCATTGCAC-1,1,46,72,13847,12614
CACATATTAGCAGGAT-1,1,47,73,14099,12761
CAAGAGGGCGGAGTAC-1,1,46,74,13845,12905
TCGCAAAGATGCATTT-1,1,47,75,14097,13052
GTCGTTATTCGCTTAT-1,1,46,76,13844,13196
TCGTGTACTATGGATG-1,1,47,77,14096,13343
GCGGAGAGGGAGAACG-1,1,46,78,13842,13487
TCACAGGGAATCGCAA-1,1,47,79,14094,13633
GACTGCACCAGCCCAG-1,1,46,80,13840,13777
TCCGCTGTCATCCCGG-1,1,47,81,14092,13924
AGATACTCAAGATCGA-1,1,46,82,13839,14068
ACTGAATGGCGAAAGT-1,1,47,83,14091,14215
TCCTACATCCACGGCC-1,1,46,84,13837,14359
TTCAGCCCTGGTCCAC-1,1,47,85,14089,14506
TTAGAGTTTAGAAGGA-1,1,46,86,13835,14649
GGTTAGCTATATGTCT-1,1,47,87,14087,14796
CTGGTTTCGAGCAAGA-1,1,46,88,13834,14940
TGGGCCCATACTAATT-1,1,47,89,14086,15087
ACTTATTTATGTGCCA-1,1,46,90,13832,15231
TTAGTTATTCGTGGCA-1,1,47,91,14084,15378
AACCGCTAAGGGATGC-1,1,46,92,13830,15522
ATACGTCCACTCCTGT-1,1,47,93,14082,15668
CGACACGCTCCGACAG-1,1,46,94,13829,15812
TCTGAACTCGTACCCG-1,1,47,95,14081,15959
AGGATATAGGGATTTA-1,1,46,96,13827,16103
GTGATCACTAACGCCT-1,1,47,97,14079,16250
ACCGGGCCTTTGTTGA-1,1,46,98,13825,16394
TTGACAGGAGCTCCCG-1,1,47,99,14077,16541
CTCTTCTATTGACTGG-1,1,46,100,13824,16685
CGTGGCCGAATATCTA-1,1,47,101,14076,16831
GGTTTAGCCTTTCTTG-1,1,46,102,13822,16975
TCAAGGTTACTACACC-1,1,47,103,14074,17122
TTGACTATTGTCCGGC-1,1,46,104,13820,17266
CGGGAATATAGTATAC-1,1,47,105,14072,17413
GCAACAGCAGTATGCG-1,1,46,106,13819,17557
ATCAAACACTGTTCCA-1,1,47,107,14071,17703
TGGGCAATAGTTGGGT-1,1,46,108,13817,17847
TGAATGTCAGCCGGCC-1,0,47,109,14069,17994
CGGCTCTAAAGCTGCA-1,0,46,110,13815,18138
GGACACAAGTTTACAC-1,1,47,111,14067,18285
CCGAGAAGTCGCATAA-1,1,46,112,13814,18429
AACTACCCGTTTGTCA-1,1,47,113,14066,18576
GCACAAACGAGGCGTG-1,1,46,114,13812,18720
CACACAGCTTGCGCTC-1,1,47,115,14064,18866
GTGCTTACATCAGCGC-1,1,46,116,13810,19010
GCAAACGTCGCCAGGT-1,0,47,117,14062,19157
GAATAGCATTTAGGGT-1,0,46,118,13809,19301
TACTGTTTCTCTGGTA-1,0,47,119,14061,19448
TCCTATCATAGGTAAC-1,0,46,120,13807,19592
TTCGGTGGAGACGCCC-1,0,47,121,14059,19738
TGTTGCCGTCGTCCCA-1,0,46,122,13805,19882
CCAACTTGATAGATCC-1,0,47,123,14057,20029
CAAAGGTCATCTGAAA-1,0,46,124,13804,20173
CTAGCTTAATGGTCCC-1,0,47,125,14056,20320
AGGCCACATTGGTTAC-1,0,46,126,13802,20464
TTAGGATGGGAGGGTA-1,0,47,127,14054,20611
TATGACCTTGCGCTGG-1,0,48,0,14413,2152
ATATACATGTATGGTA-1,0,49,1,14665,2298
TGTGTGACCATGAATC-1,0,48,2,14411,2442
CCCACTCCACGGTATC-1,0,49,3,14663,2589
GGGCAGACGTCACTGC-1,0,48,4,14410,2733
TCAAAGAGCTATCTGT-1,0,49,5,14662,2880
AGATGCATCCTGTGTC-1,0,48,6,14408,3024
GTGAAGTCACGACTCG-1,1,49,7,14660,3170
TGATTCAGGTCCCGCG-1,1,48,8,14406,3314
CGCCACAGGTCGCGAT-1,0,49,9,14658,3461
TTGAATCGTTGTATAA-1,0,48,10,14405,3605
TGGCCAATTTGGTACT-1,0,49,11,14657,3752
CGACCCTTAACGCCGG-1,0,48,12,14403,3896
TCGGCGTACTGCACAA-1,0,49,13,14655,4043
GAGTAAGGCCACGGGA-1,0,48,14,14401,4187
ATCAGCTCGTCCACTA-1,0,49,15,14653,4333
AGGATCACGCGATCTG-1,0,48,16,14400,4477
AAATGGCCCGTGCCCT-1,0,49,17,14652,4624
CAGTACCAGTTTACGT-1,0,48,18,14398,4768
GGTCGTAAGCTCGCAC-1,0,49,19,14650,4915
CGTTCATGGTGCGCGT-1,0,48,20,14396,5059
GACTACAAAGCGGTGG-1,0,49,21,14648,5206
CAGCTGGCGTAACCGT-1,0,48,22,14395,5349
ACTCGTAACCCGTCCT-1,0,49,23,14647,5496
CATATGTCAGGCTACG-1,0,48,24,14393,5640
GCCCGACTTCTTCCCG-1,0,49,25,14645,5787
CTGGCATCCGAATGAG-1,0,48,26,14391,5931
AAGTGCGTTAGAATCT-1,0,49,27,14643,6078
AGAAGTGATTCGTGAT-1,0,48,28,14390,6222
TACCTTAAGATTTCCC-1,0,49,29,14642,6368
AATGACAGCAATGTCT-1,0,48,30,14388,6512
TCAACGCAGGAAATAA-1,0,49,31,14640,6659
TATTCCTCCGCCCACT-1,0,48,32,14386,6803
ATCAAACGAAGGTTTG-1,0,49,33,14638,6950
TTGATTAGCTGTTTCT-1,1,48,34,14385,7094
CTGCTGAGGCCACGAA-1,1,49,35,14637,7241
CCGTGTTAAATTCCAT-1,1,48,36,14383,7384
CACGTCGGCAACCTCT-1,1,49,37,14635,7531
GTATTCTGAGAAACGA-1,1,48,38,14381,7675
CGGTGCGCGTTGGTCC-1,1,49,39,14633,7822
GTGATTCGCCGCTCAA-1,1,48,40,14380,7966
GCCCGCGCGTAAACGG-1,1,49,41,14632,8113
AACGTACTGTGGGTAC-1,1,48,42,14378,8257
GAGTATGCCCGCCTTG-1,1,49,43,14630,8403
TGATTCTGTCGCCGGT-1,1,48,44,14376,8547
GGGCGGCAAATGAATT-1,1,49,45,14628,8694
TTCCAATCTGGCTATC-1,1,48,46,14375,8838
GGAACCGTGTAAATTG-1,1,49,47,14627,8985
TTGGTCACACTCGTAA-1,1,48,48,14373,9129
CGAACCCGCATGCGTC-1,1,49,49,14625,9276
GGGCGTCACCACGTAA-1,1,48,50,14371,9419
TACCAGAAGTAGGTTC-1,1,49,51,14623,9566
TTGGATATCGTCTACG-1,1,48,52,14370,9710
TAGATATGGACTGGAA-1,1,49,53,14622,9857
GCGACGATAGTTGTAC-1,1,48,54,14368,10001
CTGGATTTACACTTGA-1,1,49,55,14620,10148
GTTATATTATCTCCCT-1,1,48,56,14366,10292
TATTCCACTCAGCTCG-1,1,49,57,14618,10438
CTGTTACCCAATCTAG-1,1,48,58,14365,10582
ACGCGAAGTCAGACGA-1,1,49,59,14617,10729
GATAGGTAACGTTGAC-1,1,48,60,14363,10873
TGTTCGTATTGCGGTG-1,1,49,61,14615,11020
GGTCAGTGGGTCCCAC-1,1,48,62,14361,11164
AATTCTAGAGTTAGGC-1,1,49,63,14613,11311
GTTTACGTTCCATCTG-1,1,48,64,14360,11454
AGACCCACCGCTGATC-1,1,49,65,14612,11601
TCTAGCATGCCCAGAA-1,1,48,66,14358,11745
CCCGCAGCGCGAACTA-1,1,49,67,14610,11892
CTCTATTTGGCTGCAG-1,1,48,68,14356,12036
TTCTGCCGCGCCTAGA-1,1,49,69,14608,12183
ACTCCCTAGAATAGTA-1,1,48,70,14355,12327
CCGAACCTTCCCGGCC-1,1,49,71,14607,12473
TCAGACGCTATAGAAG-1,1,48,72,14353,12617
CAGGCGCCATGCTAGG-1,1,49,73,14605,12764
CACTCGAGCTGAACAA-1,1,48,74,14351,12908
ACAAGGAAATCCGCCC-1,1,49,75,14603,13055
ACCACGTGCAGCTATA-1,1,48,76,14350,13199
ACGGCGACGATGGGAA-1,1,49,77,14602,13346
TTACTAAAGGACTTTA-1,1,48,78,14348,13490
GGCTGAAATAGCAAAG-1,1,49,79,14600,13636
TTAGACGAGTCACCTC-1,1,48,80,14346,13780
GTAGTCGCGGGAATCA-1,1,49,81,14598,13927
GCAAACCCTACATTAT-1,1,48,82,14345,14071
GTTAAAGTAGGACTGG-1,1,49,83,14597,14218
ACCCTCCCTTGCTATT-1,1,48,84,14343,14362
CATGTCTCATTTATGG-1,1,49,85,14595,14508
AATAGAATCTGTTTCA-1,1,48,86,14341,14652
TCTCATGAGATAGGGT-1,1,49,87,14593,14799
ATGACTATGCGACATT-1,1,48,88,14340,14943
CCTAACCCAAACAAGT-1,1,49,89,14592,15090
AGTCAAGATGACACTT-1,1,48,90,14338,15234
CGGGAGCTTCAGTGTA-1,1,49,91,14590,15381
CCACAGTACCCATCCT-1,1,48,92,14336,15525
GAGCGCGCACGAGTAG-1,1,49,93,14588,15671
ACCAGTGCGGGAGACG-1,1,48,94,14335,15815
TCCTTACGACGGTCCG-1,1,49,95,14587,15962
TAGTCGATCACGGGTT-1,1,48,96,14333,16106
AGACGAAGTGCCGGTC-1,1,49,97,14585,16253
CGCTGGTGACTACCCT-1,1,48,98,14331,16397
AGGCATTGTCGTAGGG-1,1,49,99,14583,16543
TGGTAGAATATATGGG-1,1,48,100,14330,16687
TTCTTATCCGCTGGGT-1,1,49,101,14582,16834
AGTTTGGCACGGGTTG-1,1,48,102,14328,16978
GCATCGGCCGTGTAGG-1,1,49,103,14580,17125
ATGCGAGTCCCACCAC-1,1,48,104,14326,17269
TCGGCGAACCCAAACC-1,0,49,105,14578,17416
AGAGTAAACTTCACTA-1,1,48,106,14325,17560
AAGCCGAAGCGGTTTA-1,0,49,107,14577,17706
CCCGAGTTTCTCCGTA-1,0,48,108,14323,17850
AATATCGAATCAATGC-1,0,49,109,14575,17997
GCGCCTCCCACTCCGA-1,0,48,110,14321,18141
CGTTAAACTAGTTAGG-1,0,49,111,14573,18288
TGAGTTAAAGACATTC-1,1,48,112,14320,18432
AACAGGTAGTATGGAT-1,0,49,113,14572,18579
GAACGCGGGTCACACG-1,0,48,114,14318,18722
TGTTTGAGATCGTCAG-1,0,49,115,14570,18869
ATCTCGTGAGCGAAAC-1,0,48,116,14316,19013
CTGAGAAAGTTCGGCG-1,0,49,117,14568,19160
ATTACCACACTGCCTG-1,0,48,118,14315,19304
CTGCTGTCTAACGAGC-1,0,49,119,14567,19451
CGTGGAAGCCTCGTAC-1,0,48,120,14313,19595
GGACTCACAAATTAGG-1,0,49,121,14565,19741
CTTTGCTGTCATGGAT-1,0,48,122,14311,19885
GGTGTTGGGCGTCTTA-1,0,49,123,14563,20032
TACCATGTATTGATTT-1,0,48,124,14309,20176
GGTCTCCAAGTAGTGC-1,0,49,125,14562,20323
ATCCTTCTGAAAGAAC-1,0,48,126,14308,20467
CCGGAAGTTATCAGTC-1,0,49,127,14560,20614
TTAGAGGGATATACAG-1,0,50,0,14919,2154
TTGTACACCTCGAACA-1,0,51,1,15171,2301
GTGGGTACTGAGCGTA-1,0,50,2,14917,2445
CTTAAGCAGCGAGCCG-1,0,51,3,15169,2592
GCATTGACTTGCGGAA-1,0,50,4,14916,2736
CCATAACCTGTGCAGT-1,0,51,5,15168,2883
GGGCTACTATTTCGTG-1,1,50,6,14914,3027
GGCGAGCGAAACGGCA-1,0,51,7,15166,3173
GGAGACCATCTACATA-1,0,50,8,14912,3317
AGACCAAACCACACCT-1,0,51,9,15164,3464
CGACGCATCCGTACCT-1,0,50,10,14911,3608
CCTAGGTAAAGGTAGC-1,0,51,11,15163,3755
AGCGGCGGTTAGCGGT-1,0,50,12,14909,3899
CTGGACGCAGTCCGGC-1,0,51,13,15161,4046
AGCCTAATACCCACGT-1,0,50,14,14907,4189
AATCTGGCTTTCTAGT-1,0,51,15,15159,4336
CACCCTTGGTGAGACC-1,0,50,16,14905,4480
GGATCTTGACTCAACC-1,0,51,17,15158,4627
ACGAGGATACCACTCT-1,0,50,18,14904,4771
GAGTTGATGGCAATTT-1,0,51,19,15156,4918
GTGGCAAACAGCGGCA-1,0,50,20,14902,5062
GATGTAACGAACCACC-1,0,51,21,15154,5208
AGCCGTGGCTAAATGT-1,0,50,22,14900,5352
CTCCCTCCTTTCGATC-1,0,51,23,15153,5499
TTGGAAGAATACAGTC-1,0,50,24,14899,5643
AGTTAAGTCAACCGCT-1,0,51,25,15151,5790
CTCATGGTAATTTGCG-1,0,50,26,14897,5934
AAAGTAGCATTGCTCA-1,0,51,27,15149,6081
TTGTGGTAGGAGGGAT-1,0,50,28,14895,6224
AGTCGTGGGCATTACG-1,0,51,29,15148,6371
ACCTAAGTACCTTTCA-1,0,50,30,14894,6515
GTAGAGGGAGACAAGT-1,0,51,31,15146,6662
GATCCTCGACACTGGC-1,0,50,32,14892,6806
CCTACATTCACAGACG-1,0,51,33,15144,6953
TTGACCGTGTTAATGA-1,0,50,34,14890,7097
TCTGTTACCCAGCATA-1,0,51,35,15143,7243
CTAACTGGTCCGGTTC-1,1,50,36,14889,7387
AGCGACAGGAACGGTC-1,1,51,37,15141,7534
TAATAGAACAGAGTTA-1,1,50,38,14887,7678
ACAGGTGGAGGTGAGG-1,1,51,39,15139,7825
TGCGAGAATATTACCC-1,1,50,40,14885,7969
TTGCGTCGGCCAACCG-1,1,51,41,15138,8116
AGGCTTCCCGAAGAAG-1,1,50,42,14884,8259
GCGGACCGCGTTGTGG-1,1,51,43,15136,8406
GTAATCTGATTCTTCG-1,1,50,44,14882,8550
CCGCGGAATGCGTCAC-1,1,51,45,15134,8697
TTCCACACAGATTTGA-1,1,50,46,14880,8841
CTTCTATTAATGCTAG-1,1,51,47,15133,8988
CATTTGAGTGGTACGT-1,1,50,48,14879,9132
TCACAGCAAACTCGAA-1,1,51,49,15131,9278
CAGACGAACCTGATAC-1,1,50,50,14877,9422
TAGCTAGAAGGCATGA-1,1,51,51,15129,9569
ATCCAGAGCAACAACC-1,1,50,52,14875,9713
TCCGGTTCGTCCGGTC-1,1,51,53,15128,9860
CGCGCATGTTTGATTG-1,1,50,54,14874,10004
TGGCGATCAAGTTATG-1,1,51,55,15126,10151
CCCTTTGACAGGTCTT-1,1,50,56,14872,10295
CAGAGACGGTCACCCA-1,1,51,57,15124,10441
TAGCTCGCCTGATAAC-1,1,50,58,14870,10585
TTGTGTTTCCCGAAAG-1,1,51,59,15123,10732
TATACACAGACGCCTT-1,1,50,60,14869,10876
ACATTAGTTTATATCC-1,1,51,61,15121,11023
CCATCGCAGTTAAACT-1,1,50,62,14867,11167
AATTAGCGCTGCAGCG-1,1,51,63,15119,11313
TCCGCTTATCCCATTA-1,1,50,64,14865,11457
GTTTGGGCTTGTGAGC-1,1,51,65,15118,11604
CTTGTCAACATTCGAG-1,1,50,66,14864,11748
GGACCAACAGGATAAC-1,1,51,67,15116,11895
AAGCTAGATCGAGTAA-1,1,50,68,14862,12039
TACCGTGCCTCGGACC-1,1,51,69,15114,12186
GTAGCCAAACATGGGA-1,1,50,70,14860,12330
TGCCAGTACGTGGAGA-1,1,51,71,15113,12476
ATAAGGTGGAGAACAT-1,1,50,72,14859,12620
CTTTAATATTGGTCGA-1,1,51,73,15111,12767
TGGTTCAACGGGTAAT-1,1,50,74,14857,12911
GCTGCTACTGCGTAGC-1,1,51,75,15109,13058
CTGCACAACTACATAT-1,1,50,76,14855,13202
ATATTCCACATAGTGA-1,1,51,77,15107,13349
TGGCAAACTAAATTAC-1,1,50,78,14854,13492
ACCGCAATAACTGCCT-1,1,51,79,15106,13639
TCGCACCAGGAGGCAG-1,1,50,80,14852,13783
ACTTCAGGCTGATCCC-1,1,51,81,15104,13930
ACAAATCGCACCGAAT-1,1,50,82,14850,14074
TCTGATGTATTCTGTC-1,1,51,83,15102,14221
CTTTACCGAATAGTAG-1,1,50,84,14849,14365
GCAGATCCATAAGACT-1,1,51,85,15101,14511
TTCCTCGGACTAACCA-1,1,50,86,14847,14655
TTATCCGGGATCTATA-1,1,51,87,15099,14802
CTGGAAGACACGGTGG-1,1,50,88,14845,14946
GTTCGTCTAAAGAACT-1,1,51,89,15097,15093
GTCTATTGGTTCCGGT-1,1,50,90,14844,15237
CTAGGCGCCCTATCAG-1,1,51,91,15096,15384
AACGGACGTACGTATA-1,1,50,92,14842,15527
AACACACGCTCGCCGC-1,1,51,93,15094,15674
GCTACTATAGTAGAGT-1,1,50,94,14840,15818
AGCATATCAATATGCT-1,1,51,95,15092,15965
CGAACAGTATGGGCGT-1,1,50,96,14839,16109
ACAATTGTGTCTCTTT-1,1,51,97,15091,16256
GATCGCTACCCGATTT-1,1,50,98,14837,16400
ATTGCGATCAGTAACT-1,1,51,99,15089,16546
CAGCAGTCCAGACTAT-1,1,50,100,14835,16690
AGAGGCTTCGGAAACC-1,1,51,101,15087,16837
AAACAAGTATCTCCCA-1,1,50,102,14834,16981
GGCAGCAAACCTATGC-1,1,51,103,15086,17128
ACTAGTTGCGATCGTC-1,1,50,104,14832,17272
TTGGACCATCTGGCAA-1,1,51,105,15084,17419
CCCTCCTCGCTCGTAT-1,0,50,106,14830,17562
GAGCGCAAATACTCCG-1,0,51,107,15082,17709
ATTACATGTCAGTCTT-1,0,50,108,14829,17853
TTGGGACGTAAGAGTT-1,0,51,109,15081,18000
CTTCGGCCAATTGTTT-1,0,50,110,14827,18144
AGACCGCTCCGCGGTT-1,0,51,111,15079,18291
GACCGCGTCTGACGTG-1,0,50,112,14825,18435
CCAAATAACAAGATTC-1,0,51,113,15077,18581
TCTTTAGAGTCTAACA-1,0,50,114,14824,18725
CTCCCAATGAGTCGCG-1,0,51,115,15076,18872
TAGTCTTTCCGAATTG-1,0,50,116,14822,19016
GAGTAAACCGGAAAGT-1,0,51,117,15074,19163
GATCTCGACGCTGTGG-1,0,50,118,14820,19307
CTGACATAGAAATAGA-1,0,51,119,15072,19454
TATACCGAGTGCCACA-1,0,50,120,14819,19597
TCCGAACGTTGCCGCT-1,0,51,121,15071,19744
GCAGAAGGTAATCTCC-1,0,50,122,14817,19888
GGTACTAAGTGCTTTG-1,0,51,123,15069,20035
CAGAATATTCGTTATC-1,0,50,124,14815,20179
TAATCAACCAAATGGG-1,0,51,125,15067,20326
TCTGCTTAGAACAAGC-1,0,50,126,14814,20470
AACTGAGTTATACTGA-1,0,51,127,15066,20616
CCTCAACGATCGCTGT-1,0,52,0,15425,2157
CGGTACGGCAAACCCA-1,0,53,1,15677,2304
CAGATGTTTGTCCCAA-1,0,52,2,15423,2448
GTTTGTTAGCCAAGTA-1,0,53,3,15675,2595
ACGTGACAAAGTAAGT-1,0,52,4,15421,2739
TTGTCACCGCGGTATC-1,0,53,5,15673,2886
GATCTAACCGTATTCA-1,0,52,6,15420,3029
ATGGAAATTTAAGGAG-1,0,53,7,15672,3176
ATTGATCACCACATTT-1,0,52,8,15418,3320
ACTGCTCGGAAGGATG-1,0,53,9,15670,3467
TCTAAAGAACAGTCTC-1,0,52,10,15416,3611
CTGGGTTGAGTTAAAG-1,0,53,11,15668,3758
CCCAGTAAACTTGGGA-1,0,52,12,15415,3902
AGATTCACAACCGATA-1,0,53,13,15667,4048
AGAAGGTACACTTCAC-1,0,52,14,15413,4192
GCAGGAACTTAGATCT-1,0,53,15,15665,4339
AATCTAGGTTTACTTG-1,0,52,16,15411,4483
CCCGGTGTATCGGAAT-1,0,53,17,15663,4630
TTATCCTCAAGGAATA-1,0,52,18,15410,4774
AGCATCATTTCGAAAG-1,0,53,19,15662,4921
CGCGAGTCTGCCGGGT-1,0,52,20,15408,5065
TGCGTCATGACTGAGC-1,0,53,21,15660,5211
GTATGAAATTTCACTC-1,0,52,22,15406,5355
TTGGTTGCGGTGCGCG-1,0,53,23,15658,5502
ACAGAACTGAGAACAA-1,0,52,24,15405,5646
CTACTATCATAGGTTT-1,0,53,25,15657,5793
CCTCTATCGATTAGCA-1,0,52,26,15403,5937
CCGTATCTCGTCGTAG-1,0,53,27,15655,6083
TCACGATGTCCGTGGA-1,0,52,28,15401,6227
TCAACAAAGATAATTC-1,0,53,29,15653,6374
ATGACGCGTTCTATCC-1,0,52,30,15400,6518
ATTTGCGCGAGTAGCT-1,0,53,31,15652,6665
TTCTTGGACGATCTGC-1,0,52,32,15398,6809
AGACGACGATGCCGCT-1,0,53,33,15650,6956
GGTCTCTGAATGGACT-1,0,52,34,15396,7100
GCTCAATCCGTTTATT-1,0,53,35,15648,7246
CCAGAAAGCAACTCAT-1,0,52,36,15395,7390
CACCGTTAGGGATCAC-1,0,53,37,15647,7537
AATAACACTAGAACAA-1,1,52,38,15393,7681
CACCCGGTTTGTGACT-1,1,53,39,15645,7828
CCACCAACTTTACTGT-1,1,52,40,15391,7972
AACTCTCAGTGTGCTC-1,1,53,41,15643,8118
AAACCGTTCGTCCAGG-1,1,52,42,15390,8262
CAGCGATTCCCTTCAA-1,1,53,43,15642,8409
GCTAGCTTGAATAGCT-1,1,52,44,15388,8553
TTGCGGCATCAGAAAG-1,1,53,45,15640,8700
AATAGAACAGAGTGGC-1,1,52,46,15386,8844
GCCATCGAGCTGCGTG-1,1,53,47,15638,8991
ACACTGATCAAGGTGT-1,1,52,48,15385,9135
ACCAACGCTTATTTAT-1,1,53,49,15637,9281
GACATCGATTTATAAC-1,1,52,50,15383,9425
CAGACACCGATCGCTG-1,1,53,51,15635,9572
CCAAGAAAGTGGGCGA-1,1,52,52,15381,9716
GGTAGACCGTTGGGCG-1,1,53,53,15633,9863
TCGTTAGGAGTCCCTA-1,1,52,54,15380,10007
ACGGCCAACATGGACT-1,1,53,55,15632,10154
GTGAGTGGTACAACGC-1,1,52,56,15378,10297
GAGACTTCGCGACCGA-1,1,53,57,15630,10444
GAAGTCAGTTGCACTA-1,1,52,58,15376,10588
GTTTGGTAGGGTCAAC-1,1,53,59,15628,10735
ACGGCACTTGCTTGGG-1,1,52,60,15375,10879
CCTCTGTACTATTCTA-1,1,53,61,15627,11026
CTATTCATGTGTCCCA-1,1,52,62,15373,11170
GCCCGATCTGTGGTCG-1,1,53,63,15625,11316
TTAGAAGAACATGACT-1,1,52,64,15371,11460
AGGATAAAGTCGGGAT-1,1,53,65,15623,11607
CGGCAAACATCGTGCG-1,1,52,66,15370,11751
CTAGTTACAACCCGGT-1,1,53,67,15622,11898
TTCGACAGAGCCCGTG-1,1,52,68,15368,12042
AAGCATACTCTCCTGA-1,1,53,69,15620,12189
GACGACGATCCGCGTT-1,1,52,70,15366,12332
GGTAGAAGACCGCCTG-1,1,53,71,15618,12479
GAGATGGGAGTCGACA-1,1,52,72,15365,12623
AACGATAATGCCGTAG-1,1,53,73,15617,12770
TGGTCCCACGCTACGG-1,1,52,74,15363,12914
CTGCTTGGCGATAGCT-1,1,53,75,15615,13061
ATCGGAGACAGACGGC-1,1,52,76,15361,13205
TAGCGTCCGGTGTGGT-1,1,53,77,15613,13351
GTTGAGTCCCGCCGGT-1,1,52,78,15360,13495
AAATAGGGTGCTATTG-1,1,53,79,15612,13642
AAGTGTTTGGAGACGG-1,1,52,80,15358,13786
AGCACTACCTCACCAG-1,1,53,81,15610,13933
TGCCTTGGCCAGGCAA-1,1,52,82,15356,14077
TCGTCTTAGGCGTTAA-1,1,53,83,15608,14224
TTCTGACCGGGCTCAA-1,1,52,84,15355,14367
CAGAACTTAGCCCTCT-1,1,53,85,15607,14514
AGCTCCTTCGCACATC-1,1,52,86,15353,14658
ACAGGCTTGCCCGACT-1,1,53,87,15605,14805
GCTATACGTCTCGGAC-1,1,52,88,15351,14949
GAGCCAGCTACCTGTG-1,1,53,89,15603,15096
TGCTAAGTGTCTATTT-1,1,52,90,15350,15240
GTCCTACGAATAGTCT-1,1,53,91,15602,15386
CAGTGTCGGCTGGCCC-1,1,52,92,15348,15530
CTATCGACGAAATACA-1,1,53,93,15600,15677
CATCATTACCCTGAGG-1,1,52,94,15346,15821
TAAGTTGCGACGTAGG-1,1,53,95,15598,15968
AGTGCACGCTTAAGAA-1,1,52,96,15345,16112
TGTGCCGGTGCCGGAA-1,1,53,97,15597,16259
AGGAGGCCTTCGCGCG-1,1,52,98,15343,16402
TCCGCGGCCCAATGAA-1,1,53,99,15595,16549
TCCGTTAAGCTAATAT-1,1,52,100,15341,16693
AAATCTAGCCCTGCTA-1,1,53,101,15593,16840
CGCAGGCGATCCAAAC-1,0,52,102,15340,16984
CCATATGGAAACTATA-1,0,53,103,15592,17131
CACCGTATCCCATCCG-1,0,52,104,15338,17275
GGTCAAGACTACTTCG-1,0,53,105,15590,17421
CCCGTTTCGCAGATGT-1,0,52,106,15336,17565
GTTATAATACGGTGAA-1,0,53,107,15588,17712
ACTTGTGGATGGAACG-1,0,52,108,15335,17856
GTTCGCTGAGACGTCT-1,0,53,109,15587,18003
GACACTGGAACCCGAT-1,0,52,110,15333,18147
CCCAGGTCTGAAGGCT-1,0,53,111,15585,18294
TCTCGAGGAGGTTCGC-1,0,52,112,15331,18438
ACTATCTGCCCGCGTA-1,0,53,113,15583,18584
CCTAAATTGTATCCTA-1,0,52,114,15330,18728
AGAAATTATGACTCGC-1,0,53,115,15582,18875
TCCAGCGCTATAAGCG-1,0,52,116,15328,19019
TCGTGTATTGGTCACG-1,0,53,117,15580,19166
CCACATACTGCACCCA-1,0,52,118,15326,19310
GTTGCGGACGGTCAGG-1,0,53,119,15578,19456
GTATTTAATGGCATAA-1,0,52,120,15325,19600
GTCGATAGGTGACTTT-1,0,53,121,15577,19747
AATAATCTTCGTATCG-1,0,52,122,15323,19891
ATTGTTCAACGATCCG-1,0,53,123,15575,20038
GTGCAGCGTAGAGTAG-1,0,52,124,15321,20182
TGTGGTAGGGTGCCTT-1,0,53,125,15573,20329
TGTGGACTATCTACGT-1,0,52,126,15320,20473
GGCGGGCTCTAAGAGT-1,0,53,127,15572,20619
TGTGCCAGAGGCAAAG-1,0,54,0,15931,2160
TGGCTTATGTATAATG-1,0,55,1,16183,2307
GCAAGCTGGAAACCGC-1,0,54,2,15929,2451
GATATCAAGCAGGAGC-1,0,55,3,16181,2598
CACCAATCATCCGTCT-1,0,54,4,15927,2742
CCACATGGCTCTTTAT-1,0,55,5,16179,2888
GTCCTACTCTACGGGC-1,0,54,6,15926,3032
CTCGAGACATACGATA-1,0,55,7,16178,3179
TATCAGTGGCGTAGTC-1,0,54,8,15924,3323
TGACAGGACAAGTCCA-1,0,55,9,16176,3470
TATTAACACCAAAGCA-1,0,54,10,15922,3614
TAGGCGATGAGGTCTC-1,0,55,11,16174,3761
CCGCCGGAACTTCTCG-1,0,54,12,15921,3905
GCCATTAGCCTCAAAC-1,0,55,13,16173,4051
GTTAGGCTACCCGTTT-1,0,54,14,15919,4195
GGGTATTCTAGCAAAC-1,0,55,15,16171,4342
GCCCTAGCCGTCGCGA-1,0,54,16,15917,4486
CAGATCCTGGTTTGAA-1,0,55,17,16169,4633
CTTCAGTGGTCGCCTA-1,0,54,18,15916,4777
GGGCAACCGCACGTGC-1,0,55,19,16168,4923
GACCCAATTATGATAC-1,0,54,20,15914,5067
GAAGCTCGGACCCGTC-1,0,55,21,16166,5214
CGTCGGGTCTAAGCGC-1,0,54,22,15912,5358
GAGGCCCGACTCCGCA-1,0,55,23,16164,5505
TTGCCATAGCCCGCTC-1,0,54,24,15911,5649
TAACATACACGCGATC-1,0,55,25,16163,5796
CCGACGGGCATGAGGT-1,0,54,26,15909,5940
AATGTGCCCGAGGTGT-1,0,55,27,16161,6086
AGCTGTAACCTCAATC-1,0,54,28,15907,6230
CGAGTGAAGGTACCAG-1,0,55,29,16159,6377
AGTCTCACAAGACTAC-1,0,54,30,15906,6521
AAATTGATAGTCCTTT-1,0,55,31,16158,6668
TAAGTCGCCGAGTATC-1,0,54,32,15904,6812
GCGGAGAAACTTCGCA-1,0,55,33,16156,6959
GGCAAAGGCGCCAATA-1,0,54,34,15902,7102
ATTTCCGGGTTCTGCG-1,0,55,35,16154,7249
TAAACCCAGGAGGGCA-1,0,54,36,15900,7393
TTCGGGCGCTAGTCTT-1,0,55,37,16153,7540
GTGGAGTCGGCGGTTG-1,0,54,38,15899,7684
GCACGCCTACTTAGAT-1,0,55,39,16151,7831
CAATATTCTTGACCTA-1,1,54,40,15897,7975
CGTTTGTGTAGAGGGT-1,1,55,41,16149,8121
CATAGCGTTGCCCACC-1,1,54,42,15895,8265
TGATACATTTAGCCGT-1,1,55,43,16148,8412
TTCCGGCCTTGAGGCT-1,1,54,44,15894,8556
CCTATACCGTCCTGTC-1,1,55,45,16146,8703
TCGTTGCTATCCGGTC-1,1,54,46,15892,8847
TGGCGACTGCTCCAAA-1,1,55,47,16144,8994
CAGAGGCGATGCATGA-1,1,54,48,15890,9137
TCACAGGAGAATAAGA-1,1,55,49,16143,9284
GGGTTAACATTTGAGT-1,1,54,50,15889,9428
GCGGGCGAGCCTTACC-1,1,55,51,16141,9575
TGCCAATGGGTACTCT-1,1,54,52,15887,9719
AGGGACTCTACGCGAC-1,1,55,53,16139,9866
GACGCCGTAAAGGCTA-1,1,54,54,15885,10010
AAAGGCTCTCGCGCCG-1,1,55,55,16138,10156
CTGGCTGGTTGTCAGT-1,1,54,56,15884,10300
ACATCCCGGCCATACG-1,1,55,57,16136,10447
CTCTTGTCCCGCTTGG-1,1,54,58,15882,10591
TACGCCTCCATTCCGA-1,1,55,59,16134,10738
CGGAGCAATTTAATCG-1,1,54,60,15880,10882
AACTAGGCTTGGGTGT-1,1,55,61,16133,11029
GCGTCGCCAGGGTGAT-1,1,54,62,15879,11172
GTTGGTCATGCTATCC-1,1,55,63,16131,11319
GCTGGCGGCGCATGCT-1,1,54,64,15877,11463
TGAGCGGAAAGTGTTC-1,1,55,65,16129,11610
CTTTCTGTGCGGGCTT-1,1,54,66,15875,11754
ATCTAATATCCTACGG-1,1,55,67,16128,11901
AACCTTTAAATACGGT-1,1,54,68,15874,12045
TTCACTCGAGCACCTA-1,1,55,69,16126,12191
CTGCACTCCAGTACAG-1,1,54,70,15872,12335
CCATTTCTACCTATTA-1,1,55,71,16124,12482
CAAGCGGCACATAATT-1,1,54,72,15870,12626
GTTAACATCACTTAAA-1,1,55,73,16123,12773
ATATAAATGTAGCTGC-1,1,54,74,15869,12917
GCCTCTATACATAGCA-1,1,55,75,16121,13064
GTGTCGTATAGCGTTC-1,1,54,76,15867,13208
ATACGTACTTAGCCAC-1,1,55,77,16119,13354
GCTATCATACTCATGG-1,1,54,78,15865,13498
TATCCAATTGGTTATC-1,1,55,79,16118,13645
TCTCCCTGGGCAGCGT-1,1,54,80,15864,13789
CCTATAATGAGTGCCC-1,1,55,81,16116,13936
CAATGCGAGAAGTATC-1,1,54,82,15862,14080
TACCAATAAAGTACCA-1,1,55,83,16114,14226
GCTAGGCACCACGGAG-1,1,54,84,15860,14370
GGTGGACTGCTCTGGC-1,1,55,85,16113,14517
TATTCCGAGCTGTTAT-1,1,54,86,15859,14661
TTGAGAAGTTTAGCAT-1,1,55,87,16111,14808
GTCCGGACCTGAAATT-1,1,54,88,15857,14952
CTGTGGTCGGGAGATA-1,1,55,89,16109,15099
CATGTAAGAGACATTT-1,1,54,90,15855,15243
CACGTTTCGTACACAC-1,1,55,91,16108,15389
CATCCTCTCAAAGATC-1,1,54,92,15854,15533
GATTAACCGAAAGCCC-1,1,55,93,16106,15680
AACGCTGTTGCTGAAA-1,1,54,94,15852,15824
TTCAGCTGGCGTGCCC-1,1,55,95,16104,15971
TAGAGGTTCTACTTGT-1,1,54,96,15850,16115
GTATCAAACGTTAGCT-1,1,55,97,16103,16261
AATCATGTAAAGACTC-1,1,54,98,15849,16405
AGTCACTAGCTCTCGA-1,0,55,99,16101,16552
GCGAAACGATCGGGAG-1,1,54,100,15847,16696
CATGGATTGTCTTCCG-1,0,55,101,16099,16843
ATTGGATTACAGCGTA-1,0,54,102,15845,16987
CACACACGCTAACGAG-1,0,55,103,16097,17134
CTATGGGAAGCGGAAT-1,0,54,104,15844,17278
TGCCTAATTGAAGATT-1,0,55,105,16096,17424
TGGCAATGGGACGGCG-1,0,54,106,15842,17568
ACCTCCGCCCTCGCTG-1,0,55,107,16094,17715
CGGCAATAAGATCGCC-1,0,54,108,15840,17859
CCTTGACCACTTTATT-1,0,55,109,16092,18006
TCATTTAGAAGTGTGA-1,0,54,110,15839,18150
CAGAATAACACACGGA-1,0,55,111,16091,18297
TCTGAGCAATTGACTG-1,0,54,112,15837,18440
CAACGTGGTGGAGTCT-1,0,55,113,16089,18587
CACAGTTCGCTTCCCA-1,0,54,114,15835,18731
TCTCTCGCCGCACATA-1,0,55,115,16087,18878
TGGGCAGGCCACCGCA-1,0,54,116,15834,19022
CTCCTGTTCAAGGCAG-1,0,55,117,16086,19169
TATTTGATTTGCACAG-1,0,54,118,15832,19313
GCCACTCCTTACGGTA-1,0,55,119,16084,19459
ACCGATATTTAATCAT-1,0,54,120,15830,19603
TTATTATCTGGAAGGC-1,0,55,121,16082,19750
TACATGCCGGAATTGT-1,0,54,122,15829,19894
GGCACTCAGCCGACCC-1,0,55,123,16081,20041
AAACCGGAAATGTTAA-1,0,54,124,15827,20185
AGACAGGCATCTCAGC-1,0,55,125,16079,20332
GTGGTGATGGTTTGTG-1,0,54,126,15825,20475
CCGATATGACGTAAGG-1,0,55,127,16077,20622
CATACACAAAGTCAGC-1,0,56,0,16436,2163
TGCCGTTCTTAATCGG-1,0,57,1,16688,2310
TCGAGTCTACGATTCG-1,0,56,2,16435,2454
ACTTCCAGTGGAAGCT-1,0,57,3,16687,2601
CAATTGGGCCGCACTC-1,0,56,4,16433,2745
AAATCGCGGAAGGAGT-1,0,57,5,16685,2891
ATATCAATTCCAGCCT-1,0,56,6,16431,3035
CTTTGTCGAATGCTCC-1,0,57,7,16683,3182
TGAGGCATGTACTGTG-1,0,56,8,16430,3326
TTCGCCGCTCGCGCTA-1,0,57,9,16682,3473
GACTCCTTCCAATTGA-1,0,56,10,16428,3617
ACCGAAGAGTCTGGTT-1,0,57,11,16680,3764
TGGCATGAAGTTTGGG-1,0,56,12,16426,3907
ACGAGGTTTACAACGT-1,0,57,13,16678,4054
AACCCATCCCATGATC-1,0,56,14,16425,4198
TCGACAACTGAACCCG-1,0,57,15,16677,4345
TATCTTGCAATACAAC-1,0,56,16,16423,4489
TATTATGTTTGCCTGC-1,0,57,17,16675,4636
GTCAAAGAAGTGGTGT-1,0,56,18,16421,4780
GGGACAGAGTTACTCC-1,0,57,19,16673,4926
AGCAACCGAAAGTAAT-1,0,56,20,16420,5070
CTCTCTAACTGCCTAG-1,0,57,21,16672,5217
ATACGGAACGTCGTTT-1,0,56,22,16418,5361
TCGGTCCCGACAATAG-1,0,57,23,16670,5508
CGCGCAAATGTCCAGA-1,0,56,24,16416,5652
TCTAATACTGCCTCAG-1,0,57,25,16668,5799
CTCGGTTGTCGGCCCT-1,0,56,26,16415,5942
GGTAACCGGGAGGATA-1,0,57,27,16667,6089
CAGGCGCACGGTGGTC-1,0,56,28,16413,6233
TCATCGATGGTCCCAA-1,0,57,29,16665,6380
CAAAGATTATTGGGCC-1,0,56,30,16411,6524
ACAATGAATACGGAGA-1,0,57,31,16663,6671
GCTCCTGACATACTGG-1,0,56,32,16410,6815
GATGACAAGTAGGGCA-1,0,57,33,16662,6961
TACGCCGAGGGTACCC-1,0,56,34,16408,7105
AAGCGTCCCTCATCGA-1,0,57,35,16660,7252
CACTCCTATGTAAGAT-1,0,56,36,16406,7396
TCGAGCCAGGCAGGCC-1,0,57,37,16658,7543
TCGTCAAGTACGCGCA-1,0,56,38,16405,7687
CCCGTAGCTGGGAAGA-1,0,57,39,16657,7834
ACCCTATGCCATATCG-1,0,56,40,16403,7977
GTGGTATAGTCTGCCG-1,0,57,41,16655,8124
CCGGTTTGTAATTGTG-1,1,56,42,16401,8268
GTCGCCGTTGTGTGTT-1,1,57,43,16653,8415
TACTGAACAGATTTAG-1,1,56,44,16400,8559
TATTAACCTGACCGCG-1,1,57,45,16652,8706
CTGTAGCCATCTCACT-1,1,56,46,16398,8850
TACTATGGTTCCTCAG-1,1,57,47,16650,8996
GAGTCAGACCAGAATC-1,1,56,48,16396,9140
TAAGGCATAACATCAA-1,1,57,49,16648,9287
CTTCCGCTCCGTGAAG-1,1,56,50,16395,9431
GGGCTATGATCGATGG-1,1,57,51,16647,9578
GGTCGGTCGTCCACAG-1,1,56,52,16393,9722
GGGACCCGTATATCTT-1,1,57,53,16645,9869
GAAAGCAGTGCACTTT-1,1,56,54,16391,10013
AGCGCATAATGAATCG-1,1,57,55,16643,10159
GCTGCTAAGTAGTCGA-1,1,56,56,16390,10303
AATAGTCCGTCCCGAC-1,1,57,57,16642,10450
AGCAGCCAGATGAATA-1,1,56,58,16388,10594
CCTCGCGCTGTGCGAT-1,1,57,59,16640,10741
TTGTGTATGCCACCAA-1,1,56,60,16386,10885
TGCTCGGCGAAACCCA-1,1,57,61,16638,11031
CGATTAAATATCTCCT-1,1,56,62,16385,11175
TGCCGTGGATCGTCCT-1,1,57,63,16637,11322
GTGGACGCATTTGTCC-1,1,56,64,16383,11466
ACCCGGAAACTCCCAG-1,1,57,65,16635,11613
CCGCATGTGGTACGAT-1,1,56,66,16381,11757
GCAAACCTTGGCCATA-1,1,57,67,16633,11904
ATTCACTGATGTTGGA-1,1,56,68,16380,12048
ACTCCCTAATGCTAAA-1,1,57,69,16632,12194
TCCTAAATTGGGAAGC-1,1,56,70,16378,12338
GAACAGATTACTAAAT-1,1,57,71,16630,12485
ATACAGGCCCTCCAAT-1,1,56,72,16376,12629
CGATTCGCCTGGCTGC-1,1,57,73,16628,12776
TCCGCCTGTCTACAAG-1,1,56,74,16375,12920
CACATCTCACCGACGA-1,1,57,75,16627,13067
CGTCGTCCTTCGCGAA-1,1,56,76,16373,13210
CGTTGAATACCGCGCT-1,1,57,77,16625,13357
ACCAATATGCAAGTTA-1,1,56,78,16371,13501
ACGGATGGTGCGGATA-1,1,57,79,16623,13648
CACCCTAACAAGATCT-1,1,56,80,16370,13792
AAGCTCTTTCATGGTG-1,1,57,81,16622,13939
CATGGGTATGCCTTAT-1,1,56,82,16368,14083
GCGCGTCATTGGTACA-1,1,57,83,16620,14229
TCTGAAGCACGTGGTC-1,1,56,84,16366,14373
AAGTTCACTCCAAGCT-1,1,57,85,16618,14520
TTGGACCTATAACAGT-1,1,56,86,16365,14664
ATCAGCCTCATGCTGC-1,1,57,87,16617,14811
AGTACTCTTATGCCCA-1,1,56,88,16363,14955
GCGCTTAAATAATTGG-1,1,57,89,16615,15102
TTGTGAACCTAATCCG-1,1,56,90,16361,15245
AGTCGTCGACCACCAA-1,1,57,91,16613,15392
TCCTTTAAATCCGCTT-1,0,56,92,16360,15536
ACTGAAACGCCGTTAG-1,0,57,93,16612,15683
GCACACACTGGTAGCC-1,0,56,94,16358,15827
TAAGGGCCTGTCCGAT-1,0,57,95,16610,15974
GCTAGAGTAGAGATGT-1,0,56,96,16356,16118
CACAGGGCCATATAGT-1,0,57,97,16608,16264
CCATGCCCTAGATTTC-1,0,56,98,16355,16408
TCGCGTAGCAGTGTCC-1,0,57,99,16607,16555
GACGAGGCTAATAAAC-1,0,56,100,16353,16699
CTACACTCGCAGATGG-1,0,57,101,16605,16846
ACGCATACGTTTACTA-1,0,56,102,16351,16990
GGAGCAACATTTCAAG-1,0,57,103,16603,17137
CGAGAGGGTAGCCGCG-1,0,56,104,16350,17280
TCGTGTTCGACCACAA-1,0,57,105,16602,17427
TCTACCCAATAGAGAG-1,0,56,106,16348,17571
ATAAACGTTGCACCAC-1,0,57,107,16600,17718
TCAACTGCAGAGTCAG-1,0,56,108,16346,17862
AGCTCCATATATGTTC-1,0,57,109,16598,18009
GTAACATCTAAGATAA-1,0,56,110,16345,18153
CCGACAATAGGCCGCC-1,0,57,111,16597,18299
ATGCTTAGGAGTTGAT-1,0,56,112,16343,18443
AACCCGAGCAGAATCG-1,0,57,113,16595,18590
CGGGTTTGTTAGGGCT-1,0,56,114,16341,18734
AGGCACGTGACTGTCC-1,0,57,115,16593,18881
GACAAGAGATGAGATT-1,0,56,116,16340,19025
AGCCCTTGGACATCCC-1,0,57,117,16592,19172
GCAGTTCGATCCGAGC-1,0,56,118,16338,19315
TCGAGGGCAACAGACG-1,0,57,119,16590,19462
ACTTTGTCGACGCACT-1,0,56,120,16336,19606
GAGTATCAAAGTTACA-1,0,57,121,16588,19753
CCAGGCTGGCGTCTGA-1,0,56,122,16335,19897
GGACTCTTCCGGTTGA-1,0,57,123,16587,20044
TCCCAGCACACGACAT-1,0,56,124,16333,20188
GCTCCATGAGTGCAGA-1,0,57,125,16585,20334
GCAGTGCGGGCGGATG-1,0,56,126,16331,20478
GCGTTCTGACTAAGCG-1,0,57,127,16583,20625
ATTTGGAGATTGCGGT-1,0,58,0,16942,2166
AAGGGTTTGATTTCAG-1,0,59,1,17194,2313
CCGGCCGCGAGCATAT-1,0,58,2,16941,2457
GAGTTCTGTGGGTGCT-1,0,59,3,17193,2604
AAACGAAGATGGAGTA-1,0,58,4,16939,2747
AATTACGAGACCCATC-1,0,59,5,17191,2894
CCTTTGAATTATGGCT-1,0,58,6,16937,3038
CATGGTATTAGTTTGT-1,0,59,7,17189,3185
AACGAAAGTCGTCCCA-1,0,58,8,16936,3329
ACATAAGTCGTGGTGA-1,0,59,9,17188,3476
GCACAACCTCGGGCGT-1,0,58,10,16934,3620
ATGCACGCGCTGTTCA-1,0,59,11,17186,3766
CGATGTTGTTATCTAC-1,0,58,12,16932,3910
GTCTCCTGCCAGTATG-1,0,59,13,17184,4057
GATGCCTTCTGCGGCA-1,0,58,14,16931,4201
ACCGGTCAGGTACACC-1,0,59,15,17183,4348
GTGGAGCGTTTACCGA-1,0,58,16,16929,4492
AGGCGGTTTGTCCCGC-1,0,59,17,17181,4639
TCCCTGGCGTATTAAC-1,0,58,18,16927,4782
AAACACCAATAACTGC-1,0,59,19,17179,4929
TGGACGCAATCCAGCC-1,0,58,20,16926,5073
GGAACCTTGACTCTGC-1,0,59,21,17178,5220
GTATCTCAGTCTTGAC-1,0,58,22,16924,5364
GCTGAATCTTCCAATC-1,0,59,23,17176,5511
AGATGCAAGACGTGCA-1,0,58,24,16922,5655
TTAAGGCCCGTACTTT-1,0,59,25,17174,5801
AGTATGCTGGAGACCA-1,0,58,26,16921,5945
GCGGCAAAGTATTGCC-1,0,59,27,17173,6092
GCGCAAATATATTCAA-1,0,58,28,16919,6236
GAAGAAACGATATTGT-1,0,59,29,17171,6383
GGACCTCTAGGCCGCC-1,0,58,30,16917,6527
AACAGCTGTGTGGCAA-1,0,59,31,17169,6674
TCGAATATCCCGCAGG-1,0,58,32,16916,6818
GCGACCCAACCATCTG-1,0,59,33,17168,6964
AGAGAAGGAGTACAAT-1,0,58,34,16914,7108
GGCTCCTCCACCTGTT-1,0,59,35,17166,7255
TCAGTGTATACGTCAT-1,0,58,36,16912,7399
ATTATTATGTCCGTCA-1,0,59,37,17164,7546
TTAGGTCATAACCGAC-1,0,58,38,16911,7690
AAGATGGCACCGGACC-1,0,59,39,17163,7836
CTACAAGAAATAACCC-1,0,58,40,16909,7980
ACTATTTCCGGGCCCA-1,0,59,41,17161,8127
TTGTTTCACATCCAGG-1,1,58,42,16907,8271
CGCTGTGTGGATGTTG-1,0,59,43,17159,8418
TCAACATAGCGCCCTA-1,1,58,44,16906,8562
GGCCGTTTGGGTTTCA-1,1,59,45,17158,8709
TACTCTTTCGTCTTCA-1,1,58,46,16904,8853
TTCGCGCGCCATACGA-1,1,59,47,17156,8999
CGGAAAGAATCAAACG-1,1,58,48,16902,9143
AGGCAGGGAGCGTACT-1,1,59,49,17154,9290
CCTTTAAGGGAGCACT-1,1,58,50,16901,9434
CGCCCAGCACGCCTAG-1,1,59,51,17153,9581
AGTATTTGGCACGACC-1,1,58,52,16899,9725
TATCCGCACCGTCGGG-1,1,59,53,17151,9872
ACCCGTGTCATCAGTA-1,1,58,54,16897,10015
CAACTGCTCATCCGAT-1,1,59,55,17149,10162
CCGGAGCGTACTTTCT-1,1,58,56,16896,10306
TACCGTAGGTTAACTA-1,1,59,57,17148,10453
TGAGGAGTGCCAGCTT-1,1,58,58,16894,10597
CCAGTCTTGTCATAGA-1,1,59,59,17146,10744
GGGCAGAGCAATCGTT-1,1,58,60,16892,10888
TACCAAATAGCCCAGA-1,1,59,61,17144,11034
TACCTACTCCCAGTAT-1,1,58,62,16890,11178
TGTGAGACTAGCCCAA-1,1,59,63,17143,11325
ATACCTAACCAAGAAA-1,1,58,64,16889,11469
GTCGGGAAGCAGAAAC-1,1,59,65,17141,11616
AATTAACGGATTTCCA-1,1,58,66,16887,11760
GAACCCTCTGTGTTCT-1,1,59,67,17139,11907
ATATAAAGCGCTCGTG-1,1,58,68,16885,12050
CCTGGTCGAATGTGGG-1,1,59,69,17138,12197
CTAGGTTCGGACGTGA-1,1,58,70,16884,12341
TCGGGAGACAGCGTAC-1,1,59,71,17136,12488
CATAAGAAGCTTGGCT-1,1,58,72,16882,12632
AAGCACCCTGCGTATC-1,1,59,73,17134,12779
AGTTTGCACCTGCCTC-1,1,58,74,16880,12923
GACTGCAAATCGAGCT-1,1,59,75,17133,13069
GTGTATATCAGCGGGC-1,1,58,76,16879,13213
CTTCAACTCCACTTGG-1,1,59,77,17131,13360
ACTTACGCATCCACGC-1,1,58,78,16877,13504
CATGAGATGCACTCTC-1,1,59,79,17129,13651
GAGCACCTGTGTCCAG-1,1,58,80,16875,13795
CGCGACCGCGACAGAT-1,1,59,81,17128,13942
GTCCCGCGACGTTATG-1,1,58,82,16874,14085
GCAGTGTGGCTATAGG-1,1,59,83,17126,14232
ATACTGCCTTACACCG-1,1,58,84,16872,14376
TACAGAAACGGTGGGC-1,1,59,85,17124,14523
GGCGCGGAGATCTTTC-1,1,58,86,16870,14667
CGTTAATGTCCCGACG-1,1,59,87,17123,14814
GCTAACTGAAGTCTGA-1,1,58,88,16869,14958
AGTGATAACCTGCGCG-1,0,59,89,17121,15104
TATGATCTTCTCTTTA-1,0,58,90,16867,15248
TGTACCTACACGAGGG-1,0,59,91,17119,15395
ATATCGTTCCTCGAAC-1,0,58,92,16865,15539
CGGCGCCATCAATCCC-1,0,59,93,17118,15686
CCTGTTTGAAGACACG-1,0,58,94,16864,15830
GCCACTCAGAGCGCGA-1,0,59,95,17116,15977
TCGGCTTGTATCGACG-1,0,58,96,16862,16120
TAGATGGTTCCTTACT-1,0,59,97,17114,16267
ATCGTTAGCTAGCGGA-1,0,58,98,16860,16411
ACAGCGACATTCTCAT-1,0,59,99,17113,16558
ATTCAACCATTTAAGG-1,0,58,100,16859,16702
CACTCTTCTGCTAGCC-1,0,59,101,17111,16849
CTAACTGATAATCGCC-1,0,58,102,16857,16993
TGATGTCAATTAAGTG-1,0,59,103,17109,17139
CGCCGTTCAGCATAGT-1,0,58,104,16855,17283
ATACTACCCGTACCAC-1,0,59,105,17108,17430
CCACTGTTTGGATTAA-1,0,58,106,16854,17574
CACTACGGGAGCTGCC-1,0,59,107,17106,17721
GACCAAACGTTGACTG-1,0,58,108,16852,17865
AAGAGGCCCTTTGGAA-1,0,59,109,17104,18012
ACACGTAGGCCACAAG-1,0,58,110,16850,18156
TACTCTTACTTTACTG-1,0,59,111,17103,18302
AGAGCCGCCGAGATTT-1,0,58,112,16849,18446
GGCCTGCTTCTCCCGA-1,0,59,113,17101,18593
TCAAGCGCGGACGGTA-1,0,58,114,16847,18737
ACACTGGGACAGTCGT-1,0,59,115,17099,18884
TGTGTAGTAGCACGTG-1,0,58,116,16845,19028
CTAGCCACAGGCGAGC-1,0,59,117,17098,19174
CTATCGCGTAGAGAAC-1,0,58,118,16844,19318
GTTCCCGTAAACATAT-1,0,59,119,17096,19465
TCTTTCCTTCGAGATA-1,0,58,120,16842,19609
ATATTGGAGAGGCCTT-1,0,59,121,17094,19756
AGGCGATAACTGGCGT-1,0,58,122,16840,19900
ACCCGGAGCACCACAA-1,0,59,123,17092,20047
TGAGCTCAACTGTATA-1,0,58,124,16839,20191
ACGACCCATGAGTTGC-1,0,59,125,17091,20337
CGGTCAGTCCATATTT-1,0,58,126,16837,20481
TCCGGCTGTCGGGTCG-1,0,59,127,17089,20628
ATTCCCGAAGGTACAG-1,0,60,0,17448,2169
CTAACAGCACAATAAC-1,0,61,1,17700,2316
TTGTGCGGAAGCGGAT-1,0,60,2,17446,2460
GGGCACTATTGACCAT-1,0,61,3,17699,2606
CCATAGAGGCTGCCAG-1,0,60,4,17445,2750
CCGAAGCATTGACCAA-1,0,61,5,17697,2897
TACTGAGGGAAGAAAG-1,0,60,6,17443,3041
TATGTAGAAACCCGGC-1,0,61,7,17695,3188
TGGTTAACTTACATTT-1,0,60,8,17441,3332
AGAACCCTCAATTGGG-1,0,61,9,17694,3479
CCTATATCGTGTCACG-1,0,60,10,17440,3623
ACGGCTGGATGTAGAA-1,0,61,11,17692,3769
CTCGCATTGCATAGCC-1,0,60,12,17438,3913
ACTTTGGTCGTGCTCC-1,0,61,13,17690,4060
GCTGGTTTAGGCCATA-1,0,60,14,17436,4204
TGTCGTTATCACATAT-1,0,61,15,17688,4351
ACACATGATCAAATCT-1,0,60,16,17435,4495
TATCCATCTCGGTTAG-1,0,61,17,17687,4641
CTCGTCGAGGGCTCAT-1,0,60,18,17433,4785
ATCAATGCCGTGGCTG-1,0,61,19,17685,4932
GAAACATAGGAAACAG-1,0,60,20,17431,5076
TAATAGGTCACCAGAA-1,0,61,21,17683,5223
CACCAGTCAGCATGCA-1,0,60,22,17430,5367
GAGCGCTGTTAGGTAA-1,0,61,23,17682,5514
CCCTATGTAGAGCAGA-1,0,60,24,17428,5658
GATCGCTATATCTCAG-1,0,61,25,17680,5804
AAGGGACTATGCATTC-1,0,60,26,17426,5948
CTCGGGTTCTCTGGCC-1,0,61,27,17678,6095
TATATATCGAGAAATG-1,0,60,28,17425,6239
ACCCGAGCGAAATTAC-1,0,61,29,17677,6386
TTGTTTCATTAGTCTA-1,0,60,30,17423,6530
ATGGGACCTGCTGAAC-1,0,61,31,17675,6677
TGCGACGGCCGAACGT-1,0,60,32,17421,6820
AGCTAACAAGCAATGT-1,0,61,33,17673,6967
CGTGTCTCGTTACGAC-1,0,60,34,17420,7111
CTAAATCCGGTGTACA-1,0,61,35,17672,7258
GAATAGTGCTCGATTA-1,0,60,36,17418,7402
AACAATACATTGTCGA-1,0,61,37,17670,7549
CACATCGTGCACGCGC-1,0,60,38,17416,7693
ACCGTGACCACGTGGG-1,0,61,39,17668,7839
CCCAATGAGATTTGCA-1,0,60,40,17415,7983
TCAGCAGTAGGCCCTG-1,0,61,41,17667,8130
CTACTCAAGGTATAGT-1,0,60,42,17413,8274
TAGTAGCTTATACCAG-1,0,61,43,17665,8421
ACGTTCGTTCAGGAAA-1,0,60,44,17411,8565
TTAGAATAAGGGTCGG-1,0,61,45,17663,8712
TTCTAGAAAGTCTTAT-1,1,60,46,17410,8855
CCTTCAGTTAAAGTGA-1,1,61,47,17662,9002
TAGCTAGTGATGATGG-1,1,60,48,17408,9146
AGCCCGGTAGCCTGTA-1,1,61,49,17660,9293
TACCTCAGTTGTCTGT-1,1,60,50,17406,9437
GACGGGTTGGCCCGTA-1,1,61,51,17658,9584
GAAACCTATACAAATG-1,1,60,52,17405,9728
TCCACCTCTAGCCTTT-1,1,61,53,17657,9874
AAGACCCAACTGAACA-1,1,60,54,17403,10018
CATACACGGTTCCCAC-1,1,61,55,17655,10165
ACTACGCGTTAGAATT-1,1,60,56,17401,10309
CTTGGCCAAGCTGGGA-1,1,61,57,17653,10456
TTACCCTAGGGATTGG-1,1,60,58,17400,10600
TTCGCACTGTACGACA-1,1,61,59,17652,10747
TAGGTGTTCCACAGAT-1,1,60,60,17398,10890
GAAGCCTGCACATTCC-1,1,61,61,17650,11037
GGCTTTCAATAAGGGT-1,1,60,62,17396,11181
TCCAGGGTATATACGA-1,1,61,63,17648,11328
CTCGCCGAATGTAGGG-1,1,60,64,17395,11472
AGGAAGCTGTCCGCCG-1,1,61,65,17647,11619
GTCTCAAGGCCCGGCT-1,1,60,66,17393,11763
ACCGACACATCTCCCA-1,1,61,67,17645,11909
TATACGCGTCATCACT-1,1,60,68,17391,12053
ATCTGGGCTGTTCTTG-1,1,61,69,17643,12200
TCAAATTTGAGACTCA-1,1,60,70,17390,12344
GTTAAGGGTGCGATGT-1,1,61,71,17642,12491
AGCAAAGGCCGCTAGT-1,1,60,72,17388,12635
TTATAGGTAATTGTCT-1,1,61,73,17640,12782
TTGTGCAGCCACGTCA-1,1,60,74,17386,12926
ACGGACTCTCAAAGCG-1,1,61,75,17638,13072
ATGCTCTGGCGCGGTA-1,1,60,76,17385,13216
ATAATCTTGGAGAACC-1,1,61,77,17637,13363
CTCATTGCTCTAACAA-1,1,60,78,17383,13507
TAGGTGACGATAACCT-1,1,61,79,17635,13654
CGGATCCTCAAGGACT-1,1,60,80,17381,13798
GGGCGTGGTTTCCCAG-1,1,61,81,17633,13944
TGGCTATGTGACATAC-1,1,60,82,17380,14088
CTTAGTGTAGTAGCAT-1,1,61,83,17632,14235
GGATTGCTGTGACTCC-1,1,60,84,17378,14379
ACTTCCATGCGGGACA-1,1,61,85,17630,14526
ACTCAAGTGCAAGGCT-1,1,60,86,17376,14670
ACAAGGATGCTTTAGG-1,1,61,87,17628,14817
TTGAACGACGTGCTGA-1,1,60,88,17375,14961
ATTCATCGTTGAGGCA-1,1,61,89,17627,15107
TGCAACCCATCTGCGG-1,0,60,90,17373,15251
AGTGCTAAACACAGCA-1,0,61,91,17625,15398
AACTCCAGAGCGTGTT-1,0,60,92,17371,15542
TCTCCACAAGTTGAAT-1,0,61,93,17623,15689
CTTTGCATCGCTCTTG-1,0,60,94,17370,15833
TCACAAACCGAGGTAC-1,0,61,95,17622,15979
CCGTAGGAAATCCCTG-1,0,60,96,17368,16123
AAACATTTCCCGGATT-1,0,61,97,17620,16270
GCCTCCGACAATTCAC-1,0,60,98,17366,16414
TCTGCATACCTTGCTT-1,0,61,99,17618,16561
ACCCATTTGTCCCTCT-1,0,60,100,17365,16705
CTGCAGAGAATCAGAG-1,0,61,101,17617,16852
GGAAACTAAATGGGCC-1,0,60,102,17363,16996
CAACCTACCGAGCAGT-1,0,61,103,17615,17142
CCGTAGGGTTGTTTAC-1,0,60,104,17361,17286
GGTTTGTGACCTGAGG-1,0,61,105,17613,17433
TAACCTAGGGAGTCCA-1,0,60,106,17360,17577
TTCCATCGACAGCGTG-1,0,61,107,17612,17724
ATCTCCCACGGAATAT-1,0,60,108,17358,17868
GTTTCAAACGAGTTGT-1,0,61,109,17610,18015
GGAACTTTGGCGATTA-1,0,60,110,17356,18158
CTGCAAGCACGTTCCG-1,0,61,111,17608,18305
CACAGTCCCGCTTCGC-1,0,60,112,17355,18449
TACGCTCGGTATTGGA-1,0,61,113,17607,18596
CTGGTAAAGTGTGGGC-1,0,60,114,17353,18740
CAACCAGTGGCCTACC-1,0,61,115,17605,18887
TCTTCGCGGTGAGAGG-1,0,60,116,17351,19031
TTCGGGTTGCCACGGG-1,0,61,117,17603,19177
ACCGATAGGCATAACC-1,0,60,118,17350,19321
CTTATAGATGGCTGTT-1,0,61,119,17602,19468
AGACGCCCACTTCGCC-1,0,60,120,17348,19612
AGGTCGCCTCCCAACA-1,0,61,121,17600,19759
CCTCACGTCAGCTAAT-1,0,60,122,17346,19903
CCACCTGTATGGAATA-1,0,61,123,17598,20050
GGACTCGAAGCTTTCA-1,0,60,124,17345,20193
AAGCCGGAGAGCAGGA-1,0,61,125,17597,20340
GCCTATCAGGTAAGAT-1,0,60,126,17343,20484
TCAGAGTGTGAGCATG-1,0,61,127,17595,20631
AAACATGGTGAGAGGA-1,0,62,0,17954,2172
ATCATTGTACCGCATT-1,0,63,1,18206,2319
TCAGCTTGAGCTTTCG-1,0,62,2,17952,2463
CCGCGCAAGATACCCA-1,0,63,3,18204,2609
CTATACTTAAAGCGAG-1,0,62,4,17951,2753
ACCGTCCACTGGGCCC-1,0,63,5,18203,2900
AAGACCAAATAACTCA-1,0,62,6,17949,3044
TGTTTCTGAAGCGTGC-1,0,63,7,18201,3191
TTCTCTTACAGGTGAT-1,0,62,8,17947,3335
AATTCATTGTCATGCA-1,0,63,9,18199,3482
GCCCGAGAGTCTAAAT-1,0,62,10,17946,3625
ATATAGAGTATTGGTC-1,0,63,11,18198,3772
TTGAAGGATGGGCGCC-1,0,62,12,17944,3916
TAGTACCACAACTTTC-1,0,63,13,18196,4063
ATCCCATCCACAGCGC-1,0,62,14,17942,4207
CTTAGGTATAGACCAG-1,0,63,15,18194,4354
TGACTCCGAATCATAC-1,0,62,16,17941,4498
ACTACATCCCGACAAG-1,0,63,17,18193,4644
TTGCCGCAGACCTACA-1,0,62,18,17939,4788
TAAGAGGGACAGGGAC-1,0,63,19,18191,4935
CGAATGAAGTCATTGC-1,0,62,20,17937,5079
AAGGGAACGACTGGCT-1,0,63,21,18189,5226
CGAATCTGCTCGACGC-1,0,62,22,17936,5370
ATCGTGGAAAGTCTGG-1,0,63,23,18188,5517
CCTATGGCTCCTAGTG-1,0,62,24,17934,5660
CGTCGCTTGGTTATAC-1,0,63,25,18186,5807
TGCTTAGAGAGAATGC-1,0,62,26,17932,5951
GATTGCTCCAGTTGCA-1,0,63,27,18184,6098
CGTGCTTCTACCTAAA-1,0,62,28,17931,6242
ACTCCAATATCATCAT-1,0,63,29,18183,6389
GCCGACCCACGACTGC-1,0,62,30,17929,6533
GAGGGTAGTAACAAAG-1,0,63,31,18181,6679
GGCCGAGACTCTGGTG-1,0,62,32,17927,6823
TATATAGGGCTTTACG-1,0,63,33,18179,6970
TGCCGGATGTACGAGC-1,0,62,34,17926,7114
AGGTAGATCGAGATAT-1,0,63,35,18178,7261
GATCAACATAAAGGGA-1,0,62,36,17924,7405
TAACAGCGTTTGTGCT-1,0,63,37,18176,7552
CTATAGGCGTTGATGT-1,0,62,38,17922,7695
GGTTTAATTACCATCG-1,0,63,39,18174,7842
CTCTTCTGGAAGTTAG-1,0,62,40,17921,7986
ATCTGACATGGAAGGA-1,0,63,41,18173,8133
TACGTACTAGTGCTGA-1,0,62,42,17919,8277
ATGACTATCAGCTGTG-1,0,63,43,18171,8424
CTTTGGGATTGTTGCA-1,0,62,44,17917,8568
AGACTGTTACCGGGTC-1,0,63,45,18169,8714
TCCTAACCGTCGGGCA-1,1,62,46,17916,8858
ACGCAAACTAATAGAT-1,0,63,47,18168,9005
AAGTGAGTCGGGTTTA-1,1,62,48,17914,9149
TAAAGCGGTATTTCCA-1,1,63,49,18166,9296
CTCCTCCAGCTCACAC-1,1,62,50,17912,9440
CGGTCCGTCGCAAGCC-1,1,63,51,18164,9587
CCTATATTTGTCCTGG-1,1,62,52,17911,9731
TCCAATAAAGGCTACC-1,1,63,53,18163,9877
AAAGGCTACGGACCAT-1,1,62,54,17909,10021
CGTGACCAGTCCTCTG-1,1,63,55,18161,10168
GATCTGCTATCTAAGG-1,1,62,56,17907,10312
CGAATGACGCATAATG-1,1,63,57,18159,10459
GCTCAATGTAATACCG-1,1,62,58,17906,10603
CTATGCCCGAATGCAA-1,1,63,59,18158,10749
CACAGGGCCGTTGTCA-1,1,62,60,17904,10893
TCAATACGCCGTCATG-1,1,63,61,18156,11040
AGCGGACACTTCGTAG-1,1,62,62,17902,11184
ATACGTTATGCACGGA-1,1,63,63,18154,11331
GAGTAGATACTAGTTG-1,1,62,64,17901,11475
CCAGCTCGAACGCATT-1,1,63,65,18153,11622
TGCTTCCCAAGCAGTA-1,1,62,66,17899,11766
GTAGACACGCCTGACT-1,1,63,67,18151,11912
CTCACATTTACTAAAT-1,1,62,68,17897,12056
GAATGCGAATCGGTTC-1,1,63,69,18149,12203
TAAGGCCCGTCACCCT-1,1,62,70,17896,12347
GAGTATGCGCGTGCAT-1,1,63,71,18148,12494
ATCCACATCGACAGAA-1,1,62,72,17894,12638
TAGACGAAACGCCAAT-1,1,63,73,18146,12785
CAGCAGTCTGTGCTGC-1,1,62,74,17892,12928
CTCACTGTGATACTTA-1,1,63,75,18144,13075
TTAATTGCTTTGGGTG-1,1,62,76,17891,13219
GTAGTCTACGATATTG-1,1,63,77,18143,13366
TTGCCGCTTTCTAGTA-1,1,62,78,17889,13510
GAACCTTTAACGATCC-1,1,63,79,18141,13657
TGGACCAATCTAAGAT-1,1,62,80,17887,13801
CTAGTAGAAAGGGATT-1,1,63,81,18139,13947
AACCTCGCTTTAGCCC-1,1,62,82,17885,14091
GAGTGTCAACCAGAAA-1,1,63,83,18138,14238
GTGATCCTTGTCATGA-1,1,62,84,17884,14382
CTCAACTAACCCGGAT-1,0,63,85,18136,14529
AGTGGCGTCTGAAGGT-1,1,62,86,17882,14673
GGGAAGGGCTTTCTCA-1,0,63,87,18134,14820
AGGCCTGAGAATCTCG-1,0,62,88,17880,14963
AGCCACAGGTTACCCG-1,0,63,89,18133,15110
TGCAATCTAACACGGT-1,0,62,90,17879,15254
GTTTGGGTTTCGCCCG-1,0,63,91,18131,15401
CCTATGTCCACTCCAC-1,0,62,92,17877,15545
CTGCCTTTCTAGTAAA-1,0,63,93,18129,15692
TTAGTAAACCTGCTCT-1,0,62,94,17875,15836
TTGTGGTGGTACTAAG-1,0,63,95,18128,15982
CCTCCTGTTGTGTCGT-1,0,62,96,17874,16126
ACAAAGCATGACCTAG-1,0,63,97,18126,16273
ATAGCAACTAGGGAAG-1,0,62,98,17872,16417
CCGCTCTTCCGAACTA-1,0,63,99,18124,16564
TAGAATAGCCGATGAA-1,0,62,100,17870,16708
GGTCTCCGTCCAGGTT-1,0,63,101,18123,16855
TAATTACGTCAGTAGA-1,0,62,102,17869,16998
TACGTAAAGCGGAGTG-1,0,63,103,18121,17145
GCTACAATCGAGGATA-1,0,62,104,17867,17289
TCAGCCAATCCGTAAA-1,0,63,105,18119,17436
ATCATAGCCCTATGTA-1,0,62,106,17865,17580
GAGGCCTGTTGATACA-1,0,63,107,18118,17727
ATATACGCTCGTGACG-1,0,62,108,17864,17871
CCCTTTAATGGAGTTC-1,0,63,109,18116,18017
TTACACGATCTGCGAC-1,0,62,110,17862,18161
TCGCATAAAGGGCGCA-1,0,63,111,18114,18308
TGTAGCCATCCCATTC-1,0,62,112,17860,18452
GGGTCTATCGCTTTCC-1,0,63,113,18113,18599
GGAGGGTCAAGTAAGA-1,0,62,114,17859,18743
TACGGCATGGACGCTA-1,0,63,115,18111,18890
CACGTCAATCAATGGA-1,0,62,116,17857,19033
CGCTTGGACGGATAGA-1,0,63,117,18109,19180
CGCGGTACGGTATACA-1,0,62,118,17855,19324
CCTACTCAACACGATT-1,0,63,119,18108,19471
CGTTTGGTGTTGTGGG-1,0,62,120,17854,19615
GTTGTTGCAAGATGGC-1,0,63,121,18106,19762
CATTCGTCGTAGCGGT-1,0,62,122,17852,19906
CAGCCTCGATAGCGGT-1,0,63,123,18104,20052
TCATAAGTCCAAGAAG-1,0,62,124,17850,20196
AAAGTGCCATCAATTA-1,0,63,125,18103,20343
GTTGCAGTCGACAACA-1,0,62,126,17849,20487
TAAATGGGCTACTGAG-1,0,63,127,18101,20634
GGACAAGCCATGATCG-1,0,64,0,18460,2175
TCCAATGCGTCGCCGC-1,0,65,1,18712,2322
AAAGAATGACCTTAGA-1,0,64,2,18458,2465
CCTATTATTCCGGCCG-1,0,65,3,18710,2612
CAGTAAGGGACGTCTC-1,0,64,4,18456,2756
GGGATGGACCCGCGTC-1,0,65,5,18709,2903
GACGCATACCCGTCGG-1,0,64,6,18455,3047
GGGCAGGATTTCTGTG-1,0,65,7,18707,3194
TATCTGAGCCGATATT-1,0,64,8,18453,3338
AATGTATGGCACTGTA-1,0,65,9,18705,3484
GCCTTTGTCAGTGGAC-1,0,64,10,18451,3628
AACCATAGGGTTGAAC-1,0,65,11,18704,3775
AAACTTAATTGCACGC-1,0,64,12,18450,3919
TAGGCGGCTGCAAAGA-1,0,65,13,18702,4066
TCCATCAATACTAATC-1,0,64,14,18448,4210
ACCTCGAACTTATGCT-1,0,65,15,18700,4357
ACAAACCATGCGTCCT-1,0,64,16,18446,4500
ACACCGGTCTGACCGC-1,0,65,17,18699,4647
ATGGCAGCATTACGAT-1,0,64,18,18445,4791
CTGGTGAATGGGCCTA-1,0,65,19,18697,4938
CACAGAGACGAGGACG-1,0,64,20,18443,5082
GCACAAACCCTAGATG-1,0,65,21,18695,5229
ACTATGTCCAGCTGCC-1,0,64,22,18441,5373
AAGCCGCCGTGAAATC-1,0,65,23,18694,5519
ATGGGTGTATACCTCC-1,0,64,24,18440,5663
TAAGCGCGAATCAAAT-1,0,65,25,18692,5810
AGCCCGGCATTAGAGG-1,0,64,26,18438,5954
GTGATCAAGCGTGCAC-1,0,65,27,18690,6101
CTGCCTTTAATACCTT-1,0,64,28,18436,6245
TACCTCCACACCAATG-1,0,65,29,18689,6392
GAGCATCAACAACTTG-1,0,64,30,18435,6536
CATACGAACTAGCTGG-1,0,65,31,18687,6682
GGGAACGGTTTCAGAT-1,0,64,32,18433,6826
AGGGTGCCGTTCTTTA-1,0,65,33,18685,6973
ACGACTGGTCATACTC-1,0,64,34,18431,7117
GGATCTTACTGCCCTT-1,0,65,35,18684,7264
TACTCCTCTAGTTGAC-1,0,64,36,18430,7408
GTAGCTCCGGGAGGCT-1,0,65,37,18682,7554
GGACTCGTGAGTGGTC-1,0,64,38,18428,7698
GTAGTTCGAAGGCGAA-1,0,65,39,18680,7845
CTCAAACCACTGCCCG-1,0,64,40,18426,7989
GAGGGAGTCAGATCGC-1,0,65,41,18678,8136
GCGTCCCTAAGACATA-1,0,64,42,18425,8280
TCTCTTACCGCGAACC-1,0,65,43,18677,8427
GGCTACTATACACTCC-1,0,64,44,18423,8571
CGTTGCCCGCGTGGGA-1,0,65,45,18675,8717
TATAGAGTCGCTTGAA-1,0,64,46,18421,8861
ATGTTGTAGTCTGTTT-1,0,65,47,18673,9008
AGTATACACAGCGACA-1,0,64,48,18420,9152
TGTGGTTGCTAAAGCT-1,1,65,49,18672,9299
TGATTCCCGGTTACCT-1,1,64,50,18418,9443
CACTGACGATTGTGGA-1,0,65,51,18670,9590
AACATTGTGACTCGAG-1,0,64,52,18416,9733
GTCCAATATTTAGCCT-1,0,65,53,18668,9880
GCTCTTTCCGCTAGTG-1,1,64,54,18415,10024
GGGTCAGGAGCTAGAT-1,0,65,55,18667,10171
AGGTGGTGACCTTCGC-1,1,64,56,18413,10315
CCCGGGTCGTTCAGGG-1,1,65,57,18665,10462
AGCCAAGCTTTGTGTC-1,1,64,58,18411,10606
TGTGGCGGGCTTCTGG-1,1,65,59,18663,10752
CGAGGGTATCCAGGTG-1,1,64,60,18410,10896
CGTTCAGACCCGCGAA-1,0,65,61,18662,11043
TCATATGAGCTTTGTT-1,1,64,62,18408,11187
AGTTGACGGTCCTTGC-1,0,65,63,18660,11334
ATAATTAGCTAAGTAG-1,1,64,64,18406,11478
GGTCTTGAGCGCTCTT-1,0,65,65,18658,11625
CGTTGTCGGCAATTGA-1,1,64,66,18405,11768
TCTTGCTCCCGATACT-1,1,65,67,18657,11915
AGCAGAAGGAGAAAGA-1,1,64,68,18403,12059
GAAGCCACTGATTATG-1,1,65,69,18655,12206
TGCTCTTGAGAGTTTG-1,1,64,70,18401,12350
GACATCCGTCGAACTG-1,0,65,71,18653,12497
AGATATAATACGACTA-1,1,64,72,18400,12641
TCGCTACTGGCTTTGA-1,0,65,73,18652,12787
GTGACAGCTTCCCACT-1,1,64,74,18398,12931
GTGACGCAGGTTTCAT-1,0,65,75,18650,13078
GGGAAGACGGTCTGTC-1,0,64,76,18396,13222
CGTCGCATGTGAGCCA-1,0,65,77,18648,13369
AGAAGGTTGTAGGTCG-1,0,64,78,18395,13513
GGCCGGCGTCTGCTAT-1,0,65,79,18647,13660
TTGACCAGGAACAACT-1,1,64,80,18393,13803
AGTCGTATAAAGCAGA-1,0,65,81,18645,13950
GGCGTAGGGAAAGCTG-1,0,64,82,18391,14094
AAACCTAAGCAGCCGG-1,0,65,83,18643,14241
ATTGCCTTTATGTTTG-1,0,64,84,18390,14385
CAGGCAGTCTTACCAG-1,0,65,85,18642,14532
AGCTAAGTACGCAGGC-1,0,64,86,18388,14676
AAATCCGATACACGCC-1,0,65,87,18640,14822
CGAGAGCTTTCACTAC-1,0,64,88,18386,14966
CGCCCAGCGTTTCACG-1,0,65,89,18638,15113
TTAAGTATTGTTATCC-1,0,64,90,18385,15257
AAACGGGCGTACGGGT-1,0,65,91,18637,15404
GTATCCTTTGGTAACC-1,0,64,92,18383,15548
CATAGTCAAATACATA-1,0,65,93,18635,15695
TCTATGCTATAACGAC-1,0,64,94,18381,15838
ACGTTCTGTACAAGTC-1,0,65,95,18633,15985
CGCGAAGTGGCATACT-1,0,64,96,18380,16129
ACCAACCGCACTCCAC-1,0,65,97,18632,16276
GTCATGCGCGAGGGCT-1,0,64,98,18378,16420
TAGGCTAAAGTGGCAC-1,0,65,99,18630,16567
TGGCTACACTCTACCT-1,0,64,100,18376,16711
TGTCCACGGCTCAACT-1,0,65,101,18628,16857
AATTGCAGCAATCGAC-1,0,64,102,18375,17001
GTCAACCAGGCCTATA-1,0,65,103,18627,17148
ATCTTATCGCACACCC-1,0,64,104,18373,17292
GTCTATTGCATGCTCG-1,0,65,105,18625,17439
GCACGTGGTTTACTTA-1,0,64,106,18371,17583
ATTCGCGCCTTGAGAG-1,0,65,107,18623,17730
AGCGATGCGCCTAATA-1,0,64,108,18370,17874
TCTATAGGTGGGTAAT-1,0,65,109,18622,18020
AGATACCAATAGAACC-1,0,64,110,18368,18164
CGTGTATGGGAGCTGA-1,0,65,111,18620,18311
ATGTACATGCGGTGAG-1,0,64,112,18366,18455
TTGGCTCAATATGTGT-1,0,65,113,18618,18602
GTTCGGAGCACTCAAC-1,0,64,114,18365,18746
TCCCTCTTCTCAAGGG-1,0,65,115,18617,18892
TTACGTATCTATGACA-1,0,64,116,18363,19036
CCCATATAGGTCGATT-1,0,65,117,18615,19183
GTCCACGTCGCATTCG-1,0,64,118,18361,19327
AATTGTGGTTGCCAAA-1,0,65,119,18613,19474
AGGAACGAACGACTTC-1,0,64,120,18360,19618
TAATTCCAATGCTTCA-1,0,65,121,18612,19765
AGGGCCCTAATGTTCT-1,0,64,122,18358,19909
AGGTGTTGCCGACCAC-1,0,65,123,18610,20055
CTGAGAGTAGAAATAC-1,0,64,124,18356,20199
TAGAAGAAGGGTTACA-1,0,65,125,18608,20346
GGTGACTGATAGAGAG-1,0,64,126,18355,20490
TACCCTCGGTAACCCT-1,0,65,127,18607,20637
TGTAAGACTGATAAGA-1,0,66,0,18966,2178
GTCACTCATGAGCGAT-1,0,67,1,19218,2324
CGGTTTACTGAACATT-1,0,66,2,18964,2468
GAGATCGATCTTACTC-1,0,67,3,19216,2615
TCTTTCATCCGTCCTT-1,0,66,4,18962,2759
TCGGATCTGGATGACC-1,0,67,5,19214,2906
GTCCTAGGATACCTTA-1,0,66,6,18961,3050
TGTACCCGACCCTAAT-1,0,67,7,19213,3197
AGGTTCTCCTTTCCGG-1,0,66,8,18959,3341
AATTGCGTGGATTACA-1,0,67,9,19211,3487
CGATAGCGATACAGTG-1,0,66,10,18957,3631
CGCCCTAATTGTTCAA-1,0,67,11,19209,3778
ATTATGAGACCCAATT-1,0,66,12,18956,3922
CCTCCTAGCTAGAGTC-1,0,67,13,19208,4069
CGAAGGGTTTCAGATT-1,0,66,14,18954,4213
CACAAGCTAAGAAAGG-1,0,67,15,19206,4359
CACCGGTAGAGACATT-1,0,66,16,18952,4503
ACTCATGGCAGCCTTC-1,0,67,17,19204,4650
CATCCAATATAGTTTG-1,0,66,18,18951,4794
CAGATATGAAGATGAC-1,0,67,19,19203,4941
GCAAAGGGCGTTAGCC-1,0,66,20,18949,5085
CTGTTGTTCAGTCGTA-1,0,67,21,19201,5232
AAAGGCCCTATAATAC-1,0,66,22,18947,5376
AACATTGAAGTTGATC-1,0,67,23,19199,5522
GCTAGCGATAGGTCTT-1,0,66,24,18946,5666
ATTGCCTATTAGACCG-1,0,67,25,19198,5813
GGGCGTTTACATTCAT-1,0,66,26,18944,5957
CCTCTACAAGGATTGG-1,0,67,27,19196,6104
AGTGACTGTGACACAA-1,0,66,28,18942,6248
AGCCCTCCCTGGTGGC-1,0,67,29,19194,6395
CGGTTGAGTATCCTTC-1,0,66,30,18941,6538
CATTATCCCATTAACG-1,0,67,31,19193,6685
AATGTGCTAATCTGAG-1,0,66,32,18939,6829
CTTAGTTGAGGAATCG-1,0,67,33,19191,6976
CTTCTGGGCGTACCTA-1,0,66,34,18937,7120
AGTCAAATGATGTGAT-1,0,67,35,19189,7267
TGAACAAGCAGGGACT-1,0,66,36,18936,7411
AATACCGGAGGGCTGT-1,0,67,37,19188,7557
GTTTGGTGATCGGTGC-1,0,66,38,18934,7701
GACTGCTGGTGAGAAA-1,0,67,39,19186,7848
CGATCCTCGCAACATA-1,0,66,40,18932,7992
CCAACCTTATGTAACT-1,0,67,41,19184,8139
CGTGGTACCCAAAGGC-1,0,66,42,18931,8283
AACCCGACAACCCGTG-1,0,67,43,19183,8430
TATGTAAAGTGCTTAA-1,0,66,44,18929,8573
GCAAGTGTAAAGCATG-1,0,67,45,19181,8720
GTAACTGCCCAAGGAG-1,0,66,46,18927,8864
GGTGCATAAATGATTA-1,0,67,47,19179,9011
TAGTCCCGGAGACCAC-1,0,66,48,18926,9155
CGGCCAGAGCGACCAT-1,0,67,49,19178,9302
TGAATGAGTGTTTCCC-1,0,66,50,18924,9446
TTCACTTCCTAGAACG-1,0,67,51,19176,9592
CGCTTAGTATTGATAC-1,0,66,52,18922,9736
AACGCGACCTTGGGCG-1,0,67,53,19174,9883
GTGCACCAGCTTCAAC-1,0,66,54,18921,10027
TTCTATTAAACGCAGC-1,0,67,55,19173,10174
TGGCAAGCACAAGTCG-1,0,66,56,18919,10318
ATCTGCTGTTATCGCC-1,0,67,57,19171,10465
AATTCCAAGCATGTAC-1,0,66,58,18917,10608
AAACGGTTGCGAACTG-1,0,67,59,19169,10755
GAAGGAGTCGAGTGCG-1,0,66,60,18916,10899
GGCAAGCCCATAGTGG-1,0,67,61,19168,11046
TGACCAAATCTTAAAC-1,0,66,62,18914,11190
TTCGGTACTGTAGAGG-1,0,67,63,19166,11337
ATGTACGATGACGTCG-1,0,66,64,18912,11481
ATCTAGCTTGTGAGGG-1,0,67,65,19164,11627
AGCGGGTCTGACACTC-1,0,66,66,18911,11771
GAGGTACGCGTGTCCC-1,0,67,67,19163,11918
GCACTGCCTACCTTTA-1,0,66,68,18909,12062
GGAGCGAGGCCTACTT-1,0,67,69,19161,12209
AAACTCGGTTCGCAAT-1,0,66,70,18907,12353
GGCGCTTCATTCCCTG-1,0,67,71,19159,12500
TGCTCGGTGGGTCACC-1,0,66,72,18906,12643
AAGCGCAGGGCTTTGA-1,0,67,73,19158,12790
GACCTTCCACGTCTAC-1,0,66,74,18904,12934
GTTAGCCCATGACATC-1,0,67,75,19156,13081
AATTCGATTCGAGGAT-1,0,66,76,18902,13225
AGTCTTTAAAGTGTCC-1,0,67,77,19154,13372
GACTAGGCCGTTAGGT-1,0,66,78,18901,13516
TCCAAGCCTAGACACA-1,0,67,79,19153,13662
GATTGGGAAAGGTTGT-1,0,66,80,18899,13806
GATGAGGAACCTTCGG-1,0,67,81,19151,13953
TGAATACCGACGCGTA-1,0,66,82,18897,14097
AATCGTGAGCCGAGCA-1,0,67,83,19149,14244
GCGAAGAATCTGACGG-1,0,66,84,18896,14388
GAACAACTGGGATGAA-1,0,67,85,19148,14535
TCGCCGACATATTCGC-1,0,66,86,18894,14679
CGTAGAGAGTAATTAT-1,0,67,87,19146,14825
CGATAGTCGTACTGCA-1,0,66,88,18892,14969
CGCATGCCGAATGCGT-1,0,67,89,19144,15116
CTCTAGCCCTCGGAAA-1,0,66,90,18891,15260
TCCAACTCAGCTATCT-1,0,67,91,19143,15407
GTCTAGTGAGCCGCTT-1,0,66,92,18889,15551
TACCGAATAATTGTAA-1,0,67,93,19141,15697
ATATAACACGGGCGCA-1,0,66,94,18887,15841
GCATGCTAATAACGAT-1,0,67,95,19139,15988
TCCGGGCTTGACGGGA-1,0,66,96,18886,16132
ATTATTCAGAGTCACT-1,0,67,97,19138,16279
TAGCAGTATGACTAAA-1,0,66,98,18884,16423
TATGAAGAATTAAGGT-1,0,67,99,19136,16570
CAAGGCCAGTGGTGCA-1,0,66,100,18882,16714
TGCGTACGGCTAATTG-1,0,67,101,19134,16860
CAGATAATGGGCGGGT-1,0,66,102,18881,17004
GAGAACGGTTCTGACT-1,0,67,103,19133,17151
CGCTTCGGTCTAAGAC-1,0,66,104,18879,17295
AGCATTACGAGGCAAG-1,0,67,105,19131,17442
AAGTTGTGATGTTATA-1,0,66,106,18877,17586
TTGCTCATAGTACGTG-1,0,67,107,19129,17733
TACTTAAACATGTACA-1,0,66,108,18875,17876
AGTGAGTCGAATTAAC-1,0,67,109,19128,18023
TAGGCCTATATAGTCT-1,0,66,110,18874,18167
ACTCGCCGTTCGATAA-1,0,67,111,19126,18314
GGTACGTTGCGGCCGG-1,0,66,112,18872,18458
TATTGCCGGGCTTGTA-1,0,67,113,19124,18605
GGTAAACTCTGCGCTG-1,0,66,114,18870,18749
TCCCTTGTCTGAAACT-1,0,67,115,19123,18895
CATGATCGCTTTGAGA-1,0,66,116,18869,19039
GGACGGGCGACCAACC-1,0,67,117,19121,19186
GAGAGGCCTATGTGTA-1,0,66,118,18867,19330
TCGTAACTCCCAAGAC-1,0,67,119,19119,19477
CGTATCTAGAACTAAG-1,0,66,120,18865,19621
GCACCTTCCCGAAGGT-1,0,67,121,19118,19768
TACCTCTTTACCATCC-1,0,66,122,18864,19911
TGACTCTAACTGGTAA-1,0,67,123,19116,20058
GAGAAACTGGATCCCA-1,0,66,124,18862,20202
ATCCGGACCAGCCTGA-1,0,67,125,19114,20349
TTATTTAGGTTCCTTA-1,0,66,126,18860,20493
CGAATTCCCGGTTCAA-1,0,67,127,19113,20640
TAGTTTGATCGGTCGC-1,0,68,0,19471,2181
AGTCGAAACGATTCAG-1,0,69,1,19724,2327
ACGTCGGGCAACTCGG-1,0,68,2,19470,2471
ACTTGCTCTATCTACC-1,0,69,3,19722,2618
ATTACGGGCTACGGTT-1,0,68,4,19468,2762
GCAAACGTAAGCGACC-1,0,69,5,19720,2909
TTCGGACTGGGCATGG-1,0,68,6,19466,3053
GGGCCATTCGTGCTGG-1,0,69,7,19719,3200
GAGTTGTCACCAGTCT-1,0,68,8,19465,3343
AGTAATTTGCAAGCGT-1,0,69,9,19717,3490
GTGGCCGGTTTCTCGG-1,0,68,10,19463,3634
ATCTTAGGGCATTAAT-1,0,69,11,19715,3781
CTACATATCGCGGGAC-1,0,68,12,19461,3925
ATGGTATTTACTGATT-1,0,69,13,19714,4072
CCGTCAACCTCTGGCG-1,0,68,14,19460,4216
GCTTCGACGTTCAATC-1,0,69,15,19712,4362
GACCGATTAAATATGT-1,0,68,16,19458,4506
GTCGAATTTGGGCGCT-1,0,69,17,19710,4653
TCACGGCCCAAGAGAG-1,0,68,18,19456,4797
CTACGATCCTATCCTA-1,0,69,19,19709,4944
TGCAGTGGTAGGGAAC-1,0,68,20,19455,5088
TTGCCTAATCCAAAGT-1,0,69,21,19707,5235
AGCGAGACGTGAAGGC-1,0,68,22,19453,5378
TTCTACCTCAATCGGT-1,0,69,23,19705,5525
TACGCTGCTGTGTTAA-1,0,68,24,19451,5669
TAGTCCTGCACTAAGC-1,0,69,25,19704,5816
AGCACACGTTTAGACT-1,0,68,26,19450,5960
GTTCGACAATTGTATA-1,0,69,27,19702,6107
CCATGTTCATCTATAT-1,0,68,28,19448,6251
CCCTCGATAATACACA-1,0,69,29,19700,6397
ACTGCCCGCCATTCTC-1,0,68,30,19446,6541
CTATATCCAGCCTGGC-1,0,69,31,19699,6688
CGCACGTCTGTTTATG-1,0,68,32,19445,6832
AATCAGGTTTCATTTA-1,0,69,33,19697,6979
AGAGAAACACCAGAAA-1,0,68,34,19443,7123
ACCCGATTGGTTCCGA-1,0,69,35,19695,7270
TACCAGGAATCCCGTC-1,0,68,36,19441,7413
AAGTGCTTCTCTATTG-1,0,69,37,19694,7560
TGCATGTGACCCATAG-1,0,68,38,19440,7704
TAGATTCAAAGTGCGG-1,0,69,39,19692,7851
AGGGTCAGAGCACTCG-1,0,68,40,19438,7995
GTGAGATAACCTTATA-1,0,69,41,19690,8142
GTGTCAGTGTACGTGG-1,0,68,42,19436,8286
CTGTAGTGAGGATCGA-1,0,69,43,19689,8432
GATAGTGCGAGTAAGT-1,0,68,44,19435,8576
AGGGTTCAGACGGTCC-1,0,69,45,19687,8723
GGACTCGACAGCGCAT-1,0,68,46,19433,8867
CACTCTCAAGCATCGA-1,0,69,47,19685,9014
GAGCGGAATGCGGTGT-1,0,68,48,19431,9158
CAGTTCGAGGACCCGA-1,0,69,49,19684,9305
CGTAACTTCGACACTT-1,0,68,50,19430,9449
TGATCACCACACTGAC-1,0,69,51,19682,9595
CATACTTCTTTCTCCG-1,0,68,52,19428,9739
CAAGTAAGTGATAGAC-1,0,69,53,19680,9886
AGCCCGCAACAAGCAG-1,0,68,54,19426,10030
GCTCCATGCAAAGCAA-1,0,69,55,19679,10177
TCGTACCGACGTCAAG-1,0,68,56,19425,10321
ATTATCGGAATGTACG-1,0,69,57,19677,10467
ACCTACTATAAATCTA-1,0,68,58,19423,10611
TATCCTATCAACTGGT-1,0,69,59,19675,10758
GCGCGGTCTAGTAACT-1,0,68,60,19421,10902
CCTTCGTATAGAATCC-1,0,69,61,19673,11049
TGGGCGATACAATAAG-1,0,68,62,19420,11193
TGACATGTAACGTGAC-1,0,69,63,19672,11340
TTGGGAAGACGAGCCG-1,0,68,64,19418,11484
GGTGTAAATCGATTGT-1,0,69,65,19670,11630
GAACTGTGGAGAGACA-1,0,68,66,19416,11774
TCCACATCGTATATTG-1,0,69,67,19668,11921
CCTATGGTCAAAGCTG-1,0,68,68,19415,12065
TCCTTGTCCTTTAATT-1,0,69,69,19667,12212
AAGTTTATGGGCCCAA-1,0,68,70,19413,12356
GTCCGGGTTCACATTA-1,0,69,71,19665,12502
ATGTAGCGCGCGTAGG-1,0,68,72,19411,12646
TACGGAAGCCAAACCA-1,0,69,73,19663,12793
GCCCTGAGGATGGGCT-1,0,68,74,19410,12937
CGGGCGATGGATCACG-1,0,69,75,19662,13084
TGCGGACTTGACTCCG-1,0,68,76,19408,13228
TAATACTAGAACAGAC-1,0,69,77,19660,13375
TCAAATTGTTGTGCCG-1,0,68,78,19406,13519
GGGCAGTCAACGCCAA-1,0,69,79,19658,13665
TCGCTGCCAATGCTGT-1,0,68,80,19405,13809
TACGTGGGCCCAGGGC-1,0,69,81,19657,13956
GCCTACGTTCTGTGCA-1,0,68,82,19403,14100
TTGCGTGTGTAGGCAT-1,0,69,83,19655,14247
TCCTAAAGATTCAGAC-1,0,68,84,19401,14391
TGGGTGCACAAGCCAT-1,0,69,85,19653,14538
GGGAGCGACCGTAGTG-1,0,68,86,19400,14681
CATAGAGGAGATACTA-1,0,69,87,19652,14828
CTTCGATTGCGCAAGC-1,0,68,88,19398,14972
GTGCCTGAGACCAAAC-1,0,69,89,19650,15119
TCATCCTCAGCTGCTT-1,0,68,90,19396,15263
TGCAACTACTGGTTGA-1,0,69,91,19648,15410
ATGTTGATTAGAGACT-1,0,68,92,19395,15554
GTTTCTAGAGGCGCGG-1,0,69,93,19647,15700
TACAAGGGCTTCTTTA-1,0,68,94,19393,15844
ACAGGCACGGATCCTT-1,0,69,95,19645,15991
CCCAAGTCATTACACT-1,0,68,96,19391,16135
ACTCTGACCTAATAGA-1,0,69,97,19643,16282
GGATGGCTTGAAGTAT-1,0,68,98,19390,16426
ACCCTCCCGTCAGGGC-1,0,69,99,19642,16573
AGCTTCTTCTCGAGCA-1,0,68,100,19388,16716
TTGCGCTTGATCAATA-1,0,69,101,19640,16863
TGGGTGTAATAGATTT-1,0,68,102,19386,17007
CATGGTTTATTAATCA-1,0,69,103,19638,17154
TTGCCTTCTCGCCGGG-1,0,68,104,19385,17298
TTAAAGTAAGTCGCCA-1,0,69,105,19637,17445
AGTTGGCAAGGCTAGA-1,0,68,106,19383,17589
CCGCACTTGCAATGAC-1,0,69,107,19635,17735
AATGTTGTCGTGAGAC-1,0,68,108,19381,17879
CCAAGGTTGCCCTTTC-1,0,69,109,19633,18026
TGTGACTAGAGTTTGC-1,0,68,110,19380,18170
TTGTGATCTGTTCAGT-1,0,69,111,19632,18317
GGAGTTGATTCTGTGT-1,0,68,112,19378,18461
GTAGTGAGCAACCTCA-1,0,69,113,19630,18608
AAGACATACGTGGTTT-1,0,68,114,19376,18751
CATCCCGAGATTCATA-1,0,69,115,19628,18898
GGCCGCAGGAACCGCA-1,0,68,116,19375,19042
CCAGAAACTGATGCGA-1,0,69,117,19627,19189
ACCCGTAGTCTAGTTG-1,0,68,118,19373,19333
AGGGTCTGGACGCAGT-1,0,69,119,19625,19480
TTGAAACCCTCATTCC-1,0,68,120,19371,19624
TCAATCCCGCGCCAAA-1,0,69,121,19623,19770
AGGACATCGGCACACT-1,0,68,122,19370,19914
GACAAGACGCCCGTGC-1,0,69,123,19622,20061
GAGTAAATTAAGAACC-1,0,68,124,19368,20205
TAAGTCGGTGAGCTAG-1,0,69,125,19620,20352
CTTACTGACTCCTCTG-1,0,68,126,19366,20496
TTAACTGATCGTTTGG-1,0,69,127,19618,20643
GGGCGATCCATAGGCC-1,0,70,0,19977,2183
CGTATTGTTTGGCGCC-1,0,71,1,20229,2330
CGCGTGGGCCTGTGTT-1,0,70,2,19976,2474
AAATCTGCCCGCGTCC-1,0,71,3,20228,2621
GCTGAAGGGTTCTTGG-1,0,70,4,19974,2765
TAATTGCGCTGATTAC-1,0,71,5,20226,2912
TCGCGCGTTTACATGA-1,0,70,6,19972,3056
TAACTGAAATACGCCT-1,0,71,7,20224,3202
CCTGTCGTGTATGAAG-1,0,70,8,19971,3346
CGGGAACGCCCTGCAT-1,0,71,9,20223,3493
AGTTGCGGTCCTCAAC-1,0,70,10,19969,3637
GGGTCCTTGGAAGAAG-1,0,71,11,20221,3784
CGGGAAGTACCGTGGC-1,0,70,12,19967,3928
ACGGTCACCGAGAACA-1,0,71,13,20219,4075
TAGACTCAGTTGGCCT-1,0,70,14,19966,4218
CCTTCCGCAACGCTGC-1,0,71,15,20218,4365
CAGTGTTAATCTCTCA-1,0,70,16,19964,4509
CAGGCCAGTACCACCT-1,0,71,17,20216,4656
GATCGCTGTGGTGCGT-1,0,70,18,19962,4800
GTATCTCGGGCGCTTT-1,0,71,19,20214,4947
CCGGGCTAAGAATTTC-1,0,70,20,19961,5091
CTTCACGCCCTGGTAC-1,0,71,21,20213,5237
CGGATGAATGCTGTGA-1,0,70,22,19959,5381
CTCTGCAGGCATTCTT-1,0,71,23,20211,5528
TCAAAGTCACGGCGTC-1,0,70,24,19957,5672
TGGGTTTCGGGCGTAC-1,0,71,25,20209,5819
TGCTATGGCAAAGGGA-1,0,70,26,19956,5963
TTCACGGTCGTCACGT-1,0,71,27,20208,6110
CGTAAAGCAAGAAATC-1,0,70,28,19954,6254
CTGATCCCTTTATGCA-1,0,71,29,20206,6400
GAGTATACCCTAATCA-1,0,70,30,19952,6544
CCACGGCAGGTGTAGG-1,0,71,31,20204,6691
ACGTACTTTGGCACGG-1,0,70,32,19951,6835
CCTGAGAATAAATGCA-1,0,71,33,20203,6982
TTGATGCCGCTCGTCG-1,0,70,34,19949,7126
GCCAGGAAAGAACACT-1,0,71,35,20201,7272
TCCGACCGCTAATCAA-1,0,70,36,19947,7416
TATATCAAAGTGATCT-1,0,71,37,20199,7563
CCTCGGTTTCCTTGCC-1,0,70,38,19946,7707
TAAATTTAGTAACACC-1,0,71,39,20198,7854
CTCGTTACGGCTACCA-1,0,70,40,19944,7998
GCCGTCGGTTTCGGGC-1,0,71,41,20196,8145
GTTCCGTCCGCCTGCA-1,0,70,42,19942,8289
CTAGGGATAGGGACAA-1,0,71,43,20194,8435
GTCCAGGCACGTGTGC-1,0,70,44,19941,8579
GAGGAATATCTCTTTG-1,0,71,45,20193,8726
CGTTCAAGGAAACGGA-1,0,70,46,19939,8870
GTGGGAACAAACCGGG-1,0,71,47,20191,9017
GGGCACGTAGTACTGT-1,0,70,48,19937,9161
ACTACAAAGAGAGGTG-1,0,71,49,20189,9308
GGTGTAGGTAAGTAAA-1,0,70,50,19936,9451
CCTGTTCAACCTCGGG-1,0,71,51,20188,9598
TGAGGTGTGTGGCGGA-1,0,70,52,19934,9742
ATTGTCTGTTTCATGT-1,0,71,53,20186,9889
GCCGGTCGTATCTCTC-1,0,70,54,19932,10033
ATATGGGATAGCAACT-1,0,71,55,20184,10180
GATAGAACCCGCTAGG-1,0,70,56,19931,10324
ATCCCATTTCCGTGGG-1,0,71,57,20183,10470
GATGCTACCTTCGATG-1,0,70,58,19929,10614
TGCAAAGTTCGTCTGT-1,0,71,59,20181,10761
GTTCAGTCGCCAAATG-1,0,70,60,19927,10905
GTCTCCGCCTCAATAC-1,0,71,61,20179,11052
AGTAGAAGGCGCCTCA-1,0,70,62,19926,11196
GTTGTAGATTTATGAG-1,0,71,63,20178,11343
CTATTTGCTTGGAGGA-1,0,70,64,19924,11486
AGCCATATAGTATGTG-1,0,71,65,20176,11633
TGTTCCGGCCTGAGCT-1,0,70,66,19922,11777
TGCCGTGGGACCCAAT-1,0,71,67,20174,11924
TTGCAAGAAGACTCCT-1,0,70,68,19921,12068
CCGCTCCAGGGCGATC-1,0,71,69,20173,12215
CAAACCCTCCGGCGGG-1,0,70,70,19919,12359
CGGACCTTTACGTCCC-1,0,71,71,20171,12505
ACGTAGGAGAGTCGCT-1,0,70,72,19917,12649
CTGCGACCTCGCCGAA-1,0,71,73,20169,12796
GGCCCAGCTGGTTTGC-1,0,70,74,19916,12940
GGATTAATCATGGACC-1,0,71,75,20168,13087
GAGATGGCTTTAATCA-1,0,70,76,19914,13231
AGTACAGAAGCTTATA-1,0,71,77,20166,13378
GCGGCTTTAGCAAGTT-1,0,70,78,19912,13521
ACCGAGTCTCCTTATT-1,0,71,79,20164,13668
GACCACACTTCCCTTT-1,0,70,80,19911,13812
TGTAGCCAATTCCGTT-1,0,71,81,20163,13959
CTCGTCTGTGCCTTCG-1,0,70,82,19909,14103
GGACTCTTTGACTAAG-1,0,71,83,20161,14250
TCATCGACGACCGTCG-1,0,70,84,19907,14394
TACTACGTGCAATGCG-1,0,71,85,20159,14540
CCCTACTTGAACAATG-1,0,70,86,19906,14684
GCAGCTGTCAACGCAT-1,0,71,87,20158,14831
ATCTACCATCTGCTCC-1,0,70,88,19904,14975
TCTCAAATCAATCGGG-1,0,71,89,20156,15122
ACTCCGGCCGACCACT-1,0,70,90,19902,15266
TACACCTCTTCGAATC-1,0,71,91,20154,15413
GTGGCTGTTTCTGTTC-1,0,70,92,19901,15556
ACGACTCTAGGGCCGA-1,0,71,93,20153,15703
TCGTTTACGCGACCCT-1,0,70,94,19899,15847
AGGATATCCGACTGCA-1,0,71,95,20151,15994
GACACTTCCAATTACC-1,0,70,96,19897,16138
ACGGTACAGTTCAATG-1,0,71,97,20149,16285
CTTGATGACCATCCAG-1,0,70,98,19896,16429
CTGGTAAAGACTTACA-1,0,71,99,20148,16575
CTTGCCCACCCACGCA-1,0,70,100,19894,16719
CATTACGCAGGAAGGG-1,0,71,101,20146,16866
GGACAACCATGAAGCC-1,0,70,102,19892,17010
GTTATCAAGCTATCGA-1,0,71,103,20144,17157
AGGTGCACGTCCACAT-1,0,70,104,19891,17301
AAAGAATGTGGACTAA-1,0,71,105,20143,17448
ACCAAGTCATCGGCAG-1,0,70,106,19889,17592
AGTAACTATAGCAGCC-1,0,71,107,20141,17738
GGGAAAGAATGCCAAC-1,0,70,108,19887,17882
AATCGGTATAGCCCTC-1,0,71,109,20139,18029
GGCACTGCGGTGGTTT-1,0,70,110,19886,18173
CGTCCTCATCGCGTGC-1,0,71,111,20138,18320
CTTAACTTACAGTATA-1,0,70,112,19884,18464
GTGAGTCGACTAATAG-1,0,71,113,20136,18610
TGTACTTCCGGGCATG-1,0,70,114,19882,18754
CACAAACCGCAGAACT-1,0,71,115,20134,18901
GCTTTACACAACTGGG-1,0,70,116,19881,19045
CACCGATGATGGGTAC-1,0,71,117,20133,19192
TCAATATACAGGAGGC-1,0,70,118,19879,19336
AACGACCTCCTAGCCG-1,0,71,119,20131,19483
GTTACCAAGGCGTACG-1,0,70,120,19877,19627
TAGCTCACTGTGTTTG-1,0,71,121,20129,19773
TCGGCAGGGTTAAGGG-1,0,70,122,19876,19917
TGTTAACAAAGTGACT-1,0,71,123,20128,20064
CAGAGCGATGGATGCT-1,0,70,124,19874,20208
CATAGTGGGCACGCCT-1,0,71,125,20126,20355
AAACGCTGGGCACGAC-1,0,70,126,19872,20499
TGTTCTCATACTATAG-1,0,71,127,20124,20646
TCCGCTGGGTCGATCG-1,0,72,0,20483,2186
TTAGCATCCCTCACGT-1,0,73,1,20735,2333
AGCCTTGTCACTGATA-1,0,72,2,20482,2477
GTTTCTTGTTAGAGCT-1,0,73,3,20734,2624
TCGGAGTCCTGGTTGC-1,0,72,4,20480,2768
ACGGGTTGTGACCTGT-1,0,73,5,20732,2915
TGACAGAAATCTTGCT-1,0,72,6,20478,3059
TAGCCATGATTGCCTA-1,0,73,7,20730,3205
CGAAGCCACAGCATGG-1,0,72,8,20477,3349
ACCCGTAGCAGAGAAT-1,0,73,9,20729,3496
AGCTTGATCAGGGTAG-1,0,72,10,20475,3640
CTATAAGTAGGGTTTG-1,0,73,11,20727,3787
TATAGTTAGGTGTACT-1,0,72,12,20473,3931
TACGCTGATAGTTGTA-1,0,73,13,20725,4077
TTCTCAATTGCTACAA-1,0,72,14,20472,4221
GTTGCCCTAACGGGTG-1,0,73,15,20724,4368
GACATTTCGCCCAGCC-1,0,72,16,20470,4512
GTAACTACGTAGACCT-1,0,73,17,20722,4659
CCAGTGTACAGACCGA-1,0,72,18,20468,4803
GCCCGATGCCCAGTTC-1,0,73,19,20720,4950
CGAACCTCTTTCCTAG-1,0,72,20,20466,5094
CATGCACATGAGAGGC-1,0,73,21,20719,5240
CCAAATCAAAGGGCAA-1,0,72,22,20465,5384
GTAGTTTAAGCACACG-1,0,73,23,20717,5531
TAAGTGAATAGTCTAC-1,0,72,24,20463,5675
GGTCCACGTCTATTTG-1,0,73,25,20715,5822
CCCTCAGATCGAGAAC-1,0,72,26,20461,5966
ACATTCGCGCGGAATA-1,0,73,27,20714,6113
CTATGAACACCTTGCC-1,0,72,28,20460,6256
CGAATGGTAGGTCGTC-1,0,73,29,20712,6403
TCGACATAGCGTAGCG-1,0,72,30,20458,6547
GACGTTGCTCGGCGGC-1,0,73,31,20710,6694
CTCGAGGCAAGTTTCA-1,0,72,32,20456,6838
GCTGGGAGCGCGTCAA-1,0,73,33,20709,6985
GACGATATCACTGGGT-1,0,72,34,20455,7129
CAGCTCTGGGCTCACT-1,0,73,35,20707,7275
TAGTCTGCGGCACATT-1,0,72,36,20453,7419
TGGTCGATATACCTCT-1,0,73,37,20705,7566
TTCAGTTCAAGAGGAG-1,0,72,38,20451,7710
GTCTGTAGGTTGAACA-1,0,73,39,20704,7857
GAGAGTCTCGGGAGAG-1,0,72,40,20450,8001
TTGTTTGTATTACACG-1,0,73,41,20702,8148
GCACAGCACGGGCCGA-1,0,72,42,20448,8291
AAACAGTGTTCCTGGG-1,0,73,43,20700,8438
TGGAGAATAATCGTCC-1,0,72,44,20446,8582
CGCCGCGTTCTGAACG-1,0,73,45,20699,8729
CATGCGTTGAGAGGAG-1,0,72,46,20445,8873
TACGCTCCTAGAACTG-1,0,73,47,20697,9020
CCTTGTGAACGTGGTT-1,0,72,48,20443,9164
TTAAAGGCGATGCTCG-1,0,73,49,20695,9310
TAAAGTGCACGTCTCG-1,0,72,50,20441,9454
TGTCCGCAAACAATTC-1,0,73,51,20694,9601
AGGCCTATCATACCAA-1,0,72,52,20440,9745
ACTGGGATGCCAGTGC-1,0,73,53,20692,9892
CGATCCACCATTGTTG-1,0,72,54,20438,10036
GGGCATGCATGTCGAG-1,0,73,55,20690,10183
TCCAGGCAGGACGATC-1,0,72,56,20436,10326
CAATGACCCTTAATTT-1,0,73,57,20689,10473
ATCAAGATCCCAGGAC-1,0,72,58,20435,10617
CTCAGAGCTAATGTCG-1,0,73,59,20687,10764
CTGCGATTTCGAGATT-1,0,72,60,20433,10908
ATGGTATTGGGAACCG-1,0,73,61,20685,11055
TAGGTTCTGCTGAGAA-1,0,72,62,20431,11199
GCCTGTCCCGGTGCAT-1,0,73,63,20684,11345
GGCCTGCTCTGATGTT-1,0,72,64,20430,11489
TAGAGGGAGTTTATCT-1,0,73,65,20682,11636
CTCTACATCCTGCGTG-1,0,72,66,20428,11780
ACACATTTCCGTAGAC-1,0,73,67,20680,11927
TGGGTGTTAAGTAGAA-1,0,72,68,20426,12071
GAGCTCAACATGAGCG-1,0,73,69,20679,12218
GCACACAGCTATTACC-1,0,72,70,20425,12361
GCGACGGTAGTCTCCT-1,0,73,71,20677,12508
GTATCAAGGTACTTCC-1,0,72,72,20423,12652
GGAAAGGGAATTGAGC-1,0,73,73,20675,12799
TACACAGCCGTGGTGC-1,0,72,74,20421,12943
CGGTTGGGCAGGGTCC-1,0,73,75,20674,13090
GCACGCCGATTCCCGC-1,0,72,76,20420,13234
CGCTTTCCGCCAAGGT-1,0,73,77,20672,13380
TGCCCGATAGTTAGAA-1,0,72,78,20418,13524
TCAGAACGGCGGTAAT-1,0,73,79,20670,13671
CCACTCAGATCCGCAA-1,0,72,80,20416,13815
GAAGGGTCATTAAGAC-1,0,73,81,20669,13962
GCGGTCTTGCTTTCAC-1,0,72,82,20415,14106
GGAAGGACACCGTATA-1,0,73,83,20667,14253
CGCGGGAATTCCTTTC-1,0,72,84,20413,14397
TCTATCCGATTGCACA-1,0,73,85,20665,14543
TACTCGTTTGAATCAA-1,0,72,86,20411,14687
GTCTGCCGACTCGACG-1,0,73,87,20663,14834
TACGGGTAATAACATA-1,0,72,88,20410,14978
CCAGTTCGGTAACTCA-1,0,73,89,20662,15125
CGTGCACACCACTGTA-1,0,72,90,20408,15269
CTTCAGTTGGACAACG-1,0,73,91,20660,15415
TGATCTATCACACTCT-1,0,72,92,20406,15559
TAGCAGATACTTAGGG-1,0,73,93,20658,15706
CACCGGGCATCACAAG-1,0,72,94,20405,15850
AGTGGCCCGCAAATGG-1,0,73,95,20657,15997
CTCGCTAGGTAAGCGA-1,0,72,96,20403,16141
GATAGATAGTACAGTC-1,0,73,97,20655,16288
CGAGACTACTGCTGCT-1,0,72,98,20401,16432
ACATTTGAAACCTAAC-1,0,73,99,20653,16578
GACACAGCCGGGACTG-1,0,72,100,20400,16722
ACGGAACACGAGTGCC-1,0,73,101,20652,16869
ACGCCAGTGCGTTTGC-1,0,72,102,20398,17013
GCACCTAGGCGAGTCC-1,0,73,103,20650,17160
TCACTATCCCTTCGGT-1,0,72,104,20396,17304
TGAGTGTAACAACGGG-1,0,73,105,20648,17451
ATTGGTTGTGCATTAC-1,0,72,106,20395,17594
CTGGCGATTTACATGT-1,0,73,107,20647,17741
TCCACCAAGACATAGG-1,0,72,108,20393,17885
AACGTCGCTGCACTTC-1,0,73,109,20645,18032
GTCTCCCGAGTCCCGT-1,0,72,110,20391,18176
AGCCCGCACTACAATG-1,0,73,111,20643,18323
GGCACGCTGCTACAGT-1,0,72,112,20390,18467
GCTTGAGTGACCTCTG-1,0,73,113,20642,18613
ATAGCCATAACAGTCA-1,0,72,114,20388,18757
TAGGAGGCTCGAGAAC-1,0,73,115,20640,18904
GTCGGGTGAAGTACCG-1,0,72,116,20386,19048
CACCCGCGTTTGACAC-1,0,73,117,20638,19195
TCTCAGGCTACTCGCT-1,0,72,118,20385,19339
TAGATTCTCTAGCAAA-1,0,73,119,20637,19486
CCCATTATTGTATCCT-1,0,72,120,20383,19629
GTTAATAGCGTCATTA-1,0,73,121,20635,19776
TACTCATTGACGCATC-1,0,72,122,20381,19920
TAGTGACAAGCTCTAC-1,0,73,123,20633,20067
ATCGCCGTGGTTCATG-1,0,72,124,20380,20211
CTGCTCTCAACACACC-1,0,73,125,20632,20358
GCATGACACAAAGGAA-1,0,72,126,20378,20502
CAACGATCGATCCAAT-1,0,73,127,20630,20648
ATACAGCGTCCACTGA-1,0,74,0,20989,2189
TCACGATTAATACGTT-1,0,75,1,21241,2336
CGTGAACTGACCCGAT-1,0,74,2,20987,2480
TCGATGTTACGGCCGT-1,0,75,3,21239,2627
GACCGGTGATACTCTC-1,0,74,4,20986,2771
TCTGTTTAGATTGTTC-1,0,75,5,21238,2918
GCTACTCGGACGCAGA-1,0,74,6,20984,3061
AAGAAAGTTTGATGGG-1,0,75,7,21236,3208
CGCCAGTAGTACCTTG-1,0,74,8,20982,3352
CTCCCTTGTATCAAGG-1,0,75,9,21234,3499
ACTTTATACACCACTT-1,0,74,10,20981,3643
AGATCTGGAGAGGATA-1,0,75,11,21233,3790
TCATCCATCTGATCAC-1,0,74,12,20979,3934
AGAACACGGCGATGGT-1,0,75,13,21231,4080
CCGCTCCGGATAAGCT-1,0,74,14,20977,4224
TGGTCGGGTACAGGGC-1,0,75,15,21229,4371
ACGGACGCAGCGACAA-1,0,74,16,20976,4515
ACATGCTTACGGCAGC-1,0,75,17,21228,4662
CAGGGAGATAGGCCAG-1,0,74,18,20974,4806
TCGCCACCCGGATTAC-1,0,75,19,21226,4953
TCTTGGTCAATGATAC-1,0,74,20,20972,5096
CATAGGGACACTTGTG-1,0,75,21,21224,5243
CACGAGCAAACCAGAC-1,0,74,22,20971,5387
GGGATATTGATCGCCA-1,0,75,23,21223,5534
TAATGTCGGTTCATGG-1,0,74,24,20969,5678
CGATTTGTCATTAATG-1,0,75,25,21221,5825
TTAAGATACCCAGAGA-1,0,74,26,20967,5969
CGACCGTTGGTATTCG-1,0,75,27,21219,6115
ACTACCATCCGAGGGC-1,0,74,28,20966,6259
TCTACGCACGATCTCC-1,0,75,29,21218,6406
AAGCCACTTGCAGGTA-1,0,74,30,20964,6550
ACGTTGTCGTTGAAAG-1,0,75,31,21216,6697
ACCGCTAGTCATTGGT-1,0,74,32,20962,6841
CATGAGTCCATCACGG-1,0,75,33,21214,6988
ATGTCTTGTTTGACTC-1,0,74,34,20961,7131
TCCCAAACATCCTCTA-1,0,75,35,21213,7278
CAACGCGATGAGCCAA-1,0,74,36,20959,7422
GACACCCAAAGACGCG-1,0,75,37,21211,7569
ACGTTCACTATGCCGC-1,0,74,38,20957,7713
ATGGACTGCTTAGTTG-1,0,75,39,21209,7860
CCATGGCAAACGCTCA-1,0,74,40,20956,8004
TTGTCTCGGCAAGATG-1,0,75,41,21208,8150
TTCGAACGAAACATGC-1,0,74,42,20954,8294
GGAAAGTCTTGATTGT-1,0,75,43,21206,8441
ATCATAGATCGACGAG-1,0,74,44,20952,8585
GATTAGAAACAAGCGT-1,0,75,45,21204,8732
GCTGCGAAGAATTATT-1,0,74,46,20951,8876
TTCCAGTGGGTTTCGT-1,0,75,47,21203,9023
GCTCATTGATCATATC-1,0,74,48,20949,9167
ATACGAGGTTTGTAAG-1,0,75,49,21201,9313
GTCTATACACGCATGG-1,0,74,50,20947,9457
GATTTGCGCTAACACC-1,0,75,51,21199,9604
TGGTGCCCTGCCTTAC-1,0,74,52,20946,9748
TCGAATCGCAGGGTAG-1,0,75,53,21198,9895
GGTAGGCCAATATCAC-1,0,74,54,20944,10039
CGTAAATAACAAAGGG-1,0,75,55,21196,10185
GACTCTAGAGTTCCAA-1,0,74,56,20942,10329
ACTTGTTACCGGATCA-1,0,75,57,21194,10476
GGCATTGAACATCTCA-1,0,74,58,20941,10620
AACCCGCTGTATTCCA-1,0,75,59,21193,10767
TAACAGGTTCCCTTAG-1,0,74,60,20939,10911
GTTCTTGTAACTCAAT-1,0,75,61,21191,11058
GATTCTGTTAATGAGT-1,0,74,62,20937,11202
GGACACCTCGGTGTTG-1,0,75,63,21189,11348
CGATCGAGAAGCACCA-1,0,74,64,20936,11492
CTGCTCTGACGGCAAA-1,0,75,65,21188,11639
CCCAGGAAGAATTCGA-1,0,74,66,20934,11783
TGTCGTGGGTATAGGC-1,0,75,67,21186,11930
ATATGTCTAGAGCGTG-1,0,74,68,20932,12074
GCGGGCAGACGGGTGA-1,0,75,69,21184,12220
CGAAGATCAGTTTCAT-1,0,74,70,20931,12364
ACGCCACTCGAAACAG-1,0,75,71,21183,12511
CTTAGATGTTTCATCC-1,0,74,72,20929,12655
GCGAATGGACTAGCGA-1,0,75,73,21181,12802
TAAATTGTGGGTAAAG-1,0,74,74,20927,12946
ATTTATACTGGTAAAG-1,0,75,75,21179,13093
GCGTCGTAACATGGTC-1,0,74,76,20926,13237
CGGTATGGGCACTCTG-1,0,75,77,21178,13383
CTATCACAACGCTGGA-1,0,74,78,20924,13527
ACCACACGGTTGATGG-1,0,75,79,21176,13674
TCAGCGCACGCCGTTT-1,0,74,80,20922,13818
AATGTTAAGACCCTGA-1,0,75,81,21174,13965
CTTACATAGATTTCTT-1,0,74,82,20921,14109
AACATAGCGTGTATCG-1,0,75,83,21173,14256
AGCAGTCGAAGCATGC-1,0,74,84,20919,14399
GTACTACGGCCTCGTT-1,0,75,85,21171,14546
TTGGCCAAATTGTATC-1,0,74,86,20917,14690
TCAGAGGACGCGTTAG-1,0,75,87,21169,14837
AGTAATCTAAGGGTGG-1,0,74,88,20916,14981
AATTATACCCAGCAAG-1,0,75,89,21168,15128
CCCTACCCACACCCAG-1,0,74,90,20914,15272
CTCTGTCCATGCACCA-1,0,75,91,21166,15418
TCGCCTCCTTCGGCTC-1,0,74,92,20912,15562
CCTGATTCGCGAAGAA-1,0,75,93,21164,15709
GACTTCAACGCATCAA-1,0,74,94,20911,15853
GCTTCCCGTAAGCTCC-1,0,75,95,21163,16000
AGAACTGTACTTTGTA-1,0,74,96,20909,16144
CCTTAAGTACGCAATT-1,0,75,97,21161,16291
GGCCAATTGTATAGAC-1,0,74,98,20907,16434
AGAATACAGGCTATCC-1,0,75,99,21159,16581
AATACCTGATGTGAAC-1,0,74,100,20906,16725
TAGAGTGTTCCGGGTA-1,0,75,101,21158,16872
GCTTCCATGTAACCGC-1,0,74,102,20904,17016
GGTTCGCATTTGCCGT-1,0,75,103,21156,17163
TCAATCCGGGAAGTTT-1,0,74,104,20902,17307
CCGGAAGTGCAATATG-1,0,75,105,21154,17453
CTCATAAATGTGTATA-1,0,74,106,20901,17597
GACGGGCATCGAATTT-1,0,75,107,21153,17744
GCTAAGCCCAGTATGC-1,0,74,108,20899,17888
GCTATAAGGGCCAGGA-1,0,75,109,21151,18035
GCGGATTACTTGTTCT-1,0,74,110,20897,18179
TACAACAGCGCATACA-1,0,75,111,21149,18326
TCTAACCTAGCCTGCG-1,0,74,112,20896,18469
TCTACCCGCATCATTT-1,0,75,113,21148,18616
GTCTTACCACGCCAAG-1,0,74,114,20894,18760
AATAACGTCGCGCCCA-1,0,75,115,21146,18907
CGTTTCGGTTATATGC-1,0,74,116,20892,19051
TACGCTGCACGGTCGT-1,0,75,117,21144,19198
CGTTAAATACGACCAG-1,0,74,118,20891,19342
TCGACTGACGATGGCT-1,0,75,119,21143,19488
ACGCTACTGAATGGGC-1,0,74,120,20889,19632
AAGGGTTAGCCATGCG-1,0,75,121,21141,19779
ACGTTTCGGTGCACTT-1,0,74,122,20887,19923
TTAACCCGAGGCGTGT-1,0,75,123,21139,20070
GCCCGTCAAGCCCAAT-1,0,74,124,20886,20214
ATTCGTCCCGAGGTTA-1,0,75,125,21138,20361
TCAAATTATGTTCGAC-1,0,74,126,20884,20505
AACGTTCTACCATTGT-1,0,75,127,21136,20651
CTGTCCTGCGCACTAC-1,0,76,0,21495,2192
GCCCAGCGACACAAAG-1,0,77,1,21747,2339
TATAGCTATTATCTCT-1,0,76,2,21493,2483
AAGCTATGGATTGACC-1,0,77,3,21745,2630
CCGAAACACGACCTCT-1,0,76,4,21492,2774
ATCAGAAGCTGGTTGC-1,0,77,5,21744,2920
TGAACCTGAATGTGAG-1,0,76,6,21490,3064
TCAGAGCATGTCAACG-1,0,77,7,21742,3211
ATACCCTCCCGGCCAA-1,0,76,8,21488,3355
GCCACCTTATTCGCGA-1,0,77,9,21740,3502
CAACGAGCTTATTATG-1,0,76,10,21487,3646
GATCCAACCTTTAAAC-1,0,77,11,21739,3793
TTGTGGAGACAGCCGG-1,0,76,12,21485,3936
AGATAATCACACCTAT-1,0,77,13,21737,4083
GGTTAGGGATGCTAAT-1,0,76,14,21483,4227
TCATGAAGCGCTGCAT-1,0,77,15,21735,4374
CCAGGCGAGATGGTCT-1,0,76,16,21482,4518
CGACTTGCCGGGAAAT-1,0,77,17,21734,4665
GTGCCAAACGTTTCGA-1,0,76,18,21480,4809
TGCTCAAAGGATGCAC-1,0,77,19,21732,4955
GCCTCAGGTACCGGTC-1,0,76,20,21478,5099
ACAAGTAATTGTAAGG-1,0,77,21,21730,5246
TTAGAGTATTGTCGAG-1,0,76,22,21477,5390
GTCATCCCAAACTCAC-1,0,77,23,21729,5537
CTCCTAGTAATCGTGA-1,0,76,24,21475,5681
CCCTCATCACAGAGTA-1,0,77,25,21727,5828
GGAAACAGAGCTTGGG-1,0,76,26,21473,5972
ACATCGCAATATTCGG-1,0,77,27,21725,6118
TTAGCCATAGGGCTCG-1,0,76,28,21472,6262
CGGATTCTGCCTTATG-1,0,77,29,21724,6409
TTGTTGGCAATGACTG-1,0,76,30,21470,6553
GGATCTACCGTTCGTC-1,0,77,31,21722,6700
GGTGGGATTAGGTCCC-1,0,76,32,21468,6844
AATAGGCACGACCCTT-1,0,77,33,21720,6990
GAGGTCCGTTCGCTGT-1,0,76,34,21467,7134
TGACAACTTAAAGGTG-1,0,77,35,21719,7281
AGCTAAGCTCCGTCCG-1,0,76,36,21465,7425
CTAGCCCGGGAGACGA-1,0,77,37,21717,7572
CCCAGATTCCCGTGAC-1,0,76,38,21463,7716
GCCCGTTCACACAATT-1,0,77,39,21715,7863
ACAAACTCCATCAGAG-1,0,76,40,21461,8007
GGTTCCGTACGACTAA-1,0,77,41,21714,8153
TTGCGGAAAGCTGCCC-1,0,76,42,21460,8297
GGAACTCGTGAATACG-1,0,77,43,21712,8444
GGTTACCGCTCCCTAC-1,0,76,44,21458,8588
AGCGACTTTGAAGACA-1,0,77,45,21710,8735
CCGTTTCCTTTCCGTG-1,0,76,46,21456,8879
TGGATGGCATCTTGGA-1,0,77,47,21709,9026
CAAGTCGTTGAAATCT-1,0,76,48,21455,9169
TGCAAACGTACTAGTT-1,0,77,49,21707,9316
GGCTGTCCTACTGCGG-1,0,76,50,21453,9460
TACTGCATGATTAAAT-1,0,77,51,21705,9607
CGGACCTCTGTAGTTA-1,0,76,52,21451,9751
CCCTAGCTCTAAGGTC-1,0,77,53,21704,9898
GTAACAGGTTAACGGC-1,0,76,54,21450,10042
CCCGCAAATAATCATC-1,0,77,55,21702,10188
AATCCCGCTCAGAGCC-1,0,76,56,21448,10332
AACGTCATCCGGCTTG-1,0,77,57,21700,10479
CTCGTGGCACTGAAAG-1,0,76,58,21446,10623
CTTTATCCGACGCATG-1,0,77,59,21699,10770
AAATGACTGATCAAAC-1,0,76,60,21445,10914
TTCGTGCATGTTATAG-1,0,77,61,21697,11061
ATCAAAGAGCCGTGGT-1,0,76,62,21443,11204
ATGTCATAATAAACGA-1,0,77,63,21695,11351
CTTAATCGACTTAGTA-1,0,76,64,21441,11495
CTAAAGGATGAGATAC-1,0,77,65,21694,11642
GTGCTATCCAGCTGGA-1,0,76,66,21440,11786
GACAGAGGTCTTCAGT-1,0,77,67,21692,11933
TCGATTTACGAAACGA-1,0,76,68,21438,12077
AGGCTTAAGTTGCACA-1,0,77,69,21690,12223
TAGGATCTTAACCGCA-1,0,76,70,21436,12367
GACTTTCGAGCGGTTC-1,0,77,71,21689,12514
CCCTGGGAGGGATCCT-1,0,76,72,21435,12658
TAGTAGTTGCCGGACA-1,0,77,73,21687,12805
GCCCTAAGTGCAGGAT-1,0,76,74,21433,12949
ACTTGGGCTTTCGCCA-1,0,77,75,21685,13096
CATGATACGGTGAAAC-1,0,76,76,21431,13239
TCCTGCAGCCGCCAAT-1,0,77,77,21684,13386
GTCCGTTAGAGGGCCT-1,0,76,78,21430,13530
GCTTTATTAAGTTACC-1,0,77,79,21682,13677
AATCGAGGTCTCAAGG-1,0,76,80,21428,13821
GTGCTGTTAGAACATA-1,0,77,81,21680,13968
GGCTTCTCGTGGGTGG-1,0,76,82,21426,14112
CCTACAGTTGAGGGAG-1,0,77,83,21679,14258
TATCCCTCGATCTGCA-1,0,76,84,21425,14402
CCGGTATCTGGCGACT-1,0,77,85,21677,14549
CTCTAACACCGGCAGC-1,0,76,86,21423,14693
CTTCATCACCAGGGCT-1,0,77,87,21675,14840
GGCTGGCAATCCCACG-1,0,76,88,21421,14984
CAAACCATAAGCGTAT-1,0,77,89,21674,15131
CATGTGGGCTCATCAC-1,0,76,90,21420,15274
CCCGTGACAGTGCCTT-1,0,77,91,21672,15421
GATTATCTTGCATTAT-1,0,76,92,21418,15565
GAGTCCACCAGGTTTA-1,0,77,93,21670,15712
TGTACTATCGCTCGTT-1,0,76,94,21416,15856
TTAGCGAATAGATAGG-1,0,77,95,21669,16003
ACATACAATCAAGCGG-1,0,76,96,21415,16147
ATTCGTGTACCCATTC-1,0,77,97,21667,16293
GCTAGCAACGCACCTA-1,0,76,98,21413,16437
ACCTCAGCGAGGCGCA-1,0,77,99,21665,16584
TCCGGGCCACTAACGG-1,0,76,100,21411,16728
TCCCAATATCGACGAC-1,0,77,101,21664,16875
GGATTGAAGTAGCCTC-1,0,76,102,21410,17019
GGCGCACAGTTTACCT-1,0,77,103,21662,17166
CCCGGCACGTGTCAGG-1,0,76,104,21408,17310
AGTAAGGGACAGAATC-1,0,77,105,21660,17456
TTGCGCACAACCACGT-1,0,76,106,21406,17600
CCTGCTACAACCATAC-1,0,77,107,21658,17747
CTGGGCTACTGGAGAG-1,0,76,108,21405,17891
AGCTACGAATGGTGGT-1,0,77,109,21657,18038
ATTCGTTTATCGTATT-1,0,76,110,21403,18182
GGCATTCCCTCCCTCG-1,0,77,111,21655,18328
AGTTATTCAGACTGTG-1,0,76,112,21401,18472
CCACTTTCCTTCTAGG-1,0,77,113,21653,18619
CGCAGTTCTATCTTTC-1,0,76,114,21400,18763
AGGAGCGTTTATTATC-1,0,77,115,21652,18910
GACAGGTAATCCGTGT-1,0,76,116,21398,19054
TTCCCAAAGTACTGAT-1,0,77,117,21650,19201
CTGCAGGGTGACGCTC-1,0,76,118,21396,19345
TCATGGAGGCCTTTGT-1,0,77,119,21648,19491
ATGGCCCGAAAGGTTA-1,0,76,120,21395,19635
CGTAATATGGCCCTTG-1,0,77,121,21647,19782
AGAGTCTTAATGAAAG-1,0,76,122,21393,19926
GAACGTTTGTATCCAC-1,0,77,123,21645,20073
ATTGAATTCCCTGTAG-1,0,76,124,21391,20217
TACCTCACCAATTGTA-1,0,77,125,21643,20363
AGTCGAATTAGCGTAA-1,0,76,126,21390,20507
TTGAAGTGCATCTACA-1,0,77,127,21642,20654
