ACGCCTGACACGCGCT-1,0,0,0,2877,4841
TACCGATCCAACACTT-1,0,1,1,3383,5132
ATTAAAGCGGACGAGC-1,0,0,2,2877,5423
GATAAGGGACGATTAG-1,0,1,3,3384,5713
GTGCAAATCACCAATA-1,0,0,4,2878,6004
TGTTGGCTGGCGGAAG-1,0,1,5,3384,6295
GCATCCTCTCCTATTA-1,0,0,6,2878,6586
GCGAGGGACTGCTAGA-1,0,1,7,3384,6876
TGGTACCGGCACAGCC-1,0,0,8,2878,7167
GCGCGTTTAAATCGTA-1,0,1,9,3384,7458
TGCCTTGCCCTTACGG-1,0,0,10,2879,7749
GACGACTTTCCAAGAA-1,0,1,11,3385,8039
CCAGTGAGCTCCTTGT-1,0,0,12,2879,8330
ATACCCTGGCTCAAAT-1,0,1,13,3385,8621
GGGTTTCCGGCTTCCA-1,0,0,14,2879,8912
TAACCGTCCAGTTCAT-1,0,1,15,3385,9202
AAACAACGAATAGTTC-1,0,0,16,2879,9493
CAAGGGAGTGTATTTG-1,0,1,17,3385,9784
CCAAGCTTGATCTCCT-1,0,0,18,2880,10075
TTATTTCATCCCAAAC-1,0,1,19,3386,10365
GAGCGCTATGTCAGGC-1,0,0,20,2880,10656
TATGGCAGACTTTCGA-1,0,1,21,3386,10947
CTTCGTGCCCGCATCG-1,0,0,22,2880,11238
AAACGGGTTGGTATCC-1,0,1,23,3386,11528
TGCAAACCCACATCAA-1,0,0,24,2880,11819
GACGGGATGTCTTATG-1,0,1,25,3386,12110
GGCGAGCATCGAGGAC-1,0,0,26,2881,12401
CGCGTGCTATCAACGA-1,0,1,27,3387,12691
TGAAACCTCAACTCAC-1,0,0,28,2881,12982
CACATAAGGCGACCGT-1,0,1,29,3387,13273
TGACCCAACTCACATT-1,0,0,30,2881,13564
ATACGCCGATCTACCG-1,0,1,31,3387,13854
ACTTATCTGATCTATA-1,0,0,32,2881,14145
GTGTGAGCCGAGGTGC-1,0,1,33,3387,14436
GATGATTTGAAACTGG-1,0,0,34,2882,14726
GGGAACCACCTGTTTC-1,0,1,35,3388,15017
GTTCGTTGCGGACCAG-1,0,0,36,2882,15308
TGAGGTTGATCCCAAG-1,0,1,37,3388,15598
GATGCCACACTACAGC-1,0,0,38,2882,15889
AGGCAAAGAGGAATCA-1,0,1,39,3388,16180
AAGTAAGCTTCCAAAC-1,0,0,40,2882,16471
AACGTAGTCTACCCAT-1,0,1,41,3388,16761
GTTTGAGCGGTTATGT-1,0,0,42,2883,17052
GAAGCAAGGCAATGTT-1,0,1,43,3389,17343
TCACTCAGCGCATTAG-1,0,0,44,2883,17634
TACAATGAAACCAGCA-1,0,1,45,3389,17924
GTGCGCTTACAAATGA-1,0,0,46,2883,18215
GCACTCCCACAGTCCC-1,0,1,47,3389,18506
CGAAGACTGCCCGGGA-1,0,0,48,2883,18797
CAGGATCCGCCCGACC-1,0,1,49,3389,19087
CACGATTGGTCGTTAA-1,0,0,50,2884,19378
GGTTGTATCGTGAAAT-1,0,1,51,3390,19669
TCTTATGGGTAGTACC-1,0,0,52,2884,19960
TACAAGCTGTTCACTG-1,0,1,53,3390,20250
GTATCTTGTTGCTCAC-1,0,0,54,2884,20541
ATACCAGGTGAGCGAT-1,0,1,55,3390,20832
CCTAAACAGGGTCCGT-1,0,0,56,2884,21123
ATGGTGCTCAAAGCCA-1,0,1,57,3390,21413
CAAATGCGGAGTGTTC-1,0,0,58,2885,21704
CGTGCCCGACATTTGT-1,0,1,59,3391,21995
GTATCTCCCTAACTGT-1,0,0,60,2885,22286
ATTTGCCTAGTTACGA-1,0,1,61,3391,22576
ACGTCCTAAACGAGAT-1,0,0,62,2885,22867
CTGGGATCGCCCAGAT-1,0,1,63,3391,23158
CTGCAAATGGGCTCCA-1,0,0,64,2885,23449
CATTATAACAGGGTCC-1,0,1,65,3391,23739
ACCTTTCCTTTAGAAG-1,0,0,66,2886,24030
ATAGATTTGCAGTCGG-1,0,1,67,3392,24321
CTCGGGCATCGTCGGG-1,0,0,68,2886,24612
GTGGCGGGCCGTAGCT-1,0,1,69,3392,24902
CAACAGTGCCAAACGG-1,0,0,70,2886,25193
TGCGGGTATTGGGATC-1,0,1,71,3392,25484
GTCTCGCCAACACGCC-1,0,0,72,2886,25775
CTGGGCGGCCAAATGT-1,0,1,73,3392,26065
TAAAGGAGAAACTAGT-1,0,0,74,2887,26356
TCCCACGGAGGGAGCT-1,0,1,75,3393,26647
AGCTTCAATACTTTGA-1,0,0,76,2887,26938
TTCCACATTTCTCGTC-1,0,1,77,3393,27228
ACAAACCGACAAGGCG-1,0,0,78,2887,27519
AGACGGGATTGGTATA-1,0,1,79,3393,27810
AACCTAAAGCCGTCCG-1,0,0,80,2887,28101
TACAAATTGCGGAGGT-1,0,1,81,3393,28391
CCCGCTAGAGGGTTAA-1,0,0,82,2888,28682
CATTGCAAAGCATAAT-1,0,1,83,3394,28973
TGTACGCTATCAGCTT-1,0,0,84,2888,29264
TTCTTCGCAATAGAGC-1,0,1,85,3394,29554
TGTGATTCCAGCGCTT-1,0,0,86,2888,29845
ATTCAGGATCGCCTCT-1,0,1,87,3394,30136
GCCCATGGGTGCAATG-1,0,0,88,2888,30427
TTCCCGACGCTTCACT-1,0,1,89,3394,30717
AGCGGTTGAGATGTAC-1,0,0,90,2889,31008
GCTGTCTGTGATCGAC-1,0,1,91,3395,31299
AAAGACATGAAGTTTA-1,0,0,92,2889,31590
CAACAGAATAACGCTA-1,0,1,93,3395,31880
TGCGGTCTACGAGTAA-1,0,0,94,2889,32171
AAGACTCACGCCCACT-1,0,1,95,3395,32462
CTTTGAAACATATTCC-1,0,0,96,2889,32752
CTGGGCACTAGTCGGA-1,0,1,97,3395,33043
CGCCCTTACATCCACC-1,0,0,98,2890,33334
CACGACCACAGACTTT-1,0,1,99,3396,33624
CAATCCATTATCCGTT-1,0,0,100,2890,33915
GTGGCGTGCACCAGAG-1,0,1,101,3396,34206
CGGAGTCCTAACCTGG-1,0,0,102,2890,34497
GGTCCCATAACATAGA-1,0,1,103,3396,34787
ATCTCATAAACCTACC-1,0,0,104,2890,35078
TGCATGGCAGTCTTGC-1,0,1,105,3397,35369
TTGCAGGTCATGAAGT-1,0,0,106,2891,35660
AGCTGCATTTGAGGTG-1,0,1,107,3397,35950
TAATCAGGAATGCTGC-1,0,0,108,2891,36241
CCATCATAAGAACAGG-1,0,1,109,3397,36532
TCGTATCACCAAGCTA-1,0,0,110,2891,36823
ATTCAGATGAATCCCT-1,0,1,111,3397,37113
AAAGGTCAACGACATG-1,0,0,112,2892,37404
AGCTGCTGTGCCGAAT-1,0,1,113,3398,37695
CTAGCGCCAATCCTAC-1,0,0,114,2892,37986
GCTCGACCGAACTGAA-1,0,1,115,3398,38276
ACAGTGCAGCGCATTT-1,0,0,116,2892,38567
CGGCTGAAGGTTACGC-1,0,1,117,3398,38858
CACCTCTACGAGTGTG-1,0,0,118,2892,39149
ATACGACAGATGGGTA-1,0,1,119,3398,39439
ACTTCCTGTCGTGCGA-1,0,0,120,2893,39730
CGTAACGGAACGATCA-1,0,1,121,3399,40021
AAATCACTCCTAAACG-1,0,0,122,2893,40312
CTCCGAGTAAATCCGC-1,0,1,123,3399,40602
ACGCTAGTATCAGTGC-1,0,0,124,2893,40893
AGAGTGAACAGACACC-1,0,1,125,3399,41184
ACACCCGTAAATCTGT-1,0,0,126,2893,41475
GCTTTGCTGCCGGGTA-1,0,1,127,3399,41765
ACAGGAGGCGCAGCCG-1,0,2,0,3889,4841
AGGCAATACGGAGGAC-1,0,3,1,4395,5131
TGGTGTGACAGACGAT-1,0,2,2,3889,5422
ATCTATCGATGATCAA-1,0,3,3,4395,5713
CGGTAACAAGATACAT-1,0,2,4,3890,6004
TCGCCGGAGAGTCTTA-1,0,3,5,4396,6294
GGAGGAGTGTGTTTAT-1,0,2,6,3890,6585
TTAGGTGTGACTGGTC-1,0,3,7,4396,6876
CAGGGCTAACGAAACC-1,0,2,8,3890,7167
CCCGTGGGTTAATTGA-1,0,3,9,4396,7457
GACCGACCGCTAATAT-1,0,2,10,3890,7748
GGTATCAAGCATAGAA-1,0,3,11,4396,8039
TGCATGAGTAGATTCG-1,0,2,12,3891,8330
AATTCCAACTTGGTGA-1,0,3,13,4397,8620
TGCCGATGTCATCAAT-1,0,2,14,3891,8911
GCTGGGTCCGCTGTTA-1,0,3,15,4397,9202
TGAACACCCGAAGCAG-1,0,2,16,3891,9493
AACATTGGTCAGCCGT-1,1,3,17,4397,9783
GTGGGTCTTCTTTGCG-1,1,2,18,3891,10074
CATCGAATGGATCTCT-1,1,3,19,4397,10365
GCTACACTGTCCGAAC-1,1,2,20,3892,10656
CGGGTTGTAGCTTTGG-1,1,3,21,4398,10946
CCTAAGTGTCTAACCG-1,1,2,22,3892,11237
TCTGTGACTGACCGTT-1,1,3,23,4398,11528
TTATCATACTCGCAAA-1,1,2,24,3892,11819
AGCGTAGCGCTAGACC-1,1,3,25,4398,12109
TCCCTCCGAAATCGTT-1,1,2,26,3892,12400
AGGTCGCCACTTCGGT-1,1,3,27,4398,12691
CTAGCAACTAATTTAC-1,1,2,28,3893,12982
TTGCTAGCTACCAATC-1,1,3,29,4399,13272
GCCGGTTTGGGCGGAT-1,1,2,30,3893,13563
TGTAACTTGTCAACCT-1,1,3,31,4399,13854
CGAGATGTTGCCTATA-1,0,2,32,3893,14145
GTTACGAAATCCACGC-1,1,3,33,4399,14435
CTTGTCGTACGTGTCA-1,0,2,34,3893,14726
GCGTCCAGCTCGTGGC-1,1,3,35,4399,15017
CCCTTCTCGTACGCGA-1,0,2,36,3894,15308
CCAAAGTCCCGCTAAC-1,1,3,37,4400,15598
CCGCTTCGCGGTTAAC-1,0,2,38,3894,15889
GTTACGGCCCGACTGC-1,0,3,39,4400,16180
CCCGCTTGCCCTCGTC-1,0,2,40,3894,16470
TAGTGAGAAGTGGTTG-1,0,3,41,4400,16761
CGCTACCGCCCTATGA-1,0,2,42,3894,17052
AAACAATCTACTAGCA-1,0,3,43,4400,17342
GCGCGATGGGTCAAGT-1,0,2,44,3895,17633
ATAAACCATTGGACGG-1,0,3,45,4401,17924
TCGGGCACTTCTGGAT-1,0,2,46,3895,18215
TCTGTGGCTACATTTC-1,0,3,47,4401,18505
CTCTGTGCCTGCTATG-1,0,2,48,3895,18796
CACGACTAAAGTTCTG-1,0,3,49,4401,19087
GAGGAGTAATTCCTAC-1,0,2,50,3895,19378
AGAGGTATCTCGGTCC-1,0,3,51,4401,19668
GGCGTACCCTATATAA-1,0,2,52,3896,19959
GCCGGAAACACATCTT-1,0,3,53,4402,20250
AAATGTGGGTGCTCCT-1,0,2,54,3896,20541
ACCAGGAGTGTGATCT-1,0,3,55,4402,20831
TGTGGAGGAAGCTTAA-1,0,2,56,3896,21122
AAGGAGAACTTATAAG-1,0,3,57,4402,21413
CCCTCGGGAGCCTTGT-1,0,2,58,3896,21704
ACTGTTTAGTGTAGGC-1,0,3,59,4402,21994
CGTCAGTTTATCGTCT-1,0,2,60,3897,22285
GCGTGTATGTCGTATT-1,0,3,61,4403,22576
ACAATCGATCTTTATA-1,0,2,62,3897,22867
CAGCCCTCACAGGCAG-1,0,3,63,4403,23157
CGCGTCATATTAAACC-1,0,2,64,3897,23448
GAAGACTTCAATGCCG-1,0,3,65,4403,23739
TTGCGGCGACTCATGC-1,0,2,66,3897,24030
ACCAAACTAGAAATCC-1,0,3,67,4403,24320
TTACTGTTTCTCTACG-1,0,2,68,3898,24611
GACCAGGTCATTCATA-1,0,3,69,4404,24902
TTCTTCCCTTTGATAT-1,0,2,70,3898,25193
ACGCCCAGCTGTCGAT-1,0,3,71,4404,25483
AGTAGCGTGAACGAAC-1,0,2,72,3898,25774
CCTCGACCCACTGCCT-1,0,3,73,4404,26065
AGTTATTGAAAGGTAA-1,0,2,74,3898,26356
TCAGTTACGGAATGAT-1,0,3,75,4404,26646
GAATCTATACTCGGAC-1,0,2,76,3899,26937
TCGGCTAACTTCCCTT-1,0,3,77,4405,27228
ACGTGGTCGAATGTGC-1,0,2,78,3899,27519
ATATCGTGCCAGACCC-1,0,3,79,4405,27809
GTAGCTAGTAAGCGCG-1,0,2,80,3899,28100
ACGCTTAGTGTCTCTC-1,0,3,81,4405,28391
TCCGGCCTGCATCGAT-1,0,2,82,3899,28682
TAGTGGAACTCATACA-1,0,3,83,4405,28972
ATCATCTGCCCAGTGT-1,0,2,84,3900,29263
GTTATTAAATACGACC-1,0,3,85,4406,29554
GCGCTAAGTATGCATG-1,0,2,86,3900,29845
CCTGACGCAACCTTTA-1,0,3,87,4406,30135
CCCAAGAATGCACGGT-1,0,2,88,3900,30426
AACTGGGTTCGAGCCG-1,0,3,89,4406,30717
GGTTCCACCCGCTTCT-1,0,2,90,3900,31008
CATGCACGTGTTACTG-1,0,3,91,4407,31298
AGCGTTCCGATTTAAA-1,0,2,92,3901,31589
CCTACGCGACCTTACA-1,0,3,93,4407,31880
CGAATTACATGGTGTT-1,0,2,94,3901,32171
GAGGTCTTAGTGGGTC-1,0,3,95,4407,32461
GCCGCTAGATACGCAG-1,0,2,96,3901,32752
GTCACCTGTCTATGTC-1,0,3,97,4407,33043
CCGATTGGTCAATGAA-1,0,2,98,3902,33334
CCTGTGCGGATTGTAA-1,0,3,99,4408,33624
TTACGTAGCGCGTGCT-1,0,2,100,3902,33915
GGAGGCGAAGAACCGC-1,0,3,101,4408,34206
GGGTCACGTGCTTATG-1,0,2,102,3902,34496
GCTCCGGACGTTGATA-1,0,3,103,4408,34787
ATGTTTGTAAGATCAT-1,0,2,104,3902,35078
TGACCCAGCATTCCCG-1,0,3,105,4408,35368
TGGTCGTTTGATAGAT-1,0,2,106,3903,35659
TGTAATGCCTTCGGAC-1,0,3,107,4409,35950
TGCTCACACAACAACC-1,0,2,108,3903,36241
TACGATCCAAGCCACT-1,0,3,109,4409,36531
TTGTAACTTCATAGCG-1,0,2,110,3903,36822
AGATTCAAGCGGGTCG-1,0,3,111,4409,37113
CTCAGCAGACTGCCGA-1,0,2,112,3903,37404
GTAACATCAGCTCATC-1,0,3,113,4409,37694
ATGGAACAGAATAAAC-1,0,2,114,3904,37985
GGGCCTATACAACCGG-1,0,3,115,4410,38276
TCAAACAATTAGGACA-1,0,2,116,3904,38567
AAACCACTACACAGAT-1,0,3,117,4410,38857
AAACGACAGTCTTGCC-1,0,2,118,3904,39148
TTGAGGGTCGAACGCG-1,0,3,119,4410,39439
TGTTGATCACTGTTTA-1,0,2,120,3904,39730
AGGGTGTGCTACACGC-1,0,3,121,4410,40020
GTAGTTAGACAATATA-1,0,2,122,3905,40311
AATGGCCGCCAATGCG-1,0,3,123,4411,40602
TCGGCGGTATTAGATT-1,0,2,124,3905,40893
GGGTCACTGAGTAGTG-1,0,3,125,4411,41183
GAATTATGCAACCTAC-1,0,2,126,3905,41474
GATCTTAGTGAACGTG-1,0,3,127,4411,41765
CTAATGCGCCCAACAA-1,0,4,0,4901,4840
GCCACCCATTCCACTT-1,0,5,1,5407,5131
TACTCACAACGTAGTA-1,0,4,2,4901,5422
GTTCGGTGTGGATTTA-1,0,5,3,5407,5712
TCTTTCGGCGGGACAC-1,0,4,4,4901,6003
GGAGACATTCACGGGC-1,0,5,5,5407,6294
GGGATTATCTCACAAC-1,0,4,6,4902,6585
TAGAACGCCAGTAACG-1,0,5,7,5408,6875
ACGAGTCGCCGGCGTT-1,0,4,8,4902,7166
TGATGGGACTAAGTCA-1,0,5,9,5408,7457
TGCGAGAAACGTTACG-1,0,4,10,4902,7748
TCGCCTCGACCTGTTG-1,1,5,11,5408,8038
AACTCGATAAACACGT-1,1,4,12,4902,8329
AGGAAAGCCTCTGATG-1,1,5,13,5408,8620
GAAGGACTAAATTGAA-1,1,4,14,4903,8911
GTATCGGGACGAGCTG-1,1,5,15,5409,9201
CCTGTGCATAGGAGAC-1,1,4,16,4903,9492
CATACGGGTGCATGAT-1,1,5,17,5409,9783
CCACTAAACTGAATCG-1,1,4,18,4903,10074
AAATTGCGGCGGTTCT-1,1,5,19,5409,10364
AGTCCAGCGGGTACGT-1,1,4,20,4903,10655
CATTCAGGTCAGTGCG-1,1,5,21,5409,10946
CTAAAGTCCGAAGCTA-1,1,4,22,4904,11237
AATCAGACTGCAGGAC-1,1,5,23,5410,11527
AGTATCCATAATAACG-1,1,4,24,4904,11818
CTGGCTGCTAACGTAA-1,1,5,25,5410,12109
GTTCCAAGACAGCGAC-1,1,4,26,4904,12400
AAGACTAACCCGTTGT-1,1,5,27,5410,12690
GATTAATCCTGGCTCA-1,1,4,28,4904,12981
CGCGCAAGGAACTACA-1,1,5,29,5410,13272
CAGTAGCGAGGTAGTA-1,1,4,30,4905,13563
ACGGCGGGTTGCCCTG-1,1,5,31,5411,13853
CTAGGCGGCAGAGAAT-1,1,4,32,4905,14144
GTGCGCAGCTTGCTCC-1,1,5,33,5411,14435
TCACTATCGTGCAATC-1,1,4,34,4905,14726
TATGATTCTGCTTGGT-1,1,5,35,5411,15016
TAAGATTTAGCGGGAG-1,1,4,36,4905,15307
TTACGGTGTCACCGAG-1,1,5,37,5411,15598
CTACACTAGCTTGTTC-1,1,4,38,4906,15889
TGAGCAGTCGTGAAGT-1,1,5,39,5412,16179
CGCTGAGGACGTCCAA-1,1,4,40,4906,16470
GTGTATGACTTTAAAG-1,1,5,41,5412,16761
CTAAACGGGTGTAATC-1,1,4,42,4906,17052
TGTACTGTGCCAAAGT-1,1,5,43,5412,17342
GGCCACAAGCGATGGC-1,1,4,44,4906,17633
GTCAATTGTACTGAAG-1,1,5,45,5412,17924
AGGGACAGCACGGCGG-1,1,4,46,4907,18214
AGCTTATAGAGACCTG-1,1,5,47,5413,18505
AACTAGCGTATCGCAC-1,1,4,48,4907,18796
AACTTTAGCTGCTGAG-1,1,5,49,5413,19086
CCCAAGACAGAGTATG-1,0,4,50,4907,19377
GGCATCAACGAGCACG-1,1,5,51,5413,19668
ATGCATTCCGTGATGG-1,0,4,52,4907,19959
TTATAGATGCACATTA-1,1,5,53,5413,20249
GAACCATCTGGGAGAC-1,0,4,54,4908,20540
TGCTATACAAACGGAC-1,0,5,55,5414,20831
ACTTGCCATATTGTAC-1,0,4,56,4908,21122
TATTCCGGCAGTCCTA-1,0,5,57,5414,21412
GACGGACCGCGTTCCT-1,0,4,58,4908,21703
ATGTGTAGTTTAGTCA-1,0,5,59,5414,21994
ATACCAGCAAATTGCT-1,0,4,60,4908,22285
AAGTTTACTAATGGCA-1,0,5,61,5414,22575
CTCTCGATGTGCGCCT-1,0,4,62,4909,22866
GATTGACACTCTGCTC-1,0,5,63,5415,23157
TATCACAGCACGGGCA-1,0,4,64,4909,23448
ACCGTTCCCGCTCTGA-1,0,5,65,5415,23738
CCGCCACCACAATCCA-1,0,4,66,4909,24029
CATTCACTGACAGCTA-1,0,5,67,5415,24320
CGGCTGCAAGATTAAG-1,0,4,68,4909,24611
CATGAACCTCTTATCA-1,0,5,69,5415,24901
TTAATGCGAGGTAACT-1,0,4,70,4910,25192
AATAAGTCCTCGAGAC-1,0,5,71,5416,25483
ACCAGCCCGGTCTTTG-1,0,4,72,4910,25774
CTACGAACTAGGTCGA-1,0,5,73,5416,26064
ACATCTCAACGCGTAA-1,0,4,74,4910,26355
CACTACTCAGTTCTGT-1,0,5,75,5416,26646
CCGACTCGCATAGTCT-1,0,4,76,4910,26937
CATTTATCGTTCAAGA-1,0,5,77,5417,27227
CAAACGTGGTCTTGCG-1,0,4,78,4911,27518
TAGAAACCACTAAGTA-1,0,5,79,5417,27809
ACTGATTTAGTGATTC-1,0,4,80,4911,28100
TCGTATTTCGTCCGGA-1,0,5,81,5417,28390
CGGAAATTTCACATCC-1,0,4,82,4911,28681
ATCCACGCTAAATGTT-1,0,5,83,5417,28972
GTTCAATCTATGTCAA-1,0,4,84,4912,29263
ATAAAGGTCAAGTACG-1,0,5,85,5418,29553
CAACTCCAACGTTTAG-1,0,4,86,4912,29844
TAGGAACAGCCTCCAG-1,0,5,87,5418,30135
ATGGGAACGGAAGCGG-1,0,4,88,4912,30426
CACACGTTTCAATGGG-1,0,5,89,5418,30716
GGTGTTCTGTTTCTAC-1,0,4,90,4912,31007
AGTAACGTTCATCCTG-1,0,5,91,5418,31298
GTATAGTGGCCCATGT-1,0,4,92,4913,31589
TCTACACGTTCATGCA-1,0,5,93,5419,31879
AATCTGGGTAGACCCT-1,0,4,94,4913,32170
TCGGTTAGCCATGTAG-1,0,5,95,5419,32461
TGCCATGGCTTATAAG-1,0,4,96,4913,32752
TAAGTAAATGTGCCGC-1,0,5,97,5419,33042
GTGTCCGATAAGGCAT-1,0,4,98,4913,33333
TGGCACGAGCTCGAGT-1,0,5,99,5419,33624
ACCGGTCTGAGTACGG-1,0,4,100,4914,33915
GAACTTAGCGCCCGGT-1,0,5,101,5420,34205
AGTAGCTAGACGCCGA-1,0,4,102,4914,34496
ATAGGAATCTAAGCTT-1,0,5,103,5420,34787
CTTCCTGCATATTTAC-1,0,4,104,4914,35078
CAATATGTAGATTTAC-1,0,5,105,5420,35368
ACAAGGCCTACCAGCC-1,0,4,106,4914,35659
TTATAGTCCAAGGTGC-1,0,5,107,5420,35950
AAACGCCCGAGATCGG-1,0,4,108,4915,36240
CCTCGTTACGCCTGTT-1,0,5,109,5421,36531
GAACGGTGTAAAGCAG-1,0,4,110,4915,36822
ACGCATAAATGACATG-1,0,5,111,5421,37112
GGTTCGATGCTGAGTT-1,0,4,112,4915,37403
CTTTGGCAGACAGAGT-1,0,5,113,5421,37694
TTCGTGGGCTGGAAGC-1,0,4,114,4915,37985
CAAAGGTTAAATTCAG-1,0,5,115,5421,38275
GTTTGGCGTCAGGCAC-1,0,4,116,4916,38566
GCTTTCTATCTCAACT-1,0,5,117,5422,38857
TGCATCTCCGGATCTT-1,0,4,118,4916,39148
CTGAAACGGCCCTCAG-1,0,5,119,5422,39438
TAGCAGTAAATACGCG-1,0,4,120,4916,39729
CGGGCTACTTAAATTG-1,0,5,121,5422,40020
ATTATGCTCAGTATTG-1,0,4,122,4916,40311
TGATGCTCACGTAGTC-1,0,5,123,5422,40601
GTCTAAGATGCCCAGC-1,0,4,124,4917,40892
AACCCGATAGGGCTTC-1,0,5,125,5423,41183
CGCTATCGTGGCTTTA-1,0,4,126,4917,41474
CGTCTCTCGCCGAGGC-1,0,5,127,5423,41764
AGTGGGAGTATACACG-1,0,6,0,5913,4840
GGTCTTGGTGTTAACT-1,0,7,1,6419,5130
GGCTGGCAGCTTTATG-1,0,6,2,5913,5421
CGCCAATTATTGCGTT-1,0,7,3,6419,5712
GGTAACCGGCAAAGGT-1,0,6,4,5913,6003
TGGGACCATTGGGAGT-1,0,7,5,6419,6293
CTGCAGGTGCTCGGCC-1,0,6,6,5913,6584
CCGGTGCGAGTGATAG-1,0,7,7,6419,6875
GGGTACACTCTGGAGG-1,0,6,8,5914,7166
TAGCCAGAGGGTCCGG-1,0,7,9,6420,7456
CTTGTGAGGACAGCGG-1,0,6,10,5914,7747
GAAGGGCATAACCATG-1,1,7,11,6420,8038
CAACATGGCCTGATAA-1,1,6,12,5914,8329
CAATTTGACCGGGAAG-1,1,7,13,6420,8619
TCTGACTGTAATGGTT-1,1,6,14,5914,8910
TTCATAGCCTTGTAAC-1,1,7,15,6420,9201
TGGAAACGGAGTGAAC-1,1,6,16,5915,9492
ATCGCACGATTGTTCA-1,1,7,17,6421,9782
CGCCACCCGCATTAAC-1,1,6,18,5915,10073
TGGACCACGGCGTTGA-1,1,7,19,6421,10364
GTATATGTTACGGCGG-1,1,6,20,5915,10655
GTATTCTTACCGTGCT-1,1,7,21,6421,10945
TTCAGAGTAACCTGAC-1,1,6,22,5915,11236
GCGGTAACCCAAATGA-1,1,7,23,6421,11527
CTACGTGTTGCCACCA-1,1,6,24,5916,11818
CTAGATAAACTCCTCG-1,1,7,25,6422,12108
TCCATTAGTTGGATAG-1,1,6,26,5916,12399
CTGGCTCCTGCGGGAT-1,1,7,27,6422,12690
CAGTCTCTCGGCTAAT-1,1,6,28,5916,12981
GTATGACGTGGGAAAC-1,1,7,29,6422,13271
AGTCACTCCGCCTCAT-1,1,6,30,5916,13562
GCAGCGGTGGGCATTA-1,1,7,31,6422,13853
TATGGAGTTTCTCGTT-1,1,6,32,5917,14144
ACTCAACGAATGTATT-1,1,7,33,6423,14434
AACACGCGGCCGCGAA-1,1,6,34,5917,14725
CGATATTAGCCGCAGG-1,1,7,35,6423,15016
AGCGTCTGAACCCGCA-1,1,6,36,5917,15307
GATGTCCGGATCACAT-1,1,7,37,6423,15597
GGTCACGTTAGATTCA-1,1,6,38,5917,15888
TTAAGGATACGGAGGT-1,1,7,39,6423,16179
GTGCGGGACCATCGGC-1,1,6,40,5918,16470
CCATCTTGTTCACAAT-1,1,7,41,6424,16760
TCCGAGAAGGCTAAGC-1,1,6,42,5918,17051
TGGCGGTGTGCGATTG-1,1,7,43,6424,17342
ATCCTGCTGCAGATAG-1,1,6,44,5918,17633
TTATGCGTCCCGGTCC-1,1,7,45,6424,17923
CATAATGAGCGGGCGA-1,1,6,46,5918,18214
AGACATAGATCCTTCC-1,1,7,47,6424,18505
GGTGAAACCGGGAATG-1,1,6,48,5919,18796
AACTGGTGTGGGCCTT-1,1,7,49,6425,19086
GTAGCGCTGTTGTAGT-1,1,6,50,5919,19377
TTGTTTGTGTAAATTC-1,1,7,51,6425,19668
GGATCAAAGGACGAGG-1,1,6,52,5919,19959
CGTAGCGCCGACGTTG-1,1,7,53,6425,20249
CAAGTGAACTTTGGTT-1,1,6,54,5919,20540
GTAGACAACCGATGAA-1,1,7,55,6425,20831
CAATGGTCGGCCTGGG-1,1,6,56,5920,21121
ACAGATTAGGTTAGTG-1,1,7,57,6426,21412
GTTATCACCTTCTGAA-1,1,6,58,5920,21703
TGGTATCGGTCTGTAT-1,1,7,59,6426,21993
GGAATAACCTCAAGAA-1,1,6,60,5920,22284
ATTATCTCGACAGATC-1,1,7,61,6426,22575
CCGAGGGATGTTAGGC-1,1,6,62,5920,22866
TGAGATCAAATACTCA-1,1,7,63,6427,23156
AAACGAAGAACATACC-1,1,6,64,5921,23447
CTGGTCCTAACTTGGC-1,1,7,65,6427,23738
TGCACGAGTCGGCAGC-1,0,6,66,5921,24029
ATAGTCTTTGACGTGC-1,0,7,67,6427,24319
TGGAGCTAAAGTTCCC-1,0,6,68,5921,24610
GGGTGGTCCAGCCTGT-1,0,7,69,6427,24901
CATGCATGGAGACCCT-1,0,6,70,5922,25192
ACACGGCACTATGCAT-1,0,7,71,6428,25482
CCCTGGTATGGGCGGC-1,0,6,72,5922,25773
GGAGGATTGAAAGGAG-1,0,7,73,6428,26064
CCGCTGGTGCCATTCA-1,0,6,74,5922,26355
GTTAGAGTGTGCCGCT-1,0,7,75,6428,26645
TCGGAATGACCATCAA-1,0,6,76,5922,26936
TTCAATTAGCCATAAT-1,1,7,77,6428,27227
GATGTGTTGTCACAAG-1,0,6,78,5923,27518
TCTTTCTCTTAAGGAG-1,0,7,79,6429,27808
ACCCTTTAGTTCTCCA-1,0,6,80,5923,28099
ACCACAACTCAGAACA-1,0,7,81,6429,28390
TATGATAAATCTAACG-1,0,6,82,5923,28681
GATCCTCTTGCGCTTA-1,0,7,83,6429,28971
TTCTACCTTTATGTTG-1,0,6,84,5923,29262
GAAATACCTGCTGGCT-1,0,7,85,6429,29553
ATTCTGAGTATGAACT-1,0,6,86,5924,29844
GGATTAAGCTAAGGTC-1,0,7,87,6430,30134
AGTACGTGGCCTGTCT-1,0,6,88,5924,30425
TCAGGGTGCACGAAAC-1,0,7,89,6430,30716
AAATTTACCGAAATCC-1,0,6,90,5924,31007
TTGAGGCATTTAACTC-1,0,7,91,6430,31297
AACCAGTATCACTCTT-1,0,6,92,5924,31588
CACCGGAGATATCTCC-1,0,7,93,6430,31879
GACTGGGCGCCGCAAC-1,0,6,94,5925,32170
CACGTCTATGATGTGG-1,0,7,95,6431,32460
TTAAGACGAACGAACC-1,0,6,96,5925,32751
TGACCAGCTTCAAAGT-1,0,7,97,6431,33042
AGAGTTAGAGACCGAT-1,0,6,98,5925,33333
TTCGGACTGATGCCTT-1,0,7,99,6431,33623
CTCGAATGGAACGTAT-1,0,6,100,5925,33914
GGACGGCTTGCGCAAC-1,0,7,101,6431,34205
CTAAGTACAGGGCTAC-1,0,6,102,5926,34496
ACAAATTCAGATCTGA-1,0,7,103,6432,34786
CATGGAAATGGGACCA-1,0,6,104,5926,35077
GGTGGACCACGTGTTA-1,0,7,105,6432,35368
CACGACGTAATAGTAA-1,0,6,106,5926,35659
CGGGTTCGGCACGTAT-1,0,7,107,6432,35949
CTGGGCTATCCTTTGG-1,0,6,108,5926,36240
GTATTAGGGTTCGCGT-1,0,7,109,6432,36531
TCATTCGTATAATTTG-1,0,6,110,5927,36822
AATAGCAAGCCTCCTG-1,0,7,111,6433,37112
CATCTACCCGAGAACG-1,0,6,112,5927,37403
GCTTCAGTGGGATTAC-1,0,7,113,6433,37694
TCTGTGATGGAGGTTG-1,0,6,114,5927,37984
ATCCACTTTCAGACTA-1,0,7,115,6433,38275
ATGGTTACGAAACATG-1,0,6,116,5927,38566
GGCCCAATCTAGAGGG-1,0,7,117,6433,38856
GATGGTGAAATAACCC-1,0,6,118,5928,39147
AGAGGGACAATTGTCC-1,0,7,119,6434,39438
CGCGTACATTCTGGAA-1,0,6,120,5928,39729
CAAGAAACCCTAAACT-1,0,7,121,6434,40019
TTGGTGCGGTGTTGAA-1,0,6,122,5928,40310
GGTTCCCTAGTGTCTC-1,0,7,123,6434,40601
CGATAACCAATTTGAG-1,0,6,124,5928,40892
GCCCACTGGTCCACAA-1,0,7,125,6434,41182
GAGGGCCGGCAGAGTC-1,0,6,126,5929,41473
CGACACGGATGCCCAC-1,0,7,127,6435,41764
CTGTCTGTGGCTGGCT-1,0,8,0,6924,4839
ATATTATCCCGTATTT-1,0,9,1,7430,5130
GCGCTGGCGGAAAGTC-1,0,8,2,6925,5421
ATCTAACGTCCCTATG-1,0,9,3,7431,5711
GTCAGACAGCGTTGGA-1,0,8,4,6925,6002
GCCAGGCTTAGTGGTA-1,0,9,5,7431,6293
ATTCAAAGTACCTGTT-1,0,8,6,6925,6584
TGGACGTAGGCGAATC-1,0,9,7,7431,6874
ACACATTGACGCAACA-1,0,8,8,6925,7165
GATATCAGTATGTATC-1,1,9,9,7431,7456
TGGGCCTTGCCTGCAT-1,1,8,10,6926,7747
CAAAGTCAGGTTAGCT-1,1,9,11,7432,8037
GGATCCCTACCAGCTA-1,1,8,12,6926,8328
ATCGTCCAATCGAGTC-1,1,9,13,7432,8619
ACATGGCTCAATTTAG-1,1,8,14,6926,8910
AGGCCCAGTGACTGGT-1,1,9,15,7432,9200
GCTTCCAGCTTAGATT-1,1,8,16,6926,9491
TGCTTGAAACCATGCA-1,1,9,17,7432,9782
CAATATTGGACTAGTG-1,1,8,18,6927,10073
CGTGCTGGCCTAGTCG-1,1,9,19,7433,10363
CCTGCGATAGAACTGT-1,1,8,20,6927,10654
GGGTAATGCTGTGTTT-1,1,9,21,7433,10945
AACGCGAACGGCAACA-1,1,8,22,6927,11236
TGTCGGCATGGTGGAA-1,1,9,23,7433,11526
AGCGTACGAGAGCTAG-1,1,8,24,6927,11817
ATACTCTCGCCACTCT-1,1,9,25,7433,12108
AATCCATGCAAGGGTG-1,1,8,26,6928,12399
TTAAACAGAGTCCCGC-1,1,9,27,7434,12689
CCACAGCTGAAATCAT-1,1,8,28,6928,12980
CGGTTCCGGCTTCTTG-1,1,9,29,7434,13271
GACGTGAGACTCCATG-1,1,8,30,6928,13562
TCGTTGGCTCGTCAAT-1,1,9,31,7434,13852
GGTGAACGGGCTAGCC-1,1,8,32,6928,14143
GCACTGTGCAAATGTA-1,1,9,33,7434,14434
ACGAGAACCCATCACG-1,1,8,34,6929,14725
CCAGCTACGCCTCATA-1,1,9,35,7435,15015
TCCCGGTCAGGAATTT-1,1,8,36,6929,15306
TCGCATTCAATGACTT-1,1,9,37,7435,15597
CTGGTTCAACGCATCA-1,1,8,38,6929,15888
GGTGATTTCATCTTGT-1,1,9,39,7435,16178
CACCCTTTCCTCGCTC-1,1,8,40,6929,16469
CAACTTGTAGTGGGCA-1,1,9,41,7435,16760
AATATCAAGGTCGGAT-1,1,8,42,6930,17051
ACTCAGACCTGCTTCT-1,1,9,43,7436,17341
TTGGAGTCTCCCTTCT-1,1,8,44,6930,17632
GGATACTCATGAATTG-1,1,9,45,7436,17923
TGGGCACAAACAGAAC-1,1,8,46,6930,18214
GAGCCACGGTAGTAGG-1,1,9,47,7436,18504
TCGATAGGCTAGTCGC-1,1,8,48,6930,18795
TAACCGCCCGCAGTGC-1,1,9,49,7437,19086
GCCTATTTGCTACACA-1,1,8,50,6931,19377
TTGACGATTCAGCACG-1,1,9,51,7437,19667
TTAAACCGGTAGCGAC-1,1,8,52,6931,19958
ACCGAAAGGGCCCTGC-1,1,9,53,7437,20249
ACGTTCCGCGCTCCGT-1,1,8,54,6931,20540
ATACCAGGCTAATAGA-1,1,9,55,7437,20830
CGGCTTTGTATGATAA-1,1,8,56,6932,21121
CTTGACCCGAAAGATA-1,1,9,57,7438,21412
CGCAGAAACATTTGCG-1,1,8,58,6932,21703
GACCCGTCGCCGGCTA-1,1,9,59,7438,21993
AATCGGGACACTACGA-1,1,8,60,6932,22284
GTCACAAAGTTTCCAA-1,1,9,61,7438,22575
TATATTCGCGTCGATA-1,1,8,62,6932,22865
CCTCCCGACAATCCCT-1,1,9,63,7438,23156
CGACATGCGATCTTCT-1,1,8,64,6933,23447
AACACGACTGTACTGA-1,1,9,65,7439,23737
CCCAACCACACTAACA-1,1,8,66,6933,24028
CACCGCCGACCAGCGA-1,0,9,67,7439,24319
TGGTATCGCATCCCAA-1,0,8,68,6933,24610
CAGAGTGATTTAACGT-1,0,9,69,7439,24900
AACCCTGGTGGAACCA-1,0,8,70,6933,25191
GTCAGTTGTGCTCGTT-1,0,9,71,7439,25482
ATTGACGTAACTCGGT-1,0,8,72,6934,25773
GATGTCGGTCAACTGC-1,0,9,73,7440,26063
AGGGCAGCGGCGTGGT-1,0,8,74,6934,26354
ACATCGTTAACCTAGT-1,0,9,75,7440,26645
TCCATTGTGACCTCGT-1,0,8,76,6934,26936
TGTTTAATACTTCATC-1,0,9,77,7440,27226
TTGCTGGCCGGGCTTC-1,0,8,78,6934,27517
CATATTATTTGCCCTA-1,0,9,79,7440,27808
CTGCCTAGCCACCAAG-1,1,8,80,6935,28099
ACGAGATATTTGCTTA-1,0,9,81,7441,28389
GACTACAATTGCTCGT-1,0,8,82,6935,28680
AACGTGATGAAGGACA-1,1,9,83,7441,28971
ACTCTCTTATACACGA-1,1,8,84,6935,29262
CGCATCATGGCTTCAG-1,0,9,85,7441,29552
CGGCTCTTCGTCGAAC-1,0,8,86,6935,29843
ATTCTTCGTACTTATG-1,0,9,87,7441,30134
AGTGAGGGTTTCTGAC-1,0,8,88,6936,30425
GCCAGGCGTTCGCATG-1,0,9,89,7442,30715
GACTAACACAGCACCT-1,0,8,90,6936,31006
CAATGGAATCTACATA-1,0,9,91,7442,31297
GTGGTCAGCGAAGTAT-1,0,8,92,6936,31588
ATGGCTGGAAATGGCC-1,0,9,93,7442,31878
ATCAGGTCGCCATTGC-1,0,8,94,6936,32169
TATCACCATGTAAAGT-1,0,9,95,7442,32460
AGCGCTTATGGGCAAG-1,0,8,96,6937,32751
AAGCGGCGTCATGGGT-1,0,9,97,7443,33041
ACTAATACGTCAGGCG-1,0,8,98,6937,33332
GGCTGAGCATCGTAAG-1,0,9,99,7443,33623
CGGTTGGGTTCAAGTT-1,0,8,100,6937,33914
GACTGATTGGTCACAA-1,0,9,101,7443,34204
AGACGGGCCGATTTAA-1,0,8,102,6937,34495
ACCAGTGCCCGGTCAA-1,0,9,103,7443,34786
GTCCTTTAATGACTTC-1,0,8,104,6938,35077
CCTACAAGTCCGGAAT-1,0,9,105,7444,35367
GCCTGCTACACTGAGA-1,0,8,106,6938,35658
GACTCGGTCGGCGGAT-1,0,9,107,7444,35949
CTAGACATATATGTAG-1,0,8,108,6938,36240
TCGCCCAACTGACTCC-1,0,9,109,7444,36530
AAACTAACGTGGCGAC-1,0,8,110,6938,36821
AACTGAGGTCAGCGTC-1,0,9,111,7444,37112
ACAATGATTCTTCTAC-1,0,8,112,6939,37403
ATAAGTACCCGATTGT-1,0,9,113,7445,37693
ATTGGGAGTTCTGTAA-1,0,8,114,6939,37984
CGAACATAGTCAGAAA-1,0,9,115,7445,38275
TAGCTCAGATCCTAGT-1,0,8,116,6939,38566
GTGTCGTATTCACCTT-1,0,9,117,7445,38856
CTCACCGATCCAAACT-1,0,8,118,6939,39147
ATATGTGCACAAACCA-1,0,9,119,7445,39438
CAGTCCAACGCCTTCT-1,0,8,120,6940,39728
TCGTCCGGGTACACTC-1,0,9,121,7446,40019
GCAGAAACGTAATCCA-1,0,8,122,6940,40310
TTCGAGCCGGCGCTAC-1,0,9,123,7446,40601
GGAAGATAAGACTGTA-1,0,8,124,6940,40891
ATAAGCAAACACCGAG-1,0,9,125,7446,41182
GCATAAATTGAACGCC-1,0,8,126,6940,41473
CGCCGGTGTCGCAGTA-1,0,9,127,7446,41763
GACCTGGTCTGGGCGT-1,0,10,0,7936,4839
AGCCGCTTGATTAGCG-1,0,11,1,8442,5130
CCCGGCTAGGTGAGAA-1,0,10,2,7936,5421
CGAGCCGAGCACTCGA-1,0,11,3,8442,5711
TAGTGCTTGAATCCTT-1,0,10,4,7937,6002
CAACCGCACCTAGACA-1,0,11,5,8443,6293
ACCACTGTTCAAGAAG-1,0,10,6,7937,6583
AGATGCTATAACGAGC-1,1,11,7,8443,6874
AATTACTCGTACGCTC-1,1,10,8,7937,7165
CGTCAATCTTTAACAT-1,1,11,9,8443,7455
CCAAAGCAGTTGGTTG-1,1,10,10,7937,7746
CCATATTGGATCATGA-1,1,11,11,8443,8037
CGTACCGAAAGTCTAG-1,1,10,12,7938,8328
CTCGAGATCCAAAGCA-1,1,11,13,8444,8618
TGGATAGAGTAACAGA-1,1,10,14,7938,8909
TCACAGATCCTCAAAC-1,1,11,15,8444,9200
AGAGCTACGAAAGCAT-1,1,10,16,7938,9491
TGCGTGATTGGGTGTC-1,1,11,17,8444,9781
CACATGTTTGGACATG-1,1,10,18,7938,10072
TTCGCATCCGGAAGCA-1,1,11,19,8444,10363
CCCTAGTGTCAGGTGT-1,1,10,20,7939,10654
TTACCGCCTTAGGGAA-1,1,11,21,8445,10944
CCAGTCCATTATTCGA-1,1,10,22,7939,11235
CGTAAACGCTTGAGTG-1,1,11,23,8445,11526
ATTCCTTCCAGGCGGT-1,1,10,24,7939,11817
TTCCTTTCTGTGTTGC-1,1,11,25,8445,12107
AGTTGACATCGGCTGG-1,1,10,26,7939,12398
AACTCGATGGCGCAGT-1,1,11,27,8445,12689
GATAAGGCAGATGCAA-1,1,10,28,7940,12980
GGCTGGCTAGCTTAAA-1,1,11,29,8446,13270
CCTCATGCAGCTACGA-1,1,10,30,7940,13561
GACGCCTGTTGCAGGG-1,1,11,31,8446,13852
TAATTAGATGGATATG-1,1,10,32,7940,14143
GAGGGCATCGCGTATC-1,1,11,33,8446,14433
CTTGTGAGTCTTTGAC-1,1,10,34,7940,14724
TCAACACATTGGGTAA-1,1,11,35,8446,15015
ACTGTATACGCGAGCA-1,1,10,36,7941,15306
GTGAAACGTGCTCCAC-1,1,11,37,8447,15596
CGAGTGCTATAGTTCG-1,1,10,38,7941,15887
GTACTGCATGAAGCGT-1,1,11,39,8447,16178
GTAACTTGCGGCAGTC-1,1,10,40,7941,16469
GAATCGCCGGACACGG-1,1,11,41,8447,16759
GGGAGTAATGGCTGGC-1,1,10,42,7942,17050
CATGAACCGACATTTG-1,1,11,43,8448,17341
TCTGTCATACAAGAGC-1,1,10,44,7942,17632
GTCGTCAATTATAAGG-1,1,11,45,8448,17922
TAAAGAGCCCGAAACC-1,1,10,46,7942,18213
GTACTGAGGTCGTAAC-1,1,11,47,8448,18504
AAAGACCCAAGTCGCG-1,1,10,48,7942,18795
CGTCAGTGCGCACAAG-1,1,11,49,8448,19085
TGTATCCTTATTCCAT-1,1,10,50,7943,19376
ATTCTCGTCTCTTTAG-1,1,11,51,8449,19667
AAAGTCACTGATGTAA-1,1,10,52,7943,19958
TGTCTACAGTTTCTGT-1,1,11,53,8449,20248
TTAACGTCGCAAGACC-1,1,10,54,7943,20539
CTATGTCTATTGAAAC-1,1,11,55,8449,20830
TCGGGTGAAACTGCTA-1,1,10,56,7943,21121
TGTCCCGACATAGCAC-1,1,11,57,8449,21411
ACAGCATAGAGCCAGT-1,1,10,58,7944,21702
ATATTCCCACAGGTCA-1,1,11,59,8450,21993
TTGGATCGACTTCTGG-1,1,10,60,7944,22284
CACCATCGGAGGAGAC-1,1,11,61,8450,22574
TCGTTCGTTATTATGT-1,1,10,62,7944,22865
CTTAACTTCGAAGTAC-1,1,11,63,8450,23156
GCACAAGTGTCGGAAG-1,1,10,64,7944,23447
TACCAGCTAGGTTTAA-1,1,11,65,8450,23737
ACGTACAGATTTCTCT-1,1,10,66,7945,24028
AATTTGGTTCCAAAGA-1,0,11,67,8451,24319
GTAAGGATTTGTCGGA-1,0,10,68,7945,24609
CATCATCTACCCGGAC-1,0,11,69,8451,24900
ACGATGGATCCGATGC-1,1,10,70,7945,25191
CACTCAGCTCTTGAGG-1,1,11,71,8451,25481
TAGATCCGAAGTCGCA-1,0,10,72,7945,25772
TGAAACTTATGCAAGC-1,0,11,73,8451,26063
GCGATTCTGGAAGCAG-1,0,10,74,7946,26354
CAAACTATTGAGCTTC-1,0,11,75,8452,26644
TAGAATTAAGGGCAAC-1,0,10,76,7946,26935
CGAAACATAGATGGCA-1,0,11,77,8452,27226
GATGGTGCCCTAGGCA-1,0,10,78,7946,27517
CCCGCAGGGCCCAAAG-1,0,11,79,8452,27807
ACAGCGCACCCGCAGC-1,0,10,80,7946,28098
GGTAAATGTGCGTTAC-1,0,11,81,8452,28389
GTCCTTCTAGTGGGTT-1,0,10,82,7947,28680
GGAAGCTCGCTTACAG-1,0,11,83,8453,28970
CACCGATACACCGAGC-1,0,10,84,7947,29261
CAGCCGGGCCCTCTAT-1,0,11,85,8453,29552
CGGAGCTTATAACACC-1,0,10,86,7947,29843
ATTACAACTACCGGCC-1,0,11,87,8453,30133
TCCTCTGGCCCATTAG-1,0,10,88,7947,30424
CGGCACCGTTAGCGCC-1,0,11,89,8453,30715
TCGGTCCCTGACTCCA-1,0,10,90,7948,31006
TGGTTGGAGGATCCTG-1,0,11,91,8454,31296
CTGCGGTAGTCACGTG-1,0,10,92,7948,31587
GTGCCTCAGTGTACGG-1,0,11,93,8454,31878
ATCGTTCACTTTCGCC-1,0,10,94,7948,32169
ACTTACCGGGCGCGCA-1,0,11,95,8454,32459
CTAGACTGCATTTCGT-1,0,10,96,7948,32750
TTGCCGGTGATCCCTC-1,0,11,97,8454,33041
CTGTCACGCCAGGCGC-1,0,10,98,7949,33332
CGGTATAGGTATTAGC-1,0,11,99,8455,33622
CCAACGCTTGCCAGGG-1,0,10,100,7949,33913
CGTTGAGTAATTGCGT-1,0,11,101,8455,34204
TGTATTTACCTAATGC-1,0,10,102,7949,34495
TAAATGCCGTCTCATG-1,0,11,103,8455,34785
CGGTTTATGAAGGAAC-1,0,10,104,7949,35076
GCAAGATGTGTTCGCG-1,0,11,105,8455,35367
AAAGGTAAGCTGTACC-1,0,10,106,7950,35658
GTACGTCACGTATTAA-1,0,11,107,8456,35948
AGTACCTTCGAGTGCT-1,0,10,108,7950,36239
ATTGTGACTTCGCTGC-1,0,11,109,8456,36530
TGTATCAGACTGAAGC-1,0,10,110,7950,36821
GAGACCCTGCAACGCC-1,0,11,111,8456,37111
TGGGTGGGATGTCATT-1,0,10,112,7950,37402
GGCTAATGATTGAAAT-1,0,11,113,8456,37693
ATAACGTTACCTCCAC-1,0,10,114,7951,37984
TGCGAGATGGCGGCCA-1,0,11,115,8457,38274
CACACTTGTATTGCGA-1,0,10,116,7951,38565
GCTGGTGACTCGTAGT-1,0,11,117,8457,38856
CGACACCGCTTAAGGA-1,0,10,118,7951,39147
GTAACAACTGACCTTG-1,0,11,119,8457,39437
CAACTGAGGGTATGAC-1,0,10,120,7951,39728
CTAATTATGAAGCGTA-1,0,11,121,8457,40019
CCGATCTTAAGAGGCT-1,0,10,122,7952,40310
CGACTCGGTACACGGT-1,0,11,123,8458,40600
TGCTGCGTCAGAGTTA-1,0,10,124,7952,40891
AGAGTTGCAGGCCTCC-1,0,11,125,8458,41182
ACTGGCGAACCTGCGT-1,0,10,126,7952,41473
ACTAAGGACGCACACC-1,0,11,127,8458,41763
CGTCCAGATGGCTCCA-1,0,12,0,8948,4839
ACTATCGCCGGCTAAA-1,0,13,1,9454,5129
GATAGCGTACCACGCG-1,0,12,2,8948,5420
AGGACTTATAGGAGAA-1,0,13,3,9454,5711
TAGTCGGGATTCTTCG-1,0,12,4,8948,6002
ACCATTAAGGGTGTCA-1,0,13,5,9454,6292
TTAATGTGTTTGCAGG-1,0,12,6,8949,6583
TCCGCAGCCACCTAGC-1,1,13,7,9455,6874
GAGGAGATCCTCATGC-1,1,12,8,8949,7165
GGTCCTTCATACGACT-1,1,13,9,9455,7455
CCCTGTTGGCAAAGAC-1,1,12,10,8949,7746
GTGCCTAGCTATGCTT-1,1,13,11,9455,8037
GTCATCTCCTACAGCT-1,1,12,12,8949,8328
GCGAGAAACGGGAGTT-1,1,13,13,9455,8618
CGTCGCGGCGGGATTT-1,1,12,14,8950,8909
CATTGTGTGCTAGATC-1,1,13,15,9456,9200
CGCGGCAGTATTACGG-1,1,12,16,8950,9490
GAAATGGGATGTAAAC-1,1,13,17,9456,9781
CATTCCCTAAGTACAA-1,1,12,18,8950,10072
AGTTCTGCGTTGTATC-1,1,13,19,9456,10362
ACCCTATAGGACTGAG-1,1,12,20,8950,10653
TTAGATAGGTCGATAC-1,1,13,21,9456,10944
ATTGATAGCAACGAGA-1,1,12,22,8951,11235
TCTCGGCTCCAGGACT-1,1,13,23,9457,11525
CTTGAGGTTATCCCGA-1,1,12,24,8951,11816
AAGAAGGATCAGTTAG-1,1,13,25,9457,12107
GTACGACGGCGCTGCG-1,1,12,26,8951,12398
CTTATGTTGACTACCA-1,1,13,27,9457,12688
CGGCACTCAAGAAAGT-1,1,12,28,8951,12979
GTCAAAGTTTACATAG-1,1,13,29,9458,13270
CTCCTAAGTTATGTCT-1,1,12,30,8952,13561
ACTGTGCTAGTAGATC-1,1,13,31,9458,13851
GTTTGGCCGCTCAGCG-1,1,12,32,8952,14142
TTATCCAATCGAACTC-1,1,13,33,9458,14433
CCGTACCCAAGCGCCA-1,1,12,34,8952,14724
CATACAAAGCCGAACC-1,1,13,35,9458,15014
GGTCGGTAATTAGACA-1,1,12,36,8953,15305
AGCGGGAAGGGTCCAT-1,1,13,37,9459,15596
GCCCACCAAGGCTGTC-1,1,12,38,8953,15887
GTAGACGTCGTTACAT-1,1,13,39,9459,16177
GAGCATCATCCCTGGG-1,1,12,40,8953,16468
AGGTAACCTCCTATTC-1,1,13,41,9459,16759
GGTTTGAGTGCTGGAA-1,1,12,42,8953,17050
GCACTAGTCGCGCTAT-1,1,13,43,9459,17340
GGTAACTATGTATCTG-1,1,12,44,8954,17631
GCGGTCCCTAGACGCA-1,1,13,45,9460,17922
CGAGCGTTGATCAGCC-1,1,12,46,8954,18213
AATCCAAGGGCCTGAG-1,1,13,47,9460,18503
CCGTGCCCATGACGGC-1,1,12,48,8954,18794
GAAATTCACATCGCTG-1,1,13,49,9460,19085
CTCTGCGAAGCAAGCA-1,1,12,50,8954,19376
AGTAGGTAACATACAT-1,1,13,51,9460,19666
ATTGGGAATATCTTGG-1,1,12,52,8955,19957
TAGAGCTACGAAGAAC-1,1,13,53,9461,20248
TGCGGCATAGTTCAAC-1,1,12,54,8955,20539
CCGCCGGTCAACACAC-1,1,13,55,9461,20829
TCGTATAGTGCAATTA-1,1,12,56,8955,21120
TAGTTTATTCTTGCTT-1,1,13,57,9461,21411
GATATCTCATGCAATA-1,1,12,58,8955,21702
CGTTTAAGCGGAGCAC-1,1,13,59,9461,21992
CATGCTGGCTCCAATT-1,1,12,60,8956,22283
GAAACAGCCATGCAGT-1,1,13,61,9462,22574
AGTTTCGCAGGTCGGA-1,1,12,62,8956,22865
CTCATGGCTCACAATC-1,1,13,63,9462,23155
AACCGTTGTGTTTGCT-1,1,12,64,8956,23446
ACCCTTCATCTGCGAA-1,1,13,65,9462,23737
TGCGGTGAAATTTCAT-1,1,12,66,8956,24028
CAAATTGTCAGCAAGC-1,0,13,67,9462,24318
GAGGTACATCCATCTT-1,0,12,68,8957,24609
AAATGGCATGTCTTGT-1,0,13,69,9463,24900
TCATCCCAGAGGGTGG-1,0,12,70,8957,25191
CGTAGCGAATTGTCAG-1,1,13,71,9463,25481
CCTAGTTAGTCGCATG-1,0,12,72,8957,25772
GAAACTCTAATGAAGG-1,1,13,73,9463,26063
TTGTATCACACAGAAT-1,0,12,74,8957,26353
TTCAAGCCGAGCTGAG-1,1,13,75,9463,26644
AGGTACGATATTGCCA-1,0,12,76,8958,26935
TTAAGCCGACAACTTC-1,1,13,77,9464,27225
GTCTTAGTACAGCCGG-1,0,12,78,8958,27516
TGGGTAAGGTTCCCGC-1,1,13,79,9464,27807
CTACGCCATTTCCGAT-1,0,12,80,8958,28098
GACCGTCAGGTCGTGA-1,1,13,81,9464,28388
TAGTTAAGATAGGATA-1,0,12,82,8958,28679
GAATATTCGGAGTCCC-1,0,13,83,9464,28970
CAAACTACGATAGAGA-1,0,12,84,8959,29261
CAGGAAGACTTTATAT-1,0,13,85,9465,29551
TTCGTAATCCCAGCGG-1,0,12,86,8959,29842
GTGAGGAGCGGTTGAG-1,0,13,87,9465,30133
CAATCCCTATACCAGC-1,1,12,88,8959,30424
AGGGAAACGAGGTACT-1,0,13,89,9465,30714
TCCTGCCAACTGGAGA-1,1,12,90,8959,31005
AATTTGGGACATAGTA-1,0,13,91,9465,31296
AACTCCTAATCCCATG-1,0,12,92,8960,31587
GCTCATTACTGCATGT-1,0,13,93,9466,31877
TCTCGAACGAGGTCAC-1,0,12,94,8960,32168
TCACTACGACCAATGC-1,0,13,95,9466,32459
GTGATGCACAACATCT-1,0,12,96,8960,32750
CCGACGTAAACACAAC-1,0,13,97,9466,33040
TGGGATGCACTCATTC-1,0,12,98,8960,33331
TTCCATCATGCGGTGA-1,0,13,99,9466,33622
TGCACAGTGAAGTTAT-1,0,12,100,8961,33913
CTATTGTGTTTGGTCA-1,0,13,101,9467,34203
TGCGAGCCCTTCCGCG-1,0,12,102,8961,34494
TTGAAAGGTGTAAAGG-1,0,13,103,9467,34785
GGTGCAGAGCCTATCG-1,0,12,104,8961,35076
ACTATATGCTGTGTTC-1,0,13,105,9467,35366
TCCTGGCGCTGCCTGG-1,0,12,106,8961,35657
GAGCCGAGCGTTTATT-1,0,13,107,9467,35948
AGAATGCGGGTTCGGA-1,0,12,108,8962,36239
ATGCGACAATTGGTCC-1,0,13,109,9468,36529
TTCCGGCTCGACTTCT-1,0,12,110,8962,36820
TGATTATGGCACGCAG-1,0,13,111,9468,37111
GGTTTGACAAGAAGCT-1,0,12,112,8962,37402
GCAGCTATGGACAGGT-1,0,13,113,9468,37692
CACCATGATCGCAAAG-1,0,12,114,8962,37983
GTCGGAAGGATACCAG-1,0,13,115,9468,38274
GGCCCAGTTATCAGCA-1,0,12,116,8963,38565
GGGCCTATTTAAGTAT-1,0,13,117,9469,38855
GTTGTTACATTGCGCT-1,0,12,118,8963,39146
CAACTCCGTAACTTGC-1,0,13,119,9469,39437
GATCTTTGCTCAAAGA-1,0,12,120,8963,39728
TCGCTTAATTACGAAG-1,0,13,121,9469,40018
CGATCATTAGAGGCAC-1,0,12,122,8963,40309
TGTTCTCTACTCCCTA-1,0,13,123,9469,40600
GCTTAGGGAAGCGGTA-1,0,12,124,8964,40891
CAGGTTTAGTACTACA-1,0,13,125,9470,41181
AAGCGGAGTGCGCGCA-1,0,12,126,8964,41472
TCAGATGGAGACGTAG-1,0,13,127,9470,41763
TCGCACTAACGTTTGT-1,0,14,0,9960,4838
CACGTCGGGTTCTAGA-1,0,15,1,10466,5129
GGAGTACACATGAGCT-1,0,14,2,9960,5420
GTGTGTCGACGTCGCT-1,0,15,3,10466,5710
GAAGCTCTTTGCTTAG-1,0,14,4,9960,6001
ACACCGAGCGCTCTTT-1,0,15,5,10466,6292
CGTAATAATTACGAGT-1,0,14,6,9960,6583
CATCAACACCTACTAA-1,1,15,7,10466,6873
CCAAGTTTCTACAGAT-1,1,14,8,9961,7164
ACGGGTCATGTGACTT-1,1,15,9,10467,7455
AGTGTGCTAAGATCGC-1,1,14,10,9961,7746
GGCGGTTTGCCGGTGC-1,1,15,11,10467,8036
GTATAATCTCCCGGAT-1,1,14,12,9961,8327
TAGTCCGTATGCATAA-1,1,15,13,10467,8618
CACTTCGTCTTATCTC-1,1,14,14,9961,8909
CATCCGCAGGCCCGAA-1,1,15,15,10468,9199
CCCTGATGTAACTCGT-1,1,14,16,9962,9490
CCATAGTCAGTAACCC-1,1,15,17,10468,9781
CGGGCCATAGCCGCAC-1,1,14,18,9962,10072
CTCCGGCTTGTAGACA-1,1,15,19,10468,10362
AACTTGCGTTCTCGCG-1,1,14,20,9962,10653
AATGAGTTCGCATATG-1,1,15,21,10468,10944
CGAGGCCAGGCATTGG-1,1,14,22,9963,11234
TCTGCGTCCGGTTTCT-1,1,15,23,10469,11525
CAATCCTGCCGTGGAG-1,1,14,24,9963,11816
CTGAGCAAGTAACAAG-1,1,15,25,10469,12106
GGGTACCCACGGTCCT-1,1,14,26,9963,12397
ACGGAATTTAGCAAAT-1,1,15,27,10469,12688
GGGCGGTCCTATTGTC-1,1,14,28,9963,12979
ATGTTACGAGCAATAC-1,1,15,29,10469,13269
AACCATGGGATCGCTA-1,1,14,30,9964,13560
TCGCATCCCTAAGTGT-1,1,15,31,10470,13851
ACTTAGTACGACAAGA-1,1,14,32,9964,14142
GAGCTCTCGGACCTAA-1,1,15,33,10470,14432
TCTATTACGCTGGCGA-1,1,14,34,9964,14723
AGATACGACTTCATAT-1,1,15,35,10470,15014
CGCTATACCGCCCACT-1,1,14,36,9964,15305
CAGTGTCCGCAGAATG-1,1,15,37,10470,15595
CCATCCATACCAAGTC-1,1,14,38,9965,15886
AACCCAGAGACGGAGA-1,1,15,39,10471,16177
GAAGAACGGTGCAGGT-1,1,14,40,9965,16468
GATAAATCGGTGGATG-1,1,15,41,10471,16758
CAGCTCGTGCTTGTGT-1,1,14,42,9965,17049
GAGTACGGGTATACAA-1,1,15,43,10471,17340
CATCGCCCGCGGCCAA-1,1,14,44,9965,17631
TCTTACAGAGGTACCG-1,1,15,45,10471,17921
TGGAAGACGAACACCA-1,1,14,46,9966,18212
GTTGTCGTGTTAGTTG-1,1,15,47,10472,18503
CCAAGGAACAGAGAGG-1,1,14,48,9966,18794
CTGCACCTGGAACCGC-1,1,15,49,10472,19084
CGCTTTCATACCGGTG-1,1,14,50,9966,19375
GTTCTTCCCTCGATGT-1,1,15,51,10472,19666
ATTTAACTCGTATTAC-1,1,14,52,9966,19957
AACGATAGAAGGGCCG-1,1,15,53,10472,20247
TATCCTGCATGGGAAT-1,1,14,54,9967,20538
AGGCCCATTGTACAGG-1,1,15,55,10473,20829
CCGGCGCATATTGGAT-1,1,14,56,9967,21120
ATCTGTAATTGTACCC-1,1,15,57,10473,21410
GAGCGAGGGAGTACCG-1,1,14,58,9967,21701
TTATTAGGGAAGCATC-1,1,15,59,10473,21992
CTTCTTACGTCGTATA-1,1,14,60,9967,22283
GAAGTGCTGGATAGCT-1,1,15,61,10473,22573
GTGCAACAAATGTGGC-1,1,14,62,9968,22864
CATGCGTTAGACAGAA-1,1,15,63,10474,23155
ACACACTTTCTACACG-1,1,14,64,9968,23446
AGCCCTAAGCGAAGTT-1,1,15,65,10474,23736
ATTAATTCGGTCACTC-1,0,14,66,9968,24027
AACAGGAAATCGAATA-1,1,15,67,10474,24318
ACGTTTAGTTGTGATC-1,1,14,68,9968,24609
TCCTTCAGTGGTCGAA-1,1,15,69,10474,24899
CGAACGCCCAGTGCCG-1,1,14,70,9969,25190
CCTCGAAGTGGACGGG-1,1,15,71,10475,25481
CTCTGTTTGAGGATTC-1,1,14,72,9969,25772
TGGGCACGTTCTATGG-1,1,15,73,10475,26062
ACTATTCGTCCGTGGT-1,1,14,74,9969,26353
CCTCTGGCCTAGACGG-1,1,15,75,10475,26644
CCATAAACAACCCGAC-1,1,14,76,9969,26935
CATAGTACATTGAGAG-1,1,15,77,10475,27225
ATTTCATTATTTCGCG-1,1,14,78,9970,27516
CAACTATATCGAATGC-1,1,15,79,10476,27807
CTAGTATTCGGAATTA-1,1,14,80,9970,28097
GTGGAACCTACATGCG-1,1,15,81,10476,28388
CCTAAAGGCTGACGCT-1,1,14,82,9970,28679
CGTGACATTGGGTCGT-1,1,15,83,10476,28970
CCAATCGGTAGATCGA-1,1,14,84,9970,29260
ATTGTCGCAATACCTT-1,1,15,85,10476,29551
AAATTACACGACTCTG-1,0,14,86,9971,29842
CACTCCTCTCGGTCGG-1,0,15,87,10477,30132
AAATAACCATACGGGA-1,0,14,88,9971,30423
AGTTACTCTATCGTGG-1,0,15,89,10477,30714
CGTTAGCTCACAACTG-1,0,14,90,9971,31005
GAATGTATGGCAGGTC-1,0,15,91,10477,31295
GCAACCACCAGACCGG-1,0,14,92,9971,31586
TCACTCGTGCAACGGC-1,0,15,93,10477,31877
AAACAGAGCGACTCCT-1,0,14,94,9972,32168
CAGCCTCTCCTCAAGA-1,0,15,95,10478,32458
TTGCGTGAACGCTTAG-1,0,14,96,9972,32749
CCGCCTGCGAATTGGT-1,0,15,97,10478,33040
AGATGAGGGTTGCGAT-1,0,14,98,9972,33331
CGGTGGGCTCCAGCCT-1,0,15,99,10478,33621
GGCAGCGGTAATCCTA-1,0,14,100,9972,33912
GCTAGCAGGGAGTGGG-1,0,15,101,10478,34203
CTCAAGACATTAGCGC-1,0,14,102,9973,34494
CACGGCGCGCCAAAGG-1,0,15,103,10479,34784
TGCAATTTGGGCACGG-1,0,14,104,9973,35075
ATGCCAATCGCTCTGC-1,0,15,105,10479,35366
GCTGGACCCAAAGTGG-1,0,14,106,9973,35657
ATTCCTAAGACGTGGA-1,0,15,107,10479,35947
TCCGGAGGAAGGGCTG-1,0,14,108,9973,36238
TCGGTGACCGCTCCGG-1,0,15,109,10479,36529
TCCGAAGTAGTCACCA-1,0,14,110,9974,36820
CATGTAGGAGCGCCAA-1,0,15,111,10480,37110
CACAAGAAAGATATTA-1,0,14,112,9974,37401
AGGGTCAGTAACCCTA-1,0,15,113,10480,37692
TAAGCCCTTACGACCA-1,0,14,114,9974,37983
ATACCGTCATCCATAA-1,0,15,115,10480,38273
GGACGTCCATAGTTGG-1,0,14,116,9974,38564
CATCAAACTGGCGCCC-1,0,15,117,10481,38855
AAACGTGTTCGCCCTA-1,0,14,118,9975,39146
AAATTGGTGAGAAGCA-1,0,15,119,10481,39436
GGTCATTGTAGTCATA-1,0,14,120,9975,39727
TGCAGTGAGGCTCGGG-1,0,15,121,10481,40018
GAACATTAGTATGTTA-1,0,14,122,9975,40309
GGTTTGCGAACACGTA-1,0,15,123,10481,40599
ACACAAATATTCCTAG-1,0,14,124,9976,40890
TTGGGTTTATTCAGCG-1,0,15,125,10482,41181
ATTCGCAGAGGACACT-1,0,14,126,9976,41472
GATTTAGTGCGTACTG-1,0,15,127,10482,41762
TAGAAACACAATAGTG-1,0,16,0,10971,4838
CAGTAGATGATGTCCG-1,0,17,1,11478,5128
TCTTAACTCGGATGTA-1,0,16,2,10972,5419
TACATCTTGTTTCTTG-1,0,17,3,11478,5710
TTCATAGGGTGTCCAT-1,0,16,4,10972,6001
TGAAGTAGCTTACGGA-1,1,17,5,11478,6291
GCACAAGTGGATCATA-1,1,16,6,10972,6582
GGGCGAATTTCTCCAC-1,1,17,7,11478,6873
ATGTTCCTGCCCACCT-1,1,16,8,10973,7164
GCTCAACCTCTTAGAG-1,1,17,9,11479,7454
ATAGCTGCTCTTGTTA-1,1,16,10,10973,7745
CGTCAGCTATTTACTC-1,1,17,11,11479,8036
ATCTGATAGTGTCTTA-1,1,16,12,10973,8327
TGCACTATGTGAGTGC-1,1,17,13,11479,8617
CCGACAAACACATGAG-1,1,16,14,10973,8908
GCCTTGTATATGCAGT-1,1,17,15,11479,9199
ATAATACCGTTAGCCG-1,1,16,16,10974,9490
ACACTCCAATGTCACT-1,1,17,17,11480,9780
AGTTGCTGACTGATAT-1,1,16,18,10974,10071
GGCGCTCCTCATCAAT-1,1,17,19,11480,10362
TGCCTGACATCGGTCA-1,1,16,20,10974,10653
TTGGCCATCTTGCGCT-1,1,17,21,11480,10943
CAGTGGTTGCACATGA-1,1,16,22,10974,11234
AGAATTGTTTGACATA-1,1,17,23,11480,11525
AAATGCTCGTTACGTT-1,1,16,24,10975,11816
CACCTAATAGAGTCGT-1,1,17,25,11481,12106
CATTTCTAGCAGACTA-1,1,16,26,10975,12397
CCGAAAGTGGTGAGCA-1,1,17,27,11481,12688
AGTCAGCCACCGCCTG-1,1,16,28,10975,12978
TCATCACTCGAGCTCG-1,1,17,29,11481,13269
CTCAGGACTCACCTGT-1,1,16,30,10975,13560
CGGTGTACTTGATCCC-1,1,17,31,11481,13850
CCTACGGCTCAGTCGA-1,1,16,32,10976,14141
GTACTTGGGCACTTCT-1,1,17,33,11482,14432
TGATTTCCTCCTGACG-1,1,16,34,10976,14723
CCTCACCAATCTTGAC-1,1,17,35,11482,15013
GGTGAGATGCAGATAA-1,1,16,36,10976,15304
GCTAGTTTCATTGAGG-1,1,17,37,11482,15595
AGGACATCGCACGTCG-1,1,16,38,10976,15886
GTGGACGTGCTGAGAC-1,1,17,39,11482,16176
TAAGGAACTTGTGGGA-1,1,16,40,10977,16467
TCGCTGTGCGTAAATC-1,1,17,41,11483,16758
GCATCCCTAACTTTGA-1,1,16,42,10977,17049
CACCCACACGTCACCC-1,1,17,43,11483,17339
CCCTCATTCTGGAATT-1,1,16,44,10977,17630
AGGGCGTGATCGGCTA-1,1,17,45,11483,17921
GGTGCGGATAAGTGGC-1,1,16,46,10977,18212
TAATATTGAAATTCGC-1,1,17,47,11483,18502
CTTACACTGGGAAATA-1,1,16,48,10978,18793
ACCAAGAACGCGTGTC-1,1,17,49,11484,19084
GCCTTCAGCCCTACCG-1,1,16,50,10978,19375
GATGCTACAAGCGCCT-1,1,17,51,11484,19665
CCGGGACCCGCAGAGA-1,1,16,52,10978,19956
GTTCCAGTCTGACCAT-1,1,17,53,11484,20247
ATGATCGGGAATAGAC-1,1,16,54,10978,20538
TTGGATTGGGTACCAC-1,1,17,55,11484,20828
TACCTCACGCTTGTAC-1,1,16,56,10979,21119
CATGGCAGGAAGATCG-1,1,17,57,11485,21410
ATGACGCCGGCTCTAA-1,1,16,58,10979,21701
AGCGACATCCCATTCA-1,1,17,59,11485,21991
AGTAATGTCTTGCCGC-1,1,16,60,10979,22282
TTCTTAGTGGCTCAGA-1,1,17,61,11485,22573
CGTCTGGAAGGGCCCG-1,1,16,62,10979,22864
ACGTGCGCCTCGTGCA-1,1,17,63,11485,23154
AGAGCGGGCTAATCAT-1,1,16,64,10980,23445
GCGTCGAAATGTCGGT-1,1,17,65,11486,23736
AACTGATATTAGGCCT-1,1,16,66,10980,24027
CGAGCTGGGCTTTAGG-1,1,17,67,11486,24317
GGGTGTTTCAGCTATG-1,1,16,68,10980,24608
TTAATTTCAGACGCGG-1,1,17,69,11486,24899
ACTGCCGTCGTAACTC-1,1,16,70,10980,25190
GTGCACGAAAGTGACT-1,1,17,71,11486,25480
ATCTCCCTGCAATCTA-1,1,16,72,10981,25771
ACGCCAGATGATTTCT-1,1,17,73,11487,26062
AGCTATTTAATCCAAC-1,1,16,74,10981,26353
CCACGAGAAGAGAATC-1,1,17,75,11487,26643
GATTCCGCGTTTCCGT-1,1,16,76,10981,26934
GTCGGATGTAGCGCGC-1,1,17,77,11487,27225
TATTTATACCGAGTAG-1,1,16,78,10981,27516
GTAGGTGATCCGTGTA-1,1,17,79,11487,27806
AGTTAAGCGGTCCCGG-1,1,16,80,10982,28097
CTGGCGACATAAGTCC-1,1,17,81,11488,28388
TTGGCCTAGAATTTCG-1,1,16,82,10982,28679
GGCATATCGGTTCTGC-1,1,17,83,11488,28969
GGGCGTCCACTGGCTC-1,1,16,84,10982,29260
TTACCCATTGCCGGGT-1,1,17,85,11488,29551
TTAGACACGATCGTTG-1,1,16,86,10982,29842
GCGCTGATCCAGACTC-1,1,17,87,11488,30132
TTCGGCAACCCGCTGA-1,1,16,88,10983,30423
GATATTTCCTACATGG-1,1,17,89,11489,30714
CTGCGTTACGATATAA-1,0,16,90,10983,31004
TAATAAACAAGGAGAT-1,1,17,91,11489,31295
AACCTTTACGACGTCT-1,0,16,92,10983,31586
AGTCCCGCCTTTAATT-1,0,17,93,11489,31876
TGAGATTAGGCCCTAA-1,0,16,94,10983,32167
AGTGTATTGCGCATTG-1,0,17,95,11489,32458
GTTGGATTCAGTGGCT-1,0,16,96,10984,32749
TAAAGCTGCAATAGGG-1,0,17,97,11490,33039
AGTAGGAAGGAAGTTG-1,0,16,98,10984,33330
TATCACTTCGAGTAAC-1,0,17,99,11490,33621
TGATCTACGCTGATCT-1,0,16,100,10984,33912
GGATCATCCCGTACGC-1,0,17,101,11490,34202
TGACACTTCTCTTTGC-1,0,16,102,10984,34493
AGCCCTTCTAATCCGA-1,0,17,103,11491,34784
CACCGCGTCCACTCTA-1,0,16,104,10985,35075
TAATTGGAATCGGGAA-1,0,17,105,11491,35365
TCGTAAGCTCCGAGGA-1,0,16,106,10985,35656
TATATTACAAATGTCG-1,0,17,107,11491,35947
CGCGAGAGGGACTTGT-1,0,16,108,10985,36238
GGACCTACGGTAACGT-1,0,17,109,11491,36528
GAAATATGCTTGAATG-1,0,16,110,10986,36819
CCGTATTAGCGCAGTT-1,0,17,111,11492,37110
AGGCGTCTATGGACGG-1,0,16,112,10986,37401
AACATCGATACGTCTA-1,0,17,113,11492,37691
TGAATATGCTATAAAC-1,0,16,114,10986,37982
ACCAAACACCCAGCGA-1,0,17,115,11492,38273
TGGCTTGTACAAGCTT-1,0,16,116,10986,38564
GAATGAAGGTCTTCAG-1,0,17,117,11492,38854
AGATACCAGCACTTCA-1,0,16,118,10987,39145
GCGGTCCCGGTGAAGG-1,0,17,119,11493,39436
GAGGCATTTGCAGCAG-1,0,16,120,10987,39727
GGCAAGCCAGGGATAG-1,0,17,121,11493,40017
TCTACGGGCTCAGTTG-1,0,16,122,10987,40308
TCTGCGAATCGTTCGC-1,0,17,123,11493,40599
AGCTCGTTGATGGAAA-1,0,16,124,10987,40890
TGAATGAGATACAGCA-1,0,17,125,11493,41180
ACCCTTGCCTGGGTCG-1,0,16,126,10988,41471
GGCGAACCGTTCTGAT-1,0,17,127,11494,41762
GCGATGTCTGTGCTTG-1,0,18,0,11983,4837
ATTAACACCTGAGATA-1,0,19,1,12489,5128
GAAATCTGACCAAGTT-1,0,18,2,11984,5419
CCTGACAAACTCGCGC-1,0,19,3,12490,5709
ATGTCATTTCCCATTG-1,0,18,4,11984,6000
GCGGTGCGGAGCATCG-1,1,19,5,12490,6291
CGGAAAGCAAATGTGC-1,1,18,6,11984,6582
GCTGAGCAACGGTTCT-1,1,19,7,12490,6872
TCACTCTTCGTCTGTC-1,1,18,8,11984,7163
GATCTTCATTGTCCTC-1,1,19,9,12490,7454
ACTCGATGTATTTCAT-1,1,18,10,11985,7745
TGAAGAGCGGTCCTAG-1,1,19,11,12491,8035
TAAACGTCGTCAATGA-1,1,18,12,11985,8326
ACGTTATTGGTCACTC-1,1,19,13,12491,8617
ATAGCCTCAGTACCCA-1,1,18,14,11985,8908
CGGGAGTATACCGCCG-1,1,19,15,12491,9198
GTCCTACAGGCGGCTC-1,1,18,16,11985,9489
CGGATAAGCGGACATG-1,1,19,17,12491,9780
AACTTCTGCGTCTATC-1,1,18,18,11986,10071
GGGTTCAGACGAACAA-1,1,19,19,12492,10361
AGTCTGGACATCCTTG-1,1,18,20,11986,10652
TTGAACGAATCCTTTG-1,1,19,21,12492,10943
GAAATACTAAACGTTT-1,1,18,22,11986,11234
CCCGCGCAATGCACCC-1,1,19,23,12492,11524
TTCGGCTAGAGATGGT-1,1,18,24,11986,11815
GACACGAGTTAGAGGA-1,1,19,25,12492,12106
GAGGTCCCAAAGATCT-1,1,18,26,11987,12397
TAACTCCATGGAGGCT-1,1,19,27,12493,12687
CTTGTTTATGTAGCCA-1,1,18,28,11987,12978
GATGGCGCACACATTA-1,1,19,29,12493,13269
ATAATAGTGTAGGGAC-1,1,18,30,11987,13560
CGCTATTCAATGTATG-1,1,19,31,12493,13850
ATATTGCTGTCAAAGT-1,1,18,32,11987,14141
GGATTCAGTACGGTGG-1,1,19,33,12493,14432
TTCTTAGTGAACGGTG-1,1,18,34,11988,14722
AATGGTTCTCACAAGC-1,1,19,35,12494,15013
TATACACGCAAAGTAT-1,1,18,36,11988,15304
CTTCATAGCTCAAGAA-1,1,19,37,12494,15594
CAACGGTTCTTGATAC-1,1,18,38,11988,15885
ACACCCGAGAAATCCG-1,1,19,39,12494,16176
TCTATCATGCAGTTAC-1,1,18,40,11988,16467
CCCGCCATGCTCCCGT-1,1,19,41,12494,16757
CGCTTCCACTGAAATC-1,1,18,42,11989,17048
CACTGTCCAAGTGAGA-1,1,19,43,12495,17339
ATTACTAGCCTCTTGC-1,1,18,44,11989,17630
CATAGTAGCATAGTAG-1,1,19,45,12495,17920
CAACTCCTTGATCCCG-1,1,18,46,11989,18211
AAGTAGAAGACCGGGT-1,1,19,47,12495,18502
GCGGGAACCAGGCCCT-1,1,18,48,11989,18793
ATTAGATTGATAGCGG-1,1,19,49,12495,19083
CTCGGTCCGTAGCCTG-1,1,18,50,11990,19374
TGGCTTTGGGTAGACA-1,1,19,51,12496,19665
TATCCATATCATGCGA-1,1,18,52,11990,19956
GGAGTGCCGCCCTGGA-1,1,19,53,12496,20246
TGAGAATGCTTTACCG-1,1,18,54,11990,20537
TTAACCAACCCTCCCT-1,1,19,55,12496,20828
TGTTTCGGTACTTCTC-1,1,18,56,11990,21119
TTGCTGAAGGAACCAC-1,1,19,57,12496,21409
TATTTAGTCTAGATCG-1,1,18,58,11991,21700
CTCCGGCCTAATATGC-1,1,19,59,12497,21991
TTGTGGCCCTGACAGT-1,1,18,60,11991,22282
TCGCCGGTCGATCCGT-1,1,19,61,12497,22572
CCATAGGTTGGCGTGG-1,1,18,62,11991,22863
GAACGACCGAATGATA-1,1,19,63,12497,23154
TCCGATAATTGCCATA-1,1,18,64,11991,23445
CATTACGTCGGCCCGT-1,1,19,65,12497,23735
CAAGCACCAAATGCCT-1,1,18,66,11992,24026
TGCATGGATCGGATCT-1,1,19,67,12498,24317
GAAATCGCGCGCAACT-1,1,18,68,11992,24608
CTGAAAGAGATCCGAC-1,1,19,69,12498,24898
CACCTCGATGGTGGAC-1,1,18,70,11992,25189
ATTTGTTCCAGGGCTC-1,1,19,71,12498,25480
TGGGCCACAAGAGCGC-1,1,18,72,11992,25771
CCTTCTTGATCCAGTG-1,1,19,73,12498,26061
CCTCGCCAGCAAATTA-1,1,18,74,11993,26352
TTCATGGCGCAACAGG-1,1,19,75,12499,26643
TTAATCAGTACGTCAG-1,1,18,76,11993,26934
CCTATCTATATCGGAA-1,1,19,77,12499,27224
ATTATACTTTGCTCGT-1,1,18,78,11993,27515
ATGGATCCGGCGTCCG-1,1,19,79,12499,27806
CGCCCGCTTCCGTACA-1,1,18,80,11993,28097
GGATTCCGCTATACCC-1,1,19,81,12499,28387
CGGTCTATCAACCCGT-1,1,18,82,11994,28678
ATGCCGGTTGATGGGA-1,1,19,83,12500,28969
TCATGCAGGTTCTCAT-1,1,18,84,11994,29260
TGAGCTTTAATGACGC-1,1,19,85,12500,29550
TCCCTTAGATTACTCG-1,1,18,86,11994,29841
ATATCTCCCTCGTTAA-1,1,19,87,12500,30132
AGCTCTTCCCAGTGCA-1,1,18,88,11994,30423
TCGCTAAACCGCTATC-1,1,19,89,12501,30713
CACATTCTTTCGATGG-1,1,18,90,11995,31004
GATATGCGGTAGCCAA-1,1,19,91,12501,31295
CGTTTCACTTCGGGCG-1,1,18,92,11995,31586
CCAATTACGGGTCGAG-1,1,19,93,12501,31876
GCAGGTAGAGTATGGT-1,1,18,94,11995,32167
GTCGTATTGGCGTACA-1,1,19,95,12501,32458
GAAATTAGCACGGATA-1,0,18,96,11996,32748
AATGCACCAAGCAATG-1,0,19,97,12502,33039
AGGACGCTCGATGTTG-1,0,18,98,11996,33330
GGCTAAAGGGCGGGTC-1,0,19,99,12502,33620
CATCTATCCCGTGTCT-1,0,18,100,11996,33911
CAGTAACTATTTATTG-1,0,19,101,12502,34202
CATATACTACTGATAA-1,0,18,102,11996,34493
GCGTTCGGAGACCGGG-1,0,19,103,12502,34783
AAGTTCAGTCTGCGTA-1,0,18,104,11997,35074
CGAAGCTATAAATTCA-1,0,19,105,12503,35365
CGCGGTCACAAACCAA-1,0,18,106,11997,35656
GGGAATGAGCCCTCAC-1,0,19,107,12503,35946
ACGGAGCGCAAATTAC-1,0,18,108,11997,36237
CGTTCTTCGCACACCT-1,0,19,109,12503,36528
GAATAGCCCTGCGGTC-1,0,18,110,11997,36819
AATAGCTACCGCGTGC-1,0,19,111,12503,37109
CCGAGCTGTGCTTGTC-1,0,18,112,11998,37400
GATGACGATGATCGCG-1,0,19,113,12504,37691
GCCTATGCTGGGCCTT-1,0,18,114,11998,37982
TTACTGTCTAGAGCTC-1,0,19,115,12504,38272
AGCGGTTGCCGCTCTG-1,0,18,116,11998,38563
GCTTGCAGCACAATTG-1,0,19,117,12504,38854
CCGGAGGTCTTATGGT-1,0,18,118,11998,39145
ACAGTATACCGTGGGA-1,0,19,119,12504,39435
GGGATCCCAATACAAA-1,0,18,120,11999,39726
ATTACGACTCCACAGT-1,0,19,121,12505,40017
CTCACACGCAAGCCTA-1,0,18,122,11999,40308
CCAGATGTAAATGGGT-1,0,19,123,12505,40598
GAACTTGTGCACGGGA-1,0,18,124,11999,40889
AAGCCGCTTTACCTTG-1,0,19,125,12505,41180
TCCATTCCCACTAGAG-1,0,18,126,11999,41471
AGAGCGCTTGTAACGG-1,0,19,127,12505,41761
TGGGTTCCCGGACGGA-1,0,20,0,12995,4837
GCTGCGCCTCCCACGT-1,0,21,1,13501,5127
CTGTTGGCTCTTCTGA-1,0,20,2,12995,5418
TTGTTCTAGATACGCT-1,0,21,3,13501,5709
CCCTCAAGCTCTTAGT-1,1,20,4,12996,6000
TGGTCTAGCTTACATG-1,1,21,5,13502,6290
ATGCACCTTCCTTAAT-1,1,20,6,12996,6581
GGGATACGGTAATAAT-1,1,21,7,13502,6872
AGTTCACCGGTTGGAC-1,1,20,8,12996,7163
GACATACTGTCGCAGA-1,1,21,9,13502,7453
TGGACACCGTTGCTTG-1,1,20,10,12996,7744
TGCGATGCTAATGGCT-1,1,21,11,13502,8035
TTCTGTTTCCTGTCGC-1,1,20,12,12997,8326
CGTTGTAAACGTCAGG-1,1,21,13,13503,8616
GATCGGCGATAAGTCG-1,1,20,14,12997,8907
AGCCTTAAAGCGGAAG-1,1,21,15,13503,9198
TCCGTAACCACAATCC-1,1,20,16,12997,9489
GAATGCCGAAATGACC-1,1,21,17,13503,9779
TATACTCATGCGGCAA-1,1,20,18,12997,10070
TAGTGTCAGAAACGGC-1,1,21,19,13503,10361
CGTCATACCATATCCA-1,1,20,20,12998,10652
TAGTACCTTAGTGGTC-1,1,21,21,13504,10942
CTGGCGGGAATAAGTA-1,1,20,22,12998,11233
AGTGTGGTCTATTGTG-1,1,21,23,13504,11524
GCTATCGCGGCGCAAC-1,1,20,24,12998,11815
CAGTAATCCCTCCCAG-1,1,21,25,13504,12105
GTATTAAGGCGTCTAA-1,1,20,26,12998,12396
CTAATTTCAACAACAC-1,1,21,27,13504,12687
TTAGCAACATGGATGT-1,1,20,28,12999,12978
ATGCTCAGTGTTGCAT-1,1,21,29,13505,13268
GATGTTTGTGCGAGAT-1,1,20,30,12999,13559
CACTTCGCCACAGGCT-1,1,21,31,13505,13850
CTGTATGGTGTAGAAA-1,1,20,32,12999,14141
TACGTGCACTATGCTG-1,1,21,33,13505,14431
GTATCAGCTTGGGTTC-1,1,20,34,12999,14722
TAACAAAGGGAGAAGC-1,1,21,35,13505,15013
TTACATCGTGGCCTGG-1,1,20,36,13000,15304
TCTGAACCGGTCGGCT-1,1,21,37,13506,15594
GGCTCGTGCCACCAGC-1,1,20,38,13000,15885
TATAAGTGAGGATAGC-1,1,21,39,13506,16176
GCCCGCGCGTTTGACA-1,1,20,40,13000,16466
TGCTGGTTGGACAATT-1,1,21,41,13506,16757
GCCTAGCGATCTGACC-1,1,20,42,13000,17048
CCATGCTCTGCAGGAA-1,1,21,43,13506,17338
TATAAATCCACAAGCT-1,1,20,44,13001,17629
CGCTCGACATAATGAT-1,1,21,45,13507,17920
CCAATTGAATGTTAAT-1,1,20,46,13001,18211
GCTAATACCGAATGCC-1,1,21,47,13507,18501
TTCAACGACCCGACCG-1,1,20,48,13001,18792
TTCCTCGAGGGTGTCT-1,1,21,49,13507,19083
CAACGACCCGTTTACA-1,1,20,50,13001,19374
CTTGTACTTGTTGACT-1,1,21,51,13507,19664
TCTCTAATAGCTGGTA-1,1,20,52,13002,19955
ATTATGCCATAGGGAG-1,1,21,53,13508,20246
GACAACGCAGCTTACG-1,1,20,54,13002,20537
AGATGACTCGCCCACG-1,1,21,55,13508,20827
GTGCGGGTCTCCAAAT-1,1,20,56,13002,21118
GTACGAGATTGCGACA-1,1,21,57,13508,21409
GTATAGGACTCAGTAG-1,1,20,58,13002,21700
TTGCACGGAGCAGCAC-1,1,21,59,13508,21990
CACAGCTAGGGAGTGA-1,1,20,60,13003,22281
ATACTAGCATGACCCT-1,1,21,61,13509,22572
CCAAGACTTCTGCGAA-1,1,20,62,13003,22863
ACATAATAAGGCGGTG-1,1,21,63,13509,23153
TAATACACAGTAGTAT-1,1,20,64,13003,23444
TCTTGGTAACACCAAA-1,1,21,65,13509,23735
AACTGGGTCCCGACGT-1,1,20,66,13003,24026
ATCACTTCATCCTCGC-1,1,21,67,13509,24316
TGGAAGGATAAAGATG-1,1,20,68,13004,24607
CATGATGCACAATTCT-1,1,21,69,13510,24898
TGCCTGATCAAACGAT-1,1,20,70,13004,25189
ATAGGGATATCCTTGA-1,1,21,71,13510,25479
CACCTAATCAGTTTAC-1,1,20,72,13004,25770
TGTGACTACGCCAGTC-1,1,21,73,13510,26061
CCCGACCATAGTCCGC-1,1,20,74,13004,26352
CGCGCCCGACTTAATA-1,1,21,75,13511,26642
TGCCACCTGGCGAAAC-1,1,20,76,13005,26933
CTGCCAAGGTTGGAAG-1,1,21,77,13511,27224
TCTCCAACGTAGGTTA-1,1,20,78,13005,27515
TTCTTGGAGTAATGAG-1,1,21,79,13511,27805
GTCTCGATCTGCTTTC-1,1,20,80,13005,28096
TACTCTCCGAACAAAT-1,1,21,81,13511,28387
ATCACATTAGAATATC-1,1,20,82,13006,28678
TACGGGATGCTAGCAG-1,1,21,83,13512,28968
AGCTGAAGTAAACCAA-1,1,20,84,13006,29259
CATGGGTCGGGTGTGG-1,1,21,85,13512,29550
CACCCACGAGGCAATT-1,1,20,86,13006,29841
TGCCATTACTAAAGAA-1,1,21,87,13512,30131
CCGTTACGTTAGAACA-1,1,20,88,13006,30422
GCCAGGAGTAACCGAT-1,1,21,89,13512,30713
GGAAAGTGCCCATGCC-1,1,20,90,13007,31004
TCTTACCGGAACTCGT-1,1,21,91,13513,31294
TATGTCAAGACCGACT-1,1,20,92,13007,31585
CCTAACTAAGGCTCTA-1,1,21,93,13513,31876
GCGGTGAACTGCGCTC-1,1,20,94,13007,32167
CCTCGCGCGATATAGG-1,1,21,95,13513,32457
ATCGGCAAGCAGTCCA-1,1,20,96,13007,32748
AGATCGTGCATAAGAT-1,1,21,97,13513,33039
ATTCAGGACCTATTTC-1,0,20,98,13008,33330
AGCTAGAAGCAGAAGT-1,1,21,99,13514,33620
TTCGCTATCTGACGTG-1,0,20,100,13008,33911
TTCCGCAGAGAAATAT-1,0,21,101,13514,34202
CAGTACATTCTCTAAA-1,0,20,102,13008,34492
GTGAAGATTTCAAGTG-1,0,21,103,13514,34783
AACGCATGATCTGGGT-1,0,20,104,13008,35074
CCCAGAGGAGGGCGTA-1,0,21,105,13514,35364
GGAAACCTTGTTGAAT-1,0,20,106,13009,35655
GTGAAGCCGTATAGTC-1,0,21,107,13515,35946
GAGCTGTCGTCTCGGA-1,0,20,108,13009,36237
TGTCATTTGTTGGGAA-1,0,21,109,13515,36527
ACCAACACCACACACT-1,0,20,110,13009,36818
AAATGATTCGATCAGC-1,0,21,111,13515,37109
CTGCTTTATGTCCGCG-1,0,20,112,13009,37400
GCGAGAGGCCATGTAA-1,0,21,113,13515,37690
ATTGACCGGCGATGAC-1,0,20,114,13010,37981
ACCCTGGTAACGCCCT-1,0,21,115,13516,38272
GTTGGACCGCATCAGG-1,0,20,116,13010,38563
CGTTTACAAGGCAGCT-1,0,21,117,13516,38853
CGGTCCATGAGACTCC-1,0,20,118,13010,39144
GTTCGTCTGGGTCCCT-1,0,21,119,13516,39435
TGTACTACTCTCACGG-1,0,20,120,13010,39726
AGTGAAGATGGTGTCC-1,0,21,121,13516,40016
GAGGGCCATAATATTA-1,0,20,122,13011,40307
ACTCCCGTAGACTAGG-1,0,21,123,13517,40598
CGTCAAATGGTCGCAG-1,0,20,124,13011,40889
AAGTCTAGTAGCTGCC-1,0,21,125,13517,41179
AAGAAATCACCAGATT-1,0,20,126,13011,41470
GAGTGCACGGACAACA-1,0,21,127,13517,41761
GTTCAAATCAGATGTC-1,0,22,0,14007,4836
CATGGCTCCCTATGTC-1,0,23,1,14513,5127
GGCCACACGAAAGCCT-1,0,22,2,14007,5418
GAAGCCGGGTAAGCTC-1,0,23,3,14513,5708
TTGCGCTCTCTCGCTT-1,0,22,4,14007,5999
TACATGACCTTATCCG-1,1,23,5,14513,6290
GTCCTTCTACAACCCA-1,1,22,6,14008,6581
TATATGCTGGGTTGCC-1,1,23,7,14514,6871
GTTTATGGGATTTAGA-1,1,22,8,14008,7162
GGAACCCGAACAAGAA-1,1,23,9,14514,7453
AACGTTATCAGCACCT-1,1,22,10,14008,7744
CATCGTCCGGTTACTA-1,1,23,11,14514,8034
AGACAGCTCAGAATCC-1,1,22,12,14008,8325
GCAGATCCTCGCAAAT-1,1,23,13,14514,8616
GGGTCATGCGTACCAT-1,1,22,14,14009,8907
CTGGTCATTCCAATCC-1,1,23,15,14515,9197
TCAGGGCGCAAACTCG-1,1,22,16,14009,9488
GATGCCAGCAGAAGGC-1,1,23,17,14515,9779
GTTATTAACGTGGGAG-1,1,22,18,14009,10070
AATACAATGTTTCAGG-1,1,23,19,14515,10360
TTGCTGCACCTATCCA-1,1,22,20,14009,10651
CCAGAGACAAAGCCGG-1,1,23,21,14515,10942
CCGAAGTATATTGTTC-1,1,22,22,14010,11233
GCTAAACCTGAGGTGA-1,1,23,23,14516,11523
TCATACTTACAGATCC-1,1,22,24,14010,11814
CGAGCACTTCAAGTTT-1,1,23,25,14516,12105
TAGCAACCTGTCACAA-1,1,22,26,14010,12396
TGGGAAATGCCTTTCC-1,1,23,27,14516,12686
AGACCATGGGATACAA-1,1,22,28,14010,12977
TAAATGAATCCGTTTC-1,1,23,29,14516,13268
ACAACGGTCCCTGCGA-1,1,22,30,14011,13559
GTCACTCTCCAAATCT-1,1,23,31,14517,13849
TTCTACTTGCGAGGGC-1,1,22,32,14011,14140
CGCAATTACTTTCGGT-1,1,23,33,14517,14431
CTGTTCATCTCACGGG-1,1,22,34,14011,14722
TTCTTGTAACCTAATG-1,1,23,35,14517,15012
GCTTGATGATAATCAG-1,1,22,36,14011,15303
TTGGCTCGCATGAGAC-1,1,23,37,14517,15594
GCCCAGTTGGTATGCC-1,1,22,38,14012,15885
ATTCCTCCGCCAGTGC-1,1,23,39,14518,16175
TCGTCCGCTGGCGTCT-1,1,22,40,14012,16466
GGAGAAGTCATTGGCA-1,1,23,41,14518,16757
TTGTTAGCAAATTCGA-1,1,22,42,14012,17048
TCTAGCATCTTCGATG-1,1,23,43,14518,17338
TTCTAGGCCAATTGTG-1,1,22,44,14012,17629
TCACGGTCATCGCACA-1,1,23,45,14518,17920
ATGAAGCCAAGGAGCC-1,1,22,46,14013,18211
AATGACTGTCAGCCGG-1,1,23,47,14519,18501
CCAAACAGAACCCTCG-1,1,22,48,14013,18792
TATCGATGATTAAACG-1,1,23,49,14519,19083
GAACACACATCAACCA-1,1,22,50,14013,19373
CCCGTCAGCGTCTGAC-1,1,23,51,14519,19664
AGCATCGTCGATAATT-1,1,22,52,14013,19955
GACTAAGATCATGCAC-1,1,23,53,14519,20245
TAGGGTGTTTCAAGAG-1,1,22,54,14014,20536
TGGTTCGTAGCAAAGG-1,1,23,55,14520,20827
CTGTTCACTGCCTGTG-1,1,22,56,14014,21118
ATGTGCATCCGACGCA-1,1,23,57,14520,21408
TTGTCGTTCAGTTACC-1,1,22,58,14014,21699
CGGGATCAATGTAAGA-1,1,23,59,14520,21990
TTATCTGTATCATAAC-1,1,22,60,14014,22281
ATCGACTCTTTCCGTT-1,1,23,61,14521,22571
CTCATTTGATGGGCGG-1,1,22,62,14015,22862
GTAAGCGGGCAGTCAG-1,1,23,63,14521,23153
TCTATCGGTCGCAACA-1,1,22,64,14015,23444
AACGCGGTCTCCAGCC-1,1,23,65,14521,23734
ATTAATACTACGCGGG-1,1,22,66,14015,24025
CTTTAACTTTCAAAGG-1,1,23,67,14521,24316
CGTACCTGATAGGCCT-1,1,22,68,14016,24607
GAATGTTGGGTAATCT-1,1,23,69,14522,24897
TGCGGAGTAAAGGTGC-1,1,22,70,14016,25188
CCTGAATATTTACATA-1,1,23,71,14522,25479
TTGCTCCCATACCGGA-1,1,22,72,14016,25770
CCTCTAATCTGCCAAG-1,1,23,73,14522,26060
AGGTTGAGGCACGCTT-1,1,22,74,14016,26351
TCCCGTCAGTCCCGCA-1,1,23,75,14522,26642
TCCGATGACTGAGCTC-1,1,22,76,14017,26933
CAGCCTCCTGCAGAGG-1,1,23,77,14523,27223
CTTAGCCTTCCACATG-1,1,22,78,14017,27514
ATTAATGAACCAGTCG-1,1,23,79,14523,27805
ACGATACATAGAACTA-1,1,22,80,14017,28096
AGCCACTCCCGTGCTT-1,1,23,81,14523,28386
ATACGGGTTTCGATTG-1,1,22,82,14017,28677
CTGTCAAATGGCTCGG-1,1,23,83,14523,28968
GCTCGGAATTTAAAGC-1,1,22,84,14018,29259
TAGGCATGTTACGCCA-1,1,23,85,14524,29549
TGGCAACTCGCGCGCC-1,1,22,86,14018,29840
ATCAGTAGGCAGGGAT-1,1,23,87,14524,30131
TATCGATCTATGCATA-1,1,22,88,14018,30422
CGACTCAGGATGTTAT-1,1,23,89,14524,30712
GCCATATTGCACACAG-1,1,22,90,14018,31003
AATTCATAAGGGATCT-1,1,23,91,14524,31294
CGGTAGAGGTGCAGGT-1,1,22,92,14019,31585
AATGATGATACGCTAT-1,1,23,93,14525,31875
CTTGTGCTCACCGATT-1,1,22,94,14019,32166
TTCCAATCAGAGCTAG-1,1,23,95,14525,32457
CGATGGACCCTACGCC-1,1,22,96,14019,32748
GGTCGGATAAACGGCG-1,1,23,97,14525,33038
TTAGCTAATACGATCT-1,1,22,98,14019,33329
CTCGATATTTGCGAGC-1,1,23,99,14525,33620
ATTACTTACTGGGCAT-1,1,22,100,14020,33911
CTAGCCGATGTTATGA-1,1,23,101,14526,34201
TACTGCAATCAATTAC-1,0,22,102,14020,34492
TAGTCTGTGACGTTGC-1,0,23,103,14526,34783
CTCGTTTCTAATGTTT-1,0,22,104,14020,35074
TTCGTTCAACGAAGTT-1,0,23,105,14526,35364
CTGAATTTATTGCCAG-1,0,22,106,14020,35655
TGGAATATCCTTGACC-1,0,23,107,14526,35946
CAGATCATTTAAAGTC-1,0,22,108,14021,36236
CTCCTTTACGCAAGTC-1,0,23,109,14527,36527
TCCCAAACAGACAACG-1,0,22,110,14021,36818
ATCGCTGCGTGCAGCA-1,0,23,111,14527,37108
TTAGTTCAAGTGTTCG-1,0,22,112,14021,37399
AAACTCGTGATATAAG-1,0,23,113,14527,37690
TTAACGAACAAGCAGT-1,0,22,114,14021,37981
GTTATATCAGGAGCCA-1,0,23,115,14527,38271
CAAATTGGATTATGCC-1,0,22,116,14022,38562
CGAGGAGCTTCCATAT-1,0,23,117,14528,38853
GGAGACCAATGTGCTT-1,0,22,118,14022,39144
CATTGATGAACACGCC-1,0,23,119,14528,39434
GTCAATGCTATAATTT-1,0,22,120,14022,39725
ACCACCCTCTCTTCTA-1,0,23,121,14528,40016
TGGAGGGAAACACCTC-1,0,22,122,14022,40307
CACGGACGTGGATGGC-1,0,23,123,14528,40597
AACTTTCTCGATCATG-1,0,22,124,14023,40888
CGTATTGTTTCCTAAT-1,0,23,125,14529,41179
CCTACTGCGGCGGCCA-1,0,22,126,14023,41470
CTTAGGTCCCAATCGT-1,0,23,127,14529,41760
CGCAATCGATCATTAG-1,0,24,0,15019,4836
TGGTTATGCTTGCGGT-1,0,25,1,15525,5126
GGCTTGGCTCTCACCT-1,0,24,2,15019,5417
ATTGGTAGGATCCGCT-1,1,25,3,15525,5708
TCAGGGCGACTTCCTT-1,1,24,4,15019,5999
TCTGCAGATTCGAGTC-1,1,25,5,15525,6289
CTCTCGCTGTACTATG-1,1,24,6,15019,6580
AATAGTCGCGAGTCGG-1,1,25,7,15525,6871
AGTTACCCTTAAGACT-1,1,24,8,15020,7162
CTTAAATAAGACCCAT-1,1,25,9,15526,7452
GGTTGTGCTCTTGTCC-1,1,24,10,15020,7743
GTGAGTCTAAGACGGA-1,1,25,11,15526,8034
CGCGACACTGCGCAGC-1,1,24,12,15020,8325
GCTCGCGGTTCCGCTC-1,1,25,13,15526,8615
TTAACTCACGCGTGGA-1,1,24,14,15020,8906
GGAACGGCCTGCAGCC-1,1,25,15,15526,9197
GTAGAAACGGGTGGAG-1,1,24,16,15021,9488
TAATGAAAGACCCTTG-1,1,25,17,15527,9778
AGGCTTGCTAGACACC-1,1,24,18,15021,10069
TTGCGTAGTTTGAGGA-1,1,25,19,15527,10360
CGCCCTTGAAGGCTGA-1,1,24,20,15021,10651
CCCGGTGGAAGAACCT-1,1,25,21,15527,10941
TTAACACCTCGAACAT-1,1,24,22,15021,11232
GATTCCTATACGGCGC-1,1,25,23,15527,11523
TTACCCTAACAGTCCT-1,1,24,24,15022,11814
ACCCACCTACATGCTC-1,1,25,25,15528,12104
AAAGGGCAGCTTGAAT-1,1,24,26,15022,12395
CACACAGGGATAGATT-1,1,25,27,15528,12686
AGAGCGTACAAGCTCG-1,1,24,28,15022,12977
TCTTACGGCATCCGAC-1,1,25,29,15528,13267
GCCTATTCCGATATAG-1,1,24,30,15022,13558
GAAAGTGACTAACTGC-1,1,25,31,15528,13849
CCGGAATGGTTTCAGT-1,1,24,32,15023,14140
AGTATAATACTAGGCA-1,1,25,33,15529,14430
TAACTATCGAAGGTCC-1,1,24,34,15023,14721
ATGAGGAGTGTTAATC-1,1,25,35,15529,15012
TGTGTCGCGAGTTGCA-1,1,24,36,15023,15303
ATCCAACGCAGTCATA-1,1,25,37,15529,15593
AAGGCGCGTAAAGCTT-1,1,24,38,15023,15884
AGTCGGCCCAAACGAC-1,1,25,39,15529,16175
AACGTCAGACTAGTGG-1,1,24,40,15024,16466
ACTACCAGCTCTCTGG-1,1,25,41,15530,16756
GCAAGTGCACAGAGAA-1,1,24,42,15024,17047
ACACCTTAAGTAGGGC-1,1,25,43,15530,17338
TTCGACGGGAAGGGCG-1,1,24,44,15024,17629
TTCGCACTCGCGTGCT-1,1,25,45,15530,17919
TATTTGTTACCCTTTA-1,1,24,46,15024,18210
CGCTGTGACGCCGCAC-1,1,25,47,15530,18501
GTTGCACGGAGTTTCG-1,1,24,48,15025,18792
GTTTCCTGGAGGGTGA-1,1,25,49,15531,19082
ACACCCAGCATGCAGC-1,1,24,50,15025,19373
TCAACCATGTTCGGGC-1,1,25,51,15531,19664
TTACAACTACGCATCC-1,1,24,52,15025,19955
TCCGATGGTGCGACAT-1,1,25,53,15531,20245
GGGCGTACATTTATAT-1,1,24,54,15025,20536
AGCGACCAACGATATT-1,1,25,55,15532,20827
ACACAAAGACGGGTGG-1,1,24,56,15026,21117
ATCGCACGCCGGGAGA-1,1,25,57,15532,21408
GCTCTAAACCCTGACG-1,1,24,58,15026,21699
AATGCAACCGGGTACC-1,1,25,59,15532,21989
TCAAACAACCGCGTCG-1,1,24,60,15026,22280
TATGCTCCCTACTTAC-1,1,25,61,15532,22571
AAAGGGATGTAGCAAG-1,1,24,62,15027,22862
ACGATCATACATAGAG-1,1,25,63,15533,23152
TTGTTCAGTGTGCTAC-1,1,24,64,15027,23443
ATGCATGATCCAGGAT-1,1,25,65,15533,23734
AGTCTTCTCCTCAAAT-1,1,24,66,15027,24025
GATTCCCTTGTCGCAG-1,1,25,67,15533,24315
CTCGCACCTATATAGT-1,1,24,68,15027,24606
ACTCAATAAAGGCACG-1,1,25,69,15533,24897
AACCGAGCTTGGTCAT-1,1,24,70,15028,25188
TAAGGCAACATAAGAT-1,0,25,71,15534,25478
CACGCACAGCGCAGCT-1,1,24,72,15028,25769
GGTTTACAATCTCAAT-1,1,25,73,15534,26060
TGCAGGATCGGCAAAG-1,1,24,74,15028,26351
ATAACGGAGTCCAACG-1,1,25,75,15534,26641
AACGATATGTCAACTG-1,1,24,76,15028,26932
GACAACGACCATTGAA-1,1,25,77,15534,27223
TTGACCATGTTCTCCG-1,1,24,78,15029,27514
AGTACGGGCACCTGGC-1,1,25,79,15535,27804
CGCCATCCGATTATGA-1,1,24,80,15029,28095
AAGGTATCCTAATATA-1,1,25,81,15535,28386
TGTTGTCAAGAAGTCT-1,1,24,82,15029,28677
CAGTGAATAAATGACT-1,1,25,83,15535,28967
CACCTTGCGAAACTCG-1,1,24,84,15029,29258
CATTTAGCGGACCATG-1,1,25,85,15535,29549
CCAGTCTAGACGGCGC-1,1,24,86,15030,29840
TCGCTTTAAACGTTTG-1,1,25,87,15536,30130
GTGAAACGGCGCCACC-1,1,24,88,15030,30421
GGGCTCATCGAACCCA-1,1,25,89,15536,30712
TTGATGTGTAGTCCCG-1,1,24,90,15030,31003
CAGTAGCCCACGCGGT-1,1,25,91,15536,31293
AGCGCGGGTGCCAATG-1,1,24,92,15030,31584
TAATCGATCCGTACGT-1,1,25,93,15536,31875
AGTGGCGGCAATTTGA-1,1,24,94,15031,32166
CCTTTCAATGAAGAAA-1,1,25,95,15537,32456
CTCAGTCACGACAAAT-1,1,24,96,15031,32747
ATAGGCTAGCTTCGCA-1,1,25,97,15537,33038
CGGTTCAAGTAGGTGT-1,1,24,98,15031,33329
CAGTCGAGGATGCAAT-1,1,25,99,15537,33619
TATCACCCAACCGACC-1,1,24,100,15031,33910
AATGATGCGACTCCTG-1,1,25,101,15537,34201
TGGAACCACTGACACA-1,1,24,102,15032,34492
GCCAATAGGGCATCTC-1,1,25,103,15538,34782
TTCTTTGGTCGCGACG-1,0,24,104,15032,35073
ATTAGATTCCTCAGCA-1,0,25,105,15538,35364
CCGTGGAACGATCCAA-1,0,24,106,15032,35655
GGGTCGTGGCAAGTGT-1,0,25,107,15538,35945
TCGCTCGGCACCAGCG-1,0,24,108,15032,36236
ACGCAATCACTACAGC-1,0,25,109,15538,36527
CTCTAATGCATTGATC-1,0,24,110,15033,36818
GTCTCGACTAAGTTTG-1,0,25,111,15539,37108
TGGTTTAAACGTGGGT-1,0,24,112,15033,37399
CGCAGATCTTCACCCG-1,0,25,113,15539,37690
TCCAGATGTACGCCAA-1,0,24,114,15033,37981
CATTGCGGGTCAATTC-1,0,25,115,15539,38271
GACGTTCGTAAATACA-1,0,24,116,15033,38562
TACACCGTCGTTAGTC-1,0,25,117,15539,38853
ACGGGCGTATGCGACA-1,0,24,118,15034,39143
GAAGGCTACCATTGTT-1,0,25,119,15540,39434
TAAATCTTTACACCTC-1,0,24,120,15034,39725
AGTTTATGTAAAGACA-1,0,25,121,15540,40015
AGGAGACATCCACAGT-1,0,24,122,15034,40306
CAACCTGAACCTGCCA-1,0,25,123,15540,40597
AGTCCCTCGCAGAAAG-1,0,24,124,15034,40888
TGTATACGGATGATGA-1,0,25,125,15540,41178
TTGTGGTATAGGTATG-1,0,24,126,15035,41469
TCTGCACCATTAGTAA-1,0,25,127,15541,41760
AAATGTATCTTATCCC-1,0,26,0,16030,4835
ACTCTAAACCTGGGAT-1,0,27,1,16536,5126
GCTGGCAGGTGCCGTG-1,1,26,2,16031,5417
CTCATTCGTGAACATC-1,1,27,3,16537,5707
TCGCCGGATGGGCAAG-1,1,26,4,16031,5998
GGACTAAGTCAGGAGT-1,1,27,5,16537,6289
TATCAAAGGTCTGTAA-1,1,26,6,16031,6580
TTCAGTTTGTGGCAGC-1,1,27,7,16537,6870
TGTTCATAAATGTGCT-1,1,26,8,16031,7161
CTTAGCCCGGATAGTG-1,1,27,9,16537,7452
GATGCGAATGGTATTA-1,1,26,10,16032,7743
TCTAACTGTATGTAAA-1,1,27,11,16538,8033
TTAAACCTGGTTCCTT-1,1,26,12,16032,8324
GCTAAGTAAAGGCGAT-1,1,27,13,16538,8615
AGTTACCGCACATGGT-1,1,26,14,16032,8906
GACTGCGGCACGTGTA-1,1,27,15,16538,9196
TGGTGATCGTATTTGT-1,1,26,16,16032,9487
TTATCGCCTGCGAAGC-1,1,27,17,16538,9778
TGGAATTAGACGCTTT-1,1,26,18,16033,10069
TCGTCACACTGTTAGC-1,1,27,19,16539,10359
TTATGTTTGCGATAGA-1,1,26,20,16033,10650
GGTGCTGATCACAAAG-1,1,27,21,16539,10941
CATAGCCGCCCGGGAT-1,1,26,22,16033,11232
GGTTAGTTACGGCGCC-1,1,27,23,16539,11522
ATTCCCACATAAACAA-1,1,26,24,16033,11813
ATTCAGTAGCAGGGTC-1,1,27,25,16539,12104
CAGTTCCGCGGGTCGA-1,1,26,26,16034,12395
AAGAGATGAATCGGTA-1,1,27,27,16540,12685
CGCAATTCTACAATAA-1,1,26,28,16034,12976
TAACGCTTTGAGAGCG-1,1,27,29,16540,13267
AGGCTATGGTTAGCTT-1,1,26,30,16034,13558
GAGGAATGGAGAGGTT-1,1,27,31,16540,13848
TCCTCTACGAGATGGC-1,1,26,32,16034,14139
TTGATTATGCAGATGA-1,1,27,33,16540,14430
TCAGTACTGACCCGCG-1,1,26,34,16035,14721
TTATGACAAACTGGAT-1,1,27,35,16541,15011
GTAAGTAGGGTATACC-1,1,26,36,16035,15302
CGCAAACACGAGTTAC-1,1,27,37,16541,15593
TGGCCGTATATTGACC-1,1,26,38,16035,15884
ACTGTAGCACTTTGGA-1,1,27,39,16541,16174
GCTCTATGTTACGTGC-1,1,26,40,16035,16465
TGCGCGATTAACGGAG-1,1,27,41,16542,16756
GAATCGACATGGTCAC-1,1,26,42,16036,17047
GACTAAGTAGGCTCAC-1,1,27,43,16542,17337
ATCTTGACCTGCAACG-1,1,26,44,16036,17628
ATGCACTACCGCATTG-1,1,27,45,16542,17919
CAGATACTAACATAGT-1,1,26,46,16036,18210
GATCGACACTATCTGA-1,1,27,47,16542,18500
ATAGAGTACTGGGACA-1,1,26,48,16037,18791
CCTACTGCTTACACTT-1,1,27,49,16543,19082
CCTGCTATTTGAGAAG-1,1,26,50,16037,19373
CGCGTTCATGAAATAC-1,1,27,51,16543,19663
CATTATGCTTGTTGTG-1,1,26,52,16037,19954
CCAGGGACGTGGCCTC-1,1,27,53,16543,20245
TATGGATGTGCTACGC-1,1,26,54,16037,20536
GTACTAAGATTTGGAG-1,1,27,55,16543,20826
AGACCCGCCCTCCTCG-1,1,26,56,16038,21117
CGCATTAGCTAATAGG-1,1,27,57,16544,21408
GCTCTCGGGTACCGAA-1,1,26,58,16038,21699
CACCGCCAGAAGGTTT-1,1,27,59,16544,21989
TCCCAAAGACGAAGGA-1,1,26,60,16038,22280
ATGGATTGACCAAACG-1,1,27,61,16544,22571
GTCATGGACATGACTA-1,1,26,62,16038,22861
CTACTGCCACCTGACC-1,1,27,63,16544,23152
TTATATTTGGCAATCC-1,1,26,64,16039,23443
AGCACCAGTACTCACG-1,1,27,65,16545,23733
CATGGTCTAGATACCG-1,1,26,66,16039,24024
TCTACCGTCCACAAGC-1,1,27,67,16545,24315
CTAGTTGGGCCCGGTA-1,1,26,68,16039,24606
TCCCGCGTACTCCTGG-1,1,27,69,16545,24896
CAGAGCATGAGCTTGC-1,0,26,70,16039,25187
ACACGGGAACTTAGGG-1,1,27,71,16545,25478
GGCTCTGCTCCAACGC-1,1,26,72,16040,25769
AGAACGTGGTACATTC-1,1,27,73,16546,26059
CAATAAACCTTGGCCC-1,1,26,74,16040,26350
ACTTCGCCATACGCAC-1,1,27,75,16546,26641
ATCTGGTTAAGACTGT-1,1,26,76,16040,26932
TCGTAAGACGACATTG-1,1,27,77,16546,27222
GTGTACCTTGGCTACG-1,1,26,78,16040,27513
GCCCGTAATACCTTCT-1,1,27,79,16546,27804
CGGTCAAGTGGGAACC-1,1,26,80,16041,28095
TTGTAAGGCCAGTTGG-1,1,27,81,16547,28385
GGAGCACCAAGAACTA-1,1,26,82,16041,28676
TAATAGTGACGACCAG-1,1,27,83,16547,28967
CTAAATCCTATTCCGG-1,1,26,84,16041,29258
CGAGTTCTGTCCCACC-1,1,27,85,16547,29548
AGGCAGATGCGTAAAC-1,1,26,86,16041,29839
AAGGATGAGGGACCTC-1,1,27,87,16547,30130
AGAGAACCGTCTAGGA-1,1,26,88,16042,30421
GAGGGCGCAGCTCTGC-1,1,27,89,16548,30711
AAGATTGGCGGAACGT-1,1,26,90,16042,31002
CCAGTAGTCTGATCCA-1,1,27,91,16548,31293
AAGGGACAGATTCTGT-1,1,26,92,16042,31584
ATAGAGTTATCAACTT-1,1,27,93,16548,31874
AAATTACCTATCGATG-1,1,26,94,16042,32165
GATCCTAAATCGGGAC-1,1,27,95,16548,32456
TTACAGACCTAAATGA-1,1,26,96,16043,32747
CCTCACCTTAGCATCG-1,1,27,97,16549,33037
CATGCGACCAGTTTAA-1,1,26,98,16043,33328
AACATATCAACTGGTG-1,1,27,99,16549,33619
CTATAAGAGCCAATCG-1,1,26,100,16043,33910
AATATCGAGGGTTCTC-1,1,27,101,16549,34200
GTACTCCTGGGTATGC-1,1,26,102,16043,34491
ATAAGTAGGATTCAGA-1,1,27,103,16549,34782
AGGTCGCGGAGTTACT-1,1,26,104,16044,35073
CTAATTCTCAGATATT-1,1,27,105,16550,35363
GCCAACCATTTCCGGA-1,0,26,106,16044,35654
TGATCCCAGCATTAGT-1,0,27,107,16550,35945
CGTTGTAAGATTGATT-1,0,26,108,16044,36236
GAAACCATGGTGCGCT-1,0,27,109,16550,36526
AATCTATGCCGGAGCC-1,0,26,110,16044,36817
GACTCCCAGAATAAGG-1,0,27,111,16550,37108
TATGATCCGGCACGCC-1,0,26,112,16045,37399
CCGCTTGCTGACATGG-1,0,27,113,16551,37689
TGGTTAAGGGCGCTGG-1,0,26,114,16045,37980
TTGATAGTCAATACAT-1,0,27,115,16551,38271
GGTTTAATTGAGCAGG-1,0,26,116,16045,38562
CATTACATAGATTGTG-1,0,27,117,16551,38852
GGTACACCAGATTTAT-1,0,26,118,16045,39143
GGCCCGTATACCATGC-1,0,27,119,16551,39434
ATCTTTCGTATAACCA-1,0,26,120,16046,39725
GAGATGACAATCCTTA-1,0,27,121,16552,40015
AAAGCTTGCCTACATA-1,0,26,122,16046,40306
GAACGATAAGTTAAAG-1,0,27,123,16552,40597
TAATAGCTAAATGATG-1,0,26,124,16046,40887
TATGGCTAGGCTAATT-1,0,27,125,16552,41178
AGGAGAGTCTGGCTAC-1,0,26,126,16046,41469
TGCTCTGCCGGTTCAC-1,0,27,127,16552,41759
CCAATAGATTTCATCT-1,0,28,0,17042,4835
GGGCACGAATTGGCCG-1,1,29,1,17548,5126
TCGTTGACAGGGTCCC-1,1,28,2,17042,5417
ATCGTATTCCGAGAAC-1,1,29,3,17548,5707
GGGAATTCTGTCCAGT-1,1,28,4,17043,5998
ACGCGTTTCTTAAGAG-1,1,29,5,17549,6289
GAGAGCGCAGTCCCTG-1,1,28,6,17043,6580
GTCCTATTGTTGTGGT-1,1,29,7,17549,6870
CATCTGCAGGATCATT-1,1,28,8,17043,7161
GAGTCGACAGACCCTC-1,1,29,9,17549,7452
AAGTGCAAAGGTAGAC-1,1,28,10,17043,7742
AGGGTGGATAGTGCAT-1,1,29,11,17549,8033
TGATAGCGGGATTCTA-1,1,28,12,17044,8324
GTCAGTTTGGTAGTCG-1,1,29,13,17550,8614
GCATTCGAAATGAACA-1,1,28,14,17044,8905
AAAGACTGGGCGCTTT-1,1,29,15,17550,9196
TAACAATATTTGTTGC-1,1,28,16,17044,9487
CCAGCTTCCGCCCGCA-1,1,29,17,17550,9777
GATATGGATTACGCGG-1,1,28,18,17044,10068
AGAGCAGTTATGAGAC-1,1,29,19,17550,10359
TCACATCTTATCTGAT-1,1,28,20,17045,10650
TATGAAGACAGGTGCG-1,1,29,21,17551,10940
TACCTGCTGCACTGTG-1,1,28,22,17045,11231
TAGGTCCAAGTAAGGA-1,1,29,23,17551,11522
GAAACTCGTGCGATGC-1,1,28,24,17045,11813
AACAATTACTCTACGC-1,1,29,25,17551,12103
CCGCACGTGACCTCGG-1,1,28,26,17045,12394
AACTTGCCCGTATGCA-1,1,29,27,17552,12685
GGGTATGTATGCACTT-1,1,28,28,17046,12976
TTCGTACTCCAGAACG-1,1,29,29,17552,13266
GAATTTCTCGCTGCAG-1,1,28,30,17046,13557
AACAGGATGGGCCGCG-1,1,29,31,17552,13848
GACGTGTAGGGATTAT-1,1,28,32,17046,14139
TAGGTGAGCCCTACTC-1,1,29,33,17552,14429
CTAATTCGCACGCGCT-1,1,28,34,17047,14720
GAAGCTTGCTGACCGC-1,1,29,35,17553,15011
GGTTAGGCTTGGAGAA-1,1,28,36,17047,15302
ACAAGGACAAGAGGTT-1,1,29,37,17553,15592
AGGCCACCCGTTATGA-1,1,28,38,17047,15883
GTGGGCTTAGACACAC-1,1,29,39,17553,16174
CGTGTCCCATTCGCGA-1,1,28,40,17047,16465
TGGAGTGATGCGATGA-1,1,29,41,17553,16755
AACAACTGGTAGTTGC-1,1,28,42,17048,17046
CCTGGCTAGACCCGCC-1,1,29,43,17554,17337
CGCAATTAGGGTAATA-1,1,28,44,17048,17628
TCGAAATTTAGGACCA-1,1,29,45,17554,17918
AGACTAGCCTTCCAGA-1,1,28,46,17048,18209
TTGATCTAACTTTGTC-1,1,29,47,17554,18500
AAGGAGCGGTTGGTGC-1,1,28,48,17048,18791
ACTTGGGACCCGGTGG-1,1,29,49,17554,19081
TGATCTCCGGCGCCAG-1,1,28,50,17049,19372
CAGTTCAAATTGACAC-1,1,29,51,17555,19663
GTCCGGCTGAATTGCG-1,1,28,52,17049,19954
CTGGAAATGGATGCTT-1,1,29,53,17555,20244
TGATCGGTTTGACCCT-1,1,28,54,17049,20535
TAGAGTCTAAGCGAAC-1,1,29,55,17555,20826
GAGACTGATGGGTAGA-1,1,28,56,17049,21117
TAGCTAAGTCCGGGAG-1,1,29,57,17555,21407
GGGCGATATGTGTGAA-1,1,28,58,17050,21698
CTCGAGGTCGAACAGT-1,1,29,59,17556,21989
GATCCCTTTATACTGC-1,1,28,60,17050,22280
GTCATGCACCTCCGTT-1,1,29,61,17556,22570
ACTTTCCTATAGCTTC-1,1,28,62,17050,22861
TCGCTCGATATATTCC-1,1,29,63,17556,23152
ATAGGTTGGGCAGATG-1,1,28,64,17050,23443
CAATTAAGGGTGATGA-1,1,29,65,17556,23733
ACCGACTGAGTCCCAC-1,1,28,66,17051,24024
CCTGTCACCCGGGCTC-1,1,29,67,17557,24315
GATCGGTGGCCATAAC-1,1,28,68,17051,24605
CCTATGGGTTACCGTC-1,1,29,69,17557,24896
TTGGGACACTGCCCGC-1,1,28,70,17051,25187
CGAGGCTAAATATGGC-1,1,29,71,17557,25477
TCAGGGTGTAACGTAA-1,1,28,72,17051,25768
CGAGAGATGTGAACCT-1,1,29,73,17557,26059
TCGCTGGGCGGATTGT-1,1,28,74,17052,26350
AGATCTCAGGTGTGAT-1,1,29,75,17558,26640
TGGCCAAACTGAAGTA-1,1,28,76,17052,26931
GCTTCCGTCCCTAGAC-1,1,29,77,17558,27222
CAGCAGCCCGTTCCTT-1,1,28,78,17052,27513
TGTATAACAGATCCTG-1,1,29,79,17558,27803
CGCGGGAATTAGGCAG-1,1,28,80,17052,28094
TGCATGTGGTAATCTA-1,1,29,81,17558,28385
ACAATTTGAGCAGTGG-1,1,28,82,17053,28676
GAGCTAAGGGCATATC-1,1,29,83,17559,28966
CCAGATAGTTGAGTGA-1,1,28,84,17053,29257
CCACAATGTACGTCTT-1,1,29,85,17559,29548
CAATGGATCTCTACCA-1,1,28,86,17053,29839
TGTGGCAAAGCGTATG-1,1,29,87,17559,30129
TAAAGCGTTAGGAGAA-1,1,28,88,17053,30420
TCCGTTTAGCCTTGAA-1,1,29,89,17559,30711
CAGCTCGACAAGTTAA-1,1,28,90,17054,31002
GCCTATAGTGTCAGGG-1,1,29,91,17560,31292
ATAGACAACGGGACCT-1,1,28,92,17054,31583
CTACTATCTTTCAGAG-1,1,29,93,17560,31874
GCGCTGCTTTGCATTT-1,1,28,94,17054,32165
GCGCATCCAGTCAGCA-1,1,29,95,17560,32455
GACTCGCGGGAATGAC-1,1,28,96,17054,32746
CTGGTAACGAGCTCTT-1,1,29,97,17560,33037
TCCGGCCTAGCGTACA-1,1,28,98,17055,33328
TCTAGGTGGCGACGCT-1,1,29,99,17561,33618
ACGCTAGTGATACACT-1,1,28,100,17055,33909
ATCTGCACCTCTGCGA-1,1,29,101,17561,34200
CCTCACCTGAGGGAGC-1,1,28,102,17055,34491
AGTGAGCCTCGCCGCC-1,1,29,103,17561,34781
ACGAGTACGGATGCCC-1,1,28,104,17055,35072
GGTACCATTAAGACGG-1,1,29,105,17561,35363
TTCTGCTAGACTCCAA-1,0,28,106,17056,35654
TAACTATTACGCCAAA-1,0,29,107,17562,35944
GCATTCAAGGCAACGC-1,0,28,108,17056,36235
AGTACATCATTTATCA-1,0,29,109,17562,36526
GTCGTGTCTGGTCATC-1,0,28,110,17056,36817
AGTCTAAAGTATACTC-1,0,29,111,17562,37107
CGGCCCAACCTGTAGT-1,0,28,112,17056,37398
AGGGAGACATACTTCG-1,0,29,113,17562,37689
TCCCTAGATCAATAGG-1,0,28,114,17057,37980
TCCCGTCGCGTCATAG-1,0,29,115,17563,38270
CGCATCCATCAGCCAG-1,0,28,116,17057,38561
CTGCACCTAGTCCACA-1,0,29,117,17563,38852
CGAGGATCGGGAACGA-1,0,28,118,17057,39143
CAATGAGGTTCGACTA-1,0,29,119,17563,39433
TCTGACGGGCTAACCC-1,0,28,120,17057,39724
TTCTATGCCTTTCGCA-1,0,29,121,17563,40015
AGAGTATAGTGTTACG-1,0,28,122,17058,40306
CCATTGTTTCCTCCAT-1,0,29,123,17564,40596
CTCATCACTTAGTGAT-1,0,28,124,17058,40887
CCGAAGGGCGTACCGC-1,0,29,125,17564,41178
TCAAGCTGCCTTGAAA-1,0,28,126,17058,41469
CTCATTAACGTTGCCC-1,0,29,127,17564,41759
GTCTTCCTCACCTAAG-1,0,30,0,18054,4835
GGTGATGAAGGAAGTG-1,1,31,1,18560,5125
TCAATACAATTGCTGC-1,1,30,2,18054,5416
GCAACCCAAGTTGTTT-1,1,31,3,18560,5707
ATGAAGTGGACCCAGC-1,1,30,4,18054,5998
GAGAATCTCACGATCA-1,1,31,5,18560,6288
TATATCATTGATCAGT-1,1,30,6,18055,6579
AACTTTACGGGAGCTT-1,1,31,7,18561,6870
TTCTTGTGTCCATCAG-1,1,30,8,18055,7161
ACAATTTAGGAGGCTC-1,1,31,9,18561,7451
ATACTTGTTCTCGAGC-1,1,30,10,18055,7742
CACGGGATTGAGGGTT-1,1,31,11,18561,8033
GTTAATGTCTATCTTA-1,1,30,12,18055,8324
GCGTTATATTTGGAAC-1,1,31,13,18562,8614
CGTCAAGGCTATAAAT-1,1,30,14,18056,8905
TTAGCTCTGTAATCCG-1,1,31,15,18562,9196
AATGGTCCACCGTTCA-1,1,30,16,18056,9486
GTCATTGCATTGACCC-1,1,31,17,18562,9777
TGTCCGTGGCGCCTTT-1,1,30,18,18056,10068
TCAACTAACGTATAAC-1,1,31,19,18562,10358
TCCTCTCCAGTTGTCC-1,1,30,20,18057,10649
TGTGTTCGTATCCAAG-1,1,31,21,18563,10940
CCGCGTAGGTAAGGGC-1,1,30,22,18057,11231
CTGCGGGTGAAATGTT-1,1,31,23,18563,11521
TATCTACAGAGGTAAT-1,1,30,24,18057,11812
CTACTCTAGGCCCGGC-1,1,31,25,18563,12103
ACAAGCAGTGCCTAGC-1,1,30,26,18057,12394
TACAAGTCTCGTGCAT-1,1,31,27,18563,12684
TCGGAATGCGCTCTGA-1,1,30,28,18058,12975
TCGCGTCCAGAAGGTC-1,1,31,29,18564,13266
TATGGCCCGGCCTCGC-1,1,30,30,18058,13557
GCTGGCATATTCACCT-1,1,31,31,18564,13847
GTCAGAATAGTCTATG-1,1,30,32,18058,14138
GGCGTCCTATCCGCTG-1,1,31,33,18564,14429
CGGAGTTTGAGAGACA-1,1,30,34,18058,14720
AGCACTTAAGGACGCC-1,1,31,35,18564,15010
TCCACAATGGTTTACG-1,1,30,36,18059,15301
CCAACGATGCACTGAT-1,1,31,37,18565,15592
ATTTACAGTTTACTGG-1,1,30,38,18059,15883
CCCTGAAATGAGTTGA-1,1,31,39,18565,16173
CAAACGGTCGCACTTT-1,1,30,40,18059,16464
TGATTCGTCTATCACT-1,1,31,41,18565,16755
TCAGGTTCTTTGAGAA-1,1,30,42,18059,17046
CACGCAGCGAGGCTTT-1,1,31,43,18565,17336
TTAAGCGCCTGACCCA-1,1,30,44,18060,17627
CTTACACGGTATTCCA-1,1,31,45,18566,17918
AAGGCTGTGCTCATCG-1,1,30,46,18060,18209
GACCAGAGCCCTGTAG-1,1,31,47,18566,18499
TCCCAGGCTTAGCTAA-1,1,30,48,18060,18790
ATTGAAGATCTTAGTG-1,1,31,49,18566,19081
AGTTCCTACAGAATTA-1,1,30,50,18060,19372
GGGCTGGTTAGTCGCG-1,1,31,51,18566,19662
GAAATGGCGGTGTTAG-1,1,30,52,18061,19953
TACGAACACGACTTCA-1,1,31,53,18567,20244
ACCACAAGTTTCTATC-1,1,30,54,18061,20535
ATATTTAACCCTCAAG-1,1,31,55,18567,20825
GATCATTCCAAACATT-1,1,30,56,18061,21116
TCCAGGCGAGTACGGT-1,1,31,57,18567,21407
GTTTGACCAAATCCTA-1,1,30,58,18061,21698
CACAGCACCCACGGCA-1,1,31,59,18567,21988
TGCAAGAATGACGTAA-1,1,30,60,18062,22279
GCGAAGCCATACCCGT-1,1,31,61,18568,22570
TCCTTTCTTACGCTTA-1,1,30,62,18062,22861
GCTGCTCTCCGGACAC-1,1,31,63,18568,23151
ACTGTCTTCTTTAGAA-1,1,30,64,18062,23442
TCAAACTTAGATTGTT-1,1,31,65,18568,23733
CTATGTCACTAGCCCA-1,1,30,66,18062,24024
TGCGCAAAGCATTTGG-1,1,31,67,18568,24314
TTAATGTAGACCAGGT-1,1,30,68,18063,24605
GGCGGTAGGATCATTG-1,1,31,69,18569,24896
GGCAATAGTCAATGAG-1,1,30,70,18063,25187
ACACGAGACTCCTTCT-1,1,31,71,18569,25477
GACACAAGGGAAGAAA-1,1,30,72,18063,25768
TCAGCAAATGCATCTC-1,1,31,73,18569,26059
GAGATCTGTCACTCCG-1,1,30,74,18063,26349
ATGCCGGTCTTGCATA-1,1,31,75,18569,26640
TTGGGCGGCGGTTGCC-1,1,30,76,18064,26931
TTGTTGTGTGTCAAGA-1,1,31,77,18570,27222
ACTGTACGATACACAT-1,1,30,78,18064,27512
TCCACTTTATCTAGGT-1,1,31,79,18570,27803
GGTCTGAGAATCTGGA-1,1,30,80,18064,28094
TAGAAAGGTGGCGCTA-1,1,31,81,18570,28384
TATGTCTCATTGTGCC-1,1,30,82,18064,28675
GGATTTCACTTCTATA-1,1,31,83,18570,28966
TGAGTGGTCCGTGACG-1,1,30,84,18065,29257
CGCTTTCTTGCATTCG-1,1,31,85,18571,29547
ACCCAACGCCCGTGGC-1,1,30,86,18065,29838
GAACGTCTCATGGTCG-1,1,31,87,18571,30129
AGGGTTCCCTTTGGTT-1,1,30,88,18065,30420
GTAGCTTCCTCTTGTT-1,1,31,89,18571,30710
GCATGAGGGACGCGGC-1,1,30,90,18065,31001
CTACCCTAAGGTCATA-1,1,31,91,18571,31292
TCACCGCTCGGCACTC-1,1,30,92,18066,31583
GGCTCGCGTTGAGGTA-1,1,31,93,18572,31873
CTAACGAAACTTGCTG-1,1,30,94,18066,32164
TTAAACTCGAATTCAT-1,1,31,95,18572,32455
TACTTTACTGAGCCGG-1,1,30,96,18066,32746
GCTTGGATCGATTAGG-1,1,31,97,18572,33036
CGGTTATCCAACAGTG-1,1,30,98,18066,33327
CAGACCTGTAAGTGTT-1,1,31,99,18572,33618
GACGGTCAATAGAAGC-1,1,30,100,18067,33909
CTGACTGCGCAGCTCG-1,1,31,101,18573,34199
CCATACCTTTACTTGT-1,1,30,102,18067,34490
GTAATAAAGGGCTCCC-1,1,31,103,18573,34781
GTGAACTCCCATTCGA-1,1,30,104,18067,35072
GTGGTTACTTCTTTCG-1,1,31,105,18573,35362
TCAGAACCTCCACAGG-1,1,30,106,18067,35653
TCCCACTCTCTTCCGG-1,1,31,107,18573,35944
ATCTTGACTTGTCCAA-1,0,30,108,18068,36235
TCGGGAACGTGCCTAG-1,0,31,109,18574,36525
GTTAGCCGTAAATCAA-1,0,30,110,18068,36816
ATTTACTAAGTCCATT-1,0,31,111,18574,37107
GGGTGCATATGAAAGC-1,0,30,112,18068,37398
TCCGAATGGTCCTGAG-1,0,31,113,18574,37688
TGATGGCTGTTTCTGA-1,0,30,114,18068,37979
AAATAAGGTAGTGCCC-1,0,31,115,18575,38270
CCACTATCCGGGTCAC-1,0,30,116,18069,38561
ACACCACATAATTAGC-1,0,31,117,18575,38851
CGCGGTAAGTCTAGCT-1,0,30,118,18069,39142
GCGGGCATTACGATGC-1,0,31,119,18575,39433
AGGATTGCTTACGACA-1,0,30,120,18069,39724
CTCGGGATAACACCTA-1,0,31,121,18575,40014
GTCGTCTGGTTGGCTA-1,0,30,122,18070,40305
GCAATTAGTCGCACCG-1,0,31,123,18576,40596
GTGACCTAAAGAATAA-1,0,30,124,18070,40887
CTGAGCGAGACTTATT-1,0,31,125,18576,41177
CAAGACTCAGAAGCGC-1,0,30,126,18070,41468
ACTTCGCTAGCGAGTG-1,0,31,127,18576,41759
CCATACTCGCCTCTCC-1,0,32,0,19066,4834
ACGATACCTATCCTGA-1,1,33,1,19572,5125
CTCACCAGTACAAGTG-1,1,32,2,19066,5416
CGAAGACGGTGAGTGC-1,1,33,3,19572,5706
AAATTAATAAGCGCGA-1,1,32,4,19066,5997
GGGCCCTTATCTATAC-1,1,33,5,19572,6288
CTGCCCACGAAGCGTT-1,1,32,6,19067,6579
GGACAAGTTGCAGTGA-1,1,33,7,19573,6869
GTCCGAGAGCAATCAT-1,1,32,8,19067,7160
ATGGCAGCCGAGAAAC-1,1,33,9,19573,7451
CCTCGGATGCTACCTG-1,1,32,10,19067,7742
ATACGGTGAAGATGCA-1,1,33,11,19573,8032
ACATCAGCTGGGACGC-1,1,32,12,19067,8323
GGTTGTGTAGCCTGGC-1,1,33,13,19573,8614
CCTGCGTTCTACGCTT-1,1,32,14,19068,8905
GAACGTTAGGAAGACG-1,1,33,15,19574,9195
CTGATAGTGTATCTCA-1,1,32,16,19068,9486
TTCTGCGAGCGCCCTT-1,1,33,17,19574,9777
CTTTGGCGCTTTATAC-1,1,32,18,19068,10068
TCCGAACTTGGCTTAC-1,1,33,19,19574,10358
TAGATTCCTGGTTATT-1,1,32,20,19068,10649
CCGACAAAGGGAGTGC-1,1,33,21,19574,10940
CCATGGCCCTTGTACC-1,1,32,22,19069,11230
GAAATATCACCATCAG-1,1,33,23,19575,11521
ACGAAATGGGCGGCAC-1,1,32,24,19069,11812
GTGAGCGTGCTGCACT-1,1,33,25,19575,12102
CCGCGGGTACGAAGAA-1,1,32,26,19069,12393
TCCCTGGCTCGCTGGA-1,1,33,27,19575,12684
CAGCTTAGTAGGTAGC-1,1,32,28,19069,12975
CACGAAAGTTAGTCCC-1,1,33,29,19575,13265
ACCTAATCGACTTCCT-1,1,32,30,19070,13556
AAGTAGTGACGCGAGG-1,1,33,31,19576,13847
TCCGATTACATTGCCG-1,1,32,32,19070,14138
CCTCCGACAATTCAAG-1,1,33,33,19576,14428
GTTCACAGGAGTCTAG-1,1,32,34,19070,14719
CGAAGTTGCTCTGTGT-1,1,33,35,19576,15010
GTCGGATATCTCAGAC-1,1,32,36,19070,15301
CGCTCTCCGTAGATTA-1,1,33,37,19576,15591
CAAGCAACGTCGGAGT-1,1,32,38,19071,15882
CCATTCCCTGCCCACA-1,1,33,39,19577,16173
CTTTGGCTTTAGTAAA-1,1,32,40,19071,16464
GGCTATTAAGTTGTAT-1,1,33,41,19577,16754
CCATTAGCGATAATCC-1,1,32,42,19071,17045
TGTTCTTCCATTGACT-1,1,33,43,19577,17336
AGATAACTTCAGGGCC-1,1,32,44,19071,17627
ATAGACGAAGAGAAAG-1,1,33,45,19577,17917
GGCGGAGTAATATTAG-1,1,32,46,19072,18208
TGACCCACGTTAGACA-1,1,33,47,19578,18499
TCACAGGTTATTGGGC-1,1,32,48,19072,18790
TCACGCATTGTAGATC-1,1,33,49,19578,19080
TTGAAGAATTCCCAGG-1,1,32,50,19072,19371
AAATGGTCAATGTGCC-1,1,33,51,19578,19662
TAGTGCCCTCCAGAGT-1,1,32,52,19072,19953
GGTATTGCCGAGTTTA-1,1,33,53,19578,20243
CGTATTAAGAGATCTA-1,1,32,54,19073,20534
ACTGTCCAGGATTATA-1,1,33,55,19579,20825
CGGGCAGCTAAACCGC-1,1,32,56,19073,21116
TTGCTGATCATGTTCG-1,1,33,57,19579,21406
TATGGGTACGTATCGT-1,1,32,58,19073,21697
CAGCTCACTGAGACAT-1,1,33,59,19579,21988
GGGACTGCATAGATAG-1,1,32,60,19073,22279
ACGCATTCGTGAGTAC-1,1,33,61,19579,22569
CTCTGGACGCCTGGTG-1,1,32,62,19074,22860
AGGGTTTAGTTCGGGA-1,1,33,63,19580,23151
GGGAGAACTCACAGTA-1,1,32,64,19074,23442
ATCAATCTGGGCTGCA-1,1,33,65,19580,23732
TCTTCGATACCAATAA-1,1,32,66,19074,24023
ACGTAGATTGCTGATG-1,1,33,67,19580,24314
TCTTGATGCGTAGCGA-1,1,32,68,19074,24605
GGGCTGCCTAGGGCGA-1,1,33,69,19580,24895
CTCTCACAATCGATGA-1,1,32,70,19075,25186
CCAAGCGTAACTCGTA-1,1,33,71,19581,25477
ACAACAGCATGAGCTA-1,1,32,72,19075,25768
GTCCCAACGTAAAGTA-1,1,33,73,19581,26058
TCGGAGTACATGAGTA-1,1,32,74,19075,26349
GGGAGTTAATGAGGCG-1,1,33,75,19581,26640
CCGGGCGGTCTCGTCA-1,1,32,76,19075,26931
CCGTAAGTTGGTCCCA-1,1,33,77,19581,27221
GGAGGGCTTGGTTGGC-1,1,32,78,19076,27512
TCGGACGCCCAGCCCA-1,1,33,79,19582,27803
TCTGTGCCATCATAGT-1,1,32,80,19076,28094
GTACTGGAGTTAGACC-1,1,33,81,19582,28384
GGAATGCGCTAGCGTG-1,1,32,82,19076,28675
GTGTGAATAACTTAGG-1,1,33,83,19582,28966
GGTCGGCCAGGAGCTT-1,1,32,84,19076,29256
TAGCCGGCGGTCAGCG-1,1,33,85,19582,29547
CGGGTGTACCCATTTA-1,1,32,86,19077,29838
AGTGATTCAAGCAGGA-1,1,33,87,19583,30128
GTTGGATTGAGAACAC-1,1,32,88,19077,30419
CACACGCGCTGTCTTA-1,1,33,89,19583,30710
TAGACGCCCGTACCGG-1,1,32,90,19077,31001
GGTTTCAATCGGTCAG-1,1,33,91,19583,31291
AATCTGCGTTGGGACG-1,1,32,92,19077,31582
TTACGGATGGTTCGAG-1,1,33,93,19583,31873
CGGCAGGGTCGGGTTG-1,1,32,94,19078,32164
GCTTTCAGAGGAGGTG-1,1,33,95,19584,32454
TCTTCCCATGGGCACA-1,1,32,96,19078,32745
TACCGCGGACTTGCAG-1,1,33,97,19584,33036
AGAATTATGGATTCGA-1,1,32,98,19078,33327
ATTGATGAGTCCTAAC-1,1,33,99,19584,33617
TAGGTCGCCGGAACTG-1,1,32,100,19078,33908
TAACCTACCGTCCGAG-1,1,33,101,19585,34199
CTTAGTAGGCCTACAG-1,1,32,102,19079,34490
CTAGATGTGAGTGTAA-1,1,33,103,19585,34780
ACTCCCGAATTCGTTT-1,1,32,104,19079,35071
GTTCATCGTTTGGCTG-1,1,33,105,19585,35362
ACTTTACCCTCATGAA-1,1,32,106,19079,35653
GCGAGAGTTGCGTCCA-1,1,33,107,19585,35943
GTTCGGGCGTACCATT-1,0,32,108,19080,36234
CGACTTTGTATAGCCT-1,0,33,109,19586,36525
GCCATCGATGCTGCAT-1,0,32,110,19080,36816
GCATTTCCAAGGCTCC-1,0,33,111,19586,37106
ATGTAAGGCTGCTCTT-1,0,32,112,19080,37397
ACGTTCGCAATCAATT-1,0,33,113,19586,37688
GTGACGAGGGTGACCC-1,0,32,114,19080,37979
ATTATAGCTACTTTAC-1,0,33,115,19586,38269
CGTGTGTTAAACCCTG-1,0,32,116,19081,38560
TTGGTATGGCTTGTGT-1,0,33,117,19587,38851
CATTCCCATTCCGTCG-1,0,32,118,19081,39142
TGCCGAAAGCGTATTC-1,0,33,119,19587,39432
CAACACATCTCCTGCC-1,0,32,120,19081,39723
CTGCCTCATATGCAAC-1,0,33,121,19587,40014
TCCCGCCTATGTGCGT-1,0,32,122,19081,40305
GGTTACCCGACACTTT-1,0,33,123,19587,40595
CCAGCGGGATCACCAG-1,0,32,124,19082,40886
ATGTTTCGGCCCGGAG-1,0,33,125,19588,41177
GCGTCTAACCTCCTAA-1,0,32,126,19082,41468
ATCAGGTAGCTGACAG-1,0,33,127,19588,41758
GGTATGAAAGAACTGA-1,0,34,0,20078,4834
GTGGCCTAATATCATT-1,1,35,1,20584,5124
CCTGTGAAACCGTAAC-1,1,34,2,20078,5415
GGCAGAGAGATCGGGA-1,1,35,3,20584,5706
TAGCGTCGAATATTGA-1,1,34,4,20078,5997
CGCCGACTATTCGCTA-1,1,35,5,20584,6287
TCTGGCGCAAGCCGGG-1,1,34,6,20078,6578
AGTGGTTGCGTATAGG-1,1,35,7,20584,6869
ATCGGTTACCTAGTAA-1,1,34,8,20079,7160
CCTGCCCGTTGTCTAG-1,1,35,9,20585,7450
GCACACGCCCATGGTC-1,1,34,10,20079,7741
AGTACGGCCCGTATCG-1,1,35,11,20585,8032
TATCTAGCCTAAAGGA-1,1,34,12,20079,8323
CACTCGGTTAGGAGGA-1,1,35,13,20585,8613
ATGTTCGTCGACCCAC-1,1,34,14,20079,8904
TTCCTCTGCCCGAATA-1,1,35,15,20585,9195
TTACTATCGGCTTCTC-1,1,34,16,20080,9486
GCCGCATTAGTCCGGC-1,1,35,17,20586,9776
TAAGGGCTGGGAGAGG-1,1,34,18,20080,10067
TAAGCAGGCGACACGC-1,1,35,19,20586,10358
AGCACTACCGGCCTGT-1,1,34,20,20080,10649
GAAAGCCCTTTGGACC-1,1,35,21,20586,10939
GACCGACTGAAGCGTC-1,1,34,22,20080,11230
CGGTGAAGACTAAAGT-1,1,35,23,20586,11521
CCCTGCGCTACGCATA-1,1,34,24,20081,11812
TACTGGACAGCTCGGC-1,1,35,25,20587,12102
TTAGTAGGGCGGCGGG-1,1,34,26,20081,12393
GAGGCTATCAAAGTCG-1,1,35,27,20587,12684
TTACCATTGATTACCC-1,1,34,28,20081,12974
ATACCACGGGCAACTT-1,1,35,29,20587,13265
TGTCCTAAGTCACCGC-1,1,34,30,20081,13556
AGGTAGGTACAAAGCT-1,1,35,31,20587,13846
GGCATACAGGTAGCGG-1,1,34,32,20082,14137
TGTAGTGATCTATAAT-1,1,35,33,20588,14428
TCCCGGGTGTGCTGCT-1,1,34,34,20082,14719
TACGATGTTGATCATC-1,1,35,35,20588,15009
CCTCTCTCCCATCTAG-1,1,34,36,20082,15300
GCAGGACTATAGAATA-1,1,35,37,20588,15591
CTAGTGAAGGACAGGA-1,1,34,38,20082,15882
TACGAGAACTTCACGT-1,1,35,39,20588,16172
CGTTGTTTCAATTCCC-1,1,34,40,20083,16463
GCAAATATTACGCTTT-1,1,35,41,20589,16754
CCAATAGTGCCGTCGA-1,1,34,42,20083,17045
ATTGCTGCTCCTCCAT-1,1,35,43,20589,17335
GAGATCTGCTTGGCAT-1,1,34,44,20083,17626
GCCGAAATTCCTACGT-1,1,35,45,20589,17917
GGCACTCCACTGGGCA-1,1,34,46,20083,18208
GGGTCACCGTGACGGT-1,1,35,47,20589,18498
CACTTAATCAGACGGA-1,1,34,48,20084,18789
CGTTTCGCTCATTACA-1,1,35,49,20590,19080
ATAAAGGCTCGGTCGT-1,1,34,50,20084,19371
CACTAAAGTTGCCTAT-1,1,35,51,20590,19661
GTGCTCAAGTACTGTC-1,1,34,52,20084,19952
CCATGCCTGTTTAGTA-1,1,35,53,20590,20243
TCTAGTTATCAGAAGA-1,1,34,54,20084,20534
TTGTAATCCGTACTCG-1,1,35,55,20590,20824
TCCCAGCTTTAGTCTG-1,1,34,56,20085,21115
CTACGCACGGAGTACC-1,1,35,57,20591,21406
AAATTAACGGGTAGCT-1,1,34,58,20085,21697
CGGCCACGCACAAAGT-1,1,35,59,20591,21987
GAAGCGTGAGGAATTT-1,1,34,60,20085,22278
ATATCTTAGGGCCTTC-1,1,35,61,20591,22569
ACGCGGGCCAAGGACA-1,1,34,62,20085,22860
GCGAGTTCTGCAAAGA-1,1,35,63,20591,23150
TATTCGTGCCAGAATA-1,1,34,64,20086,23441
AGGGCTGCAGTTACAG-1,1,35,65,20592,23732
CTAGCATAGTATAATG-1,1,34,66,20086,24023
TAGGTTCGAGTTCGTC-1,1,35,67,20592,24313
GAATTATAGTGAAAGG-1,1,34,68,20086,24604
CTATCGGGTCTCAACA-1,1,35,69,20592,24895
GCGCTAATTGAATAGA-1,1,34,70,20086,25186
ATGCGACAGTCCCATT-1,1,35,71,20592,25476
GGTAGTGCTCGCACCA-1,1,34,72,20087,25767
AAGCTCGTGCCAAGTC-1,1,35,73,20593,26058
TATTCAATTCTAATCC-1,1,34,74,20087,26349
TTCAAAGTCTCTAGCC-1,1,35,75,20593,26639
TTGAATATGGACTTTC-1,1,34,76,20087,26930
AAGAGCTCTTTATCGG-1,1,35,77,20593,27221
TTACTCCGGCCGGGAA-1,1,34,78,20087,27512
AAACGAGACGGTTGAT-1,1,35,79,20593,27802
GCTAAGTAGTTTCTCT-1,1,34,80,20088,28093
ATAACGCCGGAGGGTC-1,1,35,81,20594,28384
GGATCCGGAATATACT-1,1,34,82,20088,28675
TGAAAGGACCTGACTC-1,1,35,83,20594,28965
TCCGCGGCAGCATCTG-1,1,34,84,20088,29256
TGCATATGTCTGTCAC-1,1,35,85,20594,29547
TGTAGGAGAAATTTCC-1,1,34,86,20088,29838
AGTGAGACTTCCAGTA-1,1,35,87,20595,30128
CCCAAACATGCTGCTC-1,1,34,88,20089,30419
GCTTATGAAGCAGGAA-1,1,35,89,20595,30710
TTCTAACCGAAGCTTA-1,1,34,90,20089,31000
GGATGTCCTTACCGCA-1,1,35,91,20595,31291
AGGGTGCTCTCGAGGG-1,1,34,92,20089,31582
AACTCTCAATAGAGCG-1,1,35,93,20595,31872
TCTGAATTCCGTACAA-1,1,34,94,20090,32163
GCGTGGTACTGGGTTA-1,1,35,95,20596,32454
CGTCGGATAGTGTTGA-1,1,34,96,20090,32745
ATATGTCTCCCTAGCC-1,1,35,97,20596,33035
TCTTTAAGACTATGAA-1,1,34,98,20090,33326
TCATTTAAGTCTCCGA-1,1,35,99,20596,33617
GATATTGAGATTGGCG-1,1,34,100,20090,33908
TGACATCGAGCGGACC-1,1,35,101,20596,34198
GCGTAAATGGCCATAA-1,1,34,102,20091,34489
ATTGTACAACTCGGCT-1,1,35,103,20597,34780
TACGCTATAGAAACCT-1,1,34,104,20091,35071
CACCCAAATCTTATGT-1,1,35,105,20597,35361
AGATGATGGAGTCTGG-1,1,34,106,20091,35652
CCACGGTGCCCGGTAG-1,1,35,107,20597,35943
TCAAGAAATACTAGCT-1,1,34,108,20091,36234
AGGTATAATTGATAGT-1,1,35,109,20597,36524
CAAGGTCCTATAGGCT-1,0,34,110,20092,36815
CCGGCACGACCGTTTC-1,1,35,111,20598,37106
ACCTCCGTTATTCACC-1,0,34,112,20092,37397
GCAGCCTATATCACAT-1,0,35,113,20598,37687
GGTATAGTGACACATA-1,0,34,114,20092,37978
AAATTCCAGGTCCAAA-1,0,35,115,20598,38269
TCTTTAGCAGGCGAAC-1,0,34,116,20092,38560
TATTGACATTTCTGCC-1,0,35,117,20598,38850
TCTGATCGGGTGCTAG-1,0,34,118,20093,39141
GGCCCGGAGCATGTCT-1,0,35,119,20599,39432
GGGCGCAGCGTTACTC-1,0,34,120,20093,39723
TTGGCGATCCGAATAT-1,0,35,121,20599,40013
CCACGTAAATTAGACT-1,0,34,122,20093,40304
TCTGATTGGAAATGGA-1,0,35,123,20599,40595
ATGGCGGAATAGTCGC-1,0,34,124,20093,40886
ATCGCTTTACGTCTCA-1,0,35,125,20599,41176
TACGTGCAAGGTTCCT-1,0,34,126,20094,41467
CAGGACAGCTGCCCTT-1,0,35,127,20600,41758
CAAACCAGGTCTGCAT-1,0,36,0,21089,4833
ACAAGCTATATGGAAG-1,1,37,1,21595,5124
TCGCCCACTGCGAGAG-1,1,36,2,21090,5415
AGCCGCAAATTCAAAT-1,1,37,3,21596,5705
TTAACGTTAAAGCCTG-1,1,36,4,21090,5996
CAGCGCCAACACGATA-1,1,37,5,21596,6287
ATCCAATGGTACCGAA-1,1,36,6,21090,6578
GTGCTGCAGATAAGGA-1,1,37,7,21596,6868
GGCCTTTGCAACTGGC-1,1,36,8,21090,7159
GTCGTACCTACGATTG-1,1,37,9,21596,7450
TAGAAATTCACGTATA-1,1,36,10,21091,7741
AGAATAAATCTTCAGG-1,1,37,11,21597,8031
CATTGCGAAATGGGCG-1,1,36,12,21091,8322
GTCTACTCAATTACAA-1,1,37,13,21597,8613
TGTAATGACCACAATA-1,1,36,14,21091,8904
AAAGTCGACCCTCAGT-1,1,37,15,21597,9194
TACTCGGCACGCCGGG-1,1,36,16,21091,9485
AGGTGTATCGCCATGA-1,1,37,17,21597,9776
TGTGCTTTACGTAAGA-1,1,36,18,21092,10067
AAACCTCATGAAGTTG-1,1,37,19,21598,10357
TATAGGGTACTCATGA-1,1,36,20,21092,10648
CCAGCTGATGGTACTT-1,1,37,21,21598,10939
AATATTGGAGTATTGA-1,1,36,22,21092,11230
GGCCCTCACCCACTTA-1,1,37,23,21598,11520
AACCAAGACTTCTCTG-1,1,36,24,21092,11811
TCGTATTACCCATTGC-1,1,37,25,21598,12102
ATTCGACGCCGGGCCT-1,1,36,26,21093,12393
GGCGCAGGACATCTTC-1,1,37,27,21599,12683
GTACTCCCTTATCGCT-1,1,36,28,21093,12974
TGGTCTGTTGGGCGTA-1,1,37,29,21599,13265
AATAACAACGCTCGGC-1,1,36,30,21093,13556
CATACCCGTACCCAGT-1,1,37,31,21599,13846
ACAATCCATTTAAACC-1,1,36,32,21093,14137
GTTACAATTGGTGACG-1,1,37,33,21599,14428
TTGCCCTGATCACGGG-1,1,36,34,21094,14718
CTAACCGCGCGCCCGT-1,1,37,35,21600,15009
CTAAAGAATGCCTACT-1,1,36,36,21094,15300
ACCCATCTTGAGGGTA-1,1,37,37,21600,15591
GATCTTTGCAGGGTAT-1,1,36,38,21094,15881
GGGTACTTCATGAACT-1,1,37,39,21600,16172
GCCGCTTGTGAGAAAC-1,1,36,40,21094,16463
CCTGTAAGACATGATA-1,1,37,41,21600,16753
CGACAGTTCGCGTTAT-1,1,36,42,21095,17044
ACGATGCATATGTTAT-1,1,37,43,21601,17335
TGTTCCGCTTCCATGA-1,1,36,44,21095,17626
GGATGACGCGAGTTTA-1,1,37,45,21601,17916
GAAGTTTCCACTCAAT-1,1,36,46,21095,18207
GCGAGGCCCGAGCAGA-1,1,37,47,21601,18498
CATACTATGTAATTGT-1,1,36,48,21095,18789
CCAATGTCACAGCAAG-1,1,37,49,21601,19079
GTTGGATTTGCGTTGG-1,1,36,50,21096,19370
GGGAGGATGCCCGAAA-1,1,37,51,21602,19661
GATCGCGGGCTCTCCA-1,1,36,52,21096,19952
GTTCGCCATAAGTGCC-1,1,37,53,21602,20242
AGATTATAGGACGTTT-1,1,36,54,21096,20533
TCGAGACCAACACCGT-1,1,37,55,21602,20824
TATGGGACCGAGCAGG-1,1,36,56,21096,21115
GATGCGTCCTGCATTC-1,1,37,57,21602,21405
TATGGTCTGAGTAACA-1,1,36,58,21097,21696
GCATAGAGCACTCAGG-1,1,37,59,21603,21987
CTTCATTGTCAGTGGA-1,1,36,60,21097,22278
GCAGATTAGGGATATC-1,1,37,61,21603,22568
CCTGTCGCCCGTAAAT-1,1,36,62,21097,22859
CAATTTCGTATAAGGG-1,1,37,63,21603,23150
GTACACTTACCTGAAG-1,1,36,64,21097,23441
CCAGCCTGGACCAATA-1,1,37,65,21603,23731
ATGGAGCAGGCCGTGA-1,1,36,66,21098,24022
GTCATTAGAGCGAACG-1,1,37,67,21604,24313
AAGACTGCAAGCTACT-1,1,36,68,21098,24604
CTAGTCACGTCTTAAG-1,1,37,69,21604,24894
ACTCTTGTATAGTAAC-1,1,36,70,21098,25185
ATTAGGCGATGCTTTC-1,1,37,71,21604,25476
TTCGGGACTAATCGCG-1,1,36,72,21098,25767
TGGACTGTTCGCTCAA-1,1,37,73,21604,26057
AACGTGCGAAAGTCTC-1,1,36,74,21099,26348
CCACCCAAGGAAAGTG-1,1,37,75,21605,26639
CCGCACAAAGACCAAC-1,1,36,76,21099,26930
GCGATTGTTAACGTTA-1,1,37,77,21605,27220
ACTCGTCAGTAATCCC-1,1,36,78,21099,27511
GGTGATAAGGAGCAGT-1,1,37,79,21605,27802
AAGAGGCATGGATCGC-1,1,36,80,21100,28093
CACGTTCGTGCTCTAG-1,1,37,81,21606,28383
CTATTTGGTTACGGAT-1,1,36,82,21100,28674
GTACAGAGGCAAGGGT-1,1,37,83,21606,28965
GGGCCGGCCGAAGTAC-1,1,36,84,21100,29256
CCTGAACGATATATTC-1,1,37,85,21606,29546
CCGGGCTGCTCCATAC-1,1,36,86,21100,29837
TACTTGTTAGTAGTCC-1,1,37,87,21606,30128
CCTAGGCGTAGCGATC-1,1,36,88,21101,30419
CTGGCGCACAGGTCTG-1,1,37,89,21607,30709
ACTTATACTTACCCGG-1,1,36,90,21101,31000
GAAGTCTCCCTAGCGA-1,1,37,91,21607,31291
ACCGATGGTAGCATCG-1,1,36,92,21101,31582
CGAGTTTATCGGACTG-1,1,37,93,21607,31872
CATAACGGACAGTCGT-1,1,36,94,21101,32163
TGACGATGCACTAGAA-1,1,37,95,21607,32454
TAGGGAGCTTGGGATG-1,1,36,96,21102,32744
AGGGTCGATGCGAACT-1,1,37,97,21608,33035
TATATCCCTGGGAGGA-1,1,36,98,21102,33326
CATCTTACACCACCTC-1,1,37,99,21608,33616
GTGCGACAGGGAGTGT-1,1,36,100,21102,33907
CCGATCTCAACCTTAT-1,1,37,101,21608,34198
ACGATCATCTTGTAAA-1,1,36,102,21102,34489
GAAAGAACAGCGTTAT-1,1,37,103,21608,34779
CTAGGTCTGAAGGAAT-1,1,36,104,21103,35070
ATATCAACCTACAGAG-1,1,37,105,21609,35361
AAATAGCTTAGACTTT-1,1,36,106,21103,35652
GCGACATGTAAACATC-1,1,37,107,21609,35942
ATAAGTAGGGCGACTC-1,1,36,108,21103,36233
GCGAGCGCATGCTCCC-1,1,37,109,21609,36524
AGGGACCGGCTGCGTT-1,1,36,110,21103,36815
CCTATGAAGTGGTGCC-1,1,37,111,21609,37105
GCTTACGTAGTTAGTA-1,1,36,112,21104,37396
CATACTTAGGCAATAC-1,0,37,113,21610,37687
CCTGTCCCTCACGTTA-1,0,36,114,21104,37978
CAATGTGCCAACCCTT-1,0,37,115,21610,38268
GTTAAGTTAGAGTGGG-1,0,36,116,21104,38559
CTGGGATACGCTACCC-1,0,37,117,21610,38850
AACCTGTCACGGAATT-1,0,36,118,21104,39141
ACTGCGGACACACCGT-1,0,37,119,21610,39431
CCGTGAGGCATTCATG-1,0,36,120,21105,39722
GCCCAGATGCTGGAGA-1,0,37,121,21611,40013
TCTGGCCGTTCAAGTT-1,0,36,122,21105,40304
ATACGAAGGCTTTCCA-1,0,37,123,21611,40594
GATCCGAATATAAGTG-1,0,36,124,21105,40885
GTGGAGCATGTCGGCC-1,0,37,125,21611,41176
ACTCTTCAGCTCCCGC-1,0,36,126,21105,41467
CCCGATAGCCTCGCCT-1,0,37,127,21611,41757
ACAGGTGTGTTGTTGC-1,1,38,0,22101,4833
TGAACTGCTATGACTT-1,0,39,1,22607,5123
TGACATATATGACGAT-1,1,38,2,22101,5414
AAGTCTTCTGTGGCCT-1,1,39,3,22607,5705
ACCAGACCATAACAAC-1,1,38,4,22102,5996
TGAGACGTACCTCTCA-1,1,39,5,22608,6286
GACCGTTACATGCGAC-1,1,38,6,22102,6577
GGTTCGGATTATACTA-1,1,39,7,22608,6868
CCTCCTGAGCCCACAT-1,1,38,8,22102,7159
CCGCGATTTGGTAGGT-1,1,39,9,22608,7449
AATCTCTACTGTGGTT-1,1,38,10,22102,7740
ACTTTGACTGCATCCT-1,1,39,11,22608,8031
CCCTGACTAACAAATT-1,1,38,12,22103,8322
ACGCTGTGAGGCGTAG-1,1,39,13,22609,8612
GCATACGAGGTCTTTA-1,1,38,14,22103,8903
TCGGGATTCAAACATA-1,1,39,15,22609,9194
GGGCCCTACGAAAGGG-1,1,38,16,22103,9485
CGCCAAGAAGCCGAGT-1,1,39,17,22609,9775
GGTACATCTGGGACGA-1,1,38,18,22103,10066
GGATGCTGGCGTTCCT-1,1,39,19,22609,10357
CCGATTCGAGGGACCC-1,1,38,20,22104,10648
CCACTGGTGGCTGGTT-1,1,39,21,22610,10938
GACAGGCACACACTAT-1,1,38,22,22104,11229
TCAACGCGACCGGCAG-1,1,39,23,22610,11520
CTACGACTAGCTATAA-1,1,38,24,22104,11811
CGGTTGACCTGGCATA-1,1,39,25,22610,12101
ATCCTGAATCGCTGCG-1,1,38,26,22104,12392
GTTTCATATCGTCGCT-1,1,39,27,22610,12683
ATAAATATTAGCAGCT-1,1,38,28,22105,12974
AAGAGGATGTACGCGA-1,1,39,29,22611,13264
TCCTGCGTTGATACTC-1,1,38,30,22105,13555
CGTGCATTGTCGACGC-1,1,39,31,22611,13846
CCGGGTTCGAGGTTAC-1,1,38,32,22105,14137
CCCAATTTCACAACTT-1,1,39,33,22611,14427
TGATTTATTAGCTGTG-1,1,38,34,22105,14718
TGGAAGAAGGGAACGT-1,1,39,35,22611,15009
GACGCTTGCTTCTAAA-1,1,38,36,22106,15300
GGGAACGGGAGGTTAG-1,1,39,37,22612,15590
GCGGCTCTGACGTACC-1,1,38,38,22106,15881
ACGTTAGATTTGCCCG-1,1,39,39,22612,16172
GAGAGGGCGCGAGGTT-1,1,38,40,22106,16463
GCGTCTCTGCATTGGG-1,1,39,41,22612,16753
GCAGCACACAGCCCAG-1,1,38,42,22106,17044
CAGGCCGTTTGGGTGT-1,1,39,43,22612,17335
AACTCAAGTTAATTGC-1,1,38,44,22107,17625
CTTCGTAGATAGGTGA-1,1,39,45,22613,17916
TGCAGAGTACCGAGCA-1,1,38,46,22107,18207
GAAGTGATTTATCGTG-1,1,39,47,22613,18497
CGCTACGGGACATTTA-1,1,38,48,22107,18788
CCACACTGAGATATTA-1,1,39,49,22613,19079
CGATCCGACCCAGTGC-1,1,38,50,22107,19370
CTGTACTTCTTAGCAT-1,1,39,51,22613,19660
ACTTATTAGGATCGGT-1,1,38,52,22108,19951
TAGTCCGCAGAGAATG-1,1,39,53,22614,20242
TTCACGAAAGGATCAC-1,1,38,54,22108,20533
TACATTTCTAACGTGC-1,1,39,55,22614,20823
ACCATATCCGCAATAA-1,1,38,56,22108,21114
CACTCAAGAGCTATGG-1,1,39,57,22614,21405
TGTACGAACAAATCCG-1,1,38,58,22108,21696
ATCATCCAATATTTGT-1,1,39,59,22614,21986
CGCTATTCTTAGGCTC-1,1,38,60,22109,22277
TGGCAGCAGTAATAGT-1,1,39,61,22615,22568
TCACGTGCCCGATTCA-1,1,38,62,22109,22859
CATACGGCGTCTGGGC-1,1,39,63,22615,23149
CACATGATTCAGCAAC-1,1,38,64,22109,23440
GCTAGTAGAGCTTGTA-1,1,39,65,22615,23731
TGCTGTTGAAGAACTC-1,1,38,66,22109,24022
CGGAGCATGGCGATCC-1,1,39,67,22616,24312
TAGCGTTGGGTCTTAC-1,1,38,68,22110,24603
GTAGCGGCTATACACT-1,1,39,69,22616,24894
TAACATACAATGTGGG-1,1,38,70,22110,25185
TCTTCGAATAGACGTT-1,1,39,71,22616,25475
GATCGTGACTGATATC-1,1,38,72,22110,25766
GATCCGGGAATTAACA-1,1,39,73,22616,26057
TTATATACGCTGTCAC-1,1,38,74,22111,26348
GTCGCGTAACCCGTTG-1,1,39,75,22617,26638
AGCTCTAGACGTTCCA-1,1,38,76,22111,26929
GTCAAGCGGACTCGGG-1,1,39,77,22617,27220
CGAGGGACTGCGGTCG-1,1,38,78,22111,27511
AATCGCCTCAGCGCCA-1,1,39,79,22617,27801
CTTGTTGCTGAGTCAA-1,1,38,80,22111,28092
GATATGAGACACTAAC-1,1,39,81,22617,28383
TTATGATCTTAACGAA-1,1,38,82,22112,28674
CGCCGCCCATGCCTGT-1,1,39,83,22618,28964
CTGGGATAAATAATGG-1,1,38,84,22112,29255
GTGCCCGTTCGGATTC-1,1,39,85,22618,29546
TTCAATACTCTGAATC-1,1,38,86,22112,29837
CGCACATGTCCACTAC-1,1,39,87,22618,30127
AGAAGAGCGCCGTTCC-1,1,38,88,22112,30418
GATAACTCGCACTGTG-1,1,39,89,22618,30709
AGTCGACGGTCTCAAG-1,1,38,90,22113,31000
GTGACCGCACACTACG-1,1,39,91,22619,31290
GTATGTGGGTCTAGTT-1,1,38,92,22113,31581
CTTGAGTTAGGGTAAT-1,1,39,93,22619,31872
TTAGCTGATTTGCCGT-1,1,38,94,22113,32163
GCTGTTGCTACCGAAC-1,1,39,95,22619,32453
TATTACCATCCTGCTT-1,1,38,96,22113,32744
TTGAATTCACGTGAGG-1,1,39,97,22619,33035
CCATCTCACCAGTGAA-1,1,38,98,22114,33326
CGCACGTGCGCTATCA-1,1,39,99,22620,33616
ACCCGGATGACGCATC-1,1,38,100,22114,33907
CGCTAGAGACCGCTGC-1,1,39,101,22620,34198
ATAGTTCCACCCACTC-1,1,38,102,22114,34488
GCAGACCCAGCACGTA-1,1,39,103,22620,34779
TAGACTACCTAGCGTT-1,1,38,104,22114,35070
GGTTCTACTCGTCTGA-1,1,39,105,22620,35360
GACTCACCCACGTGAG-1,1,38,106,22115,35651
AGCTCTTCGTAACCTT-1,1,39,107,22621,35942
ACTATCCAGGGCATGG-1,1,38,108,22115,36233
AAGGATCGATCGCTTG-1,1,39,109,22621,36523
ATATCGGTAGGGAGAT-1,1,38,110,22115,36814
TTCCAGACGAGATTTA-1,1,39,111,22621,37105
GACCGACGTGAAAGCA-1,1,38,112,22115,37396
CCTGGAAACGTTCTGC-1,1,39,113,22621,37686
CCGGTAATGGCTAGTC-1,0,38,114,22116,37977
GCCGTGGAAGAAATGT-1,0,39,115,22622,38268
GTCTTGAGGAGCAGTG-1,0,38,116,22116,38559
TCCCAAAGCCCTAAAT-1,0,39,117,22622,38849
TTGAGCGCCACGTGAT-1,0,38,118,22116,39140
TTGAGTCCCGCTGCTG-1,0,39,119,22622,39431
ATGGAACCTTTGCACA-1,0,38,120,22116,39722
GCTAGCACCTGGGCCA-1,0,39,121,22622,40012
CGCCGTCTACCCATCG-1,0,38,122,22117,40303
GATAGGTGTCCCGGGC-1,0,39,123,22623,40594
AGGTATGCGGACATTA-1,0,38,124,22117,40885
TTGGTTCGCTCAAAGG-1,0,39,125,22623,41175
TCTGGAGCGTAAGAGT-1,0,38,126,22117,41466
TGCCTAAATTTAATAG-1,0,39,127,22623,41757
TAATTTCCGTCCAGTA-1,0,40,0,23113,4832
TCCTTCAATCCCTACG-1,0,41,1,23619,5123
TACCTATCCCTAGAGG-1,1,40,2,23113,5414
GCATGGGTACTGACGC-1,1,41,3,23619,5704
GTCGGGAACATGGTAG-1,1,40,4,23113,5995
GCAAATGAGGACACTT-1,1,41,5,23619,6286
GAATGGGCTTATCGAC-1,1,40,6,23114,6577
TGGTCGTGCAAGGCAA-1,1,41,7,23620,6867
CACCACGCCACACAGA-1,1,40,8,23114,7158
GAACCTCGACCTACAC-1,1,41,9,23620,7449
CAATACGCTCTGAGGC-1,1,40,10,23114,7740
TGGTAAGCAGGATTGA-1,1,41,11,23620,8030
AGTGGCTCCGTCGGCC-1,1,40,12,23114,8321
GATCGGATAGAACCAT-1,1,41,13,23620,8612
GCTACAGTACGGACCG-1,1,40,14,23115,8903
TCTATTACTAGAGGAT-1,1,41,15,23621,9193
TTCAGGCGTCAAAGCC-1,1,40,16,23115,9484
AGACCGGGAAACCCTG-1,1,41,17,23621,9775
AGAGATCTCTAAAGCG-1,1,40,18,23115,10066
CCCTGCCCAATCCGCT-1,1,41,19,23621,10356
GTGGCGGTCCCAGCGT-1,1,40,20,23115,10647
GCATTGTAATTCATAT-1,1,41,21,23621,10938
CCGTTCCGAATCTCGG-1,1,40,22,23116,11229
AGCTTGATCTTAACTT-1,1,41,23,23622,11519
CCTGTACTCACGCCCA-1,1,40,24,23116,11810
AAGTGACGACCGAATT-1,1,41,25,23622,12101
CTCACTTGGCTGGTAA-1,1,40,26,23116,12392
CGCCTGGCCTACGTAA-1,1,41,27,23622,12682
CCCGTAAGTCTAGGCC-1,1,40,28,23116,12973
TTGGACATGTGGCTTA-1,1,41,29,23622,13264
ATTACGCGCTGGCAGG-1,1,40,30,23117,13555
ACGCGCTACACAGGGT-1,1,41,31,23623,13845
TACGTTTACCGGCAAT-1,1,40,32,23117,14136
CGAAACGCAATTCATG-1,1,41,33,23623,14427
TAGTCTAACAACGAGA-1,1,40,34,23117,14718
TTGCATGCTGATCACG-1,1,41,35,23623,15008
TCTGGGTAGCGCTCAT-1,1,40,36,23117,15299
ACATCGGTCAGCCGCG-1,1,41,37,23623,15590
AGATACCGGTGTTCAC-1,1,40,38,23118,15881
GATTACTGAATTTGGG-1,1,41,39,23624,16171
TCCAACTTTAAATTCT-1,1,40,40,23118,16462
TCCTAGCAAAGAAGCT-1,1,41,41,23624,16753
GTCTATCTGAGTTTCT-1,1,40,42,23118,17044
GATGTTCAATCCACGA-1,1,41,43,23624,17334
AGTTAAACACTTGCGA-1,1,40,44,23118,17625
AGCTCTTTACTCAGTT-1,1,41,45,23624,17916
ATCCAGGATTCGTGAA-1,1,40,46,23119,18207
AGTCAACACCACCATC-1,1,41,47,23625,18497
CGATACCTCGCGGACA-1,1,40,48,23119,18788
TACAACGCACAACTCA-1,0,41,49,23625,19079
AATTAAAGGTCGGCGT-1,1,40,50,23119,19369
TACGCAGTTCTTTCCT-1,0,41,51,23625,19660
GACCGTGCTGACGGTG-1,1,40,52,23119,19951
GGCAAATTACTTTACT-1,1,41,53,23626,20241
GGTACAAACATGCTAT-1,1,40,54,23120,20532
CGGGCCTTCTTTGTAA-1,1,41,55,23626,20823
CGTGAAGTTAATTCAC-1,1,40,56,23120,21114
ATAGTGAAGCGTTCTC-1,1,41,57,23626,21404
TACGCCATATTCTAAT-1,1,40,58,23120,21695
GCCGGGTTAGGGTCGC-1,1,41,59,23626,21986
TACATAGGCATACACC-1,1,40,60,23121,22277
GCCGATTGGCCAAGCT-1,1,41,61,23627,22567
CTGCCATGCATCACAT-1,1,40,62,23121,22858
TTATGAATGAAAGGGA-1,1,41,63,23627,23149
GCTGAGGCGTGAGTAT-1,1,40,64,23121,23440
GCGCCGTTCCACGATA-1,1,41,65,23627,23730
CGCATGGTGCGATGCT-1,1,40,66,23121,24021
AGGTTTCACACACCTT-1,1,41,67,23627,24312
CAAGGATCGCATGTTC-1,1,40,68,23122,24603
ACGTTAATGTCGAAGA-1,1,41,69,23628,24893
TCCAGAGCACCGGTTC-1,1,40,70,23122,25184
GATTCGACGGTTCACG-1,1,41,71,23628,25475
GTTTCTGCAGTCTCCC-1,1,40,72,23122,25766
GCTGCACGGTTTCTTA-1,1,41,73,23628,26056
CGTGCAGACTGGGACA-1,1,40,74,23122,26347
GTGTTACTATGCGTCC-1,1,41,75,23628,26638
TCCTCGGGCTGGGCTT-1,1,40,76,23123,26929
GTGAGGACACTTAAGG-1,1,41,77,23629,27219
ATACGCCGGCGAAACC-1,1,40,78,23123,27510
TCTGCCAGAAACTGCA-1,1,41,79,23629,27801
TTCTGCGGGTTAGCGG-1,1,40,80,23123,28092
CTCGGTACCACTGCTC-1,1,41,81,23629,28382
GTAAGTAACAGTCTGG-1,1,40,82,23123,28673
GTGCGTGTATATGAGC-1,1,41,83,23629,28964
ATTTGTCTTGGGAGCT-1,1,40,84,23124,29255
CCTCGGACCGGGATAG-1,1,41,85,23630,29545
TAGGTGCTCGCCTAGC-1,1,40,86,23124,29836
CTTTAGGAACACTGTT-1,1,41,87,23630,30127
TCGGGCCGTCGTGGTA-1,1,40,88,23124,30418
AGTGCTTGCACGAATA-1,1,41,89,23630,30708
TGCAGTTTCCTCCCAT-1,1,40,90,23124,30999
TGAGAGATTTACCACG-1,1,41,91,23630,31290
GAAACAGATGACCACC-1,1,40,92,23125,31581
AGCAACATATCTTATT-1,1,41,93,23631,31871
CAAGTGTGGTTGCAAA-1,1,40,94,23125,32162
GCCTCATCTGGAAATA-1,1,41,95,23631,32453
AACCCTACTGTCAATA-1,1,40,96,23125,32744
ACGTATTACTCCGATC-1,1,41,97,23631,33034
TCTGGGAACCTTTGAA-1,1,40,98,23125,33325
GCTCGCTCATGTCCAA-1,1,41,99,23631,33616
GCGCAAGAGCGCGCTG-1,1,40,100,23126,33907
TTGACGCTCCATGAGC-1,1,41,101,23632,34197
TATAGATGGTCGCAGT-1,1,40,102,23126,34488
TTACATGCCACAACTA-1,1,41,103,23632,34779
ACATGGCGCCAAAGTA-1,1,40,104,23126,35070
TATGGTTAGTGGGAGA-1,1,41,105,23632,35360
CATGACTTCGCTGAAT-1,1,40,106,23126,35651
ACCACCAATGTAACAA-1,1,41,107,23632,35942
TCTTAGAGCTCCAATT-1,1,40,108,23127,36233
CCACGAATTTAACCTC-1,1,41,109,23633,36523
TTCTTGCTAGCATCTC-1,1,40,110,23127,36814
ACACCTTACTACTTGC-1,1,41,111,23633,37105
AGTCGGTTGCGTGAGA-1,1,40,112,23127,37395
ACCTACAGTATGTGGT-1,1,41,113,23633,37686
GAGGATAAACAGTGCT-1,1,40,114,23127,37977
TTCCGGTATCTGTGTC-1,1,41,115,23633,38267
GGAGGCCGAAGTCGTC-1,0,40,116,23128,38558
TTCGCTAGGAAGTTGT-1,0,41,117,23634,38849
TAAAGACAACCCTTTA-1,0,40,118,23128,39140
GTTGCGCTAACATTAC-1,0,41,119,23634,39430
GCTGAACTCTCCAGGG-1,0,40,120,23128,39721
AGCCCTGTCGCACCGT-1,0,41,121,23634,40012
AGCGCTAGAGCGATGT-1,0,40,122,23128,40303
TGCGCCGTTAATAACG-1,0,41,123,23634,40593
TGACAACGCATGTCGC-1,0,40,124,23129,40884
CGTCTTGAGTGTGACG-1,0,41,125,23635,41175
GATAGGATTAATTACA-1,0,40,126,23129,41466
GATACCGTGTCGGAGT-1,0,41,127,23635,41756
TGTGTCGAAGTCGAGG-1,0,42,0,24125,4832
GGATCAGAGCCATCAG-1,1,43,1,24631,5122
GTCCCAATCATCCCGC-1,1,42,2,24125,5413
TGCCACACTAGAGGAA-1,1,43,3,24631,5704
TGAATTTCACTTGCCT-1,1,42,4,24125,5995
CTCAGATTGTGATAAG-1,1,43,5,24631,6285
CGGACGTTACTTGAAG-1,1,42,6,24125,6576
CCGCCTTGCGATGTCG-1,1,43,7,24631,6867
CCAGTCAAATCTCTTA-1,1,42,8,24126,7158
AAACAGCTTTCAGAAG-1,1,43,9,24632,7448
TAGCTGATGTGAAGCG-1,1,42,10,24126,7739
CTTATGCGCTCAGGGC-1,1,43,11,24632,8030
TGGCTCTTGTCGCGTA-1,1,42,12,24126,8321
TTGTGAGGCATGACGC-1,1,43,13,24632,8611
CATAAGCTCTCCGTCT-1,1,42,14,24126,8902
CCTTCTCAGCGTTCCT-1,1,43,15,24632,9193
TGCAGCTACGTACTTC-1,1,42,16,24127,9484
CTCTACACTGGCGATT-1,1,43,17,24633,9774
TGCAGATCGTCCTAGG-1,1,42,18,24127,10065
TGCCAAAGTCAGACTT-1,1,43,19,24633,10356
ACAATAGTCGTACGTT-1,1,42,20,24127,10647
CATGCCAACTCGCAAA-1,1,43,21,24633,10937
TGCAGAACTATATCGT-1,1,42,22,24127,11228
TCGTGTCACGCTGACA-1,1,43,23,24633,11519
TGATCAGGGAACTGCT-1,1,42,24,24128,11810
CTTGCAACCGCCTCCT-1,1,43,25,24634,12100
AGCCCATACATGTAAG-1,1,42,26,24128,12391
ATCCAATGGAGGGTCC-1,1,43,27,24634,12682
AAACCGGGTAGGTACC-1,1,42,28,24128,12973
GCAACCACGGCCGCGT-1,1,43,29,24634,13263
CGCTTATTCCCGGTCG-1,1,42,30,24128,13554
TTACTCTGGTACGTAC-1,1,43,31,24634,13845
GTGGTTTCCGCCTTTC-1,1,42,32,24129,14136
ATAGGCGGCTATAGAA-1,1,43,33,24635,14426
GTGCCATCACACGGTG-1,1,42,34,24129,14717
CCCAACATACGTCGCG-1,1,43,35,24635,15008
CGGTGCAGATAGAACG-1,1,42,36,24129,15299
GGGCGGGTTCCCTACG-1,1,43,37,24635,15589
TGAGCCATACAGTCTC-1,1,42,38,24129,15880
CTCCGCCCACATGAGG-1,1,43,39,24636,16171
GTTGAACCGGTTCCAT-1,1,42,40,24130,16462
TTGACTACCATATGGT-1,1,43,41,24636,16752
ACCATCGTATATGGTA-1,1,42,42,24130,17043
TGCGTAAGAACCTGAT-1,1,43,43,24636,17334
AGAAGGTTGCCGAATT-1,1,42,44,24130,17625
AGGACGACCCATTAGA-1,1,43,45,24636,17915
GGTGCTGGTACACATT-1,1,42,46,24131,18206
GCGCTATGCCGAGGCA-1,1,43,47,24637,18497
ACCCGGTTACACTTCC-1,0,42,48,24131,18788
TAACTCATCCGCGCGG-1,1,43,49,24637,19078
CACAATGAGCTGCTAT-1,1,42,50,24131,19369
GTTACTTTGGGCCTAG-1,0,43,51,24637,19660
GGGCCCGTCTTAAACA-1,0,42,52,24131,19951
GAAATTGTCTCTATAA-1,0,43,53,24637,20241
GGCGCATGAATTGATG-1,0,42,54,24132,20532
CATATAGGTACAGTCA-1,0,43,55,24638,20823
TCAACGAGGAGACAAA-1,0,42,56,24132,21113
TTGCACAATTCAGAAA-1,0,43,57,24638,21404
CATCGGACGGGTTAAT-1,0,42,58,24132,21695
ATTAAACATGCGGACC-1,0,43,59,24638,21985
TATCTACCACAGCGGG-1,1,42,60,24132,22276
CGAGACCCTAGAGTGT-1,1,43,61,24638,22567
ACATCGATCGTTTACC-1,1,42,62,24133,22858
ATCGACCCAATACAGA-1,1,43,63,24639,23148
GAATCTGAACATTCTC-1,1,42,64,24133,23439
AGTTCCTATTTATGTT-1,1,43,65,24639,23730
CAGTCTGTATACTGGG-1,1,42,66,24133,24021
GGAGACGACACCTTTG-1,1,43,67,24639,24311
CCTAAATTAACGGTTC-1,1,42,68,24133,24602
GCTACGACTTATTGGG-1,1,43,69,24639,24893
CTGTGCAGGGTAGGTC-1,1,42,70,24134,25184
ACGCCGCTAGACGACC-1,1,43,71,24640,25474
ACTTGACTCCCTCTTT-1,1,42,72,24134,25765
CGCCTCCCTCCTCTAT-1,1,43,73,24640,26056
CTAGATTTACGACGGC-1,1,42,74,24134,26347
GATGCTGTATTTCATC-1,1,43,75,24640,26637
TGCGTTTGTTGACACT-1,1,42,76,24134,26928
CGTGCCCTCCCGAAGA-1,1,43,77,24640,27219
ACTCTCTGACTTAGGT-1,1,42,78,24135,27510
CTGGGTAGGCAGTTAA-1,1,43,79,24641,27800
GTTTGGCCCAAGTTAT-1,1,42,80,24135,28091
GAATGTGGTCCGGATT-1,1,43,81,24641,28382
CCCAGTTAAGGCGCCG-1,1,42,82,24135,28673
CGGTACTAGAATCAAA-1,1,43,83,24641,28963
GCTTAATGTAACTAAC-1,1,42,84,24135,29254
AGGACAGTCGAATCCC-1,1,43,85,24641,29545
GACAGCCAGACCTGAC-1,1,42,86,24136,29836
GGCGAAATCTAACTTG-1,1,43,87,24642,30126
CTGGTAACACATAGAA-1,1,42,88,24136,30417
TAGCCATTTCAAAGTC-1,1,43,89,24642,30708
GGGATTTACCGCACCT-1,1,42,90,24136,30999
ATGCCATTTGCGACCA-1,1,43,91,24642,31289
GAATAGACGCGACCCA-1,1,42,92,24136,31580
TGTATGGCGCAGACAG-1,1,43,93,24642,31871
GGATGAAGATCGCTGA-1,1,42,94,24137,32162
CGACAATTTGATCTAA-1,1,43,95,24643,32452
AAAGTTGACTCCCGTA-1,1,42,96,24137,32743
CGCGGCTCAACTTGAA-1,1,43,97,24643,33034
CACGCGGAACTGTTGC-1,1,42,98,24137,33325
TCTTAGAGTGAACTCT-1,1,43,99,24643,33615
AGTCCATTGGCTGATG-1,1,42,100,24137,33906
TTAAGATAGGATTGAC-1,1,43,101,24643,34197
ACATCCTGGTAACTGT-1,1,42,102,24138,34488
CACCTTGGCGCCTTTG-1,1,43,103,24644,34778
GCTAGACCGTCTACTG-1,1,42,104,24138,35069
CGGCCCAGGTATATCC-1,1,43,105,24644,35360
GTCCATTACTGCTACG-1,1,42,106,24138,35651
GGGTTTAGGATAGGAT-1,1,43,107,24644,35941
TAATTAGGACATCCGT-1,1,42,108,24138,36232
GCTCCCAGTCGGTCCA-1,1,43,109,24644,36523
ATTCGTGCTATCTCTT-1,1,42,110,24139,36814
GTTAACTATGTTGTCA-1,1,43,111,24645,37104
GCTCCGCTCGCTTCAG-1,1,42,112,24139,37395
GCAACGGCTAGTTATG-1,1,43,113,24645,37686
AATCGCGCAGAGGACT-1,1,42,114,24139,37977
AGGTTACACCATGCCG-1,1,43,115,24645,38267
CGAGATTTCGCTCGGG-1,1,42,116,24139,38558
CGATAATACTCAGGTT-1,1,43,117,24645,38849
AAGGCAGGCTGTCTCC-1,0,42,118,24140,39139
GTAAGTCCACACTCTA-1,0,43,119,24646,39430
ATGAGGGCAGCGGCTA-1,0,42,120,24140,39721
GCCGCACTCCGTTTCA-1,0,43,121,24646,40011
GAGCACGGCGCCTCTT-1,0,42,122,24140,40302
ACAATTTGGCCATATT-1,0,43,123,24646,40593
CTGGTTCGCGAGCTAC-1,0,42,124,24140,40884
GACGGTCCTAGGGTGT-1,0,43,125,24646,41174
ACTCGCGATCTGACGC-1,0,42,126,24141,41465
GTGTACGAACCGTTCC-1,0,43,127,24647,41756
CTTTGACGTCGCTTCT-1,0,44,0,25136,4832
CGTTATCATACTTCCA-1,0,45,1,25642,5122
GCTATGCCAGCTTATG-1,1,44,2,25137,5413
CAGTCGGCCTAGATAT-1,1,45,3,25643,5704
CCCGTGAGGGCGGTGA-1,1,44,4,25137,5994
TCTCGTGTTACGAGGA-1,1,45,5,25643,6285
ACGTCTCGTTCCGGGA-1,1,44,6,25137,6576
CGAGAGCGCGTAGATA-1,1,45,7,25643,6866
GACAGATTTCTGGCTC-1,1,44,8,25137,7157
GGGCCTAAATGGGCTA-1,1,45,9,25643,7448
ACTTGTAGTCCCTTCA-1,1,44,10,25138,7739
CCCGAAGTTTCGCGAA-1,1,45,11,25644,8029
ACCATCCGCCAACTAG-1,1,44,12,25138,8320
TGCGAATATGGGATTT-1,1,45,13,25644,8611
TACATCCCTATCCCTG-1,1,44,14,25138,8902
GTGGGAAGACTGAATC-1,1,45,15,25644,9192
TCAACATCGACCGAGA-1,1,44,16,25138,9483
CTATGTGAGTCACGGC-1,1,45,17,25644,9774
CCGAACACTGGGCCTC-1,1,44,18,25139,10065
AAACTTGCAAACGTAT-1,1,45,19,25645,10355
AGGGCGAGCAGCTGAT-1,1,44,20,25139,10646
AACACGAGACGCGGCC-1,1,45,21,25645,10937
TGACGAATATTTCCCT-1,1,44,22,25139,11228
TCGGAGAGTATCGGGA-1,1,45,23,25645,11518
CAAATCTCTCACAAGG-1,1,44,24,25139,11809
AGGCCCTAGAACGCCA-1,1,45,25,25646,12100
TAGAGATCATGCAACT-1,1,44,26,25140,12391
TTGTTTCCATACAACT-1,1,45,27,25646,12681
GAGAGGTGCATTCTGG-1,1,44,28,25140,12972
GTGGACCAACCCGATT-1,1,45,29,25646,13263
CTGGGCCTGCTATATC-1,1,44,30,25140,13554
CATAGTCCACAAGAAC-1,1,45,31,25646,13844
TTGACATGAACGTGGA-1,1,44,32,25141,14135
GGTTACCACCCTCGGG-1,1,45,33,25647,14426
TACCGGTCGTTTCCAT-1,1,44,34,25141,14717
CGAGTACTAAAGAGGA-1,1,45,35,25647,15007
GCAAGAATTCCTTGGC-1,1,44,36,25141,15298
TCGCCGAAGTTGCGTC-1,1,45,37,25647,15589
TTGAGAGTACTGCTAA-1,1,44,38,25141,15880
GCCACAATTTAAGGAC-1,1,45,39,25647,16170
ATATTCAGTTAAACCT-1,1,44,40,25142,16461
TGAGTGCCTCTTAAAT-1,1,45,41,25648,16752
ATCAGACGGCACGCCG-1,1,44,42,25142,17043
GTGCGAAATCGAACAC-1,1,45,43,25648,17333
GTGCCGCTTCAAAGGT-1,1,44,44,25142,17624
GATACGATGGGAGTCA-1,1,45,45,25648,17915
GACACTGAGTTCAGTG-1,1,44,46,25142,18206
ATCCTGCGTGGAATGG-1,1,45,47,25648,18496
ATCCTACCTAAGCTCT-1,1,44,48,25143,18787
AGTGATATGAGTAGTT-1,1,45,49,25649,19078
ATGATGCAATGGTACA-1,1,44,50,25143,19369
GAAACCGAATTACCTT-1,1,45,51,25649,19659
AGTGACCTACTTTACG-1,0,44,52,25143,19950
CAAATGTCCTTCCGTG-1,0,45,53,25649,20241
TTACTGGGATATTTCA-1,0,44,54,25143,20532
CTTGCCCAGGCTCTAC-1,0,45,55,25649,20822
AAATCGTGTACCACAA-1,0,44,56,25144,21113
GTGATCATAGATCTGC-1,0,45,57,25650,21404
TGGCAGATTACGATCA-1,0,44,58,25144,21695
TCACCCTCTTAAGATT-1,0,45,59,25650,21985
CAGGATATATCGTTGT-1,0,44,60,25144,22276
CCTGACCACCGATGGT-1,1,45,61,25650,22567
CTAAAGGGAAATAGGA-1,1,44,62,25144,22857
CCGCTATCAGCACCAG-1,1,45,63,25650,23148
CTTTAGTGCTATTATT-1,1,44,64,25145,23439
CGGGAATTTATGTAAA-1,1,45,65,25651,23729
TACGACTGCCTCTTAG-1,1,44,66,25145,24020
AAACTGCTGGCTCCAA-1,1,45,67,25651,24311
GTACGTTTGCCCGTCA-1,1,44,68,25145,24602
GGCAAGGCGAAATAGC-1,1,45,69,25651,24892
GATCTTGGAGGGCATA-1,1,44,70,25145,25183
AGCGTGGTATTCTACT-1,1,45,71,25651,25474
CTAAGGGAATGATTGG-1,1,44,72,25146,25765
CATGGTAAGTAGCGTT-1,1,45,73,25652,26055
CGTTGAGCGACCGTCG-1,1,44,74,25146,26346
TGCCCGTACCGTTAAA-1,1,45,75,25652,26637
ACAAGGGCAGGCTCTG-1,1,44,76,25146,26928
GAGATCTTCCATGACA-1,1,45,77,25652,27218
AATGACGTAGGATGTC-1,1,44,78,25146,27509
GTGGTGGCCAAGTGAA-1,1,45,79,25652,27800
TCCCGTGTGCAATTTG-1,1,44,80,25147,28091
ACATCGTATGCAATGG-1,1,45,81,25653,28381
GCGAAACTTAACTGGA-1,1,44,82,25147,28672
AATTGAACGCTCTGGT-1,1,45,83,25653,28963
ACAAATGGTAGTGTTT-1,1,44,84,25147,29254
ATGGTCGCGTGGTTTC-1,1,45,85,25653,29544
TGTTATTGTATGTGGC-1,1,44,86,25147,29835
TTCCGGTTACCCACTT-1,1,45,87,25653,30126
GAGTGTGCGGTACCCA-1,1,44,88,25148,30417
CAAGATATTATAACGT-1,1,45,89,25654,30707
ACACACCAGGACCAGT-1,1,44,90,25148,30998
ATGGGCCTCGGCCTCT-1,1,45,91,25654,31289
AAGGTGATAAACCAGC-1,1,44,92,25148,31580
TCTTACTTATGCCTCT-1,1,45,93,25654,31870
AAAGTGTGATTTATCT-1,1,44,94,25148,32161
TGCTCCACAGTTCTTA-1,1,45,95,25654,32452
CTGGCTGATTCATCCT-1,1,44,96,25149,32743
TAAGGCTGAATCCCTC-1,1,45,97,25655,33033
TCTAGTGATATCGTGG-1,1,44,98,25149,33324
TCGAAGAACCGAGCAC-1,1,45,99,25655,33615
GACAAACATATGCAGG-1,1,44,100,25149,33906
AAGTCAATTGTCGTCA-1,1,45,101,25655,34196
AGTGAACAAACTTCTC-1,1,44,102,25149,34487
CATGATGGAAGTTAGC-1,1,45,103,25655,34778
AAGTGCCTTGACTGTA-1,1,44,104,25150,35069
ATCGCCAGTCAACATT-1,1,45,105,25656,35359
ACCGCGGTGGAAGTCG-1,1,44,106,25150,35650
TCTTCTATAACCCGCC-1,1,45,107,25656,35941
CACATTTCTTGTCAGA-1,1,44,108,25150,36232
TAGCGTCCCTCGATTG-1,1,45,109,25656,36522
GTTCGGATCGGGAACA-1,1,44,110,25150,36813
CAAACTCGCGACGCCG-1,1,45,111,25656,37104
GTCTTGTAGCTATTCA-1,1,44,112,25151,37395
TCTCGACGTATCGCCG-1,1,45,113,25657,37685
TTGCCAAGCAGAACCC-1,1,44,114,25151,37976
AAACCCGAACGAAATC-1,1,45,115,25657,38267
TTGAGCAGCCCACGGT-1,1,44,116,25151,38558
CGCCTTTAGCATGCTC-1,1,45,117,25657,38848
TGTGGCTCCCACCAAC-1,0,44,118,25151,39139
CCGCCGTTGAGGATAA-1,0,45,119,25657,39430
CAATACGAGAGTCTGA-1,0,44,120,25152,39721
CATCTAGTGAAGGGAA-1,0,45,121,25658,40011
GGTGGAGGTTGATACG-1,0,44,122,25152,40302
CCGCACACGAACGTGT-1,0,45,123,25658,40593
AGAACCCAGCGTGACA-1,0,44,124,25152,40883
GCGCTCGATCACCTGT-1,0,45,125,25658,41174
ATCATGGACTACCGAC-1,0,44,126,25152,41465
TACGCCGCCTCAGAAG-1,0,45,127,25659,41755
CGACCTACTAGACAAT-1,0,46,0,26148,4831
GAGTCTTGTAAAGGAC-1,0,47,1,26654,5122
AATATCCTAGCAAACT-1,1,46,2,26148,5413
CCCTAGGCAACAAGAG-1,1,47,3,26654,5703
ACAAAGAAGGTAGGCC-1,1,46,4,26149,5994
CCCTGGCTGTTCCTTC-1,1,47,5,26655,6285
TCGCCGCACCGCGTGA-1,1,46,6,26149,6576
TATAGCGCACGTTATC-1,1,47,7,26655,6866
TTATCTGACATTAGGA-1,1,46,8,26149,7157
AGTGGTGTTACCCGTG-1,1,47,9,26655,7448
GCCAAGAATACTTCTG-1,1,46,10,26149,7738
CCGGCGTGAGACTCTG-1,1,47,11,26656,8029
TTCCCGGCGCCAATAG-1,1,46,12,26150,8320
AAACAGGGTCTATATT-1,1,47,13,26656,8610
ACAGTAATACAACTTG-1,1,46,14,26150,8901
CGAACGGCCGGACAAC-1,1,47,15,26656,9192
GCAACACACTAGAACT-1,1,46,16,26150,9483
ACTCCCATTCCTAAAG-1,1,47,17,26656,9773
ACCTGCGTGTCATGTT-1,1,46,18,26151,10064
TACTTTCCGCACGCCA-1,1,47,19,26657,10355
AGGTCAGGTGAGAGTG-1,1,46,20,26151,10646
TCCTCCTAAGACATTC-1,1,47,21,26657,10936
ATGTGAAAGCCTAATG-1,1,46,22,26151,11227
AGTCGGCTCAACTTTA-1,1,47,23,26657,11518
CGATCTGTTGGAGGAC-1,1,46,24,26151,11809
ACGGGAGTGTCGGCCC-1,1,47,25,26657,12099
TTAACTTCAGGTAGGA-1,1,46,26,26152,12390
CCACGGAGCCATAAGA-1,1,47,27,26658,12681
CTTCTATGTTGAAGTA-1,1,46,28,26152,12972
CACCGTTGCGCGATAT-1,1,47,29,26658,13262
TCTAGCAATCTCCGCC-1,1,46,30,26152,13553
AGTTTGGCCAGACCTA-1,1,47,31,26658,13844
TTGTAAGGACCTAAGT-1,1,46,32,26152,14135
AAATTTGCGGGTGTGG-1,1,47,33,26658,14425
AAGTTCGGCCAACAGG-1,1,46,34,26153,14716
CCGCTTACCTCACTCT-1,1,47,35,26659,15007
ATCACGTGCTAATTAA-1,1,46,36,26153,15298
GGTGAAGTACAGGGAT-1,1,47,37,26659,15588
GCTGTATTACTGGCCC-1,1,46,38,26153,15879
AACGGCCATCTCCGGT-1,1,47,39,26659,16170
TAAGTAACATCTTGAC-1,1,46,40,26153,16461
TTCTTGAGCCGCGCTA-1,1,47,41,26659,16751
AGTGCGTAGCTCGTAA-1,1,46,42,26154,17042
GGGATGGTCGTAACCG-1,1,47,43,26660,17333
GTCTGGGCGGTCGAGA-1,1,46,44,26154,17624
CGGAACGTAAACATAG-1,0,47,45,26660,17914
TGCGACACCCTAGTGC-1,1,46,46,26154,18205
CAAACGAGTATCGCAG-1,0,47,47,26660,18496
TCAGTAGGGACTATAA-1,1,46,48,26154,18787
GCGGTTCCCTATCATG-1,0,47,49,26660,19077
GTGACTTCAGTAGTGC-1,0,46,50,26155,19368
CGTCACGTCCATTGGT-1,0,47,51,26661,19659
ATAAGTTACCGCGACG-1,0,46,52,26155,19950
CTGAATCCGAGACCTC-1,0,47,53,26661,20240
TACGACGCTTGCTGCG-1,0,46,54,26155,20531
GAATTCACCCGGGTGT-1,0,47,55,26661,20822
GGGTGACACCTTAACT-1,0,46,56,26155,21113
TGAGTAAATTAGCGTA-1,0,47,57,26661,21403
GAGTCCGCTTACCGGA-1,0,46,58,26156,21694
GGCGCGTTCGAGTTTA-1,0,47,59,26662,21985
ATTCATATACTGTCCA-1,0,46,60,26156,22276
ATAAACGGACCCGTAA-1,0,47,61,26662,22566
GTCGTACCATCTCGGG-1,1,46,62,26156,22857
ATAATAGCTGTTGAAT-1,1,47,63,26662,23148
TTCCGCGTGAGGCGAT-1,1,46,64,26156,23439
TACCGGCTCACTGCCC-1,1,47,65,26662,23729
GTATCTTTCATAACCA-1,1,46,66,26157,24020
GTTACCTACAACTTGC-1,1,47,67,26663,24311
TGACTATAATCCTTTC-1,1,46,68,26157,24602
AAATACCTATAAGCAT-1,1,47,69,26663,24892
TTATTAGAGCGTGTTC-1,1,46,70,26157,25183
ATGTGGACATCTTGAT-1,1,47,71,26663,25474
GTACGCTTCATTGCAC-1,1,46,72,26157,25764
CACATATTAGCAGGAT-1,1,47,73,26663,26055
CAAGAGGGCGGAGTAC-1,1,46,74,26158,26346
TCGCAAAGATGCATTT-1,1,47,75,26664,26636
GTCGTTATTCGCTTAT-1,1,46,76,26158,26927
TCGTGTACTATGGATG-1,1,47,77,26664,27218
GCGGAGAGGGAGAACG-1,1,46,78,26158,27509
TCACAGGGAATCGCAA-1,1,47,79,26664,27799
GACTGCACCAGCCCAG-1,1,46,80,26158,28090
TCCGCTGTCATCCCGG-1,1,47,81,26664,28381
AGATACTCAAGATCGA-1,1,46,82,26159,28672
ACTGAATGGCGAAAGT-1,1,47,83,26665,28962
TCCTACATCCACGGCC-1,1,46,84,26159,29253
TTCAGCCCTGGTCCAC-1,1,47,85,26665,29544
TTAGAGTTTAGAAGGA-1,1,46,86,26159,29835
GGTTAGCTATATGTCT-1,1,47,87,26665,30125
CTGGTTTCGAGCAAGA-1,1,46,88,26159,30416
TGGGCCCATACTAATT-1,1,47,89,26665,30707
ACTTATTTATGTGCCA-1,1,46,90,26160,30998
TTAGTTATTCGTGGCA-1,1,47,91,26666,31288
AACCGCTAAGGGATGC-1,1,46,92,26160,31579
ATACGTCCACTCCTGT-1,1,47,93,26666,31870
CGACACGCTCCGACAG-1,1,46,94,26160,32161
TCTGAACTCGTACCCG-1,1,47,95,26666,32451
AGGATATAGGGATTTA-1,1,46,96,26160,32742
GTGATCACTAACGCCT-1,1,47,97,26666,33033
ACCGGGCCTTTGTTGA-1,1,46,98,26161,33324
TTGACAGGAGCTCCCG-1,1,47,99,26667,33614
CTCTTCTATTGACTGG-1,1,46,100,26161,33905
CGTGGCCGAATATCTA-1,1,47,101,26667,34196
GGTTTAGCCTTTCTTG-1,1,46,102,26161,34487
TCAAGGTTACTACACC-1,1,47,103,26667,34777
TTGACTATTGTCCGGC-1,1,46,104,26161,35068
CGGGAATATAGTATAC-1,1,47,105,26667,35359
GCAACAGCAGTATGCG-1,1,46,106,26162,35650
ATCAAACACTGTTCCA-1,1,47,107,26668,35940
TGGGCAATAGTTGGGT-1,1,46,108,26162,36231
TGAATGTCAGCCGGCC-1,1,47,109,26668,36522
CGGCTCTAAAGCTGCA-1,1,46,110,26162,36813
GGACACAAGTTTACAC-1,1,47,111,26668,37103
CCGAGAAGTCGCATAA-1,1,46,112,26162,37394
AACTACCCGTTTGTCA-1,1,47,113,26669,37685
GCACAAACGAGGCGTG-1,1,46,114,26163,37976
CACACAGCTTGCGCTC-1,1,47,115,26669,38266
GTGCTTACATCAGCGC-1,1,46,116,26163,38557
GCAAACGTCGCCAGGT-1,0,47,117,26669,38848
GAATAGCATTTAGGGT-1,0,46,118,26163,39139
TACTGTTTCTCTGGTA-1,0,47,119,26669,39429
TCCTATCATAGGTAAC-1,0,46,120,26164,39720
TTCGGTGGAGACGCCC-1,0,47,121,26670,40011
TGTTGCCGTCGTCCCA-1,0,46,122,26164,40302
CCAACTTGATAGATCC-1,0,47,123,26670,40592
CAAAGGTCATCTGAAA-1,0,46,124,26164,40883
CTAGCTTAATGGTCCC-1,0,47,125,26670,41174
AGGCCACATTGGTTAC-1,0,46,126,26164,41465
TTAGGATGGGAGGGTA-1,0,47,127,26670,41755
TATGACCTTGCGCTGG-1,0,48,0,27160,4831
ATATACATGTATGGTA-1,0,49,1,27666,5121
TGTGTGACCATGAATC-1,1,48,2,27160,5412
CCCACTCCACGGTATC-1,1,49,3,27666,5703
GGGCAGACGTCACTGC-1,1,48,4,27161,5994
TCAAAGAGCTATCTGT-1,1,49,5,27667,6284
AGATGCATCCTGTGTC-1,1,48,6,27161,6575
GTGAAGTCACGACTCG-1,1,49,7,27667,6866
TGATTCAGGTCCCGCG-1,1,48,8,27161,7157
CGCCACAGGTCGCGAT-1,1,49,9,27667,7447
TTGAATCGTTGTATAA-1,1,48,10,27161,7738
TGGCCAATTTGGTACT-1,1,49,11,27667,8029
CGACCCTTAACGCCGG-1,1,48,12,27162,8320
TCGGCGTACTGCACAA-1,1,49,13,27668,8610
GAGTAAGGCCACGGGA-1,1,48,14,27162,8901
ATCAGCTCGTCCACTA-1,1,49,15,27668,9192
AGGATCACGCGATCTG-1,1,48,16,27162,9482
AAATGGCCCGTGCCCT-1,1,49,17,27668,9773
CAGTACCAGTTTACGT-1,1,48,18,27162,10064
GGTCGTAAGCTCGCAC-1,1,49,19,27668,10354
CGTTCATGGTGCGCGT-1,1,48,20,27163,10645
GACTACAAAGCGGTGG-1,1,49,21,27669,10936
CAGCTGGCGTAACCGT-1,1,48,22,27163,11227
ACTCGTAACCCGTCCT-1,1,49,23,27669,11517
CATATGTCAGGCTACG-1,1,48,24,27163,11808
GCCCGACTTCTTCCCG-1,1,49,25,27669,12099
CTGGCATCCGAATGAG-1,1,48,26,27163,12390
AAGTGCGTTAGAATCT-1,1,49,27,27669,12680
AGAAGTGATTCGTGAT-1,1,48,28,27164,12971
TACCTTAAGATTTCCC-1,1,49,29,27670,13262
AATGACAGCAATGTCT-1,1,48,30,27164,13553
TCAACGCAGGAAATAA-1,1,49,31,27670,13843
TATTCCTCCGCCCACT-1,1,48,32,27164,14134
ATCAAACGAAGGTTTG-1,1,49,33,27670,14425
TTGATTAGCTGTTTCT-1,1,48,34,27164,14716
CTGCTGAGGCCACGAA-1,1,49,35,27670,15006
CCGTGTTAAATTCCAT-1,1,48,36,27165,15297
CACGTCGGCAACCTCT-1,1,49,37,27671,15588
GTATTCTGAGAAACGA-1,1,48,38,27165,15879
CGGTGCGCGTTGGTCC-1,1,49,39,27671,16169
GTGATTCGCCGCTCAA-1,1,48,40,27165,16460
GCCCGCGCGTAAACGG-1,0,49,41,27671,16751
AACGTACTGTGGGTAC-1,0,48,42,27165,17042
GAGTATGCCCGCCTTG-1,0,49,43,27671,17332
TGATTCTGTCGCCGGT-1,0,48,44,27166,17623
GGGCGGCAAATGAATT-1,0,49,45,27672,17914
TTCCAATCTGGCTATC-1,0,48,46,27166,18205
GGAACCGTGTAAATTG-1,0,49,47,27672,18495
TTGGTCACACTCGTAA-1,0,48,48,27166,18786
CGAACCCGCATGCGTC-1,0,49,49,27672,19077
GGGCGTCACCACGTAA-1,0,48,50,27166,19368
TACCAGAAGTAGGTTC-1,0,49,51,27672,19658
TTGGATATCGTCTACG-1,0,48,52,27167,19949
TAGATATGGACTGGAA-1,0,49,53,27673,20240
GCGACGATAGTTGTAC-1,0,48,54,27167,20531
CTGGATTTACACTTGA-1,0,49,55,27673,20821
GTTATATTATCTCCCT-1,0,48,56,27167,21112
TATTCCACTCAGCTCG-1,0,49,57,27673,21403
CTGTTACCCAATCTAG-1,0,48,58,27167,21694
ACGCGAAGTCAGACGA-1,0,49,59,27673,21984
GATAGGTAACGTTGAC-1,0,48,60,27168,22275
TGTTCGTATTGCGGTG-1,0,49,61,27674,22566
GGTCAGTGGGTCCCAC-1,0,48,62,27168,22857
AATTCTAGAGTTAGGC-1,0,49,63,27674,23147
GTTTACGTTCCATCTG-1,0,48,64,27168,23438
AGACCCACCGCTGATC-1,1,49,65,27674,23729
TCTAGCATGCCCAGAA-1,1,48,66,27168,24020
CCCGCAGCGCGAACTA-1,1,49,67,27674,24310
CTCTATTTGGCTGCAG-1,1,48,68,27169,24601
TTCTGCCGCGCCTAGA-1,1,49,69,27675,24892
ACTCCCTAGAATAGTA-1,1,48,70,27169,25183
CCGAACCTTCCCGGCC-1,1,49,71,27675,25473
TCAGACGCTATAGAAG-1,1,48,72,27169,25764
CAGGCGCCATGCTAGG-1,1,49,73,27675,26055
CACTCGAGCTGAACAA-1,1,48,74,27169,26346
ACAAGGAAATCCGCCC-1,1,49,75,27675,26636
ACCACGTGCAGCTATA-1,1,48,76,27170,26927
ACGGCGACGATGGGAA-1,1,49,77,27676,27218
TTACTAAAGGACTTTA-1,1,48,78,27170,27508
GGCTGAAATAGCAAAG-1,1,49,79,27676,27799
TTAGACGAGTCACCTC-1,1,48,80,27170,28090
GTAGTCGCGGGAATCA-1,1,49,81,27676,28380
GCAAACCCTACATTAT-1,1,48,82,27170,28671
GTTAAAGTAGGACTGG-1,1,49,83,27676,28962
ACCCTCCCTTGCTATT-1,1,48,84,27171,29253
CATGTCTCATTTATGG-1,1,49,85,27677,29543
AATAGAATCTGTTTCA-1,1,48,86,27171,29834
TCTCATGAGATAGGGT-1,1,49,87,27677,30125
ATGACTATGCGACATT-1,1,48,88,27171,30416
CCTAACCCAAACAAGT-1,1,49,89,27677,30706
AGTCAAGATGACACTT-1,1,48,90,27171,30997
CGGGAGCTTCAGTGTA-1,1,49,91,27677,31288
CCACAGTACCCATCCT-1,1,48,92,27172,31579
GAGCGCGCACGAGTAG-1,1,49,93,27678,31869
ACCAGTGCGGGAGACG-1,1,48,94,27172,32160
TCCTTACGACGGTCCG-1,1,49,95,27678,32451
TAGTCGATCACGGGTT-1,1,48,96,27172,32742
AGACGAAGTGCCGGTC-1,1,49,97,27678,33032
CGCTGGTGACTACCCT-1,1,48,98,27172,33323
AGGCATTGTCGTAGGG-1,1,49,99,27679,33614
TGGTAGAATATATGGG-1,1,48,100,27173,33905
TTCTTATCCGCTGGGT-1,1,49,101,27679,34195
AGTTTGGCACGGGTTG-1,1,48,102,27173,34486
GCATCGGCCGTGTAGG-1,1,49,103,27679,34777
ATGCGAGTCCCACCAC-1,1,48,104,27173,35068
TCGGCGAACCCAAACC-1,1,49,105,27679,35358
AGAGTAAACTTCACTA-1,1,48,106,27174,35649
AAGCCGAAGCGGTTTA-1,1,49,107,27680,35940
CCCGAGTTTCTCCGTA-1,1,48,108,27174,36231
AATATCGAATCAATGC-1,1,49,109,27680,36521
GCGCCTCCCACTCCGA-1,1,48,110,27174,36812
CGTTAAACTAGTTAGG-1,1,49,111,27680,37103
TGAGTTAAAGACATTC-1,1,48,112,27174,37394
AACAGGTAGTATGGAT-1,1,49,113,27680,37684
GAACGCGGGTCACACG-1,1,48,114,27175,37975
TGTTTGAGATCGTCAG-1,1,49,115,27681,38266
ATCTCGTGAGCGAAAC-1,0,48,116,27175,38557
CTGAGAAAGTTCGGCG-1,0,49,117,27681,38847
ATTACCACACTGCCTG-1,0,48,118,27175,39138
CTGCTGTCTAACGAGC-1,0,49,119,27681,39429
CGTGGAAGCCTCGTAC-1,0,48,120,27175,39720
GGACTCACAAATTAGG-1,0,49,121,27681,40010
CTTTGCTGTCATGGAT-1,0,48,122,27176,40301
GGTGTTGGGCGTCTTA-1,0,49,123,27682,40592
TACCATGTATTGATTT-1,0,48,124,27176,40883
GGTCTCCAAGTAGTGC-1,0,49,125,27682,41173
ATCCTTCTGAAAGAAC-1,0,48,126,27176,41464
CCGGAAGTTATCAGTC-1,0,49,127,27682,41755
TTAGAGGGATATACAG-1,0,50,0,28172,4830
TTGTACACCTCGAACA-1,0,51,1,28678,5121
GTGGGTACTGAGCGTA-1,1,50,2,28172,5412
CTTAAGCAGCGAGCCG-1,1,51,3,28678,5702
GCATTGACTTGCGGAA-1,1,50,4,28172,5993
CCATAACCTGTGCAGT-1,1,51,5,28678,6284
GGGCTACTATTTCGTG-1,1,50,6,28173,6575
GGCGAGCGAAACGGCA-1,1,51,7,28679,6865
GGAGACCATCTACATA-1,1,50,8,28173,7156
AGACCAAACCACACCT-1,1,51,9,28679,7447
CGACGCATCCGTACCT-1,1,50,10,28173,7738
CCTAGGTAAAGGTAGC-1,1,51,11,28679,8028
AGCGGCGGTTAGCGGT-1,1,50,12,28173,8319
CTGGACGCAGTCCGGC-1,1,51,13,28679,8610
AGCCTAATACCCACGT-1,1,50,14,28174,8901
AATCTGGCTTTCTAGT-1,1,51,15,28680,9191
CACCCTTGGTGAGACC-1,1,50,16,28174,9482
GGATCTTGACTCAACC-1,1,51,17,28680,9773
ACGAGGATACCACTCT-1,1,50,18,28174,10064
GAGTTGATGGCAATTT-1,1,51,19,28680,10354
GTGGCAAACAGCGGCA-1,1,50,20,28174,10645
GATGTAACGAACCACC-1,1,51,21,28680,10936
AGCCGTGGCTAAATGT-1,1,50,22,28175,11226
CTCCCTCCTTTCGATC-1,1,51,23,28681,11517
TTGGAAGAATACAGTC-1,1,50,24,28175,11808
AGTTAAGTCAACCGCT-1,1,51,25,28681,12098
CTCATGGTAATTTGCG-1,1,50,26,28175,12389
AAAGTAGCATTGCTCA-1,1,51,27,28681,12680
TTGTGGTAGGAGGGAT-1,1,50,28,28175,12971
AGTCGTGGGCATTACG-1,1,51,29,28681,13261
ACCTAAGTACCTTTCA-1,1,50,30,28176,13552
GTAGAGGGAGACAAGT-1,1,51,31,28682,13843
GATCCTCGACACTGGC-1,1,50,32,28176,14134
CCTACATTCACAGACG-1,1,51,33,28682,14424
TTGACCGTGTTAATGA-1,1,50,34,28176,14715
TCTGTTACCCAGCATA-1,1,51,35,28682,15006
CTAACTGGTCCGGTTC-1,1,50,36,28176,15297
AGCGACAGGAACGGTC-1,1,51,37,28682,15587
TAATAGAACAGAGTTA-1,1,50,38,28177,15878
ACAGGTGGAGGTGAGG-1,1,51,39,28683,16169
TGCGAGAATATTACCC-1,1,50,40,28177,16460
TTGCGTCGGCCAACCG-1,1,51,41,28683,16750
AGGCTTCCCGAAGAAG-1,1,50,42,28177,17041
GCGGACCGCGTTGTGG-1,1,51,43,28683,17332
GTAATCTGATTCTTCG-1,0,50,44,28177,17623
CCGCGGAATGCGTCAC-1,1,51,45,28683,17913
TTCCACACAGATTTGA-1,0,50,46,28178,18204
CTTCTATTAATGCTAG-1,1,51,47,28684,18495
CATTTGAGTGGTACGT-1,0,50,48,28178,18786
TCACAGCAAACTCGAA-1,1,51,49,28684,19076
CAGACGAACCTGATAC-1,0,50,50,28178,19367
TAGCTAGAAGGCATGA-1,1,51,51,28684,19658
ATCCAGAGCAACAACC-1,0,50,52,28178,19949
TCCGGTTCGTCCGGTC-1,0,51,53,28684,20239
CGCGCATGTTTGATTG-1,0,50,54,28179,20530
TGGCGATCAAGTTATG-1,0,51,55,28685,20821
CCCTTTGACAGGTCTT-1,0,50,56,28179,21112
CAGAGACGGTCACCCA-1,0,51,57,28685,21402
TAGCTCGCCTGATAAC-1,0,50,58,28179,21693
TTGTGTTTCCCGAAAG-1,0,51,59,28685,21984
TATACACAGACGCCTT-1,0,50,60,28179,22275
ACATTAGTTTATATCC-1,0,51,61,28685,22565
CCATCGCAGTTAAACT-1,0,50,62,28180,22856
AATTAGCGCTGCAGCG-1,0,51,63,28686,23147
TCCGCTTATCCCATTA-1,0,50,64,28180,23438
GTTTGGGCTTGTGAGC-1,0,51,65,28686,23728
CTTGTCAACATTCGAG-1,1,50,66,28180,24019
GGACCAACAGGATAAC-1,0,51,67,28686,24310
AAGCTAGATCGAGTAA-1,1,50,68,28180,24601
TACCGTGCCTCGGACC-1,0,51,69,28686,24891
GTAGCCAAACATGGGA-1,1,50,70,28181,25182
TGCCAGTACGTGGAGA-1,1,51,71,28687,25473
ATAAGGTGGAGAACAT-1,1,50,72,28181,25764
CTTTAATATTGGTCGA-1,1,51,73,28687,26054
TGGTTCAACGGGTAAT-1,1,50,74,28181,26345
GCTGCTACTGCGTAGC-1,1,51,75,28687,26636
CTGCACAACTACATAT-1,1,50,76,28181,26927
ATATTCCACATAGTGA-1,1,51,77,28687,27217
TGGCAAACTAAATTAC-1,1,50,78,28182,27508
ACCGCAATAACTGCCT-1,1,51,79,28688,27799
TCGCACCAGGAGGCAG-1,1,50,80,28182,28090
ACTTCAGGCTGATCCC-1,1,51,81,28688,28380
ACAAATCGCACCGAAT-1,1,50,82,28182,28671
TCTGATGTATTCTGTC-1,1,51,83,28688,28962
CTTTACCGAATAGTAG-1,1,50,84,28182,29252
GCAGATCCATAAGACT-1,1,51,85,28688,29543
TTCCTCGGACTAACCA-1,1,50,86,28183,29834
TTATCCGGGATCTATA-1,1,51,87,28689,30124
CTGGAAGACACGGTGG-1,1,50,88,28183,30415
GTTCGTCTAAAGAACT-1,1,51,89,28689,30706
GTCTATTGGTTCCGGT-1,1,50,90,28183,30997
CTAGGCGCCCTATCAG-1,1,51,91,28689,31287
AACGGACGTACGTATA-1,1,50,92,28183,31578
AACACACGCTCGCCGC-1,1,51,93,28690,31869
GCTACTATAGTAGAGT-1,1,50,94,28184,32160
AGCATATCAATATGCT-1,1,51,95,28690,32450
CGAACAGTATGGGCGT-1,1,50,96,28184,32741
ACAATTGTGTCTCTTT-1,1,51,97,28690,33032
GATCGCTACCCGATTT-1,1,50,98,28184,33323
ATTGCGATCAGTAACT-1,1,51,99,28690,33613
CAGCAGTCCAGACTAT-1,1,50,100,28185,33904
AGAGGCTTCGGAAACC-1,1,51,101,28691,34195
AAACAAGTATCTCCCA-1,1,50,102,28185,34486
GGCAGCAAACCTATGC-1,1,51,103,28691,34776
ACTAGTTGCGATCGTC-1,1,50,104,28185,35067
TTGGACCATCTGGCAA-1,1,51,105,28691,35358
CCCTCCTCGCTCGTAT-1,1,50,106,28185,35649
GAGCGCAAATACTCCG-1,1,51,107,28691,35939
ATTACATGTCAGTCTT-1,1,50,108,28186,36230
TTGGGACGTAAGAGTT-1,1,51,109,28692,36521
CTTCGGCCAATTGTTT-1,1,50,110,28186,36812
AGACCGCTCCGCGGTT-1,1,51,111,28692,37102
GACCGCGTCTGACGTG-1,1,50,112,28186,37393
CCAAATAACAAGATTC-1,1,51,113,28692,37684
TCTTTAGAGTCTAACA-1,1,50,114,28186,37975
CTCCCAATGAGTCGCG-1,0,51,115,28692,38265
TAGTCTTTCCGAATTG-1,0,50,116,28187,38556
GAGTAAACCGGAAAGT-1,0,51,117,28693,38847
GATCTCGACGCTGTGG-1,0,50,118,28187,39138
CTGACATAGAAATAGA-1,0,51,119,28693,39428
TATACCGAGTGCCACA-1,0,50,120,28187,39719
TCCGAACGTTGCCGCT-1,0,51,121,28693,40010
GCAGAAGGTAATCTCC-1,0,50,122,28187,40301
GGTACTAAGTGCTTTG-1,0,51,123,28693,40591
CAGAATATTCGTTATC-1,0,50,124,28188,40882
TAATCAACCAAATGGG-1,0,51,125,28694,41173
TCTGCTTAGAACAAGC-1,0,50,126,28188,41464
AACTGAGTTATACTGA-1,0,51,127,28694,41754
CCTCAACGATCGCTGT-1,0,52,0,29184,4830
CGGTACGGCAAACCCA-1,0,53,1,29690,5120
CAGATGTTTGTCCCAA-1,1,52,2,29184,5411
GTTTGTTAGCCAAGTA-1,1,53,3,29690,5702
ACGTGACAAAGTAAGT-1,1,52,4,29184,5993
TTGTCACCGCGGTATC-1,1,53,5,29690,6283
GATCTAACCGTATTCA-1,1,52,6,29184,6574
ATGGAAATTTAAGGAG-1,1,53,7,29690,6865
ATTGATCACCACATTT-1,1,52,8,29185,7156
ACTGCTCGGAAGGATG-1,1,53,9,29691,7446
TCTAAAGAACAGTCTC-1,1,52,10,29185,7737
CTGGGTTGAGTTAAAG-1,1,53,11,29691,8028
CCCAGTAAACTTGGGA-1,1,52,12,29185,8319
AGATTCACAACCGATA-1,1,53,13,29691,8609
AGAAGGTACACTTCAC-1,1,52,14,29185,8900
GCAGGAACTTAGATCT-1,1,53,15,29691,9191
AATCTAGGTTTACTTG-1,1,52,16,29186,9482
CCCGGTGTATCGGAAT-1,1,53,17,29692,9772
TTATCCTCAAGGAATA-1,1,52,18,29186,10063
AGCATCATTTCGAAAG-1,1,53,19,29692,10354
CGCGAGTCTGCCGGGT-1,1,52,20,29186,10645
TGCGTCATGACTGAGC-1,1,53,21,29692,10935
GTATGAAATTTCACTC-1,1,52,22,29186,11226
TTGGTTGCGGTGCGCG-1,1,53,23,29692,11517
ACAGAACTGAGAACAA-1,1,52,24,29187,11808
CTACTATCATAGGTTT-1,1,53,25,29693,12098
CCTCTATCGATTAGCA-1,1,52,26,29187,12389
CCGTATCTCGTCGTAG-1,1,53,27,29693,12680
TCACGATGTCCGTGGA-1,1,52,28,29187,12970
TCAACAAAGATAATTC-1,1,53,29,29693,13261
ATGACGCGTTCTATCC-1,1,52,30,29187,13552
ATTTGCGCGAGTAGCT-1,1,53,31,29693,13843
TTCTTGGACGATCTGC-1,1,52,32,29188,14133
AGACGACGATGCCGCT-1,1,53,33,29694,14424
GGTCTCTGAATGGACT-1,1,52,34,29188,14715
GCTCAATCCGTTTATT-1,1,53,35,29694,15005
CCAGAAAGCAACTCAT-1,1,52,36,29188,15296
CACCGTTAGGGATCAC-1,1,53,37,29694,15587
AATAACACTAGAACAA-1,1,52,38,29188,15878
CACCCGGTTTGTGACT-1,1,53,39,29694,16168
CCACCAACTTTACTGT-1,1,52,40,29189,16459
AACTCTCAGTGTGCTC-1,1,53,41,29695,16750
AAACCGTTCGTCCAGG-1,1,52,42,29189,17041
CAGCGATTCCCTTCAA-1,1,53,43,29695,17331
GCTAGCTTGAATAGCT-1,1,52,44,29189,17622
TTGCGGCATCAGAAAG-1,1,53,45,29695,17913
AATAGAACAGAGTGGC-1,1,52,46,29189,18204
GCCATCGAGCTGCGTG-1,1,53,47,29695,18494
ACACTGATCAAGGTGT-1,1,52,48,29190,18785
ACCAACGCTTATTTAT-1,1,53,49,29696,19076
GACATCGATTTATAAC-1,1,52,50,29190,19367
CAGACACCGATCGCTG-1,1,53,51,29696,19657
CCAAGAAAGTGGGCGA-1,1,52,52,29190,19948
GGTAGACCGTTGGGCG-1,1,53,53,29696,20239
TCGTTAGGAGTCCCTA-1,1,52,54,29190,20530
ACGGCCAACATGGACT-1,1,53,55,29696,20820
GTGAGTGGTACAACGC-1,0,52,56,29191,21111
GAGACTTCGCGACCGA-1,1,53,57,29697,21402
GAAGTCAGTTGCACTA-1,1,52,58,29191,21693
GTTTGGTAGGGTCAAC-1,1,53,59,29697,21983
ACGGCACTTGCTTGGG-1,0,52,60,29191,22274
CCTCTGTACTATTCTA-1,0,53,61,29697,22565
CTATTCATGTGTCCCA-1,0,52,62,29191,22856
GCCCGATCTGTGGTCG-1,0,53,63,29697,23146
TTAGAAGAACATGACT-1,0,52,64,29192,23437
AGGATAAAGTCGGGAT-1,0,53,65,29698,23728
CGGCAAACATCGTGCG-1,0,52,66,29192,24019
CTAGTTACAACCCGGT-1,0,53,67,29698,24309
TTCGACAGAGCCCGTG-1,0,52,68,29192,24600
AAGCATACTCTCCTGA-1,0,53,69,29698,24891
GACGACGATCCGCGTT-1,0,52,70,29192,25182
GGTAGAAGACCGCCTG-1,0,53,71,29698,25472
GAGATGGGAGTCGACA-1,0,52,72,29193,25763
AACGATAATGCCGTAG-1,0,53,73,29699,26054
TGGTCCCACGCTACGG-1,0,52,74,29193,26345
CTGCTTGGCGATAGCT-1,0,53,75,29699,26635
ATCGGAGACAGACGGC-1,0,52,76,29193,26926
TAGCGTCCGGTGTGGT-1,0,53,77,29699,27217
GTTGAGTCCCGCCGGT-1,0,52,78,29193,27508
AAATAGGGTGCTATTG-1,0,53,79,29700,27798
AAGTGTTTGGAGACGG-1,1,52,80,29194,28089
AGCACTACCTCACCAG-1,0,53,81,29700,28380
TGCCTTGGCCAGGCAA-1,0,52,82,29194,28671
TCGTCTTAGGCGTTAA-1,0,53,83,29700,28961
TTCTGACCGGGCTCAA-1,0,52,84,29194,29252
CAGAACTTAGCCCTCT-1,1,53,85,29700,29543
AGCTCCTTCGCACATC-1,1,52,86,29195,29834
ACAGGCTTGCCCGACT-1,1,53,87,29701,30124
GCTATACGTCTCGGAC-1,1,52,88,29195,30415
GAGCCAGCTACCTGTG-1,1,53,89,29701,30706
TGCTAAGTGTCTATTT-1,1,52,90,29195,30996
GTCCTACGAATAGTCT-1,1,53,91,29701,31287
CAGTGTCGGCTGGCCC-1,1,52,92,29195,31578
CTATCGACGAAATACA-1,1,53,93,29701,31868
CATCATTACCCTGAGG-1,1,52,94,29196,32159
TAAGTTGCGACGTAGG-1,1,53,95,29702,32450
AGTGCACGCTTAAGAA-1,1,52,96,29196,32741
TGTGCCGGTGCCGGAA-1,1,53,97,29702,33031
AGGAGGCCTTCGCGCG-1,1,52,98,29196,33322
TCCGCGGCCCAATGAA-1,1,53,99,29702,33613
TCCGTTAAGCTAATAT-1,1,52,100,29196,33904
AAATCTAGCCCTGCTA-1,0,53,101,29702,34194
CGCAGGCGATCCAAAC-1,1,52,102,29197,34485
CCATATGGAAACTATA-1,0,53,103,29703,34776
CACCGTATCCCATCCG-1,1,52,104,29197,35067
GGTCAAGACTACTTCG-1,0,53,105,29703,35357
CCCGTTTCGCAGATGT-1,0,52,106,29197,35648
GTTATAATACGGTGAA-1,0,53,107,29703,35939
ACTTGTGGATGGAACG-1,1,52,108,29197,36230
GTTCGCTGAGACGTCT-1,0,53,109,29703,36520
GACACTGGAACCCGAT-1,1,52,110,29198,36811
CCCAGGTCTGAAGGCT-1,0,53,111,29704,37102
TCTCGAGGAGGTTCGC-1,1,52,112,29198,37393
ACTATCTGCCCGCGTA-1,0,53,113,29704,37683
CCTAAATTGTATCCTA-1,0,52,114,29198,37974
AGAAATTATGACTCGC-1,0,53,115,29704,38265
TCCAGCGCTATAAGCG-1,0,52,116,29198,38556
TCGTGTATTGGTCACG-1,0,53,117,29704,38846
CCACATACTGCACCCA-1,0,52,118,29199,39137
GTTGCGGACGGTCAGG-1,0,53,119,29705,39428
GTATTTAATGGCATAA-1,0,52,120,29199,39719
GTCGATAGGTGACTTT-1,0,53,121,29705,40009
AATAATCTTCGTATCG-1,0,52,122,29199,40300
ATTGTTCAACGATCCG-1,0,53,123,29705,40591
GTGCAGCGTAGAGTAG-1,0,52,124,29199,40882
TGTGGTAGGGTGCCTT-1,0,53,125,29705,41172
TGTGGACTATCTACGT-1,0,52,126,29200,41463
GGCGGGCTCTAAGAGT-1,0,53,127,29706,41754
TGTGCCAGAGGCAAAG-1,0,54,0,30195,4829
TGGCTTATGTATAATG-1,0,55,1,30701,5120
GCAAGCTGGAAACCGC-1,0,54,2,30196,5411
GATATCAAGCAGGAGC-1,1,55,3,30702,5701
CACCAATCATCCGTCT-1,1,54,4,30196,5992
CCACATGGCTCTTTAT-1,1,55,5,30702,6283
GTCCTACTCTACGGGC-1,1,54,6,30196,6574
CTCGAGACATACGATA-1,1,55,7,30702,6864
TATCAGTGGCGTAGTC-1,1,54,8,30196,7155
TGACAGGACAAGTCCA-1,1,55,9,30702,7446
TATTAACACCAAAGCA-1,1,54,10,30197,7737
TAGGCGATGAGGTCTC-1,1,55,11,30703,8027
CCGCCGGAACTTCTCG-1,1,54,12,30197,8318
GCCATTAGCCTCAAAC-1,1,55,13,30703,8609
GTTAGGCTACCCGTTT-1,1,54,14,30197,8900
GGGTATTCTAGCAAAC-1,1,55,15,30703,9190
GCCCTAGCCGTCGCGA-1,1,54,16,30197,9481
CAGATCCTGGTTTGAA-1,1,55,17,30703,9772
CTTCAGTGGTCGCCTA-1,1,54,18,30198,10063
GGGCAACCGCACGTGC-1,1,55,19,30704,10353
GACCCAATTATGATAC-1,1,54,20,30198,10644
GAAGCTCGGACCCGTC-1,1,55,21,30704,10935
CGTCGGGTCTAAGCGC-1,1,54,22,30198,11226
GAGGCCCGACTCCGCA-1,1,55,23,30704,11516
TTGCCATAGCCCGCTC-1,1,54,24,30198,11807
TAACATACACGCGATC-1,1,55,25,30704,12098
CCGACGGGCATGAGGT-1,1,54,26,30199,12389
AATGTGCCCGAGGTGT-1,1,55,27,30705,12679
AGCTGTAACCTCAATC-1,1,54,28,30199,12970
CGAGTGAAGGTACCAG-1,1,55,29,30705,13261
AGTCTCACAAGACTAC-1,1,54,30,30199,13552
AAATTGATAGTCCTTT-1,1,55,31,30705,13842
TAAGTCGCCGAGTATC-1,1,54,32,30199,14133
GCGGAGAAACTTCGCA-1,1,55,33,30705,14424
GGCAAAGGCGCCAATA-1,1,54,34,30200,14715
ATTTCCGGGTTCTGCG-1,1,55,35,30706,15005
TAAACCCAGGAGGGCA-1,1,54,36,30200,15296
TTCGGGCGCTAGTCTT-1,1,55,37,30706,15587
GTGGAGTCGGCGGTTG-1,1,54,38,30200,15877
GCACGCCTACTTAGAT-1,1,55,39,30706,16168
CAATATTCTTGACCTA-1,1,54,40,30200,16459
CGTTTGTGTAGAGGGT-1,1,55,41,30706,16749
CATAGCGTTGCCCACC-1,1,54,42,30201,17040
TGATACATTTAGCCGT-1,1,55,43,30707,17331
TTCCGGCCTTGAGGCT-1,1,54,44,30201,17622
CCTATACCGTCCTGTC-1,1,55,45,30707,17912
TCGTTGCTATCCGGTC-1,1,54,46,30201,18203
TGGCGACTGCTCCAAA-1,1,55,47,30707,18494
CAGAGGCGATGCATGA-1,1,54,48,30201,18785
TCACAGGAGAATAAGA-1,0,55,49,30707,19075
GGGTTAACATTTGAGT-1,1,54,50,30202,19366
GCGGGCGAGCCTTACC-1,1,55,51,30708,19657
TGCCAATGGGTACTCT-1,1,54,52,30202,19948
AGGGACTCTACGCGAC-1,1,55,53,30708,20238
GACGCCGTAAAGGCTA-1,1,54,54,30202,20529
AAAGGCTCTCGCGCCG-1,1,55,55,30708,20820
CTGGCTGGTTGTCAGT-1,1,54,56,30202,21111
ACATCCCGGCCATACG-1,1,55,57,30708,21401
CTCTTGTCCCGCTTGG-1,1,54,58,30203,21692
TACGCCTCCATTCCGA-1,1,55,59,30709,21983
CGGAGCAATTTAATCG-1,1,54,60,30203,22274
AACTAGGCTTGGGTGT-1,1,55,61,30709,22564
GCGTCGCCAGGGTGAT-1,0,54,62,30203,22855
GTTGGTCATGCTATCC-1,1,55,63,30709,23146
GCTGGCGGCGCATGCT-1,0,54,64,30203,23437
TGAGCGGAAAGTGTTC-1,1,55,65,30710,23727
CTTTCTGTGCGGGCTT-1,0,54,66,30204,24018
ATCTAATATCCTACGG-1,0,55,67,30710,24309
AACCTTTAAATACGGT-1,0,54,68,30204,24600
TTCACTCGAGCACCTA-1,0,55,69,30710,24890
CTGCACTCCAGTACAG-1,0,54,70,30204,25181
CCATTTCTACCTATTA-1,0,55,71,30710,25472
CAAGCGGCACATAATT-1,0,54,72,30205,25763
GTTAACATCACTTAAA-1,0,55,73,30711,26053
ATATAAATGTAGCTGC-1,0,54,74,30205,26344
GCCTCTATACATAGCA-1,0,55,75,30711,26635
GTGTCGTATAGCGTTC-1,0,54,76,30205,26926
ATACGTACTTAGCCAC-1,0,55,77,30711,27216
GCTATCATACTCATGG-1,0,54,78,30205,27507
TATCCAATTGGTTATC-1,0,55,79,30711,27798
TCTCCCTGGGCAGCGT-1,0,54,80,30206,28089
CCTATAATGAGTGCCC-1,0,55,81,30712,28379
CAATGCGAGAAGTATC-1,0,54,82,30206,28670
TACCAATAAAGTACCA-1,0,55,83,30712,28961
GCTAGGCACCACGGAG-1,0,54,84,30206,29252
GGTGGACTGCTCTGGC-1,0,55,85,30712,29542
TATTCCGAGCTGTTAT-1,0,54,86,30206,29833
TTGAGAAGTTTAGCAT-1,0,55,87,30712,30124
GTCCGGACCTGAAATT-1,0,54,88,30207,30415
CTGTGGTCGGGAGATA-1,0,55,89,30713,30705
CATGTAAGAGACATTT-1,1,54,90,30207,30996
CACGTTTCGTACACAC-1,1,55,91,30713,31287
CATCCTCTCAAAGATC-1,1,54,92,30207,31578
GATTAACCGAAAGCCC-1,1,55,93,30713,31868
AACGCTGTTGCTGAAA-1,1,54,94,30207,32159
TTCAGCTGGCGTGCCC-1,1,55,95,30713,32450
TAGAGGTTCTACTTGT-1,0,54,96,30208,32740
GTATCAAACGTTAGCT-1,1,55,97,30714,33031
AATCATGTAAAGACTC-1,0,54,98,30208,33322
AGTCACTAGCTCTCGA-1,1,55,99,30714,33612
GCGAAACGATCGGGAG-1,0,54,100,30208,33903
CATGGATTGTCTTCCG-1,1,55,101,30714,34194
ATTGGATTACAGCGTA-1,0,54,102,30208,34485
CACACACGCTAACGAG-1,1,55,103,30714,34775
CTATGGGAAGCGGAAT-1,0,54,104,30209,35066
TGCCTAATTGAAGATT-1,1,55,105,30715,35357
TGGCAATGGGACGGCG-1,0,54,106,30209,35648
ACCTCCGCCCTCGCTG-1,0,55,107,30715,35938
CGGCAATAAGATCGCC-1,0,54,108,30209,36229
CCTTGACCACTTTATT-1,0,55,109,30715,36520
TCATTTAGAAGTGTGA-1,0,54,110,30209,36811
CAGAATAACACACGGA-1,0,55,111,30715,37101
TCTGAGCAATTGACTG-1,0,54,112,30210,37392
CAACGTGGTGGAGTCT-1,0,55,113,30716,37683
CACAGTTCGCTTCCCA-1,0,54,114,30210,37974
TCTCTCGCCGCACATA-1,0,55,115,30716,38264
TGGGCAGGCCACCGCA-1,0,54,116,30210,38555
CTCCTGTTCAAGGCAG-1,0,55,117,30716,38846
TATTTGATTTGCACAG-1,0,54,118,30210,39137
GCCACTCCTTACGGTA-1,0,55,119,30716,39427
ACCGATATTTAATCAT-1,0,54,120,30211,39718
TTATTATCTGGAAGGC-1,0,55,121,30717,40009
TACATGCCGGAATTGT-1,0,54,122,30211,40300
GGCACTCAGCCGACCC-1,0,55,123,30717,40590
AAACCGGAAATGTTAA-1,0,54,124,30211,40881
AGACAGGCATCTCAGC-1,0,55,125,30717,41172
GTGGTGATGGTTTGTG-1,0,54,126,30211,41463
CCGATATGACGTAAGG-1,0,55,127,30717,41753
CATACACAAAGTCAGC-1,0,56,0,31207,4829
TGCCGTTCTTAATCGG-1,0,57,1,31713,5119
TCGAGTCTACGATTCG-1,0,56,2,31207,5410
ACTTCCAGTGGAAGCT-1,1,57,3,31713,5701
CAATTGGGCCGCACTC-1,1,56,4,31208,5992
AAATCGCGGAAGGAGT-1,1,57,5,31714,6282
ATATCAATTCCAGCCT-1,1,56,6,31208,6573
CTTTGTCGAATGCTCC-1,1,57,7,31714,6864
TGAGGCATGTACTGTG-1,1,56,8,31208,7155
TTCGCCGCTCGCGCTA-1,1,57,9,31714,7445
GACTCCTTCCAATTGA-1,1,56,10,31208,7736
ACCGAAGAGTCTGGTT-1,1,57,11,31714,8027
TGGCATGAAGTTTGGG-1,1,56,12,31209,8318
ACGAGGTTTACAACGT-1,1,57,13,31715,8608
AACCCATCCCATGATC-1,1,56,14,31209,8899
TCGACAACTGAACCCG-1,1,57,15,31715,9190
TATCTTGCAATACAAC-1,1,56,16,31209,9481
TATTATGTTTGCCTGC-1,1,57,17,31715,9771
GTCAAAGAAGTGGTGT-1,1,56,18,31209,10062
GGGACAGAGTTACTCC-1,1,57,19,31715,10353
AGCAACCGAAAGTAAT-1,1,56,20,31210,10644
CTCTCTAACTGCCTAG-1,1,57,21,31716,10934
ATACGGAACGTCGTTT-1,1,56,22,31210,11225
TCGGTCCCGACAATAG-1,1,57,23,31716,11516
CGCGCAAATGTCCAGA-1,1,56,24,31210,11807
TCTAATACTGCCTCAG-1,1,57,25,31716,12097
CTCGGTTGTCGGCCCT-1,1,56,26,31210,12388
GGTAACCGGGAGGATA-1,1,57,27,31716,12679
CAGGCGCACGGTGGTC-1,1,56,28,31211,12970
TCATCGATGGTCCCAA-1,1,57,29,31717,13260
CAAAGATTATTGGGCC-1,1,56,30,31211,13551
ACAATGAATACGGAGA-1,1,57,31,31717,13842
GCTCCTGACATACTGG-1,1,56,32,31211,14133
GATGACAAGTAGGGCA-1,1,57,33,31717,14423
TACGCCGAGGGTACCC-1,1,56,34,31211,14714
AAGCGTCCCTCATCGA-1,1,57,35,31717,15005
CACTCCTATGTAAGAT-1,1,56,36,31212,15296
TCGAGCCAGGCAGGCC-1,1,57,37,31718,15586
TCGTCAAGTACGCGCA-1,1,56,38,31212,15877
CCCGTAGCTGGGAAGA-1,1,57,39,31718,16168
ACCCTATGCCATATCG-1,1,56,40,31212,16459
GTGGTATAGTCTGCCG-1,1,57,41,31718,16749
CCGGTTTGTAATTGTG-1,1,56,42,31212,17040
GTCGCCGTTGTGTGTT-1,1,57,43,31718,17331
TACTGAACAGATTTAG-1,1,56,44,31213,17621
TATTAACCTGACCGCG-1,1,57,45,31719,17912
CTGTAGCCATCTCACT-1,1,56,46,31213,18203
TACTATGGTTCCTCAG-1,1,57,47,31719,18493
GAGTCAGACCAGAATC-1,0,56,48,31213,18784
TAAGGCATAACATCAA-1,0,57,49,31719,19075
CTTCCGCTCCGTGAAG-1,0,56,50,31213,19366
GGGCTATGATCGATGG-1,0,57,51,31720,19656
GGTCGGTCGTCCACAG-1,0,56,52,31214,19947
GGGACCCGTATATCTT-1,1,57,53,31720,20238
GAAAGCAGTGCACTTT-1,1,56,54,31214,20529
AGCGCATAATGAATCG-1,1,57,55,31720,20819
GCTGCTAAGTAGTCGA-1,1,56,56,31214,21110
AATAGTCCGTCCCGAC-1,1,57,57,31720,21401
AGCAGCCAGATGAATA-1,1,56,58,31215,21692
CCTCGCGCTGTGCGAT-1,1,57,59,31721,21982
TTGTGTATGCCACCAA-1,1,56,60,31215,22273
TGCTCGGCGAAACCCA-1,1,57,61,31721,22564
CGATTAAATATCTCCT-1,1,56,62,31215,22855
TGCCGTGGATCGTCCT-1,1,57,63,31721,23145
GTGGACGCATTTGTCC-1,1,56,64,31215,23436
ACCCGGAAACTCCCAG-1,1,57,65,31721,23727
CCGCATGTGGTACGAT-1,1,56,66,31216,24018
GCAAACCTTGGCCATA-1,1,57,67,31722,24308
ATTCACTGATGTTGGA-1,1,56,68,31216,24599
ACTCCCTAATGCTAAA-1,1,57,69,31722,24890
TCCTAAATTGGGAAGC-1,0,56,70,31216,25181
GAACAGATTACTAAAT-1,0,57,71,31722,25471
ATACAGGCCCTCCAAT-1,0,56,72,31216,25762
CGATTCGCCTGGCTGC-1,0,57,73,31722,26053
TCCGCCTGTCTACAAG-1,0,56,74,31217,26344
CACATCTCACCGACGA-1,0,57,75,31723,26634
CGTCGTCCTTCGCGAA-1,0,56,76,31217,26925
CGTTGAATACCGCGCT-1,0,57,77,31723,27216
ACCAATATGCAAGTTA-1,0,56,78,31217,27507
ACGGATGGTGCGGATA-1,0,57,79,31723,27797
CACCCTAACAAGATCT-1,0,56,80,31217,28088
AAGCTCTTTCATGGTG-1,0,57,81,31723,28379
CATGGGTATGCCTTAT-1,0,56,82,31218,28670
GCGCGTCATTGGTACA-1,0,57,83,31724,28960
TCTGAAGCACGTGGTC-1,0,56,84,31218,29251
AAGTTCACTCCAAGCT-1,0,57,85,31724,29542
TTGGACCTATAACAGT-1,0,56,86,31218,29833
ATCAGCCTCATGCTGC-1,0,57,87,31724,30123
AGTACTCTTATGCCCA-1,0,56,88,31218,30414
GCGCTTAAATAATTGG-1,0,57,89,31724,30705
TTGTGAACCTAATCCG-1,0,56,90,31219,30996
AGTCGTCGACCACCAA-1,0,57,91,31725,31286
TCCTTTAAATCCGCTT-1,0,56,92,31219,31577
ACTGAAACGCCGTTAG-1,0,57,93,31725,31868
GCACACACTGGTAGCC-1,0,56,94,31219,32159
TAAGGGCCTGTCCGAT-1,0,57,95,31725,32449
GCTAGAGTAGAGATGT-1,1,56,96,31219,32740
CACAGGGCCATATAGT-1,0,57,97,31725,33031
CCATGCCCTAGATTTC-1,1,56,98,31220,33322
TCGCGTAGCAGTGTCC-1,0,57,99,31726,33612
GACGAGGCTAATAAAC-1,0,56,100,31220,33903
CTACACTCGCAGATGG-1,0,57,101,31726,34194
ACGCATACGTTTACTA-1,0,56,102,31220,34485
GGAGCAACATTTCAAG-1,0,57,103,31726,34775
CGAGAGGGTAGCCGCG-1,0,56,104,31220,35066
TCGTGTTCGACCACAA-1,0,57,105,31726,35357
TCTACCCAATAGAGAG-1,0,56,106,31221,35647
ATAAACGTTGCACCAC-1,0,57,107,31727,35938
TCAACTGCAGAGTCAG-1,0,56,108,31221,36229
AGCTCCATATATGTTC-1,0,57,109,31727,36519
GTAACATCTAAGATAA-1,0,56,110,31221,36810
CCGACAATAGGCCGCC-1,0,57,111,31727,37101
ATGCTTAGGAGTTGAT-1,0,56,112,31221,37392
AACCCGAGCAGAATCG-1,0,57,113,31727,37682
CGGGTTTGTTAGGGCT-1,0,56,114,31222,37973
AGGCACGTGACTGTCC-1,0,57,115,31728,38264
GACAAGAGATGAGATT-1,0,56,116,31222,38555
AGCCCTTGGACATCCC-1,0,57,117,31728,38845
GCAGTTCGATCCGAGC-1,0,56,118,31222,39136
TCGAGGGCAACAGACG-1,0,57,119,31728,39427
ACTTTGTCGACGCACT-1,0,56,120,31222,39718
GAGTATCAAAGTTACA-1,0,57,121,31728,40008
CCAGGCTGGCGTCTGA-1,0,56,122,31223,40299
GGACTCTTCCGGTTGA-1,0,57,123,31729,40590
TCCCAGCACACGACAT-1,0,56,124,31223,40881
GCTCCATGAGTGCAGA-1,0,57,125,31729,41171
GCAGTGCGGGCGGATG-1,0,56,126,31223,41462
GCGTTCTGACTAAGCG-1,0,57,127,31729,41753
ATTTGGAGATTGCGGT-1,0,58,0,32219,4828
AAGGGTTTGATTTCAG-1,0,59,1,32725,5119
CCGGCCGCGAGCATAT-1,0,58,2,32219,5410
GAGTTCTGTGGGTGCT-1,0,59,3,32725,5700
AAACGAAGATGGAGTA-1,1,58,4,32219,5991
AATTACGAGACCCATC-1,1,59,5,32725,6282
CCTTTGAATTATGGCT-1,1,58,6,32220,6573
CATGGTATTAGTTTGT-1,1,59,7,32726,6863
AACGAAAGTCGTCCCA-1,1,58,8,32220,7154
ACATAAGTCGTGGTGA-1,1,59,9,32726,7445
GCACAACCTCGGGCGT-1,1,58,10,32220,7736
ATGCACGCGCTGTTCA-1,1,59,11,32726,8026
CGATGTTGTTATCTAC-1,1,58,12,32220,8317
GTCTCCTGCCAGTATG-1,1,59,13,32726,8608
GATGCCTTCTGCGGCA-1,1,58,14,32221,8899
ACCGGTCAGGTACACC-1,1,59,15,32727,9189
GTGGAGCGTTTACCGA-1,1,58,16,32221,9480
AGGCGGTTTGTCCCGC-1,1,59,17,32727,9771
TCCCTGGCGTATTAAC-1,1,58,18,32221,10062
AAACACCAATAACTGC-1,1,59,19,32727,10352
TGGACGCAATCCAGCC-1,1,58,20,32221,10643
GGAACCTTGACTCTGC-1,1,59,21,32727,10934
GTATCTCAGTCTTGAC-1,1,58,22,32222,11225
GCTGAATCTTCCAATC-1,1,59,23,32728,11515
AGATGCAAGACGTGCA-1,1,58,24,32222,11806
TTAAGGCCCGTACTTT-1,1,59,25,32728,12097
AGTATGCTGGAGACCA-1,1,58,26,32222,12388
GCGGCAAAGTATTGCC-1,1,59,27,32728,12678
GCGCAAATATATTCAA-1,1,58,28,32222,12969
GAAGAAACGATATTGT-1,1,59,29,32728,13260
GGACCTCTAGGCCGCC-1,1,58,30,32223,13551
AACAGCTGTGTGGCAA-1,1,59,31,32729,13841
TCGAATATCCCGCAGG-1,1,58,32,32223,14132
GCGACCCAACCATCTG-1,1,59,33,32729,14423
AGAGAAGGAGTACAAT-1,1,58,34,32223,14714
GGCTCCTCCACCTGTT-1,1,59,35,32729,15004
TCAGTGTATACGTCAT-1,1,58,36,32223,15295
ATTATTATGTCCGTCA-1,1,59,37,32730,15586
TTAGGTCATAACCGAC-1,1,58,38,32224,15877
AAGATGGCACCGGACC-1,1,59,39,32730,16167
CTACAAGAAATAACCC-1,1,58,40,32224,16458
ACTATTTCCGGGCCCA-1,1,59,41,32730,16749
TTGTTTCACATCCAGG-1,1,58,42,32224,17040
CGCTGTGTGGATGTTG-1,1,59,43,32730,17330
TCAACATAGCGCCCTA-1,1,58,44,32225,17621
GGCCGTTTGGGTTTCA-1,1,59,45,32731,17912
TACTCTTTCGTCTTCA-1,1,58,46,32225,18203
TTCGCGCGCCATACGA-1,1,59,47,32731,18493
CGGAAAGAATCAAACG-1,1,58,48,32225,18784
AGGCAGGGAGCGTACT-1,1,59,49,32731,19075
CCTTTAAGGGAGCACT-1,0,58,50,32225,19365
CGCCCAGCACGCCTAG-1,0,59,51,32731,19656
AGTATTTGGCACGACC-1,0,58,52,32226,19947
TATCCGCACCGTCGGG-1,1,59,53,32732,20237
ACCCGTGTCATCAGTA-1,1,58,54,32226,20528
CAACTGCTCATCCGAT-1,1,59,55,32732,20819
CCGGAGCGTACTTTCT-1,1,58,56,32226,21110
TACCGTAGGTTAACTA-1,1,59,57,32732,21400
TGAGGAGTGCCAGCTT-1,1,58,58,32226,21691
CCAGTCTTGTCATAGA-1,1,59,59,32732,21982
GGGCAGAGCAATCGTT-1,1,58,60,32227,22273
TACCAAATAGCCCAGA-1,1,59,61,32733,22563
TACCTACTCCCAGTAT-1,1,58,62,32227,22854
TGTGAGACTAGCCCAA-1,1,59,63,32733,23145
ATACCTAACCAAGAAA-1,1,58,64,32227,23436
GTCGGGAAGCAGAAAC-1,1,59,65,32733,23726
AATTAACGGATTTCCA-1,1,58,66,32227,24017
GAACCCTCTGTGTTCT-1,1,59,67,32733,24308
ATATAAAGCGCTCGTG-1,1,58,68,32228,24599
CCTGGTCGAATGTGGG-1,0,59,69,32734,24889
CTAGGTTCGGACGTGA-1,1,58,70,32228,25180
TCGGGAGACAGCGTAC-1,0,59,71,32734,25471
CATAAGAAGCTTGGCT-1,0,58,72,32228,25762
AAGCACCCTGCGTATC-1,1,59,73,32734,26052
AGTTTGCACCTGCCTC-1,0,58,74,32228,26343
GACTGCAAATCGAGCT-1,0,59,75,32734,26634
GTGTATATCAGCGGGC-1,0,58,76,32229,26925
CTTCAACTCCACTTGG-1,0,59,77,32735,27215
ACTTACGCATCCACGC-1,0,58,78,32229,27506
CATGAGATGCACTCTC-1,1,59,79,32735,27797
GAGCACCTGTGTCCAG-1,0,58,80,32229,28088
CGCGACCGCGACAGAT-1,1,59,81,32735,28378
GTCCCGCGACGTTATG-1,0,58,82,32229,28669
GCAGTGTGGCTATAGG-1,0,59,83,32735,28960
ATACTGCCTTACACCG-1,0,58,84,32230,29251
TACAGAAACGGTGGGC-1,0,59,85,32736,29541
GGCGCGGAGATCTTTC-1,0,58,86,32230,29832
CGTTAATGTCCCGACG-1,0,59,87,32736,30123
GCTAACTGAAGTCTGA-1,0,58,88,32230,30414
AGTGATAACCTGCGCG-1,0,59,89,32736,30704
TATGATCTTCTCTTTA-1,0,58,90,32230,30995
TGTACCTACACGAGGG-1,0,59,91,32736,31286
ATATCGTTCCTCGAAC-1,0,58,92,32231,31577
CGGCGCCATCAATCCC-1,0,59,93,32737,31867
CCTGTTTGAAGACACG-1,0,58,94,32231,32158
GCCACTCAGAGCGCGA-1,0,59,95,32737,32449
TCGGCTTGTATCGACG-1,0,58,96,32231,32740
TAGATGGTTCCTTACT-1,0,59,97,32737,33030
ATCGTTAGCTAGCGGA-1,0,58,98,32231,33321
ACAGCGACATTCTCAT-1,0,59,99,32737,33612
ATTCAACCATTTAAGG-1,0,58,100,32232,33903
CACTCTTCTGCTAGCC-1,0,59,101,32738,34193
CTAACTGATAATCGCC-1,0,58,102,32232,34484
TGATGTCAATTAAGTG-1,0,59,103,32738,34775
CGCCGTTCAGCATAGT-1,0,58,104,32232,35066
ATACTACCCGTACCAC-1,0,59,105,32738,35356
CCACTGTTTGGATTAA-1,0,58,106,32232,35647
CACTACGGGAGCTGCC-1,0,59,107,32738,35938
GACCAAACGTTGACTG-1,0,58,108,32233,36229
AAGAGGCCCTTTGGAA-1,0,59,109,32739,36519
ACACGTAGGCCACAAG-1,0,58,110,32233,36810
TACTCTTACTTTACTG-1,0,59,111,32739,37101
AGAGCCGCCGAGATTT-1,0,58,112,32233,37391
GGCCTGCTTCTCCCGA-1,0,59,113,32739,37682
TCAAGCGCGGACGGTA-1,0,58,114,32233,37973
ACACTGGGACAGTCGT-1,0,59,115,32739,38263
TGTGTAGTAGCACGTG-1,0,58,116,32234,38554
CTAGCCACAGGCGAGC-1,0,59,117,32740,38845
CTATCGCGTAGAGAAC-1,0,58,118,32234,39136
GTTCCCGTAAACATAT-1,0,59,119,32740,39426
TCTTTCCTTCGAGATA-1,0,58,120,32234,39717
ATATTGGAGAGGCCTT-1,0,59,121,32740,40008
AGGCGATAACTGGCGT-1,0,58,122,32234,40299
ACCCGGAGCACCACAA-1,0,59,123,32740,40589
TGAGCTCAACTGTATA-1,0,58,124,32235,40880
ACGACCCATGAGTTGC-1,0,59,125,32741,41171
CGGTCAGTCCATATTT-1,0,58,126,32235,41462
TCCGGCTGTCGGGTCG-1,0,59,127,32741,41752
ATTCCCGAAGGTACAG-1,0,60,0,33231,4828
CTAACAGCACAATAAC-1,0,61,1,33737,5118
TTGTGCGGAAGCGGAT-1,0,60,2,33231,5409
GGGCACTATTGACCAT-1,0,61,3,33737,5700
CCATAGAGGCTGCCAG-1,1,60,4,33231,5991
CCGAAGCATTGACCAA-1,1,61,5,33737,6281
TACTGAGGGAAGAAAG-1,1,60,6,33231,6572
TATGTAGAAACCCGGC-1,1,61,7,33737,6863
TGGTTAACTTACATTT-1,1,60,8,33232,7154
AGAACCCTCAATTGGG-1,1,61,9,33738,7444
CCTATATCGTGTCACG-1,1,60,10,33232,7735
ACGGCTGGATGTAGAA-1,1,61,11,33738,8026
CTCGCATTGCATAGCC-1,1,60,12,33232,8317
ACTTTGGTCGTGCTCC-1,1,61,13,33738,8607
GCTGGTTTAGGCCATA-1,1,60,14,33232,8898
TGTCGTTATCACATAT-1,1,61,15,33738,9189
ACACATGATCAAATCT-1,1,60,16,33233,9480
TATCCATCTCGGTTAG-1,1,61,17,33739,9770
CTCGTCGAGGGCTCAT-1,1,60,18,33233,10061
ATCAATGCCGTGGCTG-1,1,61,19,33739,10352
GAAACATAGGAAACAG-1,1,60,20,33233,10643
TAATAGGTCACCAGAA-1,1,61,21,33739,10933
CACCAGTCAGCATGCA-1,1,60,22,33233,11224
GAGCGCTGTTAGGTAA-1,1,61,23,33740,11515
CCCTATGTAGAGCAGA-1,1,60,24,33234,11806
GATCGCTATATCTCAG-1,1,61,25,33740,12096
AAGGGACTATGCATTC-1,1,60,26,33234,12387
CTCGGGTTCTCTGGCC-1,1,61,27,33740,12678
TATATATCGAGAAATG-1,1,60,28,33234,12969
ACCCGAGCGAAATTAC-1,1,61,29,33740,13259
TTGTTTCATTAGTCTA-1,1,60,30,33235,13550
ATGGGACCTGCTGAAC-1,1,61,31,33741,13841
TGCGACGGCCGAACGT-1,1,60,32,33235,14132
AGCTAACAAGCAATGT-1,1,61,33,33741,14422
CGTGTCTCGTTACGAC-1,1,60,34,33235,14713
CTAAATCCGGTGTACA-1,1,61,35,33741,15004
GAATAGTGCTCGATTA-1,1,60,36,33235,15295
AACAATACATTGTCGA-1,1,61,37,33741,15585
CACATCGTGCACGCGC-1,1,60,38,33236,15876
ACCGTGACCACGTGGG-1,1,61,39,33742,16167
CCCAATGAGATTTGCA-1,1,60,40,33236,16458
TCAGCAGTAGGCCCTG-1,1,61,41,33742,16748
CTACTCAAGGTATAGT-1,1,60,42,33236,17039
TAGTAGCTTATACCAG-1,1,61,43,33742,17330
ACGTTCGTTCAGGAAA-1,1,60,44,33236,17621
TTAGAATAAGGGTCGG-1,1,61,45,33742,17911
TTCTAGAAAGTCTTAT-1,1,60,46,33237,18202
CCTTCAGTTAAAGTGA-1,0,61,47,33743,18493
TAGCTAGTGATGATGG-1,0,60,48,33237,18784
AGCCCGGTAGCCTGTA-1,1,61,49,33743,19074
TACCTCAGTTGTCTGT-1,1,60,50,33237,19365
GACGGGTTGGCCCGTA-1,1,61,51,33743,19656
GAAACCTATACAAATG-1,1,60,52,33237,19947
TCCACCTCTAGCCTTT-1,1,61,53,33743,20237
AAGACCCAACTGAACA-1,1,60,54,33238,20528
CATACACGGTTCCCAC-1,1,61,55,33744,20819
ACTACGCGTTAGAATT-1,1,60,56,33238,21109
CTTGGCCAAGCTGGGA-1,1,61,57,33744,21400
TTACCCTAGGGATTGG-1,1,60,58,33238,21691
TTCGCACTGTACGACA-1,1,61,59,33744,21981
TAGGTGTTCCACAGAT-1,1,60,60,33238,22272
GAAGCCTGCACATTCC-1,1,61,61,33744,22563
GGCTTTCAATAAGGGT-1,1,60,62,33239,22854
TCCAGGGTATATACGA-1,1,61,63,33745,23144
CTCGCCGAATGTAGGG-1,1,60,64,33239,23435
AGGAAGCTGTCCGCCG-1,0,61,65,33745,23726
GTCTCAAGGCCCGGCT-1,1,60,66,33239,24017
ACCGACACATCTCCCA-1,0,61,67,33745,24307
TATACGCGTCATCACT-1,0,60,68,33239,24598
ATCTGGGCTGTTCTTG-1,0,61,69,33745,24889
TCAAATTTGAGACTCA-1,0,60,70,33240,25180
GTTAAGGGTGCGATGT-1,0,61,71,33746,25470
AGCAAAGGCCGCTAGT-1,0,60,72,33240,25761
TTATAGGTAATTGTCT-1,0,61,73,33746,26052
TTGTGCAGCCACGTCA-1,0,60,74,33240,26343
ACGGACTCTCAAAGCG-1,0,61,75,33746,26633
ATGCTCTGGCGCGGTA-1,0,60,76,33240,26924
ATAATCTTGGAGAACC-1,0,61,77,33746,27215
CTCATTGCTCTAACAA-1,1,60,78,33241,27506
TAGGTGACGATAACCT-1,0,61,79,33747,27796
CGGATCCTCAAGGACT-1,0,60,80,33241,28087
GGGCGTGGTTTCCCAG-1,0,61,81,33747,28378
TGGCTATGTGACATAC-1,0,60,82,33241,28669
CTTAGTGTAGTAGCAT-1,0,61,83,33747,28959
GGATTGCTGTGACTCC-1,0,60,84,33241,29250
ACTTCCATGCGGGACA-1,0,61,85,33747,29541
ACTCAAGTGCAAGGCT-1,0,60,86,33242,29832
ACAAGGATGCTTTAGG-1,0,61,87,33748,30122
TTGAACGACGTGCTGA-1,0,60,88,33242,30413
ATTCATCGTTGAGGCA-1,0,61,89,33748,30704
TGCAACCCATCTGCGG-1,0,60,90,33242,30995
AGTGCTAAACACAGCA-1,0,61,91,33748,31285
AACTCCAGAGCGTGTT-1,0,60,92,33242,31576
TCTCCACAAGTTGAAT-1,0,61,93,33748,31867
CTTTGCATCGCTCTTG-1,0,60,94,33243,32158
TCACAAACCGAGGTAC-1,0,61,95,33749,32448
CCGTAGGAAATCCCTG-1,0,60,96,33243,32739
AAACATTTCCCGGATT-1,0,61,97,33749,33030
GCCTCCGACAATTCAC-1,0,60,98,33243,33321
TCTGCATACCTTGCTT-1,0,61,99,33749,33611
ACCCATTTGTCCCTCT-1,0,60,100,33243,33902
CTGCAGAGAATCAGAG-1,0,61,101,33749,34193
GGAAACTAAATGGGCC-1,0,60,102,33244,34484
CAACCTACCGAGCAGT-1,0,61,103,33750,34774
CCGTAGGGTTGTTTAC-1,0,60,104,33244,35065
GGTTTGTGACCTGAGG-1,0,61,105,33750,35356
TAACCTAGGGAGTCCA-1,0,60,106,33244,35647
TTCCATCGACAGCGTG-1,0,61,107,33750,35937
ATCTCCCACGGAATAT-1,0,60,108,33244,36228
GTTTCAAACGAGTTGT-1,0,61,109,33750,36519
GGAACTTTGGCGATTA-1,0,60,110,33245,36810
CTGCAAGCACGTTCCG-1,0,61,111,33751,37100
CACAGTCCCGCTTCGC-1,0,60,112,33245,37391
TACGCTCGGTATTGGA-1,0,61,113,33751,37682
CTGGTAAAGTGTGGGC-1,0,60,114,33245,37973
CAACCAGTGGCCTACC-1,0,61,115,33751,38263
TCTTCGCGGTGAGAGG-1,0,60,116,33245,38554
TTCGGGTTGCCACGGG-1,0,61,117,33751,38845
ACCGATAGGCATAACC-1,0,60,118,33246,39135
CTTATAGATGGCTGTT-1,0,61,119,33752,39426
AGACGCCCACTTCGCC-1,0,60,120,33246,39717
AGGTCGCCTCCCAACA-1,0,61,121,33752,40007
CCTCACGTCAGCTAAT-1,0,60,122,33246,40298
CCACCTGTATGGAATA-1,0,61,123,33752,40589
GGACTCGAAGCTTTCA-1,0,60,124,33246,40880
AAGCCGGAGAGCAGGA-1,0,61,125,33753,41170
GCCTATCAGGTAAGAT-1,0,60,126,33247,41461
TCAGAGTGTGAGCATG-1,0,61,127,33753,41752
AAACATGGTGAGAGGA-1,0,62,0,34242,4828
ATCATTGTACCGCATT-1,0,63,1,34748,5118
TCAGCTTGAGCTTTCG-1,0,62,2,34243,5409
CCGCGCAAGATACCCA-1,0,63,3,34749,5700
CTATACTTAAAGCGAG-1,1,62,4,34243,5990
ACCGTCCACTGGGCCC-1,1,63,5,34749,6281
AAGACCAAATAACTCA-1,1,62,6,34243,6572
TGTTTCTGAAGCGTGC-1,1,63,7,34749,6862
TTCTCTTACAGGTGAT-1,1,62,8,34243,7153
AATTCATTGTCATGCA-1,1,63,9,34750,7444
GCCCGAGAGTCTAAAT-1,1,62,10,34244,7735
ATATAGAGTATTGGTC-1,1,63,11,34750,8025
TTGAAGGATGGGCGCC-1,1,62,12,34244,8316
TAGTACCACAACTTTC-1,1,63,13,34750,8607
ATCCCATCCACAGCGC-1,1,62,14,34244,8898
CTTAGGTATAGACCAG-1,1,63,15,34750,9188
TGACTCCGAATCATAC-1,1,62,16,34245,9479
ACTACATCCCGACAAG-1,1,63,17,34751,9770
TTGCCGCAGACCTACA-1,1,62,18,34245,10061
TAAGAGGGACAGGGAC-1,1,63,19,34751,10351
CGAATGAAGTCATTGC-1,1,62,20,34245,10642
AAGGGAACGACTGGCT-1,1,63,21,34751,10933
CGAATCTGCTCGACGC-1,1,62,22,34245,11224
ATCGTGGAAAGTCTGG-1,1,63,23,34751,11514
CCTATGGCTCCTAGTG-1,1,62,24,34246,11805
CGTCGCTTGGTTATAC-1,1,63,25,34752,12096
TGCTTAGAGAGAATGC-1,1,62,26,34246,12387
GATTGCTCCAGTTGCA-1,1,63,27,34752,12677
CGTGCTTCTACCTAAA-1,1,62,28,34246,12968
ACTCCAATATCATCAT-1,1,63,29,34752,13259
GCCGACCCACGACTGC-1,1,62,30,34246,13550
GAGGGTAGTAACAAAG-1,1,63,31,34752,13840
GGCCGAGACTCTGGTG-1,1,62,32,34247,14131
TATATAGGGCTTTACG-1,1,63,33,34753,14422
TGCCGGATGTACGAGC-1,1,62,34,34247,14713
AGGTAGATCGAGATAT-1,1,63,35,34753,15003
GATCAACATAAAGGGA-1,1,62,36,34247,15294
TAACAGCGTTTGTGCT-1,1,63,37,34753,15585
CTATAGGCGTTGATGT-1,1,62,38,34247,15876
GGTTTAATTACCATCG-1,1,63,39,34753,16166
CTCTTCTGGAAGTTAG-1,1,62,40,34248,16457
ATCTGACATGGAAGGA-1,1,63,41,34754,16748
TACGTACTAGTGCTGA-1,1,62,42,34248,17039
ATGACTATCAGCTGTG-1,0,63,43,34754,17329
CTTTGGGATTGTTGCA-1,0,62,44,34248,17620
AGACTGTTACCGGGTC-1,1,63,45,34754,17911
TCCTAACCGTCGGGCA-1,1,62,46,34248,18202
ACGCAAACTAATAGAT-1,1,63,47,34754,18492
AAGTGAGTCGGGTTTA-1,1,62,48,34249,18783
TAAAGCGGTATTTCCA-1,1,63,49,34755,19074
CTCCTCCAGCTCACAC-1,1,62,50,34249,19365
CGGTCCGTCGCAAGCC-1,1,63,51,34755,19655
CCTATATTTGTCCTGG-1,1,62,52,34249,19946
TCCAATAAAGGCTACC-1,1,63,53,34755,20237
AAAGGCTACGGACCAT-1,1,62,54,34249,20528
CGTGACCAGTCCTCTG-1,1,63,55,34755,20818
GATCTGCTATCTAAGG-1,1,62,56,34250,21109
CGAATGACGCATAATG-1,1,63,57,34756,21400
GCTCAATGTAATACCG-1,1,62,58,34250,21691
CTATGCCCGAATGCAA-1,0,63,59,34756,21981
CACAGGGCCGTTGTCA-1,0,62,60,34250,22272
TCAATACGCCGTCATG-1,0,63,61,34756,22563
AGCGGACACTTCGTAG-1,0,62,62,34250,22854
ATACGTTATGCACGGA-1,0,63,63,34756,23144
GAGTAGATACTAGTTG-1,0,62,64,34251,23435
CCAGCTCGAACGCATT-1,0,63,65,34757,23726
TGCTTCCCAAGCAGTA-1,0,62,66,34251,24016
GTAGACACGCCTGACT-1,0,63,67,34757,24307
CTCACATTTACTAAAT-1,0,62,68,34251,24598
GAATGCGAATCGGTTC-1,0,63,69,34757,24888
TAAGGCCCGTCACCCT-1,0,62,70,34251,25179
GAGTATGCGCGTGCAT-1,0,63,71,34757,25470
ATCCACATCGACAGAA-1,0,62,72,34252,25761
TAGACGAAACGCCAAT-1,0,63,73,34758,26051
CAGCAGTCTGTGCTGC-1,0,62,74,34252,26342
CTCACTGTGATACTTA-1,0,63,75,34758,26633
TTAATTGCTTTGGGTG-1,0,62,76,34252,26924
GTAGTCTACGATATTG-1,0,63,77,34758,27214
TTGCCGCTTTCTAGTA-1,0,62,78,34252,27505
GAACCTTTAACGATCC-1,0,63,79,34758,27796
TGGACCAATCTAAGAT-1,0,62,80,34253,28087
CTAGTAGAAAGGGATT-1,0,63,81,34759,28377
AACCTCGCTTTAGCCC-1,0,62,82,34253,28668
GAGTGTCAACCAGAAA-1,0,63,83,34759,28959
GTGATCCTTGTCATGA-1,0,62,84,34253,29250
CTCAACTAACCCGGAT-1,0,63,85,34759,29540
AGTGGCGTCTGAAGGT-1,0,62,86,34253,29831
GGGAAGGGCTTTCTCA-1,0,63,87,34759,30122
AGGCCTGAGAATCTCG-1,0,62,88,34254,30413
AGCCACAGGTTACCCG-1,0,63,89,34760,30703
TGCAATCTAACACGGT-1,0,62,90,34254,30994
GTTTGGGTTTCGCCCG-1,0,63,91,34760,31285
CCTATGTCCACTCCAC-1,0,62,92,34254,31576
CTGCCTTTCTAGTAAA-1,0,63,93,34760,31866
TTAGTAAACCTGCTCT-1,0,62,94,34254,32157
TTGTGGTGGTACTAAG-1,0,63,95,34760,32448
CCTCCTGTTGTGTCGT-1,0,62,96,34255,32739
ACAAAGCATGACCTAG-1,0,63,97,34761,33029
ATAGCAACTAGGGAAG-1,0,62,98,34255,33320
CCGCTCTTCCGAACTA-1,0,63,99,34761,33611
TAGAATAGCCGATGAA-1,0,62,100,34255,33902
GGTCTCCGTCCAGGTT-1,0,63,101,34761,34192
TAATTACGTCAGTAGA-1,0,62,102,34255,34483
TACGTAAAGCGGAGTG-1,0,63,103,34761,34774
GCTACAATCGAGGATA-1,0,62,104,34256,35065
TCAGCCAATCCGTAAA-1,0,63,105,34762,35355
ATCATAGCCCTATGTA-1,0,62,106,34256,35646
GAGGCCTGTTGATACA-1,0,63,107,34762,35937
ATATACGCTCGTGACG-1,0,62,108,34256,36228
CCCTTTAATGGAGTTC-1,0,63,109,34762,36518
TTACACGATCTGCGAC-1,0,62,110,34256,36809
TCGCATAAAGGGCGCA-1,0,63,111,34762,37100
TGTAGCCATCCCATTC-1,0,62,112,34257,37391
GGGTCTATCGCTTTCC-1,0,63,113,34763,37681
GGAGGGTCAAGTAAGA-1,0,62,114,34257,37972
TACGGCATGGACGCTA-1,0,63,115,34763,38263
CACGTCAATCAATGGA-1,0,62,116,34257,38554
CGCTTGGACGGATAGA-1,0,63,117,34763,38844
CGCGGTACGGTATACA-1,0,62,118,34258,39135
CCTACTCAACACGATT-1,0,63,119,34764,39426
CGTTTGGTGTTGTGGG-1,0,62,120,34258,39717
GTTGTTGCAAGATGGC-1,0,63,121,34764,40007
CATTCGTCGTAGCGGT-1,0,62,122,34258,40298
CAGCCTCGATAGCGGT-1,0,63,123,34764,40589
TCATAAGTCCAAGAAG-1,0,62,124,34258,40879
AAAGTGCCATCAATTA-1,0,63,125,34764,41170
GTTGCAGTCGACAACA-1,0,62,126,34259,41461
TAAATGGGCTACTGAG-1,0,63,127,34765,41751
GGACAAGCCATGATCG-1,0,64,0,35254,4827
TCCAATGCGTCGCCGC-1,0,65,1,35760,5118
AAAGAATGACCTTAGA-1,0,64,2,35254,5409
CCTATTATTCCGGCCG-1,0,65,3,35761,5699
CAGTAAGGGACGTCTC-1,1,64,4,35255,5990
GGGATGGACCCGCGTC-1,1,65,5,35761,6281
GACGCATACCCGTCGG-1,1,64,6,35255,6572
GGGCAGGATTTCTGTG-1,1,65,7,35761,6862
TATCTGAGCCGATATT-1,1,64,8,35255,7153
AATGTATGGCACTGTA-1,1,65,9,35761,7444
GCCTTTGTCAGTGGAC-1,1,64,10,35256,7734
AACCATAGGGTTGAAC-1,1,65,11,35762,8025
AAACTTAATTGCACGC-1,1,64,12,35256,8316
TAGGCGGCTGCAAAGA-1,1,65,13,35762,8606
TCCATCAATACTAATC-1,1,64,14,35256,8897
ACCTCGAACTTATGCT-1,1,65,15,35762,9188
ACAAACCATGCGTCCT-1,1,64,16,35256,9479
ACACCGGTCTGACCGC-1,1,65,17,35762,9769
ATGGCAGCATTACGAT-1,1,64,18,35257,10060
CTGGTGAATGGGCCTA-1,1,65,19,35763,10351
CACAGAGACGAGGACG-1,1,64,20,35257,10642
GCACAAACCCTAGATG-1,1,65,21,35763,10932
ACTATGTCCAGCTGCC-1,1,64,22,35257,11223
AAGCCGCCGTGAAATC-1,1,65,23,35763,11514
ATGGGTGTATACCTCC-1,1,64,24,35257,11805
TAAGCGCGAATCAAAT-1,1,65,25,35763,12095
AGCCCGGCATTAGAGG-1,1,64,26,35258,12386
GTGATCAAGCGTGCAC-1,1,65,27,35764,12677
CTGCCTTTAATACCTT-1,1,64,28,35258,12968
TACCTCCACACCAATG-1,0,65,29,35764,13258
GAGCATCAACAACTTG-1,1,64,30,35258,13549
CATACGAACTAGCTGG-1,0,65,31,35764,13840
GGGAACGGTTTCAGAT-1,1,64,32,35258,14131
AGGGTGCCGTTCTTTA-1,1,65,33,35764,14421
ACGACTGGTCATACTC-1,1,64,34,35259,14712
GGATCTTACTGCCCTT-1,1,65,35,35765,15003
TACTCCTCTAGTTGAC-1,1,64,36,35259,15294
GTAGCTCCGGGAGGCT-1,1,65,37,35765,15584
GGACTCGTGAGTGGTC-1,1,64,38,35259,15875
GTAGTTCGAAGGCGAA-1,1,65,39,35765,16166
CTCAAACCACTGCCCG-1,1,64,40,35259,16457
GAGGGAGTCAGATCGC-1,1,65,41,35765,16747
GCGTCCCTAAGACATA-1,1,64,42,35260,17038
TCTCTTACCGCGAACC-1,1,65,43,35766,17329
GGCTACTATACACTCC-1,1,64,44,35260,17620
CGTTGCCCGCGTGGGA-1,1,65,45,35766,17910
TATAGAGTCGCTTGAA-1,1,64,46,35260,18201
ATGTTGTAGTCTGTTT-1,1,65,47,35766,18492
AGTATACACAGCGACA-1,1,64,48,35260,18783
TGTGGTTGCTAAAGCT-1,0,65,49,35766,19073
TGATTCCCGGTTACCT-1,1,64,50,35261,19364
CACTGACGATTGTGGA-1,1,65,51,35767,19655
AACATTGTGACTCGAG-1,1,64,52,35261,19946
GTCCAATATTTAGCCT-1,0,65,53,35767,20236
GCTCTTTCCGCTAGTG-1,0,64,54,35261,20527
GGGTCAGGAGCTAGAT-1,0,65,55,35767,20818
AGGTGGTGACCTTCGC-1,0,64,56,35261,21109
CCCGGGTCGTTCAGGG-1,0,65,57,35767,21399
AGCCAAGCTTTGTGTC-1,0,64,58,35262,21690
TGTGGCGGGCTTCTGG-1,0,65,59,35768,21981
CGAGGGTATCCAGGTG-1,0,64,60,35262,22272
CGTTCAGACCCGCGAA-1,0,65,61,35768,22562
TCATATGAGCTTTGTT-1,0,64,62,35262,22853
AGTTGACGGTCCTTGC-1,0,65,63,35768,23144
ATAATTAGCTAAGTAG-1,0,64,64,35262,23435
GGTCTTGAGCGCTCTT-1,0,65,65,35768,23725
CGTTGTCGGCAATTGA-1,0,64,66,35263,24016
TCTTGCTCCCGATACT-1,0,65,67,35769,24307
AGCAGAAGGAGAAAGA-1,0,64,68,35263,24598
GAAGCCACTGATTATG-1,0,65,69,35769,24888
TGCTCTTGAGAGTTTG-1,0,64,70,35263,25179
GACATCCGTCGAACTG-1,0,65,71,35769,25470
AGATATAATACGACTA-1,0,64,72,35263,25760
TCGCTACTGGCTTTGA-1,0,65,73,35769,26051
GTGACAGCTTCCCACT-1,0,64,74,35264,26342
GTGACGCAGGTTTCAT-1,0,65,75,35770,26632
GGGAAGACGGTCTGTC-1,0,64,76,35264,26923
CGTCGCATGTGAGCCA-1,0,65,77,35770,27214
AGAAGGTTGTAGGTCG-1,0,64,78,35264,27505
GGCCGGCGTCTGCTAT-1,0,65,79,35770,27795
TTGACCAGGAACAACT-1,0,64,80,35264,28086
AGTCGTATAAAGCAGA-1,0,65,81,35770,28377
GGCGTAGGGAAAGCTG-1,0,64,82,35265,28668
AAACCTAAGCAGCCGG-1,0,65,83,35771,28958
ATTGCCTTTATGTTTG-1,0,64,84,35265,29249
CAGGCAGTCTTACCAG-1,0,65,85,35771,29540
AGCTAAGTACGCAGGC-1,0,64,86,35265,29831
AAATCCGATACACGCC-1,0,65,87,35771,30121
CGAGAGCTTTCACTAC-1,0,64,88,35265,30412
CGCCCAGCGTTTCACG-1,0,65,89,35771,30703
TTAAGTATTGTTATCC-1,0,64,90,35266,30994
AAACGGGCGTACGGGT-1,0,65,91,35772,31284
GTATCCTTTGGTAACC-1,0,64,92,35266,31575
CATAGTCAAATACATA-1,0,65,93,35772,31866
TCTATGCTATAACGAC-1,0,64,94,35266,32157
ACGTTCTGTACAAGTC-1,0,65,95,35772,32447
CGCGAAGTGGCATACT-1,0,64,96,35266,32738
ACCAACCGCACTCCAC-1,0,65,97,35772,33029
GTCATGCGCGAGGGCT-1,0,64,98,35267,33320
TAGGCTAAAGTGGCAC-1,0,65,99,35773,33610
TGGCTACACTCTACCT-1,0,64,100,35267,33901
TGTCCACGGCTCAACT-1,0,65,101,35773,34192
AATTGCAGCAATCGAC-1,0,64,102,35267,34483
GTCAACCAGGCCTATA-1,0,65,103,35773,34773
ATCTTATCGCACACCC-1,0,64,104,35267,35064
GTCTATTGCATGCTCG-1,0,65,105,35774,35355
GCACGTGGTTTACTTA-1,0,64,106,35268,35646
ATTCGCGCCTTGAGAG-1,0,65,107,35774,35936
AGCGATGCGCCTAATA-1,0,64,108,35268,36227
TCTATAGGTGGGTAAT-1,0,65,109,35774,36518
AGATACCAATAGAACC-1,0,64,110,35268,36809
CGTGTATGGGAGCTGA-1,0,65,111,35774,37099
ATGTACATGCGGTGAG-1,0,64,112,35269,37390
TTGGCTCAATATGTGT-1,0,65,113,35775,37681
GTTCGGAGCACTCAAC-1,0,64,114,35269,37972
TCCCTCTTCTCAAGGG-1,0,65,115,35775,38262
TTACGTATCTATGACA-1,0,64,116,35269,38553
CCCATATAGGTCGATT-1,0,65,117,35775,38844
GTCCACGTCGCATTCG-1,0,64,118,35269,39135
AATTGTGGTTGCCAAA-1,0,65,119,35775,39425
AGGAACGAACGACTTC-1,0,64,120,35270,39716
TAATTCCAATGCTTCA-1,0,65,121,35776,40007
AGGGCCCTAATGTTCT-1,0,64,122,35270,40298
AGGTGTTGCCGACCAC-1,0,65,123,35776,40588
CTGAGAGTAGAAATAC-1,0,64,124,35270,40879
TAGAAGAAGGGTTACA-1,0,65,125,35776,41170
GGTGACTGATAGAGAG-1,0,64,126,35270,41461
TACCCTCGGTAACCCT-1,0,65,127,35776,41751
TGTAAGACTGATAAGA-1,0,66,0,36266,4827
GTCACTCATGAGCGAT-1,0,67,1,36772,5117
CGGTTTACTGAACATT-1,0,66,2,36266,5408
GAGATCGATCTTACTC-1,0,67,3,36772,5699
TCTTTCATCCGTCCTT-1,1,66,4,36267,5990
TCGGATCTGGATGACC-1,1,67,5,36773,6280
GTCCTAGGATACCTTA-1,1,66,6,36267,6571
TGTACCCGACCCTAAT-1,1,67,7,36773,6862
AGGTTCTCCTTTCCGG-1,1,66,8,36267,7153
AATTGCGTGGATTACA-1,1,67,9,36773,7443
CGATAGCGATACAGTG-1,1,66,10,36267,7734
CGCCCTAATTGTTCAA-1,1,67,11,36773,8025
ATTATGAGACCCAATT-1,1,66,12,36268,8316
CCTCCTAGCTAGAGTC-1,1,67,13,36774,8606
CGAAGGGTTTCAGATT-1,1,66,14,36268,8897
CACAAGCTAAGAAAGG-1,1,67,15,36774,9188
CACCGGTAGAGACATT-1,1,66,16,36268,9478
ACTCATGGCAGCCTTC-1,1,67,17,36774,9769
CATCCAATATAGTTTG-1,1,66,18,36268,10060
CAGATATGAAGATGAC-1,1,67,19,36774,10350
GCAAAGGGCGTTAGCC-1,1,66,20,36269,10641
CTGTTGTTCAGTCGTA-1,1,67,21,36775,10932
AAAGGCCCTATAATAC-1,1,66,22,36269,11223
AACATTGAAGTTGATC-1,1,67,23,36775,11513
GCTAGCGATAGGTCTT-1,1,66,24,36269,11804
ATTGCCTATTAGACCG-1,0,67,25,36775,12095
GGGCGTTTACATTCAT-1,1,66,26,36269,12386
CCTCTACAAGGATTGG-1,0,67,27,36775,12676
AGTGACTGTGACACAA-1,0,66,28,36270,12967
AGCCCTCCCTGGTGGC-1,0,67,29,36776,13258
CGGTTGAGTATCCTTC-1,1,66,30,36270,13549
CATTATCCCATTAACG-1,0,67,31,36776,13839
AATGTGCTAATCTGAG-1,0,66,32,36270,14130
CTTAGTTGAGGAATCG-1,1,67,33,36776,14421
CTTCTGGGCGTACCTA-1,1,66,34,36270,14712
AGTCAAATGATGTGAT-1,1,67,35,36776,15002
TGAACAAGCAGGGACT-1,1,66,36,36271,15293
AATACCGGAGGGCTGT-1,1,67,37,36777,15584
GTTTGGTGATCGGTGC-1,1,66,38,36271,15875
GACTGCTGGTGAGAAA-1,1,67,39,36777,16165
CGATCCTCGCAACATA-1,1,66,40,36271,16456
CCAACCTTATGTAACT-1,1,67,41,36777,16747
CGTGGTACCCAAAGGC-1,1,66,42,36271,17038
AACCCGACAACCCGTG-1,1,67,43,36777,17328
TATGTAAAGTGCTTAA-1,1,66,44,36272,17619
GCAAGTGTAAAGCATG-1,1,67,45,36778,17910
GTAACTGCCCAAGGAG-1,1,66,46,36272,18201
GGTGCATAAATGATTA-1,1,67,47,36778,18491
TAGTCCCGGAGACCAC-1,0,66,48,36272,18782
CGGCCAGAGCGACCAT-1,0,67,49,36778,19073
TGAATGAGTGTTTCCC-1,0,66,50,36272,19364
TTCACTTCCTAGAACG-1,0,67,51,36778,19654
CGCTTAGTATTGATAC-1,1,66,52,36273,19945
AACGCGACCTTGGGCG-1,0,67,53,36779,20236
GTGCACCAGCTTCAAC-1,0,66,54,36273,20527
TTCTATTAAACGCAGC-1,0,67,55,36779,20817
TGGCAAGCACAAGTCG-1,0,66,56,36273,21108
ATCTGCTGTTATCGCC-1,0,67,57,36779,21399
AATTCCAAGCATGTAC-1,0,66,58,36273,21690
AAACGGTTGCGAACTG-1,0,67,59,36779,21980
GAAGGAGTCGAGTGCG-1,0,66,60,36274,22271
GGCAAGCCCATAGTGG-1,0,67,61,36780,22562
TGACCAAATCTTAAAC-1,0,66,62,36274,22853
TTCGGTACTGTAGAGG-1,0,67,63,36780,23143
ATGTACGATGACGTCG-1,0,66,64,36274,23434
ATCTAGCTTGTGAGGG-1,0,67,65,36780,23725
AGCGGGTCTGACACTC-1,0,66,66,36274,24016
GAGGTACGCGTGTCCC-1,0,67,67,36780,24306
GCACTGCCTACCTTTA-1,0,66,68,36275,24597
GGAGCGAGGCCTACTT-1,0,67,69,36781,24888
AAACTCGGTTCGCAAT-1,0,66,70,36275,25179
GGCGCTTCATTCCCTG-1,0,67,71,36781,25469
TGCTCGGTGGGTCACC-1,0,66,72,36275,25760
AAGCGCAGGGCTTTGA-1,0,67,73,36781,26051
GACCTTCCACGTCTAC-1,0,66,74,36275,26342
GTTAGCCCATGACATC-1,0,67,75,36781,26632
AATTCGATTCGAGGAT-1,0,66,76,36276,26923
AGTCTTTAAAGTGTCC-1,0,67,77,36782,27214
GACTAGGCCGTTAGGT-1,0,66,78,36276,27504
TCCAAGCCTAGACACA-1,0,67,79,36782,27795
GATTGGGAAAGGTTGT-1,0,66,80,36276,28086
GATGAGGAACCTTCGG-1,0,67,81,36782,28376
TGAATACCGACGCGTA-1,0,66,82,36276,28667
AATCGTGAGCCGAGCA-1,0,67,83,36782,28958
GCGAAGAATCTGACGG-1,0,66,84,36277,29249
GAACAACTGGGATGAA-1,0,67,85,36783,29539
TCGCCGACATATTCGC-1,0,66,86,36277,29830
CGTAGAGAGTAATTAT-1,0,67,87,36783,30121
CGATAGTCGTACTGCA-1,0,66,88,36277,30412
CGCATGCCGAATGCGT-1,0,67,89,36783,30702
CTCTAGCCCTCGGAAA-1,0,66,90,36277,30993
TCCAACTCAGCTATCT-1,0,67,91,36784,31284
GTCTAGTGAGCCGCTT-1,0,66,92,36278,31575
TACCGAATAATTGTAA-1,0,67,93,36784,31865
ATATAACACGGGCGCA-1,0,66,94,36278,32156
GCATGCTAATAACGAT-1,0,67,95,36784,32447
TCCGGGCTTGACGGGA-1,0,66,96,36278,32738
ATTATTCAGAGTCACT-1,0,67,97,36784,33028
TAGCAGTATGACTAAA-1,0,66,98,36279,33319
TATGAAGAATTAAGGT-1,0,67,99,36785,33610
CAAGGCCAGTGGTGCA-1,0,66,100,36279,33901
TGCGTACGGCTAATTG-1,0,67,101,36785,34191
CAGATAATGGGCGGGT-1,0,66,102,36279,34482
GAGAACGGTTCTGACT-1,0,67,103,36785,34773
CGCTTCGGTCTAAGAC-1,0,66,104,36279,35064
AGCATTACGAGGCAAG-1,0,67,105,36785,35354
AAGTTGTGATGTTATA-1,0,66,106,36280,35645
TTGCTCATAGTACGTG-1,0,67,107,36786,35936
TACTTAAACATGTACA-1,0,66,108,36280,36227
AGTGAGTCGAATTAAC-1,0,67,109,36786,36517
TAGGCCTATATAGTCT-1,0,66,110,36280,36808
ACTCGCCGTTCGATAA-1,0,67,111,36786,37099
GGTACGTTGCGGCCGG-1,0,66,112,36280,37390
TATTGCCGGGCTTGTA-1,0,67,113,36786,37680
GGTAAACTCTGCGCTG-1,0,66,114,36281,37971
TCCCTTGTCTGAAACT-1,0,67,115,36787,38262
CATGATCGCTTTGAGA-1,0,66,116,36281,38553
GGACGGGCGACCAACC-1,0,67,117,36787,38843
GAGAGGCCTATGTGTA-1,0,66,118,36281,39134
TCGTAACTCCCAAGAC-1,0,67,119,36787,39425
CGTATCTAGAACTAAG-1,0,66,120,36281,39716
GCACCTTCCCGAAGGT-1,0,67,121,36787,40006
TACCTCTTTACCATCC-1,0,66,122,36282,40297
TGACTCTAACTGGTAA-1,0,67,123,36788,40588
GAGAAACTGGATCCCA-1,0,66,124,36282,40879
ATCCGGACCAGCCTGA-1,0,67,125,36788,41169
TTATTTAGGTTCCTTA-1,0,66,126,36282,41460
CGAATTCCCGGTTCAA-1,0,67,127,36788,41751
TAGTTTGATCGGTCGC-1,0,68,0,37278,4826
AGTCGAAACGATTCAG-1,0,69,1,37784,5117
ACGTCGGGCAACTCGG-1,0,68,2,37278,5408
ACTTGCTCTATCTACC-1,0,69,3,37784,5698
ATTACGGGCTACGGTT-1,1,68,4,37278,5989
GCAAACGTAAGCGACC-1,1,69,5,37784,6280
TTCGGACTGGGCATGG-1,1,68,6,37279,6571
GGGCCATTCGTGCTGG-1,1,69,7,37785,6861
GAGTTGTCACCAGTCT-1,1,68,8,37279,7152
AGTAATTTGCAAGCGT-1,1,69,9,37785,7443
GTGGCCGGTTTCTCGG-1,1,68,10,37279,7734
ATCTTAGGGCATTAAT-1,1,69,11,37785,8024
CTACATATCGCGGGAC-1,1,68,12,37279,8315
ATGGTATTTACTGATT-1,1,69,13,37785,8606
CCGTCAACCTCTGGCG-1,1,68,14,37280,8897
GCTTCGACGTTCAATC-1,1,69,15,37786,9187
GACCGATTAAATATGT-1,1,68,16,37280,9478
GTCGAATTTGGGCGCT-1,1,69,17,37786,9769
TCACGGCCCAAGAGAG-1,1,68,18,37280,10060
CTACGATCCTATCCTA-1,1,69,19,37786,10350
TGCAGTGGTAGGGAAC-1,1,68,20,37280,10641
TTGCCTAATCCAAAGT-1,1,69,21,37786,10932
AGCGAGACGTGAAGGC-1,1,68,22,37281,11223
TTCTACCTCAATCGGT-1,1,69,23,37787,11513
TACGCTGCTGTGTTAA-1,1,68,24,37281,11804
TAGTCCTGCACTAAGC-1,1,69,25,37787,12095
AGCACACGTTTAGACT-1,0,68,26,37281,12385
GTTCGACAATTGTATA-1,0,69,27,37787,12676
CCATGTTCATCTATAT-1,0,68,28,37281,12967
CCCTCGATAATACACA-1,1,69,29,37787,13257
ACTGCCCGCCATTCTC-1,0,68,30,37282,13548
CTATATCCAGCCTGGC-1,1,69,31,37788,13839
CGCACGTCTGTTTATG-1,1,68,32,37282,14130
AATCAGGTTTCATTTA-1,1,69,33,37788,14420
AGAGAAACACCAGAAA-1,1,68,34,37282,14711
ACCCGATTGGTTCCGA-1,0,69,35,37788,15002
TACCAGGAATCCCGTC-1,1,68,36,37282,15293
AAGTGCTTCTCTATTG-1,0,69,37,37788,15583
TGCATGTGACCCATAG-1,1,68,38,37283,15874
TAGATTCAAAGTGCGG-1,0,69,39,37789,16165
AGGGTCAGAGCACTCG-1,0,68,40,37283,16456
GTGAGATAACCTTATA-1,0,69,41,37789,16746
GTGTCAGTGTACGTGG-1,0,68,42,37283,17037
CTGTAGTGAGGATCGA-1,0,69,43,37789,17328
GATAGTGCGAGTAAGT-1,1,68,44,37283,17619
AGGGTTCAGACGGTCC-1,0,69,45,37789,17909
GGACTCGACAGCGCAT-1,0,68,46,37284,18200
CACTCTCAAGCATCGA-1,0,69,47,37790,18491
GAGCGGAATGCGGTGT-1,1,68,48,37284,18782
CAGTTCGAGGACCCGA-1,0,69,49,37790,19072
CGTAACTTCGACACTT-1,0,68,50,37284,19363
TGATCACCACACTGAC-1,0,69,51,37790,19654
CATACTTCTTTCTCCG-1,0,68,52,37284,19945
CAAGTAAGTGATAGAC-1,0,69,53,37790,20235
AGCCCGCAACAAGCAG-1,0,68,54,37285,20526
GCTCCATGCAAAGCAA-1,0,69,55,37791,20817
TCGTACCGACGTCAAG-1,0,68,56,37285,21108
ATTATCGGAATGTACG-1,0,69,57,37791,21398
ACCTACTATAAATCTA-1,0,68,58,37285,21689
TATCCTATCAACTGGT-1,0,69,59,37791,21980
GCGCGGTCTAGTAACT-1,0,68,60,37285,22271
CCTTCGTATAGAATCC-1,0,69,61,37791,22561
TGGGCGATACAATAAG-1,0,68,62,37286,22852
TGACATGTAACGTGAC-1,0,69,63,37792,23143
TTGGGAAGACGAGCCG-1,0,68,64,37286,23434
GGTGTAAATCGATTGT-1,0,69,65,37792,23724
GAACTGTGGAGAGACA-1,0,68,66,37286,24015
TCCACATCGTATATTG-1,0,69,67,37792,24306
CCTATGGTCAAAGCTG-1,0,68,68,37286,24597
TCCTTGTCCTTTAATT-1,0,69,69,37792,24887
AAGTTTATGGGCCCAA-1,0,68,70,37287,25178
GTCCGGGTTCACATTA-1,0,69,71,37793,25469
ATGTAGCGCGCGTAGG-1,0,68,72,37287,25760
TACGGAAGCCAAACCA-1,0,69,73,37793,26050
GCCCTGAGGATGGGCT-1,0,68,74,37287,26341
CGGGCGATGGATCACG-1,0,69,75,37793,26632
TGCGGACTTGACTCCG-1,0,68,76,37287,26923
TAATACTAGAACAGAC-1,0,69,77,37794,27213
TCAAATTGTTGTGCCG-1,0,68,78,37288,27504
GGGCAGTCAACGCCAA-1,0,69,79,37794,27795
TCGCTGCCAATGCTGT-1,0,68,80,37288,28086
TACGTGGGCCCAGGGC-1,0,69,81,37794,28376
GCCTACGTTCTGTGCA-1,0,68,82,37288,28667
TTGCGTGTGTAGGCAT-1,0,69,83,37794,28958
TCCTAAAGATTCAGAC-1,0,68,84,37289,29248
TGGGTGCACAAGCCAT-1,0,69,85,37795,29539
GGGAGCGACCGTAGTG-1,0,68,86,37289,29830
CATAGAGGAGATACTA-1,0,69,87,37795,30120
CTTCGATTGCGCAAGC-1,0,68,88,37289,30411
GTGCCTGAGACCAAAC-1,0,69,89,37795,30702
TCATCCTCAGCTGCTT-1,0,68,90,37289,30993
TGCAACTACTGGTTGA-1,0,69,91,37795,31283
ATGTTGATTAGAGACT-1,0,68,92,37290,31574
GTTTCTAGAGGCGCGG-1,0,69,93,37796,31865
TACAAGGGCTTCTTTA-1,0,68,94,37290,32156
ACAGGCACGGATCCTT-1,0,69,95,37796,32446
CCCAAGTCATTACACT-1,0,68,96,37290,32737
ACTCTGACCTAATAGA-1,0,69,97,37796,33028
GGATGGCTTGAAGTAT-1,0,68,98,37290,33319
ACCCTCCCGTCAGGGC-1,0,69,99,37796,33609
AGCTTCTTCTCGAGCA-1,0,68,100,37291,33900
TTGCGCTTGATCAATA-1,0,69,101,37797,34191
TGGGTGTAATAGATTT-1,0,68,102,37291,34482
CATGGTTTATTAATCA-1,0,69,103,37797,34772
TTGCCTTCTCGCCGGG-1,0,68,104,37291,35063
TTAAAGTAAGTCGCCA-1,0,69,105,37797,35354
AGTTGGCAAGGCTAGA-1,0,68,106,37291,35645
CCGCACTTGCAATGAC-1,0,69,107,37797,35935
AATGTTGTCGTGAGAC-1,0,68,108,37292,36226
CCAAGGTTGCCCTTTC-1,0,69,109,37798,36517
TGTGACTAGAGTTTGC-1,0,68,110,37292,36808
TTGTGATCTGTTCAGT-1,0,69,111,37798,37098
GGAGTTGATTCTGTGT-1,0,68,112,37292,37389
GTAGTGAGCAACCTCA-1,0,69,113,37798,37680
AAGACATACGTGGTTT-1,0,68,114,37292,37971
CATCCCGAGATTCATA-1,0,69,115,37798,38261
GGCCGCAGGAACCGCA-1,0,68,116,37293,38552
CCAGAAACTGATGCGA-1,0,69,117,37799,38843
ACCCGTAGTCTAGTTG-1,0,68,118,37293,39134
AGGGTCTGGACGCAGT-1,0,69,119,37799,39424
TTGAAACCCTCATTCC-1,0,68,120,37293,39715
TCAATCCCGCGCCAAA-1,0,69,121,37799,40006
AGGACATCGGCACACT-1,0,68,122,37293,40297
GACAAGACGCCCGTGC-1,0,69,123,37799,40587
GAGTAAATTAAGAACC-1,0,68,124,37294,40878
TAAGTCGGTGAGCTAG-1,0,69,125,37800,41169
CTTACTGACTCCTCTG-1,0,68,126,37294,41460
TTAACTGATCGTTTGG-1,0,69,127,37800,41750
GGGCGATCCATAGGCC-1,0,70,0,38290,4826
CGTATTGTTTGGCGCC-1,0,71,1,38796,5116
CGCGTGGGCCTGTGTT-1,0,70,2,38290,5407
AAATCTGCCCGCGTCC-1,0,71,3,38796,5698
GCTGAAGGGTTCTTGG-1,1,70,4,38290,5989
TAATTGCGCTGATTAC-1,1,71,5,38796,6279
TCGCGCGTTTACATGA-1,1,70,6,38290,6570
TAACTGAAATACGCCT-1,1,71,7,38796,6861
CCTGTCGTGTATGAAG-1,1,70,8,38291,7152
CGGGAACGCCCTGCAT-1,1,71,9,38797,7442
AGTTGCGGTCCTCAAC-1,1,70,10,38291,7733
GGGTCCTTGGAAGAAG-1,1,71,11,38797,8024
CGGGAAGTACCGTGGC-1,1,70,12,38291,8315
ACGGTCACCGAGAACA-1,1,71,13,38797,8605
TAGACTCAGTTGGCCT-1,1,70,14,38291,8896
CCTTCCGCAACGCTGC-1,0,71,15,38797,9187
CAGTGTTAATCTCTCA-1,0,70,16,38292,9478
CAGGCCAGTACCACCT-1,1,71,17,38798,9768
GATCGCTGTGGTGCGT-1,0,70,18,38292,10059
GTATCTCGGGCGCTTT-1,1,71,19,38798,10350
CCGGGCTAAGAATTTC-1,1,70,20,38292,10641
CTTCACGCCCTGGTAC-1,0,71,21,38798,10931
CGGATGAATGCTGTGA-1,1,70,22,38292,11222
CTCTGCAGGCATTCTT-1,0,71,23,38798,11513
TCAAAGTCACGGCGTC-1,1,70,24,38293,11804
TGGGTTTCGGGCGTAC-1,0,71,25,38799,12094
TGCTATGGCAAAGGGA-1,1,70,26,38293,12385
TTCACGGTCGTCACGT-1,0,71,27,38799,12676
CGTAAAGCAAGAAATC-1,1,70,28,38293,12967
CTGATCCCTTTATGCA-1,0,71,29,38799,13257
GAGTATACCCTAATCA-1,1,70,30,38293,13548
CCACGGCAGGTGTAGG-1,0,71,31,38799,13839
ACGTACTTTGGCACGG-1,0,70,32,38294,14129
CCTGAGAATAAATGCA-1,0,71,33,38800,14420
TTGATGCCGCTCGTCG-1,0,70,34,38294,14711
GCCAGGAAAGAACACT-1,0,71,35,38800,15001
TCCGACCGCTAATCAA-1,0,70,36,38294,15292
TATATCAAAGTGATCT-1,0,71,37,38800,15583
CCTCGGTTTCCTTGCC-1,1,70,38,38294,15874
TAAATTTAGTAACACC-1,0,71,39,38800,16164
CTCGTTACGGCTACCA-1,0,70,40,38295,16455
GCCGTCGGTTTCGGGC-1,0,71,41,38801,16746
GTTCCGTCCGCCTGCA-1,0,70,42,38295,17037
CTAGGGATAGGGACAA-1,0,71,43,38801,17327
GTCCAGGCACGTGTGC-1,0,70,44,38295,17618
GAGGAATATCTCTTTG-1,0,71,45,38801,17909
CGTTCAAGGAAACGGA-1,0,70,46,38295,18200
GTGGGAACAAACCGGG-1,0,71,47,38801,18490
GGGCACGTAGTACTGT-1,0,70,48,38296,18781
ACTACAAAGAGAGGTG-1,0,71,49,38802,19072
GGTGTAGGTAAGTAAA-1,0,70,50,38296,19363
CCTGTTCAACCTCGGG-1,0,71,51,38802,19653
TGAGGTGTGTGGCGGA-1,0,70,52,38296,19944
ATTGTCTGTTTCATGT-1,0,71,53,38802,20235
GCCGGTCGTATCTCTC-1,0,70,54,38296,20526
ATATGGGATAGCAACT-1,0,71,55,38802,20816
GATAGAACCCGCTAGG-1,0,70,56,38297,21107
ATCCCATTTCCGTGGG-1,0,71,57,38803,21398
GATGCTACCTTCGATG-1,0,70,58,38297,21689
TGCAAAGTTCGTCTGT-1,0,71,59,38803,21979
GTTCAGTCGCCAAATG-1,0,70,60,38297,22270
GTCTCCGCCTCAATAC-1,0,71,61,38803,22561
AGTAGAAGGCGCCTCA-1,0,70,62,38297,22852
GTTGTAGATTTATGAG-1,0,71,63,38804,23142
CTATTTGCTTGGAGGA-1,0,70,64,38298,23433
AGCCATATAGTATGTG-1,0,71,65,38804,23724
TGTTCCGGCCTGAGCT-1,0,70,66,38298,24015
TGCCGTGGGACCCAAT-1,0,71,67,38804,24305
TTGCAAGAAGACTCCT-1,0,70,68,38298,24596
CCGCTCCAGGGCGATC-1,0,71,69,38804,24887
CAAACCCTCCGGCGGG-1,0,70,70,38299,25178
CGGACCTTTACGTCCC-1,0,71,71,38805,25468
ACGTAGGAGAGTCGCT-1,0,70,72,38299,25759
CTGCGACCTCGCCGAA-1,0,71,73,38805,26050
GGCCCAGCTGGTTTGC-1,0,70,74,38299,26341
GGATTAATCATGGACC-1,0,71,75,38805,26631
GAGATGGCTTTAATCA-1,0,70,76,38299,26922
AGTACAGAAGCTTATA-1,0,71,77,38805,27213
GCGGCTTTAGCAAGTT-1,0,70,78,38300,27504
ACCGAGTCTCCTTATT-1,0,71,79,38806,27794
GACCACACTTCCCTTT-1,0,70,80,38300,28085
TGTAGCCAATTCCGTT-1,0,71,81,38806,28376
CTCGTCTGTGCCTTCG-1,0,70,82,38300,28667
GGACTCTTTGACTAAG-1,0,71,83,38806,28957
TCATCGACGACCGTCG-1,0,70,84,38300,29248
TACTACGTGCAATGCG-1,0,71,85,38806,29539
CCCTACTTGAACAATG-1,0,70,86,38301,29830
GCAGCTGTCAACGCAT-1,0,71,87,38807,30120
ATCTACCATCTGCTCC-1,0,70,88,38301,30411
TCTCAAATCAATCGGG-1,0,71,89,38807,30702
ACTCCGGCCGACCACT-1,0,70,90,38301,30992
TACACCTCTTCGAATC-1,0,71,91,38807,31283
GTGGCTGTTTCTGTTC-1,0,70,92,38301,31574
ACGACTCTAGGGCCGA-1,0,71,93,38807,31865
TCGTTTACGCGACCCT-1,0,70,94,38302,32155
AGGATATCCGACTGCA-1,0,71,95,38808,32446
GACACTTCCAATTACC-1,0,70,96,38302,32737
ACGGTACAGTTCAATG-1,0,71,97,38808,33027
CTTGATGACCATCCAG-1,0,70,98,38302,33318
CTGGTAAAGACTTACA-1,0,71,99,38808,33609
CTTGCCCACCCACGCA-1,0,70,100,38302,33900
CATTACGCAGGAAGGG-1,0,71,101,38808,34190
GGACAACCATGAAGCC-1,0,70,102,38303,34481
GTTATCAAGCTATCGA-1,0,71,103,38809,34772
AGGTGCACGTCCACAT-1,0,70,104,38303,35063
AAAGAATGTGGACTAA-1,0,71,105,38809,35353
ACCAAGTCATCGGCAG-1,0,70,106,38303,35644
AGTAACTATAGCAGCC-1,0,71,107,38809,35935
GGGAAAGAATGCCAAC-1,0,70,108,38303,36226
AATCGGTATAGCCCTC-1,0,71,109,38809,36516
GGCACTGCGGTGGTTT-1,0,70,110,38304,36807
CGTCCTCATCGCGTGC-1,0,71,111,38810,37098
CTTAACTTACAGTATA-1,0,70,112,38304,37389
GTGAGTCGACTAATAG-1,0,71,113,38810,37679
TGTACTTCCGGGCATG-1,0,70,114,38304,37970
CACAAACCGCAGAACT-1,0,71,115,38810,38261
GCTTTACACAACTGGG-1,0,70,116,38304,38552
CACCGATGATGGGTAC-1,0,71,117,38810,38842
TCAATATACAGGAGGC-1,0,70,118,38305,39133
AACGACCTCCTAGCCG-1,0,71,119,38811,39424
GTTACCAAGGCGTACG-1,0,70,120,38305,39715
TAGCTCACTGTGTTTG-1,0,71,121,38811,40005
TCGGCAGGGTTAAGGG-1,0,70,122,38305,40296
TGTTAACAAAGTGACT-1,0,71,123,38811,40587
CAGAGCGATGGATGCT-1,0,70,124,38305,40878
CATAGTGGGCACGCCT-1,0,71,125,38811,41168
AAACGCTGGGCACGAC-1,0,70,126,38306,41459
TGTTCTCATACTATAG-1,0,71,127,38812,41750
TCCGCTGGGTCGATCG-1,0,72,0,39301,4825
TTAGCATCCCTCACGT-1,0,73,1,39807,5116
AGCCTTGTCACTGATA-1,0,72,2,39302,5407
GTTTCTTGTTAGAGCT-1,0,73,3,39808,5697
TCGGAGTCCTGGTTGC-1,0,72,4,39302,5988
ACGGGTTGTGACCTGT-1,0,73,5,39808,6279
TGACAGAAATCTTGCT-1,0,72,6,39302,6570
TAGCCATGATTGCCTA-1,0,73,7,39808,6860
CGAAGCCACAGCATGG-1,0,72,8,39302,7151
ACCCGTAGCAGAGAAT-1,0,73,9,39808,7442
AGCTTGATCAGGGTAG-1,0,72,10,39303,7733
CTATAAGTAGGGTTTG-1,0,73,11,39809,8023
TATAGTTAGGTGTACT-1,1,72,12,39303,8314
TACGCTGATAGTTGTA-1,0,73,13,39809,8605
TTCTCAATTGCTACAA-1,0,72,14,39303,8896
GTTGCCCTAACGGGTG-1,0,73,15,39809,9186
GACATTTCGCCCAGCC-1,0,72,16,39303,9477
GTAACTACGTAGACCT-1,0,73,17,39809,9768
CCAGTGTACAGACCGA-1,1,72,18,39304,10059
GCCCGATGCCCAGTTC-1,0,73,19,39810,10349
CGAACCTCTTTCCTAG-1,0,72,20,39304,10640
CATGCACATGAGAGGC-1,0,73,21,39810,10931
CCAAATCAAAGGGCAA-1,0,72,22,39304,11222
GTAGTTTAAGCACACG-1,1,73,23,39810,11512
TAAGTGAATAGTCTAC-1,0,72,24,39304,11803
GGTCCACGTCTATTTG-1,0,73,25,39810,12094
CCCTCAGATCGAGAAC-1,0,72,26,39305,12385
ACATTCGCGCGGAATA-1,0,73,27,39811,12675
CTATGAACACCTTGCC-1,0,72,28,39305,12966
CGAATGGTAGGTCGTC-1,0,73,29,39811,13257
TCGACATAGCGTAGCG-1,0,72,30,39305,13548
GACGTTGCTCGGCGGC-1,0,73,31,39811,13838
CTCGAGGCAAGTTTCA-1,0,72,32,39305,14129
GCTGGGAGCGCGTCAA-1,0,73,33,39811,14420
GACGATATCACTGGGT-1,0,72,34,39306,14711
CAGCTCTGGGCTCACT-1,0,73,35,39812,15001
TAGTCTGCGGCACATT-1,0,72,36,39306,15292
TGGTCGATATACCTCT-1,0,73,37,39812,15583
TTCAGTTCAAGAGGAG-1,0,72,38,39306,15873
GTCTGTAGGTTGAACA-1,0,73,39,39812,16164
GAGAGTCTCGGGAGAG-1,0,72,40,39306,16455
TTGTTTGTATTACACG-1,0,73,41,39812,16745
GCACAGCACGGGCCGA-1,0,72,42,39307,17036
AAACAGTGTTCCTGGG-1,0,73,43,39813,17327
TGGAGAATAATCGTCC-1,0,72,44,39307,17618
CGCCGCGTTCTGAACG-1,0,73,45,39813,17908
CATGCGTTGAGAGGAG-1,0,72,46,39307,18199
TACGCTCCTAGAACTG-1,0,73,47,39813,18490
CCTTGTGAACGTGGTT-1,0,72,48,39307,18781
TTAAAGGCGATGCTCG-1,0,73,49,39814,19071
TAAAGTGCACGTCTCG-1,0,72,50,39308,19362
TGTCCGCAAACAATTC-1,0,73,51,39814,19653
AGGCCTATCATACCAA-1,0,72,52,39308,19944
ACTGGGATGCCAGTGC-1,0,73,53,39814,20234
CGATCCACCATTGTTG-1,0,72,54,39308,20525
GGGCATGCATGTCGAG-1,0,73,55,39814,20816
TCCAGGCAGGACGATC-1,0,72,56,39309,21107
CAATGACCCTTAATTT-1,0,73,57,39815,21397
ATCAAGATCCCAGGAC-1,0,72,58,39309,21688
CTCAGAGCTAATGTCG-1,0,73,59,39815,21979
CTGCGATTTCGAGATT-1,0,72,60,39309,22270
ATGGTATTGGGAACCG-1,0,73,61,39815,22560
TAGGTTCTGCTGAGAA-1,0,72,62,39309,22851
GCCTGTCCCGGTGCAT-1,0,73,63,39815,23142
GGCCTGCTCTGATGTT-1,0,72,64,39310,23433
TAGAGGGAGTTTATCT-1,0,73,65,39816,23723
CTCTACATCCTGCGTG-1,0,72,66,39310,24014
ACACATTTCCGTAGAC-1,0,73,67,39816,24305
TGGGTGTTAAGTAGAA-1,0,72,68,39310,24596
GAGCTCAACATGAGCG-1,0,73,69,39816,24886
GCACACAGCTATTACC-1,0,72,70,39310,25177
GCGACGGTAGTCTCCT-1,0,73,71,39816,25468
GTATCAAGGTACTTCC-1,0,72,72,39311,25759
GGAAAGGGAATTGAGC-1,0,73,73,39817,26049
TACACAGCCGTGGTGC-1,0,72,74,39311,26340
CGGTTGGGCAGGGTCC-1,0,73,75,39817,26631
GCACGCCGATTCCCGC-1,0,72,76,39311,26922
CGCTTTCCGCCAAGGT-1,0,73,77,39817,27212
TGCCCGATAGTTAGAA-1,0,72,78,39311,27503
TCAGAACGGCGGTAAT-1,0,73,79,39817,27794
CCACTCAGATCCGCAA-1,0,72,80,39312,28085
GAAGGGTCATTAAGAC-1,0,73,81,39818,28375
GCGGTCTTGCTTTCAC-1,0,72,82,39312,28666
GGAAGGACACCGTATA-1,0,73,83,39818,28957
CGCGGGAATTCCTTTC-1,0,72,84,39312,29248
TCTATCCGATTGCACA-1,0,73,85,39818,29538
TACTCGTTTGAATCAA-1,0,72,86,39312,29829
GTCTGCCGACTCGACG-1,0,73,87,39818,30120
TACGGGTAATAACATA-1,0,72,88,39313,30411
CCAGTTCGGTAACTCA-1,0,73,89,39819,30701
CGTGCACACCACTGTA-1,0,72,90,39313,30992
CTTCAGTTGGACAACG-1,0,73,91,39819,31283
TGATCTATCACACTCT-1,0,72,92,39313,31574
TAGCAGATACTTAGGG-1,0,73,93,39819,31864
CACCGGGCATCACAAG-1,0,72,94,39313,32155
AGTGGCCCGCAAATGG-1,0,73,95,39819,32446
CTCGCTAGGTAAGCGA-1,0,72,96,39314,32737
GATAGATAGTACAGTC-1,0,73,97,39820,33027
CGAGACTACTGCTGCT-1,0,72,98,39314,33318
ACATTTGAAACCTAAC-1,0,73,99,39820,33609
GACACAGCCGGGACTG-1,0,72,100,39314,33899
ACGGAACACGAGTGCC-1,0,73,101,39820,34190
ACGCCAGTGCGTTTGC-1,0,72,102,39314,34481
GCACCTAGGCGAGTCC-1,0,73,103,39820,34771
TCACTATCCCTTCGGT-1,0,72,104,39315,35062
TGAGTGTAACAACGGG-1,0,73,105,39821,35353
ATTGGTTGTGCATTAC-1,0,72,106,39315,35644
CTGGCGATTTACATGT-1,0,73,107,39821,35934
TCCACCAAGACATAGG-1,0,72,108,39315,36225
AACGTCGCTGCACTTC-1,0,73,109,39821,36516
GTCTCCCGAGTCCCGT-1,0,72,110,39315,36807
AGCCCGCACTACAATG-1,0,73,111,39821,37097
GGCACGCTGCTACAGT-1,0,72,112,39316,37388
GCTTGAGTGACCTCTG-1,0,73,113,39822,37679
ATAGCCATAACAGTCA-1,0,72,114,39316,37970
TAGGAGGCTCGAGAAC-1,0,73,115,39822,38260
GTCGGGTGAAGTACCG-1,0,72,116,39316,38551
CACCCGCGTTTGACAC-1,0,73,117,39822,38842
TCTCAGGCTACTCGCT-1,0,72,118,39316,39133
TAGATTCTCTAGCAAA-1,0,73,119,39822,39423
CCCATTATTGTATCCT-1,0,72,120,39317,39714
GTTAATAGCGTCATTA-1,0,73,121,39823,40005
TACTCATTGACGCATC-1,0,72,122,39317,40296
TAGTGACAAGCTCTAC-1,0,73,123,39823,40586
ATCGCCGTGGTTCATG-1,0,72,124,39317,40877
CTGCTCTCAACACACC-1,0,73,125,39823,41168
GCATGACACAAAGGAA-1,0,72,126,39317,41459
CAACGATCGATCCAAT-1,0,73,127,39823,41749
ATACAGCGTCCACTGA-1,0,74,0,40313,4825
TCACGATTAATACGTT-1,0,75,1,40819,5115
CGTGAACTGACCCGAT-1,0,74,2,40313,5406
TCGATGTTACGGCCGT-1,0,75,3,40819,5697
GACCGGTGATACTCTC-1,0,74,4,40314,5988
TCTGTTTAGATTGTTC-1,0,75,5,40820,6278
GCTACTCGGACGCAGA-1,0,74,6,40314,6569
AAGAAAGTTTGATGGG-1,0,75,7,40820,6860
CGCCAGTAGTACCTTG-1,0,74,8,40314,7151
CTCCCTTGTATCAAGG-1,0,75,9,40820,7441
ACTTTATACACCACTT-1,0,74,10,40314,7732
AGATCTGGAGAGGATA-1,0,75,11,40820,8023
TCATCCATCTGATCAC-1,0,74,12,40315,8314
AGAACACGGCGATGGT-1,0,75,13,40821,8604
CCGCTCCGGATAAGCT-1,0,74,14,40315,8895
TGGTCGGGTACAGGGC-1,0,75,15,40821,9186
ACGGACGCAGCGACAA-1,0,74,16,40315,9477
ACATGCTTACGGCAGC-1,0,75,17,40821,9767
CAGGGAGATAGGCCAG-1,0,74,18,40315,10058
TCGCCACCCGGATTAC-1,0,75,19,40821,10349
TCTTGGTCAATGATAC-1,0,74,20,40316,10640
CATAGGGACACTTGTG-1,0,75,21,40822,10930
CACGAGCAAACCAGAC-1,0,74,22,40316,11221
GGGATATTGATCGCCA-1,0,75,23,40822,11512
TAATGTCGGTTCATGG-1,0,74,24,40316,11803
CGATTTGTCATTAATG-1,0,75,25,40822,12093
TTAAGATACCCAGAGA-1,0,74,26,40316,12384
CGACCGTTGGTATTCG-1,0,75,27,40822,12675
ACTACCATCCGAGGGC-1,0,74,28,40317,12966
TCTACGCACGATCTCC-1,0,75,29,40823,13256
AAGCCACTTGCAGGTA-1,0,74,30,40317,13547
ACGTTGTCGTTGAAAG-1,0,75,31,40823,13838
ACCGCTAGTCATTGGT-1,0,74,32,40317,14129
CATGAGTCCATCACGG-1,0,75,33,40823,14419
ATGTCTTGTTTGACTC-1,0,74,34,40317,14710
TCCCAAACATCCTCTA-1,0,75,35,40824,15001
CAACGCGATGAGCCAA-1,0,74,36,40318,15292
GACACCCAAAGACGCG-1,0,75,37,40824,15582
ACGTTCACTATGCCGC-1,0,74,38,40318,15873
ATGGACTGCTTAGTTG-1,0,75,39,40824,16164
CCATGGCAAACGCTCA-1,0,74,40,40318,16455
TTGTCTCGGCAAGATG-1,0,75,41,40824,16745
TTCGAACGAAACATGC-1,0,74,42,40319,17036
GGAAAGTCTTGATTGT-1,0,75,43,40825,17327
ATCATAGATCGACGAG-1,0,74,44,40319,17617
GATTAGAAACAAGCGT-1,0,75,45,40825,17908
GCTGCGAAGAATTATT-1,0,74,46,40319,18199
TTCCAGTGGGTTTCGT-1,0,75,47,40825,18489
GCTCATTGATCATATC-1,0,74,48,40319,18780
ATACGAGGTTTGTAAG-1,0,75,49,40825,19071
GTCTATACACGCATGG-1,0,74,50,40320,19362
GATTTGCGCTAACACC-1,0,75,51,40826,19652
TGGTGCCCTGCCTTAC-1,0,74,52,40320,19943
TCGAATCGCAGGGTAG-1,0,75,53,40826,20234
GGTAGGCCAATATCAC-1,0,74,54,40320,20525
CGTAAATAACAAAGGG-1,0,75,55,40826,20815
GACTCTAGAGTTCCAA-1,0,74,56,40320,21106
ACTTGTTACCGGATCA-1,0,75,57,40826,21397
GGCATTGAACATCTCA-1,0,74,58,40321,21688
AACCCGCTGTATTCCA-1,0,75,59,40827,21978
TAACAGGTTCCCTTAG-1,0,74,60,40321,22269
GTTCTTGTAACTCAAT-1,0,75,61,40827,22560
GATTCTGTTAATGAGT-1,0,74,62,40321,22851
GGACACCTCGGTGTTG-1,0,75,63,40827,23141
CGATCGAGAAGCACCA-1,0,74,64,40321,23432
CTGCTCTGACGGCAAA-1,0,75,65,40827,23723
CCCAGGAAGAATTCGA-1,0,74,66,40322,24014
TGTCGTGGGTATAGGC-1,0,75,67,40828,24304
ATATGTCTAGAGCGTG-1,0,74,68,40322,24595
GCGGGCAGACGGGTGA-1,0,75,69,40828,24886
CGAAGATCAGTTTCAT-1,0,74,70,40322,25177
ACGCCACTCGAAACAG-1,0,75,71,40828,25467
CTTAGATGTTTCATCC-1,0,74,72,40322,25758
GCGAATGGACTAGCGA-1,0,75,73,40828,26049
TAAATTGTGGGTAAAG-1,0,74,74,40323,26340
ATTTATACTGGTAAAG-1,0,75,75,40829,26630
GCGTCGTAACATGGTC-1,0,74,76,40323,26921
CGGTATGGGCACTCTG-1,0,75,77,40829,27212
CTATCACAACGCTGGA-1,0,74,78,40323,27503
ACCACACGGTTGATGG-1,0,75,79,40829,27793
TCAGCGCACGCCGTTT-1,0,74,80,40323,28084
AATGTTAAGACCCTGA-1,0,75,81,40829,28375
CTTACATAGATTTCTT-1,0,74,82,40324,28666
AACATAGCGTGTATCG-1,0,75,83,40830,28956
AGCAGTCGAAGCATGC-1,0,74,84,40324,29247
GTACTACGGCCTCGTT-1,0,75,85,40830,29538
TTGGCCAAATTGTATC-1,0,74,86,40324,29829
TCAGAGGACGCGTTAG-1,0,75,87,40830,30119
AGTAATCTAAGGGTGG-1,0,74,88,40324,30410
AATTATACCCAGCAAG-1,0,75,89,40830,30701
CCCTACCCACACCCAG-1,0,74,90,40325,30992
CTCTGTCCATGCACCA-1,0,75,91,40831,31282
TCGCCTCCTTCGGCTC-1,0,74,92,40325,31573
CCTGATTCGCGAAGAA-1,0,75,93,40831,31864
GACTTCAACGCATCAA-1,0,74,94,40325,32155
GCTTCCCGTAAGCTCC-1,0,75,95,40831,32445
AGAACTGTACTTTGTA-1,0,74,96,40325,32736
CCTTAAGTACGCAATT-1,0,75,97,40831,33027
GGCCAATTGTATAGAC-1,0,74,98,40326,33318
AGAATACAGGCTATCC-1,0,75,99,40832,33608
AATACCTGATGTGAAC-1,0,74,100,40326,33899
TAGAGTGTTCCGGGTA-1,0,75,101,40832,34190
GCTTCCATGTAACCGC-1,0,74,102,40326,34481
GGTTCGCATTTGCCGT-1,0,75,103,40832,34771
TCAATCCGGGAAGTTT-1,0,74,104,40326,35062
CCGGAAGTGCAATATG-1,0,75,105,40832,35353
CTCATAAATGTGTATA-1,0,74,106,40327,35643
GACGGGCATCGAATTT-1,0,75,107,40833,35934
GCTAAGCCCAGTATGC-1,0,74,108,40327,36225
GCTATAAGGGCCAGGA-1,0,75,109,40833,36515
GCGGATTACTTGTTCT-1,0,74,110,40327,36806
TACAACAGCGCATACA-1,0,75,111,40833,37097
TCTAACCTAGCCTGCG-1,0,74,112,40327,37388
TCTACCCGCATCATTT-1,0,75,113,40833,37678
GTCTTACCACGCCAAG-1,0,74,114,40328,37969
AATAACGTCGCGCCCA-1,0,75,115,40834,38260
CGTTTCGGTTATATGC-1,0,74,116,40328,38551
TACGCTGCACGGTCGT-1,0,75,117,40834,38841
CGTTAAATACGACCAG-1,0,74,118,40328,39132
TCGACTGACGATGGCT-1,0,75,119,40834,39423
ACGCTACTGAATGGGC-1,0,74,120,40328,39714
AAGGGTTAGCCATGCG-1,0,75,121,40834,40004
ACGTTTCGGTGCACTT-1,0,74,122,40329,40295
TTAACCCGAGGCGTGT-1,0,75,123,40835,40586
GCCCGTCAAGCCCAAT-1,0,74,124,40329,40877
ATTCGTCCCGAGGTTA-1,0,75,125,40835,41167
TCAAATTATGTTCGAC-1,0,74,126,40329,41458
AACGTTCTACCATTGT-1,0,75,127,40835,41749
CTGTCCTGCGCACTAC-1,0,76,0,41325,4824
GCCCAGCGACACAAAG-1,0,77,1,41831,5115
TATAGCTATTATCTCT-1,0,76,2,41325,5406
AAGCTATGGATTGACC-1,0,77,3,41831,5696
CCGAAACACGACCTCT-1,0,76,4,41325,5987
ATCAGAAGCTGGTTGC-1,0,77,5,41831,6278
TGAACCTGAATGTGAG-1,0,76,6,41326,6569
TCAGAGCATGTCAACG-1,0,77,7,41832,6859
ATACCCTCCCGGCCAA-1,0,76,8,41326,7150
GCCACCTTATTCGCGA-1,0,77,9,41832,7441
CAACGAGCTTATTATG-1,0,76,10,41326,7732
GATCCAACCTTTAAAC-1,0,77,11,41832,8022
TTGTGGAGACAGCCGG-1,0,76,12,41326,8313
AGATAATCACACCTAT-1,0,77,13,41832,8604
GGTTAGGGATGCTAAT-1,0,76,14,41327,8895
TCATGAAGCGCTGCAT-1,0,77,15,41833,9185
CCAGGCGAGATGGTCT-1,0,76,16,41327,9476
CGACTTGCCGGGAAAT-1,0,77,17,41833,9767
GTGCCAAACGTTTCGA-1,0,76,18,41327,10058
TGCTCAAAGGATGCAC-1,0,77,19,41833,10348
GCCTCAGGTACCGGTC-1,0,76,20,41327,10639
ACAAGTAATTGTAAGG-1,0,77,21,41833,10930
TTAGAGTATTGTCGAG-1,0,76,22,41328,11221
GTCATCCCAAACTCAC-1,0,77,23,41834,11511
CTCCTAGTAATCGTGA-1,0,76,24,41328,11802
CCCTCATCACAGAGTA-1,0,77,25,41834,12093
GGAAACAGAGCTTGGG-1,0,76,26,41328,12384
ACATCGCAATATTCGG-1,0,77,27,41834,12674
TTAGCCATAGGGCTCG-1,0,76,28,41329,12965
CGGATTCTGCCTTATG-1,0,77,29,41835,13256
TTGTTGGCAATGACTG-1,0,76,30,41329,13547
GGATCTACCGTTCGTC-1,0,77,31,41835,13837
GGTGGGATTAGGTCCC-1,0,76,32,41329,14128
AATAGGCACGACCCTT-1,0,77,33,41835,14419
GAGGTCCGTTCGCTGT-1,0,76,34,41329,14710
TGACAACTTAAAGGTG-1,0,77,35,41835,15000
AGCTAAGCTCCGTCCG-1,0,76,36,41330,15291
CTAGCCCGGGAGACGA-1,0,77,37,41836,15582
CCCAGATTCCCGTGAC-1,0,76,38,41330,15873
GCCCGTTCACACAATT-1,0,77,39,41836,16163
ACAAACTCCATCAGAG-1,0,76,40,41330,16454
GGTTCCGTACGACTAA-1,0,77,41,41836,16745
TTGCGGAAAGCTGCCC-1,0,76,42,41330,17036
GGAACTCGTGAATACG-1,0,77,43,41836,17326
GGTTACCGCTCCCTAC-1,0,76,44,41331,17617
AGCGACTTTGAAGACA-1,0,77,45,41837,17908
CCGTTTCCTTTCCGTG-1,0,76,46,41331,18199
TGGATGGCATCTTGGA-1,0,77,47,41837,18489
CAAGTCGTTGAAATCT-1,0,76,48,41331,18780
TGCAAACGTACTAGTT-1,0,77,49,41837,19071
GGCTGTCCTACTGCGG-1,0,76,50,41331,19361
TACTGCATGATTAAAT-1,0,77,51,41837,19652
CGGACCTCTGTAGTTA-1,0,76,52,41332,19943
CCCTAGCTCTAAGGTC-1,0,77,53,41838,20233
GTAACAGGTTAACGGC-1,0,76,54,41332,20524
CCCGCAAATAATCATC-1,0,77,55,41838,20815
AATCCCGCTCAGAGCC-1,0,76,56,41332,21106
AACGTCATCCGGCTTG-1,0,77,57,41838,21396
CTCGTGGCACTGAAAG-1,0,76,58,41332,21687
CTTTATCCGACGCATG-1,0,77,59,41838,21978
AAATGACTGATCAAAC-1,0,76,60,41333,22269
TTCGTGCATGTTATAG-1,0,77,61,41839,22559
ATCAAAGAGCCGTGGT-1,0,76,62,41333,22850
ATGTCATAATAAACGA-1,0,77,63,41839,23141
CTTAATCGACTTAGTA-1,0,76,64,41333,23432
CTAAAGGATGAGATAC-1,0,77,65,41839,23722
GTGCTATCCAGCTGGA-1,0,76,66,41333,24013
GACAGAGGTCTTCAGT-1,0,77,67,41839,24304
TCGATTTACGAAACGA-1,0,76,68,41334,24595
AGGCTTAAGTTGCACA-1,0,77,69,41840,24885
TAGGATCTTAACCGCA-1,0,76,70,41334,25176
GACTTTCGAGCGGTTC-1,0,77,71,41840,25467
CCCTGGGAGGGATCCT-1,0,76,72,41334,25758
TAGTAGTTGCCGGACA-1,0,77,73,41840,26048
GCCCTAAGTGCAGGAT-1,0,76,74,41334,26339
ACTTGGGCTTTCGCCA-1,0,77,75,41840,26630
CATGATACGGTGAAAC-1,0,76,76,41335,26921
TCCTGCAGCCGCCAAT-1,0,77,77,41841,27211
GTCCGTTAGAGGGCCT-1,0,76,78,41335,27502
GCTTTATTAAGTTACC-1,0,77,79,41841,27793
AATCGAGGTCTCAAGG-1,0,76,80,41335,28084
GTGCTGTTAGAACATA-1,0,77,81,41841,28374
GGCTTCTCGTGGGTGG-1,0,76,82,41335,28665
CCTACAGTTGAGGGAG-1,0,77,83,41841,28956
TATCCCTCGATCTGCA-1,0,76,84,41336,29247
CCGGTATCTGGCGACT-1,0,77,85,41842,29537
CTCTAACACCGGCAGC-1,0,76,86,41336,29828
CTTCATCACCAGGGCT-1,0,77,87,41842,30119
GGCTGGCAATCCCACG-1,0,76,88,41336,30410
CAAACCATAAGCGTAT-1,0,77,89,41842,30700
CATGTGGGCTCATCAC-1,0,76,90,41336,30991
CCCGTGACAGTGCCTT-1,0,77,91,41842,31282
GATTATCTTGCATTAT-1,0,76,92,41337,31573
GAGTCCACCAGGTTTA-1,0,77,93,41843,31863
TGTACTATCGCTCGTT-1,0,76,94,41337,32154
TTAGCGAATAGATAGG-1,0,77,95,41843,32445
ACATACAATCAAGCGG-1,0,76,96,41337,32736
ATTCGTGTACCCATTC-1,0,77,97,41843,33026
GCTAGCAACGCACCTA-1,0,76,98,41337,33317
ACCTCAGCGAGGCGCA-1,0,77,99,41843,33608
TCCGGGCCACTAACGG-1,0,76,100,41338,33899
TCCCAATATCGACGAC-1,0,77,101,41844,34189
GGATTGAAGTAGCCTC-1,0,76,102,41338,34480
GGCGCACAGTTTACCT-1,0,77,103,41844,34771
CCCGGCACGTGTCAGG-1,0,76,104,41338,35062
AGTAAGGGACAGAATC-1,0,77,105,41844,35352
TTGCGCACAACCACGT-1,0,76,106,41338,35643
CCTGCTACAACCATAC-1,0,77,107,41844,35934
CTGGGCTACTGGAGAG-1,0,76,108,41339,36225
AGCTACGAATGGTGGT-1,0,77,109,41845,36515
ATTCGTTTATCGTATT-1,0,76,110,41339,36806
GGCATTCCCTCCCTCG-1,0,77,111,41845,37097
AGTTATTCAGACTGTG-1,0,76,112,41339,37387
CCACTTTCCTTCTAGG-1,0,77,113,41845,37678
CGCAGTTCTATCTTTC-1,0,76,114,41339,37969
AGGAGCGTTTATTATC-1,0,77,115,41845,38259
GACAGGTAATCCGTGT-1,0,76,116,41340,38550
TTCCCAAAGTACTGAT-1,0,77,117,41846,38841
CTGCAGGGTGACGCTC-1,0,76,118,41340,39132
TCATGGAGGCCTTTGT-1,0,77,119,41846,39422
ATGGCCCGAAAGGTTA-1,0,76,120,41340,39713
CGTAATATGGCCCTTG-1,0,77,121,41846,40004
AGAGTCTTAATGAAAG-1,0,76,122,41340,40295
GAACGTTTGTATCCAC-1,0,77,123,41846,40585
ATTGAATTCCCTGTAG-1,0,76,124,41341,40876
TACCTCACCAATTGTA-1,0,77,125,41847,41167
AGTCGAATTAGCGTAA-1,0,76,126,41341,41458
TTGAAGTGCATCTACA-1,0,77,127,41847,41748
