ACGCCTGACACGCGCT-1,0,0,0,1634,2011
TACCGATCCAACACTT-1,0,1,1,1886,2155
ATTAAAGCGGACGAGC-1,0,0,2,1635,2300
GATAAGGGACGATTAG-1,0,1,3,1887,2445
GTGCAAATCACCAATA-1,0,0,4,1635,2590
TGTTGGCTGGCGGAAG-1,0,1,5,1887,2734
GCATCCTCTCCTATTA-1,0,0,6,1636,2879
GCGAGGGACTGCTAGA-1,0,1,7,1888,3023
TGGTACCGGCACAGCC-1,0,0,8,1636,3169
GCGCGTTTAAATCGTA-1,0,1,9,1888,3313
TGCCTTGCCCTTACGG-1,0,0,10,1637,3458
GACGACTTTCCAAGAA-1,0,1,11,1889,3602
CCAGTGAGCTCCTTGT-1,0,0,12,1637,3748
ATACCCTGGCTCAAAT-1,0,1,13,1889,3892
GGGTTTCCGGCTTCCA-1,0,0,14,1638,4037
TAACCGTCCAGTTCAT-1,0,1,15,1890,4181
AAACAACGAATAGTTC-1,0,0,16,1639,4326
CAAGGGAGTGTATTTG-1,0,1,17,1891,4471
CCAAGCTTGATCTCCT-1,0,0,18,1639,4616
TTATTTCATCCCAAAC-1,0,1,19,1891,4760
GAGCGCTATGTCAGGC-1,0,0,20,1640,4905
TATGGCAGACTTTCGA-1,0,1,21,1892,5050
CTTCGTGCCCGCATCG-1,0,0,22,1640,5195
AAACGGGTTGGTATCC-1,0,1,23,1892,5339
TGCAAACCCACATCAA-1,0,0,24,1641,5484
GACGGGATGTCTTATG-1,0,1,25,1893,5628
GGCGAGCATCGAGGAC-1,0,0,26,1641,5774
CGCGTGCTATCAACGA-1,0,1,27,1893,5918
TGAAACCTCAACTCAC-1,0,0,28,1642,6063
CACATAAGGCGACCGT-1,0,1,29,1894,6207
TGACCCAACTCACATT-1,0,0,30,1642,6353
ATACGCCGATCTACCG-1,0,1,31,1894,6497
ACTTATCTGATCTATA-1,0,0,32,1643,6642
GTGTGAGCCGAGGTGC-1,0,1,33,1895,6786
GATGATTTGAAACTGG-1,0,0,34,1643,6931
GGGAACCACCTGTTTC-1,0,1,35,1896,7076
GTTCGTTGCGGACCAG-1,0,0,36,1644,7221
TGAGGTTGATCCCAAG-1,0,1,37,1896,7365
GATGCCACACTACAGC-1,0,0,38,1645,7510
AGGCAAAGAGGAATCA-1,0,1,39,1897,7655
AAGTAAGCTTCCAAAC-1,0,0,40,1645,7800
AACGTAGTCTACCCAT-1,0,1,41,1897,7944
GTTTGAGCGGTTATGT-1,0,0,42,1646,8089
GAAGCAAGGCAATGTT-1,0,1,43,1898,8233
TCACTCAGCGCATTAG-1,0,0,44,1646,8379
TACAATGAAACCAGCA-1,0,1,45,1898,8523
GTGCGCTTACAAATGA-1,0,0,46,1647,8668
GCACTCCCACAGTCCC-1,0,1,47,1899,8812
CGAAGACTGCCCGGGA-1,0,0,48,1647,8957
CAGGATCCGCCCGACC-1,0,1,49,1899,9102
CACGATTGGTCGTTAA-1,0,0,50,1648,9247
GGTTGTATCGTGAAAT-1,0,1,51,1900,9391
TCTTATGGGTAGTACC-1,0,0,52,1648,9536
TACAAGCTGTTCACTG-1,0,1,53,1901,9681
GTATCTTGTTGCTCAC-1,0,0,54,1649,9826
ATACCAGGTGAGCGAT-1,0,1,55,1901,9970
CCTAAACAGGGTCCGT-1,0,0,56,1650,10115
ATGGTGCTCAAAGCCA-1,0,1,57,1902,10260
CAAATGCGGAGTGTTC-1,0,0,58,1650,10405
CGTGCCCGACATTTGT-1,0,1,59,1902,10549
GTATCTCCCTAACTGT-1,0,0,60,1651,10694
ATTTGCCTAGTTACGA-1,0,1,61,1903,10838
ACGTCCTAAACGAGAT-1,0,0,62,1651,10984
CTGGGATCGCCCAGAT-1,0,1,63,1903,11128
CTGCAAATGGGCTCCA-1,0,0,64,1652,11273
CATTATAACAGGGTCC-1,0,1,65,1904,11417
ACCTTTCCTTTAGAAG-1,0,0,66,1652,11562
ATAGATTTGCAGTCGG-1,0,1,67,1904,11707
CTCGGGCATCGTCGGG-1,0,0,68,1653,11852
GTGGCGGGCCGTAGCT-1,0,1,69,1905,11996
CAACAGTGCCAAACGG-1,0,0,70,1653,12141
TGCGGGTATTGGGATC-1,0,1,71,1905,12286
GTCTCGCCAACACGCC-1,0,0,72,1654,12431
CTGGGCGGCCAAATGT-1,0,1,73,1906,12575
TAAAGGAGAAACTAGT-1,0,0,74,1654,12720
TCCCACGGAGGGAGCT-1,0,1,75,1907,12864
AGCTTCAATACTTTGA-1,0,0,76,1655,13010
TTCCACATTTCTCGTC-1,0,1,77,1907,13154
ACAAACCGACAAGGCG-1,0,0,78,1656,13299
AGACGGGATTGGTATA-1,0,1,79,1908,13443
AACCTAAAGCCGTCCG-1,0,0,80,1656,13589
TACAAATTGCGGAGGT-1,0,1,81,1908,13733
CCCGCTAGAGGGTTAA-1,0,0,82,1657,13878
CATTGCAAAGCATAAT-1,0,1,83,1909,14022
TGTACGCTATCAGCTT-1,0,0,84,1657,14167
TTCTTCGCAATAGAGC-1,0,1,85,1909,14312
TGTGATTCCAGCGCTT-1,0,0,86,1658,14457
ATTCAGGATCGCCTCT-1,0,1,87,1910,14601
GCCCATGGGTGCAATG-1,0,0,88,1658,14746
TTCCCGACGCTTCACT-1,0,1,89,1910,14891
AGCGGTTGAGATGTAC-1,0,0,90,1659,15036
GCTGTCTGTGATCGAC-1,0,1,91,1911,15180
AAAGACATGAAGTTTA-1,0,0,92,1659,15325
CAACAGAATAACGCTA-1,0,1,93,1912,15469
TGCGGTCTACGAGTAA-1,0,0,94,1660,15615
AAGACTCACGCCCACT-1,0,1,95,1912,15759
CTTTGAAACATATTCC-1,0,0,96,1661,15904
CTGGGCACTAGTCGGA-1,0,1,97,1913,16048
CGCCCTTACATCCACC-1,0,0,98,1661,16194
CACGACCACAGACTTT-1,0,1,99,1913,16338
CAATCCATTATCCGTT-1,0,0,100,1662,16483
GTGGCGTGCACCAGAG-1,0,1,101,1914,16627
CGGAGTCCTAACCTGG-1,0,0,102,1662,16772
GGTCCCATAACATAGA-1,0,1,103,1914,16917
ATCTCATAAACCTACC-1,0,0,104,1663,17062
TGCATGGCAGTCTTGC-1,0,1,105,1915,17206
TTGCAGGTCATGAAGT-1,0,0,106,1663,17351
AGCTGCATTTGAGGTG-1,0,1,107,1915,17496
TAATCAGGAATGCTGC-1,0,0,108,1664,17641
CCATCATAAGAACAGG-1,0,1,109,1916,17785
TCGTATCACCAAGCTA-1,0,0,110,1664,17930
ATTCAGATGAATCCCT-1,0,1,111,1916,18074
AAAGGTCAACGACATG-1,0,0,112,1665,18220
AGCTGCTGTGCCGAAT-1,0,1,113,1917,18364
CTAGCGCCAATCCTAC-1,0,0,114,1665,18509
GCTCGACCGAACTGAA-1,0,1,115,1918,18653
ACAGTGCAGCGCATTT-1,0,0,116,1666,18799
CGGCTGAAGGTTACGC-1,0,1,117,1918,18943
CACCTCTACGAGTGTG-1,0,0,118,1667,19088
ATACGACAGATGGGTA-1,0,1,119,1919,19232
ACTTCCTGTCGTGCGA-1,0,0,120,1667,19377
CGTAACGGAACGATCA-1,0,1,121,1919,19522
AAATCACTCCTAAACG-1,0,0,122,1668,19667
CTCCGAGTAAATCCGC-1,0,1,123,1920,19811
ACGCTAGTATCAGTGC-1,0,0,124,1668,19956
AGAGTGAACAGACACC-1,0,1,125,1920,20101
ACACCCGTAAATCTGT-1,0,0,126,1669,20246
GCTTTGCTGCCGGGTA-1,0,1,127,1921,20390
ACAGGAGGCGCAGCCG-1,0,2,0,2138,2010
AGGCAATACGGAGGAC-1,0,3,1,2390,2154
TGGTGTGACAGACGAT-1,0,2,2,2138,2299
ATCTATCGATGATCAA-1,0,3,3,2390,2444
CGGTAACAAGATACAT-1,0,2,4,2139,2589
TCGCCGGAGAGTCTTA-1,0,3,5,2391,2733
GGAGGAGTGTGTTTAT-1,0,2,6,2139,2878
TTAGGTGTGACTGGTC-1,0,3,7,2391,3022
CAGGGCTAACGAAACC-1,0,2,8,2140,3168
CCCGTGGGTTAATTGA-1,0,3,9,2392,3312
GACCGACCGCTAATAT-1,0,2,10,2140,3457
GGTATCAAGCATAGAA-1,0,3,11,2393,3601
TGCATGAGTAGATTCG-1,0,2,12,2141,3747
AATTCCAACTTGGTGA-1,0,3,13,2393,3891
TGCCGATGTCATCAAT-1,0,2,14,2142,4036
GCTGGGTCCGCTGTTA-1,0,3,15,2394,4180
TGAACACCCGAAGCAG-1,0,2,16,2142,4325
AACATTGGTCAGCCGT-1,0,3,17,2394,4470
GTGGGTCTTCTTTGCG-1,0,2,18,2143,4615
CATCGAATGGATCTCT-1,0,3,19,2395,4759
GCTACACTGTCCGAAC-1,0,2,20,2143,4904
CGGGTTGTAGCTTTGG-1,0,3,21,2395,5049
CCTAAGTGTCTAACCG-1,0,2,22,2144,5194
TCTGTGACTGACCGTT-1,0,3,23,2396,5338
TTATCATACTCGCAAA-1,0,2,24,2144,5483
AGCGTAGCGCTAGACC-1,0,3,25,2396,5627
TCCCTCCGAAATCGTT-1,0,2,26,2145,5773
AGGTCGCCACTTCGGT-1,0,3,27,2397,5917
CTAGCAACTAATTTAC-1,0,2,28,2145,6062
TTGCTAGCTACCAATC-1,0,3,29,2398,6206
GCCGGTTTGGGCGGAT-1,0,2,30,2146,6352
TGTAACTTGTCAACCT-1,0,3,31,2398,6496
CGAGATGTTGCCTATA-1,0,2,32,2147,6641
GTTACGAAATCCACGC-1,0,3,33,2399,6785
CTTGTCGTACGTGTCA-1,0,2,34,2147,6930
GCGTCCAGCTCGTGGC-1,0,3,35,2399,7075
CCCTTCTCGTACGCGA-1,0,2,36,2148,7220
CCAAAGTCCCGCTAAC-1,0,3,37,2400,7364
CCGCTTCGCGGTTAAC-1,0,2,38,2148,7509
GTTACGGCCCGACTGC-1,0,3,39,2400,7654
CCCGCTTGCCCTCGTC-1,0,2,40,2149,7799
TAGTGAGAAGTGGTTG-1,0,3,41,2401,7943
CGCTACCGCCCTATGA-1,0,2,42,2149,8088
AAACAATCTACTAGCA-1,0,3,43,2401,8232
GCGCGATGGGTCAAGT-1,0,2,44,2150,8378
ATAAACCATTGGACGG-1,0,3,45,2402,8522
TCGGGCACTTCTGGAT-1,0,2,46,2150,8667
TCTGTGGCTACATTTC-1,0,3,47,2402,8811
CTCTGTGCCTGCTATG-1,0,2,48,2151,8957
CACGACTAAAGTTCTG-1,0,3,49,2403,9101
GAGGAGTAATTCCTAC-1,0,2,50,2151,9246
AGAGGTATCTCGGTCC-1,0,3,51,2404,9390
GGCGTACCCTATATAA-1,0,2,52,2152,9535
GCCGGAAACACATCTT-1,0,3,53,2404,9680
AAATGTGGGTGCTCCT-1,0,2,54,2153,9825
ACCAGGAGTGTGATCT-1,0,3,55,2405,9969
TGTGGAGGAAGCTTAA-1,0,2,56,2153,10114
AAGGAGAACTTATAAG-1,0,3,57,2405,10259
CCCTCGGGAGCCTTGT-1,0,2,58,2154,10404
ACTGTTTAGTGTAGGC-1,0,3,59,2406,10548
CGTCAGTTTATCGTCT-1,0,2,60,2154,10693
GCGTGTATGTCGTATT-1,0,3,61,2406,10837
ACAATCGATCTTTATA-1,0,2,62,2155,10983
CAGCCCTCACAGGCAG-1,0,3,63,2407,11127
CGCGTCATATTAAACC-1,0,2,64,2155,11272
GAAGACTTCAATGCCG-1,0,3,65,2407,11416
TTGCGGCGACTCATGC-1,0,2,66,2156,11562
ACCAAACTAGAAATCC-1,0,3,67,2408,11706
TTACTGTTTCTCTACG-1,0,2,68,2156,11851
GACCAGGTCATTCATA-1,0,3,69,2409,11995
TTCTTCCCTTTGATAT-1,0,2,70,2157,12140
ACGCCCAGCTGTCGAT-1,0,3,71,2409,12285
AGTAGCGTGAACGAAC-1,0,2,72,2158,12430
CCTCGACCCACTGCCT-1,0,3,73,2410,12574
AGTTATTGAAAGGTAA-1,0,2,74,2158,12719
TCAGTTACGGAATGAT-1,0,3,75,2410,12864
GAATCTATACTCGGAC-1,0,2,76,2159,13009
TCGGCTAACTTCCCTT-1,0,3,77,2411,13153
ACGTGGTCGAATGTGC-1,0,2,78,2159,13298
ATATCGTGCCAGACCC-1,0,3,79,2411,13442
GTAGCTAGTAAGCGCG-1,0,2,80,2160,13588
ACGCTTAGTGTCTCTC-1,0,3,81,2412,13732
TCCGGCCTGCATCGAT-1,0,2,82,2160,13877
TAGTGGAACTCATACA-1,0,3,83,2412,14021
ATCATCTGCCCAGTGT-1,0,2,84,2161,14167
GTTATTAAATACGACC-1,0,3,85,2413,14311
GCGCTAAGTATGCATG-1,0,2,86,2161,14456
CCTGACGCAACCTTTA-1,0,3,87,2413,14600
CCCAAGAATGCACGGT-1,0,2,88,2162,14745
AACTGGGTTCGAGCCG-1,0,3,89,2414,14890
GGTTCCACCCGCTTCT-1,0,2,90,2162,15035
CATGCACGTGTTACTG-1,0,3,91,2415,15179
AGCGTTCCGATTTAAA-1,0,2,92,2163,15324
CCTACGCGACCTTACA-1,0,3,93,2415,15469
CGAATTACATGGTGTT-1,0,2,94,2164,15614
GAGGTCTTAGTGGGTC-1,0,3,95,2416,15758
GCCGCTAGATACGCAG-1,0,2,96,2164,15903
GTCACCTGTCTATGTC-1,0,3,97,2416,16047
CCGATTGGTCAATGAA-1,0,2,98,2165,16193
CCTGTGCGGATTGTAA-1,0,3,99,2417,16337
TTACGTAGCGCGTGCT-1,0,2,100,2165,16482
GGAGGCGAAGAACCGC-1,0,3,101,2417,16626
GGGTCACGTGCTTATG-1,0,2,102,2166,16771
GCTCCGGACGTTGATA-1,0,3,103,2418,16916
ATGTTTGTAAGATCAT-1,0,2,104,2166,17061
TGACCCAGCATTCCCG-1,0,3,105,2418,17205
TGGTCGTTTGATAGAT-1,0,2,106,2167,17350
TGTAATGCCTTCGGAC-1,0,3,107,2419,17495
TGCTCACACAACAACC-1,0,2,108,2167,17640
TACGATCCAAGCCACT-1,0,3,109,2420,17784
TTGTAACTTCATAGCG-1,0,2,110,2168,17929
AGATTCAAGCGGGTCG-1,0,3,111,2420,18073
CTCAGCAGACTGCCGA-1,0,2,112,2169,18219
GTAACATCAGCTCATC-1,0,3,113,2421,18363
ATGGAACAGAATAAAC-1,0,2,114,2169,18508
GGGCCTATACAACCGG-1,0,3,115,2421,18652
TCAAACAATTAGGACA-1,0,2,116,2170,18798
AAACCACTACACAGAT-1,0,3,117,2422,18942
AAACGACAGTCTTGCC-1,0,2,118,2170,19087
TTGAGGGTCGAACGCG-1,0,3,119,2422,19231
TGTTGATCACTGTTTA-1,0,2,120,2171,19376
AGGGTGTGCTACACGC-1,0,3,121,2423,19521
GTAGTTAGACAATATA-1,0,2,122,2171,19666
AATGGCCGCCAATGCG-1,0,3,123,2423,19810
TCGGCGGTATTAGATT-1,0,2,124,2172,19955
GGGTCACTGAGTAGTG-1,0,3,125,2424,20100
GAATTATGCAACCTAC-1,0,2,126,2172,20245
GATCTTAGTGAACGTG-1,0,3,127,2424,20389
CTAATGCGCCCAACAA-1,0,4,0,2641,2009
GCCACCCATTCCACTT-1,0,5,1,2893,2153
TACTCACAACGTAGTA-1,0,4,2,2642,2298
GTTCGGTGTGGATTTA-1,0,5,3,2894,2443
TCTTTCGGCGGGACAC-1,0,4,4,2642,2588
GGAGACATTCACGGGC-1,0,5,5,2895,2732
GGGATTATCTCACAAC-1,0,4,6,2643,2877
TAGAACGCCAGTAACG-1,0,5,7,2895,3022
ACGAGTCGCCGGCGTT-1,0,4,8,2644,3167
TGATGGGACTAAGTCA-1,0,5,9,2896,3311
TGCGAGAAACGTTACG-1,0,4,10,2644,3456
TCGCCTCGACCTGTTG-1,0,5,11,2896,3600
AACTCGATAAACACGT-1,0,4,12,2645,3746
AGGAAAGCCTCTGATG-1,0,5,13,2897,3890
GAAGGACTAAATTGAA-1,0,4,14,2645,4035
GTATCGGGACGAGCTG-1,0,5,15,2897,4179
CCTGTGCATAGGAGAC-1,0,4,16,2646,4325
CATACGGGTGCATGAT-1,0,5,17,2898,4469
CCACTAAACTGAATCG-1,0,4,18,2646,4614
AAATTGCGGCGGTTCT-1,0,5,19,2898,4758
AGTCCAGCGGGTACGT-1,0,4,20,2647,4903
CATTCAGGTCAGTGCG-1,0,5,21,2899,5048
CTAAAGTCCGAAGCTA-1,0,4,22,2647,5193
AATCAGACTGCAGGAC-1,0,5,23,2900,5337
AGTATCCATAATAACG-1,0,4,24,2648,5482
CTGGCTGCTAACGTAA-1,0,5,25,2900,5627
GTTCCAAGACAGCGAC-1,0,4,26,2649,5772
AAGACTAACCCGTTGT-1,0,5,27,2901,5916
GATTAATCCTGGCTCA-1,0,4,28,2649,6061
CGCGCAAGGAACTACA-1,0,5,29,2901,6205
CAGTAGCGAGGTAGTA-1,0,4,30,2650,6351
ACGGCGGGTTGCCCTG-1,0,5,31,2902,6495
CTAGGCGGCAGAGAAT-1,0,4,32,2650,6640
GTGCGCAGCTTGCTCC-1,0,5,33,2902,6784
TCACTATCGTGCAATC-1,0,4,34,2651,6929
TATGATTCTGCTTGGT-1,0,5,35,2903,7074
TAAGATTTAGCGGGAG-1,0,4,36,2651,7219
TTACGGTGTCACCGAG-1,0,5,37,2903,7363
CTACACTAGCTTGTTC-1,0,4,38,2652,7508
TGAGCAGTCGTGAAGT-1,0,5,39,2904,7653
CGCTGAGGACGTCCAA-1,0,4,40,2652,7798
GTGTATGACTTTAAAG-1,0,5,41,2904,7942
CTAAACGGGTGTAATC-1,0,4,42,2653,8087
TGTACTGTGCCAAAGT-1,0,5,43,2905,8231
GGCCACAAGCGATGGC-1,0,4,44,2653,8377
GTCAATTGTACTGAAG-1,0,5,45,2906,8521
AGGGACAGCACGGCGG-1,0,4,46,2654,8666
AGCTTATAGAGACCTG-1,0,5,47,2906,8810
AACTAGCGTATCGCAC-1,0,4,48,2655,8956
AACTTTAGCTGCTGAG-1,0,5,49,2907,9100
CCCAAGACAGAGTATG-1,0,4,50,2655,9245
GGCATCAACGAGCACG-1,0,5,51,2907,9389
ATGCATTCCGTGATGG-1,0,4,52,2656,9534
TTATAGATGCACATTA-1,0,5,53,2908,9679
GAACCATCTGGGAGAC-1,0,4,54,2656,9824
TGCTATACAAACGGAC-1,0,5,55,2908,9968
ACTTGCCATATTGTAC-1,0,4,56,2657,10113
TATTCCGGCAGTCCTA-1,0,5,57,2909,10258
GACGGACCGCGTTCCT-1,0,4,58,2657,10403
ATGTGTAGTTTAGTCA-1,0,5,59,2909,10547
ATACCAGCAAATTGCT-1,0,4,60,2658,10692
AAGTTTACTAATGGCA-1,0,5,61,2910,10836
CTCTCGATGTGCGCCT-1,0,4,62,2658,10982
GATTGACACTCTGCTC-1,0,5,63,2911,11126
TATCACAGCACGGGCA-1,0,4,64,2659,11271
ACCGTTCCCGCTCTGA-1,0,5,65,2911,11415
CCGCCACCACAATCCA-1,0,4,66,2660,11561
CATTCACTGACAGCTA-1,0,5,67,2912,11705
CGGCTGCAAGATTAAG-1,0,4,68,2660,11850
CATGAACCTCTTATCA-1,0,5,69,2912,11994
TTAATGCGAGGTAACT-1,0,4,70,2661,12139
AATAAGTCCTCGAGAC-1,0,5,71,2913,12284
ACCAGCCCGGTCTTTG-1,0,4,72,2661,12429
CTACGAACTAGGTCGA-1,0,5,73,2913,12573
ACATCTCAACGCGTAA-1,0,4,74,2662,12718
CACTACTCAGTTCTGT-1,0,5,75,2914,12863
CCGACTCGCATAGTCT-1,0,4,76,2662,13008
CATTTATCGTTCAAGA-1,0,5,77,2914,13152
CAAACGTGGTCTTGCG-1,0,4,78,2663,13297
TAGAAACCACTAAGTA-1,0,5,79,2915,13441
ACTGATTTAGTGATTC-1,0,4,80,2663,13587
TCGTATTTCGTCCGGA-1,0,5,81,2915,13731
CGGAAATTTCACATCC-1,0,4,82,2664,13876
ATCCACGCTAAATGTT-1,0,5,83,2916,14020
GTTCAATCTATGTCAA-1,0,4,84,2664,14166
ATAAAGGTCAAGTACG-1,0,5,85,2917,14310
CAACTCCAACGTTTAG-1,0,4,86,2665,14455
TAGGAACAGCCTCCAG-1,0,5,87,2917,14599
ATGGGAACGGAAGCGG-1,0,4,88,2666,14744
CACACGTTTCAATGGG-1,0,5,89,2918,14889
GGTGTTCTGTTTCTAC-1,0,4,90,2666,15034
AGTAACGTTCATCCTG-1,0,5,91,2918,15178
GTATAGTGGCCCATGT-1,0,4,92,2667,15323
TCTACACGTTCATGCA-1,0,5,93,2919,15468
AATCTGGGTAGACCCT-1,0,4,94,2667,15613
TCGGTTAGCCATGTAG-1,0,5,95,2919,15757
TGCCATGGCTTATAAG-1,0,4,96,2668,15902
TAAGTAAATGTGCCGC-1,0,5,97,2920,16046
GTGTCCGATAAGGCAT-1,0,4,98,2668,16192
TGGCACGAGCTCGAGT-1,0,5,99,2920,16336
ACCGGTCTGAGTACGG-1,0,4,100,2669,16481
GAACTTAGCGCCCGGT-1,0,5,101,2921,16625
AGTAGCTAGACGCCGA-1,0,4,102,2669,16771
ATAGGAATCTAAGCTT-1,0,5,103,2922,16915
CTTCCTGCATATTTAC-1,0,4,104,2670,17060
CAATATGTAGATTTAC-1,0,5,105,2922,17204
ACAAGGCCTACCAGCC-1,0,4,106,2671,17349
TTATAGTCCAAGGTGC-1,0,5,107,2923,17494
AAACGCCCGAGATCGG-1,0,4,108,2671,17639
CCTCGTTACGCCTGTT-1,0,5,109,2923,17783
GAACGGTGTAAAGCAG-1,0,4,110,2672,17928
ACGCATAAATGACATG-1,0,5,111,2924,18073
GGTTCGATGCTGAGTT-1,0,4,112,2672,18218
CTTTGGCAGACAGAGT-1,0,5,113,2924,18362
TTCGTGGGCTGGAAGC-1,0,4,114,2673,18507
CAAAGGTTAAATTCAG-1,0,5,115,2925,18651
GTTTGGCGTCAGGCAC-1,0,4,116,2673,18797
GCTTTCTATCTCAACT-1,0,5,117,2925,18941
TGCATCTCCGGATCTT-1,0,4,118,2674,19086
CTGAAACGGCCCTCAG-1,0,5,119,2926,19230
TAGCAGTAAATACGCG-1,0,4,120,2674,19376
CGGGCTACTTAAATTG-1,0,5,121,2926,19520
ATTATGCTCAGTATTG-1,0,4,122,2675,19665
TGATGCTCACGTAGTC-1,0,5,123,2927,19809
GTCTAAGATGCCCAGC-1,0,4,124,2675,19954
AACCCGATAGGGCTTC-1,0,5,125,2928,20099
CGCTATCGTGGCTTTA-1,0,4,126,2676,20244
CGTCTCTCGCCGAGGC-1,0,5,127,2928,20388
AGTGGGAGTATACACG-1,0,6,0,3145,2008
GGTCTTGGTGTTAACT-1,0,7,1,3397,2152
GGCTGGCAGCTTTATG-1,0,6,2,3146,2297
CGCCAATTATTGCGTT-1,0,7,3,3398,2442
GGTAACCGGCAAAGGT-1,0,6,4,3146,2587
TGGGACCATTGGGAGT-1,0,7,5,3398,2731
CTGCAGGTGCTCGGCC-1,0,6,6,3147,2876
CCGGTGCGAGTGATAG-1,0,7,7,3399,3021
GGGTACACTCTGGAGG-1,0,6,8,3147,3166
TAGCCAGAGGGTCCGG-1,0,7,9,3399,3310
CTTGTGAGGACAGCGG-1,0,6,10,3148,3455
GAAGGGCATAACCATG-1,1,7,11,3400,3599
CAACATGGCCTGATAA-1,0,6,12,3148,3745
CAATTTGACCGGGAAG-1,0,7,13,3400,3889
TCTGACTGTAATGGTT-1,0,6,14,3149,4034
TTCATAGCCTTGTAAC-1,0,7,15,3401,4178
TGGAAACGGAGTGAAC-1,0,6,16,3149,4324
ATCGCACGATTGTTCA-1,0,7,17,3401,4468
CGCCACCCGCATTAAC-1,0,6,18,3150,4613
TGGACCACGGCGTTGA-1,0,7,19,3402,4757
GTATATGTTACGGCGG-1,0,6,20,3150,4902
GTATTCTTACCGTGCT-1,0,7,21,3403,5047
TTCAGAGTAACCTGAC-1,0,6,22,3151,5192
GCGGTAACCCAAATGA-1,0,7,23,3403,5336
CTACGTGTTGCCACCA-1,0,6,24,3152,5481
CTAGATAAACTCCTCG-1,0,7,25,3404,5626
TCCATTAGTTGGATAG-1,0,6,26,3152,5771
CTGGCTCCTGCGGGAT-1,0,7,27,3404,5915
CAGTCTCTCGGCTAAT-1,0,6,28,3153,6060
GTATGACGTGGGAAAC-1,0,7,29,3405,6204
AGTCACTCCGCCTCAT-1,0,6,30,3153,6350
GCAGCGGTGGGCATTA-1,0,7,31,3405,6494
TATGGAGTTTCTCGTT-1,0,6,32,3154,6639
ACTCAACGAATGTATT-1,0,7,33,3406,6783
AACACGCGGCCGCGAA-1,0,6,34,3154,6929
CGATATTAGCCGCAGG-1,0,7,35,3406,7073
AGCGTCTGAACCCGCA-1,0,6,36,3155,7218
GATGTCCGGATCACAT-1,0,7,37,3407,7362
GGTCACGTTAGATTCA-1,0,6,38,3155,7507
TTAAGGATACGGAGGT-1,0,7,39,3408,7652
GTGCGGGACCATCGGC-1,0,6,40,3156,7797
CCATCTTGTTCACAAT-1,0,7,41,3408,7941
TCCGAGAAGGCTAAGC-1,0,6,42,3157,8086
TGGCGGTGTGCGATTG-1,0,7,43,3409,8231
ATCCTGCTGCAGATAG-1,0,6,44,3157,8376
TTATGCGTCCCGGTCC-1,0,7,45,3409,8520
CATAATGAGCGGGCGA-1,0,6,46,3158,8665
AGACATAGATCCTTCC-1,0,7,47,3410,8809
GGTGAAACCGGGAATG-1,0,6,48,3158,8955
AACTGGTGTGGGCCTT-1,0,7,49,3410,9099
GTAGCGCTGTTGTAGT-1,0,6,50,3159,9244
TTGTTTGTGTAAATTC-1,0,7,51,3411,9388
GGATCAAAGGACGAGG-1,0,6,52,3159,9534
CGTAGCGCCGACGTTG-1,0,7,53,3411,9678
CAAGTGAACTTTGGTT-1,0,6,54,3160,9823
GTAGACAACCGATGAA-1,0,7,55,3412,9967
CAATGGTCGGCCTGGG-1,0,6,56,3160,10112
ACAGATTAGGTTAGTG-1,0,7,57,3412,10257
GTTATCACCTTCTGAA-1,0,6,58,3161,10402
TGGTATCGGTCTGTAT-1,0,7,59,3413,10546
GGAATAACCTCAAGAA-1,0,6,60,3162,10691
ATTATCTCGACAGATC-1,0,7,61,3414,10836
CCGAGGGATGTTAGGC-1,0,6,62,3162,10981
TGAGATCAAATACTCA-1,0,7,63,3414,11125
AAACGAAGAACATACC-1,0,6,64,3163,11270
CTGGTCCTAACTTGGC-1,0,7,65,3415,11414
TGCACGAGTCGGCAGC-1,0,6,66,3163,11560
ATAGTCTTTGACGTGC-1,0,7,67,3415,11704
TGGAGCTAAAGTTCCC-1,0,6,68,3164,11849
GGGTGGTCCAGCCTGT-1,0,7,69,3416,11993
CATGCATGGAGACCCT-1,0,6,70,3164,12138
ACACGGCACTATGCAT-1,0,7,71,3416,12283
CCCTGGTATGGGCGGC-1,0,6,72,3165,12428
GGAGGATTGAAAGGAG-1,0,7,73,3417,12572
CCGCTGGTGCCATTCA-1,0,6,74,3165,12717
GTTAGAGTGTGCCGCT-1,0,7,75,3417,12862
TCGGAATGACCATCAA-1,0,6,76,3166,13007
TTCAATTAGCCATAAT-1,0,7,77,3418,13151
GATGTGTTGTCACAAG-1,0,6,78,3166,13296
TCTTTCTCTTAAGGAG-1,0,7,79,3419,13441
ACCCTTTAGTTCTCCA-1,0,6,80,3167,13586
ACCACAACTCAGAACA-1,0,7,81,3419,13730
TATGATAAATCTAACG-1,0,6,82,3168,13875
GATCCTCTTGCGCTTA-1,0,7,83,3420,14019
TTCTACCTTTATGTTG-1,0,6,84,3168,14165
GAAATACCTGCTGGCT-1,0,7,85,3420,14309
ATTCTGAGTATGAACT-1,0,6,86,3169,14454
GGATTAAGCTAAGGTC-1,0,7,87,3421,14598
AGTACGTGGCCTGTCT-1,0,6,88,3169,14743
TCAGGGTGCACGAAAC-1,0,7,89,3421,14888
AAATTTACCGAAATCC-1,0,6,90,3170,15033
TTGAGGCATTTAACTC-1,0,7,91,3422,15177
AACCAGTATCACTCTT-1,0,6,92,3170,15322
CACCGGAGATATCTCC-1,0,7,93,3422,15467
GACTGGGCGCCGCAAC-1,0,6,94,3171,15612
CACGTCTATGATGTGG-1,0,7,95,3423,15756
TTAAGACGAACGAACC-1,0,6,96,3171,15901
TGACCAGCTTCAAAGT-1,0,7,97,3423,16045
AGAGTTAGAGACCGAT-1,0,6,98,3172,16191
TTCGGACTGATGCCTT-1,0,7,99,3424,16335
CTCGAATGGAACGTAT-1,0,6,100,3173,16480
GGACGGCTTGCGCAAC-1,0,7,101,3425,16624
CTAAGTACAGGGCTAC-1,0,6,102,3173,16770
ACAAATTCAGATCTGA-1,0,7,103,3425,16914
CATGGAAATGGGACCA-1,0,6,104,3174,17059
GGTGGACCACGTGTTA-1,0,7,105,3426,17203
CACGACGTAATAGTAA-1,0,6,106,3174,17348
CGGGTTCGGCACGTAT-1,0,7,107,3426,17493
CTGGGCTATCCTTTGG-1,0,6,108,3175,17638
GTATTAGGGTTCGCGT-1,0,7,109,3427,17782
TCATTCGTATAATTTG-1,0,6,110,3175,17927
AATAGCAAGCCTCCTG-1,0,7,111,3427,18072
CATCTACCCGAGAACG-1,0,6,112,3176,18217
GCTTCAGTGGGATTAC-1,0,7,113,3428,18361
TCTGTGATGGAGGTTG-1,0,6,114,3176,18506
ATCCACTTTCAGACTA-1,0,7,115,3428,18650
ATGGTTACGAAACATG-1,0,6,116,3177,18796
GGCCCAATCTAGAGGG-1,0,7,117,3429,18940
GATGGTGAAATAACCC-1,0,6,118,3177,19085
AGAGGGACAATTGTCC-1,0,7,119,3430,19229
CGCGTACATTCTGGAA-1,0,6,120,3178,19375
CAAGAAACCCTAAACT-1,0,7,121,3430,19519
TTGGTGCGGTGTTGAA-1,0,6,122,3179,19664
GGTTCCCTAGTGTCTC-1,0,7,123,3431,19808
CGATAACCAATTTGAG-1,0,6,124,3179,19953
GCCCACTGGTCCACAA-1,0,7,125,3431,20098
GAGGGCCGGCAGAGTC-1,0,6,126,3180,20243
CGACACGGATGCCCAC-1,0,7,127,3432,20387
CTGTCTGTGGCTGGCT-1,0,8,0,3649,2007
ATATTATCCCGTATTT-1,0,9,1,3901,2151
GCGCTGGCGGAAAGTC-1,0,8,2,3649,2296
ATCTAACGTCCCTATG-1,0,9,3,3901,2441
GTCAGACAGCGTTGGA-1,0,8,4,3650,2586
GCCAGGCTTAGTGGTA-1,0,9,5,3902,2730
ATTCAAAGTACCTGTT-1,0,8,6,3650,2875
TGGACGTAGGCGAATC-1,0,9,7,3902,3020
ACACATTGACGCAACA-1,0,8,8,3651,3165
GATATCAGTATGTATC-1,0,9,9,3903,3309
TGGGCCTTGCCTGCAT-1,0,8,10,3651,3454
CAAAGTCAGGTTAGCT-1,0,9,11,3903,3599
GGATCCCTACCAGCTA-1,0,8,12,3652,3744
ATCGTCCAATCGAGTC-1,0,9,13,3904,3888
ACATGGCTCAATTTAG-1,0,8,14,3652,4033
AGGCCCAGTGACTGGT-1,0,9,15,3905,4177
GCTTCCAGCTTAGATT-1,0,8,16,3653,4323
TGCTTGAAACCATGCA-1,0,9,17,3905,4467
CAATATTGGACTAGTG-1,0,8,18,3654,4612
CGTGCTGGCCTAGTCG-1,0,9,19,3906,4756
CCTGCGATAGAACTGT-1,0,8,20,3654,4901
GGGTAATGCTGTGTTT-1,0,9,21,3906,5046
AACGCGAACGGCAACA-1,0,8,22,3655,5191
TGTCGGCATGGTGGAA-1,0,9,23,3907,5335
AGCGTACGAGAGCTAG-1,0,8,24,3655,5480
ATACTCTCGCCACTCT-1,0,9,25,3907,5625
AATCCATGCAAGGGTG-1,0,8,26,3656,5770
TTAAACAGAGTCCCGC-1,0,9,27,3908,5914
CCACAGCTGAAATCAT-1,0,8,28,3656,6059
CGGTTCCGGCTTCTTG-1,0,9,29,3908,6203
GACGTGAGACTCCATG-1,0,8,30,3657,6349
TCGTTGGCTCGTCAAT-1,0,9,31,3909,6493
GGTGAACGGGCTAGCC-1,0,8,32,3657,6638
GCACTGTGCAAATGTA-1,0,9,33,3910,6782
ACGAGAACCCATCACG-1,0,8,34,3658,6928
CCAGCTACGCCTCATA-1,0,9,35,3910,7072
TCCCGGTCAGGAATTT-1,0,8,36,3659,7217
TCGCATTCAATGACTT-1,0,9,37,3911,7361
CTGGTTCAACGCATCA-1,0,8,38,3659,7506
GGTGATTTCATCTTGT-1,0,9,39,3911,7651
CACCCTTTCCTCGCTC-1,0,8,40,3660,7796
CAACTTGTAGTGGGCA-1,0,9,41,3912,7940
AATATCAAGGTCGGAT-1,0,8,42,3660,8085
ACTCAGACCTGCTTCT-1,0,9,43,3912,8230
TTGGAGTCTCCCTTCT-1,0,8,44,3661,8375
GGATACTCATGAATTG-1,0,9,45,3913,8519
TGGGCACAAACAGAAC-1,0,8,46,3661,8664
GAGCCACGGTAGTAGG-1,0,9,47,3913,8808
TCGATAGGCTAGTCGC-1,0,8,48,3662,8954
TAACCGCCCGCAGTGC-1,0,9,49,3914,9098
GCCTATTTGCTACACA-1,0,8,50,3662,9243
TTGACGATTCAGCACG-1,0,9,51,3914,9387
TTAAACCGGTAGCGAC-1,0,8,52,3663,9533
ACCGAAAGGGCCCTGC-1,0,9,53,3915,9677
ACGTTCCGCGCTCCGT-1,0,8,54,3663,9822
ATACCAGGCTAATAGA-1,0,9,55,3916,9966
CGGCTTTGTATGATAA-1,0,8,56,3664,10111
CTTGACCCGAAAGATA-1,0,9,57,3916,10256
CGCAGAAACATTTGCG-1,0,8,58,3665,10401
GACCCGTCGCCGGCTA-1,0,9,59,3917,10545
AATCGGGACACTACGA-1,0,8,60,3665,10690
GTCACAAAGTTTCCAA-1,0,9,61,3917,10835
TATATTCGCGTCGATA-1,0,8,62,3666,10980
CCTCCCGACAATCCCT-1,0,9,63,3918,11124
CGACATGCGATCTTCT-1,0,8,64,3666,11269
AACACGACTGTACTGA-1,0,9,65,3918,11413
CCCAACCACACTAACA-1,0,8,66,3667,11559
CACCGCCGACCAGCGA-1,0,9,67,3919,11703
TGGTATCGCATCCCAA-1,0,8,68,3667,11848
CAGAGTGATTTAACGT-1,0,9,69,3919,11992
AACCCTGGTGGAACCA-1,0,8,70,3668,12138
GTCAGTTGTGCTCGTT-1,0,9,71,3920,12282
ATTGACGTAACTCGGT-1,0,8,72,3668,12427
GATGTCGGTCAACTGC-1,0,9,73,3921,12571
AGGGCAGCGGCGTGGT-1,0,8,74,3669,12716
ACATCGTTAACCTAGT-1,0,9,75,3921,12861
TCCATTGTGACCTCGT-1,0,8,76,3670,13006
TGTTTAATACTTCATC-1,0,9,77,3922,13150
TTGCTGGCCGGGCTTC-1,0,8,78,3670,13295
CATATTATTTGCCCTA-1,0,9,79,3922,13440
CTGCCTAGCCACCAAG-1,0,8,80,3671,13585
ACGAGATATTTGCTTA-1,0,9,81,3923,13729
GACTACAATTGCTCGT-1,0,8,82,3671,13874
AACGTGATGAAGGACA-1,0,9,83,3923,14018
ACTCTCTTATACACGA-1,0,8,84,3672,14164
CGCATCATGGCTTCAG-1,0,9,85,3924,14308
CGGCTCTTCGTCGAAC-1,0,8,86,3672,14453
ATTCTTCGTACTTATG-1,0,9,87,3924,14597
AGTGAGGGTTTCTGAC-1,0,8,88,3673,14743
GCCAGGCGTTCGCATG-1,0,9,89,3925,14887
GACTAACACAGCACCT-1,0,8,90,3673,15032
CAATGGAATCTACATA-1,0,9,91,3925,15176
GTGGTCAGCGAAGTAT-1,0,8,92,3674,15321
ATGGCTGGAAATGGCC-1,0,9,93,3926,15466
ATCAGGTCGCCATTGC-1,0,8,94,3674,15611
TATCACCATGTAAAGT-1,0,9,95,3927,15755
AGCGCTTATGGGCAAG-1,0,8,96,3675,15900
AAGCGGCGTCATGGGT-1,0,9,97,3927,16045
ACTAATACGTCAGGCG-1,0,8,98,3676,16190
GGCTGAGCATCGTAAG-1,0,9,99,3928,16334
CGGTTGGGTTCAAGTT-1,0,8,100,3676,16479
GACTGATTGGTCACAA-1,0,9,101,3928,16623
AGACGGGCCGATTTAA-1,0,8,102,3677,16769
ACCAGTGCCCGGTCAA-1,0,9,103,3929,16913
GTCCTTTAATGACTTC-1,0,8,104,3677,17058
CCTACAAGTCCGGAAT-1,0,9,105,3929,17202
GCCTGCTACACTGAGA-1,0,8,106,3678,17347
GACTCGGTCGGCGGAT-1,0,9,107,3930,17492
CTAGACATATATGTAG-1,0,8,108,3678,17637
TCGCCCAACTGACTCC-1,0,9,109,3930,17781
AAACTAACGTGGCGAC-1,0,8,110,3679,17926
AACTGAGGTCAGCGTC-1,0,9,111,3931,18071
ACAATGATTCTTCTAC-1,0,8,112,3679,18216
ATAAGTACCCGATTGT-1,0,9,113,3932,18360
ATTGGGAGTTCTGTAA-1,0,8,114,3680,18505
CGAACATAGTCAGAAA-1,0,9,115,3932,18650
TAGCTCAGATCCTAGT-1,0,8,116,3681,18795
GTGTCGTATTCACCTT-1,0,9,117,3933,18939
CTCACCGATCCAAACT-1,0,8,118,3681,19084
ATATGTGCACAAACCA-1,0,9,119,3933,19228
CAGTCCAACGCCTTCT-1,0,8,120,3682,19374
TCGTCCGGGTACACTC-1,0,9,121,3934,19518
GCAGAAACGTAATCCA-1,0,8,122,3682,19663
TTCGAGCCGGCGCTAC-1,0,9,123,3934,19807
GGAAGATAAGACTGTA-1,0,8,124,3683,19952
ATAAGCAAACACCGAG-1,0,9,125,3935,20097
GCATAAATTGAACGCC-1,0,8,126,3683,20242
CGCCGGTGTCGCAGTA-1,0,9,127,3935,20386
GACCTGGTCTGGGCGT-1,0,10,0,4152,2006
AGCCGCTTGATTAGCG-1,0,11,1,4404,2150
CCCGGCTAGGTGAGAA-1,0,10,2,4153,2296
CGAGCCGAGCACTCGA-1,0,11,3,4405,2440
TAGTGCTTGAATCCTT-1,0,10,4,4153,2585
CAACCGCACCTAGACA-1,0,11,5,4405,2729
ACCACTGTTCAAGAAG-1,0,10,6,4154,2874
AGATGCTATAACGAGC-1,0,11,7,4406,3019
AATTACTCGTACGCTC-1,0,10,8,4154,3164
CGTCAATCTTTAACAT-1,0,11,9,4407,3308
CCAAAGCAGTTGGTTG-1,0,10,10,4155,3453
CCATATTGGATCATGA-1,0,11,11,4407,3598
CGTACCGAAAGTCTAG-1,0,10,12,4156,3743
CTCGAGATCCAAAGCA-1,0,11,13,4408,3887
TGGATAGAGTAACAGA-1,0,10,14,4156,4032
TCACAGATCCTCAAAC-1,0,11,15,4408,4176
AGAGCTACGAAAGCAT-1,0,10,16,4157,4322
TGCGTGATTGGGTGTC-1,0,11,17,4409,4466
CACATGTTTGGACATG-1,0,10,18,4157,4611
TTCGCATCCGGAAGCA-1,0,11,19,4409,4755
CCCTAGTGTCAGGTGT-1,0,10,20,4158,4901
TTACCGCCTTAGGGAA-1,0,11,21,4410,5045
CCAGTCCATTATTCGA-1,0,10,22,4158,5190
CGTAAACGCTTGAGTG-1,0,11,23,4410,5334
ATTCCTTCCAGGCGGT-1,0,10,24,4159,5479
TTCCTTTCTGTGTTGC-1,0,11,25,4411,5624
AGTTGACATCGGCTGG-1,0,10,26,4159,5769
AACTCGATGGCGCAGT-1,0,11,27,4411,5913
GATAAGGCAGATGCAA-1,0,10,28,4160,6058
GGCTGGCTAGCTTAAA-1,0,11,29,4412,6203
CCTCATGCAGCTACGA-1,0,10,30,4161,6348
GACGCCTGTTGCAGGG-1,0,11,31,4413,6492
TAATTAGATGGATATG-1,0,10,32,4161,6637
GAGGGCATCGCGTATC-1,0,11,33,4413,6781
CTTGTGAGTCTTTGAC-1,0,10,34,4162,6927
TCAACACATTGGGTAA-1,0,11,35,4414,7071
ACTGTATACGCGAGCA-1,0,10,36,4162,7216
GTGAAACGTGCTCCAC-1,0,11,37,4414,7360
CGAGTGCTATAGTTCG-1,0,10,38,4163,7505
GTACTGCATGAAGCGT-1,0,11,39,4415,7650
GTAACTTGCGGCAGTC-1,0,10,40,4163,7795
GAATCGCCGGACACGG-1,1,11,41,4415,7939
GGGAGTAATGGCTGGC-1,0,10,42,4164,8084
CATGAACCGACATTTG-1,0,11,43,4416,8229
TCTGTCATACAAGAGC-1,0,10,44,4164,8374
GTCGTCAATTATAAGG-1,0,11,45,4416,8518
TAAAGAGCCCGAAACC-1,0,10,46,4165,8663
GTACTGAGGTCGTAAC-1,0,11,47,4417,8808
AAAGACCCAAGTCGCG-1,0,10,48,4165,8953
CGTCAGTGCGCACAAG-1,0,11,49,4418,9097
TGTATCCTTATTCCAT-1,0,10,50,4166,9242
ATTCTCGTCTCTTTAG-1,0,11,51,4418,9386
AAAGTCACTGATGTAA-1,0,10,52,4167,9532
TGTCTACAGTTTCTGT-1,0,11,53,4419,9676
TTAACGTCGCAAGACC-1,0,10,54,4167,9821
CTATGTCTATTGAAAC-1,0,11,55,4419,9965
TCGGGTGAAACTGCTA-1,0,10,56,4168,10110
TGTCCCGACATAGCAC-1,0,11,57,4420,10255
ACAGCATAGAGCCAGT-1,0,10,58,4168,10400
ATATTCCCACAGGTCA-1,0,11,59,4420,10544
TTGGATCGACTTCTGG-1,0,10,60,4169,10689
CACCATCGGAGGAGAC-1,0,11,61,4421,10834
TCGTTCGTTATTATGT-1,0,10,62,4169,10979
CTTAACTTCGAAGTAC-1,0,11,63,4421,11123
GCACAAGTGTCGGAAG-1,0,10,64,4170,11268
TACCAGCTAGGTTTAA-1,0,11,65,4422,11412
ACGTACAGATTTCTCT-1,0,10,66,4170,11558
AATTTGGTTCCAAAGA-1,0,11,67,4423,11702
GTAAGGATTTGTCGGA-1,0,10,68,4171,11847
CATCATCTACCCGGAC-1,0,11,69,4423,11991
ACGATGGATCCGATGC-1,0,10,70,4172,12137
CACTCAGCTCTTGAGG-1,0,11,71,4424,12281
TAGATCCGAAGTCGCA-1,0,10,72,4172,12426
TGAAACTTATGCAAGC-1,0,11,73,4424,12570
GCGATTCTGGAAGCAG-1,0,10,74,4173,12715
CAAACTATTGAGCTTC-1,0,11,75,4425,12860
TAGAATTAAGGGCAAC-1,0,10,76,4173,13005
CGAAACATAGATGGCA-1,0,11,77,4425,13149
GATGGTGCCCTAGGCA-1,0,10,78,4174,13294
CCCGCAGGGCCCAAAG-1,0,11,79,4426,13439
ACAGCGCACCCGCAGC-1,0,10,80,4174,13584
GGTAAATGTGCGTTAC-1,0,11,81,4426,13728
GTCCTTCTAGTGGGTT-1,0,10,82,4175,13873
GGAAGCTCGCTTACAG-1,0,11,83,4427,14017
CACCGATACACCGAGC-1,0,10,84,4175,14163
CAGCCGGGCCCTCTAT-1,0,11,85,4427,14307
CGGAGCTTATAACACC-1,0,10,86,4176,14452
ATTACAACTACCGGCC-1,0,11,87,4428,14596
TCCTCTGGCCCATTAG-1,0,10,88,4176,14742
CGGCACCGTTAGCGCC-1,0,11,89,4429,14886
TCGGTCCCTGACTCCA-1,0,10,90,4177,15031
TGGTTGGAGGATCCTG-1,0,11,91,4429,15175
CTGCGGTAGTCACGTG-1,0,10,92,4178,15320
GTGCCTCAGTGTACGG-1,0,11,93,4430,15465
ATCGTTCACTTTCGCC-1,0,10,94,4178,15610
ACTTACCGGGCGCGCA-1,0,11,95,4430,15754
CTAGACTGCATTTCGT-1,0,10,96,4179,15899
TTGCCGGTGATCCCTC-1,0,11,97,4431,16044
CTGTCACGCCAGGCGC-1,0,10,98,4179,16189
CGGTATAGGTATTAGC-1,0,11,99,4431,16333
CCAACGCTTGCCAGGG-1,0,10,100,4180,16478
CGTTGAGTAATTGCGT-1,0,11,101,4432,16622
TGTATTTACCTAATGC-1,0,10,102,4180,16768
TAAATGCCGTCTCATG-1,0,11,103,4432,16912
CGGTTTATGAAGGAAC-1,0,10,104,4181,17057
GCAAGATGTGTTCGCG-1,0,11,105,4433,17201
AAAGGTAAGCTGTACC-1,0,10,106,4181,17347
GTACGTCACGTATTAA-1,0,11,107,4434,17491
AGTACCTTCGAGTGCT-1,0,10,108,4182,17636
ATTGTGACTTCGCTGC-1,0,11,109,4434,17780
TGTATCAGACTGAAGC-1,0,10,110,4183,17925
GAGACCCTGCAACGCC-1,0,11,111,4435,18070
TGGGTGGGATGTCATT-1,0,10,112,4183,18215
GGCTAATGATTGAAAT-1,0,11,113,4435,18359
ATAACGTTACCTCCAC-1,0,10,114,4184,18504
TGCGAGATGGCGGCCA-1,0,11,115,4436,18649
CACACTTGTATTGCGA-1,0,10,116,4184,18794
GCTGGTGACTCGTAGT-1,0,11,117,4436,18938
CGACACCGCTTAAGGA-1,0,10,118,4185,19083
GTAACAACTGACCTTG-1,0,11,119,4437,19227
CAACTGAGGGTATGAC-1,0,10,120,4185,19373
CTAATTATGAAGCGTA-1,0,11,121,4437,19517
CCGATCTTAAGAGGCT-1,0,10,122,4186,19662
CGACTCGGTACACGGT-1,0,11,123,4438,19806
TGCTGCGTCAGAGTTA-1,0,10,124,4186,19952
AGAGTTGCAGGCCTCC-1,0,11,125,4438,20096
ACTGGCGAACCTGCGT-1,0,10,126,4187,20241
ACTAAGGACGCACACC-1,0,11,127,4439,20385
CGTCCAGATGGCTCCA-1,0,12,0,4656,2005
ACTATCGCCGGCTAAA-1,0,13,1,4908,2149
GATAGCGTACCACGCG-1,0,12,2,4656,2295
AGGACTTATAGGAGAA-1,0,13,3,4909,2439
TAGTCGGGATTCTTCG-1,0,12,4,4657,2584
ACCATTAAGGGTGTCA-1,0,13,5,4909,2728
TTAATGTGTTTGCAGG-1,0,12,6,4658,2873
TCCGCAGCCACCTAGC-1,0,13,7,4910,3018
GAGGAGATCCTCATGC-1,0,12,8,4658,3163
GGTCCTTCATACGACT-1,0,13,9,4910,3307
CCCTGTTGGCAAAGAC-1,0,12,10,4659,3452
GTGCCTAGCTATGCTT-1,0,13,11,4911,3597
GTCATCTCCTACAGCT-1,0,12,12,4659,3742
GCGAGAAACGGGAGTT-1,0,13,13,4911,3886
CGTCGCGGCGGGATTT-1,0,12,14,4660,4031
CATTGTGTGCTAGATC-1,0,13,15,4912,4175
CGCGGCAGTATTACGG-1,0,12,16,4660,4321
GAAATGGGATGTAAAC-1,0,13,17,4912,4465
CATTCCCTAAGTACAA-1,0,12,18,4661,4610
AGTTCTGCGTTGTATC-1,0,13,19,4913,4754
ACCCTATAGGACTGAG-1,0,12,20,4661,4900
TTAGATAGGTCGATAC-1,0,13,21,4913,5044
ATTGATAGCAACGAGA-1,0,12,22,4662,5189
TCTCGGCTCCAGGACT-1,0,13,23,4914,5333
CTTGAGGTTATCCCGA-1,0,12,24,4662,5478
AAGAAGGATCAGTTAG-1,0,13,25,4915,5623
GTACGACGGCGCTGCG-1,0,12,26,4663,5768
CTTATGTTGACTACCA-1,0,13,27,4915,5912
CGGCACTCAAGAAAGT-1,0,12,28,4664,6057
GTCAAAGTTTACATAG-1,0,13,29,4916,6202
CTCCTAAGTTATGTCT-1,0,12,30,4664,6347
ACTGTGCTAGTAGATC-1,0,13,31,4916,6491
GTTTGGCCGCTCAGCG-1,0,12,32,4665,6636
TTATCCAATCGAACTC-1,0,13,33,4917,6780
CCGTACCCAAGCGCCA-1,0,12,34,4665,6926
CATACAAAGCCGAACC-1,0,13,35,4917,7070
GGTCGGTAATTAGACA-1,0,12,36,4666,7215
AGCGGGAAGGGTCCAT-1,0,13,37,4918,7359
GCCCACCAAGGCTGTC-1,0,12,38,4666,7505
GTAGACGTCGTTACAT-1,0,13,39,4918,7649
GAGCATCATCCCTGGG-1,0,12,40,4667,7794
AGGTAACCTCCTATTC-1,0,13,41,4919,7938
GGTTTGAGTGCTGGAA-1,0,12,42,4667,8083
GCACTAGTCGCGCTAT-1,0,13,43,4920,8228
GGTAACTATGTATCTG-1,0,12,44,4668,8373
GCGGTCCCTAGACGCA-1,0,13,45,4920,8517
CGAGCGTTGATCAGCC-1,0,12,46,4669,8662
AATCCAAGGGCCTGAG-1,0,13,47,4921,8807
CCGTGCCCATGACGGC-1,0,12,48,4669,8952
GAAATTCACATCGCTG-1,0,13,49,4921,9096
CTCTGCGAAGCAAGCA-1,0,12,50,4670,9241
AGTAGGTAACATACAT-1,0,13,51,4922,9385
ATTGGGAATATCTTGG-1,0,12,52,4670,9531
TAGAGCTACGAAGAAC-1,0,13,53,4922,9675
TGCGGCATAGTTCAAC-1,0,12,54,4671,9820
CCGCCGGTCAACACAC-1,0,13,55,4923,9964
TCGTATAGTGCAATTA-1,0,12,56,4671,10110
TAGTTTATTCTTGCTT-1,0,13,57,4923,10254
GATATCTCATGCAATA-1,0,12,58,4672,10399
CGTTTAAGCGGAGCAC-1,0,13,59,4924,10543
CATGCTGGCTCCAATT-1,0,12,60,4672,10688
GAAACAGCCATGCAGT-1,0,13,61,4924,10833
AGTTTCGCAGGTCGGA-1,0,12,62,4673,10978
CTCATGGCTCACAATC-1,0,13,63,4925,11122
AACCGTTGTGTTTGCT-1,0,12,64,4673,11267
ACCCTTCATCTGCGAA-1,0,13,65,4926,11412
TGCGGTGAAATTTCAT-1,0,12,66,4674,11557
CAAATTGTCAGCAAGC-1,0,13,67,4926,11701
GAGGTACATCCATCTT-1,0,12,68,4675,11846
AAATGGCATGTCTTGT-1,0,13,69,4927,11990
TCATCCCAGAGGGTGG-1,0,12,70,4675,12136
CGTAGCGAATTGTCAG-1,0,13,71,4927,12280
CCTAGTTAGTCGCATG-1,0,12,72,4676,12425
GAAACTCTAATGAAGG-1,0,13,73,4928,12569
TTGTATCACACAGAAT-1,0,12,74,4676,12714
TTCAAGCCGAGCTGAG-1,0,13,75,4928,12859
AGGTACGATATTGCCA-1,0,12,76,4677,13004
TTAAGCCGACAACTTC-1,0,13,77,4929,13148
GTCTTAGTACAGCCGG-1,0,12,78,4677,13293
TGGGTAAGGTTCCCGC-1,0,13,79,4929,13438
CTACGCCATTTCCGAT-1,0,12,80,4678,13583
GACCGTCAGGTCGTGA-1,0,13,81,4930,13727
TAGTTAAGATAGGATA-1,0,12,82,4678,13872
GAATATTCGGAGTCCC-1,0,13,83,4931,14017
CAAACTACGATAGAGA-1,0,12,84,4679,14162
CAGGAAGACTTTATAT-1,0,13,85,4931,14306
TTCGTAATCCCAGCGG-1,0,12,86,4680,14451
GTGAGGAGCGGTTGAG-1,0,13,87,4932,14595
CAATCCCTATACCAGC-1,0,12,88,4680,14741
AGGGAAACGAGGTACT-1,0,13,89,4932,14885
TCCTGCCAACTGGAGA-1,0,12,90,4681,15030
AATTTGGGACATAGTA-1,0,13,91,4933,15174
AACTCCTAATCCCATG-1,0,12,92,4681,15319
GCTCATTACTGCATGT-1,0,13,93,4933,15464
TCTCGAACGAGGTCAC-1,0,12,94,4682,15609
TCACTACGACCAATGC-1,0,13,95,4934,15753
GTGATGCACAACATCT-1,0,12,96,4682,15898
CCGACGTAAACACAAC-1,0,13,97,4934,16043
TGGGATGCACTCATTC-1,0,12,98,4683,16188
TTCCATCATGCGGTGA-1,0,13,99,4935,16332
TGCACAGTGAAGTTAT-1,0,12,100,4683,16477
CTATTGTGTTTGGTCA-1,0,13,101,4935,16621
TGCGAGCCCTTCCGCG-1,0,12,102,4684,16767
TTGAAAGGTGTAAAGG-1,0,13,103,4936,16911
GGTGCAGAGCCTATCG-1,0,12,104,4685,17056
ACTATATGCTGTGTTC-1,0,13,105,4937,17200
TCCTGGCGCTGCCTGG-1,0,12,106,4685,17346
GAGCCGAGCGTTTATT-1,0,13,107,4937,17490
AGAATGCGGGTTCGGA-1,0,12,108,4686,17635
ATGCGACAATTGGTCC-1,0,13,109,4938,17779
TTCCGGCTCGACTTCT-1,0,12,110,4686,17924
TGATTATGGCACGCAG-1,0,13,111,4938,18069
GGTTTGACAAGAAGCT-1,0,12,112,4687,18214
GCAGCTATGGACAGGT-1,0,13,113,4939,18358
CACCATGATCGCAAAG-1,0,12,114,4687,18503
GTCGGAAGGATACCAG-1,0,13,115,4939,18648
GGCCCAGTTATCAGCA-1,0,12,116,4688,18793
GGGCCTATTTAAGTAT-1,0,13,117,4940,18937
GTTGTTACATTGCGCT-1,0,12,118,4688,19082
CAACTCCGTAACTTGC-1,0,13,119,4940,19226
GATCTTTGCTCAAAGA-1,0,12,120,4689,19372
TCGCTTAATTACGAAG-1,0,13,121,4941,19516
CGATCATTAGAGGCAC-1,0,12,122,4689,19661
TGTTCTCTACTCCCTA-1,0,13,123,4942,19805
GCTTAGGGAAGCGGTA-1,0,12,124,4690,19951
CAGGTTTAGTACTACA-1,0,13,125,4942,20095
AAGCGGAGTGCGCGCA-1,0,12,126,4691,20240
TCAGATGGAGACGTAG-1,0,13,127,4943,20384
TCGCACTAACGTTTGT-1,0,14,0,5160,2004
CACGTCGGGTTCTAGA-1,0,15,1,5412,2148
GGAGTACACATGAGCT-1,0,14,2,5160,2294
GTGTGTCGACGTCGCT-1,0,15,3,5412,2438
GAAGCTCTTTGCTTAG-1,0,14,4,5161,2583
ACACCGAGCGCTCTTT-1,0,15,5,5413,2727
CGTAATAATTACGAGT-1,0,14,6,5161,2873
CATCAACACCTACTAA-1,0,15,7,5413,3017
CCAAGTTTCTACAGAT-1,0,14,8,5162,3162
ACGGGTCATGTGACTT-1,0,15,9,5414,3306
AGTGTGCTAAGATCGC-1,0,14,10,5162,3451
GGCGGTTTGCCGGTGC-1,0,15,11,5414,3596
GTATAATCTCCCGGAT-1,0,14,12,5163,3741
TAGTCCGTATGCATAA-1,0,15,13,5415,3885
CACTTCGTCTTATCTC-1,0,14,14,5163,4030
CATCCGCAGGCCCGAA-1,0,15,15,5415,4175
CCCTGATGTAACTCGT-1,0,14,16,5164,4320
CCATAGTCAGTAACCC-1,0,15,17,5416,4464
CGGGCCATAGCCGCAC-1,0,14,18,5164,4609
CTCCGGCTTGTAGACA-1,0,15,19,5417,4753
AACTTGCGTTCTCGCG-1,0,14,20,5165,4899
AATGAGTTCGCATATG-1,0,15,21,5417,5043
CGAGGCCAGGCATTGG-1,0,14,22,5166,5188
TCTGCGTCCGGTTTCT-1,0,15,23,5418,5332
CAATCCTGCCGTGGAG-1,0,14,24,5166,5477
CTGAGCAAGTAACAAG-1,0,15,25,5418,5622
GGGTACCCACGGTCCT-1,0,14,26,5167,5767
ACGGAATTTAGCAAAT-1,0,15,27,5419,5911
GGGCGGTCCTATTGTC-1,0,14,28,5167,6056
ATGTTACGAGCAATAC-1,0,15,29,5419,6201
AACCATGGGATCGCTA-1,0,14,30,5168,6346
TCGCATCCCTAAGTGT-1,0,15,31,5420,6490
ACTTAGTACGACAAGA-1,0,14,32,5168,6635
GAGCTCTCGGACCTAA-1,0,15,33,5420,6779
TCTATTACGCTGGCGA-1,0,14,34,5169,6925
AGATACGACTTCATAT-1,0,15,35,5421,7069
CGCTATACCGCCCACT-1,0,14,36,5169,7214
CAGTGTCCGCAGAATG-1,0,15,37,5422,7358
CCATCCATACCAAGTC-1,0,14,38,5170,7504
AACCCAGAGACGGAGA-1,0,15,39,5422,7648
GAAGAACGGTGCAGGT-1,0,14,40,5171,7793
GATAAATCGGTGGATG-1,0,15,41,5423,7937
CAGCTCGTGCTTGTGT-1,0,14,42,5171,8082
GAGTACGGGTATACAA-1,0,15,43,5423,8227
CATCGCCCGCGGCCAA-1,0,14,44,5172,8372
TCTTACAGAGGTACCG-1,0,15,45,5424,8516
TGGAAGACGAACACCA-1,0,14,46,5172,8661
GTTGTCGTGTTAGTTG-1,0,15,47,5424,8806
CCAAGGAACAGAGAGG-1,0,14,48,5173,8951
CTGCACCTGGAACCGC-1,0,15,49,5425,9095
CGCTTTCATACCGGTG-1,0,14,50,5173,9240
GTTCTTCCCTCGATGT-1,0,15,51,5425,9384
ATTTAACTCGTATTAC-1,0,14,52,5174,9530
AACGATAGAAGGGCCG-1,0,15,53,5426,9674
TATCCTGCATGGGAAT-1,0,14,54,5174,9819
AGGCCCATTGTACAGG-1,0,15,55,5426,9963
CCGGCGCATATTGGAT-1,0,14,56,5175,10109
ATCTGTAATTGTACCC-1,0,15,57,5427,10253
GAGCGAGGGAGTACCG-1,0,14,58,5175,10398
TTATTAGGGAAGCATC-1,0,15,59,5428,10542
CTTCTTACGTCGTATA-1,0,14,60,5176,10687
GAAGTGCTGGATAGCT-1,0,15,61,5428,10832
GTGCAACAAATGTGGC-1,0,14,62,5177,10977
CATGCGTTAGACAGAA-1,0,15,63,5429,11121
ACACACTTTCTACACG-1,0,14,64,5177,11266
AGCCCTAAGCGAAGTT-1,0,15,65,5429,11411
ATTAATTCGGTCACTC-1,0,14,66,5178,11556
AACAGGAAATCGAATA-1,0,15,67,5430,11700
ACGTTTAGTTGTGATC-1,0,14,68,5178,11845
TCCTTCAGTGGTCGAA-1,0,15,69,5430,11989
CGAACGCCCAGTGCCG-1,0,14,70,5179,12135
CCTCGAAGTGGACGGG-1,0,15,71,5431,12279
CTCTGTTTGAGGATTC-1,0,14,72,5179,12424
TGGGCACGTTCTATGG-1,0,15,73,5431,12568
ACTATTCGTCCGTGGT-1,0,14,74,5180,12714
CCTCTGGCCTAGACGG-1,0,15,75,5432,12858
CCATAAACAACCCGAC-1,0,14,76,5180,13003
CATAGTACATTGAGAG-1,0,15,77,5433,13147
ATTTCATTATTTCGCG-1,0,14,78,5181,13292
CAACTATATCGAATGC-1,0,15,79,5433,13437
CTAGTATTCGGAATTA-1,0,14,80,5182,13582
GTGGAACCTACATGCG-1,0,15,81,5434,13726
CCTAAAGGCTGACGCT-1,0,14,82,5182,13871
CGTGACATTGGGTCGT-1,0,15,83,5434,14016
CCAATCGGTAGATCGA-1,0,14,84,5183,14161
ATTGTCGCAATACCTT-1,0,15,85,5435,14305
AAATTACACGACTCTG-1,0,14,86,5183,14450
CACTCCTCTCGGTCGG-1,0,15,87,5435,14594
AAATAACCATACGGGA-1,0,14,88,5184,14740
AGTTACTCTATCGTGG-1,0,15,89,5436,14884
CGTTAGCTCACAACTG-1,0,14,90,5184,15029
GAATGTATGGCAGGTC-1,0,15,91,5436,15173
GCAACCACCAGACCGG-1,0,14,92,5185,15319
TCACTCGTGCAACGGC-1,0,15,93,5437,15463
AAACAGAGCGACTCCT-1,0,14,94,5185,15608
CAGCCTCTCCTCAAGA-1,0,15,95,5437,15752
TTGCGTGAACGCTTAG-1,0,14,96,5186,15897
CCGCCTGCGAATTGGT-1,0,15,97,5438,16042
AGATGAGGGTTGCGAT-1,0,14,98,5186,16187
CGGTGGGCTCCAGCCT-1,0,15,99,5439,16331
GGCAGCGGTAATCCTA-1,0,14,100,5187,16476
GCTAGCAGGGAGTGGG-1,0,15,101,5439,16621
CTCAAGACATTAGCGC-1,0,14,102,5188,16766
CACGGCGCGCCAAAGG-1,0,15,103,5440,16910
TGCAATTTGGGCACGG-1,0,14,104,5188,17055
ATGCCAATCGCTCTGC-1,0,15,105,5440,17199
GCTGGACCCAAAGTGG-1,0,14,106,5189,17345
ATTCCTAAGACGTGGA-1,0,15,107,5441,17489
TCCGGAGGAAGGGCTG-1,0,14,108,5189,17634
TCGGTGACCGCTCCGG-1,0,15,109,5441,17778
TCCGAAGTAGTCACCA-1,0,14,110,5190,17924
CATGTAGGAGCGCCAA-1,0,15,111,5442,18068
CACAAGAAAGATATTA-1,0,14,112,5190,18213
AGGGTCAGTAACCCTA-1,0,15,113,5442,18357
TAAGCCCTTACGACCA-1,0,14,114,5191,18502
ATACCGTCATCCATAA-1,0,15,115,5443,18647
GGACGTCCATAGTTGG-1,0,14,116,5191,18792
CATCAAACTGGCGCCC-1,0,15,117,5444,18936
AAACGTGTTCGCCCTA-1,0,14,118,5192,19081
AAATTGGTGAGAAGCA-1,0,15,119,5444,19226
GGTCATTGTAGTCATA-1,0,14,120,5193,19371
TGCAGTGAGGCTCGGG-1,0,15,121,5445,19515
GAACATTAGTATGTTA-1,0,14,122,5193,19660
GGTTTGCGAACACGTA-1,0,15,123,5445,19804
ACACAAATATTCCTAG-1,0,14,124,5194,19950
TTGGGTTTATTCAGCG-1,0,15,125,5446,20094
ATTCGCAGAGGACACT-1,0,14,126,5194,20239
GATTTAGTGCGTACTG-1,0,15,127,5446,20383
TAGAAACACAATAGTG-1,0,16,0,5663,2003
CAGTAGATGATGTCCG-1,0,17,1,5915,2147
TCTTAACTCGGATGTA-1,0,16,2,5664,2293
TACATCTTGTTTCTTG-1,0,17,3,5916,2437
TTCATAGGGTGTCCAT-1,0,16,4,5664,2582
TGAAGTAGCTTACGGA-1,0,17,5,5916,2726
GCACAAGTGGATCATA-1,0,16,6,5665,2872
GGGCGAATTTCTCCAC-1,0,17,7,5917,3016
ATGTTCCTGCCCACCT-1,0,16,8,5665,3161
GCTCAACCTCTTAGAG-1,0,17,9,5917,3305
ATAGCTGCTCTTGTTA-1,0,16,10,5666,3450
CGTCAGCTATTTACTC-1,0,17,11,5918,3595
ATCTGATAGTGTCTTA-1,0,16,12,5666,3740
TGCACTATGTGAGTGC-1,0,17,13,5919,3884
CCGACAAACACATGAG-1,0,16,14,5667,4029
GCCTTGTATATGCAGT-1,0,17,15,5919,4174
ATAATACCGTTAGCCG-1,0,16,16,5668,4319
ACACTCCAATGTCACT-1,0,17,17,5920,4463
AGTTGCTGACTGATAT-1,0,16,18,5668,4608
GGCGCTCCTCATCAAT-1,0,17,19,5920,4752
TGCCTGACATCGGTCA-1,0,16,20,5669,4898
TTGGCCATCTTGCGCT-1,0,17,21,5921,5042
CAGTGGTTGCACATGA-1,0,16,22,5669,5187
AGAATTGTTTGACATA-1,0,17,23,5921,5331
AAATGCTCGTTACGTT-1,0,16,24,5670,5477
CACCTAATAGAGTCGT-1,0,17,25,5922,5621
CATTTCTAGCAGACTA-1,0,16,26,5670,5766
CCGAAAGTGGTGAGCA-1,0,17,27,5922,5910
AGTCAGCCACCGCCTG-1,0,16,28,5671,6055
TCATCACTCGAGCTCG-1,0,17,29,5923,6200
CTCAGGACTCACCTGT-1,0,16,30,5671,6345
CGGTGTACTTGATCCC-1,0,17,31,5923,6489
CCTACGGCTCAGTCGA-1,0,16,32,5672,6634
GTACTTGGGCACTTCT-1,0,17,33,5924,6779
TGATTTCCTCCTGACG-1,0,16,34,5672,6924
CCTCACCAATCTTGAC-1,0,17,35,5925,7068
GGTGAGATGCAGATAA-1,0,16,36,5673,7213
GCTAGTTTCATTGAGG-1,0,17,37,5925,7357
AGGACATCGCACGTCG-1,0,16,38,5674,7503
GTGGACGTGCTGAGAC-1,0,17,39,5926,7647
TAAGGAACTTGTGGGA-1,0,16,40,5674,7792
TCGCTGTGCGTAAATC-1,0,17,41,5926,7936
GCATCCCTAACTTTGA-1,0,16,42,5675,8082
CACCCACACGTCACCC-1,0,17,43,5927,8226
CCCTCATTCTGGAATT-1,0,16,44,5675,8371
AGGGCGTGATCGGCTA-1,0,17,45,5927,8515
GGTGCGGATAAGTGGC-1,0,16,46,5676,8660
TAATATTGAAATTCGC-1,0,17,47,5928,8805
CTTACACTGGGAAATA-1,0,16,48,5676,8950
ACCAAGAACGCGTGTC-1,0,17,49,5928,9094
GCCTTCAGCCCTACCG-1,0,16,50,5677,9239
GATGCTACAAGCGCCT-1,0,17,51,5929,9384
CCGGGACCCGCAGAGA-1,0,16,52,5677,9529
GTTCCAGTCTGACCAT-1,0,17,53,5930,9673
ATGATCGGGAATAGAC-1,0,16,54,5678,9818
TTGGATTGGGTACCAC-1,0,17,55,5930,9962
TACCTCACGCTTGTAC-1,0,16,56,5679,10108
CATGGCAGGAAGATCG-1,0,17,57,5931,10252
ATGACGCCGGCTCTAA-1,0,16,58,5679,10397
AGCGACATCCCATTCA-1,0,17,59,5931,10541
AGTAATGTCTTGCCGC-1,0,16,60,5680,10686
TTCTTAGTGGCTCAGA-1,0,17,61,5932,10831
CGTCTGGAAGGGCCCG-1,0,16,62,5680,10976
ACGTGCGCCTCGTGCA-1,0,17,63,5932,11120
AGAGCGGGCTAATCAT-1,0,16,64,5681,11265
GCGTCGAAATGTCGGT-1,0,17,65,5933,11410
AACTGATATTAGGCCT-1,0,16,66,5681,11555
CGAGCTGGGCTTTAGG-1,0,17,67,5933,11699
GGGTGTTTCAGCTATG-1,0,16,68,5682,11844
TTAATTTCAGACGCGG-1,0,17,69,5934,11988
ACTGCCGTCGTAACTC-1,0,16,70,5682,12134
GTGCACGAAAGTGACT-1,0,17,71,5934,12278
ATCTCCCTGCAATCTA-1,0,16,72,5683,12423
ACGCCAGATGATTTCT-1,0,17,73,5935,12567
AGCTATTTAATCCAAC-1,0,16,74,5684,12713
CCACGAGAAGAGAATC-1,0,17,75,5936,12857
GATTCCGCGTTTCCGT-1,0,16,76,5684,13002
GTCGGATGTAGCGCGC-1,0,17,77,5936,13146
TATTTATACCGAGTAG-1,0,16,78,5685,13291
GTAGGTGATCCGTGTA-1,0,17,79,5937,13436
AGTTAAGCGGTCCCGG-1,0,16,80,5685,13581
CTGGCGACATAAGTCC-1,0,17,81,5937,13725
TTGGCCTAGAATTTCG-1,0,16,82,5686,13870
GGCATATCGGTTCTGC-1,0,17,83,5938,14015
GGGCGTCCACTGGCTC-1,0,16,84,5686,14160
TTACCCATTGCCGGGT-1,0,17,85,5938,14304
TTAGACACGATCGTTG-1,0,16,86,5687,14449
GCGCTGATCCAGACTC-1,0,17,87,5939,14593
TTCGGCAACCCGCTGA-1,0,16,88,5687,14739
GATATTTCCTACATGG-1,0,17,89,5939,14883
CTGCGTTACGATATAA-1,0,16,90,5688,15028
TAATAAACAAGGAGAT-1,0,17,91,5940,15172
AACCTTTACGACGTCT-1,0,16,92,5688,15318
AGTCCCGCCTTTAATT-1,0,17,93,5941,15462
TGAGATTAGGCCCTAA-1,0,16,94,5689,15607
AGTGTATTGCGCATTG-1,0,17,95,5941,15751
GTTGGATTCAGTGGCT-1,0,16,96,5690,15896
TAAAGCTGCAATAGGG-1,0,17,97,5942,16041
AGTAGGAAGGAAGTTG-1,0,16,98,5690,16186
TATCACTTCGAGTAAC-1,0,17,99,5942,16330
TGATCTACGCTGATCT-1,0,16,100,5691,16475
GGATCATCCCGTACGC-1,0,17,101,5943,16620
TGACACTTCTCTTTGC-1,0,16,102,5691,16765
AGCCCTTCTAATCCGA-1,0,17,103,5943,16909
CACCGCGTCCACTCTA-1,0,16,104,5692,17054
TAATTGGAATCGGGAA-1,0,17,105,5944,17198
TCGTAAGCTCCGAGGA-1,0,16,106,5692,17344
TATATTACAAATGTCG-1,0,17,107,5944,17488
CGCGAGAGGGACTTGT-1,0,16,108,5693,17633
GGACCTACGGTAACGT-1,0,17,109,5945,17777
GAAATATGCTTGAATG-1,0,16,110,5693,17923
CCGTATTAGCGCAGTT-1,0,17,111,5946,18067
AGGCGTCTATGGACGG-1,0,16,112,5694,18212
AACATCGATACGTCTA-1,0,17,113,5946,18356
TGAATATGCTATAAAC-1,0,16,114,5695,18501
ACCAAACACCCAGCGA-1,0,17,115,5947,18646
TGGCTTGTACAAGCTT-1,0,16,116,5695,18791
GAATGAAGGTCTTCAG-1,0,17,117,5947,18935
AGATACCAGCACTTCA-1,0,16,118,5696,19080
GCGGTCCCGGTGAAGG-1,0,17,119,5948,19225
GAGGCATTTGCAGCAG-1,0,16,120,5696,19370
GGCAAGCCAGGGATAG-1,0,17,121,5948,19514
TCTACGGGCTCAGTTG-1,0,16,122,5697,19659
TCTGCGAATCGTTCGC-1,0,17,123,5949,19803
AGCTCGTTGATGGAAA-1,0,16,124,5697,19949
TGAATGAGATACAGCA-1,0,17,125,5949,20093
ACCCTTGCCTGGGTCG-1,0,16,126,5698,20238
GGCGAACCGTTCTGAT-1,0,17,127,5950,20382
GCGATGTCTGTGCTTG-1,0,18,0,6167,2002
ATTAACACCTGAGATA-1,0,19,1,6419,2147
GAAATCTGACCAAGTT-1,0,18,2,6167,2292
CCTGACAAACTCGCGC-1,0,19,3,6419,2436
ATGTCATTTCCCATTG-1,0,18,4,6168,2581
GCGGTGCGGAGCATCG-1,0,19,5,6420,2725
CGGAAAGCAAATGTGC-1,0,18,6,6168,2871
GCTGAGCAACGGTTCT-1,0,19,7,6421,3015
TCACTCTTCGTCTGTC-1,0,18,8,6169,3160
GATCTTCATTGTCCTC-1,0,19,9,6421,3304
ACTCGATGTATTTCAT-1,0,18,10,6170,3449
TGAAGAGCGGTCCTAG-1,0,19,11,6422,3594
TAAACGTCGTCAATGA-1,0,18,12,6170,3739
ACGTTATTGGTCACTC-1,0,19,13,6422,3883
ATAGCCTCAGTACCCA-1,0,18,14,6171,4028
CGGGAGTATACCGCCG-1,0,19,15,6423,4173
GTCCTACAGGCGGCTC-1,0,18,16,6171,4318
CGGATAAGCGGACATG-1,0,19,17,6423,4462
AACTTCTGCGTCTATC-1,0,18,18,6172,4607
GGGTTCAGACGAACAA-1,0,19,19,6424,4751
AGTCTGGACATCCTTG-1,0,18,20,6172,4897
TTGAACGAATCCTTTG-1,0,19,21,6424,5041
GAAATACTAAACGTTT-1,0,18,22,6173,5186
CCCGCGCAATGCACCC-1,0,19,23,6425,5330
TTCGGCTAGAGATGGT-1,0,18,24,6173,5476
GACACGAGTTAGAGGA-1,0,19,25,6425,5620
GAGGTCCCAAAGATCT-1,0,18,26,6174,5765
TAACTCCATGGAGGCT-1,0,19,27,6426,5909
CTTGTTTATGTAGCCA-1,0,18,28,6174,6054
GATGGCGCACACATTA-1,0,19,29,6427,6199
ATAATAGTGTAGGGAC-1,0,18,30,6175,6344
CGCTATTCAATGTATG-1,0,19,31,6427,6488
ATATTGCTGTCAAAGT-1,0,18,32,6176,6633
GGATTCAGTACGGTGG-1,0,19,33,6428,6778
TTCTTAGTGAACGGTG-1,0,18,34,6176,6923
AATGGTTCTCACAAGC-1,0,19,35,6428,7067
TATACACGCAAAGTAT-1,0,18,36,6177,7212
CTTCATAGCTCAAGAA-1,0,19,37,6429,7356
CAACGGTTCTTGATAC-1,0,18,38,6177,7502
ACACCCGAGAAATCCG-1,0,19,39,6429,7646
TCTATCATGCAGTTAC-1,0,18,40,6178,7791
CCCGCCATGCTCCCGT-1,0,19,41,6430,7935
CGCTTCCACTGAAATC-1,0,18,42,6178,8081
CACTGTCCAAGTGAGA-1,0,19,43,6430,8225
ATTACTAGCCTCTTGC-1,0,18,44,6179,8370
CATAGTAGCATAGTAG-1,0,19,45,6431,8514
CAACTCCTTGATCCCG-1,0,18,46,6179,8659
AAGTAGAAGACCGGGT-1,0,19,47,6432,8804
GCGGGAACCAGGCCCT-1,0,18,48,6180,8949
ATTAGATTGATAGCGG-1,0,19,49,6432,9093
CTCGGTCCGTAGCCTG-1,0,18,50,6181,9238
TGGCTTTGGGTAGACA-1,0,19,51,6433,9383
TATCCATATCATGCGA-1,0,18,52,6181,9528
GGAGTGCCGCCCTGGA-1,0,19,53,6433,9672
TGAGAATGCTTTACCG-1,0,18,54,6182,9817
TTAACCAACCCTCCCT-1,0,19,55,6434,9961
TGTTTCGGTACTTCTC-1,0,18,56,6182,10107
TTGCTGAAGGAACCAC-1,0,19,57,6434,10251
TATTTAGTCTAGATCG-1,0,18,58,6183,10396
CTCCGGCCTAATATGC-1,0,19,59,6435,10540
TTGTGGCCCTGACAGT-1,0,18,60,6183,10686
TCGCCGGTCGATCCGT-1,0,19,61,6435,10830
CCATAGGTTGGCGTGG-1,0,18,62,6184,10975
GAACGACCGAATGATA-1,1,19,63,6436,11119
TCCGATAATTGCCATA-1,1,18,64,6184,11264
CATTACGTCGGCCCGT-1,1,19,65,6436,11409
CAAGCACCAAATGCCT-1,1,18,66,6185,11554
TGCATGGATCGGATCT-1,1,19,67,6437,11698
GAAATCGCGCGCAACT-1,1,18,68,6185,11843
CTGAAAGAGATCCGAC-1,1,19,69,6438,11988
CACCTCGATGGTGGAC-1,0,18,70,6186,12133
ATTTGTTCCAGGGCTC-1,1,19,71,6438,12277
TGGGCCACAAGAGCGC-1,0,18,72,6187,12422
CCTTCTTGATCCAGTG-1,0,19,73,6439,12566
CCTCGCCAGCAAATTA-1,0,18,74,6187,12712
TTCATGGCGCAACAGG-1,0,19,75,6439,12856
TTAATCAGTACGTCAG-1,0,18,76,6188,13001
CCTATCTATATCGGAA-1,0,19,77,6440,13145
ATTATACTTTGCTCGT-1,0,18,78,6188,13291
ATGGATCCGGCGTCCG-1,0,19,79,6440,13435
CGCCCGCTTCCGTACA-1,0,18,80,6189,13580
GGATTCCGCTATACCC-1,0,19,81,6441,13724
CGGTCTATCAACCCGT-1,0,18,82,6189,13869
ATGCCGGTTGATGGGA-1,0,19,83,6441,14014
TCATGCAGGTTCTCAT-1,0,18,84,6190,14159
TGAGCTTTAATGACGC-1,0,19,85,6442,14303
TCCCTTAGATTACTCG-1,0,18,86,6190,14448
ATATCTCCCTCGTTAA-1,0,19,87,6443,14593
AGCTCTTCCCAGTGCA-1,0,18,88,6191,14738
TCGCTAAACCGCTATC-1,0,19,89,6443,14882
CACATTCTTTCGATGG-1,0,18,90,6192,15027
GATATGCGGTAGCCAA-1,0,19,91,6444,15171
CGTTTCACTTCGGGCG-1,0,18,92,6192,15317
CCAATTACGGGTCGAG-1,0,19,93,6444,15461
GCAGGTAGAGTATGGT-1,0,18,94,6193,15606
GTCGTATTGGCGTACA-1,0,19,95,6445,15750
GAAATTAGCACGGATA-1,0,18,96,6193,15895
AATGCACCAAGCAATG-1,0,19,97,6445,16040
AGGACGCTCGATGTTG-1,0,18,98,6194,16185
GGCTAAAGGGCGGGTC-1,0,19,99,6446,16329
CATCTATCCCGTGTCT-1,0,18,100,6194,16474
CAGTAACTATTTATTG-1,0,19,101,6446,16619
CATATACTACTGATAA-1,0,18,102,6195,16764
GCGTTCGGAGACCGGG-1,0,19,103,6447,16908
AAGTTCAGTCTGCGTA-1,0,18,104,6195,17053
CGAAGCTATAAATTCA-1,0,19,105,6447,17198
CGCGGTCACAAACCAA-1,0,18,106,6196,17343
GGGAATGAGCCCTCAC-1,0,19,107,6448,17487
ACGGAGCGCAAATTAC-1,0,18,108,6196,17632
CGTTCTTCGCACACCT-1,0,19,109,6449,17776
GAATAGCCCTGCGGTC-1,0,18,110,6197,17922
AATAGCTACCGCGTGC-1,0,19,111,6449,18066
CCGAGCTGTGCTTGTC-1,0,18,112,6198,18211
GATGACGATGATCGCG-1,0,19,113,6450,18355
GCCTATGCTGGGCCTT-1,0,18,114,6198,18500
TTACTGTCTAGAGCTC-1,0,19,115,6450,18645
AGCGGTTGCCGCTCTG-1,0,18,116,6199,18790
GCTTGCAGCACAATTG-1,0,19,117,6451,18934
CCGGAGGTCTTATGGT-1,0,18,118,6199,19079
ACAGTATACCGTGGGA-1,0,19,119,6451,19224
GGGATCCCAATACAAA-1,0,18,120,6200,19369
ATTACGACTCCACAGT-1,0,19,121,6452,19513
CTCACACGCAAGCCTA-1,0,18,122,6200,19658
CCAGATGTAAATGGGT-1,0,19,123,6452,19802
GAACTTGTGCACGGGA-1,0,18,124,6201,19948
AAGCCGCTTTACCTTG-1,0,19,125,6453,20092
TCCATTCCCACTAGAG-1,0,18,126,6201,20237
AGAGCGCTTGTAACGG-1,0,19,127,6454,20381
TGGGTTCCCGGACGGA-1,0,20,0,6670,2001
GCTGCGCCTCCCACGT-1,0,21,1,6922,2146
CTGTTGGCTCTTCTGA-1,0,20,2,6671,2291
TTGTTCTAGATACGCT-1,0,21,3,6923,2435
CCCTCAAGCTCTTAGT-1,0,20,4,6671,2580
TGGTCTAGCTTACATG-1,0,21,5,6924,2724
ATGCACCTTCCTTAAT-1,0,20,6,6672,2870
GGGATACGGTAATAAT-1,0,21,7,6924,3014
AGTTCACCGGTTGGAC-1,0,20,8,6673,3159
GACATACTGTCGCAGA-1,0,21,9,6925,3303
TGGACACCGTTGCTTG-1,0,20,10,6673,3449
TGCGATGCTAATGGCT-1,0,21,11,6925,3593
TTCTGTTTCCTGTCGC-1,0,20,12,6674,3738
CGTTGTAAACGTCAGG-1,0,21,13,6926,3882
GATCGGCGATAAGTCG-1,0,20,14,6674,4027
AGCCTTAAAGCGGAAG-1,0,21,15,6926,4172
TCCGTAACCACAATCC-1,0,20,16,6675,4317
GAATGCCGAAATGACC-1,0,21,17,6927,4461
TATACTCATGCGGCAA-1,0,20,18,6675,4606
TAGTGTCAGAAACGGC-1,0,21,19,6927,4751
CGTCATACCATATCCA-1,0,20,20,6676,4896
TAGTACCTTAGTGGTC-1,0,21,21,6928,5040
CTGGCGGGAATAAGTA-1,0,20,22,6676,5185
AGTGTGGTCTATTGTG-1,0,21,23,6929,5329
GCTATCGCGGCGCAAC-1,0,20,24,6677,5475
CAGTAATCCCTCCCAG-1,0,21,25,6929,5619
GTATTAAGGCGTCTAA-1,0,20,26,6678,5764
CTAATTTCAACAACAC-1,0,21,27,6930,5908
TTAGCAACATGGATGT-1,0,20,28,6678,6053
ATGCTCAGTGTTGCAT-1,0,21,29,6930,6198
GATGTTTGTGCGAGAT-1,0,20,30,6679,6343
CACTTCGCCACAGGCT-1,0,21,31,6931,6487
CTGTATGGTGTAGAAA-1,0,20,32,6679,6632
TACGTGCACTATGCTG-1,0,21,33,6931,6777
GTATCAGCTTGGGTTC-1,0,20,34,6680,6922
TAACAAAGGGAGAAGC-1,0,21,35,6932,7066
TTACATCGTGGCCTGG-1,0,20,36,6680,7211
TCTGAACCGGTCGGCT-1,0,21,37,6932,7356
GGCTCGTGCCACCAGC-1,0,20,38,6681,7501
TATAAGTGAGGATAGC-1,0,21,39,6933,7645
GCCCGCGCGTTTGACA-1,0,20,40,6681,7790
TGCTGGTTGGACAATT-1,0,21,41,6933,7934
GCCTAGCGATCTGACC-1,0,20,42,6682,8080
CCATGCTCTGCAGGAA-1,0,21,43,6934,8224
TATAAATCCACAAGCT-1,0,20,44,6683,8369
CGCTCGACATAATGAT-1,0,21,45,6935,8513
CCAATTGAATGTTAAT-1,0,20,46,6683,8658
GCTAATACCGAATGCC-1,0,21,47,6935,8803
TTCAACGACCCGACCG-1,0,20,48,6684,8948
TTCCTCGAGGGTGTCT-1,0,21,49,6936,9092
CAACGACCCGTTTACA-1,0,20,50,6684,9237
CTTGTACTTGTTGACT-1,0,21,51,6936,9382
TCTCTAATAGCTGGTA-1,0,20,52,6685,9527
ATTATGCCATAGGGAG-1,0,21,53,6937,9671
GACAACGCAGCTTACG-1,0,20,54,6685,9816
AGATGACTCGCCCACG-1,0,21,55,6937,9960
GTGCGGGTCTCCAAAT-1,0,20,56,6686,10106
GTACGAGATTGCGACA-1,0,21,57,6938,10250
GTATAGGACTCAGTAG-1,0,20,58,6686,10395
TTGCACGGAGCAGCAC-1,1,21,59,6938,10539
CACAGCTAGGGAGTGA-1,1,20,60,6687,10685
ATACTAGCATGACCCT-1,1,21,61,6939,10829
CCAAGACTTCTGCGAA-1,1,20,62,6687,10974
ACATAATAAGGCGGTG-1,1,21,63,6940,11118
TAATACACAGTAGTAT-1,1,20,64,6688,11263
TCTTGGTAACACCAAA-1,1,21,65,6940,11408
AACTGGGTCCCGACGT-1,1,20,66,6689,11553
ATCACTTCATCCTCGC-1,1,21,67,6941,11697
TGGAAGGATAAAGATG-1,1,20,68,6689,11842
CATGATGCACAATTCT-1,1,21,69,6941,11987
TGCCTGATCAAACGAT-1,1,20,70,6690,12132
ATAGGGATATCCTTGA-1,1,21,71,6942,12276
CACCTAATCAGTTTAC-1,1,20,72,6690,12421
TGTGACTACGCCAGTC-1,1,21,73,6942,12565
CCCGACCATAGTCCGC-1,0,20,74,6691,12711
CGCGCCCGACTTAATA-1,1,21,75,6943,12855
TGCCACCTGGCGAAAC-1,0,20,76,6691,13000
CTGCCAAGGTTGGAAG-1,0,21,77,6943,13144
TCTCCAACGTAGGTTA-1,0,20,78,6692,13290
TTCTTGGAGTAATGAG-1,0,21,79,6944,13434
GTCTCGATCTGCTTTC-1,0,20,80,6692,13579
TACTCTCCGAACAAAT-1,0,21,81,6945,13723
ATCACATTAGAATATC-1,0,20,82,6693,13868
TACGGGATGCTAGCAG-1,0,21,83,6945,14013
AGCTGAAGTAAACCAA-1,0,20,84,6694,14158
CATGGGTCGGGTGTGG-1,0,21,85,6946,14302
CACCCACGAGGCAATT-1,0,20,86,6694,14447
TGCCATTACTAAAGAA-1,0,21,87,6946,14592
CCGTTACGTTAGAACA-1,0,20,88,6695,14737
GCCAGGAGTAACCGAT-1,0,21,89,6947,14881
GGAAAGTGCCCATGCC-1,0,20,90,6695,15026
TCTTACCGGAACTCGT-1,0,21,91,6947,15170
TATGTCAAGACCGACT-1,0,20,92,6696,15316
CCTAACTAAGGCTCTA-1,0,21,93,6948,15460
GCGGTGAACTGCGCTC-1,0,20,94,6696,15605
CCTCGCGCGATATAGG-1,0,21,95,6948,15749
ATCGGCAAGCAGTCCA-1,0,20,96,6697,15895
AGATCGTGCATAAGAT-1,0,21,97,6949,16039
ATTCAGGACCTATTTC-1,0,20,98,6697,16184
AGCTAGAAGCAGAAGT-1,0,21,99,6949,16328
TTCGCTATCTGACGTG-1,0,20,100,6698,16473
TTCCGCAGAGAAATAT-1,0,21,101,6950,16618
CAGTACATTCTCTAAA-1,0,20,102,6698,16763
GTGAAGATTTCAAGTG-1,0,21,103,6951,16907
AACGCATGATCTGGGT-1,0,20,104,6699,17052
CCCAGAGGAGGGCGTA-1,0,21,105,6951,17197
GGAAACCTTGTTGAAT-1,0,20,106,6700,17342
GTGAAGCCGTATAGTC-1,0,21,107,6952,17486
GAGCTGTCGTCTCGGA-1,0,20,108,6700,17631
TGTCATTTGTTGGGAA-1,0,21,109,6952,17775
ACCAACACCACACACT-1,0,20,110,6701,17921
AAATGATTCGATCAGC-1,0,21,111,6953,18065
CTGCTTTATGTCCGCG-1,0,20,112,6701,18210
GCGAGAGGCCATGTAA-1,0,21,113,6953,18354
ATTGACCGGCGATGAC-1,0,20,114,6702,18500
ACCCTGGTAACGCCCT-1,0,21,115,6954,18644
GTTGGACCGCATCAGG-1,0,20,116,6702,18789
CGTTTACAAGGCAGCT-1,0,21,117,6954,18933
CGGTCCATGAGACTCC-1,0,20,118,6703,19078
GTTCGTCTGGGTCCCT-1,0,21,119,6955,19223
TGTACTACTCTCACGG-1,0,20,120,6703,19368
AGTGAAGATGGTGTCC-1,0,21,121,6956,19512
GAGGGCCATAATATTA-1,0,20,122,6704,19657
ACTCCCGTAGACTAGG-1,0,21,123,6956,19802
CGTCAAATGGTCGCAG-1,0,20,124,6705,19947
AAGTCTAGTAGCTGCC-1,0,21,125,6957,20091
AAGAAATCACCAGATT-1,0,20,126,6705,20236
GAGTGCACGGACAACA-1,0,21,127,6957,20380
GTTCAAATCAGATGTC-1,0,22,0,7174,2000
CATGGCTCCCTATGTC-1,0,23,1,7426,2145
GGCCACACGAAAGCCT-1,0,22,2,7175,2290
GAAGCCGGGTAAGCTC-1,0,23,3,7427,2434
TTGCGCTCTCTCGCTT-1,0,22,4,7175,2579
TACATGACCTTATCCG-1,0,23,5,7427,2723
GTCCTTCTACAACCCA-1,0,22,6,7176,2869
TATATGCTGGGTTGCC-1,0,23,7,7428,3013
GTTTATGGGATTTAGA-1,0,22,8,7176,3158
GGAACCCGAACAAGAA-1,0,23,9,7428,3302
AACGTTATCAGCACCT-1,0,22,10,7177,3448
CATCGTCCGGTTACTA-1,0,23,11,7429,3592
AGACAGCTCAGAATCC-1,0,22,12,7177,3737
GCAGATCCTCGCAAAT-1,0,23,13,7429,3881
GGGTCATGCGTACCAT-1,0,22,14,7178,4026
CTGGTCATTCCAATCC-1,0,23,15,7430,4171
TCAGGGCGCAAACTCG-1,0,22,16,7178,4316
GATGCCAGCAGAAGGC-1,0,23,17,7431,4460
GTTATTAACGTGGGAG-1,0,22,18,7179,4605
AATACAATGTTTCAGG-1,0,23,19,7431,4750
TTGCTGCACCTATCCA-1,0,22,20,7180,4895
CCAGAGACAAAGCCGG-1,0,23,21,7432,5039
CCGAAGTATATTGTTC-1,0,22,22,7180,5184
GCTAAACCTGAGGTGA-1,0,23,23,7432,5328
TCATACTTACAGATCC-1,0,22,24,7181,5474
CGAGCACTTCAAGTTT-1,0,23,25,7433,5618
TAGCAACCTGTCACAA-1,0,22,26,7181,5763
TGGGAAATGCCTTTCC-1,0,23,27,7433,5907
AGACCATGGGATACAA-1,0,22,28,7182,6053
TAAATGAATCCGTTTC-1,0,23,29,7434,6197
ACAACGGTCCCTGCGA-1,0,22,30,7182,6342
GTCACTCTCCAAATCT-1,0,23,31,7434,6486
TTCTACTTGCGAGGGC-1,0,22,32,7183,6631
CGCAATTACTTTCGGT-1,0,23,33,7435,6776
CTGTTCATCTCACGGG-1,0,22,34,7183,6921
TTCTTGTAACCTAATG-1,0,23,35,7435,7065
GCTTGATGATAATCAG-1,0,22,36,7184,7210
TTGGCTCGCATGAGAC-1,0,23,37,7436,7355
GCCCAGTTGGTATGCC-1,0,22,38,7184,7500
ATTCCTCCGCCAGTGC-1,0,23,39,7437,7644
TCGTCCGCTGGCGTCT-1,0,22,40,7185,7789
GGAGAAGTCATTGGCA-1,0,23,41,7437,7933
TTGTTAGCAAATTCGA-1,0,22,42,7186,8079
TCTAGCATCTTCGATG-1,0,23,43,7438,8223
TTCTAGGCCAATTGTG-1,0,22,44,7186,8368
TCACGGTCATCGCACA-1,0,23,45,7438,8512
ATGAAGCCAAGGAGCC-1,0,22,46,7187,8658
AATGACTGTCAGCCGG-1,0,23,47,7439,8802
CCAAACAGAACCCTCG-1,0,22,48,7187,8947
TATCGATGATTAAACG-1,0,23,49,7439,9091
GAACACACATCAACCA-1,0,22,50,7188,9236
CCCGTCAGCGTCTGAC-1,0,23,51,7440,9381
AGCATCGTCGATAATT-1,0,22,52,7188,9526
GACTAAGATCATGCAC-1,0,23,53,7440,9670
TAGGGTGTTTCAAGAG-1,0,22,54,7189,9815
TGGTTCGTAGCAAAGG-1,1,23,55,7441,9960
CTGTTCACTGCCTGTG-1,1,22,56,7189,10105
ATGTGCATCCGACGCA-1,1,23,57,7442,10249
TTGTCGTTCAGTTACC-1,1,22,58,7190,10394
CGGGATCAATGTAAGA-1,1,23,59,7442,10538
TTATCTGTATCATAAC-1,1,22,60,7191,10684
ATCGACTCTTTCCGTT-1,1,23,61,7443,10828
CTCATTTGATGGGCGG-1,1,22,62,7191,10973
GTAAGCGGGCAGTCAG-1,1,23,63,7443,11117
TCTATCGGTCGCAACA-1,1,22,64,7192,11262
AACGCGGTCTCCAGCC-1,1,23,65,7444,11407
ATTAATACTACGCGGG-1,1,22,66,7192,11552
CTTTAACTTTCAAAGG-1,1,23,67,7444,11696
CGTACCTGATAGGCCT-1,1,22,68,7193,11841
GAATGTTGGGTAATCT-1,1,23,69,7445,11986
TGCGGAGTAAAGGTGC-1,1,22,70,7193,12131
CCTGAATATTTACATA-1,1,23,71,7445,12275
TTGCTCCCATACCGGA-1,1,22,72,7194,12420
CCTCTAATCTGCCAAG-1,1,23,73,7446,12565
AGGTTGAGGCACGCTT-1,1,22,74,7194,12710
TCCCGTCAGTCCCGCA-1,1,23,75,7446,12854
TCCGATGACTGAGCTC-1,1,22,76,7195,12999
CAGCCTCCTGCAGAGG-1,1,23,77,7447,13143
CTTAGCCTTCCACATG-1,0,22,78,7195,13289
ATTAATGAACCAGTCG-1,0,23,79,7448,13433
ACGATACATAGAACTA-1,0,22,80,7196,13578
AGCCACTCCCGTGCTT-1,0,23,81,7448,13722
ATACGGGTTTCGATTG-1,0,22,82,7197,13867
CTGTCAAATGGCTCGG-1,0,23,83,7449,14012
GCTCGGAATTTAAAGC-1,0,22,84,7197,14157
TAGGCATGTTACGCCA-1,0,23,85,7449,14301
TGGCAACTCGCGCGCC-1,0,22,86,7198,14446
ATCAGTAGGCAGGGAT-1,0,23,87,7450,14591
TATCGATCTATGCATA-1,0,22,88,7198,14736
CGACTCAGGATGTTAT-1,0,23,89,7450,14880
GCCATATTGCACACAG-1,0,22,90,7199,15025
AATTCATAAGGGATCT-1,0,23,91,7451,15169
CGGTAGAGGTGCAGGT-1,0,22,92,7199,15315
AATGATGATACGCTAT-1,0,23,93,7451,15459
CTTGTGCTCACCGATT-1,0,22,94,7200,15604
TTCCAATCAGAGCTAG-1,0,23,95,7452,15748
CGATGGACCCTACGCC-1,0,22,96,7200,15894
GGTCGGATAAACGGCG-1,0,23,97,7453,16038
TTAGCTAATACGATCT-1,0,22,98,7201,16183
CTCGATATTTGCGAGC-1,0,23,99,7453,16327
ATTACTTACTGGGCAT-1,0,22,100,7202,16472
CTAGCCGATGTTATGA-1,0,23,101,7454,16617
TACTGCAATCAATTAC-1,0,22,102,7202,16762
TAGTCTGTGACGTTGC-1,0,23,103,7454,16906
CTCGTTTCTAATGTTT-1,0,22,104,7203,17051
TTCGTTCAACGAAGTT-1,0,23,105,7455,17196
CTGAATTTATTGCCAG-1,0,22,106,7203,17341
TGGAATATCCTTGACC-1,0,23,107,7455,17485
CAGATCATTTAAAGTC-1,0,22,108,7204,17630
CTCCTTTACGCAAGTC-1,0,23,109,7456,17774
TCCCAAACAGACAACG-1,0,22,110,7204,17920
ATCGCTGCGTGCAGCA-1,0,23,111,7456,18064
TTAGTTCAAGTGTTCG-1,0,22,112,7205,18209
AAACTCGTGATATAAG-1,0,23,113,7457,18353
TTAACGAACAAGCAGT-1,0,22,114,7205,18499
GTTATATCAGGAGCCA-1,0,23,115,7457,18643
CAAATTGGATTATGCC-1,0,22,116,7206,18788
CGAGGAGCTTCCATAT-1,0,23,117,7458,18932
GGAGACCAATGTGCTT-1,0,22,118,7207,19077
CATTGATGAACACGCC-1,0,23,119,7459,19222
GTCAATGCTATAATTT-1,0,22,120,7207,19367
ACCACCCTCTCTTCTA-1,0,23,121,7459,19511
TGGAGGGAAACACCTC-1,0,22,122,7208,19656
CACGGACGTGGATGGC-1,0,23,123,7460,19801
AACTTTCTCGATCATG-1,0,22,124,7208,19946
CGTATTGTTTCCTAAT-1,0,23,125,7460,20090
CCTACTGCGGCGGCCA-1,0,22,126,7209,20235
CTTAGGTCCCAATCGT-1,0,23,127,7461,20379
CGCAATCGATCATTAG-1,0,24,0,7678,1999
TGGTTATGCTTGCGGT-1,0,25,1,7930,2144
GGCTTGGCTCTCACCT-1,0,24,2,7678,2289
ATTGGTAGGATCCGCT-1,0,25,3,7930,2433
TCAGGGCGACTTCCTT-1,0,24,4,7679,2578
TCTGCAGATTCGAGTC-1,0,25,5,7931,2723
CTCTCGCTGTACTATG-1,0,24,6,7679,2868
AATAGTCGCGAGTCGG-1,0,25,7,7931,3012
AGTTACCCTTAAGACT-1,0,24,8,7680,3157
CTTAAATAAGACCCAT-1,0,25,9,7932,3301
GGTTGTGCTCTTGTCC-1,0,24,10,7680,3447
GTGAGTCTAAGACGGA-1,0,25,11,7932,3591
CGCGACACTGCGCAGC-1,0,24,12,7681,3736
GCTCGCGGTTCCGCTC-1,0,25,13,7933,3880
TTAACTCACGCGTGGA-1,0,24,14,7682,4025
GGAACGGCCTGCAGCC-1,0,25,15,7934,4170
GTAGAAACGGGTGGAG-1,0,24,16,7682,4315
TAATGAAAGACCCTTG-1,0,25,17,7934,4459
AGGCTTGCTAGACACC-1,0,24,18,7683,4604
TTGCGTAGTTTGAGGA-1,0,25,19,7935,4749
CGCCCTTGAAGGCTGA-1,0,24,20,7683,4894
CCCGGTGGAAGAACCT-1,0,25,21,7935,5038
TTAACACCTCGAACAT-1,0,24,22,7684,5183
GATTCCTATACGGCGC-1,0,25,23,7936,5327
TTACCCTAACAGTCCT-1,0,24,24,7684,5473
ACCCACCTACATGCTC-1,0,25,25,7936,5617
AAAGGGCAGCTTGAAT-1,0,24,26,7685,5762
CACACAGGGATAGATT-1,0,25,27,7937,5906
AGAGCGTACAAGCTCG-1,0,24,28,7685,6052
TCTTACGGCATCCGAC-1,0,25,29,7937,6196
GCCTATTCCGATATAG-1,0,24,30,7686,6341
GAAAGTGACTAACTGC-1,0,25,31,7938,6485
CCGGAATGGTTTCAGT-1,0,24,32,7686,6630
AGTATAATACTAGGCA-1,0,25,33,7939,6775
TAACTATCGAAGGTCC-1,0,24,34,7687,6920
ATGAGGAGTGTTAATC-1,0,25,35,7939,7064
TGTGTCGCGAGTTGCA-1,0,24,36,7688,7209
ATCCAACGCAGTCATA-1,0,25,37,7940,7354
AAGGCGCGTAAAGCTT-1,0,24,38,7688,7499
AGTCGGCCCAAACGAC-1,0,25,39,7940,7643
AACGTCAGACTAGTGG-1,0,24,40,7689,7788
ACTACCAGCTCTCTGG-1,0,25,41,7941,7932
GCAAGTGCACAGAGAA-1,0,24,42,7689,8078
ACACCTTAAGTAGGGC-1,0,25,43,7941,8222
TTCGACGGGAAGGGCG-1,0,24,44,7690,8367
TTCGCACTCGCGTGCT-1,0,25,45,7942,8511
TATTTGTTACCCTTTA-1,0,24,46,7690,8657
CGCTGTGACGCCGCAC-1,0,25,47,7942,8801
GTTGCACGGAGTTTCG-1,0,24,48,7691,8946
GTTTCCTGGAGGGTGA-1,0,25,49,7943,9090
ACACCCAGCATGCAGC-1,0,24,50,7691,9235
TCAACCATGTTCGGGC-1,1,25,51,7944,9380
TTACAACTACGCATCC-1,1,24,52,7692,9525
TCCGATGGTGCGACAT-1,1,25,53,7944,9669
GGGCGTACATTTATAT-1,1,24,54,7693,9814
AGCGACCAACGATATT-1,1,25,55,7945,9959
ACACAAAGACGGGTGG-1,1,24,56,7693,10104
ATCGCACGCCGGGAGA-1,1,25,57,7945,10248
GCTCTAAACCCTGACG-1,1,24,58,7694,10393
AATGCAACCGGGTACC-1,1,25,59,7946,10537
TCAAACAACCGCGTCG-1,1,24,60,7694,10683
TATGCTCCCTACTTAC-1,1,25,61,7946,10827
AAAGGGATGTAGCAAG-1,1,24,62,7695,10972
ACGATCATACATAGAG-1,1,25,63,7947,11116
TTGTTCAGTGTGCTAC-1,1,24,64,7695,11262
ATGCATGATCCAGGAT-1,1,25,65,7947,11406
AGTCTTCTCCTCAAAT-1,1,24,66,7696,11551
GATTCCCTTGTCGCAG-1,1,25,67,7948,11695
CTCGCACCTATATAGT-1,1,24,68,7696,11840
ACTCAATAAAGGCACG-1,1,25,69,7948,11985
AACCGAGCTTGGTCAT-1,1,24,70,7697,12130
TAAGGCAACATAAGAT-1,1,25,71,7949,12274
CACGCACAGCGCAGCT-1,1,24,72,7697,12419
GGTTTACAATCTCAAT-1,1,25,73,7950,12564
TGCAGGATCGGCAAAG-1,1,24,74,7698,12709
ATAACGGAGTCCAACG-1,1,25,75,7950,12853
AACGATATGTCAACTG-1,1,24,76,7699,12998
GACAACGACCATTGAA-1,1,25,77,7951,13142
TTGACCATGTTCTCCG-1,1,24,78,7699,13288
AGTACGGGCACCTGGC-1,1,25,79,7951,13432
CGCCATCCGATTATGA-1,0,24,80,7700,13577
AAGGTATCCTAATATA-1,0,25,81,7952,13721
TGTTGTCAAGAAGTCT-1,0,24,82,7700,13867
CAGTGAATAAATGACT-1,0,25,83,7952,14011
CACCTTGCGAAACTCG-1,0,24,84,7701,14156
CATTTAGCGGACCATG-1,0,25,85,7953,14300
CCAGTCTAGACGGCGC-1,0,24,86,7701,14445
TCGCTTTAAACGTTTG-1,0,25,87,7953,14590
GTGAAACGGCGCCACC-1,0,24,88,7702,14735
GGGCTCATCGAACCCA-1,0,25,89,7954,14879
TTGATGTGTAGTCCCG-1,0,24,90,7702,15024
CAGTAGCCCACGCGGT-1,0,25,91,7955,15169
AGCGCGGGTGCCAATG-1,0,24,92,7703,15314
TAATCGATCCGTACGT-1,0,25,93,7955,15458
AGTGGCGGCAATTTGA-1,0,24,94,7704,15603
CCTTTCAATGAAGAAA-1,0,25,95,7956,15747
CTCAGTCACGACAAAT-1,0,24,96,7704,15893
ATAGGCTAGCTTCGCA-1,0,25,97,7956,16037
CGGTTCAAGTAGGTGT-1,0,24,98,7705,16182
CAGTCGAGGATGCAAT-1,0,25,99,7957,16326
TATCACCCAACCGACC-1,0,24,100,7705,16472
AATGATGCGACTCCTG-1,0,25,101,7957,16616
TGGAACCACTGACACA-1,0,24,102,7706,16761
GCCAATAGGGCATCTC-1,0,25,103,7958,16905
TTCTTTGGTCGCGACG-1,0,24,104,7706,17050
ATTAGATTCCTCAGCA-1,0,25,105,7958,17195
CCGTGGAACGATCCAA-1,0,24,106,7707,17340
GGGTCGTGGCAAGTGT-1,0,25,107,7959,17484
TCGCTCGGCACCAGCG-1,0,24,108,7707,17629
ACGCAATCACTACAGC-1,0,25,109,7959,17774
CTCTAATGCATTGATC-1,0,24,110,7708,17919
GTCTCGACTAAGTTTG-1,0,25,111,7960,18063
TGGTTTAAACGTGGGT-1,0,24,112,7708,18208
CGCAGATCTTCACCCG-1,0,25,113,7961,18352
TCCAGATGTACGCCAA-1,0,24,114,7709,18498
CATTGCGGGTCAATTC-1,0,25,115,7961,18642
GACGTTCGTAAATACA-1,0,24,116,7710,18787
TACACCGTCGTTAGTC-1,0,25,117,7962,18931
ACGGGCGTATGCGACA-1,0,24,118,7710,19076
GAAGGCTACCATTGTT-1,0,25,119,7962,19221
TAAATCTTTACACCTC-1,0,24,120,7711,19366
AGTTTATGTAAAGACA-1,0,25,121,7963,19510
AGGAGACATCCACAGT-1,0,24,122,7711,19655
CAACCTGAACCTGCCA-1,0,25,123,7963,19800
AGTCCCTCGCAGAAAG-1,0,24,124,7712,19945
TGTATACGGATGATGA-1,0,25,125,7964,20089
TTGTGGTATAGGTATG-1,0,24,126,7712,20234
TCTGCACCATTAGTAA-1,0,25,127,7964,20378
AAATGTATCTTATCCC-1,0,26,0,8181,1998
ACTCTAAACCTGGGAT-1,0,27,1,8433,2143
GCTGGCAGGTGCCGTG-1,0,26,2,8182,2288
CTCATTCGTGAACATC-1,0,27,3,8434,2432
TCGCCGGATGGGCAAG-1,0,26,4,8182,2577
GGACTAAGTCAGGAGT-1,0,27,5,8434,2722
TATCAAAGGTCTGTAA-1,0,26,6,8183,2867
TTCAGTTTGTGGCAGC-1,0,27,7,8435,3011
TGTTCATAAATGTGCT-1,0,26,8,8183,3156
CTTAGCCCGGATAGTG-1,0,27,9,8436,3300
GATGCGAATGGTATTA-1,0,26,10,8184,3446
TCTAACTGTATGTAAA-1,0,27,11,8436,3590
TTAAACCTGGTTCCTT-1,0,26,12,8185,3735
GCTAAGTAAAGGCGAT-1,0,27,13,8437,3879
AGTTACCGCACATGGT-1,0,26,14,8185,4025
GACTGCGGCACGTGTA-1,0,27,15,8437,4169
TGGTGATCGTATTTGT-1,0,26,16,8186,4314
TTATCGCCTGCGAAGC-1,0,27,17,8438,4458
TGGAATTAGACGCTTT-1,0,26,18,8186,4603
TCGTCACACTGTTAGC-1,0,27,19,8438,4748
TTATGTTTGCGATAGA-1,0,26,20,8187,4893
GGTGCTGATCACAAAG-1,0,27,21,8439,5037
CATAGCCGCCCGGGAT-1,0,26,22,8187,5182
GGTTAGTTACGGCGCC-1,0,27,23,8439,5327
ATTCCCACATAAACAA-1,0,26,24,8188,5472
ATTCAGTAGCAGGGTC-1,0,27,25,8440,5616
CAGTTCCGCGGGTCGA-1,0,26,26,8188,5761
AAGAGATGAATCGGTA-1,0,27,27,8441,5905
CGCAATTCTACAATAA-1,0,26,28,8189,6051
TAACGCTTTGAGAGCG-1,0,27,29,8441,6195
AGGCTATGGTTAGCTT-1,0,26,30,8190,6340
GAGGAATGGAGAGGTT-1,0,27,31,8442,6484
TCCTCTACGAGATGGC-1,0,26,32,8190,6630
TTGATTATGCAGATGA-1,0,27,33,8442,6774
TCAGTACTGACCCGCG-1,0,26,34,8191,6919
TTATGACAAACTGGAT-1,0,27,35,8443,7063
GTAAGTAGGGTATACC-1,0,26,36,8191,7208
CGCAAACACGAGTTAC-1,0,27,37,8443,7353
TGGCCGTATATTGACC-1,0,26,38,8192,7498
ACTGTAGCACTTTGGA-1,0,27,39,8444,7642
GCTCTATGTTACGTGC-1,0,26,40,8192,7787
TGCGCGATTAACGGAG-1,0,27,41,8444,7932
GAATCGACATGGTCAC-1,0,26,42,8193,8077
GACTAAGTAGGCTCAC-1,0,27,43,8445,8221
ATCTTGACCTGCAACG-1,0,26,44,8193,8366
ATGCACTACCGCATTG-1,1,27,45,8445,8510
CAGATACTAACATAGT-1,0,26,46,8194,8656
GATCGACACTATCTGA-1,1,27,47,8446,8800
ATAGAGTACTGGGACA-1,1,26,48,8194,8945
CCTACTGCTTACACTT-1,1,27,49,8447,9089
CCTGCTATTTGAGAAG-1,1,26,50,8195,9234
CGCGTTCATGAAATAC-1,1,27,51,8447,9379
CATTATGCTTGTTGTG-1,1,26,52,8196,9524
CCAGGGACGTGGCCTC-1,1,27,53,8448,9668
TATGGATGTGCTACGC-1,1,26,54,8196,9813
GTACTAAGATTTGGAG-1,1,27,55,8448,9958
AGACCCGCCCTCCTCG-1,1,26,56,8197,10103
CGCATTAGCTAATAGG-1,1,27,57,8449,10247
GCTCTCGGGTACCGAA-1,1,26,58,8197,10392
CACCGCCAGAAGGTTT-1,1,27,59,8449,10536
TCCCAAAGACGAAGGA-1,1,26,60,8198,10682
ATGGATTGACCAAACG-1,1,27,61,8450,10826
GTCATGGACATGACTA-1,1,26,62,8198,10971
CTACTGCCACCTGACC-1,1,27,63,8450,11115
TTATATTTGGCAATCC-1,1,26,64,8199,11261
AGCACCAGTACTCACG-1,1,27,65,8451,11405
CATGGTCTAGATACCG-1,1,26,66,8199,11550
TCTACCGTCCACAAGC-1,1,27,67,8452,11694
CTAGTTGGGCCCGGTA-1,1,26,68,8200,11839
TCCCGCGTACTCCTGG-1,1,27,69,8452,11984
CAGAGCATGAGCTTGC-1,1,26,70,8201,12129
ACACGGGAACTTAGGG-1,1,27,71,8453,12273
GGCTCTGCTCCAACGC-1,1,26,72,8201,12418
AGAACGTGGTACATTC-1,1,27,73,8453,12563
CAATAAACCTTGGCCC-1,1,26,74,8202,12708
ACTTCGCCATACGCAC-1,1,27,75,8454,12852
ATCTGGTTAAGACTGT-1,1,26,76,8202,12997
TCGTAAGACGACATTG-1,1,27,77,8454,13141
GTGTACCTTGGCTACG-1,1,26,78,8203,13287
GCCCGTAATACCTTCT-1,1,27,79,8455,13431
CGGTCAAGTGGGAACC-1,1,26,80,8203,13576
TTGTAAGGCCAGTTGG-1,1,27,81,8455,13720
GGAGCACCAAGAACTA-1,0,26,82,8204,13866
TAATAGTGACGACCAG-1,1,27,83,8456,14010
CTAAATCCTATTCCGG-1,0,26,84,8204,14155
CGAGTTCTGTCCCACC-1,0,27,85,8456,14299
AGGCAGATGCGTAAAC-1,0,26,86,8205,14444
AAGGATGAGGGACCTC-1,0,27,87,8457,14589
AGAGAACCGTCTAGGA-1,0,26,88,8206,14734
GAGGGCGCAGCTCTGC-1,0,27,89,8458,14878
AAGATTGGCGGAACGT-1,0,26,90,8206,15023
CCAGTAGTCTGATCCA-1,0,27,91,8458,15168
AAGGGACAGATTCTGT-1,0,26,92,8207,15313
ATAGAGTTATCAACTT-1,0,27,93,8459,15457
AAATTACCTATCGATG-1,0,26,94,8207,15602
GATCCTAAATCGGGAC-1,0,27,95,8459,15746
TTACAGACCTAAATGA-1,0,26,96,8208,15892
CCTCACCTTAGCATCG-1,0,27,97,8460,16036
CATGCGACCAGTTTAA-1,0,26,98,8208,16181
AACATATCAACTGGTG-1,0,27,99,8460,16325
CTATAAGAGCCAATCG-1,0,26,100,8209,16471
AATATCGAGGGTTCTC-1,0,27,101,8461,16615
GTACTCCTGGGTATGC-1,0,26,102,8209,16760
ATAAGTAGGATTCAGA-1,0,27,103,8461,16904
AGGTCGCGGAGTTACT-1,0,26,104,8210,17049
CTAATTCTCAGATATT-1,0,27,105,8462,17194
GCCAACCATTTCCGGA-1,0,26,106,8210,17339
TGATCCCAGCATTAGT-1,0,27,107,8463,17483
CGTTGTAAGATTGATT-1,0,26,108,8211,17628
GAAACCATGGTGCGCT-1,0,27,109,8463,17773
AATCTATGCCGGAGCC-1,0,26,110,8212,17918
GACTCCCAGAATAAGG-1,0,27,111,8464,18062
TATGATCCGGCACGCC-1,0,26,112,8212,18207
CCGCTTGCTGACATGG-1,0,27,113,8464,18351
TGGTTAAGGGCGCTGG-1,0,26,114,8213,18497
TTGATAGTCAATACAT-1,0,27,115,8465,18641
GGTTTAATTGAGCAGG-1,0,26,116,8213,18786
CATTACATAGATTGTG-1,0,27,117,8465,18930
GGTACACCAGATTTAT-1,0,26,118,8214,19076
GGCCCGTATACCATGC-1,0,27,119,8466,19220
ATCTTTCGTATAACCA-1,0,26,120,8214,19365
GAGATGACAATCCTTA-1,0,27,121,8466,19509
AAAGCTTGCCTACATA-1,0,26,122,8215,19654
GAACGATAAGTTAAAG-1,0,27,123,8467,19799
TAATAGCTAAATGATG-1,0,26,124,8215,19944
TATGGCTAGGCTAATT-1,0,27,125,8468,20088
AGGAGAGTCTGGCTAC-1,0,26,126,8216,20233
TGCTCTGCCGGTTCAC-1,0,27,127,8468,20378
CCAATAGATTTCATCT-1,0,28,0,8685,1997
GGGCACGAATTGGCCG-1,0,29,1,8937,2142
TCGTTGACAGGGTCCC-1,0,28,2,8685,2287
ATCGTATTCCGAGAAC-1,0,29,3,8938,2431
GGGAATTCTGTCCAGT-1,0,28,4,8686,2576
ACGCGTTTCTTAAGAG-1,0,29,5,8938,2721
GAGAGCGCAGTCCCTG-1,0,28,6,8687,2866
GTCCTATTGTTGTGGT-1,0,29,7,8939,3010
CATCTGCAGGATCATT-1,0,28,8,8687,3155
GAGTCGACAGACCCTC-1,0,29,9,8939,3299
AAGTGCAAAGGTAGAC-1,0,28,10,8688,3445
AGGGTGGATAGTGCAT-1,0,29,11,8940,3589
TGATAGCGGGATTCTA-1,0,28,12,8688,3734
GTCAGTTTGGTAGTCG-1,0,29,13,8940,3878
GCATTCGAAATGAACA-1,0,28,14,8689,4024
AAAGACTGGGCGCTTT-1,0,29,15,8941,4168
TAACAATATTTGTTGC-1,0,28,16,8689,4313
CCAGCTTCCGCCCGCA-1,0,29,17,8941,4457
GATATGGATTACGCGG-1,0,28,18,8690,4602
AGAGCAGTTATGAGAC-1,0,29,19,8942,4747
TCACATCTTATCTGAT-1,0,28,20,8690,4892
TATGAAGACAGGTGCG-1,0,29,21,8943,5036
TACCTGCTGCACTGTG-1,0,28,22,8691,5181
TAGGTCCAAGTAAGGA-1,0,29,23,8943,5326
GAAACTCGTGCGATGC-1,0,28,24,8692,5471
AACAATTACTCTACGC-1,0,29,25,8944,5615
CCGCACGTGACCTCGG-1,0,28,26,8692,5760
AACTTGCCCGTATGCA-1,0,29,27,8944,5904
GGGTATGTATGCACTT-1,0,28,28,8693,6050
TTCGTACTCCAGAACG-1,0,29,29,8945,6194
GAATTTCTCGCTGCAG-1,0,28,30,8693,6339
AACAGGATGGGCCGCG-1,0,29,31,8945,6483
GACGTGTAGGGATTAT-1,0,28,32,8694,6629
TAGGTGAGCCCTACTC-1,0,29,33,8946,6773
CTAATTCGCACGCGCT-1,0,28,34,8694,6918
GAAGCTTGCTGACCGC-1,0,29,35,8946,7062
GGTTAGGCTTGGAGAA-1,0,28,36,8695,7207
ACAAGGACAAGAGGTT-1,0,29,37,8947,7352
AGGCCACCCGTTATGA-1,0,28,38,8695,7497
GTGGGCTTAGACACAC-1,0,29,39,8947,7641
CGTGTCCCATTCGCGA-1,0,28,40,8696,7786
TGGAGTGATGCGATGA-1,1,29,41,8948,7931
AACAACTGGTAGTTGC-1,0,28,42,8696,8076
CCTGGCTAGACCCGCC-1,1,29,43,8949,8220
CGCAATTAGGGTAATA-1,1,28,44,8697,8365
TCGAAATTTAGGACCA-1,1,29,45,8949,8509
AGACTAGCCTTCCAGA-1,1,28,46,8698,8655
TTGATCTAACTTTGTC-1,1,29,47,8950,8799
AAGGAGCGGTTGGTGC-1,1,28,48,8698,8944
ACTTGGGACCCGGTGG-1,1,29,49,8950,9088
TGATCTCCGGCGCCAG-1,1,28,50,8699,9234
CAGTTCAAATTGACAC-1,1,29,51,8951,9378
GTCCGGCTGAATTGCG-1,1,28,52,8699,9523
CTGGAAATGGATGCTT-1,1,29,53,8951,9667
TGATCGGTTTGACCCT-1,1,28,54,8700,9812
TAGAGTCTAAGCGAAC-1,1,29,55,8952,9957
GAGACTGATGGGTAGA-1,1,28,56,8700,10102
TAGCTAAGTCCGGGAG-1,1,29,57,8952,10246
GGGCGATATGTGTGAA-1,1,28,58,8701,10391
CTCGAGGTCGAACAGT-1,1,29,59,8953,10536
GATCCCTTTATACTGC-1,1,28,60,8701,10681
GTCATGCACCTCCGTT-1,1,29,61,8954,10825
ACTTTCCTATAGCTTC-1,1,28,62,8702,10970
TCGCTCGATATATTCC-1,1,29,63,8954,11114
ATAGGTTGGGCAGATG-1,1,28,64,8703,11260
CAATTAAGGGTGATGA-1,1,29,65,8955,11404
ACCGACTGAGTCCCAC-1,1,28,66,8703,11549
CCTGTCACCCGGGCTC-1,1,29,67,8955,11693
GATCGGTGGCCATAAC-1,1,28,68,8704,11839
CCTATGGGTTACCGTC-1,1,29,69,8956,11983
TTGGGACACTGCCCGC-1,1,28,70,8704,12128
CGAGGCTAAATATGGC-1,1,29,71,8956,12272
TCAGGGTGTAACGTAA-1,1,28,72,8705,12417
CGAGAGATGTGAACCT-1,1,29,73,8957,12562
TCGCTGGGCGGATTGT-1,1,28,74,8705,12707
AGATCTCAGGTGTGAT-1,1,29,75,8957,12851
TGGCCAAACTGAAGTA-1,1,28,76,8706,12996
GCTTCCGTCCCTAGAC-1,1,29,77,8958,13141
CAGCAGCCCGTTCCTT-1,1,28,78,8706,13286
TGTATAACAGATCCTG-1,1,29,79,8958,13430
CGCGGGAATTAGGCAG-1,1,28,80,8707,13575
TGCATGTGGTAATCTA-1,1,29,81,8959,13719
ACAATTTGAGCAGTGG-1,1,28,82,8707,13865
GAGCTAAGGGCATATC-1,1,29,83,8960,14009
CCAGATAGTTGAGTGA-1,1,28,84,8708,14154
CCACAATGTACGTCTT-1,1,29,85,8960,14298
CAATGGATCTCTACCA-1,0,28,86,8709,14443
TGTGGCAAAGCGTATG-1,0,29,87,8961,14588
TAAAGCGTTAGGAGAA-1,0,28,88,8709,14733
TCCGTTTAGCCTTGAA-1,0,29,89,8961,14877
CAGCTCGACAAGTTAA-1,0,28,90,8710,15022
GCCTATAGTGTCAGGG-1,0,29,91,8962,15167
ATAGACAACGGGACCT-1,0,28,92,8710,15312
CTACTATCTTTCAGAG-1,0,29,93,8962,15456
GCGCTGCTTTGCATTT-1,0,28,94,8711,15601
GCGCATCCAGTCAGCA-1,0,29,95,8963,15746
GACTCGCGGGAATGAC-1,0,28,96,8711,15891
CTGGTAACGAGCTCTT-1,0,29,97,8963,16035
TCCGGCCTAGCGTACA-1,0,28,98,8712,16180
TCTAGGTGGCGACGCT-1,0,29,99,8964,16324
ACGCTAGTGATACACT-1,0,28,100,8712,16470
ATCTGCACCTCTGCGA-1,0,29,101,8965,16614
CCTCACCTGAGGGAGC-1,0,28,102,8713,16759
AGTGAGCCTCGCCGCC-1,0,29,103,8965,16903
ACGAGTACGGATGCCC-1,0,28,104,8714,17048
GGTACCATTAAGACGG-1,0,29,105,8966,17193
TTCTGCTAGACTCCAA-1,0,28,106,8714,17338
TAACTATTACGCCAAA-1,0,29,107,8966,17482
GCATTCAAGGCAACGC-1,0,28,108,8715,17627
AGTACATCATTTATCA-1,0,29,109,8967,17772
GTCGTGTCTGGTCATC-1,0,28,110,8715,17917
AGTCTAAAGTATACTC-1,0,29,111,8967,18061
CGGCCCAACCTGTAGT-1,0,28,112,8716,18206
AGGGAGACATACTTCG-1,0,29,113,8968,18350
TCCCTAGATCAATAGG-1,0,28,114,8716,18496
TCCCGTCGCGTCATAG-1,0,29,115,8968,18640
CGCATCCATCAGCCAG-1,0,28,116,8717,18785
CTGCACCTAGTCCACA-1,0,29,117,8969,18929
CGAGGATCGGGAACGA-1,0,28,118,8717,19075
CAATGAGGTTCGACTA-1,0,29,119,8969,19219
TCTGACGGGCTAACCC-1,0,28,120,8718,19364
TTCTATGCCTTTCGCA-1,0,29,121,8970,19508
AGAGTATAGTGTTACG-1,0,28,122,8718,19653
CCATTGTTTCCTCCAT-1,0,29,123,8971,19798
CTCATCACTTAGTGAT-1,0,28,124,8719,19943
CCGAAGGGCGTACCGC-1,0,29,125,8971,20087
TCAAGCTGCCTTGAAA-1,0,28,126,8720,20232
CTCATTAACGTTGCCC-1,0,29,127,8972,20377
GTCTTCCTCACCTAAG-1,0,30,0,9189,1997
GGTGATGAAGGAAGTG-1,0,31,1,9441,2141
TCAATACAATTGCTGC-1,0,30,2,9189,2286
GCAACCCAAGTTGTTT-1,0,31,3,9441,2430
ATGAAGTGGACCCAGC-1,0,30,4,9190,2575
GAGAATCTCACGATCA-1,0,31,5,9442,2720
TATATCATTGATCAGT-1,0,30,6,9190,2865
AACTTTACGGGAGCTT-1,0,31,7,9442,3009
TTCTTGTGTCCATCAG-1,0,30,8,9191,3154
ACAATTTAGGAGGCTC-1,0,31,9,9443,3299
ATACTTGTTCTCGAGC-1,0,30,10,9191,3444
CACGGGATTGAGGGTT-1,0,31,11,9443,3588
GTTAATGTCTATCTTA-1,0,30,12,9192,3733
GCGTTATATTTGGAAC-1,0,31,13,9444,3877
CGTCAAGGCTATAAAT-1,0,30,14,9192,4023
TTAGCTCTGTAATCCG-1,0,31,15,9444,4167
AATGGTCCACCGTTCA-1,0,30,16,9193,4312
GTCATTGCATTGACCC-1,0,31,17,9445,4456
TGTCCGTGGCGCCTTT-1,0,30,18,9193,4601
TCAACTAACGTATAAC-1,0,31,19,9446,4746
TCCTCTCCAGTTGTCC-1,0,30,20,9194,4891
TGTGTTCGTATCCAAG-1,0,31,21,9446,5035
CCGCGTAGGTAAGGGC-1,0,30,22,9195,5180
CTGCGGGTGAAATGTT-1,0,31,23,9447,5325
TATCTACAGAGGTAAT-1,0,30,24,9195,5470
CTACTCTAGGCCCGGC-1,0,31,25,9447,5614
ACAAGCAGTGCCTAGC-1,0,30,26,9196,5759
TACAAGTCTCGTGCAT-1,0,31,27,9448,5904
TCGGAATGCGCTCTGA-1,0,30,28,9196,6049
TCGCGTCCAGAAGGTC-1,0,31,29,9448,6193
TATGGCCCGGCCTCGC-1,0,30,30,9197,6338
GCTGGCATATTCACCT-1,0,31,31,9449,6482
GTCAGAATAGTCTATG-1,0,30,32,9197,6628
GGCGTCCTATCCGCTG-1,0,31,33,9449,6772
CGGAGTTTGAGAGACA-1,0,30,34,9198,6917
AGCACTTAAGGACGCC-1,0,31,35,9450,7061
TCCACAATGGTTTACG-1,0,30,36,9198,7206
CCAACGATGCACTGAT-1,0,31,37,9451,7351
ATTTACAGTTTACTGG-1,0,30,38,9199,7496
CCCTGAAATGAGTTGA-1,1,31,39,9451,7640
CAAACGGTCGCACTTT-1,1,30,40,9200,7785
TGATTCGTCTATCACT-1,1,31,41,9452,7930
TCAGGTTCTTTGAGAA-1,1,30,42,9200,8075
CACGCAGCGAGGCTTT-1,1,31,43,9452,8219
TTAAGCGCCTGACCCA-1,1,30,44,9201,8364
CTTACACGGTATTCCA-1,1,31,45,9453,8508
AAGGCTGTGCTCATCG-1,1,30,46,9201,8654
GACCAGAGCCCTGTAG-1,1,31,47,9453,8798
TCCCAGGCTTAGCTAA-1,1,30,48,9202,8943
ATTGAAGATCTTAGTG-1,1,31,49,9454,9087
AGTTCCTACAGAATTA-1,1,30,50,9202,9233
GGGCTGGTTAGTCGCG-1,1,31,51,9454,9377
GAAATGGCGGTGTTAG-1,1,30,52,9203,9522
TACGAACACGACTTCA-1,1,31,53,9455,9666
ACCACAAGTTTCTATC-1,1,30,54,9203,9811
ATATTTAACCCTCAAG-1,1,31,55,9455,9956
GATCATTCCAAACATT-1,1,30,56,9204,10101
TCCAGGCGAGTACGGT-1,1,31,57,9456,10245
GTTTGACCAAATCCTA-1,1,30,58,9205,10390
CACAGCACCCACGGCA-1,1,31,59,9457,10535
TGCAAGAATGACGTAA-1,1,30,60,9205,10680
GCGAAGCCATACCCGT-1,1,31,61,9457,10824
TCCTTTCTTACGCTTA-1,1,30,62,9206,10969
GCTGCTCTCCGGACAC-1,1,31,63,9458,11113
ACTGTCTTCTTTAGAA-1,1,30,64,9206,11259
TCAAACTTAGATTGTT-1,1,31,65,9458,11403
CTATGTCACTAGCCCA-1,1,30,66,9207,11548
TGCGCAAAGCATTTGG-1,1,31,67,9459,11692
TTAATGTAGACCAGGT-1,1,30,68,9207,11838
GGCGGTAGGATCATTG-1,1,31,69,9459,11982
GGCAATAGTCAATGAG-1,1,30,70,9208,12127
ACACGAGACTCCTTCT-1,1,31,71,9460,12271
GACACAAGGGAAGAAA-1,1,30,72,9208,12416
TCAGCAAATGCATCTC-1,1,31,73,9460,12561
GAGATCTGTCACTCCG-1,1,30,74,9209,12706
ATGCCGGTCTTGCATA-1,1,31,75,9461,12850
TTGGGCGGCGGTTGCC-1,1,30,76,9209,12995
TTGTTGTGTGTCAAGA-1,1,31,77,9462,13140
ACTGTACGATACACAT-1,1,30,78,9210,13285
TCCACTTTATCTAGGT-1,1,31,79,9462,13429
GGTCTGAGAATCTGGA-1,1,30,80,9211,13574
TAGAAAGGTGGCGCTA-1,1,31,81,9463,13718
TATGTCTCATTGTGCC-1,1,30,82,9211,13864
GGATTTCACTTCTATA-1,1,31,83,9463,14008
TGAGTGGTCCGTGACG-1,1,30,84,9212,14153
CGCTTTCTTGCATTCG-1,1,31,85,9464,14297
ACCCAACGCCCGTGGC-1,1,30,86,9212,14443
GAACGTCTCATGGTCG-1,1,31,87,9464,14587
AGGGTTCCCTTTGGTT-1,0,30,88,9213,14732
GTAGCTTCCTCTTGTT-1,0,31,89,9465,14876
GCATGAGGGACGCGGC-1,0,30,90,9213,15021
CTACCCTAAGGTCATA-1,0,31,91,9465,15166
TCACCGCTCGGCACTC-1,0,30,92,9214,15311
GGCTCGCGTTGAGGTA-1,0,31,93,9466,15455
CTAACGAAACTTGCTG-1,0,30,94,9214,15600
TTAAACTCGAATTCAT-1,0,31,95,9467,15745
TACTTTACTGAGCCGG-1,0,30,96,9215,15890
GCTTGGATCGATTAGG-1,0,31,97,9467,16034
CGGTTATCCAACAGTG-1,0,30,98,9216,16179
CAGACCTGTAAGTGTT-1,0,31,99,9468,16323
GACGGTCAATAGAAGC-1,0,30,100,9216,16469
CTGACTGCGCAGCTCG-1,0,31,101,9468,16613
CCATACCTTTACTTGT-1,0,30,102,9217,16758
GTAATAAAGGGCTCCC-1,0,31,103,9469,16902
GTGAACTCCCATTCGA-1,0,30,104,9217,17048
GTGGTTACTTCTTTCG-1,0,31,105,9469,17192
TCAGAACCTCCACAGG-1,0,30,106,9218,17337
TCCCACTCTCTTCCGG-1,0,31,107,9470,17481
ATCTTGACTTGTCCAA-1,0,30,108,9218,17626
TCGGGAACGTGCCTAG-1,0,31,109,9470,17771
GTTAGCCGTAAATCAA-1,0,30,110,9219,17916
ATTTACTAAGTCCATT-1,0,31,111,9471,18060
GGGTGCATATGAAAGC-1,0,30,112,9219,18205
TCCGAATGGTCCTGAG-1,0,31,113,9471,18350
TGATGGCTGTTTCTGA-1,0,30,114,9220,18495
AAATAAGGTAGTGCCC-1,0,31,115,9472,18639
CCACTATCCGGGTCAC-1,0,30,116,9220,18784
ACACCACATAATTAGC-1,0,31,117,9473,18928
CGCGGTAAGTCTAGCT-1,0,30,118,9221,19074
GCGGGCATTACGATGC-1,0,31,119,9473,19218
AGGATTGCTTACGACA-1,0,30,120,9222,19363
CTCGGGATAACACCTA-1,0,31,121,9474,19507
GTCGTCTGGTTGGCTA-1,0,30,122,9222,19652
GCAATTAGTCGCACCG-1,0,31,123,9474,19797
GTGACCTAAAGAATAA-1,0,30,124,9223,19942
CTGAGCGAGACTTATT-1,0,31,125,9475,20086
CAAGACTCAGAAGCGC-1,0,30,126,9223,20231
ACTTCGCTAGCGAGTG-1,0,31,127,9475,20376
CCATACTCGCCTCTCC-1,0,32,0,9692,1996
ACGATACCTATCCTGA-1,0,33,1,9944,2140
CTCACCAGTACAAGTG-1,0,32,2,9693,2285
CGAAGACGGTGAGTGC-1,0,33,3,9945,2429
AAATTAATAAGCGCGA-1,0,32,4,9693,2574
GGGCCCTTATCTATAC-1,0,33,5,9945,2719
CTGCCCACGAAGCGTT-1,0,32,6,9694,2864
GGACAAGTTGCAGTGA-1,0,33,7,9946,3008
GTCCGAGAGCAATCAT-1,0,32,8,9694,3153
ATGGCAGCCGAGAAAC-1,0,33,9,9946,3298
CCTCGGATGCTACCTG-1,0,32,10,9695,3443
ATACGGTGAAGATGCA-1,0,33,11,9947,3587
ACATCAGCTGGGACGC-1,0,32,12,9695,3732
GGTTGTGTAGCCTGGC-1,0,33,13,9948,3876
CCTGCGTTCTACGCTT-1,0,32,14,9696,4022
GAACGTTAGGAAGACG-1,0,33,15,9948,4166
CTGATAGTGTATCTCA-1,0,32,16,9697,4311
TTCTGCGAGCGCCCTT-1,0,33,17,9949,4455
CTTTGGCGCTTTATAC-1,0,32,18,9697,4601
TCCGAACTTGGCTTAC-1,0,33,19,9949,4745
TAGATTCCTGGTTATT-1,0,32,20,9698,4890
CCGACAAAGGGAGTGC-1,0,33,21,9950,5034
CCATGGCCCTTGTACC-1,0,32,22,9698,5179
GAAATATCACCATCAG-1,0,33,23,9950,5324
ACGAAATGGGCGGCAC-1,0,32,24,9699,5469
GTGAGCGTGCTGCACT-1,0,33,25,9951,5613
CCGCGGGTACGAAGAA-1,0,32,26,9699,5758
TCCCTGGCTCGCTGGA-1,0,33,27,9951,5903
CAGCTTAGTAGGTAGC-1,0,32,28,9700,6048
CACGAAAGTTAGTCCC-1,0,33,29,9952,6192
ACCTAATCGACTTCCT-1,0,32,30,9700,6337
AAGTAGTGACGCGAGG-1,0,33,31,9953,6481
TCCGATTACATTGCCG-1,0,32,32,9701,6627
CCTCCGACAATTCAAG-1,0,33,33,9953,6771
GTTCACAGGAGTCTAG-1,0,32,34,9702,6916
CGAAGTTGCTCTGTGT-1,0,33,35,9954,7060
GTCGGATATCTCAGAC-1,0,32,36,9702,7206
CGCTCTCCGTAGATTA-1,1,33,37,9954,7350
CAAGCAACGTCGGAGT-1,1,32,38,9703,7495
CCATTCCCTGCCCACA-1,1,33,39,9955,7639
CTTTGGCTTTAGTAAA-1,0,32,40,9703,7784
GGCTATTAAGTTGTAT-1,1,33,41,9955,7929
CCATTAGCGATAATCC-1,1,32,42,9704,8074
TGTTCTTCCATTGACT-1,1,33,43,9956,8218
AGATAACTTCAGGGCC-1,1,32,44,9704,8363
ATAGACGAAGAGAAAG-1,1,33,45,9956,8508
GGCGGAGTAATATTAG-1,1,32,46,9705,8653
TGACCCACGTTAGACA-1,1,33,47,9957,8797
TCACAGGTTATTGGGC-1,1,32,48,9705,8942
TCACGCATTGTAGATC-1,1,33,49,9957,9086
TTGAAGAATTCCCAGG-1,1,32,50,9706,9232
AAATGGTCAATGTGCC-1,1,33,51,9958,9376
TAGTGCCCTCCAGAGT-1,1,32,52,9706,9521
GGTATTGCCGAGTTTA-1,1,33,53,9959,9665
CGTATTAAGAGATCTA-1,1,32,54,9707,9810
ACTGTCCAGGATTATA-1,1,33,55,9959,9955
CGGGCAGCTAAACCGC-1,1,32,56,9708,10100
TTGCTGATCATGTTCG-1,1,33,57,9960,10244
TATGGGTACGTATCGT-1,1,32,58,9708,10389
CAGCTCACTGAGACAT-1,1,33,59,9960,10534
GGGACTGCATAGATAG-1,1,32,60,9709,10679
ACGCATTCGTGAGTAC-1,1,33,61,9961,10823
CTCTGGACGCCTGGTG-1,1,32,62,9709,10968
AGGGTTTAGTTCGGGA-1,1,33,63,9961,11113
GGGAGAACTCACAGTA-1,1,32,64,9710,11258
ATCAATCTGGGCTGCA-1,1,33,65,9962,11402
TCTTCGATACCAATAA-1,1,32,66,9710,11547
ACGTAGATTGCTGATG-1,1,33,67,9962,11691
TCTTGATGCGTAGCGA-1,1,32,68,9711,11837
GGGCTGCCTAGGGCGA-1,1,33,69,9963,11981
CTCTCACAATCGATGA-1,1,32,70,9711,12126
CCAAGCGTAACTCGTA-1,1,33,71,9964,12270
ACAACAGCATGAGCTA-1,1,32,72,9712,12415
GTCCCAACGTAAAGTA-1,1,33,73,9964,12560
TCGGAGTACATGAGTA-1,1,32,74,9713,12705
GGGAGTTAATGAGGCG-1,1,33,75,9965,12849
CCGGGCGGTCTCGTCA-1,1,32,76,9713,12994
CCGTAAGTTGGTCCCA-1,1,33,77,9965,13139
GGAGGGCTTGGTTGGC-1,1,32,78,9714,13284
TCGGACGCCCAGCCCA-1,1,33,79,9966,13428
TCTGTGCCATCATAGT-1,1,32,80,9714,13573
GTACTGGAGTTAGACC-1,1,33,81,9966,13717
GGAATGCGCTAGCGTG-1,1,32,82,9715,13863
GTGTGAATAACTTAGG-1,1,33,83,9967,14007
GGTCGGCCAGGAGCTT-1,1,32,84,9715,14152
TAGCCGGCGGTCAGCG-1,1,33,85,9967,14296
CGGGTGTACCCATTTA-1,1,32,86,9716,14442
AGTGATTCAAGCAGGA-1,1,33,87,9968,14586
GTTGGATTGAGAACAC-1,1,32,88,9716,14731
CACACGCGCTGTCTTA-1,1,33,89,9968,14875
TAGACGCCCGTACCGG-1,1,32,90,9717,15020
GGTTTCAATCGGTCAG-1,1,33,91,9969,15165
AATCTGCGTTGGGACG-1,0,32,92,9717,15310
TTACGGATGGTTCGAG-1,0,33,93,9970,15454
CGGCAGGGTCGGGTTG-1,0,32,94,9718,15599
GCTTTCAGAGGAGGTG-1,0,33,95,9970,15744
TCTTCCCATGGGCACA-1,0,32,96,9719,15889
TACCGCGGACTTGCAG-1,0,33,97,9971,16033
AGAATTATGGATTCGA-1,0,32,98,9719,16178
ATTGATGAGTCCTAAC-1,0,33,99,9971,16322
TAGGTCGCCGGAACTG-1,0,32,100,9720,16468
TAACCTACCGTCCGAG-1,0,33,101,9972,16612
CTTAGTAGGCCTACAG-1,0,32,102,9720,16757
CTAGATGTGAGTGTAA-1,0,33,103,9972,16901
ACTCCCGAATTCGTTT-1,0,32,104,9721,17047
GTTCATCGTTTGGCTG-1,0,33,105,9973,17191
ACTTTACCCTCATGAA-1,0,32,106,9721,17336
GCGAGAGTTGCGTCCA-1,0,33,107,9973,17480
GTTCGGGCGTACCATT-1,0,32,108,9722,17625
CGACTTTGTATAGCCT-1,0,33,109,9974,17770
GCCATCGATGCTGCAT-1,0,32,110,9722,17915
GCATTTCCAAGGCTCC-1,0,33,111,9975,18059
ATGTAAGGCTGCTCTT-1,0,32,112,9723,18204
ACGTTCGCAATCAATT-1,0,33,113,9975,18349
GTGACGAGGGTGACCC-1,0,32,114,9724,18494
ATTATAGCTACTTTAC-1,0,33,115,9976,18638
CGTGTGTTAAACCCTG-1,0,32,116,9724,18783
TTGGTATGGCTTGTGT-1,0,33,117,9976,18927
CATTCCCATTCCGTCG-1,0,32,118,9725,19073
TGCCGAAAGCGTATTC-1,0,33,119,9977,19217
CAACACATCTCCTGCC-1,0,32,120,9725,19362
CTGCCTCATATGCAAC-1,0,33,121,9977,19506
TCCCGCCTATGTGCGT-1,0,32,122,9726,19652
GGTTACCCGACACTTT-1,0,33,123,9978,19796
CCAGCGGGATCACCAG-1,0,32,124,9726,19941
ATGTTTCGGCCCGGAG-1,0,33,125,9978,20085
GCGTCTAACCTCCTAA-1,0,32,126,9727,20230
ATCAGGTAGCTGACAG-1,0,33,127,9979,20375
GGTATGAAAGAACTGA-1,0,34,0,10196,1995
GTGGCCTAATATCATT-1,0,35,1,10448,2139
CCTGTGAAACCGTAAC-1,0,34,2,10196,2284
GGCAGAGAGATCGGGA-1,0,35,3,10448,2428
TAGCGTCGAATATTGA-1,0,34,4,10197,2573
CGCCGACTATTCGCTA-1,0,35,5,10449,2718
TCTGGCGCAAGCCGGG-1,0,34,6,10197,2863
AGTGGTTGCGTATAGG-1,0,35,7,10450,3007
ATCGGTTACCTAGTAA-1,0,34,8,10198,3152
CCTGCCCGTTGTCTAG-1,0,35,9,10450,3297
GCACACGCCCATGGTC-1,0,34,10,10199,3442
AGTACGGCCCGTATCG-1,0,35,11,10451,3586
TATCTAGCCTAAAGGA-1,0,34,12,10199,3731
CACTCGGTTAGGAGGA-1,0,35,13,10451,3875
ATGTTCGTCGACCCAC-1,0,34,14,10200,4021
TTCCTCTGCCCGAATA-1,0,35,15,10452,4165
TTACTATCGGCTTCTC-1,0,34,16,10200,4310
GCCGCATTAGTCCGGC-1,0,35,17,10452,4454
TAAGGGCTGGGAGAGG-1,0,34,18,10201,4600
TAAGCAGGCGACACGC-1,0,35,19,10453,4744
AGCACTACCGGCCTGT-1,0,34,20,10201,4889
GAAAGCCCTTTGGACC-1,0,35,21,10453,5033
GACCGACTGAAGCGTC-1,0,34,22,10202,5178
CGGTGAAGACTAAAGT-1,0,35,23,10454,5323
CCCTGCGCTACGCATA-1,0,34,24,10202,5468
TACTGGACAGCTCGGC-1,0,35,25,10454,5612
TTAGTAGGGCGGCGGG-1,0,34,26,10203,5757
GAGGCTATCAAAGTCG-1,0,35,27,10455,5902
TTACCATTGATTACCC-1,0,34,28,10204,6047
ATACCACGGGCAACTT-1,0,35,29,10456,6191
TGTCCTAAGTCACCGC-1,0,34,30,10204,6336
AGGTAGGTACAAAGCT-1,0,35,31,10456,6480
GGCATACAGGTAGCGG-1,0,34,32,10205,6626
TGTAGTGATCTATAAT-1,1,35,33,10457,6770
TCCCGGGTGTGCTGCT-1,1,34,34,10205,6915
TACGATGTTGATCATC-1,1,35,35,10457,7059
CCTCTCTCCCATCTAG-1,1,34,36,10206,7205
GCAGGACTATAGAATA-1,1,35,37,10458,7349
CTAGTGAAGGACAGGA-1,1,34,38,10206,7494
TACGAGAACTTCACGT-1,1,35,39,10458,7638
CGTTGTTTCAATTCCC-1,0,34,40,10207,7783
GCAAATATTACGCTTT-1,1,35,41,10459,7928
CCAATAGTGCCGTCGA-1,1,34,42,10207,8073
ATTGCTGCTCCTCCAT-1,1,35,43,10459,8217
GAGATCTGCTTGGCAT-1,1,34,44,10208,8362
GCCGAAATTCCTACGT-1,1,35,45,10460,8507
GGCACTCCACTGGGCA-1,1,34,46,10208,8652
GGGTCACCGTGACGGT-1,1,35,47,10461,8796
CACTTAATCAGACGGA-1,1,34,48,10209,8941
CGTTTCGCTCATTACA-1,1,35,49,10461,9085
ATAAAGGCTCGGTCGT-1,1,34,50,10210,9231
CACTAAAGTTGCCTAT-1,1,35,51,10462,9375
GTGCTCAAGTACTGTC-1,1,34,52,10210,9520
CCATGCCTGTTTAGTA-1,1,35,53,10462,9664
TCTAGTTATCAGAAGA-1,1,34,54,10211,9810
TTGTAATCCGTACTCG-1,1,35,55,10463,9954
TCCCAGCTTTAGTCTG-1,1,34,56,10211,10099
CTACGCACGGAGTACC-1,1,35,57,10463,10243
AAATTAACGGGTAGCT-1,1,34,58,10212,10388
CGGCCACGCACAAAGT-1,1,35,59,10464,10533
GAAGCGTGAGGAATTT-1,1,34,60,10212,10678
ATATCTTAGGGCCTTC-1,1,35,61,10464,10822
ACGCGGGCCAAGGACA-1,1,34,62,10213,10967
GCGAGTTCTGCAAAGA-1,1,35,63,10465,11112
TATTCGTGCCAGAATA-1,1,34,64,10213,11257
AGGGCTGCAGTTACAG-1,1,35,65,10466,11401
CTAGCATAGTATAATG-1,1,34,66,10214,11546
TAGGTTCGAGTTCGTC-1,1,35,67,10466,11690
GAATTATAGTGAAAGG-1,1,34,68,10215,11836
CTATCGGGTCTCAACA-1,1,35,69,10467,11980
GCGCTAATTGAATAGA-1,1,34,70,10215,12125
ATGCGACAGTCCCATT-1,1,35,71,10467,12269
GGTAGTGCTCGCACCA-1,1,34,72,10216,12415
AAGCTCGTGCCAAGTC-1,1,35,73,10468,12559
TATTCAATTCTAATCC-1,1,34,74,10216,12704
TTCAAAGTCTCTAGCC-1,1,35,75,10468,12848
TTGAATATGGACTTTC-1,1,34,76,10217,12993
AAGAGCTCTTTATCGG-1,1,35,77,10469,13138
TTACTCCGGCCGGGAA-1,1,34,78,10217,13283
AAACGAGACGGTTGAT-1,1,35,79,10469,13427
GCTAAGTAGTTTCTCT-1,1,34,80,10218,13572
ATAACGCCGGAGGGTC-1,1,35,81,10470,13717
GGATCCGGAATATACT-1,1,34,82,10218,13862
TGAAAGGACCTGACTC-1,1,35,83,10470,14006
TCCGCGGCAGCATCTG-1,1,34,84,10219,14151
TGCATATGTCTGTCAC-1,1,35,85,10471,14295
TGTAGGAGAAATTTCC-1,1,34,86,10219,14441
AGTGAGACTTCCAGTA-1,1,35,87,10472,14585
CCCAAACATGCTGCTC-1,1,34,88,10220,14730
GCTTATGAAGCAGGAA-1,1,35,89,10472,14874
TTCTAACCGAAGCTTA-1,1,34,90,10221,15020
GGATGTCCTTACCGCA-1,1,35,91,10473,15164
AGGGTGCTCTCGAGGG-1,1,34,92,10221,15309
AACTCTCAATAGAGCG-1,1,35,93,10473,15453
TCTGAATTCCGTACAA-1,0,34,94,10222,15598
GCGTGGTACTGGGTTA-1,0,35,95,10474,15743
CGTCGGATAGTGTTGA-1,0,34,96,10222,15888
ATATGTCTCCCTAGCC-1,0,35,97,10474,16032
TCTTTAAGACTATGAA-1,0,34,98,10223,16177
TCATTTAAGTCTCCGA-1,0,35,99,10475,16322
GATATTGAGATTGGCG-1,0,34,100,10223,16467
TGACATCGAGCGGACC-1,0,35,101,10475,16611
GCGTAAATGGCCATAA-1,0,34,102,10224,16756
ATTGTACAACTCGGCT-1,0,35,103,10476,16900
TACGCTATAGAAACCT-1,0,34,104,10224,17046
CACCCAAATCTTATGT-1,0,35,105,10477,17190
AGATGATGGAGTCTGG-1,0,34,106,10225,17335
CCACGGTGCCCGGTAG-1,0,35,107,10477,17479
TCAAGAAATACTAGCT-1,0,34,108,10226,17624
AGGTATAATTGATAGT-1,0,35,109,10478,17769
CAAGGTCCTATAGGCT-1,0,34,110,10226,17914
CCGGCACGACCGTTTC-1,0,35,111,10478,18058
ACCTCCGTTATTCACC-1,0,34,112,10227,18203
GCAGCCTATATCACAT-1,0,35,113,10479,18348
GGTATAGTGACACATA-1,0,34,114,10227,18493
AAATTCCAGGTCCAAA-1,0,35,115,10479,18637
TCTTTAGCAGGCGAAC-1,0,34,116,10228,18782
TATTGACATTTCTGCC-1,0,35,117,10480,18926
TCTGATCGGGTGCTAG-1,0,34,118,10228,19072
GGCCCGGAGCATGTCT-1,0,35,119,10480,19216
GGGCGCAGCGTTACTC-1,0,34,120,10229,19361
TTGGCGATCCGAATAT-1,0,35,121,10481,19505
CCACGTAAATTAGACT-1,0,34,122,10229,19651
TCTGATTGGAAATGGA-1,0,35,123,10481,19795
ATGGCGGAATAGTCGC-1,0,34,124,10230,19940
ATCGCTTTACGTCTCA-1,0,35,125,10482,20084
TACGTGCAAGGTTCCT-1,0,34,126,10230,20229
CAGGACAGCTGCCCTT-1,0,35,127,10483,20374
CAAACCAGGTCTGCAT-1,0,36,0,10699,1994
ACAAGCTATATGGAAG-1,0,37,1,10952,2138
TCGCCCACTGCGAGAG-1,0,36,2,10700,2283
AGCCGCAAATTCAAAT-1,0,37,3,10952,2427
TTAACGTTAAAGCCTG-1,0,36,4,10701,2573
CAGCGCCAACACGATA-1,0,37,5,10953,2717
ATCCAATGGTACCGAA-1,0,36,6,10701,2862
GTGCTGCAGATAAGGA-1,0,37,7,10953,3006
GGCCTTTGCAACTGGC-1,0,36,8,10702,3151
GTCGTACCTACGATTG-1,0,37,9,10954,3296
TAGAAATTCACGTATA-1,0,36,10,10702,3441
AGAATAAATCTTCAGG-1,0,37,11,10954,3585
CATTGCGAAATGGGCG-1,0,36,12,10703,3730
GTCTACTCAATTACAA-1,0,37,13,10955,3875
TGTAATGACCACAATA-1,0,36,14,10703,4020
AAAGTCGACCCTCAGT-1,0,37,15,10955,4164
TACTCGGCACGCCGGG-1,0,36,16,10704,4309
AGGTGTATCGCCATGA-1,0,37,17,10956,4453
TGTGCTTTACGTAAGA-1,0,36,18,10704,4599
AAACCTCATGAAGTTG-1,0,37,19,10956,4743
TATAGGGTACTCATGA-1,0,36,20,10705,4888
CCAGCTGATGGTACTT-1,0,37,21,10957,5032
AATATTGGAGTATTGA-1,0,36,22,10705,5178
GGCCCTCACCCACTTA-1,0,37,23,10958,5322
AACCAAGACTTCTCTG-1,0,36,24,10706,5467
TCGTATTACCCATTGC-1,0,37,25,10958,5611
ATTCGACGCCGGGCCT-1,0,36,26,10707,5756
GGCGCAGGACATCTTC-1,0,37,27,10959,5901
GTACTCCCTTATCGCT-1,0,36,28,10707,6046
TGGTCTGTTGGGCGTA-1,0,37,29,10959,6190
AATAACAACGCTCGGC-1,0,36,30,10708,6335
CATACCCGTACCCAGT-1,0,37,31,10960,6480
ACAATCCATTTAAACC-1,0,36,32,10708,6625
GTTACAATTGGTGACG-1,0,37,33,10960,6769
TTGCCCTGATCACGGG-1,1,36,34,10709,6914
CTAACCGCGCGCCCGT-1,1,37,35,10961,7058
CTAAAGAATGCCTACT-1,1,36,36,10709,7204
ACCCATCTTGAGGGTA-1,1,37,37,10961,7348
GATCTTTGCAGGGTAT-1,1,36,38,10710,7493
GGGTACTTCATGAACT-1,1,37,39,10962,7637
GCCGCTTGTGAGAAAC-1,1,36,40,10710,7782
CCTGTAAGACATGATA-1,1,37,41,10963,7927
CGACAGTTCGCGTTAT-1,1,36,42,10711,8072
ACGATGCATATGTTAT-1,1,37,43,10963,8216
TGTTCCGCTTCCATGA-1,1,36,44,10712,8361
GGATGACGCGAGTTTA-1,1,37,45,10964,8506
GAAGTTTCCACTCAAT-1,1,36,46,10712,8651
GCGAGGCCCGAGCAGA-1,1,37,47,10964,8795
CATACTATGTAATTGT-1,1,36,48,10713,8940
CCAATGTCACAGCAAG-1,1,37,49,10965,9084
GTTGGATTTGCGTTGG-1,1,36,50,10713,9230
GGGAGGATGCCCGAAA-1,1,37,51,10965,9374
GATCGCGGGCTCTCCA-1,1,36,52,10714,9519
GTTCGCCATAAGTGCC-1,1,37,53,10966,9663
AGATTATAGGACGTTT-1,1,36,54,10714,9809
TCGAGACCAACACCGT-1,1,37,55,10966,9953
TATGGGACCGAGCAGG-1,1,36,56,10715,10098
GATGCGTCCTGCATTC-1,1,37,57,10967,10242
TATGGTCTGAGTAACA-1,1,36,58,10715,10387
GCATAGAGCACTCAGG-1,1,37,59,10967,10532
CTTCATTGTCAGTGGA-1,1,36,60,10716,10677
GCAGATTAGGGATATC-1,1,37,61,10968,10821
CCTGTCGCCCGTAAAT-1,1,36,62,10716,10966
CAATTTCGTATAAGGG-1,1,37,63,10969,11111
GTACACTTACCTGAAG-1,1,36,64,10717,11256
CCAGCCTGGACCAATA-1,1,37,65,10969,11400
ATGGAGCAGGCCGTGA-1,1,36,66,10718,11545
GTCATTAGAGCGAACG-1,1,37,67,10970,11689
AAGACTGCAAGCTACT-1,1,36,68,10718,11835
CTAGTCACGTCTTAAG-1,1,37,69,10970,11979
ACTCTTGTATAGTAAC-1,1,36,70,10719,12124
ATTAGGCGATGCTTTC-1,1,37,71,10971,12268
TTCGGGACTAATCGCG-1,1,36,72,10719,12414
TGGACTGTTCGCTCAA-1,1,37,73,10971,12558
AACGTGCGAAAGTCTC-1,1,36,74,10720,12703
CCACCCAAGGAAAGTG-1,1,37,75,10972,12847
CCGCACAAAGACCAAC-1,1,36,76,10720,12992
GCGATTGTTAACGTTA-1,1,37,77,10972,13137
ACTCGTCAGTAATCCC-1,1,36,78,10721,13282
GGTGATAAGGAGCAGT-1,1,37,79,10973,13426
AAGAGGCATGGATCGC-1,1,36,80,10721,13571
CACGTTCGTGCTCTAG-1,1,37,81,10974,13716
CTATTTGGTTACGGAT-1,1,36,82,10722,13861
GTACAGAGGCAAGGGT-1,1,37,83,10974,14005
GGGCCGGCCGAAGTAC-1,1,36,84,10723,14150
CCTGAACGATATATTC-1,1,37,85,10975,14294
CCGGGCTGCTCCATAC-1,1,36,86,10723,14440
TACTTGTTAGTAGTCC-1,1,37,87,10975,14584
CCTAGGCGTAGCGATC-1,1,36,88,10724,14729
CTGGCGCACAGGTCTG-1,1,37,89,10976,14873
ACTTATACTTACCCGG-1,1,36,90,10724,15019
GAAGTCTCCCTAGCGA-1,1,37,91,10976,15163
ACCGATGGTAGCATCG-1,1,36,92,10725,15308
CGAGTTTATCGGACTG-1,1,37,93,10977,15452
CATAACGGACAGTCGT-1,1,36,94,10725,15597
TGACGATGCACTAGAA-1,1,37,95,10977,15742
TAGGGAGCTTGGGATG-1,1,36,96,10726,15887
AGGGTCGATGCGAACT-1,1,37,97,10978,16031
TATATCCCTGGGAGGA-1,0,36,98,10726,16176
CATCTTACACCACCTC-1,0,37,99,10978,16321
GTGCGACAGGGAGTGT-1,0,36,100,10727,16466
CCGATCTCAACCTTAT-1,0,37,101,10979,16610
ACGATCATCTTGTAAA-1,0,36,102,10728,16755
GAAAGAACAGCGTTAT-1,0,37,103,10980,16899
CTAGGTCTGAAGGAAT-1,0,36,104,10728,17045
ATATCAACCTACAGAG-1,0,37,105,10980,17189
AAATAGCTTAGACTTT-1,0,36,106,10729,17334
GCGACATGTAAACATC-1,0,37,107,10981,17478
ATAAGTAGGGCGACTC-1,0,36,108,10729,17624
GCGAGCGCATGCTCCC-1,0,37,109,10981,17768
AGGGACCGGCTGCGTT-1,0,36,110,10730,17913
CCTATGAAGTGGTGCC-1,0,37,111,10982,18057
GCTTACGTAGTTAGTA-1,0,36,112,10730,18202
CATACTTAGGCAATAC-1,0,37,113,10982,18347
CCTGTCCCTCACGTTA-1,0,36,114,10731,18492
CAATGTGCCAACCCTT-1,0,37,115,10983,18636
GTTAAGTTAGAGTGGG-1,0,36,116,10731,18781
CTGGGATACGCTACCC-1,0,37,117,10983,18926
AACCTGTCACGGAATT-1,0,36,118,10732,19071
ACTGCGGACACACCGT-1,0,37,119,10984,19215
CCGTGAGGCATTCATG-1,0,36,120,10732,19360
GCCCAGATGCTGGAGA-1,0,37,121,10985,19504
TCTGGCCGTTCAAGTT-1,0,36,122,10733,19650
ATACGAAGGCTTTCCA-1,0,37,123,10985,19794
GATCCGAATATAAGTG-1,0,36,124,10734,19939
GTGGAGCATGTCGGCC-1,0,37,125,10986,20083
ACTCTTCAGCTCCCGC-1,0,36,126,10734,20229
CCCGATAGCCTCGCCT-1,0,37,127,10986,20373
ACAGGTGTGTTGTTGC-1,0,38,0,11203,1993
TGAACTGCTATGACTT-1,0,39,1,11455,2137
TGACATATATGACGAT-1,0,38,2,11204,2282
AAGTCTTCTGTGGCCT-1,0,39,3,11456,2426
ACCAGACCATAACAAC-1,0,38,4,11204,2572
TGAGACGTACCTCTCA-1,0,39,5,11456,2716
GACCGTTACATGCGAC-1,0,38,6,11205,2861
GGTTCGGATTATACTA-1,0,39,7,11457,3005
CCTCCTGAGCCCACAT-1,0,38,8,11205,3150
CCGCGATTTGGTAGGT-1,0,39,9,11457,3295
AATCTCTACTGTGGTT-1,0,38,10,11206,3440
ACTTTGACTGCATCCT-1,0,39,11,11458,3584
CCCTGACTAACAAATT-1,0,38,12,11206,3729
ACGCTGTGAGGCGTAG-1,0,39,13,11458,3874
GCATACGAGGTCTTTA-1,0,38,14,11207,4019
TCGGGATTCAAACATA-1,0,39,15,11459,4163
GGGCCCTACGAAAGGG-1,0,38,16,11207,4308
CGCCAAGAAGCCGAGT-1,0,39,17,11460,4452
GGTACATCTGGGACGA-1,0,38,18,11208,4598
GGATGCTGGCGTTCCT-1,0,39,19,11460,4742
CCGATTCGAGGGACCC-1,0,38,20,11209,4887
CCACTGGTGGCTGGTT-1,0,39,21,11461,5031
GACAGGCACACACTAT-1,0,38,22,11209,5177
TCAACGCGACCGGCAG-1,0,39,23,11461,5321
CTACGACTAGCTATAA-1,0,38,24,11210,5466
CGGTTGACCTGGCATA-1,0,39,25,11462,5610
ATCCTGAATCGCTGCG-1,0,38,26,11210,5755
GTTTCATATCGTCGCT-1,0,39,27,11462,5900
ATAAATATTAGCAGCT-1,0,38,28,11211,6045
AAGAGGATGTACGCGA-1,0,39,29,11463,6189
TCCTGCGTTGATACTC-1,0,38,30,11211,6334
CGTGCATTGTCGACGC-1,0,39,31,11463,6479
CCGGGTTCGAGGTTAC-1,0,38,32,11212,6624
CCCAATTTCACAACTT-1,1,39,33,11464,6768
TGATTTATTAGCTGTG-1,1,38,34,11212,6913
TGGAAGAAGGGAACGT-1,1,39,35,11465,7057
GACGCTTGCTTCTAAA-1,1,38,36,11213,7203
GGGAACGGGAGGTTAG-1,1,39,37,11465,7347
GCGGCTCTGACGTACC-1,1,38,38,11214,7492
ACGTTAGATTTGCCCG-1,1,39,39,11466,7636
GAGAGGGCGCGAGGTT-1,0,38,40,11214,7782
GCGTCTCTGCATTGGG-1,1,39,41,11466,7926
GCAGCACACAGCCCAG-1,1,38,42,11215,8071
CAGGCCGTTTGGGTGT-1,1,39,43,11467,8215
AACTCAAGTTAATTGC-1,1,38,44,11215,8360
CTTCGTAGATAGGTGA-1,1,39,45,11467,8505
TGCAGAGTACCGAGCA-1,1,38,46,11216,8650
GAAGTGATTTATCGTG-1,1,39,47,11468,8794
CGCTACGGGACATTTA-1,1,38,48,11216,8939
CCACACTGAGATATTA-1,1,39,49,11468,9084
CGATCCGACCCAGTGC-1,1,38,50,11217,9229
CTGTACTTCTTAGCAT-1,1,39,51,11469,9373
ACTTATTAGGATCGGT-1,1,38,52,11217,9518
TAGTCCGCAGAGAATG-1,1,39,53,11469,9662
TTCACGAAAGGATCAC-1,1,38,54,11218,9808
TACATTTCTAACGTGC-1,1,39,55,11470,9952
ACCATATCCGCAATAA-1,1,38,56,11218,10097
CACTCAAGAGCTATGG-1,1,39,57,11471,10241
TGTACGAACAAATCCG-1,1,38,58,11219,10387
ATCATCCAATATTTGT-1,1,39,59,11471,10531
CGCTATTCTTAGGCTC-1,1,38,60,11220,10676
TGGCAGCAGTAATAGT-1,1,39,61,11472,10820
TCACGTGCCCGATTCA-1,1,38,62,11220,10965
CATACGGCGTCTGGGC-1,1,39,63,11472,11110
CACATGATTCAGCAAC-1,1,38,64,11221,11255
GCTAGTAGAGCTTGTA-1,1,39,65,11473,11399
TGCTGTTGAAGAACTC-1,1,38,66,11221,11544
CGGAGCATGGCGATCC-1,1,39,67,11473,11689
TAGCGTTGGGTCTTAC-1,1,38,68,11222,11834
GTAGCGGCTATACACT-1,1,39,69,11474,11978
TAACATACAATGTGGG-1,1,38,70,11222,12123
TCTTCGAATAGACGTT-1,1,39,71,11474,12267
GATCGTGACTGATATC-1,1,38,72,11223,12413
GATCCGGGAATTAACA-1,1,39,73,11475,12557
TTATATACGCTGTCAC-1,1,38,74,11223,12702
GTCGCGTAACCCGTTG-1,1,39,75,11476,12846
AGCTCTAGACGTTCCA-1,1,38,76,11224,12991
GTCAAGCGGACTCGGG-1,1,39,77,11476,13136
CGAGGGACTGCGGTCG-1,1,38,78,11225,13281
AATCGCCTCAGCGCCA-1,1,39,79,11477,13425
CTTGTTGCTGAGTCAA-1,1,38,80,11225,13570
GATATGAGACACTAAC-1,1,39,81,11477,13715
TTATGATCTTAACGAA-1,1,38,82,11226,13860
CGCCGCCCATGCCTGT-1,1,39,83,11478,14004
CTGGGATAAATAATGG-1,1,38,84,11226,14149
GTGCCCGTTCGGATTC-1,1,39,85,11478,14294
TTCAATACTCTGAATC-1,1,38,86,11227,14439
CGCACATGTCCACTAC-1,1,39,87,11479,14583
AGAAGAGCGCCGTTCC-1,1,38,88,11227,14728
GATAACTCGCACTGTG-1,1,39,89,11479,14872
AGTCGACGGTCTCAAG-1,1,38,90,11228,15018
GTGACCGCACACTACG-1,1,39,91,11480,15162
GTATGTGGGTCTAGTT-1,1,38,92,11228,15307
CTTGAGTTAGGGTAAT-1,1,39,93,11480,15451
TTAGCTGATTTGCCGT-1,1,38,94,11229,15596
GCTGTTGCTACCGAAC-1,1,39,95,11481,15741
TATTACCATCCTGCTT-1,1,38,96,11229,15886
TTGAATTCACGTGAGG-1,1,39,97,11482,16030
CCATCTCACCAGTGAA-1,1,38,98,11230,16175
CGCACGTGCGCTATCA-1,0,39,99,11482,16320
ACCCGGATGACGCATC-1,0,38,100,11231,16465
CGCTAGAGACCGCTGC-1,0,39,101,11483,16609
ATAGTTCCACCCACTC-1,0,38,102,11231,16754
GCAGACCCAGCACGTA-1,0,39,103,11483,16898
TAGACTACCTAGCGTT-1,0,38,104,11232,17044
GGTTCTACTCGTCTGA-1,0,39,105,11484,17188
GACTCACCCACGTGAG-1,0,38,106,11232,17333
AGCTCTTCGTAACCTT-1,0,39,107,11484,17477
ACTATCCAGGGCATGG-1,0,38,108,11233,17623
AAGGATCGATCGCTTG-1,0,39,109,11485,17767
ATATCGGTAGGGAGAT-1,0,38,110,11233,17912
TTCCAGACGAGATTTA-1,0,39,111,11485,18056
GACCGACGTGAAAGCA-1,0,38,112,11234,18201
CCTGGAAACGTTCTGC-1,0,39,113,11486,18346
CCGGTAATGGCTAGTC-1,0,38,114,11234,18491
GCCGTGGAAGAAATGT-1,0,39,115,11487,18635
GTCTTGAGGAGCAGTG-1,0,38,116,11235,18780
TCCCAAAGCCCTAAAT-1,0,39,117,11487,18925
TTGAGCGCCACGTGAT-1,0,38,118,11236,19070
TTGAGTCCCGCTGCTG-1,0,39,119,11488,19214
ATGGAACCTTTGCACA-1,0,38,120,11236,19359
GCTAGCACCTGGGCCA-1,0,39,121,11488,19503
CGCCGTCTACCCATCG-1,0,38,122,11237,19649
GATAGGTGTCCCGGGC-1,0,39,123,11489,19793
AGGTATGCGGACATTA-1,0,38,124,11237,19938
TTGGTTCGCTCAAAGG-1,0,39,125,11489,20082
TCTGGAGCGTAAGAGT-1,0,38,126,11238,20228
TGCCTAAATTTAATAG-1,0,39,127,11490,20372
TAATTTCCGTCCAGTA-1,0,40,0,11707,1992
TCCTTCAATCCCTACG-1,0,41,1,11959,2136
TACCTATCCCTAGAGG-1,0,40,2,11707,2281
GCATGGGTACTGACGC-1,0,41,3,11959,2425
GTCGGGAACATGGTAG-1,0,40,4,11708,2571
GCAAATGAGGACACTT-1,0,41,5,11960,2715
GAATGGGCTTATCGAC-1,0,40,6,11708,2860
TGGTCGTGCAAGGCAA-1,0,41,7,11960,3004
CACCACGCCACACAGA-1,0,40,8,11709,3149
GAACCTCGACCTACAC-1,0,41,9,11961,3294
CAATACGCTCTGAGGC-1,0,40,10,11709,3439
TGGTAAGCAGGATTGA-1,0,41,11,11962,3583
AGTGGCTCCGTCGGCC-1,0,40,12,11710,3728
GATCGGATAGAACCAT-1,0,41,13,11962,3873
GCTACAGTACGGACCG-1,0,40,14,11711,4018
TCTATTACTAGAGGAT-1,0,41,15,11963,4162
TTCAGGCGTCAAAGCC-1,0,40,16,11711,4307
AGACCGGGAAACCCTG-1,0,41,17,11963,4452
AGAGATCTCTAAAGCG-1,0,40,18,11712,4597
CCCTGCCCAATCCGCT-1,0,41,19,11964,4741
GTGGCGGTCCCAGCGT-1,0,40,20,11712,4886
GCATTGTAATTCATAT-1,0,41,21,11964,5030
CCGTTCCGAATCTCGG-1,0,40,22,11713,5176
AGCTTGATCTTAACTT-1,0,41,23,11965,5320
CCTGTACTCACGCCCA-1,0,40,24,11713,5465
AAGTGACGACCGAATT-1,0,41,25,11965,5609
CTCACTTGGCTGGTAA-1,0,40,26,11714,5754
CGCCTGGCCTACGTAA-1,0,41,27,11966,5899
CCCGTAAGTCTAGGCC-1,0,40,28,11714,6044
TTGGACATGTGGCTTA-1,1,41,29,11966,6188
ATTACGCGCTGGCAGG-1,0,40,30,11715,6333
ACGCGCTACACAGGGT-1,1,41,31,11967,6478
TACGTTTACCGGCAAT-1,1,40,32,11715,6623
CGAAACGCAATTCATG-1,1,41,33,11968,6767
TAGTCTAACAACGAGA-1,1,40,34,11716,6912
TTGCATGCTGATCACG-1,1,41,35,11968,7056
TCTGGGTAGCGCTCAT-1,1,40,36,11717,7202
ACATCGGTCAGCCGCG-1,1,41,37,11969,7346
AGATACCGGTGTTCAC-1,1,40,38,11717,7491
GATTACTGAATTTGGG-1,1,41,39,11969,7635
TCCAACTTTAAATTCT-1,1,40,40,11718,7781
TCCTAGCAAAGAAGCT-1,1,41,41,11970,7925
GTCTATCTGAGTTTCT-1,1,40,42,11718,8070
GATGTTCAATCCACGA-1,1,41,43,11970,8214
AGTTAAACACTTGCGA-1,1,40,44,11719,8359
AGCTCTTTACTCAGTT-1,1,41,45,11971,8504
ATCCAGGATTCGTGAA-1,1,40,46,11719,8649
AGTCAACACCACCATC-1,1,41,47,11971,8793
CGATACCTCGCGGACA-1,1,40,48,11720,8938
TACAACGCACAACTCA-1,1,41,49,11972,9083
AATTAAAGGTCGGCGT-1,1,40,50,11720,9228
TACGCAGTTCTTTCCT-1,1,41,51,11973,9372
GACCGTGCTGACGGTG-1,1,40,52,11721,9517
GGCAAATTACTTTACT-1,1,41,53,11973,9661
GGTACAAACATGCTAT-1,1,40,54,11722,9807
CGGGCCTTCTTTGTAA-1,1,41,55,11974,9951
CGTGAAGTTAATTCAC-1,1,40,56,11722,10096
ATAGTGAAGCGTTCTC-1,1,41,57,11974,10240
TACGCCATATTCTAAT-1,1,40,58,11723,10386
GCCGGGTTAGGGTCGC-1,1,41,59,11975,10530
TACATAGGCATACACC-1,1,40,60,11723,10675
GCCGATTGGCCAAGCT-1,1,41,61,11975,10819
CTGCCATGCATCACAT-1,1,40,62,11724,10964
TTATGAATGAAAGGGA-1,1,41,63,11976,11109
GCTGAGGCGTGAGTAT-1,1,40,64,11724,11254
GCGCCGTTCCACGATA-1,1,41,65,11976,11398
CGCATGGTGCGATGCT-1,1,40,66,11725,11543
AGGTTTCACACACCTT-1,1,41,67,11977,11688
CAAGGATCGCATGTTC-1,1,40,68,11725,11833
ACGTTAATGTCGAAGA-1,1,41,69,11977,11977
TCCAGAGCACCGGTTC-1,1,40,70,11726,12122
GATTCGACGGTTCACG-1,1,41,71,11978,12266
GTTTCTGCAGTCTCCC-1,1,40,72,11727,12412
GCTGCACGGTTTCTTA-1,1,41,73,11979,12556
CGTGCAGACTGGGACA-1,1,40,74,11727,12701
GTGTTACTATGCGTCC-1,1,41,75,11979,12845
TCCTCGGGCTGGGCTT-1,1,40,76,11728,12991
GTGAGGACACTTAAGG-1,1,41,77,11980,13135
ATACGCCGGCGAAACC-1,1,40,78,11728,13280
TCTGCCAGAAACTGCA-1,1,41,79,11980,13424
TTCTGCGGGTTAGCGG-1,1,40,80,11729,13569
CTCGGTACCACTGCTC-1,1,41,81,11981,13714
GTAAGTAACAGTCTGG-1,1,40,82,11729,13859
GTGCGTGTATATGAGC-1,1,41,83,11981,14003
ATTTGTCTTGGGAGCT-1,1,40,84,11730,14148
CCTCGGACCGGGATAG-1,1,41,85,11982,14293
TAGGTGCTCGCCTAGC-1,1,40,86,11730,14438
CTTTAGGAACACTGTT-1,1,41,87,11982,14582
TCGGGCCGTCGTGGTA-1,1,40,88,11731,14727
AGTGCTTGCACGAATA-1,1,41,89,11983,14871
TGCAGTTTCCTCCCAT-1,1,40,90,11731,15017
TGAGAGATTTACCACG-1,1,41,91,11984,15161
GAAACAGATGACCACC-1,1,40,92,11732,15306
AGCAACATATCTTATT-1,1,41,93,11984,15450
CAAGTGTGGTTGCAAA-1,1,40,94,11733,15596
GCCTCATCTGGAAATA-1,1,41,95,11985,15740
AACCCTACTGTCAATA-1,1,40,96,11733,15885
ACGTATTACTCCGATC-1,1,41,97,11985,16029
TCTGGGAACCTTTGAA-1,1,40,98,11734,16174
GCTCGCTCATGTCCAA-1,0,41,99,11986,16319
GCGCAAGAGCGCGCTG-1,0,40,100,11734,16464
TTGACGCTCCATGAGC-1,0,41,101,11986,16608
TATAGATGGTCGCAGT-1,0,40,102,11735,16753
TTACATGCCACAACTA-1,0,41,103,11987,16898
ACATGGCGCCAAAGTA-1,0,40,104,11735,17043
TATGGTTAGTGGGAGA-1,0,41,105,11987,17187
CATGACTTCGCTGAAT-1,0,40,106,11736,17332
ACCACCAATGTAACAA-1,0,41,107,11988,17476
TCTTAGAGCTCCAATT-1,0,40,108,11736,17622
CCACGAATTTAACCTC-1,0,41,109,11989,17766
TTCTTGCTAGCATCTC-1,0,40,110,11737,17911
ACACCTTACTACTTGC-1,0,41,111,11989,18055
AGTCGGTTGCGTGAGA-1,0,40,112,11738,18200
ACCTACAGTATGTGGT-1,0,41,113,11990,18345
GAGGATAAACAGTGCT-1,0,40,114,11738,18490
TTCCGGTATCTGTGTC-1,0,41,115,11990,18634
GGAGGCCGAAGTCGTC-1,0,40,116,11739,18779
TTCGCTAGGAAGTTGT-1,0,41,117,11991,18924
TAAAGACAACCCTTTA-1,0,40,118,11739,19069
GTTGCGCTAACATTAC-1,0,41,119,11991,19213
GCTGAACTCTCCAGGG-1,0,40,120,11740,19358
AGCCCTGTCGCACCGT-1,0,41,121,11992,19503
AGCGCTAGAGCGATGT-1,0,40,122,11740,19648
TGCGCCGTTAATAACG-1,0,41,123,11992,19792
TGACAACGCATGTCGC-1,0,40,124,11741,19937
CGTCTTGAGTGTGACG-1,0,41,125,11993,20081
GATAGGATTAATTACA-1,0,40,126,11741,20227
GATACCGTGTCGGAGT-1,0,41,127,11993,20371
TGTGTCGAAGTCGAGG-1,0,42,0,12210,1991
GGATCAGAGCCATCAG-1,0,43,1,12462,2135
GTCCCAATCATCCCGC-1,0,42,2,12211,2280
TGCCACACTAGAGGAA-1,0,43,3,12463,2424
TGAATTTCACTTGCCT-1,0,42,4,12211,2570
CTCAGATTGTGATAAG-1,0,43,5,12464,2714
CGGACGTTACTTGAAG-1,0,42,6,12212,2859
CCGCCTTGCGATGTCG-1,0,43,7,12464,3003
CCAGTCAAATCTCTTA-1,0,42,8,12213,3149
AAACAGCTTTCAGAAG-1,0,43,9,12465,3293
TAGCTGATGTGAAGCG-1,0,42,10,12213,3438
CTTATGCGCTCAGGGC-1,0,43,11,12465,3582
TGGCTCTTGTCGCGTA-1,0,42,12,12214,3727
TTGTGAGGCATGACGC-1,0,43,13,12466,3872
CATAAGCTCTCCGTCT-1,0,42,14,12214,4017
CCTTCTCAGCGTTCCT-1,0,43,15,12466,4161
TGCAGCTACGTACTTC-1,0,42,16,12215,4306
CTCTACACTGGCGATT-1,0,43,17,12467,4451
TGCAGATCGTCCTAGG-1,0,42,18,12215,4596
TGCCAAAGTCAGACTT-1,0,43,19,12467,4740
ACAATAGTCGTACGTT-1,0,42,20,12216,4885
CATGCCAACTCGCAAA-1,0,43,21,12468,5029
TGCAGAACTATATCGT-1,0,42,22,12216,5175
TCGTGTCACGCTGACA-1,0,43,23,12468,5319
TGATCAGGGAACTGCT-1,0,42,24,12217,5464
CTTGCAACCGCCTCCT-1,1,43,25,12469,5608
AGCCCATACATGTAAG-1,0,42,26,12217,5754
ATCCAATGGAGGGTCC-1,1,43,27,12470,5898
AAACCGGGTAGGTACC-1,1,42,28,12218,6043
GCAACCACGGCCGCGT-1,1,43,29,12470,6187
CGCTTATTCCCGGTCG-1,1,42,30,12219,6332
TTACTCTGGTACGTAC-1,1,43,31,12471,6477
GTGGTTTCCGCCTTTC-1,1,42,32,12219,6622
ATAGGCGGCTATAGAA-1,1,43,33,12471,6766
GTGCCATCACACGGTG-1,1,42,34,12220,6911
CCCAACATACGTCGCG-1,1,43,35,12472,7056
CGGTGCAGATAGAACG-1,1,42,36,12220,7201
GGGCGGGTTCCCTACG-1,1,43,37,12472,7345
TGAGCCATACAGTCTC-1,1,42,38,12221,7490
CTCCGCCCACATGAGG-1,1,43,39,12473,7634
GTTGAACCGGTTCCAT-1,1,42,40,12221,7780
TTGACTACCATATGGT-1,1,43,41,12473,7924
ACCATCGTATATGGTA-1,1,42,42,12222,8069
TGCGTAAGAACCTGAT-1,1,43,43,12474,8213
AGAAGGTTGCCGAATT-1,1,42,44,12222,8358
AGGACGACCCATTAGA-1,1,43,45,12475,8503
GGTGCTGGTACACATT-1,1,42,46,12223,8648
GCGCTATGCCGAGGCA-1,1,43,47,12475,8792
ACCCGGTTACACTTCC-1,1,42,48,12224,8937
TAACTCATCCGCGCGG-1,1,43,49,12476,9082
CACAATGAGCTGCTAT-1,1,42,50,12224,9227
GTTACTTTGGGCCTAG-1,1,43,51,12476,9371
GGGCCCGTCTTAAACA-1,1,42,52,12225,9516
GAAATTGTCTCTATAA-1,1,43,53,12477,9661
GGCGCATGAATTGATG-1,1,42,54,12225,9806
CATATAGGTACAGTCA-1,1,43,55,12477,9950
TCAACGAGGAGACAAA-1,1,42,56,12226,10095
TTGCACAATTCAGAAA-1,1,43,57,12478,10239
CATCGGACGGGTTAAT-1,1,42,58,12226,10385
ATTAAACATGCGGACC-1,1,43,59,12478,10529
TATCTACCACAGCGGG-1,1,42,60,12227,10674
CGAGACCCTAGAGTGT-1,1,43,61,12479,10818
ACATCGATCGTTTACC-1,1,42,62,12227,10963
ATCGACCCAATACAGA-1,1,43,63,12479,11108
GAATCTGAACATTCTC-1,1,42,64,12228,11253
AGTTCCTATTTATGTT-1,1,43,65,12480,11397
CAGTCTGTATACTGGG-1,1,42,66,12228,11542
GGAGACGACACCTTTG-1,1,43,67,12481,11687
CCTAAATTAACGGTTC-1,1,42,68,12229,11832
GCTACGACTTATTGGG-1,1,43,69,12481,11976
CTGTGCAGGGTAGGTC-1,1,42,70,12230,12121
ACGCCGCTAGACGACC-1,1,43,71,12482,12265
ACTTGACTCCCTCTTT-1,1,42,72,12230,12411
CGCCTCCCTCCTCTAT-1,1,43,73,12482,12555
CTAGATTTACGACGGC-1,1,42,74,12231,12700
GATGCTGTATTTCATC-1,1,43,75,12483,12844
TGCGTTTGTTGACACT-1,1,42,76,12231,12990
CGTGCCCTCCCGAAGA-1,1,43,77,12483,13134
ACTCTCTGACTTAGGT-1,1,42,78,12232,13279
CTGGGTAGGCAGTTAA-1,1,43,79,12484,13423
GTTTGGCCCAAGTTAT-1,1,42,80,12232,13568
GAATGTGGTCCGGATT-1,1,43,81,12484,13713
CCCAGTTAAGGCGCCG-1,1,42,82,12233,13858
CGGTACTAGAATCAAA-1,1,43,83,12485,14002
GCTTAATGTAACTAAC-1,1,42,84,12233,14147
AGGACAGTCGAATCCC-1,1,43,85,12486,14292
GACAGCCAGACCTGAC-1,1,42,86,12234,14437
GGCGAAATCTAACTTG-1,1,43,87,12486,14581
CTGGTAACACATAGAA-1,1,42,88,12235,14726
TAGCCATTTCAAAGTC-1,1,43,89,12487,14870
GGGATTTACCGCACCT-1,1,42,90,12235,15016
ATGCCATTTGCGACCA-1,1,43,91,12487,15160
GAATAGACGCGACCCA-1,1,42,92,12236,15305
TGTATGGCGCAGACAG-1,1,43,93,12488,15449
GGATGAAGATCGCTGA-1,1,42,94,12236,15595
CGACAATTTGATCTAA-1,0,43,95,12488,15739
AAAGTTGACTCCCGTA-1,0,42,96,12237,15884
CGCGGCTCAACTTGAA-1,0,43,97,12489,16028
CACGCGGAACTGTTGC-1,0,42,98,12237,16173
TCTTAGAGTGAACTCT-1,0,43,99,12489,16318
AGTCCATTGGCTGATG-1,0,42,100,12238,16463
TTAAGATAGGATTGAC-1,0,43,101,12490,16607
ACATCCTGGTAACTGT-1,0,42,102,12238,16752
CACCTTGGCGCCTTTG-1,0,43,103,12490,16897
GCTAGACCGTCTACTG-1,0,42,104,12239,17042
CGGCCCAGGTATATCC-1,0,43,105,12491,17186
GTCCATTACTGCTACG-1,0,42,106,12239,17331
GGGTTTAGGATAGGAT-1,0,43,107,12492,17475
TAATTAGGACATCCGT-1,0,42,108,12240,17621
GCTCCCAGTCGGTCCA-1,0,43,109,12492,17765
ATTCGTGCTATCTCTT-1,0,42,110,12241,17910
GTTAACTATGTTGTCA-1,0,43,111,12493,18054
GCTCCGCTCGCTTCAG-1,0,42,112,12241,18200
GCAACGGCTAGTTATG-1,0,43,113,12493,18344
AATCGCGCAGAGGACT-1,0,42,114,12242,18489
AGGTTACACCATGCCG-1,0,43,115,12494,18633
CGAGATTTCGCTCGGG-1,0,42,116,12242,18778
CGATAATACTCAGGTT-1,0,43,117,12494,18923
AAGGCAGGCTGTCTCC-1,0,42,118,12243,19068
GTAAGTCCACACTCTA-1,0,43,119,12495,19212
ATGAGGGCAGCGGCTA-1,0,42,120,12243,19357
GCCGCACTCCGTTTCA-1,0,43,121,12495,19502
GAGCACGGCGCCTCTT-1,0,42,122,12244,19647
ACAATTTGGCCATATT-1,0,43,123,12496,19791
CTGGTTCGCGAGCTAC-1,0,42,124,12244,19936
GACGGTCCTAGGGTGT-1,0,43,125,12497,20080
ACTCGCGATCTGACGC-1,0,42,126,12245,20226
GTGTACGAACCGTTCC-1,0,43,127,12497,20370
CTTTGACGTCGCTTCT-1,0,44,0,12714,1990
CGTTATCATACTTCCA-1,0,45,1,12966,2134
GCTATGCCAGCTTATG-1,0,44,2,12715,2279
CAGTCGGCCTAGATAT-1,0,45,3,12967,2423
CCCGTGAGGGCGGTGA-1,0,44,4,12715,2569
TCTCGTGTTACGAGGA-1,0,45,5,12967,2713
ACGTCTCGTTCCGGGA-1,0,44,6,12716,2858
CGAGAGCGCGTAGATA-1,0,45,7,12968,3002
GACAGATTTCTGGCTC-1,0,44,8,12716,3148
GGGCCTAAATGGGCTA-1,0,45,9,12968,3292
ACTTGTAGTCCCTTCA-1,0,44,10,12717,3437
CCCGAAGTTTCGCGAA-1,0,45,11,12969,3581
ACCATCCGCCAACTAG-1,0,44,12,12717,3726
TGCGAATATGGGATTT-1,0,45,13,12969,3871
TACATCCCTATCCCTG-1,0,44,14,12718,4016
GTGGGAAGACTGAATC-1,0,45,15,12970,4160
TCAACATCGACCGAGA-1,0,44,16,12718,4305
CTATGTGAGTCACGGC-1,0,45,17,12970,4450
CCGAACACTGGGCCTC-1,0,44,18,12719,4595
AAACTTGCAAACGTAT-1,0,45,19,12971,4739
AGGGCGAGCAGCTGAT-1,0,44,20,12719,4884
AACACGAGACGCGGCC-1,0,45,21,12972,5028
TGACGAATATTTCCCT-1,0,44,22,12720,5174
TCGGAGAGTATCGGGA-1,1,45,23,12972,5318
CAAATCTCTCACAAGG-1,1,44,24,12721,5463
AGGCCCTAGAACGCCA-1,1,45,25,12973,5607
TAGAGATCATGCAACT-1,0,44,26,12721,5753
TTGTTTCCATACAACT-1,1,45,27,12973,5897
GAGAGGTGCATTCTGG-1,1,44,28,12722,6042
GTGGACCAACCCGATT-1,1,45,29,12974,6186
CTGGGCCTGCTATATC-1,1,44,30,12722,6331
CATAGTCCACAAGAAC-1,1,45,31,12974,6476
TTGACATGAACGTGGA-1,1,44,32,12723,6621
GGTTACCACCCTCGGG-1,1,45,33,12975,6765
TACCGGTCGTTTCCAT-1,1,44,34,12723,6910
CGAGTACTAAAGAGGA-1,1,45,35,12975,7055
GCAAGAATTCCTTGGC-1,1,44,36,12724,7200
TCGCCGAAGTTGCGTC-1,1,45,37,12976,7344
TTGAGAGTACTGCTAA-1,1,44,38,12724,7489
GCCACAATTTAAGGAC-1,1,45,39,12977,7633
ATATTCAGTTAAACCT-1,1,44,40,12725,7779
TGAGTGCCTCTTAAAT-1,1,45,41,12977,7923
ATCAGACGGCACGCCG-1,1,44,42,12726,8068
GTGCGAAATCGAACAC-1,1,45,43,12978,8212
GTGCCGCTTCAAAGGT-1,1,44,44,12726,8358
GATACGATGGGAGTCA-1,1,45,45,12978,8502
GACACTGAGTTCAGTG-1,1,44,46,12727,8647
ATCCTGCGTGGAATGG-1,1,45,47,12979,8791
ATCCTACCTAAGCTCT-1,1,44,48,12727,8936
AGTGATATGAGTAGTT-1,1,45,49,12979,9081
ATGATGCAATGGTACA-1,1,44,50,12728,9226
GAAACCGAATTACCTT-1,1,45,51,12980,9370
AGTGACCTACTTTACG-1,1,44,52,12728,9515
CAAATGTCCTTCCGTG-1,1,45,53,12980,9660
TTACTGGGATATTTCA-1,1,44,54,12729,9805
CTTGCCCAGGCTCTAC-1,1,45,55,12981,9949
AAATCGTGTACCACAA-1,1,44,56,12729,10094
GTGATCATAGATCTGC-1,1,45,57,12981,10238
TGGCAGATTACGATCA-1,1,44,58,12730,10384
TCACCCTCTTAAGATT-1,1,45,59,12982,10528
CAGGATATATCGTTGT-1,1,44,60,12730,10673
CCTGACCACCGATGGT-1,1,45,61,12983,10817
CTAAAGGGAAATAGGA-1,1,44,62,12731,10963
CCGCTATCAGCACCAG-1,1,45,63,12983,11107
CTTTAGTGCTATTATT-1,1,44,64,12732,11252
CGGGAATTTATGTAAA-1,1,45,65,12984,11396
TACGACTGCCTCTTAG-1,1,44,66,12732,11541
AAACTGCTGGCTCCAA-1,1,45,67,12984,11686
GTACGTTTGCCCGTCA-1,1,44,68,12733,11831
GGCAAGGCGAAATAGC-1,1,45,69,12985,11975
GATCTTGGAGGGCATA-1,1,44,70,12733,12120
AGCGTGGTATTCTACT-1,1,45,71,12985,12265
CTAAGGGAATGATTGG-1,1,44,72,12734,12410
CATGGTAAGTAGCGTT-1,1,45,73,12986,12554
CGTTGAGCGACCGTCG-1,1,44,74,12734,12699
TGCCCGTACCGTTAAA-1,1,45,75,12986,12843
ACAAGGGCAGGCTCTG-1,1,44,76,12735,12989
GAGATCTTCCATGACA-1,1,45,77,12987,13133
AATGACGTAGGATGTC-1,1,44,78,12735,13278
GTGGTGGCCAAGTGAA-1,1,45,79,12988,13422
TCCCGTGTGCAATTTG-1,1,44,80,12736,13568
ACATCGTATGCAATGG-1,1,45,81,12988,13712
GCGAAACTTAACTGGA-1,1,44,82,12737,13857
AATTGAACGCTCTGGT-1,1,45,83,12989,14001
ACAAATGGTAGTGTTT-1,1,44,84,12737,14146
ATGGTCGCGTGGTTTC-1,1,45,85,12989,14291
TGTTATTGTATGTGGC-1,1,44,86,12738,14436
TTCCGGTTACCCACTT-1,1,45,87,12990,14580
GAGTGTGCGGTACCCA-1,1,44,88,12738,14725
CAAGATATTATAACGT-1,1,45,89,12990,14870
ACACACCAGGACCAGT-1,1,44,90,12739,15015
ATGGGCCTCGGCCTCT-1,1,45,91,12991,15159
AAGGTGATAAACCAGC-1,1,44,92,12739,15304
TCTTACTTATGCCTCT-1,0,45,93,12991,15448
AAAGTGTGATTTATCT-1,0,44,94,12740,15594
TGCTCCACAGTTCTTA-1,0,45,95,12992,15738
CTGGCTGATTCATCCT-1,0,44,96,12740,15883
TAAGGCTGAATCCCTC-1,0,45,97,12992,16027
TCTAGTGATATCGTGG-1,0,44,98,12741,16172
TCGAAGAACCGAGCAC-1,0,45,99,12993,16317
GACAAACATATGCAGG-1,0,44,100,12741,16462
AAGTCAATTGTCGTCA-1,0,45,101,12994,16606
AGTGAACAAACTTCTC-1,0,44,102,12742,16751
CATGATGGAAGTTAGC-1,0,45,103,12994,16896
AAGTGCCTTGACTGTA-1,0,44,104,12743,17041
ATCGCCAGTCAACATT-1,0,45,105,12995,17185
ACCGCGGTGGAAGTCG-1,0,44,106,12743,17330
TCTTCTATAACCCGCC-1,0,45,107,12995,17474
CACATTTCTTGTCAGA-1,0,44,108,12744,17620
TAGCGTCCCTCGATTG-1,0,45,109,12996,17764
GTTCGGATCGGGAACA-1,0,44,110,12744,17909
CAAACTCGCGACGCCG-1,0,45,111,12996,18053
GTCTTGTAGCTATTCA-1,0,44,112,12745,18199
TCTCGACGTATCGCCG-1,0,45,113,12997,18343
TTGCCAAGCAGAACCC-1,0,44,114,12745,18488
AAACCCGAACGAAATC-1,0,45,115,12997,18632
TTGAGCAGCCCACGGT-1,0,44,116,12746,18777
CGCCTTTAGCATGCTC-1,0,45,117,12998,18922
TGTGGCTCCCACCAAC-1,0,44,118,12746,19067
CCGCCGTTGAGGATAA-1,0,45,119,12999,19211
CAATACGAGAGTCTGA-1,0,44,120,12747,19356
CATCTAGTGAAGGGAA-1,0,45,121,12999,19501
GGTGGAGGTTGATACG-1,0,44,122,12748,19646
CCGCACACGAACGTGT-1,0,45,123,13000,19790
AGAACCCAGCGTGACA-1,0,44,124,12748,19935
GCGCTCGATCACCTGT-1,0,45,125,13000,20079
ATCATGGACTACCGAC-1,0,44,126,12749,20225
TACGCCGCCTCAGAAG-1,0,45,127,13001,20369
CGACCTACTAGACAAT-1,0,46,0,13218,1989
GAGTCTTGTAAAGGAC-1,0,47,1,13470,2133
AATATCCTAGCAAACT-1,0,46,2,13218,2278
CCCTAGGCAACAAGAG-1,0,47,3,13470,2423
ACAAAGAAGGTAGGCC-1,0,46,4,13219,2568
CCCTGGCTGTTCCTTC-1,0,47,5,13471,2712
TCGCCGCACCGCGTGA-1,0,46,6,13219,2857
TATAGCGCACGTTATC-1,0,47,7,13471,3001
TTATCTGACATTAGGA-1,0,46,8,13220,3147
AGTGGTGTTACCCGTG-1,0,47,9,13472,3291
GCCAAGAATACTTCTG-1,0,46,10,13220,3436
CCGGCGTGAGACTCTG-1,0,47,11,13472,3580
TTCCCGGCGCCAATAG-1,0,46,12,13221,3726
AAACAGGGTCTATATT-1,0,47,13,13473,3870
ACAGTAATACAACTTG-1,0,46,14,13221,4015
CGAACGGCCGGACAAC-1,0,47,15,13474,4159
GCAACACACTAGAACT-1,0,46,16,13222,4304
ACTCCCATTCCTAAAG-1,0,47,17,13474,4449
ACCTGCGTGTCATGTT-1,0,46,18,13223,4594
TACTTTCCGCACGCCA-1,0,47,19,13475,4738
AGGTCAGGTGAGAGTG-1,0,46,20,13223,4883
TCCTCCTAAGACATTC-1,1,47,21,13475,5028
ATGTGAAAGCCTAATG-1,1,46,22,13224,5173
AGTCGGCTCAACTTTA-1,1,47,23,13476,5317
CGATCTGTTGGAGGAC-1,1,46,24,13224,5462
ACGGGAGTGTCGGCCC-1,1,47,25,13476,5606
TTAACTTCAGGTAGGA-1,1,46,26,13225,5752
CCACGGAGCCATAAGA-1,1,47,27,13477,5896
CTTCTATGTTGAAGTA-1,1,46,28,13225,6041
CACCGTTGCGCGATAT-1,1,47,29,13477,6185
TCTAGCAATCTCCGCC-1,1,46,30,13226,6330
AGTTTGGCCAGACCTA-1,1,47,31,13478,6475
TTGTAAGGACCTAAGT-1,1,46,32,13226,6620
AAATTTGCGGGTGTGG-1,1,47,33,13478,6764
AAGTTCGGCCAACAGG-1,1,46,34,13227,6909
CCGCTTACCTCACTCT-1,1,47,35,13479,7054
ATCACGTGCTAATTAA-1,1,46,36,13227,7199
GGTGAAGTACAGGGAT-1,1,47,37,13480,7343
GCTGTATTACTGGCCC-1,1,46,38,13228,7488
AACGGCCATCTCCGGT-1,1,47,39,13480,7632
TAAGTAACATCTTGAC-1,1,46,40,13229,7778
TTCTTGAGCCGCGCTA-1,1,47,41,13481,7922
AGTGCGTAGCTCGTAA-1,1,46,42,13229,8067
GGGATGGTCGTAACCG-1,1,47,43,13481,8211
GTCTGGGCGGTCGAGA-1,1,46,44,13230,8357
CGGAACGTAAACATAG-1,1,47,45,13482,8501
TGCGACACCCTAGTGC-1,1,46,46,13230,8646
CAAACGAGTATCGCAG-1,1,47,47,13482,8790
TCAGTAGGGACTATAA-1,1,46,48,13231,8935
GCGGTTCCCTATCATG-1,1,47,49,13483,9080
GTGACTTCAGTAGTGC-1,1,46,50,13231,9225
CGTCACGTCCATTGGT-1,1,47,51,13483,9369
ATAAGTTACCGCGACG-1,1,46,52,13232,9514
CTGAATCCGAGACCTC-1,1,47,53,13484,9659
TACGACGCTTGCTGCG-1,1,46,54,13232,9804
GAATTCACCCGGGTGT-1,1,47,55,13485,9948
GGGTGACACCTTAACT-1,1,46,56,13233,10093
TGAGTAAATTAGCGTA-1,1,47,57,13485,10237
GAGTCCGCTTACCGGA-1,1,46,58,13234,10383
GGCGCGTTCGAGTTTA-1,1,47,59,13486,10527
ATTCATATACTGTCCA-1,1,46,60,13234,10672
ATAAACGGACCCGTAA-1,1,47,61,13486,10816
GTCGTACCATCTCGGG-1,1,46,62,13235,10962
ATAATAGCTGTTGAAT-1,1,47,63,13487,11106
TTCCGCGTGAGGCGAT-1,1,46,64,13235,11251
TACCGGCTCACTGCCC-1,1,47,65,13487,11395
GTATCTTTCATAACCA-1,1,46,66,13236,11540
GTTACCTACAACTTGC-1,1,47,67,13488,11685
TGACTATAATCCTTTC-1,1,46,68,13236,11830
AAATACCTATAAGCAT-1,1,47,69,13488,11974
TTATTAGAGCGTGTTC-1,1,46,70,13237,12119
ATGTGGACATCTTGAT-1,1,47,71,13489,12264
GTACGCTTCATTGCAC-1,1,46,72,13237,12409
CACATATTAGCAGGAT-1,1,47,73,13489,12553
CAAGAGGGCGGAGTAC-1,1,46,74,13238,12698
TCGCAAAGATGCATTT-1,1,47,75,13490,12842
GTCGTTATTCGCTTAT-1,1,46,76,13238,12988
TCGTGTACTATGGATG-1,1,47,77,13491,13132
GCGGAGAGGGAGAACG-1,1,46,78,13239,13277
TCACAGGGAATCGCAA-1,1,47,79,13491,13421
GACTGCACCAGCCCAG-1,1,46,80,13240,13567
TCCGCTGTCATCCCGG-1,1,47,81,13492,13711
AGATACTCAAGATCGA-1,1,46,82,13240,13856
ACTGAATGGCGAAAGT-1,1,47,83,13492,14000
TCCTACATCCACGGCC-1,1,46,84,13241,14145
TTCAGCCCTGGTCCAC-1,1,47,85,13493,14290
TTAGAGTTTAGAAGGA-1,1,46,86,13241,14435
GGTTAGCTATATGTCT-1,1,47,87,13493,14579
CTGGTTTCGAGCAAGA-1,1,46,88,13242,14724
TGGGCCCATACTAATT-1,1,47,89,13494,14869
ACTTATTTATGTGCCA-1,1,46,90,13242,15014
TTAGTTATTCGTGGCA-1,0,47,91,13494,15158
AACCGCTAAGGGATGC-1,0,46,92,13243,15303
ATACGTCCACTCCTGT-1,0,47,93,13495,15447
CGACACGCTCCGACAG-1,0,46,94,13243,15593
TCTGAACTCGTACCCG-1,0,47,95,13496,15737
AGGATATAGGGATTTA-1,0,46,96,13244,15882
GTGATCACTAACGCCT-1,0,47,97,13496,16026
ACCGGGCCTTTGTTGA-1,0,46,98,13245,16172
TTGACAGGAGCTCCCG-1,0,47,99,13497,16316
CTCTTCTATTGACTGG-1,0,46,100,13245,16461
CGTGGCCGAATATCTA-1,0,47,101,13497,16605
GGTTTAGCCTTTCTTG-1,0,46,102,13246,16750
TCAAGGTTACTACACC-1,0,47,103,13498,16895
TTGACTATTGTCCGGC-1,0,46,104,13246,17040
CGGGAATATAGTATAC-1,0,47,105,13498,17184
GCAACAGCAGTATGCG-1,0,46,106,13247,17329
ATCAAACACTGTTCCA-1,0,47,107,13499,17474
TGGGCAATAGTTGGGT-1,0,46,108,13247,17619
TGAATGTCAGCCGGCC-1,0,47,109,13499,17763
CGGCTCTAAAGCTGCA-1,0,46,110,13248,17908
GGACACAAGTTTACAC-1,0,47,111,13500,18052
CCGAGAAGTCGCATAA-1,0,46,112,13248,18198
AACTACCCGTTTGTCA-1,0,47,113,13500,18342
GCACAAACGAGGCGTG-1,0,46,114,13249,18487
CACACAGCTTGCGCTC-1,0,47,115,13501,18631
GTGCTTACATCAGCGC-1,0,46,116,13250,18777
GCAAACGTCGCCAGGT-1,0,47,117,13502,18921
GAATAGCATTTAGGGT-1,0,46,118,13250,19066
TACTGTTTCTCTGGTA-1,0,47,119,13502,19210
TCCTATCATAGGTAAC-1,0,46,120,13251,19355
TTCGGTGGAGACGCCC-1,0,47,121,13503,19500
TGTTGCCGTCGTCCCA-1,0,46,122,13251,19645
CCAACTTGATAGATCC-1,0,47,123,13503,19789
CAAAGGTCATCTGAAA-1,0,46,124,13252,19934
CTAGCTTAATGGTCCC-1,0,47,125,13504,20079
AGGCCACATTGGTTAC-1,0,46,126,13252,20224
TTAGGATGGGAGGGTA-1,0,47,127,13504,20368
TATGACCTTGCGCTGG-1,0,48,0,13721,1988
ATATACATGTATGGTA-1,0,49,1,13973,2132
TGTGTGACCATGAATC-1,0,48,2,13722,2277
CCCACTCCACGGTATC-1,0,49,3,13974,2422
GGGCAGACGTCACTGC-1,0,48,4,13722,2567
TCAAAGAGCTATCTGT-1,0,49,5,13974,2711
AGATGCATCCTGTGTC-1,0,48,6,13723,2856
GTGAAGTCACGACTCG-1,0,49,7,13975,3000
TGATTCAGGTCCCGCG-1,0,48,8,13723,3146
CGCCACAGGTCGCGAT-1,0,49,9,13976,3290
TTGAATCGTTGTATAA-1,0,48,10,13724,3435
TGGCCAATTTGGTACT-1,0,49,11,13976,3579
CGACCCTTAACGCCGG-1,0,48,12,13725,3725
TCGGCGTACTGCACAA-1,0,49,13,13977,3869
GAGTAAGGCCACGGGA-1,0,48,14,13725,4014
ATCAGCTCGTCCACTA-1,0,49,15,13977,4158
AGGATCACGCGATCTG-1,0,48,16,13726,4303
AAATGGCCCGTGCCCT-1,0,49,17,13978,4448
CAGTACCAGTTTACGT-1,0,48,18,13726,4593
GGTCGTAAGCTCGCAC-1,1,49,19,13978,4737
CGTTCATGGTGCGCGT-1,1,48,20,13727,4882
GACTACAAAGCGGTGG-1,1,49,21,13979,5027
CAGCTGGCGTAACCGT-1,1,48,22,13727,5172
ACTCGTAACCCGTCCT-1,1,49,23,13979,5316
CATATGTCAGGCTACG-1,1,48,24,13728,5461
GCCCGACTTCTTCCCG-1,1,49,25,13980,5605
CTGGCATCCGAATGAG-1,1,48,26,13728,5751
AAGTGCGTTAGAATCT-1,1,49,27,13980,5895
AGAAGTGATTCGTGAT-1,1,48,28,13729,6040
TACCTTAAGATTTCCC-1,1,49,29,13981,6184
AATGACAGCAATGTCT-1,1,48,30,13729,6330
TCAACGCAGGAAATAA-1,1,49,31,13982,6474
TATTCCTCCGCCCACT-1,1,48,32,13730,6619
ATCAAACGAAGGTTTG-1,1,49,33,13982,6763
TTGATTAGCTGTTTCT-1,1,48,34,13731,6908
CTGCTGAGGCCACGAA-1,1,49,35,13983,7053
CCGTGTTAAATTCCAT-1,1,48,36,13731,7198
CACGTCGGCAACCTCT-1,1,49,37,13983,7342
GTATTCTGAGAAACGA-1,1,48,38,13732,7487
CGGTGCGCGTTGGTCC-1,1,49,39,13984,7632
GTGATTCGCCGCTCAA-1,1,48,40,13732,7777
GCCCGCGCGTAAACGG-1,1,49,41,13984,7921
AACGTACTGTGGGTAC-1,1,48,42,13733,8066
GAGTATGCCCGCCTTG-1,1,49,43,13985,8210
TGATTCTGTCGCCGGT-1,1,48,44,13733,8356
GGGCGGCAAATGAATT-1,1,49,45,13985,8500
TTCCAATCTGGCTATC-1,1,48,46,13734,8645
GGAACCGTGTAAATTG-1,1,49,47,13986,8789
TTGGTCACACTCGTAA-1,1,48,48,13734,8935
CGAACCCGCATGCGTC-1,1,49,49,13987,9079
GGGCGTCACCACGTAA-1,1,48,50,13735,9224
TACCAGAAGTAGGTTC-1,1,49,51,13987,9368
TTGGATATCGTCTACG-1,1,48,52,13736,9513
TAGATATGGACTGGAA-1,1,49,53,13988,9658
GCGACGATAGTTGTAC-1,1,48,54,13736,9803
CTGGATTTACACTTGA-1,1,49,55,13988,9947
GTTATATTATCTCCCT-1,1,48,56,13737,10092
TATTCCACTCAGCTCG-1,1,49,57,13989,10237
CTGTTACCCAATCTAG-1,1,48,58,13737,10382
ACGCGAAGTCAGACGA-1,1,49,59,13989,10526
GATAGGTAACGTTGAC-1,1,48,60,13738,10671
TGTTCGTATTGCGGTG-1,1,49,61,13990,10815
GGTCAGTGGGTCCCAC-1,1,48,62,13738,10961
AATTCTAGAGTTAGGC-1,1,49,63,13990,11105
GTTTACGTTCCATCTG-1,1,48,64,13739,11250
AGACCCACCGCTGATC-1,1,49,65,13991,11394
TCTAGCATGCCCAGAA-1,1,48,66,13739,11539
CCCGCAGCGCGAACTA-1,1,49,67,13991,11684
CTCTATTTGGCTGCAG-1,1,48,68,13740,11829
TTCTGCCGCGCCTAGA-1,1,49,69,13992,11973
ACTCCCTAGAATAGTA-1,1,48,70,13740,12118
CCGAACCTTCCCGGCC-1,1,49,71,13993,12263
TCAGACGCTATAGAAG-1,1,48,72,13741,12408
CAGGCGCCATGCTAGG-1,1,49,73,13993,12552
CACTCGAGCTGAACAA-1,1,48,74,13742,12697
ACAAGGAAATCCGCCC-1,1,49,75,13994,12842
ACCACGTGCAGCTATA-1,1,48,76,13742,12987
ACGGCGACGATGGGAA-1,1,49,77,13994,13131
TTACTAAAGGACTTTA-1,1,48,78,13743,13276
GGCTGAAATAGCAAAG-1,1,49,79,13995,13420
TTAGACGAGTCACCTC-1,1,48,80,13743,13566
GTAGTCGCGGGAATCA-1,1,49,81,13995,13710
GCAAACCCTACATTAT-1,1,48,82,13744,13855
GTTAAAGTAGGACTGG-1,1,49,83,13996,13999
ACCCTCCCTTGCTATT-1,1,48,84,13744,14144
CATGTCTCATTTATGG-1,1,49,85,13996,14289
AATAGAATCTGTTTCA-1,1,48,86,13745,14434
TCTCATGAGATAGGGT-1,1,49,87,13997,14578
ATGACTATGCGACATT-1,1,48,88,13745,14723
CCTAACCCAAACAAGT-1,1,49,89,13998,14868
AGTCAAGATGACACTT-1,1,48,90,13746,15013
CGGGAGCTTCAGTGTA-1,0,49,91,13998,15157
CCACAGTACCCATCCT-1,0,48,92,13747,15302
GAGCGCGCACGAGTAG-1,0,49,93,13999,15446
ACCAGTGCGGGAGACG-1,0,48,94,13747,15592
TCCTTACGACGGTCCG-1,0,49,95,13999,15736
TAGTCGATCACGGGTT-1,0,48,96,13748,15881
AGACGAAGTGCCGGTC-1,0,49,97,14000,16025
CGCTGGTGACTACCCT-1,0,48,98,13748,16171
AGGCATTGTCGTAGGG-1,0,49,99,14000,16315
TGGTAGAATATATGGG-1,0,48,100,13749,16460
TTCTTATCCGCTGGGT-1,0,49,101,14001,16604
AGTTTGGCACGGGTTG-1,0,48,102,13749,16749
GCATCGGCCGTGTAGG-1,0,49,103,14001,16894
ATGCGAGTCCCACCAC-1,0,48,104,13750,17039
TCGGCGAACCCAAACC-1,0,49,105,14002,17183
AGAGTAAACTTCACTA-1,0,48,106,13750,17328
AAGCCGAAGCGGTTTA-1,0,49,107,14002,17473
CCCGAGTTTCTCCGTA-1,0,48,108,13751,17618
AATATCGAATCAATGC-1,0,49,109,14003,17762
GCGCCTCCCACTCCGA-1,0,48,110,13751,17907
CGTTAAACTAGTTAGG-1,0,49,111,14004,18051
TGAGTTAAAGACATTC-1,0,48,112,13752,18197
AACAGGTAGTATGGAT-1,0,49,113,14004,18341
GAACGCGGGTCACACG-1,0,48,114,13753,18486
TGTTTGAGATCGTCAG-1,0,49,115,14005,18630
ATCTCGTGAGCGAAAC-1,0,48,116,13753,18776
CTGAGAAAGTTCGGCG-1,0,49,117,14005,18920
ATTACCACACTGCCTG-1,0,48,118,13754,19065
CTGCTGTCTAACGAGC-1,0,49,119,14006,19209
CGTGGAAGCCTCGTAC-1,0,48,120,13754,19354
GGACTCACAAATTAGG-1,0,49,121,14006,19499
CTTTGCTGTCATGGAT-1,0,48,122,13755,19644
GGTGTTGGGCGTCTTA-1,0,49,123,14007,19788
TACCATGTATTGATTT-1,0,48,124,13755,19933
GGTCTCCAAGTAGTGC-1,0,49,125,14007,20078
ATCCTTCTGAAAGAAC-1,0,48,126,13756,20223
CCGGAAGTTATCAGTC-1,0,49,127,14008,20367
TTAGAGGGATATACAG-1,0,50,0,14225,1987
TTGTACACCTCGAACA-1,0,51,1,14477,2131
GTGGGTACTGAGCGTA-1,0,50,2,14225,2276
CTTAAGCAGCGAGCCG-1,0,51,3,14477,2421
GCATTGACTTGCGGAA-1,0,50,4,14226,2566
CCATAACCTGTGCAGT-1,0,51,5,14478,2710
GGGCTACTATTTCGTG-1,0,50,6,14226,2855
GGCGAGCGAAACGGCA-1,0,51,7,14479,3000
GGAGACCATCTACATA-1,0,50,8,14227,3145
AGACCAAACCACACCT-1,0,51,9,14479,3289
CGACGCATCCGTACCT-1,0,50,10,14228,3434
CCTAGGTAAAGGTAGC-1,0,51,11,14480,3578
AGCGGCGGTTAGCGGT-1,0,50,12,14228,3724
CTGGACGCAGTCCGGC-1,0,51,13,14480,3868
AGCCTAATACCCACGT-1,0,50,14,14229,4013
AATCTGGCTTTCTAGT-1,0,51,15,14481,4157
CACCCTTGGTGAGACC-1,0,50,16,14229,4302
GGATCTTGACTCAACC-1,0,51,17,14481,4447
ACGAGGATACCACTCT-1,0,50,18,14230,4592
GAGTTGATGGCAATTT-1,1,51,19,14482,4736
GTGGCAAACAGCGGCA-1,1,50,20,14230,4881
GATGTAACGAACCACC-1,1,51,21,14482,5026
AGCCGTGGCTAAATGT-1,1,50,22,14231,5171
CTCCCTCCTTTCGATC-1,1,51,23,14483,5315
TTGGAAGAATACAGTC-1,1,50,24,14231,5460
AGTTAAGTCAACCGCT-1,1,51,25,14484,5604
CTCATGGTAATTTGCG-1,1,50,26,14232,5750
AAAGTAGCATTGCTCA-1,1,51,27,14484,5894
TTGTGGTAGGAGGGAT-1,1,50,28,14233,6039
AGTCGTGGGCATTACG-1,1,51,29,14485,6183
ACCTAAGTACCTTTCA-1,1,50,30,14233,6329
GTAGAGGGAGACAAGT-1,1,51,31,14485,6473
GATCCTCGACACTGGC-1,1,50,32,14234,6618
CCTACATTCACAGACG-1,1,51,33,14486,6762
TTGACCGTGTTAATGA-1,1,50,34,14234,6907
TCTGTTACCCAGCATA-1,1,51,35,14486,7052
CTAACTGGTCCGGTTC-1,1,50,36,14235,7197
AGCGACAGGAACGGTC-1,1,51,37,14487,7341
TAATAGAACAGAGTTA-1,1,50,38,14235,7486
ACAGGTGGAGGTGAGG-1,1,51,39,14487,7631
TGCGAGAATATTACCC-1,1,50,40,14236,7776
TTGCGTCGGCCAACCG-1,1,51,41,14488,7920
AGGCTTCCCGAAGAAG-1,1,50,42,14236,8065
GCGGACCGCGTTGTGG-1,1,51,43,14488,8209
GTAATCTGATTCTTCG-1,1,50,44,14237,8355
CCGCGGAATGCGTCAC-1,1,51,45,14489,8499
TTCCACACAGATTTGA-1,1,50,46,14238,8644
CTTCTATTAATGCTAG-1,1,51,47,14490,8788
CATTTGAGTGGTACGT-1,1,50,48,14238,8934
TCACAGCAAACTCGAA-1,1,51,49,14490,9078
CAGACGAACCTGATAC-1,1,50,50,14239,9223
TAGCTAGAAGGCATGA-1,1,51,51,14491,9367
ATCCAGAGCAACAACC-1,1,50,52,14239,9512
TCCGGTTCGTCCGGTC-1,1,51,53,14491,9657
CGCGCATGTTTGATTG-1,1,50,54,14240,9802
TGGCGATCAAGTTATG-1,1,51,55,14492,9946
CCCTTTGACAGGTCTT-1,1,50,56,14240,10091
CAGAGACGGTCACCCA-1,1,51,57,14492,10236
TAGCTCGCCTGATAAC-1,1,50,58,14241,10381
TTGTGTTTCCCGAAAG-1,1,51,59,14493,10525
TATACACAGACGCCTT-1,1,50,60,14241,10670
ACATTAGTTTATATCC-1,1,51,61,14493,10814
CCATCGCAGTTAAACT-1,1,50,62,14242,10960
AATTAGCGCTGCAGCG-1,1,51,63,14494,11104
TCCGCTTATCCCATTA-1,1,50,64,14242,11249
GTTTGGGCTTGTGAGC-1,1,51,65,14495,11393
CTTGTCAACATTCGAG-1,1,50,66,14243,11539
GGACCAACAGGATAAC-1,1,51,67,14495,11683
AAGCTAGATCGAGTAA-1,1,50,68,14244,11828
TACCGTGCCTCGGACC-1,1,51,69,14496,11972
GTAGCCAAACATGGGA-1,1,50,70,14244,12117
TGCCAGTACGTGGAGA-1,1,51,71,14496,12262
ATAAGGTGGAGAACAT-1,1,50,72,14245,12407
CTTTAATATTGGTCGA-1,1,51,73,14497,12551
TGGTTCAACGGGTAAT-1,1,50,74,14245,12696
GCTGCTACTGCGTAGC-1,1,51,75,14497,12841
CTGCACAACTACATAT-1,1,50,76,14246,12986
ATATTCCACATAGTGA-1,1,51,77,14498,13130
TGGCAAACTAAATTAC-1,1,50,78,14246,13275
ACCGCAATAACTGCCT-1,1,51,79,14498,13419
TCGCACCAGGAGGCAG-1,1,50,80,14247,13565
ACTTCAGGCTGATCCC-1,1,51,81,14499,13709
ACAAATCGCACCGAAT-1,1,50,82,14247,13854
TCTGATGTATTCTGTC-1,1,51,83,14499,13998
CTTTACCGAATAGTAG-1,1,50,84,14248,14144
GCAGATCCATAAGACT-1,1,51,85,14500,14288
TTCCTCGGACTAACCA-1,1,50,86,14249,14433
TTATCCGGGATCTATA-1,1,51,87,14501,14577
CTGGAAGACACGGTGG-1,1,50,88,14249,14722
GTTCGTCTAAAGAACT-1,1,51,89,14501,14867
GTCTATTGGTTCCGGT-1,1,50,90,14250,15012
CTAGGCGCCCTATCAG-1,1,51,91,14502,15156
AACGGACGTACGTATA-1,0,50,92,14250,15301
AACACACGCTCGCCGC-1,0,51,93,14502,15446
GCTACTATAGTAGAGT-1,0,50,94,14251,15591
AGCATATCAATATGCT-1,0,51,95,14503,15735
CGAACAGTATGGGCGT-1,0,50,96,14251,15880
ACAATTGTGTCTCTTT-1,0,51,97,14503,16024
GATCGCTACCCGATTT-1,0,50,98,14252,16170
ATTGCGATCAGTAACT-1,0,51,99,14504,16314
CAGCAGTCCAGACTAT-1,0,50,100,14252,16459
AGAGGCTTCGGAAACC-1,0,51,101,14504,16603
AAACAAGTATCTCCCA-1,0,50,102,14253,16748
GGCAGCAAACCTATGC-1,0,51,103,14505,16893
ACTAGTTGCGATCGTC-1,0,50,104,14253,17038
TTGGACCATCTGGCAA-1,0,51,105,14506,17182
CCCTCCTCGCTCGTAT-1,0,50,106,14254,17327
GAGCGCAAATACTCCG-1,0,51,107,14506,17472
ATTACATGTCAGTCTT-1,0,50,108,14255,17617
TTGGGACGTAAGAGTT-1,0,51,109,14507,17761
CTTCGGCCAATTGTTT-1,0,50,110,14255,17906
AGACCGCTCCGCGGTT-1,0,51,111,14507,18051
GACCGCGTCTGACGTG-1,0,50,112,14256,18196
CCAAATAACAAGATTC-1,0,51,113,14508,18340
TCTTTAGAGTCTAACA-1,0,50,114,14256,18485
CTCCCAATGAGTCGCG-1,0,51,115,14508,18629
TAGTCTTTCCGAATTG-1,0,50,116,14257,18775
GAGTAAACCGGAAAGT-1,0,51,117,14509,18919
GATCTCGACGCTGTGG-1,0,50,118,14257,19064
CTGACATAGAAATAGA-1,0,51,119,14509,19208
TATACCGAGTGCCACA-1,0,50,120,14258,19353
TCCGAACGTTGCCGCT-1,0,51,121,14510,19498
GCAGAAGGTAATCTCC-1,0,50,122,14258,19643
GGTACTAAGTGCTTTG-1,0,51,123,14511,19787
CAGAATATTCGTTATC-1,0,50,124,14259,19932
TAATCAACCAAATGGG-1,0,51,125,14511,20077
TCTGCTTAGAACAAGC-1,0,50,126,14260,20222
AACTGAGTTATACTGA-1,0,51,127,14512,20366
CCTCAACGATCGCTGT-1,0,52,0,14728,1986
CGGTACGGCAAACCCA-1,0,53,1,14981,2130
CAGATGTTTGTCCCAA-1,0,52,2,14729,2275
GTTTGTTAGCCAAGTA-1,0,53,3,14981,2420
ACGTGACAAAGTAAGT-1,0,52,4,14730,2565
TTGTCACCGCGGTATC-1,0,53,5,14982,2709
GATCTAACCGTATTCA-1,0,52,6,14730,2854
ATGGAAATTTAAGGAG-1,0,53,7,14982,2999
ATTGATCACCACATTT-1,0,52,8,14731,3144
ACTGCTCGGAAGGATG-1,0,53,9,14983,3288
TCTAAAGAACAGTCTC-1,0,52,10,14731,3433
CTGGGTTGAGTTAAAG-1,0,53,11,14983,3577
CCCAGTAAACTTGGGA-1,0,52,12,14732,3723
AGATTCACAACCGATA-1,0,53,13,14984,3867
AGAAGGTACACTTCAC-1,0,52,14,14732,4012
GCAGGAACTTAGATCT-1,0,53,15,14984,4156
AATCTAGGTTTACTTG-1,0,52,16,14733,4302
CCCGGTGTATCGGAAT-1,1,53,17,14985,4446
TTATCCTCAAGGAATA-1,1,52,18,14733,4591
AGCATCATTTCGAAAG-1,1,53,19,14986,4735
CGCGAGTCTGCCGGGT-1,1,52,20,14734,4880
TGCGTCATGACTGAGC-1,1,53,21,14986,5025
GTATGAAATTTCACTC-1,1,52,22,14735,5170
TTGGTTGCGGTGCGCG-1,1,53,23,14987,5314
ACAGAACTGAGAACAA-1,1,52,24,14735,5459
CTACTATCATAGGTTT-1,1,53,25,14987,5604
CCTCTATCGATTAGCA-1,1,52,26,14736,5749
CCGTATCTCGTCGTAG-1,1,53,27,14988,5893
TCACGATGTCCGTGGA-1,1,52,28,14736,6038
TCAACAAAGATAATTC-1,1,53,29,14988,6182
ATGACGCGTTCTATCC-1,1,52,30,14737,6328
ATTTGCGCGAGTAGCT-1,1,53,31,14989,6472
TTCTTGGACGATCTGC-1,1,52,32,14737,6617
AGACGACGATGCCGCT-1,1,53,33,14989,6761
GGTCTCTGAATGGACT-1,1,52,34,14738,6906
GCTCAATCCGTTTATT-1,1,53,35,14990,7051
CCAGAAAGCAACTCAT-1,1,52,36,14738,7196
CACCGTTAGGGATCAC-1,1,53,37,14990,7340
AATAACACTAGAACAA-1,1,52,38,14739,7485
CACCCGGTTTGTGACT-1,1,53,39,14991,7630
CCACCAACTTTACTGT-1,1,52,40,14739,7775
AACTCTCAGTGTGCTC-1,1,53,41,14992,7919
AAACCGTTCGTCCAGG-1,1,52,42,14740,8064
CAGCGATTCCCTTCAA-1,1,53,43,14992,8209
GCTAGCTTGAATAGCT-1,1,52,44,14741,8354
TTGCGGCATCAGAAAG-1,1,53,45,14993,8498
AATAGAACAGAGTGGC-1,1,52,46,14741,8643
GCCATCGAGCTGCGTG-1,1,53,47,14993,8787
ACACTGATCAAGGTGT-1,1,52,48,14742,8933
ACCAACGCTTATTTAT-1,1,53,49,14994,9077
GACATCGATTTATAAC-1,1,52,50,14742,9222
CAGACACCGATCGCTG-1,1,53,51,14994,9366
CCAAGAAAGTGGGCGA-1,1,52,52,14743,9511
GGTAGACCGTTGGGCG-1,1,53,53,14995,9656
TCGTTAGGAGTCCCTA-1,1,52,54,14743,9801
ACGGCCAACATGGACT-1,1,53,55,14995,9945
GTGAGTGGTACAACGC-1,1,52,56,14744,10090
GAGACTTCGCGACCGA-1,1,53,57,14996,10235
GAAGTCAGTTGCACTA-1,1,52,58,14744,10380
GTTTGGTAGGGTCAAC-1,1,53,59,14997,10524
ACGGCACTTGCTTGGG-1,1,52,60,14745,10669
CCTCTGTACTATTCTA-1,1,53,61,14997,10813
CTATTCATGTGTCCCA-1,1,52,62,14746,10959
GCCCGATCTGTGGTCG-1,1,53,63,14998,11103
TTAGAAGAACATGACT-1,1,52,64,14746,11248
AGGATAAAGTCGGGAT-1,1,53,65,14998,11392
CGGCAAACATCGTGCG-1,1,52,66,14747,11538
CTAGTTACAACCCGGT-1,1,53,67,14999,11682
TTCGACAGAGCCCGTG-1,1,52,68,14747,11827
AAGCATACTCTCCTGA-1,1,53,69,14999,11971
GACGACGATCCGCGTT-1,1,52,70,14748,12116
GGTAGAAGACCGCCTG-1,1,53,71,15000,12261
GAGATGGGAGTCGACA-1,1,52,72,14748,12406
AACGATAATGCCGTAG-1,1,53,73,15000,12550
TGGTCCCACGCTACGG-1,1,52,74,14749,12695
CTGCTTGGCGATAGCT-1,1,53,75,15001,12840
ATCGGAGACAGACGGC-1,1,52,76,14749,12985
TAGCGTCCGGTGTGGT-1,1,53,77,15001,13129
GTTGAGTCCCGCCGGT-1,1,52,78,14750,13274
AAATAGGGTGCTATTG-1,1,53,79,15002,13418
AAGTGTTTGGAGACGG-1,1,52,80,14750,13564
AGCACTACCTCACCAG-1,1,53,81,15003,13708
TGCCTTGGCCAGGCAA-1,1,52,82,14751,13853
TCGTCTTAGGCGTTAA-1,1,53,83,15003,13997
TTCTGACCGGGCTCAA-1,1,52,84,14752,14143
CAGAACTTAGCCCTCT-1,1,53,85,15004,14287
AGCTCCTTCGCACATC-1,1,52,86,14752,14432
ACAGGCTTGCCCGACT-1,1,53,87,15004,14576
GCTATACGTCTCGGAC-1,1,52,88,14753,14721
GAGCCAGCTACCTGTG-1,1,53,89,15005,14866
TGCTAAGTGTCTATTT-1,1,52,90,14753,15011
GTCCTACGAATAGTCT-1,1,53,91,15005,15155
CAGTGTCGGCTGGCCC-1,1,52,92,14754,15300
CTATCGACGAAATACA-1,1,53,93,15006,15445
CATCATTACCCTGAGG-1,0,52,94,14754,15590
TAAGTTGCGACGTAGG-1,0,53,95,15006,15734
AGTGCACGCTTAAGAA-1,0,52,96,14755,15879
TGTGCCGGTGCCGGAA-1,0,53,97,15007,16023
AGGAGGCCTTCGCGCG-1,0,52,98,14755,16169
TCCGCGGCCCAATGAA-1,0,53,99,15008,16313
TCCGTTAAGCTAATAT-1,0,52,100,14756,16458
AAATCTAGCCCTGCTA-1,0,53,101,15008,16602
CGCAGGCGATCCAAAC-1,0,52,102,14757,16748
CCATATGGAAACTATA-1,0,53,103,15009,16892
CACCGTATCCCATCCG-1,0,52,104,14757,17037
GGTCAAGACTACTTCG-1,0,53,105,15009,17181
CCCGTTTCGCAGATGT-1,0,52,106,14758,17326
GTTATAATACGGTGAA-1,0,53,107,15010,17471
ACTTGTGGATGGAACG-1,0,52,108,14758,17616
GTTCGCTGAGACGTCT-1,0,53,109,15010,17760
GACACTGGAACCCGAT-1,0,52,110,14759,17905
CCCAGGTCTGAAGGCT-1,0,53,111,15011,18050
TCTCGAGGAGGTTCGC-1,0,52,112,14759,18195
ACTATCTGCCCGCGTA-1,0,53,113,15011,18339
CCTAAATTGTATCCTA-1,0,52,114,14760,18484
AGAAATTATGACTCGC-1,0,53,115,15012,18628
TCCAGCGCTATAAGCG-1,0,52,116,14760,18774
TCGTGTATTGGTCACG-1,0,53,117,15012,18918
CCACATACTGCACCCA-1,0,52,118,14761,19063
GTTGCGGACGGTCAGG-1,0,53,119,15013,19207
GTATTTAATGGCATAA-1,0,52,120,14761,19353
GTCGATAGGTGACTTT-1,0,53,121,15014,19497
AATAATCTTCGTATCG-1,0,52,122,14762,19642
ATTGTTCAACGATCCG-1,0,53,123,15014,19786
GTGCAGCGTAGAGTAG-1,0,52,124,14763,19931
TGTGGTAGGGTGCCTT-1,0,53,125,15015,20076
TGTGGACTATCTACGT-1,0,52,126,14763,20221
GGCGGGCTCTAAGAGT-1,0,53,127,15015,20365
TGTGCCAGAGGCAAAG-1,0,54,0,15232,1985
TGGCTTATGTATAATG-1,0,55,1,15484,2129
GCAAGCTGGAAACCGC-1,0,54,2,15233,2274
GATATCAAGCAGGAGC-1,0,55,3,15485,2419
CACCAATCATCCGTCT-1,0,54,4,15233,2564
CCACATGGCTCTTTAT-1,0,55,5,15485,2708
GTCCTACTCTACGGGC-1,0,54,6,15234,2853
CTCGAGACATACGATA-1,0,55,7,15486,2998
TATCAGTGGCGTAGTC-1,0,54,8,15234,3143
TGACAGGACAAGTCCA-1,0,55,9,15486,3287
TATTAACACCAAAGCA-1,0,54,10,15235,3432
TAGGCGATGAGGTCTC-1,0,55,11,15487,3576
CCGCCGGAACTTCTCG-1,0,54,12,15235,3722
GCCATTAGCCTCAAAC-1,0,55,13,15487,3866
GTTAGGCTACCCGTTT-1,0,54,14,15236,4011
GGGTATTCTAGCAAAC-1,1,55,15,15488,4155
GCCCTAGCCGTCGCGA-1,1,54,16,15237,4301
CAGATCCTGGTTTGAA-1,1,55,17,15489,4445
CTTCAGTGGTCGCCTA-1,1,54,18,15237,4590
GGGCAACCGCACGTGC-1,1,55,19,15489,4734
GACCCAATTATGATAC-1,1,54,20,15238,4879
GAAGCTCGGACCCGTC-1,1,55,21,15490,5024
CGTCGGGTCTAAGCGC-1,1,54,22,15238,5169
GAGGCCCGACTCCGCA-1,1,55,23,15490,5313
TTGCCATAGCCCGCTC-1,1,54,24,15239,5458
TAACATACACGCGATC-1,1,55,25,15491,5603
CCGACGGGCATGAGGT-1,1,54,26,15239,5748
AATGTGCCCGAGGTGT-1,1,55,27,15491,5892
AGCTGTAACCTCAATC-1,1,54,28,15240,6037
CGAGTGAAGGTACCAG-1,1,55,29,15492,6181
AGTCTCACAAGACTAC-1,1,54,30,15240,6327
AAATTGATAGTCCTTT-1,1,55,31,15492,6471
TAAGTCGCCGAGTATC-1,1,54,32,15241,6616
GCGGAGAAACTTCGCA-1,1,55,33,15493,6760
GGCAAAGGCGCCAATA-1,1,54,34,15241,6906
ATTTCCGGGTTCTGCG-1,1,55,35,15494,7050
TAAACCCAGGAGGGCA-1,1,54,36,15242,7195
TTCGGGCGCTAGTCTT-1,1,55,37,15494,7339
GTGGAGTCGGCGGTTG-1,1,54,38,15243,7484
GCACGCCTACTTAGAT-1,1,55,39,15495,7629
CAATATTCTTGACCTA-1,1,54,40,15243,7774
CGTTTGTGTAGAGGGT-1,1,55,41,15495,7918
CATAGCGTTGCCCACC-1,1,54,42,15244,8063
TGATACATTTAGCCGT-1,1,55,43,15496,8208
TTCCGGCCTTGAGGCT-1,1,54,44,15244,8353
CCTATACCGTCCTGTC-1,1,55,45,15496,8497
TCGTTGCTATCCGGTC-1,1,54,46,15245,8642
TGGCGACTGCTCCAAA-1,1,55,47,15497,8786
CAGAGGCGATGCATGA-1,1,54,48,15245,8932
TCACAGGAGAATAAGA-1,1,55,49,15497,9076
GGGTTAACATTTGAGT-1,1,54,50,15246,9221
GCGGGCGAGCCTTACC-1,1,55,51,15498,9365
TGCCAATGGGTACTCT-1,1,54,52,15246,9511
AGGGACTCTACGCGAC-1,1,55,53,15499,9655
GACGCCGTAAAGGCTA-1,1,54,54,15247,9800
AAAGGCTCTCGCGCCG-1,1,55,55,15499,9944
CTGGCTGGTTGTCAGT-1,1,54,56,15248,10089
ACATCCCGGCCATACG-1,1,55,57,15500,10234
CTCTTGTCCCGCTTGG-1,1,54,58,15248,10379
TACGCCTCCATTCCGA-1,1,55,59,15500,10523
CGGAGCAATTTAATCG-1,1,54,60,15249,10668
AACTAGGCTTGGGTGT-1,1,55,61,15501,10813
GCGTCGCCAGGGTGAT-1,1,54,62,15249,10958
GTTGGTCATGCTATCC-1,1,55,63,15501,11102
GCTGGCGGCGCATGCT-1,1,54,64,15250,11247
TGAGCGGAAAGTGTTC-1,1,55,65,15502,11391
CTTTCTGTGCGGGCTT-1,1,54,66,15250,11537
ATCTAATATCCTACGG-1,1,55,67,15502,11681
AACCTTTAAATACGGT-1,1,54,68,15251,11826
TTCACTCGAGCACCTA-1,1,55,69,15503,11970
CTGCACTCCAGTACAG-1,1,54,70,15251,12116
CCATTTCTACCTATTA-1,1,55,71,15503,12260
CAAGCGGCACATAATT-1,1,54,72,15252,12405
GTTAACATCACTTAAA-1,1,55,73,15504,12549
ATATAAATGTAGCTGC-1,1,54,74,15252,12694
GCCTCTATACATAGCA-1,1,55,75,15505,12839
GTGTCGTATAGCGTTC-1,1,54,76,15253,12984
ATACGTACTTAGCCAC-1,1,55,77,15505,13128
GCTATCATACTCATGG-1,1,54,78,15254,13273
TATCCAATTGGTTATC-1,1,55,79,15506,13418
TCTCCCTGGGCAGCGT-1,1,54,80,15254,13563
CCTATAATGAGTGCCC-1,1,55,81,15506,13707
CAATGCGAGAAGTATC-1,1,54,82,15255,13852
TACCAATAAAGTACCA-1,1,55,83,15507,13996
GCTAGGCACCACGGAG-1,1,54,84,15255,14142
GGTGGACTGCTCTGGC-1,1,55,85,15507,14286
TATTCCGAGCTGTTAT-1,1,54,86,15256,14431
TTGAGAAGTTTAGCAT-1,1,55,87,15508,14575
GTCCGGACCTGAAATT-1,1,54,88,15256,14720
CTGTGGTCGGGAGATA-1,1,55,89,15508,14865
CATGTAAGAGACATTT-1,1,54,90,15257,15010
CACGTTTCGTACACAC-1,1,55,91,15509,15154
CATCCTCTCAAAGATC-1,1,54,92,15257,15299
GATTAACCGAAAGCCC-1,1,55,93,15510,15444
AACGCTGTTGCTGAAA-1,1,54,94,15258,15589
TTCAGCTGGCGTGCCC-1,1,55,95,15510,15733
TAGAGGTTCTACTTGT-1,0,54,96,15259,15878
GTATCAAACGTTAGCT-1,0,55,97,15511,16022
AATCATGTAAAGACTC-1,0,54,98,15259,16168
AGTCACTAGCTCTCGA-1,0,55,99,15511,16312
GCGAAACGATCGGGAG-1,0,54,100,15260,16457
CATGGATTGTCTTCCG-1,0,55,101,15512,16601
ATTGGATTACAGCGTA-1,0,54,102,15260,16747
CACACACGCTAACGAG-1,0,55,103,15512,16891
CTATGGGAAGCGGAAT-1,0,54,104,15261,17036
TGCCTAATTGAAGATT-1,0,55,105,15513,17180
TGGCAATGGGACGGCG-1,0,54,106,15261,17325
ACCTCCGCCCTCGCTG-1,0,55,107,15513,17470
CGGCAATAAGATCGCC-1,0,54,108,15262,17615
CCTTGACCACTTTATT-1,0,55,109,15514,17759
TCATTTAGAAGTGTGA-1,0,54,110,15262,17904
CAGAATAACACACGGA-1,0,55,111,15514,18049
TCTGAGCAATTGACTG-1,0,54,112,15263,18194
CAACGTGGTGGAGTCT-1,0,55,113,15515,18338
CACAGTTCGCTTCCCA-1,0,54,114,15263,18483
TCTCTCGCCGCACATA-1,0,55,115,15516,18627
TGGGCAGGCCACCGCA-1,0,54,116,15264,18773
CTCCTGTTCAAGGCAG-1,0,55,117,15516,18917
TATTTGATTTGCACAG-1,0,54,118,15265,19062
GCCACTCCTTACGGTA-1,0,55,119,15517,19206
ACCGATATTTAATCAT-1,0,54,120,15265,19352
TTATTATCTGGAAGGC-1,0,55,121,15517,19496
TACATGCCGGAATTGT-1,0,54,122,15266,19641
GGCACTCAGCCGACCC-1,0,55,123,15518,19785
AAACCGGAAATGTTAA-1,0,54,124,15266,19930
AGACAGGCATCTCAGC-1,0,55,125,15518,20075
GTGGTGATGGTTTGTG-1,0,54,126,15267,20220
CCGATATGACGTAAGG-1,0,55,127,15519,20364
CATACACAAAGTCAGC-1,0,56,0,15736,1984
TGCCGTTCTTAATCGG-1,0,57,1,15988,2128
TCGAGTCTACGATTCG-1,0,56,2,15736,2274
ACTTCCAGTGGAAGCT-1,0,57,3,15988,2418
CAATTGGGCCGCACTC-1,0,56,4,15737,2563
AAATCGCGGAAGGAGT-1,0,57,5,15989,2707
ATATCAATTCCAGCCT-1,0,56,6,15737,2852
CTTTGTCGAATGCTCC-1,0,57,7,15989,2997
TGAGGCATGTACTGTG-1,0,56,8,15738,3142
TTCGCCGCTCGCGCTA-1,0,57,9,15990,3286
GACTCCTTCCAATTGA-1,0,56,10,15738,3431
ACCGAAGAGTCTGGTT-1,0,57,11,15991,3576
TGGCATGAAGTTTGGG-1,0,56,12,15739,3721
ACGAGGTTTACAACGT-1,0,57,13,15991,3865
AACCCATCCCATGATC-1,0,56,14,15740,4010
TCGACAACTGAACCCG-1,1,57,15,15992,4154
TATCTTGCAATACAAC-1,1,56,16,15740,4300
TATTATGTTTGCCTGC-1,1,57,17,15992,4444
GTCAAAGAAGTGGTGT-1,1,56,18,15741,4589
GGGACAGAGTTACTCC-1,1,57,19,15993,4733
AGCAACCGAAAGTAAT-1,1,56,20,15741,4878
CTCTCTAACTGCCTAG-1,1,57,21,15993,5023
ATACGGAACGTCGTTT-1,1,56,22,15742,5168
TCGGTCCCGACAATAG-1,1,57,23,15994,5312
CGCGCAAATGTCCAGA-1,1,56,24,15742,5457
TCTAATACTGCCTCAG-1,1,57,25,15994,5602
CTCGGTTGTCGGCCCT-1,1,56,26,15743,5747
GGTAACCGGGAGGATA-1,1,57,27,15995,5891
CAGGCGCACGGTGGTC-1,1,56,28,15743,6036
TCATCGATGGTCCCAA-1,1,57,29,15996,6180
CAAAGATTATTGGGCC-1,1,56,30,15744,6326
ACAATGAATACGGAGA-1,1,57,31,15996,6470
GCTCCTGACATACTGG-1,1,56,32,15745,6615
GATGACAAGTAGGGCA-1,1,57,33,15997,6759
TACGCCGAGGGTACCC-1,1,56,34,15745,6905
AAGCGTCCCTCATCGA-1,1,57,35,15997,7049
CACTCCTATGTAAGAT-1,1,56,36,15746,7194
TCGAGCCAGGCAGGCC-1,1,57,37,15998,7338
TCGTCAAGTACGCGCA-1,1,56,38,15746,7483
CCCGTAGCTGGGAAGA-1,1,57,39,15998,7628
ACCCTATGCCATATCG-1,1,56,40,15747,7773
GTGGTATAGTCTGCCG-1,1,57,41,15999,7917
CCGGTTTGTAATTGTG-1,1,56,42,15747,8062
GTCGCCGTTGTGTGTT-1,1,57,43,15999,8207
TACTGAACAGATTTAG-1,1,56,44,15748,8352
TATTAACCTGACCGCG-1,1,57,45,16000,8496
CTGTAGCCATCTCACT-1,1,56,46,15748,8641
TACTATGGTTCCTCAG-1,1,57,47,16000,8785
GAGTCAGACCAGAATC-1,1,56,48,15749,8931
TAAGGCATAACATCAA-1,1,57,49,16001,9075
CTTCCGCTCCGTGAAG-1,1,56,50,15749,9220
GGGCTATGATCGATGG-1,1,57,51,16002,9364
GGTCGGTCGTCCACAG-1,1,56,52,15750,9510
GGGACCCGTATATCTT-1,1,57,53,16002,9654
GAAAGCAGTGCACTTT-1,1,56,54,15751,9799
AGCGCATAATGAATCG-1,1,57,55,16003,9943
GCTGCTAAGTAGTCGA-1,1,56,56,15751,10088
AATAGTCCGTCCCGAC-1,1,57,57,16003,10233
AGCAGCCAGATGAATA-1,1,56,58,15752,10378
CCTCGCGCTGTGCGAT-1,1,57,59,16004,10522
TTGTGTATGCCACCAA-1,1,56,60,15752,10667
TGCTCGGCGAAACCCA-1,1,57,61,16004,10812
CGATTAAATATCTCCT-1,1,56,62,15753,10957
TGCCGTGGATCGTCCT-1,1,57,63,16005,11101
GTGGACGCATTTGTCC-1,1,56,64,15753,11246
ACCCGGAAACTCCCAG-1,1,57,65,16005,11390
CCGCATGTGGTACGAT-1,1,56,66,15754,11536
GCAAACCTTGGCCATA-1,1,57,67,16006,11680
ATTCACTGATGTTGGA-1,1,56,68,15754,11825
ACTCCCTAATGCTAAA-1,1,57,69,16007,11969
TCCTAAATTGGGAAGC-1,1,56,70,15755,12115
GAACAGATTACTAAAT-1,1,57,71,16007,12259
ATACAGGCCCTCCAAT-1,1,56,72,15756,12404
CGATTCGCCTGGCTGC-1,1,57,73,16008,12548
TCCGCCTGTCTACAAG-1,1,56,74,15756,12693
CACATCTCACCGACGA-1,1,57,75,16008,12838
CGTCGTCCTTCGCGAA-1,1,56,76,15757,12983
CGTTGAATACCGCGCT-1,1,57,77,16009,13127
ACCAATATGCAAGTTA-1,1,56,78,15757,13272
ACGGATGGTGCGGATA-1,1,57,79,16009,13417
CACCCTAACAAGATCT-1,1,56,80,15758,13562
AAGCTCTTTCATGGTG-1,1,57,81,16010,13706
CATGGGTATGCCTTAT-1,1,56,82,15758,13851
GCGCGTCATTGGTACA-1,1,57,83,16010,13995
TCTGAAGCACGTGGTC-1,1,56,84,15759,14141
AAGTTCACTCCAAGCT-1,1,57,85,16011,14285
TTGGACCTATAACAGT-1,1,56,86,15759,14430
ATCAGCCTCATGCTGC-1,1,57,87,16011,14574
AGTACTCTTATGCCCA-1,1,56,88,15760,14720
GCGCTTAAATAATTGG-1,1,57,89,16012,14864
TTGTGAACCTAATCCG-1,1,56,90,15760,15009
AGTCGTCGACCACCAA-1,1,57,91,16013,15153
TCCTTTAAATCCGCTT-1,1,56,92,15761,15298
ACTGAAACGCCGTTAG-1,1,57,93,16013,15443
GCACACACTGGTAGCC-1,1,56,94,15762,15588
TAAGGGCCTGTCCGAT-1,1,57,95,16014,15732
GCTAGAGTAGAGATGT-1,1,56,96,15762,15877
CACAGGGCCATATAGT-1,1,57,97,16014,16022
CCATGCCCTAGATTTC-1,0,56,98,15763,16167
TCGCGTAGCAGTGTCC-1,1,57,99,16015,16311
GACGAGGCTAATAAAC-1,1,56,100,15763,16456
CTACACTCGCAGATGG-1,0,57,101,16015,16600
ACGCATACGTTTACTA-1,0,56,102,15764,16746
GGAGCAACATTTCAAG-1,0,57,103,16016,16890
CGAGAGGGTAGCCGCG-1,0,56,104,15764,17035
TCGTGTTCGACCACAA-1,0,57,105,16016,17179
TCTACCCAATAGAGAG-1,0,56,106,15765,17325
ATAAACGTTGCACCAC-1,0,57,107,16017,17469
TCAACTGCAGAGTCAG-1,0,56,108,15765,17614
AGCTCCATATATGTTC-1,0,57,109,16018,17758
GTAACATCTAAGATAA-1,0,56,110,15766,17903
CCGACAATAGGCCGCC-1,0,57,111,16018,18048
ATGCTTAGGAGTTGAT-1,0,56,112,15767,18193
AACCCGAGCAGAATCG-1,0,57,113,16019,18337
CGGGTTTGTTAGGGCT-1,0,56,114,15767,18482
AGGCACGTGACTGTCC-1,0,57,115,16019,18627
GACAAGAGATGAGATT-1,0,56,116,15768,18772
AGCCCTTGGACATCCC-1,0,57,117,16020,18916
GCAGTTCGATCCGAGC-1,0,56,118,15768,19061
TCGAGGGCAACAGACG-1,0,57,119,16020,19205
ACTTTGTCGACGCACT-1,0,56,120,15769,19351
GAGTATCAAAGTTACA-1,0,57,121,16021,19495
CCAGGCTGGCGTCTGA-1,0,56,122,15769,19640
GGACTCTTCCGGTTGA-1,0,57,123,16021,19784
TCCCAGCACACGACAT-1,0,56,124,15770,19929
GCTCCATGAGTGCAGA-1,0,57,125,16022,20074
GCAGTGCGGGCGGATG-1,0,56,126,15770,20219
GCGTTCTGACTAAGCG-1,0,57,127,16022,20363
ATTTGGAGATTGCGGT-1,0,58,0,16239,1983
AAGGGTTTGATTTCAG-1,0,59,1,16491,2127
CCGGCCGCGAGCATAT-1,0,58,2,16240,2273
GAGTTCTGTGGGTGCT-1,0,59,3,16492,2417
AAACGAAGATGGAGTA-1,0,58,4,16240,2562
AATTACGAGACCCATC-1,0,59,5,16493,2706
CCTTTGAATTATGGCT-1,0,58,6,16241,2851
CATGGTATTAGTTTGT-1,0,59,7,16493,2996
AACGAAAGTCGTCCCA-1,0,58,8,16242,3141
ACATAAGTCGTGGTGA-1,0,59,9,16494,3285
GCACAACCTCGGGCGT-1,0,58,10,16242,3430
ATGCACGCGCTGTTCA-1,0,59,11,16494,3575
CGATGTTGTTATCTAC-1,0,58,12,16243,3720
GTCTCCTGCCAGTATG-1,0,59,13,16495,3864
GATGCCTTCTGCGGCA-1,0,58,14,16243,4009
ACCGGTCAGGTACACC-1,0,59,15,16495,4153
GTGGAGCGTTTACCGA-1,1,58,16,16244,4299
AGGCGGTTTGTCCCGC-1,0,59,17,16496,4443
TCCCTGGCGTATTAAC-1,1,58,18,16244,4588
AAACACCAATAACTGC-1,0,59,19,16496,4732
TGGACGCAATCCAGCC-1,1,58,20,16245,4878
GGAACCTTGACTCTGC-1,1,59,21,16497,5022
GTATCTCAGTCTTGAC-1,1,58,22,16245,5167
GCTGAATCTTCCAATC-1,1,59,23,16498,5311
AGATGCAAGACGTGCA-1,1,58,24,16246,5456
TTAAGGCCCGTACTTT-1,1,59,25,16498,5601
AGTATGCTGGAGACCA-1,1,58,26,16247,5746
GCGGCAAAGTATTGCC-1,1,59,27,16499,5890
GCGCAAATATATTCAA-1,1,58,28,16247,6035
GAAGAAACGATATTGT-1,1,59,29,16499,6180
GGACCTCTAGGCCGCC-1,0,58,30,16248,6325
AACAGCTGTGTGGCAA-1,1,59,31,16500,6469
TCGAATATCCCGCAGG-1,1,58,32,16248,6614
GCGACCCAACCATCTG-1,1,59,33,16500,6758
AGAGAAGGAGTACAAT-1,1,58,34,16249,6904
GGCTCCTCCACCTGTT-1,1,59,35,16501,7048
TCAGTGTATACGTCAT-1,1,58,36,16249,7193
ATTATTATGTCCGTCA-1,1,59,37,16501,7337
TTAGGTCATAACCGAC-1,1,58,38,16250,7483
AAGATGGCACCGGACC-1,1,59,39,16502,7627
CTACAAGAAATAACCC-1,1,58,40,16250,7772
ACTATTTCCGGGCCCA-1,1,59,41,16502,7916
TTGTTTCACATCCAGG-1,1,58,42,16251,8061
CGCTGTGTGGATGTTG-1,1,59,43,16503,8206
TCAACATAGCGCCCTA-1,1,58,44,16251,8351
GGCCGTTTGGGTTTCA-1,1,59,45,16504,8495
TACTCTTTCGTCTTCA-1,1,58,46,16252,8640
TTCGCGCGCCATACGA-1,1,59,47,16504,8785
CGGAAAGAATCAAACG-1,1,58,48,16253,8930
AGGCAGGGAGCGTACT-1,1,59,49,16505,9074
CCTTTAAGGGAGCACT-1,1,58,50,16253,9219
CGCCCAGCACGCCTAG-1,1,59,51,16505,9363
AGTATTTGGCACGACC-1,1,58,52,16254,9509
TATCCGCACCGTCGGG-1,1,59,53,16506,9653
ACCCGTGTCATCAGTA-1,1,58,54,16254,9798
CAACTGCTCATCCGAT-1,1,59,55,16506,9942
CCGGAGCGTACTTTCT-1,1,58,56,16255,10087
TACCGTAGGTTAACTA-1,1,59,57,16507,10232
TGAGGAGTGCCAGCTT-1,1,58,58,16255,10377
CCAGTCTTGTCATAGA-1,1,59,59,16507,10521
GGGCAGAGCAATCGTT-1,1,58,60,16256,10666
TACCAAATAGCCCAGA-1,1,59,61,16508,10811
TACCTACTCCCAGTAT-1,1,58,62,16256,10956
TGTGAGACTAGCCCAA-1,1,59,63,16509,11100
ATACCTAACCAAGAAA-1,1,58,64,16257,11245
GTCGGGAAGCAGAAAC-1,1,59,65,16509,11390
AATTAACGGATTTCCA-1,1,58,66,16258,11535
GAACCCTCTGTGTTCT-1,1,59,67,16510,11679
ATATAAAGCGCTCGTG-1,1,58,68,16258,11824
CCTGGTCGAATGTGGG-1,1,59,69,16510,11968
CTAGGTTCGGACGTGA-1,1,58,70,16259,12114
TCGGGAGACAGCGTAC-1,1,59,71,16511,12258
CATAAGAAGCTTGGCT-1,1,58,72,16259,12403
AAGCACCCTGCGTATC-1,1,59,73,16511,12547
AGTTTGCACCTGCCTC-1,1,58,74,16260,12692
GACTGCAAATCGAGCT-1,1,59,75,16512,12837
GTGTATATCAGCGGGC-1,1,58,76,16260,12982
CTTCAACTCCACTTGG-1,1,59,77,16512,13126
ACTTACGCATCCACGC-1,1,58,78,16261,13271
CATGAGATGCACTCTC-1,1,59,79,16513,13416
GAGCACCTGTGTCCAG-1,1,58,80,16261,13561
CGCGACCGCGACAGAT-1,1,59,81,16513,13705
GTCCCGCGACGTTATG-1,1,58,82,16262,13850
GCAGTGTGGCTATAGG-1,1,59,83,16514,13994
ATACTGCCTTACACCG-1,1,58,84,16262,14140
TACAGAAACGGTGGGC-1,1,59,85,16515,14284
GGCGCGGAGATCTTTC-1,1,58,86,16263,14429
CGTTAATGTCCCGACG-1,1,59,87,16515,14573
GCTAACTGAAGTCTGA-1,1,58,88,16264,14719
AGTGATAACCTGCGCG-1,1,59,89,16516,14863
TATGATCTTCTCTTTA-1,1,58,90,16264,15008
TGTACCTACACGAGGG-1,1,59,91,16516,15152
ATATCGTTCCTCGAAC-1,1,58,92,16265,15297
CGGCGCCATCAATCCC-1,1,59,93,16517,15442
CCTGTTTGAAGACACG-1,1,58,94,16265,15587
GCCACTCAGAGCGCGA-1,1,59,95,16517,15731
TCGGCTTGTATCGACG-1,1,58,96,16266,15876
TAGATGGTTCCTTACT-1,1,59,97,16518,16021
ATCGTTAGCTAGCGGA-1,1,58,98,16266,16166
ACAGCGACATTCTCAT-1,1,59,99,16518,16310
ATTCAACCATTTAAGG-1,0,58,100,16267,16455
CACTCTTCTGCTAGCC-1,0,59,101,16519,16599
CTAACTGATAATCGCC-1,0,58,102,16267,16745
TGATGTCAATTAAGTG-1,0,59,103,16520,16889
CGCCGTTCAGCATAGT-1,0,58,104,16268,17034
ATACTACCCGTACCAC-1,0,59,105,16520,17178
CCACTGTTTGGATTAA-1,0,58,106,16269,17324
CACTACGGGAGCTGCC-1,0,59,107,16521,17468
GACCAAACGTTGACTG-1,0,58,108,16269,17613
AAGAGGCCCTTTGGAA-1,0,59,109,16521,17757
ACACGTAGGCCACAAG-1,0,58,110,16270,17902
TACTCTTACTTTACTG-1,0,59,111,16522,18047
AGAGCCGCCGAGATTT-1,0,58,112,16270,18192
GGCCTGCTTCTCCCGA-1,0,59,113,16522,18336
TCAAGCGCGGACGGTA-1,0,58,114,16271,18481
ACACTGGGACAGTCGT-1,0,59,115,16523,18626
TGTGTAGTAGCACGTG-1,0,58,116,16271,18771
CTAGCCACAGGCGAGC-1,0,59,117,16523,18915
CTATCGCGTAGAGAAC-1,0,58,118,16272,19060
GTTCCCGTAAACATAT-1,0,59,119,16524,19204
TCTTTCCTTCGAGATA-1,0,58,120,16272,19350
ATATTGGAGAGGCCTT-1,0,59,121,16524,19494
AGGCGATAACTGGCGT-1,0,58,122,16273,19639
ACCCGGAGCACCACAA-1,0,59,123,16525,19783
TGAGCTCAACTGTATA-1,0,58,124,16273,19929
ACGACCCATGAGTTGC-1,0,59,125,16526,20073
CGGTCAGTCCATATTT-1,0,58,126,16274,20218
TCCGGCTGTCGGGTCG-1,0,59,127,16526,20362
ATTCCCGAAGGTACAG-1,0,60,0,16743,1982
CTAACAGCACAATAAC-1,0,61,1,16995,2126
TTGTGCGGAAGCGGAT-1,0,60,2,16744,2272
GGGCACTATTGACCAT-1,0,61,3,16996,2416
CCATAGAGGCTGCCAG-1,0,60,4,16744,2561
CCGAAGCATTGACCAA-1,0,61,5,16996,2705
TACTGAGGGAAGAAAG-1,0,60,6,16745,2850
TATGTAGAAACCCGGC-1,0,61,7,16997,2995
TGGTTAACTTACATTT-1,0,60,8,16745,3140
AGAACCCTCAATTGGG-1,0,61,9,16997,3284
CCTATATCGTGTCACG-1,0,60,10,16746,3429
ACGGCTGGATGTAGAA-1,0,61,11,16998,3574
CTCGCATTGCATAGCC-1,0,60,12,16746,3719
ACTTTGGTCGTGCTCC-1,0,61,13,16998,3863
GCTGGTTTAGGCCATA-1,0,60,14,16747,4008
TGTCGTTATCACATAT-1,0,61,15,16999,4152
ACACATGATCAAATCT-1,0,60,16,16747,4298
TATCCATCTCGGTTAG-1,0,61,17,16999,4442
CTCGTCGAGGGCTCAT-1,0,60,18,16748,4587
ATCAATGCCGTGGCTG-1,0,61,19,17000,4731
GAAACATAGGAAACAG-1,0,60,20,16748,4877
TAATAGGTCACCAGAA-1,1,61,21,17001,5021
CACCAGTCAGCATGCA-1,1,60,22,16749,5166
GAGCGCTGTTAGGTAA-1,1,61,23,17001,5310
CCCTATGTAGAGCAGA-1,1,60,24,16750,5455
GATCGCTATATCTCAG-1,1,61,25,17002,5600
AAGGGACTATGCATTC-1,1,60,26,16750,5745
CTCGGGTTCTCTGGCC-1,1,61,27,17002,5889
TATATATCGAGAAATG-1,1,60,28,16751,6034
ACCCGAGCGAAATTAC-1,1,61,29,17003,6179
TTGTTTCATTAGTCTA-1,1,60,30,16751,6324
ATGGGACCTGCTGAAC-1,1,61,31,17003,6468
TGCGACGGCCGAACGT-1,1,60,32,16752,6613
AGCTAACAAGCAATGT-1,1,61,33,17004,6757
CGTGTCTCGTTACGAC-1,1,60,34,16752,6903
CTAAATCCGGTGTACA-1,1,61,35,17004,7047
GAATAGTGCTCGATTA-1,1,60,36,16753,7192
AACAATACATTGTCGA-1,1,61,37,17005,7336
CACATCGTGCACGCGC-1,1,60,38,16753,7482
ACCGTGACCACGTGGG-1,1,61,39,17006,7626
CCCAATGAGATTTGCA-1,1,60,40,16754,7771
TCAGCAGTAGGCCCTG-1,1,61,41,17006,7915
CTACTCAAGGTATAGT-1,1,60,42,16755,8060
TAGTAGCTTATACCAG-1,1,61,43,17007,8205
ACGTTCGTTCAGGAAA-1,1,60,44,16755,8350
TTAGAATAAGGGTCGG-1,1,61,45,17007,8494
TTCTAGAAAGTCTTAT-1,1,60,46,16756,8639
CCTTCAGTTAAAGTGA-1,1,61,47,17008,8784
TAGCTAGTGATGATGG-1,1,60,48,16756,8929
AGCCCGGTAGCCTGTA-1,1,61,49,17008,9073
TACCTCAGTTGTCTGT-1,1,60,50,16757,9218
GACGGGTTGGCCCGTA-1,1,61,51,17009,9362
GAAACCTATACAAATG-1,1,60,52,16757,9508
TCCACCTCTAGCCTTT-1,1,61,53,17009,9652
AAGACCCAACTGAACA-1,1,60,54,16758,9797
CATACACGGTTCCCAC-1,1,61,55,17010,9941
ACTACGCGTTAGAATT-1,1,60,56,16758,10087
CTTGGCCAAGCTGGGA-1,1,61,57,17010,10231
TTACCCTAGGGATTGG-1,1,60,58,16759,10376
TTCGCACTGTACGACA-1,1,61,59,17011,10520
TAGGTGTTCCACAGAT-1,1,60,60,16760,10665
GAAGCCTGCACATTCC-1,1,61,61,17012,10810
GGCTTTCAATAAGGGT-1,1,60,62,16760,10955
TCCAGGGTATATACGA-1,1,61,63,17012,11099
CTCGCCGAATGTAGGG-1,1,60,64,16761,11244
AGGAAGCTGTCCGCCG-1,1,61,65,17013,11389
GTCTCAAGGCCCGGCT-1,1,60,66,16761,11534
ACCGACACATCTCCCA-1,1,61,67,17013,11678
TATACGCGTCATCACT-1,1,60,68,16762,11823
ATCTGGGCTGTTCTTG-1,1,61,69,17014,11967
TCAAATTTGAGACTCA-1,1,60,70,16762,12113
GTTAAGGGTGCGATGT-1,1,61,71,17014,12257
AGCAAAGGCCGCTAGT-1,1,60,72,16763,12402
TTATAGGTAATTGTCT-1,1,61,73,17015,12546
TTGTGCAGCCACGTCA-1,1,60,74,16763,12692
ACGGACTCTCAAAGCG-1,1,61,75,17015,12836
ATGCTCTGGCGCGGTA-1,1,60,76,16764,12981
ATAATCTTGGAGAACC-1,1,61,77,17016,13125
CTCATTGCTCTAACAA-1,1,60,78,16764,13270
TAGGTGACGATAACCT-1,1,61,79,17017,13415
CGGATCCTCAAGGACT-1,1,60,80,16765,13560
GGGCGTGGTTTCCCAG-1,1,61,81,17017,13704
TGGCTATGTGACATAC-1,1,60,82,16766,13849
CTTAGTGTAGTAGCAT-1,1,61,83,17018,13994
GGATTGCTGTGACTCC-1,1,60,84,16766,14139
ACTTCCATGCGGGACA-1,1,61,85,17018,14283
ACTCAAGTGCAAGGCT-1,1,60,86,16767,14428
ACAAGGATGCTTTAGG-1,1,61,87,17019,14572
TTGAACGACGTGCTGA-1,1,60,88,16767,14718
ATTCATCGTTGAGGCA-1,1,61,89,17019,14862
TGCAACCCATCTGCGG-1,1,60,90,16768,15007
AGTGCTAAACACAGCA-1,1,61,91,17020,15151
AACTCCAGAGCGTGTT-1,1,60,92,16768,15296
TCTCCACAAGTTGAAT-1,1,61,93,17020,15441
CTTTGCATCGCTCTTG-1,1,60,94,16769,15586
TCACAAACCGAGGTAC-1,1,61,95,17021,15730
CCGTAGGAAATCCCTG-1,1,60,96,16769,15875
AAACATTTCCCGGATT-1,1,61,97,17022,16020
GCCTCCGACAATTCAC-1,1,60,98,16770,16165
TCTGCATACCTTGCTT-1,1,61,99,17022,16309
ACCCATTTGTCCCTCT-1,0,60,100,16771,16454
CTGCAGAGAATCAGAG-1,0,61,101,17023,16599
GGAAACTAAATGGGCC-1,0,60,102,16771,16744
CAACCTACCGAGCAGT-1,0,61,103,17023,16888
CCGTAGGGTTGTTTAC-1,0,60,104,16772,17033
GGTTTGTGACCTGAGG-1,0,61,105,17024,17177
TAACCTAGGGAGTCCA-1,0,60,106,16772,17323
TTCCATCGACAGCGTG-1,0,61,107,17024,17467
ATCTCCCACGGAATAT-1,0,60,108,16773,17612
GTTTCAAACGAGTTGT-1,0,61,109,17025,17756
GGAACTTTGGCGATTA-1,0,60,110,16773,17901
CTGCAAGCACGTTCCG-1,0,61,111,17025,18046
CACAGTCCCGCTTCGC-1,0,60,112,16774,18191
TACGCTCGGTATTGGA-1,0,61,113,17026,18335
CTGGTAAAGTGTGGGC-1,0,60,114,16774,18480
CAACCAGTGGCCTACC-1,0,61,115,17026,18625
TCTTCGCGGTGAGAGG-1,0,60,116,16775,18770
TTCGGGTTGCCACGGG-1,0,61,117,17027,18914
ACCGATAGGCATAACC-1,0,60,118,16775,19059
CTTATAGATGGCTGTT-1,0,61,119,17028,19203
AGACGCCCACTTCGCC-1,0,60,120,16776,19349
AGGTCGCCTCCCAACA-1,0,61,121,17028,19493
CCTCACGTCAGCTAAT-1,0,60,122,16777,19638
CCACCTGTATGGAATA-1,0,61,123,17029,19782
GGACTCGAAGCTTTCA-1,0,60,124,16777,19928
AAGCCGGAGAGCAGGA-1,0,61,125,17029,20072
GCCTATCAGGTAAGAT-1,0,60,126,16778,20217
TCAGAGTGTGAGCATG-1,0,61,127,17030,20361
AAACATGGTGAGAGGA-1,0,62,0,17247,1981
ATCATTGTACCGCATT-1,0,63,1,17499,2125
TCAGCTTGAGCTTTCG-1,0,62,2,17247,2271
CCGCGCAAGATACCCA-1,0,63,3,17499,2415
CTATACTTAAAGCGAG-1,0,62,4,17248,2560
ACCGTCCACTGGGCCC-1,0,63,5,17500,2704
AAGACCAAATAACTCA-1,0,62,6,17248,2850
TGTTTCTGAAGCGTGC-1,0,63,7,17500,2994
TTCTCTTACAGGTGAT-1,0,62,8,17249,3139
AATTCATTGTCATGCA-1,0,63,9,17501,3283
GCCCGAGAGTCTAAAT-1,0,62,10,17249,3428
ATATAGAGTATTGGTC-1,0,63,11,17501,3573
TTGAAGGATGGGCGCC-1,0,62,12,17250,3718
TAGTACCACAACTTTC-1,0,63,13,17502,3862
ATCCCATCCACAGCGC-1,0,62,14,17250,4007
CTTAGGTATAGACCAG-1,0,63,15,17503,4152
TGACTCCGAATCATAC-1,0,62,16,17251,4297
ACTACATCCCGACAAG-1,1,63,17,17503,4441
TTGCCGCAGACCTACA-1,1,62,18,17252,4586
TAAGAGGGACAGGGAC-1,1,63,19,17504,4730
CGAATGAAGTCATTGC-1,1,62,20,17252,4876
AAGGGAACGACTGGCT-1,1,63,21,17504,5020
CGAATCTGCTCGACGC-1,1,62,22,17253,5165
ATCGTGGAAAGTCTGG-1,1,63,23,17505,5309
CCTATGGCTCCTAGTG-1,1,62,24,17253,5454
CGTCGCTTGGTTATAC-1,1,63,25,17505,5599
TGCTTAGAGAGAATGC-1,1,62,26,17254,5744
GATTGCTCCAGTTGCA-1,1,63,27,17506,5888
CGTGCTTCTACCTAAA-1,1,62,28,17254,6033
ACTCCAATATCATCAT-1,1,63,29,17506,6178
GCCGACCCACGACTGC-1,1,62,30,17255,6323
GAGGGTAGTAACAAAG-1,1,63,31,17507,6467
GGCCGAGACTCTGGTG-1,1,62,32,17255,6612
TATATAGGGCTTTACG-1,1,63,33,17508,6757
TGCCGGATGTACGAGC-1,1,62,34,17256,6902
AGGTAGATCGAGATAT-1,1,63,35,17508,7046
GATCAACATAAAGGGA-1,1,62,36,17257,7191
TAACAGCGTTTGTGCT-1,1,63,37,17509,7335
CTATAGGCGTTGATGT-1,1,62,38,17257,7481
GGTTTAATTACCATCG-1,1,63,39,17509,7625
CTCTTCTGGAAGTTAG-1,1,62,40,17258,7770
ATCTGACATGGAAGGA-1,1,63,41,17510,7914
TACGTACTAGTGCTGA-1,1,62,42,17258,8059
ATGACTATCAGCTGTG-1,1,63,43,17510,8204
CTTTGGGATTGTTGCA-1,1,62,44,17259,8349
AGACTGTTACCGGGTC-1,1,63,45,17511,8493
TCCTAACCGTCGGGCA-1,1,62,46,17259,8638
ACGCAAACTAATAGAT-1,1,63,47,17511,8783
AAGTGAGTCGGGTTTA-1,1,62,48,17260,8928
TAAAGCGGTATTTCCA-1,1,63,49,17512,9072
CTCCTCCAGCTCACAC-1,1,62,50,17260,9217
CGGTCCGTCGCAAGCC-1,1,63,51,17512,9361
CCTATATTTGTCCTGG-1,1,62,52,17261,9507
TCCAATAAAGGCTACC-1,1,63,53,17513,9651
AAAGGCTACGGACCAT-1,1,62,54,17261,9796
CGTGACCAGTCCTCTG-1,1,63,55,17514,9940
GATCTGCTATCTAAGG-1,1,62,56,17262,10086
CGAATGACGCATAATG-1,1,63,57,17514,10230
GCTCAATGTAATACCG-1,1,62,58,17263,10375
CTATGCCCGAATGCAA-1,1,63,59,17515,10519
CACAGGGCCGTTGTCA-1,1,62,60,17263,10664
TCAATACGCCGTCATG-1,1,63,61,17515,10809
AGCGGACACTTCGTAG-1,1,62,62,17264,10954
ATACGTTATGCACGGA-1,1,63,63,17516,11098
GAGTAGATACTAGTTG-1,1,62,64,17264,11243
CCAGCTCGAACGCATT-1,1,63,65,17516,11388
TGCTTCCCAAGCAGTA-1,1,62,66,17265,11533
GTAGACACGCCTGACT-1,1,63,67,17517,11677
CTCACATTTACTAAAT-1,1,62,68,17265,11822
GAATGCGAATCGGTTC-1,1,63,69,17517,11966
TAAGGCCCGTCACCCT-1,1,62,70,17266,12112
GAGTATGCGCGTGCAT-1,1,63,71,17518,12256
ATCCACATCGACAGAA-1,1,62,72,17266,12401
TAGACGAAACGCCAAT-1,1,63,73,17519,12545
CAGCAGTCTGTGCTGC-1,1,62,74,17267,12691
CTCACTGTGATACTTA-1,1,63,75,17519,12835
TTAATTGCTTTGGGTG-1,1,62,76,17268,12980
GTAGTCTACGATATTG-1,1,63,77,17520,13124
TTGCCGCTTTCTAGTA-1,1,62,78,17268,13269
GAACCTTTAACGATCC-1,1,63,79,17520,13414
TGGACCAATCTAAGAT-1,1,62,80,17269,13559
CTAGTAGAAAGGGATT-1,1,63,81,17521,13703
AACCTCGCTTTAGCCC-1,1,62,82,17269,13848
GAGTGTCAACCAGAAA-1,1,63,83,17521,13993
GTGATCCTTGTCATGA-1,1,62,84,17270,14138
CTCAACTAACCCGGAT-1,1,63,85,17522,14282
AGTGGCGTCTGAAGGT-1,1,62,86,17270,14427
GGGAAGGGCTTTCTCA-1,1,63,87,17522,14571
AGGCCTGAGAATCTCG-1,1,62,88,17271,14717
AGCCACAGGTTACCCG-1,1,63,89,17523,14861
TGCAATCTAACACGGT-1,1,62,90,17271,15006
GTTTGGGTTTCGCCCG-1,1,63,91,17523,15150
CCTATGTCCACTCCAC-1,1,62,92,17272,15296
CTGCCTTTCTAGTAAA-1,1,63,93,17524,15440
TTAGTAAACCTGCTCT-1,1,62,94,17272,15585
TTGTGGTGGTACTAAG-1,1,63,95,17525,15729
CCTCCTGTTGTGTCGT-1,1,62,96,17273,15874
ACAAAGCATGACCTAG-1,1,63,97,17525,16019
ATAGCAACTAGGGAAG-1,1,62,98,17274,16164
CCGCTCTTCCGAACTA-1,1,63,99,17526,16308
TAGAATAGCCGATGAA-1,1,62,100,17274,16453
GGTCTCCGTCCAGGTT-1,1,63,101,17526,16598
TAATTACGTCAGTAGA-1,0,62,102,17275,16743
TACGTAAAGCGGAGTG-1,0,63,103,17527,16887
GCTACAATCGAGGATA-1,0,62,104,17275,17032
TCAGCCAATCCGTAAA-1,0,63,105,17527,17176
ATCATAGCCCTATGTA-1,0,62,106,17276,17322
GAGGCCTGTTGATACA-1,0,63,107,17528,17466
ATATACGCTCGTGACG-1,0,62,108,17276,17611
CCCTTTAATGGAGTTC-1,0,63,109,17528,17755
TTACACGATCTGCGAC-1,0,62,110,17277,17901
TCGCATAAAGGGCGCA-1,0,63,111,17529,18045
TGTAGCCATCCCATTC-1,0,62,112,17277,18190
GGGTCTATCGCTTTCC-1,0,63,113,17530,18334
GGAGGGTCAAGTAAGA-1,0,62,114,17278,18479
TACGGCATGGACGCTA-1,0,63,115,17530,18624
CACGTCAATCAATGGA-1,0,62,116,17279,18769
CGCTTGGACGGATAGA-1,0,63,117,17531,18913
CGCGGTACGGTATACA-1,0,62,118,17279,19058
CCTACTCAACACGATT-1,0,63,119,17531,19203
CGTTTGGTGTTGTGGG-1,0,62,120,17280,19348
GTTGTTGCAAGATGGC-1,0,63,121,17532,19492
CATTCGTCGTAGCGGT-1,0,62,122,17280,19637
CAGCCTCGATAGCGGT-1,0,63,123,17532,19781
TCATAAGTCCAAGAAG-1,0,62,124,17281,19927
AAAGTGCCATCAATTA-1,0,63,125,17533,20071
GTTGCAGTCGACAACA-1,0,62,126,17281,20216
TAAATGGGCTACTGAG-1,0,63,127,17533,20360
GGACAAGCCATGATCG-1,0,64,0,17750,1980
TCCAATGCGTCGCCGC-1,0,65,1,18002,2124
AAAGAATGACCTTAGA-1,0,64,2,17751,2270
CCTATTATTCCGGCCG-1,0,65,3,18003,2414
CAGTAAGGGACGTCTC-1,0,64,4,17751,2559
GGGATGGACCCGCGTC-1,0,65,5,18003,2703
GACGCATACCCGTCGG-1,0,64,6,17752,2849
GGGCAGGATTTCTGTG-1,0,65,7,18004,2993
TATCTGAGCCGATATT-1,0,64,8,17752,3138
AATGTATGGCACTGTA-1,0,65,9,18005,3282
GCCTTTGTCAGTGGAC-1,0,64,10,17753,3427
AACCATAGGGTTGAAC-1,0,65,11,18005,3572
AAACTTAATTGCACGC-1,0,64,12,17754,3717
TAGGCGGCTGCAAAGA-1,0,65,13,18006,3861
TCCATCAATACTAATC-1,0,64,14,17754,4006
ACCTCGAACTTATGCT-1,0,65,15,18006,4151
ACAAACCATGCGTCCT-1,0,64,16,17755,4296
ACACCGGTCTGACCGC-1,0,65,17,18007,4440
ATGGCAGCATTACGAT-1,1,64,18,17755,4585
CTGGTGAATGGGCCTA-1,1,65,19,18007,4729
CACAGAGACGAGGACG-1,1,64,20,17756,4875
GCACAAACCCTAGATG-1,1,65,21,18008,5019
ACTATGTCCAGCTGCC-1,1,64,22,17756,5164
AAGCCGCCGTGAAATC-1,1,65,23,18008,5308
ATGGGTGTATACCTCC-1,1,64,24,17757,5454
TAAGCGCGAATCAAAT-1,1,65,25,18009,5598
AGCCCGGCATTAGAGG-1,1,64,26,17757,5743
GTGATCAAGCGTGCAC-1,1,65,27,18009,5887
CTGCCTTTAATACCTT-1,1,64,28,17758,6032
TACCTCCACACCAATG-1,1,65,29,18010,6177
GAGCATCAACAACTTG-1,1,64,30,17759,6322
CATACGAACTAGCTGG-1,1,65,31,18011,6466
GGGAACGGTTTCAGAT-1,1,64,32,17759,6611
AGGGTGCCGTTCTTTA-1,1,65,33,18011,6756
ACGACTGGTCATACTC-1,1,64,34,17760,6901
GGATCTTACTGCCCTT-1,1,65,35,18012,7045
TACTCCTCTAGTTGAC-1,1,64,36,17760,7190
GTAGCTCCGGGAGGCT-1,1,65,37,18012,7334
GGACTCGTGAGTGGTC-1,1,64,38,17761,7480
GTAGTTCGAAGGCGAA-1,1,65,39,18013,7624
CTCAAACCACTGCCCG-1,1,64,40,17761,7769
GAGGGAGTCAGATCGC-1,1,65,41,18013,7913
GCGTCCCTAAGACATA-1,1,64,42,17762,8059
TCTCTTACCGCGAACC-1,1,65,43,18014,8203
GGCTACTATACACTCC-1,1,64,44,17762,8348
CGTTGCCCGCGTGGGA-1,1,65,45,18014,8492
TATAGAGTCGCTTGAA-1,1,64,46,17763,8637
ATGTTGTAGTCTGTTT-1,1,65,47,18015,8782
AGTATACACAGCGACA-1,1,64,48,17763,8927
TGTGGTTGCTAAAGCT-1,1,65,49,18016,9071
TGATTCCCGGTTACCT-1,1,64,50,17764,9216
CACTGACGATTGTGGA-1,1,65,51,18016,9361
AACATTGTGACTCGAG-1,1,64,52,17765,9506
GTCCAATATTTAGCCT-1,1,65,53,18017,9650
GCTCTTTCCGCTAGTG-1,1,64,54,17765,9795
GGGTCAGGAGCTAGAT-1,1,65,55,18017,9939
AGGTGGTGACCTTCGC-1,1,64,56,17766,10085
CCCGGGTCGTTCAGGG-1,1,65,57,18018,10229
AGCCAAGCTTTGTGTC-1,1,64,58,17766,10374
TGTGGCGGGCTTCTGG-1,1,65,59,18018,10518
CGAGGGTATCCAGGTG-1,1,64,60,17767,10664
CGTTCAGACCCGCGAA-1,1,65,61,18019,10808
TCATATGAGCTTTGTT-1,1,64,62,17767,10953
AGTTGACGGTCCTTGC-1,1,65,63,18019,11097
ATAATTAGCTAAGTAG-1,1,64,64,17768,11242
GGTCTTGAGCGCTCTT-1,1,65,65,18020,11387
CGTTGTCGGCAATTGA-1,1,64,66,17768,11532
TCTTGCTCCCGATACT-1,1,65,67,18021,11676
AGCAGAAGGAGAAAGA-1,1,64,68,17769,11821
GAAGCCACTGATTATG-1,1,65,69,18021,11966
TGCTCTTGAGAGTTTG-1,1,64,70,17770,12111
GACATCCGTCGAACTG-1,1,65,71,18022,12255
AGATATAATACGACTA-1,1,64,72,17770,12400
TCGCTACTGGCTTTGA-1,1,65,73,18022,12544
GTGACAGCTTCCCACT-1,1,64,74,17771,12690
GTGACGCAGGTTTCAT-1,1,65,75,18023,12834
GGGAAGACGGTCTGTC-1,1,64,76,17771,12979
CGTCGCATGTGAGCCA-1,1,65,77,18023,13123
AGAAGGTTGTAGGTCG-1,1,64,78,17772,13268
GGCCGGCGTCTGCTAT-1,1,65,79,18024,13413
TTGACCAGGAACAACT-1,1,64,80,17772,13558
AGTCGTATAAAGCAGA-1,1,65,81,18024,13702
GGCGTAGGGAAAGCTG-1,1,64,82,17773,13847
AAACCTAAGCAGCCGG-1,1,65,83,18025,13992
ATTGCCTTTATGTTTG-1,1,64,84,17773,14137
CAGGCAGTCTTACCAG-1,1,65,85,18025,14281
AGCTAAGTACGCAGGC-1,1,64,86,17774,14426
AAATCCGATACACGCC-1,1,65,87,18026,14570
CGAGAGCTTTCACTAC-1,1,64,88,17774,14716
CGCCCAGCGTTTCACG-1,1,65,89,18027,14860
TTAAGTATTGTTATCC-1,1,64,90,17775,15005
AAACGGGCGTACGGGT-1,1,65,91,18027,15149
GTATCCTTTGGTAACC-1,1,64,92,17776,15295
CATAGTCAAATACATA-1,1,65,93,18028,15439
TCTATGCTATAACGAC-1,1,64,94,17776,15584
ACGTTCTGTACAAGTC-1,1,65,95,18028,15728
CGCGAAGTGGCATACT-1,1,64,96,17777,15873
ACCAACCGCACTCCAC-1,1,65,97,18029,16018
GTCATGCGCGAGGGCT-1,1,64,98,17777,16163
TAGGCTAAAGTGGCAC-1,1,65,99,18029,16307
TGGCTACACTCTACCT-1,1,64,100,17778,16452
TGTCCACGGCTCAACT-1,1,65,101,18030,16597
AATTGCAGCAATCGAC-1,1,64,102,17778,16742
GTCAACCAGGCCTATA-1,1,65,103,18030,16886
ATCTTATCGCACACCC-1,0,64,104,17779,17031
GTCTATTGCATGCTCG-1,0,65,105,18031,17175
GCACGTGGTTTACTTA-1,0,64,106,17779,17321
ATTCGCGCCTTGAGAG-1,0,65,107,18032,17465
AGCGATGCGCCTAATA-1,0,64,108,17780,17610
TCTATAGGTGGGTAAT-1,0,65,109,18032,17754
AGATACCAATAGAACC-1,0,64,110,17781,17900
CGTGTATGGGAGCTGA-1,0,65,111,18033,18044
ATGTACATGCGGTGAG-1,0,64,112,17781,18189
TTGGCTCAATATGTGT-1,0,65,113,18033,18333
GTTCGGAGCACTCAAC-1,0,64,114,17782,18478
TCCCTCTTCTCAAGGG-1,0,65,115,18034,18623
TTACGTATCTATGACA-1,0,64,116,17782,18768
CCCATATAGGTCGATT-1,0,65,117,18034,18912
GTCCACGTCGCATTCG-1,0,64,118,17783,19057
AATTGTGGTTGCCAAA-1,0,65,119,18035,19202
AGGAACGAACGACTTC-1,0,64,120,17783,19347
TAATTCCAATGCTTCA-1,0,65,121,18035,19491
AGGGCCCTAATGTTCT-1,0,64,122,17784,19636
AGGTGTTGCCGACCAC-1,0,65,123,18036,19780
CTGAGAGTAGAAATAC-1,0,64,124,17784,19926
TAGAAGAAGGGTTACA-1,0,65,125,18036,20070
GGTGACTGATAGAGAG-1,0,64,126,17785,20215
TACCCTCGGTAACCCT-1,0,65,127,18037,20359
TGTAAGACTGATAAGA-1,0,66,0,18254,1979
GTCACTCATGAGCGAT-1,0,67,1,18506,2124
CGGTTTACTGAACATT-1,0,66,2,18254,2269
GAGATCGATCTTACTC-1,0,67,3,18507,2413
TCTTTCATCCGTCCTT-1,0,66,4,18255,2558
TCGGATCTGGATGACC-1,0,67,5,18507,2702
GTCCTAGGATACCTTA-1,0,66,6,18256,2848
TGTACCCGACCCTAAT-1,0,67,7,18508,2992
AGGTTCTCCTTTCCGG-1,0,66,8,18256,3137
AATTGCGTGGATTACA-1,0,67,9,18508,3281
CGATAGCGATACAGTG-1,0,66,10,18257,3426
CGCCCTAATTGTTCAA-1,0,67,11,18509,3571
ATTATGAGACCCAATT-1,0,66,12,18257,3716
CCTCCTAGCTAGAGTC-1,0,67,13,18509,3860
CGAAGGGTTTCAGATT-1,0,66,14,18258,4005
CACAAGCTAAGAAAGG-1,0,67,15,18510,4150
CACCGGTAGAGACATT-1,0,66,16,18258,4295
ACTCATGGCAGCCTTC-1,0,67,17,18510,4439
CATCCAATATAGTTTG-1,0,66,18,18259,4584
CAGATATGAAGATGAC-1,1,67,19,18511,4728
GCAAAGGGCGTTAGCC-1,1,66,20,18259,4874
CTGTTGTTCAGTCGTA-1,1,67,21,18511,5018
AAAGGCCCTATAATAC-1,1,66,22,18260,5163
AACATTGAAGTTGATC-1,1,67,23,18512,5307
GCTAGCGATAGGTCTT-1,1,66,24,18260,5453
ATTGCCTATTAGACCG-1,1,67,25,18513,5597
GGGCGTTTACATTCAT-1,1,66,26,18261,5742
CCTCTACAAGGATTGG-1,1,67,27,18513,5886
AGTGACTGTGACACAA-1,1,66,28,18262,6031
AGCCCTCCCTGGTGGC-1,1,67,29,18514,6176
CGGTTGAGTATCCTTC-1,1,66,30,18262,6321
CATTATCCCATTAACG-1,1,67,31,18514,6465
AATGTGCTAATCTGAG-1,1,66,32,18263,6610
CTTAGTTGAGGAATCG-1,1,67,33,18515,6755
CTTCTGGGCGTACCTA-1,1,66,34,18263,6900
AGTCAAATGATGTGAT-1,1,67,35,18515,7044
TGAACAAGCAGGGACT-1,1,66,36,18264,7189
AATACCGGAGGGCTGT-1,1,67,37,18516,7333
GTTTGGTGATCGGTGC-1,1,66,38,18264,7479
GACTGCTGGTGAGAAA-1,1,67,39,18516,7623
CGATCCTCGCAACATA-1,1,66,40,18265,7768
CCAACCTTATGTAACT-1,1,67,41,18517,7912
CGTGGTACCCAAAGGC-1,1,66,42,18265,8058
AACCCGACAACCCGTG-1,1,67,43,18518,8202
TATGTAAAGTGCTTAA-1,1,66,44,18266,8347
GCAAGTGTAAAGCATG-1,1,67,45,18518,8491
GTAACTGCCCAAGGAG-1,1,66,46,18267,8636
GGTGCATAAATGATTA-1,1,67,47,18519,8781
TAGTCCCGGAGACCAC-1,0,66,48,18267,8926
CGGCCAGAGCGACCAT-1,1,67,49,18519,9070
TGAATGAGTGTTTCCC-1,1,66,50,18268,9215
TTCACTTCCTAGAACG-1,1,67,51,18520,9360
CGCTTAGTATTGATAC-1,1,66,52,18268,9505
AACGCGACCTTGGGCG-1,1,67,53,18520,9649
GTGCACCAGCTTCAAC-1,1,66,54,18269,9794
TTCTATTAAACGCAGC-1,1,67,55,18521,9938
TGGCAAGCACAAGTCG-1,1,66,56,18269,10084
ATCTGCTGTTATCGCC-1,1,67,57,18521,10228
AATTCCAAGCATGTAC-1,1,66,58,18270,10373
AAACGGTTGCGAACTG-1,1,67,59,18522,10517
GAAGGAGTCGAGTGCG-1,1,66,60,18270,10663
GGCAAGCCCATAGTGG-1,1,67,61,18522,10807
TGACCAAATCTTAAAC-1,1,66,62,18271,10952
TTCGGTACTGTAGAGG-1,1,67,63,18523,11096
ATGTACGATGACGTCG-1,1,66,64,18271,11241
ATCTAGCTTGTGAGGG-1,1,67,65,18524,11386
AGCGGGTCTGACACTC-1,1,66,66,18272,11531
GAGGTACGCGTGTCCC-1,1,67,67,18524,11675
GCACTGCCTACCTTTA-1,1,66,68,18273,11820
GGAGCGAGGCCTACTT-1,1,67,69,18525,11965
AAACTCGGTTCGCAAT-1,1,66,70,18273,12110
GGCGCTTCATTCCCTG-1,1,67,71,18525,12254
TGCTCGGTGGGTCACC-1,1,66,72,18274,12399
AAGCGCAGGGCTTTGA-1,1,67,73,18526,12543
GACCTTCCACGTCTAC-1,1,66,74,18274,12689
GTTAGCCCATGACATC-1,1,67,75,18526,12833
AATTCGATTCGAGGAT-1,1,66,76,18275,12978
AGTCTTTAAAGTGTCC-1,1,67,77,18527,13122
GACTAGGCCGTTAGGT-1,1,66,78,18275,13268
TCCAAGCCTAGACACA-1,1,67,79,18527,13412
GATTGGGAAAGGTTGT-1,1,66,80,18276,13557
GATGAGGAACCTTCGG-1,1,67,81,18528,13701
TGAATACCGACGCGTA-1,1,66,82,18276,13846
AATCGTGAGCCGAGCA-1,1,67,83,18529,13991
GCGAAGAATCTGACGG-1,1,66,84,18277,14136
GAACAACTGGGATGAA-1,1,67,85,18529,14280
TCGCCGACATATTCGC-1,1,66,86,18278,14425
CGTAGAGAGTAATTAT-1,1,67,87,18530,14570
CGATAGTCGTACTGCA-1,1,66,88,18278,14715
CGCATGCCGAATGCGT-1,1,67,89,18530,14859
CTCTAGCCCTCGGAAA-1,1,66,90,18279,15004
TCCAACTCAGCTATCT-1,1,67,91,18531,15148
GTCTAGTGAGCCGCTT-1,1,66,92,18279,15294
TACCGAATAATTGTAA-1,1,67,93,18531,15438
ATATAACACGGGCGCA-1,1,66,94,18280,15583
GCATGCTAATAACGAT-1,1,67,95,18532,15727
TCCGGGCTTGACGGGA-1,1,66,96,18280,15873
ATTATTCAGAGTCACT-1,1,67,97,18532,16017
TAGCAGTATGACTAAA-1,1,66,98,18281,16162
TATGAAGAATTAAGGT-1,1,67,99,18533,16306
CAAGGCCAGTGGTGCA-1,1,66,100,18281,16451
TGCGTACGGCTAATTG-1,1,67,101,18533,16596
CAGATAATGGGCGGGT-1,1,66,102,18282,16741
GAGAACGGTTCTGACT-1,1,67,103,18534,16885
CGCTTCGGTCTAAGAC-1,0,66,104,18283,17030
AGCATTACGAGGCAAG-1,0,67,105,18535,17175
AAGTTGTGATGTTATA-1,0,66,106,18283,17320
TTGCTCATAGTACGTG-1,0,67,107,18535,17464
TACTTAAACATGTACA-1,0,66,108,18284,17609
AGTGAGTCGAATTAAC-1,0,67,109,18536,17753
TAGGCCTATATAGTCT-1,0,66,110,18284,17899
ACTCGCCGTTCGATAA-1,0,67,111,18536,18043
GGTACGTTGCGGCCGG-1,0,66,112,18285,18188
TATTGCCGGGCTTGTA-1,0,67,113,18537,18332
GGTAAACTCTGCGCTG-1,0,66,114,18285,18477
TCCCTTGTCTGAAACT-1,0,67,115,18537,18622
CATGATCGCTTTGAGA-1,0,66,116,18286,18767
GGACGGGCGACCAACC-1,0,67,117,18538,18911
GAGAGGCCTATGTGTA-1,0,66,118,18286,19056
TCGTAACTCCCAAGAC-1,0,67,119,18538,19201
CGTATCTAGAACTAAG-1,0,66,120,18287,19346
GCACCTTCCCGAAGGT-1,0,67,121,18539,19490
TACCTCTTTACCATCC-1,0,66,122,18287,19635
TGACTCTAACTGGTAA-1,0,67,123,18540,19779
GAGAAACTGGATCCCA-1,0,66,124,18288,19925
ATCCGGACCAGCCTGA-1,0,67,125,18540,20069
TTATTTAGGTTCCTTA-1,0,66,126,18289,20214
CGAATTCCCGGTTCAA-1,0,67,127,18541,20358
TAGTTTGATCGGTCGC-1,0,68,0,18758,1978
AGTCGAAACGATTCAG-1,0,69,1,19010,2123
ACGTCGGGCAACTCGG-1,0,68,2,18758,2268
ACTTGCTCTATCTACC-1,0,69,3,19010,2412
ATTACGGGCTACGGTT-1,0,68,4,18759,2557
GCAAACGTAAGCGACC-1,0,69,5,19011,2701
TTCGGACTGGGCATGG-1,0,68,6,18759,2847
GGGCCATTCGTGCTGG-1,0,69,7,19011,2991
GAGTTGTCACCAGTCT-1,0,68,8,18760,3136
AGTAATTTGCAAGCGT-1,0,69,9,19012,3280
GTGGCCGGTTTCTCGG-1,0,68,10,18760,3426
ATCTTAGGGCATTAAT-1,0,69,11,19012,3570
CTACATATCGCGGGAC-1,0,68,12,18761,3715
ATGGTATTTACTGATT-1,0,69,13,19013,3859
CCGTCAACCTCTGGCG-1,0,68,14,18761,4004
GCTTCGACGTTCAATC-1,0,69,15,19013,4149
GACCGATTAAATATGT-1,0,68,16,18762,4294
GTCGAATTTGGGCGCT-1,0,69,17,19014,4438
TCACGGCCCAAGAGAG-1,0,68,18,18762,4583
CTACGATCCTATCCTA-1,0,69,19,19015,4728
TGCAGTGGTAGGGAAC-1,1,68,20,18763,4873
TTGCCTAATCCAAAGT-1,1,69,21,19015,5017
AGCGAGACGTGAAGGC-1,0,68,22,18764,5162
TTCTACCTCAATCGGT-1,1,69,23,19016,5306
TACGCTGCTGTGTTAA-1,1,68,24,18764,5452
TAGTCCTGCACTAAGC-1,1,69,25,19016,5596
AGCACACGTTTAGACT-1,1,68,26,18765,5741
GTTCGACAATTGTATA-1,1,69,27,19017,5885
CCATGTTCATCTATAT-1,1,68,28,18765,6031
CCCTCGATAATACACA-1,1,69,29,19017,6175
ACTGCCCGCCATTCTC-1,1,68,30,18766,6320
CTATATCCAGCCTGGC-1,1,69,31,19018,6464
CGCACGTCTGTTTATG-1,1,68,32,18766,6609
AATCAGGTTTCATTTA-1,1,69,33,19018,6754
AGAGAAACACCAGAAA-1,1,68,34,18767,6899
ACCCGATTGGTTCCGA-1,1,69,35,19019,7043
TACCAGGAATCCCGTC-1,1,68,36,18767,7188
AAGTGCTTCTCTATTG-1,1,69,37,19020,7333
TGCATGTGACCCATAG-1,1,68,38,18768,7478
TAGATTCAAAGTGCGG-1,1,69,39,19020,7622
AGGGTCAGAGCACTCG-1,1,68,40,18769,7767
GTGAGATAACCTTATA-1,1,69,41,19021,7911
GTGTCAGTGTACGTGG-1,1,68,42,18769,8057
CTGTAGTGAGGATCGA-1,1,69,43,19021,8201
GATAGTGCGAGTAAGT-1,1,68,44,18770,8346
AGGGTTCAGACGGTCC-1,1,69,45,19022,8490
GGACTCGACAGCGCAT-1,1,68,46,18770,8635
CACTCTCAAGCATCGA-1,1,69,47,19022,8780
GAGCGGAATGCGGTGT-1,1,68,48,18771,8925
CAGTTCGAGGACCCGA-1,1,69,49,19023,9069
CGTAACTTCGACACTT-1,1,68,50,18771,9214
TGATCACCACACTGAC-1,1,69,51,19023,9359
CATACTTCTTTCTCCG-1,1,68,52,18772,9504
CAAGTAAGTGATAGAC-1,1,69,53,19024,9648
AGCCCGCAACAAGCAG-1,1,68,54,18772,9793
GCTCCATGCAAAGCAA-1,1,69,55,19024,9938
TCGTACCGACGTCAAG-1,1,68,56,18773,10083
ATTATCGGAATGTACG-1,1,69,57,19025,10227
ACCTACTATAAATCTA-1,1,68,58,18773,10372
TATCCTATCAACTGGT-1,1,69,59,19026,10516
GCGCGGTCTAGTAACT-1,1,68,60,18774,10662
CCTTCGTATAGAATCC-1,1,69,61,19026,10806
TGGGCGATACAATAAG-1,1,68,62,18775,10951
TGACATGTAACGTGAC-1,1,69,63,19027,11095
TTGGGAAGACGAGCCG-1,1,68,64,18775,11240
GGTGTAAATCGATTGT-1,1,69,65,19027,11385
GAACTGTGGAGAGACA-1,1,68,66,18776,11530
TCCACATCGTATATTG-1,1,69,67,19028,11674
CCTATGGTCAAAGCTG-1,1,68,68,18776,11819
TCCTTGTCCTTTAATT-1,1,69,69,19028,11964
AAGTTTATGGGCCCAA-1,1,68,70,18777,12109
GTCCGGGTTCACATTA-1,1,69,71,19029,12253
ATGTAGCGCGCGTAGG-1,1,68,72,18777,12398
TACGGAAGCCAAACCA-1,1,69,73,19029,12542
GCCCTGAGGATGGGCT-1,1,68,74,18778,12688
CGGGCGATGGATCACG-1,1,69,75,19030,12832
TGCGGACTTGACTCCG-1,1,68,76,18778,12977
TAATACTAGAACAGAC-1,1,69,77,19031,13121
TCAAATTGTTGTGCCG-1,1,68,78,18779,13267
GGGCAGTCAACGCCAA-1,1,69,79,19031,13411
TCGCTGCCAATGCTGT-1,1,68,80,18780,13556
TACGTGGGCCCAGGGC-1,1,69,81,19032,13700
GCCTACGTTCTGTGCA-1,1,68,82,18780,13845
TTGCGTGTGTAGGCAT-1,0,69,83,19032,13990
TCCTAAAGATTCAGAC-1,1,68,84,18781,14135
TGGGTGCACAAGCCAT-1,1,69,85,19033,14279
GGGAGCGACCGTAGTG-1,1,68,86,18781,14424
CATAGAGGAGATACTA-1,1,69,87,19033,14569
CTTCGATTGCGCAAGC-1,1,68,88,18782,14714
GTGCCTGAGACCAAAC-1,1,69,89,19034,14858
TCATCCTCAGCTGCTT-1,0,68,90,18782,15003
TGCAACTACTGGTTGA-1,1,69,91,19034,15147
ATGTTGATTAGAGACT-1,1,68,92,18783,15293
GTTTCTAGAGGCGCGG-1,1,69,93,19035,15437
TACAAGGGCTTCTTTA-1,1,68,94,18783,15582
ACAGGCACGGATCCTT-1,1,69,95,19035,15726
CCCAAGTCATTACACT-1,1,68,96,18784,15872
ACTCTGACCTAATAGA-1,1,69,97,19036,16016
GGATGGCTTGAAGTAT-1,1,68,98,18784,16161
ACCCTCCCGTCAGGGC-1,1,69,99,19037,16305
AGCTTCTTCTCGAGCA-1,1,68,100,18785,16450
TTGCGCTTGATCAATA-1,1,69,101,19037,16595
TGGGTGTAATAGATTT-1,1,68,102,18786,16740
CATGGTTTATTAATCA-1,1,69,103,19038,16884
TTGCCTTCTCGCCGGG-1,1,68,104,18786,17029
TTAAAGTAAGTCGCCA-1,0,69,105,19038,17174
AGTTGGCAAGGCTAGA-1,0,68,106,18787,17319
CCGCACTTGCAATGAC-1,0,69,107,19039,17463
AATGTTGTCGTGAGAC-1,0,68,108,18787,17608
CCAAGGTTGCCCTTTC-1,0,69,109,19039,17752
TGTGACTAGAGTTTGC-1,0,68,110,18788,17898
TTGTGATCTGTTCAGT-1,0,69,111,19040,18042
GGAGTTGATTCTGTGT-1,0,68,112,18788,18187
GTAGTGAGCAACCTCA-1,0,69,113,19040,18331
AAGACATACGTGGTTT-1,0,68,114,18789,18477
CATCCCGAGATTCATA-1,0,69,115,19041,18621
GGCCGCAGGAACCGCA-1,0,68,116,18789,18766
CCAGAAACTGATGCGA-1,0,69,117,19042,18910
ACCCGTAGTCTAGTTG-1,0,68,118,18790,19055
AGGGTCTGGACGCAGT-1,0,69,119,19042,19200
TTGAAACCCTCATTCC-1,0,68,120,18791,19345
TCAATCCCGCGCCAAA-1,0,69,121,19043,19489
AGGACATCGGCACACT-1,0,68,122,18791,19634
GACAAGACGCCCGTGC-1,0,69,123,19043,19779
GAGTAAATTAAGAACC-1,0,68,124,18792,19924
TAAGTCGGTGAGCTAG-1,0,69,125,19044,20068
CTTACTGACTCCTCTG-1,0,68,126,18792,20213
TTAACTGATCGTTTGG-1,0,69,127,19044,20357
GGGCGATCCATAGGCC-1,0,70,0,19261,1977
CGTATTGTTTGGCGCC-1,0,71,1,19513,2122
CGCGTGGGCCTGTGTT-1,0,70,2,19262,2267
AAATCTGCCCGCGTCC-1,0,71,3,19514,2411
GCTGAAGGGTTCTTGG-1,0,70,4,19262,2556
TAATTGCGCTGATTAC-1,0,71,5,19514,2700
TCGCGCGTTTACATGA-1,0,70,6,19263,2846
TAACTGAAATACGCCT-1,0,71,7,19515,2990
CCTGTCGTGTATGAAG-1,0,70,8,19263,3135
CGGGAACGCCCTGCAT-1,0,71,9,19515,3279
AGTTGCGGTCCTCAAC-1,0,70,10,19264,3425
GGGTCCTTGGAAGAAG-1,0,71,11,19516,3569
CGGGAAGTACCGTGGC-1,0,70,12,19264,3714
ACGGTCACCGAGAACA-1,0,71,13,19517,3858
TAGACTCAGTTGGCCT-1,0,70,14,19265,4003
CCTTCCGCAACGCTGC-1,0,71,15,19517,4148
CAGTGTTAATCTCTCA-1,0,70,16,19266,4293
CAGGCCAGTACCACCT-1,0,71,17,19518,4437
GATCGCTGTGGTGCGT-1,0,70,18,19266,4582
GTATCTCGGGCGCTTT-1,0,71,19,19518,4727
CCGGGCTAAGAATTTC-1,0,70,20,19267,4872
CTTCACGCCCTGGTAC-1,1,71,21,19519,5016
CGGATGAATGCTGTGA-1,1,70,22,19267,5161
CTCTGCAGGCATTCTT-1,0,71,23,19519,5305
TCAAAGTCACGGCGTC-1,1,70,24,19268,5451
TGGGTTTCGGGCGTAC-1,1,71,25,19520,5595
TGCTATGGCAAAGGGA-1,1,70,26,19268,5740
TTCACGGTCGTCACGT-1,1,71,27,19520,5884
CGTAAAGCAAGAAATC-1,1,70,28,19269,6030
CTGATCCCTTTATGCA-1,1,71,29,19521,6174
GAGTATACCCTAATCA-1,1,70,30,19269,6319
CCACGGCAGGTGTAGG-1,1,71,31,19521,6463
ACGTACTTTGGCACGG-1,1,70,32,19270,6608
CCTGAGAATAAATGCA-1,1,71,33,19522,6753
TTGATGCCGCTCGTCG-1,1,70,34,19270,6898
GCCAGGAAAGAACACT-1,1,71,35,19523,7042
TCCGACCGCTAATCAA-1,1,70,36,19271,7187
TATATCAAAGTGATCT-1,1,71,37,19523,7332
CCTCGGTTTCCTTGCC-1,1,70,38,19272,7477
TAAATTTAGTAACACC-1,0,71,39,19524,7621
CTCGTTACGGCTACCA-1,1,70,40,19272,7766
GCCGTCGGTTTCGGGC-1,0,71,41,19524,7910
GTTCCGTCCGCCTGCA-1,1,70,42,19273,8056
CTAGGGATAGGGACAA-1,1,71,43,19525,8200
GTCCAGGCACGTGTGC-1,1,70,44,19273,8345
GAGGAATATCTCTTTG-1,1,71,45,19525,8489
CGTTCAAGGAAACGGA-1,1,70,46,19274,8635
GTGGGAACAAACCGGG-1,1,71,47,19526,8779
GGGCACGTAGTACTGT-1,0,70,48,19274,8924
ACTACAAAGAGAGGTG-1,0,71,49,19526,9068
GGTGTAGGTAAGTAAA-1,1,70,50,19275,9213
CCTGTTCAACCTCGGG-1,1,71,51,19527,9358
TGAGGTGTGTGGCGGA-1,1,70,52,19275,9503
ATTGTCTGTTTCATGT-1,1,71,53,19528,9647
GCCGGTCGTATCTCTC-1,1,70,54,19276,9792
ATATGGGATAGCAACT-1,1,71,55,19528,9937
GATAGAACCCGCTAGG-1,1,70,56,19277,10082
ATCCCATTTCCGTGGG-1,1,71,57,19529,10226
GATGCTACCTTCGATG-1,0,70,58,19277,10371
TGCAAAGTTCGTCTGT-1,1,71,59,19529,10515
GTTCAGTCGCCAAATG-1,1,70,60,19278,10661
GTCTCCGCCTCAATAC-1,0,71,61,19530,10805
AGTAGAAGGCGCCTCA-1,1,70,62,19278,10950
GTTGTAGATTTATGAG-1,1,71,63,19530,11094
CTATTTGCTTGGAGGA-1,1,70,64,19279,11240
AGCCATATAGTATGTG-1,1,71,65,19531,11384
TGTTCCGGCCTGAGCT-1,1,70,66,19279,11529
TGCCGTGGGACCCAAT-1,1,71,67,19531,11673
TTGCAAGAAGACTCCT-1,1,70,68,19280,11818
CCGCTCCAGGGCGATC-1,1,71,69,19532,11963
CAAACCCTCCGGCGGG-1,1,70,70,19280,12108
CGGACCTTTACGTCCC-1,0,71,71,19532,12252
ACGTAGGAGAGTCGCT-1,1,70,72,19281,12397
CTGCGACCTCGCCGAA-1,0,71,73,19533,12542
GGCCCAGCTGGTTTGC-1,0,70,74,19282,12687
GGATTAATCATGGACC-1,1,71,75,19534,12831
GAGATGGCTTTAATCA-1,1,70,76,19282,12976
AGTACAGAAGCTTATA-1,1,71,77,19534,13120
GCGGCTTTAGCAAGTT-1,1,70,78,19283,13266
ACCGAGTCTCCTTATT-1,1,71,79,19535,13410
GACCACACTTCCCTTT-1,1,70,80,19283,13555
TGTAGCCAATTCCGTT-1,1,71,81,19535,13699
CTCGTCTGTGCCTTCG-1,1,70,82,19284,13844
GGACTCTTTGACTAAG-1,1,71,83,19536,13989
TCATCGACGACCGTCG-1,1,70,84,19284,14134
TACTACGTGCAATGCG-1,1,71,85,19536,14278
CCCTACTTGAACAATG-1,0,70,86,19285,14423
GCAGCTGTCAACGCAT-1,1,71,87,19537,14568
ATCTACCATCTGCTCC-1,1,70,88,19285,14713
TCTCAAATCAATCGGG-1,1,71,89,19537,14857
ACTCCGGCCGACCACT-1,1,70,90,19286,15002
TACACCTCTTCGAATC-1,1,71,91,19538,15147
GTGGCTGTTTCTGTTC-1,1,70,92,19286,15292
ACGACTCTAGGGCCGA-1,1,71,93,19539,15436
TCGTTTACGCGACCCT-1,1,70,94,19287,15581
AGGATATCCGACTGCA-1,1,71,95,19539,15725
GACACTTCCAATTACC-1,0,70,96,19288,15871
ACGGTACAGTTCAATG-1,1,71,97,19540,16015
CTTGATGACCATCCAG-1,1,70,98,19288,16160
CTGGTAAAGACTTACA-1,1,71,99,19540,16304
CTTGCCCACCCACGCA-1,1,70,100,19289,16449
CATTACGCAGGAAGGG-1,1,71,101,19541,16594
GGACAACCATGAAGCC-1,1,70,102,19289,16739
GTTATCAAGCTATCGA-1,1,71,103,19541,16883
AGGTGCACGTCCACAT-1,1,70,104,19290,17028
AAAGAATGTGGACTAA-1,0,71,105,19542,17173
ACCAAGTCATCGGCAG-1,0,70,106,19290,17318
AGTAACTATAGCAGCC-1,0,71,107,19542,17462
GGGAAAGAATGCCAAC-1,0,70,108,19291,17607
AATCGGTATAGCCCTC-1,0,71,109,19543,17751
GGCACTGCGGTGGTTT-1,0,70,110,19291,17897
CGTCCTCATCGCGTGC-1,0,71,111,19544,18041
CTTAACTTACAGTATA-1,0,70,112,19292,18186
GTGAGTCGACTAATAG-1,0,71,113,19544,18330
TGTACTTCCGGGCATG-1,0,70,114,19293,18476
CACAAACCGCAGAACT-1,0,71,115,19545,18620
GCTTTACACAACTGGG-1,0,70,116,19293,18765
CACCGATGATGGGTAC-1,0,71,117,19545,18909
TCAATATACAGGAGGC-1,0,70,118,19294,19054
AACGACCTCCTAGCCG-1,0,71,119,19546,19199
GTTACCAAGGCGTACG-1,0,70,120,19294,19344
TAGCTCACTGTGTTTG-1,0,71,121,19546,19488
TCGGCAGGGTTAAGGG-1,0,70,122,19295,19633
TGTTAACAAAGTGACT-1,0,71,123,19547,19778
CAGAGCGATGGATGCT-1,0,70,124,19295,19923
CATAGTGGGCACGCCT-1,0,71,125,19547,20067
AAACGCTGGGCACGAC-1,0,70,126,19296,20212
TGTTCTCATACTATAG-1,0,71,127,19548,20356
TCCGCTGGGTCGATCG-1,0,72,0,19765,1976
TTAGCATCCCTCACGT-1,0,73,1,20017,2121
AGCCTTGTCACTGATA-1,0,72,2,19765,2266
GTTTCTTGTTAGAGCT-1,0,73,3,20017,2410
TCGGAGTCCTGGTTGC-1,0,72,4,19766,2555
ACGGGTTGTGACCTGT-1,0,73,5,20018,2700
TGACAGAAATCTTGCT-1,0,72,6,19766,2845
TAGCCATGATTGCCTA-1,0,73,7,20019,2989
CGAAGCCACAGCATGG-1,0,72,8,19767,3134
ACCCGTAGCAGAGAAT-1,0,73,9,20019,3278
AGCTTGATCAGGGTAG-1,0,72,10,19768,3424
CTATAAGTAGGGTTTG-1,0,73,11,20020,3568
TATAGTTAGGTGTACT-1,0,72,12,19768,3713
TACGCTGATAGTTGTA-1,0,73,13,20020,3857
TTCTCAATTGCTACAA-1,0,72,14,19769,4002
GTTGCCCTAACGGGTG-1,0,73,15,20021,4147
GACATTTCGCCCAGCC-1,0,72,16,19769,4292
GTAACTACGTAGACCT-1,0,73,17,20021,4436
CCAGTGTACAGACCGA-1,0,72,18,19770,4581
GCCCGATGCCCAGTTC-1,0,73,19,20022,4726
CGAACCTCTTTCCTAG-1,0,72,20,19770,4871
CATGCACATGAGAGGC-1,0,73,21,20022,5015
CCAAATCAAAGGGCAA-1,0,72,22,19771,5160
GTAGTTTAAGCACACG-1,0,73,23,20023,5305
TAAGTGAATAGTCTAC-1,0,72,24,19771,5450
GGTCCACGTCTATTTG-1,0,73,25,20023,5594
CCCTCAGATCGAGAAC-1,0,72,26,19772,5739
ACATTCGCGCGGAATA-1,0,73,27,20024,5883
CTATGAACACCTTGCC-1,0,72,28,19772,6029
CGAATGGTAGGTCGTC-1,0,73,29,20025,6173
TCGACATAGCGTAGCG-1,1,72,30,19773,6318
GACGTTGCTCGGCGGC-1,1,73,31,20025,6462
CTCGAGGCAAGTTTCA-1,1,72,32,19774,6607
GCTGGGAGCGCGTCAA-1,1,73,33,20026,6752
GACGATATCACTGGGT-1,1,72,34,19774,6897
CAGCTCTGGGCTCACT-1,1,73,35,20026,7041
TAGTCTGCGGCACATT-1,1,72,36,19775,7186
TGGTCGATATACCTCT-1,1,73,37,20027,7331
TTCAGTTCAAGAGGAG-1,1,72,38,19775,7476
GTCTGTAGGTTGAACA-1,1,73,39,20027,7620
GAGAGTCTCGGGAGAG-1,1,72,40,19776,7765
TTGTTTGTATTACACG-1,1,73,41,20028,7909
GCACAGCACGGGCCGA-1,0,72,42,19776,8055
AAACAGTGTTCCTGGG-1,0,73,43,20028,8199
TGGAGAATAATCGTCC-1,1,72,44,19777,8344
CGCCGCGTTCTGAACG-1,0,73,45,20029,8488
CATGCGTTGAGAGGAG-1,1,72,46,19777,8634
TACGCTCCTAGAACTG-1,0,73,47,20030,8778
CCTTGTGAACGTGGTT-1,1,72,48,19778,8923
TTAAAGGCGATGCTCG-1,1,73,49,20030,9067
TAAAGTGCACGTCTCG-1,1,72,50,19779,9212
TGTCCGCAAACAATTC-1,1,73,51,20031,9357
AGGCCTATCATACCAA-1,1,72,52,19779,9502
ACTGGGATGCCAGTGC-1,1,73,53,20031,9646
CGATCCACCATTGTTG-1,1,72,54,19780,9791
GGGCATGCATGTCGAG-1,1,73,55,20032,9936
TCCAGGCAGGACGATC-1,1,72,56,19780,10081
CAATGACCCTTAATTT-1,1,73,57,20032,10225
ATCAAGATCCCAGGAC-1,1,72,58,19781,10370
CTCAGAGCTAATGTCG-1,1,73,59,20033,10514
CTGCGATTTCGAGATT-1,1,72,60,19781,10660
ATGGTATTGGGAACCG-1,1,73,61,20033,10804
TAGGTTCTGCTGAGAA-1,1,72,62,19782,10949
GCCTGTCCCGGTGCAT-1,1,73,63,20034,11093
GGCCTGCTCTGATGTT-1,1,72,64,19782,11239
TAGAGGGAGTTTATCT-1,1,73,65,20034,11383
CTCTACATCCTGCGTG-1,1,72,66,19783,11528
ACACATTTCCGTAGAC-1,1,73,67,20035,11672
TGGGTGTTAAGTAGAA-1,1,72,68,19783,11817
GAGCTCAACATGAGCG-1,1,73,69,20036,11962
GCACACAGCTATTACC-1,1,72,70,19784,12107
GCGACGGTAGTCTCCT-1,1,73,71,20036,12251
GTATCAAGGTACTTCC-1,1,72,72,19785,12396
GGAAAGGGAATTGAGC-1,1,73,73,20037,12541
TACACAGCCGTGGTGC-1,1,72,74,19785,12686
CGGTTGGGCAGGGTCC-1,1,73,75,20037,12830
GCACGCCGATTCCCGC-1,1,72,76,19786,12975
CGCTTTCCGCCAAGGT-1,1,73,77,20038,13119
TGCCCGATAGTTAGAA-1,1,72,78,19786,13265
TCAGAACGGCGGTAAT-1,1,73,79,20038,13409
CCACTCAGATCCGCAA-1,1,72,80,19787,13554
GAAGGGTCATTAAGAC-1,1,73,81,20039,13698
GCGGTCTTGCTTTCAC-1,1,72,82,19787,13844
GGAAGGACACCGTATA-1,1,73,83,20039,13988
CGCGGGAATTCCTTTC-1,1,72,84,19788,14133
TCTATCCGATTGCACA-1,1,73,85,20040,14277
TACTCGTTTGAATCAA-1,1,72,86,19788,14422
GTCTGCCGACTCGACG-1,1,73,87,20041,14567
TACGGGTAATAACATA-1,1,72,88,19789,14712
CCAGTTCGGTAACTCA-1,1,73,89,20041,14856
CGTGCACACCACTGTA-1,1,72,90,19790,15001
CTTCAGTTGGACAACG-1,1,73,91,20042,15146
TGATCTATCACACTCT-1,1,72,92,19790,15291
TAGCAGATACTTAGGG-1,1,73,93,20042,15435
CACCGGGCATCACAAG-1,1,72,94,19791,15580
AGTGGCCCGCAAATGG-1,1,73,95,20043,15724
CTCGCTAGGTAAGCGA-1,1,72,96,19791,15870
GATAGATAGTACAGTC-1,1,73,97,20043,16014
CGAGACTACTGCTGCT-1,1,72,98,19792,16159
ACATTTGAAACCTAAC-1,1,73,99,20044,16303
GACACAGCCGGGACTG-1,1,72,100,19792,16449
ACGGAACACGAGTGCC-1,1,73,101,20044,16593
ACGCCAGTGCGTTTGC-1,1,72,102,19793,16738
GCACCTAGGCGAGTCC-1,0,73,103,20045,16882
TCACTATCCCTTCGGT-1,0,72,104,19793,17027
TGAGTGTAACAACGGG-1,0,73,105,20045,17172
ATTGGTTGTGCATTAC-1,0,72,106,19794,17317
CTGGCGATTTACATGT-1,0,73,107,20046,17461
TCCACCAAGACATAGG-1,0,72,108,19794,17606
AACGTCGCTGCACTTC-1,0,73,109,20047,17751
GTCTCCCGAGTCCCGT-1,0,72,110,19795,17896
AGCCCGCACTACAATG-1,0,73,111,20047,18040
GGCACGCTGCTACAGT-1,0,72,112,19796,18185
GCTTGAGTGACCTCTG-1,0,73,113,20048,18329
ATAGCCATAACAGTCA-1,0,72,114,19796,18475
TAGGAGGCTCGAGAAC-1,0,73,115,20048,18619
GTCGGGTGAAGTACCG-1,0,72,116,19797,18764
CACCCGCGTTTGACAC-1,0,73,117,20049,18908
TCTCAGGCTACTCGCT-1,0,72,118,19797,19053
TAGATTCTCTAGCAAA-1,0,73,119,20049,19198
CCCATTATTGTATCCT-1,0,72,120,19798,19343
GTTAATAGCGTCATTA-1,0,73,121,20050,19487
TACTCATTGACGCATC-1,0,72,122,19798,19632
TAGTGACAAGCTCTAC-1,0,73,123,20050,19777
ATCGCCGTGGTTCATG-1,0,72,124,19799,19922
CTGCTCTCAACACACC-1,0,73,125,20051,20066
GCATGACACAAAGGAA-1,0,72,126,19799,20211
CAACGATCGATCCAAT-1,0,73,127,20052,20356
ATACAGCGTCCACTGA-1,0,74,0,20268,1975
TCACGATTAATACGTT-1,0,75,1,20520,2120
CGTGAACTGACCCGAT-1,0,74,2,20269,2265
TCGATGTTACGGCCGT-1,0,75,3,20521,2409
GACCGGTGATACTCTC-1,0,74,4,20269,2554
TCTGTTTAGATTGTTC-1,0,75,5,20522,2699
GCTACTCGGACGCAGA-1,0,74,6,20270,2844
AAGAAAGTTTGATGGG-1,0,75,7,20522,2988
CGCCAGTAGTACCTTG-1,0,74,8,20271,3133
CTCCCTTGTATCAAGG-1,0,75,9,20523,3277
ACTTTATACACCACTT-1,0,74,10,20271,3423
AGATCTGGAGAGGATA-1,0,75,11,20523,3567
TCATCCATCTGATCAC-1,0,74,12,20272,3712
AGAACACGGCGATGGT-1,0,75,13,20524,3856
CCGCTCCGGATAAGCT-1,0,74,14,20272,4002
TGGTCGGGTACAGGGC-1,0,75,15,20524,4146
ACGGACGCAGCGACAA-1,0,74,16,20273,4291
ACATGCTTACGGCAGC-1,0,75,17,20525,4435
CAGGGAGATAGGCCAG-1,0,74,18,20273,4580
TCGCCACCCGGATTAC-1,0,75,19,20525,4725
TCTTGGTCAATGATAC-1,0,74,20,20274,4870
CATAGGGACACTTGTG-1,0,75,21,20526,5014
CACGAGCAAACCAGAC-1,0,74,22,20274,5159
GGGATATTGATCGCCA-1,0,75,23,20527,5304
TAATGTCGGTTCATGG-1,0,74,24,20275,5449
CGATTTGTCATTAATG-1,0,75,25,20527,5593
TTAAGATACCCAGAGA-1,0,74,26,20276,5738
CGACCGTTGGTATTCG-1,0,75,27,20528,5882
ACTACCATCCGAGGGC-1,0,74,28,20276,6028
TCTACGCACGATCTCC-1,1,75,29,20528,6172
AAGCCACTTGCAGGTA-1,1,74,30,20277,6317
ACGTTGTCGTTGAAAG-1,1,75,31,20529,6461
ACCGCTAGTCATTGGT-1,1,74,32,20277,6607
CATGAGTCCATCACGG-1,1,75,33,20529,6751
ATGTCTTGTTTGACTC-1,1,74,34,20278,6896
TCCCAAACATCCTCTA-1,1,75,35,20530,7040
CAACGCGATGAGCCAA-1,1,74,36,20278,7185
GACACCCAAAGACGCG-1,1,75,37,20530,7330
ACGTTCACTATGCCGC-1,1,74,38,20279,7475
ATGGACTGCTTAGTTG-1,1,75,39,20531,7619
CCATGGCAAACGCTCA-1,1,74,40,20279,7764
TTGTCTCGGCAAGATG-1,1,75,41,20531,7909
TTCGAACGAAACATGC-1,1,74,42,20280,8054
GGAAAGTCTTGATTGT-1,1,75,43,20532,8198
ATCATAGATCGACGAG-1,1,74,44,20281,8343
GATTAGAAACAAGCGT-1,1,75,45,20533,8487
GCTGCGAAGAATTATT-1,1,74,46,20281,8633
TTCCAGTGGGTTTCGT-1,1,75,47,20533,8777
GCTCATTGATCATATC-1,1,74,48,20282,8922
ATACGAGGTTTGTAAG-1,1,75,49,20534,9066
GTCTATACACGCATGG-1,1,74,50,20282,9212
GATTTGCGCTAACACC-1,1,75,51,20534,9356
TGGTGCCCTGCCTTAC-1,1,74,52,20283,9501
TCGAATCGCAGGGTAG-1,1,75,53,20535,9645
GGTAGGCCAATATCAC-1,1,74,54,20283,9790
CGTAAATAACAAAGGG-1,1,75,55,20535,9935
GACTCTAGAGTTCCAA-1,1,74,56,20284,10080
ACTTGTTACCGGATCA-1,1,75,57,20536,10224
GGCATTGAACATCTCA-1,1,74,58,20284,10369
AACCCGCTGTATTCCA-1,1,75,59,20536,10514
TAACAGGTTCCCTTAG-1,1,74,60,20285,10659
GTTCTTGTAACTCAAT-1,1,75,61,20537,10803
GATTCTGTTAATGAGT-1,1,74,62,20285,10948
GGACACCTCGGTGTTG-1,1,75,63,20538,11092
CGATCGAGAAGCACCA-1,1,74,64,20286,11238
CTGCTCTGACGGCAAA-1,1,75,65,20538,11382
CCCAGGAAGAATTCGA-1,1,74,66,20287,11527
TGTCGTGGGTATAGGC-1,1,75,67,20539,11671
ATATGTCTAGAGCGTG-1,1,74,68,20287,11816
GCGGGCAGACGGGTGA-1,1,75,69,20539,11961
CGAAGATCAGTTTCAT-1,1,74,70,20288,12106
ACGCCACTCGAAACAG-1,1,75,71,20540,12250
CTTAGATGTTTCATCC-1,1,74,72,20288,12395
GCGAATGGACTAGCGA-1,1,75,73,20540,12540
TAAATTGTGGGTAAAG-1,1,74,74,20289,12685
ATTTATACTGGTAAAG-1,1,75,75,20541,12829
GCGTCGTAACATGGTC-1,1,74,76,20289,12974
CGGTATGGGCACTCTG-1,1,75,77,20541,13118
CTATCACAACGCTGGA-1,1,74,78,20290,13264
ACCACACGGTTGATGG-1,1,75,79,20542,13408
TCAGCGCACGCCGTTT-1,1,74,80,20290,13553
AATGTTAAGACCCTGA-1,0,75,81,20543,13697
CTTACATAGATTTCTT-1,1,74,82,20291,13843
AACATAGCGTGTATCG-1,0,75,83,20543,13987
AGCAGTCGAAGCATGC-1,1,74,84,20292,14132
GTACTACGGCCTCGTT-1,0,75,85,20544,14276
TTGGCCAAATTGTATC-1,1,74,86,20292,14421
TCAGAGGACGCGTTAG-1,0,75,87,20544,14566
AGTAATCTAAGGGTGG-1,1,74,88,20293,14711
AATTATACCCAGCAAG-1,0,75,89,20545,14855
CCCTACCCACACCCAG-1,1,74,90,20293,15000
CTCTGTCCATGCACCA-1,0,75,91,20545,15145
TCGCCTCCTTCGGCTC-1,1,74,92,20294,15290
CCTGATTCGCGAAGAA-1,0,75,93,20546,15434
GACTTCAACGCATCAA-1,1,74,94,20294,15579
GCTTCCCGTAAGCTCC-1,0,75,95,20546,15723
AGAACTGTACTTTGTA-1,1,74,96,20295,15869
CCTTAAGTACGCAATT-1,0,75,97,20547,16013
GGCCAATTGTATAGAC-1,1,74,98,20295,16158
AGAATACAGGCTATCC-1,0,75,99,20547,16302
AATACCTGATGTGAAC-1,0,74,100,20296,16448
TAGAGTGTTCCGGGTA-1,0,75,101,20548,16592
GCTTCCATGTAACCGC-1,0,74,102,20296,16737
GGTTCGCATTTGCCGT-1,0,75,103,20549,16881
TCAATCCGGGAAGTTT-1,0,74,104,20297,17026
CCGGAAGTGCAATATG-1,0,75,105,20549,17171
CTCATAAATGTGTATA-1,0,74,106,20298,17316
GACGGGCATCGAATTT-1,0,75,107,20550,17460
GCTAAGCCCAGTATGC-1,0,74,108,20298,17605
GCTATAAGGGCCAGGA-1,0,75,109,20550,17750
GCGGATTACTTGTTCT-1,0,74,110,20299,17895
TACAACAGCGCATACA-1,0,75,111,20551,18039
TCTAACCTAGCCTGCG-1,0,74,112,20299,18184
TCTACCCGCATCATTT-1,0,75,113,20551,18328
GTCTTACCACGCCAAG-1,0,74,114,20300,18474
AATAACGTCGCGCCCA-1,0,75,115,20552,18618
CGTTTCGGTTATATGC-1,0,74,116,20300,18763
TACGCTGCACGGTCGT-1,0,75,117,20552,18907
CGTTAAATACGACCAG-1,0,74,118,20301,19053
TCGACTGACGATGGCT-1,0,75,119,20553,19197
ACGCTACTGAATGGGC-1,0,74,120,20301,19342
AAGGGTTAGCCATGCG-1,0,75,121,20554,19486
ACGTTTCGGTGCACTT-1,0,74,122,20302,19631
TTAACCCGAGGCGTGT-1,0,75,123,20554,19776
GCCCGTCAAGCCCAAT-1,0,74,124,20303,19921
ATTCGTCCCGAGGTTA-1,0,75,125,20555,20065
TCAAATTATGTTCGAC-1,0,74,126,20303,20210
AACGTTCTACCATTGT-1,0,75,127,20555,20355
CTGTCCTGCGCACTAC-1,0,76,0,20772,1974
GCCCAGCGACACAAAG-1,0,77,1,21024,2119
TATAGCTATTATCTCT-1,0,76,2,20773,2264
AAGCTATGGATTGACC-1,0,77,3,21025,2408
CCGAAACACGACCTCT-1,0,76,4,20773,2553
ATCAGAAGCTGGTTGC-1,0,77,5,21025,2698
TGAACCTGAATGTGAG-1,0,76,6,20774,2843
TCAGAGCATGTCAACG-1,0,77,7,21026,2987
ATACCCTCCCGGCCAA-1,0,76,8,20774,3132
GCCACCTTATTCGCGA-1,0,77,9,21026,3276
CAACGAGCTTATTATG-1,0,76,10,20775,3422
GATCCAACCTTTAAAC-1,0,77,11,21027,3566
TTGTGGAGACAGCCGG-1,0,76,12,20775,3711
AGATAATCACACCTAT-1,0,77,13,21027,3855
GGTTAGGGATGCTAAT-1,0,76,14,20776,4001
TCATGAAGCGCTGCAT-1,0,77,15,21028,4145
CCAGGCGAGATGGTCT-1,0,76,16,20776,4290
CGACTTGCCGGGAAAT-1,0,77,17,21029,4434
GTGCCAAACGTTTCGA-1,0,76,18,20777,4579
TGCTCAAAGGATGCAC-1,0,77,19,21029,4724
GCCTCAGGTACCGGTC-1,0,76,20,20778,4869
ACAAGTAATTGTAAGG-1,0,77,21,21030,5013
TTAGAGTATTGTCGAG-1,0,76,22,20778,5158
GTCATCCCAAACTCAC-1,0,77,23,21030,5303
CTCCTAGTAATCGTGA-1,0,76,24,20779,5448
CCCTCATCACAGAGTA-1,0,77,25,21031,5592
GGAAACAGAGCTTGGG-1,0,76,26,20779,5737
ACATCGCAATATTCGG-1,0,77,27,21031,5881
TTAGCCATAGGGCTCG-1,1,76,28,20780,6027
CGGATTCTGCCTTATG-1,0,77,29,21032,6171
TTGTTGGCAATGACTG-1,1,76,30,20780,6316
GGATCTACCGTTCGTC-1,1,77,31,21032,6460
GGTGGGATTAGGTCCC-1,1,76,32,20781,6606
AATAGGCACGACCCTT-1,1,77,33,21033,6750
GAGGTCCGTTCGCTGT-1,1,76,34,20781,6895
TGACAACTTAAAGGTG-1,1,77,35,21033,7039
AGCTAAGCTCCGTCCG-1,1,76,36,20782,7184
CTAGCCCGGGAGACGA-1,1,77,37,21034,7329
CCCAGATTCCCGTGAC-1,1,76,38,20782,7474
GCCCGTTCACACAATT-1,1,77,39,21035,7618
ACAAACTCCATCAGAG-1,1,76,40,20783,7763
GGTTCCGTACGACTAA-1,1,77,41,21035,7908
TTGCGGAAAGCTGCCC-1,1,76,42,20784,8053
GGAACTCGTGAATACG-1,0,77,43,21036,8197
GGTTACCGCTCCCTAC-1,1,76,44,20784,8342
AGCGACTTTGAAGACA-1,0,77,45,21036,8486
CCGTTTCCTTTCCGTG-1,1,76,46,20785,8632
TGGATGGCATCTTGGA-1,0,77,47,21037,8776
CAAGTCGTTGAAATCT-1,1,76,48,20785,8921
TGCAAACGTACTAGTT-1,0,77,49,21037,9065
GGCTGTCCTACTGCGG-1,1,76,50,20786,9211
TACTGCATGATTAAAT-1,0,77,51,21038,9355
CGGACCTCTGTAGTTA-1,1,76,52,20786,9500
CCCTAGCTCTAAGGTC-1,0,77,53,21038,9644
GTAACAGGTTAACGGC-1,1,76,54,20787,9789
CCCGCAAATAATCATC-1,0,77,55,21039,9934
AATCCCGCTCAGAGCC-1,1,76,56,20787,10079
AACGTCATCCGGCTTG-1,0,77,57,21040,10223
CTCGTGGCACTGAAAG-1,0,76,58,20788,10368
CTTTATCCGACGCATG-1,0,77,59,21040,10513
AAATGACTGATCAAAC-1,0,76,60,20789,10658
TTCGTGCATGTTATAG-1,0,77,61,21041,10802
ATCAAAGAGCCGTGGT-1,0,76,62,20789,10947
ATGTCATAATAAACGA-1,0,77,63,21041,11091
CTTAATCGACTTAGTA-1,0,76,64,20790,11237
CTAAAGGATGAGATAC-1,0,77,65,21042,11381
GTGCTATCCAGCTGGA-1,0,76,66,20790,11526
GACAGAGGTCTTCAGT-1,0,77,67,21042,11670
TCGATTTACGAAACGA-1,0,76,68,20791,11816
AGGCTTAAGTTGCACA-1,0,77,69,21043,11960
TAGGATCTTAACCGCA-1,0,76,70,20791,12105
GACTTTCGAGCGGTTC-1,0,77,71,21043,12249
CCCTGGGAGGGATCCT-1,0,76,72,20792,12394
TAGTAGTTGCCGGACA-1,0,77,73,21044,12539
GCCCTAAGTGCAGGAT-1,0,76,74,20792,12684
ACTTGGGCTTTCGCCA-1,0,77,75,21044,12828
CATGATACGGTGAAAC-1,0,76,76,20793,12973
TCCTGCAGCCGCCAAT-1,0,77,77,21045,13118
GTCCGTTAGAGGGCCT-1,0,76,78,20793,13263
GCTTTATTAAGTTACC-1,0,77,79,21046,13407
AATCGAGGTCTCAAGG-1,0,76,80,20794,13552
GTGCTGTTAGAACATA-1,0,77,81,21046,13696
GGCTTCTCGTGGGTGG-1,0,76,82,20795,13842
CCTACAGTTGAGGGAG-1,0,77,83,21047,13986
TATCCCTCGATCTGCA-1,0,76,84,20795,14131
CCGGTATCTGGCGACT-1,0,77,85,21047,14275
CTCTAACACCGGCAGC-1,0,76,86,20796,14421
CTTCATCACCAGGGCT-1,0,77,87,21048,14565
GGCTGGCAATCCCACG-1,0,76,88,20796,14710
CAAACCATAAGCGTAT-1,0,77,89,21048,14854
CATGTGGGCTCATCAC-1,0,76,90,20797,14999
CCCGTGACAGTGCCTT-1,0,77,91,21049,15144
GATTATCTTGCATTAT-1,0,76,92,20797,15289
GAGTCCACCAGGTTTA-1,0,77,93,21049,15433
TGTACTATCGCTCGTT-1,0,76,94,20798,15578
TTAGCGAATAGATAGG-1,0,77,95,21050,15723
ACATACAATCAAGCGG-1,0,76,96,20798,15868
ATTCGTGTACCCATTC-1,0,77,97,21051,16012
GCTAGCAACGCACCTA-1,0,76,98,20799,16157
ACCTCAGCGAGGCGCA-1,0,77,99,21051,16301
TCCGGGCCACTAACGG-1,0,76,100,20800,16447
TCCCAATATCGACGAC-1,0,77,101,21052,16591
GGATTGAAGTAGCCTC-1,0,76,102,20800,16736
GGCGCACAGTTTACCT-1,0,77,103,21052,16880
CCCGGCACGTGTCAGG-1,0,76,104,20801,17025
AGTAAGGGACAGAATC-1,0,77,105,21053,17170
TTGCGCACAACCACGT-1,0,76,106,20801,17315
CCTGCTACAACCATAC-1,0,77,107,21053,17459
CTGGGCTACTGGAGAG-1,0,76,108,20802,17604
AGCTACGAATGGTGGT-1,0,77,109,21054,17749
ATTCGTTTATCGTATT-1,0,76,110,20802,17894
GGCATTCCCTCCCTCG-1,0,77,111,21054,18038
AGTTATTCAGACTGTG-1,0,76,112,20803,18183
CCACTTTCCTTCTAGG-1,0,77,113,21055,18327
CGCAGTTCTATCTTTC-1,0,76,114,20803,18473
AGGAGCGTTTATTATC-1,0,77,115,21055,18617
GACAGGTAATCCGTGT-1,0,76,116,20804,18762
TTCCCAAAGTACTGAT-1,0,77,117,21056,18906
CTGCAGGGTGACGCTC-1,0,76,118,20805,19052
TCATGGAGGCCTTTGT-1,0,77,119,21057,19196
ATGGCCCGAAAGGTTA-1,0,76,120,20805,19341
CGTAATATGGCCCTTG-1,0,77,121,21057,19485
AGAGTCTTAATGAAAG-1,0,76,122,20806,19630
GAACGTTTGTATCCAC-1,0,77,123,21058,19775
ATTGAATTCCCTGTAG-1,0,76,124,20806,19920
TACCTCACCAATTGTA-1,0,77,125,21058,20064
AGTCGAATTAGCGTAA-1,0,76,126,20807,20209
TTGAAGTGCATCTACA-1,0,77,127,21059,20354
