ACGCCTGACACGCGCT-1,0,0,0,16852,1711
TACCGATCCAACACTT-1,0,1,1,16739,1907
ATTAAAGCGGACGAGC-1,0,0,2,16626,1710
GATAAGGGACGATTAG-1,0,1,3,16512,1907
GTGCAAATCACCAATA-1,0,0,4,16399,1709
TGTTGGCTGGCGGAAG-1,0,1,5,16286,1906
GCATCCTCTCCTATTA-1,0,0,6,16173,1709
GCGAGGGACTGCTAGA-1,0,1,7,16059,1906
TGGTACCGGCACAGCC-1,0,0,8,15946,1708
GCGCGTTTAAATCGTA-1,0,1,9,15833,1905
TGCCTTGCCCTTACGG-1,0,0,10,15720,1708
GACGACTTTCCAAGAA-1,0,1,11,15606,1904
CCAGTGAGCTCCTTGT-1,0,0,12,15494,1707
ATACCCTGGCTCAAAT-1,0,1,13,15380,1904
GGGTTTCCGGCTTCCA-1,0,0,14,15267,1706
TAACCGTCCAGTTCAT-1,0,1,15,15153,1903
AAACAACGAATAGTTC-1,0,0,16,15041,1706
CAAGGGAGTGTATTTG-1,0,1,17,14927,1902
CCAAGCTTGATCTCCT-1,0,0,18,14814,1705
TTATTTCATCCCAAAC-1,0,1,19,14700,1902
GAGCGCTATGTCAGGC-1,0,0,20,14588,1704
TATGGCAGACTTTCGA-1,0,1,21,14474,1901
CTTCGTGCCCGCATCG-1,0,0,22,14361,1704
AAACGGGTTGGTATCC-1,0,1,23,14247,1900
TGCAAACCCACATCAA-1,0,0,24,14135,1703
GACGGGATGTCTTATG-1,0,1,25,14021,1900
GGCGAGCATCGAGGAC-1,0,0,26,13908,1702
CGCGTGCTATCAACGA-1,0,1,27,13794,1899
TGAAACCTCAACTCAC-1,0,0,28,13682,1702
CACATAAGGCGACCGT-1,0,1,29,13568,1898
TGACCCAACTCACATT-1,0,0,30,13455,1701
ATACGCCGATCTACCG-1,0,1,31,13341,1898
ACTTATCTGATCTATA-1,0,0,32,13229,1700
GTGTGAGCCGAGGTGC-1,0,1,33,13115,1897
GATGATTTGAAACTGG-1,0,0,34,13002,1700
GGGAACCACCTGTTTC-1,0,1,35,12889,1897
GTTCGTTGCGGACCAG-1,0,0,36,12776,1699
TGAGGTTGATCCCAAG-1,0,1,37,12662,1896
GATGCCACACTACAGC-1,0,0,38,12549,1699
AGGCAAAGAGGAATCA-1,0,1,39,12436,1895
AAGTAAGCTTCCAAAC-1,0,0,40,12323,1698
AACGTAGTCTACCCAT-1,0,1,41,12209,1895
GTTTGAGCGGTTATGT-1,0,0,42,12096,1697
GAAGCAAGGCAATGTT-1,0,1,43,11983,1894
TCACTCAGCGCATTAG-1,0,0,44,11870,1697
TACAATGAAACCAGCA-1,0,1,45,11756,1893
GTGCGCTTACAAATGA-1,0,0,46,11644,1696
GCACTCCCACAGTCCC-1,1,1,47,11530,1893
CGAAGACTGCCCGGGA-1,0,0,48,11417,1695
CAGGATCCGCCCGACC-1,1,1,49,11303,1892
CACGATTGGTCGTTAA-1,1,0,50,11191,1695
GGTTGTATCGTGAAAT-1,1,1,51,11077,1891
TCTTATGGGTAGTACC-1,1,0,52,10964,1694
TACAAGCTGTTCACTG-1,0,1,53,10850,1891
GTATCTTGTTGCTCAC-1,0,0,54,10738,1693
ATACCAGGTGAGCGAT-1,0,1,55,10624,1890
CCTAAACAGGGTCCGT-1,0,0,56,10511,1693
ATGGTGCTCAAAGCCA-1,0,1,57,10397,1889
CAAATGCGGAGTGTTC-1,0,0,58,10285,1692
CGTGCCCGACATTTGT-1,0,1,59,10171,1889
GTATCTCCCTAACTGT-1,0,0,60,10058,1691
ATTTGCCTAGTTACGA-1,0,1,61,9944,1888
ACGTCCTAAACGAGAT-1,0,0,62,9832,1691
CTGGGATCGCCCAGAT-1,0,1,63,9718,1888
CTGCAAATGGGCTCCA-1,0,0,64,9605,1690
CATTATAACAGGGTCC-1,0,1,65,9491,1887
ACCTTTCCTTTAGAAG-1,0,0,66,9379,1690
ATAGATTTGCAGTCGG-1,0,1,67,9265,1886
CTCGGGCATCGTCGGG-1,0,0,68,9152,1689
GTGGCGGGCCGTAGCT-1,0,1,69,9039,1886
CAACAGTGCCAAACGG-1,0,0,70,8926,1688
TGCGGGTATTGGGATC-1,0,1,71,8812,1885
GTCTCGCCAACACGCC-1,0,0,72,8699,1688
CTGGGCGGCCAAATGT-1,0,1,73,8586,1884
TAAAGGAGAAACTAGT-1,0,0,74,8473,1687
TCCCACGGAGGGAGCT-1,0,1,75,8359,1884
AGCTTCAATACTTTGA-1,0,0,76,8246,1686
TTCCACATTTCTCGTC-1,0,1,77,8133,1883
ACAAACCGACAAGGCG-1,0,0,78,8020,1686
AGACGGGATTGGTATA-1,0,1,79,7906,1882
AACCTAAAGCCGTCCG-1,0,0,80,7793,1685
TACAAATTGCGGAGGT-1,0,1,81,7680,1882
CCCGCTAGAGGGTTAA-1,0,0,82,7567,1684
CATTGCAAAGCATAAT-1,0,1,83,7453,1881
TGTACGCTATCAGCTT-1,0,0,84,7341,1684
TTCTTCGCAATAGAGC-1,0,1,85,7227,1880
TGTGATTCCAGCGCTT-1,0,0,86,7114,1683
ATTCAGGATCGCCTCT-1,0,1,87,7000,1880
GCCCATGGGTGCAATG-1,0,0,88,6888,1682
TTCCCGACGCTTCACT-1,0,1,89,6774,1879
AGCGGTTGAGATGTAC-1,0,0,90,6661,1682
GCTGTCTGTGATCGAC-1,0,1,91,6547,1879
AAAGACATGAAGTTTA-1,0,0,92,6435,1681
CAACAGAATAACGCTA-1,0,1,93,6321,1878
TGCGGTCTACGAGTAA-1,0,0,94,6208,1681
AAGACTCACGCCCACT-1,0,1,95,6094,1877
CTTTGAAACATATTCC-1,0,0,96,5982,1680
CTGGGCACTAGTCGGA-1,0,1,97,5868,1877
CGCCCTTACATCCACC-1,0,0,98,5755,1679
CACGACCACAGACTTT-1,0,1,99,5641,1876
CAATCCATTATCCGTT-1,0,0,100,5529,1679
GTGGCGTGCACCAGAG-1,0,1,101,5415,1875
CGGAGTCCTAACCTGG-1,0,0,102,5302,1678
GGTCCCATAACATAGA-1,0,1,103,5189,1875
ATCTCATAAACCTACC-1,0,0,104,5076,1677
TGCATGGCAGTCTTGC-1,0,1,105,4962,1874
TTGCAGGTCATGAAGT-1,0,0,106,4849,1677
AGCTGCATTTGAGGTG-1,0,1,107,4736,1873
TAATCAGGAATGCTGC-1,0,0,108,4623,1676
CCATCATAAGAACAGG-1,0,1,109,4509,1873
TCGTATCACCAAGCTA-1,0,0,110,4396,1675
ATTCAGATGAATCCCT-1,0,1,111,4283,1872
AAAGGTCAACGACATG-1,0,0,112,4170,1675
AGCTGCTGTGCCGAAT-1,0,1,113,4056,1871
CTAGCGCCAATCCTAC-1,0,0,114,3943,1674
GCTCGACCGAACTGAA-1,0,1,115,3830,1871
ACAGTGCAGCGCATTT-1,0,0,116,3717,1674
CGGCTGAAGGTTACGC-1,0,1,117,3603,1870
CACCTCTACGAGTGTG-1,0,0,118,3491,1673
ATACGACAGATGGGTA-1,0,1,119,3377,1870
ACTTCCTGTCGTGCGA-1,0,0,120,3264,1672
CGTAACGGAACGATCA-1,0,1,121,3150,1869
AAATCACTCCTAAACG-1,0,0,122,3038,1672
CTCCGAGTAAATCCGC-1,0,1,123,2924,1868
ACGCTAGTATCAGTGC-1,0,0,124,2811,1671
AGAGTGAACAGACACC-1,0,1,125,2697,1868
ACACCCGTAAATCTGT-1,0,0,126,2585,1670
GCTTTGCTGCCGGGTA-1,0,1,127,2471,1867
ACAGGAGGCGCAGCCG-1,0,2,0,16851,2105
AGGCAATACGGAGGAC-1,0,3,1,16737,2301
TGGTGTGACAGACGAT-1,0,2,2,16625,2104
ATCTATCGATGATCAA-1,0,3,3,16511,2301
CGGTAACAAGATACAT-1,0,2,4,16398,2104
TCGCCGGAGAGTCTTA-1,0,3,5,16284,2300
GGAGGAGTGTGTTTAT-1,0,2,6,16172,2103
TTAGGTGTGACTGGTC-1,0,3,7,16058,2300
CAGGGCTAACGAAACC-1,0,2,8,15945,2102
CCCGTGGGTTAATTGA-1,0,3,9,15832,2299
GACCGACCGCTAATAT-1,0,2,10,15719,2102
GGTATCAAGCATAGAA-1,0,3,11,15605,2298
TGCATGAGTAGATTCG-1,0,2,12,15492,2101
AATTCCAACTTGGTGA-1,0,3,13,15379,2298
TGCCGATGTCATCAAT-1,0,2,14,15266,2100
GCTGGGTCCGCTGTTA-1,0,3,15,15152,2297
TGAACACCCGAAGCAG-1,0,2,16,15039,2100
AACATTGGTCAGCCGT-1,0,3,17,14926,2296
GTGGGTCTTCTTTGCG-1,0,2,18,14813,2099
CATCGAATGGATCTCT-1,0,3,19,14699,2296
GCTACACTGTCCGAAC-1,0,2,20,14587,2098
CGGGTTGTAGCTTTGG-1,0,3,21,14473,2295
CCTAAGTGTCTAACCG-1,0,2,22,14360,2098
TCTGTGACTGACCGTT-1,0,3,23,14246,2294
TTATCATACTCGCAAA-1,0,2,24,14134,2097
AGCGTAGCGCTAGACC-1,0,3,25,14020,2294
TCCCTCCGAAATCGTT-1,0,2,26,13907,2096
AGGTCGCCACTTCGGT-1,0,3,27,13793,2293
CTAGCAACTAATTTAC-1,0,2,28,13681,2096
TTGCTAGCTACCAATC-1,0,3,29,13567,2293
GCCGGTTTGGGCGGAT-1,0,2,30,13454,2095
TGTAACTTGTCAACCT-1,0,3,31,13340,2292
CGAGATGTTGCCTATA-1,0,2,32,13228,2095
GTTACGAAATCCACGC-1,0,3,33,13114,2291
CTTGTCGTACGTGTCA-1,0,2,34,13001,2094
GCGTCCAGCTCGTGGC-1,0,3,35,12887,2291
CCCTTCTCGTACGCGA-1,0,2,36,12775,2093
CCAAAGTCCCGCTAAC-1,0,3,37,12661,2290
CCGCTTCGCGGTTAAC-1,0,2,38,12548,2093
GTTACGGCCCGACTGC-1,1,3,39,12434,2289
CCCGCTTGCCCTCGTC-1,0,2,40,12322,2092
TAGTGAGAAGTGGTTG-1,1,3,41,12208,2289
CGCTACCGCCCTATGA-1,1,2,42,12095,2091
AAACAATCTACTAGCA-1,1,3,43,11982,2288
GCGCGATGGGTCAAGT-1,1,2,44,11869,2091
ATAAACCATTGGACGG-1,1,3,45,11755,2287
TCGGGCACTTCTGGAT-1,1,2,46,11642,2090
TCTGTGGCTACATTTC-1,1,3,47,11529,2287
CTCTGTGCCTGCTATG-1,1,2,48,11416,2089
CACGACTAAAGTTCTG-1,1,3,49,11302,2286
GAGGAGTAATTCCTAC-1,1,2,50,11189,2089
AGAGGTATCTCGGTCC-1,0,3,51,11076,2285
GGCGTACCCTATATAA-1,0,2,52,10963,2088
GCCGGAAACACATCTT-1,0,3,53,10849,2285
AAATGTGGGTGCTCCT-1,0,2,54,10737,2087
ACCAGGAGTGTGATCT-1,0,3,55,10623,2284
TGTGGAGGAAGCTTAA-1,0,2,56,10510,2087
AAGGAGAACTTATAAG-1,0,3,57,10396,2284
CCCTCGGGAGCCTTGT-1,0,2,58,10284,2086
ACTGTTTAGTGTAGGC-1,0,3,59,10170,2283
CGTCAGTTTATCGTCT-1,0,2,60,10057,2086
GCGTGTATGTCGTATT-1,0,3,61,9943,2282
ACAATCGATCTTTATA-1,0,2,62,9831,2085
CAGCCCTCACAGGCAG-1,0,3,63,9717,2282
CGCGTCATATTAAACC-1,0,2,64,9604,2084
GAAGACTTCAATGCCG-1,0,3,65,9490,2281
TTGCGGCGACTCATGC-1,0,2,66,9378,2084
ACCAAACTAGAAATCC-1,0,3,67,9264,2280
TTACTGTTTCTCTACG-1,0,2,68,9151,2083
GACCAGGTCATTCATA-1,0,3,69,9037,2280
TTCTTCCCTTTGATAT-1,0,2,70,8925,2082
ACGCCCAGCTGTCGAT-1,0,3,71,8811,2279
AGTAGCGTGAACGAAC-1,0,2,72,8698,2082
CCTCGACCCACTGCCT-1,0,3,73,8584,2278
AGTTATTGAAAGGTAA-1,0,2,74,8472,2081
TCAGTTACGGAATGAT-1,0,3,75,8358,2278
GAATCTATACTCGGAC-1,0,2,76,8245,2080
TCGGCTAACTTCCCTT-1,0,3,77,8132,2277
ACGTGGTCGAATGTGC-1,0,2,78,8019,2080
ATATCGTGCCAGACCC-1,0,3,79,7905,2276
GTAGCTAGTAAGCGCG-1,0,2,80,7792,2079
ACGCTTAGTGTCTCTC-1,0,3,81,7679,2276
TCCGGCCTGCATCGAT-1,0,2,82,7566,2078
TAGTGGAACTCATACA-1,0,3,83,7452,2275
ATCATCTGCCCAGTGT-1,0,2,84,7339,2078
GTTATTAAATACGACC-1,0,3,85,7226,2275
GCGCTAAGTATGCATG-1,0,2,86,7113,2077
CCTGACGCAACCTTTA-1,0,3,87,6999,2274
CCCAAGAATGCACGGT-1,0,2,88,6886,2077
AACTGGGTTCGAGCCG-1,0,3,89,6773,2273
GGTTCCACCCGCTTCT-1,0,2,90,6660,2076
CATGCACGTGTTACTG-1,0,3,91,6546,2273
AGCGTTCCGATTTAAA-1,0,2,92,6434,2075
CCTACGCGACCTTACA-1,0,3,93,6320,2272
CGAATTACATGGTGTT-1,0,2,94,6207,2075
GAGGTCTTAGTGGGTC-1,0,3,95,6093,2271
GCCGCTAGATACGCAG-1,0,2,96,5981,2074
GTCACCTGTCTATGTC-1,0,3,97,5867,2271
CCGATTGGTCAATGAA-1,0,2,98,5754,2073
CCTGTGCGGATTGTAA-1,0,3,99,5640,2270
TTACGTAGCGCGTGCT-1,0,2,100,5528,2073
GGAGGCGAAGAACCGC-1,0,3,101,5414,2269
GGGTCACGTGCTTATG-1,0,2,102,5301,2072
GCTCCGGACGTTGATA-1,0,3,103,5187,2269
ATGTTTGTAAGATCAT-1,0,2,104,5075,2071
TGACCCAGCATTCCCG-1,0,3,105,4961,2268
TGGTCGTTTGATAGAT-1,0,2,106,4848,2071
TGTAATGCCTTCGGAC-1,0,3,107,4734,2267
TGCTCACACAACAACC-1,0,2,108,4622,2070
TACGATCCAAGCCACT-1,0,3,109,4508,2267
TTGTAACTTCATAGCG-1,0,2,110,4395,2069
AGATTCAAGCGGGTCG-1,0,3,111,4282,2266
CTCAGCAGACTGCCGA-1,0,2,112,4169,2069
GTAACATCAGCTCATC-1,0,3,113,4055,2266
ATGGAACAGAATAAAC-1,0,2,114,3942,2068
GGGCCTATACAACCGG-1,0,3,115,3829,2265
TCAAACAATTAGGACA-1,0,2,116,3716,2068
AAACCACTACACAGAT-1,0,3,117,3602,2264
AAACGACAGTCTTGCC-1,0,2,118,3489,2067
TTGAGGGTCGAACGCG-1,0,3,119,3376,2264
TGTTGATCACTGTTTA-1,0,2,120,3263,2066
AGGGTGTGCTACACGC-1,0,3,121,3149,2263
GTAGTTAGACAATATA-1,0,2,122,3036,2066
AATGGCCGCCAATGCG-1,0,3,123,2923,2262
TCGGCGGTATTAGATT-1,0,2,124,2810,2065
GGGTCACTGAGTAGTG-1,0,3,125,2696,2262
GAATTATGCAACCTAC-1,0,2,126,2584,2064
GATCTTAGTGAACGTG-1,0,3,127,2470,2261
CTAATGCGCCCAACAA-1,0,4,0,16850,2499
GCCACCCATTCCACTT-1,0,5,1,16736,2696
TACTCACAACGTAGTA-1,0,4,2,16624,2498
GTTCGGTGTGGATTTA-1,0,5,3,16510,2695
TCTTTCGGCGGGACAC-1,0,4,4,16397,2498
GGAGACATTCACGGGC-1,0,5,5,16283,2694
GGGATTATCTCACAAC-1,0,4,6,16171,2497
TAGAACGCCAGTAACG-1,0,5,7,16057,2694
ACGAGTCGCCGGCGTT-1,0,4,8,15944,2496
TGATGGGACTAAGTCA-1,0,5,9,15830,2693
TGCGAGAAACGTTACG-1,0,4,10,15718,2496
TCGCCTCGACCTGTTG-1,0,5,11,15604,2692
AACTCGATAAACACGT-1,0,4,12,15491,2495
AGGAAAGCCTCTGATG-1,0,5,13,15377,2692
GAAGGACTAAATTGAA-1,0,4,14,15265,2494
GTATCGGGACGAGCTG-1,0,5,15,15151,2691
CCTGTGCATAGGAGAC-1,0,4,16,15038,2494
CATACGGGTGCATGAT-1,0,5,17,14925,2690
CCACTAAACTGAATCG-1,0,4,18,14812,2493
AAATTGCGGCGGTTCT-1,0,5,19,14698,2690
AGTCCAGCGGGTACGT-1,0,4,20,14585,2492
CATTCAGGTCAGTGCG-1,0,5,21,14472,2689
CTAAAGTCCGAAGCTA-1,0,4,22,14359,2492
AATCAGACTGCAGGAC-1,0,5,23,14245,2688
AGTATCCATAATAACG-1,0,4,24,14132,2491
CTGGCTGCTAACGTAA-1,0,5,25,14019,2688
GTTCCAAGACAGCGAC-1,0,4,26,13906,2491
AAGACTAACCCGTTGT-1,0,5,27,13792,2687
GATTAATCCTGGCTCA-1,0,4,28,13680,2490
CGCGCAAGGAACTACA-1,0,5,29,13566,2687
CAGTAGCGAGGTAGTA-1,0,4,30,13453,2489
ACGGCGGGTTGCCCTG-1,0,5,31,13339,2686
CTAGGCGGCAGAGAAT-1,0,4,32,13227,2489
GTGCGCAGCTTGCTCC-1,1,5,33,13113,2685
TCACTATCGTGCAATC-1,0,4,34,13000,2488
TATGATTCTGCTTGGT-1,1,5,35,12886,2685
TAAGATTTAGCGGGAG-1,1,4,36,12774,2487
TTACGGTGTCACCGAG-1,1,5,37,12660,2684
CTACACTAGCTTGTTC-1,1,4,38,12547,2487
TGAGCAGTCGTGAAGT-1,1,5,39,12433,2683
CGCTGAGGACGTCCAA-1,1,4,40,12321,2486
GTGTATGACTTTAAAG-1,1,5,41,12207,2683
CTAAACGGGTGTAATC-1,1,4,42,12094,2485
TGTACTGTGCCAAAGT-1,1,5,43,11980,2682
GGCCACAAGCGATGGC-1,1,4,44,11868,2485
GTCAATTGTACTGAAG-1,1,5,45,11754,2681
AGGGACAGCACGGCGG-1,1,4,46,11641,2484
AGCTTATAGAGACCTG-1,1,5,47,11527,2681
AACTAGCGTATCGCAC-1,1,4,48,11415,2483
AACTTTAGCTGCTGAG-1,1,5,49,11301,2680
CCCAAGACAGAGTATG-1,1,4,50,11188,2483
GGCATCAACGAGCACG-1,0,5,51,11075,2680
ATGCATTCCGTGATGG-1,0,4,52,10962,2482
TTATAGATGCACATTA-1,0,5,53,10848,2679
GAACCATCTGGGAGAC-1,0,4,54,10735,2482
TGCTATACAAACGGAC-1,0,5,55,10622,2678
ACTTGCCATATTGTAC-1,0,4,56,10509,2481
TATTCCGGCAGTCCTA-1,0,5,57,10395,2678
GACGGACCGCGTTCCT-1,0,4,58,10282,2480
ATGTGTAGTTTAGTCA-1,0,5,59,10169,2677
ATACCAGCAAATTGCT-1,0,4,60,10056,2480
AAGTTTACTAATGGCA-1,0,5,61,9942,2676
CTCTCGATGTGCGCCT-1,0,4,62,9829,2479
GATTGACACTCTGCTC-1,0,5,63,9716,2676
TATCACAGCACGGGCA-1,0,4,64,9603,2478
ACCGTTCCCGCTCTGA-1,0,5,65,9489,2675
CCGCCACCACAATCCA-1,0,4,66,9377,2478
CATTCACTGACAGCTA-1,0,5,67,9263,2674
CGGCTGCAAGATTAAG-1,0,4,68,9150,2477
CATGAACCTCTTATCA-1,0,5,69,9036,2674
TTAATGCGAGGTAACT-1,0,4,70,8924,2476
AATAAGTCCTCGAGAC-1,0,5,71,8810,2673
ACCAGCCCGGTCTTTG-1,0,4,72,8697,2476
CTACGAACTAGGTCGA-1,0,5,73,8583,2672
ACATCTCAACGCGTAA-1,0,4,74,8471,2475
CACTACTCAGTTCTGT-1,0,5,75,8357,2672
CCGACTCGCATAGTCT-1,0,4,76,8244,2474
CATTTATCGTTCAAGA-1,0,5,77,8130,2671
CAAACGTGGTCTTGCG-1,0,4,78,8018,2474
TAGAAACCACTAAGTA-1,0,5,79,7904,2671
ACTGATTTAGTGATTC-1,0,4,80,7791,2473
TCGTATTTCGTCCGGA-1,0,5,81,7677,2670
CGGAAATTTCACATCC-1,0,4,82,7565,2473
ATCCACGCTAAATGTT-1,0,5,83,7451,2669
GTTCAATCTATGTCAA-1,0,4,84,7338,2472
ATAAAGGTCAAGTACG-1,0,5,85,7225,2669
CAACTCCAACGTTTAG-1,0,4,86,7112,2471
TAGGAACAGCCTCCAG-1,0,5,87,6998,2668
ATGGGAACGGAAGCGG-1,0,4,88,6885,2471
CACACGTTTCAATGGG-1,0,5,89,6772,2667
GGTGTTCTGTTTCTAC-1,0,4,90,6659,2470
AGTAACGTTCATCCTG-1,0,5,91,6545,2667
GTATAGTGGCCCATGT-1,0,4,92,6432,2469
TCTACACGTTCATGCA-1,0,5,93,6319,2666
AATCTGGGTAGACCCT-1,0,4,94,6206,2469
TCGGTTAGCCATGTAG-1,0,5,95,6092,2665
TGCCATGGCTTATAAG-1,0,4,96,5979,2468
TAAGTAAATGTGCCGC-1,0,5,97,5866,2665
GTGTCCGATAAGGCAT-1,0,4,98,5753,2467
TGGCACGAGCTCGAGT-1,0,5,99,5639,2664
ACCGGTCTGAGTACGG-1,0,4,100,5527,2467
GAACTTAGCGCCCGGT-1,0,5,101,5413,2663
AGTAGCTAGACGCCGA-1,0,4,102,5300,2466
ATAGGAATCTAAGCTT-1,0,5,103,5186,2663
CTTCCTGCATATTTAC-1,0,4,104,5074,2465
CAATATGTAGATTTAC-1,0,5,105,4960,2662
ACAAGGCCTACCAGCC-1,0,4,106,4847,2465
TTATAGTCCAAGGTGC-1,0,5,107,4733,2662
AAACGCCCGAGATCGG-1,0,4,108,4621,2464
CCTCGTTACGCCTGTT-1,0,5,109,4507,2661
GAACGGTGTAAAGCAG-1,0,4,110,4394,2464
ACGCATAAATGACATG-1,0,5,111,4280,2660
GGTTCGATGCTGAGTT-1,0,4,112,4168,2463
CTTTGGCAGACAGAGT-1,0,5,113,4054,2660
TTCGTGGGCTGGAAGC-1,0,4,114,3941,2462
CAAAGGTTAAATTCAG-1,0,5,115,3827,2659
GTTTGGCGTCAGGCAC-1,0,4,116,3715,2462
GCTTTCTATCTCAACT-1,0,5,117,3601,2658
TGCATCTCCGGATCTT-1,0,4,118,3488,2461
CTGAAACGGCCCTCAG-1,0,5,119,3375,2658
TAGCAGTAAATACGCG-1,0,4,120,3262,2460
CGGGCTACTTAAATTG-1,0,5,121,3148,2657
ATTATGCTCAGTATTG-1,0,4,122,3035,2460
TGATGCTCACGTAGTC-1,0,5,123,2922,2656
GTCTAAGATGCCCAGC-1,0,4,124,2809,2459
AACCCGATAGGGCTTC-1,0,5,125,2695,2656
CGCTATCGTGGCTTTA-1,0,4,126,2582,2458
CGTCTCTCGCCGAGGC-1,0,5,127,2469,2655
AGTGGGAGTATACACG-1,0,6,0,16849,2893
GGTCTTGGTGTTAACT-1,0,7,1,16735,3090
GGCTGGCAGCTTTATG-1,0,6,2,16623,2892
CGCCAATTATTGCGTT-1,0,7,3,16509,3089
GGTAACCGGCAAAGGT-1,0,6,4,16396,2892
TGGGACCATTGGGAGT-1,0,7,5,16282,3088
CTGCAGGTGCTCGGCC-1,0,6,6,16170,2891
CCGGTGCGAGTGATAG-1,0,7,7,16056,3088
GGGTACACTCTGGAGG-1,0,6,8,15943,2890
TAGCCAGAGGGTCCGG-1,0,7,9,15829,3087
CTTGTGAGGACAGCGG-1,0,6,10,15717,2890
GAAGGGCATAACCATG-1,0,7,11,15603,3086
CAACATGGCCTGATAA-1,0,6,12,15490,2889
CAATTTGACCGGGAAG-1,0,7,13,15376,3086
TCTGACTGTAATGGTT-1,0,6,14,15264,2888
TTCATAGCCTTGTAAC-1,0,7,15,15150,3085
TGGAAACGGAGTGAAC-1,0,6,16,15037,2888
ATCGCACGATTGTTCA-1,0,7,17,14923,3084
CGCCACCCGCATTAAC-1,0,6,18,14811,2887
TGGACCACGGCGTTGA-1,0,7,19,14697,3084
GTATATGTTACGGCGG-1,0,6,20,14584,2886
GTATTCTTACCGTGCT-1,0,7,21,14470,3083
TTCAGAGTAACCTGAC-1,0,6,22,14358,2886
GCGGTAACCCAAATGA-1,0,7,23,14244,3083
CTACGTGTTGCCACCA-1,0,6,24,14131,2885
CTAGATAAACTCCTCG-1,0,7,25,14018,3082
TCCATTAGTTGGATAG-1,0,6,26,13905,2885
CTGGCTCCTGCGGGAT-1,0,7,27,13791,3081
CAGTCTCTCGGCTAAT-1,0,6,28,13678,2884
GTATGACGTGGGAAAC-1,1,7,29,13565,3081
AGTCACTCCGCCTCAT-1,1,6,30,13452,2883
GCAGCGGTGGGCATTA-1,1,7,31,13338,3080
TATGGAGTTTCTCGTT-1,1,6,32,13225,2883
ACTCAACGAATGTATT-1,1,7,33,13112,3079
AACACGCGGCCGCGAA-1,1,6,34,12999,2882
CGATATTAGCCGCAGG-1,1,7,35,12885,3079
AGCGTCTGAACCCGCA-1,1,6,36,12773,2881
GATGTCCGGATCACAT-1,1,7,37,12659,3078
GGTCACGTTAGATTCA-1,1,6,38,12546,2881
TTAAGGATACGGAGGT-1,1,7,39,12432,3077
GTGCGGGACCATCGGC-1,1,6,40,12320,2880
CCATCTTGTTCACAAT-1,1,7,41,12206,3077
TCCGAGAAGGCTAAGC-1,1,6,42,12093,2879
TGGCGGTGTGCGATTG-1,1,7,43,11979,3076
ATCCTGCTGCAGATAG-1,1,6,44,11867,2879
TTATGCGTCCCGGTCC-1,1,7,45,11753,3075
CATAATGAGCGGGCGA-1,1,6,46,11640,2878
AGACATAGATCCTTCC-1,1,7,47,11526,3075
GGTGAAACCGGGAATG-1,1,6,48,11414,2878
AACTGGTGTGGGCCTT-1,1,7,49,11300,3074
GTAGCGCTGTTGTAGT-1,0,6,50,11187,2877
TTGTTTGTGTAAATTC-1,0,7,51,11073,3074
GGATCAAAGGACGAGG-1,0,6,52,10961,2876
CGTAGCGCCGACGTTG-1,0,7,53,10847,3073
CAAGTGAACTTTGGTT-1,0,6,54,10734,2876
GTAGACAACCGATGAA-1,0,7,55,10620,3072
CAATGGTCGGCCTGGG-1,0,6,56,10508,2875
ACAGATTAGGTTAGTG-1,0,7,57,10394,3072
GTTATCACCTTCTGAA-1,0,6,58,10281,2874
TGGTATCGGTCTGTAT-1,0,7,59,10168,3071
GGAATAACCTCAAGAA-1,0,6,60,10055,2874
ATTATCTCGACAGATC-1,0,7,61,9941,3070
CCGAGGGATGTTAGGC-1,0,6,62,9828,2873
TGAGATCAAATACTCA-1,0,7,63,9715,3070
AAACGAAGAACATACC-1,0,6,64,9602,2872
CTGGTCCTAACTTGGC-1,0,7,65,9488,3069
TGCACGAGTCGGCAGC-1,0,6,66,9375,2872
ATAGTCTTTGACGTGC-1,0,7,67,9262,3068
TGGAGCTAAAGTTCCC-1,0,6,68,9149,2871
GGGTGGTCCAGCCTGT-1,0,7,69,9035,3068
CATGCATGGAGACCCT-1,0,6,70,8922,2870
ACACGGCACTATGCAT-1,0,7,71,8809,3067
CCCTGGTATGGGCGGC-1,0,6,72,8696,2870
GGAGGATTGAAAGGAG-1,0,7,73,8582,3067
CCGCTGGTGCCATTCA-1,0,6,74,8470,2869
GTTAGAGTGTGCCGCT-1,0,7,75,8356,3066
TCGGAATGACCATCAA-1,0,6,76,8243,2869
TTCAATTAGCCATAAT-1,0,7,77,8129,3065
GATGTGTTGTCACAAG-1,0,6,78,8017,2868
TCTTTCTCTTAAGGAG-1,0,7,79,7903,3065
ACCCTTTAGTTCTCCA-1,0,6,80,7790,2867
ACCACAACTCAGAACA-1,0,7,81,7676,3064
TATGATAAATCTAACG-1,0,6,82,7564,2867
GATCCTCTTGCGCTTA-1,0,7,83,7450,3063
TTCTACCTTTATGTTG-1,0,6,84,7337,2866
GAAATACCTGCTGGCT-1,0,7,85,7223,3063
ATTCTGAGTATGAACT-1,0,6,86,7111,2865
GGATTAAGCTAAGGTC-1,0,7,87,6997,3062
AGTACGTGGCCTGTCT-1,0,6,88,6884,2865
TCAGGGTGCACGAAAC-1,0,7,89,6770,3061
AAATTTACCGAAATCC-1,0,6,90,6658,2864
TTGAGGCATTTAACTC-1,0,7,91,6544,3061
AACCAGTATCACTCTT-1,0,6,92,6431,2863
CACCGGAGATATCTCC-1,0,7,93,6318,3060
GACTGGGCGCCGCAAC-1,0,6,94,6205,2863
CACGTCTATGATGTGG-1,0,7,95,6091,3059
TTAAGACGAACGAACC-1,0,6,96,5978,2862
TGACCAGCTTCAAAGT-1,0,7,97,5865,3059
AGAGTTAGAGACCGAT-1,0,6,98,5752,2861
TTCGGACTGATGCCTT-1,0,7,99,5638,3058
CTCGAATGGAACGTAT-1,0,6,100,5525,2861
GGACGGCTTGCGCAAC-1,0,7,101,5412,3058
CTAAGTACAGGGCTAC-1,0,6,102,5299,2860
ACAAATTCAGATCTGA-1,0,7,103,5185,3057
CATGGAAATGGGACCA-1,0,6,104,5072,2860
GGTGGACCACGTGTTA-1,0,7,105,4959,3056
CACGACGTAATAGTAA-1,0,6,106,4846,2859
CGGGTTCGGCACGTAT-1,0,7,107,4732,3056
CTGGGCTATCCTTTGG-1,0,6,108,4620,2858
GTATTAGGGTTCGCGT-1,0,7,109,4506,3055
TCATTCGTATAATTTG-1,0,6,110,4393,2858
AATAGCAAGCCTCCTG-1,0,7,111,4279,3054
CATCTACCCGAGAACG-1,0,6,112,4167,2857
GCTTCAGTGGGATTAC-1,0,7,113,4053,3054
TCTGTGATGGAGGTTG-1,0,6,114,3940,2856
ATCCACTTTCAGACTA-1,0,7,115,3826,3053
ATGGTTACGAAACATG-1,0,6,116,3714,2856
GGCCCAATCTAGAGGG-1,0,7,117,3600,3052
GATGGTGAAATAACCC-1,0,6,118,3487,2855
AGAGGGACAATTGTCC-1,0,7,119,3373,3052
CGCGTACATTCTGGAA-1,0,6,120,3261,2854
CAAGAAACCCTAAACT-1,0,7,121,3147,3051
TTGGTGCGGTGTTGAA-1,0,6,122,3034,2854
GGTTCCCTAGTGTCTC-1,0,7,123,2920,3050
CGATAACCAATTTGAG-1,0,6,124,2808,2853
GCCCACTGGTCCACAA-1,0,7,125,2694,3050
GAGGGCCGGCAGAGTC-1,0,6,126,2581,2852
CGACACGGATGCCCAC-1,0,7,127,2468,3049
CTGTCTGTGGCTGGCT-1,0,8,0,16848,3287
ATATTATCCCGTATTT-1,0,9,1,16734,3484
GCGCTGGCGGAAAGTC-1,0,8,2,16621,3286
ATCTAACGTCCCTATG-1,0,9,3,16508,3483
GTCAGACAGCGTTGGA-1,0,8,4,16395,3286
GCCAGGCTTAGTGGTA-1,0,9,5,16281,3482
ATTCAAAGTACCTGTT-1,0,8,6,16168,3285
TGGACGTAGGCGAATC-1,0,9,7,16055,3482
ACACATTGACGCAACA-1,0,8,8,15942,3284
GATATCAGTATGTATC-1,0,9,9,15828,3481
TGGGCCTTGCCTGCAT-1,0,8,10,15716,3284
CAAAGTCAGGTTAGCT-1,0,9,11,15602,3480
GGATCCCTACCAGCTA-1,0,8,12,15489,3283
ATCGTCCAATCGAGTC-1,0,9,13,15375,3480
ACATGGCTCAATTTAG-1,0,8,14,15263,3282
AGGCCCAGTGACTGGT-1,0,9,15,15149,3479
GCTTCCAGCTTAGATT-1,0,8,16,15036,3282
TGCTTGAAACCATGCA-1,0,9,17,14922,3479
CAATATTGGACTAGTG-1,0,8,18,14810,3281
CGTGCTGGCCTAGTCG-1,0,9,19,14696,3478
CCTGCGATAGAACTGT-1,0,8,20,14583,3281
GGGTAATGCTGTGTTT-1,0,9,21,14469,3477
AACGCGAACGGCAACA-1,0,8,22,14357,3280
TGTCGGCATGGTGGAA-1,0,9,23,14243,3477
AGCGTACGAGAGCTAG-1,0,8,24,14130,3279
ATACTCTCGCCACTCT-1,1,9,25,14016,3476
AATCCATGCAAGGGTG-1,1,8,26,13904,3279
TTAAACAGAGTCCCGC-1,1,9,27,13790,3475
CCACAGCTGAAATCAT-1,1,8,28,13677,3278
CGGTTCCGGCTTCTTG-1,1,9,29,13563,3475
GACGTGAGACTCCATG-1,1,8,30,13451,3277
TCGTTGGCTCGTCAAT-1,1,9,31,13337,3474
GGTGAACGGGCTAGCC-1,1,8,32,13224,3277
GCACTGTGCAAATGTA-1,1,9,33,13111,3473
ACGAGAACCCATCACG-1,1,8,34,12998,3276
CCAGCTACGCCTCATA-1,1,9,35,12884,3473
TCCCGGTCAGGAATTT-1,1,8,36,12771,3275
TCGCATTCAATGACTT-1,1,9,37,12658,3472
CTGGTTCAACGCATCA-1,1,8,38,12545,3275
GGTGATTTCATCTTGT-1,1,9,39,12431,3471
CACCCTTTCCTCGCTC-1,1,8,40,12318,3274
CAACTTGTAGTGGGCA-1,1,9,41,12205,3471
AATATCAAGGTCGGAT-1,1,8,42,12092,3273
ACTCAGACCTGCTTCT-1,1,9,43,11978,3470
TTGGAGTCTCCCTTCT-1,1,8,44,11866,3273
GGATACTCATGAATTG-1,1,9,45,11752,3470
TGGGCACAAACAGAAC-1,1,8,46,11639,3272
GAGCCACGGTAGTAGG-1,1,9,47,11525,3469
TCGATAGGCTAGTCGC-1,1,8,48,11413,3272
TAACCGCCCGCAGTGC-1,0,9,49,11299,3468
GCCTATTTGCTACACA-1,0,8,50,11186,3271
TTGACGATTCAGCACG-1,0,9,51,11072,3468
TTAAACCGGTAGCGAC-1,0,8,52,10960,3270
ACCGAAAGGGCCCTGC-1,0,9,53,10846,3467
ACGTTCCGCGCTCCGT-1,0,8,54,10733,3270
ATACCAGGCTAATAGA-1,0,9,55,10619,3466
CGGCTTTGTATGATAA-1,0,8,56,10507,3269
CTTGACCCGAAAGATA-1,0,9,57,10393,3466
CGCAGAAACATTTGCG-1,0,8,58,10280,3268
GACCCGTCGCCGGCTA-1,0,9,59,10166,3465
AATCGGGACACTACGA-1,0,8,60,10054,3268
GTCACAAAGTTTCCAA-1,0,9,61,9940,3464
TATATTCGCGTCGATA-1,0,8,62,9827,3267
CCTCCCGACAATCCCT-1,0,9,63,9713,3464
CGACATGCGATCTTCT-1,0,8,64,9601,3266
AACACGACTGTACTGA-1,0,9,65,9487,3463
CCCAACCACACTAACA-1,0,8,66,9374,3266
CACCGCCGACCAGCGA-1,0,9,67,9261,3462
TGGTATCGCATCCCAA-1,0,8,68,9148,3265
CAGAGTGATTTAACGT-1,0,9,69,9034,3462
AACCCTGGTGGAACCA-1,0,8,70,8921,3265
GTCAGTTGTGCTCGTT-1,0,9,71,8808,3461
ATTGACGTAACTCGGT-1,0,8,72,8695,3264
GATGTCGGTCAACTGC-1,0,9,73,8581,3461
AGGGCAGCGGCGTGGT-1,0,8,74,8468,3263
ACATCGTTAACCTAGT-1,0,9,75,8355,3460
TCCATTGTGACCTCGT-1,0,8,76,8242,3263
TGTTTAATACTTCATC-1,0,9,77,8128,3459
TTGCTGGCCGGGCTTC-1,0,8,78,8015,3262
CATATTATTTGCCCTA-1,0,9,79,7902,3459
CTGCCTAGCCACCAAG-1,0,8,80,7789,3261
ACGAGATATTTGCTTA-1,0,9,81,7675,3458
GACTACAATTGCTCGT-1,0,8,82,7563,3261
AACGTGATGAAGGACA-1,0,9,83,7449,3457
ACTCTCTTATACACGA-1,0,8,84,7336,3260
CGCATCATGGCTTCAG-1,0,9,85,7222,3457
CGGCTCTTCGTCGAAC-1,0,8,86,7110,3259
ATTCTTCGTACTTATG-1,0,9,87,6996,3456
AGTGAGGGTTTCTGAC-1,0,8,88,6883,3259
GCCAGGCGTTCGCATG-1,0,9,89,6769,3455
GACTAACACAGCACCT-1,0,8,90,6657,3258
CAATGGAATCTACATA-1,0,9,91,6543,3455
GTGGTCAGCGAAGTAT-1,0,8,92,6430,3257
ATGGCTGGAAATGGCC-1,0,9,93,6316,3454
ATCAGGTCGCCATTGC-1,0,8,94,6204,3257
TATCACCATGTAAAGT-1,0,9,95,6090,3454
AGCGCTTATGGGCAAG-1,0,8,96,5977,3256
AAGCGGCGTCATGGGT-1,0,9,97,5863,3453
ACTAATACGTCAGGCG-1,0,8,98,5751,3256
GGCTGAGCATCGTAAG-1,0,9,99,5637,3452
CGGTTGGGTTCAAGTT-1,0,8,100,5524,3255
GACTGATTGGTCACAA-1,0,9,101,5411,3452
AGACGGGCCGATTTAA-1,0,8,102,5298,3254
ACCAGTGCCCGGTCAA-1,0,9,103,5184,3451
GTCCTTTAATGACTTC-1,0,8,104,5071,3254
CCTACAAGTCCGGAAT-1,0,9,105,4958,3450
GCCTGCTACACTGAGA-1,0,8,106,4845,3253
GACTCGGTCGGCGGAT-1,0,9,107,4731,3450
CTAGACATATATGTAG-1,0,8,108,4618,3252
TCGCCCAACTGACTCC-1,0,9,109,4505,3449
AAACTAACGTGGCGAC-1,0,8,110,4392,3252
AACTGAGGTCAGCGTC-1,0,9,111,4278,3448
ACAATGATTCTTCTAC-1,0,8,112,4165,3251
ATAAGTACCCGATTGT-1,0,9,113,4052,3448
ATTGGGAGTTCTGTAA-1,0,8,114,3939,3250
CGAACATAGTCAGAAA-1,0,9,115,3825,3447
TAGCTCAGATCCTAGT-1,0,8,116,3713,3250
GTGTCGTATTCACCTT-1,0,9,117,3599,3446
CTCACCGATCCAAACT-1,0,8,118,3486,3249
ATATGTGCACAAACCA-1,0,9,119,3372,3446
CAGTCCAACGCCTTCT-1,0,8,120,3260,3248
TCGTCCGGGTACACTC-1,0,9,121,3146,3445
GCAGAAACGTAATCCA-1,0,8,122,3033,3248
TTCGAGCCGGCGCTAC-1,0,9,123,2919,3445
GGAAGATAAGACTGTA-1,0,8,124,2807,3247
ATAAGCAAACACCGAG-1,0,9,125,2693,3444
GCATAAATTGAACGCC-1,0,8,126,2580,3247
CGCCGGTGTCGCAGTA-1,0,9,127,2466,3443
GACCTGGTCTGGGCGT-1,0,10,0,16847,3681
AGCCGCTTGATTAGCG-1,0,11,1,16733,3878
CCCGGCTAGGTGAGAA-1,0,10,2,16620,3680
CGAGCCGAGCACTCGA-1,0,11,3,16506,3877
TAGTGCTTGAATCCTT-1,0,10,4,16394,3680
CAACCGCACCTAGACA-1,0,11,5,16280,3876
ACCACTGTTCAAGAAG-1,0,10,6,16167,3679
AGATGCTATAACGAGC-1,0,11,7,16054,3876
AATTACTCGTACGCTC-1,0,10,8,15941,3678
CGTCAATCTTTAACAT-1,0,11,9,15827,3875
CCAAAGCAGTTGGTTG-1,0,10,10,15714,3678
CCATATTGGATCATGA-1,0,11,11,15601,3875
CGTACCGAAAGTCTAG-1,0,10,12,15488,3677
CTCGAGATCCAAAGCA-1,0,11,13,15374,3874
TGGATAGAGTAACAGA-1,0,10,14,15261,3677
TCACAGATCCTCAAAC-1,0,11,15,15148,3873
AGAGCTACGAAAGCAT-1,0,10,16,15035,3676
TGCGTGATTGGGTGTC-1,0,11,17,14921,3873
CACATGTTTGGACATG-1,0,10,18,14809,3675
TTCGCATCCGGAAGCA-1,0,11,19,14695,3872
CCCTAGTGTCAGGTGT-1,0,10,20,14582,3675
TTACCGCCTTAGGGAA-1,0,11,21,14468,3871
CCAGTCCATTATTCGA-1,0,10,22,14356,3674
CGTAAACGCTTGAGTG-1,1,11,23,14242,3871
ATTCCTTCCAGGCGGT-1,1,10,24,14129,3673
TTCCTTTCTGTGTTGC-1,1,11,25,14015,3870
AGTTGACATCGGCTGG-1,1,10,26,13903,3673
AACTCGATGGCGCAGT-1,1,11,27,13789,3869
GATAAGGCAGATGCAA-1,1,10,28,13676,3672
GGCTGGCTAGCTTAAA-1,1,11,29,13562,3869
CCTCATGCAGCTACGA-1,1,10,30,13450,3671
GACGCCTGTTGCAGGG-1,1,11,31,13336,3868
TAATTAGATGGATATG-1,1,10,32,13223,3671
GAGGGCATCGCGTATC-1,1,11,33,13109,3867
CTTGTGAGTCTTTGAC-1,1,10,34,12997,3670
TCAACACATTGGGTAA-1,1,11,35,12883,3867
ACTGTATACGCGAGCA-1,1,10,36,12770,3669
GTGAAACGTGCTCCAC-1,1,11,37,12656,3866
CGAGTGCTATAGTTCG-1,1,10,38,12544,3669
GTACTGCATGAAGCGT-1,1,11,39,12430,3866
GTAACTTGCGGCAGTC-1,1,10,40,12317,3668
GAATCGCCGGACACGG-1,1,11,41,12204,3865
GGGAGTAATGGCTGGC-1,1,10,42,12091,3668
CATGAACCGACATTTG-1,1,11,43,11977,3864
TCTGTCATACAAGAGC-1,1,10,44,11864,3667
GTCGTCAATTATAAGG-1,1,11,45,11751,3864
TAAAGAGCCCGAAACC-1,1,10,46,11638,3666
GTACTGAGGTCGTAAC-1,1,11,47,11524,3863
AAAGACCCAAGTCGCG-1,1,10,48,11411,3666
CGTCAGTGCGCACAAG-1,1,11,49,11298,3862
TGTATCCTTATTCCAT-1,0,10,50,11185,3665
ATTCTCGTCTCTTTAG-1,0,11,51,11071,3862
AAAGTCACTGATGTAA-1,0,10,52,10959,3664
TGTCTACAGTTTCTGT-1,0,11,53,10845,3861
TTAACGTCGCAAGACC-1,0,10,54,10732,3664
CTATGTCTATTGAAAC-1,0,11,55,10618,3860
TCGGGTGAAACTGCTA-1,0,10,56,10506,3663
TGTCCCGACATAGCAC-1,0,11,57,10392,3860
ACAGCATAGAGCCAGT-1,0,10,58,10279,3662
ATATTCCCACAGGTCA-1,0,11,59,10165,3859
TTGGATCGACTTCTGG-1,0,10,60,10053,3662
CACCATCGGAGGAGAC-1,0,11,61,9939,3858
TCGTTCGTTATTATGT-1,0,10,62,9826,3661
CTTAACTTCGAAGTAC-1,0,11,63,9712,3858
GCACAAGTGTCGGAAG-1,0,10,64,9600,3660
TACCAGCTAGGTTTAA-1,0,11,65,9486,3857
ACGTACAGATTTCTCT-1,0,10,66,9373,3660
AATTTGGTTCCAAAGA-1,0,11,67,9259,3857
GTAAGGATTTGTCGGA-1,0,10,68,9147,3659
CATCATCTACCCGGAC-1,0,11,69,9033,3856
ACGATGGATCCGATGC-1,0,10,70,8920,3659
CACTCAGCTCTTGAGG-1,0,11,71,8806,3855
TAGATCCGAAGTCGCA-1,0,10,72,8694,3658
TGAAACTTATGCAAGC-1,0,11,73,8580,3855
GCGATTCTGGAAGCAG-1,0,10,74,8467,3657
CAAACTATTGAGCTTC-1,0,11,75,8354,3854
TAGAATTAAGGGCAAC-1,0,10,76,8241,3657
CGAAACATAGATGGCA-1,0,11,77,8127,3853
GATGGTGCCCTAGGCA-1,0,10,78,8014,3656
CCCGCAGGGCCCAAAG-1,0,11,79,7901,3853
ACAGCGCACCCGCAGC-1,0,10,80,7788,3655
GGTAAATGTGCGTTAC-1,0,11,81,7674,3852
GTCCTTCTAGTGGGTT-1,0,10,82,7561,3655
GGAAGCTCGCTTACAG-1,0,11,83,7448,3851
CACCGATACACCGAGC-1,0,10,84,7335,3654
CAGCCGGGCCCTCTAT-1,0,11,85,7221,3851
CGGAGCTTATAACACC-1,0,10,86,7108,3653
ATTACAACTACCGGCC-1,0,11,87,6995,3850
TCCTCTGGCCCATTAG-1,0,10,88,6882,3653
CGGCACCGTTAGCGCC-1,0,11,89,6768,3849
TCGGTCCCTGACTCCA-1,0,10,90,6656,3652
TGGTTGGAGGATCCTG-1,0,11,91,6542,3849
CTGCGGTAGTCACGTG-1,0,10,92,6429,3652
GTGCCTCAGTGTACGG-1,0,11,93,6315,3848
ATCGTTCACTTTCGCC-1,0,10,94,6203,3651
ACTTACCGGGCGCGCA-1,0,11,95,6089,3848
CTAGACTGCATTTCGT-1,0,10,96,5976,3650
TTGCCGGTGATCCCTC-1,0,11,97,5862,3847
CTGTCACGCCAGGCGC-1,0,10,98,5750,3650
CGGTATAGGTATTAGC-1,0,11,99,5636,3846
CCAACGCTTGCCAGGG-1,0,10,100,5523,3649
CGTTGAGTAATTGCGT-1,0,11,101,5409,3846
TGTATTTACCTAATGC-1,0,10,102,5297,3648
TAAATGCCGTCTCATG-1,0,11,103,5183,3845
CGGTTTATGAAGGAAC-1,0,10,104,5070,3648
GCAAGATGTGTTCGCG-1,0,11,105,4956,3844
AAAGGTAAGCTGTACC-1,0,10,106,4844,3647
GTACGTCACGTATTAA-1,0,11,107,4730,3844
AGTACCTTCGAGTGCT-1,0,10,108,4617,3646
ATTGTGACTTCGCTGC-1,0,11,109,4504,3843
TGTATCAGACTGAAGC-1,0,10,110,4391,3646
GAGACCCTGCAACGCC-1,0,11,111,4277,3842
TGGGTGGGATGTCATT-1,0,10,112,4164,3645
GGCTAATGATTGAAAT-1,0,11,113,4051,3842
ATAACGTTACCTCCAC-1,0,10,114,3938,3644
TGCGAGATGGCGGCCA-1,0,11,115,3824,3841
CACACTTGTATTGCGA-1,0,10,116,3711,3644
GCTGGTGACTCGTAGT-1,0,11,117,3598,3841
CGACACCGCTTAAGGA-1,0,10,118,3485,3643
GTAACAACTGACCTTG-1,0,11,119,3371,3840
CAACTGAGGGTATGAC-1,0,10,120,3258,3643
CTAATTATGAAGCGTA-1,0,11,121,3145,3839
CCGATCTTAAGAGGCT-1,0,10,122,3032,3642
CGACTCGGTACACGGT-1,0,11,123,2918,3839
TGCTGCGTCAGAGTTA-1,0,10,124,2806,3641
AGAGTTGCAGGCCTCC-1,0,11,125,2692,3838
ACTGGCGAACCTGCGT-1,0,10,126,2579,3641
ACTAAGGACGCACACC-1,0,11,127,2465,3837
CGTCCAGATGGCTCCA-1,0,12,0,16846,4075
ACTATCGCCGGCTAAA-1,0,13,1,16732,4272
GATAGCGTACCACGCG-1,0,12,2,16619,4074
AGGACTTATAGGAGAA-1,0,13,3,16505,4271
TAGTCGGGATTCTTCG-1,0,12,4,16393,4074
ACCATTAAGGGTGTCA-1,0,13,5,16279,4271
TTAATGTGTTTGCAGG-1,0,12,6,16166,4073
TCCGCAGCCACCTAGC-1,0,13,7,16052,4270
GAGGAGATCCTCATGC-1,0,12,8,15940,4073
GGTCCTTCATACGACT-1,0,13,9,15826,4269
CCCTGTTGGCAAAGAC-1,0,12,10,15713,4072
GTGCCTAGCTATGCTT-1,0,13,11,15599,4269
GTCATCTCCTACAGCT-1,0,12,12,15487,4071
GCGAGAAACGGGAGTT-1,0,13,13,15373,4268
CGTCGCGGCGGGATTT-1,0,12,14,15260,4071
CATTGTGTGCTAGATC-1,0,13,15,15147,4267
CGCGGCAGTATTACGG-1,0,12,16,15034,4070
GAAATGGGATGTAAAC-1,0,13,17,14920,4267
CATTCCCTAAGTACAA-1,0,12,18,14807,4069
AGTTCTGCGTTGTATC-1,1,13,19,14694,4266
ACCCTATAGGACTGAG-1,1,12,20,14581,4069
TTAGATAGGTCGATAC-1,1,13,21,14467,4265
ATTGATAGCAACGAGA-1,1,12,22,14354,4068
TCTCGGCTCCAGGACT-1,1,13,23,14241,4265
CTTGAGGTTATCCCGA-1,1,12,24,14128,4067
AAGAAGGATCAGTTAG-1,1,13,25,14014,4264
GTACGACGGCGCTGCG-1,1,12,26,13902,4067
CTTATGTTGACTACCA-1,1,13,27,13788,4263
CGGCACTCAAGAAAGT-1,1,12,28,13675,4066
GTCAAAGTTTACATAG-1,1,13,29,13561,4263
CTCCTAAGTTATGTCT-1,1,12,30,13449,4065
ACTGTGCTAGTAGATC-1,1,13,31,13335,4262
GTTTGGCCGCTCAGCG-1,1,12,32,13222,4065
TTATCCAATCGAACTC-1,1,13,33,13108,4262
CCGTACCCAAGCGCCA-1,1,12,34,12996,4064
CATACAAAGCCGAACC-1,1,13,35,12882,4261
GGTCGGTAATTAGACA-1,1,12,36,12769,4064
AGCGGGAAGGGTCCAT-1,1,13,37,12655,4260
GCCCACCAAGGCTGTC-1,1,12,38,12543,4063
GTAGACGTCGTTACAT-1,1,13,39,12429,4260
GAGCATCATCCCTGGG-1,1,12,40,12316,4062
AGGTAACCTCCTATTC-1,1,13,41,12202,4259
GGTTTGAGTGCTGGAA-1,1,12,42,12090,4062
GCACTAGTCGCGCTAT-1,1,13,43,11976,4258
GGTAACTATGTATCTG-1,1,12,44,11863,4061
GCGGTCCCTAGACGCA-1,1,13,45,11749,4258
CGAGCGTTGATCAGCC-1,1,12,46,11637,4060
AATCCAAGGGCCTGAG-1,1,13,47,11523,4257
CCGTGCCCATGACGGC-1,1,12,48,11410,4060
GAAATTCACATCGCTG-1,1,13,49,11297,4256
CTCTGCGAAGCAAGCA-1,1,12,50,11184,4059
AGTAGGTAACATACAT-1,1,13,51,11070,4256
ATTGGGAATATCTTGG-1,0,12,52,10957,4058
TAGAGCTACGAAGAAC-1,1,13,53,10844,4255
TGCGGCATAGTTCAAC-1,0,12,54,10731,4058
CCGCCGGTCAACACAC-1,1,13,55,10617,4254
TCGTATAGTGCAATTA-1,0,12,56,10504,4057
TAGTTTATTCTTGCTT-1,0,13,57,10391,4254
GATATCTCATGCAATA-1,0,12,58,10278,4056
CGTTTAAGCGGAGCAC-1,0,13,59,10164,4253
CATGCTGGCTCCAATT-1,0,12,60,10052,4056
GAAACAGCCATGCAGT-1,0,13,61,9938,4253
AGTTTCGCAGGTCGGA-1,0,12,62,9825,4055
CTCATGGCTCACAATC-1,0,13,63,9711,4252
AACCGTTGTGTTTGCT-1,0,12,64,9599,4055
ACCCTTCATCTGCGAA-1,0,13,65,9485,4251
TGCGGTGAAATTTCAT-1,0,12,66,9372,4054
CAAATTGTCAGCAAGC-1,0,13,67,9258,4251
GAGGTACATCCATCTT-1,0,12,68,9146,4053
AAATGGCATGTCTTGT-1,0,13,69,9032,4250
TCATCCCAGAGGGTGG-1,0,12,70,8919,4053
CGTAGCGAATTGTCAG-1,0,13,71,8805,4249
CCTAGTTAGTCGCATG-1,0,12,72,8693,4052
GAAACTCTAATGAAGG-1,0,13,73,8579,4249
TTGTATCACACAGAAT-1,0,12,74,8466,4051
TTCAAGCCGAGCTGAG-1,0,13,75,8352,4248
AGGTACGATATTGCCA-1,0,12,76,8240,4051
TTAAGCCGACAACTTC-1,0,13,77,8126,4247
GTCTTAGTACAGCCGG-1,0,12,78,8013,4050
TGGGTAAGGTTCCCGC-1,0,13,79,7899,4247
CTACGCCATTTCCGAT-1,0,12,80,7787,4049
GACCGTCAGGTCGTGA-1,0,13,81,7673,4246
TAGTTAAGATAGGATA-1,0,12,82,7560,4049
GAATATTCGGAGTCCC-1,0,13,83,7447,4245
CAAACTACGATAGAGA-1,0,12,84,7334,4048
CAGGAAGACTTTATAT-1,0,13,85,7220,4245
TTCGTAATCCCAGCGG-1,0,12,86,7107,4047
GTGAGGAGCGGTTGAG-1,0,13,87,6994,4244
CAATCCCTATACCAGC-1,0,12,88,6881,4047
AGGGAAACGAGGTACT-1,0,13,89,6767,4244
TCCTGCCAACTGGAGA-1,0,12,90,6654,4046
AATTTGGGACATAGTA-1,0,13,91,6541,4243
AACTCCTAATCCCATG-1,0,12,92,6428,4046
GCTCATTACTGCATGT-1,0,13,93,6314,4242
TCTCGAACGAGGTCAC-1,0,12,94,6201,4045
TCACTACGACCAATGC-1,0,13,95,6088,4242
GTGATGCACAACATCT-1,0,12,96,5975,4044
CCGACGTAAACACAAC-1,0,13,97,5861,4241
TGGGATGCACTCATTC-1,0,12,98,5749,4044
TTCCATCATGCGGTGA-1,0,13,99,5635,4240
TGCACAGTGAAGTTAT-1,0,12,100,5522,4043
CTATTGTGTTTGGTCA-1,0,13,101,5408,4240
TGCGAGCCCTTCCGCG-1,0,12,102,5296,4042
TTGAAAGGTGTAAAGG-1,0,13,103,5182,4239
GGTGCAGAGCCTATCG-1,0,12,104,5069,4042
ACTATATGCTGTGTTC-1,0,13,105,4955,4238
TCCTGGCGCTGCCTGG-1,0,12,106,4843,4041
GAGCCGAGCGTTTATT-1,0,13,107,4729,4238
AGAATGCGGGTTCGGA-1,0,12,108,4616,4040
ATGCGACAATTGGTCC-1,0,13,109,4502,4237
TTCCGGCTCGACTTCT-1,0,12,110,4390,4040
TGATTATGGCACGCAG-1,0,13,111,4276,4236
GGTTTGACAAGAAGCT-1,0,12,112,4163,4039
GCAGCTATGGACAGGT-1,0,13,113,4049,4236
CACCATGATCGCAAAG-1,0,12,114,3937,4038
GTCGGAAGGATACCAG-1,0,13,115,3823,4235
GGCCCAGTTATCAGCA-1,0,12,116,3710,4038
GGGCCTATTTAAGTAT-1,0,13,117,3597,4235
GTTGTTACATTGCGCT-1,0,12,118,3484,4037
CAACTCCGTAACTTGC-1,0,13,119,3370,4234
GATCTTTGCTCAAAGA-1,0,12,120,3257,4037
TCGCTTAATTACGAAG-1,0,13,121,3144,4233
CGATCATTAGAGGCAC-1,0,12,122,3031,4036
TGTTCTCTACTCCCTA-1,0,13,123,2917,4233
GCTTAGGGAAGCGGTA-1,0,12,124,2804,4035
CAGGTTTAGTACTACA-1,0,13,125,2691,4232
AAGCGGAGTGCGCGCA-1,0,12,126,2578,4035
TCAGATGGAGACGTAG-1,0,13,127,2464,4231
TCGCACTAACGTTTGT-1,0,14,0,16845,4469
CACGTCGGGTTCTAGA-1,0,15,1,16731,4666
GGAGTACACATGAGCT-1,0,14,2,16618,4469
GTGTGTCGACGTCGCT-1,0,15,3,16504,4665
GAAGCTCTTTGCTTAG-1,0,14,4,16392,4468
ACACCGAGCGCTCTTT-1,0,15,5,16278,4665
CGTAATAATTACGAGT-1,0,14,6,16165,4467
CATCAACACCTACTAA-1,0,15,7,16051,4664
CCAAGTTTCTACAGAT-1,0,14,8,15939,4467
ACGGGTCATGTGACTT-1,0,15,9,15825,4663
AGTGTGCTAAGATCGC-1,0,14,10,15712,4466
GGCGGTTTGCCGGTGC-1,0,15,11,15598,4663
GTATAATCTCCCGGAT-1,0,14,12,15486,4465
TAGTCCGTATGCATAA-1,0,15,13,15372,4662
CACTTCGTCTTATCTC-1,0,14,14,15259,4465
CATCCGCAGGCCCGAA-1,0,15,15,15145,4661
CCCTGATGTAACTCGT-1,0,14,16,15033,4464
CCATAGTCAGTAACCC-1,1,15,17,14919,4661
CGGGCCATAGCCGCAC-1,0,14,18,14806,4463
CTCCGGCTTGTAGACA-1,1,15,19,14692,4660
AACTTGCGTTCTCGCG-1,1,14,20,14580,4463
AATGAGTTCGCATATG-1,1,15,21,14466,4659
CGAGGCCAGGCATTGG-1,1,14,22,14353,4462
TCTGCGTCCGGTTTCT-1,1,15,23,14240,4659
CAATCCTGCCGTGGAG-1,1,14,24,14127,4461
CTGAGCAAGTAACAAG-1,1,15,25,14013,4658
GGGTACCCACGGTCCT-1,1,14,26,13900,4461
ACGGAATTTAGCAAAT-1,1,15,27,13787,4658
GGGCGGTCCTATTGTC-1,1,14,28,13674,4460
ATGTTACGAGCAATAC-1,1,15,29,13560,4657
AACCATGGGATCGCTA-1,1,14,30,13447,4460
TCGCATCCCTAAGTGT-1,1,15,31,13334,4656
ACTTAGTACGACAAGA-1,1,14,32,13221,4459
GAGCTCTCGGACCTAA-1,1,15,33,13107,4656
TCTATTACGCTGGCGA-1,1,14,34,12995,4458
AGATACGACTTCATAT-1,1,15,35,12881,4655
CGCTATACCGCCCACT-1,1,14,36,12768,4458
CAGTGTCCGCAGAATG-1,1,15,37,12654,4654
CCATCCATACCAAGTC-1,1,14,38,12542,4457
AACCCAGAGACGGAGA-1,1,15,39,12428,4654
GAAGAACGGTGCAGGT-1,1,14,40,12315,4456
GATAAATCGGTGGATG-1,1,15,41,12201,4653
CAGCTCGTGCTTGTGT-1,1,14,42,12089,4456
GAGTACGGGTATACAA-1,1,15,43,11975,4652
CATCGCCCGCGGCCAA-1,1,14,44,11862,4455
TCTTACAGAGGTACCG-1,1,15,45,11748,4652
TGGAAGACGAACACCA-1,1,14,46,11636,4454
GTTGTCGTGTTAGTTG-1,1,15,47,11522,4651
CCAAGGAACAGAGAGG-1,1,14,48,11409,4454
CTGCACCTGGAACCGC-1,1,15,49,11295,4650
CGCTTTCATACCGGTG-1,1,14,50,11183,4453
GTTCTTCCCTCGATGT-1,1,15,51,11069,4650
ATTTAACTCGTATTAC-1,1,14,52,10956,4452
AACGATAGAAGGGCCG-1,1,15,53,10842,4649
TATCCTGCATGGGAAT-1,1,14,54,10730,4452
AGGCCCATTGTACAGG-1,0,15,55,10616,4649
CCGGCGCATATTGGAT-1,0,14,56,10503,4451
ATCTGTAATTGTACCC-1,0,15,57,10390,4648
GAGCGAGGGAGTACCG-1,0,14,58,10277,4451
TTATTAGGGAAGCATC-1,0,15,59,10163,4647
CTTCTTACGTCGTATA-1,0,14,60,10050,4450
GAAGTGCTGGATAGCT-1,0,15,61,9937,4647
GTGCAACAAATGTGGC-1,0,14,62,9824,4449
CATGCGTTAGACAGAA-1,0,15,63,9710,4646
ACACACTTTCTACACG-1,0,14,64,9597,4449
AGCCCTAAGCGAAGTT-1,0,15,65,9484,4645
ATTAATTCGGTCACTC-1,0,14,66,9371,4448
AACAGGAAATCGAATA-1,0,15,67,9257,4645
ACGTTTAGTTGTGATC-1,0,14,68,9145,4447
TCCTTCAGTGGTCGAA-1,0,15,69,9031,4644
CGAACGCCCAGTGCCG-1,0,14,70,8918,4447
CCTCGAAGTGGACGGG-1,0,15,71,8804,4643
CTCTGTTTGAGGATTC-1,0,14,72,8692,4446
TGGGCACGTTCTATGG-1,0,15,73,8578,4643
ACTATTCGTCCGTGGT-1,0,14,74,8465,4445
CCTCTGGCCTAGACGG-1,0,15,75,8351,4642
CCATAAACAACCCGAC-1,0,14,76,8239,4445
CATAGTACATTGAGAG-1,0,15,77,8125,4641
ATTTCATTATTTCGCG-1,0,14,78,8012,4444
CAACTATATCGAATGC-1,0,15,79,7898,4641
CTAGTATTCGGAATTA-1,0,14,80,7786,4443
GTGGAACCTACATGCG-1,0,15,81,7672,4640
CCTAAAGGCTGACGCT-1,0,14,82,7559,4443
CGTGACATTGGGTCGT-1,0,15,83,7445,4640
CCAATCGGTAGATCGA-1,0,14,84,7333,4442
ATTGTCGCAATACCTT-1,0,15,85,7219,4639
AAATTACACGACTCTG-1,0,14,86,7106,4442
CACTCCTCTCGGTCGG-1,0,15,87,6992,4638
AAATAACCATACGGGA-1,0,14,88,6880,4441
AGTTACTCTATCGTGG-1,0,15,89,6766,4638
CGTTAGCTCACAACTG-1,0,14,90,6653,4440
GAATGTATGGCAGGTC-1,0,15,91,6540,4637
GCAACCACCAGACCGG-1,0,14,92,6427,4440
TCACTCGTGCAACGGC-1,0,15,93,6313,4636
AAACAGAGCGACTCCT-1,0,14,94,6200,4439
CAGCCTCTCCTCAAGA-1,0,15,95,6087,4636
TTGCGTGAACGCTTAG-1,0,14,96,5974,4438
CCGCCTGCGAATTGGT-1,0,15,97,5860,4635
AGATGAGGGTTGCGAT-1,0,14,98,5747,4438
CGGTGGGCTCCAGCCT-1,0,15,99,5634,4634
GGCAGCGGTAATCCTA-1,0,14,100,5521,4437
GCTAGCAGGGAGTGGG-1,0,15,101,5407,4634
CTCAAGACATTAGCGC-1,0,14,102,5294,4436
CACGGCGCGCCAAAGG-1,0,15,103,5181,4633
TGCAATTTGGGCACGG-1,0,14,104,5068,4436
ATGCCAATCGCTCTGC-1,0,15,105,4954,4632
GCTGGACCCAAAGTGG-1,0,14,106,4842,4435
ATTCCTAAGACGTGGA-1,0,15,107,4728,4632
TCCGGAGGAAGGGCTG-1,0,14,108,4615,4434
TCGGTGACCGCTCCGG-1,0,15,109,4501,4631
TCCGAAGTAGTCACCA-1,0,14,110,4389,4434
CATGTAGGAGCGCCAA-1,0,15,111,4275,4631
CACAAGAAAGATATTA-1,0,14,112,4162,4433
AGGGTCAGTAACCCTA-1,0,15,113,4048,4630
TAAGCCCTTACGACCA-1,0,14,114,3936,4433
ATACCGTCATCCATAA-1,0,15,115,3822,4629
GGACGTCCATAGTTGG-1,0,14,116,3709,4432
CATCAAACTGGCGCCC-1,0,15,117,3595,4629
AAACGTGTTCGCCCTA-1,0,14,118,3483,4431
AAATTGGTGAGAAGCA-1,0,15,119,3369,4628
GGTCATTGTAGTCATA-1,0,14,120,3256,4431
TGCAGTGAGGCTCGGG-1,0,15,121,3142,4627
GAACATTAGTATGTTA-1,0,14,122,3030,4430
GGTTTGCGAACACGTA-1,0,15,123,2916,4627
ACACAAATATTCCTAG-1,0,14,124,2803,4429
TTGGGTTTATTCAGCG-1,0,15,125,2690,4626
ATTCGCAGAGGACACT-1,0,14,126,2577,4429
GATTTAGTGCGTACTG-1,0,15,127,2463,4625
TAGAAACACAATAGTG-1,0,16,0,16843,4863
CAGTAGATGATGTCCG-1,0,17,1,16730,5060
TCTTAACTCGGATGTA-1,0,16,2,16617,4863
TACATCTTGTTTCTTG-1,0,17,3,16503,5059
TTCATAGGGTGTCCAT-1,0,16,4,16390,4862
TGAAGTAGCTTACGGA-1,0,17,5,16277,5059
GCACAAGTGGATCATA-1,0,16,6,16164,4861
GGGCGAATTTCTCCAC-1,0,17,7,16050,5058
ATGTTCCTGCCCACCT-1,0,16,8,15938,4861
GCTCAACCTCTTAGAG-1,0,17,9,15824,5057
ATAGCTGCTCTTGTTA-1,0,16,10,15711,4860
CGTCAGCTATTTACTC-1,0,17,11,15597,5057
ATCTGATAGTGTCTTA-1,0,16,12,15485,4859
TGCACTATGTGAGTGC-1,0,17,13,15371,5056
CCGACAAACACATGAG-1,0,16,14,15258,4859
GCCTTGTATATGCAGT-1,1,17,15,15144,5055
ATAATACCGTTAGCCG-1,1,16,16,15032,4858
ACACTCCAATGTCACT-1,1,17,17,14918,5055
AGTTGCTGACTGATAT-1,1,16,18,14805,4857
GGCGCTCCTCATCAAT-1,1,17,19,14691,5054
TGCCTGACATCGGTCA-1,1,16,20,14579,4857
TTGGCCATCTTGCGCT-1,1,17,21,14465,5053
CAGTGGTTGCACATGA-1,1,16,22,14352,4856
AGAATTGTTTGACATA-1,1,17,23,14238,5053
AAATGCTCGTTACGTT-1,1,16,24,14126,4856
CACCTAATAGAGTCGT-1,1,17,25,14012,5052
CATTTCTAGCAGACTA-1,1,16,26,13899,4855
CCGAAAGTGGTGAGCA-1,1,17,27,13785,5052
AGTCAGCCACCGCCTG-1,1,16,28,13673,4854
TCATCACTCGAGCTCG-1,1,17,29,13559,5051
CTCAGGACTCACCTGT-1,1,16,30,13446,4854
CGGTGTACTTGATCCC-1,1,17,31,13333,5050
CCTACGGCTCAGTCGA-1,1,16,32,13220,4853
GTACTTGGGCACTTCT-1,1,17,33,13106,5050
TGATTTCCTCCTGACG-1,1,16,34,12993,4852
CCTCACCAATCTTGAC-1,1,17,35,12880,5049
GGTGAGATGCAGATAA-1,1,16,36,12767,4852
GCTAGTTTCATTGAGG-1,1,17,37,12653,5048
AGGACATCGCACGTCG-1,1,16,38,12540,4851
GTGGACGTGCTGAGAC-1,1,17,39,12427,5048
TAAGGAACTTGTGGGA-1,1,16,40,12314,4850
TCGCTGTGCGTAAATC-1,1,17,41,12200,5047
GCATCCCTAACTTTGA-1,1,16,42,12088,4850
CACCCACACGTCACCC-1,1,17,43,11974,5046
CCCTCATTCTGGAATT-1,1,16,44,11861,4849
AGGGCGTGATCGGCTA-1,1,17,45,11747,5046
GGTGCGGATAAGTGGC-1,1,16,46,11635,4848
TAATATTGAAATTCGC-1,1,17,47,11521,5045
CTTACACTGGGAAATA-1,1,16,48,11408,4848
ACCAAGAACGCGTGTC-1,1,17,49,11294,5045
GCCTTCAGCCCTACCG-1,1,16,50,11182,4847
GATGCTACAAGCGCCT-1,1,17,51,11068,5044
CCGGGACCCGCAGAGA-1,1,16,52,10955,4847
GTTCCAGTCTGACCAT-1,1,17,53,10841,5043
ATGATCGGGAATAGAC-1,0,16,54,10729,4846
TTGGATTGGGTACCAC-1,0,17,55,10615,5043
TACCTCACGCTTGTAC-1,0,16,56,10502,4845
CATGGCAGGAAGATCG-1,0,17,57,10388,5042
ATGACGCCGGCTCTAA-1,0,16,58,10276,4845
AGCGACATCCCATTCA-1,0,17,59,10162,5041
AGTAATGTCTTGCCGC-1,0,16,60,10049,4844
TTCTTAGTGGCTCAGA-1,0,17,61,9935,5041
CGTCTGGAAGGGCCCG-1,0,16,62,9823,4843
ACGTGCGCCTCGTGCA-1,0,17,63,9709,5040
AGAGCGGGCTAATCAT-1,0,16,64,9596,4843
GCGTCGAAATGTCGGT-1,0,17,65,9483,5039
AACTGATATTAGGCCT-1,0,16,66,9370,4842
CGAGCTGGGCTTTAGG-1,0,17,67,9256,5039
GGGTGTTTCAGCTATG-1,0,16,68,9143,4841
TTAATTTCAGACGCGG-1,0,17,69,9030,5038
ACTGCCGTCGTAACTC-1,0,16,70,8917,4841
GTGCACGAAAGTGACT-1,0,17,71,8803,5037
ATCTCCCTGCAATCTA-1,0,16,72,8690,4840
ACGCCAGATGATTTCT-1,0,17,73,8577,5037
AGCTATTTAATCCAAC-1,0,16,74,8464,4839
CCACGAGAAGAGAATC-1,0,17,75,8350,5036
GATTCCGCGTTTCCGT-1,0,16,76,8238,4839
GTCGGATGTAGCGCGC-1,0,17,77,8124,5036
TATTTATACCGAGTAG-1,0,16,78,8011,4838
GTAGGTGATCCGTGTA-1,0,17,79,7897,5035
AGTTAAGCGGTCCCGG-1,0,16,80,7785,4838
CTGGCGACATAAGTCC-1,0,17,81,7671,5034
TTGGCCTAGAATTTCG-1,0,16,82,7558,4837
GGCATATCGGTTCTGC-1,0,17,83,7444,5034
GGGCGTCCACTGGCTC-1,0,16,84,7332,4836
TTACCCATTGCCGGGT-1,0,17,85,7218,5033
TTAGACACGATCGTTG-1,0,16,86,7105,4836
GCGCTGATCCAGACTC-1,0,17,87,6991,5032
TTCGGCAACCCGCTGA-1,0,16,88,6879,4835
GATATTTCCTACATGG-1,0,17,89,6765,5032
CTGCGTTACGATATAA-1,0,16,90,6652,4834
TAATAAACAAGGAGAT-1,0,17,91,6538,5031
AACCTTTACGACGTCT-1,0,16,92,6426,4834
AGTCCCGCCTTTAATT-1,0,17,93,6312,5030
TGAGATTAGGCCCTAA-1,0,16,94,6199,4833
AGTGTATTGCGCATTG-1,0,17,95,6085,5030
GTTGGATTCAGTGGCT-1,0,16,96,5973,4832
TAAAGCTGCAATAGGG-1,0,17,97,5859,5029
AGTAGGAAGGAAGTTG-1,0,16,98,5746,4832
TATCACTTCGAGTAAC-1,0,17,99,5633,5028
TGATCTACGCTGATCT-1,0,16,100,5520,4831
GGATCATCCCGTACGC-1,0,17,101,5406,5028
TGACACTTCTCTTTGC-1,0,16,102,5293,4830
AGCCCTTCTAATCCGA-1,0,17,103,5180,5027
CACCGCGTCCACTCTA-1,0,16,104,5067,4830
TAATTGGAATCGGGAA-1,0,17,105,4953,5027
TCGTAAGCTCCGAGGA-1,0,16,106,4840,4829
TATATTACAAATGTCG-1,0,17,107,4727,5026
CGCGAGAGGGACTTGT-1,0,16,108,4614,4829
GGACCTACGGTAACGT-1,0,17,109,4500,5025
GAAATATGCTTGAATG-1,0,16,110,4387,4828
CCGTATTAGCGCAGTT-1,0,17,111,4274,5025
AGGCGTCTATGGACGG-1,0,16,112,4161,4827
AACATCGATACGTCTA-1,0,17,113,4047,5024
TGAATATGCTATAAAC-1,0,16,114,3935,4827
ACCAAACACCCAGCGA-1,0,17,115,3821,5023
TGGCTTGTACAAGCTT-1,0,16,116,3708,4826
GAATGAAGGTCTTCAG-1,0,17,117,3594,5023
AGATACCAGCACTTCA-1,0,16,118,3482,4825
GCGGTCCCGGTGAAGG-1,0,17,119,3368,5022
GAGGCATTTGCAGCAG-1,0,16,120,3255,4825
GGCAAGCCAGGGATAG-1,0,17,121,3141,5021
TCTACGGGCTCAGTTG-1,0,16,122,3029,4824
TCTGCGAATCGTTCGC-1,0,17,123,2915,5021
AGCTCGTTGATGGAAA-1,0,16,124,2802,4823
TGAATGAGATACAGCA-1,0,17,125,2688,5020
ACCCTTGCCTGGGTCG-1,0,16,126,2576,4823
GGCGAACCGTTCTGAT-1,0,17,127,2462,5019
GCGATGTCTGTGCTTG-1,0,18,0,16842,5257
ATTAACACCTGAGATA-1,0,19,1,16728,5454
GAAATCTGACCAAGTT-1,0,18,2,16616,5257
CCTGACAAACTCGCGC-1,0,19,3,16502,5453
ATGTCATTTCCCATTG-1,0,18,4,16389,5256
GCGGTGCGGAGCATCG-1,0,19,5,16276,5453
CGGAAAGCAAATGTGC-1,0,18,6,16163,5255
GCTGAGCAACGGTTCT-1,0,19,7,16049,5452
TCACTCTTCGTCTGTC-1,0,18,8,15936,5255
GATCTTCATTGTCCTC-1,0,19,9,15823,5451
ACTCGATGTATTTCAT-1,0,18,10,15710,5254
TGAAGAGCGGTCCTAG-1,0,19,11,15596,5451
TAAACGTCGTCAATGA-1,0,18,12,15483,5253
ACGTTATTGGTCACTC-1,0,19,13,15370,5450
ATAGCCTCAGTACCCA-1,1,18,14,15257,5253
CGGGAGTATACCGCCG-1,1,19,15,15143,5449
GTCCTACAGGCGGCTC-1,1,18,16,15031,5252
CGGATAAGCGGACATG-1,1,19,17,14917,5449
AACTTCTGCGTCTATC-1,1,18,18,14804,5251
GGGTTCAGACGAACAA-1,1,19,19,14690,5448
AGTCTGGACATCCTTG-1,1,18,20,14578,5251
TTGAACGAATCCTTTG-1,1,19,21,14464,5448
GAAATACTAAACGTTT-1,1,18,22,14351,5250
CCCGCGCAATGCACCC-1,1,19,23,14237,5447
TTCGGCTAGAGATGGT-1,1,18,24,14125,5250
GACACGAGTTAGAGGA-1,1,19,25,14011,5446
GAGGTCCCAAAGATCT-1,1,18,26,13898,5249
TAACTCCATGGAGGCT-1,1,19,27,13784,5446
CTTGTTTATGTAGCCA-1,1,18,28,13672,5248
GATGGCGCACACATTA-1,1,19,29,13558,5445
ATAATAGTGTAGGGAC-1,1,18,30,13445,5248
CGCTATTCAATGTATG-1,1,19,31,13331,5444
ATATTGCTGTCAAAGT-1,1,18,32,13219,5247
GGATTCAGTACGGTGG-1,1,19,33,13105,5444
TTCTTAGTGAACGGTG-1,1,18,34,12992,5246
AATGGTTCTCACAAGC-1,1,19,35,12878,5443
TATACACGCAAAGTAT-1,1,18,36,12766,5246
CTTCATAGCTCAAGAA-1,1,19,37,12652,5442
CAACGGTTCTTGATAC-1,1,18,38,12539,5245
ACACCCGAGAAATCCG-1,1,19,39,12426,5442
TCTATCATGCAGTTAC-1,1,18,40,12313,5244
CCCGCCATGCTCCCGT-1,1,19,41,12199,5441
CGCTTCCACTGAAATC-1,1,18,42,12086,5244
CACTGTCCAAGTGAGA-1,1,19,43,11973,5440
ATTACTAGCCTCTTGC-1,1,18,44,11860,5243
CATAGTAGCATAGTAG-1,1,19,45,11746,5440
CAACTCCTTGATCCCG-1,1,18,46,11633,5242
AAGTAGAAGACCGGGT-1,1,19,47,11520,5439
GCGGGAACCAGGCCCT-1,1,18,48,11407,5242
ATTAGATTGATAGCGG-1,1,19,49,11293,5439
CTCGGTCCGTAGCCTG-1,1,18,50,11181,5241
TGGCTTTGGGTAGACA-1,1,19,51,11067,5438
TATCCATATCATGCGA-1,1,18,52,10954,5241
GGAGTGCCGCCCTGGA-1,1,19,53,10840,5437
TGAGAATGCTTTACCG-1,0,18,54,10728,5240
TTAACCAACCCTCCCT-1,0,19,55,10614,5437
TGTTTCGGTACTTCTC-1,0,18,56,10501,5239
TTGCTGAAGGAACCAC-1,0,19,57,10387,5436
TATTTAGTCTAGATCG-1,0,18,58,10275,5239
CTCCGGCCTAATATGC-1,0,19,59,10161,5435
TTGTGGCCCTGACAGT-1,0,18,60,10048,5238
TCGCCGGTCGATCCGT-1,0,19,61,9934,5435
CCATAGGTTGGCGTGG-1,0,18,62,9822,5237
GAACGACCGAATGATA-1,0,19,63,9708,5434
TCCGATAATTGCCATA-1,0,18,64,9595,5237
CATTACGTCGGCCCGT-1,0,19,65,9481,5433
CAAGCACCAAATGCCT-1,0,18,66,9369,5236
TGCATGGATCGGATCT-1,0,19,67,9255,5433
GAAATCGCGCGCAACT-1,0,18,68,9142,5235
CTGAAAGAGATCCGAC-1,0,19,69,9028,5432
CACCTCGATGGTGGAC-1,0,18,70,8916,5235
ATTTGTTCCAGGGCTC-1,0,19,71,8802,5432
TGGGCCACAAGAGCGC-1,0,18,72,8689,5234
CCTTCTTGATCCAGTG-1,0,19,73,8576,5431
CCTCGCCAGCAAATTA-1,0,18,74,8463,5234
TTCATGGCGCAACAGG-1,0,19,75,8349,5430
TTAATCAGTACGTCAG-1,0,18,76,8236,5233
CCTATCTATATCGGAA-1,0,19,77,8123,5430
ATTATACTTTGCTCGT-1,0,18,78,8010,5232
ATGGATCCGGCGTCCG-1,0,19,79,7896,5429
CGCCCGCTTCCGTACA-1,0,18,80,7783,5232
GGATTCCGCTATACCC-1,0,19,81,7670,5428
CGGTCTATCAACCCGT-1,0,18,82,7557,5231
ATGCCGGTTGATGGGA-1,0,19,83,7443,5428
TCATGCAGGTTCTCAT-1,0,18,84,7331,5230
TGAGCTTTAATGACGC-1,0,19,85,7217,5427
TCCCTTAGATTACTCG-1,0,18,86,7104,5230
ATATCTCCCTCGTTAA-1,0,19,87,6990,5426
AGCTCTTCCCAGTGCA-1,0,18,88,6878,5229
TCGCTAAACCGCTATC-1,0,19,89,6764,5426
CACATTCTTTCGATGG-1,0,18,90,6651,5228
GATATGCGGTAGCCAA-1,0,19,91,6537,5425
CGTTTCACTTCGGGCG-1,0,18,92,6425,5228
CCAATTACGGGTCGAG-1,0,19,93,6311,5424
GCAGGTAGAGTATGGT-1,0,18,94,6198,5227
GTCGTATTGGCGTACA-1,0,19,95,6084,5424
GAAATTAGCACGGATA-1,0,18,96,5972,5226
AATGCACCAAGCAATG-1,0,19,97,5858,5423
AGGACGCTCGATGTTG-1,0,18,98,5745,5226
GGCTAAAGGGCGGGTC-1,0,19,99,5631,5423
CATCTATCCCGTGTCT-1,0,18,100,5519,5225
CAGTAACTATTTATTG-1,0,19,101,5405,5422
CATATACTACTGATAA-1,0,18,102,5292,5225
GCGTTCGGAGACCGGG-1,0,19,103,5178,5421
AAGTTCAGTCTGCGTA-1,0,18,104,5066,5224
CGAAGCTATAAATTCA-1,0,19,105,4952,5421
CGCGGTCACAAACCAA-1,0,18,106,4839,5223
GGGAATGAGCCCTCAC-1,0,19,107,4726,5420
ACGGAGCGCAAATTAC-1,0,18,108,4613,5223
CGTTCTTCGCACACCT-1,0,19,109,4499,5419
GAATAGCCCTGCGGTC-1,0,18,110,4386,5222
AATAGCTACCGCGTGC-1,0,19,111,4273,5419
CCGAGCTGTGCTTGTC-1,0,18,112,4160,5221
GATGACGATGATCGCG-1,0,19,113,4046,5418
GCCTATGCTGGGCCTT-1,0,18,114,3933,5221
TTACTGTCTAGAGCTC-1,0,19,115,3820,5417
AGCGGTTGCCGCTCTG-1,0,18,116,3707,5220
GCTTGCAGCACAATTG-1,0,19,117,3593,5417
CCGGAGGTCTTATGGT-1,0,18,118,3480,5219
ACAGTATACCGTGGGA-1,0,19,119,3367,5416
GGGATCCCAATACAAA-1,0,18,120,3254,5219
ATTACGACTCCACAGT-1,0,19,121,3140,5415
CTCACACGCAAGCCTA-1,0,18,122,3028,5218
CCAGATGTAAATGGGT-1,0,19,123,2914,5415
GAACTTGTGCACGGGA-1,0,18,124,2801,5217
AAGCCGCTTTACCTTG-1,0,19,125,2687,5414
TCCATTCCCACTAGAG-1,0,18,126,2575,5217
AGAGCGCTTGTAACGG-1,0,19,127,2461,5414
TGGGTTCCCGGACGGA-1,0,20,0,16841,5651
GCTGCGCCTCCCACGT-1,0,21,1,16727,5848
CTGTTGGCTCTTCTGA-1,0,20,2,16615,5651
TTGTTCTAGATACGCT-1,0,21,3,16501,5847
CCCTCAAGCTCTTAGT-1,0,20,4,16388,5650
TGGTCTAGCTTACATG-1,0,21,5,16274,5847
ATGCACCTTCCTTAAT-1,0,20,6,16162,5649
GGGATACGGTAATAAT-1,0,21,7,16048,5846
AGTTCACCGGTTGGAC-1,0,20,8,15935,5649
GACATACTGTCGCAGA-1,0,21,9,15821,5845
TGGACACCGTTGCTTG-1,0,20,10,15709,5648
TGCGATGCTAATGGCT-1,0,21,11,15595,5845
TTCTGTTTCCTGTCGC-1,0,20,12,15482,5647
CGTTGTAAACGTCAGG-1,0,21,13,15369,5844
GATCGGCGATAAGTCG-1,1,20,14,15256,5647
AGCCTTAAAGCGGAAG-1,1,21,15,15142,5844
TCCGTAACCACAATCC-1,1,20,16,15029,5646
GAATGCCGAAATGACC-1,1,21,17,14916,5843
TATACTCATGCGGCAA-1,1,20,18,14803,5646
TAGTGTCAGAAACGGC-1,1,21,19,14689,5842
CGTCATACCATATCCA-1,1,20,20,14576,5645
TAGTACCTTAGTGGTC-1,1,21,21,14463,5842
CTGGCGGGAATAAGTA-1,1,20,22,14350,5644
AGTGTGGTCTATTGTG-1,1,21,23,14236,5841
GCTATCGCGGCGCAAC-1,1,20,24,14124,5644
CAGTAATCCCTCCCAG-1,1,21,25,14010,5840
GTATTAAGGCGTCTAA-1,1,20,26,13897,5643
CTAATTTCAACAACAC-1,1,21,27,13783,5840
TTAGCAACATGGATGT-1,1,20,28,13671,5642
ATGCTCAGTGTTGCAT-1,1,21,29,13557,5839
GATGTTTGTGCGAGAT-1,1,20,30,13444,5642
CACTTCGCCACAGGCT-1,1,21,31,13330,5838
CTGTATGGTGTAGAAA-1,1,20,32,13218,5641
TACGTGCACTATGCTG-1,1,21,33,13104,5838
GTATCAGCTTGGGTTC-1,1,20,34,12991,5640
TAACAAAGGGAGAAGC-1,1,21,35,12877,5837
TTACATCGTGGCCTGG-1,1,20,36,12765,5640
TCTGAACCGGTCGGCT-1,1,21,37,12651,5836
GGCTCGTGCCACCAGC-1,1,20,38,12538,5639
TATAAGTGAGGATAGC-1,1,21,39,12424,5836
GCCCGCGCGTTTGACA-1,1,20,40,12312,5638
TGCTGGTTGGACAATT-1,1,21,41,12198,5835
GCCTAGCGATCTGACC-1,1,20,42,12085,5638
CCATGCTCTGCAGGAA-1,1,21,43,11971,5835
TATAAATCCACAAGCT-1,1,20,44,11859,5637
CGCTCGACATAATGAT-1,1,21,45,11745,5834
CCAATTGAATGTTAAT-1,1,20,46,11632,5637
GCTAATACCGAATGCC-1,1,21,47,11519,5833
TTCAACGACCCGACCG-1,1,20,48,11406,5636
TTCCTCGAGGGTGTCT-1,1,21,49,11292,5833
CAACGACCCGTTTACA-1,1,20,50,11179,5635
CTTGTACTTGTTGACT-1,0,21,51,11066,5832
TCTCTAATAGCTGGTA-1,0,20,52,10953,5635
ATTATGCCATAGGGAG-1,1,21,53,10839,5831
GACAACGCAGCTTACG-1,1,20,54,10726,5634
AGATGACTCGCCCACG-1,1,21,55,10613,5831
GTGCGGGTCTCCAAAT-1,0,20,56,10500,5633
GTACGAGATTGCGACA-1,1,21,57,10386,5830
GTATAGGACTCAGTAG-1,0,20,58,10274,5633
TTGCACGGAGCAGCAC-1,0,21,59,10160,5829
CACAGCTAGGGAGTGA-1,0,20,60,10047,5632
ATACTAGCATGACCCT-1,0,21,61,9933,5829
CCAAGACTTCTGCGAA-1,0,20,62,9821,5631
ACATAATAAGGCGGTG-1,0,21,63,9707,5828
TAATACACAGTAGTAT-1,0,20,64,9594,5631
TCTTGGTAACACCAAA-1,0,21,65,9480,5827
AACTGGGTCCCGACGT-1,0,20,66,9368,5630
ATCACTTCATCCTCGC-1,0,21,67,9254,5827
TGGAAGGATAAAGATG-1,0,20,68,9141,5629
CATGATGCACAATTCT-1,0,21,69,9027,5826
TGCCTGATCAAACGAT-1,0,20,70,8915,5629
ATAGGGATATCCTTGA-1,0,21,71,8801,5826
CACCTAATCAGTTTAC-1,0,20,72,8688,5628
TGTGACTACGCCAGTC-1,0,21,73,8574,5825
CCCGACCATAGTCCGC-1,0,20,74,8462,5628
CGCGCCCGACTTAATA-1,0,21,75,8348,5824
TGCCACCTGGCGAAAC-1,0,20,76,8235,5627
CTGCCAAGGTTGGAAG-1,0,21,77,8121,5824
TCTCCAACGTAGGTTA-1,0,20,78,8009,5626
TTCTTGGAGTAATGAG-1,0,21,79,7895,5823
GTCTCGATCTGCTTTC-1,0,20,80,7782,5626
TACTCTCCGAACAAAT-1,0,21,81,7669,5822
ATCACATTAGAATATC-1,0,20,82,7556,5625
TACGGGATGCTAGCAG-1,0,21,83,7442,5822
AGCTGAAGTAAACCAA-1,0,20,84,7329,5624
CATGGGTCGGGTGTGG-1,0,21,85,7216,5821
CACCCACGAGGCAATT-1,0,20,86,7103,5624
TGCCATTACTAAAGAA-1,0,21,87,6989,5820
CCGTTACGTTAGAACA-1,0,20,88,6876,5623
GCCAGGAGTAACCGAT-1,0,21,89,6763,5820
GGAAAGTGCCCATGCC-1,0,20,90,6650,5622
TCTTACCGGAACTCGT-1,0,21,91,6536,5819
TATGTCAAGACCGACT-1,0,20,92,6424,5622
CCTAACTAAGGCTCTA-1,0,21,93,6310,5819
GCGGTGAACTGCGCTC-1,0,20,94,6197,5621
CCTCGCGCGATATAGG-1,0,21,95,6083,5818
ATCGGCAAGCAGTCCA-1,0,20,96,5971,5621
AGATCGTGCATAAGAT-1,0,21,97,5857,5817
ATTCAGGACCTATTTC-1,0,20,98,5744,5620
AGCTAGAAGCAGAAGT-1,0,21,99,5630,5817
TTCGCTATCTGACGTG-1,0,20,100,5518,5619
TTCCGCAGAGAAATAT-1,0,21,101,5404,5816
CAGTACATTCTCTAAA-1,0,20,102,5291,5619
GTGAAGATTTCAAGTG-1,0,21,103,5177,5815
AACGCATGATCTGGGT-1,0,20,104,5065,5618
CCCAGAGGAGGGCGTA-1,0,21,105,4951,5815
GGAAACCTTGTTGAAT-1,0,20,106,4838,5617
GTGAAGCCGTATAGTC-1,0,21,107,4724,5814
GAGCTGTCGTCTCGGA-1,0,20,108,4612,5617
TGTCATTTGTTGGGAA-1,0,21,109,4498,5813
ACCAACACCACACACT-1,0,20,110,4385,5616
AAATGATTCGATCAGC-1,0,21,111,4271,5813
CTGCTTTATGTCCGCG-1,0,20,112,4159,5615
GCGAGAGGCCATGTAA-1,0,21,113,4045,5812
ATTGACCGGCGATGAC-1,0,20,114,3932,5615
ACCCTGGTAACGCCCT-1,0,21,115,3819,5811
GTTGGACCGCATCAGG-1,0,20,116,3706,5614
CGTTTACAAGGCAGCT-1,0,21,117,3592,5811
CGGTCCATGAGACTCC-1,0,20,118,3479,5613
GTTCGTCTGGGTCCCT-1,0,21,119,3366,5810
TGTACTACTCTCACGG-1,0,20,120,3253,5613
AGTGAAGATGGTGTCC-1,0,21,121,3139,5810
GAGGGCCATAATATTA-1,0,20,122,3026,5612
ACTCCCGTAGACTAGG-1,0,21,123,2913,5809
CGTCAAATGGTCGCAG-1,0,20,124,2800,5612
AAGTCTAGTAGCTGCC-1,0,21,125,2686,5808
AAGAAATCACCAGATT-1,0,20,126,2573,5611
GAGTGCACGGACAACA-1,0,21,127,2460,5808
GTTCAAATCAGATGTC-1,0,22,0,16840,6045
CATGGCTCCCTATGTC-1,0,23,1,16726,6242
GGCCACACGAAAGCCT-1,0,22,2,16614,6045
GAAGCCGGGTAAGCTC-1,0,23,3,16500,6241
TTGCGCTCTCTCGCTT-1,0,22,4,16387,6044
TACATGACCTTATCCG-1,0,23,5,16273,6241
GTCCTTCTACAACCCA-1,0,22,6,16161,6043
TATATGCTGGGTTGCC-1,0,23,7,16047,6240
GTTTATGGGATTTAGA-1,0,22,8,15934,6043
GGAACCCGAACAAGAA-1,0,23,9,15820,6240
AACGTTATCAGCACCT-1,0,22,10,15708,6042
CATCGTCCGGTTACTA-1,0,23,11,15594,6239
AGACAGCTCAGAATCC-1,0,22,12,15481,6042
GCAGATCCTCGCAAAT-1,1,23,13,15367,6238
GGGTCATGCGTACCAT-1,1,22,14,15255,6041
CTGGTCATTCCAATCC-1,1,23,15,15141,6238
TCAGGGCGCAAACTCG-1,1,22,16,15028,6040
GATGCCAGCAGAAGGC-1,1,23,17,14914,6237
GTTATTAACGTGGGAG-1,1,22,18,14802,6040
AATACAATGTTTCAGG-1,1,23,19,14688,6236
TTGCTGCACCTATCCA-1,1,22,20,14575,6039
CCAGAGACAAAGCCGG-1,1,23,21,14462,6236
CCGAAGTATATTGTTC-1,1,22,22,14349,6038
GCTAAACCTGAGGTGA-1,1,23,23,14235,6235
TCATACTTACAGATCC-1,1,22,24,14122,6038
CGAGCACTTCAAGTTT-1,1,23,25,14009,6234
TAGCAACCTGTCACAA-1,1,22,26,13896,6037
TGGGAAATGCCTTTCC-1,1,23,27,13782,6234
AGACCATGGGATACAA-1,1,22,28,13669,6036
TAAATGAATCCGTTTC-1,1,23,29,13556,6233
ACAACGGTCCCTGCGA-1,1,22,30,13443,6036
GTCACTCTCCAAATCT-1,1,23,31,13329,6232
TTCTACTTGCGAGGGC-1,1,22,32,13217,6035
CGCAATTACTTTCGGT-1,1,23,33,13103,6232
CTGTTCATCTCACGGG-1,1,22,34,12990,6034
TTCTTGTAACCTAATG-1,1,23,35,12876,6231
GCTTGATGATAATCAG-1,1,22,36,12764,6034
TTGGCTCGCATGAGAC-1,1,23,37,12650,6231
GCCCAGTTGGTATGCC-1,1,22,38,12537,6033
ATTCCTCCGCCAGTGC-1,1,23,39,12423,6230
TCGTCCGCTGGCGTCT-1,1,22,40,12311,6033
GGAGAAGTCATTGGCA-1,1,23,41,12197,6229
TTGTTAGCAAATTCGA-1,1,22,42,12084,6032
TCTAGCATCTTCGATG-1,1,23,43,11970,6229
TTCTAGGCCAATTGTG-1,1,22,44,11858,6031
TCACGGTCATCGCACA-1,1,23,45,11744,6228
ATGAAGCCAAGGAGCC-1,1,22,46,11631,6031
AATGACTGTCAGCCGG-1,1,23,47,11517,6227
CCAAACAGAACCCTCG-1,1,22,48,11405,6030
TATCGATGATTAAACG-1,1,23,49,11291,6227
GAACACACATCAACCA-1,1,22,50,11178,6029
CCCGTCAGCGTCTGAC-1,1,23,51,11064,6226
AGCATCGTCGATAATT-1,1,22,52,10952,6029
GACTAAGATCATGCAC-1,0,23,53,10838,6225
TAGGGTGTTTCAAGAG-1,0,22,54,10725,6028
TGGTTCGTAGCAAAGG-1,0,23,55,10612,6225
CTGTTCACTGCCTGTG-1,0,22,56,10499,6027
ATGTGCATCCGACGCA-1,0,23,57,10385,6224
TTGTCGTTCAGTTACC-1,0,22,58,10272,6027
CGGGATCAATGTAAGA-1,0,23,59,10159,6223
TTATCTGTATCATAAC-1,0,22,60,10046,6026
ATCGACTCTTTCCGTT-1,0,23,61,9932,6223
CTCATTTGATGGGCGG-1,0,22,62,9819,6025
GTAAGCGGGCAGTCAG-1,0,23,63,9706,6222
TCTATCGGTCGCAACA-1,0,22,64,9593,6025
AACGCGGTCTCCAGCC-1,0,23,65,9479,6222
ATTAATACTACGCGGG-1,0,22,66,9367,6024
CTTTAACTTTCAAAGG-1,0,23,67,9253,6221
CGTACCTGATAGGCCT-1,0,22,68,9140,6024
GAATGTTGGGTAATCT-1,0,23,69,9026,6220
TGCGGAGTAAAGGTGC-1,0,22,70,8914,6023
CCTGAATATTTACATA-1,0,23,71,8800,6220
TTGCTCCCATACCGGA-1,0,22,72,8687,6022
CCTCTAATCTGCCAAG-1,0,23,73,8573,6219
AGGTTGAGGCACGCTT-1,0,22,74,8461,6022
TCCCGTCAGTCCCGCA-1,0,23,75,8347,6218
TCCGATGACTGAGCTC-1,0,22,76,8234,6021
CAGCCTCCTGCAGAGG-1,0,23,77,8120,6218
CTTAGCCTTCCACATG-1,0,22,78,8008,6020
ATTAATGAACCAGTCG-1,0,23,79,7894,6217
ACGATACATAGAACTA-1,0,22,80,7781,6020
AGCCACTCCCGTGCTT-1,0,23,81,7667,6216
ATACGGGTTTCGATTG-1,0,22,82,7555,6019
CTGTCAAATGGCTCGG-1,0,23,83,7441,6216
GCTCGGAATTTAAAGC-1,0,22,84,7328,6018
TAGGCATGTTACGCCA-1,0,23,85,7214,6215
TGGCAACTCGCGCGCC-1,0,22,86,7102,6018
ATCAGTAGGCAGGGAT-1,0,23,87,6988,6214
TATCGATCTATGCATA-1,0,22,88,6875,6017
CGACTCAGGATGTTAT-1,0,23,89,6762,6214
GCCATATTGCACACAG-1,0,22,90,6649,6016
AATTCATAAGGGATCT-1,0,23,91,6535,6213
CGGTAGAGGTGCAGGT-1,0,22,92,6422,6016
AATGATGATACGCTAT-1,0,23,93,6309,6213
CTTGTGCTCACCGATT-1,0,22,94,6196,6015
TTCCAATCAGAGCTAG-1,0,23,95,6082,6212
CGATGGACCCTACGCC-1,0,22,96,5969,6015
GGTCGGATAAACGGCG-1,0,23,97,5856,6211
TTAGCTAATACGATCT-1,0,22,98,5743,6014
CTCGATATTTGCGAGC-1,0,23,99,5629,6211
ATTACTTACTGGGCAT-1,0,22,100,5517,6013
CTAGCCGATGTTATGA-1,0,23,101,5403,6210
TACTGCAATCAATTAC-1,0,22,102,5290,6013
TAGTCTGTGACGTTGC-1,0,23,103,5176,6209
CTCGTTTCTAATGTTT-1,0,22,104,5064,6012
TTCGTTCAACGAAGTT-1,0,23,105,4950,6209
CTGAATTTATTGCCAG-1,0,22,106,4837,6011
TGGAATATCCTTGACC-1,0,23,107,4723,6208
CAGATCATTTAAAGTC-1,0,22,108,4611,6011
CTCCTTTACGCAAGTC-1,0,23,109,4497,6207
TCCCAAACAGACAACG-1,0,22,110,4384,6010
ATCGCTGCGTGCAGCA-1,0,23,111,4270,6207
TTAGTTCAAGTGTTCG-1,0,22,112,4158,6009
AAACTCGTGATATAAG-1,0,23,113,4044,6206
TTAACGAACAAGCAGT-1,0,22,114,3931,6009
GTTATATCAGGAGCCA-1,0,23,115,3817,6206
CAAATTGGATTATGCC-1,0,22,116,3705,6008
CGAGGAGCTTCCATAT-1,0,23,117,3591,6205
GGAGACCAATGTGCTT-1,0,22,118,3478,6008
CATTGATGAACACGCC-1,0,23,119,3364,6204
GTCAATGCTATAATTT-1,0,22,120,3252,6007
ACCACCCTCTCTTCTA-1,0,23,121,3138,6204
TGGAGGGAAACACCTC-1,0,22,122,3025,6006
CACGGACGTGGATGGC-1,0,23,123,2912,6203
AACTTTCTCGATCATG-1,0,22,124,2799,6006
CGTATTGTTTCCTAAT-1,0,23,125,2685,6202
CCTACTGCGGCGGCCA-1,0,22,126,2572,6005
CTTAGGTCCCAATCGT-1,0,23,127,2459,6202
CGCAATCGATCATTAG-1,0,24,0,16839,6439
TGGTTATGCTTGCGGT-1,0,25,1,16725,6636
GGCTTGGCTCTCACCT-1,0,24,2,16612,6439
ATTGGTAGGATCCGCT-1,0,25,3,16499,6636
TCAGGGCGACTTCCTT-1,0,24,4,16386,6438
TCTGCAGATTCGAGTC-1,0,25,5,16272,6635
CTCTCGCTGTACTATG-1,0,24,6,16160,6438
AATAGTCGCGAGTCGG-1,0,25,7,16046,6634
AGTTACCCTTAAGACT-1,0,24,8,15933,6437
CTTAAATAAGACCCAT-1,0,25,9,15819,6634
GGTTGTGCTCTTGTCC-1,0,24,10,15707,6436
GTGAGTCTAAGACGGA-1,1,25,11,15593,6633
CGCGACACTGCGCAGC-1,1,24,12,15480,6436
GCTCGCGGTTCCGCTC-1,1,25,13,15366,6632
TTAACTCACGCGTGGA-1,1,24,14,15254,6435
GGAACGGCCTGCAGCC-1,1,25,15,15140,6632
GTAGAAACGGGTGGAG-1,1,24,16,15027,6434
TAATGAAAGACCCTTG-1,1,25,17,14913,6631
AGGCTTGCTAGACACC-1,1,24,18,14801,6434
TTGCGTAGTTTGAGGA-1,1,25,19,14687,6630
CGCCCTTGAAGGCTGA-1,1,24,20,14574,6433
CCCGGTGGAAGAACCT-1,1,25,21,14460,6630
TTAACACCTCGAACAT-1,1,24,22,14348,6432
GATTCCTATACGGCGC-1,1,25,23,14234,6629
TTACCCTAACAGTCCT-1,1,24,24,14121,6432
ACCCACCTACATGCTC-1,1,25,25,14007,6628
AAAGGGCAGCTTGAAT-1,1,24,26,13895,6431
CACACAGGGATAGATT-1,1,25,27,13781,6628
AGAGCGTACAAGCTCG-1,1,24,28,13668,6430
TCTTACGGCATCCGAC-1,1,25,29,13555,6627
GCCTATTCCGATATAG-1,1,24,30,13442,6430
GAAAGTGACTAACTGC-1,1,25,31,13328,6627
CCGGAATGGTTTCAGT-1,1,24,32,13215,6429
AGTATAATACTAGGCA-1,1,25,33,13102,6626
TAACTATCGAAGGTCC-1,1,24,34,12989,6429
ATGAGGAGTGTTAATC-1,1,25,35,12875,6625
TGTGTCGCGAGTTGCA-1,1,24,36,12762,6428
ATCCAACGCAGTCATA-1,1,25,37,12649,6625
AAGGCGCGTAAAGCTT-1,1,24,38,12536,6427
AGTCGGCCCAAACGAC-1,1,25,39,12422,6624
AACGTCAGACTAGTGG-1,1,24,40,12310,6427
ACTACCAGCTCTCTGG-1,1,25,41,12196,6623
GCAAGTGCACAGAGAA-1,1,24,42,12083,6426
ACACCTTAAGTAGGGC-1,1,25,43,11969,6623
TTCGACGGGAAGGGCG-1,1,24,44,11857,6425
TTCGCACTCGCGTGCT-1,1,25,45,11743,6622
TATTTGTTACCCTTTA-1,1,24,46,11630,6425
CGCTGTGACGCCGCAC-1,1,25,47,11516,6621
GTTGCACGGAGTTTCG-1,1,24,48,11404,6424
GTTTCCTGGAGGGTGA-1,1,25,49,11290,6621
ACACCCAGCATGCAGC-1,1,24,50,11177,6423
TCAACCATGTTCGGGC-1,0,25,51,11063,6620
TTACAACTACGCATCC-1,0,24,52,10951,6423
TCCGATGGTGCGACAT-1,0,25,53,10837,6619
GGGCGTACATTTATAT-1,0,24,54,10724,6422
AGCGACCAACGATATT-1,0,25,55,10610,6619
ACACAAAGACGGGTGG-1,0,24,56,10498,6421
ATCGCACGCCGGGAGA-1,0,25,57,10384,6618
GCTCTAAACCCTGACG-1,0,24,58,10271,6421
AATGCAACCGGGTACC-1,0,25,59,10157,6618
TCAAACAACCGCGTCG-1,0,24,60,10045,6420
TATGCTCCCTACTTAC-1,0,25,61,9931,6617
AAAGGGATGTAGCAAG-1,0,24,62,9818,6420
ACGATCATACATAGAG-1,0,25,63,9705,6616
TTGTTCAGTGTGCTAC-1,0,24,64,9592,6419
ATGCATGATCCAGGAT-1,0,25,65,9478,6616
AGTCTTCTCCTCAAAT-1,0,24,66,9365,6418
GATTCCCTTGTCGCAG-1,0,25,67,9252,6615
CTCGCACCTATATAGT-1,0,24,68,9139,6418
ACTCAATAAAGGCACG-1,0,25,69,9025,6614
AACCGAGCTTGGTCAT-1,0,24,70,8912,6417
TAAGGCAACATAAGAT-1,0,25,71,8799,6614
CACGCACAGCGCAGCT-1,0,24,72,8686,6416
GGTTTACAATCTCAAT-1,0,25,73,8572,6613
TGCAGGATCGGCAAAG-1,0,24,74,8460,6416
ATAACGGAGTCCAACG-1,0,25,75,8346,6612
AACGATATGTCAACTG-1,0,24,76,8233,6415
GACAACGACCATTGAA-1,0,25,77,8119,6612
TTGACCATGTTCTCCG-1,0,24,78,8007,6414
AGTACGGGCACCTGGC-1,0,25,79,7893,6611
CGCCATCCGATTATGA-1,0,24,80,7780,6414
AAGGTATCCTAATATA-1,0,25,81,7666,6610
TGTTGTCAAGAAGTCT-1,0,24,82,7554,6413
CAGTGAATAAATGACT-1,0,25,83,7440,6610
CACCTTGCGAAACTCG-1,0,24,84,7327,6412
CATTTAGCGGACCATG-1,0,25,85,7213,6609
CCAGTCTAGACGGCGC-1,0,24,86,7101,6412
TCGCTTTAAACGTTTG-1,0,25,87,6987,6609
GTGAAACGGCGCCACC-1,0,24,88,6874,6411
GGGCTCATCGAACCCA-1,0,25,89,6760,6608
TTGATGTGTAGTCCCG-1,0,24,90,6648,6411
CAGTAGCCCACGCGGT-1,0,25,91,6534,6607
AGCGCGGGTGCCAATG-1,0,24,92,6421,6410
TAATCGATCCGTACGT-1,0,25,93,6307,6607
AGTGGCGGCAATTTGA-1,0,24,94,6195,6409
CCTTTCAATGAAGAAA-1,0,25,95,6081,6606
CTCAGTCACGACAAAT-1,0,24,96,5968,6409
ATAGGCTAGCTTCGCA-1,0,25,97,5855,6605
CGGTTCAAGTAGGTGT-1,0,24,98,5742,6408
CAGTCGAGGATGCAAT-1,0,25,99,5628,6605
TATCACCCAACCGACC-1,0,24,100,5515,6407
AATGATGCGACTCCTG-1,0,25,101,5402,6604
TGGAACCACTGACACA-1,0,24,102,5289,6407
GCCAATAGGGCATCTC-1,0,25,103,5175,6603
TTCTTTGGTCGCGACG-1,0,24,104,5062,6406
ATTAGATTCCTCAGCA-1,0,25,105,4949,6603
CCGTGGAACGATCCAA-1,0,24,106,4836,6405
GGGTCGTGGCAAGTGT-1,0,25,107,4722,6602
TCGCTCGGCACCAGCG-1,0,24,108,4609,6405
ACGCAATCACTACAGC-1,0,25,109,4496,6601
CTCTAATGCATTGATC-1,0,24,110,4383,6404
GTCTCGACTAAGTTTG-1,0,25,111,4269,6601
TGGTTTAAACGTGGGT-1,0,24,112,4157,6403
CGCAGATCTTCACCCG-1,0,25,113,4043,6600
TCCAGATGTACGCCAA-1,0,24,114,3930,6403
CATTGCGGGTCAATTC-1,0,25,115,3816,6600
GACGTTCGTAAATACA-1,0,24,116,3704,6402
TACACCGTCGTTAGTC-1,0,25,117,3590,6599
ACGGGCGTATGCGACA-1,0,24,118,3477,6402
GAAGGCTACCATTGTT-1,0,25,119,3363,6598
TAAATCTTTACACCTC-1,0,24,120,3251,6401
AGTTTATGTAAAGACA-1,0,25,121,3137,6598
AGGAGACATCCACAGT-1,0,24,122,3024,6400
CAACCTGAACCTGCCA-1,0,25,123,2910,6597
AGTCCCTCGCAGAAAG-1,0,24,124,2798,6400
TGTATACGGATGATGA-1,0,25,125,2684,6596
TTGTGGTATAGGTATG-1,0,24,126,2571,6399
TCTGCACCATTAGTAA-1,0,25,127,2457,6596
AAATGTATCTTATCCC-1,0,26,0,16838,6833
ACTCTAAACCTGGGAT-1,0,27,1,16724,7030
GCTGGCAGGTGCCGTG-1,0,26,2,16611,6833
CTCATTCGTGAACATC-1,0,27,3,16498,7030
TCGCCGGATGGGCAAG-1,0,26,4,16385,6832
GGACTAAGTCAGGAGT-1,0,27,5,16271,7029
TATCAAAGGTCTGTAA-1,0,26,6,16158,6832
TTCAGTTTGTGGCAGC-1,0,27,7,16045,7028
TGTTCATAAATGTGCT-1,0,26,8,15932,6831
CTTAGCCCGGATAGTG-1,0,27,9,15818,7028
GATGCGAATGGTATTA-1,1,26,10,15705,6830
TCTAACTGTATGTAAA-1,1,27,11,15592,7027
TTAAACCTGGTTCCTT-1,1,26,12,15479,6830
GCTAAGTAAAGGCGAT-1,0,27,13,15365,7026
AGTTACCGCACATGGT-1,1,26,14,15253,6829
GACTGCGGCACGTGTA-1,0,27,15,15139,7026
TGGTGATCGTATTTGT-1,1,26,16,15026,6828
TTATCGCCTGCGAAGC-1,0,27,17,14912,7025
TGGAATTAGACGCTTT-1,0,26,18,14800,6828
TCGTCACACTGTTAGC-1,0,27,19,14686,7024
TTATGTTTGCGATAGA-1,1,26,20,14573,6827
GGTGCTGATCACAAAG-1,0,27,21,14459,7024
CATAGCCGCCCGGGAT-1,1,26,22,14347,6826
GGTTAGTTACGGCGCC-1,0,27,23,14233,7023
ATTCCCACATAAACAA-1,1,26,24,14120,6826
ATTCAGTAGCAGGGTC-1,0,27,25,14006,7023
CAGTTCCGCGGGTCGA-1,1,26,26,13894,6825
AAGAGATGAATCGGTA-1,0,27,27,13780,7022
CGCAATTCTACAATAA-1,0,26,28,13667,6825
TAACGCTTTGAGAGCG-1,0,27,29,13553,7021
AGGCTATGGTTAGCTT-1,0,26,30,13441,6824
GAGGAATGGAGAGGTT-1,0,27,31,13327,7021
TCCTCTACGAGATGGC-1,1,26,32,13214,6823
TTGATTATGCAGATGA-1,0,27,33,13100,7020
TCAGTACTGACCCGCG-1,0,26,34,12988,6823
TTATGACAAACTGGAT-1,0,27,35,12874,7019
GTAAGTAGGGTATACC-1,0,26,36,12761,6822
CGCAAACACGAGTTAC-1,0,27,37,12648,7019
TGGCCGTATATTGACC-1,0,26,38,12535,6821
ACTGTAGCACTTTGGA-1,0,27,39,12421,7018
GCTCTATGTTACGTGC-1,0,26,40,12308,6821
TGCGCGATTAACGGAG-1,0,27,41,12195,7017
GAATCGACATGGTCAC-1,0,26,42,12082,6820
GACTAAGTAGGCTCAC-1,0,27,43,11968,7017
ATCTTGACCTGCAACG-1,0,26,44,11855,6819
ATGCACTACCGCATTG-1,0,27,45,11742,7016
CAGATACTAACATAGT-1,0,26,46,11629,6819
GATCGACACTATCTGA-1,0,27,47,11515,7015
ATAGAGTACTGGGACA-1,0,26,48,11403,6818
CCTACTGCTTACACTT-1,0,27,49,11289,7015
CCTGCTATTTGAGAAG-1,0,26,50,11176,6817
CGCGTTCATGAAATAC-1,0,27,51,11062,7014
CATTATGCTTGTTGTG-1,0,26,52,10950,6817
CCAGGGACGTGGCCTC-1,0,27,53,10836,7014
TATGGATGTGCTACGC-1,0,26,54,10723,6816
GTACTAAGATTTGGAG-1,0,27,55,10609,7013
AGACCCGCCCTCCTCG-1,0,26,56,10497,6816
CGCATTAGCTAATAGG-1,0,27,57,10383,7012
GCTCTCGGGTACCGAA-1,0,26,58,10270,6815
CACCGCCAGAAGGTTT-1,0,27,59,10156,7012
TCCCAAAGACGAAGGA-1,0,26,60,10044,6814
ATGGATTGACCAAACG-1,0,27,61,9930,7011
GTCATGGACATGACTA-1,0,26,62,9817,6814
CTACTGCCACCTGACC-1,0,27,63,9703,7010
TTATATTTGGCAATCC-1,0,26,64,9591,6813
AGCACCAGTACTCACG-1,0,27,65,9477,7010
CATGGTCTAGATACCG-1,0,26,66,9364,6812
TCTACCGTCCACAAGC-1,0,27,67,9250,7009
CTAGTTGGGCCCGGTA-1,0,26,68,9138,6812
TCCCGCGTACTCCTGG-1,0,27,69,9024,7008
CAGAGCATGAGCTTGC-1,0,26,70,8911,6811
ACACGGGAACTTAGGG-1,0,27,71,8798,7008
GGCTCTGCTCCAACGC-1,0,26,72,8685,6810
AGAACGTGGTACATTC-1,0,27,73,8571,7007
CAATAAACCTTGGCCC-1,0,26,74,8458,6810
ACTTCGCCATACGCAC-1,0,27,75,8345,7006
ATCTGGTTAAGACTGT-1,0,26,76,8232,6809
TCGTAAGACGACATTG-1,0,27,77,8118,7006
GTGTACCTTGGCTACG-1,0,26,78,8005,6808
GCCCGTAATACCTTCT-1,0,27,79,7892,7005
CGGTCAAGTGGGAACC-1,0,26,80,7779,6808
TTGTAAGGCCAGTTGG-1,0,27,81,7665,7005
GGAGCACCAAGAACTA-1,0,26,82,7553,6807
TAATAGTGACGACCAG-1,0,27,83,7439,7004
CTAAATCCTATTCCGG-1,0,26,84,7326,6807
CGAGTTCTGTCCCACC-1,0,27,85,7212,7003
AGGCAGATGCGTAAAC-1,0,26,86,7100,6806
AAGGATGAGGGACCTC-1,0,27,87,6986,7003
AGAGAACCGTCTAGGA-1,0,26,88,6873,6805
GAGGGCGCAGCTCTGC-1,0,27,89,6759,7002
AAGATTGGCGGAACGT-1,0,26,90,6647,6805
CCAGTAGTCTGATCCA-1,0,27,91,6533,7001
AAGGGACAGATTCTGT-1,0,26,92,6420,6804
ATAGAGTTATCAACTT-1,0,27,93,6306,7001
AAATTACCTATCGATG-1,0,26,94,6194,6803
GATCCTAAATCGGGAC-1,0,27,95,6080,7000
TTACAGACCTAAATGA-1,0,26,96,5967,6803
CCTCACCTTAGCATCG-1,0,27,97,5853,6999
CATGCGACCAGTTTAA-1,0,26,98,5741,6802
AACATATCAACTGGTG-1,0,27,99,5627,6999
CTATAAGAGCCAATCG-1,0,26,100,5514,6801
AATATCGAGGGTTCTC-1,0,27,101,5400,6998
GTACTCCTGGGTATGC-1,0,26,102,5288,6801
ATAAGTAGGATTCAGA-1,0,27,103,5174,6997
AGGTCGCGGAGTTACT-1,0,26,104,5061,6800
CTAATTCTCAGATATT-1,0,27,105,4948,6997
GCCAACCATTTCCGGA-1,0,26,106,4835,6799
TGATCCCAGCATTAGT-1,0,27,107,4721,6996
CGTTGTAAGATTGATT-1,0,26,108,4608,6799
GAAACCATGGTGCGCT-1,0,27,109,4495,6996
AATCTATGCCGGAGCC-1,0,26,110,4382,6798
GACTCCCAGAATAAGG-1,0,27,111,4268,6995
TATGATCCGGCACGCC-1,0,26,112,4155,6798
CCGCTTGCTGACATGG-1,0,27,113,4042,6994
TGGTTAAGGGCGCTGG-1,0,26,114,3929,6797
TTGATAGTCAATACAT-1,0,27,115,3815,6994
GGTTTAATTGAGCAGG-1,0,26,116,3702,6796
CATTACATAGATTGTG-1,0,27,117,3589,6993
GGTACACCAGATTTAT-1,0,26,118,3476,6796
GGCCCGTATACCATGC-1,0,27,119,3362,6992
ATCTTTCGTATAACCA-1,0,26,120,3250,6795
GAGATGACAATCCTTA-1,0,27,121,3136,6992
AAAGCTTGCCTACATA-1,0,26,122,3023,6794
GAACGATAAGTTAAAG-1,0,27,123,2909,6991
TAATAGCTAAATGATG-1,0,26,124,2797,6794
TATGGCTAGGCTAATT-1,0,27,125,2683,6990
AGGAGAGTCTGGCTAC-1,0,26,126,2570,6793
TGCTCTGCCGGTTCAC-1,0,27,127,2456,6990
CCAATAGATTTCATCT-1,0,28,0,16837,7228
GGGCACGAATTGGCCG-1,0,29,1,16723,7424
TCGTTGACAGGGTCCC-1,0,28,2,16610,7227
ATCGTATTCCGAGAAC-1,0,29,3,16496,7424
GGGAATTCTGTCCAGT-1,0,28,4,16384,7226
ACGCGTTTCTTAAGAG-1,0,29,5,16270,7423
GAGAGCGCAGTCCCTG-1,0,28,6,16157,7226
GTCCTATTGTTGTGGT-1,0,29,7,16043,7422
CATCTGCAGGATCATT-1,0,28,8,15931,7225
GAGTCGACAGACCCTC-1,0,29,9,15817,7422
AAGTGCAAAGGTAGAC-1,0,28,10,15704,7224
AGGGTGGATAGTGCAT-1,0,29,11,15591,7421
TGATAGCGGGATTCTA-1,0,28,12,15478,7224
GTCAGTTTGGTAGTCG-1,0,29,13,15364,7420
GCATTCGAAATGAACA-1,0,28,14,15251,7223
AAAGACTGGGCGCTTT-1,0,29,15,15138,7420
TAACAATATTTGTTGC-1,0,28,16,15025,7222
CCAGCTTCCGCCCGCA-1,0,29,17,14911,7419
GATATGGATTACGCGG-1,0,28,18,14798,7222
AGAGCAGTTATGAGAC-1,0,29,19,14685,7418
TCACATCTTATCTGAT-1,0,28,20,14572,7221
TATGAAGACAGGTGCG-1,0,29,21,14458,7418
TACCTGCTGCACTGTG-1,0,28,22,14346,7220
TAGGTCCAAGTAAGGA-1,0,29,23,14232,7417
GAAACTCGTGCGATGC-1,0,28,24,14119,7220
AACAATTACTCTACGC-1,0,29,25,14005,7417
CCGCACGTGACCTCGG-1,0,28,26,13893,7219
AACTTGCCCGTATGCA-1,0,29,27,13779,7416
GGGTATGTATGCACTT-1,0,28,28,13666,7219
TTCGTACTCCAGAACG-1,0,29,29,13552,7415
GAATTTCTCGCTGCAG-1,0,28,30,13440,7218
AACAGGATGGGCCGCG-1,0,29,31,13326,7415
GACGTGTAGGGATTAT-1,0,28,32,13213,7217
TAGGTGAGCCCTACTC-1,0,29,33,13099,7414
CTAATTCGCACGCGCT-1,0,28,34,12987,7217
GAAGCTTGCTGACCGC-1,0,29,35,12873,7413
GGTTAGGCTTGGAGAA-1,0,28,36,12760,7216
ACAAGGACAAGAGGTT-1,0,29,37,12646,7413
AGGCCACCCGTTATGA-1,0,28,38,12534,7215
GTGGGCTTAGACACAC-1,0,29,39,12420,7412
CGTGTCCCATTCGCGA-1,0,28,40,12307,7215
TGGAGTGATGCGATGA-1,0,29,41,12193,7411
AACAACTGGTAGTTGC-1,0,28,42,12081,7214
CCTGGCTAGACCCGCC-1,0,29,43,11967,7411
CGCAATTAGGGTAATA-1,0,28,44,11854,7213
TCGAAATTTAGGACCA-1,0,29,45,11741,7410
AGACTAGCCTTCCAGA-1,0,28,46,11628,7213
TTGATCTAACTTTGTC-1,0,29,47,11514,7410
AAGGAGCGGTTGGTGC-1,0,28,48,11401,7212
ACTTGGGACCCGGTGG-1,0,29,49,11288,7409
TGATCTCCGGCGCCAG-1,0,28,50,11175,7212
CAGTTCAAATTGACAC-1,0,29,51,11061,7408
GTCCGGCTGAATTGCG-1,0,28,52,10948,7211
CTGGAAATGGATGCTT-1,0,29,53,10835,7408
TGATCGGTTTGACCCT-1,0,28,54,10722,7210
TAGAGTCTAAGCGAAC-1,0,29,55,10608,7407
GAGACTGATGGGTAGA-1,0,28,56,10496,7210
TAGCTAAGTCCGGGAG-1,0,29,57,10382,7406
GGGCGATATGTGTGAA-1,0,28,58,10269,7209
CTCGAGGTCGAACAGT-1,0,29,59,10155,7406
GATCCCTTTATACTGC-1,0,28,60,10043,7208
GTCATGCACCTCCGTT-1,0,29,61,9929,7405
ACTTTCCTATAGCTTC-1,0,28,62,9816,7208
TCGCTCGATATATTCC-1,0,29,63,9702,7404
ATAGGTTGGGCAGATG-1,0,28,64,9590,7207
CAATTAAGGGTGATGA-1,0,29,65,9476,7404
ACCGACTGAGTCCCAC-1,0,28,66,9363,7206
CCTGTCACCCGGGCTC-1,0,29,67,9249,7403
GATCGGTGGCCATAAC-1,0,28,68,9137,7206
CCTATGGGTTACCGTC-1,0,29,69,9023,7402
TTGGGACACTGCCCGC-1,0,28,70,8910,7205
CGAGGCTAAATATGGC-1,0,29,71,8796,7402
TCAGGGTGTAACGTAA-1,0,28,72,8684,7204
CGAGAGATGTGAACCT-1,0,29,73,8570,7401
TCGCTGGGCGGATTGT-1,0,28,74,8457,7204
AGATCTCAGGTGTGAT-1,0,29,75,8343,7401
TGGCCAAACTGAAGTA-1,0,28,76,8231,7203
GCTTCCGTCCCTAGAC-1,0,29,77,8117,7400
CAGCAGCCCGTTCCTT-1,0,28,78,8004,7203
TGTATAACAGATCCTG-1,0,29,79,7891,7399
CGCGGGAATTAGGCAG-1,0,28,80,7778,7202
TGCATGTGGTAATCTA-1,0,29,81,7664,7399
ACAATTTGAGCAGTGG-1,0,28,82,7551,7201
GAGCTAAGGGCATATC-1,0,29,83,7438,7398
CCAGATAGTTGAGTGA-1,0,28,84,7325,7201
CCACAATGTACGTCTT-1,0,29,85,7211,7397
CAATGGATCTCTACCA-1,0,28,86,7098,7200
TGTGGCAAAGCGTATG-1,0,29,87,6985,7397
TAAAGCGTTAGGAGAA-1,0,28,88,6872,7199
TCCGTTTAGCCTTGAA-1,0,29,89,6758,7396
CAGCTCGACAAGTTAA-1,0,28,90,6646,7199
GCCTATAGTGTCAGGG-1,0,29,91,6532,7395
ATAGACAACGGGACCT-1,0,28,92,6419,7198
CTACTATCTTTCAGAG-1,0,29,93,6305,7395
GCGCTGCTTTGCATTT-1,0,28,94,6193,7197
GCGCATCCAGTCAGCA-1,0,29,95,6079,7394
GACTCGCGGGAATGAC-1,0,28,96,5966,7197
CTGGTAACGAGCTCTT-1,0,29,97,5852,7393
TCCGGCCTAGCGTACA-1,0,28,98,5740,7196
TCTAGGTGGCGACGCT-1,0,29,99,5626,7393
ACGCTAGTGATACACT-1,0,28,100,5513,7195
ATCTGCACCTCTGCGA-1,0,29,101,5399,7392
CCTCACCTGAGGGAGC-1,0,28,102,5287,7195
AGTGAGCCTCGCCGCC-1,0,29,103,5173,7392
ACGAGTACGGATGCCC-1,0,28,104,5060,7194
GGTACCATTAAGACGG-1,0,29,105,4946,7391
TTCTGCTAGACTCCAA-1,0,28,106,4834,7194
TAACTATTACGCCAAA-1,0,29,107,4720,7390
GCATTCAAGGCAACGC-1,0,28,108,4607,7193
AGTACATCATTTATCA-1,0,29,109,4493,7390
GTCGTGTCTGGTCATC-1,0,28,110,4381,7192
AGTCTAAAGTATACTC-1,0,29,111,4267,7389
CGGCCCAACCTGTAGT-1,0,28,112,4154,7192
AGGGAGACATACTTCG-1,0,29,113,4041,7388
TCCCTAGATCAATAGG-1,0,28,114,3928,7191
TCCCGTCGCGTCATAG-1,0,29,115,3814,7388
CGCATCCATCAGCCAG-1,0,28,116,3701,7190
CTGCACCTAGTCCACA-1,0,29,117,3588,7387
CGAGGATCGGGAACGA-1,0,28,118,3475,7190
CAATGAGGTTCGACTA-1,0,29,119,3361,7386
TCTGACGGGCTAACCC-1,0,28,120,3248,7189
TTCTATGCCTTTCGCA-1,0,29,121,3135,7386
AGAGTATAGTGTTACG-1,0,28,122,3022,7188
CCATTGTTTCCTCCAT-1,0,29,123,2908,7385
CTCATCACTTAGTGAT-1,0,28,124,2795,7188
CCGAAGGGCGTACCGC-1,0,29,125,2682,7384
TCAAGCTGCCTTGAAA-1,0,28,126,2569,7187
CTCATTAACGTTGCCC-1,0,29,127,2455,7384
GTCTTCCTCACCTAAG-1,0,30,0,16836,7622
GGTGATGAAGGAAGTG-1,0,31,1,16722,7818
TCAATACAATTGCTGC-1,0,30,2,16609,7621
GCAACCCAAGTTGTTT-1,0,31,3,16495,7818
ATGAAGTGGACCCAGC-1,0,30,4,16383,7620
GAGAATCTCACGATCA-1,0,31,5,16269,7817
TATATCATTGATCAGT-1,0,30,6,16156,7620
AACTTTACGGGAGCTT-1,0,31,7,16042,7816
TTCTTGTGTCCATCAG-1,0,30,8,15930,7619
ACAATTTAGGAGGCTC-1,0,31,9,15816,7816
ATACTTGTTCTCGAGC-1,0,30,10,15703,7618
CACGGGATTGAGGGTT-1,0,31,11,15589,7815
GTTAATGTCTATCTTA-1,0,30,12,15477,7618
GCGTTATATTTGGAAC-1,0,31,13,15363,7814
CGTCAAGGCTATAAAT-1,0,30,14,15250,7617
TTAGCTCTGTAATCCG-1,0,31,15,15136,7814
AATGGTCCACCGTTCA-1,0,30,16,15024,7616
GTCATTGCATTGACCC-1,0,31,17,14910,7813
TGTCCGTGGCGCCTTT-1,0,30,18,14797,7616
TCAACTAACGTATAAC-1,0,31,19,14684,7813
TCCTCTCCAGTTGTCC-1,0,30,20,14571,7615
TGTGTTCGTATCCAAG-1,0,31,21,14457,7812
CCGCGTAGGTAAGGGC-1,0,30,22,14344,7615
CTGCGGGTGAAATGTT-1,0,31,23,14231,7811
TATCTACAGAGGTAAT-1,0,30,24,14118,7614
CTACTCTAGGCCCGGC-1,0,31,25,14004,7811
ACAAGCAGTGCCTAGC-1,0,30,26,13891,7613
TACAAGTCTCGTGCAT-1,0,31,27,13778,7810
TCGGAATGCGCTCTGA-1,0,30,28,13665,7613
TCGCGTCCAGAAGGTC-1,0,31,29,13551,7809
TATGGCCCGGCCTCGC-1,0,30,30,13439,7612
GCTGGCATATTCACCT-1,0,31,31,13325,7809
GTCAGAATAGTCTATG-1,0,30,32,13212,7611
GGCGTCCTATCCGCTG-1,0,31,33,13098,7808
CGGAGTTTGAGAGACA-1,0,30,34,12986,7611
AGCACTTAAGGACGCC-1,0,31,35,12872,7807
TCCACAATGGTTTACG-1,0,30,36,12759,7610
CCAACGATGCACTGAT-1,0,31,37,12645,7807
ATTTACAGTTTACTGG-1,0,30,38,12533,7609
CCCTGAAATGAGTTGA-1,0,31,39,12419,7806
CAAACGGTCGCACTTT-1,0,30,40,12306,7609
TGATTCGTCTATCACT-1,0,31,41,12192,7805
TCAGGTTCTTTGAGAA-1,0,30,42,12080,7608
CACGCAGCGAGGCTTT-1,0,31,43,11966,7805
TTAAGCGCCTGACCCA-1,0,30,44,11853,7607
CTTACACGGTATTCCA-1,0,31,45,11739,7804
AAGGCTGTGCTCATCG-1,0,30,46,11627,7607
GACCAGAGCCCTGTAG-1,0,31,47,11513,7804
TCCCAGGCTTAGCTAA-1,0,30,48,11400,7606
ATTGAAGATCTTAGTG-1,0,31,49,11286,7803
AGTTCCTACAGAATTA-1,0,30,50,11174,7606
GGGCTGGTTAGTCGCG-1,0,31,51,11060,7802
GAAATGGCGGTGTTAG-1,0,30,52,10947,7605
TACGAACACGACTTCA-1,0,31,53,10834,7802
ACCACAAGTTTCTATC-1,0,30,54,10721,7604
ATATTTAACCCTCAAG-1,0,31,55,10607,7801
GATCATTCCAAACATT-1,0,30,56,10494,7604
TCCAGGCGAGTACGGT-1,0,31,57,10381,7800
GTTTGACCAAATCCTA-1,0,30,58,10268,7603
CACAGCACCCACGGCA-1,0,31,59,10154,7800
TGCAAGAATGACGTAA-1,0,30,60,10041,7602
GCGAAGCCATACCCGT-1,0,31,61,9928,7799
TCCTTTCTTACGCTTA-1,0,30,62,9815,7602
GCTGCTCTCCGGACAC-1,0,31,63,9701,7798
ACTGTCTTCTTTAGAA-1,0,30,64,9589,7601
TCAAACTTAGATTGTT-1,0,31,65,9475,7798
CTATGTCACTAGCCCA-1,0,30,66,9362,7600
TGCGCAAAGCATTTGG-1,0,31,67,9248,7797
TTAATGTAGACCAGGT-1,0,30,68,9136,7600
GGCGGTAGGATCATTG-1,0,31,69,9022,7797
GGCAATAGTCAATGAG-1,0,30,70,8909,7599
ACACGAGACTCCTTCT-1,0,31,71,8795,7796
GACACAAGGGAAGAAA-1,0,30,72,8683,7599
TCAGCAAATGCATCTC-1,0,31,73,8569,7795
GAGATCTGTCACTCCG-1,0,30,74,8456,7598
ATGCCGGTCTTGCATA-1,0,31,75,8342,7795
TTGGGCGGCGGTTGCC-1,0,30,76,8230,7597
TTGTTGTGTGTCAAGA-1,0,31,77,8116,7794
ACTGTACGATACACAT-1,0,30,78,8003,7597
TCCACTTTATCTAGGT-1,0,31,79,7889,7793
GGTCTGAGAATCTGGA-1,0,30,80,7777,7596
TAGAAAGGTGGCGCTA-1,0,31,81,7663,7793
TATGTCTCATTGTGCC-1,0,30,82,7550,7595
GGATTTCACTTCTATA-1,0,31,83,7436,7792
TGAGTGGTCCGTGACG-1,0,30,84,7324,7595
CGCTTTCTTGCATTCG-1,0,31,85,7210,7791
ACCCAACGCCCGTGGC-1,0,30,86,7097,7594
GAACGTCTCATGGTCG-1,0,31,87,6984,7791
AGGGTTCCCTTTGGTT-1,0,30,88,6871,7593
GTAGCTTCCTCTTGTT-1,0,31,89,6757,7790
GCATGAGGGACGCGGC-1,0,30,90,6644,7593
CTACCCTAAGGTCATA-1,0,31,91,6531,7789
TCACCGCTCGGCACTC-1,0,30,92,6418,7592
GGCTCGCGTTGAGGTA-1,0,31,93,6304,7789
CTAACGAAACTTGCTG-1,0,30,94,6191,7591
TTAAACTCGAATTCAT-1,0,31,95,6078,7788
TACTTTACTGAGCCGG-1,0,30,96,5965,7591
GCTTGGATCGATTAGG-1,0,31,97,5851,7788
CGGTTATCCAACAGTG-1,0,30,98,5739,7590
CAGACCTGTAAGTGTT-1,0,31,99,5625,7787
GACGGTCAATAGAAGC-1,0,30,100,5512,7590
CTGACTGCGCAGCTCG-1,0,31,101,5398,7786
CCATACCTTTACTTGT-1,0,30,102,5286,7589
GTAATAAAGGGCTCCC-1,0,31,103,5172,7786
GTGAACTCCCATTCGA-1,0,30,104,5059,7588
GTGGTTACTTCTTTCG-1,0,31,105,4945,7785
TCAGAACCTCCACAGG-1,0,30,106,4833,7588
TCCCACTCTCTTCCGG-1,0,31,107,4719,7784
ATCTTGACTTGTCCAA-1,0,30,108,4606,7587
TCGGGAACGTGCCTAG-1,0,31,109,4492,7784
GTTAGCCGTAAATCAA-1,0,30,110,4380,7586
ATTTACTAAGTCCATT-1,0,31,111,4266,7783
GGGTGCATATGAAAGC-1,0,30,112,4153,7586
TCCGAATGGTCCTGAG-1,0,31,113,4039,7782
TGATGGCTGTTTCTGA-1,0,30,114,3927,7585
AAATAAGGTAGTGCCC-1,0,31,115,3813,7782
CCACTATCCGGGTCAC-1,0,30,116,3700,7584
ACACCACATAATTAGC-1,0,31,117,3586,7781
CGCGGTAAGTCTAGCT-1,0,30,118,3474,7584
GCGGGCATTACGATGC-1,0,31,119,3360,7780
AGGATTGCTTACGACA-1,0,30,120,3247,7583
CTCGGGATAACACCTA-1,0,31,121,3134,7780
GTCGTCTGGTTGGCTA-1,0,30,122,3021,7582
GCAATTAGTCGCACCG-1,0,31,123,2907,7779
GTGACCTAAAGAATAA-1,0,30,124,2794,7582
CTGAGCGAGACTTATT-1,0,31,125,2681,7779
CAAGACTCAGAAGCGC-1,0,30,126,2568,7581
ACTTCGCTAGCGAGTG-1,0,31,127,2454,7778
CCATACTCGCCTCTCC-1,0,32,0,16834,8016
ACGATACCTATCCTGA-1,0,33,1,16721,8212
CTCACCAGTACAAGTG-1,0,32,2,16608,8015
CGAAGACGGTGAGTGC-1,0,33,3,16494,8212
AAATTAATAAGCGCGA-1,0,32,4,16382,8014
GGGCCCTTATCTATAC-1,0,33,5,16268,8211
CTGCCCACGAAGCGTT-1,0,32,6,16155,8014
GGACAAGTTGCAGTGA-1,0,33,7,16041,8210
GTCCGAGAGCAATCAT-1,0,32,8,15929,8013
ATGGCAGCCGAGAAAC-1,0,33,9,15815,8210
CCTCGGATGCTACCTG-1,0,32,10,15702,8012
ATACGGTGAAGATGCA-1,0,33,11,15588,8209
ACATCAGCTGGGACGC-1,0,32,12,15476,8012
GGTTGTGTAGCCTGGC-1,0,33,13,15362,8209
CCTGCGTTCTACGCTT-1,0,32,14,15249,8011
GAACGTTAGGAAGACG-1,0,33,15,15135,8208
CTGATAGTGTATCTCA-1,0,32,16,15023,8011
TTCTGCGAGCGCCCTT-1,0,33,17,14909,8207
CTTTGGCGCTTTATAC-1,0,32,18,14796,8010
TCCGAACTTGGCTTAC-1,0,33,19,14682,8207
TAGATTCCTGGTTATT-1,0,32,20,14570,8009
CCGACAAAGGGAGTGC-1,0,33,21,14456,8206
CCATGGCCCTTGTACC-1,0,32,22,14343,8009
GAAATATCACCATCAG-1,0,33,23,14229,8205
ACGAAATGGGCGGCAC-1,0,32,24,14117,8008
GTGAGCGTGCTGCACT-1,0,33,25,14003,8205
CCGCGGGTACGAAGAA-1,0,32,26,13890,8007
TCCCTGGCTCGCTGGA-1,0,33,27,13777,8204
CAGCTTAGTAGGTAGC-1,0,32,28,13664,8007
CACGAAAGTTAGTCCC-1,0,33,29,13550,8203
ACCTAATCGACTTCCT-1,0,32,30,13437,8006
AAGTAGTGACGCGAGG-1,0,33,31,13324,8203
TCCGATTACATTGCCG-1,0,32,32,13211,8005
CCTCCGACAATTCAAG-1,0,33,33,13097,8202
GTTCACAGGAGTCTAG-1,0,32,34,12984,8005
CGAAGTTGCTCTGTGT-1,0,33,35,12871,8201
GTCGGATATCTCAGAC-1,0,32,36,12758,8004
CGCTCTCCGTAGATTA-1,0,33,37,12644,8201
CAAGCAACGTCGGAGT-1,0,32,38,12532,8003
CCATTCCCTGCCCACA-1,0,33,39,12418,8200
CTTTGGCTTTAGTAAA-1,0,32,40,12305,8003
GGCTATTAAGTTGTAT-1,0,33,41,12191,8200
CCATTAGCGATAATCC-1,0,32,42,12079,8002
TGTTCTTCCATTGACT-1,0,33,43,11965,8199
AGATAACTTCAGGGCC-1,0,32,44,11852,8002
ATAGACGAAGAGAAAG-1,0,33,45,11738,8198
GGCGGAGTAATATTAG-1,0,32,46,11626,8001
TGACCCACGTTAGACA-1,0,33,47,11512,8198
TCACAGGTTATTGGGC-1,0,32,48,11399,8000
TCACGCATTGTAGATC-1,0,33,49,11285,8197
TTGAAGAATTCCCAGG-1,0,32,50,11173,8000
AAATGGTCAATGTGCC-1,0,33,51,11059,8196
TAGTGCCCTCCAGAGT-1,0,32,52,10946,7999
GGTATTGCCGAGTTTA-1,0,33,53,10832,8196
CGTATTAAGAGATCTA-1,0,32,54,10720,7998
ACTGTCCAGGATTATA-1,0,33,55,10606,8195
CGGGCAGCTAAACCGC-1,0,32,56,10493,7998
TTGCTGATCATGTTCG-1,0,33,57,10379,8194
TATGGGTACGTATCGT-1,0,32,58,10267,7997
CAGCTCACTGAGACAT-1,0,33,59,10153,8194
GGGACTGCATAGATAG-1,0,32,60,10040,7996
ACGCATTCGTGAGTAC-1,0,33,61,9927,8193
CTCTGGACGCCTGGTG-1,0,32,62,9814,7996
AGGGTTTAGTTCGGGA-1,0,33,63,9700,8192
GGGAGAACTCACAGTA-1,0,32,64,9587,7995
ATCAATCTGGGCTGCA-1,0,33,65,9474,8192
TCTTCGATACCAATAA-1,0,32,66,9361,7994
ACGTAGATTGCTGATG-1,0,33,67,9247,8191
TCTTGATGCGTAGCGA-1,0,32,68,9134,7994
GGGCTGCCTAGGGCGA-1,0,33,69,9021,8191
CTCTCACAATCGATGA-1,0,32,70,8908,7993
CCAAGCGTAACTCGTA-1,0,33,71,8794,8190
ACAACAGCATGAGCTA-1,0,32,72,8682,7993
GTCCCAACGTAAAGTA-1,0,33,73,8568,8189
TCGGAGTACATGAGTA-1,0,32,74,8455,7992
GGGAGTTAATGAGGCG-1,0,33,75,8341,8189
CCGGGCGGTCTCGTCA-1,0,32,76,8229,7991
CCGTAAGTTGGTCCCA-1,0,33,77,8115,8188
GGAGGGCTTGGTTGGC-1,0,32,78,8002,7991
TCGGACGCCCAGCCCA-1,0,33,79,7888,8187
TCTGTGCCATCATAGT-1,0,32,80,7776,7990
GTACTGGAGTTAGACC-1,0,33,81,7662,8187
GGAATGCGCTAGCGTG-1,0,32,82,7549,7989
GTGTGAATAACTTAGG-1,0,33,83,7435,8186
GGTCGGCCAGGAGCTT-1,0,32,84,7323,7989
TAGCCGGCGGTCAGCG-1,0,33,85,7209,8185
CGGGTGTACCCATTTA-1,0,32,86,7096,7988
AGTGATTCAAGCAGGA-1,0,33,87,6982,8185
GTTGGATTGAGAACAC-1,0,32,88,6870,7987
CACACGCGCTGTCTTA-1,0,33,89,6756,8184
TAGACGCCCGTACCGG-1,0,32,90,6643,7987
GGTTTCAATCGGTCAG-1,0,33,91,6529,8184
AATCTGCGTTGGGACG-1,0,32,92,6417,7986
TTACGGATGGTTCGAG-1,0,33,93,6303,8183
CGGCAGGGTCGGGTTG-1,0,32,94,6190,7986
GCTTTCAGAGGAGGTG-1,0,33,95,6077,8182
TCTTCCCATGGGCACA-1,0,32,96,5964,7985
TACCGCGGACTTGCAG-1,0,33,97,5850,8182
AGAATTATGGATTCGA-1,0,32,98,5737,7984
ATTGATGAGTCCTAAC-1,0,33,99,5624,8181
TAGGTCGCCGGAACTG-1,0,32,100,5511,7984
TAACCTACCGTCCGAG-1,0,33,101,5397,8180
CTTAGTAGGCCTACAG-1,0,32,102,5284,7983
CTAGATGTGAGTGTAA-1,0,33,103,5171,8180
ACTCCCGAATTCGTTT-1,0,32,104,5058,7982
GTTCATCGTTTGGCTG-1,0,33,105,4944,8179
ACTTTACCCTCATGAA-1,0,32,106,4832,7982
GCGAGAGTTGCGTCCA-1,0,33,107,4718,8178
GTTCGGGCGTACCATT-1,0,32,108,4605,7981
CGACTTTGTATAGCCT-1,0,33,109,4491,8178
GCCATCGATGCTGCAT-1,0,32,110,4379,7980
GCATTTCCAAGGCTCC-1,0,33,111,4265,8177
ATGTAAGGCTGCTCTT-1,0,32,112,4152,7980
ACGTTCGCAATCAATT-1,0,33,113,4038,8176
GTGACGAGGGTGACCC-1,0,32,114,3926,7979
ATTATAGCTACTTTAC-1,0,33,115,3812,8176
CGTGTGTTAAACCCTG-1,0,32,116,3699,7978
TTGGTATGGCTTGTGT-1,0,33,117,3585,8175
CATTCCCATTCCGTCG-1,0,32,118,3473,7978
TGCCGAAAGCGTATTC-1,0,33,119,3359,8175
CAACACATCTCCTGCC-1,0,32,120,3246,7977
CTGCCTCATATGCAAC-1,0,33,121,3132,8174
TCCCGCCTATGTGCGT-1,0,32,122,3020,7977
GGTTACCCGACACTTT-1,0,33,123,2906,8173
CCAGCGGGATCACCAG-1,0,32,124,2793,7976
ATGTTTCGGCCCGGAG-1,0,33,125,2679,8173
GCGTCTAACCTCCTAA-1,0,32,126,2567,7975
ATCAGGTAGCTGACAG-1,0,33,127,2453,8172
GGTATGAAAGAACTGA-1,0,34,0,16833,8410
GTGGCCTAATATCATT-1,0,35,1,16720,8606
CCTGTGAAACCGTAAC-1,0,34,2,16607,8409
GGCAGAGAGATCGGGA-1,0,35,3,16493,8606
TAGCGTCGAATATTGA-1,0,34,4,16380,8408
CGCCGACTATTCGCTA-1,0,35,5,16267,8605
TCTGGCGCAAGCCGGG-1,0,34,6,16154,8408
AGTGGTTGCGTATAGG-1,0,35,7,16040,8605
ATCGGTTACCTAGTAA-1,0,34,8,15927,8407
CCTGCCCGTTGTCTAG-1,0,35,9,15814,8604
GCACACGCCCATGGTC-1,0,34,10,15701,8407
AGTACGGCCCGTATCG-1,0,35,11,15587,8603
TATCTAGCCTAAAGGA-1,0,34,12,15475,8406
CACTCGGTTAGGAGGA-1,0,35,13,15361,8603
ATGTTCGTCGACCCAC-1,0,34,14,15248,8405
TTCCTCTGCCCGAATA-1,0,35,15,15134,8602
TTACTATCGGCTTCTC-1,0,34,16,15022,8405
GCCGCATTAGTCCGGC-1,0,35,17,14908,8601
TAAGGGCTGGGAGAGG-1,0,34,18,14795,8404
TAAGCAGGCGACACGC-1,0,35,19,14681,8601
AGCACTACCGGCCTGT-1,0,34,20,14569,8403
GAAAGCCCTTTGGACC-1,0,35,21,14455,8600
GACCGACTGAAGCGTC-1,0,34,22,14342,8403
CGGTGAAGACTAAAGT-1,0,35,23,14228,8599
CCCTGCGCTACGCATA-1,0,34,24,14116,8402
TACTGGACAGCTCGGC-1,0,35,25,14002,8599
TTAGTAGGGCGGCGGG-1,0,34,26,13889,8401
GAGGCTATCAAAGTCG-1,0,35,27,13775,8598
TTACCATTGATTACCC-1,0,34,28,13663,8401
ATACCACGGGCAACTT-1,0,35,29,13549,8597
TGTCCTAAGTCACCGC-1,0,34,30,13436,8400
AGGTAGGTACAAAGCT-1,0,35,31,13322,8597
GGCATACAGGTAGCGG-1,0,34,32,13210,8399
TGTAGTGATCTATAAT-1,0,35,33,13096,8596
TCCCGGGTGTGCTGCT-1,0,34,34,12983,8399
TACGATGTTGATCATC-1,0,35,35,12870,8596
CCTCTCTCCCATCTAG-1,0,34,36,12757,8398
GCAGGACTATAGAATA-1,0,35,37,12643,8595
CTAGTGAAGGACAGGA-1,0,34,38,12530,8398
TACGAGAACTTCACGT-1,0,35,39,12417,8594
CGTTGTTTCAATTCCC-1,0,34,40,12304,8397
GCAAATATTACGCTTT-1,0,35,41,12190,8594
CCAATAGTGCCGTCGA-1,0,34,42,12077,8396
ATTGCTGCTCCTCCAT-1,0,35,43,11964,8593
GAGATCTGCTTGGCAT-1,0,34,44,11851,8396
GCCGAAATTCCTACGT-1,0,35,45,11737,8592
GGCACTCCACTGGGCA-1,0,34,46,11625,8395
GGGTCACCGTGACGGT-1,0,35,47,11511,8592
CACTTAATCAGACGGA-1,0,34,48,11398,8394
CGTTTCGCTCATTACA-1,0,35,49,11284,8591
ATAAAGGCTCGGTCGT-1,0,34,50,11172,8394
CACTAAAGTTGCCTAT-1,0,35,51,11058,8590
GTGCTCAAGTACTGTC-1,0,34,52,10945,8393
CCATGCCTGTTTAGTA-1,0,35,53,10831,8590
TCTAGTTATCAGAAGA-1,0,34,54,10719,8392
TTGTAATCCGTACTCG-1,0,35,55,10605,8589
TCCCAGCTTTAGTCTG-1,0,34,56,10492,8392
CTACGCACGGAGTACC-1,0,35,57,10378,8588
AAATTAACGGGTAGCT-1,0,34,58,10266,8391
CGGCCACGCACAAAGT-1,0,35,59,10152,8588
GAAGCGTGAGGAATTT-1,0,34,60,10039,8390
ATATCTTAGGGCCTTC-1,0,35,61,9925,8587
ACGCGGGCCAAGGACA-1,0,34,62,9813,8390
GCGAGTTCTGCAAAGA-1,0,35,63,9699,8587
TATTCGTGCCAGAATA-1,0,34,64,9586,8389
AGGGCTGCAGTTACAG-1,0,35,65,9472,8586
CTAGCATAGTATAATG-1,0,34,66,9360,8389
TAGGTTCGAGTTCGTC-1,0,35,67,9246,8585
GAATTATAGTGAAAGG-1,0,34,68,9133,8388
CTATCGGGTCTCAACA-1,0,35,69,9020,8585
GCGCTAATTGAATAGA-1,0,34,70,8907,8387
ATGCGACAGTCCCATT-1,0,35,71,8793,8584
GGTAGTGCTCGCACCA-1,0,34,72,8680,8387
AAGCTCGTGCCAAGTC-1,0,35,73,8567,8583
TATTCAATTCTAATCC-1,0,34,74,8454,8386
TTCAAAGTCTCTAGCC-1,0,35,75,8340,8583
TTGAATATGGACTTTC-1,0,34,76,8227,8385
AAGAGCTCTTTATCGG-1,0,35,77,8114,8582
TTACTCCGGCCGGGAA-1,0,34,78,8001,8385
AAACGAGACGGTTGAT-1,0,35,79,7887,8581
GCTAAGTAGTTTCTCT-1,0,34,80,7775,8384
ATAACGCCGGAGGGTC-1,0,35,81,7661,8581
GGATCCGGAATATACT-1,0,34,82,7548,8383
TGAAAGGACCTGACTC-1,0,35,83,7434,8580
TCCGCGGCAGCATCTG-1,0,34,84,7322,8383
TGCATATGTCTGTCAC-1,0,35,85,7208,8579
TGTAGGAGAAATTTCC-1,0,34,86,7095,8382
AGTGAGACTTCCAGTA-1,0,35,87,6981,8579
CCCAAACATGCTGCTC-1,0,34,88,6869,8381
GCTTATGAAGCAGGAA-1,0,35,89,6755,8578
TTCTAACCGAAGCTTA-1,0,34,90,6642,8381
GGATGTCCTTACCGCA-1,0,35,91,6528,8578
AGGGTGCTCTCGAGGG-1,0,34,92,6416,8380
AACTCTCAATAGAGCG-1,0,35,93,6302,8577
TCTGAATTCCGTACAA-1,0,34,94,6189,8380
GCGTGGTACTGGGTTA-1,0,35,95,6075,8576
CGTCGGATAGTGTTGA-1,0,34,96,5963,8379
ATATGTCTCCCTAGCC-1,0,35,97,5849,8576
TCTTTAAGACTATGAA-1,0,34,98,5736,8378
TCATTTAAGTCTCCGA-1,0,35,99,5622,8575
GATATTGAGATTGGCG-1,0,34,100,5510,8378
TGACATCGAGCGGACC-1,0,35,101,5396,8574
GCGTAAATGGCCATAA-1,0,34,102,5283,8377
ATTGTACAACTCGGCT-1,0,35,103,5170,8574
TACGCTATAGAAACCT-1,0,34,104,5057,8376
CACCCAAATCTTATGT-1,0,35,105,4943,8573
AGATGATGGAGTCTGG-1,0,34,106,4830,8376
CCACGGTGCCCGGTAG-1,0,35,107,4717,8572
TCAAGAAATACTAGCT-1,0,34,108,4604,8375
AGGTATAATTGATAGT-1,0,35,109,4490,8572
CAAGGTCCTATAGGCT-1,0,34,110,4377,8374
CCGGCACGACCGTTTC-1,0,35,111,4264,8571
ACCTCCGTTATTCACC-1,0,34,112,4151,8374
GCAGCCTATATCACAT-1,0,35,113,4037,8571
GGTATAGTGACACATA-1,0,34,114,3925,8373
AAATTCCAGGTCCAAA-1,0,35,115,3811,8570
TCTTTAGCAGGCGAAC-1,0,34,116,3698,8373
TATTGACATTTCTGCC-1,0,35,117,3584,8569
TCTGATCGGGTGCTAG-1,0,34,118,3472,8372
GGCCCGGAGCATGTCT-1,0,35,119,3358,8569
GGGCGCAGCGTTACTC-1,0,34,120,3245,8371
TTGGCGATCCGAATAT-1,0,35,121,3131,8568
CCACGTAAATTAGACT-1,0,34,122,3019,8371
TCTGATTGGAAATGGA-1,0,35,123,2905,8567
ATGGCGGAATAGTCGC-1,0,34,124,2792,8370
ATCGCTTTACGTCTCA-1,0,35,125,2678,8567
TACGTGCAAGGTTCCT-1,0,34,126,2566,8369
CAGGACAGCTGCCCTT-1,0,35,127,2452,8566
CAAACCAGGTCTGCAT-1,0,36,0,16832,8804
ACAAGCTATATGGAAG-1,0,37,1,16718,9001
TCGCCCACTGCGAGAG-1,0,36,2,16606,8803
AGCCGCAAATTCAAAT-1,0,37,3,16492,9000
TTAACGTTAAAGCCTG-1,0,36,4,16379,8803
CAGCGCCAACACGATA-1,0,37,5,16265,8999
ATCCAATGGTACCGAA-1,0,36,6,16153,8802
GTGCTGCAGATAAGGA-1,0,37,7,16039,8999
GGCCTTTGCAACTGGC-1,0,36,8,15926,8801
GTCGTACCTACGATTG-1,0,37,9,15813,8998
TAGAAATTCACGTATA-1,0,36,10,15700,8801
AGAATAAATCTTCAGG-1,0,37,11,15586,8997
CATTGCGAAATGGGCG-1,0,36,12,15473,8800
GTCTACTCAATTACAA-1,0,37,13,15360,8997
TGTAATGACCACAATA-1,0,36,14,15247,8799
AAAGTCGACCCTCAGT-1,0,37,15,15133,8996
TACTCGGCACGCCGGG-1,0,36,16,15020,8799
AGGTGTATCGCCATGA-1,0,37,17,14907,8995
TGTGCTTTACGTAAGA-1,0,36,18,14794,8798
AAACCTCATGAAGTTG-1,0,37,19,14680,8995
TATAGGGTACTCATGA-1,0,36,20,14568,8797
CCAGCTGATGGTACTT-1,0,37,21,14454,8994
AATATTGGAGTATTGA-1,0,36,22,14341,8797
GGCCCTCACCCACTTA-1,0,37,23,14227,8993
AACCAAGACTTCTCTG-1,0,36,24,14115,8796
TCGTATTACCCATTGC-1,0,37,25,14001,8993
ATTCGACGCCGGGCCT-1,0,36,26,13888,8795
GGCGCAGGACATCTTC-1,0,37,27,13774,8992
GTACTCCCTTATCGCT-1,0,36,28,13662,8795
TGGTCTGTTGGGCGTA-1,0,37,29,13548,8992
AATAACAACGCTCGGC-1,0,36,30,13435,8794
CATACCCGTACCCAGT-1,0,37,31,13321,8991
ACAATCCATTTAAACC-1,0,36,32,13209,8794
GTTACAATTGGTGACG-1,0,37,33,13095,8990
TTGCCCTGATCACGGG-1,0,36,34,12982,8793
CTAACCGCGCGCCCGT-1,0,37,35,12868,8990
CTAAAGAATGCCTACT-1,0,36,36,12756,8792
ACCCATCTTGAGGGTA-1,0,37,37,12642,8989
GATCTTTGCAGGGTAT-1,0,36,38,12529,8792
GGGTACTTCATGAACT-1,0,37,39,12415,8988
GCCGCTTGTGAGAAAC-1,0,36,40,12303,8791
CCTGTAAGACATGATA-1,0,37,41,12189,8988
CGACAGTTCGCGTTAT-1,0,36,42,12076,8790
ACGATGCATATGTTAT-1,0,37,43,11963,8987
TGTTCCGCTTCCATGA-1,0,36,44,11850,8790
GGATGACGCGAGTTTA-1,0,37,45,11736,8986
GAAGTTTCCACTCAAT-1,0,36,46,11623,8789
GCGAGGCCCGAGCAGA-1,0,37,47,11510,8986
CATACTATGTAATTGT-1,0,36,48,11397,8788
CCAATGTCACAGCAAG-1,0,37,49,11283,8985
GTTGGATTTGCGTTGG-1,0,36,50,11170,8788
GGGAGGATGCCCGAAA-1,0,37,51,11057,8984
GATCGCGGGCTCTCCA-1,0,36,52,10944,8787
GTTCGCCATAAGTGCC-1,0,37,53,10830,8984
AGATTATAGGACGTTT-1,0,36,54,10718,8786
TCGAGACCAACACCGT-1,0,37,55,10604,8983
TATGGGACCGAGCAGG-1,0,36,56,10491,8786
GATGCGTCCTGCATTC-1,0,37,57,10377,8983
TATGGTCTGAGTAACA-1,0,36,58,10265,8785
GCATAGAGCACTCAGG-1,0,37,59,10151,8982
CTTCATTGTCAGTGGA-1,0,36,60,10038,8785
GCAGATTAGGGATATC-1,0,37,61,9924,8981
CCTGTCGCCCGTAAAT-1,0,36,62,9812,8784
CAATTTCGTATAAGGG-1,0,37,63,9698,8981
GTACACTTACCTGAAG-1,0,36,64,9585,8783
CCAGCCTGGACCAATA-1,0,37,65,9471,8980
ATGGAGCAGGCCGTGA-1,0,36,66,9359,8783
GTCATTAGAGCGAACG-1,0,37,67,9245,8979
AAGACTGCAAGCTACT-1,0,36,68,9132,8782
CTAGTCACGTCTTAAG-1,0,37,69,9018,8979
ACTCTTGTATAGTAAC-1,0,36,70,8906,8781
ATTAGGCGATGCTTTC-1,0,37,71,8792,8978
TTCGGGACTAATCGCG-1,0,36,72,8679,8781
TGGACTGTTCGCTCAA-1,0,37,73,8565,8977
AACGTGCGAAAGTCTC-1,0,36,74,8453,8780
CCACCCAAGGAAAGTG-1,0,37,75,8339,8977
CCGCACAAAGACCAAC-1,0,36,76,8226,8779
GCGATTGTTAACGTTA-1,0,37,77,8113,8976
ACTCGTCAGTAATCCC-1,0,36,78,8000,8779
GGTGATAAGGAGCAGT-1,0,37,79,7886,8975
AAGAGGCATGGATCGC-1,0,36,80,7773,8778
CACGTTCGTGCTCTAG-1,0,37,81,7660,8975
CTATTTGGTTACGGAT-1,0,36,82,7547,8777
GTACAGAGGCAAGGGT-1,0,37,83,7433,8974
GGGCCGGCCGAAGTAC-1,0,36,84,7320,8777
CCTGAACGATATATTC-1,0,37,85,7207,8974
CCGGGCTGCTCCATAC-1,0,36,86,7094,8776
TACTTGTTAGTAGTCC-1,0,37,87,6980,8973
CCTAGGCGTAGCGATC-1,0,36,88,6868,8776
CTGGCGCACAGGTCTG-1,0,37,89,6754,8972
ACTTATACTTACCCGG-1,0,36,90,6641,8775
GAAGTCTCCCTAGCGA-1,0,37,91,6527,8972
ACCGATGGTAGCATCG-1,0,36,92,6415,8774
CGAGTTTATCGGACTG-1,0,37,93,6301,8971
CATAACGGACAGTCGT-1,0,36,94,6188,8774
TGACGATGCACTAGAA-1,0,37,95,6074,8970
TAGGGAGCTTGGGATG-1,0,36,96,5962,8773
AGGGTCGATGCGAACT-1,0,37,97,5848,8970
TATATCCCTGGGAGGA-1,0,36,98,5735,8772
CATCTTACACCACCTC-1,0,37,99,5621,8969
GTGCGACAGGGAGTGT-1,0,36,100,5509,8772
CCGATCTCAACCTTAT-1,0,37,101,5395,8968
ACGATCATCTTGTAAA-1,0,36,102,5282,8771
GAAAGAACAGCGTTAT-1,0,37,103,5168,8968
CTAGGTCTGAAGGAAT-1,0,36,104,5056,8770
ATATCAACCTACAGAG-1,0,37,105,4942,8967
AAATAGCTTAGACTTT-1,0,36,106,4829,8770
GCGACATGTAAACATC-1,0,37,107,4715,8966
ATAAGTAGGGCGACTC-1,0,36,108,4603,8769
GCGAGCGCATGCTCCC-1,0,37,109,4489,8966
AGGGACCGGCTGCGTT-1,0,36,110,4376,8768
CCTATGAAGTGGTGCC-1,0,37,111,4263,8965
GCTTACGTAGTTAGTA-1,0,36,112,4150,8768
CATACTTAGGCAATAC-1,0,37,113,4036,8965
CCTGTCCCTCACGTTA-1,0,36,114,3923,8767
CAATGTGCCAACCCTT-1,0,37,115,3810,8964
GTTAAGTTAGAGTGGG-1,0,36,116,3697,8767
CTGGGATACGCTACCC-1,0,37,117,3583,8963
AACCTGTCACGGAATT-1,0,36,118,3470,8766
ACTGCGGACACACCGT-1,0,37,119,3357,8963
CCGTGAGGCATTCATG-1,0,36,120,3244,8765
GCCCAGATGCTGGAGA-1,0,37,121,3130,8962
TCTGGCCGTTCAAGTT-1,0,36,122,3018,8765
ATACGAAGGCTTTCCA-1,0,37,123,2904,8961
GATCCGAATATAAGTG-1,0,36,124,2791,8764
GTGGAGCATGTCGGCC-1,0,37,125,2677,8961
ACTCTTCAGCTCCCGC-1,0,36,126,2565,8763
CCCGATAGCCTCGCCT-1,0,37,127,2451,8960
ACAGGTGTGTTGTTGC-1,0,38,0,16831,9198
TGAACTGCTATGACTT-1,0,39,1,16717,9395
TGACATATATGACGAT-1,0,38,2,16605,9197
AAGTCTTCTGTGGCCT-1,0,39,3,16491,9394
ACCAGACCATAACAAC-1,0,38,4,16378,9197
TGAGACGTACCTCTCA-1,0,39,5,16264,9393
GACCGTTACATGCGAC-1,0,38,6,16152,9196
GGTTCGGATTATACTA-1,0,39,7,16038,9393
CCTCCTGAGCCCACAT-1,0,38,8,15925,9195
CCGCGATTTGGTAGGT-1,0,39,9,15811,9392
AATCTCTACTGTGGTT-1,0,38,10,15699,9195
ACTTTGACTGCATCCT-1,0,39,11,15585,9391
CCCTGACTAACAAATT-1,0,38,12,15472,9194
ACGCTGTGAGGCGTAG-1,0,39,13,15358,9391
GCATACGAGGTCTTTA-1,0,38,14,15246,9193
TCGGGATTCAAACATA-1,0,39,15,15132,9390
GGGCCCTACGAAAGGG-1,0,38,16,15019,9193
CGCCAAGAAGCCGAGT-1,0,39,17,14906,9389
GGTACATCTGGGACGA-1,0,38,18,14793,9192
GGATGCTGGCGTTCCT-1,0,39,19,14679,9389
CCGATTCGAGGGACCC-1,0,38,20,14566,9191
CCACTGGTGGCTGGTT-1,0,39,21,14453,9388
GACAGGCACACACTAT-1,0,38,22,14340,9191
TCAACGCGACCGGCAG-1,0,39,23,14226,9388
CTACGACTAGCTATAA-1,0,38,24,14113,9190
CGGTTGACCTGGCATA-1,0,39,25,14000,9387
ATCCTGAATCGCTGCG-1,0,38,26,13887,9190
GTTTCATATCGTCGCT-1,0,39,27,13773,9386
ATAAATATTAGCAGCT-1,0,38,28,13661,9189
AAGAGGATGTACGCGA-1,0,39,29,13547,9386
TCCTGCGTTGATACTC-1,0,38,30,13434,9188
CGTGCATTGTCGACGC-1,0,39,31,13320,9385
CCGGGTTCGAGGTTAC-1,0,38,32,13208,9188
CCCAATTTCACAACTT-1,0,39,33,13094,9384
TGATTTATTAGCTGTG-1,0,38,34,12981,9187
TGGAAGAAGGGAACGT-1,0,39,35,12867,9384
GACGCTTGCTTCTAAA-1,0,38,36,12755,9186
GGGAACGGGAGGTTAG-1,0,39,37,12641,9383
GCGGCTCTGACGTACC-1,0,38,38,12528,9186
ACGTTAGATTTGCCCG-1,0,39,39,12414,9382
GAGAGGGCGCGAGGTT-1,0,38,40,12302,9185
GCGTCTCTGCATTGGG-1,0,39,41,12188,9382
GCAGCACACAGCCCAG-1,0,38,42,12075,9184
CAGGCCGTTTGGGTGT-1,0,39,43,11961,9381
AACTCAAGTTAATTGC-1,0,38,44,11849,9184
CTTCGTAGATAGGTGA-1,0,39,45,11735,9380
TGCAGAGTACCGAGCA-1,0,38,46,11622,9183
GAAGTGATTTATCGTG-1,0,39,47,11508,9380
CGCTACGGGACATTTA-1,0,38,48,11396,9182
CCACACTGAGATATTA-1,0,39,49,11282,9379
CGATCCGACCCAGTGC-1,0,38,50,11169,9182
CTGTACTTCTTAGCAT-1,0,39,51,11056,9379
ACTTATTAGGATCGGT-1,0,38,52,10943,9181
TAGTCCGCAGAGAATG-1,0,39,53,10829,9378
TTCACGAAAGGATCAC-1,0,38,54,10716,9181
TACATTTCTAACGTGC-1,0,39,55,10603,9377
ACCATATCCGCAATAA-1,0,38,56,10490,9180
CACTCAAGAGCTATGG-1,0,39,57,10376,9377
TGTACGAACAAATCCG-1,0,38,58,10263,9179
ATCATCCAATATTTGT-1,0,39,59,10150,9376
CGCTATTCTTAGGCTC-1,0,38,60,10037,9179
TGGCAGCAGTAATAGT-1,0,39,61,9923,9375
TCACGTGCCCGATTCA-1,0,38,62,9811,9178
CATACGGCGTCTGGGC-1,0,39,63,9697,9375
CACATGATTCAGCAAC-1,0,38,64,9584,9177
GCTAGTAGAGCTTGTA-1,0,39,65,9470,9374
TGCTGTTGAAGAACTC-1,0,38,66,9358,9177
CGGAGCATGGCGATCC-1,0,39,67,9244,9373
TAGCGTTGGGTCTTAC-1,0,38,68,9131,9176
GTAGCGGCTATACACT-1,0,39,69,9017,9373
TAACATACAATGTGGG-1,0,38,70,8905,9175
TCTTCGAATAGACGTT-1,0,39,71,8791,9372
GATCGTGACTGATATC-1,0,38,72,8678,9175
GATCCGGGAATTAACA-1,0,39,73,8564,9371
TTATATACGCTGTCAC-1,0,38,74,8452,9174
GTCGCGTAACCCGTTG-1,0,39,75,8338,9371
AGCTCTAGACGTTCCA-1,0,38,76,8225,9173
GTCAAGCGGACTCGGG-1,0,39,77,8111,9370
CGAGGGACTGCGGTCG-1,0,38,78,7999,9173
AATCGCCTCAGCGCCA-1,0,39,79,7885,9370
CTTGTTGCTGAGTCAA-1,0,38,80,7772,9172
GATATGAGACACTAAC-1,0,39,81,7658,9369
TTATGATCTTAACGAA-1,0,38,82,7546,9172
CGCCGCCCATGCCTGT-1,0,39,83,7432,9368
CTGGGATAAATAATGG-1,0,38,84,7319,9171
GTGCCCGTTCGGATTC-1,0,39,85,7206,9368
TTCAATACTCTGAATC-1,0,38,86,7093,9170
CGCACATGTCCACTAC-1,0,39,87,6979,9367
AGAAGAGCGCCGTTCC-1,0,38,88,6866,9170
GATAACTCGCACTGTG-1,0,39,89,6753,9366
AGTCGACGGTCTCAAG-1,0,38,90,6640,9169
GTGACCGCACACTACG-1,0,39,91,6526,9366
GTATGTGGGTCTAGTT-1,0,38,92,6413,9168
CTTGAGTTAGGGTAAT-1,0,39,93,6300,9365
TTAGCTGATTTGCCGT-1,0,38,94,6187,9168
GCTGTTGCTACCGAAC-1,0,39,95,6073,9364
TATTACCATCCTGCTT-1,0,38,96,5961,9167
TTGAATTCACGTGAGG-1,0,39,97,5847,9364
CCATCTCACCAGTGAA-1,0,38,98,5734,9166
CGCACGTGCGCTATCA-1,0,39,99,5620,9363
ACCCGGATGACGCATC-1,0,38,100,5508,9166
CGCTAGAGACCGCTGC-1,0,39,101,5394,9362
ATAGTTCCACCCACTC-1,0,38,102,5281,9165
GCAGACCCAGCACGTA-1,0,39,103,5167,9362
TAGACTACCTAGCGTT-1,0,38,104,5055,9164
GGTTCTACTCGTCTGA-1,0,39,105,4941,9361
GACTCACCCACGTGAG-1,0,38,106,4828,9164
AGCTCTTCGTAACCTT-1,0,39,107,4714,9361
ACTATCCAGGGCATGG-1,0,38,108,4602,9163
AAGGATCGATCGCTTG-1,0,39,109,4488,9360
ATATCGGTAGGGAGAT-1,0,38,110,4375,9163
TTCCAGACGAGATTTA-1,0,39,111,4261,9359
GACCGACGTGAAAGCA-1,0,38,112,4149,9162
CCTGGAAACGTTCTGC-1,0,39,113,4035,9359
CCGGTAATGGCTAGTC-1,0,38,114,3922,9161
GCCGTGGAAGAAATGT-1,0,39,115,3808,9358
GTCTTGAGGAGCAGTG-1,0,38,116,3696,9161
TCCCAAAGCCCTAAAT-1,0,39,117,3582,9357
TTGAGCGCCACGTGAT-1,0,38,118,3469,9160
TTGAGTCCCGCTGCTG-1,0,39,119,3356,9357
ATGGAACCTTTGCACA-1,0,38,120,3243,9159
GCTAGCACCTGGGCCA-1,0,39,121,3129,9356
CGCCGTCTACCCATCG-1,0,38,122,3016,9159
GATAGGTGTCCCGGGC-1,0,39,123,2903,9355
AGGTATGCGGACATTA-1,0,38,124,2790,9158
TTGGTTCGCTCAAAGG-1,0,39,125,2676,9355
TCTGGAGCGTAAGAGT-1,0,38,126,2563,9157
TGCCTAAATTTAATAG-1,0,39,127,2450,9354
TAATTTCCGTCCAGTA-1,0,40,0,16830,9592
TCCTTCAATCCCTACG-1,0,41,1,16716,9789
TACCTATCCCTAGAGG-1,0,40,2,16604,9591
GCATGGGTACTGACGC-1,0,41,3,16490,9788
GTCGGGAACATGGTAG-1,0,40,4,16377,9591
GCAAATGAGGACACTT-1,0,41,5,16263,9787
GAATGGGCTTATCGAC-1,0,40,6,16151,9590
TGGTCGTGCAAGGCAA-1,0,41,7,16037,9787
CACCACGCCACACAGA-1,0,40,8,15924,9589
GAACCTCGACCTACAC-1,0,41,9,15810,9786
CAATACGCTCTGAGGC-1,0,40,10,15698,9589
TGGTAAGCAGGATTGA-1,0,41,11,15584,9785
AGTGGCTCCGTCGGCC-1,0,40,12,15471,9588
GATCGGATAGAACCAT-1,0,41,13,15357,9785
GCTACAGTACGGACCG-1,0,40,14,15245,9587
TCTATTACTAGAGGAT-1,0,41,15,15131,9784
TTCAGGCGTCAAAGCC-1,0,40,16,15018,9587
AGACCGGGAAACCCTG-1,0,41,17,14904,9783
AGAGATCTCTAAAGCG-1,0,40,18,14792,9586
CCCTGCCCAATCCGCT-1,0,41,19,14678,9783
GTGGCGGTCCCAGCGT-1,0,40,20,14565,9585
GCATTGTAATTCATAT-1,0,41,21,14451,9782
CCGTTCCGAATCTCGG-1,0,40,22,14339,9585
AGCTTGATCTTAACTT-1,0,41,23,14225,9782
CCTGTACTCACGCCCA-1,0,40,24,14112,9584
AAGTGACGACCGAATT-1,0,41,25,13999,9781
CTCACTTGGCTGGTAA-1,0,40,26,13886,9584
CGCCTGGCCTACGTAA-1,0,41,27,13772,9780
CCCGTAAGTCTAGGCC-1,0,40,28,13659,9583
TTGGACATGTGGCTTA-1,0,41,29,13546,9780
ATTACGCGCTGGCAGG-1,0,40,30,13433,9582
ACGCGCTACACAGGGT-1,0,41,31,13319,9779
TACGTTTACCGGCAAT-1,0,40,32,13206,9582
CGAAACGCAATTCATG-1,0,41,33,13093,9778
TAGTCTAACAACGAGA-1,0,40,34,12980,9581
TTGCATGCTGATCACG-1,0,41,35,12866,9778
TCTGGGTAGCGCTCAT-1,0,40,36,12754,9580
ACATCGGTCAGCCGCG-1,0,41,37,12640,9777
AGATACCGGTGTTCAC-1,0,40,38,12527,9580
GATTACTGAATTTGGG-1,0,41,39,12413,9776
TCCAACTTTAAATTCT-1,0,40,40,12301,9579
TCCTAGCAAAGAAGCT-1,0,41,41,12187,9776
GTCTATCTGAGTTTCT-1,0,40,42,12074,9578
GATGTTCAATCCACGA-1,0,41,43,11960,9775
AGTTAAACACTTGCGA-1,0,40,44,11848,9578
AGCTCTTTACTCAGTT-1,0,41,45,11734,9775
ATCCAGGATTCGTGAA-1,0,40,46,11621,9577
AGTCAACACCACCATC-1,0,41,47,11507,9774
CGATACCTCGCGGACA-1,0,40,48,11395,9577
TACAACGCACAACTCA-1,0,41,49,11281,9773
AATTAAAGGTCGGCGT-1,0,40,50,11168,9576
TACGCAGTTCTTTCCT-1,0,41,51,11054,9773
GACCGTGCTGACGGTG-1,0,40,52,10942,9575
GGCAAATTACTTTACT-1,0,41,53,10828,9772
GGTACAAACATGCTAT-1,0,40,54,10715,9575
CGGGCCTTCTTTGTAA-1,0,41,55,10601,9771
CGTGAAGTTAATTCAC-1,0,40,56,10489,9574
ATAGTGAAGCGTTCTC-1,0,41,57,10375,9771
TACGCCATATTCTAAT-1,0,40,58,10262,9573
GCCGGGTTAGGGTCGC-1,0,41,59,10149,9770
TACATAGGCATACACC-1,0,40,60,10036,9573
GCCGATTGGCCAAGCT-1,0,41,61,9922,9769
CTGCCATGCATCACAT-1,0,40,62,9809,9572
TTATGAATGAAAGGGA-1,0,41,63,9696,9769
GCTGAGGCGTGAGTAT-1,0,40,64,9583,9571
GCGCCGTTCCACGATA-1,0,41,65,9469,9768
CGCATGGTGCGATGCT-1,0,40,66,9356,9571
AGGTTTCACACACCTT-1,0,41,67,9243,9767
CAAGGATCGCATGTTC-1,0,40,68,9130,9570
ACGTTAATGTCGAAGA-1,0,41,69,9016,9767
TCCAGAGCACCGGTTC-1,0,40,70,8904,9569
GATTCGACGGTTCACG-1,0,41,71,8790,9766
GTTTCTGCAGTCTCCC-1,0,40,72,8677,9569
GCTGCACGGTTTCTTA-1,0,41,73,8563,9766
CGTGCAGACTGGGACA-1,0,40,74,8451,9568
GTGTTACTATGCGTCC-1,0,41,75,8337,9765
TCCTCGGGCTGGGCTT-1,0,40,76,8224,9568
GTGAGGACACTTAAGG-1,0,41,77,8110,9764
ATACGCCGGCGAAACC-1,0,40,78,7998,9567
TCTGCCAGAAACTGCA-1,0,41,79,7884,9764
TTCTGCGGGTTAGCGG-1,0,40,80,7771,9566
CTCGGTACCACTGCTC-1,0,41,81,7657,9763
GTAAGTAACAGTCTGG-1,0,40,82,7545,9566
GTGCGTGTATATGAGC-1,0,41,83,7431,9762
ATTTGTCTTGGGAGCT-1,0,40,84,7318,9565
CCTCGGACCGGGATAG-1,0,41,85,7204,9762
TAGGTGCTCGCCTAGC-1,0,40,86,7092,9564
CTTTAGGAACACTGTT-1,0,41,87,6978,9761
TCGGGCCGTCGTGGTA-1,0,40,88,6865,9564
AGTGCTTGCACGAATA-1,0,41,89,6751,9760
TGCAGTTTCCTCCCAT-1,0,40,90,6639,9563
TGAGAGATTTACCACG-1,0,41,91,6525,9760
GAAACAGATGACCACC-1,0,40,92,6412,9562
AGCAACATATCTTATT-1,0,41,93,6299,9759
CAAGTGTGGTTGCAAA-1,0,40,94,6186,9562
GCCTCATCTGGAAATA-1,0,41,95,6072,9758
AACCCTACTGTCAATA-1,0,40,96,5959,9561
ACGTATTACTCCGATC-1,0,41,97,5846,9758
TCTGGGAACCTTTGAA-1,0,40,98,5733,9560
GCTCGCTCATGTCCAA-1,0,41,99,5619,9757
GCGCAAGAGCGCGCTG-1,0,40,100,5506,9560
TTGACGCTCCATGAGC-1,1,41,101,5393,9757
TATAGATGGTCGCAGT-1,1,40,102,5280,9559
TTACATGCCACAACTA-1,1,41,103,5166,9756
ACATGGCGCCAAAGTA-1,0,40,104,5054,9559
TATGGTTAGTGGGAGA-1,0,41,105,4940,9755
CATGACTTCGCTGAAT-1,0,40,106,4827,9558
ACCACCAATGTAACAA-1,0,41,107,4713,9755
TCTTAGAGCTCCAATT-1,0,40,108,4601,9557
CCACGAATTTAACCTC-1,0,41,109,4487,9754
TTCTTGCTAGCATCTC-1,0,40,110,4374,9557
ACACCTTACTACTTGC-1,0,41,111,4260,9753
AGTCGGTTGCGTGAGA-1,0,40,112,4148,9556
ACCTACAGTATGTGGT-1,0,41,113,4034,9753
GAGGATAAACAGTGCT-1,0,40,114,3921,9555
TTCCGGTATCTGTGTC-1,0,41,115,3807,9752
GGAGGCCGAAGTCGTC-1,0,40,116,3695,9555
TTCGCTAGGAAGTTGT-1,0,41,117,3581,9751
TAAAGACAACCCTTTA-1,0,40,118,3468,9554
GTTGCGCTAACATTAC-1,0,41,119,3354,9751
GCTGAACTCTCCAGGG-1,0,40,120,3242,9553
AGCCCTGTCGCACCGT-1,0,41,121,3128,9750
AGCGCTAGAGCGATGT-1,0,40,122,3015,9553
TGCGCCGTTAATAACG-1,0,41,123,2901,9749
TGACAACGCATGTCGC-1,0,40,124,2789,9552
CGTCTTGAGTGTGACG-1,0,41,125,2675,9749
GATAGGATTAATTACA-1,0,40,126,2562,9551
GATACCGTGTCGGAGT-1,0,41,127,2449,9748
TGTGTCGAAGTCGAGG-1,0,42,0,16829,9986
GGATCAGAGCCATCAG-1,0,43,1,16715,10183
GTCCCAATCATCCCGC-1,0,42,2,16602,9985
TGCCACACTAGAGGAA-1,0,43,3,16489,10182
TGAATTTCACTTGCCT-1,0,42,4,16376,9985
CTCAGATTGTGATAAG-1,0,43,5,16262,10181
CGGACGTTACTTGAAG-1,0,42,6,16149,9984
CCGCCTTGCGATGTCG-1,0,43,7,16036,10181
CCAGTCAAATCTCTTA-1,0,42,8,15923,9983
AAACAGCTTTCAGAAG-1,0,43,9,15809,10180
TAGCTGATGTGAAGCG-1,0,42,10,15697,9983
CTTATGCGCTCAGGGC-1,0,43,11,15583,10179
TGGCTCTTGTCGCGTA-1,0,42,12,15470,9982
TTGTGAGGCATGACGC-1,0,43,13,15356,10179
CATAAGCTCTCCGTCT-1,0,42,14,15244,9981
CCTTCTCAGCGTTCCT-1,0,43,15,15130,10178
TGCAGCTACGTACTTC-1,0,42,16,15017,9981
CTCTACACTGGCGATT-1,0,43,17,14903,10178
TGCAGATCGTCCTAGG-1,0,42,18,14791,9980
TGCCAAAGTCAGACTT-1,0,43,19,14677,10177
ACAATAGTCGTACGTT-1,0,42,20,14564,9980
CATGCCAACTCGCAAA-1,0,43,21,14450,10176
TGCAGAACTATATCGT-1,0,42,22,14338,9979
TCGTGTCACGCTGACA-1,0,43,23,14224,10176
TGATCAGGGAACTGCT-1,0,42,24,14111,9978
CTTGCAACCGCCTCCT-1,0,43,25,13997,10175
AGCCCATACATGTAAG-1,0,42,26,13885,9978
ATCCAATGGAGGGTCC-1,0,43,27,13771,10174
AAACCGGGTAGGTACC-1,0,42,28,13658,9977
GCAACCACGGCCGCGT-1,0,43,29,13544,10174
CGCTTATTCCCGGTCG-1,0,42,30,13432,9976
TTACTCTGGTACGTAC-1,0,43,31,13318,10173
GTGGTTTCCGCCTTTC-1,0,42,32,13205,9976
ATAGGCGGCTATAGAA-1,0,43,33,13092,10172
GTGCCATCACACGGTG-1,0,42,34,12979,9975
CCCAACATACGTCGCG-1,0,43,35,12865,10172
CGGTGCAGATAGAACG-1,0,42,36,12752,9974
GGGCGGGTTCCCTACG-1,0,43,37,12639,10171
TGAGCCATACAGTCTC-1,0,42,38,12526,9974
CTCCGCCCACATGAGG-1,0,43,39,12412,10170
GTTGAACCGGTTCCAT-1,0,42,40,12299,9973
TTGACTACCATATGGT-1,0,43,41,12186,10170
ACCATCGTATATGGTA-1,0,42,42,12073,9972
TGCGTAAGAACCTGAT-1,0,43,43,11959,10169
AGAAGGTTGCCGAATT-1,0,42,44,11847,9972
AGGACGACCCATTAGA-1,0,43,45,11733,10169
GGTGCTGGTACACATT-1,0,42,46,11620,9971
GCGCTATGCCGAGGCA-1,0,43,47,11506,10168
ACCCGGTTACACTTCC-1,0,42,48,11394,9971
TAACTCATCCGCGCGG-1,0,43,49,11280,10167
CACAATGAGCTGCTAT-1,0,42,50,11167,9970
GTTACTTTGGGCCTAG-1,0,43,51,11053,10167
GGGCCCGTCTTAAACA-1,0,42,52,10941,9969
GAAATTGTCTCTATAA-1,0,43,53,10827,10166
GGCGCATGAATTGATG-1,0,42,54,10714,9969
CATATAGGTACAGTCA-1,0,43,55,10600,10165
TCAACGAGGAGACAAA-1,0,42,56,10488,9968
TTGCACAATTCAGAAA-1,0,43,57,10374,10165
CATCGGACGGGTTAAT-1,0,42,58,10261,9967
ATTAAACATGCGGACC-1,0,43,59,10147,10164
TATCTACCACAGCGGG-1,0,42,60,10035,9967
CGAGACCCTAGAGTGT-1,0,43,61,9921,10163
ACATCGATCGTTTACC-1,0,42,62,9808,9966
ATCGACCCAATACAGA-1,0,43,63,9694,10163
GAATCTGAACATTCTC-1,0,42,64,9582,9965
AGTTCCTATTTATGTT-1,0,43,65,9468,10162
CAGTCTGTATACTGGG-1,0,42,66,9355,9965
GGAGACGACACCTTTG-1,0,43,67,9242,10162
CCTAAATTAACGGTTC-1,0,42,68,9129,9964
GCTACGACTTATTGGG-1,0,43,69,9015,10161
CTGTGCAGGGTAGGTC-1,0,42,70,8902,9964
ACGCCGCTAGACGACC-1,0,43,71,8789,10160
ACTTGACTCCCTCTTT-1,0,42,72,8676,9963
CGCCTCCCTCCTCTAT-1,0,43,73,8562,10160
CTAGATTTACGACGGC-1,0,42,74,8449,9962
GATGCTGTATTTCATC-1,0,43,75,8336,10159
TGCGTTTGTTGACACT-1,0,42,76,8223,9962
CGTGCCCTCCCGAAGA-1,0,43,77,8109,10158
ACTCTCTGACTTAGGT-1,0,42,78,7997,9961
CTGGGTAGGCAGTTAA-1,0,43,79,7883,10158
GTTTGGCCCAAGTTAT-1,0,42,80,7770,9960
GAATGTGGTCCGGATT-1,0,43,81,7656,10157
CCCAGTTAAGGCGCCG-1,0,42,82,7544,9960
CGGTACTAGAATCAAA-1,0,43,83,7430,10156
GCTTAATGTAACTAAC-1,0,42,84,7317,9959
AGGACAGTCGAATCCC-1,0,43,85,7203,10156
GACAGCCAGACCTGAC-1,0,42,86,7091,9958
GGCGAAATCTAACTTG-1,0,43,87,6977,10155
CTGGTAACACATAGAA-1,0,42,88,6864,9958
TAGCCATTTCAAAGTC-1,0,43,89,6750,10154
GGGATTTACCGCACCT-1,0,42,90,6638,9957
ATGCCATTTGCGACCA-1,0,43,91,6524,10154
GAATAGACGCGACCCA-1,0,42,92,6411,9956
TGTATGGCGCAGACAG-1,0,43,93,6297,10153
GGATGAAGATCGCTGA-1,0,42,94,6185,9956
CGACAATTTGATCTAA-1,0,43,95,6071,10153
AAAGTTGACTCCCGTA-1,0,42,96,5958,9955
CGCGGCTCAACTTGAA-1,0,43,97,5844,10152
CACGCGGAACTGTTGC-1,1,42,98,5732,9955
TCTTAGAGTGAACTCT-1,1,43,99,5618,10151
AGTCCATTGGCTGATG-1,1,42,100,5505,9954
TTAAGATAGGATTGAC-1,1,43,101,5392,10151
ACATCCTGGTAACTGT-1,1,42,102,5279,9953
CACCTTGGCGCCTTTG-1,1,43,103,5165,10150
GCTAGACCGTCTACTG-1,1,42,104,5052,9953
CGGCCCAGGTATATCC-1,0,43,105,4939,10149
GTCCATTACTGCTACG-1,0,42,106,4826,9952
GGGTTTAGGATAGGAT-1,0,43,107,4712,10149
TAATTAGGACATCCGT-1,0,42,108,4599,9951
GCTCCCAGTCGGTCCA-1,0,43,109,4486,10148
ATTCGTGCTATCTCTT-1,0,42,110,4373,9951
GTTAACTATGTTGTCA-1,0,43,111,4259,10147
GCTCCGCTCGCTTCAG-1,0,42,112,4147,9950
GCAACGGCTAGTTATG-1,0,43,113,4033,10147
AATCGCGCAGAGGACT-1,0,42,114,3920,9949
AGGTTACACCATGCCG-1,0,43,115,3806,10146
CGAGATTTCGCTCGGG-1,0,42,116,3694,9949
CGATAATACTCAGGTT-1,0,43,117,3580,10145
AAGGCAGGCTGTCTCC-1,0,42,118,3467,9948
GTAAGTCCACACTCTA-1,0,43,119,3353,10145
ATGAGGGCAGCGGCTA-1,0,42,120,3241,9947
GCCGCACTCCGTTTCA-1,0,43,121,3127,10144
GAGCACGGCGCCTCTT-1,0,42,122,3014,9947
ACAATTTGGCCATATT-1,0,43,123,2900,10144
CTGGTTCGCGAGCTAC-1,0,42,124,2788,9946
GACGGTCCTAGGGTGT-1,0,43,125,2674,10143
ACTCGCGATCTGACGC-1,0,42,126,2561,9946
GTGTACGAACCGTTCC-1,0,43,127,2447,10142
CTTTGACGTCGCTTCT-1,0,44,0,16828,10380
CGTTATCATACTTCCA-1,0,45,1,16714,10577
GCTATGCCAGCTTATG-1,0,44,2,16601,10379
CAGTCGGCCTAGATAT-1,0,45,3,16488,10576
CCCGTGAGGGCGGTGA-1,0,44,4,16375,10379
TCTCGTGTTACGAGGA-1,0,45,5,16261,10575
ACGTCTCGTTCCGGGA-1,0,44,6,16148,10378
CGAGAGCGCGTAGATA-1,0,45,7,16035,10575
GACAGATTTCTGGCTC-1,0,44,8,15922,10377
GGGCCTAAATGGGCTA-1,0,45,9,15808,10574
ACTTGTAGTCCCTTCA-1,0,44,10,15695,10377
CCCGAAGTTTCGCGAA-1,0,45,11,15582,10574
ACCATCCGCCAACTAG-1,0,44,12,15469,10376
TGCGAATATGGGATTT-1,0,45,13,15355,10573
TACATCCCTATCCCTG-1,0,44,14,15242,10376
GTGGGAAGACTGAATC-1,0,45,15,15129,10572
TCAACATCGACCGAGA-1,0,44,16,15016,10375
CTATGTGAGTCACGGC-1,0,45,17,14902,10572
CCGAACACTGGGCCTC-1,0,44,18,14790,10374
AAACTTGCAAACGTAT-1,0,45,19,14676,10571
AGGGCGAGCAGCTGAT-1,0,44,20,14563,10374
AACACGAGACGCGGCC-1,0,45,21,14449,10570
TGACGAATATTTCCCT-1,0,44,22,14337,10373
TCGGAGAGTATCGGGA-1,0,45,23,14223,10570
CAAATCTCTCACAAGG-1,0,44,24,14110,10372
AGGCCCTAGAACGCCA-1,0,45,25,13996,10569
TAGAGATCATGCAACT-1,0,44,26,13884,10372
TTGTTTCCATACAACT-1,0,45,27,13770,10568
GAGAGGTGCATTCTGG-1,0,44,28,13657,10371
GTGGACCAACCCGATT-1,0,45,29,13543,10568
CTGGGCCTGCTATATC-1,0,44,30,13431,10370
CATAGTCCACAAGAAC-1,0,45,31,13317,10567
TTGACATGAACGTGGA-1,0,44,32,13204,10370
GGTTACCACCCTCGGG-1,0,45,33,13090,10566
TACCGGTCGTTTCCAT-1,0,44,34,12978,10369
CGAGTACTAAAGAGGA-1,0,45,35,12864,10566
GCAAGAATTCCTTGGC-1,0,44,36,12751,10368
TCGCCGAAGTTGCGTC-1,0,45,37,12637,10565
TTGAGAGTACTGCTAA-1,0,44,38,12525,10368
GCCACAATTTAAGGAC-1,0,45,39,12411,10565
ATATTCAGTTAAACCT-1,0,44,40,12298,10367
TGAGTGCCTCTTAAAT-1,0,45,41,12185,10564
ATCAGACGGCACGCCG-1,0,44,42,12072,10367
GTGCGAAATCGAACAC-1,0,45,43,11958,10563
GTGCCGCTTCAAAGGT-1,0,44,44,11845,10366
GATACGATGGGAGTCA-1,0,45,45,11732,10563
GACACTGAGTTCAGTG-1,0,44,46,11619,10365
ATCCTGCGTGGAATGG-1,0,45,47,11505,10562
ATCCTACCTAAGCTCT-1,0,44,48,11392,10365
AGTGATATGAGTAGTT-1,0,45,49,11279,10561
ATGATGCAATGGTACA-1,0,44,50,11166,10364
GAAACCGAATTACCTT-1,0,45,51,11052,10561
AGTGACCTACTTTACG-1,0,44,52,10940,10363
CAAATGTCCTTCCGTG-1,0,45,53,10826,10560
TTACTGGGATATTTCA-1,0,44,54,10713,10363
CTTGCCCAGGCTCTAC-1,0,45,55,10599,10559
AAATCGTGTACCACAA-1,0,44,56,10487,10362
GTGATCATAGATCTGC-1,0,45,57,10373,10559
TGGCAGATTACGATCA-1,0,44,58,10260,10361
TCACCCTCTTAAGATT-1,0,45,59,10146,10558
CAGGATATATCGTTGT-1,0,44,60,10034,10361
CCTGACCACCGATGGT-1,0,45,61,9920,10557
CTAAAGGGAAATAGGA-1,0,44,62,9807,10360
CCGCTATCAGCACCAG-1,0,45,63,9693,10557
CTTTAGTGCTATTATT-1,0,44,64,9581,10359
CGGGAATTTATGTAAA-1,0,45,65,9467,10556
TACGACTGCCTCTTAG-1,0,44,66,9354,10359
AAACTGCTGGCTCCAA-1,0,45,67,9240,10556
GTACGTTTGCCCGTCA-1,0,44,68,9128,10358
GGCAAGGCGAAATAGC-1,0,45,69,9014,10555
GATCTTGGAGGGCATA-1,0,44,70,8901,10358
AGCGTGGTATTCTACT-1,0,45,71,8787,10554
CTAAGGGAATGATTGG-1,0,44,72,8675,10357
CATGGTAAGTAGCGTT-1,0,45,73,8561,10554
CGTTGAGCGACCGTCG-1,0,44,74,8448,10356
TGCCCGTACCGTTAAA-1,0,45,75,8335,10553
ACAAGGGCAGGCTCTG-1,0,44,76,8222,10356
GAGATCTTCCATGACA-1,0,45,77,8108,10552
AATGACGTAGGATGTC-1,0,44,78,7995,10355
GTGGTGGCCAAGTGAA-1,0,45,79,7882,10552
TCCCGTGTGCAATTTG-1,0,44,80,7769,10354
ACATCGTATGCAATGG-1,0,45,81,7655,10551
GCGAAACTTAACTGGA-1,0,44,82,7542,10354
AATTGAACGCTCTGGT-1,0,45,83,7429,10550
ACAAATGGTAGTGTTT-1,0,44,84,7316,10353
ATGGTCGCGTGGTTTC-1,0,45,85,7202,10550
TGTTATTGTATGTGGC-1,0,44,86,7090,10352
TTCCGGTTACCCACTT-1,0,45,87,6976,10549
GAGTGTGCGGTACCCA-1,0,44,88,6863,10352
CAAGATATTATAACGT-1,0,45,89,6749,10549
ACACACCAGGACCAGT-1,0,44,90,6637,10351
ATGGGCCTCGGCCTCT-1,0,45,91,6523,10548
AAGGTGATAAACCAGC-1,0,44,92,6410,10351
TCTTACTTATGCCTCT-1,0,45,93,6296,10547
AAAGTGTGATTTATCT-1,0,44,94,6184,10350
TGCTCCACAGTTCTTA-1,1,45,95,6070,10547
CTGGCTGATTCATCCT-1,1,44,96,5957,10349
TAAGGCTGAATCCCTC-1,1,45,97,5843,10546
TCTAGTGATATCGTGG-1,1,44,98,5731,10349
TCGAAGAACCGAGCAC-1,1,45,99,5617,10545
GACAAACATATGCAGG-1,1,44,100,5504,10348
AAGTCAATTGTCGTCA-1,1,45,101,5390,10545
AGTGAACAAACTTCTC-1,1,44,102,5278,10347
CATGATGGAAGTTAGC-1,1,45,103,5164,10544
AAGTGCCTTGACTGTA-1,0,44,104,5051,10347
ATCGCCAGTCAACATT-1,0,45,105,4937,10543
ACCGCGGTGGAAGTCG-1,0,44,106,4825,10346
TCTTCTATAACCCGCC-1,0,45,107,4711,10543
CACATTTCTTGTCAGA-1,0,44,108,4598,10345
TAGCGTCCCTCGATTG-1,0,45,109,4485,10542
GTTCGGATCGGGAACA-1,0,44,110,4372,10345
CAAACTCGCGACGCCG-1,0,45,111,4258,10541
GTCTTGTAGCTATTCA-1,0,44,112,4145,10344
TCTCGACGTATCGCCG-1,0,45,113,4032,10541
TTGCCAAGCAGAACCC-1,0,44,114,3919,10343
AAACCCGAACGAAATC-1,0,45,115,3805,10540
TTGAGCAGCCCACGGT-1,0,44,116,3692,10343
CGCCTTTAGCATGCTC-1,0,45,117,3579,10540
TGTGGCTCCCACCAAC-1,0,44,118,3466,10342
CCGCCGTTGAGGATAA-1,0,45,119,3352,10539
CAATACGAGAGTCTGA-1,0,44,120,3240,10342
CATCTAGTGAAGGGAA-1,0,45,121,3126,10538
GGTGGAGGTTGATACG-1,0,44,122,3013,10341
CCGCACACGAACGTGT-1,0,45,123,2899,10538
AGAACCCAGCGTGACA-1,0,44,124,2787,10340
GCGCTCGATCACCTGT-1,0,45,125,2673,10537
ATCATGGACTACCGAC-1,0,44,126,2560,10340
TACGCCGCCTCAGAAG-1,0,45,127,2446,10536
CGACCTACTAGACAAT-1,0,46,0,16827,10774
GAGTCTTGTAAAGGAC-1,0,47,1,16713,10971
AATATCCTAGCAAACT-1,0,46,2,16600,10773
CCCTAGGCAACAAGAG-1,0,47,3,16486,10970
ACAAAGAAGGTAGGCC-1,0,46,4,16374,10773
CCCTGGCTGTTCCTTC-1,0,47,5,16260,10970
TCGCCGCACCGCGTGA-1,0,46,6,16147,10772
TATAGCGCACGTTATC-1,0,47,7,16033,10969
TTATCTGACATTAGGA-1,0,46,8,15921,10772
AGTGGTGTTACCCGTG-1,0,47,9,15807,10968
GCCAAGAATACTTCTG-1,0,46,10,15694,10771
CCGGCGTGAGACTCTG-1,0,47,11,15580,10968
TTCCCGGCGCCAATAG-1,0,46,12,15468,10770
AAACAGGGTCTATATT-1,0,47,13,15354,10967
ACAGTAATACAACTTG-1,0,46,14,15241,10770
CGAACGGCCGGACAAC-1,0,47,15,15128,10966
GCAACACACTAGAACT-1,0,46,16,15015,10769
ACTCCCATTCCTAAAG-1,0,47,17,14901,10966
ACCTGCGTGTCATGTT-1,0,46,18,14788,10768
TACTTTCCGCACGCCA-1,0,47,19,14675,10965
AGGTCAGGTGAGAGTG-1,0,46,20,14562,10768
TCCTCCTAAGACATTC-1,0,47,21,14448,10964
ATGTGAAAGCCTAATG-1,0,46,22,14335,10767
AGTCGGCTCAACTTTA-1,0,47,23,14222,10964
CGATCTGTTGGAGGAC-1,0,46,24,14109,10766
ACGGGAGTGTCGGCCC-1,0,47,25,13995,10963
TTAACTTCAGGTAGGA-1,0,46,26,13883,10766
CCACGGAGCCATAAGA-1,0,47,27,13769,10962
CTTCTATGTTGAAGTA-1,0,46,28,13656,10765
CACCGTTGCGCGATAT-1,0,47,29,13542,10962
TCTAGCAATCTCCGCC-1,0,46,30,13430,10764
AGTTTGGCCAGACCTA-1,0,47,31,13316,10961
TTGTAAGGACCTAAGT-1,0,46,32,13203,10764
AAATTTGCGGGTGTGG-1,0,47,33,13089,10961
AAGTTCGGCCAACAGG-1,0,46,34,12977,10763
CCGCTTACCTCACTCT-1,0,47,35,12863,10960
ATCACGTGCTAATTAA-1,0,46,36,12750,10763
GGTGAAGTACAGGGAT-1,0,47,37,12636,10959
GCTGTATTACTGGCCC-1,0,46,38,12524,10762
AACGGCCATCTCCGGT-1,0,47,39,12410,10959
TAAGTAACATCTTGAC-1,0,46,40,12297,10761
TTCTTGAGCCGCGCTA-1,0,47,41,12183,10958
AGTGCGTAGCTCGTAA-1,0,46,42,12071,10761
GGGATGGTCGTAACCG-1,0,47,43,11957,10957
GTCTGGGCGGTCGAGA-1,0,46,44,11844,10760
CGGAACGTAAACATAG-1,0,47,45,11730,10957
TGCGACACCCTAGTGC-1,0,46,46,11618,10759
CAAACGAGTATCGCAG-1,0,47,47,11504,10956
TCAGTAGGGACTATAA-1,0,46,48,11391,10759
GCGGTTCCCTATCATG-1,0,47,49,11278,10955
GTGACTTCAGTAGTGC-1,0,46,50,11165,10758
CGTCACGTCCATTGGT-1,0,47,51,11051,10955
ATAAGTTACCGCGACG-1,0,46,52,10938,10757
CTGAATCCGAGACCTC-1,0,47,53,10825,10954
TACGACGCTTGCTGCG-1,0,46,54,10712,10757
GAATTCACCCGGGTGT-1,0,47,55,10598,10953
GGGTGACACCTTAACT-1,0,46,56,10485,10756
TGAGTAAATTAGCGTA-1,0,47,57,10372,10953
GAGTCCGCTTACCGGA-1,0,46,58,10259,10755
GGCGCGTTCGAGTTTA-1,0,47,59,10145,10952
ATTCATATACTGTCCA-1,0,46,60,10033,10755
ATAAACGGACCCGTAA-1,0,47,61,9919,10952
GTCGTACCATCTCGGG-1,0,46,62,9806,10754
ATAATAGCTGTTGAAT-1,0,47,63,9692,10951
TTCCGCGTGAGGCGAT-1,0,46,64,9580,10754
TACCGGCTCACTGCCC-1,0,47,65,9466,10950
GTATCTTTCATAACCA-1,0,46,66,9353,10753
GTTACCTACAACTTGC-1,0,47,67,9239,10950
TGACTATAATCCTTTC-1,0,46,68,9127,10752
AAATACCTATAAGCAT-1,0,47,69,9013,10949
TTATTAGAGCGTGTTC-1,0,46,70,8900,10752
ATGTGGACATCTTGAT-1,0,47,71,8786,10948
GTACGCTTCATTGCAC-1,0,46,72,8674,10751
CACATATTAGCAGGAT-1,0,47,73,8560,10948
CAAGAGGGCGGAGTAC-1,0,46,74,8447,10750
TCGCAAAGATGCATTT-1,1,47,75,8333,10947
GTCGTTATTCGCTTAT-1,1,46,76,8221,10750
TCGTGTACTATGGATG-1,1,47,77,8107,10946
GCGGAGAGGGAGAACG-1,1,46,78,7994,10749
TCACAGGGAATCGCAA-1,1,47,79,7880,10946
GACTGCACCAGCCCAG-1,1,46,80,7768,10748
TCCGCTGTCATCCCGG-1,1,47,81,7654,10945
AGATACTCAAGATCGA-1,1,46,82,7541,10748
ACTGAATGGCGAAAGT-1,1,47,83,7428,10944
TCCTACATCCACGGCC-1,0,46,84,7315,10747
TTCAGCCCTGGTCCAC-1,1,47,85,7201,10944
TTAGAGTTTAGAAGGA-1,0,46,86,7088,10746
GGTTAGCTATATGTCT-1,1,47,87,6975,10943
CTGGTTTCGAGCAAGA-1,0,46,88,6862,10746
TGGGCCCATACTAATT-1,1,47,89,6748,10943
ACTTATTTATGTGCCA-1,0,46,90,6635,10745
TTAGTTATTCGTGGCA-1,1,47,91,6522,10942
AACCGCTAAGGGATGC-1,0,46,92,6409,10745
ATACGTCCACTCCTGT-1,1,47,93,6295,10941
CGACACGCTCCGACAG-1,1,46,94,6183,10744
TCTGAACTCGTACCCG-1,1,47,95,6069,10941
AGGATATAGGGATTTA-1,1,46,96,5956,10743
GTGATCACTAACGCCT-1,1,47,97,5842,10940
ACCGGGCCTTTGTTGA-1,1,46,98,5730,10743
TTGACAGGAGCTCCCG-1,1,47,99,5616,10939
CTCTTCTATTGACTGG-1,1,46,100,5503,10742
CGTGGCCGAATATCTA-1,1,47,101,5389,10939
GGTTTAGCCTTTCTTG-1,1,46,102,5277,10741
TCAAGGTTACTACACC-1,1,47,103,5163,10938
TTGACTATTGTCCGGC-1,1,46,104,5050,10741
CGGGAATATAGTATAC-1,0,47,105,4936,10937
GCAACAGCAGTATGCG-1,0,46,106,4824,10740
ATCAAACACTGTTCCA-1,0,47,107,4710,10937
TGGGCAATAGTTGGGT-1,0,46,108,4597,10739
TGAATGTCAGCCGGCC-1,0,47,109,4483,10936
CGGCTCTAAAGCTGCA-1,0,46,110,4371,10739
GGACACAAGTTTACAC-1,0,47,111,4257,10936
CCGAGAAGTCGCATAA-1,0,46,112,4144,10738
AACTACCCGTTTGTCA-1,0,47,113,4030,10935
GCACAAACGAGGCGTG-1,0,46,114,3918,10738
CACACAGCTTGCGCTC-1,0,47,115,3804,10934
GTGCTTACATCAGCGC-1,0,46,116,3691,10737
GCAAACGTCGCCAGGT-1,0,47,117,3578,10934
GAATAGCATTTAGGGT-1,0,46,118,3465,10736
TACTGTTTCTCTGGTA-1,0,47,119,3351,10933
TCCTATCATAGGTAAC-1,0,46,120,3238,10736
TTCGGTGGAGACGCCC-1,0,47,121,3125,10932
TGTTGCCGTCGTCCCA-1,0,46,122,3012,10735
CCAACTTGATAGATCC-1,0,47,123,2898,10932
CAAAGGTCATCTGAAA-1,0,46,124,2785,10734
CTAGCTTAATGGTCCC-1,0,47,125,2672,10931
AGGCCACATTGGTTAC-1,0,46,126,2559,10734
TTAGGATGGGAGGGTA-1,0,47,127,2445,10930
TATGACCTTGCGCTGG-1,0,48,0,16826,11168
ATATACATGTATGGTA-1,0,49,1,16712,11365
TGTGTGACCATGAATC-1,0,48,2,16599,11168
CCCACTCCACGGTATC-1,0,49,3,16485,11364
GGGCAGACGTCACTGC-1,0,48,4,16373,11167
TCAAAGAGCTATCTGT-1,0,49,5,16259,11364
AGATGCATCCTGTGTC-1,0,48,6,16146,11166
GTGAAGTCACGACTCG-1,0,49,7,16032,11363
TGATTCAGGTCCCGCG-1,0,48,8,15920,11166
CGCCACAGGTCGCGAT-1,0,49,9,15806,11362
TTGAATCGTTGTATAA-1,0,48,10,15693,11165
TGGCCAATTTGGTACT-1,0,49,11,15579,11362
CGACCCTTAACGCCGG-1,0,48,12,15467,11164
TCGGCGTACTGCACAA-1,0,49,13,15353,11361
GAGTAAGGCCACGGGA-1,0,48,14,15240,11164
ATCAGCTCGTCCACTA-1,0,49,15,15126,11360
AGGATCACGCGATCTG-1,0,48,16,15014,11163
AAATGGCCCGTGCCCT-1,0,49,17,14900,11360
CAGTACCAGTTTACGT-1,0,48,18,14787,11162
GGTCGTAAGCTCGCAC-1,0,49,19,14673,11359
CGTTCATGGTGCGCGT-1,0,48,20,14561,11162
GACTACAAAGCGGTGG-1,0,49,21,14447,11358
CAGCTGGCGTAACCGT-1,0,48,22,14334,11161
ACTCGTAACCCGTCCT-1,0,49,23,14221,11358
CATATGTCAGGCTACG-1,0,48,24,14108,11160
GCCCGACTTCTTCCCG-1,0,49,25,13994,11357
CTGGCATCCGAATGAG-1,0,48,26,13881,11160
AAGTGCGTTAGAATCT-1,0,49,27,13768,11357
AGAAGTGATTCGTGAT-1,0,48,28,13655,11159
TACCTTAAGATTTCCC-1,0,49,29,13541,11356
AATGACAGCAATGTCT-1,0,48,30,13428,11159
TCAACGCAGGAAATAA-1,0,49,31,13315,11355
TATTCCTCCGCCCACT-1,0,48,32,13202,11158
ATCAAACGAAGGTTTG-1,0,49,33,13088,11355
TTGATTAGCTGTTTCT-1,0,48,34,12976,11157
CTGCTGAGGCCACGAA-1,0,49,35,12862,11354
CCGTGTTAAATTCCAT-1,0,48,36,12749,11157
CACGTCGGCAACCTCT-1,0,49,37,12635,11353
GTATTCTGAGAAACGA-1,0,48,38,12523,11156
CGGTGCGCGTTGGTCC-1,0,49,39,12409,11353
GTGATTCGCCGCTCAA-1,0,48,40,12296,11155
GCCCGCGCGTAAACGG-1,0,49,41,12182,11352
AACGTACTGTGGGTAC-1,0,48,42,12070,11155
GAGTATGCCCGCCTTG-1,0,49,43,11956,11351
TGATTCTGTCGCCGGT-1,0,48,44,11843,11154
GGGCGGCAAATGAATT-1,0,49,45,11729,11351
TTCCAATCTGGCTATC-1,0,48,46,11617,11153
GGAACCGTGTAAATTG-1,0,49,47,11503,11350
TTGGTCACACTCGTAA-1,0,48,48,11390,11153
CGAACCCGCATGCGTC-1,0,49,49,11276,11349
GGGCGTCACCACGTAA-1,0,48,50,11164,11152
TACCAGAAGTAGGTTC-1,0,49,51,11050,11349
TTGGATATCGTCTACG-1,0,48,52,10937,11151
TAGATATGGACTGGAA-1,0,49,53,10823,11348
GCGACGATAGTTGTAC-1,0,48,54,10711,11151
CTGGATTTACACTTGA-1,0,49,55,10597,11348
GTTATATTATCTCCCT-1,0,48,56,10484,11150
TATTCCACTCAGCTCG-1,0,49,57,10371,11347
CTGTTACCCAATCTAG-1,0,48,58,10258,11150
ACGCGAAGTCAGACGA-1,0,49,59,10144,11346
GATAGGTAACGTTGAC-1,0,48,60,10031,11149
TGTTCGTATTGCGGTG-1,0,49,61,9918,11346
GGTCAGTGGGTCCCAC-1,0,48,62,9805,11148
AATTCTAGAGTTAGGC-1,0,49,63,9691,11345
GTTTACGTTCCATCTG-1,0,48,64,9578,11148
AGACCCACCGCTGATC-1,0,49,65,9465,11344
TCTAGCATGCCCAGAA-1,0,48,66,9352,11147
CCCGCAGCGCGAACTA-1,0,49,67,9238,11344
CTCTATTTGGCTGCAG-1,0,48,68,9126,11146
TTCTGCCGCGCCTAGA-1,1,49,69,9012,11343
ACTCCCTAGAATAGTA-1,1,48,70,8899,11146
CCGAACCTTCCCGGCC-1,1,49,71,8785,11342
TCAGACGCTATAGAAG-1,1,48,72,8673,11145
CAGGCGCCATGCTAGG-1,1,49,73,8559,11342
CACTCGAGCTGAACAA-1,1,48,74,8446,11144
ACAAGGAAATCCGCCC-1,1,49,75,8332,11341
ACCACGTGCAGCTATA-1,1,48,76,8220,11144
ACGGCGACGATGGGAA-1,1,49,77,8106,11340
TTACTAAAGGACTTTA-1,1,48,78,7993,11143
GGCTGAAATAGCAAAG-1,1,49,79,7879,11340
TTAGACGAGTCACCTC-1,1,48,80,7767,11142
GTAGTCGCGGGAATCA-1,1,49,81,7653,11339
GCAAACCCTACATTAT-1,1,48,82,7540,11142
GTTAAAGTAGGACTGG-1,1,49,83,7426,11339
ACCCTCCCTTGCTATT-1,1,48,84,7314,11141
CATGTCTCATTTATGG-1,1,49,85,7200,11338
AATAGAATCTGTTTCA-1,1,48,86,7087,11141
TCTCATGAGATAGGGT-1,1,49,87,6973,11337
ATGACTATGCGACATT-1,1,48,88,6861,11140
CCTAACCCAAACAAGT-1,1,49,89,6747,11337
AGTCAAGATGACACTT-1,1,48,90,6634,11139
CGGGAGCTTCAGTGTA-1,1,49,91,6521,11336
CCACAGTACCCATCCT-1,1,48,92,6408,11139
GAGCGCGCACGAGTAG-1,1,49,93,6294,11335
ACCAGTGCGGGAGACG-1,1,48,94,6181,11138
TCCTTACGACGGTCCG-1,1,49,95,6068,11335
TAGTCGATCACGGGTT-1,1,48,96,5955,11137
AGACGAAGTGCCGGTC-1,1,49,97,5841,11334
CGCTGGTGACTACCCT-1,1,48,98,5728,11137
AGGCATTGTCGTAGGG-1,1,49,99,5615,11333
TGGTAGAATATATGGG-1,1,48,100,5502,11136
TTCTTATCCGCTGGGT-1,1,49,101,5388,11333
AGTTTGGCACGGGTTG-1,1,48,102,5276,11135
GCATCGGCCGTGTAGG-1,1,49,103,5162,11332
ATGCGAGTCCCACCAC-1,1,48,104,5049,11135
TCGGCGAACCCAAACC-1,0,49,105,4935,11331
AGAGTAAACTTCACTA-1,0,48,106,4823,11134
AAGCCGAAGCGGTTTA-1,0,49,107,4709,11331
CCCGAGTTTCTCCGTA-1,0,48,108,4596,11133
AATATCGAATCAATGC-1,0,49,109,4482,11330
GCGCCTCCCACTCCGA-1,0,48,110,4370,11133
CGTTAAACTAGTTAGG-1,0,49,111,4256,11330
TGAGTTAAAGACATTC-1,0,48,112,4143,11132
AACAGGTAGTATGGAT-1,0,49,113,4029,11329
GAACGCGGGTCACACG-1,0,48,114,3917,11132
TGTTTGAGATCGTCAG-1,0,49,115,3803,11328
ATCTCGTGAGCGAAAC-1,0,48,116,3690,11131
CTGAGAAAGTTCGGCG-1,0,49,117,3576,11328
ATTACCACACTGCCTG-1,0,48,118,3464,11130
CTGCTGTCTAACGAGC-1,0,49,119,3350,11327
CGTGGAAGCCTCGTAC-1,0,48,120,3237,11130
GGACTCACAAATTAGG-1,0,49,121,3123,11326
CTTTGCTGTCATGGAT-1,0,48,122,3011,11129
GGTGTTGGGCGTCTTA-1,0,49,123,2897,11326
TACCATGTATTGATTT-1,0,48,124,2784,11128
GGTCTCCAAGTAGTGC-1,0,49,125,2671,11325
ATCCTTCTGAAAGAAC-1,0,48,126,2558,11128
CCGGAAGTTATCAGTC-1,0,49,127,2444,11324
TTAGAGGGATATACAG-1,0,50,0,16824,11562
TTGTACACCTCGAACA-1,0,51,1,16711,11759
GTGGGTACTGAGCGTA-1,0,50,2,16598,11562
CTTAAGCAGCGAGCCG-1,0,51,3,16484,11758
GCATTGACTTGCGGAA-1,0,50,4,16371,11561
CCATAACCTGTGCAGT-1,0,51,5,16258,11758
GGGCTACTATTTCGTG-1,0,50,6,16145,11560
GGCGAGCGAAACGGCA-1,0,51,7,16031,11757
GGAGACCATCTACATA-1,0,50,8,15919,11560
AGACCAAACCACACCT-1,0,51,9,15805,11756
CGACGCATCCGTACCT-1,0,50,10,15692,11559
CCTAGGTAAAGGTAGC-1,0,51,11,15578,11756
AGCGGCGGTTAGCGGT-1,0,50,12,15466,11558
CTGGACGCAGTCCGGC-1,0,51,13,15352,11755
AGCCTAATACCCACGT-1,0,50,14,15239,11558
AATCTGGCTTTCTAGT-1,0,51,15,15125,11754
CACCCTTGGTGAGACC-1,0,50,16,15013,11557
GGATCTTGACTCAACC-1,0,51,17,14899,11754
ACGAGGATACCACTCT-1,0,50,18,14786,11556
GAGTTGATGGCAATTT-1,0,51,19,14672,11753
GTGGCAAACAGCGGCA-1,0,50,20,14560,11556
GATGTAACGAACCACC-1,0,51,21,14446,11753
AGCCGTGGCTAAATGT-1,0,50,22,14333,11555
CTCCCTCCTTTCGATC-1,0,51,23,14219,11752
TTGGAAGAATACAGTC-1,0,50,24,14107,11555
AGTTAAGTCAACCGCT-1,0,51,25,13993,11751
CTCATGGTAATTTGCG-1,0,50,26,13880,11554
AAAGTAGCATTGCTCA-1,0,51,27,13766,11751
TTGTGGTAGGAGGGAT-1,0,50,28,13654,11553
AGTCGTGGGCATTACG-1,0,51,29,13540,11750
ACCTAAGTACCTTTCA-1,0,50,30,13427,11553
GTAGAGGGAGACAAGT-1,0,51,31,13314,11749
GATCCTCGACACTGGC-1,0,50,32,13201,11552
CCTACATTCACAGACG-1,0,51,33,13087,11749
TTGACCGTGTTAATGA-1,0,50,34,12974,11551
TCTGTTACCCAGCATA-1,0,51,35,12861,11748
CTAACTGGTCCGGTTC-1,0,50,36,12748,11551
AGCGACAGGAACGGTC-1,0,51,37,12634,11747
TAATAGAACAGAGTTA-1,0,50,38,12521,11550
ACAGGTGGAGGTGAGG-1,0,51,39,12408,11747
TGCGAGAATATTACCC-1,0,50,40,12295,11549
TTGCGTCGGCCAACCG-1,0,51,41,12181,11746
AGGCTTCCCGAAGAAG-1,0,50,42,12069,11549
GCGGACCGCGTTGTGG-1,0,51,43,11955,11745
GTAATCTGATTCTTCG-1,0,50,44,11842,11548
CCGCGGAATGCGTCAC-1,0,51,45,11728,11745
TTCCACACAGATTTGA-1,0,50,46,11616,11547
CTTCTATTAATGCTAG-1,0,51,47,11502,11744
CATTTGAGTGGTACGT-1,0,50,48,11389,11547
TCACAGCAAACTCGAA-1,0,51,49,11275,11744
CAGACGAACCTGATAC-1,0,50,50,11163,11546
TAGCTAGAAGGCATGA-1,0,51,51,11049,11743
ATCCAGAGCAACAACC-1,0,50,52,10936,11546
TCCGGTTCGTCCGGTC-1,0,51,53,10822,11742
CGCGCATGTTTGATTG-1,0,50,54,10710,11545
TGGCGATCAAGTTATG-1,0,51,55,10596,11742
CCCTTTGACAGGTCTT-1,0,50,56,10483,11544
CAGAGACGGTCACCCA-1,0,51,57,10369,11741
TAGCTCGCCTGATAAC-1,0,50,58,10257,11544
TTGTGTTTCCCGAAAG-1,0,51,59,10143,11740
TATACACAGACGCCTT-1,0,50,60,10030,11543
ACATTAGTTTATATCC-1,0,51,61,9916,11740
CCATCGCAGTTAAACT-1,0,50,62,9804,11542
AATTAGCGCTGCAGCG-1,0,51,63,9690,11739
TCCGCTTATCCCATTA-1,0,50,64,9577,11542
GTTTGGGCTTGTGAGC-1,0,51,65,9464,11738
CTTGTCAACATTCGAG-1,0,50,66,9351,11541
GGACCAACAGGATAAC-1,1,51,67,9237,11738
AAGCTAGATCGAGTAA-1,1,50,68,9124,11540
TACCGTGCCTCGGACC-1,1,51,69,9011,11737
GTAGCCAAACATGGGA-1,1,50,70,8898,11540
TGCCAGTACGTGGAGA-1,1,51,71,8784,11736
ATAAGGTGGAGAACAT-1,1,50,72,8671,11539
CTTTAATATTGGTCGA-1,1,51,73,8558,11736
TGGTTCAACGGGTAAT-1,1,50,74,8445,11538
GCTGCTACTGCGTAGC-1,1,51,75,8331,11735
CTGCACAACTACATAT-1,1,50,76,8219,11538
ATATTCCACATAGTGA-1,1,51,77,8105,11735
TGGCAAACTAAATTAC-1,1,50,78,7992,11537
ACCGCAATAACTGCCT-1,1,51,79,7878,11734
TCGCACCAGGAGGCAG-1,1,50,80,7766,11537
ACTTCAGGCTGATCCC-1,1,51,81,7652,11733
ACAAATCGCACCGAAT-1,1,50,82,7539,11536
TCTGATGTATTCTGTC-1,1,51,83,7425,11733
CTTTACCGAATAGTAG-1,1,50,84,7313,11535
GCAGATCCATAAGACT-1,1,51,85,7199,11732
TTCCTCGGACTAACCA-1,1,50,86,7086,11535
TTATCCGGGATCTATA-1,1,51,87,6972,11731
CTGGAAGACACGGTGG-1,1,50,88,6860,11534
GTTCGTCTAAAGAACT-1,1,51,89,6746,11731
GTCTATTGGTTCCGGT-1,1,50,90,6633,11533
CTAGGCGCCCTATCAG-1,1,51,91,6519,11730
AACGGACGTACGTATA-1,1,50,92,6407,11533
AACACACGCTCGCCGC-1,1,51,93,6293,11729
GCTACTATAGTAGAGT-1,1,50,94,6180,11532
AGCATATCAATATGCT-1,1,51,95,6066,11729
CGAACAGTATGGGCGT-1,1,50,96,5954,11531
ACAATTGTGTCTCTTT-1,1,51,97,5840,11728
GATCGCTACCCGATTT-1,1,50,98,5727,11531
ATTGCGATCAGTAACT-1,1,51,99,5614,11727
CAGCAGTCCAGACTAT-1,1,50,100,5501,11530
AGAGGCTTCGGAAACC-1,1,51,101,5387,11727
AAACAAGTATCTCCCA-1,1,50,102,5274,11529
GGCAGCAAACCTATGC-1,1,51,103,5161,11726
ACTAGTTGCGATCGTC-1,0,50,104,5048,11529
TTGGACCATCTGGCAA-1,0,51,105,4934,11726
CCCTCCTCGCTCGTAT-1,0,50,106,4821,11528
GAGCGCAAATACTCCG-1,0,51,107,4708,11725
ATTACATGTCAGTCTT-1,0,50,108,4595,11528
TTGGGACGTAAGAGTT-1,0,51,109,4481,11724
CTTCGGCCAATTGTTT-1,0,50,110,4369,11527
AGACCGCTCCGCGGTT-1,0,51,111,4255,11724
GACCGCGTCTGACGTG-1,0,50,112,4142,11526
CCAAATAACAAGATTC-1,0,51,113,4028,11723
TCTTTAGAGTCTAACA-1,0,50,114,3916,11526
CTCCCAATGAGTCGCG-1,0,51,115,3802,11722
TAGTCTTTCCGAATTG-1,0,50,116,3689,11525
GAGTAAACCGGAAAGT-1,0,51,117,3575,11722
GATCTCGACGCTGTGG-1,0,50,118,3463,11524
CTGACATAGAAATAGA-1,0,51,119,3349,11721
TATACCGAGTGCCACA-1,0,50,120,3236,11524
TCCGAACGTTGCCGCT-1,0,51,121,3122,11720
GCAGAAGGTAATCTCC-1,0,50,122,3010,11523
GGTACTAAGTGCTTTG-1,0,51,123,2896,11720
CAGAATATTCGTTATC-1,0,50,124,2783,11522
TAATCAACCAAATGGG-1,0,51,125,2669,11719
TCTGCTTAGAACAAGC-1,0,50,126,2557,11522
AACTGAGTTATACTGA-1,0,51,127,2443,11718
CCTCAACGATCGCTGT-1,0,52,0,16823,11956
CGGTACGGCAAACCCA-1,0,53,1,16710,12153
CAGATGTTTGTCCCAA-1,0,52,2,16597,11956
GTTTGTTAGCCAAGTA-1,0,53,3,16483,12152
ACGTGACAAAGTAAGT-1,0,52,4,16370,11955
TTGTCACCGCGGTATC-1,0,53,5,16257,12152
GATCTAACCGTATTCA-1,0,52,6,16144,11954
ATGGAAATTTAAGGAG-1,0,53,7,16030,12151
ATTGATCACCACATTT-1,0,52,8,15917,11954
ACTGCTCGGAAGGATG-1,0,53,9,15804,12150
TCTAAAGAACAGTCTC-1,0,52,10,15691,11953
CTGGGTTGAGTTAAAG-1,0,53,11,15577,12150
CCCAGTAAACTTGGGA-1,0,52,12,15464,11952
AGATTCACAACCGATA-1,0,53,13,15351,12149
AGAAGGTACACTTCAC-1,0,52,14,15238,11952
GCAGGAACTTAGATCT-1,0,53,15,15124,12148
AATCTAGGTTTACTTG-1,0,52,16,15012,11951
CCCGGTGTATCGGAAT-1,0,53,17,14898,12148
TTATCCTCAAGGAATA-1,0,52,18,14785,11950
AGCATCATTTCGAAAG-1,0,53,19,14671,12147
CGCGAGTCTGCCGGGT-1,0,52,20,14559,11950
TGCGTCATGACTGAGC-1,0,53,21,14445,12147
GTATGAAATTTCACTC-1,0,52,22,14332,11949
TTGGTTGCGGTGCGCG-1,0,53,23,14218,12146
ACAGAACTGAGAACAA-1,0,52,24,14106,11949
CTACTATCATAGGTTT-1,0,53,25,13992,12145
CCTCTATCGATTAGCA-1,0,52,26,13879,11948
CCGTATCTCGTCGTAG-1,0,53,27,13765,12145
TCACGATGTCCGTGGA-1,0,52,28,13653,11947
TCAACAAAGATAATTC-1,0,53,29,13539,12144
ATGACGCGTTCTATCC-1,0,52,30,13426,11947
ATTTGCGCGAGTAGCT-1,0,53,31,13312,12143
TTCTTGGACGATCTGC-1,0,52,32,13200,11946
AGACGACGATGCCGCT-1,0,53,33,13086,12143
GGTCTCTGAATGGACT-1,0,52,34,12973,11945
GCTCAATCCGTTTATT-1,0,53,35,12859,12142
CCAGAAAGCAACTCAT-1,0,52,36,12747,11945
CACCGTTAGGGATCAC-1,0,53,37,12633,12141
AATAACACTAGAACAA-1,0,52,38,12520,11944
CACCCGGTTTGTGACT-1,0,53,39,12407,12141
CCACCAACTTTACTGT-1,0,52,40,12294,11943
AACTCTCAGTGTGCTC-1,0,53,41,12180,12140
AAACCGTTCGTCCAGG-1,0,52,42,12067,11943
CAGCGATTCCCTTCAA-1,0,53,43,11954,12140
GCTAGCTTGAATAGCT-1,0,52,44,11841,11942
TTGCGGCATCAGAAAG-1,0,53,45,11727,12139
AATAGAACAGAGTGGC-1,0,52,46,11614,11942
GCCATCGAGCTGCGTG-1,0,53,47,11501,12138
ACACTGATCAAGGTGT-1,0,52,48,11388,11941
ACCAACGCTTATTTAT-1,0,53,49,11274,12138
GACATCGATTTATAAC-1,0,52,50,11162,11940
CAGACACCGATCGCTG-1,0,53,51,11048,12137
CCAAGAAAGTGGGCGA-1,0,52,52,10935,11940
GGTAGACCGTTGGGCG-1,0,53,53,10821,12136
TCGTTAGGAGTCCCTA-1,0,52,54,10709,11939
ACGGCCAACATGGACT-1,0,53,55,10595,12136
GTGAGTGGTACAACGC-1,0,52,56,10482,11938
GAGACTTCGCGACCGA-1,0,53,57,10368,12135
GAAGTCAGTTGCACTA-1,0,52,58,10256,11938
GTTTGGTAGGGTCAAC-1,0,53,59,10142,12134
ACGGCACTTGCTTGGG-1,0,52,60,10029,11937
CCTCTGTACTATTCTA-1,0,53,61,9915,12134
CTATTCATGTGTCCCA-1,0,52,62,9803,11936
GCCCGATCTGTGGTCG-1,0,53,63,9689,12133
TTAGAAGAACATGACT-1,0,52,64,9576,11936
AGGATAAAGTCGGGAT-1,1,53,65,9462,12132
CGGCAAACATCGTGCG-1,1,52,66,9350,11935
CTAGTTACAACCCGGT-1,1,53,67,9236,12132
TTCGACAGAGCCCGTG-1,1,52,68,9123,11934
AAGCATACTCTCCTGA-1,1,53,69,9009,12131
GACGACGATCCGCGTT-1,1,52,70,8897,11934
GGTAGAAGACCGCCTG-1,1,53,71,8783,12131
GAGATGGGAGTCGACA-1,1,52,72,8670,11933
AACGATAATGCCGTAG-1,1,53,73,8557,12130
TGGTCCCACGCTACGG-1,1,52,74,8444,11933
CTGCTTGGCGATAGCT-1,1,53,75,8330,12129
ATCGGAGACAGACGGC-1,1,52,76,8217,11932
TAGCGTCCGGTGTGGT-1,1,53,77,8104,12129
GTTGAGTCCCGCCGGT-1,1,52,78,7991,11931
AAATAGGGTGCTATTG-1,1,53,79,7877,12128
AAGTGTTTGGAGACGG-1,1,52,80,7764,11931
AGCACTACCTCACCAG-1,1,53,81,7651,12127
TGCCTTGGCCAGGCAA-1,1,52,82,7538,11930
TCGTCTTAGGCGTTAA-1,1,53,83,7424,12127
TTCTGACCGGGCTCAA-1,1,52,84,7312,11929
CAGAACTTAGCCCTCT-1,1,53,85,7198,12126
AGCTCCTTCGCACATC-1,1,52,86,7085,11929
ACAGGCTTGCCCGACT-1,1,53,87,6971,12125
GCTATACGTCTCGGAC-1,1,52,88,6859,11928
GAGCCAGCTACCTGTG-1,1,53,89,6745,12125
TGCTAAGTGTCTATTT-1,1,52,90,6632,11927
GTCCTACGAATAGTCT-1,1,53,91,6518,12124
CAGTGTCGGCTGGCCC-1,1,52,92,6406,11927
CTATCGACGAAATACA-1,1,53,93,6292,12123
CATCATTACCCTGAGG-1,1,52,94,6179,11926
TAAGTTGCGACGTAGG-1,1,53,95,6065,12123
AGTGCACGCTTAAGAA-1,1,52,96,5953,11925
TGTGCCGGTGCCGGAA-1,1,53,97,5839,12122
AGGAGGCCTTCGCGCG-1,1,52,98,5726,11925
TCCGCGGCCCAATGAA-1,1,53,99,5612,12122
TCCGTTAAGCTAATAT-1,1,52,100,5500,11924
AAATCTAGCCCTGCTA-1,1,53,101,5386,12121
CGCAGGCGATCCAAAC-1,1,52,102,5273,11924
CCATATGGAAACTATA-1,1,53,103,5159,12120
CACCGTATCCCATCCG-1,1,52,104,5047,11923
GGTCAAGACTACTTCG-1,0,53,105,4933,12120
CCCGTTTCGCAGATGT-1,0,52,106,4820,11922
GTTATAATACGGTGAA-1,0,53,107,4707,12119
ACTTGTGGATGGAACG-1,0,52,108,4594,11922
GTTCGCTGAGACGTCT-1,0,53,109,4480,12118
GACACTGGAACCCGAT-1,0,52,110,4367,11921
CCCAGGTCTGAAGGCT-1,0,53,111,4254,12118
TCTCGAGGAGGTTCGC-1,0,52,112,4141,11920
ACTATCTGCCCGCGTA-1,0,53,113,4027,12117
CCTAAATTGTATCCTA-1,0,52,114,3914,11920
AGAAATTATGACTCGC-1,0,53,115,3801,12116
TCCAGCGCTATAAGCG-1,0,52,116,3688,11919
TCGTGTATTGGTCACG-1,0,53,117,3574,12116
CCACATACTGCACCCA-1,0,52,118,3462,11918
GTTGCGGACGGTCAGG-1,0,53,119,3348,12115
GTATTTAATGGCATAA-1,0,52,120,3235,11918
GTCGATAGGTGACTTT-1,0,53,121,3121,12114
AATAATCTTCGTATCG-1,0,52,122,3009,11917
ATTGTTCAACGATCCG-1,0,53,123,2895,12114
GTGCAGCGTAGAGTAG-1,0,52,124,2782,11916
TGTGGTAGGGTGCCTT-1,0,53,125,2668,12113
TGTGGACTATCTACGT-1,0,52,126,2556,11916
GGCGGGCTCTAAGAGT-1,0,53,127,2442,12113
TGTGCCAGAGGCAAAG-1,0,54,0,16822,12350
TGGCTTATGTATAATG-1,0,55,1,16708,12547
GCAAGCTGGAAACCGC-1,0,54,2,16596,12350
GATATCAAGCAGGAGC-1,0,55,3,16482,12546
CACCAATCATCCGTCT-1,0,54,4,16369,12349
CCACATGGCTCTTTAT-1,0,55,5,16255,12546
GTCCTACTCTACGGGC-1,0,54,6,16143,12348
CTCGAGACATACGATA-1,0,55,7,16029,12545
TATCAGTGGCGTAGTC-1,0,54,8,15916,12348
TGACAGGACAAGTCCA-1,0,55,9,15803,12544
TATTAACACCAAAGCA-1,0,54,10,15690,12347
TAGGCGATGAGGTCTC-1,0,55,11,15576,12544
CCGCCGGAACTTCTCG-1,0,54,12,15463,12346
GCCATTAGCCTCAAAC-1,0,55,13,15350,12543
GTTAGGCTACCCGTTT-1,0,54,14,15237,12346
GGGTATTCTAGCAAAC-1,0,55,15,15123,12543
GCCCTAGCCGTCGCGA-1,0,54,16,15010,12345
CAGATCCTGGTTTGAA-1,0,55,17,14897,12542
CTTCAGTGGTCGCCTA-1,0,54,18,14784,12345
GGGCAACCGCACGTGC-1,0,55,19,14670,12541
GACCCAATTATGATAC-1,0,54,20,14557,12344
GAAGCTCGGACCCGTC-1,0,55,21,14444,12541
CGTCGGGTCTAAGCGC-1,0,54,22,14331,12343
GAGGCCCGACTCCGCA-1,0,55,23,14217,12540
TTGCCATAGCCCGCTC-1,0,54,24,14105,12343
TAACATACACGCGATC-1,0,55,25,13991,12539
CCGACGGGCATGAGGT-1,0,54,26,13878,12342
AATGTGCCCGAGGTGT-1,0,55,27,13764,12539
AGCTGTAACCTCAATC-1,0,54,28,13652,12341
CGAGTGAAGGTACCAG-1,0,55,29,13538,12538
AGTCTCACAAGACTAC-1,0,54,30,13425,12341
AAATTGATAGTCCTTT-1,0,55,31,13311,12537
TAAGTCGCCGAGTATC-1,0,54,32,13199,12340
GCGGAGAAACTTCGCA-1,0,55,33,13085,12537
GGCAAAGGCGCCAATA-1,0,54,34,12972,12339
ATTTCCGGGTTCTGCG-1,0,55,35,12858,12536
TAAACCCAGGAGGGCA-1,0,54,36,12746,12339
TTCGGGCGCTAGTCTT-1,0,55,37,12632,12535
GTGGAGTCGGCGGTTG-1,0,54,38,12519,12338
GCACGCCTACTTAGAT-1,0,55,39,12405,12535
CAATATTCTTGACCTA-1,0,54,40,12293,12337
CGTTTGTGTAGAGGGT-1,0,55,41,12179,12534
CATAGCGTTGCCCACC-1,0,54,42,12066,12337
TGATACATTTAGCCGT-1,0,55,43,11952,12534
TTCCGGCCTTGAGGCT-1,0,54,44,11840,12336
CCTATACCGTCCTGTC-1,0,55,45,11726,12533
TCGTTGCTATCCGGTC-1,0,54,46,11613,12336
TGGCGACTGCTCCAAA-1,0,55,47,11500,12532
CAGAGGCGATGCATGA-1,0,54,48,11387,12335
TCACAGGAGAATAAGA-1,0,55,49,11273,12532
GGGTTAACATTTGAGT-1,0,54,50,11160,12334
GCGGGCGAGCCTTACC-1,0,55,51,11047,12531
TGCCAATGGGTACTCT-1,0,54,52,10934,12334
AGGGACTCTACGCGAC-1,0,55,53,10820,12530
GACGCCGTAAAGGCTA-1,0,54,54,10707,12333
AAAGGCTCTCGCGCCG-1,0,55,55,10594,12530
CTGGCTGGTTGTCAGT-1,0,54,56,10481,12332
ACATCCCGGCCATACG-1,0,55,57,10367,12529
CTCTTGTCCCGCTTGG-1,0,54,58,10255,12332
TACGCCTCCATTCCGA-1,0,55,59,10141,12528
CGGAGCAATTTAATCG-1,0,54,60,10028,12331
AACTAGGCTTGGGTGT-1,0,55,61,9914,12528
GCGTCGCCAGGGTGAT-1,0,54,62,9802,12330
GTTGGTCATGCTATCC-1,0,55,63,9688,12527
GCTGGCGGCGCATGCT-1,0,54,64,9575,12330
TGAGCGGAAAGTGTTC-1,1,55,65,9461,12527
CTTTCTGTGCGGGCTT-1,1,54,66,9349,12329
ATCTAATATCCTACGG-1,1,55,67,9235,12526
AACCTTTAAATACGGT-1,1,54,68,9122,12329
TTCACTCGAGCACCTA-1,1,55,69,9008,12525
CTGCACTCCAGTACAG-1,1,54,70,8896,12328
CCATTTCTACCTATTA-1,1,55,71,8782,12525
CAAGCGGCACATAATT-1,1,54,72,8669,12327
GTTAACATCACTTAAA-1,1,55,73,8555,12524
ATATAAATGTAGCTGC-1,1,54,74,8443,12327
GCCTCTATACATAGCA-1,1,55,75,8329,12523
GTGTCGTATAGCGTTC-1,1,54,76,8216,12326
ATACGTACTTAGCCAC-1,1,55,77,8102,12523
GCTATCATACTCATGG-1,1,54,78,7990,12325
TATCCAATTGGTTATC-1,1,55,79,7876,12522
TCTCCCTGGGCAGCGT-1,1,54,80,7763,12325
CCTATAATGAGTGCCC-1,1,55,81,7650,12521
CAATGCGAGAAGTATC-1,1,54,82,7537,12324
TACCAATAAAGTACCA-1,1,55,83,7423,12521
GCTAGGCACCACGGAG-1,1,54,84,7310,12323
GGTGGACTGCTCTGGC-1,1,55,85,7197,12520
TATTCCGAGCTGTTAT-1,1,54,86,7084,12323
TTGAGAAGTTTAGCAT-1,1,55,87,6970,12519
GTCCGGACCTGAAATT-1,1,54,88,6857,12322
CTGTGGTCGGGAGATA-1,1,55,89,6744,12519
CATGTAAGAGACATTT-1,1,54,90,6631,12321
CACGTTTCGTACACAC-1,1,55,91,6517,12518
CATCCTCTCAAAGATC-1,1,54,92,6405,12321
GATTAACCGAAAGCCC-1,1,55,93,6291,12518
AACGCTGTTGCTGAAA-1,1,54,94,6178,12320
TTCAGCTGGCGTGCCC-1,1,55,95,6064,12517
TAGAGGTTCTACTTGT-1,1,54,96,5952,12320
GTATCAAACGTTAGCT-1,1,55,97,5838,12516
AATCATGTAAAGACTC-1,1,54,98,5725,12319
AGTCACTAGCTCTCGA-1,1,55,99,5611,12516
GCGAAACGATCGGGAG-1,1,54,100,5499,12318
CATGGATTGTCTTCCG-1,1,55,101,5385,12515
ATTGGATTACAGCGTA-1,1,54,102,5272,12318
CACACACGCTAACGAG-1,1,55,103,5158,12514
CTATGGGAAGCGGAAT-1,1,54,104,5046,12317
TGCCTAATTGAAGATT-1,0,55,105,4932,12514
TGGCAATGGGACGGCG-1,0,54,106,4819,12316
ACCTCCGCCCTCGCTG-1,0,55,107,4705,12513
CGGCAATAAGATCGCC-1,0,54,108,4593,12316
CCTTGACCACTTTATT-1,0,55,109,4479,12512
TCATTTAGAAGTGTGA-1,0,54,110,4366,12315
CAGAATAACACACGGA-1,0,55,111,4252,12512
TCTGAGCAATTGACTG-1,0,54,112,4140,12314
CAACGTGGTGGAGTCT-1,0,55,113,4026,12511
CACAGTTCGCTTCCCA-1,0,54,114,3913,12314
TCTCTCGCCGCACATA-1,0,55,115,3800,12510
TGGGCAGGCCACCGCA-1,0,54,116,3687,12313
CTCCTGTTCAAGGCAG-1,0,55,117,3573,12510
TATTTGATTTGCACAG-1,0,54,118,3460,12312
GCCACTCCTTACGGTA-1,0,55,119,3347,12509
ACCGATATTTAATCAT-1,0,54,120,3234,12312
TTATTATCTGGAAGGC-1,0,55,121,3120,12509
TACATGCCGGAATTGT-1,0,54,122,3007,12311
GGCACTCAGCCGACCC-1,0,55,123,2894,12508
AAACCGGAAATGTTAA-1,0,54,124,2781,12311
AGACAGGCATCTCAGC-1,0,55,125,2667,12507
GTGGTGATGGTTTGTG-1,0,54,126,2555,12310
CCGATATGACGTAAGG-1,0,55,127,2441,12507
CATACACAAAGTCAGC-1,0,56,0,16821,12744
TGCCGTTCTTAATCGG-1,0,57,1,16707,12941
TCGAGTCTACGATTCG-1,0,56,2,16595,12744
ACTTCCAGTGGAAGCT-1,0,57,3,16481,12940
CAATTGGGCCGCACTC-1,0,56,4,16368,12743
AAATCGCGGAAGGAGT-1,0,57,5,16254,12940
ATATCAATTCCAGCCT-1,0,56,6,16142,12742
CTTTGTCGAATGCTCC-1,0,57,7,16028,12939
TGAGGCATGTACTGTG-1,0,56,8,15915,12742
TTCGCCGCTCGCGCTA-1,0,57,9,15801,12939
GACTCCTTCCAATTGA-1,0,56,10,15689,12741
ACCGAAGAGTCTGGTT-1,0,57,11,15575,12938
TGGCATGAAGTTTGGG-1,0,56,12,15462,12741
ACGAGGTTTACAACGT-1,0,57,13,15348,12937
AACCCATCCCATGATC-1,0,56,14,15236,12740
TCGACAACTGAACCCG-1,0,57,15,15122,12937
TATCTTGCAATACAAC-1,0,56,16,15009,12739
TATTATGTTTGCCTGC-1,0,57,17,14896,12936
GTCAAAGAAGTGGTGT-1,0,56,18,14783,12739
GGGACAGAGTTACTCC-1,0,57,19,14669,12935
AGCAACCGAAAGTAAT-1,0,56,20,14556,12738
CTCTCTAACTGCCTAG-1,0,57,21,14443,12935
ATACGGAACGTCGTTT-1,0,56,22,14330,12737
TCGGTCCCGACAATAG-1,0,57,23,14216,12934
CGCGCAAATGTCCAGA-1,0,56,24,14103,12737
TCTAATACTGCCTCAG-1,0,57,25,13990,12933
CTCGGTTGTCGGCCCT-1,0,56,26,13877,12736
GGTAACCGGGAGGATA-1,0,57,27,13763,12933
CAGGCGCACGGTGGTC-1,0,56,28,13650,12735
TCATCGATGGTCCCAA-1,0,57,29,13537,12932
CAAAGATTATTGGGCC-1,0,56,30,13424,12735
ACAATGAATACGGAGA-1,0,57,31,13310,12931
GCTCCTGACATACTGG-1,0,56,32,13198,12734
GATGACAAGTAGGGCA-1,0,57,33,13084,12931
TACGCCGAGGGTACCC-1,0,56,34,12971,12733
AAGCGTCCCTCATCGA-1,0,57,35,12857,12930
CACTCCTATGTAAGAT-1,0,56,36,12745,12733
TCGAGCCAGGCAGGCC-1,0,57,37,12631,12930
TCGTCAAGTACGCGCA-1,0,56,38,12518,12732
CCCGTAGCTGGGAAGA-1,0,57,39,12404,12929
ACCCTATGCCATATCG-1,0,56,40,12292,12732
GTGGTATAGTCTGCCG-1,0,57,41,12178,12928
CCGGTTTGTAATTGTG-1,0,56,42,12065,12731
GTCGCCGTTGTGTGTT-1,0,57,43,11951,12928
TACTGAACAGATTTAG-1,0,56,44,11839,12730
TATTAACCTGACCGCG-1,0,57,45,11725,12927
CTGTAGCCATCTCACT-1,0,56,46,11612,12730
TACTATGGTTCCTCAG-1,0,57,47,11498,12926
GAGTCAGACCAGAATC-1,0,56,48,11386,12729
TAAGGCATAACATCAA-1,0,57,49,11272,12926
CTTCCGCTCCGTGAAG-1,0,56,50,11159,12728
GGGCTATGATCGATGG-1,0,57,51,11045,12925
GGTCGGTCGTCCACAG-1,0,56,52,10933,12728
GGGACCCGTATATCTT-1,0,57,53,10819,12924
GAAAGCAGTGCACTTT-1,0,56,54,10706,12727
AGCGCATAATGAATCG-1,0,57,55,10593,12924
GCTGCTAAGTAGTCGA-1,0,56,56,10480,12726
AATAGTCCGTCCCGAC-1,0,57,57,10366,12923
AGCAGCCAGATGAATA-1,0,56,58,10253,12726
CCTCGCGCTGTGCGAT-1,0,57,59,10140,12922
TTGTGTATGCCACCAA-1,0,56,60,10027,12725
TGCTCGGCGAAACCCA-1,0,57,61,9913,12922
CGATTAAATATCTCCT-1,0,56,62,9800,12724
TGCCGTGGATCGTCCT-1,0,57,63,9687,12921
GTGGACGCATTTGTCC-1,0,56,64,9574,12724
ACCCGGAAACTCCCAG-1,0,57,65,9460,12921
CCGCATGTGGTACGAT-1,1,56,66,9348,12723
GCAAACCTTGGCCATA-1,1,57,67,9234,12920
ATTCACTGATGTTGGA-1,1,56,68,9121,12723
ACTCCCTAATGCTAAA-1,1,57,69,9007,12919
TCCTAAATTGGGAAGC-1,1,56,70,8895,12722
GAACAGATTACTAAAT-1,1,57,71,8781,12919
ATACAGGCCCTCCAAT-1,1,56,72,8668,12721
CGATTCGCCTGGCTGC-1,1,57,73,8554,12918
TCCGCCTGTCTACAAG-1,1,56,74,8442,12721
CACATCTCACCGACGA-1,1,57,75,8328,12917
CGTCGTCCTTCGCGAA-1,1,56,76,8215,12720
CGTTGAATACCGCGCT-1,1,57,77,8101,12917
ACCAATATGCAAGTTA-1,1,56,78,7989,12719
ACGGATGGTGCGGATA-1,1,57,79,7875,12916
CACCCTAACAAGATCT-1,1,56,80,7762,12719
AAGCTCTTTCATGGTG-1,1,57,81,7648,12915
CATGGGTATGCCTTAT-1,1,56,82,7536,12718
GCGCGTCATTGGTACA-1,1,57,83,7422,12915
TCTGAAGCACGTGGTC-1,1,56,84,7309,12717
AAGTTCACTCCAAGCT-1,1,57,85,7195,12914
TTGGACCTATAACAGT-1,1,56,86,7083,12717
ATCAGCCTCATGCTGC-1,1,57,87,6969,12914
AGTACTCTTATGCCCA-1,1,56,88,6856,12716
GCGCTTAAATAATTGG-1,1,57,89,6743,12913
TTGTGAACCTAATCCG-1,1,56,90,6630,12716
AGTCGTCGACCACCAA-1,1,57,91,6516,12912
TCCTTTAAATCCGCTT-1,1,56,92,6403,12715
ACTGAAACGCCGTTAG-1,1,57,93,6290,12912
GCACACACTGGTAGCC-1,1,56,94,6177,12714
TAAGGGCCTGTCCGAT-1,1,57,95,6063,12911
GCTAGAGTAGAGATGT-1,1,56,96,5950,12714
CACAGGGCCATATAGT-1,1,57,97,5837,12910
CCATGCCCTAGATTTC-1,1,56,98,5724,12713
TCGCGTAGCAGTGTCC-1,1,57,99,5610,12910
GACGAGGCTAATAAAC-1,1,56,100,5498,12712
CTACACTCGCAGATGG-1,1,57,101,5384,12909
ACGCATACGTTTACTA-1,1,56,102,5271,12712
GGAGCAACATTTCAAG-1,1,57,103,5157,12908
CGAGAGGGTAGCCGCG-1,0,56,104,5045,12711
TCGTGTTCGACCACAA-1,0,57,105,4931,12908
TCTACCCAATAGAGAG-1,0,56,106,4818,12710
ATAAACGTTGCACCAC-1,0,57,107,4704,12907
TCAACTGCAGAGTCAG-1,0,56,108,4592,12710
AGCTCCATATATGTTC-1,0,57,109,4478,12906
GTAACATCTAAGATAA-1,0,56,110,4365,12709
CCGACAATAGGCCGCC-1,0,57,111,4251,12906
ATGCTTAGGAGTTGAT-1,0,56,112,4139,12708
AACCCGAGCAGAATCG-1,0,57,113,4025,12905
CGGGTTTGTTAGGGCT-1,0,56,114,3912,12708
AGGCACGTGACTGTCC-1,0,57,115,3798,12905
GACAAGAGATGAGATT-1,0,56,116,3686,12707
AGCCCTTGGACATCCC-1,0,57,117,3572,12904
GCAGTTCGATCCGAGC-1,0,56,118,3459,12707
TCGAGGGCAACAGACG-1,0,57,119,3345,12903
ACTTTGTCGACGCACT-1,0,56,120,3233,12706
GAGTATCAAAGTTACA-1,0,57,121,3119,12903
CCAGGCTGGCGTCTGA-1,0,56,122,3006,12705
GGACTCTTCCGGTTGA-1,0,57,123,2893,12902
TCCCAGCACACGACAT-1,0,56,124,2780,12705
GCTCCATGAGTGCAGA-1,0,57,125,2666,12901
GCAGTGCGGGCGGATG-1,0,56,126,2553,12704
GCGTTCTGACTAAGCG-1,0,57,127,2440,12901
ATTTGGAGATTGCGGT-1,0,58,0,16820,13138
AAGGGTTTGATTTCAG-1,0,59,1,16706,13335
CCGGCCGCGAGCATAT-1,0,58,2,16593,13138
GAGTTCTGTGGGTGCT-1,0,59,3,16480,13335
AAACGAAGATGGAGTA-1,0,58,4,16367,13137
AATTACGAGACCCATC-1,0,59,5,16253,13334
CCTTTGAATTATGGCT-1,0,58,6,16141,13137
CATGGTATTAGTTTGT-1,0,59,7,16027,13333
AACGAAAGTCGTCCCA-1,0,58,8,15914,13136
ACATAAGTCGTGGTGA-1,0,59,9,15800,13333
GCACAACCTCGGGCGT-1,0,58,10,15688,13135
ATGCACGCGCTGTTCA-1,0,59,11,15574,13332
CGATGTTGTTATCTAC-1,0,58,12,15461,13135
GTCTCCTGCCAGTATG-1,0,59,13,15347,13331
GATGCCTTCTGCGGCA-1,0,58,14,15235,13134
ACCGGTCAGGTACACC-1,0,59,15,15121,13331
GTGGAGCGTTTACCGA-1,0,58,16,15008,13133
AGGCGGTTTGTCCCGC-1,0,59,17,14894,13330
TCCCTGGCGTATTAAC-1,0,58,18,14782,13133
AAACACCAATAACTGC-1,0,59,19,14668,13329
TGGACGCAATCCAGCC-1,0,58,20,14555,13132
GGAACCTTGACTCTGC-1,0,59,21,14441,13329
GTATCTCAGTCTTGAC-1,0,58,22,14329,13131
GCTGAATCTTCCAATC-1,0,59,23,14215,13328
AGATGCAAGACGTGCA-1,0,58,24,14102,13131
TTAAGGCCCGTACTTT-1,0,59,25,13989,13327
AGTATGCTGGAGACCA-1,0,58,26,13876,13130
GCGGCAAAGTATTGCC-1,0,59,27,13762,13327
GCGCAAATATATTCAA-1,0,58,28,13649,13129
GAAGAAACGATATTGT-1,0,59,29,13536,13326
GGACCTCTAGGCCGCC-1,0,58,30,13423,13129
AACAGCTGTGTGGCAA-1,0,59,31,13309,13326
TCGAATATCCCGCAGG-1,0,58,32,13196,13128
GCGACCCAACCATCTG-1,0,59,33,13083,13325
AGAGAAGGAGTACAAT-1,0,58,34,12970,13128
GGCTCCTCCACCTGTT-1,0,59,35,12856,13324
TCAGTGTATACGTCAT-1,0,58,36,12743,13127
ATTATTATGTCCGTCA-1,0,59,37,12630,13324
TTAGGTCATAACCGAC-1,0,58,38,12517,13126
AAGATGGCACCGGACC-1,0,59,39,12403,13323
CTACAAGAAATAACCC-1,0,58,40,12291,13126
ACTATTTCCGGGCCCA-1,0,59,41,12177,13322
TTGTTTCACATCCAGG-1,0,58,42,12064,13125
CGCTGTGTGGATGTTG-1,0,59,43,11950,13322
TCAACATAGCGCCCTA-1,0,58,44,11838,13124
GGCCGTTTGGGTTTCA-1,0,59,45,11724,13321
TACTCTTTCGTCTTCA-1,0,58,46,11611,13124
TTCGCGCGCCATACGA-1,0,59,47,11497,13320
CGGAAAGAATCAAACG-1,0,58,48,11385,13123
AGGCAGGGAGCGTACT-1,0,59,49,11271,13320
CCTTTAAGGGAGCACT-1,0,58,50,11158,13122
CGCCCAGCACGCCTAG-1,0,59,51,11044,13319
AGTATTTGGCACGACC-1,0,58,52,10932,13122
TATCCGCACCGTCGGG-1,0,59,53,10818,13318
ACCCGTGTCATCAGTA-1,0,58,54,10705,13121
CAACTGCTCATCCGAT-1,0,59,55,10591,13318
CCGGAGCGTACTTTCT-1,0,58,56,10479,13120
TACCGTAGGTTAACTA-1,0,59,57,10365,13317
TGAGGAGTGCCAGCTT-1,0,58,58,10252,13120
CCAGTCTTGTCATAGA-1,0,59,59,10138,13317
GGGCAGAGCAATCGTT-1,0,58,60,10026,13119
TACCAAATAGCCCAGA-1,0,59,61,9912,13316
TACCTACTCCCAGTAT-1,0,58,62,9799,13119
TGTGAGACTAGCCCAA-1,0,59,63,9686,13315
ATACCTAACCAAGAAA-1,0,58,64,9573,13118
GTCGGGAAGCAGAAAC-1,0,59,65,9459,13315
AATTAACGGATTTCCA-1,0,58,66,9346,13117
GAACCCTCTGTGTTCT-1,0,59,67,9233,13314
ATATAAAGCGCTCGTG-1,1,58,68,9120,13117
CCTGGTCGAATGTGGG-1,1,59,69,9006,13313
CTAGGTTCGGACGTGA-1,1,58,70,8893,13116
TCGGGAGACAGCGTAC-1,1,59,71,8780,13313
CATAAGAAGCTTGGCT-1,1,58,72,8667,13115
AAGCACCCTGCGTATC-1,1,59,73,8553,13312
AGTTTGCACCTGCCTC-1,1,58,74,8441,13115
GACTGCAAATCGAGCT-1,1,59,75,8327,13311
GTGTATATCAGCGGGC-1,1,58,76,8214,13114
CTTCAACTCCACTTGG-1,1,59,77,8100,13311
ACTTACGCATCCACGC-1,1,58,78,7988,13113
CATGAGATGCACTCTC-1,1,59,79,7874,13310
GAGCACCTGTGTCCAG-1,1,58,80,7761,13113
CGCGACCGCGACAGAT-1,1,59,81,7647,13309
GTCCCGCGACGTTATG-1,1,58,82,7535,13112
GCAGTGTGGCTATAGG-1,1,59,83,7421,13309
ATACTGCCTTACACCG-1,1,58,84,7308,13111
TACAGAAACGGTGGGC-1,1,59,85,7194,13308
GGCGCGGAGATCTTTC-1,1,58,86,7082,13111
CGTTAATGTCCCGACG-1,1,59,87,6968,13308
GCTAACTGAAGTCTGA-1,1,58,88,6855,13110
AGTGATAACCTGCGCG-1,1,59,89,6741,13307
TATGATCTTCTCTTTA-1,1,58,90,6629,13110
TGTACCTACACGAGGG-1,1,59,91,6515,13306
ATATCGTTCCTCGAAC-1,1,58,92,6402,13109
CGGCGCCATCAATCCC-1,1,59,93,6288,13306
CCTGTTTGAAGACACG-1,1,58,94,6176,13108
GCCACTCAGAGCGCGA-1,1,59,95,6062,13305
TCGGCTTGTATCGACG-1,1,58,96,5949,13108
TAGATGGTTCCTTACT-1,1,59,97,5836,13304
ATCGTTAGCTAGCGGA-1,1,58,98,5723,13107
ACAGCGACATTCTCAT-1,1,59,99,5609,13304
ATTCAACCATTTAAGG-1,1,58,100,5496,13106
CACTCTTCTGCTAGCC-1,1,59,101,5383,13303
CTAACTGATAATCGCC-1,1,58,102,5270,13106
TGATGTCAATTAAGTG-1,0,59,103,5156,13302
CGCCGTTCAGCATAGT-1,0,58,104,5043,13105
ATACTACCCGTACCAC-1,0,59,105,4930,13302
CCACTGTTTGGATTAA-1,0,58,106,4817,13104
CACTACGGGAGCTGCC-1,0,59,107,4703,13301
GACCAAACGTTGACTG-1,0,58,108,4591,13104
AAGAGGCCCTTTGGAA-1,0,59,109,4477,13301
ACACGTAGGCCACAAG-1,0,58,110,4364,13103
TACTCTTACTTTACTG-1,0,59,111,4250,13300
AGAGCCGCCGAGATTT-1,0,58,112,4138,13103
GGCCTGCTTCTCCCGA-1,0,59,113,4024,13299
TCAAGCGCGGACGGTA-1,0,58,114,3911,13102
ACACTGGGACAGTCGT-1,0,59,115,3797,13299
TGTGTAGTAGCACGTG-1,0,58,116,3685,13101
CTAGCCACAGGCGAGC-1,0,59,117,3571,13298
CTATCGCGTAGAGAAC-1,0,58,118,3458,13101
GTTCCCGTAAACATAT-1,0,59,119,3344,13297
TCTTTCCTTCGAGATA-1,0,58,120,3232,13100
ATATTGGAGAGGCCTT-1,0,59,121,3118,13297
AGGCGATAACTGGCGT-1,0,58,122,3005,13099
ACCCGGAGCACCACAA-1,0,59,123,2891,13296
TGAGCTCAACTGTATA-1,0,58,124,2779,13099
ACGACCCATGAGTTGC-1,0,59,125,2665,13295
CGGTCAGTCCATATTT-1,0,58,126,2552,13098
TCCGGCTGTCGGGTCG-1,0,59,127,2438,13295
ATTCCCGAAGGTACAG-1,0,60,0,16819,13533
CTAACAGCACAATAAC-1,0,61,1,16705,13729
TTGTGCGGAAGCGGAT-1,0,60,2,16592,13532
GGGCACTATTGACCAT-1,0,61,3,16479,13729
CCATAGAGGCTGCCAG-1,0,60,4,16366,13531
CCGAAGCATTGACCAA-1,0,61,5,16252,13728
TACTGAGGGAAGAAAG-1,0,60,6,16139,13531
TATGTAGAAACCCGGC-1,0,61,7,16026,13727
TGGTTAACTTACATTT-1,0,60,8,15913,13530
AGAACCCTCAATTGGG-1,0,61,9,15799,13727
CCTATATCGTGTCACG-1,0,60,10,15686,13529
ACGGCTGGATGTAGAA-1,0,61,11,15573,13726
CTCGCATTGCATAGCC-1,0,60,12,15460,13529
ACTTTGGTCGTGCTCC-1,0,61,13,15346,13725
GCTGGTTTAGGCCATA-1,0,60,14,15234,13528
TGTCGTTATCACATAT-1,0,61,15,15120,13725
ACACATGATCAAATCT-1,0,60,16,15007,13527
TATCCATCTCGGTTAG-1,0,61,17,14893,13724
CTCGTCGAGGGCTCAT-1,0,60,18,14781,13527
ATCAATGCCGTGGCTG-1,0,61,19,14667,13723
GAAACATAGGAAACAG-1,0,60,20,14554,13526
TAATAGGTCACCAGAA-1,0,61,21,14440,13723
CACCAGTCAGCATGCA-1,0,60,22,14328,13525
GAGCGCTGTTAGGTAA-1,0,61,23,14214,13722
CCCTATGTAGAGCAGA-1,0,60,24,14101,13525
GATCGCTATATCTCAG-1,0,61,25,13987,13722
AAGGGACTATGCATTC-1,0,60,26,13875,13524
CTCGGGTTCTCTGGCC-1,0,61,27,13761,13721
TATATATCGAGAAATG-1,0,60,28,13648,13524
ACCCGAGCGAAATTAC-1,0,61,29,13534,13720
TTGTTTCATTAGTCTA-1,0,60,30,13422,13523
ATGGGACCTGCTGAAC-1,0,61,31,13308,13720
TGCGACGGCCGAACGT-1,0,60,32,13195,13522
AGCTAACAAGCAATGT-1,0,61,33,13082,13719
CGTGTCTCGTTACGAC-1,0,60,34,12969,13522
CTAAATCCGGTGTACA-1,0,61,35,12855,13718
GAATAGTGCTCGATTA-1,0,60,36,12742,13521
AACAATACATTGTCGA-1,0,61,37,12629,13718
CACATCGTGCACGCGC-1,0,60,38,12516,13520
ACCGTGACCACGTGGG-1,0,61,39,12402,13717
CCCAATGAGATTTGCA-1,0,60,40,12289,13520
TCAGCAGTAGGCCCTG-1,0,61,41,12176,13716
CTACTCAAGGTATAGT-1,0,60,42,12063,13519
TAGTAGCTTATACCAG-1,0,61,43,11949,13716
ACGTTCGTTCAGGAAA-1,0,60,44,11836,13518
TTAGAATAAGGGTCGG-1,0,61,45,11723,13715
TTCTAGAAAGTCTTAT-1,0,60,46,11610,13518
CCTTCAGTTAAAGTGA-1,0,61,47,11496,13714
TAGCTAGTGATGATGG-1,0,60,48,11384,13517
AGCCCGGTAGCCTGTA-1,0,61,49,11270,13714
TACCTCAGTTGTCTGT-1,0,60,50,11157,13516
GACGGGTTGGCCCGTA-1,0,61,51,11043,13713
GAAACCTATACAAATG-1,0,60,52,10931,13516
TCCACCTCTAGCCTTT-1,0,61,53,10817,13713
AAGACCCAACTGAACA-1,0,60,54,10704,13515
CATACACGGTTCCCAC-1,0,61,55,10590,13712
ACTACGCGTTAGAATT-1,0,60,56,10478,13515
CTTGGCCAAGCTGGGA-1,0,61,57,10364,13711
TTACCCTAGGGATTGG-1,0,60,58,10251,13514
TTCGCACTGTACGACA-1,0,61,59,10137,13711
TAGGTGTTCCACAGAT-1,0,60,60,10025,13513
GAAGCCTGCACATTCC-1,0,61,61,9911,13710
GGCTTTCAATAAGGGT-1,0,60,62,9798,13513
TCCAGGGTATATACGA-1,0,61,63,9684,13709
CTCGCCGAATGTAGGG-1,0,60,64,9572,13512
AGGAAGCTGTCCGCCG-1,0,61,65,9458,13709
GTCTCAAGGCCCGGCT-1,0,60,66,9345,13511
ACCGACACATCTCCCA-1,0,61,67,9231,13708
TATACGCGTCATCACT-1,0,60,68,9119,13511
ATCTGGGCTGTTCTTG-1,0,61,69,9005,13707
TCAAATTTGAGACTCA-1,1,60,70,8892,13510
GTTAAGGGTGCGATGT-1,0,61,71,8779,13707
AGCAAAGGCCGCTAGT-1,1,60,72,8666,13509
TTATAGGTAATTGTCT-1,1,61,73,8552,13706
TTGTGCAGCCACGTCA-1,1,60,74,8439,13509
ACGGACTCTCAAAGCG-1,1,61,75,8326,13705
ATGCTCTGGCGCGGTA-1,1,60,76,8213,13508
ATAATCTTGGAGAACC-1,1,61,77,8099,13705
CTCATTGCTCTAACAA-1,1,60,78,7986,13507
TAGGTGACGATAACCT-1,1,61,79,7873,13704
CGGATCCTCAAGGACT-1,1,60,80,7760,13507
GGGCGTGGTTTCCCAG-1,1,61,81,7646,13704
TGGCTATGTGACATAC-1,1,60,82,7534,13506
CTTAGTGTAGTAGCAT-1,1,61,83,7420,13703
GGATTGCTGTGACTCC-1,1,60,84,7307,13506
ACTTCCATGCGGGACA-1,1,61,85,7193,13702
ACTCAAGTGCAAGGCT-1,1,60,86,7081,13505
ACAAGGATGCTTTAGG-1,1,61,87,6967,13702
TTGAACGACGTGCTGA-1,1,60,88,6854,13504
ATTCATCGTTGAGGCA-1,1,61,89,6740,13701
TGCAACCCATCTGCGG-1,1,60,90,6628,13504
AGTGCTAAACACAGCA-1,1,61,91,6514,13700
AACTCCAGAGCGTGTT-1,1,60,92,6401,13503
TCTCCACAAGTTGAAT-1,1,61,93,6287,13700
CTTTGCATCGCTCTTG-1,1,60,94,6175,13502
TCACAAACCGAGGTAC-1,1,61,95,6061,13699
CCGTAGGAAATCCCTG-1,1,60,96,5948,13502
AAACATTTCCCGGATT-1,1,61,97,5834,13698
GCCTCCGACAATTCAC-1,1,60,98,5722,13501
TCTGCATACCTTGCTT-1,1,61,99,5608,13698
ACCCATTTGTCCCTCT-1,1,60,100,5495,13500
CTGCAGAGAATCAGAG-1,1,61,101,5381,13697
GGAAACTAAATGGGCC-1,0,60,102,5269,13500
CAACCTACCGAGCAGT-1,0,61,103,5155,13696
CCGTAGGGTTGTTTAC-1,0,60,104,5042,13499
GGTTTGTGACCTGAGG-1,0,61,105,4929,13696
TAACCTAGGGAGTCCA-1,0,60,106,4816,13498
TTCCATCGACAGCGTG-1,0,61,107,4702,13695
ATCTCCCACGGAATAT-1,0,60,108,4589,13498
GTTTCAAACGAGTTGT-1,0,61,109,4476,13695
GGAACTTTGGCGATTA-1,0,60,110,4363,13497
CTGCAAGCACGTTCCG-1,0,61,111,4249,13694
CACAGTCCCGCTTCGC-1,0,60,112,4136,13497
TACGCTCGGTATTGGA-1,0,61,113,4023,13693
CTGGTAAAGTGTGGGC-1,0,60,114,3910,13496
CAACCAGTGGCCTACC-1,0,61,115,3796,13693
TCTTCGCGGTGAGAGG-1,0,60,116,3684,13495
TTCGGGTTGCCACGGG-1,0,61,117,3570,13692
ACCGATAGGCATAACC-1,0,60,118,3457,13495
CTTATAGATGGCTGTT-1,0,61,119,3343,13691
AGACGCCCACTTCGCC-1,0,60,120,3231,13494
AGGTCGCCTCCCAACA-1,0,61,121,3117,13691
CCTCACGTCAGCTAAT-1,0,60,122,3004,13493
CCACCTGTATGGAATA-1,0,61,123,2890,13690
GGACTCGAAGCTTTCA-1,0,60,124,2778,13493
AAGCCGGAGAGCAGGA-1,0,61,125,2664,13689
GCCTATCAGGTAAGAT-1,0,60,126,2551,13492
TCAGAGTGTGAGCATG-1,0,61,127,2437,13689
AAACATGGTGAGAGGA-1,0,62,0,16818,13927
ATCATTGTACCGCATT-1,0,63,1,16704,14123
TCAGCTTGAGCTTTCG-1,0,62,2,16591,13926
CCGCGCAAGATACCCA-1,0,63,3,16477,14123
CTATACTTAAAGCGAG-1,0,62,4,16365,13925
ACCGTCCACTGGGCCC-1,0,63,5,16251,14122
AAGACCAAATAACTCA-1,0,62,6,16138,13925
TGTTTCTGAAGCGTGC-1,0,63,7,16025,14121
TTCTCTTACAGGTGAT-1,0,62,8,15912,13924
AATTCATTGTCATGCA-1,0,63,9,15798,14121
GCCCGAGAGTCTAAAT-1,0,62,10,15685,13923
ATATAGAGTATTGGTC-1,0,63,11,15572,14120
TTGAAGGATGGGCGCC-1,0,62,12,15459,13923
TAGTACCACAACTTTC-1,0,63,13,15345,14119
ATCCCATCCACAGCGC-1,0,62,14,15232,13922
CTTAGGTATAGACCAG-1,0,63,15,15119,14119
TGACTCCGAATCATAC-1,0,62,16,15006,13921
ACTACATCCCGACAAG-1,0,63,17,14892,14118
TTGCCGCAGACCTACA-1,0,62,18,14779,13921
TAAGAGGGACAGGGAC-1,0,63,19,14666,14118
CGAATGAAGTCATTGC-1,0,62,20,14553,13920
AAGGGAACGACTGGCT-1,0,63,21,14439,14117
CGAATCTGCTCGACGC-1,0,62,22,14327,13920
ATCGTGGAAAGTCTGG-1,0,63,23,14213,14116
CCTATGGCTCCTAGTG-1,0,62,24,14100,13919
CGTCGCTTGGTTATAC-1,0,63,25,13986,14116
TGCTTAGAGAGAATGC-1,0,62,26,13874,13918
GATTGCTCCAGTTGCA-1,0,63,27,13760,14115
CGTGCTTCTACCTAAA-1,0,62,28,13647,13918
ACTCCAATATCATCAT-1,0,63,29,13533,14114
GCCGACCCACGACTGC-1,0,62,30,13421,13917
GAGGGTAGTAACAAAG-1,0,63,31,13307,14114
GGCCGAGACTCTGGTG-1,0,62,32,13194,13916
TATATAGGGCTTTACG-1,0,63,33,13080,14113
TGCCGGATGTACGAGC-1,0,62,34,12968,13916
AGGTAGATCGAGATAT-1,0,63,35,12854,14112
GATCAACATAAAGGGA-1,0,62,36,12741,13915
TAACAGCGTTTGTGCT-1,0,63,37,12627,14112
CTATAGGCGTTGATGT-1,0,62,38,12515,13914
GGTTTAATTACCATCG-1,0,63,39,12401,14111
CTCTTCTGGAAGTTAG-1,0,62,40,12288,13914
ATCTGACATGGAAGGA-1,0,63,41,12175,14110
TACGTACTAGTGCTGA-1,0,62,42,12062,13913
ATGACTATCAGCTGTG-1,0,63,43,11948,14110
CTTTGGGATTGTTGCA-1,0,62,44,11835,13912
AGACTGTTACCGGGTC-1,0,63,45,11722,14109
TCCTAACCGTCGGGCA-1,0,62,46,11609,13912
ACGCAAACTAATAGAT-1,0,63,47,11495,14109
AAGTGAGTCGGGTTTA-1,0,62,48,11382,13911
TAAAGCGGTATTTCCA-1,0,63,49,11269,14108
CTCCTCCAGCTCACAC-1,0,62,50,11156,13911
CGGTCCGTCGCAAGCC-1,0,63,51,11042,14107
CCTATATTTGTCCTGG-1,0,62,52,10929,13910
TCCAATAAAGGCTACC-1,0,63,53,10816,14107
AAAGGCTACGGACCAT-1,0,62,54,10703,13909
CGTGACCAGTCCTCTG-1,0,63,55,10589,14106
GATCTGCTATCTAAGG-1,0,62,56,10477,13909
CGAATGACGCATAATG-1,0,63,57,10363,14105
GCTCAATGTAATACCG-1,0,62,58,10250,13908
CTATGCCCGAATGCAA-1,0,63,59,10136,14105
CACAGGGCCGTTGTCA-1,0,62,60,10024,13907
TCAATACGCCGTCATG-1,0,63,61,9910,14104
AGCGGACACTTCGTAG-1,0,62,62,9797,13907
ATACGTTATGCACGGA-1,0,63,63,9683,14103
GAGTAGATACTAGTTG-1,0,62,64,9571,13906
CCAGCTCGAACGCATT-1,0,63,65,9457,14103
TGCTTCCCAAGCAGTA-1,0,62,66,9344,13905
GTAGACACGCCTGACT-1,0,63,67,9230,14102
CTCACATTTACTAAAT-1,0,62,68,9118,13905
GAATGCGAATCGGTTC-1,0,63,69,9004,14101
TAAGGCCCGTCACCCT-1,0,62,70,8891,13904
GAGTATGCGCGTGCAT-1,0,63,71,8777,14101
ATCCACATCGACAGAA-1,0,62,72,8665,13903
TAGACGAAACGCCAAT-1,0,63,73,8551,14100
CAGCAGTCTGTGCTGC-1,1,62,74,8438,13903
CTCACTGTGATACTTA-1,1,63,75,8324,14100
TTAATTGCTTTGGGTG-1,1,62,76,8212,13902
GTAGTCTACGATATTG-1,1,63,77,8098,14099
TTGCCGCTTTCTAGTA-1,1,62,78,7985,13902
GAACCTTTAACGATCC-1,1,63,79,7872,14098
TGGACCAATCTAAGAT-1,1,62,80,7759,13901
CTAGTAGAAAGGGATT-1,1,63,81,7645,14098
AACCTCGCTTTAGCCC-1,1,62,82,7532,13900
GAGTGTCAACCAGAAA-1,1,63,83,7419,14097
GTGATCCTTGTCATGA-1,1,62,84,7306,13900
CTCAACTAACCCGGAT-1,1,63,85,7192,14096
AGTGGCGTCTGAAGGT-1,1,62,86,7079,13899
GGGAAGGGCTTTCTCA-1,1,63,87,6966,14096
AGGCCTGAGAATCTCG-1,1,62,88,6853,13898
AGCCACAGGTTACCCG-1,1,63,89,6739,14095
TGCAATCTAACACGGT-1,1,62,90,6627,13898
GTTTGGGTTTCGCCCG-1,1,63,91,6513,14094
CCTATGTCCACTCCAC-1,1,62,92,6400,13897
CTGCCTTTCTAGTAAA-1,1,63,93,6286,14094
TTAGTAAACCTGCTCT-1,1,62,94,6174,13896
TTGTGGTGGTACTAAG-1,1,63,95,6060,14093
CCTCCTGTTGTGTCGT-1,1,62,96,5947,13896
ACAAAGCATGACCTAG-1,1,63,97,5833,14092
ATAGCAACTAGGGAAG-1,1,62,98,5721,13895
CCGCTCTTCCGAACTA-1,1,63,99,5607,14092
TAGAATAGCCGATGAA-1,1,62,100,5494,13894
GGTCTCCGTCCAGGTT-1,0,63,101,5380,14091
TAATTACGTCAGTAGA-1,0,62,102,5268,13894
TACGTAAAGCGGAGTG-1,0,63,103,5154,14091
GCTACAATCGAGGATA-1,0,62,104,5041,13893
TCAGCCAATCCGTAAA-1,0,63,105,4927,14090
ATCATAGCCCTATGTA-1,0,62,106,4815,13893
GAGGCCTGTTGATACA-1,0,63,107,4701,14089
ATATACGCTCGTGACG-1,0,62,108,4588,13892
CCCTTTAATGGAGTTC-1,0,63,109,4474,14089
TTACACGATCTGCGAC-1,0,62,110,4362,13891
TCGCATAAAGGGCGCA-1,0,63,111,4248,14088
TGTAGCCATCCCATTC-1,0,62,112,4135,13891
GGGTCTATCGCTTTCC-1,0,63,113,4022,14087
GGAGGGTCAAGTAAGA-1,0,62,114,3909,13890
TACGGCATGGACGCTA-1,0,63,115,3795,14087
CACGTCAATCAATGGA-1,0,62,116,3682,13889
CGCTTGGACGGATAGA-1,0,63,117,3569,14086
CGCGGTACGGTATACA-1,0,62,118,3456,13889
CCTACTCAACACGATT-1,0,63,119,3342,14085
CGTTTGGTGTTGTGGG-1,0,62,120,3229,13888
GTTGTTGCAAGATGGC-1,0,63,121,3116,14085
CATTCGTCGTAGCGGT-1,0,62,122,3003,13887
CAGCCTCGATAGCGGT-1,0,63,123,2889,14084
TCATAAGTCCAAGAAG-1,0,62,124,2777,13887
AAAGTGCCATCAATTA-1,0,63,125,2663,14083
GTTGCAGTCGACAACA-1,0,62,126,2550,13886
TAAATGGGCTACTGAG-1,0,63,127,2436,14083
GGACAAGCCATGATCG-1,0,64,0,16817,14321
TCCAATGCGTCGCCGC-1,0,65,1,16703,14517
AAAGAATGACCTTAGA-1,0,64,2,16590,14320
CCTATTATTCCGGCCG-1,0,65,3,16476,14517
CAGTAAGGGACGTCTC-1,0,64,4,16364,14319
GGGATGGACCCGCGTC-1,0,65,5,16250,14516
GACGCATACCCGTCGG-1,0,64,6,16137,14319
GGGCAGGATTTCTGTG-1,0,65,7,16023,14515
TATCTGAGCCGATATT-1,0,64,8,15911,14318
AATGTATGGCACTGTA-1,0,65,9,15797,14515
GCCTTTGTCAGTGGAC-1,0,64,10,15684,14317
AACCATAGGGTTGAAC-1,0,65,11,15570,14514
AAACTTAATTGCACGC-1,0,64,12,15458,14317
TAGGCGGCTGCAAAGA-1,0,65,13,15344,14513
TCCATCAATACTAATC-1,0,64,14,15231,14316
ACCTCGAACTTATGCT-1,0,65,15,15118,14513
ACAAACCATGCGTCCT-1,0,64,16,15005,14315
ACACCGGTCTGACCGC-1,0,65,17,14891,14512
ATGGCAGCATTACGAT-1,0,64,18,14778,14315
CTGGTGAATGGGCCTA-1,0,65,19,14665,14512
CACAGAGACGAGGACG-1,0,64,20,14552,14314
GCACAAACCCTAGATG-1,0,65,21,14438,14511
ACTATGTCCAGCTGCC-1,0,64,22,14325,14314
AAGCCGCCGTGAAATC-1,0,65,23,14212,14510
ATGGGTGTATACCTCC-1,0,64,24,14099,14313
TAAGCGCGAATCAAAT-1,0,65,25,13985,14510
AGCCCGGCATTAGAGG-1,0,64,26,13872,14312
GTGATCAAGCGTGCAC-1,0,65,27,13759,14509
CTGCCTTTAATACCTT-1,0,64,28,13646,14312
TACCTCCACACCAATG-1,0,65,29,13532,14508
GAGCATCAACAACTTG-1,0,64,30,13420,14311
CATACGAACTAGCTGG-1,0,65,31,13306,14508
GGGAACGGTTTCAGAT-1,0,64,32,13193,14310
AGGGTGCCGTTCTTTA-1,0,65,33,13079,14507
ACGACTGGTCATACTC-1,0,64,34,12967,14310
GGATCTTACTGCCCTT-1,0,65,35,12853,14506
TACTCCTCTAGTTGAC-1,0,64,36,12740,14309
GTAGCTCCGGGAGGCT-1,0,65,37,12626,14506
GGACTCGTGAGTGGTC-1,0,64,38,12514,14308
GTAGTTCGAAGGCGAA-1,0,65,39,12400,14505
CTCAAACCACTGCCCG-1,0,64,40,12287,14308
GAGGGAGTCAGATCGC-1,0,65,41,12173,14505
GCGTCCCTAAGACATA-1,0,64,42,12061,14307
TCTCTTACCGCGAACC-1,0,65,43,11947,14504
GGCTACTATACACTCC-1,0,64,44,11834,14307
CGTTGCCCGCGTGGGA-1,0,65,45,11720,14503
TATAGAGTCGCTTGAA-1,0,64,46,11608,14306
ATGTTGTAGTCTGTTT-1,0,65,47,11494,14503
AGTATACACAGCGACA-1,0,64,48,11381,14305
TGTGGTTGCTAAAGCT-1,0,65,49,11267,14502
TGATTCCCGGTTACCT-1,0,64,50,11155,14305
CACTGACGATTGTGGA-1,0,65,51,11041,14501
AACATTGTGACTCGAG-1,0,64,52,10928,14304
GTCCAATATTTAGCCT-1,0,65,53,10815,14501
GCTCTTTCCGCTAGTG-1,0,64,54,10702,14303
GGGTCAGGAGCTAGAT-1,0,65,55,10588,14500
AGGTGGTGACCTTCGC-1,0,64,56,10475,14303
CCCGGGTCGTTCAGGG-1,0,65,57,10362,14499
AGCCAAGCTTTGTGTC-1,0,64,58,10249,14302
TGTGGCGGGCTTCTGG-1,0,65,59,10135,14499
CGAGGGTATCCAGGTG-1,0,64,60,10022,14301
CGTTCAGACCCGCGAA-1,0,65,61,9909,14498
TCATATGAGCTTTGTT-1,0,64,62,9796,14301
AGTTGACGGTCCTTGC-1,0,65,63,9682,14497
ATAATTAGCTAAGTAG-1,0,64,64,9570,14300
GGTCTTGAGCGCTCTT-1,0,65,65,9456,14497
CGTTGTCGGCAATTGA-1,0,64,66,9343,14299
TCTTGCTCCCGATACT-1,0,65,67,9229,14496
AGCAGAAGGAGAAAGA-1,0,64,68,9117,14299
GAAGCCACTGATTATG-1,0,65,69,9003,14496
TGCTCTTGAGAGTTTG-1,0,64,70,8890,14298
GACATCCGTCGAACTG-1,0,65,71,8776,14495
AGATATAATACGACTA-1,0,64,72,8664,14298
TCGCTACTGGCTTTGA-1,0,65,73,8550,14494
GTGACAGCTTCCCACT-1,1,64,74,8437,14297
GTGACGCAGGTTTCAT-1,1,65,75,8323,14494
GGGAAGACGGTCTGTC-1,1,64,76,8211,14296
CGTCGCATGTGAGCCA-1,1,65,77,8097,14493
AGAAGGTTGTAGGTCG-1,1,64,78,7984,14296
GGCCGGCGTCTGCTAT-1,1,65,79,7870,14492
TTGACCAGGAACAACT-1,1,64,80,7758,14295
AGTCGTATAAAGCAGA-1,1,65,81,7644,14492
GGCGTAGGGAAAGCTG-1,1,64,82,7531,14294
AAACCTAAGCAGCCGG-1,1,65,83,7417,14491
ATTGCCTTTATGTTTG-1,1,64,84,7305,14294
CAGGCAGTCTTACCAG-1,1,65,85,7191,14490
AGCTAAGTACGCAGGC-1,1,64,86,7078,14293
AAATCCGATACACGCC-1,1,65,87,6965,14490
CGAGAGCTTTCACTAC-1,1,64,88,6852,14292
CGCCCAGCGTTTCACG-1,1,65,89,6738,14489
TTAAGTATTGTTATCC-1,1,64,90,6625,14292
AAACGGGCGTACGGGT-1,1,65,91,6512,14488
GTATCCTTTGGTAACC-1,1,64,92,6399,14291
CATAGTCAAATACATA-1,1,65,93,6285,14488
TCTATGCTATAACGAC-1,1,64,94,6172,14290
ACGTTCTGTACAAGTC-1,1,65,95,6059,14487
CGCGAAGTGGCATACT-1,1,64,96,5946,14290
ACCAACCGCACTCCAC-1,1,65,97,5832,14487
GTCATGCGCGAGGGCT-1,1,64,98,5720,14289
TAGGCTAAAGTGGCAC-1,0,65,99,5606,14486
TGGCTACACTCTACCT-1,0,64,100,5493,14289
TGTCCACGGCTCAACT-1,0,65,101,5379,14485
AATTGCAGCAATCGAC-1,0,64,102,5267,14288
GTCAACCAGGCCTATA-1,0,65,103,5153,14485
ATCTTATCGCACACCC-1,0,64,104,5040,14287
GTCTATTGCATGCTCG-1,0,65,105,4926,14484
GCACGTGGTTTACTTA-1,0,64,106,4814,14287
ATTCGCGCCTTGAGAG-1,0,65,107,4700,14483
AGCGATGCGCCTAATA-1,0,64,108,4587,14286
TCTATAGGTGGGTAAT-1,0,65,109,4473,14483
AGATACCAATAGAACC-1,0,64,110,4361,14285
CGTGTATGGGAGCTGA-1,0,65,111,4247,14482
ATGTACATGCGGTGAG-1,0,64,112,4134,14285
TTGGCTCAATATGTGT-1,0,65,113,4020,14481
GTTCGGAGCACTCAAC-1,0,64,114,3908,14284
TCCCTCTTCTCAAGGG-1,0,65,115,3794,14481
TTACGTATCTATGACA-1,0,64,116,3681,14283
CCCATATAGGTCGATT-1,0,65,117,3567,14480
GTCCACGTCGCATTCG-1,0,64,118,3455,14283
AATTGTGGTTGCCAAA-1,0,65,119,3341,14479
AGGAACGAACGACTTC-1,0,64,120,3228,14282
TAATTCCAATGCTTCA-1,0,65,121,3115,14479
AGGGCCCTAATGTTCT-1,0,64,122,3002,14281
AGGTGTTGCCGACCAC-1,0,65,123,2888,14478
CTGAGAGTAGAAATAC-1,0,64,124,2775,14281
TAGAAGAAGGGTTACA-1,0,65,125,2662,14478
GGTGACTGATAGAGAG-1,0,64,126,2549,14280
TACCCTCGGTAACCCT-1,0,65,127,2435,14477
TGTAAGACTGATAAGA-1,0,66,0,16815,14715
GTCACTCATGAGCGAT-1,0,67,1,16702,14911
CGGTTTACTGAACATT-1,0,66,2,16589,14714
GAGATCGATCTTACTC-1,0,67,3,16475,14911
TCTTTCATCCGTCCTT-1,0,66,4,16363,14713
TCGGATCTGGATGACC-1,0,67,5,16249,14910
GTCCTAGGATACCTTA-1,0,66,6,16136,14713
TGTACCCGACCCTAAT-1,0,67,7,16022,14909
AGGTTCTCCTTTCCGG-1,0,66,8,15910,14712
AATTGCGTGGATTACA-1,0,67,9,15796,14909
CGATAGCGATACAGTG-1,0,66,10,15683,14711
CGCCCTAATTGTTCAA-1,0,67,11,15569,14908
ATTATGAGACCCAATT-1,0,66,12,15457,14711
CCTCCTAGCTAGAGTC-1,0,67,13,15343,14908
CGAAGGGTTTCAGATT-1,0,66,14,15230,14710
CACAAGCTAAGAAAGG-1,0,67,15,15116,14907
CACCGGTAGAGACATT-1,0,66,16,15004,14710
ACTCATGGCAGCCTTC-1,0,67,17,14890,14906
CATCCAATATAGTTTG-1,0,66,18,14777,14709
CAGATATGAAGATGAC-1,0,67,19,14663,14906
GCAAAGGGCGTTAGCC-1,0,66,20,14551,14708
CTGTTGTTCAGTCGTA-1,0,67,21,14437,14905
AAAGGCCCTATAATAC-1,0,66,22,14324,14708
AACATTGAAGTTGATC-1,0,67,23,14211,14904
GCTAGCGATAGGTCTT-1,0,66,24,14098,14707
ATTGCCTATTAGACCG-1,0,67,25,13984,14904
GGGCGTTTACATTCAT-1,0,66,26,13871,14706
CCTCTACAAGGATTGG-1,0,67,27,13758,14903
AGTGACTGTGACACAA-1,0,66,28,13645,14706
AGCCCTCCCTGGTGGC-1,0,67,29,13531,14902
CGGTTGAGTATCCTTC-1,0,66,30,13418,14705
CATTATCCCATTAACG-1,0,67,31,13305,14902
AATGTGCTAATCTGAG-1,0,66,32,13192,14704
CTTAGTTGAGGAATCG-1,0,67,33,13078,14901
CTTCTGGGCGTACCTA-1,0,66,34,12965,14704
AGTCAAATGATGTGAT-1,0,67,35,12852,14900
TGAACAAGCAGGGACT-1,0,66,36,12739,14703
AATACCGGAGGGCTGT-1,0,67,37,12625,14900
GTTTGGTGATCGGTGC-1,0,66,38,12513,14702
GACTGCTGGTGAGAAA-1,0,67,39,12399,14899
CGATCCTCGCAACATA-1,0,66,40,12286,14702
CCAACCTTATGTAACT-1,0,67,41,12172,14899
CGTGGTACCCAAAGGC-1,0,66,42,12060,14701
AACCCGACAACCCGTG-1,0,67,43,11946,14898
TATGTAAAGTGCTTAA-1,0,66,44,11833,14701
GCAAGTGTAAAGCATG-1,0,67,45,11719,14897
GTAACTGCCCAAGGAG-1,0,66,46,11607,14700
GGTGCATAAATGATTA-1,0,67,47,11493,14897
TAGTCCCGGAGACCAC-1,0,66,48,11380,14699
CGGCCAGAGCGACCAT-1,0,67,49,11266,14896
TGAATGAGTGTTTCCC-1,0,66,50,11154,14699
TTCACTTCCTAGAACG-1,0,67,51,11040,14895
CGCTTAGTATTGATAC-1,0,66,52,10927,14698
AACGCGACCTTGGGCG-1,0,67,53,10813,14895
GTGCACCAGCTTCAAC-1,0,66,54,10701,14697
TTCTATTAAACGCAGC-1,0,67,55,10587,14894
TGGCAAGCACAAGTCG-1,0,66,56,10474,14697
ATCTGCTGTTATCGCC-1,0,67,57,10360,14893
AATTCCAAGCATGTAC-1,0,66,58,10248,14696
AAACGGTTGCGAACTG-1,0,67,59,10134,14893
GAAGGAGTCGAGTGCG-1,0,66,60,10021,14695
GGCAAGCCCATAGTGG-1,0,67,61,9908,14892
TGACCAAATCTTAAAC-1,0,66,62,9795,14695
TTCGGTACTGTAGAGG-1,0,67,63,9681,14892
ATGTACGATGACGTCG-1,0,66,64,9568,14694
ATCTAGCTTGTGAGGG-1,0,67,65,9455,14891
AGCGGGTCTGACACTC-1,0,66,66,9342,14694
GAGGTACGCGTGTCCC-1,0,67,67,9228,14890
GCACTGCCTACCTTTA-1,0,66,68,9115,14693
GGAGCGAGGCCTACTT-1,0,67,69,9002,14890
AAACTCGGTTCGCAAT-1,0,66,70,8889,14692
GGCGCTTCATTCCCTG-1,0,67,71,8775,14889
TGCTCGGTGGGTCACC-1,0,66,72,8663,14692
AAGCGCAGGGCTTTGA-1,0,67,73,8549,14888
GACCTTCCACGTCTAC-1,0,66,74,8436,14691
GTTAGCCCATGACATC-1,0,67,75,8322,14888
AATTCGATTCGAGGAT-1,1,66,76,8210,14690
AGTCTTTAAAGTGTCC-1,1,67,77,8096,14887
GACTAGGCCGTTAGGT-1,1,66,78,7983,14690
TCCAAGCCTAGACACA-1,1,67,79,7869,14886
GATTGGGAAAGGTTGT-1,1,66,80,7757,14689
GATGAGGAACCTTCGG-1,1,67,81,7643,14886
TGAATACCGACGCGTA-1,1,66,82,7530,14688
AATCGTGAGCCGAGCA-1,1,67,83,7416,14885
GCGAAGAATCTGACGG-1,1,66,84,7304,14688
GAACAACTGGGATGAA-1,1,67,85,7190,14884
TCGCCGACATATTCGC-1,1,66,86,7077,14687
CGTAGAGAGTAATTAT-1,1,67,87,6963,14884
CGATAGTCGTACTGCA-1,1,66,88,6851,14686
CGCATGCCGAATGCGT-1,1,67,89,6737,14883
CTCTAGCCCTCGGAAA-1,1,66,90,6624,14686
TCCAACTCAGCTATCT-1,1,67,91,6510,14883
GTCTAGTGAGCCGCTT-1,1,66,92,6398,14685
TACCGAATAATTGTAA-1,1,67,93,6284,14882
ATATAACACGGGCGCA-1,1,66,94,6171,14685
GCATGCTAATAACGAT-1,1,67,95,6058,14881
TCCGGGCTTGACGGGA-1,1,66,96,5945,14684
ATTATTCAGAGTCACT-1,1,67,97,5831,14881
TAGCAGTATGACTAAA-1,1,66,98,5718,14683
TATGAAGAATTAAGGT-1,0,67,99,5605,14880
CAAGGCCAGTGGTGCA-1,0,66,100,5492,14683
TGCGTACGGCTAATTG-1,0,67,101,5378,14879
CAGATAATGGGCGGGT-1,0,66,102,5265,14682
GAGAACGGTTCTGACT-1,0,67,103,5152,14879
CGCTTCGGTCTAAGAC-1,0,66,104,5039,14681
AGCATTACGAGGCAAG-1,0,67,105,4925,14878
AAGTTGTGATGTTATA-1,0,66,106,4813,14681
TTGCTCATAGTACGTG-1,0,67,107,4699,14877
TACTTAAACATGTACA-1,0,66,108,4586,14680
AGTGAGTCGAATTAAC-1,0,67,109,4472,14877
TAGGCCTATATAGTCT-1,0,66,110,4360,14679
ACTCGCCGTTCGATAA-1,0,67,111,4246,14876
GGTACGTTGCGGCCGG-1,0,66,112,4133,14679
TATTGCCGGGCTTGTA-1,0,67,113,4019,14875
GGTAAACTCTGCGCTG-1,0,66,114,3907,14678
TCCCTTGTCTGAAACT-1,0,67,115,3793,14875
CATGATCGCTTTGAGA-1,0,66,116,3680,14677
GGACGGGCGACCAACC-1,0,67,117,3566,14874
GAGAGGCCTATGTGTA-1,0,66,118,3454,14677
TCGTAACTCCCAAGAC-1,0,67,119,3340,14874
CGTATCTAGAACTAAG-1,0,66,120,3227,14676
GCACCTTCCCGAAGGT-1,0,67,121,3113,14873
TACCTCTTTACCATCC-1,0,66,122,3001,14676
TGACTCTAACTGGTAA-1,0,67,123,2887,14872
GAGAAACTGGATCCCA-1,0,66,124,2774,14675
ATCCGGACCAGCCTGA-1,0,67,125,2660,14872
TTATTTAGGTTCCTTA-1,0,66,126,2548,14674
CGAATTCCCGGTTCAA-1,0,67,127,2434,14871
TAGTTTGATCGGTCGC-1,0,68,0,16814,15109
AGTCGAAACGATTCAG-1,0,69,1,16701,15305
ACGTCGGGCAACTCGG-1,0,68,2,16588,15108
ACTTGCTCTATCTACC-1,0,69,3,16474,15305
ATTACGGGCTACGGTT-1,0,68,4,16361,15107
GCAAACGTAAGCGACC-1,0,69,5,16248,15304
TTCGGACTGGGCATGG-1,0,68,6,16135,15107
GGGCCATTCGTGCTGG-1,0,69,7,16021,15304
GAGTTGTCACCAGTCT-1,0,68,8,15908,15106
AGTAATTTGCAAGCGT-1,0,69,9,15795,15303
GTGGCCGGTTTCTCGG-1,0,68,10,15682,15106
ATCTTAGGGCATTAAT-1,0,69,11,15568,15302
CTACATATCGCGGGAC-1,0,68,12,15456,15105
ATGGTATTTACTGATT-1,0,69,13,15342,15302
CCGTCAACCTCTGGCG-1,0,68,14,15229,15104
GCTTCGACGTTCAATC-1,0,69,15,15115,15301
GACCGATTAAATATGT-1,0,68,16,15003,15104
GTCGAATTTGGGCGCT-1,0,69,17,14889,15300
TCACGGCCCAAGAGAG-1,0,68,18,14776,15103
CTACGATCCTATCCTA-1,0,69,19,14662,15300
TGCAGTGGTAGGGAAC-1,0,68,20,14550,15102
TTGCCTAATCCAAAGT-1,0,69,21,14436,15299
AGCGAGACGTGAAGGC-1,0,68,22,14323,15102
TTCTACCTCAATCGGT-1,0,69,23,14209,15298
TACGCTGCTGTGTTAA-1,0,68,24,14097,15101
TAGTCCTGCACTAAGC-1,0,69,25,13983,15298
AGCACACGTTTAGACT-1,0,68,26,13870,15100
GTTCGACAATTGTATA-1,0,69,27,13756,15297
CCATGTTCATCTATAT-1,0,68,28,13644,15100
CCCTCGATAATACACA-1,0,69,29,13530,15296
ACTGCCCGCCATTCTC-1,0,68,30,13417,15099
CTATATCCAGCCTGGC-1,0,69,31,13304,15296
CGCACGTCTGTTTATG-1,0,68,32,13191,15098
AATCAGGTTTCATTTA-1,0,69,33,13077,15295
AGAGAAACACCAGAAA-1,0,68,34,12964,15098
ACCCGATTGGTTCCGA-1,0,69,35,12851,15295
TACCAGGAATCCCGTC-1,0,68,36,12738,15097
AAGTGCTTCTCTATTG-1,0,69,37,12624,15294
TGCATGTGACCCATAG-1,0,68,38,12511,15097
TAGATTCAAAGTGCGG-1,0,69,39,12398,15293
AGGGTCAGAGCACTCG-1,0,68,40,12285,15096
GTGAGATAACCTTATA-1,0,69,41,12171,15293
GTGTCAGTGTACGTGG-1,0,68,42,12058,15095
CTGTAGTGAGGATCGA-1,0,69,43,11945,15292
GATAGTGCGAGTAAGT-1,0,68,44,11832,15095
AGGGTTCAGACGGTCC-1,0,69,45,11718,15291
GGACTCGACAGCGCAT-1,0,68,46,11606,15094
CACTCTCAAGCATCGA-1,0,69,47,11492,15291
GAGCGGAATGCGGTGT-1,0,68,48,11379,15093
CAGTTCGAGGACCCGA-1,0,69,49,11265,15290
CGTAACTTCGACACTT-1,0,68,50,11153,15093
TGATCACCACACTGAC-1,0,69,51,11039,15289
CATACTTCTTTCTCCG-1,0,68,52,10926,15092
CAAGTAAGTGATAGAC-1,0,69,53,10812,15289
AGCCCGCAACAAGCAG-1,0,68,54,10700,15091
GCTCCATGCAAAGCAA-1,0,69,55,10586,15288
TCGTACCGACGTCAAG-1,0,68,56,10473,15091
ATTATCGGAATGTACG-1,0,69,57,10359,15287
ACCTACTATAAATCTA-1,0,68,58,10247,15090
TATCCTATCAACTGGT-1,0,69,59,10133,15287
GCGCGGTCTAGTAACT-1,0,68,60,10020,15089
CCTTCGTATAGAATCC-1,0,69,61,9906,15286
TGGGCGATACAATAAG-1,0,68,62,9794,15089
TGACATGTAACGTGAC-1,0,69,63,9680,15286
TTGGGAAGACGAGCCG-1,0,68,64,9567,15088
GGTGTAAATCGATTGT-1,0,69,65,9453,15285
GAACTGTGGAGAGACA-1,0,68,66,9341,15088
TCCACATCGTATATTG-1,0,69,67,9227,15284
CCTATGGTCAAAGCTG-1,0,68,68,9114,15087
TCCTTGTCCTTTAATT-1,0,69,69,9001,15284
AAGTTTATGGGCCCAA-1,0,68,70,8888,15086
GTCCGGGTTCACATTA-1,0,69,71,8774,15283
ATGTAGCGCGCGTAGG-1,0,68,72,8661,15086
TACGGAAGCCAAACCA-1,0,69,73,8548,15282
GCCCTGAGGATGGGCT-1,0,68,74,8435,15085
CGGGCGATGGATCACG-1,0,69,75,8321,15282
TGCGGACTTGACTCCG-1,0,68,76,8208,15084
TAATACTAGAACAGAC-1,0,69,77,8095,15281
TCAAATTGTTGTGCCG-1,1,68,78,7982,15084
GGGCAGTCAACGCCAA-1,1,69,79,7868,15280
TCGCTGCCAATGCTGT-1,1,68,80,7756,15083
TACGTGGGCCCAGGGC-1,1,69,81,7642,15280
GCCTACGTTCTGTGCA-1,1,68,82,7529,15082
TTGCGTGTGTAGGCAT-1,1,69,83,7415,15279
TCCTAAAGATTCAGAC-1,1,68,84,7303,15082
TGGGTGCACAAGCCAT-1,1,69,85,7189,15279
GGGAGCGACCGTAGTG-1,1,68,86,7076,15081
CATAGAGGAGATACTA-1,1,69,87,6962,15278
CTTCGATTGCGCAAGC-1,1,68,88,6850,15081
GTGCCTGAGACCAAAC-1,1,69,89,6736,15277
TCATCCTCAGCTGCTT-1,1,68,90,6623,15080
TGCAACTACTGGTTGA-1,1,69,91,6509,15277
ATGTTGATTAGAGACT-1,1,68,92,6397,15079
GTTTCTAGAGGCGCGG-1,1,69,93,6283,15276
TACAAGGGCTTCTTTA-1,1,68,94,6170,15079
ACAGGCACGGATCCTT-1,1,69,95,6056,15275
CCCAAGTCATTACACT-1,1,68,96,5944,15078
ACTCTGACCTAATAGA-1,0,69,97,5830,15275
GGATGGCTTGAAGTAT-1,0,68,98,5717,15077
ACCCTCCCGTCAGGGC-1,0,69,99,5603,15274
AGCTTCTTCTCGAGCA-1,0,68,100,5491,15077
TTGCGCTTGATCAATA-1,0,69,101,5377,15273
TGGGTGTAATAGATTT-1,0,68,102,5264,15076
CATGGTTTATTAATCA-1,0,69,103,5151,15273
TTGCCTTCTCGCCGGG-1,0,68,104,5038,15075
TTAAAGTAAGTCGCCA-1,0,69,105,4924,15272
AGTTGGCAAGGCTAGA-1,0,68,106,4811,15075
CCGCACTTGCAATGAC-1,0,69,107,4698,15271
AATGTTGTCGTGAGAC-1,0,68,108,4585,15074
CCAAGGTTGCCCTTTC-1,0,69,109,4471,15271
TGTGACTAGAGTTTGC-1,0,68,110,4358,15073
TTGTGATCTGTTCAGT-1,0,69,111,4245,15270
GGAGTTGATTCTGTGT-1,0,68,112,4132,15073
GTAGTGAGCAACCTCA-1,0,69,113,4018,15270
AAGACATACGTGGTTT-1,0,68,114,3906,15072
CATCCCGAGATTCATA-1,0,69,115,3792,15269
GGCCGCAGGAACCGCA-1,0,68,116,3679,15072
CCAGAAACTGATGCGA-1,0,69,117,3565,15268
ACCCGTAGTCTAGTTG-1,0,68,118,3453,15071
AGGGTCTGGACGCAGT-1,0,69,119,3339,15268
TTGAAACCCTCATTCC-1,0,68,120,3226,15070
TCAATCCCGCGCCAAA-1,0,69,121,3112,15267
AGGACATCGGCACACT-1,0,68,122,3000,15070
GACAAGACGCCCGTGC-1,0,69,123,2886,15266
GAGTAAATTAAGAACC-1,0,68,124,2773,15069
TAAGTCGGTGAGCTAG-1,0,69,125,2659,15266
CTTACTGACTCCTCTG-1,0,68,126,2547,15068
TTAACTGATCGTTTGG-1,0,69,127,2433,15265
GGGCGATCCATAGGCC-1,0,70,0,16813,15503
CGTATTGTTTGGCGCC-1,0,71,1,16699,15700
CGCGTGGGCCTGTGTT-1,0,70,2,16587,15502
AAATCTGCCCGCGTCC-1,0,71,3,16473,15699
GCTGAAGGGTTCTTGG-1,0,70,4,16360,15502
TAATTGCGCTGATTAC-1,0,71,5,16247,15698
TCGCGCGTTTACATGA-1,0,70,6,16134,15501
TAACTGAAATACGCCT-1,0,71,7,16020,15698
CCTGTCGTGTATGAAG-1,0,70,8,15907,15500
CGGGAACGCCCTGCAT-1,0,71,9,15794,15697
AGTTGCGGTCCTCAAC-1,0,70,10,15681,15500
GGGTCCTTGGAAGAAG-1,0,71,11,15567,15696
CGGGAAGTACCGTGGC-1,0,70,12,15454,15499
ACGGTCACCGAGAACA-1,0,71,13,15341,15696
TAGACTCAGTTGGCCT-1,0,70,14,15228,15498
CCTTCCGCAACGCTGC-1,0,71,15,15114,15695
CAGTGTTAATCTCTCA-1,0,70,16,15001,15498
CAGGCCAGTACCACCT-1,0,71,17,14888,15694
GATCGCTGTGGTGCGT-1,0,70,18,14775,15497
GTATCTCGGGCGCTTT-1,0,71,19,14661,15694
CCGGGCTAAGAATTTC-1,0,70,20,14549,15496
CTTCACGCCCTGGTAC-1,0,71,21,14435,15693
CGGATGAATGCTGTGA-1,0,70,22,14322,15496
CTCTGCAGGCATTCTT-1,0,71,23,14208,15692
TCAAAGTCACGGCGTC-1,0,70,24,14096,15495
TGGGTTTCGGGCGTAC-1,0,71,25,13982,15692
TGCTATGGCAAAGGGA-1,0,70,26,13869,15494
TTCACGGTCGTCACGT-1,0,71,27,13755,15691
CGTAAAGCAAGAAATC-1,0,70,28,13643,15494
CTGATCCCTTTATGCA-1,0,71,29,13529,15691
GAGTATACCCTAATCA-1,0,70,30,13416,15493
CCACGGCAGGTGTAGG-1,0,71,31,13302,15690
ACGTACTTTGGCACGG-1,0,70,32,13190,15493
CCTGAGAATAAATGCA-1,0,71,33,13076,15689
TTGATGCCGCTCGTCG-1,0,70,34,12963,15492
GCCAGGAAAGAACACT-1,0,71,35,12849,15689
TCCGACCGCTAATCAA-1,0,70,36,12737,15491
TATATCAAAGTGATCT-1,0,71,37,12623,15688
CCTCGGTTTCCTTGCC-1,0,70,38,12510,15491
TAAATTTAGTAACACC-1,0,71,39,12397,15687
CTCGTTACGGCTACCA-1,0,70,40,12284,15490
GCCGTCGGTTTCGGGC-1,0,71,41,12170,15687
GTTCCGTCCGCCTGCA-1,0,70,42,12057,15489
CTAGGGATAGGGACAA-1,0,71,43,11944,15686
GTCCAGGCACGTGTGC-1,0,70,44,11831,15489
GAGGAATATCTCTTTG-1,0,71,45,11717,15685
CGTTCAAGGAAACGGA-1,0,70,46,11604,15488
GTGGGAACAAACCGGG-1,0,71,47,11491,15685
GGGCACGTAGTACTGT-1,0,70,48,11378,15487
ACTACAAAGAGAGGTG-1,0,71,49,11264,15684
GGTGTAGGTAAGTAAA-1,0,70,50,11151,15487
CCTGTTCAACCTCGGG-1,0,71,51,11038,15683
TGAGGTGTGTGGCGGA-1,0,70,52,10925,15486
ATTGTCTGTTTCATGT-1,0,71,53,10811,15683
GCCGGTCGTATCTCTC-1,0,70,54,10699,15485
ATATGGGATAGCAACT-1,0,71,55,10585,15682
GATAGAACCCGCTAGG-1,0,70,56,10472,15485
ATCCCATTTCCGTGGG-1,0,71,57,10358,15682
GATGCTACCTTCGATG-1,0,70,58,10246,15484
TGCAAAGTTCGTCTGT-1,0,71,59,10132,15681
GTTCAGTCGCCAAATG-1,0,70,60,10019,15484
GTCTCCGCCTCAATAC-1,0,71,61,9905,15680
AGTAGAAGGCGCCTCA-1,0,70,62,9793,15483
GTTGTAGATTTATGAG-1,0,71,63,9679,15680
CTATTTGCTTGGAGGA-1,0,70,64,9566,15482
AGCCATATAGTATGTG-1,0,71,65,9452,15679
TGTTCCGGCCTGAGCT-1,0,70,66,9340,15482
TGCCGTGGGACCCAAT-1,0,71,67,9226,15678
TTGCAAGAAGACTCCT-1,0,70,68,9113,15481
CCGCTCCAGGGCGATC-1,0,71,69,8999,15678
CAAACCCTCCGGCGGG-1,0,70,70,8887,15480
CGGACCTTTACGTCCC-1,0,71,71,8773,15677
ACGTAGGAGAGTCGCT-1,0,70,72,8660,15480
CTGCGACCTCGCCGAA-1,0,71,73,8546,15676
GGCCCAGCTGGTTTGC-1,0,70,74,8434,15479
GGATTAATCATGGACC-1,0,71,75,8320,15676
GAGATGGCTTTAATCA-1,0,70,76,8207,15478
AGTACAGAAGCTTATA-1,0,71,77,8094,15675
GCGGCTTTAGCAAGTT-1,0,70,78,7981,15478
ACCGAGTCTCCTTATT-1,0,71,79,7867,15674
GACCACACTTCCCTTT-1,1,70,80,7754,15477
TGTAGCCAATTCCGTT-1,1,71,81,7641,15674
CTCGTCTGTGCCTTCG-1,1,70,82,7528,15476
GGACTCTTTGACTAAG-1,1,71,83,7414,15673
TCATCGACGACCGTCG-1,1,70,84,7301,15476
TACTACGTGCAATGCG-1,1,71,85,7188,15673
CCCTACTTGAACAATG-1,1,70,86,7075,15475
GCAGCTGTCAACGCAT-1,1,71,87,6961,15672
ATCTACCATCTGCTCC-1,1,70,88,6849,15475
TCTCAAATCAATCGGG-1,1,71,89,6735,15671
ACTCCGGCCGACCACT-1,1,70,90,6622,15474
TACACCTCTTCGAATC-1,1,71,91,6508,15671
GTGGCTGTTTCTGTTC-1,1,70,92,6396,15473
ACGACTCTAGGGCCGA-1,1,71,93,6282,15670
TCGTTTACGCGACCCT-1,1,70,94,6169,15473
AGGATATCCGACTGCA-1,0,71,95,6055,15669
GACACTTCCAATTACC-1,0,70,96,5943,15472
ACGGTACAGTTCAATG-1,0,71,97,5829,15669
CTTGATGACCATCCAG-1,0,70,98,5716,15471
CTGGTAAAGACTTACA-1,0,71,99,5602,15668
CTTGCCCACCCACGCA-1,0,70,100,5490,15471
CATTACGCAGGAAGGG-1,0,71,101,5376,15667
GGACAACCATGAAGCC-1,0,70,102,5263,15470
GTTATCAAGCTATCGA-1,0,71,103,5149,15667
AGGTGCACGTCCACAT-1,0,70,104,5037,15469
AAAGAATGTGGACTAA-1,0,71,105,4923,15666
ACCAAGTCATCGGCAG-1,0,70,106,4810,15469
AGTAACTATAGCAGCC-1,0,71,107,4696,15666
GGGAAAGAATGCCAAC-1,0,70,108,4584,15468
AATCGGTATAGCCCTC-1,0,71,109,4470,15665
GGCACTGCGGTGGTTT-1,0,70,110,4357,15468
CGTCCTCATCGCGTGC-1,0,71,111,4244,15664
CTTAACTTACAGTATA-1,0,70,112,4131,15467
GTGAGTCGACTAATAG-1,0,71,113,4017,15664
TGTACTTCCGGGCATG-1,0,70,114,3904,15466
CACAAACCGCAGAACT-1,0,71,115,3791,15663
GCTTTACACAACTGGG-1,0,70,116,3678,15466
CACCGATGATGGGTAC-1,0,71,117,3564,15662
TCAATATACAGGAGGC-1,0,70,118,3451,15465
AACGACCTCCTAGCCG-1,0,71,119,3338,15662
GTTACCAAGGCGTACG-1,0,70,120,3225,15464
TAGCTCACTGTGTTTG-1,0,71,121,3111,15661
TCGGCAGGGTTAAGGG-1,0,70,122,2999,15464
TGTTAACAAAGTGACT-1,0,71,123,2885,15660
CAGAGCGATGGATGCT-1,0,70,124,2772,15463
CATAGTGGGCACGCCT-1,0,71,125,2658,15660
AAACGCTGGGCACGAC-1,0,70,126,2546,15462
TGTTCTCATACTATAG-1,0,71,127,2432,15659
TCCGCTGGGTCGATCG-1,0,72,0,16812,15897
TTAGCATCCCTCACGT-1,0,73,1,16698,16094
AGCCTTGTCACTGATA-1,0,72,2,16586,15896
GTTTCTTGTTAGAGCT-1,0,73,3,16472,16093
TCGGAGTCCTGGTTGC-1,0,72,4,16359,15896
ACGGGTTGTGACCTGT-1,0,73,5,16245,16092
TGACAGAAATCTTGCT-1,0,72,6,16133,15895
TAGCCATGATTGCCTA-1,0,73,7,16019,16092
CGAAGCCACAGCATGG-1,0,72,8,15906,15894
ACCCGTAGCAGAGAAT-1,0,73,9,15792,16091
AGCTTGATCAGGGTAG-1,0,72,10,15680,15894
CTATAAGTAGGGTTTG-1,0,73,11,15566,16090
TATAGTTAGGTGTACT-1,0,72,12,15453,15893
TACGCTGATAGTTGTA-1,0,73,13,15340,16090
TTCTCAATTGCTACAA-1,0,72,14,15227,15892
GTTGCCCTAACGGGTG-1,0,73,15,15113,16089
GACATTTCGCCCAGCC-1,0,72,16,15000,15892
GTAACTACGTAGACCT-1,0,73,17,14887,16088
CCAGTGTACAGACCGA-1,0,72,18,14774,15891
GCCCGATGCCCAGTTC-1,0,73,19,14660,16088
CGAACCTCTTTCCTAG-1,0,72,20,14547,15890
CATGCACATGAGAGGC-1,0,73,21,14434,16087
CCAAATCAAAGGGCAA-1,0,72,22,14321,15890
GTAGTTTAAGCACACG-1,0,73,23,14207,16087
TAAGTGAATAGTCTAC-1,0,72,24,14094,15889
GGTCCACGTCTATTTG-1,0,73,25,13981,16086
CCCTCAGATCGAGAAC-1,0,72,26,13868,15889
ACATTCGCGCGGAATA-1,0,73,27,13754,16085
CTATGAACACCTTGCC-1,0,72,28,13642,15888
CGAATGGTAGGTCGTC-1,0,73,29,13528,16085
TCGACATAGCGTAGCG-1,0,72,30,13415,15887
GACGTTGCTCGGCGGC-1,0,73,31,13301,16084
CTCGAGGCAAGTTTCA-1,0,72,32,13189,15887
GCTGGGAGCGCGTCAA-1,0,73,33,13075,16083
GACGATATCACTGGGT-1,0,72,34,12962,15886
CAGCTCTGGGCTCACT-1,0,73,35,12848,16083
TAGTCTGCGGCACATT-1,0,72,36,12736,15885
TGGTCGATATACCTCT-1,0,73,37,12622,16082
TTCAGTTCAAGAGGAG-1,0,72,38,12509,15885
GTCTGTAGGTTGAACA-1,0,73,39,12395,16081
GAGAGTCTCGGGAGAG-1,0,72,40,12283,15884
TTGTTTGTATTACACG-1,0,73,41,12169,16081
GCACAGCACGGGCCGA-1,0,72,42,12056,15883
AAACAGTGTTCCTGGG-1,0,73,43,11942,16080
TGGAGAATAATCGTCC-1,0,72,44,11830,15883
CGCCGCGTTCTGAACG-1,0,73,45,11716,16079
CATGCGTTGAGAGGAG-1,0,72,46,11603,15882
TACGCTCCTAGAACTG-1,0,73,47,11490,16079
CCTTGTGAACGTGGTT-1,0,72,48,11377,15881
TTAAAGGCGATGCTCG-1,0,73,49,11263,16078
TAAAGTGCACGTCTCG-1,0,72,50,11150,15881
TGTCCGCAAACAATTC-1,0,73,51,11037,16078
AGGCCTATCATACCAA-1,0,72,52,10924,15880
ACTGGGATGCCAGTGC-1,0,73,53,10810,16077
CGATCCACCATTGTTG-1,0,72,54,10697,15880
GGGCATGCATGTCGAG-1,0,73,55,10584,16076
TCCAGGCAGGACGATC-1,0,72,56,10471,15879
CAATGACCCTTAATTT-1,0,73,57,10357,16076
ATCAAGATCCCAGGAC-1,0,72,58,10244,15878
CTCAGAGCTAATGTCG-1,0,73,59,10131,16075
CTGCGATTTCGAGATT-1,0,72,60,10018,15878
ATGGTATTGGGAACCG-1,0,73,61,9904,16074
TAGGTTCTGCTGAGAA-1,0,72,62,9792,15877
GCCTGTCCCGGTGCAT-1,0,73,63,9678,16074
GGCCTGCTCTGATGTT-1,0,72,64,9565,15876
TAGAGGGAGTTTATCT-1,0,73,65,9451,16073
CTCTACATCCTGCGTG-1,0,72,66,9339,15876
ACACATTTCCGTAGAC-1,0,73,67,9225,16072
TGGGTGTTAAGTAGAA-1,0,72,68,9112,15875
GAGCTCAACATGAGCG-1,0,73,69,8998,16072
GCACACAGCTATTACC-1,0,72,70,8886,15874
GCGACGGTAGTCTCCT-1,0,73,71,8772,16071
GTATCAAGGTACTTCC-1,0,72,72,8659,15874
GGAAAGGGAATTGAGC-1,0,73,73,8545,16070
TACACAGCCGTGGTGC-1,0,72,74,8433,15873
CGGTTGGGCAGGGTCC-1,0,73,75,8319,16070
GCACGCCGATTCCCGC-1,0,72,76,8206,15872
CGCTTTCCGCCAAGGT-1,0,73,77,8092,16069
TGCCCGATAGTTAGAA-1,0,72,78,7980,15872
TCAGAACGGCGGTAAT-1,0,73,79,7866,16069
CCACTCAGATCCGCAA-1,0,72,80,7753,15871
GAAGGGTCATTAAGAC-1,1,73,81,7639,16068
GCGGTCTTGCTTTCAC-1,1,72,82,7527,15871
GGAAGGACACCGTATA-1,1,73,83,7413,16067
CGCGGGAATTCCTTTC-1,1,72,84,7300,15870
TCTATCCGATTGCACA-1,1,73,85,7187,16067
TACTCGTTTGAATCAA-1,1,72,86,7074,15869
GTCTGCCGACTCGACG-1,1,73,87,6960,16066
TACGGGTAATAACATA-1,1,72,88,6847,15869
CCAGTTCGGTAACTCA-1,1,73,89,6734,16065
CGTGCACACCACTGTA-1,1,72,90,6621,15868
CTTCAGTTGGACAACG-1,1,73,91,6507,16065
TGATCTATCACACTCT-1,1,72,92,6394,15867
TAGCAGATACTTAGGG-1,0,73,93,6281,16064
CACCGGGCATCACAAG-1,0,72,94,6168,15867
AGTGGCCCGCAAATGG-1,0,73,95,6054,16063
CTCGCTAGGTAAGCGA-1,0,72,96,5942,15866
GATAGATAGTACAGTC-1,0,73,97,5828,16063
CGAGACTACTGCTGCT-1,0,72,98,5715,15865
ACATTTGAAACCTAAC-1,0,73,99,5601,16062
GACACAGCCGGGACTG-1,0,72,100,5489,15865
ACGGAACACGAGTGCC-1,0,73,101,5375,16061
ACGCCAGTGCGTTTGC-1,0,72,102,5262,15864
GCACCTAGGCGAGTCC-1,0,73,103,5148,16061
TCACTATCCCTTCGGT-1,0,72,104,5036,15863
TGAGTGTAACAACGGG-1,0,73,105,4922,16060
ATTGGTTGTGCATTAC-1,0,72,106,4809,15863
CTGGCGATTTACATGT-1,0,73,107,4695,16060
TCCACCAAGACATAGG-1,0,72,108,4583,15862
AACGTCGCTGCACTTC-1,0,73,109,4469,16059
GTCTCCCGAGTCCCGT-1,0,72,110,4356,15862
AGCCCGCACTACAATG-1,0,73,111,4242,16058
GGCACGCTGCTACAGT-1,0,72,112,4130,15861
GCTTGAGTGACCTCTG-1,0,73,113,4016,16058
ATAGCCATAACAGTCA-1,0,72,114,3903,15860
TAGGAGGCTCGAGAAC-1,0,73,115,3789,16057
GTCGGGTGAAGTACCG-1,0,72,116,3677,15860
CACCCGCGTTTGACAC-1,0,73,117,3563,16056
TCTCAGGCTACTCGCT-1,0,72,118,3450,15859
TAGATTCTCTAGCAAA-1,0,73,119,3337,16056
CCCATTATTGTATCCT-1,0,72,120,3224,15858
GTTAATAGCGTCATTA-1,0,73,121,3110,16055
TACTCATTGACGCATC-1,0,72,122,2997,15858
TAGTGACAAGCTCTAC-1,0,73,123,2884,16054
ATCGCCGTGGTTCATG-1,0,72,124,2771,15857
CTGCTCTCAACACACC-1,0,73,125,2657,16054
GCATGACACAAAGGAA-1,0,72,126,2544,15856
CAACGATCGATCCAAT-1,0,73,127,2431,16053
ATACAGCGTCCACTGA-1,0,74,0,16811,16291
TCACGATTAATACGTT-1,0,75,1,16697,16488
CGTGAACTGACCCGAT-1,0,74,2,16585,16290
TCGATGTTACGGCCGT-1,0,75,3,16471,16487
GACCGGTGATACTCTC-1,0,74,4,16358,16290
TCTGTTTAGATTGTTC-1,0,75,5,16244,16486
GCTACTCGGACGCAGA-1,0,74,6,16132,16289
AAGAAAGTTTGATGGG-1,0,75,7,16018,16486
CGCCAGTAGTACCTTG-1,0,74,8,15905,16288
CTCCCTTGTATCAAGG-1,0,75,9,15791,16485
ACTTTATACACCACTT-1,0,74,10,15679,16288
AGATCTGGAGAGGATA-1,0,75,11,15565,16484
TCATCCATCTGATCAC-1,0,74,12,15452,16287
AGAACACGGCGATGGT-1,0,75,13,15338,16484
CCGCTCCGGATAAGCT-1,0,74,14,15226,16286
TGGTCGGGTACAGGGC-1,0,75,15,15112,16483
ACGGACGCAGCGACAA-1,0,74,16,14999,16286
ACATGCTTACGGCAGC-1,0,75,17,14885,16483
CAGGGAGATAGGCCAG-1,0,74,18,14773,16285
TCGCCACCCGGATTAC-1,0,75,19,14659,16482
TCTTGGTCAATGATAC-1,0,74,20,14546,16285
CATAGGGACACTTGTG-1,0,75,21,14433,16481
CACGAGCAAACCAGAC-1,0,74,22,14320,16284
GGGATATTGATCGCCA-1,0,75,23,14206,16481
TAATGTCGGTTCATGG-1,0,74,24,14093,16283
CGATTTGTCATTAATG-1,0,75,25,13980,16480
TTAAGATACCCAGAGA-1,0,74,26,13867,16283
CGACCGTTGGTATTCG-1,0,75,27,13753,16479
ACTACCATCCGAGGGC-1,0,74,28,13640,16282
TCTACGCACGATCTCC-1,0,75,29,13527,16479
AAGCCACTTGCAGGTA-1,0,74,30,13414,16281
ACGTTGTCGTTGAAAG-1,0,75,31,13300,16478
ACCGCTAGTCATTGGT-1,0,74,32,13187,16281
CATGAGTCCATCACGG-1,0,75,33,13074,16477
ATGTCTTGTTTGACTC-1,0,74,34,12961,16280
TCCCAAACATCCTCTA-1,0,75,35,12847,16477
CAACGCGATGAGCCAA-1,0,74,36,12735,16279
GACACCCAAAGACGCG-1,0,75,37,12621,16476
ACGTTCACTATGCCGC-1,0,74,38,12508,16279
ATGGACTGCTTAGTTG-1,0,75,39,12394,16475
CCATGGCAAACGCTCA-1,0,74,40,12282,16278
TTGTCTCGGCAAGATG-1,0,75,41,12168,16475
TTCGAACGAAACATGC-1,0,74,42,12055,16277
GGAAAGTCTTGATTGT-1,0,75,43,11941,16474
ATCATAGATCGACGAG-1,0,74,44,11829,16277
GATTAGAAACAAGCGT-1,0,75,45,11715,16474
GCTGCGAAGAATTATT-1,0,74,46,11602,16276
TTCCAGTGGGTTTCGT-1,0,75,47,11488,16473
GCTCATTGATCATATC-1,0,74,48,11376,16276
ATACGAGGTTTGTAAG-1,0,75,49,11262,16472
GTCTATACACGCATGG-1,0,74,50,11149,16275
GATTTGCGCTAACACC-1,0,75,51,11035,16472
TGGTGCCCTGCCTTAC-1,0,74,52,10923,16274
TCGAATCGCAGGGTAG-1,0,75,53,10809,16471
GGTAGGCCAATATCAC-1,0,74,54,10696,16274
CGTAAATAACAAAGGG-1,0,75,55,10583,16470
GACTCTAGAGTTCCAA-1,0,74,56,10470,16273
ACTTGTTACCGGATCA-1,0,75,57,10356,16470
GGCATTGAACATCTCA-1,0,74,58,10243,16272
AACCCGCTGTATTCCA-1,0,75,59,10130,16469
TAACAGGTTCCCTTAG-1,0,74,60,10017,16272
GTTCTTGTAACTCAAT-1,0,75,61,9903,16468
GATTCTGTTAATGAGT-1,0,74,62,9790,16271
GGACACCTCGGTGTTG-1,0,75,63,9677,16468
CGATCGAGAAGCACCA-1,0,74,64,9564,16270
CTGCTCTGACGGCAAA-1,0,75,65,9450,16467
CCCAGGAAGAATTCGA-1,0,74,66,9337,16270
TGTCGTGGGTATAGGC-1,0,75,67,9224,16466
ATATGTCTAGAGCGTG-1,0,74,68,9111,16269
GCGGGCAGACGGGTGA-1,0,75,69,8997,16466
CGAAGATCAGTTTCAT-1,0,74,70,8885,16268
ACGCCACTCGAAACAG-1,0,75,71,8771,16465
CTTAGATGTTTCATCC-1,0,74,72,8658,16268
GCGAATGGACTAGCGA-1,0,75,73,8544,16465
TAAATTGTGGGTAAAG-1,0,74,74,8432,16267
ATTTATACTGGTAAAG-1,0,75,75,8318,16464
GCGTCGTAACATGGTC-1,0,74,76,8205,16267
CGGTATGGGCACTCTG-1,0,75,77,8091,16463
CTATCACAACGCTGGA-1,0,74,78,7979,16266
ACCACACGGTTGATGG-1,0,75,79,7865,16463
TCAGCGCACGCCGTTT-1,0,74,80,7752,16265
AATGTTAAGACCCTGA-1,0,75,81,7638,16462
CTTACATAGATTTCTT-1,1,74,82,7526,16265
AACATAGCGTGTATCG-1,1,75,83,7412,16461
AGCAGTCGAAGCATGC-1,1,74,84,7299,16264
GTACTACGGCCTCGTT-1,1,75,85,7185,16461
TTGGCCAAATTGTATC-1,1,74,86,7073,16263
TCAGAGGACGCGTTAG-1,0,75,87,6959,16460
AGTAATCTAAGGGTGG-1,1,74,88,6846,16263
AATTATACCCAGCAAG-1,0,75,89,6732,16459
CCCTACCCACACCCAG-1,0,74,90,6620,16262
CTCTGTCCATGCACCA-1,0,75,91,6506,16459
TCGCCTCCTTCGGCTC-1,0,74,92,6393,16261
CCTGATTCGCGAAGAA-1,0,75,93,6280,16458
GACTTCAACGCATCAA-1,0,74,94,6167,16261
GCTTCCCGTAAGCTCC-1,0,75,95,6053,16457
AGAACTGTACTTTGTA-1,0,74,96,5940,16260
CCTTAAGTACGCAATT-1,0,75,97,5827,16457
GGCCAATTGTATAGAC-1,0,74,98,5714,16259
AGAATACAGGCTATCC-1,0,75,99,5600,16456
AATACCTGATGTGAAC-1,0,74,100,5487,16259
TAGAGTGTTCCGGGTA-1,0,75,101,5374,16456
GCTTCCATGTAACCGC-1,0,74,102,5261,16258
GGTTCGCATTTGCCGT-1,0,75,103,5147,16455
TCAATCCGGGAAGTTT-1,0,74,104,5035,16258
CCGGAAGTGCAATATG-1,0,75,105,4921,16454
CTCATAAATGTGTATA-1,0,74,106,4808,16257
GACGGGCATCGAATTT-1,0,75,107,4694,16454
GCTAAGCCCAGTATGC-1,0,74,108,4582,16256
GCTATAAGGGCCAGGA-1,0,75,109,4468,16453
GCGGATTACTTGTTCT-1,0,74,110,4355,16256
TACAACAGCGCATACA-1,0,75,111,4241,16452
TCTAACCTAGCCTGCG-1,0,74,112,4129,16255
TCTACCCGCATCATTT-1,0,75,113,4015,16452
GTCTTACCACGCCAAG-1,0,74,114,3902,16254
AATAACGTCGCGCCCA-1,0,75,115,3788,16451
CGTTTCGGTTATATGC-1,0,74,116,3676,16254
TACGCTGCACGGTCGT-1,0,75,117,3562,16450
CGTTAAATACGACCAG-1,0,74,118,3449,16253
TCGACTGACGATGGCT-1,0,75,119,3335,16450
ACGCTACTGAATGGGC-1,0,74,120,3223,16252
AAGGGTTAGCCATGCG-1,0,75,121,3109,16449
ACGTTTCGGTGCACTT-1,0,74,122,2996,16252
TTAACCCGAGGCGTGT-1,0,75,123,2882,16448
GCCCGTCAAGCCCAAT-1,0,74,124,2770,16251
ATTCGTCCCGAGGTTA-1,0,75,125,2656,16448
TCAAATTATGTTCGAC-1,0,74,126,2543,16250
AACGTTCTACCATTGT-1,0,75,127,2430,16447
CTGTCCTGCGCACTAC-1,0,76,0,16810,16685
GCCCAGCGACACAAAG-1,0,77,1,16696,16882
TATAGCTATTATCTCT-1,0,76,2,16583,16684
AAGCTATGGATTGACC-1,0,77,3,16470,16881
CCGAAACACGACCTCT-1,0,76,4,16357,16684
ATCAGAAGCTGGTTGC-1,0,77,5,16243,16880
TGAACCTGAATGTGAG-1,0,76,6,16130,16683
TCAGAGCATGTCAACG-1,0,77,7,16017,16880
ATACCCTCCCGGCCAA-1,0,76,8,15904,16682
GCCACCTTATTCGCGA-1,0,77,9,15790,16879
CAACGAGCTTATTATG-1,0,76,10,15678,16682
GATCCAACCTTTAAAC-1,0,77,11,15564,16878
TTGTGGAGACAGCCGG-1,0,76,12,15451,16681
AGATAATCACACCTAT-1,0,77,13,15337,16878
GGTTAGGGATGCTAAT-1,0,76,14,15225,16680
TCATGAAGCGCTGCAT-1,0,77,15,15111,16877
CCAGGCGAGATGGTCT-1,0,76,16,14998,16680
CGACTTGCCGGGAAAT-1,0,77,17,14884,16877
GTGCCAAACGTTTCGA-1,0,76,18,14772,16679
TGCTCAAAGGATGCAC-1,0,77,19,14658,16876
GCCTCAGGTACCGGTC-1,0,76,20,14545,16679
ACAAGTAATTGTAAGG-1,0,77,21,14431,16875
TTAGAGTATTGTCGAG-1,0,76,22,14319,16678
GTCATCCCAAACTCAC-1,0,77,23,14205,16875
CTCCTAGTAATCGTGA-1,0,76,24,14092,16677
CCCTCATCACAGAGTA-1,0,77,25,13978,16874
GGAAACAGAGCTTGGG-1,0,76,26,13866,16677
ACATCGCAATATTCGG-1,0,77,27,13752,16873
TTAGCCATAGGGCTCG-1,0,76,28,13639,16676
CGGATTCTGCCTTATG-1,0,77,29,13526,16873
TTGTTGGCAATGACTG-1,0,76,30,13413,16675
GGATCTACCGTTCGTC-1,0,77,31,13299,16872
GGTGGGATTAGGTCCC-1,0,76,32,13186,16675
AATAGGCACGACCCTT-1,0,77,33,13073,16871
GAGGTCCGTTCGCTGT-1,0,76,34,12960,16674
TGACAACTTAAAGGTG-1,0,77,35,12846,16871
AGCTAAGCTCCGTCCG-1,0,76,36,12733,16673
CTAGCCCGGGAGACGA-1,0,77,37,12620,16870
CCCAGATTCCCGTGAC-1,0,76,38,12507,16673
GCCCGTTCACACAATT-1,0,77,39,12393,16870
ACAAACTCCATCAGAG-1,0,76,40,12280,16672
GGTTCCGTACGACTAA-1,0,77,41,12167,16869
TTGCGGAAAGCTGCCC-1,0,76,42,12054,16672
GGAACTCGTGAATACG-1,0,77,43,11940,16868
GGTTACCGCTCCCTAC-1,0,76,44,11828,16671
AGCGACTTTGAAGACA-1,0,77,45,11714,16868
CCGTTTCCTTTCCGTG-1,0,76,46,11601,16670
TGGATGGCATCTTGGA-1,0,77,47,11487,16867
CAAGTCGTTGAAATCT-1,0,76,48,11375,16670
TGCAAACGTACTAGTT-1,0,77,49,11261,16866
GGCTGTCCTACTGCGG-1,0,76,50,11148,16669
TACTGCATGATTAAAT-1,0,77,51,11034,16866
CGGACCTCTGTAGTTA-1,0,76,52,10922,16668
CCCTAGCTCTAAGGTC-1,0,77,53,10808,16865
GTAACAGGTTAACGGC-1,0,76,54,10695,16668
CCCGCAAATAATCATC-1,0,77,55,10581,16864
AATCCCGCTCAGAGCC-1,0,76,56,10469,16667
AACGTCATCCGGCTTG-1,0,77,57,10355,16864
CTCGTGGCACTGAAAG-1,0,76,58,10242,16666
CTTTATCCGACGCATG-1,0,77,59,10128,16863
AAATGACTGATCAAAC-1,0,76,60,10016,16666
TTCGTGCATGTTATAG-1,0,77,61,9902,16862
ATCAAAGAGCCGTGGT-1,0,76,62,9789,16665
ATGTCATAATAAACGA-1,0,77,63,9676,16862
CTTAATCGACTTAGTA-1,0,76,64,9563,16664
CTAAAGGATGAGATAC-1,0,77,65,9449,16861
GTGCTATCCAGCTGGA-1,0,76,66,9336,16664
GACAGAGGTCTTCAGT-1,0,77,67,9223,16861
TCGATTTACGAAACGA-1,0,76,68,9110,16663
AGGCTTAAGTTGCACA-1,0,77,69,8996,16860
TAGGATCTTAACCGCA-1,0,76,70,8883,16663
GACTTTCGAGCGGTTC-1,0,77,71,8770,16859
CCCTGGGAGGGATCCT-1,0,76,72,8657,16662
TAGTAGTTGCCGGACA-1,0,77,73,8543,16859
GCCCTAAGTGCAGGAT-1,0,76,74,8430,16661
ACTTGGGCTTTCGCCA-1,0,77,75,8317,16858
CATGATACGGTGAAAC-1,0,76,76,8204,16661
TCCTGCAGCCGCCAAT-1,0,77,77,8090,16857
GTCCGTTAGAGGGCCT-1,0,76,78,7978,16660
GCTTTATTAAGTTACC-1,0,77,79,7864,16857
AATCGAGGTCTCAAGG-1,0,76,80,7751,16659
GTGCTGTTAGAACATA-1,0,77,81,7637,16856
GGCTTCTCGTGGGTGG-1,0,76,82,7525,16659
CCTACAGTTGAGGGAG-1,0,77,83,7411,16855
TATCCCTCGATCTGCA-1,0,76,84,7298,16658
CCGGTATCTGGCGACT-1,0,77,85,7184,16855
CTCTAACACCGGCAGC-1,0,76,86,7072,16657
CTTCATCACCAGGGCT-1,0,77,87,6958,16854
GGCTGGCAATCCCACG-1,0,76,88,6845,16657
CAAACCATAAGCGTAT-1,0,77,89,6731,16853
CATGTGGGCTCATCAC-1,0,76,90,6619,16656
CCCGTGACAGTGCCTT-1,0,77,91,6505,16853
GATTATCTTGCATTAT-1,0,76,92,6392,16655
GAGTCCACCAGGTTTA-1,0,77,93,6278,16852
TGTACTATCGCTCGTT-1,0,76,94,6166,16655
TTAGCGAATAGATAGG-1,0,77,95,6052,16852
ACATACAATCAAGCGG-1,0,76,96,5939,16654
ATTCGTGTACCCATTC-1,0,77,97,5825,16851
GCTAGCAACGCACCTA-1,0,76,98,5713,16654
ACCTCAGCGAGGCGCA-1,0,77,99,5599,16850
TCCGGGCCACTAACGG-1,0,76,100,5486,16653
TCCCAATATCGACGAC-1,0,77,101,5373,16850
GGATTGAAGTAGCCTC-1,0,76,102,5260,16652
GGCGCACAGTTTACCT-1,0,77,103,5146,16849
CCCGGCACGTGTCAGG-1,0,76,104,5033,16652
AGTAAGGGACAGAATC-1,0,77,105,4920,16848
TTGCGCACAACCACGT-1,0,76,106,4807,16651
CCTGCTACAACCATAC-1,0,77,107,4693,16848
CTGGGCTACTGGAGAG-1,0,76,108,4580,16650
AGCTACGAATGGTGGT-1,0,77,109,4467,16847
ATTCGTTTATCGTATT-1,0,76,110,4354,16650
GGCATTCCCTCCCTCG-1,0,77,111,4240,16846
AGTTATTCAGACTGTG-1,0,76,112,4128,16649
CCACTTTCCTTCTAGG-1,0,77,113,4014,16846
CGCAGTTCTATCTTTC-1,0,76,114,3901,16648
AGGAGCGTTTATTATC-1,0,77,115,3787,16845
GACAGGTAATCCGTGT-1,0,76,116,3675,16648
TTCCCAAAGTACTGAT-1,0,77,117,3561,16844
CTGCAGGGTGACGCTC-1,0,76,118,3448,16647
TCATGGAGGCCTTTGT-1,0,77,119,3334,16844
ATGGCCCGAAAGGTTA-1,0,76,120,3222,16646
CGTAATATGGCCCTTG-1,0,77,121,3108,16843
AGAGTCTTAATGAAAG-1,0,76,122,2995,16646
GAACGTTTGTATCCAC-1,0,77,123,2881,16843
ATTGAATTCCCTGTAG-1,0,76,124,2769,16645
TACCTCACCAATTGTA-1,0,77,125,2655,16842
AGTCGAATTAGCGTAA-1,0,76,126,2542,16645
TTGAAGTGCATCTACA-1,0,77,127,2428,16841
