ACGCCTGACACGCGCT-1,0,0,0,1843,2257
TACCGATCCAACACTT-1,0,1,1,2095,2403
ATTAAAGCGGACGAGC-1,0,0,2,1842,2548
GATAAGGGACGATTAG-1,0,1,3,2095,2693
GTGCAAATCACCAATA-1,0,0,4,1842,2838
TGTTGGCTGGCGGAAG-1,0,1,5,2095,2983
GCATCCTCTCCTATTA-1,0,0,6,1842,3128
GCGAGGGACTGCTAGA-1,0,1,7,2094,3273
TGGTACCGGCACAGCC-1,0,0,8,1842,3418
GCGCGTTTAAATCGTA-1,0,1,9,2094,3564
TGCCTTGCCCTTACGG-1,0,0,10,1841,3709
GACGACTTTCCAAGAA-1,0,1,11,2094,3854
CCAGTGAGCTCCTTGT-1,0,0,12,1841,3999
ATACCCTGGCTCAAAT-1,0,1,13,2094,4144
GGGTTTCCGGCTTCCA-1,0,0,14,1841,4289
TAACCGTCCAGTTCAT-1,0,1,15,2093,4434
AAACAACGAATAGTTC-1,0,0,16,1841,4579
CAAGGGAGTGTATTTG-1,0,1,17,2093,4725
CCAAGCTTGATCTCCT-1,0,0,18,1840,4870
TTATTTCATCCCAAAC-1,0,1,19,2093,5015
GAGCGCTATGTCAGGC-1,0,0,20,1840,5160
TATGGCAGACTTTCGA-1,0,1,21,2092,5305
CTTCGTGCCCGCATCG-1,0,0,22,1840,5450
AAACGGGTTGGTATCC-1,0,1,23,2092,5595
TGCAAACCCACATCAA-1,0,0,24,1840,5740
GACGGGATGTCTTATG-1,0,1,25,2092,5886
GGCGAGCATCGAGGAC-1,0,0,26,1839,6031
CGCGTGCTATCAACGA-1,0,1,27,2092,6176
TGAAACCTCAACTCAC-1,0,0,28,1839,6321
CACATAAGGCGACCGT-1,0,1,29,2091,6466
TGACCCAACTCACATT-1,0,0,30,1839,6611
ATACGCCGATCTACCG-1,0,1,31,2091,6756
ACTTATCTGATCTATA-1,0,0,32,1839,6901
GTGTGAGCCGAGGTGC-1,0,1,33,2091,7047
GATGATTTGAAACTGG-1,0,0,34,1838,7192
GGGAACCACCTGTTTC-1,0,1,35,2091,7337
GTTCGTTGCGGACCAG-1,0,0,36,1838,7482
TGAGGTTGATCCCAAG-1,0,1,37,2090,7627
GATGCCACACTACAGC-1,0,0,38,1838,7772
AGGCAAAGAGGAATCA-1,0,1,39,2090,7917
AAGTAAGCTTCCAAAC-1,0,0,40,1837,8062
AACGTAGTCTACCCAT-1,0,1,41,2090,8208
GTTTGAGCGGTTATGT-1,0,0,42,1837,8353
GAAGCAAGGCAATGTT-1,1,1,43,2090,8498
TCACTCAGCGCATTAG-1,0,0,44,1837,8643
TACAATGAAACCAGCA-1,0,1,45,2089,8788
GTGCGCTTACAAATGA-1,0,0,46,1837,8933
GCACTCCCACAGTCCC-1,0,1,47,2089,9078
CGAAGACTGCCCGGGA-1,0,0,48,1836,9223
CAGGATCCGCCCGACC-1,0,1,49,2089,9369
CACGATTGGTCGTTAA-1,0,0,50,1836,9514
GGTTGTATCGTGAAAT-1,0,1,51,2089,9659
TCTTATGGGTAGTACC-1,0,0,52,1836,9804
TACAAGCTGTTCACTG-1,0,1,53,2088,9949
GTATCTTGTTGCTCAC-1,0,0,54,1836,10094
ATACCAGGTGAGCGAT-1,0,1,55,2088,10239
CCTAAACAGGGTCCGT-1,0,0,56,1835,10384
ATGGTGCTCAAAGCCA-1,0,1,57,2088,10530
CAAATGCGGAGTGTTC-1,0,0,58,1835,10675
CGTGCCCGACATTTGT-1,0,1,59,2088,10820
GTATCTCCCTAACTGT-1,0,0,60,1835,10965
ATTTGCCTAGTTACGA-1,0,1,61,2087,11110
ACGTCCTAAACGAGAT-1,0,0,62,1835,11255
CTGGGATCGCCCAGAT-1,0,1,63,2087,11400
CTGCAAATGGGCTCCA-1,0,0,64,1834,11545
CATTATAACAGGGTCC-1,0,1,65,2087,11691
ACCTTTCCTTTAGAAG-1,0,0,66,1834,11836
ATAGATTTGCAGTCGG-1,0,1,67,2087,11981
CTCGGGCATCGTCGGG-1,0,0,68,1834,12126
GTGGCGGGCCGTAGCT-1,0,1,69,2086,12271
CAACAGTGCCAAACGG-1,0,0,70,1834,12416
TGCGGGTATTGGGATC-1,0,1,71,2086,12561
GTCTCGCCAACACGCC-1,0,0,72,1833,12706
CTGGGCGGCCAAATGT-1,0,1,73,2086,12852
TAAAGGAGAAACTAGT-1,1,0,74,1833,12997
TCCCACGGAGGGAGCT-1,0,1,75,2085,13142
AGCTTCAATACTTTGA-1,1,0,76,1833,13287
TTCCACATTTCTCGTC-1,0,1,77,2085,13432
ACAAACCGACAAGGCG-1,0,0,78,1833,13577
AGACGGGATTGGTATA-1,0,1,79,2085,13722
AACCTAAAGCCGTCCG-1,0,0,80,1832,13867
TACAAATTGCGGAGGT-1,0,1,81,2085,14013
CCCGCTAGAGGGTTAA-1,0,0,82,1832,14158
CATTGCAAAGCATAAT-1,0,1,83,2084,14303
TGTACGCTATCAGCTT-1,1,0,84,1832,14448
TTCTTCGCAATAGAGC-1,1,1,85,2084,14593
TGTGATTCCAGCGCTT-1,0,0,86,1832,14738
ATTCAGGATCGCCTCT-1,1,1,87,2084,14883
GCCCATGGGTGCAATG-1,1,0,88,1831,15028
TTCCCGACGCTTCACT-1,1,1,89,2084,15174
AGCGGTTGAGATGTAC-1,1,0,90,1831,15319
GCTGTCTGTGATCGAC-1,0,1,91,2083,15464
AAAGACATGAAGTTTA-1,1,0,92,1831,15609
CAACAGAATAACGCTA-1,0,1,93,2083,15754
TGCGGTCTACGAGTAA-1,0,0,94,1830,15899
AAGACTCACGCCCACT-1,0,1,95,2083,16044
CTTTGAAACATATTCC-1,0,0,96,1830,16189
CTGGGCACTAGTCGGA-1,0,1,97,2083,16335
CGCCCTTACATCCACC-1,0,0,98,1830,16480
CACGACCACAGACTTT-1,0,1,99,2082,16625
CAATCCATTATCCGTT-1,0,0,100,1830,16770
GTGGCGTGCACCAGAG-1,0,1,101,2082,16915
CGGAGTCCTAACCTGG-1,0,0,102,1829,17060
GGTCCCATAACATAGA-1,0,1,103,2082,17205
ATCTCATAAACCTACC-1,0,0,104,1829,17350
TGCATGGCAGTCTTGC-1,0,1,105,2082,17496
TTGCAGGTCATGAAGT-1,0,0,106,1829,17641
AGCTGCATTTGAGGTG-1,0,1,107,2081,17786
TAATCAGGAATGCTGC-1,0,0,108,1829,17931
CCATCATAAGAACAGG-1,0,1,109,2081,18076
TCGTATCACCAAGCTA-1,0,0,110,1828,18221
ATTCAGATGAATCCCT-1,0,1,111,2081,18367
AAAGGTCAACGACATG-1,0,0,112,1828,18511
AGCTGCTGTGCCGAAT-1,0,1,113,2081,18657
CTAGCGCCAATCCTAC-1,0,0,114,1828,18802
GCTCGACCGAACTGAA-1,0,1,115,2080,18947
ACAGTGCAGCGCATTT-1,0,0,116,1828,19092
CGGCTGAAGGTTACGC-1,0,1,117,2080,19237
CACCTCTACGAGTGTG-1,0,0,118,1827,19382
ATACGACAGATGGGTA-1,0,1,119,2080,19528
ACTTCCTGTCGTGCGA-1,0,0,120,1827,19672
CGTAACGGAACGATCA-1,0,1,121,2080,19818
AAATCACTCCTAAACG-1,0,0,122,1827,19963
CTCCGAGTAAATCCGC-1,0,1,123,2079,20108
ACGCTAGTATCAGTGC-1,0,0,124,1827,20253
AGAGTGAACAGACACC-1,0,1,125,2079,20398
ACACCCGTAAATCTGT-1,0,0,126,1826,20543
GCTTTGCTGCCGGGTA-1,0,1,127,2079,20689
ACAGGAGGCGCAGCCG-1,0,2,0,2348,2258
AGGCAATACGGAGGAC-1,0,3,1,2600,2403
TGGTGTGACAGACGAT-1,0,2,2,2347,2548
ATCTATCGATGATCAA-1,0,3,3,2600,2693
CGGTAACAAGATACAT-1,0,2,4,2347,2838
TCGCCGGAGAGTCTTA-1,0,3,5,2600,2984
GGAGGAGTGTGTTTAT-1,0,2,6,2347,3129
TTAGGTGTGACTGGTC-1,0,3,7,2599,3274
CAGGGCTAACGAAACC-1,0,2,8,2347,3419
CCCGTGGGTTAATTGA-1,0,3,9,2599,3564
GACCGACCGCTAATAT-1,0,2,10,2346,3709
GGTATCAAGCATAGAA-1,0,3,11,2599,3854
TGCATGAGTAGATTCG-1,0,2,12,2346,3999
AATTCCAACTTGGTGA-1,0,3,13,2599,4145
TGCCGATGTCATCAAT-1,0,2,14,2346,4290
GCTGGGTCCGCTGTTA-1,0,3,15,2598,4435
TGAACACCCGAAGCAG-1,0,2,16,2346,4580
AACATTGGTCAGCCGT-1,0,3,17,2598,4725
GTGGGTCTTCTTTGCG-1,0,2,18,2345,4870
CATCGAATGGATCTCT-1,0,3,19,2598,5015
GCTACACTGTCCGAAC-1,0,2,20,2345,5160
CGGGTTGTAGCTTTGG-1,0,3,21,2598,5306
CCTAAGTGTCTAACCG-1,0,2,22,2345,5451
TCTGTGACTGACCGTT-1,0,3,23,2597,5596
TTATCATACTCGCAAA-1,0,2,24,2345,5741
AGCGTAGCGCTAGACC-1,0,3,25,2597,5886
TCCCTCCGAAATCGTT-1,0,2,26,2344,6031
AGGTCGCCACTTCGGT-1,0,3,27,2597,6176
CTAGCAACTAATTTAC-1,0,2,28,2344,6321
TTGCTAGCTACCAATC-1,0,3,29,2596,6467
GCCGGTTTGGGCGGAT-1,0,2,30,2344,6612
TGTAACTTGTCAACCT-1,0,3,31,2596,6757
CGAGATGTTGCCTATA-1,0,2,32,2344,6902
GTTACGAAATCCACGC-1,0,3,33,2596,7047
CTTGTCGTACGTGTCA-1,0,2,34,2343,7192
GCGTCCAGCTCGTGGC-1,0,3,35,2596,7337
CCCTTCTCGTACGCGA-1,0,2,36,2343,7482
CCAAAGTCCCGCTAAC-1,0,3,37,2595,7628
CCGCTTCGCGGTTAAC-1,0,2,38,2343,7773
GTTACGGCCCGACTGC-1,0,3,39,2595,7918
CCCGCTTGCCCTCGTC-1,0,2,40,2343,8063
TAGTGAGAAGTGGTTG-1,1,3,41,2595,8208
CGCTACCGCCCTATGA-1,1,2,42,2342,8353
AAACAATCTACTAGCA-1,1,3,43,2595,8498
GCGCGATGGGTCAAGT-1,0,2,44,2342,8643
ATAAACCATTGGACGG-1,0,3,45,2594,8789
TCGGGCACTTCTGGAT-1,0,2,46,2342,8934
TCTGTGGCTACATTTC-1,0,3,47,2594,9079
CTCTGTGCCTGCTATG-1,0,2,48,2341,9224
CACGACTAAAGTTCTG-1,0,3,49,2594,9369
GAGGAGTAATTCCTAC-1,0,2,50,2341,9514
AGAGGTATCTCGGTCC-1,0,3,51,2594,9659
GGCGTACCCTATATAA-1,0,2,52,2341,9804
GCCGGAAACACATCTT-1,0,3,53,2593,9950
AAATGTGGGTGCTCCT-1,0,2,54,2341,10095
ACCAGGAGTGTGATCT-1,0,3,55,2593,10240
TGTGGAGGAAGCTTAA-1,0,2,56,2340,10385
AAGGAGAACTTATAAG-1,0,3,57,2593,10530
CCCTCGGGAGCCTTGT-1,0,2,58,2340,10675
ACTGTTTAGTGTAGGC-1,0,3,59,2593,10820
CGTCAGTTTATCGTCT-1,0,2,60,2340,10965
GCGTGTATGTCGTATT-1,0,3,61,2592,11111
ACAATCGATCTTTATA-1,0,2,62,2340,11256
CAGCCCTCACAGGCAG-1,1,3,63,2592,11401
CGCGTCATATTAAACC-1,0,2,64,2339,11546
GAAGACTTCAATGCCG-1,0,3,65,2592,11691
TTGCGGCGACTCATGC-1,0,2,66,2339,11836
ACCAAACTAGAAATCC-1,0,3,67,2592,11981
TTACTGTTTCTCTACG-1,0,2,68,2339,12126
GACCAGGTCATTCATA-1,0,3,69,2591,12272
TTCTTCCCTTTGATAT-1,0,2,70,2339,12417
ACGCCCAGCTGTCGAT-1,0,3,71,2591,12562
AGTAGCGTGAACGAAC-1,0,2,72,2338,12707
CCTCGACCCACTGCCT-1,0,3,73,2591,12852
AGTTATTGAAAGGTAA-1,0,2,74,2338,12997
TCAGTTACGGAATGAT-1,0,3,75,2591,13142
GAATCTATACTCGGAC-1,0,2,76,2338,13287
TCGGCTAACTTCCCTT-1,0,3,77,2590,13433
ACGTGGTCGAATGTGC-1,1,2,78,2338,13578
ATATCGTGCCAGACCC-1,1,3,79,2590,13723
GTAGCTAGTAAGCGCG-1,1,2,80,2337,13868
ACGCTTAGTGTCTCTC-1,0,3,81,2590,14013
TCCGGCCTGCATCGAT-1,0,2,82,2337,14158
TAGTGGAACTCATACA-1,0,3,83,2589,14303
ATCATCTGCCCAGTGT-1,0,2,84,2337,14448
GTTATTAAATACGACC-1,1,3,85,2589,14594
GCGCTAAGTATGCATG-1,1,2,86,2337,14739
CCTGACGCAACCTTTA-1,1,3,87,2589,14884
CCCAAGAATGCACGGT-1,0,2,88,2336,15029
AACTGGGTTCGAGCCG-1,1,3,89,2589,15174
GGTTCCACCCGCTTCT-1,0,2,90,2336,15319
CATGCACGTGTTACTG-1,0,3,91,2588,15464
AGCGTTCCGATTTAAA-1,1,2,92,2336,15609
CCTACGCGACCTTACA-1,0,3,93,2588,15755
CGAATTACATGGTGTT-1,0,2,94,2336,15900
GAGGTCTTAGTGGGTC-1,0,3,95,2588,16045
GCCGCTAGATACGCAG-1,0,2,96,2335,16190
GTCACCTGTCTATGTC-1,0,3,97,2588,16335
CCGATTGGTCAATGAA-1,0,2,98,2335,16480
CCTGTGCGGATTGTAA-1,0,3,99,2587,16625
TTACGTAGCGCGTGCT-1,0,2,100,2335,16770
GGAGGCGAAGAACCGC-1,0,3,101,2587,16916
GGGTCACGTGCTTATG-1,0,2,102,2334,17061
GCTCCGGACGTTGATA-1,0,3,103,2587,17206
ATGTTTGTAAGATCAT-1,0,2,104,2334,17351
TGACCCAGCATTCCCG-1,0,3,105,2587,17496
TGGTCGTTTGATAGAT-1,0,2,106,2334,17641
TGTAATGCCTTCGGAC-1,0,3,107,2586,17786
TGCTCACACAACAACC-1,0,2,108,2334,17931
TACGATCCAAGCCACT-1,0,3,109,2586,18077
TTGTAACTTCATAGCG-1,0,2,110,2333,18222
AGATTCAAGCGGGTCG-1,0,3,111,2586,18367
CTCAGCAGACTGCCGA-1,0,2,112,2333,18512
GTAACATCAGCTCATC-1,0,3,113,2586,18657
ATGGAACAGAATAAAC-1,0,2,114,2333,18802
GGGCCTATACAACCGG-1,0,3,115,2585,18947
TCAAACAATTAGGACA-1,0,2,116,2333,19092
AAACCACTACACAGAT-1,0,3,117,2585,19238
AAACGACAGTCTTGCC-1,0,2,118,2332,19383
TTGAGGGTCGAACGCG-1,0,3,119,2585,19528
TGTTGATCACTGTTTA-1,0,2,120,2332,19673
AGGGTGTGCTACACGC-1,0,3,121,2585,19818
GTAGTTAGACAATATA-1,0,2,122,2332,19963
AATGGCCGCCAATGCG-1,0,3,123,2584,20108
TCGGCGGTATTAGATT-1,0,2,124,2332,20253
GGGTCACTGAGTAGTG-1,0,3,125,2584,20399
GAATTATGCAACCTAC-1,0,2,126,2331,20544
GATCTTAGTGAACGTG-1,0,3,127,2584,20689
CTAATGCGCCCAACAA-1,0,4,0,2853,2258
GCCACCCATTCCACTT-1,0,5,1,3105,2404
TACTCACAACGTAGTA-1,0,4,2,2853,2548
GTTCGGTGTGGATTTA-1,0,5,3,3105,2694
TCTTTCGGCGGGACAC-1,0,4,4,2852,2839
GGAGACATTCACGGGC-1,0,5,5,3105,2984
GGGATTATCTCACAAC-1,0,4,6,2852,3129
TAGAACGCCAGTAACG-1,0,5,7,3104,3274
ACGAGTCGCCGGCGTT-1,0,4,8,2852,3419
TGATGGGACTAAGTCA-1,0,5,9,3104,3565
TGCGAGAAACGTTACG-1,0,4,10,2851,3709
TCGCCTCGACCTGTTG-1,0,5,11,3104,3855
AACTCGATAAACACGT-1,0,4,12,2851,4000
AGGAAAGCCTCTGATG-1,0,5,13,3104,4145
GAAGGACTAAATTGAA-1,0,4,14,2851,4290
GTATCGGGACGAGCTG-1,0,5,15,3103,4435
CCTGTGCATAGGAGAC-1,0,4,16,2851,4580
CATACGGGTGCATGAT-1,0,5,17,3103,4726
CCACTAAACTGAATCG-1,0,4,18,2850,4870
AAATTGCGGCGGTTCT-1,0,5,19,3103,5016
AGTCCAGCGGGTACGT-1,0,4,20,2850,5161
CATTCAGGTCAGTGCG-1,0,5,21,3103,5306
CTAAAGTCCGAAGCTA-1,0,4,22,2850,5451
AATCAGACTGCAGGAC-1,0,5,23,3102,5596
AGTATCCATAATAACG-1,0,4,24,2850,5741
CTGGCTGCTAACGTAA-1,0,5,25,3102,5887
GTTCCAAGACAGCGAC-1,0,4,26,2849,6031
AAGACTAACCCGTTGT-1,0,5,27,3102,6177
GATTAATCCTGGCTCA-1,0,4,28,2849,6322
CGCGCAAGGAACTACA-1,0,5,29,3102,6467
CAGTAGCGAGGTAGTA-1,0,4,30,2849,6612
ACGGCGGGTTGCCCTG-1,0,5,31,3101,6757
CTAGGCGGCAGAGAAT-1,0,4,32,2849,6902
GTGCGCAGCTTGCTCC-1,0,5,33,3101,7048
TCACTATCGTGCAATC-1,0,4,34,2848,7192
TATGATTCTGCTTGGT-1,0,5,35,3101,7338
TAAGATTTAGCGGGAG-1,0,4,36,2848,7483
TTACGGTGTCACCGAG-1,0,5,37,3100,7628
CTACACTAGCTTGTTC-1,0,4,38,2848,7773
TGAGCAGTCGTGAAGT-1,0,5,39,3100,7918
CGCTGAGGACGTCCAA-1,0,4,40,2848,8063
GTGTATGACTTTAAAG-1,0,5,41,3100,8209
CTAAACGGGTGTAATC-1,0,4,42,2847,8353
TGTACTGTGCCAAAGT-1,0,5,43,3100,8499
GGCCACAAGCGATGGC-1,0,4,44,2847,8644
GTCAATTGTACTGAAG-1,0,5,45,3099,8789
AGGGACAGCACGGCGG-1,0,4,46,2847,8934
AGCTTATAGAGACCTG-1,0,5,47,3099,9079
AACTAGCGTATCGCAC-1,0,4,48,2847,9224
AACTTTAGCTGCTGAG-1,0,5,49,3099,9370
CCCAAGACAGAGTATG-1,0,4,50,2846,9515
GGCATCAACGAGCACG-1,0,5,51,3099,9660
ATGCATTCCGTGATGG-1,0,4,52,2846,9805
TTATAGATGCACATTA-1,0,5,53,3098,9950
GAACCATCTGGGAGAC-1,0,4,54,2846,10095
TGCTATACAAACGGAC-1,0,5,55,3098,10240
ACTTGCCATATTGTAC-1,0,4,56,2845,10385
TATTCCGGCAGTCCTA-1,0,5,57,3098,10531
GACGGACCGCGTTCCT-1,0,4,58,2845,10676
ATGTGTAGTTTAGTCA-1,0,5,59,3098,10821
ATACCAGCAAATTGCT-1,0,4,60,2845,10966
AAGTTTACTAATGGCA-1,0,5,61,3097,11111
CTCTCGATGTGCGCCT-1,0,4,62,2845,11256
GATTGACACTCTGCTC-1,0,5,63,3097,11401
TATCACAGCACGGGCA-1,0,4,64,2844,11546
ACCGTTCCCGCTCTGA-1,0,5,65,3097,11692
CCGCCACCACAATCCA-1,0,4,66,2844,11837
CATTCACTGACAGCTA-1,0,5,67,3097,11982
CGGCTGCAAGATTAAG-1,0,4,68,2844,12127
CATGAACCTCTTATCA-1,0,5,69,3096,12272
TTAATGCGAGGTAACT-1,0,4,70,2844,12417
AATAAGTCCTCGAGAC-1,0,5,71,3096,12562
ACCAGCCCGGTCTTTG-1,0,4,72,2843,12707
CTACGAACTAGGTCGA-1,0,5,73,3096,12853
ACATCTCAACGCGTAA-1,0,4,74,2843,12998
CACTACTCAGTTCTGT-1,0,5,75,3096,13143
CCGACTCGCATAGTCT-1,0,4,76,2843,13288
CATTTATCGTTCAAGA-1,1,5,77,3095,13433
CAAACGTGGTCTTGCG-1,0,4,78,2843,13578
TAGAAACCACTAAGTA-1,1,5,79,3095,13723
ACTGATTTAGTGATTC-1,1,4,80,2842,13868
TCGTATTTCGTCCGGA-1,0,5,81,3095,14014
CGGAAATTTCACATCC-1,0,4,82,2842,14159
ATCCACGCTAAATGTT-1,0,5,83,3095,14304
GTTCAATCTATGTCAA-1,1,4,84,2842,14449
ATAAAGGTCAAGTACG-1,1,5,85,3094,14594
CAACTCCAACGTTTAG-1,1,4,86,2842,14739
TAGGAACAGCCTCCAG-1,0,5,87,3094,14884
ATGGGAACGGAAGCGG-1,1,4,88,2841,15029
CACACGTTTCAATGGG-1,0,5,89,3094,15175
GGTGTTCTGTTTCTAC-1,1,4,90,2841,15320
AGTAACGTTCATCCTG-1,0,5,91,3093,15465
GTATAGTGGCCCATGT-1,0,4,92,2841,15610
TCTACACGTTCATGCA-1,0,5,93,3093,15755
AATCTGGGTAGACCCT-1,0,4,94,2841,15900
TCGGTTAGCCATGTAG-1,0,5,95,3093,16045
TGCCATGGCTTATAAG-1,0,4,96,2840,16190
TAAGTAAATGTGCCGC-1,0,5,97,3093,16336
GTGTCCGATAAGGCAT-1,0,4,98,2840,16481
TGGCACGAGCTCGAGT-1,0,5,99,3092,16626
ACCGGTCTGAGTACGG-1,0,4,100,2840,16771
GAACTTAGCGCCCGGT-1,0,5,101,3092,16916
AGTAGCTAGACGCCGA-1,0,4,102,2840,17061
ATAGGAATCTAAGCTT-1,0,5,103,3092,17206
CTTCCTGCATATTTAC-1,0,4,104,2839,17351
CAATATGTAGATTTAC-1,0,5,105,3092,17497
ACAAGGCCTACCAGCC-1,0,4,106,2839,17642
TTATAGTCCAAGGTGC-1,0,5,107,3091,17787
AAACGCCCGAGATCGG-1,0,4,108,2839,17932
CCTCGTTACGCCTGTT-1,0,5,109,3091,18077
GAACGGTGTAAAGCAG-1,0,4,110,2838,18222
ACGCATAAATGACATG-1,0,5,111,3091,18367
GGTTCGATGCTGAGTT-1,0,4,112,2838,18512
CTTTGGCAGACAGAGT-1,0,5,113,3091,18658
TTCGTGGGCTGGAAGC-1,0,4,114,2838,18803
CAAAGGTTAAATTCAG-1,0,5,115,3090,18948
GTTTGGCGTCAGGCAC-1,0,4,116,2838,19093
GCTTTCTATCTCAACT-1,0,5,117,3090,19238
TGCATCTCCGGATCTT-1,0,4,118,2837,19383
CTGAAACGGCCCTCAG-1,0,5,119,3090,19528
TAGCAGTAAATACGCG-1,0,4,120,2837,19673
CGGGCTACTTAAATTG-1,0,5,121,3090,19819
ATTATGCTCAGTATTG-1,0,4,122,2837,19964
TGATGCTCACGTAGTC-1,0,5,123,3089,20109
GTCTAAGATGCCCAGC-1,0,4,124,2837,20254
AACCCGATAGGGCTTC-1,0,5,125,3089,20399
CGCTATCGTGGCTTTA-1,0,4,126,2836,20544
CGTCTCTCGCCGAGGC-1,0,5,127,3089,20689
AGTGGGAGTATACACG-1,0,6,0,3358,2259
GGTCTTGGTGTTAACT-1,0,7,1,3610,2404
GGCTGGCAGCTTTATG-1,0,6,2,3358,2549
CGCCAATTATTGCGTT-1,0,7,3,3610,2694
GGTAACCGGCAAAGGT-1,0,6,4,3357,2839
TGGGACCATTGGGAGT-1,0,7,5,3610,2985
CTGCAGGTGCTCGGCC-1,0,6,6,3357,3129
CCGGTGCGAGTGATAG-1,0,7,7,3609,3275
GGGTACACTCTGGAGG-1,0,6,8,3357,3420
TAGCCAGAGGGTCCGG-1,0,7,9,3609,3565
CTTGTGAGGACAGCGG-1,0,6,10,3357,3710
GAAGGGCATAACCATG-1,0,7,11,3609,3855
CAACATGGCCTGATAA-1,0,6,12,3356,4000
CAATTTGACCGGGAAG-1,0,7,13,3609,4146
TCTGACTGTAATGGTT-1,0,6,14,3356,4290
TTCATAGCCTTGTAAC-1,0,7,15,3608,4436
TGGAAACGGAGTGAAC-1,0,6,16,3356,4581
ATCGCACGATTGTTCA-1,0,7,17,3608,4726
CGCCACCCGCATTAAC-1,0,6,18,3355,4871
TGGACCACGGCGTTGA-1,0,7,19,3608,5016
GTATATGTTACGGCGG-1,0,6,20,3355,5161
GTATTCTTACCGTGCT-1,0,7,21,3608,5307
TTCAGAGTAACCTGAC-1,0,6,22,3355,5451
GCGGTAACCCAAATGA-1,0,7,23,3607,5597
CTACGTGTTGCCACCA-1,0,6,24,3355,5742
CTAGATAAACTCCTCG-1,0,7,25,3607,5887
TCCATTAGTTGGATAG-1,0,6,26,3354,6032
CTGGCTCCTGCGGGAT-1,0,7,27,3607,6177
CAGTCTCTCGGCTAAT-1,0,6,28,3354,6322
GTATGACGTGGGAAAC-1,0,7,29,3607,6468
AGTCACTCCGCCTCAT-1,0,6,30,3354,6612
GCAGCGGTGGGCATTA-1,0,7,31,3606,6758
TATGGAGTTTCTCGTT-1,0,6,32,3354,6903
ACTCAACGAATGTATT-1,0,7,33,3606,7048
AACACGCGGCCGCGAA-1,0,6,34,3353,7193
CGATATTAGCCGCAGG-1,0,7,35,3606,7338
AGCGTCTGAACCCGCA-1,0,6,36,3353,7483
GATGTCCGGATCACAT-1,0,7,37,3606,7629
GGTCACGTTAGATTCA-1,0,6,38,3353,7773
TTAAGGATACGGAGGT-1,0,7,39,3605,7919
GTGCGGGACCATCGGC-1,0,6,40,3353,8064
CCATCTTGTTCACAAT-1,0,7,41,3605,8209
TCCGAGAAGGCTAAGC-1,0,6,42,3352,8354
TGGCGGTGTGCGATTG-1,0,7,43,3605,8499
ATCCTGCTGCAGATAG-1,0,6,44,3352,8644
TTATGCGTCCCGGTCC-1,0,7,45,3604,8790
CATAATGAGCGGGCGA-1,0,6,46,3352,8934
AGACATAGATCCTTCC-1,0,7,47,3604,9080
GGTGAAACCGGGAATG-1,0,6,48,3352,9225
AACTGGTGTGGGCCTT-1,0,7,49,3604,9370
GTAGCGCTGTTGTAGT-1,0,6,50,3351,9515
TTGTTTGTGTAAATTC-1,0,7,51,3604,9660
GGATCAAAGGACGAGG-1,0,6,52,3351,9805
CGTAGCGCCGACGTTG-1,0,7,53,3603,9951
CAAGTGAACTTTGGTT-1,0,6,54,3351,10095
GTAGACAACCGATGAA-1,0,7,55,3603,10241
CAATGGTCGGCCTGGG-1,0,6,56,3351,10386
ACAGATTAGGTTAGTG-1,0,7,57,3603,10531
GTTATCACCTTCTGAA-1,0,6,58,3350,10676
TGGTATCGGTCTGTAT-1,0,7,59,3603,10821
GGAATAACCTCAAGAA-1,0,6,60,3350,10966
ATTATCTCGACAGATC-1,0,7,61,3602,11112
CCGAGGGATGTTAGGC-1,0,6,62,3350,11256
TGAGATCAAATACTCA-1,0,7,63,3602,11402
AAACGAAGAACATACC-1,0,6,64,3349,11547
CTGGTCCTAACTTGGC-1,0,7,65,3602,11692
TGCACGAGTCGGCAGC-1,0,6,66,3349,11837
ATAGTCTTTGACGTGC-1,0,7,67,3602,11982
TGGAGCTAAAGTTCCC-1,0,6,68,3349,12127
GGGTGGTCCAGCCTGT-1,0,7,69,3601,12273
CATGCATGGAGACCCT-1,0,6,70,3349,12417
ACACGGCACTATGCAT-1,0,7,71,3601,12563
CCCTGGTATGGGCGGC-1,0,6,72,3348,12708
GGAGGATTGAAAGGAG-1,0,7,73,3601,12853
CCGCTGGTGCCATTCA-1,0,6,74,3348,12998
GTTAGAGTGTGCCGCT-1,0,7,75,3601,13143
TCGGAATGACCATCAA-1,0,6,76,3348,13288
TTCAATTAGCCATAAT-1,0,7,77,3600,13434
GATGTGTTGTCACAAG-1,1,6,78,3348,13578
TCTTTCTCTTAAGGAG-1,0,7,79,3600,13724
ACCCTTTAGTTCTCCA-1,1,6,80,3347,13869
ACCACAACTCAGAACA-1,0,7,81,3600,14014
TATGATAAATCTAACG-1,1,6,82,3347,14159
GATCCTCTTGCGCTTA-1,0,7,83,3600,14304
TTCTACCTTTATGTTG-1,1,6,84,3347,14449
GAAATACCTGCTGGCT-1,0,7,85,3599,14595
ATTCTGAGTATGAACT-1,0,6,86,3347,14739
GGATTAAGCTAAGGTC-1,0,7,87,3599,14885
AGTACGTGGCCTGTCT-1,0,6,88,3346,15030
TCAGGGTGCACGAAAC-1,0,7,89,3599,15175
AAATTTACCGAAATCC-1,0,6,90,3346,15320
TTGAGGCATTTAACTC-1,0,7,91,3599,15465
AACCAGTATCACTCTT-1,0,6,92,3346,15610
CACCGGAGATATCTCC-1,0,7,93,3598,15756
GACTGGGCGCCGCAAC-1,0,6,94,3346,15900
CACGTCTATGATGTGG-1,0,7,95,3598,16046
TTAAGACGAACGAACC-1,0,6,96,3345,16191
TGACCAGCTTCAAAGT-1,0,7,97,3598,16336
AGAGTTAGAGACCGAT-1,0,6,98,3345,16481
TTCGGACTGATGCCTT-1,0,7,99,3597,16626
CTCGAATGGAACGTAT-1,0,6,100,3345,16771
GGACGGCTTGCGCAAC-1,0,7,101,3597,16917
CTAAGTACAGGGCTAC-1,0,6,102,3345,17061
ACAAATTCAGATCTGA-1,0,7,103,3597,17207
CATGGAAATGGGACCA-1,0,6,104,3344,17352
GGTGGACCACGTGTTA-1,0,7,105,3597,17497
CACGACGTAATAGTAA-1,0,6,106,3344,17642
CGGGTTCGGCACGTAT-1,0,7,107,3596,17787
CTGGGCTATCCTTTGG-1,0,6,108,3344,17932
GTATTAGGGTTCGCGT-1,0,7,109,3596,18078
TCATTCGTATAATTTG-1,0,6,110,3344,18223
AATAGCAAGCCTCCTG-1,0,7,111,3596,18368
CATCTACCCGAGAACG-1,0,6,112,3343,18513
GCTTCAGTGGGATTAC-1,0,7,113,3596,18658
TCTGTGATGGAGGTTG-1,0,6,114,3343,18803
ATCCACTTTCAGACTA-1,0,7,115,3595,18948
ATGGTTACGAAACATG-1,0,6,116,3343,19093
GGCCCAATCTAGAGGG-1,0,7,117,3595,19239
GATGGTGAAATAACCC-1,0,6,118,3342,19384
AGAGGGACAATTGTCC-1,0,7,119,3595,19529
CGCGTACATTCTGGAA-1,0,6,120,3342,19674
CAAGAAACCCTAAACT-1,0,7,121,3595,19819
TTGGTGCGGTGTTGAA-1,0,6,122,3342,19964
GGTTCCCTAGTGTCTC-1,0,7,123,3594,20109
CGATAACCAATTTGAG-1,0,6,124,3342,20254
GCCCACTGGTCCACAA-1,0,7,125,3594,20400
GAGGGCCGGCAGAGTC-1,0,6,126,3341,20545
CGACACGGATGCCCAC-1,0,7,127,3594,20690
CTGTCTGTGGCTGGCT-1,0,8,0,3863,2259
ATATTATCCCGTATTT-1,1,9,1,4115,2404
GCGCTGGCGGAAAGTC-1,0,8,2,3863,2549
ATCTAACGTCCCTATG-1,0,9,3,4115,2695
GTCAGACAGCGTTGGA-1,0,8,4,3862,2840
GCCAGGCTTAGTGGTA-1,0,9,5,4115,2985
ATTCAAAGTACCTGTT-1,0,8,6,3862,3130
TGGACGTAGGCGAATC-1,0,9,7,4114,3275
ACACATTGACGCAACA-1,0,8,8,3862,3420
GATATCAGTATGTATC-1,0,9,9,4114,3565
TGGGCCTTGCCTGCAT-1,0,8,10,3862,3710
CAAAGTCAGGTTAGCT-1,0,9,11,4114,3856
GGATCCCTACCAGCTA-1,0,8,12,3861,4001
ATCGTCCAATCGAGTC-1,0,9,13,4114,4146
ACATGGCTCAATTTAG-1,0,8,14,3861,4291
AGGCCCAGTGACTGGT-1,0,9,15,4113,4436
GCTTCCAGCTTAGATT-1,0,8,16,3861,4581
TGCTTGAAACCATGCA-1,0,9,17,4113,4726
CAATATTGGACTAGTG-1,0,8,18,3861,4871
CGTGCTGGCCTAGTCG-1,0,9,19,4113,5017
CCTGCGATAGAACTGT-1,0,8,20,3860,5162
GGGTAATGCTGTGTTT-1,0,9,21,4113,5307
AACGCGAACGGCAACA-1,0,8,22,3860,5452
TGTCGGCATGGTGGAA-1,0,9,23,4112,5597
AGCGTACGAGAGCTAG-1,0,8,24,3860,5742
ATACTCTCGCCACTCT-1,0,9,25,4112,5887
AATCCATGCAAGGGTG-1,0,8,26,3859,6032
TTAAACAGAGTCCCGC-1,0,9,27,4112,6178
CCACAGCTGAAATCAT-1,0,8,28,3859,6323
CGGTTCCGGCTTCTTG-1,0,9,29,4112,6468
GACGTGAGACTCCATG-1,0,8,30,3859,6613
TCGTTGGCTCGTCAAT-1,0,9,31,4111,6758
GGTGAACGGGCTAGCC-1,0,8,32,3859,6903
GCACTGTGCAAATGTA-1,0,9,33,4111,7048
ACGAGAACCCATCACG-1,0,8,34,3858,7193
CCAGCTACGCCTCATA-1,0,9,35,4111,7339
TCCCGGTCAGGAATTT-1,0,8,36,3858,7484
TCGCATTCAATGACTT-1,0,9,37,4111,7629
CTGGTTCAACGCATCA-1,0,8,38,3858,7774
GGTGATTTCATCTTGT-1,0,9,39,4110,7919
CACCCTTTCCTCGCTC-1,0,8,40,3858,8064
CAACTTGTAGTGGGCA-1,0,9,41,4110,8210
AATATCAAGGTCGGAT-1,0,8,42,3857,8354
ACTCAGACCTGCTTCT-1,0,9,43,4110,8500
TTGGAGTCTCCCTTCT-1,0,8,44,3857,8645
GGATACTCATGAATTG-1,0,9,45,4110,8790
TGGGCACAAACAGAAC-1,0,8,46,3857,8935
GAGCCACGGTAGTAGG-1,0,9,47,4109,9080
TCGATAGGCTAGTCGC-1,0,8,48,3857,9225
TAACCGCCCGCAGTGC-1,0,9,49,4109,9371
GCCTATTTGCTACACA-1,0,8,50,3856,9515
TTGACGATTCAGCACG-1,0,9,51,4109,9661
TTAAACCGGTAGCGAC-1,0,8,52,3856,9806
ACCGAAAGGGCCCTGC-1,0,9,53,4108,9951
ACGTTCCGCGCTCCGT-1,0,8,54,3856,10096
ATACCAGGCTAATAGA-1,0,9,55,4108,10241
CGGCTTTGTATGATAA-1,0,8,56,3856,10386
CTTGACCCGAAAGATA-1,0,9,57,4108,10532
CGCAGAAACATTTGCG-1,0,8,58,3855,10676
GACCCGTCGCCGGCTA-1,0,9,59,4108,10822
AATCGGGACACTACGA-1,0,8,60,3855,10967
GTCACAAAGTTTCCAA-1,0,9,61,4107,11112
TATATTCGCGTCGATA-1,0,8,62,3855,11257
CCTCCCGACAATCCCT-1,0,9,63,4107,11402
CGACATGCGATCTTCT-1,0,8,64,3855,11547
AACACGACTGTACTGA-1,0,9,65,4107,11693
CCCAACCACACTAACA-1,0,8,66,3854,11837
CACCGCCGACCAGCGA-1,0,9,67,4107,11983
TGGTATCGCATCCCAA-1,0,8,68,3854,12128
CAGAGTGATTTAACGT-1,0,9,69,4106,12273
AACCCTGGTGGAACCA-1,0,8,70,3854,12418
GTCAGTTGTGCTCGTT-1,0,9,71,4106,12563
ATTGACGTAACTCGGT-1,0,8,72,3853,12708
GATGTCGGTCAACTGC-1,0,9,73,4106,12854
AGGGCAGCGGCGTGGT-1,0,8,74,3853,12998
ACATCGTTAACCTAGT-1,0,9,75,4106,13144
TCCATTGTGACCTCGT-1,0,8,76,3853,13289
TGTTTAATACTTCATC-1,0,9,77,4105,13434
TTGCTGGCCGGGCTTC-1,0,8,78,3853,13579
CATATTATTTGCCCTA-1,0,9,79,4105,13724
CTGCCTAGCCACCAAG-1,0,8,80,3852,13869
ACGAGATATTTGCTTA-1,0,9,81,4105,14015
GACTACAATTGCTCGT-1,0,8,82,3852,14159
AACGTGATGAAGGACA-1,0,9,83,4105,14305
ACTCTCTTATACACGA-1,0,8,84,3852,14450
CGCATCATGGCTTCAG-1,0,9,85,4104,14595
CGGCTCTTCGTCGAAC-1,0,8,86,3852,14740
ATTCTTCGTACTTATG-1,0,9,87,4104,14885
AGTGAGGGTTTCTGAC-1,0,8,88,3851,15030
GCCAGGCGTTCGCATG-1,0,9,89,4104,15176
GACTAACACAGCACCT-1,0,8,90,3851,15320
CAATGGAATCTACATA-1,0,9,91,4104,15466
GTGGTCAGCGAAGTAT-1,0,8,92,3851,15611
ATGGCTGGAAATGGCC-1,0,9,93,4103,15756
ATCAGGTCGCCATTGC-1,0,8,94,3851,15901
TATCACCATGTAAAGT-1,0,9,95,4103,16046
AGCGCTTATGGGCAAG-1,0,8,96,3850,16191
AAGCGGCGTCATGGGT-1,0,9,97,4103,16337
ACTAATACGTCAGGCG-1,0,8,98,3850,16481
GGCTGAGCATCGTAAG-1,0,9,99,4103,16627
CGGTTGGGTTCAAGTT-1,0,8,100,3850,16772
GACTGATTGGTCACAA-1,0,9,101,4102,16917
AGACGGGCCGATTTAA-1,0,8,102,3850,17062
ACCAGTGCCCGGTCAA-1,0,9,103,4102,17207
GTCCTTTAATGACTTC-1,0,8,104,3849,17352
CCTACAAGTCCGGAAT-1,0,9,105,4102,17498
GCCTGCTACACTGAGA-1,0,8,106,3849,17642
GACTCGGTCGGCGGAT-1,0,9,107,4101,17788
CTAGACATATATGTAG-1,0,8,108,3849,17933
TCGCCCAACTGACTCC-1,0,9,109,4101,18078
AAACTAACGTGGCGAC-1,0,8,110,3849,18223
AACTGAGGTCAGCGTC-1,0,9,111,4101,18368
ACAATGATTCTTCTAC-1,0,8,112,3848,18513
ATAAGTACCCGATTGT-1,0,9,113,4101,18659
ATTGGGAGTTCTGTAA-1,0,8,114,3848,18803
CGAACATAGTCAGAAA-1,0,9,115,4100,18949
TAGCTCAGATCCTAGT-1,0,8,116,3848,19094
GTGTCGTATTCACCTT-1,0,9,117,4100,19239
CTCACCGATCCAAACT-1,0,8,118,3848,19384
ATATGTGCACAAACCA-1,0,9,119,4100,19529
CAGTCCAACGCCTTCT-1,0,8,120,3847,19674
TCGTCCGGGTACACTC-1,0,9,121,4100,19820
GCAGAAACGTAATCCA-1,0,8,122,3847,19964
TTCGAGCCGGCGCTAC-1,0,9,123,4099,20110
GGAAGATAAGACTGTA-1,0,8,124,3847,20255
ATAAGCAAACACCGAG-1,0,9,125,4099,20400
GCATAAATTGAACGCC-1,0,8,126,3846,20545
CGCCGGTGTCGCAGTA-1,0,9,127,4099,20690
GACCTGGTCTGGGCGT-1,0,10,0,4368,2260
AGCCGCTTGATTAGCG-1,0,11,1,4620,2405
CCCGGCTAGGTGAGAA-1,0,10,2,4368,2550
CGAGCCGAGCACTCGA-1,0,11,3,4620,2695
TAGTGCTTGAATCCTT-1,0,10,4,4367,2840
CAACCGCACCTAGACA-1,0,11,5,4620,2985
ACCACTGTTCAAGAAG-1,0,10,6,4367,3130
AGATGCTATAACGAGC-1,0,11,7,4619,3276
AATTACTCGTACGCTC-1,0,10,8,4367,3421
CGTCAATCTTTAACAT-1,0,11,9,4619,3566
CCAAAGCAGTTGGTTG-1,0,10,10,4367,3711
CCATATTGGATCATGA-1,0,11,11,4619,3856
CGTACCGAAAGTCTAG-1,0,10,12,4366,4001
CTCGAGATCCAAAGCA-1,0,11,13,4619,4146
TGGATAGAGTAACAGA-1,0,10,14,4366,4291
TCACAGATCCTCAAAC-1,0,11,15,4618,4437
AGAGCTACGAAAGCAT-1,0,10,16,4366,4582
TGCGTGATTGGGTGTC-1,0,11,17,4618,4727
CACATGTTTGGACATG-1,0,10,18,4366,4872
TTCGCATCCGGAAGCA-1,0,11,19,4618,5017
CCCTAGTGTCAGGTGT-1,0,10,20,4365,5162
TTACCGCCTTAGGGAA-1,0,11,21,4618,5307
CCAGTCCATTATTCGA-1,0,10,22,4365,5452
CGTAAACGCTTGAGTG-1,0,11,23,4617,5598
ATTCCTTCCAGGCGGT-1,0,10,24,4365,5743
TTCCTTTCTGTGTTGC-1,0,11,25,4617,5888
AGTTGACATCGGCTGG-1,0,10,26,4365,6033
AACTCGATGGCGCAGT-1,0,11,27,4617,6178
GATAAGGCAGATGCAA-1,0,10,28,4364,6323
GGCTGGCTAGCTTAAA-1,0,11,29,4617,6468
CCTCATGCAGCTACGA-1,0,10,30,4364,6613
GACGCCTGTTGCAGGG-1,0,11,31,4616,6759
TAATTAGATGGATATG-1,0,10,32,4364,6904
GAGGGCATCGCGTATC-1,0,11,33,4616,7049
CTTGTGAGTCTTTGAC-1,0,10,34,4363,7194
TCAACACATTGGGTAA-1,0,11,35,4616,7339
ACTGTATACGCGAGCA-1,0,10,36,4363,7484
GTGAAACGTGCTCCAC-1,0,11,37,4616,7629
CGAGTGCTATAGTTCG-1,0,10,38,4363,7774
GTACTGCATGAAGCGT-1,0,11,39,4615,7920
GTAACTTGCGGCAGTC-1,0,10,40,4363,8065
GAATCGCCGGACACGG-1,0,11,41,4615,8210
GGGAGTAATGGCTGGC-1,0,10,42,4362,8355
CATGAACCGACATTTG-1,0,11,43,4615,8500
TCTGTCATACAAGAGC-1,0,10,44,4362,8645
GTCGTCAATTATAAGG-1,0,11,45,4615,8790
TAAAGAGCCCGAAACC-1,0,10,46,4362,8935
GTACTGAGGTCGTAAC-1,0,11,47,4614,9081
AAAGACCCAAGTCGCG-1,0,10,48,4362,9226
CGTCAGTGCGCACAAG-1,0,11,49,4614,9371
TGTATCCTTATTCCAT-1,0,10,50,4361,9516
ATTCTCGTCTCTTTAG-1,0,11,51,4614,9661
AAAGTCACTGATGTAA-1,0,10,52,4361,9806
TGTCTACAGTTTCTGT-1,0,11,53,4614,9951
TTAACGTCGCAAGACC-1,0,10,54,4361,10096
CTATGTCTATTGAAAC-1,0,11,55,4613,10242
TCGGGTGAAACTGCTA-1,0,10,56,4361,10387
TGTCCCGACATAGCAC-1,0,11,57,4613,10532
ACAGCATAGAGCCAGT-1,0,10,58,4360,10677
ATATTCCCACAGGTCA-1,0,11,59,4613,10822
TTGGATCGACTTCTGG-1,0,10,60,4360,10967
CACCATCGGAGGAGAC-1,0,11,61,4612,11112
TCGTTCGTTATTATGT-1,0,10,62,4360,11257
CTTAACTTCGAAGTAC-1,0,11,63,4612,11403
GCACAAGTGTCGGAAG-1,0,10,64,4360,11548
TACCAGCTAGGTTTAA-1,0,11,65,4612,11693
ACGTACAGATTTCTCT-1,0,10,66,4359,11838
AATTTGGTTCCAAAGA-1,0,11,67,4612,11983
GTAAGGATTTGTCGGA-1,0,10,68,4359,12128
CATCATCTACCCGGAC-1,0,11,69,4611,12273
ACGATGGATCCGATGC-1,0,10,70,4359,12418
CACTCAGCTCTTGAGG-1,0,11,71,4611,12564
TAGATCCGAAGTCGCA-1,0,10,72,4359,12709
TGAAACTTATGCAAGC-1,0,11,73,4611,12854
GCGATTCTGGAAGCAG-1,0,10,74,4358,12999
CAAACTATTGAGCTTC-1,0,11,75,4611,13144
TAGAATTAAGGGCAAC-1,0,10,76,4358,13289
CGAAACATAGATGGCA-1,0,11,77,4610,13434
GATGGTGCCCTAGGCA-1,0,10,78,4358,13579
CCCGCAGGGCCCAAAG-1,0,11,79,4610,13725
ACAGCGCACCCGCAGC-1,0,10,80,4358,13870
GGTAAATGTGCGTTAC-1,0,11,81,4610,14015
GTCCTTCTAGTGGGTT-1,0,10,82,4357,14160
GGAAGCTCGCTTACAG-1,0,11,83,4610,14305
CACCGATACACCGAGC-1,0,10,84,4357,14450
CAGCCGGGCCCTCTAT-1,0,11,85,4609,14595
CGGAGCTTATAACACC-1,0,10,86,4357,14740
ATTACAACTACCGGCC-1,0,11,87,4609,14886
TCCTCTGGCCCATTAG-1,0,10,88,4356,15031
CGGCACCGTTAGCGCC-1,0,11,89,4609,15176
TCGGTCCCTGACTCCA-1,0,10,90,4356,15321
TGGTTGGAGGATCCTG-1,0,11,91,4609,15466
CTGCGGTAGTCACGTG-1,0,10,92,4356,15611
GTGCCTCAGTGTACGG-1,0,11,93,4608,15756
ATCGTTCACTTTCGCC-1,0,10,94,4356,15901
ACTTACCGGGCGCGCA-1,0,11,95,4608,16047
CTAGACTGCATTTCGT-1,0,10,96,4355,16192
TTGCCGGTGATCCCTC-1,0,11,97,4608,16337
CTGTCACGCCAGGCGC-1,0,10,98,4355,16482
CGGTATAGGTATTAGC-1,0,11,99,4608,16627
CCAACGCTTGCCAGGG-1,0,10,100,4355,16772
CGTTGAGTAATTGCGT-1,0,11,101,4607,16918
TGTATTTACCTAATGC-1,0,10,102,4355,17062
TAAATGCCGTCTCATG-1,0,11,103,4607,17208
CGGTTTATGAAGGAAC-1,0,10,104,4354,17353
GCAAGATGTGTTCGCG-1,0,11,105,4607,17498
AAAGGTAAGCTGTACC-1,0,10,106,4354,17643
GTACGTCACGTATTAA-1,0,11,107,4607,17788
AGTACCTTCGAGTGCT-1,0,10,108,4354,17933
ATTGTGACTTCGCTGC-1,0,11,109,4606,18079
TGTATCAGACTGAAGC-1,0,10,110,4354,18223
GAGACCCTGCAACGCC-1,0,11,111,4606,18369
TGGGTGGGATGTCATT-1,0,10,112,4353,18514
GGCTAATGATTGAAAT-1,0,11,113,4606,18659
ATAACGTTACCTCCAC-1,0,10,114,4353,18804
TGCGAGATGGCGGCCA-1,0,11,115,4605,18949
CACACTTGTATTGCGA-1,0,10,116,4353,19094
GCTGGTGACTCGTAGT-1,0,11,117,4605,19240
CGACACCGCTTAAGGA-1,0,10,118,4353,19384
GTAACAACTGACCTTG-1,0,11,119,4605,19530
CAACTGAGGGTATGAC-1,0,10,120,4352,19675
CTAATTATGAAGCGTA-1,0,11,121,4605,19820
CCGATCTTAAGAGGCT-1,0,10,122,4352,19965
CGACTCGGTACACGGT-1,0,11,123,4604,20110
TGCTGCGTCAGAGTTA-1,0,10,124,4352,20255
AGAGTTGCAGGCCTCC-1,0,11,125,4604,20401
ACTGGCGAACCTGCGT-1,0,10,126,4352,20545
ACTAAGGACGCACACC-1,0,11,127,4604,20691
CGTCCAGATGGCTCCA-1,0,12,0,4873,2260
ACTATCGCCGGCTAAA-1,0,13,1,5125,2405
GATAGCGTACCACGCG-1,0,12,2,4873,2550
AGGACTTATAGGAGAA-1,0,13,3,5125,2696
TAGTCGGGATTCTTCG-1,0,12,4,4872,2841
ACCATTAAGGGTGTCA-1,0,13,5,5125,2986
TTAATGTGTTTGCAGG-1,0,12,6,4872,3131
TCCGCAGCCACCTAGC-1,0,13,7,5125,3276
GAGGAGATCCTCATGC-1,0,12,8,4872,3421
GGTCCTTCATACGACT-1,0,13,9,5124,3566
CCCTGTTGGCAAAGAC-1,0,12,10,4872,3711
GTGCCTAGCTATGCTT-1,0,13,11,5124,3857
GTCATCTCCTACAGCT-1,0,12,12,4871,4002
GCGAGAAACGGGAGTT-1,0,13,13,5124,4147
CGTCGCGGCGGGATTT-1,0,12,14,4871,4292
CATTGTGTGCTAGATC-1,0,13,15,5123,4437
CGCGGCAGTATTACGG-1,0,12,16,4871,4582
GAAATGGGATGTAAAC-1,0,13,17,5123,4727
CATTCCCTAAGTACAA-1,0,12,18,4871,4872
AGTTCTGCGTTGTATC-1,0,13,19,5123,5018
ACCCTATAGGACTGAG-1,0,12,20,4870,5163
TTAGATAGGTCGATAC-1,0,13,21,5123,5308
ATTGATAGCAACGAGA-1,0,12,22,4870,5453
TCTCGGCTCCAGGACT-1,0,13,23,5122,5598
CTTGAGGTTATCCCGA-1,0,12,24,4870,5743
AAGAAGGATCAGTTAG-1,0,13,25,5122,5888
GTACGACGGCGCTGCG-1,1,12,26,4870,6033
CTTATGTTGACTACCA-1,0,13,27,5122,6179
CGGCACTCAAGAAAGT-1,0,12,28,4869,6324
GTCAAAGTTTACATAG-1,1,13,29,5122,6469
CTCCTAAGTTATGTCT-1,0,12,30,4869,6614
ACTGTGCTAGTAGATC-1,0,13,31,5121,6759
GTTTGGCCGCTCAGCG-1,0,12,32,4869,6904
TTATCCAATCGAACTC-1,0,13,33,5121,7049
CCGTACCCAAGCGCCA-1,0,12,34,4869,7194
CATACAAAGCCGAACC-1,0,13,35,5121,7340
GGTCGGTAATTAGACA-1,0,12,36,4868,7485
AGCGGGAAGGGTCCAT-1,0,13,37,5121,7630
GCCCACCAAGGCTGTC-1,0,12,38,4868,7775
GTAGACGTCGTTACAT-1,0,13,39,5120,7920
GAGCATCATCCCTGGG-1,0,12,40,4868,8065
AGGTAACCTCCTATTC-1,0,13,41,5120,8210
GGTTTGAGTGCTGGAA-1,0,12,42,4867,8355
GCACTAGTCGCGCTAT-1,0,13,43,5120,8501
GGTAACTATGTATCTG-1,0,12,44,4867,8646
GCGGTCCCTAGACGCA-1,0,13,45,5120,8791
CGAGCGTTGATCAGCC-1,0,12,46,4867,8936
AATCCAAGGGCCTGAG-1,0,13,47,5119,9081
CCGTGCCCATGACGGC-1,0,12,48,4867,9226
GAAATTCACATCGCTG-1,0,13,49,5119,9371
CTCTGCGAAGCAAGCA-1,0,12,50,4866,9516
AGTAGGTAACATACAT-1,0,13,51,5119,9662
ATTGGGAATATCTTGG-1,0,12,52,4866,9807
TAGAGCTACGAAGAAC-1,0,13,53,5119,9952
TGCGGCATAGTTCAAC-1,0,12,54,4866,10097
CCGCCGGTCAACACAC-1,0,13,55,5118,10242
TCGTATAGTGCAATTA-1,0,12,56,4866,10387
TAGTTTATTCTTGCTT-1,1,13,57,5118,10532
GATATCTCATGCAATA-1,0,12,58,4865,10677
CGTTTAAGCGGAGCAC-1,1,13,59,5118,10823
CATGCTGGCTCCAATT-1,0,12,60,4865,10968
GAAACAGCCATGCAGT-1,0,13,61,5118,11113
AGTTTCGCAGGTCGGA-1,0,12,62,4865,11258
CTCATGGCTCACAATC-1,0,13,63,5117,11403
AACCGTTGTGTTTGCT-1,0,12,64,4865,11548
ACCCTTCATCTGCGAA-1,0,13,65,5117,11693
TGCGGTGAAATTTCAT-1,0,12,66,4864,11838
CAAATTGTCAGCAAGC-1,0,13,67,5117,11984
GAGGTACATCCATCTT-1,0,12,68,4864,12129
AAATGGCATGTCTTGT-1,0,13,69,5116,12274
TCATCCCAGAGGGTGG-1,0,12,70,4864,12419
CGTAGCGAATTGTCAG-1,0,13,71,5116,12564
CCTAGTTAGTCGCATG-1,0,12,72,4864,12709
GAAACTCTAATGAAGG-1,0,13,73,5116,12854
TTGTATCACACAGAAT-1,0,12,74,4863,12999
TTCAAGCCGAGCTGAG-1,0,13,75,5116,13145
AGGTACGATATTGCCA-1,0,12,76,4863,13290
TTAAGCCGACAACTTC-1,0,13,77,5115,13435
GTCTTAGTACAGCCGG-1,0,12,78,4863,13580
TGGGTAAGGTTCCCGC-1,0,13,79,5115,13725
CTACGCCATTTCCGAT-1,0,12,80,4863,13870
GACCGTCAGGTCGTGA-1,0,13,81,5115,14015
TAGTTAAGATAGGATA-1,0,12,82,4862,14160
GAATATTCGGAGTCCC-1,0,13,83,5115,14306
CAAACTACGATAGAGA-1,0,12,84,4862,14451
CAGGAAGACTTTATAT-1,0,13,85,5114,14596
TTCGTAATCCCAGCGG-1,0,12,86,4862,14741
GTGAGGAGCGGTTGAG-1,0,13,87,5114,14886
CAATCCCTATACCAGC-1,0,12,88,4862,15031
AGGGAAACGAGGTACT-1,0,13,89,5114,15176
TCCTGCCAACTGGAGA-1,0,12,90,4861,15321
AATTTGGGACATAGTA-1,0,13,91,5114,15467
AACTCCTAATCCCATG-1,0,12,92,4861,15612
GCTCATTACTGCATGT-1,0,13,93,5113,15757
TCTCGAACGAGGTCAC-1,0,12,94,4861,15902
TCACTACGACCAATGC-1,0,13,95,5113,16047
GTGATGCACAACATCT-1,0,12,96,4860,16192
CCGACGTAAACACAAC-1,0,13,97,5113,16337
TGGGATGCACTCATTC-1,0,12,98,4860,16482
TTCCATCATGCGGTGA-1,0,13,99,5113,16628
TGCACAGTGAAGTTAT-1,0,12,100,4860,16773
CTATTGTGTTTGGTCA-1,0,13,101,5112,16918
TGCGAGCCCTTCCGCG-1,0,12,102,4860,17063
TTGAAAGGTGTAAAGG-1,0,13,103,5112,17208
GGTGCAGAGCCTATCG-1,0,12,104,4859,17353
ACTATATGCTGTGTTC-1,0,13,105,5112,17498
TCCTGGCGCTGCCTGG-1,0,12,106,4859,17643
GAGCCGAGCGTTTATT-1,0,13,107,5112,17789
AGAATGCGGGTTCGGA-1,0,12,108,4859,17934
ATGCGACAATTGGTCC-1,0,13,109,5111,18079
TTCCGGCTCGACTTCT-1,0,12,110,4859,18224
TGATTATGGCACGCAG-1,0,13,111,5111,18369
GGTTTGACAAGAAGCT-1,0,12,112,4858,18514
GCAGCTATGGACAGGT-1,0,13,113,5111,18659
CACCATGATCGCAAAG-1,0,12,114,4858,18804
GTCGGAAGGATACCAG-1,0,13,115,5111,18950
GGCCCAGTTATCAGCA-1,0,12,116,4858,19095
GGGCCTATTTAAGTAT-1,0,13,117,5110,19240
GTTGTTACATTGCGCT-1,0,12,118,4858,19385
CAACTCCGTAACTTGC-1,0,13,119,5110,19530
GATCTTTGCTCAAAGA-1,0,12,120,4857,19675
TCGCTTAATTACGAAG-1,0,13,121,5110,19820
CGATCATTAGAGGCAC-1,0,12,122,4857,19965
TGTTCTCTACTCCCTA-1,0,13,123,5109,20111
GCTTAGGGAAGCGGTA-1,0,12,124,4857,20256
CAGGTTTAGTACTACA-1,0,13,125,5109,20401
AAGCGGAGTGCGCGCA-1,0,12,126,4857,20546
TCAGATGGAGACGTAG-1,0,13,127,5109,20691
TCGCACTAACGTTTGT-1,0,14,0,5378,2260
CACGTCGGGTTCTAGA-1,0,15,1,5630,2406
GGAGTACACATGAGCT-1,0,14,2,5378,2551
GTGTGTCGACGTCGCT-1,0,15,3,5630,2696
GAAGCTCTTTGCTTAG-1,0,14,4,5377,2841
ACACCGAGCGCTCTTT-1,0,15,5,5630,2986
CGTAATAATTACGAGT-1,0,14,6,5377,3131
CATCAACACCTACTAA-1,0,15,7,5630,3277
CCAAGTTTCTACAGAT-1,0,14,8,5377,3421
ACGGGTCATGTGACTT-1,0,15,9,5629,3567
AGTGTGCTAAGATCGC-1,0,14,10,5377,3712
GGCGGTTTGCCGGTGC-1,0,15,11,5629,3857
GTATAATCTCCCGGAT-1,0,14,12,5376,4002
TAGTCCGTATGCATAA-1,0,15,13,5629,4147
CACTTCGTCTTATCTC-1,0,14,14,5376,4292
CATCCGCAGGCCCGAA-1,0,15,15,5629,4438
CCCTGATGTAACTCGT-1,0,14,16,5376,4582
CCATAGTCAGTAACCC-1,0,15,17,5628,4728
CGGGCCATAGCCGCAC-1,0,14,18,5376,4873
CTCCGGCTTGTAGACA-1,0,15,19,5628,5018
AACTTGCGTTCTCGCG-1,0,14,20,5375,5163
AATGAGTTCGCATATG-1,1,15,21,5628,5308
CGAGGCCAGGCATTGG-1,0,14,22,5375,5453
TCTGCGTCCGGTTTCT-1,1,15,23,5627,5599
CAATCCTGCCGTGGAG-1,0,14,24,5375,5743
CTGAGCAAGTAACAAG-1,1,15,25,5627,5889
GGGTACCCACGGTCCT-1,1,14,26,5375,6034
ACGGAATTTAGCAAAT-1,1,15,27,5627,6179
GGGCGGTCCTATTGTC-1,0,14,28,5374,6324
ATGTTACGAGCAATAC-1,1,15,29,5627,6469
AACCATGGGATCGCTA-1,0,14,30,5374,6614
TCGCATCCCTAAGTGT-1,1,15,31,5626,6760
ACTTAGTACGACAAGA-1,1,14,32,5374,6904
GAGCTCTCGGACCTAA-1,1,15,33,5626,7050
TCTATTACGCTGGCGA-1,1,14,34,5374,7195
AGATACGACTTCATAT-1,1,15,35,5626,7340
CGCTATACCGCCCACT-1,1,14,36,5373,7485
CAGTGTCCGCAGAATG-1,1,15,37,5626,7630
CCATCCATACCAAGTC-1,1,14,38,5373,7775
AACCCAGAGACGGAGA-1,1,15,39,5625,7921
GAAGAACGGTGCAGGT-1,1,14,40,5373,8066
GATAAATCGGTGGATG-1,1,15,41,5625,8211
CAGCTCGTGCTTGTGT-1,1,14,42,5373,8356
GAGTACGGGTATACAA-1,1,15,43,5625,8501
CATCGCCCGCGGCCAA-1,0,14,44,5372,8646
TCTTACAGAGGTACCG-1,1,15,45,5625,8791
TGGAAGACGAACACCA-1,0,14,46,5372,8936
GTTGTCGTGTTAGTTG-1,1,15,47,5624,9082
CCAAGGAACAGAGAGG-1,0,14,48,5372,9227
CTGCACCTGGAACCGC-1,0,15,49,5624,9372
CGCTTTCATACCGGTG-1,1,14,50,5371,9517
GTTCTTCCCTCGATGT-1,1,15,51,5624,9662
ATTTAACTCGTATTAC-1,1,14,52,5371,9807
AACGATAGAAGGGCCG-1,1,15,53,5624,9952
TATCCTGCATGGGAAT-1,0,14,54,5371,10097
AGGCCCATTGTACAGG-1,0,15,55,5623,10243
CCGGCGCATATTGGAT-1,0,14,56,5371,10388
ATCTGTAATTGTACCC-1,0,15,57,5623,10533
GAGCGAGGGAGTACCG-1,0,14,58,5370,10678
TTATTAGGGAAGCATC-1,0,15,59,5623,10823
CTTCTTACGTCGTATA-1,0,14,60,5370,10968
GAAGTGCTGGATAGCT-1,0,15,61,5623,11113
GTGCAACAAATGTGGC-1,0,14,62,5370,11258
CATGCGTTAGACAGAA-1,0,15,63,5622,11404
ACACACTTTCTACACG-1,1,14,64,5370,11549
AGCCCTAAGCGAAGTT-1,0,15,65,5622,11694
ATTAATTCGGTCACTC-1,0,14,66,5369,11839
AACAGGAAATCGAATA-1,1,15,67,5622,11984
ACGTTTAGTTGTGATC-1,0,14,68,5369,12129
TCCTTCAGTGGTCGAA-1,1,15,69,5622,12274
CGAACGCCCAGTGCCG-1,0,14,70,5369,12419
CCTCGAAGTGGACGGG-1,0,15,71,5621,12565
CTCTGTTTGAGGATTC-1,0,14,72,5369,12710
TGGGCACGTTCTATGG-1,0,15,73,5621,12855
ACTATTCGTCCGTGGT-1,0,14,74,5368,13000
CCTCTGGCCTAGACGG-1,0,15,75,5621,13145
CCATAAACAACCCGAC-1,0,14,76,5368,13290
CATAGTACATTGAGAG-1,0,15,77,5620,13435
ATTTCATTATTTCGCG-1,0,14,78,5368,13580
CAACTATATCGAATGC-1,0,15,79,5620,13726
CTAGTATTCGGAATTA-1,0,14,80,5368,13871
GTGGAACCTACATGCG-1,0,15,81,5620,14016
CCTAAAGGCTGACGCT-1,0,14,82,5367,14161
CGTGACATTGGGTCGT-1,0,15,83,5620,14306
CCAATCGGTAGATCGA-1,0,14,84,5367,14451
ATTGTCGCAATACCTT-1,0,15,85,5619,14596
AAATTACACGACTCTG-1,0,14,86,5367,14741
CACTCCTCTCGGTCGG-1,0,15,87,5619,14887
AAATAACCATACGGGA-1,0,14,88,5367,15032
AGTTACTCTATCGTGG-1,0,15,89,5619,15177
CGTTAGCTCACAACTG-1,0,14,90,5366,15322
GAATGTATGGCAGGTC-1,0,15,91,5619,15467
GCAACCACCAGACCGG-1,0,14,92,5366,15612
TCACTCGTGCAACGGC-1,0,15,93,5618,15757
AAACAGAGCGACTCCT-1,0,14,94,5366,15902
CAGCCTCTCCTCAAGA-1,0,15,95,5618,16048
TTGCGTGAACGCTTAG-1,0,14,96,5366,16193
CCGCCTGCGAATTGGT-1,0,15,97,5618,16338
AGATGAGGGTTGCGAT-1,0,14,98,5365,16483
CGGTGGGCTCCAGCCT-1,0,15,99,5618,16628
GGCAGCGGTAATCCTA-1,0,14,100,5365,16773
GCTAGCAGGGAGTGGG-1,0,15,101,5617,16918
CTCAAGACATTAGCGC-1,0,14,102,5365,17063
CACGGCGCGCCAAAGG-1,0,15,103,5617,17209
TGCAATTTGGGCACGG-1,0,14,104,5364,17354
ATGCCAATCGCTCTGC-1,0,15,105,5617,17499
GCTGGACCCAAAGTGG-1,0,14,106,5364,17644
ATTCCTAAGACGTGGA-1,0,15,107,5617,17789
TCCGGAGGAAGGGCTG-1,0,14,108,5364,17934
TCGGTGACCGCTCCGG-1,0,15,109,5616,18079
TCCGAAGTAGTCACCA-1,0,14,110,5364,18224
CATGTAGGAGCGCCAA-1,0,15,111,5616,18370
CACAAGAAAGATATTA-1,0,14,112,5363,18515
AGGGTCAGTAACCCTA-1,0,15,113,5616,18660
TAAGCCCTTACGACCA-1,0,14,114,5363,18805
ATACCGTCATCCATAA-1,0,15,115,5616,18950
GGACGTCCATAGTTGG-1,0,14,116,5363,19095
CATCAAACTGGCGCCC-1,0,15,117,5615,19240
AAACGTGTTCGCCCTA-1,0,14,118,5363,19385
AAATTGGTGAGAAGCA-1,0,15,119,5615,19531
GGTCATTGTAGTCATA-1,0,14,120,5362,19676
TGCAGTGAGGCTCGGG-1,0,15,121,5615,19821
GAACATTAGTATGTTA-1,0,14,122,5362,19966
GGTTTGCGAACACGTA-1,0,15,123,5615,20111
ACACAAATATTCCTAG-1,0,14,124,5362,20256
TTGGGTTTATTCAGCG-1,0,15,125,5614,20401
ATTCGCAGAGGACACT-1,0,14,126,5362,20546
GATTTAGTGCGTACTG-1,0,15,127,5614,20692
TAGAAACACAATAGTG-1,0,16,0,5883,2261
CAGTAGATGATGTCCG-1,0,17,1,6135,2406
TCTTAACTCGGATGTA-1,0,16,2,5883,2551
TACATCTTGTTTCTTG-1,0,17,3,6135,2697
TTCATAGGGTGTCCAT-1,0,16,4,5882,2841
TGAAGTAGCTTACGGA-1,0,17,5,6135,2987
GCACAAGTGGATCATA-1,0,16,6,5882,3132
GGGCGAATTTCTCCAC-1,0,17,7,6135,3277
ATGTTCCTGCCCACCT-1,0,16,8,5882,3422
GCTCAACCTCTTAGAG-1,0,17,9,6134,3567
ATAGCTGCTCTTGTTA-1,0,16,10,5882,3712
CGTCAGCTATTTACTC-1,0,17,11,6134,3858
ATCTGATAGTGTCTTA-1,0,16,12,5881,4002
TGCACTATGTGAGTGC-1,0,17,13,6134,4148
CCGACAAACACATGAG-1,0,16,14,5881,4293
GCCTTGTATATGCAGT-1,0,17,15,6134,4438
ATAATACCGTTAGCCG-1,0,16,16,5881,4583
ACACTCCAATGTCACT-1,1,17,17,6133,4728
AGTTGCTGACTGATAT-1,0,16,18,5881,4873
GGCGCTCCTCATCAAT-1,1,17,19,6133,5019
TGCCTGACATCGGTCA-1,1,16,20,5880,5163
TTGGCCATCTTGCGCT-1,0,17,21,6133,5309
CAGTGGTTGCACATGA-1,1,16,22,5880,5454
AGAATTGTTTGACATA-1,1,17,23,6133,5599
AAATGCTCGTTACGTT-1,1,16,24,5880,5744
CACCTAATAGAGTCGT-1,1,17,25,6132,5889
CATTTCTAGCAGACTA-1,1,16,26,5880,6034
CCGAAAGTGGTGAGCA-1,1,17,27,6132,6180
AGTCAGCCACCGCCTG-1,1,16,28,5879,6324
TCATCACTCGAGCTCG-1,1,17,29,6132,6470
CTCAGGACTCACCTGT-1,1,16,30,5879,6615
CGGTGTACTTGATCCC-1,1,17,31,6131,6760
CCTACGGCTCAGTCGA-1,1,16,32,5879,6905
GTACTTGGGCACTTCT-1,1,17,33,6131,7050
TGATTTCCTCCTGACG-1,1,16,34,5879,7195
CCTCACCAATCTTGAC-1,1,17,35,6131,7341
GGTGAGATGCAGATAA-1,1,16,36,5878,7485
GCTAGTTTCATTGAGG-1,1,17,37,6131,7631
AGGACATCGCACGTCG-1,1,16,38,5878,7776
GTGGACGTGCTGAGAC-1,1,17,39,6130,7921
TAAGGAACTTGTGGGA-1,1,16,40,5878,8066
TCGCTGTGCGTAAATC-1,1,17,41,6130,8211
GCATCCCTAACTTTGA-1,1,16,42,5878,8356
CACCCACACGTCACCC-1,1,17,43,6130,8502
CCCTCATTCTGGAATT-1,0,16,44,5877,8646
AGGGCGTGATCGGCTA-1,0,17,45,6130,8792
GGTGCGGATAAGTGGC-1,1,16,46,5877,8937
TAATATTGAAATTCGC-1,1,17,47,6129,9082
CTTACACTGGGAAATA-1,0,16,48,5877,9227
ACCAAGAACGCGTGTC-1,0,17,49,6129,9372
GCCTTCAGCCCTACCG-1,1,16,50,5877,9517
GATGCTACAAGCGCCT-1,0,17,51,6129,9663
CCGGGACCCGCAGAGA-1,1,16,52,5876,9807
GTTCCAGTCTGACCAT-1,0,17,53,6129,9953
ATGATCGGGAATAGAC-1,0,16,54,5876,10098
TTGGATTGGGTACCAC-1,0,17,55,6128,10243
TACCTCACGCTTGTAC-1,0,16,56,5876,10388
CATGGCAGGAAGATCG-1,0,17,57,6128,10533
ATGACGCCGGCTCTAA-1,0,16,58,5875,10678
AGCGACATCCCATTCA-1,0,17,59,6128,10824
AGTAATGTCTTGCCGC-1,0,16,60,5875,10968
TTCTTAGTGGCTCAGA-1,1,17,61,6128,11114
CGTCTGGAAGGGCCCG-1,0,16,62,5875,11259
ACGTGCGCCTCGTGCA-1,0,17,63,6127,11404
AGAGCGGGCTAATCAT-1,0,16,64,5875,11549
GCGTCGAAATGTCGGT-1,0,17,65,6127,11694
AACTGATATTAGGCCT-1,0,16,66,5874,11839
CGAGCTGGGCTTTAGG-1,0,17,67,6127,11985
GGGTGTTTCAGCTATG-1,0,16,68,5874,12129
TTAATTTCAGACGCGG-1,0,17,69,6127,12275
ACTGCCGTCGTAACTC-1,1,16,70,5874,12420
GTGCACGAAAGTGACT-1,0,17,71,6126,12565
ATCTCCCTGCAATCTA-1,0,16,72,5874,12710
ACGCCAGATGATTTCT-1,0,17,73,6126,12855
AGCTATTTAATCCAAC-1,0,16,74,5873,13000
CCACGAGAAGAGAATC-1,0,17,75,6126,13146
GATTCCGCGTTTCCGT-1,0,16,76,5873,13290
GTCGGATGTAGCGCGC-1,0,17,77,6126,13436
TATTTATACCGAGTAG-1,0,16,78,5873,13581
GTAGGTGATCCGTGTA-1,0,17,79,6125,13726
AGTTAAGCGGTCCCGG-1,0,16,80,5873,13871
CTGGCGACATAAGTCC-1,0,17,81,6125,14016
TTGGCCTAGAATTTCG-1,0,16,82,5872,14161
GGCATATCGGTTCTGC-1,1,17,83,6125,14307
GGGCGTCCACTGGCTC-1,0,16,84,5872,14451
TTACCCATTGCCGGGT-1,0,17,85,6124,14597
TTAGACACGATCGTTG-1,0,16,86,5872,14742
GCGCTGATCCAGACTC-1,1,17,87,6124,14887
TTCGGCAACCCGCTGA-1,0,16,88,5872,15032
GATATTTCCTACATGG-1,1,17,89,6124,15177
CTGCGTTACGATATAA-1,0,16,90,5871,15322
TAATAAACAAGGAGAT-1,0,17,91,6124,15468
AACCTTTACGACGTCT-1,0,16,92,5871,15612
AGTCCCGCCTTTAATT-1,0,17,93,6123,15758
TGAGATTAGGCCCTAA-1,0,16,94,5871,15903
AGTGTATTGCGCATTG-1,0,17,95,6123,16048
GTTGGATTCAGTGGCT-1,0,16,96,5871,16193
TAAAGCTGCAATAGGG-1,0,17,97,6123,16338
AGTAGGAAGGAAGTTG-1,0,16,98,5870,16483
TATCACTTCGAGTAAC-1,1,17,99,6123,16629
TGATCTACGCTGATCT-1,0,16,100,5870,16774
GGATCATCCCGTACGC-1,1,17,101,6122,16919
TGACACTTCTCTTTGC-1,0,16,102,5870,17064
AGCCCTTCTAATCCGA-1,0,17,103,6122,17209
CACCGCGTCCACTCTA-1,0,16,104,5870,17354
TAATTGGAATCGGGAA-1,0,17,105,6122,17499
TCGTAAGCTCCGAGGA-1,0,16,106,5869,17644
TATATTACAAATGTCG-1,0,17,107,6122,17790
CGCGAGAGGGACTTGT-1,0,16,108,5869,17935
GGACCTACGGTAACGT-1,0,17,109,6121,18080
GAAATATGCTTGAATG-1,0,16,110,5869,18225
CCGTATTAGCGCAGTT-1,0,17,111,6121,18370
AGGCGTCTATGGACGG-1,0,16,112,5868,18515
AACATCGATACGTCTA-1,0,17,113,6121,18660
TGAATATGCTATAAAC-1,0,16,114,5868,18805
ACCAAACACCCAGCGA-1,0,17,115,6121,18951
TGGCTTGTACAAGCTT-1,0,16,116,5868,19096
GAATGAAGGTCTTCAG-1,0,17,117,6120,19241
AGATACCAGCACTTCA-1,0,16,118,5868,19386
GCGGTCCCGGTGAAGG-1,0,17,119,6120,19531
GAGGCATTTGCAGCAG-1,0,16,120,5867,19676
GGCAAGCCAGGGATAG-1,0,17,121,6120,19821
TCTACGGGCTCAGTTG-1,0,16,122,5867,19966
TCTGCGAATCGTTCGC-1,0,17,123,6120,20112
AGCTCGTTGATGGAAA-1,0,16,124,5867,20257
TGAATGAGATACAGCA-1,0,17,125,6119,20402
ACCCTTGCCTGGGTCG-1,0,16,126,5867,20547
GGCGAACCGTTCTGAT-1,0,17,127,6119,20692
GCGATGTCTGTGCTTG-1,0,18,0,6388,2261
ATTAACACCTGAGATA-1,0,19,1,6640,2407
GAAATCTGACCAAGTT-1,0,18,2,6388,2552
CCTGACAAACTCGCGC-1,0,19,3,6640,2697
ATGTCATTTCCCATTG-1,0,18,4,6388,2842
GCGGTGCGGAGCATCG-1,0,19,5,6640,2987
CGGAAAGCAAATGTGC-1,0,18,6,6387,3132
GCTGAGCAACGGTTCT-1,0,19,7,6640,3277
TCACTCTTCGTCTGTC-1,0,18,8,6387,3422
GATCTTCATTGTCCTC-1,0,19,9,6639,3568
ACTCGATGTATTTCAT-1,0,18,10,6387,3713
TGAAGAGCGGTCCTAG-1,0,19,11,6639,3858
TAAACGTCGTCAATGA-1,0,18,12,6386,4003
ACGTTATTGGTCACTC-1,0,19,13,6639,4148
ATAGCCTCAGTACCCA-1,0,18,14,6386,4293
CGGGAGTATACCGCCG-1,1,19,15,6639,4438
GTCCTACAGGCGGCTC-1,1,18,16,6386,4583
CGGATAAGCGGACATG-1,0,19,17,6638,4729
AACTTCTGCGTCTATC-1,1,18,18,6386,4874
GGGTTCAGACGAACAA-1,1,19,19,6638,5019
AGTCTGGACATCCTTG-1,1,18,20,6385,5164
TTGAACGAATCCTTTG-1,1,19,21,6638,5309
GAAATACTAAACGTTT-1,1,18,22,6385,5454
CCCGCGCAATGCACCC-1,1,19,23,6638,5599
TTCGGCTAGAGATGGT-1,1,18,24,6385,5744
GACACGAGTTAGAGGA-1,1,19,25,6637,5890
GAGGTCCCAAAGATCT-1,1,18,26,6385,6035
TAACTCCATGGAGGCT-1,1,19,27,6637,6180
CTTGTTTATGTAGCCA-1,1,18,28,6384,6325
GATGGCGCACACATTA-1,1,19,29,6637,6470
ATAATAGTGTAGGGAC-1,1,18,30,6384,6615
CGCTATTCAATGTATG-1,1,19,31,6637,6760
ATATTGCTGTCAAAGT-1,1,18,32,6384,6905
GGATTCAGTACGGTGG-1,1,19,33,6636,7051
TTCTTAGTGAACGGTG-1,1,18,34,6384,7196
AATGGTTCTCACAAGC-1,1,19,35,6636,7341
TATACACGCAAAGTAT-1,1,18,36,6383,7486
CTTCATAGCTCAAGAA-1,1,19,37,6636,7631
CAACGGTTCTTGATAC-1,1,18,38,6383,7776
ACACCCGAGAAATCCG-1,1,19,39,6635,7922
TCTATCATGCAGTTAC-1,1,18,40,6383,8066
CCCGCCATGCTCCCGT-1,1,19,41,6635,8212
CGCTTCCACTGAAATC-1,0,18,42,6383,8357
CACTGTCCAAGTGAGA-1,0,19,43,6635,8502
ATTACTAGCCTCTTGC-1,1,18,44,6382,8647
CATAGTAGCATAGTAG-1,0,19,45,6635,8792
CAACTCCTTGATCCCG-1,0,18,46,6382,8937
AAGTAGAAGACCGGGT-1,0,19,47,6634,9083
GCGGGAACCAGGCCCT-1,0,18,48,6382,9227
ATTAGATTGATAGCGG-1,0,19,49,6634,9373
CTCGGTCCGTAGCCTG-1,0,18,50,6382,9518
TGGCTTTGGGTAGACA-1,0,19,51,6634,9663
TATCCATATCATGCGA-1,0,18,52,6381,9808
GGAGTGCCGCCCTGGA-1,1,19,53,6634,9953
TGAGAATGCTTTACCG-1,0,18,54,6381,10098
TTAACCAACCCTCCCT-1,1,19,55,6633,10244
TGTTTCGGTACTTCTC-1,1,18,56,6381,10388
TTGCTGAAGGAACCAC-1,1,19,57,6633,10534
TATTTAGTCTAGATCG-1,0,18,58,6381,10679
CTCCGGCCTAATATGC-1,1,19,59,6633,10824
TTGTGGCCCTGACAGT-1,0,18,60,6380,10969
TCGCCGGTCGATCCGT-1,1,19,61,6633,11114
CCATAGGTTGGCGTGG-1,1,18,62,6380,11259
GAACGACCGAATGATA-1,1,19,63,6632,11405
TCCGATAATTGCCATA-1,1,18,64,6380,11549
CATTACGTCGGCCCGT-1,1,19,65,6632,11695
CAAGCACCAAATGCCT-1,1,18,66,6379,11840
TGCATGGATCGGATCT-1,1,19,67,6632,11985
GAAATCGCGCGCAACT-1,0,18,68,6379,12130
CTGAAAGAGATCCGAC-1,0,19,69,6632,12275
CACCTCGATGGTGGAC-1,0,18,70,6379,12420
ATTTGTTCCAGGGCTC-1,0,19,71,6631,12566
TGGGCCACAAGAGCGC-1,0,18,72,6379,12710
CCTTCTTGATCCAGTG-1,0,19,73,6631,12856
CCTCGCCAGCAAATTA-1,0,18,74,6378,13001
TTCATGGCGCAACAGG-1,0,19,75,6631,13146
TTAATCAGTACGTCAG-1,0,18,76,6378,13291
CCTATCTATATCGGAA-1,1,19,77,6631,13436
ATTATACTTTGCTCGT-1,0,18,78,6378,13581
ATGGATCCGGCGTCCG-1,0,19,79,6630,13727
CGCCCGCTTCCGTACA-1,1,18,80,6378,13871
GGATTCCGCTATACCC-1,0,19,81,6630,14017
CGGTCTATCAACCCGT-1,0,18,82,6377,14162
ATGCCGGTTGATGGGA-1,0,19,83,6630,14307
TCATGCAGGTTCTCAT-1,0,18,84,6377,14452
TGAGCTTTAATGACGC-1,0,19,85,6630,14597
TCCCTTAGATTACTCG-1,0,18,86,6377,14742
ATATCTCCCTCGTTAA-1,0,19,87,6629,14888
AGCTCTTCCCAGTGCA-1,0,18,88,6377,15032
TCGCTAAACCGCTATC-1,0,19,89,6629,15178
CACATTCTTTCGATGG-1,0,18,90,6376,15323
GATATGCGGTAGCCAA-1,0,19,91,6629,15468
CGTTTCACTTCGGGCG-1,1,18,92,6376,15613
CCAATTACGGGTCGAG-1,0,19,93,6628,15758
GCAGGTAGAGTATGGT-1,0,18,94,6376,15903
GTCGTATTGGCGTACA-1,0,19,95,6628,16049
GAAATTAGCACGGATA-1,0,18,96,6376,16193
AATGCACCAAGCAATG-1,1,19,97,6628,16339
AGGACGCTCGATGTTG-1,1,18,98,6375,16484
GGCTAAAGGGCGGGTC-1,1,19,99,6628,16629
CATCTATCCCGTGTCT-1,1,18,100,6375,16774
CAGTAACTATTTATTG-1,1,19,101,6627,16919
CATATACTACTGATAA-1,1,18,102,6375,17064
GCGTTCGGAGACCGGG-1,1,19,103,6627,17210
AAGTTCAGTCTGCGTA-1,0,18,104,6375,17354
CGAAGCTATAAATTCA-1,0,19,105,6627,17500
CGCGGTCACAAACCAA-1,0,18,106,6374,17645
GGGAATGAGCCCTCAC-1,0,19,107,6627,17790
ACGGAGCGCAAATTAC-1,0,18,108,6374,17935
CGTTCTTCGCACACCT-1,0,19,109,6626,18080
GAATAGCCCTGCGGTC-1,0,18,110,6374,18225
AATAGCTACCGCGTGC-1,0,19,111,6626,18371
CCGAGCTGTGCTTGTC-1,0,18,112,6374,18515
GATGACGATGATCGCG-1,0,19,113,6626,18661
GCCTATGCTGGGCCTT-1,0,18,114,6373,18806
TTACTGTCTAGAGCTC-1,0,19,115,6626,18951
AGCGGTTGCCGCTCTG-1,0,18,116,6373,19096
GCTTGCAGCACAATTG-1,0,19,117,6625,19241
CCGGAGGTCTTATGGT-1,0,18,118,6373,19386
ACAGTATACCGTGGGA-1,0,19,119,6625,19532
GGGATCCCAATACAAA-1,0,18,120,6372,19676
ATTACGACTCCACAGT-1,0,19,121,6625,19822
CTCACACGCAAGCCTA-1,0,18,122,6372,19967
CCAGATGTAAATGGGT-1,0,19,123,6625,20112
GAACTTGTGCACGGGA-1,0,18,124,6372,20257
AAGCCGCTTTACCTTG-1,0,19,125,6624,20402
TCCATTCCCACTAGAG-1,0,18,126,6372,20547
AGAGCGCTTGTAACGG-1,0,19,127,6624,20693
TGGGTTCCCGGACGGA-1,0,20,0,6893,2262
GCTGCGCCTCCCACGT-1,0,21,1,7145,2407
CTGTTGGCTCTTCTGA-1,0,20,2,6893,2552
TTGTTCTAGATACGCT-1,1,21,3,7145,2697
CCCTCAAGCTCTTAGT-1,0,20,4,6893,2842
TGGTCTAGCTTACATG-1,1,21,5,7145,2988
ATGCACCTTCCTTAAT-1,0,20,6,6892,3133
GGGATACGGTAATAAT-1,1,21,7,7145,3278
AGTTCACCGGTTGGAC-1,0,20,8,6892,3423
GACATACTGTCGCAGA-1,0,21,9,7144,3568
TGGACACCGTTGCTTG-1,1,20,10,6892,3713
TGCGATGCTAATGGCT-1,0,21,11,7144,3858
TTCTGTTTCCTGTCGC-1,0,20,12,6892,4003
CGTTGTAAACGTCAGG-1,0,21,13,7144,4149
GATCGGCGATAAGTCG-1,0,20,14,6891,4294
AGCCTTAAAGCGGAAG-1,0,21,15,7144,4439
TCCGTAACCACAATCC-1,0,20,16,6891,4584
GAATGCCGAAATGACC-1,0,21,17,7143,4729
TATACTCATGCGGCAA-1,1,20,18,6891,4874
TAGTGTCAGAAACGGC-1,1,21,19,7143,5019
CGTCATACCATATCCA-1,1,20,20,6890,5164
TAGTACCTTAGTGGTC-1,1,21,21,7143,5310
CTGGCGGGAATAAGTA-1,1,20,22,6890,5455
AGTGTGGTCTATTGTG-1,1,21,23,7143,5600
GCTATCGCGGCGCAAC-1,1,20,24,6890,5745
CAGTAATCCCTCCCAG-1,1,21,25,7142,5890
GTATTAAGGCGTCTAA-1,1,20,26,6890,6035
CTAATTTCAACAACAC-1,0,21,27,7142,6180
TTAGCAACATGGATGT-1,1,20,28,6889,6325
ATGCTCAGTGTTGCAT-1,0,21,29,7142,6471
GATGTTTGTGCGAGAT-1,1,20,30,6889,6616
CACTTCGCCACAGGCT-1,0,21,31,7142,6761
CTGTATGGTGTAGAAA-1,1,20,32,6889,6906
TACGTGCACTATGCTG-1,0,21,33,7141,7051
GTATCAGCTTGGGTTC-1,1,20,34,6889,7196
TAACAAAGGGAGAAGC-1,1,21,35,7141,7341
TTACATCGTGGCCTGG-1,1,20,36,6888,7486
TCTGAACCGGTCGGCT-1,0,21,37,7141,7632
GGCTCGTGCCACCAGC-1,1,20,38,6888,7777
TATAAGTGAGGATAGC-1,1,21,39,7141,7922
GCCCGCGCGTTTGACA-1,1,20,40,6888,8067
TGCTGGTTGGACAATT-1,0,21,41,7140,8212
GCCTAGCGATCTGACC-1,0,20,42,6888,8357
CCATGCTCTGCAGGAA-1,0,21,43,7140,8502
TATAAATCCACAAGCT-1,0,20,44,6887,8647
CGCTCGACATAATGAT-1,0,21,45,7140,8793
CCAATTGAATGTTAAT-1,0,20,46,6887,8938
GCTAATACCGAATGCC-1,1,21,47,7139,9083
TTCAACGACCCGACCG-1,1,20,48,6887,9228
TTCCTCGAGGGTGTCT-1,0,21,49,7139,9373
CAACGACCCGTTTACA-1,0,20,50,6887,9518
CTTGTACTTGTTGACT-1,1,21,51,7139,9663
TCTCTAATAGCTGGTA-1,0,20,52,6886,9808
ATTATGCCATAGGGAG-1,1,21,53,7139,9954
GACAACGCAGCTTACG-1,1,20,54,6886,10099
AGATGACTCGCCCACG-1,1,21,55,7138,10244
GTGCGGGTCTCCAAAT-1,1,20,56,6886,10389
GTACGAGATTGCGACA-1,1,21,57,7138,10534
GTATAGGACTCAGTAG-1,1,20,58,6886,10679
TTGCACGGAGCAGCAC-1,1,21,59,7138,10824
CACAGCTAGGGAGTGA-1,1,20,60,6885,10969
ATACTAGCATGACCCT-1,1,21,61,7138,11115
CCAAGACTTCTGCGAA-1,1,20,62,6885,11260
ACATAATAAGGCGGTG-1,1,21,63,7137,11405
TAATACACAGTAGTAT-1,1,20,64,6885,11550
TCTTGGTAACACCAAA-1,1,21,65,7137,11695
AACTGGGTCCCGACGT-1,1,20,66,6885,11840
ATCACTTCATCCTCGC-1,1,21,67,7137,11985
TGGAAGGATAAAGATG-1,1,20,68,6884,12130
CATGATGCACAATTCT-1,1,21,69,7137,12276
TGCCTGATCAAACGAT-1,1,20,70,6884,12421
ATAGGGATATCCTTGA-1,1,21,71,7136,12566
CACCTAATCAGTTTAC-1,1,20,72,6884,12711
TGTGACTACGCCAGTC-1,1,21,73,7136,12856
CCCGACCATAGTCCGC-1,0,20,74,6883,13001
CGCGCCCGACTTAATA-1,0,21,75,7136,13146
TGCCACCTGGCGAAAC-1,1,20,76,6883,13291
CTGCCAAGGTTGGAAG-1,0,21,77,7136,13437
TCTCCAACGTAGGTTA-1,0,20,78,6883,13582
TTCTTGGAGTAATGAG-1,0,21,79,7135,13727
GTCTCGATCTGCTTTC-1,0,20,80,6883,13872
TACTCTCCGAACAAAT-1,0,21,81,7135,14017
ATCACATTAGAATATC-1,0,20,82,6882,14162
TACGGGATGCTAGCAG-1,0,21,83,7135,14307
AGCTGAAGTAAACCAA-1,0,20,84,6882,14452
CATGGGTCGGGTGTGG-1,0,21,85,7135,14598
CACCCACGAGGCAATT-1,0,20,86,6882,14743
TGCCATTACTAAAGAA-1,1,21,87,7134,14888
CCGTTACGTTAGAACA-1,0,20,88,6882,15033
GCCAGGAGTAACCGAT-1,0,21,89,7134,15178
GGAAAGTGCCCATGCC-1,1,20,90,6881,15323
TCTTACCGGAACTCGT-1,0,21,91,7134,15468
TATGTCAAGACCGACT-1,0,20,92,6881,15613
CCTAACTAAGGCTCTA-1,0,21,93,7134,15759
GCGGTGAACTGCGCTC-1,0,20,94,6881,15904
CCTCGCGCGATATAGG-1,1,21,95,7133,16049
ATCGGCAAGCAGTCCA-1,1,20,96,6881,16194
AGATCGTGCATAAGAT-1,1,21,97,7133,16339
ATTCAGGACCTATTTC-1,0,20,98,6880,16484
AGCTAGAAGCAGAAGT-1,1,21,99,7133,16630
TTCGCTATCTGACGTG-1,1,20,100,6880,16774
TTCCGCAGAGAAATAT-1,1,21,101,7132,16920
CAGTACATTCTCTAAA-1,1,20,102,6880,17065
GTGAAGATTTCAAGTG-1,1,21,103,7132,17210
AACGCATGATCTGGGT-1,1,20,104,6880,17355
CCCAGAGGAGGGCGTA-1,0,21,105,7132,17500
GGAAACCTTGTTGAAT-1,0,20,106,6879,17645
GTGAAGCCGTATAGTC-1,0,21,107,7132,17791
GAGCTGTCGTCTCGGA-1,0,20,108,6879,17935
TGTCATTTGTTGGGAA-1,0,21,109,7131,18081
ACCAACACCACACACT-1,0,20,110,6879,18226
AAATGATTCGATCAGC-1,0,21,111,7131,18371
CTGCTTTATGTCCGCG-1,0,20,112,6879,18516
GCGAGAGGCCATGTAA-1,0,21,113,7131,18661
ATTGACCGGCGATGAC-1,0,20,114,6878,18806
ACCCTGGTAACGCCCT-1,0,21,115,7131,18952
GTTGGACCGCATCAGG-1,0,20,116,6878,19096
CGTTTACAAGGCAGCT-1,0,21,117,7130,19242
CGGTCCATGAGACTCC-1,0,20,118,6878,19387
GTTCGTCTGGGTCCCT-1,0,21,119,7130,19532
TGTACTACTCTCACGG-1,0,20,120,6878,19677
AGTGAAGATGGTGTCC-1,0,21,121,7130,19822
GAGGGCCATAATATTA-1,0,20,122,6877,19967
ACTCCCGTAGACTAGG-1,0,21,123,7130,20113
CGTCAAATGGTCGCAG-1,0,20,124,6877,20257
AAGTCTAGTAGCTGCC-1,0,21,125,7129,20403
AAGAAATCACCAGATT-1,0,20,126,6877,20548
GAGTGCACGGACAACA-1,0,21,127,7129,20693
GTTCAAATCAGATGTC-1,1,22,0,7398,2262
CATGGCTCCCTATGTC-1,1,23,1,7650,2408
GGCCACACGAAAGCCT-1,1,22,2,7398,2553
GAAGCCGGGTAAGCTC-1,1,23,3,7650,2698
TTGCGCTCTCTCGCTT-1,1,22,4,7398,2843
TACATGACCTTATCCG-1,0,23,5,7650,2988
GTCCTTCTACAACCCA-1,1,22,6,7397,3133
TATATGCTGGGTTGCC-1,0,23,7,7650,3278
GTTTATGGGATTTAGA-1,0,22,8,7397,3423
GGAACCCGAACAAGAA-1,0,23,9,7649,3569
AACGTTATCAGCACCT-1,0,22,10,7397,3714
CATCGTCCGGTTACTA-1,0,23,11,7649,3859
AGACAGCTCAGAATCC-1,0,22,12,7397,4004
GCAGATCCTCGCAAAT-1,0,23,13,7649,4149
GGGTCATGCGTACCAT-1,0,22,14,7396,4294
CTGGTCATTCCAATCC-1,0,23,15,7649,4439
TCAGGGCGCAAACTCG-1,0,22,16,7396,4584
GATGCCAGCAGAAGGC-1,0,23,17,7648,4730
GTTATTAACGTGGGAG-1,1,22,18,7396,4875
AATACAATGTTTCAGG-1,1,23,19,7648,5020
TTGCTGCACCTATCCA-1,1,22,20,7396,5165
CCAGAGACAAAGCCGG-1,1,23,21,7648,5310
CCGAAGTATATTGTTC-1,1,22,22,7395,5455
GCTAAACCTGAGGTGA-1,1,23,23,7648,5600
TCATACTTACAGATCC-1,1,22,24,7395,5745
CGAGCACTTCAAGTTT-1,0,23,25,7647,5891
TAGCAACCTGTCACAA-1,0,22,26,7395,6036
TGGGAAATGCCTTTCC-1,0,23,27,7647,6181
AGACCATGGGATACAA-1,0,22,28,7394,6326
TAAATGAATCCGTTTC-1,1,23,29,7647,6471
ACAACGGTCCCTGCGA-1,0,22,30,7394,6616
GTCACTCTCCAAATCT-1,0,23,31,7647,6761
TTCTACTTGCGAGGGC-1,0,22,32,7394,6906
CGCAATTACTTTCGGT-1,0,23,33,7646,7052
CTGTTCATCTCACGGG-1,0,22,34,7394,7197
TTCTTGTAACCTAATG-1,0,23,35,7646,7342
GCTTGATGATAATCAG-1,0,22,36,7393,7487
TTGGCTCGCATGAGAC-1,0,23,37,7646,7632
GCCCAGTTGGTATGCC-1,0,22,38,7393,7777
ATTCCTCCGCCAGTGC-1,0,23,39,7646,7922
TCGTCCGCTGGCGTCT-1,1,22,40,7393,8067
GGAGAAGTCATTGGCA-1,0,23,41,7645,8213
TTGTTAGCAAATTCGA-1,0,22,42,7393,8358
TCTAGCATCTTCGATG-1,0,23,43,7645,8503
TTCTAGGCCAATTGTG-1,0,22,44,7392,8648
TCACGGTCATCGCACA-1,1,23,45,7645,8793
ATGAAGCCAAGGAGCC-1,1,22,46,7392,8938
AATGACTGTCAGCCGG-1,1,23,47,7645,9083
CCAAACAGAACCCTCG-1,1,22,48,7392,9228
TATCGATGATTAAACG-1,1,23,49,7644,9374
GAACACACATCAACCA-1,1,22,50,7392,9519
CCCGTCAGCGTCTGAC-1,1,23,51,7644,9664
AGCATCGTCGATAATT-1,1,22,52,7391,9809
GACTAAGATCATGCAC-1,1,23,53,7644,9954
TAGGGTGTTTCAAGAG-1,1,22,54,7391,10099
TGGTTCGTAGCAAAGG-1,1,23,55,7643,10244
CTGTTCACTGCCTGTG-1,1,22,56,7391,10389
ATGTGCATCCGACGCA-1,1,23,57,7643,10535
TTGTCGTTCAGTTACC-1,1,22,58,7391,10680
CGGGATCAATGTAAGA-1,1,23,59,7643,10825
TTATCTGTATCATAAC-1,1,22,60,7390,10970
ATCGACTCTTTCCGTT-1,1,23,61,7643,11115
CTCATTTGATGGGCGG-1,1,22,62,7390,11260
GTAAGCGGGCAGTCAG-1,1,23,63,7642,11405
TCTATCGGTCGCAACA-1,1,22,64,7390,11550
AACGCGGTCTCCAGCC-1,1,23,65,7642,11696
ATTAATACTACGCGGG-1,1,22,66,7390,11841
CTTTAACTTTCAAAGG-1,1,23,67,7642,11986
CGTACCTGATAGGCCT-1,1,22,68,7389,12131
GAATGTTGGGTAATCT-1,1,23,69,7642,12276
TGCGGAGTAAAGGTGC-1,1,22,70,7389,12421
CCTGAATATTTACATA-1,1,23,71,7641,12566
TTGCTCCCATACCGGA-1,1,22,72,7389,12711
CCTCTAATCTGCCAAG-1,1,23,73,7641,12857
AGGTTGAGGCACGCTT-1,1,22,74,7389,13002
TCCCGTCAGTCCCGCA-1,1,23,75,7641,13147
TCCGATGACTGAGCTC-1,1,22,76,7388,13292
CAGCCTCCTGCAGAGG-1,0,23,77,7641,13437
CTTAGCCTTCCACATG-1,0,22,78,7388,13582
ATTAATGAACCAGTCG-1,0,23,79,7640,13727
ACGATACATAGAACTA-1,0,22,80,7388,13872
AGCCACTCCCGTGCTT-1,0,23,81,7640,14018
ATACGGGTTTCGATTG-1,0,22,82,7387,14163
CTGTCAAATGGCTCGG-1,0,23,83,7640,14308
GCTCGGAATTTAAAGC-1,0,22,84,7387,14453
TAGGCATGTTACGCCA-1,0,23,85,7640,14598
TGGCAACTCGCGCGCC-1,0,22,86,7387,14743
ATCAGTAGGCAGGGAT-1,0,23,87,7639,14888
TATCGATCTATGCATA-1,0,22,88,7387,15033
CGACTCAGGATGTTAT-1,0,23,89,7639,15179
GCCATATTGCACACAG-1,0,22,90,7386,15324
AATTCATAAGGGATCT-1,0,23,91,7639,15469
CGGTAGAGGTGCAGGT-1,1,22,92,7386,15614
AATGATGATACGCTAT-1,0,23,93,7639,15759
CTTGTGCTCACCGATT-1,1,22,94,7386,15904
TTCCAATCAGAGCTAG-1,1,23,95,7638,16049
CGATGGACCCTACGCC-1,1,22,96,7386,16194
GGTCGGATAAACGGCG-1,0,23,97,7638,16340
TTAGCTAATACGATCT-1,1,22,98,7385,16485
CTCGATATTTGCGAGC-1,1,23,99,7638,16630
ATTACTTACTGGGCAT-1,1,22,100,7385,16775
CTAGCCGATGTTATGA-1,1,23,101,7638,16920
TACTGCAATCAATTAC-1,1,22,102,7385,17065
TAGTCTGTGACGTTGC-1,1,23,103,7637,17210
CTCGTTTCTAATGTTT-1,1,22,104,7385,17355
TTCGTTCAACGAAGTT-1,0,23,105,7637,17501
CTGAATTTATTGCCAG-1,0,22,106,7384,17646
TGGAATATCCTTGACC-1,0,23,107,7637,17791
CAGATCATTTAAAGTC-1,0,22,108,7384,17936
CTCCTTTACGCAAGTC-1,0,23,109,7636,18081
TCCCAAACAGACAACG-1,0,22,110,7384,18226
ATCGCTGCGTGCAGCA-1,0,23,111,7636,18371
TTAGTTCAAGTGTTCG-1,0,22,112,7384,18516
AAACTCGTGATATAAG-1,0,23,113,7636,18662
TTAACGAACAAGCAGT-1,0,22,114,7383,18807
GTTATATCAGGAGCCA-1,0,23,115,7636,18952
CAAATTGGATTATGCC-1,0,22,116,7383,19097
CGAGGAGCTTCCATAT-1,0,23,117,7635,19242
GGAGACCAATGTGCTT-1,0,22,118,7383,19387
CATTGATGAACACGCC-1,0,23,119,7635,19532
GTCAATGCTATAATTT-1,0,22,120,7383,19677
ACCACCCTCTCTTCTA-1,0,23,121,7635,19823
TGGAGGGAAACACCTC-1,0,22,122,7382,19968
CACGGACGTGGATGGC-1,0,23,123,7635,20113
AACTTTCTCGATCATG-1,0,22,124,7382,20258
CGTATTGTTTCCTAAT-1,0,23,125,7634,20403
CCTACTGCGGCGGCCA-1,0,22,126,7382,20548
CTTAGGTCCCAATCGT-1,0,23,127,7634,20693
CGCAATCGATCATTAG-1,1,24,0,7903,2263
TGGTTATGCTTGCGGT-1,0,25,1,8156,2408
GGCTTGGCTCTCACCT-1,1,24,2,7903,2553
ATTGGTAGGATCCGCT-1,0,25,3,8155,2698
TCAGGGCGACTTCCTT-1,0,24,4,7903,2843
TCTGCAGATTCGAGTC-1,0,25,5,8155,2989
CTCTCGCTGTACTATG-1,0,24,6,7902,3133
AATAGTCGCGAGTCGG-1,0,25,7,8155,3279
AGTTACCCTTAAGACT-1,0,24,8,7902,3424
CTTAAATAAGACCCAT-1,0,25,9,8154,3569
GGTTGTGCTCTTGTCC-1,0,24,10,7902,3714
GTGAGTCTAAGACGGA-1,0,25,11,8154,3859
CGCGACACTGCGCAGC-1,0,24,12,7902,4004
GCTCGCGGTTCCGCTC-1,0,25,13,8154,4150
TTAACTCACGCGTGGA-1,0,24,14,7901,4294
GGAACGGCCTGCAGCC-1,0,25,15,8154,4440
GTAGAAACGGGTGGAG-1,0,24,16,7901,4585
TAATGAAAGACCCTTG-1,1,25,17,8153,4730
AGGCTTGCTAGACACC-1,1,24,18,7901,4875
TTGCGTAGTTTGAGGA-1,0,25,19,8153,5020
CGCCCTTGAAGGCTGA-1,1,24,20,7901,5165
CCCGGTGGAAGAACCT-1,0,25,21,8153,5311
TTAACACCTCGAACAT-1,1,24,22,7900,5455
GATTCCTATACGGCGC-1,1,25,23,8153,5601
TTACCCTAACAGTCCT-1,1,24,24,7900,5746
ACCCACCTACATGCTC-1,1,25,25,8152,5891
AAAGGGCAGCTTGAAT-1,0,24,26,7900,6036
CACACAGGGATAGATT-1,1,25,27,8152,6181
AGAGCGTACAAGCTCG-1,0,24,28,7900,6326
TCTTACGGCATCCGAC-1,1,25,29,8152,6472
GCCTATTCCGATATAG-1,0,24,30,7899,6617
GAAAGTGACTAACTGC-1,1,25,31,8152,6762
CCGGAATGGTTTCAGT-1,1,24,32,7899,6907
AGTATAATACTAGGCA-1,1,25,33,8151,7052
TAACTATCGAAGGTCC-1,1,24,34,7899,7197
ATGAGGAGTGTTAATC-1,1,25,35,8151,7342
TGTGTCGCGAGTTGCA-1,1,24,36,7898,7487
ATCCAACGCAGTCATA-1,1,25,37,8151,7633
AAGGCGCGTAAAGCTT-1,0,24,38,7898,7778
AGTCGGCCCAAACGAC-1,1,25,39,8151,7923
AACGTCAGACTAGTGG-1,0,24,40,7898,8068
ACTACCAGCTCTCTGG-1,1,25,41,8150,8213
GCAAGTGCACAGAGAA-1,1,24,42,7898,8358
ACACCTTAAGTAGGGC-1,1,25,43,8150,8503
TTCGACGGGAAGGGCG-1,1,24,44,7897,8648
TTCGCACTCGCGTGCT-1,1,25,45,8150,8794
TATTTGTTACCCTTTA-1,1,24,46,7897,8939
CGCTGTGACGCCGCAC-1,1,25,47,8150,9084
GTTGCACGGAGTTTCG-1,1,24,48,7897,9229
GTTTCCTGGAGGGTGA-1,1,25,49,8149,9374
ACACCCAGCATGCAGC-1,1,24,50,7897,9519
TCAACCATGTTCGGGC-1,1,25,51,8149,9664
TTACAACTACGCATCC-1,1,24,52,7896,9809
TCCGATGGTGCGACAT-1,1,25,53,8149,9955
GGGCGTACATTTATAT-1,1,24,54,7896,10100
AGCGACCAACGATATT-1,1,25,55,8149,10245
ACACAAAGACGGGTGG-1,1,24,56,7896,10390
ATCGCACGCCGGGAGA-1,1,25,57,8148,10535
GCTCTAAACCCTGACG-1,1,24,58,7896,10680
AATGCAACCGGGTACC-1,1,25,59,8148,10825
TCAAACAACCGCGTCG-1,1,24,60,7895,10970
TATGCTCCCTACTTAC-1,1,25,61,8148,11116
AAAGGGATGTAGCAAG-1,1,24,62,7895,11261
ACGATCATACATAGAG-1,1,25,63,8147,11406
TTGTTCAGTGTGCTAC-1,1,24,64,7895,11551
ATGCATGATCCAGGAT-1,1,25,65,8147,11696
AGTCTTCTCCTCAAAT-1,1,24,66,7895,11841
GATTCCCTTGTCGCAG-1,1,25,67,8147,11986
CTCGCACCTATATAGT-1,1,24,68,7894,12131
ACTCAATAAAGGCACG-1,1,25,69,8147,12277
AACCGAGCTTGGTCAT-1,1,24,70,7894,12422
TAAGGCAACATAAGAT-1,1,25,71,8146,12567
CACGCACAGCGCAGCT-1,1,24,72,7894,12712
GGTTTACAATCTCAAT-1,0,25,73,8146,12857
TGCAGGATCGGCAAAG-1,1,24,74,7894,13002
ATAACGGAGTCCAACG-1,0,25,75,8146,13147
AACGATATGTCAACTG-1,0,24,76,7893,13292
GACAACGACCATTGAA-1,0,25,77,8146,13438
TTGACCATGTTCTCCG-1,0,24,78,7893,13583
AGTACGGGCACCTGGC-1,0,25,79,8145,13728
CGCCATCCGATTATGA-1,0,24,80,7893,13873
AAGGTATCCTAATATA-1,0,25,81,8145,14018
TGTTGTCAAGAAGTCT-1,0,24,82,7893,14163
CAGTGAATAAATGACT-1,0,25,83,8145,14308
CACCTTGCGAAACTCG-1,0,24,84,7892,14453
CATTTAGCGGACCATG-1,0,25,85,8145,14599
CCAGTCTAGACGGCGC-1,0,24,86,7892,14744
TCGCTTTAAACGTTTG-1,0,25,87,8144,14889
GTGAAACGGCGCCACC-1,0,24,88,7892,15034
GGGCTCATCGAACCCA-1,0,25,89,8144,15179
TTGATGTGTAGTCCCG-1,0,24,90,7891,15324
CAGTAGCCCACGCGGT-1,0,25,91,8144,15469
AGCGCGGGTGCCAATG-1,0,24,92,7891,15614
TAATCGATCCGTACGT-1,0,25,93,8144,15760
AGTGGCGGCAATTTGA-1,0,24,94,7891,15905
CCTTTCAATGAAGAAA-1,0,25,95,8143,16050
CTCAGTCACGACAAAT-1,1,24,96,7891,16195
ATAGGCTAGCTTCGCA-1,0,25,97,8143,16340
CGGTTCAAGTAGGTGT-1,1,24,98,7890,16485
CAGTCGAGGATGCAAT-1,0,25,99,8143,16630
TATCACCCAACCGACC-1,1,24,100,7890,16775
AATGATGCGACTCCTG-1,0,25,101,8143,16921
TGGAACCACTGACACA-1,1,24,102,7890,17066
GCCAATAGGGCATCTC-1,1,25,103,8142,17211
TTCTTTGGTCGCGACG-1,1,24,104,7890,17356
ATTAGATTCCTCAGCA-1,1,25,105,8142,17501
CCGTGGAACGATCCAA-1,0,24,106,7889,17646
GGGTCGTGGCAAGTGT-1,0,25,107,8142,17791
TCGCTCGGCACCAGCG-1,0,24,108,7889,17936
ACGCAATCACTACAGC-1,0,25,109,8142,18082
CTCTAATGCATTGATC-1,0,24,110,7889,18227
GTCTCGACTAAGTTTG-1,0,25,111,8141,18372
TGGTTTAAACGTGGGT-1,0,24,112,7889,18517
CGCAGATCTTCACCCG-1,0,25,113,8141,18662
TCCAGATGTACGCCAA-1,0,24,114,7888,18807
CATTGCGGGTCAATTC-1,0,25,115,8141,18952
GACGTTCGTAAATACA-1,0,24,116,7888,19097
TACACCGTCGTTAGTC-1,0,25,117,8140,19243
ACGGGCGTATGCGACA-1,0,24,118,7888,19388
GAAGGCTACCATTGTT-1,0,25,119,8140,19533
TAAATCTTTACACCTC-1,0,24,120,7888,19678
AGTTTATGTAAAGACA-1,0,25,121,8140,19823
AGGAGACATCCACAGT-1,0,24,122,7887,19968
CAACCTGAACCTGCCA-1,0,25,123,8140,20113
AGTCCCTCGCAGAAAG-1,0,24,124,7887,20258
TGTATACGGATGATGA-1,0,25,125,8139,20404
TTGTGGTATAGGTATG-1,0,24,126,7887,20549
TCTGCACCATTAGTAA-1,0,25,127,8139,20694
AAATGTATCTTATCCC-1,0,26,0,8408,2263
ACTCTAAACCTGGGAT-1,0,27,1,8661,2409
GCTGGCAGGTGCCGTG-1,0,26,2,8408,2553
CTCATTCGTGAACATC-1,0,27,3,8660,2699
TCGCCGGATGGGCAAG-1,0,26,4,8408,2844
GGACTAAGTCAGGAGT-1,0,27,5,8660,2989
TATCAAAGGTCTGTAA-1,0,26,6,8407,3134
TTCAGTTTGTGGCAGC-1,0,27,7,8660,3279
TGTTCATAAATGTGCT-1,0,26,8,8407,3424
CTTAGCCCGGATAGTG-1,0,27,9,8660,3570
GATGCGAATGGTATTA-1,1,26,10,8407,3714
TCTAACTGTATGTAAA-1,0,27,11,8659,3860
TTAAACCTGGTTCCTT-1,0,26,12,8407,4005
GCTAAGTAAAGGCGAT-1,0,27,13,8659,4150
AGTTACCGCACATGGT-1,0,26,14,8406,4295
GACTGCGGCACGTGTA-1,0,27,15,8659,4440
TGGTGATCGTATTTGT-1,0,26,16,8406,4585
TTATCGCCTGCGAAGC-1,1,27,17,8658,4731
TGGAATTAGACGCTTT-1,0,26,18,8406,4875
TCGTCACACTGTTAGC-1,0,27,19,8658,5021
TTATGTTTGCGATAGA-1,0,26,20,8406,5166
GGTGCTGATCACAAAG-1,0,27,21,8658,5311
CATAGCCGCCCGGGAT-1,1,26,22,8405,5456
GGTTAGTTACGGCGCC-1,0,27,23,8658,5601
ATTCCCACATAAACAA-1,1,26,24,8405,5746
ATTCAGTAGCAGGGTC-1,1,27,25,8657,5892
CAGTTCCGCGGGTCGA-1,1,26,26,8405,6036
AAGAGATGAATCGGTA-1,1,27,27,8657,6182
CGCAATTCTACAATAA-1,1,26,28,8405,6327
TAACGCTTTGAGAGCG-1,1,27,29,8657,6472
AGGCTATGGTTAGCTT-1,1,26,30,8404,6617
GAGGAATGGAGAGGTT-1,1,27,31,8657,6762
TCCTCTACGAGATGGC-1,1,26,32,8404,6907
TTGATTATGCAGATGA-1,1,27,33,8656,7053
TCAGTACTGACCCGCG-1,1,26,34,8404,7197
TTATGACAAACTGGAT-1,1,27,35,8656,7343
GTAAGTAGGGTATACC-1,1,26,36,8404,7488
CGCAAACACGAGTTAC-1,1,27,37,8656,7633
TGGCCGTATATTGACC-1,1,26,38,8403,7778
ACTGTAGCACTTTGGA-1,1,27,39,8656,7923
GCTCTATGTTACGTGC-1,1,26,40,8403,8068
TGCGCGATTAACGGAG-1,1,27,41,8655,8214
GAATCGACATGGTCAC-1,1,26,42,8403,8358
GACTAAGTAGGCTCAC-1,1,27,43,8655,8504
ATCTTGACCTGCAACG-1,1,26,44,8402,8649
ATGCACTACCGCATTG-1,1,27,45,8655,8794
CAGATACTAACATAGT-1,1,26,46,8402,8939
GATCGACACTATCTGA-1,1,27,47,8655,9084
ATAGAGTACTGGGACA-1,1,26,48,8402,9229
CCTACTGCTTACACTT-1,1,27,49,8654,9375
CCTGCTATTTGAGAAG-1,1,26,50,8402,9519
CGCGTTCATGAAATAC-1,1,27,51,8654,9665
CATTATGCTTGTTGTG-1,1,26,52,8401,9810
CCAGGGACGTGGCCTC-1,1,27,53,8654,9955
TATGGATGTGCTACGC-1,1,26,54,8401,10100
GTACTAAGATTTGGAG-1,1,27,55,8654,10245
AGACCCGCCCTCCTCG-1,1,26,56,8401,10390
CGCATTAGCTAATAGG-1,1,27,57,8653,10536
GCTCTCGGGTACCGAA-1,1,26,58,8401,10680
CACCGCCAGAAGGTTT-1,1,27,59,8653,10826
TCCCAAAGACGAAGGA-1,1,26,60,8400,10971
ATGGATTGACCAAACG-1,1,27,61,8653,11116
GTCATGGACATGACTA-1,1,26,62,8400,11261
CTACTGCCACCTGACC-1,1,27,63,8653,11406
TTATATTTGGCAATCC-1,1,26,64,8400,11551
AGCACCAGTACTCACG-1,1,27,65,8652,11697
CATGGTCTAGATACCG-1,1,26,66,8400,11841
TCTACCGTCCACAAGC-1,1,27,67,8652,11987
CTAGTTGGGCCCGGTA-1,1,26,68,8399,12132
TCCCGCGTACTCCTGG-1,1,27,69,8652,12277
CAGAGCATGAGCTTGC-1,1,26,70,8399,12422
ACACGGGAACTTAGGG-1,1,27,71,8651,12567
GGCTCTGCTCCAACGC-1,1,26,72,8399,12712
AGAACGTGGTACATTC-1,0,27,73,8651,12858
CAATAAACCTTGGCCC-1,0,26,74,8399,13002
ACTTCGCCATACGCAC-1,0,27,75,8651,13148
ATCTGGTTAAGACTGT-1,0,26,76,8398,13293
TCGTAAGACGACATTG-1,0,27,77,8651,13438
GTGTACCTTGGCTACG-1,0,26,78,8398,13583
GCCCGTAATACCTTCT-1,0,27,79,8650,13728
CGGTCAAGTGGGAACC-1,0,26,80,8398,13873
TTGTAAGGCCAGTTGG-1,0,27,81,8650,14019
GGAGCACCAAGAACTA-1,0,26,82,8398,14163
TAATAGTGACGACCAG-1,0,27,83,8650,14309
CTAAATCCTATTCCGG-1,0,26,84,8397,14454
CGAGTTCTGTCCCACC-1,0,27,85,8650,14599
AGGCAGATGCGTAAAC-1,0,26,86,8397,14744
AAGGATGAGGGACCTC-1,0,27,87,8649,14889
AGAGAACCGTCTAGGA-1,0,26,88,8397,15034
GAGGGCGCAGCTCTGC-1,0,27,89,8649,15180
AAGATTGGCGGAACGT-1,0,26,90,8397,15325
CCAGTAGTCTGATCCA-1,0,27,91,8649,15470
AAGGGACAGATTCTGT-1,0,26,92,8396,15615
ATAGAGTTATCAACTT-1,0,27,93,8649,15760
AAATTACCTATCGATG-1,0,26,94,8396,15905
GATCCTAAATCGGGAC-1,0,27,95,8648,16050
TTACAGACCTAAATGA-1,0,26,96,8396,16195
CCTCACCTTAGCATCG-1,0,27,97,8648,16341
CATGCGACCAGTTTAA-1,0,26,98,8395,16486
AACATATCAACTGGTG-1,1,27,99,8648,16631
CTATAAGAGCCAATCG-1,1,26,100,8395,16776
AATATCGAGGGTTCTC-1,1,27,101,8648,16921
GTACTCCTGGGTATGC-1,1,26,102,8395,17066
ATAAGTAGGATTCAGA-1,1,27,103,8647,17211
AGGTCGCGGAGTTACT-1,1,26,104,8395,17356
CTAATTCTCAGATATT-1,0,27,105,8647,17502
GCCAACCATTTCCGGA-1,0,26,106,8394,17647
TGATCCCAGCATTAGT-1,0,27,107,8647,17792
CGTTGTAAGATTGATT-1,0,26,108,8394,17937
GAAACCATGGTGCGCT-1,0,27,109,8647,18082
AATCTATGCCGGAGCC-1,0,26,110,8394,18227
GACTCCCAGAATAAGG-1,0,27,111,8646,18372
TATGATCCGGCACGCC-1,0,26,112,8394,18517
CCGCTTGCTGACATGG-1,0,27,113,8646,18663
TGGTTAAGGGCGCTGG-1,0,26,114,8393,18808
TTGATAGTCAATACAT-1,0,27,115,8646,18953
GGTTTAATTGAGCAGG-1,0,26,116,8393,19098
CATTACATAGATTGTG-1,0,27,117,8646,19243
GGTACACCAGATTTAT-1,0,26,118,8393,19388
GGCCCGTATACCATGC-1,0,27,119,8645,19533
ATCTTTCGTATAACCA-1,0,26,120,8393,19678
GAGATGACAATCCTTA-1,0,27,121,8645,19824
AAAGCTTGCCTACATA-1,0,26,122,8392,19969
GAACGATAAGTTAAAG-1,0,27,123,8645,20114
TAATAGCTAAATGATG-1,0,26,124,8392,20259
TATGGCTAGGCTAATT-1,0,27,125,8644,20404
AGGAGAGTCTGGCTAC-1,0,26,126,8392,20549
TGCTCTGCCGGTTCAC-1,0,27,127,8644,20694
CCAATAGATTTCATCT-1,0,28,0,8913,2264
GGGCACGAATTGGCCG-1,0,29,1,9166,2409
TCGTTGACAGGGTCCC-1,0,28,2,8913,2554
ATCGTATTCCGAGAAC-1,0,29,3,9165,2699
GGGAATTCTGTCCAGT-1,0,28,4,8913,2844
ACGCGTTTCTTAAGAG-1,0,29,5,9165,2989
GAGAGCGCAGTCCCTG-1,0,28,6,8912,3134
GTCCTATTGTTGTGGT-1,0,29,7,9165,3280
CATCTGCAGGATCATT-1,0,28,8,8912,3425
GAGTCGACAGACCCTC-1,0,29,9,9165,3570
AAGTGCAAAGGTAGAC-1,0,28,10,8912,3715
AGGGTGGATAGTGCAT-1,0,29,11,9164,3860
TGATAGCGGGATTCTA-1,0,28,12,8912,4005
GTCAGTTTGGTAGTCG-1,0,29,13,9164,4150
GCATTCGAAATGAACA-1,0,28,14,8911,4295
AAAGACTGGGCGCTTT-1,0,29,15,9164,4441
TAACAATATTTGTTGC-1,0,28,16,8911,4586
CCAGCTTCCGCCCGCA-1,0,29,17,9164,4731
GATATGGATTACGCGG-1,0,28,18,8911,4876
AGAGCAGTTATGAGAC-1,0,29,19,9163,5021
TCACATCTTATCTGAT-1,0,28,20,8911,5166
TATGAAGACAGGTGCG-1,0,29,21,9163,5311
TACCTGCTGCACTGTG-1,0,28,22,8910,5456
TAGGTCCAAGTAAGGA-1,0,29,23,9163,5602
GAAACTCGTGCGATGC-1,0,28,24,8910,5747
AACAATTACTCTACGC-1,1,29,25,9162,5892
CCGCACGTGACCTCGG-1,0,28,26,8910,6037
AACTTGCCCGTATGCA-1,0,29,27,9162,6182
GGGTATGTATGCACTT-1,1,28,28,8910,6327
TTCGTACTCCAGAACG-1,1,29,29,9162,6473
GAATTTCTCGCTGCAG-1,1,28,30,8909,6617
AACAGGATGGGCCGCG-1,1,29,31,9162,6763
GACGTGTAGGGATTAT-1,1,28,32,8909,6908
TAGGTGAGCCCTACTC-1,1,29,33,9161,7053
CTAATTCGCACGCGCT-1,1,28,34,8909,7198
GAAGCTTGCTGACCGC-1,1,29,35,9161,7343
GGTTAGGCTTGGAGAA-1,1,28,36,8909,7488
ACAAGGACAAGAGGTT-1,1,29,37,9161,7634
AGGCCACCCGTTATGA-1,1,28,38,8908,7778
GTGGGCTTAGACACAC-1,1,29,39,9161,7924
CGTGTCCCATTCGCGA-1,1,28,40,8908,8069
TGGAGTGATGCGATGA-1,1,29,41,9160,8214
AACAACTGGTAGTTGC-1,1,28,42,8908,8359
CCTGGCTAGACCCGCC-1,1,29,43,9160,8504
CGCAATTAGGGTAATA-1,1,28,44,8908,8649
TCGAAATTTAGGACCA-1,1,29,45,9160,8795
AGACTAGCCTTCCAGA-1,1,28,46,8907,8939
TTGATCTAACTTTGTC-1,1,29,47,9160,9085
AAGGAGCGGTTGGTGC-1,1,28,48,8907,9230
ACTTGGGACCCGGTGG-1,1,29,49,9159,9375
TGATCTCCGGCGCCAG-1,1,28,50,8907,9520
CAGTTCAAATTGACAC-1,1,29,51,9159,9665
GTCCGGCTGAATTGCG-1,1,28,52,8906,9810
CTGGAAATGGATGCTT-1,1,29,53,9159,9956
TGATCGGTTTGACCCT-1,1,28,54,8906,10100
TAGAGTCTAAGCGAAC-1,1,29,55,9159,10246
GAGACTGATGGGTAGA-1,1,28,56,8906,10391
TAGCTAAGTCCGGGAG-1,1,29,57,9158,10536
GGGCGATATGTGTGAA-1,1,28,58,8906,10681
CTCGAGGTCGAACAGT-1,1,29,59,9158,10826
GATCCCTTTATACTGC-1,1,28,60,8905,10971
GTCATGCACCTCCGTT-1,1,29,61,9158,11117
ACTTTCCTATAGCTTC-1,1,28,62,8905,11261
TCGCTCGATATATTCC-1,1,29,63,9158,11407
ATAGGTTGGGCAGATG-1,1,28,64,8905,11552
CAATTAAGGGTGATGA-1,1,29,65,9157,11697
ACCGACTGAGTCCCAC-1,1,28,66,8905,11842
CCTGTCACCCGGGCTC-1,1,29,67,9157,11987
GATCGGTGGCCATAAC-1,1,28,68,8904,12132
CCTATGGGTTACCGTC-1,1,29,69,9157,12278
TTGGGACACTGCCCGC-1,1,28,70,8904,12422
CGAGGCTAAATATGGC-1,0,29,71,9157,12568
TCAGGGTGTAACGTAA-1,0,28,72,8904,12713
CGAGAGATGTGAACCT-1,0,29,73,9156,12858
TCGCTGGGCGGATTGT-1,0,28,74,8904,13003
AGATCTCAGGTGTGAT-1,0,29,75,9156,13148
TGGCCAAACTGAAGTA-1,0,28,76,8903,13293
GCTTCCGTCCCTAGAC-1,0,29,77,9156,13439
CAGCAGCCCGTTCCTT-1,0,28,78,8903,13583
TGTATAACAGATCCTG-1,0,29,79,9155,13729
CGCGGGAATTAGGCAG-1,0,28,80,8903,13874
TGCATGTGGTAATCTA-1,0,29,81,9155,14019
ACAATTTGAGCAGTGG-1,0,28,82,8903,14164
GAGCTAAGGGCATATC-1,0,29,83,9155,14309
CCAGATAGTTGAGTGA-1,0,28,84,8902,14454
CCACAATGTACGTCTT-1,0,29,85,9155,14600
CAATGGATCTCTACCA-1,0,28,86,8902,14744
TGTGGCAAAGCGTATG-1,0,29,87,9154,14890
TAAAGCGTTAGGAGAA-1,0,28,88,8902,15035
TCCGTTTAGCCTTGAA-1,0,29,89,9154,15180
CAGCTCGACAAGTTAA-1,0,28,90,8902,15325
GCCTATAGTGTCAGGG-1,0,29,91,9154,15470
ATAGACAACGGGACCT-1,0,28,92,8901,15615
CTACTATCTTTCAGAG-1,0,29,93,9154,15761
GCGCTGCTTTGCATTT-1,0,28,94,8901,15905
GCGCATCCAGTCAGCA-1,0,29,95,9153,16051
GACTCGCGGGAATGAC-1,0,28,96,8901,16196
CTGGTAACGAGCTCTT-1,0,29,97,9153,16341
TCCGGCCTAGCGTACA-1,0,28,98,8901,16486
TCTAGGTGGCGACGCT-1,0,29,99,9153,16631
ACGCTAGTGATACACT-1,0,28,100,8900,16776
ATCTGCACCTCTGCGA-1,0,29,101,9153,16922
CCTCACCTGAGGGAGC-1,0,28,102,8900,17066
AGTGAGCCTCGCCGCC-1,0,29,103,9152,17212
ACGAGTACGGATGCCC-1,0,28,104,8900,17357
GGTACCATTAAGACGG-1,0,29,105,9152,17502
TTCTGCTAGACTCCAA-1,0,28,106,8899,17647
TAACTATTACGCCAAA-1,0,29,107,9152,17792
GCATTCAAGGCAACGC-1,0,28,108,8899,17937
AGTACATCATTTATCA-1,0,29,109,9152,18083
GTCGTGTCTGGTCATC-1,0,28,110,8899,18227
AGTCTAAAGTATACTC-1,0,29,111,9151,18373
CGGCCCAACCTGTAGT-1,0,28,112,8899,18518
AGGGAGACATACTTCG-1,0,29,113,9151,18663
TCCCTAGATCAATAGG-1,0,28,114,8898,18808
TCCCGTCGCGTCATAG-1,0,29,115,9151,18953
CGCATCCATCAGCCAG-1,0,28,116,8898,19098
CTGCACCTAGTCCACA-1,0,29,117,9151,19244
CGAGGATCGGGAACGA-1,0,28,118,8898,19388
CAATGAGGTTCGACTA-1,0,29,119,9150,19534
TCTGACGGGCTAACCC-1,0,28,120,8898,19679
TTCTATGCCTTTCGCA-1,0,29,121,9150,19824
AGAGTATAGTGTTACG-1,0,28,122,8897,19969
CCATTGTTTCCTCCAT-1,0,29,123,9150,20114
CTCATCACTTAGTGAT-1,0,28,124,8897,20259
CCGAAGGGCGTACCGC-1,0,29,125,9150,20405
TCAAGCTGCCTTGAAA-1,0,28,126,8897,20549
CTCATTAACGTTGCCC-1,0,29,127,9149,20695
GTCTTCCTCACCTAAG-1,0,30,0,9418,2264
GGTGATGAAGGAAGTG-1,0,31,1,9671,2409
TCAATACAATTGCTGC-1,0,30,2,9418,2554
GCAACCCAAGTTGTTT-1,0,31,3,9670,2700
ATGAAGTGGACCCAGC-1,0,30,4,9418,2845
GAGAATCTCACGATCA-1,0,31,5,9670,2990
TATATCATTGATCAGT-1,0,30,6,9417,3135
AACTTTACGGGAGCTT-1,0,31,7,9670,3280
TTCTTGTGTCCATCAG-1,0,30,8,9417,3425
ACAATTTAGGAGGCTC-1,0,31,9,9670,3570
ATACTTGTTCTCGAGC-1,0,30,10,9417,3715
CACGGGATTGAGGGTT-1,0,31,11,9669,3861
GTTAATGTCTATCTTA-1,0,30,12,9417,4006
GCGTTATATTTGGAAC-1,0,31,13,9669,4151
CGTCAAGGCTATAAAT-1,0,30,14,9416,4296
TTAGCTCTGTAATCCG-1,0,31,15,9669,4441
AATGGTCCACCGTTCA-1,0,30,16,9416,4586
GTCATTGCATTGACCC-1,0,31,17,9669,4731
TGTCCGTGGCGCCTTT-1,0,30,18,9416,4876
TCAACTAACGTATAAC-1,0,31,19,9668,5022
TCCTCTCCAGTTGTCC-1,0,30,20,9416,5167
TGTGTTCGTATCCAAG-1,0,31,21,9668,5312
CCGCGTAGGTAAGGGC-1,0,30,22,9415,5457
CTGCGGGTGAAATGTT-1,0,31,23,9668,5602
TATCTACAGAGGTAAT-1,0,30,24,9415,5747
CTACTCTAGGCCCGGC-1,0,31,25,9668,5892
ACAAGCAGTGCCTAGC-1,0,30,26,9415,6037
TACAAGTCTCGTGCAT-1,0,31,27,9667,6183
TCGGAATGCGCTCTGA-1,0,30,28,9415,6328
TCGCGTCCAGAAGGTC-1,0,31,29,9667,6473
TATGGCCCGGCCTCGC-1,1,30,30,9414,6618
GCTGGCATATTCACCT-1,1,31,31,9667,6763
GTCAGAATAGTCTATG-1,1,30,32,9414,6908
GGCGTCCTATCCGCTG-1,1,31,33,9666,7053
CGGAGTTTGAGAGACA-1,1,30,34,9414,7198
AGCACTTAAGGACGCC-1,1,31,35,9666,7344
TCCACAATGGTTTACG-1,1,30,36,9414,7489
CCAACGATGCACTGAT-1,1,31,37,9666,7634
ATTTACAGTTTACTGG-1,1,30,38,9413,7779
CCCTGAAATGAGTTGA-1,1,31,39,9666,7924
CAAACGGTCGCACTTT-1,1,30,40,9413,8069
TGATTCGTCTATCACT-1,1,31,41,9665,8214
TCAGGTTCTTTGAGAA-1,1,30,42,9413,8359
CACGCAGCGAGGCTTT-1,1,31,43,9665,8505
TTAAGCGCCTGACCCA-1,1,30,44,9413,8650
CTTACACGGTATTCCA-1,1,31,45,9665,8795
AAGGCTGTGCTCATCG-1,1,30,46,9412,8940
GACCAGAGCCCTGTAG-1,1,31,47,9665,9085
TCCCAGGCTTAGCTAA-1,1,30,48,9412,9230
ATTGAAGATCTTAGTG-1,1,31,49,9664,9375
AGTTCCTACAGAATTA-1,1,30,50,9412,9520
GGGCTGGTTAGTCGCG-1,1,31,51,9664,9666
GAAATGGCGGTGTTAG-1,1,30,52,9412,9811
TACGAACACGACTTCA-1,1,31,53,9664,9956
ACCACAAGTTTCTATC-1,1,30,54,9411,10101
ATATTTAACCCTCAAG-1,1,31,55,9664,10246
GATCATTCCAAACATT-1,1,30,56,9411,10391
TCCAGGCGAGTACGGT-1,1,31,57,9663,10536
GTTTGACCAAATCCTA-1,1,30,58,9411,10681
CACAGCACCCACGGCA-1,1,31,59,9663,10827
TGCAAGAATGACGTAA-1,1,30,60,9410,10972
GCGAAGCCATACCCGT-1,1,31,61,9663,11117
TCCTTTCTTACGCTTA-1,1,30,62,9410,11262
GCTGCTCTCCGGACAC-1,1,31,63,9663,11407
ACTGTCTTCTTTAGAA-1,1,30,64,9410,11552
TCAAACTTAGATTGTT-1,1,31,65,9662,11697
CTATGTCACTAGCCCA-1,1,30,66,9410,11842
TGCGCAAAGCATTTGG-1,1,31,67,9662,11988
TTAATGTAGACCAGGT-1,1,30,68,9409,12133
GGCGGTAGGATCATTG-1,1,31,69,9662,12278
GGCAATAGTCAATGAG-1,1,30,70,9409,12423
ACACGAGACTCCTTCT-1,0,31,71,9662,12568
GACACAAGGGAAGAAA-1,0,30,72,9409,12713
TCAGCAAATGCATCTC-1,0,31,73,9661,12858
GAGATCTGTCACTCCG-1,0,30,74,9409,13003
ATGCCGGTCTTGCATA-1,0,31,75,9661,13149
TTGGGCGGCGGTTGCC-1,0,30,76,9408,13294
TTGTTGTGTGTCAAGA-1,0,31,77,9661,13439
ACTGTACGATACACAT-1,0,30,78,9408,13584
TCCACTTTATCTAGGT-1,0,31,79,9661,13729
GGTCTGAGAATCTGGA-1,0,30,80,9408,13874
TAGAAAGGTGGCGCTA-1,0,31,81,9660,14019
TATGTCTCATTGTGCC-1,0,30,82,9408,14164
GGATTTCACTTCTATA-1,0,31,83,9660,14310
TGAGTGGTCCGTGACG-1,0,30,84,9407,14455
CGCTTTCTTGCATTCG-1,0,31,85,9660,14600
ACCCAACGCCCGTGGC-1,0,30,86,9407,14745
GAACGTCTCATGGTCG-1,0,31,87,9659,14890
AGGGTTCCCTTTGGTT-1,0,30,88,9407,15035
GTAGCTTCCTCTTGTT-1,0,31,89,9659,15181
GCATGAGGGACGCGGC-1,0,30,90,9407,15325
CTACCCTAAGGTCATA-1,0,31,91,9659,15471
TCACCGCTCGGCACTC-1,0,30,92,9406,15616
GGCTCGCGTTGAGGTA-1,0,31,93,9659,15761
CTAACGAAACTTGCTG-1,0,30,94,9406,15906
TTAAACTCGAATTCAT-1,0,31,95,9658,16051
TACTTTACTGAGCCGG-1,0,30,96,9406,16196
GCTTGGATCGATTAGG-1,0,31,97,9658,16342
CGGTTATCCAACAGTG-1,0,30,98,9406,16486
CAGACCTGTAAGTGTT-1,0,31,99,9658,16632
GACGGTCAATAGAAGC-1,0,30,100,9405,16777
CTGACTGCGCAGCTCG-1,0,31,101,9658,16922
CCATACCTTTACTTGT-1,0,30,102,9405,17067
GTAATAAAGGGCTCCC-1,0,31,103,9657,17212
GTGAACTCCCATTCGA-1,0,30,104,9405,17357
GTGGTTACTTCTTTCG-1,0,31,105,9657,17503
TCAGAACCTCCACAGG-1,0,30,106,9405,17647
TCCCACTCTCTTCCGG-1,0,31,107,9657,17793
ATCTTGACTTGTCCAA-1,0,30,108,9404,17938
TCGGGAACGTGCCTAG-1,0,31,109,9657,18083
GTTAGCCGTAAATCAA-1,0,30,110,9404,18228
ATTTACTAAGTCCATT-1,0,31,111,9656,18373
GGGTGCATATGAAAGC-1,0,30,112,9404,18518
TCCGAATGGTCCTGAG-1,0,31,113,9656,18664
TGATGGCTGTTTCTGA-1,0,30,114,9403,18808
AAATAAGGTAGTGCCC-1,0,31,115,9656,18954
CCACTATCCGGGTCAC-1,0,30,116,9403,19099
ACACCACATAATTAGC-1,0,31,117,9656,19244
CGCGGTAAGTCTAGCT-1,0,30,118,9403,19389
GCGGGCATTACGATGC-1,0,31,119,9655,19534
AGGATTGCTTACGACA-1,0,30,120,9403,19679
CTCGGGATAACACCTA-1,0,31,121,9655,19825
GTCGTCTGGTTGGCTA-1,0,30,122,9402,19969
GCAATTAGTCGCACCG-1,0,31,123,9655,20115
GTGACCTAAAGAATAA-1,0,30,124,9402,20260
CTGAGCGAGACTTATT-1,0,31,125,9655,20405
CAAGACTCAGAAGCGC-1,0,30,126,9402,20550
ACTTCGCTAGCGAGTG-1,0,31,127,9654,20695
CCATACTCGCCTCTCC-1,0,32,0,9923,2265
ACGATACCTATCCTGA-1,0,33,1,10176,2410
CTCACCAGTACAAGTG-1,0,32,2,9923,2555
CGAAGACGGTGAGTGC-1,0,33,3,10175,2700
AAATTAATAAGCGCGA-1,0,32,4,9923,2845
GGGCCCTTATCTATAC-1,0,33,5,10175,2990
CTGCCCACGAAGCGTT-1,0,32,6,9923,3135
GGACAAGTTGCAGTGA-1,0,33,7,10175,3281
GTCCGAGAGCAATCAT-1,0,32,8,9922,3426
ATGGCAGCCGAGAAAC-1,0,33,9,10175,3571
CCTCGGATGCTACCTG-1,0,32,10,9922,3716
ATACGGTGAAGATGCA-1,0,33,11,10174,3861
ACATCAGCTGGGACGC-1,0,32,12,9922,4006
GGTTGTGTAGCCTGGC-1,0,33,13,10174,4151
CCTGCGTTCTACGCTT-1,0,32,14,9921,4296
GAACGTTAGGAAGACG-1,0,33,15,10174,4442
CTGATAGTGTATCTCA-1,0,32,16,9921,4587
TTCTGCGAGCGCCCTT-1,0,33,17,10174,4732
CTTTGGCGCTTTATAC-1,0,32,18,9921,4877
TCCGAACTTGGCTTAC-1,0,33,19,10173,5022
TAGATTCCTGGTTATT-1,0,32,20,9921,5167
CCGACAAAGGGAGTGC-1,0,33,21,10173,5312
CCATGGCCCTTGTACC-1,0,32,22,9920,5457
GAAATATCACCATCAG-1,0,33,23,10173,5603
ACGAAATGGGCGGCAC-1,0,32,24,9920,5748
GTGAGCGTGCTGCACT-1,0,33,25,10173,5893
CCGCGGGTACGAAGAA-1,0,32,26,9920,6038
TCCCTGGCTCGCTGGA-1,1,33,27,10172,6183
CAGCTTAGTAGGTAGC-1,1,32,28,9920,6328
CACGAAAGTTAGTCCC-1,1,33,29,10172,6473
ACCTAATCGACTTCCT-1,0,32,30,9919,6618
AAGTAGTGACGCGAGG-1,0,33,31,10172,6764
TCCGATTACATTGCCG-1,0,32,32,9919,6909
CCTCCGACAATTCAAG-1,1,33,33,10172,7054
GTTCACAGGAGTCTAG-1,1,32,34,9919,7199
CGAAGTTGCTCTGTGT-1,1,33,35,10171,7344
GTCGGATATCTCAGAC-1,1,32,36,9919,7489
CGCTCTCCGTAGATTA-1,1,33,37,10171,7634
CAAGCAACGTCGGAGT-1,1,32,38,9918,7779
CCATTCCCTGCCCACA-1,1,33,39,10171,7925
CTTTGGCTTTAGTAAA-1,1,32,40,9918,8070
GGCTATTAAGTTGTAT-1,1,33,41,10170,8215
CCATTAGCGATAATCC-1,1,32,42,9918,8360
TGTTCTTCCATTGACT-1,1,33,43,10170,8505
AGATAACTTCAGGGCC-1,1,32,44,9918,8650
ATAGACGAAGAGAAAG-1,1,33,45,10170,8795
GGCGGAGTAATATTAG-1,1,32,46,9917,8940
TGACCCACGTTAGACA-1,1,33,47,10170,9086
TCACAGGTTATTGGGC-1,1,32,48,9917,9231
TCACGCATTGTAGATC-1,1,33,49,10169,9376
TTGAAGAATTCCCAGG-1,1,32,50,9917,9521
AAATGGTCAATGTGCC-1,1,33,51,10169,9666
TAGTGCCCTCCAGAGT-1,1,32,52,9917,9811
GGTATTGCCGAGTTTA-1,1,33,53,10169,9956
CGTATTAAGAGATCTA-1,1,32,54,9916,10101
ACTGTCCAGGATTATA-1,1,33,55,10169,10247
CGGGCAGCTAAACCGC-1,1,32,56,9916,10392
TTGCTGATCATGTTCG-1,1,33,57,10168,10537
TATGGGTACGTATCGT-1,1,32,58,9916,10682
CAGCTCACTGAGACAT-1,1,33,59,10168,10827
GGGACTGCATAGATAG-1,1,32,60,9916,10972
ACGCATTCGTGAGTAC-1,1,33,61,10168,11117
CTCTGGACGCCTGGTG-1,1,32,62,9915,11262
AGGGTTTAGTTCGGGA-1,1,33,63,10168,11408
GGGAGAACTCACAGTA-1,1,32,64,9915,11553
ATCAATCTGGGCTGCA-1,1,33,65,10167,11698
TCTTCGATACCAATAA-1,1,32,66,9915,11843
ACGTAGATTGCTGATG-1,1,33,67,10167,11988
TCTTGATGCGTAGCGA-1,1,32,68,9914,12133
GGGCTGCCTAGGGCGA-1,1,33,69,10167,12278
CTCTCACAATCGATGA-1,1,32,70,9914,12423
CCAAGCGTAACTCGTA-1,0,33,71,10167,12569
ACAACAGCATGAGCTA-1,1,32,72,9914,12714
GTCCCAACGTAAAGTA-1,1,33,73,10166,12859
TCGGAGTACATGAGTA-1,0,32,74,9914,13004
GGGAGTTAATGAGGCG-1,1,33,75,10166,13149
CCGGGCGGTCTCGTCA-1,1,32,76,9913,13294
CCGTAAGTTGGTCCCA-1,1,33,77,10166,13439
GGAGGGCTTGGTTGGC-1,1,32,78,9913,13584
TCGGACGCCCAGCCCA-1,0,33,79,10166,13730
TCTGTGCCATCATAGT-1,0,32,80,9913,13875
GTACTGGAGTTAGACC-1,0,33,81,10165,14020
GGAATGCGCTAGCGTG-1,0,32,82,9913,14165
GTGTGAATAACTTAGG-1,0,33,83,10165,14310
GGTCGGCCAGGAGCTT-1,0,32,84,9912,14455
TAGCCGGCGGTCAGCG-1,0,33,85,10165,14600
CGGGTGTACCCATTTA-1,0,32,86,9912,14745
AGTGATTCAAGCAGGA-1,0,33,87,10165,14891
GTTGGATTGAGAACAC-1,0,32,88,9912,15036
CACACGCGCTGTCTTA-1,0,33,89,10164,15181
TAGACGCCCGTACCGG-1,0,32,90,9912,15326
GGTTTCAATCGGTCAG-1,0,33,91,10164,15471
AATCTGCGTTGGGACG-1,0,32,92,9911,15616
TTACGGATGGTTCGAG-1,0,33,93,10164,15761
CGGCAGGGTCGGGTTG-1,0,32,94,9911,15906
GCTTTCAGAGGAGGTG-1,0,33,95,10163,16052
TCTTCCCATGGGCACA-1,0,32,96,9911,16197
TACCGCGGACTTGCAG-1,0,33,97,10163,16342
AGAATTATGGATTCGA-1,0,32,98,9911,16487
ATTGATGAGTCCTAAC-1,0,33,99,10163,16632
TAGGTCGCCGGAACTG-1,0,32,100,9910,16777
TAACCTACCGTCCGAG-1,0,33,101,10163,16922
CTTAGTAGGCCTACAG-1,0,32,102,9910,17067
CTAGATGTGAGTGTAA-1,0,33,103,10162,17213
ACTCCCGAATTCGTTT-1,0,32,104,9910,17358
GTTCATCGTTTGGCTG-1,0,33,105,10162,17503
ACTTTACCCTCATGAA-1,0,32,106,9910,17648
GCGAGAGTTGCGTCCA-1,0,33,107,10162,17793
GTTCGGGCGTACCATT-1,0,32,108,9909,17938
CGACTTTGTATAGCCT-1,0,33,109,10162,18083
GCCATCGATGCTGCAT-1,0,32,110,9909,18228
GCATTTCCAAGGCTCC-1,0,33,111,10161,18374
ATGTAAGGCTGCTCTT-1,0,32,112,9909,18519
ACGTTCGCAATCAATT-1,0,33,113,10161,18664
GTGACGAGGGTGACCC-1,0,32,114,9909,18809
ATTATAGCTACTTTAC-1,0,33,115,10161,18954
CGTGTGTTAAACCCTG-1,0,32,116,9908,19099
TTGGTATGGCTTGTGT-1,0,33,117,10161,19244
CATTCCCATTCCGTCG-1,0,32,118,9908,19389
TGCCGAAAGCGTATTC-1,0,33,119,10160,19535
CAACACATCTCCTGCC-1,0,32,120,9908,19680
CTGCCTCATATGCAAC-1,0,33,121,10160,19825
TCCCGCCTATGTGCGT-1,0,32,122,9907,19970
GGTTACCCGACACTTT-1,0,33,123,10160,20115
CCAGCGGGATCACCAG-1,0,32,124,9907,20260
ATGTTTCGGCCCGGAG-1,0,33,125,10160,20405
GCGTCTAACCTCCTAA-1,0,32,126,9907,20550
ATCAGGTAGCTGACAG-1,0,33,127,10159,20696
GGTATGAAAGAACTGA-1,1,34,0,10428,2265
GTGGCCTAATATCATT-1,0,35,1,10681,2410
CCTGTGAAACCGTAAC-1,0,34,2,10428,2555
GGCAGAGAGATCGGGA-1,0,35,3,10680,2701
TAGCGTCGAATATTGA-1,0,34,4,10428,2845
CGCCGACTATTCGCTA-1,0,35,5,10680,2991
TCTGGCGCAAGCCGGG-1,0,34,6,10428,3136
AGTGGTTGCGTATAGG-1,0,35,7,10680,3281
ATCGGTTACCTAGTAA-1,0,34,8,10427,3426
CCTGCCCGTTGTCTAG-1,0,35,9,10680,3571
GCACACGCCCATGGTC-1,0,34,10,10427,3716
AGTACGGCCCGTATCG-1,0,35,11,10679,3862
TATCTAGCCTAAAGGA-1,0,34,12,10427,4006
CACTCGGTTAGGAGGA-1,0,35,13,10679,4152
ATGTTCGTCGACCCAC-1,0,34,14,10427,4297
TTCCTCTGCCCGAATA-1,0,35,15,10679,4442
TTACTATCGGCTTCTC-1,0,34,16,10426,4587
GCCGCATTAGTCCGGC-1,0,35,17,10679,4732
TAAGGGCTGGGAGAGG-1,0,34,18,10426,4877
TAAGCAGGCGACACGC-1,0,35,19,10678,5023
AGCACTACCGGCCTGT-1,0,34,20,10426,5167
GAAAGCCCTTTGGACC-1,0,35,21,10678,5313
GACCGACTGAAGCGTC-1,0,34,22,10425,5458
CGGTGAAGACTAAAGT-1,0,35,23,10678,5603
CCCTGCGCTACGCATA-1,0,34,24,10425,5748
TACTGGACAGCTCGGC-1,0,35,25,10678,5893
TTAGTAGGGCGGCGGG-1,0,34,26,10425,6038
GAGGCTATCAAAGTCG-1,1,35,27,10677,6184
TTACCATTGATTACCC-1,1,34,28,10425,6329
ATACCACGGGCAACTT-1,1,35,29,10677,6474
TGTCCTAAGTCACCGC-1,1,34,30,10424,6619
AGGTAGGTACAAAGCT-1,1,35,31,10677,6764
GGCATACAGGTAGCGG-1,1,34,32,10424,6909
TGTAGTGATCTATAAT-1,1,35,33,10677,7054
TCCCGGGTGTGCTGCT-1,1,34,34,10424,7199
TACGATGTTGATCATC-1,0,35,35,10676,7345
CCTCTCTCCCATCTAG-1,0,34,36,10424,7490
GCAGGACTATAGAATA-1,0,35,37,10676,7635
CTAGTGAAGGACAGGA-1,1,34,38,10423,7780
TACGAGAACTTCACGT-1,1,35,39,10676,7925
CGTTGTTTCAATTCCC-1,1,34,40,10423,8070
GCAAATATTACGCTTT-1,1,35,41,10676,8215
CCAATAGTGCCGTCGA-1,1,34,42,10423,8360
ATTGCTGCTCCTCCAT-1,1,35,43,10675,8506
GAGATCTGCTTGGCAT-1,1,34,44,10423,8651
GCCGAAATTCCTACGT-1,1,35,45,10675,8796
GGCACTCCACTGGGCA-1,1,34,46,10422,8941
GGGTCACCGTGACGGT-1,1,35,47,10675,9086
CACTTAATCAGACGGA-1,1,34,48,10422,9231
CGTTTCGCTCATTACA-1,1,35,49,10674,9376
ATAAAGGCTCGGTCGT-1,1,34,50,10422,9521
CACTAAAGTTGCCTAT-1,1,35,51,10674,9667
GTGCTCAAGTACTGTC-1,1,34,52,10422,9812
CCATGCCTGTTTAGTA-1,1,35,53,10674,9957
TCTAGTTATCAGAAGA-1,1,34,54,10421,10102
TTGTAATCCGTACTCG-1,1,35,55,10674,10247
TCCCAGCTTTAGTCTG-1,1,34,56,10421,10392
CTACGCACGGAGTACC-1,1,35,57,10673,10537
AAATTAACGGGTAGCT-1,0,34,58,10421,10682
CGGCCACGCACAAAGT-1,1,35,59,10673,10828
GAAGCGTGAGGAATTT-1,1,34,60,10421,10973
ATATCTTAGGGCCTTC-1,1,35,61,10673,11118
ACGCGGGCCAAGGACA-1,1,34,62,10420,11263
GCGAGTTCTGCAAAGA-1,1,35,63,10673,11408
TATTCGTGCCAGAATA-1,1,34,64,10420,11553
AGGGCTGCAGTTACAG-1,1,35,65,10672,11698
CTAGCATAGTATAATG-1,1,34,66,10420,11843
TAGGTTCGAGTTCGTC-1,1,35,67,10672,11989
GAATTATAGTGAAAGG-1,0,34,68,10420,12134
CTATCGGGTCTCAACA-1,1,35,69,10672,12279
GCGCTAATTGAATAGA-1,0,34,70,10419,12424
ATGCGACAGTCCCATT-1,1,35,71,10672,12569
GGTAGTGCTCGCACCA-1,1,34,72,10419,12714
AAGCTCGTGCCAAGTC-1,1,35,73,10671,12859
TATTCAATTCTAATCC-1,1,34,74,10419,13004
TTCAAAGTCTCTAGCC-1,1,35,75,10671,13150
TTGAATATGGACTTTC-1,1,34,76,10418,13295
AAGAGCTCTTTATCGG-1,0,35,77,10671,13440
TTACTCCGGCCGGGAA-1,0,34,78,10418,13585
AAACGAGACGGTTGAT-1,0,35,79,10671,13730
GCTAAGTAGTTTCTCT-1,0,34,80,10418,13875
ATAACGCCGGAGGGTC-1,0,35,81,10670,14020
GGATCCGGAATATACT-1,0,34,82,10418,14165
TGAAAGGACCTGACTC-1,0,35,83,10670,14311
TCCGCGGCAGCATCTG-1,0,34,84,10417,14456
TGCATATGTCTGTCAC-1,0,35,85,10670,14601
TGTAGGAGAAATTTCC-1,0,34,86,10417,14746
AGTGAGACTTCCAGTA-1,0,35,87,10670,14891
CCCAAACATGCTGCTC-1,0,34,88,10417,15036
GCTTATGAAGCAGGAA-1,0,35,89,10669,15181
TTCTAACCGAAGCTTA-1,0,34,90,10417,15326
GGATGTCCTTACCGCA-1,0,35,91,10669,15472
AGGGTGCTCTCGAGGG-1,0,34,92,10416,15617
AACTCTCAATAGAGCG-1,0,35,93,10669,15762
TCTGAATTCCGTACAA-1,0,34,94,10416,15907
GCGTGGTACTGGGTTA-1,0,35,95,10669,16052
CGTCGGATAGTGTTGA-1,0,34,96,10416,16197
ATATGTCTCCCTAGCC-1,0,35,97,10668,16342
TCTTTAAGACTATGAA-1,0,34,98,10416,16487
TCATTTAAGTCTCCGA-1,0,35,99,10668,16633
GATATTGAGATTGGCG-1,0,34,100,10415,16778
TGACATCGAGCGGACC-1,0,35,101,10668,16923
GCGTAAATGGCCATAA-1,0,34,102,10415,17068
ATTGTACAACTCGGCT-1,0,35,103,10667,17213
TACGCTATAGAAACCT-1,0,34,104,10415,17358
CACCCAAATCTTATGT-1,0,35,105,10667,17503
AGATGATGGAGTCTGG-1,0,34,106,10415,17648
CCACGGTGCCCGGTAG-1,0,35,107,10667,17794
TCAAGAAATACTAGCT-1,0,34,108,10414,17939
AGGTATAATTGATAGT-1,0,35,109,10667,18084
CAAGGTCCTATAGGCT-1,0,34,110,10414,18229
CCGGCACGACCGTTTC-1,0,35,111,10666,18374
ACCTCCGTTATTCACC-1,0,34,112,10414,18519
GCAGCCTATATCACAT-1,0,35,113,10666,18664
GGTATAGTGACACATA-1,0,34,114,10414,18809
AAATTCCAGGTCCAAA-1,0,35,115,10666,18955
TCTTTAGCAGGCGAAC-1,0,34,116,10413,19100
TATTGACATTTCTGCC-1,0,35,117,10666,19245
TCTGATCGGGTGCTAG-1,0,34,118,10413,19390
GGCCCGGAGCATGTCT-1,0,35,119,10665,19535
GGGCGCAGCGTTACTC-1,0,34,120,10413,19680
TTGGCGATCCGAATAT-1,0,35,121,10665,19825
CCACGTAAATTAGACT-1,0,34,122,10413,19970
TCTGATTGGAAATGGA-1,0,35,123,10665,20116
ATGGCGGAATAGTCGC-1,0,34,124,10412,20261
ATCGCTTTACGTCTCA-1,0,35,125,10665,20406
TACGTGCAAGGTTCCT-1,0,34,126,10412,20551
CAGGACAGCTGCCCTT-1,0,35,127,10664,20696
CAAACCAGGTCTGCAT-1,0,36,0,10933,2265
ACAAGCTATATGGAAG-1,0,37,1,11186,2411
TCGCCCACTGCGAGAG-1,0,36,2,10933,2556
AGCCGCAAATTCAAAT-1,0,37,3,11185,2701
TTAACGTTAAAGCCTG-1,0,36,4,10933,2846
CAGCGCCAACACGATA-1,0,37,5,11185,2991
ATCCAATGGTACCGAA-1,0,36,6,10933,3136
GTGCTGCAGATAAGGA-1,0,37,7,11185,3282
GGCCTTTGCAACTGGC-1,0,36,8,10932,3426
GTCGTACCTACGATTG-1,0,37,9,11185,3572
TAGAAATTCACGTATA-1,0,36,10,10932,3717
AGAATAAATCTTCAGG-1,0,37,11,11184,3862
CATTGCGAAATGGGCG-1,0,36,12,10932,4007
GTCTACTCAATTACAA-1,0,37,13,11184,4152
TGTAATGACCACAATA-1,0,36,14,10932,4297
AAAGTCGACCCTCAGT-1,0,37,15,11184,4443
TACTCGGCACGCCGGG-1,0,36,16,10931,4587
AGGTGTATCGCCATGA-1,0,37,17,11184,4733
TGTGCTTTACGTAAGA-1,0,36,18,10931,4878
AAACCTCATGAAGTTG-1,0,37,19,11183,5023
TATAGGGTACTCATGA-1,0,36,20,10931,5168
CCAGCTGATGGTACTT-1,0,37,21,11183,5313
AATATTGGAGTATTGA-1,0,36,22,10931,5458
GGCCCTCACCCACTTA-1,0,37,23,11183,5604
AACCAAGACTTCTCTG-1,1,36,24,10930,5748
TCGTATTACCCATTGC-1,0,37,25,11183,5894
ATTCGACGCCGGGCCT-1,0,36,26,10930,6039
GGCGCAGGACATCTTC-1,0,37,27,11182,6184
GTACTCCCTTATCGCT-1,1,36,28,10930,6329
TGGTCTGTTGGGCGTA-1,1,37,29,11182,6474
AATAACAACGCTCGGC-1,0,36,30,10929,6619
CATACCCGTACCCAGT-1,1,37,31,11182,6765
ACAATCCATTTAAACC-1,1,36,32,10929,6909
GTTACAATTGGTGACG-1,1,37,33,11182,7055
TTGCCCTGATCACGGG-1,1,36,34,10929,7200
CTAACCGCGCGCCCGT-1,1,37,35,11181,7345
CTAAAGAATGCCTACT-1,1,36,36,10929,7490
ACCCATCTTGAGGGTA-1,1,37,37,11181,7635
GATCTTTGCAGGGTAT-1,1,36,38,10928,7780
GGGTACTTCATGAACT-1,1,37,39,11181,7926
GCCGCTTGTGAGAAAC-1,1,36,40,10928,8070
CCTGTAAGACATGATA-1,1,37,41,11181,8216
CGACAGTTCGCGTTAT-1,1,36,42,10928,8361
ACGATGCATATGTTAT-1,1,37,43,11180,8506
TGTTCCGCTTCCATGA-1,1,36,44,10928,8651
GGATGACGCGAGTTTA-1,1,37,45,11180,8796
GAAGTTTCCACTCAAT-1,1,36,46,10927,8941
GCGAGGCCCGAGCAGA-1,1,37,47,11180,9087
CATACTATGTAATTGT-1,1,36,48,10927,9231
CCAATGTCACAGCAAG-1,1,37,49,11180,9377
GTTGGATTTGCGTTGG-1,1,36,50,10927,9522
GGGAGGATGCCCGAAA-1,1,37,51,11179,9667
GATCGCGGGCTCTCCA-1,1,36,52,10927,9812
GTTCGCCATAAGTGCC-1,1,37,53,11179,9957
AGATTATAGGACGTTT-1,1,36,54,10926,10102
TCGAGACCAACACCGT-1,1,37,55,11179,10248
TATGGGACCGAGCAGG-1,1,36,56,10926,10392
GATGCGTCCTGCATTC-1,1,37,57,11178,10538
TATGGTCTGAGTAACA-1,1,36,58,10926,10683
GCATAGAGCACTCAGG-1,1,37,59,11178,10828
CTTCATTGTCAGTGGA-1,1,36,60,10926,10973
GCAGATTAGGGATATC-1,1,37,61,11178,11118
CCTGTCGCCCGTAAAT-1,1,36,62,10925,11263
CAATTTCGTATAAGGG-1,1,37,63,11178,11409
GTACACTTACCTGAAG-1,1,36,64,10925,11553
CCAGCCTGGACCAATA-1,1,37,65,11177,11699
ATGGAGCAGGCCGTGA-1,1,36,66,10925,11844
GTCATTAGAGCGAACG-1,1,37,67,11177,11989
AAGACTGCAAGCTACT-1,1,36,68,10925,12134
CTAGTCACGTCTTAAG-1,1,37,69,11177,12279
ACTCTTGTATAGTAAC-1,1,36,70,10924,12424
ATTAGGCGATGCTTTC-1,1,37,71,11177,12570
TTCGGGACTAATCGCG-1,1,36,72,10924,12714
TGGACTGTTCGCTCAA-1,1,37,73,11176,12860
AACGTGCGAAAGTCTC-1,1,36,74,10924,13005
CCACCCAAGGAAAGTG-1,1,37,75,11176,13150
CCGCACAAAGACCAAC-1,1,36,76,10924,13295
GCGATTGTTAACGTTA-1,1,37,77,11176,13440
ACTCGTCAGTAATCCC-1,1,36,78,10923,13585
GGTGATAAGGAGCAGT-1,1,37,79,11176,13731
AAGAGGCATGGATCGC-1,0,36,80,10923,13875
CACGTTCGTGCTCTAG-1,0,37,81,11175,14021
CTATTTGGTTACGGAT-1,0,36,82,10923,14166
GTACAGAGGCAAGGGT-1,0,37,83,11175,14311
GGGCCGGCCGAAGTAC-1,0,36,84,10922,14456
CCTGAACGATATATTC-1,0,37,85,11175,14601
CCGGGCTGCTCCATAC-1,0,36,86,10922,14746
TACTTGTTAGTAGTCC-1,0,37,87,11175,14892
CCTAGGCGTAGCGATC-1,0,36,88,10922,15037
CTGGCGCACAGGTCTG-1,0,37,89,11174,15182
ACTTATACTTACCCGG-1,0,36,90,10922,15327
GAAGTCTCCCTAGCGA-1,0,37,91,11174,15472
ACCGATGGTAGCATCG-1,0,36,92,10921,15617
CGAGTTTATCGGACTG-1,0,37,93,11174,15762
CATAACGGACAGTCGT-1,0,36,94,10921,15907
TGACGATGCACTAGAA-1,0,37,95,11174,16053
TAGGGAGCTTGGGATG-1,0,36,96,10921,16198
AGGGTCGATGCGAACT-1,0,37,97,11173,16343
TATATCCCTGGGAGGA-1,0,36,98,10921,16488
CATCTTACACCACCTC-1,0,37,99,11173,16633
GTGCGACAGGGAGTGT-1,0,36,100,10920,16778
CCGATCTCAACCTTAT-1,0,37,101,11173,16923
ACGATCATCTTGTAAA-1,0,36,102,10920,17068
GAAAGAACAGCGTTAT-1,0,37,103,11173,17214
CTAGGTCTGAAGGAAT-1,0,36,104,10920,17359
ATATCAACCTACAGAG-1,0,37,105,11172,17504
AAATAGCTTAGACTTT-1,0,36,106,10920,17649
GCGACATGTAAACATC-1,0,37,107,11172,17794
ATAAGTAGGGCGACTC-1,0,36,108,10919,17939
GCGAGCGCATGCTCCC-1,0,37,109,11172,18084
AGGGACCGGCTGCGTT-1,0,36,110,10919,18229
CCTATGAAGTGGTGCC-1,0,37,111,11171,18375
GCTTACGTAGTTAGTA-1,0,36,112,10919,18520
CATACTTAGGCAATAC-1,0,37,113,11171,18665
CCTGTCCCTCACGTTA-1,0,36,114,10919,18810
CAATGTGCCAACCCTT-1,0,37,115,11171,18955
GTTAAGTTAGAGTGGG-1,0,36,116,10918,19100
CTGGGATACGCTACCC-1,0,37,117,11171,19245
AACCTGTCACGGAATT-1,0,36,118,10918,19390
ACTGCGGACACACCGT-1,0,37,119,11170,19536
CCGTGAGGCATTCATG-1,0,36,120,10918,19681
GCCCAGATGCTGGAGA-1,0,37,121,11170,19826
TCTGGCCGTTCAAGTT-1,0,36,122,10918,19971
ATACGAAGGCTTTCCA-1,0,37,123,11170,20116
GATCCGAATATAAGTG-1,0,36,124,10917,20261
GTGGAGCATGTCGGCC-1,0,37,125,11170,20406
ACTCTTCAGCTCCCGC-1,0,36,126,10917,20551
CCCGATAGCCTCGCCT-1,0,37,127,11169,20697
ACAGGTGTGTTGTTGC-1,0,38,0,11438,2266
TGAACTGCTATGACTT-1,0,39,1,11691,2411
TGACATATATGACGAT-1,0,38,2,11438,2556
AAGTCTTCTGTGGCCT-1,0,39,3,11691,2701
ACCAGACCATAACAAC-1,0,38,4,11438,2846
TGAGACGTACCTCTCA-1,0,39,5,11690,2992
GACCGTTACATGCGAC-1,0,38,6,11438,3137
GGTTCGGATTATACTA-1,0,39,7,11690,3282
CCTCCTGAGCCCACAT-1,0,38,8,11437,3427
CCGCGATTTGGTAGGT-1,0,39,9,11690,3572
AATCTCTACTGTGGTT-1,0,38,10,11437,3717
ACTTTGACTGCATCCT-1,0,39,11,11689,3862
CCCTGACTAACAAATT-1,0,38,12,11437,4007
ACGCTGTGAGGCGTAG-1,0,39,13,11689,4153
GCATACGAGGTCTTTA-1,0,38,14,11437,4298
TCGGGATTCAAACATA-1,0,39,15,11689,4443
GGGCCCTACGAAAGGG-1,0,38,16,11436,4588
CGCCAAGAAGCCGAGT-1,0,39,17,11689,4733
GGTACATCTGGGACGA-1,0,38,18,11436,4878
GGATGCTGGCGTTCCT-1,0,39,19,11688,5024
CCGATTCGAGGGACCC-1,0,38,20,11436,5168
CCACTGGTGGCTGGTT-1,0,39,21,11688,5314
GACAGGCACACACTAT-1,0,38,22,11436,5459
TCAACGCGACCGGCAG-1,0,39,23,11688,5604
CTACGACTAGCTATAA-1,0,38,24,11435,5749
CGGTTGACCTGGCATA-1,0,39,25,11688,5894
ATCCTGAATCGCTGCG-1,0,38,26,11435,6039
GTTTCATATCGTCGCT-1,0,39,27,11687,6185
ATAAATATTAGCAGCT-1,0,38,28,11435,6329
AAGAGGATGTACGCGA-1,0,39,29,11687,6475
TCCTGCGTTGATACTC-1,0,38,30,11435,6620
CGTGCATTGTCGACGC-1,1,39,31,11687,6765
CCGGGTTCGAGGTTAC-1,1,38,32,11434,6910
CCCAATTTCACAACTT-1,1,39,33,11687,7055
TGATTTATTAGCTGTG-1,1,38,34,11434,7200
TGGAAGAAGGGAACGT-1,1,39,35,11686,7346
GACGCTTGCTTCTAAA-1,1,38,36,11434,7490
GGGAACGGGAGGTTAG-1,1,39,37,11686,7636
GCGGCTCTGACGTACC-1,1,38,38,11433,7781
ACGTTAGATTTGCCCG-1,1,39,39,11686,7926
GAGAGGGCGCGAGGTT-1,1,38,40,11433,8071
GCGTCTCTGCATTGGG-1,1,39,41,11686,8216
GCAGCACACAGCCCAG-1,0,38,42,11433,8361
CAGGCCGTTTGGGTGT-1,0,39,43,11685,8507
AACTCAAGTTAATTGC-1,1,38,44,11433,8651
CTTCGTAGATAGGTGA-1,1,39,45,11685,8797
TGCAGAGTACCGAGCA-1,1,38,46,11432,8942
GAAGTGATTTATCGTG-1,1,39,47,11685,9087
CGCTACGGGACATTTA-1,1,38,48,11432,9232
CCACACTGAGATATTA-1,1,39,49,11685,9377
CGATCCGACCCAGTGC-1,1,38,50,11432,9522
CTGTACTTCTTAGCAT-1,0,39,51,11684,9668
ACTTATTAGGATCGGT-1,1,38,52,11432,9812
TAGTCCGCAGAGAATG-1,1,39,53,11684,9958
TTCACGAAAGGATCAC-1,1,38,54,11431,10103
TACATTTCTAACGTGC-1,1,39,55,11684,10248
ACCATATCCGCAATAA-1,1,38,56,11431,10393
CACTCAAGAGCTATGG-1,1,39,57,11684,10538
TGTACGAACAAATCCG-1,1,38,58,11431,10683
ATCATCCAATATTTGT-1,1,39,59,11683,10829
CGCTATTCTTAGGCTC-1,1,38,60,11431,10973
TGGCAGCAGTAATAGT-1,1,39,61,11683,11119
TCACGTGCCCGATTCA-1,1,38,62,11430,11264
CATACGGCGTCTGGGC-1,1,39,63,11683,11409
CACATGATTCAGCAAC-1,1,38,64,11430,11554
GCTAGTAGAGCTTGTA-1,1,39,65,11682,11699
TGCTGTTGAAGAACTC-1,1,38,66,11430,11844
CGGAGCATGGCGATCC-1,1,39,67,11682,11990
TAGCGTTGGGTCTTAC-1,1,38,68,11430,12134
GTAGCGGCTATACACT-1,1,39,69,11682,12280
TAACATACAATGTGGG-1,1,38,70,11429,12425
TCTTCGAATAGACGTT-1,1,39,71,11682,12570
GATCGTGACTGATATC-1,1,38,72,11429,12715
GATCCGGGAATTAACA-1,1,39,73,11681,12860
TTATATACGCTGTCAC-1,1,38,74,11429,13005
GTCGCGTAACCCGTTG-1,1,39,75,11681,13151
AGCTCTAGACGTTCCA-1,1,38,76,11429,13295
GTCAAGCGGACTCGGG-1,1,39,77,11681,13441
CGAGGGACTGCGGTCG-1,1,38,78,11428,13586
AATCGCCTCAGCGCCA-1,1,39,79,11681,13731
CTTGTTGCTGAGTCAA-1,1,38,80,11428,13876
GATATGAGACACTAAC-1,0,39,81,11680,14021
TTATGATCTTAACGAA-1,0,38,82,11428,14166
CGCCGCCCATGCCTGT-1,0,39,83,11680,14312
CTGGGATAAATAATGG-1,0,38,84,11428,14456
GTGCCCGTTCGGATTC-1,0,39,85,11680,14602
TTCAATACTCTGAATC-1,0,38,86,11427,14747
CGCACATGTCCACTAC-1,0,39,87,11680,14892
AGAAGAGCGCCGTTCC-1,0,38,88,11427,15037
GATAACTCGCACTGTG-1,0,39,89,11679,15182
AGTCGACGGTCTCAAG-1,0,38,90,11427,15327
GTGACCGCACACTACG-1,0,39,91,11679,15473
GTATGTGGGTCTAGTT-1,0,38,92,11426,15617
CTTGAGTTAGGGTAAT-1,0,39,93,11679,15763
TTAGCTGATTTGCCGT-1,0,38,94,11426,15908
GCTGTTGCTACCGAAC-1,0,39,95,11679,16053
TATTACCATCCTGCTT-1,0,38,96,11426,16198
TTGAATTCACGTGAGG-1,0,39,97,11678,16343
CCATCTCACCAGTGAA-1,0,38,98,11426,16488
CGCACGTGCGCTATCA-1,0,39,99,11678,16634
ACCCGGATGACGCATC-1,0,38,100,11425,16778
CGCTAGAGACCGCTGC-1,0,39,101,11678,16924
ATAGTTCCACCCACTC-1,0,38,102,11425,17069
GCAGACCCAGCACGTA-1,0,39,103,11678,17214
TAGACTACCTAGCGTT-1,0,38,104,11425,17359
GGTTCTACTCGTCTGA-1,0,39,105,11677,17504
GACTCACCCACGTGAG-1,0,38,106,11425,17649
AGCTCTTCGTAACCTT-1,0,39,107,11677,17795
ACTATCCAGGGCATGG-1,0,38,108,11424,17939
AAGGATCGATCGCTTG-1,0,39,109,11677,18085
ATATCGGTAGGGAGAT-1,0,38,110,11424,18230
TTCCAGACGAGATTTA-1,0,39,111,11677,18375
GACCGACGTGAAAGCA-1,0,38,112,11424,18520
CCTGGAAACGTTCTGC-1,0,39,113,11676,18665
CCGGTAATGGCTAGTC-1,0,38,114,11424,18810
GCCGTGGAAGAAATGT-1,0,39,115,11676,18956
GTCTTGAGGAGCAGTG-1,0,38,116,11423,19100
TCCCAAAGCCCTAAAT-1,0,39,117,11676,19246
TTGAGCGCCACGTGAT-1,0,38,118,11423,19391
TTGAGTCCCGCTGCTG-1,0,39,119,11675,19536
ATGGAACCTTTGCACA-1,0,38,120,11423,19681
GCTAGCACCTGGGCCA-1,0,39,121,11675,19826
CGCCGTCTACCCATCG-1,0,38,122,11423,19971
GATAGGTGTCCCGGGC-1,0,39,123,11675,20117
AGGTATGCGGACATTA-1,0,38,124,11422,20261
TTGGTTCGCTCAAAGG-1,0,39,125,11675,20407
TCTGGAGCGTAAGAGT-1,0,38,126,11422,20552
TGCCTAAATTTAATAG-1,0,39,127,11674,20697
TAATTTCCGTCCAGTA-1,0,40,0,11943,2266
TCCTTCAATCCCTACG-1,0,41,1,12196,2412
TACCTATCCCTAGAGG-1,0,40,2,11943,2557
GCATGGGTACTGACGC-1,0,41,3,12196,2702
GTCGGGAACATGGTAG-1,0,40,4,11943,2847
GCAAATGAGGACACTT-1,0,41,5,12195,2992
GAATGGGCTTATCGAC-1,0,40,6,11943,3137
TGGTCGTGCAAGGCAA-1,0,41,7,12195,3282
CACCACGCCACACAGA-1,0,40,8,11942,3427
GAACCTCGACCTACAC-1,0,41,9,12195,3573
CAATACGCTCTGAGGC-1,0,40,10,11942,3718
TGGTAAGCAGGATTGA-1,0,41,11,12195,3863
AGTGGCTCCGTCGGCC-1,0,40,12,11942,4008
GATCGGATAGAACCAT-1,0,41,13,12194,4153
GCTACAGTACGGACCG-1,0,40,14,11942,4298
TCTATTACTAGAGGAT-1,0,41,15,12194,4443
TTCAGGCGTCAAAGCC-1,0,40,16,11941,4588
AGACCGGGAAACCCTG-1,0,41,17,12194,4734
AGAGATCTCTAAAGCG-1,0,40,18,11941,4879
CCCTGCCCAATCCGCT-1,0,41,19,12193,5024
GTGGCGGTCCCAGCGT-1,0,40,20,11941,5169
GCATTGTAATTCATAT-1,0,41,21,12193,5314
CCGTTCCGAATCTCGG-1,0,40,22,11941,5459
AGCTTGATCTTAACTT-1,0,41,23,12193,5604
CCTGTACTCACGCCCA-1,0,40,24,11940,5749
AAGTGACGACCGAATT-1,0,41,25,12193,5895
CTCACTTGGCTGGTAA-1,0,40,26,11940,6040
CGCCTGGCCTACGTAA-1,0,41,27,12192,6185
CCCGTAAGTCTAGGCC-1,0,40,28,11940,6330
TTGGACATGTGGCTTA-1,0,41,29,12192,6475
ATTACGCGCTGGCAGG-1,1,40,30,11940,6620
ACGCGCTACACAGGGT-1,1,41,31,12192,6765
TACGTTTACCGGCAAT-1,1,40,32,11939,6910
CGAAACGCAATTCATG-1,1,41,33,12192,7056
TAGTCTAACAACGAGA-1,1,40,34,11939,7201
TTGCATGCTGATCACG-1,1,41,35,12191,7346
TCTGGGTAGCGCTCAT-1,1,40,36,11939,7491
ACATCGGTCAGCCGCG-1,1,41,37,12191,7636
AGATACCGGTGTTCAC-1,1,40,38,11939,7781
GATTACTGAATTTGGG-1,1,41,39,12191,7926
TCCAACTTTAAATTCT-1,1,40,40,11938,8071
TCCTAGCAAAGAAGCT-1,1,41,41,12191,8217
GTCTATCTGAGTTTCT-1,1,40,42,11938,8362
GATGTTCAATCCACGA-1,1,41,43,12190,8507
AGTTAAACACTTGCGA-1,1,40,44,11938,8652
AGCTCTTTACTCAGTT-1,1,41,45,12190,8797
ATCCAGGATTCGTGAA-1,1,40,46,11937,8942
AGTCAACACCACCATC-1,1,41,47,12190,9087
CGATACCTCGCGGACA-1,1,40,48,11937,9232
TACAACGCACAACTCA-1,1,41,49,12190,9378
AATTAAAGGTCGGCGT-1,1,40,50,11937,9523
TACGCAGTTCTTTCCT-1,1,41,51,12189,9668
GACCGTGCTGACGGTG-1,0,40,52,11937,9813
GGCAAATTACTTTACT-1,1,41,53,12189,9958
GGTACAAACATGCTAT-1,1,40,54,11936,10103
CGGGCCTTCTTTGTAA-1,1,41,55,12189,10248
CGTGAAGTTAATTCAC-1,1,40,56,11936,10393
ATAGTGAAGCGTTCTC-1,1,41,57,12189,10539
TACGCCATATTCTAAT-1,1,40,58,11936,10684
GCCGGGTTAGGGTCGC-1,1,41,59,12188,10829
TACATAGGCATACACC-1,1,40,60,11936,10974
GCCGATTGGCCAAGCT-1,1,41,61,12188,11119
CTGCCATGCATCACAT-1,1,40,62,11935,11264
TTATGAATGAAAGGGA-1,1,41,63,12188,11409
GCTGAGGCGTGAGTAT-1,1,40,64,11935,11554
GCGCCGTTCCACGATA-1,1,41,65,12188,11700
CGCATGGTGCGATGCT-1,1,40,66,11935,11845
AGGTTTCACACACCTT-1,1,41,67,12187,11990
CAAGGATCGCATGTTC-1,1,40,68,11935,12135
ACGTTAATGTCGAAGA-1,1,41,69,12187,12280
TCCAGAGCACCGGTTC-1,1,40,70,11934,12425
GATTCGACGGTTCACG-1,1,41,71,12187,12570
GTTTCTGCAGTCTCCC-1,1,40,72,11934,12715
GCTGCACGGTTTCTTA-1,1,41,73,12186,12861
CGTGCAGACTGGGACA-1,1,40,74,11934,13006
GTGTTACTATGCGTCC-1,1,41,75,12186,13151
TCCTCGGGCTGGGCTT-1,1,40,76,11934,13296
GTGAGGACACTTAAGG-1,1,41,77,12186,13441
ATACGCCGGCGAAACC-1,1,40,78,11933,13586
TCTGCCAGAAACTGCA-1,1,41,79,12186,13732
TTCTGCGGGTTAGCGG-1,1,40,80,11933,13876
CTCGGTACCACTGCTC-1,1,41,81,12185,14022
GTAAGTAACAGTCTGG-1,0,40,82,11933,14167
GTGCGTGTATATGAGC-1,0,41,83,12185,14312
ATTTGTCTTGGGAGCT-1,0,40,84,11933,14457
CCTCGGACCGGGATAG-1,0,41,85,12185,14602
TAGGTGCTCGCCTAGC-1,0,40,86,11932,14747
CTTTAGGAACACTGTT-1,0,41,87,12185,14893
TCGGGCCGTCGTGGTA-1,0,40,88,11932,15037
AGTGCTTGCACGAATA-1,0,41,89,12184,15183
TGCAGTTTCCTCCCAT-1,0,40,90,11932,15328
TGAGAGATTTACCACG-1,0,41,91,12184,15473
GAAACAGATGACCACC-1,0,40,92,11932,15618
AGCAACATATCTTATT-1,0,41,93,12184,15763
CAAGTGTGGTTGCAAA-1,0,40,94,11931,15908
GCCTCATCTGGAAATA-1,0,41,95,12184,16054
AACCCTACTGTCAATA-1,0,40,96,11931,16198
ACGTATTACTCCGATC-1,0,41,97,12183,16344
TCTGGGAACCTTTGAA-1,0,40,98,11931,16489
GCTCGCTCATGTCCAA-1,0,41,99,12183,16634
GCGCAAGAGCGCGCTG-1,0,40,100,11930,16779
TTGACGCTCCATGAGC-1,0,41,101,12183,16924
TATAGATGGTCGCAGT-1,0,40,102,11930,17069
TTACATGCCACAACTA-1,0,41,103,12183,17215
ACATGGCGCCAAAGTA-1,0,40,104,11930,17359
TATGGTTAGTGGGAGA-1,0,41,105,12182,17505
CATGACTTCGCTGAAT-1,0,40,106,11930,17650
ACCACCAATGTAACAA-1,0,41,107,12182,17795
TCTTAGAGCTCCAATT-1,0,40,108,11929,17940
CCACGAATTTAACCTC-1,0,41,109,12182,18085
TTCTTGCTAGCATCTC-1,0,40,110,11929,18230
ACACCTTACTACTTGC-1,0,41,111,12182,18376
AGTCGGTTGCGTGAGA-1,0,40,112,11929,18520
ACCTACAGTATGTGGT-1,0,41,113,12181,18666
GAGGATAAACAGTGCT-1,0,40,114,11929,18811
TTCCGGTATCTGTGTC-1,0,41,115,12181,18956
GGAGGCCGAAGTCGTC-1,0,40,116,11928,19101
TTCGCTAGGAAGTTGT-1,0,41,117,12181,19246
TAAAGACAACCCTTTA-1,0,40,118,11928,19391
GTTGCGCTAACATTAC-1,0,41,119,12181,19537
GCTGAACTCTCCAGGG-1,0,40,120,11928,19681
AGCCCTGTCGCACCGT-1,0,41,121,12180,19827
AGCGCTAGAGCGATGT-1,0,40,122,11928,19972
TGCGCCGTTAATAACG-1,0,41,123,12180,20117
TGACAACGCATGTCGC-1,0,40,124,11927,20262
CGTCTTGAGTGTGACG-1,0,41,125,12180,20407
GATAGGATTAATTACA-1,0,40,126,11927,20552
GATACCGTGTCGGAGT-1,0,41,127,12179,20698
TGTGTCGAAGTCGAGG-1,0,42,0,12448,2267
GGATCAGAGCCATCAG-1,0,43,1,12701,2412
GTCCCAATCATCCCGC-1,0,42,2,12448,2557
TGCCACACTAGAGGAA-1,0,43,3,12701,2702
TGAATTTCACTTGCCT-1,0,42,4,12448,2847
CTCAGATTGTGATAAG-1,0,43,5,12700,2993
CGGACGTTACTTGAAG-1,0,42,6,12448,3138
CCGCCTTGCGATGTCG-1,0,43,7,12700,3283
CCAGTCAAATCTCTTA-1,0,42,8,12447,3428
AAACAGCTTTCAGAAG-1,0,43,9,12700,3573
TAGCTGATGTGAAGCG-1,0,42,10,12447,3718
CTTATGCGCTCAGGGC-1,0,43,11,12700,3863
TGGCTCTTGTCGCGTA-1,0,42,12,12447,4008
TTGTGAGGCATGACGC-1,0,43,13,12699,4154
CATAAGCTCTCCGTCT-1,0,42,14,12447,4299
CCTTCTCAGCGTTCCT-1,0,43,15,12699,4444
TGCAGCTACGTACTTC-1,0,42,16,12446,4589
CTCTACACTGGCGATT-1,0,43,17,12699,4734
TGCAGATCGTCCTAGG-1,0,42,18,12446,4879
TGCCAAAGTCAGACTT-1,0,43,19,12699,5024
ACAATAGTCGTACGTT-1,0,42,20,12446,5169
CATGCCAACTCGCAAA-1,0,43,21,12698,5315
TGCAGAACTATATCGT-1,0,42,22,12446,5460
TCGTGTCACGCTGACA-1,0,43,23,12698,5605
TGATCAGGGAACTGCT-1,0,42,24,12445,5750
CTTGCAACCGCCTCCT-1,0,43,25,12698,5895
AGCCCATACATGTAAG-1,0,42,26,12445,6040
ATCCAATGGAGGGTCC-1,0,43,27,12697,6185
AAACCGGGTAGGTACC-1,0,42,28,12445,6330
GCAACCACGGCCGCGT-1,0,43,29,12697,6476
CGCTTATTCCCGGTCG-1,0,42,30,12445,6621
TTACTCTGGTACGTAC-1,0,43,31,12697,6766
GTGGTTTCCGCCTTTC-1,1,42,32,12444,6911
ATAGGCGGCTATAGAA-1,0,43,33,12697,7056
GTGCCATCACACGGTG-1,1,42,34,12444,7201
CCCAACATACGTCGCG-1,1,43,35,12696,7346
CGGTGCAGATAGAACG-1,1,42,36,12444,7491
GGGCGGGTTCCCTACG-1,0,43,37,12696,7637
TGAGCCATACAGTCTC-1,0,42,38,12444,7782
CTCCGCCCACATGAGG-1,0,43,39,12696,7927
GTTGAACCGGTTCCAT-1,0,42,40,12443,8072
TTGACTACCATATGGT-1,1,43,41,12696,8217
ACCATCGTATATGGTA-1,1,42,42,12443,8362
TGCGTAAGAACCTGAT-1,1,43,43,12695,8507
AGAAGGTTGCCGAATT-1,1,42,44,12443,8652
AGGACGACCCATTAGA-1,1,43,45,12695,8798
GGTGCTGGTACACATT-1,1,42,46,12443,8943
GCGCTATGCCGAGGCA-1,1,43,47,12695,9088
ACCCGGTTACACTTCC-1,1,42,48,12442,9233
TAACTCATCCGCGCGG-1,1,43,49,12695,9378
CACAATGAGCTGCTAT-1,1,42,50,12442,9523
GTTACTTTGGGCCTAG-1,1,43,51,12694,9668
GGGCCCGTCTTAAACA-1,1,42,52,12442,9813
GAAATTGTCTCTATAA-1,1,43,53,12694,9959
GGCGCATGAATTGATG-1,1,42,54,12441,10104
CATATAGGTACAGTCA-1,1,43,55,12694,10249
TCAACGAGGAGACAAA-1,1,42,56,12441,10394
TTGCACAATTCAGAAA-1,1,43,57,12694,10539
CATCGGACGGGTTAAT-1,1,42,58,12441,10684
ATTAAACATGCGGACC-1,1,43,59,12693,10829
TATCTACCACAGCGGG-1,1,42,60,12441,10974
CGAGACCCTAGAGTGT-1,1,43,61,12693,11120
ACATCGATCGTTTACC-1,1,42,62,12440,11265
ATCGACCCAATACAGA-1,1,43,63,12693,11410
GAATCTGAACATTCTC-1,1,42,64,12440,11555
AGTTCCTATTTATGTT-1,1,43,65,12693,11700
CAGTCTGTATACTGGG-1,1,42,66,12440,11845
GGAGACGACACCTTTG-1,1,43,67,12692,11990
CCTAAATTAACGGTTC-1,1,42,68,12440,12135
GCTACGACTTATTGGG-1,1,43,69,12692,12281
CTGTGCAGGGTAGGTC-1,1,42,70,12439,12426
ACGCCGCTAGACGACC-1,1,43,71,12692,12571
ACTTGACTCCCTCTTT-1,1,42,72,12439,12716
CGCCTCCCTCCTCTAT-1,1,43,73,12692,12861
CTAGATTTACGACGGC-1,1,42,74,12439,13006
GATGCTGTATTTCATC-1,1,43,75,12691,13151
TGCGTTTGTTGACACT-1,1,42,76,12439,13296
CGTGCCCTCCCGAAGA-1,1,43,77,12691,13442
ACTCTCTGACTTAGGT-1,1,42,78,12438,13587
CTGGGTAGGCAGTTAA-1,1,43,79,12691,13732
GTTTGGCCCAAGTTAT-1,1,42,80,12438,13877
GAATGTGGTCCGGATT-1,1,43,81,12690,14022
CCCAGTTAAGGCGCCG-1,0,42,82,12438,14167
CGGTACTAGAATCAAA-1,0,43,83,12690,14312
GCTTAATGTAACTAAC-1,0,42,84,12438,14457
AGGACAGTCGAATCCC-1,0,43,85,12690,14603
GACAGCCAGACCTGAC-1,0,42,86,12437,14748
GGCGAAATCTAACTTG-1,0,43,87,12690,14893
CTGGTAACACATAGAA-1,0,42,88,12437,15038
TAGCCATTTCAAAGTC-1,0,43,89,12689,15183
GGGATTTACCGCACCT-1,0,42,90,12437,15328
ATGCCATTTGCGACCA-1,0,43,91,12689,15473
GAATAGACGCGACCCA-1,0,42,92,12437,15618
TGTATGGCGCAGACAG-1,0,43,93,12689,15764
GGATGAAGATCGCTGA-1,0,42,94,12436,15909
CGACAATTTGATCTAA-1,0,43,95,12689,16054
AAAGTTGACTCCCGTA-1,0,42,96,12436,16199
CGCGGCTCAACTTGAA-1,0,43,97,12688,16344
CACGCGGAACTGTTGC-1,0,42,98,12436,16489
TCTTAGAGTGAACTCT-1,0,43,99,12688,16634
AGTCCATTGGCTGATG-1,0,42,100,12436,16779
TTAAGATAGGATTGAC-1,0,43,101,12688,16925
ACATCCTGGTAACTGT-1,0,42,102,12435,17070
CACCTTGGCGCCTTTG-1,0,43,103,12688,17215
GCTAGACCGTCTACTG-1,0,42,104,12435,17360
CGGCCCAGGTATATCC-1,0,43,105,12687,17505
GTCCATTACTGCTACG-1,0,42,106,12435,17650
GGGTTTAGGATAGGAT-1,0,43,107,12687,17795
TAATTAGGACATCCGT-1,0,42,108,12434,17940
GCTCCCAGTCGGTCCA-1,0,43,109,12687,18086
ATTCGTGCTATCTCTT-1,0,42,110,12434,18231
GTTAACTATGTTGTCA-1,0,43,111,12687,18376
GCTCCGCTCGCTTCAG-1,0,42,112,12434,18521
GCAACGGCTAGTTATG-1,0,43,113,12686,18666
AATCGCGCAGAGGACT-1,0,42,114,12434,18811
AGGTTACACCATGCCG-1,0,43,115,12686,18956
CGAGATTTCGCTCGGG-1,0,42,116,12433,19101
CGATAATACTCAGGTT-1,0,43,117,12686,19247
AAGGCAGGCTGTCTCC-1,0,42,118,12433,19392
GTAAGTCCACACTCTA-1,0,43,119,12686,19537
ATGAGGGCAGCGGCTA-1,0,42,120,12433,19682
GCCGCACTCCGTTTCA-1,0,43,121,12685,19827
GAGCACGGCGCCTCTT-1,0,42,122,12433,19972
ACAATTTGGCCATATT-1,0,43,123,12685,20117
CTGGTTCGCGAGCTAC-1,0,42,124,12432,20262
GACGGTCCTAGGGTGT-1,0,43,125,12685,20408
ACTCGCGATCTGACGC-1,0,42,126,12432,20553
GTGTACGAACCGTTCC-1,0,43,127,12685,20698
CTTTGACGTCGCTTCT-1,0,44,0,12954,2267
CGTTATCATACTTCCA-1,0,45,1,13206,2413
GCTATGCCAGCTTATG-1,0,44,2,12953,2557
CAGTCGGCCTAGATAT-1,0,45,3,13206,2703
CCCGTGAGGGCGGTGA-1,0,44,4,12953,2848
TCTCGTGTTACGAGGA-1,0,45,5,13205,2993
ACGTCTCGTTCCGGGA-1,0,44,6,12953,3138
CGAGAGCGCGTAGATA-1,0,45,7,13205,3283
GACAGATTTCTGGCTC-1,0,44,8,12952,3428
GGGCCTAAATGGGCTA-1,0,45,9,13205,3574
ACTTGTAGTCCCTTCA-1,0,44,10,12952,3718
CCCGAAGTTTCGCGAA-1,0,45,11,13205,3864
ACCATCCGCCAACTAG-1,0,44,12,12952,4009
TGCGAATATGGGATTT-1,0,45,13,13204,4154
TACATCCCTATCCCTG-1,0,44,14,12952,4299
GTGGGAAGACTGAATC-1,0,45,15,13204,4444
TCAACATCGACCGAGA-1,0,44,16,12951,4589
CTATGTGAGTCACGGC-1,0,45,17,13204,4735
CCGAACACTGGGCCTC-1,0,44,18,12951,4880
AAACTTGCAAACGTAT-1,0,45,19,13204,5025
AGGGCGAGCAGCTGAT-1,0,44,20,12951,5170
AACACGAGACGCGGCC-1,0,45,21,13203,5315
TGACGAATATTTCCCT-1,0,44,22,12951,5460
TCGGAGAGTATCGGGA-1,0,45,23,13203,5605
CAAATCTCTCACAAGG-1,0,44,24,12950,5750
AGGCCCTAGAACGCCA-1,0,45,25,13203,5896
TAGAGATCATGCAACT-1,0,44,26,12950,6041
TTGTTTCCATACAACT-1,0,45,27,13203,6186
GAGAGGTGCATTCTGG-1,0,44,28,12950,6331
GTGGACCAACCCGATT-1,0,45,29,13202,6476
CTGGGCCTGCTATATC-1,0,44,30,12950,6621
CATAGTCCACAAGAAC-1,0,45,31,13202,6766
TTGACATGAACGTGGA-1,0,44,32,12949,6911
GGTTACCACCCTCGGG-1,0,45,33,13202,7057
TACCGGTCGTTTCCAT-1,0,44,34,12949,7202
CGAGTACTAAAGAGGA-1,0,45,35,13201,7347
GCAAGAATTCCTTGGC-1,0,44,36,12949,7492
TCGCCGAAGTTGCGTC-1,0,45,37,13201,7637
TTGAGAGTACTGCTAA-1,1,44,38,12949,7782
GCCACAATTTAAGGAC-1,0,45,39,13201,7927
ATATTCAGTTAAACCT-1,0,44,40,12948,8072
TGAGTGCCTCTTAAAT-1,1,45,41,13201,8218
ATCAGACGGCACGCCG-1,1,44,42,12948,8363
GTGCGAAATCGAACAC-1,0,45,43,13200,8508
GTGCCGCTTCAAAGGT-1,1,44,44,12948,8653
GATACGATGGGAGTCA-1,1,45,45,13200,8798
GACACTGAGTTCAGTG-1,1,44,46,12948,8943
ATCCTGCGTGGAATGG-1,1,45,47,13200,9088
ATCCTACCTAAGCTCT-1,1,44,48,12947,9233
AGTGATATGAGTAGTT-1,1,45,49,13200,9379
ATGATGCAATGGTACA-1,1,44,50,12947,9524
GAAACCGAATTACCTT-1,1,45,51,13199,9669
AGTGACCTACTTTACG-1,1,44,52,12947,9814
CAAATGTCCTTCCGTG-1,1,45,53,13199,9959
TTACTGGGATATTTCA-1,1,44,54,12947,10104
CTTGCCCAGGCTCTAC-1,1,45,55,13199,10249
AAATCGTGTACCACAA-1,1,44,56,12946,10394
GTGATCATAGATCTGC-1,1,45,57,13199,10540
TGGCAGATTACGATCA-1,1,44,58,12946,10685
TCACCCTCTTAAGATT-1,1,45,59,13198,10830
CAGGATATATCGTTGT-1,1,44,60,12946,10975
CCTGACCACCGATGGT-1,1,45,61,13198,11120
CTAAAGGGAAATAGGA-1,1,44,62,12945,11265
CCGCTATCAGCACCAG-1,1,45,63,13198,11410
CTTTAGTGCTATTATT-1,1,44,64,12945,11555
CGGGAATTTATGTAAA-1,1,45,65,13198,11701
TACGACTGCCTCTTAG-1,1,44,66,12945,11846
AAACTGCTGGCTCCAA-1,1,45,67,13197,11991
GTACGTTTGCCCGTCA-1,1,44,68,12945,12136
GGCAAGGCGAAATAGC-1,1,45,69,13197,12281
GATCTTGGAGGGCATA-1,1,44,70,12944,12426
AGCGTGGTATTCTACT-1,1,45,71,13197,12571
CTAAGGGAATGATTGG-1,1,44,72,12944,12716
CATGGTAAGTAGCGTT-1,1,45,73,13197,12862
CGTTGAGCGACCGTCG-1,1,44,74,12944,13007
TGCCCGTACCGTTAAA-1,1,45,75,13196,13152
ACAAGGGCAGGCTCTG-1,1,44,76,12944,13297
GAGATCTTCCATGACA-1,1,45,77,13196,13442
AATGACGTAGGATGTC-1,1,44,78,12943,13587
GTGGTGGCCAAGTGAA-1,1,45,79,13196,13732
TCCCGTGTGCAATTTG-1,1,44,80,12943,13877
ACATCGTATGCAATGG-1,1,45,81,13196,14023
GCGAAACTTAACTGGA-1,0,44,82,12943,14168
AATTGAACGCTCTGGT-1,0,45,83,13195,14313
ACAAATGGTAGTGTTT-1,0,44,84,12943,14458
ATGGTCGCGTGGTTTC-1,0,45,85,13195,14603
TGTTATTGTATGTGGC-1,0,44,86,12942,14748
TTCCGGTTACCCACTT-1,0,45,87,13195,14893
GAGTGTGCGGTACCCA-1,0,44,88,12942,15038
CAAGATATTATAACGT-1,0,45,89,13194,15184
ACACACCAGGACCAGT-1,0,44,90,12942,15329
ATGGGCCTCGGCCTCT-1,0,45,91,13194,15474
AAGGTGATAAACCAGC-1,0,44,92,12942,15619
TCTTACTTATGCCTCT-1,0,45,93,13194,15764
AAAGTGTGATTTATCT-1,0,44,94,12941,15909
TGCTCCACAGTTCTTA-1,0,45,95,13194,16054
CTGGCTGATTCATCCT-1,0,44,96,12941,16199
TAAGGCTGAATCCCTC-1,0,45,97,13193,16345
TCTAGTGATATCGTGG-1,0,44,98,12941,16490
TCGAAGAACCGAGCAC-1,0,45,99,13193,16635
GACAAACATATGCAGG-1,0,44,100,12941,16780
AAGTCAATTGTCGTCA-1,0,45,101,13193,16925
AGTGAACAAACTTCTC-1,0,44,102,12940,17070
CATGATGGAAGTTAGC-1,0,45,103,13193,17215
AAGTGCCTTGACTGTA-1,0,44,104,12940,17360
ATCGCCAGTCAACATT-1,0,45,105,13192,17506
ACCGCGGTGGAAGTCG-1,0,44,106,12940,17651
TCTTCTATAACCCGCC-1,0,45,107,13192,17796
CACATTTCTTGTCAGA-1,0,44,108,12940,17941
TAGCGTCCCTCGATTG-1,0,45,109,13192,18086
GTTCGGATCGGGAACA-1,0,44,110,12939,18231
CAAACTCGCGACGCCG-1,0,45,111,13192,18376
GTCTTGTAGCTATTCA-1,0,44,112,12939,18521
TCTCGACGTATCGCCG-1,0,45,113,13191,18667
TTGCCAAGCAGAACCC-1,0,44,114,12939,18812
AAACCCGAACGAAATC-1,0,45,115,13191,18957
TTGAGCAGCCCACGGT-1,0,44,116,12938,19102
CGCCTTTAGCATGCTC-1,0,45,117,13191,19247
TGTGGCTCCCACCAAC-1,0,44,118,12938,19392
CCGCCGTTGAGGATAA-1,0,45,119,13191,19537
CAATACGAGAGTCTGA-1,0,44,120,12938,19682
CATCTAGTGAAGGGAA-1,0,45,121,13190,19828
GGTGGAGGTTGATACG-1,0,44,122,12938,19973
CCGCACACGAACGTGT-1,0,45,123,13190,20118
AGAACCCAGCGTGACA-1,0,44,124,12937,20263
GCGCTCGATCACCTGT-1,0,45,125,13190,20408
ATCATGGACTACCGAC-1,0,44,126,12937,20553
TACGCCGCCTCAGAAG-1,0,45,127,13190,20698
CGACCTACTAGACAAT-1,0,46,0,13459,2268
GAGTCTTGTAAAGGAC-1,0,47,1,13711,2413
AATATCCTAGCAAACT-1,0,46,2,13458,2558
CCCTAGGCAACAAGAG-1,0,47,3,13711,2703
ACAAAGAAGGTAGGCC-1,0,46,4,13458,2848
CCCTGGCTGTTCCTTC-1,0,47,5,13710,2994
TCGCCGCACCGCGTGA-1,0,46,6,13458,3138
TATAGCGCACGTTATC-1,0,47,7,13710,3284
TTATCTGACATTAGGA-1,0,46,8,13458,3429
AGTGGTGTTACCCGTG-1,0,47,9,13710,3574
GCCAAGAATACTTCTG-1,0,46,10,13457,3719
CCGGCGTGAGACTCTG-1,0,47,11,13710,3864
TTCCCGGCGCCAATAG-1,0,46,12,13457,4009
AAACAGGGTCTATATT-1,0,47,13,13709,4155
ACAGTAATACAACTTG-1,0,46,14,13457,4299
CGAACGGCCGGACAAC-1,0,47,15,13709,4445
GCAACACACTAGAACT-1,0,46,16,13456,4590
ACTCCCATTCCTAAAG-1,0,47,17,13709,4735
ACCTGCGTGTCATGTT-1,0,46,18,13456,4880
TACTTTCCGCACGCCA-1,0,47,19,13709,5025
AGGTCAGGTGAGAGTG-1,0,46,20,13456,5170
TCCTCCTAAGACATTC-1,0,47,21,13708,5316
ATGTGAAAGCCTAATG-1,0,46,22,13456,5460
AGTCGGCTCAACTTTA-1,0,47,23,13708,5606
CGATCTGTTGGAGGAC-1,0,46,24,13455,5751
ACGGGAGTGTCGGCCC-1,0,47,25,13708,5896
TTAACTTCAGGTAGGA-1,0,46,26,13455,6041
CCACGGAGCCATAAGA-1,0,47,27,13708,6186
CTTCTATGTTGAAGTA-1,0,46,28,13455,6331
CACCGTTGCGCGATAT-1,0,47,29,13707,6477
TCTAGCAATCTCCGCC-1,0,46,30,13455,6621
AGTTTGGCCAGACCTA-1,0,47,31,13707,6767
TTGTAAGGACCTAAGT-1,0,46,32,13454,6912
AAATTTGCGGGTGTGG-1,0,47,33,13707,7057
AAGTTCGGCCAACAGG-1,0,46,34,13454,7202
CCGCTTACCTCACTCT-1,0,47,35,13707,7347
ATCACGTGCTAATTAA-1,0,46,36,13454,7492
GGTGAAGTACAGGGAT-1,0,47,37,13706,7638
GCTGTATTACTGGCCC-1,0,46,38,13454,7782
AACGGCCATCTCCGGT-1,0,47,39,13706,7928
TAAGTAACATCTTGAC-1,0,46,40,13453,8073
TTCTTGAGCCGCGCTA-1,0,47,41,13706,8218
AGTGCGTAGCTCGTAA-1,0,46,42,13453,8363
GGGATGGTCGTAACCG-1,0,47,43,13705,8508
GTCTGGGCGGTCGAGA-1,0,46,44,13453,8653
CGGAACGTAAACATAG-1,1,47,45,13705,8799
TGCGACACCCTAGTGC-1,1,46,46,13453,8943
CAAACGAGTATCGCAG-1,1,47,47,13705,9089
TCAGTAGGGACTATAA-1,1,46,48,13452,9234
GCGGTTCCCTATCATG-1,1,47,49,13705,9379
GTGACTTCAGTAGTGC-1,1,46,50,13452,9524
CGTCACGTCCATTGGT-1,1,47,51,13704,9669
ATAAGTTACCGCGACG-1,1,46,52,13452,9814
CTGAATCCGAGACCTC-1,1,47,53,13704,9960
TACGACGCTTGCTGCG-1,1,46,54,13452,10104
GAATTCACCCGGGTGT-1,1,47,55,13704,10250
GGGTGACACCTTAACT-1,1,46,56,13451,10395
TGAGTAAATTAGCGTA-1,1,47,57,13704,10540
GAGTCCGCTTACCGGA-1,1,46,58,13451,10685
GGCGCGTTCGAGTTTA-1,0,47,59,13703,10830
ATTCATATACTGTCCA-1,1,46,60,13451,10975
ATAAACGGACCCGTAA-1,1,47,61,13703,11121
GTCGTACCATCTCGGG-1,1,46,62,13451,11265
ATAATAGCTGTTGAAT-1,1,47,63,13703,11411
TTCCGCGTGAGGCGAT-1,1,46,64,13450,11556
TACCGGCTCACTGCCC-1,1,47,65,13703,11701
GTATCTTTCATAACCA-1,1,46,66,13450,11846
GTTACCTACAACTTGC-1,1,47,67,13702,11991
TGACTATAATCCTTTC-1,1,46,68,13450,12136
AAATACCTATAAGCAT-1,1,47,69,13702,12282
TTATTAGAGCGTGTTC-1,1,46,70,13449,12426
ATGTGGACATCTTGAT-1,1,47,71,13702,12572
GTACGCTTCATTGCAC-1,1,46,72,13449,12717
CACATATTAGCAGGAT-1,1,47,73,13702,12862
CAAGAGGGCGGAGTAC-1,1,46,74,13449,13007
TCGCAAAGATGCATTT-1,1,47,75,13701,13152
GTCGTTATTCGCTTAT-1,1,46,76,13449,13297
TCGTGTACTATGGATG-1,1,47,77,13701,13443
GCGGAGAGGGAGAACG-1,1,46,78,13448,13588
TCACAGGGAATCGCAA-1,1,47,79,13701,13733
GACTGCACCAGCCCAG-1,1,46,80,13448,13878
TCCGCTGTCATCCCGG-1,0,47,81,13701,14023
AGATACTCAAGATCGA-1,0,46,82,13448,14168
ACTGAATGGCGAAAGT-1,0,47,83,13700,14313
TCCTACATCCACGGCC-1,0,46,84,13448,14458
TTCAGCCCTGGTCCAC-1,0,47,85,13700,14604
TTAGAGTTTAGAAGGA-1,0,46,86,13447,14749
GGTTAGCTATATGTCT-1,0,47,87,13700,14894
CTGGTTTCGAGCAAGA-1,0,46,88,13447,15039
TGGGCCCATACTAATT-1,0,47,89,13700,15184
ACTTATTTATGTGCCA-1,0,46,90,13447,15329
TTAGTTATTCGTGGCA-1,0,47,91,13699,15474
AACCGCTAAGGGATGC-1,0,46,92,13447,15619
ATACGTCCACTCCTGT-1,0,47,93,13699,15765
CGACACGCTCCGACAG-1,0,46,94,13446,15910
TCTGAACTCGTACCCG-1,0,47,95,13699,16055
AGGATATAGGGATTTA-1,0,46,96,13446,16200
GTGATCACTAACGCCT-1,0,47,97,13698,16345
ACCGGGCCTTTGTTGA-1,0,46,98,13446,16490
TTGACAGGAGCTCCCG-1,0,47,99,13698,16635
CTCTTCTATTGACTGG-1,0,46,100,13446,16780
CGTGGCCGAATATCTA-1,0,47,101,13698,16926
GGTTTAGCCTTTCTTG-1,0,46,102,13445,17071
TCAAGGTTACTACACC-1,0,47,103,13698,17216
TTGACTATTGTCCGGC-1,0,46,104,13445,17361
CGGGAATATAGTATAC-1,0,47,105,13697,17506
GCAACAGCAGTATGCG-1,0,46,106,13445,17651
ATCAAACACTGTTCCA-1,0,47,107,13697,17796
TGGGCAATAGTTGGGT-1,0,46,108,13445,17941
TGAATGTCAGCCGGCC-1,0,47,109,13697,18087
CGGCTCTAAAGCTGCA-1,0,46,110,13444,18232
GGACACAAGTTTACAC-1,0,47,111,13697,18377
CCGAGAAGTCGCATAA-1,0,46,112,13444,18522
AACTACCCGTTTGTCA-1,0,47,113,13696,18667
GCACAAACGAGGCGTG-1,0,46,114,13444,18812
CACACAGCTTGCGCTC-1,0,47,115,13696,18957
GTGCTTACATCAGCGC-1,0,46,116,13444,19102
GCAAACGTCGCCAGGT-1,0,47,117,13696,19248
GAATAGCATTTAGGGT-1,0,46,118,13443,19393
TACTGTTTCTCTGGTA-1,0,47,119,13696,19538
TCCTATCATAGGTAAC-1,0,46,120,13443,19683
TTCGGTGGAGACGCCC-1,0,47,121,13695,19828
TGTTGCCGTCGTCCCA-1,0,46,122,13443,19973
CCAACTTGATAGATCC-1,0,47,123,13695,20118
CAAAGGTCATCTGAAA-1,0,46,124,13442,20263
CTAGCTTAATGGTCCC-1,0,47,125,13695,20409
AGGCCACATTGGTTAC-1,0,46,126,13442,20554
TTAGGATGGGAGGGTA-1,0,47,127,13695,20699
TATGACCTTGCGCTGG-1,0,48,0,13964,2268
ATATACATGTATGGTA-1,0,49,1,14216,2413
TGTGTGACCATGAATC-1,0,48,2,13963,2558
CCCACTCCACGGTATC-1,0,49,3,14216,2704
GGGCAGACGTCACTGC-1,0,48,4,13963,2849
TCAAAGAGCTATCTGT-1,0,49,5,14215,2994
AGATGCATCCTGTGTC-1,0,48,6,13963,3139
GTGAAGTCACGACTCG-1,0,49,7,14215,3284
TGATTCAGGTCCCGCG-1,0,48,8,13963,3429
CGCCACAGGTCGCGAT-1,0,49,9,14215,3574
TTGAATCGTTGTATAA-1,0,48,10,13962,3719
TGGCCAATTTGGTACT-1,0,49,11,14215,3865
CGACCCTTAACGCCGG-1,0,48,12,13962,4010
TCGGCGTACTGCACAA-1,0,49,13,14214,4155
GAGTAAGGCCACGGGA-1,0,48,14,13962,4300
ATCAGCTCGTCCACTA-1,0,49,15,14214,4445
AGGATCACGCGATCTG-1,0,48,16,13962,4590
AAATGGCCCGTGCCCT-1,0,49,17,14214,4736
CAGTACCAGTTTACGT-1,0,48,18,13961,4880
GGTCGTAAGCTCGCAC-1,0,49,19,14214,5026
CGTTCATGGTGCGCGT-1,0,48,20,13961,5171
GACTACAAAGCGGTGG-1,0,49,21,14213,5316
CAGCTGGCGTAACCGT-1,0,48,22,13961,5461
ACTCGTAACCCGTCCT-1,0,49,23,14213,5606
CATATGTCAGGCTACG-1,0,48,24,13960,5751
GCCCGACTTCTTCCCG-1,0,49,25,14213,5897
CTGGCATCCGAATGAG-1,0,48,26,13960,6041
AAGTGCGTTAGAATCT-1,0,49,27,14213,6187
AGAAGTGATTCGTGAT-1,0,48,28,13960,6332
TACCTTAAGATTTCCC-1,0,49,29,14212,6477
AATGACAGCAATGTCT-1,0,48,30,13960,6622
TCAACGCAGGAAATAA-1,0,49,31,14212,6767
TATTCCTCCGCCCACT-1,0,48,32,13959,6912
ATCAAACGAAGGTTTG-1,0,49,33,14212,7058
TTGATTAGCTGTTTCT-1,0,48,34,13959,7202
CTGCTGAGGCCACGAA-1,0,49,35,14212,7348
CCGTGTTAAATTCCAT-1,0,48,36,13959,7493
CACGTCGGCAACCTCT-1,0,49,37,14211,7638
GTATTCTGAGAAACGA-1,0,48,38,13959,7783
CGGTGCGCGTTGGTCC-1,0,49,39,14211,7928
GTGATTCGCCGCTCAA-1,0,48,40,13958,8073
GCCCGCGCGTAAACGG-1,1,49,41,14211,8219
AACGTACTGTGGGTAC-1,0,48,42,13958,8363
GAGTATGCCCGCCTTG-1,0,49,43,14211,8509
TGATTCTGTCGCCGGT-1,0,48,44,13958,8654
GGGCGGCAAATGAATT-1,0,49,45,14210,8799
TTCCAATCTGGCTATC-1,1,48,46,13958,8944
GGAACCGTGTAAATTG-1,0,49,47,14210,9089
TTGGTCACACTCGTAA-1,1,48,48,13957,9234
CGAACCCGCATGCGTC-1,0,49,49,14210,9380
GGGCGTCACCACGTAA-1,1,48,50,13957,9524
TACCAGAAGTAGGTTC-1,0,49,51,14209,9670
TTGGATATCGTCTACG-1,1,48,52,13957,9815
TAGATATGGACTGGAA-1,1,49,53,14209,9960
GCGACGATAGTTGTAC-1,0,48,54,13957,10105
CTGGATTTACACTTGA-1,1,49,55,14209,10250
GTTATATTATCTCCCT-1,1,48,56,13956,10395
TATTCCACTCAGCTCG-1,1,49,57,14209,10541
CTGTTACCCAATCTAG-1,1,48,58,13956,10685
ACGCGAAGTCAGACGA-1,1,49,59,14208,10831
GATAGGTAACGTTGAC-1,1,48,60,13956,10976
TGTTCGTATTGCGGTG-1,1,49,61,14208,11121
GGTCAGTGGGTCCCAC-1,1,48,62,13956,11266
AATTCTAGAGTTAGGC-1,1,49,63,14208,11411
GTTTACGTTCCATCTG-1,1,48,64,13955,11556
AGACCCACCGCTGATC-1,1,49,65,14208,11702
TCTAGCATGCCCAGAA-1,1,48,66,13955,11846
CCCGCAGCGCGAACTA-1,1,49,67,14207,11992
CTCTATTTGGCTGCAG-1,1,48,68,13955,12137
TTCTGCCGCGCCTAGA-1,1,49,69,14207,12282
ACTCCCTAGAATAGTA-1,1,48,70,13955,12427
CCGAACCTTCCCGGCC-1,1,49,71,14207,12572
TCAGACGCTATAGAAG-1,1,48,72,13954,12717
CAGGCGCCATGCTAGG-1,1,49,73,14207,12863
CACTCGAGCTGAACAA-1,1,48,74,13954,13007
ACAAGGAAATCCGCCC-1,1,49,75,14206,13153
ACCACGTGCAGCTATA-1,1,48,76,13954,13298
ACGGCGACGATGGGAA-1,1,49,77,14206,13443
TTACTAAAGGACTTTA-1,1,48,78,13953,13588
GGCTGAAATAGCAAAG-1,1,49,79,14206,13733
TTAGACGAGTCACCTC-1,1,48,80,13953,13878
GTAGTCGCGGGAATCA-1,0,49,81,14206,14024
GCAAACCCTACATTAT-1,0,48,82,13953,14168
GTTAAAGTAGGACTGG-1,0,49,83,14205,14314
ACCCTCCCTTGCTATT-1,0,48,84,13953,14459
CATGTCTCATTTATGG-1,0,49,85,14205,14604
AATAGAATCTGTTTCA-1,0,48,86,13952,14749
TCTCATGAGATAGGGT-1,0,49,87,14205,14894
ATGACTATGCGACATT-1,0,48,88,13952,15039
CCTAACCCAAACAAGT-1,0,49,89,14205,15185
AGTCAAGATGACACTT-1,0,48,90,13952,15329
CGGGAGCTTCAGTGTA-1,0,49,91,14204,15475
CCACAGTACCCATCCT-1,0,48,92,13952,15620
GAGCGCGCACGAGTAG-1,0,49,93,14204,15765
ACCAGTGCGGGAGACG-1,0,48,94,13951,15910
TCCTTACGACGGTCCG-1,0,49,95,14204,16055
TAGTCGATCACGGGTT-1,0,48,96,13951,16200
AGACGAAGTGCCGGTC-1,0,49,97,14204,16346
CGCTGGTGACTACCCT-1,0,48,98,13951,16490
AGGCATTGTCGTAGGG-1,0,49,99,14203,16636
TGGTAGAATATATGGG-1,0,48,100,13951,16781
TTCTTATCCGCTGGGT-1,0,49,101,14203,16926
AGTTTGGCACGGGTTG-1,0,48,102,13950,17071
GCATCGGCCGTGTAGG-1,0,49,103,14203,17216
ATGCGAGTCCCACCAC-1,0,48,104,13950,17361
TCGGCGAACCCAAACC-1,0,49,105,14202,17507
AGAGTAAACTTCACTA-1,0,48,106,13950,17651
AAGCCGAAGCGGTTTA-1,0,49,107,14202,17797
CCCGAGTTTCTCCGTA-1,0,48,108,13950,17942
AATATCGAATCAATGC-1,0,49,109,14202,18087
GCGCCTCCCACTCCGA-1,0,48,110,13949,18232
CGTTAAACTAGTTAGG-1,0,49,111,14202,18377
TGAGTTAAAGACATTC-1,0,48,112,13949,18522
AACAGGTAGTATGGAT-1,0,49,113,14201,18668
GAACGCGGGTCACACG-1,0,48,114,13949,18812
TGTTTGAGATCGTCAG-1,0,49,115,14201,18958
ATCTCGTGAGCGAAAC-1,0,48,116,13949,19103
CTGAGAAAGTTCGGCG-1,0,49,117,14201,19248
ATTACCACACTGCCTG-1,0,48,118,13948,19393
CTGCTGTCTAACGAGC-1,0,49,119,14201,19538
CGTGGAAGCCTCGTAC-1,0,48,120,13948,19683
GGACTCACAAATTAGG-1,0,49,121,14200,19829
CTTTGCTGTCATGGAT-1,0,48,122,13948,19973
GGTGTTGGGCGTCTTA-1,0,49,123,14200,20119
TACCATGTATTGATTT-1,0,48,124,13948,20264
GGTCTCCAAGTAGTGC-1,0,49,125,14200,20409
ATCCTTCTGAAAGAAC-1,0,48,126,13947,20554
CCGGAAGTTATCAGTC-1,0,49,127,14200,20699
TTAGAGGGATATACAG-1,0,50,0,14469,2269
TTGTACACCTCGAACA-1,0,51,1,14721,2414
GTGGGTACTGAGCGTA-1,0,50,2,14468,2559
CTTAAGCAGCGAGCCG-1,0,51,3,14721,2704
GCATTGACTTGCGGAA-1,0,50,4,14468,2849
CCATAACCTGTGCAGT-1,0,51,5,14721,2994
GGGCTACTATTTCGTG-1,0,50,6,14468,3139
GGCGAGCGAAACGGCA-1,0,51,7,14720,3285
GGAGACCATCTACATA-1,0,50,8,14468,3430
AGACCAAACCACACCT-1,0,51,9,14720,3575
CGACGCATCCGTACCT-1,0,50,10,14467,3720
CCTAGGTAAAGGTAGC-1,0,51,11,14720,3865
AGCGGCGGTTAGCGGT-1,0,50,12,14467,4010
CTGGACGCAGTCCGGC-1,0,51,13,14719,4155
AGCCTAATACCCACGT-1,0,50,14,14467,4300
AATCTGGCTTTCTAGT-1,0,51,15,14719,4446
CACCCTTGGTGAGACC-1,0,50,16,14467,4591
GGATCTTGACTCAACC-1,0,51,17,14719,4736
ACGAGGATACCACTCT-1,0,50,18,14466,4881
GAGTTGATGGCAATTT-1,0,51,19,14719,5026
GTGGCAAACAGCGGCA-1,0,50,20,14466,5171
GATGTAACGAACCACC-1,0,51,21,14718,5316
AGCCGTGGCTAAATGT-1,0,50,22,14466,5461
CTCCCTCCTTTCGATC-1,0,51,23,14718,5607
TTGGAAGAATACAGTC-1,0,50,24,14466,5752
AGTTAAGTCAACCGCT-1,0,51,25,14718,5897
CTCATGGTAATTTGCG-1,0,50,26,14465,6042
AAAGTAGCATTGCTCA-1,0,51,27,14718,6187
TTGTGGTAGGAGGGAT-1,0,50,28,14465,6332
AGTCGTGGGCATTACG-1,0,51,29,14717,6477
ACCTAAGTACCTTTCA-1,0,50,30,14465,6622
GTAGAGGGAGACAAGT-1,0,51,31,14717,6768
GATCCTCGACACTGGC-1,0,50,32,14464,6913
CCTACATTCACAGACG-1,0,51,33,14717,7058
TTGACCGTGTTAATGA-1,0,50,34,14464,7203
TCTGTTACCCAGCATA-1,0,51,35,14717,7348
CTAACTGGTCCGGTTC-1,0,50,36,14464,7493
AGCGACAGGAACGGTC-1,0,51,37,14716,7638
TAATAGAACAGAGTTA-1,0,50,38,14464,7783
ACAGGTGGAGGTGAGG-1,0,51,39,14716,7929
TGCGAGAATATTACCC-1,0,50,40,14463,8074
TTGCGTCGGCCAACCG-1,1,51,41,14716,8219
AGGCTTCCCGAAGAAG-1,1,50,42,14463,8364
GCGGACCGCGTTGTGG-1,1,51,43,14716,8509
GTAATCTGATTCTTCG-1,1,50,44,14463,8654
CCGCGGAATGCGTCAC-1,1,51,45,14715,8799
TTCCACACAGATTTGA-1,0,50,46,14463,8944
CTTCTATTAATGCTAG-1,0,51,47,14715,9090
CATTTGAGTGGTACGT-1,0,50,48,14462,9235
TCACAGCAAACTCGAA-1,0,51,49,14715,9380
CAGACGAACCTGATAC-1,0,50,50,14462,9525
TAGCTAGAAGGCATGA-1,0,51,51,14715,9670
ATCCAGAGCAACAACC-1,0,50,52,14462,9815
TCCGGTTCGTCCGGTC-1,0,51,53,14714,9960
CGCGCATGTTTGATTG-1,0,50,54,14462,10105
TGGCGATCAAGTTATG-1,0,51,55,14714,10251
CCCTTTGACAGGTCTT-1,1,50,56,14461,10396
CAGAGACGGTCACCCA-1,0,51,57,14714,10541
TAGCTCGCCTGATAAC-1,1,50,58,14461,10686
TTGTGTTTCCCGAAAG-1,1,51,59,14714,10831
TATACACAGACGCCTT-1,1,50,60,14461,10976
ACATTAGTTTATATCC-1,1,51,61,14713,11121
CCATCGCAGTTAAACT-1,1,50,62,14461,11266
AATTAGCGCTGCAGCG-1,1,51,63,14713,11412
TCCGCTTATCCCATTA-1,1,50,64,14460,11557
GTTTGGGCTTGTGAGC-1,1,51,65,14713,11702
CTTGTCAACATTCGAG-1,1,50,66,14460,11847
GGACCAACAGGATAAC-1,1,51,67,14712,11992
AAGCTAGATCGAGTAA-1,1,50,68,14460,12137
TACCGTGCCTCGGACC-1,1,51,69,14712,12282
GTAGCCAAACATGGGA-1,1,50,70,14460,12427
TGCCAGTACGTGGAGA-1,1,51,71,14712,12573
ATAAGGTGGAGAACAT-1,1,50,72,14459,12718
CTTTAATATTGGTCGA-1,1,51,73,14712,12863
TGGTTCAACGGGTAAT-1,1,50,74,14459,13008
GCTGCTACTGCGTAGC-1,1,51,75,14711,13153
CTGCACAACTACATAT-1,1,50,76,14459,13298
ATATTCCACATAGTGA-1,1,51,77,14711,13444
TGGCAAACTAAATTAC-1,1,50,78,14459,13588
ACCGCAATAACTGCCT-1,0,51,79,14711,13734
TCGCACCAGGAGGCAG-1,0,50,80,14458,13879
ACTTCAGGCTGATCCC-1,0,51,81,14711,14024
ACAAATCGCACCGAAT-1,0,50,82,14458,14169
TCTGATGTATTCTGTC-1,0,51,83,14710,14314
CTTTACCGAATAGTAG-1,0,50,84,14458,14459
GCAGATCCATAAGACT-1,0,51,85,14710,14605
TTCCTCGGACTAACCA-1,0,50,86,14457,14749
TTATCCGGGATCTATA-1,0,51,87,14710,14895
CTGGAAGACACGGTGG-1,0,50,88,14457,15040
GTTCGTCTAAAGAACT-1,0,51,89,14710,15185
GTCTATTGGTTCCGGT-1,0,50,90,14457,15330
CTAGGCGCCCTATCAG-1,0,51,91,14709,15475
AACGGACGTACGTATA-1,0,50,92,14457,15620
AACACACGCTCGCCGC-1,0,51,93,14709,15766
GCTACTATAGTAGAGT-1,0,50,94,14456,15910
AGCATATCAATATGCT-1,0,51,95,14709,16056
CGAACAGTATGGGCGT-1,0,50,96,14456,16201
ACAATTGTGTCTCTTT-1,0,51,97,14709,16346
GATCGCTACCCGATTT-1,0,50,98,14456,16491
ATTGCGATCAGTAACT-1,0,51,99,14708,16636
CAGCAGTCCAGACTAT-1,0,50,100,14456,16781
AGAGGCTTCGGAAACC-1,0,51,101,14708,16927
AAACAAGTATCTCCCA-1,0,50,102,14455,17071
GGCAGCAAACCTATGC-1,0,51,103,14708,17217
ACTAGTTGCGATCGTC-1,0,50,104,14455,17362
TTGGACCATCTGGCAA-1,0,51,105,14708,17507
CCCTCCTCGCTCGTAT-1,0,50,106,14455,17652
GAGCGCAAATACTCCG-1,0,51,107,14707,17797
ATTACATGTCAGTCTT-1,0,50,108,14455,17942
TTGGGACGTAAGAGTT-1,0,51,109,14707,18088
CTTCGGCCAATTGTTT-1,0,50,110,14454,18232
AGACCGCTCCGCGGTT-1,0,51,111,14707,18378
GACCGCGTCTGACGTG-1,0,50,112,14454,18523
CCAAATAACAAGATTC-1,0,51,113,14706,18668
TCTTTAGAGTCTAACA-1,0,50,114,14454,18813
CTCCCAATGAGTCGCG-1,0,51,115,14706,18958
TAGTCTTTCCGAATTG-1,0,50,116,14454,19103
GAGTAAACCGGAAAGT-1,0,51,117,14706,19249
GATCTCGACGCTGTGG-1,0,50,118,14453,19393
CTGACATAGAAATAGA-1,0,51,119,14706,19539
TATACCGAGTGCCACA-1,0,50,120,14453,19684
TCCGAACGTTGCCGCT-1,0,51,121,14705,19829
GCAGAAGGTAATCTCC-1,0,50,122,14453,19974
GGTACTAAGTGCTTTG-1,0,51,123,14705,20119
CAGAATATTCGTTATC-1,0,50,124,14453,20264
TAATCAACCAAATGGG-1,0,51,125,14705,20410
TCTGCTTAGAACAAGC-1,0,50,126,14452,20554
AACTGAGTTATACTGA-1,0,51,127,14705,20700
CCTCAACGATCGCTGT-1,0,52,0,14974,2269
CGGTACGGCAAACCCA-1,0,53,1,15226,2414
CAGATGTTTGTCCCAA-1,0,52,2,14973,2559
GTTTGTTAGCCAAGTA-1,0,53,3,15226,2705
ACGTGACAAAGTAAGT-1,0,52,4,14973,2850
TTGTCACCGCGGTATC-1,0,53,5,15226,2995
GATCTAACCGTATTCA-1,0,52,6,14973,3140
ATGGAAATTTAAGGAG-1,0,53,7,15225,3285
ATTGATCACCACATTT-1,0,52,8,14973,3430
ACTGCTCGGAAGGATG-1,0,53,9,15225,3575
TCTAAAGAACAGTCTC-1,0,52,10,14972,3720
CTGGGTTGAGTTAAAG-1,0,53,11,15225,3866
CCCAGTAAACTTGGGA-1,0,52,12,14972,4011
AGATTCACAACCGATA-1,0,53,13,15225,4156
AGAAGGTACACTTCAC-1,0,52,14,14972,4301
GCAGGAACTTAGATCT-1,0,53,15,15224,4446
AATCTAGGTTTACTTG-1,0,52,16,14972,4591
CCCGGTGTATCGGAAT-1,0,53,17,15224,4736
TTATCCTCAAGGAATA-1,0,52,18,14971,4881
AGCATCATTTCGAAAG-1,0,53,19,15224,5027
CGCGAGTCTGCCGGGT-1,0,52,20,14971,5172
TGCGTCATGACTGAGC-1,0,53,21,15223,5317
GTATGAAATTTCACTC-1,0,52,22,14971,5462
TTGGTTGCGGTGCGCG-1,0,53,23,15223,5607
ACAGAACTGAGAACAA-1,0,52,24,14971,5752
CTACTATCATAGGTTT-1,0,53,25,15223,5897
CCTCTATCGATTAGCA-1,0,52,26,14970,6042
CCGTATCTCGTCGTAG-1,0,53,27,15223,6188
TCACGATGTCCGTGGA-1,0,52,28,14970,6333
TCAACAAAGATAATTC-1,0,53,29,15222,6478
ATGACGCGTTCTATCC-1,0,52,30,14970,6623
ATTTGCGCGAGTAGCT-1,0,53,31,15222,6768
TTCTTGGACGATCTGC-1,0,52,32,14970,6913
AGACGACGATGCCGCT-1,0,53,33,15222,7058
GGTCTCTGAATGGACT-1,0,52,34,14969,7203
GCTCAATCCGTTTATT-1,0,53,35,15222,7349
CCAGAAAGCAACTCAT-1,0,52,36,14969,7494
CACCGTTAGGGATCAC-1,0,53,37,15221,7639
AATAACACTAGAACAA-1,0,52,38,14969,7784
CACCCGGTTTGTGACT-1,0,53,39,15221,7929
CCACCAACTTTACTGT-1,0,52,40,14968,8074
AACTCTCAGTGTGCTC-1,1,53,41,15221,8219
AAACCGTTCGTCCAGG-1,0,52,42,14968,8364
CAGCGATTCCCTTCAA-1,0,53,43,15221,8510
GCTAGCTTGAATAGCT-1,0,52,44,14968,8655
TTGCGGCATCAGAAAG-1,1,53,45,15220,8800
AATAGAACAGAGTGGC-1,0,52,46,14968,8945
GCCATCGAGCTGCGTG-1,0,53,47,15220,9090
ACACTGATCAAGGTGT-1,0,52,48,14967,9235
ACCAACGCTTATTTAT-1,0,53,49,15220,9380
GACATCGATTTATAAC-1,0,52,50,14967,9525
CAGACACCGATCGCTG-1,0,53,51,15220,9671
CCAAGAAAGTGGGCGA-1,0,52,52,14967,9816
GGTAGACCGTTGGGCG-1,0,53,53,15219,9961
TCGTTAGGAGTCCCTA-1,0,52,54,14967,10106
ACGGCCAACATGGACT-1,0,53,55,15219,10251
GTGAGTGGTACAACGC-1,0,52,56,14966,10396
GAGACTTCGCGACCGA-1,0,53,57,15219,10541
GAAGTCAGTTGCACTA-1,1,52,58,14966,10686
GTTTGGTAGGGTCAAC-1,1,53,59,15219,10832
ACGGCACTTGCTTGGG-1,0,52,60,14966,10977
CCTCTGTACTATTCTA-1,1,53,61,15218,11122
CTATTCATGTGTCCCA-1,1,52,62,14966,11267
GCCCGATCTGTGGTCG-1,1,53,63,15218,11412
TTAGAAGAACATGACT-1,1,52,64,14965,11557
AGGATAAAGTCGGGAT-1,1,53,65,15218,11702
CGGCAAACATCGTGCG-1,1,52,66,14965,11847
CTAGTTACAACCCGGT-1,1,53,67,15218,11993
TTCGACAGAGCCCGTG-1,1,52,68,14965,12138
AAGCATACTCTCCTGA-1,1,53,69,15217,12283
GACGACGATCCGCGTT-1,1,52,70,14965,12428
GGTAGAAGACCGCCTG-1,1,53,71,15217,12573
GAGATGGGAGTCGACA-1,1,52,72,14964,12718
AACGATAATGCCGTAG-1,1,53,73,15217,12863
TGGTCCCACGCTACGG-1,1,52,74,14964,13008
CTGCTTGGCGATAGCT-1,1,53,75,15216,13154
ATCGGAGACAGACGGC-1,1,52,76,14964,13299
TAGCGTCCGGTGTGGT-1,1,53,77,15216,13444
GTTGAGTCCCGCCGGT-1,0,52,78,14964,13589
AAATAGGGTGCTATTG-1,0,53,79,15216,13734
AAGTGTTTGGAGACGG-1,0,52,80,14963,13879
AGCACTACCTCACCAG-1,0,53,81,15216,14024
TGCCTTGGCCAGGCAA-1,0,52,82,14963,14169
TCGTCTTAGGCGTTAA-1,0,53,83,15215,14315
TTCTGACCGGGCTCAA-1,0,52,84,14963,14460
CAGAACTTAGCCCTCT-1,0,53,85,15215,14605
AGCTCCTTCGCACATC-1,0,52,86,14963,14750
ACAGGCTTGCCCGACT-1,0,53,87,15215,14895
GCTATACGTCTCGGAC-1,0,52,88,14962,15040
GAGCCAGCTACCTGTG-1,0,53,89,15215,15185
TGCTAAGTGTCTATTT-1,0,52,90,14962,15330
GTCCTACGAATAGTCT-1,0,53,91,15214,15476
CAGTGTCGGCTGGCCC-1,0,52,92,14962,15621
CTATCGACGAAATACA-1,0,53,93,15214,15766
CATCATTACCCTGAGG-1,0,52,94,14961,15911
TAAGTTGCGACGTAGG-1,0,53,95,15214,16056
AGTGCACGCTTAAGAA-1,0,52,96,14961,16201
TGTGCCGGTGCCGGAA-1,0,53,97,15214,16346
AGGAGGCCTTCGCGCG-1,0,52,98,14961,16491
TCCGCGGCCCAATGAA-1,0,53,99,15213,16637
TCCGTTAAGCTAATAT-1,0,52,100,14961,16782
AAATCTAGCCCTGCTA-1,0,53,101,15213,16927
CGCAGGCGATCCAAAC-1,0,52,102,14960,17072
CCATATGGAAACTATA-1,0,53,103,15213,17217
CACCGTATCCCATCCG-1,0,52,104,14960,17362
GGTCAAGACTACTTCG-1,0,53,105,15213,17507
CCCGTTTCGCAGATGT-1,0,52,106,14960,17652
GTTATAATACGGTGAA-1,0,53,107,15212,17798
ACTTGTGGATGGAACG-1,0,52,108,14960,17943
GTTCGCTGAGACGTCT-1,0,53,109,15212,18088
GACACTGGAACCCGAT-1,0,52,110,14959,18233
CCCAGGTCTGAAGGCT-1,0,53,111,15212,18378
TCTCGAGGAGGTTCGC-1,0,52,112,14959,18523
ACTATCTGCCCGCGTA-1,0,53,113,15212,18668
CCTAAATTGTATCCTA-1,0,52,114,14959,18813
AGAAATTATGACTCGC-1,0,53,115,15211,18959
TCCAGCGCTATAAGCG-1,0,52,116,14959,19104
TCGTGTATTGGTCACG-1,0,53,117,15211,19249
CCACATACTGCACCCA-1,0,52,118,14958,19394
GTTGCGGACGGTCAGG-1,0,53,119,15211,19539
GTATTTAATGGCATAA-1,0,52,120,14958,19684
GTCGATAGGTGACTTT-1,0,53,121,15210,19829
AATAATCTTCGTATCG-1,0,52,122,14958,19974
ATTGTTCAACGATCCG-1,0,53,123,15210,20120
GTGCAGCGTAGAGTAG-1,0,52,124,14958,20265
TGTGGTAGGGTGCCTT-1,0,53,125,15210,20410
TGTGGACTATCTACGT-1,0,52,126,14957,20555
GGCGGGCTCTAAGAGT-1,0,53,127,15210,20700
TGTGCCAGAGGCAAAG-1,0,54,0,15479,2269
TGGCTTATGTATAATG-1,0,55,1,15731,2415
GCAAGCTGGAAACCGC-1,0,54,2,15478,2560
GATATCAAGCAGGAGC-1,0,55,3,15731,2705
CACCAATCATCCGTCT-1,0,54,4,15478,2850
CCACATGGCTCTTTAT-1,0,55,5,15731,2995
GTCCTACTCTACGGGC-1,0,54,6,15478,3140
CTCGAGACATACGATA-1,0,55,7,15730,3286
TATCAGTGGCGTAGTC-1,0,54,8,15478,3431
TGACAGGACAAGTCCA-1,0,55,9,15730,3576
TATTAACACCAAAGCA-1,0,54,10,15477,3721
TAGGCGATGAGGTCTC-1,0,55,11,15730,3866
CCGCCGGAACTTCTCG-1,0,54,12,15477,4011
GCCATTAGCCTCAAAC-1,0,55,13,15730,4156
GTTAGGCTACCCGTTT-1,0,54,14,15477,4301
GGGTATTCTAGCAAAC-1,0,55,15,15729,4447
GCCCTAGCCGTCGCGA-1,0,54,16,15477,4592
CAGATCCTGGTTTGAA-1,0,55,17,15729,4737
CTTCAGTGGTCGCCTA-1,0,54,18,15476,4882
GGGCAACCGCACGTGC-1,0,55,19,15729,5027
GACCCAATTATGATAC-1,0,54,20,15476,5172
GAAGCTCGGACCCGTC-1,0,55,21,15729,5317
CGTCGGGTCTAAGCGC-1,0,54,22,15476,5462
GAGGCCCGACTCCGCA-1,0,55,23,15728,5608
TTGCCATAGCCCGCTC-1,0,54,24,15476,5753
TAACATACACGCGATC-1,0,55,25,15728,5898
CCGACGGGCATGAGGT-1,0,54,26,15475,6043
AATGTGCCCGAGGTGT-1,0,55,27,15728,6188
AGCTGTAACCTCAATC-1,0,54,28,15475,6333
CGAGTGAAGGTACCAG-1,0,55,29,15727,6478
AGTCTCACAAGACTAC-1,0,54,30,15475,6623
AAATTGATAGTCCTTT-1,0,55,31,15727,6769
TAAGTCGCCGAGTATC-1,0,54,32,15475,6914
GCGGAGAAACTTCGCA-1,0,55,33,15727,7059
GGCAAAGGCGCCAATA-1,0,54,34,15474,7204
ATTTCCGGGTTCTGCG-1,0,55,35,15727,7349
TAAACCCAGGAGGGCA-1,0,54,36,15474,7494
TTCGGGCGCTAGTCTT-1,0,55,37,15726,7639
GTGGAGTCGGCGGTTG-1,0,54,38,15474,7784
GCACGCCTACTTAGAT-1,1,55,39,15726,7930
CAATATTCTTGACCTA-1,0,54,40,15474,8075
CGTTTGTGTAGAGGGT-1,1,55,41,15726,8220
CATAGCGTTGCCCACC-1,0,54,42,15473,8365
TGATACATTTAGCCGT-1,0,55,43,15726,8510
TTCCGGCCTTGAGGCT-1,1,54,44,15473,8655
CCTATACCGTCCTGTC-1,0,55,45,15725,8800
TCGTTGCTATCCGGTC-1,0,54,46,15473,8945
TGGCGACTGCTCCAAA-1,0,55,47,15725,9091
CAGAGGCGATGCATGA-1,0,54,48,15472,9236
TCACAGGAGAATAAGA-1,0,55,49,15725,9381
GGGTTAACATTTGAGT-1,0,54,50,15472,9526
GCGGGCGAGCCTTACC-1,0,55,51,15725,9671
TGCCAATGGGTACTCT-1,0,54,52,15472,9816
AGGGACTCTACGCGAC-1,0,55,53,15724,9961
GACGCCGTAAAGGCTA-1,0,54,54,15472,10106
AAAGGCTCTCGCGCCG-1,0,55,55,15724,10252
CTGGCTGGTTGTCAGT-1,0,54,56,15471,10397
ACATCCCGGCCATACG-1,0,55,57,15724,10542
CTCTTGTCCCGCTTGG-1,1,54,58,15471,10687
TACGCCTCCATTCCGA-1,1,55,59,15724,10832
CGGAGCAATTTAATCG-1,1,54,60,15471,10977
AACTAGGCTTGGGTGT-1,0,55,61,15723,11122
GCGTCGCCAGGGTGAT-1,0,54,62,15471,11267
GTTGGTCATGCTATCC-1,0,55,63,15723,11413
GCTGGCGGCGCATGCT-1,0,54,64,15470,11558
TGAGCGGAAAGTGTTC-1,0,55,65,15723,11703
CTTTCTGTGCGGGCTT-1,0,54,66,15470,11848
ATCTAATATCCTACGG-1,0,55,67,15723,11993
AACCTTTAAATACGGT-1,1,54,68,15470,12138
TTCACTCGAGCACCTA-1,0,55,69,15722,12283
CTGCACTCCAGTACAG-1,1,54,70,15470,12428
CCATTTCTACCTATTA-1,0,55,71,15722,12574
CAAGCGGCACATAATT-1,1,54,72,15469,12719
GTTAACATCACTTAAA-1,0,55,73,15722,12864
ATATAAATGTAGCTGC-1,1,54,74,15469,13009
GCCTCTATACATAGCA-1,1,55,75,15722,13154
GTGTCGTATAGCGTTC-1,1,54,76,15469,13299
ATACGTACTTAGCCAC-1,1,55,77,15721,13444
GCTATCATACTCATGG-1,0,54,78,15469,13589
TATCCAATTGGTTATC-1,0,55,79,15721,13735
TCTCCCTGGGCAGCGT-1,0,54,80,15468,13880
CCTATAATGAGTGCCC-1,0,55,81,15721,14025
CAATGCGAGAAGTATC-1,0,54,82,15468,14170
TACCAATAAAGTACCA-1,0,55,83,15720,14315
GCTAGGCACCACGGAG-1,0,54,84,15468,14460
GGTGGACTGCTCTGGC-1,0,55,85,15720,14605
TATTCCGAGCTGTTAT-1,0,54,86,15468,14750
TTGAGAAGTTTAGCAT-1,0,55,87,15720,14896
GTCCGGACCTGAAATT-1,0,54,88,15467,15041
CTGTGGTCGGGAGATA-1,0,55,89,15720,15186
CATGTAAGAGACATTT-1,0,54,90,15467,15331
CACGTTTCGTACACAC-1,0,55,91,15719,15476
CATCCTCTCAAAGATC-1,0,54,92,15467,15621
GATTAACCGAAAGCCC-1,0,55,93,15719,15766
AACGCTGTTGCTGAAA-1,0,54,94,15467,15911
TTCAGCTGGCGTGCCC-1,0,55,95,15719,16057
TAGAGGTTCTACTTGT-1,0,54,96,15466,16202
GTATCAAACGTTAGCT-1,0,55,97,15719,16347
AATCATGTAAAGACTC-1,0,54,98,15466,16492
AGTCACTAGCTCTCGA-1,0,55,99,15718,16637
GCGAAACGATCGGGAG-1,0,54,100,15466,16782
CATGGATTGTCTTCCG-1,0,55,101,15718,16927
ATTGGATTACAGCGTA-1,0,54,102,15465,17072
CACACACGCTAACGAG-1,0,55,103,15718,17218
CTATGGGAAGCGGAAT-1,0,54,104,15465,17363
TGCCTAATTGAAGATT-1,0,55,105,15718,17508
TGGCAATGGGACGGCG-1,0,54,106,15465,17653
ACCTCCGCCCTCGCTG-1,0,55,107,15717,17798
CGGCAATAAGATCGCC-1,0,54,108,15465,17943
CCTTGACCACTTTATT-1,0,55,109,15717,18088
TCATTTAGAAGTGTGA-1,0,54,110,15464,18233
CAGAATAACACACGGA-1,0,55,111,15717,18379
TCTGAGCAATTGACTG-1,0,54,112,15464,18524
CAACGTGGTGGAGTCT-1,0,55,113,15717,18669
CACAGTTCGCTTCCCA-1,0,54,114,15464,18814
TCTCTCGCCGCACATA-1,0,55,115,15716,18959
TGGGCAGGCCACCGCA-1,0,54,116,15464,19104
CTCCTGTTCAAGGCAG-1,0,55,117,15716,19249
TATTTGATTTGCACAG-1,0,54,118,15463,19394
GCCACTCCTTACGGTA-1,0,55,119,15716,19540
ACCGATATTTAATCAT-1,0,54,120,15463,19685
TTATTATCTGGAAGGC-1,0,55,121,15716,19830
TACATGCCGGAATTGT-1,0,54,122,15463,19975
GGCACTCAGCCGACCC-1,0,55,123,15715,20120
AAACCGGAAATGTTAA-1,0,54,124,15463,20265
AGACAGGCATCTCAGC-1,0,55,125,15715,20410
GTGGTGATGGTTTGTG-1,0,54,126,15462,20555
CCGATATGACGTAAGG-1,0,55,127,15715,20701
CATACACAAAGTCAGC-1,0,56,0,15984,2270
TGCCGTTCTTAATCGG-1,0,57,1,16236,2415
TCGAGTCTACGATTCG-1,0,56,2,15983,2560
ACTTCCAGTGGAAGCT-1,0,57,3,16236,2706
CAATTGGGCCGCACTC-1,0,56,4,15983,2850
AAATCGCGGAAGGAGT-1,0,57,5,16236,2996
ATATCAATTCCAGCCT-1,0,56,6,15983,3141
CTTTGTCGAATGCTCC-1,0,57,7,16235,3286
TGAGGCATGTACTGTG-1,0,56,8,15983,3431
TTCGCCGCTCGCGCTA-1,0,57,9,16235,3576
GACTCCTTCCAATTGA-1,0,56,10,15982,3721
ACCGAAGAGTCTGGTT-1,0,57,11,16235,3867
TGGCATGAAGTTTGGG-1,0,56,12,15982,4011
ACGAGGTTTACAACGT-1,0,57,13,16235,4157
AACCCATCCCATGATC-1,0,56,14,15982,4302
TCGACAACTGAACCCG-1,0,57,15,16234,4447
TATCTTGCAATACAAC-1,0,56,16,15982,4592
TATTATGTTTGCCTGC-1,0,57,17,16234,4737
GTCAAAGAAGTGGTGT-1,0,56,18,15981,4882
GGGACAGAGTTACTCC-1,0,57,19,16234,5028
AGCAACCGAAAGTAAT-1,0,56,20,15981,5172
CTCTCTAACTGCCTAG-1,0,57,21,16234,5318
ATACGGAACGTCGTTT-1,0,56,22,15981,5463
TCGGTCCCGACAATAG-1,0,57,23,16233,5608
CGCGCAAATGTCCAGA-1,0,56,24,15981,5753
TCTAATACTGCCTCAG-1,0,57,25,16233,5898
CTCGGTTGTCGGCCCT-1,0,56,26,15980,6043
GGTAACCGGGAGGATA-1,0,57,27,16233,6189
CAGGCGCACGGTGGTC-1,0,56,28,15980,6333
TCATCGATGGTCCCAA-1,0,57,29,16233,6479
CAAAGATTATTGGGCC-1,0,56,30,15980,6624
ACAATGAATACGGAGA-1,0,57,31,16232,6769
GCTCCTGACATACTGG-1,0,56,32,15980,6914
GATGACAAGTAGGGCA-1,0,57,33,16232,7059
TACGCCGAGGGTACCC-1,0,56,34,15979,7204
AAGCGTCCCTCATCGA-1,0,57,35,16232,7350
CACTCCTATGTAAGAT-1,0,56,36,15979,7494
TCGAGCCAGGCAGGCC-1,0,57,37,16231,7640
TCGTCAAGTACGCGCA-1,0,56,38,15979,7785
CCCGTAGCTGGGAAGA-1,0,57,39,16231,7930
ACCCTATGCCATATCG-1,1,56,40,15979,8075
GTGGTATAGTCTGCCG-1,1,57,41,16231,8220
CCGGTTTGTAATTGTG-1,1,56,42,15978,8365
GTCGCCGTTGTGTGTT-1,0,57,43,16231,8511
TACTGAACAGATTTAG-1,0,56,44,15978,8655
TATTAACCTGACCGCG-1,0,57,45,16230,8801
CTGTAGCCATCTCACT-1,0,56,46,15978,8946
TACTATGGTTCCTCAG-1,0,57,47,16230,9091
GAGTCAGACCAGAATC-1,0,56,48,15978,9236
TAAGGCATAACATCAA-1,0,57,49,16230,9381
CTTCCGCTCCGTGAAG-1,0,56,50,15977,9526
GGGCTATGATCGATGG-1,0,57,51,16230,9672
GGTCGGTCGTCCACAG-1,0,56,52,15977,9816
GGGACCCGTATATCTT-1,0,57,53,16229,9962
GAAAGCAGTGCACTTT-1,0,56,54,15977,10107
AGCGCATAATGAATCG-1,0,57,55,16229,10252
GCTGCTAAGTAGTCGA-1,0,56,56,15976,10397
AATAGTCCGTCCCGAC-1,0,57,57,16229,10542
AGCAGCCAGATGAATA-1,0,56,58,15976,10687
CCTCGCGCTGTGCGAT-1,0,57,59,16229,10833
TTGTGTATGCCACCAA-1,0,56,60,15976,10977
TGCTCGGCGAAACCCA-1,0,57,61,16228,11123
CGATTAAATATCTCCT-1,0,56,62,15976,11268
TGCCGTGGATCGTCCT-1,0,57,63,16228,11413
GTGGACGCATTTGTCC-1,0,56,64,15975,11558
ACCCGGAAACTCCCAG-1,0,57,65,16228,11703
CCGCATGTGGTACGAT-1,0,56,66,15975,11848
GCAAACCTTGGCCATA-1,0,57,67,16228,11994
ATTCACTGATGTTGGA-1,0,56,68,15975,12139
ACTCCCTAATGCTAAA-1,0,57,69,16227,12284
TCCTAAATTGGGAAGC-1,0,56,70,15975,12429
GAACAGATTACTAAAT-1,0,57,71,16227,12574
ATACAGGCCCTCCAAT-1,0,56,72,15974,12719
CGATTCGCCTGGCTGC-1,0,57,73,16227,12864
TCCGCCTGTCTACAAG-1,0,56,74,15974,13009
CACATCTCACCGACGA-1,0,57,75,16227,13155
CGTCGTCCTTCGCGAA-1,0,56,76,15974,13300
CGTTGAATACCGCGCT-1,0,57,77,16226,13445
ACCAATATGCAAGTTA-1,0,56,78,15974,13590
ACGGATGGTGCGGATA-1,0,57,79,16226,13735
CACCCTAACAAGATCT-1,0,56,80,15973,13880
AAGCTCTTTCATGGTG-1,0,57,81,16226,14025
CATGGGTATGCCTTAT-1,0,56,82,15973,14170
GCGCGTCATTGGTACA-1,0,57,83,16226,14316
TCTGAAGCACGTGGTC-1,0,56,84,15973,14461
AAGTTCACTCCAAGCT-1,0,57,85,16225,14606
TTGGACCTATAACAGT-1,0,56,86,15973,14751
ATCAGCCTCATGCTGC-1,0,57,87,16225,14896
AGTACTCTTATGCCCA-1,0,56,88,15972,15041
GCGCTTAAATAATTGG-1,0,57,89,16225,15186
TTGTGAACCTAATCCG-1,0,56,90,15972,15331
AGTCGTCGACCACCAA-1,0,57,91,16224,15477
TCCTTTAAATCCGCTT-1,0,56,92,15972,15622
ACTGAAACGCCGTTAG-1,0,57,93,16224,15767
GCACACACTGGTAGCC-1,0,56,94,15972,15912
TAAGGGCCTGTCCGAT-1,0,57,95,16224,16057
GCTAGAGTAGAGATGT-1,0,56,96,15971,16202
CACAGGGCCATATAGT-1,0,57,97,16224,16347
CCATGCCCTAGATTTC-1,0,56,98,15971,16492
TCGCGTAGCAGTGTCC-1,0,57,99,16223,16638
GACGAGGCTAATAAAC-1,0,56,100,15971,16783
CTACACTCGCAGATGG-1,0,57,101,16223,16928
ACGCATACGTTTACTA-1,0,56,102,15971,17073
GGAGCAACATTTCAAG-1,0,57,103,16223,17218
CGAGAGGGTAGCCGCG-1,0,56,104,15970,17363
TCGTGTTCGACCACAA-1,0,57,105,16223,17508
TCTACCCAATAGAGAG-1,0,56,106,15970,17653
ATAAACGTTGCACCAC-1,0,57,107,16222,17799
TCAACTGCAGAGTCAG-1,0,56,108,15970,17944
AGCTCCATATATGTTC-1,0,57,109,16222,18089
GTAACATCTAAGATAA-1,0,56,110,15969,18234
CCGACAATAGGCCGCC-1,0,57,111,16222,18379
ATGCTTAGGAGTTGAT-1,0,56,112,15969,18524
AACCCGAGCAGAATCG-1,0,57,113,16222,18669
CGGGTTTGTTAGGGCT-1,0,56,114,15969,18814
AGGCACGTGACTGTCC-1,0,57,115,16221,18960
GACAAGAGATGAGATT-1,0,56,116,15969,19105
AGCCCTTGGACATCCC-1,0,57,117,16221,19250
GCAGTTCGATCCGAGC-1,0,56,118,15968,19395
TCGAGGGCAACAGACG-1,0,57,119,16221,19540
ACTTTGTCGACGCACT-1,0,56,120,15968,19685
GAGTATCAAAGTTACA-1,0,57,121,16221,19830
CCAGGCTGGCGTCTGA-1,0,56,122,15968,19975
GGACTCTTCCGGTTGA-1,0,57,123,16220,20121
TCCCAGCACACGACAT-1,0,56,124,15968,20266
GCTCCATGAGTGCAGA-1,0,57,125,16220,20411
GCAGTGCGGGCGGATG-1,0,56,126,15967,20556
GCGTTCTGACTAAGCG-1,0,57,127,16220,20701
ATTTGGAGATTGCGGT-1,0,58,0,16489,2270
AAGGGTTTGATTTCAG-1,0,59,1,16741,2416
CCGGCCGCGAGCATAT-1,0,58,2,16489,2561
GAGTTCTGTGGGTGCT-1,0,59,3,16741,2706
AAACGAAGATGGAGTA-1,0,58,4,16488,2851
AATTACGAGACCCATC-1,0,59,5,16741,2996
CCTTTGAATTATGGCT-1,0,58,6,16488,3141
CATGGTATTAGTTTGT-1,0,59,7,16740,3287
AACGAAAGTCGTCCCA-1,0,58,8,16488,3431
ACATAAGTCGTGGTGA-1,0,59,9,16740,3577
GCACAACCTCGGGCGT-1,0,58,10,16487,3722
ATGCACGCGCTGTTCA-1,0,59,11,16740,3867
CGATGTTGTTATCTAC-1,0,58,12,16487,4012
GTCTCCTGCCAGTATG-1,0,59,13,16740,4157
GATGCCTTCTGCGGCA-1,0,58,14,16487,4302
ACCGGTCAGGTACACC-1,0,59,15,16739,4448
GTGGAGCGTTTACCGA-1,0,58,16,16487,4592
AGGCGGTTTGTCCCGC-1,0,59,17,16739,4738
TCCCTGGCGTATTAAC-1,0,58,18,16486,4883
AAACACCAATAACTGC-1,0,59,19,16739,5028
TGGACGCAATCCAGCC-1,0,58,20,16486,5173
GGAACCTTGACTCTGC-1,0,59,21,16739,5318
GTATCTCAGTCTTGAC-1,0,58,22,16486,5463
GCTGAATCTTCCAATC-1,0,59,23,16738,5609
AGATGCAAGACGTGCA-1,0,58,24,16486,5753
TTAAGGCCCGTACTTT-1,0,59,25,16738,5899
AGTATGCTGGAGACCA-1,0,58,26,16485,6044
GCGGCAAAGTATTGCC-1,0,59,27,16738,6189
GCGCAAATATATTCAA-1,0,58,28,16485,6334
GAAGAAACGATATTGT-1,0,59,29,16738,6479
GGACCTCTAGGCCGCC-1,0,58,30,16485,6624
AACAGCTGTGTGGCAA-1,0,59,31,16737,6770
TCGAATATCCCGCAGG-1,0,58,32,16485,6914
GCGACCCAACCATCTG-1,0,59,33,16737,7060
AGAGAAGGAGTACAAT-1,0,58,34,16484,7205
GGCTCCTCCACCTGTT-1,0,59,35,16737,7350
TCAGTGTATACGTCAT-1,0,58,36,16484,7495
ATTATTATGTCCGTCA-1,0,59,37,16737,7640
TTAGGTCATAACCGAC-1,0,58,38,16484,7785
AAGATGGCACCGGACC-1,0,59,39,16736,7931
CTACAAGAAATAACCC-1,0,58,40,16484,8075
ACTATTTCCGGGCCCA-1,0,59,41,16736,8221
TTGTTTCACATCCAGG-1,0,58,42,16483,8366
CGCTGTGTGGATGTTG-1,1,59,43,16736,8511
TCAACATAGCGCCCTA-1,0,58,44,16483,8656
GGCCGTTTGGGTTTCA-1,0,59,45,16735,8801
TACTCTTTCGTCTTCA-1,0,58,46,16483,8946
TTCGCGCGCCATACGA-1,0,59,47,16735,9092
CGGAAAGAATCAAACG-1,0,58,48,16483,9236
AGGCAGGGAGCGTACT-1,0,59,49,16735,9382
CCTTTAAGGGAGCACT-1,0,58,50,16482,9527
CGCCCAGCACGCCTAG-1,1,59,51,16735,9672
AGTATTTGGCACGACC-1,0,58,52,16482,9817
TATCCGCACCGTCGGG-1,0,59,53,16734,9962
ACCCGTGTCATCAGTA-1,0,58,54,16482,10107
CAACTGCTCATCCGAT-1,0,59,55,16734,10253
CCGGAGCGTACTTTCT-1,0,58,56,16482,10397
TACCGTAGGTTAACTA-1,0,59,57,16734,10543
TGAGGAGTGCCAGCTT-1,0,58,58,16481,10688
CCAGTCTTGTCATAGA-1,0,59,59,16734,10833
GGGCAGAGCAATCGTT-1,0,58,60,16481,10978
TACCAAATAGCCCAGA-1,0,59,61,16733,11123
TACCTACTCCCAGTAT-1,0,58,62,16481,11268
TGTGAGACTAGCCCAA-1,0,59,63,16733,11414
ATACCTAACCAAGAAA-1,0,58,64,16480,11558
GTCGGGAAGCAGAAAC-1,0,59,65,16733,11704
AATTAACGGATTTCCA-1,0,58,66,16480,11849
GAACCCTCTGTGTTCT-1,0,59,67,16733,11994
ATATAAAGCGCTCGTG-1,0,58,68,16480,12139
CCTGGTCGAATGTGGG-1,0,59,69,16732,12284
CTAGGTTCGGACGTGA-1,0,58,70,16480,12429
TCGGGAGACAGCGTAC-1,0,59,71,16732,12575
CATAAGAAGCTTGGCT-1,0,58,72,16479,12719
AAGCACCCTGCGTATC-1,0,59,73,16732,12865
AGTTTGCACCTGCCTC-1,0,58,74,16479,13010
GACTGCAAATCGAGCT-1,0,59,75,16732,13155
GTGTATATCAGCGGGC-1,0,58,76,16479,13300
CTTCAACTCCACTTGG-1,0,59,77,16731,13445
ACTTACGCATCCACGC-1,0,58,78,16479,13590
CATGAGATGCACTCTC-1,0,59,79,16731,13736
GAGCACCTGTGTCCAG-1,0,58,80,16478,13880
CGCGACCGCGACAGAT-1,0,59,81,16731,14026
GTCCCGCGACGTTATG-1,0,58,82,16478,14171
GCAGTGTGGCTATAGG-1,0,59,83,16731,14316
ATACTGCCTTACACCG-1,0,58,84,16478,14461
TACAGAAACGGTGGGC-1,0,59,85,16730,14606
GGCGCGGAGATCTTTC-1,0,58,86,16478,14751
CGTTAATGTCCCGACG-1,0,59,87,16730,14897
GCTAACTGAAGTCTGA-1,0,58,88,16477,15041
AGTGATAACCTGCGCG-1,0,59,89,16730,15187
TATGATCTTCTCTTTA-1,0,58,90,16477,15332
TGTACCTACACGAGGG-1,0,59,91,16730,15477
ATATCGTTCCTCGAAC-1,0,58,92,16477,15622
CGGCGCCATCAATCCC-1,0,59,93,16729,15767
CCTGTTTGAAGACACG-1,0,58,94,16477,15912
GCCACTCAGAGCGCGA-1,0,59,95,16729,16058
TCGGCTTGTATCGACG-1,0,58,96,16476,16202
TAGATGGTTCCTTACT-1,0,59,97,16729,16348
ATCGTTAGCTAGCGGA-1,0,58,98,16476,16493
ACAGCGACATTCTCAT-1,0,59,99,16728,16638
ATTCAACCATTTAAGG-1,0,58,100,16476,16783
CACTCTTCTGCTAGCC-1,0,59,101,16728,16928
CTAACTGATAATCGCC-1,0,58,102,16476,17073
TGATGTCAATTAAGTG-1,0,59,103,16728,17219
CGCCGTTCAGCATAGT-1,0,58,104,16475,17363
ATACTACCCGTACCAC-1,0,59,105,16728,17509
CCACTGTTTGGATTAA-1,0,58,106,16475,17654
CACTACGGGAGCTGCC-1,0,59,107,16727,17799
GACCAAACGTTGACTG-1,0,58,108,16475,17944
AAGAGGCCCTTTGGAA-1,0,59,109,16727,18089
ACACGTAGGCCACAAG-1,0,58,110,16475,18234
TACTCTTACTTTACTG-1,0,59,111,16727,18380
AGAGCCGCCGAGATTT-1,0,58,112,16474,18524
GGCCTGCTTCTCCCGA-1,0,59,113,16727,18670
TCAAGCGCGGACGGTA-1,0,58,114,16474,18815
ACACTGGGACAGTCGT-1,0,59,115,16726,18960
TGTGTAGTAGCACGTG-1,0,58,116,16474,19105
CTAGCCACAGGCGAGC-1,0,59,117,16726,19250
CTATCGCGTAGAGAAC-1,0,58,118,16473,19395
GTTCCCGTAAACATAT-1,0,59,119,16726,19541
TCTTTCCTTCGAGATA-1,0,58,120,16473,19685
ATATTGGAGAGGCCTT-1,0,59,121,16726,19831
AGGCGATAACTGGCGT-1,0,58,122,16473,19976
ACCCGGAGCACCACAA-1,0,59,123,16725,20121
TGAGCTCAACTGTATA-1,0,58,124,16473,20266
ACGACCCATGAGTTGC-1,0,59,125,16725,20411
CGGTCAGTCCATATTT-1,0,58,126,16472,20556
TCCGGCTGTCGGGTCG-1,0,59,127,16725,20702
ATTCCCGAAGGTACAG-1,0,60,0,16994,2271
CTAACAGCACAATAAC-1,0,61,1,17246,2416
TTGTGCGGAAGCGGAT-1,0,60,2,16994,2561
GGGCACTATTGACCAT-1,0,61,3,17246,2706
CCATAGAGGCTGCCAG-1,0,60,4,16993,2851
CCGAAGCATTGACCAA-1,0,61,5,17246,2997
TACTGAGGGAAGAAAG-1,0,60,6,16993,3142
TATGTAGAAACCCGGC-1,0,61,7,17245,3287
TGGTTAACTTACATTT-1,0,60,8,16993,3432
AGAACCCTCAATTGGG-1,0,61,9,17245,3577
CCTATATCGTGTCACG-1,0,60,10,16993,3722
ACGGCTGGATGTAGAA-1,0,61,11,17245,3867
CTCGCATTGCATAGCC-1,0,60,12,16992,4012
ACTTTGGTCGTGCTCC-1,0,61,13,17245,4158
GCTGGTTTAGGCCATA-1,0,60,14,16992,4303
TGTCGTTATCACATAT-1,0,61,15,17244,4448
ACACATGATCAAATCT-1,0,60,16,16992,4593
TATCCATCTCGGTTAG-1,0,61,17,17244,4738
CTCGTCGAGGGCTCAT-1,0,60,18,16991,4883
ATCAATGCCGTGGCTG-1,0,61,19,17244,5028
GAAACATAGGAAACAG-1,0,60,20,16991,5173
TAATAGGTCACCAGAA-1,0,61,21,17244,5319
CACCAGTCAGCATGCA-1,0,60,22,16991,5464
GAGCGCTGTTAGGTAA-1,0,61,23,17243,5609
CCCTATGTAGAGCAGA-1,0,60,24,16991,5754
GATCGCTATATCTCAG-1,0,61,25,17243,5899
AAGGGACTATGCATTC-1,0,60,26,16990,6044
CTCGGGTTCTCTGGCC-1,0,61,27,17243,6189
TATATATCGAGAAATG-1,0,60,28,16990,6334
ACCCGAGCGAAATTAC-1,0,61,29,17243,6480
TTGTTTCATTAGTCTA-1,0,60,30,16990,6625
ATGGGACCTGCTGAAC-1,0,61,31,17242,6770
TGCGACGGCCGAACGT-1,0,60,32,16990,6915
AGCTAACAAGCAATGT-1,0,61,33,17242,7060
CGTGTCTCGTTACGAC-1,0,60,34,16989,7205
CTAAATCCGGTGTACA-1,0,61,35,17242,7350
GAATAGTGCTCGATTA-1,0,60,36,16989,7495
AACAATACATTGTCGA-1,0,61,37,17242,7641
CACATCGTGCACGCGC-1,0,60,38,16989,7786
ACCGTGACCACGTGGG-1,0,61,39,17241,7931
CCCAATGAGATTTGCA-1,0,60,40,16989,8076
TCAGCAGTAGGCCCTG-1,0,61,41,17241,8221
CTACTCAAGGTATAGT-1,0,60,42,16988,8366
TAGTAGCTTATACCAG-1,0,61,43,17241,8511
ACGTTCGTTCAGGAAA-1,1,60,44,16988,8656
TTAGAATAAGGGTCGG-1,0,61,45,17241,8802
TTCTAGAAAGTCTTAT-1,0,60,46,16988,8947
CCTTCAGTTAAAGTGA-1,1,61,47,17240,9092
TAGCTAGTGATGATGG-1,1,60,48,16988,9237
AGCCCGGTAGCCTGTA-1,0,61,49,17240,9382
TACCTCAGTTGTCTGT-1,1,60,50,16987,9527
GACGGGTTGGCCCGTA-1,0,61,51,17240,9672
GAAACCTATACAAATG-1,0,60,52,16987,9817
TCCACCTCTAGCCTTT-1,0,61,53,17239,9963
AAGACCCAACTGAACA-1,0,60,54,16987,10108
CATACACGGTTCCCAC-1,0,61,55,17239,10253
ACTACGCGTTAGAATT-1,0,60,56,16987,10398
CTTGGCCAAGCTGGGA-1,0,61,57,17239,10543
TTACCCTAGGGATTGG-1,0,60,58,16986,10688
TTCGCACTGTACGACA-1,0,61,59,17239,10833
TAGGTGTTCCACAGAT-1,0,60,60,16986,10978
GAAGCCTGCACATTCC-1,0,61,61,17238,11124
GGCTTTCAATAAGGGT-1,0,60,62,16986,11269
TCCAGGGTATATACGA-1,0,61,63,17238,11414
CTCGCCGAATGTAGGG-1,0,60,64,16986,11559
AGGAAGCTGTCCGCCG-1,0,61,65,17238,11704
GTCTCAAGGCCCGGCT-1,0,60,66,16985,11849
ACCGACACATCTCCCA-1,0,61,67,17238,11995
TATACGCGTCATCACT-1,0,60,68,16985,12139
ATCTGGGCTGTTCTTG-1,0,61,69,17237,12285
TCAAATTTGAGACTCA-1,0,60,70,16985,12430
GTTAAGGGTGCGATGT-1,0,61,71,17237,12575
AGCAAAGGCCGCTAGT-1,0,60,72,16984,12720
TTATAGGTAATTGTCT-1,0,61,73,17237,12865
TTGTGCAGCCACGTCA-1,0,60,74,16984,13010
ACGGACTCTCAAAGCG-1,0,61,75,17237,13156
ATGCTCTGGCGCGGTA-1,0,60,76,16984,13300
ATAATCTTGGAGAACC-1,0,61,77,17236,13446
CTCATTGCTCTAACAA-1,0,60,78,16984,13591
TAGGTGACGATAACCT-1,0,61,79,17236,13736
CGGATCCTCAAGGACT-1,0,60,80,16983,13881
GGGCGTGGTTTCCCAG-1,0,61,81,17236,14026
TGGCTATGTGACATAC-1,0,60,82,16983,14171
CTTAGTGTAGTAGCAT-1,0,61,83,17236,14317
GGATTGCTGTGACTCC-1,0,60,84,16983,14461
ACTTCCATGCGGGACA-1,0,61,85,17235,14607
ACTCAAGTGCAAGGCT-1,0,60,86,16983,14752
ACAAGGATGCTTTAGG-1,0,61,87,17235,14897
TTGAACGACGTGCTGA-1,0,60,88,16982,15042
ATTCATCGTTGAGGCA-1,0,61,89,17235,15187
TGCAACCCATCTGCGG-1,0,60,90,16982,15332
AGTGCTAAACACAGCA-1,0,61,91,17235,15478
AACTCCAGAGCGTGTT-1,0,60,92,16982,15622
TCTCCACAAGTTGAAT-1,0,61,93,17234,15768
CTTTGCATCGCTCTTG-1,0,60,94,16982,15913
TCACAAACCGAGGTAC-1,0,61,95,17234,16058
CCGTAGGAAATCCCTG-1,0,60,96,16981,16203
AAACATTTCCCGGATT-1,0,61,97,17234,16348
GCCTCCGACAATTCAC-1,0,60,98,16981,16493
TCTGCATACCTTGCTT-1,0,61,99,17234,16639
ACCCATTTGTCCCTCT-1,0,60,100,16981,16783
CTGCAGAGAATCAGAG-1,0,61,101,17233,16929
GGAAACTAAATGGGCC-1,0,60,102,16981,17074
CAACCTACCGAGCAGT-1,0,61,103,17233,17219
CCGTAGGGTTGTTTAC-1,0,60,104,16980,17364
GGTTTGTGACCTGAGG-1,0,61,105,17233,17509
TAACCTAGGGAGTCCA-1,0,60,106,16980,17654
TTCCATCGACAGCGTG-1,0,61,107,17232,17800
ATCTCCCACGGAATAT-1,0,60,108,16980,17944
GTTTCAAACGAGTTGT-1,0,61,109,17232,18090
GGAACTTTGGCGATTA-1,0,60,110,16980,18235
CTGCAAGCACGTTCCG-1,0,61,111,17232,18380
CACAGTCCCGCTTCGC-1,0,60,112,16979,18525
TACGCTCGGTATTGGA-1,0,61,113,17232,18670
CTGGTAAAGTGTGGGC-1,0,60,114,16979,18815
CAACCAGTGGCCTACC-1,0,61,115,17231,18961
TCTTCGCGGTGAGAGG-1,0,60,116,16979,19105
TTCGGGTTGCCACGGG-1,0,61,117,17231,19251
ACCGATAGGCATAACC-1,0,60,118,16979,19396
CTTATAGATGGCTGTT-1,0,61,119,17231,19541
AGACGCCCACTTCGCC-1,0,60,120,16978,19686
AGGTCGCCTCCCAACA-1,0,61,121,17231,19831
CCTCACGTCAGCTAAT-1,0,60,122,16978,19976
CCACCTGTATGGAATA-1,0,61,123,17230,20122
GGACTCGAAGCTTTCA-1,0,60,124,16978,20266
AAGCCGGAGAGCAGGA-1,0,61,125,17230,20412
GCCTATCAGGTAAGAT-1,0,60,126,16977,20557
TCAGAGTGTGAGCATG-1,0,61,127,17230,20702
AAACATGGTGAGAGGA-1,0,62,0,17499,2271
ATCATTGTACCGCATT-1,0,63,1,17751,2417
TCAGCTTGAGCTTTCG-1,0,62,2,17499,2562
CCGCGCAAGATACCCA-1,0,63,3,17751,2707
CTATACTTAAAGCGAG-1,0,62,4,17498,2852
ACCGTCCACTGGGCCC-1,0,63,5,17751,2997
AAGACCAAATAACTCA-1,0,62,6,17498,3142
TGTTTCTGAAGCGTGC-1,0,63,7,17750,3287
TTCTCTTACAGGTGAT-1,0,62,8,17498,3432
AATTCATTGTCATGCA-1,0,63,9,17750,3578
GCCCGAGAGTCTAAAT-1,0,62,10,17498,3723
ATATAGAGTATTGGTC-1,0,63,11,17750,3868
TTGAAGGATGGGCGCC-1,0,62,12,17497,4013
TAGTACCACAACTTTC-1,0,63,13,17750,4158
ATCCCATCCACAGCGC-1,0,62,14,17497,4303
CTTAGGTATAGACCAG-1,0,63,15,17749,4448
TGACTCCGAATCATAC-1,0,62,16,17497,4593
ACTACATCCCGACAAG-1,0,63,17,17749,4739
TTGCCGCAGACCTACA-1,0,62,18,17497,4884
TAAGAGGGACAGGGAC-1,0,63,19,17749,5029
CGAATGAAGTCATTGC-1,0,62,20,17496,5174
AAGGGAACGACTGGCT-1,0,63,21,17749,5319
CGAATCTGCTCGACGC-1,0,62,22,17496,5464
ATCGTGGAAAGTCTGG-1,0,63,23,17748,5609
CCTATGGCTCCTAGTG-1,0,62,24,17496,5754
CGTCGCTTGGTTATAC-1,0,63,25,17748,5900
TGCTTAGAGAGAATGC-1,0,62,26,17495,6045
GATTGCTCCAGTTGCA-1,0,63,27,17748,6190
CGTGCTTCTACCTAAA-1,0,62,28,17495,6335
ACTCCAATATCATCAT-1,0,63,29,17748,6480
GCCGACCCACGACTGC-1,0,62,30,17495,6625
GAGGGTAGTAACAAAG-1,0,63,31,17747,6770
GGCCGAGACTCTGGTG-1,0,62,32,17495,6915
TATATAGGGCTTTACG-1,0,63,33,17747,7061
TGCCGGATGTACGAGC-1,0,62,34,17494,7206
AGGTAGATCGAGATAT-1,0,63,35,17747,7351
GATCAACATAAAGGGA-1,0,62,36,17494,7496
TAACAGCGTTTGTGCT-1,0,63,37,17747,7641
CTATAGGCGTTGATGT-1,0,62,38,17494,7786
GGTTTAATTACCATCG-1,0,63,39,17746,7931
CTCTTCTGGAAGTTAG-1,0,62,40,17494,8076
ATCTGACATGGAAGGA-1,0,63,41,17746,8222
TACGTACTAGTGCTGA-1,0,62,42,17493,8367
ATGACTATCAGCTGTG-1,0,63,43,17746,8512
CTTTGGGATTGTTGCA-1,0,62,44,17493,8657
AGACTGTTACCGGGTC-1,0,63,45,17746,8802
TCCTAACCGTCGGGCA-1,0,62,46,17493,8947
ACGCAAACTAATAGAT-1,0,63,47,17745,9092
AAGTGAGTCGGGTTTA-1,0,62,48,17493,9237
TAAAGCGGTATTTCCA-1,0,63,49,17745,9383
CTCCTCCAGCTCACAC-1,0,62,50,17492,9528
CGGTCCGTCGCAAGCC-1,0,63,51,17745,9673
CCTATATTTGTCCTGG-1,0,62,52,17492,9818
TCCAATAAAGGCTACC-1,0,63,53,17745,9963
AAAGGCTACGGACCAT-1,0,62,54,17492,10108
CGTGACCAGTCCTCTG-1,0,63,55,17744,10253
GATCTGCTATCTAAGG-1,0,62,56,17492,10398
CGAATGACGCATAATG-1,0,63,57,17744,10544
GCTCAATGTAATACCG-1,0,62,58,17491,10689
CTATGCCCGAATGCAA-1,0,63,59,17744,10834
CACAGGGCCGTTGTCA-1,0,62,60,17491,10979
TCAATACGCCGTCATG-1,0,63,61,17743,11124
AGCGGACACTTCGTAG-1,0,62,62,17491,11269
ATACGTTATGCACGGA-1,0,63,63,17743,11414
GAGTAGATACTAGTTG-1,0,62,64,17491,11559
CCAGCTCGAACGCATT-1,0,63,65,17743,11705
TGCTTCCCAAGCAGTA-1,0,62,66,17490,11850
GTAGACACGCCTGACT-1,0,63,67,17743,11995
CTCACATTTACTAAAT-1,0,62,68,17490,12140
GAATGCGAATCGGTTC-1,0,63,69,17742,12285
TAAGGCCCGTCACCCT-1,0,62,70,17490,12430
GAGTATGCGCGTGCAT-1,0,63,71,17742,12575
ATCCACATCGACAGAA-1,0,62,72,17490,12720
TAGACGAAACGCCAAT-1,0,63,73,17742,12866
CAGCAGTCTGTGCTGC-1,0,62,74,17489,13011
CTCACTGTGATACTTA-1,0,63,75,17742,13156
TTAATTGCTTTGGGTG-1,0,62,76,17489,13301
GTAGTCTACGATATTG-1,0,63,77,17741,13446
TTGCCGCTTTCTAGTA-1,0,62,78,17489,13591
GAACCTTTAACGATCC-1,0,63,79,17741,13736
TGGACCAATCTAAGAT-1,0,62,80,17488,13881
CTAGTAGAAAGGGATT-1,0,63,81,17741,14027
AACCTCGCTTTAGCCC-1,0,62,82,17488,14172
GAGTGTCAACCAGAAA-1,0,63,83,17741,14317
GTGATCCTTGTCATGA-1,0,62,84,17488,14462
CTCAACTAACCCGGAT-1,0,63,85,17740,14607
AGTGGCGTCTGAAGGT-1,0,62,86,17488,14752
GGGAAGGGCTTTCTCA-1,0,63,87,17740,14897
AGGCCTGAGAATCTCG-1,0,62,88,17487,15042
AGCCACAGGTTACCCG-1,0,63,89,17740,15188
TGCAATCTAACACGGT-1,0,62,90,17487,15333
GTTTGGGTTTCGCCCG-1,0,63,91,17740,15478
CCTATGTCCACTCCAC-1,0,62,92,17487,15623
CTGCCTTTCTAGTAAA-1,0,63,93,17739,15768
TTAGTAAACCTGCTCT-1,0,62,94,17487,15913
TTGTGGTGGTACTAAG-1,0,63,95,17739,16058
CCTCCTGTTGTGTCGT-1,0,62,96,17486,16203
ACAAAGCATGACCTAG-1,0,63,97,17739,16349
ATAGCAACTAGGGAAG-1,0,62,98,17486,16494
CCGCTCTTCCGAACTA-1,0,63,99,17739,16639
TAGAATAGCCGATGAA-1,0,62,100,17486,16784
GGTCTCCGTCCAGGTT-1,0,63,101,17738,16929
TAATTACGTCAGTAGA-1,0,62,102,17486,17074
TACGTAAAGCGGAGTG-1,0,63,103,17738,17219
GCTACAATCGAGGATA-1,0,62,104,17485,17364
TCAGCCAATCCGTAAA-1,0,63,105,17738,17510
ATCATAGCCCTATGTA-1,0,62,106,17485,17655
GAGGCCTGTTGATACA-1,0,63,107,17738,17800
ATATACGCTCGTGACG-1,0,62,108,17485,17945
CCCTTTAATGGAGTTC-1,0,63,109,17737,18090
TTACACGATCTGCGAC-1,0,62,110,17485,18235
TCGCATAAAGGGCGCA-1,0,63,111,17737,18380
TGTAGCCATCCCATTC-1,0,62,112,17484,18525
GGGTCTATCGCTTTCC-1,0,63,113,17737,18671
GGAGGGTCAAGTAAGA-1,0,62,114,17484,18816
TACGGCATGGACGCTA-1,0,63,115,17736,18961
CACGTCAATCAATGGA-1,0,62,116,17484,19106
CGCTTGGACGGATAGA-1,0,63,117,17736,19251
CGCGGTACGGTATACA-1,0,62,118,17484,19396
CCTACTCAACACGATT-1,0,63,119,17736,19541
CGTTTGGTGTTGTGGG-1,0,62,120,17483,19686
GTTGTTGCAAGATGGC-1,0,63,121,17736,19832
CATTCGTCGTAGCGGT-1,0,62,122,17483,19977
CAGCCTCGATAGCGGT-1,0,63,123,17735,20122
TCATAAGTCCAAGAAG-1,0,62,124,17483,20267
AAAGTGCCATCAATTA-1,0,63,125,17735,20412
GTTGCAGTCGACAACA-1,0,62,126,17483,20557
TAAATGGGCTACTGAG-1,0,63,127,17735,20703
GGACAAGCCATGATCG-1,0,64,0,18004,2272
TCCAATGCGTCGCCGC-1,0,65,1,18256,2417
AAAGAATGACCTTAGA-1,0,64,2,18004,2562
CCTATTATTCCGGCCG-1,0,65,3,18256,2707
CAGTAAGGGACGTCTC-1,0,64,4,18003,2852
GGGATGGACCCGCGTC-1,0,65,5,18256,2998
GACGCATACCCGTCGG-1,0,64,6,18003,3143
GGGCAGGATTTCTGTG-1,0,65,7,18256,3288
TATCTGAGCCGATATT-1,0,64,8,18003,3433
AATGTATGGCACTGTA-1,0,65,9,18255,3578
GCCTTTGTCAGTGGAC-1,0,64,10,18003,3723
AACCATAGGGTTGAAC-1,0,65,11,18255,3868
AAACTTAATTGCACGC-1,0,64,12,18002,4013
TAGGCGGCTGCAAAGA-1,0,65,13,18255,4159
TCCATCAATACTAATC-1,0,64,14,18002,4304
ACCTCGAACTTATGCT-1,0,65,15,18254,4449
ACAAACCATGCGTCCT-1,0,64,16,18002,4594
ACACCGGTCTGACCGC-1,0,65,17,18254,4739
ATGGCAGCATTACGAT-1,0,64,18,18002,4884
CTGGTGAATGGGCCTA-1,0,65,19,18254,5029
CACAGAGACGAGGACG-1,0,64,20,18001,5174
GCACAAACCCTAGATG-1,0,65,21,18254,5320
ACTATGTCCAGCTGCC-1,0,64,22,18001,5465
AAGCCGCCGTGAAATC-1,0,65,23,18253,5610
ATGGGTGTATACCTCC-1,0,64,24,18001,5755
TAAGCGCGAATCAAAT-1,0,65,25,18253,5900
AGCCCGGCATTAGAGG-1,0,64,26,18001,6045
GTGATCAAGCGTGCAC-1,0,65,27,18253,6190
CTGCCTTTAATACCTT-1,0,64,28,18000,6335
TACCTCCACACCAATG-1,0,65,29,18253,6481
GAGCATCAACAACTTG-1,0,64,30,18000,6626
CATACGAACTAGCTGG-1,0,65,31,18252,6771
GGGAACGGTTTCAGAT-1,0,64,32,18000,6916
AGGGTGCCGTTCTTTA-1,0,65,33,18252,7061
ACGACTGGTCATACTC-1,0,64,34,17999,7206
GGATCTTACTGCCCTT-1,0,65,35,18252,7351
TACTCCTCTAGTTGAC-1,0,64,36,17999,7496
GTAGCTCCGGGAGGCT-1,0,65,37,18252,7642
GGACTCGTGAGTGGTC-1,0,64,38,17999,7787
GTAGTTCGAAGGCGAA-1,0,65,39,18251,7932
CTCAAACCACTGCCCG-1,0,64,40,17999,8077
GAGGGAGTCAGATCGC-1,0,65,41,18251,8222
GCGTCCCTAAGACATA-1,0,64,42,17998,8367
TCTCTTACCGCGAACC-1,0,65,43,18251,8512
GGCTACTATACACTCC-1,0,64,44,17998,8657
CGTTGCCCGCGTGGGA-1,0,65,45,18251,8803
TATAGAGTCGCTTGAA-1,0,64,46,17998,8948
ATGTTGTAGTCTGTTT-1,0,65,47,18250,9093
AGTATACACAGCGACA-1,0,64,48,17998,9238
TGTGGTTGCTAAAGCT-1,0,65,49,18250,9383
TGATTCCCGGTTACCT-1,0,64,50,17997,9528
CACTGACGATTGTGGA-1,1,65,51,18250,9673
AACATTGTGACTCGAG-1,1,64,52,17997,9818
GTCCAATATTTAGCCT-1,1,65,53,18250,9964
GCTCTTTCCGCTAGTG-1,1,64,54,17997,10109
GGGTCAGGAGCTAGAT-1,0,65,55,18249,10254
AGGTGGTGACCTTCGC-1,0,64,56,17997,10399
CCCGGGTCGTTCAGGG-1,1,65,57,18249,10544
AGCCAAGCTTTGTGTC-1,0,64,58,17996,10689
TGTGGCGGGCTTCTGG-1,0,65,59,18249,10834
CGAGGGTATCCAGGTG-1,1,64,60,17996,10979
CGTTCAGACCCGCGAA-1,1,65,61,18249,11125
TCATATGAGCTTTGTT-1,1,64,62,17996,11270
AGTTGACGGTCCTTGC-1,0,65,63,18248,11415
ATAATTAGCTAAGTAG-1,0,64,64,17996,11560
GGTCTTGAGCGCTCTT-1,0,65,65,18248,11705
CGTTGTCGGCAATTGA-1,0,64,66,17995,11850
TCTTGCTCCCGATACT-1,0,65,67,18248,11995
AGCAGAAGGAGAAAGA-1,0,64,68,17995,12140
GAAGCCACTGATTATG-1,0,65,69,18247,12286
TGCTCTTGAGAGTTTG-1,1,64,70,17995,12431
GACATCCGTCGAACTG-1,1,65,71,18247,12576
AGATATAATACGACTA-1,0,64,72,17995,12721
TCGCTACTGGCTTTGA-1,0,65,73,18247,12866
GTGACAGCTTCCCACT-1,0,64,74,17994,13011
GTGACGCAGGTTTCAT-1,0,65,75,18247,13156
GGGAAGACGGTCTGTC-1,0,64,76,17994,13301
CGTCGCATGTGAGCCA-1,1,65,77,18246,13447
AGAAGGTTGTAGGTCG-1,0,64,78,17994,13592
GGCCGGCGTCTGCTAT-1,1,65,79,18246,13737
TTGACCAGGAACAACT-1,0,64,80,17994,13882
AGTCGTATAAAGCAGA-1,0,65,81,18246,14027
GGCGTAGGGAAAGCTG-1,0,64,82,17993,14172
AAACCTAAGCAGCCGG-1,0,65,83,18246,14317
ATTGCCTTTATGTTTG-1,0,64,84,17993,14462
CAGGCAGTCTTACCAG-1,0,65,85,18245,14608
AGCTAAGTACGCAGGC-1,0,64,86,17993,14753
AAATCCGATACACGCC-1,0,65,87,18245,14898
CGAGAGCTTTCACTAC-1,0,64,88,17992,15043
CGCCCAGCGTTTCACG-1,0,65,89,18245,15188
TTAAGTATTGTTATCC-1,0,64,90,17992,15333
AAACGGGCGTACGGGT-1,0,65,91,18245,15478
GTATCCTTTGGTAACC-1,0,64,92,17992,15623
CATAGTCAAATACATA-1,0,65,93,18244,15769
TCTATGCTATAACGAC-1,0,64,94,17992,15914
ACGTTCTGTACAAGTC-1,0,65,95,18244,16059
CGCGAAGTGGCATACT-1,0,64,96,17991,16204
ACCAACCGCACTCCAC-1,0,65,97,18244,16349
GTCATGCGCGAGGGCT-1,0,64,98,17991,16494
TAGGCTAAAGTGGCAC-1,0,65,99,18244,16639
TGGCTACACTCTACCT-1,0,64,100,17991,16784
TGTCCACGGCTCAACT-1,0,65,101,18243,16930
AATTGCAGCAATCGAC-1,0,64,102,17991,17075
GTCAACCAGGCCTATA-1,0,65,103,18243,17220
ATCTTATCGCACACCC-1,0,64,104,17990,17365
GTCTATTGCATGCTCG-1,0,65,105,18243,17510
GCACGTGGTTTACTTA-1,0,64,106,17990,17655
ATTCGCGCCTTGAGAG-1,0,65,107,18243,17800
AGCGATGCGCCTAATA-1,0,64,108,17990,17945
TCTATAGGTGGGTAAT-1,0,65,109,18242,18091
AGATACCAATAGAACC-1,0,64,110,17990,18236
CGTGTATGGGAGCTGA-1,0,65,111,18242,18381
ATGTACATGCGGTGAG-1,0,64,112,17989,18526
TTGGCTCAATATGTGT-1,0,65,113,18242,18671
GTTCGGAGCACTCAAC-1,0,64,114,17989,18816
TCCCTCTTCTCAAGGG-1,0,65,115,18242,18961
TTACGTATCTATGACA-1,0,64,116,17989,19106
CCCATATAGGTCGATT-1,0,65,117,18241,19252
GTCCACGTCGCATTCG-1,0,64,118,17989,19397
AATTGTGGTTGCCAAA-1,0,65,119,18241,19542
AGGAACGAACGACTTC-1,0,64,120,17988,19687
TAATTCCAATGCTTCA-1,0,65,121,18241,19832
AGGGCCCTAATGTTCT-1,0,64,122,17988,19977
AGGTGTTGCCGACCAC-1,0,65,123,18240,20122
CTGAGAGTAGAAATAC-1,0,64,124,17988,20267
TAGAAGAAGGGTTACA-1,0,65,125,18240,20413
GGTGACTGATAGAGAG-1,0,64,126,17988,20558
TACCCTCGGTAACCCT-1,0,65,127,18240,20703
TGTAAGACTGATAAGA-1,0,66,0,18509,2272
GTCACTCATGAGCGAT-1,0,67,1,18761,2418
CGGTTTACTGAACATT-1,0,66,2,18509,2562
GAGATCGATCTTACTC-1,0,67,3,18761,2708
TCTTTCATCCGTCCTT-1,0,66,4,18508,2853
TCGGATCTGGATGACC-1,0,67,5,18761,2998
GTCCTAGGATACCTTA-1,0,66,6,18508,3143
TGTACCCGACCCTAAT-1,0,67,7,18761,3288
AGGTTCTCCTTTCCGG-1,0,66,8,18508,3433
AATTGCGTGGATTACA-1,0,67,9,18760,3579
CGATAGCGATACAGTG-1,0,66,10,18508,3723
CGCCCTAATTGTTCAA-1,0,67,11,18760,3869
ATTATGAGACCCAATT-1,0,66,12,18507,4014
CCTCCTAGCTAGAGTC-1,0,67,13,18760,4159
CGAAGGGTTTCAGATT-1,0,66,14,18507,4304
CACAAGCTAAGAAAGG-1,0,67,15,18760,4449
CACCGGTAGAGACATT-1,0,66,16,18507,4594
ACTCATGGCAGCCTTC-1,0,67,17,18759,4740
CATCCAATATAGTTTG-1,0,66,18,18507,4884
CAGATATGAAGATGAC-1,0,67,19,18759,5030
GCAAAGGGCGTTAGCC-1,0,66,20,18506,5175
CTGTTGTTCAGTCGTA-1,0,67,21,18759,5320
AAAGGCCCTATAATAC-1,0,66,22,18506,5465
AACATTGAAGTTGATC-1,0,67,23,18758,5610
GCTAGCGATAGGTCTT-1,0,66,24,18506,5755
ATTGCCTATTAGACCG-1,0,67,25,18758,5901
GGGCGTTTACATTCAT-1,0,66,26,18506,6045
CCTCTACAAGGATTGG-1,0,67,27,18758,6191
AGTGACTGTGACACAA-1,0,66,28,18505,6336
AGCCCTCCCTGGTGGC-1,0,67,29,18758,6481
CGGTTGAGTATCCTTC-1,0,66,30,18505,6626
CATTATCCCATTAACG-1,0,67,31,18757,6771
AATGTGCTAATCTGAG-1,0,66,32,18505,6916
CTTAGTTGAGGAATCG-1,0,67,33,18757,7062
CTTCTGGGCGTACCTA-1,0,66,34,18505,7206
AGTCAAATGATGTGAT-1,0,67,35,18757,7352
TGAACAAGCAGGGACT-1,0,66,36,18504,7497
AATACCGGAGGGCTGT-1,0,67,37,18757,7642
GTTTGGTGATCGGTGC-1,0,66,38,18504,7787
GACTGCTGGTGAGAAA-1,0,67,39,18756,7932
CGATCCTCGCAACATA-1,0,66,40,18504,8077
CCAACCTTATGTAACT-1,0,67,41,18756,8223
CGTGGTACCCAAAGGC-1,0,66,42,18503,8367
AACCCGACAACCCGTG-1,0,67,43,18756,8513
TATGTAAAGTGCTTAA-1,0,66,44,18503,8658
GCAAGTGTAAAGCATG-1,0,67,45,18756,8803
GTAACTGCCCAAGGAG-1,0,66,46,18503,8948
GGTGCATAAATGATTA-1,0,67,47,18755,9093
TAGTCCCGGAGACCAC-1,0,66,48,18503,9238
CGGCCAGAGCGACCAT-1,0,67,49,18755,9384
TGAATGAGTGTTTCCC-1,0,66,50,18502,9528
TTCACTTCCTAGAACG-1,1,67,51,18755,9674
CGCTTAGTATTGATAC-1,1,66,52,18502,9819
AACGCGACCTTGGGCG-1,1,67,53,18755,9964
GTGCACCAGCTTCAAC-1,1,66,54,18502,10109
TTCTATTAAACGCAGC-1,1,67,55,18754,10254
TGGCAAGCACAAGTCG-1,1,66,56,18502,10399
ATCTGCTGTTATCGCC-1,1,67,57,18754,10545
AATTCCAAGCATGTAC-1,1,66,58,18501,10690
AAACGGTTGCGAACTG-1,1,67,59,18754,10835
GAAGGAGTCGAGTGCG-1,1,66,60,18501,10980
GGCAAGCCCATAGTGG-1,1,67,61,18754,11125
TGACCAAATCTTAAAC-1,0,66,62,18501,11270
TTCGGTACTGTAGAGG-1,0,67,63,18753,11415
ATGTACGATGACGTCG-1,0,66,64,18501,11560
ATCTAGCTTGTGAGGG-1,0,67,65,18753,11706
AGCGGGTCTGACACTC-1,0,66,66,18500,11851
GAGGTACGCGTGTCCC-1,0,67,67,18753,11996
GCACTGCCTACCTTTA-1,0,66,68,18500,12141
GGAGCGAGGCCTACTT-1,0,67,69,18753,12286
AAACTCGGTTCGCAAT-1,0,66,70,18500,12431
GGCGCTTCATTCCCTG-1,0,67,71,18752,12576
TGCTCGGTGGGTCACC-1,0,66,72,18500,12721
AAGCGCAGGGCTTTGA-1,0,67,73,18752,12867
GACCTTCCACGTCTAC-1,0,66,74,18499,13012
GTTAGCCCATGACATC-1,0,67,75,18752,13157
AATTCGATTCGAGGAT-1,0,66,76,18499,13302
AGTCTTTAAAGTGTCC-1,0,67,77,18751,13447
GACTAGGCCGTTAGGT-1,0,66,78,18499,13592
TCCAAGCCTAGACACA-1,0,67,79,18751,13737
GATTGGGAAAGGTTGT-1,0,66,80,18499,13882
GATGAGGAACCTTCGG-1,0,67,81,18751,14028
TGAATACCGACGCGTA-1,0,66,82,18498,14173
AATCGTGAGCCGAGCA-1,0,67,83,18751,14318
GCGAAGAATCTGACGG-1,0,66,84,18498,14463
GAACAACTGGGATGAA-1,0,67,85,18750,14608
TCGCCGACATATTCGC-1,0,66,86,18498,14753
CGTAGAGAGTAATTAT-1,0,67,87,18750,14898
CGATAGTCGTACTGCA-1,0,66,88,18498,15043
CGCATGCCGAATGCGT-1,0,67,89,18750,15189
CTCTAGCCCTCGGAAA-1,0,66,90,18497,15334
TCCAACTCAGCTATCT-1,0,67,91,18750,15479
GTCTAGTGAGCCGCTT-1,0,66,92,18497,15624
TACCGAATAATTGTAA-1,0,67,93,18749,15769
ATATAACACGGGCGCA-1,0,66,94,18497,15914
GCATGCTAATAACGAT-1,0,67,95,18749,16059
TCCGGGCTTGACGGGA-1,0,66,96,18496,16204
ATTATTCAGAGTCACT-1,0,67,97,18749,16350
TAGCAGTATGACTAAA-1,0,66,98,18496,16495
TATGAAGAATTAAGGT-1,0,67,99,18749,16640
CAAGGCCAGTGGTGCA-1,0,66,100,18496,16785
TGCGTACGGCTAATTG-1,0,67,101,18748,16930
CAGATAATGGGCGGGT-1,0,66,102,18496,17075
GAGAACGGTTCTGACT-1,0,67,103,18748,17220
CGCTTCGGTCTAAGAC-1,0,66,104,18495,17365
AGCATTACGAGGCAAG-1,0,67,105,18748,17511
AAGTTGTGATGTTATA-1,0,66,106,18495,17656
TTGCTCATAGTACGTG-1,0,67,107,18748,17801
TACTTAAACATGTACA-1,0,66,108,18495,17946
AGTGAGTCGAATTAAC-1,0,67,109,18747,18091
TAGGCCTATATAGTCT-1,0,66,110,18495,18236
ACTCGCCGTTCGATAA-1,0,67,111,18747,18381
GGTACGTTGCGGCCGG-1,0,66,112,18494,18526
TATTGCCGGGCTTGTA-1,0,67,113,18747,18672
GGTAAACTCTGCGCTG-1,0,66,114,18494,18817
TCCCTTGTCTGAAACT-1,0,67,115,18747,18962
CATGATCGCTTTGAGA-1,0,66,116,18494,19107
GGACGGGCGACCAACC-1,0,67,117,18746,19252
GAGAGGCCTATGTGTA-1,0,66,118,18494,19397
TCGTAACTCCCAAGAC-1,0,67,119,18746,19542
CGTATCTAGAACTAAG-1,0,66,120,18493,19687
GCACCTTCCCGAAGGT-1,0,67,121,18746,19833
TACCTCTTTACCATCC-1,0,66,122,18493,19978
TGACTCTAACTGGTAA-1,0,67,123,18746,20123
GAGAAACTGGATCCCA-1,0,66,124,18493,20268
ATCCGGACCAGCCTGA-1,0,67,125,18745,20413
TTATTTAGGTTCCTTA-1,0,66,126,18493,20558
CGAATTCCCGGTTCAA-1,0,67,127,18745,20703
TAGTTTGATCGGTCGC-1,0,68,0,19014,2273
AGTCGAAACGATTCAG-1,0,69,1,19266,2418
ACGTCGGGCAACTCGG-1,0,68,2,19014,2563
ACTTGCTCTATCTACC-1,0,69,3,19266,2708
ATTACGGGCTACGGTT-1,0,68,4,19013,2853
GCAAACGTAAGCGACC-1,0,69,5,19266,2999
TTCGGACTGGGCATGG-1,0,68,6,19013,3143
GGGCCATTCGTGCTGG-1,0,69,7,19266,3289
GAGTTGTCACCAGTCT-1,0,68,8,19013,3434
AGTAATTTGCAAGCGT-1,0,69,9,19265,3579
GTGGCCGGTTTCTCGG-1,0,68,10,19013,3724
ATCTTAGGGCATTAAT-1,0,69,11,19265,3869
CTACATATCGCGGGAC-1,0,68,12,19012,4014
ATGGTATTTACTGATT-1,0,69,13,19265,4160
CCGTCAACCTCTGGCG-1,0,68,14,19012,4304
GCTTCGACGTTCAATC-1,0,69,15,19265,4450
GACCGATTAAATATGT-1,0,68,16,19012,4595
GTCGAATTTGGGCGCT-1,0,69,17,19264,4740
TCACGGCCCAAGAGAG-1,0,68,18,19012,4885
CTACGATCCTATCCTA-1,0,69,19,19264,5030
TGCAGTGGTAGGGAAC-1,0,68,20,19011,5175
TTGCCTAATCCAAAGT-1,0,69,21,19264,5321
AGCGAGACGTGAAGGC-1,0,68,22,19011,5465
TTCTACCTCAATCGGT-1,0,69,23,19264,5611
TACGCTGCTGTGTTAA-1,0,68,24,19011,5756
TAGTCCTGCACTAAGC-1,0,69,25,19263,5901
AGCACACGTTTAGACT-1,0,68,26,19011,6046
GTTCGACAATTGTATA-1,0,69,27,19263,6191
CCATGTTCATCTATAT-1,0,68,28,19010,6336
CCCTCGATAATACACA-1,0,69,29,19263,6482
ACTGCCCGCCATTCTC-1,0,68,30,19010,6626
CTATATCCAGCCTGGC-1,0,69,31,19262,6772
CGCACGTCTGTTTATG-1,0,68,32,19010,6917
AATCAGGTTTCATTTA-1,0,69,33,19262,7062
AGAGAAACACCAGAAA-1,0,68,34,19010,7207
ACCCGATTGGTTCCGA-1,0,69,35,19262,7352
TACCAGGAATCCCGTC-1,0,68,36,19009,7497
AAGTGCTTCTCTATTG-1,0,69,37,19262,7643
TGCATGTGACCCATAG-1,0,68,38,19009,7787
TAGATTCAAAGTGCGG-1,0,69,39,19261,7933
AGGGTCAGAGCACTCG-1,0,68,40,19009,8078
GTGAGATAACCTTATA-1,0,69,41,19261,8223
GTGTCAGTGTACGTGG-1,0,68,42,19009,8368
CTGTAGTGAGGATCGA-1,0,69,43,19261,8513
GATAGTGCGAGTAAGT-1,0,68,44,19008,8658
AGGGTTCAGACGGTCC-1,0,69,45,19261,8804
GGACTCGACAGCGCAT-1,0,68,46,19008,8948
CACTCTCAAGCATCGA-1,0,69,47,19260,9094
GAGCGGAATGCGGTGT-1,0,68,48,19008,9239
CAGTTCGAGGACCCGA-1,1,69,49,19260,9384
CGTAACTTCGACACTT-1,1,68,50,19007,9529
TGATCACCACACTGAC-1,1,69,51,19260,9674
CATACTTCTTTCTCCG-1,1,68,52,19007,9819
CAAGTAAGTGATAGAC-1,0,69,53,19260,9965
AGCCCGCAACAAGCAG-1,1,68,54,19007,10109
GCTCCATGCAAAGCAA-1,1,69,55,19259,10255
TCGTACCGACGTCAAG-1,1,68,56,19007,10400
ATTATCGGAATGTACG-1,1,69,57,19259,10545
ACCTACTATAAATCTA-1,1,68,58,19006,10690
TATCCTATCAACTGGT-1,0,69,59,19259,10835
GCGCGGTCTAGTAACT-1,1,68,60,19006,10980
CCTTCGTATAGAATCC-1,0,69,61,19259,11126
TGGGCGATACAATAAG-1,0,68,62,19006,11270
TGACATGTAACGTGAC-1,0,69,63,19258,11416
TTGGGAAGACGAGCCG-1,0,68,64,19006,11561
GGTGTAAATCGATTGT-1,0,69,65,19258,11706
GAACTGTGGAGAGACA-1,0,68,66,19005,11851
TCCACATCGTATATTG-1,0,69,67,19258,11996
CCTATGGTCAAAGCTG-1,0,68,68,19005,12141
TCCTTGTCCTTTAATT-1,0,69,69,19258,12287
AAGTTTATGGGCCCAA-1,0,68,70,19005,12431
GTCCGGGTTCACATTA-1,0,69,71,19257,12577
ATGTAGCGCGCGTAGG-1,0,68,72,19005,12722
TACGGAAGCCAAACCA-1,0,69,73,19257,12867
GCCCTGAGGATGGGCT-1,0,68,74,19004,13012
CGGGCGATGGATCACG-1,0,69,75,19257,13157
TGCGGACTTGACTCCG-1,0,68,76,19004,13302
TAATACTAGAACAGAC-1,0,69,77,19257,13448
TCAAATTGTTGTGCCG-1,0,68,78,19004,13592
GGGCAGTCAACGCCAA-1,0,69,79,19256,13738
TCGCTGCCAATGCTGT-1,0,68,80,19004,13883
TACGTGGGCCCAGGGC-1,0,69,81,19256,14028
GCCTACGTTCTGTGCA-1,0,68,82,19003,14173
TTGCGTGTGTAGGCAT-1,0,69,83,19256,14318
TCCTAAAGATTCAGAC-1,0,68,84,19003,14463
TGGGTGCACAAGCCAT-1,0,69,85,19255,14609
GGGAGCGACCGTAGTG-1,0,68,86,19003,14753
CATAGAGGAGATACTA-1,0,69,87,19255,14899
CTTCGATTGCGCAAGC-1,0,68,88,19003,15044
GTGCCTGAGACCAAAC-1,0,69,89,19255,15189
TCATCCTCAGCTGCTT-1,0,68,90,19002,15334
TGCAACTACTGGTTGA-1,0,69,91,19255,15479
ATGTTGATTAGAGACT-1,0,68,92,19002,15624
GTTTCTAGAGGCGCGG-1,0,69,93,19254,15770
TACAAGGGCTTCTTTA-1,0,68,94,19002,15914
ACAGGCACGGATCCTT-1,0,69,95,19254,16060
CCCAAGTCATTACACT-1,0,68,96,19002,16205
ACTCTGACCTAATAGA-1,0,69,97,19254,16350
GGATGGCTTGAAGTAT-1,0,68,98,19001,16495
ACCCTCCCGTCAGGGC-1,0,69,99,19254,16640
AGCTTCTTCTCGAGCA-1,0,68,100,19001,16785
TTGCGCTTGATCAATA-1,0,69,101,19253,16931
TGGGTGTAATAGATTT-1,0,68,102,19001,17075
CATGGTTTATTAATCA-1,0,69,103,19253,17221
TTGCCTTCTCGCCGGG-1,0,68,104,19000,17366
TTAAAGTAAGTCGCCA-1,0,69,105,19253,17511
AGTTGGCAAGGCTAGA-1,0,68,106,19000,17656
CCGCACTTGCAATGAC-1,0,69,107,19253,17801
AATGTTGTCGTGAGAC-1,0,68,108,19000,17946
CCAAGGTTGCCCTTTC-1,0,69,109,19252,18092
TGTGACTAGAGTTTGC-1,0,68,110,19000,18236
TTGTGATCTGTTCAGT-1,0,69,111,19252,18382
GGAGTTGATTCTGTGT-1,0,68,112,18999,18527
GTAGTGAGCAACCTCA-1,0,69,113,19252,18672
AAGACATACGTGGTTT-1,0,68,114,18999,18817
CATCCCGAGATTCATA-1,0,69,115,19252,18962
GGCCGCAGGAACCGCA-1,0,68,116,18999,19107
CCAGAAACTGATGCGA-1,0,69,117,19251,19253
ACCCGTAGTCTAGTTG-1,0,68,118,18999,19398
AGGGTCTGGACGCAGT-1,0,69,119,19251,19543
TTGAAACCCTCATTCC-1,0,68,120,18998,19688
TCAATCCCGCGCCAAA-1,0,69,121,19251,19833
AGGACATCGGCACACT-1,0,68,122,18998,19978
GACAAGACGCCCGTGC-1,0,69,123,19251,20123
GAGTAAATTAAGAACC-1,0,68,124,18998,20268
TAAGTCGGTGAGCTAG-1,0,69,125,19250,20414
CTTACTGACTCCTCTG-1,0,68,126,18998,20559
TTAACTGATCGTTTGG-1,0,69,127,19250,20704
GGGCGATCCATAGGCC-1,0,70,0,19519,2273
CGTATTGTTTGGCGCC-1,0,71,1,19771,2418
CGCGTGGGCCTGTGTT-1,0,70,2,19519,2563
AAATCTGCCCGCGTCC-1,0,71,3,19771,2709
GCTGAAGGGTTCTTGG-1,0,70,4,19518,2854
TAATTGCGCTGATTAC-1,0,71,5,19771,2999
TCGCGCGTTTACATGA-1,0,70,6,19518,3144
TAACTGAAATACGCCT-1,0,71,7,19771,3289
CCTGTCGTGTATGAAG-1,0,70,8,19518,3434
CGGGAACGCCCTGCAT-1,0,71,9,19770,3579
AGTTGCGGTCCTCAAC-1,0,70,10,19518,3724
GGGTCCTTGGAAGAAG-1,0,71,11,19770,3870
CGGGAAGTACCGTGGC-1,0,70,12,19517,4015
ACGGTCACCGAGAACA-1,0,71,13,19770,4160
TAGACTCAGTTGGCCT-1,0,70,14,19517,4305
CCTTCCGCAACGCTGC-1,0,71,15,19770,4450
CAGTGTTAATCTCTCA-1,0,70,16,19517,4595
CAGGCCAGTACCACCT-1,0,71,17,19769,4740
GATCGCTGTGGTGCGT-1,0,70,18,19517,4885
GTATCTCGGGCGCTTT-1,0,71,19,19769,5031
CCGGGCTAAGAATTTC-1,0,70,20,19516,5176
CTTCACGCCCTGGTAC-1,0,71,21,19769,5321
CGGATGAATGCTGTGA-1,0,70,22,19516,5466
CTCTGCAGGCATTCTT-1,0,71,23,19769,5611
TCAAAGTCACGGCGTC-1,0,70,24,19516,5756
TGGGTTTCGGGCGTAC-1,0,71,25,19768,5901
TGCTATGGCAAAGGGA-1,0,70,26,19516,6046
TTCACGGTCGTCACGT-1,0,71,27,19768,6192
CGTAAAGCAAGAAATC-1,0,70,28,19515,6337
CTGATCCCTTTATGCA-1,0,71,29,19768,6482
GAGTATACCCTAATCA-1,0,70,30,19515,6627
CCACGGCAGGTGTAGG-1,0,71,31,19768,6772
ACGTACTTTGGCACGG-1,0,70,32,19515,6917
CCTGAGAATAAATGCA-1,0,71,33,19767,7062
TTGATGCCGCTCGTCG-1,0,70,34,19515,7207
GCCAGGAAAGAACACT-1,0,71,35,19767,7353
TCCGACCGCTAATCAA-1,0,70,36,19514,7498
TATATCAAAGTGATCT-1,0,71,37,19767,7643
CCTCGGTTTCCTTGCC-1,0,70,38,19514,7788
TAAATTTAGTAACACC-1,0,71,39,19766,7933
CTCGTTACGGCTACCA-1,0,70,40,19514,8078
GCCGTCGGTTTCGGGC-1,0,71,41,19766,8223
GTTCCGTCCGCCTGCA-1,0,70,42,19514,8368
CTAGGGATAGGGACAA-1,0,71,43,19766,8514
GTCCAGGCACGTGTGC-1,0,70,44,19513,8659
GAGGAATATCTCTTTG-1,0,71,45,19766,8804
CGTTCAAGGAAACGGA-1,0,70,46,19513,8949
GTGGGAACAAACCGGG-1,0,71,47,19765,9094
GGGCACGTAGTACTGT-1,0,70,48,19513,9239
ACTACAAAGAGAGGTG-1,0,71,49,19765,9384
GGTGTAGGTAAGTAAA-1,0,70,50,19513,9529
CCTGTTCAACCTCGGG-1,0,71,51,19765,9675
TGAGGTGTGTGGCGGA-1,0,70,52,19512,9820
ATTGTCTGTTTCATGT-1,0,71,53,19765,9965
GCCGGTCGTATCTCTC-1,0,70,54,19512,10110
ATATGGGATAGCAACT-1,0,71,55,19764,10255
GATAGAACCCGCTAGG-1,0,70,56,19512,10400
ATCCCATTTCCGTGGG-1,0,71,57,19764,10546
GATGCTACCTTCGATG-1,0,70,58,19511,10690
TGCAAAGTTCGTCTGT-1,0,71,59,19764,10836
GTTCAGTCGCCAAATG-1,0,70,60,19511,10981
GTCTCCGCCTCAATAC-1,0,71,61,19764,11126
AGTAGAAGGCGCCTCA-1,0,70,62,19511,11271
GTTGTAGATTTATGAG-1,0,71,63,19763,11416
CTATTTGCTTGGAGGA-1,0,70,64,19511,11561
AGCCATATAGTATGTG-1,0,71,65,19763,11707
TGTTCCGGCCTGAGCT-1,0,70,66,19510,11851
TGCCGTGGGACCCAAT-1,0,71,67,19763,11997
TTGCAAGAAGACTCCT-1,0,70,68,19510,12142
CCGCTCCAGGGCGATC-1,0,71,69,19763,12287
CAAACCCTCCGGCGGG-1,0,70,70,19510,12432
CGGACCTTTACGTCCC-1,0,71,71,19762,12577
ACGTAGGAGAGTCGCT-1,0,70,72,19510,12722
CTGCGACCTCGCCGAA-1,0,71,73,19762,12868
GGCCCAGCTGGTTTGC-1,0,70,74,19509,13012
GGATTAATCATGGACC-1,0,71,75,19762,13158
GAGATGGCTTTAATCA-1,0,70,76,19509,13303
AGTACAGAAGCTTATA-1,0,71,77,19762,13448
GCGGCTTTAGCAAGTT-1,0,70,78,19509,13593
ACCGAGTCTCCTTATT-1,0,71,79,19761,13738
GACCACACTTCCCTTT-1,0,70,80,19509,13883
TGTAGCCAATTCCGTT-1,0,71,81,19761,14029
CTCGTCTGTGCCTTCG-1,0,70,82,19508,14173
GGACTCTTTGACTAAG-1,0,71,83,19761,14319
TCATCGACGACCGTCG-1,0,70,84,19508,14464
TACTACGTGCAATGCG-1,0,71,85,19761,14609
CCCTACTTGAACAATG-1,0,70,86,19508,14754
GCAGCTGTCAACGCAT-1,0,71,87,19760,14899
ATCTACCATCTGCTCC-1,0,70,88,19508,15044
TCTCAAATCAATCGGG-1,0,71,89,19760,15190
ACTCCGGCCGACCACT-1,0,70,90,19507,15334
TACACCTCTTCGAATC-1,0,71,91,19760,15480
GTGGCTGTTTCTGTTC-1,0,70,92,19507,15625
ACGACTCTAGGGCCGA-1,0,71,93,19759,15770
TCGTTTACGCGACCCT-1,0,70,94,19507,15915
AGGATATCCGACTGCA-1,0,71,95,19759,16060
GACACTTCCAATTACC-1,0,70,96,19507,16205
ACGGTACAGTTCAATG-1,0,71,97,19759,16351
CTTGATGACCATCCAG-1,0,70,98,19506,16495
CTGGTAAAGACTTACA-1,0,71,99,19759,16641
CTTGCCCACCCACGCA-1,0,70,100,19506,16786
CATTACGCAGGAAGGG-1,0,71,101,19758,16931
GGACAACCATGAAGCC-1,0,70,102,19506,17076
GTTATCAAGCTATCGA-1,0,71,103,19758,17221
AGGTGCACGTCCACAT-1,0,70,104,19506,17366
AAAGAATGTGGACTAA-1,0,71,105,19758,17512
ACCAAGTCATCGGCAG-1,0,70,106,19505,17656
AGTAACTATAGCAGCC-1,0,71,107,19758,17802
GGGAAAGAATGCCAAC-1,0,70,108,19505,17947
AATCGGTATAGCCCTC-1,0,71,109,19757,18092
GGCACTGCGGTGGTTT-1,0,70,110,19505,18237
CGTCCTCATCGCGTGC-1,0,71,111,19757,18382
CTTAACTTACAGTATA-1,0,70,112,19504,18527
GTGAGTCGACTAATAG-1,0,71,113,19757,18673
TGTACTTCCGGGCATG-1,0,70,114,19504,18817
CACAAACCGCAGAACT-1,0,71,115,19757,18963
GCTTTACACAACTGGG-1,0,70,116,19504,19108
CACCGATGATGGGTAC-1,0,71,117,19756,19253
TCAATATACAGGAGGC-1,0,70,118,19504,19398
AACGACCTCCTAGCCG-1,0,71,119,19756,19543
GTTACCAAGGCGTACG-1,0,70,120,19503,19688
TAGCTCACTGTGTTTG-1,0,71,121,19756,19834
TCGGCAGGGTTAAGGG-1,0,70,122,19503,19978
TGTTAACAAAGTGACT-1,0,71,123,19756,20124
CAGAGCGATGGATGCT-1,0,70,124,19503,20269
CATAGTGGGCACGCCT-1,0,71,125,19755,20414
AAACGCTGGGCACGAC-1,0,70,126,19503,20559
TGTTCTCATACTATAG-1,0,71,127,19755,20704
TCCGCTGGGTCGATCG-1,0,72,0,20024,2274
TTAGCATCCCTCACGT-1,0,73,1,20276,2419
AGCCTTGTCACTGATA-1,0,72,2,20024,2564
GTTTCTTGTTAGAGCT-1,0,73,3,20276,2709
TCGGAGTCCTGGTTGC-1,0,72,4,20024,2854
ACGGGTTGTGACCTGT-1,0,73,5,20276,2999
TGACAGAAATCTTGCT-1,0,72,6,20023,3144
TAGCCATGATTGCCTA-1,0,73,7,20276,3290
CGAAGCCACAGCATGG-1,0,72,8,20023,3435
ACCCGTAGCAGAGAAT-1,0,73,9,20275,3580
AGCTTGATCAGGGTAG-1,0,72,10,20023,3725
CTATAAGTAGGGTTTG-1,0,73,11,20275,3870
TATAGTTAGGTGTACT-1,0,72,12,20022,4015
TACGCTGATAGTTGTA-1,0,73,13,20275,4160
TTCTCAATTGCTACAA-1,0,72,14,20022,4305
GTTGCCCTAACGGGTG-1,0,73,15,20275,4451
GACATTTCGCCCAGCC-1,0,72,16,20022,4596
GTAACTACGTAGACCT-1,0,73,17,20274,4741
CCAGTGTACAGACCGA-1,0,72,18,20022,4886
GCCCGATGCCCAGTTC-1,0,73,19,20274,5031
CGAACCTCTTTCCTAG-1,0,72,20,20021,5176
CATGCACATGAGAGGC-1,0,73,21,20274,5321
CCAAATCAAAGGGCAA-1,0,72,22,20021,5466
GTAGTTTAAGCACACG-1,0,73,23,20274,5612
TAAGTGAATAGTCTAC-1,0,72,24,20021,5757
GGTCCACGTCTATTTG-1,0,73,25,20273,5902
CCCTCAGATCGAGAAC-1,0,72,26,20021,6047
ACATTCGCGCGGAATA-1,0,73,27,20273,6192
CTATGAACACCTTGCC-1,0,72,28,20020,6337
CGAATGGTAGGTCGTC-1,0,73,29,20273,6482
TCGACATAGCGTAGCG-1,0,72,30,20020,6627
GACGTTGCTCGGCGGC-1,0,73,31,20273,6773
CTCGAGGCAAGTTTCA-1,0,72,32,20020,6918
GCTGGGAGCGCGTCAA-1,0,73,33,20272,7063
GACGATATCACTGGGT-1,0,72,34,20020,7208
CAGCTCTGGGCTCACT-1,0,73,35,20272,7353
TAGTCTGCGGCACATT-1,0,72,36,20019,7498
TGGTCGATATACCTCT-1,0,73,37,20272,7643
TTCAGTTCAAGAGGAG-1,0,72,38,20019,7788
GTCTGTAGGTTGAACA-1,0,73,39,20272,7934
GAGAGTCTCGGGAGAG-1,0,72,40,20019,8079
TTGTTTGTATTACACG-1,0,73,41,20271,8224
GCACAGCACGGGCCGA-1,0,72,42,20019,8369
AAACAGTGTTCCTGGG-1,0,73,43,20271,8514
TGGAGAATAATCGTCC-1,0,72,44,20018,8659
CGCCGCGTTCTGAACG-1,0,73,45,20271,8804
CATGCGTTGAGAGGAG-1,0,72,46,20018,8949
TACGCTCCTAGAACTG-1,0,73,47,20270,9095
CCTTGTGAACGTGGTT-1,0,72,48,20018,9240
TTAAAGGCGATGCTCG-1,0,73,49,20270,9385
TAAAGTGCACGTCTCG-1,0,72,50,20018,9530
TGTCCGCAAACAATTC-1,0,73,51,20270,9675
AGGCCTATCATACCAA-1,0,72,52,20017,9820
ACTGGGATGCCAGTGC-1,0,73,53,20270,9965
CGATCCACCATTGTTG-1,0,72,54,20017,10110
GGGCATGCATGTCGAG-1,0,73,55,20269,10256
TCCAGGCAGGACGATC-1,0,72,56,20017,10401
CAATGACCCTTAATTT-1,0,73,57,20269,10546
ATCAAGATCCCAGGAC-1,0,72,58,20017,10691
CTCAGAGCTAATGTCG-1,0,73,59,20269,10836
CTGCGATTTCGAGATT-1,0,72,60,20016,10981
ATGGTATTGGGAACCG-1,0,73,61,20269,11126
TAGGTTCTGCTGAGAA-1,0,72,62,20016,11271
GCCTGTCCCGGTGCAT-1,0,73,63,20268,11417
GGCCTGCTCTGATGTT-1,0,72,64,20016,11562
TAGAGGGAGTTTATCT-1,0,73,65,20268,11707
CTCTACATCCTGCGTG-1,0,72,66,20015,11852
ACACATTTCCGTAGAC-1,0,73,67,20268,11997
TGGGTGTTAAGTAGAA-1,0,72,68,20015,12142
GAGCTCAACATGAGCG-1,0,73,69,20268,12287
GCACACAGCTATTACC-1,0,72,70,20015,12432
GCGACGGTAGTCTCCT-1,0,73,71,20267,12578
GTATCAAGGTACTTCC-1,0,72,72,20015,12723
GGAAAGGGAATTGAGC-1,0,73,73,20267,12868
TACACAGCCGTGGTGC-1,0,72,74,20014,13013
CGGTTGGGCAGGGTCC-1,0,73,75,20267,13158
GCACGCCGATTCCCGC-1,0,72,76,20014,13303
CGCTTTCCGCCAAGGT-1,0,73,77,20267,13448
TGCCCGATAGTTAGAA-1,0,72,78,20014,13593
TCAGAACGGCGGTAAT-1,0,73,79,20266,13739
CCACTCAGATCCGCAA-1,0,72,80,20014,13884
GAAGGGTCATTAAGAC-1,0,73,81,20266,14029
GCGGTCTTGCTTTCAC-1,0,72,82,20013,14174
GGAAGGACACCGTATA-1,0,73,83,20266,14319
CGCGGGAATTCCTTTC-1,0,72,84,20013,14464
TCTATCCGATTGCACA-1,0,73,85,20266,14609
TACTCGTTTGAATCAA-1,0,72,86,20013,14754
GTCTGCCGACTCGACG-1,0,73,87,20265,14900
TACGGGTAATAACATA-1,0,72,88,20013,15045
CCAGTTCGGTAACTCA-1,0,73,89,20265,15190
CGTGCACACCACTGTA-1,0,72,90,20012,15335
CTTCAGTTGGACAACG-1,0,73,91,20265,15480
TGATCTATCACACTCT-1,0,72,92,20012,15625
TAGCAGATACTTAGGG-1,0,73,93,20265,15770
CACCGGGCATCACAAG-1,0,72,94,20012,15915
AGTGGCCCGCAAATGG-1,0,73,95,20264,16061
CTCGCTAGGTAAGCGA-1,0,72,96,20012,16206
GATAGATAGTACAGTC-1,0,73,97,20264,16351
CGAGACTACTGCTGCT-1,0,72,98,20011,16496
ACATTTGAAACCTAAC-1,0,73,99,20264,16641
GACACAGCCGGGACTG-1,0,72,100,20011,16786
ACGGAACACGAGTGCC-1,0,73,101,20263,16931
ACGCCAGTGCGTTTGC-1,0,72,102,20011,17076
GCACCTAGGCGAGTCC-1,0,73,103,20263,17222
TCACTATCCCTTCGGT-1,0,72,104,20011,17367
TGAGTGTAACAACGGG-1,0,73,105,20263,17512
ATTGGTTGTGCATTAC-1,0,72,106,20010,17657
CTGGCGATTTACATGT-1,0,73,107,20263,17802
TCCACCAAGACATAGG-1,0,72,108,20010,17947
AACGTCGCTGCACTTC-1,0,73,109,20262,18092
GTCTCCCGAGTCCCGT-1,0,72,110,20010,18237
AGCCCGCACTACAATG-1,0,73,111,20262,18383
GGCACGCTGCTACAGT-1,0,72,112,20010,18528
GCTTGAGTGACCTCTG-1,0,73,113,20262,18673
ATAGCCATAACAGTCA-1,0,72,114,20009,18818
TAGGAGGCTCGAGAAC-1,0,73,115,20262,18963
GTCGGGTGAAGTACCG-1,0,72,116,20009,19108
CACCCGCGTTTGACAC-1,0,73,117,20261,19254
TCTCAGGCTACTCGCT-1,0,72,118,20009,19398
TAGATTCTCTAGCAAA-1,0,73,119,20261,19544
CCCATTATTGTATCCT-1,0,72,120,20008,19689
GTTAATAGCGTCATTA-1,0,73,121,20261,19834
TACTCATTGACGCATC-1,0,72,122,20008,19979
TAGTGACAAGCTCTAC-1,0,73,123,20261,20124
ATCGCCGTGGTTCATG-1,0,72,124,20008,20269
CTGCTCTCAACACACC-1,0,73,125,20260,20415
GCATGACACAAAGGAA-1,0,72,126,20008,20559
CAACGATCGATCCAAT-1,0,73,127,20260,20705
ATACAGCGTCCACTGA-1,0,74,0,20529,2274
TCACGATTAATACGTT-1,0,75,1,20781,2419
CGTGAACTGACCCGAT-1,0,74,2,20529,2564
TCGATGTTACGGCCGT-1,0,75,3,20781,2710
GACCGGTGATACTCTC-1,0,74,4,20529,2855
TCTGTTTAGATTGTTC-1,0,75,5,20781,3000
GCTACTCGGACGCAGA-1,0,74,6,20528,3145
AAGAAAGTTTGATGGG-1,0,75,7,20781,3290
CGCCAGTAGTACCTTG-1,0,74,8,20528,3435
CTCCCTTGTATCAAGG-1,0,75,9,20780,3580
ACTTTATACACCACTT-1,0,74,10,20528,3725
AGATCTGGAGAGGATA-1,0,75,11,20780,3871
TCATCCATCTGATCAC-1,0,74,12,20528,4016
AGAACACGGCGATGGT-1,0,75,13,20780,4161
CCGCTCCGGATAAGCT-1,0,74,14,20527,4306
TGGTCGGGTACAGGGC-1,0,75,15,20780,4451
ACGGACGCAGCGACAA-1,0,74,16,20527,4596
ACATGCTTACGGCAGC-1,0,75,17,20779,4741
CAGGGAGATAGGCCAG-1,0,74,18,20527,4886
TCGCCACCCGGATTAC-1,0,75,19,20779,5032
TCTTGGTCAATGATAC-1,0,74,20,20526,5177
CATAGGGACACTTGTG-1,0,75,21,20779,5322
CACGAGCAAACCAGAC-1,0,74,22,20526,5467
GGGATATTGATCGCCA-1,0,75,23,20779,5612
TAATGTCGGTTCATGG-1,0,74,24,20526,5757
CGATTTGTCATTAATG-1,0,75,25,20778,5902
TTAAGATACCCAGAGA-1,0,74,26,20526,6047
CGACCGTTGGTATTCG-1,0,75,27,20778,6193
ACTACCATCCGAGGGC-1,0,74,28,20525,6338
TCTACGCACGATCTCC-1,0,75,29,20778,6483
AAGCCACTTGCAGGTA-1,0,74,30,20525,6628
ACGTTGTCGTTGAAAG-1,0,75,31,20778,6773
ACCGCTAGTCATTGGT-1,0,74,32,20525,6918
CATGAGTCCATCACGG-1,0,75,33,20777,7063
ATGTCTTGTTTGACTC-1,0,74,34,20525,7208
TCCCAAACATCCTCTA-1,0,75,35,20777,7354
CAACGCGATGAGCCAA-1,0,74,36,20524,7499
GACACCCAAAGACGCG-1,0,75,37,20777,7644
ACGTTCACTATGCCGC-1,0,74,38,20524,7789
ATGGACTGCTTAGTTG-1,0,75,39,20777,7934
CCATGGCAAACGCTCA-1,0,74,40,20524,8079
TTGTCTCGGCAAGATG-1,0,75,41,20776,8224
TTCGAACGAAACATGC-1,0,74,42,20524,8369
GGAAAGTCTTGATTGT-1,0,75,43,20776,8515
ATCATAGATCGACGAG-1,0,74,44,20523,8660
GATTAGAAACAAGCGT-1,0,75,45,20776,8805
GCTGCGAAGAATTATT-1,0,74,46,20523,8950
TTCCAGTGGGTTTCGT-1,0,75,47,20776,9095
GCTCATTGATCATATC-1,0,74,48,20523,9240
ATACGAGGTTTGTAAG-1,0,75,49,20775,9385
GTCTATACACGCATGG-1,0,74,50,20523,9530
GATTTGCGCTAACACC-1,0,75,51,20775,9676
TGGTGCCCTGCCTTAC-1,0,74,52,20522,9821
TCGAATCGCAGGGTAG-1,0,75,53,20775,9966
GGTAGGCCAATATCAC-1,0,74,54,20522,10111
CGTAAATAACAAAGGG-1,0,75,55,20774,10256
GACTCTAGAGTTCCAA-1,0,74,56,20522,10401
ACTTGTTACCGGATCA-1,0,75,57,20774,10546
GGCATTGAACATCTCA-1,0,74,58,20522,10691
AACCCGCTGTATTCCA-1,0,75,59,20774,10837
TAACAGGTTCCCTTAG-1,0,74,60,20521,10982
GTTCTTGTAACTCAAT-1,0,75,61,20774,11127
GATTCTGTTAATGAGT-1,0,74,62,20521,11272
GGACACCTCGGTGTTG-1,0,75,63,20773,11417
CGATCGAGAAGCACCA-1,0,74,64,20521,11562
CTGCTCTGACGGCAAA-1,0,75,65,20773,11707
CCCAGGAAGAATTCGA-1,0,74,66,20521,11852
TGTCGTGGGTATAGGC-1,0,75,67,20773,11998
ATATGTCTAGAGCGTG-1,0,74,68,20520,12143
GCGGGCAGACGGGTGA-1,0,75,69,20773,12288
CGAAGATCAGTTTCAT-1,0,74,70,20520,12433
ACGCCACTCGAAACAG-1,0,75,71,20772,12578
CTTAGATGTTTCATCC-1,0,74,72,20520,12723
GCGAATGGACTAGCGA-1,0,75,73,20772,12868
TAAATTGTGGGTAAAG-1,0,74,74,20519,13013
ATTTATACTGGTAAAG-1,0,75,75,20772,13159
GCGTCGTAACATGGTC-1,0,74,76,20519,13304
CGGTATGGGCACTCTG-1,0,75,77,20772,13449
CTATCACAACGCTGGA-1,0,74,78,20519,13594
ACCACACGGTTGATGG-1,0,75,79,20771,13739
TCAGCGCACGCCGTTT-1,0,74,80,20519,13884
AATGTTAAGACCCTGA-1,0,75,81,20771,14029
CTTACATAGATTTCTT-1,0,74,82,20518,14174
AACATAGCGTGTATCG-1,0,75,83,20771,14320
AGCAGTCGAAGCATGC-1,0,74,84,20518,14465
GTACTACGGCCTCGTT-1,0,75,85,20771,14610
TTGGCCAAATTGTATC-1,0,74,86,20518,14755
TCAGAGGACGCGTTAG-1,0,75,87,20770,14900
AGTAATCTAAGGGTGG-1,0,74,88,20518,15045
AATTATACCCAGCAAG-1,0,75,89,20770,15190
CCCTACCCACACCCAG-1,0,74,90,20517,15335
CTCTGTCCATGCACCA-1,0,75,91,20770,15481
TCGCCTCCTTCGGCTC-1,0,74,92,20517,15626
CCTGATTCGCGAAGAA-1,0,75,93,20770,15771
GACTTCAACGCATCAA-1,0,74,94,20517,15916
GCTTCCCGTAAGCTCC-1,0,75,95,20769,16061
AGAACTGTACTTTGTA-1,0,74,96,20517,16206
CCTTAAGTACGCAATT-1,0,75,97,20769,16351
GGCCAATTGTATAGAC-1,0,74,98,20516,16496
AGAATACAGGCTATCC-1,0,75,99,20769,16642
AATACCTGATGTGAAC-1,0,74,100,20516,16787
TAGAGTGTTCCGGGTA-1,0,75,101,20769,16932
GCTTCCATGTAACCGC-1,0,74,102,20516,17077
GGTTCGCATTTGCCGT-1,0,75,103,20768,17222
TCAATCCGGGAAGTTT-1,0,74,104,20516,17367
CCGGAAGTGCAATATG-1,0,75,105,20768,17512
CTCATAAATGTGTATA-1,0,74,106,20515,17657
GACGGGCATCGAATTT-1,0,75,107,20768,17803
GCTAAGCCCAGTATGC-1,0,74,108,20515,17948
GCTATAAGGGCCAGGA-1,0,75,109,20767,18093
GCGGATTACTTGTTCT-1,0,74,110,20515,18238
TACAACAGCGCATACA-1,0,75,111,20767,18383
TCTAACCTAGCCTGCG-1,0,74,112,20515,18528
TCTACCCGCATCATTT-1,0,75,113,20767,18673
GTCTTACCACGCCAAG-1,0,74,114,20514,18818
AATAACGTCGCGCCCA-1,0,75,115,20767,18964
CGTTTCGGTTATATGC-1,0,74,116,20514,19109
TACGCTGCACGGTCGT-1,0,75,117,20766,19254
CGTTAAATACGACCAG-1,0,74,118,20514,19399
TCGACTGACGATGGCT-1,0,75,119,20766,19544
ACGCTACTGAATGGGC-1,0,74,120,20514,19689
AAGGGTTAGCCATGCG-1,0,75,121,20766,19834
ACGTTTCGGTGCACTT-1,0,74,122,20513,19979
TTAACCCGAGGCGTGT-1,0,75,123,20766,20125
GCCCGTCAAGCCCAAT-1,0,74,124,20513,20270
ATTCGTCCCGAGGTTA-1,0,75,125,20765,20415
TCAAATTATGTTCGAC-1,0,74,126,20513,20560
AACGTTCTACCATTGT-1,0,75,127,20765,20705
CTGTCCTGCGCACTAC-1,0,76,0,21034,2274
GCCCAGCGACACAAAG-1,0,77,1,21287,2420
TATAGCTATTATCTCT-1,0,76,2,21034,2565
AAGCTATGGATTGACC-1,0,77,3,21286,2710
CCGAAACACGACCTCT-1,0,76,4,21034,2855
ATCAGAAGCTGGTTGC-1,0,77,5,21286,3000
TGAACCTGAATGTGAG-1,0,76,6,21033,3145
TCAGAGCATGTCAACG-1,0,77,7,21286,3291
ATACCCTCCCGGCCAA-1,0,76,8,21033,3435
GCCACCTTATTCGCGA-1,0,77,9,21285,3581
CAACGAGCTTATTATG-1,0,76,10,21033,3726
GATCCAACCTTTAAAC-1,0,77,11,21285,3871
TTGTGGAGACAGCCGG-1,0,76,12,21033,4016
AGATAATCACACCTAT-1,0,77,13,21285,4161
GGTTAGGGATGCTAAT-1,0,76,14,21032,4306
TCATGAAGCGCTGCAT-1,0,77,15,21285,4452
CCAGGCGAGATGGTCT-1,0,76,16,21032,4596
CGACTTGCCGGGAAAT-1,0,77,17,21284,4742
GTGCCAAACGTTTCGA-1,0,76,18,21032,4887
TGCTCAAAGGATGCAC-1,0,77,19,21284,5032
GCCTCAGGTACCGGTC-1,0,76,20,21032,5177
ACAAGTAATTGTAAGG-1,0,77,21,21284,5322
TTAGAGTATTGTCGAG-1,0,76,22,21031,5467
GTCATCCCAAACTCAC-1,0,77,23,21284,5613
CTCCTAGTAATCGTGA-1,0,76,24,21031,5757
CCCTCATCACAGAGTA-1,0,77,25,21283,5903
GGAAACAGAGCTTGGG-1,0,76,26,21031,6048
ACATCGCAATATTCGG-1,0,77,27,21283,6193
TTAGCCATAGGGCTCG-1,0,76,28,21030,6338
CGGATTCTGCCTTATG-1,0,77,29,21283,6483
TTGTTGGCAATGACTG-1,0,76,30,21030,6628
GGATCTACCGTTCGTC-1,0,77,31,21283,6774
GGTGGGATTAGGTCCC-1,0,76,32,21030,6918
AATAGGCACGACCCTT-1,0,77,33,21282,7064
GAGGTCCGTTCGCTGT-1,0,76,34,21030,7209
TGACAACTTAAAGGTG-1,0,77,35,21282,7354
AGCTAAGCTCCGTCCG-1,0,76,36,21029,7499
CTAGCCCGGGAGACGA-1,0,77,37,21282,7644
CCCAGATTCCCGTGAC-1,0,76,38,21029,7789
GCCCGTTCACACAATT-1,0,77,39,21282,7935
ACAAACTCCATCAGAG-1,0,76,40,21029,8079
GGTTCCGTACGACTAA-1,0,77,41,21281,8225
TTGCGGAAAGCTGCCC-1,0,76,42,21029,8370
GGAACTCGTGAATACG-1,0,77,43,21281,8515
GGTTACCGCTCCCTAC-1,0,76,44,21028,8660
AGCGACTTTGAAGACA-1,0,77,45,21281,8805
CCGTTTCCTTTCCGTG-1,0,76,46,21028,8950
TGGATGGCATCTTGGA-1,0,77,47,21281,9096
CAAGTCGTTGAAATCT-1,0,76,48,21028,9240
TGCAAACGTACTAGTT-1,0,77,49,21280,9386
GGCTGTCCTACTGCGG-1,0,76,50,21028,9531
TACTGCATGATTAAAT-1,0,77,51,21280,9676
CGGACCTCTGTAGTTA-1,0,76,52,21027,9821
CCCTAGCTCTAAGGTC-1,0,77,53,21280,9966
GTAACAGGTTAACGGC-1,0,76,54,21027,10111
CCCGCAAATAATCATC-1,0,77,55,21280,10257
AATCCCGCTCAGAGCC-1,0,76,56,21027,10402
AACGTCATCCGGCTTG-1,0,77,57,21279,10547
CTCGTGGCACTGAAAG-1,0,76,58,21027,10692
CTTTATCCGACGCATG-1,0,77,59,21279,10837
AAATGACTGATCAAAC-1,0,76,60,21026,10982
TTCGTGCATGTTATAG-1,0,77,61,21279,11127
ATCAAAGAGCCGTGGT-1,0,76,62,21026,11272
ATGTCATAATAAACGA-1,0,77,63,21278,11418
CTTAATCGACTTAGTA-1,0,76,64,21026,11563
CTAAAGGATGAGATAC-1,0,77,65,21278,11708
GTGCTATCCAGCTGGA-1,0,76,66,21026,11853
GACAGAGGTCTTCAGT-1,0,77,67,21278,11998
TCGATTTACGAAACGA-1,0,76,68,21025,12143
AGGCTTAAGTTGCACA-1,0,77,69,21278,12288
TAGGATCTTAACCGCA-1,0,76,70,21025,12433
GACTTTCGAGCGGTTC-1,0,77,71,21277,12579
CCCTGGGAGGGATCCT-1,0,76,72,21025,12724
TAGTAGTTGCCGGACA-1,0,77,73,21277,12869
GCCCTAAGTGCAGGAT-1,0,76,74,21025,13014
ACTTGGGCTTTCGCCA-1,0,77,75,21277,13159
CATGATACGGTGAAAC-1,0,76,76,21024,13304
TCCTGCAGCCGCCAAT-1,0,77,77,21277,13449
GTCCGTTAGAGGGCCT-1,0,76,78,21024,13594
GCTTTATTAAGTTACC-1,0,77,79,21276,13740
AATCGAGGTCTCAAGG-1,0,76,80,21024,13885
GTGCTGTTAGAACATA-1,0,77,81,21276,14030
GGCTTCTCGTGGGTGG-1,0,76,82,21023,14175
CCTACAGTTGAGGGAG-1,0,77,83,21276,14320
TATCCCTCGATCTGCA-1,0,76,84,21023,14465
CCGGTATCTGGCGACT-1,0,77,85,21276,14610
CTCTAACACCGGCAGC-1,0,76,86,21023,14755
CTTCATCACCAGGGCT-1,0,77,87,21275,14901
GGCTGGCAATCCCACG-1,0,76,88,21023,15046
CAAACCATAAGCGTAT-1,0,77,89,21275,15191
CATGTGGGCTCATCAC-1,0,76,90,21022,15336
CCCGTGACAGTGCCTT-1,0,77,91,21275,15481
GATTATCTTGCATTAT-1,0,76,92,21022,15626
GAGTCCACCAGGTTTA-1,0,77,93,21275,15771
TGTACTATCGCTCGTT-1,0,76,94,21022,15916
TTAGCGAATAGATAGG-1,0,77,95,21274,16062
ACATACAATCAAGCGG-1,0,76,96,21022,16207
ATTCGTGTACCCATTC-1,0,77,97,21274,16352
GCTAGCAACGCACCTA-1,0,76,98,21021,16497
ACCTCAGCGAGGCGCA-1,0,77,99,21274,16642
TCCGGGCCACTAACGG-1,0,76,100,21021,16787
TCCCAATATCGACGAC-1,0,77,101,21274,16932
GGATTGAAGTAGCCTC-1,0,76,102,21021,17077
GGCGCACAGTTTACCT-1,0,77,103,21273,17223
CCCGGCACGTGTCAGG-1,0,76,104,21021,17368
AGTAAGGGACAGAATC-1,0,77,105,21273,17513
TTGCGCACAACCACGT-1,0,76,106,21020,17658
CCTGCTACAACCATAC-1,0,77,107,21273,17803
CTGGGCTACTGGAGAG-1,0,76,108,21020,17948
AGCTACGAATGGTGGT-1,0,77,109,21273,18093
ATTCGTTTATCGTATT-1,0,76,110,21020,18238
GGCATTCCCTCCCTCG-1,0,77,111,21272,18384
AGTTATTCAGACTGTG-1,0,76,112,21020,18529
CCACTTTCCTTCTAGG-1,0,77,113,21272,18674
CGCAGTTCTATCTTTC-1,0,76,114,21019,18819
AGGAGCGTTTATTATC-1,0,77,115,21272,18964
GACAGGTAATCCGTGT-1,0,76,116,21019,19109
TTCCCAAAGTACTGAT-1,0,77,117,21271,19254
CTGCAGGGTGACGCTC-1,0,76,118,21019,19399
TCATGGAGGCCTTTGT-1,0,77,119,21271,19545
ATGGCCCGAAAGGTTA-1,0,76,120,21019,19690
CGTAATATGGCCCTTG-1,0,77,121,21271,19835
AGAGTCTTAATGAAAG-1,0,76,122,21018,19980
GAACGTTTGTATCCAC-1,0,77,123,21271,20125
ATTGAATTCCCTGTAG-1,1,76,124,21018,20270
TACCTCACCAATTGTA-1,0,77,125,21270,20415
AGTCGAATTAGCGTAA-1,0,76,126,21018,20560
TTGAAGTGCATCTACA-1,0,77,127,21270,20706
