ACGCCTGACACGCGCT-1,0,0,0,1192,1245
TACCGATCCAACACTT-1,0,1,1,1288,1300
ATTAAAGCGGACGAGC-1,0,0,2,1191,1355
GATAAGGGACGATTAG-1,0,1,3,1287,1411
GTGCAAATCACCAATA-1,0,0,4,1191,1466
TGTTGGCTGGCGGAAG-1,0,1,5,1287,1522
GCATCCTCTCCTATTA-1,0,0,6,1190,1577
GCGAGGGACTGCTAGA-1,0,1,7,1286,1633
TGGTACCGGCACAGCC-1,0,0,8,1189,1688
GCGCGTTTAAATCGTA-1,0,1,9,1286,1744
TGCCTTGCCCTTACGG-1,0,0,10,1189,1799
GACGACTTTCCAAGAA-1,0,1,11,1285,1855
CCAGTGAGCTCCTTGT-1,0,0,12,1188,1910
ATACCCTGGCTCAAAT-1,0,1,13,1284,1966
GGGTTTCCGGCTTCCA-1,0,0,14,1188,2020
TAACCGTCCAGTTCAT-1,0,1,15,1284,2076
AAACAACGAATAGTTC-1,0,0,16,1187,2131
CAAGGGAGTGTATTTG-1,0,1,17,1283,2187
CCAAGCTTGATCTCCT-1,0,0,18,1187,2242
TTATTTCATCCCAAAC-1,0,1,19,1283,2298
GAGCGCTATGTCAGGC-1,0,0,20,1186,2353
TATGGCAGACTTTCGA-1,0,1,21,1282,2409
CTTCGTGCCCGCATCG-1,0,0,22,1186,2464
AAACGGGTTGGTATCC-1,0,1,23,1282,2520
TGCAAACCCACATCAA-1,0,0,24,1185,2575
GACGGGATGTCTTATG-1,0,1,25,1281,2631
GGCGAGCATCGAGGAC-1,0,0,26,1184,2686
CGCGTGCTATCAACGA-1,0,1,27,1281,2741
TGAAACCTCAACTCAC-1,0,0,28,1184,2796
CACATAAGGCGACCGT-1,0,1,29,1280,2852
TGACCCAACTCACATT-1,0,0,30,1183,2907
ATACGCCGATCTACCG-1,0,1,31,1279,2963
ACTTATCTGATCTATA-1,0,0,32,1183,3018
GTGTGAGCCGAGGTGC-1,0,1,33,1279,3074
GATGATTTGAAACTGG-1,0,0,34,1182,3129
GGGAACCACCTGTTTC-1,0,1,35,1278,3185
GTTCGTTGCGGACCAG-1,0,0,36,1182,3240
TGAGGTTGATCCCAAG-1,0,1,37,1278,3296
GATGCCACACTACAGC-1,0,0,38,1181,3351
AGGCAAAGAGGAATCA-1,0,1,39,1277,3407
AAGTAAGCTTCCAAAC-1,0,0,40,1181,3462
AACGTAGTCTACCCAT-1,0,1,41,1277,3517
GTTTGAGCGGTTATGT-1,0,0,42,1180,3572
GAAGCAAGGCAATGTT-1,0,1,43,1276,3628
TCACTCAGCGCATTAG-1,0,0,44,1179,3683
TACAATGAAACCAGCA-1,0,1,45,1276,3739
GTGCGCTTACAAATGA-1,0,0,46,1179,3794
GCACTCCCACAGTCCC-1,0,1,47,1275,3850
CGAAGACTGCCCGGGA-1,0,0,48,1178,3905
CAGGATCCGCCCGACC-1,0,1,49,1274,3961
CACGATTGGTCGTTAA-1,0,0,50,1178,4016
GGTTGTATCGTGAAAT-1,0,1,51,1274,4072
TCTTATGGGTAGTACC-1,0,0,52,1177,4127
TACAAGCTGTTCACTG-1,0,1,53,1273,4183
GTATCTTGTTGCTCAC-1,0,0,54,1177,4237
ATACCAGGTGAGCGAT-1,0,1,55,1273,4293
CCTAAACAGGGTCCGT-1,0,0,56,1176,4348
ATGGTGCTCAAAGCCA-1,0,1,57,1272,4404
CAAATGCGGAGTGTTC-1,0,0,58,1175,4459
CGTGCCCGACATTTGT-1,0,1,59,1272,4515
GTATCTCCCTAACTGT-1,0,0,60,1175,4570
ATTTGCCTAGTTACGA-1,0,1,61,1271,4626
ACGTCCTAAACGAGAT-1,0,0,62,1174,4681
CTGGGATCGCCCAGAT-1,0,1,63,1271,4737
CTGCAAATGGGCTCCA-1,0,0,64,1174,4792
CATTATAACAGGGTCC-1,0,1,65,1270,4848
ACCTTTCCTTTAGAAG-1,0,0,66,1173,4903
ATAGATTTGCAGTCGG-1,0,1,67,1269,4958
CTCGGGCATCGTCGGG-1,0,0,68,1173,5013
GTGGCGGGCCGTAGCT-1,0,1,69,1269,5069
CAACAGTGCCAAACGG-1,0,0,70,1172,5124
TGCGGGTATTGGGATC-1,0,1,71,1268,5180
GTCTCGCCAACACGCC-1,0,0,72,1172,5235
CTGGGCGGCCAAATGT-1,0,1,73,1268,5291
TAAAGGAGAAACTAGT-1,0,0,74,1171,5346
TCCCACGGAGGGAGCT-1,0,1,75,1267,5402
AGCTTCAATACTTTGA-1,0,0,76,1170,5457
TTCCACATTTCTCGTC-1,0,1,77,1267,5513
ACAAACCGACAAGGCG-1,0,0,78,1170,5568
AGACGGGATTGGTATA-1,0,1,79,1266,5624
AACCTAAAGCCGTCCG-1,0,0,80,1169,5678
TACAAATTGCGGAGGT-1,0,1,81,1265,5734
CCCGCTAGAGGGTTAA-1,0,0,82,1169,5789
CATTGCAAAGCATAAT-1,0,1,83,1265,5845
TGTACGCTATCAGCTT-1,0,0,84,1168,5900
TTCTTCGCAATAGAGC-1,0,1,85,1264,5956
TGTGATTCCAGCGCTT-1,0,0,86,1168,6011
ATTCAGGATCGCCTCT-1,0,1,87,1264,6067
GCCCATGGGTGCAATG-1,0,0,88,1167,6122
TTCCCGACGCTTCACT-1,0,1,89,1263,6178
AGCGGTTGAGATGTAC-1,0,0,90,1167,6233
GCTGTCTGTGATCGAC-1,0,1,91,1263,6289
AAAGACATGAAGTTTA-1,0,0,92,1166,6344
CAACAGAATAACGCTA-1,0,1,93,1262,6399
TGCGGTCTACGAGTAA-1,0,0,94,1165,6454
AAGACTCACGCCCACT-1,0,1,95,1262,6510
CTTTGAAACATATTCC-1,0,0,96,1165,6565
CTGGGCACTAGTCGGA-1,0,1,97,1261,6621
CGCCCTTACATCCACC-1,0,0,98,1164,6676
CACGACCACAGACTTT-1,0,1,99,1260,6732
CAATCCATTATCCGTT-1,0,0,100,1164,6787
GTGGCGTGCACCAGAG-1,0,1,101,1260,6843
CGGAGTCCTAACCTGG-1,0,0,102,1163,6898
GGTCCCATAACATAGA-1,0,1,103,1259,6954
ATCTCATAAACCTACC-1,0,0,104,1163,7009
TGCATGGCAGTCTTGC-1,0,1,105,1259,7065
TTGCAGGTCATGAAGT-1,0,0,106,1162,7120
AGCTGCATTTGAGGTG-1,0,1,107,1258,7175
TAATCAGGAATGCTGC-1,0,0,108,1161,7230
CCATCATAAGAACAGG-1,0,1,109,1258,7286
TCGTATCACCAAGCTA-1,0,0,110,1161,7341
ATTCAGATGAATCCCT-1,0,1,111,1257,7397
AAAGGTCAACGACATG-1,0,0,112,1160,7452
AGCTGCTGTGCCGAAT-1,0,1,113,1257,7508
CTAGCGCCAATCCTAC-1,0,0,114,1160,7563
GCTCGACCGAACTGAA-1,0,1,115,1256,7619
ACAGTGCAGCGCATTT-1,0,0,116,1159,7674
CGGCTGAAGGTTACGC-1,0,1,117,1255,7730
CACCTCTACGAGTGTG-1,0,0,118,1159,7785
ATACGACAGATGGGTA-1,0,1,119,1255,7841
ACTTCCTGTCGTGCGA-1,0,0,120,1158,7895
CGTAACGGAACGATCA-1,0,1,121,1254,7951
AAATCACTCCTAAACG-1,0,0,122,1158,8006
CTCCGAGTAAATCCGC-1,0,1,123,1254,8062
ACGCTAGTATCAGTGC-1,0,0,124,1157,8117
AGAGTGAACAGACACC-1,0,1,125,1253,8173
ACACCCGTAAATCTGT-1,0,0,126,1156,8228
GCTTTGCTGCCGGGTA-1,0,1,127,1253,8284
ACAGGAGGCGCAGCCG-1,0,2,0,1385,1246
AGGCAATACGGAGGAC-1,0,3,1,1481,1301
TGGTGTGACAGACGAT-1,0,2,2,1384,1356
ATCTATCGATGATCAA-1,0,3,3,1480,1412
CGGTAACAAGATACAT-1,0,2,4,1383,1467
TCGCCGGAGAGTCTTA-1,0,3,5,1480,1523
GGAGGAGTGTGTTTAT-1,0,2,6,1383,1578
TTAGGTGTGACTGGTC-1,0,3,7,1479,1634
CAGGGCTAACGAAACC-1,0,2,8,1382,1689
CCCGTGGGTTAATTGA-1,0,3,9,1478,1745
GACCGACCGCTAATAT-1,0,2,10,1382,1800
GGTATCAAGCATAGAA-1,0,3,11,1478,1856
TGCATGAGTAGATTCG-1,0,2,12,1381,1911
AATTCCAACTTGGTGA-1,0,3,13,1477,1967
TGCCGATGTCATCAAT-1,0,2,14,1381,2021
GCTGGGTCCGCTGTTA-1,0,3,15,1477,2077
TGAACACCCGAAGCAG-1,0,2,16,1380,2132
AACATTGGTCAGCCGT-1,0,3,17,1476,2188
GTGGGTCTTCTTTGCG-1,0,2,18,1380,2243
CATCGAATGGATCTCT-1,0,3,19,1476,2299
GCTACACTGTCCGAAC-1,0,2,20,1379,2354
CGGGTTGTAGCTTTGG-1,0,3,21,1475,2410
CCTAAGTGTCTAACCG-1,0,2,22,1378,2465
TCTGTGACTGACCGTT-1,0,3,23,1475,2521
TTATCATACTCGCAAA-1,0,2,24,1378,2576
AGCGTAGCGCTAGACC-1,0,3,25,1474,2632
TCCCTCCGAAATCGTT-1,0,2,26,1377,2687
AGGTCGCCACTTCGGT-1,0,3,27,1473,2742
CTAGCAACTAATTTAC-1,0,2,28,1377,2797
TTGCTAGCTACCAATC-1,0,3,29,1473,2853
GCCGGTTTGGGCGGAT-1,0,2,30,1376,2908
TGTAACTTGTCAACCT-1,0,3,31,1472,2964
CGAGATGTTGCCTATA-1,0,2,32,1376,3019
GTTACGAAATCCACGC-1,0,3,33,1472,3075
CTTGTCGTACGTGTCA-1,0,2,34,1375,3130
GCGTCCAGCTCGTGGC-1,0,3,35,1471,3186
CCCTTCTCGTACGCGA-1,0,2,36,1374,3241
CCAAAGTCCCGCTAAC-1,0,3,37,1471,3297
CCGCTTCGCGGTTAAC-1,0,2,38,1374,3352
GTTACGGCCCGACTGC-1,0,3,39,1470,3408
CCCGCTTGCCCTCGTC-1,0,2,40,1373,3462
TAGTGAGAAGTGGTTG-1,0,3,41,1470,3518
CGCTACCGCCCTATGA-1,0,2,42,1373,3573
AAACAATCTACTAGCA-1,0,3,43,1469,3629
GCGCGATGGGTCAAGT-1,0,2,44,1372,3684
ATAAACCATTGGACGG-1,0,3,45,1468,3740
TCGGGCACTTCTGGAT-1,0,2,46,1372,3795
TCTGTGGCTACATTTC-1,0,3,47,1468,3851
CTCTGTGCCTGCTATG-1,0,2,48,1371,3906
CACGACTAAAGTTCTG-1,0,3,49,1467,3962
GAGGAGTAATTCCTAC-1,0,2,50,1371,4017
AGAGGTATCTCGGTCC-1,0,3,51,1467,4073
GGCGTACCCTATATAA-1,0,2,52,1370,4128
GCCGGAAACACATCTT-1,0,3,53,1466,4183
AAATGTGGGTGCTCCT-1,0,2,54,1369,4238
ACCAGGAGTGTGATCT-1,0,3,55,1466,4294
TGTGGAGGAAGCTTAA-1,0,2,56,1369,4349
AAGGAGAACTTATAAG-1,0,3,57,1465,4405
CCCTCGGGAGCCTTGT-1,0,2,58,1368,4460
ACTGTTTAGTGTAGGC-1,0,3,59,1465,4516
CGTCAGTTTATCGTCT-1,0,2,60,1368,4571
GCGTGTATGTCGTATT-1,0,3,61,1464,4627
ACAATCGATCTTTATA-1,0,2,62,1367,4682
CAGCCCTCACAGGCAG-1,0,3,63,1463,4738
CGCGTCATATTAAACC-1,0,2,64,1367,4793
GAAGACTTCAATGCCG-1,0,3,65,1463,4849
TTGCGGCGACTCATGC-1,0,2,66,1366,4904
ACCAAACTAGAAATCC-1,0,3,67,1462,4959
TTACTGTTTCTCTACG-1,0,2,68,1366,5014
GACCAGGTCATTCATA-1,0,3,69,1462,5070
TTCTTCCCTTTGATAT-1,0,2,70,1365,5125
ACGCCCAGCTGTCGAT-1,0,3,71,1461,5181
AGTAGCGTGAACGAAC-1,0,2,72,1364,5236
CCTCGACCCACTGCCT-1,0,3,73,1461,5292
AGTTATTGAAAGGTAA-1,0,2,74,1364,5347
TCAGTTACGGAATGAT-1,0,3,75,1460,5403
GAATCTATACTCGGAC-1,0,2,76,1363,5458
TCGGCTAACTTCCCTT-1,0,3,77,1459,5514
ACGTGGTCGAATGTGC-1,0,2,78,1363,5569
ATATCGTGCCAGACCC-1,0,3,79,1459,5625
GTAGCTAGTAAGCGCG-1,0,2,80,1362,5679
ACGCTTAGTGTCTCTC-1,0,3,81,1458,5735
TCCGGCCTGCATCGAT-1,0,2,82,1362,5790
TAGTGGAACTCATACA-1,0,3,83,1458,5846
ATCATCTGCCCAGTGT-1,0,2,84,1361,5901
GTTATTAAATACGACC-1,0,3,85,1457,5957
GCGCTAAGTATGCATG-1,0,2,86,1361,6012
CCTGACGCAACCTTTA-1,0,3,87,1457,6068
CCCAAGAATGCACGGT-1,0,2,88,1360,6123
AACTGGGTTCGAGCCG-1,0,3,89,1456,6179
GGTTCCACCCGCTTCT-1,0,2,90,1359,6234
CATGCACGTGTTACTG-1,0,3,91,1456,6290
AGCGTTCCGATTTAAA-1,0,2,92,1359,6345
CCTACGCGACCTTACA-1,0,3,93,1455,6400
CGAATTACATGGTGTT-1,0,2,94,1358,6455
GAGGTCTTAGTGGGTC-1,0,3,95,1454,6511
GCCGCTAGATACGCAG-1,0,2,96,1358,6566
GTCACCTGTCTATGTC-1,0,3,97,1454,6622
CCGATTGGTCAATGAA-1,0,2,98,1357,6677
CCTGTGCGGATTGTAA-1,0,3,99,1453,6733
TTACGTAGCGCGTGCT-1,0,2,100,1357,6788
GGAGGCGAAGAACCGC-1,0,3,101,1453,6844
GGGTCACGTGCTTATG-1,0,2,102,1356,6899
GCTCCGGACGTTGATA-1,0,3,103,1452,6955
ATGTTTGTAAGATCAT-1,0,2,104,1355,7010
TGACCCAGCATTCCCG-1,0,3,105,1452,7066
TGGTCGTTTGATAGAT-1,0,2,106,1355,7120
TGTAATGCCTTCGGAC-1,0,3,107,1451,7176
TGCTCACACAACAACC-1,0,2,108,1354,7231
TACGATCCAAGCCACT-1,0,3,109,1451,7287
TTGTAACTTCATAGCG-1,0,2,110,1354,7342
AGATTCAAGCGGGTCG-1,0,3,111,1450,7398
CTCAGCAGACTGCCGA-1,0,2,112,1353,7453
GTAACATCAGCTCATC-1,0,3,113,1449,7509
ATGGAACAGAATAAAC-1,0,2,114,1353,7564
GGGCCTATACAACCGG-1,0,3,115,1449,7620
TCAAACAATTAGGACA-1,0,2,116,1352,7675
AAACCACTACACAGAT-1,0,3,117,1448,7731
AAACGACAGTCTTGCC-1,0,2,118,1352,7786
TTGAGGGTCGAACGCG-1,0,3,119,1448,7841
TGTTGATCACTGTTTA-1,0,2,120,1351,7896
AGGGTGTGCTACACGC-1,0,3,121,1447,7952
GTAGTTAGACAATATA-1,0,2,122,1350,8007
AATGGCCGCCAATGCG-1,0,3,123,1447,8063
TCGGCGGTATTAGATT-1,0,2,124,1350,8118
GGGTCACTGAGTAGTG-1,0,3,125,1446,8174
GAATTATGCAACCTAC-1,0,2,126,1349,8229
GATCTTAGTGAACGTG-1,0,3,127,1445,8285
CTAATGCGCCCAACAA-1,0,4,0,1577,1246
GCCACCCATTCCACTT-1,0,5,1,1674,1302
TACTCACAACGTAGTA-1,0,4,2,1577,1357
GTTCGGTGTGGATTTA-1,0,5,3,1673,1413
TCTTTCGGCGGGACAC-1,0,4,4,1576,1468
GGAGACATTCACGGGC-1,0,5,5,1672,1524
GGGATTATCTCACAAC-1,0,4,6,1576,1579
TAGAACGCCAGTAACG-1,0,5,7,1672,1635
ACGAGTCGCCGGCGTT-1,0,4,8,1575,1690
TGATGGGACTAAGTCA-1,0,5,9,1671,1746
TGCGAGAAACGTTACG-1,0,4,10,1575,1801
TCGCCTCGACCTGTTG-1,0,5,11,1671,1857
AACTCGATAAACACGT-1,0,4,12,1574,1912
AGGAAAGCCTCTGATG-1,0,5,13,1670,1967
GAAGGACTAAATTGAA-1,0,4,14,1574,2022
GTATCGGGACGAGCTG-1,0,5,15,1670,2078
CCTGTGCATAGGAGAC-1,0,4,16,1573,2133
CATACGGGTGCATGAT-1,0,5,17,1669,2189
CCACTAAACTGAATCG-1,0,4,18,1572,2244
AAATTGCGGCGGTTCT-1,0,5,19,1669,2300
AGTCCAGCGGGTACGT-1,0,4,20,1572,2355
CATTCAGGTCAGTGCG-1,0,5,21,1668,2411
CTAAAGTCCGAAGCTA-1,0,4,22,1571,2466
AATCAGACTGCAGGAC-1,0,5,23,1667,2522
AGTATCCATAATAACG-1,0,4,24,1571,2577
CTGGCTGCTAACGTAA-1,0,5,25,1667,2633
GTTCCAAGACAGCGAC-1,0,4,26,1570,2688
AAGACTAACCCGTTGT-1,0,5,27,1666,2743
GATTAATCCTGGCTCA-1,0,4,28,1570,2798
CGCGCAAGGAACTACA-1,0,5,29,1666,2854
CAGTAGCGAGGTAGTA-1,0,4,30,1569,2909
ACGGCGGGTTGCCCTG-1,0,5,31,1665,2965
CTAGGCGGCAGAGAAT-1,0,4,32,1568,3020
GTGCGCAGCTTGCTCC-1,0,5,33,1665,3076
TCACTATCGTGCAATC-1,0,4,34,1568,3131
TATGATTCTGCTTGGT-1,0,5,35,1664,3187
TAAGATTTAGCGGGAG-1,0,4,36,1567,3242
TTACGGTGTCACCGAG-1,0,5,37,1664,3298
CTACACTAGCTTGTTC-1,0,4,38,1567,3353
TGAGCAGTCGTGAAGT-1,0,5,39,1663,3409
CGCTGAGGACGTCCAA-1,0,4,40,1566,3463
GTGTATGACTTTAAAG-1,0,5,41,1662,3519
CTAAACGGGTGTAATC-1,0,4,42,1566,3574
TGTACTGTGCCAAAGT-1,0,5,43,1662,3630
GGCCACAAGCGATGGC-1,0,4,44,1565,3685
GTCAATTGTACTGAAG-1,0,5,45,1661,3741
AGGGACAGCACGGCGG-1,0,4,46,1565,3796
AGCTTATAGAGACCTG-1,0,5,47,1661,3852
AACTAGCGTATCGCAC-1,0,4,48,1564,3907
AACTTTAGCTGCTGAG-1,0,5,49,1660,3963
CCCAAGACAGAGTATG-1,0,4,50,1563,4018
GGCATCAACGAGCACG-1,0,5,51,1660,4074
ATGCATTCCGTGATGG-1,0,4,52,1563,4129
TTATAGATGCACATTA-1,0,5,53,1659,4184
GAACCATCTGGGAGAC-1,0,4,54,1562,4239
TGCTATACAAACGGAC-1,0,5,55,1658,4295
ACTTGCCATATTGTAC-1,0,4,56,1562,4350
TATTCCGGCAGTCCTA-1,0,5,57,1658,4406
GACGGACCGCGTTCCT-1,0,4,58,1561,4461
ATGTGTAGTTTAGTCA-1,0,5,59,1657,4517
ATACCAGCAAATTGCT-1,0,4,60,1561,4572
AAGTTTACTAATGGCA-1,0,5,61,1657,4628
CTCTCGATGTGCGCCT-1,0,4,62,1560,4683
GATTGACACTCTGCTC-1,0,5,63,1656,4739
TATCACAGCACGGGCA-1,0,4,64,1560,4794
ACCGTTCCCGCTCTGA-1,0,5,65,1656,4850
CCGCCACCACAATCCA-1,0,4,66,1559,4904
CATTCACTGACAGCTA-1,0,5,67,1655,4960
CGGCTGCAAGATTAAG-1,0,4,68,1558,5015
CATGAACCTCTTATCA-1,0,5,69,1655,5071
TTAATGCGAGGTAACT-1,0,4,70,1558,5126
AATAAGTCCTCGAGAC-1,0,5,71,1654,5182
ACCAGCCCGGTCTTTG-1,0,4,72,1557,5237
CTACGAACTAGGTCGA-1,0,5,73,1653,5293
ACATCTCAACGCGTAA-1,0,4,74,1557,5348
CACTACTCAGTTCTGT-1,0,5,75,1653,5404
CCGACTCGCATAGTCT-1,0,4,76,1556,5459
CATTTATCGTTCAAGA-1,0,5,77,1652,5515
CAAACGTGGTCTTGCG-1,0,4,78,1556,5570
TAGAAACCACTAAGTA-1,0,5,79,1652,5625
ACTGATTTAGTGATTC-1,0,4,80,1555,5680
TCGTATTTCGTCCGGA-1,0,5,81,1651,5736
CGGAAATTTCACATCC-1,0,4,82,1555,5791
ATCCACGCTAAATGTT-1,0,5,83,1651,5847
GTTCAATCTATGTCAA-1,0,4,84,1554,5902
ATAAAGGTCAAGTACG-1,0,5,85,1650,5958
CAACTCCAACGTTTAG-1,0,4,86,1553,6013
TAGGAACAGCCTCCAG-1,0,5,87,1650,6069
ATGGGAACGGAAGCGG-1,0,4,88,1553,6124
CACACGTTTCAATGGG-1,0,5,89,1649,6180
GGTGTTCTGTTTCTAC-1,0,4,90,1552,6235
AGTAACGTTCATCCTG-1,0,5,91,1648,6291
GTATAGTGGCCCATGT-1,0,4,92,1552,6346
TCTACACGTTCATGCA-1,0,5,93,1648,6401
AATCTGGGTAGACCCT-1,0,4,94,1551,6456
TCGGTTAGCCATGTAG-1,0,5,95,1647,6512
TGCCATGGCTTATAAG-1,0,4,96,1551,6567
TAAGTAAATGTGCCGC-1,0,5,97,1647,6623
GTGTCCGATAAGGCAT-1,0,4,98,1550,6678
TGGCACGAGCTCGAGT-1,0,5,99,1646,6734
ACCGGTCTGAGTACGG-1,0,4,100,1549,6789
GAACTTAGCGCCCGGT-1,0,5,101,1646,6845
AGTAGCTAGACGCCGA-1,0,4,102,1549,6900
ATAGGAATCTAAGCTT-1,0,5,103,1645,6956
CTTCCTGCATATTTAC-1,0,4,104,1548,7011
CAATATGTAGATTTAC-1,0,5,105,1645,7067
ACAAGGCCTACCAGCC-1,0,4,106,1548,7121
TTATAGTCCAAGGTGC-1,0,5,107,1644,7177
AAACGCCCGAGATCGG-1,0,4,108,1547,7232
CCTCGTTACGCCTGTT-1,0,5,109,1643,7288
GAACGGTGTAAAGCAG-1,0,4,110,1547,7343
ACGCATAAATGACATG-1,0,5,111,1643,7399
GGTTCGATGCTGAGTT-1,0,4,112,1546,7454
CTTTGGCAGACAGAGT-1,0,5,113,1642,7510
TTCGTGGGCTGGAAGC-1,0,4,114,1546,7565
CAAAGGTTAAATTCAG-1,0,5,115,1642,7621
GTTTGGCGTCAGGCAC-1,0,4,116,1545,7676
GCTTTCTATCTCAACT-1,0,5,117,1641,7732
TGCATCTCCGGATCTT-1,0,4,118,1544,7787
CTGAAACGGCCCTCAG-1,0,5,119,1641,7842
TAGCAGTAAATACGCG-1,0,4,120,1544,7897
CGGGCTACTTAAATTG-1,0,5,121,1640,7953
ATTATGCTCAGTATTG-1,0,4,122,1543,8008
TGATGCTCACGTAGTC-1,0,5,123,1639,8064
GTCTAAGATGCCCAGC-1,0,4,124,1543,8119
AACCCGATAGGGCTTC-1,0,5,125,1639,8175
CGCTATCGTGGCTTTA-1,0,4,126,1542,8230
CGTCTCTCGCCGAGGC-1,0,5,127,1638,8286
AGTGGGAGTATACACG-1,0,6,0,1770,1247
GGTCTTGGTGTTAACT-1,0,7,1,1866,1303
GGCTGGCAGCTTTATG-1,0,6,2,1770,1358
CGCCAATTATTGCGTT-1,0,7,3,1866,1414
GGTAACCGGCAAAGGT-1,0,6,4,1769,1469
TGGGACCATTGGGAGT-1,0,7,5,1865,1525
CTGCAGGTGCTCGGCC-1,0,6,6,1769,1580
CCGGTGCGAGTGATAG-1,0,7,7,1865,1636
GGGTACACTCTGGAGG-1,0,6,8,1768,1691
TAGCCAGAGGGTCCGG-1,0,7,9,1864,1747
CTTGTGAGGACAGCGG-1,0,6,10,1768,1802
GAAGGGCATAACCATG-1,0,7,11,1864,1858
CAACATGGCCTGATAA-1,0,6,12,1767,1913
CAATTTGACCGGGAAG-1,0,7,13,1863,1968
TCTGACTGTAATGGTT-1,0,6,14,1766,2023
TTCATAGCCTTGTAAC-1,0,7,15,1863,2079
TGGAAACGGAGTGAAC-1,0,6,16,1766,2134
ATCGCACGATTGTTCA-1,0,7,17,1862,2190
CGCCACCCGCATTAAC-1,0,6,18,1765,2245
TGGACCACGGCGTTGA-1,0,7,19,1861,2301
GTATATGTTACGGCGG-1,0,6,20,1765,2356
GTATTCTTACCGTGCT-1,0,7,21,1861,2412
TTCAGAGTAACCTGAC-1,0,6,22,1764,2467
GCGGTAACCCAAATGA-1,0,7,23,1860,2523
CTACGTGTTGCCACCA-1,0,6,24,1764,2578
CTAGATAAACTCCTCG-1,0,7,25,1860,2634
TCCATTAGTTGGATAG-1,0,6,26,1763,2688
CTGGCTCCTGCGGGAT-1,0,7,27,1859,2744
CAGTCTCTCGGCTAAT-1,0,6,28,1762,2799
GTATGACGTGGGAAAC-1,0,7,29,1859,2855
AGTCACTCCGCCTCAT-1,0,6,30,1762,2910
GCAGCGGTGGGCATTA-1,0,7,31,1858,2966
TATGGAGTTTCTCGTT-1,0,6,32,1761,3021
ACTCAACGAATGTATT-1,0,7,33,1858,3077
AACACGCGGCCGCGAA-1,0,6,34,1761,3132
CGATATTAGCCGCAGG-1,0,7,35,1857,3188
AGCGTCTGAACCCGCA-1,0,6,36,1760,3243
GATGTCCGGATCACAT-1,0,7,37,1856,3299
GGTCACGTTAGATTCA-1,0,6,38,1760,3354
TTAAGGATACGGAGGT-1,0,7,39,1856,3409
GTGCGGGACCATCGGC-1,0,6,40,1759,3464
CCATCTTGTTCACAAT-1,0,7,41,1855,3520
TCCGAGAAGGCTAAGC-1,0,6,42,1759,3575
TGGCGGTGTGCGATTG-1,0,7,43,1855,3631
ATCCTGCTGCAGATAG-1,0,6,44,1758,3686
TTATGCGTCCCGGTCC-1,0,7,45,1854,3742
CATAATGAGCGGGCGA-1,0,6,46,1757,3797
AGACATAGATCCTTCC-1,0,7,47,1854,3853
GGTGAAACCGGGAATG-1,0,6,48,1757,3908
AACTGGTGTGGGCCTT-1,0,7,49,1853,3964
GTAGCGCTGTTGTAGT-1,0,6,50,1756,4019
TTGTTTGTGTAAATTC-1,0,7,51,1852,4075
GGATCAAAGGACGAGG-1,0,6,52,1756,4130
CGTAGCGCCGACGTTG-1,0,7,53,1852,4185
CAAGTGAACTTTGGTT-1,0,6,54,1755,4240
GTAGACAACCGATGAA-1,0,7,55,1851,4296
CAATGGTCGGCCTGGG-1,0,6,56,1755,4351
ACAGATTAGGTTAGTG-1,0,7,57,1851,4407
GTTATCACCTTCTGAA-1,0,6,58,1754,4462
TGGTATCGGTCTGTAT-1,0,7,59,1850,4518
GGAATAACCTCAAGAA-1,0,6,60,1754,4573
ATTATCTCGACAGATC-1,0,7,61,1850,4629
CCGAGGGATGTTAGGC-1,0,6,62,1753,4684
TGAGATCAAATACTCA-1,0,7,63,1849,4740
AAACGAAGAACATACC-1,0,6,64,1752,4795
CTGGTCCTAACTTGGC-1,0,7,65,1849,4851
TGCACGAGTCGGCAGC-1,0,6,66,1752,4905
ATAGTCTTTGACGTGC-1,0,7,67,1848,4961
TGGAGCTAAAGTTCCC-1,0,6,68,1751,5016
GGGTGGTCCAGCCTGT-1,0,7,69,1847,5072
CATGCATGGAGACCCT-1,0,6,70,1751,5127
ACACGGCACTATGCAT-1,0,7,71,1847,5183
CCCTGGTATGGGCGGC-1,0,6,72,1750,5238
GGAGGATTGAAAGGAG-1,0,7,73,1846,5294
CCGCTGGTGCCATTCA-1,0,6,74,1750,5349
GTTAGAGTGTGCCGCT-1,0,7,75,1846,5405
TCGGAATGACCATCAA-1,0,6,76,1749,5460
TTCAATTAGCCATAAT-1,0,7,77,1845,5516
GATGTGTTGTCACAAG-1,0,6,78,1749,5571
TCTTTCTCTTAAGGAG-1,0,7,79,1845,5626
ACCCTTTAGTTCTCCA-1,0,6,80,1748,5681
ACCACAACTCAGAACA-1,0,7,81,1844,5737
TATGATAAATCTAACG-1,0,6,82,1747,5792
GATCCTCTTGCGCTTA-1,0,7,83,1844,5848
TTCTACCTTTATGTTG-1,0,6,84,1747,5903
GAAATACCTGCTGGCT-1,0,7,85,1843,5959
ATTCTGAGTATGAACT-1,0,6,86,1746,6014
GGATTAAGCTAAGGTC-1,0,7,87,1842,6070
AGTACGTGGCCTGTCT-1,0,6,88,1746,6125
TCAGGGTGCACGAAAC-1,0,7,89,1842,6181
AAATTTACCGAAATCC-1,0,6,90,1745,6236
TTGAGGCATTTAACTC-1,0,7,91,1841,6292
AACCAGTATCACTCTT-1,0,6,92,1745,6346
CACCGGAGATATCTCC-1,0,7,93,1841,6402
GACTGGGCGCCGCAAC-1,0,6,94,1744,6457
CACGTCTATGATGTGG-1,0,7,95,1840,6513
TTAAGACGAACGAACC-1,0,6,96,1743,6568
TGACCAGCTTCAAAGT-1,0,7,97,1840,6624
AGAGTTAGAGACCGAT-1,0,6,98,1743,6679
TTCGGACTGATGCCTT-1,0,7,99,1839,6735
CTCGAATGGAACGTAT-1,0,6,100,1742,6790
GGACGGCTTGCGCAAC-1,0,7,101,1839,6846
CTAAGTACAGGGCTAC-1,0,6,102,1742,6901
ACAAATTCAGATCTGA-1,0,7,103,1838,6957
CATGGAAATGGGACCA-1,0,6,104,1741,7012
GGTGGACCACGTGTTA-1,0,7,105,1837,7067
CACGACGTAATAGTAA-1,0,6,106,1741,7122
CGGGTTCGGCACGTAT-1,0,7,107,1837,7178
CTGGGCTATCCTTTGG-1,0,6,108,1740,7233
GTATTAGGGTTCGCGT-1,0,7,109,1836,7289
TCATTCGTATAATTTG-1,0,6,110,1740,7344
AATAGCAAGCCTCCTG-1,0,7,111,1836,7400
CATCTACCCGAGAACG-1,0,6,112,1739,7455
GCTTCAGTGGGATTAC-1,0,7,113,1835,7511
TCTGTGATGGAGGTTG-1,0,6,114,1738,7566
ATCCACTTTCAGACTA-1,0,7,115,1835,7622
ATGGTTACGAAACATG-1,0,6,116,1738,7677
GGCCCAATCTAGAGGG-1,0,7,117,1834,7733
GATGGTGAAATAACCC-1,0,6,118,1737,7788
AGAGGGACAATTGTCC-1,0,7,119,1833,7843
CGCGTACATTCTGGAA-1,0,6,120,1737,7898
CAAGAAACCCTAAACT-1,0,7,121,1833,7954
TTGGTGCGGTGTTGAA-1,0,6,122,1736,8009
GGTTCCCTAGTGTCTC-1,0,7,123,1832,8065
CGATAACCAATTTGAG-1,0,6,124,1736,8120
GCCCACTGGTCCACAA-1,0,7,125,1832,8176
GAGGGCCGGCAGAGTC-1,0,6,126,1735,8231
CGACACGGATGCCCAC-1,0,7,127,1831,8287
CTGTCTGTGGCTGGCT-1,0,8,0,1963,1248
ATATTATCCCGTATTT-1,0,9,1,2059,1304
GCGCTGGCGGAAAGTC-1,0,8,2,1963,1359
ATCTAACGTCCCTATG-1,0,9,3,2059,1415
GTCAGACAGCGTTGGA-1,0,8,4,1962,1470
GCCAGGCTTAGTGGTA-1,0,9,5,2058,1526
ATTCAAAGTACCTGTT-1,0,8,6,1962,1581
TGGACGTAGGCGAATC-1,0,9,7,2058,1637
ACACATTGACGCAACA-1,0,8,8,1961,1692
GATATCAGTATGTATC-1,0,9,9,2057,1748
TGGGCCTTGCCTGCAT-1,0,8,10,1960,1803
CAAAGTCAGGTTAGCT-1,0,9,11,2057,1859
GGATCCCTACCAGCTA-1,0,8,12,1960,1914
ATCGTCCAATCGAGTC-1,0,9,13,2056,1969
ACATGGCTCAATTTAG-1,0,8,14,1959,2024
AGGCCCAGTGACTGGT-1,0,9,15,2055,2080
GCTTCCAGCTTAGATT-1,0,8,16,1959,2135
TGCTTGAAACCATGCA-1,0,9,17,2055,2191
CAATATTGGACTAGTG-1,0,8,18,1958,2246
CGTGCTGGCCTAGTCG-1,0,9,19,2054,2302
CCTGCGATAGAACTGT-1,0,8,20,1958,2357
GGGTAATGCTGTGTTT-1,0,9,21,2054,2413
AACGCGAACGGCAACA-1,0,8,22,1957,2468
TGTCGGCATGGTGGAA-1,0,9,23,2053,2524
AGCGTACGAGAGCTAG-1,0,8,24,1956,2579
ATACTCTCGCCACTCT-1,0,9,25,2053,2635
AATCCATGCAAGGGTG-1,0,8,26,1956,2689
TTAAACAGAGTCCCGC-1,0,9,27,2052,2745
CCACAGCTGAAATCAT-1,0,8,28,1955,2800
CGGTTCCGGCTTCTTG-1,0,9,29,2052,2856
GACGTGAGACTCCATG-1,0,8,30,1955,2911
TCGTTGGCTCGTCAAT-1,0,9,31,2051,2967
GGTGAACGGGCTAGCC-1,0,8,32,1954,3022
GCACTGTGCAAATGTA-1,0,9,33,2050,3078
ACGAGAACCCATCACG-1,0,8,34,1954,3133
CCAGCTACGCCTCATA-1,0,9,35,2050,3189
TCCCGGTCAGGAATTT-1,0,8,36,1953,3244
TCGCATTCAATGACTT-1,0,9,37,2049,3300
CTGGTTCAACGCATCA-1,0,8,38,1953,3355
GGTGATTTCATCTTGT-1,0,9,39,2049,3410
CACCCTTTCCTCGCTC-1,0,8,40,1952,3465
CAACTTGTAGTGGGCA-1,0,9,41,2048,3521
AATATCAAGGTCGGAT-1,0,8,42,1951,3576
ACTCAGACCTGCTTCT-1,0,9,43,2048,3632
TTGGAGTCTCCCTTCT-1,0,8,44,1951,3687
GGATACTCATGAATTG-1,0,9,45,2047,3743
TGGGCACAAACAGAAC-1,0,8,46,1950,3798
GAGCCACGGTAGTAGG-1,0,9,47,2046,3854
TCGATAGGCTAGTCGC-1,0,8,48,1950,3909
TAACCGCCCGCAGTGC-1,0,9,49,2046,3965
GCCTATTTGCTACACA-1,0,8,50,1949,4020
TTGACGATTCAGCACG-1,0,9,51,2045,4076
TTAAACCGGTAGCGAC-1,0,8,52,1949,4130
ACCGAAAGGGCCCTGC-1,0,9,53,2045,4186
ACGTTCCGCGCTCCGT-1,0,8,54,1948,4241
ATACCAGGCTAATAGA-1,0,9,55,2044,4297
CGGCTTTGTATGATAA-1,0,8,56,1948,4352
CTTGACCCGAAAGATA-1,0,9,57,2044,4408
CGCAGAAACATTTGCG-1,0,8,58,1947,4463
GACCCGTCGCCGGCTA-1,0,9,59,2043,4519
AATCGGGACACTACGA-1,0,8,60,1946,4574
GTCACAAAGTTTCCAA-1,0,9,61,2043,4630
TATATTCGCGTCGATA-1,0,8,62,1946,4685
CCTCCCGACAATCCCT-1,0,9,63,2042,4741
CGACATGCGATCTTCT-1,0,8,64,1945,4796
AACACGACTGTACTGA-1,0,9,65,2041,4852
CCCAACCACACTAACA-1,0,8,66,1945,4906
CACCGCCGACCAGCGA-1,0,9,67,2041,4962
TGGTATCGCATCCCAA-1,0,8,68,1944,5017
CAGAGTGATTTAACGT-1,0,9,69,2040,5073
AACCCTGGTGGAACCA-1,0,8,70,1944,5128
GTCAGTTGTGCTCGTT-1,0,9,71,2040,5184
ATTGACGTAACTCGGT-1,0,8,72,1943,5239
GATGTCGGTCAACTGC-1,0,9,73,2039,5295
AGGGCAGCGGCGTGGT-1,0,8,74,1943,5350
ACATCGTTAACCTAGT-1,0,9,75,2039,5406
TCCATTGTGACCTCGT-1,0,8,76,1942,5461
TGTTTAATACTTCATC-1,0,9,77,2038,5517
TTGCTGGCCGGGCTTC-1,0,8,78,1941,5572
CATATTATTTGCCCTA-1,0,9,79,2038,5627
CTGCCTAGCCACCAAG-1,0,8,80,1941,5682
ACGAGATATTTGCTTA-1,0,9,81,2037,5738
GACTACAATTGCTCGT-1,0,8,82,1940,5793
AACGTGATGAAGGACA-1,0,9,83,2036,5849
ACTCTCTTATACACGA-1,0,8,84,1940,5904
CGCATCATGGCTTCAG-1,0,9,85,2036,5960
CGGCTCTTCGTCGAAC-1,0,8,86,1939,6015
ATTCTTCGTACTTATG-1,0,9,87,2035,6071
AGTGAGGGTTTCTGAC-1,0,8,88,1939,6126
GCCAGGCGTTCGCATG-1,0,9,89,2035,6182
GACTAACACAGCACCT-1,0,8,90,1938,6237
CAATGGAATCTACATA-1,0,9,91,2034,6293
GTGGTCAGCGAAGTAT-1,0,8,92,1937,6347
ATGGCTGGAAATGGCC-1,0,9,93,2034,6403
ATCAGGTCGCCATTGC-1,0,8,94,1937,6458
TATCACCATGTAAAGT-1,0,9,95,2033,6514
AGCGCTTATGGGCAAG-1,0,8,96,1936,6569
AAGCGGCGTCATGGGT-1,0,9,97,2033,6625
ACTAATACGTCAGGCG-1,0,8,98,1936,6680
GGCTGAGCATCGTAAG-1,0,9,99,2032,6736
CGGTTGGGTTCAAGTT-1,0,8,100,1935,6791
GACTGATTGGTCACAA-1,0,9,101,2031,6847
AGACGGGCCGATTTAA-1,0,8,102,1935,6902
ACCAGTGCCCGGTCAA-1,0,9,103,2031,6958
GTCCTTTAATGACTTC-1,0,8,104,1934,7013
CCTACAAGTCCGGAAT-1,0,9,105,2030,7068
GCCTGCTACACTGAGA-1,0,8,106,1934,7123
GACTCGGTCGGCGGAT-1,0,9,107,2030,7179
CTAGACATATATGTAG-1,0,8,108,1933,7234
TCGCCCAACTGACTCC-1,0,9,109,2029,7290
AAACTAACGTGGCGAC-1,0,8,110,1932,7345
AACTGAGGTCAGCGTC-1,0,9,111,2029,7401
ACAATGATTCTTCTAC-1,0,8,112,1932,7456
ATAAGTACCCGATTGT-1,0,9,113,2028,7512
ATTGGGAGTTCTGTAA-1,0,8,114,1931,7567
CGAACATAGTCAGAAA-1,0,9,115,2027,7623
TAGCTCAGATCCTAGT-1,0,8,116,1931,7678
GTGTCGTATTCACCTT-1,0,9,117,2027,7734
CTCACCGATCCAAACT-1,0,8,118,1930,7789
ATATGTGCACAAACCA-1,0,9,119,2026,7844
CAGTCCAACGCCTTCT-1,0,8,120,1930,7899
TCGTCCGGGTACACTC-1,0,9,121,2026,7955
GCAGAAACGTAATCCA-1,0,8,122,1929,8010
TTCGAGCCGGCGCTAC-1,0,9,123,2025,8066
GGAAGATAAGACTGTA-1,0,8,124,1929,8121
ATAAGCAAACACCGAG-1,0,9,125,2025,8177
GCATAAATTGAACGCC-1,0,8,126,1928,8232
CGCCGGTGTCGCAGTA-1,0,9,127,2024,8288
GACCTGGTCTGGGCGT-1,0,10,0,2156,1249
AGCCGCTTGATTAGCG-1,0,11,1,2252,1305
CCCGGCTAGGTGAGAA-1,0,10,2,2156,1360
CGAGCCGAGCACTCGA-1,0,11,3,2252,1416
TAGTGCTTGAATCCTT-1,0,10,4,2155,1471
CAACCGCACCTAGACA-1,0,11,5,2251,1527
ACCACTGTTCAAGAAG-1,0,10,6,2154,1582
AGATGCTATAACGAGC-1,0,11,7,2251,1638
AATTACTCGTACGCTC-1,0,10,8,2154,1693
CGTCAATCTTTAACAT-1,0,11,9,2250,1749
CCAAAGCAGTTGGTTG-1,0,10,10,2153,1804
CCATATTGGATCATGA-1,0,11,11,2249,1860
CGTACCGAAAGTCTAG-1,0,10,12,2153,1914
CTCGAGATCCAAAGCA-1,0,11,13,2249,1970
TGGATAGAGTAACAGA-1,0,10,14,2152,2025
TCACAGATCCTCAAAC-1,0,11,15,2248,2081
AGAGCTACGAAAGCAT-1,0,10,16,2152,2136
TGCGTGATTGGGTGTC-1,0,11,17,2248,2192
CACATGTTTGGACATG-1,0,10,18,2151,2247
TTCGCATCCGGAAGCA-1,0,11,19,2247,2303
CCCTAGTGTCAGGTGT-1,0,10,20,2150,2358
TTACCGCCTTAGGGAA-1,0,11,21,2247,2414
CCAGTCCATTATTCGA-1,0,10,22,2150,2469
CGTAAACGCTTGAGTG-1,0,11,23,2246,2525
ATTCCTTCCAGGCGGT-1,0,10,24,2149,2580
TTCCTTTCTGTGTTGC-1,0,11,25,2246,2636
AGTTGACATCGGCTGG-1,0,10,26,2149,2690
AACTCGATGGCGCAGT-1,0,11,27,2245,2746
GATAAGGCAGATGCAA-1,0,10,28,2148,2801
GGCTGGCTAGCTTAAA-1,0,11,29,2244,2857
CCTCATGCAGCTACGA-1,0,10,30,2148,2912
GACGCCTGTTGCAGGG-1,0,11,31,2244,2968
TAATTAGATGGATATG-1,0,10,32,2147,3023
GAGGGCATCGCGTATC-1,0,11,33,2243,3079
CTTGTGAGTCTTTGAC-1,0,10,34,2147,3134
TCAACACATTGGGTAA-1,0,11,35,2243,3190
ACTGTATACGCGAGCA-1,0,10,36,2146,3245
GTGAAACGTGCTCCAC-1,0,11,37,2242,3301
CGAGTGCTATAGTTCG-1,0,10,38,2145,3356
GTACTGCATGAAGCGT-1,0,11,39,2242,3411
GTAACTTGCGGCAGTC-1,0,10,40,2145,3466
GAATCGCCGGACACGG-1,0,11,41,2241,3522
GGGAGTAATGGCTGGC-1,0,10,42,2144,3577
CATGAACCGACATTTG-1,0,11,43,2240,3633
TCTGTCATACAAGAGC-1,0,10,44,2144,3688
GTCGTCAATTATAAGG-1,0,11,45,2240,3744
TAAAGAGCCCGAAACC-1,0,10,46,2143,3799
GTACTGAGGTCGTAAC-1,0,11,47,2239,3855
AAAGACCCAAGTCGCG-1,0,10,48,2143,3910
CGTCAGTGCGCACAAG-1,0,11,49,2239,3966
TGTATCCTTATTCCAT-1,0,10,50,2142,4021
ATTCTCGTCTCTTTAG-1,0,11,51,2238,4077
AAAGTCACTGATGTAA-1,0,10,52,2142,4131
TGTCTACAGTTTCTGT-1,0,11,53,2238,4187
TTAACGTCGCAAGACC-1,0,10,54,2141,4242
CTATGTCTATTGAAAC-1,0,11,55,2237,4298
TCGGGTGAAACTGCTA-1,0,10,56,2140,4353
TGTCCCGACATAGCAC-1,0,11,57,2237,4409
ACAGCATAGAGCCAGT-1,0,10,58,2140,4464
ATATTCCCACAGGTCA-1,0,11,59,2236,4520
TTGGATCGACTTCTGG-1,0,10,60,2139,4575
CACCATCGGAGGAGAC-1,0,11,61,2235,4631
TCGTTCGTTATTATGT-1,0,10,62,2139,4686
CTTAACTTCGAAGTAC-1,0,11,63,2235,4742
GCACAAGTGTCGGAAG-1,0,10,64,2138,4797
TACCAGCTAGGTTTAA-1,0,11,65,2234,4852
ACGTACAGATTTCTCT-1,0,10,66,2138,4907
AATTTGGTTCCAAAGA-1,0,11,67,2234,4963
GTAAGGATTTGTCGGA-1,0,10,68,2137,5018
CATCATCTACCCGGAC-1,0,11,69,2233,5074
ACGATGGATCCGATGC-1,0,10,70,2136,5129
CACTCAGCTCTTGAGG-1,0,11,71,2233,5185
TAGATCCGAAGTCGCA-1,0,10,72,2136,5240
TGAAACTTATGCAAGC-1,0,11,73,2232,5296
GCGATTCTGGAAGCAG-1,0,10,74,2135,5351
CAAACTATTGAGCTTC-1,0,11,75,2232,5407
TAGAATTAAGGGCAAC-1,0,10,76,2135,5462
CGAAACATAGATGGCA-1,0,11,77,2231,5518
GATGGTGCCCTAGGCA-1,0,10,78,2134,5573
CCCGCAGGGCCCAAAG-1,0,11,79,2230,5628
ACAGCGCACCCGCAGC-1,0,10,80,2134,5683
GGTAAATGTGCGTTAC-1,0,11,81,2230,5739
GTCCTTCTAGTGGGTT-1,0,10,82,2133,5794
GGAAGCTCGCTTACAG-1,0,11,83,2229,5850
CACCGATACACCGAGC-1,0,10,84,2133,5905
CAGCCGGGCCCTCTAT-1,0,11,85,2229,5961
CGGAGCTTATAACACC-1,0,10,86,2132,6016
ATTACAACTACCGGCC-1,0,11,87,2228,6072
TCCTCTGGCCCATTAG-1,0,10,88,2131,6127
CGGCACCGTTAGCGCC-1,0,11,89,2228,6183
TCGGTCCCTGACTCCA-1,0,10,90,2131,6238
TGGTTGGAGGATCCTG-1,0,11,91,2227,6294
CTGCGGTAGTCACGTG-1,0,10,92,2130,6348
GTGCCTCAGTGTACGG-1,0,11,93,2227,6404
ATCGTTCACTTTCGCC-1,0,10,94,2130,6459
ACTTACCGGGCGCGCA-1,0,11,95,2226,6515
CTAGACTGCATTTCGT-1,0,10,96,2129,6570
TTGCCGGTGATCCCTC-1,0,11,97,2225,6626
CTGTCACGCCAGGCGC-1,0,10,98,2129,6681
CGGTATAGGTATTAGC-1,0,11,99,2225,6737
CCAACGCTTGCCAGGG-1,0,10,100,2128,6792
CGTTGAGTAATTGCGT-1,0,11,101,2224,6848
TGTATTTACCTAATGC-1,0,10,102,2128,6903
TAAATGCCGTCTCATG-1,0,11,103,2224,6959
CGGTTTATGAAGGAAC-1,0,10,104,2127,7014
GCAAGATGTGTTCGCG-1,0,11,105,2223,7069
AAAGGTAAGCTGTACC-1,0,10,106,2126,7124
GTACGTCACGTATTAA-1,0,11,107,2223,7180
AGTACCTTCGAGTGCT-1,0,10,108,2126,7235
ATTGTGACTTCGCTGC-1,0,11,109,2222,7291
TGTATCAGACTGAAGC-1,0,10,110,2125,7346
GAGACCCTGCAACGCC-1,0,11,111,2221,7402
TGGGTGGGATGTCATT-1,0,10,112,2125,7457
GGCTAATGATTGAAAT-1,0,11,113,2221,7513
ATAACGTTACCTCCAC-1,0,10,114,2124,7568
TGCGAGATGGCGGCCA-1,0,11,115,2220,7624
CACACTTGTATTGCGA-1,0,10,116,2124,7679
GCTGGTGACTCGTAGT-1,0,11,117,2220,7735
CGACACCGCTTAAGGA-1,0,10,118,2123,7789
GTAACAACTGACCTTG-1,0,11,119,2219,7845
CAACTGAGGGTATGAC-1,0,10,120,2123,7900
CTAATTATGAAGCGTA-1,0,11,121,2219,7956
CCGATCTTAAGAGGCT-1,0,10,122,2122,8011
CGACTCGGTACACGGT-1,0,11,123,2218,8067
TGCTGCGTCAGAGTTA-1,0,10,124,2121,8122
AGAGTTGCAGGCCTCC-1,0,11,125,2218,8178
ACTGGCGAACCTGCGT-1,0,10,126,2121,8233
ACTAAGGACGCACACC-1,0,11,127,2217,8289
CGTCCAGATGGCTCCA-1,0,12,0,2349,1250
ACTATCGCCGGCTAAA-1,0,13,1,2445,1306
GATAGCGTACCACGCG-1,0,12,2,2348,1361
AGGACTTATAGGAGAA-1,0,13,3,2445,1417
TAGTCGGGATTCTTCG-1,0,12,4,2348,1472
ACCATTAAGGGTGTCA-1,0,13,5,2444,1528
TTAATGTGTTTGCAGG-1,0,12,6,2347,1583
TCCGCAGCCACCTAGC-1,0,13,7,2443,1639
GAGGAGATCCTCATGC-1,0,12,8,2347,1694
GGTCCTTCATACGACT-1,0,13,9,2443,1750
CCCTGTTGGCAAAGAC-1,0,12,10,2346,1805
GTGCCTAGCTATGCTT-1,0,13,11,2442,1861
GTCATCTCCTACAGCT-1,0,12,12,2346,1915
GCGAGAAACGGGAGTT-1,0,13,13,2442,1971
CGTCGCGGCGGGATTT-1,0,12,14,2345,2026
CATTGTGTGCTAGATC-1,0,13,15,2441,2082
CGCGGCAGTATTACGG-1,0,12,16,2344,2137
GAAATGGGATGTAAAC-1,0,13,17,2441,2193
CATTCCCTAAGTACAA-1,0,12,18,2344,2248
AGTTCTGCGTTGTATC-1,0,13,19,2440,2304
ACCCTATAGGACTGAG-1,0,12,20,2343,2359
TTAGATAGGTCGATAC-1,0,13,21,2440,2415
ATTGATAGCAACGAGA-1,0,12,22,2343,2470
TCTCGGCTCCAGGACT-1,0,13,23,2439,2526
CTTGAGGTTATCCCGA-1,0,12,24,2342,2581
AAGAAGGATCAGTTAG-1,0,13,25,2438,2636
GTACGACGGCGCTGCG-1,0,12,26,2342,2691
CTTATGTTGACTACCA-1,0,13,27,2438,2747
CGGCACTCAAGAAAGT-1,0,12,28,2341,2802
GTCAAAGTTTACATAG-1,0,13,29,2437,2858
CTCCTAAGTTATGTCT-1,0,12,30,2341,2913
ACTGTGCTAGTAGATC-1,0,13,31,2437,2969
GTTTGGCCGCTCAGCG-1,0,12,32,2340,3024
TTATCCAATCGAACTC-1,0,13,33,2436,3080
CCGTACCCAAGCGCCA-1,0,12,34,2339,3135
CATACAAAGCCGAACC-1,0,13,35,2436,3191
GGTCGGTAATTAGACA-1,0,12,36,2339,3246
AGCGGGAAGGGTCCAT-1,0,13,37,2435,3302
GCCCACCAAGGCTGTC-1,0,12,38,2338,3357
GTAGACGTCGTTACAT-1,0,13,39,2434,3412
GAGCATCATCCCTGGG-1,0,12,40,2338,3467
AGGTAACCTCCTATTC-1,0,13,41,2434,3523
GGTTTGAGTGCTGGAA-1,0,12,42,2337,3578
GCACTAGTCGCGCTAT-1,0,13,43,2433,3634
GGTAACTATGTATCTG-1,0,12,44,2337,3689
GCGGTCCCTAGACGCA-1,0,13,45,2433,3745
CGAGCGTTGATCAGCC-1,0,12,46,2336,3800
AATCCAAGGGCCTGAG-1,0,13,47,2432,3856
CCGTGCCCATGACGGC-1,0,12,48,2336,3911
GAAATTCACATCGCTG-1,0,13,49,2432,3967
CTCTGCGAAGCAAGCA-1,0,12,50,2335,4022
AGTAGGTAACATACAT-1,0,13,51,2431,4078
ATTGGGAATATCTTGG-1,0,12,52,2334,4132
TAGAGCTACGAAGAAC-1,0,13,53,2431,4188
TGCGGCATAGTTCAAC-1,0,12,54,2334,4243
CCGCCGGTCAACACAC-1,0,13,55,2430,4299
TCGTATAGTGCAATTA-1,0,12,56,2333,4354
TAGTTTATTCTTGCTT-1,0,13,57,2429,4410
GATATCTCATGCAATA-1,0,12,58,2333,4465
CGTTTAAGCGGAGCAC-1,0,13,59,2429,4521
CATGCTGGCTCCAATT-1,0,12,60,2332,4576
GAAACAGCCATGCAGT-1,0,13,61,2428,4632
AGTTTCGCAGGTCGGA-1,0,12,62,2332,4687
CTCATGGCTCACAATC-1,0,13,63,2428,4743
AACCGTTGTGTTTGCT-1,0,12,64,2331,4798
ACCCTTCATCTGCGAA-1,0,13,65,2427,4853
TGCGGTGAAATTTCAT-1,0,12,66,2330,4908
CAAATTGTCAGCAAGC-1,0,13,67,2427,4964
GAGGTACATCCATCTT-1,0,12,68,2330,5019
AAATGGCATGTCTTGT-1,0,13,69,2426,5075
TCATCCCAGAGGGTGG-1,0,12,70,2329,5130
CGTAGCGAATTGTCAG-1,0,13,71,2426,5186
CCTAGTTAGTCGCATG-1,0,12,72,2329,5241
GAAACTCTAATGAAGG-1,0,13,73,2425,5297
TTGTATCACACAGAAT-1,0,12,74,2328,5352
TTCAAGCCGAGCTGAG-1,0,13,75,2424,5408
AGGTACGATATTGCCA-1,0,12,76,2328,5463
TTAAGCCGACAACTTC-1,0,13,77,2424,5519
GTCTTAGTACAGCCGG-1,0,12,78,2327,5573
TGGGTAAGGTTCCCGC-1,0,13,79,2423,5629
CTACGCCATTTCCGAT-1,0,12,80,2327,5684
GACCGTCAGGTCGTGA-1,0,13,81,2423,5740
TAGTTAAGATAGGATA-1,0,12,82,2326,5795
GAATATTCGGAGTCCC-1,0,13,83,2422,5851
CAAACTACGATAGAGA-1,0,12,84,2325,5906
CAGGAAGACTTTATAT-1,0,13,85,2422,5962
TTCGTAATCCCAGCGG-1,0,12,86,2325,6017
GTGAGGAGCGGTTGAG-1,0,13,87,2421,6073
CAATCCCTATACCAGC-1,0,12,88,2324,6128
AGGGAAACGAGGTACT-1,0,13,89,2420,6184
TCCTGCCAACTGGAGA-1,0,12,90,2324,6239
AATTTGGGACATAGTA-1,0,13,91,2420,6294
AACTCCTAATCCCATG-1,0,12,92,2323,6349
GCTCATTACTGCATGT-1,0,13,93,2419,6405
TCTCGAACGAGGTCAC-1,0,12,94,2323,6460
TCACTACGACCAATGC-1,0,13,95,2419,6516
GTGATGCACAACATCT-1,0,12,96,2322,6571
CCGACGTAAACACAAC-1,0,13,97,2418,6627
TGGGATGCACTCATTC-1,0,12,98,2322,6682
TTCCATCATGCGGTGA-1,0,13,99,2418,6738
TGCACAGTGAAGTTAT-1,0,12,100,2321,6793
CTATTGTGTTTGGTCA-1,0,13,101,2417,6849
TGCGAGCCCTTCCGCG-1,0,12,102,2320,6904
TTGAAAGGTGTAAAGG-1,0,13,103,2417,6960
GGTGCAGAGCCTATCG-1,0,12,104,2320,7015
ACTATATGCTGTGTTC-1,0,13,105,2416,7070
TCCTGGCGCTGCCTGG-1,0,12,106,2319,7125
GAGCCGAGCGTTTATT-1,0,13,107,2415,7181
AGAATGCGGGTTCGGA-1,0,12,108,2319,7236
ATGCGACAATTGGTCC-1,0,13,109,2415,7292
TTCCGGCTCGACTTCT-1,0,12,110,2318,7347
TGATTATGGCACGCAG-1,0,13,111,2414,7403
GGTTTGACAAGAAGCT-1,0,12,112,2318,7458
GCAGCTATGGACAGGT-1,0,13,113,2414,7514
CACCATGATCGCAAAG-1,0,12,114,2317,7569
GTCGGAAGGATACCAG-1,0,13,115,2413,7625
GGCCCAGTTATCAGCA-1,0,12,116,2317,7680
GGGCCTATTTAAGTAT-1,0,13,117,2413,7736
GTTGTTACATTGCGCT-1,0,12,118,2316,7790
CAACTCCGTAACTTGC-1,0,13,119,2412,7846
GATCTTTGCTCAAAGA-1,0,12,120,2315,7901
TCGCTTAATTACGAAG-1,0,13,121,2412,7957
CGATCATTAGAGGCAC-1,0,12,122,2315,8012
TGTTCTCTACTCCCTA-1,0,13,123,2411,8068
GCTTAGGGAAGCGGTA-1,0,12,124,2314,8123
CAGGTTTAGTACTACA-1,0,13,125,2410,8179
AAGCGGAGTGCGCGCA-1,0,12,126,2314,8234
TCAGATGGAGACGTAG-1,0,13,127,2410,8290
TCGCACTAACGTTTGT-1,0,14,0,2542,1251
CACGTCGGGTTCTAGA-1,0,15,1,2638,1307
GGAGTACACATGAGCT-1,0,14,2,2541,1362
GTGTGTCGACGTCGCT-1,0,15,3,2637,1418
GAAGCTCTTTGCTTAG-1,0,14,4,2541,1473
ACACCGAGCGCTCTTT-1,0,15,5,2637,1529
CGTAATAATTACGAGT-1,0,14,6,2540,1584
CATCAACACCTACTAA-1,0,15,7,2636,1640
CCAAGTTTCTACAGAT-1,0,14,8,2540,1695
ACGGGTCATGTGACTT-1,0,15,9,2636,1751
AGTGTGCTAAGATCGC-1,0,14,10,2539,1806
GGCGGTTTGCCGGTGC-1,0,15,11,2635,1862
GTATAATCTCCCGGAT-1,0,14,12,2538,1916
TAGTCCGTATGCATAA-1,0,15,13,2635,1972
CACTTCGTCTTATCTC-1,0,14,14,2538,2027
CATCCGCAGGCCCGAA-1,0,15,15,2634,2083
CCCTGATGTAACTCGT-1,0,14,16,2537,2138
CCATAGTCAGTAACCC-1,0,15,17,2634,2194
CGGGCCATAGCCGCAC-1,0,14,18,2537,2249
CTCCGGCTTGTAGACA-1,0,15,19,2633,2305
AACTTGCGTTCTCGCG-1,0,14,20,2536,2360
AATGAGTTCGCATATG-1,0,15,21,2632,2416
CGAGGCCAGGCATTGG-1,0,14,22,2536,2471
TCTGCGTCCGGTTTCT-1,0,15,23,2632,2527
CAATCCTGCCGTGGAG-1,0,14,24,2535,2582
CTGAGCAAGTAACAAG-1,0,15,25,2631,2637
GGGTACCCACGGTCCT-1,0,14,26,2535,2692
ACGGAATTTAGCAAAT-1,0,15,27,2631,2748
GGGCGGTCCTATTGTC-1,0,14,28,2534,2803
ATGTTACGAGCAATAC-1,0,15,29,2630,2859
AACCATGGGATCGCTA-1,0,14,30,2533,2914
TCGCATCCCTAAGTGT-1,0,15,31,2630,2970
ACTTAGTACGACAAGA-1,0,14,32,2533,3025
GAGCTCTCGGACCTAA-1,0,15,33,2629,3081
TCTATTACGCTGGCGA-1,0,14,34,2532,3136
AGATACGACTTCATAT-1,0,15,35,2628,3192
CGCTATACCGCCCACT-1,0,14,36,2532,3247
CAGTGTCCGCAGAATG-1,0,15,37,2628,3303
CCATCCATACCAAGTC-1,0,14,38,2531,3357
AACCCAGAGACGGAGA-1,0,15,39,2627,3413
GAAGAACGGTGCAGGT-1,0,14,40,2531,3468
GATAAATCGGTGGATG-1,0,15,41,2627,3524
CAGCTCGTGCTTGTGT-1,0,14,42,2530,3579
GAGTACGGGTATACAA-1,0,15,43,2626,3635
CATCGCCCGCGGCCAA-1,0,14,44,2530,3690
TCTTACAGAGGTACCG-1,0,15,45,2626,3746
TGGAAGACGAACACCA-1,0,14,46,2529,3801
GTTGTCGTGTTAGTTG-1,0,15,47,2625,3857
CCAAGGAACAGAGAGG-1,0,14,48,2528,3912
CTGCACCTGGAACCGC-1,0,15,49,2625,3968
CGCTTTCATACCGGTG-1,0,14,50,2528,4023
GTTCTTCCCTCGATGT-1,0,15,51,2624,4078
ATTTAACTCGTATTAC-1,0,14,52,2527,4133
AACGATAGAAGGGCCG-1,0,15,53,2623,4189
TATCCTGCATGGGAAT-1,0,14,54,2527,4244
AGGCCCATTGTACAGG-1,0,15,55,2623,4300
CCGGCGCATATTGGAT-1,0,14,56,2526,4355
ATCTGTAATTGTACCC-1,0,15,57,2622,4411
GAGCGAGGGAGTACCG-1,0,14,58,2526,4466
TTATTAGGGAAGCATC-1,0,15,59,2622,4522
CTTCTTACGTCGTATA-1,0,14,60,2525,4577
GAAGTGCTGGATAGCT-1,0,15,61,2621,4633
GTGCAACAAATGTGGC-1,0,14,62,2524,4688
CATGCGTTAGACAGAA-1,0,15,63,2621,4744
ACACACTTTCTACACG-1,0,14,64,2524,4799
AGCCCTAAGCGAAGTT-1,0,15,65,2620,4854
ATTAATTCGGTCACTC-1,0,14,66,2523,4909
AACAGGAAATCGAATA-1,0,15,67,2620,4965
ACGTTTAGTTGTGATC-1,0,14,68,2523,5020
TCCTTCAGTGGTCGAA-1,0,15,69,2619,5076
CGAACGCCCAGTGCCG-1,0,14,70,2522,5131
CCTCGAAGTGGACGGG-1,0,15,71,2618,5187
CTCTGTTTGAGGATTC-1,0,14,72,2522,5242
TGGGCACGTTCTATGG-1,0,15,73,2618,5298
ACTATTCGTCCGTGGT-1,0,14,74,2521,5353
CCTCTGGCCTAGACGG-1,0,15,75,2617,5409
CCATAAACAACCCGAC-1,0,14,76,2521,5464
CATAGTACATTGAGAG-1,0,15,77,2617,5520
ATTTCATTATTTCGCG-1,0,14,78,2520,5574
CAACTATATCGAATGC-1,0,15,79,2616,5630
CTAGTATTCGGAATTA-1,0,14,80,2519,5685
GTGGAACCTACATGCG-1,0,15,81,2616,5741
CCTAAAGGCTGACGCT-1,0,14,82,2519,5796
CGTGACATTGGGTCGT-1,0,15,83,2615,5852
CCAATCGGTAGATCGA-1,0,14,84,2518,5907
ATTGTCGCAATACCTT-1,0,15,85,2614,5963
AAATTACACGACTCTG-1,0,14,86,2518,6018
CACTCCTCTCGGTCGG-1,0,15,87,2614,6074
AAATAACCATACGGGA-1,0,14,88,2517,6129
AGTTACTCTATCGTGG-1,0,15,89,2613,6185
CGTTAGCTCACAACTG-1,0,14,90,2517,6240
GAATGTATGGCAGGTC-1,0,15,91,2613,6295
GCAACCACCAGACCGG-1,0,14,92,2516,6350
TCACTCGTGCAACGGC-1,0,15,93,2612,6406
AAACAGAGCGACTCCT-1,0,14,94,2516,6461
CAGCCTCTCCTCAAGA-1,0,15,95,2612,6517
TTGCGTGAACGCTTAG-1,0,14,96,2515,6572
CCGCCTGCGAATTGGT-1,0,15,97,2611,6628
AGATGAGGGTTGCGAT-1,0,14,98,2514,6683
CGGTGGGCTCCAGCCT-1,0,15,99,2611,6739
GGCAGCGGTAATCCTA-1,0,14,100,2514,6794
GCTAGCAGGGAGTGGG-1,0,15,101,2610,6850
CTCAAGACATTAGCGC-1,0,14,102,2513,6905
CACGGCGCGCCAAAGG-1,0,15,103,2609,6961
TGCAATTTGGGCACGG-1,0,14,104,2513,7015
ATGCCAATCGCTCTGC-1,0,15,105,2609,7071
GCTGGACCCAAAGTGG-1,0,14,106,2512,7126
ATTCCTAAGACGTGGA-1,0,15,107,2608,7182
TCCGGAGGAAGGGCTG-1,0,14,108,2512,7237
TCGGTGACCGCTCCGG-1,0,15,109,2608,7293
TCCGAAGTAGTCACCA-1,0,14,110,2511,7348
CATGTAGGAGCGCCAA-1,0,15,111,2607,7404
CACAAGAAAGATATTA-1,0,14,112,2511,7459
AGGGTCAGTAACCCTA-1,0,15,113,2607,7515
TAAGCCCTTACGACCA-1,0,14,114,2510,7570
ATACCGTCATCCATAA-1,0,15,115,2606,7626
GGACGTCCATAGTTGG-1,0,14,116,2509,7681
CATCAAACTGGCGCCC-1,0,15,117,2606,7736
AAACGTGTTCGCCCTA-1,0,14,118,2509,7791
AAATTGGTGAGAAGCA-1,0,15,119,2605,7847
GGTCATTGTAGTCATA-1,0,14,120,2508,7902
TGCAGTGAGGCTCGGG-1,0,15,121,2604,7958
GAACATTAGTATGTTA-1,0,14,122,2508,8013
GGTTTGCGAACACGTA-1,0,15,123,2604,8069
ACACAAATATTCCTAG-1,0,14,124,2507,8124
TTGGGTTTATTCAGCG-1,0,15,125,2603,8180
ATTCGCAGAGGACACT-1,0,14,126,2507,8235
GATTTAGTGCGTACTG-1,0,15,127,2603,8291
TAGAAACACAATAGTG-1,0,16,0,2735,1252
CAGTAGATGATGTCCG-1,0,17,1,2831,1308
TCTTAACTCGGATGTA-1,0,16,2,2734,1363
TACATCTTGTTTCTTG-1,0,17,3,2830,1419
TTCATAGGGTGTCCAT-1,0,16,4,2734,1474
TGAAGTAGCTTACGGA-1,0,17,5,2830,1530
GCACAAGTGGATCATA-1,0,16,6,2733,1585
GGGCGAATTTCTCCAC-1,0,17,7,2829,1641
ATGTTCCTGCCCACCT-1,0,16,8,2732,1696
GCTCAACCTCTTAGAG-1,0,17,9,2829,1752
ATAGCTGCTCTTGTTA-1,0,16,10,2732,1807
CGTCAGCTATTTACTC-1,0,17,11,2828,1862
ATCTGATAGTGTCTTA-1,0,16,12,2731,1917
TGCACTATGTGAGTGC-1,0,17,13,2828,1973
CCGACAAACACATGAG-1,0,16,14,2731,2028
GCCTTGTATATGCAGT-1,0,17,15,2827,2084
ATAATACCGTTAGCCG-1,0,16,16,2730,2139
ACACTCCAATGTCACT-1,0,17,17,2826,2195
AGTTGCTGACTGATAT-1,0,16,18,2730,2250
GGCGCTCCTCATCAAT-1,0,17,19,2826,2306
TGCCTGACATCGGTCA-1,0,16,20,2729,2361
TTGGCCATCTTGCGCT-1,0,17,21,2825,2417
CAGTGGTTGCACATGA-1,0,16,22,2729,2472
AGAATTGTTTGACATA-1,0,17,23,2825,2528
AAATGCTCGTTACGTT-1,0,16,24,2728,2583
CACCTAATAGAGTCGT-1,0,17,25,2824,2638
CATTTCTAGCAGACTA-1,0,16,26,2727,2693
CCGAAAGTGGTGAGCA-1,0,17,27,2824,2749
AGTCAGCCACCGCCTG-1,0,16,28,2727,2804
TCATCACTCGAGCTCG-1,0,17,29,2823,2860
CTCAGGACTCACCTGT-1,0,16,30,2726,2915
CGGTGTACTTGATCCC-1,0,17,31,2822,2971
CCTACGGCTCAGTCGA-1,0,16,32,2726,3026
GTACTTGGGCACTTCT-1,0,17,33,2822,3082
TGATTTCCTCCTGACG-1,0,16,34,2725,3137
CCTCACCAATCTTGAC-1,0,17,35,2821,3193
GGTGAGATGCAGATAA-1,0,16,36,2725,3248
GCTAGTTTCATTGAGG-1,0,17,37,2821,3304
AGGACATCGCACGTCG-1,0,16,38,2724,3358
GTGGACGTGCTGAGAC-1,0,17,39,2820,3414
TAAGGAACTTGTGGGA-1,0,16,40,2724,3469
TCGCTGTGCGTAAATC-1,0,17,41,2820,3525
GCATCCCTAACTTTGA-1,0,16,42,2723,3580
CACCCACACGTCACCC-1,0,17,43,2819,3636
CCCTCATTCTGGAATT-1,0,16,44,2722,3691
AGGGCGTGATCGGCTA-1,0,17,45,2819,3747
GGTGCGGATAAGTGGC-1,0,16,46,2722,3802
TAATATTGAAATTCGC-1,0,17,47,2818,3858
CTTACACTGGGAAATA-1,0,16,48,2721,3913
ACCAAGAACGCGTGTC-1,0,17,49,2817,3969
GCCTTCAGCCCTACCG-1,0,16,50,2721,4024
GATGCTACAAGCGCCT-1,0,17,51,2817,4079
CCGGGACCCGCAGAGA-1,0,16,52,2720,4134
GTTCCAGTCTGACCAT-1,0,17,53,2816,4190
ATGATCGGGAATAGAC-1,0,16,54,2720,4245
TTGGATTGGGTACCAC-1,0,17,55,2816,4301
TACCTCACGCTTGTAC-1,0,16,56,2719,4356
CATGGCAGGAAGATCG-1,0,17,57,2815,4412
ATGACGCCGGCTCTAA-1,0,16,58,2718,4467
AGCGACATCCCATTCA-1,0,17,59,2815,4523
AGTAATGTCTTGCCGC-1,0,16,60,2718,4578
TTCTTAGTGGCTCAGA-1,0,17,61,2814,4634
CGTCTGGAAGGGCCCG-1,0,16,62,2717,4689
ACGTGCGCCTCGTGCA-1,0,17,63,2814,4745
AGAGCGGGCTAATCAT-1,0,16,64,2717,4799
GCGTCGAAATGTCGGT-1,0,17,65,2813,4855
AACTGATATTAGGCCT-1,0,16,66,2716,4910
CGAGCTGGGCTTTAGG-1,0,17,67,2812,4966
GGGTGTTTCAGCTATG-1,0,16,68,2716,5021
TTAATTTCAGACGCGG-1,0,17,69,2812,5077
ACTGCCGTCGTAACTC-1,0,16,70,2715,5132
GTGCACGAAAGTGACT-1,0,17,71,2811,5188
ATCTCCCTGCAATCTA-1,0,16,72,2715,5243
ACGCCAGATGATTTCT-1,0,17,73,2811,5299
AGCTATTTAATCCAAC-1,0,16,74,2714,5354
CCACGAGAAGAGAATC-1,0,17,75,2810,5410
GATTCCGCGTTTCCGT-1,0,16,76,2713,5465
GTCGGATGTAGCGCGC-1,0,17,77,2810,5520
TATTTATACCGAGTAG-1,0,16,78,2713,5575
GTAGGTGATCCGTGTA-1,0,17,79,2809,5631
AGTTAAGCGGTCCCGG-1,0,16,80,2712,5686
CTGGCGACATAAGTCC-1,0,17,81,2808,5742
TTGGCCTAGAATTTCG-1,0,16,82,2712,5797
GGCATATCGGTTCTGC-1,0,17,83,2808,5853
GGGCGTCCACTGGCTC-1,0,16,84,2711,5908
TTACCCATTGCCGGGT-1,0,17,85,2807,5964
TTAGACACGATCGTTG-1,0,16,86,2711,6019
GCGCTGATCCAGACTC-1,0,17,87,2807,6075
TTCGGCAACCCGCTGA-1,0,16,88,2710,6130
GATATTTCCTACATGG-1,0,17,89,2806,6186
CTGCGTTACGATATAA-1,0,16,90,2710,6241
TAATAAACAAGGAGAT-1,0,17,91,2806,6296
AACCTTTACGACGTCT-1,0,16,92,2709,6351
AGTCCCGCCTTTAATT-1,0,17,93,2805,6407
TGAGATTAGGCCCTAA-1,0,16,94,2708,6462
AGTGTATTGCGCATTG-1,0,17,95,2805,6518
GTTGGATTCAGTGGCT-1,0,16,96,2708,6573
TAAAGCTGCAATAGGG-1,0,17,97,2804,6629
AGTAGGAAGGAAGTTG-1,0,16,98,2707,6684
TATCACTTCGAGTAAC-1,0,17,99,2803,6740
TGATCTACGCTGATCT-1,0,16,100,2707,6795
GGATCATCCCGTACGC-1,0,17,101,2803,6851
TGACACTTCTCTTTGC-1,0,16,102,2706,6906
AGCCCTTCTAATCCGA-1,0,17,103,2802,6962
CACCGCGTCCACTCTA-1,0,16,104,2706,7016
TAATTGGAATCGGGAA-1,0,17,105,2802,7072
TCGTAAGCTCCGAGGA-1,0,16,106,2705,7127
TATATTACAAATGTCG-1,0,17,107,2801,7183
CGCGAGAGGGACTTGT-1,0,16,108,2705,7238
GGACCTACGGTAACGT-1,0,17,109,2801,7294
GAAATATGCTTGAATG-1,0,16,110,2704,7349
CCGTATTAGCGCAGTT-1,0,17,111,2800,7405
AGGCGTCTATGGACGG-1,0,16,112,2703,7460
AACATCGATACGTCTA-1,0,17,113,2800,7516
TGAATATGCTATAAAC-1,0,16,114,2703,7571
ACCAAACACCCAGCGA-1,0,17,115,2799,7627
TGGCTTGTACAAGCTT-1,0,16,116,2702,7682
GAATGAAGGTCTTCAG-1,0,17,117,2798,7737
AGATACCAGCACTTCA-1,0,16,118,2702,7792
GCGGTCCCGGTGAAGG-1,0,17,119,2798,7848
GAGGCATTTGCAGCAG-1,0,16,120,2701,7903
GGCAAGCCAGGGATAG-1,0,17,121,2797,7959
TCTACGGGCTCAGTTG-1,0,16,122,2701,8014
TCTGCGAATCGTTCGC-1,0,17,123,2797,8070
AGCTCGTTGATGGAAA-1,0,16,124,2700,8125
TGAATGAGATACAGCA-1,0,17,125,2796,8181
ACCCTTGCCTGGGTCG-1,0,16,126,2699,8236
GGCGAACCGTTCTGAT-1,0,17,127,2796,8292
GCGATGTCTGTGCTTG-1,0,18,0,2928,1253
ATTAACACCTGAGATA-1,0,19,1,3024,1309
GAAATCTGACCAAGTT-1,0,18,2,2927,1364
CCTGACAAACTCGCGC-1,0,19,3,3023,1420
ATGTCATTTCCCATTG-1,0,18,4,2926,1475
GCGGTGCGGAGCATCG-1,0,19,5,3023,1531
CGGAAAGCAAATGTGC-1,0,18,6,2926,1586
GCTGAGCAACGGTTCT-1,0,19,7,3022,1642
TCACTCTTCGTCTGTC-1,0,18,8,2925,1697
GATCTTCATTGTCCTC-1,0,19,9,3021,1753
ACTCGATGTATTTCAT-1,0,18,10,2925,1808
TGAAGAGCGGTCCTAG-1,0,19,11,3021,1863
TAAACGTCGTCAATGA-1,0,18,12,2924,1918
ACGTTATTGGTCACTC-1,0,19,13,3020,1974
ATAGCCTCAGTACCCA-1,0,18,14,2924,2029
CGGGAGTATACCGCCG-1,0,19,15,3020,2085
GTCCTACAGGCGGCTC-1,0,18,16,2923,2140
CGGATAAGCGGACATG-1,0,19,17,3019,2196
AACTTCTGCGTCTATC-1,0,18,18,2923,2251
GGGTTCAGACGAACAA-1,0,19,19,3019,2307
AGTCTGGACATCCTTG-1,0,18,20,2922,2362
TTGAACGAATCCTTTG-1,0,19,21,3018,2418
GAAATACTAAACGTTT-1,0,18,22,2921,2473
CCCGCGCAATGCACCC-1,0,19,23,3018,2529
TTCGGCTAGAGATGGT-1,0,18,24,2921,2583
GACACGAGTTAGAGGA-1,0,19,25,3017,2639
GAGGTCCCAAAGATCT-1,0,18,26,2920,2694
TAACTCCATGGAGGCT-1,0,19,27,3016,2750
CTTGTTTATGTAGCCA-1,0,18,28,2920,2805
GATGGCGCACACATTA-1,0,19,29,3016,2861
ATAATAGTGTAGGGAC-1,0,18,30,2919,2916
CGCTATTCAATGTATG-1,0,19,31,3015,2972
ATATTGCTGTCAAAGT-1,0,18,32,2919,3027
GGATTCAGTACGGTGG-1,0,19,33,3015,3083
TTCTTAGTGAACGGTG-1,0,18,34,2918,3138
AATGGTTCTCACAAGC-1,0,19,35,3014,3194
TATACACGCAAAGTAT-1,0,18,36,2918,3249
CTTCATAGCTCAAGAA-1,0,19,37,3014,3304
CAACGGTTCTTGATAC-1,0,18,38,2917,3359
ACACCCGAGAAATCCG-1,0,19,39,3013,3415
TCTATCATGCAGTTAC-1,0,18,40,2916,3470
CCCGCCATGCTCCCGT-1,0,19,41,3013,3526
CGCTTCCACTGAAATC-1,0,18,42,2916,3581
CACTGTCCAAGTGAGA-1,0,19,43,3012,3637
ATTACTAGCCTCTTGC-1,0,18,44,2915,3692
CATAGTAGCATAGTAG-1,0,19,45,3011,3748
CAACTCCTTGATCCCG-1,0,18,46,2915,3803
AAGTAGAAGACCGGGT-1,0,19,47,3011,3859
GCGGGAACCAGGCCCT-1,0,18,48,2914,3914
ATTAGATTGATAGCGG-1,0,19,49,3010,3970
CTCGGTCCGTAGCCTG-1,0,18,50,2914,4025
TGGCTTTGGGTAGACA-1,0,19,51,3010,4080
TATCCATATCATGCGA-1,0,18,52,2913,4135
GGAGTGCCGCCCTGGA-1,0,19,53,3009,4191
TGAGAATGCTTTACCG-1,0,18,54,2912,4246
TTAACCAACCCTCCCT-1,0,19,55,3009,4302
TGTTTCGGTACTTCTC-1,0,18,56,2912,4357
TTGCTGAAGGAACCAC-1,0,19,57,3008,4413
TATTTAGTCTAGATCG-1,0,18,58,2911,4468
CTCCGGCCTAATATGC-1,0,19,59,3008,4524
TTGTGGCCCTGACAGT-1,0,18,60,2911,4579
TCGCCGGTCGATCCGT-1,0,19,61,3007,4635
CCATAGGTTGGCGTGG-1,0,18,62,2910,4690
GAACGACCGAATGATA-1,0,19,63,3006,4746
TCCGATAATTGCCATA-1,0,18,64,2910,4800
CATTACGTCGGCCCGT-1,0,19,65,3006,4856
CAAGCACCAAATGCCT-1,0,18,66,2909,4911
TGCATGGATCGGATCT-1,0,19,67,3005,4967
GAAATCGCGCGCAACT-1,0,18,68,2909,5022
CTGAAAGAGATCCGAC-1,0,19,69,3005,5078
CACCTCGATGGTGGAC-1,0,18,70,2908,5133
ATTTGTTCCAGGGCTC-1,0,19,71,3004,5189
TGGGCCACAAGAGCGC-1,0,18,72,2907,5244
CCTTCTTGATCCAGTG-1,0,19,73,3004,5300
CCTCGCCAGCAAATTA-1,0,18,74,2907,5355
TTCATGGCGCAACAGG-1,0,19,75,3003,5411
TTAATCAGTACGTCAG-1,0,18,76,2906,5466
CCTATCTATATCGGAA-1,0,19,77,3002,5521
ATTATACTTTGCTCGT-1,0,18,78,2906,5576
ATGGATCCGGCGTCCG-1,0,19,79,3002,5632
CGCCCGCTTCCGTACA-1,0,18,80,2905,5687
GGATTCCGCTATACCC-1,0,19,81,3001,5743
CGGTCTATCAACCCGT-1,0,18,82,2905,5798
ATGCCGGTTGATGGGA-1,0,19,83,3001,5854
TCATGCAGGTTCTCAT-1,0,18,84,2904,5909
TGAGCTTTAATGACGC-1,0,19,85,3000,5965
TCCCTTAGATTACTCG-1,0,18,86,2904,6020
ATATCTCCCTCGTTAA-1,0,19,87,3000,6076
AGCTCTTCCCAGTGCA-1,0,18,88,2903,6131
TCGCTAAACCGCTATC-1,0,19,89,2999,6187
CACATTCTTTCGATGG-1,0,18,90,2902,6241
GATATGCGGTAGCCAA-1,0,19,91,2999,6297
CGTTTCACTTCGGGCG-1,0,18,92,2902,6352
CCAATTACGGGTCGAG-1,0,19,93,2998,6408
GCAGGTAGAGTATGGT-1,0,18,94,2901,6463
GTCGTATTGGCGTACA-1,0,19,95,2997,6519
GAAATTAGCACGGATA-1,0,18,96,2901,6574
AATGCACCAAGCAATG-1,0,19,97,2997,6630
AGGACGCTCGATGTTG-1,0,18,98,2900,6685
GGCTAAAGGGCGGGTC-1,0,19,99,2996,6741
CATCTATCCCGTGTCT-1,0,18,100,2900,6796
CAGTAACTATTTATTG-1,0,19,101,2996,6852
CATATACTACTGATAA-1,0,18,102,2899,6907
GCGTTCGGAGACCGGG-1,0,19,103,2995,6962
AAGTTCAGTCTGCGTA-1,0,18,104,2898,7017
CGAAGCTATAAATTCA-1,0,19,105,2995,7073
CGCGGTCACAAACCAA-1,0,18,106,2898,7128
GGGAATGAGCCCTCAC-1,0,19,107,2994,7184
ACGGAGCGCAAATTAC-1,0,18,108,2897,7239
CGTTCTTCGCACACCT-1,0,19,109,2994,7295
GAATAGCCCTGCGGTC-1,0,18,110,2897,7350
AATAGCTACCGCGTGC-1,0,19,111,2993,7406
CCGAGCTGTGCTTGTC-1,0,18,112,2896,7461
GATGACGATGATCGCG-1,0,19,113,2992,7517
GCCTATGCTGGGCCTT-1,0,18,114,2896,7572
TTACTGTCTAGAGCTC-1,0,19,115,2992,7628
AGCGGTTGCCGCTCTG-1,0,18,116,2895,7683
GCTTGCAGCACAATTG-1,0,19,117,2991,7738
CCGGAGGTCTTATGGT-1,0,18,118,2895,7793
ACAGTATACCGTGGGA-1,0,19,119,2991,7849
GGGATCCCAATACAAA-1,0,18,120,2894,7904
ATTACGACTCCACAGT-1,0,19,121,2990,7960
CTCACACGCAAGCCTA-1,0,18,122,2893,8015
CCAGATGTAAATGGGT-1,0,19,123,2990,8071
GAACTTGTGCACGGGA-1,0,18,124,2893,8126
AAGCCGCTTTACCTTG-1,0,19,125,2989,8182
TCCATTCCCACTAGAG-1,0,18,126,2892,8237
AGAGCGCTTGTAACGG-1,0,19,127,2989,8293
TGGGTTCCCGGACGGA-1,0,20,0,3120,1254
GCTGCGCCTCCCACGT-1,0,21,1,3217,1310
CTGTTGGCTCTTCTGA-1,0,20,2,3120,1365
TTGTTCTAGATACGCT-1,0,21,3,3216,1421
CCCTCAAGCTCTTAGT-1,0,20,4,3119,1476
TGGTCTAGCTTACATG-1,0,21,5,3215,1532
ATGCACCTTCCTTAAT-1,0,20,6,3119,1587
GGGATACGGTAATAAT-1,0,21,7,3215,1643
AGTTCACCGGTTGGAC-1,0,20,8,3118,1698
GACATACTGTCGCAGA-1,0,21,9,3214,1754
TGGACACCGTTGCTTG-1,0,20,10,3118,1809
TGCGATGCTAATGGCT-1,0,21,11,3214,1864
TTCTGTTTCCTGTCGC-1,0,20,12,3117,1919
CGTTGTAAACGTCAGG-1,0,21,13,3213,1975
GATCGGCGATAAGTCG-1,0,20,14,3117,2030
AGCCTTAAAGCGGAAG-1,0,21,15,3213,2086
TCCGTAACCACAATCC-1,0,20,16,3116,2141
GAATGCCGAAATGACC-1,0,21,17,3212,2197
TATACTCATGCGGCAA-1,0,20,18,3115,2252
TAGTGTCAGAAACGGC-1,0,21,19,3212,2308
CGTCATACCATATCCA-1,0,20,20,3115,2363
TAGTACCTTAGTGGTC-1,0,21,21,3211,2419
CTGGCGGGAATAAGTA-1,0,20,22,3114,2474
AGTGTGGTCTATTGTG-1,0,21,23,3210,2530
GCTATCGCGGCGCAAC-1,0,20,24,3114,2584
CAGTAATCCCTCCCAG-1,0,21,25,3210,2640
GTATTAAGGCGTCTAA-1,0,20,26,3113,2695
CTAATTTCAACAACAC-1,0,21,27,3209,2751
TTAGCAACATGGATGT-1,0,20,28,3113,2806
ATGCTCAGTGTTGCAT-1,0,21,29,3209,2862
GATGTTTGTGCGAGAT-1,0,20,30,3112,2917
CACTTCGCCACAGGCT-1,0,21,31,3208,2973
CTGTATGGTGTAGAAA-1,0,20,32,3112,3028
TACGTGCACTATGCTG-1,0,21,33,3208,3084
GTATCAGCTTGGGTTC-1,0,20,34,3111,3139
TAACAAAGGGAGAAGC-1,0,21,35,3207,3195
TTACATCGTGGCCTGG-1,0,20,36,3110,3250
TCTGAACCGGTCGGCT-1,0,21,37,3207,3305
GGCTCGTGCCACCAGC-1,0,20,38,3110,3360
TATAAGTGAGGATAGC-1,0,21,39,3206,3416
GCCCGCGCGTTTGACA-1,0,20,40,3109,3471
TGCTGGTTGGACAATT-1,0,21,41,3205,3527
GCCTAGCGATCTGACC-1,0,20,42,3109,3582
CCATGCTCTGCAGGAA-1,0,21,43,3205,3638
TATAAATCCACAAGCT-1,0,20,44,3108,3693
CGCTCGACATAATGAT-1,0,21,45,3204,3749
CCAATTGAATGTTAAT-1,0,20,46,3108,3804
GCTAATACCGAATGCC-1,0,21,47,3204,3860
TTCAACGACCCGACCG-1,0,20,48,3107,3915
TTCCTCGAGGGTGTCT-1,0,21,49,3203,3971
CAACGACCCGTTTACA-1,0,20,50,3106,4025
CTTGTACTTGTTGACT-1,0,21,51,3203,4081
TCTCTAATAGCTGGTA-1,0,20,52,3106,4136
ATTATGCCATAGGGAG-1,0,21,53,3202,4192
GACAACGCAGCTTACG-1,0,20,54,3105,4247
AGATGACTCGCCCACG-1,0,21,55,3202,4303
GTGCGGGTCTCCAAAT-1,0,20,56,3105,4358
GTACGAGATTGCGACA-1,0,21,57,3201,4414
GTATAGGACTCAGTAG-1,0,20,58,3104,4469
TTGCACGGAGCAGCAC-1,0,21,59,3200,4525
CACAGCTAGGGAGTGA-1,0,20,60,3104,4580
ATACTAGCATGACCCT-1,0,21,61,3200,4636
CCAAGACTTCTGCGAA-1,0,20,62,3103,4691
ACATAATAAGGCGGTG-1,0,21,63,3199,4746
TAATACACAGTAGTAT-1,0,20,64,3103,4801
TCTTGGTAACACCAAA-1,0,21,65,3199,4857
AACTGGGTCCCGACGT-1,0,20,66,3102,4912
ATCACTTCATCCTCGC-1,0,21,67,3198,4968
TGGAAGGATAAAGATG-1,0,20,68,3101,5023
CATGATGCACAATTCT-1,0,21,69,3198,5079
TGCCTGATCAAACGAT-1,0,20,70,3101,5134
ATAGGGATATCCTTGA-1,0,21,71,3197,5190
CACCTAATCAGTTTAC-1,0,20,72,3100,5245
TGTGACTACGCCAGTC-1,0,21,73,3196,5301
CCCGACCATAGTCCGC-1,0,20,74,3100,5356
CGCGCCCGACTTAATA-1,0,21,75,3196,5412
TGCCACCTGGCGAAAC-1,0,20,76,3099,5467
CTGCCAAGGTTGGAAG-1,0,21,77,3195,5522
TCTCCAACGTAGGTTA-1,0,20,78,3099,5577
TTCTTGGAGTAATGAG-1,0,21,79,3195,5633
GTCTCGATCTGCTTTC-1,0,20,80,3098,5688
TACTCTCCGAACAAAT-1,0,21,81,3194,5744
ATCACATTAGAATATC-1,0,20,82,3098,5799
TACGGGATGCTAGCAG-1,0,21,83,3194,5855
AGCTGAAGTAAACCAA-1,0,20,84,3097,5910
CATGGGTCGGGTGTGG-1,0,21,85,3193,5966
CACCCACGAGGCAATT-1,0,20,86,3096,6021
TGCCATTACTAAAGAA-1,0,21,87,3193,6077
CCGTTACGTTAGAACA-1,0,20,88,3096,6132
GCCAGGAGTAACCGAT-1,0,21,89,3192,6188
GGAAAGTGCCCATGCC-1,0,20,90,3095,6242
TCTTACCGGAACTCGT-1,0,21,91,3191,6298
TATGTCAAGACCGACT-1,0,20,92,3095,6353
CCTAACTAAGGCTCTA-1,0,21,93,3191,6409
GCGGTGAACTGCGCTC-1,0,20,94,3094,6464
CCTCGCGCGATATAGG-1,0,21,95,3190,6520
ATCGGCAAGCAGTCCA-1,0,20,96,3094,6575
AGATCGTGCATAAGAT-1,0,21,97,3190,6631
ATTCAGGACCTATTTC-1,0,20,98,3093,6686
AGCTAGAAGCAGAAGT-1,0,21,99,3189,6742
TTCGCTATCTGACGTG-1,0,20,100,3092,6797
TTCCGCAGAGAAATAT-1,0,21,101,3189,6853
CAGTACATTCTCTAAA-1,0,20,102,3092,6908
GTGAAGATTTCAAGTG-1,0,21,103,3188,6963
AACGCATGATCTGGGT-1,0,20,104,3091,7018
CCCAGAGGAGGGCGTA-1,0,21,105,3188,7074
GGAAACCTTGTTGAAT-1,0,20,106,3091,7129
GTGAAGCCGTATAGTC-1,0,21,107,3187,7185
GAGCTGTCGTCTCGGA-1,0,20,108,3090,7240
TGTCATTTGTTGGGAA-1,0,21,109,3186,7296
ACCAACACCACACACT-1,0,20,110,3090,7351
AAATGATTCGATCAGC-1,0,21,111,3186,7407
CTGCTTTATGTCCGCG-1,0,20,112,3089,7462
GCGAGAGGCCATGTAA-1,0,21,113,3185,7518
ATTGACCGGCGATGAC-1,0,20,114,3089,7573
ACCCTGGTAACGCCCT-1,0,21,115,3185,7629
GTTGGACCGCATCAGG-1,0,20,116,3088,7683
CGTTTACAAGGCAGCT-1,0,21,117,3184,7739
CGGTCCATGAGACTCC-1,0,20,118,3087,7794
GTTCGTCTGGGTCCCT-1,0,21,119,3184,7850
TGTACTACTCTCACGG-1,0,20,120,3087,7905
AGTGAAGATGGTGTCC-1,0,21,121,3183,7961
GAGGGCCATAATATTA-1,0,20,122,3086,8016
ACTCCCGTAGACTAGG-1,0,21,123,3182,8072
CGTCAAATGGTCGCAG-1,0,20,124,3086,8127
AAGTCTAGTAGCTGCC-1,0,21,125,3182,8183
AAGAAATCACCAGATT-1,0,20,126,3085,8238
GAGTGCACGGACAACA-1,0,21,127,3181,8294
GTTCAAATCAGATGTC-1,0,22,0,3313,1255
CATGGCTCCCTATGTC-1,0,23,1,3409,1311
GGCCACACGAAAGCCT-1,0,22,2,3313,1366
GAAGCCGGGTAAGCTC-1,0,23,3,3409,1422
TTGCGCTCTCTCGCTT-1,0,22,4,3312,1477
TACATGACCTTATCCG-1,0,23,5,3408,1533
GTCCTTCTACAACCCA-1,0,22,6,3312,1588
TATATGCTGGGTTGCC-1,0,23,7,3408,1644
GTTTATGGGATTTAGA-1,0,22,8,3311,1699
GGAACCCGAACAAGAA-1,0,23,9,3407,1755
AACGTTATCAGCACCT-1,0,22,10,3311,1809
CATCGTCCGGTTACTA-1,0,23,11,3407,1865
AGACAGCTCAGAATCC-1,0,22,12,3310,1920
GCAGATCCTCGCAAAT-1,0,23,13,3406,1976
GGGTCATGCGTACCAT-1,0,22,14,3309,2031
CTGGTCATTCCAATCC-1,0,23,15,3406,2087
TCAGGGCGCAAACTCG-1,0,22,16,3309,2142
GATGCCAGCAGAAGGC-1,0,23,17,3405,2198
GTTATTAACGTGGGAG-1,0,22,18,3308,2253
AATACAATGTTTCAGG-1,0,23,19,3404,2309
TTGCTGCACCTATCCA-1,0,22,20,3308,2364
CCAGAGACAAAGCCGG-1,0,23,21,3404,2420
CCGAAGTATATTGTTC-1,0,22,22,3307,2475
GCTAAACCTGAGGTGA-1,0,23,23,3403,2530
TCATACTTACAGATCC-1,0,22,24,3307,2585
CGAGCACTTCAAGTTT-1,0,23,25,3403,2641
TAGCAACCTGTCACAA-1,0,22,26,3306,2696
TGGGAAATGCCTTTCC-1,0,23,27,3402,2752
AGACCATGGGATACAA-1,0,22,28,3305,2807
TAAATGAATCCGTTTC-1,0,23,29,3402,2863
ACAACGGTCCCTGCGA-1,0,22,30,3305,2918
GTCACTCTCCAAATCT-1,0,23,31,3401,2974
TTCTACTTGCGAGGGC-1,0,22,32,3304,3029
CGCAATTACTTTCGGT-1,0,23,33,3401,3085
CTGTTCATCTCACGGG-1,0,22,34,3304,3140
TTCTTGTAACCTAATG-1,0,23,35,3400,3196
GCTTGATGATAATCAG-1,0,22,36,3303,3251
TTGGCTCGCATGAGAC-1,0,23,37,3399,3306
GCCCAGTTGGTATGCC-1,0,22,38,3303,3361
ATTCCTCCGCCAGTGC-1,0,23,39,3399,3417
TCGTCCGCTGGCGTCT-1,0,22,40,3302,3472
GGAGAAGTCATTGGCA-1,0,23,41,3398,3528
TTGTTAGCAAATTCGA-1,0,22,42,3302,3583
TCTAGCATCTTCGATG-1,0,23,43,3398,3639
TTCTAGGCCAATTGTG-1,0,22,44,3301,3694
TCACGGTCATCGCACA-1,0,23,45,3397,3750
ATGAAGCCAAGGAGCC-1,0,22,46,3300,3805
AATGACTGTCAGCCGG-1,0,23,47,3397,3861
CCAAACAGAACCCTCG-1,0,22,48,3300,3916
TATCGATGATTAAACG-1,0,23,49,3396,3972
GAACACACATCAACCA-1,0,22,50,3299,4026
CCCGTCAGCGTCTGAC-1,0,23,51,3396,4082
AGCATCGTCGATAATT-1,0,22,52,3299,4137
GACTAAGATCATGCAC-1,0,23,53,3395,4193
TAGGGTGTTTCAAGAG-1,0,22,54,3298,4248
TGGTTCGTAGCAAAGG-1,0,23,55,3394,4304
CTGTTCACTGCCTGTG-1,0,22,56,3298,4359
ATGTGCATCCGACGCA-1,0,23,57,3394,4415
TTGTCGTTCAGTTACC-1,0,22,58,3297,4470
CGGGATCAATGTAAGA-1,0,23,59,3393,4526
TTATCTGTATCATAAC-1,0,22,60,3297,4581
ATCGACTCTTTCCGTT-1,0,23,61,3393,4637
CTCATTTGATGGGCGG-1,0,22,62,3296,4692
GTAAGCGGGCAGTCAG-1,0,23,63,3392,4747
TCTATCGGTCGCAACA-1,0,22,64,3295,4802
AACGCGGTCTCCAGCC-1,0,23,65,3392,4858
ATTAATACTACGCGGG-1,0,22,66,3295,4913
CTTTAACTTTCAAAGG-1,0,23,67,3391,4969
CGTACCTGATAGGCCT-1,0,22,68,3294,5024
GAATGTTGGGTAATCT-1,0,23,69,3390,5080
TGCGGAGTAAAGGTGC-1,0,22,70,3294,5135
CCTGAATATTTACATA-1,0,23,71,3390,5191
TTGCTCCCATACCGGA-1,0,22,72,3293,5246
CCTCTAATCTGCCAAG-1,0,23,73,3389,5302
AGGTTGAGGCACGCTT-1,0,22,74,3293,5357
TCCCGTCAGTCCCGCA-1,0,23,75,3389,5413
TCCGATGACTGAGCTC-1,0,22,76,3292,5467
CAGCCTCCTGCAGAGG-1,0,23,77,3388,5523
CTTAGCCTTCCACATG-1,0,22,78,3292,5578
ATTAATGAACCAGTCG-1,0,23,79,3388,5634
ACGATACATAGAACTA-1,0,22,80,3291,5689
AGCCACTCCCGTGCTT-1,0,23,81,3387,5745
ATACGGGTTTCGATTG-1,0,22,82,3290,5800
CTGTCAAATGGCTCGG-1,0,23,83,3387,5856
GCTCGGAATTTAAAGC-1,0,22,84,3290,5911
TAGGCATGTTACGCCA-1,0,23,85,3386,5967
TGGCAACTCGCGCGCC-1,0,22,86,3289,6022
ATCAGTAGGCAGGGAT-1,0,23,87,3385,6078
TATCGATCTATGCATA-1,0,22,88,3289,6133
CGACTCAGGATGTTAT-1,0,23,89,3385,6188
GCCATATTGCACACAG-1,0,22,90,3288,6243
AATTCATAAGGGATCT-1,0,23,91,3384,6299
CGGTAGAGGTGCAGGT-1,0,22,92,3288,6354
AATGATGATACGCTAT-1,0,23,93,3384,6410
CTTGTGCTCACCGATT-1,0,22,94,3287,6465
TTCCAATCAGAGCTAG-1,0,23,95,3383,6521
CGATGGACCCTACGCC-1,0,22,96,3286,6576
GGTCGGATAAACGGCG-1,0,23,97,3383,6632
TTAGCTAATACGATCT-1,0,22,98,3286,6687
CTCGATATTTGCGAGC-1,0,23,99,3382,6743
ATTACTTACTGGGCAT-1,0,22,100,3285,6798
CTAGCCGATGTTATGA-1,0,23,101,3382,6854
TACTGCAATCAATTAC-1,0,22,102,3285,6909
TAGTCTGTGACGTTGC-1,0,23,103,3381,6964
CTCGTTTCTAATGTTT-1,0,22,104,3284,7019
TTCGTTCAACGAAGTT-1,0,23,105,3380,7075
CTGAATTTATTGCCAG-1,0,22,106,3284,7130
TGGAATATCCTTGACC-1,0,23,107,3380,7186
CAGATCATTTAAAGTC-1,0,22,108,3283,7241
CTCCTTTACGCAAGTC-1,0,23,109,3379,7297
TCCCAAACAGACAACG-1,0,22,110,3283,7352
ATCGCTGCGTGCAGCA-1,0,23,111,3379,7408
TTAGTTCAAGTGTTCG-1,0,22,112,3282,7463
AAACTCGTGATATAAG-1,0,23,113,3378,7519
TTAACGAACAAGCAGT-1,0,22,114,3281,7574
GTTATATCAGGAGCCA-1,0,23,115,3378,7630
CAAATTGGATTATGCC-1,0,22,116,3281,7684
CGAGGAGCTTCCATAT-1,0,23,117,3377,7740
GGAGACCAATGTGCTT-1,0,22,118,3280,7795
CATTGATGAACACGCC-1,0,23,119,3376,7851
GTCAATGCTATAATTT-1,0,22,120,3280,7906
ACCACCCTCTCTTCTA-1,0,23,121,3376,7962
TGGAGGGAAACACCTC-1,0,22,122,3279,8017
CACGGACGTGGATGGC-1,0,23,123,3375,8073
AACTTTCTCGATCATG-1,0,22,124,3279,8128
CGTATTGTTTCCTAAT-1,0,23,125,3375,8184
CCTACTGCGGCGGCCA-1,0,22,126,3278,8239
CTTAGGTCCCAATCGT-1,0,23,127,3374,8295
CGCAATCGATCATTAG-1,0,24,0,3506,1256
TGGTTATGCTTGCGGT-1,0,25,1,3602,1312
GGCTTGGCTCTCACCT-1,0,24,2,3506,1367
ATTGGTAGGATCCGCT-1,0,25,3,3602,1423
TCAGGGCGACTTCCTT-1,0,24,4,3505,1478
TCTGCAGATTCGAGTC-1,0,25,5,3601,1534
CTCTCGCTGTACTATG-1,0,24,6,3505,1589
AATAGTCGCGAGTCGG-1,0,25,7,3601,1645
AGTTACCCTTAAGACT-1,0,24,8,3504,1700
CTTAAATAAGACCCAT-1,0,25,9,3600,1756
GGTTGTGCTCTTGTCC-1,0,24,10,3503,1810
GTGAGTCTAAGACGGA-1,0,25,11,3600,1866
CGCGACACTGCGCAGC-1,0,24,12,3503,1921
GCTCGCGGTTCCGCTC-1,0,25,13,3599,1977
TTAACTCACGCGTGGA-1,0,24,14,3502,2032
GGAACGGCCTGCAGCC-1,0,25,15,3598,2088
GTAGAAACGGGTGGAG-1,0,24,16,3502,2143
TAATGAAAGACCCTTG-1,0,25,17,3598,2199
AGGCTTGCTAGACACC-1,0,24,18,3501,2254
TTGCGTAGTTTGAGGA-1,0,25,19,3597,2310
CGCCCTTGAAGGCTGA-1,0,24,20,3501,2365
CCCGGTGGAAGAACCT-1,0,25,21,3597,2421
TTAACACCTCGAACAT-1,0,24,22,3500,2476
GATTCCTATACGGCGC-1,0,25,23,3596,2531
TTACCCTAACAGTCCT-1,0,24,24,3499,2586
ACCCACCTACATGCTC-1,0,25,25,3596,2642
AAAGGGCAGCTTGAAT-1,0,24,26,3499,2697
CACACAGGGATAGATT-1,0,25,27,3595,2753
AGAGCGTACAAGCTCG-1,0,24,28,3498,2808
TCTTACGGCATCCGAC-1,0,25,29,3595,2864
GCCTATTCCGATATAG-1,0,24,30,3498,2919
GAAAGTGACTAACTGC-1,0,25,31,3594,2975
CCGGAATGGTTTCAGT-1,0,24,32,3497,3030
AGTATAATACTAGGCA-1,0,25,33,3593,3086
TAACTATCGAAGGTCC-1,0,24,34,3497,3141
ATGAGGAGTGTTAATC-1,0,25,35,3593,3197
TGTGTCGCGAGTTGCA-1,0,24,36,3496,3251
ATCCAACGCAGTCATA-1,0,25,37,3592,3307
AAGGCGCGTAAAGCTT-1,0,24,38,3496,3362
AGTCGGCCCAAACGAC-1,0,25,39,3592,3418
AACGTCAGACTAGTGG-1,0,24,40,3495,3473
ACTACCAGCTCTCTGG-1,0,25,41,3591,3529
GCAAGTGCACAGAGAA-1,0,24,42,3494,3584
ACACCTTAAGTAGGGC-1,0,25,43,3591,3640
TTCGACGGGAAGGGCG-1,0,24,44,3494,3695
TTCGCACTCGCGTGCT-1,0,25,45,3590,3751
TATTTGTTACCCTTTA-1,0,24,46,3493,3806
CGCTGTGACGCCGCAC-1,0,25,47,3590,3862
GTTGCACGGAGTTTCG-1,0,24,48,3493,3917
GTTTCCTGGAGGGTGA-1,0,25,49,3589,3972
ACACCCAGCATGCAGC-1,0,24,50,3492,4027
TCAACCATGTTCGGGC-1,0,25,51,3588,4083
TTACAACTACGCATCC-1,0,24,52,3492,4138
TCCGATGGTGCGACAT-1,0,25,53,3588,4194
GGGCGTACATTTATAT-1,0,24,54,3491,4249
AGCGACCAACGATATT-1,0,25,55,3587,4305
ACACAAAGACGGGTGG-1,0,24,56,3491,4360
ATCGCACGCCGGGAGA-1,0,25,57,3587,4416
GCTCTAAACCCTGACG-1,0,24,58,3490,4471
AATGCAACCGGGTACC-1,0,25,59,3586,4527
TCAAACAACCGCGTCG-1,0,24,60,3489,4582
TATGCTCCCTACTTAC-1,0,25,61,3586,4638
AAAGGGATGTAGCAAG-1,0,24,62,3489,4693
ACGATCATACATAGAG-1,0,25,63,3585,4748
TTGTTCAGTGTGCTAC-1,0,24,64,3488,4803
ATGCATGATCCAGGAT-1,0,25,65,3584,4859
AGTCTTCTCCTCAAAT-1,0,24,66,3488,4914
GATTCCCTTGTCGCAG-1,0,25,67,3584,4970
CTCGCACCTATATAGT-1,0,24,68,3487,5025
ACTCAATAAAGGCACG-1,0,25,69,3583,5081
AACCGAGCTTGGTCAT-1,0,24,70,3487,5136
TAAGGCAACATAAGAT-1,0,25,71,3583,5192
CACGCACAGCGCAGCT-1,0,24,72,3486,5247
GGTTTACAATCTCAAT-1,0,25,73,3582,5303
TGCAGGATCGGCAAAG-1,0,24,74,3486,5358
ATAACGGAGTCCAACG-1,0,25,75,3582,5414
AACGATATGTCAACTG-1,0,24,76,3485,5468
GACAACGACCATTGAA-1,0,25,77,3581,5524
TTGACCATGTTCTCCG-1,0,24,78,3484,5579
AGTACGGGCACCTGGC-1,0,25,79,3581,5635
CGCCATCCGATTATGA-1,0,24,80,3484,5690
AAGGTATCCTAATATA-1,0,25,81,3580,5746
TGTTGTCAAGAAGTCT-1,0,24,82,3483,5801
CAGTGAATAAATGACT-1,0,25,83,3579,5857
CACCTTGCGAAACTCG-1,0,24,84,3483,5912
CATTTAGCGGACCATG-1,0,25,85,3579,5968
CCAGTCTAGACGGCGC-1,0,24,86,3482,6023
TCGCTTTAAACGTTTG-1,0,25,87,3578,6079
GTGAAACGGCGCCACC-1,0,24,88,3482,6134
GGGCTCATCGAACCCA-1,0,25,89,3578,6189
TTGATGTGTAGTCCCG-1,0,24,90,3481,6244
CAGTAGCCCACGCGGT-1,0,25,91,3577,6300
AGCGCGGGTGCCAATG-1,0,24,92,3480,6355
TAATCGATCCGTACGT-1,0,25,93,3577,6411
AGTGGCGGCAATTTGA-1,0,24,94,3480,6466
CCTTTCAATGAAGAAA-1,0,25,95,3576,6522
CTCAGTCACGACAAAT-1,0,24,96,3479,6577
ATAGGCTAGCTTCGCA-1,0,25,97,3576,6633
CGGTTCAAGTAGGTGT-1,0,24,98,3479,6688
CAGTCGAGGATGCAAT-1,0,25,99,3575,6744
TATCACCCAACCGACC-1,0,24,100,3478,6799
AATGATGCGACTCCTG-1,0,25,101,3574,6855
TGGAACCACTGACACA-1,0,24,102,3478,6909
GCCAATAGGGCATCTC-1,0,25,103,3574,6965
TTCTTTGGTCGCGACG-1,0,24,104,3477,7020
ATTAGATTCCTCAGCA-1,0,25,105,3573,7076
CCGTGGAACGATCCAA-1,0,24,106,3477,7131
GGGTCGTGGCAAGTGT-1,0,25,107,3573,7187
TCGCTCGGCACCAGCG-1,0,24,108,3476,7242
ACGCAATCACTACAGC-1,0,25,109,3572,7298
CTCTAATGCATTGATC-1,0,24,110,3475,7353
GTCTCGACTAAGTTTG-1,0,25,111,3572,7409
TGGTTTAAACGTGGGT-1,0,24,112,3475,7464
CGCAGATCTTCACCCG-1,0,25,113,3571,7520
TCCAGATGTACGCCAA-1,0,24,114,3474,7575
CATTGCGGGTCAATTC-1,0,25,115,3570,7631
GACGTTCGTAAATACA-1,0,24,116,3474,7685
TACACCGTCGTTAGTC-1,0,25,117,3570,7741
ACGGGCGTATGCGACA-1,0,24,118,3473,7796
GAAGGCTACCATTGTT-1,0,25,119,3569,7852
TAAATCTTTACACCTC-1,0,24,120,3473,7907
AGTTTATGTAAAGACA-1,0,25,121,3569,7963
AGGAGACATCCACAGT-1,0,24,122,3472,8018
CAACCTGAACCTGCCA-1,0,25,123,3568,8074
AGTCCCTCGCAGAAAG-1,0,24,124,3472,8129
TGTATACGGATGATGA-1,0,25,125,3568,8185
TTGTGGTATAGGTATG-1,0,24,126,3471,8240
TCTGCACCATTAGTAA-1,0,25,127,3567,8296
AAATGTATCTTATCCC-1,0,26,0,3699,1257
ACTCTAAACCTGGGAT-1,0,27,1,3795,1313
GCTGGCAGGTGCCGTG-1,0,26,2,3699,1368
CTCATTCGTGAACATC-1,0,27,3,3795,1424
TCGCCGGATGGGCAAG-1,0,26,4,3698,1479
GGACTAAGTCAGGAGT-1,0,27,5,3794,1535
TATCAAAGGTCTGTAA-1,0,26,6,3697,1590
TTCAGTTTGTGGCAGC-1,0,27,7,3794,1646
TGTTCATAAATGTGCT-1,0,26,8,3697,1701
CTTAGCCCGGATAGTG-1,0,27,9,3793,1756
GATGCGAATGGTATTA-1,0,26,10,3696,1811
TCTAACTGTATGTAAA-1,0,27,11,3792,1867
TTAAACCTGGTTCCTT-1,0,26,12,3696,1922
GCTAAGTAAAGGCGAT-1,0,27,13,3792,1978
AGTTACCGCACATGGT-1,0,26,14,3695,2033
GACTGCGGCACGTGTA-1,0,27,15,3791,2089
TGGTGATCGTATTTGT-1,0,26,16,3695,2144
TTATCGCCTGCGAAGC-1,0,27,17,3791,2200
TGGAATTAGACGCTTT-1,0,26,18,3694,2255
TCGTCACACTGTTAGC-1,0,27,19,3790,2311
TTATGTTTGCGATAGA-1,0,26,20,3693,2366
GGTGCTGATCACAAAG-1,0,27,21,3790,2422
CATAGCCGCCCGGGAT-1,0,26,22,3693,2477
GGTTAGTTACGGCGCC-1,0,27,23,3789,2532
ATTCCCACATAAACAA-1,0,26,24,3692,2587
ATTCAGTAGCAGGGTC-1,0,27,25,3789,2643
CAGTTCCGCGGGTCGA-1,0,26,26,3692,2698
AAGAGATGAATCGGTA-1,0,27,27,3788,2754
CGCAATTCTACAATAA-1,0,26,28,3691,2809
TAACGCTTTGAGAGCG-1,0,27,29,3787,2865
AGGCTATGGTTAGCTT-1,0,26,30,3691,2920
GAGGAATGGAGAGGTT-1,0,27,31,3787,2976
TCCTCTACGAGATGGC-1,0,26,32,3690,3031
TTGATTATGCAGATGA-1,0,27,33,3786,3087
TCAGTACTGACCCGCG-1,0,26,34,3690,3142
TTATGACAAACTGGAT-1,0,27,35,3786,3198
GTAAGTAGGGTATACC-1,0,26,36,3689,3252
CGCAAACACGAGTTAC-1,0,27,37,3785,3308
TGGCCGTATATTGACC-1,0,26,38,3688,3363
ACTGTAGCACTTTGGA-1,0,27,39,3785,3419
GCTCTATGTTACGTGC-1,0,26,40,3688,3474
TGCGCGATTAACGGAG-1,0,27,41,3784,3530
GAATCGACATGGTCAC-1,0,26,42,3687,3585
GACTAAGTAGGCTCAC-1,0,27,43,3783,3641
ATCTTGACCTGCAACG-1,0,26,44,3687,3696
ATGCACTACCGCATTG-1,0,27,45,3783,3752
CAGATACTAACATAGT-1,0,26,46,3686,3807
GATCGACACTATCTGA-1,0,27,47,3782,3863
ATAGAGTACTGGGACA-1,0,26,48,3686,3918
CCTACTGCTTACACTT-1,0,27,49,3782,3973
CCTGCTATTTGAGAAG-1,0,26,50,3685,4028
CGCGTTCATGAAATAC-1,0,27,51,3781,4084
CATTATGCTTGTTGTG-1,0,26,52,3685,4139
CCAGGGACGTGGCCTC-1,0,27,53,3781,4195
TATGGATGTGCTACGC-1,0,26,54,3684,4250
GTACTAAGATTTGGAG-1,0,27,55,3780,4306
AGACCCGCCCTCCTCG-1,0,26,56,3683,4361
CGCATTAGCTAATAGG-1,0,27,57,3780,4417
GCTCTCGGGTACCGAA-1,0,26,58,3683,4472
CACCGCCAGAAGGTTT-1,0,27,59,3779,4528
TCCCAAAGACGAAGGA-1,0,26,60,3682,4583
ATGGATTGACCAAACG-1,0,27,61,3778,4639
GTCATGGACATGACTA-1,0,26,62,3682,4693
CTACTGCCACCTGACC-1,0,27,63,3778,4749
TTATATTTGGCAATCC-1,0,26,64,3681,4804
AGCACCAGTACTCACG-1,0,27,65,3777,4860
CATGGTCTAGATACCG-1,0,26,66,3681,4915
TCTACCGTCCACAAGC-1,0,27,67,3777,4971
CTAGTTGGGCCCGGTA-1,0,26,68,3680,5026
TCCCGCGTACTCCTGG-1,0,27,69,3776,5082
CAGAGCATGAGCTTGC-1,0,26,70,3680,5137
ACACGGGAACTTAGGG-1,0,27,71,3776,5193
GGCTCTGCTCCAACGC-1,0,26,72,3679,5248
AGAACGTGGTACATTC-1,0,27,73,3775,5304
CAATAAACCTTGGCCC-1,0,26,74,3678,5359
ACTTCGCCATACGCAC-1,0,27,75,3775,5415
ATCTGGTTAAGACTGT-1,0,26,76,3678,5469
TCGTAAGACGACATTG-1,0,27,77,3774,5525
GTGTACCTTGGCTACG-1,0,26,78,3677,5580
GCCCGTAATACCTTCT-1,0,27,79,3773,5636
CGGTCAAGTGGGAACC-1,0,26,80,3677,5691
TTGTAAGGCCAGTTGG-1,0,27,81,3773,5747
GGAGCACCAAGAACTA-1,0,26,82,3676,5802
TAATAGTGACGACCAG-1,0,27,83,3772,5858
CTAAATCCTATTCCGG-1,0,26,84,3676,5913
CGAGTTCTGTCCCACC-1,0,27,85,3772,5969
AGGCAGATGCGTAAAC-1,0,26,86,3675,6024
AAGGATGAGGGACCTC-1,0,27,87,3771,6080
AGAGAACCGTCTAGGA-1,0,26,88,3674,6135
GAGGGCGCAGCTCTGC-1,0,27,89,3771,6190
AAGATTGGCGGAACGT-1,0,26,90,3674,6245
CCAGTAGTCTGATCCA-1,0,27,91,3770,6301
AAGGGACAGATTCTGT-1,0,26,92,3673,6356
ATAGAGTTATCAACTT-1,0,27,93,3770,6412
AAATTACCTATCGATG-1,0,26,94,3673,6467
GATCCTAAATCGGGAC-1,0,27,95,3769,6523
TTACAGACCTAAATGA-1,0,26,96,3672,6578
CCTCACCTTAGCATCG-1,0,27,97,3768,6634
CATGCGACCAGTTTAA-1,0,26,98,3672,6689
AACATATCAACTGGTG-1,0,27,99,3768,6745
CTATAAGAGCCAATCG-1,0,26,100,3671,6800
AATATCGAGGGTTCTC-1,0,27,101,3767,6856
GTACTCCTGGGTATGC-1,0,26,102,3671,6910
ATAAGTAGGATTCAGA-1,0,27,103,3767,6966
AGGTCGCGGAGTTACT-1,0,26,104,3670,7021
CTAATTCTCAGATATT-1,0,27,105,3766,7077
GCCAACCATTTCCGGA-1,0,26,106,3669,7132
TGATCCCAGCATTAGT-1,0,27,107,3766,7188
CGTTGTAAGATTGATT-1,0,26,108,3669,7243
GAAACCATGGTGCGCT-1,0,27,109,3765,7299
AATCTATGCCGGAGCC-1,0,26,110,3668,7354
GACTCCCAGAATAAGG-1,0,27,111,3764,7410
TATGATCCGGCACGCC-1,0,26,112,3668,7465
CCGCTTGCTGACATGG-1,0,27,113,3764,7521
TGGTTAAGGGCGCTGG-1,0,26,114,3667,7576
TTGATAGTCAATACAT-1,0,27,115,3763,7631
GGTTTAATTGAGCAGG-1,0,26,116,3667,7686
CATTACATAGATTGTG-1,0,27,117,3763,7742
GGTACACCAGATTTAT-1,0,26,118,3666,7797
GGCCCGTATACCATGC-1,0,27,119,3762,7853
ATCTTTCGTATAACCA-1,0,26,120,3666,7908
GAGATGACAATCCTTA-1,0,27,121,3762,7964
AAAGCTTGCCTACATA-1,0,26,122,3665,8019
GAACGATAAGTTAAAG-1,0,27,123,3761,8075
TAATAGCTAAATGATG-1,0,26,124,3664,8130
TATGGCTAGGCTAATT-1,0,27,125,3761,8186
AGGAGAGTCTGGCTAC-1,0,26,126,3664,8241
TGCTCTGCCGGTTCAC-1,0,27,127,3760,8297
CCAATAGATTTCATCT-1,0,28,0,3892,1258
GGGCACGAATTGGCCG-1,0,29,1,3988,1314
TCGTTGACAGGGTCCC-1,0,28,2,3891,1369
ATCGTATTCCGAGAAC-1,0,29,3,3988,1425
GGGAATTCTGTCCAGT-1,0,28,4,3891,1480
ACGCGTTTCTTAAGAG-1,0,29,5,3987,1536
GAGAGCGCAGTCCCTG-1,0,28,6,3890,1591
GTCCTATTGTTGTGGT-1,0,29,7,3986,1647
CATCTGCAGGATCATT-1,0,28,8,3890,1702
GAGTCGACAGACCCTC-1,0,29,9,3986,1757
AAGTGCAAAGGTAGAC-1,0,28,10,3889,1812
AGGGTGGATAGTGCAT-1,0,29,11,3985,1868
TGATAGCGGGATTCTA-1,0,28,12,3889,1923
GTCAGTTTGGTAGTCG-1,0,29,13,3985,1979
GCATTCGAAATGAACA-1,0,28,14,3888,2034
AAAGACTGGGCGCTTT-1,0,29,15,3984,2090
TAACAATATTTGTTGC-1,0,28,16,3887,2145
CCAGCTTCCGCCCGCA-1,0,29,17,3984,2201
GATATGGATTACGCGG-1,0,28,18,3887,2256
AGAGCAGTTATGAGAC-1,0,29,19,3983,2312
TCACATCTTATCTGAT-1,0,28,20,3886,2367
TATGAAGACAGGTGCG-1,0,29,21,3983,2423
TACCTGCTGCACTGTG-1,0,28,22,3886,2477
TAGGTCCAAGTAAGGA-1,0,29,23,3982,2533
GAAACTCGTGCGATGC-1,0,28,24,3885,2588
AACAATTACTCTACGC-1,0,29,25,3981,2644
CCGCACGTGACCTCGG-1,0,28,26,3885,2699
AACTTGCCCGTATGCA-1,0,29,27,3981,2755
GGGTATGTATGCACTT-1,0,28,28,3884,2810
TTCGTACTCCAGAACG-1,0,29,29,3980,2866
GAATTTCTCGCTGCAG-1,0,28,30,3884,2921
AACAGGATGGGCCGCG-1,0,29,31,3980,2977
GACGTGTAGGGATTAT-1,0,28,32,3883,3032
TAGGTGAGCCCTACTC-1,0,29,33,3979,3088
CTAATTCGCACGCGCT-1,0,28,34,3882,3143
GAAGCTTGCTGACCGC-1,0,29,35,3979,3199
GGTTAGGCTTGGAGAA-1,0,28,36,3882,3253
ACAAGGACAAGAGGTT-1,0,29,37,3978,3309
AGGCCACCCGTTATGA-1,0,28,38,3881,3364
GTGGGCTTAGACACAC-1,0,29,39,3977,3420
CGTGTCCCATTCGCGA-1,0,28,40,3881,3475
TGGAGTGATGCGATGA-1,0,29,41,3977,3531
AACAACTGGTAGTTGC-1,0,28,42,3880,3586
CCTGGCTAGACCCGCC-1,0,29,43,3976,3642
CGCAATTAGGGTAATA-1,0,28,44,3880,3697
TCGAAATTTAGGACCA-1,0,29,45,3976,3753
AGACTAGCCTTCCAGA-1,0,28,46,3879,3808
TTGATCTAACTTTGTC-1,0,29,47,3975,3864
AAGGAGCGGTTGGTGC-1,0,28,48,3879,3919
ACTTGGGACCCGGTGG-1,0,29,49,3975,3974
TGATCTCCGGCGCCAG-1,0,28,50,3878,4029
CAGTTCAAATTGACAC-1,0,29,51,3974,4085
GTCCGGCTGAATTGCG-1,0,28,52,3877,4140
CTGGAAATGGATGCTT-1,0,29,53,3974,4196
TGATCGGTTTGACCCT-1,0,28,54,3877,4251
TAGAGTCTAAGCGAAC-1,0,29,55,3973,4307
GAGACTGATGGGTAGA-1,0,28,56,3876,4362
TAGCTAAGTCCGGGAG-1,0,29,57,3972,4418
GGGCGATATGTGTGAA-1,0,28,58,3876,4473
CTCGAGGTCGAACAGT-1,0,29,59,3972,4529
GATCCCTTTATACTGC-1,0,28,60,3875,4584
GTCATGCACCTCCGTT-1,0,29,61,3971,4640
ACTTTCCTATAGCTTC-1,0,28,62,3875,4694
TCGCTCGATATATTCC-1,0,29,63,3971,4750
ATAGGTTGGGCAGATG-1,0,28,64,3874,4805
CAATTAAGGGTGATGA-1,0,29,65,3970,4861
ACCGACTGAGTCCCAC-1,0,28,66,3874,4916
CCTGTCACCCGGGCTC-1,0,29,67,3970,4972
GATCGGTGGCCATAAC-1,0,28,68,3873,5027
CCTATGGGTTACCGTC-1,0,29,69,3969,5083
TTGGGACACTGCCCGC-1,0,28,70,3872,5138
CGAGGCTAAATATGGC-1,0,29,71,3969,5194
TCAGGGTGTAACGTAA-1,0,28,72,3872,5249
CGAGAGATGTGAACCT-1,0,29,73,3968,5305
TCGCTGGGCGGATTGT-1,0,28,74,3871,5360
AGATCTCAGGTGTGAT-1,0,29,75,3967,5415
TGGCCAAACTGAAGTA-1,0,28,76,3871,5470
GCTTCCGTCCCTAGAC-1,0,29,77,3967,5526
CAGCAGCCCGTTCCTT-1,0,28,78,3870,5581
TGTATAACAGATCCTG-1,0,29,79,3966,5637
CGCGGGAATTAGGCAG-1,0,28,80,3870,5692
TGCATGTGGTAATCTA-1,0,29,81,3966,5748
ACAATTTGAGCAGTGG-1,0,28,82,3869,5803
GAGCTAAGGGCATATC-1,0,29,83,3965,5859
CCAGATAGTTGAGTGA-1,0,28,84,3868,5914
CCACAATGTACGTCTT-1,0,29,85,3965,5970
CAATGGATCTCTACCA-1,0,28,86,3868,6025
TGTGGCAAAGCGTATG-1,1,29,87,3964,6081
TAAAGCGTTAGGAGAA-1,1,28,88,3867,6136
TCCGTTTAGCCTTGAA-1,1,29,89,3964,6191
CAGCTCGACAAGTTAA-1,0,28,90,3867,6246
GCCTATAGTGTCAGGG-1,1,29,91,3963,6302
ATAGACAACGGGACCT-1,0,28,92,3866,6357
CTACTATCTTTCAGAG-1,0,29,93,3962,6413
GCGCTGCTTTGCATTT-1,0,28,94,3866,6468
GCGCATCCAGTCAGCA-1,0,29,95,3962,6524
GACTCGCGGGAATGAC-1,0,28,96,3865,6579
CTGGTAACGAGCTCTT-1,0,29,97,3961,6635
TCCGGCCTAGCGTACA-1,0,28,98,3865,6690
TCTAGGTGGCGACGCT-1,0,29,99,3961,6746
ACGCTAGTGATACACT-1,0,28,100,3864,6801
ATCTGCACCTCTGCGA-1,0,29,101,3960,6857
CCTCACCTGAGGGAGC-1,0,28,102,3863,6911
AGTGAGCCTCGCCGCC-1,0,29,103,3960,6967
ACGAGTACGGATGCCC-1,0,28,104,3863,7022
GGTACCATTAAGACGG-1,0,29,105,3959,7078
TTCTGCTAGACTCCAA-1,0,28,106,3862,7133
TAACTATTACGCCAAA-1,0,29,107,3958,7189
GCATTCAAGGCAACGC-1,0,28,108,3862,7244
AGTACATCATTTATCA-1,0,29,109,3958,7300
GTCGTGTCTGGTCATC-1,0,28,110,3861,7355
AGTCTAAAGTATACTC-1,0,29,111,3957,7411
CGGCCCAACCTGTAGT-1,0,28,112,3861,7466
AGGGAGACATACTTCG-1,0,29,113,3957,7522
TCCCTAGATCAATAGG-1,0,28,114,3860,7577
TCCCGTCGCGTCATAG-1,0,29,115,3956,7632
CGCATCCATCAGCCAG-1,0,28,116,3860,7687
CTGCACCTAGTCCACA-1,0,29,117,3956,7743
CGAGGATCGGGAACGA-1,0,28,118,3859,7798
CAATGAGGTTCGACTA-1,0,29,119,3955,7854
TCTGACGGGCTAACCC-1,0,28,120,3858,7909
TTCTATGCCTTTCGCA-1,0,29,121,3955,7965
AGAGTATAGTGTTACG-1,0,28,122,3858,8020
CCATTGTTTCCTCCAT-1,0,29,123,3954,8076
CTCATCACTTAGTGAT-1,0,28,124,3857,8131
CCGAAGGGCGTACCGC-1,0,29,125,3953,8187
TCAAGCTGCCTTGAAA-1,0,28,126,3857,8242
CTCATTAACGTTGCCC-1,0,29,127,3953,8298
GTCTTCCTCACCTAAG-1,0,30,0,4085,1259
GGTGATGAAGGAAGTG-1,0,31,1,4181,1315
TCAATACAATTGCTGC-1,0,30,2,4084,1370
GCAACCCAAGTTGTTT-1,0,31,3,4180,1426
ATGAAGTGGACCCAGC-1,0,30,4,4084,1481
GAGAATCTCACGATCA-1,0,31,5,4180,1537
TATATCATTGATCAGT-1,0,30,6,4083,1592
AACTTTACGGGAGCTT-1,0,31,7,4179,1648
TTCTTGTGTCCATCAG-1,0,30,8,4083,1703
ACAATTTAGGAGGCTC-1,0,31,9,4179,1758
ATACTTGTTCTCGAGC-1,0,30,10,4082,1813
CACGGGATTGAGGGTT-1,0,31,11,4178,1869
GTTAATGTCTATCTTA-1,0,30,12,4081,1924
GCGTTATATTTGGAAC-1,0,31,13,4178,1980
CGTCAAGGCTATAAAT-1,0,30,14,4081,2035
TTAGCTCTGTAATCCG-1,0,31,15,4177,2091
AATGGTCCACCGTTCA-1,0,30,16,4080,2146
GTCATTGCATTGACCC-1,0,31,17,4177,2202
TGTCCGTGGCGCCTTT-1,0,30,18,4080,2257
TCAACTAACGTATAAC-1,0,31,19,4176,2313
TCCTCTCCAGTTGTCC-1,0,30,20,4079,2368
TGTGTTCGTATCCAAG-1,0,31,21,4175,2424
CCGCGTAGGTAAGGGC-1,0,30,22,4079,2478
CTGCGGGTGAAATGTT-1,0,31,23,4175,2534
TATCTACAGAGGTAAT-1,0,30,24,4078,2589
CTACTCTAGGCCCGGC-1,0,31,25,4174,2645
ACAAGCAGTGCCTAGC-1,0,30,26,4078,2700
TACAAGTCTCGTGCAT-1,0,31,27,4174,2756
TCGGAATGCGCTCTGA-1,0,30,28,4077,2811
TCGCGTCCAGAAGGTC-1,0,31,29,4173,2867
TATGGCCCGGCCTCGC-1,0,30,30,4076,2922
GCTGGCATATTCACCT-1,0,31,31,4173,2978
GTCAGAATAGTCTATG-1,0,30,32,4076,3033
GGCGTCCTATCCGCTG-1,0,31,33,4172,3089
CGGAGTTTGAGAGACA-1,0,30,34,4075,3144
AGCACTTAAGGACGCC-1,0,31,35,4171,3199
TCCACAATGGTTTACG-1,0,30,36,4075,3254
CCAACGATGCACTGAT-1,0,31,37,4171,3310
ATTTACAGTTTACTGG-1,0,30,38,4074,3365
CCCTGAAATGAGTTGA-1,0,31,39,4170,3421
CAAACGGTCGCACTTT-1,0,30,40,4074,3476
TGATTCGTCTATCACT-1,0,31,41,4170,3532
TCAGGTTCTTTGAGAA-1,0,30,42,4073,3587
CACGCAGCGAGGCTTT-1,0,31,43,4169,3643
TTAAGCGCCTGACCCA-1,0,30,44,4073,3698
CTTACACGGTATTCCA-1,0,31,45,4169,3754
AAGGCTGTGCTCATCG-1,0,30,46,4072,3809
GACCAGAGCCCTGTAG-1,0,31,47,4168,3865
TCCCAGGCTTAGCTAA-1,0,30,48,4071,3920
ATTGAAGATCTTAGTG-1,0,31,49,4168,3975
AGTTCCTACAGAATTA-1,0,30,50,4071,4030
GGGCTGGTTAGTCGCG-1,0,31,51,4167,4086
GAAATGGCGGTGTTAG-1,0,30,52,4070,4141
TACGAACACGACTTCA-1,0,31,53,4166,4197
ACCACAAGTTTCTATC-1,0,30,54,4070,4252
ATATTTAACCCTCAAG-1,0,31,55,4166,4308
GATCATTCCAAACATT-1,0,30,56,4069,4363
TCCAGGCGAGTACGGT-1,0,31,57,4165,4419
GTTTGACCAAATCCTA-1,0,30,58,4069,4474
CACAGCACCCACGGCA-1,0,31,59,4165,4530
TGCAAGAATGACGTAA-1,0,30,60,4068,4585
GCGAAGCCATACCCGT-1,0,31,61,4164,4641
TCCTTTCTTACGCTTA-1,0,30,62,4067,4695
GCTGCTCTCCGGACAC-1,0,31,63,4164,4751
ACTGTCTTCTTTAGAA-1,0,30,64,4067,4806
TCAAACTTAGATTGTT-1,0,31,65,4163,4862
CTATGTCACTAGCCCA-1,0,30,66,4066,4917
TGCGCAAAGCATTTGG-1,0,31,67,4163,4973
TTAATGTAGACCAGGT-1,0,30,68,4066,5028
GGCGGTAGGATCATTG-1,0,31,69,4162,5084
GGCAATAGTCAATGAG-1,0,30,70,4065,5139
ACACGAGACTCCTTCT-1,0,31,71,4161,5195
GACACAAGGGAAGAAA-1,0,30,72,4065,5250
TCAGCAAATGCATCTC-1,0,31,73,4161,5306
GAGATCTGTCACTCCG-1,0,30,74,4064,5361
ATGCCGGTCTTGCATA-1,0,31,75,4160,5416
TTGGGCGGCGGTTGCC-1,0,30,76,4064,5471
TTGTTGTGTGTCAAGA-1,0,31,77,4160,5527
ACTGTACGATACACAT-1,0,30,78,4063,5582
TCCACTTTATCTAGGT-1,0,31,79,4159,5638
GGTCTGAGAATCTGGA-1,0,30,80,4062,5693
TAGAAAGGTGGCGCTA-1,0,31,81,4159,5749
TATGTCTCATTGTGCC-1,0,30,82,4062,5804
GGATTTCACTTCTATA-1,0,31,83,4158,5860
TGAGTGGTCCGTGACG-1,0,30,84,4061,5915
CGCTTTCTTGCATTCG-1,0,31,85,4158,5971
ACCCAACGCCCGTGGC-1,1,30,86,4061,6026
GAACGTCTCATGGTCG-1,1,31,87,4157,6082
AGGGTTCCCTTTGGTT-1,1,30,88,4060,6136
GTAGCTTCCTCTTGTT-1,1,31,89,4156,6192
GCATGAGGGACGCGGC-1,1,30,90,4060,6247
CTACCCTAAGGTCATA-1,1,31,91,4156,6303
TCACCGCTCGGCACTC-1,0,30,92,4059,6358
GGCTCGCGTTGAGGTA-1,0,31,93,4155,6414
CTAACGAAACTTGCTG-1,0,30,94,4059,6469
TTAAACTCGAATTCAT-1,0,31,95,4155,6525
TACTTTACTGAGCCGG-1,0,30,96,4058,6580
GCTTGGATCGATTAGG-1,0,31,97,4154,6636
CGGTTATCCAACAGTG-1,0,30,98,4057,6691
CAGACCTGTAAGTGTT-1,0,31,99,4154,6747
GACGGTCAATAGAAGC-1,0,30,100,4057,6802
CTGACTGCGCAGCTCG-1,0,31,101,4153,6857
CCATACCTTTACTTGT-1,0,30,102,4056,6912
GTAATAAAGGGCTCCC-1,0,31,103,4152,6968
GTGAACTCCCATTCGA-1,0,30,104,4056,7023
GTGGTTACTTCTTTCG-1,0,31,105,4152,7079
TCAGAACCTCCACAGG-1,0,30,106,4055,7134
TCCCACTCTCTTCCGG-1,0,31,107,4151,7190
ATCTTGACTTGTCCAA-1,0,30,108,4055,7245
TCGGGAACGTGCCTAG-1,0,31,109,4151,7301
GTTAGCCGTAAATCAA-1,0,30,110,4054,7356
ATTTACTAAGTCCATT-1,0,31,111,4150,7412
GGGTGCATATGAAAGC-1,0,30,112,4054,7467
TCCGAATGGTCCTGAG-1,0,31,113,4150,7523
TGATGGCTGTTTCTGA-1,0,30,114,4053,7578
AAATAAGGTAGTGCCC-1,0,31,115,4149,7633
CCACTATCCGGGTCAC-1,0,30,116,4052,7688
ACACCACATAATTAGC-1,0,31,117,4149,7744
CGCGGTAAGTCTAGCT-1,0,30,118,4052,7799
GCGGGCATTACGATGC-1,0,31,119,4148,7855
AGGATTGCTTACGACA-1,0,30,120,4051,7910
CTCGGGATAACACCTA-1,0,31,121,4147,7966
GTCGTCTGGTTGGCTA-1,0,30,122,4051,8021
GCAATTAGTCGCACCG-1,0,31,123,4147,8077
GTGACCTAAAGAATAA-1,0,30,124,4050,8132
CTGAGCGAGACTTATT-1,0,31,125,4146,8188
CAAGACTCAGAAGCGC-1,0,30,126,4050,8243
ACTTCGCTAGCGAGTG-1,0,31,127,4146,8299
CCATACTCGCCTCTCC-1,0,32,0,4278,1260
ACGATACCTATCCTGA-1,0,33,1,4374,1316
CTCACCAGTACAAGTG-1,0,32,2,4277,1371
CGAAGACGGTGAGTGC-1,0,33,3,4373,1427
AAATTAATAAGCGCGA-1,0,32,4,4277,1482
GGGCCCTTATCTATAC-1,0,33,5,4373,1538
CTGCCCACGAAGCGTT-1,0,32,6,4276,1593
GGACAAGTTGCAGTGA-1,0,33,7,4372,1649
GTCCGAGAGCAATCAT-1,0,32,8,4275,1704
ATGGCAGCCGAGAAAC-1,0,33,9,4372,1759
CCTCGGATGCTACCTG-1,0,32,10,4275,1814
ATACGGTGAAGATGCA-1,0,33,11,4371,1870
ACATCAGCTGGGACGC-1,0,32,12,4274,1925
GGTTGTGTAGCCTGGC-1,0,33,13,4371,1981
CCTGCGTTCTACGCTT-1,0,32,14,4274,2036
GAACGTTAGGAAGACG-1,0,33,15,4370,2092
CTGATAGTGTATCTCA-1,0,32,16,4273,2147
TTCTGCGAGCGCCCTT-1,0,33,17,4369,2203
CTTTGGCGCTTTATAC-1,0,32,18,4273,2258
TCCGAACTTGGCTTAC-1,0,33,19,4369,2314
TAGATTCCTGGTTATT-1,0,32,20,4272,2369
CCGACAAAGGGAGTGC-1,0,33,21,4368,2425
CCATGGCCCTTGTACC-1,0,32,22,4272,2479
GAAATATCACCATCAG-1,0,33,23,4368,2535
ACGAAATGGGCGGCAC-1,0,32,24,4271,2590
GTGAGCGTGCTGCACT-1,0,33,25,4367,2646
CCGCGGGTACGAAGAA-1,0,32,26,4270,2701
TCCCTGGCTCGCTGGA-1,0,33,27,4367,2757
CAGCTTAGTAGGTAGC-1,0,32,28,4270,2812
CACGAAAGTTAGTCCC-1,0,33,29,4366,2868
ACCTAATCGACTTCCT-1,0,32,30,4269,2923
AAGTAGTGACGCGAGG-1,0,33,31,4365,2979
TCCGATTACATTGCCG-1,0,32,32,4269,3034
CCTCCGACAATTCAAG-1,0,33,33,4365,3090
GTTCACAGGAGTCTAG-1,0,32,34,4268,3145
CGAAGTTGCTCTGTGT-1,0,33,35,4364,3200
GTCGGATATCTCAGAC-1,0,32,36,4268,3255
CGCTCTCCGTAGATTA-1,0,33,37,4364,3311
CAAGCAACGTCGGAGT-1,0,32,38,4267,3366
CCATTCCCTGCCCACA-1,0,33,39,4363,3422
CTTTGGCTTTAGTAAA-1,0,32,40,4267,3477
GGCTATTAAGTTGTAT-1,0,33,41,4363,3533
CCATTAGCGATAATCC-1,0,32,42,4266,3588
TGTTCTTCCATTGACT-1,0,33,43,4362,3644
AGATAACTTCAGGGCC-1,0,32,44,4265,3699
ATAGACGAAGAGAAAG-1,0,33,45,4362,3755
GGCGGAGTAATATTAG-1,0,32,46,4265,3810
TGACCCACGTTAGACA-1,0,33,47,4361,3866
TCACAGGTTATTGGGC-1,0,32,48,4264,3920
TCACGCATTGTAGATC-1,0,33,49,4360,3976
TTGAAGAATTCCCAGG-1,0,32,50,4264,4031
AAATGGTCAATGTGCC-1,0,33,51,4360,4087
TAGTGCCCTCCAGAGT-1,0,32,52,4263,4142
GGTATTGCCGAGTTTA-1,0,33,53,4359,4198
CGTATTAAGAGATCTA-1,0,32,54,4263,4253
ACTGTCCAGGATTATA-1,0,33,55,4359,4309
CGGGCAGCTAAACCGC-1,0,32,56,4262,4364
TTGCTGATCATGTTCG-1,0,33,57,4358,4420
TATGGGTACGTATCGT-1,0,32,58,4261,4475
CAGCTCACTGAGACAT-1,0,33,59,4358,4531
GGGACTGCATAGATAG-1,0,32,60,4261,4586
ACGCATTCGTGAGTAC-1,0,33,61,4357,4641
CTCTGGACGCCTGGTG-1,0,32,62,4260,4696
AGGGTTTAGTTCGGGA-1,0,33,63,4357,4752
GGGAGAACTCACAGTA-1,0,32,64,4260,4807
ATCAATCTGGGCTGCA-1,0,33,65,4356,4863
TCTTCGATACCAATAA-1,0,32,66,4259,4918
ACGTAGATTGCTGATG-1,0,33,67,4355,4974
TCTTGATGCGTAGCGA-1,0,32,68,4259,5029
GGGCTGCCTAGGGCGA-1,0,33,69,4355,5085
CTCTCACAATCGATGA-1,0,32,70,4258,5140
CCAAGCGTAACTCGTA-1,0,33,71,4354,5196
ACAACAGCATGAGCTA-1,0,32,72,4258,5251
GTCCCAACGTAAAGTA-1,0,33,73,4354,5307
TCGGAGTACATGAGTA-1,0,32,74,4257,5362
GGGAGTTAATGAGGCG-1,0,33,75,4353,5417
CCGGGCGGTCTCGTCA-1,0,32,76,4256,5472
CCGTAAGTTGGTCCCA-1,0,33,77,4353,5528
GGAGGGCTTGGTTGGC-1,0,32,78,4256,5583
TCGGACGCCCAGCCCA-1,0,33,79,4352,5639
TCTGTGCCATCATAGT-1,0,32,80,4255,5694
GTACTGGAGTTAGACC-1,0,33,81,4352,5750
GGAATGCGCTAGCGTG-1,0,32,82,4255,5805
GTGTGAATAACTTAGG-1,0,33,83,4351,5861
GGTCGGCCAGGAGCTT-1,0,32,84,4254,5916
TAGCCGGCGGTCAGCG-1,0,33,85,4350,5972
CGGGTGTACCCATTTA-1,1,32,86,4254,6027
AGTGATTCAAGCAGGA-1,1,33,87,4350,6083
GTTGGATTGAGAACAC-1,1,32,88,4253,6137
CACACGCGCTGTCTTA-1,1,33,89,4349,6193
TAGACGCCCGTACCGG-1,1,32,90,4253,6248
GGTTTCAATCGGTCAG-1,1,33,91,4349,6304
AATCTGCGTTGGGACG-1,1,32,92,4252,6359
TTACGGATGGTTCGAG-1,1,33,93,4348,6415
CGGCAGGGTCGGGTTG-1,1,32,94,4251,6470
GCTTTCAGAGGAGGTG-1,1,33,95,4348,6526
TCTTCCCATGGGCACA-1,0,32,96,4251,6581
TACCGCGGACTTGCAG-1,0,33,97,4347,6637
AGAATTATGGATTCGA-1,0,32,98,4250,6692
ATTGATGAGTCCTAAC-1,0,33,99,4346,6748
TAGGTCGCCGGAACTG-1,0,32,100,4250,6803
TAACCTACCGTCCGAG-1,0,33,101,4346,6858
CTTAGTAGGCCTACAG-1,0,32,102,4249,6913
CTAGATGTGAGTGTAA-1,0,33,103,4345,6969
ACTCCCGAATTCGTTT-1,0,32,104,4249,7024
GTTCATCGTTTGGCTG-1,0,33,105,4345,7080
ACTTTACCCTCATGAA-1,0,32,106,4248,7135
GCGAGAGTTGCGTCCA-1,0,33,107,4344,7191
GTTCGGGCGTACCATT-1,0,32,108,4248,7246
CGACTTTGTATAGCCT-1,0,33,109,4344,7302
GCCATCGATGCTGCAT-1,0,32,110,4247,7357
GCATTTCCAAGGCTCC-1,0,33,111,4343,7413
ATGTAAGGCTGCTCTT-1,0,32,112,4246,7468
ACGTTCGCAATCAATT-1,0,33,113,4343,7524
GTGACGAGGGTGACCC-1,0,32,114,4246,7578
ATTATAGCTACTTTAC-1,0,33,115,4342,7634
CGTGTGTTAAACCCTG-1,0,32,116,4245,7689
TTGGTATGGCTTGTGT-1,0,33,117,4341,7745
CATTCCCATTCCGTCG-1,0,32,118,4245,7800
TGCCGAAAGCGTATTC-1,0,33,119,4341,7856
CAACACATCTCCTGCC-1,0,32,120,4244,7911
CTGCCTCATATGCAAC-1,0,33,121,4340,7967
TCCCGCCTATGTGCGT-1,0,32,122,4244,8022
GGTTACCCGACACTTT-1,0,33,123,4340,8078
CCAGCGGGATCACCAG-1,0,32,124,4243,8133
ATGTTTCGGCCCGGAG-1,0,33,125,4339,8189
GCGTCTAACCTCCTAA-1,0,32,126,4242,8244
ATCAGGTAGCTGACAG-1,0,33,127,4339,8299
GGTATGAAAGAACTGA-1,0,34,0,4471,1261
GTGGCCTAATATCATT-1,0,35,1,4567,1317
CCTGTGAAACCGTAAC-1,0,34,2,4470,1372
GGCAGAGAGATCGGGA-1,0,35,3,4566,1428
TAGCGTCGAATATTGA-1,0,34,4,4469,1483
CGCCGACTATTCGCTA-1,0,35,5,4566,1539
TCTGGCGCAAGCCGGG-1,0,34,6,4469,1594
AGTGGTTGCGTATAGG-1,0,35,7,4565,1650
ATCGGTTACCTAGTAA-1,0,34,8,4468,1704
CCTGCCCGTTGTCTAG-1,0,35,9,4565,1760
GCACACGCCCATGGTC-1,0,34,10,4468,1815
AGTACGGCCCGTATCG-1,0,35,11,4564,1871
TATCTAGCCTAAAGGA-1,0,34,12,4467,1926
CACTCGGTTAGGAGGA-1,0,35,13,4563,1982
ATGTTCGTCGACCCAC-1,0,34,14,4467,2037
TTCCTCTGCCCGAATA-1,0,35,15,4563,2093
TTACTATCGGCTTCTC-1,0,34,16,4466,2148
GCCGCATTAGTCCGGC-1,0,35,17,4562,2204
TAAGGGCTGGGAGAGG-1,0,34,18,4466,2259
TAAGCAGGCGACACGC-1,0,35,19,4562,2315
AGCACTACCGGCCTGT-1,0,34,20,4465,2370
GAAAGCCCTTTGGACC-1,0,35,21,4561,2425
GACCGACTGAAGCGTC-1,0,34,22,4464,2480
CGGTGAAGACTAAAGT-1,0,35,23,4561,2536
CCCTGCGCTACGCATA-1,0,34,24,4464,2591
TACTGGACAGCTCGGC-1,0,35,25,4560,2647
TTAGTAGGGCGGCGGG-1,0,34,26,4463,2702
GAGGCTATCAAAGTCG-1,0,35,27,4559,2758
TTACCATTGATTACCC-1,0,34,28,4463,2813
ATACCACGGGCAACTT-1,0,35,29,4559,2869
TGTCCTAAGTCACCGC-1,0,34,30,4462,2924
AGGTAGGTACAAAGCT-1,0,35,31,4558,2980
GGCATACAGGTAGCGG-1,0,34,32,4462,3035
TGTAGTGATCTATAAT-1,0,35,33,4558,3091
TCCCGGGTGTGCTGCT-1,0,34,34,4461,3146
TACGATGTTGATCATC-1,0,35,35,4557,3201
CCTCTCTCCCATCTAG-1,0,34,36,4461,3256
GCAGGACTATAGAATA-1,0,35,37,4557,3312
CTAGTGAAGGACAGGA-1,0,34,38,4460,3367
TACGAGAACTTCACGT-1,0,35,39,4556,3423
CGTTGTTTCAATTCCC-1,0,34,40,4459,3478
GCAAATATTACGCTTT-1,0,35,41,4556,3534
CCAATAGTGCCGTCGA-1,0,34,42,4459,3589
ATTGCTGCTCCTCCAT-1,0,35,43,4555,3645
GAGATCTGCTTGGCAT-1,0,34,44,4458,3700
GCCGAAATTCCTACGT-1,0,35,45,4554,3756
GGCACTCCACTGGGCA-1,0,34,46,4458,3811
GGGTCACCGTGACGGT-1,0,35,47,4554,3867
CACTTAATCAGACGGA-1,0,34,48,4457,3921
CGTTTCGCTCATTACA-1,0,35,49,4553,3977
ATAAAGGCTCGGTCGT-1,0,34,50,4457,4032
CACTAAAGTTGCCTAT-1,0,35,51,4553,4088
GTGCTCAAGTACTGTC-1,0,34,52,4456,4143
CCATGCCTGTTTAGTA-1,0,35,53,4552,4199
TCTAGTTATCAGAAGA-1,0,34,54,4455,4254
TTGTAATCCGTACTCG-1,0,35,55,4552,4310
TCCCAGCTTTAGTCTG-1,0,34,56,4455,4365
CTACGCACGGAGTACC-1,0,35,57,4551,4421
AAATTAACGGGTAGCT-1,0,34,58,4454,4476
CGGCCACGCACAAAGT-1,0,35,59,4551,4532
GAAGCGTGAGGAATTT-1,0,34,60,4454,4587
ATATCTTAGGGCCTTC-1,0,35,61,4550,4642
ACGCGGGCCAAGGACA-1,0,34,62,4453,4697
GCGAGTTCTGCAAAGA-1,0,35,63,4549,4753
TATTCGTGCCAGAATA-1,0,34,64,4453,4808
AGGGCTGCAGTTACAG-1,0,35,65,4549,4864
CTAGCATAGTATAATG-1,0,34,66,4452,4919
TAGGTTCGAGTTCGTC-1,0,35,67,4548,4975
GAATTATAGTGAAAGG-1,0,34,68,4452,5030
CTATCGGGTCTCAACA-1,0,35,69,4548,5086
GCGCTAATTGAATAGA-1,0,34,70,4451,5141
ATGCGACAGTCCCATT-1,0,35,71,4547,5197
GGTAGTGCTCGCACCA-1,0,34,72,4450,5252
AAGCTCGTGCCAAGTC-1,0,35,73,4547,5308
TATTCAATTCTAATCC-1,0,34,74,4450,5362
TTCAAAGTCTCTAGCC-1,0,35,75,4546,5418
TTGAATATGGACTTTC-1,0,34,76,4449,5473
AAGAGCTCTTTATCGG-1,0,35,77,4545,5529
TTACTCCGGCCGGGAA-1,0,34,78,4449,5584
AAACGAGACGGTTGAT-1,0,35,79,4545,5640
GCTAAGTAGTTTCTCT-1,0,34,80,4448,5695
ATAACGCCGGAGGGTC-1,0,35,81,4544,5751
GGATCCGGAATATACT-1,0,34,82,4448,5806
TGAAAGGACCTGACTC-1,0,35,83,4544,5862
TCCGCGGCAGCATCTG-1,0,34,84,4447,5917
TGCATATGTCTGTCAC-1,0,35,85,4543,5973
TGTAGGAGAAATTTCC-1,1,34,86,4447,6028
AGTGAGACTTCCAGTA-1,1,35,87,4543,6083
CCCAAACATGCTGCTC-1,1,34,88,4446,6138
GCTTATGAAGCAGGAA-1,1,35,89,4542,6194
TTCTAACCGAAGCTTA-1,1,34,90,4445,6249
GGATGTCCTTACCGCA-1,1,35,91,4542,6305
AGGGTGCTCTCGAGGG-1,1,34,92,4445,6360
AACTCTCAATAGAGCG-1,1,35,93,4541,6416
TCTGAATTCCGTACAA-1,1,34,94,4444,6471
GCGTGGTACTGGGTTA-1,1,35,95,4540,6527
CGTCGGATAGTGTTGA-1,1,34,96,4444,6582
ATATGTCTCCCTAGCC-1,0,35,97,4540,6638
TCTTTAAGACTATGAA-1,0,34,98,4443,6693
TCATTTAAGTCTCCGA-1,0,35,99,4539,6749
GATATTGAGATTGGCG-1,0,34,100,4443,6804
TGACATCGAGCGGACC-1,0,35,101,4539,6859
GCGTAAATGGCCATAA-1,0,34,102,4442,6914
ATTGTACAACTCGGCT-1,0,35,103,4538,6970
TACGCTATAGAAACCT-1,0,34,104,4442,7025
CACCCAAATCTTATGT-1,0,35,105,4538,7081
AGATGATGGAGTCTGG-1,0,34,106,4441,7136
CCACGGTGCCCGGTAG-1,0,35,107,4537,7192
TCAAGAAATACTAGCT-1,0,34,108,4440,7247
AGGTATAATTGATAGT-1,0,35,109,4537,7303
CAAGGTCCTATAGGCT-1,0,34,110,4440,7358
CCGGCACGACCGTTTC-1,0,35,111,4536,7414
ACCTCCGTTATTCACC-1,0,34,112,4439,7469
GCAGCCTATATCACAT-1,0,35,113,4535,7525
GGTATAGTGACACATA-1,0,34,114,4439,7579
AAATTCCAGGTCCAAA-1,0,35,115,4535,7635
TCTTTAGCAGGCGAAC-1,0,34,116,4438,7690
TATTGACATTTCTGCC-1,0,35,117,4534,7746
TCTGATCGGGTGCTAG-1,0,34,118,4438,7801
GGCCCGGAGCATGTCT-1,0,35,119,4534,7857
GGGCGCAGCGTTACTC-1,0,34,120,4437,7912
TTGGCGATCCGAATAT-1,0,35,121,4533,7968
CCACGTAAATTAGACT-1,0,34,122,4436,8023
TCTGATTGGAAATGGA-1,0,35,123,4533,8079
ATGGCGGAATAGTCGC-1,0,34,124,4436,8134
ATCGCTTTACGTCTCA-1,0,35,125,4532,8190
TACGTGCAAGGTTCCT-1,0,34,126,4435,8245
CAGGACAGCTGCCCTT-1,0,35,127,4532,8300
CAAACCAGGTCTGCAT-1,0,36,0,4663,1262
ACAAGCTATATGGAAG-1,0,37,1,4760,1318
TCGCCCACTGCGAGAG-1,0,36,2,4663,1373
AGCCGCAAATTCAAAT-1,0,37,3,4759,1429
TTAACGTTAAAGCCTG-1,0,36,4,4662,1484
CAGCGCCAACACGATA-1,0,37,5,4759,1540
ATCCAATGGTACCGAA-1,0,36,6,4662,1595
GTGCTGCAGATAAGGA-1,0,37,7,4758,1651
GGCCTTTGCAACTGGC-1,0,36,8,4661,1705
GTCGTACCTACGATTG-1,0,37,9,4757,1761
TAGAAATTCACGTATA-1,0,36,10,4661,1816
AGAATAAATCTTCAGG-1,0,37,11,4757,1872
CATTGCGAAATGGGCG-1,0,36,12,4660,1927
GTCTACTCAATTACAA-1,0,37,13,4756,1983
TGTAATGACCACAATA-1,0,36,14,4660,2038
AAAGTCGACCCTCAGT-1,0,37,15,4756,2094
TACTCGGCACGCCGGG-1,0,36,16,4659,2149
AGGTGTATCGCCATGA-1,0,37,17,4755,2205
TGTGCTTTACGTAAGA-1,0,36,18,4658,2260
AAACCTCATGAAGTTG-1,0,37,19,4755,2316
TATAGGGTACTCATGA-1,0,36,20,4658,2371
CCAGCTGATGGTACTT-1,0,37,21,4754,2426
AATATTGGAGTATTGA-1,0,36,22,4657,2481
GGCCCTCACCCACTTA-1,0,37,23,4753,2537
AACCAAGACTTCTCTG-1,0,36,24,4657,2592
TCGTATTACCCATTGC-1,0,37,25,4753,2648
ATTCGACGCCGGGCCT-1,0,36,26,4656,2703
GGCGCAGGACATCTTC-1,0,37,27,4752,2759
GTACTCCCTTATCGCT-1,0,36,28,4656,2814
TGGTCTGTTGGGCGTA-1,0,37,29,4752,2870
AATAACAACGCTCGGC-1,0,36,30,4655,2925
CATACCCGTACCCAGT-1,0,37,31,4751,2981
ACAATCCATTTAAACC-1,0,36,32,4655,3036
GTTACAATTGGTGACG-1,0,37,33,4751,3092
TTGCCCTGATCACGGG-1,0,36,34,4654,3146
CTAACCGCGCGCCCGT-1,0,37,35,4750,3202
CTAAAGAATGCCTACT-1,0,36,36,4653,3257
ACCCATCTTGAGGGTA-1,0,37,37,4750,3313
GATCTTTGCAGGGTAT-1,0,36,38,4653,3368
GGGTACTTCATGAACT-1,0,37,39,4749,3424
GCCGCTTGTGAGAAAC-1,0,36,40,4652,3479
CCTGTAAGACATGATA-1,0,37,41,4748,3535
CGACAGTTCGCGTTAT-1,0,36,42,4652,3590
ACGATGCATATGTTAT-1,0,37,43,4748,3646
TGTTCCGCTTCCATGA-1,0,36,44,4651,3701
GGATGACGCGAGTTTA-1,0,37,45,4747,3757
GAAGTTTCCACTCAAT-1,0,36,46,4651,3812
GCGAGGCCCGAGCAGA-1,0,37,47,4747,3867
CATACTATGTAATTGT-1,0,36,48,4650,3922
CCAATGTCACAGCAAG-1,0,37,49,4746,3978
GTTGGATTTGCGTTGG-1,0,36,50,4649,4033
GGGAGGATGCCCGAAA-1,0,37,51,4746,4089
GATCGCGGGCTCTCCA-1,0,36,52,4649,4144
GTTCGCCATAAGTGCC-1,0,37,53,4745,4200
AGATTATAGGACGTTT-1,0,36,54,4648,4255
TCGAGACCAACACCGT-1,0,37,55,4745,4311
TATGGGACCGAGCAGG-1,0,36,56,4648,4366
GATGCGTCCTGCATTC-1,0,37,57,4744,4422
TATGGTCTGAGTAACA-1,0,36,58,4647,4477
GCATAGAGCACTCAGG-1,0,37,59,4743,4533
CTTCATTGTCAGTGGA-1,0,36,60,4647,4588
GCAGATTAGGGATATC-1,0,37,61,4743,4643
CCTGTCGCCCGTAAAT-1,0,36,62,4646,4698
CAATTTCGTATAAGGG-1,0,37,63,4742,4754
GTACACTTACCTGAAG-1,0,36,64,4646,4809
CCAGCCTGGACCAATA-1,0,37,65,4742,4865
ATGGAGCAGGCCGTGA-1,0,36,66,4645,4920
GTCATTAGAGCGAACG-1,0,37,67,4741,4976
AAGACTGCAAGCTACT-1,0,36,68,4644,5031
CTAGTCACGTCTTAAG-1,0,37,69,4741,5087
ACTCTTGTATAGTAAC-1,0,36,70,4644,5142
ATTAGGCGATGCTTTC-1,0,37,71,4740,5198
TTCGGGACTAATCGCG-1,0,36,72,4643,5253
TGGACTGTTCGCTCAA-1,0,37,73,4739,5309
AACGTGCGAAAGTCTC-1,0,36,74,4643,5363
CCACCCAAGGAAAGTG-1,0,37,75,4739,5419
CCGCACAAAGACCAAC-1,0,36,76,4642,5474
GCGATTGTTAACGTTA-1,0,37,77,4738,5530
ACTCGTCAGTAATCCC-1,0,36,78,4642,5585
GGTGATAAGGAGCAGT-1,1,37,79,4738,5641
AAGAGGCATGGATCGC-1,0,36,80,4641,5696
CACGTTCGTGCTCTAG-1,0,37,81,4737,5752
CTATTTGGTTACGGAT-1,0,36,82,4641,5807
GTACAGAGGCAAGGGT-1,0,37,83,4737,5863
GGGCCGGCCGAAGTAC-1,0,36,84,4640,5918
CCTGAACGATATATTC-1,0,37,85,4736,5974
CCGGGCTGCTCCATAC-1,1,36,86,4639,6029
TACTTGTTAGTAGTCC-1,1,37,87,4736,6084
CCTAGGCGTAGCGATC-1,1,36,88,4639,6139
CTGGCGCACAGGTCTG-1,1,37,89,4735,6195
ACTTATACTTACCCGG-1,1,36,90,4638,6250
GAAGTCTCCCTAGCGA-1,1,37,91,4734,6306
ACCGATGGTAGCATCG-1,1,36,92,4638,6361
CGAGTTTATCGGACTG-1,1,37,93,4734,6417
CATAACGGACAGTCGT-1,1,36,94,4637,6472
TGACGATGCACTAGAA-1,1,37,95,4733,6528
TAGGGAGCTTGGGATG-1,1,36,96,4637,6583
AGGGTCGATGCGAACT-1,0,37,97,4733,6639
TATATCCCTGGGAGGA-1,0,36,98,4636,6694
CATCTTACACCACCTC-1,0,37,99,4732,6750
GTGCGACAGGGAGTGT-1,0,36,100,4636,6804
CCGATCTCAACCTTAT-1,0,37,101,4732,6860
ACGATCATCTTGTAAA-1,0,36,102,4635,6915
GAAAGAACAGCGTTAT-1,0,37,103,4731,6971
CTAGGTCTGAAGGAAT-1,0,36,104,4634,7026
ATATCAACCTACAGAG-1,0,37,105,4731,7082
AAATAGCTTAGACTTT-1,0,36,106,4634,7137
GCGACATGTAAACATC-1,0,37,107,4730,7193
ATAAGTAGGGCGACTC-1,0,36,108,4633,7248
GCGAGCGCATGCTCCC-1,0,37,109,4729,7304
AGGGACCGGCTGCGTT-1,0,36,110,4633,7359
CCTATGAAGTGGTGCC-1,0,37,111,4729,7415
GCTTACGTAGTTAGTA-1,0,36,112,4632,7470
CATACTTAGGCAATAC-1,0,37,113,4728,7525
CCTGTCCCTCACGTTA-1,0,36,114,4632,7580
CAATGTGCCAACCCTT-1,0,37,115,4728,7636
GTTAAGTTAGAGTGGG-1,0,36,116,4631,7691
CTGGGATACGCTACCC-1,0,37,117,4727,7747
AACCTGTCACGGAATT-1,0,36,118,4630,7802
ACTGCGGACACACCGT-1,0,37,119,4727,7858
CCGTGAGGCATTCATG-1,0,36,120,4630,7913
GCCCAGATGCTGGAGA-1,0,37,121,4726,7969
TCTGGCCGTTCAAGTT-1,0,36,122,4629,8024
ATACGAAGGCTTTCCA-1,0,37,123,4726,8080
GATCCGAATATAAGTG-1,0,36,124,4629,8135
GTGGAGCATGTCGGCC-1,0,37,125,4725,8191
ACTCTTCAGCTCCCGC-1,0,36,126,4628,8246
CCCGATAGCCTCGCCT-1,0,37,127,4724,8301
ACAGGTGTGTTGTTGC-1,0,38,0,4856,1263
TGAACTGCTATGACTT-1,0,39,1,4952,1319
TGACATATATGACGAT-1,0,38,2,4856,1374
AAGTCTTCTGTGGCCT-1,0,39,3,4952,1430
ACCAGACCATAACAAC-1,0,38,4,4855,1485
TGAGACGTACCTCTCA-1,0,39,5,4951,1541
GACCGTTACATGCGAC-1,0,38,6,4855,1596
GGTTCGGATTATACTA-1,0,39,7,4951,1651
CCTCCTGAGCCCACAT-1,0,38,8,4854,1706
CCGCGATTTGGTAGGT-1,0,39,9,4950,1762
AATCTCTACTGTGGTT-1,0,38,10,4854,1817
ACTTTGACTGCATCCT-1,0,39,11,4950,1873
CCCTGACTAACAAATT-1,0,38,12,4853,1928
ACGCTGTGAGGCGTAG-1,0,39,13,4949,1984
GCATACGAGGTCTTTA-1,0,38,14,4852,2039
TCGGGATTCAAACATA-1,0,39,15,4949,2095
GGGCCCTACGAAAGGG-1,0,38,16,4852,2150
CGCCAAGAAGCCGAGT-1,0,39,17,4948,2206
GGTACATCTGGGACGA-1,0,38,18,4851,2261
GGATGCTGGCGTTCCT-1,0,39,19,4947,2317
CCGATTCGAGGGACCC-1,0,38,20,4851,2372
CCACTGGTGGCTGGTT-1,0,39,21,4947,2427
GACAGGCACACACTAT-1,0,38,22,4850,2482
TCAACGCGACCGGCAG-1,0,39,23,4946,2538
CTACGACTAGCTATAA-1,0,38,24,4850,2593
CGGTTGACCTGGCATA-1,0,39,25,4946,2649
ATCCTGAATCGCTGCG-1,0,38,26,4849,2704
GTTTCATATCGTCGCT-1,0,39,27,4945,2760
ATAAATATTAGCAGCT-1,0,38,28,4849,2815
AAGAGGATGTACGCGA-1,0,39,29,4945,2871
TCCTGCGTTGATACTC-1,0,38,30,4848,2926
CGTGCATTGTCGACGC-1,0,39,31,4944,2982
CCGGGTTCGAGGTTAC-1,0,38,32,4847,3037
CCCAATTTCACAACTT-1,0,39,33,4944,3093
TGATTTATTAGCTGTG-1,0,38,34,4847,3147
TGGAAGAAGGGAACGT-1,0,39,35,4943,3203
GACGCTTGCTTCTAAA-1,0,38,36,4846,3258
GGGAACGGGAGGTTAG-1,0,39,37,4942,3314
GCGGCTCTGACGTACC-1,0,38,38,4846,3369
ACGTTAGATTTGCCCG-1,0,39,39,4942,3425
GAGAGGGCGCGAGGTT-1,0,38,40,4845,3480
GCGTCTCTGCATTGGG-1,0,39,41,4941,3536
GCAGCACACAGCCCAG-1,0,38,42,4845,3591
CAGGCCGTTTGGGTGT-1,0,39,43,4941,3647
AACTCAAGTTAATTGC-1,0,38,44,4844,3702
CTTCGTAGATAGGTGA-1,0,39,45,4940,3758
TGCAGAGTACCGAGCA-1,0,38,46,4843,3813
GAAGTGATTTATCGTG-1,0,39,47,4940,3868
CGCTACGGGACATTTA-1,0,38,48,4843,3923
CCACACTGAGATATTA-1,0,39,49,4939,3979
CGATCCGACCCAGTGC-1,0,38,50,4842,4034
CTGTACTTCTTAGCAT-1,0,39,51,4939,4090
ACTTATTAGGATCGGT-1,0,38,52,4842,4145
TAGTCCGCAGAGAATG-1,0,39,53,4938,4201
TTCACGAAAGGATCAC-1,0,38,54,4841,4256
TACATTTCTAACGTGC-1,0,39,55,4937,4312
ACCATATCCGCAATAA-1,0,38,56,4841,4367
CACTCAAGAGCTATGG-1,0,39,57,4937,4423
TGTACGAACAAATCCG-1,0,38,58,4840,4478
ATCATCCAATATTTGT-1,0,39,59,4936,4534
CGCTATTCTTAGGCTC-1,0,38,60,4840,4588
TGGCAGCAGTAATAGT-1,0,39,61,4936,4644
TCACGTGCCCGATTCA-1,0,38,62,4839,4699
CATACGGCGTCTGGGC-1,0,39,63,4935,4755
CACATGATTCAGCAAC-1,0,38,64,4838,4810
GCTAGTAGAGCTTGTA-1,0,39,65,4935,4866
TGCTGTTGAAGAACTC-1,0,38,66,4838,4921
CGGAGCATGGCGATCC-1,0,39,67,4934,4977
TAGCGTTGGGTCTTAC-1,0,38,68,4837,5032
GTAGCGGCTATACACT-1,1,39,69,4933,5088
TAACATACAATGTGGG-1,0,38,70,4837,5143
TCTTCGAATAGACGTT-1,1,39,71,4933,5199
GATCGTGACTGATATC-1,0,38,72,4836,5254
GATCCGGGAATTAACA-1,1,39,73,4932,5309
TTATATACGCTGTCAC-1,0,38,74,4836,5364
GTCGCGTAACCCGTTG-1,1,39,75,4932,5420
AGCTCTAGACGTTCCA-1,0,38,76,4835,5475
GTCAAGCGGACTCGGG-1,1,39,77,4931,5531
CGAGGGACTGCGGTCG-1,1,38,78,4835,5586
AATCGCCTCAGCGCCA-1,1,39,79,4931,5642
CTTGTTGCTGAGTCAA-1,0,38,80,4834,5697
GATATGAGACACTAAC-1,1,39,81,4930,5753
TTATGATCTTAACGAA-1,0,38,82,4833,5808
CGCCGCCCATGCCTGT-1,0,39,83,4930,5864
CTGGGATAAATAATGG-1,0,38,84,4833,5919
GTGCCCGTTCGGATTC-1,1,39,85,4929,5975
TTCAATACTCTGAATC-1,1,38,86,4832,6030
CGCACATGTCCACTAC-1,1,39,87,4928,6085
AGAAGAGCGCCGTTCC-1,1,38,88,4832,6140
GATAACTCGCACTGTG-1,1,39,89,4928,6196
AGTCGACGGTCTCAAG-1,1,38,90,4831,6251
GTGACCGCACACTACG-1,1,39,91,4927,6307
GTATGTGGGTCTAGTT-1,1,38,92,4831,6362
CTTGAGTTAGGGTAAT-1,1,39,93,4927,6418
TTAGCTGATTTGCCGT-1,1,38,94,4830,6473
GCTGTTGCTACCGAAC-1,1,39,95,4926,6529
TATTACCATCCTGCTT-1,1,38,96,4829,6584
TTGAATTCACGTGAGG-1,0,39,97,4926,6640
CCATCTCACCAGTGAA-1,0,38,98,4829,6695
CGCACGTGCGCTATCA-1,0,39,99,4925,6751
ACCCGGATGACGCATC-1,0,38,100,4828,6805
CGCTAGAGACCGCTGC-1,0,39,101,4925,6861
ATAGTTCCACCCACTC-1,0,38,102,4828,6916
GCAGACCCAGCACGTA-1,0,39,103,4924,6972
TAGACTACCTAGCGTT-1,0,38,104,4827,7027
GGTTCTACTCGTCTGA-1,0,39,105,4923,7083
GACTCACCCACGTGAG-1,0,38,106,4827,7138
AGCTCTTCGTAACCTT-1,0,39,107,4923,7194
ACTATCCAGGGCATGG-1,0,38,108,4826,7249
AAGGATCGATCGCTTG-1,0,39,109,4922,7305
ATATCGGTAGGGAGAT-1,0,38,110,4826,7360
TTCCAGACGAGATTTA-1,0,39,111,4922,7416
GACCGACGTGAAAGCA-1,0,38,112,4825,7471
CCTGGAAACGTTCTGC-1,0,39,113,4921,7526
CCGGTAATGGCTAGTC-1,0,38,114,4824,7581
GCCGTGGAAGAAATGT-1,0,39,115,4921,7637
GTCTTGAGGAGCAGTG-1,0,38,116,4824,7692
TCCCAAAGCCCTAAAT-1,0,39,117,4920,7748
TTGAGCGCCACGTGAT-1,0,38,118,4823,7803
TTGAGTCCCGCTGCTG-1,0,39,119,4920,7859
ATGGAACCTTTGCACA-1,0,38,120,4823,7914
GCTAGCACCTGGGCCA-1,0,39,121,4919,7970
CGCCGTCTACCCATCG-1,0,38,122,4822,8025
GATAGGTGTCCCGGGC-1,0,39,123,4918,8081
AGGTATGCGGACATTA-1,0,38,124,4822,8136
TTGGTTCGCTCAAAGG-1,0,39,125,4918,8192
TCTGGAGCGTAAGAGT-1,0,38,126,4821,8246
TGCCTAAATTTAATAG-1,0,39,127,4917,8302
TAATTTCCGTCCAGTA-1,0,40,0,5049,1264
TCCTTCAATCCCTACG-1,0,41,1,5145,1320
TACCTATCCCTAGAGG-1,0,40,2,5049,1375
GCATGGGTACTGACGC-1,0,41,3,5145,1431
GTCGGGAACATGGTAG-1,0,40,4,5048,1486
GCAAATGAGGACACTT-1,0,41,5,5144,1542
GAATGGGCTTATCGAC-1,0,40,6,5048,1597
TGGTCGTGCAAGGCAA-1,0,41,7,5144,1652
CACCACGCCACACAGA-1,0,40,8,5047,1707
GAACCTCGACCTACAC-1,0,41,9,5143,1763
CAATACGCTCTGAGGC-1,0,40,10,5046,1818
TGGTAAGCAGGATTGA-1,0,41,11,5143,1874
AGTGGCTCCGTCGGCC-1,0,40,12,5046,1929
GATCGGATAGAACCAT-1,0,41,13,5142,1985
GCTACAGTACGGACCG-1,0,40,14,5045,2040
TCTATTACTAGAGGAT-1,0,41,15,5141,2096
TTCAGGCGTCAAAGCC-1,0,40,16,5045,2151
AGACCGGGAAACCCTG-1,0,41,17,5141,2207
AGAGATCTCTAAAGCG-1,0,40,18,5044,2262
CCCTGCCCAATCCGCT-1,0,41,19,5140,2318
GTGGCGGTCCCAGCGT-1,0,40,20,5044,2372
GCATTGTAATTCATAT-1,0,41,21,5140,2428
CCGTTCCGAATCTCGG-1,0,40,22,5043,2483
AGCTTGATCTTAACTT-1,0,41,23,5139,2539
CCTGTACTCACGCCCA-1,0,40,24,5043,2594
AAGTGACGACCGAATT-1,0,41,25,5139,2650
CTCACTTGGCTGGTAA-1,0,40,26,5042,2705
CGCCTGGCCTACGTAA-1,0,41,27,5138,2761
CCCGTAAGTCTAGGCC-1,0,40,28,5041,2816
TTGGACATGTGGCTTA-1,0,41,29,5138,2872
ATTACGCGCTGGCAGG-1,0,40,30,5041,2927
ACGCGCTACACAGGGT-1,0,41,31,5137,2983
TACGTTTACCGGCAAT-1,0,40,32,5040,3038
CGAAACGCAATTCATG-1,0,41,33,5136,3093
TAGTCTAACAACGAGA-1,0,40,34,5040,3148
TTGCATGCTGATCACG-1,0,41,35,5136,3204
TCTGGGTAGCGCTCAT-1,0,40,36,5039,3259
ACATCGGTCAGCCGCG-1,0,41,37,5135,3315
AGATACCGGTGTTCAC-1,0,40,38,5039,3370
GATTACTGAATTTGGG-1,0,41,39,5135,3426
TCCAACTTTAAATTCT-1,0,40,40,5038,3481
TCCTAGCAAAGAAGCT-1,0,41,41,5134,3537
GTCTATCTGAGTTTCT-1,0,40,42,5037,3592
GATGTTCAATCCACGA-1,0,41,43,5134,3648
AGTTAAACACTTGCGA-1,0,40,44,5037,3703
AGCTCTTTACTCAGTT-1,0,41,45,5133,3759
ATCCAGGATTCGTGAA-1,0,40,46,5036,3814
AGTCAACACCACCATC-1,0,41,47,5133,3869
CGATACCTCGCGGACA-1,0,40,48,5036,3924
TACAACGCACAACTCA-1,0,41,49,5132,3980
AATTAAAGGTCGGCGT-1,0,40,50,5035,4035
TACGCAGTTCTTTCCT-1,0,41,51,5131,4091
GACCGTGCTGACGGTG-1,0,40,52,5035,4146
GGCAAATTACTTTACT-1,0,41,53,5131,4202
GGTACAAACATGCTAT-1,0,40,54,5034,4257
CGGGCCTTCTTTGTAA-1,0,41,55,5130,4313
CGTGAAGTTAATTCAC-1,0,40,56,5034,4368
ATAGTGAAGCGTTCTC-1,0,41,57,5130,4424
TACGCCATATTCTAAT-1,0,40,58,5033,4479
GCCGGGTTAGGGTCGC-1,0,41,59,5129,4535
TACATAGGCATACACC-1,0,40,60,5032,4589
GCCGATTGGCCAAGCT-1,0,41,61,5129,4645
CTGCCATGCATCACAT-1,0,40,62,5032,4700
TTATGAATGAAAGGGA-1,0,41,63,5128,4756
GCTGAGGCGTGAGTAT-1,0,40,64,5031,4811
GCGCCGTTCCACGATA-1,1,41,65,5127,4867
CGCATGGTGCGATGCT-1,1,40,66,5031,4922
AGGTTTCACACACCTT-1,1,41,67,5127,4978
CAAGGATCGCATGTTC-1,1,40,68,5030,5033
ACGTTAATGTCGAAGA-1,1,41,69,5126,5089
TCCAGAGCACCGGTTC-1,1,40,70,5030,5144
GATTCGACGGTTCACG-1,1,41,71,5126,5200
GTTTCTGCAGTCTCCC-1,1,40,72,5029,5255
GCTGCACGGTTTCTTA-1,1,41,73,5125,5310
CGTGCAGACTGGGACA-1,1,40,74,5029,5365
GTGTTACTATGCGTCC-1,1,41,75,5125,5421
TCCTCGGGCTGGGCTT-1,1,40,76,5028,5476
GTGAGGACACTTAAGG-1,1,41,77,5124,5532
ATACGCCGGCGAAACC-1,1,40,78,5027,5587
TCTGCCAGAAACTGCA-1,1,41,79,5124,5643
TTCTGCGGGTTAGCGG-1,1,40,80,5027,5698
CTCGGTACCACTGCTC-1,0,41,81,5123,5754
GTAAGTAACAGTCTGG-1,1,40,82,5026,5809
GTGCGTGTATATGAGC-1,0,41,83,5122,5865
ATTTGTCTTGGGAGCT-1,0,40,84,5026,5920
CCTCGGACCGGGATAG-1,0,41,85,5122,5976
TAGGTGCTCGCCTAGC-1,1,40,86,5025,6030
CTTTAGGAACACTGTT-1,1,41,87,5121,6086
TCGGGCCGTCGTGGTA-1,1,40,88,5025,6141
AGTGCTTGCACGAATA-1,1,41,89,5121,6197
TGCAGTTTCCTCCCAT-1,1,40,90,5024,6252
TGAGAGATTTACCACG-1,1,41,91,5120,6308
GAAACAGATGACCACC-1,1,40,92,5023,6363
AGCAACATATCTTATT-1,1,41,93,5120,6419
CAAGTGTGGTTGCAAA-1,1,40,94,5023,6474
GCCTCATCTGGAAATA-1,1,41,95,5119,6530
AACCCTACTGTCAATA-1,1,40,96,5022,6585
ACGTATTACTCCGATC-1,1,41,97,5119,6641
TCTGGGAACCTTTGAA-1,0,40,98,5022,6696
GCTCGCTCATGTCCAA-1,0,41,99,5118,6751
GCGCAAGAGCGCGCTG-1,0,40,100,5021,6806
TTGACGCTCCATGAGC-1,0,41,101,5117,6862
TATAGATGGTCGCAGT-1,0,40,102,5021,6917
TTACATGCCACAACTA-1,0,41,103,5117,6973
ACATGGCGCCAAAGTA-1,0,40,104,5020,7028
TATGGTTAGTGGGAGA-1,0,41,105,5116,7084
CATGACTTCGCTGAAT-1,0,40,106,5020,7139
ACCACCAATGTAACAA-1,0,41,107,5116,7195
TCTTAGAGCTCCAATT-1,0,40,108,5019,7250
CCACGAATTTAACCTC-1,0,41,109,5115,7306
TTCTTGCTAGCATCTC-1,0,40,110,5018,7361
ACACCTTACTACTTGC-1,0,41,111,5115,7417
AGTCGGTTGCGTGAGA-1,0,40,112,5018,7472
ACCTACAGTATGTGGT-1,0,41,113,5114,7527
GAGGATAAACAGTGCT-1,0,40,114,5017,7582
TTCCGGTATCTGTGTC-1,0,41,115,5114,7638
GGAGGCCGAAGTCGTC-1,0,40,116,5017,7693
TTCGCTAGGAAGTTGT-1,0,41,117,5113,7749
TAAAGACAACCCTTTA-1,0,40,118,5016,7804
GTTGCGCTAACATTAC-1,0,41,119,5112,7860
GCTGAACTCTCCAGGG-1,0,40,120,5016,7915
AGCCCTGTCGCACCGT-1,0,41,121,5112,7971
AGCGCTAGAGCGATGT-1,0,40,122,5015,8026
TGCGCCGTTAATAACG-1,0,41,123,5111,8082
TGACAACGCATGTCGC-1,0,40,124,5015,8137
CGTCTTGAGTGTGACG-1,0,41,125,5111,8193
GATAGGATTAATTACA-1,0,40,126,5014,8247
GATACCGTGTCGGAGT-1,0,41,127,5110,8303
TGTGTCGAAGTCGAGG-1,0,42,0,5242,1265
GGATCAGAGCCATCAG-1,0,43,1,5338,1321
GTCCCAATCATCCCGC-1,0,42,2,5242,1376
TGCCACACTAGAGGAA-1,0,43,3,5338,1432
TGAATTTCACTTGCCT-1,0,42,4,5241,1487
CTCAGATTGTGATAAG-1,0,43,5,5337,1543
CGGACGTTACTTGAAG-1,0,42,6,5240,1598
CCGCCTTGCGATGTCG-1,0,43,7,5337,1653
CCAGTCAAATCTCTTA-1,0,42,8,5240,1708
AAACAGCTTTCAGAAG-1,0,43,9,5336,1764
TAGCTGATGTGAAGCG-1,0,42,10,5239,1819
CTTATGCGCTCAGGGC-1,0,43,11,5335,1875
TGGCTCTTGTCGCGTA-1,0,42,12,5239,1930
TTGTGAGGCATGACGC-1,0,43,13,5335,1986
CATAAGCTCTCCGTCT-1,0,42,14,5238,2041
CCTTCTCAGCGTTCCT-1,0,43,15,5334,2097
TGCAGCTACGTACTTC-1,0,42,16,5238,2152
CTCTACACTGGCGATT-1,0,43,17,5334,2208
TGCAGATCGTCCTAGG-1,0,42,18,5237,2263
TGCCAAAGTCAGACTT-1,0,43,19,5333,2319
ACAATAGTCGTACGTT-1,0,42,20,5237,2373
CATGCCAACTCGCAAA-1,0,43,21,5333,2429
TGCAGAACTATATCGT-1,0,42,22,5236,2484
TCGTGTCACGCTGACA-1,0,43,23,5332,2540
TGATCAGGGAACTGCT-1,0,42,24,5235,2595
CTTGCAACCGCCTCCT-1,0,43,25,5332,2651
AGCCCATACATGTAAG-1,0,42,26,5235,2706
ATCCAATGGAGGGTCC-1,0,43,27,5331,2762
AAACCGGGTAGGTACC-1,0,42,28,5234,2817
GCAACCACGGCCGCGT-1,0,43,29,5330,2873
CGCTTATTCCCGGTCG-1,0,42,30,5234,2928
TTACTCTGGTACGTAC-1,0,43,31,5330,2984
GTGGTTTCCGCCTTTC-1,0,42,32,5233,3039
ATAGGCGGCTATAGAA-1,0,43,33,5329,3094
GTGCCATCACACGGTG-1,0,42,34,5233,3149
CCCAACATACGTCGCG-1,0,43,35,5329,3205
CGGTGCAGATAGAACG-1,0,42,36,5232,3260
GGGCGGGTTCCCTACG-1,0,43,37,5328,3316
TGAGCCATACAGTCTC-1,0,42,38,5231,3371
CTCCGCCCACATGAGG-1,0,43,39,5328,3427
GTTGAACCGGTTCCAT-1,0,42,40,5231,3482
TTGACTACCATATGGT-1,0,43,41,5327,3538
ACCATCGTATATGGTA-1,0,42,42,5230,3593
TGCGTAAGAACCTGAT-1,0,43,43,5327,3649
AGAAGGTTGCCGAATT-1,0,42,44,5230,3704
AGGACGACCCATTAGA-1,0,43,45,5326,3760
GGTGCTGGTACACATT-1,0,42,46,5229,3814
GCGCTATGCCGAGGCA-1,0,43,47,5325,3870
ACCCGGTTACACTTCC-1,0,42,48,5229,3925
TAACTCATCCGCGCGG-1,0,43,49,5325,3981
CACAATGAGCTGCTAT-1,0,42,50,5228,4036
GTTACTTTGGGCCTAG-1,0,43,51,5324,4092
GGGCCCGTCTTAAACA-1,0,42,52,5228,4147
GAAATTGTCTCTATAA-1,0,43,53,5324,4203
GGCGCATGAATTGATG-1,0,42,54,5227,4258
CATATAGGTACAGTCA-1,0,43,55,5323,4314
TCAACGAGGAGACAAA-1,0,42,56,5226,4369
TTGCACAATTCAGAAA-1,0,43,57,5323,4425
CATCGGACGGGTTAAT-1,0,42,58,5226,4480
ATTAAACATGCGGACC-1,0,43,59,5322,4535
TATCTACCACAGCGGG-1,0,42,60,5225,4590
CGAGACCCTAGAGTGT-1,0,43,61,5321,4646
ACATCGATCGTTTACC-1,0,42,62,5225,4701
ATCGACCCAATACAGA-1,1,43,63,5321,4757
GAATCTGAACATTCTC-1,1,42,64,5224,4812
AGTTCCTATTTATGTT-1,1,43,65,5320,4868
CAGTCTGTATACTGGG-1,1,42,66,5224,4923
GGAGACGACACCTTTG-1,1,43,67,5320,4979
CCTAAATTAACGGTTC-1,1,42,68,5223,5034
GCTACGACTTATTGGG-1,1,43,69,5319,5090
CTGTGCAGGGTAGGTC-1,1,42,70,5223,5145
ACGCCGCTAGACGACC-1,1,43,71,5319,5201
ACTTGACTCCCTCTTT-1,1,42,72,5222,5256
CGCCTCCCTCCTCTAT-1,0,43,73,5318,5311
CTAGATTTACGACGGC-1,1,42,74,5221,5366
GATGCTGTATTTCATC-1,1,43,75,5318,5422
TGCGTTTGTTGACACT-1,1,42,76,5221,5477
CGTGCCCTCCCGAAGA-1,0,43,77,5317,5533
ACTCTCTGACTTAGGT-1,0,42,78,5220,5588
CTGGGTAGGCAGTTAA-1,0,43,79,5316,5644
GTTTGGCCCAAGTTAT-1,1,42,80,5220,5699
GAATGTGGTCCGGATT-1,0,43,81,5316,5755
CCCAGTTAAGGCGCCG-1,0,42,82,5219,5810
CGGTACTAGAATCAAA-1,1,43,83,5315,5866
GCTTAATGTAACTAAC-1,0,42,84,5219,5921
AGGACAGTCGAATCCC-1,1,43,85,5315,5977
GACAGCCAGACCTGAC-1,1,42,86,5218,6031
GGCGAAATCTAACTTG-1,1,43,87,5314,6087
CTGGTAACACATAGAA-1,1,42,88,5217,6142
TAGCCATTTCAAAGTC-1,1,43,89,5314,6198
GGGATTTACCGCACCT-1,1,42,90,5217,6253
ATGCCATTTGCGACCA-1,1,43,91,5313,6309
GAATAGACGCGACCCA-1,1,42,92,5216,6364
TGTATGGCGCAGACAG-1,1,43,93,5313,6420
GGATGAAGATCGCTGA-1,1,42,94,5216,6475
CGACAATTTGATCTAA-1,1,43,95,5312,6531
AAAGTTGACTCCCGTA-1,1,42,96,5215,6586
CGCGGCTCAACTTGAA-1,1,43,97,5311,6642
CACGCGGAACTGTTGC-1,0,42,98,5215,6697
TCTTAGAGTGAACTCT-1,0,43,99,5311,6752
AGTCCATTGGCTGATG-1,0,42,100,5214,6807
TTAAGATAGGATTGAC-1,0,43,101,5310,6863
ACATCCTGGTAACTGT-1,0,42,102,5214,6918
CACCTTGGCGCCTTTG-1,0,43,103,5310,6974
GCTAGACCGTCTACTG-1,0,42,104,5213,7029
CGGCCCAGGTATATCC-1,0,43,105,5309,7085
GTCCATTACTGCTACG-1,0,42,106,5212,7140
GGGTTTAGGATAGGAT-1,0,43,107,5309,7196
TAATTAGGACATCCGT-1,0,42,108,5212,7251
GCTCCCAGTCGGTCCA-1,0,43,109,5308,7307
ATTCGTGCTATCTCTT-1,0,42,110,5211,7362
GTTAACTATGTTGTCA-1,0,43,111,5307,7418
GCTCCGCTCGCTTCAG-1,0,42,112,5211,7472
GCAACGGCTAGTTATG-1,0,43,113,5307,7528
AATCGCGCAGAGGACT-1,0,42,114,5210,7583
AGGTTACACCATGCCG-1,0,43,115,5306,7639
CGAGATTTCGCTCGGG-1,0,42,116,5210,7694
CGATAATACTCAGGTT-1,0,43,117,5306,7750
AAGGCAGGCTGTCTCC-1,0,42,118,5209,7805
GTAAGTCCACACTCTA-1,0,43,119,5305,7861
ATGAGGGCAGCGGCTA-1,0,42,120,5209,7916
GCCGCACTCCGTTTCA-1,0,43,121,5305,7972
GAGCACGGCGCCTCTT-1,0,42,122,5208,8027
ACAATTTGGCCATATT-1,0,43,123,5304,8083
CTGGTTCGCGAGCTAC-1,0,42,124,5207,8138
GACGGTCCTAGGGTGT-1,0,43,125,5304,8194
ACTCGCGATCTGACGC-1,0,42,126,5207,8248
GTGTACGAACCGTTCC-1,0,43,127,5303,8304
CTTTGACGTCGCTTCT-1,0,44,0,5435,1266
CGTTATCATACTTCCA-1,0,45,1,5531,1322
GCTATGCCAGCTTATG-1,0,44,2,5434,1377
CAGTCGGCCTAGATAT-1,0,45,3,5531,1433
CCCGTGAGGGCGGTGA-1,0,44,4,5434,1488
TCTCGTGTTACGAGGA-1,0,45,5,5530,1544
ACGTCTCGTTCCGGGA-1,0,44,6,5433,1598
CGAGAGCGCGTAGATA-1,0,45,7,5529,1654
GACAGATTTCTGGCTC-1,0,44,8,5433,1709
GGGCCTAAATGGGCTA-1,0,45,9,5529,1765
ACTTGTAGTCCCTTCA-1,0,44,10,5432,1820
CCCGAAGTTTCGCGAA-1,0,45,11,5528,1876
ACCATCCGCCAACTAG-1,0,44,12,5432,1931
TGCGAATATGGGATTT-1,0,45,13,5528,1987
TACATCCCTATCCCTG-1,0,44,14,5431,2042
GTGGGAAGACTGAATC-1,0,45,15,5527,2098
TCAACATCGACCGAGA-1,0,44,16,5430,2153
CTATGTGAGTCACGGC-1,0,45,17,5527,2209
CCGAACACTGGGCCTC-1,0,44,18,5430,2264
AAACTTGCAAACGTAT-1,0,45,19,5526,2319
AGGGCGAGCAGCTGAT-1,0,44,20,5429,2374
AACACGAGACGCGGCC-1,0,45,21,5526,2430
TGACGAATATTTCCCT-1,0,44,22,5429,2485
TCGGAGAGTATCGGGA-1,0,45,23,5525,2541
CAAATCTCTCACAAGG-1,0,44,24,5428,2596
AGGCCCTAGAACGCCA-1,0,45,25,5524,2652
TAGAGATCATGCAACT-1,0,44,26,5428,2707
TTGTTTCCATACAACT-1,0,45,27,5524,2763
GAGAGGTGCATTCTGG-1,0,44,28,5427,2818
GTGGACCAACCCGATT-1,0,45,29,5523,2874
CTGGGCCTGCTATATC-1,0,44,30,5427,2929
CATAGTCCACAAGAAC-1,0,45,31,5523,2985
TTGACATGAACGTGGA-1,0,44,32,5426,3040
GGTTACCACCCTCGGG-1,0,45,33,5522,3095
TACCGGTCGTTTCCAT-1,0,44,34,5425,3150
CGAGTACTAAAGAGGA-1,0,45,35,5522,3206
GCAAGAATTCCTTGGC-1,0,44,36,5425,3261
TCGCCGAAGTTGCGTC-1,0,45,37,5521,3317
TTGAGAGTACTGCTAA-1,0,44,38,5424,3372
GCCACAATTTAAGGAC-1,0,45,39,5521,3428
ATATTCAGTTAAACCT-1,0,44,40,5424,3483
TGAGTGCCTCTTAAAT-1,0,45,41,5520,3539
ATCAGACGGCACGCCG-1,0,44,42,5423,3594
GTGCGAAATCGAACAC-1,0,45,43,5519,3650
GTGCCGCTTCAAAGGT-1,0,44,44,5423,3705
GATACGATGGGAGTCA-1,0,45,45,5519,3761
GACACTGAGTTCAGTG-1,0,44,46,5422,3815
ATCCTGCGTGGAATGG-1,0,45,47,5518,3871
ATCCTACCTAAGCTCT-1,0,44,48,5422,3926
AGTGATATGAGTAGTT-1,0,45,49,5518,3982
ATGATGCAATGGTACA-1,0,44,50,5421,4037
GAAACCGAATTACCTT-1,0,45,51,5517,4093
AGTGACCTACTTTACG-1,0,44,52,5420,4148
CAAATGTCCTTCCGTG-1,0,45,53,5517,4204
TTACTGGGATATTTCA-1,0,44,54,5420,4259
CTTGCCCAGGCTCTAC-1,0,45,55,5516,4315
AAATCGTGTACCACAA-1,0,44,56,5419,4370
GTGATCATAGATCTGC-1,0,45,57,5515,4426
TGGCAGATTACGATCA-1,0,44,58,5419,4481
TCACCCTCTTAAGATT-1,0,45,59,5515,4536
CAGGATATATCGTTGT-1,0,44,60,5418,4591
CCTGACCACCGATGGT-1,0,45,61,5514,4647
CTAAAGGGAAATAGGA-1,0,44,62,5418,4702
CCGCTATCAGCACCAG-1,0,45,63,5514,4758
CTTTAGTGCTATTATT-1,1,44,64,5417,4813
CGGGAATTTATGTAAA-1,0,45,65,5513,4869
TACGACTGCCTCTTAG-1,1,44,66,5417,4924
AAACTGCTGGCTCCAA-1,0,45,67,5513,4980
GTACGTTTGCCCGTCA-1,1,44,68,5416,5035
GGCAAGGCGAAATAGC-1,0,45,69,5512,5091
GATCTTGGAGGGCATA-1,0,44,70,5415,5146
AGCGTGGTATTCTACT-1,0,45,71,5512,5202
CTAAGGGAATGATTGG-1,0,44,72,5415,5256
CATGGTAAGTAGCGTT-1,0,45,73,5511,5312
CGTTGAGCGACCGTCG-1,0,44,74,5414,5367
TGCCCGTACCGTTAAA-1,0,45,75,5510,5423
ACAAGGGCAGGCTCTG-1,0,44,76,5414,5478
GAGATCTTCCATGACA-1,0,45,77,5510,5534
AATGACGTAGGATGTC-1,0,44,78,5413,5589
GTGGTGGCCAAGTGAA-1,0,45,79,5509,5645
TCCCGTGTGCAATTTG-1,0,44,80,5413,5700
ACATCGTATGCAATGG-1,0,45,81,5509,5756
GCGAAACTTAACTGGA-1,0,44,82,5412,5811
AATTGAACGCTCTGGT-1,0,45,83,5508,5867
ACAAATGGTAGTGTTT-1,0,44,84,5411,5922
ATGGTCGCGTGGTTTC-1,1,45,85,5508,5978
TGTTATTGTATGTGGC-1,1,44,86,5411,6032
TTCCGGTTACCCACTT-1,1,45,87,5507,6088
GAGTGTGCGGTACCCA-1,1,44,88,5410,6143
CAAGATATTATAACGT-1,1,45,89,5507,6199
ACACACCAGGACCAGT-1,1,44,90,5410,6254
ATGGGCCTCGGCCTCT-1,1,45,91,5506,6310
AAGGTGATAAACCAGC-1,1,44,92,5409,6365
TCTTACTTATGCCTCT-1,1,45,93,5505,6421
AAAGTGTGATTTATCT-1,1,44,94,5409,6476
TGCTCCACAGTTCTTA-1,1,45,95,5505,6532
CTGGCTGATTCATCCT-1,1,44,96,5408,6587
TAAGGCTGAATCCCTC-1,1,45,97,5504,6643
TCTAGTGATATCGTGG-1,0,44,98,5408,6698
TCGAAGAACCGAGCAC-1,0,45,99,5504,6753
GACAAACATATGCAGG-1,0,44,100,5407,6808
AAGTCAATTGTCGTCA-1,0,45,101,5503,6864
AGTGAACAAACTTCTC-1,0,44,102,5406,6919
CATGATGGAAGTTAGC-1,0,45,103,5503,6975
AAGTGCCTTGACTGTA-1,0,44,104,5406,7030
ATCGCCAGTCAACATT-1,0,45,105,5502,7086
ACCGCGGTGGAAGTCG-1,0,44,106,5405,7141
TCTTCTATAACCCGCC-1,0,45,107,5501,7197
CACATTTCTTGTCAGA-1,0,44,108,5405,7252
TAGCGTCCCTCGATTG-1,0,45,109,5501,7308
GTTCGGATCGGGAACA-1,0,44,110,5404,7363
CAAACTCGCGACGCCG-1,0,45,111,5500,7419
GTCTTGTAGCTATTCA-1,0,44,112,5404,7473
TCTCGACGTATCGCCG-1,0,45,113,5500,7529
TTGCCAAGCAGAACCC-1,0,44,114,5403,7584
AAACCCGAACGAAATC-1,0,45,115,5499,7640
TTGAGCAGCCCACGGT-1,0,44,116,5403,7695
CGCCTTTAGCATGCTC-1,0,45,117,5499,7751
TGTGGCTCCCACCAAC-1,0,44,118,5402,7806
CCGCCGTTGAGGATAA-1,0,45,119,5498,7862
CAATACGAGAGTCTGA-1,0,44,120,5401,7917
CATCTAGTGAAGGGAA-1,0,45,121,5498,7973
GGTGGAGGTTGATACG-1,0,44,122,5401,8028
CCGCACACGAACGTGT-1,0,45,123,5497,8084
AGAACCCAGCGTGACA-1,0,44,124,5400,8139
GCGCTCGATCACCTGT-1,0,45,125,5496,8194
ATCATGGACTACCGAC-1,0,44,126,5400,8249
TACGCCGCCTCAGAAG-1,0,45,127,5496,8305
CGACCTACTAGACAAT-1,0,46,0,5628,1267
GAGTCTTGTAAAGGAC-1,0,47,1,5724,1323
AATATCCTAGCAAACT-1,0,46,2,5627,1378
CCCTAGGCAACAAGAG-1,0,47,3,5723,1434
ACAAAGAAGGTAGGCC-1,0,46,4,5627,1489
CCCTGGCTGTTCCTTC-1,0,47,5,5723,1545
TCGCCGCACCGCGTGA-1,0,46,6,5626,1599
TATAGCGCACGTTATC-1,0,47,7,5722,1655
TTATCTGACATTAGGA-1,0,46,8,5626,1710
AGTGGTGTTACCCGTG-1,0,47,9,5722,1766
GCCAAGAATACTTCTG-1,0,46,10,5625,1821
CCGGCGTGAGACTCTG-1,0,47,11,5721,1877
TTCCCGGCGCCAATAG-1,0,46,12,5624,1932
AAACAGGGTCTATATT-1,0,47,13,5721,1988
ACAGTAATACAACTTG-1,0,46,14,5624,2043
CGAACGGCCGGACAAC-1,0,47,15,5720,2099
GCAACACACTAGAACT-1,0,46,16,5623,2154
ACTCCCATTCCTAAAG-1,0,47,17,5720,2210
ACCTGCGTGTCATGTT-1,0,46,18,5623,2265
TACTTTCCGCACGCCA-1,0,47,19,5719,2320
AGGTCAGGTGAGAGTG-1,0,46,20,5622,2375
TCCTCCTAAGACATTC-1,0,47,21,5718,2431
ATGTGAAAGCCTAATG-1,0,46,22,5622,2486
AGTCGGCTCAACTTTA-1,0,47,23,5718,2542
CGATCTGTTGGAGGAC-1,0,46,24,5621,2597
ACGGGAGTGTCGGCCC-1,0,47,25,5717,2653
TTAACTTCAGGTAGGA-1,0,46,26,5621,2708
CCACGGAGCCATAAGA-1,0,47,27,5717,2764
CTTCTATGTTGAAGTA-1,0,46,28,5620,2819
CACCGTTGCGCGATAT-1,0,47,29,5716,2875
TCTAGCAATCTCCGCC-1,0,46,30,5619,2930
AGTTTGGCCAGACCTA-1,0,47,31,5716,2986
TTGTAAGGACCTAAGT-1,0,46,32,5619,3040
AAATTTGCGGGTGTGG-1,0,47,33,5715,3096
AAGTTCGGCCAACAGG-1,0,46,34,5618,3151
CCGCTTACCTCACTCT-1,0,47,35,5714,3207
ATCACGTGCTAATTAA-1,0,46,36,5618,3262
GGTGAAGTACAGGGAT-1,0,47,37,5714,3318
GCTGTATTACTGGCCC-1,0,46,38,5617,3373
AACGGCCATCTCCGGT-1,0,47,39,5713,3429
TAAGTAACATCTTGAC-1,0,46,40,5617,3484
TTCTTGAGCCGCGCTA-1,0,47,41,5713,3540
AGTGCGTAGCTCGTAA-1,0,46,42,5616,3595
GGGATGGTCGTAACCG-1,0,47,43,5712,3651
GTCTGGGCGGTCGAGA-1,0,46,44,5616,3706
CGGAACGTAAACATAG-1,0,47,45,5712,3762
TGCGACACCCTAGTGC-1,0,46,46,5615,3816
CAAACGAGTATCGCAG-1,0,47,47,5711,3872
TCAGTAGGGACTATAA-1,0,46,48,5614,3927
GCGGTTCCCTATCATG-1,0,47,49,5711,3983
GTGACTTCAGTAGTGC-1,0,46,50,5614,4038
CGTCACGTCCATTGGT-1,0,47,51,5710,4094
ATAAGTTACCGCGACG-1,0,46,52,5613,4149
CTGAATCCGAGACCTC-1,0,47,53,5709,4205
TACGACGCTTGCTGCG-1,0,46,54,5613,4260
GAATTCACCCGGGTGT-1,0,47,55,5709,4316
GGGTGACACCTTAACT-1,0,46,56,5612,4371
TGAGTAAATTAGCGTA-1,0,47,57,5708,4427
GAGTCCGCTTACCGGA-1,0,46,58,5612,4482
GGCGCGTTCGAGTTTA-1,0,47,59,5708,4537
ATTCATATACTGTCCA-1,0,46,60,5611,4592
ATAAACGGACCCGTAA-1,0,47,61,5707,4648
GTCGTACCATCTCGGG-1,0,46,62,5611,4703
ATAATAGCTGTTGAAT-1,0,47,63,5707,4759
TTCCGCGTGAGGCGAT-1,0,46,64,5610,4814
TACCGGCTCACTGCCC-1,0,47,65,5706,4870
GTATCTTTCATAACCA-1,0,46,66,5609,4925
GTTACCTACAACTTGC-1,0,47,67,5706,4981
TGACTATAATCCTTTC-1,0,46,68,5609,5036
AAATACCTATAAGCAT-1,0,47,69,5705,5092
TTATTAGAGCGTGTTC-1,0,46,70,5608,5147
ATGTGGACATCTTGAT-1,0,47,71,5704,5203
GTACGCTTCATTGCAC-1,0,46,72,5608,5257
CACATATTAGCAGGAT-1,0,47,73,5704,5313
CAAGAGGGCGGAGTAC-1,0,46,74,5607,5368
TCGCAAAGATGCATTT-1,0,47,75,5703,5424
GTCGTTATTCGCTTAT-1,0,46,76,5607,5479
TCGTGTACTATGGATG-1,0,47,77,5703,5535
GCGGAGAGGGAGAACG-1,0,46,78,5606,5590
TCACAGGGAATCGCAA-1,0,47,79,5702,5646
GACTGCACCAGCCCAG-1,0,46,80,5605,5701
TCCGCTGTCATCCCGG-1,0,47,81,5702,5757
AGATACTCAAGATCGA-1,0,46,82,5605,5812
ACTGAATGGCGAAAGT-1,0,47,83,5701,5868
TCCTACATCCACGGCC-1,1,46,84,5604,5923
TTCAGCCCTGGTCCAC-1,0,47,85,5701,5978
TTAGAGTTTAGAAGGA-1,1,46,86,5604,6033
GGTTAGCTATATGTCT-1,1,47,87,5700,6089
CTGGTTTCGAGCAAGA-1,1,46,88,5603,6144
TGGGCCCATACTAATT-1,1,47,89,5699,6200
ACTTATTTATGTGCCA-1,1,46,90,5603,6255
TTAGTTATTCGTGGCA-1,1,47,91,5699,6311
AACCGCTAAGGGATGC-1,1,46,92,5602,6366
ATACGTCCACTCCTGT-1,1,47,93,5698,6422
CGACACGCTCCGACAG-1,1,46,94,5602,6477
TCTGAACTCGTACCCG-1,1,47,95,5698,6533
AGGATATAGGGATTTA-1,1,46,96,5601,6588
GTGATCACTAACGCCT-1,1,47,97,5697,6644
ACCGGGCCTTTGTTGA-1,1,46,98,5600,6699
TTGACAGGAGCTCCCG-1,0,47,99,5697,6754
CTCTTCTATTGACTGG-1,0,46,100,5600,6809
CGTGGCCGAATATCTA-1,0,47,101,5696,6865
GGTTTAGCCTTTCTTG-1,0,46,102,5599,6920
TCAAGGTTACTACACC-1,0,47,103,5695,6976
TTGACTATTGTCCGGC-1,0,46,104,5599,7031
CGGGAATATAGTATAC-1,0,47,105,5695,7087
GCAACAGCAGTATGCG-1,0,46,106,5598,7142
ATCAAACACTGTTCCA-1,0,47,107,5694,7198
TGGGCAATAGTTGGGT-1,0,46,108,5598,7253
TGAATGTCAGCCGGCC-1,0,47,109,5694,7309
CGGCTCTAAAGCTGCA-1,0,46,110,5597,7364
GGACACAAGTTTACAC-1,0,47,111,5693,7420
CCGAGAAGTCGCATAA-1,0,46,112,5597,7474
AACTACCCGTTTGTCA-1,0,47,113,5693,7530
GCACAAACGAGGCGTG-1,0,46,114,5596,7585
CACACAGCTTGCGCTC-1,0,47,115,5692,7641
GTGCTTACATCAGCGC-1,0,46,116,5595,7696
GCAAACGTCGCCAGGT-1,0,47,117,5692,7752
GAATAGCATTTAGGGT-1,0,46,118,5595,7807
TACTGTTTCTCTGGTA-1,0,47,119,5691,7863
TCCTATCATAGGTAAC-1,0,46,120,5594,7918
TTCGGTGGAGACGCCC-1,0,47,121,5690,7974
TGTTGCCGTCGTCCCA-1,0,46,122,5594,8029
CCAACTTGATAGATCC-1,0,47,123,5690,8085
CAAAGGTCATCTGAAA-1,0,46,124,5593,8140
CTAGCTTAATGGTCCC-1,0,47,125,5689,8195
AGGCCACATTGGTTAC-1,0,46,126,5593,8250
TTAGGATGGGAGGGTA-1,0,47,127,5689,8306
TATGACCTTGCGCTGG-1,0,48,0,5821,1268
ATATACATGTATGGTA-1,0,49,1,5917,1324
TGTGTGACCATGAATC-1,0,48,2,5820,1379
CCCACTCCACGGTATC-1,0,49,3,5916,1435
GGGCAGACGTCACTGC-1,0,48,4,5820,1490
TCAAAGAGCTATCTGT-1,0,49,5,5916,1546
AGATGCATCCTGTGTC-1,0,48,6,5819,1600
GTGAAGTCACGACTCG-1,0,49,7,5915,1656
TGATTCAGGTCCCGCG-1,0,48,8,5818,1711
CGCCACAGGTCGCGAT-1,0,49,9,5915,1767
TTGAATCGTTGTATAA-1,0,48,10,5818,1822
TGGCCAATTTGGTACT-1,0,49,11,5914,1878
CGACCCTTAACGCCGG-1,0,48,12,5817,1933
TCGGCGTACTGCACAA-1,0,49,13,5914,1989
GAGTAAGGCCACGGGA-1,0,48,14,5817,2044
ATCAGCTCGTCCACTA-1,0,49,15,5913,2100
AGGATCACGCGATCTG-1,0,48,16,5816,2155
AAATGGCCCGTGCCCT-1,0,49,17,5912,2211
CAGTACCAGTTTACGT-1,0,48,18,5816,2266
GGTCGTAAGCTCGCAC-1,0,49,19,5912,2321
CGTTCATGGTGCGCGT-1,0,48,20,5815,2376
GACTACAAAGCGGTGG-1,0,49,21,5911,2432
CAGCTGGCGTAACCGT-1,0,48,22,5815,2487
ACTCGTAACCCGTCCT-1,0,49,23,5911,2543
CATATGTCAGGCTACG-1,0,48,24,5814,2598
GCCCGACTTCTTCCCG-1,0,49,25,5910,2654
CTGGCATCCGAATGAG-1,0,48,26,5813,2709
AAGTGCGTTAGAATCT-1,0,49,27,5910,2765
AGAAGTGATTCGTGAT-1,0,48,28,5813,2820
TACCTTAAGATTTCCC-1,0,49,29,5909,2876
AATGACAGCAATGTCT-1,0,48,30,5812,2931
TCAACGCAGGAAATAA-1,0,49,31,5908,2987
TATTCCTCCGCCCACT-1,0,48,32,5812,3041
ATCAAACGAAGGTTTG-1,0,49,33,5908,3097
TTGATTAGCTGTTTCT-1,0,48,34,5811,3152
CTGCTGAGGCCACGAA-1,0,49,35,5907,3208
CCGTGTTAAATTCCAT-1,0,48,36,5811,3263
CACGTCGGCAACCTCT-1,0,49,37,5907,3319
GTATTCTGAGAAACGA-1,0,48,38,5810,3374
CGGTGCGCGTTGGTCC-1,0,49,39,5906,3430
GTGATTCGCCGCTCAA-1,0,48,40,5810,3485
GCCCGCGCGTAAACGG-1,0,49,41,5906,3541
AACGTACTGTGGGTAC-1,0,48,42,5809,3596
GAGTATGCCCGCCTTG-1,0,49,43,5905,3652
TGATTCTGTCGCCGGT-1,0,48,44,5808,3707
GGGCGGCAAATGAATT-1,0,49,45,5905,3762
TTCCAATCTGGCTATC-1,0,48,46,5808,3817
GGAACCGTGTAAATTG-1,0,49,47,5904,3873
TTGGTCACACTCGTAA-1,0,48,48,5807,3928
CGAACCCGCATGCGTC-1,0,49,49,5903,3984
GGGCGTCACCACGTAA-1,0,48,50,5807,4039
TACCAGAAGTAGGTTC-1,0,49,51,5903,4095
TTGGATATCGTCTACG-1,0,48,52,5806,4150
TAGATATGGACTGGAA-1,0,49,53,5902,4206
GCGACGATAGTTGTAC-1,0,48,54,5806,4261
CTGGATTTACACTTGA-1,0,49,55,5902,4317
GTTATATTATCTCCCT-1,0,48,56,5805,4372
TATTCCACTCAGCTCG-1,0,49,57,5901,4428
CTGTTACCCAATCTAG-1,0,48,58,5805,4483
ACGCGAAGTCAGACGA-1,0,49,59,5901,4538
GATAGGTAACGTTGAC-1,0,48,60,5804,4593
TGTTCGTATTGCGGTG-1,0,49,61,5900,4649
GGTCAGTGGGTCCCAC-1,0,48,62,5803,4704
AATTCTAGAGTTAGGC-1,0,49,63,5900,4760
GTTTACGTTCCATCTG-1,0,48,64,5803,4815
AGACCCACCGCTGATC-1,0,49,65,5899,4871
TCTAGCATGCCCAGAA-1,0,48,66,5802,4926
CCCGCAGCGCGAACTA-1,0,49,67,5898,4982
CTCTATTTGGCTGCAG-1,0,48,68,5802,5037
TTCTGCCGCGCCTAGA-1,0,49,69,5898,5093
ACTCCCTAGAATAGTA-1,0,48,70,5801,5148
CCGAACCTTCCCGGCC-1,0,49,71,5897,5204
TCAGACGCTATAGAAG-1,0,48,72,5801,5258
CAGGCGCCATGCTAGG-1,0,49,73,5897,5314
CACTCGAGCTGAACAA-1,0,48,74,5800,5369
ACAAGGAAATCCGCCC-1,0,49,75,5896,5425
ACCACGTGCAGCTATA-1,0,48,76,5799,5480
ACGGCGACGATGGGAA-1,0,49,77,5896,5536
TTACTAAAGGACTTTA-1,0,48,78,5799,5591
GGCTGAAATAGCAAAG-1,0,49,79,5895,5647
TTAGACGAGTCACCTC-1,0,48,80,5798,5702
GTAGTCGCGGGAATCA-1,0,49,81,5895,5758
GCAAACCCTACATTAT-1,0,48,82,5798,5813
GTTAAAGTAGGACTGG-1,0,49,83,5894,5869
ACCCTCCCTTGCTATT-1,0,48,84,5797,5924
CATGTCTCATTTATGG-1,0,49,85,5893,5979
AATAGAATCTGTTTCA-1,1,48,86,5797,6034
TCTCATGAGATAGGGT-1,1,49,87,5893,6090
ATGACTATGCGACATT-1,1,48,88,5796,6145
CCTAACCCAAACAAGT-1,1,49,89,5892,6201
AGTCAAGATGACACTT-1,1,48,90,5796,6256
CGGGAGCTTCAGTGTA-1,1,49,91,5892,6312
CCACAGTACCCATCCT-1,1,48,92,5795,6367
GAGCGCGCACGAGTAG-1,1,49,93,5891,6423
ACCAGTGCGGGAGACG-1,1,48,94,5794,6478
TCCTTACGACGGTCCG-1,1,49,95,5891,6534
TAGTCGATCACGGGTT-1,1,48,96,5794,6589
AGACGAAGTGCCGGTC-1,0,49,97,5890,6645
CGCTGGTGACTACCCT-1,0,48,98,5793,6699
AGGCATTGTCGTAGGG-1,0,49,99,5889,6755
TGGTAGAATATATGGG-1,0,48,100,5793,6810
TTCTTATCCGCTGGGT-1,0,49,101,5889,6866
AGTTTGGCACGGGTTG-1,0,48,102,5792,6921
GCATCGGCCGTGTAGG-1,0,49,103,5888,6977
ATGCGAGTCCCACCAC-1,0,48,104,5792,7032
TCGGCGAACCCAAACC-1,0,49,105,5888,7088
AGAGTAAACTTCACTA-1,0,48,106,5791,7143
AAGCCGAAGCGGTTTA-1,0,49,107,5887,7199
CCCGAGTTTCTCCGTA-1,0,48,108,5791,7254
AATATCGAATCAATGC-1,0,49,109,5887,7310
GCGCCTCCCACTCCGA-1,0,48,110,5790,7365
CGTTAAACTAGTTAGG-1,0,49,111,5886,7420
TGAGTTAAAGACATTC-1,0,48,112,5789,7475
AACAGGTAGTATGGAT-1,0,49,113,5886,7531
GAACGCGGGTCACACG-1,0,48,114,5789,7586
TGTTTGAGATCGTCAG-1,0,49,115,5885,7642
ATCTCGTGAGCGAAAC-1,0,48,116,5788,7697
CTGAGAAAGTTCGGCG-1,0,49,117,5884,7753
ATTACCACACTGCCTG-1,0,48,118,5788,7808
CTGCTGTCTAACGAGC-1,0,49,119,5884,7864
CGTGGAAGCCTCGTAC-1,0,48,120,5787,7919
GGACTCACAAATTAGG-1,0,49,121,5883,7975
CTTTGCTGTCATGGAT-1,0,48,122,5787,8030
GGTGTTGGGCGTCTTA-1,0,49,123,5883,8086
TACCATGTATTGATTT-1,0,48,124,5786,8141
GGTCTCCAAGTAGTGC-1,0,49,125,5882,8196
ATCCTTCTGAAAGAAC-1,0,48,126,5785,8251
CCGGAAGTTATCAGTC-1,0,49,127,5882,8307
TTAGAGGGATATACAG-1,0,50,0,6014,1269
TTGTACACCTCGAACA-1,0,51,1,6110,1325
GTGGGTACTGAGCGTA-1,0,50,2,6013,1380
CTTAAGCAGCGAGCCG-1,0,51,3,6109,1436
GCATTGACTTGCGGAA-1,0,50,4,6012,1491
CCATAACCTGTGCAGT-1,0,51,5,6109,1546
GGGCTACTATTTCGTG-1,0,50,6,6012,1601
GGCGAGCGAAACGGCA-1,0,51,7,6108,1657
GGAGACCATCTACATA-1,0,50,8,6011,1712
AGACCAAACCACACCT-1,0,51,9,6108,1768
CGACGCATCCGTACCT-1,0,50,10,6011,1823
CCTAGGTAAAGGTAGC-1,0,51,11,6107,1879
AGCGGCGGTTAGCGGT-1,0,50,12,6010,1934
CTGGACGCAGTCCGGC-1,0,51,13,6106,1990
AGCCTAATACCCACGT-1,0,50,14,6010,2045
AATCTGGCTTTCTAGT-1,0,51,15,6106,2101
CACCCTTGGTGAGACC-1,0,50,16,6009,2156
GGATCTTGACTCAACC-1,0,51,17,6105,2212
ACGAGGATACCACTCT-1,0,50,18,6009,2267
GAGTTGATGGCAATTT-1,0,51,19,6105,2322
GTGGCAAACAGCGGCA-1,0,50,20,6008,2377
GATGTAACGAACCACC-1,0,51,21,6104,2433
AGCCGTGGCTAAATGT-1,0,50,22,6007,2488
CTCCCTCCTTTCGATC-1,0,51,23,6104,2544
TTGGAAGAATACAGTC-1,0,50,24,6007,2599
AGTTAAGTCAACCGCT-1,0,51,25,6103,2655
CTCATGGTAATTTGCG-1,0,50,26,6006,2710
AAAGTAGCATTGCTCA-1,0,51,27,6102,2766
TTGTGGTAGGAGGGAT-1,0,50,28,6006,2821
AGTCGTGGGCATTACG-1,0,51,29,6102,2877
ACCTAAGTACCTTTCA-1,0,50,30,6005,2932
GTAGAGGGAGACAAGT-1,0,51,31,6101,2988
GATCCTCGACACTGGC-1,0,50,32,6005,3042
CCTACATTCACAGACG-1,0,51,33,6101,3098
TTGACCGTGTTAATGA-1,0,50,34,6004,3153
TCTGTTACCCAGCATA-1,0,51,35,6100,3209
CTAACTGGTCCGGTTC-1,0,50,36,6004,3264
AGCGACAGGAACGGTC-1,0,51,37,6100,3320
TAATAGAACAGAGTTA-1,0,50,38,6003,3375
ACAGGTGGAGGTGAGG-1,0,51,39,6099,3431
TGCGAGAATATTACCC-1,0,50,40,6002,3486
TTGCGTCGGCCAACCG-1,0,51,41,6099,3542
AGGCTTCCCGAAGAAG-1,0,50,42,6002,3597
GCGGACCGCGTTGTGG-1,0,51,43,6098,3653
GTAATCTGATTCTTCG-1,0,50,44,6001,3708
CCGCGGAATGCGTCAC-1,0,51,45,6097,3763
TTCCACACAGATTTGA-1,0,50,46,6001,3818
CTTCTATTAATGCTAG-1,0,51,47,6097,3874
CATTTGAGTGGTACGT-1,0,50,48,6000,3929
TCACAGCAAACTCGAA-1,0,51,49,6096,3985
CAGACGAACCTGATAC-1,0,50,50,6000,4040
TAGCTAGAAGGCATGA-1,0,51,51,6096,4096
ATCCAGAGCAACAACC-1,0,50,52,5999,4151
TCCGGTTCGTCCGGTC-1,0,51,53,6095,4207
CGCGCATGTTTGATTG-1,0,50,54,5999,4262
TGGCGATCAAGTTATG-1,0,51,55,6095,4318
CCCTTTGACAGGTCTT-1,0,50,56,5998,4373
CAGAGACGGTCACCCA-1,0,51,57,6094,4429
TAGCTCGCCTGATAAC-1,0,50,58,5997,4483
TTGTGTTTCCCGAAAG-1,0,51,59,6094,4539
TATACACAGACGCCTT-1,0,50,60,5997,4594
ACATTAGTTTATATCC-1,0,51,61,6093,4650
CCATCGCAGTTAAACT-1,0,50,62,5996,4705
AATTAGCGCTGCAGCG-1,0,51,63,6092,4761
TCCGCTTATCCCATTA-1,0,50,64,5996,4816
GTTTGGGCTTGTGAGC-1,0,51,65,6092,4872
CTTGTCAACATTCGAG-1,0,50,66,5995,4927
GGACCAACAGGATAAC-1,0,51,67,6091,4983
AAGCTAGATCGAGTAA-1,0,50,68,5995,5038
TACCGTGCCTCGGACC-1,0,51,69,6091,5094
GTAGCCAAACATGGGA-1,0,50,70,5994,5149
TGCCAGTACGTGGAGA-1,0,51,71,6090,5204
ATAAGGTGGAGAACAT-1,0,50,72,5993,5259
CTTTAATATTGGTCGA-1,0,51,73,6090,5315
TGGTTCAACGGGTAAT-1,0,50,74,5993,5370
GCTGCTACTGCGTAGC-1,0,51,75,6089,5426
CTGCACAACTACATAT-1,0,50,76,5992,5481
ATATTCCACATAGTGA-1,0,51,77,6089,5537
TGGCAAACTAAATTAC-1,0,50,78,5992,5592
ACCGCAATAACTGCCT-1,0,51,79,6088,5648
TCGCACCAGGAGGCAG-1,0,50,80,5991,5703
ACTTCAGGCTGATCCC-1,0,51,81,6087,5759
ACAAATCGCACCGAAT-1,0,50,82,5991,5814
TCTGATGTATTCTGTC-1,0,51,83,6087,5870
CTTTACCGAATAGTAG-1,0,50,84,5990,5925
GCAGATCCATAAGACT-1,0,51,85,6086,5980
TTCCTCGGACTAACCA-1,0,50,86,5990,6035
TTATCCGGGATCTATA-1,1,51,87,6086,6091
CTGGAAGACACGGTGG-1,1,50,88,5989,6146
GTTCGTCTAAAGAACT-1,1,51,89,6085,6202
GTCTATTGGTTCCGGT-1,1,50,90,5988,6257
CTAGGCGCCCTATCAG-1,1,51,91,6085,6313
AACGGACGTACGTATA-1,1,50,92,5988,6368
AACACACGCTCGCCGC-1,1,51,93,6084,6424
GCTACTATAGTAGAGT-1,1,50,94,5987,6479
AGCATATCAATATGCT-1,1,51,95,6083,6535
CGAACAGTATGGGCGT-1,0,50,96,5987,6590
ACAATTGTGTCTCTTT-1,0,51,97,6083,6646
GATCGCTACCCGATTT-1,0,50,98,5986,6700
ATTGCGATCAGTAACT-1,0,51,99,6082,6756
CAGCAGTCCAGACTAT-1,0,50,100,5986,6811
AGAGGCTTCGGAAACC-1,0,51,101,6082,6867
AAACAAGTATCTCCCA-1,0,50,102,5985,6922
GGCAGCAAACCTATGC-1,0,51,103,6081,6978
ACTAGTTGCGATCGTC-1,0,50,104,5985,7033
TTGGACCATCTGGCAA-1,0,51,105,6081,7089
CCCTCCTCGCTCGTAT-1,0,50,106,5984,7144
GAGCGCAAATACTCCG-1,0,51,107,6080,7200
ATTACATGTCAGTCTT-1,0,50,108,5983,7255
TTGGGACGTAAGAGTT-1,0,51,109,6080,7311
CTTCGGCCAATTGTTT-1,0,50,110,5983,7366
AGACCGCTCCGCGGTT-1,0,51,111,6079,7421
GACCGCGTCTGACGTG-1,0,50,112,5982,7476
CCAAATAACAAGATTC-1,0,51,113,6078,7532
TCTTTAGAGTCTAACA-1,0,50,114,5982,7587
CTCCCAATGAGTCGCG-1,0,51,115,6078,7643
TAGTCTTTCCGAATTG-1,0,50,116,5981,7698
GAGTAAACCGGAAAGT-1,0,51,117,6077,7754
GATCTCGACGCTGTGG-1,0,50,118,5981,7809
CTGACATAGAAATAGA-1,0,51,119,6077,7865
TATACCGAGTGCCACA-1,0,50,120,5980,7920
TCCGAACGTTGCCGCT-1,0,51,121,6076,7976
GCAGAAGGTAATCTCC-1,0,50,122,5979,8031
GGTACTAAGTGCTTTG-1,0,51,123,6076,8087
CAGAATATTCGTTATC-1,0,50,124,5979,8141
TAATCAACCAAATGGG-1,0,51,125,6075,8197
TCTGCTTAGAACAAGC-1,0,50,126,5978,8252
AACTGAGTTATACTGA-1,0,51,127,6075,8308
CCTCAACGATCGCTGT-1,0,52,0,6206,1270
CGGTACGGCAAACCCA-1,0,53,1,6303,1326
CAGATGTTTGTCCCAA-1,0,52,2,6206,1381
GTTTGTTAGCCAAGTA-1,0,53,3,6302,1437
ACGTGACAAAGTAAGT-1,0,52,4,6205,1492
TTGTCACCGCGGTATC-1,0,53,5,6302,1547
GATCTAACCGTATTCA-1,0,52,6,6205,1602
ATGGAAATTTAAGGAG-1,0,53,7,6301,1658
ATTGATCACCACATTT-1,0,52,8,6204,1713
ACTGCTCGGAAGGATG-1,0,53,9,6300,1769
TCTAAAGAACAGTCTC-1,0,52,10,6204,1824
CTGGGTTGAGTTAAAG-1,0,53,11,6300,1880
CCCAGTAAACTTGGGA-1,0,52,12,6203,1935
AGATTCACAACCGATA-1,0,53,13,6299,1991
AGAAGGTACACTTCAC-1,0,52,14,6203,2046
GCAGGAACTTAGATCT-1,0,53,15,6299,2102
AATCTAGGTTTACTTG-1,0,52,16,6202,2157
CCCGGTGTATCGGAAT-1,0,53,17,6298,2213
TTATCCTCAAGGAATA-1,0,52,18,6201,2267
AGCATCATTTCGAAAG-1,0,53,19,6298,2323
CGCGAGTCTGCCGGGT-1,0,52,20,6201,2378
TGCGTCATGACTGAGC-1,0,53,21,6297,2434
GTATGAAATTTCACTC-1,0,52,22,6200,2489
TTGGTTGCGGTGCGCG-1,0,53,23,6296,2545
ACAGAACTGAGAACAA-1,0,52,24,6200,2600
CTACTATCATAGGTTT-1,0,53,25,6296,2656
CCTCTATCGATTAGCA-1,0,52,26,6199,2711
CCGTATCTCGTCGTAG-1,0,53,27,6295,2767
TCACGATGTCCGTGGA-1,0,52,28,6199,2822
TCAACAAAGATAATTC-1,0,53,29,6295,2878
ATGACGCGTTCTATCC-1,0,52,30,6198,2933
ATTTGCGCGAGTAGCT-1,0,53,31,6294,2988
TTCTTGGACGATCTGC-1,0,52,32,6198,3043
AGACGACGATGCCGCT-1,0,53,33,6294,3099
GGTCTCTGAATGGACT-1,0,52,34,6197,3154
GCTCAATCCGTTTATT-1,0,53,35,6293,3210
CCAGAAAGCAACTCAT-1,0,52,36,6196,3265
CACCGTTAGGGATCAC-1,0,53,37,6293,3321
AATAACACTAGAACAA-1,0,52,38,6196,3376
CACCCGGTTTGTGACT-1,0,53,39,6292,3432
CCACCAACTTTACTGT-1,0,52,40,6195,3487
AACTCTCAGTGTGCTC-1,0,53,41,6291,3543
AAACCGTTCGTCCAGG-1,0,52,42,6195,3598
CAGCGATTCCCTTCAA-1,0,53,43,6291,3654
GCTAGCTTGAATAGCT-1,0,52,44,6194,3709
TTGCGGCATCAGAAAG-1,0,53,45,6290,3764
AATAGAACAGAGTGGC-1,0,52,46,6194,3819
GCCATCGAGCTGCGTG-1,0,53,47,6290,3875
ACACTGATCAAGGTGT-1,0,52,48,6193,3930
ACCAACGCTTATTTAT-1,0,53,49,6289,3986
GACATCGATTTATAAC-1,0,52,50,6192,4041
CAGACACCGATCGCTG-1,0,53,51,6289,4097
CCAAGAAAGTGGGCGA-1,0,52,52,6192,4152
GGTAGACCGTTGGGCG-1,0,53,53,6288,4208
TCGTTAGGAGTCCCTA-1,0,52,54,6191,4263
ACGGCCAACATGGACT-1,0,53,55,6288,4319
GTGAGTGGTACAACGC-1,0,52,56,6191,4374
GAGACTTCGCGACCGA-1,0,53,57,6287,4430
GAAGTCAGTTGCACTA-1,0,52,58,6190,4484
GTTTGGTAGGGTCAAC-1,0,53,59,6286,4540
ACGGCACTTGCTTGGG-1,0,52,60,6190,4595
CCTCTGTACTATTCTA-1,0,53,61,6286,4651
CTATTCATGTGTCCCA-1,0,52,62,6189,4706
GCCCGATCTGTGGTCG-1,0,53,63,6285,4762
TTAGAAGAACATGACT-1,0,52,64,6189,4817
AGGATAAAGTCGGGAT-1,0,53,65,6285,4873
CGGCAAACATCGTGCG-1,0,52,66,6188,4928
CTAGTTACAACCCGGT-1,0,53,67,6284,4984
TTCGACAGAGCCCGTG-1,0,52,68,6187,5039
AAGCATACTCTCCTGA-1,0,53,69,6284,5095
GACGACGATCCGCGTT-1,0,52,70,6187,5150
GGTAGAAGACCGCCTG-1,0,53,71,6283,5205
GAGATGGGAGTCGACA-1,0,52,72,6186,5260
AACGATAATGCCGTAG-1,0,53,73,6283,5316
TGGTCCCACGCTACGG-1,0,52,74,6186,5371
CTGCTTGGCGATAGCT-1,0,53,75,6282,5427
ATCGGAGACAGACGGC-1,0,52,76,6185,5482
TAGCGTCCGGTGTGGT-1,0,53,77,6281,5538
GTTGAGTCCCGCCGGT-1,0,52,78,6185,5593
AAATAGGGTGCTATTG-1,0,53,79,6281,5649
AAGTGTTTGGAGACGG-1,0,52,80,6184,5704
AGCACTACCTCACCAG-1,0,53,81,6280,5760
TGCCTTGGCCAGGCAA-1,0,52,82,6184,5815
TCGTCTTAGGCGTTAA-1,0,53,83,6280,5871
TTCTGACCGGGCTCAA-1,0,52,84,6183,5925
CAGAACTTAGCCCTCT-1,0,53,85,6279,5981
AGCTCCTTCGCACATC-1,0,52,86,6182,6036
ACAGGCTTGCCCGACT-1,1,53,87,6279,6092
GCTATACGTCTCGGAC-1,1,52,88,6182,6147
GAGCCAGCTACCTGTG-1,1,53,89,6278,6203
TGCTAAGTGTCTATTT-1,1,52,90,6181,6258
GTCCTACGAATAGTCT-1,1,53,91,6277,6314
CAGTGTCGGCTGGCCC-1,1,52,92,6181,6369
CTATCGACGAAATACA-1,1,53,93,6277,6425
CATCATTACCCTGAGG-1,1,52,94,6180,6480
TAAGTTGCGACGTAGG-1,0,53,95,6276,6536
AGTGCACGCTTAAGAA-1,0,52,96,6180,6591
TGTGCCGGTGCCGGAA-1,0,53,97,6276,6646
AGGAGGCCTTCGCGCG-1,0,52,98,6179,6701
TCCGCGGCCCAATGAA-1,0,53,99,6275,6757
TCCGTTAAGCTAATAT-1,0,52,100,6179,6812
AAATCTAGCCCTGCTA-1,0,53,101,6275,6868
CGCAGGCGATCCAAAC-1,0,52,102,6178,6923
CCATATGGAAACTATA-1,0,53,103,6274,6979
CACCGTATCCCATCCG-1,0,52,104,6177,7034
GGTCAAGACTACTTCG-1,0,53,105,6274,7090
CCCGTTTCGCAGATGT-1,0,52,106,6177,7145
GTTATAATACGGTGAA-1,0,53,107,6273,7201
ACTTGTGGATGGAACG-1,0,52,108,6176,7256
GTTCGCTGAGACGTCT-1,0,53,109,6272,7312
GACACTGGAACCCGAT-1,0,52,110,6176,7367
CCCAGGTCTGAAGGCT-1,0,53,111,6272,7422
TCTCGAGGAGGTTCGC-1,0,52,112,6175,7477
ACTATCTGCCCGCGTA-1,0,53,113,6271,7533
CCTAAATTGTATCCTA-1,0,52,114,6175,7588
AGAAATTATGACTCGC-1,0,53,115,6271,7644
TCCAGCGCTATAAGCG-1,0,52,116,6174,7699
TCGTGTATTGGTCACG-1,0,53,117,6270,7755
CCACATACTGCACCCA-1,0,52,118,6173,7810
GTTGCGGACGGTCAGG-1,0,53,119,6270,7866
GTATTTAATGGCATAA-1,0,52,120,6173,7921
GTCGATAGGTGACTTT-1,0,53,121,6269,7977
AATAATCTTCGTATCG-1,0,52,122,6172,8032
ATTGTTCAACGATCCG-1,0,53,123,6269,8088
GTGCAGCGTAGAGTAG-1,0,52,124,6172,8142
TGTGGTAGGGTGCCTT-1,0,53,125,6268,8198
TGTGGACTATCTACGT-1,0,52,126,6171,8253
GGCGGGCTCTAAGAGT-1,0,53,127,6267,8309
TGTGCCAGAGGCAAAG-1,0,54,0,6399,1271
TGGCTTATGTATAATG-1,0,55,1,6496,1327
GCAAGCTGGAAACCGC-1,0,54,2,6399,1382
GATATCAAGCAGGAGC-1,0,55,3,6495,1438
CACCAATCATCCGTCT-1,0,54,4,6398,1493
CCACATGGCTCTTTAT-1,0,55,5,6494,1548
GTCCTACTCTACGGGC-1,0,54,6,6398,1603
CTCGAGACATACGATA-1,0,55,7,6494,1659
TATCAGTGGCGTAGTC-1,0,54,8,6397,1714
TGACAGGACAAGTCCA-1,0,55,9,6493,1770
TATTAACACCAAAGCA-1,0,54,10,6397,1825
TAGGCGATGAGGTCTC-1,0,55,11,6493,1881
CCGCCGGAACTTCTCG-1,0,54,12,6396,1936
GCCATTAGCCTCAAAC-1,0,55,13,6492,1992
GTTAGGCTACCCGTTT-1,0,54,14,6395,2047
GGGTATTCTAGCAAAC-1,0,55,15,6492,2103
GCCCTAGCCGTCGCGA-1,0,54,16,6395,2158
CAGATCCTGGTTTGAA-1,0,55,17,6491,2214
CTTCAGTGGTCGCCTA-1,0,54,18,6394,2268
GGGCAACCGCACGTGC-1,0,55,19,6490,2324
GACCCAATTATGATAC-1,0,54,20,6394,2379
GAAGCTCGGACCCGTC-1,0,55,21,6490,2435
CGTCGGGTCTAAGCGC-1,0,54,22,6393,2490
GAGGCCCGACTCCGCA-1,0,55,23,6489,2546
TTGCCATAGCCCGCTC-1,0,54,24,6393,2601
TAACATACACGCGATC-1,0,55,25,6489,2657
CCGACGGGCATGAGGT-1,0,54,26,6392,2712
AATGTGCCCGAGGTGT-1,0,55,27,6488,2768
AGCTGTAACCTCAATC-1,0,54,28,6392,2823
CGAGTGAAGGTACCAG-1,0,55,29,6488,2879
AGTCTCACAAGACTAC-1,0,54,30,6391,2934
AAATTGATAGTCCTTT-1,0,55,31,6487,2989
TAAGTCGCCGAGTATC-1,0,54,32,6390,3044
GCGGAGAAACTTCGCA-1,0,55,33,6487,3100
GGCAAAGGCGCCAATA-1,0,54,34,6390,3155
ATTTCCGGGTTCTGCG-1,0,55,35,6486,3211
TAAACCCAGGAGGGCA-1,0,54,36,6389,3266
TTCGGGCGCTAGTCTT-1,0,55,37,6485,3322
GTGGAGTCGGCGGTTG-1,0,54,38,6389,3377
GCACGCCTACTTAGAT-1,0,55,39,6485,3433
CAATATTCTTGACCTA-1,0,54,40,6388,3488
CGTTTGTGTAGAGGGT-1,0,55,41,6484,3544
CATAGCGTTGCCCACC-1,0,54,42,6388,3599
TGATACATTTAGCCGT-1,0,55,43,6484,3655
TTCCGGCCTTGAGGCT-1,0,54,44,6387,3709
CCTATACCGTCCTGTC-1,0,55,45,6483,3765
TCGTTGCTATCCGGTC-1,0,54,46,6386,3820
TGGCGACTGCTCCAAA-1,0,55,47,6483,3876
CAGAGGCGATGCATGA-1,0,54,48,6386,3931
TCACAGGAGAATAAGA-1,0,55,49,6482,3987
GGGTTAACATTTGAGT-1,0,54,50,6385,4042
GCGGGCGAGCCTTACC-1,0,55,51,6482,4098
TGCCAATGGGTACTCT-1,0,54,52,6385,4153
AGGGACTCTACGCGAC-1,0,55,53,6481,4209
GACGCCGTAAAGGCTA-1,0,54,54,6384,4264
AAAGGCTCTCGCGCCG-1,0,55,55,6480,4320
CTGGCTGGTTGTCAGT-1,0,54,56,6384,4375
ACATCCCGGCCATACG-1,0,55,57,6480,4430
CTCTTGTCCCGCTTGG-1,0,54,58,6383,4485
TACGCCTCCATTCCGA-1,0,55,59,6479,4541
CGGAGCAATTTAATCG-1,0,54,60,6383,4596
AACTAGGCTTGGGTGT-1,0,55,61,6479,4652
GCGTCGCCAGGGTGAT-1,0,54,62,6382,4707
GTTGGTCATGCTATCC-1,0,55,63,6478,4763
GCTGGCGGCGCATGCT-1,0,54,64,6381,4818
TGAGCGGAAAGTGTTC-1,0,55,65,6478,4874
CTTTCTGTGCGGGCTT-1,0,54,66,6381,4929
ATCTAATATCCTACGG-1,0,55,67,6477,4985
AACCTTTAAATACGGT-1,0,54,68,6380,5040
TTCACTCGAGCACCTA-1,0,55,69,6476,5096
CTGCACTCCAGTACAG-1,0,54,70,6380,5151
CCATTTCTACCTATTA-1,0,55,71,6476,5206
CAAGCGGCACATAATT-1,0,54,72,6379,5261
GTTAACATCACTTAAA-1,0,55,73,6475,5317
ATATAAATGTAGCTGC-1,0,54,74,6379,5372
GCCTCTATACATAGCA-1,0,55,75,6475,5428
GTGTCGTATAGCGTTC-1,0,54,76,6378,5483
ATACGTACTTAGCCAC-1,0,55,77,6474,5539
GCTATCATACTCATGG-1,0,54,78,6378,5594
TATCCAATTGGTTATC-1,0,55,79,6474,5650
TCTCCCTGGGCAGCGT-1,0,54,80,6377,5705
CCTATAATGAGTGCCC-1,0,55,81,6473,5761
CAATGCGAGAAGTATC-1,0,54,82,6376,5816
TACCAATAAAGTACCA-1,0,55,83,6473,5872
GCTAGGCACCACGGAG-1,0,54,84,6376,5926
GGTGGACTGCTCTGGC-1,0,55,85,6472,5982
TATTCCGAGCTGTTAT-1,1,54,86,6375,6037
TTGAGAAGTTTAGCAT-1,1,55,87,6471,6093
GTCCGGACCTGAAATT-1,1,54,88,6375,6148
CTGTGGTCGGGAGATA-1,1,55,89,6471,6204
CATGTAAGAGACATTT-1,1,54,90,6374,6259
CACGTTTCGTACACAC-1,1,55,91,6470,6315
CATCCTCTCAAAGATC-1,1,54,92,6374,6370
GATTAACCGAAAGCCC-1,0,55,93,6470,6426
AACGCTGTTGCTGAAA-1,0,54,94,6373,6481
TTCAGCTGGCGTGCCC-1,0,55,95,6469,6537
TAGAGGTTCTACTTGT-1,0,54,96,6373,6592
GTATCAAACGTTAGCT-1,0,55,97,6469,6647
AATCATGTAAAGACTC-1,0,54,98,6372,6702
AGTCACTAGCTCTCGA-1,0,55,99,6468,6758
GCGAAACGATCGGGAG-1,0,54,100,6371,6813
CATGGATTGTCTTCCG-1,0,55,101,6468,6869
ATTGGATTACAGCGTA-1,0,54,102,6371,6924
CACACACGCTAACGAG-1,0,55,103,6467,6980
CTATGGGAAGCGGAAT-1,0,54,104,6370,7035
TGCCTAATTGAAGATT-1,0,55,105,6466,7091
TGGCAATGGGACGGCG-1,0,54,106,6370,7146
ACCTCCGCCCTCGCTG-1,0,55,107,6466,7202
CGGCAATAAGATCGCC-1,0,54,108,6369,7257
CCTTGACCACTTTATT-1,0,55,109,6465,7313
TCATTTAGAAGTGTGA-1,0,54,110,6369,7367
CAGAATAACACACGGA-1,0,55,111,6465,7423
TCTGAGCAATTGACTG-1,0,54,112,6368,7478
CAACGTGGTGGAGTCT-1,0,55,113,6464,7534
CACAGTTCGCTTCCCA-1,0,54,114,6367,7589
TCTCTCGCCGCACATA-1,0,55,115,6464,7645
TGGGCAGGCCACCGCA-1,0,54,116,6367,7700
CTCCTGTTCAAGGCAG-1,0,55,117,6463,7756
TATTTGATTTGCACAG-1,0,54,118,6366,7811
GCCACTCCTTACGGTA-1,0,55,119,6463,7867
ACCGATATTTAATCAT-1,0,54,120,6366,7922
TTATTATCTGGAAGGC-1,0,55,121,6462,7978
TACATGCCGGAATTGT-1,0,54,122,6365,8033
GGCACTCAGCCGACCC-1,0,55,123,6461,8088
AAACCGGAAATGTTAA-1,0,54,124,6365,8143
AGACAGGCATCTCAGC-1,0,55,125,6461,8199
GTGGTGATGGTTTGTG-1,0,54,126,6364,8254
CCGATATGACGTAAGG-1,0,55,127,6460,8310
CATACACAAAGTCAGC-1,0,56,0,6592,1272
TGCCGTTCTTAATCGG-1,0,57,1,6688,1328
TCGAGTCTACGATTCG-1,0,56,2,6592,1383
ACTTCCAGTGGAAGCT-1,0,57,3,6688,1439
CAATTGGGCCGCACTC-1,0,56,4,6591,1493
AAATCGCGGAAGGAGT-1,0,57,5,6687,1549
ATATCAATTCCAGCCT-1,0,56,6,6591,1604
CTTTGTCGAATGCTCC-1,0,57,7,6687,1660
TGAGGCATGTACTGTG-1,0,56,8,6590,1715
TTCGCCGCTCGCGCTA-1,0,57,9,6686,1771
GACTCCTTCCAATTGA-1,0,56,10,6589,1826
ACCGAAGAGTCTGGTT-1,0,57,11,6686,1882
TGGCATGAAGTTTGGG-1,0,56,12,6589,1937
ACGAGGTTTACAACGT-1,0,57,13,6685,1993
AACCCATCCCATGATC-1,0,56,14,6588,2048
TCGACAACTGAACCCG-1,0,57,15,6684,2104
TATCTTGCAATACAAC-1,0,56,16,6588,2159
TATTATGTTTGCCTGC-1,0,57,17,6684,2214
GTCAAAGAAGTGGTGT-1,0,56,18,6587,2269
GGGACAGAGTTACTCC-1,0,57,19,6683,2325
AGCAACCGAAAGTAAT-1,0,56,20,6587,2380
CTCTCTAACTGCCTAG-1,0,57,21,6683,2436
ATACGGAACGTCGTTT-1,0,56,22,6586,2491
TCGGTCCCGACAATAG-1,0,57,23,6682,2547
CGCGCAAATGTCCAGA-1,0,56,24,6586,2602
TCTAATACTGCCTCAG-1,0,57,25,6682,2658
CTCGGTTGTCGGCCCT-1,0,56,26,6585,2713
GGTAACCGGGAGGATA-1,0,57,27,6681,2769
CAGGCGCACGGTGGTC-1,0,56,28,6584,2824
TCATCGATGGTCCCAA-1,0,57,29,6681,2880
CAAAGATTATTGGGCC-1,0,56,30,6584,2935
ACAATGAATACGGAGA-1,0,57,31,6680,2990
GCTCCTGACATACTGG-1,0,56,32,6583,3045
GATGACAAGTAGGGCA-1,0,57,33,6679,3101
TACGCCGAGGGTACCC-1,0,56,34,6583,3156
AAGCGTCCCTCATCGA-1,0,57,35,6679,3212
CACTCCTATGTAAGAT-1,0,56,36,6582,3267
TCGAGCCAGGCAGGCC-1,0,57,37,6678,3323
TCGTCAAGTACGCGCA-1,0,56,38,6582,3378
CCCGTAGCTGGGAAGA-1,0,57,39,6678,3434
ACCCTATGCCATATCG-1,0,56,40,6581,3489
GTGGTATAGTCTGCCG-1,0,57,41,6677,3545
CCGGTTTGTAATTGTG-1,0,56,42,6580,3600
GTCGCCGTTGTGTGTT-1,0,57,43,6677,3656
TACTGAACAGATTTAG-1,0,56,44,6580,3710
TATTAACCTGACCGCG-1,0,57,45,6676,3766
CTGTAGCCATCTCACT-1,0,56,46,6579,3821
TACTATGGTTCCTCAG-1,0,57,47,6676,3877
GAGTCAGACCAGAATC-1,0,56,48,6579,3932
TAAGGCATAACATCAA-1,0,57,49,6675,3988
CTTCCGCTCCGTGAAG-1,0,56,50,6578,4043
GGGCTATGATCGATGG-1,0,57,51,6674,4099
GGTCGGTCGTCCACAG-1,0,56,52,6578,4154
GGGACCCGTATATCTT-1,0,57,53,6674,4210
GAAAGCAGTGCACTTT-1,0,56,54,6577,4265
AGCGCATAATGAATCG-1,0,57,55,6673,4321
GCTGCTAAGTAGTCGA-1,0,56,56,6577,4376
AATAGTCCGTCCCGAC-1,0,57,57,6673,4431
AGCAGCCAGATGAATA-1,0,56,58,6576,4486
CCTCGCGCTGTGCGAT-1,0,57,59,6672,4542
TTGTGTATGCCACCAA-1,0,56,60,6575,4597
TGCTCGGCGAAACCCA-1,0,57,61,6672,4653
CGATTAAATATCTCCT-1,0,56,62,6575,4708
TGCCGTGGATCGTCCT-1,0,57,63,6671,4764
GTGGACGCATTTGTCC-1,0,56,64,6574,4819
ACCCGGAAACTCCCAG-1,0,57,65,6670,4875
CCGCATGTGGTACGAT-1,0,56,66,6574,4930
GCAAACCTTGGCCATA-1,0,57,67,6670,4986
ATTCACTGATGTTGGA-1,0,56,68,6573,5041
ACTCCCTAATGCTAAA-1,0,57,69,6669,5097
TCCTAAATTGGGAAGC-1,0,56,70,6573,5151
GAACAGATTACTAAAT-1,0,57,71,6669,5207
ATACAGGCCCTCCAAT-1,0,56,72,6572,5262
CGATTCGCCTGGCTGC-1,0,57,73,6668,5318
TCCGCCTGTCTACAAG-1,0,56,74,6572,5373
CACATCTCACCGACGA-1,0,57,75,6668,5429
CGTCGTCCTTCGCGAA-1,0,56,76,6571,5484
CGTTGAATACCGCGCT-1,0,57,77,6667,5540
ACCAATATGCAAGTTA-1,0,56,78,6570,5595
ACGGATGGTGCGGATA-1,0,57,79,6667,5651
CACCCTAACAAGATCT-1,0,56,80,6570,5706
AAGCTCTTTCATGGTG-1,0,57,81,6666,5762
CATGGGTATGCCTTAT-1,0,56,82,6569,5817
GCGCGTCATTGGTACA-1,0,57,83,6665,5872
TCTGAAGCACGTGGTC-1,0,56,84,6569,5927
AAGTTCACTCCAAGCT-1,0,57,85,6665,5983
TTGGACCTATAACAGT-1,0,56,86,6568,6038
ATCAGCCTCATGCTGC-1,0,57,87,6664,6094
AGTACTCTTATGCCCA-1,1,56,88,6568,6149
GCGCTTAAATAATTGG-1,1,57,89,6664,6205
TTGTGAACCTAATCCG-1,1,56,90,6567,6260
AGTCGTCGACCACCAA-1,0,57,91,6663,6316
TCCTTTAAATCCGCTT-1,0,56,92,6567,6371
ACTGAAACGCCGTTAG-1,0,57,93,6663,6427
GCACACACTGGTAGCC-1,0,56,94,6566,6482
TAAGGGCCTGTCCGAT-1,0,57,95,6662,6538
GCTAGAGTAGAGATGT-1,0,56,96,6565,6593
CACAGGGCCATATAGT-1,0,57,97,6662,6648
CCATGCCCTAGATTTC-1,0,56,98,6565,6703
TCGCGTAGCAGTGTCC-1,0,57,99,6661,6759
GACGAGGCTAATAAAC-1,0,56,100,6564,6814
CTACACTCGCAGATGG-1,0,57,101,6660,6870
ACGCATACGTTTACTA-1,0,56,102,6564,6925
GGAGCAACATTTCAAG-1,0,57,103,6660,6981
CGAGAGGGTAGCCGCG-1,0,56,104,6563,7036
TCGTGTTCGACCACAA-1,0,57,105,6659,7092
TCTACCCAATAGAGAG-1,0,56,106,6563,7147
ATAAACGTTGCACCAC-1,0,57,107,6659,7203
TCAACTGCAGAGTCAG-1,0,56,108,6562,7258
AGCTCCATATATGTTC-1,0,57,109,6658,7314
GTAACATCTAAGATAA-1,0,56,110,6561,7368
CCGACAATAGGCCGCC-1,0,57,111,6658,7424
ATGCTTAGGAGTTGAT-1,0,56,112,6561,7479
AACCCGAGCAGAATCG-1,0,57,113,6657,7535
CGGGTTTGTTAGGGCT-1,0,56,114,6560,7590
AGGCACGTGACTGTCC-1,0,57,115,6657,7646
GACAAGAGATGAGATT-1,0,56,116,6560,7701
AGCCCTTGGACATCCC-1,0,57,117,6656,7757
GCAGTTCGATCCGAGC-1,0,56,118,6559,7812
TCGAGGGCAACAGACG-1,0,57,119,6655,7868
ACTTTGTCGACGCACT-1,0,56,120,6559,7923
GAGTATCAAAGTTACA-1,0,57,121,6655,7979
CCAGGCTGGCGTCTGA-1,0,56,122,6558,8034
GGACTCTTCCGGTTGA-1,0,57,123,6654,8089
TCCCAGCACACGACAT-1,0,56,124,6558,8144
GCTCCATGAGTGCAGA-1,0,57,125,6654,8200
GCAGTGCGGGCGGATG-1,0,56,126,6557,8255
GCGTTCTGACTAAGCG-1,0,57,127,6653,8311
ATTTGGAGATTGCGGT-1,0,58,0,6785,1273
AAGGGTTTGATTTCAG-1,0,59,1,6881,1329
CCGGCCGCGAGCATAT-1,0,58,2,6785,1384
GAGTTCTGTGGGTGCT-1,0,59,3,6881,1440
AAACGAAGATGGAGTA-1,0,58,4,6784,1494
AATTACGAGACCCATC-1,0,59,5,6880,1550
CCTTTGAATTATGGCT-1,0,58,6,6783,1605
CATGGTATTAGTTTGT-1,0,59,7,6880,1661
AACGAAAGTCGTCCCA-1,0,58,8,6783,1716
ACATAAGTCGTGGTGA-1,0,59,9,6879,1772
GCACAACCTCGGGCGT-1,0,58,10,6782,1827
ATGCACGCGCTGTTCA-1,0,59,11,6878,1883
CGATGTTGTTATCTAC-1,0,58,12,6782,1938
GTCTCCTGCCAGTATG-1,0,59,13,6878,1994
GATGCCTTCTGCGGCA-1,0,58,14,6781,2049
ACCGGTCAGGTACACC-1,0,59,15,6877,2105
GTGGAGCGTTTACCGA-1,0,58,16,6781,2160
AGGCGGTTTGTCCCGC-1,0,59,17,6877,2215
TCCCTGGCGTATTAAC-1,0,58,18,6780,2270
AAACACCAATAACTGC-1,0,59,19,6876,2326
TGGACGCAATCCAGCC-1,0,58,20,6780,2381
GGAACCTTGACTCTGC-1,0,59,21,6876,2437
GTATCTCAGTCTTGAC-1,0,58,22,6779,2492
GCTGAATCTTCCAATC-1,0,59,23,6875,2548
AGATGCAAGACGTGCA-1,0,58,24,6778,2603
TTAAGGCCCGTACTTT-1,0,59,25,6875,2659
AGTATGCTGGAGACCA-1,0,58,26,6778,2714
GCGGCAAAGTATTGCC-1,0,59,27,6874,2770
GCGCAAATATATTCAA-1,0,58,28,6777,2825
GAAGAAACGATATTGT-1,0,59,29,6873,2881
GGACCTCTAGGCCGCC-1,0,58,30,6777,2935
AACAGCTGTGTGGCAA-1,0,59,31,6873,2991
TCGAATATCCCGCAGG-1,0,58,32,6776,3046
GCGACCCAACCATCTG-1,0,59,33,6872,3102
AGAGAAGGAGTACAAT-1,0,58,34,6776,3157
GGCTCCTCCACCTGTT-1,0,59,35,6872,3213
TCAGTGTATACGTCAT-1,0,58,36,6775,3268
ATTATTATGTCCGTCA-1,0,59,37,6871,3324
TTAGGTCATAACCGAC-1,0,58,38,6774,3379
AAGATGGCACCGGACC-1,0,59,39,6871,3435
CTACAAGAAATAACCC-1,0,58,40,6774,3490
ACTATTTCCGGGCCCA-1,0,59,41,6870,3546
TTGTTTCACATCCAGG-1,0,58,42,6773,3601
CGCTGTGTGGATGTTG-1,0,59,43,6870,3656
TCAACATAGCGCCCTA-1,0,58,44,6773,3711
GGCCGTTTGGGTTTCA-1,0,59,45,6869,3767
TACTCTTTCGTCTTCA-1,0,58,46,6772,3822
TTCGCGCGCCATACGA-1,0,59,47,6868,3878
CGGAAAGAATCAAACG-1,0,58,48,6772,3933
AGGCAGGGAGCGTACT-1,0,59,49,6868,3989
CCTTTAAGGGAGCACT-1,0,58,50,6771,4044
CGCCCAGCACGCCTAG-1,0,59,51,6867,4100
AGTATTTGGCACGACC-1,0,58,52,6771,4155
TATCCGCACCGTCGGG-1,0,59,53,6867,4211
ACCCGTGTCATCAGTA-1,0,58,54,6770,4266
CAACTGCTCATCCGAT-1,0,59,55,6866,4322
CCGGAGCGTACTTTCT-1,0,58,56,6769,4377
TACCGTAGGTTAACTA-1,0,59,57,6866,4432
TGAGGAGTGCCAGCTT-1,0,58,58,6769,4487
CCAGTCTTGTCATAGA-1,0,59,59,6865,4543
GGGCAGAGCAATCGTT-1,0,58,60,6768,4598
TACCAAATAGCCCAGA-1,0,59,61,6864,4654
TACCTACTCCCAGTAT-1,0,58,62,6768,4709
TGTGAGACTAGCCCAA-1,0,59,63,6864,4765
ATACCTAACCAAGAAA-1,0,58,64,6767,4820
GTCGGGAAGCAGAAAC-1,0,59,65,6863,4876
AATTAACGGATTTCCA-1,0,58,66,6767,4931
GAACCCTCTGTGTTCT-1,0,59,67,6863,4987
ATATAAAGCGCTCGTG-1,0,58,68,6766,5042
CCTGGTCGAATGTGGG-1,0,59,69,6862,5098
CTAGGTTCGGACGTGA-1,0,58,70,6766,5152
TCGGGAGACAGCGTAC-1,0,59,71,6862,5208
CATAAGAAGCTTGGCT-1,0,58,72,6765,5263
AAGCACCCTGCGTATC-1,0,59,73,6861,5319
AGTTTGCACCTGCCTC-1,0,58,74,6764,5374
GACTGCAAATCGAGCT-1,0,59,75,6861,5430
GTGTATATCAGCGGGC-1,0,58,76,6764,5485
CTTCAACTCCACTTGG-1,0,59,77,6860,5541
ACTTACGCATCCACGC-1,0,58,78,6763,5596
CATGAGATGCACTCTC-1,0,59,79,6859,5652
GAGCACCTGTGTCCAG-1,0,58,80,6763,5707
CGCGACCGCGACAGAT-1,0,59,81,6859,5763
GTCCCGCGACGTTATG-1,0,58,82,6762,5818
GCAGTGTGGCTATAGG-1,0,59,83,6858,5873
ATACTGCCTTACACCG-1,0,58,84,6762,5928
TACAGAAACGGTGGGC-1,0,59,85,6858,5984
GGCGCGGAGATCTTTC-1,0,58,86,6761,6039
CGTTAATGTCCCGACG-1,0,59,87,6857,6095
GCTAACTGAAGTCTGA-1,0,58,88,6761,6150
AGTGATAACCTGCGCG-1,0,59,89,6857,6206
TATGATCTTCTCTTTA-1,0,58,90,6760,6261
TGTACCTACACGAGGG-1,0,59,91,6856,6317
ATATCGTTCCTCGAAC-1,0,58,92,6759,6372
CGGCGCCATCAATCCC-1,0,59,93,6856,6428
CCTGTTTGAAGACACG-1,0,58,94,6759,6483
GCCACTCAGAGCGCGA-1,0,59,95,6855,6539
TCGGCTTGTATCGACG-1,0,58,96,6758,6593
TAGATGGTTCCTTACT-1,0,59,97,6854,6649
ATCGTTAGCTAGCGGA-1,0,58,98,6758,6704
ACAGCGACATTCTCAT-1,0,59,99,6854,6760
ATTCAACCATTTAAGG-1,0,58,100,6757,6815
CACTCTTCTGCTAGCC-1,0,59,101,6853,6871
CTAACTGATAATCGCC-1,0,58,102,6757,6926
TGATGTCAATTAAGTG-1,0,59,103,6853,6982
CGCCGTTCAGCATAGT-1,0,58,104,6756,7037
ATACTACCCGTACCAC-1,0,59,105,6852,7093
CCACTGTTTGGATTAA-1,0,58,106,6755,7148
CACTACGGGAGCTGCC-1,0,59,107,6852,7204
GACCAAACGTTGACTG-1,0,58,108,6755,7259
AAGAGGCCCTTTGGAA-1,0,59,109,6851,7314
ACACGTAGGCCACAAG-1,0,58,110,6754,7369
TACTCTTACTTTACTG-1,0,59,111,6851,7425
AGAGCCGCCGAGATTT-1,0,58,112,6754,7480
GGCCTGCTTCTCCCGA-1,0,59,113,6850,7536
TCAAGCGCGGACGGTA-1,0,58,114,6753,7591
ACACTGGGACAGTCGT-1,0,59,115,6849,7647
TGTGTAGTAGCACGTG-1,0,58,116,6753,7702
CTAGCCACAGGCGAGC-1,0,59,117,6849,7758
CTATCGCGTAGAGAAC-1,0,58,118,6752,7813
GTTCCCGTAAACATAT-1,0,59,119,6848,7869
TCTTTCCTTCGAGATA-1,0,58,120,6752,7924
ATATTGGAGAGGCCTT-1,0,59,121,6848,7980
AGGCGATAACTGGCGT-1,0,58,122,6751,8035
ACCCGGAGCACCACAA-1,0,59,123,6847,8090
TGAGCTCAACTGTATA-1,0,58,124,6750,8145
ACGACCCATGAGTTGC-1,0,59,125,6847,8201
CGGTCAGTCCATATTT-1,0,58,126,6750,8256
TCCGGCTGTCGGGTCG-1,0,59,127,6846,8312
ATTCCCGAAGGTACAG-1,0,60,0,6978,1274
CTAACAGCACAATAAC-1,0,61,1,7074,1330
TTGTGCGGAAGCGGAT-1,0,60,2,6977,1385
GGGCACTATTGACCAT-1,0,61,3,7074,1440
CCATAGAGGCTGCCAG-1,0,60,4,6977,1495
CCGAAGCATTGACCAA-1,0,61,5,7073,1551
TACTGAGGGAAGAAAG-1,0,60,6,6976,1606
TATGTAGAAACCCGGC-1,0,61,7,7072,1662
TGGTTAACTTACATTT-1,0,60,8,6976,1717
AGAACCCTCAATTGGG-1,0,61,9,7072,1773
CCTATATCGTGTCACG-1,0,60,10,6975,1828
ACGGCTGGATGTAGAA-1,0,61,11,7071,1884
CTCGCATTGCATAGCC-1,0,60,12,6975,1939
ACTTTGGTCGTGCTCC-1,0,61,13,7071,1995
GCTGGTTTAGGCCATA-1,0,60,14,6974,2050
TGTCGTTATCACATAT-1,0,61,15,7070,2106
ACACATGATCAAATCT-1,0,60,16,6974,2161
TATCCATCTCGGTTAG-1,0,61,17,7070,2216
CTCGTCGAGGGCTCAT-1,0,60,18,6973,2271
ATCAATGCCGTGGCTG-1,0,61,19,7069,2327
GAAACATAGGAAACAG-1,0,60,20,6972,2382
TAATAGGTCACCAGAA-1,0,61,21,7069,2438
CACCAGTCAGCATGCA-1,0,60,22,6972,2493
GAGCGCTGTTAGGTAA-1,0,61,23,7068,2549
CCCTATGTAGAGCAGA-1,0,60,24,6971,2604
GATCGCTATATCTCAG-1,0,61,25,7067,2660
AAGGGACTATGCATTC-1,0,60,26,6971,2715
CTCGGGTTCTCTGGCC-1,0,61,27,7067,2771
TATATATCGAGAAATG-1,0,60,28,6970,2826
ACCCGAGCGAAATTAC-1,0,61,29,7066,2882
TTGTTTCATTAGTCTA-1,0,60,30,6970,2936
ATGGGACCTGCTGAAC-1,0,61,31,7066,2992
TGCGACGGCCGAACGT-1,0,60,32,6969,3047
AGCTAACAAGCAATGT-1,0,61,33,7065,3103
CGTGTCTCGTTACGAC-1,0,60,34,6968,3158
CTAAATCCGGTGTACA-1,0,61,35,7065,3214
GAATAGTGCTCGATTA-1,0,60,36,6968,3269
AACAATACATTGTCGA-1,0,61,37,7064,3325
CACATCGTGCACGCGC-1,0,60,38,6967,3380
ACCGTGACCACGTGGG-1,0,61,39,7064,3436
CCCAATGAGATTTGCA-1,0,60,40,6967,3491
TCAGCAGTAGGCCCTG-1,0,61,41,7063,3547
CTACTCAAGGTATAGT-1,0,60,42,6966,3602
TAGTAGCTTATACCAG-1,0,61,43,7062,3657
ACGTTCGTTCAGGAAA-1,0,60,44,6966,3712
TTAGAATAAGGGTCGG-1,0,61,45,7062,3768
TTCTAGAAAGTCTTAT-1,0,60,46,6965,3823
CCTTCAGTTAAAGTGA-1,0,61,47,7061,3879
TAGCTAGTGATGATGG-1,0,60,48,6965,3934
AGCCCGGTAGCCTGTA-1,0,61,49,7061,3990
TACCTCAGTTGTCTGT-1,0,60,50,6964,4045
GACGGGTTGGCCCGTA-1,0,61,51,7060,4101
GAAACCTATACAAATG-1,0,60,52,6963,4156
TCCACCTCTAGCCTTT-1,0,61,53,7060,4212
AAGACCCAACTGAACA-1,0,60,54,6963,4267
CATACACGGTTCCCAC-1,0,61,55,7059,4323
ACTACGCGTTAGAATT-1,0,60,56,6962,4377
CTTGGCCAAGCTGGGA-1,0,61,57,7058,4433
TTACCCTAGGGATTGG-1,0,60,58,6962,4488
TTCGCACTGTACGACA-1,0,61,59,7058,4544
TAGGTGTTCCACAGAT-1,0,60,60,6961,4599
GAAGCCTGCACATTCC-1,0,61,61,7057,4655
GGCTTTCAATAAGGGT-1,0,60,62,6961,4710
TCCAGGGTATATACGA-1,0,61,63,7057,4766
CTCGCCGAATGTAGGG-1,0,60,64,6960,4821
AGGAAGCTGTCCGCCG-1,0,61,65,7056,4877
GTCTCAAGGCCCGGCT-1,0,60,66,6960,4932
ACCGACACATCTCCCA-1,0,61,67,7056,4988
TATACGCGTCATCACT-1,0,60,68,6959,5043
ATCTGGGCTGTTCTTG-1,0,61,69,7055,5098
TCAAATTTGAGACTCA-1,0,60,70,6958,5153
GTTAAGGGTGCGATGT-1,0,61,71,7055,5209
AGCAAAGGCCGCTAGT-1,0,60,72,6958,5264
TTATAGGTAATTGTCT-1,0,61,73,7054,5320
TTGTGCAGCCACGTCA-1,0,60,74,6957,5375
ACGGACTCTCAAAGCG-1,0,61,75,7053,5431
ATGCTCTGGCGCGGTA-1,0,60,76,6957,5486
ATAATCTTGGAGAACC-1,0,61,77,7053,5542
CTCATTGCTCTAACAA-1,0,60,78,6956,5597
TAGGTGACGATAACCT-1,0,61,79,7052,5653
CGGATCCTCAAGGACT-1,0,60,80,6956,5708
GGGCGTGGTTTCCCAG-1,0,61,81,7052,5764
TGGCTATGTGACATAC-1,0,60,82,6955,5819
CTTAGTGTAGTAGCAT-1,0,61,83,7051,5874
GGATTGCTGTGACTCC-1,0,60,84,6954,5929
ACTTCCATGCGGGACA-1,0,61,85,7051,5985
ACTCAAGTGCAAGGCT-1,0,60,86,6954,6040
ACAAGGATGCTTTAGG-1,0,61,87,7050,6096
TTGAACGACGTGCTGA-1,0,60,88,6953,6151
ATTCATCGTTGAGGCA-1,0,61,89,7050,6207
TGCAACCCATCTGCGG-1,0,60,90,6953,6262
AGTGCTAAACACAGCA-1,0,61,91,7049,6318
AACTCCAGAGCGTGTT-1,0,60,92,6952,6373
TCTCCACAAGTTGAAT-1,0,61,93,7048,6429
CTTTGCATCGCTCTTG-1,0,60,94,6952,6484
TCACAAACCGAGGTAC-1,0,61,95,7048,6540
CCGTAGGAAATCCCTG-1,0,60,96,6951,6594
AAACATTTCCCGGATT-1,0,61,97,7047,6650
GCCTCCGACAATTCAC-1,0,60,98,6951,6705
TCTGCATACCTTGCTT-1,0,61,99,7047,6761
ACCCATTTGTCCCTCT-1,0,60,100,6950,6816
CTGCAGAGAATCAGAG-1,0,61,101,7046,6872
GGAAACTAAATGGGCC-1,0,60,102,6949,6927
CAACCTACCGAGCAGT-1,0,61,103,7046,6983
CCGTAGGGTTGTTTAC-1,0,60,104,6949,7038
GGTTTGTGACCTGAGG-1,0,61,105,7045,7094
TAACCTAGGGAGTCCA-1,0,60,106,6948,7149
TTCCATCGACAGCGTG-1,0,61,107,7045,7205
ATCTCCCACGGAATAT-1,0,60,108,6948,7260
GTTTCAAACGAGTTGT-1,0,61,109,7044,7315
GGAACTTTGGCGATTA-1,0,60,110,6947,7370
CTGCAAGCACGTTCCG-1,0,61,111,7043,7426
CACAGTCCCGCTTCGC-1,0,60,112,6947,7481
TACGCTCGGTATTGGA-1,0,61,113,7043,7537
CTGGTAAAGTGTGGGC-1,0,60,114,6946,7592
CAACCAGTGGCCTACC-1,0,61,115,7042,7648
TCTTCGCGGTGAGAGG-1,0,60,116,6946,7703
TTCGGGTTGCCACGGG-1,0,61,117,7042,7759
ACCGATAGGCATAACC-1,0,60,118,6945,7814
CTTATAGATGGCTGTT-1,0,61,119,7041,7870
AGACGCCCACTTCGCC-1,0,60,120,6944,7925
AGGTCGCCTCCCAACA-1,0,61,121,7041,7981
CCTCACGTCAGCTAAT-1,0,60,122,6944,8035
CCACCTGTATGGAATA-1,0,61,123,7040,8091
GGACTCGAAGCTTTCA-1,0,60,124,6943,8146
AAGCCGGAGAGCAGGA-1,0,61,125,7039,8202
GCCTATCAGGTAAGAT-1,0,60,126,6943,8257
TCAGAGTGTGAGCATG-1,0,61,127,7039,8313
AAACATGGTGAGAGGA-1,0,62,0,7171,1275
ATCATTGTACCGCATT-1,0,63,1,7267,1331
TCAGCTTGAGCTTTCG-1,0,62,2,7170,1386
CCGCGCAAGATACCCA-1,0,63,3,7266,1441
CTATACTTAAAGCGAG-1,0,62,4,7170,1496
ACCGTCCACTGGGCCC-1,0,63,5,7266,1552
AAGACCAAATAACTCA-1,0,62,6,7169,1607
TGTTTCTGAAGCGTGC-1,0,63,7,7265,1663
TTCTCTTACAGGTGAT-1,0,62,8,7169,1718
AATTCATTGTCATGCA-1,0,63,9,7265,1774
GCCCGAGAGTCTAAAT-1,0,62,10,7168,1829
ATATAGAGTATTGGTC-1,0,63,11,7264,1885
TTGAAGGATGGGCGCC-1,0,62,12,7168,1940
TAGTACCACAACTTTC-1,0,63,13,7264,1996
ATCCCATCCACAGCGC-1,0,62,14,7167,2051
CTTAGGTATAGACCAG-1,0,63,15,7263,2107
TGACTCCGAATCATAC-1,0,62,16,7166,2161
ACTACATCCCGACAAG-1,0,63,17,7263,2217
TTGCCGCAGACCTACA-1,0,62,18,7166,2272
TAAGAGGGACAGGGAC-1,0,63,19,7262,2328
CGAATGAAGTCATTGC-1,0,62,20,7165,2383
AAGGGAACGACTGGCT-1,0,63,21,7261,2439
CGAATCTGCTCGACGC-1,0,62,22,7165,2494
ATCGTGGAAAGTCTGG-1,0,63,23,7261,2550
CCTATGGCTCCTAGTG-1,0,62,24,7164,2605
CGTCGCTTGGTTATAC-1,0,63,25,7260,2661
TGCTTAGAGAGAATGC-1,0,62,26,7164,2716
GATTGCTCCAGTTGCA-1,0,63,27,7260,2772
CGTGCTTCTACCTAAA-1,0,62,28,7163,2827
ACTCCAATATCATCAT-1,0,63,29,7259,2882
GCCGACCCACGACTGC-1,0,62,30,7162,2937
GAGGGTAGTAACAAAG-1,0,63,31,7259,2993
GGCCGAGACTCTGGTG-1,0,62,32,7162,3048
TATATAGGGCTTTACG-1,0,63,33,7258,3104
TGCCGGATGTACGAGC-1,0,62,34,7161,3159
AGGTAGATCGAGATAT-1,0,63,35,7258,3215
GATCAACATAAAGGGA-1,0,62,36,7161,3270
TAACAGCGTTTGTGCT-1,0,63,37,7257,3326
CTATAGGCGTTGATGT-1,0,62,38,7160,3381
GGTTTAATTACCATCG-1,0,63,39,7256,3437
CTCTTCTGGAAGTTAG-1,0,62,40,7160,3492
ATCTGACATGGAAGGA-1,0,63,41,7256,3548
TACGTACTAGTGCTGA-1,0,62,42,7159,3603
ATGACTATCAGCTGTG-1,0,63,43,7255,3658
CTTTGGGATTGTTGCA-1,0,62,44,7159,3713
AGACTGTTACCGGGTC-1,0,63,45,7255,3769
TCCTAACCGTCGGGCA-1,0,62,46,7158,3824
ACGCAAACTAATAGAT-1,0,63,47,7254,3880
AAGTGAGTCGGGTTTA-1,0,62,48,7157,3935
TAAAGCGGTATTTCCA-1,0,63,49,7254,3991
CTCCTCCAGCTCACAC-1,0,62,50,7157,4046
CGGTCCGTCGCAAGCC-1,0,63,51,7253,4102
CCTATATTTGTCCTGG-1,0,62,52,7156,4157
TCCAATAAAGGCTACC-1,0,63,53,7252,4213
AAAGGCTACGGACCAT-1,0,62,54,7156,4268
CGTGACCAGTCCTCTG-1,0,63,55,7252,4324
GATCTGCTATCTAAGG-1,0,62,56,7155,4378
CGAATGACGCATAATG-1,0,63,57,7251,4434
GCTCAATGTAATACCG-1,0,62,58,7155,4489
CTATGCCCGAATGCAA-1,0,63,59,7251,4545
CACAGGGCCGTTGTCA-1,0,62,60,7154,4600
TCAATACGCCGTCATG-1,0,63,61,7250,4656
AGCGGACACTTCGTAG-1,0,62,62,7154,4711
ATACGTTATGCACGGA-1,0,63,63,7250,4767
GAGTAGATACTAGTTG-1,0,62,64,7153,4822
CCAGCTCGAACGCATT-1,0,63,65,7249,4878
TGCTTCCCAAGCAGTA-1,0,62,66,7152,4933
GTAGACACGCCTGACT-1,0,63,67,7249,4989
CTCACATTTACTAAAT-1,0,62,68,7152,5044
GAATGCGAATCGGTTC-1,0,63,69,7248,5099
TAAGGCCCGTCACCCT-1,0,62,70,7151,5154
GAGTATGCGCGTGCAT-1,0,63,71,7247,5210
ATCCACATCGACAGAA-1,0,62,72,7151,5265
TAGACGAAACGCCAAT-1,0,63,73,7247,5321
CAGCAGTCTGTGCTGC-1,0,62,74,7150,5376
CTCACTGTGATACTTA-1,0,63,75,7246,5432
TTAATTGCTTTGGGTG-1,0,62,76,7150,5487
GTAGTCTACGATATTG-1,0,63,77,7246,5543
TTGCCGCTTTCTAGTA-1,0,62,78,7149,5598
GAACCTTTAACGATCC-1,0,63,79,7245,5654
TGGACCAATCTAAGAT-1,0,62,80,7148,5709
CTAGTAGAAAGGGATT-1,0,63,81,7245,5765
AACCTCGCTTTAGCCC-1,0,62,82,7148,5819
GAGTGTCAACCAGAAA-1,0,63,83,7244,5875
GTGATCCTTGTCATGA-1,0,62,84,7147,5930
CTCAACTAACCCGGAT-1,0,63,85,7244,5986
AGTGGCGTCTGAAGGT-1,0,62,86,7147,6041
GGGAAGGGCTTTCTCA-1,0,63,87,7243,6097
AGGCCTGAGAATCTCG-1,0,62,88,7146,6152
AGCCACAGGTTACCCG-1,0,63,89,7242,6208
TGCAATCTAACACGGT-1,0,62,90,7146,6263
GTTTGGGTTTCGCCCG-1,0,63,91,7242,6319
CCTATGTCCACTCCAC-1,0,62,92,7145,6374
CTGCCTTTCTAGTAAA-1,0,63,93,7241,6430
TTAGTAAACCTGCTCT-1,0,62,94,7145,6485
TTGTGGTGGTACTAAG-1,0,63,95,7241,6541
CCTCCTGTTGTGTCGT-1,0,62,96,7144,6595
ACAAAGCATGACCTAG-1,0,63,97,7240,6651
ATAGCAACTAGGGAAG-1,0,62,98,7143,6706
CCGCTCTTCCGAACTA-1,0,63,99,7240,6762
TAGAATAGCCGATGAA-1,0,62,100,7143,6817
GGTCTCCGTCCAGGTT-1,0,63,101,7239,6873
TAATTACGTCAGTAGA-1,0,62,102,7142,6928
TACGTAAAGCGGAGTG-1,0,63,103,7238,6984
GCTACAATCGAGGATA-1,0,62,104,7142,7039
TCAGCCAATCCGTAAA-1,0,63,105,7238,7095
ATCATAGCCCTATGTA-1,0,62,106,7141,7150
GAGGCCTGTTGATACA-1,0,63,107,7237,7206
ATATACGCTCGTGACG-1,0,62,108,7141,7261
CCCTTTAATGGAGTTC-1,0,63,109,7237,7316
TTACACGATCTGCGAC-1,0,62,110,7140,7371
TCGCATAAAGGGCGCA-1,0,63,111,7236,7427
TGTAGCCATCCCATTC-1,0,62,112,7140,7482
GGGTCTATCGCTTTCC-1,0,63,113,7236,7538
GGAGGGTCAAGTAAGA-1,0,62,114,7139,7593
TACGGCATGGACGCTA-1,0,63,115,7235,7649
CACGTCAATCAATGGA-1,0,62,116,7138,7704
CGCTTGGACGGATAGA-1,0,63,117,7235,7760
CGCGGTACGGTATACA-1,0,62,118,7138,7815
CCTACTCAACACGATT-1,0,63,119,7234,7871
CGTTTGGTGTTGTGGG-1,0,62,120,7137,7926
GTTGTTGCAAGATGGC-1,0,63,121,7233,7982
CATTCGTCGTAGCGGT-1,0,62,122,7137,8036
CAGCCTCGATAGCGGT-1,0,63,123,7233,8092
TCATAAGTCCAAGAAG-1,0,62,124,7136,8147
AAAGTGCCATCAATTA-1,0,63,125,7232,8203
GTTGCAGTCGACAACA-1,0,62,126,7136,8258
TAAATGGGCTACTGAG-1,0,63,127,7232,8314
GGACAAGCCATGATCG-1,0,64,0,7364,1276
TCCAATGCGTCGCCGC-1,0,65,1,7460,1332
AAAGAATGACCTTAGA-1,0,64,2,7363,1387
CCTATTATTCCGGCCG-1,0,65,3,7459,1442
CAGTAAGGGACGTCTC-1,0,64,4,7363,1497
GGGATGGACCCGCGTC-1,0,65,5,7459,1553
GACGCATACCCGTCGG-1,0,64,6,7362,1608
GGGCAGGATTTCTGTG-1,0,65,7,7458,1664
TATCTGAGCCGATATT-1,0,64,8,7361,1719
AATGTATGGCACTGTA-1,0,65,9,7458,1775
GCCTTTGTCAGTGGAC-1,0,64,10,7361,1830
AACCATAGGGTTGAAC-1,0,65,11,7457,1886
AAACTTAATTGCACGC-1,0,64,12,7360,1941
TAGGCGGCTGCAAAGA-1,0,65,13,7457,1997
TCCATCAATACTAATC-1,0,64,14,7360,2052
ACCTCGAACTTATGCT-1,0,65,15,7456,2108
ACAAACCATGCGTCCT-1,0,64,16,7359,2162
ACACCGGTCTGACCGC-1,0,65,17,7455,2218
ATGGCAGCATTACGAT-1,0,64,18,7359,2273
CTGGTGAATGGGCCTA-1,0,65,19,7455,2329
CACAGAGACGAGGACG-1,0,64,20,7358,2384
GCACAAACCCTAGATG-1,0,65,21,7454,2440
ACTATGTCCAGCTGCC-1,0,64,22,7358,2495
AAGCCGCCGTGAAATC-1,0,65,23,7454,2551
ATGGGTGTATACCTCC-1,0,64,24,7357,2606
TAAGCGCGAATCAAAT-1,0,65,25,7453,2662
AGCCCGGCATTAGAGG-1,0,64,26,7356,2717
GTGATCAAGCGTGCAC-1,0,65,27,7453,2773
CTGCCTTTAATACCTT-1,0,64,28,7356,2828
TACCTCCACACCAATG-1,0,65,29,7452,2883
GAGCATCAACAACTTG-1,0,64,30,7355,2938
CATACGAACTAGCTGG-1,0,65,31,7452,2994
GGGAACGGTTTCAGAT-1,0,64,32,7355,3049
AGGGTGCCGTTCTTTA-1,0,65,33,7451,3105
ACGACTGGTCATACTC-1,0,64,34,7354,3160
GGATCTTACTGCCCTT-1,0,65,35,7450,3216
TACTCCTCTAGTTGAC-1,0,64,36,7354,3271
GTAGCTCCGGGAGGCT-1,0,65,37,7450,3327
GGACTCGTGAGTGGTC-1,0,64,38,7353,3382
GTAGTTCGAAGGCGAA-1,0,65,39,7449,3438
CTCAAACCACTGCCCG-1,0,64,40,7353,3493
GAGGGAGTCAGATCGC-1,0,65,41,7449,3549
GCGTCCCTAAGACATA-1,0,64,42,7352,3603
TCTCTTACCGCGAACC-1,0,65,43,7448,3659
GGCTACTATACACTCC-1,0,64,44,7351,3714
CGTTGCCCGCGTGGGA-1,0,65,45,7448,3770
TATAGAGTCGCTTGAA-1,0,64,46,7351,3825
ATGTTGTAGTCTGTTT-1,0,65,47,7447,3881
AGTATACACAGCGACA-1,0,64,48,7350,3936
TGTGGTTGCTAAAGCT-1,0,65,49,7446,3992
TGATTCCCGGTTACCT-1,0,64,50,7350,4047
CACTGACGATTGTGGA-1,0,65,51,7446,4103
AACATTGTGACTCGAG-1,0,64,52,7349,4158
GTCCAATATTTAGCCT-1,0,65,53,7445,4214
GCTCTTTCCGCTAGTG-1,0,64,54,7349,4269
GGGTCAGGAGCTAGAT-1,0,65,55,7445,4325
AGGTGGTGACCTTCGC-1,0,64,56,7348,4379
CCCGGGTCGTTCAGGG-1,0,65,57,7444,4435
AGCCAAGCTTTGTGTC-1,0,64,58,7348,4490
TGTGGCGGGCTTCTGG-1,0,65,59,7444,4546
CGAGGGTATCCAGGTG-1,0,64,60,7347,4601
CGTTCAGACCCGCGAA-1,0,65,61,7443,4657
TCATATGAGCTTTGTT-1,0,64,62,7346,4712
AGTTGACGGTCCTTGC-1,0,65,63,7443,4768
ATAATTAGCTAAGTAG-1,0,64,64,7346,4823
GGTCTTGAGCGCTCTT-1,0,65,65,7442,4879
CGTTGTCGGCAATTGA-1,0,64,66,7345,4934
TCTTGCTCCCGATACT-1,0,65,67,7441,4990
AGCAGAAGGAGAAAGA-1,0,64,68,7345,5045
GAAGCCACTGATTATG-1,0,65,69,7441,5100
TGCTCTTGAGAGTTTG-1,0,64,70,7344,5155
GACATCCGTCGAACTG-1,0,65,71,7440,5211
AGATATAATACGACTA-1,0,64,72,7344,5266
TCGCTACTGGCTTTGA-1,0,65,73,7440,5322
GTGACAGCTTCCCACT-1,0,64,74,7343,5377
GTGACGCAGGTTTCAT-1,0,65,75,7439,5433
GGGAAGACGGTCTGTC-1,0,64,76,7342,5488
CGTCGCATGTGAGCCA-1,0,65,77,7439,5544
AGAAGGTTGTAGGTCG-1,0,64,78,7342,5599
GGCCGGCGTCTGCTAT-1,0,65,79,7438,5655
TTGACCAGGAACAACT-1,0,64,80,7341,5710
AGTCGTATAAAGCAGA-1,0,65,81,7438,5766
GGCGTAGGGAAAGCTG-1,0,64,82,7341,5820
AAACCTAAGCAGCCGG-1,0,65,83,7437,5876
ATTGCCTTTATGTTTG-1,0,64,84,7340,5931
CAGGCAGTCTTACCAG-1,0,65,85,7436,5987
AGCTAAGTACGCAGGC-1,0,64,86,7340,6042
AAATCCGATACACGCC-1,0,65,87,7436,6098
CGAGAGCTTTCACTAC-1,0,64,88,7339,6153
CGCCCAGCGTTTCACG-1,0,65,89,7435,6209
TTAAGTATTGTTATCC-1,0,64,90,7339,6264
AAACGGGCGTACGGGT-1,0,65,91,7435,6320
GTATCCTTTGGTAACC-1,0,64,92,7338,6375
CATAGTCAAATACATA-1,0,65,93,7434,6431
TCTATGCTATAACGAC-1,0,64,94,7337,6486
ACGTTCTGTACAAGTC-1,0,65,95,7434,6541
CGCGAAGTGGCATACT-1,0,64,96,7337,6596
ACCAACCGCACTCCAC-1,0,65,97,7433,6652
GTCATGCGCGAGGGCT-1,0,64,98,7336,6707
TAGGCTAAAGTGGCAC-1,0,65,99,7432,6763
TGGCTACACTCTACCT-1,0,64,100,7336,6818
TGTCCACGGCTCAACT-1,0,65,101,7432,6874
AATTGCAGCAATCGAC-1,0,64,102,7335,6929
GTCAACCAGGCCTATA-1,0,65,103,7431,6985
ATCTTATCGCACACCC-1,0,64,104,7335,7040
GTCTATTGCATGCTCG-1,0,65,105,7431,7096
GCACGTGGTTTACTTA-1,0,64,106,7334,7151
ATTCGCGCCTTGAGAG-1,0,65,107,7430,7207
AGCGATGCGCCTAATA-1,0,64,108,7334,7262
TCTATAGGTGGGTAAT-1,0,65,109,7430,7317
AGATACCAATAGAACC-1,0,64,110,7333,7372
CGTGTATGGGAGCTGA-1,0,65,111,7429,7428
ATGTACATGCGGTGAG-1,0,64,112,7332,7483
TTGGCTCAATATGTGT-1,0,65,113,7429,7539
GTTCGGAGCACTCAAC-1,0,64,114,7332,7594
TCCCTCTTCTCAAGGG-1,0,65,115,7428,7650
TTACGTATCTATGACA-1,0,64,116,7331,7705
CCCATATAGGTCGATT-1,0,65,117,7427,7761
GTCCACGTCGCATTCG-1,0,64,118,7331,7816
AATTGTGGTTGCCAAA-1,0,65,119,7427,7872
AGGAACGAACGACTTC-1,0,64,120,7330,7927
TAATTCCAATGCTTCA-1,0,65,121,7426,7983
AGGGCCCTAATGTTCT-1,0,64,122,7330,8037
AGGTGTTGCCGACCAC-1,0,65,123,7426,8093
CTGAGAGTAGAAATAC-1,0,64,124,7329,8148
TAGAAGAAGGGTTACA-1,0,65,125,7425,8204
GGTGACTGATAGAGAG-1,0,64,126,7329,8259
TACCCTCGGTAACCCT-1,0,65,127,7425,8315
TGTAAGACTGATAAGA-1,0,66,0,7557,1277
GTCACTCATGAGCGAT-1,0,67,1,7653,1333
CGGTTTACTGAACATT-1,0,66,2,7556,1388
GAGATCGATCTTACTC-1,0,67,3,7652,1443
TCTTTCATCCGTCCTT-1,0,66,4,7555,1498
TCGGATCTGGATGACC-1,0,67,5,7652,1554
GTCCTAGGATACCTTA-1,0,66,6,7555,1609
TGTACCCGACCCTAAT-1,0,67,7,7651,1665
AGGTTCTCCTTTCCGG-1,0,66,8,7554,1720
AATTGCGTGGATTACA-1,0,67,9,7651,1776
CGATAGCGATACAGTG-1,0,66,10,7554,1831
CGCCCTAATTGTTCAA-1,0,67,11,7650,1887
ATTATGAGACCCAATT-1,0,66,12,7553,1942
CCTCCTAGCTAGAGTC-1,0,67,13,7649,1998
CGAAGGGTTTCAGATT-1,0,66,14,7553,2053
CACAAGCTAAGAAAGG-1,0,67,15,7649,2109
CACCGGTAGAGACATT-1,0,66,16,7552,2163
ACTCATGGCAGCCTTC-1,0,67,17,7648,2219
CATCCAATATAGTTTG-1,0,66,18,7552,2274
CAGATATGAAGATGAC-1,0,67,19,7648,2330
GCAAAGGGCGTTAGCC-1,0,66,20,7551,2385
CTGTTGTTCAGTCGTA-1,0,67,21,7647,2441
AAAGGCCCTATAATAC-1,0,66,22,7550,2496
AACATTGAAGTTGATC-1,0,67,23,7647,2552
GCTAGCGATAGGTCTT-1,0,66,24,7550,2607
ATTGCCTATTAGACCG-1,0,67,25,7646,2663
GGGCGTTTACATTCAT-1,0,66,26,7549,2718
CCTCTACAAGGATTGG-1,0,67,27,7646,2774
AGTGACTGTGACACAA-1,0,66,28,7549,2829
AGCCCTCCCTGGTGGC-1,0,67,29,7645,2884
CGGTTGAGTATCCTTC-1,0,66,30,7548,2939
CATTATCCCATTAACG-1,0,67,31,7644,2995
AATGTGCTAATCTGAG-1,0,66,32,7548,3050
CTTAGTTGAGGAATCG-1,0,67,33,7644,3106
CTTCTGGGCGTACCTA-1,0,66,34,7547,3161
AGTCAAATGATGTGAT-1,0,67,35,7643,3217
TGAACAAGCAGGGACT-1,0,66,36,7547,3272
AATACCGGAGGGCTGT-1,0,67,37,7643,3328
GTTTGGTGATCGGTGC-1,0,66,38,7546,3383
GACTGCTGGTGAGAAA-1,0,67,39,7642,3439
CGATCCTCGCAACATA-1,0,66,40,7545,3494
CCAACCTTATGTAACT-1,0,67,41,7642,3550
CGTGGTACCCAAAGGC-1,0,66,42,7545,3604
AACCCGACAACCCGTG-1,0,67,43,7641,3660
TATGTAAAGTGCTTAA-1,0,66,44,7544,3715
GCAAGTGTAAAGCATG-1,0,67,45,7640,3771
GTAACTGCCCAAGGAG-1,0,66,46,7544,3826
GGTGCATAAATGATTA-1,0,67,47,7640,3882
TAGTCCCGGAGACCAC-1,0,66,48,7543,3937
CGGCCAGAGCGACCAT-1,0,67,49,7639,3993
TGAATGAGTGTTTCCC-1,0,66,50,7543,4048
TTCACTTCCTAGAACG-1,0,67,51,7639,4104
CGCTTAGTATTGATAC-1,0,66,52,7542,4159
AACGCGACCTTGGGCG-1,0,67,53,7638,4215
GTGCACCAGCTTCAAC-1,0,66,54,7542,4270
TTCTATTAAACGCAGC-1,0,67,55,7638,4325
TGGCAAGCACAAGTCG-1,0,66,56,7541,4380
ATCTGCTGTTATCGCC-1,0,67,57,7637,4436
AATTCCAAGCATGTAC-1,0,66,58,7540,4491
AAACGGTTGCGAACTG-1,0,67,59,7637,4547
GAAGGAGTCGAGTGCG-1,0,66,60,7540,4602
GGCAAGCCCATAGTGG-1,0,67,61,7636,4658
TGACCAAATCTTAAAC-1,0,66,62,7539,4713
TTCGGTACTGTAGAGG-1,0,67,63,7635,4769
ATGTACGATGACGTCG-1,0,66,64,7539,4824
ATCTAGCTTGTGAGGG-1,0,67,65,7635,4880
AGCGGGTCTGACACTC-1,0,66,66,7538,4935
GAGGTACGCGTGTCCC-1,0,67,67,7634,4991
GCACTGCCTACCTTTA-1,0,66,68,7538,5046
GGAGCGAGGCCTACTT-1,0,67,69,7634,5101
AAACTCGGTTCGCAAT-1,0,66,70,7537,5156
GGCGCTTCATTCCCTG-1,0,67,71,7633,5212
TGCTCGGTGGGTCACC-1,0,66,72,7536,5267
AAGCGCAGGGCTTTGA-1,0,67,73,7633,5323
GACCTTCCACGTCTAC-1,0,66,74,7536,5378
GTTAGCCCATGACATC-1,0,67,75,7632,5434
AATTCGATTCGAGGAT-1,0,66,76,7535,5489
AGTCTTTAAAGTGTCC-1,0,67,77,7632,5545
GACTAGGCCGTTAGGT-1,0,66,78,7535,5600
TCCAAGCCTAGACACA-1,0,67,79,7631,5656
GATTGGGAAAGGTTGT-1,0,66,80,7534,5711
GATGAGGAACCTTCGG-1,0,67,81,7630,5767
TGAATACCGACGCGTA-1,0,66,82,7534,5821
AATCGTGAGCCGAGCA-1,0,67,83,7630,5877
GCGAAGAATCTGACGG-1,0,66,84,7533,5932
GAACAACTGGGATGAA-1,0,67,85,7629,5988
TCGCCGACATATTCGC-1,0,66,86,7533,6043
CGTAGAGAGTAATTAT-1,0,67,87,7629,6099
CGATAGTCGTACTGCA-1,0,66,88,7532,6154
CGCATGCCGAATGCGT-1,0,67,89,7628,6210
CTCTAGCCCTCGGAAA-1,0,66,90,7531,6265
TCCAACTCAGCTATCT-1,0,67,91,7628,6321
GTCTAGTGAGCCGCTT-1,0,66,92,7531,6376
TACCGAATAATTGTAA-1,0,67,93,7627,6432
ATATAACACGGGCGCA-1,0,66,94,7530,6487
GCATGCTAATAACGAT-1,0,67,95,7626,6542
TCCGGGCTTGACGGGA-1,0,66,96,7530,6597
ATTATTCAGAGTCACT-1,0,67,97,7626,6653
TAGCAGTATGACTAAA-1,0,66,98,7529,6708
TATGAAGAATTAAGGT-1,0,67,99,7625,6764
CAAGGCCAGTGGTGCA-1,0,66,100,7529,6819
TGCGTACGGCTAATTG-1,0,67,101,7625,6875
CAGATAATGGGCGGGT-1,0,66,102,7528,6930
GAGAACGGTTCTGACT-1,0,67,103,7624,6986
CGCTTCGGTCTAAGAC-1,0,66,104,7528,7041
AGCATTACGAGGCAAG-1,0,67,105,7624,7097
AAGTTGTGATGTTATA-1,0,66,106,7527,7152
TTGCTCATAGTACGTG-1,0,67,107,7623,7208
TACTTAAACATGTACA-1,0,66,108,7526,7262
AGTGAGTCGAATTAAC-1,0,67,109,7623,7318
TAGGCCTATATAGTCT-1,0,66,110,7526,7373
ACTCGCCGTTCGATAA-1,0,67,111,7622,7429
GGTACGTTGCGGCCGG-1,0,66,112,7525,7484
TATTGCCGGGCTTGTA-1,0,67,113,7621,7540
GGTAAACTCTGCGCTG-1,0,66,114,7525,7595
TCCCTTGTCTGAAACT-1,0,67,115,7621,7651
CATGATCGCTTTGAGA-1,0,66,116,7524,7706
GGACGGGCGACCAACC-1,0,67,117,7620,7762
GAGAGGCCTATGTGTA-1,0,66,118,7524,7817
TCGTAACTCCCAAGAC-1,0,67,119,7620,7873
CGTATCTAGAACTAAG-1,0,66,120,7523,7928
GCACCTTCCCGAAGGT-1,0,67,121,7619,7983
TACCTCTTTACCATCC-1,0,66,122,7523,8038
TGACTCTAACTGGTAA-1,0,67,123,7619,8094
GAGAAACTGGATCCCA-1,0,66,124,7522,8149
ATCCGGACCAGCCTGA-1,0,67,125,7618,8205
TTATTTAGGTTCCTTA-1,0,66,126,7521,8260
CGAATTCCCGGTTCAA-1,0,67,127,7618,8316
TAGTTTGATCGGTCGC-1,0,68,0,7749,1278
AGTCGAAACGATTCAG-1,0,69,1,7846,1334
ACGTCGGGCAACTCGG-1,0,68,2,7749,1388
ACTTGCTCTATCTACC-1,0,69,3,7845,1444
ATTACGGGCTACGGTT-1,0,68,4,7748,1499
GCAAACGTAAGCGACC-1,0,69,5,7845,1555
TTCGGACTGGGCATGG-1,0,68,6,7748,1610
GGGCCATTCGTGCTGG-1,0,69,7,7844,1666
GAGTTGTCACCAGTCT-1,0,68,8,7747,1721
AGTAATTTGCAAGCGT-1,0,69,9,7843,1777
GTGGCCGGTTTCTCGG-1,0,68,10,7747,1832
ATCTTAGGGCATTAAT-1,0,69,11,7843,1888
CTACATATCGCGGGAC-1,0,68,12,7746,1943
ATGGTATTTACTGATT-1,0,69,13,7842,1999
CCGTCAACCTCTGGCG-1,0,68,14,7746,2054
GCTTCGACGTTCAATC-1,0,69,15,7842,2109
GACCGATTAAATATGT-1,0,68,16,7745,2164
GTCGAATTTGGGCGCT-1,0,69,17,7841,2220
TCACGGCCCAAGAGAG-1,0,68,18,7744,2275
CTACGATCCTATCCTA-1,0,69,19,7841,2331
TGCAGTGGTAGGGAAC-1,0,68,20,7744,2386
TTGCCTAATCCAAAGT-1,0,69,21,7840,2442
AGCGAGACGTGAAGGC-1,0,68,22,7743,2497
TTCTACCTCAATCGGT-1,0,69,23,7839,2553
TACGCTGCTGTGTTAA-1,0,68,24,7743,2608
TAGTCCTGCACTAAGC-1,0,69,25,7839,2664
AGCACACGTTTAGACT-1,0,68,26,7742,2719
GTTCGACAATTGTATA-1,0,69,27,7838,2775
CCATGTTCATCTATAT-1,0,68,28,7742,2830
CCCTCGATAATACACA-1,0,69,29,7838,2885
ACTGCCCGCCATTCTC-1,0,68,30,7741,2940
CTATATCCAGCCTGGC-1,0,69,31,7837,2996
CGCACGTCTGTTTATG-1,0,68,32,7741,3051
AATCAGGTTTCATTTA-1,0,69,33,7837,3107
AGAGAAACACCAGAAA-1,0,68,34,7740,3162
ACCCGATTGGTTCCGA-1,0,69,35,7836,3218
TACCAGGAATCCCGTC-1,0,68,36,7739,3273
AAGTGCTTCTCTATTG-1,0,69,37,7836,3329
TGCATGTGACCCATAG-1,0,68,38,7739,3384
TAGATTCAAAGTGCGG-1,0,69,39,7835,3440
AGGGTCAGAGCACTCG-1,0,68,40,7738,3495
GTGAGATAACCTTATA-1,0,69,41,7834,3551
GTGTCAGTGTACGTGG-1,0,68,42,7738,3605
CTGTAGTGAGGATCGA-1,0,69,43,7834,3661
GATAGTGCGAGTAAGT-1,0,68,44,7737,3716
AGGGTTCAGACGGTCC-1,0,69,45,7833,3772
GGACTCGACAGCGCAT-1,0,68,46,7737,3827
CACTCTCAAGCATCGA-1,0,69,47,7833,3883
GAGCGGAATGCGGTGT-1,0,68,48,7736,3938
CAGTTCGAGGACCCGA-1,0,69,49,7832,3994
CGTAACTTCGACACTT-1,0,68,50,7736,4049
TGATCACCACACTGAC-1,0,69,51,7832,4105
CATACTTCTTTCTCCG-1,0,68,52,7735,4160
CAAGTAAGTGATAGAC-1,0,69,53,7831,4216
AGCCCGCAACAAGCAG-1,0,68,54,7734,4271
GCTCCATGCAAAGCAA-1,0,69,55,7831,4326
TCGTACCGACGTCAAG-1,0,68,56,7734,4381
ATTATCGGAATGTACG-1,0,69,57,7830,4437
ACCTACTATAAATCTA-1,0,68,58,7733,4492
TATCCTATCAACTGGT-1,0,69,59,7829,4548
GCGCGGTCTAGTAACT-1,0,68,60,7733,4603
CCTTCGTATAGAATCC-1,0,69,61,7829,4659
TGGGCGATACAATAAG-1,0,68,62,7732,4714
TGACATGTAACGTGAC-1,0,69,63,7828,4770
TTGGGAAGACGAGCCG-1,0,68,64,7732,4825
GGTGTAAATCGATTGT-1,0,69,65,7828,4881
GAACTGTGGAGAGACA-1,0,68,66,7731,4936
TCCACATCGTATATTG-1,0,69,67,7827,4992
CCTATGGTCAAAGCTG-1,0,68,68,7730,5046
TCCTTGTCCTTTAATT-1,0,69,69,7827,5102
AAGTTTATGGGCCCAA-1,0,68,70,7730,5157
GTCCGGGTTCACATTA-1,0,69,71,7826,5213
ATGTAGCGCGCGTAGG-1,0,68,72,7729,5268
TACGGAAGCCAAACCA-1,0,69,73,7826,5324
GCCCTGAGGATGGGCT-1,0,68,74,7729,5379
CGGGCGATGGATCACG-1,0,69,75,7825,5435
TGCGGACTTGACTCCG-1,0,68,76,7728,5490
TAATACTAGAACAGAC-1,0,69,77,7824,5546
TCAAATTGTTGTGCCG-1,0,68,78,7728,5601
GGGCAGTCAACGCCAA-1,0,69,79,7824,5657
TCGCTGCCAATGCTGT-1,0,68,80,7727,5712
TACGTGGGCCCAGGGC-1,0,69,81,7823,5767
GCCTACGTTCTGTGCA-1,0,68,82,7727,5822
TTGCGTGTGTAGGCAT-1,0,69,83,7823,5878
TCCTAAAGATTCAGAC-1,0,68,84,7726,5933
TGGGTGCACAAGCCAT-1,0,69,85,7822,5989
GGGAGCGACCGTAGTG-1,0,68,86,7725,6044
CATAGAGGAGATACTA-1,0,69,87,7822,6100
CTTCGATTGCGCAAGC-1,0,68,88,7725,6155
GTGCCTGAGACCAAAC-1,0,69,89,7821,6211
TCATCCTCAGCTGCTT-1,0,68,90,7724,6266
TGCAACTACTGGTTGA-1,0,69,91,7820,6322
ATGTTGATTAGAGACT-1,0,68,92,7724,6377
GTTTCTAGAGGCGCGG-1,0,69,93,7820,6433
TACAAGGGCTTCTTTA-1,0,68,94,7723,6488
ACAGGCACGGATCCTT-1,0,69,95,7819,6543
CCCAAGTCATTACACT-1,0,68,96,7723,6598
ACTCTGACCTAATAGA-1,0,69,97,7819,6654
GGATGGCTTGAAGTAT-1,0,68,98,7722,6709
ACCCTCCCGTCAGGGC-1,0,69,99,7818,6765
AGCTTCTTCTCGAGCA-1,0,68,100,7722,6820
TTGCGCTTGATCAATA-1,0,69,101,7818,6876
TGGGTGTAATAGATTT-1,0,68,102,7721,6931
CATGGTTTATTAATCA-1,0,69,103,7817,6987
TTGCCTTCTCGCCGGG-1,0,68,104,7720,7042
TTAAAGTAAGTCGCCA-1,0,69,105,7817,7098
AGTTGGCAAGGCTAGA-1,0,68,106,7720,7153
CCGCACTTGCAATGAC-1,0,69,107,7816,7209
AATGTTGTCGTGAGAC-1,0,68,108,7719,7263
CCAAGGTTGCCCTTTC-1,0,69,109,7815,7319
TGTGACTAGAGTTTGC-1,0,68,110,7719,7374
TTGTGATCTGTTCAGT-1,0,69,111,7815,7430
GGAGTTGATTCTGTGT-1,0,68,112,7718,7485
GTAGTGAGCAACCTCA-1,0,69,113,7814,7541
AAGACATACGTGGTTT-1,0,68,114,7718,7596
CATCCCGAGATTCATA-1,0,69,115,7814,7652
GGCCGCAGGAACCGCA-1,0,68,116,7717,7707
CCAGAAACTGATGCGA-1,0,69,117,7813,7763
ACCCGTAGTCTAGTTG-1,0,68,118,7716,7818
AGGGTCTGGACGCAGT-1,0,69,119,7813,7874
TTGAAACCCTCATTCC-1,0,68,120,7716,7929
TCAATCCCGCGCCAAA-1,0,69,121,7812,7984
AGGACATCGGCACACT-1,0,68,122,7715,8039
GACAAGACGCCCGTGC-1,0,69,123,7812,8095
GAGTAAATTAAGAACC-1,0,68,124,7715,8150
TAAGTCGGTGAGCTAG-1,0,69,125,7811,8206
CTTACTGACTCCTCTG-1,0,68,126,7714,8261
TTAACTGATCGTTTGG-1,0,69,127,7810,8317
GGGCGATCCATAGGCC-1,0,70,0,7942,1279
CGTATTGTTTGGCGCC-1,0,71,1,8039,1335
CGCGTGGGCCTGTGTT-1,0,70,2,7942,1389
AAATCTGCCCGCGTCC-1,0,71,3,8038,1445
GCTGAAGGGTTCTTGG-1,0,70,4,7941,1500
TAATTGCGCTGATTAC-1,0,71,5,8037,1556
TCGCGCGTTTACATGA-1,0,70,6,7941,1611
TAACTGAAATACGCCT-1,0,71,7,8037,1667
CCTGTCGTGTATGAAG-1,0,70,8,7940,1722
CGGGAACGCCCTGCAT-1,0,71,9,8036,1778
AGTTGCGGTCCTCAAC-1,0,70,10,7940,1833
GGGTCCTTGGAAGAAG-1,0,71,11,8036,1889
CGGGAAGTACCGTGGC-1,0,70,12,7939,1944
ACGGTCACCGAGAACA-1,0,71,13,8035,2000
TAGACTCAGTTGGCCT-1,0,70,14,7938,2055
CCTTCCGCAACGCTGC-1,0,71,15,8035,2110
CAGTGTTAATCTCTCA-1,0,70,16,7938,2165
CAGGCCAGTACCACCT-1,0,71,17,8034,2221
GATCGCTGTGGTGCGT-1,0,70,18,7937,2276
GTATCTCGGGCGCTTT-1,0,71,19,8033,2332
CCGGGCTAAGAATTTC-1,0,70,20,7937,2387
CTTCACGCCCTGGTAC-1,0,71,21,8033,2443
CGGATGAATGCTGTGA-1,0,70,22,7936,2498
CTCTGCAGGCATTCTT-1,0,71,23,8032,2554
TCAAAGTCACGGCGTC-1,0,70,24,7936,2609
TGGGTTTCGGGCGTAC-1,0,71,25,8032,2665
TGCTATGGCAAAGGGA-1,0,70,26,7935,2720
TTCACGGTCGTCACGT-1,0,71,27,8031,2776
CGTAAAGCAAGAAATC-1,0,70,28,7935,2830
CTGATCCCTTTATGCA-1,0,71,29,8031,2886
GAGTATACCCTAATCA-1,0,70,30,7934,2941
CCACGGCAGGTGTAGG-1,0,71,31,8030,2997
ACGTACTTTGGCACGG-1,0,70,32,7933,3052
CCTGAGAATAAATGCA-1,0,71,33,8030,3108
TTGATGCCGCTCGTCG-1,0,70,34,7933,3163
GCCAGGAAAGAACACT-1,0,71,35,8029,3219
TCCGACCGCTAATCAA-1,0,70,36,7932,3274
TATATCAAAGTGATCT-1,0,71,37,8028,3330
CCTCGGTTTCCTTGCC-1,0,70,38,7932,3385
TAAATTTAGTAACACC-1,0,71,39,8028,3441
CTCGTTACGGCTACCA-1,0,70,40,7931,3496
GCCGTCGGTTTCGGGC-1,0,71,41,8027,3551
GTTCCGTCCGCCTGCA-1,0,70,42,7931,3606
CTAGGGATAGGGACAA-1,0,71,43,8027,3662
GTCCAGGCACGTGTGC-1,0,70,44,7930,3717
GAGGAATATCTCTTTG-1,0,71,45,8026,3773
CGTTCAAGGAAACGGA-1,0,70,46,7930,3828
GTGGGAACAAACCGGG-1,0,71,47,8026,3884
GGGCACGTAGTACTGT-1,0,70,48,7929,3939
ACTACAAAGAGAGGTG-1,0,71,49,8025,3995
GGTGTAGGTAAGTAAA-1,0,70,50,7928,4050
CCTGTTCAACCTCGGG-1,0,71,51,8025,4106
TGAGGTGTGTGGCGGA-1,0,70,52,7928,4161
ATTGTCTGTTTCATGT-1,0,71,53,8024,4217
GCCGGTCGTATCTCTC-1,0,70,54,7927,4272
ATATGGGATAGCAACT-1,0,71,55,8023,4327
GATAGAACCCGCTAGG-1,0,70,56,7927,4382
ATCCCATTTCCGTGGG-1,0,71,57,8023,4438
GATGCTACCTTCGATG-1,0,70,58,7926,4493
TGCAAAGTTCGTCTGT-1,0,71,59,8022,4549
GTTCAGTCGCCAAATG-1,0,70,60,7926,4604
GTCTCCGCCTCAATAC-1,0,71,61,8022,4660
AGTAGAAGGCGCCTCA-1,0,70,62,7925,4715
GTTGTAGATTTATGAG-1,0,71,63,8021,4771
CTATTTGCTTGGAGGA-1,0,70,64,7924,4826
AGCCATATAGTATGTG-1,0,71,65,8021,4882
TGTTCCGGCCTGAGCT-1,0,70,66,7924,4937
TGCCGTGGGACCCAAT-1,0,71,67,8020,4993
TTGCAAGAAGACTCCT-1,0,70,68,7923,5047
CCGCTCCAGGGCGATC-1,0,71,69,8020,5103
CAAACCCTCCGGCGGG-1,0,70,70,7923,5158
CGGACCTTTACGTCCC-1,0,71,71,8019,5214
ACGTAGGAGAGTCGCT-1,0,70,72,7922,5269
CTGCGACCTCGCCGAA-1,0,71,73,8018,5325
GGCCCAGCTGGTTTGC-1,0,70,74,7922,5380
GGATTAATCATGGACC-1,0,71,75,8018,5436
GAGATGGCTTTAATCA-1,0,70,76,7921,5491
AGTACAGAAGCTTATA-1,0,71,77,8017,5547
GCGGCTTTAGCAAGTT-1,0,70,78,7921,5602
ACCGAGTCTCCTTATT-1,0,71,79,8017,5658
GACCACACTTCCCTTT-1,0,70,80,7920,5713
TGTAGCCAATTCCGTT-1,0,71,81,8016,5768
CTCGTCTGTGCCTTCG-1,0,70,82,7919,5823
GGACTCTTTGACTAAG-1,0,71,83,8016,5879
TCATCGACGACCGTCG-1,0,70,84,7919,5934
TACTACGTGCAATGCG-1,0,71,85,8015,5990
CCCTACTTGAACAATG-1,0,70,86,7918,6045
GCAGCTGTCAACGCAT-1,0,71,87,8014,6101
ATCTACCATCTGCTCC-1,0,70,88,7918,6156
TCTCAAATCAATCGGG-1,0,71,89,8014,6212
ACTCCGGCCGACCACT-1,0,70,90,7917,6267
TACACCTCTTCGAATC-1,0,71,91,8013,6323
GTGGCTGTTTCTGTTC-1,0,70,92,7917,6378
ACGACTCTAGGGCCGA-1,0,71,93,8013,6434
TCGTTTACGCGACCCT-1,0,70,94,7916,6488
AGGATATCCGACTGCA-1,0,71,95,8012,6544
GACACTTCCAATTACC-1,0,70,96,7916,6599
ACGGTACAGTTCAATG-1,0,71,97,8012,6655
CTTGATGACCATCCAG-1,0,70,98,7915,6710
CTGGTAAAGACTTACA-1,0,71,99,8011,6766
CTTGCCCACCCACGCA-1,0,70,100,7914,6821
CATTACGCAGGAAGGG-1,0,71,101,8011,6877
GGACAACCATGAAGCC-1,0,70,102,7914,6932
GTTATCAAGCTATCGA-1,0,71,103,8010,6988
AGGTGCACGTCCACAT-1,0,70,104,7913,7043
AAAGAATGTGGACTAA-1,0,71,105,8009,7099
ACCAAGTCATCGGCAG-1,0,70,106,7913,7154
AGTAACTATAGCAGCC-1,0,71,107,8009,7209
GGGAAAGAATGCCAAC-1,0,70,108,7912,7264
AATCGGTATAGCCCTC-1,0,71,109,8008,7320
GGCACTGCGGTGGTTT-1,0,70,110,7912,7375
CGTCCTCATCGCGTGC-1,0,71,111,8008,7431
CTTAACTTACAGTATA-1,0,70,112,7911,7486
GTGAGTCGACTAATAG-1,0,71,113,8007,7542
TGTACTTCCGGGCATG-1,0,70,114,7910,7597
CACAAACCGCAGAACT-1,0,71,115,8007,7653
GCTTTACACAACTGGG-1,0,70,116,7910,7708
CACCGATGATGGGTAC-1,0,71,117,8006,7764
TCAATATACAGGAGGC-1,0,70,118,7909,7819
AACGACCTCCTAGCCG-1,0,71,119,8006,7875
GTTACCAAGGCGTACG-1,0,70,120,7909,7930
TAGCTCACTGTGTTTG-1,0,71,121,8005,7985
TCGGCAGGGTTAAGGG-1,0,70,122,7908,8040
TGTTAACAAAGTGACT-1,0,71,123,8004,8096
CAGAGCGATGGATGCT-1,0,70,124,7908,8151
CATAGTGGGCACGCCT-1,0,71,125,8004,8207
AAACGCTGGGCACGAC-1,0,70,126,7907,8262
TGTTCTCATACTATAG-1,0,71,127,8003,8318
TCCGCTGGGTCGATCG-1,0,72,0,8135,1280
TTAGCATCCCTCACGT-1,0,73,1,8231,1335
AGCCTTGTCACTGATA-1,0,72,2,8135,1390
GTTTCTTGTTAGAGCT-1,0,73,3,8231,1446
TCGGAGTCCTGGTTGC-1,0,72,4,8134,1501
ACGGGTTGTGACCTGT-1,0,73,5,8230,1557
TGACAGAAATCTTGCT-1,0,72,6,8134,1612
TAGCCATGATTGCCTA-1,0,73,7,8230,1668
CGAAGCCACAGCATGG-1,0,72,8,8133,1723
ACCCGTAGCAGAGAAT-1,0,73,9,8229,1779
AGCTTGATCAGGGTAG-1,0,72,10,8132,1834
CTATAAGTAGGGTTTG-1,0,73,11,8229,1890
TATAGTTAGGTGTACT-1,0,72,12,8132,1945
TACGCTGATAGTTGTA-1,0,73,13,8228,2001
TTCTCAATTGCTACAA-1,0,72,14,8131,2056
GTTGCCCTAACGGGTG-1,0,73,15,8227,2111
GACATTTCGCCCAGCC-1,0,72,16,8131,2166
GTAACTACGTAGACCT-1,0,73,17,8227,2222
CCAGTGTACAGACCGA-1,0,72,18,8130,2277
GCCCGATGCCCAGTTC-1,0,73,19,8226,2333
CGAACCTCTTTCCTAG-1,0,72,20,8130,2388
CATGCACATGAGAGGC-1,0,73,21,8226,2444
CCAAATCAAAGGGCAA-1,0,72,22,8129,2499
GTAGTTTAAGCACACG-1,0,73,23,8225,2555
TAAGTGAATAGTCTAC-1,0,72,24,8129,2610
GGTCCACGTCTATTTG-1,0,73,25,8225,2666
CCCTCAGATCGAGAAC-1,0,72,26,8128,2721
ACATTCGCGCGGAATA-1,0,73,27,8224,2777
CTATGAACACCTTGCC-1,0,72,28,8127,2831
CGAATGGTAGGTCGTC-1,0,73,29,8224,2887
TCGACATAGCGTAGCG-1,0,72,30,8127,2942
GACGTTGCTCGGCGGC-1,0,73,31,8223,2998
CTCGAGGCAAGTTTCA-1,0,72,32,8126,3053
GCTGGGAGCGCGTCAA-1,0,73,33,8222,3109
GACGATATCACTGGGT-1,0,72,34,8126,3164
CAGCTCTGGGCTCACT-1,0,73,35,8222,3220
TAGTCTGCGGCACATT-1,0,72,36,8125,3275
TGGTCGATATACCTCT-1,0,73,37,8221,3331
TTCAGTTCAAGAGGAG-1,0,72,38,8125,3386
GTCTGTAGGTTGAACA-1,0,73,39,8221,3442
GAGAGTCTCGGGAGAG-1,0,72,40,8124,3497
TTGTTTGTATTACACG-1,0,73,41,8220,3552
GCACAGCACGGGCCGA-1,0,72,42,8123,3607
AAACAGTGTTCCTGGG-1,0,73,43,8220,3663
TGGAGAATAATCGTCC-1,0,72,44,8123,3718
CGCCGCGTTCTGAACG-1,0,73,45,8219,3774
CATGCGTTGAGAGGAG-1,0,72,46,8122,3829
TACGCTCCTAGAACTG-1,0,73,47,8219,3885
CCTTGTGAACGTGGTT-1,0,72,48,8122,3940
TTAAAGGCGATGCTCG-1,0,73,49,8218,3996
TAAAGTGCACGTCTCG-1,0,72,50,8121,4051
TGTCCGCAAACAATTC-1,0,73,51,8217,4107
AGGCCTATCATACCAA-1,0,72,52,8121,4162
ACTGGGATGCCAGTGC-1,0,73,53,8217,4218
CGATCCACCATTGTTG-1,0,72,54,8120,4272
GGGCATGCATGTCGAG-1,0,73,55,8216,4328
TCCAGGCAGGACGATC-1,0,72,56,8120,4383
CAATGACCCTTAATTT-1,0,73,57,8216,4439
ATCAAGATCCCAGGAC-1,0,72,58,8119,4494
CTCAGAGCTAATGTCG-1,0,73,59,8215,4550
CTGCGATTTCGAGATT-1,0,72,60,8118,4605
ATGGTATTGGGAACCG-1,0,73,61,8215,4661
TAGGTTCTGCTGAGAA-1,0,72,62,8118,4716
GCCTGTCCCGGTGCAT-1,0,73,63,8214,4772
GGCCTGCTCTGATGTT-1,0,72,64,8117,4827
TAGAGGGAGTTTATCT-1,0,73,65,8214,4883
CTCTACATCCTGCGTG-1,0,72,66,8117,4938
ACACATTTCCGTAGAC-1,0,73,67,8213,4993
TGGGTGTTAAGTAGAA-1,0,72,68,8116,5048
GAGCTCAACATGAGCG-1,0,73,69,8212,5104
GCACACAGCTATTACC-1,0,72,70,8116,5159
GCGACGGTAGTCTCCT-1,0,73,71,8212,5215
GTATCAAGGTACTTCC-1,0,72,72,8115,5270
GGAAAGGGAATTGAGC-1,0,73,73,8211,5326
TACACAGCCGTGGTGC-1,0,72,74,8115,5381
CGGTTGGGCAGGGTCC-1,0,73,75,8211,5437
GCACGCCGATTCCCGC-1,0,72,76,8114,5492
CGCTTTCCGCCAAGGT-1,0,73,77,8210,5548
TGCCCGATAGTTAGAA-1,0,72,78,8113,5603
TCAGAACGGCGGTAAT-1,0,73,79,8210,5659
CCACTCAGATCCGCAA-1,0,72,80,8113,5714
GAAGGGTCATTAAGAC-1,0,73,81,8209,5769
GCGGTCTTGCTTTCAC-1,0,72,82,8112,5824
GGAAGGACACCGTATA-1,0,73,83,8208,5880
CGCGGGAATTCCTTTC-1,0,72,84,8112,5935
TCTATCCGATTGCACA-1,0,73,85,8208,5991
TACTCGTTTGAATCAA-1,0,72,86,8111,6046
GTCTGCCGACTCGACG-1,0,73,87,8207,6102
TACGGGTAATAACATA-1,0,72,88,8111,6157
CCAGTTCGGTAACTCA-1,0,73,89,8207,6213
CGTGCACACCACTGTA-1,0,72,90,8110,6268
CTTCAGTTGGACAACG-1,0,73,91,8206,6324
TGATCTATCACACTCT-1,0,72,92,8110,6379
TAGCAGATACTTAGGG-1,0,73,93,8206,6435
CACCGGGCATCACAAG-1,0,72,94,8109,6489
AGTGGCCCGCAAATGG-1,0,73,95,8205,6545
CTCGCTAGGTAAGCGA-1,0,72,96,8108,6600
GATAGATAGTACAGTC-1,0,73,97,8205,6656
CGAGACTACTGCTGCT-1,0,72,98,8108,6711
ACATTTGAAACCTAAC-1,0,73,99,8204,6767
GACACAGCCGGGACTG-1,0,72,100,8107,6822
ACGGAACACGAGTGCC-1,0,73,101,8203,6878
ACGCCAGTGCGTTTGC-1,0,72,102,8107,6933
GCACCTAGGCGAGTCC-1,0,73,103,8203,6989
TCACTATCCCTTCGGT-1,0,72,104,8106,7044
TGAGTGTAACAACGGG-1,0,73,105,8202,7100
ATTGGTTGTGCATTAC-1,0,72,106,8106,7155
CTGGCGATTTACATGT-1,0,73,107,8202,7210
TCCACCAAGACATAGG-1,0,72,108,8105,7265
AACGTCGCTGCACTTC-1,0,73,109,8201,7321
GTCTCCCGAGTCCCGT-1,0,72,110,8104,7376
AGCCCGCACTACAATG-1,0,73,111,8201,7432
GGCACGCTGCTACAGT-1,0,72,112,8104,7487
GCTTGAGTGACCTCTG-1,0,73,113,8200,7543
ATAGCCATAACAGTCA-1,0,72,114,8103,7598
TAGGAGGCTCGAGAAC-1,0,73,115,8200,7654
GTCGGGTGAAGTACCG-1,0,72,116,8103,7709
CACCCGCGTTTGACAC-1,0,73,117,8199,7765
TCTCAGGCTACTCGCT-1,0,72,118,8102,7820
TAGATTCTCTAGCAAA-1,0,73,119,8198,7876
CCCATTATTGTATCCT-1,0,72,120,8102,7930
GTTAATAGCGTCATTA-1,0,73,121,8198,7986
TACTCATTGACGCATC-1,0,72,122,8101,8041
TAGTGACAAGCTCTAC-1,0,73,123,8197,8097
ATCGCCGTGGTTCATG-1,0,72,124,8101,8152
CTGCTCTCAACACACC-1,0,73,125,8197,8208
GCATGACACAAAGGAA-1,0,72,126,8100,8263
CAACGATCGATCCAAT-1,0,73,127,8196,8319
ATACAGCGTCCACTGA-1,0,74,0,8328,1281
TCACGATTAATACGTT-1,0,75,1,8424,1336
CGTGAACTGACCCGAT-1,0,74,2,8328,1391
TCGATGTTACGGCCGT-1,0,75,3,8424,1447
GACCGGTGATACTCTC-1,0,74,4,8327,1502
TCTGTTTAGATTGTTC-1,0,75,5,8423,1558
GCTACTCGGACGCAGA-1,0,74,6,8326,1613
AAGAAAGTTTGATGGG-1,0,75,7,8423,1669
CGCCAGTAGTACCTTG-1,0,74,8,8326,1724
CTCCCTTGTATCAAGG-1,0,75,9,8422,1780
ACTTTATACACCACTT-1,0,74,10,8325,1835
AGATCTGGAGAGGATA-1,0,75,11,8421,1891
TCATCCATCTGATCAC-1,0,74,12,8325,1946
AGAACACGGCGATGGT-1,0,75,13,8421,2002
CCGCTCCGGATAAGCT-1,0,74,14,8324,2056
TGGTCGGGTACAGGGC-1,0,75,15,8420,2112
ACGGACGCAGCGACAA-1,0,74,16,8324,2167
ACATGCTTACGGCAGC-1,0,75,17,8420,2223
CAGGGAGATAGGCCAG-1,0,74,18,8323,2278
TCGCCACCCGGATTAC-1,0,75,19,8419,2334
TCTTGGTCAATGATAC-1,0,74,20,8323,2389
CATAGGGACACTTGTG-1,0,75,21,8419,2445
CACGAGCAAACCAGAC-1,0,74,22,8322,2500
GGGATATTGATCGCCA-1,0,75,23,8418,2556
TAATGTCGGTTCATGG-1,0,74,24,8321,2611
CGATTTGTCATTAATG-1,0,75,25,8418,2667
TTAAGATACCCAGAGA-1,0,74,26,8321,2722
CGACCGTTGGTATTCG-1,0,75,27,8417,2777
ACTACCATCCGAGGGC-1,0,74,28,8320,2832
TCTACGCACGATCTCC-1,0,75,29,8416,2888
AAGCCACTTGCAGGTA-1,0,74,30,8320,2943
ACGTTGTCGTTGAAAG-1,0,75,31,8416,2999
ACCGCTAGTCATTGGT-1,0,74,32,8319,3054
CATGAGTCCATCACGG-1,0,75,33,8415,3110
ATGTCTTGTTTGACTC-1,0,74,34,8319,3165
TCCCAAACATCCTCTA-1,0,75,35,8415,3221
CAACGCGATGAGCCAA-1,0,74,36,8318,3276
GACACCCAAAGACGCG-1,0,75,37,8414,3332
ACGTTCACTATGCCGC-1,0,74,38,8317,3387
ATGGACTGCTTAGTTG-1,0,75,39,8414,3443
CCATGGCAAACGCTCA-1,0,74,40,8317,3498
TTGTCTCGGCAAGATG-1,0,75,41,8413,3553
TTCGAACGAAACATGC-1,0,74,42,8316,3608
GGAAAGTCTTGATTGT-1,0,75,43,8413,3664
ATCATAGATCGACGAG-1,0,74,44,8316,3719
GATTAGAAACAAGCGT-1,0,75,45,8412,3775
GCTGCGAAGAATTATT-1,0,74,46,8315,3830
TTCCAGTGGGTTTCGT-1,0,75,47,8411,3886
GCTCATTGATCATATC-1,0,74,48,8315,3941
ATACGAGGTTTGTAAG-1,0,75,49,8411,3997
GTCTATACACGCATGG-1,0,74,50,8314,4052
GATTTGCGCTAACACC-1,0,75,51,8410,4108
TGGTGCCCTGCCTTAC-1,0,74,52,8314,4163
TCGAATCGCAGGGTAG-1,0,75,53,8410,4219
GGTAGGCCAATATCAC-1,0,74,54,8313,4273
CGTAAATAACAAAGGG-1,0,75,55,8409,4329
GACTCTAGAGTTCCAA-1,0,74,56,8312,4384
ACTTGTTACCGGATCA-1,0,75,57,8409,4440
GGCATTGAACATCTCA-1,0,74,58,8312,4495
AACCCGCTGTATTCCA-1,0,75,59,8408,4551
TAACAGGTTCCCTTAG-1,0,74,60,8311,4606
GTTCTTGTAACTCAAT-1,0,75,61,8408,4662
GATTCTGTTAATGAGT-1,0,74,62,8311,4717
GGACACCTCGGTGTTG-1,0,75,63,8407,4773
CGATCGAGAAGCACCA-1,0,74,64,8310,4828
CTGCTCTGACGGCAAA-1,0,75,65,8406,4884
CCCAGGAAGAATTCGA-1,0,74,66,8310,4939
TGTCGTGGGTATAGGC-1,0,75,67,8406,4994
ATATGTCTAGAGCGTG-1,0,74,68,8309,5049
GCGGGCAGACGGGTGA-1,0,75,69,8405,5105
CGAAGATCAGTTTCAT-1,0,74,70,8309,5160
ACGCCACTCGAAACAG-1,0,75,71,8405,5216
CTTAGATGTTTCATCC-1,0,74,72,8308,5271
GCGAATGGACTAGCGA-1,0,75,73,8404,5327
TAAATTGTGGGTAAAG-1,0,74,74,8307,5382
ATTTATACTGGTAAAG-1,0,75,75,8404,5438
GCGTCGTAACATGGTC-1,0,74,76,8307,5493
CGGTATGGGCACTCTG-1,0,75,77,8403,5549
CTATCACAACGCTGGA-1,0,74,78,8306,5604
ACCACACGGTTGATGG-1,0,75,79,8402,5660
TCAGCGCACGCCGTTT-1,0,74,80,8306,5714
AATGTTAAGACCCTGA-1,0,75,81,8402,5770
CTTACATAGATTTCTT-1,0,74,82,8305,5825
AACATAGCGTGTATCG-1,0,75,83,8401,5881
AGCAGTCGAAGCATGC-1,0,74,84,8305,5936
GTACTACGGCCTCGTT-1,0,75,85,8401,5992
TTGGCCAAATTGTATC-1,0,74,86,8304,6047
TCAGAGGACGCGTTAG-1,0,75,87,8400,6103
AGTAATCTAAGGGTGG-1,0,74,88,8304,6158
AATTATACCCAGCAAG-1,0,75,89,8400,6214
CCCTACCCACACCCAG-1,0,74,90,8303,6269
CTCTGTCCATGCACCA-1,0,75,91,8399,6325
TCGCCTCCTTCGGCTC-1,0,74,92,8302,6380
CCTGATTCGCGAAGAA-1,0,75,93,8399,6435
GACTTCAACGCATCAA-1,0,74,94,8302,6490
GCTTCCCGTAAGCTCC-1,0,75,95,8398,6546
AGAACTGTACTTTGTA-1,0,74,96,8301,6601
CCTTAAGTACGCAATT-1,0,75,97,8397,6657
GGCCAATTGTATAGAC-1,0,74,98,8301,6712
AGAATACAGGCTATCC-1,0,75,99,8397,6768
AATACCTGATGTGAAC-1,0,74,100,8300,6823
TAGAGTGTTCCGGGTA-1,0,75,101,8396,6879
GCTTCCATGTAACCGC-1,0,74,102,8300,6934
GGTTCGCATTTGCCGT-1,0,75,103,8396,6990
TCAATCCGGGAAGTTT-1,0,74,104,8299,7045
CCGGAAGTGCAATATG-1,0,75,105,8395,7101
CTCATAAATGTGTATA-1,0,74,106,8298,7156
GACGGGCATCGAATTT-1,0,75,107,8395,7211
GCTAAGCCCAGTATGC-1,0,74,108,8298,7266
GCTATAAGGGCCAGGA-1,0,75,109,8394,7322
GCGGATTACTTGTTCT-1,0,74,110,8297,7377
TACAACAGCGCATACA-1,0,75,111,8394,7433
TCTAACCTAGCCTGCG-1,0,74,112,8297,7488
TCTACCCGCATCATTT-1,0,75,113,8393,7544
GTCTTACCACGCCAAG-1,0,74,114,8296,7599
AATAACGTCGCGCCCA-1,0,75,115,8392,7655
CGTTTCGGTTATATGC-1,0,74,116,8296,7710
TACGCTGCACGGTCGT-1,0,75,117,8392,7766
CGTTAAATACGACCAG-1,0,74,118,8295,7821
TCGACTGACGATGGCT-1,0,75,119,8391,7877
ACGCTACTGAATGGGC-1,0,74,120,8295,7931
AAGGGTTAGCCATGCG-1,0,75,121,8391,7987
ACGTTTCGGTGCACTT-1,0,74,122,8294,8042
TTAACCCGAGGCGTGT-1,0,75,123,8390,8098
GCCCGTCAAGCCCAAT-1,0,74,124,8293,8153
ATTCGTCCCGAGGTTA-1,0,75,125,8390,8209
TCAAATTATGTTCGAC-1,0,74,126,8293,8264
AACGTTCTACCATTGT-1,0,75,127,8389,8320
CTGTCCTGCGCACTAC-1,0,76,0,8521,1282
GCCCAGCGACACAAAG-1,0,77,1,8617,1337
TATAGCTATTATCTCT-1,0,76,2,8520,1392
AAGCTATGGATTGACC-1,0,77,3,8617,1448
CCGAAACACGACCTCT-1,0,76,4,8520,1503
ATCAGAAGCTGGTTGC-1,0,77,5,8616,1559
TGAACCTGAATGTGAG-1,0,76,6,8519,1614
TCAGAGCATGTCAACG-1,0,77,7,8615,1670
ATACCCTCCCGGCCAA-1,0,76,8,8519,1725
GCCACCTTATTCGCGA-1,0,77,9,8615,1781
CAACGAGCTTATTATG-1,0,76,10,8518,1836
GATCCAACCTTTAAAC-1,0,77,11,8614,1892
TTGTGGAGACAGCCGG-1,0,76,12,8518,1947
AGATAATCACACCTAT-1,0,77,13,8614,2003
GGTTAGGGATGCTAAT-1,0,76,14,8517,2057
TCATGAAGCGCTGCAT-1,0,77,15,8613,2113
CCAGGCGAGATGGTCT-1,0,76,16,8517,2168
CGACTTGCCGGGAAAT-1,0,77,17,8613,2224
GTGCCAAACGTTTCGA-1,0,76,18,8516,2279
TGCTCAAAGGATGCAC-1,0,77,19,8612,2335
GCCTCAGGTACCGGTC-1,0,76,20,8515,2390
ACAAGTAATTGTAAGG-1,0,77,21,8612,2446
TTAGAGTATTGTCGAG-1,0,76,22,8515,2501
GTCATCCCAAACTCAC-1,0,77,23,8611,2557
CTCCTAGTAATCGTGA-1,0,76,24,8514,2612
CCCTCATCACAGAGTA-1,0,77,25,8610,2668
GGAAACAGAGCTTGGG-1,0,76,26,8514,2723
ACATCGCAATATTCGG-1,0,77,27,8610,2778
TTAGCCATAGGGCTCG-1,0,76,28,8513,2833
CGGATTCTGCCTTATG-1,0,77,29,8609,2889
TTGTTGGCAATGACTG-1,0,76,30,8513,2944
GGATCTACCGTTCGTC-1,0,77,31,8609,3000
GGTGGGATTAGGTCCC-1,0,76,32,8512,3055
AATAGGCACGACCCTT-1,0,77,33,8608,3111
GAGGTCCGTTCGCTGT-1,0,76,34,8511,3166
TGACAACTTAAAGGTG-1,0,77,35,8608,3222
AGCTAAGCTCCGTCCG-1,0,76,36,8511,3277
CTAGCCCGGGAGACGA-1,0,77,37,8607,3333
CCCAGATTCCCGTGAC-1,0,76,38,8510,3388
GCCCGTTCACACAATT-1,0,77,39,8607,3444
ACAAACTCCATCAGAG-1,0,76,40,8510,3498
GGTTCCGTACGACTAA-1,0,77,41,8606,3554
TTGCGGAAAGCTGCCC-1,0,76,42,8509,3609
GGAACTCGTGAATACG-1,0,77,43,8605,3665
GGTTACCGCTCCCTAC-1,0,76,44,8509,3720
AGCGACTTTGAAGACA-1,0,77,45,8605,3776
CCGTTTCCTTTCCGTG-1,0,76,46,8508,3831
TGGATGGCATCTTGGA-1,0,77,47,8604,3887
CAAGTCGTTGAAATCT-1,0,76,48,8508,3942
TGCAAACGTACTAGTT-1,0,77,49,8604,3998
GGCTGTCCTACTGCGG-1,0,76,50,8507,4053
TACTGCATGATTAAAT-1,0,77,51,8603,4109
CGGACCTCTGTAGTTA-1,0,76,52,8506,4164
CCCTAGCTCTAAGGTC-1,0,77,53,8603,4219
GTAACAGGTTAACGGC-1,0,76,54,8506,4274
CCCGCAAATAATCATC-1,0,77,55,8602,4330
AATCCCGCTCAGAGCC-1,0,76,56,8505,4385
AACGTCATCCGGCTTG-1,0,77,57,8601,4441
CTCGTGGCACTGAAAG-1,0,76,58,8505,4496
CTTTATCCGACGCATG-1,0,77,59,8601,4552
AAATGACTGATCAAAC-1,0,76,60,8504,4607
TTCGTGCATGTTATAG-1,0,77,61,8600,4663
ATCAAAGAGCCGTGGT-1,0,76,62,8504,4718
ATGTCATAATAAACGA-1,0,77,63,8600,4774
CTTAATCGACTTAGTA-1,0,76,64,8503,4829
CTAAAGGATGAGATAC-1,0,77,65,8599,4885
GTGCTATCCAGCTGGA-1,0,76,66,8503,4940
GACAGAGGTCTTCAGT-1,0,77,67,8599,4995
TCGATTTACGAAACGA-1,0,76,68,8502,5050
AGGCTTAAGTTGCACA-1,0,77,69,8598,5106
TAGGATCTTAACCGCA-1,0,76,70,8501,5161
GACTTTCGAGCGGTTC-1,0,77,71,8598,5217
CCCTGGGAGGGATCCT-1,0,76,72,8501,5272
TAGTAGTTGCCGGACA-1,0,77,73,8597,5328
GCCCTAAGTGCAGGAT-1,0,76,74,8500,5383
ACTTGGGCTTTCGCCA-1,0,77,75,8596,5439
CATGATACGGTGAAAC-1,0,76,76,8500,5494
TCCTGCAGCCGCCAAT-1,0,77,77,8596,5550
GTCCGTTAGAGGGCCT-1,0,76,78,8499,5605
GCTTTATTAAGTTACC-1,0,77,79,8595,5661
AATCGAGGTCTCAAGG-1,0,76,80,8499,5715
GTGCTGTTAGAACATA-1,0,77,81,8595,5771
GGCTTCTCGTGGGTGG-1,0,76,82,8498,5826
CCTACAGTTGAGGGAG-1,0,77,83,8594,5882
TATCCCTCGATCTGCA-1,0,76,84,8498,5937
CCGGTATCTGGCGACT-1,0,77,85,8594,5993
CTCTAACACCGGCAGC-1,0,76,86,8497,6048
CTTCATCACCAGGGCT-1,0,77,87,8593,6104
GGCTGGCAATCCCACG-1,0,76,88,8496,6159
CAAACCATAAGCGTAT-1,0,77,89,8593,6215
CATGTGGGCTCATCAC-1,0,76,90,8496,6270
CCCGTGACAGTGCCTT-1,0,77,91,8592,6326
GATTATCTTGCATTAT-1,0,76,92,8495,6381
GAGTCCACCAGGTTTA-1,0,77,93,8591,6436
TGTACTATCGCTCGTT-1,0,76,94,8495,6491
TTAGCGAATAGATAGG-1,0,77,95,8591,6547
ACATACAATCAAGCGG-1,0,76,96,8494,6602
ATTCGTGTACCCATTC-1,0,77,97,8590,6658
GCTAGCAACGCACCTA-1,0,76,98,8494,6713
ACCTCAGCGAGGCGCA-1,0,77,99,8590,6769
TCCGGGCCACTAACGG-1,0,76,100,8493,6824
TCCCAATATCGACGAC-1,0,77,101,8589,6880
GGATTGAAGTAGCCTC-1,0,76,102,8492,6935
GGCGCACAGTTTACCT-1,0,77,103,8589,6991
CCCGGCACGTGTCAGG-1,0,76,104,8492,7046
AGTAAGGGACAGAATC-1,0,77,105,8588,7102
TTGCGCACAACCACGT-1,0,76,106,8491,7156
CCTGCTACAACCATAC-1,0,77,107,8588,7212
CTGGGCTACTGGAGAG-1,0,76,108,8491,7267
AGCTACGAATGGTGGT-1,0,77,109,8587,7323
ATTCGTTTATCGTATT-1,0,76,110,8490,7378
GGCATTCCCTCCCTCG-1,0,77,111,8586,7434
AGTTATTCAGACTGTG-1,0,76,112,8490,7489
CCACTTTCCTTCTAGG-1,0,77,113,8586,7545
CGCAGTTCTATCTTTC-1,0,76,114,8489,7600
AGGAGCGTTTATTATC-1,0,77,115,8585,7656
GACAGGTAATCCGTGT-1,0,76,116,8489,7711
TTCCCAAAGTACTGAT-1,0,77,117,8585,7767
CTGCAGGGTGACGCTC-1,0,76,118,8488,7822
TCATGGAGGCCTTTGT-1,0,77,119,8584,7877
ATGGCCCGAAAGGTTA-1,0,76,120,8487,7932
CGTAATATGGCCCTTG-1,0,77,121,8584,7988
AGAGTCTTAATGAAAG-1,0,76,122,8487,8043
GAACGTTTGTATCCAC-1,0,77,123,8583,8099
ATTGAATTCCCTGTAG-1,0,76,124,8486,8154
TACCTCACCAATTGTA-1,0,77,125,8582,8210
AGTCGAATTAGCGTAA-1,0,76,126,8486,8265
TTGAAGTGCATCTACA-1,0,77,127,8582,8321
