ACGCCTGACACGCGCT-1,0,0,0,16836,1157
TACCGATCCAACACTT-1,0,1,1,16722,1354
ATTAAAGCGGACGAGC-1,0,0,2,16609,1156
GATAAGGGACGATTAG-1,0,1,3,16495,1353
GTGCAAATCACCAATA-1,0,0,4,16382,1155
TGTTGGCTGGCGGAAG-1,0,1,5,16268,1352
GCATCCTCTCCTATTA-1,0,0,6,16155,1155
GCGAGGGACTGCTAGA-1,0,1,7,16041,1352
TGGTACCGGCACAGCC-1,0,0,8,15928,1154
GCGCGTTTAAATCGTA-1,0,1,9,15814,1351
TGCCTTGCCCTTACGG-1,0,0,10,15701,1153
GACGACTTTCCAAGAA-1,0,1,11,15587,1350
CCAGTGAGCTCCTTGT-1,0,0,12,15474,1152
ATACCCTGGCTCAAAT-1,0,1,13,15359,1350
GGGTTTCCGGCTTCCA-1,0,0,14,15246,1152
TAACCGTCCAGTTCAT-1,0,1,15,15132,1349
AAACAACGAATAGTTC-1,0,0,16,15019,1151
CAAGGGAGTGTATTTG-1,0,1,17,14905,1348
CCAAGCTTGATCTCCT-1,0,0,18,14792,1150
TTATTTCATCCCAAAC-1,0,1,19,14678,1348
GAGCGCTATGTCAGGC-1,0,0,20,14565,1150
TATGGCAGACTTTCGA-1,0,1,21,14451,1347
CTTCGTGCCCGCATCG-1,0,0,22,14338,1149
AAACGGGTTGGTATCC-1,0,1,23,14224,1346
TGCAAACCCACATCAA-1,0,0,24,14111,1148
GACGGGATGTCTTATG-1,0,1,25,13997,1346
GGCGAGCATCGAGGAC-1,0,0,26,13884,1148
CGCGTGCTATCAACGA-1,0,1,27,13770,1345
TGAAACCTCAACTCAC-1,0,0,28,13657,1147
CACATAAGGCGACCGT-1,0,1,29,13543,1344
TGACCCAACTCACATT-1,0,0,30,13430,1146
ATACGCCGATCTACCG-1,0,1,31,13316,1343
ACTTATCTGATCTATA-1,0,0,32,13203,1146
GTGTGAGCCGAGGTGC-1,0,1,33,13089,1343
GATGATTTGAAACTGG-1,0,0,34,12976,1145
GGGAACCACCTGTTTC-1,0,1,35,12862,1342
GTTCGTTGCGGACCAG-1,0,0,36,12749,1144
TGAGGTTGATCCCAAG-1,0,1,37,12634,1341
GATGCCACACTACAGC-1,0,0,38,12521,1143
AGGCAAAGAGGAATCA-1,0,1,39,12407,1341
AAGTAAGCTTCCAAAC-1,0,0,40,12294,1143
AACGTAGTCTACCCAT-1,0,1,41,12180,1340
GTTTGAGCGGTTATGT-1,1,0,42,12067,1142
GAAGCAAGGCAATGTT-1,1,1,43,11953,1339
TCACTCAGCGCATTAG-1,1,0,44,11840,1141
TACAATGAAACCAGCA-1,1,1,45,11726,1339
GTGCGCTTACAAATGA-1,0,0,46,11613,1141
GCACTCCCACAGTCCC-1,1,1,47,11499,1338
CGAAGACTGCCCGGGA-1,0,0,48,11386,1140
CAGGATCCGCCCGACC-1,0,1,49,11272,1337
CACGATTGGTCGTTAA-1,0,0,50,11159,1139
GGTTGTATCGTGAAAT-1,0,1,51,11045,1336
TCTTATGGGTAGTACC-1,0,0,52,10932,1139
TACAAGCTGTTCACTG-1,0,1,53,10818,1336
GTATCTTGTTGCTCAC-1,0,0,54,10705,1138
ATACCAGGTGAGCGAT-1,0,1,55,10591,1335
CCTAAACAGGGTCCGT-1,0,0,56,10478,1137
ATGGTGCTCAAAGCCA-1,0,1,57,10364,1334
CAAATGCGGAGTGTTC-1,0,0,58,10251,1136
CGTGCCCGACATTTGT-1,0,1,59,10137,1334
GTATCTCCCTAACTGT-1,0,0,60,10024,1136
ATTTGCCTAGTTACGA-1,0,1,61,9909,1333
ACGTCCTAAACGAGAT-1,0,0,62,9796,1135
CTGGGATCGCCCAGAT-1,0,1,63,9682,1332
CTGCAAATGGGCTCCA-1,0,0,64,9569,1134
CATTATAACAGGGTCC-1,0,1,65,9455,1332
ACCTTTCCTTTAGAAG-1,0,0,66,9342,1134
ATAGATTTGCAGTCGG-1,0,1,67,9228,1331
CTCGGGCATCGTCGGG-1,0,0,68,9115,1133
GTGGCGGGCCGTAGCT-1,0,1,69,9001,1330
CAACAGTGCCAAACGG-1,0,0,70,8888,1132
TGCGGGTATTGGGATC-1,0,1,71,8774,1329
GTCTCGCCAACACGCC-1,0,0,72,8661,1132
CTGGGCGGCCAAATGT-1,0,1,73,8547,1329
TAAAGGAGAAACTAGT-1,0,0,74,8434,1131
TCCCACGGAGGGAGCT-1,0,1,75,8320,1328
AGCTTCAATACTTTGA-1,0,0,76,8207,1130
TTCCACATTTCTCGTC-1,0,1,77,8093,1327
ACAAACCGACAAGGCG-1,0,0,78,7980,1129
AGACGGGATTGGTATA-1,0,1,79,7866,1327
AACCTAAAGCCGTCCG-1,0,0,80,7753,1129
TACAAATTGCGGAGGT-1,0,1,81,7639,1326
CCCGCTAGAGGGTTAA-1,0,0,82,7526,1128
CATTGCAAAGCATAAT-1,0,1,83,7412,1325
TGTACGCTATCAGCTT-1,0,0,84,7299,1127
TTCTTCGCAATAGAGC-1,0,1,85,7184,1325
TGTGATTCCAGCGCTT-1,0,0,86,7071,1127
ATTCAGGATCGCCTCT-1,0,1,87,6957,1324
GCCCATGGGTGCAATG-1,0,0,88,6844,1126
TTCCCGACGCTTCACT-1,0,1,89,6730,1323
AGCGGTTGAGATGTAC-1,0,0,90,6617,1125
GCTGTCTGTGATCGAC-1,0,1,91,6503,1323
AAAGACATGAAGTTTA-1,0,0,92,6390,1125
CAACAGAATAACGCTA-1,0,1,93,6276,1322
TGCGGTCTACGAGTAA-1,0,0,94,6163,1124
AAGACTCACGCCCACT-1,0,1,95,6049,1321
CTTTGAAACATATTCC-1,0,0,96,5936,1123
CTGGGCACTAGTCGGA-1,0,1,97,5822,1320
CGCCCTTACATCCACC-1,0,0,98,5709,1123
CACGACCACAGACTTT-1,0,1,99,5595,1320
CAATCCATTATCCGTT-1,0,0,100,5482,1122
GTGGCGTGCACCAGAG-1,0,1,101,5368,1319
CGGAGTCCTAACCTGG-1,0,0,102,5255,1121
GGTCCCATAACATAGA-1,0,1,103,5141,1318
ATCTCATAAACCTACC-1,0,0,104,5028,1120
TGCATGGCAGTCTTGC-1,0,1,105,4914,1318
TTGCAGGTCATGAAGT-1,0,0,106,4801,1120
AGCTGCATTTGAGGTG-1,0,1,107,4687,1317
TAATCAGGAATGCTGC-1,0,0,108,4574,1119
CCATCATAAGAACAGG-1,0,1,109,4459,1316
TCGTATCACCAAGCTA-1,0,0,110,4346,1118
ATTCAGATGAATCCCT-1,0,1,111,4232,1316
AAAGGTCAACGACATG-1,0,0,112,4119,1118
AGCTGCTGTGCCGAAT-1,0,1,113,4005,1315
CTAGCGCCAATCCTAC-1,0,0,114,3892,1117
GCTCGACCGAACTGAA-1,0,1,115,3778,1314
ACAGTGCAGCGCATTT-1,0,0,116,3665,1116
CGGCTGAAGGTTACGC-1,0,1,117,3551,1313
CACCTCTACGAGTGTG-1,0,0,118,3438,1116
ATACGACAGATGGGTA-1,0,1,119,3324,1313
ACTTCCTGTCGTGCGA-1,0,0,120,3211,1115
CGTAACGGAACGATCA-1,0,1,121,3097,1312
AAATCACTCCTAAACG-1,0,0,122,2984,1114
CTCCGAGTAAATCCGC-1,0,1,123,2870,1311
ACGCTAGTATCAGTGC-1,0,0,124,2757,1113
AGAGTGAACAGACACC-1,0,1,125,2643,1311
ACACCCGTAAATCTGT-1,0,0,126,2530,1113
GCTTTGCTGCCGGGTA-1,0,1,127,2416,1310
ACAGGAGGCGCAGCCG-1,0,2,0,16835,1552
AGGCAATACGGAGGAC-1,0,3,1,16721,1749
TGGTGTGACAGACGAT-1,0,2,2,16608,1551
ATCTATCGATGATCAA-1,0,3,3,16494,1748
CGGTAACAAGATACAT-1,0,2,4,16381,1550
TCGCCGGAGAGTCTTA-1,0,3,5,16267,1748
GGAGGAGTGTGTTTAT-1,0,2,6,16154,1550
TTAGGTGTGACTGGTC-1,0,3,7,16039,1747
CAGGGCTAACGAAACC-1,0,2,8,15927,1549
CCCGTGGGTTAATTGA-1,0,3,9,15812,1746
GACCGACCGCTAATAT-1,0,2,10,15699,1548
GGTATCAAGCATAGAA-1,0,3,11,15585,1746
TGCATGAGTAGATTCG-1,0,2,12,15472,1548
AATTCCAACTTGGTGA-1,0,3,13,15358,1745
TGCCGATGTCATCAAT-1,0,2,14,15245,1547
GCTGGGTCCGCTGTTA-1,0,3,15,15131,1744
TGAACACCCGAAGCAG-1,0,2,16,15018,1546
AACATTGGTCAGCCGT-1,0,3,17,14904,1743
GTGGGTCTTCTTTGCG-1,0,2,18,14791,1546
CATCGAATGGATCTCT-1,0,3,19,14677,1743
GCTACACTGTCCGAAC-1,0,2,20,14564,1545
CGGGTTGTAGCTTTGG-1,0,3,21,14450,1742
CCTAAGTGTCTAACCG-1,0,2,22,14337,1544
TCTGTGACTGACCGTT-1,0,3,23,14223,1741
TTATCATACTCGCAAA-1,0,2,24,14110,1543
AGCGTAGCGCTAGACC-1,0,3,25,13996,1741
TCCCTCCGAAATCGTT-1,0,2,26,13883,1543
AGGTCGCCACTTCGGT-1,0,3,27,13769,1740
CTAGCAACTAATTTAC-1,0,2,28,13656,1542
TTGCTAGCTACCAATC-1,0,3,29,13542,1739
GCCGGTTTGGGCGGAT-1,0,2,30,13429,1541
TGTAACTTGTCAACCT-1,0,3,31,13314,1739
CGAGATGTTGCCTATA-1,0,2,32,13202,1541
GTTACGAAATCCACGC-1,0,3,33,13087,1738
CTTGTCGTACGTGTCA-1,0,2,34,12974,1540
GCGTCCAGCTCGTGGC-1,0,3,35,12860,1737
CCCTTCTCGTACGCGA-1,0,2,36,12747,1539
CCAAAGTCCCGCTAAC-1,0,3,37,12633,1736
CCGCTTCGCGGTTAAC-1,0,2,38,12520,1539
GTTACGGCCCGACTGC-1,0,3,39,12406,1736
CCCGCTTGCCCTCGTC-1,0,2,40,12293,1538
TAGTGAGAAGTGGTTG-1,0,3,41,12179,1735
CGCTACCGCCCTATGA-1,0,2,42,12066,1537
AAACAATCTACTAGCA-1,1,3,43,11952,1734
GCGCGATGGGTCAAGT-1,1,2,44,11839,1536
ATAAACCATTGGACGG-1,1,3,45,11725,1734
TCGGGCACTTCTGGAT-1,1,2,46,11612,1536
TCTGTGGCTACATTTC-1,1,3,47,11498,1733
CTCTGTGCCTGCTATG-1,1,2,48,11385,1535
CACGACTAAAGTTCTG-1,1,3,49,11271,1732
GAGGAGTAATTCCTAC-1,0,2,50,11158,1534
AGAGGTATCTCGGTCC-1,0,3,51,11044,1732
GGCGTACCCTATATAA-1,0,2,52,10931,1534
GCCGGAAACACATCTT-1,0,3,53,10817,1731
AAATGTGGGTGCTCCT-1,0,2,54,10704,1533
ACCAGGAGTGTGATCT-1,0,3,55,10589,1730
TGTGGAGGAAGCTTAA-1,0,2,56,10477,1532
AAGGAGAACTTATAAG-1,0,3,57,10362,1729
CCCTCGGGAGCCTTGT-1,0,2,58,10249,1532
ACTGTTTAGTGTAGGC-1,0,3,59,10135,1729
CGTCAGTTTATCGTCT-1,0,2,60,10022,1531
GCGTGTATGTCGTATT-1,0,3,61,9908,1728
ACAATCGATCTTTATA-1,0,2,62,9795,1530
CAGCCCTCACAGGCAG-1,0,3,63,9681,1727
CGCGTCATATTAAACC-1,0,2,64,9568,1529
GAAGACTTCAATGCCG-1,0,3,65,9454,1727
TTGCGGCGACTCATGC-1,0,2,66,9341,1529
ACCAAACTAGAAATCC-1,0,3,67,9227,1726
TTACTGTTTCTCTACG-1,0,2,68,9114,1528
GACCAGGTCATTCATA-1,0,3,69,9000,1725
TTCTTCCCTTTGATAT-1,0,2,70,8887,1527
ACGCCCAGCTGTCGAT-1,0,3,71,8773,1725
AGTAGCGTGAACGAAC-1,0,2,72,8660,1527
CCTCGACCCACTGCCT-1,0,3,73,8546,1724
AGTTATTGAAAGGTAA-1,0,2,74,8433,1526
TCAGTTACGGAATGAT-1,0,3,75,8319,1723
GAATCTATACTCGGAC-1,0,2,76,8206,1525
TCGGCTAACTTCCCTT-1,0,3,77,8092,1723
ACGTGGTCGAATGTGC-1,0,2,78,7979,1525
ATATCGTGCCAGACCC-1,0,3,79,7864,1722
GTAGCTAGTAAGCGCG-1,0,2,80,7752,1524
ACGCTTAGTGTCTCTC-1,0,3,81,7637,1721
TCCGGCCTGCATCGAT-1,0,2,82,7524,1523
TAGTGGAACTCATACA-1,0,3,83,7410,1720
ATCATCTGCCCAGTGT-1,0,2,84,7297,1523
GTTATTAAATACGACC-1,0,3,85,7183,1720
GCGCTAAGTATGCATG-1,0,2,86,7070,1522
CCTGACGCAACCTTTA-1,0,3,87,6956,1719
CCCAAGAATGCACGGT-1,0,2,88,6843,1521
AACTGGGTTCGAGCCG-1,0,3,89,6729,1718
GGTTCCACCCGCTTCT-1,0,2,90,6616,1520
CATGCACGTGTTACTG-1,0,3,91,6502,1718
AGCGTTCCGATTTAAA-1,0,2,92,6389,1520
CCTACGCGACCTTACA-1,0,3,93,6275,1717
CGAATTACATGGTGTT-1,0,2,94,6162,1519
GAGGTCTTAGTGGGTC-1,0,3,95,6048,1716
GCCGCTAGATACGCAG-1,0,2,96,5935,1518
GTCACCTGTCTATGTC-1,0,3,97,5821,1716
CCGATTGGTCAATGAA-1,0,2,98,5708,1518
CCTGTGCGGATTGTAA-1,0,3,99,5594,1715
TTACGTAGCGCGTGCT-1,0,2,100,5481,1517
GGAGGCGAAGAACCGC-1,0,3,101,5367,1714
GGGTCACGTGCTTATG-1,0,2,102,5254,1516
GCTCCGGACGTTGATA-1,0,3,103,5139,1713
ATGTTTGTAAGATCAT-1,0,2,104,5027,1516
TGACCCAGCATTCCCG-1,0,3,105,4912,1713
TGGTCGTTTGATAGAT-1,0,2,106,4799,1515
TGTAATGCCTTCGGAC-1,0,3,107,4685,1712
TGCTCACACAACAACC-1,0,2,108,4572,1514
TACGATCCAAGCCACT-1,0,3,109,4458,1711
TTGTAACTTCATAGCG-1,0,2,110,4345,1513
AGATTCAAGCGGGTCG-1,0,3,111,4231,1711
CTCAGCAGACTGCCGA-1,0,2,112,4118,1513
GTAACATCAGCTCATC-1,0,3,113,4004,1710
ATGGAACAGAATAAAC-1,0,2,114,3891,1512
GGGCCTATACAACCGG-1,0,3,115,3777,1709
TCAAACAATTAGGACA-1,0,2,116,3664,1511
AAACCACTACACAGAT-1,0,3,117,3550,1709
AAACGACAGTCTTGCC-1,0,2,118,3437,1511
TTGAGGGTCGAACGCG-1,0,3,119,3323,1708
TGTTGATCACTGTTTA-1,0,2,120,3210,1510
AGGGTGTGCTACACGC-1,0,3,121,3096,1707
GTAGTTAGACAATATA-1,0,2,122,2983,1509
AATGGCCGCCAATGCG-1,0,3,123,2869,1706
TCGGCGGTATTAGATT-1,0,2,124,2756,1509
GGGTCACTGAGTAGTG-1,0,3,125,2642,1706
GAATTATGCAACCTAC-1,0,2,126,2529,1508
GATCTTAGTGAACGTG-1,0,3,127,2414,1705
CTAATGCGCCCAACAA-1,0,4,0,16834,1947
GCCACCCATTCCACTT-1,0,5,1,16720,2144
TACTCACAACGTAGTA-1,0,4,2,16607,1946
GTTCGGTGTGGATTTA-1,0,5,3,16492,2143
TCTTTCGGCGGGACAC-1,0,4,4,16379,1946
GGAGACATTCACGGGC-1,0,5,5,16265,2143
GGGATTATCTCACAAC-1,0,4,6,16152,1945
TAGAACGCCAGTAACG-1,0,5,7,16038,2142
ACGAGTCGCCGGCGTT-1,0,4,8,15925,1944
TGATGGGACTAAGTCA-1,0,5,9,15811,2141
TGCGAGAAACGTTACG-1,0,4,10,15698,1943
TCGCCTCGACCTGTTG-1,0,5,11,15584,2141
AACTCGATAAACACGT-1,0,4,12,15471,1943
AGGAAAGCCTCTGATG-1,0,5,13,15357,2140
GAAGGACTAAATTGAA-1,0,4,14,15244,1942
GTATCGGGACGAGCTG-1,0,5,15,15130,2139
CCTGTGCATAGGAGAC-1,0,4,16,15017,1941
CATACGGGTGCATGAT-1,0,5,17,14903,2139
CCACTAAACTGAATCG-1,0,4,18,14790,1941
AAATTGCGGCGGTTCT-1,0,5,19,14676,2138
AGTCCAGCGGGTACGT-1,0,4,20,14563,1940
CATTCAGGTCAGTGCG-1,0,5,21,14449,2137
CTAAAGTCCGAAGCTA-1,0,4,22,14336,1939
AATCAGACTGCAGGAC-1,0,5,23,14222,2136
AGTATCCATAATAACG-1,0,4,24,14109,1939
CTGGCTGCTAACGTAA-1,0,5,25,13995,2136
GTTCCAAGACAGCGAC-1,0,4,26,13882,1938
AAGACTAACCCGTTGT-1,0,5,27,13767,2135
GATTAATCCTGGCTCA-1,0,4,28,13654,1937
CGCGCAAGGAACTACA-1,0,5,29,13540,2134
CAGTAGCGAGGTAGTA-1,0,4,30,13427,1936
ACGGCGGGTTGCCCTG-1,0,5,31,13313,2134
CTAGGCGGCAGAGAAT-1,0,4,32,13200,1936
GTGCGCAGCTTGCTCC-1,0,5,33,13086,2133
TCACTATCGTGCAATC-1,0,4,34,12973,1935
TATGATTCTGCTTGGT-1,0,5,35,12859,2132
TAAGATTTAGCGGGAG-1,0,4,36,12746,1934
TTACGGTGTCACCGAG-1,0,5,37,12632,2132
CTACACTAGCTTGTTC-1,0,4,38,12519,1934
TGAGCAGTCGTGAAGT-1,0,5,39,12405,2131
CGCTGAGGACGTCCAA-1,0,4,40,12292,1933
GTGTATGACTTTAAAG-1,0,5,41,12178,2130
CTAAACGGGTGTAATC-1,0,4,42,12065,1932
TGTACTGTGCCAAAGT-1,1,5,43,11951,2129
GGCCACAAGCGATGGC-1,1,4,44,11838,1932
GTCAATTGTACTGAAG-1,1,5,45,11724,2129
AGGGACAGCACGGCGG-1,1,4,46,11611,1931
AGCTTATAGAGACCTG-1,1,5,47,11497,2128
AACTAGCGTATCGCAC-1,1,4,48,11384,1930
AACTTTAGCTGCTGAG-1,1,5,49,11270,2127
CCCAAGACAGAGTATG-1,1,4,50,11157,1929
GGCATCAACGAGCACG-1,1,5,51,11042,2127
ATGCATTCCGTGATGG-1,1,4,52,10929,1929
TTATAGATGCACATTA-1,1,5,53,10815,2126
GAACCATCTGGGAGAC-1,0,4,54,10702,1928
TGCTATACAAACGGAC-1,0,5,55,10588,2125
ACTTGCCATATTGTAC-1,0,4,56,10475,1927
TATTCCGGCAGTCCTA-1,0,5,57,10361,2125
GACGGACCGCGTTCCT-1,0,4,58,10248,1927
ATGTGTAGTTTAGTCA-1,0,5,59,10134,2124
ATACCAGCAAATTGCT-1,0,4,60,10021,1926
AAGTTTACTAATGGCA-1,0,5,61,9907,2123
CTCTCGATGTGCGCCT-1,0,4,62,9794,1925
GATTGACACTCTGCTC-1,0,5,63,9680,2123
TATCACAGCACGGGCA-1,0,4,64,9567,1925
ACCGTTCCCGCTCTGA-1,0,5,65,9453,2122
CCGCCACCACAATCCA-1,0,4,66,9340,1924
CATTCACTGACAGCTA-1,0,5,67,9226,2121
CGGCTGCAAGATTAAG-1,0,4,68,9113,1923
CATGAACCTCTTATCA-1,0,5,69,8999,2120
TTAATGCGAGGTAACT-1,0,4,70,8886,1923
AATAAGTCCTCGAGAC-1,0,5,71,8772,2120
ACCAGCCCGGTCTTTG-1,0,4,72,8659,1922
CTACGAACTAGGTCGA-1,0,5,73,8544,2119
ACATCTCAACGCGTAA-1,0,4,74,8432,1921
CACTACTCAGTTCTGT-1,0,5,75,8317,2118
CCGACTCGCATAGTCT-1,0,4,76,8204,1920
CATTTATCGTTCAAGA-1,0,5,77,8090,2118
CAAACGTGGTCTTGCG-1,0,4,78,7977,1920
TAGAAACCACTAAGTA-1,0,5,79,7863,2117
ACTGATTTAGTGATTC-1,0,4,80,7750,1919
TCGTATTTCGTCCGGA-1,0,5,81,7636,2116
CGGAAATTTCACATCC-1,0,4,82,7523,1918
ATCCACGCTAAATGTT-1,0,5,83,7409,2116
GTTCAATCTATGTCAA-1,0,4,84,7296,1918
ATAAAGGTCAAGTACG-1,0,5,85,7182,2115
CAACTCCAACGTTTAG-1,0,4,86,7069,1917
TAGGAACAGCCTCCAG-1,0,5,87,6955,2114
ATGGGAACGGAAGCGG-1,0,4,88,6842,1916
CACACGTTTCAATGGG-1,0,5,89,6728,2113
GGTGTTCTGTTTCTAC-1,0,4,90,6615,1916
AGTAACGTTCATCCTG-1,0,5,91,6501,2113
GTATAGTGGCCCATGT-1,0,4,92,6388,1915
TCTACACGTTCATGCA-1,0,5,93,6274,2112
AATCTGGGTAGACCCT-1,0,4,94,6161,1914
TCGGTTAGCCATGTAG-1,0,5,95,6047,2111
TGCCATGGCTTATAAG-1,0,4,96,5934,1913
TAAGTAAATGTGCCGC-1,0,5,97,5819,2111
GTGTCCGATAAGGCAT-1,0,4,98,5707,1913
TGGCACGAGCTCGAGT-1,0,5,99,5592,2110
ACCGGTCTGAGTACGG-1,0,4,100,5479,1912
GAACTTAGCGCCCGGT-1,0,5,101,5365,2109
AGTAGCTAGACGCCGA-1,0,4,102,5252,1911
ATAGGAATCTAAGCTT-1,0,5,103,5138,2109
CTTCCTGCATATTTAC-1,0,4,104,5025,1911
CAATATGTAGATTTAC-1,0,5,105,4911,2108
ACAAGGCCTACCAGCC-1,0,4,106,4798,1910
TTATAGTCCAAGGTGC-1,0,5,107,4684,2107
AAACGCCCGAGATCGG-1,0,4,108,4571,1909
CCTCGTTACGCCTGTT-1,0,5,109,4457,2106
GAACGGTGTAAAGCAG-1,0,4,110,4344,1909
ACGCATAAATGACATG-1,0,5,111,4230,2106
GGTTCGATGCTGAGTT-1,0,4,112,4117,1908
CTTTGGCAGACAGAGT-1,0,5,113,4003,2105
TTCGTGGGCTGGAAGC-1,0,4,114,3890,1907
CAAAGGTTAAATTCAG-1,0,5,115,3776,2104
GTTTGGCGTCAGGCAC-1,0,4,116,3663,1906
GCTTTCTATCTCAACT-1,0,5,117,3549,2104
TGCATCTCCGGATCTT-1,0,4,118,3436,1906
CTGAAACGGCCCTCAG-1,0,5,119,3322,2103
TAGCAGTAAATACGCG-1,0,4,120,3209,1905
CGGGCTACTTAAATTG-1,0,5,121,3094,2102
ATTATGCTCAGTATTG-1,0,4,122,2982,1904
TGATGCTCACGTAGTC-1,0,5,123,2867,2102
GTCTAAGATGCCCAGC-1,0,4,124,2754,1904
AACCCGATAGGGCTTC-1,0,5,125,2640,2101
CGCTATCGTGGCTTTA-1,0,4,126,2527,1903
CGTCTCTCGCCGAGGC-1,0,5,127,2413,2100
AGTGGGAGTATACACG-1,0,6,0,16832,2342
GGTCTTGGTGTTAACT-1,0,7,1,16718,2539
GGCTGGCAGCTTTATG-1,0,6,2,16605,2341
CGCCAATTATTGCGTT-1,0,7,3,16491,2539
GGTAACCGGCAAAGGT-1,0,6,4,16378,2341
TGGGACCATTGGGAGT-1,0,7,5,16264,2538
CTGCAGGTGCTCGGCC-1,0,6,6,16151,2340
CCGGTGCGAGTGATAG-1,0,7,7,16037,2537
GGGTACACTCTGGAGG-1,0,6,8,15924,2339
TAGCCAGAGGGTCCGG-1,0,7,9,15810,2536
CTTGTGAGGACAGCGG-1,0,6,10,15697,2339
GAAGGGCATAACCATG-1,0,7,11,15583,2536
CAACATGGCCTGATAA-1,0,6,12,15470,2338
CAATTTGACCGGGAAG-1,0,7,13,15356,2535
TCTGACTGTAATGGTT-1,0,6,14,15243,2337
TTCATAGCCTTGTAAC-1,0,7,15,15129,2534
TGGAAACGGAGTGAAC-1,0,6,16,15016,2336
ATCGCACGATTGTTCA-1,0,7,17,14902,2534
CGCCACCCGCATTAAC-1,0,6,18,14789,2336
TGGACCACGGCGTTGA-1,0,7,19,14675,2533
GTATATGTTACGGCGG-1,0,6,20,14562,2335
GTATTCTTACCGTGCT-1,0,7,21,14447,2532
TTCAGAGTAACCTGAC-1,0,6,22,14335,2334
GCGGTAACCCAAATGA-1,0,7,23,14220,2532
CTACGTGTTGCCACCA-1,0,6,24,14107,2334
CTAGATAAACTCCTCG-1,0,7,25,13993,2531
TCCATTAGTTGGATAG-1,0,6,26,13880,2333
CTGGCTCCTGCGGGAT-1,0,7,27,13766,2530
CAGTCTCTCGGCTAAT-1,0,6,28,13653,2332
GTATGACGTGGGAAAC-1,0,7,29,13539,2530
AGTCACTCCGCCTCAT-1,0,6,30,13426,2332
GCAGCGGTGGGCATTA-1,0,7,31,13312,2529
TATGGAGTTTCTCGTT-1,0,6,32,13199,2331
ACTCAACGAATGTATT-1,0,7,33,13085,2528
AACACGCGGCCGCGAA-1,0,6,34,12972,2330
CGATATTAGCCGCAGG-1,0,7,35,12858,2527
AGCGTCTGAACCCGCA-1,0,6,36,12745,2329
GATGTCCGGATCACAT-1,0,7,37,12631,2527
GGTCACGTTAGATTCA-1,0,6,38,12518,2329
TTAAGGATACGGAGGT-1,1,7,39,12404,2526
GTGCGGGACCATCGGC-1,0,6,40,12291,2328
CCATCTTGTTCACAAT-1,1,7,41,12177,2525
TCCGAGAAGGCTAAGC-1,1,6,42,12064,2327
TGGCGGTGTGCGATTG-1,1,7,43,11950,2525
ATCCTGCTGCAGATAG-1,1,6,44,11837,2327
TTATGCGTCCCGGTCC-1,1,7,45,11722,2524
CATAATGAGCGGGCGA-1,1,6,46,11610,2326
AGACATAGATCCTTCC-1,1,7,47,11495,2523
GGTGAAACCGGGAATG-1,1,6,48,11382,2325
AACTGGTGTGGGCCTT-1,1,7,49,11268,2523
GTAGCGCTGTTGTAGT-1,1,6,50,11155,2325
TTGTTTGTGTAAATTC-1,1,7,51,11041,2522
GGATCAAAGGACGAGG-1,1,6,52,10928,2324
CGTAGCGCCGACGTTG-1,1,7,53,10814,2521
CAAGTGAACTTTGGTT-1,1,6,54,10701,2323
GTAGACAACCGATGAA-1,1,7,55,10587,2520
CAATGGTCGGCCTGGG-1,0,6,56,10474,2323
ACAGATTAGGTTAGTG-1,1,7,57,10360,2520
GTTATCACCTTCTGAA-1,0,6,58,10247,2322
TGGTATCGGTCTGTAT-1,0,7,59,10133,2519
GGAATAACCTCAAGAA-1,0,6,60,10020,2321
ATTATCTCGACAGATC-1,0,7,61,9906,2518
CCGAGGGATGTTAGGC-1,0,6,62,9793,2320
TGAGATCAAATACTCA-1,0,7,63,9679,2518
AAACGAAGAACATACC-1,0,6,64,9566,2320
CTGGTCCTAACTTGGC-1,0,7,65,9452,2517
TGCACGAGTCGGCAGC-1,0,6,66,9339,2319
ATAGTCTTTGACGTGC-1,0,7,67,9225,2516
TGGAGCTAAAGTTCCC-1,0,6,68,9112,2318
GGGTGGTCCAGCCTGT-1,0,7,69,8997,2516
CATGCATGGAGACCCT-1,0,6,70,8885,2318
ACACGGCACTATGCAT-1,0,7,71,8770,2515
CCCTGGTATGGGCGGC-1,0,6,72,8657,2317
GGAGGATTGAAAGGAG-1,0,7,73,8543,2514
CCGCTGGTGCCATTCA-1,0,6,74,8430,2316
GTTAGAGTGTGCCGCT-1,0,7,75,8316,2513
TCGGAATGACCATCAA-1,0,6,76,8203,2316
TTCAATTAGCCATAAT-1,0,7,77,8089,2513
GATGTGTTGTCACAAG-1,0,6,78,7976,2315
TCTTTCTCTTAAGGAG-1,0,7,79,7862,2512
ACCCTTTAGTTCTCCA-1,0,6,80,7749,2314
ACCACAACTCAGAACA-1,0,7,81,7635,2511
TATGATAAATCTAACG-1,0,6,82,7522,2313
GATCCTCTTGCGCTTA-1,0,7,83,7408,2511
TTCTACCTTTATGTTG-1,0,6,84,7295,2313
GAAATACCTGCTGGCT-1,0,7,85,7181,2510
ATTCTGAGTATGAACT-1,0,6,86,7068,2312
GGATTAAGCTAAGGTC-1,0,7,87,6954,2509
AGTACGTGGCCTGTCT-1,0,6,88,6841,2311
TCAGGGTGCACGAAAC-1,0,7,89,6727,2509
AAATTTACCGAAATCC-1,0,6,90,6614,2311
TTGAGGCATTTAACTC-1,0,7,91,6500,2508
AACCAGTATCACTCTT-1,0,6,92,6387,2310
CACCGGAGATATCTCC-1,0,7,93,6272,2507
GACTGGGCGCCGCAAC-1,0,6,94,6160,2309
CACGTCTATGATGTGG-1,0,7,95,6045,2506
TTAAGACGAACGAACC-1,0,6,96,5932,2309
TGACCAGCTTCAAAGT-1,0,7,97,5818,2506
AGAGTTAGAGACCGAT-1,0,6,98,5705,2308
TTCGGACTGATGCCTT-1,0,7,99,5591,2505
CTCGAATGGAACGTAT-1,0,6,100,5478,2307
GGACGGCTTGCGCAAC-1,0,7,101,5364,2504
CTAAGTACAGGGCTAC-1,0,6,102,5251,2306
ACAAATTCAGATCTGA-1,0,7,103,5137,2504
CATGGAAATGGGACCA-1,0,6,104,5024,2306
GGTGGACCACGTGTTA-1,0,7,105,4910,2503
CACGACGTAATAGTAA-1,0,6,106,4797,2305
CGGGTTCGGCACGTAT-1,0,7,107,4683,2502
CTGGGCTATCCTTTGG-1,0,6,108,4570,2304
GTATTAGGGTTCGCGT-1,0,7,109,4456,2502
TCATTCGTATAATTTG-1,0,6,110,4343,2304
AATAGCAAGCCTCCTG-1,0,7,111,4229,2501
CATCTACCCGAGAACG-1,0,6,112,4116,2303
GCTTCAGTGGGATTAC-1,0,7,113,4002,2500
TCTGTGATGGAGGTTG-1,0,6,114,3889,2302
ATCCACTTTCAGACTA-1,0,7,115,3775,2500
ATGGTTACGAAACATG-1,0,6,116,3662,2302
GGCCCAATCTAGAGGG-1,0,7,117,3547,2499
GATGGTGAAATAACCC-1,0,6,118,3435,2301
AGAGGGACAATTGTCC-1,0,7,119,3320,2498
CGCGTACATTCTGGAA-1,0,6,120,3207,2300
CAAGAAACCCTAAACT-1,0,7,121,3093,2497
TTGGTGCGGTGTTGAA-1,0,6,122,2980,2300
GGTTCCCTAGTGTCTC-1,0,7,123,2866,2497
CGATAACCAATTTGAG-1,0,6,124,2753,2299
GCCCACTGGTCCACAA-1,0,7,125,2639,2496
GAGGGCCGGCAGAGTC-1,0,6,126,2526,2298
CGACACGGATGCCCAC-1,0,7,127,2412,2495
CTGTCTGTGGCTGGCT-1,0,8,0,16831,2737
ATATTATCCCGTATTT-1,0,9,1,16717,2934
GCGCTGGCGGAAAGTC-1,0,8,2,16604,2736
ATCTAACGTCCCTATG-1,0,9,3,16490,2934
GTCAGACAGCGTTGGA-1,0,8,4,16377,2736
GCCAGGCTTAGTGGTA-1,0,9,5,16263,2933
ATTCAAAGTACCTGTT-1,0,8,6,16150,2735
TGGACGTAGGCGAATC-1,0,9,7,16036,2932
ACACATTGACGCAACA-1,0,8,8,15923,2734
GATATCAGTATGTATC-1,0,9,9,15809,2932
TGGGCCTTGCCTGCAT-1,0,8,10,15696,2734
CAAAGTCAGGTTAGCT-1,0,9,11,15582,2931
GGATCCCTACCAGCTA-1,0,8,12,15469,2733
ATCGTCCAATCGAGTC-1,0,9,13,15355,2930
ACATGGCTCAATTTAG-1,0,8,14,15242,2732
AGGCCCAGTGACTGGT-1,0,9,15,15127,2930
GCTTCCAGCTTAGATT-1,0,8,16,15015,2732
TGCTTGAAACCATGCA-1,0,9,17,14900,2929
CAATATTGGACTAGTG-1,0,8,18,14787,2731
CGTGCTGGCCTAGTCG-1,0,9,19,14673,2928
CCTGCGATAGAACTGT-1,0,8,20,14560,2730
GGGTAATGCTGTGTTT-1,0,9,21,14446,2927
AACGCGAACGGCAACA-1,0,8,22,14333,2730
TGTCGGCATGGTGGAA-1,0,9,23,14219,2927
AGCGTACGAGAGCTAG-1,0,8,24,14106,2729
ATACTCTCGCCACTCT-1,0,9,25,13992,2926
AATCCATGCAAGGGTG-1,0,8,26,13879,2728
TTAAACAGAGTCCCGC-1,0,9,27,13765,2925
CCACAGCTGAAATCAT-1,0,8,28,13652,2727
CGGTTCCGGCTTCTTG-1,0,9,29,13538,2925
GACGTGAGACTCCATG-1,0,8,30,13425,2727
TCGTTGGCTCGTCAAT-1,0,9,31,13311,2924
GGTGAACGGGCTAGCC-1,0,8,32,13198,2726
GCACTGTGCAAATGTA-1,0,9,33,13084,2923
ACGAGAACCCATCACG-1,0,8,34,12971,2725
CCAGCTACGCCTCATA-1,1,9,35,12857,2923
TCCCGGTCAGGAATTT-1,0,8,36,12744,2725
TCGCATTCAATGACTT-1,1,9,37,12630,2922
CTGGTTCAACGCATCA-1,1,8,38,12517,2724
GGTGATTTCATCTTGT-1,1,9,39,12402,2921
CACCCTTTCCTCGCTC-1,1,8,40,12290,2723
CAACTTGTAGTGGGCA-1,1,9,41,12175,2920
AATATCAAGGTCGGAT-1,1,8,42,12062,2723
ACTCAGACCTGCTTCT-1,1,9,43,11948,2920
TTGGAGTCTCCCTTCT-1,1,8,44,11835,2722
GGATACTCATGAATTG-1,1,9,45,11721,2919
TGGGCACAAACAGAAC-1,1,8,46,11608,2721
GAGCCACGGTAGTAGG-1,1,9,47,11494,2918
TCGATAGGCTAGTCGC-1,1,8,48,11381,2720
TAACCGCCCGCAGTGC-1,1,9,49,11267,2918
GCCTATTTGCTACACA-1,1,8,50,11154,2720
TTGACGATTCAGCACG-1,1,9,51,11040,2917
TTAAACCGGTAGCGAC-1,1,8,52,10927,2719
ACCGAAAGGGCCCTGC-1,1,9,53,10813,2916
ACGTTCCGCGCTCCGT-1,1,8,54,10700,2718
ATACCAGGCTAATAGA-1,1,9,55,10586,2916
CGGCTTTGTATGATAA-1,1,8,56,10473,2718
CTTGACCCGAAAGATA-1,1,9,57,10359,2915
CGCAGAAACATTTGCG-1,1,8,58,10246,2717
GACCCGTCGCCGGCTA-1,0,9,59,10132,2914
AATCGGGACACTACGA-1,0,8,60,10019,2716
GTCACAAAGTTTCCAA-1,0,9,61,9905,2913
TATATTCGCGTCGATA-1,0,8,62,9792,2716
CCTCCCGACAATCCCT-1,0,9,63,9677,2913
CGACATGCGATCTTCT-1,0,8,64,9565,2715
AACACGACTGTACTGA-1,0,9,65,9450,2912
CCCAACCACACTAACA-1,0,8,66,9337,2714
CACCGCCGACCAGCGA-1,0,9,67,9223,2911
TGGTATCGCATCCCAA-1,0,8,68,9110,2713
CAGAGTGATTTAACGT-1,0,9,69,8996,2911
AACCCTGGTGGAACCA-1,0,8,70,8883,2713
GTCAGTTGTGCTCGTT-1,0,9,71,8769,2910
ATTGACGTAACTCGGT-1,0,8,72,8656,2712
GATGTCGGTCAACTGC-1,0,9,73,8542,2909
AGGGCAGCGGCGTGGT-1,0,8,74,8429,2711
ACATCGTTAACCTAGT-1,0,9,75,8315,2909
TCCATTGTGACCTCGT-1,0,8,76,8202,2711
TGTTTAATACTTCATC-1,0,9,77,8088,2908
TTGCTGGCCGGGCTTC-1,0,8,78,7975,2710
CATATTATTTGCCCTA-1,0,9,79,7861,2907
CTGCCTAGCCACCAAG-1,0,8,80,7748,2709
ACGAGATATTTGCTTA-1,0,9,81,7634,2906
GACTACAATTGCTCGT-1,0,8,82,7521,2709
AACGTGATGAAGGACA-1,0,9,83,7407,2906
ACTCTCTTATACACGA-1,0,8,84,7294,2708
CGCATCATGGCTTCAG-1,0,9,85,7180,2905
CGGCTCTTCGTCGAAC-1,0,8,86,7067,2707
ATTCTTCGTACTTATG-1,0,9,87,6952,2904
AGTGAGGGTTTCTGAC-1,0,8,88,6840,2706
GCCAGGCGTTCGCATG-1,0,9,89,6725,2904
GACTAACACAGCACCT-1,0,8,90,6612,2706
CAATGGAATCTACATA-1,0,9,91,6498,2903
GTGGTCAGCGAAGTAT-1,0,8,92,6385,2705
ATGGCTGGAAATGGCC-1,0,9,93,6271,2902
ATCAGGTCGCCATTGC-1,0,8,94,6158,2704
TATCACCATGTAAAGT-1,0,9,95,6044,2902
AGCGCTTATGGGCAAG-1,0,8,96,5931,2704
AAGCGGCGTCATGGGT-1,0,9,97,5817,2901
ACTAATACGTCAGGCG-1,0,8,98,5704,2703
GGCTGAGCATCGTAAG-1,0,9,99,5590,2900
CGGTTGGGTTCAAGTT-1,0,8,100,5477,2702
GACTGATTGGTCACAA-1,0,9,101,5363,2900
AGACGGGCCGATTTAA-1,0,8,102,5250,2702
ACCAGTGCCCGGTCAA-1,0,9,103,5136,2899
GTCCTTTAATGACTTC-1,0,8,104,5023,2701
CCTACAAGTCCGGAAT-1,0,9,105,4909,2898
GCCTGCTACACTGAGA-1,0,8,106,4796,2700
GACTCGGTCGGCGGAT-1,0,9,107,4682,2897
CTAGACATATATGTAG-1,0,8,108,4569,2700
TCGCCCAACTGACTCC-1,0,9,109,4455,2897
AAACTAACGTGGCGAC-1,0,8,110,4342,2699
AACTGAGGTCAGCGTC-1,0,9,111,4227,2896
ACAATGATTCTTCTAC-1,0,8,112,4115,2698
ATAAGTACCCGATTGT-1,0,9,113,4000,2895
ATTGGGAGTTCTGTAA-1,0,8,114,3887,2697
CGAACATAGTCAGAAA-1,0,9,115,3773,2895
TAGCTCAGATCCTAGT-1,0,8,116,3660,2697
GTGTCGTATTCACCTT-1,0,9,117,3546,2894
CTCACCGATCCAAACT-1,0,8,118,3433,2696
ATATGTGCACAAACCA-1,0,9,119,3319,2893
CAGTCCAACGCCTTCT-1,0,8,120,3206,2695
TCGTCCGGGTACACTC-1,0,9,121,3092,2893
GCAGAAACGTAATCCA-1,0,8,122,2979,2695
TTCGAGCCGGCGCTAC-1,0,9,123,2865,2892
GGAAGATAAGACTGTA-1,0,8,124,2752,2694
ATAAGCAAACACCGAG-1,0,9,125,2638,2891
GCATAAATTGAACGCC-1,0,8,126,2525,2693
CGCCGGTGTCGCAGTA-1,0,9,127,2411,2890
GACCTGGTCTGGGCGT-1,0,10,0,16830,3132
AGCCGCTTGATTAGCG-1,0,11,1,16716,3330
CCCGGCTAGGTGAGAA-1,0,10,2,16603,3132
CGAGCCGAGCACTCGA-1,0,11,3,16489,3329
TAGTGCTTGAATCCTT-1,0,10,4,16376,3131
CAACCGCACCTAGACA-1,0,11,5,16262,3328
ACCACTGTTCAAGAAG-1,0,10,6,16149,3130
AGATGCTATAACGAGC-1,0,11,7,16035,3327
AATTACTCGTACGCTC-1,0,10,8,15922,3130
CGTCAATCTTTAACAT-1,0,11,9,15808,3327
CCAAAGCAGTTGGTTG-1,0,10,10,15695,3129
CCATATTGGATCATGA-1,0,11,11,15580,3326
CGTACCGAAAGTCTAG-1,0,10,12,15468,3128
CTCGAGATCCAAAGCA-1,0,11,13,15353,3325
TGGATAGAGTAACAGA-1,0,10,14,15240,3127
TCACAGATCCTCAAAC-1,0,11,15,15126,3325
AGAGCTACGAAAGCAT-1,0,10,16,15013,3127
TGCGTGATTGGGTGTC-1,0,11,17,14899,3324
CACATGTTTGGACATG-1,0,10,18,14786,3126
TTCGCATCCGGAAGCA-1,0,11,19,14672,3323
CCCTAGTGTCAGGTGT-1,0,10,20,14559,3125
TTACCGCCTTAGGGAA-1,0,11,21,14445,3323
CCAGTCCATTATTCGA-1,0,10,22,14332,3125
CGTAAACGCTTGAGTG-1,0,11,23,14218,3322
ATTCCTTCCAGGCGGT-1,0,10,24,14105,3124
TTCCTTTCTGTGTTGC-1,0,11,25,13991,3321
AGTTGACATCGGCTGG-1,0,10,26,13878,3123
AACTCGATGGCGCAGT-1,0,11,27,13764,3320
GATAAGGCAGATGCAA-1,0,10,28,13651,3123
GGCTGGCTAGCTTAAA-1,0,11,29,13537,3320
CCTCATGCAGCTACGA-1,0,10,30,13424,3122
GACGCCTGTTGCAGGG-1,1,11,31,13310,3319
TAATTAGATGGATATG-1,0,10,32,13197,3121
GAGGGCATCGCGTATC-1,1,11,33,13083,3318
CTTGTGAGTCTTTGAC-1,1,10,34,12970,3120
TCAACACATTGGGTAA-1,1,11,35,12855,3318
ACTGTATACGCGAGCA-1,1,10,36,12743,3120
GTGAAACGTGCTCCAC-1,1,11,37,12628,3317
CGAGTGCTATAGTTCG-1,1,10,38,12515,3119
GTACTGCATGAAGCGT-1,1,11,39,12401,3316
GTAACTTGCGGCAGTC-1,1,10,40,12288,3118
GAATCGCCGGACACGG-1,1,11,41,12174,3316
GGGAGTAATGGCTGGC-1,1,10,42,12061,3118
CATGAACCGACATTTG-1,1,11,43,11947,3315
TCTGTCATACAAGAGC-1,1,10,44,11834,3117
GTCGTCAATTATAAGG-1,1,11,45,11720,3314
TAAAGAGCCCGAAACC-1,1,10,46,11607,3116
GTACTGAGGTCGTAAC-1,1,11,47,11493,3313
AAAGACCCAAGTCGCG-1,1,10,48,11380,3116
CGTCAGTGCGCACAAG-1,1,11,49,11266,3313
TGTATCCTTATTCCAT-1,1,10,50,11153,3115
ATTCTCGTCTCTTTAG-1,1,11,51,11039,3312
AAAGTCACTGATGTAA-1,1,10,52,10926,3114
TGTCTACAGTTTCTGT-1,1,11,53,10812,3311
TTAACGTCGCAAGACC-1,1,10,54,10699,3113
CTATGTCTATTGAAAC-1,1,11,55,10585,3311
TCGGGTGAAACTGCTA-1,1,10,56,10472,3113
TGTCCCGACATAGCAC-1,1,11,57,10358,3310
ACAGCATAGAGCCAGT-1,1,10,58,10245,3112
ATATTCCCACAGGTCA-1,1,11,59,10130,3309
TTGGATCGACTTCTGG-1,0,10,60,10018,3111
CACCATCGGAGGAGAC-1,0,11,61,9903,3309
TCGTTCGTTATTATGT-1,0,10,62,9790,3111
CTTAACTTCGAAGTAC-1,0,11,63,9676,3308
GCACAAGTGTCGGAAG-1,0,10,64,9563,3110
TACCAGCTAGGTTTAA-1,0,11,65,9449,3307
ACGTACAGATTTCTCT-1,0,10,66,9336,3109
AATTTGGTTCCAAAGA-1,0,11,67,9222,3307
GTAAGGATTTGTCGGA-1,0,10,68,9109,3109
CATCATCTACCCGGAC-1,0,11,69,8995,3306
ACGATGGATCCGATGC-1,0,10,70,8882,3108
CACTCAGCTCTTGAGG-1,0,11,71,8768,3305
TAGATCCGAAGTCGCA-1,0,10,72,8655,3107
TGAAACTTATGCAAGC-1,0,11,73,8541,3304
GCGATTCTGGAAGCAG-1,0,10,74,8428,3106
CAAACTATTGAGCTTC-1,0,11,75,8314,3304
TAGAATTAAGGGCAAC-1,0,10,76,8201,3106
CGAAACATAGATGGCA-1,0,11,77,8087,3303
GATGGTGCCCTAGGCA-1,0,10,78,7974,3105
CCCGCAGGGCCCAAAG-1,0,11,79,7860,3302
ACAGCGCACCCGCAGC-1,0,10,80,7747,3104
GGTAAATGTGCGTTAC-1,0,11,81,7633,3302
GTCCTTCTAGTGGGTT-1,0,10,82,7520,3104
GGAAGCTCGCTTACAG-1,0,11,83,7405,3301
CACCGATACACCGAGC-1,0,10,84,7293,3103
CAGCCGGGCCCTCTAT-1,0,11,85,7178,3300
CGGAGCTTATAACACC-1,0,10,86,7065,3102
ATTACAACTACCGGCC-1,0,11,87,6951,3300
TCCTCTGGCCCATTAG-1,0,10,88,6838,3102
CGGCACCGTTAGCGCC-1,0,11,89,6724,3299
TCGGTCCCTGACTCCA-1,0,10,90,6611,3101
TGGTTGGAGGATCCTG-1,0,11,91,6497,3298
CTGCGGTAGTCACGTG-1,0,10,92,6384,3100
GTGCCTCAGTGTACGG-1,0,11,93,6270,3297
ATCGTTCACTTTCGCC-1,0,10,94,6157,3100
ACTTACCGGGCGCGCA-1,0,11,95,6043,3297
CTAGACTGCATTTCGT-1,0,10,96,5930,3099
TTGCCGGTGATCCCTC-1,0,11,97,5816,3296
CTGTCACGCCAGGCGC-1,0,10,98,5703,3098
CGGTATAGGTATTAGC-1,0,11,99,5589,3295
CCAACGCTTGCCAGGG-1,0,10,100,5476,3097
CGTTGAGTAATTGCGT-1,0,11,101,5362,3295
TGTATTTACCTAATGC-1,0,10,102,5249,3097
TAAATGCCGTCTCATG-1,0,11,103,5135,3294
CGGTTTATGAAGGAAC-1,0,10,104,5022,3096
GCAAGATGTGTTCGCG-1,0,11,105,4908,3293
AAAGGTAAGCTGTACC-1,0,10,106,4795,3095
GTACGTCACGTATTAA-1,0,11,107,4680,3293
AGTACCTTCGAGTGCT-1,0,10,108,4568,3095
ATTGTGACTTCGCTGC-1,0,11,109,4453,3292
TGTATCAGACTGAAGC-1,0,10,110,4340,3094
GAGACCCTGCAACGCC-1,0,11,111,4226,3291
TGGGTGGGATGTCATT-1,0,10,112,4113,3093
GGCTAATGATTGAAAT-1,0,11,113,3999,3290
ATAACGTTACCTCCAC-1,0,10,114,3886,3093
TGCGAGATGGCGGCCA-1,0,11,115,3772,3290
CACACTTGTATTGCGA-1,0,10,116,3659,3092
GCTGGTGACTCGTAGT-1,0,11,117,3545,3289
CGACACCGCTTAAGGA-1,0,10,118,3432,3091
GTAACAACTGACCTTG-1,0,11,119,3318,3288
CAACTGAGGGTATGAC-1,0,10,120,3205,3090
CTAATTATGAAGCGTA-1,0,11,121,3091,3288
CCGATCTTAAGAGGCT-1,0,10,122,2978,3090
CGACTCGGTACACGGT-1,0,11,123,2864,3287
TGCTGCGTCAGAGTTA-1,0,10,124,2751,3089
AGAGTTGCAGGCCTCC-1,0,11,125,2637,3286
ACTGGCGAACCTGCGT-1,0,10,126,2524,3088
ACTAAGGACGCACACC-1,0,11,127,2410,3286
CGTCCAGATGGCTCCA-1,0,12,0,16829,3527
ACTATCGCCGGCTAAA-1,0,13,1,16715,3725
GATAGCGTACCACGCG-1,0,12,2,16602,3527
AGGACTTATAGGAGAA-1,0,13,3,16488,3724
TAGTCGGGATTCTTCG-1,0,12,4,16375,3526
ACCATTAAGGGTGTCA-1,0,13,5,16260,3723
TTAATGTGTTTGCAGG-1,0,12,6,16148,3525
TCCGCAGCCACCTAGC-1,0,13,7,16033,3723
GAGGAGATCCTCATGC-1,0,12,8,15920,3525
GGTCCTTCATACGACT-1,0,13,9,15806,3722
CCCTGTTGGCAAAGAC-1,0,12,10,15693,3524
GTGCCTAGCTATGCTT-1,0,13,11,15579,3721
GTCATCTCCTACAGCT-1,0,12,12,15466,3523
GCGAGAAACGGGAGTT-1,0,13,13,15352,3720
CGTCGCGGCGGGATTT-1,0,12,14,15239,3523
CATTGTGTGCTAGATC-1,0,13,15,15125,3720
CGCGGCAGTATTACGG-1,0,12,16,15012,3522
GAAATGGGATGTAAAC-1,0,13,17,14898,3719
CATTCCCTAAGTACAA-1,0,12,18,14785,3521
AGTTCTGCGTTGTATC-1,0,13,19,14671,3718
ACCCTATAGGACTGAG-1,0,12,20,14558,3520
TTAGATAGGTCGATAC-1,0,13,21,14444,3718
ATTGATAGCAACGAGA-1,0,12,22,14331,3520
TCTCGGCTCCAGGACT-1,0,13,23,14217,3717
CTTGAGGTTATCCCGA-1,0,12,24,14104,3519
AAGAAGGATCAGTTAG-1,0,13,25,13990,3716
GTACGACGGCGCTGCG-1,0,12,26,13877,3518
CTTATGTTGACTACCA-1,0,13,27,13763,3716
CGGCACTCAAGAAAGT-1,0,12,28,13650,3518
GTCAAAGTTTACATAG-1,1,13,29,13535,3715
CTCCTAAGTTATGTCT-1,1,12,30,13423,3517
ACTGTGCTAGTAGATC-1,1,13,31,13308,3714
GTTTGGCCGCTCAGCG-1,1,12,32,13195,3516
TTATCCAATCGAACTC-1,1,13,33,13081,3713
CCGTACCCAAGCGCCA-1,1,12,34,12968,3516
CATACAAAGCCGAACC-1,1,13,35,12854,3713
GGTCGGTAATTAGACA-1,1,12,36,12741,3515
AGCGGGAAGGGTCCAT-1,1,13,37,12627,3712
GCCCACCAAGGCTGTC-1,1,12,38,12514,3514
GTAGACGTCGTTACAT-1,1,13,39,12400,3711
GAGCATCATCCCTGGG-1,1,12,40,12287,3513
AGGTAACCTCCTATTC-1,1,13,41,12173,3711
GGTTTGAGTGCTGGAA-1,1,12,42,12060,3513
GCACTAGTCGCGCTAT-1,1,13,43,11946,3710
GGTAACTATGTATCTG-1,1,12,44,11833,3512
GCGGTCCCTAGACGCA-1,1,13,45,11719,3709
CGAGCGTTGATCAGCC-1,1,12,46,11606,3511
AATCCAAGGGCCTGAG-1,1,13,47,11492,3709
CCGTGCCCATGACGGC-1,1,12,48,11379,3511
GAAATTCACATCGCTG-1,1,13,49,11265,3708
CTCTGCGAAGCAAGCA-1,1,12,50,11152,3510
AGTAGGTAACATACAT-1,1,13,51,11038,3707
ATTGGGAATATCTTGG-1,1,12,52,10925,3509
TAGAGCTACGAAGAAC-1,1,13,53,10810,3707
TGCGGCATAGTTCAAC-1,1,12,54,10698,3509
CCGCCGGTCAACACAC-1,1,13,55,10583,3706
TCGTATAGTGCAATTA-1,1,12,56,10470,3508
TAGTTTATTCTTGCTT-1,1,13,57,10356,3705
GATATCTCATGCAATA-1,1,12,58,10243,3507
CGTTTAAGCGGAGCAC-1,1,13,59,10129,3704
CATGCTGGCTCCAATT-1,1,12,60,10016,3507
GAAACAGCCATGCAGT-1,0,13,61,9902,3704
AGTTTCGCAGGTCGGA-1,0,12,62,9789,3506
CTCATGGCTCACAATC-1,0,13,63,9675,3703
AACCGTTGTGTTTGCT-1,0,12,64,9562,3505
ACCCTTCATCTGCGAA-1,0,13,65,9448,3702
TGCGGTGAAATTTCAT-1,0,12,66,9335,3504
CAAATTGTCAGCAAGC-1,0,13,67,9221,3702
GAGGTACATCCATCTT-1,0,12,68,9108,3504
AAATGGCATGTCTTGT-1,0,13,69,8994,3701
TCATCCCAGAGGGTGG-1,0,12,70,8881,3503
CGTAGCGAATTGTCAG-1,0,13,71,8767,3700
CCTAGTTAGTCGCATG-1,0,12,72,8654,3502
GAAACTCTAATGAAGG-1,0,13,73,8540,3700
TTGTATCACACAGAAT-1,0,12,74,8427,3502
TTCAAGCCGAGCTGAG-1,0,13,75,8313,3699
AGGTACGATATTGCCA-1,0,12,76,8200,3501
TTAAGCCGACAACTTC-1,0,13,77,8085,3698
GTCTTAGTACAGCCGG-1,0,12,78,7973,3500
TGGGTAAGGTTCCCGC-1,0,13,79,7858,3697
CTACGCCATTTCCGAT-1,0,12,80,7745,3500
GACCGTCAGGTCGTGA-1,0,13,81,7631,3697
TAGTTAAGATAGGATA-1,0,12,82,7518,3499
GAATATTCGGAGTCCC-1,0,13,83,7404,3696
CAAACTACGATAGAGA-1,0,12,84,7291,3498
CAGGAAGACTTTATAT-1,0,13,85,7177,3695
TTCGTAATCCCAGCGG-1,0,12,86,7064,3497
GTGAGGAGCGGTTGAG-1,0,13,87,6950,3695
CAATCCCTATACCAGC-1,0,12,88,6837,3497
AGGGAAACGAGGTACT-1,0,13,89,6723,3694
TCCTGCCAACTGGAGA-1,0,12,90,6610,3496
AATTTGGGACATAGTA-1,0,13,91,6496,3693
AACTCCTAATCCCATG-1,0,12,92,6383,3495
GCTCATTACTGCATGT-1,0,13,93,6269,3693
TCTCGAACGAGGTCAC-1,0,12,94,6156,3495
TCACTACGACCAATGC-1,0,13,95,6042,3692
GTGATGCACAACATCT-1,0,12,96,5929,3494
CCGACGTAAACACAAC-1,0,13,97,5815,3691
TGGGATGCACTCATTC-1,0,12,98,5702,3493
TTCCATCATGCGGTGA-1,0,13,99,5588,3690
TGCACAGTGAAGTTAT-1,0,12,100,5475,3493
CTATTGTGTTTGGTCA-1,0,13,101,5360,3690
TGCGAGCCCTTCCGCG-1,0,12,102,5248,3492
TTGAAAGGTGTAAAGG-1,0,13,103,5133,3689
GGTGCAGAGCCTATCG-1,0,12,104,5020,3491
ACTATATGCTGTGTTC-1,0,13,105,4906,3688
TCCTGGCGCTGCCTGG-1,0,12,106,4793,3490
GAGCCGAGCGTTTATT-1,0,13,107,4679,3688
AGAATGCGGGTTCGGA-1,0,12,108,4566,3490
ATGCGACAATTGGTCC-1,0,13,109,4452,3687
TTCCGGCTCGACTTCT-1,0,12,110,4339,3489
TGATTATGGCACGCAG-1,0,13,111,4225,3686
GGTTTGACAAGAAGCT-1,0,12,112,4112,3488
GCAGCTATGGACAGGT-1,0,13,113,3998,3686
CACCATGATCGCAAAG-1,0,12,114,3885,3488
GTCGGAAGGATACCAG-1,0,13,115,3771,3685
GGCCCAGTTATCAGCA-1,0,12,116,3658,3487
GGGCCTATTTAAGTAT-1,0,13,117,3544,3684
GTTGTTACATTGCGCT-1,0,12,118,3431,3486
CAACTCCGTAACTTGC-1,0,13,119,3317,3683
GATCTTTGCTCAAAGA-1,0,12,120,3204,3486
TCGCTTAATTACGAAG-1,0,13,121,3090,3683
CGATCATTAGAGGCAC-1,0,12,122,2977,3485
TGTTCTCTACTCCCTA-1,0,13,123,2863,3682
GCTTAGGGAAGCGGTA-1,0,12,124,2750,3484
CAGGTTTAGTACTACA-1,0,13,125,2635,3681
AAGCGGAGTGCGCGCA-1,0,12,126,2523,3483
TCAGATGGAGACGTAG-1,0,13,127,2408,3681
TCGCACTAACGTTTGT-1,0,14,0,16828,3923
CACGTCGGGTTCTAGA-1,0,15,1,16713,4120
GGAGTACACATGAGCT-1,0,14,2,16601,3922
GTGTGTCGACGTCGCT-1,0,15,3,16486,4119
GAAGCTCTTTGCTTAG-1,0,14,4,16373,3921
ACACCGAGCGCTCTTT-1,0,15,5,16259,4118
CGTAATAATTACGAGT-1,0,14,6,16146,3920
CATCAACACCTACTAA-1,0,15,7,16032,4118
CCAAGTTTCTACAGAT-1,0,14,8,15919,3920
ACGGGTCATGTGACTT-1,0,15,9,15805,4117
AGTGTGCTAAGATCGC-1,0,14,10,15692,3919
GGCGGTTTGCCGGTGC-1,0,15,11,15578,4116
GTATAATCTCCCGGAT-1,0,14,12,15465,3918
TAGTCCGTATGCATAA-1,0,15,13,15351,4116
CACTTCGTCTTATCTC-1,0,14,14,15238,3918
CATCCGCAGGCCCGAA-1,0,15,15,15124,4115
CCCTGATGTAACTCGT-1,0,14,16,15011,3917
CCATAGTCAGTAACCC-1,0,15,17,14897,4114
CGGGCCATAGCCGCAC-1,0,14,18,14784,3916
CTCCGGCTTGTAGACA-1,0,15,19,14670,4113
AACTTGCGTTCTCGCG-1,0,14,20,14557,3916
AATGAGTTCGCATATG-1,0,15,21,14443,4113
CGAGGCCAGGCATTGG-1,0,14,22,14330,3915
TCTGCGTCCGGTTTCT-1,0,15,23,14216,4112
CAATCCTGCCGTGGAG-1,0,14,24,14103,3914
CTGAGCAAGTAACAAG-1,1,15,25,13988,4111
GGGTACCCACGGTCCT-1,1,14,26,13876,3913
ACGGAATTTAGCAAAT-1,1,15,27,13761,4111
GGGCGGTCCTATTGTC-1,1,14,28,13648,3913
ATGTTACGAGCAATAC-1,1,15,29,13534,4110
AACCATGGGATCGCTA-1,1,14,30,13421,3912
TCGCATCCCTAAGTGT-1,1,15,31,13307,4109
ACTTAGTACGACAAGA-1,1,14,32,13194,3911
GAGCTCTCGGACCTAA-1,1,15,33,13080,4109
TCTATTACGCTGGCGA-1,1,14,34,12967,3911
AGATACGACTTCATAT-1,1,15,35,12853,4108
CGCTATACCGCCCACT-1,1,14,36,12740,3910
CAGTGTCCGCAGAATG-1,1,15,37,12626,4107
CCATCCATACCAAGTC-1,1,14,38,12513,3909
AACCCAGAGACGGAGA-1,1,15,39,12399,4107
GAAGAACGGTGCAGGT-1,1,14,40,12286,3909
GATAAATCGGTGGATG-1,1,15,41,12172,4106
CAGCTCGTGCTTGTGT-1,1,14,42,12059,3908
GAGTACGGGTATACAA-1,1,15,43,11945,4105
CATCGCCCGCGGCCAA-1,1,14,44,11832,3907
TCTTACAGAGGTACCG-1,1,15,45,11718,4104
TGGAAGACGAACACCA-1,1,14,46,11605,3907
GTTGTCGTGTTAGTTG-1,1,15,47,11491,4104
CCAAGGAACAGAGAGG-1,1,14,48,11378,3906
CTGCACCTGGAACCGC-1,1,15,49,11263,4103
CGCTTTCATACCGGTG-1,1,14,50,11150,3905
GTTCTTCCCTCGATGT-1,1,15,51,11036,4102
ATTTAACTCGTATTAC-1,1,14,52,10923,3904
AACGATAGAAGGGCCG-1,1,15,53,10809,4102
TATCCTGCATGGGAAT-1,1,14,54,10696,3904
AGGCCCATTGTACAGG-1,1,15,55,10582,4101
CCGGCGCATATTGGAT-1,1,14,56,10469,3903
ATCTGTAATTGTACCC-1,1,15,57,10355,4100
GAGCGAGGGAGTACCG-1,1,14,58,10242,3902
TTATTAGGGAAGCATC-1,1,15,59,10128,4100
CTTCTTACGTCGTATA-1,1,14,60,10015,3902
GAAGTGCTGGATAGCT-1,0,15,61,9901,4099
GTGCAACAAATGTGGC-1,0,14,62,9788,3901
CATGCGTTAGACAGAA-1,0,15,63,9674,4098
ACACACTTTCTACACG-1,0,14,64,9561,3900
AGCCCTAAGCGAAGTT-1,0,15,65,9447,4097
ATTAATTCGGTCACTC-1,0,14,66,9334,3900
AACAGGAAATCGAATA-1,0,15,67,9220,4097
ACGTTTAGTTGTGATC-1,0,14,68,9107,3899
TCCTTCAGTGGTCGAA-1,0,15,69,8993,4096
CGAACGCCCAGTGCCG-1,0,14,70,8880,3898
CCTCGAAGTGGACGGG-1,0,15,71,8766,4095
CTCTGTTTGAGGATTC-1,0,14,72,8653,3897
TGGGCACGTTCTATGG-1,0,15,73,8538,4095
ACTATTCGTCCGTGGT-1,0,14,74,8425,3897
CCTCTGGCCTAGACGG-1,0,15,75,8311,4094
CCATAAACAACCCGAC-1,0,14,76,8198,3896
CATAGTACATTGAGAG-1,0,15,77,8084,4093
ATTTCATTATTTCGCG-1,0,14,78,7971,3895
CAACTATATCGAATGC-1,0,15,79,7857,4093
CTAGTATTCGGAATTA-1,0,14,80,7744,3895
GTGGAACCTACATGCG-1,0,15,81,7630,4092
CCTAAAGGCTGACGCT-1,0,14,82,7517,3894
CGTGACATTGGGTCGT-1,0,15,83,7403,4091
CCAATCGGTAGATCGA-1,0,14,84,7290,3893
ATTGTCGCAATACCTT-1,0,15,85,7176,4090
AAATTACACGACTCTG-1,0,14,86,7063,3893
CACTCCTCTCGGTCGG-1,0,15,87,6949,4090
AAATAACCATACGGGA-1,0,14,88,6836,3892
AGTTACTCTATCGTGG-1,0,15,89,6722,4089
CGTTAGCTCACAACTG-1,0,14,90,6609,3891
GAATGTATGGCAGGTC-1,0,15,91,6495,4088
GCAACCACCAGACCGG-1,0,14,92,6382,3890
TCACTCGTGCAACGGC-1,0,15,93,6268,4088
AAACAGAGCGACTCCT-1,0,14,94,6155,3890
CAGCCTCTCCTCAAGA-1,0,15,95,6041,4087
TTGCGTGAACGCTTAG-1,0,14,96,5928,3889
CCGCCTGCGAATTGGT-1,0,15,97,5813,4086
AGATGAGGGTTGCGAT-1,0,14,98,5700,3888
CGGTGGGCTCCAGCCT-1,0,15,99,5586,4086
GGCAGCGGTAATCCTA-1,0,14,100,5473,3888
GCTAGCAGGGAGTGGG-1,0,15,101,5359,4085
CTCAAGACATTAGCGC-1,0,14,102,5246,3887
CACGGCGCGCCAAAGG-1,0,15,103,5132,4084
TGCAATTTGGGCACGG-1,0,14,104,5019,3886
ATGCCAATCGCTCTGC-1,0,15,105,4905,4083
GCTGGACCCAAAGTGG-1,0,14,106,4792,3886
ATTCCTAAGACGTGGA-1,0,15,107,4678,4083
TCCGGAGGAAGGGCTG-1,0,14,108,4565,3885
TCGGTGACCGCTCCGG-1,0,15,109,4451,4082
TCCGAAGTAGTCACCA-1,0,14,110,4338,3884
CATGTAGGAGCGCCAA-1,0,15,111,4224,4081
CACAAGAAAGATATTA-1,0,14,112,4111,3883
AGGGTCAGTAACCCTA-1,0,15,113,3997,4081
TAAGCCCTTACGACCA-1,0,14,114,3884,3883
ATACCGTCATCCATAA-1,0,15,115,3770,4080
GGACGTCCATAGTTGG-1,0,14,116,3657,3882
CATCAAACTGGCGCCC-1,0,15,117,3543,4079
AAACGTGTTCGCCCTA-1,0,14,118,3430,3881
AAATTGGTGAGAAGCA-1,0,15,119,3316,4079
GGTCATTGTAGTCATA-1,0,14,120,3203,3881
TGCAGTGAGGCTCGGG-1,0,15,121,3088,4078
GAACATTAGTATGTTA-1,0,14,122,2975,3880
GGTTTGCGAACACGTA-1,0,15,123,2861,4077
ACACAAATATTCCTAG-1,0,14,124,2748,3879
TTGGGTTTATTCAGCG-1,0,15,125,2634,4077
ATTCGCAGAGGACACT-1,0,14,126,2521,3879
GATTTAGTGCGTACTG-1,0,15,127,2407,4076
TAGAAACACAATAGTG-1,0,16,0,16826,4318
CAGTAGATGATGTCCG-1,0,17,1,16712,4515
TCTTAACTCGGATGTA-1,0,16,2,16599,4317
TACATCTTGTTTCTTG-1,0,17,3,16485,4514
TTCATAGGGTGTCCAT-1,0,16,4,16372,4316
TGAAGTAGCTTACGGA-1,0,17,5,16258,4513
GCACAAGTGGATCATA-1,0,16,6,16145,4316
GGGCGAATTTCTCCAC-1,0,17,7,16031,4513
ATGTTCCTGCCCACCT-1,0,16,8,15918,4315
GCTCAACCTCTTAGAG-1,0,17,9,15804,4512
ATAGCTGCTCTTGTTA-1,0,16,10,15691,4314
CGTCAGCTATTTACTC-1,0,17,11,15577,4511
ATCTGATAGTGTCTTA-1,0,16,12,15464,4313
TGCACTATGTGAGTGC-1,0,17,13,15350,4511
CCGACAAACACATGAG-1,0,16,14,15237,4313
GCCTTGTATATGCAGT-1,0,17,15,15123,4510
ATAATACCGTTAGCCG-1,0,16,16,15010,4312
ACACTCCAATGTCACT-1,0,17,17,14896,4509
AGTTGCTGACTGATAT-1,0,16,18,14783,4311
GGCGCTCCTCATCAAT-1,0,17,19,14668,4509
TGCCTGACATCGGTCA-1,0,16,20,14556,4311
TTGGCCATCTTGCGCT-1,1,17,21,14441,4508
CAGTGGTTGCACATGA-1,1,16,22,14328,4310
AGAATTGTTTGACATA-1,1,17,23,14214,4507
AAATGCTCGTTACGTT-1,1,16,24,14101,4309
CACCTAATAGAGTCGT-1,1,17,25,13987,4507
CATTTCTAGCAGACTA-1,1,16,26,13874,4309
CCGAAAGTGGTGAGCA-1,1,17,27,13760,4506
AGTCAGCCACCGCCTG-1,1,16,28,13647,4308
TCATCACTCGAGCTCG-1,1,17,29,13533,4505
CTCAGGACTCACCTGT-1,1,16,30,13420,4307
CGGTGTACTTGATCCC-1,1,17,31,13306,4504
CCTACGGCTCAGTCGA-1,1,16,32,13193,4307
GTACTTGGGCACTTCT-1,1,17,33,13079,4504
TGATTTCCTCCTGACG-1,1,16,34,12966,4306
CCTCACCAATCTTGAC-1,1,17,35,12852,4503
GGTGAGATGCAGATAA-1,1,16,36,12739,4305
GCTAGTTTCATTGAGG-1,1,17,37,12625,4502
AGGACATCGCACGTCG-1,1,16,38,12512,4304
GTGGACGTGCTGAGAC-1,1,17,39,12398,4502
TAAGGAACTTGTGGGA-1,1,16,40,12285,4304
TCGCTGTGCGTAAATC-1,1,17,41,12171,4501
GCATCCCTAACTTTGA-1,1,16,42,12058,4303
CACCCACACGTCACCC-1,1,17,43,11943,4500
CCCTCATTCTGGAATT-1,1,16,44,11831,4302
AGGGCGTGATCGGCTA-1,1,17,45,11716,4500
GGTGCGGATAAGTGGC-1,1,16,46,11603,4302
TAATATTGAAATTCGC-1,1,17,47,11489,4499
CTTACACTGGGAAATA-1,1,16,48,11376,4301
ACCAAGAACGCGTGTC-1,1,17,49,11262,4498
GCCTTCAGCCCTACCG-1,1,16,50,11149,4300
GATGCTACAAGCGCCT-1,1,17,51,11035,4497
CCGGGACCCGCAGAGA-1,1,16,52,10922,4300
GTTCCAGTCTGACCAT-1,1,17,53,10808,4497
ATGATCGGGAATAGAC-1,1,16,54,10695,4299
TTGGATTGGGTACCAC-1,1,17,55,10581,4496
TACCTCACGCTTGTAC-1,1,16,56,10468,4298
CATGGCAGGAAGATCG-1,1,17,57,10354,4495
ATGACGCCGGCTCTAA-1,1,16,58,10241,4297
AGCGACATCCCATTCA-1,1,17,59,10127,4495
AGTAATGTCTTGCCGC-1,1,16,60,10014,4297
TTCTTAGTGGCTCAGA-1,0,17,61,9900,4494
CGTCTGGAAGGGCCCG-1,0,16,62,9787,4296
ACGTGCGCCTCGTGCA-1,0,17,63,9673,4493
AGAGCGGGCTAATCAT-1,0,16,64,9560,4295
GCGTCGAAATGTCGGT-1,0,17,65,9446,4493
AACTGATATTAGGCCT-1,0,16,66,9333,4295
CGAGCTGGGCTTTAGG-1,0,17,67,9218,4492
GGGTGTTTCAGCTATG-1,0,16,68,9106,4294
TTAATTTCAGACGCGG-1,0,17,69,8991,4491
ACTGCCGTCGTAACTC-1,0,16,70,8878,4293
GTGCACGAAAGTGACT-1,0,17,71,8764,4490
ATCTCCCTGCAATCTA-1,0,16,72,8651,4293
ACGCCAGATGATTTCT-1,0,17,73,8537,4490
AGCTATTTAATCCAAC-1,0,16,74,8424,4292
CCACGAGAAGAGAATC-1,0,17,75,8310,4489
GATTCCGCGTTTCCGT-1,0,16,76,8197,4291
GTCGGATGTAGCGCGC-1,0,17,77,8083,4488
TATTTATACCGAGTAG-1,0,16,78,7970,4290
GTAGGTGATCCGTGTA-1,0,17,79,7856,4488
AGTTAAGCGGTCCCGG-1,0,16,80,7743,4290
CTGGCGACATAAGTCC-1,0,17,81,7629,4487
TTGGCCTAGAATTTCG-1,0,16,82,7516,4289
GGCATATCGGTTCTGC-1,0,17,83,7402,4486
GGGCGTCCACTGGCTC-1,0,16,84,7289,4288
TTACCCATTGCCGGGT-1,0,17,85,7175,4486
TTAGACACGATCGTTG-1,0,16,86,7062,4288
GCGCTGATCCAGACTC-1,0,17,87,6948,4485
TTCGGCAACCCGCTGA-1,0,16,88,6835,4287
GATATTTCCTACATGG-1,0,17,89,6721,4484
CTGCGTTACGATATAA-1,0,16,90,6608,4286
TAATAAACAAGGAGAT-1,0,17,91,6493,4484
AACCTTTACGACGTCT-1,0,16,92,6381,4286
AGTCCCGCCTTTAATT-1,0,17,93,6266,4483
TGAGATTAGGCCCTAA-1,0,16,94,6153,4285
AGTGTATTGCGCATTG-1,0,17,95,6039,4482
GTTGGATTCAGTGGCT-1,0,16,96,5926,4284
TAAAGCTGCAATAGGG-1,0,17,97,5812,4481
AGTAGGAAGGAAGTTG-1,0,16,98,5699,4284
TATCACTTCGAGTAAC-1,0,17,99,5585,4481
TGATCTACGCTGATCT-1,0,16,100,5472,4283
GGATCATCCCGTACGC-1,0,17,101,5358,4480
TGACACTTCTCTTTGC-1,0,16,102,5245,4282
AGCCCTTCTAATCCGA-1,0,17,103,5131,4479
CACCGCGTCCACTCTA-1,0,16,104,5018,4281
TAATTGGAATCGGGAA-1,0,17,105,4904,4479
TCGTAAGCTCCGAGGA-1,0,16,106,4791,4281
TATATTACAAATGTCG-1,0,17,107,4677,4478
CGCGAGAGGGACTTGT-1,0,16,108,4564,4280
GGACCTACGGTAACGT-1,0,17,109,4450,4477
GAAATATGCTTGAATG-1,0,16,110,4337,4279
CCGTATTAGCGCAGTT-1,0,17,111,4223,4477
AGGCGTCTATGGACGG-1,0,16,112,4110,4279
AACATCGATACGTCTA-1,0,17,113,3996,4476
TGAATATGCTATAAAC-1,0,16,114,3883,4278
ACCAAACACCCAGCGA-1,0,17,115,3768,4475
TGGCTTGTACAAGCTT-1,0,16,116,3656,4277
GAATGAAGGTCTTCAG-1,0,17,117,3541,4474
AGATACCAGCACTTCA-1,0,16,118,3428,4277
GCGGTCCCGGTGAAGG-1,0,17,119,3314,4474
GAGGCATTTGCAGCAG-1,0,16,120,3201,4276
GGCAAGCCAGGGATAG-1,0,17,121,3087,4473
TCTACGGGCTCAGTTG-1,0,16,122,2974,4275
TCTGCGAATCGTTCGC-1,0,17,123,2860,4472
AGCTCGTTGATGGAAA-1,0,16,124,2747,4274
TGAATGAGATACAGCA-1,0,17,125,2633,4472
ACCCTTGCCTGGGTCG-1,0,16,126,2520,4274
GGCGAACCGTTCTGAT-1,0,17,127,2406,4471
GCGATGTCTGTGCTTG-1,0,18,0,16825,4713
ATTAACACCTGAGATA-1,0,19,1,16711,4910
GAAATCTGACCAAGTT-1,0,18,2,16598,4712
CCTGACAAACTCGCGC-1,0,19,3,16484,4909
ATGTCATTTCCCATTG-1,0,18,4,16371,4711
GCGGTGCGGAGCATCG-1,0,19,5,16257,4909
CGGAAAGCAAATGTGC-1,0,18,6,16144,4711
GCTGAGCAACGGTTCT-1,0,19,7,16030,4908
TCACTCTTCGTCTGTC-1,0,18,8,15917,4710
GATCTTCATTGTCCTC-1,0,19,9,15803,4907
ACTCGATGTATTTCAT-1,0,18,10,15690,4709
TGAAGAGCGGTCCTAG-1,0,19,11,15576,4907
TAAACGTCGTCAATGA-1,0,18,12,15463,4709
ACGTTATTGGTCACTC-1,0,19,13,15349,4906
ATAGCCTCAGTACCCA-1,0,18,14,15236,4708
CGGGAGTATACCGCCG-1,0,19,15,15121,4905
GTCCTACAGGCGGCTC-1,0,18,16,15008,4707
CGGATAAGCGGACATG-1,0,19,17,14894,4904
AACTTCTGCGTCTATC-1,0,18,18,14781,4707
GGGTTCAGACGAACAA-1,1,19,19,14667,4904
AGTCTGGACATCCTTG-1,1,18,20,14554,4706
TTGAACGAATCCTTTG-1,1,19,21,14440,4903
GAAATACTAAACGTTT-1,1,18,22,14327,4705
CCCGCGCAATGCACCC-1,1,19,23,14213,4902
TTCGGCTAGAGATGGT-1,1,18,24,14100,4704
GACACGAGTTAGAGGA-1,1,19,25,13986,4902
GAGGTCCCAAAGATCT-1,1,18,26,13873,4704
TAACTCCATGGAGGCT-1,1,19,27,13759,4901
CTTGTTTATGTAGCCA-1,1,18,28,13646,4703
GATGGCGCACACATTA-1,1,19,29,13532,4900
ATAATAGTGTAGGGAC-1,1,18,30,13419,4702
CGCTATTCAATGTATG-1,1,19,31,13305,4900
ATATTGCTGTCAAAGT-1,1,18,32,13192,4702
GGATTCAGTACGGTGG-1,1,19,33,13078,4899
TTCTTAGTGAACGGTG-1,1,18,34,12965,4701
AATGGTTCTCACAAGC-1,1,19,35,12851,4898
TATACACGCAAAGTAT-1,1,18,36,12738,4700
CTTCATAGCTCAAGAA-1,1,19,37,12624,4897
CAACGGTTCTTGATAC-1,1,18,38,12511,4700
ACACCCGAGAAATCCG-1,1,19,39,12396,4897
TCTATCATGCAGTTAC-1,1,18,40,12283,4699
CCCGCCATGCTCCCGT-1,1,19,41,12169,4896
CGCTTCCACTGAAATC-1,1,18,42,12056,4698
CACTGTCCAAGTGAGA-1,1,19,43,11942,4895
ATTACTAGCCTCTTGC-1,1,18,44,11829,4697
CATAGTAGCATAGTAG-1,1,19,45,11715,4895
CAACTCCTTGATCCCG-1,1,18,46,11602,4697
AAGTAGAAGACCGGGT-1,1,19,47,11488,4894
GCGGGAACCAGGCCCT-1,1,18,48,11375,4696
ATTAGATTGATAGCGG-1,1,19,49,11261,4893
CTCGGTCCGTAGCCTG-1,1,18,50,11148,4695
TGGCTTTGGGTAGACA-1,1,19,51,11034,4893
TATCCATATCATGCGA-1,1,18,52,10921,4695
GGAGTGCCGCCCTGGA-1,1,19,53,10807,4892
TGAGAATGCTTTACCG-1,1,18,54,10694,4694
TTAACCAACCCTCCCT-1,1,19,55,10580,4891
TGTTTCGGTACTTCTC-1,1,18,56,10467,4693
TTGCTGAAGGAACCAC-1,1,19,57,10353,4890
TATTTAGTCTAGATCG-1,1,18,58,10240,4693
CTCCGGCCTAATATGC-1,1,19,59,10126,4890
TTGTGGCCCTGACAGT-1,1,18,60,10013,4692
TCGCCGGTCGATCCGT-1,0,19,61,9899,4889
CCATAGGTTGGCGTGG-1,0,18,62,9786,4691
GAACGACCGAATGATA-1,0,19,63,9671,4888
TCCGATAATTGCCATA-1,0,18,64,9558,4690
CATTACGTCGGCCCGT-1,0,19,65,9444,4888
CAAGCACCAAATGCCT-1,0,18,66,9331,4690
TGCATGGATCGGATCT-1,0,19,67,9217,4887
GAAATCGCGCGCAACT-1,0,18,68,9104,4689
CTGAAAGAGATCCGAC-1,0,19,69,8990,4886
CACCTCGATGGTGGAC-1,0,18,70,8877,4688
ATTTGTTCCAGGGCTC-1,0,19,71,8763,4886
TGGGCCACAAGAGCGC-1,0,18,72,8650,4688
CCTTCTTGATCCAGTG-1,0,19,73,8536,4885
CCTCGCCAGCAAATTA-1,0,18,74,8423,4687
TTCATGGCGCAACAGG-1,0,19,75,8309,4884
TTAATCAGTACGTCAG-1,0,18,76,8196,4686
CCTATCTATATCGGAA-1,0,19,77,8082,4884
ATTATACTTTGCTCGT-1,0,18,78,7969,4686
ATGGATCCGGCGTCCG-1,0,19,79,7855,4883
CGCCCGCTTCCGTACA-1,0,18,80,7742,4685
GGATTCCGCTATACCC-1,0,19,81,7628,4882
CGGTCTATCAACCCGT-1,0,18,82,7515,4684
ATGCCGGTTGATGGGA-1,0,19,83,7401,4881
TCATGCAGGTTCTCAT-1,0,18,84,7288,4684
TGAGCTTTAATGACGC-1,0,19,85,7174,4881
TCCCTTAGATTACTCG-1,0,18,86,7061,4683
ATATCTCCCTCGTTAA-1,0,19,87,6946,4880
AGCTCTTCCCAGTGCA-1,0,18,88,6833,4682
TCGCTAAACCGCTATC-1,0,19,89,6719,4879
CACATTCTTTCGATGG-1,0,18,90,6606,4681
GATATGCGGTAGCCAA-1,0,19,91,6492,4879
CGTTTCACTTCGGGCG-1,0,18,92,6379,4681
CCAATTACGGGTCGAG-1,0,19,93,6265,4878
GCAGGTAGAGTATGGT-1,0,18,94,6152,4680
GTCGTATTGGCGTACA-1,0,19,95,6038,4877
GAAATTAGCACGGATA-1,0,18,96,5925,4679
AATGCACCAAGCAATG-1,0,19,97,5811,4877
AGGACGCTCGATGTTG-1,0,18,98,5698,4679
GGCTAAAGGGCGGGTC-1,0,19,99,5584,4876
CATCTATCCCGTGTCT-1,0,18,100,5471,4678
CAGTAACTATTTATTG-1,0,19,101,5357,4875
CATATACTACTGATAA-1,0,18,102,5244,4677
GCGTTCGGAGACCGGG-1,0,19,103,5130,4874
AAGTTCAGTCTGCGTA-1,0,18,104,5017,4677
CGAAGCTATAAATTCA-1,0,19,105,4903,4874
CGCGGTCACAAACCAA-1,0,18,106,4790,4676
GGGAATGAGCCCTCAC-1,0,19,107,4676,4873
ACGGAGCGCAAATTAC-1,0,18,108,4563,4675
CGTTCTTCGCACACCT-1,0,19,109,4448,4872
GAATAGCCCTGCGGTC-1,0,18,110,4336,4674
AATAGCTACCGCGTGC-1,0,19,111,4221,4872
CCGAGCTGTGCTTGTC-1,0,18,112,4108,4674
GATGACGATGATCGCG-1,0,19,113,3994,4871
GCCTATGCTGGGCCTT-1,0,18,114,3881,4673
TTACTGTCTAGAGCTC-1,0,19,115,3767,4870
AGCGGTTGCCGCTCTG-1,0,18,116,3654,4672
GCTTGCAGCACAATTG-1,0,19,117,3540,4870
CCGGAGGTCTTATGGT-1,0,18,118,3427,4672
ACAGTATACCGTGGGA-1,0,19,119,3313,4869
GGGATCCCAATACAAA-1,0,18,120,3200,4671
ATTACGACTCCACAGT-1,0,19,121,3086,4868
CTCACACGCAAGCCTA-1,0,18,122,2973,4670
CCAGATGTAAATGGGT-1,0,19,123,2859,4867
GAACTTGTGCACGGGA-1,0,18,124,2746,4670
AAGCCGCTTTACCTTG-1,0,19,125,2632,4867
TCCATTCCCACTAGAG-1,0,18,126,2519,4669
AGAGCGCTTGTAACGG-1,0,19,127,2405,4866
TGGGTTCCCGGACGGA-1,0,20,0,16824,5108
GCTGCGCCTCCCACGT-1,0,21,1,16710,5305
CTGTTGGCTCTTCTGA-1,0,20,2,16597,5107
TTGTTCTAGATACGCT-1,0,21,3,16483,5304
CCCTCAAGCTCTTAGT-1,0,20,4,16370,5107
TGGTCTAGCTTACATG-1,0,21,5,16256,5304
ATGCACCTTCCTTAAT-1,0,20,6,16143,5106
GGGATACGGTAATAAT-1,0,21,7,16029,5303
AGTTCACCGGTTGGAC-1,0,20,8,15916,5105
GACATACTGTCGCAGA-1,0,21,9,15801,5302
TGGACACCGTTGCTTG-1,0,20,10,15689,5104
TGCGATGCTAATGGCT-1,0,21,11,15574,5302
TTCTGTTTCCTGTCGC-1,0,20,12,15461,5104
CGTTGTAAACGTCAGG-1,0,21,13,15347,5301
GATCGGCGATAAGTCG-1,0,20,14,15234,5103
AGCCTTAAAGCGGAAG-1,0,21,15,15120,5300
TCCGTAACCACAATCC-1,0,20,16,15007,5102
GAATGCCGAAATGACC-1,1,21,17,14893,5300
TATACTCATGCGGCAA-1,1,20,18,14780,5102
TAGTGTCAGAAACGGC-1,1,21,19,14666,5299
CGTCATACCATATCCA-1,1,20,20,14553,5101
TAGTACCTTAGTGGTC-1,1,21,21,14439,5298
CTGGCGGGAATAAGTA-1,1,20,22,14326,5100
AGTGTGGTCTATTGTG-1,1,21,23,14212,5297
GCTATCGCGGCGCAAC-1,1,20,24,14099,5100
CAGTAATCCCTCCCAG-1,1,21,25,13985,5297
GTATTAAGGCGTCTAA-1,1,20,26,13872,5099
CTAATTTCAACAACAC-1,1,21,27,13758,5296
TTAGCAACATGGATGT-1,1,20,28,13645,5098
ATGCTCAGTGTTGCAT-1,1,21,29,13531,5295
GATGTTTGTGCGAGAT-1,1,20,30,13418,5097
CACTTCGCCACAGGCT-1,1,21,31,13304,5295
CTGTATGGTGTAGAAA-1,1,20,32,13191,5097
TACGTGCACTATGCTG-1,1,21,33,13076,5294
GTATCAGCTTGGGTTC-1,1,20,34,12964,5096
TAACAAAGGGAGAAGC-1,1,21,35,12849,5293
TTACATCGTGGCCTGG-1,1,20,36,12736,5095
TCTGAACCGGTCGGCT-1,1,21,37,12622,5293
GGCTCGTGCCACCAGC-1,1,20,38,12509,5095
TATAAGTGAGGATAGC-1,1,21,39,12395,5292
GCCCGCGCGTTTGACA-1,1,20,40,12282,5094
TGCTGGTTGGACAATT-1,1,21,41,12168,5291
GCCTAGCGATCTGACC-1,1,20,42,12055,5093
CCATGCTCTGCAGGAA-1,1,21,43,11941,5290
TATAAATCCACAAGCT-1,1,20,44,11828,5093
CGCTCGACATAATGAT-1,1,21,45,11714,5290
CCAATTGAATGTTAAT-1,1,20,46,11601,5092
GCTAATACCGAATGCC-1,1,21,47,11487,5289
TTCAACGACCCGACCG-1,1,20,48,11374,5091
TTCCTCGAGGGTGTCT-1,1,21,49,11260,5288
CAACGACCCGTTTACA-1,1,20,50,11147,5090
CTTGTACTTGTTGACT-1,1,21,51,11033,5288
TCTCTAATAGCTGGTA-1,1,20,52,10920,5090
ATTATGCCATAGGGAG-1,1,21,53,10806,5287
GACAACGCAGCTTACG-1,1,20,54,10693,5089
AGATGACTCGCCCACG-1,1,21,55,10579,5286
GTGCGGGTCTCCAAAT-1,1,20,56,10466,5088
GTACGAGATTGCGACA-1,1,21,57,10351,5286
GTATAGGACTCAGTAG-1,1,20,58,10239,5088
TTGCACGGAGCAGCAC-1,1,21,59,10124,5285
CACAGCTAGGGAGTGA-1,1,20,60,10011,5087
ATACTAGCATGACCCT-1,0,21,61,9897,5284
CCAAGACTTCTGCGAA-1,0,20,62,9784,5086
ACATAATAAGGCGGTG-1,0,21,63,9670,5284
TAATACACAGTAGTAT-1,0,20,64,9557,5086
TCTTGGTAACACCAAA-1,0,21,65,9443,5283
AACTGGGTCCCGACGT-1,0,20,66,9330,5085
ATCACTTCATCCTCGC-1,0,21,67,9216,5282
TGGAAGGATAAAGATG-1,0,20,68,9103,5084
CATGATGCACAATTCT-1,0,21,69,8989,5281
TGCCTGATCAAACGAT-1,0,20,70,8876,5084
ATAGGGATATCCTTGA-1,0,21,71,8762,5281
CACCTAATCAGTTTAC-1,0,20,72,8649,5083
TGTGACTACGCCAGTC-1,0,21,73,8535,5280
CCCGACCATAGTCCGC-1,0,20,74,8422,5082
CGCGCCCGACTTAATA-1,0,21,75,8308,5279
TGCCACCTGGCGAAAC-1,0,20,76,8195,5081
CTGCCAAGGTTGGAAG-1,0,21,77,8081,5279
TCTCCAACGTAGGTTA-1,0,20,78,7968,5081
TTCTTGGAGTAATGAG-1,0,21,79,7854,5278
GTCTCGATCTGCTTTC-1,0,20,80,7741,5080
TACTCTCCGAACAAAT-1,0,21,81,7626,5277
ATCACATTAGAATATC-1,0,20,82,7514,5079
TACGGGATGCTAGCAG-1,0,21,83,7399,5277
AGCTGAAGTAAACCAA-1,0,20,84,7286,5079
CATGGGTCGGGTGTGG-1,0,21,85,7172,5276
CACCCACGAGGCAATT-1,0,20,86,7059,5078
TGCCATTACTAAAGAA-1,0,21,87,6945,5275
CCGTTACGTTAGAACA-1,0,20,88,6832,5077
GCCAGGAGTAACCGAT-1,0,21,89,6718,5274
GGAAAGTGCCCATGCC-1,0,20,90,6605,5077
TCTTACCGGAACTCGT-1,0,21,91,6491,5274
TATGTCAAGACCGACT-1,0,20,92,6378,5076
CCTAACTAAGGCTCTA-1,0,21,93,6264,5273
GCGGTGAACTGCGCTC-1,0,20,94,6151,5075
CCTCGCGCGATATAGG-1,0,21,95,6037,5272
ATCGGCAAGCAGTCCA-1,0,20,96,5924,5074
AGATCGTGCATAAGAT-1,0,21,97,5810,5272
ATTCAGGACCTATTTC-1,0,20,98,5697,5074
AGCTAGAAGCAGAAGT-1,0,21,99,5583,5271
TTCGCTATCTGACGTG-1,0,20,100,5470,5073
TTCCGCAGAGAAATAT-1,0,21,101,5356,5270
CAGTACATTCTCTAAA-1,0,20,102,5243,5072
GTGAAGATTTCAAGTG-1,0,21,103,5129,5270
AACGCATGATCTGGGT-1,0,20,104,5016,5072
CCCAGAGGAGGGCGTA-1,0,21,105,4901,5269
GGAAACCTTGTTGAAT-1,0,20,106,4789,5071
GTGAAGCCGTATAGTC-1,0,21,107,4674,5268
GAGCTGTCGTCTCGGA-1,0,20,108,4561,5070
TGTCATTTGTTGGGAA-1,0,21,109,4447,5267
ACCAACACCACACACT-1,0,20,110,4334,5070
AAATGATTCGATCAGC-1,0,21,111,4220,5267
CTGCTTTATGTCCGCG-1,0,20,112,4107,5069
GCGAGAGGCCATGTAA-1,0,21,113,3993,5266
ATTGACCGGCGATGAC-1,0,20,114,3880,5068
ACCCTGGTAACGCCCT-1,0,21,115,3766,5265
GTTGGACCGCATCAGG-1,0,20,116,3653,5067
CGTTTACAAGGCAGCT-1,0,21,117,3539,5265
CGGTCCATGAGACTCC-1,0,20,118,3426,5067
GTTCGTCTGGGTCCCT-1,0,21,119,3312,5264
TGTACTACTCTCACGG-1,0,20,120,3199,5066
AGTGAAGATGGTGTCC-1,0,21,121,3085,5263
GAGGGCCATAATATTA-1,0,20,122,2972,5065
ACTCCCGTAGACTAGG-1,0,21,123,2858,5263
CGTCAAATGGTCGCAG-1,0,20,124,2745,5065
AAGTCTAGTAGCTGCC-1,0,21,125,2631,5262
AAGAAATCACCAGATT-1,0,20,126,2518,5064
GAGTGCACGGACAACA-1,0,21,127,2404,5261
GTTCAAATCAGATGTC-1,0,22,0,16823,5503
CATGGCTCCCTATGTC-1,0,23,1,16709,5700
GGCCACACGAAAGCCT-1,0,22,2,16596,5502
GAAGCCGGGTAAGCTC-1,0,23,3,16482,5700
TTGCGCTCTCTCGCTT-1,0,22,4,16369,5502
TACATGACCTTATCCG-1,0,23,5,16254,5699
GTCCTTCTACAACCCA-1,0,22,6,16141,5501
TATATGCTGGGTTGCC-1,0,23,7,16027,5698
GTTTATGGGATTTAGA-1,0,22,8,15914,5500
GGAACCCGAACAAGAA-1,0,23,9,15800,5697
AACGTTATCAGCACCT-1,0,22,10,15687,5500
CATCGTCCGGTTACTA-1,0,23,11,15573,5697
AGACAGCTCAGAATCC-1,0,22,12,15460,5499
GCAGATCCTCGCAAAT-1,0,23,13,15346,5696
GGGTCATGCGTACCAT-1,0,22,14,15233,5498
CTGGTCATTCCAATCC-1,0,23,15,15119,5695
TCAGGGCGCAAACTCG-1,1,22,16,15006,5497
GATGCCAGCAGAAGGC-1,1,23,17,14892,5695
GTTATTAACGTGGGAG-1,1,22,18,14779,5497
AATACAATGTTTCAGG-1,1,23,19,14665,5694
TTGCTGCACCTATCCA-1,1,22,20,14552,5496
CCAGAGACAAAGCCGG-1,1,23,21,14438,5693
CCGAAGTATATTGTTC-1,1,22,22,14325,5495
GCTAAACCTGAGGTGA-1,1,23,23,14211,5693
TCATACTTACAGATCC-1,1,22,24,14098,5495
CGAGCACTTCAAGTTT-1,1,23,25,13984,5692
TAGCAACCTGTCACAA-1,1,22,26,13871,5494
TGGGAAATGCCTTTCC-1,1,23,27,13756,5691
AGACCATGGGATACAA-1,1,22,28,13644,5493
TAAATGAATCCGTTTC-1,1,23,29,13529,5691
ACAACGGTCCCTGCGA-1,1,22,30,13416,5493
GTCACTCTCCAAATCT-1,1,23,31,13302,5690
TTCTACTTGCGAGGGC-1,1,22,32,13189,5492
CGCAATTACTTTCGGT-1,1,23,33,13075,5689
CTGTTCATCTCACGGG-1,1,22,34,12962,5491
TTCTTGTAACCTAATG-1,1,23,35,12848,5688
GCTTGATGATAATCAG-1,1,22,36,12735,5491
TTGGCTCGCATGAGAC-1,1,23,37,12621,5688
GCCCAGTTGGTATGCC-1,1,22,38,12508,5490
ATTCCTCCGCCAGTGC-1,1,23,39,12394,5687
TCGTCCGCTGGCGTCT-1,1,22,40,12281,5489
GGAGAAGTCATTGGCA-1,1,23,41,12167,5686
TTGTTAGCAAATTCGA-1,1,22,42,12054,5488
TCTAGCATCTTCGATG-1,1,23,43,11940,5686
TTCTAGGCCAATTGTG-1,1,22,44,11827,5488
TCACGGTCATCGCACA-1,1,23,45,11713,5685
ATGAAGCCAAGGAGCC-1,1,22,46,11600,5487
AATGACTGTCAGCCGG-1,1,23,47,11486,5684
CCAAACAGAACCCTCG-1,1,22,48,11373,5486
TATCGATGATTAAACG-1,1,23,49,11259,5684
GAACACACATCAACCA-1,1,22,50,11146,5486
CCCGTCAGCGTCTGAC-1,1,23,51,11031,5683
AGCATCGTCGATAATT-1,1,22,52,10919,5485
GACTAAGATCATGCAC-1,1,23,53,10804,5682
TAGGGTGTTTCAAGAG-1,1,22,54,10691,5484
TGGTTCGTAGCAAAGG-1,1,23,55,10577,5681
CTGTTCACTGCCTGTG-1,1,22,56,10464,5484
ATGTGCATCCGACGCA-1,1,23,57,10350,5681
TTGTCGTTCAGTTACC-1,1,22,58,10237,5483
CGGGATCAATGTAAGA-1,1,23,59,10123,5680
TTATCTGTATCATAAC-1,0,22,60,10010,5482
ATCGACTCTTTCCGTT-1,0,23,61,9896,5679
CTCATTTGATGGGCGG-1,0,22,62,9783,5481
GTAAGCGGGCAGTCAG-1,0,23,63,9669,5679
TCTATCGGTCGCAACA-1,0,22,64,9556,5481
AACGCGGTCTCCAGCC-1,0,23,65,9442,5678
ATTAATACTACGCGGG-1,0,22,66,9329,5480
CTTTAACTTTCAAAGG-1,0,23,67,9215,5677
CGTACCTGATAGGCCT-1,0,22,68,9102,5479
GAATGTTGGGTAATCT-1,0,23,69,8988,5677
TGCGGAGTAAAGGTGC-1,0,22,70,8875,5479
CCTGAATATTTACATA-1,0,23,71,8761,5676
TTGCTCCCATACCGGA-1,0,22,72,8648,5478
CCTCTAATCTGCCAAG-1,0,23,73,8534,5675
AGGTTGAGGCACGCTT-1,0,22,74,8421,5477
TCCCGTCAGTCCCGCA-1,0,23,75,8306,5674
TCCGATGACTGAGCTC-1,0,22,76,8194,5477
CAGCCTCCTGCAGAGG-1,0,23,77,8079,5674
CTTAGCCTTCCACATG-1,0,22,78,7966,5476
ATTAATGAACCAGTCG-1,0,23,79,7852,5673
ACGATACATAGAACTA-1,0,22,80,7739,5475
AGCCACTCCCGTGCTT-1,0,23,81,7625,5672
ATACGGGTTTCGATTG-1,0,22,82,7512,5474
CTGTCAAATGGCTCGG-1,0,23,83,7398,5672
GCTCGGAATTTAAAGC-1,0,22,84,7285,5474
TAGGCATGTTACGCCA-1,0,23,85,7171,5671
TGGCAACTCGCGCGCC-1,0,22,86,7058,5473
ATCAGTAGGCAGGGAT-1,0,23,87,6944,5670
TATCGATCTATGCATA-1,0,22,88,6831,5472
CGACTCAGGATGTTAT-1,0,23,89,6717,5670
GCCATATTGCACACAG-1,0,22,90,6604,5472
AATTCATAAGGGATCT-1,0,23,91,6490,5669
CGGTAGAGGTGCAGGT-1,0,22,92,6377,5471
AATGATGATACGCTAT-1,0,23,93,6263,5668
CTTGTGCTCACCGATT-1,0,22,94,6150,5470
TTCCAATCAGAGCTAG-1,0,23,95,6036,5667
CGATGGACCCTACGCC-1,0,22,96,5923,5470
GGTCGGATAAACGGCG-1,0,23,97,5809,5667
TTAGCTAATACGATCT-1,0,22,98,5696,5469
CTCGATATTTGCGAGC-1,0,23,99,5581,5666
ATTACTTACTGGGCAT-1,0,22,100,5469,5468
CTAGCCGATGTTATGA-1,0,23,101,5354,5665
TACTGCAATCAATTAC-1,0,22,102,5241,5467
TAGTCTGTGACGTTGC-1,0,23,103,5127,5665
CTCGTTTCTAATGTTT-1,0,22,104,5014,5467
TTCGTTCAACGAAGTT-1,0,23,105,4900,5664
CTGAATTTATTGCCAG-1,0,22,106,4787,5466
TGGAATATCCTTGACC-1,0,23,107,4673,5663
CAGATCATTTAAAGTC-1,0,22,108,4560,5465
CTCCTTTACGCAAGTC-1,0,23,109,4446,5663
TCCCAAACAGACAACG-1,0,22,110,4333,5465
ATCGCTGCGTGCAGCA-1,0,23,111,4219,5662
TTAGTTCAAGTGTTCG-1,0,22,112,4106,5464
AAACTCGTGATATAAG-1,0,23,113,3992,5661
TTAACGAACAAGCAGT-1,0,22,114,3879,5463
GTTATATCAGGAGCCA-1,0,23,115,3765,5661
CAAATTGGATTATGCC-1,0,22,116,3652,5463
CGAGGAGCTTCCATAT-1,0,23,117,3538,5660
GGAGACCAATGTGCTT-1,0,22,118,3425,5462
CATTGATGAACACGCC-1,0,23,119,3311,5659
GTCAATGCTATAATTT-1,0,22,120,3198,5461
ACCACCCTCTCTTCTA-1,0,23,121,3084,5658
TGGAGGGAAACACCTC-1,0,22,122,2971,5461
CACGGACGTGGATGGC-1,0,23,123,2856,5658
AACTTTCTCGATCATG-1,0,22,124,2744,5460
CGTATTGTTTCCTAAT-1,0,23,125,2629,5657
CCTACTGCGGCGGCCA-1,0,22,126,2516,5459
CTTAGGTCCCAATCGT-1,0,23,127,2402,5656
CGCAATCGATCATTAG-1,0,24,0,16822,5898
TGGTTATGCTTGCGGT-1,0,25,1,16707,6095
GGCTTGGCTCTCACCT-1,0,24,2,16594,5897
ATTGGTAGGATCCGCT-1,0,25,3,16480,6095
TCAGGGCGACTTCCTT-1,0,24,4,16367,5897
TCTGCAGATTCGAGTC-1,0,25,5,16253,6094
CTCTCGCTGTACTATG-1,0,24,6,16140,5896
AATAGTCGCGAGTCGG-1,0,25,7,16026,6093
AGTTACCCTTAAGACT-1,0,24,8,15913,5895
CTTAAATAAGACCCAT-1,0,25,9,15799,6093
GGTTGTGCTCTTGTCC-1,0,24,10,15686,5895
GTGAGTCTAAGACGGA-1,0,25,11,15572,6092
CGCGACACTGCGCAGC-1,0,24,12,15459,5894
GCTCGCGGTTCCGCTC-1,0,25,13,15345,6091
TTAACTCACGCGTGGA-1,0,24,14,15232,5893
GGAACGGCCTGCAGCC-1,0,25,15,15118,6091
GTAGAAACGGGTGGAG-1,1,24,16,15005,5893
TAATGAAAGACCCTTG-1,1,25,17,14891,6090
AGGCTTGCTAGACACC-1,1,24,18,14778,5892
TTGCGTAGTTTGAGGA-1,1,25,19,14664,6089
CGCCCTTGAAGGCTGA-1,1,24,20,14551,5891
CCCGGTGGAAGAACCT-1,1,25,21,14437,6088
TTAACACCTCGAACAT-1,1,24,22,14324,5891
GATTCCTATACGGCGC-1,1,25,23,14209,6088
TTACCCTAACAGTCCT-1,1,24,24,14097,5890
ACCCACCTACATGCTC-1,1,25,25,13982,6087
AAAGGGCAGCTTGAAT-1,1,24,26,13869,5889
CACACAGGGATAGATT-1,1,25,27,13755,6086
AGAGCGTACAAGCTCG-1,1,24,28,13642,5888
TCTTACGGCATCCGAC-1,1,25,29,13528,6086
GCCTATTCCGATATAG-1,1,24,30,13415,5888
GAAAGTGACTAACTGC-1,1,25,31,13301,6085
CCGGAATGGTTTCAGT-1,1,24,32,13188,5887
AGTATAATACTAGGCA-1,1,25,33,13074,6084
TAACTATCGAAGGTCC-1,1,24,34,12961,5886
ATGAGGAGTGTTAATC-1,1,25,35,12847,6084
TGTGTCGCGAGTTGCA-1,0,24,36,12734,5886
ATCCAACGCAGTCATA-1,0,25,37,12620,6083
AAGGCGCGTAAAGCTT-1,1,24,38,12507,5885
AGTCGGCCCAAACGAC-1,1,25,39,12393,6082
AACGTCAGACTAGTGG-1,1,24,40,12280,5884
ACTACCAGCTCTCTGG-1,0,25,41,12166,6081
GCAAGTGCACAGAGAA-1,0,24,42,12053,5884
ACACCTTAAGTAGGGC-1,0,25,43,11939,6081
TTCGACGGGAAGGGCG-1,0,24,44,11826,5883
TTCGCACTCGCGTGCT-1,0,25,45,11712,6080
TATTTGTTACCCTTTA-1,1,24,46,11599,5882
CGCTGTGACGCCGCAC-1,1,25,47,11484,6079
GTTGCACGGAGTTTCG-1,1,24,48,11372,5881
GTTTCCTGGAGGGTGA-1,1,25,49,11257,6079
ACACCCAGCATGCAGC-1,1,24,50,11144,5881
TCAACCATGTTCGGGC-1,1,25,51,11030,6078
TTACAACTACGCATCC-1,1,24,52,10917,5880
TCCGATGGTGCGACAT-1,1,25,53,10803,6077
GGGCGTACATTTATAT-1,1,24,54,10690,5879
AGCGACCAACGATATT-1,1,25,55,10576,6077
ACACAAAGACGGGTGG-1,1,24,56,10463,5879
ATCGCACGCCGGGAGA-1,1,25,57,10349,6076
GCTCTAAACCCTGACG-1,1,24,58,10236,5878
AATGCAACCGGGTACC-1,1,25,59,10122,6075
TCAAACAACCGCGTCG-1,0,24,60,10009,5877
TATGCTCCCTACTTAC-1,0,25,61,9895,6074
AAAGGGATGTAGCAAG-1,0,24,62,9782,5877
ACGATCATACATAGAG-1,0,25,63,9668,6074
TTGTTCAGTGTGCTAC-1,0,24,64,9555,5876
ATGCATGATCCAGGAT-1,0,25,65,9441,6073
AGTCTTCTCCTCAAAT-1,0,24,66,9328,5875
GATTCCCTTGTCGCAG-1,0,25,67,9214,6072
CTCGCACCTATATAGT-1,0,24,68,9101,5874
ACTCAATAAAGGCACG-1,0,25,69,8987,6072
AACCGAGCTTGGTCAT-1,0,24,70,8874,5874
TAAGGCAACATAAGAT-1,0,25,71,8759,6071
CACGCACAGCGCAGCT-1,0,24,72,8647,5873
GGTTTACAATCTCAAT-1,0,25,73,8532,6070
TGCAGGATCGGCAAAG-1,0,24,74,8419,5872
ATAACGGAGTCCAACG-1,0,25,75,8305,6070
AACGATATGTCAACTG-1,0,24,76,8192,5872
GACAACGACCATTGAA-1,0,25,77,8078,6069
TTGACCATGTTCTCCG-1,0,24,78,7965,5871
AGTACGGGCACCTGGC-1,0,25,79,7851,6068
CGCCATCCGATTATGA-1,0,24,80,7738,5870
AAGGTATCCTAATATA-1,0,25,81,7624,6067
TGTTGTCAAGAAGTCT-1,0,24,82,7511,5870
CAGTGAATAAATGACT-1,0,25,83,7397,6067
CACCTTGCGAAACTCG-1,0,24,84,7284,5869
CATTTAGCGGACCATG-1,0,25,85,7170,6066
CCAGTCTAGACGGCGC-1,0,24,86,7057,5868
TCGCTTTAAACGTTTG-1,0,25,87,6943,6065
GTGAAACGGCGCCACC-1,0,24,88,6830,5867
GGGCTCATCGAACCCA-1,0,25,89,6716,6065
TTGATGTGTAGTCCCG-1,0,24,90,6603,5867
CAGTAGCCCACGCGGT-1,0,25,91,6489,6064
AGCGCGGGTGCCAATG-1,0,24,92,6376,5866
TAATCGATCCGTACGT-1,0,25,93,6262,6063
AGTGGCGGCAATTTGA-1,0,24,94,6149,5865
CCTTTCAATGAAGAAA-1,0,25,95,6034,6063
CTCAGTCACGACAAAT-1,0,24,96,5922,5865
ATAGGCTAGCTTCGCA-1,0,25,97,5807,6062
CGGTTCAAGTAGGTGT-1,0,24,98,5694,5864
CAGTCGAGGATGCAAT-1,0,25,99,5580,6061
TATCACCCAACCGACC-1,0,24,100,5467,5863
AATGATGCGACTCCTG-1,0,25,101,5353,6061
TGGAACCACTGACACA-1,0,24,102,5240,5863
GCCAATAGGGCATCTC-1,0,25,103,5126,6060
TTCTTTGGTCGCGACG-1,0,24,104,5013,5862
ATTAGATTCCTCAGCA-1,0,25,105,4899,6059
CCGTGGAACGATCCAA-1,0,24,106,4786,5861
GGGTCGTGGCAAGTGT-1,0,25,107,4672,6058
TCGCTCGGCACCAGCG-1,0,24,108,4559,5861
ACGCAATCACTACAGC-1,0,25,109,4445,6058
CTCTAATGCATTGATC-1,0,24,110,4332,5860
GTCTCGACTAAGTTTG-1,0,25,111,4218,6057
TGGTTTAAACGTGGGT-1,0,24,112,4105,5859
CGCAGATCTTCACCCG-1,0,25,113,3991,6056
TCCAGATGTACGCCAA-1,0,24,114,3878,5858
CATTGCGGGTCAATTC-1,0,25,115,3764,6056
GACGTTCGTAAATACA-1,0,24,116,3651,5858
TACACCGTCGTTAGTC-1,0,25,117,3537,6055
ACGGGCGTATGCGACA-1,0,24,118,3424,5857
GAAGGCTACCATTGTT-1,0,25,119,3309,6054
TAAATCTTTACACCTC-1,0,24,120,3197,5856
AGTTTATGTAAAGACA-1,0,25,121,3082,6054
AGGAGACATCCACAGT-1,0,24,122,2969,5856
CAACCTGAACCTGCCA-1,0,25,123,2855,6053
AGTCCCTCGCAGAAAG-1,0,24,124,2742,5855
TGTATACGGATGATGA-1,0,25,125,2628,6052
TTGTGGTATAGGTATG-1,0,24,126,2515,5854
TCTGCACCATTAGTAA-1,0,25,127,2401,6051
AAATGTATCTTATCCC-1,0,26,0,16820,6293
ACTCTAAACCTGGGAT-1,0,27,1,16706,6491
GCTGGCAGGTGCCGTG-1,0,26,2,16593,6293
CTCATTCGTGAACATC-1,0,27,3,16479,6490
TCGCCGGATGGGCAAG-1,0,26,4,16366,6292
GGACTAAGTCAGGAGT-1,0,27,5,16252,6489
TATCAAAGGTCTGTAA-1,0,26,6,16139,6291
TTCAGTTTGTGGCAGC-1,0,27,7,16025,6488
TGTTCATAAATGTGCT-1,0,26,8,15912,6291
CTTAGCCCGGATAGTG-1,0,27,9,15798,6488
GATGCGAATGGTATTA-1,0,26,10,15685,6290
TCTAACTGTATGTAAA-1,0,27,11,15571,6487
TTAAACCTGGTTCCTT-1,0,26,12,15458,6289
GCTAAGTAAAGGCGAT-1,0,27,13,15344,6486
AGTTACCGCACATGGT-1,0,26,14,15231,6288
GACTGCGGCACGTGTA-1,0,27,15,15117,6486
TGGTGATCGTATTTGT-1,0,26,16,15004,6288
TTATCGCCTGCGAAGC-1,0,27,17,14889,6485
TGGAATTAGACGCTTT-1,1,26,18,14777,6287
TCGTCACACTGTTAGC-1,1,27,19,14662,6484
TTATGTTTGCGATAGA-1,1,26,20,14549,6286
GGTGCTGATCACAAAG-1,1,27,21,14435,6484
CATAGCCGCCCGGGAT-1,1,26,22,14322,6286
GGTTAGTTACGGCGCC-1,1,27,23,14208,6483
ATTCCCACATAAACAA-1,1,26,24,14095,6285
ATTCAGTAGCAGGGTC-1,1,27,25,13981,6482
CAGTTCCGCGGGTCGA-1,1,26,26,13868,6284
AAGAGATGAATCGGTA-1,1,27,27,13754,6481
CGCAATTCTACAATAA-1,1,26,28,13641,6284
TAACGCTTTGAGAGCG-1,1,27,29,13527,6481
AGGCTATGGTTAGCTT-1,1,26,30,13414,6283
GAGGAATGGAGAGGTT-1,1,27,31,13300,6480
TCCTCTACGAGATGGC-1,1,26,32,13187,6282
TTGATTATGCAGATGA-1,1,27,33,13073,6479
TCAGTACTGACCCGCG-1,1,26,34,12960,6281
TTATGACAAACTGGAT-1,0,27,35,12846,6479
GTAAGTAGGGTATACC-1,0,26,36,12733,6281
CGCAAACACGAGTTAC-1,0,27,37,12619,6478
TGGCCGTATATTGACC-1,0,26,38,12506,6280
ACTGTAGCACTTTGGA-1,0,27,39,12392,6477
GCTCTATGTTACGTGC-1,0,26,40,12279,6279
TGCGCGATTAACGGAG-1,0,27,41,12164,6477
GAATCGACATGGTCAC-1,0,26,42,12052,6279
GACTAAGTAGGCTCAC-1,0,27,43,11937,6476
ATCTTGACCTGCAACG-1,0,26,44,11824,6278
ATGCACTACCGCATTG-1,0,27,45,11710,6475
CAGATACTAACATAGT-1,0,26,46,11597,6277
GATCGACACTATCTGA-1,0,27,47,11483,6474
ATAGAGTACTGGGACA-1,0,26,48,11370,6277
CCTACTGCTTACACTT-1,0,27,49,11256,6474
CCTGCTATTTGAGAAG-1,1,26,50,11143,6276
CGCGTTCATGAAATAC-1,1,27,51,11029,6473
CATTATGCTTGTTGTG-1,1,26,52,10916,6275
CCAGGGACGTGGCCTC-1,1,27,53,10802,6472
TATGGATGTGCTACGC-1,1,26,54,10689,6274
GTACTAAGATTTGGAG-1,1,27,55,10575,6472
AGACCCGCCCTCCTCG-1,1,26,56,10462,6274
CGCATTAGCTAATAGG-1,1,27,57,10348,6471
GCTCTCGGGTACCGAA-1,1,26,58,10235,6273
CACCGCCAGAAGGTTT-1,1,27,59,10121,6470
TCCCAAAGACGAAGGA-1,0,26,60,10008,6272
ATGGATTGACCAAACG-1,0,27,61,9894,6470
GTCATGGACATGACTA-1,0,26,62,9781,6272
CTACTGCCACCTGACC-1,0,27,63,9667,6469
TTATATTTGGCAATCC-1,0,26,64,9554,6271
AGCACCAGTACTCACG-1,0,27,65,9439,6468
CATGGTCTAGATACCG-1,0,26,66,9327,6270
TCTACCGTCCACAAGC-1,0,27,67,9212,6468
CTAGTTGGGCCCGGTA-1,0,26,68,9099,6270
TCCCGCGTACTCCTGG-1,0,27,69,8985,6467
CAGAGCATGAGCTTGC-1,0,26,70,8872,6269
ACACGGGAACTTAGGG-1,0,27,71,8758,6466
GGCTCTGCTCCAACGC-1,0,26,72,8645,6268
AGAACGTGGTACATTC-1,0,27,73,8531,6465
CAATAAACCTTGGCCC-1,0,26,74,8418,6268
ACTTCGCCATACGCAC-1,0,27,75,8304,6465
ATCTGGTTAAGACTGT-1,0,26,76,8191,6267
TCGTAAGACGACATTG-1,0,27,77,8077,6464
GTGTACCTTGGCTACG-1,0,26,78,7964,6266
GCCCGTAATACCTTCT-1,0,27,79,7850,6463
CGGTCAAGTGGGAACC-1,0,26,80,7737,6265
TTGTAAGGCCAGTTGG-1,0,27,81,7623,6463
GGAGCACCAAGAACTA-1,0,26,82,7510,6265
TAATAGTGACGACCAG-1,0,27,83,7396,6462
CTAAATCCTATTCCGG-1,0,26,84,7283,6264
CGAGTTCTGTCCCACC-1,0,27,85,7169,6461
AGGCAGATGCGTAAAC-1,0,26,86,7056,6263
AAGGATGAGGGACCTC-1,0,27,87,6942,6461
AGAGAACCGTCTAGGA-1,0,26,88,6829,6263
GAGGGCGCAGCTCTGC-1,0,27,89,6714,6460
AAGATTGGCGGAACGT-1,0,26,90,6602,6262
CCAGTAGTCTGATCCA-1,0,27,91,6487,6459
AAGGGACAGATTCTGT-1,0,26,92,6374,6261
ATAGAGTTATCAACTT-1,0,27,93,6260,6458
AAATTACCTATCGATG-1,0,26,94,6147,6261
GATCCTAAATCGGGAC-1,0,27,95,6033,6458
TTACAGACCTAAATGA-1,0,26,96,5920,6260
CCTCACCTTAGCATCG-1,0,27,97,5806,6457
CATGCGACCAGTTTAA-1,0,26,98,5693,6259
AACATATCAACTGGTG-1,0,27,99,5579,6456
CTATAAGAGCCAATCG-1,0,26,100,5466,6258
AATATCGAGGGTTCTC-1,0,27,101,5352,6456
GTACTCCTGGGTATGC-1,0,26,102,5239,6258
ATAAGTAGGATTCAGA-1,0,27,103,5125,6455
AGGTCGCGGAGTTACT-1,0,26,104,5012,6257
CTAATTCTCAGATATT-1,0,27,105,4898,6454
GCCAACCATTTCCGGA-1,0,26,106,4785,6256
TGATCCCAGCATTAGT-1,0,27,107,4671,6454
CGTTGTAAGATTGATT-1,0,26,108,4558,6256
GAAACCATGGTGCGCT-1,0,27,109,4444,6453
AATCTATGCCGGAGCC-1,0,26,110,4331,6255
GACTCCCAGAATAAGG-1,0,27,111,4217,6452
TATGATCCGGCACGCC-1,0,26,112,4104,6254
CCGCTTGCTGACATGG-1,0,27,113,3989,6451
TGGTTAAGGGCGCTGG-1,0,26,114,3877,6254
TTGATAGTCAATACAT-1,0,27,115,3762,6451
GGTTTAATTGAGCAGG-1,0,26,116,3649,6253
CATTACATAGATTGTG-1,0,27,117,3535,6450
GGTACACCAGATTTAT-1,0,26,118,3422,6252
GGCCCGTATACCATGC-1,0,27,119,3308,6449
ATCTTTCGTATAACCA-1,0,26,120,3195,6251
GAGATGACAATCCTTA-1,0,27,121,3081,6449
AAAGCTTGCCTACATA-1,0,26,122,2968,6251
GAACGATAAGTTAAAG-1,0,27,123,2854,6448
TAATAGCTAAATGATG-1,0,26,124,2741,6250
TATGGCTAGGCTAATT-1,0,27,125,2627,6447
AGGAGAGTCTGGCTAC-1,0,26,126,2514,6249
TGCTCTGCCGGTTCAC-1,0,27,127,2400,6447
CCAATAGATTTCATCT-1,0,28,0,16819,6688
GGGCACGAATTGGCCG-1,0,29,1,16705,6886
TCGTTGACAGGGTCCC-1,0,28,2,16592,6688
ATCGTATTCCGAGAAC-1,0,29,3,16478,6885
GGGAATTCTGTCCAGT-1,0,28,4,16365,6687
ACGCGTTTCTTAAGAG-1,0,29,5,16251,6884
GAGAGCGCAGTCCCTG-1,0,28,6,16138,6686
GTCCTATTGTTGTGGT-1,0,29,7,16024,6884
CATCTGCAGGATCATT-1,0,28,8,15911,6686
GAGTCGACAGACCCTC-1,0,29,9,15797,6883
AAGTGCAAAGGTAGAC-1,0,28,10,15684,6685
AGGGTGGATAGTGCAT-1,0,29,11,15570,6882
TGATAGCGGGATTCTA-1,0,28,12,15457,6684
GTCAGTTTGGTAGTCG-1,0,29,13,15342,6881
GCATTCGAAATGAACA-1,0,28,14,15230,6684
AAAGACTGGGCGCTTT-1,0,29,15,15115,6881
TAACAATATTTGTTGC-1,0,28,16,15002,6683
CCAGCTTCCGCCCGCA-1,0,29,17,14888,6880
GATATGGATTACGCGG-1,0,28,18,14775,6682
AGAGCAGTTATGAGAC-1,0,29,19,14661,6879
TCACATCTTATCTGAT-1,0,28,20,14548,6681
TATGAAGACAGGTGCG-1,0,29,21,14434,6879
TACCTGCTGCACTGTG-1,0,28,22,14321,6681
TAGGTCCAAGTAAGGA-1,0,29,23,14207,6878
GAAACTCGTGCGATGC-1,1,28,24,14094,6680
AACAATTACTCTACGC-1,1,29,25,13980,6877
CCGCACGTGACCTCGG-1,1,28,26,13867,6679
AACTTGCCCGTATGCA-1,1,29,27,13753,6877
GGGTATGTATGCACTT-1,1,28,28,13640,6679
TTCGTACTCCAGAACG-1,1,29,29,13526,6876
GAATTTCTCGCTGCAG-1,1,28,30,13413,6678
AACAGGATGGGCCGCG-1,1,29,31,13299,6875
GACGTGTAGGGATTAT-1,1,28,32,13186,6677
TAGGTGAGCCCTACTC-1,0,29,33,13072,6874
CTAATTCGCACGCGCT-1,0,28,34,12959,6677
GAAGCTTGCTGACCGC-1,0,29,35,12845,6874
GGTTAGGCTTGGAGAA-1,0,28,36,12732,6676
ACAAGGACAAGAGGTT-1,0,29,37,12617,6873
AGGCCACCCGTTATGA-1,0,28,38,12505,6675
GTGGGCTTAGACACAC-1,0,29,39,12390,6872
CGTGTCCCATTCGCGA-1,0,28,40,12277,6674
TGGAGTGATGCGATGA-1,0,29,41,12163,6872
AACAACTGGTAGTTGC-1,0,28,42,12050,6674
CCTGGCTAGACCCGCC-1,0,29,43,11936,6871
CGCAATTAGGGTAATA-1,0,28,44,11823,6673
TCGAAATTTAGGACCA-1,0,29,45,11709,6870
AGACTAGCCTTCCAGA-1,0,28,46,11596,6672
TTGATCTAACTTTGTC-1,0,29,47,11482,6870
AAGGAGCGGTTGGTGC-1,0,28,48,11369,6672
ACTTGGGACCCGGTGG-1,0,29,49,11255,6869
TGATCTCCGGCGCCAG-1,0,28,50,11142,6671
CAGTTCAAATTGACAC-1,0,29,51,11028,6868
GTCCGGCTGAATTGCG-1,0,28,52,10915,6670
CTGGAAATGGATGCTT-1,1,29,53,10801,6868
TGATCGGTTTGACCCT-1,1,28,54,10688,6670
TAGAGTCTAAGCGAAC-1,1,29,55,10574,6867
GAGACTGATGGGTAGA-1,1,28,56,10461,6669
TAGCTAAGTCCGGGAG-1,1,29,57,10347,6866
GGGCGATATGTGTGAA-1,1,28,58,10234,6668
CTCGAGGTCGAACAGT-1,0,29,59,10120,6865
GATCCCTTTATACTGC-1,0,28,60,10007,6668
GTCATGCACCTCCGTT-1,0,29,61,9892,6865
ACTTTCCTATAGCTTC-1,0,28,62,9780,6667
TCGCTCGATATATTCC-1,0,29,63,9665,6864
ATAGGTTGGGCAGATG-1,0,28,64,9552,6666
CAATTAAGGGTGATGA-1,0,29,65,9438,6863
ACCGACTGAGTCCCAC-1,0,28,66,9325,6665
CCTGTCACCCGGGCTC-1,0,29,67,9211,6863
GATCGGTGGCCATAAC-1,0,28,68,9098,6665
CCTATGGGTTACCGTC-1,0,29,69,8984,6862
TTGGGACACTGCCCGC-1,0,28,70,8871,6664
CGAGGCTAAATATGGC-1,0,29,71,8757,6861
TCAGGGTGTAACGTAA-1,0,28,72,8644,6663
CGAGAGATGTGAACCT-1,0,29,73,8530,6861
TCGCTGGGCGGATTGT-1,0,28,74,8417,6663
AGATCTCAGGTGTGAT-1,0,29,75,8303,6860
TGGCCAAACTGAAGTA-1,0,28,76,8190,6662
GCTTCCGTCCCTAGAC-1,0,29,77,8076,6859
CAGCAGCCCGTTCCTT-1,0,28,78,7963,6661
TGTATAACAGATCCTG-1,0,29,79,7849,6858
CGCGGGAATTAGGCAG-1,0,28,80,7736,6661
TGCATGTGGTAATCTA-1,0,29,81,7622,6858
ACAATTTGAGCAGTGG-1,0,28,82,7509,6660
GAGCTAAGGGCATATC-1,0,29,83,7395,6857
CCAGATAGTTGAGTGA-1,0,28,84,7282,6659
CCACAATGTACGTCTT-1,0,29,85,7167,6856
CAATGGATCTCTACCA-1,0,28,86,7054,6658
TGTGGCAAAGCGTATG-1,0,29,87,6940,6856
TAAAGCGTTAGGAGAA-1,0,28,88,6827,6658
TCCGTTTAGCCTTGAA-1,0,29,89,6713,6855
CAGCTCGACAAGTTAA-1,0,28,90,6600,6657
GCCTATAGTGTCAGGG-1,0,29,91,6486,6854
ATAGACAACGGGACCT-1,0,28,92,6373,6656
CTACTATCTTTCAGAG-1,0,29,93,6259,6854
GCGCTGCTTTGCATTT-1,0,28,94,6146,6656
GCGCATCCAGTCAGCA-1,0,29,95,6032,6853
GACTCGCGGGAATGAC-1,0,28,96,5919,6655
CTGGTAACGAGCTCTT-1,0,29,97,5805,6852
TCCGGCCTAGCGTACA-1,0,28,98,5692,6654
TCTAGGTGGCGACGCT-1,0,29,99,5578,6851
ACGCTAGTGATACACT-1,0,28,100,5465,6654
ATCTGCACCTCTGCGA-1,0,29,101,5351,6851
CCTCACCTGAGGGAGC-1,0,28,102,5238,6653
AGTGAGCCTCGCCGCC-1,0,29,103,5124,6850
ACGAGTACGGATGCCC-1,0,28,104,5011,6652
GGTACCATTAAGACGG-1,0,29,105,4897,6849
TTCTGCTAGACTCCAA-1,0,28,106,4784,6651
TAACTATTACGCCAAA-1,0,29,107,4670,6849
GCATTCAAGGCAACGC-1,0,28,108,4557,6651
AGTACATCATTTATCA-1,0,29,109,4442,6848
GTCGTGTCTGGTCATC-1,0,28,110,4329,6650
AGTCTAAAGTATACTC-1,0,29,111,4215,6847
CGGCCCAACCTGTAGT-1,0,28,112,4102,6649
AGGGAGACATACTTCG-1,0,29,113,3988,6847
TCCCTAGATCAATAGG-1,0,28,114,3875,6649
TCCCGTCGCGTCATAG-1,0,29,115,3761,6846
CGCATCCATCAGCCAG-1,0,28,116,3648,6648
CTGCACCTAGTCCACA-1,0,29,117,3534,6845
CGAGGATCGGGAACGA-1,0,28,118,3421,6647
CAATGAGGTTCGACTA-1,0,29,119,3307,6844
TCTGACGGGCTAACCC-1,0,28,120,3194,6647
TTCTATGCCTTTCGCA-1,0,29,121,3080,6844
AGAGTATAGTGTTACG-1,0,28,122,2967,6646
CCATTGTTTCCTCCAT-1,0,29,123,2853,6843
CTCATCACTTAGTGAT-1,0,28,124,2740,6645
CCGAAGGGCGTACCGC-1,0,29,125,2626,6842
TCAAGCTGCCTTGAAA-1,0,28,126,2513,6644
CTCATTAACGTTGCCC-1,0,29,127,2399,6842
GTCTTCCTCACCTAAG-1,0,30,0,16818,7084
GGTGATGAAGGAAGTG-1,0,31,1,16704,7281
TCAATACAATTGCTGC-1,0,30,2,16591,7083
GCAACCCAAGTTGTTT-1,0,31,3,16477,7280
ATGAAGTGGACCCAGC-1,0,30,4,16364,7082
GAGAATCTCACGATCA-1,0,31,5,16250,7279
TATATCATTGATCAGT-1,0,30,6,16137,7081
AACTTTACGGGAGCTT-1,0,31,7,16022,7279
TTCTTGTGTCCATCAG-1,0,30,8,15910,7081
ACAATTTAGGAGGCTC-1,0,31,9,15795,7278
ATACTTGTTCTCGAGC-1,0,30,10,15682,7080
CACGGGATTGAGGGTT-1,0,31,11,15568,7277
GTTAATGTCTATCTTA-1,0,30,12,15455,7079
GCGTTATATTTGGAAC-1,0,31,13,15341,7277
CGTCAAGGCTATAAAT-1,0,30,14,15228,7079
TTAGCTCTGTAATCCG-1,0,31,15,15114,7276
AATGGTCCACCGTTCA-1,0,30,16,15001,7078
GTCATTGCATTGACCC-1,0,31,17,14887,7275
TGTCCGTGGCGCCTTT-1,0,30,18,14774,7077
TCAACTAACGTATAAC-1,0,31,19,14660,7274
TCCTCTCCAGTTGTCC-1,0,30,20,14547,7077
TGTGTTCGTATCCAAG-1,0,31,21,14433,7274
CCGCGTAGGTAAGGGC-1,0,30,22,14320,7076
CTGCGGGTGAAATGTT-1,0,31,23,14206,7273
TATCTACAGAGGTAAT-1,0,30,24,14093,7075
CTACTCTAGGCCCGGC-1,0,31,25,13979,7272
ACAAGCAGTGCCTAGC-1,0,30,26,13866,7074
TACAAGTCTCGTGCAT-1,0,31,27,13752,7272
TCGGAATGCGCTCTGA-1,0,30,28,13639,7074
TCGCGTCCAGAAGGTC-1,0,31,29,13525,7271
TATGGCCCGGCCTCGC-1,0,30,30,13412,7073
GCTGGCATATTCACCT-1,0,31,31,13297,7270
GTCAGAATAGTCTATG-1,0,30,32,13185,7072
GGCGTCCTATCCGCTG-1,0,31,33,13070,7270
CGGAGTTTGAGAGACA-1,0,30,34,12957,7072
AGCACTTAAGGACGCC-1,0,31,35,12843,7269
TCCACAATGGTTTACG-1,0,30,36,12730,7071
CCAACGATGCACTGAT-1,0,31,37,12616,7268
ATTTACAGTTTACTGG-1,0,30,38,12503,7070
CCCTGAAATGAGTTGA-1,0,31,39,12389,7268
CAAACGGTCGCACTTT-1,0,30,40,12276,7070
TGATTCGTCTATCACT-1,0,31,41,12162,7267
TCAGGTTCTTTGAGAA-1,0,30,42,12049,7069
CACGCAGCGAGGCTTT-1,0,31,43,11935,7266
TTAAGCGCCTGACCCA-1,0,30,44,11822,7068
CTTACACGGTATTCCA-1,0,31,45,11708,7265
AAGGCTGTGCTCATCG-1,0,30,46,11595,7068
GACCAGAGCCCTGTAG-1,0,31,47,11481,7265
TCCCAGGCTTAGCTAA-1,0,30,48,11368,7067
ATTGAAGATCTTAGTG-1,0,31,49,11254,7264
AGTTCCTACAGAATTA-1,0,30,50,11141,7066
GGGCTGGTTAGTCGCG-1,0,31,51,11027,7263
GAAATGGCGGTGTTAG-1,0,30,52,10914,7065
TACGAACACGACTTCA-1,0,31,53,10800,7263
ACCACAAGTTTCTATC-1,1,30,54,10687,7065
ATATTTAACCCTCAAG-1,0,31,55,10572,7262
GATCATTCCAAACATT-1,1,30,56,10460,7064
TCCAGGCGAGTACGGT-1,0,31,57,10345,7261
GTTTGACCAAATCCTA-1,0,30,58,10232,7063
CACAGCACCCACGGCA-1,0,31,59,10118,7261
TGCAAGAATGACGTAA-1,0,30,60,10005,7063
GCGAAGCCATACCCGT-1,0,31,61,9891,7260
TCCTTTCTTACGCTTA-1,0,30,62,9778,7062
GCTGCTCTCCGGACAC-1,0,31,63,9664,7259
ACTGTCTTCTTTAGAA-1,0,30,64,9551,7061
TCAAACTTAGATTGTT-1,0,31,65,9437,7258
CTATGTCACTAGCCCA-1,0,30,66,9324,7061
TGCGCAAAGCATTTGG-1,0,31,67,9210,7258
TTAATGTAGACCAGGT-1,0,30,68,9097,7060
GGCGGTAGGATCATTG-1,0,31,69,8983,7257
GGCAATAGTCAATGAG-1,0,30,70,8870,7059
ACACGAGACTCCTTCT-1,0,31,71,8756,7256
GACACAAGGGAAGAAA-1,0,30,72,8643,7058
TCAGCAAATGCATCTC-1,0,31,73,8529,7256
GAGATCTGTCACTCCG-1,0,30,74,8416,7058
ATGCCGGTCTTGCATA-1,0,31,75,8302,7255
TTGGGCGGCGGTTGCC-1,0,30,76,8189,7057
TTGTTGTGTGTCAAGA-1,0,31,77,8075,7254
ACTGTACGATACACAT-1,0,30,78,7962,7056
TCCACTTTATCTAGGT-1,0,31,79,7847,7254
GGTCTGAGAATCTGGA-1,0,30,80,7735,7056
TAGAAAGGTGGCGCTA-1,0,31,81,7620,7253
TATGTCTCATTGTGCC-1,0,30,82,7507,7055
GGATTTCACTTCTATA-1,0,31,83,7393,7252
TGAGTGGTCCGTGACG-1,0,30,84,7280,7054
CGCTTTCTTGCATTCG-1,0,31,85,7166,7251
ACCCAACGCCCGTGGC-1,0,30,86,7053,7054
GAACGTCTCATGGTCG-1,0,31,87,6939,7251
AGGGTTCCCTTTGGTT-1,0,30,88,6826,7053
GTAGCTTCCTCTTGTT-1,0,31,89,6712,7250
GCATGAGGGACGCGGC-1,0,30,90,6599,7052
CTACCCTAAGGTCATA-1,0,31,91,6485,7249
TCACCGCTCGGCACTC-1,0,30,92,6372,7051
GGCTCGCGTTGAGGTA-1,0,31,93,6258,7249
CTAACGAAACTTGCTG-1,0,30,94,6145,7051
TTAAACTCGAATTCAT-1,0,31,95,6031,7248
TACTTTACTGAGCCGG-1,0,30,96,5918,7050
GCTTGGATCGATTAGG-1,0,31,97,5804,7247
CGGTTATCCAACAGTG-1,0,30,98,5691,7049
CAGACCTGTAAGTGTT-1,0,31,99,5577,7247
GACGGTCAATAGAAGC-1,0,30,100,5464,7049
CTGACTGCGCAGCTCG-1,0,31,101,5350,7246
CCATACCTTTACTTGT-1,0,30,102,5237,7048
GTAATAAAGGGCTCCC-1,0,31,103,5122,7245
GTGAACTCCCATTCGA-1,0,30,104,5010,7047
GTGGTTACTTCTTTCG-1,0,31,105,4895,7245
TCAGAACCTCCACAGG-1,0,30,106,4782,7047
TCCCACTCTCTTCCGG-1,0,31,107,4668,7244
ATCTTGACTTGTCCAA-1,0,30,108,4555,7046
TCGGGAACGTGCCTAG-1,0,31,109,4441,7243
GTTAGCCGTAAATCAA-1,0,30,110,4328,7045
ATTTACTAAGTCCATT-1,0,31,111,4214,7242
GGGTGCATATGAAAGC-1,0,30,112,4101,7044
TCCGAATGGTCCTGAG-1,0,31,113,3987,7242
TGATGGCTGTTTCTGA-1,0,30,114,3874,7044
AAATAAGGTAGTGCCC-1,0,31,115,3760,7241
CCACTATCCGGGTCAC-1,0,30,116,3647,7043
ACACCACATAATTAGC-1,0,31,117,3533,7240
CGCGGTAAGTCTAGCT-1,0,30,118,3420,7042
GCGGGCATTACGATGC-1,0,31,119,3306,7240
AGGATTGCTTACGACA-1,0,30,120,3193,7042
CTCGGGATAACACCTA-1,0,31,121,3079,7239
GTCGTCTGGTTGGCTA-1,0,30,122,2966,7041
GCAATTAGTCGCACCG-1,0,31,123,2852,7238
GTGACCTAAAGAATAA-1,0,30,124,2739,7040
CTGAGCGAGACTTATT-1,0,31,125,2625,7238
CAAGACTCAGAAGCGC-1,0,30,126,2512,7040
ACTTCGCTAGCGAGTG-1,0,31,127,2397,7237
CCATACTCGCCTCTCC-1,0,32,0,16817,7479
ACGATACCTATCCTGA-1,0,33,1,16703,7676
CTCACCAGTACAAGTG-1,0,32,2,16590,7478
CGAAGACGGTGAGTGC-1,0,33,3,16475,7675
AAATTAATAAGCGCGA-1,0,32,4,16362,7477
GGGCCCTTATCTATAC-1,0,33,5,16248,7675
CTGCCCACGAAGCGTT-1,0,32,6,16135,7477
GGACAAGTTGCAGTGA-1,0,33,7,16021,7674
GTCCGAGAGCAATCAT-1,0,32,8,15908,7476
ATGGCAGCCGAGAAAC-1,0,33,9,15794,7673
CCTCGGATGCTACCTG-1,0,32,10,15681,7475
ATACGGTGAAGATGCA-1,0,33,11,15567,7672
ACATCAGCTGGGACGC-1,0,32,12,15454,7474
GGTTGTGTAGCCTGGC-1,0,33,13,15340,7672
CCTGCGTTCTACGCTT-1,0,32,14,15227,7474
GAACGTTAGGAAGACG-1,0,33,15,15113,7671
CTGATAGTGTATCTCA-1,0,32,16,15000,7473
TTCTGCGAGCGCCCTT-1,0,33,17,14886,7670
CTTTGGCGCTTTATAC-1,0,32,18,14773,7472
TCCGAACTTGGCTTAC-1,0,33,19,14659,7670
TAGATTCCTGGTTATT-1,0,32,20,14546,7472
CCGACAAAGGGAGTGC-1,0,33,21,14432,7669
CCATGGCCCTTGTACC-1,0,32,22,14319,7471
GAAATATCACCATCAG-1,0,33,23,14205,7668
ACGAAATGGGCGGCAC-1,0,32,24,14092,7470
GTGAGCGTGCTGCACT-1,0,33,25,13978,7668
CCGCGGGTACGAAGAA-1,0,32,26,13865,7470
TCCCTGGCTCGCTGGA-1,0,33,27,13750,7667
CAGCTTAGTAGGTAGC-1,0,32,28,13637,7469
CACGAAAGTTAGTCCC-1,0,33,29,13523,7666
ACCTAATCGACTTCCT-1,0,32,30,13410,7468
AAGTAGTGACGCGAGG-1,0,33,31,13296,7665
TCCGATTACATTGCCG-1,0,32,32,13183,7468
CCTCCGACAATTCAAG-1,0,33,33,13069,7665
GTTCACAGGAGTCTAG-1,0,32,34,12956,7467
CGAAGTTGCTCTGTGT-1,0,33,35,12842,7664
GTCGGATATCTCAGAC-1,0,32,36,12729,7466
CGCTCTCCGTAGATTA-1,0,33,37,12615,7663
CAAGCAACGTCGGAGT-1,0,32,38,12502,7465
CCATTCCCTGCCCACA-1,0,33,39,12388,7663
CTTTGGCTTTAGTAAA-1,0,32,40,12275,7465
GGCTATTAAGTTGTAT-1,0,33,41,12161,7662
CCATTAGCGATAATCC-1,0,32,42,12048,7464
TGTTCTTCCATTGACT-1,0,33,43,11934,7661
AGATAACTTCAGGGCC-1,0,32,44,11821,7463
ATAGACGAAGAGAAAG-1,0,33,45,11707,7661
GGCGGAGTAATATTAG-1,0,32,46,11594,7463
TGACCCACGTTAGACA-1,0,33,47,11480,7660
TCACAGGTTATTGGGC-1,0,32,48,11367,7462
TCACGCATTGTAGATC-1,0,33,49,11253,7659
TTGAAGAATTCCCAGG-1,0,32,50,11140,7461
AAATGGTCAATGTGCC-1,0,33,51,11025,7658
TAGTGCCCTCCAGAGT-1,0,32,52,10912,7461
GGTATTGCCGAGTTTA-1,0,33,53,10798,7658
CGTATTAAGAGATCTA-1,0,32,54,10685,7460
ACTGTCCAGGATTATA-1,0,33,55,10571,7657
CGGGCAGCTAAACCGC-1,0,32,56,10458,7459
TTGCTGATCATGTTCG-1,0,33,57,10344,7656
TATGGGTACGTATCGT-1,0,32,58,10231,7458
CAGCTCACTGAGACAT-1,0,33,59,10117,7656
GGGACTGCATAGATAG-1,0,32,60,10004,7458
ACGCATTCGTGAGTAC-1,0,33,61,9890,7655
CTCTGGACGCCTGGTG-1,0,32,62,9777,7457
AGGGTTTAGTTCGGGA-1,0,33,63,9663,7654
GGGAGAACTCACAGTA-1,0,32,64,9550,7456
ATCAATCTGGGCTGCA-1,0,33,65,9436,7654
TCTTCGATACCAATAA-1,0,32,66,9323,7456
ACGTAGATTGCTGATG-1,0,33,67,9209,7653
TCTTGATGCGTAGCGA-1,0,32,68,9096,7455
GGGCTGCCTAGGGCGA-1,0,33,69,8982,7652
CTCTCACAATCGATGA-1,0,32,70,8869,7454
CCAAGCGTAACTCGTA-1,0,33,71,8755,7651
ACAACAGCATGAGCTA-1,0,32,72,8642,7454
GTCCCAACGTAAAGTA-1,0,33,73,8528,7651
TCGGAGTACATGAGTA-1,0,32,74,8415,7453
GGGAGTTAATGAGGCG-1,0,33,75,8300,7650
CCGGGCGGTCTCGTCA-1,0,32,76,8187,7452
CCGTAAGTTGGTCCCA-1,0,33,77,8073,7649
GGAGGGCTTGGTTGGC-1,0,32,78,7960,7451
TCGGACGCCCAGCCCA-1,0,33,79,7846,7649
TCTGTGCCATCATAGT-1,0,32,80,7733,7451
GTACTGGAGTTAGACC-1,0,33,81,7619,7648
GGAATGCGCTAGCGTG-1,0,32,82,7506,7450
GTGTGAATAACTTAGG-1,0,33,83,7392,7647
GGTCGGCCAGGAGCTT-1,0,32,84,7279,7449
TAGCCGGCGGTCAGCG-1,0,33,85,7165,7647
CGGGTGTACCCATTTA-1,0,32,86,7052,7449
AGTGATTCAAGCAGGA-1,0,33,87,6938,7646
GTTGGATTGAGAACAC-1,0,32,88,6825,7448
CACACGCGCTGTCTTA-1,0,33,89,6711,7645
TAGACGCCCGTACCGG-1,0,32,90,6598,7447
GGTTTCAATCGGTCAG-1,0,33,91,6484,7645
AATCTGCGTTGGGACG-1,0,32,92,6371,7447
TTACGGATGGTTCGAG-1,0,33,93,6257,7644
CGGCAGGGTCGGGTTG-1,0,32,94,6144,7446
GCTTTCAGAGGAGGTG-1,0,33,95,6030,7643
TCTTCCCATGGGCACA-1,0,32,96,5917,7445
TACCGCGGACTTGCAG-1,0,33,97,5803,7642
AGAATTATGGATTCGA-1,0,32,98,5690,7445
ATTGATGAGTCCTAAC-1,0,33,99,5575,7642
TAGGTCGCCGGAACTG-1,0,32,100,5462,7444
TAACCTACCGTCCGAG-1,0,33,101,5348,7641
CTTAGTAGGCCTACAG-1,0,32,102,5235,7443
CTAGATGTGAGTGTAA-1,0,33,103,5121,7640
ACTCCCGAATTCGTTT-1,0,32,104,5008,7442
GTTCATCGTTTGGCTG-1,0,33,105,4894,7640
ACTTTACCCTCATGAA-1,0,32,106,4781,7442
GCGAGAGTTGCGTCCA-1,0,33,107,4667,7639
GTTCGGGCGTACCATT-1,0,32,108,4554,7441
CGACTTTGTATAGCCT-1,0,33,109,4440,7638
GCCATCGATGCTGCAT-1,0,32,110,4327,7440
GCATTTCCAAGGCTCC-1,0,33,111,4213,7638
ATGTAAGGCTGCTCTT-1,0,32,112,4100,7440
ACGTTCGCAATCAATT-1,0,33,113,3986,7637
GTGACGAGGGTGACCC-1,0,32,114,3873,7439
ATTATAGCTACTTTAC-1,0,33,115,3759,7636
CGTGTGTTAAACCCTG-1,0,32,116,3646,7438
TTGGTATGGCTTGTGT-1,0,33,117,3532,7635
CATTCCCATTCCGTCG-1,0,32,118,3419,7438
TGCCGAAAGCGTATTC-1,0,33,119,3305,7635
CAACACATCTCCTGCC-1,0,32,120,3192,7437
CTGCCTCATATGCAAC-1,0,33,121,3078,7634
TCCCGCCTATGTGCGT-1,0,32,122,2965,7436
GGTTACCCGACACTTT-1,0,33,123,2850,7633
CCAGCGGGATCACCAG-1,0,32,124,2737,7435
ATGTTTCGGCCCGGAG-1,0,33,125,2623,7633
GCGTCTAACCTCCTAA-1,0,32,126,2510,7435
ATCAGGTAGCTGACAG-1,0,33,127,2396,7632
GGTATGAAAGAACTGA-1,0,34,0,16815,7874
GTGGCCTAATATCATT-1,0,35,1,16701,8071
CCTGTGAAACCGTAAC-1,0,34,2,16588,7873
GGCAGAGAGATCGGGA-1,0,35,3,16474,8070
TAGCGTCGAATATTGA-1,0,34,4,16361,7872
CGCCGACTATTCGCTA-1,0,35,5,16247,8070
TCTGGCGCAAGCCGGG-1,0,34,6,16134,7872
AGTGGTTGCGTATAGG-1,0,35,7,16020,8069
ATCGGTTACCTAGTAA-1,0,34,8,15907,7871
CCTGCCCGTTGTCTAG-1,0,35,9,15793,8068
GCACACGCCCATGGTC-1,0,34,10,15680,7870
AGTACGGCCCGTATCG-1,0,35,11,15566,8068
TATCTAGCCTAAAGGA-1,0,34,12,15453,7870
CACTCGGTTAGGAGGA-1,0,35,13,15339,8067
ATGTTCGTCGACCCAC-1,0,34,14,15226,7869
TTCCTCTGCCCGAATA-1,0,35,15,15112,8066
TTACTATCGGCTTCTC-1,0,34,16,14999,7868
GCCGCATTAGTCCGGC-1,0,35,17,14885,8065
TAAGGGCTGGGAGAGG-1,0,34,18,14772,7868
TAAGCAGGCGACACGC-1,0,35,19,14658,8065
AGCACTACCGGCCTGT-1,0,34,20,14545,7867
GAAAGCCCTTTGGACC-1,0,35,21,14430,8064
GACCGACTGAAGCGTC-1,0,34,22,14318,7866
CGGTGAAGACTAAAGT-1,0,35,23,14203,8063
CCCTGCGCTACGCATA-1,0,34,24,14090,7865
TACTGGACAGCTCGGC-1,0,35,25,13976,8063
TTAGTAGGGCGGCGGG-1,0,34,26,13863,7865
GAGGCTATCAAAGTCG-1,0,35,27,13749,8062
TTACCATTGATTACCC-1,0,34,28,13636,7864
ATACCACGGGCAACTT-1,0,35,29,13522,8061
TGTCCTAAGTCACCGC-1,0,34,30,13409,7863
AGGTAGGTACAAAGCT-1,0,35,31,13295,8061
GGCATACAGGTAGCGG-1,0,34,32,13182,7863
TGTAGTGATCTATAAT-1,0,35,33,13068,8060
TCCCGGGTGTGCTGCT-1,0,34,34,12955,7862
TACGATGTTGATCATC-1,0,35,35,12841,8059
CCTCTCTCCCATCTAG-1,0,34,36,12728,7861
GCAGGACTATAGAATA-1,0,35,37,12614,8058
CTAGTGAAGGACAGGA-1,0,34,38,12501,7861
TACGAGAACTTCACGT-1,0,35,39,12387,8058
CGTTGTTTCAATTCCC-1,0,34,40,12274,7860
GCAAATATTACGCTTT-1,0,35,41,12160,8057
CCAATAGTGCCGTCGA-1,0,34,42,12047,7859
ATTGCTGCTCCTCCAT-1,0,35,43,11933,8056
GAGATCTGCTTGGCAT-1,0,34,44,11820,7858
GCCGAAATTCCTACGT-1,0,35,45,11705,8056
GGCACTCCACTGGGCA-1,0,34,46,11593,7858
GGGTCACCGTGACGGT-1,0,35,47,11478,8055
CACTTAATCAGACGGA-1,0,34,48,11365,7857
CGTTTCGCTCATTACA-1,0,35,49,11251,8054
ATAAAGGCTCGGTCGT-1,0,34,50,11138,7856
CACTAAAGTTGCCTAT-1,0,35,51,11024,8054
GTGCTCAAGTACTGTC-1,0,34,52,10911,7856
CCATGCCTGTTTAGTA-1,0,35,53,10797,8053
TCTAGTTATCAGAAGA-1,0,34,54,10684,7855
TTGTAATCCGTACTCG-1,0,35,55,10570,8052
TCCCAGCTTTAGTCTG-1,0,34,56,10457,7854
CTACGCACGGAGTACC-1,0,35,57,10343,8051
AAATTAACGGGTAGCT-1,0,34,58,10230,7854
CGGCCACGCACAAAGT-1,0,35,59,10116,8051
GAAGCGTGAGGAATTT-1,0,34,60,10003,7853
ATATCTTAGGGCCTTC-1,0,35,61,9889,8050
ACGCGGGCCAAGGACA-1,0,34,62,9776,7852
GCGAGTTCTGCAAAGA-1,0,35,63,9662,8049
TATTCGTGCCAGAATA-1,0,34,64,9549,7851
AGGGCTGCAGTTACAG-1,0,35,65,9435,8049
CTAGCATAGTATAATG-1,0,34,66,9322,7851
TAGGTTCGAGTTCGTC-1,0,35,67,9208,8048
GAATTATAGTGAAAGG-1,0,34,68,9095,7850
CTATCGGGTCTCAACA-1,0,35,69,8980,8047
GCGCTAATTGAATAGA-1,0,34,70,8868,7849
ATGCGACAGTCCCATT-1,0,35,71,8753,8047
GGTAGTGCTCGCACCA-1,0,34,72,8640,7849
AAGCTCGTGCCAAGTC-1,0,35,73,8526,8046
TATTCAATTCTAATCC-1,0,34,74,8413,7848
TTCAAAGTCTCTAGCC-1,0,35,75,8299,8045
TTGAATATGGACTTTC-1,0,34,76,8186,7847
AAGAGCTCTTTATCGG-1,0,35,77,8072,8045
TTACTCCGGCCGGGAA-1,0,34,78,7959,7847
AAACGAGACGGTTGAT-1,0,35,79,7845,8044
GCTAAGTAGTTTCTCT-1,0,34,80,7732,7846
ATAACGCCGGAGGGTC-1,0,35,81,7618,8043
GGATCCGGAATATACT-1,0,34,82,7505,7845
TGAAAGGACCTGACTC-1,0,35,83,7391,8042
TCCGCGGCAGCATCTG-1,0,34,84,7278,7845
TGCATATGTCTGTCAC-1,0,35,85,7164,8042
TGTAGGAGAAATTTCC-1,0,34,86,7051,7844
AGTGAGACTTCCAGTA-1,0,35,87,6937,8041
CCCAAACATGCTGCTC-1,0,34,88,6824,7843
GCTTATGAAGCAGGAA-1,0,35,89,6710,8040
TTCTAACCGAAGCTTA-1,0,34,90,6597,7842
GGATGTCCTTACCGCA-1,0,35,91,6483,8040
AGGGTGCTCTCGAGGG-1,0,34,92,6370,7842
AACTCTCAATAGAGCG-1,0,35,93,6255,8039
TCTGAATTCCGTACAA-1,0,34,94,6143,7841
GCGTGGTACTGGGTTA-1,0,35,95,6028,8038
CGTCGGATAGTGTTGA-1,0,34,96,5915,7840
ATATGTCTCCCTAGCC-1,0,35,97,5801,8038
TCTTTAAGACTATGAA-1,0,34,98,5688,7840
TCATTTAAGTCTCCGA-1,0,35,99,5574,8037
GATATTGAGATTGGCG-1,0,34,100,5461,7839
TGACATCGAGCGGACC-1,0,35,101,5347,8036
GCGTAAATGGCCATAA-1,0,34,102,5234,7838
ATTGTACAACTCGGCT-1,0,35,103,5120,8035
TACGCTATAGAAACCT-1,0,34,104,5007,7838
CACCCAAATCTTATGT-1,0,35,105,4893,8035
AGATGATGGAGTCTGG-1,0,34,106,4780,7837
CCACGGTGCCCGGTAG-1,0,35,107,4666,8034
TCAAGAAATACTAGCT-1,0,34,108,4553,7836
AGGTATAATTGATAGT-1,0,35,109,4439,8033
CAAGGTCCTATAGGCT-1,0,34,110,4326,7835
CCGGCACGACCGTTTC-1,0,35,111,4212,8033
ACCTCCGTTATTCACC-1,0,34,112,4099,7835
GCAGCCTATATCACAT-1,0,35,113,3985,8032
GGTATAGTGACACATA-1,0,34,114,3872,7834
AAATTCCAGGTCCAAA-1,0,35,115,3758,8031
TCTTTAGCAGGCGAAC-1,0,34,116,3645,7833
TATTGACATTTCTGCC-1,0,35,117,3530,8031
TCTGATCGGGTGCTAG-1,0,34,118,3418,7833
GGCCCGGAGCATGTCT-1,0,35,119,3303,8030
GGGCGCAGCGTTACTC-1,0,34,120,3190,7832
TTGGCGATCCGAATAT-1,0,35,121,3076,8029
CCACGTAAATTAGACT-1,0,34,122,2963,7831
TCTGATTGGAAATGGA-1,0,35,123,2849,8028
ATGGCGGAATAGTCGC-1,0,34,124,2736,7831
ATCGCTTTACGTCTCA-1,0,35,125,2622,8028
TACGTGCAAGGTTCCT-1,0,34,126,2509,7830
CAGGACAGCTGCCCTT-1,0,35,127,2395,8027
CAAACCAGGTCTGCAT-1,0,36,0,16814,8269
ACAAGCTATATGGAAG-1,0,37,1,16700,8466
TCGCCCACTGCGAGAG-1,0,36,2,16587,8268
AGCCGCAAATTCAAAT-1,0,37,3,16473,8465
TTAACGTTAAAGCCTG-1,0,36,4,16360,8268
CAGCGCCAACACGATA-1,0,37,5,16246,8465
ATCCAATGGTACCGAA-1,0,36,6,16133,8267
GTGCTGCAGATAAGGA-1,0,37,7,16019,8464
GGCCTTTGCAACTGGC-1,0,36,8,15906,8266
GTCGTACCTACGATTG-1,0,37,9,15792,8463
TAGAAATTCACGTATA-1,0,36,10,15679,8265
AGAATAAATCTTCAGG-1,0,37,11,15565,8463
CATTGCGAAATGGGCG-1,0,36,12,15452,8265
GTCTACTCAATTACAA-1,0,37,13,15338,8462
TGTAATGACCACAATA-1,0,36,14,15225,8264
AAAGTCGACCCTCAGT-1,0,37,15,15111,8461
TACTCGGCACGCCGGG-1,0,36,16,14998,8263
AGGTGTATCGCCATGA-1,0,37,17,14883,8461
TGTGCTTTACGTAAGA-1,0,36,18,14770,8263
AAACCTCATGAAGTTG-1,0,37,19,14656,8460
TATAGGGTACTCATGA-1,0,36,20,14543,8262
CCAGCTGATGGTACTT-1,0,37,21,14429,8459
AATATTGGAGTATTGA-1,0,36,22,14316,8261
GGCCCTCACCCACTTA-1,0,37,23,14202,8458
AACCAAGACTTCTCTG-1,0,36,24,14089,8261
TCGTATTACCCATTGC-1,0,37,25,13975,8458
ATTCGACGCCGGGCCT-1,0,36,26,13862,8260
GGCGCAGGACATCTTC-1,0,37,27,13748,8457
GTACTCCCTTATCGCT-1,0,36,28,13635,8259
TGGTCTGTTGGGCGTA-1,0,37,29,13521,8456
AATAACAACGCTCGGC-1,0,36,30,13408,8258
CATACCCGTACCCAGT-1,0,37,31,13294,8456
ACAATCCATTTAAACC-1,0,36,32,13181,8258
GTTACAATTGGTGACG-1,0,37,33,13067,8455
TTGCCCTGATCACGGG-1,0,36,34,12954,8257
CTAACCGCGCGCCCGT-1,0,37,35,12840,8454
CTAAAGAATGCCTACT-1,0,36,36,12727,8256
ACCCATCTTGAGGGTA-1,0,37,37,12613,8454
GATCTTTGCAGGGTAT-1,0,36,38,12500,8256
GGGTACTTCATGAACT-1,0,37,39,12386,8453
GCCGCTTGTGAGAAAC-1,0,36,40,12273,8255
CCTGTAAGACATGATA-1,0,37,41,12158,8452
CGACAGTTCGCGTTAT-1,0,36,42,12045,8254
ACGATGCATATGTTAT-1,0,37,43,11931,8452
TGTTCCGCTTCCATGA-1,0,36,44,11818,8254
GGATGACGCGAGTTTA-1,0,37,45,11704,8451
GAAGTTTCCACTCAAT-1,0,36,46,11591,8253
GCGAGGCCCGAGCAGA-1,0,37,47,11477,8450
CATACTATGTAATTGT-1,0,36,48,11364,8252
CCAATGTCACAGCAAG-1,0,37,49,11250,8449
GTTGGATTTGCGTTGG-1,0,36,50,11137,8251
GGGAGGATGCCCGAAA-1,0,37,51,11023,8449
GATCGCGGGCTCTCCA-1,0,36,52,10910,8251
GTTCGCCATAAGTGCC-1,0,37,53,10796,8448
AGATTATAGGACGTTT-1,0,36,54,10683,8250
TCGAGACCAACACCGT-1,0,37,55,10569,8447
TATGGGACCGAGCAGG-1,0,36,56,10456,8249
GATGCGTCCTGCATTC-1,0,37,57,10342,8447
TATGGTCTGAGTAACA-1,0,36,58,10229,8249
GCATAGAGCACTCAGG-1,0,37,59,10115,8446
CTTCATTGTCAGTGGA-1,0,36,60,10002,8248
GCAGATTAGGGATATC-1,0,37,61,9888,8445
CCTGTCGCCCGTAAAT-1,0,36,62,9775,8247
CAATTTCGTATAAGGG-1,0,37,63,9660,8445
GTACACTTACCTGAAG-1,0,36,64,9548,8247
CCAGCCTGGACCAATA-1,0,37,65,9433,8444
ATGGAGCAGGCCGTGA-1,0,36,66,9320,8246
GTCATTAGAGCGAACG-1,0,37,67,9206,8443
AAGACTGCAAGCTACT-1,0,36,68,9093,8245
CTAGTCACGTCTTAAG-1,0,37,69,8979,8442
ACTCTTGTATAGTAAC-1,0,36,70,8866,8245
ATTAGGCGATGCTTTC-1,0,37,71,8752,8442
TTCGGGACTAATCGCG-1,0,36,72,8639,8244
TGGACTGTTCGCTCAA-1,0,37,73,8525,8441
AACGTGCGAAAGTCTC-1,0,36,74,8412,8243
CCACCCAAGGAAAGTG-1,0,37,75,8298,8440
CCGCACAAAGACCAAC-1,0,36,76,8185,8242
GCGATTGTTAACGTTA-1,0,37,77,8071,8440
ACTCGTCAGTAATCCC-1,0,36,78,7958,8242
GGTGATAAGGAGCAGT-1,0,37,79,7844,8439
AAGAGGCATGGATCGC-1,0,36,80,7731,8241
CACGTTCGTGCTCTAG-1,0,37,81,7617,8438
CTATTTGGTTACGGAT-1,0,36,82,7504,8240
GTACAGAGGCAAGGGT-1,0,37,83,7390,8438
GGGCCGGCCGAAGTAC-1,0,36,84,7277,8240
CCTGAACGATATATTC-1,0,37,85,7163,8437
CCGGGCTGCTCCATAC-1,0,36,86,7050,8239
TACTTGTTAGTAGTCC-1,0,37,87,6935,8436
CCTAGGCGTAGCGATC-1,0,36,88,6823,8238
CTGGCGCACAGGTCTG-1,0,37,89,6708,8435
ACTTATACTTACCCGG-1,0,36,90,6595,8238
GAAGTCTCCCTAGCGA-1,0,37,91,6481,8435
ACCGATGGTAGCATCG-1,0,36,92,6368,8237
CGAGTTTATCGGACTG-1,0,37,93,6254,8434
CATAACGGACAGTCGT-1,0,36,94,6141,8236
TGACGATGCACTAGAA-1,0,37,95,6027,8433
TAGGGAGCTTGGGATG-1,0,36,96,5914,8235
AGGGTCGATGCGAACT-1,0,37,97,5800,8433
TATATCCCTGGGAGGA-1,0,36,98,5687,8235
CATCTTACACCACCTC-1,0,37,99,5573,8432
GTGCGACAGGGAGTGT-1,0,36,100,5460,8234
CCGATCTCAACCTTAT-1,0,37,101,5346,8431
ACGATCATCTTGTAAA-1,0,36,102,5233,8233
GAAAGAACAGCGTTAT-1,0,37,103,5119,8431
CTAGGTCTGAAGGAAT-1,0,36,104,5006,8233
ATATCAACCTACAGAG-1,0,37,105,4892,8430
AAATAGCTTAGACTTT-1,0,36,106,4779,8232
GCGACATGTAAACATC-1,0,37,107,4665,8429
ATAAGTAGGGCGACTC-1,0,36,108,4552,8231
GCGAGCGCATGCTCCC-1,0,37,109,4438,8428
AGGGACCGGCTGCGTT-1,0,36,110,4325,8231
CCTATGAAGTGGTGCC-1,0,37,111,4210,8428
GCTTACGTAGTTAGTA-1,0,36,112,4098,8230
CATACTTAGGCAATAC-1,0,37,113,3983,8427
CCTGTCCCTCACGTTA-1,0,36,114,3870,8229
CAATGTGCCAACCCTT-1,0,37,115,3756,8426
GTTAAGTTAGAGTGGG-1,0,36,116,3643,8228
CTGGGATACGCTACCC-1,0,37,117,3529,8426
AACCTGTCACGGAATT-1,0,36,118,3416,8228
ACTGCGGACACACCGT-1,0,37,119,3302,8425
CCGTGAGGCATTCATG-1,0,36,120,3189,8227
GCCCAGATGCTGGAGA-1,0,37,121,3075,8424
TCTGGCCGTTCAAGTT-1,0,36,122,2962,8226
ATACGAAGGCTTTCCA-1,0,37,123,2848,8424
GATCCGAATATAAGTG-1,0,36,124,2735,8226
GTGGAGCATGTCGGCC-1,0,37,125,2621,8423
ACTCTTCAGCTCCCGC-1,0,36,126,2508,8225
CCCGATAGCCTCGCCT-1,0,37,127,2394,8422
ACAGGTGTGTTGTTGC-1,0,38,0,16813,8664
TGAACTGCTATGACTT-1,0,39,1,16699,8861
TGACATATATGACGAT-1,0,38,2,16586,8663
AAGTCTTCTGTGGCCT-1,0,39,3,16472,8861
ACCAGACCATAACAAC-1,0,38,4,16359,8663
TGAGACGTACCTCTCA-1,0,39,5,16245,8860
GACCGTTACATGCGAC-1,0,38,6,16132,8662
GGTTCGGATTATACTA-1,0,39,7,16018,8859
CCTCCTGAGCCCACAT-1,0,38,8,15905,8661
CCGCGATTTGGTAGGT-1,0,39,9,15791,8858
AATCTCTACTGTGGTT-1,0,38,10,15678,8661
ACTTTGACTGCATCCT-1,0,39,11,15563,8858
CCCTGACTAACAAATT-1,0,38,12,15451,8660
ACGCTGTGAGGCGTAG-1,0,39,13,15336,8857
GCATACGAGGTCTTTA-1,0,38,14,15223,8659
TCGGGATTCAAACATA-1,0,39,15,15109,8856
GGGCCCTACGAAAGGG-1,0,38,16,14996,8658
CGCCAAGAAGCCGAGT-1,0,39,17,14882,8856
GGTACATCTGGGACGA-1,0,38,18,14769,8658
GGATGCTGGCGTTCCT-1,0,39,19,14655,8855
CCGATTCGAGGGACCC-1,0,38,20,14542,8657
CCACTGGTGGCTGGTT-1,0,39,21,14428,8854
GACAGGCACACACTAT-1,0,38,22,14315,8656
TCAACGCGACCGGCAG-1,0,39,23,14201,8854
CTACGACTAGCTATAA-1,0,38,24,14088,8656
CGGTTGACCTGGCATA-1,0,39,25,13974,8853
ATCCTGAATCGCTGCG-1,0,38,26,13861,8655
GTTTCATATCGTCGCT-1,0,39,27,13747,8852
ATAAATATTAGCAGCT-1,0,38,28,13634,8654
AAGAGGATGTACGCGA-1,0,39,29,13520,8852
TCCTGCGTTGATACTC-1,0,38,30,13407,8654
CGTGCATTGTCGACGC-1,0,39,31,13293,8851
CCGGGTTCGAGGTTAC-1,0,38,32,13180,8653
CCCAATTTCACAACTT-1,0,39,33,13066,8850
TGATTTATTAGCTGTG-1,0,38,34,12953,8652
TGGAAGAAGGGAACGT-1,0,39,35,12838,8849
GACGCTTGCTTCTAAA-1,0,38,36,12726,8652
GGGAACGGGAGGTTAG-1,0,39,37,12611,8849
GCGGCTCTGACGTACC-1,0,38,38,12498,8651
ACGTTAGATTTGCCCG-1,0,39,39,12384,8848
GAGAGGGCGCGAGGTT-1,0,38,40,12271,8650
GCGTCTCTGCATTGGG-1,0,39,41,12157,8847
GCAGCACACAGCCCAG-1,0,38,42,12044,8649
CAGGCCGTTTGGGTGT-1,0,39,43,11930,8847
AACTCAAGTTAATTGC-1,0,38,44,11817,8649
CTTCGTAGATAGGTGA-1,0,39,45,11703,8846
TGCAGAGTACCGAGCA-1,0,38,46,11590,8648
GAAGTGATTTATCGTG-1,0,39,47,11476,8845
CGCTACGGGACATTTA-1,0,38,48,11363,8647
CCACACTGAGATATTA-1,0,39,49,11249,8845
CGATCCGACCCAGTGC-1,0,38,50,11136,8647
CTGTACTTCTTAGCAT-1,0,39,51,11022,8844
ACTTATTAGGATCGGT-1,0,38,52,10909,8646
TAGTCCGCAGAGAATG-1,0,39,53,10795,8843
TTCACGAAAGGATCAC-1,0,38,54,10682,8645
TACATTTCTAACGTGC-1,0,39,55,10568,8842
ACCATATCCGCAATAA-1,0,38,56,10455,8645
CACTCAAGAGCTATGG-1,0,39,57,10341,8842
TGTACGAACAAATCCG-1,0,38,58,10228,8644
ATCATCCAATATTTGT-1,0,39,59,10113,8841
CGCTATTCTTAGGCTC-1,0,38,60,10001,8643
TGGCAGCAGTAATAGT-1,0,39,61,9886,8840
TCACGTGCCCGATTCA-1,0,38,62,9773,8642
CATACGGCGTCTGGGC-1,0,39,63,9659,8840
CACATGATTCAGCAAC-1,0,38,64,9546,8642
GCTAGTAGAGCTTGTA-1,0,39,65,9432,8839
TGCTGTTGAAGAACTC-1,0,38,66,9319,8641
CGGAGCATGGCGATCC-1,0,39,67,9205,8838
TAGCGTTGGGTCTTAC-1,0,38,68,9092,8640
GTAGCGGCTATACACT-1,0,39,69,8978,8838
TAACATACAATGTGGG-1,0,38,70,8865,8640
TCTTCGAATAGACGTT-1,0,39,71,8751,8837
GATCGTGACTGATATC-1,0,38,72,8638,8639
GATCCGGGAATTAACA-1,0,39,73,8524,8836
TTATATACGCTGTCAC-1,0,38,74,8411,8638
GTCGCGTAACCCGTTG-1,0,39,75,8297,8835
AGCTCTAGACGTTCCA-1,0,38,76,8184,8638
GTCAAGCGGACTCGGG-1,0,39,77,8070,8835
CGAGGGACTGCGGTCG-1,0,38,78,7957,8637
AATCGCCTCAGCGCCA-1,0,39,79,7843,8834
CTTGTTGCTGAGTCAA-1,0,38,80,7730,8636
GATATGAGACACTAAC-1,0,39,81,7616,8833
TTATGATCTTAACGAA-1,0,38,82,7503,8635
CGCCGCCCATGCCTGT-1,0,39,83,7388,8833
CTGGGATAAATAATGG-1,0,38,84,7276,8635
GTGCCCGTTCGGATTC-1,0,39,85,7161,8832
TTCAATACTCTGAATC-1,0,38,86,7048,8634
CGCACATGTCCACTAC-1,0,39,87,6934,8831
AGAAGAGCGCCGTTCC-1,0,38,88,6821,8633
GATAACTCGCACTGTG-1,0,39,89,6707,8831
AGTCGACGGTCTCAAG-1,0,38,90,6594,8633
GTGACCGCACACTACG-1,0,39,91,6480,8830
GTATGTGGGTCTAGTT-1,0,38,92,6367,8632
CTTGAGTTAGGGTAAT-1,0,39,93,6253,8829
TTAGCTGATTTGCCGT-1,0,38,94,6140,8631
GCTGTTGCTACCGAAC-1,0,39,95,6026,8828
TATTACCATCCTGCTT-1,0,38,96,5913,8631
TTGAATTCACGTGAGG-1,0,39,97,5799,8828
CCATCTCACCAGTGAA-1,0,38,98,5686,8630
CGCACGTGCGCTATCA-1,0,39,99,5572,8827
ACCCGGATGACGCATC-1,0,38,100,5459,8629
CGCTAGAGACCGCTGC-1,0,39,101,5345,8826
ATAGTTCCACCCACTC-1,0,38,102,5232,8628
GCAGACCCAGCACGTA-1,0,39,103,5118,8826
TAGACTACCTAGCGTT-1,0,38,104,5005,8628
GGTTCTACTCGTCTGA-1,0,39,105,4891,8825
GACTCACCCACGTGAG-1,0,38,106,4778,8627
AGCTCTTCGTAACCTT-1,0,39,107,4663,8824
ACTATCCAGGGCATGG-1,0,38,108,4551,8626
AAGGATCGATCGCTTG-1,0,39,109,4436,8824
ATATCGGTAGGGAGAT-1,0,38,110,4323,8626
TTCCAGACGAGATTTA-1,0,39,111,4209,8823
GACCGACGTGAAAGCA-1,0,38,112,4096,8625
CCTGGAAACGTTCTGC-1,0,39,113,3982,8822
CCGGTAATGGCTAGTC-1,0,38,114,3869,8624
GCCGTGGAAGAAATGT-1,0,39,115,3755,8822
GTCTTGAGGAGCAGTG-1,0,38,116,3642,8624
TCCCAAAGCCCTAAAT-1,0,39,117,3528,8821
TTGAGCGCCACGTGAT-1,0,38,118,3415,8623
TTGAGTCCCGCTGCTG-1,0,39,119,3301,8820
ATGGAACCTTTGCACA-1,0,38,120,3188,8622
GCTAGCACCTGGGCCA-1,0,39,121,3074,8819
CGCCGTCTACCCATCG-1,0,38,122,2961,8622
GATAGGTGTCCCGGGC-1,0,39,123,2847,8819
AGGTATGCGGACATTA-1,0,38,124,2734,8621
TTGGTTCGCTCAAAGG-1,0,39,125,2620,8818
TCTGGAGCGTAAGAGT-1,0,38,126,2507,8620
TGCCTAAATTTAATAG-1,0,39,127,2393,8817
TAATTTCCGTCCAGTA-1,0,40,0,16812,9059
TCCTTCAATCCCTACG-1,0,41,1,16698,9256
TACCTATCCCTAGAGG-1,0,40,2,16585,9058
GCATGGGTACTGACGC-1,0,41,3,16471,9256
GTCGGGAACATGGTAG-1,0,40,4,16358,9058
GCAAATGAGGACACTT-1,0,41,5,16243,9255
GAATGGGCTTATCGAC-1,0,40,6,16131,9057
TGGTCGTGCAAGGCAA-1,0,41,7,16016,9254
CACCACGCCACACAGA-1,0,40,8,15903,9056
GAACCTCGACCTACAC-1,0,41,9,15789,9254
CAATACGCTCTGAGGC-1,0,40,10,15676,9056
TGGTAAGCAGGATTGA-1,0,41,11,15562,9253
AGTGGCTCCGTCGGCC-1,0,40,12,15449,9055
GATCGGATAGAACCAT-1,0,41,13,15335,9252
GCTACAGTACGGACCG-1,0,40,14,15222,9054
TCTATTACTAGAGGAT-1,0,41,15,15108,9252
TTCAGGCGTCAAAGCC-1,0,40,16,14995,9054
AGACCGGGAAACCCTG-1,0,41,17,14881,9251
AGAGATCTCTAAAGCG-1,0,40,18,14768,9053
CCCTGCCCAATCCGCT-1,0,41,19,14654,9250
GTGGCGGTCCCAGCGT-1,0,40,20,14541,9052
GCATTGTAATTCATAT-1,0,41,21,14427,9249
CCGTTCCGAATCTCGG-1,0,40,22,14314,9052
AGCTTGATCTTAACTT-1,0,41,23,14200,9249
CCTGTACTCACGCCCA-1,0,40,24,14087,9051
AAGTGACGACCGAATT-1,0,41,25,13973,9248
CTCACTTGGCTGGTAA-1,0,40,26,13860,9050
CGCCTGGCCTACGTAA-1,0,41,27,13746,9247
CCCGTAAGTCTAGGCC-1,0,40,28,13633,9049
TTGGACATGTGGCTTA-1,0,41,29,13518,9247
ATTACGCGCTGGCAGG-1,0,40,30,13406,9049
ACGCGCTACACAGGGT-1,0,41,31,13291,9246
TACGTTTACCGGCAAT-1,0,40,32,13178,9048
CGAAACGCAATTCATG-1,0,41,33,13064,9245
TAGTCTAACAACGAGA-1,0,40,34,12951,9047
TTGCATGCTGATCACG-1,0,41,35,12837,9245
TCTGGGTAGCGCTCAT-1,0,40,36,12724,9047
ACATCGGTCAGCCGCG-1,0,41,37,12610,9244
AGATACCGGTGTTCAC-1,0,40,38,12497,9046
GATTACTGAATTTGGG-1,0,41,39,12383,9243
TCCAACTTTAAATTCT-1,0,40,40,12270,9045
TCCTAGCAAAGAAGCT-1,0,41,41,12156,9242
GTCTATCTGAGTTTCT-1,0,40,42,12043,9045
GATGTTCAATCCACGA-1,0,41,43,11929,9242
AGTTAAACACTTGCGA-1,0,40,44,11816,9044
AGCTCTTTACTCAGTT-1,0,41,45,11702,9241
ATCCAGGATTCGTGAA-1,0,40,46,11589,9043
AGTCAACACCACCATC-1,0,41,47,11475,9240
CGATACCTCGCGGACA-1,0,40,48,11362,9042
TACAACGCACAACTCA-1,0,41,49,11248,9240
AATTAAAGGTCGGCGT-1,0,40,50,11135,9042
TACGCAGTTCTTTCCT-1,0,41,51,11021,9239
GACCGTGCTGACGGTG-1,0,40,52,10908,9041
GGCAAATTACTTTACT-1,0,41,53,10793,9238
GGTACAAACATGCTAT-1,0,40,54,10681,9040
CGGGCCTTCTTTGTAA-1,0,41,55,10566,9238
CGTGAAGTTAATTCAC-1,0,40,56,10453,9040
ATAGTGAAGCGTTCTC-1,0,41,57,10339,9237
TACGCCATATTCTAAT-1,0,40,58,10226,9039
GCCGGGTTAGGGTCGC-1,0,41,59,10112,9236
TACATAGGCATACACC-1,0,40,60,9999,9038
GCCGATTGGCCAAGCT-1,0,41,61,9885,9235
CTGCCATGCATCACAT-1,0,40,62,9772,9038
TTATGAATGAAAGGGA-1,0,41,63,9658,9235
GCTGAGGCGTGAGTAT-1,0,40,64,9545,9037
GCGCCGTTCCACGATA-1,0,41,65,9431,9234
CGCATGGTGCGATGCT-1,0,40,66,9318,9036
AGGTTTCACACACCTT-1,0,41,67,9204,9233
CAAGGATCGCATGTTC-1,0,40,68,9091,9035
ACGTTAATGTCGAAGA-1,0,41,69,8977,9233
TCCAGAGCACCGGTTC-1,0,40,70,8864,9035
GATTCGACGGTTCACG-1,0,41,71,8750,9232
GTTTCTGCAGTCTCCC-1,0,40,72,8637,9034
GCTGCACGGTTTCTTA-1,0,41,73,8523,9231
CGTGCAGACTGGGACA-1,0,40,74,8410,9033
GTGTTACTATGCGTCC-1,0,41,75,8296,9231
TCCTCGGGCTGGGCTT-1,0,40,76,8183,9033
GTGAGGACACTTAAGG-1,0,41,77,8068,9230
ATACGCCGGCGAAACC-1,0,40,78,7956,9032
TCTGCCAGAAACTGCA-1,0,41,79,7841,9229
TTCTGCGGGTTAGCGG-1,0,40,80,7728,9031
CTCGGTACCACTGCTC-1,0,41,81,7614,9229
GTAAGTAACAGTCTGG-1,0,40,82,7501,9031
GTGCGTGTATATGAGC-1,0,41,83,7387,9228
ATTTGTCTTGGGAGCT-1,0,40,84,7274,9030
CCTCGGACCGGGATAG-1,0,41,85,7160,9227
TAGGTGCTCGCCTAGC-1,0,40,86,7047,9029
CTTTAGGAACACTGTT-1,0,41,87,6933,9226
TCGGGCCGTCGTGGTA-1,0,40,88,6820,9028
AGTGCTTGCACGAATA-1,0,41,89,6706,9226
TGCAGTTTCCTCCCAT-1,0,40,90,6593,9028
TGAGAGATTTACCACG-1,0,41,91,6479,9225
GAAACAGATGACCACC-1,0,40,92,6366,9027
AGCAACATATCTTATT-1,0,41,93,6252,9224
CAAGTGTGGTTGCAAA-1,0,40,94,6139,9026
GCCTCATCTGGAAATA-1,0,41,95,6025,9224
AACCCTACTGTCAATA-1,0,40,96,5912,9026
ACGTATTACTCCGATC-1,0,41,97,5798,9223
TCTGGGAACCTTTGAA-1,0,40,98,5685,9025
GCTCGCTCATGTCCAA-1,0,41,99,5571,9222
GCGCAAGAGCGCGCTG-1,0,40,100,5458,9024
TTGACGCTCCATGAGC-1,0,41,101,5343,9222
TATAGATGGTCGCAGT-1,0,40,102,5231,9024
TTACATGCCACAACTA-1,0,41,103,5116,9221
ACATGGCGCCAAAGTA-1,0,40,104,5003,9023
TATGGTTAGTGGGAGA-1,0,41,105,4889,9220
CATGACTTCGCTGAAT-1,0,40,106,4776,9022
ACCACCAATGTAACAA-1,0,41,107,4662,9219
TCTTAGAGCTCCAATT-1,0,40,108,4549,9022
CCACGAATTTAACCTC-1,0,41,109,4435,9219
TTCTTGCTAGCATCTC-1,0,40,110,4322,9021
ACACCTTACTACTTGC-1,0,41,111,4208,9218
AGTCGGTTGCGTGAGA-1,0,40,112,4095,9020
ACCTACAGTATGTGGT-1,0,41,113,3981,9217
GAGGATAAACAGTGCT-1,0,40,114,3868,9019
TTCCGGTATCTGTGTC-1,0,41,115,3754,9217
GGAGGCCGAAGTCGTC-1,0,40,116,3641,9019
TTCGCTAGGAAGTTGT-1,0,41,117,3527,9216
TAAAGACAACCCTTTA-1,0,40,118,3414,9018
GTTGCGCTAACATTAC-1,0,41,119,3300,9215
GCTGAACTCTCCAGGG-1,0,40,120,3187,9017
AGCCCTGTCGCACCGT-1,0,41,121,3073,9215
AGCGCTAGAGCGATGT-1,0,40,122,2960,9017
TGCGCCGTTAATAACG-1,0,41,123,2846,9214
TGACAACGCATGTCGC-1,0,40,124,2733,9016
CGTCTTGAGTGTGACG-1,0,41,125,2618,9213
GATAGGATTAATTACA-1,0,40,126,2506,9015
GATACCGTGTCGGAGT-1,0,41,127,2391,9212
TGTGTCGAAGTCGAGG-1,0,42,0,16811,9454
GGATCAGAGCCATCAG-1,0,43,1,16696,9652
GTCCCAATCATCCCGC-1,0,42,2,16584,9454
TGCCACACTAGAGGAA-1,0,43,3,16469,9651
TGAATTTCACTTGCCT-1,0,42,4,16356,9453
CTCAGATTGTGATAAG-1,0,43,5,16242,9650
CGGACGTTACTTGAAG-1,0,42,6,16129,9452
CCGCCTTGCGATGTCG-1,0,43,7,16015,9649
CCAGTCAAATCTCTTA-1,0,42,8,15902,9452
AAACAGCTTTCAGAAG-1,0,43,9,15788,9649
TAGCTGATGTGAAGCG-1,0,42,10,15675,9451
CTTATGCGCTCAGGGC-1,0,43,11,15561,9648
TGGCTCTTGTCGCGTA-1,0,42,12,15448,9450
TTGTGAGGCATGACGC-1,0,43,13,15334,9647
CATAAGCTCTCCGTCT-1,0,42,14,15221,9449
CCTTCTCAGCGTTCCT-1,0,43,15,15107,9647
TGCAGCTACGTACTTC-1,0,42,16,14994,9449
CTCTACACTGGCGATT-1,0,43,17,14880,9646
TGCAGATCGTCCTAGG-1,0,42,18,14767,9448
TGCCAAAGTCAGACTT-1,0,43,19,14653,9645
ACAATAGTCGTACGTT-1,0,42,20,14540,9447
CATGCCAACTCGCAAA-1,0,43,21,14426,9645
TGCAGAACTATATCGT-1,0,42,22,14313,9447
TCGTGTCACGCTGACA-1,0,43,23,14199,9644
TGATCAGGGAACTGCT-1,0,42,24,14086,9446
CTTGCAACCGCCTCCT-1,0,43,25,13971,9643
AGCCCATACATGTAAG-1,0,42,26,13859,9445
ATCCAATGGAGGGTCC-1,0,43,27,13744,9642
AAACCGGGTAGGTACC-1,0,42,28,13631,9445
GCAACCACGGCCGCGT-1,0,43,29,13517,9642
CGCTTATTCCCGGTCG-1,0,42,30,13404,9444
TTACTCTGGTACGTAC-1,0,43,31,13290,9641
GTGGTTTCCGCCTTTC-1,0,42,32,13177,9443
ATAGGCGGCTATAGAA-1,0,43,33,13063,9640
GTGCCATCACACGGTG-1,0,42,34,12950,9442
CCCAACATACGTCGCG-1,0,43,35,12836,9640
CGGTGCAGATAGAACG-1,0,42,36,12723,9442
GGGCGGGTTCCCTACG-1,0,43,37,12609,9639
TGAGCCATACAGTCTC-1,0,42,38,12496,9441
CTCCGCCCACATGAGG-1,0,43,39,12382,9638
GTTGAACCGGTTCCAT-1,0,42,40,12269,9440
TTGACTACCATATGGT-1,0,43,41,12155,9638
ACCATCGTATATGGTA-1,0,42,42,12042,9440
TGCGTAAGAACCTGAT-1,0,43,43,11928,9637
AGAAGGTTGCCGAATT-1,0,42,44,11815,9439
AGGACGACCCATTAGA-1,0,43,45,11701,9636
GGTGCTGGTACACATT-1,0,42,46,11588,9438
GCGCTATGCCGAGGCA-1,0,43,47,11474,9635
ACCCGGTTACACTTCC-1,0,42,48,11361,9438
TAACTCATCCGCGCGG-1,0,43,49,11246,9635
CACAATGAGCTGCTAT-1,0,42,50,11134,9437
GTTACTTTGGGCCTAG-1,0,43,51,11019,9634
GGGCCCGTCTTAAACA-1,0,42,52,10906,9436
GAAATTGTCTCTATAA-1,0,43,53,10792,9633
GGCGCATGAATTGATG-1,0,42,54,10679,9435
CATATAGGTACAGTCA-1,0,43,55,10565,9633
TCAACGAGGAGACAAA-1,0,42,56,10452,9435
TTGCACAATTCAGAAA-1,0,43,57,10338,9632
CATCGGACGGGTTAAT-1,0,42,58,10225,9434
ATTAAACATGCGGACC-1,0,43,59,10111,9631
TATCTACCACAGCGGG-1,0,42,60,9998,9433
CGAGACCCTAGAGTGT-1,0,43,61,9884,9631
ACATCGATCGTTTACC-1,0,42,62,9771,9433
ATCGACCCAATACAGA-1,0,43,63,9657,9630
GAATCTGAACATTCTC-1,0,42,64,9544,9432
AGTTCCTATTTATGTT-1,0,43,65,9430,9629
CAGTCTGTATACTGGG-1,0,42,66,9317,9431
GGAGACGACACCTTTG-1,0,43,67,9203,9629
CCTAAATTAACGGTTC-1,0,42,68,9090,9431
GCTACGACTTATTGGG-1,0,43,69,8976,9628
CTGTGCAGGGTAGGTC-1,0,42,70,8863,9430
ACGCCGCTAGACGACC-1,0,43,71,8749,9627
ACTTGACTCCCTCTTT-1,0,42,72,8636,9429
CGCCTCCCTCCTCTAT-1,0,43,73,8521,9626
CTAGATTTACGACGGC-1,0,42,74,8409,9429
GATGCTGTATTTCATC-1,0,43,75,8294,9626
TGCGTTTGTTGACACT-1,0,42,76,8181,9428
CGTGCCCTCCCGAAGA-1,0,43,77,8067,9625
ACTCTCTGACTTAGGT-1,0,42,78,7954,9427
CTGGGTAGGCAGTTAA-1,0,43,79,7840,9624
GTTTGGCCCAAGTTAT-1,0,42,80,7727,9426
GAATGTGGTCCGGATT-1,0,43,81,7613,9624
CCCAGTTAAGGCGCCG-1,0,42,82,7500,9426
CGGTACTAGAATCAAA-1,0,43,83,7386,9623
GCTTAATGTAACTAAC-1,0,42,84,7273,9425
AGGACAGTCGAATCCC-1,0,43,85,7159,9622
GACAGCCAGACCTGAC-1,0,42,86,7046,9424
GGCGAAATCTAACTTG-1,0,43,87,6932,9622
CTGGTAACACATAGAA-1,0,42,88,6819,9424
TAGCCATTTCAAAGTC-1,0,43,89,6705,9621
GGGATTTACCGCACCT-1,0,42,90,6592,9423
ATGCCATTTGCGACCA-1,0,43,91,6478,9620
GAATAGACGCGACCCA-1,0,42,92,6365,9422
TGTATGGCGCAGACAG-1,0,43,93,6251,9619
GGATGAAGATCGCTGA-1,0,42,94,6138,9422
CGACAATTTGATCTAA-1,0,43,95,6024,9619
AAAGTTGACTCCCGTA-1,0,42,96,5911,9421
CGCGGCTCAACTTGAA-1,0,43,97,5796,9618
CACGCGGAACTGTTGC-1,0,42,98,5684,9420
TCTTAGAGTGAACTCT-1,0,43,99,5569,9617
AGTCCATTGGCTGATG-1,0,42,100,5456,9419
TTAAGATAGGATTGAC-1,0,43,101,5342,9617
ACATCCTGGTAACTGT-1,0,42,102,5229,9419
CACCTTGGCGCCTTTG-1,0,43,103,5115,9616
GCTAGACCGTCTACTG-1,0,42,104,5002,9418
CGGCCCAGGTATATCC-1,0,43,105,4888,9615
GTCCATTACTGCTACG-1,0,42,106,4775,9417
GGGTTTAGGATAGGAT-1,0,43,107,4661,9615
TAATTAGGACATCCGT-1,0,42,108,4548,9417
GCTCCCAGTCGGTCCA-1,0,43,109,4434,9614
ATTCGTGCTATCTCTT-1,0,42,110,4321,9416
GTTAACTATGTTGTCA-1,0,43,111,4207,9613
GCTCCGCTCGCTTCAG-1,0,42,112,4094,9415
GCAACGGCTAGTTATG-1,0,43,113,3980,9612
AATCGCGCAGAGGACT-1,0,42,114,3867,9415
AGGTTACACCATGCCG-1,0,43,115,3753,9612
CGAGATTTCGCTCGGG-1,0,42,116,3640,9414
CGATAATACTCAGGTT-1,0,43,117,3526,9611
AAGGCAGGCTGTCTCC-1,0,42,118,3413,9413
GTAAGTCCACACTCTA-1,0,43,119,3299,9610
ATGAGGGCAGCGGCTA-1,0,42,120,3186,9412
GCCGCACTCCGTTTCA-1,0,43,121,3071,9610
GAGCACGGCGCCTCTT-1,0,42,122,2958,9412
ACAATTTGGCCATATT-1,0,43,123,2844,9609
CTGGTTCGCGAGCTAC-1,0,42,124,2731,9411
GACGGTCCTAGGGTGT-1,0,43,125,2617,9608
ACTCGCGATCTGACGC-1,0,42,126,2504,9410
GTGTACGAACCGTTCC-1,0,43,127,2390,9608
CTTTGACGTCGCTTCT-1,0,44,0,16809,9849
CGTTATCATACTTCCA-1,0,45,1,16695,10047
GCTATGCCAGCTTATG-1,0,44,2,16582,9849
CAGTCGGCCTAGATAT-1,0,45,3,16468,10046
CCCGTGAGGGCGGTGA-1,0,44,4,16355,9848
TCTCGTGTTACGAGGA-1,0,45,5,16241,10045
ACGTCTCGTTCCGGGA-1,0,44,6,16128,9847
CGAGAGCGCGTAGATA-1,0,45,7,16014,10045
GACAGATTTCTGGCTC-1,0,44,8,15901,9847
GGGCCTAAATGGGCTA-1,0,45,9,15787,10044
ACTTGTAGTCCCTTCA-1,0,44,10,15674,9846
CCCGAAGTTTCGCGAA-1,0,45,11,15560,10043
ACCATCCGCCAACTAG-1,0,44,12,15447,9845
TGCGAATATGGGATTT-1,0,45,13,15333,10042
TACATCCCTATCCCTG-1,0,44,14,15220,9845
GTGGGAAGACTGAATC-1,0,45,15,15106,10042
TCAACATCGACCGAGA-1,0,44,16,14993,9844
CTATGTGAGTCACGGC-1,0,45,17,14879,10041
CCGAACACTGGGCCTC-1,0,44,18,14766,9843
AAACTTGCAAACGTAT-1,0,45,19,14651,10040
AGGGCGAGCAGCTGAT-1,0,44,20,14539,9842
AACACGAGACGCGGCC-1,0,45,21,14424,10040
TGACGAATATTTCCCT-1,0,44,22,14311,9842
TCGGAGAGTATCGGGA-1,0,45,23,14197,10039
CAAATCTCTCACAAGG-1,0,44,24,14084,9841
AGGCCCTAGAACGCCA-1,0,45,25,13970,10038
TAGAGATCATGCAACT-1,0,44,26,13857,9840
TTGTTTCCATACAACT-1,0,45,27,13743,10038
GAGAGGTGCATTCTGG-1,0,44,28,13630,9840
GTGGACCAACCCGATT-1,0,45,29,13516,10037
CTGGGCCTGCTATATC-1,0,44,30,13403,9839
CATAGTCCACAAGAAC-1,0,45,31,13289,10036
TTGACATGAACGTGGA-1,0,44,32,13176,9838
GGTTACCACCCTCGGG-1,0,45,33,13062,10035
TACCGGTCGTTTCCAT-1,0,44,34,12949,9838
CGAGTACTAAAGAGGA-1,0,45,35,12835,10035
GCAAGAATTCCTTGGC-1,0,44,36,12722,9837
TCGCCGAAGTTGCGTC-1,0,45,37,12608,10034
TTGAGAGTACTGCTAA-1,0,44,38,12495,9836
GCCACAATTTAAGGAC-1,0,45,39,12381,10033
ATATTCAGTTAAACCT-1,0,44,40,12268,9835
TGAGTGCCTCTTAAAT-1,0,45,41,12154,10033
ATCAGACGGCACGCCG-1,0,44,42,12041,9835
GTGCGAAATCGAACAC-1,0,45,43,11926,10032
GTGCCGCTTCAAAGGT-1,0,44,44,11814,9834
GATACGATGGGAGTCA-1,0,45,45,11699,10031
GACACTGAGTTCAGTG-1,0,44,46,11586,9833
ATCCTGCGTGGAATGG-1,0,45,47,11472,10031
ATCCTACCTAAGCTCT-1,0,44,48,11359,9833
AGTGATATGAGTAGTT-1,0,45,49,11245,10030
ATGATGCAATGGTACA-1,0,44,50,11132,9832
GAAACCGAATTACCTT-1,0,45,51,11018,10029
AGTGACCTACTTTACG-1,0,44,52,10905,9831
CAAATGTCCTTCCGTG-1,0,45,53,10791,10029
TTACTGGGATATTTCA-1,0,44,54,10678,9831
CTTGCCCAGGCTCTAC-1,0,45,55,10564,10028
AAATCGTGTACCACAA-1,0,44,56,10451,9830
GTGATCATAGATCTGC-1,0,45,57,10337,10027
TGGCAGATTACGATCA-1,0,44,58,10224,9829
TCACCCTCTTAAGATT-1,0,45,59,10110,10026
CAGGATATATCGTTGT-1,0,44,60,9997,9829
CCTGACCACCGATGGT-1,0,45,61,9883,10026
CTAAAGGGAAATAGGA-1,0,44,62,9770,9828
CCGCTATCAGCACCAG-1,0,45,63,9656,10025
CTTTAGTGCTATTATT-1,1,44,64,9543,9827
CGGGAATTTATGTAAA-1,1,45,65,9429,10024
TACGACTGCCTCTTAG-1,0,44,66,9316,9826
AAACTGCTGGCTCCAA-1,0,45,67,9201,10024
GTACGTTTGCCCGTCA-1,0,44,68,9089,9826
GGCAAGGCGAAATAGC-1,0,45,69,8974,10023
GATCTTGGAGGGCATA-1,0,44,70,8861,9825
AGCGTGGTATTCTACT-1,0,45,71,8747,10022
CTAAGGGAATGATTGG-1,0,44,72,8634,9824
CATGGTAAGTAGCGTT-1,0,45,73,8520,10022
CGTTGAGCGACCGTCG-1,0,44,74,8407,9824
TGCCCGTACCGTTAAA-1,0,45,75,8293,10021
ACAAGGGCAGGCTCTG-1,0,44,76,8180,9823
GAGATCTTCCATGACA-1,0,45,77,8066,10020
AATGACGTAGGATGTC-1,0,44,78,7953,9822
GTGGTGGCCAAGTGAA-1,0,45,79,7839,10019
TCCCGTGTGCAATTTG-1,0,44,80,7726,9822
ACATCGTATGCAATGG-1,0,45,81,7612,10019
GCGAAACTTAACTGGA-1,0,44,82,7499,9821
AATTGAACGCTCTGGT-1,0,45,83,7385,10018
ACAAATGGTAGTGTTT-1,0,44,84,7272,9820
ATGGTCGCGTGGTTTC-1,0,45,85,7158,10017
TGTTATTGTATGTGGC-1,0,44,86,7045,9819
TTCCGGTTACCCACTT-1,0,45,87,6931,10017
GAGTGTGCGGTACCCA-1,0,44,88,6818,9819
CAAGATATTATAACGT-1,0,45,89,6704,10016
ACACACCAGGACCAGT-1,0,44,90,6591,9818
ATGGGCCTCGGCCTCT-1,0,45,91,6476,10015
AAGGTGATAAACCAGC-1,0,44,92,6364,9817
TCTTACTTATGCCTCT-1,0,45,93,6249,10015
AAAGTGTGATTTATCT-1,0,44,94,6136,9817
TGCTCCACAGTTCTTA-1,0,45,95,6022,10014
CTGGCTGATTCATCCT-1,0,44,96,5909,9816
TAAGGCTGAATCCCTC-1,0,45,97,5795,10013
TCTAGTGATATCGTGG-1,0,44,98,5682,9815
TCGAAGAACCGAGCAC-1,0,45,99,5568,10012
GACAAACATATGCAGG-1,0,44,100,5455,9815
AAGTCAATTGTCGTCA-1,0,45,101,5341,10012
AGTGAACAAACTTCTC-1,0,44,102,5228,9814
CATGATGGAAGTTAGC-1,0,45,103,5114,10011
AAGTGCCTTGACTGTA-1,0,44,104,5001,9813
ATCGCCAGTCAACATT-1,0,45,105,4887,10010
ACCGCGGTGGAAGTCG-1,0,44,106,4774,9812
TCTTCTATAACCCGCC-1,0,45,107,4660,10010
CACATTTCTTGTCAGA-1,0,44,108,4547,9812
TAGCGTCCCTCGATTG-1,0,45,109,4433,10009
GTTCGGATCGGGAACA-1,0,44,110,4320,9811
CAAACTCGCGACGCCG-1,0,45,111,4206,10008
GTCTTGTAGCTATTCA-1,0,44,112,4093,9810
TCTCGACGTATCGCCG-1,0,45,113,3979,10008
TTGCCAAGCAGAACCC-1,0,44,114,3866,9810
AAACCCGAACGAAATC-1,0,45,115,3751,10007
TTGAGCAGCCCACGGT-1,0,44,116,3639,9809
CGCCTTTAGCATGCTC-1,0,45,117,3524,10006
TGTGGCTCCCACCAAC-1,0,44,118,3411,9808
CCGCCGTTGAGGATAA-1,0,45,119,3297,10005
CAATACGAGAGTCTGA-1,0,44,120,3184,9808
CATCTAGTGAAGGGAA-1,0,45,121,3070,10005
GGTGGAGGTTGATACG-1,0,44,122,2957,9807
CCGCACACGAACGTGT-1,0,45,123,2843,10004
AGAACCCAGCGTGACA-1,0,44,124,2730,9806
GCGCTCGATCACCTGT-1,0,45,125,2616,10003
ATCATGGACTACCGAC-1,0,44,126,2503,9805
TACGCCGCCTCAGAAG-1,0,45,127,2389,10003
CGACCTACTAGACAAT-1,0,46,0,16808,10245
GAGTCTTGTAAAGGAC-1,0,47,1,16694,10442
AATATCCTAGCAAACT-1,0,46,2,16581,10244
CCCTAGGCAACAAGAG-1,0,47,3,16467,10441
ACAAAGAAGGTAGGCC-1,0,46,4,16354,10243
CCCTGGCTGTTCCTTC-1,0,47,5,16240,10440
TCGCCGCACCGCGTGA-1,0,46,6,16127,10242
TATAGCGCACGTTATC-1,0,47,7,16013,10440
TTATCTGACATTAGGA-1,0,46,8,15900,10242
AGTGGTGTTACCCGTG-1,0,47,9,15786,10439
GCCAAGAATACTTCTG-1,0,46,10,15673,10241
CCGGCGTGAGACTCTG-1,0,47,11,15559,10438
TTCCCGGCGCCAATAG-1,0,46,12,15446,10240
AAACAGGGTCTATATT-1,0,47,13,15332,10438
ACAGTAATACAACTTG-1,0,46,14,15219,10240
CGAACGGCCGGACAAC-1,0,47,15,15104,10437
GCAACACACTAGAACT-1,0,46,16,14992,10239
ACTCCCATTCCTAAAG-1,0,47,17,14877,10436
ACCTGCGTGTCATGTT-1,0,46,18,14764,10238
TACTTTCCGCACGCCA-1,0,47,19,14650,10435
AGGTCAGGTGAGAGTG-1,0,46,20,14537,10238
TCCTCCTAAGACATTC-1,0,47,21,14423,10435
ATGTGAAAGCCTAATG-1,0,46,22,14310,10237
AGTCGGCTCAACTTTA-1,0,47,23,14196,10434
CGATCTGTTGGAGGAC-1,0,46,24,14083,10236
ACGGGAGTGTCGGCCC-1,0,47,25,13969,10433
TTAACTTCAGGTAGGA-1,0,46,26,13856,10235
CCACGGAGCCATAAGA-1,0,47,27,13742,10433
CTTCTATGTTGAAGTA-1,0,46,28,13629,10235
CACCGTTGCGCGATAT-1,0,47,29,13515,10432
TCTAGCAATCTCCGCC-1,0,46,30,13402,10234
AGTTTGGCCAGACCTA-1,0,47,31,13288,10431
TTGTAAGGACCTAAGT-1,0,46,32,13175,10233
AAATTTGCGGGTGTGG-1,0,47,33,13061,10431
AAGTTCGGCCAACAGG-1,0,46,34,12948,10233
CCGCTTACCTCACTCT-1,0,47,35,12834,10430
ATCACGTGCTAATTAA-1,0,46,36,12721,10232
GGTGAAGTACAGGGAT-1,0,47,37,12607,10429
GCTGTATTACTGGCCC-1,0,46,38,12494,10231
AACGGCCATCTCCGGT-1,0,47,39,12379,10429
TAAGTAACATCTTGAC-1,0,46,40,12266,10231
TTCTTGAGCCGCGCTA-1,0,47,41,12152,10428
AGTGCGTAGCTCGTAA-1,0,46,42,12039,10230
GGGATGGTCGTAACCG-1,0,47,43,11925,10427
GTCTGGGCGGTCGAGA-1,0,46,44,11812,10229
CGGAACGTAAACATAG-1,0,47,45,11698,10426
TGCGACACCCTAGTGC-1,0,46,46,11585,10229
CAAACGAGTATCGCAG-1,0,47,47,11471,10426
TCAGTAGGGACTATAA-1,0,46,48,11358,10228
GCGGTTCCCTATCATG-1,0,47,49,11244,10425
GTGACTTCAGTAGTGC-1,0,46,50,11131,10227
CGTCACGTCCATTGGT-1,0,47,51,11017,10424
ATAAGTTACCGCGACG-1,0,46,52,10904,10226
CTGAATCCGAGACCTC-1,0,47,53,10790,10424
TACGACGCTTGCTGCG-1,0,46,54,10677,10226
GAATTCACCCGGGTGT-1,0,47,55,10563,10423
GGGTGACACCTTAACT-1,0,46,56,10450,10225
TGAGTAAATTAGCGTA-1,0,47,57,10336,10422
GAGTCCGCTTACCGGA-1,0,46,58,10223,10224
GGCGCGTTCGAGTTTA-1,0,47,59,10109,10422
ATTCATATACTGTCCA-1,0,46,60,9996,10224
ATAAACGGACCCGTAA-1,0,47,61,9882,10421
GTCGTACCATCTCGGG-1,0,46,62,9769,10223
ATAATAGCTGTTGAAT-1,0,47,63,9654,10420
TTCCGCGTGAGGCGAT-1,1,46,64,9541,10222
TACCGGCTCACTGCCC-1,1,47,65,9427,10419
GTATCTTTCATAACCA-1,1,46,66,9314,10222
GTTACCTACAACTTGC-1,1,47,67,9200,10419
TGACTATAATCCTTTC-1,0,46,68,9087,10221
AAATACCTATAAGCAT-1,0,47,69,8973,10418
TTATTAGAGCGTGTTC-1,0,46,70,8860,10220
ATGTGGACATCTTGAT-1,0,47,71,8746,10417
GTACGCTTCATTGCAC-1,0,46,72,8633,10219
CACATATTAGCAGGAT-1,0,47,73,8519,10417
CAAGAGGGCGGAGTAC-1,0,46,74,8406,10219
TCGCAAAGATGCATTT-1,0,47,75,8292,10416
GTCGTTATTCGCTTAT-1,0,46,76,8179,10218
TCGTGTACTATGGATG-1,0,47,77,8065,10415
GCGGAGAGGGAGAACG-1,0,46,78,7952,10217
TCACAGGGAATCGCAA-1,0,47,79,7838,10415
GACTGCACCAGCCCAG-1,0,46,80,7725,10217
TCCGCTGTCATCCCGG-1,0,47,81,7611,10414
AGATACTCAAGATCGA-1,0,46,82,7498,10216
ACTGAATGGCGAAAGT-1,0,47,83,7384,10413
TCCTACATCCACGGCC-1,0,46,84,7271,10215
TTCAGCCCTGGTCCAC-1,0,47,85,7157,10412
TTAGAGTTTAGAAGGA-1,0,46,86,7044,10215
GGTTAGCTATATGTCT-1,0,47,87,6929,10412
CTGGTTTCGAGCAAGA-1,0,46,88,6816,10214
TGGGCCCATACTAATT-1,0,47,89,6702,10411
ACTTATTTATGTGCCA-1,0,46,90,6589,10213
TTAGTTATTCGTGGCA-1,0,47,91,6475,10410
AACCGCTAAGGGATGC-1,0,46,92,6362,10212
ATACGTCCACTCCTGT-1,0,47,93,6248,10410
CGACACGCTCCGACAG-1,0,46,94,6135,10212
TCTGAACTCGTACCCG-1,0,47,95,6021,10409
AGGATATAGGGATTTA-1,0,46,96,5908,10211
GTGATCACTAACGCCT-1,0,47,97,5794,10408
ACCGGGCCTTTGTTGA-1,0,46,98,5681,10210
TTGACAGGAGCTCCCG-1,0,47,99,5567,10408
CTCTTCTATTGACTGG-1,0,46,100,5454,10210
CGTGGCCGAATATCTA-1,0,47,101,5340,10407
GGTTTAGCCTTTCTTG-1,0,46,102,5227,10209
TCAAGGTTACTACACC-1,0,47,103,5113,10406
TTGACTATTGTCCGGC-1,0,46,104,5000,10208
CGGGAATATAGTATAC-1,0,47,105,4886,10406
GCAACAGCAGTATGCG-1,0,46,106,4773,10208
ATCAAACACTGTTCCA-1,0,47,107,4659,10405
TGGGCAATAGTTGGGT-1,0,46,108,4546,10207
TGAATGTCAGCCGGCC-1,0,47,109,4432,10404
CGGCTCTAAAGCTGCA-1,0,46,110,4319,10206
GGACACAAGTTTACAC-1,0,47,111,4204,10403
CCGAGAAGTCGCATAA-1,0,46,112,4091,10206
AACTACCCGTTTGTCA-1,0,47,113,3977,10403
GCACAAACGAGGCGTG-1,0,46,114,3864,10205
CACACAGCTTGCGCTC-1,0,47,115,3750,10402
GTGCTTACATCAGCGC-1,0,46,116,3637,10204
GCAAACGTCGCCAGGT-1,0,47,117,3523,10401
GAATAGCATTTAGGGT-1,0,46,118,3410,10203
TACTGTTTCTCTGGTA-1,0,47,119,3296,10401
TCCTATCATAGGTAAC-1,0,46,120,3183,10203
TTCGGTGGAGACGCCC-1,0,47,121,3069,10400
TGTTGCCGTCGTCCCA-1,0,46,122,2956,10202
CCAACTTGATAGATCC-1,0,47,123,2842,10399
CAAAGGTCATCTGAAA-1,0,46,124,2729,10201
CTAGCTTAATGGTCCC-1,0,47,125,2615,10399
AGGCCACATTGGTTAC-1,0,46,126,2502,10201
TTAGGATGGGAGGGTA-1,0,47,127,2388,10398
TATGACCTTGCGCTGG-1,0,48,0,16807,10640
ATATACATGTATGGTA-1,0,49,1,16693,10837
TGTGTGACCATGAATC-1,0,48,2,16580,10639
CCCACTCCACGGTATC-1,0,49,3,16466,10836
GGGCAGACGTCACTGC-1,0,48,4,16353,10638
TCAAAGAGCTATCTGT-1,0,49,5,16239,10836
AGATGCATCCTGTGTC-1,0,48,6,16126,10638
GTGAAGTCACGACTCG-1,0,49,7,16012,10835
TGATTCAGGTCCCGCG-1,0,48,8,15899,10637
CGCCACAGGTCGCGAT-1,0,49,9,15784,10834
TTGAATCGTTGTATAA-1,0,48,10,15672,10636
TGGCCAATTTGGTACT-1,0,49,11,15557,10833
CGACCCTTAACGCCGG-1,0,48,12,15444,10636
TCGGCGTACTGCACAA-1,0,49,13,15330,10833
GAGTAAGGCCACGGGA-1,0,48,14,15217,10635
ATCAGCTCGTCCACTA-1,0,49,15,15103,10832
AGGATCACGCGATCTG-1,0,48,16,14990,10634
AAATGGCCCGTGCCCT-1,0,49,17,14876,10831
CAGTACCAGTTTACGT-1,0,48,18,14763,10633
GGTCGTAAGCTCGCAC-1,0,49,19,14649,10831
CGTTCATGGTGCGCGT-1,0,48,20,14536,10633
GACTACAAAGCGGTGG-1,0,49,21,14422,10830
CAGCTGGCGTAACCGT-1,0,48,22,14309,10632
ACTCGTAACCCGTCCT-1,0,49,23,14195,10829
CATATGTCAGGCTACG-1,0,48,24,14082,10631
GCCCGACTTCTTCCCG-1,0,49,25,13968,10829
CTGGCATCCGAATGAG-1,0,48,26,13855,10631
AAGTGCGTTAGAATCT-1,0,49,27,13741,10828
AGAAGTGATTCGTGAT-1,0,48,28,13628,10630
TACCTTAAGATTTCCC-1,0,49,29,13514,10827
AATGACAGCAATGTCT-1,0,48,30,13401,10629
TCAACGCAGGAAATAA-1,0,49,31,13287,10826
TATTCCTCCGCCCACT-1,0,48,32,13174,10629
ATCAAACGAAGGTTTG-1,0,49,33,13059,10826
TTGATTAGCTGTTTCT-1,0,48,34,12947,10628
CTGCTGAGGCCACGAA-1,0,49,35,12832,10825
CCGTGTTAAATTCCAT-1,0,48,36,12719,10627
CACGTCGGCAACCTCT-1,0,49,37,12605,10824
GTATTCTGAGAAACGA-1,0,48,38,12492,10626
CGGTGCGCGTTGGTCC-1,0,49,39,12378,10824
GTGATTCGCCGCTCAA-1,0,48,40,12265,10626
GCCCGCGCGTAAACGG-1,0,49,41,12151,10823
AACGTACTGTGGGTAC-1,0,48,42,12038,10625
GAGTATGCCCGCCTTG-1,0,49,43,11924,10822
TGATTCTGTCGCCGGT-1,0,48,44,11811,10624
GGGCGGCAAATGAATT-1,0,49,45,11697,10822
TTCCAATCTGGCTATC-1,0,48,46,11584,10624
GGAACCGTGTAAATTG-1,0,49,47,11470,10821
TTGGTCACACTCGTAA-1,0,48,48,11357,10623
CGAACCCGCATGCGTC-1,0,49,49,11243,10820
GGGCGTCACCACGTAA-1,0,48,50,11130,10622
TACCAGAAGTAGGTTC-1,0,49,51,11016,10819
TTGGATATCGTCTACG-1,0,48,52,10903,10622
TAGATATGGACTGGAA-1,0,49,53,10789,10819
GCGACGATAGTTGTAC-1,0,48,54,10676,10621
CTGGATTTACACTTGA-1,0,49,55,10562,10818
GTTATATTATCTCCCT-1,0,48,56,10449,10620
TATTCCACTCAGCTCG-1,0,49,57,10334,10817
CTGTTACCCAATCTAG-1,0,48,58,10222,10619
ACGCGAAGTCAGACGA-1,0,49,59,10107,10817
GATAGGTAACGTTGAC-1,0,48,60,9994,10619
TGTTCGTATTGCGGTG-1,0,49,61,9880,10816
GGTCAGTGGGTCCCAC-1,0,48,62,9767,10618
AATTCTAGAGTTAGGC-1,1,49,63,9653,10815
GTTTACGTTCCATCTG-1,1,48,64,9540,10617
AGACCCACCGCTGATC-1,1,49,65,9426,10815
TCTAGCATGCCCAGAA-1,1,48,66,9313,10617
CCCGCAGCGCGAACTA-1,1,49,67,9199,10814
CTCTATTTGGCTGCAG-1,1,48,68,9086,10616
TTCTGCCGCGCCTAGA-1,1,49,69,8972,10813
ACTCCCTAGAATAGTA-1,0,48,70,8859,10615
CCGAACCTTCCCGGCC-1,0,49,71,8745,10812
TCAGACGCTATAGAAG-1,0,48,72,8632,10615
CAGGCGCCATGCTAGG-1,0,49,73,8518,10812
CACTCGAGCTGAACAA-1,0,48,74,8405,10614
ACAAGGAAATCCGCCC-1,0,49,75,8291,10811
ACCACGTGCAGCTATA-1,0,48,76,8178,10613
ACGGCGACGATGGGAA-1,0,49,77,8064,10810
TTACTAAAGGACTTTA-1,0,48,78,7951,10612
GGCTGAAATAGCAAAG-1,0,49,79,7837,10810
TTAGACGAGTCACCTC-1,0,48,80,7724,10612
GTAGTCGCGGGAATCA-1,0,49,81,7609,10809
GCAAACCCTACATTAT-1,0,48,82,7497,10611
GTTAAAGTAGGACTGG-1,0,49,83,7382,10808
ACCCTCCCTTGCTATT-1,0,48,84,7269,10610
CATGTCTCATTTATGG-1,0,49,85,7155,10808
AATAGAATCTGTTTCA-1,0,48,86,7042,10610
TCTCATGAGATAGGGT-1,0,49,87,6928,10807
ATGACTATGCGACATT-1,0,48,88,6815,10609
CCTAACCCAAACAAGT-1,0,49,89,6701,10806
AGTCAAGATGACACTT-1,0,48,90,6588,10608
CGGGAGCTTCAGTGTA-1,0,49,91,6474,10806
CCACAGTACCCATCCT-1,0,48,92,6361,10608
GAGCGCGCACGAGTAG-1,0,49,93,6247,10805
ACCAGTGCGGGAGACG-1,0,48,94,6134,10607
TCCTTACGACGGTCCG-1,0,49,95,6020,10804
TAGTCGATCACGGGTT-1,0,48,96,5907,10606
AGACGAAGTGCCGGTC-1,0,49,97,5793,10803
CGCTGGTGACTACCCT-1,0,48,98,5680,10606
AGGCATTGTCGTAGGG-1,0,49,99,5566,10803
TGGTAGAATATATGGG-1,0,48,100,5453,10605
TTCTTATCCGCTGGGT-1,0,49,101,5339,10802
AGTTTGGCACGGGTTG-1,0,48,102,5226,10604
GCATCGGCCGTGTAGG-1,0,49,103,5112,10801
ATGCGAGTCCCACCAC-1,0,48,104,4999,10603
TCGGCGAACCCAAACC-1,0,49,105,4884,10801
AGAGTAAACTTCACTA-1,0,48,106,4772,10603
AAGCCGAAGCGGTTTA-1,0,49,107,4657,10800
CCCGAGTTTCTCCGTA-1,0,48,108,4544,10602
AATATCGAATCAATGC-1,0,49,109,4430,10799
GCGCCTCCCACTCCGA-1,0,48,110,4317,10601
CGTTAAACTAGTTAGG-1,0,49,111,4203,10799
TGAGTTAAAGACATTC-1,0,48,112,4090,10601
AACAGGTAGTATGGAT-1,0,49,113,3976,10798
GAACGCGGGTCACACG-1,0,48,114,3863,10600
TGTTTGAGATCGTCAG-1,0,49,115,3749,10797
ATCTCGTGAGCGAAAC-1,0,48,116,3636,10599
CTGAGAAAGTTCGGCG-1,0,49,117,3522,10796
ATTACCACACTGCCTG-1,0,48,118,3409,10599
CTGCTGTCTAACGAGC-1,0,49,119,3295,10796
CGTGGAAGCCTCGTAC-1,0,48,120,3182,10598
GGACTCACAAATTAGG-1,0,49,121,3068,10795
CTTTGCTGTCATGGAT-1,0,48,122,2955,10597
GGTGTTGGGCGTCTTA-1,0,49,123,2841,10794
TACCATGTATTGATTT-1,0,48,124,2728,10596
GGTCTCCAAGTAGTGC-1,0,49,125,2614,10794
ATCCTTCTGAAAGAAC-1,0,48,126,2501,10596
CCGGAAGTTATCAGTC-1,0,49,127,2387,10793
TTAGAGGGATATACAG-1,0,50,0,16806,11035
TTGTACACCTCGAACA-1,0,51,1,16692,11232
GTGGGTACTGAGCGTA-1,0,50,2,16579,11034
CTTAAGCAGCGAGCCG-1,0,51,3,16465,11231
GCATTGACTTGCGGAA-1,0,50,4,16352,11033
CCATAACCTGTGCAGT-1,0,51,5,16237,11231
GGGCTACTATTTCGTG-1,0,50,6,16124,11033
GGCGAGCGAAACGGCA-1,0,51,7,16010,11230
GGAGACCATCTACATA-1,0,50,8,15897,11032
AGACCAAACCACACCT-1,0,51,9,15783,11229
CGACGCATCCGTACCT-1,0,50,10,15670,11031
CCTAGGTAAAGGTAGC-1,0,51,11,15556,11229
AGCGGCGGTTAGCGGT-1,0,50,12,15443,11031
CTGGACGCAGTCCGGC-1,0,51,13,15329,11228
AGCCTAATACCCACGT-1,0,50,14,15216,11030
AATCTGGCTTTCTAGT-1,0,51,15,15102,11227
CACCCTTGGTGAGACC-1,0,50,16,14989,11029
GGATCTTGACTCAACC-1,0,51,17,14875,11226
ACGAGGATACCACTCT-1,0,50,18,14762,11029
GAGTTGATGGCAATTT-1,0,51,19,14648,11226
GTGGCAAACAGCGGCA-1,0,50,20,14535,11028
GATGTAACGAACCACC-1,0,51,21,14421,11225
AGCCGTGGCTAAATGT-1,0,50,22,14308,11027
CTCCCTCCTTTCGATC-1,0,51,23,14194,11224
TTGGAAGAATACAGTC-1,0,50,24,14081,11026
AGTTAAGTCAACCGCT-1,0,51,25,13967,11224
CTCATGGTAATTTGCG-1,0,50,26,13854,11026
AAAGTAGCATTGCTCA-1,0,51,27,13740,11223
TTGTGGTAGGAGGGAT-1,0,50,28,13627,11025
AGTCGTGGGCATTACG-1,0,51,29,13512,11222
ACCTAAGTACCTTTCA-1,0,50,30,13399,11024
GTAGAGGGAGACAAGT-1,0,51,31,13285,11222
GATCCTCGACACTGGC-1,0,50,32,13172,11024
CCTACATTCACAGACG-1,0,51,33,13058,11221
TTGACCGTGTTAATGA-1,0,50,34,12945,11023
TCTGTTACCCAGCATA-1,0,51,35,12831,11220
CTAACTGGTCCGGTTC-1,0,50,36,12718,11022
AGCGACAGGAACGGTC-1,0,51,37,12604,11219
TAATAGAACAGAGTTA-1,0,50,38,12491,11022
ACAGGTGGAGGTGAGG-1,1,51,39,12377,11219
TGCGAGAATATTACCC-1,0,50,40,12264,11021
TTGCGTCGGCCAACCG-1,0,51,41,12150,11218
AGGCTTCCCGAAGAAG-1,0,50,42,12037,11020
GCGGACCGCGTTGTGG-1,0,51,43,11923,11217
GTAATCTGATTCTTCG-1,0,50,44,11810,11019
CCGCGGAATGCGTCAC-1,0,51,45,11696,11217
TTCCACACAGATTTGA-1,0,50,46,11583,11019
CTTCTATTAATGCTAG-1,0,51,47,11469,11216
CATTTGAGTGGTACGT-1,0,50,48,11356,11018
TCACAGCAAACTCGAA-1,0,51,49,11242,11215
CAGACGAACCTGATAC-1,0,50,50,11129,11017
TAGCTAGAAGGCATGA-1,0,51,51,11015,11215
ATCCAGAGCAACAACC-1,0,50,52,10902,11017
TCCGGTTCGTCCGGTC-1,0,51,53,10787,11214
CGCGCATGTTTGATTG-1,0,50,54,10674,11016
TGGCGATCAAGTTATG-1,0,51,55,10560,11213
CCCTTTGACAGGTCTT-1,0,50,56,10447,11015
CAGAGACGGTCACCCA-1,0,51,57,10333,11212
TAGCTCGCCTGATAAC-1,0,50,58,10220,11015
TTGTGTTTCCCGAAAG-1,1,51,59,10106,11212
TATACACAGACGCCTT-1,1,50,60,9993,11014
ACATTAGTTTATATCC-1,1,51,61,9879,11211
CCATCGCAGTTAAACT-1,1,50,62,9766,11013
AATTAGCGCTGCAGCG-1,1,51,63,9652,11210
TCCGCTTATCCCATTA-1,1,50,64,9539,11012
GTTTGGGCTTGTGAGC-1,1,51,65,9425,11210
CTTGTCAACATTCGAG-1,1,50,66,9312,11012
GGACCAACAGGATAAC-1,1,51,67,9198,11209
AAGCTAGATCGAGTAA-1,1,50,68,9085,11011
TACCGTGCCTCGGACC-1,1,51,69,8971,11208
GTAGCCAAACATGGGA-1,1,50,70,8858,11010
TGCCAGTACGTGGAGA-1,1,51,71,8744,11208
ATAAGGTGGAGAACAT-1,0,50,72,8631,11010
CTTTAATATTGGTCGA-1,0,51,73,8517,11207
TGGTTCAACGGGTAAT-1,0,50,74,8404,11009
GCTGCTACTGCGTAGC-1,0,51,75,8290,11206
CTGCACAACTACATAT-1,0,50,76,8177,11008
ATATTCCACATAGTGA-1,0,51,77,8062,11206
TGGCAAACTAAATTAC-1,0,50,78,7949,11008
ACCGCAATAACTGCCT-1,0,51,79,7835,11205
TCGCACCAGGAGGCAG-1,0,50,80,7722,11007
ACTTCAGGCTGATCCC-1,0,51,81,7608,11204
ACAAATCGCACCGAAT-1,0,50,82,7495,11006
TCTGATGTATTCTGTC-1,0,51,83,7381,11203
CTTTACCGAATAGTAG-1,0,50,84,7268,11006
GCAGATCCATAAGACT-1,0,51,85,7154,11203
TTCCTCGGACTAACCA-1,0,50,86,7041,11005
TTATCCGGGATCTATA-1,0,51,87,6927,11202
CTGGAAGACACGGTGG-1,0,50,88,6814,11004
GTTCGTCTAAAGAACT-1,0,51,89,6700,11201
GTCTATTGGTTCCGGT-1,0,50,90,6587,11003
CTAGGCGCCCTATCAG-1,0,51,91,6473,11201
AACGGACGTACGTATA-1,0,50,92,6360,11003
AACACACGCTCGCCGC-1,0,51,93,6246,11200
GCTACTATAGTAGAGT-1,0,50,94,6133,11002
AGCATATCAATATGCT-1,0,51,95,6019,11199
CGAACAGTATGGGCGT-1,0,50,96,5906,11001
ACAATTGTGTCTCTTT-1,0,51,97,5792,11199
GATCGCTACCCGATTT-1,0,50,98,5679,11001
ATTGCGATCAGTAACT-1,0,51,99,5564,11198
CAGCAGTCCAGACTAT-1,0,50,100,5452,11000
AGAGGCTTCGGAAACC-1,0,51,101,5337,11197
AAACAAGTATCTCCCA-1,0,50,102,5224,10999
GGCAGCAAACCTATGC-1,0,51,103,5110,11196
ACTAGTTGCGATCGTC-1,0,50,104,4997,10999
TTGGACCATCTGGCAA-1,0,51,105,4883,11196
CCCTCCTCGCTCGTAT-1,0,50,106,4770,10998
GAGCGCAAATACTCCG-1,0,51,107,4656,11195
ATTACATGTCAGTCTT-1,0,50,108,4543,10997
TTGGGACGTAAGAGTT-1,0,51,109,4429,11194
CTTCGGCCAATTGTTT-1,0,50,110,4316,10996
AGACCGCTCCGCGGTT-1,0,51,111,4202,11194
GACCGCGTCTGACGTG-1,0,50,112,4089,10996
CCAAATAACAAGATTC-1,0,51,113,3975,11193
TCTTTAGAGTCTAACA-1,0,50,114,3862,10995
CTCCCAATGAGTCGCG-1,0,51,115,3748,11192
TAGTCTTTCCGAATTG-1,0,50,116,3635,10994
GAGTAAACCGGAAAGT-1,0,51,117,3521,11192
GATCTCGACGCTGTGG-1,0,50,118,3408,10994
CTGACATAGAAATAGA-1,0,51,119,3294,11191
TATACCGAGTGCCACA-1,0,50,120,3181,10993
TCCGAACGTTGCCGCT-1,0,51,121,3067,11190
GCAGAAGGTAATCTCC-1,0,50,122,2954,10992
GGTACTAAGTGCTTTG-1,0,51,123,2839,11189
CAGAATATTCGTTATC-1,0,50,124,2727,10992
TAATCAACCAAATGGG-1,0,51,125,2612,11189
TCTGCTTAGAACAAGC-1,0,50,126,2499,10991
AACTGAGTTATACTGA-1,0,51,127,2385,11188
CCTCAACGATCGCTGT-1,0,52,0,16805,11430
CGGTACGGCAAACCCA-1,0,53,1,16690,11627
CAGATGTTTGTCCCAA-1,0,52,2,16577,11429
GTTTGTTAGCCAAGTA-1,0,53,3,16463,11626
ACGTGACAAAGTAAGT-1,0,52,4,16350,11429
TTGTCACCGCGGTATC-1,0,53,5,16236,11626
GATCTAACCGTATTCA-1,0,52,6,16123,11428
ATGGAAATTTAAGGAG-1,0,53,7,16009,11625
ATTGATCACCACATTT-1,0,52,8,15896,11427
ACTGCTCGGAAGGATG-1,0,53,9,15782,11624
TCTAAAGAACAGTCTC-1,0,52,10,15669,11426
CTGGGTTGAGTTAAAG-1,0,53,11,15555,11624
CCCAGTAAACTTGGGA-1,0,52,12,15442,11426
AGATTCACAACCGATA-1,0,53,13,15328,11623
AGAAGGTACACTTCAC-1,0,52,14,15215,11425
GCAGGAACTTAGATCT-1,0,53,15,15101,11622
AATCTAGGTTTACTTG-1,0,52,16,14988,11424
CCCGGTGTATCGGAAT-1,0,53,17,14874,11622
TTATCCTCAAGGAATA-1,0,52,18,14761,11424
AGCATCATTTCGAAAG-1,0,53,19,14647,11621
CGCGAGTCTGCCGGGT-1,0,52,20,14534,11423
TGCGTCATGACTGAGC-1,0,53,21,14420,11620
GTATGAAATTTCACTC-1,0,52,22,14307,11422
TTGGTTGCGGTGCGCG-1,0,53,23,14192,11619
ACAGAACTGAGAACAA-1,0,52,24,14080,11422
CTACTATCATAGGTTT-1,0,53,25,13965,11619
CCTCTATCGATTAGCA-1,0,52,26,13852,11421
CCGTATCTCGTCGTAG-1,0,53,27,13738,11618
TCACGATGTCCGTGGA-1,0,52,28,13625,11420
TCAACAAAGATAATTC-1,0,53,29,13511,11617
ATGACGCGTTCTATCC-1,0,52,30,13398,11419
ATTTGCGCGAGTAGCT-1,0,53,31,13284,11617
TTCTTGGACGATCTGC-1,0,52,32,13171,11419
AGACGACGATGCCGCT-1,0,53,33,13057,11616
GGTCTCTGAATGGACT-1,0,52,34,12944,11418
GCTCAATCCGTTTATT-1,0,53,35,12830,11615
CCAGAAAGCAACTCAT-1,0,52,36,12717,11417
CACCGTTAGGGATCAC-1,0,53,37,12603,11615
AATAACACTAGAACAA-1,0,52,38,12490,11417
CACCCGGTTTGTGACT-1,1,53,39,12376,11614
CCACCAACTTTACTGT-1,1,52,40,12263,11416
AACTCTCAGTGTGCTC-1,1,53,41,12149,11613
AAACCGTTCGTCCAGG-1,0,52,42,12036,11415
CAGCGATTCCCTTCAA-1,0,53,43,11922,11613
GCTAGCTTGAATAGCT-1,0,52,44,11809,11415
TTGCGGCATCAGAAAG-1,1,53,45,11695,11612
AATAGAACAGAGTGGC-1,0,52,46,11582,11414
GCCATCGAGCTGCGTG-1,1,53,47,11467,11611
ACACTGATCAAGGTGT-1,1,52,48,11355,11413
ACCAACGCTTATTTAT-1,1,53,49,11240,11610
GACATCGATTTATAAC-1,0,52,50,11127,11413
CAGACACCGATCGCTG-1,1,53,51,11013,11610
CCAAGAAAGTGGGCGA-1,0,52,52,10900,11412
GGTAGACCGTTGGGCG-1,1,53,53,10786,11609
TCGTTAGGAGTCCCTA-1,1,52,54,10673,11411
ACGGCCAACATGGACT-1,1,53,55,10559,11608
GTGAGTGGTACAACGC-1,0,52,56,10446,11410
GAGACTTCGCGACCGA-1,1,53,57,10332,11608
GAAGTCAGTTGCACTA-1,1,52,58,10219,11410
GTTTGGTAGGGTCAAC-1,1,53,59,10105,11607
ACGGCACTTGCTTGGG-1,1,52,60,9992,11409
CCTCTGTACTATTCTA-1,1,53,61,9878,11606
CTATTCATGTGTCCCA-1,1,52,62,9765,11408
GCCCGATCTGTGGTCG-1,1,53,63,9651,11606
TTAGAAGAACATGACT-1,1,52,64,9538,11408
AGGATAAAGTCGGGAT-1,1,53,65,9424,11605
CGGCAAACATCGTGCG-1,1,52,66,9311,11407
CTAGTTACAACCCGGT-1,1,53,67,9197,11604
TTCGACAGAGCCCGTG-1,1,52,68,9084,11406
AAGCATACTCTCCTGA-1,1,53,69,8970,11603
GACGACGATCCGCGTT-1,1,52,70,8857,11406
GGTAGAAGACCGCCTG-1,1,53,71,8742,11603
GAGATGGGAGTCGACA-1,1,52,72,8630,11405
AACGATAATGCCGTAG-1,1,53,73,8515,11602
TGGTCCCACGCTACGG-1,0,52,74,8402,11404
CTGCTTGGCGATAGCT-1,0,53,75,8288,11601
ATCGGAGACAGACGGC-1,0,52,76,8175,11403
TAGCGTCCGGTGTGGT-1,0,53,77,8061,11601
GTTGAGTCCCGCCGGT-1,0,52,78,7948,11403
AAATAGGGTGCTATTG-1,0,53,79,7834,11600
AAGTGTTTGGAGACGG-1,0,52,80,7721,11402
AGCACTACCTCACCAG-1,0,53,81,7607,11599
TGCCTTGGCCAGGCAA-1,0,52,82,7494,11401
TCGTCTTAGGCGTTAA-1,0,53,83,7380,11599
TTCTGACCGGGCTCAA-1,0,52,84,7267,11401
CAGAACTTAGCCCTCT-1,0,53,85,7153,11598
AGCTCCTTCGCACATC-1,0,52,86,7040,11400
ACAGGCTTGCCCGACT-1,0,53,87,6926,11597
GCTATACGTCTCGGAC-1,0,52,88,6813,11399
GAGCCAGCTACCTGTG-1,0,53,89,6699,11596
TGCTAAGTGTCTATTT-1,0,52,90,6586,11399
GTCCTACGAATAGTCT-1,0,53,91,6472,11596
CAGTGTCGGCTGGCCC-1,0,52,92,6359,11398
CTATCGACGAAATACA-1,0,53,93,6245,11595
CATCATTACCCTGAGG-1,0,52,94,6132,11397
TAAGTTGCGACGTAGG-1,0,53,95,6017,11594
AGTGCACGCTTAAGAA-1,0,52,96,5905,11396
TGTGCCGGTGCCGGAA-1,0,53,97,5790,11594
AGGAGGCCTTCGCGCG-1,0,52,98,5677,11396
TCCGCGGCCCAATGAA-1,0,53,99,5563,11593
TCCGTTAAGCTAATAT-1,0,52,100,5450,11395
AAATCTAGCCCTGCTA-1,0,53,101,5336,11592
CGCAGGCGATCCAAAC-1,0,52,102,5223,11394
CCATATGGAAACTATA-1,0,53,103,5109,11592
CACCGTATCCCATCCG-1,0,52,104,4996,11394
GGTCAAGACTACTTCG-1,0,53,105,4882,11591
CCCGTTTCGCAGATGT-1,0,52,106,4769,11393
GTTATAATACGGTGAA-1,0,53,107,4655,11590
ACTTGTGGATGGAACG-1,0,52,108,4542,11392
GTTCGCTGAGACGTCT-1,0,53,109,4428,11589
GACACTGGAACCCGAT-1,0,52,110,4315,11392
CCCAGGTCTGAAGGCT-1,0,53,111,4201,11589
TCTCGAGGAGGTTCGC-1,0,52,112,4088,11391
ACTATCTGCCCGCGTA-1,0,53,113,3974,11588
CCTAAATTGTATCCTA-1,0,52,114,3861,11390
AGAAATTATGACTCGC-1,0,53,115,3747,11587
TCCAGCGCTATAAGCG-1,0,52,116,3634,11389
TCGTGTATTGGTCACG-1,0,53,117,3520,11587
CCACATACTGCACCCA-1,0,52,118,3407,11389
GTTGCGGACGGTCAGG-1,0,53,119,3292,11586
GTATTTAATGGCATAA-1,0,52,120,3180,11388
GTCGATAGGTGACTTT-1,0,53,121,3065,11585
AATAATCTTCGTATCG-1,0,52,122,2952,11387
ATTGTTCAACGATCCG-1,0,53,123,2838,11585
GTGCAGCGTAGAGTAG-1,0,52,124,2725,11387
TGTGGTAGGGTGCCTT-1,0,53,125,2611,11584
TGTGGACTATCTACGT-1,0,52,126,2498,11386
GGCGGGCTCTAAGAGT-1,0,53,127,2384,11583
TGTGCCAGAGGCAAAG-1,0,54,0,16803,11825
TGGCTTATGTATAATG-1,0,55,1,16689,12022
GCAAGCTGGAAACCGC-1,0,54,2,16576,11824
GATATCAAGCAGGAGC-1,0,55,3,16462,12022
CACCAATCATCCGTCT-1,0,54,4,16349,11824
CCACATGGCTCTTTAT-1,0,55,5,16235,12021
GTCCTACTCTACGGGC-1,0,54,6,16122,11823
CTCGAGACATACGATA-1,0,55,7,16008,12020
TATCAGTGGCGTAGTC-1,0,54,8,15895,11822
TGACAGGACAAGTCCA-1,0,55,9,15781,12019
TATTAACACCAAAGCA-1,0,54,10,15668,11822
TAGGCGATGAGGTCTC-1,0,55,11,15554,12019
CCGCCGGAACTTCTCG-1,0,54,12,15441,11821
GCCATTAGCCTCAAAC-1,0,55,13,15327,12018
GTTAGGCTACCCGTTT-1,0,54,14,15214,11820
GGGTATTCTAGCAAAC-1,0,55,15,15100,12017
GCCCTAGCCGTCGCGA-1,0,54,16,14987,11819
CAGATCCTGGTTTGAA-1,0,55,17,14872,12017
CTTCAGTGGTCGCCTA-1,0,54,18,14760,11819
GGGCAACCGCACGTGC-1,0,55,19,14645,12016
GACCCAATTATGATAC-1,0,54,20,14532,11818
GAAGCTCGGACCCGTC-1,0,55,21,14418,12015
CGTCGGGTCTAAGCGC-1,0,54,22,14305,11817
GAGGCCCGACTCCGCA-1,0,55,23,14191,12015
TTGCCATAGCCCGCTC-1,0,54,24,14078,11817
TAACATACACGCGATC-1,0,55,25,13964,12014
CCGACGGGCATGAGGT-1,0,54,26,13851,11816
AATGTGCCCGAGGTGT-1,0,55,27,13737,12013
AGCTGTAACCTCAATC-1,0,54,28,13624,11815
CGAGTGAAGGTACCAG-1,0,55,29,13510,12013
AGTCTCACAAGACTAC-1,0,54,30,13397,11815
AAATTGATAGTCCTTT-1,0,55,31,13283,12012
TAAGTCGCCGAGTATC-1,0,54,32,13170,11814
GCGGAGAAACTTCGCA-1,0,55,33,13056,12011
GGCAAAGGCGCCAATA-1,0,54,34,12943,11813
ATTTCCGGGTTCTGCG-1,0,55,35,12829,12010
TAAACCCAGGAGGGCA-1,0,54,36,12716,11813
TTCGGGCGCTAGTCTT-1,0,55,37,12602,12010
GTGGAGTCGGCGGTTG-1,0,54,38,12489,11812
GCACGCCTACTTAGAT-1,1,55,39,12375,12009
CAATATTCTTGACCTA-1,1,54,40,12262,11811
CGTTTGTGTAGAGGGT-1,1,55,41,12147,12008
CATAGCGTTGCCCACC-1,1,54,42,12035,11810
TGATACATTTAGCCGT-1,1,55,43,11920,12008
TTCCGGCCTTGAGGCT-1,1,54,44,11807,11810
CCTATACCGTCCTGTC-1,1,55,45,11693,12007
TCGTTGCTATCCGGTC-1,1,54,46,11580,11809
TGGCGACTGCTCCAAA-1,1,55,47,11466,12006
CAGAGGCGATGCATGA-1,1,54,48,11353,11808
TCACAGGAGAATAAGA-1,1,55,49,11239,12006
GGGTTAACATTTGAGT-1,1,54,50,11126,11808
GCGGGCGAGCCTTACC-1,1,55,51,11012,12005
TGCCAATGGGTACTCT-1,1,54,52,10899,11807
AGGGACTCTACGCGAC-1,1,55,53,10785,12004
GACGCCGTAAAGGCTA-1,1,54,54,10672,11806
AAAGGCTCTCGCGCCG-1,1,55,55,10558,12003
CTGGCTGGTTGTCAGT-1,1,54,56,10445,11806
ACATCCCGGCCATACG-1,1,55,57,10331,12003
CTCTTGTCCCGCTTGG-1,1,54,58,10218,11805
TACGCCTCCATTCCGA-1,1,55,59,10104,12002
CGGAGCAATTTAATCG-1,1,54,60,9991,11804
AACTAGGCTTGGGTGT-1,1,55,61,9877,12001
GCGTCGCCAGGGTGAT-1,1,54,62,9764,11803
GTTGGTCATGCTATCC-1,1,55,63,9650,12001
GCTGGCGGCGCATGCT-1,1,54,64,9537,11803
TGAGCGGAAAGTGTTC-1,1,55,65,9422,12000
CTTTCTGTGCGGGCTT-1,1,54,66,9310,11802
ATCTAATATCCTACGG-1,1,55,67,9195,11999
AACCTTTAAATACGGT-1,1,54,68,9082,11801
TTCACTCGAGCACCTA-1,1,55,69,8968,11999
CTGCACTCCAGTACAG-1,1,54,70,8855,11801
CCATTTCTACCTATTA-1,1,55,71,8741,11998
CAAGCGGCACATAATT-1,1,54,72,8628,11800
GTTAACATCACTTAAA-1,1,55,73,8514,11997
ATATAAATGTAGCTGC-1,1,54,74,8401,11799
GCCTCTATACATAGCA-1,0,55,75,8287,11996
GTGTCGTATAGCGTTC-1,0,54,76,8174,11799
ATACGTACTTAGCCAC-1,0,55,77,8060,11996
GCTATCATACTCATGG-1,0,54,78,7947,11798
TATCCAATTGGTTATC-1,0,55,79,7833,11995
TCTCCCTGGGCAGCGT-1,0,54,80,7720,11797
CCTATAATGAGTGCCC-1,0,55,81,7606,11994
CAATGCGAGAAGTATC-1,0,54,82,7493,11796
TACCAATAAAGTACCA-1,0,55,83,7379,11994
GCTAGGCACCACGGAG-1,0,54,84,7266,11796
GGTGGACTGCTCTGGC-1,0,55,85,7152,11993
TATTCCGAGCTGTTAT-1,0,54,86,7039,11795
TTGAGAAGTTTAGCAT-1,0,55,87,6925,11992
GTCCGGACCTGAAATT-1,0,54,88,6812,11794
CTGTGGTCGGGAGATA-1,0,55,89,6697,11992
CATGTAAGAGACATTT-1,0,54,90,6585,11794
CACGTTTCGTACACAC-1,0,55,91,6470,11991
CATCCTCTCAAAGATC-1,0,54,92,6357,11793
GATTAACCGAAAGCCC-1,0,55,93,6243,11990
AACGCTGTTGCTGAAA-1,0,54,94,6130,11792
TTCAGCTGGCGTGCCC-1,0,55,95,6016,11989
TAGAGGTTCTACTTGT-1,0,54,96,5903,11792
GTATCAAACGTTAGCT-1,0,55,97,5789,11989
AATCATGTAAAGACTC-1,0,54,98,5676,11791
AGTCACTAGCTCTCGA-1,0,55,99,5562,11988
GCGAAACGATCGGGAG-1,0,54,100,5449,11790
CATGGATTGTCTTCCG-1,0,55,101,5335,11987
ATTGGATTACAGCGTA-1,0,54,102,5222,11789
CACACACGCTAACGAG-1,0,55,103,5108,11987
CTATGGGAAGCGGAAT-1,0,54,104,4995,11789
TGCCTAATTGAAGATT-1,0,55,105,4881,11986
TGGCAATGGGACGGCG-1,0,54,106,4768,11788
ACCTCCGCCCTCGCTG-1,0,55,107,4654,11985
CGGCAATAAGATCGCC-1,0,54,108,4541,11787
CCTTGACCACTTTATT-1,0,55,109,4427,11985
TCATTTAGAAGTGTGA-1,0,54,110,4314,11787
CAGAATAACACACGGA-1,0,55,111,4200,11984
TCTGAGCAATTGACTG-1,0,54,112,4087,11786
CAACGTGGTGGAGTCT-1,0,55,113,3972,11983
CACAGTTCGCTTCCCA-1,0,54,114,3860,11785
TCTCTCGCCGCACATA-1,0,55,115,3745,11983
TGGGCAGGCCACCGCA-1,0,54,116,3632,11785
CTCCTGTTCAAGGCAG-1,0,55,117,3518,11982
TATTTGATTTGCACAG-1,0,54,118,3405,11784
GCCACTCCTTACGGTA-1,0,55,119,3291,11981
ACCGATATTTAATCAT-1,0,54,120,3178,11783
TTATTATCTGGAAGGC-1,0,55,121,3064,11980
TACATGCCGGAATTGT-1,0,54,122,2951,11783
GGCACTCAGCCGACCC-1,0,55,123,2837,11980
AAACCGGAAATGTTAA-1,0,54,124,2724,11782
AGACAGGCATCTCAGC-1,0,55,125,2610,11979
GTGGTGATGGTTTGTG-1,0,54,126,2497,11781
CCGATATGACGTAAGG-1,0,55,127,2383,11978
CATACACAAAGTCAGC-1,0,56,0,16802,12220
TGCCGTTCTTAATCGG-1,0,57,1,16688,12417
TCGAGTCTACGATTCG-1,0,56,2,16575,12219
ACTTCCAGTGGAAGCT-1,0,57,3,16461,12417
CAATTGGGCCGCACTC-1,0,56,4,16348,12219
AAATCGCGGAAGGAGT-1,0,57,5,16234,12416
ATATCAATTCCAGCCT-1,0,56,6,16121,12218
CTTTGTCGAATGCTCC-1,0,57,7,16007,12415
TGAGGCATGTACTGTG-1,0,56,8,15894,12217
TTCGCCGCTCGCGCTA-1,0,57,9,15780,12415
GACTCCTTCCAATTGA-1,0,56,10,15667,12217
ACCGAAGAGTCTGGTT-1,0,57,11,15553,12414
TGGCATGAAGTTTGGG-1,0,56,12,15440,12216
ACGAGGTTTACAACGT-1,0,57,13,15325,12413
AACCCATCCCATGATC-1,0,56,14,15213,12215
TCGACAACTGAACCCG-1,0,57,15,15098,12413
TATCTTGCAATACAAC-1,0,56,16,14985,12215
TATTATGTTTGCCTGC-1,0,57,17,14871,12412
GTCAAAGAAGTGGTGT-1,0,56,18,14758,12214
GGGACAGAGTTACTCC-1,0,57,19,14644,12411
AGCAACCGAAAGTAAT-1,0,56,20,14531,12213
CTCTCTAACTGCCTAG-1,0,57,21,14417,12410
ATACGGAACGTCGTTT-1,0,56,22,14304,12213
TCGGTCCCGACAATAG-1,0,57,23,14190,12410
CGCGCAAATGTCCAGA-1,0,56,24,14077,12212
TCTAATACTGCCTCAG-1,0,57,25,13963,12409
CTCGGTTGTCGGCCCT-1,0,56,26,13850,12211
GGTAACCGGGAGGATA-1,0,57,27,13736,12408
CAGGCGCACGGTGGTC-1,0,56,28,13623,12210
TCATCGATGGTCCCAA-1,0,57,29,13509,12408
CAAAGATTATTGGGCC-1,0,56,30,13396,12210
ACAATGAATACGGAGA-1,0,57,31,13282,12407
GCTCCTGACATACTGG-1,0,56,32,13169,12209
GATGACAAGTAGGGCA-1,0,57,33,13055,12406
TACGCCGAGGGTACCC-1,0,56,34,12942,12208
AAGCGTCCCTCATCGA-1,0,57,35,12828,12406
CACTCCTATGTAAGAT-1,0,56,36,12715,12208
TCGAGCCAGGCAGGCC-1,1,57,37,12600,12405
TCGTCAAGTACGCGCA-1,1,56,38,12488,12207
CCCGTAGCTGGGAAGA-1,1,57,39,12373,12404
ACCCTATGCCATATCG-1,1,56,40,12260,12206
GTGGTATAGTCTGCCG-1,1,57,41,12146,12403
CCGGTTTGTAATTGTG-1,1,56,42,12033,12206
GTCGCCGTTGTGTGTT-1,1,57,43,11919,12403
TACTGAACAGATTTAG-1,1,56,44,11806,12205
TATTAACCTGACCGCG-1,1,57,45,11692,12402
CTGTAGCCATCTCACT-1,1,56,46,11579,12204
TACTATGGTTCCTCAG-1,1,57,47,11465,12401
GAGTCAGACCAGAATC-1,1,56,48,11352,12203
TAAGGCATAACATCAA-1,1,57,49,11238,12401
CTTCCGCTCCGTGAAG-1,1,56,50,11125,12203
GGGCTATGATCGATGG-1,1,57,51,11011,12400
GGTCGGTCGTCCACAG-1,1,56,52,10898,12202
GGGACCCGTATATCTT-1,1,57,53,10784,12399
GAAAGCAGTGCACTTT-1,1,56,54,10671,12201
AGCGCATAATGAATCG-1,1,57,55,10557,12399
GCTGCTAAGTAGTCGA-1,1,56,56,10444,12201
AATAGTCCGTCCCGAC-1,1,57,57,10330,12398
AGCAGCCAGATGAATA-1,1,56,58,10217,12200
CCTCGCGCTGTGCGAT-1,1,57,59,10103,12397
TTGTGTATGCCACCAA-1,1,56,60,9990,12199
TGCTCGGCGAAACCCA-1,1,57,61,9875,12396
CGATTAAATATCTCCT-1,1,56,62,9763,12199
TGCCGTGGATCGTCCT-1,1,57,63,9648,12396
GTGGACGCATTTGTCC-1,1,56,64,9535,12198
ACCCGGAAACTCCCAG-1,1,57,65,9421,12395
CCGCATGTGGTACGAT-1,1,56,66,9308,12197
GCAAACCTTGGCCATA-1,1,57,67,9194,12394
ATTCACTGATGTTGGA-1,1,56,68,9081,12196
ACTCCCTAATGCTAAA-1,1,57,69,8967,12394
TCCTAAATTGGGAAGC-1,1,56,70,8854,12196
GAACAGATTACTAAAT-1,1,57,71,8740,12393
ATACAGGCCCTCCAAT-1,1,56,72,8627,12195
CGATTCGCCTGGCTGC-1,1,57,73,8513,12392
TCCGCCTGTCTACAAG-1,1,56,74,8400,12194
CACATCTCACCGACGA-1,1,57,75,8286,12392
CGTCGTCCTTCGCGAA-1,0,56,76,8173,12194
CGTTGAATACCGCGCT-1,0,57,77,8059,12391
ACCAATATGCAAGTTA-1,0,56,78,7946,12193
ACGGATGGTGCGGATA-1,0,57,79,7832,12390
CACCCTAACAAGATCT-1,0,56,80,7719,12192
AAGCTCTTTCATGGTG-1,0,57,81,7605,12390
CATGGGTATGCCTTAT-1,0,56,82,7492,12192
GCGCGTCATTGGTACA-1,0,57,83,7378,12389
TCTGAAGCACGTGGTC-1,0,56,84,7265,12191
AAGTTCACTCCAAGCT-1,0,57,85,7150,12388
TTGGACCTATAACAGT-1,0,56,86,7038,12190
ATCAGCCTCATGCTGC-1,0,57,87,6923,12387
AGTACTCTTATGCCCA-1,0,56,88,6810,12190
GCGCTTAAATAATTGG-1,0,57,89,6696,12387
TTGTGAACCTAATCCG-1,0,56,90,6583,12189
AGTCGTCGACCACCAA-1,0,57,91,6469,12386
TCCTTTAAATCCGCTT-1,0,56,92,6356,12188
ACTGAAACGCCGTTAG-1,0,57,93,6242,12385
GCACACACTGGTAGCC-1,0,56,94,6129,12187
TAAGGGCCTGTCCGAT-1,0,57,95,6015,12385
GCTAGAGTAGAGATGT-1,0,56,96,5902,12187
CACAGGGCCATATAGT-1,0,57,97,5788,12384
CCATGCCCTAGATTTC-1,0,56,98,5675,12186
TCGCGTAGCAGTGTCC-1,0,57,99,5561,12383
GACGAGGCTAATAAAC-1,0,56,100,5448,12185
CTACACTCGCAGATGG-1,0,57,101,5334,12383
ACGCATACGTTTACTA-1,0,56,102,5221,12185
GGAGCAACATTTCAAG-1,0,57,103,5107,12382
CGAGAGGGTAGCCGCG-1,0,56,104,4994,12184
TCGTGTTCGACCACAA-1,0,57,105,4880,12381
TCTACCCAATAGAGAG-1,0,56,106,4767,12183
ATAAACGTTGCACCAC-1,0,57,107,4653,12380
TCAACTGCAGAGTCAG-1,0,56,108,4540,12183
AGCTCCATATATGTTC-1,0,57,109,4425,12380
GTAACATCTAAGATAA-1,0,56,110,4313,12182
CCGACAATAGGCCGCC-1,0,57,111,4198,12379
ATGCTTAGGAGTTGAT-1,0,56,112,4085,12181
AACCCGAGCAGAATCG-1,0,57,113,3971,12378
CGGGTTTGTTAGGGCT-1,0,56,114,3858,12180
AGGCACGTGACTGTCC-1,0,57,115,3744,12378
GACAAGAGATGAGATT-1,0,56,116,3631,12180
AGCCCTTGGACATCCC-1,0,57,117,3517,12377
GCAGTTCGATCCGAGC-1,0,56,118,3404,12179
TCGAGGGCAACAGACG-1,0,57,119,3290,12376
ACTTTGTCGACGCACT-1,0,56,120,3177,12178
GAGTATCAAAGTTACA-1,0,57,121,3063,12376
CCAGGCTGGCGTCTGA-1,0,56,122,2950,12178
GGACTCTTCCGGTTGA-1,0,57,123,2836,12375
TCCCAGCACACGACAT-1,0,56,124,2723,12177
GCTCCATGAGTGCAGA-1,0,57,125,2609,12374
GCAGTGCGGGCGGATG-1,0,56,126,2496,12176
GCGTTCTGACTAAGCG-1,0,57,127,2382,12373
ATTTGGAGATTGCGGT-1,0,58,0,16801,12615
AAGGGTTTGATTTCAG-1,0,59,1,16687,12813
CCGGCCGCGAGCATAT-1,0,58,2,16574,12615
GAGTTCTGTGGGTGCT-1,0,59,3,16460,12812
AAACGAAGATGGAGTA-1,0,58,4,16347,12614
AATTACGAGACCCATC-1,0,59,5,16233,12811
CCTTTGAATTATGGCT-1,0,58,6,16120,12613
CATGGTATTAGTTTGT-1,0,59,7,16005,12810
AACGAAAGTCGTCCCA-1,0,58,8,15893,12613
ACATAAGTCGTGGTGA-1,0,59,9,15778,12810
GCACAACCTCGGGCGT-1,0,58,10,15665,12612
ATGCACGCGCTGTTCA-1,0,59,11,15551,12809
CGATGTTGTTATCTAC-1,0,58,12,15438,12611
GTCTCCTGCCAGTATG-1,0,59,13,15324,12808
GATGCCTTCTGCGGCA-1,0,58,14,15211,12610
ACCGGTCAGGTACACC-1,0,59,15,15097,12808
GTGGAGCGTTTACCGA-1,0,58,16,14984,12610
AGGCGGTTTGTCCCGC-1,0,59,17,14870,12807
TCCCTGGCGTATTAAC-1,0,58,18,14757,12609
AAACACCAATAACTGC-1,0,59,19,14643,12806
TGGACGCAATCCAGCC-1,0,58,20,14530,12608
GGAACCTTGACTCTGC-1,0,59,21,14416,12806
GTATCTCAGTCTTGAC-1,0,58,22,14303,12608
GCTGAATCTTCCAATC-1,0,59,23,14189,12805
AGATGCAAGACGTGCA-1,0,58,24,14076,12607
TTAAGGCCCGTACTTT-1,0,59,25,13962,12804
AGTATGCTGGAGACCA-1,0,58,26,13849,12606
GCGGCAAAGTATTGCC-1,0,59,27,13735,12803
GCGCAAATATATTCAA-1,0,58,28,13622,12606
GAAGAAACGATATTGT-1,0,59,29,13508,12803
GGACCTCTAGGCCGCC-1,0,58,30,13395,12605
AACAGCTGTGTGGCAA-1,0,59,31,13280,12802
TCGAATATCCCGCAGG-1,0,58,32,13168,12604
GCGACCCAACCATCTG-1,1,59,33,13053,12801
AGAGAAGGAGTACAAT-1,1,58,34,12940,12603
GGCTCCTCCACCTGTT-1,1,59,35,12826,12801
TCAGTGTATACGTCAT-1,1,58,36,12713,12603
ATTATTATGTCCGTCA-1,1,59,37,12599,12800
TTAGGTCATAACCGAC-1,1,58,38,12486,12602
AAGATGGCACCGGACC-1,1,59,39,12372,12799
CTACAAGAAATAACCC-1,1,58,40,12259,12601
ACTATTTCCGGGCCCA-1,1,59,41,12145,12799
TTGTTTCACATCCAGG-1,1,58,42,12032,12601
CGCTGTGTGGATGTTG-1,1,59,43,11918,12798
TCAACATAGCGCCCTA-1,1,58,44,11805,12600
GGCCGTTTGGGTTTCA-1,1,59,45,11691,12797
TACTCTTTCGTCTTCA-1,1,58,46,11578,12599
TTCGCGCGCCATACGA-1,1,59,47,11464,12796
CGGAAAGAATCAAACG-1,1,58,48,11351,12599
AGGCAGGGAGCGTACT-1,1,59,49,11237,12796
CCTTTAAGGGAGCACT-1,1,58,50,11124,12598
CGCCCAGCACGCCTAG-1,1,59,51,11010,12795
AGTATTTGGCACGACC-1,1,58,52,10897,12597
TATCCGCACCGTCGGG-1,1,59,53,10783,12794
ACCCGTGTCATCAGTA-1,1,58,54,10670,12596
CAACTGCTCATCCGAT-1,1,59,55,10555,12794
CCGGAGCGTACTTTCT-1,1,58,56,10443,12596
TACCGTAGGTTAACTA-1,1,59,57,10328,12793
TGAGGAGTGCCAGCTT-1,1,58,58,10215,12595
CCAGTCTTGTCATAGA-1,1,59,59,10101,12792
GGGCAGAGCAATCGTT-1,1,58,60,9988,12594
TACCAAATAGCCCAGA-1,1,59,61,9874,12792
TACCTACTCCCAGTAT-1,1,58,62,9761,12594
TGTGAGACTAGCCCAA-1,1,59,63,9647,12791
ATACCTAACCAAGAAA-1,1,58,64,9534,12593
GTCGGGAAGCAGAAAC-1,1,59,65,9420,12790
AATTAACGGATTTCCA-1,1,58,66,9307,12592
GAACCCTCTGTGTTCT-1,1,59,67,9193,12790
ATATAAAGCGCTCGTG-1,1,58,68,9080,12592
CCTGGTCGAATGTGGG-1,1,59,69,8966,12789
CTAGGTTCGGACGTGA-1,1,58,70,8853,12591
TCGGGAGACAGCGTAC-1,1,59,71,8739,12788
CATAAGAAGCTTGGCT-1,1,58,72,8626,12590
AAGCACCCTGCGTATC-1,1,59,73,8512,12787
AGTTTGCACCTGCCTC-1,1,58,74,8399,12590
GACTGCAAATCGAGCT-1,1,59,75,8285,12787
GTGTATATCAGCGGGC-1,0,58,76,8172,12589
CTTCAACTCCACTTGG-1,0,59,77,8058,12786
ACTTACGCATCCACGC-1,0,58,78,7945,12588
CATGAGATGCACTCTC-1,0,59,79,7830,12785
GAGCACCTGTGTCCAG-1,0,58,80,7718,12587
CGCGACCGCGACAGAT-1,0,59,81,7603,12785
GTCCCGCGACGTTATG-1,0,58,82,7490,12587
GCAGTGTGGCTATAGG-1,0,59,83,7376,12784
ATACTGCCTTACACCG-1,0,58,84,7263,12586
TACAGAAACGGTGGGC-1,0,59,85,7149,12783
GGCGCGGAGATCTTTC-1,0,58,86,7036,12585
CGTTAATGTCCCGACG-1,0,59,87,6922,12783
GCTAACTGAAGTCTGA-1,0,58,88,6809,12585
AGTGATAACCTGCGCG-1,0,59,89,6695,12782
TATGATCTTCTCTTTA-1,0,58,90,6582,12584
TGTACCTACACGAGGG-1,0,59,91,6468,12781
ATATCGTTCCTCGAAC-1,0,58,92,6355,12583
CGGCGCCATCAATCCC-1,0,59,93,6241,12780
CCTGTTTGAAGACACG-1,0,58,94,6128,12583
GCCACTCAGAGCGCGA-1,0,59,95,6014,12780
TCGGCTTGTATCGACG-1,0,58,96,5901,12582
TAGATGGTTCCTTACT-1,0,59,97,5787,12779
ATCGTTAGCTAGCGGA-1,0,58,98,5674,12581
ACAGCGACATTCTCAT-1,0,59,99,5560,12778
ATTCAACCATTTAAGG-1,0,58,100,5447,12580
CACTCTTCTGCTAGCC-1,0,59,101,5333,12778
CTAACTGATAATCGCC-1,0,58,102,5220,12580
TGATGTCAATTAAGTG-1,0,59,103,5105,12777
CGCCGTTCAGCATAGT-1,0,58,104,4993,12579
ATACTACCCGTACCAC-1,0,59,105,4878,12776
CCACTGTTTGGATTAA-1,0,58,106,4765,12578
CACTACGGGAGCTGCC-1,0,59,107,4651,12776
GACCAAACGTTGACTG-1,0,58,108,4538,12578
AAGAGGCCCTTTGGAA-1,0,59,109,4424,12775
ACACGTAGGCCACAAG-1,0,58,110,4311,12577
TACTCTTACTTTACTG-1,0,59,111,4197,12774
AGAGCCGCCGAGATTT-1,0,58,112,4084,12576
GGCCTGCTTCTCCCGA-1,0,59,113,3970,12773
TCAAGCGCGGACGGTA-1,0,58,114,3857,12576
ACACTGGGACAGTCGT-1,0,59,115,3743,12773
TGTGTAGTAGCACGTG-1,0,58,116,3630,12575
CTAGCCACAGGCGAGC-1,0,59,117,3516,12772
CTATCGCGTAGAGAAC-1,0,58,118,3403,12574
GTTCCCGTAAACATAT-1,0,59,119,3289,12771
TCTTTCCTTCGAGATA-1,0,58,120,3176,12573
ATATTGGAGAGGCCTT-1,0,59,121,3062,12771
AGGCGATAACTGGCGT-1,0,58,122,2949,12573
ACCCGGAGCACCACAA-1,0,59,123,2835,12770
TGAGCTCAACTGTATA-1,0,58,124,2722,12572
ACGACCCATGAGTTGC-1,0,59,125,2608,12769
CGGTCAGTCCATATTT-1,0,58,126,2495,12571
TCCGGCTGTCGGGTCG-1,0,59,127,2380,12769
ATTCCCGAAGGTACAG-1,0,60,0,16800,13010
CTAACAGCACAATAAC-1,0,61,1,16686,13208
TTGTGCGGAAGCGGAT-1,0,60,2,16573,13010
GGGCACTATTGACCAT-1,0,61,3,16458,13207
CCATAGAGGCTGCCAG-1,0,60,4,16346,13009
CCGAAGCATTGACCAA-1,0,61,5,16231,13206
TACTGAGGGAAGAAAG-1,0,60,6,16118,13008
TATGTAGAAACCCGGC-1,0,61,7,16004,13206
TGGTTAACTTACATTT-1,0,60,8,15891,13008
AGAACCCTCAATTGGG-1,0,61,9,15777,13205
CCTATATCGTGTCACG-1,0,60,10,15664,13007
ACGGCTGGATGTAGAA-1,0,61,11,15550,13204
CTCGCATTGCATAGCC-1,0,60,12,15437,13006
ACTTTGGTCGTGCTCC-1,0,61,13,15323,13203
GCTGGTTTAGGCCATA-1,0,60,14,15210,13006
TGTCGTTATCACATAT-1,0,61,15,15096,13203
ACACATGATCAAATCT-1,0,60,16,14983,13005
TATCCATCTCGGTTAG-1,0,61,17,14869,13202
CTCGTCGAGGGCTCAT-1,0,60,18,14756,13004
ATCAATGCCGTGGCTG-1,0,61,19,14642,13201
GAAACATAGGAAACAG-1,0,60,20,14529,13003
TAATAGGTCACCAGAA-1,0,61,21,14415,13201
CACCAGTCAGCATGCA-1,0,60,22,14302,13003
GAGCGCTGTTAGGTAA-1,0,61,23,14188,13200
CCCTATGTAGAGCAGA-1,0,60,24,14075,13002
GATCGCTATATCTCAG-1,0,61,25,13961,13199
AAGGGACTATGCATTC-1,0,60,26,13848,13001
CTCGGGTTCTCTGGCC-1,0,61,27,13733,13199
TATATATCGAGAAATG-1,0,60,28,13621,13001
ACCCGAGCGAAATTAC-1,0,61,29,13506,13198
TTGTTTCATTAGTCTA-1,0,60,30,13393,13000
ATGGGACCTGCTGAAC-1,0,61,31,13279,13197
TGCGACGGCCGAACGT-1,0,60,32,13166,12999
AGCTAACAAGCAATGT-1,1,61,33,13052,13196
CGTGTCTCGTTACGAC-1,1,60,34,12939,12999
CTAAATCCGGTGTACA-1,1,61,35,12825,13196
GAATAGTGCTCGATTA-1,1,60,36,12712,12998
AACAATACATTGTCGA-1,1,61,37,12598,13195
CACATCGTGCACGCGC-1,1,60,38,12485,12997
ACCGTGACCACGTGGG-1,1,61,39,12371,13194
CCCAATGAGATTTGCA-1,1,60,40,12258,12996
TCAGCAGTAGGCCCTG-1,1,61,41,12144,13194
CTACTCAAGGTATAGT-1,1,60,42,12031,12996
TAGTAGCTTATACCAG-1,1,61,43,11917,13193
ACGTTCGTTCAGGAAA-1,1,60,44,11804,12995
TTAGAATAAGGGTCGG-1,1,61,45,11690,13192
TTCTAGAAAGTCTTAT-1,1,60,46,11577,12994
CCTTCAGTTAAAGTGA-1,1,61,47,11463,13192
TAGCTAGTGATGATGG-1,1,60,48,11350,12994
AGCCCGGTAGCCTGTA-1,1,61,49,11236,13191
TACCTCAGTTGTCTGT-1,1,60,50,11123,12993
GACGGGTTGGCCCGTA-1,1,61,51,11008,13190
GAAACCTATACAAATG-1,1,60,52,10896,12992
TCCACCTCTAGCCTTT-1,1,61,53,10781,13190
AAGACCCAACTGAACA-1,1,60,54,10668,12992
CATACACGGTTCCCAC-1,1,61,55,10554,13189
ACTACGCGTTAGAATT-1,1,60,56,10441,12991
CTTGGCCAAGCTGGGA-1,1,61,57,10327,13188
TTACCCTAGGGATTGG-1,1,60,58,10214,12990
TTCGCACTGTACGACA-1,1,61,59,10100,13187
TAGGTGTTCCACAGAT-1,1,60,60,9987,12990
GAAGCCTGCACATTCC-1,1,61,61,9873,13187
GGCTTTCAATAAGGGT-1,1,60,62,9760,12989
TCCAGGGTATATACGA-1,1,61,63,9646,13186
CTCGCCGAATGTAGGG-1,1,60,64,9533,12988
AGGAAGCTGTCCGCCG-1,1,61,65,9419,13185
GTCTCAAGGCCCGGCT-1,1,60,66,9306,12987
ACCGACACATCTCCCA-1,1,61,67,9192,13185
TATACGCGTCATCACT-1,1,60,68,9079,12987
ATCTGGGCTGTTCTTG-1,1,61,69,8965,13184
TCAAATTTGAGACTCA-1,1,60,70,8852,12986
GTTAAGGGTGCGATGT-1,1,61,71,8738,13183
AGCAAAGGCCGCTAGT-1,1,60,72,8625,12985
TTATAGGTAATTGTCT-1,1,61,73,8511,13183
TTGTGCAGCCACGTCA-1,1,60,74,8398,12985
ACGGACTCTCAAAGCG-1,0,61,75,8283,13182
ATGCTCTGGCGCGGTA-1,0,60,76,8170,12984
ATAATCTTGGAGAACC-1,0,61,77,8056,13181
CTCATTGCTCTAACAA-1,0,60,78,7943,12983
TAGGTGACGATAACCT-1,0,61,79,7829,13180
CGGATCCTCAAGGACT-1,0,60,80,7716,12983
GGGCGTGGTTTCCCAG-1,0,61,81,7602,13180
TGGCTATGTGACATAC-1,0,60,82,7489,12982
CTTAGTGTAGTAGCAT-1,0,61,83,7375,13179
GGATTGCTGTGACTCC-1,0,60,84,7262,12981
ACTTCCATGCGGGACA-1,0,61,85,7148,13178
ACTCAAGTGCAAGGCT-1,0,60,86,7035,12980
ACAAGGATGCTTTAGG-1,0,61,87,6921,13178
TTGAACGACGTGCTGA-1,0,60,88,6808,12980
ATTCATCGTTGAGGCA-1,0,61,89,6694,13177
TGCAACCCATCTGCGG-1,0,60,90,6581,12979
AGTGCTAAACACAGCA-1,0,61,91,6467,13176
AACTCCAGAGCGTGTT-1,0,60,92,6354,12978
TCTCCACAAGTTGAAT-1,0,61,93,6240,13176
CTTTGCATCGCTCTTG-1,0,60,94,6127,12978
TCACAAACCGAGGTAC-1,0,61,95,6013,13175
CCGTAGGAAATCCCTG-1,0,60,96,5900,12977
AAACATTTCCCGGATT-1,0,61,97,5786,13174
GCCTCCGACAATTCAC-1,0,60,98,5673,12976
TCTGCATACCTTGCTT-1,0,61,99,5558,13173
ACCCATTTGTCCCTCT-1,0,60,100,5445,12976
CTGCAGAGAATCAGAG-1,0,61,101,5331,13173
GGAAACTAAATGGGCC-1,0,60,102,5218,12975
CAACCTACCGAGCAGT-1,0,61,103,5104,13172
CCGTAGGGTTGTTTAC-1,0,60,104,4991,12974
GGTTTGTGACCTGAGG-1,0,61,105,4877,13171
TAACCTAGGGAGTCCA-1,0,60,106,4764,12973
TTCCATCGACAGCGTG-1,0,61,107,4650,13171
ATCTCCCACGGAATAT-1,0,60,108,4537,12973
GTTTCAAACGAGTTGT-1,0,61,109,4423,13170
GGAACTTTGGCGATTA-1,0,60,110,4310,12972
CTGCAAGCACGTTCCG-1,0,61,111,4196,13169
CACAGTCCCGCTTCGC-1,0,60,112,4083,12971
TACGCTCGGTATTGGA-1,0,61,113,3969,13169
CTGGTAAAGTGTGGGC-1,0,60,114,3856,12971
CAACCAGTGGCCTACC-1,0,61,115,3742,13168
TCTTCGCGGTGAGAGG-1,0,60,116,3629,12970
TTCGGGTTGCCACGGG-1,0,61,117,3515,13167
ACCGATAGGCATAACC-1,0,60,118,3402,12969
CTTATAGATGGCTGTT-1,0,61,119,3288,13167
AGACGCCCACTTCGCC-1,0,60,120,3175,12969
AGGTCGCCTCCCAACA-1,0,61,121,3061,13166
CCTCACGTCAGCTAAT-1,0,60,122,2948,12968
CCACCTGTATGGAATA-1,0,61,123,2833,13165
GGACTCGAAGCTTTCA-1,0,60,124,2720,12967
AAGCCGGAGAGCAGGA-1,0,61,125,2606,13164
GCCTATCAGGTAAGAT-1,0,60,126,2493,12966
TCAGAGTGTGAGCATG-1,0,61,127,2379,13164
AAACATGGTGAGAGGA-1,0,62,0,16798,13406
ATCATTGTACCGCATT-1,0,63,1,16684,13603
TCAGCTTGAGCTTTCG-1,0,62,2,16571,13405
CCGCGCAAGATACCCA-1,0,63,3,16457,13602
CTATACTTAAAGCGAG-1,0,62,4,16344,13404
ACCGTCCACTGGGCCC-1,0,63,5,16230,13601
AAGACCAAATAACTCA-1,0,62,6,16117,13403
TGTTTCTGAAGCGTGC-1,0,63,7,16003,13601
TTCTCTTACAGGTGAT-1,0,62,8,15890,13403
AATTCATTGTCATGCA-1,0,63,9,15776,13600
GCCCGAGAGTCTAAAT-1,0,62,10,15663,13402
ATATAGAGTATTGGTC-1,0,63,11,15549,13599
TTGAAGGATGGGCGCC-1,0,62,12,15436,13401
TAGTACCACAACTTTC-1,0,63,13,15322,13599
ATCCCATCCACAGCGC-1,0,62,14,15209,13401
CTTAGGTATAGACCAG-1,0,63,15,15095,13598
TGACTCCGAATCATAC-1,0,62,16,14982,13400
ACTACATCCCGACAAG-1,0,63,17,14868,13597
TTGCCGCAGACCTACA-1,0,62,18,14755,13399
TAAGAGGGACAGGGAC-1,0,63,19,14641,13597
CGAATGAAGTCATTGC-1,0,62,20,14528,13399
AAGGGAACGACTGGCT-1,0,63,21,14413,13596
CGAATCTGCTCGACGC-1,0,62,22,14301,13398
ATCGTGGAAAGTCTGG-1,0,63,23,14186,13595
CCTATGGCTCCTAGTG-1,0,62,24,14073,13397
CGTCGCTTGGTTATAC-1,0,63,25,13959,13594
TGCTTAGAGAGAATGC-1,0,62,26,13846,13396
GATTGCTCCAGTTGCA-1,0,63,27,13732,13594
CGTGCTTCTACCTAAA-1,0,62,28,13619,13396
ACTCCAATATCATCAT-1,0,63,29,13505,13593
GCCGACCCACGACTGC-1,0,62,30,13392,13395
GAGGGTAGTAACAAAG-1,0,63,31,13278,13592
GGCCGAGACTCTGGTG-1,1,62,32,13165,13394
TATATAGGGCTTTACG-1,1,63,33,13051,13592
TGCCGGATGTACGAGC-1,1,62,34,12938,13394
AGGTAGATCGAGATAT-1,1,63,35,12824,13591
GATCAACATAAAGGGA-1,1,62,36,12711,13393
TAACAGCGTTTGTGCT-1,1,63,37,12597,13590
CTATAGGCGTTGATGT-1,1,62,38,12484,13392
GGTTTAATTACCATCG-1,1,63,39,12370,13590
CTCTTCTGGAAGTTAG-1,1,62,40,12257,13392
ATCTGACATGGAAGGA-1,1,63,41,12143,13589
TACGTACTAGTGCTGA-1,1,62,42,12030,13391
ATGACTATCAGCTGTG-1,1,63,43,11916,13588
CTTTGGGATTGTTGCA-1,1,62,44,11803,13390
AGACTGTTACCGGGTC-1,1,63,45,11688,13587
TCCTAACCGTCGGGCA-1,1,62,46,11576,13390
ACGCAAACTAATAGAT-1,1,63,47,11461,13587
AAGTGAGTCGGGTTTA-1,1,62,48,11348,13389
TAAAGCGGTATTTCCA-1,1,63,49,11234,13586
CTCCTCCAGCTCACAC-1,1,62,50,11121,13388
CGGTCCGTCGCAAGCC-1,1,63,51,11007,13585
CCTATATTTGTCCTGG-1,1,62,52,10894,13387
TCCAATAAAGGCTACC-1,1,63,53,10780,13585
AAAGGCTACGGACCAT-1,1,62,54,10667,13387
CGTGACCAGTCCTCTG-1,1,63,55,10553,13584
GATCTGCTATCTAAGG-1,1,62,56,10440,13386
CGAATGACGCATAATG-1,1,63,57,10326,13583
GCTCAATGTAATACCG-1,1,62,58,10213,13385
CTATGCCCGAATGCAA-1,1,63,59,10099,13583
CACAGGGCCGTTGTCA-1,1,62,60,9986,13385
TCAATACGCCGTCATG-1,1,63,61,9872,13582
AGCGGACACTTCGTAG-1,1,62,62,9759,13384
ATACGTTATGCACGGA-1,1,63,63,9645,13581
GAGTAGATACTAGTTG-1,1,62,64,9532,13383
CCAGCTCGAACGCATT-1,1,63,65,9418,13580
TGCTTCCCAAGCAGTA-1,1,62,66,9305,13383
GTAGACACGCCTGACT-1,1,63,67,9191,13580
CTCACATTTACTAAAT-1,1,62,68,9078,13382
GAATGCGAATCGGTTC-1,1,63,69,8963,13579
TAAGGCCCGTCACCCT-1,1,62,70,8851,13381
GAGTATGCGCGTGCAT-1,1,63,71,8736,13578
ATCCACATCGACAGAA-1,1,62,72,8623,13380
TAGACGAAACGCCAAT-1,1,63,73,8509,13578
CAGCAGTCTGTGCTGC-1,0,62,74,8396,13380
CTCACTGTGATACTTA-1,0,63,75,8282,13577
TTAATTGCTTTGGGTG-1,0,62,76,8169,13379
GTAGTCTACGATATTG-1,0,63,77,8055,13576
TTGCCGCTTTCTAGTA-1,0,62,78,7942,13378
GAACCTTTAACGATCC-1,0,63,79,7828,13576
TGGACCAATCTAAGAT-1,0,62,80,7715,13378
CTAGTAGAAAGGGATT-1,0,63,81,7601,13575
AACCTCGCTTTAGCCC-1,0,62,82,7488,13377
GAGTGTCAACCAGAAA-1,0,63,83,7374,13574
GTGATCCTTGTCATGA-1,0,62,84,7261,13376
CTCAACTAACCCGGAT-1,0,63,85,7147,13573
AGTGGCGTCTGAAGGT-1,0,62,86,7034,13376
GGGAAGGGCTTTCTCA-1,0,63,87,6920,13573
AGGCCTGAGAATCTCG-1,0,62,88,6807,13375
AGCCACAGGTTACCCG-1,0,63,89,6693,13572
TGCAATCTAACACGGT-1,0,62,90,6580,13374
GTTTGGGTTTCGCCCG-1,0,63,91,6466,13571
CCTATGTCCACTCCAC-1,0,62,92,6353,13373
CTGCCTTTCTAGTAAA-1,0,63,93,6238,13571
TTAGTAAACCTGCTCT-1,0,62,94,6126,13373
TTGTGGTGGTACTAAG-1,0,63,95,6011,13570
CCTCCTGTTGTGTCGT-1,0,62,96,5898,13372
ACAAAGCATGACCTAG-1,0,63,97,5784,13569
ATAGCAACTAGGGAAG-1,0,62,98,5671,13371
CCGCTCTTCCGAACTA-1,0,63,99,5557,13569
TAGAATAGCCGATGAA-1,0,62,100,5444,13371
GGTCTCCGTCCAGGTT-1,0,63,101,5330,13568
TAATTACGTCAGTAGA-1,0,62,102,5217,13370
TACGTAAAGCGGAGTG-1,0,63,103,5103,13567
GCTACAATCGAGGATA-1,0,62,104,4990,13369
TCAGCCAATCCGTAAA-1,0,63,105,4876,13567
ATCATAGCCCTATGTA-1,0,62,106,4763,13369
GAGGCCTGTTGATACA-1,0,63,107,4649,13566
ATATACGCTCGTGACG-1,0,62,108,4536,13368
CCCTTTAATGGAGTTC-1,0,63,109,4422,13565
TTACACGATCTGCGAC-1,0,62,110,4309,13367
TCGCATAAAGGGCGCA-1,0,63,111,4195,13564
TGTAGCCATCCCATTC-1,0,62,112,4082,13367
GGGTCTATCGCTTTCC-1,0,63,113,3968,13564
GGAGGGTCAAGTAAGA-1,0,62,114,3855,13366
TACGGCATGGACGCTA-1,0,63,115,3741,13563
CACGTCAATCAATGGA-1,0,62,116,3628,13365
CGCTTGGACGGATAGA-1,0,63,117,3513,13562
CGCGGTACGGTATACA-1,0,62,118,3401,13364
CCTACTCAACACGATT-1,0,63,119,3286,13562
CGTTTGGTGTTGTGGG-1,0,62,120,3173,13364
GTTGTTGCAAGATGGC-1,0,63,121,3059,13561
CATTCGTCGTAGCGGT-1,0,62,122,2946,13363
CAGCCTCGATAGCGGT-1,0,63,123,2832,13560
TCATAAGTCCAAGAAG-1,0,62,124,2719,13362
AAAGTGCCATCAATTA-1,0,63,125,2605,13560
GTTGCAGTCGACAACA-1,0,62,126,2492,13362
TAAATGGGCTACTGAG-1,0,63,127,2378,13559
GGACAAGCCATGATCG-1,0,64,0,16797,13801
TCCAATGCGTCGCCGC-1,0,65,1,16683,13998
AAAGAATGACCTTAGA-1,0,64,2,16570,13800
CCTATTATTCCGGCCG-1,0,65,3,16456,13997
CAGTAAGGGACGTCTC-1,0,64,4,16343,13799
GGGATGGACCCGCGTC-1,0,65,5,16229,13997
GACGCATACCCGTCGG-1,0,64,6,16116,13799
GGGCAGGATTTCTGTG-1,0,65,7,16002,13996
TATCTGAGCCGATATT-1,0,64,8,15889,13798
AATGTATGGCACTGTA-1,0,65,9,15775,13995
GCCTTTGTCAGTGGAC-1,0,64,10,15662,13797
AACCATAGGGTTGAAC-1,0,65,11,15548,13994
AAACTTAATTGCACGC-1,0,64,12,15435,13797
TAGGCGGCTGCAAAGA-1,0,65,13,15321,13994
TCCATCAATACTAATC-1,0,64,14,15208,13796
ACCTCGAACTTATGCT-1,0,65,15,15094,13993
ACAAACCATGCGTCCT-1,0,64,16,14981,13795
ACACCGGTCTGACCGC-1,0,65,17,14866,13992
ATGGCAGCATTACGAT-1,0,64,18,14753,13794
CTGGTGAATGGGCCTA-1,0,65,19,14639,13992
CACAGAGACGAGGACG-1,0,64,20,14526,13794
GCACAAACCCTAGATG-1,0,65,21,14412,13991
ACTATGTCCAGCTGCC-1,0,64,22,14299,13793
AAGCCGCCGTGAAATC-1,0,65,23,14185,13990
ATGGGTGTATACCTCC-1,0,64,24,14072,13792
TAAGCGCGAATCAAAT-1,0,65,25,13958,13990
AGCCCGGCATTAGAGG-1,0,64,26,13845,13792
GTGATCAAGCGTGCAC-1,0,65,27,13731,13989
CTGCCTTTAATACCTT-1,0,64,28,13618,13791
TACCTCCACACCAATG-1,0,65,29,13504,13988
GAGCATCAACAACTTG-1,0,64,30,13391,13790
CATACGAACTAGCTGG-1,0,65,31,13277,13987
GGGAACGGTTTCAGAT-1,0,64,32,13164,13790
AGGGTGCCGTTCTTTA-1,0,65,33,13050,13987
ACGACTGGTCATACTC-1,1,64,34,12937,13789
GGATCTTACTGCCCTT-1,1,65,35,12823,13986
TACTCCTCTAGTTGAC-1,1,64,36,12710,13788
GTAGCTCCGGGAGGCT-1,1,65,37,12596,13985
GGACTCGTGAGTGGTC-1,1,64,38,12483,13787
GTAGTTCGAAGGCGAA-1,1,65,39,12369,13985
CTCAAACCACTGCCCG-1,1,64,40,12256,13787
GAGGGAGTCAGATCGC-1,1,65,41,12141,13984
GCGTCCCTAAGACATA-1,1,64,42,12028,13786
TCTCTTACCGCGAACC-1,1,65,43,11914,13983
GGCTACTATACACTCC-1,1,64,44,11801,13785
CGTTGCCCGCGTGGGA-1,1,65,45,11687,13983
TATAGAGTCGCTTGAA-1,1,64,46,11574,13785
ATGTTGTAGTCTGTTT-1,0,65,47,11460,13982
AGTATACACAGCGACA-1,0,64,48,11347,13784
TGTGGTTGCTAAAGCT-1,0,65,49,11233,13981
TGATTCCCGGTTACCT-1,0,64,50,11120,13783
CACTGACGATTGTGGA-1,1,65,51,11006,13980
AACATTGTGACTCGAG-1,1,64,52,10893,13783
GTCCAATATTTAGCCT-1,1,65,53,10779,13980
GCTCTTTCCGCTAGTG-1,1,64,54,10666,13782
GGGTCAGGAGCTAGAT-1,1,65,55,10552,13979
AGGTGGTGACCTTCGC-1,1,64,56,10439,13781
CCCGGGTCGTTCAGGG-1,1,65,57,10325,13978
AGCCAAGCTTTGTGTC-1,1,64,58,10212,13780
TGTGGCGGGCTTCTGG-1,1,65,59,10098,13978
CGAGGGTATCCAGGTG-1,1,64,60,9985,13780
CGTTCAGACCCGCGAA-1,1,65,61,9871,13977
TCATATGAGCTTTGTT-1,1,64,62,9758,13779
AGTTGACGGTCCTTGC-1,1,65,63,9644,13976
ATAATTAGCTAAGTAG-1,1,64,64,9531,13778
GGTCTTGAGCGCTCTT-1,1,65,65,9416,13976
CGTTGTCGGCAATTGA-1,1,64,66,9303,13778
TCTTGCTCCCGATACT-1,1,65,67,9189,13975
AGCAGAAGGAGAAAGA-1,1,64,68,9076,13777
GAAGCCACTGATTATG-1,1,65,69,8962,13974
TGCTCTTGAGAGTTTG-1,1,64,70,8849,13776
GACATCCGTCGAACTG-1,1,65,71,8735,13973
AGATATAATACGACTA-1,1,64,72,8622,13776
TCGCTACTGGCTTTGA-1,0,65,73,8508,13973
GTGACAGCTTCCCACT-1,0,64,74,8395,13775
GTGACGCAGGTTTCAT-1,0,65,75,8281,13972
GGGAAGACGGTCTGTC-1,0,64,76,8168,13774
CGTCGCATGTGAGCCA-1,0,65,77,8054,13971
AGAAGGTTGTAGGTCG-1,0,64,78,7941,13773
GGCCGGCGTCTGCTAT-1,0,65,79,7827,13971
TTGACCAGGAACAACT-1,0,64,80,7714,13773
AGTCGTATAAAGCAGA-1,0,65,81,7600,13970
GGCGTAGGGAAAGCTG-1,0,64,82,7487,13772
AAACCTAAGCAGCCGG-1,0,65,83,7373,13969
ATTGCCTTTATGTTTG-1,0,64,84,7260,13771
CAGGCAGTCTTACCAG-1,0,65,85,7146,13969
AGCTAAGTACGCAGGC-1,0,64,86,7033,13771
AAATCCGATACACGCC-1,0,65,87,6919,13968
CGAGAGCTTTCACTAC-1,0,64,88,6806,13770
CGCCCAGCGTTTCACG-1,0,65,89,6691,13967
TTAAGTATTGTTATCC-1,0,64,90,6578,13769
AAACGGGCGTACGGGT-1,0,65,91,6464,13967
GTATCCTTTGGTAACC-1,0,64,92,6351,13769
CATAGTCAAATACATA-1,0,65,93,6237,13966
TCTATGCTATAACGAC-1,0,64,94,6124,13768
ACGTTCTGTACAAGTC-1,0,65,95,6010,13965
CGCGAAGTGGCATACT-1,0,64,96,5897,13767
ACCAACCGCACTCCAC-1,0,65,97,5783,13964
GTCATGCGCGAGGGCT-1,0,64,98,5670,13767
TAGGCTAAAGTGGCAC-1,0,65,99,5556,13964
TGGCTACACTCTACCT-1,0,64,100,5443,13766
TGTCCACGGCTCAACT-1,0,65,101,5329,13963
AATTGCAGCAATCGAC-1,0,64,102,5216,13765
GTCAACCAGGCCTATA-1,0,65,103,5102,13962
ATCTTATCGCACACCC-1,0,64,104,4989,13764
GTCTATTGCATGCTCG-1,0,65,105,4875,13962
GCACGTGGTTTACTTA-1,0,64,106,4762,13764
ATTCGCGCCTTGAGAG-1,0,65,107,4648,13961
AGCGATGCGCCTAATA-1,0,64,108,4535,13763
TCTATAGGTGGGTAAT-1,0,65,109,4421,13960
AGATACCAATAGAACC-1,0,64,110,4308,13762
CGTGTATGGGAGCTGA-1,0,65,111,4194,13960
ATGTACATGCGGTGAG-1,0,64,112,4081,13762
TTGGCTCAATATGTGT-1,0,65,113,3966,13959
GTTCGGAGCACTCAAC-1,0,64,114,3853,13761
TCCCTCTTCTCAAGGG-1,0,65,115,3739,13958
TTACGTATCTATGACA-1,0,64,116,3626,13760
CCCATATAGGTCGATT-1,0,65,117,3512,13957
GTCCACGTCGCATTCG-1,0,64,118,3399,13760
AATTGTGGTTGCCAAA-1,0,65,119,3285,13957
AGGAACGAACGACTTC-1,0,64,120,3172,13759
TAATTCCAATGCTTCA-1,0,65,121,3058,13956
AGGGCCCTAATGTTCT-1,0,64,122,2945,13758
AGGTGTTGCCGACCAC-1,0,65,123,2831,13955
CTGAGAGTAGAAATAC-1,0,64,124,2718,13757
TAGAAGAAGGGTTACA-1,0,65,125,2604,13955
GGTGACTGATAGAGAG-1,0,64,126,2491,13757
TACCCTCGGTAACCCT-1,0,65,127,2377,13954
TGTAAGACTGATAAGA-1,0,66,0,16796,14196
GTCACTCATGAGCGAT-1,0,67,1,16682,14393
CGGTTTACTGAACATT-1,0,66,2,16569,14195
GAGATCGATCTTACTC-1,0,67,3,16455,14392
TCTTTCATCCGTCCTT-1,0,66,4,16342,14194
TCGGATCTGGATGACC-1,0,67,5,16228,14392
GTCCTAGGATACCTTA-1,0,66,6,16115,14194
TGTACCCGACCCTAAT-1,0,67,7,16001,14391
AGGTTCTCCTTTCCGG-1,0,66,8,15888,14193
AATTGCGTGGATTACA-1,0,67,9,15774,14390
CGATAGCGATACAGTG-1,0,66,10,15661,14192
CGCCCTAATTGTTCAA-1,0,67,11,15546,14390
ATTATGAGACCCAATT-1,0,66,12,15434,14192
CCTCCTAGCTAGAGTC-1,0,67,13,15319,14389
CGAAGGGTTTCAGATT-1,0,66,14,15206,14191
CACAAGCTAAGAAAGG-1,0,67,15,15092,14388
CACCGGTAGAGACATT-1,0,66,16,14979,14190
ACTCATGGCAGCCTTC-1,0,67,17,14865,14387
CATCCAATATAGTTTG-1,0,66,18,14752,14190
CAGATATGAAGATGAC-1,0,67,19,14638,14387
GCAAAGGGCGTTAGCC-1,0,66,20,14525,14189
CTGTTGTTCAGTCGTA-1,0,67,21,14411,14386
AAAGGCCCTATAATAC-1,0,66,22,14298,14188
AACATTGAAGTTGATC-1,0,67,23,14184,14385
GCTAGCGATAGGTCTT-1,0,66,24,14071,14187
ATTGCCTATTAGACCG-1,0,67,25,13957,14385
GGGCGTTTACATTCAT-1,0,66,26,13844,14187
CCTCTACAAGGATTGG-1,0,67,27,13730,14384
AGTGACTGTGACACAA-1,0,66,28,13617,14186
AGCCCTCCCTGGTGGC-1,0,67,29,13503,14383
CGGTTGAGTATCCTTC-1,0,66,30,13390,14185
CATTATCCCATTAACG-1,0,67,31,13276,14383
AATGTGCTAATCTGAG-1,0,66,32,13163,14185
CTTAGTTGAGGAATCG-1,0,67,33,13049,14382
CTTCTGGGCGTACCTA-1,0,66,34,12936,14184
AGTCAAATGATGTGAT-1,1,67,35,12821,14381
TGAACAAGCAGGGACT-1,1,66,36,12709,14183
AATACCGGAGGGCTGT-1,1,67,37,12594,14380
GTTTGGTGATCGGTGC-1,1,66,38,12481,14183
GACTGCTGGTGAGAAA-1,1,67,39,12367,14380
CGATCCTCGCAACATA-1,1,66,40,12254,14182
CCAACCTTATGTAACT-1,1,67,41,12140,14379
CGTGGTACCCAAAGGC-1,1,66,42,12027,14181
AACCCGACAACCCGTG-1,1,67,43,11913,14378
TATGTAAAGTGCTTAA-1,1,66,44,11800,14180
GCAAGTGTAAAGCATG-1,0,67,45,11686,14378
GTAACTGCCCAAGGAG-1,0,66,46,11573,14180
GGTGCATAAATGATTA-1,0,67,47,11459,14377
TAGTCCCGGAGACCAC-1,0,66,48,11346,14179
CGGCCAGAGCGACCAT-1,1,67,49,11232,14376
TGAATGAGTGTTTCCC-1,0,66,50,11119,14178
TTCACTTCCTAGAACG-1,1,67,51,11005,14376
CGCTTAGTATTGATAC-1,1,66,52,10892,14178
AACGCGACCTTGGGCG-1,1,67,53,10778,14375
GTGCACCAGCTTCAAC-1,1,66,54,10665,14177
TTCTATTAAACGCAGC-1,1,67,55,10551,14374
TGGCAAGCACAAGTCG-1,1,66,56,10438,14176
ATCTGCTGTTATCGCC-1,1,67,57,10324,14374
AATTCCAAGCATGTAC-1,1,66,58,10211,14176
AAACGGTTGCGAACTG-1,1,67,59,10096,14373
GAAGGAGTCGAGTGCG-1,1,66,60,9984,14175
GGCAAGCCCATAGTGG-1,1,67,61,9869,14372
TGACCAAATCTTAAAC-1,1,66,62,9756,14174
TTCGGTACTGTAGAGG-1,1,67,63,9642,14371
ATGTACGATGACGTCG-1,1,66,64,9529,14173
ATCTAGCTTGTGAGGG-1,1,67,65,9415,14371
AGCGGGTCTGACACTC-1,1,66,66,9302,14173
GAGGTACGCGTGTCCC-1,1,67,67,9188,14370
GCACTGCCTACCTTTA-1,1,66,68,9075,14172
GGAGCGAGGCCTACTT-1,1,67,69,8961,14369
AAACTCGGTTCGCAAT-1,1,66,70,8848,14171
GGCGCTTCATTCCCTG-1,1,67,71,8734,14369
TGCTCGGTGGGTCACC-1,0,66,72,8621,14171
AAGCGCAGGGCTTTGA-1,0,67,73,8507,14368
GACCTTCCACGTCTAC-1,0,66,74,8394,14170
GTTAGCCCATGACATC-1,0,67,75,8280,14367
AATTCGATTCGAGGAT-1,0,66,76,8167,14169
AGTCTTTAAAGTGTCC-1,0,67,77,8053,14367
GACTAGGCCGTTAGGT-1,0,66,78,7940,14169
TCCAAGCCTAGACACA-1,0,67,79,7826,14366
GATTGGGAAAGGTTGT-1,0,66,80,7713,14168
GATGAGGAACCTTCGG-1,0,67,81,7599,14365
TGAATACCGACGCGTA-1,0,66,82,7486,14167
AATCGTGAGCCGAGCA-1,0,67,83,7371,14364
GCGAAGAATCTGACGG-1,0,66,84,7259,14167
GAACAACTGGGATGAA-1,0,67,85,7144,14364
TCGCCGACATATTCGC-1,0,66,86,7031,14166
CGTAGAGAGTAATTAT-1,0,67,87,6917,14363
CGATAGTCGTACTGCA-1,0,66,88,6804,14165
CGCATGCCGAATGCGT-1,0,67,89,6690,14362
CTCTAGCCCTCGGAAA-1,0,66,90,6577,14164
TCCAACTCAGCTATCT-1,0,67,91,6463,14362
GTCTAGTGAGCCGCTT-1,0,66,92,6350,14164
TACCGAATAATTGTAA-1,0,67,93,6236,14361
ATATAACACGGGCGCA-1,0,66,94,6123,14163
GCATGCTAATAACGAT-1,0,67,95,6009,14360
TCCGGGCTTGACGGGA-1,0,66,96,5896,14162
ATTATTCAGAGTCACT-1,0,67,97,5782,14360
TAGCAGTATGACTAAA-1,0,66,98,5669,14162
TATGAAGAATTAAGGT-1,0,67,99,5555,14359
CAAGGCCAGTGGTGCA-1,0,66,100,5442,14161
TGCGTACGGCTAATTG-1,0,67,101,5328,14358
CAGATAATGGGCGGGT-1,0,66,102,5215,14160
GAGAACGGTTCTGACT-1,0,67,103,5101,14357
CGCTTCGGTCTAAGAC-1,0,66,104,4988,14160
AGCATTACGAGGCAAG-1,0,67,105,4874,14357
AAGTTGTGATGTTATA-1,0,66,106,4761,14159
TTGCTCATAGTACGTG-1,0,67,107,4646,14356
TACTTAAACATGTACA-1,0,66,108,4534,14158
AGTGAGTCGAATTAAC-1,0,67,109,4419,14355
TAGGCCTATATAGTCT-1,0,66,110,4306,14157
ACTCGCCGTTCGATAA-1,0,67,111,4192,14355
GGTACGTTGCGGCCGG-1,0,66,112,4079,14157
TATTGCCGGGCTTGTA-1,0,67,113,3965,14354
GGTAAACTCTGCGCTG-1,0,66,114,3852,14156
TCCCTTGTCTGAAACT-1,0,67,115,3738,14353
CATGATCGCTTTGAGA-1,0,66,116,3625,14155
GGACGGGCGACCAACC-1,0,67,117,3511,14353
GAGAGGCCTATGTGTA-1,0,66,118,3398,14155
TCGTAACTCCCAAGAC-1,0,67,119,3284,14352
CGTATCTAGAACTAAG-1,0,66,120,3171,14154
GCACCTTCCCGAAGGT-1,0,67,121,3057,14351
TACCTCTTTACCATCC-1,0,66,122,2944,14153
TGACTCTAACTGGTAA-1,0,67,123,2830,14350
GAGAAACTGGATCCCA-1,0,66,124,2717,14153
ATCCGGACCAGCCTGA-1,0,67,125,2603,14350
TTATTTAGGTTCCTTA-1,0,66,126,2490,14152
CGAATTCCCGGTTCAA-1,0,67,127,2376,14349
TAGTTTGATCGGTCGC-1,0,68,0,16795,14591
AGTCGAAACGATTCAG-1,0,69,1,16681,14788
ACGTCGGGCAACTCGG-1,0,68,2,16568,14590
ACTTGCTCTATCTACC-1,0,69,3,16454,14787
ATTACGGGCTACGGTT-1,0,68,4,16341,14590
GCAAACGTAAGCGACC-1,0,69,5,16227,14787
TTCGGACTGGGCATGG-1,0,68,6,16114,14589
GGGCCATTCGTGCTGG-1,0,69,7,15999,14786
GAGTTGTCACCAGTCT-1,0,68,8,15886,14588
AGTAATTTGCAAGCGT-1,0,69,9,15772,14785
GTGGCCGGTTTCTCGG-1,0,68,10,15659,14587
ATCTTAGGGCATTAAT-1,0,69,11,15545,14785
CTACATATCGCGGGAC-1,0,68,12,15432,14587
ATGGTATTTACTGATT-1,0,69,13,15318,14784
CCGTCAACCTCTGGCG-1,0,68,14,15205,14586
GCTTCGACGTTCAATC-1,0,69,15,15091,14783
GACCGATTAAATATGT-1,0,68,16,14978,14585
GTCGAATTTGGGCGCT-1,0,69,17,14864,14783
TCACGGCCCAAGAGAG-1,0,68,18,14751,14585
CTACGATCCTATCCTA-1,0,69,19,14637,14782
TGCAGTGGTAGGGAAC-1,0,68,20,14524,14584
TTGCCTAATCCAAAGT-1,0,69,21,14410,14781
AGCGAGACGTGAAGGC-1,0,68,22,14297,14583
TTCTACCTCAATCGGT-1,0,69,23,14183,14780
TACGCTGCTGTGTTAA-1,0,68,24,14070,14583
TAGTCCTGCACTAAGC-1,0,69,25,13956,14780
AGCACACGTTTAGACT-1,0,68,26,13843,14582
GTTCGACAATTGTATA-1,0,69,27,13729,14779
CCATGTTCATCTATAT-1,0,68,28,13616,14581
CCCTCGATAATACACA-1,0,69,29,13502,14778
ACTGCCCGCCATTCTC-1,0,68,30,13389,14580
CTATATCCAGCCTGGC-1,0,69,31,13274,14778
CGCACGTCTGTTTATG-1,0,68,32,13161,14580
AATCAGGTTTCATTTA-1,0,69,33,13047,14777
AGAGAAACACCAGAAA-1,0,68,34,12934,14579
ACCCGATTGGTTCCGA-1,0,69,35,12820,14776
TACCAGGAATCCCGTC-1,0,68,36,12707,14578
AAGTGCTTCTCTATTG-1,1,69,37,12593,14776
TGCATGTGACCCATAG-1,1,68,38,12480,14578
TAGATTCAAAGTGCGG-1,1,69,39,12366,14775
AGGGTCAGAGCACTCG-1,1,68,40,12253,14577
GTGAGATAACCTTATA-1,1,69,41,12139,14774
GTGTCAGTGTACGTGG-1,1,68,42,12026,14576
CTGTAGTGAGGATCGA-1,0,69,43,11912,14774
GATAGTGCGAGTAAGT-1,0,68,44,11799,14576
AGGGTTCAGACGGTCC-1,0,69,45,11685,14773
GGACTCGACAGCGCAT-1,0,68,46,11572,14575
CACTCTCAAGCATCGA-1,0,69,47,11458,14772
GAGCGGAATGCGGTGT-1,0,68,48,11345,14574
CAGTTCGAGGACCCGA-1,0,69,49,11231,14771
CGTAACTTCGACACTT-1,1,68,50,11118,14574
TGATCACCACACTGAC-1,0,69,51,11004,14771
CATACTTCTTTCTCCG-1,1,68,52,10891,14573
CAAGTAAGTGATAGAC-1,0,69,53,10776,14770
AGCCCGCAACAAGCAG-1,0,68,54,10664,14572
GCTCCATGCAAAGCAA-1,0,69,55,10549,14769
TCGTACCGACGTCAAG-1,0,68,56,10436,14571
ATTATCGGAATGTACG-1,0,69,57,10322,14769
ACCTACTATAAATCTA-1,1,68,58,10209,14571
TATCCTATCAACTGGT-1,1,69,59,10095,14768
GCGCGGTCTAGTAACT-1,1,68,60,9982,14570
CCTTCGTATAGAATCC-1,1,69,61,9868,14767
TGGGCGATACAATAAG-1,1,68,62,9755,14569
TGACATGTAACGTGAC-1,1,69,63,9641,14767
TTGGGAAGACGAGCCG-1,1,68,64,9528,14569
GGTGTAAATCGATTGT-1,1,69,65,9414,14766
GAACTGTGGAGAGACA-1,1,68,66,9301,14568
TCCACATCGTATATTG-1,1,69,67,9187,14765
CCTATGGTCAAAGCTG-1,1,68,68,9074,14567
TCCTTGTCCTTTAATT-1,1,69,69,8960,14764
AAGTTTATGGGCCCAA-1,1,68,70,8847,14567
GTCCGGGTTCACATTA-1,1,69,71,8733,14764
ATGTAGCGCGCGTAGG-1,0,68,72,8620,14566
TACGGAAGCCAAACCA-1,0,69,73,8506,14763
GCCCTGAGGATGGGCT-1,0,68,74,8393,14565
CGGGCGATGGATCACG-1,0,69,75,8279,14762
TGCGGACTTGACTCCG-1,0,68,76,8166,14564
TAATACTAGAACAGAC-1,0,69,77,8051,14762
TCAAATTGTTGTGCCG-1,0,68,78,7939,14564
GGGCAGTCAACGCCAA-1,0,69,79,7824,14761
TCGCTGCCAATGCTGT-1,0,68,80,7711,14563
TACGTGGGCCCAGGGC-1,0,69,81,7597,14760
GCCTACGTTCTGTGCA-1,0,68,82,7484,14562
TTGCGTGTGTAGGCAT-1,0,69,83,7370,14760
TCCTAAAGATTCAGAC-1,0,68,84,7257,14562
TGGGTGCACAAGCCAT-1,0,69,85,7143,14759
GGGAGCGACCGTAGTG-1,0,68,86,7030,14561
CATAGAGGAGATACTA-1,0,69,87,6916,14758
CTTCGATTGCGCAAGC-1,0,68,88,6803,14560
GTGCCTGAGACCAAAC-1,0,69,89,6689,14757
TCATCCTCAGCTGCTT-1,0,68,90,6576,14560
TGCAACTACTGGTTGA-1,0,69,91,6462,14757
ATGTTGATTAGAGACT-1,0,68,92,6349,14559
GTTTCTAGAGGCGCGG-1,0,69,93,6235,14756
TACAAGGGCTTCTTTA-1,0,68,94,6122,14558
ACAGGCACGGATCCTT-1,0,69,95,6008,14755
CCCAAGTCATTACACT-1,0,68,96,5895,14557
ACTCTGACCTAATAGA-1,0,69,97,5781,14755
GGATGGCTTGAAGTAT-1,0,68,98,5668,14557
ACCCTCCCGTCAGGGC-1,0,69,99,5554,14754
AGCTTCTTCTCGAGCA-1,0,68,100,5441,14556
TTGCGCTTGATCAATA-1,0,69,101,5326,14753
TGGGTGTAATAGATTT-1,0,68,102,5214,14555
CATGGTTTATTAATCA-1,0,69,103,5099,14753
TTGCCTTCTCGCCGGG-1,0,68,104,4986,14555
TTAAAGTAAGTCGCCA-1,0,69,105,4872,14752
AGTTGGCAAGGCTAGA-1,0,68,106,4759,14554
CCGCACTTGCAATGAC-1,0,69,107,4645,14751
AATGTTGTCGTGAGAC-1,0,68,108,4532,14553
CCAAGGTTGCCCTTTC-1,0,69,109,4418,14750
TGTGACTAGAGTTTGC-1,0,68,110,4305,14553
TTGTGATCTGTTCAGT-1,0,69,111,4191,14750
GGAGTTGATTCTGTGT-1,0,68,112,4078,14552
GTAGTGAGCAACCTCA-1,0,69,113,3964,14749
AAGACATACGTGGTTT-1,0,68,114,3851,14551
CATCCCGAGATTCATA-1,0,69,115,3737,14748
GGCCGCAGGAACCGCA-1,0,68,116,3624,14550
CCAGAAACTGATGCGA-1,0,69,117,3510,14748
ACCCGTAGTCTAGTTG-1,0,68,118,3397,14550
AGGGTCTGGACGCAGT-1,0,69,119,3283,14747
TTGAAACCCTCATTCC-1,0,68,120,3170,14549
TCAATCCCGCGCCAAA-1,0,69,121,3056,14746
AGGACATCGGCACACT-1,0,68,122,2943,14548
GACAAGACGCCCGTGC-1,0,69,123,2829,14746
GAGTAAATTAAGAACC-1,0,68,124,2716,14548
TAAGTCGGTGAGCTAG-1,0,69,125,2601,14745
CTTACTGACTCCTCTG-1,0,68,126,2489,14547
TTAACTGATCGTTTGG-1,0,69,127,2374,14744
GGGCGATCCATAGGCC-1,0,70,0,16794,14986
CGTATTGTTTGGCGCC-1,0,71,1,16679,15183
CGCGTGGGCCTGTGTT-1,0,70,2,16567,14985
AAATCTGCCCGCGTCC-1,0,71,3,16452,15183
GCTGAAGGGTTCTTGG-1,0,70,4,16339,14985
TAATTGCGCTGATTAC-1,0,71,5,16225,15182
TCGCGCGTTTACATGA-1,0,70,6,16112,14984
TAACTGAAATACGCCT-1,0,71,7,15998,15181
CCTGTCGTGTATGAAG-1,0,70,8,15885,14983
CGGGAACGCCCTGCAT-1,0,71,9,15771,15180
AGTTGCGGTCCTCAAC-1,0,70,10,15658,14983
GGGTCCTTGGAAGAAG-1,0,71,11,15544,15180
CGGGAAGTACCGTGGC-1,0,70,12,15431,14982
ACGGTCACCGAGAACA-1,0,71,13,15317,15179
TAGACTCAGTTGGCCT-1,0,70,14,15204,14981
CCTTCCGCAACGCTGC-1,0,71,15,15090,15178
CAGTGTTAATCTCTCA-1,0,70,16,14977,14980
CAGGCCAGTACCACCT-1,0,71,17,14863,15178
GATCGCTGTGGTGCGT-1,0,70,18,14750,14980
GTATCTCGGGCGCTTT-1,0,71,19,14636,15177
CCGGGCTAAGAATTTC-1,0,70,20,14523,14979
CTTCACGCCCTGGTAC-1,0,71,21,14409,15176
CGGATGAATGCTGTGA-1,0,70,22,14296,14978
CTCTGCAGGCATTCTT-1,0,71,23,14182,15176
TCAAAGTCACGGCGTC-1,0,70,24,14069,14978
TGGGTTTCGGGCGTAC-1,0,71,25,13954,15175
TGCTATGGCAAAGGGA-1,0,70,26,13842,14977
TTCACGGTCGTCACGT-1,0,71,27,13727,15174
CGTAAAGCAAGAAATC-1,0,70,28,13614,14976
CTGATCCCTTTATGCA-1,0,71,29,13500,15174
GAGTATACCCTAATCA-1,0,70,30,13387,14976
CCACGGCAGGTGTAGG-1,0,71,31,13273,15173
ACGTACTTTGGCACGG-1,0,70,32,13160,14975
CCTGAGAATAAATGCA-1,0,71,33,13046,15172
TTGATGCCGCTCGTCG-1,0,70,34,12933,14974
GCCAGGAAAGAACACT-1,0,71,35,12819,15171
TCCGACCGCTAATCAA-1,0,70,36,12706,14974
TATATCAAAGTGATCT-1,0,71,37,12592,15171
CCTCGGTTTCCTTGCC-1,1,70,38,12479,14973
TAAATTTAGTAACACC-1,1,71,39,12365,15170
CTCGTTACGGCTACCA-1,1,70,40,12252,14972
GCCGTCGGTTTCGGGC-1,1,71,41,12138,15169
GTTCCGTCCGCCTGCA-1,1,70,42,12025,14971
CTAGGGATAGGGACAA-1,0,71,43,11911,15169
GTCCAGGCACGTGTGC-1,0,70,44,11798,14971
GAGGAATATCTCTTTG-1,0,71,45,11684,15168
CGTTCAAGGAAACGGA-1,0,70,46,11571,14970
GTGGGAACAAACCGGG-1,0,71,47,11457,15167
GGGCACGTAGTACTGT-1,0,70,48,11344,14969
ACTACAAAGAGAGGTG-1,0,71,49,11229,15167
GGTGTAGGTAAGTAAA-1,0,70,50,11117,14969
CCTGTTCAACCTCGGG-1,0,71,51,11002,15166
TGAGGTGTGTGGCGGA-1,0,70,52,10889,14968
ATTGTCTGTTTCATGT-1,0,71,53,10775,15165
GCCGGTCGTATCTCTC-1,0,70,54,10662,14967
ATATGGGATAGCAACT-1,0,71,55,10548,15164
GATAGAACCCGCTAGG-1,0,70,56,10435,14967
ATCCCATTTCCGTGGG-1,0,71,57,10321,15164
GATGCTACCTTCGATG-1,1,70,58,10208,14966
TGCAAAGTTCGTCTGT-1,1,71,59,10094,15163
GTTCAGTCGCCAAATG-1,1,70,60,9981,14965
GTCTCCGCCTCAATAC-1,1,71,61,9867,15162
AGTAGAAGGCGCCTCA-1,1,70,62,9754,14964
GTTGTAGATTTATGAG-1,1,71,63,9640,15162
CTATTTGCTTGGAGGA-1,1,70,64,9527,14964
AGCCATATAGTATGTG-1,1,71,65,9413,15161
TGTTCCGGCCTGAGCT-1,1,70,66,9300,14963
TGCCGTGGGACCCAAT-1,1,71,67,9186,15160
TTGCAAGAAGACTCCT-1,1,70,68,9073,14962
CCGCTCCAGGGCGATC-1,1,71,69,8959,15160
CAAACCCTCCGGCGGG-1,1,70,70,8846,14962
CGGACCTTTACGTCCC-1,0,71,71,8732,15159
ACGTAGGAGAGTCGCT-1,0,70,72,8619,14961
CTGCGACCTCGCCGAA-1,0,71,73,8504,15158
GGCCCAGCTGGTTTGC-1,0,70,74,8392,14960
GGATTAATCATGGACC-1,0,71,75,8277,15157
GAGATGGCTTTAATCA-1,0,70,76,8164,14960
AGTACAGAAGCTTATA-1,0,71,77,8050,15157
GCGGCTTTAGCAAGTT-1,0,70,78,7937,14959
ACCGAGTCTCCTTATT-1,0,71,79,7823,15156
GACCACACTTCCCTTT-1,0,70,80,7710,14958
TGTAGCCAATTCCGTT-1,0,71,81,7596,15155
CTCGTCTGTGCCTTCG-1,0,70,82,7483,14957
GGACTCTTTGACTAAG-1,0,71,83,7369,15155
TCATCGACGACCGTCG-1,0,70,84,7256,14957
TACTACGTGCAATGCG-1,0,71,85,7142,15154
CCCTACTTGAACAATG-1,0,70,86,7029,14956
GCAGCTGTCAACGCAT-1,0,71,87,6915,15153
ATCTACCATCTGCTCC-1,0,70,88,6802,14955
TCTCAAATCAATCGGG-1,0,71,89,6688,15153
ACTCCGGCCGACCACT-1,0,70,90,6575,14955
TACACCTCTTCGAATC-1,0,71,91,6461,15152
GTGGCTGTTTCTGTTC-1,0,70,92,6348,14954
ACGACTCTAGGGCCGA-1,0,71,93,6234,15151
TCGTTTACGCGACCCT-1,0,70,94,6121,14953
AGGATATCCGACTGCA-1,0,71,95,6007,15151
GACACTTCCAATTACC-1,0,70,96,5894,14953
ACGGTACAGTTCAATG-1,0,71,97,5779,15150
CTTGATGACCATCCAG-1,0,70,98,5667,14952
CTGGTAAAGACTTACA-1,0,71,99,5552,15149
CTTGCCCACCCACGCA-1,0,70,100,5439,14951
CATTACGCAGGAAGGG-1,0,71,101,5325,15148
GGACAACCATGAAGCC-1,0,70,102,5212,14950
GTTATCAAGCTATCGA-1,0,71,103,5098,15148
AGGTGCACGTCCACAT-1,0,70,104,4985,14950
AAAGAATGTGGACTAA-1,0,71,105,4871,15147
ACCAAGTCATCGGCAG-1,0,70,106,4758,14949
AGTAACTATAGCAGCC-1,0,71,107,4644,15146
GGGAAAGAATGCCAAC-1,0,70,108,4531,14948
AATCGGTATAGCCCTC-1,0,71,109,4417,15146
GGCACTGCGGTGGTTT-1,0,70,110,4304,14948
CGTCCTCATCGCGTGC-1,0,71,111,4190,15145
CTTAACTTACAGTATA-1,0,70,112,4077,14947
GTGAGTCGACTAATAG-1,0,71,113,3963,15144
TGTACTTCCGGGCATG-1,0,70,114,3850,14946
CACAAACCGCAGAACT-1,0,71,115,3736,15144
GCTTTACACAACTGGG-1,0,70,116,3623,14946
CACCGATGATGGGTAC-1,0,71,117,3509,15143
TCAATATACAGGAGGC-1,0,70,118,3396,14945
AACGACCTCCTAGCCG-1,0,71,119,3282,15142
GTTACCAAGGCGTACG-1,0,70,120,3169,14944
TAGCTCACTGTGTTTG-1,0,71,121,3054,15141
TCGGCAGGGTTAAGGG-1,0,70,122,2942,14944
TGTTAACAAAGTGACT-1,0,71,123,2827,15141
CAGAGCGATGGATGCT-1,0,70,124,2714,14943
CATAGTGGGCACGCCT-1,0,71,125,2600,15140
AAACGCTGGGCACGAC-1,0,70,126,2487,14942
TGTTCTCATACTATAG-1,0,71,127,2373,15139
TCCGCTGGGTCGATCG-1,0,72,0,16792,15381
TTAGCATCCCTCACGT-1,0,73,1,16678,15578
AGCCTTGTCACTGATA-1,0,72,2,16565,15380
GTTTCTTGTTAGAGCT-1,0,73,3,16451,15578
TCGGAGTCCTGGTTGC-1,0,72,4,16338,15380
ACGGGTTGTGACCTGT-1,0,73,5,16224,15577
TGACAGAAATCTTGCT-1,0,72,6,16111,15379
TAGCCATGATTGCCTA-1,0,73,7,15997,15576
CGAAGCCACAGCATGG-1,0,72,8,15884,15378
ACCCGTAGCAGAGAAT-1,0,73,9,15770,15576
AGCTTGATCAGGGTAG-1,0,72,10,15657,15378
CTATAAGTAGGGTTTG-1,0,73,11,15543,15575
TATAGTTAGGTGTACT-1,0,72,12,15430,15377
TACGCTGATAGTTGTA-1,0,73,13,15316,15574
TTCTCAATTGCTACAA-1,0,72,14,15203,15376
GTTGCCCTAACGGGTG-1,0,73,15,15089,15574
GACATTTCGCCCAGCC-1,0,72,16,14976,15376
GTAACTACGTAGACCT-1,0,73,17,14862,15573
CCAGTGTACAGACCGA-1,0,72,18,14749,15375
GCCCGATGCCCAGTTC-1,0,73,19,14634,15572
CGAACCTCTTTCCTAG-1,0,72,20,14522,15374
CATGCACATGAGAGGC-1,0,73,21,14407,15571
CCAAATCAAAGGGCAA-1,0,72,22,14294,15374
GTAGTTTAAGCACACG-1,0,73,23,14180,15571
TAAGTGAATAGTCTAC-1,0,72,24,14067,15373
GGTCCACGTCTATTTG-1,0,73,25,13953,15570
CCCTCAGATCGAGAAC-1,0,72,26,13840,15372
ACATTCGCGCGGAATA-1,0,73,27,13726,15569
CTATGAACACCTTGCC-1,0,72,28,13613,15371
CGAATGGTAGGTCGTC-1,0,73,29,13499,15569
TCGACATAGCGTAGCG-1,0,72,30,13386,15371
GACGTTGCTCGGCGGC-1,0,73,31,13272,15568
CTCGAGGCAAGTTTCA-1,0,72,32,13159,15370
GCTGGGAGCGCGTCAA-1,0,73,33,13045,15567
GACGATATCACTGGGT-1,0,72,34,12932,15369
CAGCTCTGGGCTCACT-1,0,73,35,12818,15567
TAGTCTGCGGCACATT-1,0,72,36,12705,15369
TGGTCGATATACCTCT-1,0,73,37,12591,15566
TTCAGTTCAAGAGGAG-1,0,72,38,12478,15368
GTCTGTAGGTTGAACA-1,0,73,39,12364,15565
GAGAGTCTCGGGAGAG-1,0,72,40,12251,15367
TTGTTTGTATTACACG-1,0,73,41,12137,15564
GCACAGCACGGGCCGA-1,0,72,42,12024,15367
AAACAGTGTTCCTGGG-1,0,73,43,11909,15564
TGGAGAATAATCGTCC-1,0,72,44,11797,15366
CGCCGCGTTCTGAACG-1,0,73,45,11682,15563
CATGCGTTGAGAGGAG-1,0,72,46,11569,15365
TACGCTCCTAGAACTG-1,0,73,47,11455,15562
CCTTGTGAACGTGGTT-1,0,72,48,11342,15364
TTAAAGGCGATGCTCG-1,0,73,49,11228,15562
TAAAGTGCACGTCTCG-1,0,72,50,11115,15364
TGTCCGCAAACAATTC-1,0,73,51,11001,15561
AGGCCTATCATACCAA-1,0,72,52,10888,15363
ACTGGGATGCCAGTGC-1,0,73,53,10774,15560
CGATCCACCATTGTTG-1,0,72,54,10661,15362
GGGCATGCATGTCGAG-1,0,73,55,10547,15560
TCCAGGCAGGACGATC-1,0,72,56,10434,15362
CAATGACCCTTAATTT-1,0,73,57,10320,15559
ATCAAGATCCCAGGAC-1,0,72,58,10207,15361
CTCAGAGCTAATGTCG-1,0,73,59,10093,15558
CTGCGATTTCGAGATT-1,0,72,60,9980,15360
ATGGTATTGGGAACCG-1,0,73,61,9866,15557
TAGGTTCTGCTGAGAA-1,1,72,62,9753,15360
GCCTGTCCCGGTGCAT-1,0,73,63,9639,15557
GGCCTGCTCTGATGTT-1,1,72,64,9526,15359
TAGAGGGAGTTTATCT-1,1,73,65,9412,15556
CTCTACATCCTGCGTG-1,1,72,66,9299,15358
ACACATTTCCGTAGAC-1,1,73,67,9184,15555
TGGGTGTTAAGTAGAA-1,1,72,68,9072,15357
GAGCTCAACATGAGCG-1,1,73,69,8957,15555
GCACACAGCTATTACC-1,1,72,70,8844,15357
GCGACGGTAGTCTCCT-1,0,73,71,8730,15554
GTATCAAGGTACTTCC-1,0,72,72,8617,15356
GGAAAGGGAATTGAGC-1,0,73,73,8503,15553
TACACAGCCGTGGTGC-1,0,72,74,8390,15355
CGGTTGGGCAGGGTCC-1,0,73,75,8276,15553
GCACGCCGATTCCCGC-1,0,72,76,8163,15355
CGCTTTCCGCCAAGGT-1,0,73,77,8049,15552
TGCCCGATAGTTAGAA-1,0,72,78,7936,15354
TCAGAACGGCGGTAAT-1,0,73,79,7822,15551
CCACTCAGATCCGCAA-1,0,72,80,7709,15353
GAAGGGTCATTAAGAC-1,0,73,81,7595,15551
GCGGTCTTGCTTTCAC-1,0,72,82,7482,15353
GGAAGGACACCGTATA-1,0,73,83,7368,15550
CGCGGGAATTCCTTTC-1,0,72,84,7255,15352
TCTATCCGATTGCACA-1,0,73,85,7141,15549
TACTCGTTTGAATCAA-1,0,72,86,7028,15351
GTCTGCCGACTCGACG-1,0,73,87,6914,15548
TACGGGTAATAACATA-1,0,72,88,6801,15351
CCAGTTCGGTAACTCA-1,0,73,89,6687,15548
CGTGCACACCACTGTA-1,0,72,90,6574,15350
CTTCAGTTGGACAACG-1,0,73,91,6459,15547
TGATCTATCACACTCT-1,0,72,92,6347,15349
TAGCAGATACTTAGGG-1,0,73,93,6232,15546
CACCGGGCATCACAAG-1,0,72,94,6119,15348
AGTGGCCCGCAAATGG-1,0,73,95,6005,15546
CTCGCTAGGTAAGCGA-1,0,72,96,5892,15348
GATAGATAGTACAGTC-1,0,73,97,5778,15545
CGAGACTACTGCTGCT-1,0,72,98,5665,15347
ACATTTGAAACCTAAC-1,0,73,99,5551,15544
GACACAGCCGGGACTG-1,0,72,100,5438,15346
ACGGAACACGAGTGCC-1,0,73,101,5324,15544
ACGCCAGTGCGTTTGC-1,0,72,102,5211,15346
GCACCTAGGCGAGTCC-1,0,73,103,5097,15543
TCACTATCCCTTCGGT-1,0,72,104,4984,15345
TGAGTGTAACAACGGG-1,0,73,105,4870,15542
ATTGGTTGTGCATTAC-1,0,72,106,4757,15344
CTGGCGATTTACATGT-1,0,73,107,4643,15541
TCCACCAAGACATAGG-1,0,72,108,4530,15344
AACGTCGCTGCACTTC-1,0,73,109,4416,15541
GTCTCCCGAGTCCCGT-1,0,72,110,4303,15343
AGCCCGCACTACAATG-1,0,73,111,4189,15540
GGCACGCTGCTACAGT-1,0,72,112,4076,15342
GCTTGAGTGACCTCTG-1,0,73,113,3962,15539
ATAGCCATAACAGTCA-1,0,72,114,3849,15341
TAGGAGGCTCGAGAAC-1,0,73,115,3734,15539
GTCGGGTGAAGTACCG-1,0,72,116,3622,15341
CACCCGCGTTTGACAC-1,0,73,117,3507,15538
TCTCAGGCTACTCGCT-1,0,72,118,3394,15340
TAGATTCTCTAGCAAA-1,0,73,119,3280,15537
CCCATTATTGTATCCT-1,0,72,120,3167,15339
GTTAATAGCGTCATTA-1,0,73,121,3053,15537
TACTCATTGACGCATC-1,0,72,122,2940,15339
TAGTGACAAGCTCTAC-1,0,73,123,2826,15536
ATCGCCGTGGTTCATG-1,0,72,124,2713,15338
CTGCTCTCAACACACC-1,0,73,125,2599,15535
GCATGACACAAAGGAA-1,0,72,126,2486,15337
CAACGATCGATCCAAT-1,0,73,127,2372,15534
ATACAGCGTCCACTGA-1,0,74,0,16791,15776
TCACGATTAATACGTT-1,0,75,1,16677,15974
CGTGAACTGACCCGAT-1,0,74,2,16564,15776
TCGATGTTACGGCCGT-1,0,75,3,16450,15973
GACCGGTGATACTCTC-1,0,74,4,16337,15775
TCTGTTTAGATTGTTC-1,0,75,5,16223,15972
GCTACTCGGACGCAGA-1,0,74,6,16110,15774
AAGAAAGTTTGATGGG-1,0,75,7,15996,15971
CGCCAGTAGTACCTTG-1,0,74,8,15883,15774
CTCCCTTGTATCAAGG-1,0,75,9,15769,15971
ACTTTATACACCACTT-1,0,74,10,15656,15773
AGATCTGGAGAGGATA-1,0,75,11,15542,15970
TCATCCATCTGATCAC-1,0,74,12,15429,15772
AGAACACGGCGATGGT-1,0,75,13,15315,15969
CCGCTCCGGATAAGCT-1,0,74,14,15202,15771
TGGTCGGGTACAGGGC-1,0,75,15,15087,15969
ACGGACGCAGCGACAA-1,0,74,16,14975,15771
ACATGCTTACGGCAGC-1,0,75,17,14860,15968
CAGGGAGATAGGCCAG-1,0,74,18,14747,15770
TCGCCACCCGGATTAC-1,0,75,19,14633,15967
TCTTGGTCAATGATAC-1,0,74,20,14520,15769
CATAGGGACACTTGTG-1,0,75,21,14406,15967
CACGAGCAAACCAGAC-1,0,74,22,14293,15769
GGGATATTGATCGCCA-1,0,75,23,14179,15966
TAATGTCGGTTCATGG-1,0,74,24,14066,15768
CGATTTGTCATTAATG-1,0,75,25,13952,15965
TTAAGATACCCAGAGA-1,0,74,26,13839,15767
CGACCGTTGGTATTCG-1,0,75,27,13725,15964
ACTACCATCCGAGGGC-1,0,74,28,13612,15767
TCTACGCACGATCTCC-1,0,75,29,13498,15964
AAGCCACTTGCAGGTA-1,0,74,30,13385,15766
ACGTTGTCGTTGAAAG-1,0,75,31,13271,15963
ACCGCTAGTCATTGGT-1,0,74,32,13158,15765
CATGAGTCCATCACGG-1,0,75,33,13044,15962
ATGTCTTGTTTGACTC-1,0,74,34,12931,15764
TCCCAAACATCCTCTA-1,0,75,35,12817,15962
CAACGCGATGAGCCAA-1,0,74,36,12704,15764
GACACCCAAAGACGCG-1,0,75,37,12590,15961
ACGTTCACTATGCCGC-1,0,74,38,12477,15763
ATGGACTGCTTAGTTG-1,0,75,39,12362,15960
CCATGGCAAACGCTCA-1,0,74,40,12250,15762
TTGTCTCGGCAAGATG-1,0,75,41,12135,15960
TTCGAACGAAACATGC-1,0,74,42,12022,15762
GGAAAGTCTTGATTGT-1,0,75,43,11908,15959
ATCATAGATCGACGAG-1,0,74,44,11795,15761
GATTAGAAACAAGCGT-1,0,75,45,11681,15958
GCTGCGAAGAATTATT-1,0,74,46,11568,15760
TTCCAGTGGGTTTCGT-1,0,75,47,11454,15957
GCTCATTGATCATATC-1,0,74,48,11341,15760
ATACGAGGTTTGTAAG-1,0,75,49,11227,15957
GTCTATACACGCATGG-1,0,74,50,11114,15759
GATTTGCGCTAACACC-1,0,75,51,11000,15956
TGGTGCCCTGCCTTAC-1,0,74,52,10887,15758
TCGAATCGCAGGGTAG-1,0,75,53,10773,15955
GGTAGGCCAATATCAC-1,0,74,54,10660,15757
CGTAAATAACAAAGGG-1,0,75,55,10546,15955
GACTCTAGAGTTCCAA-1,0,74,56,10433,15757
ACTTGTTACCGGATCA-1,0,75,57,10319,15954
GGCATTGAACATCTCA-1,0,74,58,10206,15756
AACCCGCTGTATTCCA-1,0,75,59,10092,15953
TAACAGGTTCCCTTAG-1,0,74,60,9979,15755
GTTCTTGTAACTCAAT-1,0,75,61,9865,15953
GATTCTGTTAATGAGT-1,0,74,62,9752,15755
GGACACCTCGGTGTTG-1,1,75,63,9637,15952
CGATCGAGAAGCACCA-1,1,74,64,9525,15754
CTGCTCTGACGGCAAA-1,1,75,65,9410,15951
CCCAGGAAGAATTCGA-1,1,74,66,9297,15753
TGTCGTGGGTATAGGC-1,1,75,67,9183,15951
ATATGTCTAGAGCGTG-1,1,74,68,9070,15753
GCGGGCAGACGGGTGA-1,0,75,69,8956,15950
CGAAGATCAGTTTCAT-1,0,74,70,8843,15752
ACGCCACTCGAAACAG-1,0,75,71,8729,15949
CTTAGATGTTTCATCC-1,0,74,72,8616,15751
GCGAATGGACTAGCGA-1,0,75,73,8502,15948
TAAATTGTGGGTAAAG-1,0,74,74,8389,15751
ATTTATACTGGTAAAG-1,0,75,75,8275,15948
GCGTCGTAACATGGTC-1,0,74,76,8162,15750
CGGTATGGGCACTCTG-1,0,75,77,8048,15947
CTATCACAACGCTGGA-1,0,74,78,7935,15749
ACCACACGGTTGATGG-1,0,75,79,7821,15946
TCAGCGCACGCCGTTT-1,0,74,80,7708,15748
AATGTTAAGACCCTGA-1,0,75,81,7594,15946
CTTACATAGATTTCTT-1,0,74,82,7481,15748
AACATAGCGTGTATCG-1,0,75,83,7367,15945
AGCAGTCGAAGCATGC-1,0,74,84,7254,15747
GTACTACGGCCTCGTT-1,0,75,85,7140,15944
TTGGCCAAATTGTATC-1,0,74,86,7027,15746
TCAGAGGACGCGTTAG-1,0,75,87,6912,15944
AGTAATCTAAGGGTGG-1,0,74,88,6800,15746
AATTATACCCAGCAAG-1,0,75,89,6685,15943
CCCTACCCACACCCAG-1,0,74,90,6572,15745
CTCTGTCCATGCACCA-1,0,75,91,6458,15942
TCGCCTCCTTCGGCTC-1,0,74,92,6345,15744
CCTGATTCGCGAAGAA-1,0,75,93,6231,15941
GACTTCAACGCATCAA-1,0,74,94,6118,15744
GCTTCCCGTAAGCTCC-1,0,75,95,6004,15941
AGAACTGTACTTTGTA-1,0,74,96,5891,15743
CCTTAAGTACGCAATT-1,0,75,97,5777,15940
GGCCAATTGTATAGAC-1,0,74,98,5664,15742
AGAATACAGGCTATCC-1,0,75,99,5550,15939
AATACCTGATGTGAAC-1,0,74,100,5437,15741
TAGAGTGTTCCGGGTA-1,0,75,101,5323,15939
GCTTCCATGTAACCGC-1,0,74,102,5210,15741
GGTTCGCATTTGCCGT-1,0,75,103,5096,15938
TCAATCCGGGAAGTTT-1,0,74,104,4983,15740
CCGGAAGTGCAATATG-1,0,75,105,4869,15937
CTCATAAATGTGTATA-1,0,74,106,4756,15739
GACGGGCATCGAATTT-1,0,75,107,4642,15937
GCTAAGCCCAGTATGC-1,0,74,108,4529,15739
GCTATAAGGGCCAGGA-1,0,75,109,4415,15936
GCGGATTACTTGTTCT-1,0,74,110,4302,15738
TACAACAGCGCATACA-1,0,75,111,4187,15935
TCTAACCTAGCCTGCG-1,0,74,112,4074,15737
TCTACCCGCATCATTT-1,0,75,113,3960,15934
GTCTTACCACGCCAAG-1,0,74,114,3847,15737
AATAACGTCGCGCCCA-1,0,75,115,3733,15934
CGTTTCGGTTATATGC-1,0,74,116,3620,15736
TACGCTGCACGGTCGT-1,0,75,117,3506,15933
CGTTAAATACGACCAG-1,0,74,118,3393,15735
TCGACTGACGATGGCT-1,0,75,119,3279,15932
ACGCTACTGAATGGGC-1,0,74,120,3166,15734
AAGGGTTAGCCATGCG-1,0,75,121,3052,15932
ACGTTTCGGTGCACTT-1,0,74,122,2939,15734
TTAACCCGAGGCGTGT-1,0,75,123,2825,15931
GCCCGTCAAGCCCAAT-1,0,74,124,2712,15733
ATTCGTCCCGAGGTTA-1,0,75,125,2598,15930
TCAAATTATGTTCGAC-1,0,74,126,2485,15732
AACGTTCTACCATTGT-1,0,75,127,2371,15930
CTGTCCTGCGCACTAC-1,0,76,0,16790,16171
GCCCAGCGACACAAAG-1,0,77,1,16676,16369
TATAGCTATTATCTCT-1,0,76,2,16563,16171
AAGCTATGGATTGACC-1,0,77,3,16449,16368
CCGAAACACGACCTCT-1,0,76,4,16336,16170
ATCAGAAGCTGGTTGC-1,0,77,5,16222,16367
TGAACCTGAATGTGAG-1,0,76,6,16109,16169
TCAGAGCATGTCAACG-1,0,77,7,15995,16367
ATACCCTCCCGGCCAA-1,0,76,8,15882,16169
GCCACCTTATTCGCGA-1,0,77,9,15767,16366
CAACGAGCTTATTATG-1,0,76,10,15655,16168
GATCCAACCTTTAAAC-1,0,77,11,15540,16365
TTGTGGAGACAGCCGG-1,0,76,12,15427,16167
AGATAATCACACCTAT-1,0,77,13,15313,16364
GGTTAGGGATGCTAAT-1,0,76,14,15200,16167
TCATGAAGCGCTGCAT-1,0,77,15,15086,16364
CCAGGCGAGATGGTCT-1,0,76,16,14973,16166
CGACTTGCCGGGAAAT-1,0,77,17,14859,16363
GTGCCAAACGTTTCGA-1,0,76,18,14746,16165
TGCTCAAAGGATGCAC-1,0,77,19,14632,16362
GCCTCAGGTACCGGTC-1,0,76,20,14519,16164
ACAAGTAATTGTAAGG-1,0,77,21,14405,16362
TTAGAGTATTGTCGAG-1,0,76,22,14292,16164
GTCATCCCAAACTCAC-1,0,77,23,14178,16361
CTCCTAGTAATCGTGA-1,0,76,24,14065,16163
CCCTCATCACAGAGTA-1,0,77,25,13951,16360
GGAAACAGAGCTTGGG-1,0,76,26,13838,16162
ACATCGCAATATTCGG-1,0,77,27,13724,16360
TTAGCCATAGGGCTCG-1,0,76,28,13611,16162
CGGATTCTGCCTTATG-1,0,77,29,13497,16359
TTGTTGGCAATGACTG-1,0,76,30,13384,16161
GGATCTACCGTTCGTC-1,0,77,31,13270,16358
GGTGGGATTAGGTCCC-1,0,76,32,13157,16160
AATAGGCACGACCCTT-1,0,77,33,13042,16357
GAGGTCCGTTCGCTGT-1,0,76,34,12930,16160
TGACAACTTAAAGGTG-1,0,77,35,12815,16357
AGCTAAGCTCCGTCCG-1,0,76,36,12702,16159
CTAGCCCGGGAGACGA-1,0,77,37,12588,16356
CCCAGATTCCCGTGAC-1,0,76,38,12475,16158
GCCCGTTCACACAATT-1,0,77,39,12361,16355
ACAAACTCCATCAGAG-1,0,76,40,12248,16157
GGTTCCGTACGACTAA-1,0,77,41,12134,16355
TTGCGGAAAGCTGCCC-1,0,76,42,12021,16157
GGAACTCGTGAATACG-1,0,77,43,11907,16354
GGTTACCGCTCCCTAC-1,0,76,44,11794,16156
AGCGACTTTGAAGACA-1,0,77,45,11680,16353
CCGTTTCCTTTCCGTG-1,0,76,46,11567,16155
TGGATGGCATCTTGGA-1,0,77,47,11453,16353
CAAGTCGTTGAAATCT-1,0,76,48,11340,16155
TGCAAACGTACTAGTT-1,0,77,49,11226,16352
GGCTGTCCTACTGCGG-1,0,76,50,11113,16154
TACTGCATGATTAAAT-1,0,77,51,10999,16351
CGGACCTCTGTAGTTA-1,0,76,52,10886,16153
CCCTAGCTCTAAGGTC-1,0,77,53,10772,16351
GTAACAGGTTAACGGC-1,0,76,54,10659,16153
CCCGCAAATAATCATC-1,0,77,55,10545,16350
AATCCCGCTCAGAGCC-1,0,76,56,10432,16152
AACGTCATCCGGCTTG-1,0,77,57,10317,16349
CTCGTGGCACTGAAAG-1,0,76,58,10205,16151
CTTTATCCGACGCATG-1,0,77,59,10090,16348
AAATGACTGATCAAAC-1,0,76,60,9977,16151
TTCGTGCATGTTATAG-1,0,77,61,9863,16348
ATCAAAGAGCCGTGGT-1,0,76,62,9750,16150
ATGTCATAATAAACGA-1,0,77,63,9636,16347
CTTAATCGACTTAGTA-1,0,76,64,9523,16149
CTAAAGGATGAGATAC-1,0,77,65,9409,16346
GTGCTATCCAGCTGGA-1,0,76,66,9296,16148
GACAGAGGTCTTCAGT-1,0,77,67,9182,16346
TCGATTTACGAAACGA-1,0,76,68,9069,16148
AGGCTTAAGTTGCACA-1,0,77,69,8955,16345
TAGGATCTTAACCGCA-1,0,76,70,8842,16147
GACTTTCGAGCGGTTC-1,0,77,71,8728,16344
CCCTGGGAGGGATCCT-1,0,76,72,8615,16146
TAGTAGTTGCCGGACA-1,0,77,73,8501,16344
GCCCTAAGTGCAGGAT-1,0,76,74,8388,16146
ACTTGGGCTTTCGCCA-1,0,77,75,8274,16343
CATGATACGGTGAAAC-1,0,76,76,8161,16145
TCCTGCAGCCGCCAAT-1,0,77,77,8047,16342
GTCCGTTAGAGGGCCT-1,0,76,78,7934,16144
GCTTTATTAAGTTACC-1,0,77,79,7820,16341
AATCGAGGTCTCAAGG-1,0,76,80,7707,16144
GTGCTGTTAGAACATA-1,0,77,81,7592,16341
GGCTTCTCGTGGGTGG-1,0,76,82,7480,16143
CCTACAGTTGAGGGAG-1,0,77,83,7365,16340
TATCCCTCGATCTGCA-1,0,76,84,7252,16142
CCGGTATCTGGCGACT-1,0,77,85,7138,16339
CTCTAACACCGGCAGC-1,0,76,86,7025,16141
CTTCATCACCAGGGCT-1,0,77,87,6911,16339
GGCTGGCAATCCCACG-1,0,76,88,6798,16141
CAAACCATAAGCGTAT-1,0,77,89,6684,16338
CATGTGGGCTCATCAC-1,0,76,90,6571,16140
CCCGTGACAGTGCCTT-1,0,77,91,6457,16337
GATTATCTTGCATTAT-1,0,76,92,6344,16139
GAGTCCACCAGGTTTA-1,0,77,93,6230,16337
TGTACTATCGCTCGTT-1,0,76,94,6117,16139
TTAGCGAATAGATAGG-1,0,77,95,6003,16336
ACATACAATCAAGCGG-1,0,76,96,5890,16138
ATTCGTGTACCCATTC-1,0,77,97,5776,16335
GCTAGCAACGCACCTA-1,0,76,98,5663,16137
ACCTCAGCGAGGCGCA-1,0,77,99,5549,16334
TCCGGGCCACTAACGG-1,0,76,100,5436,16137
TCCCAATATCGACGAC-1,0,77,101,5322,16334
GGATTGAAGTAGCCTC-1,0,76,102,5209,16136
GGCGCACAGTTTACCT-1,0,77,103,5095,16333
CCCGGCACGTGTCAGG-1,0,76,104,4982,16135
AGTAAGGGACAGAATC-1,0,77,105,4867,16332
TTGCGCACAACCACGT-1,0,76,106,4755,16134
CCTGCTACAACCATAC-1,0,77,107,4640,16332
CTGGGCTACTGGAGAG-1,0,76,108,4527,16134
AGCTACGAATGGTGGT-1,0,77,109,4413,16331
ATTCGTTTATCGTATT-1,0,76,110,4300,16133
GGCATTCCCTCCCTCG-1,0,77,111,4186,16330
AGTTATTCAGACTGTG-1,0,76,112,4073,16132
CCACTTTCCTTCTAGG-1,0,77,113,3959,16330
CGCAGTTCTATCTTTC-1,0,76,114,3846,16132
AGGAGCGTTTATTATC-1,0,77,115,3732,16329
GACAGGTAATCCGTGT-1,0,76,116,3619,16131
TTCCCAAAGTACTGAT-1,0,77,117,3505,16328
CTGCAGGGTGACGCTC-1,0,76,118,3392,16130
TCATGGAGGCCTTTGT-1,0,77,119,3278,16328
ATGGCCCGAAAGGTTA-1,0,76,120,3165,16130
CGTAATATGGCCCTTG-1,0,77,121,3051,16327
AGAGTCTTAATGAAAG-1,0,76,122,2938,16129
GAACGTTTGTATCCAC-1,0,77,123,2824,16326
ATTGAATTCCCTGTAG-1,0,76,124,2711,16128
TACCTCACCAATTGTA-1,0,77,125,2597,16325
AGTCGAATTAGCGTAA-1,0,76,126,2484,16128
TTGAAGTGCATCTACA-1,0,77,127,2370,16325
