ACGCCTGACACGCGCT-1,0,0,0,1842,2098
TACCGATCCAACACTT-1,0,1,1,2093,2244
ATTAAAGCGGACGAGC-1,0,0,2,1841,2388
GATAAGGGACGATTAG-1,0,1,3,2092,2534
GTGCAAATCACCAATA-1,0,0,4,1839,2677
TGTTGGCTGGCGGAAG-1,0,1,5,2090,2823
GCATCCTCTCCTATTA-1,0,0,6,1837,2966
GCGAGGGACTGCTAGA-1,0,1,7,2088,3113
TGGTACCGGCACAGCC-1,0,0,8,1836,3256
GCGCGTTTAAATCGTA-1,0,1,9,2087,3402
TGCCTTGCCCTTACGG-1,0,0,10,1834,3545
GACGACTTTCCAAGAA-1,0,1,11,2085,3691
CCAGTGAGCTCCTTGT-1,0,0,12,1833,3835
ATACCCTGGCTCAAAT-1,0,1,13,2084,3981
GGGTTTCCGGCTTCCA-1,0,0,14,1831,4124
TAACCGTCCAGTTCAT-1,0,1,15,2082,4270
AAACAACGAATAGTTC-1,0,0,16,1830,4414
CAAGGGAGTGTATTTG-1,0,1,17,2081,4560
CCAAGCTTGATCTCCT-1,0,0,18,1828,4703
TTATTTCATCCCAAAC-1,0,1,19,2079,4849
GAGCGCTATGTCAGGC-1,0,0,20,1826,4992
TATGGCAGACTTTCGA-1,0,1,21,2078,5139
CTTCGTGCCCGCATCG-1,0,0,22,1825,5282
AAACGGGTTGGTATCC-1,0,1,23,2076,5428
TGCAAACCCACATCAA-1,0,0,24,1823,5571
GACGGGATGTCTTATG-1,0,1,25,2074,5717
GGCGAGCATCGAGGAC-1,0,0,26,1822,5861
CGCGTGCTATCAACGA-1,0,1,27,2073,6007
TGAAACCTCAACTCAC-1,0,0,28,1820,6150
CACATAAGGCGACCGT-1,0,1,29,2071,6296
TGACCCAACTCACATT-1,0,0,30,1819,6440
ATACGCCGATCTACCG-1,0,1,31,2070,6586
ACTTATCTGATCTATA-1,0,0,32,1817,6729
GTGTGAGCCGAGGTGC-1,0,1,33,2068,6875
GATGATTTGAAACTGG-1,0,0,34,1816,7018
GGGAACCACCTGTTTC-1,0,1,35,2067,7165
GTTCGTTGCGGACCAG-1,0,0,36,1814,7308
TGAGGTTGATCCCAAG-1,0,1,37,2065,7454
GATGCCACACTACAGC-1,0,0,38,1812,7597
AGGCAAAGAGGAATCA-1,0,1,39,2063,7743
AAGTAAGCTTCCAAAC-1,0,0,40,1811,7887
AACGTAGTCTACCCAT-1,0,1,41,2062,8033
GTTTGAGCGGTTATGT-1,0,0,42,1809,8176
GAAGCAAGGCAATGTT-1,0,1,43,2060,8322
TCACTCAGCGCATTAG-1,0,0,44,1808,8466
TACAATGAAACCAGCA-1,0,1,45,2059,8612
GTGCGCTTACAAATGA-1,0,0,46,1806,8755
GCACTCCCACAGTCCC-1,0,1,47,2057,8901
CGAAGACTGCCCGGGA-1,0,0,48,1805,9044
CAGGATCCGCCCGACC-1,0,1,49,2056,9191
CACGATTGGTCGTTAA-1,0,0,50,1803,9334
GGTTGTATCGTGAAAT-1,0,1,51,2054,9480
TCTTATGGGTAGTACC-1,0,0,52,1801,9623
TACAAGCTGTTCACTG-1,0,1,53,2052,9769
GTATCTTGTTGCTCAC-1,0,0,54,1800,9913
ATACCAGGTGAGCGAT-1,0,1,55,2051,10059
CCTAAACAGGGTCCGT-1,0,0,56,1798,10202
ATGGTGCTCAAAGCCA-1,0,1,57,2049,10348
CAAATGCGGAGTGTTC-1,0,0,58,1797,10492
CGTGCCCGACATTTGT-1,0,1,59,2048,10638
GTATCTCCCTAACTGT-1,0,0,60,1795,10781
ATTTGCCTAGTTACGA-1,0,1,61,2046,10927
ACGTCCTAAACGAGAT-1,0,0,62,1794,11070
CTGGGATCGCCCAGAT-1,0,1,63,2045,11217
CTGCAAATGGGCTCCA-1,0,0,64,1792,11360
CATTATAACAGGGTCC-1,0,1,65,2043,11506
ACCTTTCCTTTAGAAG-1,0,0,66,1790,11649
ATAGATTTGCAGTCGG-1,0,1,67,2041,11795
CTCGGGCATCGTCGGG-1,0,0,68,1789,11939
GTGGCGGGCCGTAGCT-1,0,1,69,2040,12085
CAACAGTGCCAAACGG-1,0,0,70,1787,12228
TGCGGGTATTGGGATC-1,0,1,71,2038,12374
GTCTCGCCAACACGCC-1,0,0,72,1786,12518
CTGGGCGGCCAAATGT-1,0,1,73,2037,12664
TAAAGGAGAAACTAGT-1,0,0,74,1784,12807
TCCCACGGAGGGAGCT-1,0,1,75,2035,12953
AGCTTCAATACTTTGA-1,0,0,76,1783,13097
TTCCACATTTCTCGTC-1,0,1,77,2034,13243
ACAAACCGACAAGGCG-1,0,0,78,1781,13386
AGACGGGATTGGTATA-1,0,1,79,2032,13532
AACCTAAAGCCGTCCG-1,0,0,80,1779,13675
TACAAATTGCGGAGGT-1,0,1,81,2030,13821
CCCGCTAGAGGGTTAA-1,0,0,82,1778,13965
CATTGCAAAGCATAAT-1,0,1,83,2029,14111
TGTACGCTATCAGCTT-1,0,0,84,1776,14254
TTCTTCGCAATAGAGC-1,0,1,85,2027,14400
TGTGATTCCAGCGCTT-1,0,0,86,1775,14544
ATTCAGGATCGCCTCT-1,0,1,87,2026,14690
GCCCATGGGTGCAATG-1,0,0,88,1773,14833
TTCCCGACGCTTCACT-1,0,1,89,2024,14979
AGCGGTTGAGATGTAC-1,0,0,90,1772,15123
GCTGTCTGTGATCGAC-1,0,1,91,2023,15269
AAAGACATGAAGTTTA-1,0,0,92,1770,15412
CAACAGAATAACGCTA-1,0,1,93,2021,15558
TGCGGTCTACGAGTAA-1,0,0,94,1769,15701
AAGACTCACGCCCACT-1,0,1,95,2020,15847
CTTTGAAACATATTCC-1,0,0,96,1767,15991
CTGGGCACTAGTCGGA-1,0,1,97,2018,16137
CGCCCTTACATCCACC-1,0,0,98,1765,16280
CACGACCACAGACTTT-1,0,1,99,2016,16426
CAATCCATTATCCGTT-1,0,0,100,1764,16570
GTGGCGTGCACCAGAG-1,0,1,101,2015,16716
CGGAGTCCTAACCTGG-1,0,0,102,1762,16859
GGTCCCATAACATAGA-1,0,1,103,2013,17005
ATCTCATAAACCTACC-1,0,0,104,1761,17149
TGCATGGCAGTCTTGC-1,0,1,105,2012,17295
TTGCAGGTCATGAAGT-1,0,0,106,1759,17438
AGCTGCATTTGAGGTG-1,0,1,107,2010,17584
TAATCAGGAATGCTGC-1,0,0,108,1758,17727
CCATCATAAGAACAGG-1,0,1,109,2009,17873
TCGTATCACCAAGCTA-1,0,0,110,1756,18017
ATTCAGATGAATCCCT-1,0,1,111,2007,18163
AAAGGTCAACGACATG-1,0,0,112,1754,18306
AGCTGCTGTGCCGAAT-1,0,1,113,2005,18452
CTAGCGCCAATCCTAC-1,0,0,114,1753,18596
GCTCGACCGAACTGAA-1,0,1,115,2004,18742
ACAGTGCAGCGCATTT-1,0,0,116,1751,18885
CGGCTGAAGGTTACGC-1,0,1,117,2002,19031
CACCTCTACGAGTGTG-1,0,0,118,1750,19175
ATACGACAGATGGGTA-1,0,1,119,2001,19321
ACTTCCTGTCGTGCGA-1,0,0,120,1748,19464
CGTAACGGAACGATCA-1,0,1,121,1999,19610
AAATCACTCCTAAACG-1,0,0,122,1747,19753
CTCCGAGTAAATCCGC-1,0,1,123,1998,19899
ACGCTAGTATCAGTGC-1,0,0,124,1745,20043
AGAGTGAACAGACACC-1,0,1,125,1996,20189
ACACCCGTAAATCTGT-1,0,0,126,1743,20332
GCTTTGCTGCCGGGTA-1,0,1,127,1994,20478
ACAGGAGGCGCAGCCG-1,0,2,0,2346,2101
AGGCAATACGGAGGAC-1,1,3,1,2597,2247
TGGTGTGACAGACGAT-1,0,2,2,2344,2390
ATCTATCGATGATCAA-1,1,3,3,2595,2536
CGGTAACAAGATACAT-1,0,2,4,2343,2680
TCGCCGGAGAGTCTTA-1,0,3,5,2594,2826
GGAGGAGTGTGTTTAT-1,0,2,6,2341,2969
TTAGGTGTGACTGGTC-1,0,3,7,2592,3115
CAGGGCTAACGAAACC-1,0,2,8,2339,3259
CCCGTGGGTTAATTGA-1,1,3,9,2591,3405
GACCGACCGCTAATAT-1,0,2,10,2338,3548
GGTATCAAGCATAGAA-1,0,3,11,2589,3694
TGCATGAGTAGATTCG-1,0,2,12,2336,3837
AATTCCAACTTGGTGA-1,0,3,13,2587,3984
TGCCGATGTCATCAAT-1,0,2,14,2335,4127
GCTGGGTCCGCTGTTA-1,1,3,15,2586,4273
TGAACACCCGAAGCAG-1,0,2,16,2333,4416
AACATTGGTCAGCCGT-1,0,3,17,2584,4562
GTGGGTCTTCTTTGCG-1,0,2,18,2332,4706
CATCGAATGGATCTCT-1,0,3,19,2583,4852
GCTACACTGTCCGAAC-1,0,2,20,2330,4995
CGGGTTGTAGCTTTGG-1,0,3,21,2581,5141
CCTAAGTGTCTAACCG-1,0,2,22,2329,5285
TCTGTGACTGACCGTT-1,0,3,23,2580,5431
TTATCATACTCGCAAA-1,0,2,24,2327,5574
AGCGTAGCGCTAGACC-1,0,3,25,2578,5720
TCCCTCCGAAATCGTT-1,0,2,26,2325,5863
AGGTCGCCACTTCGGT-1,0,3,27,2576,6010
CTAGCAACTAATTTAC-1,0,2,28,2324,6153
TTGCTAGCTACCAATC-1,0,3,29,2575,6299
GCCGGTTTGGGCGGAT-1,0,2,30,2322,6442
TGTAACTTGTCAACCT-1,0,3,31,2573,6588
CGAGATGTTGCCTATA-1,0,2,32,2321,6732
GTTACGAAATCCACGC-1,0,3,33,2572,6878
CTTGTCGTACGTGTCA-1,0,2,34,2319,7021
GCGTCCAGCTCGTGGC-1,0,3,35,2570,7167
CCCTTCTCGTACGCGA-1,0,2,36,2318,7311
CCAAAGTCCCGCTAAC-1,0,3,37,2569,7457
CCGCTTCGCGGTTAAC-1,0,2,38,2316,7600
GTTACGGCCCGACTGC-1,0,3,39,2567,7746
CCCGCTTGCCCTCGTC-1,0,2,40,2314,7889
TAGTGAGAAGTGGTTG-1,0,3,41,2565,8036
CGCTACCGCCCTATGA-1,0,2,42,2313,8179
AAACAATCTACTAGCA-1,0,3,43,2564,8325
GCGCGATGGGTCAAGT-1,0,2,44,2311,8468
ATAAACCATTGGACGG-1,0,3,45,2562,8614
TCGGGCACTTCTGGAT-1,0,2,46,2310,8758
TCTGTGGCTACATTTC-1,0,3,47,2561,8904
CTCTGTGCCTGCTATG-1,0,2,48,2308,9047
CACGACTAAAGTTCTG-1,0,3,49,2559,9193
GAGGAGTAATTCCTAC-1,0,2,50,2307,9337
AGAGGTATCTCGGTCC-1,0,3,51,2558,9483
GGCGTACCCTATATAA-1,0,2,52,2305,9626
GCCGGAAACACATCTT-1,0,3,53,2556,9772
AAATGTGGGTGCTCCT-1,0,2,54,2303,9915
ACCAGGAGTGTGATCT-1,0,3,55,2554,10062
TGTGGAGGAAGCTTAA-1,0,2,56,2302,10205
AAGGAGAACTTATAAG-1,0,3,57,2553,10351
CCCTCGGGAGCCTTGT-1,0,2,58,2300,10494
ACTGTTTAGTGTAGGC-1,0,3,59,2551,10640
CGTCAGTTTATCGTCT-1,0,2,60,2299,10784
GCGTGTATGTCGTATT-1,0,3,61,2550,10930
ACAATCGATCTTTATA-1,0,2,62,2297,11073
CAGCCCTCACAGGCAG-1,0,3,63,2548,11219
CGCGTCATATTAAACC-1,0,2,64,2296,11363
GAAGACTTCAATGCCG-1,0,3,65,2547,11509
TTGCGGCGACTCATGC-1,0,2,66,2294,11652
ACCAAACTAGAAATCC-1,0,3,67,2545,11798
TTACTGTTTCTCTACG-1,0,2,68,2292,11942
GACCAGGTCATTCATA-1,0,3,69,2544,12088
TTCTTCCCTTTGATAT-1,0,2,70,2291,12231
ACGCCCAGCTGTCGAT-1,0,3,71,2542,12377
AGTAGCGTGAACGAAC-1,0,2,72,2289,12520
CCTCGACCCACTGCCT-1,0,3,73,2540,12666
AGTTATTGAAAGGTAA-1,0,2,74,2288,12810
TCAGTTACGGAATGAT-1,0,3,75,2539,12956
GAATCTATACTCGGAC-1,0,2,76,2286,13099
TCGGCTAACTTCCCTT-1,0,3,77,2537,13245
ACGTGGTCGAATGTGC-1,0,2,78,2285,13389
ATATCGTGCCAGACCC-1,0,3,79,2536,13535
GTAGCTAGTAAGCGCG-1,0,2,80,2283,13678
ACGCTTAGTGTCTCTC-1,0,3,81,2534,13824
TCCGGCCTGCATCGAT-1,0,2,82,2282,13968
TAGTGGAACTCATACA-1,0,3,83,2533,14114
ATCATCTGCCCAGTGT-1,0,2,84,2280,14257
GTTATTAAATACGACC-1,0,3,85,2531,14403
GCGCTAAGTATGCATG-1,0,2,86,2278,14546
CCTGACGCAACCTTTA-1,0,3,87,2529,14692
CCCAAGAATGCACGGT-1,0,2,88,2277,14836
AACTGGGTTCGAGCCG-1,0,3,89,2528,14982
GGTTCCACCCGCTTCT-1,0,2,90,2275,15125
CATGCACGTGTTACTG-1,0,3,91,2526,15271
AGCGTTCCGATTTAAA-1,0,2,92,2274,15415
CCTACGCGACCTTACA-1,0,3,93,2525,15561
CGAATTACATGGTGTT-1,0,2,94,2272,15704
GAGGTCTTAGTGGGTC-1,0,3,95,2523,15850
GCCGCTAGATACGCAG-1,0,2,96,2271,15994
GTCACCTGTCTATGTC-1,0,3,97,2522,16140
CCGATTGGTCAATGAA-1,0,2,98,2269,16283
CCTGTGCGGATTGTAA-1,0,3,99,2520,16429
TTACGTAGCGCGTGCT-1,0,2,100,2267,16572
GGAGGCGAAGAACCGC-1,0,3,101,2518,16718
GGGTCACGTGCTTATG-1,0,2,102,2266,16862
GCTCCGGACGTTGATA-1,0,3,103,2517,17008
ATGTTTGTAAGATCAT-1,0,2,104,2264,17151
TGACCCAGCATTCCCG-1,0,3,105,2515,17297
TGGTCGTTTGATAGAT-1,0,2,106,2263,17441
TGTAATGCCTTCGGAC-1,0,3,107,2514,17587
TGCTCACACAACAACC-1,0,2,108,2261,17730
TACGATCCAAGCCACT-1,0,3,109,2512,17876
TTGTAACTTCATAGCG-1,0,2,110,2260,18020
AGATTCAAGCGGGTCG-1,0,3,111,2511,18166
CTCAGCAGACTGCCGA-1,0,2,112,2258,18309
GTAACATCAGCTCATC-1,0,3,113,2509,18455
ATGGAACAGAATAAAC-1,0,2,114,2256,18598
GGGCCTATACAACCGG-1,0,3,115,2507,18744
TCAAACAATTAGGACA-1,0,2,116,2255,18888
AAACCACTACACAGAT-1,0,3,117,2506,19034
AAACGACAGTCTTGCC-1,0,2,118,2253,19177
TTGAGGGTCGAACGCG-1,0,3,119,2504,19323
TGTTGATCACTGTTTA-1,0,2,120,2252,19467
AGGGTGTGCTACACGC-1,0,3,121,2503,19613
GTAGTTAGACAATATA-1,0,2,122,2250,19756
AATGGCCGCCAATGCG-1,0,3,123,2501,19902
TCGGCGGTATTAGATT-1,0,2,124,2249,20046
GGGTCACTGAGTAGTG-1,0,3,125,2500,20192
GAATTATGCAACCTAC-1,0,2,126,2247,20335
GATCTTAGTGAACGTG-1,0,3,127,2498,20481
CTAATGCGCCCAACAA-1,1,4,0,2849,2104
GCCACCCATTCCACTT-1,1,5,1,3100,2250
TACTCACAACGTAGTA-1,1,4,2,2848,2393
GTTCGGTGTGGATTTA-1,1,5,3,3099,2539
TCTTTCGGCGGGACAC-1,1,4,4,2846,2682
GGAGACATTCACGGGC-1,1,5,5,3097,2829
GGGATTATCTCACAAC-1,1,4,6,2845,2972
TAGAACGCCAGTAACG-1,1,5,7,3096,3118
ACGAGTCGCCGGCGTT-1,1,4,8,2843,3261
TGATGGGACTAAGTCA-1,1,5,9,3094,3407
TGCGAGAAACGTTACG-1,1,4,10,2842,3551
TCGCCTCGACCTGTTG-1,1,5,11,3093,3697
AACTCGATAAACACGT-1,1,4,12,2840,3840
AGGAAAGCCTCTGATG-1,1,5,13,3091,3986
GAAGGACTAAATTGAA-1,1,4,14,2838,4130
GTATCGGGACGAGCTG-1,1,5,15,3089,4276
CCTGTGCATAGGAGAC-1,1,4,16,2837,4419
CATACGGGTGCATGAT-1,1,5,17,3088,4565
CCACTAAACTGAATCG-1,1,4,18,2835,4708
AAATTGCGGCGGTTCT-1,1,5,19,3086,4855
AGTCCAGCGGGTACGT-1,1,4,20,2834,4998
CATTCAGGTCAGTGCG-1,1,5,21,3085,5144
CTAAAGTCCGAAGCTA-1,1,4,22,2832,5287
AATCAGACTGCAGGAC-1,1,5,23,3083,5433
AGTATCCATAATAACG-1,1,4,24,2831,5577
CTGGCTGCTAACGTAA-1,1,5,25,3082,5723
GTTCCAAGACAGCGAC-1,1,4,26,2829,5866
AAGACTAACCCGTTGT-1,1,5,27,3080,6012
GATTAATCCTGGCTCA-1,1,4,28,2827,6156
CGCGCAAGGAACTACA-1,1,5,29,3078,6302
CAGTAGCGAGGTAGTA-1,1,4,30,2826,6445
ACGGCGGGTTGCCCTG-1,1,5,31,3077,6591
CTAGGCGGCAGAGAAT-1,1,4,32,2824,6734
GTGCGCAGCTTGCTCC-1,1,5,33,3075,6881
TCACTATCGTGCAATC-1,1,4,34,2823,7024
TATGATTCTGCTTGGT-1,1,5,35,3074,7170
TAAGATTTAGCGGGAG-1,1,4,36,2821,7313
TTACGGTGTCACCGAG-1,1,5,37,3072,7459
CTACACTAGCTTGTTC-1,1,4,38,2820,7603
TGAGCAGTCGTGAAGT-1,1,5,39,3071,7749
CGCTGAGGACGTCCAA-1,1,4,40,2818,7892
GTGTATGACTTTAAAG-1,1,5,41,3069,8038
CTAAACGGGTGTAATC-1,1,4,42,2816,8182
TGTACTGTGCCAAAGT-1,1,5,43,3067,8328
GGCCACAAGCGATGGC-1,1,4,44,2815,8471
GTCAATTGTACTGAAG-1,1,5,45,3066,8617
AGGGACAGCACGGCGG-1,1,4,46,2813,8760
AGCTTATAGAGACCTG-1,1,5,47,3064,8907
AACTAGCGTATCGCAC-1,1,4,48,2812,9050
AACTTTAGCTGCTGAG-1,1,5,49,3063,9196
CCCAAGACAGAGTATG-1,1,4,50,2810,9339
GGCATCAACGAGCACG-1,1,5,51,3061,9485
ATGCATTCCGTGATGG-1,1,4,52,2809,9629
TTATAGATGCACATTA-1,1,5,53,3060,9775
GAACCATCTGGGAGAC-1,1,4,54,2807,9918
TGCTATACAAACGGAC-1,1,5,55,3058,10064
ACTTGCCATATTGTAC-1,1,4,56,2805,10208
TATTCCGGCAGTCCTA-1,1,5,57,3057,10354
GACGGACCGCGTTCCT-1,1,4,58,2804,10497
ATGTGTAGTTTAGTCA-1,1,5,59,3055,10643
ATACCAGCAAATTGCT-1,1,4,60,2802,10787
AAGTTTACTAATGGCA-1,1,5,61,3053,10933
CTCTCGATGTGCGCCT-1,1,4,62,2801,11076
GATTGACACTCTGCTC-1,1,5,63,3052,11222
TATCACAGCACGGGCA-1,1,4,64,2799,11365
ACCGTTCCCGCTCTGA-1,1,5,65,3050,11511
CCGCCACCACAATCCA-1,1,4,66,2798,11655
CATTCACTGACAGCTA-1,1,5,67,3049,11801
CGGCTGCAAGATTAAG-1,1,4,68,2796,11944
CATGAACCTCTTATCA-1,1,5,69,3047,12090
TTAATGCGAGGTAACT-1,1,4,70,2795,12234
AATAAGTCCTCGAGAC-1,1,5,71,3046,12380
ACCAGCCCGGTCTTTG-1,1,4,72,2793,12523
CTACGAACTAGGTCGA-1,1,5,73,3044,12669
ACATCTCAACGCGTAA-1,1,4,74,2791,12813
CACTACTCAGTTCTGT-1,1,5,75,3042,12959
CCGACTCGCATAGTCT-1,1,4,76,2790,13102
CATTTATCGTTCAAGA-1,1,5,77,3041,13248
CAAACGTGGTCTTGCG-1,0,4,78,2788,13391
TAGAAACCACTAAGTA-1,1,5,79,3039,13537
ACTGATTTAGTGATTC-1,0,4,80,2787,13681
TCGTATTTCGTCCGGA-1,1,5,81,3038,13827
CGGAAATTTCACATCC-1,0,4,82,2785,13970
ATCCACGCTAAATGTT-1,1,5,83,3036,14116
GTTCAATCTATGTCAA-1,0,4,84,2784,14260
ATAAAGGTCAAGTACG-1,0,5,85,3035,14406
CAACTCCAACGTTTAG-1,0,4,86,2782,14549
TAGGAACAGCCTCCAG-1,0,5,87,3033,14695
ATGGGAACGGAAGCGG-1,0,4,88,2780,14839
CACACGTTTCAATGGG-1,0,5,89,3031,14985
GGTGTTCTGTTTCTAC-1,0,4,90,2779,15128
AGTAACGTTCATCCTG-1,0,5,91,3030,15274
GTATAGTGGCCCATGT-1,0,4,92,2777,15417
TCTACACGTTCATGCA-1,0,5,93,3028,15563
AATCTGGGTAGACCCT-1,0,4,94,2776,15707
TCGGTTAGCCATGTAG-1,0,5,95,3027,15853
TGCCATGGCTTATAAG-1,0,4,96,2774,15996
TAAGTAAATGTGCCGC-1,0,5,97,3025,16142
GTGTCCGATAAGGCAT-1,0,4,98,2773,16286
TGGCACGAGCTCGAGT-1,0,5,99,3024,16432
ACCGGTCTGAGTACGG-1,0,4,100,2771,16575
GAACTTAGCGCCCGGT-1,0,5,101,3022,16721
AGTAGCTAGACGCCGA-1,0,4,102,2769,16865
ATAGGAATCTAAGCTT-1,0,5,103,3020,17011
CTTCCTGCATATTTAC-1,0,4,104,2768,17154
CAATATGTAGATTTAC-1,0,5,105,3019,17300
ACAAGGCCTACCAGCC-1,0,4,106,2766,17443
TTATAGTCCAAGGTGC-1,0,5,107,3017,17589
AAACGCCCGAGATCGG-1,0,4,108,2765,17733
CCTCGTTACGCCTGTT-1,0,5,109,3016,17879
GAACGGTGTAAAGCAG-1,0,4,110,2763,18022
ACGCATAAATGACATG-1,0,5,111,3014,18168
GGTTCGATGCTGAGTT-1,0,4,112,2762,18312
CTTTGGCAGACAGAGT-1,0,5,113,3013,18458
TTCGTGGGCTGGAAGC-1,0,4,114,2760,18601
CAAAGGTTAAATTCAG-1,0,5,115,3011,18747
GTTTGGCGTCAGGCAC-1,0,4,116,2758,18891
GCTTTCTATCTCAACT-1,0,5,117,3010,19037
TGCATCTCCGGATCTT-1,0,4,118,2757,19180
CTGAAACGGCCCTCAG-1,0,5,119,3008,19326
TAGCAGTAAATACGCG-1,0,4,120,2755,19469
CGGGCTACTTAAATTG-1,0,5,121,3006,19616
ATTATGCTCAGTATTG-1,0,4,122,2754,19759
TGATGCTCACGTAGTC-1,0,5,123,3005,19905
GTCTAAGATGCCCAGC-1,0,4,124,2752,20048
AACCCGATAGGGCTTC-1,0,5,125,3003,20194
CGCTATCGTGGCTTTA-1,0,4,126,2751,20338
CGTCTCTCGCCGAGGC-1,0,5,127,3002,20484
AGTGGGAGTATACACG-1,1,6,0,3353,2106
GGTCTTGGTGTTAACT-1,1,7,1,3604,2252
GGCTGGCAGCTTTATG-1,1,6,2,3351,2396
CGCCAATTATTGCGTT-1,1,7,3,3602,2542
GGTAACCGGCAAAGGT-1,1,6,4,3350,2685
TGGGACCATTGGGAGT-1,1,7,5,3601,2831
CTGCAGGTGCTCGGCC-1,1,6,6,3348,2975
CCGGTGCGAGTGATAG-1,1,7,7,3599,3121
GGGTACACTCTGGAGG-1,1,6,8,3347,3264
TAGCCAGAGGGTCCGG-1,0,7,9,3598,3410
CTTGTGAGGACAGCGG-1,1,6,10,3345,3553
GAAGGGCATAACCATG-1,1,7,11,3596,3700
CAACATGGCCTGATAA-1,1,6,12,3344,3843
CAATTTGACCGGGAAG-1,1,7,13,3595,3989
TCTGACTGTAATGGTT-1,1,6,14,3342,4132
TTCATAGCCTTGTAAC-1,1,7,15,3593,4278
TGGAAACGGAGTGAAC-1,1,6,16,3340,4422
ATCGCACGATTGTTCA-1,1,7,17,3591,4568
CGCCACCCGCATTAAC-1,1,6,18,3339,4711
TGGACCACGGCGTTGA-1,1,7,19,3590,4857
GTATATGTTACGGCGG-1,1,6,20,3337,5001
GTATTCTTACCGTGCT-1,1,7,21,3588,5147
TTCAGAGTAACCTGAC-1,1,6,22,3336,5290
GCGGTAACCCAAATGA-1,1,7,23,3587,5436
CTACGTGTTGCCACCA-1,1,6,24,3334,5579
CTAGATAAACTCCTCG-1,1,7,25,3585,5726
TCCATTAGTTGGATAG-1,1,6,26,3333,5869
CTGGCTCCTGCGGGAT-1,1,7,27,3584,6015
CAGTCTCTCGGCTAAT-1,1,6,28,3331,6158
GTATGACGTGGGAAAC-1,1,7,29,3582,6304
AGTCACTCCGCCTCAT-1,1,6,30,3329,6448
GCAGCGGTGGGCATTA-1,1,7,31,3580,6594
TATGGAGTTTCTCGTT-1,1,6,32,3328,6737
ACTCAACGAATGTATT-1,1,7,33,3579,6883
AACACGCGGCCGCGAA-1,1,6,34,3326,7027
CGATATTAGCCGCAGG-1,1,7,35,3577,7173
AGCGTCTGAACCCGCA-1,1,6,36,3325,7316
GATGTCCGGATCACAT-1,1,7,37,3576,7462
GGTCACGTTAGATTCA-1,1,6,38,3323,7606
TTAAGGATACGGAGGT-1,1,7,39,3574,7752
GTGCGGGACCATCGGC-1,1,6,40,3322,7895
CCATCTTGTTCACAAT-1,1,7,41,3573,8041
TCCGAGAAGGCTAAGC-1,1,6,42,3320,8184
TGGCGGTGTGCGATTG-1,1,7,43,3571,8330
ATCCTGCTGCAGATAG-1,1,6,44,3319,8474
TTATGCGTCCCGGTCC-1,1,7,45,3570,8620
CATAATGAGCGGGCGA-1,1,6,46,3317,8763
AGACATAGATCCTTCC-1,1,7,47,3568,8909
GGTGAAACCGGGAATG-1,1,6,48,3315,9053
AACTGGTGTGGGCCTT-1,1,7,49,3566,9199
GTAGCGCTGTTGTAGT-1,1,6,50,3314,9342
TTGTTTGTGTAAATTC-1,1,7,51,3565,9488
GGATCAAAGGACGAGG-1,1,6,52,3312,9632
CGTAGCGCCGACGTTG-1,1,7,53,3563,9778
CAAGTGAACTTTGGTT-1,1,6,54,3311,9921
GTAGACAACCGATGAA-1,1,7,55,3562,10067
CAATGGTCGGCCTGGG-1,1,6,56,3309,10210
ACAGATTAGGTTAGTG-1,1,7,57,3560,10356
GTTATCACCTTCTGAA-1,1,6,58,3308,10500
TGGTATCGGTCTGTAT-1,1,7,59,3559,10646
GGAATAACCTCAAGAA-1,1,6,60,3306,10789
ATTATCTCGACAGATC-1,1,7,61,3557,10935
CCGAGGGATGTTAGGC-1,1,6,62,3304,11079
TGAGATCAAATACTCA-1,1,7,63,3555,11225
AAACGAAGAACATACC-1,1,6,64,3303,11368
CTGGTCCTAACTTGGC-1,1,7,65,3554,11514
TGCACGAGTCGGCAGC-1,1,6,66,3301,11658
ATAGTCTTTGACGTGC-1,1,7,67,3552,11804
TGGAGCTAAAGTTCCC-1,1,6,68,3300,11947
GGGTGGTCCAGCCTGT-1,1,7,69,3551,12093
CATGCATGGAGACCCT-1,1,6,70,3298,12236
ACACGGCACTATGCAT-1,1,7,71,3549,12382
CCCTGGTATGGGCGGC-1,1,6,72,3297,12526
GGAGGATTGAAAGGAG-1,1,7,73,3548,12672
CCGCTGGTGCCATTCA-1,1,6,74,3295,12815
GTTAGAGTGTGCCGCT-1,1,7,75,3546,12961
TCGGAATGACCATCAA-1,1,6,76,3293,13105
TTCAATTAGCCATAAT-1,1,7,77,3544,13251
GATGTGTTGTCACAAG-1,1,6,78,3292,13394
TCTTTCTCTTAAGGAG-1,1,7,79,3543,13540
ACCCTTTAGTTCTCCA-1,1,6,80,3290,13684
ACCACAACTCAGAACA-1,1,7,81,3541,13830
TATGATAAATCTAACG-1,1,6,82,3289,13973
GATCCTCTTGCGCTTA-1,1,7,83,3540,14119
TTCTACCTTTATGTTG-1,1,6,84,3287,14262
GAAATACCTGCTGGCT-1,1,7,85,3538,14408
ATTCTGAGTATGAACT-1,1,6,86,3286,14552
GGATTAAGCTAAGGTC-1,1,7,87,3537,14698
AGTACGTGGCCTGTCT-1,1,6,88,3284,14841
TCAGGGTGCACGAAAC-1,1,7,89,3535,14987
AAATTTACCGAAATCC-1,0,6,90,3282,15131
TTGAGGCATTTAACTC-1,1,7,91,3533,15277
AACCAGTATCACTCTT-1,0,6,92,3281,15420
CACCGGAGATATCTCC-1,1,7,93,3532,15566
GACTGGGCGCCGCAAC-1,0,6,94,3279,15710
CACGTCTATGATGTGG-1,0,7,95,3530,15856
TTAAGACGAACGAACC-1,0,6,96,3278,15999
TGACCAGCTTCAAAGT-1,0,7,97,3529,16145
AGAGTTAGAGACCGAT-1,0,6,98,3276,16288
TTCGGACTGATGCCTT-1,0,7,99,3527,16434
CTCGAATGGAACGTAT-1,0,6,100,3275,16578
GGACGGCTTGCGCAAC-1,0,7,101,3526,16724
CTAAGTACAGGGCTAC-1,0,6,102,3273,16867
ACAAATTCAGATCTGA-1,0,7,103,3524,17013
CATGGAAATGGGACCA-1,0,6,104,3272,17157
GGTGGACCACGTGTTA-1,0,7,105,3523,17303
CACGACGTAATAGTAA-1,0,6,106,3270,17446
CGGGTTCGGCACGTAT-1,0,7,107,3521,17592
CTGGGCTATCCTTTGG-1,0,6,108,3268,17736
GTATTAGGGTTCGCGT-1,0,7,109,3519,17882
TCATTCGTATAATTTG-1,0,6,110,3267,18025
AATAGCAAGCCTCCTG-1,0,7,111,3518,18171
CATCTACCCGAGAACG-1,0,6,112,3265,18314
GCTTCAGTGGGATTAC-1,0,7,113,3516,18461
TCTGTGATGGAGGTTG-1,0,6,114,3264,18604
ATCCACTTTCAGACTA-1,0,7,115,3515,18750
ATGGTTACGAAACATG-1,0,6,116,3262,18893
GGCCCAATCTAGAGGG-1,0,7,117,3513,19039
GATGGTGAAATAACCC-1,0,6,118,3261,19183
AGAGGGACAATTGTCC-1,0,7,119,3512,19329
CGCGTACATTCTGGAA-1,0,6,120,3259,19472
CAAGAAACCCTAAACT-1,0,7,121,3510,19618
TTGGTGCGGTGTTGAA-1,0,6,122,3257,19762
GGTTCCCTAGTGTCTC-1,0,7,123,3508,19908
CGATAACCAATTTGAG-1,0,6,124,3256,20051
GCCCACTGGTCCACAA-1,0,7,125,3507,20197
GAGGGCCGGCAGAGTC-1,0,6,126,3254,20340
CGACACGGATGCCCAC-1,0,7,127,3505,20487
CTGTCTGTGGCTGGCT-1,1,8,0,3857,2109
ATATTATCCCGTATTT-1,1,9,1,4108,2255
GCGCTGGCGGAAAGTC-1,1,8,2,3855,2398
ATCTAACGTCCCTATG-1,1,9,3,4106,2545
GTCAGACAGCGTTGGA-1,1,8,4,3853,2688
GCCAGGCTTAGTGGTA-1,1,9,5,4104,2834
ATTCAAAGTACCTGTT-1,1,8,6,3852,2977
TGGACGTAGGCGAATC-1,1,9,7,4103,3123
ACACATTGACGCAACA-1,0,8,8,3850,3267
GATATCAGTATGTATC-1,1,9,9,4101,3413
TGGGCCTTGCCTGCAT-1,0,8,10,3849,3556
CAAAGTCAGGTTAGCT-1,1,9,11,4100,3702
GGATCCCTACCAGCTA-1,1,8,12,3847,3846
ATCGTCCAATCGAGTC-1,0,9,13,4098,3992
ACATGGCTCAATTTAG-1,0,8,14,3846,4135
AGGCCCAGTGACTGGT-1,1,9,15,4097,4281
GCTTCCAGCTTAGATT-1,1,8,16,3844,4424
TGCTTGAAACCATGCA-1,1,9,17,4095,4571
CAATATTGGACTAGTG-1,1,8,18,3842,4714
CGTGCTGGCCTAGTCG-1,1,9,19,4094,4860
CCTGCGATAGAACTGT-1,1,8,20,3841,5003
GGGTAATGCTGTGTTT-1,1,9,21,4092,5149
AACGCGAACGGCAACA-1,1,8,22,3839,5293
TGTCGGCATGGTGGAA-1,1,9,23,4090,5439
AGCGTACGAGAGCTAG-1,1,8,24,3838,5582
ATACTCTCGCCACTCT-1,1,9,25,4089,5728
AATCCATGCAAGGGTG-1,1,8,26,3836,5872
TTAAACAGAGTCCCGC-1,1,9,27,4087,6018
CCACAGCTGAAATCAT-1,1,8,28,3835,6161
CGGTTCCGGCTTCTTG-1,1,9,29,4086,6307
GACGTGAGACTCCATG-1,1,8,30,3833,6451
TCGTTGGCTCGTCAAT-1,1,9,31,4084,6597
GGTGAACGGGCTAGCC-1,1,8,32,3832,6740
GCACTGTGCAAATGTA-1,1,9,33,4083,6886
ACGAGAACCCATCACG-1,1,8,34,3830,7029
CCAGCTACGCCTCATA-1,1,9,35,4081,7175
TCCCGGTCAGGAATTT-1,1,8,36,3828,7319
TCGCATTCAATGACTT-1,1,9,37,4079,7465
CTGGTTCAACGCATCA-1,1,8,38,3827,7608
GGTGATTTCATCTTGT-1,1,9,39,4078,7754
CACCCTTTCCTCGCTC-1,1,8,40,3825,7898
CAACTTGTAGTGGGCA-1,1,9,41,4076,8044
AATATCAAGGTCGGAT-1,1,8,42,3824,8187
ACTCAGACCTGCTTCT-1,1,9,43,4075,8333
TTGGAGTCTCCCTTCT-1,1,8,44,3822,8477
GGATACTCATGAATTG-1,1,9,45,4073,8623
TGGGCACAAACAGAAC-1,1,8,46,3821,8766
GAGCCACGGTAGTAGG-1,1,9,47,4072,8912
TCGATAGGCTAGTCGC-1,1,8,48,3819,9055
TAACCGCCCGCAGTGC-1,1,9,49,4070,9201
GCCTATTTGCTACACA-1,1,8,50,3817,9345
TTGACGATTCAGCACG-1,1,9,51,4068,9491
TTAAACCGGTAGCGAC-1,1,8,52,3816,9634
ACCGAAAGGGCCCTGC-1,1,9,53,4067,9780
ACGTTCCGCGCTCCGT-1,1,8,54,3814,9924
ATACCAGGCTAATAGA-1,1,9,55,4065,10070
CGGCTTTGTATGATAA-1,1,8,56,3813,10213
CTTGACCCGAAAGATA-1,1,9,57,4064,10359
CGCAGAAACATTTGCG-1,1,8,58,3811,10503
GACCCGTCGCCGGCTA-1,1,9,59,4062,10649
AATCGGGACACTACGA-1,1,8,60,3810,10792
GTCACAAAGTTTCCAA-1,1,9,61,4061,10938
TATATTCGCGTCGATA-1,1,8,62,3808,11081
CCTCCCGACAATCCCT-1,1,9,63,4059,11227
CGACATGCGATCTTCT-1,1,8,64,3806,11371
AACACGACTGTACTGA-1,1,9,65,4057,11517
CCCAACCACACTAACA-1,1,8,66,3805,11660
CACCGCCGACCAGCGA-1,1,9,67,4056,11806
TGGTATCGCATCCCAA-1,1,8,68,3803,11950
CAGAGTGATTTAACGT-1,1,9,69,4054,12096
AACCCTGGTGGAACCA-1,1,8,70,3802,12239
GTCAGTTGTGCTCGTT-1,1,9,71,4053,12385
ATTGACGTAACTCGGT-1,1,8,72,3800,12529
GATGTCGGTCAACTGC-1,1,9,73,4051,12675
AGGGCAGCGGCGTGGT-1,1,8,74,3799,12818
ACATCGTTAACCTAGT-1,1,9,75,4050,12964
TCCATTGTGACCTCGT-1,1,8,76,3797,13107
TGTTTAATACTTCATC-1,1,9,77,4048,13253
TTGCTGGCCGGGCTTC-1,1,8,78,3795,13397
CATATTATTTGCCCTA-1,1,9,79,4047,13543
CTGCCTAGCCACCAAG-1,1,8,80,3794,13686
ACGAGATATTTGCTTA-1,1,9,81,4045,13832
GACTACAATTGCTCGT-1,1,8,82,3792,13976
AACGTGATGAAGGACA-1,1,9,83,4043,14122
ACTCTCTTATACACGA-1,1,8,84,3791,14265
CGCATCATGGCTTCAG-1,1,9,85,4042,14411
CGGCTCTTCGTCGAAC-1,1,8,86,3789,14555
ATTCTTCGTACTTATG-1,1,9,87,4040,14701
AGTGAGGGTTTCTGAC-1,1,8,88,3788,14844
GCCAGGCGTTCGCATG-1,1,9,89,4039,14990
GACTAACACAGCACCT-1,1,8,90,3786,15133
CAATGGAATCTACATA-1,1,9,91,4037,15280
GTGGTCAGCGAAGTAT-1,1,8,92,3785,15423
ATGGCTGGAAATGGCC-1,1,9,93,4036,15569
ATCAGGTCGCCATTGC-1,1,8,94,3783,15712
TATCACCATGTAAAGT-1,1,9,95,4034,15858
AGCGCTTATGGGCAAG-1,1,8,96,3781,16002
AAGCGGCGTCATGGGT-1,1,9,97,4032,16148
ACTAATACGTCAGGCG-1,1,8,98,3780,16291
GGCTGAGCATCGTAAG-1,1,9,99,4031,16437
CGGTTGGGTTCAAGTT-1,1,8,100,3778,16581
GACTGATTGGTCACAA-1,1,9,101,4029,16727
AGACGGGCCGATTTAA-1,0,8,102,3777,16870
ACCAGTGCCCGGTCAA-1,1,9,103,4028,17016
GTCCTTTAATGACTTC-1,0,8,104,3775,17159
CCTACAAGTCCGGAAT-1,0,9,105,4026,17306
GCCTGCTACACTGAGA-1,0,8,106,3774,17449
GACTCGGTCGGCGGAT-1,0,9,107,4025,17595
CTAGACATATATGTAG-1,0,8,108,3772,17738
TCGCCCAACTGACTCC-1,0,9,109,4023,17884
AAACTAACGTGGCGAC-1,0,8,110,3770,18028
AACTGAGGTCAGCGTC-1,0,9,111,4021,18174
ACAATGATTCTTCTAC-1,0,8,112,3769,18317
ATAAGTACCCGATTGT-1,0,9,113,4020,18463
ATTGGGAGTTCTGTAA-1,0,8,114,3767,18607
CGAACATAGTCAGAAA-1,0,9,115,4018,18753
TAGCTCAGATCCTAGT-1,0,8,116,3766,18896
GTGTCGTATTCACCTT-1,0,9,117,4017,19042
CTCACCGATCCAAACT-1,0,8,118,3764,19185
ATATGTGCACAAACCA-1,0,9,119,4015,19332
CAGTCCAACGCCTTCT-1,0,8,120,3763,19475
TCGTCCGGGTACACTC-1,0,9,121,4014,19621
GCAGAAACGTAATCCA-1,0,8,122,3761,19764
TTCGAGCCGGCGCTAC-1,0,9,123,4012,19910
GGAAGATAAGACTGTA-1,0,8,124,3759,20054
ATAAGCAAACACCGAG-1,0,9,125,4010,20200
GCATAAATTGAACGCC-1,0,8,126,3758,20343
CGCCGGTGTCGCAGTA-1,0,9,127,4009,20489
GACCTGGTCTGGGCGT-1,1,10,0,4360,2112
AGCCGCTTGATTAGCG-1,1,11,1,4611,2258
CCCGGCTAGGTGAGAA-1,1,10,2,4359,2401
CGAGCCGAGCACTCGA-1,1,11,3,4610,2547
TAGTGCTTGAATCCTT-1,1,10,4,4357,2691
CAACCGCACCTAGACA-1,1,11,5,4608,2837
ACCACTGTTCAAGAAG-1,1,10,6,4355,2980
AGATGCTATAACGAGC-1,1,11,7,4607,3126
AATTACTCGTACGCTC-1,1,10,8,4354,3269
CGTCAATCTTTAACAT-1,1,11,9,4605,3416
CCAAAGCAGTTGGTTG-1,1,10,10,4352,3559
CCATATTGGATCATGA-1,1,11,11,4603,3705
CGTACCGAAAGTCTAG-1,1,10,12,4351,3848
CTCGAGATCCAAAGCA-1,1,11,13,4602,3994
TGGATAGAGTAACAGA-1,1,10,14,4349,4138
TCACAGATCCTCAAAC-1,1,11,15,4600,4284
AGAGCTACGAAAGCAT-1,1,10,16,4348,4427
TGCGTGATTGGGTGTC-1,1,11,17,4599,4573
CACATGTTTGGACATG-1,1,10,18,4346,4717
TTCGCATCCGGAAGCA-1,1,11,19,4597,4863
CCCTAGTGTCAGGTGT-1,1,10,20,4345,5006
TTACCGCCTTAGGGAA-1,1,11,21,4596,5152
CCAGTCCATTATTCGA-1,1,10,22,4343,5296
CGTAAACGCTTGAGTG-1,1,11,23,4594,5442
ATTCCTTCCAGGCGGT-1,1,10,24,4341,5585
TTCCTTTCTGTGTTGC-1,1,11,25,4592,5731
AGTTGACATCGGCTGG-1,1,10,26,4340,5874
AACTCGATGGCGCAGT-1,1,11,27,4591,6020
GATAAGGCAGATGCAA-1,1,10,28,4338,6164
GGCTGGCTAGCTTAAA-1,1,11,29,4589,6310
CCTCATGCAGCTACGA-1,1,10,30,4337,6453
GACGCCTGTTGCAGGG-1,1,11,31,4588,6599
TAATTAGATGGATATG-1,1,10,32,4335,6743
GAGGGCATCGCGTATC-1,1,11,33,4586,6889
CTTGTGAGTCTTTGAC-1,1,10,34,4334,7032
TCAACACATTGGGTAA-1,1,11,35,4585,7178
ACTGTATACGCGAGCA-1,1,10,36,4332,7322
GTGAAACGTGCTCCAC-1,1,11,37,4583,7468
CGAGTGCTATAGTTCG-1,1,10,38,4330,7611
GTACTGCATGAAGCGT-1,1,11,39,4581,7757
GTAACTTGCGGCAGTC-1,1,10,40,4329,7900
GAATCGCCGGACACGG-1,1,11,41,4580,8046
GGGAGTAATGGCTGGC-1,1,10,42,4327,8190
CATGAACCGACATTTG-1,1,11,43,4578,8336
TCTGTCATACAAGAGC-1,1,10,44,4326,8479
GTCGTCAATTATAAGG-1,1,11,45,4577,8625
TAAAGAGCCCGAAACC-1,1,10,46,4324,8769
GTACTGAGGTCGTAAC-1,1,11,47,4575,8915
AAAGACCCAAGTCGCG-1,1,10,48,4323,9058
CGTCAGTGCGCACAAG-1,1,11,49,4574,9204
TGTATCCTTATTCCAT-1,1,10,50,4321,9348
ATTCTCGTCTCTTTAG-1,1,11,51,4572,9494
AAAGTCACTGATGTAA-1,1,10,52,4319,9637
TGTCTACAGTTTCTGT-1,1,11,53,4570,9783
TTAACGTCGCAAGACC-1,1,10,54,4318,9926
CTATGTCTATTGAAAC-1,1,11,55,4569,10072
TCGGGTGAAACTGCTA-1,1,10,56,4316,10216
TGTCCCGACATAGCAC-1,1,11,57,4567,10362
ACAGCATAGAGCCAGT-1,1,10,58,4315,10505
ATATTCCCACAGGTCA-1,1,11,59,4566,10651
TTGGATCGACTTCTGG-1,1,10,60,4313,10795
CACCATCGGAGGAGAC-1,1,11,61,4564,10941
TCGTTCGTTATTATGT-1,1,10,62,4312,11084
CTTAACTTCGAAGTAC-1,1,11,63,4563,11230
GCACAAGTGTCGGAAG-1,1,10,64,4310,11374
TACCAGCTAGGTTTAA-1,1,11,65,4561,11520
ACGTACAGATTTCTCT-1,1,10,66,4308,11663
AATTTGGTTCCAAAGA-1,1,11,67,4560,11809
GTAAGGATTTGTCGGA-1,1,10,68,4307,11952
CATCATCTACCCGGAC-1,1,11,69,4558,12098
ACGATGGATCCGATGC-1,1,10,70,4305,12242
CACTCAGCTCTTGAGG-1,1,11,71,4556,12388
TAGATCCGAAGTCGCA-1,1,10,72,4304,12531
TGAAACTTATGCAAGC-1,1,11,73,4555,12677
GCGATTCTGGAAGCAG-1,1,10,74,4302,12821
CAAACTATTGAGCTTC-1,1,11,75,4553,12967
TAGAATTAAGGGCAAC-1,1,10,76,4301,13110
CGAAACATAGATGGCA-1,1,11,77,4552,13256
GATGGTGCCCTAGGCA-1,1,10,78,4299,13400
CCCGCAGGGCCCAAAG-1,1,11,79,4550,13546
ACAGCGCACCCGCAGC-1,1,10,80,4298,13689
GGTAAATGTGCGTTAC-1,1,11,81,4549,13835
GTCCTTCTAGTGGGTT-1,1,10,82,4296,13978
GGAAGCTCGCTTACAG-1,1,11,83,4547,14125
CACCGATACACCGAGC-1,1,10,84,4294,14268
CAGCCGGGCCCTCTAT-1,1,11,85,4545,14414
CGGAGCTTATAACACC-1,1,10,86,4293,14557
ATTACAACTACCGGCC-1,1,11,87,4544,14703
TCCTCTGGCCCATTAG-1,1,10,88,4291,14847
CGGCACCGTTAGCGCC-1,1,11,89,4542,14993
TCGGTCCCTGACTCCA-1,1,10,90,4290,15136
TGGTTGGAGGATCCTG-1,1,11,91,4541,15282
CTGCGGTAGTCACGTG-1,1,10,92,4288,15426
GTGCCTCAGTGTACGG-1,1,11,93,4539,15572
ATCGTTCACTTTCGCC-1,1,10,94,4287,15715
ACTTACCGGGCGCGCA-1,1,11,95,4538,15861
CTAGACTGCATTTCGT-1,1,10,96,4285,16004
TTGCCGGTGATCCCTC-1,1,11,97,4536,16151
CTGTCACGCCAGGCGC-1,1,10,98,4283,16294
CGGTATAGGTATTAGC-1,1,11,99,4534,16440
CCAACGCTTGCCAGGG-1,1,10,100,4282,16583
CGTTGAGTAATTGCGT-1,1,11,101,4533,16729
TGTATTTACCTAATGC-1,1,10,102,4280,16873
TAAATGCCGTCTCATG-1,1,11,103,4531,17019
CGGTTTATGAAGGAAC-1,1,10,104,4279,17162
GCAAGATGTGTTCGCG-1,1,11,105,4530,17308
AAAGGTAAGCTGTACC-1,1,10,106,4277,17452
GTACGTCACGTATTAA-1,1,11,107,4528,17598
AGTACCTTCGAGTGCT-1,0,10,108,4276,17741
ATTGTGACTTCGCTGC-1,1,11,109,4527,17887
TGTATCAGACTGAAGC-1,0,10,110,4274,18030
GAGACCCTGCAACGCC-1,1,11,111,4525,18177
TGGGTGGGATGTCATT-1,0,10,112,4272,18320
GGCTAATGATTGAAAT-1,0,11,113,4523,18466
ATAACGTTACCTCCAC-1,0,10,114,4271,18609
TGCGAGATGGCGGCCA-1,0,11,115,4522,18755
CACACTTGTATTGCGA-1,0,10,116,4269,18899
GCTGGTGACTCGTAGT-1,0,11,117,4520,19045
CGACACCGCTTAAGGA-1,0,10,118,4268,19188
GTAACAACTGACCTTG-1,0,11,119,4519,19334
CAACTGAGGGTATGAC-1,0,10,120,4266,19478
CTAATTATGAAGCGTA-1,0,11,121,4517,19624
CCGATCTTAAGAGGCT-1,0,10,122,4265,19767
CGACTCGGTACACGGT-1,0,11,123,4516,19913
TGCTGCGTCAGAGTTA-1,0,10,124,4263,20056
AGAGTTGCAGGCCTCC-1,0,11,125,4514,20203
ACTGGCGAACCTGCGT-1,0,10,126,4261,20346
ACTAAGGACGCACACC-1,0,11,127,4513,20492
CGTCCAGATGGCTCCA-1,1,12,0,4864,2114
ACTATCGCCGGCTAAA-1,1,13,1,5115,2261
GATAGCGTACCACGCG-1,1,12,2,4862,2404
AGGACTTATAGGAGAA-1,1,13,3,5113,2550
TAGTCGGGATTCTTCG-1,1,12,4,4861,2693
ACCATTAAGGGTGTCA-1,1,13,5,5112,2839
TTAATGTGTTTGCAGG-1,1,12,6,4859,2983
TCCGCAGCCACCTAGC-1,1,13,7,5110,3129
GAGGAGATCCTCATGC-1,1,12,8,4858,3272
GGTCCTTCATACGACT-1,1,13,9,5109,3418
CCCTGTTGGCAAAGAC-1,1,12,10,4856,3562
GTGCCTAGCTATGCTT-1,1,13,11,5107,3708
GTCATCTCCTACAGCT-1,1,12,12,4854,3851
GCGAGAAACGGGAGTT-1,1,13,13,5105,3997
CGTCGCGGCGGGATTT-1,1,12,14,4853,4141
CATTGTGTGCTAGATC-1,1,13,15,5104,4287
CGCGGCAGTATTACGG-1,1,12,16,4851,4430
GAAATGGGATGTAAAC-1,1,13,17,5102,4576
CATTCCCTAAGTACAA-1,1,12,18,4850,4719
AGTTCTGCGTTGTATC-1,1,13,19,5101,4865
ACCCTATAGGACTGAG-1,1,12,20,4848,5009
TTAGATAGGTCGATAC-1,1,13,21,5099,5155
ATTGATAGCAACGAGA-1,1,12,22,4847,5298
TCTCGGCTCCAGGACT-1,1,13,23,5098,5444
CTTGAGGTTATCCCGA-1,1,12,24,4845,5588
AAGAAGGATCAGTTAG-1,1,13,25,5096,5734
GTACGACGGCGCTGCG-1,1,12,26,4843,5877
CTTATGTTGACTACCA-1,1,13,27,5094,6023
CGGCACTCAAGAAAGT-1,1,12,28,4842,6167
GTCAAAGTTTACATAG-1,1,13,29,5093,6313
CTCCTAAGTTATGTCT-1,1,12,30,4840,6456
ACTGTGCTAGTAGATC-1,1,13,31,5091,6602
GTTTGGCCGCTCAGCG-1,1,12,32,4839,6745
TTATCCAATCGAACTC-1,1,13,33,5090,6891
CCGTACCCAAGCGCCA-1,1,12,34,4837,7035
CATACAAAGCCGAACC-1,1,13,35,5088,7181
GGTCGGTAATTAGACA-1,1,12,36,4836,7324
AGCGGGAAGGGTCCAT-1,1,13,37,5087,7470
GCCCACCAAGGCTGTC-1,1,12,38,4834,7614
GTAGACGTCGTTACAT-1,1,13,39,5085,7760
GAGCATCATCCCTGGG-1,1,12,40,4832,7903
AGGTAACCTCCTATTC-1,1,13,41,5083,8049
GGTTTGAGTGCTGGAA-1,1,12,42,4831,8193
GCACTAGTCGCGCTAT-1,1,13,43,5082,8339
GGTAACTATGTATCTG-1,1,12,44,4829,8482
GCGGTCCCTAGACGCA-1,1,13,45,5080,8628
CGAGCGTTGATCAGCC-1,1,12,46,4828,8771
AATCCAAGGGCCTGAG-1,1,13,47,5079,8917
CCGTGCCCATGACGGC-1,1,12,48,4826,9061
GAAATTCACATCGCTG-1,1,13,49,5077,9207
CTCTGCGAAGCAAGCA-1,1,12,50,4825,9350
AGTAGGTAACATACAT-1,1,13,51,5076,9496
ATTGGGAATATCTTGG-1,1,12,52,4823,9640
TAGAGCTACGAAGAAC-1,1,13,53,5074,9786
TGCGGCATAGTTCAAC-1,1,12,54,4821,9929
CCGCCGGTCAACACAC-1,1,13,55,5073,10075
TCGTATAGTGCAATTA-1,1,12,56,4820,10219
TAGTTTATTCTTGCTT-1,1,13,57,5071,10365
GATATCTCATGCAATA-1,1,12,58,4818,10508
CGTTTAAGCGGAGCAC-1,1,13,59,5069,10654
CATGCTGGCTCCAATT-1,1,12,60,4817,10797
GAAACAGCCATGCAGT-1,1,13,61,5068,10943
AGTTTCGCAGGTCGGA-1,1,12,62,4815,11087
CTCATGGCTCACAATC-1,1,13,63,5066,11233
AACCGTTGTGTTTGCT-1,1,12,64,4814,11376
ACCCTTCATCTGCGAA-1,1,13,65,5065,11522
TGCGGTGAAATTTCAT-1,1,12,66,4812,11666
CAAATTGTCAGCAAGC-1,1,13,67,5063,11812
GAGGTACATCCATCTT-1,1,12,68,4811,11955
AAATGGCATGTCTTGT-1,1,13,69,5062,12101
TCATCCCAGAGGGTGG-1,1,12,70,4809,12245
CGTAGCGAATTGTCAG-1,1,13,71,5060,12391
CCTAGTTAGTCGCATG-1,1,12,72,4807,12534
GAAACTCTAATGAAGG-1,1,13,73,5058,12680
TTGTATCACACAGAAT-1,1,12,74,4806,12823
TTCAAGCCGAGCTGAG-1,1,13,75,5057,12970
AGGTACGATATTGCCA-1,1,12,76,4804,13113
TTAAGCCGACAACTTC-1,1,13,77,5055,13259
GTCTTAGTACAGCCGG-1,1,12,78,4803,13402
TGGGTAAGGTTCCCGC-1,1,13,79,5054,13548
CTACGCCATTTCCGAT-1,1,12,80,4801,13692
GACCGTCAGGTCGTGA-1,1,13,81,5052,13838
TAGTTAAGATAGGATA-1,1,12,82,4800,13981
GAATATTCGGAGTCCC-1,1,13,83,5051,14127
CAAACTACGATAGAGA-1,1,12,84,4798,14271
CAGGAAGACTTTATAT-1,1,13,85,5049,14417
TTCGTAATCCCAGCGG-1,1,12,86,4796,14560
GTGAGGAGCGGTTGAG-1,1,13,87,5047,14706
CAATCCCTATACCAGC-1,1,12,88,4795,14849
AGGGAAACGAGGTACT-1,1,13,89,5046,14996
TCCTGCCAACTGGAGA-1,1,12,90,4793,15139
AATTTGGGACATAGTA-1,1,13,91,5044,15285
AACTCCTAATCCCATG-1,1,12,92,4792,15428
GCTCATTACTGCATGT-1,1,13,93,5043,15574
TCTCGAACGAGGTCAC-1,1,12,94,4790,15718
TCACTACGACCAATGC-1,1,13,95,5041,15864
GTGATGCACAACATCT-1,1,12,96,4789,16007
CCGACGTAAACACAAC-1,1,13,97,5040,16153
TGGGATGCACTCATTC-1,1,12,98,4787,16297
TTCCATCATGCGGTGA-1,1,13,99,5038,16443
TGCACAGTGAAGTTAT-1,1,12,100,4785,16586
CTATTGTGTTTGGTCA-1,1,13,101,5036,16732
TGCGAGCCCTTCCGCG-1,1,12,102,4784,16875
TTGAAAGGTGTAAAGG-1,1,13,103,5035,17022
GGTGCAGAGCCTATCG-1,1,12,104,4782,17165
ACTATATGCTGTGTTC-1,1,13,105,5033,17311
TCCTGGCGCTGCCTGG-1,1,12,106,4781,17454
GAGCCGAGCGTTTATT-1,1,13,107,5032,17600
AGAATGCGGGTTCGGA-1,1,12,108,4779,17744
ATGCGACAATTGGTCC-1,1,13,109,5030,17890
TTCCGGCTCGACTTCT-1,1,12,110,4778,18033
TGATTATGGCACGCAG-1,1,13,111,5029,18179
GGTTTGACAAGAAGCT-1,1,12,112,4776,18323
GCAGCTATGGACAGGT-1,1,13,113,5027,18469
CACCATGATCGCAAAG-1,0,12,114,4774,18612
GTCGGAAGGATACCAG-1,1,13,115,5026,18758
GGCCCAGTTATCAGCA-1,0,12,116,4773,18901
GGGCCTATTTAAGTAT-1,0,13,117,5024,19048
GTTGTTACATTGCGCT-1,0,12,118,4771,19191
CAACTCCGTAACTTGC-1,0,13,119,5022,19337
GATCTTTGCTCAAAGA-1,0,12,120,4770,19480
TCGCTTAATTACGAAG-1,0,13,121,5021,19626
CGATCATTAGAGGCAC-1,0,12,122,4768,19770
TGTTCTCTACTCCCTA-1,0,13,123,5019,19916
GCTTAGGGAAGCGGTA-1,0,12,124,4767,20059
CAGGTTTAGTACTACA-1,0,13,125,5018,20205
AAGCGGAGTGCGCGCA-1,0,12,126,4765,20349
TCAGATGGAGACGTAG-1,0,13,127,5016,20495
TCGCACTAACGTTTGT-1,1,14,0,5367,2117
CACGTCGGGTTCTAGA-1,1,15,1,5618,2263
GGAGTACACATGAGCT-1,1,14,2,5366,2407
GTGTGTCGACGTCGCT-1,1,15,3,5617,2553
GAAGCTCTTTGCTTAG-1,1,14,4,5364,2696
ACACCGAGCGCTCTTT-1,1,15,5,5615,2842
CGTAATAATTACGAGT-1,1,14,6,5363,2986
CATCAACACCTACTAA-1,1,15,7,5614,3132
CCAAGTTTCTACAGAT-1,1,14,8,5361,3275
ACGGGTCATGTGACTT-1,1,15,9,5612,3421
AGTGTGCTAAGATCGC-1,1,14,10,5360,3564
GGCGGTTTGCCGGTGC-1,1,15,11,5611,3710
GTATAATCTCCCGGAT-1,1,14,12,5358,3854
TAGTCCGTATGCATAA-1,1,15,13,5609,4000
CACTTCGTCTTATCTC-1,1,14,14,5356,4143
CATCCGCAGGCCCGAA-1,1,15,15,5607,4289
CCCTGATGTAACTCGT-1,1,14,16,5355,4433
CCATAGTCAGTAACCC-1,1,15,17,5606,4579
CGGGCCATAGCCGCAC-1,1,14,18,5353,4722
CTCCGGCTTGTAGACA-1,1,15,19,5604,4868
AACTTGCGTTCTCGCG-1,1,14,20,5352,5012
AATGAGTTCGCATATG-1,1,15,21,5603,5158
CGAGGCCAGGCATTGG-1,1,14,22,5350,5301
TCTGCGTCCGGTTTCT-1,1,15,23,5601,5447
CAATCCTGCCGTGGAG-1,1,14,24,5349,5590
CTGAGCAAGTAACAAG-1,1,15,25,5600,5736
GGGTACCCACGGTCCT-1,1,14,26,5347,5880
ACGGAATTTAGCAAAT-1,1,15,27,5598,6026
GGGCGGTCCTATTGTC-1,1,14,28,5345,6169
ATGTTACGAGCAATAC-1,1,15,29,5596,6315
AACCATGGGATCGCTA-1,1,14,30,5344,6459
TCGCATCCCTAAGTGT-1,1,15,31,5595,6605
ACTTAGTACGACAAGA-1,1,14,32,5342,6748
GAGCTCTCGGACCTAA-1,1,15,33,5593,6894
TCTATTACGCTGGCGA-1,1,14,34,5341,7038
AGATACGACTTCATAT-1,1,15,35,5592,7184
CGCTATACCGCCCACT-1,1,14,36,5339,7327
CAGTGTCCGCAGAATG-1,1,15,37,5590,7473
CCATCCATACCAAGTC-1,1,14,38,5338,7616
AACCCAGAGACGGAGA-1,1,15,39,5589,7762
GAAGAACGGTGCAGGT-1,1,14,40,5336,7906
GATAAATCGGTGGATG-1,1,15,41,5587,8052
CAGCTCGTGCTTGTGT-1,1,14,42,5335,8195
GAGTACGGGTATACAA-1,1,15,43,5586,8341
CATCGCCCGCGGCCAA-1,1,14,44,5333,8485
TCTTACAGAGGTACCG-1,1,15,45,5584,8631
TGGAAGACGAACACCA-1,1,14,46,5331,8774
GTTGTCGTGTTAGTTG-1,1,15,47,5582,8920
CCAAGGAACAGAGAGG-1,1,14,48,5330,9064
CTGCACCTGGAACCGC-1,1,15,49,5581,9210
CGCTTTCATACCGGTG-1,1,14,50,5328,9353
GTTCTTCCCTCGATGT-1,1,15,51,5579,9499
ATTTAACTCGTATTAC-1,1,14,52,5327,9642
AACGATAGAAGGGCCG-1,1,15,53,5578,9788
TATCCTGCATGGGAAT-1,1,14,54,5325,9932
AGGCCCATTGTACAGG-1,1,15,55,5576,10078
CCGGCGCATATTGGAT-1,1,14,56,5324,10221
ATCTGTAATTGTACCC-1,1,15,57,5575,10367
GAGCGAGGGAGTACCG-1,1,14,58,5322,10511
TTATTAGGGAAGCATC-1,1,15,59,5573,10657
CTTCTTACGTCGTATA-1,1,14,60,5320,10800
GAAGTGCTGGATAGCT-1,1,15,61,5571,10946
GTGCAACAAATGTGGC-1,1,14,62,5319,11090
CATGCGTTAGACAGAA-1,1,15,63,5570,11236
ACACACTTTCTACACG-1,1,14,64,5317,11379
AGCCCTAAGCGAAGTT-1,1,15,65,5568,11525
ATTAATTCGGTCACTC-1,1,14,66,5316,11668
AACAGGAAATCGAATA-1,1,15,67,5567,11815
ACGTTTAGTTGTGATC-1,1,14,68,5314,11958
TCCTTCAGTGGTCGAA-1,1,15,69,5565,12104
CGAACGCCCAGTGCCG-1,1,14,70,5313,12247
CCTCGAAGTGGACGGG-1,1,15,71,5564,12393
CTCTGTTTGAGGATTC-1,1,14,72,5311,12537
TGGGCACGTTCTATGG-1,1,15,73,5562,12683
ACTATTCGTCCGTGGT-1,1,14,74,5309,12826
CCTCTGGCCTAGACGG-1,1,15,75,5560,12972
CCATAAACAACCCGAC-1,1,14,76,5308,13116
CATAGTACATTGAGAG-1,1,15,77,5559,13262
ATTTCATTATTTCGCG-1,1,14,78,5306,13405
CAACTATATCGAATGC-1,1,15,79,5557,13551
CTAGTATTCGGAATTA-1,1,14,80,5305,13694
GTGGAACCTACATGCG-1,1,15,81,5556,13841
CCTAAAGGCTGACGCT-1,1,14,82,5303,13984
CGTGACATTGGGTCGT-1,1,15,83,5554,14130
CCAATCGGTAGATCGA-1,1,14,84,5302,14273
ATTGTCGCAATACCTT-1,1,15,85,5553,14419
AAATTACACGACTCTG-1,1,14,86,5300,14563
CACTCCTCTCGGTCGG-1,1,15,87,5551,14709
AAATAACCATACGGGA-1,1,14,88,5298,14852
AGTTACTCTATCGTGG-1,1,15,89,5549,14998
CGTTAGCTCACAACTG-1,1,14,90,5297,15142
GAATGTATGGCAGGTC-1,1,15,91,5548,15288
GCAACCACCAGACCGG-1,1,14,92,5295,15431
TCACTCGTGCAACGGC-1,1,15,93,5546,15577
AAACAGAGCGACTCCT-1,1,14,94,5294,15720
CAGCCTCTCCTCAAGA-1,1,15,95,5545,15867
TTGCGTGAACGCTTAG-1,1,14,96,5292,16010
CCGCCTGCGAATTGGT-1,1,15,97,5543,16156
AGATGAGGGTTGCGAT-1,1,14,98,5291,16299
CGGTGGGCTCCAGCCT-1,1,15,99,5542,16445
GGCAGCGGTAATCCTA-1,1,14,100,5289,16589
GCTAGCAGGGAGTGGG-1,1,15,101,5540,16735
CTCAAGACATTAGCGC-1,1,14,102,5288,16878
CACGGCGCGCCAAAGG-1,1,15,103,5539,17024
TGCAATTTGGGCACGG-1,1,14,104,5286,17168
ATGCCAATCGCTCTGC-1,1,15,105,5537,17314
GCTGGACCCAAAGTGG-1,1,14,106,5284,17457
ATTCCTAAGACGTGGA-1,1,15,107,5535,17603
TCCGGAGGAAGGGCTG-1,1,14,108,5283,17746
TCGGTGACCGCTCCGG-1,1,15,109,5534,17893
TCCGAAGTAGTCACCA-1,1,14,110,5281,18036
CATGTAGGAGCGCCAA-1,1,15,111,5532,18182
CACAAGAAAGATATTA-1,1,14,112,5280,18325
AGGGTCAGTAACCCTA-1,1,15,113,5531,18471
TAAGCCCTTACGACCA-1,1,14,114,5278,18615
ATACCGTCATCCATAA-1,1,15,115,5529,18761
GGACGTCCATAGTTGG-1,1,14,116,5277,18904
CATCAAACTGGCGCCC-1,1,15,117,5528,19050
AAACGTGTTCGCCCTA-1,0,14,118,5275,19194
AAATTGGTGAGAAGCA-1,0,15,119,5526,19340
GGTCATTGTAGTCATA-1,0,14,120,5273,19483
TGCAGTGAGGCTCGGG-1,0,15,121,5524,19629
GAACATTAGTATGTTA-1,0,14,122,5272,19772
GGTTTGCGAACACGTA-1,0,15,123,5523,19919
ACACAAATATTCCTAG-1,0,14,124,5270,20062
TTGGGTTTATTCAGCG-1,0,15,125,5521,20208
ATTCGCAGAGGACACT-1,0,14,126,5269,20351
GATTTAGTGCGTACTG-1,0,15,127,5520,20497
TAGAAACACAATAGTG-1,1,16,0,5871,2120
CAGTAGATGATGTCCG-1,1,17,1,6122,2266
TCTTAACTCGGATGTA-1,1,16,2,5869,2409
TACATCTTGTTTCTTG-1,1,17,3,6120,2555
TTCATAGGGTGTCCAT-1,1,16,4,5868,2699
TGAAGTAGCTTACGGA-1,1,17,5,6119,2845
GCACAAGTGGATCATA-1,1,16,6,5866,2988
GGGCGAATTTCTCCAC-1,1,17,7,6117,3134
ATGTTCCTGCCCACCT-1,1,16,8,5865,3278
GCTCAACCTCTTAGAG-1,1,17,9,6116,3424
ATAGCTGCTCTTGTTA-1,1,16,10,5863,3567
CGTCAGCTATTTACTC-1,1,17,11,6114,3713
ATCTGATAGTGTCTTA-1,1,16,12,5862,3857
TGCACTATGTGAGTGC-1,1,17,13,6113,4003
CCGACAAACACATGAG-1,1,16,14,5860,4146
GCCTTGTATATGCAGT-1,1,17,15,6111,4292
ATAATACCGTTAGCCG-1,1,16,16,5858,4435
ACACTCCAATGTCACT-1,1,17,17,6110,4581
AGTTGCTGACTGATAT-1,1,16,18,5857,4725
GGCGCTCCTCATCAAT-1,1,17,19,6108,4871
TGCCTGACATCGGTCA-1,1,16,20,5855,5014
TTGGCCATCTTGCGCT-1,1,17,21,6106,5160
CAGTGGTTGCACATGA-1,1,16,22,5854,5304
AGAATTGTTTGACATA-1,1,17,23,6105,5450
AAATGCTCGTTACGTT-1,1,16,24,5852,5593
CACCTAATAGAGTCGT-1,1,17,25,6103,5739
CATTTCTAGCAGACTA-1,1,16,26,5851,5883
CCGAAAGTGGTGAGCA-1,1,17,27,6102,6029
AGTCAGCCACCGCCTG-1,1,16,28,5849,6172
TCATCACTCGAGCTCG-1,1,17,29,6100,6318
CTCAGGACTCACCTGT-1,1,16,30,5848,6461
CGGTGTACTTGATCCC-1,1,17,31,6099,6607
CCTACGGCTCAGTCGA-1,1,16,32,5846,6751
GTACTTGGGCACTTCT-1,1,17,33,6097,6897
TGATTTCCTCCTGACG-1,1,16,34,5844,7040
CCTCACCAATCTTGAC-1,1,17,35,6095,7186
GGTGAGATGCAGATAA-1,1,16,36,5843,7330
GCTAGTTTCATTGAGG-1,1,17,37,6094,7476
AGGACATCGCACGTCG-1,1,16,38,5841,7619
GTGGACGTGCTGAGAC-1,1,17,39,6092,7765
TAAGGAACTTGTGGGA-1,1,16,40,5840,7909
TCGCTGTGCGTAAATC-1,1,17,41,6091,8055
GCATCCCTAACTTTGA-1,1,16,42,5838,8198
CACCCACACGTCACCC-1,1,17,43,6089,8344
CCCTCATTCTGGAATT-1,1,16,44,5837,8487
AGGGCGTGATCGGCTA-1,1,17,45,6088,8634
GGTGCGGATAAGTGGC-1,1,16,46,5835,8777
TAATATTGAAATTCGC-1,1,17,47,6086,8923
CTTACACTGGGAAATA-1,1,16,48,5833,9066
ACCAAGAACGCGTGTC-1,1,17,49,6084,9212
GCCTTCAGCCCTACCG-1,1,16,50,5832,9356
GATGCTACAAGCGCCT-1,1,17,51,6083,9502
CCGGGACCCGCAGAGA-1,1,16,52,5830,9645
GTTCCAGTCTGACCAT-1,1,17,53,6081,9791
ATGATCGGGAATAGAC-1,1,16,54,5829,9935
TTGGATTGGGTACCAC-1,1,17,55,6080,10081
TACCTCACGCTTGTAC-1,1,16,56,5827,10224
CATGGCAGGAAGATCG-1,1,17,57,6078,10370
ATGACGCCGGCTCTAA-1,1,16,58,5826,10513
AGCGACATCCCATTCA-1,1,17,59,6077,10660
AGTAATGTCTTGCCGC-1,1,16,60,5824,10803
TTCTTAGTGGCTCAGA-1,1,17,61,6075,10949
CGTCTGGAAGGGCCCG-1,1,16,62,5822,11092
ACGTGCGCCTCGTGCA-1,1,17,63,6073,11238
AGAGCGGGCTAATCAT-1,1,16,64,5821,11382
GCGTCGAAATGTCGGT-1,1,17,65,6072,11528
AACTGATATTAGGCCT-1,1,16,66,5819,11671
CGAGCTGGGCTTTAGG-1,1,17,67,6070,11817
GGGTGTTTCAGCTATG-1,1,16,68,5818,11961
TTAATTTCAGACGCGG-1,1,17,69,6069,12107
ACTGCCGTCGTAACTC-1,1,16,70,5816,12250
GTGCACGAAAGTGACT-1,1,17,71,6067,12396
ATCTCCCTGCAATCTA-1,1,16,72,5815,12539
ACGCCAGATGATTTCT-1,1,17,73,6066,12686
AGCTATTTAATCCAAC-1,1,16,74,5813,12829
CCACGAGAAGAGAATC-1,1,17,75,6064,12975
GATTCCGCGTTTCCGT-1,1,16,76,5811,13118
GTCGGATGTAGCGCGC-1,1,17,77,6063,13264
TATTTATACCGAGTAG-1,1,16,78,5810,13408
GTAGGTGATCCGTGTA-1,1,17,79,6061,13554
AGTTAAGCGGTCCCGG-1,1,16,80,5808,13697
CTGGCGACATAAGTCC-1,1,17,81,6059,13843
TTGGCCTAGAATTTCG-1,1,16,82,5807,13987
GGCATATCGGTTCTGC-1,1,17,83,6058,14133
GGGCGTCCACTGGCTC-1,1,16,84,5805,14276
TTACCCATTGCCGGGT-1,1,17,85,6056,14422
TTAGACACGATCGTTG-1,1,16,86,5804,14565
GCGCTGATCCAGACTC-1,1,17,87,6055,14712
TTCGGCAACCCGCTGA-1,1,16,88,5802,14855
GATATTTCCTACATGG-1,1,17,89,6053,15001
CTGCGTTACGATATAA-1,1,16,90,5801,15144
TAATAAACAAGGAGAT-1,1,17,91,6052,15290
AACCTTTACGACGTCT-1,1,16,92,5799,15434
AGTCCCGCCTTTAATT-1,1,17,93,6050,15580
TGAGATTAGGCCCTAA-1,1,16,94,5797,15723
AGTGTATTGCGCATTG-1,1,17,95,6048,15869
GTTGGATTCAGTGGCT-1,1,16,96,5796,16013
TAAAGCTGCAATAGGG-1,1,17,97,6047,16159
AGTAGGAAGGAAGTTG-1,1,16,98,5794,16302
TATCACTTCGAGTAAC-1,1,17,99,6045,16448
TGATCTACGCTGATCT-1,1,16,100,5793,16591
GGATCATCCCGTACGC-1,1,17,101,6044,16738
TGACACTTCTCTTTGC-1,1,16,102,5791,16881
AGCCCTTCTAATCCGA-1,1,17,103,6042,17027
CACCGCGTCCACTCTA-1,1,16,104,5790,17170
TAATTGGAATCGGGAA-1,1,17,105,6041,17316
TCGTAAGCTCCGAGGA-1,1,16,106,5788,17460
TATATTACAAATGTCG-1,1,17,107,6039,17606
CGCGAGAGGGACTTGT-1,1,16,108,5786,17749
GGACCTACGGTAACGT-1,1,17,109,6037,17895
GAAATATGCTTGAATG-1,1,16,110,5785,18039
CCGTATTAGCGCAGTT-1,1,17,111,6036,18185
AGGCGTCTATGGACGG-1,1,16,112,5783,18328
AACATCGATACGTCTA-1,1,17,113,6034,18474
TGAATATGCTATAAAC-1,1,16,114,5782,18617
ACCAAACACCCAGCGA-1,1,17,115,6033,18764
TGGCTTGTACAAGCTT-1,1,16,116,5780,18907
GAATGAAGGTCTTCAG-1,1,17,117,6031,19053
AGATACCAGCACTTCA-1,1,16,118,5779,19196
GCGGTCCCGGTGAAGG-1,1,17,119,6030,19342
GAGGCATTTGCAGCAG-1,1,16,120,5777,19486
GGCAAGCCAGGGATAG-1,1,17,121,6028,19632
TCTACGGGCTCAGTTG-1,0,16,122,5775,19775
TCTGCGAATCGTTCGC-1,1,17,123,6026,19921
AGCTCGTTGATGGAAA-1,0,16,124,5774,20065
TGAATGAGATACAGCA-1,0,17,125,6025,20211
ACCCTTGCCTGGGTCG-1,0,16,126,5772,20354
GGCGAACCGTTCTGAT-1,0,17,127,6023,20500
GCGATGTCTGTGCTTG-1,1,18,0,6375,2123
ATTAACACCTGAGATA-1,1,19,1,6626,2269
GAAATCTGACCAAGTT-1,1,18,2,6373,2412
CCTGACAAACTCGCGC-1,1,19,3,6624,2558
ATGTCATTTCCCATTG-1,1,18,4,6371,2702
GCGGTGCGGAGCATCG-1,1,19,5,6623,2848
CGGAAAGCAAATGTGC-1,1,18,6,6370,2991
GCTGAGCAACGGTTCT-1,1,19,7,6621,3137
TCACTCTTCGTCTGTC-1,1,18,8,6368,3280
GATCTTCATTGTCCTC-1,1,19,9,6619,3426
ACTCGATGTATTTCAT-1,1,18,10,6367,3570
TGAAGAGCGGTCCTAG-1,1,19,11,6618,3716
TAAACGTCGTCAATGA-1,1,18,12,6365,3859
ACGTTATTGGTCACTC-1,1,19,13,6616,4005
ATAGCCTCAGTACCCA-1,1,18,14,6364,4149
CGGGAGTATACCGCCG-1,1,19,15,6615,4295
GTCCTACAGGCGGCTC-1,1,18,16,6362,4438
CGGATAAGCGGACATG-1,1,19,17,6613,4584
AACTTCTGCGTCTATC-1,1,18,18,6361,4728
GGGTTCAGACGAACAA-1,1,19,19,6612,4874
AGTCTGGACATCCTTG-1,1,18,20,6359,5017
TTGAACGAATCCTTTG-1,1,19,21,6610,5163
GAAATACTAAACGTTT-1,1,18,22,6357,5306
CCCGCGCAATGCACCC-1,1,19,23,6608,5452
TTCGGCTAGAGATGGT-1,1,18,24,6356,5596
GACACGAGTTAGAGGA-1,1,19,25,6607,5742
GAGGTCCCAAAGATCT-1,1,18,26,6354,5885
TAACTCCATGGAGGCT-1,1,19,27,6605,6031
CTTGTTTATGTAGCCA-1,1,18,28,6353,6175
GATGGCGCACACATTA-1,1,19,29,6604,6321
ATAATAGTGTAGGGAC-1,1,18,30,6351,6464
CGCTATTCAATGTATG-1,1,19,31,6602,6610
ATATTGCTGTCAAAGT-1,1,18,32,6350,6754
GGATTCAGTACGGTGG-1,1,19,33,6601,6900
TTCTTAGTGAACGGTG-1,1,18,34,6348,7043
AATGGTTCTCACAAGC-1,1,19,35,6599,7189
TATACACGCAAAGTAT-1,1,18,36,6346,7332
CTTCATAGCTCAAGAA-1,1,19,37,6597,7479
CAACGGTTCTTGATAC-1,1,18,38,6345,7622
ACACCCGAGAAATCCG-1,1,19,39,6596,7768
TCTATCATGCAGTTAC-1,1,18,40,6343,7911
CCCGCCATGCTCCCGT-1,1,19,41,6594,8057
CGCTTCCACTGAAATC-1,1,18,42,6342,8201
CACTGTCCAAGTGAGA-1,1,19,43,6593,8347
ATTACTAGCCTCTTGC-1,1,18,44,6340,8490
CATAGTAGCATAGTAG-1,1,19,45,6591,8636
CAACTCCTTGATCCCG-1,1,18,46,6339,8780
AAGTAGAAGACCGGGT-1,1,19,47,6590,8926
GCGGGAACCAGGCCCT-1,1,18,48,6337,9069
ATTAGATTGATAGCGG-1,1,19,49,6588,9215
CTCGGTCCGTAGCCTG-1,1,18,50,6335,9358
TGGCTTTGGGTAGACA-1,1,19,51,6586,9505
TATCCATATCATGCGA-1,1,18,52,6334,9648
GGAGTGCCGCCCTGGA-1,1,19,53,6585,9794
TGAGAATGCTTTACCG-1,1,18,54,6332,9937
TTAACCAACCCTCCCT-1,1,19,55,6583,10083
TGTTTCGGTACTTCTC-1,1,18,56,6331,10227
TTGCTGAAGGAACCAC-1,1,19,57,6582,10373
TATTTAGTCTAGATCG-1,1,18,58,6329,10516
CTCCGGCCTAATATGC-1,1,19,59,6580,10662
TTGTGGCCCTGACAGT-1,1,18,60,6328,10806
TCGCCGGTCGATCCGT-1,1,19,61,6579,10952
CCATAGGTTGGCGTGG-1,1,18,62,6326,11095
GAACGACCGAATGATA-1,1,19,63,6577,11241
TCCGATAATTGCCATA-1,1,18,64,6324,11384
CATTACGTCGGCCCGT-1,1,19,65,6576,11531
CAAGCACCAAATGCCT-1,1,18,66,6323,11674
TGCATGGATCGGATCT-1,1,19,67,6574,11820
GAAATCGCGCGCAACT-1,1,18,68,6321,11963
CTGAAAGAGATCCGAC-1,1,19,69,6572,12109
CACCTCGATGGTGGAC-1,1,18,70,6320,12253
ATTTGTTCCAGGGCTC-1,1,19,71,6571,12399
TGGGCCACAAGAGCGC-1,1,18,72,6318,12542
CCTTCTTGATCCAGTG-1,1,19,73,6569,12688
CCTCGCCAGCAAATTA-1,1,18,74,6317,12832
TTCATGGCGCAACAGG-1,1,19,75,6568,12978
TTAATCAGTACGTCAG-1,1,18,76,6315,13121
CCTATCTATATCGGAA-1,1,19,77,6566,13267
ATTATACTTTGCTCGT-1,1,18,78,6314,13410
ATGGATCCGGCGTCCG-1,1,19,79,6565,13557
CGCCCGCTTCCGTACA-1,1,18,80,6312,13700
GGATTCCGCTATACCC-1,1,19,81,6563,13846
CGGTCTATCAACCCGT-1,1,18,82,6310,13989
ATGCCGGTTGATGGGA-1,1,19,83,6561,14135
TCATGCAGGTTCTCAT-1,1,18,84,6309,14279
TGAGCTTTAATGACGC-1,1,19,85,6560,14425
TCCCTTAGATTACTCG-1,1,18,86,6307,14568
ATATCTCCCTCGTTAA-1,1,19,87,6558,14714
AGCTCTTCCCAGTGCA-1,1,18,88,6306,14858
TCGCTAAACCGCTATC-1,1,19,89,6557,15004
CACATTCTTTCGATGG-1,1,18,90,6304,15147
GATATGCGGTAGCCAA-1,1,19,91,6555,15293
CGTTTCACTTCGGGCG-1,1,18,92,6303,15436
CCAATTACGGGTCGAG-1,1,19,93,6554,15583
GCAGGTAGAGTATGGT-1,1,18,94,6301,15726
GTCGTATTGGCGTACA-1,1,19,95,6552,15872
GAAATTAGCACGGATA-1,1,18,96,6299,16015
AATGCACCAAGCAATG-1,1,19,97,6550,16161
AGGACGCTCGATGTTG-1,1,18,98,6298,16305
GGCTAAAGGGCGGGTC-1,1,19,99,6549,16451
CATCTATCCCGTGTCT-1,1,18,100,6296,16594
CAGTAACTATTTATTG-1,1,19,101,6547,16740
CATATACTACTGATAA-1,1,18,102,6295,16884
GCGTTCGGAGACCGGG-1,1,19,103,6546,17030
AAGTTCAGTCTGCGTA-1,1,18,104,6293,17173
CGAAGCTATAAATTCA-1,1,19,105,6544,17319
CGCGGTCACAAACCAA-1,1,18,106,6292,17462
GGGAATGAGCCCTCAC-1,1,19,107,6543,17609
ACGGAGCGCAAATTAC-1,1,18,108,6290,17752
CGTTCTTCGCACACCT-1,1,19,109,6541,17898
GAATAGCCCTGCGGTC-1,1,18,110,6288,18041
AATAGCTACCGCGTGC-1,1,19,111,6539,18187
CCGAGCTGTGCTTGTC-1,1,18,112,6287,18331
GATGACGATGATCGCG-1,1,19,113,6538,18477
GCCTATGCTGGGCCTT-1,1,18,114,6285,18620
TTACTGTCTAGAGCTC-1,1,19,115,6536,18766
AGCGGTTGCCGCTCTG-1,1,18,116,6284,18910
GCTTGCAGCACAATTG-1,1,19,117,6535,19056
CCGGAGGTCTTATGGT-1,1,18,118,6282,19199
ACAGTATACCGTGGGA-1,1,19,119,6533,19345
GGGATCCCAATACAAA-1,1,18,120,6281,19489
ATTACGACTCCACAGT-1,1,19,121,6532,19635
CTCACACGCAAGCCTA-1,1,18,122,6279,19778
CCAGATGTAAATGGGT-1,1,19,123,6530,19924
GAACTTGTGCACGGGA-1,0,18,124,6277,20067
AAGCCGCTTTACCTTG-1,0,19,125,6529,20213
TCCATTCCCACTAGAG-1,0,18,126,6276,20357
AGAGCGCTTGTAACGG-1,0,19,127,6527,20503
TGGGTTCCCGGACGGA-1,1,20,0,6878,2125
GCTGCGCCTCCCACGT-1,1,21,1,7129,2271
CTGTTGGCTCTTCTGA-1,1,20,2,6877,2415
TTGTTCTAGATACGCT-1,1,21,3,7128,2561
CCCTCAAGCTCTTAGT-1,1,20,4,6875,2704
TGGTCTAGCTTACATG-1,1,21,5,7126,2850
ATGCACCTTCCTTAAT-1,1,20,6,6874,2994
GGGATACGGTAATAAT-1,1,21,7,7125,3140
AGTTCACCGGTTGGAC-1,1,20,8,6872,3283
GACATACTGTCGCAGA-1,1,21,9,7123,3429
TGGACACCGTTGCTTG-1,1,20,10,6870,3573
TGCGATGCTAATGGCT-1,1,21,11,7121,3719
TTCTGTTTCCTGTCGC-1,1,20,12,6869,3862
CGTTGTAAACGTCAGG-1,1,21,13,7120,4008
GATCGGCGATAAGTCG-1,1,20,14,6867,4151
AGCCTTAAAGCGGAAG-1,1,21,15,7118,4297
TCCGTAACCACAATCC-1,1,20,16,6866,4441
GAATGCCGAAATGACC-1,1,21,17,7117,4587
TATACTCATGCGGCAA-1,1,20,18,6864,4730
TAGTGTCAGAAACGGC-1,1,21,19,7115,4876
CGTCATACCATATCCA-1,1,20,20,6863,5020
TAGTACCTTAGTGGTC-1,1,21,21,7114,5166
CTGGCGGGAATAAGTA-1,1,20,22,6861,5309
AGTGTGGTCTATTGTG-1,1,21,23,7112,5455
GCTATCGCGGCGCAAC-1,1,20,24,6859,5599
CAGTAATCCCTCCCAG-1,1,21,25,7110,5745
GTATTAAGGCGTCTAA-1,1,20,26,6858,5888
CTAATTTCAACAACAC-1,1,21,27,7109,6034
TTAGCAACATGGATGT-1,1,20,28,6856,6177
ATGCTCAGTGTTGCAT-1,1,21,29,7107,6324
GATGTTTGTGCGAGAT-1,1,20,30,6855,6467
CACTTCGCCACAGGCT-1,1,21,31,7106,6613
CTGTATGGTGTAGAAA-1,1,20,32,6853,6756
TACGTGCACTATGCTG-1,1,21,33,7104,6902
GTATCAGCTTGGGTTC-1,1,20,34,6852,7046
TAACAAAGGGAGAAGC-1,1,21,35,7103,7192
TTACATCGTGGCCTGG-1,1,20,36,6850,7335
TCTGAACCGGTCGGCT-1,1,21,37,7101,7481
GGCTCGTGCCACCAGC-1,1,20,38,6848,7625
TATAAGTGAGGATAGC-1,1,21,39,7099,7771
GCCCGCGCGTTTGACA-1,1,20,40,6847,7914
TGCTGGTTGGACAATT-1,1,21,41,7098,8060
GCCTAGCGATCTGACC-1,1,20,42,6845,8203
CCATGCTCTGCAGGAA-1,1,21,43,7096,8350
TATAAATCCACAAGCT-1,1,20,44,6844,8493
CGCTCGACATAATGAT-1,1,21,45,7095,8639
CCAATTGAATGTTAAT-1,1,20,46,6842,8782
GCTAATACCGAATGCC-1,1,21,47,7093,8928
TTCAACGACCCGACCG-1,1,20,48,6841,9072
TTCCTCGAGGGTGTCT-1,1,21,49,7092,9218
CAACGACCCGTTTACA-1,1,20,50,6839,9361
CTTGTACTTGTTGACT-1,1,21,51,7090,9507
TCTCTAATAGCTGGTA-1,1,20,52,6838,9651
ATTATGCCATAGGGAG-1,1,21,53,7089,9797
GACAACGCAGCTTACG-1,1,20,54,6836,9940
AGATGACTCGCCCACG-1,1,21,55,7087,10086
GTGCGGGTCTCCAAAT-1,1,20,56,6834,10229
GTACGAGATTGCGACA-1,1,21,57,7085,10376
GTATAGGACTCAGTAG-1,1,20,58,6833,10519
TTGCACGGAGCAGCAC-1,1,21,59,7084,10665
CACAGCTAGGGAGTGA-1,1,20,60,6831,10808
ATACTAGCATGACCCT-1,1,21,61,7082,10954
CCAAGACTTCTGCGAA-1,1,20,62,6830,11098
ACATAATAAGGCGGTG-1,1,21,63,7081,11244
TAATACACAGTAGTAT-1,1,20,64,6828,11387
TCTTGGTAACACCAAA-1,1,21,65,7079,11533
AACTGGGTCCCGACGT-1,1,20,66,6827,11677
ATCACTTCATCCTCGC-1,1,21,67,7078,11823
TGGAAGGATAAAGATG-1,1,20,68,6825,11966
CATGATGCACAATTCT-1,1,21,69,7076,12112
TGCCTGATCAAACGAT-1,1,20,70,6823,12255
ATAGGGATATCCTTGA-1,1,21,71,7074,12402
CACCTAATCAGTTTAC-1,1,20,72,6822,12545
TGTGACTACGCCAGTC-1,1,21,73,7073,12691
CCCGACCATAGTCCGC-1,1,20,74,6820,12834
CGCGCCCGACTTAATA-1,1,21,75,7071,12980
TGCCACCTGGCGAAAC-1,1,20,76,6819,13124
CTGCCAAGGTTGGAAG-1,1,21,77,7070,13270
TCTCCAACGTAGGTTA-1,1,20,78,6817,13413
TTCTTGGAGTAATGAG-1,1,21,79,7068,13559
GTCTCGATCTGCTTTC-1,1,20,80,6816,13703
TACTCTCCGAACAAAT-1,1,21,81,7067,13849
ATCACATTAGAATATC-1,1,20,82,6814,13992
TACGGGATGCTAGCAG-1,1,21,83,7065,14138
AGCTGAAGTAAACCAA-1,1,20,84,6812,14281
CATGGGTCGGGTGTGG-1,1,21,85,7063,14428
CACCCACGAGGCAATT-1,1,20,86,6811,14571
TGCCATTACTAAAGAA-1,1,21,87,7062,14717
CCGTTACGTTAGAACA-1,1,20,88,6809,14860
GCCAGGAGTAACCGAT-1,1,21,89,7060,15006
GGAAAGTGCCCATGCC-1,1,20,90,6808,15150
TCTTACCGGAACTCGT-1,1,21,91,7059,15296
TATGTCAAGACCGACT-1,1,20,92,6806,15439
CCTAACTAAGGCTCTA-1,1,21,93,7057,15585
GCGGTGAACTGCGCTC-1,1,20,94,6805,15729
CCTCGCGCGATATAGG-1,1,21,95,7056,15875
ATCGGCAAGCAGTCCA-1,1,20,96,6803,16018
AGATCGTGCATAAGAT-1,1,21,97,7054,16164
ATTCAGGACCTATTTC-1,1,20,98,6801,16308
AGCTAGAAGCAGAAGT-1,1,21,99,7052,16454
TTCGCTATCTGACGTG-1,1,20,100,6800,16597
TTCCGCAGAGAAATAT-1,1,21,101,7051,16743
CAGTACATTCTCTAAA-1,1,20,102,6798,16886
GTGAAGATTTCAAGTG-1,1,21,103,7049,17032
AACGCATGATCTGGGT-1,1,20,104,6797,17176
CCCAGAGGAGGGCGTA-1,1,21,105,7048,17322
GGAAACCTTGTTGAAT-1,1,20,106,6795,17465
GTGAAGCCGTATAGTC-1,1,21,107,7046,17611
GAGCTGTCGTCTCGGA-1,1,20,108,6794,17755
TGTCATTTGTTGGGAA-1,1,21,109,7045,17901
ACCAACACCACACACT-1,1,20,110,6792,18044
AAATGATTCGATCAGC-1,1,21,111,7043,18190
CTGCTTTATGTCCGCG-1,1,20,112,6790,18334
GCGAGAGGCCATGTAA-1,1,21,113,7042,18480
ATTGACCGGCGATGAC-1,1,20,114,6789,18623
ACCCTGGTAACGCCCT-1,1,21,115,7040,18769
GTTGGACCGCATCAGG-1,1,20,116,6787,18912
CGTTTACAAGGCAGCT-1,1,21,117,7038,19058
CGGTCCATGAGACTCC-1,1,20,118,6786,19202
GTTCGTCTGGGTCCCT-1,1,21,119,7037,19348
TGTACTACTCTCACGG-1,1,20,120,6784,19491
AGTGAAGATGGTGTCC-1,1,21,121,7035,19637
GAGGGCCATAATATTA-1,1,20,122,6783,19781
ACTCCCGTAGACTAGG-1,1,21,123,7034,19927
CGTCAAATGGTCGCAG-1,0,20,124,6781,20070
AAGTCTAGTAGCTGCC-1,0,21,125,7032,20216
AAGAAATCACCAGATT-1,0,20,126,6780,20360
GAGTGCACGGACAACA-1,0,21,127,7031,20506
GTTCAAATCAGATGTC-1,1,22,0,7382,2128
CATGGCTCCCTATGTC-1,1,23,1,7633,2274
GGCCACACGAAAGCCT-1,1,22,2,7380,2418
GAAGCCGGGTAAGCTC-1,1,23,3,7631,2564
TTGCGCTCTCTCGCTT-1,1,22,4,7379,2707
TACATGACCTTATCCG-1,1,23,5,7630,2853
GTCCTTCTACAACCCA-1,1,22,6,7377,2996
TATATGCTGGGTTGCC-1,1,23,7,7628,3142
GTTTATGGGATTTAGA-1,1,22,8,7376,3286
GGAACCCGAACAAGAA-1,1,23,9,7627,3432
AACGTTATCAGCACCT-1,1,22,10,7374,3575
CATCGTCCGGTTACTA-1,1,23,11,7625,3721
AGACAGCTCAGAATCC-1,1,22,12,7372,3865
GCAGATCCTCGCAAAT-1,1,23,13,7623,4011
GGGTCATGCGTACCAT-1,1,22,14,7371,4154
CTGGTCATTCCAATCC-1,1,23,15,7622,4300
TCAGGGCGCAAACTCG-1,1,22,16,7369,4444
GATGCCAGCAGAAGGC-1,1,23,17,7620,4590
GTTATTAACGTGGGAG-1,1,22,18,7368,4733
AATACAATGTTTCAGG-1,1,23,19,7619,4879
TTGCTGCACCTATCCA-1,1,22,20,7366,5022
CCAGAGACAAAGCCGG-1,1,23,21,7617,5169
CCGAAGTATATTGTTC-1,1,22,22,7365,5312
GCTAAACCTGAGGTGA-1,1,23,23,7616,5458
TCATACTTACAGATCC-1,1,22,24,7363,5601
CGAGCACTTCAAGTTT-1,1,23,25,7614,5747
TAGCAACCTGTCACAA-1,1,22,26,7361,5891
TGGGAAATGCCTTTCC-1,1,23,27,7613,6037
AGACCATGGGATACAA-1,1,22,28,7360,6180
TAAATGAATCCGTTTC-1,1,23,29,7611,6326
ACAACGGTCCCTGCGA-1,1,22,30,7358,6470
GTCACTCTCCAAATCT-1,1,23,31,7609,6616
TTCTACTTGCGAGGGC-1,1,22,32,7357,6759
CGCAATTACTTTCGGT-1,1,23,33,7608,6905
CTGTTCATCTCACGGG-1,1,22,34,7355,7048
TTCTTGTAACCTAATG-1,1,23,35,7606,7195
GCTTGATGATAATCAG-1,1,22,36,7354,7338
TTGGCTCGCATGAGAC-1,1,23,37,7605,7484
GCCCAGTTGGTATGCC-1,1,22,38,7352,7627
ATTCCTCCGCCAGTGC-1,1,23,39,7603,7773
TCGTCCGCTGGCGTCT-1,1,22,40,7351,7917
GGAGAAGTCATTGGCA-1,1,23,41,7602,8063
TTGTTAGCAAATTCGA-1,1,22,42,7349,8206
TCTAGCATCTTCGATG-1,1,23,43,7600,8352
TTCTAGGCCAATTGTG-1,1,22,44,7347,8496
TCACGGTCATCGCACA-1,1,23,45,7598,8642
ATGAAGCCAAGGAGCC-1,1,22,46,7346,8785
AATGACTGTCAGCCGG-1,1,23,47,7597,8931
CCAAACAGAACCCTCG-1,1,22,48,7344,9074
TATCGATGATTAAACG-1,1,23,49,7595,9221
GAACACACATCAACCA-1,1,22,50,7343,9364
CCCGTCAGCGTCTGAC-1,1,23,51,7594,9510
AGCATCGTCGATAATT-1,1,22,52,7341,9653
GACTAAGATCATGCAC-1,1,23,53,7592,9799
TAGGGTGTTTCAAGAG-1,1,22,54,7340,9943
TGGTTCGTAGCAAAGG-1,1,23,55,7591,10089
CTGTTCACTGCCTGTG-1,1,22,56,7338,10232
ATGTGCATCCGACGCA-1,1,23,57,7589,10378
TTGTCGTTCAGTTACC-1,1,22,58,7336,10522
CGGGATCAATGTAAGA-1,1,23,59,7587,10668
TTATCTGTATCATAAC-1,1,22,60,7335,10811
ATCGACTCTTTCCGTT-1,1,23,61,7586,10957
CTCATTTGATGGGCGG-1,1,22,62,7333,11100
GTAAGCGGGCAGTCAG-1,1,23,63,7584,11247
TCTATCGGTCGCAACA-1,1,22,64,7332,11390
AACGCGGTCTCCAGCC-1,1,23,65,7583,11536
ATTAATACTACGCGGG-1,1,22,66,7330,11679
CTTTAACTTTCAAAGG-1,1,23,67,7581,11825
CGTACCTGATAGGCCT-1,1,22,68,7329,11969
GAATGTTGGGTAATCT-1,1,23,69,7580,12115
TGCGGAGTAAAGGTGC-1,1,22,70,7327,12258
CCTGAATATTTACATA-1,1,23,71,7578,12404
TTGCTCCCATACCGGA-1,1,22,72,7325,12548
CCTCTAATCTGCCAAG-1,1,23,73,7576,12694
AGGTTGAGGCACGCTT-1,1,22,74,7324,12837
TCCCGTCAGTCCCGCA-1,1,23,75,7575,12983
TCCGATGACTGAGCTC-1,1,22,76,7322,13126
CAGCCTCCTGCAGAGG-1,1,23,77,7573,13273
CTTAGCCTTCCACATG-1,1,22,78,7321,13416
ATTAATGAACCAGTCG-1,1,23,79,7572,13562
ACGATACATAGAACTA-1,1,22,80,7319,13705
AGCCACTCCCGTGCTT-1,1,23,81,7570,13851
ATACGGGTTTCGATTG-1,1,22,82,7318,13995
CTGTCAAATGGCTCGG-1,1,23,83,7569,14141
GCTCGGAATTTAAAGC-1,1,22,84,7316,14284
TAGGCATGTTACGCCA-1,1,23,85,7567,14430
TGGCAACTCGCGCGCC-1,1,22,86,7314,14574
ATCAGTAGGCAGGGAT-1,1,23,87,7565,14720
TATCGATCTATGCATA-1,1,22,88,7313,14863
CGACTCAGGATGTTAT-1,1,23,89,7564,15009
GCCATATTGCACACAG-1,1,22,90,7311,15153
AATTCATAAGGGATCT-1,1,23,91,7562,15299
CGGTAGAGGTGCAGGT-1,1,22,92,7310,15442
AATGATGATACGCTAT-1,1,23,93,7561,15588
CTTGTGCTCACCGATT-1,1,22,94,7308,15731
TTCCAATCAGAGCTAG-1,1,23,95,7559,15877
CGATGGACCCTACGCC-1,1,22,96,7307,16021
GGTCGGATAAACGGCG-1,1,23,97,7558,16167
TTAGCTAATACGATCT-1,1,22,98,7305,16310
CTCGATATTTGCGAGC-1,1,23,99,7556,16456
ATTACTTACTGGGCAT-1,1,22,100,7304,16600
CTAGCCGATGTTATGA-1,1,23,101,7555,16746
TACTGCAATCAATTAC-1,1,22,102,7302,16889
TAGTCTGTGACGTTGC-1,1,23,103,7553,17035
CTCGTTTCTAATGTTT-1,1,22,104,7300,17179
TTCGTTCAACGAAGTT-1,1,23,105,7551,17325
CTGAATTTATTGCCAG-1,1,22,106,7299,17468
TGGAATATCCTTGACC-1,1,23,107,7550,17614
CAGATCATTTAAAGTC-1,1,22,108,7297,17757
CTCCTTTACGCAAGTC-1,1,23,109,7548,17903
TCCCAAACAGACAACG-1,1,22,110,7296,18047
ATCGCTGCGTGCAGCA-1,1,23,111,7547,18193
TTAGTTCAAGTGTTCG-1,1,22,112,7294,18336
AAACTCGTGATATAAG-1,1,23,113,7545,18482
TTAACGAACAAGCAGT-1,1,22,114,7293,18626
GTTATATCAGGAGCCA-1,1,23,115,7544,18772
CAAATTGGATTATGCC-1,1,22,116,7291,18915
CGAGGAGCTTCCATAT-1,1,23,117,7542,19061
GGAGACCAATGTGCTT-1,1,22,118,7289,19205
CATTGATGAACACGCC-1,1,23,119,7540,19351
GTCAATGCTATAATTT-1,1,22,120,7288,19494
ACCACCCTCTCTTCTA-1,1,23,121,7539,19640
TGGAGGGAAACACCTC-1,1,22,122,7286,19783
CACGGACGTGGATGGC-1,1,23,123,7537,19929
AACTTTCTCGATCATG-1,0,22,124,7285,20073
CGTATTGTTTCCTAAT-1,0,23,125,7536,20219
CCTACTGCGGCGGCCA-1,0,22,126,7283,20362
CTTAGGTCCCAATCGT-1,0,23,127,7534,20508
CGCAATCGATCATTAG-1,1,24,0,7885,2131
TGGTTATGCTTGCGGT-1,1,25,1,8136,2277
GGCTTGGCTCTCACCT-1,1,24,2,7884,2420
ATTGGTAGGATCCGCT-1,1,25,3,8135,2566
TCAGGGCGACTTCCTT-1,1,24,4,7882,2710
TCTGCAGATTCGAGTC-1,1,25,5,8133,2856
CTCTCGCTGTACTATG-1,1,24,6,7881,2999
AATAGTCGCGAGTCGG-1,1,25,7,8132,3145
AGTTACCCTTAAGACT-1,1,24,8,7879,3289
CTTAAATAAGACCCAT-1,1,25,9,8130,3435
GGTTGTGCTCTTGTCC-1,1,24,10,7878,3578
GTGAGTCTAAGACGGA-1,1,25,11,8129,3724
CGCGACACTGCGCAGC-1,1,24,12,7876,3867
GCTCGCGGTTCCGCTC-1,1,25,13,8127,4014
TTAACTCACGCGTGGA-1,1,24,14,7874,4157
GGAACGGCCTGCAGCC-1,1,25,15,8126,4303
GTAGAAACGGGTGGAG-1,1,24,16,7873,4446
TAATGAAAGACCCTTG-1,1,25,17,8124,4592
AGGCTTGCTAGACACC-1,1,24,18,7871,4736
TTGCGTAGTTTGAGGA-1,1,25,19,8122,4882
CGCCCTTGAAGGCTGA-1,1,24,20,7870,5025
CCCGGTGGAAGAACCT-1,1,25,21,8121,5171
TTAACACCTCGAACAT-1,1,24,22,7868,5315
GATTCCTATACGGCGC-1,1,25,23,8119,5461
TTACCCTAACAGTCCT-1,1,24,24,7867,5604
ACCCACCTACATGCTC-1,1,25,25,8118,5750
AAAGGGCAGCTTGAAT-1,1,24,26,7865,5893
CACACAGGGATAGATT-1,1,25,27,8116,6040
AGAGCGTACAAGCTCG-1,1,24,28,7864,6183
TCTTACGGCATCCGAC-1,1,25,29,8115,6329
GCCTATTCCGATATAG-1,1,24,30,7862,6472
GAAAGTGACTAACTGC-1,1,25,31,8113,6618
CCGGAATGGTTTCAGT-1,1,24,32,7860,6762
AGTATAATACTAGGCA-1,1,25,33,8111,6908
TAACTATCGAAGGTCC-1,1,24,34,7859,7051
ATGAGGAGTGTTAATC-1,1,25,35,8110,7197
TGTGTCGCGAGTTGCA-1,1,24,36,7857,7341
ATCCAACGCAGTCATA-1,1,25,37,8108,7487
AAGGCGCGTAAAGCTT-1,1,24,38,7856,7630
AGTCGGCCCAAACGAC-1,1,25,39,8107,7776
AACGTCAGACTAGTGG-1,1,24,40,7854,7919
ACTACCAGCTCTCTGG-1,1,25,41,8105,8066
GCAAGTGCACAGAGAA-1,1,24,42,7853,8209
ACACCTTAAGTAGGGC-1,1,25,43,8104,8355
TTCGACGGGAAGGGCG-1,1,24,44,7851,8498
TTCGCACTCGCGTGCT-1,1,25,45,8102,8644
TATTTGTTACCCTTTA-1,1,24,46,7849,8788
CGCTGTGACGCCGCAC-1,1,25,47,8100,8934
GTTGCACGGAGTTTCG-1,1,24,48,7848,9077
GTTTCCTGGAGGGTGA-1,1,25,49,8099,9223
ACACCCAGCATGCAGC-1,1,24,50,7846,9367
TCAACCATGTTCGGGC-1,1,25,51,8097,9513
TTACAACTACGCATCC-1,1,24,52,7845,9656
TCCGATGGTGCGACAT-1,1,25,53,8096,9802
GGGCGTACATTTATAT-1,1,24,54,7843,9945
AGCGACCAACGATATT-1,1,25,55,8094,10092
ACACAAAGACGGGTGG-1,1,24,56,7842,10235
ATCGCACGCCGGGAGA-1,1,25,57,8093,10381
GCTCTAAACCCTGACG-1,1,24,58,7840,10524
AATGCAACCGGGTACC-1,1,25,59,8091,10670
TCAAACAACCGCGTCG-1,1,24,60,7838,10814
TATGCTCCCTACTTAC-1,1,25,61,8089,10960
AAAGGGATGTAGCAAG-1,1,24,62,7837,11103
ACGATCATACATAGAG-1,1,25,63,8088,11249
TTGTTCAGTGTGCTAC-1,1,24,64,7835,11393
ATGCATGATCCAGGAT-1,1,25,65,8086,11539
AGTCTTCTCCTCAAAT-1,1,24,66,7834,11682
GATTCCCTTGTCGCAG-1,1,25,67,8085,11828
CTCGCACCTATATAGT-1,1,24,68,7832,11971
ACTCAATAAAGGCACG-1,1,25,69,8083,12118
AACCGAGCTTGGTCAT-1,1,24,70,7831,12261
TAAGGCAACATAAGAT-1,1,25,71,8082,12407
CACGCACAGCGCAGCT-1,1,24,72,7829,12550
GGTTTACAATCTCAAT-1,1,25,73,8080,12696
TGCAGGATCGGCAAAG-1,1,24,74,7827,12840
ATAACGGAGTCCAACG-1,1,25,75,8079,12986
AACGATATGTCAACTG-1,1,24,76,7826,13129
GACAACGACCATTGAA-1,1,25,77,8077,13275
TTGACCATGTTCTCCG-1,1,24,78,7824,13419
AGTACGGGCACCTGGC-1,1,25,79,8075,13565
CGCCATCCGATTATGA-1,1,24,80,7823,13708
AAGGTATCCTAATATA-1,1,25,81,8074,13854
TGTTGTCAAGAAGTCT-1,1,24,82,7821,13998
CAGTGAATAAATGACT-1,1,25,83,8072,14144
CACCTTGCGAAACTCG-1,1,24,84,7820,14287
CATTTAGCGGACCATG-1,1,25,85,8071,14433
CCAGTCTAGACGGCGC-1,1,24,86,7818,14576
TCGCTTTAAACGTTTG-1,1,25,87,8069,14722
GTGAAACGGCGCCACC-1,1,24,88,7817,14866
GGGCTCATCGAACCCA-1,1,25,89,8068,15012
TTGATGTGTAGTCCCG-1,1,24,90,7815,15155
CAGTAGCCCACGCGGT-1,1,25,91,8066,15301
AGCGCGGGTGCCAATG-1,1,24,92,7813,15445
TAATCGATCCGTACGT-1,1,25,93,8064,15591
AGTGGCGGCAATTTGA-1,1,24,94,7812,15734
CCTTTCAATGAAGAAA-1,1,25,95,8063,15880
CTCAGTCACGACAAAT-1,1,24,96,7810,16024
ATAGGCTAGCTTCGCA-1,1,25,97,8061,16170
CGGTTCAAGTAGGTGT-1,1,24,98,7809,16313
CAGTCGAGGATGCAAT-1,1,25,99,8060,16459
TATCACCCAACCGACC-1,1,24,100,7807,16602
AATGATGCGACTCCTG-1,1,25,101,8058,16748
TGGAACCACTGACACA-1,1,24,102,7806,16892
GCCAATAGGGCATCTC-1,1,25,103,8057,17038
TTCTTTGGTCGCGACG-1,1,24,104,7804,17181
ATTAGATTCCTCAGCA-1,1,25,105,8055,17327
CCGTGGAACGATCCAA-1,1,24,106,7802,17471
GGGTCGTGGCAAGTGT-1,1,25,107,8053,17617
TCGCTCGGCACCAGCG-1,1,24,108,7801,17760
ACGCAATCACTACAGC-1,1,25,109,8052,17906
CTCTAATGCATTGATC-1,1,24,110,7799,18050
GTCTCGACTAAGTTTG-1,1,25,111,8050,18196
TGGTTTAAACGTGGGT-1,1,24,112,7798,18339
CGCAGATCTTCACCCG-1,1,25,113,8049,18485
TCCAGATGTACGCCAA-1,1,24,114,7796,18628
CATTGCGGGTCAATTC-1,1,25,115,8047,18774
GACGTTCGTAAATACA-1,1,24,116,7795,18918
TACACCGTCGTTAGTC-1,1,25,117,8046,19064
ACGGGCGTATGCGACA-1,1,24,118,7793,19207
GAAGGCTACCATTGTT-1,1,25,119,8044,19353
TAAATCTTTACACCTC-1,1,24,120,7791,19497
AGTTTATGTAAAGACA-1,1,25,121,8042,19643
AGGAGACATCCACAGT-1,1,24,122,7790,19786
CAACCTGAACCTGCCA-1,1,25,123,8041,19932
AGTCCCTCGCAGAAAG-1,1,24,124,7788,20076
TGTATACGGATGATGA-1,1,25,125,8039,20222
TTGTGGTATAGGTATG-1,0,24,126,7787,20365
TCTGCACCATTAGTAA-1,0,25,127,8038,20511
AAATGTATCTTATCCC-1,1,26,0,8389,2134
ACTCTAAACCTGGGAT-1,1,27,1,8640,2280
GCTGGCAGGTGCCGTG-1,1,26,2,8388,2423
CTCATTCGTGAACATC-1,1,27,3,8639,2569
TCGCCGGATGGGCAAG-1,1,26,4,8386,2712
GGACTAAGTCAGGAGT-1,1,27,5,8637,2859
TATCAAAGGTCTGTAA-1,1,26,6,8384,3002
TTCAGTTTGTGGCAGC-1,1,27,7,8635,3148
TGTTCATAAATGTGCT-1,1,26,8,8383,3291
CTTAGCCCGGATAGTG-1,1,27,9,8634,3437
GATGCGAATGGTATTA-1,1,26,10,8381,3581
TCTAACTGTATGTAAA-1,1,27,11,8632,3727
TTAAACCTGGTTCCTT-1,1,26,12,8380,3870
GCTAAGTAAAGGCGAT-1,1,27,13,8631,4016
AGTTACCGCACATGGT-1,1,26,14,8378,4160
GACTGCGGCACGTGTA-1,1,27,15,8629,4306
TGGTGATCGTATTTGT-1,1,26,16,8377,4449
TTATCGCCTGCGAAGC-1,1,27,17,8628,4595
TGGAATTAGACGCTTT-1,1,26,18,8375,4738
TCGTCACACTGTTAGC-1,1,27,19,8626,4885
TTATGTTTGCGATAGA-1,1,26,20,8373,5028
GGTGCTGATCACAAAG-1,1,27,21,8624,5174
CATAGCCGCCCGGGAT-1,1,26,22,8372,5317
GGTTAGTTACGGCGCC-1,1,27,23,8623,5463
ATTCCCACATAAACAA-1,1,26,24,8370,5607
ATTCAGTAGCAGGGTC-1,1,27,25,8621,5753
CAGTTCCGCGGGTCGA-1,1,26,26,8369,5896
AAGAGATGAATCGGTA-1,1,27,27,8620,6042
CGCAATTCTACAATAA-1,1,26,28,8367,6186
TAACGCTTTGAGAGCG-1,1,27,29,8618,6332
AGGCTATGGTTAGCTT-1,1,26,30,8366,6475
GAGGAATGGAGAGGTT-1,1,27,31,8617,6621
TCCTCTACGAGATGGC-1,1,26,32,8364,6764
TTGATTATGCAGATGA-1,1,27,33,8615,6911
TCAGTACTGACCCGCG-1,1,26,34,8362,7054
TTATGACAAACTGGAT-1,1,27,35,8613,7200
GTAAGTAGGGTATACC-1,1,26,36,8361,7343
CGCAAACACGAGTTAC-1,1,27,37,8612,7489
TGGCCGTATATTGACC-1,1,26,38,8359,7633
ACTGTAGCACTTTGGA-1,1,27,39,8610,7779
GCTCTATGTTACGTGC-1,1,26,40,8358,7922
TGCGCGATTAACGGAG-1,1,27,41,8609,8068
GAATCGACATGGTCAC-1,1,26,42,8356,8212
GACTAAGTAGGCTCAC-1,1,27,43,8607,8358
ATCTTGACCTGCAACG-1,1,26,44,8355,8501
ATGCACTACCGCATTG-1,1,27,45,8606,8647
CAGATACTAACATAGT-1,1,26,46,8353,8790
GATCGACACTATCTGA-1,1,27,47,8604,8937
ATAGAGTACTGGGACA-1,1,26,48,8351,9080
CCTACTGCTTACACTT-1,1,27,49,8602,9226
CCTGCTATTTGAGAAG-1,1,26,50,8350,9369
CGCGTTCATGAAATAC-1,1,27,51,8601,9515
CATTATGCTTGTTGTG-1,1,26,52,8348,9659
CCAGGGACGTGGCCTC-1,1,27,53,8599,9805
TATGGATGTGCTACGC-1,1,26,54,8347,9948
GTACTAAGATTTGGAG-1,1,27,55,8598,10094
AGACCCGCCCTCCTCG-1,1,26,56,8345,10238
CGCATTAGCTAATAGG-1,1,27,57,8596,10384
GCTCTCGGGTACCGAA-1,1,26,58,8344,10527
CACCGCCAGAAGGTTT-1,1,27,59,8595,10673
TCCCAAAGACGAAGGA-1,1,26,60,8342,10816
ATGGATTGACCAAACG-1,1,27,61,8593,10963
GTCATGGACATGACTA-1,1,26,62,8340,11106
CTACTGCCACCTGACC-1,1,27,63,8592,11252
TTATATTTGGCAATCC-1,1,26,64,8339,11395
AGCACCAGTACTCACG-1,1,27,65,8590,11541
CATGGTCTAGATACCG-1,1,26,66,8337,11685
TCTACCGTCCACAAGC-1,1,27,67,8588,11831
CTAGTTGGGCCCGGTA-1,1,26,68,8336,11974
TCCCGCGTACTCCTGG-1,1,27,69,8587,12120
CAGAGCATGAGCTTGC-1,1,26,70,8334,12264
ACACGGGAACTTAGGG-1,1,27,71,8585,12410
GGCTCTGCTCCAACGC-1,1,26,72,8333,12553
AGAACGTGGTACATTC-1,1,27,73,8584,12699
CAATAAACCTTGGCCC-1,1,26,74,8331,12843
ACTTCGCCATACGCAC-1,1,27,75,8582,12989
ATCTGGTTAAGACTGT-1,1,26,76,8330,13132
TCGTAAGACGACATTG-1,1,27,77,8581,13278
GTGTACCTTGGCTACG-1,1,26,78,8328,13421
GCCCGTAATACCTTCT-1,1,27,79,8579,13567
CGGTCAAGTGGGAACC-1,1,26,80,8326,13711
TTGTAAGGCCAGTTGG-1,1,27,81,8577,13857
GGAGCACCAAGAACTA-1,1,26,82,8325,14000
TAATAGTGACGACCAG-1,1,27,83,8576,14146
CTAAATCCTATTCCGG-1,1,26,84,8323,14290
CGAGTTCTGTCCCACC-1,1,27,85,8574,14436
AGGCAGATGCGTAAAC-1,1,26,86,8322,14579
AAGGATGAGGGACCTC-1,1,27,87,8573,14725
AGAGAACCGTCTAGGA-1,1,26,88,8320,14869
GAGGGCGCAGCTCTGC-1,1,27,89,8571,15015
AAGATTGGCGGAACGT-1,1,26,90,8319,15158
CCAGTAGTCTGATCCA-1,1,27,91,8570,15304
AAGGGACAGATTCTGT-1,1,26,92,8317,15447
ATAGAGTTATCAACTT-1,1,27,93,8568,15593
AAATTACCTATCGATG-1,1,26,94,8315,15737
GATCCTAAATCGGGAC-1,1,27,95,8566,15883
TTACAGACCTAAATGA-1,1,26,96,8314,16026
CCTCACCTTAGCATCG-1,1,27,97,8565,16172
CATGCGACCAGTTTAA-1,1,26,98,8312,16316
AACATATCAACTGGTG-1,1,27,99,8563,16462
CTATAAGAGCCAATCG-1,1,26,100,8311,16605
AATATCGAGGGTTCTC-1,1,27,101,8562,16751
GTACTCCTGGGTATGC-1,1,26,102,8309,16895
ATAAGTAGGATTCAGA-1,1,27,103,8560,17041
AGGTCGCGGAGTTACT-1,1,26,104,8308,17184
CTAATTCTCAGATATT-1,1,27,105,8559,17330
GCCAACCATTTCCGGA-1,1,26,106,8306,17473
TGATCCCAGCATTAGT-1,1,27,107,8557,17619
CGTTGTAAGATTGATT-1,1,26,108,8304,17763
GAAACCATGGTGCGCT-1,1,27,109,8555,17909
AATCTATGCCGGAGCC-1,1,26,110,8303,18052
GACTCCCAGAATAAGG-1,1,27,111,8554,18198
TATGATCCGGCACGCC-1,1,26,112,8301,18342
CCGCTTGCTGACATGG-1,1,27,113,8552,18488
TGGTTAAGGGCGCTGG-1,1,26,114,8300,18631
TTGATAGTCAATACAT-1,1,27,115,8551,18777
GGTTTAATTGAGCAGG-1,1,26,116,8298,18921
CATTACATAGATTGTG-1,1,27,117,8549,19067
GGTACACCAGATTTAT-1,1,26,118,8297,19210
GGCCCGTATACCATGC-1,1,27,119,8548,19356
ATCTTTCGTATAACCA-1,1,26,120,8295,19499
GAGATGACAATCCTTA-1,1,27,121,8546,19645
AAAGCTTGCCTACATA-1,1,26,122,8293,19789
GAACGATAAGTTAAAG-1,1,27,123,8545,19935
TAATAGCTAAATGATG-1,1,26,124,8292,20078
TATGGCTAGGCTAATT-1,1,27,125,8543,20224
AGGAGAGTCTGGCTAC-1,0,26,126,8290,20368
TGCTCTGCCGGTTCAC-1,0,27,127,8541,20514
CCAATAGATTTCATCT-1,1,28,0,8893,2136
GGGCACGAATTGGCCG-1,1,29,1,9144,2282
TCGTTGACAGGGTCCC-1,1,28,2,8891,2426
ATCGTATTCCGAGAAC-1,1,29,3,9142,2572
GGGAATTCTGTCCAGT-1,1,28,4,8890,2715
ACGCGTTTCTTAAGAG-1,1,29,5,9141,2861
GAGAGCGCAGTCCCTG-1,1,28,6,8888,3005
GTCCTATTGTTGTGGT-1,1,29,7,9139,3151
CATCTGCAGGATCATT-1,1,28,8,8886,3294
GAGTCGACAGACCCTC-1,1,29,9,9137,3440
AAGTGCAAAGGTAGAC-1,1,28,10,8885,3583
AGGGTGGATAGTGCAT-1,1,29,11,9136,3730
TGATAGCGGGATTCTA-1,1,28,12,8883,3873
GTCAGTTTGGTAGTCG-1,1,29,13,9134,4019
GCATTCGAAATGAACA-1,1,28,14,8882,4162
AAAGACTGGGCGCTTT-1,1,29,15,9133,4308
TAACAATATTTGTTGC-1,1,28,16,8880,4452
CCAGCTTCCGCCCGCA-1,1,29,17,9131,4598
GATATGGATTACGCGG-1,1,28,18,8879,4741
AGAGCAGTTATGAGAC-1,1,29,19,9130,4887
TCACATCTTATCTGAT-1,1,28,20,8877,5031
TATGAAGACAGGTGCG-1,1,29,21,9128,5177
TACCTGCTGCACTGTG-1,1,28,22,8875,5320
TAGGTCCAAGTAAGGA-1,1,29,23,9126,5466
GAAACTCGTGCGATGC-1,1,28,24,8874,5609
AACAATTACTCTACGC-1,1,29,25,9125,5756
CCGCACGTGACCTCGG-1,1,28,26,8872,5899
AACTTGCCCGTATGCA-1,1,29,27,9123,6045
GGGTATGTATGCACTT-1,1,28,28,8871,6188
TTCGTACTCCAGAACG-1,1,29,29,9122,6334
GAATTTCTCGCTGCAG-1,1,28,30,8869,6478
AACAGGATGGGCCGCG-1,1,29,31,9120,6624
GACGTGTAGGGATTAT-1,1,28,32,8868,6767
TAGGTGAGCCCTACTC-1,1,29,33,9119,6913
CTAATTCGCACGCGCT-1,1,28,34,8866,7057
GAAGCTTGCTGACCGC-1,1,29,35,9117,7203
GGTTAGGCTTGGAGAA-1,1,28,36,8864,7346
ACAAGGACAAGAGGTT-1,1,29,37,9115,7492
AGGCCACCCGTTATGA-1,1,28,38,8863,7635
GTGGGCTTAGACACAC-1,1,29,39,9114,7782
CGTGTCCCATTCGCGA-1,1,28,40,8861,7925
TGGAGTGATGCGATGA-1,1,29,41,9112,8071
AACAACTGGTAGTTGC-1,1,28,42,8860,8214
CCTGGCTAGACCCGCC-1,1,29,43,9111,8360
CGCAATTAGGGTAATA-1,1,28,44,8858,8504
TCGAAATTTAGGACCA-1,1,29,45,9109,8650
AGACTAGCCTTCCAGA-1,1,28,46,8857,8793
TTGATCTAACTTTGTC-1,1,29,47,9108,8939
AAGGAGCGGTTGGTGC-1,1,28,48,8855,9083
ACTTGGGACCCGGTGG-1,1,29,49,9106,9229
TGATCTCCGGCGCCAG-1,1,28,50,8854,9372
CAGTTCAAATTGACAC-1,1,29,51,9105,9518
GTCCGGCTGAATTGCG-1,1,28,52,8852,9662
CTGGAAATGGATGCTT-1,1,29,53,9103,9808
TGATCGGTTTGACCCT-1,1,28,54,8850,9951
TAGAGTCTAAGCGAAC-1,1,29,55,9101,10097
GAGACTGATGGGTAGA-1,1,28,56,8849,10240
TAGCTAAGTCCGGGAG-1,1,29,57,9100,10386
GGGCGATATGTGTGAA-1,1,28,58,8847,10530
CTCGAGGTCGAACAGT-1,1,29,59,9098,10676
GATCCCTTTATACTGC-1,1,28,60,8846,10819
GTCATGCACCTCCGTT-1,1,29,61,9097,10965
ACTTTCCTATAGCTTC-1,1,28,62,8844,11109
TCGCTCGATATATTCC-1,1,29,63,9095,11255
ATAGGTTGGGCAGATG-1,1,28,64,8843,11398
CAATTAAGGGTGATGA-1,1,29,65,9094,11544
ACCGACTGAGTCCCAC-1,1,28,66,8841,11688
CCTGTCACCCGGGCTC-1,1,29,67,9092,11834
GATCGGTGGCCATAAC-1,1,28,68,8839,11977
CCTATGGGTTACCGTC-1,1,29,69,9090,12123
TTGGGACACTGCCCGC-1,1,28,70,8838,12266
CGAGGCTAAATATGGC-1,1,29,71,9089,12412
TCAGGGTGTAACGTAA-1,1,28,72,8836,12556
CGAGAGATGTGAACCT-1,1,29,73,9087,12702
TCGCTGGGCGGATTGT-1,1,28,74,8835,12845
AGATCTCAGGTGTGAT-1,1,29,75,9086,12991
TGGCCAAACTGAAGTA-1,1,28,76,8833,13135
GCTTCCGTCCCTAGAC-1,1,29,77,9084,13281
CAGCAGCCCGTTCCTT-1,1,28,78,8832,13424
TGTATAACAGATCCTG-1,1,29,79,9083,13570
CGCGGGAATTAGGCAG-1,1,28,80,8830,13714
TGCATGTGGTAATCTA-1,1,29,81,9081,13860
ACAATTTGAGCAGTGG-1,1,28,82,8828,14003
GAGCTAAGGGCATATC-1,1,29,83,9079,14149
CCAGATAGTTGAGTGA-1,1,28,84,8827,14292
CCACAATGTACGTCTT-1,1,29,85,9078,14438
CAATGGATCTCTACCA-1,1,28,86,8825,14582
TGTGGCAAAGCGTATG-1,1,29,87,9076,14728
TAAAGCGTTAGGAGAA-1,1,28,88,8824,14871
TCCGTTTAGCCTTGAA-1,1,29,89,9075,15017
CAGCTCGACAAGTTAA-1,1,28,90,8822,15161
GCCTATAGTGTCAGGG-1,1,29,91,9073,15307
ATAGACAACGGGACCT-1,1,28,92,8821,15450
CTACTATCTTTCAGAG-1,1,29,93,9072,15596
GCGCTGCTTTGCATTT-1,1,28,94,8819,15740
GCGCATCCAGTCAGCA-1,1,29,95,9070,15886
GACTCGCGGGAATGAC-1,1,28,96,8817,16029
CTGGTAACGAGCTCTT-1,1,29,97,9068,16175
TCCGGCCTAGCGTACA-1,1,28,98,8816,16318
TCTAGGTGGCGACGCT-1,1,29,99,9067,16464
ACGCTAGTGATACACT-1,1,28,100,8814,16608
ATCTGCACCTCTGCGA-1,1,29,101,9065,16754
CCTCACCTGAGGGAGC-1,1,28,102,8813,16897
AGTGAGCCTCGCCGCC-1,1,29,103,9064,17043
ACGAGTACGGATGCCC-1,1,28,104,8811,17187
GGTACCATTAAGACGG-1,1,29,105,9062,17333
TTCTGCTAGACTCCAA-1,1,28,106,8810,17476
TAACTATTACGCCAAA-1,1,29,107,9061,17622
GCATTCAAGGCAACGC-1,1,28,108,8808,17766
AGTACATCATTTATCA-1,1,29,109,9059,17912
GTCGTGTCTGGTCATC-1,1,28,110,8807,18055
AGTCTAAAGTATACTC-1,1,29,111,9058,18201
CGGCCCAACCTGTAGT-1,1,28,112,8805,18344
AGGGAGACATACTTCG-1,1,29,113,9056,18490
TCCCTAGATCAATAGG-1,1,28,114,8803,18634
TCCCGTCGCGTCATAG-1,1,29,115,9054,18780
CGCATCCATCAGCCAG-1,1,28,116,8802,18923
CTGCACCTAGTCCACA-1,1,29,117,9053,19069
CGAGGATCGGGAACGA-1,1,28,118,8800,19213
CAATGAGGTTCGACTA-1,1,29,119,9051,19359
TCTGACGGGCTAACCC-1,1,28,120,8799,19502
TTCTATGCCTTTCGCA-1,1,29,121,9050,19648
AGAGTATAGTGTTACG-1,1,28,122,8797,19792
CCATTGTTTCCTCCAT-1,1,29,123,9048,19938
CTCATCACTTAGTGAT-1,1,28,124,8796,20081
CCGAAGGGCGTACCGC-1,1,29,125,9047,20227
TCAAGCTGCCTTGAAA-1,1,28,126,8794,20370
CTCATTAACGTTGCCC-1,0,29,127,9045,20517
GTCTTCCTCACCTAAG-1,1,30,0,9396,2139
GGTGATGAAGGAAGTG-1,1,31,1,9647,2285
TCAATACAATTGCTGC-1,1,30,2,9395,2428
GCAACCCAAGTTGTTT-1,1,31,3,9646,2575
ATGAAGTGGACCCAGC-1,1,30,4,9393,2718
GAGAATCTCACGATCA-1,1,31,5,9644,2864
TATATCATTGATCAGT-1,1,30,6,9392,3007
AACTTTACGGGAGCTT-1,1,31,7,9643,3153
TTCTTGTGTCCATCAG-1,1,30,8,9390,3297
ACAATTTAGGAGGCTC-1,1,31,9,9641,3443
ATACTTGTTCTCGAGC-1,1,30,10,9388,3586
CACGGGATTGAGGGTT-1,1,31,11,9639,3732
GTTAATGTCTATCTTA-1,1,30,12,9387,3876
GCGTTATATTTGGAAC-1,1,31,13,9638,4022
CGTCAAGGCTATAAAT-1,1,30,14,9385,4165
TTAGCTCTGTAATCCG-1,1,31,15,9636,4311
AATGGTCCACCGTTCA-1,1,30,16,9384,4454
GTCATTGCATTGACCC-1,1,31,17,9635,4601
TGTCCGTGGCGCCTTT-1,1,30,18,9382,4744
TCAACTAACGTATAAC-1,1,31,19,9633,4890
TCCTCTCCAGTTGTCC-1,1,30,20,9381,5033
TGTGTTCGTATCCAAG-1,1,31,21,9632,5179
CCGCGTAGGTAAGGGC-1,1,30,22,9379,5323
CTGCGGGTGAAATGTT-1,1,31,23,9630,5469
TATCTACAGAGGTAAT-1,1,30,24,9377,5612
CTACTCTAGGCCCGGC-1,1,31,25,9629,5758
ACAAGCAGTGCCTAGC-1,1,30,26,9376,5902
TACAAGTCTCGTGCAT-1,1,31,27,9627,6048
TCGGAATGCGCTCTGA-1,1,30,28,9374,6191
TCGCGTCCAGAAGGTC-1,1,31,29,9625,6337
TATGGCCCGGCCTCGC-1,1,30,30,9373,6480
GCTGGCATATTCACCT-1,1,31,31,9624,6627
GTCAGAATAGTCTATG-1,1,30,32,9371,6770
GGCGTCCTATCCGCTG-1,1,31,33,9622,6916
CGGAGTTTGAGAGACA-1,1,30,34,9370,7059
AGCACTTAAGGACGCC-1,1,31,35,9621,7205
TCCACAATGGTTTACG-1,1,30,36,9368,7349
CCAACGATGCACTGAT-1,1,31,37,9619,7495
ATTTACAGTTTACTGG-1,1,30,38,9367,7638
CCCTGAAATGAGTTGA-1,1,31,39,9618,7784
CAAACGGTCGCACTTT-1,1,30,40,9365,7928
TGATTCGTCTATCACT-1,1,31,41,9616,8074
TCAGGTTCTTTGAGAA-1,1,30,42,9363,8217
CACGCAGCGAGGCTTT-1,1,31,43,9614,8363
TTAAGCGCCTGACCCA-1,1,30,44,9362,8507
CTTACACGGTATTCCA-1,1,31,45,9613,8653
AAGGCTGTGCTCATCG-1,1,30,46,9360,8796
GACCAGAGCCCTGTAG-1,1,31,47,9611,8942
TCCCAGGCTTAGCTAA-1,1,30,48,9359,9085
ATTGAAGATCTTAGTG-1,1,31,49,9610,9231
AGTTCCTACAGAATTA-1,1,30,50,9357,9375
GGGCTGGTTAGTCGCG-1,1,31,51,9608,9521
GAAATGGCGGTGTTAG-1,1,30,52,9356,9664
TACGAACACGACTTCA-1,1,31,53,9607,9810
ACCACAAGTTTCTATC-1,1,30,54,9354,9954
ATATTTAACCCTCAAG-1,1,31,55,9605,10100
GATCATTCCAAACATT-1,1,30,56,9352,10243
TCCAGGCGAGTACGGT-1,1,31,57,9603,10389
GTTTGACCAAATCCTA-1,1,30,58,9351,10533
CACAGCACCCACGGCA-1,1,31,59,9602,10679
TGCAAGAATGACGTAA-1,1,30,60,9349,10822
GCGAAGCCATACCCGT-1,1,31,61,9600,10968
TCCTTTCTTACGCTTA-1,1,30,62,9348,11111
GCTGCTCTCCGGACAC-1,1,31,63,9599,11257
ACTGTCTTCTTTAGAA-1,1,30,64,9346,11401
TCAAACTTAGATTGTT-1,1,31,65,9597,11547
CTATGTCACTAGCCCA-1,1,30,66,9345,11690
TGCGCAAAGCATTTGG-1,1,31,67,9596,11836
TTAATGTAGACCAGGT-1,1,30,68,9343,11980
GGCGGTAGGATCATTG-1,1,31,69,9594,12126
GGCAATAGTCAATGAG-1,1,30,70,9341,12269
ACACGAGACTCCTTCT-1,1,31,71,9592,12415
GACACAAGGGAAGAAA-1,1,30,72,9340,12559
TCAGCAAATGCATCTC-1,1,31,73,9591,12705
GAGATCTGTCACTCCG-1,1,30,74,9338,12848
ATGCCGGTCTTGCATA-1,1,31,75,9589,12994
TTGGGCGGCGGTTGCC-1,1,30,76,9337,13137
TTGTTGTGTGTCAAGA-1,1,31,77,9588,13283
ACTGTACGATACACAT-1,1,30,78,9335,13427
TCCACTTTATCTAGGT-1,1,31,79,9586,13573
GGTCTGAGAATCTGGA-1,1,30,80,9334,13716
TAGAAAGGTGGCGCTA-1,1,31,81,9585,13862
TATGTCTCATTGTGCC-1,1,30,82,9332,14006
GGATTTCACTTCTATA-1,1,31,83,9583,14152
TGAGTGGTCCGTGACG-1,1,30,84,9330,14295
CGCTTTCTTGCATTCG-1,1,31,85,9582,14441
ACCCAACGCCCGTGGC-1,1,30,86,9329,14585
GAACGTCTCATGGTCG-1,1,31,87,9580,14731
AGGGTTCCCTTTGGTT-1,1,30,88,9327,14874
GTAGCTTCCTCTTGTT-1,1,31,89,9578,15020
GCATGAGGGACGCGGC-1,1,30,90,9326,15163
CTACCCTAAGGTCATA-1,1,31,91,9577,15309
TCACCGCTCGGCACTC-1,1,30,92,9324,15453
GGCTCGCGTTGAGGTA-1,1,31,93,9575,15599
CTAACGAAACTTGCTG-1,1,30,94,9323,15742
TTAAACTCGAATTCAT-1,1,31,95,9574,15888
TACTTTACTGAGCCGG-1,1,30,96,9321,16032
GCTTGGATCGATTAGG-1,1,31,97,9572,16178
CGGTTATCCAACAGTG-1,1,30,98,9320,16321
CAGACCTGTAAGTGTT-1,1,31,99,9571,16467
GACGGTCAATAGAAGC-1,1,30,100,9318,16611
CTGACTGCGCAGCTCG-1,1,31,101,9569,16757
CCATACCTTTACTTGT-1,1,30,102,9316,16900
GTAATAAAGGGCTCCC-1,1,31,103,9567,17046
GTGAACTCCCATTCGA-1,1,30,104,9315,17189
GTGGTTACTTCTTTCG-1,1,31,105,9566,17336
TCAGAACCTCCACAGG-1,1,30,106,9313,17479
TCCCACTCTCTTCCGG-1,1,31,107,9564,17625
ATCTTGACTTGTCCAA-1,1,30,108,9312,17768
TCGGGAACGTGCCTAG-1,1,31,109,9563,17914
GTTAGCCGTAAATCAA-1,1,30,110,9310,18058
ATTTACTAAGTCCATT-1,1,31,111,9561,18204
GGGTGCATATGAAAGC-1,1,30,112,9309,18347
TCCGAATGGTCCTGAG-1,1,31,113,9560,18493
TGATGGCTGTTTCTGA-1,1,30,114,9307,18637
AAATAAGGTAGTGCCC-1,1,31,115,9558,18783
CCACTATCCGGGTCAC-1,1,30,116,9305,18926
ACACCACATAATTAGC-1,1,31,117,9556,19072
CGCGGTAAGTCTAGCT-1,1,30,118,9304,19215
GCGGGCATTACGATGC-1,1,31,119,9555,19362
AGGATTGCTTACGACA-1,1,30,120,9302,19505
CTCGGGATAACACCTA-1,1,31,121,9553,19651
GTCGTCTGGTTGGCTA-1,1,30,122,9301,19794
GCAATTAGTCGCACCG-1,1,31,123,9552,19940
GTGACCTAAAGAATAA-1,1,30,124,9299,20084
CTGAGCGAGACTTATT-1,1,31,125,9550,20230
CAAGACTCAGAAGCGC-1,0,30,126,9298,20373
ACTTCGCTAGCGAGTG-1,0,31,127,9549,20519
CCATACTCGCCTCTCC-1,1,32,0,9900,2142
ACGATACCTATCCTGA-1,1,33,1,10151,2288
CTCACCAGTACAAGTG-1,1,32,2,9898,2431
CGAAGACGGTGAGTGC-1,1,33,3,10149,2577
AAATTAATAAGCGCGA-1,1,32,4,9897,2721
GGGCCCTTATCTATAC-1,1,33,5,10148,2867
CTGCCCACGAAGCGTT-1,1,32,6,9895,3010
GGACAAGTTGCAGTGA-1,1,33,7,10146,3156
GTCCGAGAGCAATCAT-1,1,32,8,9894,3299
ATGGCAGCCGAGAAAC-1,1,33,9,10145,3446
CCTCGGATGCTACCTG-1,1,32,10,9892,3589
ATACGGTGAAGATGCA-1,1,33,11,10143,3735
ACATCAGCTGGGACGC-1,1,32,12,9890,3878
GGTTGTGTAGCCTGGC-1,1,33,13,10142,4024
CCTGCGTTCTACGCTT-1,1,32,14,9889,4168
GAACGTTAGGAAGACG-1,1,33,15,10140,4314
CTGATAGTGTATCTCA-1,1,32,16,9887,4457
TTCTGCGAGCGCCCTT-1,1,33,17,10138,4603
CTTTGGCGCTTTATAC-1,1,32,18,9886,4747
TCCGAACTTGGCTTAC-1,1,33,19,10137,4893
TAGATTCCTGGTTATT-1,1,32,20,9884,5036
CCGACAAAGGGAGTGC-1,1,33,21,10135,5182
CCATGGCCCTTGTACC-1,1,32,22,9883,5325
GAAATATCACCATCAG-1,1,33,23,10134,5472
ACGAAATGGGCGGCAC-1,1,32,24,9881,5615
GTGAGCGTGCTGCACT-1,1,33,25,10132,5761
CCGCGGGTACGAAGAA-1,1,32,26,9880,5904
TCCCTGGCTCGCTGGA-1,1,33,27,10131,6050
CAGCTTAGTAGGTAGC-1,1,32,28,9878,6194
CACGAAAGTTAGTCCC-1,1,33,29,10129,6340
ACCTAATCGACTTCCT-1,1,32,30,9876,6483
AAGTAGTGACGCGAGG-1,1,33,31,10127,6629
TCCGATTACATTGCCG-1,1,32,32,9875,6773
CCTCCGACAATTCAAG-1,1,33,33,10126,6919
GTTCACAGGAGTCTAG-1,1,32,34,9873,7062
CGAAGTTGCTCTGTGT-1,1,33,35,10124,7208
GTCGGATATCTCAGAC-1,1,32,36,9872,7352
CGCTCTCCGTAGATTA-1,1,33,37,10123,7498
CAAGCAACGTCGGAGT-1,1,32,38,9870,7641
CCATTCCCTGCCCACA-1,1,33,39,10121,7787
CTTTGGCTTTAGTAAA-1,1,32,40,9869,7930
GGCTATTAAGTTGTAT-1,1,33,41,10120,8076
CCATTAGCGATAATCC-1,1,32,42,9867,8220
TGTTCTTCCATTGACT-1,1,33,43,10118,8366
AGATAACTTCAGGGCC-1,1,32,44,9865,8509
ATAGACGAAGAGAAAG-1,1,33,45,10116,8655
GGCGGAGTAATATTAG-1,1,32,46,9864,8799
TGACCCACGTTAGACA-1,1,33,47,10115,8945
TCACAGGTTATTGGGC-1,1,32,48,9862,9088
TCACGCATTGTAGATC-1,1,33,49,10113,9234
TTGAAGAATTCCCAGG-1,1,32,50,9861,9378
AAATGGTCAATGTGCC-1,1,33,51,10112,9524
TAGTGCCCTCCAGAGT-1,1,32,52,9859,9667
GGTATTGCCGAGTTTA-1,1,33,53,10110,9813
CGTATTAAGAGATCTA-1,1,32,54,9858,9956
ACTGTCCAGGATTATA-1,1,33,55,10109,10102
CGGGCAGCTAAACCGC-1,1,32,56,9856,10246
TTGCTGATCATGTTCG-1,1,33,57,10107,10392
TATGGGTACGTATCGT-1,1,32,58,9854,10535
CAGCTCACTGAGACAT-1,1,33,59,10105,10681
GGGACTGCATAGATAG-1,1,32,60,9853,10825
ACGCATTCGTGAGTAC-1,1,33,61,10104,10971
CTCTGGACGCCTGGTG-1,1,32,62,9851,11114
AGGGTTTAGTTCGGGA-1,1,33,63,10102,11260
GGGAGAACTCACAGTA-1,1,32,64,9850,11404
ATCAATCTGGGCTGCA-1,1,33,65,10101,11550
TCTTCGATACCAATAA-1,1,32,66,9848,11693
ACGTAGATTGCTGATG-1,1,33,67,10099,11839
TCTTGATGCGTAGCGA-1,1,32,68,9847,11982
GGGCTGCCTAGGGCGA-1,1,33,69,10098,12128
CTCTCACAATCGATGA-1,1,32,70,9845,12272
CCAAGCGTAACTCGTA-1,1,33,71,10096,12418
ACAACAGCATGAGCTA-1,1,32,72,9843,12561
GTCCCAACGTAAAGTA-1,1,33,73,10095,12707
TCGGAGTACATGAGTA-1,1,32,74,9842,12851
GGGAGTTAATGAGGCG-1,1,33,75,10093,12997
CCGGGCGGTCTCGTCA-1,1,32,76,9840,13140
CCGTAAGTTGGTCCCA-1,1,33,77,10091,13286
GGAGGGCTTGGTTGGC-1,1,32,78,9839,13430
TCGGACGCCCAGCCCA-1,1,33,79,10090,13576
TCTGTGCCATCATAGT-1,1,32,80,9837,13719
GTACTGGAGTTAGACC-1,1,33,81,10088,13865
GGAATGCGCTAGCGTG-1,1,32,82,9836,14008
GTGTGAATAACTTAGG-1,1,33,83,10087,14154
GGTCGGCCAGGAGCTT-1,1,32,84,9834,14298
TAGCCGGCGGTCAGCG-1,1,33,85,10085,14444
CGGGTGTACCCATTTA-1,1,32,86,9833,14587
AGTGATTCAAGCAGGA-1,1,33,87,10084,14733
GTTGGATTGAGAACAC-1,1,32,88,9831,14877
CACACGCGCTGTCTTA-1,1,33,89,10082,15023
TAGACGCCCGTACCGG-1,1,32,90,9829,15166
GGTTTCAATCGGTCAG-1,1,33,91,10080,15312
AATCTGCGTTGGGACG-1,1,32,92,9828,15456
TTACGGATGGTTCGAG-1,1,33,93,10079,15602
CGGCAGGGTCGGGTTG-1,1,32,94,9826,15745
GCTTTCAGAGGAGGTG-1,1,33,95,10077,15891
TCTTCCCATGGGCACA-1,1,32,96,9825,16034
TACCGCGGACTTGCAG-1,1,33,97,10076,16181
AGAATTATGGATTCGA-1,1,32,98,9823,16324
ATTGATGAGTCCTAAC-1,1,33,99,10074,16470
TAGGTCGCCGGAACTG-1,1,32,100,9822,16613
TAACCTACCGTCCGAG-1,1,33,101,10073,16759
CTTAGTAGGCCTACAG-1,1,32,102,9820,16903
CTAGATGTGAGTGTAA-1,1,33,103,10071,17049
ACTCCCGAATTCGTTT-1,1,32,104,9818,17192
GTTCATCGTTTGGCTG-1,1,33,105,10069,17338
ACTTTACCCTCATGAA-1,1,32,106,9817,17482
GCGAGAGTTGCGTCCA-1,1,33,107,10068,17628
GTTCGGGCGTACCATT-1,1,32,108,9815,17771
CGACTTTGTATAGCCT-1,1,33,109,10066,17917
GCCATCGATGCTGCAT-1,1,32,110,9814,18060
GCATTTCCAAGGCTCC-1,1,33,111,10065,18207
ATGTAAGGCTGCTCTT-1,1,32,112,9812,18350
ACGTTCGCAATCAATT-1,1,33,113,10063,18496
GTGACGAGGGTGACCC-1,1,32,114,9811,18639
ATTATAGCTACTTTAC-1,1,33,115,10062,18785
CGTGTGTTAAACCCTG-1,1,32,116,9809,18929
TTGGTATGGCTTGTGT-1,1,33,117,10060,19075
CATTCCCATTCCGTCG-1,1,32,118,9807,19218
TGCCGAAAGCGTATTC-1,1,33,119,10058,19364
CAACACATCTCCTGCC-1,1,32,120,9806,19508
CTGCCTCATATGCAAC-1,1,33,121,10057,19654
TCCCGCCTATGTGCGT-1,1,32,122,9804,19797
GGTTACCCGACACTTT-1,1,33,123,10055,19943
CCAGCGGGATCACCAG-1,1,32,124,9803,20086
ATGTTTCGGCCCGGAG-1,1,33,125,10054,20233
GCGTCTAACCTCCTAA-1,1,32,126,9801,20376
ATCAGGTAGCTGACAG-1,0,33,127,10052,20522
GGTATGAAAGAACTGA-1,1,34,0,10404,2144
GTGGCCTAATATCATT-1,1,35,1,10655,2291
CCTGTGAAACCGTAAC-1,1,34,2,10402,2434
GGCAGAGAGATCGGGA-1,1,35,3,10653,2580
TAGCGTCGAATATTGA-1,1,34,4,10400,2723
CGCCGACTATTCGCTA-1,1,35,5,10651,2869
TCTGGCGCAAGCCGGG-1,1,34,6,10399,3013
AGTGGTTGCGTATAGG-1,1,35,7,10650,3159
ATCGGTTACCTAGTAA-1,1,34,8,10397,3302
CCTGCCCGTTGTCTAG-1,1,35,9,10648,3448
GCACACGCCCATGGTC-1,1,34,10,10396,3592
AGTACGGCCCGTATCG-1,1,35,11,10647,3738
TATCTAGCCTAAAGGA-1,1,34,12,10394,3881
CACTCGGTTAGGAGGA-1,1,35,13,10645,4027
ATGTTCGTCGACCCAC-1,1,34,14,10393,4171
TTCCTCTGCCCGAATA-1,1,35,15,10644,4317
TTACTATCGGCTTCTC-1,1,34,16,10391,4460
GCCGCATTAGTCCGGC-1,1,35,17,10642,4606
TAAGGGCTGGGAGAGG-1,1,34,18,10389,4749
TAAGCAGGCGACACGC-1,1,35,19,10640,4895
AGCACTACCGGCCTGT-1,1,34,20,10388,5039
GAAAGCCCTTTGGACC-1,1,35,21,10639,5185
GACCGACTGAAGCGTC-1,1,34,22,10386,5328
CGGTGAAGACTAAAGT-1,1,35,23,10637,5474
CCCTGCGCTACGCATA-1,1,34,24,10385,5618
TACTGGACAGCTCGGC-1,1,35,25,10636,5764
TTAGTAGGGCGGCGGG-1,1,34,26,10383,5907
GAGGCTATCAAAGTCG-1,1,35,27,10634,6053
TTACCATTGATTACCC-1,1,34,28,10382,6197
ATACCACGGGCAACTT-1,1,35,29,10633,6343
TGTCCTAAGTCACCGC-1,1,34,30,10380,6486
AGGTAGGTACAAAGCT-1,1,35,31,10631,6632
GGCATACAGGTAGCGG-1,1,34,32,10378,6775
TGTAGTGATCTATAAT-1,1,35,33,10629,6921
TCCCGGGTGTGCTGCT-1,1,34,34,10377,7065
TACGATGTTGATCATC-1,1,35,35,10628,7211
CCTCTCTCCCATCTAG-1,1,34,36,10375,7354
GCAGGACTATAGAATA-1,1,35,37,10626,7500
CTAGTGAAGGACAGGA-1,1,34,38,10374,7644
TACGAGAACTTCACGT-1,1,35,39,10625,7790
CGTTGTTTCAATTCCC-1,1,34,40,10372,7933
GCAAATATTACGCTTT-1,1,35,41,10623,8079
CCAATAGTGCCGTCGA-1,1,34,42,10371,8223
ATTGCTGCTCCTCCAT-1,1,35,43,10622,8369
GAGATCTGCTTGGCAT-1,1,34,44,10369,8512
GCCGAAATTCCTACGT-1,1,35,45,10620,8658
GGCACTCCACTGGGCA-1,1,34,46,10367,8801
GGGTCACCGTGACGGT-1,1,35,47,10618,8947
CACTTAATCAGACGGA-1,1,34,48,10366,9091
CGTTTCGCTCATTACA-1,1,35,49,10617,9237
ATAAAGGCTCGGTCGT-1,1,34,50,10364,9380
CACTAAAGTTGCCTAT-1,1,35,51,10615,9526
GTGCTCAAGTACTGTC-1,1,34,52,10363,9670
CCATGCCTGTTTAGTA-1,1,35,53,10614,9816
TCTAGTTATCAGAAGA-1,1,34,54,10361,9959
TTGTAATCCGTACTCG-1,1,35,55,10612,10105
TCCCAGCTTTAGTCTG-1,1,34,56,10360,10249
CTACGCACGGAGTACC-1,1,35,57,10611,10395
AAATTAACGGGTAGCT-1,1,34,58,10358,10538
CGGCCACGCACAAAGT-1,1,35,59,10609,10684
GAAGCGTGAGGAATTT-1,1,34,60,10357,10827
ATATCTTAGGGCCTTC-1,1,35,61,10608,10973
ACGCGGGCCAAGGACA-1,1,34,62,10355,11117
GCGAGTTCTGCAAAGA-1,1,35,63,10606,11263
TATTCGTGCCAGAATA-1,1,34,64,10353,11406
AGGGCTGCAGTTACAG-1,1,35,65,10604,11552
CTAGCATAGTATAATG-1,1,34,66,10352,11696
TAGGTTCGAGTTCGTC-1,1,35,67,10603,11842
GAATTATAGTGAAAGG-1,1,34,68,10350,11985
CTATCGGGTCTCAACA-1,1,35,69,10601,12131
GCGCTAATTGAATAGA-1,1,34,70,10349,12275
ATGCGACAGTCCCATT-1,1,35,71,10600,12421
GGTAGTGCTCGCACCA-1,1,34,72,10347,12564
AAGCTCGTGCCAAGTC-1,1,35,73,10598,12710
TATTCAATTCTAATCC-1,1,34,74,10346,12853
TTCAAAGTCTCTAGCC-1,1,35,75,10597,12999
TTGAATATGGACTTTC-1,1,34,76,10344,13143
AAGAGCTCTTTATCGG-1,1,35,77,10595,13289
TTACTCCGGCCGGGAA-1,1,34,78,10342,13432
AAACGAGACGGTTGAT-1,1,35,79,10593,13578
GCTAAGTAGTTTCTCT-1,1,34,80,10341,13722
ATAACGCCGGAGGGTC-1,1,35,81,10592,13868
GGATCCGGAATATACT-1,1,34,82,10339,14011
TGAAAGGACCTGACTC-1,1,35,83,10590,14157
TCCGCGGCAGCATCTG-1,1,34,84,10338,14301
TGCATATGTCTGTCAC-1,1,35,85,10589,14447
TGTAGGAGAAATTTCC-1,1,34,86,10336,14590
AGTGAGACTTCCAGTA-1,1,35,87,10587,14736
CCCAAACATGCTGCTC-1,1,34,88,10335,14879
GCTTATGAAGCAGGAA-1,1,35,89,10586,15026
TTCTAACCGAAGCTTA-1,1,34,90,10333,15169
GGATGTCCTTACCGCA-1,1,35,91,10584,15315
AGGGTGCTCTCGAGGG-1,1,34,92,10331,15458
AACTCTCAATAGAGCG-1,1,35,93,10582,15604
TCTGAATTCCGTACAA-1,1,34,94,10330,15748
GCGTGGTACTGGGTTA-1,1,35,95,10581,15894
CGTCGGATAGTGTTGA-1,1,34,96,10328,16037
ATATGTCTCCCTAGCC-1,1,35,97,10579,16183
TCTTTAAGACTATGAA-1,1,34,98,10327,16327
TCATTTAAGTCTCCGA-1,1,35,99,10578,16473
GATATTGAGATTGGCG-1,1,34,100,10325,16616
TGACATCGAGCGGACC-1,1,35,101,10576,16762
GCGTAAATGGCCATAA-1,1,34,102,10324,16905
ATTGTACAACTCGGCT-1,1,35,103,10575,17052
TACGCTATAGAAACCT-1,1,34,104,10322,17195
CACCCAAATCTTATGT-1,1,35,105,10573,17341
AGATGATGGAGTCTGG-1,1,34,106,10320,17484
CCACGGTGCCCGGTAG-1,1,35,107,10571,17630
TCAAGAAATACTAGCT-1,1,34,108,10319,17774
AGGTATAATTGATAGT-1,1,35,109,10570,17920
CAAGGTCCTATAGGCT-1,1,34,110,10317,18063
CCGGCACGACCGTTTC-1,1,35,111,10568,18209
ACCTCCGTTATTCACC-1,1,34,112,10316,18353
GCAGCCTATATCACAT-1,1,35,113,10567,18499
GGTATAGTGACACATA-1,1,34,114,10314,18642
AAATTCCAGGTCCAAA-1,1,35,115,10565,18788
TCTTTAGCAGGCGAAC-1,1,34,116,10313,18931
TATTGACATTTCTGCC-1,1,35,117,10564,19078
TCTGATCGGGTGCTAG-1,1,34,118,10311,19221
GGCCCGGAGCATGTCT-1,1,35,119,10562,19367
GGGCGCAGCGTTACTC-1,1,34,120,10309,19510
TTGGCGATCCGAATAT-1,1,35,121,10561,19656
CCACGTAAATTAGACT-1,1,34,122,10308,19800
TCTGATTGGAAATGGA-1,1,35,123,10559,19946
ATGGCGGAATAGTCGC-1,1,34,124,10306,20089
ATCGCTTTACGTCTCA-1,1,35,125,10557,20235
TACGTGCAAGGTTCCT-1,1,34,126,10305,20379
CAGGACAGCTGCCCTT-1,1,35,127,10556,20525
CAAACCAGGTCTGCAT-1,1,36,0,10907,2147
ACAAGCTATATGGAAG-1,1,37,1,11158,2293
TCGCCCACTGCGAGAG-1,1,36,2,10906,2437
AGCCGCAAATTCAAAT-1,1,37,3,11157,2583
TTAACGTTAAAGCCTG-1,1,36,4,10904,2726
CAGCGCCAACACGATA-1,1,37,5,11155,2872
ATCCAATGGTACCGAA-1,1,36,6,10902,3016
GTGCTGCAGATAAGGA-1,1,37,7,11153,3162
GGCCTTTGCAACTGGC-1,1,36,8,10901,3305
GTCGTACCTACGATTG-1,1,37,9,11152,3451
TAGAAATTCACGTATA-1,1,36,10,10899,3594
AGAATAAATCTTCAGG-1,1,37,11,11150,3740
CATTGCGAAATGGGCG-1,1,36,12,10898,3884
GTCTACTCAATTACAA-1,1,37,13,11149,4030
TGTAATGACCACAATA-1,1,36,14,10896,4173
AAAGTCGACCCTCAGT-1,1,37,15,11147,4319
TACTCGGCACGCCGGG-1,1,36,16,10895,4463
AGGTGTATCGCCATGA-1,1,37,17,11146,4609
TGTGCTTTACGTAAGA-1,1,36,18,10893,4752
AAACCTCATGAAGTTG-1,1,37,19,11144,4898
TATAGGGTACTCATGA-1,1,36,20,10891,5042
CCAGCTGATGGTACTT-1,1,37,21,11142,5188
AATATTGGAGTATTGA-1,1,36,22,10890,5331
GGCCCTCACCCACTTA-1,1,37,23,11141,5477
AACCAAGACTTCTCTG-1,1,36,24,10888,5620
TCGTATTACCCATTGC-1,1,37,25,11139,5766
ATTCGACGCCGGGCCT-1,1,36,26,10887,5910
GGCGCAGGACATCTTC-1,1,37,27,11138,6056
GTACTCCCTTATCGCT-1,1,36,28,10885,6199
TGGTCTGTTGGGCGTA-1,1,37,29,11136,6345
AATAACAACGCTCGGC-1,1,36,30,10884,6489
CATACCCGTACCCAGT-1,1,37,31,11135,6635
ACAATCCATTTAAACC-1,1,36,32,10882,6778
GTTACAATTGGTGACG-1,1,37,33,11133,6924
TTGCCCTGATCACGGG-1,1,36,34,10880,7068
CTAACCGCGCGCCCGT-1,1,37,35,11132,7214
CTAAAGAATGCCTACT-1,1,36,36,10879,7357
ACCCATCTTGAGGGTA-1,1,37,37,11130,7503
GATCTTTGCAGGGTAT-1,1,36,38,10877,7646
GGGTACTTCATGAACT-1,1,37,39,11128,7792
GCCGCTTGTGAGAAAC-1,1,36,40,10876,7936
CCTGTAAGACATGATA-1,1,37,41,11127,8082
CGACAGTTCGCGTTAT-1,1,36,42,10874,8225
ACGATGCATATGTTAT-1,1,37,43,11125,8371
TGTTCCGCTTCCATGA-1,1,36,44,10873,8515
GGATGACGCGAGTTTA-1,1,37,45,11124,8661
GAAGTTTCCACTCAAT-1,1,36,46,10871,8804
GCGAGGCCCGAGCAGA-1,1,37,47,11122,8950
CATACTATGTAATTGT-1,1,36,48,10870,9094
CCAATGTCACAGCAAG-1,1,37,49,11121,9240
GTTGGATTTGCGTTGG-1,1,36,50,10868,9383
GGGAGGATGCCCGAAA-1,1,37,51,11119,9529
GATCGCGGGCTCTCCA-1,1,36,52,10866,9672
GTTCGCCATAAGTGCC-1,1,37,53,11117,9818
AGATTATAGGACGTTT-1,1,36,54,10865,9962
TCGAGACCAACACCGT-1,1,37,55,11116,10108
TATGGGACCGAGCAGG-1,1,36,56,10863,10251
GATGCGTCCTGCATTC-1,1,37,57,11114,10397
TATGGTCTGAGTAACA-1,1,36,58,10862,10541
GCATAGAGCACTCAGG-1,1,37,59,11113,10687
CTTCATTGTCAGTGGA-1,1,36,60,10860,10830
GCAGATTAGGGATATC-1,1,37,61,11111,10976
CCTGTCGCCCGTAAAT-1,1,36,62,10859,11120
CAATTTCGTATAAGGG-1,1,37,63,11110,11266
GTACACTTACCTGAAG-1,1,36,64,10857,11409
CCAGCCTGGACCAATA-1,1,37,65,11108,11555
ATGGAGCAGGCCGTGA-1,1,36,66,10855,11698
GTCATTAGAGCGAACG-1,1,37,67,11106,11845
AAGACTGCAAGCTACT-1,1,36,68,10854,11988
CTAGTCACGTCTTAAG-1,1,37,69,11105,12134
ACTCTTGTATAGTAAC-1,1,36,70,10852,12277
ATTAGGCGATGCTTTC-1,1,37,71,11103,12423
TTCGGGACTAATCGCG-1,1,36,72,10851,12567
TGGACTGTTCGCTCAA-1,1,37,73,11102,12713
AACGTGCGAAAGTCTC-1,1,36,74,10849,12856
CCACCCAAGGAAAGTG-1,1,37,75,11100,13002
CCGCACAAAGACCAAC-1,1,36,76,10848,13146
GCGATTGTTAACGTTA-1,1,37,77,11099,13292
ACTCGTCAGTAATCCC-1,1,36,78,10846,13435
GGTGATAAGGAGCAGT-1,1,37,79,11097,13581
AAGAGGCATGGATCGC-1,1,36,80,10844,13724
CACGTTCGTGCTCTAG-1,1,37,81,11095,13871
CTATTTGGTTACGGAT-1,1,36,82,10843,14014
GTACAGAGGCAAGGGT-1,1,37,83,11094,14160
GGGCCGGCCGAAGTAC-1,1,36,84,10841,14303
CCTGAACGATATATTC-1,1,37,85,11092,14449
CCGGGCTGCTCCATAC-1,1,36,86,10840,14593
TACTTGTTAGTAGTCC-1,1,37,87,11091,14739
CCTAGGCGTAGCGATC-1,1,36,88,10838,14882
CTGGCGCACAGGTCTG-1,1,37,89,11089,15028
ACTTATACTTACCCGG-1,1,36,90,10837,15172
GAAGTCTCCCTAGCGA-1,1,37,91,11088,15318
ACCGATGGTAGCATCG-1,1,36,92,10835,15461
CGAGTTTATCGGACTG-1,1,37,93,11086,15607
CATAACGGACAGTCGT-1,1,36,94,10833,15750
TGACGATGCACTAGAA-1,1,37,95,11084,15897
TAGGGAGCTTGGGATG-1,1,36,96,10832,16040
AGGGTCGATGCGAACT-1,1,37,97,11083,16186
TATATCCCTGGGAGGA-1,1,36,98,10830,16329
CATCTTACACCACCTC-1,1,37,99,11081,16475
GTGCGACAGGGAGTGT-1,1,36,100,10829,16619
CCGATCTCAACCTTAT-1,1,37,101,11080,16765
ACGATCATCTTGTAAA-1,1,36,102,10827,16908
GAAAGAACAGCGTTAT-1,1,37,103,11078,17054
CTAGGTCTGAAGGAAT-1,1,36,104,10826,17198
ATATCAACCTACAGAG-1,1,37,105,11077,17344
AAATAGCTTAGACTTT-1,1,36,106,10824,17487
GCGACATGTAAACATC-1,1,37,107,11075,17633
ATAAGTAGGGCGACTC-1,1,36,108,10823,17776
GCGAGCGCATGCTCCC-1,1,37,109,11074,17923
AGGGACCGGCTGCGTT-1,1,36,110,10821,18066
CCTATGAAGTGGTGCC-1,1,37,111,11072,18212
GCTTACGTAGTTAGTA-1,1,36,112,10819,18355
CATACTTAGGCAATAC-1,1,37,113,11070,18501
CCTGTCCCTCACGTTA-1,1,36,114,10818,18645
CAATGTGCCAACCCTT-1,1,37,115,11069,18791
GTTAAGTTAGAGTGGG-1,1,36,116,10816,18934
CTGGGATACGCTACCC-1,1,37,117,11067,19080
AACCTGTCACGGAATT-1,1,36,118,10815,19224
ACTGCGGACACACCGT-1,1,37,119,11066,19370
CCGTGAGGCATTCATG-1,1,36,120,10813,19513
GCCCAGATGCTGGAGA-1,1,37,121,11064,19659
TCTGGCCGTTCAAGTT-1,1,36,122,10812,19802
ATACGAAGGCTTTCCA-1,1,37,123,11063,19949
GATCCGAATATAAGTG-1,1,36,124,10810,20092
GTGGAGCATGTCGGCC-1,1,37,125,11061,20238
ACTCTTCAGCTCCCGC-1,1,36,126,10808,20381
CCCGATAGCCTCGCCT-1,1,37,127,11059,20527
ACAGGTGTGTTGTTGC-1,1,38,0,11411,2150
TGAACTGCTATGACTT-1,1,39,1,11662,2296
TGACATATATGACGAT-1,1,38,2,11409,2439
AAGTCTTCTGTGGCCT-1,1,39,3,11660,2585
ACCAGACCATAACAAC-1,1,38,4,11408,2729
TGAGACGTACCTCTCA-1,1,39,5,11659,2875
GACCGTTACATGCGAC-1,1,38,6,11406,3018
GGTTCGGATTATACTA-1,1,39,7,11657,3164
CCTCCTGAGCCCACAT-1,1,38,8,11404,3308
CCGCGATTTGGTAGGT-1,1,39,9,11655,3454
AATCTCTACTGTGGTT-1,1,38,10,11403,3597
ACTTTGACTGCATCCT-1,1,39,11,11654,3743
CCCTGACTAACAAATT-1,1,38,12,11401,3887
ACGCTGTGAGGCGTAG-1,1,39,13,11652,4033
GCATACGAGGTCTTTA-1,1,38,14,11400,4176
TCGGGATTCAAACATA-1,1,39,15,11651,4322
GGGCCCTACGAAAGGG-1,1,38,16,11398,4465
CGCCAAGAAGCCGAGT-1,1,39,17,11649,4611
GGTACATCTGGGACGA-1,1,38,18,11397,4755
GGATGCTGGCGTTCCT-1,1,39,19,11648,4901
CCGATTCGAGGGACCC-1,1,38,20,11395,5044
CCACTGGTGGCTGGTT-1,1,39,21,11646,5190
GACAGGCACACACTAT-1,1,38,22,11393,5334
TCAACGCGACCGGCAG-1,1,39,23,11645,5480
CTACGACTAGCTATAA-1,1,38,24,11392,5623
CGGTTGACCTGGCATA-1,1,39,25,11643,5769
ATCCTGAATCGCTGCG-1,1,38,26,11390,5913
GTTTCATATCGTCGCT-1,1,39,27,11641,6059
ATAAATATTAGCAGCT-1,1,38,28,11389,6202
AAGAGGATGTACGCGA-1,1,39,29,11640,6348
TCCTGCGTTGATACTC-1,1,38,30,11387,6491
CGTGCATTGTCGACGC-1,1,39,31,11638,6637
CCGGGTTCGAGGTTAC-1,1,38,32,11386,6781
CCCAATTTCACAACTT-1,1,39,33,11637,6927
TGATTTATTAGCTGTG-1,1,38,34,11384,7070
TGGAAGAAGGGAACGT-1,1,39,35,11635,7216
GACGCTTGCTTCTAAA-1,1,38,36,11383,7360
GGGAACGGGAGGTTAG-1,1,39,37,11634,7506
GCGGCTCTGACGTACC-1,1,38,38,11381,7649
ACGTTAGATTTGCCCG-1,1,39,39,11632,7795
GAGAGGGCGCGAGGTT-1,1,38,40,11379,7939
GCGTCTCTGCATTGGG-1,1,39,41,11630,8085
GCAGCACACAGCCCAG-1,1,38,42,11378,8228
CAGGCCGTTTGGGTGT-1,1,39,43,11629,8374
AACTCAAGTTAATTGC-1,1,38,44,11376,8517
CTTCGTAGATAGGTGA-1,1,39,45,11627,8663
TGCAGAGTACCGAGCA-1,1,38,46,11375,8807
GAAGTGATTTATCGTG-1,1,39,47,11626,8953
CGCTACGGGACATTTA-1,1,38,48,11373,9096
CCACACTGAGATATTA-1,1,39,49,11624,9242
CGATCCGACCCAGTGC-1,1,38,50,11372,9386
CTGTACTTCTTAGCAT-1,1,39,51,11623,9532
ACTTATTAGGATCGGT-1,1,38,52,11370,9675
TAGTCCGCAGAGAATG-1,1,39,53,11621,9821
TTCACGAAAGGATCAC-1,1,38,54,11368,9965
TACATTTCTAACGTGC-1,1,39,55,11619,10111
ACCATATCCGCAATAA-1,1,38,56,11367,10254
CACTCAAGAGCTATGG-1,1,39,57,11618,10400
TGTACGAACAAATCCG-1,1,38,58,11365,10543
ATCATCCAATATTTGT-1,1,39,59,11616,10690
CGCTATTCTTAGGCTC-1,1,38,60,11364,10833
TGGCAGCAGTAATAGT-1,1,39,61,11615,10979
TCACGTGCCCGATTCA-1,1,38,62,11362,11122
CATACGGCGTCTGGGC-1,1,39,63,11613,11268
CACATGATTCAGCAAC-1,1,38,64,11361,11412
GCTAGTAGAGCTTGTA-1,1,39,65,11612,11558
TGCTGTTGAAGAACTC-1,1,38,66,11359,11701
CGGAGCATGGCGATCC-1,1,39,67,11610,11847
TAGCGTTGGGTCTTAC-1,1,38,68,11357,11991
GTAGCGGCTATACACT-1,1,39,69,11608,12137
TAACATACAATGTGGG-1,1,38,70,11356,12280
TCTTCGAATAGACGTT-1,1,39,71,11607,12426
GATCGTGACTGATATC-1,1,38,72,11354,12569
GATCCGGGAATTAACA-1,1,39,73,11605,12716
TTATATACGCTGTCAC-1,1,38,74,11353,12859
GTCGCGTAACCCGTTG-1,1,39,75,11604,13005
AGCTCTAGACGTTCCA-1,1,38,76,11351,13148
GTCAAGCGGACTCGGG-1,1,39,77,11602,13294
CGAGGGACTGCGGTCG-1,1,38,78,11350,13438
AATCGCCTCAGCGCCA-1,1,39,79,11601,13584
CTTGTTGCTGAGTCAA-1,1,38,80,11348,13727
GATATGAGACACTAAC-1,1,39,81,11599,13873
TTATGATCTTAACGAA-1,1,38,82,11346,14017
CGCCGCCCATGCCTGT-1,1,39,83,11598,14163
CTGGGATAAATAATGG-1,1,38,84,11345,14306
GTGCCCGTTCGGATTC-1,1,39,85,11596,14452
TTCAATACTCTGAATC-1,1,38,86,11343,14595
CGCACATGTCCACTAC-1,1,39,87,11594,14742
AGAAGAGCGCCGTTCC-1,1,38,88,11342,14885
GATAACTCGCACTGTG-1,1,39,89,11593,15031
AGTCGACGGTCTCAAG-1,1,38,90,11340,15174
GTGACCGCACACTACG-1,1,39,91,11591,15320
GTATGTGGGTCTAGTT-1,1,38,92,11339,15464
CTTGAGTTAGGGTAAT-1,1,39,93,11590,15610
TTAGCTGATTTGCCGT-1,1,38,94,11337,15753
GCTGTTGCTACCGAAC-1,1,39,95,11588,15899
TATTACCATCCTGCTT-1,1,38,96,11336,16043
TTGAATTCACGTGAGG-1,1,39,97,11587,16189
CCATCTCACCAGTGAA-1,1,38,98,11334,16332
CGCACGTGCGCTATCA-1,1,39,99,11585,16478
ACCCGGATGACGCATC-1,1,38,100,11332,16621
CGCTAGAGACCGCTGC-1,1,39,101,11583,16768
ATAGTTCCACCCACTC-1,1,38,102,11331,16911
GCAGACCCAGCACGTA-1,1,39,103,11582,17057
TAGACTACCTAGCGTT-1,1,38,104,11329,17200
GGTTCTACTCGTCTGA-1,1,39,105,11580,17346
GACTCACCCACGTGAG-1,1,38,106,11328,17490
AGCTCTTCGTAACCTT-1,1,39,107,11579,17636
ACTATCCAGGGCATGG-1,1,38,108,11326,17779
AAGGATCGATCGCTTG-1,1,39,109,11577,17925
ATATCGGTAGGGAGAT-1,1,38,110,11325,18069
TTCCAGACGAGATTTA-1,1,39,111,11576,18215
GACCGACGTGAAAGCA-1,1,38,112,11323,18358
CCTGGAAACGTTCTGC-1,1,39,113,11574,18504
CCGGTAATGGCTAGTC-1,1,38,114,11321,18647
GCCGTGGAAGAAATGT-1,1,39,115,11572,18794
GTCTTGAGGAGCAGTG-1,1,38,116,11320,18937
TCCCAAAGCCCTAAAT-1,1,39,117,11571,19083
TTGAGCGCCACGTGAT-1,1,38,118,11318,19226
TTGAGTCCCGCTGCTG-1,1,39,119,11569,19372
ATGGAACCTTTGCACA-1,1,38,120,11317,19516
GCTAGCACCTGGGCCA-1,1,39,121,11568,19662
CGCCGTCTACCCATCG-1,1,38,122,11315,19805
GATAGGTGTCCCGGGC-1,1,39,123,11566,19951
AGGTATGCGGACATTA-1,1,38,124,11314,20095
TTGGTTCGCTCAAAGG-1,1,39,125,11565,20241
TCTGGAGCGTAAGAGT-1,1,38,126,11312,20384
TGCCTAAATTTAATAG-1,1,39,127,11563,20530
TAATTTCCGTCCAGTA-1,1,40,0,11914,2153
TCCTTCAATCCCTACG-1,0,41,1,12165,2299
TACCTATCCCTAGAGG-1,1,40,2,11913,2442
GCATGGGTACTGACGC-1,1,41,3,12164,2588
GTCGGGAACATGGTAG-1,1,40,4,11911,2732
GCAAATGAGGACACTT-1,1,41,5,12162,2878
GAATGGGCTTATCGAC-1,1,40,6,11910,3021
TGGTCGTGCAAGGCAA-1,1,41,7,12161,3167
CACCACGCCACACAGA-1,1,40,8,11908,3310
GAACCTCGACCTACAC-1,1,41,9,12159,3456
CAATACGCTCTGAGGC-1,1,40,10,11906,3600
TGGTAAGCAGGATTGA-1,1,41,11,12158,3746
AGTGGCTCCGTCGGCC-1,1,40,12,11905,3889
GATCGGATAGAACCAT-1,1,41,13,12156,4035
GCTACAGTACGGACCG-1,1,40,14,11903,4179
TCTATTACTAGAGGAT-1,1,41,15,12154,4325
TTCAGGCGTCAAAGCC-1,1,40,16,11902,4468
AGACCGGGAAACCCTG-1,1,41,17,12153,4614
AGAGATCTCTAAAGCG-1,1,40,18,11900,4758
CCCTGCCCAATCCGCT-1,1,41,19,12151,4904
GTGGCGGTCCCAGCGT-1,1,40,20,11899,5047
GCATTGTAATTCATAT-1,1,41,21,12150,5193
CCGTTCCGAATCTCGG-1,1,40,22,11897,5336
AGCTTGATCTTAACTT-1,1,41,23,12148,5482
CCTGTACTCACGCCCA-1,1,40,24,11896,5626
AAGTGACGACCGAATT-1,1,41,25,12147,5772
CTCACTTGGCTGGTAA-1,1,40,26,11894,5915
CGCCTGGCCTACGTAA-1,1,41,27,12145,6061
CCCGTAAGTCTAGGCC-1,1,40,28,11892,6205
TTGGACATGTGGCTTA-1,1,41,29,12143,6351
ATTACGCGCTGGCAGG-1,1,40,30,11891,6494
ACGCGCTACACAGGGT-1,1,41,31,12142,6640
TACGTTTACCGGCAAT-1,1,40,32,11889,6784
CGAAACGCAATTCATG-1,1,41,33,12140,6930
TAGTCTAACAACGAGA-1,1,40,34,11888,7073
TTGCATGCTGATCACG-1,1,41,35,12139,7219
TCTGGGTAGCGCTCAT-1,1,40,36,11886,7362
ACATCGGTCAGCCGCG-1,1,41,37,12137,7508
AGATACCGGTGTTCAC-1,1,40,38,11885,7652
GATTACTGAATTTGGG-1,1,41,39,12136,7798
TCCAACTTTAAATTCT-1,1,40,40,11883,7941
TCCTAGCAAAGAAGCT-1,1,41,41,12134,8087
GTCTATCTGAGTTTCT-1,1,40,42,11881,8231
GATGTTCAATCCACGA-1,1,41,43,12132,8377
AGTTAAACACTTGCGA-1,1,40,44,11880,8520
AGCTCTTTACTCAGTT-1,1,41,45,12131,8666
ATCCAGGATTCGTGAA-1,1,40,46,11878,8810
AGTCAACACCACCATC-1,1,41,47,12129,8956
CGATACCTCGCGGACA-1,1,40,48,11877,9099
TACAACGCACAACTCA-1,1,41,49,12128,9245
AATTAAAGGTCGGCGT-1,1,40,50,11875,9388
TACGCAGTTCTTTCCT-1,1,41,51,12126,9535
GACCGTGCTGACGGTG-1,1,40,52,11874,9678
GGCAAATTACTTTACT-1,1,41,53,12125,9824
GGTACAAACATGCTAT-1,1,40,54,11872,9967
CGGGCCTTCTTTGTAA-1,1,41,55,12123,10113
CGTGAAGTTAATTCAC-1,1,40,56,11870,10257
ATAGTGAAGCGTTCTC-1,1,41,57,12121,10403
TACGCCATATTCTAAT-1,1,40,58,11869,10546
GCCGGGTTAGGGTCGC-1,1,41,59,12120,10692
TACATAGGCATACACC-1,1,40,60,11867,10836
GCCGATTGGCCAAGCT-1,1,41,61,12118,10982
CTGCCATGCATCACAT-1,1,40,62,11866,11125
TTATGAATGAAAGGGA-1,1,41,63,12117,11271
GCTGAGGCGTGAGTAT-1,1,40,64,11864,11414
GCGCCGTTCCACGATA-1,1,41,65,12115,11561
CGCATGGTGCGATGCT-1,1,40,66,11863,11704
AGGTTTCACACACCTT-1,1,41,67,12114,11850
CAAGGATCGCATGTTC-1,1,40,68,11861,11993
ACGTTAATGTCGAAGA-1,1,41,69,12112,12139
TCCAGAGCACCGGTTC-1,1,40,70,11859,12283
GATTCGACGGTTCACG-1,1,41,71,12111,12429
GTTTCTGCAGTCTCCC-1,1,40,72,11858,12572
GCTGCACGGTTTCTTA-1,1,41,73,12109,12718
CGTGCAGACTGGGACA-1,1,40,74,11856,12862
GTGTTACTATGCGTCC-1,1,41,75,12107,13008
TCCTCGGGCTGGGCTT-1,1,40,76,11855,13151
GTGAGGACACTTAAGG-1,1,41,77,12106,13297
ATACGCCGGCGAAACC-1,1,40,78,11853,13440
TCTGCCAGAAACTGCA-1,1,41,79,12104,13587
TTCTGCGGGTTAGCGG-1,1,40,80,11852,13730
CTCGGTACCACTGCTC-1,1,41,81,12103,13876
GTAAGTAACAGTCTGG-1,1,40,82,11850,14019
GTGCGTGTATATGAGC-1,1,41,83,12101,14165
ATTTGTCTTGGGAGCT-1,1,40,84,11849,14309
CCTCGGACCGGGATAG-1,1,41,85,12100,14455
TAGGTGCTCGCCTAGC-1,1,40,86,11847,14598
CTTTAGGAACACTGTT-1,1,41,87,12098,14744
TCGGGCCGTCGTGGTA-1,1,40,88,11845,14888
AGTGCTTGCACGAATA-1,1,41,89,12096,15034
TGCAGTTTCCTCCCAT-1,1,40,90,11844,15177
TGAGAGATTTACCACG-1,1,41,91,12095,15323
GAAACAGATGACCACC-1,1,40,92,11842,15466
AGCAACATATCTTATT-1,1,41,93,12093,15613
CAAGTGTGGTTGCAAA-1,1,40,94,11841,15756
GCCTCATCTGGAAATA-1,1,41,95,12092,15902
AACCCTACTGTCAATA-1,1,40,96,11839,16045
ACGTATTACTCCGATC-1,1,41,97,12090,16191
TCTGGGAACCTTTGAA-1,1,40,98,11838,16335
GCTCGCTCATGTCCAA-1,1,41,99,12089,16481
GCGCAAGAGCGCGCTG-1,1,40,100,11836,16624
TTGACGCTCCATGAGC-1,1,41,101,12087,16770
TATAGATGGTCGCAGT-1,1,40,102,11834,16914
TTACATGCCACAACTA-1,1,41,103,12085,17060
ACATGGCGCCAAAGTA-1,1,40,104,11833,17203
TATGGTTAGTGGGAGA-1,1,41,105,12084,17349
CATGACTTCGCTGAAT-1,1,40,106,11831,17492
ACCACCAATGTAACAA-1,1,41,107,12082,17639
TCTTAGAGCTCCAATT-1,1,40,108,11830,17782
CCACGAATTTAACCTC-1,1,41,109,12081,17928
TTCTTGCTAGCATCTC-1,1,40,110,11828,18071
ACACCTTACTACTTGC-1,1,41,111,12079,18217
AGTCGGTTGCGTGAGA-1,1,40,112,11827,18361
ACCTACAGTATGTGGT-1,1,41,113,12078,18507
GAGGATAAACAGTGCT-1,1,40,114,11825,18650
TTCCGGTATCTGTGTC-1,1,41,115,12076,18796
GGAGGCCGAAGTCGTC-1,1,40,116,11823,18940
TTCGCTAGGAAGTTGT-1,1,41,117,12074,19086
TAAAGACAACCCTTTA-1,1,40,118,11822,19229
GTTGCGCTAACATTAC-1,1,41,119,12073,19375
GCTGAACTCTCCAGGG-1,1,40,120,11820,19519
AGCCCTGTCGCACCGT-1,1,41,121,12071,19665
AGCGCTAGAGCGATGT-1,1,40,122,11819,19808
TGCGCCGTTAATAACG-1,1,41,123,12070,19954
TGACAACGCATGTCGC-1,1,40,124,11817,20097
CGTCTTGAGTGTGACG-1,1,41,125,12068,20243
GATAGGATTAATTACA-1,1,40,126,11816,20387
GATACCGTGTCGGAGT-1,1,41,127,12067,20533
TGTGTCGAAGTCGAGG-1,1,42,0,12418,2155
GGATCAGAGCCATCAG-1,1,43,1,12669,2301
GTCCCAATCATCCCGC-1,1,42,2,12416,2445
TGCCACACTAGAGGAA-1,1,43,3,12667,2591
TGAATTTCACTTGCCT-1,1,42,4,12415,2734
CTCAGATTGTGATAAG-1,1,43,5,12666,2880
CGGACGTTACTTGAAG-1,1,42,6,12413,3024
CCGCCTTGCGATGTCG-1,1,43,7,12664,3170
CCAGTCAAATCTCTTA-1,1,42,8,12412,3313
AAACAGCTTTCAGAAG-1,1,43,9,12663,3459
TAGCTGATGTGAAGCG-1,1,42,10,12410,3603
CTTATGCGCTCAGGGC-1,1,43,11,12661,3749
TGGCTCTTGTCGCGTA-1,1,42,12,12409,3892
TTGTGAGGCATGACGC-1,1,43,13,12660,4038
CATAAGCTCTCCGTCT-1,1,42,14,12407,4181
CCTTCTCAGCGTTCCT-1,1,43,15,12658,4327
TGCAGCTACGTACTTC-1,1,42,16,12405,4471
CTCTACACTGGCGATT-1,1,43,17,12656,4617
TGCAGATCGTCCTAGG-1,1,42,18,12404,4760
TGCCAAAGTCAGACTT-1,1,43,19,12655,4906
ACAATAGTCGTACGTT-1,1,42,20,12402,5050
CATGCCAACTCGCAAA-1,1,43,21,12653,5196
TGCAGAACTATATCGT-1,1,42,22,12401,5339
TCGTGTCACGCTGACA-1,1,43,23,12652,5485
TGATCAGGGAACTGCT-1,1,42,24,12399,5629
CTTGCAACCGCCTCCT-1,1,43,25,12650,5775
AGCCCATACATGTAAG-1,1,42,26,12398,5918
ATCCAATGGAGGGTCC-1,1,43,27,12649,6064
AAACCGGGTAGGTACC-1,1,42,28,12396,6207
GCAACCACGGCCGCGT-1,1,43,29,12647,6353
CGCTTATTCCCGGTCG-1,1,42,30,12394,6497
TTACTCTGGTACGTAC-1,1,43,31,12645,6643
GTGGTTTCCGCCTTTC-1,1,42,32,12393,6786
ATAGGCGGCTATAGAA-1,1,43,33,12644,6932
GTGCCATCACACGGTG-1,1,42,34,12391,7076
CCCAACATACGTCGCG-1,1,43,35,12642,7222
CGGTGCAGATAGAACG-1,1,42,36,12390,7365
GGGCGGGTTCCCTACG-1,1,43,37,12641,7511
TGAGCCATACAGTCTC-1,1,42,38,12388,7655
CTCCGCCCACATGAGG-1,1,43,39,12639,7801
GTTGAACCGGTTCCAT-1,1,42,40,12387,7944
TTGACTACCATATGGT-1,1,43,41,12638,8090
ACCATCGTATATGGTA-1,1,42,42,12385,8233
TGCGTAAGAACCTGAT-1,1,43,43,12636,8380
AGAAGGTTGCCGAATT-1,1,42,44,12383,8523
AGGACGACCCATTAGA-1,1,43,45,12634,8669
GGTGCTGGTACACATT-1,1,42,46,12382,8812
GCGCTATGCCGAGGCA-1,1,43,47,12633,8958
ACCCGGTTACACTTCC-1,1,42,48,12380,9102
TAACTCATCCGCGCGG-1,1,43,49,12631,9248
CACAATGAGCTGCTAT-1,1,42,50,12379,9391
GTTACTTTGGGCCTAG-1,1,43,51,12630,9537
GGGCCCGTCTTAAACA-1,1,42,52,12377,9681
GAAATTGTCTCTATAA-1,1,43,53,12628,9827
GGCGCATGAATTGATG-1,1,42,54,12376,9970
CATATAGGTACAGTCA-1,1,43,55,12627,10116
TCAACGAGGAGACAAA-1,1,42,56,12374,10259
TTGCACAATTCAGAAA-1,1,43,57,12625,10406
CATCGGACGGGTTAAT-1,1,42,58,12373,10549
ATTAAACATGCGGACC-1,1,43,59,12624,10695
TATCTACCACAGCGGG-1,1,42,60,12371,10838
CGAGACCCTAGAGTGT-1,1,43,61,12622,10984
ACATCGATCGTTTACC-1,1,42,62,12369,11128
ATCGACCCAATACAGA-1,1,43,63,12620,11274
GAATCTGAACATTCTC-1,1,42,64,12368,11417
AGTTCCTATTTATGTT-1,1,43,65,12619,11563
CAGTCTGTATACTGGG-1,1,42,66,12366,11707
GGAGACGACACCTTTG-1,1,43,67,12617,11853
CCTAAATTAACGGTTC-1,1,42,68,12365,11996
GCTACGACTTATTGGG-1,1,43,69,12616,12142
CTGTGCAGGGTAGGTC-1,1,42,70,12363,12285
ACGCCGCTAGACGACC-1,1,43,71,12614,12432
ACTTGACTCCCTCTTT-1,1,42,72,12362,12575
CGCCTCCCTCCTCTAT-1,1,43,73,12613,12721
CTAGATTTACGACGGC-1,1,42,74,12360,12864
GATGCTGTATTTCATC-1,1,43,75,12611,13010
TGCGTTTGTTGACACT-1,1,42,76,12358,13154
CGTGCCCTCCCGAAGA-1,1,43,77,12609,13300
ACTCTCTGACTTAGGT-1,1,42,78,12357,13443
CTGGGTAGGCAGTTAA-1,1,43,79,12608,13589
GTTTGGCCCAAGTTAT-1,1,42,80,12355,13733
GAATGTGGTCCGGATT-1,1,43,81,12606,13879
CCCAGTTAAGGCGCCG-1,1,42,82,12354,14022
CGGTACTAGAATCAAA-1,1,43,83,12605,14168
GCTTAATGTAACTAAC-1,1,42,84,12352,14311
AGGACAGTCGAATCCC-1,1,43,85,12603,14458
GACAGCCAGACCTGAC-1,1,42,86,12351,14601
GGCGAAATCTAACTTG-1,1,43,87,12602,14747
CTGGTAACACATAGAA-1,1,42,88,12349,14890
TAGCCATTTCAAAGTC-1,1,43,89,12600,15036
GGGATTTACCGCACCT-1,1,42,90,12347,15180
ATGCCATTTGCGACCA-1,1,43,91,12598,15326
GAATAGACGCGACCCA-1,1,42,92,12346,15469
TGTATGGCGCAGACAG-1,1,43,93,12597,15615
GGATGAAGATCGCTGA-1,1,42,94,12344,15759
CGACAATTTGATCTAA-1,1,43,95,12595,15905
AAAGTTGACTCCCGTA-1,1,42,96,12343,16048
CGCGGCTCAACTTGAA-1,1,43,97,12594,16194
CACGCGGAACTGTTGC-1,1,42,98,12341,16337
TCTTAGAGTGAACTCT-1,1,43,99,12592,16484
AGTCCATTGGCTGATG-1,1,42,100,12340,16627
TTAAGATAGGATTGAC-1,1,43,101,12591,16773
ACATCCTGGTAACTGT-1,1,42,102,12338,16916
CACCTTGGCGCCTTTG-1,1,43,103,12589,17062
GCTAGACCGTCTACTG-1,1,42,104,12336,17206
CGGCCCAGGTATATCC-1,1,43,105,12587,17352
GTCCATTACTGCTACG-1,1,42,106,12335,17495
GGGTTTAGGATAGGAT-1,1,43,107,12586,17641
TAATTAGGACATCCGT-1,1,42,108,12333,17785
GCTCCCAGTCGGTCCA-1,1,43,109,12584,17931
ATTCGTGCTATCTCTT-1,1,42,110,12332,18074
GTTAACTATGTTGTCA-1,1,43,111,12583,18220
GCTCCGCTCGCTTCAG-1,1,42,112,12330,18364
GCAACGGCTAGTTATG-1,1,43,113,12581,18510
AATCGCGCAGAGGACT-1,1,42,114,12329,18653
AGGTTACACCATGCCG-1,1,43,115,12580,18799
CGAGATTTCGCTCGGG-1,1,42,116,12327,18942
CGATAATACTCAGGTT-1,1,43,117,12578,19088
AAGGCAGGCTGTCTCC-1,1,42,118,12325,19232
GTAAGTCCACACTCTA-1,1,43,119,12577,19378
ATGAGGGCAGCGGCTA-1,1,42,120,12324,19521
GCCGCACTCCGTTTCA-1,1,43,121,12575,19667
GAGCACGGCGCCTCTT-1,1,42,122,12322,19811
ACAATTTGGCCATATT-1,1,43,123,12573,19957
CTGGTTCGCGAGCTAC-1,1,42,124,12321,20100
GACGGTCCTAGGGTGT-1,1,43,125,12572,20246
ACTCGCGATCTGACGC-1,1,42,126,12319,20390
GTGTACGAACCGTTCC-1,1,43,127,12570,20536
CTTTGACGTCGCTTCT-1,1,44,0,12922,2158
CGTTATCATACTTCCA-1,1,45,1,13173,2304
GCTATGCCAGCTTATG-1,1,44,2,12920,2448
CAGTCGGCCTAGATAT-1,1,45,3,13171,2594
CCCGTGAGGGCGGTGA-1,1,44,4,12918,2737
TCTCGTGTTACGAGGA-1,1,45,5,13169,2883
ACGTCTCGTTCCGGGA-1,1,44,6,12917,3026
CGAGAGCGCGTAGATA-1,1,45,7,13168,3172
GACAGATTTCTGGCTC-1,1,44,8,12915,3316
GGGCCTAAATGGGCTA-1,1,45,9,13166,3462
ACTTGTAGTCCCTTCA-1,1,44,10,12914,3605
CCCGAAGTTTCGCGAA-1,1,45,11,13165,3751
ACCATCCGCCAACTAG-1,1,44,12,12912,3895
TGCGAATATGGGATTT-1,1,45,13,13163,4041
TACATCCCTATCCCTG-1,1,44,14,12911,4184
GTGGGAAGACTGAATC-1,1,45,15,13162,4330
TCAACATCGACCGAGA-1,1,44,16,12909,4474
CTATGTGAGTCACGGC-1,1,45,17,13160,4620
CCGAACACTGGGCCTC-1,1,44,18,12907,4763
AAACTTGCAAACGTAT-1,1,45,19,13158,4909
AGGGCGAGCAGCTGAT-1,1,44,20,12906,5052
AACACGAGACGCGGCC-1,1,45,21,13157,5199
TGACGAATATTTCCCT-1,1,44,22,12904,5342
TCGGAGAGTATCGGGA-1,1,45,23,13155,5488
CAAATCTCTCACAAGG-1,1,44,24,12903,5631
AGGCCCTAGAACGCCA-1,1,45,25,13154,5777
TAGAGATCATGCAACT-1,1,44,26,12901,5921
TTGTTTCCATACAACT-1,1,45,27,13152,6067
GAGAGGTGCATTCTGG-1,1,44,28,12900,6210
GTGGACCAACCCGATT-1,1,45,29,13151,6356
CTGGGCCTGCTATATC-1,1,44,30,12898,6500
CATAGTCCACAAGAAC-1,1,45,31,13149,6646
TTGACATGAACGTGGA-1,1,44,32,12896,6789
GGTTACCACCCTCGGG-1,1,45,33,13148,6935
TACCGGTCGTTTCCAT-1,1,44,34,12895,7078
CGAGTACTAAAGAGGA-1,1,45,35,13146,7225
GCAAGAATTCCTTGGC-1,1,44,36,12893,7368
TCGCCGAAGTTGCGTC-1,1,45,37,13144,7514
TTGAGAGTACTGCTAA-1,1,44,38,12892,7657
GCCACAATTTAAGGAC-1,1,45,39,13143,7803
ATATTCAGTTAAACCT-1,1,44,40,12890,7947
TGAGTGCCTCTTAAAT-1,1,45,41,13141,8093
ATCAGACGGCACGCCG-1,1,44,42,12889,8236
GTGCGAAATCGAACAC-1,1,45,43,13140,8382
GTGCCGCTTCAAAGGT-1,1,44,44,12887,8526
GATACGATGGGAGTCA-1,1,45,45,13138,8672
GACACTGAGTTCAGTG-1,1,44,46,12886,8815
ATCCTGCGTGGAATGG-1,1,45,47,13137,8961
ATCCTACCTAAGCTCT-1,1,44,48,12884,9104
AGTGATATGAGTAGTT-1,1,45,49,13135,9251
ATGATGCAATGGTACA-1,1,44,50,12882,9394
GAAACCGAATTACCTT-1,1,45,51,13133,9540
AGTGACCTACTTTACG-1,1,44,52,12881,9683
CAAATGTCCTTCCGTG-1,1,45,53,13132,9829
TTACTGGGATATTTCA-1,1,44,54,12879,9973
CTTGCCCAGGCTCTAC-1,1,45,55,13130,10119
AAATCGTGTACCACAA-1,1,44,56,12878,10262
GTGATCATAGATCTGC-1,1,45,57,13129,10408
TGGCAGATTACGATCA-1,1,44,58,12876,10552
TCACCCTCTTAAGATT-1,1,45,59,13127,10698
CAGGATATATCGTTGT-1,1,44,60,12875,10841
CCTGACCACCGATGGT-1,1,45,61,13126,10987
CTAAAGGGAAATAGGA-1,1,44,62,12873,11130
CCGCTATCAGCACCAG-1,1,45,63,13124,11277
CTTTAGTGCTATTATT-1,1,44,64,12871,11420
CGGGAATTTATGTAAA-1,1,45,65,13122,11566
TACGACTGCCTCTTAG-1,1,44,66,12870,11709
AAACTGCTGGCTCCAA-1,1,45,67,13121,11855
GTACGTTTGCCCGTCA-1,1,44,68,12868,11999
GGCAAGGCGAAATAGC-1,1,45,69,13119,12145
GATCTTGGAGGGCATA-1,1,44,70,12867,12288
AGCGTGGTATTCTACT-1,1,45,71,13118,12434
CTAAGGGAATGATTGG-1,1,44,72,12865,12578
CATGGTAAGTAGCGTT-1,1,45,73,13116,12724
CGTTGAGCGACCGTCG-1,1,44,74,12864,12867
TGCCCGTACCGTTAAA-1,1,45,75,13115,13013
ACAAGGGCAGGCTCTG-1,1,44,76,12862,13156
GAGATCTTCCATGACA-1,1,45,77,13113,13303
AATGACGTAGGATGTC-1,1,44,78,12860,13446
GTGGTGGCCAAGTGAA-1,1,45,79,13111,13592
TCCCGTGTGCAATTTG-1,1,44,80,12859,13735
ACATCGTATGCAATGG-1,1,45,81,13110,13881
GCGAAACTTAACTGGA-1,1,44,82,12857,14025
AATTGAACGCTCTGGT-1,1,45,83,13108,14171
ACAAATGGTAGTGTTT-1,1,44,84,12856,14314
ATGGTCGCGTGGTTTC-1,1,45,85,13107,14460
TGTTATTGTATGTGGC-1,1,44,86,12854,14604
TTCCGGTTACCCACTT-1,1,45,87,13105,14750
GAGTGTGCGGTACCCA-1,1,44,88,12853,14893
CAAGATATTATAACGT-1,1,45,89,13104,15039
ACACACCAGGACCAGT-1,1,44,90,12851,15182
ATGGGCCTCGGCCTCT-1,1,45,91,13102,15329
AAGGTGATAAACCAGC-1,1,44,92,12849,15472
TCTTACTTATGCCTCT-1,1,45,93,13100,15618
AAAGTGTGATTTATCT-1,1,44,94,12848,15761
TGCTCCACAGTTCTTA-1,1,45,95,13099,15907
CTGGCTGATTCATCCT-1,1,44,96,12846,16051
TAAGGCTGAATCCCTC-1,1,45,97,13097,16197
TCTAGTGATATCGTGG-1,1,44,98,12845,16340
TCGAAGAACCGAGCAC-1,1,45,99,13096,16486
GACAAACATATGCAGG-1,1,44,100,12843,16630
AAGTCAATTGTCGTCA-1,1,45,101,13094,16776
AGTGAACAAACTTCTC-1,1,44,102,12842,16919
CATGATGGAAGTTAGC-1,1,45,103,13093,17065
AAGTGCCTTGACTGTA-1,1,44,104,12840,17209
ATCGCCAGTCAACATT-1,1,45,105,13091,17355
ACCGCGGTGGAAGTCG-1,1,44,106,12839,17498
TCTTCTATAACCCGCC-1,1,45,107,13090,17644
CACATTTCTTGTCAGA-1,1,44,108,12837,17787
TAGCGTCCCTCGATTG-1,1,45,109,13088,17933
GTTCGGATCGGGAACA-1,1,44,110,12835,18077
CAAACTCGCGACGCCG-1,1,45,111,13086,18223
GTCTTGTAGCTATTCA-1,1,44,112,12834,18366
TCTCGACGTATCGCCG-1,1,45,113,13085,18512
TTGCCAAGCAGAACCC-1,1,44,114,12832,18656
AAACCCGAACGAAATC-1,1,45,115,13083,18802
TTGAGCAGCCCACGGT-1,1,44,116,12831,18945
CGCCTTTAGCATGCTC-1,1,45,117,13082,19091
TGTGGCTCCCACCAAC-1,1,44,118,12829,19235
CCGCCGTTGAGGATAA-1,1,45,119,13080,19381
CAATACGAGAGTCTGA-1,1,44,120,12828,19524
CATCTAGTGAAGGGAA-1,1,45,121,13079,19670
GGTGGAGGTTGATACG-1,1,44,122,12826,19813
CCGCACACGAACGTGT-1,1,45,123,13077,19959
AGAACCCAGCGTGACA-1,1,44,124,12824,20103
GCGCTCGATCACCTGT-1,0,45,125,13075,20249
ATCATGGACTACCGAC-1,0,44,126,12823,20392
TACGCCGCCTCAGAAG-1,0,45,127,13074,20538
CGACCTACTAGACAAT-1,1,46,0,13425,2161
GAGTCTTGTAAAGGAC-1,1,47,1,13676,2307
AATATCCTAGCAAACT-1,1,46,2,13424,2450
CCCTAGGCAACAAGAG-1,1,47,3,13675,2596
ACAAAGAAGGTAGGCC-1,1,46,4,13422,2740
CCCTGGCTGTTCCTTC-1,1,47,5,13673,2886
TCGCCGCACCGCGTGA-1,1,46,6,13420,3029
TATAGCGCACGTTATC-1,1,47,7,13671,3175
TTATCTGACATTAGGA-1,1,46,8,13419,3319
AGTGGTGTTACCCGTG-1,1,47,9,13670,3465
GCCAAGAATACTTCTG-1,1,46,10,13417,3608
CCGGCGTGAGACTCTG-1,1,47,11,13668,3754
TTCCCGGCGCCAATAG-1,1,46,12,13416,3897
AAACAGGGTCTATATT-1,1,47,13,13667,4044
ACAGTAATACAACTTG-1,1,46,14,13414,4187
CGAACGGCCGGACAAC-1,1,47,15,13665,4333
GCAACACACTAGAACT-1,1,46,16,13413,4476
ACTCCCATTCCTAAAG-1,1,47,17,13664,4622
ACCTGCGTGTCATGTT-1,1,46,18,13411,4766
TACTTTCCGCACGCCA-1,1,47,19,13662,4912
AGGTCAGGTGAGAGTG-1,1,46,20,13409,5055
TCCTCCTAAGACATTC-1,1,47,21,13661,5201
ATGTGAAAGCCTAATG-1,1,46,22,13408,5345
AGTCGGCTCAACTTTA-1,1,47,23,13659,5491
CGATCTGTTGGAGGAC-1,1,46,24,13406,5634
ACGGGAGTGTCGGCCC-1,1,47,25,13657,5780
TTAACTTCAGGTAGGA-1,1,46,26,13405,5923
CCACGGAGCCATAAGA-1,1,47,27,13656,6070
CTTCTATGTTGAAGTA-1,1,46,28,13403,6213
CACCGTTGCGCGATAT-1,1,47,29,13654,6359
TCTAGCAATCTCCGCC-1,1,46,30,13402,6502
AGTTTGGCCAGACCTA-1,1,47,31,13653,6648
TTGTAAGGACCTAAGT-1,1,46,32,13400,6792
AAATTTGCGGGTGTGG-1,1,47,33,13651,6938
AAGTTCGGCCAACAGG-1,1,46,34,13399,7081
CCGCTTACCTCACTCT-1,1,47,35,13650,7227
ATCACGTGCTAATTAA-1,1,46,36,13397,7371
GGTGAAGTACAGGGAT-1,1,47,37,13648,7517
GCTGTATTACTGGCCC-1,1,46,38,13395,7660
AACGGCCATCTCCGGT-1,1,47,39,13646,7806
TAAGTAACATCTTGAC-1,1,46,40,13394,7949
TTCTTGAGCCGCGCTA-1,1,47,41,13645,8096
AGTGCGTAGCTCGTAA-1,1,46,42,13392,8239
GGGATGGTCGTAACCG-1,1,47,43,13643,8385
GTCTGGGCGGTCGAGA-1,1,46,44,13391,8528
CGGAACGTAAACATAG-1,1,47,45,13642,8674
TGCGACACCCTAGTGC-1,1,46,46,13389,8818
CAAACGAGTATCGCAG-1,1,47,47,13640,8964
TCAGTAGGGACTATAA-1,1,46,48,13388,9107
GCGGTTCCCTATCATG-1,1,47,49,13639,9253
GTGACTTCAGTAGTGC-1,1,46,50,13386,9397
CGTCACGTCCATTGGT-1,1,47,51,13637,9543
ATAAGTTACCGCGACG-1,1,46,52,13384,9686
CTGAATCCGAGACCTC-1,1,47,53,13635,9832
TACGACGCTTGCTGCG-1,1,46,54,13383,9975
GAATTCACCCGGGTGT-1,1,47,55,13634,10122
GGGTGACACCTTAACT-1,1,46,56,13381,10265
TGAGTAAATTAGCGTA-1,1,47,57,13632,10411
GAGTCCGCTTACCGGA-1,1,46,58,13380,10554
GGCGCGTTCGAGTTTA-1,1,47,59,13631,10700
ATTCATATACTGTCCA-1,1,46,60,13378,10844
ATAAACGGACCCGTAA-1,1,47,61,13629,10990
GTCGTACCATCTCGGG-1,1,46,62,13377,11133
ATAATAGCTGTTGAAT-1,1,47,63,13628,11279
TTCCGCGTGAGGCGAT-1,1,46,64,13375,11423
TACCGGCTCACTGCCC-1,1,47,65,13626,11569
GTATCTTTCATAACCA-1,1,46,66,13373,11712
GTTACCTACAACTTGC-1,1,47,67,13624,11858
TGACTATAATCCTTTC-1,1,46,68,13372,12001
AAATACCTATAAGCAT-1,1,47,69,13623,12148
TTATTAGAGCGTGTTC-1,1,46,70,13370,12291
ATGTGGACATCTTGAT-1,1,47,71,13621,12437
GTACGCTTCATTGCAC-1,1,46,72,13369,12580
CACATATTAGCAGGAT-1,1,47,73,13620,12726
CAAGAGGGCGGAGTAC-1,1,46,74,13367,12870
TCGCAAAGATGCATTT-1,1,47,75,13618,13016
GTCGTTATTCGCTTAT-1,1,46,76,13366,13159
TCGTGTACTATGGATG-1,1,47,77,13617,13305
GCGGAGAGGGAGAACG-1,1,46,78,13364,13449
TCACAGGGAATCGCAA-1,1,47,79,13615,13595
GACTGCACCAGCCCAG-1,1,46,80,13362,13738
TCCGCTGTCATCCCGG-1,1,47,81,13614,13884
AGATACTCAAGATCGA-1,1,46,82,13361,14027
ACTGAATGGCGAAAGT-1,1,47,83,13612,14174
TCCTACATCCACGGCC-1,1,46,84,13359,14317
TTCAGCCCTGGTCCAC-1,1,47,85,13610,14463
TTAGAGTTTAGAAGGA-1,1,46,86,13358,14606
GGTTAGCTATATGTCT-1,1,47,87,13609,14752
CTGGTTTCGAGCAAGA-1,1,46,88,13356,14896
TGGGCCCATACTAATT-1,1,47,89,13607,15042
ACTTATTTATGTGCCA-1,1,46,90,13355,15185
TTAGTTATTCGTGGCA-1,1,47,91,13606,15331
AACCGCTAAGGGATGC-1,1,46,92,13353,15475
ATACGTCCACTCCTGT-1,1,47,93,13604,15621
CGACACGCTCCGACAG-1,1,46,94,13352,15764
TCTGAACTCGTACCCG-1,1,47,95,13603,15910
AGGATATAGGGATTTA-1,1,46,96,13350,16054
GTGATCACTAACGCCT-1,1,47,97,13601,16200
ACCGGGCCTTTGTTGA-1,1,46,98,13348,16343
TTGACAGGAGCTCCCG-1,1,47,99,13599,16489
CTCTTCTATTGACTGG-1,1,46,100,13347,16632
CGTGGCCGAATATCTA-1,1,47,101,13598,16778
GGTTTAGCCTTTCTTG-1,1,46,102,13345,16922
TCAAGGTTACTACACC-1,1,47,103,13596,17068
TTGACTATTGTCCGGC-1,1,46,104,13344,17211
CGGGAATATAGTATAC-1,1,47,105,13595,17357
GCAACAGCAGTATGCG-1,1,46,106,13342,17501
ATCAAACACTGTTCCA-1,1,47,107,13593,17647
TGGGCAATAGTTGGGT-1,1,46,108,13341,17790
TGAATGTCAGCCGGCC-1,1,47,109,13592,17936
CGGCTCTAAAGCTGCA-1,1,46,110,13339,18080
GGACACAAGTTTACAC-1,1,47,111,13590,18226
CCGAGAAGTCGCATAA-1,1,46,112,13337,18369
AACTACCCGTTTGTCA-1,1,47,113,13588,18515
GCACAAACGAGGCGTG-1,1,46,114,13336,18658
CACACAGCTTGCGCTC-1,1,47,115,13587,18804
GTGCTTACATCAGCGC-1,1,46,116,13334,18948
GCAAACGTCGCCAGGT-1,1,47,117,13585,19094
GAATAGCATTTAGGGT-1,1,46,118,13333,19237
TACTGTTTCTCTGGTA-1,1,47,119,13584,19383
TCCTATCATAGGTAAC-1,1,46,120,13331,19527
TTCGGTGGAGACGCCC-1,1,47,121,13582,19673
TGTTGCCGTCGTCCCA-1,1,46,122,13330,19816
CCAACTTGATAGATCC-1,0,47,123,13581,19962
CAAAGGTCATCTGAAA-1,0,46,124,13328,20106
CTAGCTTAATGGTCCC-1,0,47,125,13579,20252
AGGCCACATTGGTTAC-1,0,46,126,13326,20395
TTAGGATGGGAGGGTA-1,0,47,127,13577,20541
TATGACCTTGCGCTGG-1,1,48,0,13929,2164
ATATACATGTATGGTA-1,1,49,1,14180,2310
TGTGTGACCATGAATC-1,1,48,2,13927,2453
CCCACTCCACGGTATC-1,1,49,3,14178,2599
GGGCAGACGTCACTGC-1,1,48,4,13926,2742
TCAAAGAGCTATCTGT-1,1,49,5,14177,2889
AGATGCATCCTGTGTC-1,1,48,6,13924,3032
GTGAAGTCACGACTCG-1,1,49,7,14175,3178
TGATTCAGGTCCCGCG-1,1,48,8,13923,3321
CGCCACAGGTCGCGAT-1,1,49,9,14174,3467
TTGAATCGTTGTATAA-1,1,48,10,13921,3611
TGGCCAATTTGGTACT-1,1,49,11,14172,3757
CGACCCTTAACGCCGG-1,1,48,12,13919,3900
TCGGCGTACTGCACAA-1,1,49,13,14170,4046
GAGTAAGGCCACGGGA-1,1,48,14,13918,4190
ATCAGCTCGTCCACTA-1,1,49,15,14169,4336
AGGATCACGCGATCTG-1,1,48,16,13916,4479
AAATGGCCCGTGCCCT-1,1,49,17,14167,4625
CAGTACCAGTTTACGT-1,1,48,18,13915,4768
GGTCGTAAGCTCGCAC-1,1,49,19,14166,4915
CGTTCATGGTGCGCGT-1,1,48,20,13913,5058
GACTACAAAGCGGTGG-1,1,49,21,14164,5204
CAGCTGGCGTAACCGT-1,1,48,22,13912,5347
ACTCGTAACCCGTCCT-1,1,49,23,14163,5493
CATATGTCAGGCTACG-1,1,48,24,13910,5637
GCCCGACTTCTTCCCG-1,1,49,25,14161,5783
CTGGCATCCGAATGAG-1,1,48,26,13908,5926
AAGTGCGTTAGAATCT-1,1,49,27,14159,6072
AGAAGTGATTCGTGAT-1,1,48,28,13907,6216
TACCTTAAGATTTCCC-1,1,49,29,14158,6362
AATGACAGCAATGTCT-1,1,48,30,13905,6505
TCAACGCAGGAAATAA-1,1,49,31,14156,6651
TATTCCTCCGCCCACT-1,1,48,32,13904,6794
ATCAAACGAAGGTTTG-1,1,49,33,14155,6941
TTGATTAGCTGTTTCT-1,1,48,34,13902,7084
CTGCTGAGGCCACGAA-1,1,49,35,14153,7230
CCGTGTTAAATTCCAT-1,1,48,36,13901,7373
CACGTCGGCAACCTCT-1,1,49,37,14152,7519
GTATTCTGAGAAACGA-1,1,48,38,13899,7663
CGGTGCGCGTTGGTCC-1,1,49,39,14150,7809
GTGATTCGCCGCTCAA-1,1,48,40,13897,7952
GCCCGCGCGTAAACGG-1,1,49,41,14148,8098
AACGTACTGTGGGTAC-1,1,48,42,13896,8242
GAGTATGCCCGCCTTG-1,1,49,43,14147,8388
TGATTCTGTCGCCGGT-1,1,48,44,13894,8531
GGGCGGCAAATGAATT-1,1,49,45,14145,8677
TTCCAATCTGGCTATC-1,1,48,46,13893,8820
GGAACCGTGTAAATTG-1,1,49,47,14144,8967
TTGGTCACACTCGTAA-1,1,48,48,13891,9110
CGAACCCGCATGCGTC-1,1,49,49,14142,9256
GGGCGTCACCACGTAA-1,1,48,50,13890,9399
TACCAGAAGTAGGTTC-1,1,49,51,14141,9545
TTGGATATCGTCTACG-1,1,48,52,13888,9689
TAGATATGGACTGGAA-1,1,49,53,14139,9835
GCGACGATAGTTGTAC-1,1,48,54,13886,9978
CTGGATTTACACTTGA-1,1,49,55,14137,10124
GTTATATTATCTCCCT-1,1,48,56,13885,10268
TATTCCACTCAGCTCG-1,1,49,57,14136,10414
CTGTTACCCAATCTAG-1,1,48,58,13883,10557
ACGCGAAGTCAGACGA-1,1,49,59,14134,10703
GATAGGTAACGTTGAC-1,1,48,60,13882,10846
TGTTCGTATTGCGGTG-1,1,49,61,14133,10993
GGTCAGTGGGTCCCAC-1,1,48,62,13880,11136
AATTCTAGAGTTAGGC-1,1,49,63,14131,11282
GTTTACGTTCCATCTG-1,1,48,64,13879,11425
AGACCCACCGCTGATC-1,1,49,65,14130,11571
TCTAGCATGCCCAGAA-1,1,48,66,13877,11715
CCCGCAGCGCGAACTA-1,1,49,67,14128,11861
CTCTATTTGGCTGCAG-1,1,48,68,13875,12004
TTCTGCCGCGCCTAGA-1,1,49,69,14127,12150
ACTCCCTAGAATAGTA-1,1,48,70,13874,12294
CCGAACCTTCCCGGCC-1,1,49,71,14125,12440
TCAGACGCTATAGAAG-1,1,48,72,13872,12583
CAGGCGCCATGCTAGG-1,1,49,73,14123,12729
CACTCGAGCTGAACAA-1,1,48,74,13871,12873
ACAAGGAAATCCGCCC-1,1,49,75,14122,13019
ACCACGTGCAGCTATA-1,1,48,76,13869,13162
ACGGCGACGATGGGAA-1,1,49,77,14120,13308
TTACTAAAGGACTTTA-1,1,48,78,13868,13451
GGCTGAAATAGCAAAG-1,1,49,79,14119,13597
TTAGACGAGTCACCTC-1,1,48,80,13866,13741
GTAGTCGCGGGAATCA-1,1,49,81,14117,13887
GCAAACCCTACATTAT-1,1,48,82,13865,14030
GTTAAAGTAGGACTGG-1,1,49,83,14116,14176
ACCCTCCCTTGCTATT-1,1,48,84,13863,14320
CATGTCTCATTTATGG-1,1,49,85,14114,14466
AATAGAATCTGTTTCA-1,1,48,86,13861,14609
TCTCATGAGATAGGGT-1,1,49,87,14112,14755
ATGACTATGCGACATT-1,1,48,88,13860,14899
CCTAACCCAAACAAGT-1,1,49,89,14111,15045
AGTCAAGATGACACTT-1,1,48,90,13858,15188
CGGGAGCTTCAGTGTA-1,1,49,91,14109,15334
CCACAGTACCCATCCT-1,1,48,92,13857,15477
GAGCGCGCACGAGTAG-1,1,49,93,14108,15623
ACCAGTGCGGGAGACG-1,1,48,94,13855,15767
TCCTTACGACGGTCCG-1,1,49,95,14106,15913
TAGTCGATCACGGGTT-1,1,48,96,13854,16056
AGACGAAGTGCCGGTC-1,1,49,97,14105,16202
CGCTGGTGACTACCCT-1,1,48,98,13852,16346
AGGCATTGTCGTAGGG-1,1,49,99,14103,16492
TGGTAGAATATATGGG-1,1,48,100,13850,16635
TTCTTATCCGCTGGGT-1,1,49,101,14101,16781
AGTTTGGCACGGGTTG-1,1,48,102,13849,16925
GCATCGGCCGTGTAGG-1,1,49,103,14100,17071
ATGCGAGTCCCACCAC-1,1,48,104,13847,17214
TCGGCGAACCCAAACC-1,1,49,105,14098,17360
AGAGTAAACTTCACTA-1,1,48,106,13846,17503
AAGCCGAAGCGGTTTA-1,1,49,107,14097,17649
CCCGAGTTTCTCCGTA-1,1,48,108,13844,17793
AATATCGAATCAATGC-1,1,49,109,14095,17939
GCGCCTCCCACTCCGA-1,1,48,110,13843,18082
CGTTAAACTAGTTAGG-1,1,49,111,14094,18228
TGAGTTAAAGACATTC-1,1,48,112,13841,18372
AACAGGTAGTATGGAT-1,1,49,113,14092,18518
GAACGCGGGTCACACG-1,1,48,114,13839,18661
TGTTTGAGATCGTCAG-1,1,49,115,14090,18807
ATCTCGTGAGCGAAAC-1,1,48,116,13838,18951
CTGAGAAAGTTCGGCG-1,1,49,117,14089,19097
ATTACCACACTGCCTG-1,1,48,118,13836,19240
CTGCTGTCTAACGAGC-1,1,49,119,14087,19386
CGTGGAAGCCTCGTAC-1,1,48,120,13835,19529
GGACTCACAAATTAGG-1,0,49,121,14086,19675
CTTTGCTGTCATGGAT-1,0,48,122,13833,19819
GGTGTTGGGCGTCTTA-1,0,49,123,14084,19965
TACCATGTATTGATTT-1,0,48,124,13832,20108
GGTCTCCAAGTAGTGC-1,0,49,125,14083,20254
ATCCTTCTGAAAGAAC-1,0,48,126,13830,20398
CCGGAAGTTATCAGTC-1,0,49,127,14081,20544
TTAGAGGGATATACAG-1,1,50,0,14432,2166
TTGTACACCTCGAACA-1,1,51,1,14683,2312
GTGGGTACTGAGCGTA-1,1,50,2,14431,2456
CTTAAGCAGCGAGCCG-1,1,51,3,14682,2602
GCATTGACTTGCGGAA-1,1,50,4,14429,2745
CCATAACCTGTGCAGT-1,1,51,5,14680,2891
GGGCTACTATTTCGTG-1,1,50,6,14428,3035
GGCGAGCGAAACGGCA-1,1,51,7,14679,3181
GGAGACCATCTACATA-1,1,50,8,14426,3324
AGACCAAACCACACCT-1,1,51,9,14677,3470
CGACGCATCCGTACCT-1,1,50,10,14425,3613
CCTAGGTAAAGGTAGC-1,1,51,11,14676,3760
AGCGGCGGTTAGCGGT-1,1,50,12,14423,3903
CTGGACGCAGTCCGGC-1,1,51,13,14674,4049
AGCCTAATACCCACGT-1,1,50,14,14421,4192
AATCTGGCTTTCTAGT-1,1,51,15,14672,4338
CACCCTTGGTGAGACC-1,1,50,16,14420,4482
GGATCTTGACTCAACC-1,1,51,17,14671,4628
ACGAGGATACCACTCT-1,1,50,18,14418,4771
GAGTTGATGGCAATTT-1,1,51,19,14669,4917
GTGGCAAACAGCGGCA-1,1,50,20,14417,5061
GATGTAACGAACCACC-1,1,51,21,14668,5207
AGCCGTGGCTAAATGT-1,1,50,22,14415,5350
CTCCCTCCTTTCGATC-1,1,51,23,14666,5496
TTGGAAGAATACAGTC-1,1,50,24,14414,5639
AGTTAAGTCAACCGCT-1,1,51,25,14665,5786
CTCATGGTAATTTGCG-1,1,50,26,14412,5929
AAAGTAGCATTGCTCA-1,1,51,27,14663,6075
TTGTGGTAGGAGGGAT-1,1,50,28,14410,6218
AGTCGTGGGCATTACG-1,1,51,29,14661,6364
ACCTAAGTACCTTTCA-1,1,50,30,14409,6508
GTAGAGGGAGACAAGT-1,1,51,31,14660,6654
GATCCTCGACACTGGC-1,1,50,32,14407,6797
CCTACATTCACAGACG-1,1,51,33,14658,6943
TTGACCGTGTTAATGA-1,1,50,34,14406,7087
TCTGTTACCCAGCATA-1,1,51,35,14657,7233
CTAACTGGTCCGGTTC-1,1,50,36,14404,7376
AGCGACAGGAACGGTC-1,1,51,37,14655,7522
TAATAGAACAGAGTTA-1,1,50,38,14403,7665
ACAGGTGGAGGTGAGG-1,1,51,39,14654,7812
TGCGAGAATATTACCC-1,1,50,40,14401,7955
TTGCGTCGGCCAACCG-1,1,51,41,14652,8101
AGGCTTCCCGAAGAAG-1,1,50,42,14399,8244
GCGGACCGCGTTGTGG-1,1,51,43,14650,8390
GTAATCTGATTCTTCG-1,1,50,44,14398,8534
CCGCGGAATGCGTCAC-1,1,51,45,14649,8680
TTCCACACAGATTTGA-1,1,50,46,14396,8823
CTTCTATTAATGCTAG-1,1,51,47,14647,8969
CATTTGAGTGGTACGT-1,1,50,48,14395,9113
TCACAGCAAACTCGAA-1,1,51,49,14646,9259
CAGACGAACCTGATAC-1,1,50,50,14393,9402
TAGCTAGAAGGCATGA-1,1,51,51,14644,9548
ATCCAGAGCAACAACC-1,1,50,52,14392,9691
TCCGGTTCGTCCGGTC-1,1,51,53,14643,9838
CGCGCATGTTTGATTG-1,1,50,54,14390,9981
TGGCGATCAAGTTATG-1,1,51,55,14641,10127
CCCTTTGACAGGTCTT-1,1,50,56,14389,10270
CAGAGACGGTCACCCA-1,1,51,57,14640,10416
TAGCTCGCCTGATAAC-1,1,50,58,14387,10560
TTGTGTTTCCCGAAAG-1,1,51,59,14638,10706
TATACACAGACGCCTT-1,1,50,60,14385,10849
ACATTAGTTTATATCC-1,1,51,61,14636,10995
CCATCGCAGTTAAACT-1,1,50,62,14384,11139
AATTAGCGCTGCAGCG-1,1,51,63,14635,11285
TCCGCTTATCCCATTA-1,1,50,64,14382,11428
GTTTGGGCTTGTGAGC-1,1,51,65,14633,11574
CTTGTCAACATTCGAG-1,1,50,66,14381,11718
GGACCAACAGGATAAC-1,1,51,67,14632,11864
AAGCTAGATCGAGTAA-1,1,50,68,14379,12007
TACCGTGCCTCGGACC-1,1,51,69,14630,12153
GTAGCCAAACATGGGA-1,1,50,70,14378,12296
TGCCAGTACGTGGAGA-1,1,51,71,14629,12442
ATAAGGTGGAGAACAT-1,1,50,72,14376,12586
CTTTAATATTGGTCGA-1,1,51,73,14627,12732
TGGTTCAACGGGTAAT-1,1,50,74,14374,12875
GCTGCTACTGCGTAGC-1,1,51,75,14625,13021
CTGCACAACTACATAT-1,1,50,76,14373,13165
ATATTCCACATAGTGA-1,1,51,77,14624,13311
TGGCAAACTAAATTAC-1,1,50,78,14371,13454
ACCGCAATAACTGCCT-1,1,51,79,14622,13600
TCGCACCAGGAGGCAG-1,1,50,80,14370,13744
ACTTCAGGCTGATCCC-1,1,51,81,14621,13890
ACAAATCGCACCGAAT-1,1,50,82,14368,14033
TCTGATGTATTCTGTC-1,1,51,83,14619,14179
CTTTACCGAATAGTAG-1,1,50,84,14367,14322
GCAGATCCATAAGACT-1,1,51,85,14618,14468
TTCCTCGGACTAACCA-1,1,50,86,14365,14612
TTATCCGGGATCTATA-1,1,51,87,14616,14758
CTGGAAGACACGGTGG-1,1,50,88,14363,14901
GTTCGTCTAAAGAACT-1,1,51,89,14614,15047
GTCTATTGGTTCCGGT-1,1,50,90,14362,15191
CTAGGCGCCCTATCAG-1,1,51,91,14613,15337
AACGGACGTACGTATA-1,1,50,92,14360,15480
AACACACGCTCGCCGC-1,1,51,93,14611,15626
GCTACTATAGTAGAGT-1,1,50,94,14359,15770
AGCATATCAATATGCT-1,1,51,95,14610,15916
CGAACAGTATGGGCGT-1,1,50,96,14357,16059
ACAATTGTGTCTCTTT-1,1,51,97,14608,16205
GATCGCTACCCGATTT-1,1,50,98,14356,16348
ATTGCGATCAGTAACT-1,1,51,99,14607,16494
CAGCAGTCCAGACTAT-1,1,50,100,14354,16638
AGAGGCTTCGGAAACC-1,1,51,101,14605,16784
AAACAAGTATCTCCCA-1,1,50,102,14352,16927
GGCAGCAAACCTATGC-1,1,51,103,14603,17073
ACTAGTTGCGATCGTC-1,1,50,104,14351,17217
TTGGACCATCTGGCAA-1,1,51,105,14602,17363
CCCTCCTCGCTCGTAT-1,1,50,106,14349,17506
GAGCGCAAATACTCCG-1,1,51,107,14600,17652
ATTACATGTCAGTCTT-1,1,50,108,14348,17796
TTGGGACGTAAGAGTT-1,1,51,109,14599,17942
CTTCGGCCAATTGTTT-1,1,50,110,14346,18085
AGACCGCTCCGCGGTT-1,1,51,111,14597,18231
GACCGCGTCTGACGTG-1,1,50,112,14345,18374
CCAAATAACAAGATTC-1,1,51,113,14596,18520
TCTTTAGAGTCTAACA-1,1,50,114,14343,18664
CTCCCAATGAGTCGCG-1,1,51,115,14594,18810
TAGTCTTTCCGAATTG-1,1,50,116,14342,18953
GAGTAAACCGGAAAGT-1,1,51,117,14593,19099
GATCTCGACGCTGTGG-1,1,50,118,14340,19243
CTGACATAGAAATAGA-1,1,51,119,14591,19389
TATACCGAGTGCCACA-1,1,50,120,14338,19532
TCCGAACGTTGCCGCT-1,0,51,121,14589,19678
GCAGAAGGTAATCTCC-1,0,50,122,14337,19822
GGTACTAAGTGCTTTG-1,0,51,123,14588,19968
CAGAATATTCGTTATC-1,0,50,124,14335,20111
TAATCAACCAAATGGG-1,0,51,125,14586,20257
TCTGCTTAGAACAAGC-1,0,50,126,14334,20400
AACTGAGTTATACTGA-1,0,51,127,14585,20547
CCTCAACGATCGCTGT-1,1,52,0,14936,2169
CGGTACGGCAAACCCA-1,1,53,1,15187,2315
CAGATGTTTGTCCCAA-1,1,52,2,14934,2458
GTTTGTTAGCCAAGTA-1,1,53,3,15185,2605
ACGTGACAAAGTAAGT-1,1,52,4,14933,2748
TTGTCACCGCGGTATC-1,1,53,5,15184,2894
GATCTAACCGTATTCA-1,1,52,6,14931,3037
ATGGAAATTTAAGGAG-1,1,53,7,15182,3183
ATTGATCACCACATTT-1,1,52,8,14930,3327
ACTGCTCGGAAGGATG-1,1,53,9,15181,3473
TCTAAAGAACAGTCTC-1,1,52,10,14928,3616
CTGGGTTGAGTTAAAG-1,1,53,11,15179,3762
CCCAGTAAACTTGGGA-1,1,52,12,14927,3906
AGATTCACAACCGATA-1,1,53,13,15178,4052
AGAAGGTACACTTCAC-1,1,52,14,14925,4195
GCAGGAACTTAGATCT-1,1,53,15,15176,4341
AATCTAGGTTTACTTG-1,1,52,16,14923,4484
CCCGGTGTATCGGAAT-1,1,53,17,15174,4631
TTATCCTCAAGGAATA-1,1,52,18,14922,4774
AGCATCATTTCGAAAG-1,1,53,19,15173,4920
CGCGAGTCTGCCGGGT-1,1,52,20,14920,5063
TGCGTCATGACTGAGC-1,1,53,21,15171,5209
GTATGAAATTTCACTC-1,1,52,22,14919,5353
TTGGTTGCGGTGCGCG-1,1,53,23,15170,5499
ACAGAACTGAGAACAA-1,1,52,24,14917,5642
CTACTATCATAGGTTT-1,1,53,25,15168,5788
CCTCTATCGATTAGCA-1,1,52,26,14916,5932
CCGTATCTCGTCGTAG-1,1,53,27,15167,6078
TCACGATGTCCGTGGA-1,1,52,28,14914,6221
TCAACAAAGATAATTC-1,1,53,29,15165,6367
ATGACGCGTTCTATCC-1,1,52,30,14912,6510
ATTTGCGCGAGTAGCT-1,1,53,31,15164,6657
TTCTTGGACGATCTGC-1,1,52,32,14911,6800
AGACGACGATGCCGCT-1,1,53,33,15162,6946
GGTCTCTGAATGGACT-1,1,52,34,14909,7089
GCTCAATCCGTTTATT-1,1,53,35,15160,7235
CCAGAAAGCAACTCAT-1,1,52,36,14908,7379
CACCGTTAGGGATCAC-1,1,53,37,15159,7525
AATAACACTAGAACAA-1,1,52,38,14906,7668
CACCCGGTTTGTGACT-1,1,53,39,15157,7814
CCACCAACTTTACTGT-1,1,52,40,14905,7958
AACTCTCAGTGTGCTC-1,1,53,41,15156,8104
AAACCGTTCGTCCAGG-1,1,52,42,14903,8247
CAGCGATTCCCTTCAA-1,1,53,43,15154,8393
GCTAGCTTGAATAGCT-1,1,52,44,14902,8536
TTGCGGCATCAGAAAG-1,1,53,45,15153,8683
AATAGAACAGAGTGGC-1,1,52,46,14900,8826
GCCATCGAGCTGCGTG-1,1,53,47,15151,8972
ACACTGATCAAGGTGT-1,1,52,48,14898,9115
ACCAACGCTTATTTAT-1,1,53,49,15149,9261
GACATCGATTTATAAC-1,1,52,50,14897,9405
CAGACACCGATCGCTG-1,1,53,51,15148,9551
CCAAGAAAGTGGGCGA-1,1,52,52,14895,9694
GGTAGACCGTTGGGCG-1,1,53,53,15146,9840
TCGTTAGGAGTCCCTA-1,1,52,54,14894,9984
ACGGCCAACATGGACT-1,1,53,55,15145,10130
GTGAGTGGTACAACGC-1,1,52,56,14892,10273
GAGACTTCGCGACCGA-1,1,53,57,15143,10419
GAAGTCAGTTGCACTA-1,1,52,58,14891,10563
GTTTGGTAGGGTCAAC-1,1,53,59,15142,10709
ACGGCACTTGCTTGGG-1,1,52,60,14889,10852
CCTCTGTACTATTCTA-1,1,53,61,15140,10998
CTATTCATGTGTCCCA-1,1,52,62,14887,11141
GCCCGATCTGTGGTCG-1,1,53,63,15138,11287
TTAGAAGAACATGACT-1,1,52,64,14886,11431
AGGATAAAGTCGGGAT-1,1,53,65,15137,11577
CGGCAAACATCGTGCG-1,1,52,66,14884,11720
CTAGTTACAACCCGGT-1,1,53,67,15135,11866
TTCGACAGAGCCCGTG-1,1,52,68,14883,12010
AAGCATACTCTCCTGA-1,1,53,69,15134,12156
GACGACGATCCGCGTT-1,1,52,70,14881,12299
GGTAGAAGACCGCCTG-1,1,53,71,15132,12445
GAGATGGGAGTCGACA-1,1,52,72,14880,12589
AACGATAATGCCGTAG-1,1,53,73,15131,12735
TGGTCCCACGCTACGG-1,1,52,74,14878,12878
CTGCTTGGCGATAGCT-1,1,53,75,15129,13024
ATCGGAGACAGACGGC-1,1,52,76,14876,13167
TAGCGTCCGGTGTGGT-1,1,53,77,15127,13313
GTTGAGTCCCGCCGGT-1,1,52,78,14875,13457
AAATAGGGTGCTATTG-1,1,53,79,15126,13603
AAGTGTTTGGAGACGG-1,1,52,80,14873,13746
AGCACTACCTCACCAG-1,1,53,81,15124,13892
TGCCTTGGCCAGGCAA-1,1,52,82,14872,14036
TCGTCTTAGGCGTTAA-1,1,53,83,15123,14182
TTCTGACCGGGCTCAA-1,1,52,84,14870,14325
CAGAACTTAGCCCTCT-1,1,53,85,15121,14471
AGCTCCTTCGCACATC-1,1,52,86,14869,14615
ACAGGCTTGCCCGACT-1,1,53,87,15120,14761
GCTATACGTCTCGGAC-1,1,52,88,14867,14904
GAGCCAGCTACCTGTG-1,1,53,89,15118,15050
TGCTAAGTGTCTATTT-1,1,52,90,14865,15193
GTCCTACGAATAGTCT-1,1,53,91,15117,15339
CAGTGTCGGCTGGCCC-1,1,52,92,14864,15483
CTATCGACGAAATACA-1,1,53,93,15115,15629
CATCATTACCCTGAGG-1,1,52,94,14862,15772
TAAGTTGCGACGTAGG-1,1,53,95,15113,15918
AGTGCACGCTTAAGAA-1,1,52,96,14861,16062
TGTGCCGGTGCCGGAA-1,1,53,97,15112,16208
AGGAGGCCTTCGCGCG-1,1,52,98,14859,16351
TCCGCGGCCCAATGAA-1,1,53,99,15110,16497
TCCGTTAAGCTAATAT-1,1,52,100,14858,16641
AAATCTAGCCCTGCTA-1,1,53,101,15109,16787
CGCAGGCGATCCAAAC-1,1,52,102,14856,16930
CCATATGGAAACTATA-1,1,53,103,15107,17076
CACCGTATCCCATCCG-1,1,52,104,14855,17219
GGTCAAGACTACTTCG-1,1,53,105,15106,17365
CCCGTTTCGCAGATGT-1,1,52,106,14853,17509
GTTATAATACGGTGAA-1,1,53,107,15104,17655
ACTTGTGGATGGAACG-1,1,52,108,14851,17798
GTTCGCTGAGACGTCT-1,1,53,109,15102,17944
GACACTGGAACCCGAT-1,1,52,110,14850,18088
CCCAGGTCTGAAGGCT-1,1,53,111,15101,18234
TCTCGAGGAGGTTCGC-1,1,52,112,14848,18377
ACTATCTGCCCGCGTA-1,1,53,113,15099,18523
CCTAAATTGTATCCTA-1,1,52,114,14847,18667
AGAAATTATGACTCGC-1,1,53,115,15098,18813
TCCAGCGCTATAAGCG-1,1,52,116,14845,18956
TCGTGTATTGGTCACG-1,1,53,117,15096,19102
CCACATACTGCACCCA-1,1,52,118,14844,19245
GTTGCGGACGGTCAGG-1,1,53,119,15095,19392
GTATTTAATGGCATAA-1,0,52,120,14842,19535
GTCGATAGGTGACTTT-1,0,53,121,15093,19681
AATAATCTTCGTATCG-1,0,52,122,14840,19824
ATTGTTCAACGATCCG-1,0,53,123,15091,19970
GTGCAGCGTAGAGTAG-1,0,52,124,14839,20114
TGTGGTAGGGTGCCTT-1,0,53,125,15090,20260
TGTGGACTATCTACGT-1,0,52,126,14837,20403
GGCGGGCTCTAAGAGT-1,0,53,127,15088,20549
TGTGCCAGAGGCAAAG-1,1,54,0,15440,2172
TGGCTTATGTATAATG-1,1,55,1,15691,2318
GCAAGCTGGAAACCGC-1,1,54,2,15438,2461
GATATCAAGCAGGAGC-1,1,55,3,15689,2607
CACCAATCATCCGTCT-1,1,54,4,15436,2751
CCACATGGCTCTTTAT-1,1,55,5,15687,2897
GTCCTACTCTACGGGC-1,1,54,6,15435,3040
CTCGAGACATACGATA-1,1,55,7,15686,3186
TATCAGTGGCGTAGTC-1,1,54,8,15433,3329
TGACAGGACAAGTCCA-1,1,55,9,15684,3476
TATTAACACCAAAGCA-1,1,54,10,15432,3619
TAGGCGATGAGGTCTC-1,1,55,11,15683,3765
CCGCCGGAACTTCTCG-1,1,54,12,15430,3908
GCCATTAGCCTCAAAC-1,1,55,13,15681,4054
GTTAGGCTACCCGTTT-1,1,54,14,15429,4198
GGGTATTCTAGCAAAC-1,1,55,15,15680,4344
GCCCTAGCCGTCGCGA-1,1,54,16,15427,4487
CAGATCCTGGTTTGAA-1,1,55,17,15678,4633
CTTCAGTGGTCGCCTA-1,1,54,18,15425,4777
GGGCAACCGCACGTGC-1,1,55,19,15677,4923
GACCCAATTATGATAC-1,1,54,20,15424,5066
GAAGCTCGGACCCGTC-1,1,55,21,15675,5212
CGTCGGGTCTAAGCGC-1,1,54,22,15422,5355
GAGGCCCGACTCCGCA-1,1,55,23,15673,5502
TTGCCATAGCCCGCTC-1,1,54,24,15421,5645
TAACATACACGCGATC-1,1,55,25,15672,5791
CCGACGGGCATGAGGT-1,1,54,26,15419,5934
AATGTGCCCGAGGTGT-1,1,55,27,15670,6080
AGCTGTAACCTCAATC-1,1,54,28,15418,6224
CGAGTGAAGGTACCAG-1,1,55,29,15669,6370
AGTCTCACAAGACTAC-1,1,54,30,15416,6513
AAATTGATAGTCCTTT-1,1,55,31,15667,6659
TAAGTCGCCGAGTATC-1,1,54,32,15415,6803
GCGGAGAAACTTCGCA-1,1,55,33,15666,6949
GGCAAAGGCGCCAATA-1,1,54,34,15413,7092
ATTTCCGGGTTCTGCG-1,1,55,35,15664,7238
TAAACCCAGGAGGGCA-1,1,54,36,15411,7382
TTCGGGCGCTAGTCTT-1,1,55,37,15662,7528
GTGGAGTCGGCGGTTG-1,1,54,38,15410,7671
GCACGCCTACTTAGAT-1,1,55,39,15661,7817
CAATATTCTTGACCTA-1,1,54,40,15408,7960
CGTTTGTGTAGAGGGT-1,1,55,41,15659,8106
CATAGCGTTGCCCACC-1,1,54,42,15407,8250
TGATACATTTAGCCGT-1,1,55,43,15658,8396
TTCCGGCCTTGAGGCT-1,1,54,44,15405,8539
CCTATACCGTCCTGTC-1,1,55,45,15656,8685
TCGTTGCTATCCGGTC-1,1,54,46,15404,8829
TGGCGACTGCTCCAAA-1,1,55,47,15655,8975
CAGAGGCGATGCATGA-1,1,54,48,15402,9118
TCACAGGAGAATAAGA-1,1,55,49,15653,9264
GGGTTAACATTTGAGT-1,1,54,50,15400,9408
GCGGGCGAGCCTTACC-1,1,55,51,15651,9554
TGCCAATGGGTACTCT-1,1,54,52,15399,9697
AGGGACTCTACGCGAC-1,1,55,53,15650,9843
GACGCCGTAAAGGCTA-1,1,54,54,15397,9986
AAAGGCTCTCGCGCCG-1,1,55,55,15648,10132
CTGGCTGGTTGTCAGT-1,1,54,56,15396,10276
ACATCCCGGCCATACG-1,1,55,57,15647,10422
CTCTTGTCCCGCTTGG-1,1,54,58,15394,10565
TACGCCTCCATTCCGA-1,1,55,59,15645,10711
CGGAGCAATTTAATCG-1,1,54,60,15393,10855
AACTAGGCTTGGGTGT-1,1,55,61,15644,11001
GCGTCGCCAGGGTGAT-1,1,54,62,15391,11144
GTTGGTCATGCTATCC-1,1,55,63,15642,11290
GCTGGCGGCGCATGCT-1,1,54,64,15389,11434
TGAGCGGAAAGTGTTC-1,1,55,65,15640,11580
CTTTCTGTGCGGGCTT-1,1,54,66,15388,11723
ATCTAATATCCTACGG-1,1,55,67,15639,11869
AACCTTTAAATACGGT-1,1,54,68,15386,12012
TTCACTCGAGCACCTA-1,1,55,69,15637,12158
CTGCACTCCAGTACAG-1,1,54,70,15385,12302
CCATTTCTACCTATTA-1,1,55,71,15636,12448
CAAGCGGCACATAATT-1,1,54,72,15383,12591
GTTAACATCACTTAAA-1,1,55,73,15634,12737
ATATAAATGTAGCTGC-1,1,54,74,15382,12881
GCCTCTATACATAGCA-1,1,55,75,15633,13027
GTGTCGTATAGCGTTC-1,1,54,76,15380,13170
ATACGTACTTAGCCAC-1,1,55,77,15631,13316
GCTATCATACTCATGG-1,1,54,78,15378,13460
TATCCAATTGGTTATC-1,1,55,79,15630,13606
TCTCCCTGGGCAGCGT-1,1,54,80,15377,13749
CCTATAATGAGTGCCC-1,1,55,81,15628,13895
CAATGCGAGAAGTATC-1,1,54,82,15375,14038
TACCAATAAAGTACCA-1,1,55,83,15626,14184
GCTAGGCACCACGGAG-1,1,54,84,15374,14328
GGTGGACTGCTCTGGC-1,1,55,85,15625,14474
TATTCCGAGCTGTTAT-1,1,54,86,15372,14617
TTGAGAAGTTTAGCAT-1,1,55,87,15623,14763
GTCCGGACCTGAAATT-1,1,54,88,15371,14907
CTGTGGTCGGGAGATA-1,1,55,89,15622,15053
CATGTAAGAGACATTT-1,1,54,90,15369,15196
CACGTTTCGTACACAC-1,1,55,91,15620,15342
CATCCTCTCAAAGATC-1,1,54,92,15368,15486
GATTAACCGAAAGCCC-1,1,55,93,15619,15632
AACGCTGTTGCTGAAA-1,1,54,94,15366,15775
TTCAGCTGGCGTGCCC-1,1,55,95,15617,15921
TAGAGGTTCTACTTGT-1,1,54,96,15364,16064
GTATCAAACGTTAGCT-1,1,55,97,15615,16210
AATCATGTAAAGACTC-1,1,54,98,15363,16354
AGTCACTAGCTCTCGA-1,1,55,99,15614,16500
GCGAAACGATCGGGAG-1,1,54,100,15361,16643
CATGGATTGTCTTCCG-1,1,55,101,15612,16789
ATTGGATTACAGCGTA-1,1,54,102,15360,16933
CACACACGCTAACGAG-1,1,55,103,15611,17079
CTATGGGAAGCGGAAT-1,1,54,104,15358,17222
TGCCTAATTGAAGATT-1,1,55,105,15609,17368
TGGCAATGGGACGGCG-1,1,54,106,15357,17512
ACCTCCGCCCTCGCTG-1,1,55,107,15608,17658
CGGCAATAAGATCGCC-1,1,54,108,15355,17801
CCTTGACCACTTTATT-1,1,55,109,15606,17947
TCATTTAGAAGTGTGA-1,1,54,110,15353,18090
CAGAATAACACACGGA-1,1,55,111,15604,18237
TCTGAGCAATTGACTG-1,1,54,112,15352,18380
CAACGTGGTGGAGTCT-1,1,55,113,15603,18526
CACAGTTCGCTTCCCA-1,1,54,114,15350,18669
TCTCTCGCCGCACATA-1,1,55,115,15601,18815
TGGGCAGGCCACCGCA-1,1,54,116,15349,18959
CTCCTGTTCAAGGCAG-1,1,55,117,15600,19105
TATTTGATTTGCACAG-1,1,54,118,15347,19248
GCCACTCCTTACGGTA-1,1,55,119,15598,19394
ACCGATATTTAATCAT-1,0,54,120,15346,19538
TTATTATCTGGAAGGC-1,0,55,121,15597,19684
TACATGCCGGAATTGT-1,0,54,122,15344,19827
GGCACTCAGCCGACCC-1,0,55,123,15595,19973
AAACCGGAAATGTTAA-1,0,54,124,15342,20116
AGACAGGCATCTCAGC-1,0,55,125,15593,20263
GTGGTGATGGTTTGTG-1,0,54,126,15341,20406
CCGATATGACGTAAGG-1,0,55,127,15592,20552
CATACACAAAGTCAGC-1,1,56,0,15943,2174
TGCCGTTCTTAATCGG-1,1,57,1,16194,2321
TCGAGTCTACGATTCG-1,1,56,2,15942,2464
ACTTCCAGTGGAAGCT-1,1,57,3,16193,2610
CAATTGGGCCGCACTC-1,1,56,4,15940,2753
AAATCGCGGAAGGAGT-1,1,57,5,16191,2899
ATATCAATTCCAGCCT-1,1,56,6,15939,3043
CTTTGTCGAATGCTCC-1,1,57,7,16190,3189
TGAGGCATGTACTGTG-1,1,56,8,15937,3332
TTCGCCGCTCGCGCTA-1,1,57,9,16188,3478
GACTCCTTCCAATTGA-1,1,56,10,15935,3622
ACCGAAGAGTCTGGTT-1,1,57,11,16186,3768
TGGCATGAAGTTTGGG-1,1,56,12,15934,3911
ACGAGGTTTACAACGT-1,1,57,13,16185,4057
AACCCATCCCATGATC-1,1,56,14,15932,4200
TCGACAACTGAACCCG-1,1,57,15,16183,4347
TATCTTGCAATACAAC-1,1,56,16,15931,4490
TATTATGTTTGCCTGC-1,1,57,17,16182,4636
GTCAAAGAAGTGGTGT-1,1,56,18,15929,4779
GGGACAGAGTTACTCC-1,1,57,19,16180,4925
AGCAACCGAAAGTAAT-1,1,56,20,15928,5069
CTCTCTAACTGCCTAG-1,1,57,21,16179,5215
ATACGGAACGTCGTTT-1,1,56,22,15926,5358
TCGGTCCCGACAATAG-1,1,57,23,16177,5504
CGCGCAAATGTCCAGA-1,1,56,24,15924,5648
TCTAATACTGCCTCAG-1,1,57,25,16175,5794
CTCGGTTGTCGGCCCT-1,1,56,26,15923,5937
GGTAACCGGGAGGATA-1,1,57,27,16174,6083
CAGGCGCACGGTGGTC-1,1,56,28,15921,6227
TCATCGATGGTCCCAA-1,1,57,29,16172,6373
CAAAGATTATTGGGCC-1,1,56,30,15920,6516
ACAATGAATACGGAGA-1,1,57,31,16171,6662
GCTCCTGACATACTGG-1,1,56,32,15918,6805
GATGACAAGTAGGGCA-1,1,57,33,16169,6951
TACGCCGAGGGTACCC-1,1,56,34,15917,7095
AAGCGTCCCTCATCGA-1,1,57,35,16168,7241
CACTCCTATGTAAGAT-1,1,56,36,15915,7384
TCGAGCCAGGCAGGCC-1,1,57,37,16166,7530
TCGTCAAGTACGCGCA-1,1,56,38,15913,7674
CCCGTAGCTGGGAAGA-1,1,57,39,16164,7820
ACCCTATGCCATATCG-1,1,56,40,15912,7963
GTGGTATAGTCTGCCG-1,1,57,41,16163,8109
CCGGTTTGTAATTGTG-1,1,56,42,15910,8253
GTCGCCGTTGTGTGTT-1,1,57,43,16161,8399
TACTGAACAGATTTAG-1,1,56,44,15909,8542
TATTAACCTGACCGCG-1,1,57,45,16160,8688
CTGTAGCCATCTCACT-1,1,56,46,15907,8831
TACTATGGTTCCTCAG-1,1,57,47,16158,8977
GAGTCAGACCAGAATC-1,1,56,48,15906,9121
TAAGGCATAACATCAA-1,1,57,49,16157,9267
CTTCCGCTCCGTGAAG-1,1,56,50,15904,9410
GGGCTATGATCGATGG-1,1,57,51,16155,9556
GGTCGGTCGTCCACAG-1,1,56,52,15902,9700
GGGACCCGTATATCTT-1,1,57,53,16153,9846
GAAAGCAGTGCACTTT-1,1,56,54,15901,9989
AGCGCATAATGAATCG-1,1,57,55,16152,10135
GCTGCTAAGTAGTCGA-1,1,56,56,15899,10279
AATAGTCCGTCCCGAC-1,1,57,57,16150,10425
AGCAGCCAGATGAATA-1,1,56,58,15898,10568
CCTCGCGCTGTGCGAT-1,1,57,59,16149,10714
TTGTGTATGCCACCAA-1,1,56,60,15896,10857
TGCTCGGCGAAACCCA-1,1,57,61,16147,11003
CGATTAAATATCTCCT-1,1,56,62,15895,11147
TGCCGTGGATCGTCCT-1,1,57,63,16146,11293
GTGGACGCATTTGTCC-1,1,56,64,15893,11436
ACCCGGAAACTCCCAG-1,1,57,65,16144,11582
CCGCATGTGGTACGAT-1,1,56,66,15892,11726
GCAAACCTTGGCCATA-1,1,57,67,16143,11872
ATTCACTGATGTTGGA-1,1,56,68,15890,12015
ACTCCCTAATGCTAAA-1,1,57,69,16141,12161
TCCTAAATTGGGAAGC-1,1,56,70,15888,12305
GAACAGATTACTAAAT-1,1,57,71,16139,12451
ATACAGGCCCTCCAAT-1,1,56,72,15887,12594
CGATTCGCCTGGCTGC-1,1,57,73,16138,12740
TCCGCCTGTCTACAAG-1,1,56,74,15885,12883
CACATCTCACCGACGA-1,1,57,75,16136,13029
CGTCGTCCTTCGCGAA-1,1,56,76,15884,13173
CGTTGAATACCGCGCT-1,1,57,77,16135,13319
ACCAATATGCAAGTTA-1,1,56,78,15882,13462
ACGGATGGTGCGGATA-1,1,57,79,16133,13608
CACCCTAACAAGATCT-1,1,56,80,15881,13752
AAGCTCTTTCATGGTG-1,1,57,81,16132,13898
CATGGGTATGCCTTAT-1,1,56,82,15879,14041
GCGCGTCATTGGTACA-1,1,57,83,16130,14187
TCTGAAGCACGTGGTC-1,1,56,84,15877,14331
AAGTTCACTCCAAGCT-1,1,57,85,16128,14477
TTGGACCTATAACAGT-1,1,56,86,15876,14620
ATCAGCCTCATGCTGC-1,1,57,87,16127,14766
AGTACTCTTATGCCCA-1,1,56,88,15874,14909
GCGCTTAAATAATTGG-1,1,57,89,16125,15056
TTGTGAACCTAATCCG-1,1,56,90,15873,15199
AGTCGTCGACCACCAA-1,1,57,91,16124,15345
TCCTTTAAATCCGCTT-1,1,56,92,15871,15488
ACTGAAACGCCGTTAG-1,1,57,93,16122,15634
GCACACACTGGTAGCC-1,1,56,94,15870,15778
TAAGGGCCTGTCCGAT-1,1,57,95,16121,15924
GCTAGAGTAGAGATGT-1,1,56,96,15868,16067
CACAGGGCCATATAGT-1,1,57,97,16119,16213
CCATGCCCTAGATTTC-1,1,56,98,15866,16357
TCGCGTAGCAGTGTCC-1,1,57,99,16117,16503
GACGAGGCTAATAAAC-1,1,56,100,15865,16646
CTACACTCGCAGATGG-1,1,57,101,16116,16792
ACGCATACGTTTACTA-1,1,56,102,15863,16935
GGAGCAACATTTCAAG-1,1,57,103,16114,17082
CGAGAGGGTAGCCGCG-1,1,56,104,15862,17225
TCGTGTTCGACCACAA-1,1,57,105,16113,17371
TCTACCCAATAGAGAG-1,1,56,106,15860,17514
ATAAACGTTGCACCAC-1,1,57,107,16111,17660
TCAACTGCAGAGTCAG-1,1,56,108,15859,17804
AGCTCCATATATGTTC-1,1,57,109,16110,17950
GTAACATCTAAGATAA-1,1,56,110,15857,18093
CCGACAATAGGCCGCC-1,1,57,111,16108,18239
ATGCTTAGGAGTTGAT-1,1,56,112,15855,18383
AACCCGAGCAGAATCG-1,1,57,113,16106,18529
CGGGTTTGTTAGGGCT-1,1,56,114,15854,18672
AGGCACGTGACTGTCC-1,1,57,115,16105,18818
GACAAGAGATGAGATT-1,1,56,116,15852,18961
AGCCCTTGGACATCCC-1,1,57,117,16103,19108
GCAGTTCGATCCGAGC-1,1,56,118,15851,19251
TCGAGGGCAACAGACG-1,1,57,119,16102,19397
ACTTTGTCGACGCACT-1,1,56,120,15849,19540
GAGTATCAAAGTTACA-1,0,57,121,16100,19686
CCAGGCTGGCGTCTGA-1,0,56,122,15848,19830
GGACTCTTCCGGTTGA-1,0,57,123,16099,19976
TCCCAGCACACGACAT-1,0,56,124,15846,20119
GCTCCATGAGTGCAGA-1,0,57,125,16097,20265
GCAGTGCGGGCGGATG-1,0,56,126,15844,20409
GCGTTCTGACTAAGCG-1,0,57,127,16096,20555
ATTTGGAGATTGCGGT-1,1,58,0,16447,2177
AAGGGTTTGATTTCAG-1,0,59,1,16698,2323
CCGGCCGCGAGCATAT-1,1,58,2,16445,2467
GAGTTCTGTGGGTGCT-1,1,59,3,16696,2613
AAACGAAGATGGAGTA-1,1,58,4,16444,2756
AATTACGAGACCCATC-1,1,59,5,16695,2902
CCTTTGAATTATGGCT-1,1,58,6,16442,3045
CATGGTATTAGTTTGT-1,1,59,7,16693,3192
AACGAAAGTCGTCCCA-1,1,58,8,16441,3335
ACATAAGTCGTGGTGA-1,1,59,9,16692,3481
GCACAACCTCGGGCGT-1,1,58,10,16439,3624
ATGCACGCGCTGTTCA-1,1,59,11,16690,3770
CGATGTTGTTATCTAC-1,1,58,12,16437,3914
GTCTCCTGCCAGTATG-1,1,59,13,16688,4060
GATGCCTTCTGCGGCA-1,1,58,14,16436,4203
ACCGGTCAGGTACACC-1,1,59,15,16687,4349
GTGGAGCGTTTACCGA-1,1,58,16,16434,4493
AGGCGGTTTGTCCCGC-1,1,59,17,16685,4639
TCCCTGGCGTATTAAC-1,1,58,18,16433,4782
AAACACCAATAACTGC-1,1,59,19,16684,4928
TGGACGCAATCCAGCC-1,1,58,20,16431,5072
GGAACCTTGACTCTGC-1,1,59,21,16682,5218
GTATCTCAGTCTTGAC-1,1,58,22,16430,5361
GCTGAATCTTCCAATC-1,1,59,23,16681,5507
AGATGCAAGACGTGCA-1,1,58,24,16428,5650
TTAAGGCCCGTACTTT-1,1,59,25,16679,5796
AGTATGCTGGAGACCA-1,1,58,26,16426,5940
GCGGCAAAGTATTGCC-1,1,59,27,16677,6086
GCGCAAATATATTCAA-1,1,58,28,16425,6229
GAAGAAACGATATTGT-1,1,59,29,16676,6375
GGACCTCTAGGCCGCC-1,1,58,30,16423,6519
AACAGCTGTGTGGCAA-1,1,59,31,16674,6665
TCGAATATCCCGCAGG-1,1,58,32,16422,6808
GCGACCCAACCATCTG-1,1,59,33,16673,6954
AGAGAAGGAGTACAAT-1,1,58,34,16420,7098
GGCTCCTCCACCTGTT-1,1,59,35,16671,7244
TCAGTGTATACGTCAT-1,1,58,36,16419,7387
ATTATTATGTCCGTCA-1,1,59,37,16670,7533
TTAGGTCATAACCGAC-1,1,58,38,16417,7676
AAGATGGCACCGGACC-1,1,59,39,16668,7822
CTACAAGAAATAACCC-1,1,58,40,16415,7966
ACTATTTCCGGGCCCA-1,1,59,41,16667,8112
TTGTTTCACATCCAGG-1,1,58,42,16414,8255
CGCTGTGTGGATGTTG-1,1,59,43,16665,8401
TCAACATAGCGCCCTA-1,1,58,44,16412,8545
GGCCGTTTGGGTTTCA-1,1,59,45,16663,8691
TACTCTTTCGTCTTCA-1,1,58,46,16411,8834
TTCGCGCGCCATACGA-1,1,59,47,16662,8980
CGGAAAGAATCAAACG-1,1,58,48,16409,9124
AGGCAGGGAGCGTACT-1,1,59,49,16660,9270
CCTTTAAGGGAGCACT-1,1,58,50,16408,9413
CGCCCAGCACGCCTAG-1,1,59,51,16659,9559
AGTATTTGGCACGACC-1,1,58,52,16406,9702
TATCCGCACCGTCGGG-1,1,59,53,16657,9848
ACCCGTGTCATCAGTA-1,1,58,54,16405,9992
CAACTGCTCATCCGAT-1,1,59,55,16656,10138
CCGGAGCGTACTTTCT-1,1,58,56,16403,10281
TACCGTAGGTTAACTA-1,1,59,57,16654,10427
TGAGGAGTGCCAGCTT-1,1,58,58,16401,10571
CCAGTCTTGTCATAGA-1,1,59,59,16652,10717
GGGCAGAGCAATCGTT-1,1,58,60,16400,10860
TACCAAATAGCCCAGA-1,1,59,61,16651,11006
TACCTACTCCCAGTAT-1,1,58,62,16398,11150
TGTGAGACTAGCCCAA-1,1,59,63,16649,11296
ATACCTAACCAAGAAA-1,1,58,64,16397,11439
GTCGGGAAGCAGAAAC-1,1,59,65,16648,11585
AATTAACGGATTTCCA-1,1,58,66,16395,11728
GAACCCTCTGTGTTCT-1,1,59,67,16646,11874
ATATAAAGCGCTCGTG-1,1,58,68,16394,12018
CCTGGTCGAATGTGGG-1,1,59,69,16645,12164
CTAGGTTCGGACGTGA-1,1,58,70,16392,12307
TCGGGAGACAGCGTAC-1,1,59,71,16643,12453
CATAAGAAGCTTGGCT-1,1,58,72,16390,12597
AAGCACCCTGCGTATC-1,1,59,73,16641,12743
AGTTTGCACCTGCCTC-1,1,58,74,16389,12886
GACTGCAAATCGAGCT-1,1,59,75,16640,13032
GTGTATATCAGCGGGC-1,1,58,76,16387,13176
CTTCAACTCCACTTGG-1,1,59,77,16638,13322
ACTTACGCATCCACGC-1,1,58,78,16386,13465
CATGAGATGCACTCTC-1,1,59,79,16637,13611
GAGCACCTGTGTCCAG-1,1,58,80,16384,13754
CGCGACCGCGACAGAT-1,1,59,81,16635,13901
GTCCCGCGACGTTATG-1,1,58,82,16383,14044
GCAGTGTGGCTATAGG-1,1,59,83,16634,14190
ATACTGCCTTACACCG-1,1,58,84,16381,14333
TACAGAAACGGTGGGC-1,1,59,85,16632,14479
GGCGCGGAGATCTTTC-1,1,58,86,16379,14623
CGTTAATGTCCCGACG-1,1,59,87,16630,14769
GCTAACTGAAGTCTGA-1,1,58,88,16378,14912
AGTGATAACCTGCGCG-1,1,59,89,16629,15058
TATGATCTTCTCTTTA-1,1,58,90,16376,15202
TGTACCTACACGAGGG-1,1,59,91,16627,15348
ATATCGTTCCTCGAAC-1,1,58,92,16375,15491
CGGCGCCATCAATCCC-1,1,59,93,16626,15637
CCTGTTTGAAGACACG-1,1,58,94,16373,15780
GCCACTCAGAGCGCGA-1,1,59,95,16624,15927
TCGGCTTGTATCGACG-1,1,58,96,16372,16070
TAGATGGTTCCTTACT-1,1,59,97,16623,16216
ATCGTTAGCTAGCGGA-1,1,58,98,16370,16359
ACAGCGACATTCTCAT-1,1,59,99,16621,16505
ATTCAACCATTTAAGG-1,1,58,100,16368,16649
CACTCTTCTGCTAGCC-1,1,59,101,16619,16795
CTAACTGATAATCGCC-1,1,58,102,16367,16938
TGATGTCAATTAAGTG-1,1,59,103,16618,17084
CGCCGTTCAGCATAGT-1,1,58,104,16365,17228
ATACTACCCGTACCAC-1,1,59,105,16616,17374
CCACTGTTTGGATTAA-1,1,58,106,16364,17517
CACTACGGGAGCTGCC-1,1,59,107,16615,17663
GACCAAACGTTGACTG-1,1,58,108,16362,17806
AAGAGGCCCTTTGGAA-1,1,59,109,16613,17953
ACACGTAGGCCACAAG-1,1,58,110,16361,18096
TACTCTTACTTTACTG-1,1,59,111,16612,18242
AGAGCCGCCGAGATTT-1,1,58,112,16359,18385
GGCCTGCTTCTCCCGA-1,1,59,113,16610,18531
TCAAGCGCGGACGGTA-1,1,58,114,16358,18675
ACACTGGGACAGTCGT-1,1,59,115,16609,18821
TGTGTAGTAGCACGTG-1,1,58,116,16356,18964
CTAGCCACAGGCGAGC-1,0,59,117,16607,19110
CTATCGCGTAGAGAAC-1,1,58,118,16354,19254
GTTCCCGTAAACATAT-1,0,59,119,16605,19400
TCTTTCCTTCGAGATA-1,0,58,120,16353,19543
ATATTGGAGAGGCCTT-1,0,59,121,16604,19689
AGGCGATAACTGGCGT-1,0,58,122,16351,19832
ACCCGGAGCACCACAA-1,0,59,123,16602,19979
TGAGCTCAACTGTATA-1,0,58,124,16350,20122
ACGACCCATGAGTTGC-1,0,59,125,16601,20268
CGGTCAGTCCATATTT-1,0,58,126,16348,20411
TCCGGCTGTCGGGTCG-1,0,59,127,16599,20557
ATTCCCGAAGGTACAG-1,0,60,0,16950,2180
CTAACAGCACAATAAC-1,0,61,1,17201,2326
TTGTGCGGAAGCGGAT-1,0,60,2,16949,2469
GGGCACTATTGACCAT-1,0,61,3,17200,2615
CCATAGAGGCTGCCAG-1,1,60,4,16947,2759
CCGAAGCATTGACCAA-1,0,61,5,17198,2905
TACTGAGGGAAGAAAG-1,1,60,6,16946,3048
TATGTAGAAACCCGGC-1,0,61,7,17197,3194
TGGTTAACTTACATTT-1,1,60,8,16944,3338
AGAACCCTCAATTGGG-1,0,61,9,17195,3484
CCTATATCGTGTCACG-1,1,60,10,16943,3627
ACGGCTGGATGTAGAA-1,0,61,11,17194,3773
CTCGCATTGCATAGCC-1,1,60,12,16941,3917
ACTTTGGTCGTGCTCC-1,0,61,13,17192,4063
GCTGGTTTAGGCCATA-1,1,60,14,16939,4206
TGTCGTTATCACATAT-1,1,61,15,17190,4352
ACACATGATCAAATCT-1,1,60,16,16938,4495
TATCCATCTCGGTTAG-1,1,61,17,17189,4641
CTCGTCGAGGGCTCAT-1,1,60,18,16936,4785
ATCAATGCCGTGGCTG-1,1,61,19,17187,4931
GAAACATAGGAAACAG-1,1,60,20,16935,5074
TAATAGGTCACCAGAA-1,1,61,21,17186,5220
CACCAGTCAGCATGCA-1,1,60,22,16933,5364
GAGCGCTGTTAGGTAA-1,1,61,23,17184,5510
CCCTATGTAGAGCAGA-1,1,60,24,16932,5653
GATCGCTATATCTCAG-1,1,61,25,17183,5799
AAGGGACTATGCATTC-1,1,60,26,16930,5943
CTCGGGTTCTCTGGCC-1,1,61,27,17181,6089
TATATATCGAGAAATG-1,1,60,28,16928,6232
ACCCGAGCGAAATTAC-1,1,61,29,17180,6378
TTGTTTCATTAGTCTA-1,1,60,30,16927,6521
ATGGGACCTGCTGAAC-1,1,61,31,17178,6667
TGCGACGGCCGAACGT-1,1,60,32,16925,6811
AGCTAACAAGCAATGT-1,1,61,33,17176,6957
CGTGTCTCGTTACGAC-1,1,60,34,16924,7100
CTAAATCCGGTGTACA-1,1,61,35,17175,7246
GAATAGTGCTCGATTA-1,1,60,36,16922,7390
AACAATACATTGTCGA-1,1,61,37,17173,7536
CACATCGTGCACGCGC-1,1,60,38,16921,7679
ACCGTGACCACGTGGG-1,1,61,39,17172,7825
CCCAATGAGATTTGCA-1,1,60,40,16919,7969
TCAGCAGTAGGCCCTG-1,1,61,41,17170,8115
CTACTCAAGGTATAGT-1,1,60,42,16918,8258
TAGTAGCTTATACCAG-1,1,61,43,17169,8404
ACGTTCGTTCAGGAAA-1,1,60,44,16916,8547
TTAGAATAAGGGTCGG-1,1,61,45,17167,8693
TTCTAGAAAGTCTTAT-1,1,60,46,16914,8837
CCTTCAGTTAAAGTGA-1,1,61,47,17165,8983
TAGCTAGTGATGATGG-1,1,60,48,16913,9126
AGCCCGGTAGCCTGTA-1,1,61,49,17164,9272
TACCTCAGTTGTCTGT-1,1,60,50,16911,9416
GACGGGTTGGCCCGTA-1,1,61,51,17162,9562
GAAACCTATACAAATG-1,1,60,52,16910,9705
TCCACCTCTAGCCTTT-1,1,61,53,17161,9851
AAGACCCAACTGAACA-1,1,60,54,16908,9995
CATACACGGTTCCCAC-1,1,61,55,17159,10141
ACTACGCGTTAGAATT-1,1,60,56,16907,10284
CTTGGCCAAGCTGGGA-1,1,61,57,17158,10430
TTACCCTAGGGATTGG-1,1,60,58,16905,10573
TTCGCACTGTACGACA-1,1,61,59,17156,10719
TAGGTGTTCCACAGAT-1,1,60,60,16903,10863
GAAGCCTGCACATTCC-1,1,61,61,17154,11009
GGCTTTCAATAAGGGT-1,1,60,62,16902,11152
TCCAGGGTATATACGA-1,1,61,63,17153,11298
CTCGCCGAATGTAGGG-1,1,60,64,16900,11442
AGGAAGCTGTCCGCCG-1,1,61,65,17151,11588
GTCTCAAGGCCCGGCT-1,1,60,66,16899,11731
ACCGACACATCTCCCA-1,1,61,67,17150,11877
TATACGCGTCATCACT-1,1,60,68,16897,12021
ATCTGGGCTGTTCTTG-1,1,61,69,17148,12167
TCAAATTTGAGACTCA-1,1,60,70,16896,12310
GTTAAGGGTGCGATGT-1,1,61,71,17147,12456
AGCAAAGGCCGCTAGT-1,1,60,72,16894,12599
TTATAGGTAATTGTCT-1,1,61,73,17145,12746
TTGTGCAGCCACGTCA-1,1,60,74,16892,12889
ACGGACTCTCAAAGCG-1,1,61,75,17143,13035
ATGCTCTGGCGCGGTA-1,1,60,76,16891,13178
ATAATCTTGGAGAACC-1,1,61,77,17142,13324
CTCATTGCTCTAACAA-1,1,60,78,16889,13468
TAGGTGACGATAACCT-1,1,61,79,17140,13614
CGGATCCTCAAGGACT-1,1,60,80,16888,13757
GGGCGTGGTTTCCCAG-1,1,61,81,17139,13903
TGGCTATGTGACATAC-1,1,60,82,16886,14047
CTTAGTGTAGTAGCAT-1,1,61,83,17137,14193
GGATTGCTGTGACTCC-1,1,60,84,16885,14336
ACTTCCATGCGGGACA-1,1,61,85,17136,14482
ACTCAAGTGCAAGGCT-1,1,60,86,16883,14625
ACAAGGATGCTTTAGG-1,1,61,87,17134,14772
TTGAACGACGTGCTGA-1,1,60,88,16881,14915
ATTCATCGTTGAGGCA-1,1,61,89,17133,15061
TGCAACCCATCTGCGG-1,1,60,90,16880,15204
AGTGCTAAACACAGCA-1,1,61,91,17131,15350
AACTCCAGAGCGTGTT-1,1,60,92,16878,15494
TCTCCACAAGTTGAAT-1,1,61,93,17129,15640
CTTTGCATCGCTCTTG-1,1,60,94,16877,15783
TCACAAACCGAGGTAC-1,1,61,95,17128,15929
CCGTAGGAAATCCCTG-1,1,60,96,16875,16073
AAACATTTCCCGGATT-1,1,61,97,17126,16219
GCCTCCGACAATTCAC-1,1,60,98,16874,16362
TCTGCATACCTTGCTT-1,1,61,99,17125,16508
ACCCATTTGTCCCTCT-1,1,60,100,16872,16651
CTGCAGAGAATCAGAG-1,1,61,101,17123,16798
GGAAACTAAATGGGCC-1,1,60,102,16871,16941
CAACCTACCGAGCAGT-1,1,61,103,17122,17087
CCGTAGGGTTGTTTAC-1,1,60,104,16869,17230
GGTTTGTGACCTGAGG-1,1,61,105,17120,17376
TAACCTAGGGAGTCCA-1,1,60,106,16867,17520
TTCCATCGACAGCGTG-1,1,61,107,17118,17666
ATCTCCCACGGAATAT-1,1,60,108,16866,17809
GTTTCAAACGAGTTGT-1,0,61,109,17117,17955
GGAACTTTGGCGATTA-1,1,60,110,16864,18099
CTGCAAGCACGTTCCG-1,0,61,111,17115,18245
CACAGTCCCGCTTCGC-1,1,60,112,16863,18388
TACGCTCGGTATTGGA-1,0,61,113,17114,18534
CTGGTAAAGTGTGGGC-1,1,60,114,16861,18677
CAACCAGTGGCCTACC-1,0,61,115,17112,18824
TCTTCGCGGTGAGAGG-1,0,60,116,16860,18967
TTCGGGTTGCCACGGG-1,0,61,117,17111,19113
ACCGATAGGCATAACC-1,0,60,118,16858,19256
CTTATAGATGGCTGTT-1,0,61,119,17109,19402
AGACGCCCACTTCGCC-1,0,60,120,16856,19546
AGGTCGCCTCCCAACA-1,0,61,121,17107,19692
CCTCACGTCAGCTAAT-1,0,60,122,16855,19835
CCACCTGTATGGAATA-1,0,61,123,17106,19981
GGACTCGAAGCTTTCA-1,0,60,124,16853,20125
AAGCCGGAGAGCAGGA-1,0,61,125,17104,20271
GCCTATCAGGTAAGAT-1,0,60,126,16852,20414
TCAGAGTGTGAGCATG-1,0,61,127,17103,20560
AAACATGGTGAGAGGA-1,0,62,0,17454,2183
ATCATTGTACCGCATT-1,0,63,1,17705,2329
TCAGCTTGAGCTTTCG-1,0,62,2,17452,2472
CCGCGCAAGATACCCA-1,0,63,3,17703,2618
CTATACTTAAAGCGAG-1,0,62,4,17451,2762
ACCGTCCACTGGGCCC-1,0,63,5,17702,2908
AAGACCAAATAACTCA-1,0,62,6,17449,3051
TGTTTCTGAAGCGTGC-1,0,63,7,17700,3197
TTCTCTTACAGGTGAT-1,0,62,8,17448,3340
AATTCATTGTCATGCA-1,0,63,9,17699,3486
GCCCGAGAGTCTAAAT-1,0,62,10,17446,3630
ATATAGAGTATTGGTC-1,0,63,11,17697,3776
TTGAAGGATGGGCGCC-1,0,62,12,17445,3919
TAGTACCACAACTTTC-1,0,63,13,17696,4065
ATCCCATCCACAGCGC-1,0,62,14,17443,4209
CTTAGGTATAGACCAG-1,0,63,15,17694,4355
TGACTCCGAATCATAC-1,0,62,16,17442,4498
ACTACATCCCGACAAG-1,0,63,17,17693,4644
TTGCCGCAGACCTACA-1,1,62,18,17440,4788
TAAGAGGGACAGGGAC-1,0,63,19,17691,4934
CGAATGAAGTCATTGC-1,1,62,20,17438,5077
AAGGGAACGACTGGCT-1,0,63,21,17689,5223
CGAATCTGCTCGACGC-1,1,62,22,17437,5366
ATCGTGGAAAGTCTGG-1,0,63,23,17688,5512
CCTATGGCTCCTAGTG-1,1,62,24,17435,5656
CGTCGCTTGGTTATAC-1,0,63,25,17686,5802
TGCTTAGAGAGAATGC-1,1,62,26,17434,5945
GATTGCTCCAGTTGCA-1,0,63,27,17685,6091
CGTGCTTCTACCTAAA-1,1,62,28,17432,6235
ACTCCAATATCATCAT-1,1,63,29,17683,6381
GCCGACCCACGACTGC-1,1,62,30,17431,6524
GAGGGTAGTAACAAAG-1,1,63,31,17682,6670
GGCCGAGACTCTGGTG-1,1,62,32,17429,6814
TATATAGGGCTTTACG-1,1,63,33,17680,6960
TGCCGGATGTACGAGC-1,1,62,34,17427,7103
AGGTAGATCGAGATAT-1,1,63,35,17678,7249
GATCAACATAAAGGGA-1,1,62,36,17426,7392
TAACAGCGTTTGTGCT-1,1,63,37,17677,7538
CTATAGGCGTTGATGT-1,1,62,38,17424,7682
GGTTTAATTACCATCG-1,1,63,39,17675,7828
CTCTTCTGGAAGTTAG-1,1,62,40,17423,7971
ATCTGACATGGAAGGA-1,1,63,41,17674,8117
TACGTACTAGTGCTGA-1,1,62,42,17421,8261
ATGACTATCAGCTGTG-1,1,63,43,17672,8407
CTTTGGGATTGTTGCA-1,1,62,44,17420,8550
AGACTGTTACCGGGTC-1,1,63,45,17671,8696
TCCTAACCGTCGGGCA-1,1,62,46,17418,8840
ACGCAAACTAATAGAT-1,1,63,47,17669,8986
AAGTGAGTCGGGTTTA-1,1,62,48,17416,9129
TAAAGCGGTATTTCCA-1,1,63,49,17667,9275
CTCCTCCAGCTCACAC-1,1,62,50,17415,9418
CGGTCCGTCGCAAGCC-1,1,63,51,17666,9564
CCTATATTTGTCCTGG-1,1,62,52,17413,9708
TCCAATAAAGGCTACC-1,1,63,53,17664,9854
AAAGGCTACGGACCAT-1,1,62,54,17412,9997
CGTGACCAGTCCTCTG-1,1,63,55,17663,10143
GATCTGCTATCTAAGG-1,1,62,56,17410,10287
CGAATGACGCATAATG-1,1,63,57,17661,10433
GCTCAATGTAATACCG-1,1,62,58,17409,10576
CTATGCCCGAATGCAA-1,1,63,59,17660,10722
CACAGGGCCGTTGTCA-1,1,62,60,17407,10866
TCAATACGCCGTCATG-1,1,63,61,17658,11012
AGCGGACACTTCGTAG-1,1,62,62,17405,11155
ATACGTTATGCACGGA-1,1,63,63,17656,11301
GAGTAGATACTAGTTG-1,1,62,64,17404,11444
CCAGCTCGAACGCATT-1,1,63,65,17655,11591
TGCTTCCCAAGCAGTA-1,1,62,66,17402,11734
GTAGACACGCCTGACT-1,1,63,67,17653,11880
CTCACATTTACTAAAT-1,1,62,68,17401,12023
GAATGCGAATCGGTTC-1,1,63,69,17652,12169
TAAGGCCCGTCACCCT-1,1,62,70,17399,12313
GAGTATGCGCGTGCAT-1,1,63,71,17650,12459
ATCCACATCGACAGAA-1,1,62,72,17398,12602
TAGACGAAACGCCAAT-1,1,63,73,17649,12748
CAGCAGTCTGTGCTGC-1,1,62,74,17396,12892
CTCACTGTGATACTTA-1,1,63,75,17647,13038
TTAATTGCTTTGGGTG-1,1,62,76,17394,13181
GTAGTCTACGATATTG-1,1,63,77,17646,13327
TTGCCGCTTTCTAGTA-1,1,62,78,17393,13470
GAACCTTTAACGATCC-1,1,63,79,17644,13617
TGGACCAATCTAAGAT-1,1,62,80,17391,13760
CTAGTAGAAAGGGATT-1,1,63,81,17642,13906
AACCTCGCTTTAGCCC-1,1,62,82,17390,14049
GAGTGTCAACCAGAAA-1,1,63,83,17641,14195
GTGATCCTTGTCATGA-1,1,62,84,17388,14339
CTCAACTAACCCGGAT-1,1,63,85,17639,14485
AGTGGCGTCTGAAGGT-1,1,62,86,17387,14628
GGGAAGGGCTTTCTCA-1,0,63,87,17638,14774
AGGCCTGAGAATCTCG-1,1,62,88,17385,14918
AGCCACAGGTTACCCG-1,1,63,89,17636,15064
TGCAATCTAACACGGT-1,1,62,90,17384,15207
GTTTGGGTTTCGCCCG-1,1,63,91,17635,15353
CCTATGTCCACTCCAC-1,1,62,92,17382,15496
CTGCCTTTCTAGTAAA-1,0,63,93,17633,15643
TTAGTAAACCTGCTCT-1,1,62,94,17380,15786
TTGTGGTGGTACTAAG-1,0,63,95,17631,15932
CCTCCTGTTGTGTCGT-1,1,62,96,17379,16075
ACAAAGCATGACCTAG-1,0,63,97,17630,16221
ATAGCAACTAGGGAAG-1,1,62,98,17377,16365
CCGCTCTTCCGAACTA-1,0,63,99,17628,16511
TAGAATAGCCGATGAA-1,0,62,100,17376,16654
GGTCTCCGTCCAGGTT-1,0,63,101,17627,16800
TAATTACGTCAGTAGA-1,0,62,102,17374,16944
TACGTAAAGCGGAGTG-1,0,63,103,17625,17090
GCTACAATCGAGGATA-1,0,62,104,17373,17233
TCAGCCAATCCGTAAA-1,0,63,105,17624,17379
ATCATAGCCCTATGTA-1,0,62,106,17371,17522
GAGGCCTGTTGATACA-1,0,63,107,17622,17669
ATATACGCTCGTGACG-1,0,62,108,17369,17812
CCCTTTAATGGAGTTC-1,0,63,109,17620,17958
TTACACGATCTGCGAC-1,0,62,110,17368,18101
TCGCATAAAGGGCGCA-1,0,63,111,17619,18247
TGTAGCCATCCCATTC-1,0,62,112,17366,18391
GGGTCTATCGCTTTCC-1,0,63,113,17617,18537
GGAGGGTCAAGTAAGA-1,0,62,114,17365,18680
TACGGCATGGACGCTA-1,0,63,115,17616,18826
CACGTCAATCAATGGA-1,0,62,116,17363,18970
CGCTTGGACGGATAGA-1,0,63,117,17614,19116
CGCGGTACGGTATACA-1,0,62,118,17362,19259
CCTACTCAACACGATT-1,0,63,119,17613,19405
CGTTTGGTGTTGTGGG-1,0,62,120,17360,19548
GTTGTTGCAAGATGGC-1,0,63,121,17611,19695
CATTCGTCGTAGCGGT-1,0,62,122,17358,19838
CAGCCTCGATAGCGGT-1,0,63,123,17609,19984
TCATAAGTCCAAGAAG-1,0,62,124,17357,20127
AAAGTGCCATCAATTA-1,0,63,125,17608,20273
GTTGCAGTCGACAACA-1,0,62,126,17355,20417
TAAATGGGCTACTGAG-1,0,63,127,17606,20563
GGACAAGCCATGATCG-1,0,64,0,17958,2185
TCCAATGCGTCGCCGC-1,0,65,1,18209,2331
AAAGAATGACCTTAGA-1,0,64,2,17956,2475
CCTATTATTCCGGCCG-1,0,65,3,18207,2621
CAGTAAGGGACGTCTC-1,0,64,4,17955,2764
GGGATGGACCCGCGTC-1,0,65,5,18206,2910
GACGCATACCCGTCGG-1,0,64,6,17953,3054
GGGCAGGATTTCTGTG-1,0,65,7,18204,3200
TATCTGAGCCGATATT-1,0,64,8,17951,3343
AATGTATGGCACTGTA-1,0,65,9,18202,3489
GCCTTTGTCAGTGGAC-1,0,64,10,17950,3633
AACCATAGGGTTGAAC-1,0,65,11,18201,3779
AAACTTAATTGCACGC-1,0,64,12,17948,3922
TAGGCGGCTGCAAAGA-1,0,65,13,18199,4068
TCCATCAATACTAATC-1,0,64,14,17947,4211
ACCTCGAACTTATGCT-1,0,65,15,18198,4357
ACAAACCATGCGTCCT-1,0,64,16,17945,4501
ACACCGGTCTGACCGC-1,0,65,17,18196,4647
ATGGCAGCATTACGAT-1,0,64,18,17944,4790
CTGGTGAATGGGCCTA-1,0,65,19,18195,4936
CACAGAGACGAGGACG-1,0,64,20,17942,5080
GCACAAACCCTAGATG-1,0,65,21,18193,5226
ACTATGTCCAGCTGCC-1,0,64,22,17940,5369
AAGCCGCCGTGAAATC-1,0,65,23,18191,5515
ATGGGTGTATACCTCC-1,0,64,24,17939,5659
TAAGCGCGAATCAAAT-1,0,65,25,18190,5805
AGCCCGGCATTAGAGG-1,0,64,26,17937,5948
GTGATCAAGCGTGCAC-1,0,65,27,18188,6094
CTGCCTTTAATACCTT-1,0,64,28,17936,6237
TACCTCCACACCAATG-1,0,65,29,18187,6383
GAGCATCAACAACTTG-1,0,64,30,17934,6527
CATACGAACTAGCTGG-1,0,65,31,18185,6673
GGGAACGGTTTCAGAT-1,0,64,32,17933,6816
AGGGTGCCGTTCTTTA-1,0,65,33,18184,6962
ACGACTGGTCATACTC-1,0,64,34,17931,7106
GGATCTTACTGCCCTT-1,0,65,35,18182,7252
TACTCCTCTAGTTGAC-1,1,64,36,17929,7395
GTAGCTCCGGGAGGCT-1,0,65,37,18180,7541
GGACTCGTGAGTGGTC-1,1,64,38,17928,7685
GTAGTTCGAAGGCGAA-1,1,65,39,18179,7831
CTCAAACCACTGCCCG-1,1,64,40,17926,7974
GAGGGAGTCAGATCGC-1,1,65,41,18177,8120
GCGTCCCTAAGACATA-1,1,64,42,17925,8263
TCTCTTACCGCGAACC-1,1,65,43,18176,8410
GGCTACTATACACTCC-1,1,64,44,17923,8553
CGTTGCCCGCGTGGGA-1,1,65,45,18174,8699
TATAGAGTCGCTTGAA-1,1,64,46,17922,8842
ATGTTGTAGTCTGTTT-1,1,65,47,18173,8988
AGTATACACAGCGACA-1,1,64,48,17920,9132
TGTGGTTGCTAAAGCT-1,1,65,49,18171,9278
TGATTCCCGGTTACCT-1,1,64,50,17918,9421
CACTGACGATTGTGGA-1,1,65,51,18169,9567
AACATTGTGACTCGAG-1,1,64,52,17917,9711
GTCCAATATTTAGCCT-1,1,65,53,18168,9857
GCTCTTTCCGCTAGTG-1,1,64,54,17915,10000
GGGTCAGGAGCTAGAT-1,1,65,55,18166,10146
AGGTGGTGACCTTCGC-1,1,64,56,17914,10289
CCCGGGTCGTTCAGGG-1,1,65,57,18165,10436
AGCCAAGCTTTGTGTC-1,1,64,58,17912,10579
TGTGGCGGGCTTCTGG-1,1,65,59,18163,10725
CGAGGGTATCCAGGTG-1,1,64,60,17911,10868
CGTTCAGACCCGCGAA-1,1,65,61,18162,11014
TCATATGAGCTTTGTT-1,1,64,62,17909,11158
AGTTGACGGTCCTTGC-1,1,65,63,18160,11304
ATAATTAGCTAAGTAG-1,1,64,64,17908,11447
GGTCTTGAGCGCTCTT-1,1,65,65,18159,11593
CGTTGTCGGCAATTGA-1,1,64,66,17906,11737
TCTTGCTCCCGATACT-1,1,65,67,18157,11883
AGCAGAAGGAGAAAGA-1,1,64,68,17904,12026
GAAGCCACTGATTATG-1,1,65,69,18155,12172
TGCTCTTGAGAGTTTG-1,1,64,70,17903,12315
GACATCCGTCGAACTG-1,1,65,71,18154,12462
AGATATAATACGACTA-1,1,64,72,17901,12605
TCGCTACTGGCTTTGA-1,0,65,73,18152,12751
GTGACAGCTTCCCACT-1,1,64,74,17900,12894
GTGACGCAGGTTTCAT-1,0,65,75,18151,13040
GGGAAGACGGTCTGTC-1,1,64,76,17898,13184
CGTCGCATGTGAGCCA-1,0,65,77,18149,13330
AGAAGGTTGTAGGTCG-1,1,64,78,17897,13473
GGCCGGCGTCTGCTAT-1,0,65,79,18148,13619
TTGACCAGGAACAACT-1,0,64,80,17895,13763
AGTCGTATAAAGCAGA-1,0,65,81,18146,13909
GGCGTAGGGAAAGCTG-1,0,64,82,17893,14052
AAACCTAAGCAGCCGG-1,0,65,83,18144,14198
ATTGCCTTTATGTTTG-1,0,64,84,17892,14341
CAGGCAGTCTTACCAG-1,0,65,85,18143,14488
AGCTAAGTACGCAGGC-1,1,64,86,17890,14631
AAATCCGATACACGCC-1,0,65,87,18141,14777
CGAGAGCTTTCACTAC-1,0,64,88,17889,14920
CGCCCAGCGTTTCACG-1,0,65,89,18140,15066
TTAAGTATTGTTATCC-1,0,64,90,17887,15210
AAACGGGCGTACGGGT-1,0,65,91,18138,15356
GTATCCTTTGGTAACC-1,0,64,92,17886,15499
CATAGTCAAATACATA-1,0,65,93,18137,15645
TCTATGCTATAACGAC-1,0,64,94,17884,15789
ACGTTCTGTACAAGTC-1,0,65,95,18135,15935
CGCGAAGTGGCATACT-1,0,64,96,17882,16078
ACCAACCGCACTCCAC-1,0,65,97,18133,16224
GTCATGCGCGAGGGCT-1,0,64,98,17881,16367
TAGGCTAAAGTGGCAC-1,0,65,99,18132,16514
TGGCTACACTCTACCT-1,0,64,100,17879,16657
TGTCCACGGCTCAACT-1,0,65,101,18130,16803
AATTGCAGCAATCGAC-1,0,64,102,17878,16946
GTCAACCAGGCCTATA-1,0,65,103,18129,17092
ATCTTATCGCACACCC-1,0,64,104,17876,17236
GTCTATTGCATGCTCG-1,0,65,105,18127,17382
GCACGTGGTTTACTTA-1,0,64,106,17875,17525
ATTCGCGCCTTGAGAG-1,0,65,107,18126,17671
AGCGATGCGCCTAATA-1,0,64,108,17873,17815
TCTATAGGTGGGTAAT-1,0,65,109,18124,17961
AGATACCAATAGAACC-1,0,64,110,17871,18104
CGTGTATGGGAGCTGA-1,0,65,111,18122,18250
ATGTACATGCGGTGAG-1,0,64,112,17870,18393
TTGGCTCAATATGTGT-1,0,65,113,18121,18540
GTTCGGAGCACTCAAC-1,0,64,114,17868,18683
TCCCTCTTCTCAAGGG-1,0,65,115,18119,18829
TTACGTATCTATGACA-1,0,64,116,17867,18972
CCCATATAGGTCGATT-1,0,65,117,18118,19118
GTCCACGTCGCATTCG-1,0,64,118,17865,19262
AATTGTGGTTGCCAAA-1,0,65,119,18116,19408
AGGAACGAACGACTTC-1,0,64,120,17864,19551
TAATTCCAATGCTTCA-1,0,65,121,18115,19697
AGGGCCCTAATGTTCT-1,0,64,122,17862,19841
AGGTGTTGCCGACCAC-1,0,65,123,18113,19987
CTGAGAGTAGAAATAC-1,0,64,124,17861,20130
TAGAAGAAGGGTTACA-1,0,65,125,18112,20276
GGTGACTGATAGAGAG-1,0,64,126,17859,20420
TACCCTCGGTAACCCT-1,0,65,127,18110,20566
TGTAAGACTGATAAGA-1,0,66,0,18461,2188
GTCACTCATGAGCGAT-1,0,67,1,18712,2334
CGGTTTACTGAACATT-1,0,66,2,18460,2478
GAGATCGATCTTACTC-1,0,67,3,18711,2624
TCTTTCATCCGTCCTT-1,0,66,4,18458,2767
TCGGATCTGGATGACC-1,0,67,5,18709,2913
GTCCTAGGATACCTTA-1,0,66,6,18457,3056
TGTACCCGACCCTAAT-1,0,67,7,18708,3202
AGGTTCTCCTTTCCGG-1,0,66,8,18455,3346
AATTGCGTGGATTACA-1,0,67,9,18706,3492
CGATAGCGATACAGTG-1,0,66,10,18453,3635
CGCCCTAATTGTTCAA-1,0,67,11,18704,3781
ATTATGAGACCCAATT-1,0,66,12,18452,3925
CCTCCTAGCTAGAGTC-1,0,67,13,18703,4071
CGAAGGGTTTCAGATT-1,0,66,14,18450,4214
CACAAGCTAAGAAAGG-1,0,67,15,18701,4360
CACCGGTAGAGACATT-1,0,66,16,18449,4504
ACTCATGGCAGCCTTC-1,0,67,17,18700,4650
CATCCAATATAGTTTG-1,0,66,18,18447,4793
CAGATATGAAGATGAC-1,0,67,19,18698,4939
GCAAAGGGCGTTAGCC-1,0,66,20,18446,5082
CTGTTGTTCAGTCGTA-1,0,67,21,18697,5228
AAAGGCCCTATAATAC-1,0,66,22,18444,5372
AACATTGAAGTTGATC-1,0,67,23,18695,5518
GCTAGCGATAGGTCTT-1,0,66,24,18442,5661
ATTGCCTATTAGACCG-1,0,67,25,18693,5807
GGGCGTTTACATTCAT-1,0,66,26,18441,5951
CCTCTACAAGGATTGG-1,0,67,27,18692,6097
AGTGACTGTGACACAA-1,0,66,28,18439,6240
AGCCCTCCCTGGTGGC-1,0,67,29,18690,6386
CGGTTGAGTATCCTTC-1,0,66,30,18438,6530
CATTATCCCATTAACG-1,0,67,31,18689,6676
AATGTGCTAATCTGAG-1,0,66,32,18436,6819
CTTAGTTGAGGAATCG-1,0,67,33,18687,6965
CTTCTGGGCGTACCTA-1,0,66,34,18435,7108
AGTCAAATGATGTGAT-1,0,67,35,18686,7255
TGAACAAGCAGGGACT-1,0,66,36,18433,7398
AATACCGGAGGGCTGT-1,0,67,37,18684,7544
GTTTGGTGATCGGTGC-1,0,66,38,18431,7687
GACTGCTGGTGAGAAA-1,0,67,39,18683,7833
CGATCCTCGCAACATA-1,0,66,40,18430,7977
CCAACCTTATGTAACT-1,0,67,41,18681,8123
CGTGGTACCCAAAGGC-1,0,66,42,18428,8266
AACCCGACAACCCGTG-1,0,67,43,18679,8412
TATGTAAAGTGCTTAA-1,1,66,44,18427,8556
GCAAGTGTAAAGCATG-1,0,67,45,18678,8702
GTAACTGCCCAAGGAG-1,1,66,46,18425,8845
GGTGCATAAATGATTA-1,0,67,47,18676,8991
TAGTCCCGGAGACCAC-1,1,66,48,18424,9134
CGGCCAGAGCGACCAT-1,1,67,49,18675,9281
TGAATGAGTGTTTCCC-1,1,66,50,18422,9424
TTCACTTCCTAGAACG-1,1,67,51,18673,9570
CGCTTAGTATTGATAC-1,1,66,52,18421,9713
AACGCGACCTTGGGCG-1,1,67,53,18672,9859
GTGCACCAGCTTCAAC-1,1,66,54,18419,10003
TTCTATTAAACGCAGC-1,1,67,55,18670,10149
TGGCAAGCACAAGTCG-1,1,66,56,18417,10292
ATCTGCTGTTATCGCC-1,1,67,57,18668,10438
AATTCCAAGCATGTAC-1,1,66,58,18416,10582
AAACGGTTGCGAACTG-1,1,67,59,18667,10728
GAAGGAGTCGAGTGCG-1,1,66,60,18414,10871
GGCAAGCCCATAGTGG-1,1,67,61,18665,11017
TGACCAAATCTTAAAC-1,1,66,62,18413,11160
TTCGGTACTGTAGAGG-1,1,67,63,18664,11307
ATGTACGATGACGTCG-1,1,66,64,18411,11450
ATCTAGCTTGTGAGGG-1,1,67,65,18662,11596
AGCGGGTCTGACACTC-1,1,66,66,18410,11739
GAGGTACGCGTGTCCC-1,0,67,67,18661,11885
GCACTGCCTACCTTTA-1,1,66,68,18408,12029
GGAGCGAGGCCTACTT-1,0,67,69,18659,12175
AAACTCGGTTCGCAAT-1,1,66,70,18406,12318
GGCGCTTCATTCCCTG-1,0,67,71,18657,12464
TGCTCGGTGGGTCACC-1,0,66,72,18405,12608
AAGCGCAGGGCTTTGA-1,0,67,73,18656,12754
GACCTTCCACGTCTAC-1,0,66,74,18403,12897
GTTAGCCCATGACATC-1,0,67,75,18654,13043
AATTCGATTCGAGGAT-1,0,66,76,18402,13186
AGTCTTTAAAGTGTCC-1,0,67,77,18653,13333
GACTAGGCCGTTAGGT-1,0,66,78,18400,13476
TCCAAGCCTAGACACA-1,0,67,79,18651,13622
GATTGGGAAAGGTTGT-1,0,66,80,18399,13765
GATGAGGAACCTTCGG-1,0,67,81,18650,13911
TGAATACCGACGCGTA-1,0,66,82,18397,14055
AATCGTGAGCCGAGCA-1,0,67,83,18648,14201
GCGAAGAATCTGACGG-1,0,66,84,18395,14344
GAACAACTGGGATGAA-1,0,67,85,18646,14490
TCGCCGACATATTCGC-1,0,66,86,18394,14634
CGTAGAGAGTAATTAT-1,0,67,87,18645,14780
CGATAGTCGTACTGCA-1,0,66,88,18392,14923
CGCATGCCGAATGCGT-1,0,67,89,18643,15069
CTCTAGCCCTCGGAAA-1,0,66,90,18391,15212
TCCAACTCAGCTATCT-1,0,67,91,18642,15359
GTCTAGTGAGCCGCTT-1,0,66,92,18389,15502
TACCGAATAATTGTAA-1,0,67,93,18640,15648
ATATAACACGGGCGCA-1,0,66,94,18388,15791
GCATGCTAATAACGAT-1,0,67,95,18639,15937
TCCGGGCTTGACGGGA-1,0,66,96,18386,16081
ATTATTCAGAGTCACT-1,0,67,97,18637,16227
TAGCAGTATGACTAAA-1,0,66,98,18384,16370
TATGAAGAATTAAGGT-1,0,67,99,18636,16516
CAAGGCCAGTGGTGCA-1,0,66,100,18383,16660
TGCGTACGGCTAATTG-1,0,67,101,18634,16806
CAGATAATGGGCGGGT-1,0,66,102,18381,16949
GAGAACGGTTCTGACT-1,0,67,103,18632,17095
CGCTTCGGTCTAAGAC-1,0,66,104,18380,17238
AGCATTACGAGGCAAG-1,0,67,105,18631,17385
AAGTTGTGATGTTATA-1,0,66,106,18378,17528
TTGCTCATAGTACGTG-1,0,67,107,18629,17674
TACTTAAACATGTACA-1,0,66,108,18377,17817
AGTGAGTCGAATTAAC-1,0,67,109,18628,17963
TAGGCCTATATAGTCT-1,0,66,110,18375,18107
ACTCGCCGTTCGATAA-1,0,67,111,18626,18253
GGTACGTTGCGGCCGG-1,0,66,112,18374,18396
TATTGCCGGGCTTGTA-1,0,67,113,18625,18542
GGTAAACTCTGCGCTG-1,0,66,114,18372,18686
TCCCTTGTCTGAAACT-1,0,67,115,18623,18832
CATGATCGCTTTGAGA-1,0,66,116,18370,18975
GGACGGGCGACCAACC-1,0,67,117,18621,19121
GAGAGGCCTATGTGTA-1,0,66,118,18369,19265
TCGTAACTCCCAAGAC-1,0,67,119,18620,19411
CGTATCTAGAACTAAG-1,0,66,120,18367,19554
GCACCTTCCCGAAGGT-1,0,67,121,18618,19700
TACCTCTTTACCATCC-1,0,66,122,18366,19843
TGACTCTAACTGGTAA-1,0,67,123,18617,19989
GAGAAACTGGATCCCA-1,0,66,124,18364,20133
ATCCGGACCAGCCTGA-1,0,67,125,18615,20279
TTATTTAGGTTCCTTA-1,0,66,126,18363,20422
CGAATTCCCGGTTCAA-1,0,67,127,18614,20568
TAGTTTGATCGGTCGC-1,0,68,0,18965,2191
AGTCGAAACGATTCAG-1,0,69,1,19216,2337
ACGTCGGGCAACTCGG-1,0,68,2,18963,2480
ACTTGCTCTATCTACC-1,0,69,3,19214,2626
ATTACGGGCTACGGTT-1,0,68,4,18962,2770
GCAAACGTAAGCGACC-1,0,69,5,19213,2916
TTCGGACTGGGCATGG-1,0,68,6,18960,3059
GGGCCATTCGTGCTGG-1,0,69,7,19211,3205
GAGTTGTCACCAGTCT-1,0,68,8,18959,3349
AGTAATTTGCAAGCGT-1,0,69,9,19210,3495
GTGGCCGGTTTCTCGG-1,0,68,10,18957,3638
ATCTTAGGGCATTAAT-1,0,69,11,19208,3784
CTACATATCGCGGGAC-1,0,68,12,18955,3927
ATGGTATTTACTGATT-1,0,69,13,19206,4073
CCGTCAACCTCTGGCG-1,0,68,14,18954,4217
GCTTCGACGTTCAATC-1,0,69,15,19205,4363
GACCGATTAAATATGT-1,0,68,16,18952,4506
GTCGAATTTGGGCGCT-1,0,69,17,19203,4652
TCACGGCCCAAGAGAG-1,0,68,18,18951,4796
CTACGATCCTATCCTA-1,0,69,19,19202,4942
TGCAGTGGTAGGGAAC-1,0,68,20,18949,5085
TTGCCTAATCCAAAGT-1,0,69,21,19200,5231
AGCGAGACGTGAAGGC-1,0,68,22,18948,5375
TTCTACCTCAATCGGT-1,0,69,23,19199,5521
TACGCTGCTGTGTTAA-1,0,68,24,18946,5664
TAGTCCTGCACTAAGC-1,0,69,25,19197,5810
AGCACACGTTTAGACT-1,0,68,26,18944,5953
GTTCGACAATTGTATA-1,0,69,27,19196,6100
CCATGTTCATCTATAT-1,0,68,28,18943,6243
CCCTCGATAATACACA-1,0,69,29,19194,6389
ACTGCCCGCCATTCTC-1,0,68,30,18941,6532
CTATATCCAGCCTGGC-1,0,69,31,19192,6678
CGCACGTCTGTTTATG-1,0,68,32,18940,6822
AATCAGGTTTCATTTA-1,0,69,33,19191,6968
AGAGAAACACCAGAAA-1,0,68,34,18938,7111
ACCCGATTGGTTCCGA-1,0,69,35,19189,7257
TACCAGGAATCCCGTC-1,0,68,36,18937,7401
AAGTGCTTCTCTATTG-1,0,69,37,19188,7547
TGCATGTGACCCATAG-1,0,68,38,18935,7690
TAGATTCAAAGTGCGG-1,0,69,39,19186,7836
AGGGTCAGAGCACTCG-1,0,68,40,18934,7979
GTGAGATAACCTTATA-1,0,69,41,19185,8126
GTGTCAGTGTACGTGG-1,0,68,42,18932,8269
CTGTAGTGAGGATCGA-1,0,69,43,19183,8415
GATAGTGCGAGTAAGT-1,0,68,44,18930,8558
AGGGTTCAGACGGTCC-1,0,69,45,19181,8704
GGACTCGACAGCGCAT-1,0,68,46,18929,8848
CACTCTCAAGCATCGA-1,0,69,47,19180,8994
GAGCGGAATGCGGTGT-1,0,68,48,18927,9137
CAGTTCGAGGACCCGA-1,0,69,49,19178,9283
CGTAACTTCGACACTT-1,0,68,50,18926,9427
TGATCACCACACTGAC-1,0,69,51,19177,9573
CATACTTCTTTCTCCG-1,0,68,52,18924,9716
CAAGTAAGTGATAGAC-1,0,69,53,19175,9862
AGCCCGCAACAAGCAG-1,0,68,54,18923,10005
GCTCCATGCAAAGCAA-1,0,69,55,19174,10152
TCGTACCGACGTCAAG-1,0,68,56,18921,10295
ATTATCGGAATGTACG-1,0,69,57,19172,10441
ACCTACTATAAATCTA-1,0,68,58,18919,10584
TATCCTATCAACTGGT-1,0,69,59,19170,10730
GCGCGGTCTAGTAACT-1,0,68,60,18918,10874
CCTTCGTATAGAATCC-1,0,69,61,19169,11020
TGGGCGATACAATAAG-1,0,68,62,18916,11163
TGACATGTAACGTGAC-1,0,69,63,19167,11309
TTGGGAAGACGAGCCG-1,0,68,64,18915,11453
GGTGTAAATCGATTGT-1,0,69,65,19166,11599
GAACTGTGGAGAGACA-1,0,68,66,18913,11742
TCCACATCGTATATTG-1,0,69,67,19164,11888
CCTATGGTCAAAGCTG-1,0,68,68,18912,12031
TCCTTGTCCTTTAATT-1,0,69,69,19163,12178
AAGTTTATGGGCCCAA-1,0,68,70,18910,12321
GTCCGGGTTCACATTA-1,0,69,71,19161,12467
ATGTAGCGCGCGTAGG-1,0,68,72,18908,12610
TACGGAAGCCAAACCA-1,0,69,73,19159,12756
GCCCTGAGGATGGGCT-1,0,68,74,18907,12900
CGGGCGATGGATCACG-1,0,69,75,19158,13046
TGCGGACTTGACTCCG-1,0,68,76,18905,13189
TAATACTAGAACAGAC-1,0,69,77,19156,13335
TCAAATTGTTGTGCCG-1,0,68,78,18904,13479
GGGCAGTCAACGCCAA-1,0,69,79,19155,13625
TCGCTGCCAATGCTGT-1,0,68,80,18902,13768
TACGTGGGCCCAGGGC-1,0,69,81,19153,13914
GCCTACGTTCTGTGCA-1,0,68,82,18901,14057
TTGCGTGTGTAGGCAT-1,0,69,83,19152,14204
TCCTAAAGATTCAGAC-1,0,68,84,18899,14347
TGGGTGCACAAGCCAT-1,0,69,85,19150,14493
GGGAGCGACCGTAGTG-1,0,68,86,18897,14636
CATAGAGGAGATACTA-1,0,69,87,19149,14782
CTTCGATTGCGCAAGC-1,0,68,88,18896,14926
GTGCCTGAGACCAAAC-1,0,69,89,19147,15072
TCATCCTCAGCTGCTT-1,0,68,90,18894,15215
TGCAACTACTGGTTGA-1,0,69,91,19145,15361
ATGTTGATTAGAGACT-1,0,68,92,18893,15505
GTTTCTAGAGGCGCGG-1,0,69,93,19144,15651
TACAAGGGCTTCTTTA-1,0,68,94,18891,15794
ACAGGCACGGATCCTT-1,0,69,95,19142,15940
CCCAAGTCATTACACT-1,0,68,96,18890,16084
ACTCTGACCTAATAGA-1,0,69,97,19141,16230
GGATGGCTTGAAGTAT-1,0,68,98,18888,16373
ACCCTCCCGTCAGGGC-1,0,69,99,19139,16519
AGCTTCTTCTCGAGCA-1,0,68,100,18887,16662
TTGCGCTTGATCAATA-1,0,69,101,19138,16808
TGGGTGTAATAGATTT-1,0,68,102,18885,16952
CATGGTTTATTAATCA-1,0,69,103,19136,17098
TTGCCTTCTCGCCGGG-1,0,68,104,18883,17241
TTAAAGTAAGTCGCCA-1,0,69,105,19134,17387
AGTTGGCAAGGCTAGA-1,0,68,106,18882,17531
CCGCACTTGCAATGAC-1,0,69,107,19133,17677
AATGTTGTCGTGAGAC-1,0,68,108,18880,17820
CCAAGGTTGCCCTTTC-1,0,69,109,19131,17966
TGTGACTAGAGTTTGC-1,0,68,110,18879,18110
TTGTGATCTGTTCAGT-1,0,69,111,19130,18256
GGAGTTGATTCTGTGT-1,0,68,112,18877,18399
GTAGTGAGCAACCTCA-1,0,69,113,19128,18545
AAGACATACGTGGTTT-1,0,68,114,18876,18688
CATCCCGAGATTCATA-1,0,69,115,19127,18834
GGCCGCAGGAACCGCA-1,0,68,116,18874,18978
CCAGAAACTGATGCGA-1,0,69,117,19125,19124
ACCCGTAGTCTAGTTG-1,0,68,118,18872,19267
AGGGTCTGGACGCAGT-1,0,69,119,19123,19413
TTGAAACCCTCATTCC-1,0,68,120,18871,19557
TCAATCCCGCGCCAAA-1,0,69,121,19122,19703
AGGACATCGGCACACT-1,0,68,122,18869,19846
GACAAGACGCCCGTGC-1,0,69,123,19120,19992
GAGTAAATTAAGAACC-1,0,68,124,18868,20136
TAAGTCGGTGAGCTAG-1,0,69,125,19119,20282
CTTACTGACTCCTCTG-1,0,68,126,18866,20425
TTAACTGATCGTTTGG-1,0,69,127,19117,20571
GGGCGATCCATAGGCC-1,0,70,0,19468,2194
CGTATTGTTTGGCGCC-1,0,71,1,19719,2340
CGCGTGGGCCTGTGTT-1,0,70,2,19467,2483
AAATCTGCCCGCGTCC-1,0,71,3,19718,2629
GCTGAAGGGTTCTTGG-1,0,70,4,19465,2772
TAATTGCGCTGATTAC-1,0,71,5,19716,2918
TCGCGCGTTTACATGA-1,0,70,6,19464,3062
TAACTGAAATACGCCT-1,0,71,7,19715,3208
CCTGTCGTGTATGAAG-1,0,70,8,19462,3351
CGGGAACGCCCTGCAT-1,0,71,9,19713,3497
AGTTGCGGTCCTCAAC-1,0,70,10,19461,3641
GGGTCCTTGGAAGAAG-1,0,71,11,19712,3787
CGGGAAGTACCGTGGC-1,0,70,12,19459,3930
ACGGTCACCGAGAACA-1,0,71,13,19710,4076
TAGACTCAGTTGGCCT-1,0,70,14,19458,4220
CCTTCCGCAACGCTGC-1,0,71,15,19709,4366
CAGTGTTAATCTCTCA-1,0,70,16,19456,4509
CAGGCCAGTACCACCT-1,0,71,17,19707,4655
GATCGCTGTGGTGCGT-1,0,70,18,19454,4798
GTATCTCGGGCGCTTT-1,0,71,19,19705,4945
CCGGGCTAAGAATTTC-1,0,70,20,19453,5088
CTTCACGCCCTGGTAC-1,0,71,21,19704,5234
CGGATGAATGCTGTGA-1,0,70,22,19451,5377
CTCTGCAGGCATTCTT-1,0,71,23,19702,5523
TCAAAGTCACGGCGTC-1,0,70,24,19450,5667
TGGGTTTCGGGCGTAC-1,0,71,25,19701,5813
TGCTATGGCAAAGGGA-1,0,70,26,19448,5956
TTCACGGTCGTCACGT-1,0,71,27,19699,6102
CGTAAAGCAAGAAATC-1,0,70,28,19447,6246
CTGATCCCTTTATGCA-1,0,71,29,19698,6392
GAGTATACCCTAATCA-1,0,70,30,19445,6535
CCACGGCAGGTGTAGG-1,1,71,31,19696,6681
ACGTACTTTGGCACGG-1,0,70,32,19443,6824
CCTGAGAATAAATGCA-1,0,71,33,19694,6971
TTGATGCCGCTCGTCG-1,0,70,34,19442,7114
GCCAGGAAAGAACACT-1,0,71,35,19693,7260
TCCGACCGCTAATCAA-1,0,70,36,19440,7403
TATATCAAAGTGATCT-1,0,71,37,19691,7549
CCTCGGTTTCCTTGCC-1,0,70,38,19439,7693
TAAATTTAGTAACACC-1,0,71,39,19690,7839
CTCGTTACGGCTACCA-1,0,70,40,19437,7982
GCCGTCGGTTTCGGGC-1,0,71,41,19688,8128
GTTCCGTCCGCCTGCA-1,0,70,42,19436,8272
CTAGGGATAGGGACAA-1,0,71,43,19687,8418
GTCCAGGCACGTGTGC-1,0,70,44,19434,8561
GAGGAATATCTCTTTG-1,0,71,45,19685,8707
CGTTCAAGGAAACGGA-1,0,70,46,19432,8850
GTGGGAACAAACCGGG-1,0,71,47,19683,8997
GGGCACGTAGTACTGT-1,0,70,48,19431,9140
ACTACAAAGAGAGGTG-1,0,71,49,19682,9286
GGTGTAGGTAAGTAAA-1,0,70,50,19429,9429
CCTGTTCAACCTCGGG-1,0,71,51,19680,9575
TGAGGTGTGTGGCGGA-1,0,70,52,19428,9719
ATTGTCTGTTTCATGT-1,0,71,53,19679,9865
GCCGGTCGTATCTCTC-1,0,70,54,19426,10008
ATATGGGATAGCAACT-1,0,71,55,19677,10154
GATAGAACCCGCTAGG-1,0,70,56,19425,10298
ATCCCATTTCCGTGGG-1,0,71,57,19676,10444
GATGCTACCTTCGATG-1,0,70,58,19423,10587
TGCAAAGTTCGTCTGT-1,0,71,59,19674,10733
GTTCAGTCGCCAAATG-1,0,70,60,19421,10876
GTCTCCGCCTCAATAC-1,0,71,61,19672,11023
AGTAGAAGGCGCCTCA-1,0,70,62,19420,11166
GTTGTAGATTTATGAG-1,0,71,63,19671,11312
CTATTTGCTTGGAGGA-1,0,70,64,19418,11455
AGCCATATAGTATGTG-1,0,71,65,19669,11601
TGTTCCGGCCTGAGCT-1,0,70,66,19417,11745
TGCCGTGGGACCCAAT-1,0,71,67,19668,11891
TTGCAAGAAGACTCCT-1,0,70,68,19415,12034
CCGCTCCAGGGCGATC-1,0,71,69,19666,12180
CAAACCCTCCGGCGGG-1,0,70,70,19414,12324
CGGACCTTTACGTCCC-1,0,71,71,19665,12470
ACGTAGGAGAGTCGCT-1,0,70,72,19412,12613
CTGCGACCTCGCCGAA-1,0,71,73,19663,12759
GGCCCAGCTGGTTTGC-1,0,70,74,19410,12902
GGATTAATCATGGACC-1,0,71,75,19662,13049
GAGATGGCTTTAATCA-1,0,70,76,19409,13192
AGTACAGAAGCTTATA-1,0,71,77,19660,13338
GCGGCTTTAGCAAGTT-1,0,70,78,19407,13481
ACCGAGTCTCCTTATT-1,0,71,79,19658,13627
GACCACACTTCCCTTT-1,0,70,80,19406,13771
TGTAGCCAATTCCGTT-1,0,71,81,19657,13917
CTCGTCTGTGCCTTCG-1,0,70,82,19404,14060
GGACTCTTTGACTAAG-1,0,71,83,19655,14206
TCATCGACGACCGTCG-1,0,70,84,19403,14350
TACTACGTGCAATGCG-1,0,71,85,19654,14496
CCCTACTTGAACAATG-1,0,70,86,19401,14639
GCAGCTGTCAACGCAT-1,0,71,87,19652,14785
ATCTACCATCTGCTCC-1,0,70,88,19400,14929
TCTCAAATCAATCGGG-1,0,71,89,19651,15075
ACTCCGGCCGACCACT-1,0,70,90,19398,15218
TACACCTCTTCGAATC-1,0,71,91,19649,15364
GTGGCTGTTTCTGTTC-1,0,70,92,19396,15507
ACGACTCTAGGGCCGA-1,0,71,93,19647,15653
TCGTTTACGCGACCCT-1,0,70,94,19395,15797
AGGATATCCGACTGCA-1,0,71,95,19646,15943
GACACTTCCAATTACC-1,0,70,96,19393,16086
ACGGTACAGTTCAATG-1,0,71,97,19644,16232
CTTGATGACCATCCAG-1,0,70,98,19392,16376
CTGGTAAAGACTTACA-1,0,71,99,19643,16522
CTTGCCCACCCACGCA-1,0,70,100,19390,16665
CATTACGCAGGAAGGG-1,0,71,101,19641,16811
GGACAACCATGAAGCC-1,0,70,102,19389,16955
GTTATCAAGCTATCGA-1,0,71,103,19640,17101
AGGTGCACGTCCACAT-1,0,70,104,19387,17244
AAAGAATGTGGACTAA-1,0,71,105,19638,17390
ACCAAGTCATCGGCAG-1,0,70,106,19385,17533
AGTAACTATAGCAGCC-1,0,71,107,19636,17679
GGGAAAGAATGCCAAC-1,0,70,108,19384,17823
AATCGGTATAGCCCTC-1,0,71,109,19635,17969
GGCACTGCGGTGGTTT-1,0,70,110,19382,18112
CGTCCTCATCGCGTGC-1,0,71,111,19633,18258
CTTAACTTACAGTATA-1,0,70,112,19381,18402
GTGAGTCGACTAATAG-1,0,71,113,19632,18548
TGTACTTCCGGGCATG-1,0,70,114,19379,18691
CACAAACCGCAGAACT-1,0,71,115,19630,18837
GCTTTACACAACTGGG-1,0,70,116,19378,18981
CACCGATGATGGGTAC-1,0,71,117,19629,19127
TCAATATACAGGAGGC-1,0,70,118,19376,19270
AACGACCTCCTAGCCG-1,0,71,119,19627,19416
GTTACCAAGGCGTACG-1,0,70,120,19374,19559
TAGCTCACTGTGTTTG-1,0,71,121,19625,19705
TCGGCAGGGTTAAGGG-1,0,70,122,19373,19849
TGTTAACAAAGTGACT-1,0,71,123,19624,19995
CAGAGCGATGGATGCT-1,0,70,124,19371,20138
CATAGTGGGCACGCCT-1,0,71,125,19622,20284
AAACGCTGGGCACGAC-1,0,70,126,19370,20428
TGTTCTCATACTATAG-1,0,71,127,19621,20574
TCCGCTGGGTCGATCG-1,0,72,0,19972,2196
TTAGCATCCCTCACGT-1,0,73,1,20223,2342
AGCCTTGTCACTGATA-1,0,72,2,19971,2486
GTTTCTTGTTAGAGCT-1,0,73,3,20222,2632
TCGGAGTCCTGGTTGC-1,0,72,4,19969,2775
ACGGGTTGTGACCTGT-1,0,73,5,20220,2921
TGACAGAAATCTTGCT-1,0,72,6,19967,3065
TAGCCATGATTGCCTA-1,0,73,7,20218,3211
CGAAGCCACAGCATGG-1,0,72,8,19966,3354
ACCCGTAGCAGAGAAT-1,0,73,9,20217,3500
AGCTTGATCAGGGTAG-1,0,72,10,19964,3643
CTATAAGTAGGGTTTG-1,0,73,11,20215,3790
TATAGTTAGGTGTACT-1,0,72,12,19963,3933
TACGCTGATAGTTGTA-1,0,73,13,20214,4079
TTCTCAATTGCTACAA-1,0,72,14,19961,4222
GTTGCCCTAACGGGTG-1,0,73,15,20212,4368
GACATTTCGCCCAGCC-1,0,72,16,19960,4512
GTAACTACGTAGACCT-1,0,73,17,20211,4658
CCAGTGTACAGACCGA-1,0,72,18,19958,4801
GCCCGATGCCCAGTTC-1,0,73,19,20209,4947
CGAACCTCTTTCCTAG-1,0,72,20,19956,5091
CATGCACATGAGAGGC-1,0,73,21,20207,5237
CCAAATCAAAGGGCAA-1,0,72,22,19955,5380
GTAGTTTAAGCACACG-1,0,73,23,20206,5526
TAAGTGAATAGTCTAC-1,0,72,24,19953,5669
GGTCCACGTCTATTTG-1,0,73,25,20204,5816
CCCTCAGATCGAGAAC-1,0,72,26,19952,5959
ACATTCGCGCGGAATA-1,0,73,27,20203,6105
CTATGAACACCTTGCC-1,0,72,28,19950,6248
CGAATGGTAGGTCGTC-1,0,73,29,20201,6394
TCGACATAGCGTAGCG-1,0,72,30,19949,6538
GACGTTGCTCGGCGGC-1,0,73,31,20200,6684
CTCGAGGCAAGTTTCA-1,0,72,32,19947,6827
GCTGGGAGCGCGTCAA-1,0,73,33,20198,6973
GACGATATCACTGGGT-1,0,72,34,19945,7117
CAGCTCTGGGCTCACT-1,0,73,35,20196,7263
TAGTCTGCGGCACATT-1,0,72,36,19944,7406
TGGTCGATATACCTCT-1,0,73,37,20195,7552
TTCAGTTCAAGAGGAG-1,0,72,38,19942,7695
GTCTGTAGGTTGAACA-1,0,73,39,20193,7842
GAGAGTCTCGGGAGAG-1,0,72,40,19941,7985
TTGTTTGTATTACACG-1,0,73,41,20192,8131
GCACAGCACGGGCCGA-1,0,72,42,19939,8274
AAACAGTGTTCCTGGG-1,0,73,43,20190,8420
TGGAGAATAATCGTCC-1,0,72,44,19938,8564
CGCCGCGTTCTGAACG-1,0,73,45,20189,8710
CATGCGTTGAGAGGAG-1,0,72,46,19936,8853
TACGCTCCTAGAACTG-1,0,73,47,20187,8999
CCTTGTGAACGTGGTT-1,0,72,48,19934,9143
TTAAAGGCGATGCTCG-1,0,73,49,20185,9289
TAAAGTGCACGTCTCG-1,0,72,50,19933,9432
TGTCCGCAAACAATTC-1,0,73,51,20184,9578
AGGCCTATCATACCAA-1,0,72,52,19931,9721
ACTGGGATGCCAGTGC-1,0,73,53,20182,9868
CGATCCACCATTGTTG-1,0,72,54,19930,10011
GGGCATGCATGTCGAG-1,0,73,55,20181,10157
TCCAGGCAGGACGATC-1,0,72,56,19928,10300
CAATGACCCTTAATTT-1,0,73,57,20179,10446
ATCAAGATCCCAGGAC-1,0,72,58,19927,10590
CTCAGAGCTAATGTCG-1,0,73,59,20178,10736
CTGCGATTTCGAGATT-1,0,72,60,19925,10879
ATGGTATTGGGAACCG-1,0,73,61,20176,11025
TAGGTTCTGCTGAGAA-1,0,72,62,19924,11169
GCCTGTCCCGGTGCAT-1,0,73,63,20175,11315
GGCCTGCTCTGATGTT-1,0,72,64,19922,11458
TAGAGGGAGTTTATCT-1,0,73,65,20173,11604
CTCTACATCCTGCGTG-1,0,72,66,19920,11747
ACACATTTCCGTAGAC-1,0,73,67,20171,11894
TGGGTGTTAAGTAGAA-1,0,72,68,19919,12037
GAGCTCAACATGAGCG-1,0,73,69,20170,12183
GCACACAGCTATTACC-1,0,72,70,19917,12326
GCGACGGTAGTCTCCT-1,0,73,71,20168,12472
GTATCAAGGTACTTCC-1,0,72,72,19916,12616
GGAAAGGGAATTGAGC-1,0,73,73,20167,12762
TACACAGCCGTGGTGC-1,0,72,74,19914,12905
CGGTTGGGCAGGGTCC-1,0,73,75,20165,13051
GCACGCCGATTCCCGC-1,0,72,76,19913,13195
CGCTTTCCGCCAAGGT-1,0,73,77,20164,13341
TGCCCGATAGTTAGAA-1,0,72,78,19911,13484
TCAGAACGGCGGTAAT-1,0,73,79,20162,13630
CCACTCAGATCCGCAA-1,0,72,80,19909,13774
GAAGGGTCATTAAGAC-1,0,73,81,20160,13920
GCGGTCTTGCTTTCAC-1,0,72,82,19908,14063
GGAAGGACACCGTATA-1,0,73,83,20159,14209
CGCGGGAATTCCTTTC-1,0,72,84,19906,14352
TCTATCCGATTGCACA-1,0,73,85,20157,14498
TACTCGTTTGAATCAA-1,0,72,86,19905,14642
GTCTGCCGACTCGACG-1,0,73,87,20156,14788
TACGGGTAATAACATA-1,0,72,88,19903,14931
CCAGTTCGGTAACTCA-1,0,73,89,20154,15077
CGTGCACACCACTGTA-1,0,72,90,19902,15221
CTTCAGTTGGACAACG-1,0,73,91,20153,15367
TGATCTATCACACTCT-1,0,72,92,19900,15510
TAGCAGATACTTAGGG-1,0,73,93,20151,15656
CACCGGGCATCACAAG-1,0,72,94,19898,15800
AGTGGCCCGCAAATGG-1,0,73,95,20149,15946
CTCGCTAGGTAAGCGA-1,0,72,96,19897,16089
GATAGATAGTACAGTC-1,0,73,97,20148,16235
CGAGACTACTGCTGCT-1,0,72,98,19895,16378
ACATTTGAAACCTAAC-1,0,73,99,20146,16524
GACACAGCCGGGACTG-1,0,72,100,19894,16668
ACGGAACACGAGTGCC-1,0,73,101,20145,16814
ACGCCAGTGCGTTTGC-1,0,72,102,19892,16957
GCACCTAGGCGAGTCC-1,0,73,103,20143,17103
TCACTATCCCTTCGGT-1,0,72,104,19891,17247
TGAGTGTAACAACGGG-1,0,73,105,20142,17393
ATTGGTTGTGCATTAC-1,0,72,106,19889,17536
CTGGCGATTTACATGT-1,0,73,107,20140,17682
TCCACCAAGACATAGG-1,0,72,108,19887,17826
AACGTCGCTGCACTTC-1,0,73,109,20138,17972
GTCTCCCGAGTCCCGT-1,0,72,110,19886,18115
AGCCCGCACTACAATG-1,0,73,111,20137,18261
GGCACGCTGCTACAGT-1,0,72,112,19884,18404
GCTTGAGTGACCTCTG-1,0,73,113,20135,18550
ATAGCCATAACAGTCA-1,0,72,114,19883,18694
TAGGAGGCTCGAGAAC-1,0,73,115,20134,18840
GTCGGGTGAAGTACCG-1,0,72,116,19881,18983
CACCCGCGTTTGACAC-1,0,73,117,20132,19129
TCTCAGGCTACTCGCT-1,0,72,118,19880,19273
TAGATTCTCTAGCAAA-1,0,73,119,20131,19419
CCCATTATTGTATCCT-1,0,72,120,19878,19562
GTTAATAGCGTCATTA-1,0,73,121,20129,19708
TACTCATTGACGCATC-1,0,72,122,19877,19852
TAGTGACAAGCTCTAC-1,0,73,123,20128,19998
ATCGCCGTGGTTCATG-1,0,72,124,19875,20141
CTGCTCTCAACACACC-1,0,73,125,20126,20287
GCATGACACAAAGGAA-1,0,72,126,19873,20430
CAACGATCGATCCAAT-1,0,73,127,20124,20576
ATACAGCGTCCACTGA-1,0,74,0,20476,2199
TCACGATTAATACGTT-1,0,75,1,20727,2345
CGTGAACTGACCCGAT-1,0,74,2,20474,2488
TCGATGTTACGGCCGT-1,0,75,3,20725,2635
GACCGGTGATACTCTC-1,0,74,4,20473,2778
TCTGTTTAGATTGTTC-1,0,75,5,20724,2924
GCTACTCGGACGCAGA-1,0,74,6,20471,3067
AAGAAAGTTTGATGGG-1,0,75,7,20722,3213
CGCCAGTAGTACCTTG-1,0,74,8,20469,3357
CTCCCTTGTATCAAGG-1,0,75,9,20720,3503
ACTTTATACACCACTT-1,0,74,10,20468,3646
AGATCTGGAGAGGATA-1,0,75,11,20719,3792
TCATCCATCTGATCAC-1,0,74,12,20466,3936
AGAACACGGCGATGGT-1,0,75,13,20717,4082
CCGCTCCGGATAAGCT-1,0,74,14,20465,4225
TGGTCGGGTACAGGGC-1,0,75,15,20716,4371
ACGGACGCAGCGACAA-1,0,74,16,20463,4514
ACATGCTTACGGCAGC-1,0,75,17,20714,4661
CAGGGAGATAGGCCAG-1,0,74,18,20462,4804
TCGCCACCCGGATTAC-1,0,75,19,20713,4950
TCTTGGTCAATGATAC-1,0,74,20,20460,5093
CATAGGGACACTTGTG-1,0,75,21,20711,5239
CACGAGCAAACCAGAC-1,0,74,22,20458,5383
GGGATATTGATCGCCA-1,0,75,23,20709,5529
TAATGTCGGTTCATGG-1,0,74,24,20457,5672
CGATTTGTCATTAATG-1,0,75,25,20708,5818
TTAAGATACCCAGAGA-1,0,74,26,20455,5962
CGACCGTTGGTATTCG-1,0,75,27,20706,6108
ACTACCATCCGAGGGC-1,0,74,28,20454,6251
TCTACGCACGATCTCC-1,0,75,29,20705,6397
AAGCCACTTGCAGGTA-1,0,74,30,20452,6540
ACGTTGTCGTTGAAAG-1,0,75,31,20703,6687
ACCGCTAGTCATTGGT-1,0,74,32,20451,6830
CATGAGTCCATCACGG-1,0,75,33,20702,6976
ATGTCTTGTTTGACTC-1,0,74,34,20449,7119
TCCCAAACATCCTCTA-1,0,75,35,20700,7265
CAACGCGATGAGCCAA-1,0,74,36,20447,7409
GACACCCAAAGACGCG-1,0,75,37,20699,7555
ACGTTCACTATGCCGC-1,0,74,38,20446,7698
ATGGACTGCTTAGTTG-1,0,75,39,20697,7844
CCATGGCAAACGCTCA-1,0,74,40,20444,7988
TTGTCTCGGCAAGATG-1,0,75,41,20695,8134
TTCGAACGAAACATGC-1,0,74,42,20443,8277
GGAAAGTCTTGATTGT-1,0,75,43,20694,8423
ATCATAGATCGACGAG-1,0,74,44,20441,8566
GATTAGAAACAAGCGT-1,0,75,45,20692,8713
GCTGCGAAGAATTATT-1,0,74,46,20440,8856
TTCCAGTGGGTTTCGT-1,0,75,47,20691,9002
GCTCATTGATCATATC-1,0,74,48,20438,9145
ATACGAGGTTTGTAAG-1,0,75,49,20689,9291
GTCTATACACGCATGG-1,0,74,50,20437,9435
GATTTGCGCTAACACC-1,0,75,51,20688,9581
TGGTGCCCTGCCTTAC-1,0,74,52,20435,9724
TCGAATCGCAGGGTAG-1,0,75,53,20686,9870
GGTAGGCCAATATCAC-1,0,74,54,20433,10014
CGTAAATAACAAAGGG-1,0,75,55,20684,10160
GACTCTAGAGTTCCAA-1,0,74,56,20432,10303
ACTTGTTACCGGATCA-1,0,75,57,20683,10449
GGCATTGAACATCTCA-1,0,74,58,20430,10593
AACCCGCTGTATTCCA-1,0,75,59,20681,10739
TAACAGGTTCCCTTAG-1,0,74,60,20429,10882
GTTCTTGTAACTCAAT-1,0,75,61,20680,11028
GATTCTGTTAATGAGT-1,0,74,62,20427,11171
GGACACCTCGGTGTTG-1,0,75,63,20678,11317
CGATCGAGAAGCACCA-1,0,74,64,20426,11461
CTGCTCTGACGGCAAA-1,0,75,65,20677,11607
CCCAGGAAGAATTCGA-1,0,74,66,20424,11750
TGTCGTGGGTATAGGC-1,0,75,67,20675,11896
ATATGTCTAGAGCGTG-1,0,74,68,20422,12040
GCGGGCAGACGGGTGA-1,0,75,69,20673,12186
CGAAGATCAGTTTCAT-1,0,74,70,20421,12329
ACGCCACTCGAAACAG-1,0,75,71,20672,12475
CTTAGATGTTTCATCC-1,0,74,72,20419,12619
GCGAATGGACTAGCGA-1,0,75,73,20670,12765
TAAATTGTGGGTAAAG-1,0,74,74,20418,12908
ATTTATACTGGTAAAG-1,0,75,75,20669,13054
GCGTCGTAACATGGTC-1,0,74,76,20416,13197
CGGTATGGGCACTCTG-1,0,75,77,20667,13343
CTATCACAACGCTGGA-1,0,74,78,20415,13487
ACCACACGGTTGATGG-1,0,75,79,20666,13633
TCAGCGCACGCCGTTT-1,0,74,80,20413,13776
AATGTTAAGACCCTGA-1,0,75,81,20664,13922
CTTACATAGATTTCTT-1,0,74,82,20411,14066
AACATAGCGTGTATCG-1,0,75,83,20662,14212
AGCAGTCGAAGCATGC-1,0,74,84,20410,14355
GTACTACGGCCTCGTT-1,0,75,85,20661,14501
TTGGCCAAATTGTATC-1,0,74,86,20408,14645
TCAGAGGACGCGTTAG-1,0,75,87,20659,14791
AGTAATCTAAGGGTGG-1,0,74,88,20407,14934
AATTATACCCAGCAAG-1,0,75,89,20658,15080
CCCTACCCACACCCAG-1,0,74,90,20405,15223
CTCTGTCCATGCACCA-1,0,75,91,20656,15369
TCGCCTCCTTCGGCTC-1,0,74,92,20404,15513
CCTGATTCGCGAAGAA-1,0,75,93,20655,15659
GACTTCAACGCATCAA-1,0,74,94,20402,15802
GCTTCCCGTAAGCTCC-1,0,75,95,20653,15948
AGAACTGTACTTTGTA-1,0,74,96,20400,16092
CCTTAAGTACGCAATT-1,0,75,97,20652,16238
GGCCAATTGTATAGAC-1,0,74,98,20399,16381
AGAATACAGGCTATCC-1,0,75,99,20650,16527
AATACCTGATGTGAAC-1,0,74,100,20397,16671
TAGAGTGTTCCGGGTA-1,0,75,101,20648,16817
GCTTCCATGTAACCGC-1,0,74,102,20396,16960
GGTTCGCATTTGCCGT-1,0,75,103,20647,17106
TCAATCCGGGAAGTTT-1,0,74,104,20394,17249
CCGGAAGTGCAATATG-1,0,75,105,20645,17395
CTCATAAATGTGTATA-1,0,74,106,20393,17539
GACGGGCATCGAATTT-1,0,75,107,20644,17685
GCTAAGCCCAGTATGC-1,0,74,108,20391,17828
GCTATAAGGGCCAGGA-1,0,75,109,20642,17974
GCGGATTACTTGTTCT-1,0,74,110,20390,18118
TACAACAGCGCATACA-1,0,75,111,20641,18264
TCTAACCTAGCCTGCG-1,0,74,112,20388,18407
TCTACCCGCATCATTT-1,0,75,113,20639,18553
GTCTTACCACGCCAAG-1,0,74,114,20386,18697
AATAACGTCGCGCCCA-1,0,75,115,20637,18843
CGTTTCGGTTATATGC-1,0,74,116,20385,18986
TACGCTGCACGGTCGT-1,0,75,117,20636,19132
CGTTAAATACGACCAG-1,0,74,118,20383,19275
TCGACTGACGATGGCT-1,0,75,119,20634,19421
ACGCTACTGAATGGGC-1,0,74,120,20382,19565
AAGGGTTAGCCATGCG-1,0,75,121,20633,19711
ACGTTTCGGTGCACTT-1,0,74,122,20380,19854
TTAACCCGAGGCGTGT-1,0,75,123,20631,20000
GCCCGTCAAGCCCAAT-1,0,74,124,20379,20144
ATTCGTCCCGAGGTTA-1,0,75,125,20630,20290
TCAAATTATGTTCGAC-1,0,74,126,20377,20433
AACGTTCTACCATTGT-1,0,75,127,20628,20579
CTGTCCTGCGCACTAC-1,0,76,0,20979,2202
GCCCAGCGACACAAAG-1,0,77,1,21230,2348
TATAGCTATTATCTCT-1,0,76,2,20978,2491
AAGCTATGGATTGACC-1,0,77,3,21229,2637
CCGAAACACGACCTCT-1,0,76,4,20976,2781
ATCAGAAGCTGGTTGC-1,0,77,5,21227,2927
TGAACCTGAATGTGAG-1,0,76,6,20975,3070
TCAGAGCATGTCAACG-1,0,77,7,21226,3216
ATACCCTCCCGGCCAA-1,0,76,8,20973,3359
GCCACCTTATTCGCGA-1,0,77,9,21224,3506
CAACGAGCTTATTATG-1,0,76,10,20971,3649
GATCCAACCTTTAAAC-1,0,77,11,21222,3795
TTGTGGAGACAGCCGG-1,0,76,12,20970,3938
AGATAATCACACCTAT-1,0,77,13,21221,4084
GGTTAGGGATGCTAAT-1,0,76,14,20968,4228
TCATGAAGCGCTGCAT-1,0,77,15,21219,4374
CCAGGCGAGATGGTCT-1,0,76,16,20967,4517
CGACTTGCCGGGAAAT-1,0,77,17,21218,4663
GTGCCAAACGTTTCGA-1,0,76,18,20965,4807
TGCTCAAAGGATGCAC-1,0,77,19,21216,4953
GCCTCAGGTACCGGTC-1,0,76,20,20964,5096
ACAAGTAATTGTAAGG-1,0,77,21,21215,5242
TTAGAGTATTGTCGAG-1,0,76,22,20962,5385
GTCATCCCAAACTCAC-1,0,77,23,21213,5532
CTCCTAGTAATCGTGA-1,0,76,24,20960,5675
CCCTCATCACAGAGTA-1,0,77,25,21212,5821
GGAAACAGAGCTTGGG-1,0,76,26,20959,5964
ACATCGCAATATTCGG-1,0,77,27,21210,6110
TTAGCCATAGGGCTCG-1,0,76,28,20957,6254
CGGATTCTGCCTTATG-1,0,77,29,21208,6400
TTGTTGGCAATGACTG-1,0,76,30,20956,6543
GGATCTACCGTTCGTC-1,0,77,31,21207,6689
GGTGGGATTAGGTCCC-1,0,76,32,20954,6833
AATAGGCACGACCCTT-1,0,77,33,21205,6979
GAGGTCCGTTCGCTGT-1,0,76,34,20953,7122
TGACAACTTAAAGGTG-1,0,77,35,21204,7268
AGCTAAGCTCCGTCCG-1,0,76,36,20951,7411
CTAGCCCGGGAGACGA-1,0,77,37,21202,7558
CCCAGATTCCCGTGAC-1,0,76,38,20950,7701
GCCCGTTCACACAATT-1,0,77,39,21201,7847
ACAAACTCCATCAGAG-1,0,76,40,20948,7990
GGTTCCGTACGACTAA-1,0,77,41,21199,8136
TTGCGGAAAGCTGCCC-1,0,76,42,20946,8280
GGAACTCGTGAATACG-1,0,77,43,21197,8426
GGTTACCGCTCCCTAC-1,0,76,44,20945,8569
AGCGACTTTGAAGACA-1,0,77,45,21196,8715
CCGTTTCCTTTCCGTG-1,0,76,46,20943,8859
TGGATGGCATCTTGGA-1,0,77,47,21194,9005
CAAGTCGTTGAAATCT-1,0,76,48,20942,9148
TGCAAACGTACTAGTT-1,0,77,49,21193,9294
GGCTGTCCTACTGCGG-1,0,76,50,20940,9438
TACTGCATGATTAAAT-1,0,77,51,21191,9584
CGGACCTCTGTAGTTA-1,0,76,52,20939,9727
CCCTAGCTCTAAGGTC-1,0,77,53,21190,9873
GTAACAGGTTAACGGC-1,0,76,54,20937,10016
CCCGCAAATAATCATC-1,0,77,55,21188,10162
AATCCCGCTCAGAGCC-1,0,76,56,20935,10306
AACGTCATCCGGCTTG-1,0,77,57,21186,10452
CTCGTGGCACTGAAAG-1,0,76,58,20934,10595
CTTTATCCGACGCATG-1,0,77,59,21185,10741
AAATGACTGATCAAAC-1,0,76,60,20932,10885
TTCGTGCATGTTATAG-1,0,77,61,21183,11031
ATCAAAGAGCCGTGGT-1,0,76,62,20931,11174
ATGTCATAATAAACGA-1,0,77,63,21182,11320
CTTAATCGACTTAGTA-1,0,76,64,20929,11464
CTAAAGGATGAGATAC-1,0,77,65,21180,11610
GTGCTATCCAGCTGGA-1,0,76,66,20928,11753
GACAGAGGTCTTCAGT-1,0,77,67,21179,11899
TCGATTTACGAAACGA-1,0,76,68,20926,12042
AGGCTTAAGTTGCACA-1,0,77,69,21177,12188
TAGGATCTTAACCGCA-1,0,76,70,20924,12332
GACTTTCGAGCGGTTC-1,0,77,71,21175,12478
CCCTGGGAGGGATCCT-1,0,76,72,20923,12621
TAGTAGTTGCCGGACA-1,0,77,73,21174,12767
GCCCTAAGTGCAGGAT-1,0,76,74,20921,12911
ACTTGGGCTTTCGCCA-1,0,77,75,21172,13057
CATGATACGGTGAAAC-1,0,76,76,20920,13200
TCCTGCAGCCGCCAAT-1,0,77,77,21171,13346
GTCCGTTAGAGGGCCT-1,0,76,78,20918,13490
GCTTTATTAAGTTACC-1,0,77,79,21169,13636
AATCGAGGTCTCAAGG-1,0,76,80,20917,13779
GTGCTGTTAGAACATA-1,0,77,81,21168,13925
GGCTTCTCGTGGGTGG-1,0,76,82,20915,14068
CCTACAGTTGAGGGAG-1,0,77,83,21166,14214
TATCCCTCGATCTGCA-1,0,76,84,20913,14358
CCGGTATCTGGCGACT-1,0,77,85,21165,14504
CTCTAACACCGGCAGC-1,0,76,86,20912,14647
CTTCATCACCAGGGCT-1,0,77,87,21163,14793
GGCTGGCAATCCCACG-1,0,76,88,20910,14937
CAAACCATAAGCGTAT-1,0,77,89,21161,15083
CATGTGGGCTCATCAC-1,0,76,90,20909,15226
CCCGTGACAGTGCCTT-1,0,77,91,21160,15372
GATTATCTTGCATTAT-1,0,76,92,20907,15516
GAGTCCACCAGGTTTA-1,0,77,93,21158,15662
TGTACTATCGCTCGTT-1,0,76,94,20906,15805
TTAGCGAATAGATAGG-1,0,77,95,21157,15951
ACATACAATCAAGCGG-1,0,76,96,20904,16094
ATTCGTGTACCCATTC-1,0,77,97,21155,16240
GCTAGCAACGCACCTA-1,0,76,98,20903,16384
ACCTCAGCGAGGCGCA-1,0,77,99,21154,16530
TCCGGGCCACTAACGG-1,0,76,100,20901,16673
TCCCAATATCGACGAC-1,0,77,101,21152,16819
GGATTGAAGTAGCCTC-1,0,76,102,20899,16963
GGCGCACAGTTTACCT-1,0,77,103,21150,17109
CCCGGCACGTGTCAGG-1,0,76,104,20898,17252
AGTAAGGGACAGAATC-1,0,77,105,21149,17398
TTGCGCACAACCACGT-1,0,76,106,20896,17542
CCTGCTACAACCATAC-1,0,77,107,21147,17688
CTGGGCTACTGGAGAG-1,0,76,108,20895,17831
AGCTACGAATGGTGGT-1,0,77,109,21146,17977
ATTCGTTTATCGTATT-1,0,76,110,20893,18120
GGCATTCCCTCCCTCG-1,0,77,111,21144,18267
AGTTATTCAGACTGTG-1,0,76,112,20892,18410
CCACTTTCCTTCTAGG-1,0,77,113,21143,18556
CGCAGTTCTATCTTTC-1,0,76,114,20890,18699
AGGAGCGTTTATTATC-1,0,77,115,21141,18845
GACAGGTAATCCGTGT-1,0,76,116,20888,18989
TTCCCAAAGTACTGAT-1,0,77,117,21139,19135
CTGCAGGGTGACGCTC-1,0,76,118,20887,19278
TCATGGAGGCCTTTGT-1,0,77,119,21138,19424
ATGGCCCGAAAGGTTA-1,0,76,120,20885,19568
CGTAATATGGCCCTTG-1,0,77,121,21136,19714
AGAGTCTTAATGAAAG-1,0,76,122,20884,19857
GAACGTTTGTATCCAC-1,0,77,123,21135,20003
ATTGAATTCCCTGTAG-1,0,76,124,20882,20146
TACCTCACCAATTGTA-1,0,77,125,21133,20293
AGTCGAATTAGCGTAA-1,0,76,126,20881,20436
TTGAAGTGCATCTACA-1,0,77,127,21132,20582
