ACGCCTGACACGCGCT-1,0,0,0,16815,1654
TACCGATCCAACACTT-1,0,1,1,16701,1851
ATTAAAGCGGACGAGC-1,0,0,2,16588,1653
GATAAGGGACGATTAG-1,0,1,3,16474,1850
GTGCAAATCACCAATA-1,0,0,4,16361,1652
TGTTGGCTGGCGGAAG-1,0,1,5,16247,1849
GCATCCTCTCCTATTA-1,0,0,6,16135,1652
GCGAGGGACTGCTAGA-1,0,1,7,16021,1849
TGGTACCGGCACAGCC-1,0,0,8,15908,1651
GCGCGTTTAAATCGTA-1,0,1,9,15794,1848
TGCCTTGCCCTTACGG-1,0,0,10,15681,1650
GACGACTTTCCAAGAA-1,0,1,11,15567,1847
CCAGTGAGCTCCTTGT-1,0,0,12,15454,1650
ATACCCTGGCTCAAAT-1,0,1,13,15340,1846
GGGTTTCCGGCTTCCA-1,0,0,14,15228,1649
TAACCGTCCAGTTCAT-1,0,1,15,15114,1846
AAACAACGAATAGTTC-1,0,0,16,15001,1648
CAAGGGAGTGTATTTG-1,0,1,17,14887,1845
CCAAGCTTGATCTCCT-1,0,0,18,14774,1647
TTATTTCATCCCAAAC-1,0,1,19,14660,1844
GAGCGCTATGTCAGGC-1,0,0,20,14548,1647
TATGGCAGACTTTCGA-1,0,1,21,14434,1843
CTTCGTGCCCGCATCG-1,0,0,22,14321,1646
AAACGGGTTGGTATCC-1,0,1,23,14207,1843
TGCAAACCCACATCAA-1,0,0,24,14094,1645
GACGGGATGTCTTATG-1,0,1,25,13980,1842
GGCGAGCATCGAGGAC-1,0,0,26,13867,1644
CGCGTGCTATCAACGA-1,0,1,27,13753,1841
TGAAACCTCAACTCAC-1,0,0,28,13641,1644
CACATAAGGCGACCGT-1,0,1,29,13527,1840
TGACCCAACTCACATT-1,0,0,30,13414,1643
ATACGCCGATCTACCG-1,0,1,31,13300,1840
ACTTATCTGATCTATA-1,0,0,32,13187,1642
GTGTGAGCCGAGGTGC-1,0,1,33,13073,1839
GATGATTTGAAACTGG-1,0,0,34,12961,1641
GGGAACCACCTGTTTC-1,0,1,35,12846,1838
GTTCGTTGCGGACCAG-1,0,0,36,12734,1641
TGAGGTTGATCCCAAG-1,0,1,37,12620,1837
GATGCCACACTACAGC-1,0,0,38,12507,1640
AGGCAAAGAGGAATCA-1,0,1,39,12393,1837
AAGTAAGCTTCCAAAC-1,0,0,40,12280,1639
AACGTAGTCTACCCAT-1,0,1,41,12166,1836
GTTTGAGCGGTTATGT-1,0,0,42,12054,1638
GAAGCAAGGCAATGTT-1,0,1,43,11940,1835
TCACTCAGCGCATTAG-1,0,0,44,11827,1638
TACAATGAAACCAGCA-1,0,1,45,11713,1834
GTGCGCTTACAAATGA-1,0,0,46,11600,1637
GCACTCCCACAGTCCC-1,0,1,47,11486,1834
CGAAGACTGCCCGGGA-1,0,0,48,11373,1636
CAGGATCCGCCCGACC-1,0,1,49,11259,1833
CACGATTGGTCGTTAA-1,0,0,50,11147,1635
GGTTGTATCGTGAAAT-1,0,1,51,11033,1832
TCTTATGGGTAGTACC-1,0,0,52,10920,1635
TACAAGCTGTTCACTG-1,0,1,53,10806,1831
GTATCTTGTTGCTCAC-1,0,0,54,10693,1634
ATACCAGGTGAGCGAT-1,0,1,55,10579,1831
CCTAAACAGGGTCCGT-1,0,0,56,10467,1633
ATGGTGCTCAAAGCCA-1,0,1,57,10353,1830
CAAATGCGGAGTGTTC-1,0,0,58,10240,1632
CGTGCCCGACATTTGT-1,0,1,59,10126,1829
GTATCTCCCTAACTGT-1,0,0,60,10013,1632
ATTTGCCTAGTTACGA-1,0,1,61,9899,1829
ACGTCCTAAACGAGAT-1,0,0,62,9786,1631
CTGGGATCGCCCAGAT-1,0,1,63,9672,1828
CTGCAAATGGGCTCCA-1,0,0,64,9560,1630
CATTATAACAGGGTCC-1,0,1,65,9446,1827
ACCTTTCCTTTAGAAG-1,0,0,66,9333,1629
ATAGATTTGCAGTCGG-1,0,1,67,9219,1826
CTCGGGCATCGTCGGG-1,0,0,68,9106,1629
GTGGCGGGCCGTAGCT-1,0,1,69,8992,1826
CAACAGTGCCAAACGG-1,0,0,70,8880,1628
TGCGGGTATTGGGATC-1,0,1,71,8766,1825
GTCTCGCCAACACGCC-1,0,0,72,8653,1627
CTGGGCGGCCAAATGT-1,0,1,73,8539,1824
TAAAGGAGAAACTAGT-1,0,0,74,8426,1626
TCCCACGGAGGGAGCT-1,0,1,75,8312,1823
AGCTTCAATACTTTGA-1,0,0,76,8199,1626
TTCCACATTTCTCGTC-1,0,1,77,8085,1823
ACAAACCGACAAGGCG-1,0,0,78,7973,1625
AGACGGGATTGGTATA-1,0,1,79,7859,1822
AACCTAAAGCCGTCCG-1,0,0,80,7746,1624
TACAAATTGCGGAGGT-1,0,1,81,7632,1821
CCCGCTAGAGGGTTAA-1,0,0,82,7519,1623
CATTGCAAAGCATAAT-1,0,1,83,7405,1820
TGTACGCTATCAGCTT-1,0,0,84,7293,1623
TTCTTCGCAATAGAGC-1,0,1,85,7179,1820
TGTGATTCCAGCGCTT-1,0,0,86,7066,1622
ATTCAGGATCGCCTCT-1,0,1,87,6952,1819
GCCCATGGGTGCAATG-1,0,0,88,6839,1621
TTCCCGACGCTTCACT-1,0,1,89,6725,1818
AGCGGTTGAGATGTAC-1,0,0,90,6612,1620
GCTGTCTGTGATCGAC-1,0,1,91,6498,1817
AAAGACATGAAGTTTA-1,0,0,92,6386,1620
CAACAGAATAACGCTA-1,0,1,93,6272,1817
TGCGGTCTACGAGTAA-1,0,0,94,6159,1619
AAGACTCACGCCCACT-1,0,1,95,6045,1816
CTTTGAAACATATTCC-1,0,0,96,5932,1618
CTGGGCACTAGTCGGA-1,0,1,97,5818,1815
CGCCCTTACATCCACC-1,0,0,98,5706,1618
CACGACCACAGACTTT-1,0,1,99,5592,1814
CAATCCATTATCCGTT-1,0,0,100,5479,1617
GTGGCGTGCACCAGAG-1,0,1,101,5365,1814
CGGAGTCCTAACCTGG-1,0,0,102,5252,1616
GGTCCCATAACATAGA-1,0,1,103,5138,1813
ATCTCATAAACCTACC-1,0,0,104,5025,1615
TGCATGGCAGTCTTGC-1,0,1,105,4911,1812
TTGCAGGTCATGAAGT-1,0,0,106,4799,1615
AGCTGCATTTGAGGTG-1,0,1,107,4685,1811
TAATCAGGAATGCTGC-1,0,0,108,4572,1614
CCATCATAAGAACAGG-1,0,1,109,4458,1811
TCGTATCACCAAGCTA-1,0,0,110,4345,1613
ATTCAGATGAATCCCT-1,0,1,111,4231,1810
AAAGGTCAACGACATG-1,0,0,112,4118,1612
AGCTGCTGTGCCGAAT-1,0,1,113,4004,1809
CTAGCGCCAATCCTAC-1,0,0,114,3892,1612
GCTCGACCGAACTGAA-1,0,1,115,3778,1808
ACAGTGCAGCGCATTT-1,0,0,116,3665,1611
CGGCTGAAGGTTACGC-1,0,1,117,3551,1808
CACCTCTACGAGTGTG-1,0,0,118,3438,1610
ATACGACAGATGGGTA-1,0,1,119,3324,1807
ACTTCCTGTCGTGCGA-1,0,0,120,3212,1609
CGTAACGGAACGATCA-1,0,1,121,3098,1806
AAATCACTCCTAAACG-1,0,0,122,2985,1609
CTCCGAGTAAATCCGC-1,0,1,123,2871,1805
ACGCTAGTATCAGTGC-1,0,0,124,2758,1608
AGAGTGAACAGACACC-1,0,1,125,2644,1805
ACACCCGTAAATCTGT-1,0,0,126,2531,1607
GCTTTGCTGCCGGGTA-1,0,1,127,2417,1804
ACAGGAGGCGCAGCCG-1,0,2,0,16813,2048
AGGCAATACGGAGGAC-1,0,3,1,16699,2245
TGGTGTGACAGACGAT-1,0,2,2,16587,2048
ATCTATCGATGATCAA-1,0,3,3,16473,2245
CGGTAACAAGATACAT-1,0,2,4,16360,2047
TCGCCGGAGAGTCTTA-1,0,3,5,16246,2244
GGAGGAGTGTGTTTAT-1,0,2,6,16133,2046
TTAGGTGTGACTGGTC-1,0,3,7,16019,2243
CAGGGCTAACGAAACC-1,0,2,8,15907,2045
CCCGTGGGTTAATTGA-1,0,3,9,15793,2242
GACCGACCGCTAATAT-1,0,2,10,15680,2045
GGTATCAAGCATAGAA-1,0,3,11,15566,2242
TGCATGAGTAGATTCG-1,0,2,12,15453,2044
AATTCCAACTTGGTGA-1,0,3,13,15339,2241
TGCCGATGTCATCAAT-1,0,2,14,15226,2043
GCTGGGTCCGCTGTTA-1,0,3,15,15112,2240
TGAACACCCGAAGCAG-1,0,2,16,15000,2043
AACATTGGTCAGCCGT-1,0,3,17,14886,2239
GTGGGTCTTCTTTGCG-1,0,2,18,14773,2042
CATCGAATGGATCTCT-1,0,3,19,14659,2239
GCTACACTGTCCGAAC-1,0,2,20,14546,2041
CGGGTTGTAGCTTTGG-1,0,3,21,14432,2238
CCTAAGTGTCTAACCG-1,0,2,22,14320,2040
TCTGTGACTGACCGTT-1,0,3,23,14206,2237
TTATCATACTCGCAAA-1,0,2,24,14093,2040
AGCGTAGCGCTAGACC-1,0,3,25,13979,2236
TCCCTCCGAAATCGTT-1,0,2,26,13866,2039
AGGTCGCCACTTCGGT-1,0,3,27,13752,2236
CTAGCAACTAATTTAC-1,0,2,28,13639,2038
TTGCTAGCTACCAATC-1,0,3,29,13525,2235
GCCGGTTTGGGCGGAT-1,0,2,30,13413,2037
TGTAACTTGTCAACCT-1,0,3,31,13299,2234
CGAGATGTTGCCTATA-1,0,2,32,13186,2037
GTTACGAAATCCACGC-1,0,3,33,13072,2233
CTTGTCGTACGTGTCA-1,0,2,34,12959,2036
GCGTCCAGCTCGTGGC-1,0,3,35,12845,2233
CCCTTCTCGTACGCGA-1,0,2,36,12732,2035
CCAAAGTCCCGCTAAC-1,0,3,37,12618,2232
CCGCTTCGCGGTTAAC-1,0,2,38,12506,2034
GTTACGGCCCGACTGC-1,0,3,39,12392,2231
CCCGCTTGCCCTCGTC-1,0,2,40,12279,2034
TAGTGAGAAGTGGTTG-1,0,3,41,12165,2230
CGCTACCGCCCTATGA-1,0,2,42,12052,2033
AAACAATCTACTAGCA-1,0,3,43,11938,2230
GCGCGATGGGTCAAGT-1,0,2,44,11826,2032
ATAAACCATTGGACGG-1,0,3,45,11712,2229
TCGGGCACTTCTGGAT-1,0,2,46,11599,2031
TCTGTGGCTACATTTC-1,0,3,47,11485,2228
CTCTGTGCCTGCTATG-1,0,2,48,11372,2031
CACGACTAAAGTTCTG-1,0,3,49,11258,2227
GAGGAGTAATTCCTAC-1,0,2,50,11145,2030
AGAGGTATCTCGGTCC-1,0,3,51,11031,2227
GGCGTACCCTATATAA-1,0,2,52,10919,2029
GCCGGAAACACATCTT-1,0,3,53,10805,2226
AAATGTGGGTGCTCCT-1,0,2,54,10692,2028
ACCAGGAGTGTGATCT-1,0,3,55,10578,2225
TGTGGAGGAAGCTTAA-1,0,2,56,10465,2028
AAGGAGAACTTATAAG-1,0,3,57,10351,2225
CCCTCGGGAGCCTTGT-1,0,2,58,10239,2027
ACTGTTTAGTGTAGGC-1,0,3,59,10125,2224
CGTCAGTTTATCGTCT-1,0,2,60,10012,2026
GCGTGTATGTCGTATT-1,0,3,61,9898,2223
ACAATCGATCTTTATA-1,0,2,62,9785,2025
CAGCCCTCACAGGCAG-1,0,3,63,9671,2222
CGCGTCATATTAAACC-1,0,2,64,9558,2025
GAAGACTTCAATGCCG-1,0,3,65,9444,2222
TTGCGGCGACTCATGC-1,0,2,66,9332,2024
ACCAAACTAGAAATCC-1,0,3,67,9218,2221
TTACTGTTTCTCTACG-1,0,2,68,9105,2023
GACCAGGTCATTCATA-1,0,3,69,8991,2220
TTCTTCCCTTTGATAT-1,0,2,70,8878,2022
ACGCCCAGCTGTCGAT-1,0,3,71,8764,2219
AGTAGCGTGAACGAAC-1,0,2,72,8652,2022
CCTCGACCCACTGCCT-1,0,3,73,8538,2219
AGTTATTGAAAGGTAA-1,0,2,74,8425,2021
TCAGTTACGGAATGAT-1,0,3,75,8311,2218
GAATCTATACTCGGAC-1,0,2,76,8198,2020
TCGGCTAACTTCCCTT-1,0,3,77,8084,2217
ACGTGGTCGAATGTGC-1,0,2,78,7971,2019
ATATCGTGCCAGACCC-1,0,3,79,7857,2216
GTAGCTAGTAAGCGCG-1,0,2,80,7745,2019
ACGCTTAGTGTCTCTC-1,0,3,81,7631,2216
TCCGGCCTGCATCGAT-1,0,2,82,7518,2018
TAGTGGAACTCATACA-1,0,3,83,7404,2215
ATCATCTGCCCAGTGT-1,0,2,84,7291,2017
GTTATTAAATACGACC-1,0,3,85,7177,2214
GCGCTAAGTATGCATG-1,0,2,86,7065,2016
CCTGACGCAACCTTTA-1,0,3,87,6951,2213
CCCAAGAATGCACGGT-1,0,2,88,6838,2016
AACTGGGTTCGAGCCG-1,0,3,89,6724,2213
GGTTCCACCCGCTTCT-1,0,2,90,6611,2015
CATGCACGTGTTACTG-1,0,3,91,6497,2212
AGCGTTCCGATTTAAA-1,0,2,92,6384,2014
CCTACGCGACCTTACA-1,0,3,93,6270,2211
CGAATTACATGGTGTT-1,0,2,94,6158,2013
GAGGTCTTAGTGGGTC-1,0,3,95,6044,2210
GCCGCTAGATACGCAG-1,0,2,96,5931,2013
GTCACCTGTCTATGTC-1,0,3,97,5817,2210
CCGATTGGTCAATGAA-1,0,2,98,5704,2012
CCTGTGCGGATTGTAA-1,0,3,99,5590,2209
TTACGTAGCGCGTGCT-1,0,2,100,5478,2011
GGAGGCGAAGAACCGC-1,0,3,101,5363,2208
GGGTCACGTGCTTATG-1,0,2,102,5251,2011
GCTCCGGACGTTGATA-1,0,3,103,5137,2207
ATGTTTGTAAGATCAT-1,0,2,104,5024,2010
TGACCCAGCATTCCCG-1,0,3,105,4910,2207
TGGTCGTTTGATAGAT-1,0,2,106,4797,2009
TGTAATGCCTTCGGAC-1,0,3,107,4683,2206
TGCTCACACAACAACC-1,0,2,108,4571,2008
TACGATCCAAGCCACT-1,0,3,109,4457,2205
TTGTAACTTCATAGCG-1,0,2,110,4344,2008
AGATTCAAGCGGGTCG-1,0,3,111,4230,2204
CTCAGCAGACTGCCGA-1,0,2,112,4117,2007
GTAACATCAGCTCATC-1,0,3,113,4003,2204
ATGGAACAGAATAAAC-1,0,2,114,3890,2006
GGGCCTATACAACCGG-1,0,3,115,3776,2203
TCAAACAATTAGGACA-1,0,2,116,3664,2005
AAACCACTACACAGAT-1,0,3,117,3550,2202
AAACGACAGTCTTGCC-1,0,2,118,3437,2005
TTGAGGGTCGAACGCG-1,0,3,119,3323,2201
TGTTGATCACTGTTTA-1,0,2,120,3210,2004
AGGGTGTGCTACACGC-1,0,3,121,3096,2201
GTAGTTAGACAATATA-1,0,2,122,2984,2003
AATGGCCGCCAATGCG-1,0,3,123,2870,2200
TCGGCGGTATTAGATT-1,0,2,124,2757,2002
GGGTCACTGAGTAGTG-1,0,3,125,2643,2199
GAATTATGCAACCTAC-1,0,2,126,2530,2002
GATCTTAGTGAACGTG-1,0,3,127,2416,2198
CTAATGCGCCCAACAA-1,0,4,0,16812,2443
GCCACCCATTCCACTT-1,0,5,1,16698,2640
TACTCACAACGTAGTA-1,0,4,2,16585,2442
GTTCGGTGTGGATTTA-1,0,5,3,16471,2639
TCTTTCGGCGGGACAC-1,0,4,4,16359,2441
GGAGACATTCACGGGC-1,0,5,5,16245,2638
GGGATTATCTCACAAC-1,0,4,6,16132,2441
TAGAACGCCAGTAACG-1,0,5,7,16018,2638
ACGAGTCGCCGGCGTT-1,0,4,8,15905,2440
TGATGGGACTAAGTCA-1,0,5,9,15791,2637
TGCGAGAAACGTTACG-1,0,4,10,15679,2439
TCGCCTCGACCTGTTG-1,0,5,11,15565,2636
AACTCGATAAACACGT-1,0,4,12,15452,2438
AGGAAAGCCTCTGATG-1,0,5,13,15338,2635
GAAGGACTAAATTGAA-1,0,4,14,15225,2438
GTATCGGGACGAGCTG-1,0,5,15,15111,2635
CCTGTGCATAGGAGAC-1,0,4,16,14998,2437
CATACGGGTGCATGAT-1,0,5,17,14884,2634
CCACTAAACTGAATCG-1,0,4,18,14772,2436
AAATTGCGGCGGTTCT-1,0,5,19,14658,2633
AGTCCAGCGGGTACGT-1,0,4,20,14545,2436
CATTCAGGTCAGTGCG-1,0,5,21,14431,2632
CTAAAGTCCGAAGCTA-1,0,4,22,14318,2435
AATCAGACTGCAGGAC-1,0,5,23,14204,2632
AGTATCCATAATAACG-1,0,4,24,14092,2434
CTGGCTGCTAACGTAA-1,0,5,25,13978,2631
GTTCCAAGACAGCGAC-1,0,4,26,13865,2433
AAGACTAACCCGTTGT-1,0,5,27,13751,2630
GATTAATCCTGGCTCA-1,0,4,28,13638,2433
CGCGCAAGGAACTACA-1,0,5,29,13524,2629
CAGTAGCGAGGTAGTA-1,0,4,30,13411,2432
ACGGCGGGTTGCCCTG-1,0,5,31,13297,2629
CTAGGCGGCAGAGAAT-1,0,4,32,13185,2431
GTGCGCAGCTTGCTCC-1,0,5,33,13071,2628
TCACTATCGTGCAATC-1,0,4,34,12958,2430
TATGATTCTGCTTGGT-1,0,5,35,12844,2627
TAAGATTTAGCGGGAG-1,0,4,36,12731,2430
TTACGGTGTCACCGAG-1,0,5,37,12617,2626
CTACACTAGCTTGTTC-1,0,4,38,12504,2429
TGAGCAGTCGTGAAGT-1,0,5,39,12390,2626
CGCTGAGGACGTCCAA-1,0,4,40,12278,2428
GTGTATGACTTTAAAG-1,0,5,41,12164,2625
CTAAACGGGTGTAATC-1,0,4,42,12051,2427
TGTACTGTGCCAAAGT-1,0,5,43,11937,2624
GGCCACAAGCGATGGC-1,0,4,44,11824,2427
GTCAATTGTACTGAAG-1,0,5,45,11710,2623
AGGGACAGCACGGCGG-1,0,4,46,11598,2426
AGCTTATAGAGACCTG-1,0,5,47,11484,2623
AACTAGCGTATCGCAC-1,0,4,48,11371,2425
AACTTTAGCTGCTGAG-1,0,5,49,11257,2622
CCCAAGACAGAGTATG-1,0,4,50,11144,2424
GGCATCAACGAGCACG-1,0,5,51,11030,2621
ATGCATTCCGTGATGG-1,0,4,52,10917,2424
TTATAGATGCACATTA-1,0,5,53,10803,2620
GAACCATCTGGGAGAC-1,0,4,54,10691,2423
TGCTATACAAACGGAC-1,0,5,55,10577,2620
ACTTGCCATATTGTAC-1,0,4,56,10464,2422
TATTCCGGCAGTCCTA-1,0,5,57,10350,2619
GACGGACCGCGTTCCT-1,0,4,58,10237,2421
ATGTGTAGTTTAGTCA-1,0,5,59,10123,2618
ATACCAGCAAATTGCT-1,0,4,60,10011,2421
AAGTTTACTAATGGCA-1,0,5,61,9897,2618
CTCTCGATGTGCGCCT-1,0,4,62,9784,2420
GATTGACACTCTGCTC-1,0,5,63,9670,2617
TATCACAGCACGGGCA-1,0,4,64,9557,2419
ACCGTTCCCGCTCTGA-1,0,5,65,9443,2616
CCGCCACCACAATCCA-1,0,4,66,9330,2418
CATTCACTGACAGCTA-1,0,5,67,9216,2615
CGGCTGCAAGATTAAG-1,0,4,68,9104,2418
CATGAACCTCTTATCA-1,0,5,69,8990,2615
TTAATGCGAGGTAACT-1,0,4,70,8877,2417
AATAAGTCCTCGAGAC-1,0,5,71,8763,2614
ACCAGCCCGGTCTTTG-1,0,4,72,8650,2416
CTACGAACTAGGTCGA-1,0,5,73,8536,2613
ACATCTCAACGCGTAA-1,0,4,74,8424,2415
CACTACTCAGTTCTGT-1,0,5,75,8310,2612
CCGACTCGCATAGTCT-1,0,4,76,8197,2415
CATTTATCGTTCAAGA-1,0,5,77,8083,2612
CAAACGTGGTCTTGCG-1,0,4,78,7970,2414
TAGAAACCACTAAGTA-1,0,5,79,7856,2611
ACTGATTTAGTGATTC-1,0,4,80,7743,2413
TCGTATTTCGTCCGGA-1,0,5,81,7629,2610
CGGAAATTTCACATCC-1,0,4,82,7517,2412
ATCCACGCTAAATGTT-1,0,5,83,7403,2609
GTTCAATCTATGTCAA-1,0,4,84,7290,2412
ATAAAGGTCAAGTACG-1,0,5,85,7176,2609
CAACTCCAACGTTTAG-1,0,4,86,7063,2411
TAGGAACAGCCTCCAG-1,0,5,87,6949,2608
ATGGGAACGGAAGCGG-1,0,4,88,6837,2410
CACACGTTTCAATGGG-1,0,5,89,6723,2607
GGTGTTCTGTTTCTAC-1,0,4,90,6610,2409
AGTAACGTTCATCCTG-1,0,5,91,6496,2606
GTATAGTGGCCCATGT-1,0,4,92,6383,2409
TCTACACGTTCATGCA-1,0,5,93,6269,2606
AATCTGGGTAGACCCT-1,0,4,94,6156,2408
TCGGTTAGCCATGTAG-1,0,5,95,6042,2605
TGCCATGGCTTATAAG-1,0,4,96,5930,2407
TAAGTAAATGTGCCGC-1,0,5,97,5816,2604
GTGTCCGATAAGGCAT-1,0,4,98,5703,2406
TGGCACGAGCTCGAGT-1,0,5,99,5589,2603
ACCGGTCTGAGTACGG-1,0,4,100,5476,2406
GAACTTAGCGCCCGGT-1,0,5,101,5362,2603
AGTAGCTAGACGCCGA-1,0,4,102,5249,2405
ATAGGAATCTAAGCTT-1,0,5,103,5135,2602
CTTCCTGCATATTTAC-1,0,4,104,5023,2404
CAATATGTAGATTTAC-1,0,5,105,4909,2601
ACAAGGCCTACCAGCC-1,0,4,106,4796,2404
TTATAGTCCAAGGTGC-1,0,5,107,4682,2600
AAACGCCCGAGATCGG-1,0,4,108,4569,2403
CCTCGTTACGCCTGTT-1,0,5,109,4455,2600
GAACGGTGTAAAGCAG-1,0,4,110,4343,2402
ACGCATAAATGACATG-1,0,5,111,4229,2599
GGTTCGATGCTGAGTT-1,0,4,112,4116,2401
CTTTGGCAGACAGAGT-1,0,5,113,4002,2598
TTCGTGGGCTGGAAGC-1,0,4,114,3889,2401
CAAAGGTTAAATTCAG-1,0,5,115,3775,2597
GTTTGGCGTCAGGCAC-1,0,4,116,3662,2400
GCTTTCTATCTCAACT-1,0,5,117,3548,2597
TGCATCTCCGGATCTT-1,0,4,118,3436,2399
CTGAAACGGCCCTCAG-1,0,5,119,3322,2596
TAGCAGTAAATACGCG-1,0,4,120,3209,2398
CGGGCTACTTAAATTG-1,0,5,121,3095,2595
ATTATGCTCAGTATTG-1,0,4,122,2982,2398
TGATGCTCACGTAGTC-1,0,5,123,2868,2594
GTCTAAGATGCCCAGC-1,0,4,124,2756,2397
AACCCGATAGGGCTTC-1,0,5,125,2642,2594
CGCTATCGTGGCTTTA-1,0,4,126,2529,2396
CGTCTCTCGCCGAGGC-1,0,5,127,2415,2593
AGTGGGAGTATACACG-1,0,6,0,16811,2837
GGTCTTGGTGTTAACT-1,0,7,1,16697,3034
GGCTGGCAGCTTTATG-1,0,6,2,16584,2837
CGCCAATTATTGCGTT-1,0,7,3,16470,3034
GGTAACCGGCAAAGGT-1,0,6,4,16357,2836
TGGGACCATTGGGAGT-1,0,7,5,16243,3033
CTGCAGGTGCTCGGCC-1,0,6,6,16131,2835
CCGGTGCGAGTGATAG-1,0,7,7,16017,3032
GGGTACACTCTGGAGG-1,0,6,8,15904,2834
TAGCCAGAGGGTCCGG-1,0,7,9,15790,3031
CTTGTGAGGACAGCGG-1,0,6,10,15677,2834
GAAGGGCATAACCATG-1,0,7,11,15563,3031
CAACATGGCCTGATAA-1,0,6,12,15451,2833
CAATTTGACCGGGAAG-1,0,7,13,15337,3030
TCTGACTGTAATGGTT-1,0,6,14,15224,2832
TTCATAGCCTTGTAAC-1,0,7,15,15110,3029
TGGAAACGGAGTGAAC-1,0,6,16,14997,2831
ATCGCACGATTGTTCA-1,0,7,17,14883,3028
CGCCACCCGCATTAAC-1,0,6,18,14770,2831
TGGACCACGGCGTTGA-1,0,7,19,14656,3028
GTATATGTTACGGCGG-1,0,6,20,14544,2830
GTATTCTTACCGTGCT-1,0,7,21,14430,3027
TTCAGAGTAACCTGAC-1,0,6,22,14317,2829
GCGGTAACCCAAATGA-1,0,7,23,14203,3026
CTACGTGTTGCCACCA-1,0,6,24,14090,2829
CTAGATAAACTCCTCG-1,0,7,25,13976,3025
TCCATTAGTTGGATAG-1,0,6,26,13863,2828
CTGGCTCCTGCGGGAT-1,0,7,27,13749,3025
CAGTCTCTCGGCTAAT-1,0,6,28,13637,2827
GTATGACGTGGGAAAC-1,0,7,29,13523,3024
AGTCACTCCGCCTCAT-1,0,6,30,13410,2826
GCAGCGGTGGGCATTA-1,0,7,31,13296,3023
TATGGAGTTTCTCGTT-1,0,6,32,13183,2826
ACTCAACGAATGTATT-1,0,7,33,13069,3022
AACACGCGGCCGCGAA-1,0,6,34,12957,2825
CGATATTAGCCGCAGG-1,0,7,35,12843,3022
AGCGTCTGAACCCGCA-1,0,6,36,12730,2824
GATGTCCGGATCACAT-1,0,7,37,12616,3021
GGTCACGTTAGATTCA-1,0,6,38,12503,2823
TTAAGGATACGGAGGT-1,0,7,39,12389,3020
GTGCGGGACCATCGGC-1,0,6,40,12276,2823
CCATCTTGTTCACAAT-1,0,7,41,12162,3019
TCCGAGAAGGCTAAGC-1,0,6,42,12050,2822
TGGCGGTGTGCGATTG-1,0,7,43,11936,3019
ATCCTGCTGCAGATAG-1,0,6,44,11823,2821
TTATGCGTCCCGGTCC-1,0,7,45,11709,3018
CATAATGAGCGGGCGA-1,0,6,46,11596,2820
AGACATAGATCCTTCC-1,0,7,47,11482,3017
GGTGAAACCGGGAATG-1,0,6,48,11370,2820
AACTGGTGTGGGCCTT-1,0,7,49,11256,3016
GTAGCGCTGTTGTAGT-1,0,6,50,11143,2819
TTGTTTGTGTAAATTC-1,0,7,51,11029,3016
GGATCAAAGGACGAGG-1,0,6,52,10916,2818
CGTAGCGCCGACGTTG-1,0,7,53,10802,3015
CAAGTGAACTTTGGTT-1,0,6,54,10689,2817
GTAGACAACCGATGAA-1,0,7,55,10575,3014
CAATGGTCGGCCTGGG-1,0,6,56,10463,2817
ACAGATTAGGTTAGTG-1,0,7,57,10349,3013
GTTATCACCTTCTGAA-1,0,6,58,10236,2816
TGGTATCGGTCTGTAT-1,0,7,59,10122,3013
GGAATAACCTCAAGAA-1,0,6,60,10009,2815
ATTATCTCGACAGATC-1,0,7,61,9895,3012
CCGAGGGATGTTAGGC-1,0,6,62,9783,2814
TGAGATCAAATACTCA-1,0,7,63,9669,3011
AAACGAAGAACATACC-1,0,6,64,9556,2814
CTGGTCCTAACTTGGC-1,0,7,65,9442,3011
TGCACGAGTCGGCAGC-1,0,6,66,9329,2813
ATAGTCTTTGACGTGC-1,1,7,67,9215,3010
TGGAGCTAAAGTTCCC-1,0,6,68,9102,2812
GGGTGGTCCAGCCTGT-1,1,7,69,8988,3009
CATGCATGGAGACCCT-1,1,6,70,8876,2811
ACACGGCACTATGCAT-1,1,7,71,8762,3008
CCCTGGTATGGGCGGC-1,1,6,72,8649,2811
GGAGGATTGAAAGGAG-1,1,7,73,8535,3008
CCGCTGGTGCCATTCA-1,1,6,74,8422,2810
GTTAGAGTGTGCCGCT-1,1,7,75,8308,3007
TCGGAATGACCATCAA-1,1,6,76,8196,2809
TTCAATTAGCCATAAT-1,1,7,77,8082,3006
GATGTGTTGTCACAAG-1,1,6,78,7969,2808
TCTTTCTCTTAAGGAG-1,1,7,79,7855,3005
ACCCTTTAGTTCTCCA-1,1,6,80,7742,2808
ACCACAACTCAGAACA-1,1,7,81,7628,3005
TATGATAAATCTAACG-1,1,6,82,7515,2807
GATCCTCTTGCGCTTA-1,1,7,83,7401,3004
TTCTACCTTTATGTTG-1,1,6,84,7289,2806
GAAATACCTGCTGGCT-1,1,7,85,7175,3003
ATTCTGAGTATGAACT-1,0,6,86,7062,2805
GGATTAAGCTAAGGTC-1,1,7,87,6948,3002
AGTACGTGGCCTGTCT-1,0,6,88,6835,2805
TCAGGGTGCACGAAAC-1,0,7,89,6721,3002
AAATTTACCGAAATCC-1,0,6,90,6609,2804
TTGAGGCATTTAACTC-1,0,7,91,6494,3001
AACCAGTATCACTCTT-1,0,6,92,6382,2803
CACCGGAGATATCTCC-1,0,7,93,6268,3000
GACTGGGCGCCGCAAC-1,0,6,94,6155,2802
CACGTCTATGATGTGG-1,0,7,95,6041,2999
TTAAGACGAACGAACC-1,0,6,96,5928,2802
TGACCAGCTTCAAAGT-1,0,7,97,5814,2999
AGAGTTAGAGACCGAT-1,0,6,98,5702,2801
TTCGGACTGATGCCTT-1,0,7,99,5588,2998
CTCGAATGGAACGTAT-1,0,6,100,5475,2800
GGACGGCTTGCGCAAC-1,0,7,101,5361,2997
CTAAGTACAGGGCTAC-1,0,6,102,5248,2799
ACAAATTCAGATCTGA-1,0,7,103,5134,2996
CATGGAAATGGGACCA-1,0,6,104,5021,2799
GGTGGACCACGTGTTA-1,0,7,105,4907,2996
CACGACGTAATAGTAA-1,0,6,106,4795,2798
CGGGTTCGGCACGTAT-1,0,7,107,4681,2995
CTGGGCTATCCTTTGG-1,0,6,108,4568,2797
GTATTAGGGTTCGCGT-1,0,7,109,4454,2994
TCATTCGTATAATTTG-1,0,6,110,4341,2797
AATAGCAAGCCTCCTG-1,0,7,111,4227,2993
CATCTACCCGAGAACG-1,0,6,112,4115,2796
GCTTCAGTGGGATTAC-1,0,7,113,4001,2993
TCTGTGATGGAGGTTG-1,0,6,114,3888,2795
ATCCACTTTCAGACTA-1,0,7,115,3774,2992
ATGGTTACGAAACATG-1,0,6,116,3661,2794
GGCCCAATCTAGAGGG-1,0,7,117,3547,2991
GATGGTGAAATAACCC-1,0,6,118,3434,2794
AGAGGGACAATTGTCC-1,0,7,119,3320,2990
CGCGTACATTCTGGAA-1,0,6,120,3208,2793
CAAGAAACCCTAAACT-1,0,7,121,3094,2990
TTGGTGCGGTGTTGAA-1,0,6,122,2981,2792
GGTTCCCTAGTGTCTC-1,0,7,123,2867,2989
CGATAACCAATTTGAG-1,0,6,124,2754,2791
GCCCACTGGTCCACAA-1,0,7,125,2640,2988
GAGGGCCGGCAGAGTC-1,0,6,126,2528,2791
CGACACGGATGCCCAC-1,0,7,127,2414,2987
CTGTCTGTGGCTGGCT-1,0,8,0,16810,3232
ATATTATCCCGTATTT-1,0,9,1,16696,3429
GCGCTGGCGGAAAGTC-1,0,8,2,16583,3231
ATCTAACGTCCCTATG-1,0,9,3,16469,3428
GTCAGACAGCGTTGGA-1,0,8,4,16356,3230
GCCAGGCTTAGTGGTA-1,0,9,5,16242,3427
ATTCAAAGTACCTGTT-1,0,8,6,16129,3230
TGGACGTAGGCGAATC-1,0,9,7,16015,3427
ACACATTGACGCAACA-1,0,8,8,15903,3229
GATATCAGTATGTATC-1,0,9,9,15789,3426
TGGGCCTTGCCTGCAT-1,0,8,10,15676,3228
CAAAGTCAGGTTAGCT-1,0,9,11,15562,3425
GGATCCCTACCAGCTA-1,0,8,12,15449,3227
ATCGTCCAATCGAGTC-1,0,9,13,15335,3424
ACATGGCTCAATTTAG-1,0,8,14,15223,3227
AGGCCCAGTGACTGGT-1,0,9,15,15109,3424
GCTTCCAGCTTAGATT-1,0,8,16,14996,3226
TGCTTGAAACCATGCA-1,0,9,17,14882,3423
CAATATTGGACTAGTG-1,0,8,18,14769,3225
CGTGCTGGCCTAGTCG-1,0,9,19,14655,3422
CCTGCGATAGAACTGT-1,0,8,20,14542,3225
GGGTAATGCTGTGTTT-1,0,9,21,14428,3421
AACGCGAACGGCAACA-1,0,8,22,14316,3224
TGTCGGCATGGTGGAA-1,0,9,23,14202,3421
AGCGTACGAGAGCTAG-1,0,8,24,14089,3223
ATACTCTCGCCACTCT-1,0,9,25,13975,3420
AATCCATGCAAGGGTG-1,0,8,26,13862,3222
TTAAACAGAGTCCCGC-1,0,9,27,13748,3419
CCACAGCTGAAATCAT-1,0,8,28,13635,3222
CGGTTCCGGCTTCTTG-1,0,9,29,13521,3418
GACGTGAGACTCCATG-1,0,8,30,13409,3221
TCGTTGGCTCGTCAAT-1,0,9,31,13295,3418
GGTGAACGGGCTAGCC-1,0,8,32,13182,3220
GCACTGTGCAAATGTA-1,0,9,33,13068,3417
ACGAGAACCCATCACG-1,0,8,34,12955,3219
CCAGCTACGCCTCATA-1,0,9,35,12841,3416
TCCCGGTCAGGAATTT-1,0,8,36,12729,3219
TCGCATTCAATGACTT-1,0,9,37,12615,3415
CTGGTTCAACGCATCA-1,0,8,38,12502,3218
GGTGATTTCATCTTGT-1,0,9,39,12388,3415
CACCCTTTCCTCGCTC-1,0,8,40,12275,3217
CAACTTGTAGTGGGCA-1,0,9,41,12161,3414
AATATCAAGGTCGGAT-1,0,8,42,12048,3216
ACTCAGACCTGCTTCT-1,0,9,43,11934,3413
TTGGAGTCTCCCTTCT-1,0,8,44,11822,3216
GGATACTCATGAATTG-1,0,9,45,11708,3412
TGGGCACAAACAGAAC-1,0,8,46,11595,3215
GAGCCACGGTAGTAGG-1,0,9,47,11481,3412
TCGATAGGCTAGTCGC-1,0,8,48,11368,3214
TAACCGCCCGCAGTGC-1,0,9,49,11254,3411
GCCTATTTGCTACACA-1,0,8,50,11142,3213
TTGACGATTCAGCACG-1,0,9,51,11028,3410
TTAAACCGGTAGCGAC-1,0,8,52,10915,3213
ACCGAAAGGGCCCTGC-1,0,9,53,10801,3409
ACGTTCCGCGCTCCGT-1,0,8,54,10688,3212
ATACCAGGCTAATAGA-1,0,9,55,10574,3409
CGGCTTTGTATGATAA-1,0,8,56,10461,3211
CTTGACCCGAAAGATA-1,0,9,57,10347,3408
CGCAGAAACATTTGCG-1,0,8,58,10235,3210
GACCCGTCGCCGGCTA-1,0,9,59,10121,3407
AATCGGGACACTACGA-1,0,8,60,10008,3210
GTCACAAAGTTTCCAA-1,0,9,61,9894,3406
TATATTCGCGTCGATA-1,0,8,62,9781,3209
CCTCCCGACAATCCCT-1,0,9,63,9667,3406
CGACATGCGATCTTCT-1,0,8,64,9555,3208
AACACGACTGTACTGA-1,0,9,65,9441,3405
CCCAACCACACTAACA-1,0,8,66,9328,3207
CACCGCCGACCAGCGA-1,0,9,67,9214,3404
TGGTATCGCATCCCAA-1,1,8,68,9101,3207
CAGAGTGATTTAACGT-1,1,9,69,8987,3404
AACCCTGGTGGAACCA-1,1,8,70,8874,3206
GTCAGTTGTGCTCGTT-1,1,9,71,8760,3403
ATTGACGTAACTCGGT-1,1,8,72,8648,3205
GATGTCGGTCAACTGC-1,1,9,73,8534,3402
AGGGCAGCGGCGTGGT-1,1,8,74,8421,3204
ACATCGTTAACCTAGT-1,1,9,75,8307,3401
TCCATTGTGACCTCGT-1,1,8,76,8194,3204
TGTTTAATACTTCATC-1,1,9,77,8080,3401
TTGCTGGCCGGGCTTC-1,1,8,78,7968,3203
CATATTATTTGCCCTA-1,1,9,79,7854,3400
CTGCCTAGCCACCAAG-1,1,8,80,7741,3202
ACGAGATATTTGCTTA-1,1,9,81,7627,3399
GACTACAATTGCTCGT-1,1,8,82,7514,3201
AACGTGATGAAGGACA-1,1,9,83,7400,3398
ACTCTCTTATACACGA-1,1,8,84,7287,3201
CGCATCATGGCTTCAG-1,1,9,85,7173,3398
CGGCTCTTCGTCGAAC-1,1,8,86,7061,3200
ATTCTTCGTACTTATG-1,1,9,87,6947,3397
AGTGAGGGTTTCTGAC-1,1,8,88,6834,3199
GCCAGGCGTTCGCATG-1,1,9,89,6720,3396
GACTAACACAGCACCT-1,1,8,90,6607,3198
CAATGGAATCTACATA-1,1,9,91,6493,3395
GTGGTCAGCGAAGTAT-1,1,8,92,6380,3198
ATGGCTGGAAATGGCC-1,1,9,93,6266,3395
ATCAGGTCGCCATTGC-1,1,8,94,6154,3197
TATCACCATGTAAAGT-1,1,9,95,6040,3394
AGCGCTTATGGGCAAG-1,0,8,96,5927,3196
AAGCGGCGTCATGGGT-1,1,9,97,5813,3393
ACTAATACGTCAGGCG-1,0,8,98,5700,3195
GGCTGAGCATCGTAAG-1,1,9,99,5586,3392
CGGTTGGGTTCAAGTT-1,0,8,100,5474,3195
GACTGATTGGTCACAA-1,0,9,101,5360,3392
AGACGGGCCGATTTAA-1,0,8,102,5247,3194
ACCAGTGCCCGGTCAA-1,0,9,103,5133,3391
GTCCTTTAATGACTTC-1,0,8,104,5020,3193
CCTACAAGTCCGGAAT-1,0,9,105,4906,3390
GCCTGCTACACTGAGA-1,0,8,106,4793,3192
GACTCGGTCGGCGGAT-1,0,9,107,4679,3389
CTAGACATATATGTAG-1,0,8,108,4567,3192
TCGCCCAACTGACTCC-1,0,9,109,4453,3389
AAACTAACGTGGCGAC-1,0,8,110,4340,3191
AACTGAGGTCAGCGTC-1,0,9,111,4226,3388
ACAATGATTCTTCTAC-1,0,8,112,4113,3190
ATAAGTACCCGATTGT-1,0,9,113,3999,3387
ATTGGGAGTTCTGTAA-1,0,8,114,3887,3190
CGAACATAGTCAGAAA-1,0,9,115,3773,3386
TAGCTCAGATCCTAGT-1,0,8,116,3660,3189
GTGTCGTATTCACCTT-1,0,9,117,3546,3386
CTCACCGATCCAAACT-1,0,8,118,3433,3188
ATATGTGCACAAACCA-1,0,9,119,3319,3385
CAGTCCAACGCCTTCT-1,0,8,120,3206,3187
TCGTCCGGGTACACTC-1,0,9,121,3092,3384
GCAGAAACGTAATCCA-1,0,8,122,2980,3187
TTCGAGCCGGCGCTAC-1,0,9,123,2866,3383
GGAAGATAAGACTGTA-1,0,8,124,2753,3186
ATAAGCAAACACCGAG-1,0,9,125,2639,3383
GCATAAATTGAACGCC-1,0,8,126,2526,3185
CGCCGGTGTCGCAGTA-1,0,9,127,2412,3382
GACCTGGTCTGGGCGT-1,0,10,0,16808,3626
AGCCGCTTGATTAGCG-1,0,11,1,16694,3823
CCCGGCTAGGTGAGAA-1,0,10,2,16582,3626
CGAGCCGAGCACTCGA-1,0,11,3,16468,3823
TAGTGCTTGAATCCTT-1,0,10,4,16355,3625
CAACCGCACCTAGACA-1,0,11,5,16241,3822
ACCACTGTTCAAGAAG-1,0,10,6,16128,3624
AGATGCTATAACGAGC-1,0,11,7,16014,3821
AATTACTCGTACGCTC-1,0,10,8,15901,3623
CGTCAATCTTTAACAT-1,0,11,9,15787,3820
CCAAAGCAGTTGGTTG-1,0,10,10,15675,3623
CCATATTGGATCATGA-1,0,11,11,15561,3820
CGTACCGAAAGTCTAG-1,0,10,12,15448,3622
CTCGAGATCCAAAGCA-1,0,11,13,15334,3819
TGGATAGAGTAACAGA-1,0,10,14,15221,3621
TCACAGATCCTCAAAC-1,0,11,15,15107,3818
AGAGCTACGAAAGCAT-1,0,10,16,14994,3620
TGCGTGATTGGGTGTC-1,0,11,17,14880,3817
CACATGTTTGGACATG-1,0,10,18,14768,3620
TTCGCATCCGGAAGCA-1,0,11,19,14654,3817
CCCTAGTGTCAGGTGT-1,0,10,20,14541,3619
TTACCGCCTTAGGGAA-1,0,11,21,14427,3816
CCAGTCCATTATTCGA-1,0,10,22,14314,3618
CGTAAACGCTTGAGTG-1,0,11,23,14200,3815
ATTCCTTCCAGGCGGT-1,0,10,24,14088,3618
TTCCTTTCTGTGTTGC-1,0,11,25,13974,3814
AGTTGACATCGGCTGG-1,0,10,26,13861,3617
AACTCGATGGCGCAGT-1,0,11,27,13747,3814
GATAAGGCAGATGCAA-1,0,10,28,13634,3616
GGCTGGCTAGCTTAAA-1,0,11,29,13520,3813
CCTCATGCAGCTACGA-1,0,10,30,13407,3615
GACGCCTGTTGCAGGG-1,0,11,31,13293,3812
TAATTAGATGGATATG-1,0,10,32,13181,3615
GAGGGCATCGCGTATC-1,0,11,33,13067,3811
CTTGTGAGTCTTTGAC-1,0,10,34,12954,3614
TCAACACATTGGGTAA-1,0,11,35,12840,3811
ACTGTATACGCGAGCA-1,0,10,36,12727,3613
GTGAAACGTGCTCCAC-1,0,11,37,12613,3810
CGAGTGCTATAGTTCG-1,0,10,38,12501,3612
GTACTGCATGAAGCGT-1,0,11,39,12387,3809
GTAACTTGCGGCAGTC-1,0,10,40,12274,3612
GAATCGCCGGACACGG-1,0,11,41,12160,3808
GGGAGTAATGGCTGGC-1,0,10,42,12047,3611
CATGAACCGACATTTG-1,0,11,43,11933,3808
TCTGTCATACAAGAGC-1,0,10,44,11820,3610
GTCGTCAATTATAAGG-1,0,11,45,11706,3807
TAAAGAGCCCGAAACC-1,0,10,46,11594,3609
GTACTGAGGTCGTAAC-1,0,11,47,11480,3806
AAAGACCCAAGTCGCG-1,0,10,48,11367,3609
CGTCAGTGCGCACAAG-1,0,11,49,11253,3805
TGTATCCTTATTCCAT-1,0,10,50,11140,3608
ATTCTCGTCTCTTTAG-1,0,11,51,11026,3805
AAAGTCACTGATGTAA-1,0,10,52,10914,3607
TGTCTACAGTTTCTGT-1,0,11,53,10800,3804
TTAACGTCGCAAGACC-1,0,10,54,10687,3606
CTATGTCTATTGAAAC-1,0,11,55,10573,3803
TCGGGTGAAACTGCTA-1,0,10,56,10460,3606
TGTCCCGACATAGCAC-1,0,11,57,10346,3802
ACAGCATAGAGCCAGT-1,0,10,58,10233,3605
ATATTCCCACAGGTCA-1,0,11,59,10119,3802
TTGGATCGACTTCTGG-1,0,10,60,10007,3604
CACCATCGGAGGAGAC-1,0,11,61,9893,3801
TCGTTCGTTATTATGT-1,0,10,62,9780,3603
CTTAACTTCGAAGTAC-1,0,11,63,9666,3800
GCACAAGTGTCGGAAG-1,0,10,64,9553,3603
TACCAGCTAGGTTTAA-1,0,11,65,9439,3799
ACGTACAGATTTCTCT-1,0,10,66,9327,3602
AATTTGGTTCCAAAGA-1,0,11,67,9213,3799
GTAAGGATTTGTCGGA-1,1,10,68,9100,3601
CATCATCTACCCGGAC-1,1,11,69,8986,3798
ACGATGGATCCGATGC-1,1,10,70,8873,3600
CACTCAGCTCTTGAGG-1,1,11,71,8759,3797
TAGATCCGAAGTCGCA-1,1,10,72,8646,3600
TGAAACTTATGCAAGC-1,1,11,73,8532,3797
GCGATTCTGGAAGCAG-1,1,10,74,8420,3599
CAAACTATTGAGCTTC-1,1,11,75,8306,3796
TAGAATTAAGGGCAAC-1,1,10,76,8193,3598
CGAAACATAGATGGCA-1,1,11,77,8079,3795
GATGGTGCCCTAGGCA-1,1,10,78,7966,3597
CCCGCAGGGCCCAAAG-1,1,11,79,7852,3794
ACAGCGCACCCGCAGC-1,1,10,80,7740,3597
GGTAAATGTGCGTTAC-1,1,11,81,7625,3794
GTCCTTCTAGTGGGTT-1,1,10,82,7513,3596
GGAAGCTCGCTTACAG-1,1,11,83,7399,3793
CACCGATACACCGAGC-1,1,10,84,7286,3595
CAGCCGGGCCCTCTAT-1,1,11,85,7172,3792
CGGAGCTTATAACACC-1,1,10,86,7059,3594
ATTACAACTACCGGCC-1,1,11,87,6945,3791
TCCTCTGGCCCATTAG-1,1,10,88,6833,3594
CGGCACCGTTAGCGCC-1,1,11,89,6719,3791
TCGGTCCCTGACTCCA-1,1,10,90,6606,3593
TGGTTGGAGGATCCTG-1,1,11,91,6492,3790
CTGCGGTAGTCACGTG-1,1,10,92,6379,3592
GTGCCTCAGTGTACGG-1,1,11,93,6265,3789
ATCGTTCACTTTCGCC-1,1,10,94,6152,3591
ACTTACCGGGCGCGCA-1,1,11,95,6038,3788
CTAGACTGCATTTCGT-1,1,10,96,5926,3591
TTGCCGGTGATCCCTC-1,1,11,97,5812,3788
CTGTCACGCCAGGCGC-1,1,10,98,5699,3590
CGGTATAGGTATTAGC-1,1,11,99,5585,3787
CCAACGCTTGCCAGGG-1,1,10,100,5472,3589
CGTTGAGTAATTGCGT-1,1,11,101,5358,3786
TGTATTTACCTAATGC-1,0,10,102,5246,3588
TAAATGCCGTCTCATG-1,1,11,103,5132,3785
CGGTTTATGAAGGAAC-1,0,10,104,5019,3588
GCAAGATGTGTTCGCG-1,0,11,105,4905,3785
AAAGGTAAGCTGTACC-1,0,10,106,4792,3587
GTACGTCACGTATTAA-1,0,11,107,4678,3784
AGTACCTTCGAGTGCT-1,0,10,108,4565,3586
ATTGTGACTTCGCTGC-1,0,11,109,4451,3783
TGTATCAGACTGAAGC-1,0,10,110,4339,3585
GAGACCCTGCAACGCC-1,0,11,111,4225,3782
TGGGTGGGATGTCATT-1,0,10,112,4112,3585
GGCTAATGATTGAAAT-1,0,11,113,3998,3782
ATAACGTTACCTCCAC-1,0,10,114,3885,3584
TGCGAGATGGCGGCCA-1,0,11,115,3771,3781
CACACTTGTATTGCGA-1,0,10,116,3659,3583
GCTGGTGACTCGTAGT-1,0,11,117,3545,3780
CGACACCGCTTAAGGA-1,0,10,118,3432,3583
GTAACAACTGACCTTG-1,0,11,119,3318,3779
CAACTGAGGGTATGAC-1,0,10,120,3205,3582
CTAATTATGAAGCGTA-1,0,11,121,3091,3779
CCGATCTTAAGAGGCT-1,0,10,122,2978,3581
CGACTCGGTACACGGT-1,0,11,123,2864,3778
TGCTGCGTCAGAGTTA-1,0,10,124,2752,3580
AGAGTTGCAGGCCTCC-1,0,11,125,2638,3777
ACTGGCGAACCTGCGT-1,0,10,126,2525,3580
ACTAAGGACGCACACC-1,0,11,127,2411,3776
CGTCCAGATGGCTCCA-1,0,12,0,16807,4021
ACTATCGCCGGCTAAA-1,0,13,1,16693,4218
GATAGCGTACCACGCG-1,0,12,2,16580,4020
AGGACTTATAGGAGAA-1,0,13,3,16466,4217
TAGTCGGGATTCTTCG-1,0,12,4,16354,4019
ACCATTAAGGGTGTCA-1,0,13,5,16240,4216
TTAATGTGTTTGCAGG-1,0,12,6,16127,4019
TCCGCAGCCACCTAGC-1,0,13,7,16013,4216
GAGGAGATCCTCATGC-1,0,12,8,15900,4018
GGTCCTTCATACGACT-1,0,13,9,15786,4215
CCCTGTTGGCAAAGAC-1,0,12,10,15673,4017
GTGCCTAGCTATGCTT-1,0,13,11,15559,4214
GTCATCTCCTACAGCT-1,0,12,12,15447,4016
GCGAGAAACGGGAGTT-1,0,13,13,15333,4213
CGTCGCGGCGGGATTT-1,0,12,14,15220,4016
CATTGTGTGCTAGATC-1,0,13,15,15106,4213
CGCGGCAGTATTACGG-1,0,12,16,14993,4015
GAAATGGGATGTAAAC-1,0,13,17,14879,4212
CATTCCCTAAGTACAA-1,0,12,18,14766,4014
AGTTCTGCGTTGTATC-1,0,13,19,14652,4211
ACCCTATAGGACTGAG-1,0,12,20,14540,4013
TTAGATAGGTCGATAC-1,0,13,21,14426,4210
ATTGATAGCAACGAGA-1,0,12,22,14313,4013
TCTCGGCTCCAGGACT-1,0,13,23,14199,4210
CTTGAGGTTATCCCGA-1,0,12,24,14086,4012
AAGAAGGATCAGTTAG-1,0,13,25,13972,4209
GTACGACGGCGCTGCG-1,0,12,26,13860,4011
CTTATGTTGACTACCA-1,0,13,27,13746,4208
CGGCACTCAAGAAAGT-1,0,12,28,13633,4011
GTCAAAGTTTACATAG-1,0,13,29,13519,4207
CTCCTAAGTTATGTCT-1,0,12,30,13406,4010
ACTGTGCTAGTAGATC-1,0,13,31,13292,4207
GTTTGGCCGCTCAGCG-1,0,12,32,13179,4009
TTATCCAATCGAACTC-1,0,13,33,13065,4206
CCGTACCCAAGCGCCA-1,0,12,34,12953,4008
CATACAAAGCCGAACC-1,0,13,35,12839,4205
GGTCGGTAATTAGACA-1,0,12,36,12726,4008
AGCGGGAAGGGTCCAT-1,0,13,37,12612,4204
GCCCACCAAGGCTGTC-1,0,12,38,12499,4007
GTAGACGTCGTTACAT-1,0,13,39,12385,4204
GAGCATCATCCCTGGG-1,0,12,40,12273,4006
AGGTAACCTCCTATTC-1,0,13,41,12159,4203
GGTTTGAGTGCTGGAA-1,0,12,42,12046,4005
GCACTAGTCGCGCTAT-1,0,13,43,11932,4202
GGTAACTATGTATCTG-1,0,12,44,11819,4005
GCGGTCCCTAGACGCA-1,0,13,45,11705,4201
CGAGCGTTGATCAGCC-1,0,12,46,11592,4004
AATCCAAGGGCCTGAG-1,0,13,47,11478,4201
CCGTGCCCATGACGGC-1,0,12,48,11366,4003
GAAATTCACATCGCTG-1,0,13,49,11252,4200
CTCTGCGAAGCAAGCA-1,0,12,50,11139,4002
AGTAGGTAACATACAT-1,0,13,51,11025,4199
ATTGGGAATATCTTGG-1,0,12,52,10912,4002
TAGAGCTACGAAGAAC-1,0,13,53,10798,4198
TGCGGCATAGTTCAAC-1,0,12,54,10686,4001
CCGCCGGTCAACACAC-1,0,13,55,10572,4198
TCGTATAGTGCAATTA-1,0,12,56,10459,4000
TAGTTTATTCTTGCTT-1,0,13,57,10345,4197
GATATCTCATGCAATA-1,0,12,58,10232,3999
CGTTTAAGCGGAGCAC-1,0,13,59,10118,4196
CATGCTGGCTCCAATT-1,0,12,60,10005,3999
GAAACAGCCATGCAGT-1,0,13,61,9891,4195
AGTTTCGCAGGTCGGA-1,0,12,62,9779,3998
CTCATGGCTCACAATC-1,0,13,63,9665,4195
AACCGTTGTGTTTGCT-1,0,12,64,9552,3997
ACCCTTCATCTGCGAA-1,0,13,65,9438,4194
TGCGGTGAAATTTCAT-1,0,12,66,9325,3996
CAAATTGTCAGCAAGC-1,0,13,67,9211,4193
GAGGTACATCCATCTT-1,0,12,68,9099,3996
AAATGGCATGTCTTGT-1,1,13,69,8985,4192
TCATCCCAGAGGGTGG-1,1,12,70,8872,3995
CGTAGCGAATTGTCAG-1,1,13,71,8758,4192
CCTAGTTAGTCGCATG-1,1,12,72,8645,3994
GAAACTCTAATGAAGG-1,1,13,73,8531,4191
TTGTATCACACAGAAT-1,1,12,74,8418,3993
TTCAAGCCGAGCTGAG-1,1,13,75,8304,4190
AGGTACGATATTGCCA-1,1,12,76,8192,3993
TTAAGCCGACAACTTC-1,1,13,77,8078,4190
GTCTTAGTACAGCCGG-1,1,12,78,7965,3992
TGGGTAAGGTTCCCGC-1,1,13,79,7851,4189
CTACGCCATTTCCGAT-1,1,12,80,7738,3991
GACCGTCAGGTCGTGA-1,1,13,81,7624,4188
TAGTTAAGATAGGATA-1,1,12,82,7511,3990
GAATATTCGGAGTCCC-1,1,13,83,7397,4187
CAAACTACGATAGAGA-1,1,12,84,7285,3990
CAGGAAGACTTTATAT-1,1,13,85,7171,4187
TTCGTAATCCCAGCGG-1,1,12,86,7058,3989
GTGAGGAGCGGTTGAG-1,1,13,87,6944,4186
CAATCCCTATACCAGC-1,1,12,88,6831,3988
AGGGAAACGAGGTACT-1,1,13,89,6717,4185
TCCTGCCAACTGGAGA-1,1,12,90,6605,3987
AATTTGGGACATAGTA-1,1,13,91,6491,4184
AACTCCTAATCCCATG-1,1,12,92,6378,3987
GCTCATTACTGCATGT-1,1,13,93,6264,4184
TCTCGAACGAGGTCAC-1,1,12,94,6151,3986
TCACTACGACCAATGC-1,1,13,95,6037,4183
GTGATGCACAACATCT-1,1,12,96,5924,3985
CCGACGTAAACACAAC-1,1,13,97,5810,4182
TGGGATGCACTCATTC-1,1,12,98,5698,3984
TTCCATCATGCGGTGA-1,1,13,99,5584,4181
TGCACAGTGAAGTTAT-1,1,12,100,5471,3984
CTATTGTGTTTGGTCA-1,1,13,101,5357,4181
TGCGAGCCCTTCCGCG-1,1,12,102,5244,3983
TTGAAAGGTGTAAAGG-1,1,13,103,5130,4180
GGTGCAGAGCCTATCG-1,1,12,104,5018,3982
ACTATATGCTGTGTTC-1,1,13,105,4904,4179
TCCTGGCGCTGCCTGG-1,1,12,106,4791,3981
GAGCCGAGCGTTTATT-1,1,13,107,4677,4178
AGAATGCGGGTTCGGA-1,1,12,108,4564,3981
ATGCGACAATTGGTCC-1,1,13,109,4450,4178
TTCCGGCTCGACTTCT-1,0,12,110,4337,3980
TGATTATGGCACGCAG-1,0,13,111,4223,4177
GGTTTGACAAGAAGCT-1,0,12,112,4111,3979
GCAGCTATGGACAGGT-1,0,13,113,3997,4176
CACCATGATCGCAAAG-1,0,12,114,3884,3978
GTCGGAAGGATACCAG-1,0,13,115,3770,4175
GGCCCAGTTATCAGCA-1,0,12,116,3657,3978
GGGCCTATTTAAGTAT-1,0,13,117,3543,4175
GTTGTTACATTGCGCT-1,0,12,118,3431,3977
CAACTCCGTAACTTGC-1,0,13,119,3317,4174
GATCTTTGCTCAAAGA-1,0,12,120,3204,3976
TCGCTTAATTACGAAG-1,0,13,121,3090,4173
CGATCATTAGAGGCAC-1,0,12,122,2977,3976
TGTTCTCTACTCCCTA-1,0,13,123,2863,4172
GCTTAGGGAAGCGGTA-1,0,12,124,2750,3975
CAGGTTTAGTACTACA-1,0,13,125,2636,4172
AAGCGGAGTGCGCGCA-1,0,12,126,2524,3974
TCAGATGGAGACGTAG-1,0,13,127,2410,4171
TCGCACTAACGTTTGT-1,0,14,0,16806,4415
CACGTCGGGTTCTAGA-1,0,15,1,16692,4612
GGAGTACACATGAGCT-1,0,14,2,16579,4415
GTGTGTCGACGTCGCT-1,0,15,3,16465,4612
GAAGCTCTTTGCTTAG-1,0,14,4,16352,4414
ACACCGAGCGCTCTTT-1,0,15,5,16238,4611
CGTAATAATTACGAGT-1,0,14,6,16125,4413
CATCAACACCTACTAA-1,0,15,7,16011,4610
CCAAGTTTCTACAGAT-1,0,14,8,15899,4412
ACGGGTCATGTGACTT-1,0,15,9,15785,4609
AGTGTGCTAAGATCGC-1,0,14,10,15672,4412
GGCGGTTTGCCGGTGC-1,0,15,11,15558,4609
GTATAATCTCCCGGAT-1,0,14,12,15445,4411
TAGTCCGTATGCATAA-1,0,15,13,15331,4608
CACTTCGTCTTATCTC-1,0,14,14,15219,4410
CATCCGCAGGCCCGAA-1,0,15,15,15105,4607
CCCTGATGTAACTCGT-1,0,14,16,14992,4409
CCATAGTCAGTAACCC-1,0,15,17,14878,4606
CGGGCCATAGCCGCAC-1,0,14,18,14765,4409
CTCCGGCTTGTAGACA-1,0,15,19,14651,4606
AACTTGCGTTCTCGCG-1,0,14,20,14538,4408
AATGAGTTCGCATATG-1,0,15,21,14424,4605
CGAGGCCAGGCATTGG-1,0,14,22,14312,4407
TCTGCGTCCGGTTTCT-1,0,15,23,14198,4604
CAATCCTGCCGTGGAG-1,0,14,24,14085,4406
CTGAGCAAGTAACAAG-1,0,15,25,13971,4603
GGGTACCCACGGTCCT-1,0,14,26,13858,4406
ACGGAATTTAGCAAAT-1,0,15,27,13744,4603
GGGCGGTCCTATTGTC-1,0,14,28,13632,4405
ATGTTACGAGCAATAC-1,0,15,29,13518,4602
AACCATGGGATCGCTA-1,0,14,30,13405,4404
TCGCATCCCTAAGTGT-1,0,15,31,13291,4601
ACTTAGTACGACAAGA-1,0,14,32,13178,4404
GAGCTCTCGGACCTAA-1,0,15,33,13064,4600
TCTATTACGCTGGCGA-1,0,14,34,12951,4403
AGATACGACTTCATAT-1,0,15,35,12837,4600
CGCTATACCGCCCACT-1,0,14,36,12725,4402
CAGTGTCCGCAGAATG-1,0,15,37,12611,4599
CCATCCATACCAAGTC-1,0,14,38,12498,4401
AACCCAGAGACGGAGA-1,0,15,39,12384,4598
GAAGAACGGTGCAGGT-1,0,14,40,12271,4401
GATAAATCGGTGGATG-1,0,15,41,12157,4597
CAGCTCGTGCTTGTGT-1,0,14,42,12045,4400
GAGTACGGGTATACAA-1,0,15,43,11931,4597
CATCGCCCGCGGCCAA-1,0,14,44,11818,4399
TCTTACAGAGGTACCG-1,0,15,45,11704,4596
TGGAAGACGAACACCA-1,0,14,46,11591,4398
GTTGTCGTGTTAGTTG-1,0,15,47,11477,4595
CCAAGGAACAGAGAGG-1,0,14,48,11364,4398
CTGCACCTGGAACCGC-1,0,15,49,11250,4594
CGCTTTCATACCGGTG-1,0,14,50,11138,4397
GTTCTTCCCTCGATGT-1,0,15,51,11024,4594
ATTTAACTCGTATTAC-1,0,14,52,10911,4396
AACGATAGAAGGGCCG-1,0,15,53,10797,4593
TATCCTGCATGGGAAT-1,0,14,54,10684,4395
AGGCCCATTGTACAGG-1,0,15,55,10570,4592
CCGGCGCATATTGGAT-1,0,14,56,10458,4395
ATCTGTAATTGTACCC-1,0,15,57,10344,4591
GAGCGAGGGAGTACCG-1,0,14,58,10231,4394
TTATTAGGGAAGCATC-1,0,15,59,10117,4591
CTTCTTACGTCGTATA-1,0,14,60,10004,4393
GAAGTGCTGGATAGCT-1,0,15,61,9890,4590
GTGCAACAAATGTGGC-1,0,14,62,9777,4392
CATGCGTTAGACAGAA-1,0,15,63,9663,4589
ACACACTTTCTACACG-1,0,14,64,9551,4392
AGCCCTAAGCGAAGTT-1,0,15,65,9437,4588
ATTAATTCGGTCACTC-1,0,14,66,9324,4391
AACAGGAAATCGAATA-1,0,15,67,9210,4588
ACGTTTAGTTGTGATC-1,0,14,68,9097,4390
TCCTTCAGTGGTCGAA-1,0,15,69,8983,4587
CGAACGCCCAGTGCCG-1,1,14,70,8871,4389
CCTCGAAGTGGACGGG-1,0,15,71,8756,4586
CTCTGTTTGAGGATTC-1,1,14,72,8644,4389
TGGGCACGTTCTATGG-1,0,15,73,8530,4585
ACTATTCGTCCGTGGT-1,1,14,74,8417,4388
CCTCTGGCCTAGACGG-1,1,15,75,8303,4585
CCATAAACAACCCGAC-1,1,14,76,8190,4387
CATAGTACATTGAGAG-1,1,15,77,8076,4584
ATTTCATTATTTCGCG-1,1,14,78,7964,4386
CAACTATATCGAATGC-1,1,15,79,7850,4583
CTAGTATTCGGAATTA-1,1,14,80,7737,4386
GTGGAACCTACATGCG-1,1,15,81,7623,4583
CCTAAAGGCTGACGCT-1,1,14,82,7510,4385
CGTGACATTGGGTCGT-1,1,15,83,7396,4582
CCAATCGGTAGATCGA-1,1,14,84,7283,4384
ATTGTCGCAATACCTT-1,1,15,85,7169,4581
AAATTACACGACTCTG-1,1,14,86,7057,4383
CACTCCTCTCGGTCGG-1,1,15,87,6943,4580
AAATAACCATACGGGA-1,1,14,88,6830,4383
AGTTACTCTATCGTGG-1,1,15,89,6716,4580
CGTTAGCTCACAACTG-1,1,14,90,6603,4382
GAATGTATGGCAGGTC-1,1,15,91,6489,4579
GCAACCACCAGACCGG-1,1,14,92,6377,4381
TCACTCGTGCAACGGC-1,1,15,93,6263,4578
AAACAGAGCGACTCCT-1,1,14,94,6150,4380
CAGCCTCTCCTCAAGA-1,1,15,95,6036,4577
TTGCGTGAACGCTTAG-1,1,14,96,5923,4380
CCGCCTGCGAATTGGT-1,1,15,97,5809,4577
AGATGAGGGTTGCGAT-1,1,14,98,5696,4379
CGGTGGGCTCCAGCCT-1,1,15,99,5582,4576
GGCAGCGGTAATCCTA-1,1,14,100,5470,4378
GCTAGCAGGGAGTGGG-1,1,15,101,5356,4575
CTCAAGACATTAGCGC-1,1,14,102,5243,4377
CACGGCGCGCCAAAGG-1,1,15,103,5129,4574
TGCAATTTGGGCACGG-1,1,14,104,5016,4377
ATGCCAATCGCTCTGC-1,1,15,105,4902,4574
GCTGGACCCAAAGTGG-1,1,14,106,4790,4376
ATTCCTAAGACGTGGA-1,1,15,107,4676,4573
TCCGGAGGAAGGGCTG-1,1,14,108,4563,4375
TCGGTGACCGCTCCGG-1,1,15,109,4449,4572
TCCGAAGTAGTCACCA-1,1,14,110,4336,4374
CATGTAGGAGCGCCAA-1,1,15,111,4222,4571
CACAAGAAAGATATTA-1,0,14,112,4109,4374
AGGGTCAGTAACCCTA-1,0,15,113,3995,4571
TAAGCCCTTACGACCA-1,0,14,114,3883,4373
ATACCGTCATCCATAA-1,0,15,115,3769,4570
GGACGTCCATAGTTGG-1,0,14,116,3656,4372
CATCAAACTGGCGCCC-1,0,15,117,3542,4569
AAACGTGTTCGCCCTA-1,0,14,118,3429,4371
AAATTGGTGAGAAGCA-1,0,15,119,3315,4568
GGTCATTGTAGTCATA-1,0,14,120,3203,4371
TGCAGTGAGGCTCGGG-1,0,15,121,3089,4568
GAACATTAGTATGTTA-1,0,14,122,2976,4370
GGTTTGCGAACACGTA-1,0,15,123,2862,4567
ACACAAATATTCCTAG-1,0,14,124,2749,4369
TTGGGTTTATTCAGCG-1,0,15,125,2635,4566
ATTCGCAGAGGACACT-1,0,14,126,2522,4369
GATTTAGTGCGTACTG-1,0,15,127,2408,4565
TAGAAACACAATAGTG-1,0,16,0,16804,4810
CAGTAGATGATGTCCG-1,0,17,1,16690,5007
TCTTAACTCGGATGTA-1,0,16,2,16578,4809
TACATCTTGTTTCTTG-1,0,17,3,16464,5006
TTCATAGGGTGTCCAT-1,0,16,4,16351,4808
TGAAGTAGCTTACGGA-1,0,17,5,16237,5005
GCACAAGTGGATCATA-1,0,16,6,16124,4808
GGGCGAATTTCTCCAC-1,0,17,7,16010,5005
ATGTTCCTGCCCACCT-1,0,16,8,15897,4807
GCTCAACCTCTTAGAG-1,0,17,9,15783,5004
ATAGCTGCTCTTGTTA-1,0,16,10,15671,4806
CGTCAGCTATTTACTC-1,0,17,11,15557,5003
ATCTGATAGTGTCTTA-1,0,16,12,15444,4805
TGCACTATGTGAGTGC-1,0,17,13,15330,5002
CCGACAAACACATGAG-1,0,16,14,15217,4805
GCCTTGTATATGCAGT-1,0,17,15,15103,5002
ATAATACCGTTAGCCG-1,0,16,16,14991,4804
ACACTCCAATGTCACT-1,0,17,17,14877,5001
AGTTGCTGACTGATAT-1,0,16,18,14764,4803
GGCGCTCCTCATCAAT-1,0,17,19,14650,5000
TGCCTGACATCGGTCA-1,0,16,20,14537,4802
TTGGCCATCTTGCGCT-1,0,17,21,14423,4999
CAGTGGTTGCACATGA-1,0,16,22,14310,4802
AGAATTGTTTGACATA-1,0,17,23,14196,4999
AAATGCTCGTTACGTT-1,0,16,24,14084,4801
CACCTAATAGAGTCGT-1,0,17,25,13970,4998
CATTTCTAGCAGACTA-1,0,16,26,13857,4800
CCGAAAGTGGTGAGCA-1,0,17,27,13743,4997
AGTCAGCCACCGCCTG-1,0,16,28,13630,4799
TCATCACTCGAGCTCG-1,0,17,29,13516,4996
CTCAGGACTCACCTGT-1,0,16,30,13404,4799
CGGTGTACTTGATCCC-1,0,17,31,13290,4996
CCTACGGCTCAGTCGA-1,0,16,32,13177,4798
GTACTTGGGCACTTCT-1,0,17,33,13063,4995
TGATTTCCTCCTGACG-1,0,16,34,12950,4797
CCTCACCAATCTTGAC-1,0,17,35,12836,4994
GGTGAGATGCAGATAA-1,0,16,36,12723,4797
GCTAGTTTCATTGAGG-1,0,17,37,12609,4993
AGGACATCGCACGTCG-1,0,16,38,12497,4796
GTGGACGTGCTGAGAC-1,0,17,39,12383,4993
TAAGGAACTTGTGGGA-1,0,16,40,12270,4795
TCGCTGTGCGTAAATC-1,0,17,41,12156,4992
GCATCCCTAACTTTGA-1,0,16,42,12043,4794
CACCCACACGTCACCC-1,0,17,43,11929,4991
CCCTCATTCTGGAATT-1,0,16,44,11817,4794
AGGGCGTGATCGGCTA-1,0,17,45,11703,4990
GGTGCGGATAAGTGGC-1,0,16,46,11590,4793
TAATATTGAAATTCGC-1,0,17,47,11476,4990
CTTACACTGGGAAATA-1,0,16,48,11363,4792
ACCAAGAACGCGTGTC-1,0,17,49,11249,4989
GCCTTCAGCCCTACCG-1,0,16,50,11136,4791
GATGCTACAAGCGCCT-1,0,17,51,11022,4988
CCGGGACCCGCAGAGA-1,0,16,52,10910,4791
GTTCCAGTCTGACCAT-1,0,17,53,10796,4987
ATGATCGGGAATAGAC-1,0,16,54,10683,4790
TTGGATTGGGTACCAC-1,0,17,55,10569,4987
TACCTCACGCTTGTAC-1,0,16,56,10456,4789
CATGGCAGGAAGATCG-1,0,17,57,10342,4986
ATGACGCCGGCTCTAA-1,0,16,58,10230,4788
AGCGACATCCCATTCA-1,0,17,59,10116,4985
AGTAATGTCTTGCCGC-1,0,16,60,10003,4788
TTCTTAGTGGCTCAGA-1,0,17,61,9889,4984
CGTCTGGAAGGGCCCG-1,0,16,62,9776,4787
ACGTGCGCCTCGTGCA-1,0,17,63,9662,4984
AGAGCGGGCTAATCAT-1,0,16,64,9549,4786
GCGTCGAAATGTCGGT-1,0,17,65,9435,4983
AACTGATATTAGGCCT-1,0,16,66,9323,4785
CGAGCTGGGCTTTAGG-1,0,17,67,9209,4982
GGGTGTTTCAGCTATG-1,0,16,68,9096,4785
TTAATTTCAGACGCGG-1,0,17,69,8982,4981
ACTGCCGTCGTAACTC-1,0,16,70,8869,4784
GTGCACGAAAGTGACT-1,0,17,71,8755,4981
ATCTCCCTGCAATCTA-1,0,16,72,8642,4783
ACGCCAGATGATTTCT-1,0,17,73,8528,4980
AGCTATTTAATCCAAC-1,0,16,74,8416,4782
CCACGAGAAGAGAATC-1,0,17,75,8302,4979
GATTCCGCGTTTCCGT-1,1,16,76,8189,4782
GTCGGATGTAGCGCGC-1,1,17,77,8075,4978
TATTTATACCGAGTAG-1,1,16,78,7962,4781
GTAGGTGATCCGTGTA-1,1,17,79,7848,4978
AGTTAAGCGGTCCCGG-1,1,16,80,7736,4780
CTGGCGACATAAGTCC-1,1,17,81,7622,4977
TTGGCCTAGAATTTCG-1,1,16,82,7509,4779
GGCATATCGGTTCTGC-1,1,17,83,7395,4976
GGGCGTCCACTGGCTC-1,1,16,84,7282,4779
TTACCCATTGCCGGGT-1,1,17,85,7168,4976
TTAGACACGATCGTTG-1,1,16,86,7055,4778
GCGCTGATCCAGACTC-1,1,17,87,6941,4975
TTCGGCAACCCGCTGA-1,1,16,88,6829,4777
GATATTTCCTACATGG-1,1,17,89,6715,4974
CTGCGTTACGATATAA-1,1,16,90,6602,4776
TAATAAACAAGGAGAT-1,1,17,91,6488,4973
AACCTTTACGACGTCT-1,1,16,92,6375,4776
AGTCCCGCCTTTAATT-1,1,17,93,6261,4973
TGAGATTAGGCCCTAA-1,1,16,94,6149,4775
AGTGTATTGCGCATTG-1,1,17,95,6035,4972
GTTGGATTCAGTGGCT-1,1,16,96,5922,4774
TAAAGCTGCAATAGGG-1,1,17,97,5808,4971
AGTAGGAAGGAAGTTG-1,1,16,98,5695,4773
TATCACTTCGAGTAAC-1,1,17,99,5581,4970
TGATCTACGCTGATCT-1,1,16,100,5468,4773
GGATCATCCCGTACGC-1,1,17,101,5354,4970
TGACACTTCTCTTTGC-1,1,16,102,5242,4772
AGCCCTTCTAATCCGA-1,1,17,103,5128,4969
CACCGCGTCCACTCTA-1,1,16,104,5015,4771
TAATTGGAATCGGGAA-1,1,17,105,4901,4968
TCGTAAGCTCCGAGGA-1,1,16,106,4788,4770
TATATTACAAATGTCG-1,1,17,107,4674,4967
CGCGAGAGGGACTTGT-1,1,16,108,4562,4770
GGACCTACGGTAACGT-1,1,17,109,4448,4967
GAAATATGCTTGAATG-1,1,16,110,4335,4769
CCGTATTAGCGCAGTT-1,1,17,111,4221,4966
AGGCGTCTATGGACGG-1,1,16,112,4108,4768
AACATCGATACGTCTA-1,1,17,113,3994,4965
TGAATATGCTATAAAC-1,0,16,114,3881,4767
ACCAAACACCCAGCGA-1,0,17,115,3767,4964
TGGCTTGTACAAGCTT-1,0,16,116,3655,4767
GAATGAAGGTCTTCAG-1,0,17,117,3541,4964
AGATACCAGCACTTCA-1,0,16,118,3428,4766
GCGGTCCCGGTGAAGG-1,0,17,119,3314,4963
GAGGCATTTGCAGCAG-1,0,16,120,3201,4765
GGCAAGCCAGGGATAG-1,0,17,121,3087,4962
TCTACGGGCTCAGTTG-1,0,16,122,2975,4764
TCTGCGAATCGTTCGC-1,0,17,123,2861,4961
AGCTCGTTGATGGAAA-1,0,16,124,2748,4764
TGAATGAGATACAGCA-1,0,17,125,2634,4961
ACCCTTGCCTGGGTCG-1,0,16,126,2521,4763
GGCGAACCGTTCTGAT-1,0,17,127,2407,4960
GCGATGTCTGTGCTTG-1,0,18,0,16803,5204
ATTAACACCTGAGATA-1,0,19,1,16689,5401
GAAATCTGACCAAGTT-1,0,18,2,16576,5204
CCTGACAAACTCGCGC-1,0,19,3,16462,5401
ATGTCATTTCCCATTG-1,0,18,4,16350,5203
GCGGTGCGGAGCATCG-1,0,19,5,16236,5400
CGGAAAGCAAATGTGC-1,0,18,6,16123,5202
GCTGAGCAACGGTTCT-1,0,19,7,16009,5399
TCACTCTTCGTCTGTC-1,0,18,8,15896,5201
GATCTTCATTGTCCTC-1,0,19,9,15782,5398
ACTCGATGTATTTCAT-1,0,18,10,15669,5201
TGAAGAGCGGTCCTAG-1,0,19,11,15555,5398
TAAACGTCGTCAATGA-1,0,18,12,15443,5200
ACGTTATTGGTCACTC-1,0,19,13,15329,5397
ATAGCCTCAGTACCCA-1,0,18,14,15216,5199
CGGGAGTATACCGCCG-1,0,19,15,15102,5396
GTCCTACAGGCGGCTC-1,0,18,16,14989,5198
CGGATAAGCGGACATG-1,0,19,17,14875,5395
AACTTCTGCGTCTATC-1,0,18,18,14763,5198
GGGTTCAGACGAACAA-1,0,19,19,14649,5395
AGTCTGGACATCCTTG-1,0,18,20,14536,5197
TTGAACGAATCCTTTG-1,0,19,21,14422,5394
GAAATACTAAACGTTT-1,0,18,22,14309,5196
CCCGCGCAATGCACCC-1,0,19,23,14195,5393
TTCGGCTAGAGATGGT-1,0,18,24,14082,5195
GACACGAGTTAGAGGA-1,0,19,25,13968,5392
GAGGTCCCAAAGATCT-1,0,18,26,13856,5195
TAACTCCATGGAGGCT-1,0,19,27,13742,5392
CTTGTTTATGTAGCCA-1,0,18,28,13629,5194
GATGGCGCACACATTA-1,0,19,29,13515,5391
ATAATAGTGTAGGGAC-1,0,18,30,13402,5193
CGCTATTCAATGTATG-1,0,19,31,13288,5390
ATATTGCTGTCAAAGT-1,0,18,32,13176,5192
GGATTCAGTACGGTGG-1,0,19,33,13062,5389
TTCTTAGTGAACGGTG-1,0,18,34,12949,5192
AATGGTTCTCACAAGC-1,0,19,35,12835,5389
TATACACGCAAAGTAT-1,0,18,36,12722,5191
CTTCATAGCTCAAGAA-1,0,19,37,12608,5388
CAACGGTTCTTGATAC-1,0,18,38,12495,5190
ACACCCGAGAAATCCG-1,0,19,39,12381,5387
TCTATCATGCAGTTAC-1,0,18,40,12269,5190
CCCGCCATGCTCCCGT-1,0,19,41,12155,5386
CGCTTCCACTGAAATC-1,0,18,42,12042,5189
CACTGTCCAAGTGAGA-1,0,19,43,11928,5386
ATTACTAGCCTCTTGC-1,0,18,44,11815,5188
CATAGTAGCATAGTAG-1,0,19,45,11701,5385
CAACTCCTTGATCCCG-1,0,18,46,11589,5187
AAGTAGAAGACCGGGT-1,0,19,47,11475,5384
GCGGGAACCAGGCCCT-1,0,18,48,11362,5187
ATTAGATTGATAGCGG-1,0,19,49,11248,5383
CTCGGTCCGTAGCCTG-1,0,18,50,11135,5186
TGGCTTTGGGTAGACA-1,0,19,51,11021,5383
TATCCATATCATGCGA-1,0,18,52,10908,5185
GGAGTGCCGCCCTGGA-1,0,19,53,10794,5382
TGAGAATGCTTTACCG-1,0,18,54,10682,5184
TTAACCAACCCTCCCT-1,0,19,55,10568,5381
TGTTTCGGTACTTCTC-1,0,18,56,10455,5184
TTGCTGAAGGAACCAC-1,0,19,57,10341,5380
TATTTAGTCTAGATCG-1,0,18,58,10228,5183
CTCCGGCCTAATATGC-1,0,19,59,10114,5380
TTGTGGCCCTGACAGT-1,0,18,60,10002,5182
TCGCCGGTCGATCCGT-1,0,19,61,9887,5379
CCATAGGTTGGCGTGG-1,0,18,62,9775,5181
GAACGACCGAATGATA-1,0,19,63,9661,5378
TCCGATAATTGCCATA-1,0,18,64,9548,5181
CATTACGTCGGCCCGT-1,0,19,65,9434,5377
CAAGCACCAAATGCCT-1,0,18,66,9321,5180
TGCATGGATCGGATCT-1,0,19,67,9207,5377
GAAATCGCGCGCAACT-1,0,18,68,9095,5179
CTGAAAGAGATCCGAC-1,0,19,69,8981,5376
CACCTCGATGGTGGAC-1,0,18,70,8868,5178
ATTTGTTCCAGGGCTC-1,0,19,71,8754,5375
TGGGCCACAAGAGCGC-1,0,18,72,8641,5178
CCTTCTTGATCCAGTG-1,0,19,73,8527,5374
CCTCGCCAGCAAATTA-1,0,18,74,8414,5177
TTCATGGCGCAACAGG-1,0,19,75,8300,5374
TTAATCAGTACGTCAG-1,0,18,76,8188,5176
CCTATCTATATCGGAA-1,0,19,77,8074,5373
ATTATACTTTGCTCGT-1,1,18,78,7961,5175
ATGGATCCGGCGTCCG-1,1,19,79,7847,5372
CGCCCGCTTCCGTACA-1,1,18,80,7734,5175
GGATTCCGCTATACCC-1,1,19,81,7620,5371
CGGTCTATCAACCCGT-1,1,18,82,7508,5174
ATGCCGGTTGATGGGA-1,1,19,83,7394,5371
TCATGCAGGTTCTCAT-1,1,18,84,7281,5173
TGAGCTTTAATGACGC-1,1,19,85,7167,5370
TCCCTTAGATTACTCG-1,1,18,86,7054,5172
ATATCTCCCTCGTTAA-1,1,19,87,6940,5369
AGCTCTTCCCAGTGCA-1,1,18,88,6827,5172
TCGCTAAACCGCTATC-1,1,19,89,6713,5369
CACATTCTTTCGATGG-1,1,18,90,6601,5171
GATATGCGGTAGCCAA-1,1,19,91,6487,5368
CGTTTCACTTCGGGCG-1,1,18,92,6374,5170
CCAATTACGGGTCGAG-1,1,19,93,6260,5367
GCAGGTAGAGTATGGT-1,1,18,94,6147,5169
GTCGTATTGGCGTACA-1,1,19,95,6033,5366
GAAATTAGCACGGATA-1,1,18,96,5921,5169
AATGCACCAAGCAATG-1,1,19,97,5807,5366
AGGACGCTCGATGTTG-1,1,18,98,5694,5168
GGCTAAAGGGCGGGTC-1,1,19,99,5580,5365
CATCTATCCCGTGTCT-1,1,18,100,5467,5167
CAGTAACTATTTATTG-1,1,19,101,5353,5364
CATATACTACTGATAA-1,1,18,102,5240,5166
GCGTTCGGAGACCGGG-1,1,19,103,5126,5363
AAGTTCAGTCTGCGTA-1,1,18,104,5014,5166
CGAAGCTATAAATTCA-1,1,19,105,4900,5363
CGCGGTCACAAACCAA-1,1,18,106,4787,5165
GGGAATGAGCCCTCAC-1,1,19,107,4673,5362
ACGGAGCGCAAATTAC-1,1,18,108,4560,5164
CGTTCTTCGCACACCT-1,1,19,109,4446,5361
GAATAGCCCTGCGGTC-1,1,18,110,4334,5163
AATAGCTACCGCGTGC-1,1,19,111,4220,5360
CCGAGCTGTGCTTGTC-1,1,18,112,4107,5163
GATGACGATGATCGCG-1,1,19,113,3993,5360
GCCTATGCTGGGCCTT-1,1,18,114,3880,5162
TTACTGTCTAGAGCTC-1,1,19,115,3766,5359
AGCGGTTGCCGCTCTG-1,0,18,116,3653,5161
GCTTGCAGCACAATTG-1,0,19,117,3539,5358
CCGGAGGTCTTATGGT-1,0,18,118,3427,5160
ACAGTATACCGTGGGA-1,0,19,119,3313,5357
GGGATCCCAATACAAA-1,0,18,120,3200,5160
ATTACGACTCCACAGT-1,0,19,121,3086,5357
CTCACACGCAAGCCTA-1,0,18,122,2973,5159
CCAGATGTAAATGGGT-1,0,19,123,2859,5356
GAACTTGTGCACGGGA-1,0,18,124,2747,5158
AAGCCGCTTTACCTTG-1,0,19,125,2633,5355
TCCATTCCCACTAGAG-1,0,18,126,2520,5157
AGAGCGCTTGTAACGG-1,0,19,127,2406,5354
TGGGTTCCCGGACGGA-1,0,20,0,16802,5599
GCTGCGCCTCCCACGT-1,0,21,1,16688,5796
CTGTTGGCTCTTCTGA-1,0,20,2,16575,5598
TTGTTCTAGATACGCT-1,0,21,3,16461,5795
CCCTCAAGCTCTTAGT-1,0,20,4,16348,5597
TGGTCTAGCTTACATG-1,0,21,5,16234,5794
ATGCACCTTCCTTAAT-1,0,20,6,16122,5597
GGGATACGGTAATAAT-1,0,21,7,16008,5794
AGTTCACCGGTTGGAC-1,0,20,8,15895,5596
GACATACTGTCGCAGA-1,0,21,9,15781,5793
TGGACACCGTTGCTTG-1,0,20,10,15668,5595
TGCGATGCTAATGGCT-1,0,21,11,15554,5792
TTCTGTTTCCTGTCGC-1,0,20,12,15441,5594
CGTTGTAAACGTCAGG-1,0,21,13,15327,5791
GATCGGCGATAAGTCG-1,0,20,14,15215,5594
AGCCTTAAAGCGGAAG-1,0,21,15,15101,5791
TCCGTAACCACAATCC-1,0,20,16,14988,5593
GAATGCCGAAATGACC-1,0,21,17,14874,5790
TATACTCATGCGGCAA-1,0,20,18,14761,5592
TAGTGTCAGAAACGGC-1,0,21,19,14647,5789
CGTCATACCATATCCA-1,0,20,20,14535,5591
TAGTACCTTAGTGGTC-1,0,21,21,14421,5788
CTGGCGGGAATAAGTA-1,0,20,22,14308,5591
AGTGTGGTCTATTGTG-1,0,21,23,14194,5788
GCTATCGCGGCGCAAC-1,0,20,24,14081,5590
CAGTAATCCCTCCCAG-1,0,21,25,13967,5787
GTATTAAGGCGTCTAA-1,0,20,26,13854,5589
CTAATTTCAACAACAC-1,0,21,27,13740,5786
TTAGCAACATGGATGT-1,0,20,28,13628,5588
ATGCTCAGTGTTGCAT-1,0,21,29,13514,5785
GATGTTTGTGCGAGAT-1,0,20,30,13401,5588
CACTTCGCCACAGGCT-1,0,21,31,13287,5785
CTGTATGGTGTAGAAA-1,0,20,32,13174,5587
TACGTGCACTATGCTG-1,0,21,33,13060,5784
GTATCAGCTTGGGTTC-1,0,20,34,12948,5586
TAACAAAGGGAGAAGC-1,0,21,35,12834,5783
TTACATCGTGGCCTGG-1,0,20,36,12721,5585
TCTGAACCGGTCGGCT-1,0,21,37,12607,5782
GGCTCGTGCCACCAGC-1,0,20,38,12494,5585
TATAAGTGAGGATAGC-1,0,21,39,12380,5782
GCCCGCGCGTTTGACA-1,0,20,40,12267,5584
TGCTGGTTGGACAATT-1,0,21,41,12153,5781
GCCTAGCGATCTGACC-1,0,20,42,12041,5583
CCATGCTCTGCAGGAA-1,0,21,43,11927,5780
TATAAATCCACAAGCT-1,0,20,44,11814,5583
CGCTCGACATAATGAT-1,0,21,45,11700,5779
CCAATTGAATGTTAAT-1,0,20,46,11587,5582
GCTAATACCGAATGCC-1,0,21,47,11473,5779
TTCAACGACCCGACCG-1,0,20,48,11361,5581
TTCCTCGAGGGTGTCT-1,0,21,49,11247,5778
CAACGACCCGTTTACA-1,0,20,50,11134,5580
CTTGTACTTGTTGACT-1,0,21,51,11020,5777
TCTCTAATAGCTGGTA-1,0,20,52,10907,5580
ATTATGCCATAGGGAG-1,0,21,53,10793,5776
GACAACGCAGCTTACG-1,0,20,54,10680,5579
AGATGACTCGCCCACG-1,0,21,55,10566,5776
GTGCGGGTCTCCAAAT-1,0,20,56,10454,5578
GTACGAGATTGCGACA-1,0,21,57,10340,5775
GTATAGGACTCAGTAG-1,0,20,58,10227,5577
TTGCACGGAGCAGCAC-1,0,21,59,10113,5774
CACAGCTAGGGAGTGA-1,0,20,60,10000,5577
ATACTAGCATGACCCT-1,0,21,61,9886,5773
CCAAGACTTCTGCGAA-1,0,20,62,9773,5576
ACATAATAAGGCGGTG-1,0,21,63,9659,5773
TAATACACAGTAGTAT-1,0,20,64,9547,5575
TCTTGGTAACACCAAA-1,0,21,65,9433,5772
AACTGGGTCCCGACGT-1,0,20,66,9320,5574
ATCACTTCATCCTCGC-1,0,21,67,9206,5771
TGGAAGGATAAAGATG-1,0,20,68,9093,5574
CATGATGCACAATTCT-1,0,21,69,8979,5770
TGCCTGATCAAACGAT-1,0,20,70,8867,5573
ATAGGGATATCCTTGA-1,0,21,71,8753,5770
CACCTAATCAGTTTAC-1,0,20,72,8640,5572
TGTGACTACGCCAGTC-1,0,21,73,8526,5769
CCCGACCATAGTCCGC-1,0,20,74,8413,5571
CGCGCCCGACTTAATA-1,0,21,75,8299,5768
TGCCACCTGGCGAAAC-1,0,20,76,8186,5571
CTGCCAAGGTTGGAAG-1,0,21,77,8072,5767
TCTCCAACGTAGGTTA-1,1,20,78,7960,5570
TTCTTGGAGTAATGAG-1,0,21,79,7846,5767
GTCTCGATCTGCTTTC-1,1,20,80,7733,5569
TACTCTCCGAACAAAT-1,0,21,81,7619,5766
ATCACATTAGAATATC-1,1,20,82,7506,5568
TACGGGATGCTAGCAG-1,1,21,83,7392,5765
AGCTGAAGTAAACCAA-1,1,20,84,7280,5568
CATGGGTCGGGTGTGG-1,1,21,85,7166,5764
CACCCACGAGGCAATT-1,1,20,86,7053,5567
TGCCATTACTAAAGAA-1,1,21,87,6939,5764
CCGTTACGTTAGAACA-1,1,20,88,6826,5566
GCCAGGAGTAACCGAT-1,1,21,89,6712,5763
GGAAAGTGCCCATGCC-1,1,20,90,6599,5565
TCTTACCGGAACTCGT-1,1,21,91,6485,5762
TATGTCAAGACCGACT-1,1,20,92,6373,5565
CCTAACTAAGGCTCTA-1,1,21,93,6259,5762
GCGGTGAACTGCGCTC-1,1,20,94,6146,5564
CCTCGCGCGATATAGG-1,1,21,95,6032,5761
ATCGGCAAGCAGTCCA-1,1,20,96,5919,5563
AGATCGTGCATAAGAT-1,1,21,97,5805,5760
ATTCAGGACCTATTTC-1,1,20,98,5693,5562
AGCTAGAAGCAGAAGT-1,1,21,99,5579,5759
TTCGCTATCTGACGTG-1,1,20,100,5466,5562
TTCCGCAGAGAAATAT-1,1,21,101,5352,5759
CAGTACATTCTCTAAA-1,1,20,102,5239,5561
GTGAAGATTTCAAGTG-1,1,21,103,5125,5758
AACGCATGATCTGGGT-1,1,20,104,5012,5560
CCCAGAGGAGGGCGTA-1,1,21,105,4898,5757
GGAAACCTTGTTGAAT-1,1,20,106,4786,5559
GTGAAGCCGTATAGTC-1,1,21,107,4672,5756
GAGCTGTCGTCTCGGA-1,1,20,108,4559,5559
TGTCATTTGTTGGGAA-1,1,21,109,4445,5756
ACCAACACCACACACT-1,1,20,110,4332,5558
AAATGATTCGATCAGC-1,1,21,111,4218,5755
CTGCTTTATGTCCGCG-1,1,20,112,4106,5557
GCGAGAGGCCATGTAA-1,0,21,113,3992,5754
ATTGACCGGCGATGAC-1,1,20,114,3879,5556
ACCCTGGTAACGCCCT-1,0,21,115,3765,5753
GTTGGACCGCATCAGG-1,1,20,116,3652,5556
CGTTTACAAGGCAGCT-1,0,21,117,3538,5753
CGGTCCATGAGACTCC-1,0,20,118,3425,5555
GTTCGTCTGGGTCCCT-1,0,21,119,3311,5752
TGTACTACTCTCACGG-1,0,20,120,3199,5554
AGTGAAGATGGTGTCC-1,0,21,121,3085,5751
GAGGGCCATAATATTA-1,0,20,122,2972,5553
ACTCCCGTAGACTAGG-1,0,21,123,2858,5750
CGTCAAATGGTCGCAG-1,0,20,124,2745,5553
AAGTCTAGTAGCTGCC-1,0,21,125,2631,5750
AAGAAATCACCAGATT-1,0,20,126,2519,5552
GAGTGCACGGACAACA-1,0,21,127,2404,5749
GTTCAAATCAGATGTC-1,0,22,0,16800,5993
CATGGCTCCCTATGTC-1,0,23,1,16686,6190
GGCCACACGAAAGCCT-1,0,22,2,16574,5993
GAAGCCGGGTAAGCTC-1,0,23,3,16460,6190
TTGCGCTCTCTCGCTT-1,0,22,4,16347,5992
TACATGACCTTATCCG-1,0,23,5,16233,6189
GTCCTTCTACAACCCA-1,0,22,6,16120,5991
TATATGCTGGGTTGCC-1,0,23,7,16006,6188
GTTTATGGGATTTAGA-1,0,22,8,15894,5990
GGAACCCGAACAAGAA-1,0,23,9,15780,6187
AACGTTATCAGCACCT-1,0,22,10,15667,5990
CATCGTCCGGTTACTA-1,0,23,11,15553,6187
AGACAGCTCAGAATCC-1,0,22,12,15440,5989
GCAGATCCTCGCAAAT-1,0,23,13,15326,6186
GGGTCATGCGTACCAT-1,0,22,14,15213,5988
CTGGTCATTCCAATCC-1,0,23,15,15099,6185
TCAGGGCGCAAACTCG-1,0,22,16,14987,5987
GATGCCAGCAGAAGGC-1,0,23,17,14873,6184
GTTATTAACGTGGGAG-1,0,22,18,14760,5987
AATACAATGTTTCAGG-1,0,23,19,14646,6184
TTGCTGCACCTATCCA-1,0,22,20,14533,5986
CCAGAGACAAAGCCGG-1,0,23,21,14419,6183
CCGAAGTATATTGTTC-1,0,22,22,14307,5985
GCTAAACCTGAGGTGA-1,0,23,23,14193,6182
TCATACTTACAGATCC-1,0,22,24,14080,5984
CGAGCACTTCAAGTTT-1,0,23,25,13966,6181
TAGCAACCTGTCACAA-1,0,22,26,13853,5984
TGGGAAATGCCTTTCC-1,0,23,27,13739,6181
AGACCATGGGATACAA-1,0,22,28,13626,5983
TAAATGAATCCGTTTC-1,0,23,29,13512,6180
ACAACGGTCCCTGCGA-1,0,22,30,13400,5982
GTCACTCTCCAAATCT-1,0,23,31,13286,6179
TTCTACTTGCGAGGGC-1,0,22,32,13173,5981
CGCAATTACTTTCGGT-1,0,23,33,13059,6178
CTGTTCATCTCACGGG-1,0,22,34,12946,5981
TTCTTGTAACCTAATG-1,0,23,35,12832,6178
GCTTGATGATAATCAG-1,0,22,36,12720,5980
TTGGCTCGCATGAGAC-1,0,23,37,12606,6177
GCCCAGTTGGTATGCC-1,0,22,38,12493,5979
ATTCCTCCGCCAGTGC-1,0,23,39,12379,6176
TCGTCCGCTGGCGTCT-1,0,22,40,12266,5978
GGAGAAGTCATTGGCA-1,0,23,41,12152,6175
TTGTTAGCAAATTCGA-1,0,22,42,12039,5978
TCTAGCATCTTCGATG-1,0,23,43,11925,6175
TTCTAGGCCAATTGTG-1,0,22,44,11813,5977
TCACGGTCATCGCACA-1,0,23,45,11699,6174
ATGAAGCCAAGGAGCC-1,0,22,46,11586,5976
AATGACTGTCAGCCGG-1,0,23,47,11472,6173
CCAAACAGAACCCTCG-1,0,22,48,11359,5976
TATCGATGATTAAACG-1,0,23,49,11245,6172
GAACACACATCAACCA-1,0,22,50,11133,5975
CCCGTCAGCGTCTGAC-1,0,23,51,11019,6172
AGCATCGTCGATAATT-1,0,22,52,10906,5974
GACTAAGATCATGCAC-1,0,23,53,10792,6171
TAGGGTGTTTCAAGAG-1,0,22,54,10679,5973
TGGTTCGTAGCAAAGG-1,0,23,55,10565,6170
CTGTTCACTGCCTGTG-1,0,22,56,10452,5973
ATGTGCATCCGACGCA-1,0,23,57,10338,6169
TTGTCGTTCAGTTACC-1,0,22,58,10226,5972
CGGGATCAATGTAAGA-1,0,23,59,10112,6169
TTATCTGTATCATAAC-1,0,22,60,9999,5971
ATCGACTCTTTCCGTT-1,0,23,61,9885,6168
CTCATTTGATGGGCGG-1,0,22,62,9772,5970
GTAAGCGGGCAGTCAG-1,0,23,63,9658,6167
TCTATCGGTCGCAACA-1,0,22,64,9545,5970
AACGCGGTCTCCAGCC-1,0,23,65,9431,6166
ATTAATACTACGCGGG-1,0,22,66,9319,5969
CTTTAACTTTCAAAGG-1,0,23,67,9205,6166
CGTACCTGATAGGCCT-1,0,22,68,9092,5968
GAATGTTGGGTAATCT-1,0,23,69,8978,6165
TGCGGAGTAAAGGTGC-1,0,22,70,8865,5967
CCTGAATATTTACATA-1,0,23,71,8751,6164
TTGCTCCCATACCGGA-1,0,22,72,8639,5967
CCTCTAATCTGCCAAG-1,0,23,73,8525,6163
AGGTTGAGGCACGCTT-1,0,22,74,8412,5966
TCCCGTCAGTCCCGCA-1,0,23,75,8298,6163
TCCGATGACTGAGCTC-1,0,22,76,8185,5965
CAGCCTCCTGCAGAGG-1,0,23,77,8071,6162
CTTAGCCTTCCACATG-1,0,22,78,7958,5964
ATTAATGAACCAGTCG-1,0,23,79,7844,6161
ACGATACATAGAACTA-1,0,22,80,7732,5964
AGCCACTCCCGTGCTT-1,0,23,81,7618,6160
ATACGGGTTTCGATTG-1,1,22,82,7505,5963
CTGTCAAATGGCTCGG-1,0,23,83,7391,6160
GCTCGGAATTTAAAGC-1,1,22,84,7278,5962
TAGGCATGTTACGCCA-1,0,23,85,7164,6159
TGGCAACTCGCGCGCC-1,1,22,86,7052,5961
ATCAGTAGGCAGGGAT-1,1,23,87,6938,6158
TATCGATCTATGCATA-1,1,22,88,6825,5961
CGACTCAGGATGTTAT-1,1,23,89,6711,6157
GCCATATTGCACACAG-1,1,22,90,6598,5960
AATTCATAAGGGATCT-1,1,23,91,6484,6157
CGGTAGAGGTGCAGGT-1,1,22,92,6371,5959
AATGATGATACGCTAT-1,1,23,93,6257,6156
CTTGTGCTCACCGATT-1,1,22,94,6145,5958
TTCCAATCAGAGCTAG-1,1,23,95,6031,6155
CGATGGACCCTACGCC-1,1,22,96,5918,5958
GGTCGGATAAACGGCG-1,1,23,97,5804,6155
TTAGCTAATACGATCT-1,1,22,98,5691,5957
CTCGATATTTGCGAGC-1,1,23,99,5577,6154
ATTACTTACTGGGCAT-1,1,22,100,5465,5956
CTAGCCGATGTTATGA-1,1,23,101,5351,6153
TACTGCAATCAATTAC-1,1,22,102,5238,5955
TAGTCTGTGACGTTGC-1,1,23,103,5124,6152
CTCGTTTCTAATGTTT-1,1,22,104,5011,5955
TTCGTTCAACGAAGTT-1,0,23,105,4897,6152
CTGAATTTATTGCCAG-1,1,22,106,4784,5954
TGGAATATCCTTGACC-1,0,23,107,4670,6151
CAGATCATTTAAAGTC-1,0,22,108,4558,5953
CTCCTTTACGCAAGTC-1,0,23,109,4444,6150
TCCCAAACAGACAACG-1,0,22,110,4331,5952
ATCGCTGCGTGCAGCA-1,0,23,111,4217,6149
TTAGTTCAAGTGTTCG-1,0,22,112,4104,5952
AAACTCGTGATATAAG-1,0,23,113,3990,6149
TTAACGAACAAGCAGT-1,0,22,114,3878,5951
GTTATATCAGGAGCCA-1,0,23,115,3764,6148
CAAATTGGATTATGCC-1,0,22,116,3651,5950
CGAGGAGCTTCCATAT-1,0,23,117,3537,6147
GGAGACCAATGTGCTT-1,0,22,118,3424,5949
CATTGATGAACACGCC-1,0,23,119,3310,6146
GTCAATGCTATAATTT-1,0,22,120,3197,5949
ACCACCCTCTCTTCTA-1,0,23,121,3083,6146
TGGAGGGAAACACCTC-1,0,22,122,2971,5948
CACGGACGTGGATGGC-1,0,23,123,2857,6145
AACTTTCTCGATCATG-1,0,22,124,2744,5947
CGTATTGTTTCCTAAT-1,0,23,125,2630,6144
CCTACTGCGGCGGCCA-1,0,22,126,2517,5946
CTTAGGTCCCAATCGT-1,0,23,127,2403,6143
CGCAATCGATCATTAG-1,0,24,0,16799,6388
TGGTTATGCTTGCGGT-1,0,25,1,16685,6585
GGCTTGGCTCTCACCT-1,0,24,2,16572,6387
ATTGGTAGGATCCGCT-1,0,25,3,16458,6584
TCAGGGCGACTTCCTT-1,0,24,4,16346,6386
TCTGCAGATTCGAGTC-1,0,25,5,16232,6583
CTCTCGCTGTACTATG-1,0,24,6,16119,6386
AATAGTCGCGAGTCGG-1,0,25,7,16005,6583
AGTTACCCTTAAGACT-1,0,24,8,15892,6385
CTTAAATAAGACCCAT-1,0,25,9,15778,6582
GGTTGTGCTCTTGTCC-1,0,24,10,15666,6384
GTGAGTCTAAGACGGA-1,0,25,11,15552,6581
CGCGACACTGCGCAGC-1,0,24,12,15439,6383
GCTCGCGGTTCCGCTC-1,0,25,13,15325,6580
TTAACTCACGCGTGGA-1,0,24,14,15212,6383
GGAACGGCCTGCAGCC-1,0,25,15,15098,6580
GTAGAAACGGGTGGAG-1,0,24,16,14985,6382
TAATGAAAGACCCTTG-1,0,25,17,14871,6579
AGGCTTGCTAGACACC-1,0,24,18,14759,6381
TTGCGTAGTTTGAGGA-1,0,25,19,14645,6578
CGCCCTTGAAGGCTGA-1,0,24,20,14532,6380
CCCGGTGGAAGAACCT-1,0,25,21,14418,6577
TTAACACCTCGAACAT-1,0,24,22,14305,6380
GATTCCTATACGGCGC-1,0,25,23,14191,6577
TTACCCTAACAGTCCT-1,0,24,24,14079,6379
ACCCACCTACATGCTC-1,0,25,25,13965,6576
AAAGGGCAGCTTGAAT-1,0,24,26,13852,6378
CACACAGGGATAGATT-1,0,25,27,13738,6575
AGAGCGTACAAGCTCG-1,0,24,28,13625,6377
TCTTACGGCATCCGAC-1,0,25,29,13511,6574
GCCTATTCCGATATAG-1,0,24,30,13398,6377
GAAAGTGACTAACTGC-1,0,25,31,13284,6574
CCGGAATGGTTTCAGT-1,0,24,32,13172,6376
AGTATAATACTAGGCA-1,0,25,33,13058,6573
TAACTATCGAAGGTCC-1,0,24,34,12945,6375
ATGAGGAGTGTTAATC-1,0,25,35,12831,6572
TGTGTCGCGAGTTGCA-1,0,24,36,12718,6374
ATCCAACGCAGTCATA-1,0,25,37,12604,6571
AAGGCGCGTAAAGCTT-1,0,24,38,12492,6374
AGTCGGCCCAAACGAC-1,0,25,39,12378,6571
AACGTCAGACTAGTGG-1,0,24,40,12265,6373
ACTACCAGCTCTCTGG-1,0,25,41,12151,6570
GCAAGTGCACAGAGAA-1,0,24,42,12038,6372
ACACCTTAAGTAGGGC-1,0,25,43,11924,6569
TTCGACGGGAAGGGCG-1,0,24,44,11811,6371
TTCGCACTCGCGTGCT-1,0,25,45,11697,6568
TATTTGTTACCCTTTA-1,0,24,46,11585,6371
CGCTGTGACGCCGCAC-1,0,25,47,11471,6568
GTTGCACGGAGTTTCG-1,0,24,48,11358,6370
GTTTCCTGGAGGGTGA-1,0,25,49,11244,6567
ACACCCAGCATGCAGC-1,0,24,50,11131,6369
TCAACCATGTTCGGGC-1,0,25,51,11017,6566
TTACAACTACGCATCC-1,0,24,52,10904,6369
TCCGATGGTGCGACAT-1,0,25,53,10790,6565
GGGCGTACATTTATAT-1,0,24,54,10678,6368
AGCGACCAACGATATT-1,0,25,55,10564,6565
ACACAAAGACGGGTGG-1,0,24,56,10451,6367
ATCGCACGCCGGGAGA-1,0,25,57,10337,6564
GCTCTAAACCCTGACG-1,0,24,58,10224,6366
AATGCAACCGGGTACC-1,0,25,59,10110,6563
TCAAACAACCGCGTCG-1,0,24,60,9998,6366
TATGCTCCCTACTTAC-1,0,25,61,9884,6562
AAAGGGATGTAGCAAG-1,0,24,62,9771,6365
ACGATCATACATAGAG-1,0,25,63,9657,6562
TTGTTCAGTGTGCTAC-1,0,24,64,9544,6364
ATGCATGATCCAGGAT-1,0,25,65,9430,6561
AGTCTTCTCCTCAAAT-1,0,24,66,9317,6363
GATTCCCTTGTCGCAG-1,0,25,67,9203,6560
CTCGCACCTATATAGT-1,0,24,68,9091,6363
ACTCAATAAAGGCACG-1,0,25,69,8977,6559
AACCGAGCTTGGTCAT-1,0,24,70,8864,6362
TAAGGCAACATAAGAT-1,0,25,71,8750,6559
CACGCACAGCGCAGCT-1,0,24,72,8637,6361
GGTTTACAATCTCAAT-1,0,25,73,8523,6558
TGCAGGATCGGCAAAG-1,0,24,74,8411,6360
ATAACGGAGTCCAACG-1,0,25,75,8297,6557
AACGATATGTCAACTG-1,0,24,76,8184,6360
GACAACGACCATTGAA-1,0,25,77,8070,6556
TTGACCATGTTCTCCG-1,0,24,78,7957,6359
AGTACGGGCACCTGGC-1,0,25,79,7843,6556
CGCCATCCGATTATGA-1,0,24,80,7730,6358
AAGGTATCCTAATATA-1,0,25,81,7616,6555
TGTTGTCAAGAAGTCT-1,0,24,82,7504,6357
CAGTGAATAAATGACT-1,0,25,83,7390,6554
CACCTTGCGAAACTCG-1,0,24,84,7277,6357
CATTTAGCGGACCATG-1,0,25,85,7163,6553
CCAGTCTAGACGGCGC-1,0,24,86,7050,6356
TCGCTTTAAACGTTTG-1,0,25,87,6936,6553
GTGAAACGGCGCCACC-1,0,24,88,6824,6355
GGGCTCATCGAACCCA-1,0,25,89,6710,6552
TTGATGTGTAGTCCCG-1,1,24,90,6597,6354
CAGTAGCCCACGCGGT-1,1,25,91,6483,6551
AGCGCGGGTGCCAATG-1,1,24,92,6370,6354
TAATCGATCCGTACGT-1,1,25,93,6256,6550
AGTGGCGGCAATTTGA-1,1,24,94,6143,6353
CCTTTCAATGAAGAAA-1,1,25,95,6029,6550
CTCAGTCACGACAAAT-1,1,24,96,5917,6352
ATAGGCTAGCTTCGCA-1,1,25,97,5803,6549
CGGTTCAAGTAGGTGT-1,1,24,98,5690,6351
CAGTCGAGGATGCAAT-1,0,25,99,5576,6548
TATCACCCAACCGACC-1,1,24,100,5463,6351
AATGATGCGACTCCTG-1,0,25,101,5349,6548
TGGAACCACTGACACA-1,0,24,102,5237,6350
GCCAATAGGGCATCTC-1,0,25,103,5123,6547
TTCTTTGGTCGCGACG-1,0,24,104,5010,6349
ATTAGATTCCTCAGCA-1,0,25,105,4896,6546
CCGTGGAACGATCCAA-1,0,24,106,4783,6348
GGGTCGTGGCAAGTGT-1,0,25,107,4669,6545
TCGCTCGGCACCAGCG-1,0,24,108,4556,6348
ACGCAATCACTACAGC-1,0,25,109,4442,6545
CTCTAATGCATTGATC-1,0,24,110,4330,6347
GTCTCGACTAAGTTTG-1,0,25,111,4216,6544
TGGTTTAAACGTGGGT-1,0,24,112,4103,6346
CGCAGATCTTCACCCG-1,0,25,113,3989,6543
TCCAGATGTACGCCAA-1,0,24,114,3876,6345
CATTGCGGGTCAATTC-1,0,25,115,3762,6542
GACGTTCGTAAATACA-1,0,24,116,3650,6345
TACACCGTCGTTAGTC-1,0,25,117,3535,6542
ACGGGCGTATGCGACA-1,0,24,118,3423,6344
GAAGGCTACCATTGTT-1,0,25,119,3309,6541
TAAATCTTTACACCTC-1,0,24,120,3196,6343
AGTTTATGTAAAGACA-1,0,25,121,3082,6540
AGGAGACATCCACAGT-1,0,24,122,2969,6342
CAACCTGAACCTGCCA-1,0,25,123,2855,6539
AGTCCCTCGCAGAAAG-1,0,24,124,2743,6342
TGTATACGGATGATGA-1,0,25,125,2629,6539
TTGTGGTATAGGTATG-1,0,24,126,2516,6341
TCTGCACCATTAGTAA-1,0,25,127,2402,6538
AAATGTATCTTATCCC-1,0,26,0,16798,6782
ACTCTAAACCTGGGAT-1,0,27,1,16684,6979
GCTGGCAGGTGCCGTG-1,0,26,2,16571,6782
CTCATTCGTGAACATC-1,0,27,3,16457,6978
TCGCCGGATGGGCAAG-1,0,26,4,16344,6781
GGACTAAGTCAGGAGT-1,0,27,5,16230,6978
TATCAAAGGTCTGTAA-1,0,26,6,16118,6780
TTCAGTTTGTGGCAGC-1,0,27,7,16004,6977
TGTTCATAAATGTGCT-1,0,26,8,15891,6779
CTTAGCCCGGATAGTG-1,0,27,9,15777,6976
GATGCGAATGGTATTA-1,0,26,10,15664,6779
TCTAACTGTATGTAAA-1,0,27,11,15550,6976
TTAAACCTGGTTCCTT-1,0,26,12,15438,6778
GCTAAGTAAAGGCGAT-1,0,27,13,15324,6975
AGTTACCGCACATGGT-1,0,26,14,15211,6777
GACTGCGGCACGTGTA-1,0,27,15,15097,6974
TGGTGATCGTATTTGT-1,0,26,16,14984,6776
TTATCGCCTGCGAAGC-1,0,27,17,14870,6973
TGGAATTAGACGCTTT-1,0,26,18,14757,6776
TCGTCACACTGTTAGC-1,0,27,19,14643,6973
TTATGTTTGCGATAGA-1,0,26,20,14531,6775
GGTGCTGATCACAAAG-1,0,27,21,14417,6972
CATAGCCGCCCGGGAT-1,0,26,22,14304,6774
GGTTAGTTACGGCGCC-1,0,27,23,14190,6971
ATTCCCACATAAACAA-1,0,26,24,14077,6773
ATTCAGTAGCAGGGTC-1,0,27,25,13963,6970
CAGTTCCGCGGGTCGA-1,0,26,26,13851,6773
AAGAGATGAATCGGTA-1,0,27,27,13737,6970
CGCAATTCTACAATAA-1,0,26,28,13624,6772
TAACGCTTTGAGAGCG-1,0,27,29,13510,6969
AGGCTATGGTTAGCTT-1,0,26,30,13397,6771
GAGGAATGGAGAGGTT-1,0,27,31,13283,6968
TCCTCTACGAGATGGC-1,0,26,32,13170,6770
TTGATTATGCAGATGA-1,0,27,33,13056,6967
TCAGTACTGACCCGCG-1,0,26,34,12944,6770
TTATGACAAACTGGAT-1,0,27,35,12830,6967
GTAAGTAGGGTATACC-1,0,26,36,12717,6769
CGCAAACACGAGTTAC-1,0,27,37,12603,6966
TGGCCGTATATTGACC-1,0,26,38,12490,6768
ACTGTAGCACTTTGGA-1,0,27,39,12376,6965
GCTCTATGTTACGTGC-1,0,26,40,12264,6767
TGCGCGATTAACGGAG-1,0,27,41,12150,6964
GAATCGACATGGTCAC-1,0,26,42,12037,6767
GACTAAGTAGGCTCAC-1,0,27,43,11923,6964
ATCTTGACCTGCAACG-1,0,26,44,11810,6766
ATGCACTACCGCATTG-1,0,27,45,11696,6963
CAGATACTAACATAGT-1,0,26,46,11583,6765
GATCGACACTATCTGA-1,0,27,47,11469,6962
ATAGAGTACTGGGACA-1,0,26,48,11357,6764
CCTACTGCTTACACTT-1,0,27,49,11243,6961
CCTGCTATTTGAGAAG-1,0,26,50,11130,6764
CGCGTTCATGAAATAC-1,0,27,51,11016,6961
CATTATGCTTGTTGTG-1,0,26,52,10903,6763
CCAGGGACGTGGCCTC-1,0,27,53,10789,6960
TATGGATGTGCTACGC-1,0,26,54,10676,6762
GTACTAAGATTTGGAG-1,0,27,55,10562,6959
AGACCCGCCCTCCTCG-1,0,26,56,10450,6762
CGCATTAGCTAATAGG-1,0,27,57,10336,6958
GCTCTCGGGTACCGAA-1,0,26,58,10223,6761
CACCGCCAGAAGGTTT-1,0,27,59,10109,6958
TCCCAAAGACGAAGGA-1,0,26,60,9996,6760
ATGGATTGACCAAACG-1,0,27,61,9882,6957
GTCATGGACATGACTA-1,0,26,62,9770,6759
CTACTGCCACCTGACC-1,0,27,63,9656,6956
TTATATTTGGCAATCC-1,0,26,64,9543,6759
AGCACCAGTACTCACG-1,0,27,65,9429,6955
CATGGTCTAGATACCG-1,0,26,66,9316,6758
TCTACCGTCCACAAGC-1,0,27,67,9202,6955
CTAGTTGGGCCCGGTA-1,0,26,68,9089,6757
TCCCGCGTACTCCTGG-1,0,27,69,8975,6954
CAGAGCATGAGCTTGC-1,0,26,70,8863,6756
ACACGGGAACTTAGGG-1,0,27,71,8749,6953
GGCTCTGCTCCAACGC-1,0,26,72,8636,6756
AGAACGTGGTACATTC-1,0,27,73,8522,6952
CAATAAACCTTGGCCC-1,0,26,74,8409,6755
ACTTCGCCATACGCAC-1,0,27,75,8295,6952
ATCTGGTTAAGACTGT-1,0,26,76,8183,6754
TCGTAAGACGACATTG-1,0,27,77,8069,6951
GTGTACCTTGGCTACG-1,0,26,78,7956,6753
GCCCGTAATACCTTCT-1,0,27,79,7842,6950
CGGTCAAGTGGGAACC-1,0,26,80,7729,6753
TTGTAAGGCCAGTTGG-1,0,27,81,7615,6949
GGAGCACCAAGAACTA-1,0,26,82,7502,6752
TAATAGTGACGACCAG-1,0,27,83,7388,6949
CTAAATCCTATTCCGG-1,0,26,84,7276,6751
CGAGTTCTGTCCCACC-1,0,27,85,7162,6948
AGGCAGATGCGTAAAC-1,0,26,86,7049,6750
AAGGATGAGGGACCTC-1,0,27,87,6935,6947
AGAGAACCGTCTAGGA-1,0,26,88,6822,6750
GAGGGCGCAGCTCTGC-1,0,27,89,6708,6946
AAGATTGGCGGAACGT-1,0,26,90,6596,6749
CCAGTAGTCTGATCCA-1,0,27,91,6482,6946
AAGGGACAGATTCTGT-1,0,26,92,6369,6748
ATAGAGTTATCAACTT-1,0,27,93,6255,6945
AAATTACCTATCGATG-1,0,26,94,6142,6747
GATCCTAAATCGGGAC-1,0,27,95,6028,6944
TTACAGACCTAAATGA-1,0,26,96,5915,6747
CCTCACCTTAGCATCG-1,0,27,97,5801,6943
CATGCGACCAGTTTAA-1,0,26,98,5689,6746
AACATATCAACTGGTG-1,0,27,99,5575,6943
CTATAAGAGCCAATCG-1,0,26,100,5462,6745
AATATCGAGGGTTCTC-1,0,27,101,5348,6942
GTACTCCTGGGTATGC-1,0,26,102,5235,6744
ATAAGTAGGATTCAGA-1,0,27,103,5121,6941
AGGTCGCGGAGTTACT-1,0,26,104,5009,6744
CTAATTCTCAGATATT-1,0,27,105,4895,6941
GCCAACCATTTCCGGA-1,0,26,106,4782,6743
TGATCCCAGCATTAGT-1,0,27,107,4668,6940
CGTTGTAAGATTGATT-1,0,26,108,4555,6742
GAAACCATGGTGCGCT-1,0,27,109,4441,6939
AATCTATGCCGGAGCC-1,0,26,110,4328,6741
GACTCCCAGAATAAGG-1,0,27,111,4214,6938
TATGATCCGGCACGCC-1,0,26,112,4102,6741
CCGCTTGCTGACATGG-1,0,27,113,3988,6938
TGGTTAAGGGCGCTGG-1,0,26,114,3875,6740
TTGATAGTCAATACAT-1,0,27,115,3761,6937
GGTTTAATTGAGCAGG-1,0,26,116,3648,6739
CATTACATAGATTGTG-1,0,27,117,3534,6936
GGTACACCAGATTTAT-1,0,26,118,3421,6738
GGCCCGTATACCATGC-1,0,27,119,3307,6935
ATCTTTCGTATAACCA-1,0,26,120,3195,6738
GAGATGACAATCCTTA-1,0,27,121,3081,6935
AAAGCTTGCCTACATA-1,0,26,122,2968,6737
GAACGATAAGTTAAAG-1,0,27,123,2854,6934
TAATAGCTAAATGATG-1,0,26,124,2741,6736
TATGGCTAGGCTAATT-1,0,27,125,2627,6933
AGGAGAGTCTGGCTAC-1,0,26,126,2515,6735
TGCTCTGCCGGTTCAC-1,0,27,127,2401,6932
CCAATAGATTTCATCT-1,0,28,0,16797,7177
GGGCACGAATTGGCCG-1,0,29,1,16683,7374
TCGTTGACAGGGTCCC-1,0,28,2,16570,7176
ATCGTATTCCGAGAAC-1,0,29,3,16456,7373
GGGAATTCTGTCCAGT-1,0,28,4,16343,7175
ACGCGTTTCTTAAGAG-1,0,29,5,16229,7372
GAGAGCGCAGTCCCTG-1,0,28,6,16116,7175
GTCCTATTGTTGTGGT-1,0,29,7,16002,7371
CATCTGCAGGATCATT-1,0,28,8,15890,7174
GAGTCGACAGACCCTC-1,0,29,9,15776,7371
AAGTGCAAAGGTAGAC-1,0,28,10,15663,7173
AGGGTGGATAGTGCAT-1,0,29,11,15549,7370
TGATAGCGGGATTCTA-1,0,28,12,15436,7172
GTCAGTTTGGTAGTCG-1,0,29,13,15322,7369
GCATTCGAAATGAACA-1,0,28,14,15210,7172
AAAGACTGGGCGCTTT-1,0,29,15,15096,7369
TAACAATATTTGTTGC-1,0,28,16,14983,7171
CCAGCTTCCGCCCGCA-1,0,29,17,14869,7368
GATATGGATTACGCGG-1,0,28,18,14756,7170
AGAGCAGTTATGAGAC-1,0,29,19,14642,7367
TCACATCTTATCTGAT-1,0,28,20,14529,7169
TATGAAGACAGGTGCG-1,0,29,21,14415,7366
TACCTGCTGCACTGTG-1,0,28,22,14303,7169
TAGGTCCAAGTAAGGA-1,0,29,23,14189,7366
GAAACTCGTGCGATGC-1,0,28,24,14076,7168
AACAATTACTCTACGC-1,0,29,25,13962,7365
CCGCACGTGACCTCGG-1,0,28,26,13849,7167
AACTTGCCCGTATGCA-1,0,29,27,13735,7364
GGGTATGTATGCACTT-1,0,28,28,13623,7166
TTCGTACTCCAGAACG-1,0,29,29,13509,7363
GAATTTCTCGCTGCAG-1,0,28,30,13396,7166
AACAGGATGGGCCGCG-1,0,29,31,13282,7363
GACGTGTAGGGATTAT-1,0,28,32,13169,7165
TAGGTGAGCCCTACTC-1,0,29,33,13055,7362
CTAATTCGCACGCGCT-1,0,28,34,12942,7164
GAAGCTTGCTGACCGC-1,0,29,35,12828,7361
GGTTAGGCTTGGAGAA-1,0,28,36,12716,7163
ACAAGGACAAGAGGTT-1,0,29,37,12602,7360
AGGCCACCCGTTATGA-1,0,28,38,12489,7163
GTGGGCTTAGACACAC-1,0,29,39,12375,7360
CGTGTCCCATTCGCGA-1,0,28,40,12262,7162
TGGAGTGATGCGATGA-1,0,29,41,12148,7359
AACAACTGGTAGTTGC-1,0,28,42,12035,7161
CCTGGCTAGACCCGCC-1,0,29,43,11921,7358
CGCAATTAGGGTAATA-1,0,28,44,11809,7160
TCGAAATTTAGGACCA-1,0,29,45,11695,7357
AGACTAGCCTTCCAGA-1,0,28,46,11582,7160
TTGATCTAACTTTGTC-1,0,29,47,11468,7357
AAGGAGCGGTTGGTGC-1,0,28,48,11355,7159
ACTTGGGACCCGGTGG-1,0,29,49,11241,7356
TGATCTCCGGCGCCAG-1,0,28,50,11129,7158
CAGTTCAAATTGACAC-1,0,29,51,11015,7355
GTCCGGCTGAATTGCG-1,0,28,52,10902,7157
CTGGAAATGGATGCTT-1,0,29,53,10788,7354
TGATCGGTTTGACCCT-1,0,28,54,10675,7157
TAGAGTCTAAGCGAAC-1,0,29,55,10561,7354
GAGACTGATGGGTAGA-1,0,28,56,10448,7156
TAGCTAAGTCCGGGAG-1,0,29,57,10334,7353
GGGCGATATGTGTGAA-1,0,28,58,10222,7155
CTCGAGGTCGAACAGT-1,0,29,59,10108,7352
GATCCCTTTATACTGC-1,0,28,60,9995,7155
GTCATGCACCTCCGTT-1,0,29,61,9881,7351
ACTTTCCTATAGCTTC-1,0,28,62,9768,7154
TCGCTCGATATATTCC-1,0,29,63,9654,7351
ATAGGTTGGGCAGATG-1,0,28,64,9542,7153
CAATTAAGGGTGATGA-1,0,29,65,9428,7350
ACCGACTGAGTCCCAC-1,0,28,66,9315,7152
CCTGTCACCCGGGCTC-1,0,29,67,9201,7349
GATCGGTGGCCATAAC-1,0,28,68,9088,7152
CCTATGGGTTACCGTC-1,0,29,69,8974,7348
TTGGGACACTGCCCGC-1,0,28,70,8861,7151
CGAGGCTAAATATGGC-1,0,29,71,8747,7348
TCAGGGTGTAACGTAA-1,0,28,72,8635,7150
CGAGAGATGTGAACCT-1,0,29,73,8521,7347
TCGCTGGGCGGATTGT-1,0,28,74,8408,7149
AGATCTCAGGTGTGAT-1,0,29,75,8294,7346
TGGCCAAACTGAAGTA-1,0,28,76,8181,7149
GCTTCCGTCCCTAGAC-1,0,29,77,8067,7345
CAGCAGCCCGTTCCTT-1,0,28,78,7955,7148
TGTATAACAGATCCTG-1,0,29,79,7841,7345
CGCGGGAATTAGGCAG-1,0,28,80,7728,7147
TGCATGTGGTAATCTA-1,0,29,81,7614,7344
ACAATTTGAGCAGTGG-1,0,28,82,7501,7146
GAGCTAAGGGCATATC-1,0,29,83,7387,7343
CCAGATAGTTGAGTGA-1,0,28,84,7274,7146
CCACAATGTACGTCTT-1,0,29,85,7160,7342
CAATGGATCTCTACCA-1,0,28,86,7048,7145
TGTGGCAAAGCGTATG-1,0,29,87,6934,7342
TAAAGCGTTAGGAGAA-1,0,28,88,6821,7144
TCCGTTTAGCCTTGAA-1,0,29,89,6707,7341
CAGCTCGACAAGTTAA-1,0,28,90,6594,7143
GCCTATAGTGTCAGGG-1,0,29,91,6480,7340
ATAGACAACGGGACCT-1,0,28,92,6368,7143
CTACTATCTTTCAGAG-1,0,29,93,6254,7339
GCGCTGCTTTGCATTT-1,0,28,94,6141,7142
GCGCATCCAGTCAGCA-1,0,29,95,6027,7339
GACTCGCGGGAATGAC-1,0,28,96,5914,7141
CTGGTAACGAGCTCTT-1,0,29,97,5800,7338
TCCGGCCTAGCGTACA-1,0,28,98,5687,7140
TCTAGGTGGCGACGCT-1,0,29,99,5573,7337
ACGCTAGTGATACACT-1,0,28,100,5461,7140
ATCTGCACCTCTGCGA-1,0,29,101,5347,7336
CCTCACCTGAGGGAGC-1,0,28,102,5234,7139
AGTGAGCCTCGCCGCC-1,0,29,103,5120,7336
ACGAGTACGGATGCCC-1,0,28,104,5007,7138
GGTACCATTAAGACGG-1,0,29,105,4893,7335
TTCTGCTAGACTCCAA-1,0,28,106,4781,7137
TAACTATTACGCCAAA-1,0,29,107,4666,7334
GCATTCAAGGCAACGC-1,0,28,108,4554,7137
AGTACATCATTTATCA-1,0,29,109,4440,7334
GTCGTGTCTGGTCATC-1,0,28,110,4327,7136
AGTCTAAAGTATACTC-1,0,29,111,4213,7333
CGGCCCAACCTGTAGT-1,0,28,112,4100,7135
AGGGAGACATACTTCG-1,0,29,113,3986,7332
TCCCTAGATCAATAGG-1,0,28,114,3874,7134
TCCCGTCGCGTCATAG-1,0,29,115,3760,7331
CGCATCCATCAGCCAG-1,0,28,116,3647,7134
CTGCACCTAGTCCACA-1,0,29,117,3533,7331
CGAGGATCGGGAACGA-1,0,28,118,3420,7133
CAATGAGGTTCGACTA-1,0,29,119,3306,7330
TCTGACGGGCTAACCC-1,0,28,120,3193,7132
TTCTATGCCTTTCGCA-1,0,29,121,3079,7329
AGAGTATAGTGTTACG-1,0,28,122,2967,7131
CCATTGTTTCCTCCAT-1,0,29,123,2853,7328
CTCATCACTTAGTGAT-1,0,28,124,2740,7131
CCGAAGGGCGTACCGC-1,0,29,125,2626,7328
TCAAGCTGCCTTGAAA-1,0,28,126,2513,7130
CTCATTAACGTTGCCC-1,0,29,127,2399,7327
GTCTTCCTCACCTAAG-1,0,30,0,16795,7571
GGTGATGAAGGAAGTG-1,0,31,1,16681,7768
TCAATACAATTGCTGC-1,0,30,2,16569,7571
GCAACCCAAGTTGTTT-1,0,31,3,16455,7767
ATGAAGTGGACCCAGC-1,0,30,4,16342,7570
GAGAATCTCACGATCA-1,0,31,5,16228,7767
TATATCATTGATCAGT-1,0,30,6,16115,7569
AACTTTACGGGAGCTT-1,0,31,7,16001,7766
TTCTTGTGTCCATCAG-1,0,30,8,15888,7568
ACAATTTAGGAGGCTC-1,0,31,9,15774,7765
ATACTTGTTCTCGAGC-1,0,30,10,15662,7568
CACGGGATTGAGGGTT-1,0,31,11,15548,7764
GTTAATGTCTATCTTA-1,0,30,12,15435,7567
GCGTTATATTTGGAAC-1,0,31,13,15321,7764
CGTCAAGGCTATAAAT-1,0,30,14,15208,7566
TTAGCTCTGTAATCCG-1,0,31,15,15094,7763
AATGGTCCACCGTTCA-1,0,30,16,14982,7565
GTCATTGCATTGACCC-1,0,31,17,14868,7762
TGTCCGTGGCGCCTTT-1,0,30,18,14755,7565
TCAACTAACGTATAAC-1,0,31,19,14641,7762
TCCTCTCCAGTTGTCC-1,0,30,20,14528,7564
TGTGTTCGTATCCAAG-1,0,31,21,14414,7761
CCGCGTAGGTAAGGGC-1,0,30,22,14301,7563
CTGCGGGTGAAATGTT-1,0,31,23,14187,7760
TATCTACAGAGGTAAT-1,0,30,24,14075,7562
CTACTCTAGGCCCGGC-1,0,31,25,13961,7759
ACAAGCAGTGCCTAGC-1,0,30,26,13848,7562
TACAAGTCTCGTGCAT-1,0,31,27,13734,7759
TCGGAATGCGCTCTGA-1,0,30,28,13621,7561
TCGCGTCCAGAAGGTC-1,0,31,29,13507,7758
TATGGCCCGGCCTCGC-1,0,30,30,13395,7560
GCTGGCATATTCACCT-1,0,31,31,13281,7757
GTCAGAATAGTCTATG-1,0,30,32,13168,7559
GGCGTCCTATCCGCTG-1,0,31,33,13054,7756
CGGAGTTTGAGAGACA-1,0,30,34,12941,7559
AGCACTTAAGGACGCC-1,0,31,35,12827,7756
TCCACAATGGTTTACG-1,0,30,36,12714,7558
CCAACGATGCACTGAT-1,0,31,37,12600,7755
ATTTACAGTTTACTGG-1,0,30,38,12488,7557
CCCTGAAATGAGTTGA-1,0,31,39,12374,7754
CAAACGGTCGCACTTT-1,0,30,40,12261,7556
TGATTCGTCTATCACT-1,0,31,41,12147,7753
TCAGGTTCTTTGAGAA-1,0,30,42,12034,7556
CACGCAGCGAGGCTTT-1,0,31,43,11920,7753
TTAAGCGCCTGACCCA-1,0,30,44,11807,7555
CTTACACGGTATTCCA-1,0,31,45,11693,7752
AAGGCTGTGCTCATCG-1,0,30,46,11581,7554
GACCAGAGCCCTGTAG-1,0,31,47,11467,7751
TCCCAGGCTTAGCTAA-1,0,30,48,11354,7553
ATTGAAGATCTTAGTG-1,0,31,49,11240,7750
AGTTCCTACAGAATTA-1,0,30,50,11127,7553
GGGCTGGTTAGTCGCG-1,0,31,51,11013,7750
GAAATGGCGGTGTTAG-1,0,30,52,10901,7552
TACGAACACGACTTCA-1,0,31,53,10787,7749
ACCACAAGTTTCTATC-1,0,30,54,10674,7551
ATATTTAACCCTCAAG-1,0,31,55,10560,7748
GATCATTCCAAACATT-1,0,30,56,10447,7550
TCCAGGCGAGTACGGT-1,0,31,57,10333,7747
GTTTGACCAAATCCTA-1,0,30,58,10220,7550
CACAGCACCCACGGCA-1,0,31,59,10106,7747
TGCAAGAATGACGTAA-1,0,30,60,9994,7549
GCGAAGCCATACCCGT-1,0,31,61,9880,7746
TCCTTTCTTACGCTTA-1,0,30,62,9767,7548
GCTGCTCTCCGGACAC-1,0,31,63,9653,7745
ACTGTCTTCTTTAGAA-1,0,30,64,9540,7548
TCAAACTTAGATTGTT-1,0,31,65,9426,7744
CTATGTCACTAGCCCA-1,0,30,66,9314,7547
TGCGCAAAGCATTTGG-1,0,31,67,9200,7744
TTAATGTAGACCAGGT-1,0,30,68,9087,7546
GGCGGTAGGATCATTG-1,0,31,69,8973,7743
GGCAATAGTCAATGAG-1,0,30,70,8860,7545
ACACGAGACTCCTTCT-1,0,31,71,8746,7742
GACACAAGGGAAGAAA-1,0,30,72,8633,7545
TCAGCAAATGCATCTC-1,0,31,73,8519,7741
GAGATCTGTCACTCCG-1,0,30,74,8407,7544
ATGCCGGTCTTGCATA-1,0,31,75,8293,7741
TTGGGCGGCGGTTGCC-1,0,30,76,8180,7543
TTGTTGTGTGTCAAGA-1,0,31,77,8066,7740
ACTGTACGATACACAT-1,0,30,78,7953,7542
TCCACTTTATCTAGGT-1,0,31,79,7839,7739
GGTCTGAGAATCTGGA-1,0,30,80,7727,7542
TAGAAAGGTGGCGCTA-1,0,31,81,7613,7738
TATGTCTCATTGTGCC-1,0,30,82,7500,7541
GGATTTCACTTCTATA-1,0,31,83,7386,7738
TGAGTGGTCCGTGACG-1,0,30,84,7273,7540
CGCTTTCTTGCATTCG-1,0,31,85,7159,7737
ACCCAACGCCCGTGGC-1,0,30,86,7046,7539
GAACGTCTCATGGTCG-1,0,31,87,6932,7736
AGGGTTCCCTTTGGTT-1,0,30,88,6820,7539
GTAGCTTCCTCTTGTT-1,0,31,89,6706,7735
GCATGAGGGACGCGGC-1,0,30,90,6593,7538
CTACCCTAAGGTCATA-1,0,31,91,6479,7735
TCACCGCTCGGCACTC-1,0,30,92,6366,7537
GGCTCGCGTTGAGGTA-1,0,31,93,6252,7734
CTAACGAAACTTGCTG-1,0,30,94,6140,7536
TTAAACTCGAATTCAT-1,0,31,95,6026,7733
TACTTTACTGAGCCGG-1,0,30,96,5913,7536
GCTTGGATCGATTAGG-1,0,31,97,5799,7732
CGGTTATCCAACAGTG-1,0,30,98,5686,7535
CAGACCTGTAAGTGTT-1,0,31,99,5572,7732
GACGGTCAATAGAAGC-1,0,30,100,5459,7534
CTGACTGCGCAGCTCG-1,0,31,101,5345,7731
CCATACCTTTACTTGT-1,0,30,102,5233,7533
GTAATAAAGGGCTCCC-1,0,31,103,5119,7730
GTGAACTCCCATTCGA-1,0,30,104,5006,7533
GTGGTTACTTCTTTCG-1,0,31,105,4892,7729
TCAGAACCTCCACAGG-1,0,30,106,4779,7532
TCCCACTCTCTTCCGG-1,0,31,107,4665,7729
ATCTTGACTTGTCCAA-1,0,30,108,4552,7531
TCGGGAACGTGCCTAG-1,0,31,109,4438,7728
GTTAGCCGTAAATCAA-1,0,30,110,4326,7530
ATTTACTAAGTCCATT-1,0,31,111,4212,7727
GGGTGCATATGAAAGC-1,0,30,112,4099,7530
TCCGAATGGTCCTGAG-1,0,31,113,3985,7727
TGATGGCTGTTTCTGA-1,0,30,114,3872,7529
AAATAAGGTAGTGCCC-1,0,31,115,3758,7726
CCACTATCCGGGTCAC-1,0,30,116,3646,7528
ACACCACATAATTAGC-1,0,31,117,3532,7725
CGCGGTAAGTCTAGCT-1,0,30,118,3419,7527
GCGGGCATTACGATGC-1,0,31,119,3305,7724
AGGATTGCTTACGACA-1,0,30,120,3192,7527
CTCGGGATAACACCTA-1,0,31,121,3078,7724
GTCGTCTGGTTGGCTA-1,0,30,122,2965,7526
GCAATTAGTCGCACCG-1,0,31,123,2851,7723
GTGACCTAAAGAATAA-1,0,30,124,2739,7525
CTGAGCGAGACTTATT-1,0,31,125,2625,7722
CAAGACTCAGAAGCGC-1,0,30,126,2512,7524
ACTTCGCTAGCGAGTG-1,0,31,127,2398,7721
CCATACTCGCCTCTCC-1,0,32,0,16794,7966
ACGATACCTATCCTGA-1,0,33,1,16680,8163
CTCACCAGTACAAGTG-1,0,32,2,16567,7965
CGAAGACGGTGAGTGC-1,0,33,3,16453,8162
AAATTAATAAGCGCGA-1,0,32,4,16341,7964
GGGCCCTTATCTATAC-1,0,33,5,16227,8161
CTGCCCACGAAGCGTT-1,0,32,6,16114,7964
GGACAAGTTGCAGTGA-1,0,33,7,16000,8160
GTCCGAGAGCAATCAT-1,0,32,8,15887,7963
ATGGCAGCCGAGAAAC-1,0,33,9,15773,8160
CCTCGGATGCTACCTG-1,0,32,10,15660,7962
ATACGGTGAAGATGCA-1,0,33,11,15546,8159
ACATCAGCTGGGACGC-1,0,32,12,15434,7961
GGTTGTGTAGCCTGGC-1,0,33,13,15320,8158
CCTGCGTTCTACGCTT-1,0,32,14,15207,7961
GAACGTTAGGAAGACG-1,0,33,15,15093,8157
CTGATAGTGTATCTCA-1,0,32,16,14980,7960
TTCTGCGAGCGCCCTT-1,0,33,17,14866,8157
CTTTGGCGCTTTATAC-1,0,32,18,14754,7959
TCCGAACTTGGCTTAC-1,0,33,19,14640,8156
TAGATTCCTGGTTATT-1,0,32,20,14527,7958
CCGACAAAGGGAGTGC-1,0,33,21,14413,8155
CCATGGCCCTTGTACC-1,0,32,22,14300,7958
GAAATATCACCATCAG-1,0,33,23,14186,8155
ACGAAATGGGCGGCAC-1,0,32,24,14073,7957
GTGAGCGTGCTGCACT-1,0,33,25,13959,8154
CCGCGGGTACGAAGAA-1,0,32,26,13847,7956
TCCCTGGCTCGCTGGA-1,0,33,27,13733,8153
CAGCTTAGTAGGTAGC-1,0,32,28,13620,7955
CACGAAAGTTAGTCCC-1,0,33,29,13506,8152
ACCTAATCGACTTCCT-1,0,32,30,13393,7955
AAGTAGTGACGCGAGG-1,0,33,31,13279,8152
TCCGATTACATTGCCG-1,0,32,32,13166,7954
CCTCCGACAATTCAAG-1,0,33,33,13052,8151
GTTCACAGGAGTCTAG-1,0,32,34,12940,7953
CGAAGTTGCTCTGTGT-1,0,33,35,12826,8150
GTCGGATATCTCAGAC-1,0,32,36,12713,7952
CGCTCTCCGTAGATTA-1,0,33,37,12599,8149
CAAGCAACGTCGGAGT-1,0,32,38,12486,7952
CCATTCCCTGCCCACA-1,0,33,39,12372,8149
CTTTGGCTTTAGTAAA-1,0,32,40,12260,7951
GGCTATTAAGTTGTAT-1,0,33,41,12146,8148
CCATTAGCGATAATCC-1,0,32,42,12033,7950
TGTTCTTCCATTGACT-1,0,33,43,11919,8147
AGATAACTTCAGGGCC-1,0,32,44,11806,7949
ATAGACGAAGAGAAAG-1,0,33,45,11692,8146
GGCGGAGTAATATTAG-1,0,32,46,11579,7949
TGACCCACGTTAGACA-1,0,33,47,11465,8146
TCACAGGTTATTGGGC-1,0,32,48,11353,7948
TCACGCATTGTAGATC-1,0,33,49,11239,8145
TTGAAGAATTCCCAGG-1,0,32,50,11126,7947
AAATGGTCAATGTGCC-1,0,33,51,11012,8144
TAGTGCCCTCCAGAGT-1,0,32,52,10899,7946
GGTATTGCCGAGTTTA-1,0,33,53,10785,8143
CGTATTAAGAGATCTA-1,0,32,54,10673,7946
ACTGTCCAGGATTATA-1,0,33,55,10559,8143
CGGGCAGCTAAACCGC-1,0,32,56,10446,7945
TTGCTGATCATGTTCG-1,0,33,57,10332,8142
TATGGGTACGTATCGT-1,0,32,58,10219,7944
CAGCTCACTGAGACAT-1,0,33,59,10105,8141
GGGACTGCATAGATAG-1,0,32,60,9992,7943
ACGCATTCGTGAGTAC-1,0,33,61,9878,8140
CTCTGGACGCCTGGTG-1,0,32,62,9766,7943
AGGGTTTAGTTCGGGA-1,0,33,63,9652,8140
GGGAGAACTCACAGTA-1,0,32,64,9539,7942
ATCAATCTGGGCTGCA-1,0,33,65,9425,8139
TCTTCGATACCAATAA-1,0,32,66,9312,7941
ACGTAGATTGCTGATG-1,0,33,67,9198,8138
TCTTGATGCGTAGCGA-1,0,32,68,9086,7941
GGGCTGCCTAGGGCGA-1,0,33,69,8972,8137
CTCTCACAATCGATGA-1,0,32,70,8859,7940
CCAAGCGTAACTCGTA-1,0,33,71,8745,8137
ACAACAGCATGAGCTA-1,0,32,72,8632,7939
GTCCCAACGTAAAGTA-1,0,33,73,8518,8136
TCGGAGTACATGAGTA-1,0,32,74,8405,7938
GGGAGTTAATGAGGCG-1,0,33,75,8291,8135
CCGGGCGGTCTCGTCA-1,0,32,76,8179,7938
CCGTAAGTTGGTCCCA-1,0,33,77,8065,8134
GGAGGGCTTGGTTGGC-1,0,32,78,7952,7937
TCGGACGCCCAGCCCA-1,0,33,79,7838,8134
TCTGTGCCATCATAGT-1,0,32,80,7725,7936
GTACTGGAGTTAGACC-1,0,33,81,7611,8133
GGAATGCGCTAGCGTG-1,0,32,82,7499,7935
GTGTGAATAACTTAGG-1,0,33,83,7385,8132
GGTCGGCCAGGAGCTT-1,0,32,84,7272,7935
TAGCCGGCGGTCAGCG-1,0,33,85,7158,8131
CGGGTGTACCCATTTA-1,0,32,86,7045,7934
AGTGATTCAAGCAGGA-1,0,33,87,6931,8131
GTTGGATTGAGAACAC-1,0,32,88,6818,7933
CACACGCGCTGTCTTA-1,0,33,89,6704,8130
TAGACGCCCGTACCGG-1,0,32,90,6592,7932
GGTTTCAATCGGTCAG-1,0,33,91,6478,8129
AATCTGCGTTGGGACG-1,0,32,92,6365,7932
TTACGGATGGTTCGAG-1,0,33,93,6251,8128
CGGCAGGGTCGGGTTG-1,0,32,94,6138,7931
GCTTTCAGAGGAGGTG-1,0,33,95,6024,8128
TCTTCCCATGGGCACA-1,0,32,96,5912,7930
TACCGCGGACTTGCAG-1,0,33,97,5797,8127
AGAATTATGGATTCGA-1,0,32,98,5685,7929
ATTGATGAGTCCTAAC-1,0,33,99,5571,8126
TAGGTCGCCGGAACTG-1,0,32,100,5458,7929
TAACCTACCGTCCGAG-1,0,33,101,5344,8125
CTTAGTAGGCCTACAG-1,0,32,102,5231,7928
CTAGATGTGAGTGTAA-1,0,33,103,5117,8125
ACTCCCGAATTCGTTT-1,0,32,104,5005,7927
GTTCATCGTTTGGCTG-1,0,33,105,4891,8124
ACTTTACCCTCATGAA-1,0,32,106,4778,7926
GCGAGAGTTGCGTCCA-1,0,33,107,4664,8123
GTTCGGGCGTACCATT-1,0,32,108,4551,7926
CGACTTTGTATAGCCT-1,0,33,109,4437,8122
GCCATCGATGCTGCAT-1,0,32,110,4324,7925
GCATTTCCAAGGCTCC-1,0,33,111,4210,8122
ATGTAAGGCTGCTCTT-1,0,32,112,4098,7924
ACGTTCGCAATCAATT-1,0,33,113,3984,8121
GTGACGAGGGTGACCC-1,0,32,114,3871,7923
ATTATAGCTACTTTAC-1,0,33,115,3757,8120
CGTGTGTTAAACCCTG-1,0,32,116,3644,7923
TTGGTATGGCTTGTGT-1,0,33,117,3530,8120
CATTCCCATTCCGTCG-1,0,32,118,3418,7922
TGCCGAAAGCGTATTC-1,0,33,119,3304,8119
CAACACATCTCCTGCC-1,0,32,120,3191,7921
CTGCCTCATATGCAAC-1,0,33,121,3077,8118
TCCCGCCTATGTGCGT-1,0,32,122,2964,7920
GGTTACCCGACACTTT-1,0,33,123,2850,8117
CCAGCGGGATCACCAG-1,0,32,124,2737,7920
ATGTTTCGGCCCGGAG-1,0,33,125,2623,8117
GCGTCTAACCTCCTAA-1,0,32,126,2511,7919
ATCAGGTAGCTGACAG-1,0,33,127,2397,8116
GGTATGAAAGAACTGA-1,0,34,0,16793,8360
GTGGCCTAATATCATT-1,0,35,1,16679,8557
CCTGTGAAACCGTAAC-1,0,34,2,16566,8360
GGCAGAGAGATCGGGA-1,0,35,3,16452,8556
TAGCGTCGAATATTGA-1,0,34,4,16339,8359
CGCCGACTATTCGCTA-1,0,35,5,16225,8556
TCTGGCGCAAGCCGGG-1,0,34,6,16113,8358
AGTGGTTGCGTATAGG-1,0,35,7,15999,8555
ATCGGTTACCTAGTAA-1,0,34,8,15886,8357
CCTGCCCGTTGTCTAG-1,0,35,9,15772,8554
GCACACGCCCATGGTC-1,0,34,10,15659,8357
AGTACGGCCCGTATCG-1,0,35,11,15545,8553
TATCTAGCCTAAAGGA-1,0,34,12,15432,8356
CACTCGGTTAGGAGGA-1,0,35,13,15318,8553
ATGTTCGTCGACCCAC-1,0,34,14,15206,8355
TTCCTCTGCCCGAATA-1,0,35,15,15092,8552
TTACTATCGGCTTCTC-1,0,34,16,14979,8354
GCCGCATTAGTCCGGC-1,0,35,17,14865,8551
TAAGGGCTGGGAGAGG-1,0,34,18,14752,8354
TAAGCAGGCGACACGC-1,0,35,19,14638,8550
AGCACTACCGGCCTGT-1,0,34,20,14526,8353
GAAAGCCCTTTGGACC-1,0,35,21,14412,8550
GACCGACTGAAGCGTC-1,0,34,22,14299,8352
CGGTGAAGACTAAAGT-1,0,35,23,14185,8549
CCCTGCGCTACGCATA-1,0,34,24,14072,8351
TACTGGACAGCTCGGC-1,0,35,25,13958,8548
TTAGTAGGGCGGCGGG-1,0,34,26,13845,8351
GAGGCTATCAAAGTCG-1,0,35,27,13731,8548
TTACCATTGATTACCC-1,0,34,28,13619,8350
ATACCACGGGCAACTT-1,0,35,29,13505,8547
TGTCCTAAGTCACCGC-1,0,34,30,13392,8349
AGGTAGGTACAAAGCT-1,0,35,31,13278,8546
GGCATACAGGTAGCGG-1,0,34,32,13165,8348
TGTAGTGATCTATAAT-1,0,35,33,13051,8545
TCCCGGGTGTGCTGCT-1,0,34,34,12938,8348
TACGATGTTGATCATC-1,0,35,35,12824,8545
CCTCTCTCCCATCTAG-1,0,34,36,12712,8347
GCAGGACTATAGAATA-1,0,35,37,12598,8544
CTAGTGAAGGACAGGA-1,0,34,38,12485,8346
TACGAGAACTTCACGT-1,0,35,39,12371,8543
CGTTGTTTCAATTCCC-1,0,34,40,12258,8345
GCAAATATTACGCTTT-1,0,35,41,12144,8542
CCAATAGTGCCGTCGA-1,0,34,42,12032,8345
ATTGCTGCTCCTCCAT-1,0,35,43,11918,8542
GAGATCTGCTTGGCAT-1,0,34,44,11805,8344
GCCGAAATTCCTACGT-1,0,35,45,11691,8541
GGCACTCCACTGGGCA-1,0,34,46,11578,8343
GGGTCACCGTGACGGT-1,0,35,47,11464,8540
CACTTAATCAGACGGA-1,0,34,48,11351,8342
CGTTTCGCTCATTACA-1,0,35,49,11237,8539
ATAAAGGCTCGGTCGT-1,0,34,50,11125,8342
CACTAAAGTTGCCTAT-1,0,35,51,11011,8539
GTGCTCAAGTACTGTC-1,0,34,52,10898,8341
CCATGCCTGTTTAGTA-1,0,35,53,10784,8538
TCTAGTTATCAGAAGA-1,0,34,54,10671,8340
TTGTAATCCGTACTCG-1,0,35,55,10557,8537
TCCCAGCTTTAGTCTG-1,0,34,56,10445,8339
CTACGCACGGAGTACC-1,0,35,57,10331,8536
AAATTAACGGGTAGCT-1,0,34,58,10218,8339
CGGCCACGCACAAAGT-1,0,35,59,10104,8536
GAAGCGTGAGGAATTT-1,0,34,60,9991,8338
ATATCTTAGGGCCTTC-1,0,35,61,9877,8535
ACGCGGGCCAAGGACA-1,0,34,62,9764,8337
GCGAGTTCTGCAAAGA-1,0,35,63,9650,8534
TATTCGTGCCAGAATA-1,0,34,64,9538,8336
AGGGCTGCAGTTACAG-1,0,35,65,9424,8533
CTAGCATAGTATAATG-1,0,34,66,9311,8336
TAGGTTCGAGTTCGTC-1,0,35,67,9197,8533
GAATTATAGTGAAAGG-1,0,34,68,9084,8335
CTATCGGGTCTCAACA-1,0,35,69,8970,8532
GCGCTAATTGAATAGA-1,0,34,70,8858,8334
ATGCGACAGTCCCATT-1,0,35,71,8744,8531
GGTAGTGCTCGCACCA-1,0,34,72,8631,8334
AAGCTCGTGCCAAGTC-1,0,35,73,8517,8530
TATTCAATTCTAATCC-1,0,34,74,8404,8333
TTCAAAGTCTCTAGCC-1,0,35,75,8290,8530
TTGAATATGGACTTTC-1,0,34,76,8177,8332
AAGAGCTCTTTATCGG-1,0,35,77,8063,8529
TTACTCCGGCCGGGAA-1,0,34,78,7951,8331
AAACGAGACGGTTGAT-1,0,35,79,7837,8528
GCTAAGTAGTTTCTCT-1,0,34,80,7724,8331
ATAACGCCGGAGGGTC-1,0,35,81,7610,8527
GGATCCGGAATATACT-1,0,34,82,7497,8330
TGAAAGGACCTGACTC-1,0,35,83,7383,8527
TCCGCGGCAGCATCTG-1,0,34,84,7271,8329
TGCATATGTCTGTCAC-1,0,35,85,7157,8526
TGTAGGAGAAATTTCC-1,0,34,86,7044,8328
AGTGAGACTTCCAGTA-1,0,35,87,6930,8525
CCCAAACATGCTGCTC-1,0,34,88,6817,8328
GCTTATGAAGCAGGAA-1,0,35,89,6703,8524
TTCTAACCGAAGCTTA-1,0,34,90,6590,8327
GGATGTCCTTACCGCA-1,0,35,91,6476,8524
AGGGTGCTCTCGAGGG-1,0,34,92,6364,8326
AACTCTCAATAGAGCG-1,0,35,93,6250,8523
TCTGAATTCCGTACAA-1,0,34,94,6137,8325
GCGTGGTACTGGGTTA-1,0,35,95,6023,8522
CGTCGGATAGTGTTGA-1,0,34,96,5910,8325
ATATGTCTCCCTAGCC-1,0,35,97,5796,8521
TCTTTAAGACTATGAA-1,0,34,98,5683,8324
TCATTTAAGTCTCCGA-1,0,35,99,5569,8521
GATATTGAGATTGGCG-1,0,34,100,5457,8323
TGACATCGAGCGGACC-1,0,35,101,5343,8520
GCGTAAATGGCCATAA-1,0,34,102,5230,8322
ATTGTACAACTCGGCT-1,0,35,103,5116,8519
TACGCTATAGAAACCT-1,0,34,104,5003,8322
CACCCAAATCTTATGT-1,0,35,105,4889,8518
AGATGATGGAGTCTGG-1,0,34,106,4777,8321
CCACGGTGCCCGGTAG-1,0,35,107,4663,8518
TCAAGAAATACTAGCT-1,0,34,108,4550,8320
AGGTATAATTGATAGT-1,0,35,109,4436,8517
CAAGGTCCTATAGGCT-1,0,34,110,4323,8319
CCGGCACGACCGTTTC-1,0,35,111,4209,8516
ACCTCCGTTATTCACC-1,0,34,112,4096,8319
GCAGCCTATATCACAT-1,0,35,113,3982,8515
GGTATAGTGACACATA-1,0,34,114,3870,8318
AAATTCCAGGTCCAAA-1,0,35,115,3756,8515
TCTTTAGCAGGCGAAC-1,0,34,116,3643,8317
TATTGACATTTCTGCC-1,0,35,117,3529,8514
TCTGATCGGGTGCTAG-1,0,34,118,3416,8316
GGCCCGGAGCATGTCT-1,0,35,119,3302,8513
GGGCGCAGCGTTACTC-1,0,34,120,3190,8316
TTGGCGATCCGAATAT-1,0,35,121,3076,8513
CCACGTAAATTAGACT-1,0,34,122,2963,8315
TCTGATTGGAAATGGA-1,0,35,123,2849,8512
ATGGCGGAATAGTCGC-1,0,34,124,2736,8314
ATCGCTTTACGTCTCA-1,0,35,125,2622,8511
TACGTGCAAGGTTCCT-1,0,34,126,2509,8313
CAGGACAGCTGCCCTT-1,0,35,127,2395,8510
CAAACCAGGTCTGCAT-1,0,36,0,16791,8755
ACAAGCTATATGGAAG-1,0,37,1,16677,8952
TCGCCCACTGCGAGAG-1,0,36,2,16565,8754
AGCCGCAAATTCAAAT-1,0,37,3,16451,8951
TTAACGTTAAAGCCTG-1,0,36,4,16338,8753
CAGCGCCAACACGATA-1,0,37,5,16224,8950
ATCCAATGGTACCGAA-1,0,36,6,16111,8753
GTGCTGCAGATAAGGA-1,0,37,7,15997,8949
GGCCTTTGCAACTGGC-1,0,36,8,15885,8752
GTCGTACCTACGATTG-1,0,37,9,15771,8949
TAGAAATTCACGTATA-1,0,36,10,15658,8751
AGAATAAATCTTCAGG-1,0,37,11,15544,8948
CATTGCGAAATGGGCG-1,0,36,12,15431,8750
GTCTACTCAATTACAA-1,0,37,13,15317,8947
TGTAATGACCACAATA-1,0,36,14,15204,8750
AAAGTCGACCCTCAGT-1,0,37,15,15090,8946
TACTCGGCACGCCGGG-1,0,36,16,14978,8749
AGGTGTATCGCCATGA-1,0,37,17,14864,8946
TGTGCTTTACGTAAGA-1,0,36,18,14751,8748
AAACCTCATGAAGTTG-1,0,37,19,14637,8945
TATAGGGTACTCATGA-1,0,36,20,14524,8747
CCAGCTGATGGTACTT-1,0,37,21,14410,8944
AATATTGGAGTATTGA-1,0,36,22,14297,8747
GGCCCTCACCCACTTA-1,0,37,23,14183,8943
AACCAAGACTTCTCTG-1,0,36,24,14071,8746
TCGTATTACCCATTGC-1,0,37,25,13957,8943
ATTCGACGCCGGGCCT-1,0,36,26,13844,8745
GGCGCAGGACATCTTC-1,0,37,27,13730,8942
GTACTCCCTTATCGCT-1,0,36,28,13617,8744
TGGTCTGTTGGGCGTA-1,0,37,29,13503,8941
AATAACAACGCTCGGC-1,0,36,30,13391,8744
CATACCCGTACCCAGT-1,0,37,31,13277,8941
ACAATCCATTTAAACC-1,0,36,32,13164,8743
GTTACAATTGGTGACG-1,0,37,33,13050,8940
TTGCCCTGATCACGGG-1,0,36,34,12937,8742
CTAACCGCGCGCCCGT-1,0,37,35,12823,8939
CTAAAGAATGCCTACT-1,0,36,36,12710,8741
ACCCATCTTGAGGGTA-1,1,37,37,12596,8938
GATCTTTGCAGGGTAT-1,0,36,38,12484,8741
GGGTACTTCATGAACT-1,0,37,39,12370,8938
GCCGCTTGTGAGAAAC-1,0,36,40,12257,8740
CCTGTAAGACATGATA-1,0,37,41,12143,8937
CGACAGTTCGCGTTAT-1,0,36,42,12030,8739
ACGATGCATATGTTAT-1,0,37,43,11916,8936
TGTTCCGCTTCCATGA-1,0,36,44,11804,8738
GGATGACGCGAGTTTA-1,0,37,45,11690,8935
GAAGTTTCCACTCAAT-1,0,36,46,11577,8738
GCGAGGCCCGAGCAGA-1,0,37,47,11463,8935
CATACTATGTAATTGT-1,0,36,48,11350,8737
CCAATGTCACAGCAAG-1,0,37,49,11236,8934
GTTGGATTTGCGTTGG-1,0,36,50,11123,8736
GGGAGGATGCCCGAAA-1,0,37,51,11009,8933
GATCGCGGGCTCTCCA-1,0,36,52,10897,8735
GTTCGCCATAAGTGCC-1,0,37,53,10783,8932
AGATTATAGGACGTTT-1,0,36,54,10670,8735
TCGAGACCAACACCGT-1,0,37,55,10556,8932
TATGGGACCGAGCAGG-1,0,36,56,10443,8734
GATGCGTCCTGCATTC-1,0,37,57,10329,8931
TATGGTCTGAGTAACA-1,0,36,58,10217,8733
GCATAGAGCACTCAGG-1,0,37,59,10103,8930
CTTCATTGTCAGTGGA-1,0,36,60,9990,8732
GCAGATTAGGGATATC-1,0,37,61,9876,8929
CCTGTCGCCCGTAAAT-1,0,36,62,9763,8732
CAATTTCGTATAAGGG-1,0,37,63,9649,8929
GTACACTTACCTGAAG-1,0,36,64,9536,8731
CCAGCCTGGACCAATA-1,0,37,65,9422,8928
ATGGAGCAGGCCGTGA-1,0,36,66,9310,8730
GTCATTAGAGCGAACG-1,0,37,67,9196,8927
AAGACTGCAAGCTACT-1,0,36,68,9083,8729
CTAGTCACGTCTTAAG-1,0,37,69,8969,8926
ACTCTTGTATAGTAAC-1,0,36,70,8856,8729
ATTAGGCGATGCTTTC-1,0,37,71,8742,8926
TTCGGGACTAATCGCG-1,0,36,72,8630,8728
TGGACTGTTCGCTCAA-1,0,37,73,8516,8925
AACGTGCGAAAGTCTC-1,0,36,74,8403,8727
CCACCCAAGGAAAGTG-1,0,37,75,8289,8924
CCGCACAAAGACCAAC-1,0,36,76,8176,8727
GCGATTGTTAACGTTA-1,0,37,77,8062,8923
ACTCGTCAGTAATCCC-1,0,36,78,7949,8726
GGTGATAAGGAGCAGT-1,0,37,79,7835,8923
AAGAGGCATGGATCGC-1,0,36,80,7723,8725
CACGTTCGTGCTCTAG-1,0,37,81,7609,8922
CTATTTGGTTACGGAT-1,0,36,82,7496,8724
GTACAGAGGCAAGGGT-1,0,37,83,7382,8921
GGGCCGGCCGAAGTAC-1,0,36,84,7269,8724
CCTGAACGATATATTC-1,0,37,85,7155,8920
CCGGGCTGCTCCATAC-1,0,36,86,7043,8723
TACTTGTTAGTAGTCC-1,0,37,87,6929,8920
CCTAGGCGTAGCGATC-1,0,36,88,6816,8722
CTGGCGCACAGGTCTG-1,0,37,89,6702,8919
ACTTATACTTACCCGG-1,0,36,90,6589,8721
GAAGTCTCCCTAGCGA-1,0,37,91,6475,8918
ACCGATGGTAGCATCG-1,0,36,92,6362,8721
CGAGTTTATCGGACTG-1,0,37,93,6248,8917
CATAACGGACAGTCGT-1,0,36,94,6136,8720
TGACGATGCACTAGAA-1,0,37,95,6022,8917
TAGGGAGCTTGGGATG-1,0,36,96,5909,8719
AGGGTCGATGCGAACT-1,0,37,97,5795,8916
TATATCCCTGGGAGGA-1,0,36,98,5682,8718
CATCTTACACCACCTC-1,0,37,99,5568,8915
GTGCGACAGGGAGTGT-1,0,36,100,5455,8718
CCGATCTCAACCTTAT-1,0,37,101,5341,8914
ACGATCATCTTGTAAA-1,0,36,102,5229,8717
GAAAGAACAGCGTTAT-1,0,37,103,5115,8914
CTAGGTCTGAAGGAAT-1,0,36,104,5002,8716
ATATCAACCTACAGAG-1,0,37,105,4888,8913
AAATAGCTTAGACTTT-1,0,36,106,4775,8715
GCGACATGTAAACATC-1,0,37,107,4661,8912
ATAAGTAGGGCGACTC-1,0,36,108,4549,8715
GCGAGCGCATGCTCCC-1,0,37,109,4435,8911
AGGGACCGGCTGCGTT-1,0,36,110,4322,8714
CCTATGAAGTGGTGCC-1,0,37,111,4208,8911
GCTTACGTAGTTAGTA-1,0,36,112,4095,8713
CATACTTAGGCAATAC-1,0,37,113,3981,8910
CCTGTCCCTCACGTTA-1,0,36,114,3868,8712
CAATGTGCCAACCCTT-1,0,37,115,3754,8909
GTTAAGTTAGAGTGGG-1,0,36,116,3642,8712
CTGGGATACGCTACCC-1,0,37,117,3528,8908
AACCTGTCACGGAATT-1,0,36,118,3415,8711
ACTGCGGACACACCGT-1,0,37,119,3301,8908
CCGTGAGGCATTCATG-1,0,36,120,3188,8710
GCCCAGATGCTGGAGA-1,0,37,121,3074,8907
TCTGGCCGTTCAAGTT-1,0,36,122,2962,8709
ATACGAAGGCTTTCCA-1,0,37,123,2848,8906
GATCCGAATATAAGTG-1,0,36,124,2735,8709
GTGGAGCATGTCGGCC-1,0,37,125,2621,8906
ACTCTTCAGCTCCCGC-1,0,36,126,2508,8708
CCCGATAGCCTCGCCT-1,0,37,127,2394,8905
ACAGGTGTGTTGTTGC-1,0,38,0,16790,9149
TGAACTGCTATGACTT-1,0,39,1,16676,9346
TGACATATATGACGAT-1,0,38,2,16563,9149
AAGTCTTCTGTGGCCT-1,0,39,3,16449,9345
ACCAGACCATAACAAC-1,0,38,4,16337,9148
TGAGACGTACCTCTCA-1,0,39,5,16223,9345
GACCGTTACATGCGAC-1,0,38,6,16110,9147
GGTTCGGATTATACTA-1,0,39,7,15996,9344
CCTCCTGAGCCCACAT-1,0,38,8,15883,9146
CCGCGATTTGGTAGGT-1,0,39,9,15769,9343
AATCTCTACTGTGGTT-1,0,38,10,15657,9146
ACTTTGACTGCATCCT-1,0,39,11,15543,9342
CCCTGACTAACAAATT-1,0,38,12,15430,9145
ACGCTGTGAGGCGTAG-1,0,39,13,15316,9342
GCATACGAGGTCTTTA-1,0,38,14,15203,9144
TCGGGATTCAAACATA-1,0,39,15,15089,9341
GGGCCCTACGAAAGGG-1,0,38,16,14976,9143
CGCCAAGAAGCCGAGT-1,0,39,17,14862,9340
GGTACATCTGGGACGA-1,0,38,18,14750,9143
GGATGCTGGCGTTCCT-1,0,39,19,14636,9339
CCGATTCGAGGGACCC-1,0,38,20,14523,9142
CCACTGGTGGCTGGTT-1,0,39,21,14409,9339
GACAGGCACACACTAT-1,0,38,22,14296,9141
TCAACGCGACCGGCAG-1,0,39,23,14182,9338
CTACGACTAGCTATAA-1,0,38,24,14069,9140
CGGTTGACCTGGCATA-1,0,39,25,13955,9337
ATCCTGAATCGCTGCG-1,0,38,26,13843,9140
GTTTCATATCGTCGCT-1,0,39,27,13729,9336
ATAAATATTAGCAGCT-1,0,38,28,13616,9139
AAGAGGATGTACGCGA-1,1,39,29,13502,9336
TCCTGCGTTGATACTC-1,0,38,30,13389,9138
CGTGCATTGTCGACGC-1,1,39,31,13275,9335
CCGGGTTCGAGGTTAC-1,1,38,32,13163,9137
CCCAATTTCACAACTT-1,1,39,33,13049,9334
TGATTTATTAGCTGTG-1,1,38,34,12936,9137
TGGAAGAAGGGAACGT-1,1,39,35,12822,9334
GACGCTTGCTTCTAAA-1,1,38,36,12709,9136
GGGAACGGGAGGTTAG-1,1,39,37,12595,9333
GCGGCTCTGACGTACC-1,1,38,38,12482,9135
ACGTTAGATTTGCCCG-1,0,39,39,12368,9332
GAGAGGGCGCGAGGTT-1,0,38,40,12256,9134
GCGTCTCTGCATTGGG-1,0,39,41,12142,9331
GCAGCACACAGCCCAG-1,0,38,42,12029,9134
CAGGCCGTTTGGGTGT-1,0,39,43,11915,9331
AACTCAAGTTAATTGC-1,0,38,44,11802,9133
CTTCGTAGATAGGTGA-1,0,39,45,11688,9330
TGCAGAGTACCGAGCA-1,0,38,46,11576,9132
GAAGTGATTTATCGTG-1,0,39,47,11462,9329
CGCTACGGGACATTTA-1,0,38,48,11349,9131
CCACACTGAGATATTA-1,0,39,49,11235,9328
CGATCCGACCCAGTGC-1,0,38,50,11122,9131
CTGTACTTCTTAGCAT-1,0,39,51,11008,9328
ACTTATTAGGATCGGT-1,0,38,52,10895,9130
TAGTCCGCAGAGAATG-1,0,39,53,10781,9327
TTCACGAAAGGATCAC-1,0,38,54,10669,9129
TACATTTCTAACGTGC-1,0,39,55,10555,9326
ACCATATCCGCAATAA-1,0,38,56,10442,9128
CACTCAAGAGCTATGG-1,0,39,57,10328,9325
TGTACGAACAAATCCG-1,0,38,58,10215,9128
ATCATCCAATATTTGT-1,0,39,59,10101,9325
CGCTATTCTTAGGCTC-1,0,38,60,9989,9127
TGGCAGCAGTAATAGT-1,0,39,61,9875,9324
TCACGTGCCCGATTCA-1,0,38,62,9762,9126
CATACGGCGTCTGGGC-1,0,39,63,9648,9323
CACATGATTCAGCAAC-1,0,38,64,9535,9125
GCTAGTAGAGCTTGTA-1,0,39,65,9421,9322
TGCTGTTGAAGAACTC-1,0,38,66,9308,9125
CGGAGCATGGCGATCC-1,0,39,67,9194,9322
TAGCGTTGGGTCTTAC-1,0,38,68,9082,9124
GTAGCGGCTATACACT-1,0,39,69,8968,9321
TAACATACAATGTGGG-1,0,38,70,8855,9123
TCTTCGAATAGACGTT-1,0,39,71,8741,9320
GATCGTGACTGATATC-1,0,38,72,8628,9122
GATCCGGGAATTAACA-1,0,39,73,8514,9319
TTATATACGCTGTCAC-1,0,38,74,8402,9122
GTCGCGTAACCCGTTG-1,0,39,75,8288,9319
AGCTCTAGACGTTCCA-1,0,38,76,8175,9121
GTCAAGCGGACTCGGG-1,0,39,77,8061,9318
CGAGGGACTGCGGTCG-1,0,38,78,7948,9120
AATCGCCTCAGCGCCA-1,0,39,79,7834,9317
CTTGTTGCTGAGTCAA-1,0,38,80,7721,9120
GATATGAGACACTAAC-1,0,39,81,7607,9316
TTATGATCTTAACGAA-1,0,38,82,7495,9119
CGCCGCCCATGCCTGT-1,0,39,83,7381,9316
CTGGGATAAATAATGG-1,0,38,84,7268,9118
GTGCCCGTTCGGATTC-1,0,39,85,7154,9315
TTCAATACTCTGAATC-1,0,38,86,7041,9117
CGCACATGTCCACTAC-1,0,39,87,6927,9314
AGAAGAGCGCCGTTCC-1,0,38,88,6814,9117
GATAACTCGCACTGTG-1,0,39,89,6700,9313
AGTCGACGGTCTCAAG-1,0,38,90,6588,9116
GTGACCGCACACTACG-1,0,39,91,6474,9313
GTATGTGGGTCTAGTT-1,0,38,92,6361,9115
CTTGAGTTAGGGTAAT-1,0,39,93,6247,9312
TTAGCTGATTTGCCGT-1,0,38,94,6134,9114
GCTGTTGCTACCGAAC-1,0,39,95,6020,9311
TATTACCATCCTGCTT-1,0,38,96,5908,9114
TTGAATTCACGTGAGG-1,0,39,97,5794,9310
CCATCTCACCAGTGAA-1,0,38,98,5681,9113
CGCACGTGCGCTATCA-1,0,39,99,5567,9310
ACCCGGATGACGCATC-1,0,38,100,5454,9112
CGCTAGAGACCGCTGC-1,0,39,101,5340,9309
ATAGTTCCACCCACTC-1,0,38,102,5227,9111
GCAGACCCAGCACGTA-1,0,39,103,5113,9308
TAGACTACCTAGCGTT-1,0,38,104,5001,9111
GGTTCTACTCGTCTGA-1,0,39,105,4887,9307
GACTCACCCACGTGAG-1,0,38,106,4774,9110
AGCTCTTCGTAACCTT-1,0,39,107,4660,9307
ACTATCCAGGGCATGG-1,0,38,108,4547,9109
AAGGATCGATCGCTTG-1,0,39,109,4433,9306
ATATCGGTAGGGAGAT-1,0,38,110,4321,9108
TTCCAGACGAGATTTA-1,0,39,111,4207,9305
GACCGACGTGAAAGCA-1,0,38,112,4094,9108
CCTGGAAACGTTCTGC-1,0,39,113,3980,9304
CCGGTAATGGCTAGTC-1,0,38,114,3867,9107
GCCGTGGAAGAAATGT-1,0,39,115,3753,9304
GTCTTGAGGAGCAGTG-1,0,38,116,3640,9106
TCCCAAAGCCCTAAAT-1,0,39,117,3526,9303
TTGAGCGCCACGTGAT-1,0,38,118,3414,9105
TTGAGTCCCGCTGCTG-1,0,39,119,3300,9302
ATGGAACCTTTGCACA-1,0,38,120,3187,9105
GCTAGCACCTGGGCCA-1,0,39,121,3073,9301
CGCCGTCTACCCATCG-1,0,38,122,2960,9104
GATAGGTGTCCCGGGC-1,0,39,123,2846,9301
AGGTATGCGGACATTA-1,0,38,124,2734,9103
TTGGTTCGCTCAAAGG-1,0,39,125,2620,9300
TCTGGAGCGTAAGAGT-1,0,38,126,2507,9102
TGCCTAAATTTAATAG-1,0,39,127,2393,9299
TAATTTCCGTCCAGTA-1,0,40,0,16789,9544
TCCTTCAATCCCTACG-1,0,41,1,16675,9741
TACCTATCCCTAGAGG-1,0,40,2,16562,9543
GCATGGGTACTGACGC-1,0,41,3,16448,9740
GTCGGGAACATGGTAG-1,0,40,4,16335,9542
GCAAATGAGGACACTT-1,0,41,5,16221,9739
GAATGGGCTTATCGAC-1,0,40,6,16109,9542
TGGTCGTGCAAGGCAA-1,0,41,7,15995,9738
CACCACGCCACACAGA-1,0,40,8,15882,9541
GAACCTCGACCTACAC-1,0,41,9,15768,9738
CAATACGCTCTGAGGC-1,0,40,10,15655,9540
TGGTAAGCAGGATTGA-1,0,41,11,15541,9737
AGTGGCTCCGTCGGCC-1,0,40,12,15428,9539
GATCGGATAGAACCAT-1,0,41,13,15314,9736
GCTACAGTACGGACCG-1,0,40,14,15202,9539
TCTATTACTAGAGGAT-1,0,41,15,15088,9735
TTCAGGCGTCAAAGCC-1,0,40,16,14975,9538
AGACCGGGAAACCCTG-1,0,41,17,14861,9735
AGAGATCTCTAAAGCG-1,0,40,18,14748,9537
CCCTGCCCAATCCGCT-1,0,41,19,14634,9734
GTGGCGGTCCCAGCGT-1,0,40,20,14522,9536
GCATTGTAATTCATAT-1,0,41,21,14408,9733
CCGTTCCGAATCTCGG-1,0,40,22,14295,9536
AGCTTGATCTTAACTT-1,1,41,23,14181,9732
CCTGTACTCACGCCCA-1,0,40,24,14068,9535
AAGTGACGACCGAATT-1,1,41,25,13954,9732
CTCACTTGGCTGGTAA-1,1,40,26,13841,9534
CGCCTGGCCTACGTAA-1,1,41,27,13727,9731
CCCGTAAGTCTAGGCC-1,1,40,28,13615,9533
TTGGACATGTGGCTTA-1,1,41,29,13501,9730
ATTACGCGCTGGCAGG-1,1,40,30,13388,9533
ACGCGCTACACAGGGT-1,1,41,31,13274,9729
TACGTTTACCGGCAAT-1,1,40,32,13161,9532
CGAAACGCAATTCATG-1,1,41,33,13047,9729
TAGTCTAACAACGAGA-1,1,40,34,12935,9531
TTGCATGCTGATCACG-1,1,41,35,12821,9728
TCTGGGTAGCGCTCAT-1,1,40,36,12708,9530
ACATCGGTCAGCCGCG-1,1,41,37,12594,9727
AGATACCGGTGTTCAC-1,0,40,38,12481,9530
GATTACTGAATTTGGG-1,0,41,39,12367,9727
TCCAACTTTAAATTCT-1,0,40,40,12254,9529
TCCTAGCAAAGAAGCT-1,0,41,41,12140,9726
GTCTATCTGAGTTTCT-1,0,40,42,12028,9528
GATGTTCAATCCACGA-1,0,41,43,11914,9725
AGTTAAACACTTGCGA-1,0,40,44,11801,9527
AGCTCTTTACTCAGTT-1,0,41,45,11687,9724
ATCCAGGATTCGTGAA-1,0,40,46,11574,9527
AGTCAACACCACCATC-1,0,41,47,11460,9724
CGATACCTCGCGGACA-1,0,40,48,11348,9526
TACAACGCACAACTCA-1,0,41,49,11234,9723
AATTAAAGGTCGGCGT-1,0,40,50,11121,9525
TACGCAGTTCTTTCCT-1,0,41,51,11007,9722
GACCGTGCTGACGGTG-1,0,40,52,10894,9524
GGCAAATTACTTTACT-1,0,41,53,10780,9721
GGTACAAACATGCTAT-1,0,40,54,10667,9524
CGGGCCTTCTTTGTAA-1,0,41,55,10553,9721
CGTGAAGTTAATTCAC-1,0,40,56,10441,9523
ATAGTGAAGCGTTCTC-1,0,41,57,10327,9720
TACGCCATATTCTAAT-1,0,40,58,10214,9522
GCCGGGTTAGGGTCGC-1,0,41,59,10100,9719
TACATAGGCATACACC-1,0,40,60,9987,9521
GCCGATTGGCCAAGCT-1,0,41,61,9873,9718
CTGCCATGCATCACAT-1,0,40,62,9761,9521
TTATGAATGAAAGGGA-1,0,41,63,9647,9718
GCTGAGGCGTGAGTAT-1,0,40,64,9534,9520
GCGCCGTTCCACGATA-1,0,41,65,9420,9717
CGCATGGTGCGATGCT-1,0,40,66,9307,9519
AGGTTTCACACACCTT-1,0,41,67,9193,9716
CAAGGATCGCATGTTC-1,0,40,68,9080,9518
ACGTTAATGTCGAAGA-1,0,41,69,8966,9715
TCCAGAGCACCGGTTC-1,0,40,70,8854,9518
GATTCGACGGTTCACG-1,0,41,71,8740,9715
GTTTCTGCAGTCTCCC-1,0,40,72,8627,9517
GCTGCACGGTTTCTTA-1,0,41,73,8513,9714
CGTGCAGACTGGGACA-1,0,40,74,8400,9516
GTGTTACTATGCGTCC-1,0,41,75,8286,9713
TCCTCGGGCTGGGCTT-1,0,40,76,8174,9515
GTGAGGACACTTAAGG-1,0,41,77,8060,9712
ATACGCCGGCGAAACC-1,0,40,78,7947,9515
TCTGCCAGAAACTGCA-1,0,41,79,7833,9712
TTCTGCGGGTTAGCGG-1,0,40,80,7720,9514
CTCGGTACCACTGCTC-1,0,41,81,7606,9711
GTAAGTAACAGTCTGG-1,0,40,82,7493,9513
GTGCGTGTATATGAGC-1,0,41,83,7379,9710
ATTTGTCTTGGGAGCT-1,0,40,84,7267,9513
CCTCGGACCGGGATAG-1,0,41,85,7153,9709
TAGGTGCTCGCCTAGC-1,0,40,86,7040,9512
CTTTAGGAACACTGTT-1,0,41,87,6926,9709
TCGGGCCGTCGTGGTA-1,0,40,88,6813,9511
AGTGCTTGCACGAATA-1,0,41,89,6699,9708
TGCAGTTTCCTCCCAT-1,0,40,90,6586,9510
TGAGAGATTTACCACG-1,0,41,91,6472,9707
GAAACAGATGACCACC-1,0,40,92,6360,9510
AGCAACATATCTTATT-1,0,41,93,6246,9706
CAAGTGTGGTTGCAAA-1,0,40,94,6133,9509
GCCTCATCTGGAAATA-1,0,41,95,6019,9706
AACCCTACTGTCAATA-1,0,40,96,5906,9508
ACGTATTACTCCGATC-1,0,41,97,5792,9705
TCTGGGAACCTTTGAA-1,0,40,98,5680,9507
GCTCGCTCATGTCCAA-1,0,41,99,5566,9704
GCGCAAGAGCGCGCTG-1,0,40,100,5453,9507
TTGACGCTCCATGAGC-1,0,41,101,5339,9703
TATAGATGGTCGCAGT-1,0,40,102,5226,9506
TTACATGCCACAACTA-1,0,41,103,5112,9703
ACATGGCGCCAAAGTA-1,0,40,104,4999,9505
TATGGTTAGTGGGAGA-1,0,41,105,4885,9702
CATGACTTCGCTGAAT-1,0,40,106,4773,9504
ACCACCAATGTAACAA-1,0,41,107,4659,9701
TCTTAGAGCTCCAATT-1,0,40,108,4546,9504
CCACGAATTTAACCTC-1,0,41,109,4432,9700
TTCTTGCTAGCATCTC-1,0,40,110,4319,9503
ACACCTTACTACTTGC-1,0,41,111,4205,9700
AGTCGGTTGCGTGAGA-1,0,40,112,4093,9502
ACCTACAGTATGTGGT-1,0,41,113,3979,9699
GAGGATAAACAGTGCT-1,0,40,114,3866,9501
TTCCGGTATCTGTGTC-1,0,41,115,3752,9698
GGAGGCCGAAGTCGTC-1,0,40,116,3639,9501
TTCGCTAGGAAGTTGT-1,0,41,117,3525,9697
TAAAGACAACCCTTTA-1,0,40,118,3412,9500
GTTGCGCTAACATTAC-1,0,41,119,3298,9697
GCTGAACTCTCCAGGG-1,0,40,120,3186,9499
AGCCCTGTCGCACCGT-1,0,41,121,3072,9696
AGCGCTAGAGCGATGT-1,0,40,122,2959,9498
TGCGCCGTTAATAACG-1,0,41,123,2845,9695
TGACAACGCATGTCGC-1,0,40,124,2732,9498
CGTCTTGAGTGTGACG-1,0,41,125,2618,9694
GATAGGATTAATTACA-1,0,40,126,2506,9497
GATACCGTGTCGGAGT-1,0,41,127,2392,9694
TGTGTCGAAGTCGAGG-1,0,42,0,16788,9938
GGATCAGAGCCATCAG-1,0,43,1,16674,10135
GTCCCAATCATCCCGC-1,0,42,2,16561,9938
TGCCACACTAGAGGAA-1,0,43,3,16447,10134
TGAATTTCACTTGCCT-1,0,42,4,16334,9937
CTCAGATTGTGATAAG-1,0,43,5,16220,10134
CGGACGTTACTTGAAG-1,0,42,6,16107,9936
CCGCCTTGCGATGTCG-1,0,43,7,15993,10133
CCAGTCAAATCTCTTA-1,0,42,8,15881,9935
AAACAGCTTTCAGAAG-1,0,43,9,15767,10132
TAGCTGATGTGAAGCG-1,0,42,10,15654,9935
CTTATGCGCTCAGGGC-1,0,43,11,15540,10131
TGGCTCTTGTCGCGTA-1,0,42,12,15427,9934
TTGTGAGGCATGACGC-1,0,43,13,15313,10131
CATAAGCTCTCCGTCT-1,0,42,14,15200,9933
CCTTCTCAGCGTTCCT-1,0,43,15,15086,10130
TGCAGCTACGTACTTC-1,0,42,16,14974,9932
CTCTACACTGGCGATT-1,0,43,17,14860,10129
TGCAGATCGTCCTAGG-1,0,42,18,14747,9932
TGCCAAAGTCAGACTT-1,0,43,19,14633,10128
ACAATAGTCGTACGTT-1,0,42,20,14520,9931
CATGCCAACTCGCAAA-1,1,43,21,14406,10128
TGCAGAACTATATCGT-1,1,42,22,14294,9930
TCGTGTCACGCTGACA-1,1,43,23,14180,10127
TGATCAGGGAACTGCT-1,1,42,24,14067,9929
CTTGCAACCGCCTCCT-1,1,43,25,13953,10126
AGCCCATACATGTAAG-1,1,42,26,13840,9929
ATCCAATGGAGGGTCC-1,1,43,27,13726,10125
AAACCGGGTAGGTACC-1,1,42,28,13613,9928
GCAACCACGGCCGCGT-1,1,43,29,13499,10125
CGCTTATTCCCGGTCG-1,1,42,30,13387,9927
TTACTCTGGTACGTAC-1,1,43,31,13273,10124
GTGGTTTCCGCCTTTC-1,1,42,32,13160,9926
ATAGGCGGCTATAGAA-1,1,43,33,13046,10123
GTGCCATCACACGGTG-1,1,42,34,12933,9926
CCCAACATACGTCGCG-1,1,43,35,12819,10122
CGGTGCAGATAGAACG-1,1,42,36,12707,9925
GGGCGGGTTCCCTACG-1,1,43,37,12593,10122
TGAGCCATACAGTCTC-1,1,42,38,12480,9924
CTCCGCCCACATGAGG-1,1,43,39,12366,10121
GTTGAACCGGTTCCAT-1,0,42,40,12253,9923
TTGACTACCATATGGT-1,0,43,41,12139,10120
ACCATCGTATATGGTA-1,0,42,42,12026,9923
TGCGTAAGAACCTGAT-1,0,43,43,11912,10120
AGAAGGTTGCCGAATT-1,0,42,44,11800,9922
AGGACGACCCATTAGA-1,0,43,45,11686,10119
GGTGCTGGTACACATT-1,0,42,46,11573,9921
GCGCTATGCCGAGGCA-1,0,43,47,11459,10118
ACCCGGTTACACTTCC-1,0,42,48,11346,9920
TAACTCATCCGCGCGG-1,0,43,49,11232,10117
CACAATGAGCTGCTAT-1,0,42,50,11120,9920
GTTACTTTGGGCCTAG-1,0,43,51,11006,10117
GGGCCCGTCTTAAACA-1,0,42,52,10893,9919
GAAATTGTCTCTATAA-1,0,43,53,10779,10116
GGCGCATGAATTGATG-1,0,42,54,10666,9918
CATATAGGTACAGTCA-1,0,43,55,10552,10115
TCAACGAGGAGACAAA-1,0,42,56,10439,9917
TTGCACAATTCAGAAA-1,0,43,57,10325,10114
CATCGGACGGGTTAAT-1,0,42,58,10213,9917
ATTAAACATGCGGACC-1,0,43,59,10099,10114
TATCTACCACAGCGGG-1,0,42,60,9986,9916
CGAGACCCTAGAGTGT-1,0,43,61,9872,10113
ACATCGATCGTTTACC-1,0,42,62,9759,9915
ATCGACCCAATACAGA-1,0,43,63,9645,10112
GAATCTGAACATTCTC-1,0,42,64,9533,9914
AGTTCCTATTTATGTT-1,0,43,65,9419,10111
CAGTCTGTATACTGGG-1,0,42,66,9306,9914
GGAGACGACACCTTTG-1,0,43,67,9192,10111
CCTAAATTAACGGTTC-1,0,42,68,9079,9913
GCTACGACTTATTGGG-1,0,43,69,8965,10110
CTGTGCAGGGTAGGTC-1,0,42,70,8852,9912
ACGCCGCTAGACGACC-1,0,43,71,8738,10109
ACTTGACTCCCTCTTT-1,0,42,72,8626,9911
CGCCTCCCTCCTCTAT-1,0,43,73,8512,10108
CTAGATTTACGACGGC-1,0,42,74,8399,9911
GATGCTGTATTTCATC-1,0,43,75,8285,10108
TGCGTTTGTTGACACT-1,0,42,76,8172,9910
CGTGCCCTCCCGAAGA-1,0,43,77,8058,10107
ACTCTCTGACTTAGGT-1,0,42,78,7945,9909
CTGGGTAGGCAGTTAA-1,0,43,79,7831,10106
GTTTGGCCCAAGTTAT-1,0,42,80,7719,9908
GAATGTGGTCCGGATT-1,0,43,81,7605,10105
CCCAGTTAAGGCGCCG-1,0,42,82,7492,9908
CGGTACTAGAATCAAA-1,0,43,83,7378,10105
GCTTAATGTAACTAAC-1,0,42,84,7265,9907
AGGACAGTCGAATCCC-1,0,43,85,7151,10104
GACAGCCAGACCTGAC-1,0,42,86,7039,9906
GGCGAAATCTAACTTG-1,0,43,87,6925,10103
CTGGTAACACATAGAA-1,0,42,88,6812,9906
TAGCCATTTCAAAGTC-1,0,43,89,6698,10102
GGGATTTACCGCACCT-1,0,42,90,6585,9905
ATGCCATTTGCGACCA-1,0,43,91,6471,10102
GAATAGACGCGACCCA-1,0,42,92,6358,9904
TGTATGGCGCAGACAG-1,0,43,93,6244,10101
GGATGAAGATCGCTGA-1,0,42,94,6132,9903
CGACAATTTGATCTAA-1,0,43,95,6018,10100
AAAGTTGACTCCCGTA-1,0,42,96,5905,9903
CGCGGCTCAACTTGAA-1,0,43,97,5791,10099
CACGCGGAACTGTTGC-1,0,42,98,5678,9902
TCTTAGAGTGAACTCT-1,0,43,99,5564,10099
AGTCCATTGGCTGATG-1,0,42,100,5452,9901
TTAAGATAGGATTGAC-1,0,43,101,5338,10098
ACATCCTGGTAACTGT-1,0,42,102,5225,9900
CACCTTGGCGCCTTTG-1,0,43,103,5111,10097
GCTAGACCGTCTACTG-1,0,42,104,4998,9900
CGGCCCAGGTATATCC-1,0,43,105,4884,10096
GTCCATTACTGCTACG-1,0,42,106,4771,9899
GGGTTTAGGATAGGAT-1,0,43,107,4657,10096
TAATTAGGACATCCGT-1,0,42,108,4545,9898
GCTCCCAGTCGGTCCA-1,0,43,109,4431,10095
ATTCGTGCTATCTCTT-1,0,42,110,4318,9897
GTTAACTATGTTGTCA-1,0,43,111,4204,10094
GCTCCGCTCGCTTCAG-1,0,42,112,4091,9897
GCAACGGCTAGTTATG-1,0,43,113,3977,10093
AATCGCGCAGAGGACT-1,0,42,114,3865,9896
AGGTTACACCATGCCG-1,0,43,115,3751,10093
CGAGATTTCGCTCGGG-1,0,42,116,3638,9895
CGATAATACTCAGGTT-1,0,43,117,3524,10092
AAGGCAGGCTGTCTCC-1,0,42,118,3411,9894
GTAAGTCCACACTCTA-1,0,43,119,3297,10091
ATGAGGGCAGCGGCTA-1,0,42,120,3184,9894
GCCGCACTCCGTTTCA-1,0,43,121,3070,10090
GAGCACGGCGCCTCTT-1,0,42,122,2958,9893
ACAATTTGGCCATATT-1,0,43,123,2844,10090
CTGGTTCGCGAGCTAC-1,0,42,124,2731,9892
GACGGTCCTAGGGTGT-1,0,43,125,2617,10089
ACTCGCGATCTGACGC-1,0,42,126,2504,9891
GTGTACGAACCGTTCC-1,0,43,127,2390,10088
CTTTGACGTCGCTTCT-1,0,44,0,16786,10333
CGTTATCATACTTCCA-1,0,45,1,16672,10530
GCTATGCCAGCTTATG-1,0,44,2,16559,10332
CAGTCGGCCTAGATAT-1,0,45,3,16445,10529
CCCGTGAGGGCGGTGA-1,0,44,4,16333,10331
TCTCGTGTTACGAGGA-1,0,45,5,16219,10528
ACGTCTCGTTCCGGGA-1,0,44,6,16106,10331
CGAGAGCGCGTAGATA-1,0,45,7,15992,10527
GACAGATTTCTGGCTC-1,0,44,8,15879,10330
GGGCCTAAATGGGCTA-1,0,45,9,15765,10527
ACTTGTAGTCCCTTCA-1,0,44,10,15653,10329
CCCGAAGTTTCGCGAA-1,0,45,11,15539,10526
ACCATCCGCCAACTAG-1,0,44,12,15426,10328
TGCGAATATGGGATTT-1,0,45,13,15312,10525
TACATCCCTATCCCTG-1,0,44,14,15199,10328
GTGGGAAGACTGAATC-1,0,45,15,15085,10524
TCAACATCGACCGAGA-1,0,44,16,14972,10327
CTATGTGAGTCACGGC-1,1,45,17,14858,10524
CCGAACACTGGGCCTC-1,0,44,18,14746,10326
AAACTTGCAAACGTAT-1,1,45,19,14632,10523
AGGGCGAGCAGCTGAT-1,1,44,20,14519,10325
AACACGAGACGCGGCC-1,1,45,21,14405,10522
TGACGAATATTTCCCT-1,1,44,22,14292,10325
TCGGAGAGTATCGGGA-1,1,45,23,14178,10521
CAAATCTCTCACAAGG-1,1,44,24,14066,10324
AGGCCCTAGAACGCCA-1,1,45,25,13952,10521
TAGAGATCATGCAACT-1,1,44,26,13839,10323
TTGTTTCCATACAACT-1,1,45,27,13725,10520
GAGAGGTGCATTCTGG-1,1,44,28,13612,10322
GTGGACCAACCCGATT-1,1,45,29,13498,10519
CTGGGCCTGCTATATC-1,1,44,30,13385,10322
CATAGTCCACAAGAAC-1,1,45,31,13271,10518
TTGACATGAACGTGGA-1,1,44,32,13159,10321
GGTTACCACCCTCGGG-1,1,45,33,13045,10518
TACCGGTCGTTTCCAT-1,1,44,34,12932,10320
CGAGTACTAAAGAGGA-1,1,45,35,12818,10517
GCAAGAATTCCTTGGC-1,1,44,36,12705,10319
TCGCCGAAGTTGCGTC-1,1,45,37,12591,10516
TTGAGAGTACTGCTAA-1,1,44,38,12479,10319
GCCACAATTTAAGGAC-1,1,45,39,12365,10515
ATATTCAGTTAAACCT-1,1,44,40,12252,10318
TGAGTGCCTCTTAAAT-1,1,45,41,12138,10515
ATCAGACGGCACGCCG-1,0,44,42,12025,10317
GTGCGAAATCGAACAC-1,0,45,43,11911,10514
GTGCCGCTTCAAAGGT-1,0,44,44,11798,10316
GATACGATGGGAGTCA-1,0,45,45,11684,10513
GACACTGAGTTCAGTG-1,0,44,46,11572,10316
ATCCTGCGTGGAATGG-1,0,45,47,11458,10513
ATCCTACCTAAGCTCT-1,0,44,48,11345,10315
AGTGATATGAGTAGTT-1,0,45,49,11231,10512
ATGATGCAATGGTACA-1,0,44,50,11118,10314
GAAACCGAATTACCTT-1,0,45,51,11004,10511
AGTGACCTACTTTACG-1,0,44,52,10892,10313
CAAATGTCCTTCCGTG-1,0,45,53,10778,10510
TTACTGGGATATTTCA-1,0,44,54,10665,10313
CTTGCCCAGGCTCTAC-1,0,45,55,10551,10510
AAATCGTGTACCACAA-1,0,44,56,10438,10312
GTGATCATAGATCTGC-1,0,45,57,10324,10509
TGGCAGATTACGATCA-1,0,44,58,10211,10311
TCACCCTCTTAAGATT-1,0,45,59,10097,10508
CAGGATATATCGTTGT-1,0,44,60,9985,10310
CCTGACCACCGATGGT-1,0,45,61,9871,10507
CTAAAGGGAAATAGGA-1,0,44,62,9758,10310
CCGCTATCAGCACCAG-1,0,45,63,9644,10507
CTTTAGTGCTATTATT-1,0,44,64,9531,10309
CGGGAATTTATGTAAA-1,0,45,65,9417,10506
TACGACTGCCTCTTAG-1,0,44,66,9305,10308
AAACTGCTGGCTCCAA-1,0,45,67,9191,10505
GTACGTTTGCCCGTCA-1,0,44,68,9078,10307
GGCAAGGCGAAATAGC-1,0,45,69,8964,10504
GATCTTGGAGGGCATA-1,0,44,70,8851,10307
AGCGTGGTATTCTACT-1,0,45,71,8737,10504
CTAAGGGAATGATTGG-1,0,44,72,8624,10306
CATGGTAAGTAGCGTT-1,0,45,73,8510,10503
CGTTGAGCGACCGTCG-1,0,44,74,8398,10305
TGCCCGTACCGTTAAA-1,0,45,75,8284,10502
ACAAGGGCAGGCTCTG-1,0,44,76,8171,10304
GAGATCTTCCATGACA-1,0,45,77,8057,10501
AATGACGTAGGATGTC-1,0,44,78,7944,10304
GTGGTGGCCAAGTGAA-1,0,45,79,7830,10501
TCCCGTGTGCAATTTG-1,0,44,80,7717,10303
ACATCGTATGCAATGG-1,0,45,81,7603,10500
GCGAAACTTAACTGGA-1,0,44,82,7491,10302
AATTGAACGCTCTGGT-1,0,45,83,7377,10499
ACAAATGGTAGTGTTT-1,0,44,84,7264,10301
ATGGTCGCGTGGTTTC-1,0,45,85,7150,10498
TGTTATTGTATGTGGC-1,0,44,86,7037,10301
TTCCGGTTACCCACTT-1,0,45,87,6923,10498
GAGTGTGCGGTACCCA-1,0,44,88,6811,10300
CAAGATATTATAACGT-1,0,45,89,6697,10497
ACACACCAGGACCAGT-1,0,44,90,6584,10299
ATGGGCCTCGGCCTCT-1,0,45,91,6470,10496
AAGGTGATAAACCAGC-1,0,44,92,6357,10299
TCTTACTTATGCCTCT-1,0,45,93,6243,10495
AAAGTGTGATTTATCT-1,0,44,94,6130,10298
TGCTCCACAGTTCTTA-1,0,45,95,6016,10495
CTGGCTGATTCATCCT-1,0,44,96,5904,10297
TAAGGCTGAATCCCTC-1,0,45,97,5790,10494
TCTAGTGATATCGTGG-1,0,44,98,5677,10296
TCGAAGAACCGAGCAC-1,0,45,99,5563,10493
GACAAACATATGCAGG-1,0,44,100,5450,10296
AAGTCAATTGTCGTCA-1,0,45,101,5336,10492
AGTGAACAAACTTCTC-1,0,44,102,5224,10295
CATGATGGAAGTTAGC-1,0,45,103,5110,10492
AAGTGCCTTGACTGTA-1,0,44,104,4997,10294
ATCGCCAGTCAACATT-1,0,45,105,4883,10491
ACCGCGGTGGAAGTCG-1,0,44,106,4770,10293
TCTTCTATAACCCGCC-1,0,45,107,4656,10490
CACATTTCTTGTCAGA-1,0,44,108,4543,10293
TAGCGTCCCTCGATTG-1,0,45,109,4429,10489
GTTCGGATCGGGAACA-1,0,44,110,4317,10292
CAAACTCGCGACGCCG-1,0,45,111,4203,10489
GTCTTGTAGCTATTCA-1,0,44,112,4090,10291
TCTCGACGTATCGCCG-1,0,45,113,3976,10488
TTGCCAAGCAGAACCC-1,0,44,114,3863,10290
AAACCCGAACGAAATC-1,0,45,115,3749,10487
TTGAGCAGCCCACGGT-1,0,44,116,3637,10290
CGCCTTTAGCATGCTC-1,0,45,117,3523,10486
TGTGGCTCCCACCAAC-1,0,44,118,3410,10289
CCGCCGTTGAGGATAA-1,0,45,119,3296,10486
CAATACGAGAGTCTGA-1,0,44,120,3183,10288
CATCTAGTGAAGGGAA-1,0,45,121,3069,10485
GGTGGAGGTTGATACG-1,0,44,122,2956,10287
CCGCACACGAACGTGT-1,0,45,123,2842,10484
AGAACCCAGCGTGACA-1,0,44,124,2730,10287
GCGCTCGATCACCTGT-1,0,45,125,2616,10483
ATCATGGACTACCGAC-1,0,44,126,2503,10286
TACGCCGCCTCAGAAG-1,0,45,127,2389,10483
CGACCTACTAGACAAT-1,0,46,0,16785,10727
GAGTCTTGTAAAGGAC-1,0,47,1,16671,10924
AATATCCTAGCAAACT-1,0,46,2,16558,10727
CCCTAGGCAACAAGAG-1,0,47,3,16444,10923
ACAAAGAAGGTAGGCC-1,0,46,4,16331,10726
CCCTGGCTGTTCCTTC-1,0,47,5,16217,10923
TCGCCGCACCGCGTGA-1,0,46,6,16105,10725
TATAGCGCACGTTATC-1,0,47,7,15991,10922
TTATCTGACATTAGGA-1,0,46,8,15878,10724
AGTGGTGTTACCCGTG-1,0,47,9,15764,10921
GCCAAGAATACTTCTG-1,0,46,10,15651,10724
CCGGCGTGAGACTCTG-1,0,47,11,15537,10920
TTCCCGGCGCCAATAG-1,0,46,12,15425,10723
AAACAGGGTCTATATT-1,0,47,13,15311,10920
ACAGTAATACAACTTG-1,0,46,14,15198,10722
CGAACGGCCGGACAAC-1,0,47,15,15084,10919
GCAACACACTAGAACT-1,0,46,16,14971,10721
ACTCCCATTCCTAAAG-1,1,47,17,14857,10918
ACCTGCGTGTCATGTT-1,1,46,18,14744,10721
TACTTTCCGCACGCCA-1,1,47,19,14630,10917
AGGTCAGGTGAGAGTG-1,1,46,20,14518,10720
TCCTCCTAAGACATTC-1,1,47,21,14404,10917
ATGTGAAAGCCTAATG-1,1,46,22,14291,10719
AGTCGGCTCAACTTTA-1,1,47,23,14177,10916
CGATCTGTTGGAGGAC-1,1,46,24,14064,10718
ACGGGAGTGTCGGCCC-1,1,47,25,13950,10915
TTAACTTCAGGTAGGA-1,1,46,26,13838,10718
CCACGGAGCCATAAGA-1,1,47,27,13724,10914
CTTCTATGTTGAAGTA-1,1,46,28,13611,10717
CACCGTTGCGCGATAT-1,1,47,29,13497,10914
TCTAGCAATCTCCGCC-1,1,46,30,13384,10716
AGTTTGGCCAGACCTA-1,1,47,31,13270,10913
TTGTAAGGACCTAAGT-1,1,46,32,13157,10715
AAATTTGCGGGTGTGG-1,1,47,33,13043,10912
AAGTTCGGCCAACAGG-1,1,46,34,12931,10715
CCGCTTACCTCACTCT-1,1,47,35,12817,10911
ATCACGTGCTAATTAA-1,1,46,36,12704,10714
GGTGAAGTACAGGGAT-1,1,47,37,12590,10911
GCTGTATTACTGGCCC-1,1,46,38,12477,10713
AACGGCCATCTCCGGT-1,1,47,39,12363,10910
TAAGTAACATCTTGAC-1,1,46,40,12251,10712
TTCTTGAGCCGCGCTA-1,1,47,41,12137,10909
AGTGCGTAGCTCGTAA-1,1,46,42,12024,10712
GGGATGGTCGTAACCG-1,1,47,43,11910,10908
GTCTGGGCGGTCGAGA-1,0,46,44,11797,10711
CGGAACGTAAACATAG-1,0,47,45,11683,10908
TGCGACACCCTAGTGC-1,0,46,46,11570,10710
CAAACGAGTATCGCAG-1,0,47,47,11456,10907
TCAGTAGGGACTATAA-1,0,46,48,11344,10709
GCGGTTCCCTATCATG-1,0,47,49,11230,10906
GTGACTTCAGTAGTGC-1,0,46,50,11117,10709
CGTCACGTCCATTGGT-1,0,47,51,11003,10906
ATAAGTTACCGCGACG-1,0,46,52,10890,10708
CTGAATCCGAGACCTC-1,0,47,53,10776,10905
TACGACGCTTGCTGCG-1,0,46,54,10664,10707
GAATTCACCCGGGTGT-1,0,47,55,10550,10904
GGGTGACACCTTAACT-1,0,46,56,10437,10706
TGAGTAAATTAGCGTA-1,0,47,57,10323,10903
GAGTCCGCTTACCGGA-1,0,46,58,10210,10706
GGCGCGTTCGAGTTTA-1,0,47,59,10096,10903
ATTCATATACTGTCCA-1,0,46,60,9983,10705
ATAAACGGACCCGTAA-1,0,47,61,9869,10902
GTCGTACCATCTCGGG-1,0,46,62,9757,10704
ATAATAGCTGTTGAAT-1,0,47,63,9643,10901
TTCCGCGTGAGGCGAT-1,0,46,64,9530,10703
TACCGGCTCACTGCCC-1,0,47,65,9416,10900
GTATCTTTCATAACCA-1,0,46,66,9303,10703
GTTACCTACAACTTGC-1,0,47,67,9189,10900
TGACTATAATCCTTTC-1,0,46,68,9076,10702
AAATACCTATAAGCAT-1,0,47,69,8962,10899
TTATTAGAGCGTGTTC-1,0,46,70,8850,10701
ATGTGGACATCTTGAT-1,0,47,71,8736,10898
GTACGCTTCATTGCAC-1,0,46,72,8623,10700
CACATATTAGCAGGAT-1,0,47,73,8509,10897
CAAGAGGGCGGAGTAC-1,0,46,74,8396,10700
TCGCAAAGATGCATTT-1,0,47,75,8282,10897
GTCGTTATTCGCTTAT-1,0,46,76,8170,10699
TCGTGTACTATGGATG-1,0,47,77,8056,10896
GCGGAGAGGGAGAACG-1,0,46,78,7943,10698
TCACAGGGAATCGCAA-1,0,47,79,7829,10895
GACTGCACCAGCCCAG-1,0,46,80,7716,10697
TCCGCTGTCATCCCGG-1,0,47,81,7602,10894
AGATACTCAAGATCGA-1,0,46,82,7489,10697
ACTGAATGGCGAAAGT-1,0,47,83,7375,10894
TCCTACATCCACGGCC-1,0,46,84,7263,10696
TTCAGCCCTGGTCCAC-1,0,47,85,7149,10893
TTAGAGTTTAGAAGGA-1,0,46,86,7036,10695
GGTTAGCTATATGTCT-1,0,47,87,6922,10892
CTGGTTTCGAGCAAGA-1,0,46,88,6809,10694
TGGGCCCATACTAATT-1,0,47,89,6695,10891
ACTTATTTATGTGCCA-1,0,46,90,6583,10694
TTAGTTATTCGTGGCA-1,0,47,91,6469,10891
AACCGCTAAGGGATGC-1,0,46,92,6356,10693
ATACGTCCACTCCTGT-1,0,47,93,6242,10890
CGACACGCTCCGACAG-1,0,46,94,6129,10692
TCTGAACTCGTACCCG-1,0,47,95,6015,10889
AGGATATAGGGATTTA-1,0,46,96,5902,10692
GTGATCACTAACGCCT-1,0,47,97,5788,10888
ACCGGGCCTTTGTTGA-1,0,46,98,5676,10691
TTGACAGGAGCTCCCG-1,0,47,99,5562,10888
CTCTTCTATTGACTGG-1,0,46,100,5449,10690
CGTGGCCGAATATCTA-1,0,47,101,5335,10887
GGTTTAGCCTTTCTTG-1,0,46,102,5222,10689
TCAAGGTTACTACACC-1,0,47,103,5108,10886
TTGACTATTGTCCGGC-1,0,46,104,4996,10689
CGGGAATATAGTATAC-1,0,47,105,4882,10885
GCAACAGCAGTATGCG-1,0,46,106,4769,10688
ATCAAACACTGTTCCA-1,0,47,107,4655,10885
TGGGCAATAGTTGGGT-1,0,46,108,4542,10687
TGAATGTCAGCCGGCC-1,0,47,109,4428,10884
CGGCTCTAAAGCTGCA-1,0,46,110,4315,10686
GGACACAAGTTTACAC-1,0,47,111,4201,10883
CCGAGAAGTCGCATAA-1,0,46,112,4089,10686
AACTACCCGTTTGTCA-1,0,47,113,3975,10882
GCACAAACGAGGCGTG-1,0,46,114,3862,10685
CACACAGCTTGCGCTC-1,0,47,115,3748,10882
GTGCTTACATCAGCGC-1,0,46,116,3635,10684
GCAAACGTCGCCAGGT-1,0,47,117,3521,10881
GAATAGCATTTAGGGT-1,0,46,118,3409,10683
TACTGTTTCTCTGGTA-1,0,47,119,3295,10880
TCCTATCATAGGTAAC-1,0,46,120,3182,10683
TTCGGTGGAGACGCCC-1,0,47,121,3068,10879
TGTTGCCGTCGTCCCA-1,0,46,122,2955,10682
CCAACTTGATAGATCC-1,0,47,123,2841,10879
CAAAGGTCATCTGAAA-1,0,46,124,2728,10681
CTAGCTTAATGGTCCC-1,0,47,125,2614,10878
AGGCCACATTGGTTAC-1,0,46,126,2502,10680
TTAGGATGGGAGGGTA-1,0,47,127,2388,10877
TATGACCTTGCGCTGG-1,0,48,0,16784,11122
ATATACATGTATGGTA-1,0,49,1,16670,11319
TGTGTGACCATGAATC-1,0,48,2,16557,11121
CCCACTCCACGGTATC-1,0,49,3,16443,11318
GGGCAGACGTCACTGC-1,0,48,4,16330,11120
TCAAAGAGCTATCTGT-1,0,49,5,16216,11317
AGATGCATCCTGTGTC-1,0,48,6,16103,11120
GTGAAGTCACGACTCG-1,0,49,7,15989,11316
TGATTCAGGTCCCGCG-1,0,48,8,15877,11119
CGCCACAGGTCGCGAT-1,0,49,9,15763,11316
TTGAATCGTTGTATAA-1,0,48,10,15650,11118
TGGCCAATTTGGTACT-1,0,49,11,15536,11315
CGACCCTTAACGCCGG-1,0,48,12,15423,11117
TCGGCGTACTGCACAA-1,0,49,13,15309,11314
GAGTAAGGCCACGGGA-1,1,48,14,15197,11117
ATCAGCTCGTCCACTA-1,1,49,15,15083,11313
AGGATCACGCGATCTG-1,1,48,16,14970,11116
AAATGGCCCGTGCCCT-1,1,49,17,14856,11313
CAGTACCAGTTTACGT-1,1,48,18,14743,11115
GGTCGTAAGCTCGCAC-1,1,49,19,14629,11312
CGTTCATGGTGCGCGT-1,1,48,20,14516,11114
GACTACAAAGCGGTGG-1,1,49,21,14402,11311
CAGCTGGCGTAACCGT-1,1,48,22,14290,11114
ACTCGTAACCCGTCCT-1,1,49,23,14176,11310
CATATGTCAGGCTACG-1,1,48,24,14063,11113
GCCCGACTTCTTCCCG-1,1,49,25,13949,11310
CTGGCATCCGAATGAG-1,1,48,26,13836,11112
AAGTGCGTTAGAATCT-1,1,49,27,13722,11309
AGAAGTGATTCGTGAT-1,1,48,28,13610,11111
TACCTTAAGATTTCCC-1,1,49,29,13496,11308
AATGACAGCAATGTCT-1,1,48,30,13383,11111
TCAACGCAGGAAATAA-1,1,49,31,13269,11307
TATTCCTCCGCCCACT-1,1,48,32,13156,11110
ATCAAACGAAGGTTTG-1,1,49,33,13042,11307
TTGATTAGCTGTTTCT-1,1,48,34,12929,11109
CTGCTGAGGCCACGAA-1,1,49,35,12815,11306
CCGTGTTAAATTCCAT-1,1,48,36,12703,11108
CACGTCGGCAACCTCT-1,1,49,37,12589,11305
GTATTCTGAGAAACGA-1,1,48,38,12476,11108
CGGTGCGCGTTGGTCC-1,1,49,39,12362,11304
GTGATTCGCCGCTCAA-1,1,48,40,12249,11107
GCCCGCGCGTAAACGG-1,1,49,41,12135,11304
AACGTACTGTGGGTAC-1,1,48,42,12023,11106
GAGTATGCCCGCCTTG-1,1,49,43,11909,11303
TGATTCTGTCGCCGGT-1,1,48,44,11796,11105
GGGCGGCAAATGAATT-1,1,49,45,11682,11302
TTCCAATCTGGCTATC-1,1,48,46,11569,11105
GGAACCGTGTAAATTG-1,0,49,47,11455,11301
TTGGTCACACTCGTAA-1,0,48,48,11342,11104
CGAACCCGCATGCGTC-1,0,49,49,11228,11301
GGGCGTCACCACGTAA-1,0,48,50,11116,11103
TACCAGAAGTAGGTTC-1,0,49,51,11002,11300
TTGGATATCGTCTACG-1,0,48,52,10889,11102
TAGATATGGACTGGAA-1,0,49,53,10775,11299
GCGACGATAGTTGTAC-1,0,48,54,10662,11102
CTGGATTTACACTTGA-1,0,49,55,10548,11299
GTTATATTATCTCCCT-1,0,48,56,10436,11101
TATTCCACTCAGCTCG-1,0,49,57,10322,11298
CTGTTACCCAATCTAG-1,0,48,58,10209,11100
ACGCGAAGTCAGACGA-1,0,49,59,10095,11297
GATAGGTAACGTTGAC-1,0,48,60,9982,11099
TGTTCGTATTGCGGTG-1,0,49,61,9868,11296
GGTCAGTGGGTCCCAC-1,0,48,62,9755,11099
AATTCTAGAGTTAGGC-1,0,49,63,9641,11296
GTTTACGTTCCATCTG-1,0,48,64,9529,11098
AGACCCACCGCTGATC-1,0,49,65,9415,11295
TCTAGCATGCCCAGAA-1,0,48,66,9302,11097
CCCGCAGCGCGAACTA-1,0,49,67,9188,11294
CTCTATTTGGCTGCAG-1,0,48,68,9075,11096
TTCTGCCGCGCCTAGA-1,0,49,69,8961,11293
ACTCCCTAGAATAGTA-1,0,48,70,8848,11096
CCGAACCTTCCCGGCC-1,0,49,71,8734,11293
TCAGACGCTATAGAAG-1,0,48,72,8622,11095
CAGGCGCCATGCTAGG-1,0,49,73,8508,11292
CACTCGAGCTGAACAA-1,0,48,74,8395,11094
ACAAGGAAATCCGCCC-1,0,49,75,8281,11291
ACCACGTGCAGCTATA-1,0,48,76,8168,11093
ACGGCGACGATGGGAA-1,0,49,77,8054,11290
TTACTAAAGGACTTTA-1,0,48,78,7942,11093
GGCTGAAATAGCAAAG-1,0,49,79,7828,11290
TTAGACGAGTCACCTC-1,0,48,80,7715,11092
GTAGTCGCGGGAATCA-1,0,49,81,7601,11289
GCAAACCCTACATTAT-1,0,48,82,7488,11091
GTTAAAGTAGGACTGG-1,0,49,83,7374,11288
ACCCTCCCTTGCTATT-1,0,48,84,7261,11090
CATGTCTCATTTATGG-1,0,49,85,7147,11287
AATAGAATCTGTTTCA-1,0,48,86,7035,11090
TCTCATGAGATAGGGT-1,0,49,87,6921,11287
ATGACTATGCGACATT-1,0,48,88,6808,11089
CCTAACCCAAACAAGT-1,0,49,89,6694,11286
AGTCAAGATGACACTT-1,0,48,90,6581,11088
CGGGAGCTTCAGTGTA-1,0,49,91,6467,11285
CCACAGTACCCATCCT-1,0,48,92,6355,11087
GAGCGCGCACGAGTAG-1,0,49,93,6241,11284
ACCAGTGCGGGAGACG-1,0,48,94,6128,11087
TCCTTACGACGGTCCG-1,0,49,95,6014,11284
TAGTCGATCACGGGTT-1,0,48,96,5901,11086
AGACGAAGTGCCGGTC-1,0,49,97,5787,11283
CGCTGGTGACTACCCT-1,0,48,98,5674,11085
AGGCATTGTCGTAGGG-1,0,49,99,5560,11282
TGGTAGAATATATGGG-1,0,48,100,5448,11085
TTCTTATCCGCTGGGT-1,0,49,101,5334,11281
AGTTTGGCACGGGTTG-1,0,48,102,5221,11084
GCATCGGCCGTGTAGG-1,0,49,103,5107,11281
ATGCGAGTCCCACCAC-1,0,48,104,4994,11083
TCGGCGAACCCAAACC-1,0,49,105,4880,11280
AGAGTAAACTTCACTA-1,0,48,106,4768,11082
AAGCCGAAGCGGTTTA-1,0,49,107,4654,11279
CCCGAGTTTCTCCGTA-1,0,48,108,4541,11082
AATATCGAATCAATGC-1,0,49,109,4427,11278
GCGCCTCCCACTCCGA-1,0,48,110,4314,11081
CGTTAAACTAGTTAGG-1,0,49,111,4200,11278
TGAGTTAAAGACATTC-1,0,48,112,4087,11080
AACAGGTAGTATGGAT-1,0,49,113,3973,11277
GAACGCGGGTCACACG-1,0,48,114,3861,11079
TGTTTGAGATCGTCAG-1,0,49,115,3747,11276
ATCTCGTGAGCGAAAC-1,0,48,116,3634,11079
CTGAGAAAGTTCGGCG-1,0,49,117,3520,11275
ATTACCACACTGCCTG-1,0,48,118,3407,11078
CTGCTGTCTAACGAGC-1,0,49,119,3293,11275
CGTGGAAGCCTCGTAC-1,0,48,120,3181,11077
GGACTCACAAATTAGG-1,0,49,121,3067,11274
CTTTGCTGTCATGGAT-1,0,48,122,2954,11076
GGTGTTGGGCGTCTTA-1,0,49,123,2840,11273
TACCATGTATTGATTT-1,0,48,124,2727,11076
GGTCTCCAAGTAGTGC-1,0,49,125,2613,11272
ATCCTTCTGAAAGAAC-1,0,48,126,2500,11075
CCGGAAGTTATCAGTC-1,0,49,127,2386,11272
TTAGAGGGATATACAG-1,0,50,0,16782,11516
TTGTACACCTCGAACA-1,0,51,1,16668,11713
GTGGGTACTGAGCGTA-1,0,50,2,16556,11515
CTTAAGCAGCGAGCCG-1,0,51,3,16442,11712
GCATTGACTTGCGGAA-1,0,50,4,16329,11515
CCATAACCTGTGCAGT-1,0,51,5,16215,11712
GGGCTACTATTTCGTG-1,0,50,6,16102,11514
GGCGAGCGAAACGGCA-1,0,51,7,15988,11711
GGAGACCATCTACATA-1,0,50,8,15875,11513
AGACCAAACCACACCT-1,0,51,9,15761,11710
CGACGCATCCGTACCT-1,0,50,10,15649,11513
CCTAGGTAAAGGTAGC-1,0,51,11,15535,11709
AGCGGCGGTTAGCGGT-1,0,50,12,15422,11512
CTGGACGCAGTCCGGC-1,1,51,13,15308,11709
AGCCTAATACCCACGT-1,1,50,14,15195,11511
AATCTGGCTTTCTAGT-1,1,51,15,15081,11708
CACCCTTGGTGAGACC-1,1,50,16,14969,11510
GGATCTTGACTCAACC-1,1,51,17,14855,11707
ACGAGGATACCACTCT-1,1,50,18,14742,11510
GAGTTGATGGCAATTT-1,1,51,19,14628,11706
GTGGCAAACAGCGGCA-1,1,50,20,14515,11509
GATGTAACGAACCACC-1,1,51,21,14401,11706
AGCCGTGGCTAAATGT-1,1,50,22,14288,11508
CTCCCTCCTTTCGATC-1,1,51,23,14174,11705
TTGGAAGAATACAGTC-1,1,50,24,14062,11507
AGTTAAGTCAACCGCT-1,1,51,25,13948,11704
CTCATGGTAATTTGCG-1,1,50,26,13835,11507
AAAGTAGCATTGCTCA-1,1,51,27,13721,11703
TTGTGGTAGGAGGGAT-1,1,50,28,13608,11506
AGTCGTGGGCATTACG-1,1,51,29,13494,11703
ACCTAAGTACCTTTCA-1,1,50,30,13382,11505
GTAGAGGGAGACAAGT-1,1,51,31,13268,11702
GATCCTCGACACTGGC-1,1,50,32,13155,11504
CCTACATTCACAGACG-1,1,51,33,13041,11701
TTGACCGTGTTAATGA-1,1,50,34,12928,11504
TCTGTTACCCAGCATA-1,1,51,35,12814,11700
CTAACTGGTCCGGTTC-1,1,50,36,12701,11503
AGCGACAGGAACGGTC-1,1,51,37,12587,11700
TAATAGAACAGAGTTA-1,1,50,38,12475,11502
ACAGGTGGAGGTGAGG-1,1,51,39,12361,11699
TGCGAGAATATTACCC-1,1,50,40,12248,11501
TTGCGTCGGCCAACCG-1,1,51,41,12134,11698
AGGCTTCCCGAAGAAG-1,1,50,42,12021,11501
GCGGACCGCGTTGTGG-1,1,51,43,11907,11697
GTAATCTGATTCTTCG-1,1,50,44,11795,11500
CCGCGGAATGCGTCAC-1,1,51,45,11681,11697
TTCCACACAGATTTGA-1,1,50,46,11568,11499
CTTCTATTAATGCTAG-1,0,51,47,11454,11696
CATTTGAGTGGTACGT-1,0,50,48,11341,11498
TCACAGCAAACTCGAA-1,0,51,49,11227,11695
CAGACGAACCTGATAC-1,0,50,50,11114,11498
TAGCTAGAAGGCATGA-1,0,51,51,11000,11694
ATCCAGAGCAACAACC-1,0,50,52,10888,11497
TCCGGTTCGTCCGGTC-1,0,51,53,10774,11694
CGCGCATGTTTGATTG-1,0,50,54,10661,11496
TGGCGATCAAGTTATG-1,0,51,55,10547,11693
CCCTTTGACAGGTCTT-1,0,50,56,10434,11495
CAGAGACGGTCACCCA-1,0,51,57,10320,11692
TAGCTCGCCTGATAAC-1,0,50,58,10207,11495
TTGTGTTTCCCGAAAG-1,0,51,59,10093,11692
TATACACAGACGCCTT-1,0,50,60,9981,11494
ACATTAGTTTATATCC-1,0,51,61,9867,11691
CCATCGCAGTTAAACT-1,0,50,62,9754,11493
AATTAGCGCTGCAGCG-1,0,51,63,9640,11690
TCCGCTTATCCCATTA-1,0,50,64,9527,11492
GTTTGGGCTTGTGAGC-1,0,51,65,9413,11689
CTTGTCAACATTCGAG-1,0,50,66,9301,11492
GGACCAACAGGATAAC-1,0,51,67,9187,11689
AAGCTAGATCGAGTAA-1,0,50,68,9074,11491
TACCGTGCCTCGGACC-1,0,51,69,8960,11688
GTAGCCAAACATGGGA-1,0,50,70,8847,11490
TGCCAGTACGTGGAGA-1,0,51,71,8733,11687
ATAAGGTGGAGAACAT-1,0,50,72,8620,11489
CTTTAATATTGGTCGA-1,0,51,73,8506,11686
TGGTTCAACGGGTAAT-1,0,50,74,8394,11489
GCTGCTACTGCGTAGC-1,0,51,75,8280,11686
CTGCACAACTACATAT-1,0,50,76,8167,11488
ATATTCCACATAGTGA-1,0,51,77,8053,11685
TGGCAAACTAAATTAC-1,0,50,78,7940,11487
ACCGCAATAACTGCCT-1,0,51,79,7826,11684
TCGCACCAGGAGGCAG-1,0,50,80,7714,11486
ACTTCAGGCTGATCCC-1,0,51,81,7600,11683
ACAAATCGCACCGAAT-1,0,50,82,7487,11486
TCTGATGTATTCTGTC-1,0,51,83,7373,11683
CTTTACCGAATAGTAG-1,0,50,84,7260,11485
GCAGATCCATAAGACT-1,0,51,85,7146,11682
TTCCTCGGACTAACCA-1,0,50,86,7033,11484
TTATCCGGGATCTATA-1,0,51,87,6919,11681
CTGGAAGACACGGTGG-1,0,50,88,6807,11483
GTTCGTCTAAAGAACT-1,0,51,89,6693,11680
GTCTATTGGTTCCGGT-1,0,50,90,6580,11483
CTAGGCGCCCTATCAG-1,0,51,91,6466,11680
AACGGACGTACGTATA-1,0,50,92,6353,11482
AACACACGCTCGCCGC-1,0,51,93,6239,11679
GCTACTATAGTAGAGT-1,0,50,94,6127,11481
AGCATATCAATATGCT-1,0,51,95,6013,11678
CGAACAGTATGGGCGT-1,0,50,96,5900,11480
ACAATTGTGTCTCTTT-1,0,51,97,5786,11677
GATCGCTACCCGATTT-1,0,50,98,5673,11480
ATTGCGATCAGTAACT-1,0,51,99,5559,11677
CAGCAGTCCAGACTAT-1,0,50,100,5446,11479
AGAGGCTTCGGAAACC-1,0,51,101,5332,11676
AAACAAGTATCTCCCA-1,0,50,102,5220,11478
GGCAGCAAACCTATGC-1,0,51,103,5106,11675
ACTAGTTGCGATCGTC-1,0,50,104,4993,11478
TTGGACCATCTGGCAA-1,0,51,105,4879,11674
CCCTCCTCGCTCGTAT-1,0,50,106,4766,11477
GAGCGCAAATACTCCG-1,0,51,107,4652,11674
ATTACATGTCAGTCTT-1,0,50,108,4540,11476
TTGGGACGTAAGAGTT-1,0,51,109,4426,11673
CTTCGGCCAATTGTTT-1,0,50,110,4313,11475
AGACCGCTCCGCGGTT-1,0,51,111,4199,11672
GACCGCGTCTGACGTG-1,0,50,112,4086,11475
CCAAATAACAAGATTC-1,0,51,113,3972,11671
TCTTTAGAGTCTAACA-1,0,50,114,3859,11474
CTCCCAATGAGTCGCG-1,0,51,115,3745,11671
TAGTCTTTCCGAATTG-1,0,50,116,3633,11473
GAGTAAACCGGAAAGT-1,0,51,117,3519,11670
GATCTCGACGCTGTGG-1,0,50,118,3406,11472
CTGACATAGAAATAGA-1,0,51,119,3292,11669
TATACCGAGTGCCACA-1,0,50,120,3179,11472
TCCGAACGTTGCCGCT-1,0,51,121,3065,11668
GCAGAAGGTAATCTCC-1,0,50,122,2953,11471
GGTACTAAGTGCTTTG-1,0,51,123,2839,11668
CAGAATATTCGTTATC-1,0,50,124,2726,11470
TAATCAACCAAATGGG-1,0,51,125,2612,11667
TCTGCTTAGAACAAGC-1,0,50,126,2499,11469
AACTGAGTTATACTGA-1,0,51,127,2385,11666
CCTCAACGATCGCTGT-1,0,52,0,16781,11911
CGGTACGGCAAACCCA-1,0,53,1,16667,12108
CAGATGTTTGTCCCAA-1,0,52,2,16554,11910
GTTTGTTAGCCAAGTA-1,0,53,3,16440,12107
ACGTGACAAAGTAAGT-1,0,52,4,16328,11909
TTGTCACCGCGGTATC-1,0,53,5,16214,12106
GATCTAACCGTATTCA-1,0,52,6,16101,11908
ATGGAAATTTAAGGAG-1,0,53,7,15987,12105
ATTGATCACCACATTT-1,0,52,8,15874,11908
ACTGCTCGGAAGGATG-1,0,53,9,15760,12105
TCTAAAGAACAGTCTC-1,0,52,10,15647,11907
CTGGGTTGAGTTAAAG-1,1,53,11,15533,12104
CCCAGTAAACTTGGGA-1,1,52,12,15421,11906
AGATTCACAACCGATA-1,1,53,13,15307,12103
AGAAGGTACACTTCAC-1,1,52,14,15194,11906
GCAGGAACTTAGATCT-1,1,53,15,15080,12102
AATCTAGGTTTACTTG-1,1,52,16,14967,11905
CCCGGTGTATCGGAAT-1,1,53,17,14853,12102
TTATCCTCAAGGAATA-1,1,52,18,14741,11904
AGCATCATTTCGAAAG-1,1,53,19,14627,12101
CGCGAGTCTGCCGGGT-1,1,52,20,14514,11903
TGCGTCATGACTGAGC-1,1,53,21,14400,12100
GTATGAAATTTCACTC-1,1,52,22,14287,11903
TTGGTTGCGGTGCGCG-1,1,53,23,14173,12099
ACAGAACTGAGAACAA-1,1,52,24,14060,11902
CTACTATCATAGGTTT-1,1,53,25,13946,12099
CCTCTATCGATTAGCA-1,1,52,26,13834,11901
CCGTATCTCGTCGTAG-1,1,53,27,13720,12098
TCACGATGTCCGTGGA-1,1,52,28,13607,11900
TCAACAAAGATAATTC-1,1,53,29,13493,12097
ATGACGCGTTCTATCC-1,1,52,30,13380,11900
ATTTGCGCGAGTAGCT-1,1,53,31,13266,12096
TTCTTGGACGATCTGC-1,1,52,32,13154,11899
AGACGACGATGCCGCT-1,1,53,33,13040,12096
GGTCTCTGAATGGACT-1,1,52,34,12927,11898
GCTCAATCCGTTTATT-1,1,53,35,12813,12095
CCAGAAAGCAACTCAT-1,1,52,36,12700,11897
CACCGTTAGGGATCAC-1,1,53,37,12586,12094
AATAACACTAGAACAA-1,1,52,38,12473,11897
CACCCGGTTTGTGACT-1,1,53,39,12359,12093
CCACCAACTTTACTGT-1,1,52,40,12247,11896
AACTCTCAGTGTGCTC-1,1,53,41,12133,12093
AAACCGTTCGTCCAGG-1,1,52,42,12020,11895
CAGCGATTCCCTTCAA-1,1,53,43,11906,12092
GCTAGCTTGAATAGCT-1,1,52,44,11793,11894
TTGCGGCATCAGAAAG-1,1,53,45,11679,12091
AATAGAACAGAGTGGC-1,1,52,46,11567,11894
GCCATCGAGCTGCGTG-1,0,53,47,11453,12090
ACACTGATCAAGGTGT-1,0,52,48,11340,11893
ACCAACGCTTATTTAT-1,0,53,49,11226,12090
GACATCGATTTATAAC-1,0,52,50,11113,11892
CAGACACCGATCGCTG-1,0,53,51,10999,12089
CCAAGAAAGTGGGCGA-1,0,52,52,10886,11891
GGTAGACCGTTGGGCG-1,0,53,53,10772,12088
TCGTTAGGAGTCCCTA-1,0,52,54,10660,11891
ACGGCCAACATGGACT-1,0,53,55,10546,12087
GTGAGTGGTACAACGC-1,0,52,56,10433,11890
GAGACTTCGCGACCGA-1,0,53,57,10319,12087
GAAGTCAGTTGCACTA-1,0,52,58,10206,11889
GTTTGGTAGGGTCAAC-1,0,53,59,10092,12086
ACGGCACTTGCTTGGG-1,0,52,60,9979,11888
CCTCTGTACTATTCTA-1,0,53,61,9865,12085
CTATTCATGTGTCCCA-1,0,52,62,9753,11888
GCCCGATCTGTGGTCG-1,0,53,63,9639,12085
TTAGAAGAACATGACT-1,0,52,64,9526,11887
AGGATAAAGTCGGGAT-1,0,53,65,9412,12084
CGGCAAACATCGTGCG-1,0,52,66,9299,11886
CTAGTTACAACCCGGT-1,0,53,67,9185,12083
TTCGACAGAGCCCGTG-1,0,52,68,9073,11885
AAGCATACTCTCCTGA-1,0,53,69,8959,12082
GACGACGATCCGCGTT-1,0,52,70,8846,11885
GGTAGAAGACCGCCTG-1,0,53,71,8732,12082
GAGATGGGAGTCGACA-1,0,52,72,8619,11884
AACGATAATGCCGTAG-1,0,53,73,8505,12081
TGGTCCCACGCTACGG-1,0,52,74,8392,11883
CTGCTTGGCGATAGCT-1,0,53,75,8278,12080
ATCGGAGACAGACGGC-1,0,52,76,8166,11882
TAGCGTCCGGTGTGGT-1,0,53,77,8052,12079
GTTGAGTCCCGCCGGT-1,0,52,78,7939,11882
AAATAGGGTGCTATTG-1,0,53,79,7825,12079
AAGTGTTTGGAGACGG-1,0,52,80,7712,11881
AGCACTACCTCACCAG-1,0,53,81,7598,12078
TGCCTTGGCCAGGCAA-1,0,52,82,7486,11880
TCGTCTTAGGCGTTAA-1,0,53,83,7372,12077
TTCTGACCGGGCTCAA-1,0,52,84,7259,11879
CAGAACTTAGCCCTCT-1,0,53,85,7145,12076
AGCTCCTTCGCACATC-1,0,52,86,7032,11879
ACAGGCTTGCCCGACT-1,0,53,87,6918,12076
GCTATACGTCTCGGAC-1,0,52,88,6805,11878
GAGCCAGCTACCTGTG-1,0,53,89,6691,12075
TGCTAAGTGTCTATTT-1,0,52,90,6579,11877
GTCCTACGAATAGTCT-1,0,53,91,6465,12074
CAGTGTCGGCTGGCCC-1,0,52,92,6352,11876
CTATCGACGAAATACA-1,0,53,93,6238,12073
CATCATTACCCTGAGG-1,0,52,94,6125,11876
TAAGTTGCGACGTAGG-1,0,53,95,6011,12073
AGTGCACGCTTAAGAA-1,0,52,96,5899,11875
TGTGCCGGTGCCGGAA-1,0,53,97,5785,12072
AGGAGGCCTTCGCGCG-1,0,52,98,5672,11874
TCCGCGGCCCAATGAA-1,0,53,99,5558,12071
TCCGTTAAGCTAATAT-1,0,52,100,5445,11873
AAATCTAGCCCTGCTA-1,0,53,101,5331,12070
CGCAGGCGATCCAAAC-1,0,52,102,5218,11873
CCATATGGAAACTATA-1,0,53,103,5104,12070
CACCGTATCCCATCCG-1,0,52,104,4992,11872
GGTCAAGACTACTTCG-1,0,53,105,4878,12069
CCCGTTTCGCAGATGT-1,0,52,106,4765,11871
GTTATAATACGGTGAA-1,0,53,107,4651,12068
ACTTGTGGATGGAACG-1,0,52,108,4538,11871
GTTCGCTGAGACGTCT-1,0,53,109,4424,12067
GACACTGGAACCCGAT-1,0,52,110,4312,11870
CCCAGGTCTGAAGGCT-1,0,53,111,4198,12067
TCTCGAGGAGGTTCGC-1,0,52,112,4085,11869
ACTATCTGCCCGCGTA-1,0,53,113,3971,12066
CCTAAATTGTATCCTA-1,0,52,114,3858,11868
AGAAATTATGACTCGC-1,0,53,115,3744,12065
TCCAGCGCTATAAGCG-1,0,52,116,3631,11868
TCGTGTATTGGTCACG-1,0,53,117,3517,12064
CCACATACTGCACCCA-1,0,52,118,3405,11867
GTTGCGGACGGTCAGG-1,0,53,119,3291,12064
GTATTTAATGGCATAA-1,0,52,120,3178,11866
GTCGATAGGTGACTTT-1,0,53,121,3064,12063
AATAATCTTCGTATCG-1,0,52,122,2951,11865
ATTGTTCAACGATCCG-1,0,53,123,2837,12062
GTGCAGCGTAGAGTAG-1,0,52,124,2724,11865
TGTGGTAGGGTGCCTT-1,0,53,125,2610,12061
TGTGGACTATCTACGT-1,0,52,126,2498,11864
GGCGGGCTCTAAGAGT-1,0,53,127,2384,12061
TGTGCCAGAGGCAAAG-1,0,54,0,16780,12305
TGGCTTATGTATAATG-1,0,55,1,16666,12502
GCAAGCTGGAAACCGC-1,0,54,2,16553,12304
GATATCAAGCAGGAGC-1,0,55,3,16439,12501
CACCAATCATCCGTCT-1,0,54,4,16326,12304
CCACATGGCTCTTTAT-1,0,55,5,16212,12501
GTCCTACTCTACGGGC-1,0,54,6,16100,12303
CTCGAGACATACGATA-1,0,55,7,15986,12500
TATCAGTGGCGTAGTC-1,0,54,8,15873,12302
TGACAGGACAAGTCCA-1,0,55,9,15759,12499
TATTAACACCAAAGCA-1,1,54,10,15646,12301
TAGGCGATGAGGTCTC-1,1,55,11,15532,12498
CCGCCGGAACTTCTCG-1,1,54,12,15419,12301
GCCATTAGCCTCAAAC-1,1,55,13,15305,12498
GTTAGGCTACCCGTTT-1,1,54,14,15193,12300
GGGTATTCTAGCAAAC-1,1,55,15,15079,12497
GCCCTAGCCGTCGCGA-1,1,54,16,14966,12299
CAGATCCTGGTTTGAA-1,1,55,17,14852,12496
CTTCAGTGGTCGCCTA-1,1,54,18,14739,12299
GGGCAACCGCACGTGC-1,1,55,19,14625,12495
GACCCAATTATGATAC-1,1,54,20,14513,12298
GAAGCTCGGACCCGTC-1,1,55,21,14399,12495
CGTCGGGTCTAAGCGC-1,1,54,22,14286,12297
GAGGCCCGACTCCGCA-1,1,55,23,14172,12494
TTGCCATAGCCCGCTC-1,1,54,24,14059,12296
TAACATACACGCGATC-1,1,55,25,13945,12493
CCGACGGGCATGAGGT-1,1,54,26,13832,12296
AATGTGCCCGAGGTGT-1,1,55,27,13718,12492
AGCTGTAACCTCAATC-1,1,54,28,13606,12295
CGAGTGAAGGTACCAG-1,1,55,29,13492,12492
AGTCTCACAAGACTAC-1,1,54,30,13379,12294
AAATTGATAGTCCTTT-1,1,55,31,13265,12491
TAAGTCGCCGAGTATC-1,1,54,32,13152,12293
GCGGAGAAACTTCGCA-1,1,55,33,13038,12490
GGCAAAGGCGCCAATA-1,1,54,34,12926,12293
ATTTCCGGGTTCTGCG-1,1,55,35,12812,12489
TAAACCCAGGAGGGCA-1,1,54,36,12699,12292
TTCGGGCGCTAGTCTT-1,1,55,37,12585,12489
GTGGAGTCGGCGGTTG-1,1,54,38,12472,12291
GCACGCCTACTTAGAT-1,1,55,39,12358,12488
CAATATTCTTGACCTA-1,1,54,40,12245,12290
CGTTTGTGTAGAGGGT-1,1,55,41,12131,12487
CATAGCGTTGCCCACC-1,1,54,42,12019,12290
TGATACATTTAGCCGT-1,1,55,43,11905,12486
TTCCGGCCTTGAGGCT-1,1,54,44,11792,12289
CCTATACCGTCCTGTC-1,0,55,45,11678,12486
TCGTTGCTATCCGGTC-1,1,54,46,11565,12288
TGGCGACTGCTCCAAA-1,0,55,47,11451,12485
CAGAGGCGATGCATGA-1,0,54,48,11338,12287
TCACAGGAGAATAAGA-1,0,55,49,11224,12484
GGGTTAACATTTGAGT-1,0,54,50,11112,12287
GCGGGCGAGCCTTACC-1,0,55,51,10998,12483
TGCCAATGGGTACTCT-1,0,54,52,10885,12286
AGGGACTCTACGCGAC-1,0,55,53,10771,12483
GACGCCGTAAAGGCTA-1,0,54,54,10658,12285
AAAGGCTCTCGCGCCG-1,0,55,55,10544,12482
CTGGCTGGTTGTCAGT-1,0,54,56,10432,12284
ACATCCCGGCCATACG-1,0,55,57,10318,12481
CTCTTGTCCCGCTTGG-1,0,54,58,10205,12284
TACGCCTCCATTCCGA-1,0,55,59,10091,12480
CGGAGCAATTTAATCG-1,0,54,60,9978,12283
AACTAGGCTTGGGTGT-1,0,55,61,9864,12480
GCGTCGCCAGGGTGAT-1,0,54,62,9751,12282
GTTGGTCATGCTATCC-1,0,55,63,9637,12479
GCTGGCGGCGCATGCT-1,0,54,64,9525,12281
TGAGCGGAAAGTGTTC-1,0,55,65,9411,12478
CTTTCTGTGCGGGCTT-1,0,54,66,9298,12281
ATCTAATATCCTACGG-1,0,55,67,9184,12478
AACCTTTAAATACGGT-1,0,54,68,9071,12280
TTCACTCGAGCACCTA-1,0,55,69,8957,12477
CTGCACTCCAGTACAG-1,0,54,70,8845,12279
CCATTTCTACCTATTA-1,0,55,71,8731,12476
CAAGCGGCACATAATT-1,0,54,72,8618,12278
GTTAACATCACTTAAA-1,0,55,73,8504,12475
ATATAAATGTAGCTGC-1,0,54,74,8391,12278
GCCTCTATACATAGCA-1,0,55,75,8277,12475
GTGTCGTATAGCGTTC-1,0,54,76,8164,12277
ATACGTACTTAGCCAC-1,0,55,77,8050,12474
GCTATCATACTCATGG-1,0,54,78,7938,12276
TATCCAATTGGTTATC-1,0,55,79,7824,12473
TCTCCCTGGGCAGCGT-1,0,54,80,7711,12275
CCTATAATGAGTGCCC-1,0,55,81,7597,12472
CAATGCGAGAAGTATC-1,0,54,82,7484,12275
TACCAATAAAGTACCA-1,0,55,83,7370,12472
GCTAGGCACCACGGAG-1,0,54,84,7258,12274
GGTGGACTGCTCTGGC-1,0,55,85,7144,12471
TATTCCGAGCTGTTAT-1,0,54,86,7031,12273
TTGAGAAGTTTAGCAT-1,0,55,87,6917,12470
GTCCGGACCTGAAATT-1,0,54,88,6804,12272
CTGTGGTCGGGAGATA-1,0,55,89,6690,12469
CATGTAAGAGACATTT-1,0,54,90,6577,12272
CACGTTTCGTACACAC-1,0,55,91,6463,12469
CATCCTCTCAAAGATC-1,0,54,92,6351,12271
GATTAACCGAAAGCCC-1,0,55,93,6237,12468
AACGCTGTTGCTGAAA-1,0,54,94,6124,12270
TTCAGCTGGCGTGCCC-1,0,55,95,6010,12467
TAGAGGTTCTACTTGT-1,0,54,96,5897,12269
GTATCAAACGTTAGCT-1,0,55,97,5783,12466
AATCATGTAAAGACTC-1,0,54,98,5671,12269
AGTCACTAGCTCTCGA-1,0,55,99,5557,12466
GCGAAACGATCGGGAG-1,0,54,100,5444,12268
CATGGATTGTCTTCCG-1,0,55,101,5330,12465
ATTGGATTACAGCGTA-1,0,54,102,5217,12267
CACACACGCTAACGAG-1,0,55,103,5103,12464
CTATGGGAAGCGGAAT-1,0,54,104,4990,12266
TGCCTAATTGAAGATT-1,0,55,105,4876,12463
TGGCAATGGGACGGCG-1,0,54,106,4764,12266
ACCTCCGCCCTCGCTG-1,0,55,107,4650,12463
CGGCAATAAGATCGCC-1,0,54,108,4537,12265
CCTTGACCACTTTATT-1,0,55,109,4423,12462
TCATTTAGAAGTGTGA-1,0,54,110,4310,12264
CAGAATAACACACGGA-1,0,55,111,4196,12461
TCTGAGCAATTGACTG-1,0,54,112,4084,12264
CAACGTGGTGGAGTCT-1,0,55,113,3970,12460
CACAGTTCGCTTCCCA-1,0,54,114,3857,12263
TCTCTCGCCGCACATA-1,0,55,115,3743,12460
TGGGCAGGCCACCGCA-1,0,54,116,3630,12262
CTCCTGTTCAAGGCAG-1,0,55,117,3516,12459
TATTTGATTTGCACAG-1,0,54,118,3403,12261
GCCACTCCTTACGGTA-1,0,55,119,3289,12458
ACCGATATTTAATCAT-1,0,54,120,3177,12261
TTATTATCTGGAAGGC-1,0,55,121,3063,12457
TACATGCCGGAATTGT-1,0,54,122,2950,12260
GGCACTCAGCCGACCC-1,0,55,123,2836,12457
AAACCGGAAATGTTAA-1,0,54,124,2723,12259
AGACAGGCATCTCAGC-1,0,55,125,2609,12456
GTGGTGATGGTTTGTG-1,0,54,126,2496,12258
CCGATATGACGTAAGG-1,0,55,127,2382,12455
CATACACAAAGTCAGC-1,0,56,0,16778,12700
TGCCGTTCTTAATCGG-1,0,57,1,16664,12897
TCGAGTCTACGATTCG-1,0,56,2,16552,12699
ACTTCCAGTGGAAGCT-1,0,57,3,16438,12896
CAATTGGGCCGCACTC-1,0,56,4,16325,12698
AAATCGCGGAAGGAGT-1,0,57,5,16211,12895
ATATCAATTCCAGCCT-1,0,56,6,16098,12697
CTTTGTCGAATGCTCC-1,0,57,7,15984,12894
TGAGGCATGTACTGTG-1,0,56,8,15872,12697
TTCGCCGCTCGCGCTA-1,1,57,9,15758,12894
GACTCCTTCCAATTGA-1,1,56,10,15645,12696
ACCGAAGAGTCTGGTT-1,1,57,11,15531,12893
TGGCATGAAGTTTGGG-1,1,56,12,15418,12695
ACGAGGTTTACAACGT-1,1,57,13,15304,12892
AACCCATCCCATGATC-1,1,56,14,15191,12694
TCGACAACTGAACCCG-1,1,57,15,15077,12891
TATCTTGCAATACAAC-1,1,56,16,14965,12694
TATTATGTTTGCCTGC-1,1,57,17,14851,12891
GTCAAAGAAGTGGTGT-1,1,56,18,14738,12693
GGGACAGAGTTACTCC-1,1,57,19,14624,12890
AGCAACCGAAAGTAAT-1,1,56,20,14511,12692
CTCTCTAACTGCCTAG-1,1,57,21,14397,12889
ATACGGAACGTCGTTT-1,1,56,22,14285,12692
TCGGTCCCGACAATAG-1,1,57,23,14171,12888
CGCGCAAATGTCCAGA-1,1,56,24,14058,12691
TCTAATACTGCCTCAG-1,1,57,25,13944,12888
CTCGGTTGTCGGCCCT-1,1,56,26,13831,12690
GGTAACCGGGAGGATA-1,1,57,27,13717,12887
CAGGCGCACGGTGGTC-1,1,56,28,13604,12689
TCATCGATGGTCCCAA-1,1,57,29,13490,12886
CAAAGATTATTGGGCC-1,1,56,30,13378,12689
ACAATGAATACGGAGA-1,1,57,31,13264,12885
GCTCCTGACATACTGG-1,1,56,32,13151,12688
GATGACAAGTAGGGCA-1,1,57,33,13037,12885
TACGCCGAGGGTACCC-1,1,56,34,12924,12687
AAGCGTCCCTCATCGA-1,0,57,35,12810,12884
CACTCCTATGTAAGAT-1,1,56,36,12698,12686
TCGAGCCAGGCAGGCC-1,0,57,37,12584,12883
TCGTCAAGTACGCGCA-1,1,56,38,12471,12686
CCCGTAGCTGGGAAGA-1,1,57,39,12357,12882
ACCCTATGCCATATCG-1,1,56,40,12244,12685
GTGGTATAGTCTGCCG-1,1,57,41,12130,12882
CCGGTTTGTAATTGTG-1,1,56,42,12017,12684
GTCGCCGTTGTGTGTT-1,0,57,43,11903,12881
TACTGAACAGATTTAG-1,0,56,44,11791,12683
TATTAACCTGACCGCG-1,0,57,45,11677,12880
CTGTAGCCATCTCACT-1,0,56,46,11564,12683
TACTATGGTTCCTCAG-1,0,57,47,11450,12879
GAGTCAGACCAGAATC-1,0,56,48,11337,12682
TAAGGCATAACATCAA-1,0,57,49,11223,12879
CTTCCGCTCCGTGAAG-1,0,56,50,11110,12681
GGGCTATGATCGATGG-1,0,57,51,10996,12878
GGTCGGTCGTCCACAG-1,0,56,52,10884,12680
GGGACCCGTATATCTT-1,0,57,53,10770,12877
GAAAGCAGTGCACTTT-1,0,56,54,10657,12680
AGCGCATAATGAATCG-1,0,57,55,10543,12876
GCTGCTAAGTAGTCGA-1,0,56,56,10430,12679
AATAGTCCGTCCCGAC-1,0,57,57,10316,12876
AGCAGCCAGATGAATA-1,0,56,58,10204,12678
CCTCGCGCTGTGCGAT-1,0,57,59,10090,12875
TTGTGTATGCCACCAA-1,0,56,60,9977,12677
TGCTCGGCGAAACCCA-1,0,57,61,9863,12874
CGATTAAATATCTCCT-1,0,56,62,9750,12677
TGCCGTGGATCGTCCT-1,0,57,63,9636,12873
GTGGACGCATTTGTCC-1,0,56,64,9523,12676
ACCCGGAAACTCCCAG-1,0,57,65,9409,12873
CCGCATGTGGTACGAT-1,0,56,66,9297,12675
GCAAACCTTGGCCATA-1,0,57,67,9183,12872
ATTCACTGATGTTGGA-1,0,56,68,9070,12674
ACTCCCTAATGCTAAA-1,0,57,69,8956,12871
TCCTAAATTGGGAAGC-1,0,56,70,8843,12674
GAACAGATTACTAAAT-1,0,57,71,8729,12871
ATACAGGCCCTCCAAT-1,0,56,72,8617,12673
CGATTCGCCTGGCTGC-1,0,57,73,8503,12870
TCCGCCTGTCTACAAG-1,0,56,74,8390,12672
CACATCTCACCGACGA-1,0,57,75,8276,12869
CGTCGTCCTTCGCGAA-1,0,56,76,8163,12671
CGTTGAATACCGCGCT-1,0,57,77,8049,12868
ACCAATATGCAAGTTA-1,0,56,78,7936,12671
ACGGATGGTGCGGATA-1,0,57,79,7822,12868
CACCCTAACAAGATCT-1,0,56,80,7710,12670
AAGCTCTTTCATGGTG-1,0,57,81,7596,12867
CATGGGTATGCCTTAT-1,0,56,82,7483,12669
GCGCGTCATTGGTACA-1,0,57,83,7369,12866
TCTGAAGCACGTGGTC-1,0,56,84,7256,12668
AAGTTCACTCCAAGCT-1,0,57,85,7142,12865
TTGGACCTATAACAGT-1,0,56,86,7030,12668
ATCAGCCTCATGCTGC-1,0,57,87,6916,12865
AGTACTCTTATGCCCA-1,0,56,88,6803,12667
GCGCTTAAATAATTGG-1,0,57,89,6689,12864
TTGTGAACCTAATCCG-1,0,56,90,6576,12666
AGTCGTCGACCACCAA-1,0,57,91,6462,12863
TCCTTTAAATCCGCTT-1,0,56,92,6349,12665
ACTGAAACGCCGTTAG-1,0,57,93,6235,12862
GCACACACTGGTAGCC-1,0,56,94,6123,12665
TAAGGGCCTGTCCGAT-1,0,57,95,6009,12862
GCTAGAGTAGAGATGT-1,0,56,96,5896,12664
CACAGGGCCATATAGT-1,0,57,97,5782,12861
CCATGCCCTAGATTTC-1,0,56,98,5669,12663
TCGCGTAGCAGTGTCC-1,0,57,99,5555,12860
GACGAGGCTAATAAAC-1,0,56,100,5443,12662
CTACACTCGCAGATGG-1,0,57,101,5329,12859
ACGCATACGTTTACTA-1,0,56,102,5216,12662
GGAGCAACATTTCAAG-1,0,57,103,5102,12859
CGAGAGGGTAGCCGCG-1,0,56,104,4989,12661
TCGTGTTCGACCACAA-1,0,57,105,4875,12858
TCTACCCAATAGAGAG-1,0,56,106,4762,12660
ATAAACGTTGCACCAC-1,0,57,107,4648,12857
TCAACTGCAGAGTCAG-1,0,56,108,4536,12659
AGCTCCATATATGTTC-1,0,57,109,4422,12856
GTAACATCTAAGATAA-1,0,56,110,4309,12659
CCGACAATAGGCCGCC-1,0,57,111,4195,12856
ATGCTTAGGAGTTGAT-1,0,56,112,4082,12658
AACCCGAGCAGAATCG-1,0,57,113,3968,12855
CGGGTTTGTTAGGGCT-1,0,56,114,3855,12657
AGGCACGTGACTGTCC-1,0,57,115,3741,12854
GACAAGAGATGAGATT-1,0,56,116,3629,12657
AGCCCTTGGACATCCC-1,0,57,117,3515,12853
GCAGTTCGATCCGAGC-1,0,56,118,3402,12656
TCGAGGGCAACAGACG-1,0,57,119,3288,12853
ACTTTGTCGACGCACT-1,0,56,120,3175,12655
GAGTATCAAAGTTACA-1,0,57,121,3061,12852
CCAGGCTGGCGTCTGA-1,0,56,122,2949,12654
GGACTCTTCCGGTTGA-1,0,57,123,2835,12851
TCCCAGCACACGACAT-1,0,56,124,2722,12654
GCTCCATGAGTGCAGA-1,0,57,125,2608,12850
GCAGTGCGGGCGGATG-1,0,56,126,2495,12653
GCGTTCTGACTAAGCG-1,0,57,127,2381,12850
ATTTGGAGATTGCGGT-1,0,58,0,16777,13094
AAGGGTTTGATTTCAG-1,0,59,1,16663,13291
CCGGCCGCGAGCATAT-1,0,58,2,16550,13093
GAGTTCTGTGGGTGCT-1,0,59,3,16436,13290
AAACGAAGATGGAGTA-1,0,58,4,16324,13093
AATTACGAGACCCATC-1,0,59,5,16210,13290
CCTTTGAATTATGGCT-1,0,58,6,16097,13092
CATGGTATTAGTTTGT-1,0,59,7,15983,13289
AACGAAAGTCGTCCCA-1,0,58,8,15870,13091
ACATAAGTCGTGGTGA-1,1,59,9,15756,13288
GCACAACCTCGGGCGT-1,1,58,10,15644,13090
ATGCACGCGCTGTTCA-1,1,59,11,15530,13287
CGATGTTGTTATCTAC-1,1,58,12,15417,13090
GTCTCCTGCCAGTATG-1,1,59,13,15303,13287
GATGCCTTCTGCGGCA-1,1,58,14,15190,13089
ACCGGTCAGGTACACC-1,1,59,15,15076,13286
GTGGAGCGTTTACCGA-1,1,58,16,14963,13088
AGGCGGTTTGTCCCGC-1,1,59,17,14849,13285
TCCCTGGCGTATTAAC-1,1,58,18,14737,13087
AAACACCAATAACTGC-1,1,59,19,14623,13284
TGGACGCAATCCAGCC-1,1,58,20,14510,13087
GGAACCTTGACTCTGC-1,1,59,21,14396,13284
GTATCTCAGTCTTGAC-1,1,58,22,14283,13086
GCTGAATCTTCCAATC-1,1,59,23,14169,13283
AGATGCAAGACGTGCA-1,1,58,24,14057,13085
TTAAGGCCCGTACTTT-1,1,59,25,13943,13282
AGTATGCTGGAGACCA-1,1,58,26,13830,13085
GCGGCAAAGTATTGCC-1,1,59,27,13716,13281
GCGCAAATATATTCAA-1,1,58,28,13603,13084
GAAGAAACGATATTGT-1,1,59,29,13489,13281
GGACCTCTAGGCCGCC-1,1,58,30,13376,13083
AACAGCTGTGTGGCAA-1,1,59,31,13262,13280
TCGAATATCCCGCAGG-1,1,58,32,13150,13082
GCGACCCAACCATCTG-1,1,59,33,13036,13279
AGAGAAGGAGTACAAT-1,0,58,34,12923,13082
GGCTCCTCCACCTGTT-1,0,59,35,12809,13278
TCAGTGTATACGTCAT-1,0,58,36,12696,13081
ATTATTATGTCCGTCA-1,0,59,37,12582,13278
TTAGGTCATAACCGAC-1,0,58,38,12469,13080
AAGATGGCACCGGACC-1,0,59,39,12355,13277
CTACAAGAAATAACCC-1,0,58,40,12243,13079
ACTATTTCCGGGCCCA-1,0,59,41,12129,13276
TTGTTTCACATCCAGG-1,0,58,42,12016,13079
CGCTGTGTGGATGTTG-1,0,59,43,11902,13275
TCAACATAGCGCCCTA-1,0,58,44,11789,13078
GGCCGTTTGGGTTTCA-1,0,59,45,11675,13275
TACTCTTTCGTCTTCA-1,0,58,46,11563,13077
TTCGCGCGCCATACGA-1,0,59,47,11449,13274
CGGAAAGAATCAAACG-1,0,58,48,11336,13076
AGGCAGGGAGCGTACT-1,0,59,49,11222,13273
CCTTTAAGGGAGCACT-1,0,58,50,11109,13076
CGCCCAGCACGCCTAG-1,0,59,51,10995,13272
AGTATTTGGCACGACC-1,0,58,52,10882,13075
TATCCGCACCGTCGGG-1,0,59,53,10768,13272
ACCCGTGTCATCAGTA-1,0,58,54,10656,13074
CAACTGCTCATCCGAT-1,0,59,55,10542,13271
CCGGAGCGTACTTTCT-1,0,58,56,10429,13073
TACCGTAGGTTAACTA-1,0,59,57,10315,13270
TGAGGAGTGCCAGCTT-1,0,58,58,10202,13073
CCAGTCTTGTCATAGA-1,0,59,59,10088,13269
GGGCAGAGCAATCGTT-1,0,58,60,9976,13072
TACCAAATAGCCCAGA-1,0,59,61,9862,13269
TACCTACTCCCAGTAT-1,0,58,62,9749,13071
TGTGAGACTAGCCCAA-1,0,59,63,9635,13268
ATACCTAACCAAGAAA-1,0,58,64,9522,13070
GTCGGGAAGCAGAAAC-1,0,59,65,9408,13267
AATTAACGGATTTCCA-1,0,58,66,9295,13070
GAACCCTCTGTGTTCT-1,0,59,67,9181,13266
ATATAAAGCGCTCGTG-1,0,58,68,9069,13069
CCTGGTCGAATGTGGG-1,0,59,69,8955,13266
CTAGGTTCGGACGTGA-1,0,58,70,8842,13068
TCGGGAGACAGCGTAC-1,0,59,71,8728,13265
CATAAGAAGCTTGGCT-1,0,58,72,8615,13067
AAGCACCCTGCGTATC-1,0,59,73,8501,13264
AGTTTGCACCTGCCTC-1,0,58,74,8389,13067
GACTGCAAATCGAGCT-1,0,59,75,8275,13264
GTGTATATCAGCGGGC-1,0,58,76,8162,13066
CTTCAACTCCACTTGG-1,0,59,77,8048,13263
ACTTACGCATCCACGC-1,0,58,78,7935,13065
CATGAGATGCACTCTC-1,0,59,79,7821,13262
GAGCACCTGTGTCCAG-1,0,58,80,7708,13064
CGCGACCGCGACAGAT-1,0,59,81,7594,13261
GTCCCGCGACGTTATG-1,0,58,82,7482,13064
GCAGTGTGGCTATAGG-1,0,59,83,7368,13261
ATACTGCCTTACACCG-1,0,58,84,7255,13063
TACAGAAACGGTGGGC-1,0,59,85,7141,13260
GGCGCGGAGATCTTTC-1,0,58,86,7028,13062
CGTTAATGTCCCGACG-1,0,59,87,6914,13259
GCTAACTGAAGTCTGA-1,0,58,88,6802,13061
AGTGATAACCTGCGCG-1,0,59,89,6688,13258
TATGATCTTCTCTTTA-1,0,58,90,6575,13061
TGTACCTACACGAGGG-1,0,59,91,6461,13258
ATATCGTTCCTCGAAC-1,0,58,92,6348,13060
CGGCGCCATCAATCCC-1,0,59,93,6234,13257
CCTGTTTGAAGACACG-1,0,58,94,6121,13059
GCCACTCAGAGCGCGA-1,0,59,95,6007,13256
TCGGCTTGTATCGACG-1,0,58,96,5895,13058
TAGATGGTTCCTTACT-1,0,59,97,5781,13255
ATCGTTAGCTAGCGGA-1,0,58,98,5668,13058
ACAGCGACATTCTCAT-1,0,59,99,5554,13255
ATTCAACCATTTAAGG-1,0,58,100,5441,13057
CACTCTTCTGCTAGCC-1,0,59,101,5327,13254
CTAACTGATAATCGCC-1,0,58,102,5215,13056
TGATGTCAATTAAGTG-1,0,59,103,5101,13253
CGCCGTTCAGCATAGT-1,0,58,104,4988,13055
ATACTACCCGTACCAC-1,0,59,105,4874,13252
CCACTGTTTGGATTAA-1,0,58,106,4761,13055
CACTACGGGAGCTGCC-1,0,59,107,4647,13252
GACCAAACGTTGACTG-1,0,58,108,4534,13054
AAGAGGCCCTTTGGAA-1,0,59,109,4420,13251
ACACGTAGGCCACAAG-1,0,58,110,4308,13053
TACTCTTACTTTACTG-1,0,59,111,4194,13250
AGAGCCGCCGAGATTT-1,0,58,112,4081,13052
GGCCTGCTTCTCCCGA-1,0,59,113,3967,13249
TCAAGCGCGGACGGTA-1,0,58,114,3854,13052
ACACTGGGACAGTCGT-1,0,59,115,3740,13249
TGTGTAGTAGCACGTG-1,0,58,116,3627,13051
CTAGCCACAGGCGAGC-1,0,59,117,3513,13248
CTATCGCGTAGAGAAC-1,0,58,118,3401,13050
GTTCCCGTAAACATAT-1,0,59,119,3287,13247
TCTTTCCTTCGAGATA-1,0,58,120,3174,13050
ATATTGGAGAGGCCTT-1,0,59,121,3060,13246
AGGCGATAACTGGCGT-1,0,58,122,2947,13049
ACCCGGAGCACCACAA-1,0,59,123,2833,13246
TGAGCTCAACTGTATA-1,0,58,124,2721,13048
ACGACCCATGAGTTGC-1,0,59,125,2607,13245
CGGTCAGTCCATATTT-1,0,58,126,2494,13047
TCCGGCTGTCGGGTCG-1,0,59,127,2380,13244
ATTCCCGAAGGTACAG-1,0,60,0,16776,13489
CTAACAGCACAATAAC-1,0,61,1,16662,13686
TTGTGCGGAAGCGGAT-1,0,60,2,16549,13488
GGGCACTATTGACCAT-1,0,61,3,16435,13685
CCATAGAGGCTGCCAG-1,0,60,4,16322,13487
CCGAAGCATTGACCAA-1,0,61,5,16208,13684
TACTGAGGGAAGAAAG-1,0,60,6,16096,13486
TATGTAGAAACCCGGC-1,0,61,7,15982,13683
TGGTTAACTTACATTT-1,0,60,8,15869,13486
AGAACCCTCAATTGGG-1,1,61,9,15755,13683
CCTATATCGTGTCACG-1,1,60,10,15642,13485
ACGGCTGGATGTAGAA-1,1,61,11,15528,13682
CTCGCATTGCATAGCC-1,1,60,12,15416,13484
ACTTTGGTCGTGCTCC-1,1,61,13,15302,13681
GCTGGTTTAGGCCATA-1,1,60,14,15189,13483
TGTCGTTATCACATAT-1,1,61,15,15075,13680
ACACATGATCAAATCT-1,1,60,16,14962,13483
TATCCATCTCGGTTAG-1,1,61,17,14848,13680
CTCGTCGAGGGCTCAT-1,1,60,18,14735,13482
ATCAATGCCGTGGCTG-1,1,61,19,14621,13679
GAAACATAGGAAACAG-1,1,60,20,14509,13481
TAATAGGTCACCAGAA-1,1,61,21,14395,13678
CACCAGTCAGCATGCA-1,1,60,22,14282,13480
GAGCGCTGTTAGGTAA-1,1,61,23,14168,13677
CCCTATGTAGAGCAGA-1,1,60,24,14055,13480
GATCGCTATATCTCAG-1,1,61,25,13941,13677
AAGGGACTATGCATTC-1,1,60,26,13829,13479
CTCGGGTTCTCTGGCC-1,1,61,27,13715,13676
TATATATCGAGAAATG-1,1,60,28,13602,13478
ACCCGAGCGAAATTAC-1,0,61,29,13488,13675
TTGTTTCATTAGTCTA-1,0,60,30,13375,13478
ATGGGACCTGCTGAAC-1,1,61,31,13261,13674
TGCGACGGCCGAACGT-1,1,60,32,13148,13477
AGCTAACAAGCAATGT-1,1,61,33,13034,13674
CGTGTCTCGTTACGAC-1,0,60,34,12922,13476
CTAAATCCGGTGTACA-1,0,61,35,12808,13673
GAATAGTGCTCGATTA-1,0,60,36,12695,13475
AACAATACATTGTCGA-1,0,61,37,12581,13672
CACATCGTGCACGCGC-1,0,60,38,12468,13475
ACCGTGACCACGTGGG-1,0,61,39,12354,13671
CCCAATGAGATTTGCA-1,0,60,40,12241,13474
TCAGCAGTAGGCCCTG-1,0,61,41,12127,13671
CTACTCAAGGTATAGT-1,0,60,42,12015,13473
TAGTAGCTTATACCAG-1,0,61,43,11901,13670
ACGTTCGTTCAGGAAA-1,0,60,44,11788,13472
TTAGAATAAGGGTCGG-1,0,61,45,11674,13669
TTCTAGAAAGTCTTAT-1,0,60,46,11561,13472
CCTTCAGTTAAAGTGA-1,0,61,47,11447,13668
TAGCTAGTGATGATGG-1,0,60,48,11335,13471
AGCCCGGTAGCCTGTA-1,0,61,49,11221,13668
TACCTCAGTTGTCTGT-1,0,60,50,11108,13470
GACGGGTTGGCCCGTA-1,0,61,51,10994,13667
GAAACCTATACAAATG-1,0,60,52,10881,13469
TCCACCTCTAGCCTTT-1,0,61,53,10767,13666
AAGACCCAACTGAACA-1,0,60,54,10654,13469
CATACACGGTTCCCAC-1,0,61,55,10540,13665
ACTACGCGTTAGAATT-1,0,60,56,10428,13468
CTTGGCCAAGCTGGGA-1,0,61,57,10314,13665
TTACCCTAGGGATTGG-1,0,60,58,10201,13467
TTCGCACTGTACGACA-1,0,61,59,10087,13664
TAGGTGTTCCACAGAT-1,0,60,60,9974,13466
GAAGCCTGCACATTCC-1,0,61,61,9860,13663
GGCTTTCAATAAGGGT-1,0,60,62,9748,13466
TCCAGGGTATATACGA-1,0,61,63,9634,13662
CTCGCCGAATGTAGGG-1,0,60,64,9521,13465
AGGAAGCTGTCCGCCG-1,0,61,65,9407,13662
GTCTCAAGGCCCGGCT-1,0,60,66,9294,13464
ACCGACACATCTCCCA-1,0,61,67,9180,13661
TATACGCGTCATCACT-1,0,60,68,9067,13463
ATCTGGGCTGTTCTTG-1,0,61,69,8953,13660
TCAAATTTGAGACTCA-1,0,60,70,8841,13463
GTTAAGGGTGCGATGT-1,0,61,71,8727,13659
AGCAAAGGCCGCTAGT-1,0,60,72,8614,13462
TTATAGGTAATTGTCT-1,0,61,73,8500,13659
TTGTGCAGCCACGTCA-1,0,60,74,8387,13461
ACGGACTCTCAAAGCG-1,0,61,75,8273,13658
ATGCTCTGGCGCGGTA-1,0,60,76,8161,13460
ATAATCTTGGAGAACC-1,0,61,77,8047,13657
CTCATTGCTCTAACAA-1,0,60,78,7934,13460
TAGGTGACGATAACCT-1,0,61,79,7820,13657
CGGATCCTCAAGGACT-1,0,60,80,7707,13459
GGGCGTGGTTTCCCAG-1,0,61,81,7593,13656
TGGCTATGTGACATAC-1,0,60,82,7480,13458
CTTAGTGTAGTAGCAT-1,0,61,83,7366,13655
GGATTGCTGTGACTCC-1,0,60,84,7254,13457
ACTTCCATGCGGGACA-1,0,61,85,7140,13654
ACTCAAGTGCAAGGCT-1,0,60,86,7027,13457
ACAAGGATGCTTTAGG-1,0,61,87,6913,13654
TTGAACGACGTGCTGA-1,0,60,88,6800,13456
ATTCATCGTTGAGGCA-1,0,61,89,6686,13653
TGCAACCCATCTGCGG-1,0,60,90,6574,13455
AGTGCTAAACACAGCA-1,0,61,91,6460,13652
AACTCCAGAGCGTGTT-1,0,60,92,6347,13454
TCTCCACAAGTTGAAT-1,0,61,93,6233,13651
CTTTGCATCGCTCTTG-1,0,60,94,6120,13454
TCACAAACCGAGGTAC-1,0,61,95,6006,13651
CCGTAGGAAATCCCTG-1,0,60,96,5893,13453
AAACATTTCCCGGATT-1,0,61,97,5779,13650
GCCTCCGACAATTCAC-1,0,60,98,5667,13452
TCTGCATACCTTGCTT-1,0,61,99,5553,13649
ACCCATTTGTCCCTCT-1,0,60,100,5440,13451
CTGCAGAGAATCAGAG-1,0,61,101,5326,13648
GGAAACTAAATGGGCC-1,0,60,102,5213,13451
CAACCTACCGAGCAGT-1,0,61,103,5099,13648
CCGTAGGGTTGTTTAC-1,0,60,104,4986,13450
GGTTTGTGACCTGAGG-1,0,61,105,4872,13647
TAACCTAGGGAGTCCA-1,0,60,106,4760,13449
TTCCATCGACAGCGTG-1,0,61,107,4646,13646
ATCTCCCACGGAATAT-1,0,60,108,4533,13448
GTTTCAAACGAGTTGT-1,0,61,109,4419,13645
GGAACTTTGGCGATTA-1,0,60,110,4306,13448
CTGCAAGCACGTTCCG-1,0,61,111,4192,13645
CACAGTCCCGCTTCGC-1,0,60,112,4080,13447
TACGCTCGGTATTGGA-1,0,61,113,3966,13644
CTGGTAAAGTGTGGGC-1,0,60,114,3853,13446
CAACCAGTGGCCTACC-1,0,61,115,3739,13643
TCTTCGCGGTGAGAGG-1,0,60,116,3626,13445
TTCGGGTTGCCACGGG-1,0,61,117,3512,13642
ACCGATAGGCATAACC-1,0,60,118,3399,13445
CTTATAGATGGCTGTT-1,0,61,119,3285,13642
AGACGCCCACTTCGCC-1,0,60,120,3173,13444
AGGTCGCCTCCCAACA-1,0,61,121,3059,13641
CCTCACGTCAGCTAAT-1,0,60,122,2946,13443
CCACCTGTATGGAATA-1,0,61,123,2832,13640
GGACTCGAAGCTTTCA-1,0,60,124,2719,13443
AAGCCGGAGAGCAGGA-1,0,61,125,2605,13639
GCCTATCAGGTAAGAT-1,0,60,126,2493,13442
TCAGAGTGTGAGCATG-1,0,61,127,2379,13639
AAACATGGTGAGAGGA-1,0,62,0,16775,13883
ATCATTGTACCGCATT-1,0,63,1,16661,14080
TCAGCTTGAGCTTTCG-1,0,62,2,16548,13882
CCGCGCAAGATACCCA-1,0,63,3,16434,14079
CTATACTTAAAGCGAG-1,0,62,4,16321,13882
ACCGTCCACTGGGCCC-1,0,63,5,16207,14079
AAGACCAAATAACTCA-1,0,62,6,16094,13881
TGTTTCTGAAGCGTGC-1,0,63,7,15980,14078
TTCTCTTACAGGTGAT-1,0,62,8,15868,13880
AATTCATTGTCATGCA-1,1,63,9,15754,14077
GCCCGAGAGTCTAAAT-1,1,62,10,15641,13879
ATATAGAGTATTGGTC-1,1,63,11,15527,14076
TTGAAGGATGGGCGCC-1,1,62,12,15414,13879
TAGTACCACAACTTTC-1,1,63,13,15300,14076
ATCCCATCCACAGCGC-1,1,62,14,15188,13878
CTTAGGTATAGACCAG-1,1,63,15,15074,14075
TGACTCCGAATCATAC-1,1,62,16,14961,13877
ACTACATCCCGACAAG-1,1,63,17,14847,14074
TTGCCGCAGACCTACA-1,1,62,18,14734,13876
TAAGAGGGACAGGGAC-1,1,63,19,14620,14073
CGAATGAAGTCATTGC-1,1,62,20,14507,13876
AAGGGAACGACTGGCT-1,1,63,21,14393,14073
CGAATCTGCTCGACGC-1,1,62,22,14281,13875
ATCGTGGAAAGTCTGG-1,1,63,23,14167,14072
CCTATGGCTCCTAGTG-1,1,62,24,14054,13874
CGTCGCTTGGTTATAC-1,0,63,25,13940,14071
TGCTTAGAGAGAATGC-1,1,62,26,13827,13873
GATTGCTCCAGTTGCA-1,0,63,27,13713,14070
CGTGCTTCTACCTAAA-1,0,62,28,13600,13873
ACTCCAATATCATCAT-1,0,63,29,13486,14070
GCCGACCCACGACTGC-1,0,62,30,13374,13872
GAGGGTAGTAACAAAG-1,0,63,31,13260,14069
GGCCGAGACTCTGGTG-1,0,62,32,13147,13871
TATATAGGGCTTTACG-1,0,63,33,13033,14068
TGCCGGATGTACGAGC-1,0,62,34,12920,13871
AGGTAGATCGAGATAT-1,0,63,35,12806,14067
GATCAACATAAAGGGA-1,0,62,36,12694,13870
TAACAGCGTTTGTGCT-1,0,63,37,12580,14067
CTATAGGCGTTGATGT-1,0,62,38,12467,13869
GGTTTAATTACCATCG-1,0,63,39,12353,14066
CTCTTCTGGAAGTTAG-1,0,62,40,12240,13868
ATCTGACATGGAAGGA-1,0,63,41,12126,14065
TACGTACTAGTGCTGA-1,0,62,42,12013,13868
ATGACTATCAGCTGTG-1,0,63,43,11899,14064
CTTTGGGATTGTTGCA-1,0,62,44,11787,13867
AGACTGTTACCGGGTC-1,0,63,45,11673,14064
TCCTAACCGTCGGGCA-1,0,62,46,11560,13866
ACGCAAACTAATAGAT-1,0,63,47,11446,14063
AAGTGAGTCGGGTTTA-1,0,62,48,11333,13865
TAAAGCGGTATTTCCA-1,0,63,49,11219,14062
CTCCTCCAGCTCACAC-1,0,62,50,11107,13865
CGGTCCGTCGCAAGCC-1,0,63,51,10993,14061
CCTATATTTGTCCTGG-1,0,62,52,10880,13864
TCCAATAAAGGCTACC-1,0,63,53,10766,14061
AAAGGCTACGGACCAT-1,0,62,54,10653,13863
CGTGACCAGTCCTCTG-1,0,63,55,10539,14060
GATCTGCTATCTAAGG-1,0,62,56,10426,13862
CGAATGACGCATAATG-1,0,63,57,10312,14059
GCTCAATGTAATACCG-1,0,62,58,10200,13862
CTATGCCCGAATGCAA-1,0,63,59,10086,14058
CACAGGGCCGTTGTCA-1,0,62,60,9973,13861
TCAATACGCCGTCATG-1,0,63,61,9859,14058
AGCGGACACTTCGTAG-1,0,62,62,9746,13860
ATACGTTATGCACGGA-1,0,63,63,9632,14057
GAGTAGATACTAGTTG-1,0,62,64,9520,13859
CCAGCTCGAACGCATT-1,0,63,65,9406,14056
TGCTTCCCAAGCAGTA-1,0,62,66,9293,13859
GTAGACACGCCTGACT-1,0,63,67,9179,14055
CTCACATTTACTAAAT-1,0,62,68,9066,13858
GAATGCGAATCGGTTC-1,0,63,69,8952,14055
TAAGGCCCGTCACCCT-1,0,62,70,8839,13857
GAGTATGCGCGTGCAT-1,0,63,71,8725,14054
ATCCACATCGACAGAA-1,0,62,72,8613,13856
TAGACGAAACGCCAAT-1,0,63,73,8499,14053
CAGCAGTCTGTGCTGC-1,0,62,74,8386,13856
CTCACTGTGATACTTA-1,0,63,75,8272,14052
TTAATTGCTTTGGGTG-1,0,62,76,8159,13855
GTAGTCTACGATATTG-1,0,63,77,8045,14052
TTGCCGCTTTCTAGTA-1,0,62,78,7933,13854
GAACCTTTAACGATCC-1,0,63,79,7819,14051
TGGACCAATCTAAGAT-1,0,62,80,7706,13853
CTAGTAGAAAGGGATT-1,0,63,81,7592,14050
AACCTCGCTTTAGCCC-1,0,62,82,7479,13853
GAGTGTCAACCAGAAA-1,0,63,83,7365,14050
GTGATCCTTGTCATGA-1,0,62,84,7252,13852
CTCAACTAACCCGGAT-1,0,63,85,7138,14049
AGTGGCGTCTGAAGGT-1,0,62,86,7026,13851
GGGAAGGGCTTTCTCA-1,0,63,87,6912,14048
AGGCCTGAGAATCTCG-1,0,62,88,6799,13850
AGCCACAGGTTACCCG-1,0,63,89,6685,14047
TGCAATCTAACACGGT-1,0,62,90,6572,13850
GTTTGGGTTTCGCCCG-1,0,63,91,6458,14047
CCTATGTCCACTCCAC-1,0,62,92,6346,13849
CTGCCTTTCTAGTAAA-1,0,63,93,6232,14046
TTAGTAAACCTGCTCT-1,0,62,94,6119,13848
TTGTGGTGGTACTAAG-1,0,63,95,6005,14045
CCTCCTGTTGTGTCGT-1,0,62,96,5892,13847
ACAAAGCATGACCTAG-1,0,63,97,5778,14044
ATAGCAACTAGGGAAG-1,0,62,98,5665,13847
CCGCTCTTCCGAACTA-1,0,63,99,5551,14044
TAGAATAGCCGATGAA-1,0,62,100,5439,13846
GGTCTCCGTCCAGGTT-1,0,63,101,5325,14043
TAATTACGTCAGTAGA-1,0,62,102,5212,13845
TACGTAAAGCGGAGTG-1,0,63,103,5098,14042
GCTACAATCGAGGATA-1,0,62,104,4985,13844
TCAGCCAATCCGTAAA-1,0,63,105,4871,14041
ATCATAGCCCTATGTA-1,0,62,106,4758,13844
GAGGCCTGTTGATACA-1,0,63,107,4644,14041
ATATACGCTCGTGACG-1,0,62,108,4532,13843
CCCTTTAATGGAGTTC-1,0,63,109,4418,14040
TTACACGATCTGCGAC-1,0,62,110,4305,13842
TCGCATAAAGGGCGCA-1,0,63,111,4191,14039
TGTAGCCATCCCATTC-1,0,62,112,4078,13841
GGGTCTATCGCTTTCC-1,0,63,113,3964,14038
GGAGGGTCAAGTAAGA-1,0,62,114,3852,13841
TACGGCATGGACGCTA-1,0,63,115,3738,14038
CACGTCAATCAATGGA-1,0,62,116,3625,13840
CGCTTGGACGGATAGA-1,0,63,117,3511,14037
CGCGGTACGGTATACA-1,0,62,118,3398,13839
CCTACTCAACACGATT-1,0,63,119,3284,14036
CGTTTGGTGTTGTGGG-1,0,62,120,3171,13838
GTTGTTGCAAGATGGC-1,0,63,121,3057,14035
CATTCGTCGTAGCGGT-1,0,62,122,2945,13838
CAGCCTCGATAGCGGT-1,0,63,123,2831,14035
TCATAAGTCCAAGAAG-1,0,62,124,2718,13837
AAAGTGCCATCAATTA-1,0,63,125,2604,14034
GTTGCAGTCGACAACA-1,0,62,126,2491,13836
TAAATGGGCTACTGAG-1,0,63,127,2377,14033
GGACAAGCCATGATCG-1,0,64,0,16773,14278
TCCAATGCGTCGCCGC-1,0,65,1,16659,14475
AAAGAATGACCTTAGA-1,0,64,2,16547,14277
CCTATTATTCCGGCCG-1,0,65,3,16433,14474
CAGTAAGGGACGTCTC-1,0,64,4,16320,14276
GGGATGGACCCGCGTC-1,0,65,5,16206,14473
GACGCATACCCGTCGG-1,0,64,6,16093,14275
GGGCAGGATTTCTGTG-1,0,65,7,15979,14472
TATCTGAGCCGATATT-1,0,64,8,15866,14275
AATGTATGGCACTGTA-1,1,65,9,15752,14472
GCCTTTGTCAGTGGAC-1,1,64,10,15640,14274
AACCATAGGGTTGAAC-1,1,65,11,15526,14471
AAACTTAATTGCACGC-1,1,64,12,15413,14273
TAGGCGGCTGCAAAGA-1,1,65,13,15299,14470
TCCATCAATACTAATC-1,1,64,14,15186,14272
ACCTCGAACTTATGCT-1,1,65,15,15072,14469
ACAAACCATGCGTCCT-1,1,64,16,14960,14272
ACACCGGTCTGACCGC-1,1,65,17,14846,14469
ATGGCAGCATTACGAT-1,1,64,18,14733,14271
CTGGTGAATGGGCCTA-1,1,65,19,14619,14468
CACAGAGACGAGGACG-1,1,64,20,14506,14270
GCACAAACCCTAGATG-1,0,65,21,14392,14467
ACTATGTCCAGCTGCC-1,1,64,22,14279,14269
AAGCCGCCGTGAAATC-1,0,65,23,14165,14466
ATGGGTGTATACCTCC-1,0,64,24,14053,14269
TAAGCGCGAATCAAAT-1,0,65,25,13939,14466
AGCCCGGCATTAGAGG-1,0,64,26,13826,14268
GTGATCAAGCGTGCAC-1,0,65,27,13712,14465
CTGCCTTTAATACCTT-1,0,64,28,13599,14267
TACCTCCACACCAATG-1,0,65,29,13485,14464
GAGCATCAACAACTTG-1,0,64,30,13372,14266
CATACGAACTAGCTGG-1,0,65,31,13258,14463
GGGAACGGTTTCAGAT-1,0,64,32,13146,14266
AGGGTGCCGTTCTTTA-1,0,65,33,13032,14463
ACGACTGGTCATACTC-1,0,64,34,12919,14265
GGATCTTACTGCCCTT-1,0,65,35,12805,14462
TACTCCTCTAGTTGAC-1,0,64,36,12692,14264
GTAGCTCCGGGAGGCT-1,0,65,37,12578,14461
GGACTCGTGAGTGGTC-1,0,64,38,12466,14264
GTAGTTCGAAGGCGAA-1,0,65,39,12352,14460
CTCAAACCACTGCCCG-1,0,64,40,12239,14263
GAGGGAGTCAGATCGC-1,0,65,41,12125,14460
GCGTCCCTAAGACATA-1,0,64,42,12012,14262
TCTCTTACCGCGAACC-1,0,65,43,11898,14459
GGCTACTATACACTCC-1,0,64,44,11785,14261
CGTTGCCCGCGTGGGA-1,0,65,45,11671,14458
TATAGAGTCGCTTGAA-1,0,64,46,11559,14261
ATGTTGTAGTCTGTTT-1,0,65,47,11445,14457
AGTATACACAGCGACA-1,0,64,48,11332,14260
TGTGGTTGCTAAAGCT-1,0,65,49,11218,14457
TGATTCCCGGTTACCT-1,0,64,50,11105,14259
CACTGACGATTGTGGA-1,0,65,51,10991,14456
AACATTGTGACTCGAG-1,0,64,52,10879,14258
GTCCAATATTTAGCCT-1,0,65,53,10765,14455
GCTCTTTCCGCTAGTG-1,0,64,54,10652,14258
GGGTCAGGAGCTAGAT-1,0,65,55,10538,14454
AGGTGGTGACCTTCGC-1,0,64,56,10425,14257
CCCGGGTCGTTCAGGG-1,0,65,57,10311,14454
AGCCAAGCTTTGTGTC-1,0,64,58,10198,14256
TGTGGCGGGCTTCTGG-1,0,65,59,10084,14453
CGAGGGTATCCAGGTG-1,0,64,60,9972,14255
CGTTCAGACCCGCGAA-1,0,65,61,9858,14452
TCATATGAGCTTTGTT-1,0,64,62,9745,14255
AGTTGACGGTCCTTGC-1,0,65,63,9631,14451
ATAATTAGCTAAGTAG-1,0,64,64,9518,14254
GGTCTTGAGCGCTCTT-1,0,65,65,9404,14451
CGTTGTCGGCAATTGA-1,0,64,66,9292,14253
TCTTGCTCCCGATACT-1,0,65,67,9178,14450
AGCAGAAGGAGAAAGA-1,0,64,68,9065,14252
GAAGCCACTGATTATG-1,0,65,69,8951,14449
TGCTCTTGAGAGTTTG-1,0,64,70,8838,14252
GACATCCGTCGAACTG-1,0,65,71,8724,14448
AGATATAATACGACTA-1,0,64,72,8611,14251
TCGCTACTGGCTTTGA-1,0,65,73,8497,14448
GTGACAGCTTCCCACT-1,0,64,74,8385,14250
GTGACGCAGGTTTCAT-1,0,65,75,8271,14447
GGGAAGACGGTCTGTC-1,0,64,76,8158,14249
CGTCGCATGTGAGCCA-1,0,65,77,8044,14446
AGAAGGTTGTAGGTCG-1,0,64,78,7931,14249
GGCCGGCGTCTGCTAT-1,0,65,79,7817,14445
TTGACCAGGAACAACT-1,0,64,80,7705,14248
AGTCGTATAAAGCAGA-1,0,65,81,7591,14445
GGCGTAGGGAAAGCTG-1,0,64,82,7478,14247
AAACCTAAGCAGCCGG-1,0,65,83,7364,14444
ATTGCCTTTATGTTTG-1,0,64,84,7251,14246
CAGGCAGTCTTACCAG-1,0,65,85,7137,14443
AGCTAAGTACGCAGGC-1,0,64,86,7024,14246
AAATCCGATACACGCC-1,0,65,87,6910,14443
CGAGAGCTTTCACTAC-1,0,64,88,6798,14245
CGCCCAGCGTTTCACG-1,0,65,89,6684,14442
TTAAGTATTGTTATCC-1,0,64,90,6571,14244
AAACGGGCGTACGGGT-1,0,65,91,6457,14441
GTATCCTTTGGTAACC-1,0,64,92,6344,14243
CATAGTCAAATACATA-1,0,65,93,6230,14440
TCTATGCTATAACGAC-1,0,64,94,6117,14243
ACGTTCTGTACAAGTC-1,0,65,95,6003,14440
CGCGAAGTGGCATACT-1,0,64,96,5891,14242
ACCAACCGCACTCCAC-1,0,65,97,5777,14439
GTCATGCGCGAGGGCT-1,0,64,98,5664,14241
TAGGCTAAAGTGGCAC-1,0,65,99,5550,14438
TGGCTACACTCTACCT-1,0,64,100,5437,14240
TGTCCACGGCTCAACT-1,0,65,101,5323,14437
AATTGCAGCAATCGAC-1,0,64,102,5211,14240
GTCAACCAGGCCTATA-1,0,65,103,5097,14437
ATCTTATCGCACACCC-1,0,64,104,4984,14239
GTCTATTGCATGCTCG-1,0,65,105,4870,14436
GCACGTGGTTTACTTA-1,0,64,106,4757,14238
ATTCGCGCCTTGAGAG-1,0,65,107,4643,14435
AGCGATGCGCCTAATA-1,0,64,108,4530,14237
TCTATAGGTGGGTAAT-1,0,65,109,4416,14434
AGATACCAATAGAACC-1,0,64,110,4304,14237
CGTGTATGGGAGCTGA-1,0,65,111,4190,14434
ATGTACATGCGGTGAG-1,0,64,112,4077,14236
TTGGCTCAATATGTGT-1,0,65,113,3963,14433
GTTCGGAGCACTCAAC-1,0,64,114,3850,14235
TCCCTCTTCTCAAGGG-1,0,65,115,3736,14432
TTACGTATCTATGACA-1,0,64,116,3624,14234
CCCATATAGGTCGATT-1,0,65,117,3510,14431
GTCCACGTCGCATTCG-1,0,64,118,3397,14234
AATTGTGGTTGCCAAA-1,0,65,119,3283,14431
AGGAACGAACGACTTC-1,0,64,120,3170,14233
TAATTCCAATGCTTCA-1,0,65,121,3056,14430
AGGGCCCTAATGTTCT-1,0,64,122,2943,14232
AGGTGTTGCCGACCAC-1,0,65,123,2829,14429
CTGAGAGTAGAAATAC-1,0,64,124,2717,14232
TAGAAGAAGGGTTACA-1,0,65,125,2603,14428
GGTGACTGATAGAGAG-1,0,64,126,2490,14231
TACCCTCGGTAACCCT-1,0,65,127,2376,14428
TGTAAGACTGATAAGA-1,0,66,0,16772,14672
GTCACTCATGAGCGAT-1,0,67,1,16658,14869
CGGTTTACTGAACATT-1,0,66,2,16545,14671
GAGATCGATCTTACTC-1,0,67,3,16431,14868
TCTTTCATCCGTCCTT-1,0,66,4,16319,14671
TCGGATCTGGATGACC-1,0,67,5,16205,14868
GTCCTAGGATACCTTA-1,0,66,6,16092,14670
TGTACCCGACCCTAAT-1,0,67,7,15978,14867
AGGTTCTCCTTTCCGG-1,0,66,8,15865,14669
AATTGCGTGGATTACA-1,0,67,9,15751,14866
CGATAGCGATACAGTG-1,1,66,10,15638,14668
CGCCCTAATTGTTCAA-1,0,67,11,15524,14865
ATTATGAGACCCAATT-1,1,66,12,15412,14668
CCTCCTAGCTAGAGTC-1,0,67,13,15298,14865
CGAAGGGTTTCAGATT-1,0,66,14,15185,14667
CACAAGCTAAGAAAGG-1,0,67,15,15071,14864
CACCGGTAGAGACATT-1,0,66,16,14958,14666
ACTCATGGCAGCCTTC-1,0,67,17,14844,14863
CATCCAATATAGTTTG-1,0,66,18,14731,14665
CAGATATGAAGATGAC-1,0,67,19,14617,14862
GCAAAGGGCGTTAGCC-1,0,66,20,14505,14665
CTGTTGTTCAGTCGTA-1,0,67,21,14391,14862
AAAGGCCCTATAATAC-1,0,66,22,14278,14664
AACATTGAAGTTGATC-1,0,67,23,14164,14861
GCTAGCGATAGGTCTT-1,0,66,24,14051,14663
ATTGCCTATTAGACCG-1,0,67,25,13937,14860
GGGCGTTTACATTCAT-1,0,66,26,13825,14662
CCTCTACAAGGATTGG-1,0,67,27,13711,14859
AGTGACTGTGACACAA-1,0,66,28,13598,14662
AGCCCTCCCTGGTGGC-1,0,67,29,13484,14859
CGGTTGAGTATCCTTC-1,0,66,30,13371,14661
CATTATCCCATTAACG-1,0,67,31,13257,14858
AATGTGCTAATCTGAG-1,0,66,32,13144,14660
CTTAGTTGAGGAATCG-1,0,67,33,13030,14857
CTTCTGGGCGTACCTA-1,0,66,34,12918,14659
AGTCAAATGATGTGAT-1,0,67,35,12804,14856
TGAACAAGCAGGGACT-1,0,66,36,12691,14659
AATACCGGAGGGCTGT-1,0,67,37,12577,14856
GTTTGGTGATCGGTGC-1,0,66,38,12464,14658
GACTGCTGGTGAGAAA-1,0,67,39,12350,14855
CGATCCTCGCAACATA-1,0,66,40,12238,14657
CCAACCTTATGTAACT-1,0,67,41,12124,14854
CGTGGTACCCAAAGGC-1,0,66,42,12011,14657
AACCCGACAACCCGTG-1,0,67,43,11897,14853
TATGTAAAGTGCTTAA-1,0,66,44,11784,14656
GCAAGTGTAAAGCATG-1,0,67,45,11670,14853
GTAACTGCCCAAGGAG-1,0,66,46,11557,14655
GGTGCATAAATGATTA-1,0,67,47,11443,14852
TAGTCCCGGAGACCAC-1,0,66,48,11331,14654
CGGCCAGAGCGACCAT-1,0,67,49,11217,14851
TGAATGAGTGTTTCCC-1,0,66,50,11104,14654
TTCACTTCCTAGAACG-1,0,67,51,10990,14850
CGCTTAGTATTGATAC-1,0,66,52,10877,14653
AACGCGACCTTGGGCG-1,0,67,53,10763,14850
GTGCACCAGCTTCAAC-1,0,66,54,10651,14652
TTCTATTAAACGCAGC-1,0,67,55,10537,14849
TGGCAAGCACAAGTCG-1,0,66,56,10424,14651
ATCTGCTGTTATCGCC-1,0,67,57,10310,14848
AATTCCAAGCATGTAC-1,0,66,58,10197,14651
AAACGGTTGCGAACTG-1,0,67,59,10083,14847
GAAGGAGTCGAGTGCG-1,0,66,60,9970,14650
GGCAAGCCCATAGTGG-1,0,67,61,9856,14847
TGACCAAATCTTAAAC-1,0,66,62,9744,14649
TTCGGTACTGTAGAGG-1,0,67,63,9630,14846
ATGTACGATGACGTCG-1,0,66,64,9517,14648
ATCTAGCTTGTGAGGG-1,0,67,65,9403,14845
AGCGGGTCTGACACTC-1,0,66,66,9290,14648
GAGGTACGCGTGTCCC-1,0,67,67,9176,14844
GCACTGCCTACCTTTA-1,0,66,68,9064,14647
GGAGCGAGGCCTACTT-1,0,67,69,8950,14844
AAACTCGGTTCGCAAT-1,0,66,70,8837,14646
GGCGCTTCATTCCCTG-1,0,67,71,8723,14843
TGCTCGGTGGGTCACC-1,0,66,72,8610,14645
AAGCGCAGGGCTTTGA-1,0,67,73,8496,14842
GACCTTCCACGTCTAC-1,0,66,74,8383,14645
GTTAGCCCATGACATC-1,0,67,75,8269,14841
AATTCGATTCGAGGAT-1,0,66,76,8157,14644
AGTCTTTAAAGTGTCC-1,0,67,77,8043,14841
GACTAGGCCGTTAGGT-1,0,66,78,7930,14643
TCCAAGCCTAGACACA-1,0,67,79,7816,14840
GATTGGGAAAGGTTGT-1,0,66,80,7703,14642
GATGAGGAACCTTCGG-1,0,67,81,7589,14839
TGAATACCGACGCGTA-1,0,66,82,7477,14642
AATCGTGAGCCGAGCA-1,0,67,83,7363,14838
GCGAAGAATCTGACGG-1,0,66,84,7250,14641
GAACAACTGGGATGAA-1,0,67,85,7136,14838
TCGCCGACATATTCGC-1,0,66,86,7023,14640
CGTAGAGAGTAATTAT-1,0,67,87,6909,14837
CGATAGTCGTACTGCA-1,0,66,88,6796,14639
CGCATGCCGAATGCGT-1,0,67,89,6682,14836
CTCTAGCCCTCGGAAA-1,0,66,90,6570,14639
TCCAACTCAGCTATCT-1,0,67,91,6456,14836
GTCTAGTGAGCCGCTT-1,0,66,92,6343,14638
TACCGAATAATTGTAA-1,0,67,93,6229,14835
ATATAACACGGGCGCA-1,0,66,94,6116,14637
GCATGCTAATAACGAT-1,0,67,95,6002,14834
TCCGGGCTTGACGGGA-1,0,66,96,5889,14636
ATTATTCAGAGTCACT-1,0,67,97,5775,14833
TAGCAGTATGACTAAA-1,0,66,98,5663,14636
TATGAAGAATTAAGGT-1,0,67,99,5549,14833
CAAGGCCAGTGGTGCA-1,0,66,100,5436,14635
TGCGTACGGCTAATTG-1,0,67,101,5322,14832
CAGATAATGGGCGGGT-1,0,66,102,5209,14634
GAGAACGGTTCTGACT-1,0,67,103,5095,14831
CGCTTCGGTCTAAGAC-1,0,66,104,4983,14633
AGCATTACGAGGCAAG-1,0,67,105,4869,14830
AAGTTGTGATGTTATA-1,0,66,106,4756,14633
TTGCTCATAGTACGTG-1,0,67,107,4642,14830
TACTTAAACATGTACA-1,0,66,108,4529,14632
AGTGAGTCGAATTAAC-1,0,67,109,4415,14829
TAGGCCTATATAGTCT-1,0,66,110,4302,14631
ACTCGCCGTTCGATAA-1,0,67,111,4188,14828
GGTACGTTGCGGCCGG-1,0,66,112,4076,14630
TATTGCCGGGCTTGTA-1,0,67,113,3962,14827
GGTAAACTCTGCGCTG-1,0,66,114,3849,14630
TCCCTTGTCTGAAACT-1,0,67,115,3735,14827
CATGATCGCTTTGAGA-1,0,66,116,3622,14629
GGACGGGCGACCAACC-1,0,67,117,3508,14826
GAGAGGCCTATGTGTA-1,0,66,118,3396,14628
TCGTAACTCCCAAGAC-1,0,67,119,3282,14825
CGTATCTAGAACTAAG-1,0,66,120,3169,14627
GCACCTTCCCGAAGGT-1,0,67,121,3055,14824
TACCTCTTTACCATCC-1,0,66,122,2942,14627
TGACTCTAACTGGTAA-1,0,67,123,2828,14824
GAGAAACTGGATCCCA-1,0,66,124,2715,14626
ATCCGGACCAGCCTGA-1,0,67,125,2601,14823
TTATTTAGGTTCCTTA-1,0,66,126,2489,14625
CGAATTCCCGGTTCAA-1,0,67,127,2375,14822
TAGTTTGATCGGTCGC-1,0,68,0,16771,15067
AGTCGAAACGATTCAG-1,0,69,1,16657,15264
ACGTCGGGCAACTCGG-1,0,68,2,16544,15066
ACTTGCTCTATCTACC-1,0,69,3,16430,15263
ATTACGGGCTACGGTT-1,0,68,4,16317,15065
GCAAACGTAAGCGACC-1,0,69,5,16203,15262
TTCGGACTGGGCATGG-1,0,68,6,16091,15064
GGGCCATTCGTGCTGG-1,0,69,7,15977,15261
GAGTTGTCACCAGTCT-1,0,68,8,15864,15064
AGTAATTTGCAAGCGT-1,0,69,9,15750,15261
GTGGCCGGTTTCTCGG-1,0,68,10,15637,15063
ATCTTAGGGCATTAAT-1,0,69,11,15523,15260
CTACATATCGCGGGAC-1,0,68,12,15410,15062
ATGGTATTTACTGATT-1,0,69,13,15296,15259
CCGTCAACCTCTGGCG-1,0,68,14,15184,15061
GCTTCGACGTTCAATC-1,0,69,15,15070,15258
GACCGATTAAATATGT-1,0,68,16,14957,15061
GTCGAATTTGGGCGCT-1,0,69,17,14843,15258
TCACGGCCCAAGAGAG-1,0,68,18,14730,15060
CTACGATCCTATCCTA-1,0,69,19,14616,15257
TGCAGTGGTAGGGAAC-1,0,68,20,14503,15059
TTGCCTAATCCAAAGT-1,0,69,21,14389,15256
AGCGAGACGTGAAGGC-1,0,68,22,14277,15058
TTCTACCTCAATCGGT-1,0,69,23,14163,15255
TACGCTGCTGTGTTAA-1,0,68,24,14050,15058
TAGTCCTGCACTAAGC-1,0,69,25,13936,15255
AGCACACGTTTAGACT-1,0,68,26,13823,15057
GTTCGACAATTGTATA-1,0,69,27,13709,15254
CCATGTTCATCTATAT-1,0,68,28,13597,15056
CCCTCGATAATACACA-1,0,69,29,13483,15253
ACTGCCCGCCATTCTC-1,0,68,30,13370,15055
CTATATCCAGCCTGGC-1,0,69,31,13256,15252
CGCACGTCTGTTTATG-1,0,68,32,13143,15055
AATCAGGTTTCATTTA-1,0,69,33,13029,15252
AGAGAAACACCAGAAA-1,0,68,34,12916,15054
ACCCGATTGGTTCCGA-1,0,69,35,12802,15251
TACCAGGAATCCCGTC-1,0,68,36,12690,15053
AAGTGCTTCTCTATTG-1,0,69,37,12576,15250
TGCATGTGACCCATAG-1,0,68,38,12463,15052
TAGATTCAAAGTGCGG-1,0,69,39,12349,15249
AGGGTCAGAGCACTCG-1,0,68,40,12236,15052
GTGAGATAACCTTATA-1,0,69,41,12122,15249
GTGTCAGTGTACGTGG-1,0,68,42,12010,15051
CTGTAGTGAGGATCGA-1,0,69,43,11896,15248
GATAGTGCGAGTAAGT-1,0,68,44,11783,15050
AGGGTTCAGACGGTCC-1,0,69,45,11669,15247
GGACTCGACAGCGCAT-1,0,68,46,11556,15050
CACTCTCAAGCATCGA-1,0,69,47,11442,15246
GAGCGGAATGCGGTGT-1,0,68,48,11329,15049
CAGTTCGAGGACCCGA-1,0,69,49,11215,15246
CGTAACTTCGACACTT-1,0,68,50,11103,15048
TGATCACCACACTGAC-1,0,69,51,10989,15245
CATACTTCTTTCTCCG-1,0,68,52,10876,15047
CAAGTAAGTGATAGAC-1,0,69,53,10762,15244
AGCCCGCAACAAGCAG-1,0,68,54,10649,15047
GCTCCATGCAAAGCAA-1,0,69,55,10535,15243
TCGTACCGACGTCAAG-1,0,68,56,10423,15046
ATTATCGGAATGTACG-1,0,69,57,10309,15243
ACCTACTATAAATCTA-1,0,68,58,10196,15045
TATCCTATCAACTGGT-1,0,69,59,10082,15242
GCGCGGTCTAGTAACT-1,0,68,60,9969,15044
CCTTCGTATAGAATCC-1,0,69,61,9855,15241
TGGGCGATACAATAAG-1,0,68,62,9742,15044
TGACATGTAACGTGAC-1,0,69,63,9628,15240
TTGGGAAGACGAGCCG-1,0,68,64,9516,15043
GGTGTAAATCGATTGT-1,0,69,65,9402,15240
GAACTGTGGAGAGACA-1,0,68,66,9289,15042
TCCACATCGTATATTG-1,0,69,67,9175,15239
CCTATGGTCAAAGCTG-1,0,68,68,9062,15041
TCCTTGTCCTTTAATT-1,0,69,69,8948,15238
AAGTTTATGGGCCCAA-1,0,68,70,8836,15041
GTCCGGGTTCACATTA-1,0,69,71,8722,15237
ATGTAGCGCGCGTAGG-1,0,68,72,8609,15040
TACGGAAGCCAAACCA-1,0,69,73,8495,15237
GCCCTGAGGATGGGCT-1,0,68,74,8382,15039
CGGGCGATGGATCACG-1,0,69,75,8268,15236
TGCGGACTTGACTCCG-1,0,68,76,8155,15038
TAATACTAGAACAGAC-1,0,69,77,8041,15235
TCAAATTGTTGTGCCG-1,0,68,78,7929,15038
GGGCAGTCAACGCCAA-1,0,69,79,7815,15234
TCGCTGCCAATGCTGT-1,0,68,80,7702,15037
TACGTGGGCCCAGGGC-1,0,69,81,7588,15234
GCCTACGTTCTGTGCA-1,0,68,82,7475,15036
TTGCGTGTGTAGGCAT-1,0,69,83,7361,15233
TCCTAAAGATTCAGAC-1,0,68,84,7248,15035
TGGGTGCACAAGCCAT-1,0,69,85,7134,15232
GGGAGCGACCGTAGTG-1,0,68,86,7022,15035
CATAGAGGAGATACTA-1,0,69,87,6908,15232
CTTCGATTGCGCAAGC-1,0,68,88,6795,15034
GTGCCTGAGACCAAAC-1,0,69,89,6681,15231
TCATCCTCAGCTGCTT-1,0,68,90,6568,15033
TGCAACTACTGGTTGA-1,0,69,91,6454,15230
ATGTTGATTAGAGACT-1,0,68,92,6342,15032
GTTTCTAGAGGCGCGG-1,0,69,93,6228,15229
TACAAGGGCTTCTTTA-1,0,68,94,6115,15032
ACAGGCACGGATCCTT-1,0,69,95,6001,15229
CCCAAGTCATTACACT-1,0,68,96,5888,15031
ACTCTGACCTAATAGA-1,0,69,97,5774,15228
GGATGGCTTGAAGTAT-1,0,68,98,5661,15030
ACCCTCCCGTCAGGGC-1,0,69,99,5547,15227
AGCTTCTTCTCGAGCA-1,0,68,100,5435,15029
TTGCGCTTGATCAATA-1,0,69,101,5321,15226
TGGGTGTAATAGATTT-1,0,68,102,5208,15029
CATGGTTTATTAATCA-1,0,69,103,5094,15226
TTGCCTTCTCGCCGGG-1,0,68,104,4981,15028
TTAAAGTAAGTCGCCA-1,0,69,105,4867,15225
AGTTGGCAAGGCTAGA-1,0,68,106,4755,15027
CCGCACTTGCAATGAC-1,0,69,107,4641,15224
AATGTTGTCGTGAGAC-1,0,68,108,4528,15026
CCAAGGTTGCCCTTTC-1,0,69,109,4414,15223
TGTGACTAGAGTTTGC-1,0,68,110,4301,15026
TTGTGATCTGTTCAGT-1,0,69,111,4187,15223
GGAGTTGATTCTGTGT-1,0,68,112,4074,15025
GTAGTGAGCAACCTCA-1,0,69,113,3960,15222
AAGACATACGTGGTTT-1,0,68,114,3848,15024
CATCCCGAGATTCATA-1,0,69,115,3734,15221
GGCCGCAGGAACCGCA-1,0,68,116,3621,15023
CCAGAAACTGATGCGA-1,0,69,117,3507,15220
ACCCGTAGTCTAGTTG-1,0,68,118,3394,15023
AGGGTCTGGACGCAGT-1,0,69,119,3280,15220
TTGAAACCCTCATTCC-1,0,68,120,3168,15022
TCAATCCCGCGCCAAA-1,0,69,121,3054,15219
AGGACATCGGCACACT-1,0,68,122,2941,15021
GACAAGACGCCCGTGC-1,0,69,123,2827,15218
GAGTAAATTAAGAACC-1,0,68,124,2714,15020
TAAGTCGGTGAGCTAG-1,0,69,125,2600,15217
CTTACTGACTCCTCTG-1,0,68,126,2487,15020
TTAACTGATCGTTTGG-1,0,69,127,2373,15217
GGGCGATCCATAGGCC-1,0,70,0,16769,15461
CGTATTGTTTGGCGCC-1,0,71,1,16655,15658
CGCGTGGGCCTGTGTT-1,0,70,2,16543,15460
AAATCTGCCCGCGTCC-1,0,71,3,16429,15657
GCTGAAGGGTTCTTGG-1,0,70,4,16316,15460
TAATTGCGCTGATTAC-1,0,71,5,16202,15657
TCGCGCGTTTACATGA-1,0,70,6,16089,15459
TAACTGAAATACGCCT-1,0,71,7,15975,15656
CCTGTCGTGTATGAAG-1,0,70,8,15862,15458
CGGGAACGCCCTGCAT-1,0,71,9,15748,15655
AGTTGCGGTCCTCAAC-1,0,70,10,15636,15457
GGGTCCTTGGAAGAAG-1,0,71,11,15522,15654
CGGGAAGTACCGTGGC-1,0,70,12,15409,15457
ACGGTCACCGAGAACA-1,0,71,13,15295,15654
TAGACTCAGTTGGCCT-1,0,70,14,15182,15456
CCTTCCGCAACGCTGC-1,0,71,15,15068,15653
CAGTGTTAATCTCTCA-1,0,70,16,14956,15455
CAGGCCAGTACCACCT-1,0,71,17,14842,15652
GATCGCTGTGGTGCGT-1,0,70,18,14729,15454
GTATCTCGGGCGCTTT-1,0,71,19,14615,15651
CCGGGCTAAGAATTTC-1,0,70,20,14502,15454
CTTCACGCCCTGGTAC-1,0,71,21,14388,15651
CGGATGAATGCTGTGA-1,0,70,22,14275,15453
CTCTGCAGGCATTCTT-1,0,71,23,14161,15650
TCAAAGTCACGGCGTC-1,0,70,24,14049,15452
TGGGTTTCGGGCGTAC-1,0,71,25,13935,15649
TGCTATGGCAAAGGGA-1,0,70,26,13822,15451
TTCACGGTCGTCACGT-1,0,71,27,13708,15648
CGTAAAGCAAGAAATC-1,0,70,28,13595,15451
CTGATCCCTTTATGCA-1,0,71,29,13481,15648
GAGTATACCCTAATCA-1,0,70,30,13369,15450
CCACGGCAGGTGTAGG-1,0,71,31,13255,15647
ACGTACTTTGGCACGG-1,0,70,32,13142,15449
CCTGAGAATAAATGCA-1,0,71,33,13028,15646
TTGATGCCGCTCGTCG-1,0,70,34,12915,15448
GCCAGGAAAGAACACT-1,0,71,35,12801,15645
TCCGACCGCTAATCAA-1,0,70,36,12688,15448
TATATCAAAGTGATCT-1,0,71,37,12574,15645
CCTCGGTTTCCTTGCC-1,0,70,38,12462,15447
TAAATTTAGTAACACC-1,0,71,39,12348,15644
CTCGTTACGGCTACCA-1,0,70,40,12235,15446
GCCGTCGGTTTCGGGC-1,0,71,41,12121,15643
GTTCCGTCCGCCTGCA-1,0,70,42,12008,15445
CTAGGGATAGGGACAA-1,0,71,43,11894,15642
GTCCAGGCACGTGTGC-1,0,70,44,11782,15445
GAGGAATATCTCTTTG-1,0,71,45,11668,15642
CGTTCAAGGAAACGGA-1,0,70,46,11555,15444
GTGGGAACAAACCGGG-1,0,71,47,11441,15641
GGGCACGTAGTACTGT-1,0,70,48,11328,15443
ACTACAAAGAGAGGTG-1,0,71,49,11214,15640
GGTGTAGGTAAGTAAA-1,0,70,50,11101,15443
CCTGTTCAACCTCGGG-1,0,71,51,10987,15639
TGAGGTGTGTGGCGGA-1,0,70,52,10875,15442
ATTGTCTGTTTCATGT-1,0,71,53,10761,15639
GCCGGTCGTATCTCTC-1,0,70,54,10648,15441
ATATGGGATAGCAACT-1,0,71,55,10534,15638
GATAGAACCCGCTAGG-1,0,70,56,10421,15440
ATCCCATTTCCGTGGG-1,0,71,57,10307,15637
GATGCTACCTTCGATG-1,0,70,58,10195,15440
TGCAAAGTTCGTCTGT-1,0,71,59,10081,15636
GTTCAGTCGCCAAATG-1,0,70,60,9968,15439
GTCTCCGCCTCAATAC-1,0,71,61,9854,15636
AGTAGAAGGCGCCTCA-1,0,70,62,9741,15438
GTTGTAGATTTATGAG-1,0,71,63,9627,15635
CTATTTGCTTGGAGGA-1,0,70,64,9514,15437
AGCCATATAGTATGTG-1,0,71,65,9400,15634
TGTTCCGGCCTGAGCT-1,0,70,66,9288,15437
TGCCGTGGGACCCAAT-1,0,71,67,9174,15633
TTGCAAGAAGACTCCT-1,0,70,68,9061,15436
CCGCTCCAGGGCGATC-1,0,71,69,8947,15633
CAAACCCTCCGGCGGG-1,0,70,70,8834,15435
CGGACCTTTACGTCCC-1,0,71,71,8720,15632
ACGTAGGAGAGTCGCT-1,0,70,72,8608,15434
CTGCGACCTCGCCGAA-1,0,71,73,8494,15631
GGCCCAGCTGGTTTGC-1,0,70,74,8381,15434
GGATTAATCATGGACC-1,0,71,75,8267,15630
GAGATGGCTTTAATCA-1,0,70,76,8154,15433
AGTACAGAAGCTTATA-1,0,71,77,8040,15630
GCGGCTTTAGCAAGTT-1,0,70,78,7927,15432
ACCGAGTCTCCTTATT-1,0,71,79,7813,15629
GACCACACTTCCCTTT-1,0,70,80,7701,15431
TGTAGCCAATTCCGTT-1,0,71,81,7587,15628
CTCGTCTGTGCCTTCG-1,0,70,82,7474,15431
GGACTCTTTGACTAAG-1,0,71,83,7360,15627
TCATCGACGACCGTCG-1,0,70,84,7247,15430
TACTACGTGCAATGCG-1,0,71,85,7133,15627
CCCTACTTGAACAATG-1,0,70,86,7020,15429
GCAGCTGTCAACGCAT-1,0,71,87,6906,15626
ATCTACCATCTGCTCC-1,0,70,88,6794,15428
TCTCAAATCAATCGGG-1,0,71,89,6680,15625
ACTCCGGCCGACCACT-1,0,70,90,6567,15428
TACACCTCTTCGAATC-1,0,71,91,6453,15625
GTGGCTGTTTCTGTTC-1,0,70,92,6340,15427
ACGACTCTAGGGCCGA-1,0,71,93,6226,15624
TCGTTTACGCGACCCT-1,0,70,94,6114,15426
AGGATATCCGACTGCA-1,0,71,95,6000,15623
GACACTTCCAATTACC-1,0,70,96,5887,15425
ACGGTACAGTTCAATG-1,0,71,97,5773,15622
CTTGATGACCATCCAG-1,0,70,98,5660,15425
CTGGTAAAGACTTACA-1,0,71,99,5546,15622
CTTGCCCACCCACGCA-1,0,70,100,5433,15424
CATTACGCAGGAAGGG-1,0,71,101,5319,15621
GGACAACCATGAAGCC-1,0,70,102,5207,15423
GTTATCAAGCTATCGA-1,0,71,103,5093,15620
AGGTGCACGTCCACAT-1,0,70,104,4980,15422
AAAGAATGTGGACTAA-1,0,71,105,4866,15619
ACCAAGTCATCGGCAG-1,0,70,106,4753,15422
AGTAACTATAGCAGCC-1,0,71,107,4639,15619
GGGAAAGAATGCCAAC-1,0,70,108,4527,15421
AATCGGTATAGCCCTC-1,0,71,109,4413,15618
GGCACTGCGGTGGTTT-1,0,70,110,4300,15420
CGTCCTCATCGCGTGC-1,0,71,111,4186,15617
CTTAACTTACAGTATA-1,0,70,112,4073,15419
GTGAGTCGACTAATAG-1,0,71,113,3959,15616
TGTACTTCCGGGCATG-1,0,70,114,3846,15419
CACAAACCGCAGAACT-1,0,71,115,3732,15616
GCTTTACACAACTGGG-1,0,70,116,3620,15418
CACCGATGATGGGTAC-1,0,71,117,3506,15615
TCAATATACAGGAGGC-1,0,70,118,3393,15417
AACGACCTCCTAGCCG-1,0,71,119,3279,15614
GTTACCAAGGCGTACG-1,0,70,120,3166,15416
TAGCTCACTGTGTTTG-1,0,71,121,3052,15613
TCGGCAGGGTTAAGGG-1,0,70,122,2940,15416
TGTTAACAAAGTGACT-1,0,71,123,2826,15613
CAGAGCGATGGATGCT-1,0,70,124,2713,15415
CATAGTGGGCACGCCT-1,0,71,125,2599,15612
AAACGCTGGGCACGAC-1,0,70,126,2486,15414
TGTTCTCATACTATAG-1,0,71,127,2372,15611
TCCGCTGGGTCGATCG-1,0,72,0,16768,15856
TTAGCATCCCTCACGT-1,0,73,1,16654,16052
AGCCTTGTCACTGATA-1,0,72,2,16541,15855
GTTTCTTGTTAGAGCT-1,0,73,3,16427,16052
TCGGAGTCCTGGTTGC-1,0,72,4,16315,15854
ACGGGTTGTGACCTGT-1,0,73,5,16201,16051
TGACAGAAATCTTGCT-1,0,72,6,16088,15853
TAGCCATGATTGCCTA-1,0,73,7,15974,16050
CGAAGCCACAGCATGG-1,0,72,8,15861,15853
ACCCGTAGCAGAGAAT-1,0,73,9,15747,16050
AGCTTGATCAGGGTAG-1,0,72,10,15634,15852
CTATAAGTAGGGTTTG-1,0,73,11,15520,16049
TATAGTTAGGTGTACT-1,0,72,12,15408,15851
TACGCTGATAGTTGTA-1,0,73,13,15294,16048
TTCTCAATTGCTACAA-1,0,72,14,15181,15850
GTTGCCCTAACGGGTG-1,0,73,15,15067,16047
GACATTTCGCCCAGCC-1,0,72,16,14954,15850
GTAACTACGTAGACCT-1,0,73,17,14840,16047
CCAGTGTACAGACCGA-1,0,72,18,14728,15849
GCCCGATGCCCAGTTC-1,0,73,19,14614,16046
CGAACCTCTTTCCTAG-1,0,72,20,14501,15848
CATGCACATGAGAGGC-1,0,73,21,14387,16045
CCAAATCAAAGGGCAA-1,0,72,22,14274,15847
GTAGTTTAAGCACACG-1,0,73,23,14160,16044
TAAGTGAATAGTCTAC-1,0,72,24,14047,15847
GGTCCACGTCTATTTG-1,0,73,25,13933,16044
CCCTCAGATCGAGAAC-1,0,72,26,13821,15846
ACATTCGCGCGGAATA-1,0,73,27,13707,16043
CTATGAACACCTTGCC-1,0,72,28,13594,15845
CGAATGGTAGGTCGTC-1,0,73,29,13480,16042
TCGACATAGCGTAGCG-1,0,72,30,13367,15844
GACGTTGCTCGGCGGC-1,0,73,31,13253,16041
CTCGAGGCAAGTTTCA-1,0,72,32,13141,15844
GCTGGGAGCGCGTCAA-1,0,73,33,13027,16041
GACGATATCACTGGGT-1,0,72,34,12914,15843
CAGCTCTGGGCTCACT-1,0,73,35,12800,16040
TAGTCTGCGGCACATT-1,0,72,36,12687,15842
TGGTCGATATACCTCT-1,0,73,37,12573,16039
TTCAGTTCAAGAGGAG-1,0,72,38,12460,15841
GTCTGTAGGTTGAACA-1,0,73,39,12346,16038
GAGAGTCTCGGGAGAG-1,0,72,40,12234,15841
TTGTTTGTATTACACG-1,0,73,41,12120,16038
GCACAGCACGGGCCGA-1,0,72,42,12007,15840
AAACAGTGTTCCTGGG-1,0,73,43,11893,16037
TGGAGAATAATCGTCC-1,0,72,44,11780,15839
CGCCGCGTTCTGAACG-1,0,73,45,11666,16036
CATGCGTTGAGAGGAG-1,0,72,46,11554,15838
TACGCTCCTAGAACTG-1,0,73,47,11440,16035
CCTTGTGAACGTGGTT-1,0,72,48,11327,15838
TTAAAGGCGATGCTCG-1,0,73,49,11213,16035
TAAAGTGCACGTCTCG-1,0,72,50,11100,15837
TGTCCGCAAACAATTC-1,0,73,51,10986,16034
AGGCCTATCATACCAA-1,0,72,52,10873,15836
ACTGGGATGCCAGTGC-1,0,73,53,10759,16033
CGATCCACCATTGTTG-1,0,72,54,10647,15836
GGGCATGCATGTCGAG-1,0,73,55,10533,16032
TCCAGGCAGGACGATC-1,0,72,56,10420,15835
CAATGACCCTTAATTT-1,0,73,57,10306,16032
ATCAAGATCCCAGGAC-1,0,72,58,10193,15834
CTCAGAGCTAATGTCG-1,0,73,59,10079,16031
CTGCGATTTCGAGATT-1,0,72,60,9967,15833
ATGGTATTGGGAACCG-1,0,73,61,9853,16030
TAGGTTCTGCTGAGAA-1,0,72,62,9740,15833
GCCTGTCCCGGTGCAT-1,0,73,63,9626,16029
GGCCTGCTCTGATGTT-1,0,72,64,9513,15832
TAGAGGGAGTTTATCT-1,0,73,65,9399,16029
CTCTACATCCTGCGTG-1,0,72,66,9286,15831
ACACATTTCCGTAGAC-1,0,73,67,9172,16028
TGGGTGTTAAGTAGAA-1,0,72,68,9060,15830
GAGCTCAACATGAGCG-1,0,73,69,8946,16027
GCACACAGCTATTACC-1,0,72,70,8833,15830
GCGACGGTAGTCTCCT-1,0,73,71,8719,16026
GTATCAAGGTACTTCC-1,0,72,72,8606,15829
GGAAAGGGAATTGAGC-1,0,73,73,8492,16026
TACACAGCCGTGGTGC-1,0,72,74,8379,15828
CGGTTGGGCAGGGTCC-1,0,73,75,8265,16025
GCACGCCGATTCCCGC-1,0,72,76,8153,15827
CGCTTTCCGCCAAGGT-1,0,73,77,8039,16024
TGCCCGATAGTTAGAA-1,0,72,78,7926,15827
TCAGAACGGCGGTAAT-1,0,73,79,7812,16023
CCACTCAGATCCGCAA-1,0,72,80,7699,15826
GAAGGGTCATTAAGAC-1,0,73,81,7585,16023
GCGGTCTTGCTTTCAC-1,0,72,82,7473,15825
GGAAGGACACCGTATA-1,0,73,83,7359,16022
CGCGGGAATTCCTTTC-1,0,72,84,7246,15824
TCTATCCGATTGCACA-1,0,73,85,7132,16021
TACTCGTTTGAATCAA-1,0,72,86,7019,15824
GTCTGCCGACTCGACG-1,0,73,87,6905,16020
TACGGGTAATAACATA-1,0,72,88,6792,15823
CCAGTTCGGTAACTCA-1,0,73,89,6678,16020
CGTGCACACCACTGTA-1,0,72,90,6566,15822
CTTCAGTTGGACAACG-1,0,73,91,6452,16019
TGATCTATCACACTCT-1,0,72,92,6339,15821
TAGCAGATACTTAGGG-1,0,73,93,6225,16018
CACCGGGCATCACAAG-1,0,72,94,6112,15821
AGTGGCCCGCAAATGG-1,0,73,95,5998,16018
CTCGCTAGGTAAGCGA-1,0,72,96,5886,15820
GATAGATAGTACAGTC-1,0,73,97,5772,16017
CGAGACTACTGCTGCT-1,0,72,98,5659,15819
ACATTTGAAACCTAAC-1,0,73,99,5545,16016
GACACAGCCGGGACTG-1,0,72,100,5432,15818
ACGGAACACGAGTGCC-1,0,73,101,5318,16015
ACGCCAGTGCGTTTGC-1,0,72,102,5205,15818
GCACCTAGGCGAGTCC-1,0,73,103,5091,16015
TCACTATCCCTTCGGT-1,0,72,104,4979,15817
TGAGTGTAACAACGGG-1,0,73,105,4865,16014
ATTGGTTGTGCATTAC-1,0,72,106,4752,15816
CTGGCGATTTACATGT-1,0,73,107,4638,16013
TCCACCAAGACATAGG-1,0,72,108,4525,15815
AACGTCGCTGCACTTC-1,0,73,109,4411,16012
GTCTCCCGAGTCCCGT-1,0,72,110,4299,15815
AGCCCGCACTACAATG-1,0,73,111,4185,16012
GGCACGCTGCTACAGT-1,0,72,112,4072,15814
GCTTGAGTGACCTCTG-1,0,73,113,3958,16011
ATAGCCATAACAGTCA-1,0,72,114,3845,15813
TAGGAGGCTCGAGAAC-1,0,73,115,3731,16010
GTCGGGTGAAGTACCG-1,0,72,116,3618,15812
CACCCGCGTTTGACAC-1,0,73,117,3504,16009
TCTCAGGCTACTCGCT-1,0,72,118,3392,15812
TAGATTCTCTAGCAAA-1,0,73,119,3278,16009
CCCATTATTGTATCCT-1,0,72,120,3165,15811
GTTAATAGCGTCATTA-1,0,73,121,3051,16008
TACTCATTGACGCATC-1,0,72,122,2938,15810
TAGTGACAAGCTCTAC-1,0,73,123,2824,16007
ATCGCCGTGGTTCATG-1,0,72,124,2712,15809
CTGCTCTCAACACACC-1,0,73,125,2598,16006
GCATGACACAAAGGAA-1,0,72,126,2485,15809
CAACGATCGATCCAAT-1,0,73,127,2371,16006
ATACAGCGTCCACTGA-1,0,74,0,16767,16250
TCACGATTAATACGTT-1,0,75,1,16653,16447
CGTGAACTGACCCGAT-1,0,74,2,16540,16249
TCGATGTTACGGCCGT-1,0,75,3,16426,16446
GACCGGTGATACTCTC-1,0,74,4,16313,16249
TCTGTTTAGATTGTTC-1,0,75,5,16199,16445
GCTACTCGGACGCAGA-1,0,74,6,16087,16248
AAGAAAGTTTGATGGG-1,0,75,7,15973,16445
CGCCAGTAGTACCTTG-1,0,74,8,15860,16247
CTCCCTTGTATCAAGG-1,0,75,9,15746,16444
ACTTTATACACCACTT-1,0,74,10,15633,16246
AGATCTGGAGAGGATA-1,0,75,11,15519,16443
TCATCCATCTGATCAC-1,0,74,12,15406,16246
AGAACACGGCGATGGT-1,0,75,13,15292,16443
CCGCTCCGGATAAGCT-1,0,74,14,15180,16245
TGGTCGGGTACAGGGC-1,0,75,15,15066,16442
ACGGACGCAGCGACAA-1,0,74,16,14953,16244
ACATGCTTACGGCAGC-1,0,75,17,14839,16441
CAGGGAGATAGGCCAG-1,0,74,18,14726,16243
TCGCCACCCGGATTAC-1,0,75,19,14612,16440
TCTTGGTCAATGATAC-1,0,74,20,14500,16243
CATAGGGACACTTGTG-1,0,75,21,14386,16440
CACGAGCAAACCAGAC-1,0,74,22,14273,16242
GGGATATTGATCGCCA-1,0,75,23,14159,16439
TAATGTCGGTTCATGG-1,0,74,24,14046,16241
CGATTTGTCATTAATG-1,0,75,25,13932,16438
TTAAGATACCCAGAGA-1,0,74,26,13819,16240
CGACCGTTGGTATTCG-1,0,75,27,13705,16437
ACTACCATCCGAGGGC-1,0,74,28,13593,16240
TCTACGCACGATCTCC-1,0,75,29,13479,16437
AAGCCACTTGCAGGTA-1,0,74,30,13366,16239
ACGTTGTCGTTGAAAG-1,0,75,31,13252,16436
ACCGCTAGTCATTGGT-1,0,74,32,13139,16238
CATGAGTCCATCACGG-1,0,75,33,13025,16435
ATGTCTTGTTTGACTC-1,0,74,34,12913,16237
TCCCAAACATCCTCTA-1,0,75,35,12799,16434
CAACGCGATGAGCCAA-1,0,74,36,12686,16237
GACACCCAAAGACGCG-1,0,75,37,12572,16434
ACGTTCACTATGCCGC-1,0,74,38,12459,16236
ATGGACTGCTTAGTTG-1,0,75,39,12345,16433
CCATGGCAAACGCTCA-1,0,74,40,12232,16235
TTGTCTCGGCAAGATG-1,0,75,41,12118,16432
TTCGAACGAAACATGC-1,0,74,42,12006,16234
GGAAAGTCTTGATTGT-1,0,75,43,11892,16431
ATCATAGATCGACGAG-1,0,74,44,11779,16234
GATTAGAAACAAGCGT-1,0,75,45,11665,16431
GCTGCGAAGAATTATT-1,0,74,46,11552,16233
TTCCAGTGGGTTTCGT-1,0,75,47,11438,16430
GCTCATTGATCATATC-1,0,74,48,11326,16232
ATACGAGGTTTGTAAG-1,0,75,49,11212,16429
GTCTATACACGCATGG-1,0,74,50,11099,16232
GATTTGCGCTAACACC-1,0,75,51,10985,16428
TGGTGCCCTGCCTTAC-1,0,74,52,10872,16231
TCGAATCGCAGGGTAG-1,0,75,53,10758,16428
GGTAGGCCAATATCAC-1,0,74,54,10645,16230
CGTAAATAACAAAGGG-1,0,75,55,10531,16427
GACTCTAGAGTTCCAA-1,0,74,56,10419,16229
ACTTGTTACCGGATCA-1,0,75,57,10305,16426
GGCATTGAACATCTCA-1,0,74,58,10192,16229
AACCCGCTGTATTCCA-1,0,75,59,10078,16425
TAACAGGTTCCCTTAG-1,0,74,60,9965,16228
GTTCTTGTAACTCAAT-1,0,75,61,9851,16425
GATTCTGTTAATGAGT-1,0,74,62,9739,16227
GGACACCTCGGTGTTG-1,0,75,63,9625,16424
CGATCGAGAAGCACCA-1,0,74,64,9512,16226
CTGCTCTGACGGCAAA-1,0,75,65,9398,16423
CCCAGGAAGAATTCGA-1,0,74,66,9285,16226
TGTCGTGGGTATAGGC-1,0,75,67,9171,16422
ATATGTCTAGAGCGTG-1,0,74,68,9058,16225
GCGGGCAGACGGGTGA-1,0,75,69,8944,16422
CGAAGATCAGTTTCAT-1,0,74,70,8832,16224
ACGCCACTCGAAACAG-1,0,75,71,8718,16421
CTTAGATGTTTCATCC-1,0,74,72,8605,16223
GCGAATGGACTAGCGA-1,0,75,73,8491,16420
TAAATTGTGGGTAAAG-1,0,74,74,8378,16223
ATTTATACTGGTAAAG-1,0,75,75,8264,16419
GCGTCGTAACATGGTC-1,0,74,76,8151,16222
CGGTATGGGCACTCTG-1,0,75,77,8037,16419
CTATCACAACGCTGGA-1,0,74,78,7925,16221
ACCACACGGTTGATGG-1,0,75,79,7811,16418
TCAGCGCACGCCGTTT-1,0,74,80,7698,16220
AATGTTAAGACCCTGA-1,0,75,81,7584,16417
CTTACATAGATTTCTT-1,0,74,82,7471,16220
AACATAGCGTGTATCG-1,0,75,83,7357,16416
AGCAGTCGAAGCATGC-1,0,74,84,7245,16219
GTACTACGGCCTCGTT-1,0,75,85,7131,16416
TTGGCCAAATTGTATC-1,0,74,86,7018,16218
TCAGAGGACGCGTTAG-1,0,75,87,6904,16415
AGTAATCTAAGGGTGG-1,0,74,88,6791,16217
AATTATACCCAGCAAG-1,0,75,89,6677,16414
CCCTACCCACACCCAG-1,0,74,90,6564,16217
CTCTGTCCATGCACCA-1,0,75,91,6450,16413
TCGCCTCCTTCGGCTC-1,0,74,92,6338,16216
CCTGATTCGCGAAGAA-1,0,75,93,6224,16413
GACTTCAACGCATCAA-1,0,74,94,6111,16215
GCTTCCCGTAAGCTCC-1,0,75,95,5997,16412
AGAACTGTACTTTGTA-1,0,74,96,5884,16214
CCTTAAGTACGCAATT-1,0,75,97,5770,16411
GGCCAATTGTATAGAC-1,0,74,98,5658,16214
AGAATACAGGCTATCC-1,0,75,99,5544,16411
AATACCTGATGTGAAC-1,0,74,100,5431,16213
TAGAGTGTTCCGGGTA-1,0,75,101,5317,16410
GCTTCCATGTAACCGC-1,0,74,102,5204,16212
GGTTCGCATTTGCCGT-1,0,75,103,5090,16409
TCAATCCGGGAAGTTT-1,0,74,104,4977,16211
CCGGAAGTGCAATATG-1,0,75,105,4863,16408
CTCATAAATGTGTATA-1,0,74,106,4751,16211
GACGGGCATCGAATTT-1,0,75,107,4637,16408
GCTAAGCCCAGTATGC-1,0,74,108,4524,16210
GCTATAAGGGCCAGGA-1,0,75,109,4410,16407
GCGGATTACTTGTTCT-1,0,74,110,4297,16209
TACAACAGCGCATACA-1,0,75,111,4183,16406
TCTAACCTAGCCTGCG-1,0,74,112,4071,16208
TCTACCCGCATCATTT-1,0,75,113,3957,16405
GTCTTACCACGCCAAG-1,0,74,114,3844,16208
AATAACGTCGCGCCCA-1,0,75,115,3730,16405
CGTTTCGGTTATATGC-1,0,74,116,3617,16207
TACGCTGCACGGTCGT-1,0,75,117,3503,16404
CGTTAAATACGACCAG-1,0,74,118,3390,16206
TCGACTGACGATGGCT-1,0,75,119,3276,16403
ACGCTACTGAATGGGC-1,0,74,120,3164,16205
AAGGGTTAGCCATGCG-1,0,75,121,3050,16402
ACGTTTCGGTGCACTT-1,0,74,122,2937,16205
TTAACCCGAGGCGTGT-1,0,75,123,2823,16402
GCCCGTCAAGCCCAAT-1,0,74,124,2710,16204
ATTCGTCCCGAGGTTA-1,0,75,125,2596,16401
TCAAATTATGTTCGAC-1,0,74,126,2484,16203
AACGTTCTACCATTGT-1,0,75,127,2370,16400
CTGTCCTGCGCACTAC-1,0,76,0,16765,16645
GCCCAGCGACACAAAG-1,0,77,1,16651,16841
TATAGCTATTATCTCT-1,0,76,2,16539,16644
AAGCTATGGATTGACC-1,0,77,3,16425,16841
CCGAAACACGACCTCT-1,0,76,4,16312,16643
ATCAGAAGCTGGTTGC-1,0,77,5,16198,16840
TGAACCTGAATGTGAG-1,0,76,6,16085,16642
TCAGAGCATGTCAACG-1,0,77,7,15971,16839
ATACCCTCCCGGCCAA-1,0,76,8,15859,16642
GCCACCTTATTCGCGA-1,0,77,9,15745,16839
CAACGAGCTTATTATG-1,0,76,10,15632,16641
GATCCAACCTTTAAAC-1,0,77,11,15518,16838
TTGTGGAGACAGCCGG-1,0,76,12,15405,16640
AGATAATCACACCTAT-1,0,77,13,15291,16837
GGTTAGGGATGCTAAT-1,0,76,14,15178,16639
TCATGAAGCGCTGCAT-1,0,77,15,15064,16836
CCAGGCGAGATGGTCT-1,0,76,16,14952,16639
CGACTTGCCGGGAAAT-1,0,77,17,14838,16836
GTGCCAAACGTTTCGA-1,0,76,18,14725,16638
TGCTCAAAGGATGCAC-1,0,77,19,14611,16835
GCCTCAGGTACCGGTC-1,0,76,20,14498,16637
ACAAGTAATTGTAAGG-1,0,77,21,14384,16834
TTAGAGTATTGTCGAG-1,0,76,22,14272,16636
GTCATCCCAAACTCAC-1,0,77,23,14158,16833
CTCCTAGTAATCGTGA-1,0,76,24,14045,16636
CCCTCATCACAGAGTA-1,0,77,25,13931,16833
GGAAACAGAGCTTGGG-1,0,76,26,13818,16635
ACATCGCAATATTCGG-1,0,77,27,13704,16832
TTAGCCATAGGGCTCG-1,0,76,28,13591,16634
CGGATTCTGCCTTATG-1,0,77,29,13477,16831
TTGTTGGCAATGACTG-1,0,76,30,13365,16633
GGATCTACCGTTCGTC-1,0,77,31,13251,16830
GGTGGGATTAGGTCCC-1,0,76,32,13138,16633
AATAGGCACGACCCTT-1,0,77,33,13024,16830
GAGGTCCGTTCGCTGT-1,0,76,34,12911,16632
TGACAACTTAAAGGTG-1,0,77,35,12797,16829
AGCTAAGCTCCGTCCG-1,0,76,36,12685,16631
CTAGCCCGGGAGACGA-1,0,77,37,12571,16828
CCCAGATTCCCGTGAC-1,0,76,38,12458,16630
GCCCGTTCACACAATT-1,0,77,39,12344,16827
ACAAACTCCATCAGAG-1,0,76,40,12231,16630
GGTTCCGTACGACTAA-1,0,77,41,12117,16827
TTGCGGAAAGCTGCCC-1,0,76,42,12004,16629
GGAACTCGTGAATACG-1,0,77,43,11890,16826
GGTTACCGCTCCCTAC-1,0,76,44,11778,16628
AGCGACTTTGAAGACA-1,0,77,45,11664,16825
CCGTTTCCTTTCCGTG-1,0,76,46,11551,16627
TGGATGGCATCTTGGA-1,0,77,47,11437,16824
CAAGTCGTTGAAATCT-1,0,76,48,11324,16627
TGCAAACGTACTAGTT-1,0,77,49,11210,16824
GGCTGTCCTACTGCGG-1,0,76,50,11098,16626
TACTGCATGATTAAAT-1,0,77,51,10984,16823
CGGACCTCTGTAGTTA-1,0,76,52,10871,16625
CCCTAGCTCTAAGGTC-1,0,77,53,10757,16822
GTAACAGGTTAACGGC-1,0,76,54,10644,16625
CCCGCAAATAATCATC-1,0,77,55,10530,16821
AATCCCGCTCAGAGCC-1,0,76,56,10417,16624
AACGTCATCCGGCTTG-1,0,77,57,10303,16821
CTCGTGGCACTGAAAG-1,0,76,58,10191,16623
CTTTATCCGACGCATG-1,0,77,59,10077,16820
AAATGACTGATCAAAC-1,0,76,60,9964,16622
TTCGTGCATGTTATAG-1,0,77,61,9850,16819
ATCAAAGAGCCGTGGT-1,0,76,62,9737,16622
ATGTCATAATAAACGA-1,0,77,63,9623,16818
CTTAATCGACTTAGTA-1,0,76,64,9510,16621
CTAAAGGATGAGATAC-1,0,77,65,9396,16818
GTGCTATCCAGCTGGA-1,0,76,66,9284,16620
GACAGAGGTCTTCAGT-1,0,77,67,9170,16817
TCGATTTACGAAACGA-1,0,76,68,9057,16619
AGGCTTAAGTTGCACA-1,0,77,69,8943,16816
TAGGATCTTAACCGCA-1,0,76,70,8830,16619
GACTTTCGAGCGGTTC-1,0,77,71,8716,16815
CCCTGGGAGGGATCCT-1,0,76,72,8604,16618
TAGTAGTTGCCGGACA-1,0,77,73,8490,16815
GCCCTAAGTGCAGGAT-1,0,76,74,8377,16617
ACTTGGGCTTTCGCCA-1,0,77,75,8263,16814
CATGATACGGTGAAAC-1,0,76,76,8150,16616
TCCTGCAGCCGCCAAT-1,0,77,77,8036,16813
GTCCGTTAGAGGGCCT-1,0,76,78,7923,16616
GCTTTATTAAGTTACC-1,0,77,79,7809,16812
AATCGAGGTCTCAAGG-1,0,76,80,7697,16615
GTGCTGTTAGAACATA-1,0,77,81,7583,16812
GGCTTCTCGTGGGTGG-1,0,76,82,7470,16614
CCTACAGTTGAGGGAG-1,0,77,83,7356,16811
TATCCCTCGATCTGCA-1,0,76,84,7243,16613
CCGGTATCTGGCGACT-1,0,77,85,7129,16810
CTCTAACACCGGCAGC-1,0,76,86,7017,16613
CTTCATCACCAGGGCT-1,0,77,87,6903,16809
GGCTGGCAATCCCACG-1,0,76,88,6790,16612
CAAACCATAAGCGTAT-1,0,77,89,6676,16809
CATGTGGGCTCATCAC-1,0,76,90,6563,16611
CCCGTGACAGTGCCTT-1,0,77,91,6449,16808
GATTATCTTGCATTAT-1,0,76,92,6336,16610
GAGTCCACCAGGTTTA-1,0,77,93,6222,16807
TGTACTATCGCTCGTT-1,0,76,94,6110,16610
TTAGCGAATAGATAGG-1,0,77,95,5996,16806
ACATACAATCAAGCGG-1,0,76,96,5883,16609
ATTCGTGTACCCATTC-1,0,77,97,5769,16806
GCTAGCAACGCACCTA-1,0,76,98,5656,16608
ACCTCAGCGAGGCGCA-1,0,77,99,5542,16805
TCCGGGCCACTAACGG-1,0,76,100,5430,16607
TCCCAATATCGACGAC-1,0,77,101,5316,16804
GGATTGAAGTAGCCTC-1,0,76,102,5203,16607
GGCGCACAGTTTACCT-1,0,77,103,5089,16804
CCCGGCACGTGTCAGG-1,0,76,104,4976,16606
AGTAAGGGACAGAATC-1,0,77,105,4862,16803
TTGCGCACAACCACGT-1,0,76,106,4749,16605
CCTGCTACAACCATAC-1,0,77,107,4635,16802
CTGGGCTACTGGAGAG-1,0,76,108,4523,16604
AGCTACGAATGGTGGT-1,0,77,109,4409,16801
ATTCGTTTATCGTATT-1,0,76,110,4296,16604
GGCATTCCCTCCCTCG-1,0,77,111,4182,16801
AGTTATTCAGACTGTG-1,0,76,112,4069,16603
CCACTTTCCTTCTAGG-1,0,77,113,3955,16800
CGCAGTTCTATCTTTC-1,0,76,114,3843,16602
AGGAGCGTTTATTATC-1,0,77,115,3729,16799
GACAGGTAATCCGTGT-1,0,76,116,3616,16601
TTCCCAAAGTACTGAT-1,0,77,117,3502,16798
CTGCAGGGTGACGCTC-1,0,76,118,3389,16601
TCATGGAGGCCTTTGT-1,0,77,119,3275,16798
ATGGCCCGAAAGGTTA-1,0,76,120,3162,16600
CGTAATATGGCCCTTG-1,0,77,121,3048,16797
AGAGTCTTAATGAAAG-1,0,76,122,2936,16599
GAACGTTTGTATCCAC-1,0,77,123,2822,16796
ATTGAATTCCCTGTAG-1,0,76,124,2709,16598
TACCTCACCAATTGTA-1,0,77,125,2595,16795
AGTCGAATTAGCGTAA-1,0,76,126,2482,16598
TTGAAGTGCATCTACA-1,0,77,127,2368,16795
